begin_utc,begin_lokaal,eind_lokaal,isp,prijs_tekort,prijs_overschot,prijs_opregelen,prijs_afregelen,regeltoestand,regelconditie,noodreserve_op,noodreserve_af,opgehaald_op
2021-03-01T00:00:00Z,2021-03-01T01:00,2021-03-01T01:15,5,36.86,36.86,,36.86,-1,DOWN,NO,NO,2026-10-09T00:05:31Z
2021-03-01T00:15:00Z,2021-03-01T01:15,2021-03-01T01:30,6,32.86,32.86,,32.86,-1,DOWN,NO,NO,2026-10-09T00:05:31Z
2021-03-01T00:30:00Z,2021-03-01T01:30,2021-03-01T01:45,7,37.84,37.84,,37.84,-1,DOWN,NO,NO,2026-10-09T00:05:31Z
2021-03-01T00:45:00Z,2021-03-01T01:45,2021-03-01T02:00,8,36.34,36.34,,36.34,-1,DOWN,NO,NO,2026-10-09T00:05:31Z
2021-03-01T01:00:00Z,2021-03-01T02:00,2021-03-01T02:15,9,39.48,39.48,,,0,STABLE,NO,NO,2026-10-09T00:05:31Z
2021-03-01T01:15:00Z,2021-03-01T02:15,2021-03-01T02:30,10,39.47,39.47,,,0,STABLE,NO,NO,2026-10-09T00:05:31Z
2021-03-01T01:30:00Z,2021-03-01T02:30,2021-03-01T02:45,11,39.48,39.48,,,0,STABLE,NO,NO,2026-10-09T00:05:31Z
2021-03-01T01:45:00Z,2021-03-01T02:45,2021-03-01T03:00,12,39.48,39.48,,,0,STABLE,NO,NO,2026-10-09T00:05:31Z
2021-03-01T02:00:00Z,2021-03-01T03:00,2021-03-01T03:15,13,39.47,39.47,,,0,STABLE,NO,NO,2026-10-09T00:05:31Z
2021-03-01T02:15:00Z,2021-03-01T03:15,2021-03-01T03:30,14,39.47,39.47,,,0,STABLE,NO,NO,2026-10-09T00:05:31Z
2021-03-01T02:30:00Z,2021-03-01T03:30,2021-03-01T03:45,15,39.47,39.47,,,0,STABLE,NO,NO,2026-10-09T00:05:31Z
2021-03-01T02:45:00Z,2021-03-01T03:45,2021-03-01T04:00,16,38.5,38.5,,38.5,-1,DOWN,NO,NO,2026-10-09T00:05:31Z
2021-03-01T03:00:00Z,2021-03-01T04:00,2021-03-01T04:15,17,38.97,38.97,38.97,,1,UP,NO,NO,2026-10-09T00:05:31Z
2021-03-01T03:15:00Z,2021-03-01T04:15,2021-03-01T04:30,18,38.99,38.99,38.99,,1,UP,NO,NO,2026-10-09T00:05:31Z
2021-03-01T03:30:00Z,2021-03-01T04:30,2021-03-01T04:45,19,38.99,38.99,38.99,,1,UP,NO,NO,2026-10-09T00:05:31Z
2021-03-01T03:45:00Z,2021-03-01T04:45,2021-03-01T05:00,20,42.57,42.57,42.57,,1,UP,NO,NO,2026-10-09T00:05:31Z
2021-03-01T04:00:00Z,2021-03-01T05:00,2021-03-01T05:15,21,46.5,46.5,46.5,,1,UP,NO,NO,2026-10-09T00:05:31Z
2021-03-01T04:15:00Z,2021-03-01T05:15,2021-03-01T05:30,22,39.8,39.8,,,0,STABLE,NO,NO,2026-10-09T00:05:31Z
2021-03-01T04:30:00Z,2021-03-01T05:30,2021-03-01T05:45,23,40.52,40.52,40.52,,1,UP,NO,NO,2026-10-09T00:05:31Z
2021-03-01T04:45:00Z,2021-03-01T05:45,2021-03-01T06:00,24,64.94,64.94,64.94,,1,UP,NO,NO,2026-10-09T00:05:31Z
2021-03-01T05:00:00Z,2021-03-01T06:00,2021-03-01T06:15,25,40.06,40.06,45.6,40.06,-1,DOWN,NO,NO,2026-10-09T00:05:31Z
2021-03-01T05:15:00Z,2021-03-01T06:15,2021-03-01T06:30,26,39.83,39.83,,,0,STABLE,NO,NO,2026-10-09T00:05:31Z
2021-03-01T05:30:00Z,2021-03-01T06:30,2021-03-01T06:45,27,94.72,94.72,94.72,,1,UP,NO,NO,2026-10-09T00:05:31Z
2021-03-01T05:45:00Z,2021-03-01T06:45,2021-03-01T07:00,28,270.5,270.5,270.5,,1,UP,NO,NO,2026-10-09T00:05:31Z
2021-03-01T06:00:00Z,2021-03-01T07:00,2021-03-01T07:15,29,55.09,55.09,55.09,,1,UP,NO,NO,2026-10-09T00:05:31Z
2021-03-01T06:15:00Z,2021-03-01T07:15,2021-03-01T07:30,30,68.09,68.09,68.09,,1,UP,NO,NO,2026-10-09T00:05:31Z
2021-03-01T06:30:00Z,2021-03-01T07:30,2021-03-01T07:45,31,270.5,270.5,270.5,,1,UP,NO,NO,2026-10-09T00:05:31Z
2021-03-01T06:45:00Z,2021-03-01T07:45,2021-03-01T08:00,32,270.5,270.5,270.5,,1,UP,NO,NO,2026-10-09T00:05:31Z
2021-03-01T07:00:00Z,2021-03-01T08:00,2021-03-01T08:15,33,86.38,86.38,86.38,,1,UP,NO,NO,2026-10-09T00:05:31Z
2021-03-01T07:15:00Z,2021-03-01T08:15,2021-03-01T08:30,34,416.38,416.38,416.38,,1,UP,NO,NO,2026-10-09T00:05:31Z
2021-03-01T07:30:00Z,2021-03-01T08:30,2021-03-01T08:45,35,46.38,46.38,46.38,,1,UP,NO,NO,2026-10-09T00:05:31Z
2021-03-01T07:45:00Z,2021-03-01T08:45,2021-03-01T09:00,36,46.38,46.38,46.38,,1,UP,NO,NO,2026-10-09T00:05:31Z
2021-03-01T08:00:00Z,2021-03-01T09:00,2021-03-01T09:15,37,229.16,229.16,229.16,,1,UP,NO,NO,2026-10-09T00:05:31Z
2021-03-01T08:15:00Z,2021-03-01T09:15,2021-03-01T09:30,38,39.6,39.6,39.6,,1,UP,NO,NO,2026-10-09T00:05:31Z
2021-03-01T08:30:00Z,2021-03-01T09:30,2021-03-01T09:45,39,39.83,39.83,,,0,STABLE,NO,NO,2026-10-09T00:05:31Z
2021-03-01T08:45:00Z,2021-03-01T09:45,2021-03-01T10:00,40,39.83,39.83,,,0,STABLE,NO,NO,2026-10-09T00:05:31Z
2021-03-01T09:00:00Z,2021-03-01T10:00,2021-03-01T10:15,41,270.5,270.5,270.5,,1,UP,NO,NO,2026-10-09T00:05:31Z
2021-03-01T09:15:00Z,2021-03-01T10:15,2021-03-01T10:30,42,40.94,40.94,40.94,,1,UP,NO,NO,2026-10-09T00:05:31Z
2021-03-01T09:30:00Z,2021-03-01T10:30,2021-03-01T10:45,43,41.5,41.5,41.5,,1,UP,NO,NO,2026-10-09T00:05:31Z
2021-03-01T09:45:00Z,2021-03-01T10:45,2021-03-01T11:00,44,39.69,39.69,,,0,STABLE,NO,NO,2026-10-09T00:05:31Z
2021-03-01T10:00:00Z,2021-03-01T11:00,2021-03-01T11:15,45,70.88,70.88,70.88,,1,UP,NO,NO,2026-10-09T00:05:31Z
2021-03-01T10:15:00Z,2021-03-01T11:15,2021-03-01T11:30,46,42.6,42.6,42.6,,1,UP,NO,NO,2026-10-09T00:05:31Z
2021-03-01T10:30:00Z,2021-03-01T11:30,2021-03-01T11:45,47,42.4,42.4,42.4,,1,UP,NO,NO,2026-10-09T00:05:31Z
2021-03-01T10:45:00Z,2021-03-01T11:45,2021-03-01T12:00,48,43.36,43.36,43.36,,1,UP,NO,NO,2026-10-09T00:05:31Z
2021-03-01T11:00:00Z,2021-03-01T12:00,2021-03-01T12:15,49,63.44,63.44,63.44,,1,UP,NO,NO,2026-10-09T00:05:31Z
2021-03-01T11:15:00Z,2021-03-01T12:15,2021-03-01T12:30,50,33.6,33.6,42.6,33.6,-1,DOWN,NO,NO,2026-10-09T00:05:31Z
2021-03-01T11:30:00Z,2021-03-01T12:30,2021-03-01T12:45,51,8.38,8.38,,8.38,-1,DOWN,NO,NO,2026-10-09T00:05:31Z
2021-03-01T11:45:00Z,2021-03-01T12:45,2021-03-01T13:00,52,8.38,8.38,,8.38,-1,DOWN,NO,NO,2026-10-09T00:05:31Z
2021-03-01T12:00:00Z,2021-03-01T13:00,2021-03-01T13:15,53,103.58,25.8,103.58,25.8,2,UP_AND_DOWN,NO,NO,2026-10-09T00:05:31Z
2021-03-01T12:15:00Z,2021-03-01T13:15,2021-03-01T13:30,54,-4.77,-4.77,43.36,-4.77,-1,DOWN,NO,NO,2026-10-09T00:05:31Z
2021-03-01T12:30:00Z,2021-03-01T13:30,2021-03-01T13:45,55,-4.13,-4.13,,-4.13,-1,DOWN,NO,NO,2026-10-09T00:05:31Z
2021-03-01T12:45:00Z,2021-03-01T13:45,2021-03-01T14:00,56,-75.22,-75.22,,-75.22,-1,DOWN,NO,NO,2026-10-09T00:05:31Z
2021-03-01T13:00:00Z,2021-03-01T14:00,2021-03-01T14:15,57,14,14,,14,-1,DOWN,NO,NO,2026-10-09T00:05:31Z
2021-03-01T13:15:00Z,2021-03-01T14:15,2021-03-01T14:30,58,20.89,20.89,,20.89,-1,DOWN,NO,NO,2026-10-09T00:05:31Z
2021-03-01T13:30:00Z,2021-03-01T14:30,2021-03-01T14:45,59,15.03,15.03,,15.03,-1,DOWN,NO,NO,2026-10-09T00:05:31Z
2021-03-01T13:45:00Z,2021-03-01T14:45,2021-03-01T15:00,60,30.88,30.88,,30.88,-1,DOWN,NO,NO,2026-10-09T00:05:31Z
2021-03-01T14:00:00Z,2021-03-01T15:00,2021-03-01T15:15,61,25.23,25.23,,25.23,-1,DOWN,NO,NO,2026-10-09T00:05:31Z
2021-03-01T14:15:00Z,2021-03-01T15:15,2021-03-01T15:30,62,30.87,30.87,,30.87,-1,DOWN,NO,NO,2026-10-09T00:05:31Z
2021-03-01T14:30:00Z,2021-03-01T15:30,2021-03-01T15:45,63,46.36,46.36,46.36,30.87,1,UP,NO,NO,2026-10-09T00:05:31Z
2021-03-01T14:45:00Z,2021-03-01T15:45,2021-03-01T16:00,64,49.6,49.6,49.6,,1,UP,NO,NO,2026-10-09T00:05:31Z
2021-03-01T15:00:00Z,2021-03-01T16:00,2021-03-01T16:15,65,-19.6,-19.6,49.6,-19.6,-1,DOWN,NO,NO,2026-10-09T00:05:31Z
2021-03-01T15:15:00Z,2021-03-01T16:15,2021-03-01T16:30,66,38.97,38.97,38.97,31.36,1,UP,NO,NO,2026-10-09T00:05:31Z
2021-03-01T15:30:00Z,2021-03-01T16:30,2021-03-01T16:45,67,38.98,38.98,38.98,31.36,1,UP,NO,NO,2026-10-09T00:05:31Z
2021-03-01T15:45:00Z,2021-03-01T16:45,2021-03-01T17:00,68,52.52,52.52,52.52,,1,UP,NO,NO,2026-10-09T00:05:31Z
2021-03-01T16:00:00Z,2021-03-01T17:00,2021-03-01T17:15,69,37.94,37.94,37.94,,1,UP,NO,NO,2026-10-09T00:05:31Z
2021-03-01T16:15:00Z,2021-03-01T17:15,2021-03-01T17:30,70,40.1,40.1,40.1,,1,UP,NO,NO,2026-10-09T00:05:31Z
2021-03-01T16:30:00Z,2021-03-01T17:30,2021-03-01T17:45,71,120.25,120.25,120.25,,1,UP,NO,NO,2026-10-09T00:05:31Z
2021-03-01T16:45:00Z,2021-03-01T17:45,2021-03-01T18:00,72,405.25,405.25,405.25,,1,UP,NO,NO,2026-10-09T00:05:31Z
2021-03-01T17:00:00Z,2021-03-01T18:00,2021-03-01T18:15,73,136.6,136.6,136.6,,1,UP,NO,NO,2026-10-09T00:05:31Z
2021-03-01T17:15:00Z,2021-03-01T18:15,2021-03-01T18:30,74,71.49,34.73,71.49,34.73,2,UP_AND_DOWN,NO,NO,2026-10-09T00:05:31Z
2021-03-01T17:30:00Z,2021-03-01T18:30,2021-03-01T18:45,75,133.49,133.49,133.49,,1,UP,NO,NO,2026-10-09T00:05:31Z
2021-03-01T17:45:00Z,2021-03-01T18:45,2021-03-01T19:00,76,418.49,418.49,418.49,,1,UP,NO,NO,2026-10-09T00:05:31Z
2021-03-01T18:00:00Z,2021-03-01T19:00,2021-03-01T19:15,77,39.84,39.84,46.42,39.84,-1,DOWN,NO,NO,2026-10-09T00:05:31Z
2021-03-01T18:15:00Z,2021-03-01T19:15,2021-03-01T19:30,78,38.45,38.45,,38.45,-1,DOWN,NO,NO,2026-10-09T00:05:31Z
2021-03-01T18:30:00Z,2021-03-01T19:30,2021-03-01T19:45,79,36.43,36.43,,36.43,-1,DOWN,NO,NO,2026-10-09T00:05:31Z
2021-03-01T18:45:00Z,2021-03-01T19:45,2021-03-01T20:00,80,34.93,34.93,,34.93,-1,DOWN,NO,NO,2026-10-09T00:05:31Z
2021-03-01T19:00:00Z,2021-03-01T20:00,2021-03-01T20:15,81,36.59,36.59,,36.59,-1,DOWN,NO,NO,2026-10-09T00:05:31Z
2021-03-01T19:15:00Z,2021-03-01T20:15,2021-03-01T20:30,82,30.6,30.6,,30.6,-1,DOWN,NO,NO,2026-10-09T00:05:31Z
2021-03-01T19:30:00Z,2021-03-01T20:30,2021-03-01T20:45,83,21.16,21.16,,21.16,-1,DOWN,NO,NO,2026-10-09T00:05:31Z
2021-03-01T19:45:00Z,2021-03-01T20:45,2021-03-01T21:00,84,5.6,5.6,,5.6,-1,DOWN,NO,NO,2026-10-09T00:05:31Z
2021-03-01T20:00:00Z,2021-03-01T21:00,2021-03-01T21:15,85,43.32,33.91,43.32,33.91,2,UP_AND_DOWN,NO,NO,2026-10-09T00:05:31Z
2021-03-01T20:15:00Z,2021-03-01T21:15,2021-03-01T21:30,86,27.6,27.6,,27.6,-1,DOWN,NO,NO,2026-10-09T00:05:31Z
2021-03-01T20:30:00Z,2021-03-01T21:30,2021-03-01T21:45,87,22.6,22.6,,22.6,-1,DOWN,NO,NO,2026-10-09T00:05:31Z
2021-03-01T20:45:00Z,2021-03-01T21:45,2021-03-01T22:00,88,18,18,,18,-1,DOWN,NO,NO,2026-10-09T00:05:31Z
2021-03-01T21:00:00Z,2021-03-01T22:00,2021-03-01T22:15,89,44.63,27.6,44.63,27.6,2,UP_AND_DOWN,NO,NO,2026-10-09T00:05:31Z
2021-03-01T21:15:00Z,2021-03-01T22:15,2021-03-01T22:30,90,36.54,36.54,44.63,36.54,-1,DOWN,NO,NO,2026-10-09T00:05:31Z
2021-03-01T21:30:00Z,2021-03-01T22:30,2021-03-01T22:45,91,27.6,27.6,,27.6,-1,DOWN,NO,NO,2026-10-09T00:05:31Z
2021-03-01T21:45:00Z,2021-03-01T22:45,2021-03-01T23:00,92,21.38,21.38,,21.38,-1,DOWN,NO,NO,2026-10-09T00:05:31Z
2021-03-01T22:00:00Z,2021-03-01T23:00,2021-03-01T23:15,93,30.6,30.6,,30.6,-1,DOWN,NO,NO,2026-10-09T00:05:31Z
2021-03-01T22:15:00Z,2021-03-01T23:15,2021-03-01T23:30,94,35.79,35.79,,35.79,-1,DOWN,NO,NO,2026-10-09T00:05:31Z
2021-03-01T22:30:00Z,2021-03-01T23:30,2021-03-01T23:45,95,30.6,30.6,,30.6,-1,DOWN,NO,NO,2026-10-09T00:05:31Z
2021-03-01T22:45:00Z,2021-03-01T23:45,2021-03-02T00:00,96,30,30,,30,-1,DOWN,NO,NO,2026-10-09T00:05:31Z
2021-03-01T23:00:00Z,2021-03-02T00:00,2021-03-02T00:15,1,44.28,34.97,44.28,35.29,2,UP_AND_DOWN,NO,NO,2026-10-09T00:05:31Z
2021-03-01T23:15:00Z,2021-03-02T00:15,2021-03-02T00:30,2,39.66,39.66,39.66,35.29,1,UP,NO,NO,2026-10-09T00:05:31Z
2021-03-01T23:30:00Z,2021-03-02T00:30,2021-03-02T00:45,3,30,30,30,,1,UP,NO,NO,2026-10-09T00:05:31Z
2021-03-01T23:45:00Z,2021-03-02T00:45,2021-03-02T01:00,4,34.97,34.97,,,0,STABLE,NO,NO,2026-10-09T00:05:31Z
2021-03-02T00:00:00Z,2021-03-02T01:00,2021-03-02T01:15,5,52,52,52,,1,UP,NO,NO,2026-10-09T00:05:31Z
2021-03-02T00:15:00Z,2021-03-02T01:15,2021-03-02T01:30,6,46.73,46.73,46.73,,1,UP,NO,NO,2026-10-09T00:05:31Z
2021-03-02T00:30:00Z,2021-03-02T01:30,2021-03-02T01:45,7,50.58,50.58,50.58,,1,UP,NO,NO,2026-10-09T00:05:31Z
2021-03-02T00:45:00Z,2021-03-02T01:45,2021-03-02T02:00,8,41.9,41.9,41.9,,1,UP,NO,NO,2026-10-09T00:05:31Z
2021-03-02T01:00:00Z,2021-03-02T02:00,2021-03-02T02:15,9,55,55,55,,1,UP,NO,NO,2026-10-09T00:05:31Z
2021-03-02T01:15:00Z,2021-03-02T02:15,2021-03-02T02:30,10,82.82,82.82,82.82,,1,UP,NO,NO,2026-10-09T00:05:31Z
2021-03-02T01:30:00Z,2021-03-02T02:30,2021-03-02T02:45,11,55,55,55,,1,UP,NO,NO,2026-10-09T00:05:31Z
2021-03-02T01:45:00Z,2021-03-02T02:45,2021-03-02T03:00,12,55,55,55,,1,UP,NO,NO,2026-10-09T00:05:31Z
2021-03-02T02:00:00Z,2021-03-02T03:00,2021-03-02T03:15,13,39.75,39.75,39.75,,1,UP,NO,NO,2026-10-09T00:05:31Z
2021-03-02T02:15:00Z,2021-03-02T03:15,2021-03-02T03:30,14,39.96,39.96,,,0,STABLE,NO,NO,2026-10-09T00:05:31Z
2021-03-02T02:30:00Z,2021-03-02T03:30,2021-03-02T03:45,15,39.96,39.96,,,0,STABLE,NO,NO,2026-10-09T00:05:31Z
2021-03-02T02:45:00Z,2021-03-02T03:45,2021-03-02T04:00,16,39.95,39.95,,,0,STABLE,NO,NO,2026-10-09T00:05:31Z
2021-03-02T03:00:00Z,2021-03-02T04:00,2021-03-02T04:15,17,41.28,41.28,41.28,,1,UP,NO,NO,2026-10-09T00:05:31Z
2021-03-02T03:15:00Z,2021-03-02T04:15,2021-03-02T04:30,18,44.15,44.15,44.15,,1,UP,NO,NO,2026-10-09T00:05:31Z
2021-03-02T03:30:00Z,2021-03-02T04:30,2021-03-02T04:45,19,39.94,39.94,,,0,STABLE,NO,NO,2026-10-09T00:05:31Z
2021-03-02T03:45:00Z,2021-03-02T04:45,2021-03-02T05:00,20,39.65,39.65,39.65,,1,UP,NO,NO,2026-10-09T00:05:31Z
2021-03-02T04:00:00Z,2021-03-02T05:00,2021-03-02T05:15,21,47.77,47.77,47.77,,1,UP,NO,NO,2026-10-09T00:05:31Z
2021-03-02T04:15:00Z,2021-03-02T05:15,2021-03-02T05:30,22,40.16,40.16,47.77,40.16,-1,DOWN,NO,NO,2026-10-09T00:05:31Z
2021-03-02T04:30:00Z,2021-03-02T05:30,2021-03-02T05:45,23,53.19,53.19,,53.19,-1,DOWN,NO,NO,2026-10-09T00:05:31Z
2021-03-02T04:45:00Z,2021-03-02T05:45,2021-03-02T06:00,24,41.9,41.9,41.9,,1,UP,NO,NO,2026-10-09T00:05:31Z
2021-03-02T05:00:00Z,2021-03-02T06:00,2021-03-02T06:15,25,14.59,14.59,41.9,14.59,-1,DOWN,NO,NO,2026-10-09T00:05:31Z
2021-03-02T05:15:00Z,2021-03-02T06:15,2021-03-02T06:30,26,34.65,34.65,,34.65,-1,DOWN,NO,NO,2026-10-09T00:05:31Z
2021-03-02T05:30:00Z,2021-03-02T06:30,2021-03-02T06:45,27,46.94,46.94,46.94,34.65,1,UP,NO,NO,2026-10-09T00:05:31Z
2021-03-02T05:45:00Z,2021-03-02T06:45,2021-03-02T07:00,28,49.83,49.83,49.83,,1,UP,NO,NO,2026-10-09T00:05:31Z
2021-03-02T06:00:00Z,2021-03-02T07:00,2021-03-02T07:15,29,41.05,41.05,41.05,,1,UP,NO,NO,2026-10-09T00:05:31Z
2021-03-02T06:15:00Z,2021-03-02T07:15,2021-03-02T07:30,30,40.74,40.74,40.74,,1,UP,NO,NO,2026-10-09T00:05:31Z
2021-03-02T06:30:00Z,2021-03-02T07:30,2021-03-02T07:45,31,46.27,46.27,46.27,,1,UP,NO,NO,2026-10-09T00:05:31Z
2021-03-02T06:45:00Z,2021-03-02T07:45,2021-03-02T08:00,32,55,55,55,,1,UP,NO,NO,2026-10-09T00:05:31Z
2021-03-02T07:00:00Z,2021-03-02T08:00,2021-03-02T08:15,33,205.86,205.86,205.86,,1,UP,NO,NO,2026-10-09T00:05:31Z
2021-03-02T07:15:00Z,2021-03-02T08:15,2021-03-02T08:30,34,47.53,47.53,47.53,,1,UP,NO,NO,2026-10-09T00:05:31Z
2021-03-02T07:30:00Z,2021-03-02T08:30,2021-03-02T08:45,35,48.16,48.16,,,0,STABLE,NO,NO,2026-10-09T00:05:31Z
2021-03-02T07:45:00Z,2021-03-02T08:45,2021-03-02T09:00,36,54.25,54.25,,54.25,-1,DOWN,NO,NO,2026-10-09T00:05:31Z
2021-03-02T08:00:00Z,2021-03-02T09:00,2021-03-02T09:15,37,44.59,44.59,44.59,54.25,1,UP,NO,NO,2026-10-09T00:05:31Z
2021-03-02T08:15:00Z,2021-03-02T09:15,2021-03-02T09:30,38,48.9,48.9,48.9,,1,UP,NO,NO,2026-10-09T00:05:31Z
2021-03-02T08:30:00Z,2021-03-02T09:30,2021-03-02T09:45,39,40.92,40.92,40.92,,1,UP,NO,NO,2026-10-09T00:05:31Z
2021-03-02T08:45:00Z,2021-03-02T09:45,2021-03-02T10:00,40,34.39,34.39,,34.39,-1,DOWN,NO,NO,2026-10-09T00:05:31Z
2021-03-02T09:00:00Z,2021-03-02T10:00,2021-03-02T10:15,41,84,39.02,84,39.02,2,UP_AND_DOWN,NO,NO,2026-10-09T00:05:31Z
2021-03-02T09:15:00Z,2021-03-02T10:15,2021-03-02T10:30,42,48.45,48.45,48.45,,1,UP,NO,NO,2026-10-09T00:05:31Z
2021-03-02T09:30:00Z,2021-03-02T10:30,2021-03-02T10:45,43,44.47,44.47,,,0,STABLE,NO,NO,2026-10-09T00:05:31Z
2021-03-02T09:45:00Z,2021-03-02T10:45,2021-03-02T11:00,44,38.16,38.16,,38.16,-1,DOWN,NO,NO,2026-10-09T00:05:31Z
2021-03-02T10:00:00Z,2021-03-02T11:00,2021-03-02T11:15,45,109.62,109.62,109.62,38.16,1,UP,NO,NO,2026-10-09T00:05:31Z
2021-03-02T10:15:00Z,2021-03-02T11:15,2021-03-02T11:30,46,101.42,101.42,101.42,,1,UP,NO,NO,2026-10-09T00:05:31Z
2021-03-02T10:30:00Z,2021-03-02T11:30,2021-03-02T11:45,47,39.65,39.65,39.65,,1,UP,NO,NO,2026-10-09T00:05:31Z
2021-03-02T10:45:00Z,2021-03-02T11:45,2021-03-02T12:00,48,38.74,38.74,,38.74,-1,DOWN,NO,NO,2026-10-09T00:05:31Z
2021-03-02T11:00:00Z,2021-03-02T12:00,2021-03-02T12:15,49,39.91,39.91,,,0,STABLE,NO,NO,2026-10-09T00:05:31Z
2021-03-02T11:15:00Z,2021-03-02T12:15,2021-03-02T12:30,50,35.16,35.16,,35.16,-1,DOWN,NO,NO,2026-10-09T00:05:31Z
2021-03-02T11:30:00Z,2021-03-02T12:30,2021-03-02T12:45,51,34.39,34.39,,34.39,-1,DOWN,NO,NO,2026-10-09T00:05:31Z
2021-03-02T11:45:00Z,2021-03-02T12:45,2021-03-02T13:00,52,35.16,35.16,,35.16,-1,DOWN,NO,NO,2026-10-09T00:05:31Z
2021-03-02T12:00:00Z,2021-03-02T13:00,2021-03-02T13:15,53,35.16,35.16,,35.16,-1,DOWN,NO,NO,2026-10-09T00:05:31Z
2021-03-02T12:15:00Z,2021-03-02T13:15,2021-03-02T13:30,54,38.16,38.16,,38.16,-1,DOWN,NO,NO,2026-10-09T00:05:31Z
2021-03-02T12:30:00Z,2021-03-02T13:30,2021-03-02T13:45,55,34.72,34.72,,34.72,-1,DOWN,NO,NO,2026-10-09T00:05:31Z
2021-03-02T12:45:00Z,2021-03-02T13:45,2021-03-02T14:00,56,34.72,34.72,,34.72,-1,DOWN,NO,NO,2026-10-09T00:05:31Z
2021-03-02T13:00:00Z,2021-03-02T14:00,2021-03-02T14:15,57,39.17,39.17,,39.17,-1,DOWN,NO,NO,2026-10-09T00:05:31Z
2021-03-02T13:15:00Z,2021-03-02T14:15,2021-03-02T14:30,58,39.91,34.66,39.65,34.66,2,UP_AND_DOWN,NO,NO,2026-10-09T00:05:31Z
2021-03-02T13:30:00Z,2021-03-02T14:30,2021-03-02T14:45,59,39.65,39.65,39.65,34.66,1,UP,NO,NO,2026-10-09T00:05:31Z
2021-03-02T13:45:00Z,2021-03-02T14:45,2021-03-02T15:00,60,39.91,39.91,,,0,STABLE,NO,NO,2026-10-09T00:05:31Z
2021-03-02T14:00:00Z,2021-03-02T15:00,2021-03-02T15:15,61,25.28,25.28,,25.28,-1,DOWN,NO,NO,2026-10-09T00:05:31Z
2021-03-02T14:15:00Z,2021-03-02T15:15,2021-03-02T15:30,62,34.39,34.39,,34.39,-1,DOWN,NO,NO,2026-10-09T00:05:31Z
2021-03-02T14:30:00Z,2021-03-02T15:30,2021-03-02T15:45,63,35.16,35.16,,35.16,-1,DOWN,NO,NO,2026-10-09T00:05:31Z
2021-03-02T14:45:00Z,2021-03-02T15:45,2021-03-02T16:00,64,41.39,41.39,41.39,35.16,1,UP,NO,NO,2026-10-09T00:05:31Z
2021-03-02T15:00:00Z,2021-03-02T16:00,2021-03-02T16:15,65,38.16,38.16,41.39,38.16,-1,DOWN,NO,NO,2026-10-09T00:05:31Z
2021-03-02T15:15:00Z,2021-03-02T16:15,2021-03-02T16:30,66,37.22,37.22,,37.22,-1,DOWN,NO,NO,2026-10-09T00:05:31Z
2021-03-02T15:30:00Z,2021-03-02T16:30,2021-03-02T16:45,67,59.03,59.03,59.03,,1,UP,NO,NO,2026-10-09T00:05:31Z
2021-03-02T15:45:00Z,2021-03-02T16:45,2021-03-02T17:00,68,48.45,48.45,48.45,,1,UP,NO,NO,2026-10-09T00:05:31Z
2021-03-02T16:00:00Z,2021-03-02T17:00,2021-03-02T17:15,69,48.54,23.39,40.17,23.39,2,UP_AND_DOWN,NO,NO,2026-10-09T00:05:31Z
2021-03-02T16:15:00Z,2021-03-02T17:15,2021-03-02T17:30,70,35.69,35.69,,35.69,-1,DOWN,NO,NO,2026-10-09T00:05:31Z
2021-03-02T16:30:00Z,2021-03-02T17:30,2021-03-02T17:45,71,40.28,40.28,,,0,STABLE,NO,NO,2026-10-09T00:05:31Z
2021-03-02T16:45:00Z,2021-03-02T17:45,2021-03-02T18:00,72,40.37,40.37,,,0,STABLE,NO,NO,2026-10-09T00:05:31Z
2021-03-02T17:00:00Z,2021-03-02T18:00,2021-03-02T18:15,73,31.39,31.39,,31.39,-1,DOWN,NO,NO,2026-10-09T00:05:31Z
2021-03-02T17:15:00Z,2021-03-02T18:15,2021-03-02T18:30,74,37.22,37.22,,37.22,-1,DOWN,NO,NO,2026-10-09T00:05:31Z
2021-03-02T17:30:00Z,2021-03-02T18:30,2021-03-02T18:45,75,48.92,48.92,,,0,STABLE,NO,NO,2026-10-09T00:05:31Z
2021-03-02T17:45:00Z,2021-03-02T18:45,2021-03-02T19:00,76,43.88,43.88,43.88,,1,UP,NO,NO,2026-10-09T00:05:31Z
2021-03-02T18:00:00Z,2021-03-02T19:00,2021-03-02T19:15,77,45.87,45.87,45.87,,1,UP,NO,NO,2026-10-09T00:05:31Z
2021-03-02T18:15:00Z,2021-03-02T19:15,2021-03-02T19:30,78,50.1,50.1,50.1,,1,UP,NO,NO,2026-10-09T00:05:31Z
2021-03-02T18:30:00Z,2021-03-02T19:30,2021-03-02T19:45,79,41.69,41.69,41.69,,1,UP,NO,NO,2026-10-09T00:05:31Z
2021-03-02T18:45:00Z,2021-03-02T19:45,2021-03-02T20:00,80,48.96,48.96,,,0,STABLE,NO,NO,2026-10-09T00:05:31Z
2021-03-02T19:00:00Z,2021-03-02T20:00,2021-03-02T20:15,81,44.94,44.94,44.94,,1,UP,NO,NO,2026-10-09T00:05:31Z
2021-03-02T19:15:00Z,2021-03-02T20:15,2021-03-02T20:30,82,43,43,43,,1,UP,NO,NO,2026-10-09T00:05:31Z
2021-03-02T19:30:00Z,2021-03-02T20:30,2021-03-02T20:45,83,38.03,38.03,43,38.03,-1,DOWN,NO,NO,2026-10-09T00:05:31Z
2021-03-02T19:45:00Z,2021-03-02T20:45,2021-03-02T21:00,84,35.16,35.16,,35.16,-1,DOWN,NO,NO,2026-10-09T00:05:31Z
2021-03-02T20:00:00Z,2021-03-02T21:00,2021-03-02T21:15,85,41.26,37.36,41.26,37.36,2,UP_AND_DOWN,NO,NO,2026-10-09T00:05:31Z
2021-03-02T20:15:00Z,2021-03-02T21:15,2021-03-02T21:30,86,40.29,40.29,,,0,STABLE,NO,NO,2026-10-09T00:05:31Z
2021-03-02T20:30:00Z,2021-03-02T21:30,2021-03-02T21:45,87,51.05,51.05,51.05,,1,UP,NO,NO,2026-10-09T00:05:31Z
2021-03-02T20:45:00Z,2021-03-02T21:45,2021-03-02T22:00,88,35.16,35.16,51.05,35.16,-1,DOWN,NO,NO,2026-10-09T00:05:31Z
2021-03-02T21:00:00Z,2021-03-02T22:00,2021-03-02T22:15,89,47.33,38.61,39.85,38.61,2,UP_AND_DOWN,NO,NO,2026-10-09T00:05:31Z
2021-03-02T21:15:00Z,2021-03-02T22:15,2021-03-02T22:30,90,39.94,39.94,39.94,,1,UP,NO,NO,2026-10-09T00:05:31Z
2021-03-02T21:30:00Z,2021-03-02T22:30,2021-03-02T22:45,91,54.94,54.94,,54.94,-1,DOWN,NO,NO,2026-10-09T00:05:31Z
2021-03-02T21:45:00Z,2021-03-02T22:45,2021-03-02T23:00,92,38.38,38.38,,38.38,-1,DOWN,NO,NO,2026-10-09T00:05:31Z
2021-03-02T22:00:00Z,2021-03-02T23:00,2021-03-02T23:15,93,168.36,40.14,168.36,40.51,2,UP_AND_DOWN,NO,NO,2026-10-09T00:05:31Z
2021-03-02T22:15:00Z,2021-03-02T23:15,2021-03-02T23:30,94,92.06,92.06,92.06,,1,UP,NO,NO,2026-10-09T00:05:31Z
2021-03-02T22:30:00Z,2021-03-02T23:30,2021-03-02T23:45,95,47.32,47.32,,,0,STABLE,NO,NO,2026-10-09T00:05:31Z
2021-03-02T22:45:00Z,2021-03-02T23:45,2021-03-03T00:00,96,38.8,38.8,,38.8,-1,DOWN,NO,NO,2026-10-09T00:05:31Z
2021-03-02T23:00:00Z,2021-03-03T00:00,2021-03-03T00:15,1,40.78,36,40.78,36,2,UP_AND_DOWN,NO,NO,2026-10-09T00:05:31Z
2021-03-02T23:15:00Z,2021-03-03T00:15,2021-03-03T00:30,2,43.04,43.04,43.04,,1,UP,NO,NO,2026-10-09T00:05:31Z
2021-03-02T23:30:00Z,2021-03-03T00:30,2021-03-03T00:45,3,40.22,40.22,40.22,,1,UP,NO,NO,2026-10-09T00:05:31Z
2021-03-02T23:45:00Z,2021-03-03T00:45,2021-03-03T01:00,4,36.65,36.65,40.22,36.65,-1,DOWN,NO,NO,2026-10-09T00:05:31Z
2021-03-03T00:00:00Z,2021-03-03T01:00,2021-03-03T01:15,5,45.98,33.84,45.98,33.84,2,UP_AND_DOWN,NO,NO,2026-10-09T00:05:31Z
2021-03-03T00:15:00Z,2021-03-03T01:15,2021-03-03T01:30,6,52,52,52,,1,UP,NO,NO,2026-10-09T00:05:31Z
2021-03-03T00:30:00Z,2021-03-03T01:30,2021-03-03T01:45,7,38.59,38.59,38.59,,1,UP,NO,NO,2026-10-09T00:05:31Z
2021-03-03T00:45:00Z,2021-03-03T01:45,2021-03-03T02:00,8,39.3,39.3,,,0,STABLE,NO,NO,2026-10-09T00:05:31Z
2021-03-03T01:00:00Z,2021-03-03T02:00,2021-03-03T02:15,9,42.98,42.98,42.98,,1,UP,NO,NO,2026-10-09T00:05:31Z
2021-03-03T01:15:00Z,2021-03-03T02:15,2021-03-03T02:30,10,38.48,38.48,38.48,,1,UP,NO,NO,2026-10-09T00:05:31Z
2021-03-03T01:30:00Z,2021-03-03T02:30,2021-03-03T02:45,11,38.5,38.5,38.5,,1,UP,NO,NO,2026-10-09T00:05:31Z
2021-03-03T01:45:00Z,2021-03-03T02:45,2021-03-03T03:00,12,39.27,39.27,,,0,STABLE,NO,NO,2026-10-09T00:05:31Z
2021-03-03T02:00:00Z,2021-03-03T03:00,2021-03-03T03:15,13,38.48,38.48,38.48,,1,UP,NO,NO,2026-10-09T00:05:31Z
2021-03-03T02:15:00Z,2021-03-03T03:15,2021-03-03T03:30,14,40.73,40.73,40.73,,1,UP,NO,NO,2026-10-09T00:05:31Z
2021-03-03T02:30:00Z,2021-03-03T03:30,2021-03-03T03:45,15,39.24,39.24,,,0,STABLE,NO,NO,2026-10-09T00:05:31Z
2021-03-03T02:45:00Z,2021-03-03T03:45,2021-03-03T04:00,16,39.24,39.24,,,0,STABLE,NO,NO,2026-10-09T00:05:31Z
2021-03-03T03:00:00Z,2021-03-03T04:00,2021-03-03T04:15,17,39.3,39.3,,,0,STABLE,NO,NO,2026-10-09T00:05:31Z
2021-03-03T03:15:00Z,2021-03-03T04:15,2021-03-03T04:30,18,39.3,39.3,,,0,STABLE,NO,NO,2026-10-09T00:05:31Z
2021-03-03T03:30:00Z,2021-03-03T04:30,2021-03-03T04:45,19,39.24,39.24,,,0,STABLE,NO,NO,2026-10-09T00:05:31Z
2021-03-03T03:45:00Z,2021-03-03T04:45,2021-03-03T05:00,20,39.24,39.24,,,0,STABLE,NO,NO,2026-10-09T00:05:31Z
2021-03-03T04:00:00Z,2021-03-03T05:00,2021-03-03T05:15,21,46.88,46.88,,,0,STABLE,NO,NO,2026-10-09T00:05:31Z
2021-03-03T04:15:00Z,2021-03-03T05:15,2021-03-03T05:30,22,46.84,46.84,,,0,STABLE,NO,NO,2026-10-09T00:05:31Z
2021-03-03T04:30:00Z,2021-03-03T05:30,2021-03-03T05:45,23,53.4,53.4,53.4,,1,UP,NO,NO,2026-10-09T00:05:31Z
2021-03-03T04:45:00Z,2021-03-03T05:45,2021-03-03T06:00,24,112.26,112.26,112.26,,1,UP,NO,NO,2026-10-09T00:05:31Z
2021-03-03T05:00:00Z,2021-03-03T06:00,2021-03-03T06:15,25,27.43,27.43,112.26,27.43,-1,DOWN,NO,NO,2026-10-09T00:05:31Z
2021-03-03T05:15:00Z,2021-03-03T06:15,2021-03-03T06:30,26,56.15,56.15,,56.15,-1,DOWN,NO,NO,2026-10-09T00:05:31Z
2021-03-03T05:30:00Z,2021-03-03T06:30,2021-03-03T06:45,27,50.26,50.26,50.26,,1,UP,NO,NO,2026-10-09T00:05:31Z
2021-03-03T05:45:00Z,2021-03-03T06:45,2021-03-03T07:00,28,228.99,228.99,228.99,,1,UP,NO,NO,2026-10-09T00:05:31Z
2021-03-03T06:00:00Z,2021-03-03T07:00,2021-03-03T07:15,29,47.04,47.04,47.04,,1,UP,NO,NO,2026-10-09T00:05:31Z
2021-03-03T06:15:00Z,2021-03-03T07:15,2021-03-03T07:30,30,39.43,39.43,,39.43,-1,DOWN,NO,NO,2026-10-09T00:05:31Z
2021-03-03T06:30:00Z,2021-03-03T07:30,2021-03-03T07:45,31,40.48,40.48,,,0,STABLE,NO,NO,2026-10-09T00:05:31Z
2021-03-03T06:45:00Z,2021-03-03T07:45,2021-03-03T08:00,32,53.39,53.39,53.39,,1,UP,NO,NO,2026-10-09T00:05:31Z
2021-03-03T07:00:00Z,2021-03-03T08:00,2021-03-03T08:15,33,329.64,329.64,329.64,,1,UP,NO,NO,2026-10-09T00:05:31Z
2021-03-03T07:15:00Z,2021-03-03T08:15,2021-03-03T08:30,34,69.75,69.75,69.75,,1,UP,NO,NO,2026-10-09T00:05:31Z
2021-03-03T07:30:00Z,2021-03-03T08:30,2021-03-03T08:45,35,56.75,56.75,56.75,,1,UP,NO,NO,2026-10-09T00:05:31Z
2021-03-03T07:45:00Z,2021-03-03T08:45,2021-03-03T09:00,36,40.48,40.48,,,0,STABLE,NO,NO,2026-10-09T00:05:31Z
2021-03-03T08:00:00Z,2021-03-03T09:00,2021-03-03T09:15,37,477.24,477.24,477.24,,1,UP,YES,NO,2026-10-09T00:05:31Z
2021-03-03T08:15:00Z,2021-03-03T09:15,2021-03-03T09:30,38,477.24,477.24,477.24,,1,UP,YES,NO,2026-10-09T00:05:31Z
2021-03-03T08:30:00Z,2021-03-03T09:30,2021-03-03T09:45,39,330.77,48.61,330.77,56.26,2,UP_AND_DOWN,NO,NO,2026-10-09T00:05:31Z
2021-03-03T08:45:00Z,2021-03-03T09:45,2021-03-03T10:00,40,228.2,228.2,228.2,,1,UP,NO,NO,2026-10-09T00:05:31Z
2021-03-03T09:00:00Z,2021-03-03T10:00,2021-03-03T10:15,41,217.09,217.09,217.09,,1,UP,NO,NO,2026-10-09T00:05:31Z
2021-03-03T09:15:00Z,2021-03-03T10:15,2021-03-03T10:30,42,433.9,433.9,433.9,,1,UP,NO,NO,2026-10-09T00:05:31Z
2021-03-03T09:30:00Z,2021-03-03T10:30,2021-03-03T10:45,43,357.12,357.12,357.12,,1,UP,NO,NO,2026-10-09T00:05:31Z
2021-03-03T09:45:00Z,2021-03-03T10:45,2021-03-03T11:00,44,47.08,47.08,,,0,STABLE,NO,NO,2026-10-09T00:05:31Z
2021-03-03T10:00:00Z,2021-03-03T11:00,2021-03-03T11:15,45,47.23,47.23,47.23,,1,UP,NO,NO,2026-10-09T00:05:31Z
2021-03-03T10:15:00Z,2021-03-03T11:15,2021-03-03T11:30,46,223.93,223.93,223.93,,1,UP,NO,NO,2026-10-09T00:05:31Z
2021-03-03T10:30:00Z,2021-03-03T11:30,2021-03-03T11:45,47,116.08,116.08,116.08,,1,UP,NO,NO,2026-10-09T00:05:31Z
2021-03-03T10:45:00Z,2021-03-03T11:45,2021-03-03T12:00,48,46.95,46.95,46.95,,1,UP,NO,NO,2026-10-09T00:05:31Z
2021-03-03T11:00:00Z,2021-03-03T12:00,2021-03-03T12:15,49,211.43,211.43,211.43,,1,UP,NO,NO,2026-10-09T00:05:31Z
2021-03-03T11:15:00Z,2021-03-03T12:15,2021-03-03T12:30,50,38.69,38.69,86.51,38.69,-1,DOWN,NO,NO,2026-10-09T00:05:31Z
2021-03-03T11:30:00Z,2021-03-03T12:30,2021-03-03T12:45,51,61.86,38.76,61.86,38.76,2,UP_AND_DOWN,NO,NO,2026-10-09T00:05:31Z
2021-03-03T11:45:00Z,2021-03-03T12:45,2021-03-03T13:00,52,43.7,35.95,43.7,35.95,2,UP_AND_DOWN,NO,NO,2026-10-09T00:05:31Z
2021-03-03T12:00:00Z,2021-03-03T13:00,2021-03-03T13:15,53,231.05,231.05,231.05,35.95,1,UP,NO,NO,2026-10-09T00:05:31Z
2021-03-03T12:15:00Z,2021-03-03T13:15,2021-03-03T13:30,54,28.29,28.29,231.05,28.29,-1,DOWN,NO,NO,2026-10-09T00:05:31Z
2021-03-03T12:30:00Z,2021-03-03T13:30,2021-03-03T13:45,55,34.29,34.29,,34.29,-1,DOWN,NO,NO,2026-10-09T00:05:31Z
2021-03-03T12:45:00Z,2021-03-03T13:45,2021-03-03T14:00,56,82.78,82.78,82.78,34.29,1,UP,NO,NO,2026-10-09T00:05:31Z
2021-03-03T13:00:00Z,2021-03-03T14:00,2021-03-03T14:15,57,232.57,232.57,232.57,,1,UP,NO,NO,2026-10-09T00:05:31Z
2021-03-03T13:15:00Z,2021-03-03T14:15,2021-03-03T14:30,58,59.34,36.86,59.34,36.86,2,UP_AND_DOWN,NO,NO,2026-10-09T00:05:31Z
2021-03-03T13:30:00Z,2021-03-03T14:30,2021-03-03T14:45,59,136.08,136.08,136.08,39.19,1,UP,NO,NO,2026-10-09T00:05:31Z
2021-03-03T13:45:00Z,2021-03-03T14:45,2021-03-03T15:00,60,212.57,212.57,212.57,,1,UP,NO,NO,2026-10-09T00:05:31Z
2021-03-03T14:00:00Z,2021-03-03T15:00,2021-03-03T15:15,61,104,104,104,,1,UP,NO,NO,2026-10-09T00:05:31Z
2021-03-03T14:15:00Z,2021-03-03T15:15,2021-03-03T15:30,62,104,104,104,,1,UP,NO,NO,2026-10-09T00:05:31Z
2021-03-03T14:30:00Z,2021-03-03T15:30,2021-03-03T15:45,63,411,411,411,,1,UP,NO,NO,2026-10-09T00:05:31Z
2021-03-03T14:45:00Z,2021-03-03T15:45,2021-03-03T16:00,64,411,411,411,,1,UP,NO,NO,2026-10-09T00:05:31Z
2021-03-03T15:00:00Z,2021-03-03T16:00,2021-03-03T16:15,65,36.54,36.54,411,36.54,-1,DOWN,NO,NO,2026-10-09T00:05:31Z
2021-03-03T15:15:00Z,2021-03-03T16:15,2021-03-03T16:30,66,46.2,46.2,46.2,,1,UP,NO,NO,2026-10-09T00:05:31Z
2021-03-03T15:30:00Z,2021-03-03T16:30,2021-03-03T16:45,67,410.98,410.98,410.98,,1,UP,NO,NO,2026-10-09T00:05:31Z
2021-03-03T15:45:00Z,2021-03-03T16:45,2021-03-03T17:00,68,410.98,410.98,410.98,,1,UP,NO,NO,2026-10-09T00:05:31Z
2021-03-03T16:00:00Z,2021-03-03T17:00,2021-03-03T17:15,69,58.35,58.35,410.98,58.35,-1,DOWN,NO,NO,2026-10-09T00:05:31Z
2021-03-03T16:15:00Z,2021-03-03T17:15,2021-03-03T17:30,70,50.95,50.95,50.95,58.35,1,UP,NO,NO,2026-10-09T00:05:31Z
2021-03-03T16:30:00Z,2021-03-03T17:30,2021-03-03T17:45,71,58.35,58.35,50.95,58.35,-1,DOWN,NO,NO,2026-10-09T00:05:31Z
2021-03-03T16:45:00Z,2021-03-03T17:45,2021-03-03T18:00,72,39.02,39.02,39.02,,1,UP,NO,NO,2026-10-09T00:05:31Z
2021-03-03T17:00:00Z,2021-03-03T18:00,2021-03-03T18:15,73,44.95,44.95,44.95,,1,UP,NO,NO,2026-10-09T00:05:31Z
2021-03-03T17:15:00Z,2021-03-03T18:15,2021-03-03T18:30,74,40.95,40.95,40.95,,1,UP,NO,NO,2026-10-09T00:05:31Z
2021-03-03T17:30:00Z,2021-03-03T18:30,2021-03-03T18:45,75,90.89,90.89,90.89,,1,UP,NO,NO,2026-10-09T00:05:31Z
2021-03-03T17:45:00Z,2021-03-03T18:45,2021-03-03T19:00,76,70.68,70.68,70.68,,1,UP,NO,NO,2026-10-09T00:05:31Z
2021-03-03T18:00:00Z,2021-03-03T19:00,2021-03-03T19:15,77,57.86,57.86,57.86,,1,UP,NO,NO,2026-10-09T00:05:31Z
2021-03-03T18:15:00Z,2021-03-03T19:15,2021-03-03T19:30,78,58.22,58.22,58.22,,1,UP,NO,NO,2026-10-09T00:05:31Z
2021-03-03T18:30:00Z,2021-03-03T19:30,2021-03-03T19:45,79,40.03,40.03,40.03,,1,UP,NO,NO,2026-10-09T00:05:31Z
2021-03-03T18:45:00Z,2021-03-03T19:45,2021-03-03T20:00,80,40.02,40.02,40.02,,1,UP,NO,NO,2026-10-09T00:05:31Z
2021-03-03T19:00:00Z,2021-03-03T20:00,2021-03-03T20:15,81,44.11,44.11,44.11,,1,UP,NO,NO,2026-10-09T00:05:31Z
2021-03-03T19:15:00Z,2021-03-03T20:15,2021-03-03T20:30,82,39.32,39.32,39.32,,1,UP,NO,NO,2026-10-09T00:05:31Z
2021-03-03T19:30:00Z,2021-03-03T20:30,2021-03-03T20:45,83,47.77,47.77,,,0,STABLE,NO,NO,2026-10-09T00:05:31Z
2021-03-03T19:45:00Z,2021-03-03T20:45,2021-03-03T21:00,84,56.28,56.28,,56.28,-1,DOWN,NO,NO,2026-10-09T00:05:31Z
2021-03-03T20:00:00Z,2021-03-03T21:00,2021-03-03T21:15,85,66.62,47.57,66.62,56.25,2,UP_AND_DOWN,NO,NO,2026-10-09T00:05:31Z
2021-03-03T20:15:00Z,2021-03-03T21:15,2021-03-03T21:30,86,58,58,58,,1,UP,NO,NO,2026-10-09T00:05:31Z
2021-03-03T20:30:00Z,2021-03-03T21:30,2021-03-03T21:45,87,55.16,55.16,55.16,,1,UP,NO,NO,2026-10-09T00:05:31Z
2021-03-03T20:45:00Z,2021-03-03T21:45,2021-03-03T22:00,88,28.29,28.29,,28.29,-1,DOWN,NO,NO,2026-10-09T00:05:31Z
2021-03-03T21:00:00Z,2021-03-03T22:00,2021-03-03T22:15,89,64.3,64.3,64.3,23.29,1,UP,NO,NO,2026-10-09T00:05:31Z
2021-03-03T21:15:00Z,2021-03-03T22:15,2021-03-03T22:30,90,734.82,734.82,734.82,,1,UP,NO,NO,2026-10-09T00:05:31Z
2021-03-03T21:30:00Z,2021-03-03T22:30,2021-03-03T22:45,91,32.77,32.77,734.82,32.77,-1,DOWN,NO,NO,2026-10-09T00:05:31Z
2021-03-03T21:45:00Z,2021-03-03T22:45,2021-03-03T23:00,92,36.65,36.65,,36.65,-1,DOWN,NO,NO,2026-10-09T00:05:31Z
2021-03-03T22:00:00Z,2021-03-03T23:00,2021-03-03T23:15,93,43.29,12.01,43.29,12.01,2,UP_AND_DOWN,NO,NO,2026-10-09T00:05:31Z
2021-03-03T22:15:00Z,2021-03-03T23:15,2021-03-03T23:30,94,40.41,34.29,40.41,34.29,2,UP_AND_DOWN,NO,NO,2026-10-09T00:05:31Z
2021-03-03T22:30:00Z,2021-03-03T23:30,2021-03-03T23:45,95,19.96,19.96,,19.96,-1,DOWN,NO,NO,2026-10-09T00:05:31Z
2021-03-03T22:45:00Z,2021-03-03T23:45,2021-03-04T00:00,96,39.3,36.85,38.6,36.85,2,UP_AND_DOWN,NO,NO,2026-10-09T00:05:31Z
2021-03-03T23:00:00Z,2021-03-04T00:00,2021-03-04T00:15,1,398.12,398.12,398.12,36.85,1,UP,NO,NO,2026-10-09T00:05:31Z
2021-03-03T23:15:00Z,2021-03-04T00:15,2021-03-04T00:30,2,34.22,34.22,70.83,34.22,-1,DOWN,NO,NO,2026-10-09T00:05:31Z
2021-03-03T23:30:00Z,2021-03-04T00:30,2021-03-04T00:45,3,34.22,34.22,,34.22,-1,DOWN,NO,NO,2026-10-09T00:05:31Z
2021-03-03T23:45:00Z,2021-03-04T00:45,2021-03-04T01:00,4,40,40,,40,-1,DOWN,NO,NO,2026-10-09T00:05:31Z
2021-03-04T00:00:00Z,2021-03-04T01:00,2021-03-04T01:15,5,91.25,91.25,91.25,39.76,1,UP,NO,NO,2026-10-09T00:05:31Z
2021-03-04T00:15:00Z,2021-03-04T01:15,2021-03-04T01:30,6,50.16,50.16,50.16,,1,UP,NO,NO,2026-10-09T00:05:31Z
2021-03-04T00:30:00Z,2021-03-04T01:30,2021-03-04T01:45,7,40.08,40.08,,,0,STABLE,NO,NO,2026-10-09T00:05:31Z
2021-03-04T00:45:00Z,2021-03-04T01:45,2021-03-04T02:00,8,36.33,36.33,,36.33,-1,DOWN,NO,NO,2026-10-09T00:05:31Z
2021-03-04T01:00:00Z,2021-03-04T02:00,2021-03-04T02:15,9,55,36.91,55,36.91,2,UP_AND_DOWN,NO,NO,2026-10-09T00:05:31Z
2021-03-04T01:15:00Z,2021-03-04T02:15,2021-03-04T02:30,10,39.75,39.75,,,0,STABLE,NO,NO,2026-10-09T00:05:31Z
2021-03-04T01:30:00Z,2021-03-04T02:30,2021-03-04T02:45,11,39.76,39.76,,,0,STABLE,NO,NO,2026-10-09T00:05:31Z
2021-03-04T01:45:00Z,2021-03-04T02:45,2021-03-04T03:00,12,39.77,39.77,,,0,STABLE,NO,NO,2026-10-09T00:05:31Z
2021-03-04T02:00:00Z,2021-03-04T03:00,2021-03-04T03:15,13,41.53,41.53,41.53,,1,UP,NO,NO,2026-10-09T00:05:31Z
2021-03-04T02:15:00Z,2021-03-04T03:15,2021-03-04T03:30,14,39.74,39.74,,,0,STABLE,NO,NO,2026-10-09T00:05:31Z
2021-03-04T02:30:00Z,2021-03-04T03:30,2021-03-04T03:45,15,39.75,39.75,,,0,STABLE,NO,NO,2026-10-09T00:05:31Z
2021-03-04T02:45:00Z,2021-03-04T03:45,2021-03-04T04:00,16,39.76,39.76,,,0,STABLE,NO,NO,2026-10-09T00:05:31Z
2021-03-04T03:00:00Z,2021-03-04T04:00,2021-03-04T04:15,17,39.77,39.77,,,0,STABLE,NO,NO,2026-10-09T00:05:31Z
2021-03-04T03:15:00Z,2021-03-04T04:15,2021-03-04T04:30,18,39.76,39.76,,,0,STABLE,NO,NO,2026-10-09T00:05:31Z
2021-03-04T03:30:00Z,2021-03-04T04:30,2021-03-04T04:45,19,39.75,39.75,,,0,STABLE,NO,NO,2026-10-09T00:05:31Z
2021-03-04T03:45:00Z,2021-03-04T04:45,2021-03-04T05:00,20,39.72,39.72,,,0,STABLE,NO,NO,2026-10-09T00:05:31Z
2021-03-04T04:00:00Z,2021-03-04T05:00,2021-03-04T05:15,21,93.02,93.02,93.02,,1,UP,NO,NO,2026-10-09T00:05:31Z
2021-03-04T04:15:00Z,2021-03-04T05:15,2021-03-04T05:30,22,93.02,93.02,93.02,,1,UP,NO,NO,2026-10-09T00:05:31Z
2021-03-04T04:30:00Z,2021-03-04T05:30,2021-03-04T05:45,23,55.98,55.98,55.98,,1,UP,NO,NO,2026-10-09T00:05:31Z
2021-03-04T04:45:00Z,2021-03-04T05:45,2021-03-04T06:00,24,50.16,50.16,50.16,,1,UP,NO,NO,2026-10-09T00:05:31Z
2021-03-04T05:00:00Z,2021-03-04T06:00,2021-03-04T06:15,25,38.58,38.58,50.16,38.58,-1,DOWN,NO,NO,2026-10-09T00:05:31Z
2021-03-04T05:15:00Z,2021-03-04T06:15,2021-03-04T06:30,26,39.83,39.83,,,0,STABLE,NO,NO,2026-10-09T00:05:31Z
2021-03-04T05:30:00Z,2021-03-04T06:30,2021-03-04T06:45,27,39.84,39.84,,,0,STABLE,NO,NO,2026-10-09T00:05:31Z
2021-03-04T05:45:00Z,2021-03-04T06:45,2021-03-04T07:00,28,63.71,63.71,63.71,,1,UP,NO,NO,2026-10-09T00:05:31Z
2021-03-04T06:00:00Z,2021-03-04T07:00,2021-03-04T07:15,29,40.22,31,40,31,2,UP_AND_DOWN,NO,NO,2026-10-09T00:05:31Z
2021-03-04T06:15:00Z,2021-03-04T07:15,2021-03-04T07:30,30,36.89,36.89,,36.89,-1,DOWN,NO,NO,2026-10-09T00:05:31Z
2021-03-04T06:30:00Z,2021-03-04T07:30,2021-03-04T07:45,31,40.22,40.22,,,0,STABLE,NO,NO,2026-10-09T00:05:31Z
2021-03-04T06:45:00Z,2021-03-04T07:45,2021-03-04T08:00,32,46,46,46,,1,UP,NO,NO,2026-10-09T00:05:31Z
2021-03-04T07:00:00Z,2021-03-04T08:00,2021-03-04T08:15,33,40,40,40,,1,UP,NO,NO,2026-10-09T00:05:31Z
2021-03-04T07:15:00Z,2021-03-04T08:15,2021-03-04T08:30,34,46,46,46,,1,UP,NO,NO,2026-10-09T00:05:31Z
2021-03-04T07:30:00Z,2021-03-04T08:30,2021-03-04T08:45,35,66.49,66.49,66.49,,1,UP,NO,NO,2026-10-09T00:05:31Z
2021-03-04T07:45:00Z,2021-03-04T08:45,2021-03-04T09:00,36,45.18,45.18,45.18,,1,UP,NO,NO,2026-10-09T00:05:31Z
2021-03-04T08:00:00Z,2021-03-04T09:00,2021-03-04T09:15,37,168.02,168.02,168.02,,1,UP,NO,NO,2026-10-09T00:05:31Z
2021-03-04T08:15:00Z,2021-03-04T09:15,2021-03-04T09:30,38,41.83,41.83,41.83,,1,UP,NO,NO,2026-10-09T00:05:31Z
2021-03-04T08:30:00Z,2021-03-04T09:30,2021-03-04T09:45,39,40.16,40.16,,,0,STABLE,NO,NO,2026-10-09T00:05:31Z
2021-03-04T08:45:00Z,2021-03-04T09:45,2021-03-04T10:00,40,40.14,40.14,,,0,STABLE,NO,NO,2026-10-09T00:05:31Z
2021-03-04T09:00:00Z,2021-03-04T10:00,2021-03-04T10:15,41,59.83,59.83,59.83,,1,UP,NO,NO,2026-10-09T00:05:31Z
2021-03-04T09:15:00Z,2021-03-04T10:15,2021-03-04T10:30,42,41.3,41.3,41.3,,1,UP,NO,NO,2026-10-09T00:05:31Z
2021-03-04T09:30:00Z,2021-03-04T10:30,2021-03-04T10:45,43,41.5,41.5,41.5,,1,UP,NO,NO,2026-10-09T00:05:31Z
2021-03-04T09:45:00Z,2021-03-04T10:45,2021-03-04T11:00,44,50.71,50.71,50.71,,1,UP,NO,NO,2026-10-09T00:05:31Z
2021-03-04T10:00:00Z,2021-03-04T11:00,2021-03-04T11:15,45,87.09,87.09,87.09,,1,UP,NO,NO,2026-10-09T00:05:31Z
2021-03-04T10:15:00Z,2021-03-04T11:15,2021-03-04T11:30,46,86.96,86.96,86.96,,1,UP,NO,NO,2026-10-09T00:05:31Z
2021-03-04T10:30:00Z,2021-03-04T11:30,2021-03-04T11:45,47,100.52,100.52,100.52,,1,UP,NO,NO,2026-10-09T00:05:31Z
2021-03-04T10:45:00Z,2021-03-04T11:45,2021-03-04T12:00,48,64.95,64.95,64.95,,1,UP,NO,NO,2026-10-09T00:05:31Z
2021-03-04T11:00:00Z,2021-03-04T12:00,2021-03-04T12:15,49,271.37,271.37,271.37,,1,UP,NO,NO,2026-10-09T00:05:31Z
2021-03-04T11:15:00Z,2021-03-04T12:15,2021-03-04T12:30,50,271.37,271.37,271.37,,1,UP,NO,NO,2026-10-09T00:05:31Z
2021-03-04T11:30:00Z,2021-03-04T12:30,2021-03-04T12:45,51,611.37,611.37,611.37,,1,UP,NO,NO,2026-10-09T00:05:31Z
2021-03-04T11:45:00Z,2021-03-04T12:45,2021-03-04T13:00,52,40.32,40.32,39.52,40.32,-1,DOWN,NO,NO,2026-10-09T00:05:31Z
2021-03-04T12:00:00Z,2021-03-04T13:00,2021-03-04T13:15,53,55,40.22,55,40.43,2,UP_AND_DOWN,NO,NO,2026-10-09T00:05:31Z
2021-03-04T12:15:00Z,2021-03-04T13:15,2021-03-04T13:30,54,130.52,130.52,130.52,,1,UP,NO,NO,2026-10-09T00:05:31Z
2021-03-04T12:30:00Z,2021-03-04T13:30,2021-03-04T13:45,55,130.52,130.52,130.52,,1,UP,NO,NO,2026-10-09T00:05:31Z
2021-03-04T12:45:00Z,2021-03-04T13:45,2021-03-04T14:00,56,35,35,130.52,35,-1,DOWN,NO,NO,2026-10-09T00:05:31Z
2021-03-04T13:00:00Z,2021-03-04T14:00,2021-03-04T14:15,57,47.04,47.04,47.04,34.59,1,UP,NO,NO,2026-10-09T00:05:31Z
2021-03-04T13:15:00Z,2021-03-04T14:15,2021-03-04T14:30,58,44.54,44.54,44.54,,1,UP,NO,NO,2026-10-09T00:05:31Z
2021-03-04T13:30:00Z,2021-03-04T14:30,2021-03-04T14:45,59,47.04,47.04,47.04,,1,UP,NO,NO,2026-10-09T00:05:31Z
2021-03-04T13:45:00Z,2021-03-04T14:45,2021-03-04T15:00,60,40,40,,,0,STABLE,NO,NO,2026-10-09T00:05:31Z
2021-03-04T14:00:00Z,2021-03-04T15:00,2021-03-04T15:15,61,168.02,168.02,168.02,,1,UP,NO,NO,2026-10-09T00:05:31Z
2021-03-04T14:15:00Z,2021-03-04T15:15,2021-03-04T15:30,62,61.64,61.64,61.64,,1,UP,NO,NO,2026-10-09T00:05:31Z
2021-03-04T14:30:00Z,2021-03-04T15:30,2021-03-04T15:45,63,611.37,611.37,611.37,,1,UP,NO,NO,2026-10-09T00:05:31Z
2021-03-04T14:45:00Z,2021-03-04T15:45,2021-03-04T16:00,64,269.18,269.18,269.18,,1,UP,NO,NO,2026-10-09T00:05:31Z
2021-03-04T15:00:00Z,2021-03-04T16:00,2021-03-04T16:15,65,331.68,331.68,331.68,,1,UP,NO,NO,2026-10-09T00:05:31Z
2021-03-04T15:15:00Z,2021-03-04T16:15,2021-03-04T16:30,66,331.68,331.68,331.68,,1,UP,NO,NO,2026-10-09T00:05:31Z
2021-03-04T15:30:00Z,2021-03-04T16:30,2021-03-04T16:45,67,38.97,38.97,50.48,38.97,-1,DOWN,NO,NO,2026-10-09T00:05:31Z
2021-03-04T15:45:00Z,2021-03-04T16:45,2021-03-04T17:00,68,39.72,38.97,39.43,38.97,2,UP_AND_DOWN,NO,NO,2026-10-09T00:05:31Z
2021-03-04T16:00:00Z,2021-03-04T17:00,2021-03-04T17:15,69,44.71,36.89,44.71,36.89,2,UP_AND_DOWN,NO,NO,2026-10-09T00:05:31Z
2021-03-04T16:15:00Z,2021-03-04T17:15,2021-03-04T17:30,70,36.89,36.89,,36.89,-1,DOWN,NO,NO,2026-10-09T00:05:31Z
2021-03-04T16:30:00Z,2021-03-04T17:30,2021-03-04T17:45,71,29.51,29.51,,29.51,-1,DOWN,NO,NO,2026-10-09T00:05:31Z
2021-03-04T16:45:00Z,2021-03-04T17:45,2021-03-04T18:00,72,39.96,39.96,,,0,STABLE,NO,NO,2026-10-09T00:05:31Z
2021-03-04T17:00:00Z,2021-03-04T18:00,2021-03-04T18:15,73,40.2,40.2,,,0,STABLE,NO,NO,2026-10-09T00:05:31Z
2021-03-04T17:15:00Z,2021-03-04T18:15,2021-03-04T18:30,74,40.17,40.17,,,0,STABLE,NO,NO,2026-10-09T00:05:31Z
2021-03-04T17:30:00Z,2021-03-04T18:30,2021-03-04T18:45,75,40.17,40.17,,,0,STABLE,NO,NO,2026-10-09T00:05:31Z
2021-03-04T17:45:00Z,2021-03-04T18:45,2021-03-04T19:00,76,40.16,40.16,,,0,STABLE,NO,NO,2026-10-09T00:05:31Z
2021-03-04T18:00:00Z,2021-03-04T19:00,2021-03-04T19:15,77,271.37,271.37,271.37,,1,UP,NO,NO,2026-10-09T00:05:31Z
2021-03-04T18:15:00Z,2021-03-04T19:15,2021-03-04T19:30,78,43,43,43,,1,UP,NO,NO,2026-10-09T00:05:31Z
2021-03-04T18:30:00Z,2021-03-04T19:30,2021-03-04T19:45,79,40.16,40.16,,,0,STABLE,NO,NO,2026-10-09T00:05:31Z
2021-03-04T18:45:00Z,2021-03-04T19:45,2021-03-04T20:00,80,40.16,40.16,,,0,STABLE,NO,NO,2026-10-09T00:05:31Z
2021-03-04T19:00:00Z,2021-03-04T20:00,2021-03-04T20:15,81,45.4,45.4,45.4,,1,UP,NO,NO,2026-10-09T00:05:31Z
2021-03-04T19:15:00Z,2021-03-04T20:15,2021-03-04T20:30,82,39.69,39.69,39.69,,1,UP,NO,NO,2026-10-09T00:05:31Z
2021-03-04T19:30:00Z,2021-03-04T20:30,2021-03-04T20:45,83,34.78,34.78,,34.78,-1,DOWN,NO,NO,2026-10-09T00:05:31Z
2021-03-04T19:45:00Z,2021-03-04T20:45,2021-03-04T21:00,84,23,23,,23,-1,DOWN,NO,NO,2026-10-09T00:05:31Z
2021-03-04T20:00:00Z,2021-03-04T21:00,2021-03-04T21:15,85,73.1,73.1,73.1,23,1,UP,NO,NO,2026-10-09T00:05:31Z
2021-03-04T20:15:00Z,2021-03-04T21:15,2021-03-04T21:30,86,91.73,91.73,91.73,,1,UP,NO,NO,2026-10-09T00:05:31Z
2021-03-04T20:30:00Z,2021-03-04T21:30,2021-03-04T21:45,87,40.19,40.19,,,0,STABLE,NO,NO,2026-10-09T00:05:31Z
2021-03-04T20:45:00Z,2021-03-04T21:45,2021-03-04T22:00,88,39,39,,39,-1,DOWN,NO,NO,2026-10-09T00:05:31Z
2021-03-04T21:00:00Z,2021-03-04T22:00,2021-03-04T22:15,89,37.14,37.14,,37.14,-1,DOWN,NO,NO,2026-10-09T00:05:31Z
2021-03-04T21:15:00Z,2021-03-04T22:15,2021-03-04T22:30,90,37.4,37.4,,37.4,-1,DOWN,NO,NO,2026-10-09T00:05:31Z
2021-03-04T21:30:00Z,2021-03-04T22:30,2021-03-04T22:45,91,40,40,,40,-1,DOWN,NO,NO,2026-10-09T00:05:31Z
2021-03-04T21:45:00Z,2021-03-04T22:45,2021-03-04T23:00,92,23.68,23.68,,23.68,-1,DOWN,NO,NO,2026-10-09T00:05:31Z
2021-03-04T22:00:00Z,2021-03-04T23:00,2021-03-04T23:15,93,56.64,-25.1,56.64,-25.1,2,UP_AND_DOWN,NO,NO,2026-10-09T00:05:31Z
2021-03-04T22:15:00Z,2021-03-04T23:15,2021-03-04T23:30,94,271.37,30,271.37,30,2,UP_AND_DOWN,NO,NO,2026-10-09T00:05:31Z
2021-03-04T22:30:00Z,2021-03-04T23:30,2021-03-04T23:45,95,4.35,4.35,,4.35,-1,DOWN,NO,NO,2026-10-09T00:05:31Z
2021-03-04T22:45:00Z,2021-03-04T23:45,2021-03-05T00:00,96,-25.1,-25.1,,-25.1,-1,DOWN,NO,NO,2026-10-09T00:05:31Z
2021-03-04T23:00:00Z,2021-03-05T00:00,2021-03-05T00:15,1,56.9,-128.55,56.9,-128.55,2,UP_AND_DOWN,NO,NO,2026-10-09T00:05:31Z
2021-03-04T23:15:00Z,2021-03-05T00:15,2021-03-05T00:30,2,44.83,44.83,44.83,,1,UP,NO,NO,2026-10-09T00:05:31Z
2021-03-04T23:30:00Z,2021-03-05T00:30,2021-03-05T00:45,3,50.91,50.91,50.91,,1,UP,NO,NO,2026-10-09T00:05:31Z
2021-03-04T23:45:00Z,2021-03-05T00:45,2021-03-05T01:00,4,40.59,40.59,40.59,,1,UP,NO,NO,2026-10-09T00:05:31Z
2021-03-05T00:00:00Z,2021-03-05T01:00,2021-03-05T01:15,5,39.12,39.12,,,0,STABLE,NO,NO,2026-10-09T00:05:31Z
2021-03-05T00:15:00Z,2021-03-05T01:15,2021-03-05T01:30,6,31.5,31.5,,31.5,-1,DOWN,NO,NO,2026-10-09T00:05:31Z
2021-03-05T00:30:00Z,2021-03-05T01:30,2021-03-05T01:45,7,-57.96,-57.96,,-57.96,-1,DOWN,NO,NO,2026-10-09T00:05:31Z
2021-03-05T00:45:00Z,2021-03-05T01:45,2021-03-05T02:00,8,-89.94,-89.94,,-89.94,-1,DOWN,NO,NO,2026-10-09T00:05:31Z
2021-03-05T01:00:00Z,2021-03-05T02:00,2021-03-05T02:15,9,31.5,31.5,,31.5,-1,DOWN,NO,NO,2026-10-09T00:05:31Z
2021-03-05T01:15:00Z,2021-03-05T02:15,2021-03-05T02:30,10,23.3,23.3,,23.3,-1,DOWN,NO,NO,2026-10-09T00:05:31Z
2021-03-05T01:30:00Z,2021-03-05T02:30,2021-03-05T02:45,11,23.71,23.71,,23.71,-1,DOWN,NO,NO,2026-10-09T00:05:31Z
2021-03-05T01:45:00Z,2021-03-05T02:45,2021-03-05T03:00,12,29.21,29.21,,29.21,-1,DOWN,NO,NO,2026-10-09T00:05:31Z
2021-03-05T02:00:00Z,2021-03-05T03:00,2021-03-05T03:15,13,32.51,32.51,,32.51,-1,DOWN,NO,NO,2026-10-09T00:05:31Z
2021-03-05T02:15:00Z,2021-03-05T03:15,2021-03-05T03:30,14,31.71,31.71,,31.71,-1,DOWN,NO,NO,2026-10-09T00:05:31Z
2021-03-05T02:30:00Z,2021-03-05T03:30,2021-03-05T03:45,15,28.12,28.12,,28.12,-1,DOWN,NO,NO,2026-10-09T00:05:31Z
2021-03-05T02:45:00Z,2021-03-05T03:45,2021-03-05T04:00,16,38.9,38.9,,,0,STABLE,NO,NO,2026-10-09T00:05:31Z
2021-03-05T03:00:00Z,2021-03-05T04:00,2021-03-05T04:15,17,38.16,38.16,,38.16,-1,DOWN,NO,NO,2026-10-09T00:05:31Z
2021-03-05T03:15:00Z,2021-03-05T04:15,2021-03-05T04:30,18,44.16,44.16,44.16,,1,UP,NO,NO,2026-10-09T00:05:31Z
2021-03-05T03:30:00Z,2021-03-05T04:30,2021-03-05T04:45,19,40.16,40.16,40.16,,1,UP,NO,NO,2026-10-09T00:05:31Z
2021-03-05T03:45:00Z,2021-03-05T04:45,2021-03-05T05:00,20,40.15,40.15,40.15,,1,UP,NO,NO,2026-10-09T00:05:31Z
2021-03-05T04:00:00Z,2021-03-05T05:00,2021-03-05T05:15,21,-39.72,-39.72,40.15,-39.72,-1,DOWN,NO,NO,2026-10-09T00:05:31Z
2021-03-05T04:15:00Z,2021-03-05T05:15,2021-03-05T05:30,22,25.12,25.12,,25.12,-1,DOWN,NO,NO,2026-10-09T00:05:31Z
2021-03-05T04:30:00Z,2021-03-05T05:30,2021-03-05T05:45,23,34.71,34.71,,34.71,-1,DOWN,NO,NO,2026-10-09T00:05:31Z
2021-03-05T04:45:00Z,2021-03-05T05:45,2021-03-05T06:00,24,40.15,37.49,40.15,37.49,2,UP_AND_DOWN,NO,NO,2026-10-09T00:05:31Z
2021-03-05T05:00:00Z,2021-03-05T06:00,2021-03-05T06:15,25,32.94,32.94,,32.94,-1,DOWN,NO,NO,2026-10-09T00:05:31Z
2021-03-05T05:15:00Z,2021-03-05T06:15,2021-03-05T06:30,26,38.16,38.16,,38.16,-1,DOWN,NO,NO,2026-10-09T00:05:31Z
2021-03-05T05:30:00Z,2021-03-05T06:30,2021-03-05T06:45,27,39.21,39.21,,,0,STABLE,NO,NO,2026-10-09T00:05:31Z
2021-03-05T05:45:00Z,2021-03-05T06:45,2021-03-05T07:00,28,39.52,39.52,,39.52,-1,DOWN,NO,NO,2026-10-09T00:05:31Z
2021-03-05T06:00:00Z,2021-03-05T07:00,2021-03-05T07:15,29,-30.08,-30.08,,-30.08,-1,DOWN,NO,NO,2026-10-09T00:05:31Z
2021-03-05T06:15:00Z,2021-03-05T07:15,2021-03-05T07:30,30,35.98,35.98,,35.98,-1,DOWN,NO,NO,2026-10-09T00:05:31Z
2021-03-05T06:30:00Z,2021-03-05T07:30,2021-03-05T07:45,31,37.36,37.36,,37.36,-1,DOWN,NO,NO,2026-10-09T00:05:31Z
2021-03-05T06:45:00Z,2021-03-05T07:45,2021-03-05T08:00,32,39.99,39.99,,,0,STABLE,NO,NO,2026-10-09T00:05:31Z
2021-03-05T07:00:00Z,2021-03-05T08:00,2021-03-05T08:15,33,40.48,40.48,40.48,,1,UP,NO,NO,2026-10-09T00:05:31Z
2021-03-05T07:15:00Z,2021-03-05T08:15,2021-03-05T08:30,34,42.85,42.85,42.85,,1,UP,NO,NO,2026-10-09T00:05:31Z
2021-03-05T07:30:00Z,2021-03-05T08:30,2021-03-05T08:45,35,44.16,44.16,44.16,,1,UP,NO,NO,2026-10-09T00:05:31Z
2021-03-05T07:45:00Z,2021-03-05T08:45,2021-03-05T09:00,36,8,8,44.16,8,-1,DOWN,NO,NO,2026-10-09T00:05:31Z
2021-03-05T08:00:00Z,2021-03-05T09:00,2021-03-05T09:15,37,56.79,35,56.79,35,2,UP_AND_DOWN,NO,NO,2026-10-09T00:05:31Z
2021-03-05T08:15:00Z,2021-03-05T09:15,2021-03-05T09:30,38,31.39,31.39,56.79,31.39,-1,DOWN,NO,NO,2026-10-09T00:05:31Z
2021-03-05T08:30:00Z,2021-03-05T09:30,2021-03-05T09:45,39,4.14,4.14,,4.14,-1,DOWN,NO,NO,2026-10-09T00:05:31Z
2021-03-05T08:45:00Z,2021-03-05T09:45,2021-03-05T10:00,40,6.84,6.84,,6.84,-1,DOWN,NO,NO,2026-10-09T00:05:31Z
2021-03-05T09:00:00Z,2021-03-05T10:00,2021-03-05T10:15,41,43.25,22.59,43.25,22.59,2,UP_AND_DOWN,NO,NO,2026-10-09T00:05:31Z
2021-03-05T09:15:00Z,2021-03-05T10:15,2021-03-05T10:30,42,28.84,28.84,,28.84,-1,DOWN,NO,NO,2026-10-09T00:05:31Z
2021-03-05T09:30:00Z,2021-03-05T10:30,2021-03-05T10:45,43,-28.06,-28.06,,-28.06,-1,DOWN,NO,NO,2026-10-09T00:05:31Z
2021-03-05T09:45:00Z,2021-03-05T10:45,2021-03-05T11:00,44,-22.88,-22.88,,-22.88,-1,DOWN,NO,NO,2026-10-09T00:05:31Z
2021-03-05T10:00:00Z,2021-03-05T11:00,2021-03-05T11:15,45,50,28.84,50,28.84,2,UP_AND_DOWN,NO,NO,2026-10-09T00:05:31Z
2021-03-05T10:15:00Z,2021-03-05T11:15,2021-03-05T11:30,46,46.25,46.25,46.25,,1,UP,NO,NO,2026-10-09T00:05:31Z
2021-03-05T10:30:00Z,2021-03-05T11:30,2021-03-05T11:45,47,41.45,41.45,41.45,,1,UP,NO,NO,2026-10-09T00:05:31Z
2021-03-05T10:45:00Z,2021-03-05T11:45,2021-03-05T12:00,48,47.45,47.45,47.45,,1,UP,NO,NO,2026-10-09T00:05:31Z
2021-03-05T11:00:00Z,2021-03-05T12:00,2021-03-05T12:15,49,54.5,54.5,54.5,,1,UP,NO,NO,2026-10-09T00:05:31Z
2021-03-05T11:15:00Z,2021-03-05T12:15,2021-03-05T12:30,50,47.45,47.45,47.45,,1,UP,NO,NO,2026-10-09T00:05:31Z
2021-03-05T11:30:00Z,2021-03-05T12:30,2021-03-05T12:45,51,78.44,34.84,78.44,34.84,2,UP_AND_DOWN,NO,NO,2026-10-09T00:05:31Z
2021-03-05T11:45:00Z,2021-03-05T12:45,2021-03-05T13:00,52,85.7,30.04,85.7,30.04,2,UP_AND_DOWN,NO,NO,2026-10-09T00:05:31Z
2021-03-05T12:00:00Z,2021-03-05T13:00,2021-03-05T13:15,53,-15.4,-15.4,85.7,-15.4,-1,DOWN,NO,NO,2026-10-09T00:05:31Z
2021-03-05T12:15:00Z,2021-03-05T13:15,2021-03-05T13:30,54,28.84,28.84,,28.84,-1,DOWN,NO,NO,2026-10-09T00:05:31Z
2021-03-05T12:30:00Z,2021-03-05T13:30,2021-03-05T13:45,55,37.73,37.73,,37.73,-1,DOWN,NO,NO,2026-10-09T00:05:31Z
2021-03-05T12:45:00Z,2021-03-05T13:45,2021-03-05T14:00,56,30.55,30.55,,30.55,-1,DOWN,NO,NO,2026-10-09T00:05:31Z
2021-03-05T13:00:00Z,2021-03-05T14:00,2021-03-05T14:15,57,28.84,28.84,,28.84,-1,DOWN,NO,NO,2026-10-09T00:05:31Z
2021-03-05T13:15:00Z,2021-03-05T14:15,2021-03-05T14:30,58,38.77,38.77,,,0,STABLE,NO,NO,2026-10-09T00:05:31Z
2021-03-05T13:30:00Z,2021-03-05T14:30,2021-03-05T14:45,59,38.72,38.72,,,0,STABLE,NO,NO,2026-10-09T00:05:31Z
2021-03-05T13:45:00Z,2021-03-05T14:45,2021-03-05T15:00,60,36.13,36.13,,36.13,-1,DOWN,NO,NO,2026-10-09T00:05:31Z
2021-03-05T14:00:00Z,2021-03-05T15:00,2021-03-05T15:15,61,-19.84,-19.84,,-19.84,-1,DOWN,NO,NO,2026-10-09T00:05:31Z
2021-03-05T14:15:00Z,2021-03-05T15:15,2021-03-05T15:30,62,31.84,31.84,,31.84,-1,DOWN,NO,NO,2026-10-09T00:05:31Z
2021-03-05T14:30:00Z,2021-03-05T15:30,2021-03-05T15:45,63,7.66,7.66,,7.66,-1,DOWN,NO,NO,2026-10-09T00:05:31Z
2021-03-05T14:45:00Z,2021-03-05T15:45,2021-03-05T16:00,64,31.84,31.84,,31.84,-1,DOWN,NO,NO,2026-10-09T00:05:31Z
2021-03-05T15:00:00Z,2021-03-05T16:00,2021-03-05T16:15,65,-130.7,-130.7,,-130.7,-1,DOWN,NO,NO,2026-10-09T00:05:31Z
2021-03-05T15:15:00Z,2021-03-05T16:15,2021-03-05T16:30,66,24.99,24.99,,24.99,-1,DOWN,NO,NO,2026-10-09T00:05:31Z
2021-03-05T15:30:00Z,2021-03-05T16:30,2021-03-05T16:45,67,24.56,24.56,,24.56,-1,DOWN,NO,NO,2026-10-09T00:05:31Z
2021-03-05T15:45:00Z,2021-03-05T16:45,2021-03-05T17:00,68,39.89,39.89,39.89,24.56,1,UP,NO,NO,2026-10-09T00:05:31Z
2021-03-05T16:00:00Z,2021-03-05T17:00,2021-03-05T17:15,69,-128.82,-128.82,39.89,-128.82,-1,DOWN,NO,NO,2026-10-09T00:05:31Z
2021-03-05T16:15:00Z,2021-03-05T17:15,2021-03-05T17:30,70,33.39,33.39,,33.39,-1,DOWN,NO,NO,2026-10-09T00:05:31Z
2021-03-05T16:30:00Z,2021-03-05T17:30,2021-03-05T17:45,71,25,25,,25,-1,DOWN,NO,NO,2026-10-09T00:05:31Z
2021-03-05T16:45:00Z,2021-03-05T17:45,2021-03-05T18:00,72,38.89,38.89,38.89,25,1,UP,NO,NO,2026-10-09T00:05:31Z
2021-03-05T17:00:00Z,2021-03-05T18:00,2021-03-05T18:15,73,52.78,52.78,52.78,,1,UP,NO,NO,2026-10-09T00:05:31Z
2021-03-05T17:15:00Z,2021-03-05T18:15,2021-03-05T18:30,74,35.94,35.94,52.78,35.94,-1,DOWN,NO,NO,2026-10-09T00:05:31Z
2021-03-05T17:30:00Z,2021-03-05T18:30,2021-03-05T18:45,75,35.31,35.31,,35.31,-1,DOWN,NO,NO,2026-10-09T00:05:31Z
2021-03-05T17:45:00Z,2021-03-05T18:45,2021-03-05T19:00,76,39.2,39.2,,,0,STABLE,NO,NO,2026-10-09T00:05:31Z
2021-03-05T18:00:00Z,2021-03-05T19:00,2021-03-05T19:15,77,42.41,42.41,42.41,,1,UP,NO,NO,2026-10-09T00:05:31Z
2021-03-05T18:15:00Z,2021-03-05T19:15,2021-03-05T19:30,78,42.41,42.41,42.41,,1,UP,NO,NO,2026-10-09T00:05:31Z
2021-03-05T18:30:00Z,2021-03-05T19:30,2021-03-05T19:45,79,44.45,38.3,44.45,38.3,2,UP_AND_DOWN,NO,NO,2026-10-09T00:05:31Z
2021-03-05T18:45:00Z,2021-03-05T19:45,2021-03-05T20:00,80,35.13,35.13,44.45,35.13,-1,DOWN,NO,NO,2026-10-09T00:05:31Z
2021-03-05T19:00:00Z,2021-03-05T20:00,2021-03-05T20:15,81,130.09,130.09,130.09,35.13,1,UP,NO,NO,2026-10-09T00:05:31Z
2021-03-05T19:15:00Z,2021-03-05T20:15,2021-03-05T20:30,82,35.82,35.82,130.09,35.82,-1,DOWN,NO,NO,2026-10-09T00:05:31Z
2021-03-05T19:30:00Z,2021-03-05T20:30,2021-03-05T20:45,83,31.84,31.84,,31.84,-1,DOWN,NO,NO,2026-10-09T00:05:31Z
2021-03-05T19:45:00Z,2021-03-05T20:45,2021-03-05T21:00,84,30.95,30.95,,30.95,-1,DOWN,NO,NO,2026-10-09T00:05:31Z
2021-03-05T20:00:00Z,2021-03-05T21:00,2021-03-05T21:15,85,30.75,30.75,,30.75,-1,DOWN,NO,NO,2026-10-09T00:05:31Z
2021-03-05T20:15:00Z,2021-03-05T21:15,2021-03-05T21:30,86,39.99,39.99,,,0,STABLE,NO,NO,2026-10-09T00:05:31Z
2021-03-05T20:30:00Z,2021-03-05T21:30,2021-03-05T21:45,87,38.92,38.92,,,0,STABLE,NO,NO,2026-10-09T00:05:31Z
2021-03-05T20:45:00Z,2021-03-05T21:45,2021-03-05T22:00,88,39.02,39.02,,39.02,-1,DOWN,NO,NO,2026-10-09T00:05:31Z
2021-03-05T21:00:00Z,2021-03-05T22:00,2021-03-05T22:15,89,38.99,38.99,,38.99,-1,DOWN,NO,NO,2026-10-09T00:05:31Z
2021-03-05T21:15:00Z,2021-03-05T22:15,2021-03-05T22:30,90,39.17,39.17,,,0,STABLE,NO,NO,2026-10-09T00:05:31Z
2021-03-05T21:30:00Z,2021-03-05T22:30,2021-03-05T22:45,91,39.11,39.11,,,0,STABLE,NO,NO,2026-10-09T00:05:31Z
2021-03-05T21:45:00Z,2021-03-05T22:45,2021-03-05T23:00,92,36.49,36.49,,36.49,-1,DOWN,NO,NO,2026-10-09T00:05:31Z
2021-03-05T22:00:00Z,2021-03-05T23:00,2021-03-05T23:15,93,41.02,34.84,41.02,34.84,2,UP_AND_DOWN,NO,NO,2026-10-09T00:05:31Z
2021-03-05T22:15:00Z,2021-03-05T23:15,2021-03-05T23:30,94,38.51,38.51,,,0,STABLE,NO,NO,2026-10-09T00:05:31Z
2021-03-05T22:30:00Z,2021-03-05T23:30,2021-03-05T23:45,95,38.51,38.51,,,0,STABLE,NO,NO,2026-10-09T00:05:31Z
2021-03-05T22:45:00Z,2021-03-05T23:45,2021-03-06T00:00,96,31.84,31.84,,31.84,-1,DOWN,NO,NO,2026-10-09T00:05:31Z
2021-03-05T23:00:00Z,2021-03-06T00:00,2021-03-06T00:15,1,46.71,26.48,46.71,26.48,2,UP_AND_DOWN,NO,NO,2026-10-09T00:05:31Z
2021-03-05T23:15:00Z,2021-03-06T00:15,2021-03-06T00:30,2,63.38,63.38,63.38,,1,UP,NO,NO,2026-10-09T00:05:31Z
2021-03-05T23:30:00Z,2021-03-06T00:30,2021-03-06T00:45,3,41.24,41.24,41.24,,1,UP,NO,NO,2026-10-09T00:05:31Z
2021-03-05T23:45:00Z,2021-03-06T00:45,2021-03-06T01:00,4,31.84,31.84,41.24,31.84,-1,DOWN,NO,NO,2026-10-09T00:05:31Z
2021-03-06T00:00:00Z,2021-03-06T01:00,2021-03-06T01:15,5,46.48,46.48,46.48,31.84,1,UP,NO,NO,2026-10-09T00:05:31Z
2021-03-06T00:15:00Z,2021-03-06T01:15,2021-03-06T01:30,6,43.74,43.74,43.74,,1,UP,NO,NO,2026-10-09T00:05:31Z
2021-03-06T00:30:00Z,2021-03-06T01:30,2021-03-06T01:45,7,37.56,37.56,,,0,STABLE,NO,NO,2026-10-09T00:05:31Z
2021-03-06T00:45:00Z,2021-03-06T01:45,2021-03-06T02:00,8,37.65,37.65,,37.65,-1,DOWN,NO,NO,2026-10-09T00:05:31Z
2021-03-06T01:00:00Z,2021-03-06T02:00,2021-03-06T02:15,9,44.58,44.58,44.58,36,1,UP,NO,NO,2026-10-09T00:05:31Z
2021-03-06T01:15:00Z,2021-03-06T02:15,2021-03-06T02:30,10,41.15,41.15,41.15,,1,UP,NO,NO,2026-10-09T00:05:31Z
2021-03-06T01:30:00Z,2021-03-06T02:30,2021-03-06T02:45,11,38.86,38.86,38.86,,1,UP,NO,NO,2026-10-09T00:05:31Z
2021-03-06T01:45:00Z,2021-03-06T02:45,2021-03-06T03:00,12,38.87,38.87,38.87,,1,UP,NO,NO,2026-10-09T00:05:31Z
2021-03-06T02:00:00Z,2021-03-06T03:00,2021-03-06T03:15,13,42.1,42.1,42.1,,1,UP,NO,NO,2026-10-09T00:05:31Z
2021-03-06T02:15:00Z,2021-03-06T03:15,2021-03-06T03:30,14,38.49,38.49,38.49,,1,UP,NO,NO,2026-10-09T00:05:31Z
2021-03-06T02:30:00Z,2021-03-06T03:30,2021-03-06T03:45,15,33.33,33.33,33.33,,1,UP,NO,NO,2026-10-09T00:05:31Z
2021-03-06T02:45:00Z,2021-03-06T03:45,2021-03-06T04:00,16,40.25,40.25,40.25,,1,UP,NO,NO,2026-10-09T00:05:31Z
2021-03-06T03:00:00Z,2021-03-06T04:00,2021-03-06T04:15,17,43.01,43.01,43.01,,1,UP,NO,NO,2026-10-09T00:05:31Z
2021-03-06T03:15:00Z,2021-03-06T04:15,2021-03-06T04:30,18,42.7,42.7,42.7,,1,UP,NO,NO,2026-10-09T00:05:31Z
2021-03-06T03:30:00Z,2021-03-06T04:30,2021-03-06T04:45,19,46.1,46.1,46.1,,1,UP,NO,NO,2026-10-09T00:05:31Z
2021-03-06T03:45:00Z,2021-03-06T04:45,2021-03-06T05:00,20,38.44,38.44,38.44,,1,UP,NO,NO,2026-10-09T00:05:31Z
2021-03-06T04:00:00Z,2021-03-06T05:00,2021-03-06T05:15,21,40.06,40.06,40.06,,1,UP,NO,NO,2026-10-09T00:05:31Z
2021-03-06T04:15:00Z,2021-03-06T05:15,2021-03-06T05:30,22,44.94,44.94,44.94,,1,UP,NO,NO,2026-10-09T00:05:31Z
2021-03-06T04:30:00Z,2021-03-06T05:30,2021-03-06T05:45,23,39.59,39.59,39.59,,1,UP,NO,NO,2026-10-09T00:05:31Z
2021-03-06T04:45:00Z,2021-03-06T05:45,2021-03-06T06:00,24,37.56,37.56,,,0,STABLE,NO,NO,2026-10-09T00:05:31Z
2021-03-06T05:00:00Z,2021-03-06T06:00,2021-03-06T06:15,25,37.56,37.56,,,0,STABLE,NO,NO,2026-10-09T00:05:31Z
2021-03-06T05:15:00Z,2021-03-06T06:15,2021-03-06T06:30,26,37.56,37.56,,,0,STABLE,NO,NO,2026-10-09T00:05:31Z
2021-03-06T05:30:00Z,2021-03-06T06:30,2021-03-06T06:45,27,37.56,37.56,,,0,STABLE,NO,NO,2026-10-09T00:05:31Z
2021-03-06T05:45:00Z,2021-03-06T06:45,2021-03-06T07:00,28,37.56,37.56,,,0,STABLE,NO,NO,2026-10-09T00:05:31Z
2021-03-06T06:00:00Z,2021-03-06T07:00,2021-03-06T07:15,29,37.56,37.56,,,0,STABLE,NO,NO,2026-10-09T00:05:31Z
2021-03-06T06:15:00Z,2021-03-06T07:15,2021-03-06T07:30,30,37.56,37.56,,,0,STABLE,NO,NO,2026-10-09T00:05:31Z
2021-03-06T06:30:00Z,2021-03-06T07:30,2021-03-06T07:45,31,37.56,37.56,,,0,STABLE,NO,NO,2026-10-09T00:05:31Z
2021-03-06T06:45:00Z,2021-03-06T07:45,2021-03-06T08:00,32,37.56,37.56,,,0,STABLE,NO,NO,2026-10-09T00:05:31Z
2021-03-06T07:00:00Z,2021-03-06T08:00,2021-03-06T08:15,33,37.56,37.56,,,0,STABLE,NO,NO,2026-10-09T00:05:31Z
2021-03-06T07:15:00Z,2021-03-06T08:15,2021-03-06T08:30,34,37.56,37.56,,,0,STABLE,NO,NO,2026-10-09T00:05:31Z
2021-03-06T07:30:00Z,2021-03-06T08:30,2021-03-06T08:45,35,37.56,37.56,,,0,STABLE,NO,NO,2026-10-09T00:05:31Z
2021-03-06T07:45:00Z,2021-03-06T08:45,2021-03-06T09:00,36,37.56,37.56,,,0,STABLE,NO,NO,2026-10-09T00:05:31Z
2021-03-06T08:00:00Z,2021-03-06T09:00,2021-03-06T09:15,37,44.17,44.17,44.17,,1,UP,NO,NO,2026-10-09T00:05:31Z
2021-03-06T08:15:00Z,2021-03-06T09:15,2021-03-06T09:30,38,38.6,36.15,38.6,36.15,2,UP_AND_DOWN,NO,NO,2026-10-09T00:05:31Z
2021-03-06T08:30:00Z,2021-03-06T09:30,2021-03-06T09:45,39,5.61,5.61,,5.61,-1,DOWN,NO,NO,2026-10-09T00:05:31Z
2021-03-06T08:45:00Z,2021-03-06T09:45,2021-03-06T10:00,40,-4.77,-4.77,,-4.77,-1,DOWN,NO,NO,2026-10-09T00:05:31Z
2021-03-06T09:00:00Z,2021-03-06T10:00,2021-03-06T10:15,41,46.2,46.2,46.2,-4.77,1,UP,NO,NO,2026-10-09T00:05:31Z
2021-03-06T09:15:00Z,2021-03-06T10:15,2021-03-06T10:30,42,36.84,36.84,46.2,36.84,-1,DOWN,NO,NO,2026-10-09T00:05:31Z
2021-03-06T09:30:00Z,2021-03-06T10:30,2021-03-06T10:45,43,33.56,33.56,,33.56,-1,DOWN,NO,NO,2026-10-09T00:05:31Z
2021-03-06T09:45:00Z,2021-03-06T10:45,2021-03-06T11:00,44,34.69,34.69,,34.69,-1,DOWN,NO,NO,2026-10-09T00:05:31Z
2021-03-06T10:00:00Z,2021-03-06T11:00,2021-03-06T11:15,45,213,213,213,,1,UP,NO,NO,2026-10-09T00:05:31Z
2021-03-06T10:15:00Z,2021-03-06T11:15,2021-03-06T11:30,46,73.82,73.82,73.82,,1,UP,NO,NO,2026-10-09T00:05:31Z
2021-03-06T10:30:00Z,2021-03-06T11:30,2021-03-06T11:45,47,83.81,83.81,83.81,,1,UP,NO,NO,2026-10-09T00:05:31Z
2021-03-06T10:45:00Z,2021-03-06T11:45,2021-03-06T12:00,48,59.7,59.7,59.7,,1,UP,NO,NO,2026-10-09T00:05:31Z
2021-03-06T11:00:00Z,2021-03-06T12:00,2021-03-06T12:15,49,210.4,210.4,210.4,,1,UP,NO,NO,2026-10-09T00:05:31Z
2021-03-06T11:15:00Z,2021-03-06T12:15,2021-03-06T12:30,50,105.4,105.4,105.4,,1,UP,NO,NO,2026-10-09T00:05:31Z
2021-03-06T11:30:00Z,2021-03-06T12:30,2021-03-06T12:45,51,46.2,46.2,46.2,,1,UP,NO,NO,2026-10-09T00:05:31Z
2021-03-06T11:45:00Z,2021-03-06T12:45,2021-03-06T13:00,52,210.4,210.4,210.4,,1,UP,NO,NO,2026-10-09T00:05:31Z
2021-03-06T12:00:00Z,2021-03-06T13:00,2021-03-06T13:15,53,40.95,22.09,40.95,22.09,2,UP_AND_DOWN,NO,NO,2026-10-09T00:05:31Z
2021-03-06T12:15:00Z,2021-03-06T13:15,2021-03-06T13:30,54,76.76,76.76,76.76,,1,UP,NO,NO,2026-10-09T00:05:31Z
2021-03-06T12:30:00Z,2021-03-06T13:30,2021-03-06T13:45,55,49.95,49.95,49.95,,1,UP,NO,NO,2026-10-09T00:05:31Z
2021-03-06T12:45:00Z,2021-03-06T13:45,2021-03-06T14:00,56,83.81,83.81,83.81,,1,UP,NO,NO,2026-10-09T00:05:31Z
2021-03-06T13:00:00Z,2021-03-06T14:00,2021-03-06T14:15,57,34.69,34.69,83.81,34.69,-1,DOWN,NO,NO,2026-10-09T00:05:31Z
2021-03-06T13:15:00Z,2021-03-06T14:15,2021-03-06T14:30,58,37.95,37.95,37.95,34.69,1,UP,NO,NO,2026-10-09T00:05:31Z
2021-03-06T13:30:00Z,2021-03-06T14:30,2021-03-06T14:45,59,44.84,44.84,44.84,,1,UP,NO,NO,2026-10-09T00:05:31Z
2021-03-06T13:45:00Z,2021-03-06T14:45,2021-03-06T15:00,60,37.89,37.89,37.89,,1,UP,NO,NO,2026-10-09T00:05:31Z
2021-03-06T14:00:00Z,2021-03-06T15:00,2021-03-06T15:15,61,28.69,28.69,,28.69,-1,DOWN,NO,NO,2026-10-09T00:05:31Z
2021-03-06T14:15:00Z,2021-03-06T15:15,2021-03-06T15:30,62,-26.43,-26.43,,-26.43,-1,DOWN,NO,NO,2026-10-09T00:05:31Z
2021-03-06T14:30:00Z,2021-03-06T15:30,2021-03-06T15:45,63,39.45,27.9,39.45,27.9,2,UP_AND_DOWN,NO,NO,2026-10-09T00:05:31Z
2021-03-06T14:45:00Z,2021-03-06T15:45,2021-03-06T16:00,64,38.16,38.16,,,0,STABLE,NO,NO,2026-10-09T00:05:31Z
2021-03-06T15:00:00Z,2021-03-06T16:00,2021-03-06T16:15,65,37.7,37.7,,,0,STABLE,NO,NO,2026-10-09T00:05:31Z
2021-03-06T15:15:00Z,2021-03-06T16:15,2021-03-06T16:30,66,26.99,26.99,,26.99,-1,DOWN,NO,NO,2026-10-09T00:05:31Z
2021-03-06T15:30:00Z,2021-03-06T16:30,2021-03-06T16:45,67,37.39,37.39,,37.39,-1,DOWN,NO,NO,2026-10-09T00:05:31Z
2021-03-06T15:45:00Z,2021-03-06T16:45,2021-03-06T17:00,68,55.06,55.06,55.06,,1,UP,NO,NO,2026-10-09T00:05:31Z
2021-03-06T16:00:00Z,2021-03-06T17:00,2021-03-06T17:15,69,39.17,39.17,52.27,39.17,-1,DOWN,NO,NO,2026-10-09T00:05:31Z
2021-03-06T16:15:00Z,2021-03-06T17:15,2021-03-06T17:30,70,38.42,38.42,,38.42,-1,DOWN,NO,NO,2026-10-09T00:05:31Z
2021-03-06T16:30:00Z,2021-03-06T17:30,2021-03-06T17:45,71,38.27,38.27,,,0,STABLE,NO,NO,2026-10-09T00:05:31Z
2021-03-06T16:45:00Z,2021-03-06T17:45,2021-03-06T18:00,72,48.1,48.1,48.1,,1,UP,NO,NO,2026-10-09T00:05:31Z
2021-03-06T17:00:00Z,2021-03-06T18:00,2021-03-06T18:15,73,47.35,34.23,47.35,34.23,2,UP_AND_DOWN,NO,NO,2026-10-09T00:05:31Z
2021-03-06T17:15:00Z,2021-03-06T18:15,2021-03-06T18:30,74,38.59,38.59,,,0,STABLE,NO,NO,2026-10-09T00:05:31Z
2021-03-06T17:30:00Z,2021-03-06T18:30,2021-03-06T18:45,75,38.63,38.63,,,0,STABLE,NO,NO,2026-10-09T00:05:31Z
2021-03-06T17:45:00Z,2021-03-06T18:45,2021-03-06T19:00,76,48.27,48.27,48.27,,1,UP,NO,NO,2026-10-09T00:05:31Z
2021-03-06T18:00:00Z,2021-03-06T19:00,2021-03-06T19:15,77,123.87,123.87,123.87,,1,UP,NO,NO,2026-10-09T00:05:31Z
2021-03-06T18:15:00Z,2021-03-06T19:15,2021-03-06T19:30,78,56.9,56.9,56.9,,1,UP,NO,NO,2026-10-09T00:05:31Z
2021-03-06T18:30:00Z,2021-03-06T19:30,2021-03-06T19:45,79,38.79,38.79,,,0,STABLE,NO,NO,2026-10-09T00:05:31Z
2021-03-06T18:45:00Z,2021-03-06T19:45,2021-03-06T20:00,80,39.9,39.9,,,0,STABLE,NO,NO,2026-10-09T00:05:31Z
2021-03-06T19:00:00Z,2021-03-06T20:00,2021-03-06T20:15,81,39.62,39.62,39.62,,1,UP,NO,NO,2026-10-09T00:05:31Z
2021-03-06T19:15:00Z,2021-03-06T20:15,2021-03-06T20:30,82,41.26,41.26,41.26,,1,UP,NO,NO,2026-10-09T00:05:31Z
2021-03-06T19:30:00Z,2021-03-06T20:30,2021-03-06T20:45,83,38.57,38.57,,,0,STABLE,NO,NO,2026-10-09T00:05:31Z
2021-03-06T19:45:00Z,2021-03-06T20:45,2021-03-06T21:00,84,38.63,38.63,,,0,STABLE,NO,NO,2026-10-09T00:05:31Z
2021-03-06T20:00:00Z,2021-03-06T21:00,2021-03-06T21:15,85,50.27,50.27,50.27,,1,UP,NO,NO,2026-10-09T00:05:31Z
2021-03-06T20:15:00Z,2021-03-06T21:15,2021-03-06T21:30,86,39.03,39.03,39.03,,1,UP,NO,NO,2026-10-09T00:05:31Z
2021-03-06T20:30:00Z,2021-03-06T21:30,2021-03-06T21:45,87,39.03,39.03,,,0,STABLE,NO,NO,2026-10-09T00:05:31Z
2021-03-06T20:45:00Z,2021-03-06T21:45,2021-03-06T22:00,88,33.95,33.95,,33.95,-1,DOWN,NO,NO,2026-10-09T00:05:31Z
2021-03-06T21:00:00Z,2021-03-06T22:00,2021-03-06T22:15,89,33.95,33.95,,33.95,-1,DOWN,NO,NO,2026-10-09T00:05:31Z
2021-03-06T21:15:00Z,2021-03-06T22:15,2021-03-06T22:30,90,39.03,39.03,,39.03,-1,DOWN,NO,NO,2026-10-09T00:05:31Z
2021-03-06T21:30:00Z,2021-03-06T22:30,2021-03-06T22:45,91,38.99,38.99,,38.99,-1,DOWN,NO,NO,2026-10-09T00:05:31Z
2021-03-06T21:45:00Z,2021-03-06T22:45,2021-03-06T23:00,92,39.19,39.19,39.19,,1,UP,NO,NO,2026-10-09T00:05:31Z
2021-03-06T22:00:00Z,2021-03-06T23:00,2021-03-06T23:15,93,69.53,69.53,69.53,,1,UP,NO,NO,2026-10-09T00:05:31Z
2021-03-06T22:15:00Z,2021-03-06T23:15,2021-03-06T23:30,94,52.27,52.27,52.27,,1,UP,NO,NO,2026-10-09T00:05:31Z
2021-03-06T22:30:00Z,2021-03-06T23:30,2021-03-06T23:45,95,31.69,31.69,52.27,31.69,-1,DOWN,NO,NO,2026-10-09T00:05:31Z
2021-03-06T22:45:00Z,2021-03-06T23:45,2021-03-07T00:00,96,406.01,37.34,406.01,37.34,2,UP_AND_DOWN,NO,NO,2026-10-09T00:05:31Z
2021-03-06T23:00:00Z,2021-03-07T00:00,2021-03-07T00:15,1,32.34,32.34,406.01,32.34,-1,DOWN,NO,NO,2026-10-09T00:05:31Z
2021-03-06T23:15:00Z,2021-03-07T00:15,2021-03-07T00:30,2,29.53,29.53,,29.53,-1,DOWN,NO,NO,2026-10-09T00:05:31Z
2021-03-06T23:30:00Z,2021-03-07T00:30,2021-03-07T00:45,3,39.56,28,38.81,28,2,UP_AND_DOWN,NO,NO,2026-10-09T00:05:31Z
2021-03-06T23:45:00Z,2021-03-07T00:45,2021-03-07T01:00,4,35.65,35.65,38.81,35.65,-1,DOWN,NO,NO,2026-10-09T00:05:31Z
2021-03-07T00:00:00Z,2021-03-07T01:00,2021-03-07T01:15,5,43.7,5,43.7,5,2,UP_AND_DOWN,NO,NO,2026-10-09T00:05:31Z
2021-03-07T00:15:00Z,2021-03-07T01:15,2021-03-07T01:30,6,166.76,38.9,166.76,38.94,2,UP_AND_DOWN,NO,NO,2026-10-09T00:05:31Z
2021-03-07T00:30:00Z,2021-03-07T01:30,2021-03-07T01:45,7,37.08,37.08,,37.08,-1,DOWN,NO,NO,2026-10-09T00:05:31Z
2021-03-07T00:45:00Z,2021-03-07T01:45,2021-03-07T02:00,8,39.56,39.56,,,0,STABLE,NO,NO,2026-10-09T00:05:31Z
2021-03-07T01:00:00Z,2021-03-07T02:00,2021-03-07T02:15,9,37.65,37.65,,37.65,-1,DOWN,NO,NO,2026-10-09T00:05:31Z
2021-03-07T01:15:00Z,2021-03-07T02:15,2021-03-07T02:30,10,38.85,38.85,,,0,STABLE,NO,NO,2026-10-09T00:05:31Z
2021-03-07T01:30:00Z,2021-03-07T02:30,2021-03-07T02:45,11,38.86,38.86,,,0,STABLE,NO,NO,2026-10-09T00:05:31Z
2021-03-07T01:45:00Z,2021-03-07T02:45,2021-03-07T03:00,12,35.65,35.65,,35.65,-1,DOWN,NO,NO,2026-10-09T00:05:31Z
2021-03-07T02:00:00Z,2021-03-07T03:00,2021-03-07T03:15,13,37.73,37.73,,37.73,-1,DOWN,NO,NO,2026-10-09T00:05:31Z
2021-03-07T02:15:00Z,2021-03-07T03:15,2021-03-07T03:30,14,36.78,36.78,,36.78,-1,DOWN,NO,NO,2026-10-09T00:05:31Z
2021-03-07T02:30:00Z,2021-03-07T03:30,2021-03-07T03:45,15,35.65,35.65,,35.65,-1,DOWN,NO,NO,2026-10-09T00:05:31Z
2021-03-07T02:45:00Z,2021-03-07T03:45,2021-03-07T04:00,16,34.62,34.62,,34.62,-1,DOWN,NO,NO,2026-10-09T00:05:31Z
2021-03-07T03:00:00Z,2021-03-07T04:00,2021-03-07T04:15,17,39.96,39.96,39.96,34.62,1,UP,NO,NO,2026-10-09T00:05:31Z
2021-03-07T03:15:00Z,2021-03-07T04:15,2021-03-07T04:30,18,38.79,38.79,38.79,,1,UP,NO,NO,2026-10-09T00:05:31Z
2021-03-07T03:30:00Z,2021-03-07T04:30,2021-03-07T04:45,19,38.78,38.78,38.78,,1,UP,NO,NO,2026-10-09T00:05:31Z
2021-03-07T03:45:00Z,2021-03-07T04:45,2021-03-07T05:00,20,38.79,38.79,38.79,,1,UP,NO,NO,2026-10-09T00:05:31Z
2021-03-07T04:00:00Z,2021-03-07T05:00,2021-03-07T05:15,21,38.81,38.81,,,0,STABLE,NO,NO,2026-10-09T00:05:31Z
2021-03-07T04:15:00Z,2021-03-07T05:15,2021-03-07T05:30,22,38.79,38.79,,,0,STABLE,NO,NO,2026-10-09T00:05:31Z
2021-03-07T04:30:00Z,2021-03-07T05:30,2021-03-07T05:45,23,42.66,42.66,42.66,,1,UP,NO,NO,2026-10-09T00:05:31Z
2021-03-07T04:45:00Z,2021-03-07T05:45,2021-03-07T06:00,24,41.61,41.61,41.61,,1,UP,NO,NO,2026-10-09T00:05:31Z
2021-03-07T05:00:00Z,2021-03-07T06:00,2021-03-07T06:15,25,38.73,38.73,38.73,,1,UP,NO,NO,2026-10-09T00:05:31Z
2021-03-07T05:15:00Z,2021-03-07T06:15,2021-03-07T06:30,26,38.83,38.83,,,0,STABLE,NO,NO,2026-10-09T00:05:31Z
2021-03-07T05:30:00Z,2021-03-07T06:30,2021-03-07T06:45,27,38.76,38.76,38.76,,1,UP,NO,NO,2026-10-09T00:05:31Z
2021-03-07T05:45:00Z,2021-03-07T06:45,2021-03-07T07:00,28,38.76,38.76,38.76,,1,UP,NO,NO,2026-10-09T00:05:31Z
2021-03-07T06:00:00Z,2021-03-07T07:00,2021-03-07T07:15,29,43.87,43.87,43.87,,1,UP,NO,NO,2026-10-09T00:05:31Z
2021-03-07T06:15:00Z,2021-03-07T07:15,2021-03-07T07:30,30,38.78,38.78,38.78,,1,UP,NO,NO,2026-10-09T00:05:31Z
2021-03-07T06:30:00Z,2021-03-07T07:30,2021-03-07T07:45,31,43.87,43.87,43.87,,1,UP,NO,NO,2026-10-09T00:05:31Z
2021-03-07T06:45:00Z,2021-03-07T07:45,2021-03-07T08:00,32,41.91,41.91,41.91,,1,UP,NO,NO,2026-10-09T00:05:31Z
2021-03-07T07:00:00Z,2021-03-07T08:00,2021-03-07T08:15,33,41.15,41.15,41.15,,1,UP,NO,NO,2026-10-09T00:05:31Z
2021-03-07T07:15:00Z,2021-03-07T08:15,2021-03-07T08:30,34,44.55,44.55,44.55,,1,UP,NO,NO,2026-10-09T00:05:31Z
2021-03-07T07:30:00Z,2021-03-07T08:30,2021-03-07T08:45,35,68.87,68.87,68.87,,1,UP,NO,NO,2026-10-09T00:05:31Z
2021-03-07T07:45:00Z,2021-03-07T08:45,2021-03-07T09:00,36,51.37,51.37,51.37,,1,UP,NO,NO,2026-10-09T00:05:31Z
2021-03-07T08:00:00Z,2021-03-07T09:00,2021-03-07T09:15,37,268.46,268.46,268.46,,1,UP,NO,NO,2026-10-09T00:05:31Z
2021-03-07T08:15:00Z,2021-03-07T09:15,2021-03-07T09:30,38,268.46,268.46,268.46,,1,UP,NO,NO,2026-10-09T00:05:31Z
2021-03-07T08:30:00Z,2021-03-07T09:30,2021-03-07T09:45,39,62.49,62.49,62.49,,1,UP,NO,NO,2026-10-09T00:05:31Z
2021-03-07T08:45:00Z,2021-03-07T09:45,2021-03-07T10:00,40,34.71,34.71,52.33,34.71,-1,DOWN,NO,NO,2026-10-09T00:05:31Z
2021-03-07T09:00:00Z,2021-03-07T10:00,2021-03-07T10:15,41,29.91,29.91,52.33,29.91,-1,DOWN,NO,NO,2026-10-09T00:05:31Z
2021-03-07T09:15:00Z,2021-03-07T10:15,2021-03-07T10:30,42,38.93,38.93,38.93,37.36,1,UP,NO,NO,2026-10-09T00:05:31Z
2021-03-07T09:30:00Z,2021-03-07T10:30,2021-03-07T10:45,43,39,31.26,39,31.26,2,UP_AND_DOWN,NO,NO,2026-10-09T00:05:31Z
2021-03-07T09:45:00Z,2021-03-07T10:45,2021-03-07T11:00,44,9,9,,9,-1,DOWN,NO,NO,2026-10-09T00:05:31Z
2021-03-07T10:00:00Z,2021-03-07T11:00,2021-03-07T11:15,45,43.1,30.15,43.1,30.15,2,UP_AND_DOWN,NO,NO,2026-10-09T00:05:31Z
2021-03-07T10:15:00Z,2021-03-07T11:15,2021-03-07T11:30,46,13.47,13.47,,13.47,-1,DOWN,NO,NO,2026-10-09T00:05:31Z
2021-03-07T10:30:00Z,2021-03-07T11:30,2021-03-07T11:45,47,28,28,,28,-1,DOWN,NO,NO,2026-10-09T00:05:31Z
2021-03-07T10:45:00Z,2021-03-07T11:45,2021-03-07T12:00,48,29.91,29.91,,29.91,-1,DOWN,NO,NO,2026-10-09T00:05:31Z
2021-03-07T11:00:00Z,2021-03-07T12:00,2021-03-07T12:15,49,166.71,35.42,166.71,35.42,2,UP_AND_DOWN,NO,NO,2026-10-09T00:05:31Z
2021-03-07T11:15:00Z,2021-03-07T12:15,2021-03-07T12:30,50,59.45,59.45,59.45,,1,UP,NO,NO,2026-10-09T00:05:31Z
2021-03-07T11:30:00Z,2021-03-07T12:30,2021-03-07T12:45,51,73.51,73.51,73.51,,1,UP,NO,NO,2026-10-09T00:05:31Z
2021-03-07T11:45:00Z,2021-03-07T12:45,2021-03-07T13:00,52,54.44,54.44,54.44,,1,UP,NO,NO,2026-10-09T00:05:31Z
2021-03-07T12:00:00Z,2021-03-07T13:00,2021-03-07T13:15,53,94.11,94.11,94.11,,1,UP,NO,NO,2026-10-09T00:05:31Z
2021-03-07T12:15:00Z,2021-03-07T13:15,2021-03-07T13:30,54,55.05,55.05,55.05,,1,UP,NO,NO,2026-10-09T00:05:31Z
2021-03-07T12:30:00Z,2021-03-07T13:30,2021-03-07T13:45,55,54.4,54.4,54.4,,1,UP,NO,NO,2026-10-09T00:05:31Z
2021-03-07T12:45:00Z,2021-03-07T13:45,2021-03-07T14:00,56,54.4,54.4,54.4,,1,UP,NO,NO,2026-10-09T00:05:31Z
2021-03-07T13:00:00Z,2021-03-07T14:00,2021-03-07T14:15,57,45.85,9,45.85,9,2,UP_AND_DOWN,NO,NO,2026-10-09T00:05:31Z
2021-03-07T13:15:00Z,2021-03-07T14:15,2021-03-07T14:30,58,39.66,29.72,39.66,29.72,2,UP_AND_DOWN,NO,NO,2026-10-09T00:05:31Z
2021-03-07T13:30:00Z,2021-03-07T14:30,2021-03-07T14:45,59,40.9,40.9,40.9,29.72,1,UP,NO,NO,2026-10-09T00:05:31Z
2021-03-07T13:45:00Z,2021-03-07T14:45,2021-03-07T15:00,60,32.91,32.91,,32.91,-1,DOWN,NO,NO,2026-10-09T00:05:31Z
2021-03-07T14:00:00Z,2021-03-07T15:00,2021-03-07T15:15,61,28.28,28.28,,28.28,-1,DOWN,NO,NO,2026-10-09T00:05:31Z
2021-03-07T14:15:00Z,2021-03-07T15:15,2021-03-07T15:30,62,3.66,3.66,,3.66,-1,DOWN,NO,NO,2026-10-09T00:05:31Z
2021-03-07T14:30:00Z,2021-03-07T15:30,2021-03-07T15:45,63,33.79,33.79,,33.79,-1,DOWN,NO,NO,2026-10-09T00:05:31Z
2021-03-07T14:45:00Z,2021-03-07T15:45,2021-03-07T16:00,64,24.47,24.47,,24.47,-1,DOWN,NO,NO,2026-10-09T00:05:31Z
2021-03-07T15:00:00Z,2021-03-07T16:00,2021-03-07T16:15,65,32.99,32.99,,32.99,-1,DOWN,NO,NO,2026-10-09T00:05:31Z
2021-03-07T15:15:00Z,2021-03-07T16:15,2021-03-07T16:30,66,37.02,37.02,,37.02,-1,DOWN,NO,NO,2026-10-09T00:05:31Z
2021-03-07T15:30:00Z,2021-03-07T16:30,2021-03-07T16:45,67,39.65,37.91,38.7,37.91,2,UP_AND_DOWN,NO,NO,2026-10-09T00:05:31Z
2021-03-07T15:45:00Z,2021-03-07T16:45,2021-03-07T17:00,68,46.15,46.15,46.15,,1,UP,NO,NO,2026-10-09T00:05:31Z
2021-03-07T16:00:00Z,2021-03-07T17:00,2021-03-07T17:15,69,39.72,39.72,,,0,STABLE,NO,NO,2026-10-09T00:05:31Z
2021-03-07T16:15:00Z,2021-03-07T17:15,2021-03-07T17:30,70,38.85,38.85,38.85,,1,UP,NO,NO,2026-10-09T00:05:31Z
2021-03-07T16:30:00Z,2021-03-07T17:30,2021-03-07T17:45,71,40.47,40.47,40.47,,1,UP,NO,NO,2026-10-09T00:05:31Z
2021-03-07T16:45:00Z,2021-03-07T17:45,2021-03-07T18:00,72,48.54,48.54,48.54,,1,UP,NO,NO,2026-10-09T00:05:31Z
2021-03-07T17:00:00Z,2021-03-07T18:00,2021-03-07T18:15,73,48.54,48.54,48.54,,1,UP,NO,NO,2026-10-09T00:05:31Z
2021-03-07T17:15:00Z,2021-03-07T18:15,2021-03-07T18:30,74,39.55,39.55,39.55,,1,UP,NO,NO,2026-10-09T00:05:31Z
2021-03-07T17:30:00Z,2021-03-07T18:30,2021-03-07T18:45,75,39.56,39.56,39.56,,1,UP,NO,NO,2026-10-09T00:05:31Z
2021-03-07T17:45:00Z,2021-03-07T18:45,2021-03-07T19:00,76,41.56,41.56,,,0,STABLE,NO,NO,2026-10-09T00:05:31Z
2021-03-07T18:00:00Z,2021-03-07T19:00,2021-03-07T19:15,77,40.31,40.31,,,0,STABLE,NO,NO,2026-10-09T00:05:31Z
2021-03-07T18:15:00Z,2021-03-07T19:15,2021-03-07T19:30,78,53.56,53.56,53.56,,1,UP,NO,NO,2026-10-09T00:05:31Z
2021-03-07T18:30:00Z,2021-03-07T19:30,2021-03-07T19:45,79,53.56,53.56,53.56,,1,UP,NO,NO,2026-10-09T00:05:31Z
2021-03-07T18:45:00Z,2021-03-07T19:45,2021-03-07T20:00,80,41.57,41.57,,,0,STABLE,NO,NO,2026-10-09T00:05:31Z
2021-03-07T19:00:00Z,2021-03-07T20:00,2021-03-07T20:15,81,55.9,55.9,55.9,,1,UP,NO,NO,2026-10-09T00:05:31Z
2021-03-07T19:15:00Z,2021-03-07T20:15,2021-03-07T20:30,82,49.35,49.35,49.35,,1,UP,NO,NO,2026-10-09T00:05:31Z
2021-03-07T19:30:00Z,2021-03-07T20:30,2021-03-07T20:45,83,40.13,40.13,,,0,STABLE,NO,NO,2026-10-09T00:05:31Z
2021-03-07T19:45:00Z,2021-03-07T20:45,2021-03-07T21:00,84,40.14,40.14,,,0,STABLE,NO,NO,2026-10-09T00:05:31Z
2021-03-07T20:00:00Z,2021-03-07T21:00,2021-03-07T21:15,85,166.06,166.06,166.06,,1,UP,NO,NO,2026-10-09T00:05:31Z
2021-03-07T20:15:00Z,2021-03-07T21:15,2021-03-07T21:30,86,39.4,39.4,39.4,,1,UP,NO,NO,2026-10-09T00:05:31Z
2021-03-07T20:30:00Z,2021-03-07T21:30,2021-03-07T21:45,87,39.99,39.99,,,0,STABLE,NO,NO,2026-10-09T00:05:31Z
2021-03-07T20:45:00Z,2021-03-07T21:45,2021-03-07T22:00,88,33.71,33.71,,33.71,-1,DOWN,NO,NO,2026-10-09T00:05:31Z
2021-03-07T21:00:00Z,2021-03-07T22:00,2021-03-07T22:15,89,41.02,35.91,41.02,35.91,2,UP_AND_DOWN,NO,NO,2026-10-09T00:05:31Z
2021-03-07T21:15:00Z,2021-03-07T22:15,2021-03-07T22:30,90,38.44,38.44,,38.44,-1,DOWN,NO,NO,2026-10-09T00:05:31Z
2021-03-07T21:30:00Z,2021-03-07T22:30,2021-03-07T22:45,91,37.6,37.6,,37.6,-1,DOWN,NO,NO,2026-10-09T00:05:31Z
2021-03-07T21:45:00Z,2021-03-07T22:45,2021-03-07T23:00,92,35.91,35.91,,35.91,-1,DOWN,NO,NO,2026-10-09T00:05:31Z
2021-03-07T22:00:00Z,2021-03-07T23:00,2021-03-07T23:15,93,48.56,38,48.56,38,2,UP_AND_DOWN,NO,NO,2026-10-09T00:05:31Z
2021-03-07T22:15:00Z,2021-03-07T23:15,2021-03-07T23:30,94,38.02,38.02,,38.02,-1,DOWN,NO,NO,2026-10-09T00:05:31Z
2021-03-07T22:30:00Z,2021-03-07T23:30,2021-03-07T23:45,95,33.97,33.97,,33.97,-1,DOWN,NO,NO,2026-10-09T00:05:31Z
2021-03-07T22:45:00Z,2021-03-07T23:45,2021-03-08T00:00,96,32.91,32.91,,32.91,-1,DOWN,NO,NO,2026-10-09T00:05:31Z
2021-03-07T23:00:00Z,2021-03-08T00:00,2021-03-08T00:15,1,32.34,32.34,,32.34,-1,DOWN,NO,NO,2026-10-09T00:05:31Z
2021-03-07T23:15:00Z,2021-03-08T00:15,2021-03-08T00:30,2,37,37,,37,-1,DOWN,NO,NO,2026-10-09T00:05:31Z
2021-03-07T23:30:00Z,2021-03-08T00:30,2021-03-08T00:45,3,36.52,36.52,,36.52,-1,DOWN,NO,NO,2026-10-09T00:05:31Z
2021-03-07T23:45:00Z,2021-03-08T00:45,2021-03-08T01:00,4,36.85,36.85,,36.85,-1,DOWN,NO,NO,2026-10-09T00:05:31Z
2021-03-08T00:00:00Z,2021-03-08T01:00,2021-03-08T01:15,5,38.01,38.01,,38.01,-1,DOWN,NO,NO,2026-10-09T00:05:31Z
2021-03-08T00:15:00Z,2021-03-08T01:15,2021-03-08T01:30,6,34.59,34.59,,34.59,-1,DOWN,NO,NO,2026-10-09T00:05:31Z
2021-03-08T00:30:00Z,2021-03-08T01:30,2021-03-08T01:45,7,32.91,32.91,,32.91,-1,DOWN,NO,NO,2026-10-09T00:05:31Z
2021-03-08T00:45:00Z,2021-03-08T01:45,2021-03-08T02:00,8,37.72,37.72,,37.72,-1,DOWN,NO,NO,2026-10-09T00:05:31Z
2021-03-08T01:00:00Z,2021-03-08T02:00,2021-03-08T02:15,9,39.36,39.36,,39.36,-1,DOWN,NO,NO,2026-10-09T00:05:31Z
2021-03-08T01:15:00Z,2021-03-08T02:15,2021-03-08T02:30,10,39.37,39.37,,39.37,-1,DOWN,NO,NO,2026-10-09T00:05:31Z
2021-03-08T01:30:00Z,2021-03-08T02:30,2021-03-08T02:45,11,39.37,39.37,,39.37,-1,DOWN,NO,NO,2026-10-09T00:05:31Z
2021-03-08T01:45:00Z,2021-03-08T02:45,2021-03-08T03:00,12,32.52,32.52,,32.52,-1,DOWN,NO,NO,2026-10-09T00:05:31Z
2021-03-08T02:00:00Z,2021-03-08T03:00,2021-03-08T03:15,13,44.69,37.42,44.69,37.42,2,UP_AND_DOWN,NO,NO,2026-10-09T00:05:31Z
2021-03-08T02:15:00Z,2021-03-08T03:15,2021-03-08T03:30,14,39.28,39.28,,39.28,-1,DOWN,NO,NO,2026-10-09T00:05:31Z
2021-03-08T02:30:00Z,2021-03-08T03:30,2021-03-08T03:45,15,37.91,37.91,,37.91,-1,DOWN,NO,NO,2026-10-09T00:05:31Z
2021-03-08T02:45:00Z,2021-03-08T03:45,2021-03-08T04:00,16,39.29,39.29,,39.29,-1,DOWN,NO,NO,2026-10-09T00:05:31Z
2021-03-08T03:00:00Z,2021-03-08T04:00,2021-03-08T04:15,17,38.84,38.84,,,0,STABLE,NO,NO,2026-10-09T00:05:31Z
2021-03-08T03:15:00Z,2021-03-08T04:15,2021-03-08T04:30,18,37.95,37.95,,37.95,-1,DOWN,NO,NO,2026-10-09T00:05:31Z
2021-03-08T03:30:00Z,2021-03-08T04:30,2021-03-08T04:45,19,37.95,37.95,,37.95,-1,DOWN,NO,NO,2026-10-09T00:05:31Z
2021-03-08T03:45:00Z,2021-03-08T04:45,2021-03-08T05:00,20,39.15,39.15,,,0,STABLE,NO,NO,2026-10-09T00:05:31Z
2021-03-08T04:00:00Z,2021-03-08T05:00,2021-03-08T05:15,21,39.59,39.59,,,0,STABLE,NO,NO,2026-10-09T00:05:31Z
2021-03-08T04:15:00Z,2021-03-08T05:15,2021-03-08T05:30,22,32.9,32.9,,32.9,-1,DOWN,NO,NO,2026-10-09T00:05:31Z
2021-03-08T04:30:00Z,2021-03-08T05:30,2021-03-08T05:45,23,39.89,35.91,39.89,35.91,2,UP_AND_DOWN,NO,NO,2026-10-09T00:05:31Z
2021-03-08T04:45:00Z,2021-03-08T05:45,2021-03-08T06:00,24,39.81,39.81,39.81,35.91,1,UP,NO,NO,2026-10-09T00:05:31Z
2021-03-08T05:00:00Z,2021-03-08T06:00,2021-03-08T06:15,25,54.61,54.61,54.61,,1,UP,NO,NO,2026-10-09T00:05:31Z
2021-03-08T05:15:00Z,2021-03-08T06:15,2021-03-08T06:30,26,76,76,76,,1,UP,NO,NO,2026-10-09T00:05:31Z
2021-03-08T05:30:00Z,2021-03-08T06:30,2021-03-08T06:45,27,207.09,207.09,207.09,,1,UP,NO,NO,2026-10-09T00:05:31Z
2021-03-08T05:45:00Z,2021-03-08T06:45,2021-03-08T07:00,28,777.5,777.5,777.5,,1,UP,NO,NO,2026-10-09T00:05:31Z
2021-03-08T06:00:00Z,2021-03-08T07:00,2021-03-08T07:15,29,-120.73,-120.73,777.5,-120.73,-1,DOWN,NO,NO,2026-10-09T00:05:31Z
2021-03-08T06:15:00Z,2021-03-08T07:15,2021-03-08T07:30,30,130.92,130.92,130.92,-120.73,1,UP,NO,NO,2026-10-09T00:05:31Z
2021-03-08T06:30:00Z,2021-03-08T07:30,2021-03-08T07:45,31,205.92,205.92,205.92,,1,UP,NO,NO,2026-10-09T00:05:31Z
2021-03-08T06:45:00Z,2021-03-08T07:45,2021-03-08T08:00,32,69.27,69.27,69.27,,1,UP,NO,NO,2026-10-09T00:05:31Z
2021-03-08T07:00:00Z,2021-03-08T08:00,2021-03-08T08:15,33,37.27,37.27,69.27,37.27,-1,DOWN,NO,NO,2026-10-09T00:05:31Z
2021-03-08T07:15:00Z,2021-03-08T08:15,2021-03-08T08:30,34,92.11,92.11,92.11,,1,UP,NO,NO,2026-10-09T00:05:31Z
2021-03-08T07:30:00Z,2021-03-08T08:30,2021-03-08T08:45,35,46.54,39.52,46.54,39.52,2,UP_AND_DOWN,NO,NO,2026-10-09T00:05:31Z
2021-03-08T07:45:00Z,2021-03-08T08:45,2021-03-08T09:00,36,35.02,35.02,,35.02,-1,DOWN,NO,NO,2026-10-09T00:05:31Z
2021-03-08T08:00:00Z,2021-03-08T09:00,2021-03-08T09:15,37,35.02,35.02,,35.02,-1,DOWN,NO,NO,2026-10-09T00:05:31Z
2021-03-08T08:15:00Z,2021-03-08T09:15,2021-03-08T09:30,38,35.96,35.96,,35.96,-1,DOWN,NO,NO,2026-10-09T00:05:31Z
2021-03-08T08:30:00Z,2021-03-08T09:30,2021-03-08T09:45,39,-132.1,-132.1,,-132.1,-1,DOWN,NO,NO,2026-10-09T00:05:31Z
2021-03-08T08:45:00Z,2021-03-08T09:45,2021-03-08T10:00,40,-132.1,-132.1,,-132.1,-1,DOWN,NO,NO,2026-10-09T00:05:31Z
2021-03-08T09:00:00Z,2021-03-08T10:00,2021-03-08T10:15,41,46.34,35.48,46.34,35.48,2,UP_AND_DOWN,NO,NO,2026-10-09T00:05:31Z
2021-03-08T09:15:00Z,2021-03-08T10:15,2021-03-08T10:30,42,8.59,8.59,,8.59,-1,DOWN,NO,NO,2026-10-09T00:05:31Z
2021-03-08T09:30:00Z,2021-03-08T10:30,2021-03-08T10:45,43,8.59,8.59,,8.59,-1,DOWN,NO,NO,2026-10-09T00:05:31Z
2021-03-08T09:45:00Z,2021-03-08T10:45,2021-03-08T11:00,44,-36.08,-36.08,,-36.08,-1,DOWN,NO,NO,2026-10-09T00:05:31Z
2021-03-08T10:00:00Z,2021-03-08T11:00,2021-03-08T11:15,45,32.96,32.96,,32.96,-1,DOWN,NO,NO,2026-10-09T00:05:31Z
2021-03-08T10:15:00Z,2021-03-08T11:15,2021-03-08T11:30,46,12.27,12.27,,12.27,-1,DOWN,NO,NO,2026-10-09T00:05:31Z
2021-03-08T10:30:00Z,2021-03-08T11:30,2021-03-08T11:45,47,5.52,5.52,,5.52,-1,DOWN,NO,NO,2026-10-09T00:05:31Z
2021-03-08T10:45:00Z,2021-03-08T11:45,2021-03-08T12:00,48,-61.01,-61.01,,-61.01,-1,DOWN,NO,NO,2026-10-09T00:05:31Z
2021-03-08T11:00:00Z,2021-03-08T12:00,2021-03-08T12:15,49,92.11,35.96,92.11,35.96,2,UP_AND_DOWN,NO,NO,2026-10-09T00:05:31Z
2021-03-08T11:15:00Z,2021-03-08T12:15,2021-03-08T12:30,50,8.59,8.59,,8.59,-1,DOWN,NO,NO,2026-10-09T00:05:31Z
2021-03-08T11:30:00Z,2021-03-08T12:30,2021-03-08T12:45,51,23.37,23.37,,23.37,-1,DOWN,NO,NO,2026-10-09T00:05:31Z
2021-03-08T11:45:00Z,2021-03-08T12:45,2021-03-08T13:00,52,29.96,29.96,,29.96,-1,DOWN,NO,NO,2026-10-09T00:05:31Z
2021-03-08T12:00:00Z,2021-03-08T13:00,2021-03-08T13:15,53,19.81,19.81,,19.81,-1,DOWN,NO,NO,2026-10-09T00:05:31Z
2021-03-08T12:15:00Z,2021-03-08T13:15,2021-03-08T13:30,54,32.9,32.9,,32.9,-1,DOWN,NO,NO,2026-10-09T00:05:31Z
2021-03-08T12:30:00Z,2021-03-08T13:30,2021-03-08T13:45,55,28.05,28.05,,28.05,-1,DOWN,NO,NO,2026-10-09T00:05:31Z
2021-03-08T12:45:00Z,2021-03-08T13:45,2021-03-08T14:00,56,29.96,29.96,,29.96,-1,DOWN,NO,NO,2026-10-09T00:05:31Z
2021-03-08T13:00:00Z,2021-03-08T14:00,2021-03-08T14:15,57,-106,-106,,-106,-1,DOWN,NO,NO,2026-10-09T00:05:31Z
2021-03-08T13:15:00Z,2021-03-08T14:15,2021-03-08T14:30,58,32.9,32.9,,32.9,-1,DOWN,NO,NO,2026-10-09T00:05:31Z
2021-03-08T13:30:00Z,2021-03-08T14:30,2021-03-08T14:45,59,31.31,31.31,,31.31,-1,DOWN,NO,NO,2026-10-09T00:05:31Z
2021-03-08T13:45:00Z,2021-03-08T14:45,2021-03-08T15:00,60,30,30,,30,-1,DOWN,NO,NO,2026-10-09T00:05:31Z
2021-03-08T14:00:00Z,2021-03-08T15:00,2021-03-08T15:15,61,24.96,24.96,,24.96,-1,DOWN,NO,NO,2026-10-09T00:05:31Z
2021-03-08T14:15:00Z,2021-03-08T15:15,2021-03-08T15:30,62,31.62,31.62,,31.62,-1,DOWN,NO,NO,2026-10-09T00:05:31Z
2021-03-08T14:30:00Z,2021-03-08T15:30,2021-03-08T15:45,63,34.24,34.24,,34.24,-1,DOWN,NO,NO,2026-10-09T00:05:31Z
2021-03-08T14:45:00Z,2021-03-08T15:45,2021-03-08T16:00,64,38.94,38.94,,38.94,-1,DOWN,NO,NO,2026-10-09T00:05:31Z
2021-03-08T15:00:00Z,2021-03-08T16:00,2021-03-08T16:15,65,40.55,40.55,,,0,STABLE,NO,NO,2026-10-09T00:05:31Z
2021-03-08T15:15:00Z,2021-03-08T16:15,2021-03-08T16:30,66,40.54,40.54,,,0,STABLE,NO,NO,2026-10-09T00:05:31Z
2021-03-08T15:30:00Z,2021-03-08T16:30,2021-03-08T16:45,67,40,40,,40,-1,DOWN,NO,NO,2026-10-09T00:05:31Z
2021-03-08T15:45:00Z,2021-03-08T16:45,2021-03-08T17:00,68,50.1,50.1,50.1,,1,UP,NO,NO,2026-10-09T00:05:31Z
2021-03-08T16:00:00Z,2021-03-08T17:00,2021-03-08T17:15,69,51.46,51.46,51.46,,1,UP,NO,NO,2026-10-09T00:05:31Z
2021-03-08T16:15:00Z,2021-03-08T17:15,2021-03-08T17:30,70,42.9,42.9,42.9,,1,UP,NO,NO,2026-10-09T00:05:31Z
2021-03-08T16:30:00Z,2021-03-08T17:30,2021-03-08T17:45,71,45.59,45.59,45.59,,1,UP,NO,NO,2026-10-09T00:05:31Z
2021-03-08T16:45:00Z,2021-03-08T17:45,2021-03-08T18:00,72,60.85,60.85,60.85,,1,UP,NO,NO,2026-10-09T00:05:31Z
2021-03-08T17:00:00Z,2021-03-08T18:00,2021-03-08T18:15,73,130.92,130.92,130.92,,1,UP,NO,NO,2026-10-09T00:05:31Z
2021-03-08T17:15:00Z,2021-03-08T18:15,2021-03-08T18:30,74,49.96,49.96,49.96,,1,UP,NO,NO,2026-10-09T00:05:31Z
2021-03-08T17:30:00Z,2021-03-08T18:30,2021-03-08T18:45,75,49.66,49.66,49.66,,1,UP,NO,NO,2026-10-09T00:05:31Z
2021-03-08T17:45:00Z,2021-03-08T18:45,2021-03-08T19:00,76,60.57,60.57,60.57,,1,UP,NO,NO,2026-10-09T00:05:31Z
2021-03-08T18:00:00Z,2021-03-08T19:00,2021-03-08T19:15,77,47.4,47.4,47.4,,1,UP,NO,NO,2026-10-09T00:05:31Z
2021-03-08T18:15:00Z,2021-03-08T19:15,2021-03-08T19:30,78,38.33,38.33,,38.33,-1,DOWN,NO,NO,2026-10-09T00:05:31Z
2021-03-08T18:30:00Z,2021-03-08T19:30,2021-03-08T19:45,79,36.48,36.48,,36.48,-1,DOWN,NO,NO,2026-10-09T00:05:31Z
2021-03-08T18:45:00Z,2021-03-08T19:45,2021-03-08T20:00,80,35.32,35.32,,35.32,-1,DOWN,NO,NO,2026-10-09T00:05:31Z
2021-03-08T19:00:00Z,2021-03-08T20:00,2021-03-08T20:15,81,48.82,48.82,48.82,35.32,1,UP,NO,NO,2026-10-09T00:05:31Z
2021-03-08T19:15:00Z,2021-03-08T20:15,2021-03-08T20:30,82,44.92,44.92,44.92,,1,UP,NO,NO,2026-10-09T00:05:31Z
2021-03-08T19:30:00Z,2021-03-08T20:30,2021-03-08T20:45,83,39.37,39.37,40.08,39.37,-1,DOWN,NO,NO,2026-10-09T00:05:31Z
2021-03-08T19:45:00Z,2021-03-08T20:45,2021-03-08T21:00,84,35.96,35.96,,35.96,-1,DOWN,NO,NO,2026-10-09T00:05:31Z
2021-03-08T20:00:00Z,2021-03-08T21:00,2021-03-08T21:15,85,40.54,38,39.8,38,2,UP_AND_DOWN,NO,NO,2026-10-09T00:05:31Z
2021-03-08T20:15:00Z,2021-03-08T21:15,2021-03-08T21:30,86,39.81,39.81,39.81,,1,UP,NO,NO,2026-10-09T00:05:31Z
2021-03-08T20:30:00Z,2021-03-08T21:30,2021-03-08T21:45,87,40.55,40.55,,,0,STABLE,NO,NO,2026-10-09T00:05:31Z
2021-03-08T20:45:00Z,2021-03-08T21:45,2021-03-08T22:00,88,38,38,,38,-1,DOWN,NO,NO,2026-10-09T00:05:31Z
2021-03-08T21:00:00Z,2021-03-08T22:00,2021-03-08T22:15,89,599.62,599.62,599.62,38,1,UP,NO,NO,2026-10-09T00:05:31Z
2021-03-08T21:15:00Z,2021-03-08T22:15,2021-03-08T22:30,90,50,50,50,,1,UP,NO,NO,2026-10-09T00:05:31Z
2021-03-08T21:30:00Z,2021-03-08T22:30,2021-03-08T22:45,91,35,35,,35,-1,DOWN,NO,NO,2026-10-09T00:05:31Z
2021-03-08T21:45:00Z,2021-03-08T22:45,2021-03-08T23:00,92,32.39,32.39,,32.39,-1,DOWN,NO,NO,2026-10-09T00:05:31Z
2021-03-08T22:00:00Z,2021-03-08T23:00,2021-03-08T23:15,93,29.96,29.96,,29.96,-1,DOWN,NO,NO,2026-10-09T00:05:31Z
2021-03-08T22:15:00Z,2021-03-08T23:15,2021-03-08T23:30,94,32.08,32.08,,32.08,-1,DOWN,NO,NO,2026-10-09T00:05:31Z
2021-03-08T22:30:00Z,2021-03-08T23:30,2021-03-08T23:45,95,23.16,23.16,,23.16,-1,DOWN,NO,NO,2026-10-09T00:05:31Z
2021-03-08T22:45:00Z,2021-03-08T23:45,2021-03-09T00:00,96,23.16,23.16,,23.16,-1,DOWN,NO,NO,2026-10-09T00:05:31Z
2021-03-08T23:00:00Z,2021-03-09T00:00,2021-03-09T00:15,1,211.2,24.96,211.2,24.96,2,UP_AND_DOWN,NO,NO,2026-10-09T00:05:31Z
2021-03-08T23:15:00Z,2021-03-09T00:15,2021-03-09T00:30,2,273.43,29.68,273.43,29.68,2,UP_AND_DOWN,NO,NO,2026-10-09T00:05:31Z
2021-03-08T23:30:00Z,2021-03-09T00:30,2021-03-09T00:45,3,22.58,22.58,,22.58,-1,DOWN,NO,NO,2026-10-09T00:05:31Z
2021-03-08T23:45:00Z,2021-03-09T00:45,2021-03-09T01:00,4,43.18,38.22,43.18,38.22,2,UP_AND_DOWN,NO,NO,2026-10-09T00:05:31Z
2021-03-09T00:00:00Z,2021-03-09T01:00,2021-03-09T01:15,5,470.35,470.35,470.35,40,1,UP,NO,NO,2026-10-09T00:05:31Z
2021-03-09T00:15:00Z,2021-03-09T01:15,2021-03-09T01:30,6,78.66,78.66,78.66,,1,UP,NO,NO,2026-10-09T00:05:31Z
2021-03-09T00:30:00Z,2021-03-09T01:30,2021-03-09T01:45,7,45.04,45.04,45.04,,1,UP,NO,NO,2026-10-09T00:05:31Z
2021-03-09T00:45:00Z,2021-03-09T01:45,2021-03-09T02:00,8,48.32,37.23,48.32,37.23,2,UP_AND_DOWN,NO,NO,2026-10-09T00:05:31Z
2021-03-09T01:00:00Z,2021-03-09T02:00,2021-03-09T02:15,9,35.31,35.31,48.32,35.31,-1,DOWN,NO,NO,2026-10-09T00:05:31Z
2021-03-09T01:15:00Z,2021-03-09T02:15,2021-03-09T02:30,10,71.99,71.99,71.99,,1,UP,NO,NO,2026-10-09T00:05:31Z
2021-03-09T01:30:00Z,2021-03-09T02:30,2021-03-09T02:45,11,48.85,37.56,48.85,37.56,2,UP_AND_DOWN,NO,NO,2026-10-09T00:05:31Z
2021-03-09T01:45:00Z,2021-03-09T02:45,2021-03-09T03:00,12,37.56,37.56,,37.56,-1,DOWN,NO,NO,2026-10-09T00:05:31Z
2021-03-09T02:00:00Z,2021-03-09T03:00,2021-03-09T03:15,13,32.96,32.96,,32.96,-1,DOWN,NO,NO,2026-10-09T00:05:31Z
2021-03-09T02:15:00Z,2021-03-09T03:15,2021-03-09T03:30,14,38.03,38.03,,38.03,-1,DOWN,NO,NO,2026-10-09T00:05:31Z
2021-03-09T02:30:00Z,2021-03-09T03:30,2021-03-09T03:45,15,38.03,38.03,,38.03,-1,DOWN,NO,NO,2026-10-09T00:05:31Z
2021-03-09T02:45:00Z,2021-03-09T03:45,2021-03-09T04:00,16,43.64,43.64,43.64,38.03,1,UP,NO,NO,2026-10-09T00:05:31Z
2021-03-09T03:00:00Z,2021-03-09T04:00,2021-03-09T04:15,17,43.53,43.53,43.53,,1,UP,NO,NO,2026-10-09T00:05:31Z
2021-03-09T03:15:00Z,2021-03-09T04:15,2021-03-09T04:30,18,45.59,37.55,45.59,37.55,2,UP_AND_DOWN,NO,NO,2026-10-09T00:05:31Z
2021-03-09T03:30:00Z,2021-03-09T04:30,2021-03-09T04:45,19,54.49,54.49,54.49,,1,UP,NO,NO,2026-10-09T00:05:31Z
2021-03-09T03:45:00Z,2021-03-09T04:45,2021-03-09T05:00,20,149.21,149.21,149.21,,1,UP,NO,NO,2026-10-09T00:05:31Z
2021-03-09T04:00:00Z,2021-03-09T05:00,2021-03-09T05:15,21,35,35,149.21,35,-1,DOWN,NO,NO,2026-10-09T00:05:31Z
2021-03-09T04:15:00Z,2021-03-09T05:15,2021-03-09T05:30,22,37.17,37.17,,37.17,-1,DOWN,NO,NO,2026-10-09T00:05:31Z
2021-03-09T04:30:00Z,2021-03-09T05:30,2021-03-09T05:45,23,39.42,39.42,,39.42,-1,DOWN,NO,NO,2026-10-09T00:05:31Z
2021-03-09T04:45:00Z,2021-03-09T05:45,2021-03-09T06:00,24,32.96,32.96,,32.96,-1,DOWN,NO,NO,2026-10-09T00:05:31Z
2021-03-09T05:00:00Z,2021-03-09T06:00,2021-03-09T06:15,25,-42.92,-42.92,,-42.92,-1,DOWN,NO,NO,2026-10-09T00:05:31Z
2021-03-09T05:15:00Z,2021-03-09T06:15,2021-03-09T06:30,26,40.65,40.65,40.65,-42.92,1,UP,NO,NO,2026-10-09T00:05:31Z
2021-03-09T05:30:00Z,2021-03-09T06:30,2021-03-09T06:45,27,40.57,40.57,,,0,STABLE,NO,NO,2026-10-09T00:05:31Z
2021-03-09T05:45:00Z,2021-03-09T06:45,2021-03-09T07:00,28,40.51,40.51,,,0,STABLE,NO,NO,2026-10-09T00:05:31Z
2021-03-09T06:00:00Z,2021-03-09T07:00,2021-03-09T07:15,29,40.14,40.14,,40.14,-1,DOWN,NO,NO,2026-10-09T00:05:31Z
2021-03-09T06:15:00Z,2021-03-09T07:15,2021-03-09T07:30,30,41,41,,,0,STABLE,NO,NO,2026-10-09T00:05:31Z
2021-03-09T06:30:00Z,2021-03-09T07:30,2021-03-09T07:45,31,40.96,40.96,,,0,STABLE,NO,NO,2026-10-09T00:05:31Z
2021-03-09T06:45:00Z,2021-03-09T07:45,2021-03-09T08:00,32,77.73,77.73,77.73,,1,UP,NO,NO,2026-10-09T00:05:31Z
2021-03-09T07:00:00Z,2021-03-09T08:00,2021-03-09T08:15,33,49.54,49.54,49.54,,1,UP,NO,NO,2026-10-09T00:05:31Z
2021-03-09T07:15:00Z,2021-03-09T08:15,2021-03-09T08:30,34,41.22,41.22,,,0,STABLE,NO,NO,2026-10-09T00:05:31Z
2021-03-09T07:30:00Z,2021-03-09T08:30,2021-03-09T08:45,35,38.59,38.59,,38.59,-1,DOWN,NO,NO,2026-10-09T00:05:31Z
2021-03-09T07:45:00Z,2021-03-09T08:45,2021-03-09T09:00,36,36.28,36.28,,36.28,-1,DOWN,NO,NO,2026-10-09T00:05:31Z
2021-03-09T08:00:00Z,2021-03-09T09:00,2021-03-09T09:15,37,41.99,41.99,41.99,36.28,1,UP,NO,NO,2026-10-09T00:05:31Z
2021-03-09T08:15:00Z,2021-03-09T09:15,2021-03-09T09:30,38,41.23,41.23,41.23,,1,UP,NO,NO,2026-10-09T00:05:31Z
2021-03-09T08:30:00Z,2021-03-09T09:30,2021-03-09T09:45,39,41.23,41.23,41.23,,1,UP,NO,NO,2026-10-09T00:05:31Z
2021-03-09T08:45:00Z,2021-03-09T09:45,2021-03-09T10:00,40,47.11,47.11,47.11,,1,UP,NO,NO,2026-10-09T00:05:31Z
2021-03-09T09:00:00Z,2021-03-09T10:00,2021-03-09T10:15,41,479.48,479.48,479.48,,1,UP,NO,NO,2026-10-09T00:05:31Z
2021-03-09T09:15:00Z,2021-03-09T10:15,2021-03-09T10:30,42,479.48,479.48,479.48,,1,UP,NO,NO,2026-10-09T00:05:31Z
2021-03-09T09:30:00Z,2021-03-09T10:30,2021-03-09T10:45,43,479.48,479.48,479.48,,1,UP,NO,NO,2026-10-09T00:05:31Z
2021-03-09T09:45:00Z,2021-03-09T10:45,2021-03-09T11:00,44,83.02,83.02,83.02,,1,UP,NO,NO,2026-10-09T00:05:31Z
2021-03-09T10:00:00Z,2021-03-09T11:00,2021-03-09T11:15,45,89.65,89.65,89.65,,1,UP,NO,NO,2026-10-09T00:05:31Z
2021-03-09T10:15:00Z,2021-03-09T11:15,2021-03-09T11:30,46,57.28,57.28,57.28,,1,UP,NO,NO,2026-10-09T00:05:31Z
2021-03-09T10:30:00Z,2021-03-09T11:30,2021-03-09T11:45,47,124.7,124.7,124.7,,1,UP,NO,NO,2026-10-09T00:05:31Z
2021-03-09T10:45:00Z,2021-03-09T11:45,2021-03-09T12:00,48,89.65,89.65,89.65,,1,UP,NO,NO,2026-10-09T00:05:31Z
2021-03-09T11:00:00Z,2021-03-09T12:00,2021-03-09T12:15,49,476.65,476.65,476.65,,1,UP,NO,NO,2026-10-09T00:05:31Z
2021-03-09T11:15:00Z,2021-03-09T12:15,2021-03-09T12:30,50,227.94,227.94,227.94,,1,UP,NO,NO,2026-10-09T00:05:31Z
2021-03-09T11:30:00Z,2021-03-09T12:30,2021-03-09T12:45,51,273.43,273.43,273.43,,1,UP,NO,NO,2026-10-09T00:05:31Z
2021-03-09T11:45:00Z,2021-03-09T12:45,2021-03-09T13:00,52,57.28,57.28,57.28,,1,UP,NO,NO,2026-10-09T00:05:31Z
2021-03-09T12:00:00Z,2021-03-09T13:00,2021-03-09T13:15,53,475.83,475.83,475.83,,1,UP,NO,NO,2026-10-09T00:05:31Z
2021-03-09T12:15:00Z,2021-03-09T13:15,2021-03-09T13:30,54,183.21,183.21,183.21,,1,UP,NO,NO,2026-10-09T00:05:31Z
2021-03-09T12:30:00Z,2021-03-09T13:30,2021-03-09T13:45,55,475.83,475.83,475.83,,1,UP,NO,NO,2026-10-09T00:05:31Z
2021-03-09T12:45:00Z,2021-03-09T13:45,2021-03-09T14:00,56,60,60,60,,1,UP,NO,NO,2026-10-09T00:05:31Z
2021-03-09T13:00:00Z,2021-03-09T14:00,2021-03-09T14:15,57,47.46,47.46,47.46,,1,UP,NO,NO,2026-10-09T00:05:31Z
2021-03-09T13:15:00Z,2021-03-09T14:15,2021-03-09T14:30,58,475.84,475.84,475.84,,1,UP,NO,NO,2026-10-09T00:05:31Z
2021-03-09T13:30:00Z,2021-03-09T14:30,2021-03-09T14:45,59,475.84,475.84,475.84,,1,UP,NO,NO,2026-10-09T00:05:31Z
2021-03-09T13:45:00Z,2021-03-09T14:45,2021-03-09T15:00,60,475.84,475.84,475.84,,1,UP,NO,NO,2026-10-09T00:05:31Z
2021-03-09T14:00:00Z,2021-03-09T15:00,2021-03-09T15:15,61,273.43,273.43,273.43,,1,UP,NO,NO,2026-10-09T00:05:31Z
2021-03-09T14:15:00Z,2021-03-09T15:15,2021-03-09T15:30,62,475.22,475.22,475.22,,1,UP,NO,NO,2026-10-09T00:05:31Z
2021-03-09T14:30:00Z,2021-03-09T15:30,2021-03-09T15:45,63,57.11,57.11,57.11,,1,UP,NO,NO,2026-10-09T00:05:31Z
2021-03-09T14:45:00Z,2021-03-09T15:45,2021-03-09T16:00,64,40.47,40.47,,,0,STABLE,NO,NO,2026-10-09T00:05:31Z
2021-03-09T15:00:00Z,2021-03-09T16:00,2021-03-09T16:15,65,38.23,38.23,,38.23,-1,DOWN,NO,NO,2026-10-09T00:05:31Z
2021-03-09T15:15:00Z,2021-03-09T16:15,2021-03-09T16:30,66,38.2,38.2,,38.2,-1,DOWN,NO,NO,2026-10-09T00:05:31Z
2021-03-09T15:30:00Z,2021-03-09T16:30,2021-03-09T16:45,67,38.04,38.04,,38.04,-1,DOWN,NO,NO,2026-10-09T00:05:31Z
2021-03-09T15:45:00Z,2021-03-09T16:45,2021-03-09T17:00,68,38.19,38.19,,38.19,-1,DOWN,NO,NO,2026-10-09T00:05:31Z
2021-03-09T16:00:00Z,2021-03-09T17:00,2021-03-09T17:15,69,32.88,32.88,,32.88,-1,DOWN,NO,NO,2026-10-09T00:05:31Z
2021-03-09T16:15:00Z,2021-03-09T17:15,2021-03-09T17:30,70,33.28,33.28,,33.28,-1,DOWN,NO,NO,2026-10-09T00:05:31Z
2021-03-09T16:30:00Z,2021-03-09T17:30,2021-03-09T17:45,71,38.08,38.08,,38.08,-1,DOWN,NO,NO,2026-10-09T00:05:31Z
2021-03-09T16:45:00Z,2021-03-09T17:45,2021-03-09T18:00,72,44.46,44.46,44.46,38.08,1,UP,NO,NO,2026-10-09T00:05:31Z
2021-03-09T17:00:00Z,2021-03-09T18:00,2021-03-09T18:15,73,48.8,48.8,48.8,,1,UP,NO,NO,2026-10-09T00:05:31Z
2021-03-09T17:15:00Z,2021-03-09T18:15,2021-03-09T18:30,74,48.59,48.59,48.59,,1,UP,NO,NO,2026-10-09T00:05:31Z
2021-03-09T17:30:00Z,2021-03-09T18:30,2021-03-09T18:45,75,65.5,65.5,65.5,,1,UP,NO,NO,2026-10-09T00:05:31Z
2021-03-09T17:45:00Z,2021-03-09T18:45,2021-03-09T19:00,76,95.16,95.16,95.16,,1,UP,NO,NO,2026-10-09T00:05:31Z
2021-03-09T18:00:00Z,2021-03-09T19:00,2021-03-09T19:15,77,48.44,48.44,48.44,,1,UP,NO,NO,2026-10-09T00:05:31Z
2021-03-09T18:15:00Z,2021-03-09T19:15,2021-03-09T19:30,78,42.33,42.33,,,0,STABLE,NO,NO,2026-10-09T00:05:31Z
2021-03-09T18:30:00Z,2021-03-09T19:30,2021-03-09T19:45,79,496.38,496.38,496.38,,1,UP,NO,NO,2026-10-09T00:05:31Z
2021-03-09T18:45:00Z,2021-03-09T19:45,2021-03-09T20:00,80,496.38,496.38,496.38,,1,UP,NO,NO,2026-10-09T00:05:31Z
2021-03-09T19:00:00Z,2021-03-09T20:00,2021-03-09T20:15,81,43.56,43.56,43.56,,1,UP,NO,NO,2026-10-09T00:05:31Z
2021-03-09T19:15:00Z,2021-03-09T20:15,2021-03-09T20:30,82,41.53,41.53,,,0,STABLE,NO,NO,2026-10-09T00:05:31Z
2021-03-09T19:30:00Z,2021-03-09T20:30,2021-03-09T20:45,83,41.55,41.55,,,0,STABLE,NO,NO,2026-10-09T00:05:31Z
2021-03-09T19:45:00Z,2021-03-09T20:45,2021-03-09T21:00,84,25.28,25.28,,25.28,-1,DOWN,NO,NO,2026-10-09T00:05:31Z
2021-03-09T20:00:00Z,2021-03-09T21:00,2021-03-09T21:15,85,21.45,21.45,,21.45,-1,DOWN,NO,NO,2026-10-09T00:05:31Z
2021-03-09T20:15:00Z,2021-03-09T21:15,2021-03-09T21:30,86,41.24,41.24,,,0,STABLE,NO,NO,2026-10-09T00:05:31Z
2021-03-09T20:30:00Z,2021-03-09T21:30,2021-03-09T21:45,87,33.17,33.17,,33.17,-1,DOWN,NO,NO,2026-10-09T00:05:31Z
2021-03-09T20:45:00Z,2021-03-09T21:45,2021-03-09T22:00,88,38.12,38.12,,38.12,-1,DOWN,NO,NO,2026-10-09T00:05:31Z
2021-03-09T21:00:00Z,2021-03-09T22:00,2021-03-09T22:15,89,45.53,37.91,45.53,37.91,2,UP_AND_DOWN,NO,NO,2026-10-09T00:05:31Z
2021-03-09T21:15:00Z,2021-03-09T22:15,2021-03-09T22:30,90,43.57,43.57,43.57,,1,UP,NO,NO,2026-10-09T00:05:31Z
2021-03-09T21:30:00Z,2021-03-09T22:30,2021-03-09T22:45,91,60,60,60,,1,UP,NO,NO,2026-10-09T00:05:31Z
2021-03-09T21:45:00Z,2021-03-09T22:45,2021-03-09T23:00,92,40.69,40.69,60,40.69,-1,DOWN,NO,NO,2026-10-09T00:05:31Z
2021-03-09T22:00:00Z,2021-03-09T23:00,2021-03-09T23:15,93,39.56,39.56,,39.56,-1,DOWN,NO,NO,2026-10-09T00:05:31Z
2021-03-09T22:15:00Z,2021-03-09T23:15,2021-03-09T23:30,94,38,38,,38,-1,DOWN,NO,NO,2026-10-09T00:05:31Z
2021-03-09T22:30:00Z,2021-03-09T23:30,2021-03-09T23:45,95,38.62,38.62,,38.62,-1,DOWN,NO,NO,2026-10-09T00:05:31Z
2021-03-09T22:45:00Z,2021-03-09T23:45,2021-03-10T00:00,96,35,35,,35,-1,DOWN,NO,NO,2026-10-09T00:05:31Z
2021-03-09T23:00:00Z,2021-03-10T00:00,2021-03-10T00:15,1,65.35,65.35,65.35,33.28,1,UP,NO,NO,2026-10-09T00:05:31Z
2021-03-09T23:15:00Z,2021-03-10T00:15,2021-03-10T00:30,2,74.32,39,74.32,39,2,UP_AND_DOWN,NO,NO,2026-10-09T00:05:31Z
2021-03-09T23:30:00Z,2021-03-10T00:30,2021-03-10T00:45,3,38.34,38.34,,38.34,-1,DOWN,NO,NO,2026-10-09T00:05:31Z
2021-03-09T23:45:00Z,2021-03-10T00:45,2021-03-10T01:00,4,42.04,42.04,,,0,STABLE,NO,NO,2026-10-09T00:05:31Z
2021-03-10T00:00:00Z,2021-03-10T01:00,2021-03-10T01:15,5,715.32,715.32,715.32,,1,UP,NO,NO,2026-10-09T00:05:31Z
2021-03-10T00:15:00Z,2021-03-10T01:15,2021-03-10T01:30,6,31.93,31.93,48.14,31.93,-1,DOWN,NO,NO,2026-10-09T00:05:31Z
2021-03-10T00:30:00Z,2021-03-10T01:30,2021-03-10T01:45,7,30.28,30.28,,30.28,-1,DOWN,NO,NO,2026-10-09T00:05:31Z
2021-03-10T00:45:00Z,2021-03-10T01:45,2021-03-10T02:00,8,25.28,25.28,,25.28,-1,DOWN,NO,NO,2026-10-09T00:05:31Z
2021-03-10T01:00:00Z,2021-03-10T02:00,2021-03-10T02:15,9,31.46,31.46,,31.46,-1,DOWN,NO,NO,2026-10-09T00:05:31Z
2021-03-10T01:15:00Z,2021-03-10T02:15,2021-03-10T02:30,10,41.37,41.37,,,0,STABLE,NO,NO,2026-10-09T00:05:31Z
2021-03-10T01:30:00Z,2021-03-10T02:30,2021-03-10T02:45,11,41.7,41.7,,,0,STABLE,NO,NO,2026-10-09T00:05:31Z
2021-03-10T01:45:00Z,2021-03-10T02:45,2021-03-10T03:00,12,41.72,41.72,,,0,STABLE,NO,NO,2026-10-09T00:05:31Z
2021-03-10T02:00:00Z,2021-03-10T03:00,2021-03-10T03:15,13,54.47,54.47,54.47,,1,UP,NO,NO,2026-10-09T00:05:31Z
2021-03-10T02:15:00Z,2021-03-10T03:15,2021-03-10T03:30,14,41.33,41.33,,,0,STABLE,NO,NO,2026-10-09T00:05:31Z
2021-03-10T02:30:00Z,2021-03-10T03:30,2021-03-10T03:45,15,41.33,41.33,,,0,STABLE,NO,NO,2026-10-09T00:05:31Z
2021-03-10T02:45:00Z,2021-03-10T03:45,2021-03-10T04:00,16,41.35,41.35,,,0,STABLE,NO,NO,2026-10-09T00:05:31Z
2021-03-10T03:00:00Z,2021-03-10T04:00,2021-03-10T04:15,17,41.32,41.32,,,0,STABLE,NO,NO,2026-10-09T00:05:31Z
2021-03-10T03:15:00Z,2021-03-10T04:15,2021-03-10T04:30,18,41.53,41.53,41.53,,1,UP,NO,NO,2026-10-09T00:05:31Z
2021-03-10T03:30:00Z,2021-03-10T04:30,2021-03-10T04:45,19,39.51,39.51,41.53,39.51,-1,DOWN,NO,NO,2026-10-09T00:05:31Z
2021-03-10T03:45:00Z,2021-03-10T04:45,2021-03-10T05:00,20,35.97,35.97,,35.97,-1,DOWN,NO,NO,2026-10-09T00:05:31Z
2021-03-10T04:00:00Z,2021-03-10T05:00,2021-03-10T05:15,21,41.86,41.86,,41.86,-1,DOWN,NO,NO,2026-10-09T00:05:31Z
2021-03-10T04:15:00Z,2021-03-10T05:15,2021-03-10T05:30,22,44.22,44.22,44.22,,1,UP,NO,NO,2026-10-09T00:05:31Z
2021-03-10T04:30:00Z,2021-03-10T05:30,2021-03-10T05:45,23,48.11,48.11,48.11,,1,UP,NO,NO,2026-10-09T00:05:31Z
2021-03-10T04:45:00Z,2021-03-10T05:45,2021-03-10T06:00,24,48.04,48.04,48.04,,1,UP,NO,NO,2026-10-09T00:05:31Z
2021-03-10T05:00:00Z,2021-03-10T06:00,2021-03-10T06:15,25,43.62,43.62,43.62,,1,UP,NO,NO,2026-10-09T00:05:31Z
2021-03-10T05:15:00Z,2021-03-10T06:15,2021-03-10T06:30,26,42.38,42.38,42.38,,1,UP,NO,NO,2026-10-09T00:05:31Z
2021-03-10T05:30:00Z,2021-03-10T06:30,2021-03-10T06:45,27,47.6,47.6,47.6,,1,UP,NO,NO,2026-10-09T00:05:31Z
2021-03-10T05:45:00Z,2021-03-10T06:45,2021-03-10T07:00,28,51.22,51.22,51.22,,1,UP,NO,NO,2026-10-09T00:05:31Z
2021-03-10T06:00:00Z,2021-03-10T07:00,2021-03-10T07:15,29,39.5,39.5,51.22,39.5,-1,DOWN,NO,NO,2026-10-09T00:05:31Z
2021-03-10T06:15:00Z,2021-03-10T07:15,2021-03-10T07:30,30,62.7,62.7,,62.7,-1,DOWN,NO,NO,2026-10-09T00:05:31Z
2021-03-10T06:30:00Z,2021-03-10T07:30,2021-03-10T07:45,31,36.42,36.42,,36.42,-1,DOWN,NO,NO,2026-10-09T00:05:31Z
2021-03-10T06:45:00Z,2021-03-10T07:45,2021-03-10T08:00,32,39.55,39.55,,39.55,-1,DOWN,NO,NO,2026-10-09T00:05:31Z
2021-03-10T07:00:00Z,2021-03-10T08:00,2021-03-10T08:15,33,40.49,40.49,,40.49,-1,DOWN,NO,NO,2026-10-09T00:05:31Z
2021-03-10T07:15:00Z,2021-03-10T08:15,2021-03-10T08:30,34,38.8,38.8,,38.8,-1,DOWN,NO,NO,2026-10-09T00:05:31Z
2021-03-10T07:30:00Z,2021-03-10T08:30,2021-03-10T08:45,35,37.95,37.95,,37.95,-1,DOWN,NO,NO,2026-10-09T00:05:31Z
2021-03-10T07:45:00Z,2021-03-10T08:45,2021-03-10T09:00,36,39,39,,39,-1,DOWN,NO,NO,2026-10-09T00:05:31Z
2021-03-10T08:00:00Z,2021-03-10T09:00,2021-03-10T09:15,37,42.16,42.16,42.16,38.34,1,UP,NO,NO,2026-10-09T00:05:31Z
2021-03-10T08:15:00Z,2021-03-10T09:15,2021-03-10T09:30,38,54.72,40.49,54.72,40.49,2,UP_AND_DOWN,NO,NO,2026-10-09T00:05:31Z
2021-03-10T08:30:00Z,2021-03-10T09:30,2021-03-10T09:45,39,33.63,33.63,,33.63,-1,DOWN,NO,NO,2026-10-09T00:05:31Z
2021-03-10T08:45:00Z,2021-03-10T09:45,2021-03-10T10:00,40,33.63,33.63,,33.63,-1,DOWN,NO,NO,2026-10-09T00:05:31Z
2021-03-10T09:00:00Z,2021-03-10T10:00,2021-03-10T10:15,41,36.21,36.21,,36.21,-1,DOWN,NO,NO,2026-10-09T00:05:31Z
2021-03-10T09:15:00Z,2021-03-10T10:15,2021-03-10T10:30,42,36,36,,36,-1,DOWN,NO,NO,2026-10-09T00:05:31Z
2021-03-10T09:30:00Z,2021-03-10T10:30,2021-03-10T10:45,43,30.63,30.63,,30.63,-1,DOWN,NO,NO,2026-10-09T00:05:31Z
2021-03-10T09:45:00Z,2021-03-10T10:45,2021-03-10T11:00,44,24,24,,24,-1,DOWN,NO,NO,2026-10-09T00:05:31Z
2021-03-10T10:00:00Z,2021-03-10T11:00,2021-03-10T11:15,45,58.85,58.85,58.85,33.63,1,UP,NO,NO,2026-10-09T00:05:31Z
2021-03-10T10:15:00Z,2021-03-10T11:15,2021-03-10T11:30,46,60.4,38.25,60.4,38.25,2,UP_AND_DOWN,NO,NO,2026-10-09T00:05:31Z
2021-03-10T10:30:00Z,2021-03-10T11:30,2021-03-10T11:45,47,43.03,31.85,43.03,31.85,2,UP_AND_DOWN,NO,NO,2026-10-09T00:05:31Z
2021-03-10T10:45:00Z,2021-03-10T11:45,2021-03-10T12:00,48,41.53,41.53,41.53,,1,UP,NO,NO,2026-10-09T00:05:31Z
2021-03-10T11:00:00Z,2021-03-10T12:00,2021-03-10T12:15,49,43.67,43.67,43.67,,1,UP,NO,NO,2026-10-09T00:05:31Z
2021-03-10T11:15:00Z,2021-03-10T12:15,2021-03-10T12:30,50,53.41,53.41,53.41,,1,UP,NO,NO,2026-10-09T00:05:31Z
2021-03-10T11:30:00Z,2021-03-10T12:30,2021-03-10T12:45,51,42.17,42.17,42.17,,1,UP,NO,NO,2026-10-09T00:05:31Z
2021-03-10T11:45:00Z,2021-03-10T12:45,2021-03-10T13:00,52,41.42,41.42,41.42,,1,UP,NO,NO,2026-10-09T00:05:31Z
2021-03-10T12:00:00Z,2021-03-10T13:00,2021-03-10T13:15,53,41.43,41.43,,,0,STABLE,NO,NO,2026-10-09T00:05:31Z
2021-03-10T12:15:00Z,2021-03-10T13:15,2021-03-10T13:30,54,25.63,25.63,,25.63,-1,DOWN,NO,NO,2026-10-09T00:05:31Z
2021-03-10T12:30:00Z,2021-03-10T13:30,2021-03-10T13:45,55,17.24,17.24,,17.24,-1,DOWN,NO,NO,2026-10-09T00:05:31Z
2021-03-10T12:45:00Z,2021-03-10T13:45,2021-03-10T14:00,56,30.63,30.63,,30.63,-1,DOWN,NO,NO,2026-10-09T00:05:31Z
2021-03-10T13:00:00Z,2021-03-10T14:00,2021-03-10T14:15,57,43.15,39.87,43.15,39.87,2,UP_AND_DOWN,NO,NO,2026-10-09T00:05:31Z
2021-03-10T13:15:00Z,2021-03-10T14:15,2021-03-10T14:30,58,50.09,50.09,50.09,,1,UP,NO,NO,2026-10-09T00:05:31Z
2021-03-10T13:30:00Z,2021-03-10T14:30,2021-03-10T14:45,59,44.87,44.87,44.87,,1,UP,NO,NO,2026-10-09T00:05:31Z
2021-03-10T13:45:00Z,2021-03-10T14:45,2021-03-10T15:00,60,41.57,41.57,41.57,,1,UP,NO,NO,2026-10-09T00:05:31Z
2021-03-10T14:00:00Z,2021-03-10T15:00,2021-03-10T15:15,61,46.4,46.4,46.4,,1,UP,NO,NO,2026-10-09T00:05:31Z
2021-03-10T14:15:00Z,2021-03-10T15:15,2021-03-10T15:30,62,41.56,41.56,41.56,,1,UP,NO,NO,2026-10-09T00:05:31Z
2021-03-10T14:30:00Z,2021-03-10T15:30,2021-03-10T15:45,63,49.09,49.09,49.09,,1,UP,NO,NO,2026-10-09T00:05:31Z
2021-03-10T14:45:00Z,2021-03-10T15:45,2021-03-10T16:00,64,57.17,57.17,57.17,,1,UP,NO,NO,2026-10-09T00:05:31Z
2021-03-10T15:00:00Z,2021-03-10T16:00,2021-03-10T16:15,65,41.41,41.41,,,0,STABLE,NO,NO,2026-10-09T00:05:31Z
2021-03-10T15:15:00Z,2021-03-10T16:15,2021-03-10T16:30,66,41.3,41.3,,41.3,-1,DOWN,NO,NO,2026-10-09T00:05:31Z
2021-03-10T15:30:00Z,2021-03-10T16:30,2021-03-10T16:45,67,41.31,41.31,,41.31,-1,DOWN,NO,NO,2026-10-09T00:05:31Z
2021-03-10T15:45:00Z,2021-03-10T16:45,2021-03-10T17:00,68,41.25,41.25,,41.25,-1,DOWN,NO,NO,2026-10-09T00:05:31Z
2021-03-10T16:00:00Z,2021-03-10T17:00,2021-03-10T17:15,69,41.91,41.91,41.91,,1,UP,NO,NO,2026-10-09T00:05:31Z
2021-03-10T16:15:00Z,2021-03-10T17:15,2021-03-10T17:30,70,43.76,43.76,43.76,,1,UP,NO,NO,2026-10-09T00:05:31Z
2021-03-10T16:30:00Z,2021-03-10T17:30,2021-03-10T17:45,71,43.96,43.96,,,0,STABLE,NO,NO,2026-10-09T00:05:31Z
2021-03-10T16:45:00Z,2021-03-10T17:45,2021-03-10T18:00,72,47.03,47.03,47.03,,1,UP,NO,NO,2026-10-09T00:05:31Z
2021-03-10T17:00:00Z,2021-03-10T18:00,2021-03-10T18:15,73,41.77,41.77,,,0,STABLE,NO,NO,2026-10-09T00:05:31Z
2021-03-10T17:15:00Z,2021-03-10T18:15,2021-03-10T18:30,74,41.76,41.76,,,0,STABLE,NO,NO,2026-10-09T00:05:31Z
2021-03-10T17:30:00Z,2021-03-10T18:30,2021-03-10T18:45,75,41.71,41.71,,,0,STABLE,NO,NO,2026-10-09T00:05:31Z
2021-03-10T17:45:00Z,2021-03-10T18:45,2021-03-10T19:00,76,41.72,41.72,,,0,STABLE,NO,NO,2026-10-09T00:05:31Z
2021-03-10T18:00:00Z,2021-03-10T19:00,2021-03-10T19:15,77,41.52,41.52,,,0,STABLE,NO,NO,2026-10-09T00:05:31Z
2021-03-10T18:15:00Z,2021-03-10T19:15,2021-03-10T19:30,78,41.55,41.55,,,0,STABLE,NO,NO,2026-10-09T00:05:31Z
2021-03-10T18:30:00Z,2021-03-10T19:30,2021-03-10T19:45,79,38.8,38.8,,38.8,-1,DOWN,NO,NO,2026-10-09T00:05:31Z
2021-03-10T18:45:00Z,2021-03-10T19:45,2021-03-10T20:00,80,20,20,,20,-1,DOWN,NO,NO,2026-10-09T00:05:31Z
2021-03-10T19:00:00Z,2021-03-10T20:00,2021-03-10T20:15,81,-128.31,-128.31,,-128.31,-1,DOWN,NO,NO,2026-10-09T00:05:31Z
2021-03-10T19:15:00Z,2021-03-10T20:15,2021-03-10T20:30,82,40.03,40.03,,,0,STABLE,NO,NO,2026-10-09T00:05:31Z
2021-03-10T19:30:00Z,2021-03-10T20:30,2021-03-10T20:45,83,41.02,41.02,,,0,STABLE,NO,NO,2026-10-09T00:05:31Z
2021-03-10T19:45:00Z,2021-03-10T20:45,2021-03-10T21:00,84,126.33,126.33,126.33,,1,UP,NO,NO,2026-10-09T00:05:31Z
2021-03-10T20:00:00Z,2021-03-10T21:00,2021-03-10T21:15,85,65.74,65.74,65.74,,1,UP,NO,NO,2026-10-09T00:05:31Z
2021-03-10T20:15:00Z,2021-03-10T21:15,2021-03-10T21:30,86,43.67,43.67,43.67,,1,UP,NO,NO,2026-10-09T00:05:31Z
2021-03-10T20:30:00Z,2021-03-10T21:30,2021-03-10T21:45,87,40.08,40.08,,,0,STABLE,NO,NO,2026-10-09T00:05:31Z
2021-03-10T20:45:00Z,2021-03-10T21:45,2021-03-10T22:00,88,30,30,,30,-1,DOWN,NO,NO,2026-10-09T00:05:31Z
2021-03-10T21:00:00Z,2021-03-10T22:00,2021-03-10T22:15,89,30,30,,30,-1,DOWN,NO,NO,2026-10-09T00:05:31Z
2021-03-10T21:15:00Z,2021-03-10T22:15,2021-03-10T22:30,90,30.63,30.63,,30.63,-1,DOWN,NO,NO,2026-10-09T00:05:31Z
2021-03-10T21:30:00Z,2021-03-10T22:30,2021-03-10T22:45,91,28.84,28.84,,28.84,-1,DOWN,NO,NO,2026-10-09T00:05:31Z
2021-03-10T21:45:00Z,2021-03-10T22:45,2021-03-10T23:00,92,10,10,,10,-1,DOWN,NO,NO,2026-10-09T00:05:31Z
2021-03-10T22:00:00Z,2021-03-10T23:00,2021-03-10T23:15,93,108.43,-7,108.43,-7,2,UP_AND_DOWN,NO,NO,2026-10-09T00:05:31Z
2021-03-10T22:15:00Z,2021-03-10T23:15,2021-03-10T23:30,94,41.87,10,41.87,10,2,UP_AND_DOWN,NO,NO,2026-10-09T00:05:31Z
2021-03-10T22:30:00Z,2021-03-10T23:30,2021-03-10T23:45,95,44.17,-7.67,44.17,-7.67,2,UP_AND_DOWN,NO,NO,2026-10-09T00:05:31Z
2021-03-10T22:45:00Z,2021-03-10T23:45,2021-03-11T00:00,96,-31.92,-31.92,44.17,-31.92,-1,DOWN,NO,NO,2026-10-09T00:05:31Z
2021-03-10T23:00:00Z,2021-03-11T00:00,2021-03-11T00:15,1,43.67,10,43.67,10,2,UP_AND_DOWN,NO,NO,2026-10-09T00:05:31Z
2021-03-10T23:15:00Z,2021-03-11T00:15,2021-03-11T00:30,2,49.5,49.5,49.5,10,1,UP,NO,NO,2026-10-09T00:05:31Z
2021-03-10T23:30:00Z,2021-03-11T00:30,2021-03-11T00:45,3,-8.49,-8.49,,-8.49,-1,DOWN,NO,NO,2026-10-09T00:05:31Z
2021-03-10T23:45:00Z,2021-03-11T00:45,2021-03-11T01:00,4,-10.3,-10.3,,-10.3,-1,DOWN,NO,NO,2026-10-09T00:05:31Z
2021-03-11T00:00:00Z,2021-03-11T01:00,2021-03-11T01:15,5,39.69,39.69,39.69,,1,UP,NO,NO,2026-10-09T00:05:31Z
2021-03-11T00:15:00Z,2021-03-11T01:15,2021-03-11T01:30,6,42.69,42.69,42.69,,1,UP,NO,NO,2026-10-09T00:05:31Z
2021-03-11T00:30:00Z,2021-03-11T01:30,2021-03-11T01:45,7,34.55,34.55,,,0,STABLE,NO,NO,2026-10-09T00:05:31Z
2021-03-11T00:45:00Z,2021-03-11T01:45,2021-03-11T02:00,8,-7,-7,,-7,-1,DOWN,NO,NO,2026-10-09T00:05:31Z
2021-03-11T01:00:00Z,2021-03-11T02:00,2021-03-11T02:15,9,45.79,45.79,45.79,,1,UP,NO,NO,2026-10-09T00:05:31Z
2021-03-11T01:15:00Z,2021-03-11T02:15,2021-03-11T02:30,10,38.82,38.82,38.82,,1,UP,NO,NO,2026-10-09T00:05:31Z
2021-03-11T01:30:00Z,2021-03-11T02:30,2021-03-11T02:45,11,-11.61,-11.61,,-11.61,-1,DOWN,NO,NO,2026-10-09T00:05:31Z
2021-03-11T01:45:00Z,2021-03-11T02:45,2021-03-11T03:00,12,-14.92,-14.92,,-14.92,-1,DOWN,NO,NO,2026-10-09T00:05:31Z
2021-03-11T02:00:00Z,2021-03-11T03:00,2021-03-11T03:15,13,27.5,27.5,,,0,STABLE,NO,NO,2026-10-09T00:05:31Z
2021-03-11T02:15:00Z,2021-03-11T03:15,2021-03-11T03:30,14,34.33,34.33,,,0,STABLE,NO,NO,2026-10-09T00:05:31Z
2021-03-11T02:30:00Z,2021-03-11T03:30,2021-03-11T03:45,15,34.33,34.33,,,0,STABLE,NO,NO,2026-10-09T00:05:31Z
2021-03-11T02:45:00Z,2021-03-11T03:45,2021-03-11T04:00,16,-15.01,-15.01,,-15.01,-1,DOWN,NO,NO,2026-10-09T00:05:31Z
2021-03-11T03:00:00Z,2021-03-11T04:00,2021-03-11T04:15,17,38.55,-14.11,38.55,-14.11,2,UP_AND_DOWN,NO,NO,2026-10-09T00:05:31Z
2021-03-11T03:15:00Z,2021-03-11T04:15,2021-03-11T04:30,18,38.55,-14.11,38.55,-14.11,2,UP_AND_DOWN,NO,NO,2026-10-09T00:05:31Z
2021-03-11T03:30:00Z,2021-03-11T04:30,2021-03-11T04:45,19,39.3,-14.11,39.3,-14.11,2,UP_AND_DOWN,NO,NO,2026-10-09T00:05:31Z
2021-03-11T03:45:00Z,2021-03-11T04:45,2021-03-11T05:00,20,-14.11,-14.11,38.55,-14.11,-1,DOWN,NO,NO,2026-10-09T00:05:31Z
2021-03-11T04:00:00Z,2021-03-11T05:00,2021-03-11T05:15,21,-32.39,-32.39,,-32.39,-1,DOWN,NO,NO,2026-10-09T00:05:31Z
2021-03-11T04:15:00Z,2021-03-11T05:15,2021-03-11T05:30,22,41.78,41.78,41.78,-32.39,1,UP,NO,NO,2026-10-09T00:05:31Z
2021-03-11T04:30:00Z,2021-03-11T05:30,2021-03-11T05:45,23,43.25,43.25,43.25,,1,UP,NO,NO,2026-10-09T00:05:31Z
2021-03-11T04:45:00Z,2021-03-11T05:45,2021-03-11T06:00,24,50.55,50.55,50.55,,1,UP,NO,NO,2026-10-09T00:05:31Z
2021-03-11T05:00:00Z,2021-03-11T06:00,2021-03-11T06:15,25,-32.86,-32.86,50.55,-32.86,-1,DOWN,NO,NO,2026-10-09T00:05:31Z
2021-03-11T05:15:00Z,2021-03-11T06:15,2021-03-11T06:30,26,35.32,35.32,,35.32,-1,DOWN,NO,NO,2026-10-09T00:05:31Z
2021-03-11T05:30:00Z,2021-03-11T06:30,2021-03-11T06:45,27,45.3,45.3,45.3,35.32,1,UP,NO,NO,2026-10-09T00:05:31Z
2021-03-11T05:45:00Z,2021-03-11T06:45,2021-03-11T07:00,28,40.01,40.01,40.01,,1,UP,NO,NO,2026-10-09T00:05:31Z
2021-03-11T06:00:00Z,2021-03-11T07:00,2021-03-11T07:15,29,47.32,47.32,47.32,,1,UP,NO,NO,2026-10-09T00:05:31Z
2021-03-11T06:15:00Z,2021-03-11T07:15,2021-03-11T07:30,30,230,230,230,,1,UP,NO,NO,2026-10-09T00:05:31Z
2021-03-11T06:30:00Z,2021-03-11T07:30,2021-03-11T07:45,31,410,410,410,,1,UP,NO,NO,2026-10-09T00:05:31Z
2021-03-11T06:45:00Z,2021-03-11T07:45,2021-03-11T08:00,32,410,410,410,,1,UP,NO,NO,2026-10-09T00:05:31Z
2021-03-11T07:00:00Z,2021-03-11T08:00,2021-03-11T08:15,33,124.99,124.99,124.99,,1,UP,NO,NO,2026-10-09T00:05:31Z
2021-03-11T07:15:00Z,2021-03-11T08:15,2021-03-11T08:30,34,139.9,139.9,139.9,,1,UP,NO,NO,2026-10-09T00:05:31Z
2021-03-11T07:30:00Z,2021-03-11T08:30,2021-03-11T08:45,35,89.9,89.9,89.9,,1,UP,NO,NO,2026-10-09T00:05:31Z
2021-03-11T07:45:00Z,2021-03-11T08:45,2021-03-11T09:00,36,152.9,152.9,152.9,,1,UP,NO,NO,2026-10-09T00:05:31Z
2021-03-11T08:00:00Z,2021-03-11T09:00,2021-03-11T09:15,37,63.09,63.09,63.09,,1,UP,NO,NO,2026-10-09T00:05:31Z
2021-03-11T08:15:00Z,2021-03-11T09:15,2021-03-11T09:30,38,54,54,54,,1,UP,NO,NO,2026-10-09T00:05:31Z
2021-03-11T08:30:00Z,2021-03-11T09:30,2021-03-11T09:45,39,-16.9,-16.9,46.68,-16.9,-1,DOWN,NO,NO,2026-10-09T00:05:31Z
2021-03-11T08:45:00Z,2021-03-11T09:45,2021-03-11T10:00,40,450,-29.39,450,-29.39,2,UP_AND_DOWN,NO,NO,2026-10-09T00:05:31Z
2021-03-11T09:00:00Z,2021-03-11T10:00,2021-03-11T10:15,41,47.32,47.32,47.32,,1,UP,NO,NO,2026-10-09T00:05:31Z
2021-03-11T09:15:00Z,2021-03-11T10:15,2021-03-11T10:30,42,450,450,450,,1,UP,NO,NO,2026-10-09T00:05:31Z
2021-03-11T09:30:00Z,2021-03-11T10:30,2021-03-11T10:45,43,388.6,388.6,388.6,,1,UP,NO,NO,2026-10-09T00:05:31Z
2021-03-11T09:45:00Z,2021-03-11T10:45,2021-03-11T11:00,44,388.6,388.6,388.6,,1,UP,NO,NO,2026-10-09T00:05:31Z
2021-03-11T10:00:00Z,2021-03-11T11:00,2021-03-11T11:15,45,495,495,495,,1,UP,YES,NO,2026-10-09T00:05:31Z
2021-03-11T10:15:00Z,2021-03-11T11:15,2021-03-11T11:30,46,495,495,495,,1,UP,YES,NO,2026-10-09T00:05:31Z
2021-03-11T10:30:00Z,2021-03-11T11:30,2021-03-11T11:45,47,235.76,235.76,235.76,,1,UP,YES,NO,2026-10-09T00:05:31Z
2021-03-11T10:45:00Z,2021-03-11T11:45,2021-03-11T12:00,48,424.34,424.34,424.34,,1,UP,YES,NO,2026-10-09T00:05:31Z
2021-03-11T11:00:00Z,2021-03-11T12:00,2021-03-11T12:15,49,426.67,426.67,426.67,,1,UP,YES,NO,2026-10-09T00:05:31Z
2021-03-11T11:15:00Z,2021-03-11T12:15,2021-03-11T12:30,50,426.67,426.67,426.67,,1,UP,YES,NO,2026-10-09T00:05:31Z
2021-03-11T11:30:00Z,2021-03-11T12:30,2021-03-11T12:45,51,237.88,-37.31,237.88,-37.31,2,UP_AND_DOWN,YES,NO,2026-10-09T00:05:31Z
2021-03-11T11:45:00Z,2021-03-11T12:45,2021-03-11T13:00,52,35.32,35.32,39.87,35.32,-1,DOWN,NO,NO,2026-10-09T00:05:31Z
2021-03-11T12:00:00Z,2021-03-11T13:00,2021-03-11T13:15,53,21.88,21.88,,21.88,-1,DOWN,NO,NO,2026-10-09T00:05:31Z
2021-03-11T12:15:00Z,2021-03-11T13:15,2021-03-11T13:30,54,39.97,39.97,,,0,STABLE,NO,NO,2026-10-09T00:05:31Z
2021-03-11T12:30:00Z,2021-03-11T13:30,2021-03-11T13:45,55,40,40,,,0,STABLE,NO,NO,2026-10-09T00:05:31Z
2021-03-11T12:45:00Z,2021-03-11T13:45,2021-03-11T14:00,56,14,14,,14,-1,DOWN,NO,NO,2026-10-09T00:05:31Z
2021-03-11T13:00:00Z,2021-03-11T14:00,2021-03-11T14:15,57,10,10,,10,-1,DOWN,NO,NO,2026-10-09T00:05:31Z
2021-03-11T13:15:00Z,2021-03-11T14:15,2021-03-11T14:30,58,40.32,40.32,,40.32,-1,DOWN,NO,NO,2026-10-09T00:05:31Z
2021-03-11T13:30:00Z,2021-03-11T14:30,2021-03-11T14:45,59,39.97,39.97,,,0,STABLE,NO,NO,2026-10-09T00:05:31Z
2021-03-11T13:45:00Z,2021-03-11T14:45,2021-03-11T15:00,60,-133.83,-133.83,,-133.83,-1,DOWN,NO,NO,2026-10-09T00:05:31Z
2021-03-11T14:00:00Z,2021-03-11T15:00,2021-03-11T15:15,61,-14.73,-14.73,,-14.73,-1,DOWN,NO,NO,2026-10-09T00:05:31Z
2021-03-11T14:15:00Z,2021-03-11T15:15,2021-03-11T15:30,62,-28.22,-28.22,,-28.22,-1,DOWN,NO,NO,2026-10-09T00:05:31Z
2021-03-11T14:30:00Z,2021-03-11T15:30,2021-03-11T15:45,63,40.47,40.47,40.47,-28.22,1,UP,NO,NO,2026-10-09T00:05:31Z
2021-03-11T14:45:00Z,2021-03-11T15:45,2021-03-11T16:00,64,45.3,45.3,45.3,,1,UP,NO,NO,2026-10-09T00:05:31Z
2021-03-11T15:00:00Z,2021-03-11T16:00,2021-03-11T16:15,65,50.32,50.32,50.32,,1,UP,NO,NO,2026-10-09T00:05:31Z
2021-03-11T15:15:00Z,2021-03-11T16:15,2021-03-11T16:30,66,54.3,54.3,54.3,,1,UP,NO,NO,2026-10-09T00:05:31Z
2021-03-11T15:30:00Z,2021-03-11T16:30,2021-03-11T16:45,67,44.32,44.32,44.32,,1,UP,NO,NO,2026-10-09T00:05:31Z
2021-03-11T15:45:00Z,2021-03-11T16:45,2021-03-11T17:00,68,450,450,450,,1,UP,NO,NO,2026-10-09T00:05:31Z
2021-03-11T16:00:00Z,2021-03-11T17:00,2021-03-11T17:15,69,275.66,275.66,275.66,,1,UP,NO,NO,2026-10-09T00:05:31Z
2021-03-11T16:15:00Z,2021-03-11T17:15,2021-03-11T17:30,70,47.32,47.32,47.32,,1,UP,NO,NO,2026-10-09T00:05:31Z
2021-03-11T16:30:00Z,2021-03-11T17:30,2021-03-11T17:45,71,47.32,47.32,47.32,,1,UP,NO,NO,2026-10-09T00:05:31Z
2021-03-11T16:45:00Z,2021-03-11T17:45,2021-03-11T18:00,72,47.32,47.32,47.32,,1,UP,NO,NO,2026-10-09T00:05:31Z
2021-03-11T17:00:00Z,2021-03-11T18:00,2021-03-11T18:15,73,45.48,-65.81,45.48,-65.81,2,UP_AND_DOWN,NO,NO,2026-10-09T00:05:31Z
2021-03-11T17:15:00Z,2021-03-11T18:15,2021-03-11T18:30,74,68.33,68.33,68.33,-65.81,1,UP,NO,NO,2026-10-09T00:05:31Z
2021-03-11T17:30:00Z,2021-03-11T18:30,2021-03-11T18:45,75,50.32,50.32,50.32,,1,UP,NO,NO,2026-10-09T00:05:31Z
2021-03-11T17:45:00Z,2021-03-11T18:45,2021-03-11T19:00,76,113.33,113.33,113.33,,1,UP,NO,NO,2026-10-09T00:05:31Z
2021-03-11T18:00:00Z,2021-03-11T19:00,2021-03-11T19:15,77,60.93,60.93,60.93,,1,UP,NO,NO,2026-10-09T00:05:31Z
2021-03-11T18:15:00Z,2021-03-11T19:15,2021-03-11T19:30,78,81.39,81.39,81.39,,1,UP,NO,NO,2026-10-09T00:05:31Z
2021-03-11T18:30:00Z,2021-03-11T19:30,2021-03-11T19:45,79,24.77,24.77,60.32,24.77,-1,DOWN,NO,NO,2026-10-09T00:05:31Z
2021-03-11T18:45:00Z,2021-03-11T19:45,2021-03-11T20:00,80,17.27,17.27,60.32,17.27,-1,DOWN,NO,NO,2026-10-09T00:05:31Z
2021-03-11T19:00:00Z,2021-03-11T20:00,2021-03-11T20:15,81,54.32,54.32,54.32,17.27,1,UP,NO,NO,2026-10-09T00:05:31Z
2021-03-11T19:15:00Z,2021-03-11T20:15,2021-03-11T20:30,82,54.32,54.32,54.32,,1,UP,NO,NO,2026-10-09T00:05:31Z
2021-03-11T19:30:00Z,2021-03-11T20:30,2021-03-11T20:45,83,38.32,38.32,,38.32,-1,DOWN,NO,NO,2026-10-09T00:05:31Z
2021-03-11T19:45:00Z,2021-03-11T20:45,2021-03-11T21:00,84,17.27,17.27,,17.27,-1,DOWN,NO,NO,2026-10-09T00:05:31Z
2021-03-11T20:00:00Z,2021-03-11T21:00,2021-03-11T21:15,85,46.8,46.8,46.8,17.27,1,UP,NO,NO,2026-10-09T00:05:31Z
2021-03-11T20:15:00Z,2021-03-11T21:15,2021-03-11T21:30,86,46.8,46.8,46.8,,1,UP,NO,NO,2026-10-09T00:05:31Z
2021-03-11T20:30:00Z,2021-03-11T21:30,2021-03-11T21:45,87,-19.8,-19.8,45.3,-19.8,-1,DOWN,NO,NO,2026-10-09T00:05:31Z
2021-03-11T20:45:00Z,2021-03-11T21:45,2021-03-11T22:00,88,39.47,-50.8,39.36,-50.8,2,UP_AND_DOWN,NO,NO,2026-10-09T00:05:31Z
2021-03-11T21:00:00Z,2021-03-11T22:00,2021-03-11T22:15,89,54.3,54.3,54.3,,1,UP,NO,NO,2026-10-09T00:05:31Z
2021-03-11T21:15:00Z,2021-03-11T22:15,2021-03-11T22:30,90,31.66,31.66,,,0,STABLE,NO,NO,2026-10-09T00:05:31Z
2021-03-11T21:30:00Z,2021-03-11T22:30,2021-03-11T22:45,91,-28.14,-28.14,,-28.14,-1,DOWN,NO,NO,2026-10-09T00:05:31Z
2021-03-11T21:45:00Z,2021-03-11T22:45,2021-03-11T23:00,92,-65.64,-65.64,,-65.64,-1,DOWN,NO,NO,2026-10-09T00:05:31Z
2021-03-11T22:00:00Z,2021-03-11T23:00,2021-03-11T23:15,93,30.66,30.66,,,0,STABLE,NO,NO,2026-10-09T00:05:31Z
2021-03-11T22:15:00Z,2021-03-11T23:15,2021-03-11T23:30,94,38.85,38.85,38.85,,1,UP,NO,NO,2026-10-09T00:05:31Z
2021-03-11T22:30:00Z,2021-03-11T23:30,2021-03-11T23:45,95,-50.29,-50.29,,-50.29,-1,DOWN,NO,NO,2026-10-09T00:05:31Z
2021-03-11T22:45:00Z,2021-03-11T23:45,2021-03-12T00:00,96,-65.29,-65.29,,-65.29,-1,DOWN,NO,NO,2026-10-09T00:05:31Z
2021-03-11T23:00:00Z,2021-03-12T00:00,2021-03-12T00:15,1,47.32,-20.5,47.32,-20.5,2,UP_AND_DOWN,NO,NO,2026-10-09T00:05:31Z
2021-03-11T23:15:00Z,2021-03-12T00:15,2021-03-12T00:30,2,-34.19,-34.19,,-34.19,-1,DOWN,NO,NO,2026-10-09T00:05:31Z
2021-03-11T23:30:00Z,2021-03-12T00:30,2021-03-12T00:45,3,-32.44,-32.44,,-32.44,-1,DOWN,NO,NO,2026-10-09T00:05:31Z
2021-03-11T23:45:00Z,2021-03-12T00:45,2021-03-12T01:00,4,-69.04,-69.04,,-69.04,-1,DOWN,NO,NO,2026-10-09T00:05:31Z
2021-03-12T00:00:00Z,2021-03-12T01:00,2021-03-12T01:15,5,-80.11,-80.11,,-80.11,-1,DOWN,NO,NO,2026-10-09T00:05:31Z
2021-03-12T00:15:00Z,2021-03-12T01:15,2021-03-12T01:30,6,-20.92,-20.92,,-20.92,-1,DOWN,NO,NO,2026-10-09T00:05:31Z
2021-03-12T00:30:00Z,2021-03-12T01:30,2021-03-12T01:45,7,-9.46,-9.46,,-9.46,-1,DOWN,NO,NO,2026-10-09T00:05:31Z
2021-03-12T00:45:00Z,2021-03-12T01:45,2021-03-12T02:00,8,-20.92,-20.92,,-20.92,-1,DOWN,NO,NO,2026-10-09T00:05:31Z
2021-03-12T01:00:00Z,2021-03-12T02:00,2021-03-12T02:15,9,-26.23,-26.23,,-26.23,-1,DOWN,NO,NO,2026-10-09T00:05:31Z
2021-03-12T01:15:00Z,2021-03-12T02:15,2021-03-12T02:30,10,-32.36,-32.36,,-32.36,-1,DOWN,NO,NO,2026-10-09T00:05:31Z
2021-03-12T01:30:00Z,2021-03-12T02:30,2021-03-12T02:45,11,-68.92,-68.92,,-68.92,-1,DOWN,NO,NO,2026-10-09T00:05:31Z
2021-03-12T01:45:00Z,2021-03-12T02:45,2021-03-12T03:00,12,-51.1,-51.1,,-51.1,-1,DOWN,NO,NO,2026-10-09T00:05:31Z
2021-03-12T02:00:00Z,2021-03-12T03:00,2021-03-12T03:15,13,-20.82,-20.82,,-20.82,-1,DOWN,NO,NO,2026-10-09T00:05:31Z
2021-03-12T02:15:00Z,2021-03-12T03:15,2021-03-12T03:30,14,-12.95,-12.95,,-12.95,-1,DOWN,NO,NO,2026-10-09T00:05:31Z
2021-03-12T02:30:00Z,2021-03-12T03:30,2021-03-12T03:45,15,-12.95,-12.95,,-12.95,-1,DOWN,NO,NO,2026-10-09T00:05:31Z
2021-03-12T02:45:00Z,2021-03-12T03:45,2021-03-12T04:00,16,50.32,-10.33,50.32,-10.33,2,UP_AND_DOWN,NO,NO,2026-10-09T00:05:31Z
2021-03-12T03:00:00Z,2021-03-12T04:00,2021-03-12T04:15,17,-42.9,-42.9,,-42.9,-1,DOWN,NO,NO,2026-10-09T00:05:31Z
2021-03-12T03:15:00Z,2021-03-12T04:15,2021-03-12T04:30,18,47.32,-20.76,47.32,-20.76,2,UP_AND_DOWN,NO,NO,2026-10-09T00:05:31Z
2021-03-12T03:30:00Z,2021-03-12T04:30,2021-03-12T04:45,19,43.75,-7,43.75,-7,2,UP_AND_DOWN,NO,NO,2026-10-09T00:05:31Z
2021-03-12T03:45:00Z,2021-03-12T04:45,2021-03-12T05:00,20,60.32,-12.89,60.32,-12.89,2,UP_AND_DOWN,NO,NO,2026-10-09T00:05:31Z
2021-03-12T04:00:00Z,2021-03-12T05:00,2021-03-12T05:15,21,-51.07,-51.07,60.32,-51.07,-1,DOWN,NO,NO,2026-10-09T00:05:31Z
2021-03-12T04:15:00Z,2021-03-12T05:15,2021-03-12T05:30,22,-12.12,-12.12,,-12.12,-1,DOWN,NO,NO,2026-10-09T00:05:31Z
2021-03-12T04:30:00Z,2021-03-12T05:30,2021-03-12T05:45,23,47.32,-10.89,47.32,-10.89,2,UP_AND_DOWN,NO,NO,2026-10-09T00:05:31Z
2021-03-12T04:45:00Z,2021-03-12T05:45,2021-03-12T06:00,24,-20.12,-20.12,50.32,-20.12,-1,DOWN,NO,NO,2026-10-09T00:05:31Z
2021-03-12T05:00:00Z,2021-03-12T06:00,2021-03-12T06:15,25,-101.72,-101.72,,-101.72,-1,DOWN,NO,NO,2026-10-09T00:05:31Z
2021-03-12T05:15:00Z,2021-03-12T06:15,2021-03-12T06:30,26,43.13,-45.44,43.13,-45.44,2,UP_AND_DOWN,NO,NO,2026-10-09T00:05:31Z
2021-03-12T05:30:00Z,2021-03-12T06:30,2021-03-12T06:45,27,45.13,-21.57,45.13,-21.57,2,UP_AND_DOWN,NO,NO,2026-10-09T00:05:31Z
2021-03-12T05:45:00Z,2021-03-12T06:45,2021-03-12T07:00,28,51.06,-70.36,51.06,-70.36,2,UP_AND_DOWN,NO,NO,2026-10-09T00:05:31Z
2021-03-12T06:00:00Z,2021-03-12T07:00,2021-03-12T07:15,29,-55.05,-55.05,,-55.05,-1,DOWN,NO,NO,2026-10-09T00:05:31Z
2021-03-12T06:15:00Z,2021-03-12T07:15,2021-03-12T07:30,30,-55.05,-55.05,,-55.05,-1,DOWN,NO,NO,2026-10-09T00:05:31Z
2021-03-12T06:30:00Z,2021-03-12T07:30,2021-03-12T07:45,31,5.42,5.42,,5.42,-1,DOWN,NO,NO,2026-10-09T00:05:31Z
2021-03-12T06:45:00Z,2021-03-12T07:45,2021-03-12T08:00,32,29.05,29.05,,29.05,-1,DOWN,NO,NO,2026-10-09T00:05:31Z
2021-03-12T07:00:00Z,2021-03-12T08:00,2021-03-12T08:15,33,-1.58,-1.58,,-1.58,-1,DOWN,NO,NO,2026-10-09T00:05:31Z
2021-03-12T07:15:00Z,2021-03-12T08:15,2021-03-12T08:30,34,-97.59,-97.59,,-97.59,-1,DOWN,NO,NO,2026-10-09T00:05:31Z
2021-03-12T07:30:00Z,2021-03-12T08:30,2021-03-12T08:45,35,-97.59,-97.59,,-97.59,-1,DOWN,NO,NO,2026-10-09T00:05:31Z
2021-03-12T07:45:00Z,2021-03-12T08:45,2021-03-12T09:00,36,-97.59,-97.59,,-97.59,-1,DOWN,NO,NO,2026-10-09T00:05:31Z
2021-03-12T08:00:00Z,2021-03-12T09:00,2021-03-12T09:15,37,-16.37,-16.37,,-16.37,-1,DOWN,NO,NO,2026-10-09T00:05:31Z
2021-03-12T08:15:00Z,2021-03-12T09:15,2021-03-12T09:30,38,-81.64,-81.64,,-81.64,-1,DOWN,NO,NO,2026-10-09T00:05:31Z
2021-03-12T08:30:00Z,2021-03-12T09:30,2021-03-12T09:45,39,-110.85,-110.85,,-110.85,-1,DOWN,NO,NO,2026-10-09T00:05:31Z
2021-03-12T08:45:00Z,2021-03-12T09:45,2021-03-12T10:00,40,-38.6,-38.6,,-38.6,-1,DOWN,NO,NO,2026-10-09T00:05:31Z
2021-03-12T09:00:00Z,2021-03-12T10:00,2021-03-12T10:15,41,138.43,138.43,138.43,-38.6,1,UP,NO,NO,2026-10-09T00:05:31Z
2021-03-12T09:15:00Z,2021-03-12T10:15,2021-03-12T10:30,42,36.06,36.06,138.43,36.06,-1,DOWN,NO,NO,2026-10-09T00:05:31Z
2021-03-12T09:30:00Z,2021-03-12T10:30,2021-03-12T10:45,43,76.43,76.43,76.43,42.83,1,UP,NO,NO,2026-10-09T00:05:31Z
2021-03-12T09:45:00Z,2021-03-12T10:45,2021-03-12T11:00,44,63.43,63.43,63.43,,1,UP,NO,NO,2026-10-09T00:05:31Z
2021-03-12T10:00:00Z,2021-03-12T11:00,2021-03-12T11:15,45,78.74,78.74,78.74,,1,UP,NO,NO,2026-10-09T00:05:31Z
2021-03-12T10:15:00Z,2021-03-12T11:15,2021-03-12T11:30,46,10,10,50,10,-1,DOWN,NO,NO,2026-10-09T00:05:31Z
2021-03-12T10:30:00Z,2021-03-12T11:30,2021-03-12T11:45,47,395,-35.6,395,-35.6,2,UP_AND_DOWN,NO,NO,2026-10-09T00:05:31Z
2021-03-12T10:45:00Z,2021-03-12T11:45,2021-03-12T12:00,48,278.55,33.06,278.55,33.06,2,UP_AND_DOWN,NO,NO,2026-10-09T00:05:31Z
2021-03-12T11:00:00Z,2021-03-12T12:00,2021-03-12T12:15,49,412.96,412.96,412.96,,1,UP,NO,NO,2026-10-09T00:05:31Z
2021-03-12T11:15:00Z,2021-03-12T12:15,2021-03-12T12:30,50,278.55,278.55,278.55,,1,UP,NO,NO,2026-10-09T00:05:31Z
2021-03-12T11:30:00Z,2021-03-12T12:30,2021-03-12T12:45,51,65.96,19,65.96,19,2,UP_AND_DOWN,NO,NO,2026-10-09T00:05:31Z
2021-03-12T11:45:00Z,2021-03-12T12:45,2021-03-12T13:00,52,71.5,71.5,71.5,,1,UP,NO,NO,2026-10-09T00:05:31Z
2021-03-12T12:00:00Z,2021-03-12T13:00,2021-03-12T13:15,53,37.71,37.71,71.5,37.71,-1,DOWN,NO,NO,2026-10-09T00:05:31Z
2021-03-12T12:15:00Z,2021-03-12T13:15,2021-03-12T13:30,54,47.02,47.02,47.02,,1,UP,NO,NO,2026-10-09T00:05:31Z
2021-03-12T12:30:00Z,2021-03-12T13:30,2021-03-12T13:45,55,406.53,406.53,406.53,,1,UP,NO,NO,2026-10-09T00:05:31Z
2021-03-12T12:45:00Z,2021-03-12T13:45,2021-03-12T14:00,56,406.53,406.53,406.53,,1,UP,NO,NO,2026-10-09T00:05:31Z
2021-03-12T13:00:00Z,2021-03-12T14:00,2021-03-12T14:15,57,405.95,405.95,405.95,,1,UP,NO,NO,2026-10-09T00:05:31Z
2021-03-12T13:15:00Z,2021-03-12T14:15,2021-03-12T14:30,58,405.95,405.95,405.95,,1,UP,NO,NO,2026-10-09T00:05:31Z
2021-03-12T13:30:00Z,2021-03-12T14:30,2021-03-12T14:45,59,405.95,405.95,405.95,,1,UP,NO,NO,2026-10-09T00:05:31Z
2021-03-12T13:45:00Z,2021-03-12T14:45,2021-03-12T15:00,60,37.88,37.88,362.45,37.88,-1,DOWN,NO,NO,2026-10-09T00:05:31Z
2021-03-12T14:00:00Z,2021-03-12T15:00,2021-03-12T15:15,61,-131.6,-131.6,362.45,-131.6,-1,DOWN,NO,NO,2026-10-09T00:05:31Z
2021-03-12T14:15:00Z,2021-03-12T15:15,2021-03-12T15:30,62,28.06,28.06,,28.06,-1,DOWN,NO,NO,2026-10-09T00:05:31Z
2021-03-12T14:30:00Z,2021-03-12T15:30,2021-03-12T15:45,63,47.02,47.02,47.02,28.06,1,UP,NO,NO,2026-10-09T00:05:31Z
2021-03-12T14:45:00Z,2021-03-12T15:45,2021-03-12T16:00,64,-12.9,-12.9,43.34,-12.9,-1,DOWN,NO,NO,2026-10-09T00:05:31Z
2021-03-12T15:00:00Z,2021-03-12T16:00,2021-03-12T16:15,65,-55.84,-55.84,,-55.84,-1,DOWN,NO,NO,2026-10-09T00:05:31Z
2021-03-12T15:15:00Z,2021-03-12T16:15,2021-03-12T16:30,66,-31.42,-31.42,,-31.42,-1,DOWN,NO,NO,2026-10-09T00:05:31Z
2021-03-12T15:30:00Z,2021-03-12T16:30,2021-03-12T16:45,67,36.73,36.73,,36.73,-1,DOWN,NO,NO,2026-10-09T00:05:31Z
2021-03-12T15:45:00Z,2021-03-12T16:45,2021-03-12T17:00,68,36.73,36.73,,36.73,-1,DOWN,NO,NO,2026-10-09T00:05:31Z
2021-03-12T16:00:00Z,2021-03-12T17:00,2021-03-12T17:15,69,-128.42,-128.42,,-128.42,-1,DOWN,NO,NO,2026-10-09T00:05:31Z
2021-03-12T16:15:00Z,2021-03-12T17:15,2021-03-12T17:30,70,48.18,-54.95,48.18,-54.95,2,UP_AND_DOWN,NO,NO,2026-10-09T00:05:31Z
2021-03-12T16:30:00Z,2021-03-12T17:30,2021-03-12T17:45,71,44.02,33.06,44.02,33.06,2,UP_AND_DOWN,NO,NO,2026-10-09T00:05:31Z
2021-03-12T16:45:00Z,2021-03-12T17:45,2021-03-12T18:00,72,42.07,42.07,,,0,STABLE,NO,NO,2026-10-09T00:05:31Z
2021-03-12T17:00:00Z,2021-03-12T18:00,2021-03-12T18:15,73,-59.35,-59.35,,-59.35,-1,DOWN,NO,NO,2026-10-09T00:05:31Z
2021-03-12T17:15:00Z,2021-03-12T18:15,2021-03-12T18:30,74,-66.59,-66.59,,-66.59,-1,DOWN,NO,NO,2026-10-09T00:05:31Z
2021-03-12T17:30:00Z,2021-03-12T18:30,2021-03-12T18:45,75,42.69,42.69,,,0,STABLE,NO,NO,2026-10-09T00:05:31Z
2021-03-12T17:45:00Z,2021-03-12T18:45,2021-03-12T19:00,76,42.64,42.64,,,0,STABLE,NO,NO,2026-10-09T00:05:31Z
2021-03-12T18:00:00Z,2021-03-12T19:00,2021-03-12T19:15,77,47.02,47.02,47.02,,1,UP,NO,NO,2026-10-09T00:05:31Z
2021-03-12T18:15:00Z,2021-03-12T19:15,2021-03-12T19:30,78,47.02,47.02,47.02,,1,UP,NO,NO,2026-10-09T00:05:31Z
2021-03-12T18:30:00Z,2021-03-12T19:30,2021-03-12T19:45,79,-19.93,-19.93,,-19.93,-1,DOWN,NO,NO,2026-10-09T00:05:31Z
2021-03-12T18:45:00Z,2021-03-12T19:45,2021-03-12T20:00,80,-57.23,-57.23,,-57.23,-1,DOWN,NO,NO,2026-10-09T00:05:31Z
2021-03-12T19:00:00Z,2021-03-12T20:00,2021-03-12T20:15,81,135.12,135.12,135.12,,1,UP,NO,NO,2026-10-09T00:05:31Z
2021-03-12T19:15:00Z,2021-03-12T20:15,2021-03-12T20:30,82,20.51,20.51,135.12,20.51,-1,DOWN,NO,NO,2026-10-09T00:05:31Z
2021-03-12T19:30:00Z,2021-03-12T20:30,2021-03-12T20:45,83,-99.88,-99.88,,-99.88,-1,DOWN,NO,NO,2026-10-09T00:05:31Z
2021-03-12T19:45:00Z,2021-03-12T20:45,2021-03-12T21:00,84,-92.7,-92.7,,-92.7,-1,DOWN,NO,NO,2026-10-09T00:05:31Z
2021-03-12T20:00:00Z,2021-03-12T21:00,2021-03-12T21:15,85,50.02,38.2,50.02,38.2,2,UP_AND_DOWN,NO,NO,2026-10-09T00:05:31Z
2021-03-12T20:15:00Z,2021-03-12T21:15,2021-03-12T21:30,86,44.25,41.15,44.25,41.15,2,UP_AND_DOWN,NO,NO,2026-10-09T00:05:31Z
2021-03-12T20:30:00Z,2021-03-12T21:30,2021-03-12T21:45,87,36.06,36.06,,36.06,-1,DOWN,NO,NO,2026-10-09T00:05:31Z
2021-03-12T20:45:00Z,2021-03-12T21:45,2021-03-12T22:00,88,19,19,,19,-1,DOWN,NO,NO,2026-10-09T00:05:31Z
2021-03-12T21:00:00Z,2021-03-12T22:00,2021-03-12T22:15,89,-31.58,-31.58,,-31.58,-1,DOWN,NO,NO,2026-10-09T00:05:31Z
2021-03-12T21:15:00Z,2021-03-12T22:15,2021-03-12T22:30,90,21.06,21.06,,21.06,-1,DOWN,NO,NO,2026-10-09T00:05:31Z
2021-03-12T21:30:00Z,2021-03-12T22:30,2021-03-12T22:45,91,51.06,39.06,51.06,39.06,2,UP_AND_DOWN,NO,NO,2026-10-09T00:05:31Z
2021-03-12T21:45:00Z,2021-03-12T22:45,2021-03-12T23:00,92,45.91,45.91,45.91,,1,UP,NO,NO,2026-10-09T00:05:31Z
2021-03-12T22:00:00Z,2021-03-12T23:00,2021-03-12T23:15,93,275.5,275.5,275.5,,1,UP,NO,NO,2026-10-09T00:05:31Z
2021-03-12T22:15:00Z,2021-03-12T23:15,2021-03-12T23:30,94,48.06,-85.91,48.06,-85.91,2,UP_AND_DOWN,NO,NO,2026-10-09T00:05:31Z
2021-03-12T22:30:00Z,2021-03-12T23:30,2021-03-12T23:45,95,18,18,,18,-1,DOWN,NO,NO,2026-10-09T00:05:31Z
2021-03-12T22:45:00Z,2021-03-12T23:45,2021-03-13T00:00,96,-13.32,-13.32,,-13.32,-1,DOWN,NO,NO,2026-10-09T00:05:31Z
2021-03-12T23:00:00Z,2021-03-13T00:00,2021-03-13T00:15,1,26.18,26.18,,26.18,-1,DOWN,NO,NO,2026-10-09T00:05:31Z
2021-03-12T23:15:00Z,2021-03-13T00:15,2021-03-13T00:30,2,42.28,-27.32,42.28,-27.32,2,UP_AND_DOWN,NO,NO,2026-10-09T00:05:31Z
2021-03-12T23:30:00Z,2021-03-13T00:30,2021-03-13T00:45,3,44.53,-38.31,44.53,-38.31,2,UP_AND_DOWN,NO,NO,2026-10-09T00:05:31Z
2021-03-12T23:45:00Z,2021-03-13T00:45,2021-03-13T01:00,4,31.53,-26.18,22,-26.18,2,UP_AND_DOWN,NO,NO,2026-10-09T00:05:31Z
2021-03-13T00:00:00Z,2021-03-13T01:00,2021-03-13T01:15,5,40.9,40.9,40.9,-26.18,1,UP,NO,NO,2026-10-09T00:05:31Z
2021-03-13T00:15:00Z,2021-03-13T01:15,2021-03-13T01:30,6,40.99,-8.97,40.99,-8.97,2,UP_AND_DOWN,NO,NO,2026-10-09T00:05:31Z
2021-03-13T00:30:00Z,2021-03-13T01:30,2021-03-13T01:45,7,48.06,-12.49,48.06,-12.49,2,UP_AND_DOWN,NO,NO,2026-10-09T00:05:31Z
2021-03-13T00:45:00Z,2021-03-13T01:45,2021-03-13T02:00,8,55.18,-13.08,55.18,-13.08,2,UP_AND_DOWN,NO,NO,2026-10-09T00:05:31Z
2021-03-13T01:00:00Z,2021-03-13T02:00,2021-03-13T02:15,9,58.42,58.42,58.42,,1,UP,NO,NO,2026-10-09T00:05:31Z
2021-03-13T01:15:00Z,2021-03-13T02:15,2021-03-13T02:30,10,41.52,-9.48,41.52,-9.48,2,UP_AND_DOWN,NO,NO,2026-10-09T00:05:31Z
2021-03-13T01:30:00Z,2021-03-13T02:30,2021-03-13T02:45,11,61.06,-13.54,61.06,-13.54,2,UP_AND_DOWN,NO,NO,2026-10-09T00:05:31Z
2021-03-13T01:45:00Z,2021-03-13T02:45,2021-03-13T03:00,12,65.76,-25.27,65.76,-25.27,2,UP_AND_DOWN,NO,NO,2026-10-09T00:05:31Z
2021-03-13T02:00:00Z,2021-03-13T03:00,2021-03-13T03:15,13,40.68,40.68,,,0,STABLE,NO,NO,2026-10-09T00:05:31Z
2021-03-13T02:15:00Z,2021-03-13T03:15,2021-03-13T03:30,14,40.69,40.69,,,0,STABLE,NO,NO,2026-10-09T00:05:31Z
2021-03-13T02:30:00Z,2021-03-13T03:30,2021-03-13T03:45,15,39.06,39.06,,39.06,-1,DOWN,NO,NO,2026-10-09T00:05:31Z
2021-03-13T02:45:00Z,2021-03-13T03:45,2021-03-13T04:00,16,-12.1,-12.1,,-12.1,-1,DOWN,NO,NO,2026-10-09T00:05:31Z
2021-03-13T03:00:00Z,2021-03-13T04:00,2021-03-13T04:15,17,40.2,40.2,40.2,-12.1,1,UP,NO,NO,2026-10-09T00:05:31Z
2021-03-13T03:15:00Z,2021-03-13T04:15,2021-03-13T04:30,18,40.27,40.27,40.27,,1,UP,NO,NO,2026-10-09T00:05:31Z
2021-03-13T03:30:00Z,2021-03-13T04:30,2021-03-13T04:45,19,30.53,30.53,,,0,STABLE,NO,NO,2026-10-09T00:05:31Z
2021-03-13T03:45:00Z,2021-03-13T04:45,2021-03-13T05:00,20,35.03,35.03,,,0,STABLE,NO,NO,2026-10-09T00:05:31Z
2021-03-13T04:00:00Z,2021-03-13T05:00,2021-03-13T05:15,21,40.13,40.13,40.13,,1,UP,NO,NO,2026-10-09T00:05:31Z
2021-03-13T04:15:00Z,2021-03-13T05:15,2021-03-13T05:30,22,40.14,40.14,40.14,,1,UP,NO,NO,2026-10-09T00:05:31Z
2021-03-13T04:30:00Z,2021-03-13T05:30,2021-03-13T05:45,23,40.07,40.07,40.07,,1,UP,NO,NO,2026-10-09T00:05:31Z
2021-03-13T04:45:00Z,2021-03-13T05:45,2021-03-13T06:00,24,49.51,49.51,49.51,,1,UP,NO,NO,2026-10-09T00:05:31Z
2021-03-13T05:00:00Z,2021-03-13T06:00,2021-03-13T06:15,25,48.94,-12.59,48.94,-12.59,2,UP_AND_DOWN,NO,NO,2026-10-09T00:05:31Z
2021-03-13T05:15:00Z,2021-03-13T06:15,2021-03-13T06:30,26,43.92,43.92,43.92,,1,UP,NO,NO,2026-10-09T00:05:31Z
2021-03-13T05:30:00Z,2021-03-13T06:30,2021-03-13T06:45,27,51.26,51.26,51.26,,1,UP,NO,NO,2026-10-09T00:05:31Z
2021-03-13T05:45:00Z,2021-03-13T06:45,2021-03-13T07:00,28,48.68,48.68,48.68,,1,UP,NO,NO,2026-10-09T00:05:31Z
2021-03-13T06:00:00Z,2021-03-13T07:00,2021-03-13T07:15,29,46.28,-23.73,46.28,-23.73,2,UP_AND_DOWN,NO,NO,2026-10-09T00:05:31Z
2021-03-13T06:15:00Z,2021-03-13T07:15,2021-03-13T07:30,30,28,28,28,,1,UP,NO,NO,2026-10-09T00:05:31Z
2021-03-13T06:30:00Z,2021-03-13T07:30,2021-03-13T07:45,31,34.73,34.73,,34.73,-1,DOWN,NO,NO,2026-10-09T00:05:31Z
2021-03-13T06:45:00Z,2021-03-13T07:45,2021-03-13T08:00,32,57.73,-7,57.73,-7,2,UP_AND_DOWN,NO,NO,2026-10-09T00:05:31Z
2021-03-13T07:00:00Z,2021-03-13T08:00,2021-03-13T08:15,33,55.68,55.68,55.68,,1,UP,NO,NO,2026-10-09T00:05:31Z
2021-03-13T07:15:00Z,2021-03-13T08:15,2021-03-13T08:30,34,-7.84,-7.84,,-7.84,-1,DOWN,NO,NO,2026-10-09T00:05:31Z
2021-03-13T07:30:00Z,2021-03-13T08:30,2021-03-13T08:45,35,50.33,-39.09,50.33,-39.09,2,UP_AND_DOWN,NO,NO,2026-10-09T00:05:31Z
2021-03-13T07:45:00Z,2021-03-13T08:45,2021-03-13T09:00,36,-39.09,-39.09,,-39.09,-1,DOWN,NO,NO,2026-10-09T00:05:31Z
2021-03-13T08:00:00Z,2021-03-13T09:00,2021-03-13T09:15,37,-15.59,-15.59,,-15.59,-1,DOWN,NO,NO,2026-10-09T00:05:31Z
2021-03-13T08:15:00Z,2021-03-13T09:15,2021-03-13T09:30,38,-135.1,-135.1,,-135.1,-1,DOWN,NO,NO,2026-10-09T00:05:31Z
2021-03-13T08:30:00Z,2021-03-13T09:30,2021-03-13T09:45,39,-36.46,-36.46,,-36.46,-1,DOWN,NO,NO,2026-10-09T00:05:31Z
2021-03-13T08:45:00Z,2021-03-13T09:45,2021-03-13T10:00,40,48.68,-41.72,48.68,-41.72,2,UP_AND_DOWN,NO,NO,2026-10-09T00:05:31Z
2021-03-13T09:00:00Z,2021-03-13T10:00,2021-03-13T10:15,41,51.68,-11.8,51.68,-11.8,2,UP_AND_DOWN,NO,NO,2026-10-09T00:05:31Z
2021-03-13T09:15:00Z,2021-03-13T10:15,2021-03-13T10:30,42,46.65,-7,46.65,-7,2,UP_AND_DOWN,NO,NO,2026-10-09T00:05:31Z
2021-03-13T09:30:00Z,2021-03-13T10:30,2021-03-13T10:45,43,-34.05,-34.05,,-34.05,-1,DOWN,NO,NO,2026-10-09T00:05:31Z
2021-03-13T09:45:00Z,2021-03-13T10:45,2021-03-13T11:00,44,-59.54,-59.54,,-59.54,-1,DOWN,NO,NO,2026-10-09T00:05:31Z
2021-03-13T10:00:00Z,2021-03-13T11:00,2021-03-13T11:15,45,47.99,-94.44,47.99,-94.44,2,UP_AND_DOWN,NO,NO,2026-10-09T00:05:31Z
2021-03-13T10:15:00Z,2021-03-13T11:15,2021-03-13T11:30,46,53.69,53.69,53.69,-13.14,1,UP,NO,NO,2026-10-09T00:05:31Z
2021-03-13T10:30:00Z,2021-03-13T11:30,2021-03-13T11:45,47,53.69,-44.64,53.69,-44.64,2,UP_AND_DOWN,NO,NO,2026-10-09T00:05:31Z
2021-03-13T10:45:00Z,2021-03-13T11:45,2021-03-13T12:00,48,43.43,43.43,43.43,-25.64,1,UP,NO,NO,2026-10-09T00:05:31Z
2021-03-13T11:00:00Z,2021-03-13T12:00,2021-03-13T12:15,49,279.15,279.15,279.15,,1,UP,NO,NO,2026-10-09T00:05:31Z
2021-03-13T11:15:00Z,2021-03-13T12:15,2021-03-13T12:30,50,-21.98,-21.98,279.15,-21.98,-1,DOWN,NO,NO,2026-10-09T00:05:31Z
2021-03-13T11:30:00Z,2021-03-13T12:30,2021-03-13T12:45,51,-26.48,-26.48,,-26.48,-1,DOWN,NO,NO,2026-10-09T00:05:31Z
2021-03-13T11:45:00Z,2021-03-13T12:45,2021-03-13T13:00,52,-65.54,-65.54,,-65.54,-1,DOWN,NO,NO,2026-10-09T00:05:31Z
2021-03-13T12:00:00Z,2021-03-13T13:00,2021-03-13T13:15,53,-95.85,-95.85,,-95.85,-1,DOWN,NO,NO,2026-10-09T00:05:31Z
2021-03-13T12:15:00Z,2021-03-13T13:15,2021-03-13T13:30,54,-17.94,-17.94,,-17.94,-1,DOWN,NO,NO,2026-10-09T00:05:31Z
2021-03-13T12:30:00Z,2021-03-13T13:30,2021-03-13T13:45,55,45.98,-21.69,45.98,-21.69,2,UP_AND_DOWN,NO,NO,2026-10-09T00:05:31Z
2021-03-13T12:45:00Z,2021-03-13T13:45,2021-03-13T14:00,56,48.68,-12.69,48.68,-12.69,2,UP_AND_DOWN,NO,NO,2026-10-09T00:05:31Z
2021-03-13T13:00:00Z,2021-03-13T14:00,2021-03-13T14:15,57,66.51,-12,66.51,-12,2,UP_AND_DOWN,NO,NO,2026-10-09T00:05:31Z
2021-03-13T13:15:00Z,2021-03-13T14:15,2021-03-13T14:30,58,60.43,60.43,60.43,,1,UP,NO,NO,2026-10-09T00:05:31Z
2021-03-13T13:30:00Z,2021-03-13T14:30,2021-03-13T14:45,59,98.75,98.75,98.75,,1,UP,NO,NO,2026-10-09T00:05:31Z
2021-03-13T13:45:00Z,2021-03-13T14:45,2021-03-13T15:00,60,40.89,25.9,40.89,27.79,2,UP_AND_DOWN,NO,NO,2026-10-09T00:05:31Z
2021-03-13T14:00:00Z,2021-03-13T15:00,2021-03-13T15:15,61,46.31,46.31,46.31,,1,UP,NO,NO,2026-10-09T00:05:31Z
2021-03-13T14:15:00Z,2021-03-13T15:15,2021-03-13T15:30,62,56.58,56.58,56.58,,1,UP,NO,NO,2026-10-09T00:05:31Z
2021-03-13T14:30:00Z,2021-03-13T15:30,2021-03-13T15:45,63,48.14,48.14,48.14,,1,UP,NO,NO,2026-10-09T00:05:31Z
2021-03-13T14:45:00Z,2021-03-13T15:45,2021-03-13T16:00,64,83.08,83.08,83.08,,1,UP,NO,NO,2026-10-09T00:05:31Z
2021-03-13T15:00:00Z,2021-03-13T16:00,2021-03-13T16:15,65,45.68,-94.73,45.68,-94.73,2,UP_AND_DOWN,NO,NO,2026-10-09T00:05:31Z
2021-03-13T15:15:00Z,2021-03-13T16:15,2021-03-13T16:30,66,48.54,48.54,48.54,-94.73,1,UP,NO,NO,2026-10-09T00:05:31Z
2021-03-13T15:30:00Z,2021-03-13T16:30,2021-03-13T16:45,67,59.06,59.06,59.06,,1,UP,NO,NO,2026-10-09T00:05:31Z
2021-03-13T15:45:00Z,2021-03-13T16:45,2021-03-13T17:00,68,81.36,81.36,81.36,,1,UP,NO,NO,2026-10-09T00:05:31Z
2021-03-13T16:00:00Z,2021-03-13T17:00,2021-03-13T17:15,69,45.71,-69.43,45.71,-69.43,2,UP_AND_DOWN,NO,NO,2026-10-09T00:05:31Z
2021-03-13T16:15:00Z,2021-03-13T17:15,2021-03-13T17:30,70,51.68,51.68,51.68,,1,UP,NO,NO,2026-10-09T00:05:31Z
2021-03-13T16:30:00Z,2021-03-13T17:30,2021-03-13T17:45,71,279.15,279.15,279.15,,1,UP,NO,NO,2026-10-09T00:05:31Z
2021-03-13T16:45:00Z,2021-03-13T17:45,2021-03-13T18:00,72,90.25,90.25,90.25,,1,UP,NO,NO,2026-10-09T00:05:31Z
2021-03-13T17:00:00Z,2021-03-13T18:00,2021-03-13T18:15,73,51.68,-130,51.68,-130,2,UP_AND_DOWN,NO,NO,2026-10-09T00:05:31Z
2021-03-13T17:15:00Z,2021-03-13T18:15,2021-03-13T18:30,74,31.4,31.4,51.68,31.4,-1,DOWN,NO,NO,2026-10-09T00:05:31Z
2021-03-13T17:30:00Z,2021-03-13T18:30,2021-03-13T18:45,75,41.68,41.68,,41.68,-1,DOWN,NO,NO,2026-10-09T00:05:31Z
2021-03-13T17:45:00Z,2021-03-13T18:45,2021-03-13T19:00,76,50.06,50.06,50.06,,1,UP,NO,NO,2026-10-09T00:05:31Z
2021-03-13T18:00:00Z,2021-03-13T19:00,2021-03-13T19:15,77,401.19,401.19,401.19,,1,UP,NO,NO,2026-10-09T00:05:31Z
2021-03-13T18:15:00Z,2021-03-13T19:15,2021-03-13T19:30,78,116.19,116.19,116.19,,1,UP,NO,NO,2026-10-09T00:05:31Z
2021-03-13T18:30:00Z,2021-03-13T19:30,2021-03-13T19:45,79,71.19,71.19,71.19,,1,UP,NO,NO,2026-10-09T00:05:31Z
2021-03-13T18:45:00Z,2021-03-13T19:45,2021-03-13T20:00,80,48.68,11,48.68,11,2,UP_AND_DOWN,NO,NO,2026-10-09T00:05:31Z
2021-03-13T19:00:00Z,2021-03-13T20:00,2021-03-13T20:15,81,406.06,406.06,406.06,,1,UP,NO,NO,2026-10-09T00:05:31Z
2021-03-13T19:15:00Z,2021-03-13T20:15,2021-03-13T20:30,82,48.68,48.68,48.68,,1,UP,NO,NO,2026-10-09T00:05:31Z
2021-03-13T19:30:00Z,2021-03-13T20:30,2021-03-13T20:45,83,14,14,48.68,14,-1,DOWN,NO,NO,2026-10-09T00:05:31Z
2021-03-13T19:45:00Z,2021-03-13T20:45,2021-03-13T21:00,84,46.05,-8.64,46.05,-8.64,2,UP_AND_DOWN,NO,NO,2026-10-09T00:05:31Z
2021-03-13T20:00:00Z,2021-03-13T21:00,2021-03-13T21:15,85,450,450,450,,1,UP,NO,NO,2026-10-09T00:05:31Z
2021-03-13T20:15:00Z,2021-03-13T21:15,2021-03-13T21:30,86,86.84,86.84,86.84,,1,UP,NO,NO,2026-10-09T00:05:31Z
2021-03-13T20:30:00Z,2021-03-13T21:30,2021-03-13T21:45,87,46.1,15,46.1,15,2,UP_AND_DOWN,NO,NO,2026-10-09T00:05:31Z
2021-03-13T20:45:00Z,2021-03-13T21:45,2021-03-13T22:00,88,51.68,26.18,51.68,26.18,2,UP_AND_DOWN,NO,NO,2026-10-09T00:05:31Z
2021-03-13T21:00:00Z,2021-03-13T22:00,2021-03-13T22:15,89,279.15,26.18,279.15,26.18,2,UP_AND_DOWN,NO,NO,2026-10-09T00:05:31Z
2021-03-13T21:15:00Z,2021-03-13T22:15,2021-03-13T22:30,90,83,83,83,,1,UP,NO,NO,2026-10-09T00:05:31Z
2021-03-13T21:30:00Z,2021-03-13T22:30,2021-03-13T22:45,91,52.53,52.53,52.53,,1,UP,NO,NO,2026-10-09T00:05:31Z
2021-03-13T21:45:00Z,2021-03-13T22:45,2021-03-13T23:00,92,45.97,45.97,45.97,,1,UP,NO,NO,2026-10-09T00:05:31Z
2021-03-13T22:00:00Z,2021-03-13T23:00,2021-03-13T23:15,93,450,450,450,,1,UP,NO,NO,2026-10-09T00:05:31Z
2021-03-13T22:15:00Z,2021-03-13T23:15,2021-03-13T23:30,94,-19.81,-19.81,80.16,-19.81,-1,DOWN,NO,NO,2026-10-09T00:05:31Z
2021-03-13T22:30:00Z,2021-03-13T23:30,2021-03-13T23:45,95,50.97,-38.31,50.97,-38.31,2,UP_AND_DOWN,NO,NO,2026-10-09T00:05:31Z
2021-03-13T22:45:00Z,2021-03-13T23:45,2021-03-14T00:00,96,33.34,-27.32,25,-27.32,2,UP_AND_DOWN,NO,NO,2026-10-09T00:05:31Z
2021-03-13T23:00:00Z,2021-03-14T00:00,2021-03-14T00:15,1,113.34,26.18,113.34,26.18,2,UP_AND_DOWN,NO,NO,2026-10-09T00:05:31Z
2021-03-13T23:15:00Z,2021-03-14T00:15,2021-03-14T00:30,2,57.28,-83.31,57.28,-83.31,2,UP_AND_DOWN,NO,NO,2026-10-09T00:05:31Z
2021-03-13T23:30:00Z,2021-03-14T00:30,2021-03-14T00:45,3,30,30,30,23.68,1,UP,NO,NO,2026-10-09T00:05:31Z
2021-03-13T23:45:00Z,2021-03-14T00:45,2021-03-14T01:00,4,57.29,26.18,57.29,26.18,2,UP_AND_DOWN,NO,NO,2026-10-09T00:05:31Z
2021-03-14T00:00:00Z,2021-03-14T01:00,2021-03-14T01:15,5,341.93,341.93,341.93,26.18,1,UP,NO,NO,2026-10-09T00:05:31Z
2021-03-14T00:15:00Z,2021-03-14T01:15,2021-03-14T01:30,6,341.92,23.68,341.92,23.68,2,UP_AND_DOWN,NO,NO,2026-10-09T00:05:31Z
2021-03-14T00:30:00Z,2021-03-14T01:30,2021-03-14T01:45,7,14,14,341.92,14,-1,DOWN,NO,NO,2026-10-09T00:05:31Z
2021-03-14T00:45:00Z,2021-03-14T01:45,2021-03-14T02:00,8,26.18,26.18,,26.18,-1,DOWN,NO,NO,2026-10-09T00:05:31Z
2021-03-14T01:00:00Z,2021-03-14T02:00,2021-03-14T02:15,9,45.23,39.68,45.23,39.68,2,UP_AND_DOWN,NO,NO,2026-10-09T00:05:31Z
2021-03-14T01:15:00Z,2021-03-14T02:15,2021-03-14T02:30,10,27.4,27.4,,27.4,-1,DOWN,NO,NO,2026-10-09T00:05:31Z
2021-03-14T01:30:00Z,2021-03-14T02:30,2021-03-14T02:45,11,55.68,55.68,55.68,27.4,1,UP,NO,NO,2026-10-09T00:05:31Z
2021-03-14T01:45:00Z,2021-03-14T02:45,2021-03-14T03:00,12,75.87,75.87,75.87,,1,UP,NO,NO,2026-10-09T00:05:31Z
2021-03-14T02:00:00Z,2021-03-14T03:00,2021-03-14T03:15,13,271.38,271.38,271.38,,1,UP,NO,NO,2026-10-09T00:05:31Z
2021-03-14T02:15:00Z,2021-03-14T03:15,2021-03-14T03:30,14,46.87,-27.31,46.87,-27.31,2,UP_AND_DOWN,NO,NO,2026-10-09T00:05:31Z
2021-03-14T02:30:00Z,2021-03-14T03:30,2021-03-14T03:45,15,36.68,36.68,,36.68,-1,DOWN,NO,NO,2026-10-09T00:05:31Z
2021-03-14T02:45:00Z,2021-03-14T03:45,2021-03-14T04:00,16,26.18,26.18,,26.18,-1,DOWN,NO,NO,2026-10-09T00:05:31Z
2021-03-14T03:00:00Z,2021-03-14T04:00,2021-03-14T04:15,17,18.68,18.68,,18.68,-1,DOWN,NO,NO,2026-10-09T00:05:31Z
2021-03-14T03:15:00Z,2021-03-14T04:15,2021-03-14T04:30,18,28.68,28.68,,28.68,-1,DOWN,NO,NO,2026-10-09T00:05:31Z
2021-03-14T03:30:00Z,2021-03-14T04:30,2021-03-14T04:45,19,47.93,47.93,47.93,28.68,1,UP,NO,NO,2026-10-09T00:05:31Z
2021-03-14T03:45:00Z,2021-03-14T04:45,2021-03-14T05:00,20,52.61,52.61,52.61,,1,UP,NO,NO,2026-10-09T00:05:31Z
2021-03-14T04:00:00Z,2021-03-14T05:00,2021-03-14T05:15,21,45.68,45.68,45.68,,1,UP,NO,NO,2026-10-09T00:05:31Z
2021-03-14T04:15:00Z,2021-03-14T05:15,2021-03-14T05:30,22,43.68,43.68,,,0,STABLE,NO,NO,2026-10-09T00:05:31Z
2021-03-14T04:30:00Z,2021-03-14T05:30,2021-03-14T05:45,23,75.41,75.41,75.41,,1,UP,NO,NO,2026-10-09T00:05:31Z
2021-03-14T04:45:00Z,2021-03-14T05:45,2021-03-14T06:00,24,75.39,75.39,75.39,,1,UP,NO,NO,2026-10-09T00:05:31Z
2021-03-14T05:00:00Z,2021-03-14T06:00,2021-03-14T06:15,25,30.66,30.66,75.39,30.66,-1,DOWN,NO,NO,2026-10-09T00:05:31Z
2021-03-14T05:15:00Z,2021-03-14T06:15,2021-03-14T06:30,26,31.41,31.41,,31.41,-1,DOWN,NO,NO,2026-10-09T00:05:31Z
2021-03-14T05:30:00Z,2021-03-14T06:30,2021-03-14T06:45,27,31.3,31.3,,31.3,-1,DOWN,NO,NO,2026-10-09T00:05:31Z
2021-03-14T05:45:00Z,2021-03-14T06:45,2021-03-14T07:00,28,25,25,,25,-1,DOWN,NO,NO,2026-10-09T00:05:31Z
2021-03-14T06:00:00Z,2021-03-14T07:00,2021-03-14T07:15,29,71,71,71,21.96,1,UP,NO,NO,2026-10-09T00:05:31Z
2021-03-14T06:15:00Z,2021-03-14T07:15,2021-03-14T07:30,30,97.79,97.79,97.79,21.96,1,UP,NO,NO,2026-10-09T00:05:31Z
2021-03-14T06:30:00Z,2021-03-14T07:30,2021-03-14T07:45,31,77.13,77.13,77.13,,1,UP,NO,NO,2026-10-09T00:05:31Z
2021-03-14T06:45:00Z,2021-03-14T07:45,2021-03-14T08:00,32,109.45,109.45,109.45,,1,UP,NO,NO,2026-10-09T00:05:31Z
2021-03-14T07:00:00Z,2021-03-14T08:00,2021-03-14T08:15,33,282.92,282.92,282.92,,1,UP,NO,NO,2026-10-09T00:05:31Z
2021-03-14T07:15:00Z,2021-03-14T08:15,2021-03-14T08:30,34,141.21,141.21,141.21,,1,UP,NO,NO,2026-10-09T00:05:31Z
2021-03-14T07:30:00Z,2021-03-14T08:30,2021-03-14T08:45,35,78.74,78.74,78.74,,1,UP,NO,NO,2026-10-09T00:05:31Z
2021-03-14T07:45:00Z,2021-03-14T08:45,2021-03-14T09:00,36,117.22,117.22,117.22,,1,UP,NO,NO,2026-10-09T00:05:31Z
2021-03-14T08:00:00Z,2021-03-14T09:00,2021-03-14T09:15,37,48.23,48.23,48.23,,1,UP,NO,NO,2026-10-09T00:05:31Z
2021-03-14T08:15:00Z,2021-03-14T09:15,2021-03-14T09:30,38,47.94,47.94,47.94,,1,UP,NO,NO,2026-10-09T00:05:31Z
2021-03-14T08:30:00Z,2021-03-14T09:30,2021-03-14T09:45,39,41.12,41.12,,,0,STABLE,NO,NO,2026-10-09T00:05:31Z
2021-03-14T08:45:00Z,2021-03-14T09:45,2021-03-14T10:00,40,-3,-3,,-3,-1,DOWN,NO,NO,2026-10-09T00:05:31Z
2021-03-14T09:00:00Z,2021-03-14T10:00,2021-03-14T10:15,41,213.62,213.62,213.62,-14.39,1,UP,NO,NO,2026-10-09T00:05:31Z
2021-03-14T09:15:00Z,2021-03-14T10:15,2021-03-14T10:30,42,213.62,213.62,213.62,,1,UP,NO,NO,2026-10-09T00:05:31Z
2021-03-14T09:30:00Z,2021-03-14T10:30,2021-03-14T10:45,43,41.03,10,40.09,10,2,UP_AND_DOWN,NO,NO,2026-10-09T00:05:31Z
2021-03-14T09:45:00Z,2021-03-14T10:45,2021-03-14T11:00,44,51.96,51.96,51.96,,1,UP,NO,NO,2026-10-09T00:05:31Z
2021-03-14T10:00:00Z,2021-03-14T11:00,2021-03-14T11:15,45,202.07,202.07,202.07,,1,UP,NO,NO,2026-10-09T00:05:31Z
2021-03-14T10:15:00Z,2021-03-14T11:15,2021-03-14T11:30,46,98.96,98.96,98.96,,1,UP,NO,NO,2026-10-09T00:05:31Z
2021-03-14T10:30:00Z,2021-03-14T11:30,2021-03-14T11:45,47,202.07,202.07,202.07,,1,UP,NO,NO,2026-10-09T00:05:31Z
2021-03-14T10:45:00Z,2021-03-14T11:45,2021-03-14T12:00,48,24.97,24.97,202.07,24.97,-1,DOWN,NO,NO,2026-10-09T00:05:31Z
2021-03-14T11:00:00Z,2021-03-14T12:00,2021-03-14T12:15,49,42.57,33.51,42.57,33.51,2,UP_AND_DOWN,NO,NO,2026-10-09T00:05:31Z
2021-03-14T11:15:00Z,2021-03-14T12:15,2021-03-14T12:30,50,41.95,41.95,41.95,,1,UP,NO,NO,2026-10-09T00:05:31Z
2021-03-14T11:30:00Z,2021-03-14T12:30,2021-03-14T12:45,51,31.76,31.76,,,0,STABLE,NO,NO,2026-10-09T00:05:31Z
2021-03-14T11:45:00Z,2021-03-14T12:45,2021-03-14T13:00,52,-19.11,-19.11,,-19.11,-1,DOWN,NO,NO,2026-10-09T00:05:31Z
2021-03-14T12:00:00Z,2021-03-14T13:00,2021-03-14T13:15,53,121.11,121.11,121.11,-19.11,1,UP,NO,NO,2026-10-09T00:05:31Z
2021-03-14T12:15:00Z,2021-03-14T13:15,2021-03-14T13:30,54,40.02,27.36,40.02,27.36,2,UP_AND_DOWN,NO,NO,2026-10-09T00:05:31Z
2021-03-14T12:30:00Z,2021-03-14T13:30,2021-03-14T13:45,55,39.94,26.46,39.94,26.46,2,UP_AND_DOWN,NO,NO,2026-10-09T00:05:31Z
2021-03-14T12:45:00Z,2021-03-14T13:45,2021-03-14T14:00,56,-27.55,-27.55,,-27.55,-1,DOWN,NO,NO,2026-10-09T00:05:31Z
2021-03-14T13:00:00Z,2021-03-14T14:00,2021-03-14T14:15,57,-107.6,-107.6,,-107.6,-1,DOWN,NO,NO,2026-10-09T00:05:31Z
2021-03-14T13:15:00Z,2021-03-14T14:15,2021-03-14T14:30,58,-19.11,-19.11,,-19.11,-1,DOWN,NO,NO,2026-10-09T00:05:31Z
2021-03-14T13:30:00Z,2021-03-14T14:30,2021-03-14T14:45,59,29.13,29.13,,29.13,-1,DOWN,NO,NO,2026-10-09T00:05:31Z
2021-03-14T13:45:00Z,2021-03-14T14:45,2021-03-14T15:00,60,-34.37,-34.37,,-34.37,-1,DOWN,NO,NO,2026-10-09T00:05:31Z
2021-03-14T14:00:00Z,2021-03-14T15:00,2021-03-14T15:15,61,-157.84,-157.84,,-157.84,-1,DOWN,NO,NO,2026-10-09T00:05:31Z
2021-03-14T14:15:00Z,2021-03-14T15:15,2021-03-14T15:30,62,-15.43,-15.43,,-15.43,-1,DOWN,NO,NO,2026-10-09T00:05:31Z
2021-03-14T14:30:00Z,2021-03-14T15:30,2021-03-14T15:45,63,35.61,35.61,,,0,STABLE,NO,NO,2026-10-09T00:05:31Z
2021-03-14T14:45:00Z,2021-03-14T15:45,2021-03-14T16:00,64,68.96,68.96,68.96,,1,UP,NO,NO,2026-10-09T00:05:31Z
2021-03-14T15:00:00Z,2021-03-14T16:00,2021-03-14T16:15,65,45.3,-27.23,45.3,-27.23,2,UP_AND_DOWN,NO,NO,2026-10-09T00:05:31Z
2021-03-14T15:15:00Z,2021-03-14T16:15,2021-03-14T16:30,66,52.8,-7.55,52.8,-7.55,2,UP_AND_DOWN,NO,NO,2026-10-09T00:05:31Z
2021-03-14T15:30:00Z,2021-03-14T16:30,2021-03-14T16:45,67,85.34,85.34,85.34,-7.55,1,UP,NO,NO,2026-10-09T00:05:31Z
2021-03-14T15:45:00Z,2021-03-14T16:45,2021-03-14T17:00,68,56.1,29.71,56.1,29.71,2,UP_AND_DOWN,NO,NO,2026-10-09T00:05:31Z
2021-03-14T16:00:00Z,2021-03-14T17:00,2021-03-14T17:15,69,-39.73,-39.73,56.1,-39.73,-1,DOWN,NO,NO,2026-10-09T00:05:31Z
2021-03-14T16:15:00Z,2021-03-14T17:15,2021-03-14T17:30,70,45.74,-7.84,45.74,-7.84,2,UP_AND_DOWN,NO,NO,2026-10-09T00:05:31Z
2021-03-14T16:30:00Z,2021-03-14T17:30,2021-03-14T17:45,71,103.71,103.71,103.71,-7.84,1,UP,NO,NO,2026-10-09T00:05:31Z
2021-03-14T16:45:00Z,2021-03-14T17:45,2021-03-14T18:00,72,279.18,279.18,279.18,,1,UP,NO,NO,2026-10-09T00:05:31Z
2021-03-14T17:00:00Z,2021-03-14T18:00,2021-03-14T18:15,73,66.64,-18.34,66.64,-18.34,2,UP_AND_DOWN,NO,NO,2026-10-09T00:05:31Z
2021-03-14T17:15:00Z,2021-03-14T18:15,2021-03-14T18:30,74,46.13,46.13,66.64,46.13,-1,DOWN,NO,NO,2026-10-09T00:05:31Z
2021-03-14T17:30:00Z,2021-03-14T18:30,2021-03-14T18:45,75,47.03,47.03,,,0,STABLE,NO,NO,2026-10-09T00:05:31Z
2021-03-14T17:45:00Z,2021-03-14T18:45,2021-03-14T19:00,76,82.3,82.3,82.3,,1,UP,NO,NO,2026-10-09T00:05:31Z
2021-03-14T18:00:00Z,2021-03-14T19:00,2021-03-14T19:15,77,128.88,128.88,128.88,,1,UP,NO,NO,2026-10-09T00:05:31Z
2021-03-14T18:15:00Z,2021-03-14T19:15,2021-03-14T19:30,78,47.04,47.04,,,0,STABLE,NO,NO,2026-10-09T00:05:31Z
2021-03-14T18:30:00Z,2021-03-14T19:30,2021-03-14T19:45,79,47.03,47.03,,,0,STABLE,NO,NO,2026-10-09T00:05:31Z
2021-03-14T18:45:00Z,2021-03-14T19:45,2021-03-14T20:00,80,109.45,109.45,109.45,,1,UP,NO,NO,2026-10-09T00:05:31Z
2021-03-14T19:00:00Z,2021-03-14T20:00,2021-03-14T20:15,81,213.62,213.62,213.62,,1,UP,NO,NO,2026-10-09T00:05:31Z
2021-03-14T19:15:00Z,2021-03-14T20:15,2021-03-14T20:30,82,21.01,21.01,49.73,21.01,-1,DOWN,NO,NO,2026-10-09T00:05:31Z
2021-03-14T19:30:00Z,2021-03-14T20:30,2021-03-14T20:45,83,-41.32,-41.32,,-41.32,-1,DOWN,NO,NO,2026-10-09T00:05:31Z
2021-03-14T19:45:00Z,2021-03-14T20:45,2021-03-14T21:00,84,49.75,-88.7,49.75,-88.7,2,UP_AND_DOWN,NO,NO,2026-10-09T00:05:31Z
2021-03-14T20:00:00Z,2021-03-14T21:00,2021-03-14T21:15,85,165.87,165.87,165.87,-88.7,1,UP,NO,NO,2026-10-09T00:05:31Z
2021-03-14T20:15:00Z,2021-03-14T21:15,2021-03-14T21:30,86,18.69,18.69,165.87,18.69,-1,DOWN,NO,NO,2026-10-09T00:05:31Z
2021-03-14T20:30:00Z,2021-03-14T21:30,2021-03-14T21:45,87,16,16,,16,-1,DOWN,NO,NO,2026-10-09T00:05:31Z
2021-03-14T20:45:00Z,2021-03-14T21:45,2021-03-14T22:00,88,29.66,29.66,,29.66,-1,DOWN,NO,NO,2026-10-09T00:05:31Z
2021-03-14T21:00:00Z,2021-03-14T22:00,2021-03-14T22:15,89,147.38,147.38,147.38,29.66,1,UP,NO,NO,2026-10-09T00:05:31Z
2021-03-14T21:15:00Z,2021-03-14T22:15,2021-03-14T22:30,90,109.45,109.45,109.45,,1,UP,NO,NO,2026-10-09T00:05:31Z
2021-03-14T21:30:00Z,2021-03-14T22:30,2021-03-14T22:45,91,41.14,41.14,69.66,41.14,-1,DOWN,NO,NO,2026-10-09T00:05:31Z
2021-03-14T21:45:00Z,2021-03-14T22:45,2021-03-14T23:00,92,22.44,22.44,,22.44,-1,DOWN,NO,NO,2026-10-09T00:05:31Z
2021-03-14T22:00:00Z,2021-03-14T23:00,2021-03-14T23:15,93,184.35,184.35,184.35,29.66,1,UP,NO,NO,2026-10-09T00:05:31Z
2021-03-14T22:15:00Z,2021-03-14T23:15,2021-03-14T23:30,94,190.52,190.52,190.52,29.66,1,UP,NO,NO,2026-10-09T00:05:31Z
2021-03-14T22:30:00Z,2021-03-14T23:30,2021-03-14T23:45,95,50.28,50.28,50.28,,1,UP,NO,NO,2026-10-09T00:05:31Z
2021-03-14T22:45:00Z,2021-03-14T23:45,2021-03-15T00:00,96,52.51,52.51,52.51,,1,UP,NO,NO,2026-10-09T00:05:31Z
2021-03-14T23:00:00Z,2021-03-15T00:00,2021-03-15T00:15,1,31.41,31.41,52.51,31.41,-1,DOWN,NO,NO,2026-10-09T00:05:31Z
2021-03-14T23:15:00Z,2021-03-15T00:15,2021-03-15T00:30,2,60.38,60.38,60.38,,1,UP,NO,NO,2026-10-09T00:05:31Z
2021-03-14T23:30:00Z,2021-03-15T00:30,2021-03-15T00:45,3,417.25,417.25,417.25,,1,UP,NO,NO,2026-10-09T00:05:31Z
2021-03-14T23:45:00Z,2021-03-15T00:45,2021-03-15T01:00,4,-28.46,-28.46,57.25,-28.46,-1,DOWN,NO,NO,2026-10-09T00:05:31Z
2021-03-15T00:00:00Z,2021-03-15T01:00,2021-03-15T01:15,5,-37.04,-37.04,57.25,-37.04,-1,DOWN,NO,NO,2026-10-09T00:05:31Z
2021-03-15T00:15:00Z,2021-03-15T01:15,2021-03-15T01:30,6,36.83,36.83,,,0,STABLE,NO,NO,2026-10-09T00:05:31Z
2021-03-15T00:30:00Z,2021-03-15T01:30,2021-03-15T01:45,7,44.66,44.66,,,0,STABLE,NO,NO,2026-10-09T00:05:31Z
2021-03-15T00:45:00Z,2021-03-15T01:45,2021-03-15T02:00,8,-14.34,-14.34,,-14.34,-1,DOWN,NO,NO,2026-10-09T00:05:31Z
2021-03-15T01:00:00Z,2021-03-15T02:00,2021-03-15T02:15,9,56.66,-20.7,56.66,-20.7,2,UP_AND_DOWN,NO,NO,2026-10-09T00:05:31Z
2021-03-15T01:15:00Z,2021-03-15T02:15,2021-03-15T02:30,10,10,10,56.66,10,-1,DOWN,NO,NO,2026-10-09T00:05:31Z
2021-03-15T01:30:00Z,2021-03-15T02:30,2021-03-15T02:45,11,62.66,-14.72,62.66,-14.72,2,UP_AND_DOWN,NO,NO,2026-10-09T00:05:31Z
2021-03-15T01:45:00Z,2021-03-15T02:45,2021-03-15T03:00,12,50.73,-9.92,50.73,-9.92,2,UP_AND_DOWN,NO,NO,2026-10-09T00:05:31Z
2021-03-15T02:00:00Z,2021-03-15T03:00,2021-03-15T03:15,13,42.43,-20.55,42.43,-20.55,2,UP_AND_DOWN,NO,NO,2026-10-09T00:05:31Z
2021-03-15T02:15:00Z,2021-03-15T03:15,2021-03-15T03:30,14,51.04,51.04,51.04,-20.55,1,UP,NO,NO,2026-10-09T00:05:31Z
2021-03-15T02:30:00Z,2021-03-15T03:30,2021-03-15T03:45,15,60.97,60.97,60.97,,1,UP,NO,NO,2026-10-09T00:05:31Z
2021-03-15T02:45:00Z,2021-03-15T03:45,2021-03-15T04:00,16,99.35,99.35,99.35,,1,UP,NO,NO,2026-10-09T00:05:31Z
2021-03-15T03:00:00Z,2021-03-15T04:00,2021-03-15T04:15,17,100.54,100.54,100.54,,1,UP,NO,NO,2026-10-09T00:05:31Z
2021-03-15T03:15:00Z,2021-03-15T04:15,2021-03-15T04:30,18,67.3,67.3,67.3,,1,UP,NO,NO,2026-10-09T00:05:31Z
2021-03-15T03:30:00Z,2021-03-15T04:30,2021-03-15T04:45,19,40.66,40.66,67.3,40.66,-1,DOWN,NO,NO,2026-10-09T00:05:31Z
2021-03-15T03:45:00Z,2021-03-15T04:45,2021-03-15T05:00,20,36.83,36.83,,,0,STABLE,NO,NO,2026-10-09T00:05:31Z
2021-03-15T04:00:00Z,2021-03-15T05:00,2021-03-15T05:15,21,66.53,66.53,66.53,,1,UP,NO,NO,2026-10-09T00:05:31Z
2021-03-15T04:15:00Z,2021-03-15T05:15,2021-03-15T05:30,22,450,450,450,,1,UP,NO,NO,2026-10-09T00:05:31Z
2021-03-15T04:30:00Z,2021-03-15T05:30,2021-03-15T05:45,23,52.66,30.8,52.66,30.8,2,UP_AND_DOWN,NO,NO,2026-10-09T00:05:31Z
2021-03-15T04:45:00Z,2021-03-15T05:45,2021-03-15T06:00,24,41.92,41.92,41.92,,1,UP,NO,NO,2026-10-09T00:05:31Z
2021-03-15T05:00:00Z,2021-03-15T06:00,2021-03-15T06:15,25,46.73,46.73,46.73,,1,UP,NO,NO,2026-10-09T00:05:31Z
2021-03-15T05:15:00Z,2021-03-15T06:15,2021-03-15T06:30,26,41.64,41.64,41.64,,1,UP,NO,NO,2026-10-09T00:05:31Z
2021-03-15T05:30:00Z,2021-03-15T06:30,2021-03-15T06:45,27,36.39,36.39,,,0,STABLE,NO,NO,2026-10-09T00:05:31Z
2021-03-15T05:45:00Z,2021-03-15T06:45,2021-03-15T07:00,28,49.23,49.23,49.23,,1,UP,NO,NO,2026-10-09T00:05:31Z
2021-03-15T06:00:00Z,2021-03-15T07:00,2021-03-15T07:15,29,38.39,29.86,34,29.86,2,UP_AND_DOWN,NO,NO,2026-10-09T00:05:31Z
2021-03-15T06:15:00Z,2021-03-15T07:15,2021-03-15T07:30,30,38.15,38.15,,,0,STABLE,NO,NO,2026-10-09T00:05:31Z
2021-03-15T06:30:00Z,2021-03-15T07:30,2021-03-15T07:45,31,39.75,39.75,,,0,STABLE,NO,NO,2026-10-09T00:05:31Z
2021-03-15T06:45:00Z,2021-03-15T07:45,2021-03-15T08:00,32,44.08,44.08,,,0,STABLE,NO,NO,2026-10-09T00:05:31Z
2021-03-15T07:00:00Z,2021-03-15T08:00,2021-03-15T08:15,33,44.25,44.25,,,0,STABLE,NO,NO,2026-10-09T00:05:31Z
2021-03-15T07:15:00Z,2021-03-15T08:15,2021-03-15T08:30,34,44.2,44.2,,,0,STABLE,NO,NO,2026-10-09T00:05:31Z
2021-03-15T07:30:00Z,2021-03-15T08:30,2021-03-15T08:45,35,44.16,44.16,,,0,STABLE,NO,NO,2026-10-09T00:05:31Z
2021-03-15T07:45:00Z,2021-03-15T08:45,2021-03-15T09:00,36,44.21,44.21,,,0,STABLE,NO,NO,2026-10-09T00:05:31Z
2021-03-15T08:00:00Z,2021-03-15T09:00,2021-03-15T09:15,37,411.55,411.55,411.55,,1,UP,NO,NO,2026-10-09T00:05:31Z
2021-03-15T08:15:00Z,2021-03-15T09:15,2021-03-15T09:30,38,48.66,48.66,48.66,,1,UP,NO,NO,2026-10-09T00:05:31Z
2021-03-15T08:30:00Z,2021-03-15T09:30,2021-03-15T09:45,39,53.18,53.18,53.18,,1,UP,NO,NO,2026-10-09T00:05:31Z
2021-03-15T08:45:00Z,2021-03-15T09:45,2021-03-15T10:00,40,113.13,113.13,113.13,,1,UP,NO,NO,2026-10-09T00:05:31Z
2021-03-15T09:00:00Z,2021-03-15T10:00,2021-03-15T10:15,41,405.05,405.05,405.05,,1,UP,NO,NO,2026-10-09T00:05:31Z
2021-03-15T09:15:00Z,2021-03-15T10:15,2021-03-15T10:30,42,405.05,405.05,405.05,,1,UP,NO,NO,2026-10-09T00:05:31Z
2021-03-15T09:30:00Z,2021-03-15T10:30,2021-03-15T10:45,43,405.05,405.05,405.05,,1,UP,NO,NO,2026-10-09T00:05:31Z
2021-03-15T09:45:00Z,2021-03-15T10:45,2021-03-15T11:00,44,51.01,51.01,51.01,,1,UP,NO,NO,2026-10-09T00:05:31Z
2021-03-15T10:00:00Z,2021-03-15T11:00,2021-03-15T11:15,45,37.07,37.07,51.01,37.07,-1,DOWN,NO,NO,2026-10-09T00:05:31Z
2021-03-15T10:15:00Z,2021-03-15T11:15,2021-03-15T11:30,46,44.61,36,44.22,36,2,UP_AND_DOWN,NO,NO,2026-10-09T00:05:31Z
2021-03-15T10:30:00Z,2021-03-15T11:30,2021-03-15T11:45,47,40.07,40.07,,40.07,-1,DOWN,NO,NO,2026-10-09T00:05:31Z
2021-03-15T10:45:00Z,2021-03-15T11:45,2021-03-15T12:00,48,43.64,43.64,,43.64,-1,DOWN,NO,NO,2026-10-09T00:05:31Z
2021-03-15T11:00:00Z,2021-03-15T12:00,2021-03-15T12:15,49,45,45,,45,-1,DOWN,NO,NO,2026-10-09T00:05:31Z
2021-03-15T11:15:00Z,2021-03-15T12:15,2021-03-15T12:30,50,43.56,43.56,,,0,STABLE,NO,NO,2026-10-09T00:05:31Z
2021-03-15T11:30:00Z,2021-03-15T12:30,2021-03-15T12:45,51,43.56,43.56,,,0,STABLE,NO,NO,2026-10-09T00:05:31Z
2021-03-15T11:45:00Z,2021-03-15T12:45,2021-03-15T13:00,52,23.99,23.99,,23.99,-1,DOWN,NO,NO,2026-10-09T00:05:31Z
2021-03-15T12:00:00Z,2021-03-15T13:00,2021-03-15T13:15,53,62.07,-15.86,62.07,-15.86,2,UP_AND_DOWN,NO,NO,2026-10-09T00:05:31Z
2021-03-15T12:15:00Z,2021-03-15T13:15,2021-03-15T13:30,54,-18.85,-18.85,64.9,-18.85,-1,DOWN,NO,NO,2026-10-09T00:05:31Z
2021-03-15T12:30:00Z,2021-03-15T13:30,2021-03-15T13:45,55,14.12,14.12,,14.12,-1,DOWN,NO,NO,2026-10-09T00:05:31Z
2021-03-15T12:45:00Z,2021-03-15T13:45,2021-03-15T14:00,56,45.79,45.79,45.79,26.27,1,UP,NO,NO,2026-10-09T00:05:31Z
2021-03-15T13:00:00Z,2021-03-15T14:00,2021-03-15T14:15,57,102.69,102.69,102.69,26.27,1,UP,NO,NO,2026-10-09T00:05:31Z
2021-03-15T13:15:00Z,2021-03-15T14:15,2021-03-15T14:30,58,55.32,55.32,55.32,,1,UP,NO,NO,2026-10-09T00:05:31Z
2021-03-15T13:30:00Z,2021-03-15T14:30,2021-03-15T14:45,59,49.04,49.04,49.04,,1,UP,NO,NO,2026-10-09T00:05:31Z
2021-03-15T13:45:00Z,2021-03-15T14:45,2021-03-15T15:00,60,54.55,54.55,54.55,,1,UP,NO,NO,2026-10-09T00:05:31Z
2021-03-15T14:00:00Z,2021-03-15T15:00,2021-03-15T15:15,61,37.07,37.07,54.55,37.07,-1,DOWN,NO,NO,2026-10-09T00:05:31Z
2021-03-15T14:15:00Z,2021-03-15T15:15,2021-03-15T15:30,62,48.01,48.01,48.01,,1,UP,NO,NO,2026-10-09T00:05:31Z
2021-03-15T14:30:00Z,2021-03-15T15:30,2021-03-15T15:45,63,46.3,46.3,46.3,,1,UP,NO,NO,2026-10-09T00:05:31Z
2021-03-15T14:45:00Z,2021-03-15T15:45,2021-03-15T16:00,64,48.41,48.41,48.41,,1,UP,NO,NO,2026-10-09T00:05:31Z
2021-03-15T15:00:00Z,2021-03-15T16:00,2021-03-15T16:15,65,41.47,41.47,41.47,,1,UP,NO,NO,2026-10-09T00:05:31Z
2021-03-15T15:15:00Z,2021-03-15T16:15,2021-03-15T16:30,66,44.04,44.04,,,0,STABLE,NO,NO,2026-10-09T00:05:31Z
2021-03-15T15:30:00Z,2021-03-15T16:30,2021-03-15T16:45,67,69.07,69.07,69.07,,1,UP,NO,NO,2026-10-09T00:05:31Z
2021-03-15T15:45:00Z,2021-03-15T16:45,2021-03-15T17:00,68,182.63,182.63,182.63,,1,UP,NO,NO,2026-10-09T00:05:31Z
2021-03-15T16:00:00Z,2021-03-15T17:00,2021-03-15T17:15,69,38.11,38.11,55.83,38.11,-1,DOWN,NO,NO,2026-10-09T00:05:31Z
2021-03-15T16:15:00Z,2021-03-15T17:15,2021-03-15T17:30,70,44.16,44.16,44.16,,1,UP,NO,NO,2026-10-09T00:05:31Z
2021-03-15T16:30:00Z,2021-03-15T17:30,2021-03-15T17:45,71,44.06,44.06,44.06,,1,UP,NO,NO,2026-10-09T00:05:31Z
2021-03-15T16:45:00Z,2021-03-15T17:45,2021-03-15T18:00,72,44,44,,,0,STABLE,NO,NO,2026-10-09T00:05:31Z
2021-03-15T17:00:00Z,2021-03-15T18:00,2021-03-15T18:15,73,-99.27,-99.27,,-99.27,-1,DOWN,NO,NO,2026-10-09T00:05:31Z
2021-03-15T17:15:00Z,2021-03-15T18:15,2021-03-15T18:30,74,10,10,,10,-1,DOWN,NO,NO,2026-10-09T00:05:31Z
2021-03-15T17:30:00Z,2021-03-15T18:30,2021-03-15T18:45,75,29.07,29.07,,29.07,-1,DOWN,NO,NO,2026-10-09T00:05:31Z
2021-03-15T17:45:00Z,2021-03-15T18:45,2021-03-15T19:00,76,44.42,44.42,,,0,STABLE,NO,NO,2026-10-09T00:05:31Z
2021-03-15T18:00:00Z,2021-03-15T19:00,2021-03-15T19:15,77,44.44,44.44,,,0,STABLE,NO,NO,2026-10-09T00:05:31Z
2021-03-15T18:15:00Z,2021-03-15T19:15,2021-03-15T19:30,78,37.07,37.07,,37.07,-1,DOWN,NO,NO,2026-10-09T00:05:31Z
2021-03-15T18:30:00Z,2021-03-15T19:30,2021-03-15T19:45,79,12.77,12.77,,12.77,-1,DOWN,NO,NO,2026-10-09T00:05:31Z
2021-03-15T18:45:00Z,2021-03-15T19:45,2021-03-15T20:00,80,20.56,20.56,,20.56,-1,DOWN,NO,NO,2026-10-09T00:05:31Z
2021-03-15T19:00:00Z,2021-03-15T20:00,2021-03-15T20:15,81,24.31,24.31,,24.31,-1,DOWN,NO,NO,2026-10-09T00:05:31Z
2021-03-15T19:15:00Z,2021-03-15T20:15,2021-03-15T20:30,82,12.77,12.77,,12.77,-1,DOWN,NO,NO,2026-10-09T00:05:31Z
2021-03-15T19:30:00Z,2021-03-15T20:30,2021-03-15T20:45,83,12.77,12.77,,12.77,-1,DOWN,NO,NO,2026-10-09T00:05:31Z
2021-03-15T19:45:00Z,2021-03-15T20:45,2021-03-15T21:00,84,10,10,,10,-1,DOWN,NO,NO,2026-10-09T00:05:31Z
2021-03-15T20:00:00Z,2021-03-15T21:00,2021-03-15T21:15,85,10.81,10.81,,10.81,-1,DOWN,NO,NO,2026-10-09T00:05:31Z
2021-03-15T20:15:00Z,2021-03-15T21:15,2021-03-15T21:30,86,39.37,39.37,,39.37,-1,DOWN,NO,NO,2026-10-09T00:05:31Z
2021-03-15T20:30:00Z,2021-03-15T21:30,2021-03-15T21:45,87,34.07,34.07,,34.07,-1,DOWN,NO,NO,2026-10-09T00:05:31Z
2021-03-15T20:45:00Z,2021-03-15T21:45,2021-03-15T22:00,88,15.46,15.46,,15.46,-1,DOWN,NO,NO,2026-10-09T00:05:31Z
2021-03-15T21:00:00Z,2021-03-15T22:00,2021-03-15T22:15,89,37.07,37.07,,37.07,-1,DOWN,NO,NO,2026-10-09T00:05:31Z
2021-03-15T21:15:00Z,2021-03-15T22:15,2021-03-15T22:30,90,42.13,42.13,,42.13,-1,DOWN,NO,NO,2026-10-09T00:05:31Z
2021-03-15T21:30:00Z,2021-03-15T22:30,2021-03-15T22:45,91,40.07,40.07,,40.07,-1,DOWN,NO,NO,2026-10-09T00:05:31Z
2021-03-15T21:45:00Z,2021-03-15T22:45,2021-03-15T23:00,92,34.07,34.07,,34.07,-1,DOWN,NO,NO,2026-10-09T00:05:31Z
2021-03-15T22:00:00Z,2021-03-15T23:00,2021-03-15T23:15,93,34.07,34.07,,34.07,-1,DOWN,NO,NO,2026-10-09T00:05:31Z
2021-03-15T22:15:00Z,2021-03-15T23:15,2021-03-15T23:30,94,32.44,32.44,,32.44,-1,DOWN,NO,NO,2026-10-09T00:05:31Z
2021-03-15T22:30:00Z,2021-03-15T23:30,2021-03-15T23:45,95,40.07,40.07,,40.07,-1,DOWN,NO,NO,2026-10-09T00:05:31Z
2021-03-15T22:45:00Z,2021-03-15T23:45,2021-03-16T00:00,96,34.07,34.07,,34.07,-1,DOWN,NO,NO,2026-10-09T00:05:31Z
2021-03-15T23:00:00Z,2021-03-16T00:00,2021-03-16T00:15,1,34.05,34.05,,34.05,-1,DOWN,NO,NO,2026-10-09T00:05:31Z
2021-03-15T23:15:00Z,2021-03-16T00:15,2021-03-16T00:30,2,37.05,37.05,,37.05,-1,DOWN,NO,NO,2026-10-09T00:05:31Z
2021-03-15T23:30:00Z,2021-03-16T00:30,2021-03-16T00:45,3,37.05,37.05,,37.05,-1,DOWN,NO,NO,2026-10-09T00:05:31Z
2021-03-15T23:45:00Z,2021-03-16T00:45,2021-03-16T01:00,4,42.08,42.08,,42.08,-1,DOWN,NO,NO,2026-10-09T00:05:31Z
2021-03-16T00:00:00Z,2021-03-16T01:00,2021-03-16T01:15,5,40.05,40.05,,40.05,-1,DOWN,NO,NO,2026-10-09T00:05:31Z
2021-03-16T00:15:00Z,2021-03-16T01:15,2021-03-16T01:30,6,45.63,45.63,,45.63,-1,DOWN,NO,NO,2026-10-09T00:05:31Z
2021-03-16T00:30:00Z,2021-03-16T01:30,2021-03-16T01:45,7,46.43,46.43,,46.43,-1,DOWN,NO,NO,2026-10-09T00:05:31Z
2021-03-16T00:45:00Z,2021-03-16T01:45,2021-03-16T02:00,8,45.19,45.19,,45.19,-1,DOWN,NO,NO,2026-10-09T00:05:31Z
2021-03-16T01:00:00Z,2021-03-16T02:00,2021-03-16T02:15,9,83.59,83.59,83.59,45.19,1,UP,NO,NO,2026-10-09T00:05:31Z
2021-03-16T01:15:00Z,2021-03-16T02:15,2021-03-16T02:30,10,69.75,69.75,69.75,,1,UP,NO,NO,2026-10-09T00:05:31Z
2021-03-16T01:30:00Z,2021-03-16T02:30,2021-03-16T02:45,11,79.75,79.75,79.75,,1,UP,NO,NO,2026-10-09T00:05:31Z
2021-03-16T01:45:00Z,2021-03-16T02:45,2021-03-16T03:00,12,45.71,45.71,49.88,45.71,-1,DOWN,NO,NO,2026-10-09T00:05:31Z
2021-03-16T02:00:00Z,2021-03-16T03:00,2021-03-16T03:15,13,57.38,42.7,57.38,42.7,2,UP_AND_DOWN,NO,NO,2026-10-09T00:05:31Z
2021-03-16T02:15:00Z,2021-03-16T03:15,2021-03-16T03:30,14,74.88,74.88,74.88,,1,UP,NO,NO,2026-10-09T00:05:31Z
2021-03-16T02:30:00Z,2021-03-16T03:30,2021-03-16T03:45,15,57.38,57.38,57.38,,1,UP,NO,NO,2026-10-09T00:05:31Z
2021-03-16T02:45:00Z,2021-03-16T03:45,2021-03-16T04:00,16,56.05,56.05,56.05,,1,UP,NO,NO,2026-10-09T00:05:31Z
2021-03-16T03:00:00Z,2021-03-16T04:00,2021-03-16T04:15,17,46.37,46.37,56.05,46.37,-1,DOWN,NO,NO,2026-10-09T00:05:31Z
2021-03-16T03:15:00Z,2021-03-16T04:15,2021-03-16T04:30,18,46.21,46.21,,,0,STABLE,NO,NO,2026-10-09T00:05:31Z
2021-03-16T03:30:00Z,2021-03-16T04:30,2021-03-16T04:45,19,46.21,46.21,,,0,STABLE,NO,NO,2026-10-09T00:05:31Z
2021-03-16T03:45:00Z,2021-03-16T04:45,2021-03-16T05:00,20,46.21,46.21,,,0,STABLE,NO,NO,2026-10-09T00:05:31Z
2021-03-16T04:00:00Z,2021-03-16T05:00,2021-03-16T05:15,21,57.38,57.38,57.38,,1,UP,NO,NO,2026-10-09T00:05:31Z
2021-03-16T04:15:00Z,2021-03-16T05:15,2021-03-16T05:30,22,49.05,49.05,49.05,,1,UP,NO,NO,2026-10-09T00:05:31Z
2021-03-16T04:30:00Z,2021-03-16T05:30,2021-03-16T05:45,23,46.54,46.54,,46.54,-1,DOWN,NO,NO,2026-10-09T00:05:31Z
2021-03-16T04:45:00Z,2021-03-16T05:45,2021-03-16T06:00,24,45.15,45.15,,,0,STABLE,NO,NO,2026-10-09T00:05:31Z
2021-03-16T05:00:00Z,2021-03-16T06:00,2021-03-16T06:15,25,44.25,44.25,44.25,,1,UP,NO,NO,2026-10-09T00:05:31Z
2021-03-16T05:15:00Z,2021-03-16T06:15,2021-03-16T06:30,26,44.92,44.92,44.92,,1,UP,NO,NO,2026-10-09T00:05:31Z
2021-03-16T05:30:00Z,2021-03-16T06:30,2021-03-16T06:45,27,52.59,52.59,52.59,,1,UP,NO,NO,2026-10-09T00:05:31Z
2021-03-16T05:45:00Z,2021-03-16T06:45,2021-03-16T07:00,28,52.59,52.59,52.59,,1,UP,NO,NO,2026-10-09T00:05:31Z
2021-03-16T06:00:00Z,2021-03-16T07:00,2021-03-16T07:15,29,45.49,45.49,45.49,,1,UP,NO,NO,2026-10-09T00:05:31Z
2021-03-16T06:15:00Z,2021-03-16T07:15,2021-03-16T07:30,30,45.73,45.73,,,0,STABLE,NO,NO,2026-10-09T00:05:31Z
2021-03-16T06:30:00Z,2021-03-16T07:30,2021-03-16T07:45,31,55.35,55.35,55.35,,1,UP,NO,NO,2026-10-09T00:05:31Z
2021-03-16T06:45:00Z,2021-03-16T07:45,2021-03-16T08:00,32,49.99,49.99,49.99,,1,UP,NO,NO,2026-10-09T00:05:31Z
2021-03-16T07:00:00Z,2021-03-16T08:00,2021-03-16T08:15,33,43,43,,43,-1,DOWN,NO,NO,2026-10-09T00:05:31Z
2021-03-16T07:15:00Z,2021-03-16T08:15,2021-03-16T08:30,34,42.9,42.9,,42.9,-1,DOWN,NO,NO,2026-10-09T00:05:31Z
2021-03-16T07:30:00Z,2021-03-16T08:30,2021-03-16T08:45,35,35,35,,35,-1,DOWN,NO,NO,2026-10-09T00:05:31Z
2021-03-16T07:45:00Z,2021-03-16T08:45,2021-03-16T09:00,36,32.38,32.38,,32.38,-1,DOWN,NO,NO,2026-10-09T00:05:31Z
2021-03-16T08:00:00Z,2021-03-16T09:00,2021-03-16T09:15,37,37.59,37.59,,37.59,-1,DOWN,NO,NO,2026-10-09T00:05:31Z
2021-03-16T08:15:00Z,2021-03-16T09:15,2021-03-16T09:30,38,34.59,34.59,,34.59,-1,DOWN,NO,NO,2026-10-09T00:05:31Z
2021-03-16T08:30:00Z,2021-03-16T09:30,2021-03-16T09:45,39,37.59,37.59,,37.59,-1,DOWN,NO,NO,2026-10-09T00:05:31Z
2021-03-16T08:45:00Z,2021-03-16T09:45,2021-03-16T10:00,40,29.59,29.59,,29.59,-1,DOWN,NO,NO,2026-10-09T00:05:31Z
2021-03-16T09:00:00Z,2021-03-16T10:00,2021-03-16T10:15,41,35,35,,35,-1,DOWN,NO,NO,2026-10-09T00:05:31Z
2021-03-16T09:15:00Z,2021-03-16T10:15,2021-03-16T10:30,42,10,10,,10,-1,DOWN,NO,NO,2026-10-09T00:05:31Z
2021-03-16T09:30:00Z,2021-03-16T10:30,2021-03-16T10:45,43,22.94,22.94,,22.94,-1,DOWN,NO,NO,2026-10-09T00:05:31Z
2021-03-16T09:45:00Z,2021-03-16T10:45,2021-03-16T11:00,44,29.59,29.59,,29.59,-1,DOWN,NO,NO,2026-10-09T00:05:31Z
2021-03-16T10:00:00Z,2021-03-16T11:00,2021-03-16T11:15,45,35.3,35.3,,35.3,-1,DOWN,NO,NO,2026-10-09T00:05:31Z
2021-03-16T10:15:00Z,2021-03-16T11:15,2021-03-16T11:30,46,13.3,13.3,,13.3,-1,DOWN,NO,NO,2026-10-09T00:05:31Z
2021-03-16T10:30:00Z,2021-03-16T11:30,2021-03-16T11:45,47,3.93,3.93,,3.93,-1,DOWN,NO,NO,2026-10-09T00:05:31Z
2021-03-16T10:45:00Z,2021-03-16T11:45,2021-03-16T12:00,48,17.73,17.73,,17.73,-1,DOWN,NO,NO,2026-10-09T00:05:31Z
2021-03-16T11:00:00Z,2021-03-16T12:00,2021-03-16T12:15,49,54.76,42.98,45.64,42.98,2,UP_AND_DOWN,NO,NO,2026-10-09T00:05:31Z
2021-03-16T11:15:00Z,2021-03-16T12:15,2021-03-16T12:30,50,35,35,,35,-1,DOWN,NO,NO,2026-10-09T00:05:31Z
2021-03-16T11:30:00Z,2021-03-16T12:30,2021-03-16T12:45,51,34.59,34.59,,34.59,-1,DOWN,NO,NO,2026-10-09T00:05:31Z
2021-03-16T11:45:00Z,2021-03-16T12:45,2021-03-16T13:00,52,4,4,,4,-1,DOWN,NO,NO,2026-10-09T00:05:31Z
2021-03-16T12:00:00Z,2021-03-16T13:00,2021-03-16T13:15,53,-29.39,-29.39,,-29.39,-1,DOWN,NO,NO,2026-10-09T00:05:31Z
2021-03-16T12:15:00Z,2021-03-16T13:15,2021-03-16T13:30,54,25.55,25.55,,25.55,-1,DOWN,NO,NO,2026-10-09T00:05:31Z
2021-03-16T12:30:00Z,2021-03-16T13:30,2021-03-16T13:45,55,32.3,32.3,,32.3,-1,DOWN,NO,NO,2026-10-09T00:05:31Z
2021-03-16T12:45:00Z,2021-03-16T13:45,2021-03-16T14:00,56,37.59,37.59,,37.59,-1,DOWN,NO,NO,2026-10-09T00:05:31Z
2021-03-16T13:00:00Z,2021-03-16T14:00,2021-03-16T14:15,57,35,35,,35,-1,DOWN,NO,NO,2026-10-09T00:05:31Z
2021-03-16T13:15:00Z,2021-03-16T14:15,2021-03-16T14:30,58,40,40,,40,-1,DOWN,NO,NO,2026-10-09T00:05:31Z
2021-03-16T13:30:00Z,2021-03-16T14:30,2021-03-16T14:45,59,46.91,42.01,46.91,42.01,2,UP_AND_DOWN,NO,NO,2026-10-09T00:05:31Z
2021-03-16T13:45:00Z,2021-03-16T14:45,2021-03-16T15:00,60,52.06,52.06,45.41,59.45,2,UP_AND_DOWN,NO,NO,2026-10-09T00:05:31Z
2021-03-16T14:00:00Z,2021-03-16T15:00,2021-03-16T15:15,61,45.41,45.41,45.41,,1,UP,NO,NO,2026-10-09T00:05:31Z
2021-03-16T14:15:00Z,2021-03-16T15:15,2021-03-16T15:30,62,46.91,46.91,46.91,,1,UP,NO,NO,2026-10-09T00:05:31Z
2021-03-16T14:30:00Z,2021-03-16T15:30,2021-03-16T15:45,63,61.83,61.83,61.83,,1,UP,NO,NO,2026-10-09T00:05:31Z
2021-03-16T14:45:00Z,2021-03-16T15:45,2021-03-16T16:00,64,70.87,70.87,70.87,,1,UP,NO,NO,2026-10-09T00:05:31Z
2021-03-16T15:00:00Z,2021-03-16T16:00,2021-03-16T16:15,65,65.47,65.47,48.83,65.47,-1,DOWN,NO,NO,2026-10-09T00:05:31Z
2021-03-16T15:15:00Z,2021-03-16T16:15,2021-03-16T16:30,66,65.45,65.45,,65.45,-1,DOWN,NO,NO,2026-10-09T00:05:31Z
2021-03-16T15:30:00Z,2021-03-16T16:30,2021-03-16T16:45,67,55.21,55.21,,,0,STABLE,NO,NO,2026-10-09T00:05:31Z
2021-03-16T15:45:00Z,2021-03-16T16:45,2021-03-16T17:00,68,49.49,49.49,49.49,,1,UP,NO,NO,2026-10-09T00:05:31Z
2021-03-16T16:00:00Z,2021-03-16T17:00,2021-03-16T17:15,69,58.18,58.18,58.18,,1,UP,NO,NO,2026-10-09T00:05:31Z
2021-03-16T16:15:00Z,2021-03-16T17:15,2021-03-16T17:30,70,44.5,44.5,44.5,,1,UP,NO,NO,2026-10-09T00:05:31Z
2021-03-16T16:30:00Z,2021-03-16T17:30,2021-03-16T17:45,71,45.74,45.74,,,0,STABLE,NO,NO,2026-10-09T00:05:31Z
2021-03-16T16:45:00Z,2021-03-16T17:45,2021-03-16T18:00,72,45.74,45.74,,,0,STABLE,NO,NO,2026-10-09T00:05:31Z
2021-03-16T17:00:00Z,2021-03-16T18:00,2021-03-16T18:15,73,48.83,48.83,48.83,,1,UP,NO,NO,2026-10-09T00:05:31Z
2021-03-16T17:15:00Z,2021-03-16T18:15,2021-03-16T18:30,74,48.83,48.83,48.83,,1,UP,NO,NO,2026-10-09T00:05:31Z
2021-03-16T17:30:00Z,2021-03-16T18:30,2021-03-16T18:45,75,26.05,26.05,,26.05,-1,DOWN,NO,NO,2026-10-09T00:05:31Z
2021-03-16T17:45:00Z,2021-03-16T18:45,2021-03-16T19:00,76,19.13,19.13,,19.13,-1,DOWN,NO,NO,2026-10-09T00:05:31Z
2021-03-16T18:00:00Z,2021-03-16T19:00,2021-03-16T19:15,77,62.22,55.42,62.22,65.36,2,UP_AND_DOWN,NO,NO,2026-10-09T00:05:31Z
2021-03-16T18:15:00Z,2021-03-16T19:15,2021-03-16T19:30,78,44,44,,44,-1,DOWN,NO,NO,2026-10-09T00:05:31Z
2021-03-16T18:30:00Z,2021-03-16T19:30,2021-03-16T19:45,79,43,43,,43,-1,DOWN,NO,NO,2026-10-09T00:05:31Z
2021-03-16T18:45:00Z,2021-03-16T19:45,2021-03-16T20:00,80,45.19,45.19,,45.19,-1,DOWN,NO,NO,2026-10-09T00:05:31Z
2021-03-16T19:00:00Z,2021-03-16T20:00,2021-03-16T20:15,81,45.37,45.37,,,0,STABLE,NO,NO,2026-10-09T00:05:31Z
2021-03-16T19:15:00Z,2021-03-16T20:15,2021-03-16T20:30,82,45.46,45.46,,,0,STABLE,NO,NO,2026-10-09T00:05:31Z
2021-03-16T19:30:00Z,2021-03-16T20:30,2021-03-16T20:45,83,43,43,,43,-1,DOWN,NO,NO,2026-10-09T00:05:31Z
2021-03-16T19:45:00Z,2021-03-16T20:45,2021-03-16T21:00,84,42.54,42.54,,42.54,-1,DOWN,NO,NO,2026-10-09T00:05:31Z
2021-03-16T20:00:00Z,2021-03-16T21:00,2021-03-16T21:15,85,61.83,45,61.83,45,2,UP_AND_DOWN,NO,NO,2026-10-09T00:05:31Z
2021-03-16T20:15:00Z,2021-03-16T21:15,2021-03-16T21:30,86,55.07,55.07,55.07,,1,UP,NO,NO,2026-10-09T00:05:31Z
2021-03-16T20:30:00Z,2021-03-16T21:30,2021-03-16T21:45,87,45.21,45.21,,,0,STABLE,NO,NO,2026-10-09T00:05:31Z
2021-03-16T20:45:00Z,2021-03-16T21:45,2021-03-16T22:00,88,34.59,34.59,,34.59,-1,DOWN,NO,NO,2026-10-09T00:05:31Z
2021-03-16T21:00:00Z,2021-03-16T22:00,2021-03-16T22:15,89,49.88,41.03,49.88,41.03,2,UP_AND_DOWN,NO,NO,2026-10-09T00:05:31Z
2021-03-16T21:15:00Z,2021-03-16T22:15,2021-03-16T22:30,90,40.59,40.59,49.88,40.59,-1,DOWN,NO,NO,2026-10-09T00:05:31Z
2021-03-16T21:30:00Z,2021-03-16T22:30,2021-03-16T22:45,91,40,40,,40,-1,DOWN,NO,NO,2026-10-09T00:05:31Z
2021-03-16T21:45:00Z,2021-03-16T22:45,2021-03-16T23:00,92,33.08,33.08,,33.08,-1,DOWN,NO,NO,2026-10-09T00:05:31Z
2021-03-16T22:00:00Z,2021-03-16T23:00,2021-03-16T23:15,93,38.7,38.7,,38.7,-1,DOWN,NO,NO,2026-10-09T00:05:31Z
2021-03-16T22:15:00Z,2021-03-16T23:15,2021-03-16T23:30,94,32.81,32.81,,32.81,-1,DOWN,NO,NO,2026-10-09T00:05:31Z
2021-03-16T22:30:00Z,2021-03-16T23:30,2021-03-16T23:45,95,40,40,,40,-1,DOWN,NO,NO,2026-10-09T00:05:31Z
2021-03-16T22:45:00Z,2021-03-16T23:45,2021-03-17T00:00,96,34.63,34.63,,34.63,-1,DOWN,NO,NO,2026-10-09T00:05:31Z
2021-03-16T23:00:00Z,2021-03-17T00:00,2021-03-17T00:15,1,21,21,,21,-1,DOWN,NO,NO,2026-10-09T00:05:31Z
2021-03-16T23:15:00Z,2021-03-17T00:15,2021-03-17T00:30,2,55.78,55.78,55.78,21,1,UP,NO,NO,2026-10-09T00:05:31Z
2021-03-16T23:30:00Z,2021-03-17T00:30,2021-03-17T00:45,3,44.5,44.5,44.5,,1,UP,NO,NO,2026-10-09T00:05:31Z
2021-03-16T23:45:00Z,2021-03-17T00:45,2021-03-17T01:00,4,160.58,160.58,160.58,,1,UP,NO,NO,2026-10-09T00:05:31Z
2021-03-17T00:00:00Z,2021-03-17T01:00,2021-03-17T01:15,5,50.2,50.2,50.2,,1,UP,NO,NO,2026-10-09T00:05:31Z
2021-03-17T00:15:00Z,2021-03-17T01:15,2021-03-17T01:30,6,80.21,80.21,80.21,,1,UP,NO,NO,2026-10-09T00:05:31Z
2021-03-17T00:30:00Z,2021-03-17T01:30,2021-03-17T01:45,7,127.82,127.82,127.82,,1,UP,NO,NO,2026-10-09T00:05:31Z
2021-03-17T00:45:00Z,2021-03-17T01:45,2021-03-17T02:00,8,44.3,44.3,,,0,STABLE,NO,NO,2026-10-09T00:05:31Z
2021-03-17T01:00:00Z,2021-03-17T02:00,2021-03-17T02:15,9,54.21,45.15,54.21,45.85,2,UP_AND_DOWN,NO,NO,2026-10-09T00:05:31Z
2021-03-17T01:15:00Z,2021-03-17T02:15,2021-03-17T02:30,10,44.45,44.45,44.45,,1,UP,NO,NO,2026-10-09T00:05:31Z
2021-03-17T01:30:00Z,2021-03-17T02:30,2021-03-17T02:45,11,44.4,44.4,44.4,,1,UP,NO,NO,2026-10-09T00:05:31Z
2021-03-17T01:45:00Z,2021-03-17T02:45,2021-03-17T03:00,12,33.57,33.57,,33.57,-1,DOWN,NO,NO,2026-10-09T00:05:31Z
2021-03-17T02:00:00Z,2021-03-17T03:00,2021-03-17T03:15,13,47.14,40.97,47.14,40.97,2,UP_AND_DOWN,NO,NO,2026-10-09T00:05:31Z
2021-03-17T02:15:00Z,2021-03-17T03:15,2021-03-17T03:30,14,44.44,44.44,44.44,,1,UP,NO,NO,2026-10-09T00:05:31Z
2021-03-17T02:30:00Z,2021-03-17T03:30,2021-03-17T03:45,15,47.14,47.14,47.14,,1,UP,NO,NO,2026-10-09T00:05:31Z
2021-03-17T02:45:00Z,2021-03-17T03:45,2021-03-17T04:00,16,44.44,44.44,44.44,,1,UP,NO,NO,2026-10-09T00:05:31Z
2021-03-17T03:00:00Z,2021-03-17T04:00,2021-03-17T04:15,17,44.08,44.08,,,0,STABLE,NO,NO,2026-10-09T00:05:31Z
2021-03-17T03:15:00Z,2021-03-17T04:15,2021-03-17T04:30,18,44.1,44.1,,,0,STABLE,NO,NO,2026-10-09T00:05:31Z
2021-03-17T03:30:00Z,2021-03-17T04:30,2021-03-17T04:45,19,44.1,44.1,,,0,STABLE,NO,NO,2026-10-09T00:05:31Z
2021-03-17T03:45:00Z,2021-03-17T04:45,2021-03-17T05:00,20,44.15,44.15,,,0,STABLE,NO,NO,2026-10-09T00:05:31Z
2021-03-17T04:00:00Z,2021-03-17T05:00,2021-03-17T05:15,21,28.85,28.85,,28.85,-1,DOWN,NO,NO,2026-10-09T00:05:31Z
2021-03-17T04:15:00Z,2021-03-17T05:15,2021-03-17T05:30,22,10.76,10.76,,10.76,-1,DOWN,NO,NO,2026-10-09T00:05:31Z
2021-03-17T04:30:00Z,2021-03-17T05:30,2021-03-17T05:45,23,29.59,29.59,,29.59,-1,DOWN,NO,NO,2026-10-09T00:05:31Z
2021-03-17T04:45:00Z,2021-03-17T05:45,2021-03-17T06:00,24,37.59,37.59,,37.59,-1,DOWN,NO,NO,2026-10-09T00:05:31Z
2021-03-17T05:00:00Z,2021-03-17T06:00,2021-03-17T06:15,25,44.03,44.03,,44.03,-1,DOWN,NO,NO,2026-10-09T00:05:31Z
2021-03-17T05:15:00Z,2021-03-17T06:15,2021-03-17T06:30,26,39.07,39.07,,39.07,-1,DOWN,NO,NO,2026-10-09T00:05:31Z
2021-03-17T05:30:00Z,2021-03-17T06:30,2021-03-17T06:45,27,43.18,43.18,,43.18,-1,DOWN,NO,NO,2026-10-09T00:05:31Z
2021-03-17T05:45:00Z,2021-03-17T06:45,2021-03-17T07:00,28,43.18,43.18,,43.18,-1,DOWN,NO,NO,2026-10-09T00:05:31Z
2021-03-17T06:00:00Z,2021-03-17T07:00,2021-03-17T07:15,29,36.07,36.07,,36.07,-1,DOWN,NO,NO,2026-10-09T00:05:31Z
2021-03-17T06:15:00Z,2021-03-17T07:15,2021-03-17T07:30,30,44.25,44.25,,44.25,-1,DOWN,NO,NO,2026-10-09T00:05:31Z
2021-03-17T06:30:00Z,2021-03-17T07:30,2021-03-17T07:45,31,52.58,52.58,52.58,,1,UP,NO,NO,2026-10-09T00:05:31Z
2021-03-17T06:45:00Z,2021-03-17T07:45,2021-03-17T08:00,32,62.78,62.78,52.58,62.78,-1,DOWN,NO,NO,2026-10-09T00:05:31Z
2021-03-17T07:00:00Z,2021-03-17T08:00,2021-03-17T08:15,33,21.41,21.41,,21.41,-1,DOWN,NO,NO,2026-10-09T00:05:31Z
2021-03-17T07:15:00Z,2021-03-17T08:15,2021-03-17T08:30,34,34.99,34.99,,34.99,-1,DOWN,NO,NO,2026-10-09T00:05:31Z
2021-03-17T07:30:00Z,2021-03-17T08:30,2021-03-17T08:45,35,28.4,28.4,,28.4,-1,DOWN,NO,NO,2026-10-09T00:05:31Z
2021-03-17T07:45:00Z,2021-03-17T08:45,2021-03-17T09:00,36,30,30,,30,-1,DOWN,NO,NO,2026-10-09T00:05:31Z
2021-03-17T08:00:00Z,2021-03-17T09:00,2021-03-17T09:15,37,28.43,28.43,,28.43,-1,DOWN,NO,NO,2026-10-09T00:05:31Z
2021-03-17T08:15:00Z,2021-03-17T09:15,2021-03-17T09:30,38,33.07,33.07,,33.07,-1,DOWN,NO,NO,2026-10-09T00:05:31Z
2021-03-17T08:30:00Z,2021-03-17T09:30,2021-03-17T09:45,39,18.49,18.49,,18.49,-1,DOWN,NO,NO,2026-10-09T00:05:31Z
2021-03-17T08:45:00Z,2021-03-17T09:45,2021-03-17T10:00,40,27.26,27.26,,27.26,-1,DOWN,NO,NO,2026-10-09T00:05:31Z
2021-03-17T09:00:00Z,2021-03-17T10:00,2021-03-17T10:15,41,30,30,,30,-1,DOWN,NO,NO,2026-10-09T00:05:31Z
2021-03-17T09:15:00Z,2021-03-17T10:15,2021-03-17T10:30,42,51.07,51.07,51.07,30,1,UP,NO,NO,2026-10-09T00:05:31Z
2021-03-17T09:30:00Z,2021-03-17T10:30,2021-03-17T10:45,43,53.61,53.61,,,0,STABLE,NO,NO,2026-10-09T00:05:31Z
2021-03-17T09:45:00Z,2021-03-17T10:45,2021-03-17T11:00,44,43.75,43.75,,43.75,-1,DOWN,NO,NO,2026-10-09T00:05:31Z
2021-03-17T10:00:00Z,2021-03-17T11:00,2021-03-17T11:15,45,47.43,47.43,47.43,43.75,1,UP,NO,NO,2026-10-09T00:05:31Z
2021-03-17T10:15:00Z,2021-03-17T11:15,2021-03-17T11:30,46,43.96,43.96,43.96,,1,UP,NO,NO,2026-10-09T00:05:31Z
2021-03-17T10:30:00Z,2021-03-17T11:30,2021-03-17T11:45,47,46.41,33.07,46.41,33.07,2,UP_AND_DOWN,NO,NO,2026-10-09T00:05:31Z
2021-03-17T10:45:00Z,2021-03-17T11:45,2021-03-17T12:00,48,45.6,22.1,45.6,22.1,2,UP_AND_DOWN,NO,NO,2026-10-09T00:05:31Z
2021-03-17T11:00:00Z,2021-03-17T12:00,2021-03-17T12:15,49,62,62,62,22.1,1,UP,NO,NO,2026-10-09T00:05:31Z
2021-03-17T11:15:00Z,2021-03-17T12:15,2021-03-17T12:30,50,51.07,51.07,51.07,,1,UP,NO,NO,2026-10-09T00:05:31Z
2021-03-17T11:30:00Z,2021-03-17T12:30,2021-03-17T12:45,51,49.72,49.72,49.72,,1,UP,NO,NO,2026-10-09T00:05:31Z
2021-03-17T11:45:00Z,2021-03-17T12:45,2021-03-17T13:00,52,49.41,49.41,49.41,,1,UP,NO,NO,2026-10-09T00:05:31Z
2021-03-17T12:00:00Z,2021-03-17T13:00,2021-03-17T13:15,53,52.4,52.4,52.4,,1,UP,NO,NO,2026-10-09T00:05:31Z
2021-03-17T12:15:00Z,2021-03-17T13:15,2021-03-17T13:30,54,58,58,58,,1,UP,NO,NO,2026-10-09T00:05:31Z
2021-03-17T12:30:00Z,2021-03-17T13:30,2021-03-17T13:45,55,62.45,62.45,62.45,,1,UP,NO,NO,2026-10-09T00:05:31Z
2021-03-17T12:45:00Z,2021-03-17T13:45,2021-03-17T14:00,56,44.93,44.93,44.93,,1,UP,NO,NO,2026-10-09T00:05:31Z
2021-03-17T13:00:00Z,2021-03-17T14:00,2021-03-17T14:15,57,35,35,,35,-1,DOWN,NO,NO,2026-10-09T00:05:31Z
2021-03-17T13:15:00Z,2021-03-17T14:15,2021-03-17T14:30,58,-.1,-.1,,-.1,-1,DOWN,NO,NO,2026-10-09T00:05:31Z
2021-03-17T13:30:00Z,2021-03-17T14:30,2021-03-17T14:45,59,-3,-3,,-3,-1,DOWN,NO,NO,2026-10-09T00:05:31Z
2021-03-17T13:45:00Z,2021-03-17T14:45,2021-03-17T15:00,60,-13.59,-13.59,,-13.59,-1,DOWN,NO,NO,2026-10-09T00:05:31Z
2021-03-17T14:00:00Z,2021-03-17T15:00,2021-03-17T15:15,61,14,14,,14,-1,DOWN,NO,NO,2026-10-09T00:05:31Z
2021-03-17T14:15:00Z,2021-03-17T15:15,2021-03-17T15:30,62,20,20,,20,-1,DOWN,NO,NO,2026-10-09T00:05:31Z
2021-03-17T14:30:00Z,2021-03-17T15:30,2021-03-17T15:45,63,36.07,36.07,,36.07,-1,DOWN,NO,NO,2026-10-09T00:05:31Z
2021-03-17T14:45:00Z,2021-03-17T15:45,2021-03-17T16:00,64,30.72,30.72,,30.72,-1,DOWN,NO,NO,2026-10-09T00:05:31Z
2021-03-17T15:00:00Z,2021-03-17T16:00,2021-03-17T16:15,65,-65.7,-65.7,,-65.7,-1,DOWN,NO,NO,2026-10-09T00:05:31Z
2021-03-17T15:15:00Z,2021-03-17T16:15,2021-03-17T16:30,66,-34.57,-34.57,,-34.57,-1,DOWN,NO,NO,2026-10-09T00:05:31Z
2021-03-17T15:30:00Z,2021-03-17T16:30,2021-03-17T16:45,67,53.02,-53.36,51.8,-53.36,2,UP_AND_DOWN,NO,NO,2026-10-09T00:05:31Z
2021-03-17T15:45:00Z,2021-03-17T16:45,2021-03-17T17:00,68,55.07,39.07,55.07,39.07,2,UP_AND_DOWN,NO,NO,2026-10-09T00:05:31Z
2021-03-17T16:00:00Z,2021-03-17T17:00,2021-03-17T17:15,69,-103.8,-103.8,55.07,-103.8,-1,DOWN,NO,NO,2026-10-09T00:05:31Z
2021-03-17T16:15:00Z,2021-03-17T17:15,2021-03-17T17:30,70,31.27,31.27,,31.27,-1,DOWN,NO,NO,2026-10-09T00:05:31Z
2021-03-17T16:30:00Z,2021-03-17T17:30,2021-03-17T17:45,71,50.87,50.87,,,0,STABLE,NO,NO,2026-10-09T00:05:31Z
2021-03-17T16:45:00Z,2021-03-17T17:45,2021-03-17T18:00,72,54.43,54.43,54.43,,1,UP,NO,NO,2026-10-09T00:05:31Z
2021-03-17T17:00:00Z,2021-03-17T18:00,2021-03-17T18:15,73,57.04,38.72,57.04,38.72,2,UP_AND_DOWN,NO,NO,2026-10-09T00:05:31Z
2021-03-17T17:15:00Z,2021-03-17T18:15,2021-03-17T18:30,74,51.18,43,49.44,43,2,UP_AND_DOWN,NO,NO,2026-10-09T00:05:31Z
2021-03-17T17:30:00Z,2021-03-17T18:30,2021-03-17T18:45,75,51.18,40,44.94,40,2,UP_AND_DOWN,NO,NO,2026-10-09T00:05:31Z
2021-03-17T17:45:00Z,2021-03-17T18:45,2021-03-17T19:00,76,55.33,51.18,55.33,55.12,2,UP_AND_DOWN,NO,NO,2026-10-09T00:05:31Z
2021-03-17T18:00:00Z,2021-03-17T19:00,2021-03-17T19:15,77,59.71,59.71,59.71,,1,UP,NO,NO,2026-10-09T00:05:31Z
2021-03-17T18:15:00Z,2021-03-17T19:15,2021-03-17T19:30,78,62.79,62.79,62.79,,1,UP,NO,NO,2026-10-09T00:05:31Z
2021-03-17T18:30:00Z,2021-03-17T19:30,2021-03-17T19:45,79,55,55,55,,1,UP,NO,NO,2026-10-09T00:05:31Z
2021-03-17T18:45:00Z,2021-03-17T19:45,2021-03-17T20:00,80,55.09,55.09,55,55.09,-1,DOWN,NO,NO,2026-10-09T00:05:31Z
2021-03-17T19:00:00Z,2021-03-17T20:00,2021-03-17T20:15,81,57.56,57.56,,57.56,-1,DOWN,NO,NO,2026-10-09T00:05:31Z
2021-03-17T19:15:00Z,2021-03-17T20:15,2021-03-17T20:30,82,55.06,55.06,,55.06,-1,DOWN,NO,NO,2026-10-09T00:05:31Z
2021-03-17T19:30:00Z,2021-03-17T20:30,2021-03-17T20:45,83,39.07,39.07,,39.07,-1,DOWN,NO,NO,2026-10-09T00:05:31Z
2021-03-17T19:45:00Z,2021-03-17T20:45,2021-03-17T21:00,84,5,5,,5,-1,DOWN,NO,NO,2026-10-09T00:05:31Z
2021-03-17T20:00:00Z,2021-03-17T21:00,2021-03-17T21:15,85,-1.25,-1.25,,-1.25,-1,DOWN,NO,NO,2026-10-09T00:05:31Z
2021-03-17T20:15:00Z,2021-03-17T21:15,2021-03-17T21:30,86,53.36,53.36,,,0,STABLE,NO,NO,2026-10-09T00:05:31Z
2021-03-17T20:30:00Z,2021-03-17T21:30,2021-03-17T21:45,87,39.51,39.51,,39.51,-1,DOWN,NO,NO,2026-10-09T00:05:31Z
2021-03-17T20:45:00Z,2021-03-17T21:45,2021-03-17T22:00,88,38.67,38.67,,38.67,-1,DOWN,NO,NO,2026-10-09T00:05:31Z
2021-03-17T21:00:00Z,2021-03-17T22:00,2021-03-17T22:15,89,43.89,43.89,43.89,41.07,1,UP,NO,NO,2026-10-09T00:05:31Z
2021-03-17T21:15:00Z,2021-03-17T22:15,2021-03-17T22:30,90,37.53,37.53,43.89,37.53,-1,DOWN,NO,NO,2026-10-09T00:05:31Z
2021-03-17T21:30:00Z,2021-03-17T22:30,2021-03-17T22:45,91,33.92,33.92,,33.92,-1,DOWN,NO,NO,2026-10-09T00:05:31Z
2021-03-17T21:45:00Z,2021-03-17T22:45,2021-03-17T23:00,92,35,35,,35,-1,DOWN,NO,NO,2026-10-09T00:05:31Z
2021-03-17T22:00:00Z,2021-03-17T23:00,2021-03-17T23:15,93,44.74,44.74,44.74,39.07,1,UP,NO,NO,2026-10-09T00:05:31Z
2021-03-17T22:15:00Z,2021-03-17T23:15,2021-03-17T23:30,94,53.12,53.12,,,0,STABLE,NO,NO,2026-10-09T00:05:31Z
2021-03-17T22:30:00Z,2021-03-17T23:30,2021-03-17T23:45,95,50.96,50.96,50.96,,1,UP,NO,NO,2026-10-09T00:05:31Z
2021-03-17T22:45:00Z,2021-03-17T23:45,2021-03-18T00:00,96,36.27,36.27,,36.27,-1,DOWN,NO,NO,2026-10-09T00:05:31Z
2021-03-17T23:00:00Z,2021-03-18T00:00,2021-03-18T00:15,1,35.53,35.53,,35.53,-1,DOWN,NO,NO,2026-10-09T00:05:31Z
2021-03-17T23:15:00Z,2021-03-18T00:15,2021-03-18T00:30,2,43,43,,43,-1,DOWN,NO,NO,2026-10-09T00:05:31Z
2021-03-17T23:30:00Z,2021-03-18T00:30,2021-03-18T00:45,3,38.03,38.03,,38.03,-1,DOWN,NO,NO,2026-10-09T00:05:31Z
2021-03-17T23:45:00Z,2021-03-18T00:45,2021-03-18T01:00,4,38.03,38.03,,38.03,-1,DOWN,NO,NO,2026-10-09T00:05:31Z
2021-03-18T00:00:00Z,2021-03-18T01:00,2021-03-18T01:15,5,46.58,46.58,46.58,38.03,1,UP,NO,NO,2026-10-09T00:05:31Z
2021-03-18T00:15:00Z,2021-03-18T01:15,2021-03-18T01:30,6,47.28,47.28,47.28,,1,UP,NO,NO,2026-10-09T00:05:31Z
2021-03-18T00:30:00Z,2021-03-18T01:30,2021-03-18T01:45,7,47.28,47.28,47.28,,1,UP,NO,NO,2026-10-09T00:05:31Z
2021-03-18T00:45:00Z,2021-03-18T01:45,2021-03-18T02:00,8,44.33,44.33,44.33,,1,UP,NO,NO,2026-10-09T00:05:31Z
2021-03-18T01:00:00Z,2021-03-18T02:00,2021-03-18T02:15,9,51.7,51.7,51.7,,1,UP,NO,NO,2026-10-09T00:05:31Z
2021-03-18T01:15:00Z,2021-03-18T02:15,2021-03-18T02:30,10,44.28,44.28,44.28,,1,UP,NO,NO,2026-10-09T00:05:31Z
2021-03-18T01:30:00Z,2021-03-18T02:30,2021-03-18T02:45,11,44.64,44.64,,,0,STABLE,NO,NO,2026-10-09T00:05:31Z
2021-03-18T01:45:00Z,2021-03-18T02:45,2021-03-18T03:00,12,38.15,38.15,,38.15,-1,DOWN,NO,NO,2026-10-09T00:05:31Z
2021-03-18T02:00:00Z,2021-03-18T03:00,2021-03-18T03:15,13,43,43,,43,-1,DOWN,NO,NO,2026-10-09T00:05:31Z
2021-03-18T02:15:00Z,2021-03-18T03:15,2021-03-18T03:30,14,44.64,44.64,,,0,STABLE,NO,NO,2026-10-09T00:05:31Z
2021-03-18T02:30:00Z,2021-03-18T03:30,2021-03-18T03:45,15,44.64,44.64,,,0,STABLE,NO,NO,2026-10-09T00:05:31Z
2021-03-18T02:45:00Z,2021-03-18T03:45,2021-03-18T04:00,16,44.64,44.64,,,0,STABLE,NO,NO,2026-10-09T00:05:31Z
2021-03-18T03:00:00Z,2021-03-18T04:00,2021-03-18T04:15,17,44.64,44.64,,,0,STABLE,NO,NO,2026-10-09T00:05:31Z
2021-03-18T03:15:00Z,2021-03-18T04:15,2021-03-18T04:30,18,44.64,44.64,,,0,STABLE,NO,NO,2026-10-09T00:05:31Z
2021-03-18T03:30:00Z,2021-03-18T04:30,2021-03-18T04:45,19,44.64,44.64,,,0,STABLE,NO,NO,2026-10-09T00:05:31Z
2021-03-18T03:45:00Z,2021-03-18T04:45,2021-03-18T05:00,20,44.64,44.64,,,0,STABLE,NO,NO,2026-10-09T00:05:31Z
2021-03-18T04:00:00Z,2021-03-18T05:00,2021-03-18T05:15,21,44.64,44.64,,,0,STABLE,NO,NO,2026-10-09T00:05:31Z
2021-03-18T04:15:00Z,2021-03-18T05:15,2021-03-18T05:30,22,49.86,49.86,,,0,STABLE,NO,NO,2026-10-09T00:05:31Z
2021-03-18T04:30:00Z,2021-03-18T05:30,2021-03-18T05:45,23,48.83,48.83,48.83,,1,UP,NO,NO,2026-10-09T00:05:31Z
2021-03-18T04:45:00Z,2021-03-18T05:45,2021-03-18T06:00,24,44.33,44.33,44.33,,1,UP,NO,NO,2026-10-09T00:05:31Z
2021-03-18T05:00:00Z,2021-03-18T06:00,2021-03-18T06:15,25,32.26,32.26,,32.26,-1,DOWN,NO,NO,2026-10-09T00:05:31Z
2021-03-18T05:15:00Z,2021-03-18T06:15,2021-03-18T06:30,26,54.85,54.85,,54.85,-1,DOWN,NO,NO,2026-10-09T00:05:31Z
2021-03-18T05:30:00Z,2021-03-18T06:30,2021-03-18T06:45,27,51.95,51.95,51.95,,1,UP,NO,NO,2026-10-09T00:05:31Z
2021-03-18T05:45:00Z,2021-03-18T06:45,2021-03-18T07:00,28,131.05,131.05,131.05,,1,UP,NO,NO,2026-10-09T00:05:31Z
2021-03-18T06:00:00Z,2021-03-18T07:00,2021-03-18T07:15,29,49.56,39.32,49.15,39.32,2,UP_AND_DOWN,NO,NO,2026-10-09T00:05:31Z
2021-03-18T06:15:00Z,2021-03-18T07:15,2021-03-18T07:30,30,49.56,49.56,,,0,STABLE,NO,NO,2026-10-09T00:05:31Z
2021-03-18T06:30:00Z,2021-03-18T07:30,2021-03-18T07:45,31,47.6,47.6,47.6,,1,UP,NO,NO,2026-10-09T00:05:31Z
2021-03-18T06:45:00Z,2021-03-18T07:45,2021-03-18T08:00,32,47.6,47.6,47.6,,1,UP,NO,NO,2026-10-09T00:05:31Z
2021-03-18T07:00:00Z,2021-03-18T08:00,2021-03-18T08:15,33,52.18,52.18,,,0,STABLE,NO,NO,2026-10-09T00:05:31Z
2021-03-18T07:15:00Z,2021-03-18T08:15,2021-03-18T08:30,34,52.16,52.16,,,0,STABLE,NO,NO,2026-10-09T00:05:31Z
2021-03-18T07:30:00Z,2021-03-18T08:30,2021-03-18T08:45,35,52.13,52.13,,,0,STABLE,NO,NO,2026-10-09T00:05:31Z
2021-03-18T07:45:00Z,2021-03-18T08:45,2021-03-18T09:00,36,52.12,52.12,,,0,STABLE,NO,NO,2026-10-09T00:05:31Z
2021-03-18T08:00:00Z,2021-03-18T09:00,2021-03-18T09:15,37,52.14,52.14,,,0,STABLE,NO,NO,2026-10-09T00:05:31Z
2021-03-18T08:15:00Z,2021-03-18T09:15,2021-03-18T09:30,38,43.17,43.17,,43.17,-1,DOWN,NO,NO,2026-10-09T00:05:31Z
2021-03-18T08:30:00Z,2021-03-18T09:30,2021-03-18T09:45,39,41.94,41.94,,41.94,-1,DOWN,NO,NO,2026-10-09T00:05:31Z
2021-03-18T08:45:00Z,2021-03-18T09:45,2021-03-18T10:00,40,39.84,39.84,,39.84,-1,DOWN,NO,NO,2026-10-09T00:05:31Z
2021-03-18T09:00:00Z,2021-03-18T10:00,2021-03-18T10:15,41,43.86,43.86,,43.86,-1,DOWN,NO,NO,2026-10-09T00:05:31Z
2021-03-18T09:15:00Z,2021-03-18T10:15,2021-03-18T10:30,42,40.82,40.82,,40.82,-1,DOWN,NO,NO,2026-10-09T00:05:31Z
2021-03-18T09:30:00Z,2021-03-18T10:30,2021-03-18T10:45,43,38.27,38.27,,38.27,-1,DOWN,NO,NO,2026-10-09T00:05:31Z
2021-03-18T09:45:00Z,2021-03-18T10:45,2021-03-18T11:00,44,40.27,40.27,,40.27,-1,DOWN,NO,NO,2026-10-09T00:05:31Z
2021-03-18T10:00:00Z,2021-03-18T11:00,2021-03-18T11:15,45,71,71,71,40.27,1,UP,NO,NO,2026-10-09T00:05:31Z
2021-03-18T10:15:00Z,2021-03-18T11:15,2021-03-18T11:30,46,133,133,133,,1,UP,NO,NO,2026-10-09T00:05:31Z
2021-03-18T10:30:00Z,2021-03-18T11:30,2021-03-18T11:45,47,49.01,49.01,49.01,,1,UP,NO,NO,2026-10-09T00:05:31Z
2021-03-18T10:45:00Z,2021-03-18T11:45,2021-03-18T12:00,48,58,58,58,,1,UP,NO,NO,2026-10-09T00:05:31Z
2021-03-18T11:00:00Z,2021-03-18T12:00,2021-03-18T12:15,49,85.31,85.31,85.31,,1,UP,NO,NO,2026-10-09T00:05:31Z
2021-03-18T11:15:00Z,2021-03-18T12:15,2021-03-18T12:30,50,60,60,60,,1,UP,NO,NO,2026-10-09T00:05:31Z
2021-03-18T11:30:00Z,2021-03-18T12:30,2021-03-18T12:45,51,52.11,42.71,47.79,42.71,2,UP_AND_DOWN,NO,NO,2026-10-09T00:05:31Z
2021-03-18T11:45:00Z,2021-03-18T12:45,2021-03-18T13:00,52,41.66,41.66,,41.66,-1,DOWN,NO,NO,2026-10-09T00:05:31Z
2021-03-18T12:00:00Z,2021-03-18T13:00,2021-03-18T13:15,53,35.27,35.27,,35.27,-1,DOWN,NO,NO,2026-10-09T00:05:31Z
2021-03-18T12:15:00Z,2021-03-18T13:15,2021-03-18T13:30,54,40,40,,40,-1,DOWN,NO,NO,2026-10-09T00:05:31Z
2021-03-18T12:30:00Z,2021-03-18T13:30,2021-03-18T13:45,55,35.03,35.03,,35.03,-1,DOWN,NO,NO,2026-10-09T00:05:31Z
2021-03-18T12:45:00Z,2021-03-18T13:45,2021-03-18T14:00,56,39.66,39.66,,39.66,-1,DOWN,NO,NO,2026-10-09T00:05:31Z
2021-03-18T13:00:00Z,2021-03-18T14:00,2021-03-18T14:15,57,40,40,,40,-1,DOWN,NO,NO,2026-10-09T00:05:31Z
2021-03-18T13:15:00Z,2021-03-18T14:15,2021-03-18T14:30,58,40,40,,40,-1,DOWN,NO,NO,2026-10-09T00:05:31Z
2021-03-18T13:30:00Z,2021-03-18T14:30,2021-03-18T14:45,59,19,19,,19,-1,DOWN,NO,NO,2026-10-09T00:05:31Z
2021-03-18T13:45:00Z,2021-03-18T14:45,2021-03-18T15:00,60,17.51,17.51,,17.51,-1,DOWN,NO,NO,2026-10-09T00:05:31Z
2021-03-18T14:00:00Z,2021-03-18T15:00,2021-03-18T15:15,61,27.27,27.27,,27.27,-1,DOWN,NO,NO,2026-10-09T00:05:31Z
2021-03-18T14:15:00Z,2021-03-18T15:15,2021-03-18T15:30,62,24.41,24.41,,24.41,-1,DOWN,NO,NO,2026-10-09T00:05:31Z
2021-03-18T14:30:00Z,2021-03-18T15:30,2021-03-18T15:45,63,31.12,31.12,,31.12,-1,DOWN,NO,NO,2026-10-09T00:05:31Z
2021-03-18T14:45:00Z,2021-03-18T15:45,2021-03-18T16:00,64,32.27,32.27,,32.27,-1,DOWN,NO,NO,2026-10-09T00:05:31Z
2021-03-18T15:00:00Z,2021-03-18T16:00,2021-03-18T16:15,65,40.6,40.6,,40.6,-1,DOWN,NO,NO,2026-10-09T00:05:31Z
2021-03-18T15:15:00Z,2021-03-18T16:15,2021-03-18T16:30,66,40.83,40.83,,40.83,-1,DOWN,NO,NO,2026-10-09T00:05:31Z
2021-03-18T15:30:00Z,2021-03-18T16:30,2021-03-18T16:45,67,44.42,44.42,,44.42,-1,DOWN,NO,NO,2026-10-09T00:05:31Z
2021-03-18T15:45:00Z,2021-03-18T16:45,2021-03-18T17:00,68,52.16,52.16,,,0,STABLE,NO,NO,2026-10-09T00:05:31Z
2021-03-18T16:00:00Z,2021-03-18T17:00,2021-03-18T17:15,69,27.27,27.27,,27.27,-1,DOWN,NO,NO,2026-10-09T00:05:31Z
2021-03-18T16:15:00Z,2021-03-18T17:15,2021-03-18T17:30,70,40,40,,40,-1,DOWN,NO,NO,2026-10-09T00:05:31Z
2021-03-18T16:30:00Z,2021-03-18T17:30,2021-03-18T17:45,71,52.2,52.2,,,0,STABLE,NO,NO,2026-10-09T00:05:31Z
2021-03-18T16:45:00Z,2021-03-18T17:45,2021-03-18T18:00,72,49.98,49.98,49.98,,1,UP,NO,NO,2026-10-09T00:05:31Z
2021-03-18T17:00:00Z,2021-03-18T18:00,2021-03-18T18:15,73,54.14,44.23,53.38,44.23,2,UP_AND_DOWN,NO,NO,2026-10-09T00:05:31Z
2021-03-18T17:15:00Z,2021-03-18T18:15,2021-03-18T18:30,74,42.42,42.42,,42.42,-1,DOWN,NO,NO,2026-10-09T00:05:31Z
2021-03-18T17:30:00Z,2021-03-18T18:30,2021-03-18T18:45,75,60.07,60.07,,60.07,-1,DOWN,NO,NO,2026-10-09T00:05:31Z
2021-03-18T17:45:00Z,2021-03-18T18:45,2021-03-18T19:00,76,44.24,44.24,,44.24,-1,DOWN,NO,NO,2026-10-09T00:05:31Z
2021-03-18T18:00:00Z,2021-03-18T19:00,2021-03-18T19:15,77,53.26,53.26,,,0,STABLE,NO,NO,2026-10-09T00:05:31Z
2021-03-18T18:15:00Z,2021-03-18T19:15,2021-03-18T19:30,78,54.16,54.16,,,0,STABLE,NO,NO,2026-10-09T00:05:31Z
2021-03-18T18:30:00Z,2021-03-18T19:30,2021-03-18T19:45,79,54.16,54.16,,,0,STABLE,NO,NO,2026-10-09T00:05:31Z
2021-03-18T18:45:00Z,2021-03-18T19:45,2021-03-18T20:00,80,54.16,54.16,,,0,STABLE,NO,NO,2026-10-09T00:05:31Z
2021-03-18T19:00:00Z,2021-03-18T20:00,2021-03-18T20:15,81,52.2,52.2,52.2,,1,UP,NO,NO,2026-10-09T00:05:31Z
2021-03-18T19:15:00Z,2021-03-18T20:15,2021-03-18T20:30,82,52.17,52.17,,,0,STABLE,NO,NO,2026-10-09T00:05:31Z
2021-03-18T19:30:00Z,2021-03-18T20:30,2021-03-18T20:45,83,60.07,60.07,,60.07,-1,DOWN,NO,NO,2026-10-09T00:05:31Z
2021-03-18T19:45:00Z,2021-03-18T20:45,2021-03-18T21:00,84,39.34,39.34,,39.34,-1,DOWN,NO,NO,2026-10-09T00:05:31Z
2021-03-18T20:00:00Z,2021-03-18T21:00,2021-03-18T21:15,85,24.08,24.08,,24.08,-1,DOWN,NO,NO,2026-10-09T00:05:31Z
2021-03-18T20:15:00Z,2021-03-18T21:15,2021-03-18T21:30,86,38.27,38.27,,38.27,-1,DOWN,NO,NO,2026-10-09T00:05:31Z
2021-03-18T20:30:00Z,2021-03-18T21:30,2021-03-18T21:45,87,33.13,33.13,,33.13,-1,DOWN,NO,NO,2026-10-09T00:05:31Z
2021-03-18T20:45:00Z,2021-03-18T21:45,2021-03-18T22:00,88,16.56,16.56,,16.56,-1,DOWN,NO,NO,2026-10-09T00:05:31Z
2021-03-18T21:00:00Z,2021-03-18T22:00,2021-03-18T22:15,89,52.35,52.35,52.35,20.27,1,UP,NO,NO,2026-10-09T00:05:31Z
2021-03-18T21:15:00Z,2021-03-18T22:15,2021-03-18T22:30,90,28.47,28.47,44.14,28.47,-1,DOWN,NO,NO,2026-10-09T00:05:31Z
2021-03-18T21:30:00Z,2021-03-18T22:30,2021-03-18T22:45,91,32.27,32.27,,32.27,-1,DOWN,NO,NO,2026-10-09T00:05:31Z
2021-03-18T21:45:00Z,2021-03-18T22:45,2021-03-18T23:00,92,32.09,32.09,,32.09,-1,DOWN,NO,NO,2026-10-09T00:05:31Z
2021-03-18T22:00:00Z,2021-03-18T23:00,2021-03-18T23:15,93,33.31,33.31,,33.31,-1,DOWN,NO,NO,2026-10-09T00:05:31Z
2021-03-18T22:15:00Z,2021-03-18T23:15,2021-03-18T23:30,94,24.99,24.99,,24.99,-1,DOWN,NO,NO,2026-10-09T00:05:31Z
2021-03-18T22:30:00Z,2021-03-18T23:30,2021-03-18T23:45,95,31.48,31.48,,31.48,-1,DOWN,NO,NO,2026-10-09T00:05:31Z
2021-03-18T22:45:00Z,2021-03-18T23:45,2021-03-19T00:00,96,15,15,,15,-1,DOWN,NO,NO,2026-10-09T00:05:31Z
2021-03-18T23:00:00Z,2021-03-19T00:00,2021-03-19T00:15,1,5.19,5.19,,5.19,-1,DOWN,NO,NO,2026-10-09T00:05:31Z
2021-03-18T23:15:00Z,2021-03-19T00:15,2021-03-19T00:30,2,20.68,20.68,,20.68,-1,DOWN,NO,NO,2026-10-09T00:05:31Z
2021-03-18T23:30:00Z,2021-03-19T00:30,2021-03-19T00:45,3,35.32,35.32,,35.32,-1,DOWN,NO,NO,2026-10-09T00:05:31Z
2021-03-18T23:45:00Z,2021-03-19T00:45,2021-03-19T01:00,4,27.32,27.32,,27.32,-1,DOWN,NO,NO,2026-10-09T00:05:31Z
2021-03-19T00:00:00Z,2021-03-19T01:00,2021-03-19T01:15,5,26.19,26.19,,26.19,-1,DOWN,NO,NO,2026-10-09T00:05:31Z
2021-03-19T00:15:00Z,2021-03-19T01:15,2021-03-19T01:30,6,27.32,27.32,,27.32,-1,DOWN,NO,NO,2026-10-09T00:05:31Z
2021-03-19T00:30:00Z,2021-03-19T01:30,2021-03-19T01:45,7,27.32,27.32,,27.32,-1,DOWN,NO,NO,2026-10-09T00:05:31Z
2021-03-19T00:45:00Z,2021-03-19T01:45,2021-03-19T02:00,8,27.53,27.53,,27.53,-1,DOWN,NO,NO,2026-10-09T00:05:31Z
2021-03-19T01:00:00Z,2021-03-19T02:00,2021-03-19T02:15,9,50.69,50.69,50.69,35.32,1,UP,NO,NO,2026-10-09T00:05:31Z
2021-03-19T01:15:00Z,2021-03-19T02:15,2021-03-19T02:30,10,54.32,37.09,54.32,37.09,2,UP_AND_DOWN,NO,NO,2026-10-09T00:05:31Z
2021-03-19T01:30:00Z,2021-03-19T02:30,2021-03-19T02:45,11,37.09,37.09,,37.09,-1,DOWN,NO,NO,2026-10-09T00:05:31Z
2021-03-19T01:45:00Z,2021-03-19T02:45,2021-03-19T03:00,12,40.33,40.33,,40.33,-1,DOWN,NO,NO,2026-10-09T00:05:31Z
2021-03-19T02:00:00Z,2021-03-19T03:00,2021-03-19T03:15,13,39.74,39.74,,39.74,-1,DOWN,NO,NO,2026-10-09T00:05:31Z
2021-03-19T02:15:00Z,2021-03-19T03:15,2021-03-19T03:30,14,46.13,46.13,,46.13,-1,DOWN,NO,NO,2026-10-09T00:05:31Z
2021-03-19T02:30:00Z,2021-03-19T03:30,2021-03-19T03:45,15,42.37,42.37,,42.37,-1,DOWN,NO,NO,2026-10-09T00:05:31Z
2021-03-19T02:45:00Z,2021-03-19T03:45,2021-03-19T04:00,16,39.74,39.74,,39.74,-1,DOWN,NO,NO,2026-10-09T00:05:31Z
2021-03-19T03:00:00Z,2021-03-19T04:00,2021-03-19T04:15,17,40.32,40.32,,40.32,-1,DOWN,NO,NO,2026-10-09T00:05:31Z
2021-03-19T03:15:00Z,2021-03-19T04:15,2021-03-19T04:30,18,43.3,43.3,,43.3,-1,DOWN,NO,NO,2026-10-09T00:05:31Z
2021-03-19T03:30:00Z,2021-03-19T04:30,2021-03-19T04:45,19,45.13,45.13,,45.13,-1,DOWN,NO,NO,2026-10-09T00:05:31Z
2021-03-19T03:45:00Z,2021-03-19T04:45,2021-03-19T05:00,20,47,47,,47,-1,DOWN,NO,NO,2026-10-09T00:05:31Z
2021-03-19T04:00:00Z,2021-03-19T05:00,2021-03-19T05:15,21,46.16,46.16,,,0,STABLE,NO,NO,2026-10-09T00:05:31Z
2021-03-19T04:15:00Z,2021-03-19T05:15,2021-03-19T05:30,22,46.16,46.16,,,0,STABLE,NO,NO,2026-10-09T00:05:31Z
2021-03-19T04:30:00Z,2021-03-19T05:30,2021-03-19T05:45,23,54.32,54.32,54.32,,1,UP,NO,NO,2026-10-09T00:05:31Z
2021-03-19T04:45:00Z,2021-03-19T05:45,2021-03-19T06:00,24,60.32,60.32,60.32,,1,UP,NO,NO,2026-10-09T00:05:31Z
2021-03-19T05:00:00Z,2021-03-19T06:00,2021-03-19T06:15,25,52.54,52.54,52.54,,1,UP,NO,NO,2026-10-09T00:05:31Z
2021-03-19T05:15:00Z,2021-03-19T06:15,2021-03-19T06:30,26,55.75,55.75,55.75,,1,UP,NO,NO,2026-10-09T00:05:31Z
2021-03-19T05:30:00Z,2021-03-19T06:30,2021-03-19T06:45,27,132.02,132.02,132.02,,1,UP,NO,NO,2026-10-09T00:05:31Z
2021-03-19T05:45:00Z,2021-03-19T06:45,2021-03-19T07:00,28,68.97,68.97,68.97,,1,UP,NO,NO,2026-10-09T00:05:31Z
2021-03-19T06:00:00Z,2021-03-19T07:00,2021-03-19T07:15,29,46.41,46.41,46.41,,1,UP,NO,NO,2026-10-09T00:05:31Z
2021-03-19T06:15:00Z,2021-03-19T07:15,2021-03-19T07:30,30,119.07,119.07,119.07,,1,UP,NO,NO,2026-10-09T00:05:31Z
2021-03-19T06:30:00Z,2021-03-19T07:30,2021-03-19T07:45,31,83.54,83.54,83.54,,1,UP,NO,NO,2026-10-09T00:05:31Z
2021-03-19T06:45:00Z,2021-03-19T07:45,2021-03-19T08:00,32,54.14,54.14,51.69,62.59,2,UP_AND_DOWN,NO,NO,2026-10-09T00:05:31Z
2021-03-19T07:00:00Z,2021-03-19T08:00,2021-03-19T08:15,33,51.69,51.69,51.69,,1,UP,NO,NO,2026-10-09T00:05:31Z
2021-03-19T07:15:00Z,2021-03-19T08:15,2021-03-19T08:30,34,54.22,54.22,,,0,STABLE,NO,NO,2026-10-09T00:05:31Z
2021-03-19T07:30:00Z,2021-03-19T08:30,2021-03-19T08:45,35,22.05,22.05,,22.05,-1,DOWN,NO,NO,2026-10-09T00:05:31Z
2021-03-19T07:45:00Z,2021-03-19T08:45,2021-03-19T09:00,36,6.92,6.92,,6.92,-1,DOWN,NO,NO,2026-10-09T00:05:31Z
2021-03-19T08:00:00Z,2021-03-19T09:00,2021-03-19T09:15,37,27.99,27.99,,27.99,-1,DOWN,NO,NO,2026-10-09T00:05:31Z
2021-03-19T08:15:00Z,2021-03-19T09:15,2021-03-19T09:30,38,-105.9,-105.9,,-105.9,-1,DOWN,NO,NO,2026-10-09T00:05:31Z
2021-03-19T08:30:00Z,2021-03-19T09:30,2021-03-19T09:45,39,22.05,22.05,,22.05,-1,DOWN,NO,NO,2026-10-09T00:05:31Z
2021-03-19T08:45:00Z,2021-03-19T09:45,2021-03-19T10:00,40,3.97,3.97,,3.97,-1,DOWN,NO,NO,2026-10-09T00:05:31Z
2021-03-19T09:00:00Z,2021-03-19T10:00,2021-03-19T10:15,41,49.6,49.6,49.6,3.97,1,UP,NO,NO,2026-10-09T00:05:31Z
2021-03-19T09:15:00Z,2021-03-19T10:15,2021-03-19T10:30,42,42,42,,42,-1,DOWN,NO,NO,2026-10-09T00:05:31Z
2021-03-19T09:30:00Z,2021-03-19T10:30,2021-03-19T10:45,43,42.76,42.76,,42.76,-1,DOWN,NO,NO,2026-10-09T00:05:31Z
2021-03-19T09:45:00Z,2021-03-19T10:45,2021-03-19T11:00,44,18.07,18.07,,18.07,-1,DOWN,NO,NO,2026-10-09T00:05:31Z
2021-03-19T10:00:00Z,2021-03-19T11:00,2021-03-19T11:15,45,21.09,21.09,,21.09,-1,DOWN,NO,NO,2026-10-09T00:05:31Z
2021-03-19T10:15:00Z,2021-03-19T11:15,2021-03-19T11:30,46,19,19,,19,-1,DOWN,NO,NO,2026-10-09T00:05:31Z
2021-03-19T10:30:00Z,2021-03-19T11:30,2021-03-19T11:45,47,28.18,28.18,,28.18,-1,DOWN,NO,NO,2026-10-09T00:05:31Z
2021-03-19T10:45:00Z,2021-03-19T11:45,2021-03-19T12:00,48,-3.77,-3.77,,-3.77,-1,DOWN,NO,NO,2026-10-09T00:05:31Z
2021-03-19T11:00:00Z,2021-03-19T12:00,2021-03-19T12:15,49,52.72,52.72,52.72,-3.77,1,UP,NO,NO,2026-10-09T00:05:31Z
2021-03-19T11:15:00Z,2021-03-19T12:15,2021-03-19T12:30,50,45.02,45.02,52.72,45.02,-1,DOWN,NO,NO,2026-10-09T00:05:31Z
2021-03-19T11:30:00Z,2021-03-19T12:30,2021-03-19T12:45,51,226.9,39.69,226.9,39.69,2,UP_AND_DOWN,NO,NO,2026-10-09T00:05:31Z
2021-03-19T11:45:00Z,2021-03-19T12:45,2021-03-19T13:00,52,52.72,52.72,52.72,,1,UP,NO,NO,2026-10-09T00:05:31Z
2021-03-19T12:00:00Z,2021-03-19T13:00,2021-03-19T13:15,53,29,29,,29,-1,DOWN,NO,NO,2026-10-09T00:05:31Z
2021-03-19T12:15:00Z,2021-03-19T13:15,2021-03-19T13:30,54,10,10,,10,-1,DOWN,NO,NO,2026-10-09T00:05:31Z
2021-03-19T12:30:00Z,2021-03-19T13:30,2021-03-19T13:45,55,42.94,42.94,42.94,33.69,1,UP,NO,NO,2026-10-09T00:05:31Z
2021-03-19T12:45:00Z,2021-03-19T13:45,2021-03-19T14:00,56,44.27,36.69,42.94,36.69,2,UP_AND_DOWN,NO,NO,2026-10-09T00:05:31Z
2021-03-19T13:00:00Z,2021-03-19T14:00,2021-03-19T14:15,57,33.69,33.69,,33.69,-1,DOWN,NO,NO,2026-10-09T00:05:31Z
2021-03-19T13:15:00Z,2021-03-19T14:15,2021-03-19T14:30,58,36.69,36.69,,36.69,-1,DOWN,NO,NO,2026-10-09T00:05:31Z
2021-03-19T13:30:00Z,2021-03-19T14:30,2021-03-19T14:45,59,45.02,45.02,,45.02,-1,DOWN,NO,NO,2026-10-09T00:05:31Z
2021-03-19T13:45:00Z,2021-03-19T14:45,2021-03-19T15:00,60,44.27,44.27,,,0,STABLE,NO,NO,2026-10-09T00:05:31Z
2021-03-19T14:00:00Z,2021-03-19T15:00,2021-03-19T15:15,61,42.72,42.72,,42.72,-1,DOWN,NO,NO,2026-10-09T00:05:31Z
2021-03-19T14:15:00Z,2021-03-19T15:15,2021-03-19T15:30,62,61.69,61.69,61.69,43.87,1,UP,NO,NO,2026-10-09T00:05:31Z
2021-03-19T14:30:00Z,2021-03-19T15:30,2021-03-19T15:45,63,67.45,67.45,67.45,,1,UP,NO,NO,2026-10-09T00:05:31Z
2021-03-19T14:45:00Z,2021-03-19T15:45,2021-03-19T16:00,64,45.8,45.8,45.8,,1,UP,NO,NO,2026-10-09T00:05:31Z
2021-03-19T15:00:00Z,2021-03-19T16:00,2021-03-19T16:15,65,44.27,44.27,,,0,STABLE,NO,NO,2026-10-09T00:05:31Z
2021-03-19T15:15:00Z,2021-03-19T16:15,2021-03-19T16:30,66,44.38,44.38,44.38,,1,UP,NO,NO,2026-10-09T00:05:31Z
2021-03-19T15:30:00Z,2021-03-19T16:30,2021-03-19T16:45,67,44.33,44.33,,,0,STABLE,NO,NO,2026-10-09T00:05:31Z
2021-03-19T15:45:00Z,2021-03-19T16:45,2021-03-19T17:00,68,43.3,43.3,,43.3,-1,DOWN,NO,NO,2026-10-09T00:05:31Z
2021-03-19T16:00:00Z,2021-03-19T17:00,2021-03-19T17:15,69,37,37,,37,-1,DOWN,NO,NO,2026-10-09T00:05:31Z
2021-03-19T16:15:00Z,2021-03-19T17:15,2021-03-19T17:30,70,47.44,47.44,47.44,39.69,1,UP,NO,NO,2026-10-09T00:05:31Z
2021-03-19T16:30:00Z,2021-03-19T17:30,2021-03-19T17:45,71,61.69,61.69,61.69,39.69,1,UP,NO,NO,2026-10-09T00:05:31Z
2021-03-19T16:45:00Z,2021-03-19T17:45,2021-03-19T18:00,72,61.69,61.69,61.69,,1,UP,NO,NO,2026-10-09T00:05:31Z
2021-03-19T17:00:00Z,2021-03-19T18:00,2021-03-19T18:15,73,56.45,56.45,56.45,,1,UP,NO,NO,2026-10-09T00:05:31Z
2021-03-19T17:15:00Z,2021-03-19T18:15,2021-03-19T18:30,74,49.01,49.01,49.01,,1,UP,NO,NO,2026-10-09T00:05:31Z
2021-03-19T17:30:00Z,2021-03-19T18:30,2021-03-19T18:45,75,52.98,52.98,,,0,STABLE,NO,NO,2026-10-09T00:05:31Z
2021-03-19T17:45:00Z,2021-03-19T18:45,2021-03-19T19:00,76,44.55,44.55,44.55,,1,UP,NO,NO,2026-10-09T00:05:31Z
2021-03-19T18:00:00Z,2021-03-19T19:00,2021-03-19T19:15,77,44.6,44.6,44.6,,1,UP,NO,NO,2026-10-09T00:05:31Z
2021-03-19T18:15:00Z,2021-03-19T19:15,2021-03-19T19:30,78,49.56,49.56,49.56,,1,UP,NO,NO,2026-10-09T00:05:31Z
2021-03-19T18:30:00Z,2021-03-19T19:30,2021-03-19T19:45,79,52.99,52.99,52.99,,1,UP,NO,NO,2026-10-09T00:05:31Z
2021-03-19T18:45:00Z,2021-03-19T19:45,2021-03-19T20:00,80,62.99,62.99,62.99,,1,UP,NO,NO,2026-10-09T00:05:31Z
2021-03-19T19:00:00Z,2021-03-19T20:00,2021-03-19T20:15,81,278.09,278.09,278.09,,1,UP,NO,NO,2026-10-09T00:05:31Z
2021-03-19T19:15:00Z,2021-03-19T20:15,2021-03-19T20:30,82,109,109,109,,1,UP,NO,NO,2026-10-09T00:05:31Z
2021-03-19T19:30:00Z,2021-03-19T20:30,2021-03-19T20:45,83,53.93,53.93,,,0,STABLE,NO,NO,2026-10-09T00:05:31Z
2021-03-19T19:45:00Z,2021-03-19T20:45,2021-03-19T21:00,84,53.93,53.93,,,0,STABLE,NO,NO,2026-10-09T00:05:31Z
2021-03-19T20:00:00Z,2021-03-19T21:00,2021-03-19T21:15,85,450,450,450,,1,UP,NO,NO,2026-10-09T00:05:31Z
2021-03-19T20:15:00Z,2021-03-19T21:15,2021-03-19T21:30,86,278.09,278.09,278.09,,1,UP,NO,NO,2026-10-09T00:05:31Z
2021-03-19T20:30:00Z,2021-03-19T21:30,2021-03-19T21:45,87,51.69,51.69,51.69,,1,UP,NO,NO,2026-10-09T00:05:31Z
2021-03-19T20:45:00Z,2021-03-19T21:45,2021-03-19T22:00,88,36.69,36.69,51.69,36.69,-1,DOWN,NO,NO,2026-10-09T00:05:31Z
2021-03-19T21:00:00Z,2021-03-19T22:00,2021-03-19T22:15,89,33.69,33.69,,33.69,-1,DOWN,NO,NO,2026-10-09T00:05:31Z
2021-03-19T21:15:00Z,2021-03-19T22:15,2021-03-19T22:30,90,45.6,45.6,,45.6,-1,DOWN,NO,NO,2026-10-09T00:05:31Z
2021-03-19T21:30:00Z,2021-03-19T22:30,2021-03-19T22:45,91,44.6,44.6,,,0,STABLE,NO,NO,2026-10-09T00:05:31Z
2021-03-19T21:45:00Z,2021-03-19T22:45,2021-03-19T23:00,92,39.53,39.53,,39.53,-1,DOWN,NO,NO,2026-10-09T00:05:31Z
2021-03-19T22:00:00Z,2021-03-19T23:00,2021-03-19T23:15,93,34.29,34.29,,34.29,-1,DOWN,NO,NO,2026-10-09T00:05:31Z
2021-03-19T22:15:00Z,2021-03-19T23:15,2021-03-19T23:30,94,39.94,39.94,,39.94,-1,DOWN,NO,NO,2026-10-09T00:05:31Z
2021-03-19T22:30:00Z,2021-03-19T23:30,2021-03-19T23:45,95,22.05,22.05,,22.05,-1,DOWN,NO,NO,2026-10-09T00:05:31Z
2021-03-19T22:45:00Z,2021-03-19T23:45,2021-03-20T00:00,96,33.69,33.69,,33.69,-1,DOWN,NO,NO,2026-10-09T00:05:31Z
2021-03-19T23:00:00Z,2021-03-20T00:00,2021-03-20T00:15,1,50.37,36.69,44.53,36.69,2,UP_AND_DOWN,NO,NO,2026-10-09T00:05:31Z
2021-03-19T23:15:00Z,2021-03-20T00:15,2021-03-20T00:30,2,33.69,33.69,,33.69,-1,DOWN,NO,NO,2026-10-09T00:05:31Z
2021-03-19T23:30:00Z,2021-03-20T00:30,2021-03-20T00:45,3,34.76,34.76,,34.76,-1,DOWN,NO,NO,2026-10-09T00:05:31Z
2021-03-19T23:45:00Z,2021-03-20T00:45,2021-03-20T01:00,4,28.69,28.69,,28.69,-1,DOWN,NO,NO,2026-10-09T00:05:31Z
2021-03-20T00:00:00Z,2021-03-20T01:00,2021-03-20T01:15,5,50.24,24.4,44.28,24.4,2,UP_AND_DOWN,NO,NO,2026-10-09T00:05:31Z
2021-03-20T00:15:00Z,2021-03-20T01:15,2021-03-20T01:30,6,33.69,33.69,44.28,33.69,-1,DOWN,NO,NO,2026-10-09T00:05:31Z
2021-03-20T00:30:00Z,2021-03-20T01:30,2021-03-20T01:45,7,32.36,32.36,,32.36,-1,DOWN,NO,NO,2026-10-09T00:05:31Z
2021-03-20T00:45:00Z,2021-03-20T01:45,2021-03-20T02:00,8,38,38,,38,-1,DOWN,NO,NO,2026-10-09T00:05:31Z
2021-03-20T01:00:00Z,2021-03-20T02:00,2021-03-20T02:15,9,38,38,,38,-1,DOWN,NO,NO,2026-10-09T00:05:31Z
2021-03-20T01:15:00Z,2021-03-20T02:15,2021-03-20T02:30,10,43.69,43.69,,43.69,-1,DOWN,NO,NO,2026-10-09T00:05:31Z
2021-03-20T01:30:00Z,2021-03-20T02:30,2021-03-20T02:45,11,52.87,52.87,,,0,STABLE,NO,NO,2026-10-09T00:05:31Z
2021-03-20T01:45:00Z,2021-03-20T02:45,2021-03-20T03:00,12,62.09,62.09,,62.09,-1,DOWN,NO,NO,2026-10-09T00:05:31Z
2021-03-20T02:00:00Z,2021-03-20T03:00,2021-03-20T03:15,13,48.36,38.68,48.36,38.68,2,UP_AND_DOWN,NO,NO,2026-10-09T00:05:31Z
2021-03-20T02:15:00Z,2021-03-20T03:15,2021-03-20T03:30,14,58.05,58.05,58.05,,1,UP,NO,NO,2026-10-09T00:05:31Z
2021-03-20T02:30:00Z,2021-03-20T03:30,2021-03-20T03:45,15,53.05,53.05,53.05,,1,UP,NO,NO,2026-10-09T00:05:31Z
2021-03-20T02:45:00Z,2021-03-20T03:45,2021-03-20T04:00,16,70.81,70.81,70.81,,1,UP,NO,NO,2026-10-09T00:05:31Z
2021-03-20T03:00:00Z,2021-03-20T04:00,2021-03-20T04:15,17,48.36,48.36,48.36,,1,UP,NO,NO,2026-10-09T00:05:31Z
2021-03-20T03:15:00Z,2021-03-20T04:15,2021-03-20T04:30,18,48.36,48.36,48.36,,1,UP,NO,NO,2026-10-09T00:05:31Z
2021-03-20T03:30:00Z,2021-03-20T04:30,2021-03-20T04:45,19,48.36,48.36,48.36,,1,UP,NO,NO,2026-10-09T00:05:31Z
2021-03-20T03:45:00Z,2021-03-20T04:45,2021-03-20T05:00,20,43.31,43.31,43.31,,1,UP,NO,NO,2026-10-09T00:05:31Z
2021-03-20T04:00:00Z,2021-03-20T05:00,2021-03-20T05:15,21,39.66,39.66,,39.66,-1,DOWN,NO,NO,2026-10-09T00:05:31Z
2021-03-20T04:15:00Z,2021-03-20T05:15,2021-03-20T05:30,22,43.98,43.98,,43.98,-1,DOWN,NO,NO,2026-10-09T00:05:31Z
2021-03-20T04:30:00Z,2021-03-20T05:30,2021-03-20T05:45,23,36.69,36.69,,36.69,-1,DOWN,NO,NO,2026-10-09T00:05:31Z
2021-03-20T04:45:00Z,2021-03-20T05:45,2021-03-20T06:00,24,43.98,43.98,,43.98,-1,DOWN,NO,NO,2026-10-09T00:05:31Z
2021-03-20T05:00:00Z,2021-03-20T06:00,2021-03-20T06:15,25,39.67,39.67,,39.67,-1,DOWN,NO,NO,2026-10-09T00:05:31Z
2021-03-20T05:15:00Z,2021-03-20T06:15,2021-03-20T06:30,26,51.84,51.84,,,0,STABLE,NO,NO,2026-10-09T00:05:31Z
2021-03-20T05:30:00Z,2021-03-20T06:30,2021-03-20T06:45,27,51.86,51.86,,,0,STABLE,NO,NO,2026-10-09T00:05:31Z
2021-03-20T05:45:00Z,2021-03-20T06:45,2021-03-20T07:00,28,51.8,51.8,,,0,STABLE,NO,NO,2026-10-09T00:05:31Z
2021-03-20T06:00:00Z,2021-03-20T07:00,2021-03-20T07:15,29,43.75,43.75,,,0,STABLE,NO,NO,2026-10-09T00:05:31Z
2021-03-20T06:15:00Z,2021-03-20T07:15,2021-03-20T07:30,30,42.88,42.88,,42.88,-1,DOWN,NO,NO,2026-10-09T00:05:31Z
2021-03-20T06:30:00Z,2021-03-20T07:30,2021-03-20T07:45,31,43.01,43.01,,43.01,-1,DOWN,NO,NO,2026-10-09T00:05:31Z
2021-03-20T06:45:00Z,2021-03-20T07:45,2021-03-20T08:00,32,38.11,38.11,,38.11,-1,DOWN,NO,NO,2026-10-09T00:05:31Z
2021-03-20T07:00:00Z,2021-03-20T08:00,2021-03-20T08:15,33,40.1,40.1,,40.1,-1,DOWN,NO,NO,2026-10-09T00:05:31Z
2021-03-20T07:15:00Z,2021-03-20T08:15,2021-03-20T08:30,34,39.67,39.67,,39.67,-1,DOWN,NO,NO,2026-10-09T00:05:31Z
2021-03-20T07:30:00Z,2021-03-20T08:30,2021-03-20T08:45,35,33.3,33.3,,33.3,-1,DOWN,NO,NO,2026-10-09T00:05:31Z
2021-03-20T07:45:00Z,2021-03-20T08:45,2021-03-20T09:00,36,12,12,,12,-1,DOWN,NO,NO,2026-10-09T00:05:31Z
2021-03-20T08:00:00Z,2021-03-20T09:00,2021-03-20T09:15,37,54.1,5.17,54.1,5.17,2,UP_AND_DOWN,NO,NO,2026-10-09T00:05:31Z
2021-03-20T08:15:00Z,2021-03-20T09:15,2021-03-20T09:30,38,27.1,27.1,54.1,27.1,-1,DOWN,NO,NO,2026-10-09T00:05:31Z
2021-03-20T08:30:00Z,2021-03-20T09:30,2021-03-20T09:45,39,10.03,10.03,,10.03,-1,DOWN,NO,NO,2026-10-09T00:05:31Z
2021-03-20T08:45:00Z,2021-03-20T09:45,2021-03-20T10:00,40,-13.71,-13.71,,-13.71,-1,DOWN,NO,NO,2026-10-09T00:05:31Z
2021-03-20T09:00:00Z,2021-03-20T10:00,2021-03-20T10:15,41,4,4,,4,-1,DOWN,NO,NO,2026-10-09T00:05:31Z
2021-03-20T09:15:00Z,2021-03-20T10:15,2021-03-20T10:30,42,-86.59,-86.59,,-86.59,-1,DOWN,NO,NO,2026-10-09T00:05:31Z
2021-03-20T09:30:00Z,2021-03-20T10:30,2021-03-20T10:45,43,-57.41,-57.41,,-57.41,-1,DOWN,NO,NO,2026-10-09T00:05:31Z
2021-03-20T09:45:00Z,2021-03-20T10:45,2021-03-20T11:00,44,-110.29,-110.29,,-110.29,-1,DOWN,NO,NO,2026-10-09T00:05:31Z
2021-03-20T10:00:00Z,2021-03-20T11:00,2021-03-20T11:15,45,-1.07,-1.07,,-1.07,-1,DOWN,NO,NO,2026-10-09T00:05:31Z
2021-03-20T10:15:00Z,2021-03-20T11:15,2021-03-20T11:30,46,-154.33,-154.33,,-154.33,-1,DOWN,NO,NO,2026-10-09T00:05:31Z
2021-03-20T10:30:00Z,2021-03-20T11:30,2021-03-20T11:45,47,-208.2,-208.2,,-208.2,-1,DOWN,NO,NO,2026-10-09T00:05:31Z
2021-03-20T10:45:00Z,2021-03-20T11:45,2021-03-20T12:00,48,-102.17,-102.17,,-102.17,-1,DOWN,NO,NO,2026-10-09T00:05:31Z
2021-03-20T11:00:00Z,2021-03-20T12:00,2021-03-20T12:15,49,-57.95,-57.95,,-57.95,-1,DOWN,NO,NO,2026-10-09T00:05:31Z
2021-03-20T11:15:00Z,2021-03-20T12:15,2021-03-20T12:30,50,43.22,16.94,43.22,16.94,2,UP_AND_DOWN,NO,NO,2026-10-09T00:05:31Z
2021-03-20T11:30:00Z,2021-03-20T12:30,2021-03-20T12:45,51,5.08,5.08,,5.08,-1,DOWN,NO,NO,2026-10-09T00:05:31Z
2021-03-20T11:45:00Z,2021-03-20T12:45,2021-03-20T13:00,52,21.5,21.5,,21.5,-1,DOWN,NO,NO,2026-10-09T00:05:31Z
2021-03-20T12:00:00Z,2021-03-20T13:00,2021-03-20T13:15,53,16.29,16.29,,16.29,-1,DOWN,NO,NO,2026-10-09T00:05:31Z
2021-03-20T12:15:00Z,2021-03-20T13:15,2021-03-20T13:30,54,27.1,27.1,,27.1,-1,DOWN,NO,NO,2026-10-09T00:05:31Z
2021-03-20T12:30:00Z,2021-03-20T13:30,2021-03-20T13:45,55,27.1,27.1,,27.1,-1,DOWN,NO,NO,2026-10-09T00:05:31Z
2021-03-20T12:45:00Z,2021-03-20T13:45,2021-03-20T14:00,56,10.07,10.07,,10.07,-1,DOWN,NO,NO,2026-10-09T00:05:31Z
2021-03-20T13:00:00Z,2021-03-20T14:00,2021-03-20T14:15,57,-69.02,-69.02,,-69.02,-1,DOWN,NO,NO,2026-10-09T00:05:31Z
2021-03-20T13:15:00Z,2021-03-20T14:15,2021-03-20T14:30,58,43.01,43.01,,,0,STABLE,NO,NO,2026-10-09T00:05:31Z
2021-03-20T13:30:00Z,2021-03-20T14:30,2021-03-20T14:45,59,42.8,42.8,,,0,STABLE,NO,NO,2026-10-09T00:05:31Z
2021-03-20T13:45:00Z,2021-03-20T14:45,2021-03-20T15:00,60,37.66,37.66,43.14,37.66,-1,DOWN,NO,NO,2026-10-09T00:05:31Z
2021-03-20T14:00:00Z,2021-03-20T15:00,2021-03-20T15:15,61,-156,-156,,-156,-1,DOWN,NO,NO,2026-10-09T00:05:31Z
2021-03-20T14:15:00Z,2021-03-20T15:15,2021-03-20T15:30,62,35.81,35.81,,35.81,-1,DOWN,NO,NO,2026-10-09T00:05:31Z
2021-03-20T14:30:00Z,2021-03-20T15:30,2021-03-20T15:45,63,40.59,40.59,,40.59,-1,DOWN,NO,NO,2026-10-09T00:05:31Z
2021-03-20T14:45:00Z,2021-03-20T15:45,2021-03-20T16:00,64,36.93,36.93,,36.93,-1,DOWN,NO,NO,2026-10-09T00:05:31Z
2021-03-20T15:00:00Z,2021-03-20T16:00,2021-03-20T16:15,65,41.68,41.68,,41.68,-1,DOWN,NO,NO,2026-10-09T00:05:31Z
2021-03-20T15:15:00Z,2021-03-20T16:15,2021-03-20T16:30,66,43.22,43.22,,43.22,-1,DOWN,NO,NO,2026-10-09T00:05:31Z
2021-03-20T15:30:00Z,2021-03-20T16:30,2021-03-20T16:45,67,50.86,50.86,50.86,,1,UP,NO,NO,2026-10-09T00:05:31Z
2021-03-20T15:45:00Z,2021-03-20T16:45,2021-03-20T17:00,68,50.86,50.86,50.86,,1,UP,NO,NO,2026-10-09T00:05:31Z
2021-03-20T16:00:00Z,2021-03-20T17:00,2021-03-20T17:15,69,47.1,47.1,47.1,,1,UP,NO,NO,2026-10-09T00:05:31Z
2021-03-20T16:15:00Z,2021-03-20T17:15,2021-03-20T17:30,70,44.55,44.55,,,0,STABLE,NO,NO,2026-10-09T00:05:31Z
2021-03-20T16:30:00Z,2021-03-20T17:30,2021-03-20T17:45,71,62,62,62,,1,UP,NO,NO,2026-10-09T00:05:31Z
2021-03-20T16:45:00Z,2021-03-20T17:45,2021-03-20T18:00,72,95.55,95.55,95.55,,1,UP,NO,NO,2026-10-09T00:05:31Z
2021-03-20T17:00:00Z,2021-03-20T18:00,2021-03-20T18:15,73,50.1,50.1,50.1,,1,UP,NO,NO,2026-10-09T00:05:31Z
2021-03-20T17:15:00Z,2021-03-20T18:15,2021-03-20T18:30,74,40.66,40.66,,40.66,-1,DOWN,NO,NO,2026-10-09T00:05:31Z
2021-03-20T17:30:00Z,2021-03-20T18:30,2021-03-20T18:45,75,41.23,41.23,,41.23,-1,DOWN,NO,NO,2026-10-09T00:05:31Z
2021-03-20T17:45:00Z,2021-03-20T18:45,2021-03-20T19:00,76,52.25,52.25,,,0,STABLE,NO,NO,2026-10-09T00:05:31Z
2021-03-20T18:00:00Z,2021-03-20T19:00,2021-03-20T19:15,77,60.37,60.37,,60.37,-1,DOWN,NO,NO,2026-10-09T00:05:31Z
2021-03-20T18:15:00Z,2021-03-20T19:15,2021-03-20T19:30,78,38.1,38.1,,38.1,-1,DOWN,NO,NO,2026-10-09T00:05:31Z
2021-03-20T18:30:00Z,2021-03-20T19:30,2021-03-20T19:45,79,32.1,32.1,,32.1,-1,DOWN,NO,NO,2026-10-09T00:05:31Z
2021-03-20T18:45:00Z,2021-03-20T19:45,2021-03-20T20:00,80,33.75,33.75,,33.75,-1,DOWN,NO,NO,2026-10-09T00:05:31Z
2021-03-20T19:00:00Z,2021-03-20T20:00,2021-03-20T20:15,81,52.1,45,47.1,45,2,UP_AND_DOWN,NO,NO,2026-10-09T00:05:31Z
2021-03-20T19:15:00Z,2021-03-20T20:15,2021-03-20T20:30,82,60.23,60.23,,60.23,-1,DOWN,NO,NO,2026-10-09T00:05:31Z
2021-03-20T19:30:00Z,2021-03-20T20:30,2021-03-20T20:45,83,35.1,35.1,,35.1,-1,DOWN,NO,NO,2026-10-09T00:05:31Z
2021-03-20T19:45:00Z,2021-03-20T20:45,2021-03-20T21:00,84,35.1,35.1,,35.1,-1,DOWN,NO,NO,2026-10-09T00:05:31Z
2021-03-20T20:00:00Z,2021-03-20T21:00,2021-03-20T21:15,85,47.1,33.62,47.1,33.62,2,UP_AND_DOWN,NO,NO,2026-10-09T00:05:31Z
2021-03-20T20:15:00Z,2021-03-20T21:15,2021-03-20T21:30,86,45.42,45.42,,45.42,-1,DOWN,NO,NO,2026-10-09T00:05:31Z
2021-03-20T20:30:00Z,2021-03-20T21:30,2021-03-20T21:45,87,45,45,,45,-1,DOWN,NO,NO,2026-10-09T00:05:31Z
2021-03-20T20:45:00Z,2021-03-20T21:45,2021-03-20T22:00,88,34.99,34.99,,34.99,-1,DOWN,NO,NO,2026-10-09T00:05:31Z
2021-03-20T21:00:00Z,2021-03-20T22:00,2021-03-20T22:15,89,47.1,32.1,47.1,32.1,2,UP_AND_DOWN,NO,NO,2026-10-09T00:05:31Z
2021-03-20T21:15:00Z,2021-03-20T22:15,2021-03-20T22:30,90,37.55,37.55,47.1,37.55,-1,DOWN,NO,NO,2026-10-09T00:05:31Z
2021-03-20T21:30:00Z,2021-03-20T22:30,2021-03-20T22:45,91,36.96,36.96,,36.96,-1,DOWN,NO,NO,2026-10-09T00:05:31Z
2021-03-20T21:45:00Z,2021-03-20T22:45,2021-03-20T23:00,92,20.45,20.45,,20.45,-1,DOWN,NO,NO,2026-10-09T00:05:31Z
2021-03-20T22:00:00Z,2021-03-20T23:00,2021-03-20T23:15,93,45.39,19.2,45.39,19.2,2,UP_AND_DOWN,NO,NO,2026-10-09T00:05:31Z
2021-03-20T22:15:00Z,2021-03-20T23:15,2021-03-20T23:30,94,107.62,32.1,107.62,32.1,2,UP_AND_DOWN,NO,NO,2026-10-09T00:05:31Z
2021-03-20T22:30:00Z,2021-03-20T23:30,2021-03-20T23:45,95,27.1,27.1,,27.1,-1,DOWN,NO,NO,2026-10-09T00:05:31Z
2021-03-20T22:45:00Z,2021-03-20T23:45,2021-03-21T00:00,96,35.1,35.1,,35.1,-1,DOWN,NO,NO,2026-10-09T00:05:31Z
2021-03-20T23:00:00Z,2021-03-21T00:00,2021-03-21T00:15,1,26.12,26.12,,26.12,-1,DOWN,NO,NO,2026-10-09T00:05:31Z
2021-03-20T23:15:00Z,2021-03-21T00:15,2021-03-21T00:30,2,47.1,38.83,47.1,38.83,2,UP_AND_DOWN,NO,NO,2026-10-09T00:05:31Z
2021-03-20T23:30:00Z,2021-03-21T00:30,2021-03-21T00:45,3,38.83,38.83,,38.83,-1,DOWN,NO,NO,2026-10-09T00:05:31Z
2021-03-20T23:45:00Z,2021-03-21T00:45,2021-03-21T01:00,4,37.01,37.01,,37.01,-1,DOWN,NO,NO,2026-10-09T00:05:31Z
2021-03-21T00:00:00Z,2021-03-21T01:00,2021-03-21T01:15,5,227.4,227.4,227.4,37.01,1,UP,NO,NO,2026-10-09T00:05:31Z
2021-03-21T00:15:00Z,2021-03-21T01:15,2021-03-21T01:30,6,38.48,38.48,227.4,38.48,-1,DOWN,NO,NO,2026-10-09T00:05:31Z
2021-03-21T00:30:00Z,2021-03-21T01:30,2021-03-21T01:45,7,26.46,26.46,227.4,26.46,-1,DOWN,NO,NO,2026-10-09T00:05:31Z
2021-03-21T00:45:00Z,2021-03-21T01:45,2021-03-21T02:00,8,27.29,27.29,,27.29,-1,DOWN,NO,NO,2026-10-09T00:05:31Z
2021-03-21T01:00:00Z,2021-03-21T02:00,2021-03-21T02:15,9,33.87,33.87,,33.87,-1,DOWN,NO,NO,2026-10-09T00:05:31Z
2021-03-21T01:15:00Z,2021-03-21T02:15,2021-03-21T02:30,10,27.83,27.83,,27.83,-1,DOWN,NO,NO,2026-10-09T00:05:31Z
2021-03-21T01:30:00Z,2021-03-21T02:30,2021-03-21T02:45,11,26.17,26.17,,26.17,-1,DOWN,NO,NO,2026-10-09T00:05:31Z
2021-03-21T01:45:00Z,2021-03-21T02:45,2021-03-21T03:00,12,13.87,13.87,,13.87,-1,DOWN,NO,NO,2026-10-09T00:05:31Z
2021-03-21T02:00:00Z,2021-03-21T03:00,2021-03-21T03:15,13,-3.05,-3.05,,-3.05,-1,DOWN,NO,NO,2026-10-09T00:05:31Z
2021-03-21T02:15:00Z,2021-03-21T03:15,2021-03-21T03:30,14,5,5,,5,-1,DOWN,NO,NO,2026-10-09T00:05:31Z
2021-03-21T02:30:00Z,2021-03-21T03:30,2021-03-21T03:45,15,20.83,20.83,,20.83,-1,DOWN,NO,NO,2026-10-09T00:05:31Z
2021-03-21T02:45:00Z,2021-03-21T03:45,2021-03-21T04:00,16,23.66,23.66,,23.66,-1,DOWN,NO,NO,2026-10-09T00:05:31Z
2021-03-21T03:00:00Z,2021-03-21T04:00,2021-03-21T04:15,17,26.46,26.46,,26.46,-1,DOWN,NO,NO,2026-10-09T00:05:31Z
2021-03-21T03:15:00Z,2021-03-21T04:15,2021-03-21T04:30,18,27.55,27.55,,27.55,-1,DOWN,NO,NO,2026-10-09T00:05:31Z
2021-03-21T03:30:00Z,2021-03-21T04:30,2021-03-21T04:45,19,27.83,27.83,,27.83,-1,DOWN,NO,NO,2026-10-09T00:05:31Z
2021-03-21T03:45:00Z,2021-03-21T04:45,2021-03-21T05:00,20,-9.59,-9.59,,-9.59,-1,DOWN,NO,NO,2026-10-09T00:05:31Z
2021-03-21T04:00:00Z,2021-03-21T05:00,2021-03-21T05:15,21,-7.02,-7.02,,-7.02,-1,DOWN,NO,NO,2026-10-09T00:05:31Z
2021-03-21T04:15:00Z,2021-03-21T05:15,2021-03-21T05:30,22,19.47,19.47,,19.47,-1,DOWN,NO,NO,2026-10-09T00:05:31Z
2021-03-21T04:30:00Z,2021-03-21T05:30,2021-03-21T05:45,23,31.13,31.13,,31.13,-1,DOWN,NO,NO,2026-10-09T00:05:31Z
2021-03-21T04:45:00Z,2021-03-21T05:45,2021-03-21T06:00,24,27.83,27.83,,27.83,-1,DOWN,NO,NO,2026-10-09T00:05:31Z
2021-03-21T05:00:00Z,2021-03-21T06:00,2021-03-21T06:15,25,273.24,273.24,273.24,29.75,1,UP,NO,NO,2026-10-09T00:05:31Z
2021-03-21T05:15:00Z,2021-03-21T06:15,2021-03-21T06:30,26,47.7,20.7,47.7,20.7,2,UP_AND_DOWN,NO,NO,2026-10-09T00:05:31Z
2021-03-21T05:30:00Z,2021-03-21T06:30,2021-03-21T06:45,27,30.96,30.96,,30.96,-1,DOWN,NO,NO,2026-10-09T00:05:31Z
2021-03-21T05:45:00Z,2021-03-21T06:45,2021-03-21T07:00,28,53.52,32.7,53.52,32.7,2,UP_AND_DOWN,NO,NO,2026-10-09T00:05:31Z
2021-03-21T06:00:00Z,2021-03-21T07:00,2021-03-21T07:15,29,55.96,30.33,55.96,30.33,2,UP_AND_DOWN,NO,NO,2026-10-09T00:05:31Z
2021-03-21T06:15:00Z,2021-03-21T07:15,2021-03-21T07:30,30,100.96,100.96,100.96,30.33,1,UP,NO,NO,2026-10-09T00:05:31Z
2021-03-21T06:30:00Z,2021-03-21T07:30,2021-03-21T07:45,31,30.14,30.14,100.96,30.14,-1,DOWN,NO,NO,2026-10-09T00:05:31Z
2021-03-21T06:45:00Z,2021-03-21T07:45,2021-03-21T08:00,32,13.87,13.87,,13.87,-1,DOWN,NO,NO,2026-10-09T00:05:31Z
2021-03-21T07:00:00Z,2021-03-21T08:00,2021-03-21T08:15,33,19,19,,19,-1,DOWN,NO,NO,2026-10-09T00:05:31Z
2021-03-21T07:15:00Z,2021-03-21T08:15,2021-03-21T08:30,34,-2.34,-2.34,,-2.34,-1,DOWN,NO,NO,2026-10-09T00:05:31Z
2021-03-21T07:30:00Z,2021-03-21T08:30,2021-03-21T08:45,35,10,10,,10,-1,DOWN,NO,NO,2026-10-09T00:05:31Z
2021-03-21T07:45:00Z,2021-03-21T08:45,2021-03-21T09:00,36,48.93,48.93,48.93,30.58,1,UP,NO,NO,2026-10-09T00:05:31Z
2021-03-21T08:00:00Z,2021-03-21T09:00,2021-03-21T09:15,37,-17.2,-17.2,48.93,-17.2,-1,DOWN,NO,NO,2026-10-09T00:05:31Z
2021-03-21T08:15:00Z,2021-03-21T09:15,2021-03-21T09:30,38,27.96,27.96,,27.96,-1,DOWN,NO,NO,2026-10-09T00:05:31Z
2021-03-21T08:30:00Z,2021-03-21T09:30,2021-03-21T09:45,39,19,19,,19,-1,DOWN,NO,NO,2026-10-09T00:05:31Z
2021-03-21T08:45:00Z,2021-03-21T09:45,2021-03-21T10:00,40,15.27,15.27,,15.27,-1,DOWN,NO,NO,2026-10-09T00:05:31Z
2021-03-21T09:00:00Z,2021-03-21T10:00,2021-03-21T10:15,41,19.47,19.47,,19.47,-1,DOWN,NO,NO,2026-10-09T00:05:31Z
2021-03-21T09:15:00Z,2021-03-21T10:15,2021-03-21T10:30,42,30.26,30.26,,30.26,-1,DOWN,NO,NO,2026-10-09T00:05:31Z
2021-03-21T09:30:00Z,2021-03-21T10:30,2021-03-21T10:45,43,32.7,32.7,,32.7,-1,DOWN,NO,NO,2026-10-09T00:05:31Z
2021-03-21T09:45:00Z,2021-03-21T10:45,2021-03-21T11:00,44,22.8,22.8,,22.8,-1,DOWN,NO,NO,2026-10-09T00:05:31Z
2021-03-21T10:00:00Z,2021-03-21T11:00,2021-03-21T11:15,45,224.87,224.87,224.87,22.8,1,UP,NO,NO,2026-10-09T00:05:31Z
2021-03-21T10:15:00Z,2021-03-21T11:15,2021-03-21T11:30,46,77.7,77.7,77.7,,1,UP,NO,NO,2026-10-09T00:05:31Z
2021-03-21T10:30:00Z,2021-03-21T11:30,2021-03-21T11:45,47,55.79,55.79,55.79,,1,UP,NO,NO,2026-10-09T00:05:31Z
2021-03-21T10:45:00Z,2021-03-21T11:45,2021-03-21T12:00,48,63.29,63.29,63.29,,1,UP,NO,NO,2026-10-09T00:05:31Z
2021-03-21T11:00:00Z,2021-03-21T12:00,2021-03-21T12:15,49,143.73,143.73,143.73,,1,UP,NO,NO,2026-10-09T00:05:31Z
2021-03-21T11:15:00Z,2021-03-21T12:15,2021-03-21T12:30,50,42.4,42.4,,,0,STABLE,NO,NO,2026-10-09T00:05:31Z
2021-03-21T11:30:00Z,2021-03-21T12:30,2021-03-21T12:45,51,223.46,223.46,223.46,,1,UP,NO,NO,2026-10-09T00:05:31Z
2021-03-21T11:45:00Z,2021-03-21T12:45,2021-03-21T13:00,52,38.7,38.7,52.24,38.7,-1,DOWN,NO,NO,2026-10-09T00:05:31Z
2021-03-21T12:00:00Z,2021-03-21T13:00,2021-03-21T13:15,53,13.34,13.34,,13.34,-1,DOWN,NO,NO,2026-10-09T00:05:31Z
2021-03-21T12:15:00Z,2021-03-21T13:15,2021-03-21T13:30,54,143.84,143.84,143.84,13.34,1,UP,NO,NO,2026-10-09T00:05:31Z
2021-03-21T12:30:00Z,2021-03-21T13:30,2021-03-21T13:45,55,50.7,50.7,50.7,,1,UP,NO,NO,2026-10-09T00:05:31Z
2021-03-21T12:45:00Z,2021-03-21T13:45,2021-03-21T14:00,56,67.7,67.7,67.7,,1,UP,NO,NO,2026-10-09T00:05:31Z
2021-03-21T13:00:00Z,2021-03-21T14:00,2021-03-21T14:15,57,50.7,50.7,50.7,,1,UP,NO,NO,2026-10-09T00:05:31Z
2021-03-21T13:15:00Z,2021-03-21T14:15,2021-03-21T14:30,58,42.4,42.4,,,0,STABLE,NO,NO,2026-10-09T00:05:31Z
2021-03-21T13:30:00Z,2021-03-21T14:30,2021-03-21T14:45,59,42.4,42.4,,,0,STABLE,NO,NO,2026-10-09T00:05:31Z
2021-03-21T13:45:00Z,2021-03-21T14:45,2021-03-21T15:00,60,29.45,29.45,,29.45,-1,DOWN,NO,NO,2026-10-09T00:05:31Z
2021-03-21T14:00:00Z,2021-03-21T15:00,2021-03-21T15:15,61,27.59,27.59,,27.59,-1,DOWN,NO,NO,2026-10-09T00:05:31Z
2021-03-21T14:15:00Z,2021-03-21T15:15,2021-03-21T15:30,62,-4.25,-4.25,,-4.25,-1,DOWN,NO,NO,2026-10-09T00:05:31Z
2021-03-21T14:30:00Z,2021-03-21T15:30,2021-03-21T15:45,63,27.59,27.59,,27.59,-1,DOWN,NO,NO,2026-10-09T00:05:31Z
2021-03-21T14:45:00Z,2021-03-21T15:45,2021-03-21T16:00,64,29.55,29.55,,29.55,-1,DOWN,NO,NO,2026-10-09T00:05:31Z
2021-03-21T15:00:00Z,2021-03-21T16:00,2021-03-21T16:15,65,-16.2,-16.2,,-16.2,-1,DOWN,NO,NO,2026-10-09T00:05:31Z
2021-03-21T15:15:00Z,2021-03-21T16:15,2021-03-21T16:30,66,20,20,,20,-1,DOWN,NO,NO,2026-10-09T00:05:31Z
2021-03-21T15:30:00Z,2021-03-21T16:30,2021-03-21T16:45,67,38.7,38.7,,38.7,-1,DOWN,NO,NO,2026-10-09T00:05:31Z
2021-03-21T15:45:00Z,2021-03-21T16:45,2021-03-21T17:00,68,38.7,38.7,,38.7,-1,DOWN,NO,NO,2026-10-09T00:05:31Z
2021-03-21T16:00:00Z,2021-03-21T17:00,2021-03-21T17:15,69,-158.7,-158.7,,-158.7,-1,DOWN,NO,NO,2026-10-09T00:05:31Z
2021-03-21T16:15:00Z,2021-03-21T17:15,2021-03-21T17:30,70,19,19,,19,-1,DOWN,NO,NO,2026-10-09T00:05:31Z
2021-03-21T16:30:00Z,2021-03-21T17:30,2021-03-21T17:45,71,38.7,38.7,,38.7,-1,DOWN,NO,NO,2026-10-09T00:05:31Z
2021-03-21T16:45:00Z,2021-03-21T17:45,2021-03-21T18:00,72,45.02,45.02,,,0,STABLE,NO,NO,2026-10-09T00:05:31Z
2021-03-21T17:00:00Z,2021-03-21T18:00,2021-03-21T18:15,73,43.4,43.4,,43.4,-1,DOWN,NO,NO,2026-10-09T00:05:31Z
2021-03-21T17:15:00Z,2021-03-21T18:15,2021-03-21T18:30,74,43.4,43.4,,43.4,-1,DOWN,NO,NO,2026-10-09T00:05:31Z
2021-03-21T17:30:00Z,2021-03-21T18:30,2021-03-21T18:45,75,65.93,65.93,,65.93,-1,DOWN,NO,NO,2026-10-09T00:05:31Z
2021-03-21T17:45:00Z,2021-03-21T18:45,2021-03-21T19:00,76,60.7,60.7,60.7,,1,UP,NO,NO,2026-10-09T00:05:31Z
2021-03-21T18:00:00Z,2021-03-21T19:00,2021-03-21T19:15,77,57.98,57.98,57.98,,1,UP,NO,NO,2026-10-09T00:05:31Z
2021-03-21T18:15:00Z,2021-03-21T19:15,2021-03-21T19:30,78,84.82,84.82,84.82,,1,UP,NO,NO,2026-10-09T00:05:31Z
2021-03-21T18:30:00Z,2021-03-21T19:30,2021-03-21T19:45,79,52.98,52.98,52.98,,1,UP,NO,NO,2026-10-09T00:05:31Z
2021-03-21T18:45:00Z,2021-03-21T19:45,2021-03-21T20:00,80,50.7,50.7,50.7,,1,UP,NO,NO,2026-10-09T00:05:31Z
2021-03-21T19:00:00Z,2021-03-21T20:00,2021-03-21T20:15,81,49.75,49.75,49.75,,1,UP,NO,NO,2026-10-09T00:05:31Z
2021-03-21T19:15:00Z,2021-03-21T20:15,2021-03-21T20:30,82,42.14,42.14,43.97,42.14,-1,DOWN,NO,NO,2026-10-09T00:05:31Z
2021-03-21T19:30:00Z,2021-03-21T20:30,2021-03-21T20:45,83,38.7,38.7,,38.7,-1,DOWN,NO,NO,2026-10-09T00:05:31Z
2021-03-21T19:45:00Z,2021-03-21T20:45,2021-03-21T21:00,84,38.7,38.7,,38.7,-1,DOWN,NO,NO,2026-10-09T00:05:31Z
2021-03-21T20:00:00Z,2021-03-21T21:00,2021-03-21T21:15,85,56.59,56.59,56.59,38.7,1,UP,NO,NO,2026-10-09T00:05:31Z
2021-03-21T20:15:00Z,2021-03-21T21:15,2021-03-21T21:30,86,44.29,44.29,44.29,,1,UP,NO,NO,2026-10-09T00:05:31Z
2021-03-21T20:30:00Z,2021-03-21T21:30,2021-03-21T21:45,87,38.7,38.7,44.29,38.7,-1,DOWN,NO,NO,2026-10-09T00:05:31Z
2021-03-21T20:45:00Z,2021-03-21T21:45,2021-03-21T22:00,88,35.7,35.7,,35.7,-1,DOWN,NO,NO,2026-10-09T00:05:31Z
2021-03-21T21:00:00Z,2021-03-21T22:00,2021-03-21T22:15,89,52.32,38.7,49.97,38.7,2,UP_AND_DOWN,NO,NO,2026-10-09T00:05:31Z
2021-03-21T21:15:00Z,2021-03-21T22:15,2021-03-21T22:30,90,54.84,54.84,,,0,STABLE,NO,NO,2026-10-09T00:05:31Z
2021-03-21T21:30:00Z,2021-03-21T22:30,2021-03-21T22:45,91,54.83,54.83,,,0,STABLE,NO,NO,2026-10-09T00:05:31Z
2021-03-21T21:45:00Z,2021-03-21T22:45,2021-03-21T23:00,92,54.83,54.83,,,0,STABLE,NO,NO,2026-10-09T00:05:31Z
2021-03-21T22:00:00Z,2021-03-21T23:00,2021-03-21T23:15,93,44.29,44.29,,,0,STABLE,NO,NO,2026-10-09T00:05:31Z
2021-03-21T22:15:00Z,2021-03-21T23:15,2021-03-21T23:30,94,43.21,43.21,43.21,,1,UP,NO,NO,2026-10-09T00:05:31Z
2021-03-21T22:30:00Z,2021-03-21T23:30,2021-03-21T23:45,95,44.85,44.85,44.85,,1,UP,NO,NO,2026-10-09T00:05:31Z
2021-03-21T22:45:00Z,2021-03-21T23:45,2021-03-22T00:00,96,43.25,43.25,43.25,,1,UP,NO,NO,2026-10-09T00:05:31Z
2021-03-21T23:00:00Z,2021-03-22T00:00,2021-03-22T00:15,1,117.55,117.55,117.55,,1,UP,NO,NO,2026-10-09T00:05:31Z
2021-03-21T23:15:00Z,2021-03-22T00:15,2021-03-22T00:30,2,52.72,52.72,52.72,,1,UP,NO,NO,2026-10-09T00:05:31Z
2021-03-21T23:30:00Z,2021-03-22T00:30,2021-03-22T00:45,3,43.13,43.13,43.13,,1,UP,NO,NO,2026-10-09T00:05:31Z
2021-03-21T23:45:00Z,2021-03-22T00:45,2021-03-22T01:00,4,43.17,43.17,43.17,,1,UP,NO,NO,2026-10-09T00:05:31Z
2021-03-22T00:00:00Z,2021-03-22T01:00,2021-03-22T01:15,5,51.4,51.4,43.82,59.73,2,UP_AND_DOWN,NO,NO,2026-10-09T00:05:31Z
2021-03-22T00:15:00Z,2021-03-22T01:15,2021-03-22T01:30,6,47.12,47.12,47.12,,1,UP,NO,NO,2026-10-09T00:05:31Z
2021-03-22T00:30:00Z,2021-03-22T01:30,2021-03-22T01:45,7,47.7,47.7,47.7,,1,UP,NO,NO,2026-10-09T00:05:31Z
2021-03-22T00:45:00Z,2021-03-22T01:45,2021-03-22T02:00,8,45.32,45.32,45.32,,1,UP,NO,NO,2026-10-09T00:05:31Z
2021-03-22T01:00:00Z,2021-03-22T02:00,2021-03-22T02:15,9,43.13,43.13,43.13,,1,UP,NO,NO,2026-10-09T00:05:31Z
2021-03-22T01:15:00Z,2021-03-22T02:15,2021-03-22T02:30,10,43.43,43.43,,,0,STABLE,NO,NO,2026-10-09T00:05:31Z
2021-03-22T01:30:00Z,2021-03-22T02:30,2021-03-22T02:45,11,41.84,41.84,,41.84,-1,DOWN,NO,NO,2026-10-09T00:05:31Z
2021-03-22T01:45:00Z,2021-03-22T02:45,2021-03-22T03:00,12,40.82,40.82,,40.82,-1,DOWN,NO,NO,2026-10-09T00:05:31Z
2021-03-22T02:00:00Z,2021-03-22T03:00,2021-03-22T03:15,13,43.79,43.79,,,0,STABLE,NO,NO,2026-10-09T00:05:31Z
2021-03-22T02:15:00Z,2021-03-22T03:15,2021-03-22T03:30,14,43.43,43.43,,,0,STABLE,NO,NO,2026-10-09T00:05:31Z
2021-03-22T02:30:00Z,2021-03-22T03:30,2021-03-22T03:45,15,43.44,43.44,,,0,STABLE,NO,NO,2026-10-09T00:05:31Z
2021-03-22T02:45:00Z,2021-03-22T03:45,2021-03-22T04:00,16,43.44,43.44,,,0,STABLE,NO,NO,2026-10-09T00:05:31Z
2021-03-22T03:00:00Z,2021-03-22T04:00,2021-03-22T04:15,17,67.7,67.7,67.7,,1,UP,NO,NO,2026-10-09T00:05:31Z
2021-03-22T03:15:00Z,2021-03-22T04:15,2021-03-22T04:30,18,43.44,43.44,,,0,STABLE,NO,NO,2026-10-09T00:05:31Z
2021-03-22T03:30:00Z,2021-03-22T04:30,2021-03-22T04:45,19,43.45,43.45,,,0,STABLE,NO,NO,2026-10-09T00:05:31Z
2021-03-22T03:45:00Z,2021-03-22T04:45,2021-03-22T05:00,20,50.7,50.7,50.7,,1,UP,NO,NO,2026-10-09T00:05:31Z
2021-03-22T04:00:00Z,2021-03-22T05:00,2021-03-22T05:15,21,70.56,70.56,70.56,,1,UP,NO,NO,2026-10-09T00:05:31Z
2021-03-22T04:15:00Z,2021-03-22T05:15,2021-03-22T05:30,22,54.96,54.96,50.7,65.22,2,UP_AND_DOWN,NO,NO,2026-10-09T00:05:31Z
2021-03-22T04:30:00Z,2021-03-22T05:30,2021-03-22T05:45,23,65.22,65.22,,65.22,-1,DOWN,NO,NO,2026-10-09T00:05:31Z
2021-03-22T04:45:00Z,2021-03-22T05:45,2021-03-22T06:00,24,44.17,44.17,,44.17,-1,DOWN,NO,NO,2026-10-09T00:05:31Z
2021-03-22T05:00:00Z,2021-03-22T06:00,2021-03-22T06:15,25,207.91,207.91,207.91,,1,UP,NO,NO,2026-10-09T00:05:31Z
2021-03-22T05:15:00Z,2021-03-22T06:15,2021-03-22T06:30,26,296.21,296.21,296.21,,1,UP,NO,NO,2026-10-09T00:05:31Z
2021-03-22T05:30:00Z,2021-03-22T06:30,2021-03-22T06:45,27,54.69,54.69,47.77,65.12,2,UP_AND_DOWN,NO,NO,2026-10-09T00:05:31Z
2021-03-22T05:45:00Z,2021-03-22T06:45,2021-03-22T07:00,28,50.77,50.77,50.77,,1,UP,NO,NO,2026-10-09T00:05:31Z
2021-03-22T06:00:00Z,2021-03-22T07:00,2021-03-22T07:15,29,39.87,39.87,50.77,39.87,-1,DOWN,NO,NO,2026-10-09T00:05:31Z
2021-03-22T06:15:00Z,2021-03-22T07:15,2021-03-22T07:30,30,63.34,63.34,,63.34,-1,DOWN,NO,NO,2026-10-09T00:05:31Z
2021-03-22T06:30:00Z,2021-03-22T07:30,2021-03-22T07:45,31,66.06,66.06,,66.06,-1,DOWN,NO,NO,2026-10-09T00:05:31Z
2021-03-22T06:45:00Z,2021-03-22T07:45,2021-03-22T08:00,32,44.03,44.03,44.03,,1,UP,NO,NO,2026-10-09T00:05:31Z
2021-03-22T07:00:00Z,2021-03-22T08:00,2021-03-22T08:15,33,52.47,52.47,,,0,STABLE,NO,NO,2026-10-09T00:05:31Z
2021-03-22T07:15:00Z,2021-03-22T08:15,2021-03-22T08:30,34,52.47,52.47,,,0,STABLE,NO,NO,2026-10-09T00:05:31Z
2021-03-22T07:30:00Z,2021-03-22T08:30,2021-03-22T08:45,35,59.41,59.41,,59.41,-1,DOWN,NO,NO,2026-10-09T00:05:31Z
2021-03-22T07:45:00Z,2021-03-22T08:45,2021-03-22T09:00,36,38.77,38.77,,38.77,-1,DOWN,NO,NO,2026-10-09T00:05:31Z
2021-03-22T08:00:00Z,2021-03-22T09:00,2021-03-22T09:15,37,39.07,39.07,,39.07,-1,DOWN,NO,NO,2026-10-09T00:05:31Z
2021-03-22T08:15:00Z,2021-03-22T09:15,2021-03-22T09:30,38,39.04,39.04,,39.04,-1,DOWN,NO,NO,2026-10-09T00:05:31Z
2021-03-22T08:30:00Z,2021-03-22T09:30,2021-03-22T09:45,39,33.43,33.43,,33.43,-1,DOWN,NO,NO,2026-10-09T00:05:31Z
2021-03-22T08:45:00Z,2021-03-22T09:45,2021-03-22T10:00,40,34,34,,34,-1,DOWN,NO,NO,2026-10-09T00:05:31Z
2021-03-22T09:00:00Z,2021-03-22T10:00,2021-03-22T10:15,41,51.78,40.82,45.09,40.82,2,UP_AND_DOWN,NO,NO,2026-10-09T00:05:31Z
2021-03-22T09:15:00Z,2021-03-22T10:15,2021-03-22T10:30,42,68.46,68.46,68.46,40.82,1,UP,NO,NO,2026-10-09T00:05:31Z
2021-03-22T09:30:00Z,2021-03-22T10:30,2021-03-22T10:45,43,51.77,51.77,,,0,STABLE,NO,NO,2026-10-09T00:05:31Z
2021-03-22T09:45:00Z,2021-03-22T10:45,2021-03-22T11:00,44,51.78,51.78,,,0,STABLE,NO,NO,2026-10-09T00:05:31Z
2021-03-22T10:00:00Z,2021-03-22T11:00,2021-03-22T11:15,45,231.91,231.91,231.91,,1,UP,NO,NO,2026-10-09T00:05:31Z
2021-03-22T10:15:00Z,2021-03-22T11:15,2021-03-22T11:30,46,231.91,231.91,231.91,,1,UP,NO,NO,2026-10-09T00:05:31Z
2021-03-22T10:30:00Z,2021-03-22T11:30,2021-03-22T11:45,47,362.03,362.03,362.03,,1,UP,NO,NO,2026-10-09T00:05:31Z
2021-03-22T10:45:00Z,2021-03-22T11:45,2021-03-22T12:00,48,64.91,64.91,64.91,,1,UP,NO,NO,2026-10-09T00:05:31Z
2021-03-22T11:00:00Z,2021-03-22T12:00,2021-03-22T12:15,49,91.78,91.78,91.78,,1,UP,NO,NO,2026-10-09T00:05:31Z
2021-03-22T11:15:00Z,2021-03-22T12:15,2021-03-22T12:30,50,362.03,362.03,362.03,,1,UP,NO,NO,2026-10-09T00:05:31Z
2021-03-22T11:30:00Z,2021-03-22T12:30,2021-03-22T12:45,51,228.78,228.78,228.78,,1,UP,NO,NO,2026-10-09T00:05:31Z
2021-03-22T11:45:00Z,2021-03-22T12:45,2021-03-22T13:00,52,228.78,228.78,228.78,,1,UP,NO,NO,2026-10-09T00:05:31Z
2021-03-22T12:00:00Z,2021-03-22T13:00,2021-03-22T13:15,53,362.03,362.03,362.03,,1,UP,NO,NO,2026-10-09T00:05:31Z
2021-03-22T12:15:00Z,2021-03-22T13:15,2021-03-22T13:30,54,52.02,52.02,52.02,,1,UP,NO,NO,2026-10-09T00:05:31Z
2021-03-22T12:30:00Z,2021-03-22T13:30,2021-03-22T13:45,55,222.49,222.49,222.49,,1,UP,NO,NO,2026-10-09T00:05:31Z
2021-03-22T12:45:00Z,2021-03-22T13:45,2021-03-22T14:00,56,222.49,222.49,222.49,,1,UP,NO,NO,2026-10-09T00:05:31Z
2021-03-22T13:00:00Z,2021-03-22T14:00,2021-03-22T14:15,57,50.5,50.5,50.5,,1,UP,NO,NO,2026-10-09T00:05:31Z
2021-03-22T13:15:00Z,2021-03-22T14:15,2021-03-22T14:30,58,48.99,48.99,48.99,,1,UP,NO,NO,2026-10-09T00:05:31Z
2021-03-22T13:30:00Z,2021-03-22T14:30,2021-03-22T14:45,59,51.99,51.99,51.99,,1,UP,NO,NO,2026-10-09T00:05:31Z
2021-03-22T13:45:00Z,2021-03-22T14:45,2021-03-22T15:00,60,42.02,42.02,44.88,42.02,-1,DOWN,NO,NO,2026-10-09T00:05:31Z
2021-03-22T14:00:00Z,2021-03-22T15:00,2021-03-22T15:15,61,41.97,41.97,,41.97,-1,DOWN,NO,NO,2026-10-09T00:05:31Z
2021-03-22T14:15:00Z,2021-03-22T15:15,2021-03-22T15:30,62,42.89,42.89,,42.89,-1,DOWN,NO,NO,2026-10-09T00:05:31Z
2021-03-22T14:30:00Z,2021-03-22T15:30,2021-03-22T15:45,63,41.97,41.97,,41.97,-1,DOWN,NO,NO,2026-10-09T00:05:31Z
2021-03-22T14:45:00Z,2021-03-22T15:45,2021-03-22T16:00,64,51.19,51.19,,,0,STABLE,NO,NO,2026-10-09T00:05:31Z
2021-03-22T15:00:00Z,2021-03-22T16:00,2021-03-22T16:15,65,52.17,52.17,,,0,STABLE,NO,NO,2026-10-09T00:05:31Z
2021-03-22T15:15:00Z,2021-03-22T16:15,2021-03-22T16:30,66,52.17,52.17,,,0,STABLE,NO,NO,2026-10-09T00:05:31Z
2021-03-22T15:30:00Z,2021-03-22T16:30,2021-03-22T16:45,67,48.22,48.22,48.22,,1,UP,NO,NO,2026-10-09T00:05:31Z
2021-03-22T15:45:00Z,2021-03-22T16:45,2021-03-22T17:00,68,134.4,134.4,134.4,,1,UP,NO,NO,2026-10-09T00:05:31Z
2021-03-22T16:00:00Z,2021-03-22T17:00,2021-03-22T17:15,69,52.91,46.99,52.91,46.99,2,UP_AND_DOWN,NO,NO,2026-10-09T00:05:31Z
2021-03-22T16:15:00Z,2021-03-22T17:15,2021-03-22T17:30,70,96.9,96.9,96.9,,1,UP,NO,NO,2026-10-09T00:05:31Z
2021-03-22T16:30:00Z,2021-03-22T17:30,2021-03-22T17:45,71,128.98,128.98,128.98,,1,UP,NO,NO,2026-10-09T00:05:31Z
2021-03-22T16:45:00Z,2021-03-22T17:45,2021-03-22T18:00,72,96.9,96.9,96.9,,1,UP,NO,NO,2026-10-09T00:05:31Z
2021-03-22T17:00:00Z,2021-03-22T18:00,2021-03-22T18:15,73,81.18,81.18,81.18,,1,UP,NO,NO,2026-10-09T00:05:31Z
2021-03-22T17:15:00Z,2021-03-22T18:15,2021-03-22T18:30,74,46.01,46.01,46.01,,1,UP,NO,NO,2026-10-09T00:05:31Z
2021-03-22T17:30:00Z,2021-03-22T18:30,2021-03-22T18:45,75,95.5,95.5,95.5,,1,UP,NO,NO,2026-10-09T00:05:31Z
2021-03-22T17:45:00Z,2021-03-22T18:45,2021-03-22T19:00,76,77.61,77.61,77.61,,1,UP,NO,NO,2026-10-09T00:05:31Z
2021-03-22T18:00:00Z,2021-03-22T19:00,2021-03-22T19:15,77,80.47,80.47,80.47,,1,UP,NO,NO,2026-10-09T00:05:31Z
2021-03-22T18:15:00Z,2021-03-22T19:15,2021-03-22T19:30,78,46.75,46.75,46.75,,1,UP,NO,NO,2026-10-09T00:05:31Z
2021-03-22T18:30:00Z,2021-03-22T19:30,2021-03-22T19:45,79,55.63,55.63,,,0,STABLE,NO,NO,2026-10-09T00:05:31Z
2021-03-22T18:45:00Z,2021-03-22T19:45,2021-03-22T20:00,80,55.63,55.63,,,0,STABLE,NO,NO,2026-10-09T00:05:31Z
2021-03-22T19:00:00Z,2021-03-22T20:00,2021-03-22T20:15,81,245,245,245,,1,UP,NO,NO,2026-10-09T00:05:31Z
2021-03-22T19:15:00Z,2021-03-22T20:15,2021-03-22T20:30,82,69.46,69.46,69.46,,1,UP,NO,NO,2026-10-09T00:05:31Z
2021-03-22T19:30:00Z,2021-03-22T20:30,2021-03-22T20:45,83,55.13,55.13,,,0,STABLE,NO,NO,2026-10-09T00:05:31Z
2021-03-22T19:45:00Z,2021-03-22T20:45,2021-03-22T21:00,84,55.41,55.41,,,0,STABLE,NO,NO,2026-10-09T00:05:31Z
2021-03-22T20:00:00Z,2021-03-22T21:00,2021-03-22T21:15,85,65.15,65.15,65.15,,1,UP,NO,NO,2026-10-09T00:05:31Z
2021-03-22T20:15:00Z,2021-03-22T21:15,2021-03-22T21:30,86,85.43,85.43,85.43,,1,UP,NO,NO,2026-10-09T00:05:31Z
2021-03-22T20:30:00Z,2021-03-22T21:30,2021-03-22T21:45,87,52.98,52.98,52.98,,1,UP,NO,NO,2026-10-09T00:05:31Z
2021-03-22T20:45:00Z,2021-03-22T21:45,2021-03-22T22:00,88,46.98,46.98,52.98,46.98,-1,DOWN,NO,NO,2026-10-09T00:05:31Z
2021-03-22T21:00:00Z,2021-03-22T22:00,2021-03-22T22:15,89,230.8,230.8,230.8,46.98,1,UP,NO,NO,2026-10-09T00:05:31Z
2021-03-22T21:15:00Z,2021-03-22T22:15,2021-03-22T22:30,90,209.4,209.4,209.4,,1,UP,NO,NO,2026-10-09T00:05:31Z
2021-03-22T21:30:00Z,2021-03-22T22:30,2021-03-22T22:45,91,48.19,48.19,48.19,,1,UP,NO,NO,2026-10-09T00:05:31Z
2021-03-22T21:45:00Z,2021-03-22T22:45,2021-03-22T23:00,92,43.25,43.25,43.25,,1,UP,NO,NO,2026-10-09T00:05:31Z
2021-03-22T22:00:00Z,2021-03-22T23:00,2021-03-22T23:15,93,111.31,111.31,111.31,,1,UP,NO,NO,2026-10-09T00:05:31Z
2021-03-22T22:15:00Z,2021-03-22T23:15,2021-03-22T23:30,94,47.77,47.77,47.77,,1,UP,NO,NO,2026-10-09T00:05:31Z
2021-03-22T22:30:00Z,2021-03-22T23:30,2021-03-22T23:45,95,41.49,41.49,,41.49,-1,DOWN,NO,NO,2026-10-09T00:05:31Z
2021-03-22T22:45:00Z,2021-03-22T23:45,2021-03-23T00:00,96,32.77,32.77,,32.77,-1,DOWN,NO,NO,2026-10-09T00:05:31Z
2021-03-22T23:00:00Z,2021-03-23T00:00,2021-03-23T00:15,1,108.33,27.82,108.33,27.82,2,UP_AND_DOWN,NO,NO,2026-10-09T00:05:31Z
2021-03-22T23:15:00Z,2021-03-23T00:15,2021-03-23T00:30,2,38.82,38.82,48.99,38.82,-1,DOWN,NO,NO,2026-10-09T00:05:31Z
2021-03-22T23:30:00Z,2021-03-23T00:30,2021-03-23T00:45,3,38.82,38.82,48.99,38.82,-1,DOWN,NO,NO,2026-10-09T00:05:31Z
2021-03-22T23:45:00Z,2021-03-23T00:45,2021-03-23T01:00,4,38.82,38.82,,38.82,-1,DOWN,NO,NO,2026-10-09T00:05:31Z
2021-03-23T00:00:00Z,2021-03-23T01:00,2021-03-23T01:15,5,38.82,38.82,,38.82,-1,DOWN,NO,NO,2026-10-09T00:05:31Z
2021-03-23T00:15:00Z,2021-03-23T01:15,2021-03-23T01:30,6,49.56,49.56,49.56,38.82,1,UP,NO,NO,2026-10-09T00:05:31Z
2021-03-23T00:30:00Z,2021-03-23T01:30,2021-03-23T01:45,7,43.11,43.11,43.11,,1,UP,NO,NO,2026-10-09T00:05:31Z
2021-03-23T00:45:00Z,2021-03-23T01:45,2021-03-23T02:00,8,45.43,43.48,43.15,43.48,2,UP_AND_DOWN,NO,NO,2026-10-09T00:05:31Z
2021-03-23T01:00:00Z,2021-03-23T02:00,2021-03-23T02:15,9,41.84,41.84,,41.84,-1,DOWN,NO,NO,2026-10-09T00:05:31Z
2021-03-23T01:15:00Z,2021-03-23T02:15,2021-03-23T02:30,10,47.82,47.82,47.82,,1,UP,NO,NO,2026-10-09T00:05:31Z
2021-03-23T01:30:00Z,2021-03-23T02:30,2021-03-23T02:45,11,89.2,89.2,89.2,,1,UP,NO,NO,2026-10-09T00:05:31Z
2021-03-23T01:45:00Z,2021-03-23T02:45,2021-03-23T03:00,12,47.82,47.82,47.82,,1,UP,NO,NO,2026-10-09T00:05:31Z
2021-03-23T02:00:00Z,2021-03-23T03:00,2021-03-23T03:15,13,44.75,44.75,44.75,,1,UP,NO,NO,2026-10-09T00:05:31Z
2021-03-23T02:15:00Z,2021-03-23T03:15,2021-03-23T03:30,14,49.61,49.61,49.61,,1,UP,NO,NO,2026-10-09T00:05:31Z
2021-03-23T02:30:00Z,2021-03-23T03:30,2021-03-23T03:45,15,50.82,50.82,50.82,,1,UP,NO,NO,2026-10-09T00:05:31Z
2021-03-23T02:45:00Z,2021-03-23T03:45,2021-03-23T04:00,16,61.33,61.33,61.33,,1,UP,NO,NO,2026-10-09T00:05:31Z
2021-03-23T03:00:00Z,2021-03-23T04:00,2021-03-23T04:15,17,72.56,72.56,72.56,,1,UP,NO,NO,2026-10-09T00:05:31Z
2021-03-23T03:15:00Z,2021-03-23T04:15,2021-03-23T04:30,18,52.96,52.96,52.96,,1,UP,NO,NO,2026-10-09T00:05:31Z
2021-03-23T03:30:00Z,2021-03-23T04:30,2021-03-23T04:45,19,53.95,53.95,53.95,,1,UP,NO,NO,2026-10-09T00:05:31Z
2021-03-23T03:45:00Z,2021-03-23T04:45,2021-03-23T05:00,20,53.93,53.93,53.93,,1,UP,NO,NO,2026-10-09T00:05:31Z
2021-03-23T04:00:00Z,2021-03-23T05:00,2021-03-23T05:15,21,66.46,66.46,53.93,66.46,-1,DOWN,NO,NO,2026-10-09T00:05:31Z
2021-03-23T04:15:00Z,2021-03-23T05:15,2021-03-23T05:30,22,66.46,66.46,,66.46,-1,DOWN,NO,NO,2026-10-09T00:05:31Z
2021-03-23T04:30:00Z,2021-03-23T05:30,2021-03-23T05:45,23,63.42,63.42,63.42,,1,UP,NO,NO,2026-10-09T00:05:31Z
2021-03-23T04:45:00Z,2021-03-23T05:45,2021-03-23T06:00,24,54.02,54.02,54.02,,1,UP,NO,NO,2026-10-09T00:05:31Z
2021-03-23T05:00:00Z,2021-03-23T06:00,2021-03-23T06:15,25,52.57,35.25,48.32,35.25,2,UP_AND_DOWN,NO,NO,2026-10-09T00:05:31Z
2021-03-23T05:15:00Z,2021-03-23T06:15,2021-03-23T06:30,26,45.9,45.9,,45.9,-1,DOWN,NO,NO,2026-10-09T00:05:31Z
2021-03-23T05:30:00Z,2021-03-23T06:30,2021-03-23T06:45,27,52.57,52.57,,,0,STABLE,NO,NO,2026-10-09T00:05:31Z
2021-03-23T05:45:00Z,2021-03-23T06:45,2021-03-23T07:00,28,49.54,49.54,49.54,,1,UP,NO,NO,2026-10-09T00:05:31Z
2021-03-23T06:00:00Z,2021-03-23T07:00,2021-03-23T07:15,29,59.83,59.83,49.54,59.83,-1,DOWN,NO,NO,2026-10-09T00:05:31Z
2021-03-23T06:15:00Z,2021-03-23T07:15,2021-03-23T07:30,30,51.84,51.84,,,0,STABLE,NO,NO,2026-10-09T00:05:31Z
2021-03-23T06:30:00Z,2021-03-23T07:30,2021-03-23T07:45,31,52.58,52.58,,,0,STABLE,NO,NO,2026-10-09T00:05:31Z
2021-03-23T06:45:00Z,2021-03-23T07:45,2021-03-23T08:00,32,48.32,48.32,48.32,,1,UP,NO,NO,2026-10-09T00:05:31Z
2021-03-23T07:00:00Z,2021-03-23T08:00,2021-03-23T08:15,33,48.32,48.32,48.32,,1,UP,NO,NO,2026-10-09T00:05:31Z
2021-03-23T07:15:00Z,2021-03-23T08:15,2021-03-23T08:30,34,48.99,48.99,48.99,,1,UP,NO,NO,2026-10-09T00:05:31Z
2021-03-23T07:30:00Z,2021-03-23T08:30,2021-03-23T08:45,35,51.5,51.5,51.5,,1,UP,NO,NO,2026-10-09T00:05:31Z
2021-03-23T07:45:00Z,2021-03-23T08:45,2021-03-23T09:00,36,51.92,51.92,,,0,STABLE,NO,NO,2026-10-09T00:05:31Z
2021-03-23T08:00:00Z,2021-03-23T09:00,2021-03-23T09:15,37,102.2,102.2,102.2,,1,UP,NO,NO,2026-10-09T00:05:31Z
2021-03-23T08:15:00Z,2021-03-23T09:15,2021-03-23T09:30,38,52.6,52.6,,,0,STABLE,NO,NO,2026-10-09T00:05:31Z
2021-03-23T08:30:00Z,2021-03-23T09:30,2021-03-23T09:45,39,52.6,52.6,,,0,STABLE,NO,NO,2026-10-09T00:05:31Z
2021-03-23T08:45:00Z,2021-03-23T09:45,2021-03-23T10:00,40,45.92,45.92,,45.92,-1,DOWN,NO,NO,2026-10-09T00:05:31Z
2021-03-23T09:00:00Z,2021-03-23T10:00,2021-03-23T10:15,41,51.32,51.32,51.32,45.92,1,UP,NO,NO,2026-10-09T00:05:31Z
2021-03-23T09:15:00Z,2021-03-23T10:15,2021-03-23T10:30,42,49.4,49.4,49.4,,1,UP,NO,NO,2026-10-09T00:05:31Z
2021-03-23T09:30:00Z,2021-03-23T10:30,2021-03-23T10:45,43,43.15,43.15,43.15,,1,UP,NO,NO,2026-10-09T00:05:31Z
2021-03-23T09:45:00Z,2021-03-23T10:45,2021-03-23T11:00,44,51.44,51.44,,,0,STABLE,NO,NO,2026-10-09T00:05:31Z
2021-03-23T10:00:00Z,2021-03-23T11:00,2021-03-23T11:15,45,44.36,44.36,44.36,,1,UP,NO,NO,2026-10-09T00:05:31Z
2021-03-23T10:15:00Z,2021-03-23T11:15,2021-03-23T11:30,46,44.36,44.36,44.36,,1,UP,NO,NO,2026-10-09T00:05:31Z
2021-03-23T10:30:00Z,2021-03-23T11:30,2021-03-23T11:45,47,33.32,33.32,,33.32,-1,DOWN,NO,NO,2026-10-09T00:05:31Z
2021-03-23T10:45:00Z,2021-03-23T11:45,2021-03-23T12:00,48,33.32,33.32,,33.32,-1,DOWN,NO,NO,2026-10-09T00:05:31Z
2021-03-23T11:00:00Z,2021-03-23T12:00,2021-03-23T12:15,49,33.32,33.32,,33.32,-1,DOWN,NO,NO,2026-10-09T00:05:31Z
2021-03-23T11:15:00Z,2021-03-23T12:15,2021-03-23T12:30,50,48.32,48.32,48.32,33.32,1,UP,NO,NO,2026-10-09T00:05:31Z
2021-03-23T11:30:00Z,2021-03-23T12:30,2021-03-23T12:45,51,40.89,40.89,,40.89,-1,DOWN,NO,NO,2026-10-09T00:05:31Z
2021-03-23T11:45:00Z,2021-03-23T12:45,2021-03-23T13:00,52,48.87,39.32,48.87,39.32,2,UP_AND_DOWN,NO,NO,2026-10-09T00:05:31Z
2021-03-23T12:00:00Z,2021-03-23T13:00,2021-03-23T13:15,53,217.5,217.5,217.5,39.32,1,UP,NO,NO,2026-10-09T00:05:31Z
2021-03-23T12:15:00Z,2021-03-23T13:15,2021-03-23T13:30,54,61.83,61.83,61.83,,1,UP,NO,NO,2026-10-09T00:05:31Z
2021-03-23T12:30:00Z,2021-03-23T13:30,2021-03-23T13:45,55,41.6,41.6,61.83,41.6,-1,DOWN,NO,NO,2026-10-09T00:05:31Z
2021-03-23T12:45:00Z,2021-03-23T13:45,2021-03-23T14:00,56,40.93,40.93,,40.93,-1,DOWN,NO,NO,2026-10-09T00:05:31Z
2021-03-23T13:00:00Z,2021-03-23T14:00,2021-03-23T14:15,57,19,19,,19,-1,DOWN,NO,NO,2026-10-09T00:05:31Z
2021-03-23T13:15:00Z,2021-03-23T14:15,2021-03-23T14:30,58,35.18,35.18,,35.18,-1,DOWN,NO,NO,2026-10-09T00:05:31Z
2021-03-23T13:30:00Z,2021-03-23T14:30,2021-03-23T14:45,59,35.91,35.91,,35.91,-1,DOWN,NO,NO,2026-10-09T00:05:31Z
2021-03-23T13:45:00Z,2021-03-23T14:45,2021-03-23T15:00,60,39.32,39.32,,39.32,-1,DOWN,NO,NO,2026-10-09T00:05:31Z
2021-03-23T14:00:00Z,2021-03-23T15:00,2021-03-23T15:15,61,36.32,36.32,,36.32,-1,DOWN,NO,NO,2026-10-09T00:05:31Z
2021-03-23T14:15:00Z,2021-03-23T15:15,2021-03-23T15:30,62,40.44,40.44,,40.44,-1,DOWN,NO,NO,2026-10-09T00:05:31Z
2021-03-23T14:30:00Z,2021-03-23T15:30,2021-03-23T15:45,63,41.11,41.11,,41.11,-1,DOWN,NO,NO,2026-10-09T00:05:31Z
2021-03-23T14:45:00Z,2021-03-23T15:45,2021-03-23T16:00,64,44.8,44.8,44.8,41.11,1,UP,NO,NO,2026-10-09T00:05:31Z
2021-03-23T15:00:00Z,2021-03-23T16:00,2021-03-23T16:15,65,45.87,45.87,,45.87,-1,DOWN,NO,NO,2026-10-09T00:05:31Z
2021-03-23T15:15:00Z,2021-03-23T16:15,2021-03-23T16:30,66,51.42,51.42,,,0,STABLE,NO,NO,2026-10-09T00:05:31Z
2021-03-23T15:30:00Z,2021-03-23T16:30,2021-03-23T16:45,67,55.32,55.32,55.32,,1,UP,NO,NO,2026-10-09T00:05:31Z
2021-03-23T15:45:00Z,2021-03-23T16:45,2021-03-23T17:00,68,93.02,93.02,93.02,,1,UP,NO,NO,2026-10-09T00:05:31Z
2021-03-23T16:00:00Z,2021-03-23T17:00,2021-03-23T17:15,69,22,22,93.02,22,-1,DOWN,NO,NO,2026-10-09T00:05:31Z
2021-03-23T16:15:00Z,2021-03-23T17:15,2021-03-23T17:30,70,45.9,45.9,,45.9,-1,DOWN,NO,NO,2026-10-09T00:05:31Z
2021-03-23T16:30:00Z,2021-03-23T17:30,2021-03-23T17:45,71,57.33,57.33,57.33,,1,UP,NO,NO,2026-10-09T00:05:31Z
2021-03-23T16:45:00Z,2021-03-23T17:45,2021-03-23T18:00,72,67.64,67.64,67.64,,1,UP,NO,NO,2026-10-09T00:05:31Z
2021-03-23T17:00:00Z,2021-03-23T18:00,2021-03-23T18:15,73,75.35,75.35,75.35,,1,UP,NO,NO,2026-10-09T00:05:31Z
2021-03-23T17:15:00Z,2021-03-23T18:15,2021-03-23T18:30,74,450,450,450,,1,UP,NO,NO,2026-10-09T00:05:31Z
2021-03-23T17:30:00Z,2021-03-23T18:30,2021-03-23T18:45,75,371.4,371.4,371.4,,1,UP,NO,NO,2026-10-09T00:05:31Z
2021-03-23T17:45:00Z,2021-03-23T18:45,2021-03-23T19:00,76,52.85,52.67,52.85,58.29,2,UP_AND_DOWN,NO,NO,2026-10-09T00:05:31Z
2021-03-23T18:00:00Z,2021-03-23T19:00,2021-03-23T19:15,77,53.49,53.49,53.49,,1,UP,NO,NO,2026-10-09T00:05:31Z
2021-03-23T18:15:00Z,2021-03-23T19:15,2021-03-23T19:30,78,450,450,450,,1,UP,NO,NO,2026-10-09T00:05:31Z
2021-03-23T18:30:00Z,2021-03-23T19:30,2021-03-23T19:45,79,450,450,450,,1,UP,NO,NO,2026-10-09T00:05:31Z
2021-03-23T18:45:00Z,2021-03-23T19:45,2021-03-23T20:00,80,63.49,63.49,63.49,,1,UP,NO,NO,2026-10-09T00:05:31Z
2021-03-23T19:00:00Z,2021-03-23T20:00,2021-03-23T20:15,81,420.74,420.74,420.74,,1,UP,NO,NO,2026-10-09T00:05:31Z
2021-03-23T19:15:00Z,2021-03-23T20:15,2021-03-23T20:30,82,277.49,277.49,277.49,,1,UP,NO,NO,2026-10-09T00:05:31Z
2021-03-23T19:30:00Z,2021-03-23T20:30,2021-03-23T20:45,83,55.12,55.12,55.12,,1,UP,NO,NO,2026-10-09T00:05:31Z
2021-03-23T19:45:00Z,2021-03-23T20:45,2021-03-23T21:00,84,49.17,49.17,,,0,STABLE,NO,NO,2026-10-09T00:05:31Z
2021-03-23T20:00:00Z,2021-03-23T21:00,2021-03-23T21:15,85,407.1,407.1,407.1,,1,UP,NO,NO,2026-10-09T00:05:31Z
2021-03-23T20:15:00Z,2021-03-23T21:15,2021-03-23T21:30,86,53.91,53.91,53.91,,1,UP,NO,NO,2026-10-09T00:05:31Z
2021-03-23T20:30:00Z,2021-03-23T21:30,2021-03-23T21:45,87,46.34,46.34,46.34,,1,UP,NO,NO,2026-10-09T00:05:31Z
2021-03-23T20:45:00Z,2021-03-23T21:45,2021-03-23T22:00,88,54.66,54.66,46.34,54.66,-1,DOWN,NO,NO,2026-10-09T00:05:31Z
2021-03-23T21:00:00Z,2021-03-23T22:00,2021-03-23T22:15,89,51.01,51.01,47.21,59.36,2,UP_AND_DOWN,NO,NO,2026-10-09T00:05:31Z
2021-03-23T21:15:00Z,2021-03-23T22:15,2021-03-23T22:30,90,42.62,42.62,42.62,,1,UP,NO,NO,2026-10-09T00:05:31Z
2021-03-23T21:30:00Z,2021-03-23T22:30,2021-03-23T22:45,91,76.86,76.86,76.86,,1,UP,NO,NO,2026-10-09T00:05:31Z
2021-03-23T21:45:00Z,2021-03-23T22:45,2021-03-23T23:00,92,51.32,51.32,51.32,,1,UP,NO,NO,2026-10-09T00:05:31Z
2021-03-23T22:00:00Z,2021-03-23T23:00,2021-03-23T23:15,93,45.23,45.23,,,0,STABLE,NO,NO,2026-10-09T00:05:31Z
2021-03-23T22:15:00Z,2021-03-23T23:15,2021-03-23T23:30,94,36.32,36.32,,36.32,-1,DOWN,NO,NO,2026-10-09T00:05:31Z
2021-03-23T22:30:00Z,2021-03-23T23:30,2021-03-23T23:45,95,45.22,36.32,42.62,36.32,2,UP_AND_DOWN,NO,NO,2026-10-09T00:05:31Z
2021-03-23T22:45:00Z,2021-03-23T23:45,2021-03-24T00:00,96,33.62,33.62,,33.62,-1,DOWN,NO,NO,2026-10-09T00:05:31Z
2021-03-23T23:00:00Z,2021-03-24T00:00,2021-03-24T00:15,1,45.48,33.32,45.48,33.32,2,UP_AND_DOWN,NO,NO,2026-10-09T00:05:31Z
2021-03-23T23:15:00Z,2021-03-24T00:15,2021-03-24T00:30,2,47.81,47.81,47.81,,1,UP,NO,NO,2026-10-09T00:05:31Z
2021-03-23T23:30:00Z,2021-03-24T00:30,2021-03-24T00:45,3,45.02,45.02,,,0,STABLE,NO,NO,2026-10-09T00:05:31Z
2021-03-23T23:45:00Z,2021-03-24T00:45,2021-03-24T01:00,4,37.59,37.59,,37.59,-1,DOWN,NO,NO,2026-10-09T00:05:31Z
2021-03-24T00:00:00Z,2021-03-24T01:00,2021-03-24T01:15,5,36.87,36.87,,36.87,-1,DOWN,NO,NO,2026-10-09T00:05:31Z
2021-03-24T00:15:00Z,2021-03-24T01:15,2021-03-24T01:30,6,42.39,42.39,,42.39,-1,DOWN,NO,NO,2026-10-09T00:05:31Z
2021-03-24T00:30:00Z,2021-03-24T01:30,2021-03-24T01:45,7,42.81,42.81,,42.81,-1,DOWN,NO,NO,2026-10-09T00:05:31Z
2021-03-24T00:45:00Z,2021-03-24T01:45,2021-03-24T02:00,8,33.43,33.43,,33.43,-1,DOWN,NO,NO,2026-10-09T00:05:31Z
2021-03-24T01:00:00Z,2021-03-24T02:00,2021-03-24T02:15,9,40.77,40.77,,40.77,-1,DOWN,NO,NO,2026-10-09T00:05:31Z
2021-03-24T01:15:00Z,2021-03-24T02:15,2021-03-24T02:30,10,41.69,41.69,,41.69,-1,DOWN,NO,NO,2026-10-09T00:05:31Z
2021-03-24T01:30:00Z,2021-03-24T02:30,2021-03-24T02:45,11,45.25,45.25,,45.25,-1,DOWN,NO,NO,2026-10-09T00:05:31Z
2021-03-24T01:45:00Z,2021-03-24T02:45,2021-03-24T03:00,12,39.52,39.52,,39.52,-1,DOWN,NO,NO,2026-10-09T00:05:31Z
2021-03-24T02:00:00Z,2021-03-24T03:00,2021-03-24T03:15,13,39.32,39.32,,39.32,-1,DOWN,NO,NO,2026-10-09T00:05:31Z
2021-03-24T02:15:00Z,2021-03-24T03:15,2021-03-24T03:30,14,44.55,44.55,,44.55,-1,DOWN,NO,NO,2026-10-09T00:05:31Z
2021-03-24T02:30:00Z,2021-03-24T03:30,2021-03-24T03:45,15,45.3,45.3,,45.3,-1,DOWN,NO,NO,2026-10-09T00:05:31Z
2021-03-24T02:45:00Z,2021-03-24T03:45,2021-03-24T04:00,16,44.55,44.55,,44.55,-1,DOWN,NO,NO,2026-10-09T00:05:31Z
2021-03-24T03:00:00Z,2021-03-24T04:00,2021-03-24T04:15,17,44.59,44.59,,44.59,-1,DOWN,NO,NO,2026-10-09T00:05:31Z
2021-03-24T03:15:00Z,2021-03-24T04:15,2021-03-24T04:30,18,48.32,48.32,48.32,,1,UP,NO,NO,2026-10-09T00:05:31Z
2021-03-24T03:30:00Z,2021-03-24T04:30,2021-03-24T04:45,19,51.32,51.32,51.32,,1,UP,NO,NO,2026-10-09T00:05:31Z
2021-03-24T03:45:00Z,2021-03-24T04:45,2021-03-24T05:00,20,44.86,44.86,44.86,,1,UP,NO,NO,2026-10-09T00:05:31Z
2021-03-24T04:00:00Z,2021-03-24T05:00,2021-03-24T05:15,21,52.42,52.42,52.42,,1,UP,NO,NO,2026-10-09T00:05:31Z
2021-03-24T04:15:00Z,2021-03-24T05:15,2021-03-24T05:30,22,55.32,55.32,55.32,,1,UP,NO,NO,2026-10-09T00:05:31Z
2021-03-24T04:30:00Z,2021-03-24T05:30,2021-03-24T05:45,23,58.99,58.99,58.99,,1,UP,NO,NO,2026-10-09T00:05:31Z
2021-03-24T04:45:00Z,2021-03-24T05:45,2021-03-24T06:00,24,77.04,45.16,77.04,45.16,2,UP_AND_DOWN,NO,NO,2026-10-09T00:05:31Z
2021-03-24T05:00:00Z,2021-03-24T06:00,2021-03-24T06:15,25,54.08,43.55,53.17,43.55,2,UP_AND_DOWN,NO,NO,2026-10-09T00:05:31Z
2021-03-24T05:15:00Z,2021-03-24T06:15,2021-03-24T06:30,26,48.89,48.89,48.89,,1,UP,NO,NO,2026-10-09T00:05:31Z
2021-03-24T05:30:00Z,2021-03-24T06:30,2021-03-24T06:45,27,45.69,45.69,45.69,,1,UP,NO,NO,2026-10-09T00:05:31Z
2021-03-24T05:45:00Z,2021-03-24T06:45,2021-03-24T07:00,28,45.74,45.74,45.74,,1,UP,NO,NO,2026-10-09T00:05:31Z
2021-03-24T06:00:00Z,2021-03-24T07:00,2021-03-24T07:15,29,54.12,54.12,,,0,STABLE,NO,NO,2026-10-09T00:05:31Z
2021-03-24T06:15:00Z,2021-03-24T07:15,2021-03-24T07:30,30,46,46,,46,-1,DOWN,NO,NO,2026-10-09T00:05:31Z
2021-03-24T06:30:00Z,2021-03-24T07:30,2021-03-24T07:45,31,43.77,43.77,,43.77,-1,DOWN,NO,NO,2026-10-09T00:05:31Z
2021-03-24T06:45:00Z,2021-03-24T07:45,2021-03-24T08:00,32,36.11,36.11,,36.11,-1,DOWN,NO,NO,2026-10-09T00:05:31Z
2021-03-24T07:00:00Z,2021-03-24T08:00,2021-03-24T08:15,33,39.89,39.89,,39.89,-1,DOWN,NO,NO,2026-10-09T00:05:31Z
2021-03-24T07:15:00Z,2021-03-24T08:15,2021-03-24T08:30,34,36.89,36.89,,36.89,-1,DOWN,NO,NO,2026-10-09T00:05:31Z
2021-03-24T07:30:00Z,2021-03-24T08:30,2021-03-24T08:45,35,19,19,,19,-1,DOWN,NO,NO,2026-10-09T00:05:31Z
2021-03-24T07:45:00Z,2021-03-24T08:45,2021-03-24T09:00,36,2.46,2.46,,2.46,-1,DOWN,NO,NO,2026-10-09T00:05:31Z
2021-03-24T08:00:00Z,2021-03-24T09:00,2021-03-24T09:15,37,128.94,8.66,128.94,8.66,2,UP_AND_DOWN,NO,NO,2026-10-09T00:05:31Z
2021-03-24T08:15:00Z,2021-03-24T09:15,2021-03-24T09:30,38,158.44,-17.04,158.44,-17.04,2,UP_AND_DOWN,NO,NO,2026-10-09T00:05:31Z
2021-03-24T08:30:00Z,2021-03-24T09:30,2021-03-24T09:45,39,235.86,-64.41,235.86,-64.41,2,UP_AND_DOWN,NO,NO,2026-10-09T00:05:31Z
2021-03-24T08:45:00Z,2021-03-24T09:45,2021-03-24T10:00,40,45.63,-56.83,45.63,-56.83,2,UP_AND_DOWN,NO,NO,2026-10-09T00:05:31Z
2021-03-24T09:00:00Z,2021-03-24T10:00,2021-03-24T10:15,41,-160,-160,,-160,-1,DOWN,NO,NO,2026-10-09T00:05:31Z
2021-03-24T09:15:00Z,2021-03-24T10:15,2021-03-24T10:30,42,-25,-25,,-25,-1,DOWN,NO,NO,2026-10-09T00:05:31Z
2021-03-24T09:30:00Z,2021-03-24T10:30,2021-03-24T10:45,43,-160,-160,,-160,-1,DOWN,NO,NO,2026-10-09T00:05:31Z
2021-03-24T09:45:00Z,2021-03-24T10:45,2021-03-24T11:00,44,-47,-47,,-47,-1,DOWN,NO,NO,2026-10-09T00:05:31Z
2021-03-24T10:00:00Z,2021-03-24T11:00,2021-03-24T11:15,45,-159.02,-159.02,,-159.02,-1,DOWN,NO,NO,2026-10-09T00:05:31Z
2021-03-24T10:15:00Z,2021-03-24T11:15,2021-03-24T11:30,46,-159.02,-159.02,,-159.02,-1,DOWN,NO,NO,2026-10-09T00:05:31Z
2021-03-24T10:30:00Z,2021-03-24T11:30,2021-03-24T11:45,47,-159.02,-159.02,,-159.02,-1,DOWN,NO,NO,2026-10-09T00:05:31Z
2021-03-24T10:45:00Z,2021-03-24T11:45,2021-03-24T12:00,48,-159.02,-159.02,,-159.02,-1,DOWN,NO,NO,2026-10-09T00:05:31Z
2021-03-24T11:00:00Z,2021-03-24T12:00,2021-03-24T12:15,49,-159,-159,,-159,-1,DOWN,NO,NO,2026-10-09T00:05:31Z
2021-03-24T11:15:00Z,2021-03-24T12:15,2021-03-24T12:30,50,-123.8,-123.8,,-123.8,-1,DOWN,NO,NO,2026-10-09T00:05:31Z
2021-03-24T11:30:00Z,2021-03-24T12:30,2021-03-24T12:45,51,-69,-69,,-69,-1,DOWN,NO,NO,2026-10-09T00:05:31Z
2021-03-24T11:45:00Z,2021-03-24T12:45,2021-03-24T13:00,52,-53.89,-53.89,,-53.89,-1,DOWN,NO,NO,2026-10-09T00:05:31Z
2021-03-24T12:00:00Z,2021-03-24T13:00,2021-03-24T13:15,53,-.33,-.33,,-.33,-1,DOWN,NO,NO,2026-10-09T00:05:31Z
2021-03-24T12:15:00Z,2021-03-24T13:15,2021-03-24T13:30,54,2.6,2.6,,2.6,-1,DOWN,NO,NO,2026-10-09T00:05:31Z
2021-03-24T12:30:00Z,2021-03-24T13:30,2021-03-24T13:45,55,44.7,44.7,44.7,18.72,1,UP,NO,NO,2026-10-09T00:05:31Z
2021-03-24T12:45:00Z,2021-03-24T13:45,2021-03-24T14:00,56,-11.05,-11.05,44.7,-11.05,-1,DOWN,NO,NO,2026-10-09T00:05:31Z
2021-03-24T13:00:00Z,2021-03-24T14:00,2021-03-24T14:15,57,-150.32,-150.32,,-150.32,-1,DOWN,NO,NO,2026-10-09T00:05:31Z
2021-03-24T13:15:00Z,2021-03-24T14:15,2021-03-24T14:30,58,-7.01,-7.01,,-7.01,-1,DOWN,NO,NO,2026-10-09T00:05:31Z
2021-03-24T13:30:00Z,2021-03-24T14:30,2021-03-24T14:45,59,44.7,44.7,44.7,-7.01,1,UP,NO,NO,2026-10-09T00:05:31Z
2021-03-24T13:45:00Z,2021-03-24T14:45,2021-03-24T15:00,60,39.89,39.89,,39.89,-1,DOWN,NO,NO,2026-10-09T00:05:31Z
2021-03-24T14:00:00Z,2021-03-24T15:00,2021-03-24T15:15,61,-3.9,-3.9,,-3.9,-1,DOWN,NO,NO,2026-10-09T00:05:31Z
2021-03-24T14:15:00Z,2021-03-24T15:15,2021-03-24T15:30,62,38.17,38.17,,38.17,-1,DOWN,NO,NO,2026-10-09T00:05:31Z
2021-03-24T14:30:00Z,2021-03-24T15:30,2021-03-24T15:45,63,28.89,28.89,,28.89,-1,DOWN,NO,NO,2026-10-09T00:05:31Z
2021-03-24T14:45:00Z,2021-03-24T15:45,2021-03-24T16:00,64,39.89,39.89,,39.89,-1,DOWN,NO,NO,2026-10-09T00:05:31Z
2021-03-24T15:00:00Z,2021-03-24T16:00,2021-03-24T16:15,65,28.89,28.89,,28.89,-1,DOWN,NO,NO,2026-10-09T00:05:31Z
2021-03-24T15:15:00Z,2021-03-24T16:15,2021-03-24T16:30,66,7.03,7.03,,7.03,-1,DOWN,NO,NO,2026-10-09T00:05:31Z
2021-03-24T15:30:00Z,2021-03-24T16:30,2021-03-24T16:45,67,50.43,10,50.43,10,2,UP_AND_DOWN,NO,NO,2026-10-09T00:05:31Z
2021-03-24T15:45:00Z,2021-03-24T16:45,2021-03-24T17:00,68,52.2,52.2,52.2,10,1,UP,NO,NO,2026-10-09T00:05:31Z
2021-03-24T16:00:00Z,2021-03-24T17:00,2021-03-24T17:15,69,34.31,34.31,52.2,34.31,-1,DOWN,NO,NO,2026-10-09T00:05:31Z
2021-03-24T16:15:00Z,2021-03-24T17:15,2021-03-24T17:30,70,48.89,48.89,48.89,34.31,1,UP,NO,NO,2026-10-09T00:05:31Z
2021-03-24T16:30:00Z,2021-03-24T17:30,2021-03-24T17:45,71,56.91,56.91,56.91,,1,UP,NO,NO,2026-10-09T00:05:31Z
2021-03-24T16:45:00Z,2021-03-24T17:45,2021-03-24T18:00,72,73.03,73.03,73.03,,1,UP,NO,NO,2026-10-09T00:05:31Z
2021-03-24T17:00:00Z,2021-03-24T18:00,2021-03-24T18:15,73,-81.52,-81.52,48.89,-81.52,-1,DOWN,NO,NO,2026-10-09T00:05:31Z
2021-03-24T17:15:00Z,2021-03-24T18:15,2021-03-24T18:30,74,16.25,16.25,,16.25,-1,DOWN,NO,NO,2026-10-09T00:05:31Z
2021-03-24T17:30:00Z,2021-03-24T18:30,2021-03-24T18:45,75,54.21,54.21,,,0,STABLE,NO,NO,2026-10-09T00:05:31Z
2021-03-24T17:45:00Z,2021-03-24T18:45,2021-03-24T19:00,76,51.66,51.66,,,0,STABLE,NO,NO,2026-10-09T00:05:31Z
2021-03-24T18:00:00Z,2021-03-24T19:00,2021-03-24T19:15,77,54.19,54.19,,,0,STABLE,NO,NO,2026-10-09T00:05:31Z
2021-03-24T18:15:00Z,2021-03-24T19:15,2021-03-24T19:30,78,64,64,64,,1,UP,NO,NO,2026-10-09T00:05:31Z
2021-03-24T18:30:00Z,2021-03-24T19:30,2021-03-24T19:45,79,53.32,53.32,53.32,,1,UP,NO,NO,2026-10-09T00:05:31Z
2021-03-24T18:45:00Z,2021-03-24T19:45,2021-03-24T20:00,80,53.36,53.36,53.36,,1,UP,NO,NO,2026-10-09T00:05:31Z
2021-03-24T19:00:00Z,2021-03-24T20:00,2021-03-24T20:15,81,423.58,423.58,423.58,,1,UP,NO,NO,2026-10-09T00:05:31Z
2021-03-24T19:15:00Z,2021-03-24T20:15,2021-03-24T20:30,82,423.58,423.58,423.58,,1,UP,NO,NO,2026-10-09T00:05:31Z
2021-03-24T19:30:00Z,2021-03-24T20:30,2021-03-24T20:45,83,373.58,51.63,373.58,54.87,2,UP_AND_DOWN,NO,NO,2026-10-09T00:05:31Z
2021-03-24T19:45:00Z,2021-03-24T20:45,2021-03-24T21:00,84,36.89,36.89,373.58,36.89,-1,DOWN,NO,NO,2026-10-09T00:05:31Z
2021-03-24T20:00:00Z,2021-03-24T21:00,2021-03-24T21:15,85,46.49,46.49,46.49,36.89,1,UP,NO,NO,2026-10-09T00:05:31Z
2021-03-24T20:15:00Z,2021-03-24T21:15,2021-03-24T21:30,86,48.89,48.89,48.89,,1,UP,NO,NO,2026-10-09T00:05:31Z
2021-03-24T20:30:00Z,2021-03-24T21:30,2021-03-24T21:45,87,54.16,42.52,47.6,42.52,2,UP_AND_DOWN,NO,NO,2026-10-09T00:05:31Z
2021-03-24T20:45:00Z,2021-03-24T21:45,2021-03-24T22:00,88,39.89,39.89,,39.89,-1,DOWN,NO,NO,2026-10-09T00:05:31Z
2021-03-24T21:00:00Z,2021-03-24T22:00,2021-03-24T22:15,89,36.89,36.89,,36.89,-1,DOWN,NO,NO,2026-10-09T00:05:31Z
2021-03-24T21:15:00Z,2021-03-24T22:15,2021-03-24T22:30,90,53.97,53.97,,,0,STABLE,NO,NO,2026-10-09T00:05:31Z
2021-03-24T21:30:00Z,2021-03-24T22:30,2021-03-24T22:45,91,44.46,44.46,,44.46,-1,DOWN,NO,NO,2026-10-09T00:05:31Z
2021-03-24T21:45:00Z,2021-03-24T22:45,2021-03-24T23:00,92,33.89,33.89,,33.89,-1,DOWN,NO,NO,2026-10-09T00:05:31Z
2021-03-24T22:00:00Z,2021-03-24T23:00,2021-03-24T23:15,93,54.19,36.89,54.19,36.89,2,UP_AND_DOWN,NO,NO,2026-10-09T00:05:31Z
2021-03-24T22:15:00Z,2021-03-24T23:15,2021-03-24T23:30,94,48.89,48.89,48.89,,1,UP,NO,NO,2026-10-09T00:05:31Z
2021-03-24T22:30:00Z,2021-03-24T23:30,2021-03-24T23:45,95,41.9,41.9,,41.9,-1,DOWN,NO,NO,2026-10-09T00:05:31Z
2021-03-24T22:45:00Z,2021-03-24T23:45,2021-03-25T00:00,96,33,33,,33,-1,DOWN,NO,NO,2026-10-09T00:05:31Z
2021-03-24T23:00:00Z,2021-03-25T00:00,2021-03-25T00:15,1,44.93,44.93,44.93,39.1,1,UP,NO,NO,2026-10-09T00:05:31Z
2021-03-24T23:15:00Z,2021-03-25T00:15,2021-03-25T00:30,2,46.68,46.68,46.68,,1,UP,NO,NO,2026-10-09T00:05:31Z
2021-03-24T23:30:00Z,2021-03-25T00:30,2021-03-25T00:45,3,44.94,44.94,44.94,,1,UP,NO,NO,2026-10-09T00:05:31Z
2021-03-24T23:45:00Z,2021-03-25T00:45,2021-03-25T01:00,4,42.72,42.72,,42.72,-1,DOWN,NO,NO,2026-10-09T00:05:31Z
2021-03-25T00:00:00Z,2021-03-25T01:00,2021-03-25T01:15,5,45.98,45.57,45.98,45.57,2,UP_AND_DOWN,NO,NO,2026-10-09T00:05:31Z
2021-03-25T00:15:00Z,2021-03-25T01:15,2021-03-25T01:30,6,46.58,46.58,46.58,,1,UP,NO,NO,2026-10-09T00:05:31Z
2021-03-25T00:30:00Z,2021-03-25T01:30,2021-03-25T01:45,7,44.98,44.98,44.98,,1,UP,NO,NO,2026-10-09T00:05:31Z
2021-03-25T00:45:00Z,2021-03-25T01:45,2021-03-25T02:00,8,42.74,42.74,,42.74,-1,DOWN,NO,NO,2026-10-09T00:05:31Z
2021-03-25T01:00:00Z,2021-03-25T02:00,2021-03-25T02:15,9,48.1,40.47,48.1,40.47,2,UP_AND_DOWN,NO,NO,2026-10-09T00:05:31Z
2021-03-25T01:15:00Z,2021-03-25T02:15,2021-03-25T02:30,10,44.9,44.9,44.9,,1,UP,NO,NO,2026-10-09T00:05:31Z
2021-03-25T01:30:00Z,2021-03-25T02:30,2021-03-25T02:45,11,48.1,48.1,48.1,,1,UP,NO,NO,2026-10-09T00:05:31Z
2021-03-25T01:45:00Z,2021-03-25T02:45,2021-03-25T03:00,12,45.83,45.83,,,0,STABLE,NO,NO,2026-10-09T00:05:31Z
2021-03-25T02:00:00Z,2021-03-25T03:00,2021-03-25T03:15,13,51.27,51.27,51.27,,1,UP,NO,NO,2026-10-09T00:05:31Z
2021-03-25T02:15:00Z,2021-03-25T03:15,2021-03-25T03:30,14,44.9,44.9,44.9,,1,UP,NO,NO,2026-10-09T00:05:31Z
2021-03-25T02:30:00Z,2021-03-25T03:30,2021-03-25T03:45,15,45.83,45.83,,,0,STABLE,NO,NO,2026-10-09T00:05:31Z
2021-03-25T02:45:00Z,2021-03-25T03:45,2021-03-25T04:00,16,45.82,45.82,,,0,STABLE,NO,NO,2026-10-09T00:05:31Z
2021-03-25T03:00:00Z,2021-03-25T04:00,2021-03-25T04:15,17,44.91,44.91,44.91,,1,UP,NO,NO,2026-10-09T00:05:31Z
2021-03-25T03:15:00Z,2021-03-25T04:15,2021-03-25T04:30,18,49.51,49.51,49.51,,1,UP,NO,NO,2026-10-09T00:05:31Z
2021-03-25T03:30:00Z,2021-03-25T04:30,2021-03-25T04:45,19,45.82,45.82,,,0,STABLE,NO,NO,2026-10-09T00:05:31Z
2021-03-25T03:45:00Z,2021-03-25T04:45,2021-03-25T05:00,20,45.81,45.81,,,0,STABLE,NO,NO,2026-10-09T00:05:31Z
2021-03-25T04:00:00Z,2021-03-25T05:00,2021-03-25T05:15,21,45.47,45.47,,45.47,-1,DOWN,NO,NO,2026-10-09T00:05:31Z
2021-03-25T04:15:00Z,2021-03-25T05:15,2021-03-25T05:30,22,62.43,62.43,,62.43,-1,DOWN,NO,NO,2026-10-09T00:05:31Z
2021-03-25T04:30:00Z,2021-03-25T05:30,2021-03-25T05:45,23,48.1,48.1,48.1,62.51,1,UP,NO,NO,2026-10-09T00:05:31Z
2021-03-25T04:45:00Z,2021-03-25T05:45,2021-03-25T06:00,24,53.75,53.75,46.75,62.39,2,UP_AND_DOWN,NO,NO,2026-10-09T00:05:31Z
2021-03-25T05:00:00Z,2021-03-25T06:00,2021-03-25T06:15,25,39.06,39.06,46.75,39.06,-1,DOWN,NO,NO,2026-10-09T00:05:31Z
2021-03-25T05:15:00Z,2021-03-25T06:15,2021-03-25T06:30,26,38.57,38.57,,38.57,-1,DOWN,NO,NO,2026-10-09T00:05:31Z
2021-03-25T05:30:00Z,2021-03-25T06:30,2021-03-25T06:45,27,46.74,46.74,,46.74,-1,DOWN,NO,NO,2026-10-09T00:05:31Z
2021-03-25T05:45:00Z,2021-03-25T06:45,2021-03-25T07:00,28,61.4,61.4,,61.4,-1,DOWN,NO,NO,2026-10-09T00:05:31Z
2021-03-25T06:00:00Z,2021-03-25T07:00,2021-03-25T07:15,29,36.44,36.44,,36.44,-1,DOWN,NO,NO,2026-10-09T00:05:31Z
2021-03-25T06:15:00Z,2021-03-25T07:15,2021-03-25T07:30,30,39.48,39.48,,39.48,-1,DOWN,NO,NO,2026-10-09T00:05:31Z
2021-03-25T06:30:00Z,2021-03-25T07:30,2021-03-25T07:45,31,61.44,61.44,,61.44,-1,DOWN,NO,NO,2026-10-09T00:05:31Z
2021-03-25T06:45:00Z,2021-03-25T07:45,2021-03-25T08:00,32,36.44,36.44,,36.44,-1,DOWN,NO,NO,2026-10-09T00:05:31Z
2021-03-25T07:00:00Z,2021-03-25T08:00,2021-03-25T08:15,33,38.74,38.74,,38.74,-1,DOWN,NO,NO,2026-10-09T00:05:31Z
2021-03-25T07:15:00Z,2021-03-25T08:15,2021-03-25T08:30,34,36.44,36.44,,36.44,-1,DOWN,NO,NO,2026-10-09T00:05:31Z
2021-03-25T07:30:00Z,2021-03-25T08:30,2021-03-25T08:45,35,40.51,40.51,,40.51,-1,DOWN,NO,NO,2026-10-09T00:05:31Z
2021-03-25T07:45:00Z,2021-03-25T08:45,2021-03-25T09:00,36,36.44,36.44,,36.44,-1,DOWN,NO,NO,2026-10-09T00:05:31Z
2021-03-25T08:00:00Z,2021-03-25T09:00,2021-03-25T09:15,37,63.4,63.4,,63.4,-1,DOWN,NO,NO,2026-10-09T00:05:31Z
2021-03-25T08:15:00Z,2021-03-25T09:15,2021-03-25T09:30,38,54.31,54.31,,,0,STABLE,NO,NO,2026-10-09T00:05:31Z
2021-03-25T08:30:00Z,2021-03-25T09:30,2021-03-25T09:45,39,61.15,61.15,61.15,,1,UP,NO,NO,2026-10-09T00:05:31Z
2021-03-25T08:45:00Z,2021-03-25T09:45,2021-03-25T10:00,40,39.44,39.44,,39.44,-1,DOWN,NO,NO,2026-10-09T00:05:31Z
2021-03-25T09:00:00Z,2021-03-25T10:00,2021-03-25T10:15,41,87.73,87.73,87.73,39.44,1,UP,NO,NO,2026-10-09T00:05:31Z
2021-03-25T09:15:00Z,2021-03-25T10:15,2021-03-25T10:30,42,54.3,54.3,54.3,,1,UP,NO,NO,2026-10-09T00:05:31Z
2021-03-25T09:30:00Z,2021-03-25T10:30,2021-03-25T10:45,43,53.92,53.92,53.92,,1,UP,NO,NO,2026-10-09T00:05:31Z
2021-03-25T09:45:00Z,2021-03-25T10:45,2021-03-25T11:00,44,44.46,44.46,,,0,STABLE,NO,NO,2026-10-09T00:05:31Z
2021-03-25T10:00:00Z,2021-03-25T11:00,2021-03-25T11:15,45,45.02,45.02,45.02,,1,UP,NO,NO,2026-10-09T00:05:31Z
2021-03-25T10:15:00Z,2021-03-25T11:15,2021-03-25T11:30,46,44.29,44.29,44.29,,1,UP,NO,NO,2026-10-09T00:05:31Z
2021-03-25T10:30:00Z,2021-03-25T11:30,2021-03-25T11:45,47,49.89,49.89,49.89,,1,UP,NO,NO,2026-10-09T00:05:31Z
2021-03-25T10:45:00Z,2021-03-25T11:45,2021-03-25T12:00,48,42.8,42.8,,,0,STABLE,NO,NO,2026-10-09T00:05:31Z
2021-03-25T11:00:00Z,2021-03-25T12:00,2021-03-25T12:15,49,186.58,186.58,186.58,,1,UP,NO,NO,2026-10-09T00:05:31Z
2021-03-25T11:15:00Z,2021-03-25T12:15,2021-03-25T12:30,50,186.58,32.83,186.58,32.83,2,UP_AND_DOWN,NO,NO,2026-10-09T00:05:31Z
2021-03-25T11:30:00Z,2021-03-25T12:30,2021-03-25T12:45,51,30.43,30.43,,30.43,-1,DOWN,NO,NO,2026-10-09T00:05:31Z
2021-03-25T11:45:00Z,2021-03-25T12:45,2021-03-25T13:00,52,44.9,44.9,44.9,,1,UP,NO,NO,2026-10-09T00:05:31Z
2021-03-25T12:00:00Z,2021-03-25T13:00,2021-03-25T13:15,53,206.19,206.19,206.19,,1,UP,NO,NO,2026-10-09T00:05:31Z
2021-03-25T12:15:00Z,2021-03-25T13:15,2021-03-25T13:30,54,57.53,57.53,57.53,,1,UP,NO,NO,2026-10-09T00:05:31Z
2021-03-25T12:30:00Z,2021-03-25T13:30,2021-03-25T13:45,55,78.64,78.64,78.64,,1,UP,NO,NO,2026-10-09T00:05:31Z
2021-03-25T12:45:00Z,2021-03-25T13:45,2021-03-25T14:00,56,45.02,45.02,45.02,,1,UP,NO,NO,2026-10-09T00:05:31Z
2021-03-25T13:00:00Z,2021-03-25T14:00,2021-03-25T14:15,57,44.81,44.81,44.81,,1,UP,NO,NO,2026-10-09T00:05:31Z
2021-03-25T13:15:00Z,2021-03-25T14:15,2021-03-25T14:30,58,43.13,43.13,,,0,STABLE,NO,NO,2026-10-09T00:05:31Z
2021-03-25T13:30:00Z,2021-03-25T14:30,2021-03-25T14:45,59,39.44,39.44,,39.44,-1,DOWN,NO,NO,2026-10-09T00:05:31Z
2021-03-25T13:45:00Z,2021-03-25T14:45,2021-03-25T15:00,60,36.69,36.69,,36.69,-1,DOWN,NO,NO,2026-10-09T00:05:31Z
2021-03-25T14:00:00Z,2021-03-25T15:00,2021-03-25T15:15,61,28,28,,28,-1,DOWN,NO,NO,2026-10-09T00:05:31Z
2021-03-25T14:15:00Z,2021-03-25T15:15,2021-03-25T15:30,62,5,5,,5,-1,DOWN,NO,NO,2026-10-09T00:05:31Z
2021-03-25T14:30:00Z,2021-03-25T15:30,2021-03-25T15:45,63,16.68,16.68,,16.68,-1,DOWN,NO,NO,2026-10-09T00:05:31Z
2021-03-25T14:45:00Z,2021-03-25T15:45,2021-03-25T16:00,64,25.57,25.57,,25.57,-1,DOWN,NO,NO,2026-10-09T00:05:31Z
2021-03-25T15:00:00Z,2021-03-25T16:00,2021-03-25T16:15,65,-19.5,-19.5,,-19.5,-1,DOWN,NO,NO,2026-10-09T00:05:31Z
2021-03-25T15:15:00Z,2021-03-25T16:15,2021-03-25T16:30,66,-10.11,-10.11,,-10.11,-1,DOWN,NO,NO,2026-10-09T00:05:31Z
2021-03-25T15:30:00Z,2021-03-25T16:30,2021-03-25T16:45,67,22.67,22.67,,22.67,-1,DOWN,NO,NO,2026-10-09T00:05:31Z
2021-03-25T15:45:00Z,2021-03-25T16:45,2021-03-25T17:00,68,33.48,33.48,,33.48,-1,DOWN,NO,NO,2026-10-09T00:05:31Z
2021-03-25T16:00:00Z,2021-03-25T17:00,2021-03-25T17:15,69,-21.52,-21.52,,-21.52,-1,DOWN,NO,NO,2026-10-09T00:05:31Z
2021-03-25T16:15:00Z,2021-03-25T17:15,2021-03-25T17:30,70,30.35,30.35,,30.35,-1,DOWN,NO,NO,2026-10-09T00:05:31Z
2021-03-25T16:30:00Z,2021-03-25T17:30,2021-03-25T17:45,71,21,21,,21,-1,DOWN,NO,NO,2026-10-09T00:05:31Z
2021-03-25T16:45:00Z,2021-03-25T17:45,2021-03-25T18:00,72,34.52,34.52,,34.52,-1,DOWN,NO,NO,2026-10-09T00:05:31Z
2021-03-25T17:00:00Z,2021-03-25T18:00,2021-03-25T18:15,73,5.86,5.86,,5.86,-1,DOWN,NO,NO,2026-10-09T00:05:31Z
2021-03-25T17:15:00Z,2021-03-25T18:15,2021-03-25T18:30,74,31.63,31.63,,31.63,-1,DOWN,NO,NO,2026-10-09T00:05:31Z
2021-03-25T17:30:00Z,2021-03-25T18:30,2021-03-25T18:45,75,41.44,41.44,,41.44,-1,DOWN,NO,NO,2026-10-09T00:05:31Z
2021-03-25T17:45:00Z,2021-03-25T18:45,2021-03-25T19:00,76,63.66,63.66,,63.66,-1,DOWN,NO,NO,2026-10-09T00:05:31Z
2021-03-25T18:00:00Z,2021-03-25T19:00,2021-03-25T19:15,77,62.36,62.36,,62.36,-1,DOWN,NO,NO,2026-10-09T00:05:31Z
2021-03-25T18:15:00Z,2021-03-25T19:15,2021-03-25T19:30,78,63.55,63.55,,63.55,-1,DOWN,NO,NO,2026-10-09T00:05:31Z
2021-03-25T18:30:00Z,2021-03-25T19:30,2021-03-25T19:45,79,52.37,52.37,52.37,,1,UP,NO,NO,2026-10-09T00:05:31Z
2021-03-25T18:45:00Z,2021-03-25T19:45,2021-03-25T20:00,80,52.37,52.37,52.37,,1,UP,NO,NO,2026-10-09T00:05:31Z
2021-03-25T19:00:00Z,2021-03-25T20:00,2021-03-25T20:15,81,54.48,43.57,47.86,43.57,2,UP_AND_DOWN,NO,NO,2026-10-09T00:05:31Z
2021-03-25T19:15:00Z,2021-03-25T20:15,2021-03-25T20:30,82,42.91,42.91,,42.91,-1,DOWN,NO,NO,2026-10-09T00:05:31Z
2021-03-25T19:30:00Z,2021-03-25T20:30,2021-03-25T20:45,83,27.79,27.79,,27.79,-1,DOWN,NO,NO,2026-10-09T00:05:31Z
2021-03-25T19:45:00Z,2021-03-25T20:45,2021-03-25T21:00,84,21.82,21.82,,21.82,-1,DOWN,NO,NO,2026-10-09T00:05:31Z
2021-03-25T20:00:00Z,2021-03-25T21:00,2021-03-25T21:15,85,76.62,31.72,76.62,31.72,2,UP_AND_DOWN,NO,NO,2026-10-09T00:05:31Z
2021-03-25T20:15:00Z,2021-03-25T21:15,2021-03-25T21:30,86,51.44,51.44,51.44,31.72,1,UP,NO,NO,2026-10-09T00:05:31Z
2021-03-25T20:30:00Z,2021-03-25T21:30,2021-03-25T21:45,87,46.09,46.09,,,0,STABLE,NO,NO,2026-10-09T00:05:31Z
2021-03-25T20:45:00Z,2021-03-25T21:45,2021-03-25T22:00,88,43.04,43.04,,43.04,-1,DOWN,NO,NO,2026-10-09T00:05:31Z
2021-03-25T21:00:00Z,2021-03-25T22:00,2021-03-25T22:15,89,407.4,407.4,407.4,,1,UP,NO,NO,2026-10-09T00:05:31Z
2021-03-25T21:15:00Z,2021-03-25T22:15,2021-03-25T22:30,90,34,34,264.16,34,-1,DOWN,NO,NO,2026-10-09T00:05:31Z
2021-03-25T21:30:00Z,2021-03-25T22:30,2021-03-25T22:45,91,-3.01,-3.01,264.16,-3.01,-1,DOWN,NO,NO,2026-10-09T00:05:31Z
2021-03-25T21:45:00Z,2021-03-25T22:45,2021-03-25T23:00,92,-6.61,-6.61,,-6.61,-1,DOWN,NO,NO,2026-10-09T00:05:31Z
2021-03-25T22:00:00Z,2021-03-25T23:00,2021-03-25T23:15,93,-51.04,-51.04,,-51.04,-1,DOWN,NO,NO,2026-10-09T00:05:31Z
2021-03-25T22:15:00Z,2021-03-25T23:15,2021-03-25T23:30,94,-20.56,-20.56,,-20.56,-1,DOWN,NO,NO,2026-10-09T00:05:31Z
2021-03-25T22:30:00Z,2021-03-25T23:30,2021-03-25T23:45,95,-24.55,-24.55,,-24.55,-1,DOWN,NO,NO,2026-10-09T00:05:31Z
2021-03-25T22:45:00Z,2021-03-25T23:45,2021-03-26T00:00,96,8.07,8.07,,8.07,-1,DOWN,NO,NO,2026-10-09T00:05:31Z
2021-03-25T23:00:00Z,2021-03-26T00:00,2021-03-26T00:15,1,14.59,14.59,,14.59,-1,DOWN,NO,NO,2026-10-09T00:05:31Z
2021-03-25T23:15:00Z,2021-03-26T00:15,2021-03-26T00:30,2,188.38,188.38,188.38,14.59,1,UP,NO,NO,2026-10-09T00:05:31Z
2021-03-25T23:30:00Z,2021-03-26T00:30,2021-03-26T00:45,3,65.02,44.06,65.02,44.06,2,UP_AND_DOWN,NO,NO,2026-10-09T00:05:31Z
2021-03-25T23:45:00Z,2021-03-26T00:45,2021-03-26T01:00,4,79.24,44.81,79.24,44.81,2,UP_AND_DOWN,NO,NO,2026-10-09T00:05:31Z
2021-03-26T00:00:00Z,2021-03-26T01:00,2021-03-26T01:15,5,46.43,-43.58,44.94,-43.58,2,UP_AND_DOWN,NO,NO,2026-10-09T00:05:31Z
2021-03-26T00:15:00Z,2021-03-26T01:15,2021-03-26T01:30,6,46.48,39.8,45.03,39.8,2,UP_AND_DOWN,NO,NO,2026-10-09T00:05:31Z
2021-03-26T00:30:00Z,2021-03-26T01:30,2021-03-26T01:45,7,49.24,46.2,49.24,46.2,2,UP_AND_DOWN,NO,NO,2026-10-09T00:05:31Z
2021-03-26T00:45:00Z,2021-03-26T01:45,2021-03-26T02:00,8,47.07,47.07,,,0,STABLE,NO,NO,2026-10-09T00:05:31Z
2021-03-26T01:00:00Z,2021-03-26T02:00,2021-03-26T02:15,9,46.67,46.67,46.67,,1,UP,NO,NO,2026-10-09T00:05:31Z
2021-03-26T01:15:00Z,2021-03-26T02:15,2021-03-26T02:30,10,46.05,46.05,44.95,46.05,-1,DOWN,NO,NO,2026-10-09T00:05:31Z
2021-03-26T01:30:00Z,2021-03-26T02:30,2021-03-26T02:45,11,30.15,30.15,,30.15,-1,DOWN,NO,NO,2026-10-09T00:05:31Z
2021-03-26T01:45:00Z,2021-03-26T02:45,2021-03-26T03:00,12,23.54,23.54,,23.54,-1,DOWN,NO,NO,2026-10-09T00:05:31Z
2021-03-26T02:00:00Z,2021-03-26T03:00,2021-03-26T03:15,13,13.22,13.22,,13.22,-1,DOWN,NO,NO,2026-10-09T00:05:31Z
2021-03-26T02:15:00Z,2021-03-26T03:15,2021-03-26T03:30,14,37.3,37.3,,37.3,-1,DOWN,NO,NO,2026-10-09T00:05:31Z
2021-03-26T02:30:00Z,2021-03-26T03:30,2021-03-26T03:45,15,37.11,37.11,,37.11,-1,DOWN,NO,NO,2026-10-09T00:05:31Z
2021-03-26T02:45:00Z,2021-03-26T03:45,2021-03-26T04:00,16,40.64,40.64,,40.64,-1,DOWN,NO,NO,2026-10-09T00:05:31Z
2021-03-26T03:00:00Z,2021-03-26T04:00,2021-03-26T04:15,17,56.56,46.18,56.56,47.4,2,UP_AND_DOWN,NO,NO,2026-10-09T00:05:31Z
2021-03-26T03:15:00Z,2021-03-26T04:15,2021-03-26T04:30,18,52.24,52.24,52.24,,1,UP,NO,NO,2026-10-09T00:05:31Z
2021-03-26T03:30:00Z,2021-03-26T04:30,2021-03-26T04:45,19,54.66,54.66,54.66,,1,UP,NO,NO,2026-10-09T00:05:31Z
2021-03-26T03:45:00Z,2021-03-26T04:45,2021-03-26T05:00,20,51.42,51.42,51.42,,1,UP,NO,NO,2026-10-09T00:05:31Z
2021-03-26T04:00:00Z,2021-03-26T05:00,2021-03-26T05:15,21,46.61,46.61,,,0,STABLE,NO,NO,2026-10-09T00:05:31Z
2021-03-26T04:15:00Z,2021-03-26T05:15,2021-03-26T05:30,22,34.24,34.24,,34.24,-1,DOWN,NO,NO,2026-10-09T00:05:31Z
2021-03-26T04:30:00Z,2021-03-26T05:30,2021-03-26T05:45,23,29.24,29.24,,29.24,-1,DOWN,NO,NO,2026-10-09T00:05:31Z
2021-03-26T04:45:00Z,2021-03-26T05:45,2021-03-26T06:00,24,44.91,44.91,44.91,46.29,1,UP,NO,NO,2026-10-09T00:05:31Z
2021-03-26T05:00:00Z,2021-03-26T06:00,2021-03-26T06:15,25,45.84,45.84,45.84,46.29,1,UP,NO,NO,2026-10-09T00:05:31Z
2021-03-26T05:15:00Z,2021-03-26T06:15,2021-03-26T06:30,26,45.79,45.79,45.79,,1,UP,NO,NO,2026-10-09T00:05:31Z
2021-03-26T05:30:00Z,2021-03-26T06:30,2021-03-26T06:45,27,47.49,47.49,,,0,STABLE,NO,NO,2026-10-09T00:05:31Z
2021-03-26T05:45:00Z,2021-03-26T06:45,2021-03-26T07:00,28,52.2,52.2,52.2,,1,UP,NO,NO,2026-10-09T00:05:31Z
2021-03-26T06:00:00Z,2021-03-26T07:00,2021-03-26T07:15,29,47.87,47.87,,,0,STABLE,NO,NO,2026-10-09T00:05:31Z
2021-03-26T06:15:00Z,2021-03-26T07:15,2021-03-26T07:30,30,47.87,47.87,,,0,STABLE,NO,NO,2026-10-09T00:05:31Z
2021-03-26T06:30:00Z,2021-03-26T07:30,2021-03-26T07:45,31,47.87,47.87,,,0,STABLE,NO,NO,2026-10-09T00:05:31Z
2021-03-26T06:45:00Z,2021-03-26T07:45,2021-03-26T08:00,32,47.88,47.88,,,0,STABLE,NO,NO,2026-10-09T00:05:31Z
2021-03-26T07:00:00Z,2021-03-26T08:00,2021-03-26T08:15,33,48.37,48.37,48.37,,1,UP,NO,NO,2026-10-09T00:05:31Z
2021-03-26T07:15:00Z,2021-03-26T08:15,2021-03-26T08:30,34,47.75,47.75,,,0,STABLE,NO,NO,2026-10-09T00:05:31Z
2021-03-26T07:30:00Z,2021-03-26T08:30,2021-03-26T08:45,35,37,37,,37,-1,DOWN,NO,NO,2026-10-09T00:05:31Z
2021-03-26T07:45:00Z,2021-03-26T08:45,2021-03-26T09:00,36,-30.6,-30.6,,-30.6,-1,DOWN,NO,NO,2026-10-09T00:05:31Z
2021-03-26T08:00:00Z,2021-03-26T09:00,2021-03-26T09:15,37,45.63,45.63,45.63,-30.6,1,UP,NO,NO,2026-10-09T00:05:31Z
2021-03-26T08:15:00Z,2021-03-26T09:15,2021-03-26T09:30,38,1.57,1.57,,1.57,-1,DOWN,NO,NO,2026-10-09T00:05:31Z
2021-03-26T08:30:00Z,2021-03-26T09:30,2021-03-26T09:45,39,3.34,3.34,,3.34,-1,DOWN,NO,NO,2026-10-09T00:05:31Z
2021-03-26T08:45:00Z,2021-03-26T09:45,2021-03-26T10:00,40,-5.18,-5.18,,-5.18,-1,DOWN,NO,NO,2026-10-09T00:05:31Z
2021-03-26T09:00:00Z,2021-03-26T10:00,2021-03-26T10:15,41,48.4,-21.09,48.4,-21.09,2,UP_AND_DOWN,NO,NO,2026-10-09T00:05:31Z
2021-03-26T09:15:00Z,2021-03-26T10:15,2021-03-26T10:30,42,-40.21,-40.21,,-40.21,-1,DOWN,NO,NO,2026-10-09T00:05:31Z
2021-03-26T09:30:00Z,2021-03-26T10:30,2021-03-26T10:45,43,-57.81,-57.81,,-57.81,-1,DOWN,NO,NO,2026-10-09T00:05:31Z
2021-03-26T09:45:00Z,2021-03-26T10:45,2021-03-26T11:00,44,-129.24,-129.24,,-129.24,-1,DOWN,NO,NO,2026-10-09T00:05:31Z
2021-03-26T10:00:00Z,2021-03-26T11:00,2021-03-26T11:15,45,-77.25,-77.25,,-77.25,-1,DOWN,NO,NO,2026-10-09T00:05:31Z
2021-03-26T10:15:00Z,2021-03-26T11:15,2021-03-26T11:30,46,-77.25,-77.25,,-77.25,-1,DOWN,NO,NO,2026-10-09T00:05:31Z
2021-03-26T10:30:00Z,2021-03-26T11:30,2021-03-26T11:45,47,-12.81,-12.81,,-12.81,-1,DOWN,NO,NO,2026-10-09T00:05:31Z
2021-03-26T10:45:00Z,2021-03-26T11:45,2021-03-26T12:00,48,-49.58,-49.58,,-49.58,-1,DOWN,NO,NO,2026-10-09T00:05:31Z
2021-03-26T11:00:00Z,2021-03-26T12:00,2021-03-26T12:15,49,49.2,49.2,49.2,-49.58,1,UP,NO,NO,2026-10-09T00:05:31Z
2021-03-26T11:15:00Z,2021-03-26T12:15,2021-03-26T12:30,50,47.05,47.05,47.05,,1,UP,NO,NO,2026-10-09T00:05:31Z
2021-03-26T11:30:00Z,2021-03-26T12:30,2021-03-26T12:45,51,49.2,49.2,49.2,,1,UP,NO,NO,2026-10-09T00:05:31Z
2021-03-26T11:45:00Z,2021-03-26T12:45,2021-03-26T13:00,52,-12.81,-12.81,49.2,-12.81,-1,DOWN,NO,NO,2026-10-09T00:05:31Z
2021-03-26T12:00:00Z,2021-03-26T13:00,2021-03-26T13:15,53,-86.86,-86.86,,-86.86,-1,DOWN,NO,NO,2026-10-09T00:05:31Z
2021-03-26T12:15:00Z,2021-03-26T13:15,2021-03-26T13:30,54,-7.81,-7.81,,-7.81,-1,DOWN,NO,NO,2026-10-09T00:05:31Z
2021-03-26T12:30:00Z,2021-03-26T13:30,2021-03-26T13:45,55,41.68,41.68,41.68,,1,UP,NO,NO,2026-10-09T00:05:31Z
2021-03-26T12:45:00Z,2021-03-26T13:45,2021-03-26T14:00,56,41.68,41.68,41.68,,1,UP,NO,NO,2026-10-09T00:05:31Z
2021-03-26T13:00:00Z,2021-03-26T14:00,2021-03-26T14:15,57,26.27,26.27,,,0,STABLE,NO,NO,2026-10-09T00:05:31Z
2021-03-26T13:15:00Z,2021-03-26T14:15,2021-03-26T14:30,58,128.73,128.73,128.73,,1,UP,NO,NO,2026-10-09T00:05:31Z
2021-03-26T13:30:00Z,2021-03-26T14:30,2021-03-26T14:45,59,117.28,117.28,117.28,,1,UP,NO,NO,2026-10-09T00:05:31Z
2021-03-26T13:45:00Z,2021-03-26T14:45,2021-03-26T15:00,60,205.57,205.57,205.57,,1,UP,NO,NO,2026-10-09T00:05:31Z
2021-03-26T14:00:00Z,2021-03-26T15:00,2021-03-26T15:15,61,49.3,49.3,49.3,,1,UP,NO,NO,2026-10-09T00:05:31Z
2021-03-26T14:15:00Z,2021-03-26T15:15,2021-03-26T15:30,62,60.55,60.55,60.55,,1,UP,NO,NO,2026-10-09T00:05:31Z
2021-03-26T14:30:00Z,2021-03-26T15:30,2021-03-26T15:45,63,209.41,209.41,209.41,,1,UP,NO,NO,2026-10-09T00:05:31Z
2021-03-26T14:45:00Z,2021-03-26T15:45,2021-03-26T16:00,64,209.41,209.41,209.41,,1,UP,NO,NO,2026-10-09T00:05:31Z
2021-03-26T15:00:00Z,2021-03-26T16:00,2021-03-26T16:15,65,-119.71,-119.71,209.41,-119.71,-1,DOWN,NO,NO,2026-10-09T00:05:31Z
2021-03-26T15:15:00Z,2021-03-26T16:15,2021-03-26T16:30,66,-59.81,-59.81,,-59.81,-1,DOWN,NO,NO,2026-10-09T00:05:31Z
2021-03-26T15:30:00Z,2021-03-26T16:30,2021-03-26T16:45,67,34.2,34.2,,34.2,-1,DOWN,NO,NO,2026-10-09T00:05:31Z
2021-03-26T15:45:00Z,2021-03-26T16:45,2021-03-26T17:00,68,46.26,46.26,,,0,STABLE,NO,NO,2026-10-09T00:05:31Z
2021-03-26T16:00:00Z,2021-03-26T17:00,2021-03-26T17:15,69,-62.1,-62.1,,-62.1,-1,DOWN,NO,NO,2026-10-09T00:05:31Z
2021-03-26T16:15:00Z,2021-03-26T17:15,2021-03-26T17:30,70,0,0,,0,-1,DOWN,NO,NO,2026-10-09T00:05:31Z
2021-03-26T16:30:00Z,2021-03-26T17:30,2021-03-26T17:45,71,47.17,47.17,,,0,STABLE,NO,NO,2026-10-09T00:05:31Z
2021-03-26T16:45:00Z,2021-03-26T17:45,2021-03-26T18:00,72,47.32,47.32,,,0,STABLE,NO,NO,2026-10-09T00:05:31Z
2021-03-26T17:00:00Z,2021-03-26T18:00,2021-03-26T18:15,73,-94.42,-94.42,,-94.42,-1,DOWN,NO,NO,2026-10-09T00:05:31Z
2021-03-26T17:15:00Z,2021-03-26T18:15,2021-03-26T18:30,74,37.99,37.99,,37.99,-1,DOWN,NO,NO,2026-10-09T00:05:31Z
2021-03-26T17:30:00Z,2021-03-26T18:30,2021-03-26T18:45,75,48.41,48.41,,48.41,-1,DOWN,NO,NO,2026-10-09T00:05:31Z
2021-03-26T17:45:00Z,2021-03-26T18:45,2021-03-26T19:00,76,42.72,42.72,,42.72,-1,DOWN,NO,NO,2026-10-09T00:05:31Z
2021-03-26T18:00:00Z,2021-03-26T19:00,2021-03-26T19:15,77,-69.63,-69.63,,-69.63,-1,DOWN,NO,NO,2026-10-09T00:05:31Z
2021-03-26T18:15:00Z,2021-03-26T19:15,2021-03-26T19:30,78,42.53,42.53,,42.53,-1,DOWN,NO,NO,2026-10-09T00:05:31Z
2021-03-26T18:30:00Z,2021-03-26T19:30,2021-03-26T19:45,79,21,21,,21,-1,DOWN,NO,NO,2026-10-09T00:05:31Z
2021-03-26T18:45:00Z,2021-03-26T19:45,2021-03-26T20:00,80,-13.1,-13.1,,-13.1,-1,DOWN,NO,NO,2026-10-09T00:05:31Z
2021-03-26T19:00:00Z,2021-03-26T20:00,2021-03-26T20:15,81,46.86,46.86,46.86,-13.1,1,UP,NO,NO,2026-10-09T00:05:31Z
2021-03-26T19:15:00Z,2021-03-26T20:15,2021-03-26T20:30,82,33,33,,33,-1,DOWN,NO,NO,2026-10-09T00:05:31Z
2021-03-26T19:30:00Z,2021-03-26T20:30,2021-03-26T20:45,83,29.2,29.2,,29.2,-1,DOWN,NO,NO,2026-10-09T00:05:31Z
2021-03-26T19:45:00Z,2021-03-26T20:45,2021-03-26T21:00,84,14.64,14.64,,14.64,-1,DOWN,NO,NO,2026-10-09T00:05:31Z
2021-03-26T20:00:00Z,2021-03-26T21:00,2021-03-26T21:15,85,29.2,29.2,,29.2,-1,DOWN,NO,NO,2026-10-09T00:05:31Z
2021-03-26T20:15:00Z,2021-03-26T21:15,2021-03-26T21:30,86,56.03,56.03,56.03,29.2,1,UP,NO,NO,2026-10-09T00:05:31Z
2021-03-26T20:30:00Z,2021-03-26T21:30,2021-03-26T21:45,87,45.63,45.63,45.63,,1,UP,NO,NO,2026-10-09T00:05:31Z
2021-03-26T20:45:00Z,2021-03-26T21:45,2021-03-26T22:00,88,40.89,40.89,40.89,,1,UP,NO,NO,2026-10-09T00:05:31Z
2021-03-26T21:00:00Z,2021-03-26T22:00,2021-03-26T22:15,89,73.33,73.33,73.33,,1,UP,NO,NO,2026-10-09T00:05:31Z
2021-03-26T21:15:00Z,2021-03-26T22:15,2021-03-26T22:30,90,49.2,49.2,49.2,,1,UP,NO,NO,2026-10-09T00:05:31Z
2021-03-26T21:30:00Z,2021-03-26T22:30,2021-03-26T22:45,91,52.63,52.63,52.63,,1,UP,NO,NO,2026-10-09T00:05:31Z
2021-03-26T21:45:00Z,2021-03-26T22:45,2021-03-26T23:00,92,52.63,52.63,52.63,,1,UP,NO,NO,2026-10-09T00:05:31Z
2021-03-26T22:00:00Z,2021-03-26T23:00,2021-03-26T23:15,93,59,47.58,59,47.95,2,UP_AND_DOWN,NO,NO,2026-10-09T00:05:31Z
2021-03-26T22:15:00Z,2021-03-26T23:15,2021-03-26T23:30,94,239.4,239.4,239.4,,1,UP,NO,NO,2026-10-09T00:05:31Z
2021-03-26T22:30:00Z,2021-03-26T23:30,2021-03-26T23:45,95,239.4,239.4,239.4,,1,UP,NO,NO,2026-10-09T00:05:31Z
2021-03-26T22:45:00Z,2021-03-26T23:45,2021-03-27T00:00,96,28.84,28.84,82.4,28.84,-1,DOWN,NO,NO,2026-10-09T00:05:31Z
2021-03-26T23:00:00Z,2021-03-27T00:00,2021-03-27T00:15,1,-26.6,-26.6,82.4,-26.6,-1,DOWN,NO,NO,2026-10-09T00:05:31Z
2021-03-26T23:15:00Z,2021-03-27T00:15,2021-03-27T00:30,2,41.5,41.5,,41.5,-1,DOWN,NO,NO,2026-10-09T00:05:31Z
2021-03-26T23:30:00Z,2021-03-27T00:30,2021-03-27T00:45,3,29.43,29.43,,29.43,-1,DOWN,NO,NO,2026-10-09T00:05:31Z
2021-03-26T23:45:00Z,2021-03-27T00:45,2021-03-27T01:00,4,40.94,40.94,,,0,STABLE,NO,NO,2026-10-09T00:05:31Z
2021-03-27T00:00:00Z,2021-03-27T01:00,2021-03-27T01:15,5,59.32,59.32,59.32,,1,UP,NO,NO,2026-10-09T00:05:31Z
2021-03-27T00:15:00Z,2021-03-27T01:15,2021-03-27T01:30,6,54.32,30.15,54.32,30.15,2,UP_AND_DOWN,NO,NO,2026-10-09T00:05:31Z
2021-03-27T00:30:00Z,2021-03-27T01:30,2021-03-27T01:45,7,25.09,25.09,54.32,25.09,-1,DOWN,NO,NO,2026-10-09T00:05:31Z
2021-03-27T00:45:00Z,2021-03-27T01:45,2021-03-27T02:00,8,-12.53,-12.53,,-12.53,-1,DOWN,NO,NO,2026-10-09T00:05:31Z
2021-03-27T01:00:00Z,2021-03-27T02:00,2021-03-27T02:15,9,42.35,31.78,42.35,31.78,2,UP_AND_DOWN,NO,NO,2026-10-09T00:05:31Z
2021-03-27T01:15:00Z,2021-03-27T02:15,2021-03-27T02:30,10,25.99,25.99,42.43,25.99,-1,DOWN,NO,NO,2026-10-09T00:05:31Z
2021-03-27T01:30:00Z,2021-03-27T02:30,2021-03-27T02:45,11,-.84,-.84,,-.84,-1,DOWN,NO,NO,2026-10-09T00:05:31Z
2021-03-27T01:45:00Z,2021-03-27T02:45,2021-03-27T03:00,12,-3.52,-3.52,,-3.52,-1,DOWN,NO,NO,2026-10-09T00:05:31Z
2021-03-27T02:00:00Z,2021-03-27T03:00,2021-03-27T03:15,13,56.2,56.2,56.2,-3.52,1,UP,NO,NO,2026-10-09T00:05:31Z
2021-03-27T02:15:00Z,2021-03-27T03:15,2021-03-27T03:30,14,15.56,15.56,42.07,15.56,-1,DOWN,NO,NO,2026-10-09T00:05:31Z
2021-03-27T02:30:00Z,2021-03-27T03:30,2021-03-27T03:45,15,-2.55,-2.55,,-2.55,-1,DOWN,NO,NO,2026-10-09T00:05:31Z
2021-03-27T02:45:00Z,2021-03-27T03:45,2021-03-27T04:00,16,-7.76,-7.76,,-7.76,-1,DOWN,NO,NO,2026-10-09T00:05:31Z
2021-03-27T03:00:00Z,2021-03-27T04:00,2021-03-27T04:15,17,-19.34,-19.34,,-19.34,-1,DOWN,NO,NO,2026-10-09T00:05:31Z
2021-03-27T03:15:00Z,2021-03-27T04:15,2021-03-27T04:30,18,-12.77,-12.77,,-12.77,-1,DOWN,NO,NO,2026-10-09T00:05:31Z
2021-03-27T03:30:00Z,2021-03-27T04:30,2021-03-27T04:45,19,-7.76,-7.76,,-7.76,-1,DOWN,NO,NO,2026-10-09T00:05:31Z
2021-03-27T03:45:00Z,2021-03-27T04:45,2021-03-27T05:00,20,-12.77,-12.77,,-12.77,-1,DOWN,NO,NO,2026-10-09T00:05:31Z
2021-03-27T04:00:00Z,2021-03-27T05:00,2021-03-27T05:15,21,-7.76,-7.76,,-7.76,-1,DOWN,NO,NO,2026-10-09T00:05:31Z
2021-03-27T04:15:00Z,2021-03-27T05:15,2021-03-27T05:30,22,-.84,-.84,,-.84,-1,DOWN,NO,NO,2026-10-09T00:05:31Z
2021-03-27T04:30:00Z,2021-03-27T05:30,2021-03-27T05:45,23,24.18,24.18,,24.18,-1,DOWN,NO,NO,2026-10-09T00:05:31Z
2021-03-27T04:45:00Z,2021-03-27T05:45,2021-03-27T06:00,24,13.05,13.05,,13.05,-1,DOWN,NO,NO,2026-10-09T00:05:31Z
2021-03-27T05:00:00Z,2021-03-27T06:00,2021-03-27T06:15,25,43.54,-7,41.6,-7,2,UP_AND_DOWN,NO,NO,2026-10-09T00:05:31Z
2021-03-27T05:15:00Z,2021-03-27T06:15,2021-03-27T06:30,26,43.51,22.38,41.57,22.38,2,UP_AND_DOWN,NO,NO,2026-10-09T00:05:31Z
2021-03-27T05:30:00Z,2021-03-27T06:30,2021-03-27T06:45,27,-7.27,-7.27,,-7.27,-1,DOWN,NO,NO,2026-10-09T00:05:31Z
2021-03-27T05:45:00Z,2021-03-27T06:45,2021-03-27T07:00,28,44.61,44.61,,,0,STABLE,NO,NO,2026-10-09T00:05:31Z
2021-03-27T06:00:00Z,2021-03-27T07:00,2021-03-27T07:15,29,61.85,-.92,61.85,-.92,2,UP_AND_DOWN,NO,NO,2026-10-09T00:05:31Z
2021-03-27T06:15:00Z,2021-03-27T07:15,2021-03-27T07:30,30,45.85,21.05,45.85,21.05,2,UP_AND_DOWN,NO,NO,2026-10-09T00:05:31Z
2021-03-27T06:30:00Z,2021-03-27T07:30,2021-03-27T07:45,31,-10.92,-10.92,,-10.92,-1,DOWN,NO,NO,2026-10-09T00:05:31Z
2021-03-27T06:45:00Z,2021-03-27T07:45,2021-03-27T08:00,32,-48.47,-48.47,,-48.47,-1,DOWN,NO,NO,2026-10-09T00:05:31Z
2021-03-27T07:00:00Z,2021-03-27T08:00,2021-03-27T08:15,33,11,11,,11,-1,DOWN,NO,NO,2026-10-09T00:05:31Z
2021-03-27T07:15:00Z,2021-03-27T08:15,2021-03-27T08:30,34,-16.57,-16.57,,-16.57,-1,DOWN,NO,NO,2026-10-09T00:05:31Z
2021-03-27T07:30:00Z,2021-03-27T08:30,2021-03-27T08:45,35,-71.1,-71.1,,-71.1,-1,DOWN,NO,NO,2026-10-09T00:05:31Z
2021-03-27T07:45:00Z,2021-03-27T08:45,2021-03-27T09:00,36,-71.45,-71.45,,-71.45,-1,DOWN,NO,NO,2026-10-09T00:05:31Z
2021-03-27T08:00:00Z,2021-03-27T09:00,2021-03-27T09:15,37,51.85,26,51.85,26,2,UP_AND_DOWN,NO,NO,2026-10-09T00:05:31Z
2021-03-27T08:15:00Z,2021-03-27T09:15,2021-03-27T09:30,38,-125.17,-125.17,,-125.17,-1,DOWN,NO,NO,2026-10-09T00:05:31Z
2021-03-27T08:30:00Z,2021-03-27T09:30,2021-03-27T09:45,39,-153.87,-153.87,,-153.87,-1,DOWN,NO,NO,2026-10-09T00:05:31Z
2021-03-27T08:45:00Z,2021-03-27T09:45,2021-03-27T10:00,40,42.03,-153.87,42.03,-153.87,2,UP_AND_DOWN,NO,NO,2026-10-09T00:05:31Z
2021-03-27T09:00:00Z,2021-03-27T10:00,2021-03-27T10:15,41,59.72,-126.76,59.72,-126.76,2,UP_AND_DOWN,NO,NO,2026-10-09T00:05:31Z
2021-03-27T09:15:00Z,2021-03-27T10:15,2021-03-27T10:30,42,51.85,-167.62,51.85,-167.62,2,UP_AND_DOWN,NO,NO,2026-10-09T00:05:31Z
2021-03-27T09:30:00Z,2021-03-27T10:30,2021-03-27T10:45,43,-22.67,-22.67,51.85,-22.67,-1,DOWN,NO,NO,2026-10-09T00:05:31Z
2021-03-27T09:45:00Z,2021-03-27T10:45,2021-03-27T11:00,44,-100.79,-100.79,,-100.79,-1,DOWN,NO,NO,2026-10-09T00:05:31Z
2021-03-27T10:00:00Z,2021-03-27T11:00,2021-03-27T11:15,45,44.68,39.35,44.68,39.35,2,UP_AND_DOWN,NO,NO,2026-10-09T00:05:31Z
2021-03-27T10:15:00Z,2021-03-27T11:15,2021-03-27T11:30,46,-75.32,-75.32,,-75.32,-1,DOWN,NO,NO,2026-10-09T00:05:31Z
2021-03-27T10:30:00Z,2021-03-27T11:30,2021-03-27T11:45,47,41.1,-54.26,41.1,-54.26,2,UP_AND_DOWN,NO,NO,2026-10-09T00:05:31Z
2021-03-27T10:45:00Z,2021-03-27T11:45,2021-03-27T12:00,48,61.45,-54.7,61.45,-54.7,2,UP_AND_DOWN,NO,NO,2026-10-09T00:05:31Z
2021-03-27T11:00:00Z,2021-03-27T12:00,2021-03-27T12:15,49,45.76,26,45.76,26,2,UP_AND_DOWN,NO,NO,2026-10-09T00:05:31Z
2021-03-27T11:15:00Z,2021-03-27T12:15,2021-03-27T12:30,50,30,30,,30,-1,DOWN,NO,NO,2026-10-09T00:05:31Z
2021-03-27T11:30:00Z,2021-03-27T12:30,2021-03-27T12:45,51,40.98,34,40.98,34,2,UP_AND_DOWN,NO,NO,2026-10-09T00:05:31Z
2021-03-27T11:45:00Z,2021-03-27T12:45,2021-03-27T13:00,52,-49.16,-49.16,,-49.16,-1,DOWN,NO,NO,2026-10-09T00:05:31Z
2021-03-27T12:00:00Z,2021-03-27T13:00,2021-03-27T13:15,53,98.85,98.85,98.85,-49.16,1,UP,NO,NO,2026-10-09T00:05:31Z
2021-03-27T12:15:00Z,2021-03-27T13:15,2021-03-27T13:30,54,-49.16,-49.16,98.85,-49.16,-1,DOWN,NO,NO,2026-10-09T00:05:31Z
2021-03-27T12:30:00Z,2021-03-27T13:30,2021-03-27T13:45,55,43.02,-66.79,43.02,-66.79,2,UP_AND_DOWN,NO,NO,2026-10-09T00:05:31Z
2021-03-27T12:45:00Z,2021-03-27T13:45,2021-03-27T14:00,56,50.18,-87.22,50.18,-87.22,2,UP_AND_DOWN,NO,NO,2026-10-09T00:05:31Z
2021-03-27T13:00:00Z,2021-03-27T14:00,2021-03-27T14:15,57,146.34,-229.79,146.34,-229.79,2,UP_AND_DOWN,NO,NO,2026-10-09T00:05:31Z
2021-03-27T13:15:00Z,2021-03-27T14:15,2021-03-27T14:30,58,48.48,-31.28,48.48,-31.28,2,UP_AND_DOWN,NO,NO,2026-10-09T00:05:31Z
2021-03-27T13:30:00Z,2021-03-27T14:30,2021-03-27T14:45,59,42.93,-17.54,42.93,-17.54,2,UP_AND_DOWN,NO,NO,2026-10-09T00:05:31Z
2021-03-27T13:45:00Z,2021-03-27T14:45,2021-03-27T15:00,60,45.74,36,45.74,36,2,UP_AND_DOWN,NO,NO,2026-10-09T00:05:31Z
2021-03-27T14:00:00Z,2021-03-27T15:00,2021-03-27T15:15,61,-18.99,-18.99,45.74,-18.99,-1,DOWN,NO,NO,2026-10-09T00:05:31Z
2021-03-27T14:15:00Z,2021-03-27T15:15,2021-03-27T15:30,62,18,18,,18,-1,DOWN,NO,NO,2026-10-09T00:05:31Z
2021-03-27T14:30:00Z,2021-03-27T15:30,2021-03-27T15:45,63,61.85,61.85,61.85,,1,UP,NO,NO,2026-10-09T00:05:31Z
2021-03-27T14:45:00Z,2021-03-27T15:45,2021-03-27T16:00,64,53.47,40.6,53.47,40.6,2,UP_AND_DOWN,NO,NO,2026-10-09T00:05:31Z
2021-03-27T15:00:00Z,2021-03-27T16:00,2021-03-27T16:15,65,-84.77,-84.77,53.47,-84.77,-1,DOWN,NO,NO,2026-10-09T00:05:31Z
2021-03-27T15:15:00Z,2021-03-27T16:15,2021-03-27T16:30,66,47.43,-19.27,47.43,-19.27,2,UP_AND_DOWN,NO,NO,2026-10-09T00:05:31Z
2021-03-27T15:30:00Z,2021-03-27T16:30,2021-03-27T16:45,67,13,13,47.43,13,-1,DOWN,NO,NO,2026-10-09T00:05:31Z
2021-03-27T15:45:00Z,2021-03-27T16:45,2021-03-27T17:00,68,189.49,189.49,189.49,13,1,UP,NO,NO,2026-10-09T00:05:31Z
2021-03-27T16:00:00Z,2021-03-27T17:00,2021-03-27T17:15,69,-77.81,-77.81,189.49,-77.81,-1,DOWN,NO,NO,2026-10-09T00:05:31Z
2021-03-27T16:15:00Z,2021-03-27T17:15,2021-03-27T17:30,70,-77.54,-77.54,,-77.54,-1,DOWN,NO,NO,2026-10-09T00:05:31Z
2021-03-27T16:30:00Z,2021-03-27T17:30,2021-03-27T17:45,71,89.27,89.27,89.27,-77.54,1,UP,NO,NO,2026-10-09T00:05:31Z
2021-03-27T16:45:00Z,2021-03-27T17:45,2021-03-27T18:00,72,467.97,467.97,467.97,,1,UP,NO,NO,2026-10-09T00:05:31Z
2021-03-27T17:00:00Z,2021-03-27T18:00,2021-03-27T18:15,73,18,18,467.97,18,-1,DOWN,NO,NO,2026-10-09T00:05:31Z
2021-03-27T17:15:00Z,2021-03-27T18:15,2021-03-27T18:30,74,43.19,43.19,,43.19,-1,DOWN,NO,NO,2026-10-09T00:05:31Z
2021-03-27T17:30:00Z,2021-03-27T18:30,2021-03-27T18:45,75,45.5,45.5,,45.5,-1,DOWN,NO,NO,2026-10-09T00:05:31Z
2021-03-27T17:45:00Z,2021-03-27T18:45,2021-03-27T19:00,76,45.68,45.68,,,0,STABLE,NO,NO,2026-10-09T00:05:31Z
2021-03-27T18:00:00Z,2021-03-27T19:00,2021-03-27T19:15,77,43.85,43.85,,,0,STABLE,NO,NO,2026-10-09T00:05:31Z
2021-03-27T18:15:00Z,2021-03-27T19:15,2021-03-27T19:30,78,43.85,43.85,,,0,STABLE,NO,NO,2026-10-09T00:05:31Z
2021-03-27T18:30:00Z,2021-03-27T19:30,2021-03-27T19:45,79,43.85,43.85,,,0,STABLE,NO,NO,2026-10-09T00:05:31Z
2021-03-27T18:45:00Z,2021-03-27T19:45,2021-03-27T20:00,80,43.85,43.85,,,0,STABLE,NO,NO,2026-10-09T00:05:31Z
2021-03-27T19:00:00Z,2021-03-27T20:00,2021-03-27T20:15,81,62.51,62.51,62.51,,1,UP,NO,NO,2026-10-09T00:05:31Z
2021-03-27T19:15:00Z,2021-03-27T20:15,2021-03-27T20:30,82,44.9,44.9,,,0,STABLE,NO,NO,2026-10-09T00:05:31Z
2021-03-27T19:30:00Z,2021-03-27T20:30,2021-03-27T20:45,83,33.85,33.85,,33.85,-1,DOWN,NO,NO,2026-10-09T00:05:31Z
2021-03-27T19:45:00Z,2021-03-27T20:45,2021-03-27T21:00,84,29.49,29.49,,29.49,-1,DOWN,NO,NO,2026-10-09T00:05:31Z
2021-03-27T20:00:00Z,2021-03-27T21:00,2021-03-27T21:15,85,89.69,33.85,89.69,33.85,2,UP_AND_DOWN,NO,NO,2026-10-09T00:05:31Z
2021-03-27T20:15:00Z,2021-03-27T21:15,2021-03-27T21:30,86,26.31,26.31,89.69,26.31,-1,DOWN,NO,NO,2026-10-09T00:05:31Z
2021-03-27T20:30:00Z,2021-03-27T21:30,2021-03-27T21:45,87,4,4,,4,-1,DOWN,NO,NO,2026-10-09T00:05:31Z
2021-03-27T20:45:00Z,2021-03-27T21:45,2021-03-27T22:00,88,-34.23,-34.23,,-34.23,-1,DOWN,NO,NO,2026-10-09T00:05:31Z
2021-03-27T21:00:00Z,2021-03-27T22:00,2021-03-27T22:15,89,23.66,23.66,,23.66,-1,DOWN,NO,NO,2026-10-09T00:05:31Z
2021-03-27T21:15:00Z,2021-03-27T22:15,2021-03-27T22:30,90,7,7,,7,-1,DOWN,NO,NO,2026-10-09T00:05:31Z
2021-03-27T21:30:00Z,2021-03-27T22:30,2021-03-27T22:45,91,-38.19,-38.19,,-38.19,-1,DOWN,NO,NO,2026-10-09T00:05:31Z
2021-03-27T21:45:00Z,2021-03-27T22:45,2021-03-27T23:00,92,55.85,55.85,55.85,-37.96,1,UP,NO,NO,2026-10-09T00:05:31Z
2021-03-27T22:00:00Z,2021-03-27T23:00,2021-03-27T23:15,93,42.03,42.03,55.85,42.03,-1,DOWN,NO,NO,2026-10-09T00:05:31Z
2021-03-27T22:15:00Z,2021-03-27T23:15,2021-03-27T23:30,94,20.37,20.37,,20.37,-1,DOWN,NO,NO,2026-10-09T00:05:31Z
2021-03-27T22:30:00Z,2021-03-27T23:30,2021-03-27T23:45,95,10,10,,10,-1,DOWN,NO,NO,2026-10-09T00:05:31Z
2021-03-27T22:45:00Z,2021-03-27T23:45,2021-03-28T00:00,96,28.38,28.38,,28.38,-1,DOWN,NO,NO,2026-10-09T00:05:31Z
2021-03-27T23:00:00Z,2021-03-28T00:00,2021-03-28T00:15,1,55.85,22.07,55.85,22.07,2,UP_AND_DOWN,NO,NO,2026-10-09T00:05:31Z
2021-03-27T23:15:00Z,2021-03-28T00:15,2021-03-28T00:30,2,51.26,51.26,51.26,22.07,1,UP,NO,NO,2026-10-09T00:05:31Z
2021-03-27T23:30:00Z,2021-03-28T00:30,2021-03-28T00:45,3,10,10,51.26,10,-1,DOWN,NO,NO,2026-10-09T00:05:31Z
2021-03-27T23:45:00Z,2021-03-28T00:45,2021-03-28T01:00,4,-1.56,-1.56,,-1.56,-1,DOWN,NO,NO,2026-10-09T00:05:31Z
2021-03-28T00:00:00Z,2021-03-28T01:00,2021-03-28T01:15,5,52.23,43.55,52.23,43.55,2,UP_AND_DOWN,NO,NO,2026-10-09T00:05:31Z
2021-03-28T00:15:00Z,2021-03-28T01:15,2021-03-28T01:30,6,47.08,39.85,47.08,39.85,2,UP_AND_DOWN,NO,NO,2026-10-09T00:05:31Z
2021-03-28T00:30:00Z,2021-03-28T01:30,2021-03-28T01:45,7,26.96,26.96,,26.96,-1,DOWN,NO,NO,2026-10-09T00:05:31Z
2021-03-28T00:45:00Z,2021-03-28T01:45,2021-03-28T02:00,8,-7.13,-7.13,,-7.13,-1,DOWN,NO,NO,2026-10-09T00:05:31Z
2021-03-28T01:00:00Z,2021-03-28T03:00,2021-03-28T03:15,9,34.94,34.94,,34.94,-1,DOWN,NO,NO,2026-10-09T00:05:31Z
2021-03-28T01:15:00Z,2021-03-28T03:15,2021-03-28T03:30,10,18.57,18.57,,18.57,-1,DOWN,NO,NO,2026-10-09T00:05:31Z
2021-03-28T01:30:00Z,2021-03-28T03:30,2021-03-28T03:45,11,30.01,30.01,,30.01,-1,DOWN,NO,NO,2026-10-09T00:05:31Z
2021-03-28T01:45:00Z,2021-03-28T03:45,2021-03-28T04:00,12,-3.38,-3.38,,-3.38,-1,DOWN,NO,NO,2026-10-09T00:05:31Z
2021-03-28T02:00:00Z,2021-03-28T04:00,2021-03-28T04:15,13,48.37,48.37,48.37,21.37,1,UP,NO,NO,2026-10-09T00:05:31Z
2021-03-28T02:15:00Z,2021-03-28T04:15,2021-03-28T04:30,14,36.85,36.85,48.37,36.85,-1,DOWN,NO,NO,2026-10-09T00:05:31Z
2021-03-28T02:30:00Z,2021-03-28T04:30,2021-03-28T04:45,15,38.65,38.65,,38.65,-1,DOWN,NO,NO,2026-10-09T00:05:31Z
2021-03-28T02:45:00Z,2021-03-28T04:45,2021-03-28T05:00,16,33.3,33.3,,33.3,-1,DOWN,NO,NO,2026-10-09T00:05:31Z
2021-03-28T03:00:00Z,2021-03-28T05:00,2021-03-28T05:15,17,50.85,40.38,50.85,40.38,2,UP_AND_DOWN,NO,NO,2026-10-09T00:05:31Z
2021-03-28T03:15:00Z,2021-03-28T05:15,2021-03-28T05:30,18,46.37,46.37,46.37,,1,UP,NO,NO,2026-10-09T00:05:31Z
2021-03-28T03:30:00Z,2021-03-28T05:30,2021-03-28T05:45,19,43.85,43.85,,,0,STABLE,NO,NO,2026-10-09T00:05:31Z
2021-03-28T03:45:00Z,2021-03-28T05:45,2021-03-28T06:00,20,25.07,25.07,,25.07,-1,DOWN,NO,NO,2026-10-09T00:05:31Z
2021-03-28T04:00:00Z,2021-03-28T06:00,2021-03-28T06:15,21,10.67,10.67,,10.67,-1,DOWN,NO,NO,2026-10-09T00:05:31Z
2021-03-28T04:15:00Z,2021-03-28T06:15,2021-03-28T06:30,22,49.42,37.28,49.42,37.28,2,UP_AND_DOWN,NO,NO,2026-10-09T00:05:31Z
2021-03-28T04:30:00Z,2021-03-28T06:30,2021-03-28T06:45,23,31.43,31.43,,31.43,-1,DOWN,NO,NO,2026-10-09T00:05:31Z
2021-03-28T04:45:00Z,2021-03-28T06:45,2021-03-28T07:00,24,36.34,36.34,,36.34,-1,DOWN,NO,NO,2026-10-09T00:05:31Z
2021-03-28T05:00:00Z,2021-03-28T07:00,2021-03-28T07:15,25,30.01,30.01,,30.01,-1,DOWN,NO,NO,2026-10-09T00:05:31Z
2021-03-28T05:15:00Z,2021-03-28T07:15,2021-03-28T07:30,26,10.72,10.72,,10.72,-1,DOWN,NO,NO,2026-10-09T00:05:31Z
2021-03-28T05:30:00Z,2021-03-28T07:30,2021-03-28T07:45,27,17.17,17.17,,17.17,-1,DOWN,NO,NO,2026-10-09T00:05:31Z
2021-03-28T05:45:00Z,2021-03-28T07:45,2021-03-28T08:00,28,-.53,-.53,,-.53,-1,DOWN,NO,NO,2026-10-09T00:05:31Z
2021-03-28T06:00:00Z,2021-03-28T08:00,2021-03-28T08:15,29,-15.72,-15.72,,-15.72,-1,DOWN,NO,NO,2026-10-09T00:05:31Z
2021-03-28T06:15:00Z,2021-03-28T08:15,2021-03-28T08:30,30,-12.32,-12.32,,-12.32,-1,DOWN,NO,NO,2026-10-09T00:05:31Z
2021-03-28T06:30:00Z,2021-03-28T08:30,2021-03-28T08:45,31,-17.78,-17.78,,-17.78,-1,DOWN,NO,NO,2026-10-09T00:05:31Z
2021-03-28T06:45:00Z,2021-03-28T08:45,2021-03-28T09:00,32,-12.55,-12.55,,-12.55,-1,DOWN,NO,NO,2026-10-09T00:05:31Z
2021-03-28T07:00:00Z,2021-03-28T09:00,2021-03-28T09:15,33,-6.85,-6.85,,-6.85,-1,DOWN,NO,NO,2026-10-09T00:05:31Z
2021-03-28T07:15:00Z,2021-03-28T09:15,2021-03-28T09:30,34,-18.49,-18.49,,-18.49,-1,DOWN,NO,NO,2026-10-09T00:05:31Z
2021-03-28T07:30:00Z,2021-03-28T09:30,2021-03-28T09:45,35,-131.89,-131.89,,-131.89,-1,DOWN,NO,NO,2026-10-09T00:05:31Z
2021-03-28T07:45:00Z,2021-03-28T09:45,2021-03-28T10:00,36,-140,-140,,-140,-1,DOWN,NO,NO,2026-10-09T00:05:31Z
2021-03-28T08:00:00Z,2021-03-28T10:00,2021-03-28T10:15,37,-150.1,-150.1,,-150.1,-1,DOWN,NO,NO,2026-10-09T00:05:31Z
2021-03-28T08:15:00Z,2021-03-28T10:15,2021-03-28T10:30,38,-128.77,-128.77,,-128.77,-1,DOWN,NO,NO,2026-10-09T00:05:31Z
2021-03-28T08:30:00Z,2021-03-28T10:30,2021-03-28T10:45,39,-150.1,-150.1,,-150.1,-1,DOWN,NO,NO,2026-10-09T00:05:31Z
2021-03-28T08:45:00Z,2021-03-28T10:45,2021-03-28T11:00,40,-280,-280,,-280,-1,DOWN,NO,YES,2026-10-09T00:05:31Z
2021-03-28T09:00:00Z,2021-03-28T11:00,2021-03-28T11:15,41,-268.12,-268.12,,-268.12,-1,DOWN,NO,YES,2026-10-09T00:05:31Z
2021-03-28T09:15:00Z,2021-03-28T11:15,2021-03-28T11:30,42,-248.12,-248.12,,-248.12,-1,DOWN,NO,YES,2026-10-09T00:05:31Z
2021-03-28T09:30:00Z,2021-03-28T11:30,2021-03-28T11:45,43,-248.12,-248.12,,-248.12,-1,DOWN,NO,YES,2026-10-09T00:05:31Z
2021-03-28T09:45:00Z,2021-03-28T11:45,2021-03-28T12:00,44,-248.12,-248.12,,-248.12,-1,DOWN,NO,YES,2026-10-09T00:05:31Z
2021-03-28T10:00:00Z,2021-03-28T12:00,2021-03-28T12:15,45,53,-200,53,-200,2,UP_AND_DOWN,NO,NO,2026-10-09T00:05:31Z
2021-03-28T10:15:00Z,2021-03-28T12:15,2021-03-28T12:30,46,53,-14.45,53,-14.45,2,UP_AND_DOWN,NO,NO,2026-10-09T00:05:31Z
2021-03-28T10:30:00Z,2021-03-28T12:30,2021-03-28T12:45,47,76.11,34.94,76.11,34.94,2,UP_AND_DOWN,NO,NO,2026-10-09T00:05:31Z
2021-03-28T10:45:00Z,2021-03-28T12:45,2021-03-28T13:00,48,53,33.3,53,33.3,2,UP_AND_DOWN,NO,NO,2026-10-09T00:05:31Z
2021-03-28T11:00:00Z,2021-03-28T13:00,2021-03-28T13:15,49,150,150,150,,1,UP,NO,NO,2026-10-09T00:05:31Z
2021-03-28T11:15:00Z,2021-03-28T13:15,2021-03-28T13:30,50,46.28,38.65,46.28,38.65,2,UP_AND_DOWN,NO,NO,2026-10-09T00:05:31Z
2021-03-28T11:30:00Z,2021-03-28T13:30,2021-03-28T13:45,51,58.61,22.77,58.61,22.77,2,UP_AND_DOWN,NO,NO,2026-10-09T00:05:31Z
2021-03-28T11:45:00Z,2021-03-28T13:45,2021-03-28T14:00,52,79.28,79.28,79.28,22.77,1,UP,NO,NO,2026-10-09T00:05:31Z
2021-03-28T12:00:00Z,2021-03-28T14:00,2021-03-28T14:15,53,53.07,-15.88,53.07,-15.88,2,UP_AND_DOWN,NO,NO,2026-10-09T00:05:31Z
2021-03-28T12:15:00Z,2021-03-28T14:15,2021-03-28T14:30,54,79.28,79.28,79.28,-15.88,1,UP,NO,NO,2026-10-09T00:05:31Z
2021-03-28T12:30:00Z,2021-03-28T14:30,2021-03-28T14:45,55,46.73,46.73,46.73,,1,UP,NO,NO,2026-10-09T00:05:31Z
2021-03-28T12:45:00Z,2021-03-28T14:45,2021-03-28T15:00,56,52.28,52.28,52.28,,1,UP,NO,NO,2026-10-09T00:05:31Z
2021-03-28T13:00:00Z,2021-03-28T15:00,2021-03-28T15:15,57,49.99,-12,49.99,-12,2,UP_AND_DOWN,NO,NO,2026-10-09T00:05:31Z
2021-03-28T13:15:00Z,2021-03-28T15:15,2021-03-28T15:30,58,49.28,-12.63,49.28,-12.63,2,UP_AND_DOWN,NO,NO,2026-10-09T00:05:31Z
2021-03-28T13:30:00Z,2021-03-28T15:30,2021-03-28T15:45,59,-18.91,-18.91,,-18.91,-1,DOWN,NO,NO,2026-10-09T00:05:31Z
2021-03-28T13:45:00Z,2021-03-28T15:45,2021-03-28T16:00,60,-20.1,-20.1,,-20.1,-1,DOWN,NO,NO,2026-10-09T00:05:31Z
2021-03-28T14:00:00Z,2021-03-28T16:00,2021-03-28T16:15,61,-150,-150,,-150,-1,DOWN,NO,NO,2026-10-09T00:05:31Z
2021-03-28T14:15:00Z,2021-03-28T16:15,2021-03-28T16:30,62,2.86,2.86,,2.86,-1,DOWN,NO,NO,2026-10-09T00:05:31Z
2021-03-28T14:30:00Z,2021-03-28T16:30,2021-03-28T16:45,63,12.03,12.03,,12.03,-1,DOWN,NO,NO,2026-10-09T00:05:31Z
2021-03-28T14:45:00Z,2021-03-28T16:45,2021-03-28T17:00,64,40.12,40.12,,,0,STABLE,NO,NO,2026-10-09T00:05:31Z
2021-03-28T15:00:00Z,2021-03-28T17:00,2021-03-28T17:15,65,39.22,39.22,,39.22,-1,DOWN,NO,NO,2026-10-09T00:05:31Z
2021-03-28T15:15:00Z,2021-03-28T17:15,2021-03-28T17:30,66,-14.8,-14.8,,-14.8,-1,DOWN,NO,NO,2026-10-09T00:05:31Z
2021-03-28T15:30:00Z,2021-03-28T17:30,2021-03-28T17:45,67,43.17,43.17,,,0,STABLE,NO,NO,2026-10-09T00:05:31Z
2021-03-28T15:45:00Z,2021-03-28T17:45,2021-03-28T18:00,68,42.58,42.58,,,0,STABLE,NO,NO,2026-10-09T00:05:31Z
2021-03-28T16:00:00Z,2021-03-28T18:00,2021-03-28T18:15,69,18.57,18.57,,18.57,-1,DOWN,NO,NO,2026-10-09T00:05:31Z
2021-03-28T16:15:00Z,2021-03-28T18:15,2021-03-28T18:30,70,42.28,42.28,,42.28,-1,DOWN,NO,NO,2026-10-09T00:05:31Z
2021-03-28T16:30:00Z,2021-03-28T18:30,2021-03-28T18:45,71,44.28,44.28,,,0,STABLE,NO,NO,2026-10-09T00:05:31Z
2021-03-28T16:45:00Z,2021-03-28T18:45,2021-03-28T19:00,72,44.28,44.28,,,0,STABLE,NO,NO,2026-10-09T00:05:31Z
2021-03-28T17:00:00Z,2021-03-28T19:00,2021-03-28T19:15,73,-8.94,-8.94,,-8.94,-1,DOWN,NO,NO,2026-10-09T00:05:31Z
2021-03-28T17:15:00Z,2021-03-28T19:15,2021-03-28T19:30,74,-.24,-.24,,-.24,-1,DOWN,NO,NO,2026-10-09T00:05:31Z
2021-03-28T17:30:00Z,2021-03-28T19:30,2021-03-28T19:45,75,-.42,-.42,,-.42,-1,DOWN,NO,NO,2026-10-09T00:05:31Z
2021-03-28T17:45:00Z,2021-03-28T19:45,2021-03-28T20:00,76,49.97,-4.51,49.97,-4.51,2,UP_AND_DOWN,NO,NO,2026-10-09T00:05:31Z
2021-03-28T18:00:00Z,2021-03-28T20:00,2021-03-28T20:15,77,150,45.52,150,45.52,2,UP_AND_DOWN,NO,NO,2026-10-09T00:05:31Z
2021-03-28T18:15:00Z,2021-03-28T20:15,2021-03-28T20:30,78,34.28,34.28,150,34.28,-1,DOWN,NO,NO,2026-10-09T00:05:31Z
2021-03-28T18:30:00Z,2021-03-28T20:30,2021-03-28T20:45,79,37.28,37.28,,37.28,-1,DOWN,NO,NO,2026-10-09T00:05:31Z
2021-03-28T18:45:00Z,2021-03-28T20:45,2021-03-28T21:00,80,29.19,29.19,,29.19,-1,DOWN,NO,NO,2026-10-09T00:05:31Z
2021-03-28T19:00:00Z,2021-03-28T21:00,2021-03-28T21:15,81,56.38,40.28,56.38,40.28,2,UP_AND_DOWN,NO,NO,2026-10-09T00:05:31Z
2021-03-28T19:15:00Z,2021-03-28T21:15,2021-03-28T21:30,82,29.19,29.19,,29.19,-1,DOWN,NO,NO,2026-10-09T00:05:31Z
2021-03-28T19:30:00Z,2021-03-28T21:30,2021-03-28T21:45,83,29.28,29.28,,29.28,-1,DOWN,NO,NO,2026-10-09T00:05:31Z
2021-03-28T19:45:00Z,2021-03-28T21:45,2021-03-28T22:00,84,31.87,31.87,,31.87,-1,DOWN,NO,NO,2026-10-09T00:05:31Z
2021-03-28T20:00:00Z,2021-03-28T22:00,2021-03-28T22:15,85,54.55,32.48,54.55,32.48,2,UP_AND_DOWN,NO,NO,2026-10-09T00:05:31Z
2021-03-28T20:15:00Z,2021-03-28T22:15,2021-03-28T22:30,86,5.8,5.8,54.55,5.8,-1,DOWN,NO,NO,2026-10-09T00:05:31Z
2021-03-28T20:30:00Z,2021-03-28T22:30,2021-03-28T22:45,87,4.55,4.55,,4.55,-1,DOWN,NO,NO,2026-10-09T00:05:31Z
2021-03-28T20:45:00Z,2021-03-28T22:45,2021-03-28T23:00,88,-7.7,-7.7,,-7.7,-1,DOWN,NO,NO,2026-10-09T00:05:31Z
2021-03-28T21:00:00Z,2021-03-28T23:00,2021-03-28T23:15,89,54.62,42.28,54.62,42.28,2,UP_AND_DOWN,NO,NO,2026-10-09T00:05:31Z
2021-03-28T21:15:00Z,2021-03-28T23:15,2021-03-28T23:30,90,-6.7,-6.7,48.09,-6.7,-1,DOWN,NO,NO,2026-10-09T00:05:31Z
2021-03-28T21:30:00Z,2021-03-28T23:30,2021-03-28T23:45,91,50.16,-5.4,50.16,-5.4,2,UP_AND_DOWN,NO,NO,2026-10-09T00:05:31Z
2021-03-28T21:45:00Z,2021-03-28T23:45,2021-03-29T00:00,92,-7.7,-7.7,,-7.7,-1,DOWN,NO,NO,2026-10-09T00:05:31Z
2021-03-28T22:00:00Z,2021-03-29T00:00,2021-03-29T00:15,1,47.2,-44.75,47.2,-44.75,2,UP_AND_DOWN,NO,NO,2026-10-09T00:05:31Z
2021-03-28T22:15:00Z,2021-03-29T00:15,2021-03-29T00:30,2,47.31,47.31,47.31,-44.75,1,UP,NO,NO,2026-10-09T00:05:31Z
2021-03-28T22:30:00Z,2021-03-29T00:30,2021-03-29T00:45,3,2.57,2.57,,2.57,-1,DOWN,NO,NO,2026-10-09T00:05:31Z
2021-03-28T22:45:00Z,2021-03-29T00:45,2021-03-29T01:00,4,-.84,-.84,,-.84,-1,DOWN,NO,NO,2026-10-09T00:05:31Z
2021-03-28T23:00:00Z,2021-03-29T01:00,2021-03-29T01:15,5,49.28,-4.86,49.28,-4.86,2,UP_AND_DOWN,NO,NO,2026-10-09T00:05:31Z
2021-03-28T23:15:00Z,2021-03-29T01:15,2021-03-29T01:30,6,-11.69,-11.69,,-11.69,-1,DOWN,NO,NO,2026-10-09T00:05:31Z
2021-03-28T23:30:00Z,2021-03-29T01:30,2021-03-29T01:45,7,-20.25,-20.25,,-20.25,-1,DOWN,NO,NO,2026-10-09T00:05:31Z
2021-03-28T23:45:00Z,2021-03-29T01:45,2021-03-29T02:00,8,-4.26,-4.26,,-4.26,-1,DOWN,NO,NO,2026-10-09T00:05:31Z
2021-03-29T00:00:00Z,2021-03-29T02:00,2021-03-29T02:15,9,48.97,48.97,48.97,-3,1,UP,NO,NO,2026-10-09T00:05:31Z
2021-03-29T00:15:00Z,2021-03-29T02:15,2021-03-29T02:30,10,49.11,-33.09,49.11,-33.09,2,UP_AND_DOWN,NO,NO,2026-10-09T00:05:31Z
2021-03-29T00:30:00Z,2021-03-29T02:30,2021-03-29T02:45,11,-49.74,-49.74,,-49.74,-1,DOWN,NO,NO,2026-10-09T00:05:31Z
2021-03-29T00:45:00Z,2021-03-29T02:45,2021-03-29T03:00,12,-18,-18,,-18,-1,DOWN,NO,NO,2026-10-09T00:05:31Z
2021-03-29T01:00:00Z,2021-03-29T03:00,2021-03-29T03:15,13,-7.5,-7.5,,-7.5,-1,DOWN,NO,NO,2026-10-09T00:05:31Z
2021-03-29T01:15:00Z,2021-03-29T03:15,2021-03-29T03:30,14,-5.8,-5.8,,-5.8,-1,DOWN,NO,NO,2026-10-09T00:05:31Z
2021-03-29T01:30:00Z,2021-03-29T03:30,2021-03-29T03:45,15,-5.7,-5.7,,-5.7,-1,DOWN,NO,NO,2026-10-09T00:05:31Z
2021-03-29T01:45:00Z,2021-03-29T03:45,2021-03-29T04:00,16,-22.04,-22.04,,-22.04,-1,DOWN,NO,NO,2026-10-09T00:05:31Z
2021-03-29T02:00:00Z,2021-03-29T04:00,2021-03-29T04:15,17,-1.01,-1.01,,-1.01,-1,DOWN,NO,NO,2026-10-09T00:05:31Z
2021-03-29T02:15:00Z,2021-03-29T04:15,2021-03-29T04:30,18,-8.94,-8.94,,-8.94,-1,DOWN,NO,NO,2026-10-09T00:05:31Z
2021-03-29T02:30:00Z,2021-03-29T04:30,2021-03-29T04:45,19,43.76,43.76,43.76,-10.57,1,UP,NO,NO,2026-10-09T00:05:31Z
2021-03-29T02:45:00Z,2021-03-29T04:45,2021-03-29T05:00,20,46.14,40.28,46.14,40.28,2,UP_AND_DOWN,NO,NO,2026-10-09T00:05:31Z
2021-03-29T03:00:00Z,2021-03-29T05:00,2021-03-29T05:15,21,-4.32,-4.32,,-4.32,-1,DOWN,NO,NO,2026-10-09T00:05:31Z
2021-03-29T03:15:00Z,2021-03-29T05:15,2021-03-29T05:30,22,-20.06,-20.06,,-20.06,-1,DOWN,NO,NO,2026-10-09T00:05:31Z
2021-03-29T03:30:00Z,2021-03-29T05:30,2021-03-29T05:45,23,46.14,45.05,46.14,46.39,2,UP_AND_DOWN,NO,NO,2026-10-09T00:05:31Z
2021-03-29T03:45:00Z,2021-03-29T05:45,2021-03-29T06:00,24,23.98,23.98,46.14,23.98,-1,DOWN,NO,NO,2026-10-09T00:05:31Z
2021-03-29T04:00:00Z,2021-03-29T06:00,2021-03-29T06:15,25,-13.34,-13.34,,-13.34,-1,DOWN,NO,NO,2026-10-09T00:05:31Z
2021-03-29T04:15:00Z,2021-03-29T06:15,2021-03-29T06:30,26,-.84,-.84,,-.84,-1,DOWN,NO,NO,2026-10-09T00:05:31Z
2021-03-29T04:30:00Z,2021-03-29T06:30,2021-03-29T06:45,27,62.29,62.29,62.29,-.84,1,UP,NO,NO,2026-10-09T00:05:31Z
2021-03-29T04:45:00Z,2021-03-29T06:45,2021-03-29T07:00,28,84.2,84.2,84.2,,1,UP,NO,NO,2026-10-09T00:05:31Z
2021-03-29T05:00:00Z,2021-03-29T07:00,2021-03-29T07:15,29,87.25,87.25,87.25,,1,UP,NO,NO,2026-10-09T00:05:31Z
2021-03-29T05:15:00Z,2021-03-29T07:15,2021-03-29T07:30,30,280.94,280.94,280.94,,1,UP,NO,NO,2026-10-09T00:05:31Z
2021-03-29T05:30:00Z,2021-03-29T07:30,2021-03-29T07:45,31,132.25,132.25,132.25,,1,UP,NO,NO,2026-10-09T00:05:31Z
2021-03-29T05:45:00Z,2021-03-29T07:45,2021-03-29T08:00,32,280.94,280.94,280.94,,1,UP,NO,NO,2026-10-09T00:05:31Z
2021-03-29T06:00:00Z,2021-03-29T08:00,2021-03-29T08:15,33,563.7,563.7,563.7,,1,UP,NO,NO,2026-10-09T00:05:31Z
2021-03-29T06:15:00Z,2021-03-29T08:15,2021-03-29T08:30,34,49.29,49.29,49.29,,1,UP,NO,NO,2026-10-09T00:05:31Z
2021-03-29T06:30:00Z,2021-03-29T08:30,2021-03-29T08:45,35,53.79,53.79,53.79,,1,UP,NO,NO,2026-10-09T00:05:31Z
2021-03-29T06:45:00Z,2021-03-29T08:45,2021-03-29T09:00,36,32.1,32.1,53.79,32.1,-1,DOWN,NO,NO,2026-10-09T00:05:31Z
2021-03-29T07:00:00Z,2021-03-29T09:00,2021-03-29T09:15,37,553.54,553.54,553.54,32.1,1,UP,NO,NO,2026-10-09T00:05:31Z
2021-03-29T07:15:00Z,2021-03-29T09:15,2021-03-29T09:30,38,-24.38,-24.38,553.54,-24.38,-1,DOWN,NO,NO,2026-10-09T00:05:31Z
2021-03-29T07:30:00Z,2021-03-29T09:30,2021-03-29T09:45,39,-33.09,-33.09,,-33.09,-1,DOWN,NO,NO,2026-10-09T00:05:31Z
2021-03-29T07:45:00Z,2021-03-29T09:45,2021-03-29T10:00,40,-70.22,-70.22,,-70.22,-1,DOWN,NO,NO,2026-10-09T00:05:31Z
2021-03-29T08:00:00Z,2021-03-29T10:00,2021-03-29T10:15,41,280.94,280.94,280.94,-70.22,1,UP,NO,NO,2026-10-09T00:05:31Z
2021-03-29T08:15:00Z,2021-03-29T10:15,2021-03-29T10:30,42,-59.8,-59.8,280.94,-59.8,-1,DOWN,NO,NO,2026-10-09T00:05:31Z
2021-03-29T08:30:00Z,2021-03-29T10:30,2021-03-29T10:45,43,-24.79,-24.79,,-24.79,-1,DOWN,NO,NO,2026-10-09T00:05:31Z
2021-03-29T08:45:00Z,2021-03-29T10:45,2021-03-29T11:00,44,-12.28,-12.28,,-12.28,-1,DOWN,NO,NO,2026-10-09T00:05:31Z
2021-03-29T09:00:00Z,2021-03-29T11:00,2021-03-29T11:15,45,98.54,23.52,98.54,23.52,2,UP_AND_DOWN,NO,NO,2026-10-09T00:05:31Z
2021-03-29T09:15:00Z,2021-03-29T11:15,2021-03-29T11:30,46,-44.76,-44.76,98.54,-44.76,-1,DOWN,NO,NO,2026-10-09T00:05:31Z
2021-03-29T09:30:00Z,2021-03-29T11:30,2021-03-29T11:45,47,-11.42,-11.42,,-11.42,-1,DOWN,NO,NO,2026-10-09T00:05:31Z
2021-03-29T09:45:00Z,2021-03-29T11:45,2021-03-29T12:00,48,-44.76,-44.76,,-44.76,-1,DOWN,NO,NO,2026-10-09T00:05:31Z
2021-03-29T10:00:00Z,2021-03-29T12:00,2021-03-29T12:15,49,78.54,39.54,78.54,39.54,2,UP_AND_DOWN,NO,NO,2026-10-09T00:05:31Z
2021-03-29T10:15:00Z,2021-03-29T12:15,2021-03-29T12:30,50,43.76,-77.19,43.76,-77.19,2,UP_AND_DOWN,NO,NO,2026-10-09T00:05:31Z
2021-03-29T10:30:00Z,2021-03-29T12:30,2021-03-29T12:45,51,-7.81,-7.81,,-7.81,-1,DOWN,NO,NO,2026-10-09T00:05:31Z
2021-03-29T10:45:00Z,2021-03-29T12:45,2021-03-29T13:00,52,-69.07,-69.07,,-69.07,-1,DOWN,NO,NO,2026-10-09T00:05:31Z
2021-03-29T11:00:00Z,2021-03-29T13:00,2021-03-29T13:15,53,48.09,-5.31,48.09,-5.31,2,UP_AND_DOWN,NO,NO,2026-10-09T00:05:31Z
2021-03-29T11:15:00Z,2021-03-29T13:15,2021-03-29T13:30,54,-68.86,-68.86,48.09,-68.86,-1,DOWN,NO,NO,2026-10-09T00:05:31Z
2021-03-29T11:30:00Z,2021-03-29T13:30,2021-03-29T13:45,55,-86.36,-86.36,,-86.36,-1,DOWN,NO,NO,2026-10-09T00:05:31Z
2021-03-29T11:45:00Z,2021-03-29T13:45,2021-03-29T14:00,56,-22.15,-22.15,,-22.15,-1,DOWN,NO,NO,2026-10-09T00:05:31Z
2021-03-29T12:00:00Z,2021-03-29T14:00,2021-03-29T14:15,57,-22.19,-22.19,,-22.19,-1,DOWN,NO,NO,2026-10-09T00:05:31Z
2021-03-29T12:15:00Z,2021-03-29T14:15,2021-03-29T14:30,58,-22.19,-22.19,,-22.19,-1,DOWN,NO,NO,2026-10-09T00:05:31Z
2021-03-29T12:30:00Z,2021-03-29T14:30,2021-03-29T14:45,59,-14.69,-14.69,,-14.69,-1,DOWN,NO,NO,2026-10-09T00:05:31Z
2021-03-29T12:45:00Z,2021-03-29T14:45,2021-03-29T15:00,60,-86.55,-86.55,,-86.55,-1,DOWN,NO,NO,2026-10-09T00:05:31Z
2021-03-29T13:00:00Z,2021-03-29T15:00,2021-03-29T15:15,61,-83.23,-83.23,,-83.23,-1,DOWN,NO,NO,2026-10-09T00:05:31Z
2021-03-29T13:15:00Z,2021-03-29T15:15,2021-03-29T15:30,62,-85.91,-85.91,,-85.91,-1,DOWN,NO,NO,2026-10-09T00:05:31Z
2021-03-29T13:30:00Z,2021-03-29T15:30,2021-03-29T15:45,63,-12.81,-12.81,,-12.81,-1,DOWN,NO,NO,2026-10-09T00:05:31Z
2021-03-29T13:45:00Z,2021-03-29T15:45,2021-03-29T16:00,64,-20.31,-20.31,,-20.31,-1,DOWN,NO,NO,2026-10-09T00:05:31Z
2021-03-29T14:00:00Z,2021-03-29T16:00,2021-03-29T16:15,65,-149.9,-149.9,,-149.9,-1,DOWN,NO,NO,2026-10-09T00:05:31Z
2021-03-29T14:15:00Z,2021-03-29T16:15,2021-03-29T16:30,66,-149.9,-149.9,,-149.9,-1,DOWN,NO,NO,2026-10-09T00:05:31Z
2021-03-29T14:30:00Z,2021-03-29T16:30,2021-03-29T16:45,67,-44.71,-44.71,,-44.71,-1,DOWN,NO,NO,2026-10-09T00:05:31Z
2021-03-29T14:45:00Z,2021-03-29T16:45,2021-03-29T17:00,68,-59.71,-59.71,,-59.71,-1,DOWN,NO,NO,2026-10-09T00:05:31Z
2021-03-29T15:00:00Z,2021-03-29T17:00,2021-03-29T17:15,69,28.54,28.54,,28.54,-1,DOWN,NO,NO,2026-10-09T00:05:31Z
2021-03-29T15:15:00Z,2021-03-29T17:15,2021-03-29T17:30,70,43.11,43.11,,,0,STABLE,NO,NO,2026-10-09T00:05:31Z
2021-03-29T15:30:00Z,2021-03-29T17:30,2021-03-29T17:45,71,15,15,,15,-1,DOWN,NO,NO,2026-10-09T00:05:31Z
2021-03-29T15:45:00Z,2021-03-29T17:45,2021-03-29T18:00,72,-130.33,-130.33,,-130.33,-1,DOWN,NO,NO,2026-10-09T00:05:31Z
2021-03-29T16:00:00Z,2021-03-29T18:00,2021-03-29T18:15,73,34.27,34.27,,,0,STABLE,NO,NO,2026-10-09T00:05:31Z
2021-03-29T16:15:00Z,2021-03-29T18:15,2021-03-29T18:30,74,-46.67,-46.67,,-46.67,-1,DOWN,NO,NO,2026-10-09T00:05:31Z
2021-03-29T16:30:00Z,2021-03-29T18:30,2021-03-29T18:45,75,45.21,45.21,,,0,STABLE,NO,NO,2026-10-09T00:05:31Z
2021-03-29T16:45:00Z,2021-03-29T18:45,2021-03-29T19:00,76,51.13,51.13,51.13,,1,UP,NO,NO,2026-10-09T00:05:31Z
2021-03-29T17:00:00Z,2021-03-29T19:00,2021-03-29T19:15,77,34.29,34.29,49.29,34.29,-1,DOWN,NO,NO,2026-10-09T00:05:31Z
2021-03-29T17:15:00Z,2021-03-29T19:15,2021-03-29T19:30,78,31.56,31.56,,31.56,-1,DOWN,NO,NO,2026-10-09T00:05:31Z
2021-03-29T17:30:00Z,2021-03-29T19:30,2021-03-29T19:45,79,49.36,49.36,49.36,31.56,1,UP,NO,NO,2026-10-09T00:05:31Z
2021-03-29T17:45:00Z,2021-03-29T19:45,2021-03-29T20:00,80,58.22,58.22,58.22,,1,UP,NO,NO,2026-10-09T00:05:31Z
2021-03-29T18:00:00Z,2021-03-29T20:00,2021-03-29T20:15,81,43.53,43.53,58.22,43.53,-1,DOWN,NO,NO,2026-10-09T00:05:31Z
2021-03-29T18:15:00Z,2021-03-29T20:15,2021-03-29T20:30,82,45.47,45.47,,,0,STABLE,NO,NO,2026-10-09T00:05:31Z
2021-03-29T18:30:00Z,2021-03-29T20:30,2021-03-29T20:45,83,38,38,,38,-1,DOWN,NO,NO,2026-10-09T00:05:31Z
2021-03-29T18:45:00Z,2021-03-29T20:45,2021-03-29T21:00,84,28.53,28.53,,28.53,-1,DOWN,NO,NO,2026-10-09T00:05:31Z
2021-03-29T19:00:00Z,2021-03-29T21:00,2021-03-29T21:15,85,18.83,18.83,,18.83,-1,DOWN,NO,NO,2026-10-09T00:05:31Z
2021-03-29T19:15:00Z,2021-03-29T21:15,2021-03-29T21:30,86,36.78,36.78,,36.78,-1,DOWN,NO,NO,2026-10-09T00:05:31Z
2021-03-29T19:30:00Z,2021-03-29T21:30,2021-03-29T21:45,87,22.29,22.29,,22.29,-1,DOWN,NO,NO,2026-10-09T00:05:31Z
2021-03-29T19:45:00Z,2021-03-29T21:45,2021-03-29T22:00,88,33.03,33.03,,33.03,-1,DOWN,NO,NO,2026-10-09T00:05:31Z
2021-03-29T20:00:00Z,2021-03-29T22:00,2021-03-29T22:15,89,86.94,86.94,86.94,35.71,1,UP,NO,NO,2026-10-09T00:05:31Z
2021-03-29T20:15:00Z,2021-03-29T22:15,2021-03-29T22:30,90,34.29,34.29,86.94,34.29,-1,DOWN,NO,NO,2026-10-09T00:05:31Z
2021-03-29T20:30:00Z,2021-03-29T22:30,2021-03-29T22:45,91,23.66,23.66,,23.66,-1,DOWN,NO,NO,2026-10-09T00:05:31Z
2021-03-29T20:45:00Z,2021-03-29T22:45,2021-03-29T23:00,92,12.29,12.29,,12.29,-1,DOWN,NO,NO,2026-10-09T00:05:31Z
2021-03-29T21:00:00Z,2021-03-29T23:00,2021-03-29T23:15,93,52.29,52.29,52.29,12.29,1,UP,NO,NO,2026-10-09T00:05:31Z
2021-03-29T21:15:00Z,2021-03-29T23:15,2021-03-29T23:30,94,34.29,34.29,,34.29,-1,DOWN,NO,NO,2026-10-09T00:05:31Z
2021-03-29T21:30:00Z,2021-03-29T23:30,2021-03-29T23:45,95,34.29,34.29,,34.29,-1,DOWN,NO,NO,2026-10-09T00:05:31Z
2021-03-29T21:45:00Z,2021-03-29T23:45,2021-03-30T00:00,96,26.91,26.91,,26.91,-1,DOWN,NO,NO,2026-10-09T00:05:31Z
2021-03-29T22:00:00Z,2021-03-30T00:00,2021-03-30T00:15,1,30.67,30.67,,30.67,-1,DOWN,NO,NO,2026-10-09T00:05:31Z
2021-03-29T22:15:00Z,2021-03-30T00:15,2021-03-30T00:30,2,52.18,52.18,52.18,29.58,1,UP,NO,NO,2026-10-09T00:05:31Z
2021-03-29T22:30:00Z,2021-03-30T00:30,2021-03-30T00:45,3,47.11,47.11,,,0,STABLE,NO,NO,2026-10-09T00:05:31Z
2021-03-29T22:45:00Z,2021-03-30T00:45,2021-03-30T01:00,4,47.12,47.12,,,0,STABLE,NO,NO,2026-10-09T00:05:31Z
2021-03-29T23:00:00Z,2021-03-30T01:00,2021-03-30T01:15,5,39.9,39.9,,39.9,-1,DOWN,NO,NO,2026-10-09T00:05:31Z
2021-03-29T23:15:00Z,2021-03-30T01:15,2021-03-30T01:30,6,42.52,42.52,,42.52,-1,DOWN,NO,NO,2026-10-09T00:05:31Z
2021-03-29T23:30:00Z,2021-03-30T01:30,2021-03-30T01:45,7,47.17,47.17,,,0,STABLE,NO,NO,2026-10-09T00:05:31Z
2021-03-29T23:45:00Z,2021-03-30T01:45,2021-03-30T02:00,8,37.29,37.29,,37.29,-1,DOWN,NO,NO,2026-10-09T00:05:31Z
2021-03-30T00:00:00Z,2021-03-30T02:00,2021-03-30T02:15,9,37.29,37.29,,37.29,-1,DOWN,NO,NO,2026-10-09T00:05:31Z
2021-03-30T00:15:00Z,2021-03-30T02:15,2021-03-30T02:30,10,44.87,44.87,,,0,STABLE,NO,NO,2026-10-09T00:05:31Z
2021-03-30T00:30:00Z,2021-03-30T02:30,2021-03-30T02:45,11,44.83,44.83,,,0,STABLE,NO,NO,2026-10-09T00:05:31Z
2021-03-30T00:45:00Z,2021-03-30T02:45,2021-03-30T03:00,12,44.79,44.79,,,0,STABLE,NO,NO,2026-10-09T00:05:31Z
2021-03-30T01:00:00Z,2021-03-30T03:00,2021-03-30T03:15,13,44.97,44.97,,,0,STABLE,NO,NO,2026-10-09T00:05:31Z
2021-03-30T01:15:00Z,2021-03-30T03:15,2021-03-30T03:30,14,47.35,47.35,47.35,,1,UP,NO,NO,2026-10-09T00:05:31Z
2021-03-30T01:30:00Z,2021-03-30T03:30,2021-03-30T03:45,15,55.53,55.53,55.53,,1,UP,NO,NO,2026-10-09T00:05:31Z
2021-03-30T01:45:00Z,2021-03-30T03:45,2021-03-30T04:00,16,78.81,78.81,78.81,,1,UP,NO,NO,2026-10-09T00:05:31Z
2021-03-30T02:00:00Z,2021-03-30T04:00,2021-03-30T04:15,17,44.95,44.95,78.81,44.95,-1,DOWN,NO,NO,2026-10-09T00:05:31Z
2021-03-30T02:15:00Z,2021-03-30T04:15,2021-03-30T04:30,18,44.95,44.95,,44.95,-1,DOWN,NO,NO,2026-10-09T00:05:31Z
2021-03-30T02:30:00Z,2021-03-30T04:30,2021-03-30T04:45,19,65.13,65.13,65.13,,1,UP,NO,NO,2026-10-09T00:05:31Z
2021-03-30T02:45:00Z,2021-03-30T04:45,2021-03-30T05:00,20,94.04,94.04,94.04,,1,UP,NO,NO,2026-10-09T00:05:31Z
2021-03-30T03:00:00Z,2021-03-30T05:00,2021-03-30T05:15,21,59.82,59.82,59.82,,1,UP,NO,NO,2026-10-09T00:05:31Z
2021-03-30T03:15:00Z,2021-03-30T05:15,2021-03-30T05:30,22,50.13,50.13,50.13,,1,UP,NO,NO,2026-10-09T00:05:31Z
2021-03-30T03:30:00Z,2021-03-30T05:30,2021-03-30T05:45,23,59.82,59.82,59.82,,1,UP,NO,NO,2026-10-09T00:05:31Z
2021-03-30T03:45:00Z,2021-03-30T05:45,2021-03-30T06:00,24,53.73,53.73,,,0,STABLE,NO,NO,2026-10-09T00:05:31Z
2021-03-30T04:00:00Z,2021-03-30T06:00,2021-03-30T06:15,25,41.85,41.85,,41.85,-1,DOWN,NO,NO,2026-10-09T00:05:31Z
2021-03-30T04:15:00Z,2021-03-30T06:15,2021-03-30T06:30,26,40.98,40.98,,40.98,-1,DOWN,NO,NO,2026-10-09T00:05:31Z
2021-03-30T04:30:00Z,2021-03-30T06:30,2021-03-30T06:45,27,51.06,51.06,51.06,,1,UP,NO,NO,2026-10-09T00:05:31Z
2021-03-30T04:45:00Z,2021-03-30T06:45,2021-03-30T07:00,28,212.74,212.74,212.74,,1,UP,NO,NO,2026-10-09T00:05:31Z
2021-03-30T05:00:00Z,2021-03-30T07:00,2021-03-30T07:15,29,56.72,42.28,54.82,42.28,2,UP_AND_DOWN,NO,NO,2026-10-09T00:05:31Z
2021-03-30T05:15:00Z,2021-03-30T07:15,2021-03-30T07:30,30,134.82,134.82,134.82,61.26,1,UP,NO,NO,2026-10-09T00:05:31Z
2021-03-30T05:30:00Z,2021-03-30T07:30,2021-03-30T07:45,31,709.29,709.29,709.29,,1,UP,NO,NO,2026-10-09T00:05:31Z
2021-03-30T05:45:00Z,2021-03-30T07:45,2021-03-30T08:00,32,56.72,56.72,,,0,STABLE,NO,NO,2026-10-09T00:05:31Z
2021-03-30T06:00:00Z,2021-03-30T08:00,2021-03-30T08:15,33,61.34,61.34,,61.34,-1,DOWN,NO,NO,2026-10-09T00:05:31Z
2021-03-30T06:15:00Z,2021-03-30T08:15,2021-03-30T08:30,34,46.95,46.95,46.95,,1,UP,NO,NO,2026-10-09T00:05:31Z
2021-03-30T06:30:00Z,2021-03-30T08:30,2021-03-30T08:45,35,54.14,54.14,,,0,STABLE,NO,NO,2026-10-09T00:05:31Z
2021-03-30T06:45:00Z,2021-03-30T08:45,2021-03-30T09:00,36,39.53,39.53,,39.53,-1,DOWN,NO,NO,2026-10-09T00:05:31Z
2021-03-30T07:00:00Z,2021-03-30T09:00,2021-03-30T09:15,37,450,450,450,42.17,1,UP,NO,NO,2026-10-09T00:05:31Z
2021-03-30T07:15:00Z,2021-03-30T09:15,2021-03-30T09:30,38,337.74,43.29,337.74,43.29,2,UP_AND_DOWN,NO,NO,2026-10-09T00:05:31Z
2021-03-30T07:30:00Z,2021-03-30T09:30,2021-03-30T09:45,39,10,10,337.74,10,-1,DOWN,NO,NO,2026-10-09T00:05:31Z
2021-03-30T07:45:00Z,2021-03-30T09:45,2021-03-30T10:00,40,-3,-3,,-3,-1,DOWN,NO,NO,2026-10-09T00:05:31Z
2021-03-30T08:00:00Z,2021-03-30T10:00,2021-03-30T10:15,41,52.41,52.41,52.41,-3,1,UP,NO,NO,2026-10-09T00:05:31Z
2021-03-30T08:15:00Z,2021-03-30T10:15,2021-03-30T10:30,42,100.8,100.8,100.8,,1,UP,NO,NO,2026-10-09T00:05:31Z
2021-03-30T08:30:00Z,2021-03-30T10:30,2021-03-30T10:45,43,39.22,39.22,100.8,39.22,-1,DOWN,NO,NO,2026-10-09T00:05:31Z
2021-03-30T08:45:00Z,2021-03-30T10:45,2021-03-30T11:00,44,41.88,41.88,,41.88,-1,DOWN,NO,NO,2026-10-09T00:05:31Z
2021-03-30T09:00:00Z,2021-03-30T11:00,2021-03-30T11:15,45,39.9,39.9,,39.9,-1,DOWN,NO,NO,2026-10-09T00:05:31Z
2021-03-30T09:15:00Z,2021-03-30T11:15,2021-03-30T11:30,46,78.66,78.66,78.66,,1,UP,NO,NO,2026-10-09T00:05:31Z
2021-03-30T09:30:00Z,2021-03-30T11:30,2021-03-30T11:45,47,44.47,44.47,44.47,,1,UP,NO,NO,2026-10-09T00:05:31Z
2021-03-30T09:45:00Z,2021-03-30T11:45,2021-03-30T12:00,48,52.41,52.41,52.41,,1,UP,NO,NO,2026-10-09T00:05:31Z
2021-03-30T10:00:00Z,2021-03-30T12:00,2021-03-30T12:15,49,31.23,31.23,52.41,31.23,-1,DOWN,NO,NO,2026-10-09T00:05:31Z
2021-03-30T10:15:00Z,2021-03-30T12:15,2021-03-30T12:30,50,35.65,35.65,,35.65,-1,DOWN,NO,NO,2026-10-09T00:05:31Z
2021-03-30T10:30:00Z,2021-03-30T12:30,2021-03-30T12:45,51,47.16,47.16,47.16,,1,UP,NO,NO,2026-10-09T00:05:31Z
2021-03-30T10:45:00Z,2021-03-30T12:45,2021-03-30T13:00,52,42.56,42.56,,,0,STABLE,NO,NO,2026-10-09T00:05:31Z
2021-03-30T11:00:00Z,2021-03-30T13:00,2021-03-30T13:15,53,12,12,,12,-1,DOWN,NO,NO,2026-10-09T00:05:31Z
2021-03-30T11:15:00Z,2021-03-30T13:15,2021-03-30T13:30,54,14,14,,14,-1,DOWN,NO,NO,2026-10-09T00:05:31Z
2021-03-30T11:30:00Z,2021-03-30T13:30,2021-03-30T13:45,55,-4.92,-4.92,,-4.92,-1,DOWN,NO,NO,2026-10-09T00:05:31Z
2021-03-30T11:45:00Z,2021-03-30T13:45,2021-03-30T14:00,56,15,15,,15,-1,DOWN,NO,NO,2026-10-09T00:05:31Z
2021-03-30T12:00:00Z,2021-03-30T14:00,2021-03-30T14:15,57,12,12,,12,-1,DOWN,NO,NO,2026-10-09T00:05:31Z
2021-03-30T12:15:00Z,2021-03-30T14:15,2021-03-30T14:30,58,37.34,37.34,,37.34,-1,DOWN,NO,NO,2026-10-09T00:05:31Z
2021-03-30T12:30:00Z,2021-03-30T14:30,2021-03-30T14:45,59,36.7,36.7,,36.7,-1,DOWN,NO,NO,2026-10-09T00:05:31Z
2021-03-30T12:45:00Z,2021-03-30T14:45,2021-03-30T15:00,60,10,10,,10,-1,DOWN,NO,NO,2026-10-09T00:05:31Z
2021-03-30T13:00:00Z,2021-03-30T15:00,2021-03-30T15:15,61,39.9,39.9,,39.9,-1,DOWN,NO,NO,2026-10-09T00:05:31Z
2021-03-30T13:15:00Z,2021-03-30T15:15,2021-03-30T15:30,62,42,42,,,0,STABLE,NO,NO,2026-10-09T00:05:31Z
2021-03-30T13:30:00Z,2021-03-30T15:30,2021-03-30T15:45,63,43.01,43.01,,,0,STABLE,NO,NO,2026-10-09T00:05:31Z
2021-03-30T13:45:00Z,2021-03-30T15:45,2021-03-30T16:00,64,43.01,43.01,,,0,STABLE,NO,NO,2026-10-09T00:05:31Z
2021-03-30T14:00:00Z,2021-03-30T16:00,2021-03-30T16:15,65,38.45,38.45,,38.45,-1,DOWN,NO,NO,2026-10-09T00:05:31Z
2021-03-30T14:15:00Z,2021-03-30T16:15,2021-03-30T16:30,66,39.91,39.91,,39.91,-1,DOWN,NO,NO,2026-10-09T00:05:31Z
2021-03-30T14:30:00Z,2021-03-30T16:30,2021-03-30T16:45,67,49.41,30.95,49.41,30.95,2,UP_AND_DOWN,NO,NO,2026-10-09T00:05:31Z
2021-03-30T14:45:00Z,2021-03-30T16:45,2021-03-30T17:00,68,96.41,41.3,96.41,41.3,2,UP_AND_DOWN,NO,NO,2026-10-09T00:05:31Z
2021-03-30T15:00:00Z,2021-03-30T17:00,2021-03-30T17:15,69,36.53,36.53,,36.53,-1,DOWN,NO,NO,2026-10-09T00:05:31Z
2021-03-30T15:15:00Z,2021-03-30T17:15,2021-03-30T17:30,70,45.02,45.02,45.02,36.53,1,UP,NO,NO,2026-10-09T00:05:31Z
2021-03-30T15:30:00Z,2021-03-30T17:30,2021-03-30T17:45,71,281.79,281.79,281.79,,1,UP,NO,NO,2026-10-09T00:05:31Z
2021-03-30T15:45:00Z,2021-03-30T17:45,2021-03-30T18:00,72,281.79,281.79,281.79,,1,UP,NO,NO,2026-10-09T00:05:31Z
2021-03-30T16:00:00Z,2021-03-30T18:00,2021-03-30T18:15,73,50.88,36.53,50.88,36.53,2,UP_AND_DOWN,NO,NO,2026-10-09T00:05:31Z
2021-03-30T16:15:00Z,2021-03-30T18:15,2021-03-30T18:30,74,97.32,97.32,97.32,36.53,1,UP,NO,NO,2026-10-09T00:05:31Z
2021-03-30T16:30:00Z,2021-03-30T18:30,2021-03-30T18:45,75,734.29,734.29,734.29,,1,UP,NO,NO,2026-10-09T00:05:31Z
2021-03-30T16:45:00Z,2021-03-30T18:45,2021-03-30T19:00,76,734.29,734.29,734.29,,1,UP,NO,NO,2026-10-09T00:05:31Z
2021-03-30T17:00:00Z,2021-03-30T19:00,2021-03-30T19:15,77,2.48,2.48,734.29,2.48,-1,DOWN,NO,NO,2026-10-09T00:05:31Z
2021-03-30T17:15:00Z,2021-03-30T19:15,2021-03-30T19:30,78,36.7,36.7,,36.7,-1,DOWN,NO,NO,2026-10-09T00:05:31Z
2021-03-30T17:30:00Z,2021-03-30T19:30,2021-03-30T19:45,79,56.72,43.1,56.72,43.1,2,UP_AND_DOWN,NO,NO,2026-10-09T00:05:31Z
2021-03-30T17:45:00Z,2021-03-30T19:45,2021-03-30T20:00,80,400.24,55.38,400.24,64.34,2,UP_AND_DOWN,NO,NO,2026-10-09T00:05:31Z
2021-03-30T18:00:00Z,2021-03-30T20:00,2021-03-30T20:15,81,40.62,40.62,400.24,40.62,-1,DOWN,NO,NO,2026-10-09T00:05:31Z
2021-03-30T18:15:00Z,2021-03-30T20:15,2021-03-30T20:30,82,54.65,54.65,,,0,STABLE,NO,NO,2026-10-09T00:05:31Z
2021-03-30T18:30:00Z,2021-03-30T20:30,2021-03-30T20:45,83,54.65,54.65,,,0,STABLE,NO,NO,2026-10-09T00:05:31Z
2021-03-30T18:45:00Z,2021-03-30T20:45,2021-03-30T21:00,84,54.66,54.66,,,0,STABLE,NO,NO,2026-10-09T00:05:31Z
2021-03-30T19:00:00Z,2021-03-30T21:00,2021-03-30T21:15,85,50.21,50.21,50.21,,1,UP,NO,NO,2026-10-09T00:05:31Z
2021-03-30T19:15:00Z,2021-03-30T21:15,2021-03-30T21:30,86,69.69,69.69,69.69,,1,UP,NO,NO,2026-10-09T00:05:31Z
2021-03-30T19:30:00Z,2021-03-30T21:30,2021-03-30T21:45,87,48.44,48.44,48.44,,1,UP,NO,NO,2026-10-09T00:05:31Z
2021-03-30T19:45:00Z,2021-03-30T21:45,2021-03-30T22:00,88,62.28,62.28,48.44,62.28,-1,DOWN,NO,NO,2026-10-09T00:05:31Z
2021-03-30T20:00:00Z,2021-03-30T22:00,2021-03-30T22:15,89,44.93,42.12,44.91,42.12,2,UP_AND_DOWN,NO,NO,2026-10-09T00:05:31Z
2021-03-30T20:15:00Z,2021-03-30T22:15,2021-03-30T22:30,90,44.94,44.94,44.94,,1,UP,NO,NO,2026-10-09T00:05:31Z
2021-03-30T20:30:00Z,2021-03-30T22:30,2021-03-30T22:45,91,36.69,36.69,,36.69,-1,DOWN,NO,NO,2026-10-09T00:05:31Z
2021-03-30T20:45:00Z,2021-03-30T22:45,2021-03-30T23:00,92,28.53,28.53,,28.53,-1,DOWN,NO,NO,2026-10-09T00:05:31Z
2021-03-30T21:00:00Z,2021-03-30T23:00,2021-03-30T23:15,93,107.65,107.65,107.65,28.53,1,UP,NO,NO,2026-10-09T00:05:31Z
2021-03-30T21:15:00Z,2021-03-30T23:15,2021-03-30T23:30,94,47.16,47.16,47.16,,1,UP,NO,NO,2026-10-09T00:05:31Z
2021-03-30T21:30:00Z,2021-03-30T23:30,2021-03-30T23:45,95,45.01,45.01,,,0,STABLE,NO,NO,2026-10-09T00:05:31Z
2021-03-30T21:45:00Z,2021-03-30T23:45,2021-03-31T00:00,96,42.87,42.87,,42.87,-1,DOWN,NO,NO,2026-10-09T00:05:31Z
2021-03-30T22:00:00Z,2021-03-31T00:00,2021-03-31T00:15,1,281.79,281.79,281.79,42.87,1,UP,NO,NO,2026-10-09T00:05:31Z
2021-03-30T22:15:00Z,2021-03-31T00:15,2021-03-31T00:30,2,52.58,52.58,52.58,,1,UP,NO,NO,2026-10-09T00:05:31Z
2021-03-30T22:30:00Z,2021-03-31T00:30,2021-03-31T00:45,3,49.59,49.59,,,0,STABLE,NO,NO,2026-10-09T00:05:31Z
2021-03-30T22:45:00Z,2021-03-31T00:45,2021-03-31T01:00,4,48.19,48.19,,,0,STABLE,NO,NO,2026-10-09T00:05:31Z
2021-03-30T23:00:00Z,2021-03-31T01:00,2021-03-31T01:15,5,139.57,139.57,139.57,,1,UP,NO,NO,2026-10-09T00:05:31Z
2021-03-30T23:15:00Z,2021-03-31T01:15,2021-03-31T01:30,6,134.57,134.57,134.57,,1,UP,NO,NO,2026-10-09T00:05:31Z
2021-03-30T23:30:00Z,2021-03-31T01:30,2021-03-31T01:45,7,49.03,49.03,49.03,,1,UP,NO,NO,2026-10-09T00:05:31Z
2021-03-30T23:45:00Z,2021-03-31T01:45,2021-03-31T02:00,8,44.84,44.84,49.03,44.84,-1,DOWN,NO,NO,2026-10-09T00:05:31Z
2021-03-31T00:00:00Z,2021-03-31T02:00,2021-03-31T02:15,9,43.26,43.26,,43.26,-1,DOWN,NO,NO,2026-10-09T00:05:31Z
2021-03-31T00:15:00Z,2021-03-31T02:15,2021-03-31T02:30,10,33.42,33.42,,33.42,-1,DOWN,NO,NO,2026-10-09T00:05:31Z
2021-03-31T00:30:00Z,2021-03-31T02:30,2021-03-31T02:45,11,38.12,38.12,,38.12,-1,DOWN,NO,NO,2026-10-09T00:05:31Z
2021-03-31T00:45:00Z,2021-03-31T02:45,2021-03-31T03:00,12,36.72,36.72,,36.72,-1,DOWN,NO,NO,2026-10-09T00:05:31Z
2021-03-31T01:00:00Z,2021-03-31T03:00,2021-03-31T03:15,13,40.52,40.52,,40.52,-1,DOWN,NO,NO,2026-10-09T00:05:31Z
2021-03-31T01:15:00Z,2021-03-31T03:15,2021-03-31T03:30,14,49.96,49.96,,,0,STABLE,NO,NO,2026-10-09T00:05:31Z
2021-03-31T01:30:00Z,2021-03-31T03:30,2021-03-31T03:45,15,41.5,41.5,,41.5,-1,DOWN,NO,NO,2026-10-09T00:05:31Z
2021-03-31T01:45:00Z,2021-03-31T03:45,2021-03-31T04:00,16,38.95,38.95,,38.95,-1,DOWN,NO,NO,2026-10-09T00:05:31Z
2021-03-31T02:00:00Z,2021-03-31T04:00,2021-03-31T04:15,17,38.95,38.95,,38.95,-1,DOWN,NO,NO,2026-10-09T00:05:31Z
2021-03-31T02:15:00Z,2021-03-31T04:15,2021-03-31T04:30,18,46.83,46.83,,46.83,-1,DOWN,NO,NO,2026-10-09T00:05:31Z
2021-03-31T02:30:00Z,2021-03-31T04:30,2021-03-31T04:45,19,42.52,42.52,,42.52,-1,DOWN,NO,NO,2026-10-09T00:05:31Z
2021-03-31T02:45:00Z,2021-03-31T04:45,2021-03-31T05:00,20,38.95,38.95,,38.95,-1,DOWN,NO,NO,2026-10-09T00:05:31Z
2021-03-31T03:00:00Z,2021-03-31T05:00,2021-03-31T05:15,21,35.74,35.74,,35.74,-1,DOWN,NO,NO,2026-10-09T00:05:31Z
2021-03-31T03:15:00Z,2021-03-31T05:15,2021-03-31T05:30,22,37.6,37.6,,37.6,-1,DOWN,NO,NO,2026-10-09T00:05:31Z
2021-03-31T03:30:00Z,2021-03-31T05:30,2021-03-31T05:45,23,44.14,44.14,,44.14,-1,DOWN,NO,NO,2026-10-09T00:05:31Z
2021-03-31T03:45:00Z,2021-03-31T05:45,2021-03-31T06:00,24,47.33,47.33,,47.33,-1,DOWN,NO,NO,2026-10-09T00:05:31Z
2021-03-31T04:00:00Z,2021-03-31T06:00,2021-03-31T06:15,25,40.3,40.3,,40.3,-1,DOWN,NO,NO,2026-10-09T00:05:31Z
2021-03-31T04:15:00Z,2021-03-31T06:15,2021-03-31T06:30,26,42.63,42.63,,42.63,-1,DOWN,NO,NO,2026-10-09T00:05:31Z
2021-03-31T04:30:00Z,2021-03-31T06:30,2021-03-31T06:45,27,46.15,46.15,,,0,STABLE,NO,NO,2026-10-09T00:05:31Z
2021-03-31T04:45:00Z,2021-03-31T06:45,2021-03-31T07:00,28,51.48,51.48,51.48,,1,UP,NO,NO,2026-10-09T00:05:31Z
2021-03-31T05:00:00Z,2021-03-31T07:00,2021-03-31T07:15,29,53.91,53.91,53.91,,1,UP,NO,NO,2026-10-09T00:05:31Z
2021-03-31T05:15:00Z,2021-03-31T07:15,2021-03-31T07:30,30,51.17,51.17,51.17,,1,UP,NO,NO,2026-10-09T00:05:31Z
2021-03-31T05:30:00Z,2021-03-31T07:30,2021-03-31T07:45,31,209.57,209.57,209.57,,1,UP,NO,NO,2026-10-09T00:05:31Z
2021-03-31T05:45:00Z,2021-03-31T07:45,2021-03-31T08:00,32,337.47,337.47,337.47,,1,UP,NO,NO,2026-10-09T00:05:31Z
2021-03-31T06:00:00Z,2021-03-31T08:00,2021-03-31T08:15,33,47.3,47.3,337.47,47.3,-1,DOWN,NO,NO,2026-10-09T00:05:31Z
2021-03-31T06:15:00Z,2021-03-31T08:15,2021-03-31T08:30,34,46.86,46.86,,,0,STABLE,NO,NO,2026-10-09T00:05:31Z
2021-03-31T06:30:00Z,2021-03-31T08:30,2021-03-31T08:45,35,39.29,39.29,,39.29,-1,DOWN,NO,NO,2026-10-09T00:05:31Z
2021-03-31T06:45:00Z,2021-03-31T08:45,2021-03-31T09:00,36,33.77,33.77,,33.77,-1,DOWN,NO,NO,2026-10-09T00:05:31Z
2021-03-31T07:00:00Z,2021-03-31T09:00,2021-03-31T09:15,37,51.52,51.52,51.52,33.77,1,UP,NO,NO,2026-10-09T00:05:31Z
2021-03-31T07:15:00Z,2021-03-31T09:15,2021-03-31T09:30,38,43.74,43.74,51.52,43.74,-1,DOWN,NO,NO,2026-10-09T00:05:31Z
2021-03-31T07:30:00Z,2021-03-31T09:30,2021-03-31T09:45,39,9.29,9.29,,9.29,-1,DOWN,NO,NO,2026-10-09T00:05:31Z
2021-03-31T07:45:00Z,2021-03-31T09:45,2021-03-31T10:00,40,9.29,9.29,,9.29,-1,DOWN,NO,NO,2026-10-09T00:05:31Z
2021-03-31T08:00:00Z,2021-03-31T10:00,2021-03-31T10:15,41,54.59,54.59,54.59,9.29,1,UP,NO,NO,2026-10-09T00:05:31Z
2021-03-31T08:15:00Z,2021-03-31T10:15,2021-03-31T10:30,42,49.96,47.61,49.96,47.61,2,UP_AND_DOWN,NO,NO,2026-10-09T00:05:31Z
2021-03-31T08:30:00Z,2021-03-31T10:30,2021-03-31T10:45,43,36.29,36.29,,36.29,-1,DOWN,NO,NO,2026-10-09T00:05:31Z
2021-03-31T08:45:00Z,2021-03-31T10:45,2021-03-31T11:00,44,36.29,36.29,,36.29,-1,DOWN,NO,NO,2026-10-09T00:05:31Z
2021-03-31T09:00:00Z,2021-03-31T11:00,2021-03-31T11:15,45,47.34,47.34,,47.34,-1,DOWN,NO,NO,2026-10-09T00:05:31Z
2021-03-31T09:15:00Z,2021-03-31T11:15,2021-03-31T11:30,46,46.02,46.02,,,0,STABLE,NO,NO,2026-10-09T00:05:31Z
2021-03-31T09:30:00Z,2021-03-31T11:30,2021-03-31T11:45,47,44.79,44.79,44.79,,1,UP,NO,NO,2026-10-09T00:05:31Z
2021-03-31T09:45:00Z,2021-03-31T11:45,2021-03-31T12:00,48,114.07,114.07,114.07,,1,UP,NO,NO,2026-10-09T00:05:31Z
2021-03-31T10:00:00Z,2021-03-31T12:00,2021-03-31T12:15,49,46.22,46.22,46.22,,1,UP,NO,NO,2026-10-09T00:05:31Z
2021-03-31T10:15:00Z,2021-03-31T12:15,2021-03-31T12:30,50,44.77,44.77,44.77,,1,UP,NO,NO,2026-10-09T00:05:31Z
2021-03-31T10:30:00Z,2021-03-31T12:30,2021-03-31T12:45,51,39.29,39.29,,39.29,-1,DOWN,NO,NO,2026-10-09T00:05:31Z
2021-03-31T10:45:00Z,2021-03-31T12:45,2021-03-31T13:00,52,33.77,33.77,,33.77,-1,DOWN,NO,NO,2026-10-09T00:05:31Z
2021-03-31T11:00:00Z,2021-03-31T13:00,2021-03-31T13:15,53,49.16,39.29,49.16,39.29,2,UP_AND_DOWN,NO,NO,2026-10-09T00:05:31Z
2021-03-31T11:15:00Z,2021-03-31T13:15,2021-03-31T13:30,54,49.16,49.16,49.16,,1,UP,NO,NO,2026-10-09T00:05:31Z
2021-03-31T11:30:00Z,2021-03-31T13:30,2021-03-31T13:45,55,45.48,45.48,45.48,,1,UP,NO,NO,2026-10-09T00:05:31Z
2021-03-31T11:45:00Z,2021-03-31T13:45,2021-03-31T14:00,56,47.1,47.1,45.55,47.1,-1,DOWN,NO,NO,2026-10-09T00:05:31Z
2021-03-31T12:00:00Z,2021-03-31T14:00,2021-03-31T14:15,57,111.97,111.97,111.97,47.1,1,UP,NO,NO,2026-10-09T00:05:31Z
2021-03-31T12:15:00Z,2021-03-31T14:15,2021-03-31T14:30,58,116.58,116.58,116.58,,1,UP,NO,NO,2026-10-09T00:05:31Z
2021-03-31T12:30:00Z,2021-03-31T14:30,2021-03-31T14:45,59,45.21,45.21,,,0,STABLE,NO,NO,2026-10-09T00:05:31Z
2021-03-31T12:45:00Z,2021-03-31T14:45,2021-03-31T15:00,60,44.27,44.27,,,0,STABLE,NO,NO,2026-10-09T00:05:31Z
2021-03-31T13:00:00Z,2021-03-31T15:00,2021-03-31T15:15,61,45.15,45.15,,45.15,-1,DOWN,NO,NO,2026-10-09T00:05:31Z
2021-03-31T13:15:00Z,2021-03-31T15:15,2021-03-31T15:30,62,43.56,43.56,,43.56,-1,DOWN,NO,NO,2026-10-09T00:05:31Z
2021-03-31T13:30:00Z,2021-03-31T15:30,2021-03-31T15:45,63,45.04,45.04,,45.04,-1,DOWN,NO,NO,2026-10-09T00:05:31Z
2021-03-31T13:45:00Z,2021-03-31T15:45,2021-03-31T16:00,64,46.23,46.23,46.23,,1,UP,NO,NO,2026-10-09T00:05:31Z
2021-03-31T14:00:00Z,2021-03-31T16:00,2021-03-31T16:15,65,49.43,49.43,49.43,,1,UP,NO,NO,2026-10-09T00:05:31Z
2021-03-31T14:15:00Z,2021-03-31T16:15,2021-03-31T16:30,66,45.48,45.48,45.48,,1,UP,NO,NO,2026-10-09T00:05:31Z
2021-03-31T14:30:00Z,2021-03-31T16:30,2021-03-31T16:45,67,69.44,69.44,69.44,,1,UP,NO,NO,2026-10-09T00:05:31Z
2021-03-31T14:45:00Z,2021-03-31T16:45,2021-03-31T17:00,68,99.77,99.77,99.77,,1,UP,NO,NO,2026-10-09T00:05:31Z
2021-03-31T15:00:00Z,2021-03-31T17:00,2021-03-31T17:15,69,41.24,41.24,99.77,41.24,-1,DOWN,NO,NO,2026-10-09T00:05:31Z
2021-03-31T15:15:00Z,2021-03-31T17:15,2021-03-31T17:30,70,46.23,46.23,46.23,,1,UP,NO,NO,2026-10-09T00:05:31Z
2021-03-31T15:30:00Z,2021-03-31T17:30,2021-03-31T17:45,71,282.85,282.85,282.85,,1,UP,NO,NO,2026-10-09T00:05:31Z
2021-03-31T15:45:00Z,2021-03-31T17:45,2021-03-31T18:00,72,282.85,282.85,282.85,,1,UP,NO,NO,2026-10-09T00:05:31Z
2021-03-31T16:00:00Z,2021-03-31T18:00,2021-03-31T18:15,73,50.76,50.76,50.76,,1,UP,NO,NO,2026-10-09T00:05:31Z
2021-03-31T16:15:00Z,2021-03-31T18:15,2021-03-31T18:30,74,47.84,47.84,,,0,STABLE,NO,NO,2026-10-09T00:05:31Z
2021-03-31T16:30:00Z,2021-03-31T18:30,2021-03-31T18:45,75,82.55,82.55,82.55,,1,UP,NO,NO,2026-10-09T00:05:31Z
2021-03-31T16:45:00Z,2021-03-31T18:45,2021-03-31T19:00,76,282.85,282.85,282.85,,1,UP,NO,NO,2026-10-09T00:05:31Z
2021-03-31T17:00:00Z,2021-03-31T19:00,2021-03-31T19:15,77,49.74,49.74,213.35,49.74,-1,DOWN,NO,NO,2026-10-09T00:05:31Z
2021-03-31T17:15:00Z,2021-03-31T19:15,2021-03-31T19:30,78,55.76,47.83,55.76,49.72,2,UP_AND_DOWN,NO,NO,2026-10-09T00:05:31Z
2021-03-31T17:30:00Z,2021-03-31T19:30,2021-03-31T19:45,79,75.8,75.8,75.8,,1,UP,NO,NO,2026-10-09T00:05:31Z
2021-03-31T17:45:00Z,2021-03-31T19:45,2021-03-31T20:00,80,282.85,282.85,282.85,,1,UP,NO,NO,2026-10-09T00:05:31Z
2021-03-31T18:00:00Z,2021-03-31T20:00,2021-03-31T20:15,81,38.55,38.55,282.85,38.55,-1,DOWN,NO,NO,2026-10-09T00:05:31Z
2021-03-31T18:15:00Z,2021-03-31T20:15,2021-03-31T20:30,82,81,81,81,49.73,1,UP,NO,NO,2026-10-09T00:05:31Z
2021-03-31T18:30:00Z,2021-03-31T20:30,2021-03-31T20:45,83,99.34,48.09,99.34,49.71,2,UP_AND_DOWN,NO,NO,2026-10-09T00:05:31Z
2021-03-31T18:45:00Z,2021-03-31T20:45,2021-03-31T21:00,84,51.8,48.09,51.8,48.24,2,UP_AND_DOWN,NO,NO,2026-10-09T00:05:31Z
2021-03-31T19:00:00Z,2021-03-31T21:00,2021-03-31T21:15,85,52.8,52.8,52.8,,1,UP,NO,NO,2026-10-09T00:05:31Z
2021-03-31T19:15:00Z,2021-03-31T21:15,2021-03-31T21:30,86,144.55,144.55,144.55,,1,UP,NO,NO,2026-10-09T00:05:31Z
2021-03-31T19:30:00Z,2021-03-31T21:30,2021-03-31T21:45,87,148.62,148.62,148.62,,1,UP,NO,NO,2026-10-09T00:05:31Z
2021-03-31T19:45:00Z,2021-03-31T21:45,2021-03-31T22:00,88,48.17,48.17,51.53,48.17,-1,DOWN,NO,NO,2026-10-09T00:05:31Z
2021-03-31T20:00:00Z,2021-03-31T22:00,2021-03-31T22:15,89,70.53,70.53,70.53,48.17,1,UP,NO,NO,2026-10-09T00:05:31Z
2021-03-31T20:15:00Z,2021-03-31T22:15,2021-03-31T22:30,90,58.06,58.06,58.06,,1,UP,NO,NO,2026-10-09T00:05:31Z
2021-03-31T20:30:00Z,2021-03-31T22:30,2021-03-31T22:45,91,76.12,76.12,76.12,,1,UP,NO,NO,2026-10-09T00:05:31Z
2021-03-31T20:45:00Z,2021-03-31T22:45,2021-03-31T23:00,92,47.16,47.16,,,0,STABLE,NO,NO,2026-10-09T00:05:31Z
2021-03-31T21:00:00Z,2021-03-31T23:00,2021-03-31T23:15,93,69.89,69.89,69.89,,1,UP,NO,NO,2026-10-09T00:05:31Z
2021-03-31T21:15:00Z,2021-03-31T23:15,2021-03-31T23:30,94,45.63,45.63,45.63,,1,UP,NO,NO,2026-10-09T00:05:31Z
2021-03-31T21:30:00Z,2021-03-31T23:30,2021-03-31T23:45,95,46.8,46.8,,,0,STABLE,NO,NO,2026-10-09T00:05:31Z
2021-03-31T21:45:00Z,2021-03-31T23:45,2021-04-01T00:00,96,33.77,33.77,,33.77,-1,DOWN,NO,NO,2026-10-09T00:05:31Z
2021-03-31T22:00:00Z,2021-04-01T00:00,2021-04-01T00:15,1,19.73,19.73,,19.73,-1,DOWN,NO,NO,2026-10-09T00:05:31Z
2021-03-31T22:15:00Z,2021-04-01T00:15,2021-04-01T00:30,2,48.15,48.15,48.15,,1,UP,NO,NO,2026-10-09T00:05:31Z
2021-03-31T22:30:00Z,2021-04-01T00:30,2021-04-01T00:45,3,45.29,45.29,45.29,,1,UP,NO,NO,2026-10-09T00:05:31Z
2021-03-31T22:45:00Z,2021-04-01T00:45,2021-04-01T01:00,4,51,51,51,,1,UP,NO,NO,2026-10-09T00:05:31Z
2021-03-31T23:00:00Z,2021-04-01T01:00,2021-04-01T01:15,5,104.53,104.53,104.53,,1,UP,NO,NO,2026-10-09T00:05:31Z
2021-03-31T23:15:00Z,2021-04-01T01:15,2021-04-01T01:30,6,145.05,145.05,145.05,,1,UP,NO,NO,2026-10-09T00:05:31Z
2021-03-31T23:30:00Z,2021-04-01T01:30,2021-04-01T01:45,7,48.29,48.29,48.29,,1,UP,NO,NO,2026-10-09T00:05:31Z
2021-03-31T23:45:00Z,2021-04-01T01:45,2021-04-01T02:00,8,45.6,45.6,45.6,,1,UP,NO,NO,2026-10-09T00:05:31Z
