begin_utc,begin_lokaal,eind_lokaal,isp,prijs_tekort,prijs_overschot,prijs_opregelen,prijs_afregelen,regeltoestand,regelconditie,noodreserve_op,noodreserve_af,opgehaald_op
2021-06-01T00:00:00Z,2021-06-01T02:00,2021-06-01T02:15,9,58.21,58.21,,,0,STABLE,NO,NO,2026-10-08T00:05:35Z
2021-06-01T00:15:00Z,2021-06-01T02:15,2021-06-01T02:30,10,58.21,58.21,,,0,STABLE,NO,NO,2026-10-08T00:05:35Z
2021-06-01T00:30:00Z,2021-06-01T02:30,2021-06-01T02:45,11,53.14,53.14,,53.14,-1,DOWN,NO,NO,2026-10-08T00:05:35Z
2021-06-01T00:45:00Z,2021-06-01T02:45,2021-06-01T03:00,12,53.14,53.14,,53.14,-1,DOWN,NO,NO,2026-10-08T00:05:35Z
2021-06-01T01:00:00Z,2021-06-01T03:00,2021-06-01T03:15,13,58.65,57.18,58.65,57.18,2,UP_AND_DOWN,NO,NO,2026-10-08T00:05:35Z
2021-06-01T01:15:00Z,2021-06-01T03:15,2021-06-01T03:30,14,58.65,58.65,58.65,,1,UP,NO,NO,2026-10-08T00:05:35Z
2021-06-01T01:30:00Z,2021-06-01T03:30,2021-06-01T03:45,15,59.09,59.09,59.09,,1,UP,NO,NO,2026-10-08T00:05:35Z
2021-06-01T01:45:00Z,2021-06-01T03:45,2021-06-01T04:00,16,60.11,60.11,60.11,,1,UP,NO,NO,2026-10-08T00:05:35Z
2021-06-01T02:00:00Z,2021-06-01T04:00,2021-06-01T04:15,17,58.28,58.28,,,0,STABLE,NO,NO,2026-10-08T00:05:35Z
2021-06-01T02:15:00Z,2021-06-01T04:15,2021-06-01T04:30,18,56.33,56.33,,56.33,-1,DOWN,NO,NO,2026-10-08T00:05:35Z
2021-06-01T02:30:00Z,2021-06-01T04:30,2021-06-01T04:45,19,58.23,58.23,,,0,STABLE,NO,NO,2026-10-08T00:05:35Z
2021-06-01T02:45:00Z,2021-06-01T04:45,2021-06-01T05:00,20,61.65,61.65,61.65,,1,UP,NO,NO,2026-10-08T00:05:35Z
2021-06-01T03:00:00Z,2021-06-01T05:00,2021-06-01T05:15,21,65.18,65.18,65.18,,1,UP,NO,NO,2026-10-08T00:05:35Z
2021-06-01T03:15:00Z,2021-06-01T05:15,2021-06-01T05:30,22,61.65,61.65,61.65,,1,UP,NO,NO,2026-10-08T00:05:35Z
2021-06-01T03:30:00Z,2021-06-01T05:30,2021-06-01T05:45,23,60.72,60.72,60.72,,1,UP,NO,NO,2026-10-08T00:05:35Z
2021-06-01T03:45:00Z,2021-06-01T05:45,2021-06-01T06:00,24,60.02,60.02,60.02,,1,UP,NO,NO,2026-10-08T00:05:35Z
2021-06-01T04:00:00Z,2021-06-01T06:00,2021-06-01T06:15,25,66.11,66.11,66.11,,1,UP,NO,NO,2026-10-08T00:05:35Z
2021-06-01T04:15:00Z,2021-06-01T06:15,2021-06-01T06:30,26,65.16,65.16,65.16,,1,UP,NO,NO,2026-10-08T00:05:35Z
2021-06-01T04:30:00Z,2021-06-01T06:30,2021-06-01T06:45,27,62.16,62.16,62.16,,1,UP,NO,NO,2026-10-08T00:05:35Z
2021-06-01T04:45:00Z,2021-06-01T06:45,2021-06-01T07:00,28,65.16,52.82,65.16,52.82,2,UP_AND_DOWN,NO,NO,2026-10-08T00:05:35Z
2021-06-01T05:00:00Z,2021-06-01T07:00,2021-06-01T07:15,29,46.74,46.74,65.16,46.74,-1,DOWN,NO,NO,2026-10-08T00:05:35Z
2021-06-01T05:15:00Z,2021-06-01T07:15,2021-06-01T07:30,30,58.69,58.69,,,0,STABLE,NO,NO,2026-10-08T00:05:35Z
2021-06-01T05:30:00Z,2021-06-01T07:30,2021-06-01T07:45,31,58.69,58.69,,,0,STABLE,NO,NO,2026-10-08T00:05:35Z
2021-06-01T05:45:00Z,2021-06-01T07:45,2021-06-01T08:00,32,58.69,58.69,,,0,STABLE,NO,NO,2026-10-08T00:05:35Z
2021-06-01T06:00:00Z,2021-06-01T08:00,2021-06-01T08:15,33,58.69,58.69,,,0,STABLE,NO,NO,2026-10-08T00:05:35Z
2021-06-01T06:15:00Z,2021-06-01T08:15,2021-06-01T08:30,34,54.74,54.74,,54.74,-1,DOWN,NO,NO,2026-10-08T00:05:35Z
2021-06-01T06:30:00Z,2021-06-01T08:30,2021-06-01T08:45,35,49.71,49.71,,49.71,-1,DOWN,NO,NO,2026-10-08T00:05:35Z
2021-06-01T06:45:00Z,2021-06-01T08:45,2021-06-01T09:00,36,49.74,49.74,,49.74,-1,DOWN,NO,NO,2026-10-08T00:05:35Z
2021-06-01T07:00:00Z,2021-06-01T09:00,2021-06-01T09:15,37,81.2,81.2,81.2,49.74,1,UP,NO,NO,2026-10-08T00:05:35Z
2021-06-01T07:15:00Z,2021-06-01T09:15,2021-06-01T09:30,38,65.16,65.16,65.16,,1,UP,NO,NO,2026-10-08T00:05:35Z
2021-06-01T07:30:00Z,2021-06-01T09:30,2021-06-01T09:45,39,58.26,58.26,,,0,STABLE,NO,NO,2026-10-08T00:05:35Z
2021-06-01T07:45:00Z,2021-06-01T09:45,2021-06-01T10:00,40,58.19,58.19,,,0,STABLE,NO,NO,2026-10-08T00:05:35Z
2021-06-01T08:00:00Z,2021-06-01T10:00,2021-06-01T10:15,41,69.16,69.16,69.16,,1,UP,NO,NO,2026-10-08T00:05:35Z
2021-06-01T08:15:00Z,2021-06-01T10:15,2021-06-01T10:30,42,84.95,84.95,84.95,,1,UP,NO,NO,2026-10-08T00:05:35Z
2021-06-01T08:30:00Z,2021-06-01T10:30,2021-06-01T10:45,43,57.82,57.82,,,0,STABLE,NO,NO,2026-10-08T00:05:35Z
2021-06-01T08:45:00Z,2021-06-01T10:45,2021-06-01T11:00,44,57.75,57.75,,,0,STABLE,NO,NO,2026-10-08T00:05:35Z
2021-06-01T09:00:00Z,2021-06-01T11:00,2021-06-01T11:15,45,58.52,58.52,,,0,STABLE,NO,NO,2026-10-08T00:05:35Z
2021-06-01T09:15:00Z,2021-06-01T11:15,2021-06-01T11:30,46,58.57,58.57,,,0,STABLE,NO,NO,2026-10-08T00:05:35Z
2021-06-01T09:30:00Z,2021-06-01T11:30,2021-06-01T11:45,47,57.81,57.81,,,0,STABLE,NO,NO,2026-10-08T00:05:35Z
2021-06-01T09:45:00Z,2021-06-01T11:45,2021-06-01T12:00,48,57.82,57.82,,,0,STABLE,NO,NO,2026-10-08T00:05:35Z
2021-06-01T10:00:00Z,2021-06-01T12:00,2021-06-01T12:15,49,57.8,57.8,,,0,STABLE,NO,NO,2026-10-08T00:05:35Z
2021-06-01T10:15:00Z,2021-06-01T12:15,2021-06-01T12:30,50,57.8,57.8,,,0,STABLE,NO,NO,2026-10-08T00:05:35Z
2021-06-01T10:30:00Z,2021-06-01T12:30,2021-06-01T12:45,51,56.41,56.41,,56.41,-1,DOWN,NO,NO,2026-10-08T00:05:35Z
2021-06-01T10:45:00Z,2021-06-01T12:45,2021-06-01T13:00,52,49.74,49.74,,49.74,-1,DOWN,NO,NO,2026-10-08T00:05:35Z
2021-06-01T11:00:00Z,2021-06-01T13:00,2021-06-01T13:15,53,58.38,52.74,58.31,52.74,2,UP_AND_DOWN,NO,NO,2026-10-08T00:05:35Z
2021-06-01T11:15:00Z,2021-06-01T13:15,2021-06-01T13:30,54,56.64,56.64,56.64,52.74,1,UP,NO,NO,2026-10-08T00:05:35Z
2021-06-01T11:30:00Z,2021-06-01T13:30,2021-06-01T13:45,55,56.74,56.74,,,0,STABLE,NO,NO,2026-10-08T00:05:35Z
2021-06-01T11:45:00Z,2021-06-01T13:45,2021-06-01T14:00,56,56.81,56.81,,56.81,-1,DOWN,NO,NO,2026-10-08T00:05:35Z
2021-06-01T12:00:00Z,2021-06-01T14:00,2021-06-01T14:15,57,61.4,61.4,61.4,56.78,1,UP,NO,NO,2026-10-08T00:05:35Z
2021-06-01T12:15:00Z,2021-06-01T14:15,2021-06-01T14:30,58,60.4,60.4,60.4,,1,UP,NO,NO,2026-10-08T00:05:35Z
2021-06-01T12:30:00Z,2021-06-01T14:30,2021-06-01T14:45,59,59.16,59.16,59.16,,1,UP,NO,NO,2026-10-08T00:05:35Z
2021-06-01T12:45:00Z,2021-06-01T14:45,2021-06-01T15:00,60,57.53,57.53,57.53,,1,UP,NO,NO,2026-10-08T00:05:35Z
2021-06-01T13:00:00Z,2021-06-01T15:00,2021-06-01T15:15,61,58.3,58.3,,,0,STABLE,NO,NO,2026-10-08T00:05:35Z
2021-06-01T13:15:00Z,2021-06-01T15:15,2021-06-01T15:30,62,56.33,56.33,,56.33,-1,DOWN,NO,NO,2026-10-08T00:05:35Z
2021-06-01T13:30:00Z,2021-06-01T15:30,2021-06-01T15:45,63,59.84,59.84,59.84,56.33,1,UP,NO,NO,2026-10-08T00:05:35Z
2021-06-01T13:45:00Z,2021-06-01T15:45,2021-06-01T16:00,64,59.16,54.74,59.16,54.74,2,UP_AND_DOWN,NO,NO,2026-10-08T00:05:35Z
2021-06-01T14:00:00Z,2021-06-01T16:00,2021-06-01T16:15,65,49.74,49.74,,49.74,-1,DOWN,NO,NO,2026-10-08T00:05:35Z
2021-06-01T14:15:00Z,2021-06-01T16:15,2021-06-01T16:30,66,52.74,52.74,,52.74,-1,DOWN,NO,NO,2026-10-08T00:05:35Z
2021-06-01T14:30:00Z,2021-06-01T16:30,2021-06-01T16:45,67,59.16,59.16,59.16,52.74,1,UP,NO,NO,2026-10-08T00:05:35Z
2021-06-01T14:45:00Z,2021-06-01T16:45,2021-06-01T17:00,68,61.83,61.83,61.83,,1,UP,NO,NO,2026-10-08T00:05:35Z
2021-06-01T15:00:00Z,2021-06-01T17:00,2021-06-01T17:15,69,61.61,53.39,61.61,53.39,2,UP_AND_DOWN,NO,NO,2026-10-08T00:05:35Z
2021-06-01T15:15:00Z,2021-06-01T17:15,2021-06-01T17:30,70,54.74,54.74,,54.74,-1,DOWN,NO,NO,2026-10-08T00:05:35Z
2021-06-01T15:30:00Z,2021-06-01T17:30,2021-06-01T17:45,71,60.08,60.08,,,0,STABLE,NO,NO,2026-10-08T00:05:35Z
2021-06-01T15:45:00Z,2021-06-01T17:45,2021-06-01T18:00,72,60.06,60.06,,,0,STABLE,NO,NO,2026-10-08T00:05:35Z
2021-06-01T16:00:00Z,2021-06-01T18:00,2021-06-01T18:15,73,28.48,28.48,,28.48,-1,DOWN,NO,NO,2026-10-08T00:05:35Z
2021-06-01T16:15:00Z,2021-06-01T18:15,2021-06-01T18:30,74,51.98,51.98,,51.98,-1,DOWN,NO,NO,2026-10-08T00:05:35Z
2021-06-01T16:30:00Z,2021-06-01T18:30,2021-06-01T18:45,75,61.8,61.8,61.8,,1,UP,NO,NO,2026-10-08T00:05:35Z
2021-06-01T16:45:00Z,2021-06-01T18:45,2021-06-01T19:00,76,309.78,309.78,309.78,,1,UP,NO,NO,2026-10-08T00:05:35Z
2021-06-01T17:00:00Z,2021-06-01T19:00,2021-06-01T19:15,77,61.95,51.98,61.95,51.98,2,UP_AND_DOWN,NO,NO,2026-10-08T00:05:35Z
2021-06-01T17:15:00Z,2021-06-01T19:15,2021-06-01T19:30,78,309.78,309.78,309.78,,1,UP,NO,NO,2026-10-08T00:05:35Z
2021-06-01T17:30:00Z,2021-06-01T19:30,2021-06-01T19:45,79,309.78,309.78,309.78,,1,UP,NO,NO,2026-10-08T00:05:35Z
2021-06-01T17:45:00Z,2021-06-01T19:45,2021-06-01T20:00,80,106.7,106.7,106.7,,1,UP,NO,NO,2026-10-08T00:05:35Z
2021-06-01T18:00:00Z,2021-06-01T20:00,2021-06-01T20:15,81,75.14,75.14,75.14,,1,UP,NO,NO,2026-10-08T00:05:35Z
2021-06-01T18:15:00Z,2021-06-01T20:15,2021-06-01T20:30,82,58.39,58.39,,,0,STABLE,NO,NO,2026-10-08T00:05:35Z
2021-06-01T18:30:00Z,2021-06-01T20:30,2021-06-01T20:45,83,59.36,59.36,,,0,STABLE,NO,NO,2026-10-08T00:05:35Z
2021-06-01T18:45:00Z,2021-06-01T20:45,2021-06-01T21:00,84,88.14,88.14,88.14,,1,UP,NO,NO,2026-10-08T00:05:35Z
2021-06-01T19:00:00Z,2021-06-01T21:00,2021-06-01T21:15,85,430.5,430.5,430.5,,1,UP,NO,NO,2026-10-08T00:05:35Z
2021-06-01T19:15:00Z,2021-06-01T21:15,2021-06-01T21:30,86,430.5,430.5,430.5,,1,UP,NO,NO,2026-10-08T00:05:35Z
2021-06-01T19:30:00Z,2021-06-01T21:30,2021-06-01T21:45,87,54.75,54.75,430.5,54.75,-1,DOWN,NO,NO,2026-10-08T00:05:35Z
2021-06-01T19:45:00Z,2021-06-01T21:45,2021-06-01T22:00,88,59.57,59.57,,59.57,-1,DOWN,NO,NO,2026-10-08T00:05:35Z
2021-06-01T20:00:00Z,2021-06-01T22:00,2021-06-01T22:15,89,59.43,58.95,59.16,58.95,2,UP_AND_DOWN,NO,NO,2026-10-08T00:05:35Z
2021-06-01T20:15:00Z,2021-06-01T22:15,2021-06-01T22:30,90,59.16,59.16,59.16,,1,UP,NO,NO,2026-10-08T00:05:35Z
2021-06-01T20:30:00Z,2021-06-01T22:30,2021-06-01T22:45,91,59.16,59.16,59.16,,1,UP,NO,NO,2026-10-08T00:05:35Z
2021-06-01T20:45:00Z,2021-06-01T22:45,2021-06-01T23:00,92,52.74,52.74,,52.74,-1,DOWN,NO,NO,2026-10-08T00:05:35Z
2021-06-01T21:00:00Z,2021-06-01T23:00,2021-06-01T23:15,93,51.29,51.29,,51.29,-1,DOWN,NO,NO,2026-10-08T00:05:35Z
2021-06-01T21:15:00Z,2021-06-01T23:15,2021-06-01T23:30,94,52.16,52.16,,52.16,-1,DOWN,NO,NO,2026-10-08T00:05:35Z
2021-06-01T21:30:00Z,2021-06-01T23:30,2021-06-01T23:45,95,51.93,51.93,,51.93,-1,DOWN,NO,NO,2026-10-08T00:05:35Z
2021-06-01T21:45:00Z,2021-06-01T23:45,2021-06-02T00:00,96,49.62,49.62,,49.62,-1,DOWN,NO,NO,2026-10-08T00:05:35Z
2021-06-01T22:00:00Z,2021-06-02T00:00,2021-06-02T00:15,1,25.59,25.59,,25.59,-1,DOWN,NO,NO,2026-10-08T00:05:35Z
2021-06-01T22:15:00Z,2021-06-02T00:15,2021-06-02T00:30,2,57.94,57.94,,57.94,-1,DOWN,NO,NO,2026-10-08T00:05:35Z
2021-06-01T22:30:00Z,2021-06-02T00:30,2021-06-02T00:45,3,53.96,53.96,,53.96,-1,DOWN,NO,NO,2026-10-08T00:05:35Z
2021-06-01T22:45:00Z,2021-06-02T00:45,2021-06-02T01:00,4,62.72,62.72,62.72,,1,UP,NO,NO,2026-10-08T00:05:35Z
2021-06-01T23:00:00Z,2021-06-02T01:00,2021-06-02T01:15,5,53.16,53.16,62.72,53.16,-1,DOWN,NO,NO,2026-10-08T00:05:35Z
2021-06-01T23:15:00Z,2021-06-02T01:15,2021-06-02T01:30,6,55.16,55.16,,55.16,-1,DOWN,NO,NO,2026-10-08T00:05:35Z
2021-06-01T23:30:00Z,2021-06-02T01:30,2021-06-02T01:45,7,53.16,53.16,,53.16,-1,DOWN,NO,NO,2026-10-08T00:05:35Z
2021-06-01T23:45:00Z,2021-06-02T01:45,2021-06-02T02:00,8,47.16,47.16,,47.16,-1,DOWN,NO,NO,2026-10-08T00:05:35Z
2021-06-02T00:00:00Z,2021-06-02T02:00,2021-06-02T02:15,9,42.16,42.16,,42.16,-1,DOWN,NO,NO,2026-10-08T00:05:35Z
2021-06-02T00:15:00Z,2021-06-02T02:15,2021-06-02T02:30,10,10.88,10.88,,,0,STABLE,NO,NO,2026-10-08T00:05:35Z
2021-06-02T00:30:00Z,2021-06-02T02:30,2021-06-02T02:45,11,58.57,58.57,58.57,,1,UP,NO,NO,2026-10-08T00:05:35Z
2021-06-02T00:45:00Z,2021-06-02T02:45,2021-06-02T03:00,12,10.87,10.87,,,0,STABLE,NO,NO,2026-10-08T00:05:35Z
2021-06-02T01:00:00Z,2021-06-02T03:00,2021-06-02T03:15,13,65.68,65.68,65.68,,1,UP,NO,NO,2026-10-08T00:05:35Z
2021-06-02T01:15:00Z,2021-06-02T03:15,2021-06-02T03:30,14,62.64,62.64,62.64,,1,UP,NO,NO,2026-10-08T00:05:35Z
2021-06-02T01:30:00Z,2021-06-02T03:30,2021-06-02T03:45,15,69.16,69.16,69.16,,1,UP,NO,NO,2026-10-08T00:05:35Z
2021-06-02T01:45:00Z,2021-06-02T03:45,2021-06-02T04:00,16,65.16,65.16,65.16,,1,UP,NO,NO,2026-10-08T00:05:35Z
2021-06-02T02:00:00Z,2021-06-02T04:00,2021-06-02T04:15,17,84.12,84.12,84.12,,1,UP,NO,NO,2026-10-08T00:05:35Z
2021-06-02T02:15:00Z,2021-06-02T04:15,2021-06-02T04:30,18,84.12,84.12,84.12,,1,UP,NO,NO,2026-10-08T00:05:35Z
2021-06-02T02:30:00Z,2021-06-02T04:30,2021-06-02T04:45,19,126.22,126.22,126.22,,1,UP,NO,NO,2026-10-08T00:05:35Z
2021-06-02T02:45:00Z,2021-06-02T04:45,2021-06-02T05:00,20,122.74,122.74,122.74,,1,UP,NO,NO,2026-10-08T00:05:35Z
2021-06-02T03:00:00Z,2021-06-02T05:00,2021-06-02T05:15,21,67.49,67.49,67.49,,1,UP,NO,NO,2026-10-08T00:05:35Z
2021-06-02T03:15:00Z,2021-06-02T05:15,2021-06-02T05:30,22,69.16,69.16,69.16,,1,UP,NO,NO,2026-10-08T00:05:35Z
2021-06-02T03:30:00Z,2021-06-02T05:30,2021-06-02T05:45,23,76.73,76.73,76.73,,1,UP,NO,NO,2026-10-08T00:05:35Z
2021-06-02T03:45:00Z,2021-06-02T05:45,2021-06-02T06:00,24,71.5,71.5,71.5,,1,UP,NO,NO,2026-10-08T00:05:35Z
2021-06-02T04:00:00Z,2021-06-02T06:00,2021-06-02T06:15,25,251.45,251.45,251.45,,1,UP,NO,NO,2026-10-08T00:05:35Z
2021-06-02T04:15:00Z,2021-06-02T06:15,2021-06-02T06:30,26,251.45,251.45,251.45,,1,UP,NO,NO,2026-10-08T00:05:35Z
2021-06-02T04:30:00Z,2021-06-02T06:30,2021-06-02T06:45,27,70.61,70.61,70.61,,1,UP,NO,NO,2026-10-08T00:05:35Z
2021-06-02T04:45:00Z,2021-06-02T06:45,2021-06-02T07:00,28,63.61,63.61,63.61,,1,UP,NO,NO,2026-10-08T00:05:35Z
2021-06-02T05:00:00Z,2021-06-02T07:00,2021-06-02T07:15,29,53.89,53.89,63.61,53.89,-1,DOWN,NO,NO,2026-10-08T00:05:35Z
2021-06-02T05:15:00Z,2021-06-02T07:15,2021-06-02T07:30,30,59.05,59.05,,,0,STABLE,NO,NO,2026-10-08T00:05:35Z
2021-06-02T05:30:00Z,2021-06-02T07:30,2021-06-02T07:45,31,59.06,59.06,,,0,STABLE,NO,NO,2026-10-08T00:05:35Z
2021-06-02T05:45:00Z,2021-06-02T07:45,2021-06-02T08:00,32,59.1,59.1,,,0,STABLE,NO,NO,2026-10-08T00:05:35Z
2021-06-02T06:00:00Z,2021-06-02T08:00,2021-06-02T08:15,33,431.12,431.12,431.12,,1,UP,NO,NO,2026-10-08T00:05:35Z
2021-06-02T06:15:00Z,2021-06-02T08:15,2021-06-02T08:30,34,66.61,66.61,66.61,,1,UP,NO,NO,2026-10-08T00:05:35Z
2021-06-02T06:30:00Z,2021-06-02T08:30,2021-06-02T08:45,35,61.39,61.39,61.39,,1,UP,NO,NO,2026-10-08T00:05:35Z
2021-06-02T06:45:00Z,2021-06-02T08:45,2021-06-02T09:00,36,59.8,59.8,59.8,,1,UP,NO,NO,2026-10-08T00:05:35Z
2021-06-02T07:00:00Z,2021-06-02T09:00,2021-06-02T09:15,37,81.17,81.17,81.17,,1,UP,NO,NO,2026-10-08T00:05:35Z
2021-06-02T07:15:00Z,2021-06-02T09:15,2021-06-02T09:30,38,63.61,63.61,63.61,,1,UP,NO,NO,2026-10-08T00:05:35Z
2021-06-02T07:30:00Z,2021-06-02T09:30,2021-06-02T09:45,39,60.61,60.61,60.61,,1,UP,NO,NO,2026-10-08T00:05:35Z
2021-06-02T07:45:00Z,2021-06-02T09:45,2021-06-02T10:00,40,54.59,54.59,,54.59,-1,DOWN,NO,NO,2026-10-08T00:05:35Z
2021-06-02T08:00:00Z,2021-06-02T10:00,2021-06-02T10:15,41,54.61,54.61,,54.61,-1,DOWN,NO,NO,2026-10-08T00:05:35Z
2021-06-02T08:15:00Z,2021-06-02T10:15,2021-06-02T10:30,42,63.61,63.61,63.61,,1,UP,NO,NO,2026-10-08T00:05:35Z
2021-06-02T08:30:00Z,2021-06-02T10:30,2021-06-02T10:45,43,63.61,63.61,63.61,,1,UP,NO,NO,2026-10-08T00:05:35Z
2021-06-02T08:45:00Z,2021-06-02T10:45,2021-06-02T11:00,44,69.81,69.81,69.81,,1,UP,NO,NO,2026-10-08T00:05:35Z
2021-06-02T09:00:00Z,2021-06-02T11:00,2021-06-02T11:15,45,63.61,63.61,63.61,,1,UP,NO,NO,2026-10-08T00:05:35Z
2021-06-02T09:15:00Z,2021-06-02T11:15,2021-06-02T11:30,46,70.51,70.51,70.51,,1,UP,NO,NO,2026-10-08T00:05:35Z
2021-06-02T09:30:00Z,2021-06-02T11:30,2021-06-02T11:45,47,76.18,76.18,76.18,,1,UP,NO,NO,2026-10-08T00:05:35Z
2021-06-02T09:45:00Z,2021-06-02T11:45,2021-06-02T12:00,48,60.11,60.11,60.11,,1,UP,NO,NO,2026-10-08T00:05:35Z
2021-06-02T10:00:00Z,2021-06-02T12:00,2021-06-02T12:15,49,58.3,58.3,,,0,STABLE,NO,NO,2026-10-08T00:05:35Z
2021-06-02T10:15:00Z,2021-06-02T12:15,2021-06-02T12:30,50,59.31,59.31,,,0,STABLE,NO,NO,2026-10-08T00:05:35Z
2021-06-02T10:30:00Z,2021-06-02T12:30,2021-06-02T12:45,51,59.36,59.36,,,0,STABLE,NO,NO,2026-10-08T00:05:35Z
2021-06-02T10:45:00Z,2021-06-02T12:45,2021-06-02T13:00,52,59.48,59.48,,,0,STABLE,NO,NO,2026-10-08T00:05:35Z
2021-06-02T11:00:00Z,2021-06-02T13:00,2021-06-02T13:15,53,60.61,60.61,60.61,,1,UP,NO,NO,2026-10-08T00:05:35Z
2021-06-02T11:15:00Z,2021-06-02T13:15,2021-06-02T13:30,54,60.11,60.11,60.11,,1,UP,NO,NO,2026-10-08T00:05:35Z
2021-06-02T11:30:00Z,2021-06-02T13:30,2021-06-02T13:45,55,59.02,59.02,59.02,,1,UP,NO,NO,2026-10-08T00:05:35Z
2021-06-02T11:45:00Z,2021-06-02T13:45,2021-06-02T14:00,56,58.77,58.77,,,0,STABLE,NO,NO,2026-10-08T00:05:35Z
2021-06-02T12:00:00Z,2021-06-02T14:00,2021-06-02T14:15,57,64.96,64.96,64.96,,1,UP,NO,NO,2026-10-08T00:05:35Z
2021-06-02T12:15:00Z,2021-06-02T14:15,2021-06-02T14:30,58,63.61,63.61,63.61,,1,UP,NO,NO,2026-10-08T00:05:35Z
2021-06-02T12:30:00Z,2021-06-02T14:30,2021-06-02T14:45,59,72.21,72.21,72.21,,1,UP,NO,NO,2026-10-08T00:05:35Z
2021-06-02T12:45:00Z,2021-06-02T14:45,2021-06-02T15:00,60,63.05,63.05,63.05,,1,UP,NO,NO,2026-10-08T00:05:35Z
2021-06-02T13:00:00Z,2021-06-02T15:00,2021-06-02T15:15,61,63.35,63.35,63.35,,1,UP,NO,NO,2026-10-08T00:05:35Z
2021-06-02T13:15:00Z,2021-06-02T15:15,2021-06-02T15:30,62,70.61,70.61,70.61,,1,UP,NO,NO,2026-10-08T00:05:35Z
2021-06-02T13:30:00Z,2021-06-02T15:30,2021-06-02T15:45,63,95.62,95.62,95.62,,1,UP,NO,NO,2026-10-08T00:05:35Z
2021-06-02T13:45:00Z,2021-06-02T15:45,2021-06-02T16:00,64,232.88,232.88,232.88,,1,UP,NO,NO,2026-10-08T00:05:35Z
2021-06-02T14:00:00Z,2021-06-02T16:00,2021-06-02T16:15,65,70.61,70.61,70.61,,1,UP,NO,NO,2026-10-08T00:05:35Z
2021-06-02T14:15:00Z,2021-06-02T16:15,2021-06-02T16:30,66,95.62,95.62,95.62,,1,UP,NO,NO,2026-10-08T00:05:35Z
2021-06-02T14:30:00Z,2021-06-02T16:30,2021-06-02T16:45,67,66.61,66.61,66.61,,1,UP,NO,NO,2026-10-08T00:05:35Z
2021-06-02T14:45:00Z,2021-06-02T16:45,2021-06-02T17:00,68,79,79,79,,1,UP,NO,NO,2026-10-08T00:05:35Z
2021-06-02T15:00:00Z,2021-06-02T17:00,2021-06-02T17:15,69,70.61,70.61,70.61,,1,UP,NO,NO,2026-10-08T00:05:35Z
2021-06-02T15:15:00Z,2021-06-02T17:15,2021-06-02T17:30,70,69.86,69.86,69.86,,1,UP,NO,NO,2026-10-08T00:05:35Z
2021-06-02T15:30:00Z,2021-06-02T17:30,2021-06-02T17:45,71,321.32,321.32,321.32,,1,UP,NO,NO,2026-10-08T00:05:35Z
2021-06-02T15:45:00Z,2021-06-02T17:45,2021-06-02T18:00,72,58.73,58.73,87.45,58.73,-1,DOWN,NO,NO,2026-10-08T00:05:35Z
2021-06-02T16:00:00Z,2021-06-02T18:00,2021-06-02T18:15,73,43.61,43.61,87.45,43.61,-1,DOWN,NO,NO,2026-10-08T00:05:35Z
2021-06-02T16:15:00Z,2021-06-02T18:15,2021-06-02T18:30,74,54.61,54.61,,54.61,-1,DOWN,NO,NO,2026-10-08T00:05:35Z
2021-06-02T16:30:00Z,2021-06-02T18:30,2021-06-02T18:45,75,98.48,98.48,98.48,54.61,1,UP,NO,NO,2026-10-08T00:05:35Z
2021-06-02T16:45:00Z,2021-06-02T18:45,2021-06-02T19:00,76,178.48,178.48,178.48,,1,UP,NO,NO,2026-10-08T00:05:35Z
2021-06-02T17:00:00Z,2021-06-02T19:00,2021-06-02T19:15,77,55.75,55.75,178.48,55.75,-1,DOWN,NO,NO,2026-10-08T00:05:35Z
2021-06-02T17:15:00Z,2021-06-02T19:15,2021-06-02T19:30,78,86.34,86.34,86.34,,1,UP,NO,NO,2026-10-08T00:05:35Z
2021-06-02T17:30:00Z,2021-06-02T19:30,2021-06-02T19:45,79,253.34,253.34,253.34,,1,UP,NO,NO,2026-10-08T00:05:35Z
2021-06-02T17:45:00Z,2021-06-02T19:45,2021-06-02T20:00,80,253.34,253.34,253.34,,1,UP,NO,NO,2026-10-08T00:05:35Z
2021-06-02T18:00:00Z,2021-06-02T20:00,2021-06-02T20:15,81,131.45,131.45,131.45,,1,UP,NO,NO,2026-10-08T00:05:35Z
2021-06-02T18:15:00Z,2021-06-02T20:15,2021-06-02T20:30,82,88.34,88.34,88.34,,1,UP,NO,NO,2026-10-08T00:05:35Z
2021-06-02T18:30:00Z,2021-06-02T20:30,2021-06-02T20:45,83,74.1,74.1,74.1,,1,UP,NO,NO,2026-10-08T00:05:35Z
2021-06-02T18:45:00Z,2021-06-02T20:45,2021-06-02T21:00,84,88.34,88.34,88.34,,1,UP,NO,NO,2026-10-08T00:05:35Z
2021-06-02T19:00:00Z,2021-06-02T21:00,2021-06-02T21:15,85,66.61,66.61,66.61,,1,UP,NO,NO,2026-10-08T00:05:35Z
2021-06-02T19:15:00Z,2021-06-02T21:15,2021-06-02T21:30,86,66.61,66.61,66.61,,1,UP,NO,NO,2026-10-08T00:05:35Z
2021-06-02T19:30:00Z,2021-06-02T21:30,2021-06-02T21:45,87,63.61,63.61,63.61,,1,UP,NO,NO,2026-10-08T00:05:35Z
2021-06-02T19:45:00Z,2021-06-02T21:45,2021-06-02T22:00,88,111.17,111.17,111.17,,1,UP,NO,NO,2026-10-08T00:05:35Z
2021-06-02T20:00:00Z,2021-06-02T22:00,2021-06-02T22:15,89,423.93,423.93,423.93,,1,UP,NO,NO,2026-10-08T00:05:35Z
2021-06-02T20:15:00Z,2021-06-02T22:15,2021-06-02T22:30,90,423.93,423.93,423.93,,1,UP,NO,NO,2026-10-08T00:05:35Z
2021-06-02T20:30:00Z,2021-06-02T22:30,2021-06-02T22:45,91,78.22,78.22,78.22,,1,UP,NO,NO,2026-10-08T00:05:35Z
2021-06-02T20:45:00Z,2021-06-02T22:45,2021-06-02T23:00,92,66.61,66.61,66.61,,1,UP,NO,NO,2026-10-08T00:05:35Z
2021-06-02T21:00:00Z,2021-06-02T23:00,2021-06-02T23:15,93,427.95,427.95,427.95,,1,UP,NO,NO,2026-10-08T00:05:35Z
2021-06-02T21:15:00Z,2021-06-02T23:15,2021-06-02T23:30,94,60.22,60.22,470.75,60.22,-1,DOWN,YES,NO,2026-10-08T00:05:35Z
2021-06-02T21:30:00Z,2021-06-02T23:30,2021-06-02T23:45,95,50.07,50.07,427.95,50.07,-1,DOWN,NO,NO,2026-10-08T00:05:35Z
2021-06-02T21:45:00Z,2021-06-02T23:45,2021-06-03T00:00,96,51.61,51.61,,51.61,-1,DOWN,NO,NO,2026-10-08T00:05:35Z
2021-06-02T22:00:00Z,2021-06-03T00:00,2021-06-03T00:15,1,62.34,53.84,62.34,53.84,2,UP_AND_DOWN,NO,NO,2026-10-08T00:05:35Z
2021-06-02T22:15:00Z,2021-06-03T00:15,2021-06-03T00:30,2,62.34,62.34,62.34,,1,UP,NO,NO,2026-10-08T00:05:35Z
2021-06-02T22:30:00Z,2021-06-03T00:30,2021-06-03T00:45,3,55.34,55.34,,55.34,-1,DOWN,NO,NO,2026-10-08T00:05:35Z
2021-06-02T22:45:00Z,2021-06-03T00:45,2021-06-03T01:00,4,78.72,55.34,78.72,55.34,2,UP_AND_DOWN,NO,NO,2026-10-08T00:05:35Z
2021-06-02T23:00:00Z,2021-06-03T01:00,2021-06-03T01:15,5,416.92,416.92,416.92,55.34,1,UP,NO,NO,2026-10-08T00:05:35Z
2021-06-02T23:15:00Z,2021-06-03T01:15,2021-06-03T01:30,6,76.92,76.92,76.92,,1,UP,NO,NO,2026-10-08T00:05:35Z
2021-06-02T23:30:00Z,2021-06-03T01:30,2021-06-03T01:45,7,65.34,65.34,65.34,,1,UP,NO,NO,2026-10-08T00:05:35Z
2021-06-02T23:45:00Z,2021-06-03T01:45,2021-06-03T02:00,8,63.88,63.88,63.88,,1,UP,NO,NO,2026-10-08T00:05:35Z
2021-06-03T00:00:00Z,2021-06-03T02:00,2021-06-03T02:15,9,60.05,55.34,60.05,55.34,2,UP_AND_DOWN,NO,NO,2026-10-08T00:05:35Z
2021-06-03T00:15:00Z,2021-06-03T02:15,2021-06-03T02:30,10,60.05,60.05,60.05,,1,UP,NO,NO,2026-10-08T00:05:35Z
2021-06-03T00:30:00Z,2021-06-03T02:30,2021-06-03T02:45,11,62.34,62.34,62.34,,1,UP,NO,NO,2026-10-08T00:05:35Z
2021-06-03T00:45:00Z,2021-06-03T02:45,2021-06-03T03:00,12,60.8,60.8,60.8,,1,UP,NO,NO,2026-10-08T00:05:35Z
2021-06-03T01:00:00Z,2021-06-03T03:00,2021-06-03T03:15,13,64.55,64.55,64.55,,1,UP,NO,NO,2026-10-08T00:05:35Z
2021-06-03T01:15:00Z,2021-06-03T03:15,2021-06-03T03:30,14,67.55,67.55,67.55,,1,UP,NO,NO,2026-10-08T00:05:35Z
2021-06-03T01:30:00Z,2021-06-03T03:30,2021-06-03T03:45,15,62.34,62.34,62.34,,1,UP,NO,NO,2026-10-08T00:05:35Z
2021-06-03T01:45:00Z,2021-06-03T03:45,2021-06-03T04:00,16,60.8,60.8,60.8,,1,UP,NO,NO,2026-10-08T00:05:35Z
2021-06-03T02:00:00Z,2021-06-03T04:00,2021-06-03T04:15,17,61.74,61.74,61.74,,1,UP,NO,NO,2026-10-08T00:05:35Z
2021-06-03T02:15:00Z,2021-06-03T04:15,2021-06-03T04:30,18,60.16,60.16,60.16,,1,UP,NO,NO,2026-10-08T00:05:35Z
2021-06-03T02:30:00Z,2021-06-03T04:30,2021-06-03T04:45,19,61.68,61.68,61.68,,1,UP,NO,NO,2026-10-08T00:05:35Z
2021-06-03T02:45:00Z,2021-06-03T04:45,2021-06-03T05:00,20,61.47,61.47,61.47,,1,UP,NO,NO,2026-10-08T00:05:35Z
2021-06-03T03:00:00Z,2021-06-03T05:00,2021-06-03T05:15,21,58.66,58.66,,,0,STABLE,NO,NO,2026-10-08T00:05:35Z
2021-06-03T03:15:00Z,2021-06-03T05:15,2021-06-03T05:30,22,55.34,55.34,,55.34,-1,DOWN,NO,NO,2026-10-08T00:05:35Z
2021-06-03T03:30:00Z,2021-06-03T05:30,2021-06-03T05:45,23,50.34,50.34,,50.34,-1,DOWN,NO,NO,2026-10-08T00:05:35Z
2021-06-03T03:45:00Z,2021-06-03T05:45,2021-06-03T06:00,24,53.28,53.28,,53.28,-1,DOWN,NO,NO,2026-10-08T00:05:35Z
2021-06-03T04:00:00Z,2021-06-03T06:00,2021-06-03T06:15,25,-41.74,-41.74,,-41.74,-1,DOWN,NO,NO,2026-10-08T00:05:35Z
2021-06-03T04:15:00Z,2021-06-03T06:15,2021-06-03T06:30,26,57.38,57.38,,57.38,-1,DOWN,NO,NO,2026-10-08T00:05:35Z
2021-06-03T04:30:00Z,2021-06-03T06:30,2021-06-03T06:45,27,58.9,58.9,,,0,STABLE,NO,NO,2026-10-08T00:05:35Z
2021-06-03T04:45:00Z,2021-06-03T06:45,2021-06-03T07:00,28,58.88,58.88,,,0,STABLE,NO,NO,2026-10-08T00:05:35Z
2021-06-03T05:00:00Z,2021-06-03T07:00,2021-06-03T07:15,29,419.9,419.9,419.9,,1,UP,NO,NO,2026-10-08T00:05:35Z
2021-06-03T05:15:00Z,2021-06-03T07:15,2021-06-03T07:30,30,419.9,419.9,419.9,,1,UP,NO,NO,2026-10-08T00:05:35Z
2021-06-03T05:30:00Z,2021-06-03T07:30,2021-06-03T07:45,31,60.14,57.63,60.14,57.63,2,UP_AND_DOWN,NO,NO,2026-10-08T00:05:35Z
2021-06-03T05:45:00Z,2021-06-03T07:45,2021-06-03T08:00,32,62.3,62.3,62.3,,1,UP,NO,NO,2026-10-08T00:05:35Z
2021-06-03T06:00:00Z,2021-06-03T08:00,2021-06-03T08:15,33,450,450,450,,1,UP,NO,NO,2026-10-08T00:05:35Z
2021-06-03T06:15:00Z,2021-06-03T08:15,2021-06-03T08:30,34,89.56,89.56,89.56,,1,UP,NO,NO,2026-10-08T00:05:35Z
2021-06-03T06:30:00Z,2021-06-03T08:30,2021-06-03T08:45,35,66.29,66.29,66.29,,1,UP,NO,NO,2026-10-08T00:05:35Z
2021-06-03T06:45:00Z,2021-06-03T08:45,2021-06-03T09:00,36,71.53,71.53,71.53,,1,UP,NO,NO,2026-10-08T00:05:35Z
2021-06-03T07:00:00Z,2021-06-03T09:00,2021-06-03T09:15,37,33.99,33.99,71.53,33.99,-1,DOWN,NO,NO,2026-10-08T00:05:35Z
2021-06-03T07:15:00Z,2021-06-03T09:15,2021-06-03T09:30,38,22.99,22.99,,22.99,-1,DOWN,NO,NO,2026-10-08T00:05:35Z
2021-06-03T07:30:00Z,2021-06-03T09:30,2021-06-03T09:45,39,-39.75,-39.75,,-39.75,-1,DOWN,NO,NO,2026-10-08T00:05:35Z
2021-06-03T07:45:00Z,2021-06-03T09:45,2021-06-03T10:00,40,-141.34,-141.34,,-141.34,-1,DOWN,NO,NO,2026-10-08T00:05:35Z
2021-06-03T08:00:00Z,2021-06-03T10:00,2021-06-03T10:15,41,103.1,103.1,103.1,-141.34,1,UP,NO,NO,2026-10-08T00:05:35Z
2021-06-03T08:15:00Z,2021-06-03T10:15,2021-06-03T10:30,42,-129.9,-129.9,387.98,-129.9,-1,DOWN,NO,NO,2026-10-08T00:05:35Z
2021-06-03T08:30:00Z,2021-06-03T10:30,2021-06-03T10:45,43,-129.9,-129.9,,-129.9,-1,DOWN,NO,NO,2026-10-08T00:05:35Z
2021-06-03T08:45:00Z,2021-06-03T10:45,2021-06-03T11:00,44,-37.69,-37.69,,-37.69,-1,DOWN,NO,NO,2026-10-08T00:05:35Z
2021-06-03T09:00:00Z,2021-06-03T11:00,2021-06-03T11:15,45,185.6,185.6,185.6,45.87,1,UP,NO,NO,2026-10-08T00:05:35Z
2021-06-03T09:15:00Z,2021-06-03T11:15,2021-06-03T11:30,46,54.58,54.58,68.7,54.58,-1,DOWN,NO,NO,2026-10-08T00:05:35Z
2021-06-03T09:30:00Z,2021-06-03T11:30,2021-06-03T11:45,47,37.37,37.37,,37.37,-1,DOWN,NO,NO,2026-10-08T00:05:35Z
2021-06-03T09:45:00Z,2021-06-03T11:45,2021-06-03T12:00,48,45.87,45.87,,45.87,-1,DOWN,NO,NO,2026-10-08T00:05:35Z
2021-06-03T10:00:00Z,2021-06-03T12:00,2021-06-03T12:15,49,12,12,,12,-1,DOWN,NO,NO,2026-10-08T00:05:35Z
2021-06-03T10:15:00Z,2021-06-03T12:15,2021-06-03T12:30,50,43.93,43.93,,43.93,-1,DOWN,NO,NO,2026-10-08T00:05:35Z
2021-06-03T10:30:00Z,2021-06-03T12:30,2021-06-03T12:45,51,35.78,35.78,,35.78,-1,DOWN,NO,NO,2026-10-08T00:05:35Z
2021-06-03T10:45:00Z,2021-06-03T12:45,2021-06-03T13:00,52,28.46,28.46,,28.46,-1,DOWN,NO,NO,2026-10-08T00:05:35Z
2021-06-03T11:00:00Z,2021-06-03T13:00,2021-06-03T13:15,53,-132.54,-132.54,,-132.54,-1,DOWN,NO,NO,2026-10-08T00:05:35Z
2021-06-03T11:15:00Z,2021-06-03T13:15,2021-06-03T13:30,54,-132.54,-132.54,,-132.54,-1,DOWN,NO,NO,2026-10-08T00:05:35Z
2021-06-03T11:30:00Z,2021-06-03T13:30,2021-06-03T13:45,55,-43.41,-43.41,,-43.41,-1,DOWN,NO,NO,2026-10-08T00:05:35Z
2021-06-03T11:45:00Z,2021-06-03T13:45,2021-06-03T14:00,56,64.55,43.93,64.55,43.93,2,UP_AND_DOWN,NO,NO,2026-10-08T00:05:35Z
2021-06-03T12:00:00Z,2021-06-03T14:00,2021-06-03T14:15,57,-119.76,-119.76,64.55,-119.76,-1,DOWN,NO,NO,2026-10-08T00:05:35Z
2021-06-03T12:15:00Z,2021-06-03T14:15,2021-06-03T14:30,58,-140.1,-140.1,,-140.1,-1,DOWN,NO,NO,2026-10-08T00:05:35Z
2021-06-03T12:30:00Z,2021-06-03T14:30,2021-06-03T14:45,59,52.29,52.29,,52.29,-1,DOWN,NO,NO,2026-10-08T00:05:35Z
2021-06-03T12:45:00Z,2021-06-03T14:45,2021-06-03T15:00,60,43.93,43.93,,43.93,-1,DOWN,NO,NO,2026-10-08T00:05:35Z
2021-06-03T13:00:00Z,2021-06-03T15:00,2021-06-03T15:15,61,19.57,19.57,,19.57,-1,DOWN,NO,NO,2026-10-08T00:05:35Z
2021-06-03T13:15:00Z,2021-06-03T15:15,2021-06-03T15:30,62,60.05,60.05,60.05,34.57,1,UP,NO,NO,2026-10-08T00:05:35Z
2021-06-03T13:30:00Z,2021-06-03T15:30,2021-06-03T15:45,63,60.8,60.8,60.8,34.57,1,UP,NO,NO,2026-10-08T00:05:35Z
2021-06-03T13:45:00Z,2021-06-03T15:45,2021-06-03T16:00,64,66.93,66.93,66.93,,1,UP,NO,NO,2026-10-08T00:05:35Z
2021-06-03T14:00:00Z,2021-06-03T16:00,2021-06-03T16:15,65,66.93,66.93,66.93,,1,UP,NO,NO,2026-10-08T00:05:35Z
2021-06-03T14:15:00Z,2021-06-03T16:15,2021-06-03T16:30,66,64.55,57.31,64.55,57.31,2,UP_AND_DOWN,NO,NO,2026-10-08T00:05:35Z
2021-06-03T14:30:00Z,2021-06-03T16:30,2021-06-03T16:45,67,62.3,62.3,62.3,,1,UP,NO,NO,2026-10-08T00:05:35Z
2021-06-03T14:45:00Z,2021-06-03T16:45,2021-06-03T17:00,68,85.95,85.95,85.95,,1,UP,NO,NO,2026-10-08T00:05:35Z
2021-06-03T15:00:00Z,2021-06-03T17:00,2021-06-03T17:15,69,62.3,62.3,62.3,,1,UP,NO,NO,2026-10-08T00:05:35Z
2021-06-03T15:15:00Z,2021-06-03T17:15,2021-06-03T17:30,70,63.93,63.93,63.93,,1,UP,NO,NO,2026-10-08T00:05:35Z
2021-06-03T15:30:00Z,2021-06-03T17:30,2021-06-03T17:45,71,63.93,63.93,63.93,,1,UP,NO,NO,2026-10-08T00:05:35Z
2021-06-03T15:45:00Z,2021-06-03T17:45,2021-06-03T18:00,72,60.19,60.19,60.19,,1,UP,NO,NO,2026-10-08T00:05:35Z
2021-06-03T16:00:00Z,2021-06-03T18:00,2021-06-03T18:15,73,37.37,37.37,,37.37,-1,DOWN,NO,NO,2026-10-08T00:05:35Z
2021-06-03T16:15:00Z,2021-06-03T18:15,2021-06-03T18:30,74,50.76,50.76,,50.76,-1,DOWN,NO,NO,2026-10-08T00:05:35Z
2021-06-03T16:30:00Z,2021-06-03T18:30,2021-06-03T18:45,75,60.17,60.17,,,0,STABLE,NO,NO,2026-10-08T00:05:35Z
2021-06-03T16:45:00Z,2021-06-03T18:45,2021-06-03T19:00,76,60.13,60.13,,,0,STABLE,NO,NO,2026-10-08T00:05:35Z
2021-06-03T17:00:00Z,2021-06-03T19:00,2021-06-03T19:15,77,54.65,54.65,,54.65,-1,DOWN,NO,NO,2026-10-08T00:05:35Z
2021-06-03T17:15:00Z,2021-06-03T19:15,2021-06-03T19:30,78,60.34,60.34,,,0,STABLE,NO,NO,2026-10-08T00:05:35Z
2021-06-03T17:30:00Z,2021-06-03T19:30,2021-06-03T19:45,79,60.34,60.34,,,0,STABLE,NO,NO,2026-10-08T00:05:35Z
2021-06-03T17:45:00Z,2021-06-03T19:45,2021-06-03T20:00,80,63.93,63.93,63.93,,1,UP,NO,NO,2026-10-08T00:05:35Z
2021-06-03T18:00:00Z,2021-06-03T20:00,2021-06-03T20:15,81,61.83,61.83,61.83,,1,UP,NO,NO,2026-10-08T00:05:35Z
2021-06-03T18:15:00Z,2021-06-03T20:15,2021-06-03T20:30,82,61.95,61.95,61.95,,1,UP,NO,NO,2026-10-08T00:05:35Z
2021-06-03T18:30:00Z,2021-06-03T20:30,2021-06-03T20:45,83,63.93,63.93,63.93,,1,UP,NO,NO,2026-10-08T00:05:35Z
2021-06-03T18:45:00Z,2021-06-03T20:45,2021-06-03T21:00,84,86,86,86,,1,UP,NO,NO,2026-10-08T00:05:35Z
2021-06-03T19:00:00Z,2021-06-03T21:00,2021-06-03T21:15,85,66.93,66.93,66.93,,1,UP,NO,NO,2026-10-08T00:05:35Z
2021-06-03T19:15:00Z,2021-06-03T21:15,2021-06-03T21:30,86,66.93,66.93,66.93,,1,UP,NO,NO,2026-10-08T00:05:35Z
2021-06-03T19:30:00Z,2021-06-03T21:30,2021-06-03T21:45,87,70.93,70.93,70.93,,1,UP,NO,NO,2026-10-08T00:05:35Z
2021-06-03T19:45:00Z,2021-06-03T21:45,2021-06-03T22:00,88,83.14,83.14,83.14,,1,UP,NO,NO,2026-10-08T00:05:35Z
2021-06-03T20:00:00Z,2021-06-03T22:00,2021-06-03T22:15,89,99.56,99.56,99.56,,1,UP,NO,NO,2026-10-08T00:05:35Z
2021-06-03T20:15:00Z,2021-06-03T22:15,2021-06-03T22:30,90,112.32,112.32,112.32,,1,UP,NO,NO,2026-10-08T00:05:35Z
2021-06-03T20:30:00Z,2021-06-03T22:30,2021-06-03T22:45,91,66.93,66.93,66.93,,1,UP,NO,NO,2026-10-08T00:05:35Z
2021-06-03T20:45:00Z,2021-06-03T22:45,2021-06-03T23:00,92,60.4,60.4,,,0,STABLE,NO,NO,2026-10-08T00:05:35Z
2021-06-03T21:00:00Z,2021-06-03T23:00,2021-06-03T23:15,93,423.4,423.4,423.4,,1,UP,NO,NO,2026-10-08T00:05:35Z
2021-06-03T21:15:00Z,2021-06-03T23:15,2021-06-03T23:30,94,90.56,90.56,90.56,,1,UP,NO,NO,2026-10-08T00:05:35Z
2021-06-03T21:30:00Z,2021-06-03T23:30,2021-06-03T23:45,95,66.93,66.93,66.93,,1,UP,NO,NO,2026-10-08T00:05:35Z
2021-06-03T21:45:00Z,2021-06-03T23:45,2021-06-04T00:00,96,60.4,60.4,,,0,STABLE,NO,NO,2026-10-08T00:05:35Z
2021-06-03T22:00:00Z,2021-06-04T00:00,2021-06-04T00:15,1,70.02,70.02,70.02,,1,UP,NO,NO,2026-10-08T00:05:35Z
2021-06-03T22:15:00Z,2021-06-04T00:15,2021-06-04T00:30,2,77.38,77.38,77.38,,1,UP,NO,NO,2026-10-08T00:05:35Z
2021-06-03T22:30:00Z,2021-06-04T00:30,2021-06-04T00:45,3,63.66,63.66,63.66,,1,UP,NO,NO,2026-10-08T00:05:35Z
2021-06-03T22:45:00Z,2021-06-04T00:45,2021-06-04T01:00,4,60.16,60.16,60.16,,1,UP,NO,NO,2026-10-08T00:05:35Z
2021-06-03T23:00:00Z,2021-06-04T01:00,2021-06-04T01:15,5,60.22,60.22,,,0,STABLE,NO,NO,2026-10-08T00:05:35Z
2021-06-03T23:15:00Z,2021-06-04T01:15,2021-06-04T01:30,6,60.21,60.21,,,0,STABLE,NO,NO,2026-10-08T00:05:35Z
2021-06-03T23:30:00Z,2021-06-04T01:30,2021-06-04T01:45,7,60.22,60.22,,,0,STABLE,NO,NO,2026-10-08T00:05:35Z
2021-06-03T23:45:00Z,2021-06-04T01:45,2021-06-04T02:00,8,58.83,58.83,,58.83,-1,DOWN,NO,NO,2026-10-08T00:05:35Z
2021-06-04T00:00:00Z,2021-06-04T02:00,2021-06-04T02:15,9,113.95,113.95,113.95,59.46,1,UP,NO,NO,2026-10-08T00:05:35Z
2021-06-04T00:15:00Z,2021-06-04T02:15,2021-06-04T02:30,10,74.34,74.34,74.34,,1,UP,NO,NO,2026-10-08T00:05:35Z
2021-06-04T00:30:00Z,2021-06-04T02:30,2021-06-04T02:45,11,63.64,63.64,63.64,,1,UP,NO,NO,2026-10-08T00:05:35Z
2021-06-04T00:45:00Z,2021-06-04T02:45,2021-06-04T03:00,12,58.59,58.59,58.59,,1,UP,NO,NO,2026-10-08T00:05:35Z
2021-06-04T01:00:00Z,2021-06-04T03:00,2021-06-04T03:15,13,91.63,91.63,91.63,,1,UP,NO,NO,2026-10-08T00:05:35Z
2021-06-04T01:15:00Z,2021-06-04T03:15,2021-06-04T03:30,14,72.32,72.32,72.32,,1,UP,NO,NO,2026-10-08T00:05:35Z
2021-06-04T01:30:00Z,2021-06-04T03:30,2021-06-04T03:45,15,68.39,68.39,68.39,,1,UP,NO,NO,2026-10-08T00:05:35Z
2021-06-04T01:45:00Z,2021-06-04T03:45,2021-06-04T04:00,16,68.39,68.39,68.39,,1,UP,NO,NO,2026-10-08T00:05:35Z
2021-06-04T02:00:00Z,2021-06-04T04:00,2021-06-04T04:15,17,73.53,73.53,73.53,,1,UP,NO,NO,2026-10-08T00:05:35Z
2021-06-04T02:15:00Z,2021-06-04T04:15,2021-06-04T04:30,18,67.72,67.72,67.72,,1,UP,NO,NO,2026-10-08T00:05:35Z
2021-06-04T02:30:00Z,2021-06-04T04:30,2021-06-04T04:45,19,62.88,62.88,62.88,,1,UP,NO,NO,2026-10-08T00:05:35Z
2021-06-04T02:45:00Z,2021-06-04T04:45,2021-06-04T05:00,20,65.96,65.96,65.96,,1,UP,NO,NO,2026-10-08T00:05:35Z
2021-06-04T03:00:00Z,2021-06-04T05:00,2021-06-04T05:15,21,63.61,63.61,63.61,,1,UP,NO,NO,2026-10-08T00:05:35Z
2021-06-04T03:15:00Z,2021-06-04T05:15,2021-06-04T05:30,22,58.66,58.66,,58.66,-1,DOWN,NO,NO,2026-10-08T00:05:35Z
2021-06-04T03:30:00Z,2021-06-04T05:30,2021-06-04T05:45,23,50.61,50.61,,50.61,-1,DOWN,NO,NO,2026-10-08T00:05:35Z
2021-06-04T03:45:00Z,2021-06-04T05:45,2021-06-04T06:00,24,59.46,59.46,,59.46,-1,DOWN,NO,NO,2026-10-08T00:05:35Z
2021-06-04T04:00:00Z,2021-06-04T06:00,2021-06-04T06:15,25,57.12,57.12,,57.12,-1,DOWN,NO,NO,2026-10-08T00:05:35Z
2021-06-04T04:15:00Z,2021-06-04T06:15,2021-06-04T06:30,26,56.16,56.16,,56.16,-1,DOWN,NO,NO,2026-10-08T00:05:35Z
2021-06-04T04:30:00Z,2021-06-04T06:30,2021-06-04T06:45,27,50.23,50.23,,50.23,-1,DOWN,NO,NO,2026-10-08T00:05:35Z
2021-06-04T04:45:00Z,2021-06-04T06:45,2021-06-04T07:00,28,57.12,57.12,,57.12,-1,DOWN,NO,NO,2026-10-08T00:05:35Z
2021-06-04T05:00:00Z,2021-06-04T07:00,2021-06-04T07:15,29,48.38,48.38,,48.38,-1,DOWN,NO,NO,2026-10-08T00:05:35Z
2021-06-04T05:15:00Z,2021-06-04T07:15,2021-06-04T07:30,30,55.86,55.86,,55.86,-1,DOWN,NO,NO,2026-10-08T00:05:35Z
2021-06-04T05:30:00Z,2021-06-04T07:30,2021-06-04T07:45,31,60.73,60.73,,,0,STABLE,NO,NO,2026-10-08T00:05:35Z
2021-06-04T05:45:00Z,2021-06-04T07:45,2021-06-04T08:00,32,60.68,60.68,,,0,STABLE,NO,NO,2026-10-08T00:05:35Z
2021-06-04T06:00:00Z,2021-06-04T08:00,2021-06-04T08:15,33,61.8,61.8,61.8,,1,UP,NO,NO,2026-10-08T00:05:35Z
2021-06-04T06:15:00Z,2021-06-04T08:15,2021-06-04T08:30,34,63.79,63.79,63.79,,1,UP,NO,NO,2026-10-08T00:05:35Z
2021-06-04T06:30:00Z,2021-06-04T08:30,2021-06-04T08:45,35,63.64,63.64,63.64,,1,UP,NO,NO,2026-10-08T00:05:35Z
2021-06-04T06:45:00Z,2021-06-04T08:45,2021-06-04T09:00,36,60.76,60.76,,,0,STABLE,NO,NO,2026-10-08T00:05:35Z
2021-06-04T07:00:00Z,2021-06-04T09:00,2021-06-04T09:15,37,90.69,90.69,90.69,,1,UP,NO,NO,2026-10-08T00:05:35Z
2021-06-04T07:15:00Z,2021-06-04T09:15,2021-06-04T09:30,38,67.97,67.97,67.97,,1,UP,NO,NO,2026-10-08T00:05:35Z
2021-06-04T07:30:00Z,2021-06-04T09:30,2021-06-04T09:45,39,60.56,60.56,,,0,STABLE,NO,NO,2026-10-08T00:05:35Z
2021-06-04T07:45:00Z,2021-06-04T09:45,2021-06-04T10:00,40,60.56,60.56,,,0,STABLE,NO,NO,2026-10-08T00:05:35Z
2021-06-04T08:00:00Z,2021-06-04T10:00,2021-06-04T10:15,41,60.34,60.34,,,0,STABLE,NO,NO,2026-10-08T00:05:35Z
2021-06-04T08:15:00Z,2021-06-04T10:15,2021-06-04T10:30,42,52.54,52.54,,52.54,-1,DOWN,NO,NO,2026-10-08T00:05:35Z
2021-06-04T08:30:00Z,2021-06-04T10:30,2021-06-04T10:45,43,51.12,51.12,,51.12,-1,DOWN,NO,NO,2026-10-08T00:05:35Z
2021-06-04T08:45:00Z,2021-06-04T10:45,2021-06-04T11:00,44,59.12,59.12,,59.12,-1,DOWN,NO,NO,2026-10-08T00:05:35Z
2021-06-04T09:00:00Z,2021-06-04T11:00,2021-06-04T11:15,45,58.72,58.72,58.72,59.12,1,UP,NO,NO,2026-10-08T00:05:35Z
2021-06-04T09:15:00Z,2021-06-04T11:15,2021-06-04T11:30,46,62.29,62.29,62.29,,1,UP,NO,NO,2026-10-08T00:05:35Z
2021-06-04T09:30:00Z,2021-06-04T11:30,2021-06-04T11:45,47,63.22,63.22,63.22,,1,UP,NO,NO,2026-10-08T00:05:35Z
2021-06-04T09:45:00Z,2021-06-04T11:45,2021-06-04T12:00,48,69.12,69.12,69.12,,1,UP,NO,NO,2026-10-08T00:05:35Z
2021-06-04T10:00:00Z,2021-06-04T12:00,2021-06-04T12:15,49,419.95,419.95,419.95,,1,UP,NO,NO,2026-10-08T00:05:35Z
2021-06-04T10:15:00Z,2021-06-04T12:15,2021-06-04T12:30,50,69.87,69.87,69.87,,1,UP,NO,NO,2026-10-08T00:05:35Z
2021-06-04T10:30:00Z,2021-06-04T12:30,2021-06-04T12:45,51,67.32,67.32,67.32,,1,UP,NO,NO,2026-10-08T00:05:35Z
2021-06-04T10:45:00Z,2021-06-04T12:45,2021-06-04T13:00,52,74.13,74.13,74.13,,1,UP,NO,NO,2026-10-08T00:05:35Z
2021-06-04T11:00:00Z,2021-06-04T13:00,2021-06-04T13:15,53,59.12,59.12,74.13,59.12,-1,DOWN,NO,NO,2026-10-08T00:05:35Z
2021-06-04T11:15:00Z,2021-06-04T13:15,2021-06-04T13:30,54,59.46,59.46,,59.46,-1,DOWN,NO,NO,2026-10-08T00:05:35Z
2021-06-04T11:30:00Z,2021-06-04T13:30,2021-06-04T13:45,55,60.25,60.25,,,0,STABLE,NO,NO,2026-10-08T00:05:35Z
2021-06-04T11:45:00Z,2021-06-04T13:45,2021-06-04T14:00,56,60.47,60.47,60.47,,1,UP,NO,NO,2026-10-08T00:05:35Z
2021-06-04T12:00:00Z,2021-06-04T14:00,2021-06-04T14:15,57,60.16,60.16,,,0,STABLE,NO,NO,2026-10-08T00:05:35Z
2021-06-04T12:15:00Z,2021-06-04T14:15,2021-06-04T14:30,58,58.5,58.5,58.5,,1,UP,NO,NO,2026-10-08T00:05:35Z
2021-06-04T12:30:00Z,2021-06-04T14:30,2021-06-04T14:45,59,62.49,62.49,,,0,STABLE,NO,NO,2026-10-08T00:05:35Z
2021-06-04T12:45:00Z,2021-06-04T14:45,2021-06-04T15:00,60,71.19,71.19,71.19,,1,UP,NO,NO,2026-10-08T00:05:35Z
2021-06-04T13:00:00Z,2021-06-04T15:00,2021-06-04T15:15,61,68.77,68.77,68.77,,1,UP,NO,NO,2026-10-08T00:05:35Z
2021-06-04T13:15:00Z,2021-06-04T15:15,2021-06-04T15:30,62,128.93,128.93,128.93,,1,UP,NO,NO,2026-10-08T00:05:35Z
2021-06-04T13:30:00Z,2021-06-04T15:30,2021-06-04T15:45,63,413.93,413.93,413.93,,1,UP,NO,NO,2026-10-08T00:05:35Z
2021-06-04T13:45:00Z,2021-06-04T15:45,2021-06-04T16:00,64,109.73,109.73,109.73,,1,UP,NO,NO,2026-10-08T00:05:35Z
2021-06-04T14:00:00Z,2021-06-04T16:00,2021-06-04T16:15,65,60.17,60.17,,,0,STABLE,NO,NO,2026-10-08T00:05:35Z
2021-06-04T14:15:00Z,2021-06-04T16:15,2021-06-04T16:30,66,63.46,59.13,63.46,59.13,2,UP_AND_DOWN,NO,NO,2026-10-08T00:05:35Z
2021-06-04T14:30:00Z,2021-06-04T16:30,2021-06-04T16:45,67,84.24,84.24,84.24,,1,UP,NO,NO,2026-10-08T00:05:35Z
2021-06-04T14:45:00Z,2021-06-04T16:45,2021-06-04T17:00,68,308.93,308.93,308.93,,1,UP,NO,NO,2026-10-08T00:05:35Z
2021-06-04T15:00:00Z,2021-06-04T17:00,2021-06-04T17:15,69,70.53,70.53,70.53,,1,UP,NO,NO,2026-10-08T00:05:35Z
2021-06-04T15:15:00Z,2021-06-04T17:15,2021-06-04T17:30,70,105.28,105.28,105.28,,1,UP,NO,NO,2026-10-08T00:05:35Z
2021-06-04T15:30:00Z,2021-06-04T17:30,2021-06-04T17:45,71,425.9,425.9,425.9,,1,UP,NO,NO,2026-10-08T00:05:35Z
2021-06-04T15:45:00Z,2021-06-04T17:45,2021-06-04T18:00,72,425.9,425.9,425.9,,1,UP,NO,NO,2026-10-08T00:05:35Z
2021-06-04T16:00:00Z,2021-06-04T18:00,2021-06-04T18:15,73,55.53,55.53,198.91,55.53,-1,DOWN,NO,NO,2026-10-08T00:05:35Z
2021-06-04T16:15:00Z,2021-06-04T18:15,2021-06-04T18:30,74,80.32,80.32,80.32,55.53,1,UP,NO,NO,2026-10-08T00:05:35Z
2021-06-04T16:30:00Z,2021-06-04T18:30,2021-06-04T18:45,75,110.01,110.01,110.01,,1,UP,NO,NO,2026-10-08T00:05:35Z
2021-06-04T16:45:00Z,2021-06-04T18:45,2021-06-04T19:00,76,429.91,429.91,429.91,,1,UP,NO,NO,2026-10-08T00:05:35Z
2021-06-04T17:00:00Z,2021-06-04T19:00,2021-06-04T19:15,77,67.99,67.99,67.99,,1,UP,NO,NO,2026-10-08T00:05:35Z
2021-06-04T17:15:00Z,2021-06-04T19:15,2021-06-04T19:30,78,98.98,98.98,98.98,,1,UP,NO,NO,2026-10-08T00:05:35Z
2021-06-04T17:30:00Z,2021-06-04T19:30,2021-06-04T19:45,79,65.49,65.49,65.49,,1,UP,NO,NO,2026-10-08T00:05:35Z
2021-06-04T17:45:00Z,2021-06-04T19:45,2021-06-04T20:00,80,431.95,431.95,431.95,,1,UP,NO,NO,2026-10-08T00:05:35Z
2021-06-04T18:00:00Z,2021-06-04T20:00,2021-06-04T20:15,81,67.97,59.25,67.97,59.25,2,UP_AND_DOWN,NO,NO,2026-10-08T00:05:35Z
2021-06-04T18:15:00Z,2021-06-04T20:15,2021-06-04T20:30,82,62.49,62.49,,,0,STABLE,NO,NO,2026-10-08T00:05:35Z
2021-06-04T18:30:00Z,2021-06-04T20:30,2021-06-04T20:45,83,62.49,62.49,,,0,STABLE,NO,NO,2026-10-08T00:05:35Z
2021-06-04T18:45:00Z,2021-06-04T20:45,2021-06-04T21:00,84,57.8,57.8,,57.8,-1,DOWN,NO,NO,2026-10-08T00:05:35Z
2021-06-04T19:00:00Z,2021-06-04T21:00,2021-06-04T21:15,85,58.29,58.29,,58.29,-1,DOWN,NO,NO,2026-10-08T00:05:35Z
2021-06-04T19:15:00Z,2021-06-04T21:15,2021-06-04T21:30,86,62.49,62.49,,,0,STABLE,NO,NO,2026-10-08T00:05:35Z
2021-06-04T19:30:00Z,2021-06-04T21:30,2021-06-04T21:45,87,49.34,49.34,,49.34,-1,DOWN,NO,NO,2026-10-08T00:05:35Z
2021-06-04T19:45:00Z,2021-06-04T21:45,2021-06-04T22:00,88,49.34,49.34,,49.34,-1,DOWN,NO,NO,2026-10-08T00:05:35Z
2021-06-04T20:00:00Z,2021-06-04T22:00,2021-06-04T22:15,89,59.96,59.96,59.96,49.34,1,UP,NO,NO,2026-10-08T00:05:35Z
2021-06-04T20:15:00Z,2021-06-04T22:15,2021-06-04T22:30,90,59.96,59.96,59.96,,1,UP,NO,NO,2026-10-08T00:05:35Z
2021-06-04T20:30:00Z,2021-06-04T22:30,2021-06-04T22:45,91,62.21,62.21,62.21,,1,UP,NO,NO,2026-10-08T00:05:35Z
2021-06-04T20:45:00Z,2021-06-04T22:45,2021-06-04T23:00,92,60,60,60,,1,UP,NO,NO,2026-10-08T00:05:35Z
2021-06-04T21:00:00Z,2021-06-04T23:00,2021-06-04T23:15,93,422.09,422.09,422.09,,1,UP,NO,NO,2026-10-08T00:05:35Z
2021-06-04T21:15:00Z,2021-06-04T23:15,2021-06-04T23:30,94,66.96,66.96,66.96,,1,UP,NO,NO,2026-10-08T00:05:35Z
2021-06-04T21:30:00Z,2021-06-04T23:30,2021-06-04T23:45,95,69.12,69.12,69.12,,1,UP,NO,NO,2026-10-08T00:05:35Z
2021-06-04T21:45:00Z,2021-06-04T23:45,2021-06-05T00:00,96,422.09,422.09,422.09,,1,UP,NO,NO,2026-10-08T00:05:35Z
2021-06-04T22:00:00Z,2021-06-05T00:00,2021-06-05T00:15,1,68.47,68.47,68.47,,1,UP,NO,NO,2026-10-08T00:05:35Z
2021-06-04T22:15:00Z,2021-06-05T00:15,2021-06-05T00:30,2,64.36,64.36,64.36,,1,UP,NO,NO,2026-10-08T00:05:35Z
2021-06-04T22:30:00Z,2021-06-05T00:30,2021-06-05T00:45,3,61.59,61.59,61.59,,1,UP,NO,NO,2026-10-08T00:05:35Z
2021-06-04T22:45:00Z,2021-06-05T00:45,2021-06-05T01:00,4,68.47,68.47,68.47,,1,UP,NO,NO,2026-10-08T00:05:35Z
2021-06-04T23:00:00Z,2021-06-05T01:00,2021-06-05T01:15,5,74.63,74.63,74.63,,1,UP,NO,NO,2026-10-08T00:05:35Z
2021-06-04T23:15:00Z,2021-06-05T01:15,2021-06-05T01:30,6,112.13,54.2,112.13,54.2,2,UP_AND_DOWN,NO,NO,2026-10-08T00:05:35Z
2021-06-04T23:30:00Z,2021-06-05T01:30,2021-06-05T01:45,7,217.13,53.47,217.13,53.47,2,UP_AND_DOWN,NO,NO,2026-10-08T00:05:35Z
2021-06-04T23:45:00Z,2021-06-05T01:45,2021-06-05T02:00,8,60.47,60.47,,,0,STABLE,NO,NO,2026-10-08T00:05:35Z
2021-06-05T00:00:00Z,2021-06-05T02:00,2021-06-05T02:15,9,91.03,91.03,91.03,,1,UP,NO,NO,2026-10-08T00:05:35Z
2021-06-05T00:15:00Z,2021-06-05T02:15,2021-06-05T02:30,10,96.93,96.93,96.93,,1,UP,NO,NO,2026-10-08T00:05:35Z
2021-06-05T00:30:00Z,2021-06-05T02:30,2021-06-05T02:45,11,72.44,72.44,72.44,,1,UP,NO,NO,2026-10-08T00:05:35Z
2021-06-05T00:45:00Z,2021-06-05T02:45,2021-06-05T03:00,12,65.47,53.47,65.47,53.47,2,UP_AND_DOWN,NO,NO,2026-10-08T00:05:35Z
2021-06-05T01:00:00Z,2021-06-05T03:00,2021-06-05T03:15,13,62.32,62.32,62.32,,1,UP,NO,NO,2026-10-08T00:05:35Z
2021-06-05T01:15:00Z,2021-06-05T03:15,2021-06-05T03:30,14,64.94,64.94,64.94,,1,UP,NO,NO,2026-10-08T00:05:35Z
2021-06-05T01:30:00Z,2021-06-05T03:30,2021-06-05T03:45,15,58.47,58.47,,58.47,-1,DOWN,NO,NO,2026-10-08T00:05:35Z
2021-06-05T01:45:00Z,2021-06-05T03:45,2021-06-05T04:00,16,56.47,56.47,,56.47,-1,DOWN,NO,NO,2026-10-08T00:05:35Z
2021-06-05T02:00:00Z,2021-06-05T04:00,2021-06-05T04:15,17,37.86,37.86,,37.86,-1,DOWN,NO,NO,2026-10-08T00:05:35Z
2021-06-05T02:15:00Z,2021-06-05T04:15,2021-06-05T04:30,18,79.94,79.94,79.94,37.86,1,UP,NO,NO,2026-10-08T00:05:35Z
2021-06-05T02:30:00Z,2021-06-05T04:30,2021-06-05T04:45,19,79.94,79.94,79.94,,1,UP,NO,NO,2026-10-08T00:05:35Z
2021-06-05T02:45:00Z,2021-06-05T04:45,2021-06-05T05:00,20,79.94,79.94,79.94,,1,UP,NO,NO,2026-10-08T00:05:35Z
2021-06-05T03:00:00Z,2021-06-05T05:00,2021-06-05T05:15,21,406.04,406.04,406.04,,1,UP,NO,NO,2026-10-08T00:05:35Z
2021-06-05T03:15:00Z,2021-06-05T05:15,2021-06-05T05:30,22,41.69,41.69,102.44,41.69,-1,DOWN,NO,NO,2026-10-08T00:05:35Z
2021-06-05T03:30:00Z,2021-06-05T05:30,2021-06-05T05:45,23,-6.27,-6.27,102.44,-6.27,-1,DOWN,NO,NO,2026-10-08T00:05:35Z
2021-06-05T03:45:00Z,2021-06-05T05:45,2021-06-05T06:00,24,42.08,42.08,,42.08,-1,DOWN,NO,NO,2026-10-08T00:05:35Z
2021-06-05T04:00:00Z,2021-06-05T06:00,2021-06-05T06:15,25,14.32,14.32,,14.32,-1,DOWN,NO,NO,2026-10-08T00:05:35Z
2021-06-05T04:15:00Z,2021-06-05T06:15,2021-06-05T06:30,26,42.5,42.5,,42.5,-1,DOWN,NO,NO,2026-10-08T00:05:35Z
2021-06-05T04:30:00Z,2021-06-05T06:30,2021-06-05T06:45,27,42.95,42.95,,42.95,-1,DOWN,NO,NO,2026-10-08T00:05:35Z
2021-06-05T04:45:00Z,2021-06-05T06:45,2021-06-05T07:00,28,62.16,55.31,62.16,55.31,2,UP_AND_DOWN,NO,NO,2026-10-08T00:05:35Z
2021-06-05T05:00:00Z,2021-06-05T07:00,2021-06-05T07:15,29,72.44,72.44,72.44,,1,UP,NO,NO,2026-10-08T00:05:35Z
2021-06-05T05:15:00Z,2021-06-05T07:15,2021-06-05T07:30,30,102.44,102.44,102.44,,1,UP,NO,NO,2026-10-08T00:05:35Z
2021-06-05T05:30:00Z,2021-06-05T07:30,2021-06-05T07:45,31,79.94,79.94,79.94,,1,UP,NO,NO,2026-10-08T00:05:35Z
2021-06-05T05:45:00Z,2021-06-05T07:45,2021-06-05T08:00,32,75,75,75,,1,UP,NO,NO,2026-10-08T00:05:35Z
2021-06-05T06:00:00Z,2021-06-05T08:00,2021-06-05T08:15,33,51.56,51.56,64.31,51.56,-1,DOWN,NO,NO,2026-10-08T00:05:35Z
2021-06-05T06:15:00Z,2021-06-05T08:15,2021-06-05T08:30,34,84.59,84.59,84.59,,1,UP,NO,NO,2026-10-08T00:05:35Z
2021-06-05T06:30:00Z,2021-06-05T08:30,2021-06-05T08:45,35,511.98,511.98,511.98,,1,UP,NO,NO,2026-10-08T00:05:35Z
2021-06-05T06:45:00Z,2021-06-05T08:45,2021-06-05T09:00,36,416.02,416.02,416.02,,1,UP,NO,NO,2026-10-08T00:05:35Z
2021-06-05T07:00:00Z,2021-06-05T09:00,2021-06-05T09:15,37,43.63,43.63,416.02,43.63,-1,DOWN,NO,NO,2026-10-08T00:05:35Z
2021-06-05T07:15:00Z,2021-06-05T09:15,2021-06-05T09:30,38,67.31,67.31,67.31,,1,UP,NO,NO,2026-10-08T00:05:35Z
2021-06-05T07:30:00Z,2021-06-05T09:30,2021-06-05T09:45,39,98,98,98,,1,UP,NO,NO,2026-10-08T00:05:35Z
2021-06-05T07:45:00Z,2021-06-05T09:45,2021-06-05T10:00,40,74.63,74.63,74.63,,1,UP,NO,NO,2026-10-08T00:05:35Z
2021-06-05T08:00:00Z,2021-06-05T10:00,2021-06-05T10:15,41,89.06,89.06,89.06,,1,UP,NO,NO,2026-10-08T00:05:35Z
2021-06-05T08:15:00Z,2021-06-05T10:15,2021-06-05T10:30,42,84.78,84.78,84.78,,1,UP,NO,NO,2026-10-08T00:05:35Z
2021-06-05T08:30:00Z,2021-06-05T10:30,2021-06-05T10:45,43,112.13,112.13,112.13,,1,UP,NO,NO,2026-10-08T00:05:35Z
2021-06-05T08:45:00Z,2021-06-05T10:45,2021-06-05T11:00,44,77.9,77.9,77.9,,1,UP,NO,NO,2026-10-08T00:05:35Z
2021-06-05T09:00:00Z,2021-06-05T11:00,2021-06-05T11:15,45,89.94,89.94,89.94,,1,UP,NO,NO,2026-10-08T00:05:35Z
2021-06-05T09:15:00Z,2021-06-05T11:15,2021-06-05T11:30,46,102.44,102.44,102.44,,1,UP,NO,NO,2026-10-08T00:05:35Z
2021-06-05T09:30:00Z,2021-06-05T11:30,2021-06-05T11:45,47,309.48,309.48,309.48,,1,UP,NO,NO,2026-10-08T00:05:35Z
2021-06-05T09:45:00Z,2021-06-05T11:45,2021-06-05T12:00,48,79.94,79.94,79.94,,1,UP,NO,NO,2026-10-08T00:05:35Z
2021-06-05T10:00:00Z,2021-06-05T12:00,2021-06-05T12:15,49,67.44,67.44,67.44,,1,UP,NO,NO,2026-10-08T00:05:35Z
2021-06-05T10:15:00Z,2021-06-05T12:15,2021-06-05T12:30,50,59.31,59.31,,,0,STABLE,NO,NO,2026-10-08T00:05:35Z
2021-06-05T10:30:00Z,2021-06-05T12:30,2021-06-05T12:45,51,52.31,52.31,,52.31,-1,DOWN,NO,NO,2026-10-08T00:05:35Z
2021-06-05T10:45:00Z,2021-06-05T12:45,2021-06-05T13:00,52,11,11,,11,-1,DOWN,NO,NO,2026-10-08T00:05:35Z
2021-06-05T11:00:00Z,2021-06-05T13:00,2021-06-05T13:15,53,79.94,52.31,79.94,52.31,2,UP_AND_DOWN,NO,NO,2026-10-08T00:05:35Z
2021-06-05T11:15:00Z,2021-06-05T13:15,2021-06-05T13:30,54,60.59,60.59,60.59,,1,UP,NO,NO,2026-10-08T00:05:35Z
2021-06-05T11:30:00Z,2021-06-05T13:30,2021-06-05T13:45,55,58.9,58.9,,,0,STABLE,NO,NO,2026-10-08T00:05:35Z
2021-06-05T11:45:00Z,2021-06-05T13:45,2021-06-05T14:00,56,58.9,58.9,,,0,STABLE,NO,NO,2026-10-08T00:05:35Z
2021-06-05T12:00:00Z,2021-06-05T14:00,2021-06-05T14:15,57,402.4,402.4,402.4,,1,UP,NO,NO,2026-10-08T00:05:35Z
2021-06-05T12:15:00Z,2021-06-05T14:15,2021-06-05T14:30,58,402.4,402.4,402.4,,1,UP,NO,NO,2026-10-08T00:05:35Z
2021-06-05T12:30:00Z,2021-06-05T14:30,2021-06-05T14:45,59,125.88,125.88,125.88,,1,UP,NO,NO,2026-10-08T00:05:35Z
2021-06-05T12:45:00Z,2021-06-05T14:45,2021-06-05T15:00,60,57.66,57.66,,,0,STABLE,NO,NO,2026-10-08T00:05:35Z
2021-06-05T13:00:00Z,2021-06-05T15:00,2021-06-05T15:15,61,180.45,180.45,180.45,,1,UP,NO,NO,2026-10-08T00:05:35Z
2021-06-05T13:15:00Z,2021-06-05T15:15,2021-06-05T15:30,62,72.44,72.44,72.44,,1,UP,NO,NO,2026-10-08T00:05:35Z
2021-06-05T13:30:00Z,2021-06-05T15:30,2021-06-05T15:45,63,72.44,72.44,72.44,,1,UP,NO,NO,2026-10-08T00:05:35Z
2021-06-05T13:45:00Z,2021-06-05T15:45,2021-06-05T16:00,64,112.68,112.68,112.68,,1,UP,NO,NO,2026-10-08T00:05:35Z
2021-06-05T14:00:00Z,2021-06-05T16:00,2021-06-05T16:15,65,77.31,77.31,77.31,,1,UP,NO,NO,2026-10-08T00:05:35Z
2021-06-05T14:15:00Z,2021-06-05T16:15,2021-06-05T16:30,66,72.44,72.44,72.44,,1,UP,NO,NO,2026-10-08T00:05:35Z
2021-06-05T14:30:00Z,2021-06-05T16:30,2021-06-05T16:45,67,102.44,102.44,102.44,,1,UP,NO,NO,2026-10-08T00:05:35Z
2021-06-05T14:45:00Z,2021-06-05T16:45,2021-06-05T17:00,68,119.08,119.08,119.08,,1,UP,NO,NO,2026-10-08T00:05:35Z
2021-06-05T15:00:00Z,2021-06-05T17:00,2021-06-05T17:15,69,65.58,65.58,65.58,,1,UP,NO,NO,2026-10-08T00:05:35Z
2021-06-05T15:15:00Z,2021-06-05T17:15,2021-06-05T17:30,70,410.48,410.48,410.48,,1,UP,NO,NO,2026-10-08T00:05:35Z
2021-06-05T15:30:00Z,2021-06-05T17:30,2021-06-05T17:45,71,410.48,410.48,410.48,,1,UP,NO,NO,2026-10-08T00:05:35Z
2021-06-05T15:45:00Z,2021-06-05T17:45,2021-06-05T18:00,72,410.48,410.48,410.48,,1,UP,NO,NO,2026-10-08T00:05:35Z
2021-06-05T16:00:00Z,2021-06-05T18:00,2021-06-05T18:15,73,420.6,420.6,420.6,,1,UP,NO,NO,2026-10-08T00:05:35Z
2021-06-05T16:15:00Z,2021-06-05T18:15,2021-06-05T18:30,74,309.48,309.48,309.48,,1,UP,NO,NO,2026-10-08T00:05:35Z
2021-06-05T16:30:00Z,2021-06-05T18:30,2021-06-05T18:45,75,83.91,83.91,83.91,,1,UP,NO,NO,2026-10-08T00:05:35Z
2021-06-05T16:45:00Z,2021-06-05T18:45,2021-06-05T19:00,76,420.6,420.6,420.6,,1,UP,NO,NO,2026-10-08T00:05:35Z
2021-06-05T17:00:00Z,2021-06-05T19:00,2021-06-05T19:15,77,60.68,-55.08,60.68,-55.08,2,UP_AND_DOWN,NO,NO,2026-10-08T00:05:35Z
2021-06-05T17:15:00Z,2021-06-05T19:15,2021-06-05T19:30,78,55.31,55.31,,55.31,-1,DOWN,NO,NO,2026-10-08T00:05:35Z
2021-06-05T17:30:00Z,2021-06-05T19:30,2021-06-05T19:45,79,66.64,66.64,66.64,,1,UP,NO,NO,2026-10-08T00:05:35Z
2021-06-05T17:45:00Z,2021-06-05T19:45,2021-06-05T20:00,80,131.45,131.45,131.45,,1,UP,NO,NO,2026-10-08T00:05:35Z
2021-06-05T18:00:00Z,2021-06-05T20:00,2021-06-05T20:15,81,62.85,62.85,62.85,,1,UP,NO,NO,2026-10-08T00:05:35Z
2021-06-05T18:15:00Z,2021-06-05T20:15,2021-06-05T20:30,82,57.31,57.31,,57.31,-1,DOWN,NO,NO,2026-10-08T00:05:35Z
2021-06-05T18:30:00Z,2021-06-05T20:30,2021-06-05T20:45,83,58.66,58.66,,,0,STABLE,NO,NO,2026-10-08T00:05:35Z
2021-06-05T18:45:00Z,2021-06-05T20:45,2021-06-05T21:00,84,59.04,59.04,,,0,STABLE,NO,NO,2026-10-08T00:05:35Z
2021-06-05T19:00:00Z,2021-06-05T21:00,2021-06-05T21:15,85,55.31,55.31,,55.31,-1,DOWN,NO,NO,2026-10-08T00:05:35Z
2021-06-05T19:15:00Z,2021-06-05T21:15,2021-06-05T21:30,86,42.76,42.76,,42.76,-1,DOWN,NO,NO,2026-10-08T00:05:35Z
2021-06-05T19:30:00Z,2021-06-05T21:30,2021-06-05T21:45,87,55.31,55.31,,55.31,-1,DOWN,NO,NO,2026-10-08T00:05:35Z
2021-06-05T19:45:00Z,2021-06-05T21:45,2021-06-05T22:00,88,55.31,55.31,,55.31,-1,DOWN,NO,NO,2026-10-08T00:05:35Z
2021-06-05T20:00:00Z,2021-06-05T22:00,2021-06-05T22:15,89,69.35,69.35,69.35,,1,UP,NO,NO,2026-10-08T00:05:35Z
2021-06-05T20:15:00Z,2021-06-05T22:15,2021-06-05T22:30,90,66.35,66.35,66.35,,1,UP,NO,NO,2026-10-08T00:05:35Z
2021-06-05T20:30:00Z,2021-06-05T22:30,2021-06-05T22:45,91,82.44,82.44,82.44,,1,UP,NO,NO,2026-10-08T00:05:35Z
2021-06-05T20:45:00Z,2021-06-05T22:45,2021-06-05T23:00,92,86.22,86.22,86.22,,1,UP,NO,NO,2026-10-08T00:05:35Z
2021-06-05T21:00:00Z,2021-06-05T23:00,2021-06-05T23:15,93,452.87,452.87,452.87,,1,UP,NO,NO,2026-10-08T00:05:35Z
2021-06-05T21:15:00Z,2021-06-05T23:15,2021-06-05T23:30,94,48.91,48.91,89.77,48.91,-1,DOWN,NO,NO,2026-10-08T00:05:35Z
2021-06-05T21:30:00Z,2021-06-05T23:30,2021-06-05T23:45,95,43.53,43.53,89.77,43.53,-1,DOWN,NO,NO,2026-10-08T00:05:35Z
2021-06-05T21:45:00Z,2021-06-05T23:45,2021-06-06T00:00,96,62.87,62.87,62.87,,1,UP,NO,NO,2026-10-08T00:05:35Z
2021-06-05T22:00:00Z,2021-06-06T00:00,2021-06-06T00:15,1,454.9,454.9,454.9,,1,UP,NO,NO,2026-10-08T00:05:35Z
2021-06-05T22:15:00Z,2021-06-06T00:15,2021-06-06T00:30,2,100.31,100.31,100.31,,1,UP,NO,NO,2026-10-08T00:05:35Z
2021-06-05T22:30:00Z,2021-06-06T00:30,2021-06-06T00:45,3,56.38,56.38,100.31,56.38,-1,DOWN,NO,NO,2026-10-08T00:05:35Z
2021-06-05T22:45:00Z,2021-06-06T00:45,2021-06-06T01:00,4,51.38,51.38,,51.38,-1,DOWN,NO,NO,2026-10-08T00:05:35Z
2021-06-05T23:00:00Z,2021-06-06T01:00,2021-06-06T01:15,5,69.14,56.38,69.14,56.38,2,UP_AND_DOWN,NO,NO,2026-10-08T00:05:35Z
2021-06-05T23:15:00Z,2021-06-06T01:15,2021-06-06T01:30,6,64.81,64.81,64.81,,1,UP,NO,NO,2026-10-08T00:05:35Z
2021-06-05T23:30:00Z,2021-06-06T01:30,2021-06-06T01:45,7,61.89,61.89,61.89,,1,UP,NO,NO,2026-10-08T00:05:35Z
2021-06-05T23:45:00Z,2021-06-06T01:45,2021-06-06T02:00,8,57.58,57.58,61.89,57.58,-1,DOWN,NO,NO,2026-10-08T00:05:35Z
2021-06-06T00:00:00Z,2021-06-06T02:00,2021-06-06T02:15,9,61,49.58,61,49.58,2,UP_AND_DOWN,NO,NO,2026-10-08T00:05:35Z
2021-06-06T00:15:00Z,2021-06-06T02:15,2021-06-06T02:30,10,217.13,217.13,217.13,,1,UP,NO,NO,2026-10-08T00:05:35Z
2021-06-06T00:30:00Z,2021-06-06T02:30,2021-06-06T02:45,11,511.98,511.98,511.98,,1,UP,NO,NO,2026-10-08T00:05:35Z
2021-06-06T00:45:00Z,2021-06-06T02:45,2021-06-06T03:00,12,43.63,43.63,511.98,43.63,-1,DOWN,NO,NO,2026-10-08T00:05:35Z
2021-06-06T01:00:00Z,2021-06-06T03:00,2021-06-06T03:15,13,59.72,59.72,59.72,38.03,1,UP,NO,NO,2026-10-08T00:05:35Z
2021-06-06T01:15:00Z,2021-06-06T03:15,2021-06-06T03:30,14,60.47,60.47,60.47,,1,UP,NO,NO,2026-10-08T00:05:35Z
2021-06-06T01:30:00Z,2021-06-06T03:30,2021-06-06T03:45,15,60.91,60.91,60.91,,1,UP,NO,NO,2026-10-08T00:05:35Z
2021-06-06T01:45:00Z,2021-06-06T03:45,2021-06-06T04:00,16,61.58,61.58,61.58,,1,UP,NO,NO,2026-10-08T00:05:35Z
2021-06-06T02:00:00Z,2021-06-06T04:00,2021-06-06T04:15,17,406.16,406.16,406.16,,1,UP,NO,NO,2026-10-08T00:05:35Z
2021-06-06T02:15:00Z,2021-06-06T04:15,2021-06-06T04:30,18,71.58,71.58,71.58,,1,UP,NO,NO,2026-10-08T00:05:35Z
2021-06-06T02:30:00Z,2021-06-06T04:30,2021-06-06T04:45,19,74.86,74.86,74.86,,1,UP,NO,NO,2026-10-08T00:05:35Z
2021-06-06T02:45:00Z,2021-06-06T04:45,2021-06-06T05:00,20,62.9,62.9,62.9,,1,UP,NO,NO,2026-10-08T00:05:35Z
2021-06-06T03:00:00Z,2021-06-06T05:00,2021-06-06T05:15,21,406.1,406.1,406.1,,1,UP,NO,NO,2026-10-08T00:05:35Z
2021-06-06T03:15:00Z,2021-06-06T05:15,2021-06-06T05:30,22,57.58,57.58,67.22,57.58,-1,DOWN,NO,NO,2026-10-08T00:05:35Z
2021-06-06T03:30:00Z,2021-06-06T05:30,2021-06-06T05:45,23,57.58,57.58,,57.58,-1,DOWN,NO,NO,2026-10-08T00:05:35Z
2021-06-06T03:45:00Z,2021-06-06T05:45,2021-06-06T06:00,24,57.29,57.29,,,0,STABLE,NO,NO,2026-10-08T00:05:35Z
2021-06-06T04:00:00Z,2021-06-06T06:00,2021-06-06T06:15,25,61.88,61.88,61.88,,1,UP,NO,NO,2026-10-08T00:05:35Z
2021-06-06T04:15:00Z,2021-06-06T06:15,2021-06-06T06:30,26,59.9,57.25,59.9,57.5,2,UP_AND_DOWN,NO,NO,2026-10-08T00:05:35Z
2021-06-06T04:30:00Z,2021-06-06T06:30,2021-06-06T06:45,27,42.99,42.99,59.9,42.99,-1,DOWN,NO,NO,2026-10-08T00:05:35Z
2021-06-06T04:45:00Z,2021-06-06T06:45,2021-06-06T07:00,28,49.5,49.5,,49.5,-1,DOWN,NO,NO,2026-10-08T00:05:35Z
2021-06-06T05:00:00Z,2021-06-06T07:00,2021-06-06T07:15,29,402.7,402.7,402.7,49.5,1,UP,NO,NO,2026-10-08T00:05:35Z
2021-06-06T05:15:00Z,2021-06-06T07:15,2021-06-06T07:30,30,402.7,42.22,402.7,42.22,2,UP_AND_DOWN,NO,NO,2026-10-08T00:05:35Z
2021-06-06T05:30:00Z,2021-06-06T07:30,2021-06-06T07:45,31,-25.17,-25.17,402.7,-25.17,-1,DOWN,NO,NO,2026-10-08T00:05:35Z
2021-06-06T05:45:00Z,2021-06-06T07:45,2021-06-06T08:00,32,40.95,40.95,,40.95,-1,DOWN,NO,NO,2026-10-08T00:05:35Z
2021-06-06T06:00:00Z,2021-06-06T08:00,2021-06-06T08:15,33,61.44,43.48,61.44,43.48,2,UP_AND_DOWN,NO,NO,2026-10-08T00:05:35Z
2021-06-06T06:15:00Z,2021-06-06T08:15,2021-06-06T08:30,34,58.67,58.67,,,0,STABLE,NO,NO,2026-10-08T00:05:35Z
2021-06-06T06:30:00Z,2021-06-06T08:30,2021-06-06T08:45,35,58.61,58.61,,,0,STABLE,NO,NO,2026-10-08T00:05:35Z
2021-06-06T06:45:00Z,2021-06-06T08:45,2021-06-06T09:00,36,64.5,64.5,64.5,,1,UP,NO,NO,2026-10-08T00:05:35Z
2021-06-06T07:00:00Z,2021-06-06T09:00,2021-06-06T09:15,37,64.5,64.5,64.5,,1,UP,NO,NO,2026-10-08T00:05:35Z
2021-06-06T07:15:00Z,2021-06-06T09:15,2021-06-06T09:30,38,64.5,64.5,64.5,,1,UP,NO,NO,2026-10-08T00:05:35Z
2021-06-06T07:30:00Z,2021-06-06T09:30,2021-06-06T09:45,39,62.89,62.89,62.89,,1,UP,NO,NO,2026-10-08T00:05:35Z
2021-06-06T07:45:00Z,2021-06-06T09:45,2021-06-06T10:00,40,61.5,61.5,61.5,,1,UP,NO,NO,2026-10-08T00:05:35Z
2021-06-06T08:00:00Z,2021-06-06T10:00,2021-06-06T10:15,41,85.12,85.12,85.12,,1,UP,NO,NO,2026-10-08T00:05:35Z
2021-06-06T08:15:00Z,2021-06-06T10:15,2021-06-06T10:30,42,66.97,66.97,66.97,,1,UP,NO,NO,2026-10-08T00:05:35Z
2021-06-06T08:30:00Z,2021-06-06T10:30,2021-06-06T10:45,43,58.71,58.71,,,0,STABLE,NO,NO,2026-10-08T00:05:35Z
2021-06-06T08:45:00Z,2021-06-06T10:45,2021-06-06T11:00,44,59.5,59.5,,,0,STABLE,NO,NO,2026-10-08T00:05:35Z
2021-06-06T09:00:00Z,2021-06-06T11:00,2021-06-06T11:15,45,59.5,59.5,,,0,STABLE,NO,NO,2026-10-08T00:05:35Z
2021-06-06T09:15:00Z,2021-06-06T11:15,2021-06-06T11:30,46,63.44,63.44,63.44,,1,UP,NO,NO,2026-10-08T00:05:35Z
2021-06-06T09:30:00Z,2021-06-06T11:30,2021-06-06T11:45,47,59.5,59.5,,,0,STABLE,NO,NO,2026-10-08T00:05:35Z
2021-06-06T09:45:00Z,2021-06-06T11:45,2021-06-06T12:00,48,72.44,72.44,72.44,,1,UP,NO,NO,2026-10-08T00:05:35Z
2021-06-06T10:00:00Z,2021-06-06T12:00,2021-06-06T12:15,49,408.16,408.16,408.16,,1,UP,NO,NO,2026-10-08T00:05:35Z
2021-06-06T10:15:00Z,2021-06-06T12:15,2021-06-06T12:30,50,89.94,89.94,89.94,,1,UP,NO,NO,2026-10-08T00:05:35Z
2021-06-06T10:30:00Z,2021-06-06T12:30,2021-06-06T12:45,51,79.94,79.94,79.94,,1,UP,NO,NO,2026-10-08T00:05:35Z
2021-06-06T10:45:00Z,2021-06-06T12:45,2021-06-06T13:00,52,72.44,72.44,72.44,,1,UP,NO,NO,2026-10-08T00:05:35Z
2021-06-06T11:00:00Z,2021-06-06T13:00,2021-06-06T13:15,53,405.41,405.41,405.41,,1,UP,NO,NO,2026-10-08T00:05:35Z
2021-06-06T11:15:00Z,2021-06-06T13:15,2021-06-06T13:30,54,405.41,405.41,405.41,,1,UP,NO,NO,2026-10-08T00:05:35Z
2021-06-06T11:30:00Z,2021-06-06T13:30,2021-06-06T13:45,55,72.44,72.44,72.44,,1,UP,NO,NO,2026-10-08T00:05:35Z
2021-06-06T11:45:00Z,2021-06-06T13:45,2021-06-06T14:00,56,79.94,79.94,79.94,,1,UP,NO,NO,2026-10-08T00:05:35Z
2021-06-06T12:00:00Z,2021-06-06T14:00,2021-06-06T14:15,57,67.44,67.44,67.44,,1,UP,NO,NO,2026-10-08T00:05:35Z
2021-06-06T12:15:00Z,2021-06-06T14:15,2021-06-06T14:30,58,64.94,64.94,64.94,,1,UP,NO,NO,2026-10-08T00:05:35Z
2021-06-06T12:30:00Z,2021-06-06T14:30,2021-06-06T14:45,59,67.5,67.5,67.5,,1,UP,NO,NO,2026-10-08T00:05:35Z
2021-06-06T12:45:00Z,2021-06-06T14:45,2021-06-06T15:00,60,79.94,42.6,79.94,42.6,2,UP_AND_DOWN,NO,NO,2026-10-08T00:05:35Z
2021-06-06T13:00:00Z,2021-06-06T15:00,2021-06-06T15:15,61,-50.48,-50.48,79.94,-50.48,-1,DOWN,NO,NO,2026-10-08T00:05:35Z
2021-06-06T13:15:00Z,2021-06-06T15:15,2021-06-06T15:30,62,42.58,42.58,,42.58,-1,DOWN,NO,NO,2026-10-08T00:05:35Z
2021-06-06T13:30:00Z,2021-06-06T15:30,2021-06-06T15:45,63,42.13,42.13,,42.13,-1,DOWN,NO,NO,2026-10-08T00:05:35Z
2021-06-06T13:45:00Z,2021-06-06T15:45,2021-06-06T16:00,64,42.58,42.58,,42.58,-1,DOWN,NO,NO,2026-10-08T00:05:35Z
2021-06-06T14:00:00Z,2021-06-06T16:00,2021-06-06T16:15,65,-40.09,-40.09,,-40.09,-1,DOWN,NO,NO,2026-10-08T00:05:35Z
2021-06-06T14:15:00Z,2021-06-06T16:15,2021-06-06T16:30,66,24.64,24.64,,24.64,-1,DOWN,NO,NO,2026-10-08T00:05:35Z
2021-06-06T14:30:00Z,2021-06-06T16:30,2021-06-06T16:45,67,64.94,55.5,64.94,55.5,2,UP_AND_DOWN,NO,NO,2026-10-08T00:05:35Z
2021-06-06T14:45:00Z,2021-06-06T16:45,2021-06-06T17:00,68,114.31,114.31,114.31,,1,UP,NO,NO,2026-10-08T00:05:35Z
2021-06-06T15:00:00Z,2021-06-06T17:00,2021-06-06T17:15,69,-51.29,-51.29,114.31,-51.29,-1,DOWN,NO,NO,2026-10-08T00:05:35Z
2021-06-06T15:15:00Z,2021-06-06T17:15,2021-06-06T17:30,70,43.28,43.28,,43.28,-1,DOWN,NO,NO,2026-10-08T00:05:35Z
2021-06-06T15:30:00Z,2021-06-06T17:30,2021-06-06T17:45,71,72.44,72.44,72.44,43.28,1,UP,NO,NO,2026-10-08T00:05:35Z
2021-06-06T15:45:00Z,2021-06-06T17:45,2021-06-06T18:00,72,67.5,67.5,67.5,,1,UP,NO,NO,2026-10-08T00:05:35Z
2021-06-06T16:00:00Z,2021-06-06T18:00,2021-06-06T18:15,73,65.12,65.12,65.12,,1,UP,NO,NO,2026-10-08T00:05:35Z
2021-06-06T16:15:00Z,2021-06-06T18:15,2021-06-06T18:30,74,39.68,39.68,65.12,39.68,-1,DOWN,NO,NO,2026-10-08T00:05:35Z
2021-06-06T16:30:00Z,2021-06-06T18:30,2021-06-06T18:45,75,57.5,57.5,,57.5,-1,DOWN,NO,NO,2026-10-08T00:05:35Z
2021-06-06T16:45:00Z,2021-06-06T18:45,2021-06-06T19:00,76,58.67,58.67,,,0,STABLE,NO,NO,2026-10-08T00:05:35Z
2021-06-06T17:00:00Z,2021-06-06T19:00,2021-06-06T19:15,77,-130.49,-130.49,,-130.49,-1,DOWN,NO,NO,2026-10-08T00:05:35Z
2021-06-06T17:15:00Z,2021-06-06T19:15,2021-06-06T19:30,78,39.69,39.69,,39.69,-1,DOWN,NO,NO,2026-10-08T00:05:35Z
2021-06-06T17:30:00Z,2021-06-06T19:30,2021-06-06T19:45,79,66.53,66.53,66.53,39.69,1,UP,NO,NO,2026-10-08T00:05:35Z
2021-06-06T17:45:00Z,2021-06-06T19:45,2021-06-06T20:00,80,84.85,84.85,84.85,,1,UP,NO,NO,2026-10-08T00:05:35Z
2021-06-06T18:00:00Z,2021-06-06T20:00,2021-06-06T20:15,81,64.5,43.48,64.5,43.48,2,UP_AND_DOWN,NO,NO,2026-10-08T00:05:35Z
2021-06-06T18:15:00Z,2021-06-06T20:15,2021-06-06T20:30,82,70.37,70.37,70.37,,1,UP,NO,NO,2026-10-08T00:05:35Z
2021-06-06T18:30:00Z,2021-06-06T20:30,2021-06-06T20:45,83,549.48,549.48,549.48,,1,UP,NO,NO,2026-10-08T00:05:35Z
2021-06-06T18:45:00Z,2021-06-06T20:45,2021-06-06T21:00,84,554.48,554.48,554.48,,1,UP,NO,NO,2026-10-08T00:05:35Z
2021-06-06T19:00:00Z,2021-06-06T21:00,2021-06-06T21:15,85,53.13,53.13,554.48,53.13,-1,DOWN,NO,NO,2026-10-08T00:05:35Z
2021-06-06T19:15:00Z,2021-06-06T21:15,2021-06-06T21:30,86,64.5,64.5,64.5,,1,UP,NO,NO,2026-10-08T00:05:35Z
2021-06-06T19:30:00Z,2021-06-06T21:30,2021-06-06T21:45,87,62.75,62.75,62.75,,1,UP,NO,NO,2026-10-08T00:05:35Z
2021-06-06T19:45:00Z,2021-06-06T21:45,2021-06-06T22:00,88,61.18,61.18,61.18,,1,UP,NO,NO,2026-10-08T00:05:35Z
2021-06-06T20:00:00Z,2021-06-06T22:00,2021-06-06T22:15,89,61.31,61.31,,,0,STABLE,NO,NO,2026-10-08T00:05:35Z
2021-06-06T20:15:00Z,2021-06-06T22:15,2021-06-06T22:30,90,61.32,61.32,,,0,STABLE,NO,NO,2026-10-08T00:05:35Z
2021-06-06T20:30:00Z,2021-06-06T22:30,2021-06-06T22:45,91,68.04,68.04,68.04,,1,UP,NO,NO,2026-10-08T00:05:35Z
2021-06-06T20:45:00Z,2021-06-06T22:45,2021-06-06T23:00,92,58.69,58.69,,58.69,-1,DOWN,NO,NO,2026-10-08T00:05:35Z
2021-06-06T21:00:00Z,2021-06-06T23:00,2021-06-06T23:15,93,450,450,450,58.69,1,UP,NO,NO,2026-10-08T00:05:35Z
2021-06-06T21:15:00Z,2021-06-06T23:15,2021-06-06T23:30,94,69.56,69.56,69.56,,1,UP,NO,NO,2026-10-08T00:05:35Z
2021-06-06T21:30:00Z,2021-06-06T23:30,2021-06-06T23:45,95,61.32,61.32,,,0,STABLE,NO,NO,2026-10-08T00:05:35Z
2021-06-06T21:45:00Z,2021-06-06T23:45,2021-06-07T00:00,96,38.41,38.41,,38.41,-1,DOWN,NO,NO,2026-10-08T00:05:35Z
2021-06-06T22:00:00Z,2021-06-07T00:00,2021-06-07T00:15,1,109.74,109.74,109.74,42.7,1,UP,NO,NO,2026-10-08T00:05:35Z
2021-06-06T22:15:00Z,2021-06-07T00:15,2021-06-07T00:30,2,121.8,121.8,121.8,,1,UP,NO,NO,2026-10-08T00:05:35Z
2021-06-06T22:30:00Z,2021-06-07T00:30,2021-06-07T00:45,3,50.1,50.1,121.8,50.1,-1,DOWN,NO,NO,2026-10-08T00:05:35Z
2021-06-06T22:45:00Z,2021-06-07T00:45,2021-06-07T01:00,4,42.7,42.7,,42.7,-1,DOWN,NO,NO,2026-10-08T00:05:35Z
2021-06-06T23:00:00Z,2021-06-07T01:00,2021-06-07T01:15,5,64.96,51.92,64.96,51.92,2,UP_AND_DOWN,NO,NO,2026-10-08T00:05:35Z
2021-06-06T23:15:00Z,2021-06-07T01:15,2021-06-07T01:30,6,60.47,60.47,,,0,STABLE,NO,NO,2026-10-08T00:05:35Z
2021-06-06T23:30:00Z,2021-06-07T01:30,2021-06-07T01:45,7,53.83,53.83,,53.83,-1,DOWN,NO,NO,2026-10-08T00:05:35Z
2021-06-06T23:45:00Z,2021-06-07T01:45,2021-06-07T02:00,8,45.89,45.89,,45.89,-1,DOWN,NO,NO,2026-10-08T00:05:35Z
2021-06-07T00:00:00Z,2021-06-07T02:00,2021-06-07T02:15,9,69.57,69.57,69.57,55.1,1,UP,NO,NO,2026-10-08T00:05:35Z
2021-06-07T00:15:00Z,2021-06-07T02:15,2021-06-07T02:30,10,62.57,62.57,62.57,,1,UP,NO,NO,2026-10-08T00:05:35Z
2021-06-07T00:30:00Z,2021-06-07T02:30,2021-06-07T02:45,11,59.64,59.64,,,0,STABLE,NO,NO,2026-10-08T00:05:35Z
2021-06-07T00:45:00Z,2021-06-07T02:45,2021-06-07T03:00,12,59.32,59.32,,59.32,-1,DOWN,NO,NO,2026-10-08T00:05:35Z
2021-06-07T01:00:00Z,2021-06-07T03:00,2021-06-07T03:15,13,59.52,59.52,,59.52,-1,DOWN,NO,NO,2026-10-08T00:05:35Z
2021-06-07T01:15:00Z,2021-06-07T03:15,2021-06-07T03:30,14,59.52,59.52,,59.52,-1,DOWN,NO,NO,2026-10-08T00:05:35Z
2021-06-07T01:30:00Z,2021-06-07T03:30,2021-06-07T03:45,15,59.52,59.52,,59.52,-1,DOWN,NO,NO,2026-10-08T00:05:35Z
2021-06-07T01:45:00Z,2021-06-07T03:45,2021-06-07T04:00,16,59.64,59.64,,59.64,-1,DOWN,NO,NO,2026-10-08T00:05:35Z
2021-06-07T02:00:00Z,2021-06-07T04:00,2021-06-07T04:15,17,50.1,50.1,,50.1,-1,DOWN,NO,NO,2026-10-08T00:05:35Z
2021-06-07T02:15:00Z,2021-06-07T04:15,2021-06-07T04:30,18,42.7,42.7,,42.7,-1,DOWN,NO,NO,2026-10-08T00:05:35Z
2021-06-07T02:30:00Z,2021-06-07T04:30,2021-06-07T04:45,19,47.1,47.1,,47.1,-1,DOWN,NO,NO,2026-10-08T00:05:35Z
2021-06-07T02:45:00Z,2021-06-07T04:45,2021-06-07T05:00,20,53.1,53.1,,53.1,-1,DOWN,NO,NO,2026-10-08T00:05:35Z
2021-06-07T03:00:00Z,2021-06-07T05:00,2021-06-07T05:15,21,60.7,60.7,,,0,STABLE,NO,NO,2026-10-08T00:05:35Z
2021-06-07T03:15:00Z,2021-06-07T05:15,2021-06-07T05:30,22,59.54,59.54,,59.54,-1,DOWN,NO,NO,2026-10-08T00:05:35Z
2021-06-07T03:30:00Z,2021-06-07T05:30,2021-06-07T05:45,23,55.1,55.1,,55.1,-1,DOWN,NO,NO,2026-10-08T00:05:35Z
2021-06-07T03:45:00Z,2021-06-07T05:45,2021-06-07T06:00,24,50.1,50.1,,50.1,-1,DOWN,NO,NO,2026-10-08T00:05:35Z
2021-06-07T04:00:00Z,2021-06-07T06:00,2021-06-07T06:15,25,64.5,64.5,64.5,50.1,1,UP,NO,NO,2026-10-08T00:05:35Z
2021-06-07T04:15:00Z,2021-06-07T06:15,2021-06-07T06:30,26,64.76,64.76,64.76,,1,UP,NO,NO,2026-10-08T00:05:35Z
2021-06-07T04:30:00Z,2021-06-07T06:30,2021-06-07T06:45,27,61.25,61.25,,,0,STABLE,NO,NO,2026-10-08T00:05:35Z
2021-06-07T04:45:00Z,2021-06-07T06:45,2021-06-07T07:00,28,61.25,61.25,,,0,STABLE,NO,NO,2026-10-08T00:05:35Z
2021-06-07T05:00:00Z,2021-06-07T07:00,2021-06-07T07:15,29,53.11,53.11,,53.11,-1,DOWN,NO,NO,2026-10-08T00:05:35Z
2021-06-07T05:15:00Z,2021-06-07T07:15,2021-06-07T07:30,30,58.58,58.58,,58.58,-1,DOWN,NO,NO,2026-10-08T00:05:35Z
2021-06-07T05:30:00Z,2021-06-07T07:30,2021-06-07T07:45,31,59.13,59.13,,,0,STABLE,NO,NO,2026-10-08T00:05:35Z
2021-06-07T05:45:00Z,2021-06-07T07:45,2021-06-07T08:00,32,59.09,59.09,,,0,STABLE,NO,NO,2026-10-08T00:05:35Z
2021-06-07T06:00:00Z,2021-06-07T08:00,2021-06-07T08:15,33,64.91,64.91,64.91,,1,UP,NO,NO,2026-10-08T00:05:35Z
2021-06-07T06:15:00Z,2021-06-07T08:15,2021-06-07T08:30,34,64.91,64.91,64.91,,1,UP,NO,NO,2026-10-08T00:05:35Z
2021-06-07T06:30:00Z,2021-06-07T08:30,2021-06-07T08:45,35,59.06,59.06,,,0,STABLE,NO,NO,2026-10-08T00:05:35Z
2021-06-07T06:45:00Z,2021-06-07T08:45,2021-06-07T09:00,36,53.11,53.11,,53.11,-1,DOWN,NO,NO,2026-10-08T00:05:35Z
2021-06-07T07:00:00Z,2021-06-07T09:00,2021-06-07T09:15,37,65.44,65.44,65.44,53.11,1,UP,NO,NO,2026-10-08T00:05:35Z
2021-06-07T07:15:00Z,2021-06-07T09:15,2021-06-07T09:30,38,50.11,50.11,,50.11,-1,DOWN,NO,NO,2026-10-08T00:05:35Z
2021-06-07T07:30:00Z,2021-06-07T09:30,2021-06-07T09:45,39,42.71,42.71,,42.71,-1,DOWN,NO,NO,2026-10-08T00:05:35Z
2021-06-07T07:45:00Z,2021-06-07T09:45,2021-06-07T10:00,40,37.5,37.5,,37.5,-1,DOWN,NO,NO,2026-10-08T00:05:35Z
2021-06-07T08:00:00Z,2021-06-07T10:00,2021-06-07T10:15,41,55.11,55.11,,55.11,-1,DOWN,NO,NO,2026-10-08T00:05:35Z
2021-06-07T08:15:00Z,2021-06-07T10:15,2021-06-07T10:30,42,53.11,53.11,,53.11,-1,DOWN,NO,NO,2026-10-08T00:05:35Z
2021-06-07T08:30:00Z,2021-06-07T10:30,2021-06-07T10:45,43,53.11,53.11,,53.11,-1,DOWN,NO,NO,2026-10-08T00:05:35Z
2021-06-07T08:45:00Z,2021-06-07T10:45,2021-06-07T11:00,44,52.38,52.38,,52.38,-1,DOWN,NO,NO,2026-10-08T00:05:35Z
2021-06-07T09:00:00Z,2021-06-07T11:00,2021-06-07T11:15,45,156.63,57.88,156.63,57.88,2,UP_AND_DOWN,NO,NO,2026-10-08T00:05:35Z
2021-06-07T09:15:00Z,2021-06-07T11:15,2021-06-07T11:30,46,64.91,64.91,64.91,,1,UP,NO,NO,2026-10-08T00:05:35Z
2021-06-07T09:30:00Z,2021-06-07T11:30,2021-06-07T11:45,47,64.91,64.91,64.91,,1,UP,NO,NO,2026-10-08T00:05:35Z
2021-06-07T09:45:00Z,2021-06-07T11:45,2021-06-07T12:00,48,67.5,67.5,67.5,,1,UP,NO,NO,2026-10-08T00:05:35Z
2021-06-07T10:00:00Z,2021-06-07T12:00,2021-06-07T12:15,49,144.95,144.95,144.95,,1,UP,NO,NO,2026-10-08T00:05:35Z
2021-06-07T10:15:00Z,2021-06-07T12:15,2021-06-07T12:30,50,55.45,55.45,65.8,55.45,-1,DOWN,NO,NO,2026-10-08T00:05:35Z
2021-06-07T10:30:00Z,2021-06-07T12:30,2021-06-07T12:45,51,55.11,55.11,65.8,55.11,-1,DOWN,NO,NO,2026-10-08T00:05:35Z
2021-06-07T10:45:00Z,2021-06-07T12:45,2021-06-07T13:00,52,64.83,64.83,64.83,,1,UP,NO,NO,2026-10-08T00:05:35Z
2021-06-07T11:00:00Z,2021-06-07T13:00,2021-06-07T13:15,53,60.06,60.06,,,0,STABLE,NO,NO,2026-10-08T00:05:35Z
2021-06-07T11:15:00Z,2021-06-07T13:15,2021-06-07T13:30,54,60.06,60.06,,,0,STABLE,NO,NO,2026-10-08T00:05:35Z
2021-06-07T11:30:00Z,2021-06-07T13:30,2021-06-07T13:45,55,60.06,60.06,,,0,STABLE,NO,NO,2026-10-08T00:05:35Z
2021-06-07T11:45:00Z,2021-06-07T13:45,2021-06-07T14:00,56,60.06,60.06,,,0,STABLE,NO,NO,2026-10-08T00:05:35Z
2021-06-07T12:00:00Z,2021-06-07T14:00,2021-06-07T14:15,57,64.61,64.61,64.61,,1,UP,NO,NO,2026-10-08T00:05:35Z
2021-06-07T12:15:00Z,2021-06-07T14:15,2021-06-07T14:30,58,64.61,64.61,64.61,,1,UP,NO,NO,2026-10-08T00:05:35Z
2021-06-07T12:30:00Z,2021-06-07T14:30,2021-06-07T14:45,59,67.5,67.5,67.5,,1,UP,NO,NO,2026-10-08T00:05:35Z
2021-06-07T12:45:00Z,2021-06-07T14:45,2021-06-07T15:00,60,67.5,67.5,67.5,,1,UP,NO,NO,2026-10-08T00:05:35Z
2021-06-07T13:00:00Z,2021-06-07T15:00,2021-06-07T15:15,61,63.44,63.44,63.44,,1,UP,NO,NO,2026-10-08T00:05:35Z
2021-06-07T13:15:00Z,2021-06-07T15:15,2021-06-07T15:30,62,61,61,,61,-1,DOWN,NO,NO,2026-10-08T00:05:35Z
2021-06-07T13:30:00Z,2021-06-07T15:30,2021-06-07T15:45,63,55.11,55.11,,55.11,-1,DOWN,NO,NO,2026-10-08T00:05:35Z
2021-06-07T13:45:00Z,2021-06-07T15:45,2021-06-07T16:00,64,62.25,62.25,,,0,STABLE,NO,NO,2026-10-08T00:05:35Z
2021-06-07T14:00:00Z,2021-06-07T16:00,2021-06-07T16:15,65,59,59,,59,-1,DOWN,NO,NO,2026-10-08T00:05:35Z
2021-06-07T14:15:00Z,2021-06-07T16:15,2021-06-07T16:30,66,59,59,,59,-1,DOWN,NO,NO,2026-10-08T00:05:35Z
2021-06-07T14:30:00Z,2021-06-07T16:30,2021-06-07T16:45,67,62.25,62.25,,,0,STABLE,NO,NO,2026-10-08T00:05:35Z
2021-06-07T14:45:00Z,2021-06-07T16:45,2021-06-07T17:00,68,62.25,62.25,,,0,STABLE,NO,NO,2026-10-08T00:05:35Z
2021-06-07T15:00:00Z,2021-06-07T17:00,2021-06-07T17:15,69,62.15,62.15,,,0,STABLE,NO,NO,2026-10-08T00:05:35Z
2021-06-07T15:15:00Z,2021-06-07T17:15,2021-06-07T17:30,70,62.25,62.25,,,0,STABLE,NO,NO,2026-10-08T00:05:35Z
2021-06-07T15:30:00Z,2021-06-07T17:30,2021-06-07T17:45,71,62.25,62.25,,,0,STABLE,NO,NO,2026-10-08T00:05:35Z
2021-06-07T15:45:00Z,2021-06-07T17:45,2021-06-07T18:00,72,62.25,62.25,,,0,STABLE,NO,NO,2026-10-08T00:05:35Z
2021-06-07T16:00:00Z,2021-06-07T18:00,2021-06-07T18:15,73,48.12,48.12,,48.12,-1,DOWN,NO,NO,2026-10-08T00:05:35Z
2021-06-07T16:15:00Z,2021-06-07T18:15,2021-06-07T18:30,74,62.25,62.25,,,0,STABLE,NO,NO,2026-10-08T00:05:35Z
2021-06-07T16:30:00Z,2021-06-07T18:30,2021-06-07T18:45,75,56.9,56.9,,56.9,-1,DOWN,NO,NO,2026-10-08T00:05:35Z
2021-06-07T16:45:00Z,2021-06-07T18:45,2021-06-07T19:00,76,62.25,62.25,,,0,STABLE,NO,NO,2026-10-08T00:05:35Z
2021-06-07T17:00:00Z,2021-06-07T19:00,2021-06-07T19:15,77,41.62,41.62,,41.62,-1,DOWN,NO,NO,2026-10-08T00:05:35Z
2021-06-07T17:15:00Z,2021-06-07T19:15,2021-06-07T19:30,78,59,59,,59,-1,DOWN,NO,NO,2026-10-08T00:05:35Z
2021-06-07T17:30:00Z,2021-06-07T19:30,2021-06-07T19:45,79,62.25,62.25,,,0,STABLE,NO,NO,2026-10-08T00:05:35Z
2021-06-07T17:45:00Z,2021-06-07T19:45,2021-06-07T20:00,80,105.79,105.79,105.79,,1,UP,NO,NO,2026-10-08T00:05:35Z
2021-06-07T18:00:00Z,2021-06-07T20:00,2021-06-07T20:15,81,65.65,41.62,65.65,41.62,2,UP_AND_DOWN,NO,NO,2026-10-08T00:05:35Z
2021-06-07T18:15:00Z,2021-06-07T20:15,2021-06-07T20:30,82,65.65,65.65,65.65,55.11,1,UP,NO,NO,2026-10-08T00:05:35Z
2021-06-07T18:30:00Z,2021-06-07T20:30,2021-06-07T20:45,83,216.46,216.46,216.46,,1,UP,NO,NO,2026-10-08T00:05:35Z
2021-06-07T18:45:00Z,2021-06-07T20:45,2021-06-07T21:00,84,309.48,309.48,309.48,,1,UP,NO,NO,2026-10-08T00:05:35Z
2021-06-07T19:00:00Z,2021-06-07T21:00,2021-06-07T21:15,85,52.38,52.38,67.5,52.38,-1,DOWN,NO,NO,2026-10-08T00:05:35Z
2021-06-07T19:15:00Z,2021-06-07T21:15,2021-06-07T21:30,86,62.25,62.25,,,0,STABLE,NO,NO,2026-10-08T00:05:35Z
2021-06-07T19:30:00Z,2021-06-07T21:30,2021-06-07T21:45,87,62.25,62.25,,,0,STABLE,NO,NO,2026-10-08T00:05:35Z
2021-06-07T19:45:00Z,2021-06-07T21:45,2021-06-07T22:00,88,57.12,57.12,,57.12,-1,DOWN,NO,NO,2026-10-08T00:05:35Z
2021-06-07T20:00:00Z,2021-06-07T22:00,2021-06-07T22:15,89,55.11,55.11,,55.11,-1,DOWN,NO,NO,2026-10-08T00:05:35Z
2021-06-07T20:15:00Z,2021-06-07T22:15,2021-06-07T22:30,90,64.49,64.49,64.49,,1,UP,NO,NO,2026-10-08T00:05:35Z
2021-06-07T20:30:00Z,2021-06-07T22:30,2021-06-07T22:45,91,64.5,64.5,64.5,,1,UP,NO,NO,2026-10-08T00:05:35Z
2021-06-07T20:45:00Z,2021-06-07T22:45,2021-06-07T23:00,92,53.11,53.11,,53.11,-1,DOWN,NO,NO,2026-10-08T00:05:35Z
2021-06-07T21:00:00Z,2021-06-07T23:00,2021-06-07T23:15,93,53.11,53.11,,53.11,-1,DOWN,NO,NO,2026-10-08T00:05:35Z
2021-06-07T21:15:00Z,2021-06-07T23:15,2021-06-07T23:30,94,62.25,62.25,,,0,STABLE,NO,NO,2026-10-08T00:05:35Z
2021-06-07T21:30:00Z,2021-06-07T23:30,2021-06-07T23:45,95,54.15,54.15,,54.15,-1,DOWN,NO,NO,2026-10-08T00:05:35Z
2021-06-07T21:45:00Z,2021-06-07T23:45,2021-06-08T00:00,96,27.5,27.5,,27.5,-1,DOWN,NO,NO,2026-10-08T00:05:35Z
2021-06-07T22:00:00Z,2021-06-08T00:00,2021-06-08T00:15,1,309.48,309.48,309.48,36.35,1,UP,NO,NO,2026-10-08T00:05:35Z
2021-06-07T22:15:00Z,2021-06-08T00:15,2021-06-08T00:30,2,421.35,421.35,421.35,36.35,1,UP,NO,NO,2026-10-08T00:05:35Z
2021-06-07T22:30:00Z,2021-06-08T00:30,2021-06-08T00:45,3,56.81,56.81,421.35,56.81,-1,DOWN,NO,NO,2026-10-08T00:05:35Z
2021-06-07T22:45:00Z,2021-06-08T00:45,2021-06-08T01:00,4,58,58,,58,-1,DOWN,NO,NO,2026-10-08T00:05:35Z
2021-06-07T23:00:00Z,2021-06-08T01:00,2021-06-08T01:15,5,66.38,61.3,66.38,61.85,2,UP_AND_DOWN,NO,NO,2026-10-08T00:05:35Z
2021-06-07T23:15:00Z,2021-06-08T01:15,2021-06-08T01:30,6,65.6,65.6,65.6,61.85,1,UP,NO,NO,2026-10-08T00:05:35Z
2021-06-07T23:30:00Z,2021-06-08T01:30,2021-06-08T01:45,7,65.6,65.6,65.6,,1,UP,NO,NO,2026-10-08T00:05:35Z
2021-06-07T23:45:00Z,2021-06-08T01:45,2021-06-08T02:00,8,61.3,61.3,,,0,STABLE,NO,NO,2026-10-08T00:05:35Z
2021-06-08T00:00:00Z,2021-06-08T02:00,2021-06-08T02:15,9,308.49,308.49,308.49,,1,UP,NO,NO,2026-10-08T00:05:35Z
2021-06-08T00:15:00Z,2021-06-08T02:15,2021-06-08T02:30,10,69.48,69.48,69.48,,1,UP,NO,NO,2026-10-08T00:05:35Z
2021-06-08T00:30:00Z,2021-06-08T02:30,2021-06-08T02:45,11,65.6,65.6,65.6,,1,UP,NO,NO,2026-10-08T00:05:35Z
2021-06-08T00:45:00Z,2021-06-08T02:45,2021-06-08T03:00,12,59.37,59.37,,,0,STABLE,NO,NO,2026-10-08T00:05:35Z
2021-06-08T01:00:00Z,2021-06-08T03:00,2021-06-08T03:15,13,58.82,58.82,,,0,STABLE,NO,NO,2026-10-08T00:05:35Z
2021-06-08T01:15:00Z,2021-06-08T03:15,2021-06-08T03:30,14,61.43,61.43,61.43,,1,UP,NO,NO,2026-10-08T00:05:35Z
2021-06-08T01:30:00Z,2021-06-08T03:30,2021-06-08T03:45,15,62.6,62.6,62.6,,1,UP,NO,NO,2026-10-08T00:05:35Z
2021-06-08T01:45:00Z,2021-06-08T03:45,2021-06-08T04:00,16,61.64,61.64,61.64,,1,UP,NO,NO,2026-10-08T00:05:35Z
2021-06-08T02:00:00Z,2021-06-08T04:00,2021-06-08T04:15,17,59.6,59.06,59.6,59.06,2,UP_AND_DOWN,NO,NO,2026-10-08T00:05:35Z
2021-06-08T02:15:00Z,2021-06-08T04:15,2021-06-08T04:30,18,56.63,56.63,,56.63,-1,DOWN,NO,NO,2026-10-08T00:05:35Z
2021-06-08T02:30:00Z,2021-06-08T04:30,2021-06-08T04:45,19,56.2,56.2,,56.2,-1,DOWN,NO,NO,2026-10-08T00:05:35Z
2021-06-08T02:45:00Z,2021-06-08T04:45,2021-06-08T05:00,20,57.16,57.16,,57.16,-1,DOWN,NO,NO,2026-10-08T00:05:35Z
2021-06-08T03:00:00Z,2021-06-08T05:00,2021-06-08T05:15,21,61.3,61.3,,,0,STABLE,NO,NO,2026-10-08T00:05:35Z
2021-06-08T03:15:00Z,2021-06-08T05:15,2021-06-08T05:30,22,61.3,61.3,,,0,STABLE,NO,NO,2026-10-08T00:05:35Z
2021-06-08T03:30:00Z,2021-06-08T05:30,2021-06-08T05:45,23,61.3,61.3,,,0,STABLE,NO,NO,2026-10-08T00:05:35Z
2021-06-08T03:45:00Z,2021-06-08T05:45,2021-06-08T06:00,24,61.3,61.3,,,0,STABLE,NO,NO,2026-10-08T00:05:35Z
2021-06-08T04:00:00Z,2021-06-08T06:00,2021-06-08T06:15,25,56.9,56.9,,56.9,-1,DOWN,NO,NO,2026-10-08T00:05:35Z
2021-06-08T04:15:00Z,2021-06-08T06:15,2021-06-08T06:30,26,61.98,61.98,,,0,STABLE,NO,NO,2026-10-08T00:05:35Z
2021-06-08T04:30:00Z,2021-06-08T06:30,2021-06-08T06:45,27,70.95,70.95,70.95,,1,UP,NO,NO,2026-10-08T00:05:35Z
2021-06-08T04:45:00Z,2021-06-08T06:45,2021-06-08T07:00,28,63.95,63.95,63.95,,1,UP,NO,NO,2026-10-08T00:05:35Z
2021-06-08T05:00:00Z,2021-06-08T07:00,2021-06-08T07:15,29,61.98,55.94,60.95,55.94,2,UP_AND_DOWN,NO,NO,2026-10-08T00:05:35Z
2021-06-08T05:15:00Z,2021-06-08T07:15,2021-06-08T07:30,30,64.44,64.44,64.44,,1,UP,NO,NO,2026-10-08T00:05:35Z
2021-06-08T05:30:00Z,2021-06-08T07:30,2021-06-08T07:45,31,61.98,61.98,,,0,STABLE,NO,NO,2026-10-08T00:05:35Z
2021-06-08T05:45:00Z,2021-06-08T07:45,2021-06-08T08:00,32,48.95,48.95,,48.95,-1,DOWN,NO,NO,2026-10-08T00:05:35Z
2021-06-08T06:00:00Z,2021-06-08T08:00,2021-06-08T08:15,33,64.72,48.95,64.72,48.95,2,UP_AND_DOWN,NO,NO,2026-10-08T00:05:35Z
2021-06-08T06:15:00Z,2021-06-08T08:15,2021-06-08T08:30,34,61.98,61.98,,,0,STABLE,NO,NO,2026-10-08T00:05:35Z
2021-06-08T06:30:00Z,2021-06-08T08:30,2021-06-08T08:45,35,61.98,61.98,,,0,STABLE,NO,NO,2026-10-08T00:05:35Z
2021-06-08T06:45:00Z,2021-06-08T08:45,2021-06-08T09:00,36,61.98,61.98,,,0,STABLE,NO,NO,2026-10-08T00:05:35Z
2021-06-08T07:00:00Z,2021-06-08T09:00,2021-06-08T09:15,37,435.32,435.32,435.32,,1,UP,NO,NO,2026-10-08T00:05:35Z
2021-06-08T07:15:00Z,2021-06-08T09:15,2021-06-08T09:30,38,66.95,66.95,66.95,,1,UP,NO,NO,2026-10-08T00:05:35Z
2021-06-08T07:30:00Z,2021-06-08T09:30,2021-06-08T09:45,39,54.95,54.95,66.95,54.95,-1,DOWN,NO,NO,2026-10-08T00:05:35Z
2021-06-08T07:45:00Z,2021-06-08T09:45,2021-06-08T10:00,40,51.95,51.95,,51.95,-1,DOWN,NO,NO,2026-10-08T00:05:35Z
2021-06-08T08:00:00Z,2021-06-08T10:00,2021-06-08T10:15,41,145.02,57.33,145.02,57.33,2,UP_AND_DOWN,NO,NO,2026-10-08T00:05:35Z
2021-06-08T08:15:00Z,2021-06-08T10:15,2021-06-08T10:30,42,60.95,60.95,60.95,,1,UP,NO,NO,2026-10-08T00:05:35Z
2021-06-08T08:30:00Z,2021-06-08T10:30,2021-06-08T10:45,43,61.98,61.98,,,0,STABLE,NO,NO,2026-10-08T00:05:35Z
2021-06-08T08:45:00Z,2021-06-08T10:45,2021-06-08T11:00,44,61.98,61.98,,,0,STABLE,NO,NO,2026-10-08T00:05:35Z
2021-06-08T09:00:00Z,2021-06-08T11:00,2021-06-08T11:15,45,60.95,60.95,60.95,,1,UP,NO,NO,2026-10-08T00:05:35Z
2021-06-08T09:15:00Z,2021-06-08T11:15,2021-06-08T11:30,46,63.95,63.95,63.95,,1,UP,NO,NO,2026-10-08T00:05:35Z
2021-06-08T09:30:00Z,2021-06-08T11:30,2021-06-08T11:45,47,65.04,65.04,65.04,,1,UP,NO,NO,2026-10-08T00:05:35Z
2021-06-08T09:45:00Z,2021-06-08T11:45,2021-06-08T12:00,48,427.44,427.44,427.44,,1,UP,NO,NO,2026-10-08T00:05:35Z
2021-06-08T10:00:00Z,2021-06-08T12:00,2021-06-08T12:15,49,61.78,57.51,60.95,57.51,2,UP_AND_DOWN,NO,NO,2026-10-08T00:05:35Z
2021-06-08T10:15:00Z,2021-06-08T12:15,2021-06-08T12:30,50,105.6,105.6,105.6,,1,UP,NO,NO,2026-10-08T00:05:35Z
2021-06-08T10:30:00Z,2021-06-08T12:30,2021-06-08T12:45,51,105.6,105.6,105.6,,1,UP,NO,NO,2026-10-08T00:05:35Z
2021-06-08T10:45:00Z,2021-06-08T12:45,2021-06-08T13:00,52,65,65,65,,1,UP,NO,NO,2026-10-08T00:05:35Z
2021-06-08T11:00:00Z,2021-06-08T13:00,2021-06-08T13:15,53,61,61,65,61,-1,DOWN,NO,NO,2026-10-08T00:05:35Z
2021-06-08T11:15:00Z,2021-06-08T13:15,2021-06-08T13:30,54,61,61,,61,-1,DOWN,NO,NO,2026-10-08T00:05:35Z
2021-06-08T11:30:00Z,2021-06-08T13:30,2021-06-08T13:45,55,60.55,60.55,60.55,,1,UP,NO,NO,2026-10-08T00:05:35Z
2021-06-08T11:45:00Z,2021-06-08T13:45,2021-06-08T14:00,56,60.55,60.55,60.55,,1,UP,NO,NO,2026-10-08T00:05:35Z
2021-06-08T12:00:00Z,2021-06-08T14:00,2021-06-08T14:15,57,63.95,63.95,63.95,,1,UP,NO,NO,2026-10-08T00:05:35Z
2021-06-08T12:15:00Z,2021-06-08T14:15,2021-06-08T14:30,58,64.02,64.02,64.02,,1,UP,NO,NO,2026-10-08T00:05:35Z
2021-06-08T12:30:00Z,2021-06-08T14:30,2021-06-08T14:45,59,102,102,102,,1,UP,NO,NO,2026-10-08T00:05:35Z
2021-06-08T12:45:00Z,2021-06-08T14:45,2021-06-08T15:00,60,308.49,308.49,308.49,,1,UP,NO,NO,2026-10-08T00:05:35Z
2021-06-08T13:00:00Z,2021-06-08T15:00,2021-06-08T15:15,61,61.78,57.33,60.55,57.33,2,UP_AND_DOWN,NO,NO,2026-10-08T00:05:35Z
2021-06-08T13:15:00Z,2021-06-08T15:15,2021-06-08T15:30,62,61.78,61.78,,,0,STABLE,NO,NO,2026-10-08T00:05:35Z
2021-06-08T13:30:00Z,2021-06-08T15:30,2021-06-08T15:45,63,60.55,60.55,60.55,,1,UP,NO,NO,2026-10-08T00:05:35Z
2021-06-08T13:45:00Z,2021-06-08T15:45,2021-06-08T16:00,64,63.95,63.95,63.95,,1,UP,NO,NO,2026-10-08T00:05:35Z
2021-06-08T14:00:00Z,2021-06-08T16:00,2021-06-08T16:15,65,57.86,57.86,,57.86,-1,DOWN,NO,NO,2026-10-08T00:05:35Z
2021-06-08T14:15:00Z,2021-06-08T16:15,2021-06-08T16:30,66,54.95,54.95,,54.95,-1,DOWN,NO,NO,2026-10-08T00:05:35Z
2021-06-08T14:30:00Z,2021-06-08T16:30,2021-06-08T16:45,67,63,63,,63,-1,DOWN,NO,NO,2026-10-08T00:05:35Z
2021-06-08T14:45:00Z,2021-06-08T16:45,2021-06-08T17:00,68,61.98,61.98,,,0,STABLE,NO,NO,2026-10-08T00:05:35Z
2021-06-08T15:00:00Z,2021-06-08T17:00,2021-06-08T17:15,69,56.95,56.95,,56.95,-1,DOWN,NO,NO,2026-10-08T00:05:35Z
2021-06-08T15:15:00Z,2021-06-08T17:15,2021-06-08T17:30,70,57.68,57.68,,57.68,-1,DOWN,NO,NO,2026-10-08T00:05:35Z
2021-06-08T15:30:00Z,2021-06-08T17:30,2021-06-08T17:45,71,61.98,61.98,,,0,STABLE,NO,NO,2026-10-08T00:05:35Z
2021-06-08T15:45:00Z,2021-06-08T17:45,2021-06-08T18:00,72,61.98,61.98,,,0,STABLE,NO,NO,2026-10-08T00:05:35Z
2021-06-08T16:00:00Z,2021-06-08T18:00,2021-06-08T18:15,73,54.95,54.95,,54.95,-1,DOWN,NO,NO,2026-10-08T00:05:35Z
2021-06-08T16:15:00Z,2021-06-08T18:15,2021-06-08T18:30,74,58.03,58.03,,58.03,-1,DOWN,NO,NO,2026-10-08T00:05:35Z
2021-06-08T16:30:00Z,2021-06-08T18:30,2021-06-08T18:45,75,61.98,61.98,,,0,STABLE,NO,NO,2026-10-08T00:05:35Z
2021-06-08T16:45:00Z,2021-06-08T18:45,2021-06-08T19:00,76,61.98,61.98,,,0,STABLE,NO,NO,2026-10-08T00:05:35Z
2021-06-08T17:00:00Z,2021-06-08T19:00,2021-06-08T19:15,77,54.95,54.95,,54.95,-1,DOWN,NO,NO,2026-10-08T00:05:35Z
2021-06-08T17:15:00Z,2021-06-08T19:15,2021-06-08T19:30,78,63.92,63.92,63.92,62.3,1,UP,NO,NO,2026-10-08T00:05:35Z
2021-06-08T17:30:00Z,2021-06-08T19:30,2021-06-08T19:45,79,124.77,124.77,124.77,,1,UP,NO,NO,2026-10-08T00:05:35Z
2021-06-08T17:45:00Z,2021-06-08T19:45,2021-06-08T20:00,80,441.77,441.77,441.77,,1,UP,NO,NO,2026-10-08T00:05:35Z
2021-06-08T18:00:00Z,2021-06-08T20:00,2021-06-08T20:15,81,57.16,57.16,441.77,57.16,-1,DOWN,NO,NO,2026-10-08T00:05:35Z
2021-06-08T18:15:00Z,2021-06-08T20:15,2021-06-08T20:30,82,71.82,71.82,71.82,,1,UP,NO,NO,2026-10-08T00:05:35Z
2021-06-08T18:30:00Z,2021-06-08T20:30,2021-06-08T20:45,83,132.32,132.32,132.32,,1,UP,NO,NO,2026-10-08T00:05:35Z
2021-06-08T18:45:00Z,2021-06-08T20:45,2021-06-08T21:00,84,449.32,449.32,449.32,,1,UP,NO,NO,2026-10-08T00:05:35Z
2021-06-08T19:00:00Z,2021-06-08T21:00,2021-06-08T21:15,85,57.71,57.71,449.32,57.71,-1,DOWN,NO,NO,2026-10-08T00:05:35Z
2021-06-08T19:15:00Z,2021-06-08T21:15,2021-06-08T21:30,86,77.24,77.24,77.24,,1,UP,NO,NO,2026-10-08T00:05:35Z
2021-06-08T19:30:00Z,2021-06-08T21:30,2021-06-08T21:45,87,67.24,67.24,67.24,,1,UP,NO,NO,2026-10-08T00:05:35Z
2021-06-08T19:45:00Z,2021-06-08T21:45,2021-06-08T22:00,88,70.09,70.09,70.09,,1,UP,NO,NO,2026-10-08T00:05:35Z
2021-06-08T20:00:00Z,2021-06-08T22:00,2021-06-08T22:15,89,116.96,116.96,116.96,,1,UP,NO,NO,2026-10-08T00:05:35Z
2021-06-08T20:15:00Z,2021-06-08T22:15,2021-06-08T22:30,90,103.96,103.96,103.96,,1,UP,NO,NO,2026-10-08T00:05:35Z
2021-06-08T20:30:00Z,2021-06-08T22:30,2021-06-08T22:45,91,66.95,66.95,66.95,,1,UP,NO,NO,2026-10-08T00:05:35Z
2021-06-08T20:45:00Z,2021-06-08T22:45,2021-06-08T23:00,92,60.95,60.95,60.95,,1,UP,NO,NO,2026-10-08T00:05:35Z
2021-06-08T21:00:00Z,2021-06-08T23:00,2021-06-08T23:15,93,63,63,,63,-1,DOWN,NO,NO,2026-10-08T00:05:35Z
2021-06-08T21:15:00Z,2021-06-08T23:15,2021-06-08T23:30,94,61.7,61.7,,61.7,-1,DOWN,NO,NO,2026-10-08T00:05:35Z
2021-06-08T21:30:00Z,2021-06-08T23:30,2021-06-08T23:45,95,56.95,56.95,,56.95,-1,DOWN,NO,NO,2026-10-08T00:05:35Z
2021-06-08T21:45:00Z,2021-06-08T23:45,2021-06-09T00:00,96,37.72,37.72,,37.72,-1,DOWN,NO,NO,2026-10-08T00:05:35Z
2021-06-08T22:00:00Z,2021-06-09T00:00,2021-06-09T00:15,1,-.48,-.48,,-.48,-1,DOWN,NO,NO,2026-10-08T00:05:35Z
2021-06-08T22:15:00Z,2021-06-09T00:15,2021-06-09T00:30,2,57.47,57.47,,57.47,-1,DOWN,NO,NO,2026-10-08T00:05:35Z
2021-06-08T22:30:00Z,2021-06-09T00:30,2021-06-09T00:45,3,55.48,55.48,,55.48,-1,DOWN,NO,NO,2026-10-08T00:05:35Z
2021-06-08T22:45:00Z,2021-06-09T00:45,2021-06-09T01:00,4,55.22,55.22,,55.22,-1,DOWN,NO,NO,2026-10-08T00:05:35Z
2021-06-08T23:00:00Z,2021-06-09T01:00,2021-06-09T01:15,5,60.74,60.74,,60.74,-1,DOWN,NO,NO,2026-10-08T00:05:35Z
2021-06-08T23:15:00Z,2021-06-09T01:15,2021-06-09T01:30,6,64.81,64.81,64.81,,1,UP,NO,NO,2026-10-08T00:05:35Z
2021-06-08T23:30:00Z,2021-06-09T01:30,2021-06-09T01:45,7,72.33,72.33,72.33,,1,UP,NO,NO,2026-10-08T00:05:35Z
2021-06-08T23:45:00Z,2021-06-09T01:45,2021-06-09T02:00,8,72.33,72.33,72.33,,1,UP,NO,NO,2026-10-08T00:05:35Z
2021-06-09T00:00:00Z,2021-06-09T02:00,2021-06-09T02:15,9,91.46,91.46,91.46,,1,UP,NO,NO,2026-10-08T00:05:35Z
2021-06-09T00:15:00Z,2021-06-09T02:15,2021-06-09T02:30,10,71.26,71.26,71.26,,1,UP,NO,NO,2026-10-08T00:05:35Z
2021-06-09T00:30:00Z,2021-06-09T02:30,2021-06-09T02:45,11,70.95,70.95,70.95,,1,UP,NO,NO,2026-10-08T00:05:35Z
2021-06-09T00:45:00Z,2021-06-09T02:45,2021-06-09T03:00,12,62.54,62.54,70.95,62.54,-1,DOWN,NO,NO,2026-10-08T00:05:35Z
2021-06-09T01:00:00Z,2021-06-09T03:00,2021-06-09T03:15,13,66.36,66.36,66.36,,1,UP,NO,NO,2026-10-08T00:05:35Z
2021-06-09T01:15:00Z,2021-06-09T03:15,2021-06-09T03:30,14,68.88,68.88,68.88,,1,UP,NO,NO,2026-10-08T00:05:35Z
2021-06-09T01:30:00Z,2021-06-09T03:30,2021-06-09T03:45,15,64.76,64.76,64.76,,1,UP,NO,NO,2026-10-08T00:05:35Z
2021-06-09T01:45:00Z,2021-06-09T03:45,2021-06-09T04:00,16,66.89,66.89,66.89,,1,UP,NO,NO,2026-10-08T00:05:35Z
2021-06-09T02:00:00Z,2021-06-09T04:00,2021-06-09T04:15,17,62.16,62.16,,,0,STABLE,NO,NO,2026-10-08T00:05:35Z
2021-06-09T02:15:00Z,2021-06-09T04:15,2021-06-09T04:30,18,62.16,62.16,,,0,STABLE,NO,NO,2026-10-08T00:05:35Z
2021-06-09T02:30:00Z,2021-06-09T04:30,2021-06-09T04:45,19,70.97,70.97,70.97,,1,UP,NO,NO,2026-10-08T00:05:35Z
2021-06-09T02:45:00Z,2021-06-09T04:45,2021-06-09T05:00,20,66.46,66.46,66.46,,1,UP,NO,NO,2026-10-08T00:05:35Z
2021-06-09T03:00:00Z,2021-06-09T05:00,2021-06-09T05:15,21,62.27,62.27,,,0,STABLE,NO,NO,2026-10-08T00:05:35Z
2021-06-09T03:15:00Z,2021-06-09T05:15,2021-06-09T05:30,22,62.42,62.42,,62.42,-1,DOWN,NO,NO,2026-10-08T00:05:35Z
2021-06-09T03:30:00Z,2021-06-09T05:30,2021-06-09T05:45,23,59.57,59.57,,59.57,-1,DOWN,NO,NO,2026-10-08T00:05:35Z
2021-06-09T03:45:00Z,2021-06-09T05:45,2021-06-09T06:00,24,60.97,60.97,,60.97,-1,DOWN,NO,NO,2026-10-08T00:05:35Z
2021-06-09T04:00:00Z,2021-06-09T06:00,2021-06-09T06:15,25,64.39,64.39,,64.39,-1,DOWN,NO,NO,2026-10-08T00:05:35Z
2021-06-09T04:15:00Z,2021-06-09T06:15,2021-06-09T06:30,26,64.29,64.29,,,0,STABLE,NO,NO,2026-10-08T00:05:35Z
2021-06-09T04:30:00Z,2021-06-09T06:30,2021-06-09T06:45,27,67.94,67.94,67.94,,1,UP,NO,NO,2026-10-08T00:05:35Z
2021-06-09T04:45:00Z,2021-06-09T06:45,2021-06-09T07:00,28,71.37,71.37,71.37,,1,UP,NO,NO,2026-10-08T00:05:35Z
2021-06-09T05:00:00Z,2021-06-09T07:00,2021-06-09T07:15,29,64.29,64.29,,,0,STABLE,NO,NO,2026-10-08T00:05:35Z
2021-06-09T05:15:00Z,2021-06-09T07:15,2021-06-09T07:30,30,70.4,70.4,70.4,,1,UP,NO,NO,2026-10-08T00:05:35Z
2021-06-09T05:30:00Z,2021-06-09T07:30,2021-06-09T07:45,31,315.82,315.82,315.82,,1,UP,NO,NO,2026-10-08T00:05:35Z
2021-06-09T05:45:00Z,2021-06-09T07:45,2021-06-09T08:00,32,67.11,60.83,67.11,60.83,2,UP_AND_DOWN,NO,NO,2026-10-08T00:05:35Z
2021-06-09T06:00:00Z,2021-06-09T08:00,2021-06-09T08:15,33,68.65,68.65,68.65,,1,UP,NO,NO,2026-10-08T00:05:35Z
2021-06-09T06:15:00Z,2021-06-09T08:15,2021-06-09T08:30,34,70.54,70.54,70.54,,1,UP,NO,NO,2026-10-08T00:05:35Z
2021-06-09T06:30:00Z,2021-06-09T08:30,2021-06-09T08:45,35,64.29,64.29,,,0,STABLE,NO,NO,2026-10-08T00:05:35Z
2021-06-09T06:45:00Z,2021-06-09T08:45,2021-06-09T09:00,36,64.22,64.22,,64.22,-1,DOWN,NO,NO,2026-10-08T00:05:35Z
2021-06-09T07:00:00Z,2021-06-09T09:00,2021-06-09T09:15,37,69.76,64.29,69.76,65,2,UP_AND_DOWN,NO,NO,2026-10-08T00:05:35Z
2021-06-09T07:15:00Z,2021-06-09T09:15,2021-06-09T09:30,38,72.61,72.61,72.61,,1,UP,NO,NO,2026-10-08T00:05:35Z
2021-06-09T07:30:00Z,2021-06-09T09:30,2021-06-09T09:45,39,64.29,64.29,,,0,STABLE,NO,NO,2026-10-08T00:05:35Z
2021-06-09T07:45:00Z,2021-06-09T09:45,2021-06-09T10:00,40,57.35,57.35,,57.35,-1,DOWN,NO,NO,2026-10-08T00:05:35Z
2021-06-09T08:00:00Z,2021-06-09T10:00,2021-06-09T10:15,41,64.29,64.29,,,0,STABLE,NO,NO,2026-10-08T00:05:35Z
2021-06-09T08:15:00Z,2021-06-09T10:15,2021-06-09T10:30,42,68.35,68.35,68.35,,1,UP,NO,NO,2026-10-08T00:05:35Z
2021-06-09T08:30:00Z,2021-06-09T10:30,2021-06-09T10:45,43,64.29,64.29,,,0,STABLE,NO,NO,2026-10-08T00:05:35Z
2021-06-09T08:45:00Z,2021-06-09T10:45,2021-06-09T11:00,44,64.29,64.29,,,0,STABLE,NO,NO,2026-10-08T00:05:35Z
2021-06-09T09:00:00Z,2021-06-09T11:00,2021-06-09T11:15,45,68.35,68.35,68.35,,1,UP,NO,NO,2026-10-08T00:05:35Z
2021-06-09T09:15:00Z,2021-06-09T11:15,2021-06-09T11:30,46,63.91,63.91,63.91,,1,UP,NO,NO,2026-10-08T00:05:35Z
2021-06-09T09:30:00Z,2021-06-09T11:30,2021-06-09T11:45,47,65.3,65.3,65.3,,1,UP,NO,NO,2026-10-08T00:05:35Z
2021-06-09T09:45:00Z,2021-06-09T11:45,2021-06-09T12:00,48,64.29,64.29,,,0,STABLE,NO,NO,2026-10-08T00:05:35Z
2021-06-09T10:00:00Z,2021-06-09T12:00,2021-06-09T12:15,49,69.91,69.91,69.91,,1,UP,NO,NO,2026-10-08T00:05:35Z
2021-06-09T10:15:00Z,2021-06-09T12:15,2021-06-09T12:30,50,418.22,418.22,418.22,,1,UP,NO,NO,2026-10-08T00:05:35Z
2021-06-09T10:30:00Z,2021-06-09T12:30,2021-06-09T12:45,51,65.35,65.35,65.35,,1,UP,NO,NO,2026-10-08T00:05:35Z
2021-06-09T10:45:00Z,2021-06-09T12:45,2021-06-09T13:00,52,66.91,66.91,66.91,,1,UP,NO,NO,2026-10-08T00:05:35Z
2021-06-09T11:00:00Z,2021-06-09T13:00,2021-06-09T13:15,53,69.93,69.93,69.93,,1,UP,NO,NO,2026-10-08T00:05:35Z
2021-06-09T11:15:00Z,2021-06-09T13:15,2021-06-09T13:30,54,67.56,67.56,67.56,,1,UP,NO,NO,2026-10-08T00:05:35Z
2021-06-09T11:30:00Z,2021-06-09T13:30,2021-06-09T13:45,55,66.91,66.91,66.91,,1,UP,NO,NO,2026-10-08T00:05:35Z
2021-06-09T11:45:00Z,2021-06-09T13:45,2021-06-09T14:00,56,65.41,65.41,65.41,,1,UP,NO,NO,2026-10-08T00:05:35Z
2021-06-09T12:00:00Z,2021-06-09T14:00,2021-06-09T14:15,57,65.64,65.64,,,0,STABLE,NO,NO,2026-10-08T00:05:35Z
2021-06-09T12:15:00Z,2021-06-09T14:15,2021-06-09T14:30,58,65.64,65.64,,,0,STABLE,NO,NO,2026-10-08T00:05:35Z
2021-06-09T12:30:00Z,2021-06-09T14:30,2021-06-09T14:45,59,65.64,65.64,,,0,STABLE,NO,NO,2026-10-08T00:05:35Z
2021-06-09T12:45:00Z,2021-06-09T14:45,2021-06-09T15:00,60,65.59,65.59,,,0,STABLE,NO,NO,2026-10-08T00:05:35Z
2021-06-09T13:00:00Z,2021-06-09T15:00,2021-06-09T15:15,61,67.11,67.11,67.11,,1,UP,NO,NO,2026-10-08T00:05:35Z
2021-06-09T13:15:00Z,2021-06-09T15:15,2021-06-09T15:30,62,91.76,91.76,91.76,,1,UP,NO,NO,2026-10-08T00:05:35Z
2021-06-09T13:30:00Z,2021-06-09T15:30,2021-06-09T15:45,63,421.76,421.76,421.76,,1,UP,NO,NO,2026-10-08T00:05:35Z
2021-06-09T13:45:00Z,2021-06-09T15:45,2021-06-09T16:00,64,63.68,63.68,75.68,63.68,-1,DOWN,NO,NO,2026-10-08T00:05:35Z
2021-06-09T14:00:00Z,2021-06-09T16:00,2021-06-09T16:15,65,67.28,63,67.28,63,2,UP_AND_DOWN,NO,NO,2026-10-08T00:05:35Z
2021-06-09T14:15:00Z,2021-06-09T16:15,2021-06-09T16:30,66,63.91,63.91,63.91,,1,UP,NO,NO,2026-10-08T00:05:35Z
2021-06-09T14:30:00Z,2021-06-09T16:30,2021-06-09T16:45,67,64.29,64.29,,,0,STABLE,NO,NO,2026-10-08T00:05:35Z
2021-06-09T14:45:00Z,2021-06-09T16:45,2021-06-09T17:00,68,59.35,59.35,,59.35,-1,DOWN,NO,NO,2026-10-08T00:05:35Z
2021-06-09T15:00:00Z,2021-06-09T17:00,2021-06-09T17:15,69,46.99,46.99,,46.99,-1,DOWN,NO,NO,2026-10-08T00:05:35Z
2021-06-09T15:15:00Z,2021-06-09T17:15,2021-06-09T17:30,70,22.27,22.27,,22.27,-1,DOWN,NO,NO,2026-10-08T00:05:35Z
2021-06-09T15:30:00Z,2021-06-09T17:30,2021-06-09T17:45,71,55.91,55.91,,55.91,-1,DOWN,NO,NO,2026-10-08T00:05:35Z
2021-06-09T15:45:00Z,2021-06-09T17:45,2021-06-09T18:00,72,62.85,62.85,,62.85,-1,DOWN,NO,NO,2026-10-08T00:05:35Z
2021-06-09T16:00:00Z,2021-06-09T18:00,2021-06-09T18:15,73,-117.01,-117.01,,-117.01,-1,DOWN,NO,NO,2026-10-08T00:05:35Z
2021-06-09T16:15:00Z,2021-06-09T18:15,2021-06-09T18:30,74,57.35,57.35,,57.35,-1,DOWN,NO,NO,2026-10-08T00:05:35Z
2021-06-09T16:30:00Z,2021-06-09T18:30,2021-06-09T18:45,75,63,63,,63,-1,DOWN,NO,NO,2026-10-08T00:05:35Z
2021-06-09T16:45:00Z,2021-06-09T18:45,2021-06-09T19:00,76,70.92,70.92,70.92,,1,UP,NO,NO,2026-10-08T00:05:35Z
2021-06-09T17:00:00Z,2021-06-09T19:00,2021-06-09T19:15,77,-103.92,-103.92,70.92,-103.92,-1,DOWN,NO,NO,2026-10-08T00:05:35Z
2021-06-09T17:15:00Z,2021-06-09T19:15,2021-06-09T19:30,78,67.11,-388.65,67.11,-388.65,2,UP_AND_DOWN,NO,NO,2026-10-08T00:05:35Z
2021-06-09T17:30:00Z,2021-06-09T19:30,2021-06-09T19:45,79,74.6,74.6,74.6,,1,UP,NO,NO,2026-10-08T00:05:35Z
2021-06-09T17:45:00Z,2021-06-09T19:45,2021-06-09T20:00,80,446.08,446.08,446.08,,1,UP,NO,NO,2026-10-08T00:05:35Z
2021-06-09T18:00:00Z,2021-06-09T20:00,2021-06-09T20:15,81,-50.05,-50.05,446.08,-50.05,-1,DOWN,NO,NO,2026-10-08T00:05:35Z
2021-06-09T18:15:00Z,2021-06-09T20:15,2021-06-09T20:30,82,71.25,59.35,71.25,59.35,2,UP_AND_DOWN,NO,NO,2026-10-08T00:05:35Z
2021-06-09T18:30:00Z,2021-06-09T20:30,2021-06-09T20:45,83,68.51,59.35,68.51,59.35,2,UP_AND_DOWN,NO,NO,2026-10-08T00:05:35Z
2021-06-09T18:45:00Z,2021-06-09T20:45,2021-06-09T21:00,84,133.25,133.25,133.25,,1,UP,NO,NO,2026-10-08T00:05:35Z
2021-06-09T19:00:00Z,2021-06-09T21:00,2021-06-09T21:15,85,105.36,105.36,105.36,,1,UP,NO,NO,2026-10-08T00:05:35Z
2021-06-09T19:15:00Z,2021-06-09T21:15,2021-06-09T21:30,86,315.82,315.82,315.82,,1,UP,NO,NO,2026-10-08T00:05:35Z
2021-06-09T19:30:00Z,2021-06-09T21:30,2021-06-09T21:45,87,93.06,93.06,93.06,,1,UP,NO,NO,2026-10-08T00:05:35Z
2021-06-09T19:45:00Z,2021-06-09T21:45,2021-06-09T22:00,88,71.98,71.98,71.98,,1,UP,NO,NO,2026-10-08T00:05:35Z
2021-06-09T20:00:00Z,2021-06-09T22:00,2021-06-09T22:15,89,69,69,69,,1,UP,NO,NO,2026-10-08T00:05:35Z
2021-06-09T20:15:00Z,2021-06-09T22:15,2021-06-09T22:30,90,435,435,435,,1,UP,NO,NO,2026-10-08T00:05:35Z
2021-06-09T20:30:00Z,2021-06-09T22:30,2021-06-09T22:45,91,123.96,123.96,123.96,,1,UP,NO,NO,2026-10-08T00:05:35Z
2021-06-09T20:45:00Z,2021-06-09T22:45,2021-06-09T23:00,92,61.75,61.75,123.96,61.75,-1,DOWN,NO,NO,2026-10-08T00:05:35Z
2021-06-09T21:00:00Z,2021-06-09T23:00,2021-06-09T23:15,93,64.29,64.29,,,0,STABLE,NO,NO,2026-10-08T00:05:35Z
2021-06-09T21:15:00Z,2021-06-09T23:15,2021-06-09T23:30,94,59.35,59.35,,59.35,-1,DOWN,NO,NO,2026-10-08T00:05:35Z
2021-06-09T21:30:00Z,2021-06-09T23:30,2021-06-09T23:45,95,48.99,48.99,,48.99,-1,DOWN,NO,NO,2026-10-08T00:05:35Z
2021-06-09T21:45:00Z,2021-06-09T23:45,2021-06-10T00:00,96,41.92,41.92,,41.92,-1,DOWN,NO,NO,2026-10-08T00:05:35Z
2021-06-09T22:00:00Z,2021-06-10T00:00,2021-06-10T00:15,1,73.95,73.95,73.95,47.89,1,UP,NO,NO,2026-10-08T00:05:35Z
2021-06-09T22:15:00Z,2021-06-10T00:15,2021-06-10T00:30,2,65.43,65.43,,,0,STABLE,NO,NO,2026-10-08T00:05:35Z
2021-06-09T22:30:00Z,2021-06-10T00:30,2021-06-10T00:45,3,57.86,57.86,,57.86,-1,DOWN,NO,NO,2026-10-08T00:05:35Z
2021-06-09T22:45:00Z,2021-06-10T00:45,2021-06-10T01:00,4,57.86,57.86,,57.86,-1,DOWN,NO,NO,2026-10-08T00:05:35Z
2021-06-09T23:00:00Z,2021-06-10T01:00,2021-06-10T01:15,5,79.01,62.16,79.01,62.16,2,UP_AND_DOWN,NO,NO,2026-10-08T00:05:35Z
2021-06-09T23:15:00Z,2021-06-10T01:15,2021-06-10T01:30,6,72.68,72.68,72.68,,1,UP,NO,NO,2026-10-08T00:05:35Z
2021-06-09T23:30:00Z,2021-06-10T01:30,2021-06-10T01:45,7,65.71,65.71,65.71,,1,UP,NO,NO,2026-10-08T00:05:35Z
2021-06-09T23:45:00Z,2021-06-10T01:45,2021-06-10T02:00,8,63,63,65.71,63,-1,DOWN,NO,NO,2026-10-08T00:05:35Z
2021-06-10T00:00:00Z,2021-06-10T02:00,2021-06-10T02:15,9,90.54,64.23,90.54,64.33,2,UP_AND_DOWN,NO,NO,2026-10-08T00:05:35Z
2021-06-10T00:15:00Z,2021-06-10T02:15,2021-06-10T02:30,10,69.8,69.8,69.8,,1,UP,NO,NO,2026-10-08T00:05:35Z
2021-06-10T00:30:00Z,2021-06-10T02:30,2021-06-10T02:45,11,67.57,67.57,67.57,,1,UP,NO,NO,2026-10-08T00:05:35Z
2021-06-10T00:45:00Z,2021-06-10T02:45,2021-06-10T03:00,12,66.86,66.86,66.86,,1,UP,NO,NO,2026-10-08T00:05:35Z
2021-06-10T01:00:00Z,2021-06-10T03:00,2021-06-10T03:15,13,69.86,69.86,69.86,,1,UP,NO,NO,2026-10-08T00:05:35Z
2021-06-10T01:15:00Z,2021-06-10T03:15,2021-06-10T03:30,14,66.86,66.86,66.86,,1,UP,NO,NO,2026-10-08T00:05:35Z
2021-06-10T01:30:00Z,2021-06-10T03:30,2021-06-10T03:45,15,66.62,66.62,66.62,,1,UP,NO,NO,2026-10-08T00:05:35Z
2021-06-10T01:45:00Z,2021-06-10T03:45,2021-06-10T04:00,16,61.86,61.86,,,0,STABLE,NO,NO,2026-10-08T00:05:35Z
2021-06-10T02:00:00Z,2021-06-10T04:00,2021-06-10T04:15,17,61.86,61.86,,,0,STABLE,NO,NO,2026-10-08T00:05:35Z
2021-06-10T02:15:00Z,2021-06-10T04:15,2021-06-10T04:30,18,71.83,71.83,71.83,,1,UP,NO,NO,2026-10-08T00:05:35Z
2021-06-10T02:30:00Z,2021-06-10T04:30,2021-06-10T04:45,19,68.02,68.02,68.02,,1,UP,NO,NO,2026-10-08T00:05:35Z
2021-06-10T02:45:00Z,2021-06-10T04:45,2021-06-10T05:00,20,72.78,72.78,72.78,,1,UP,NO,NO,2026-10-08T00:05:35Z
2021-06-10T03:00:00Z,2021-06-10T05:00,2021-06-10T05:15,21,75.62,75.62,75.62,,1,UP,NO,NO,2026-10-08T00:05:35Z
2021-06-10T03:15:00Z,2021-06-10T05:15,2021-06-10T05:30,22,64.27,64.27,,,0,STABLE,NO,NO,2026-10-08T00:05:35Z
2021-06-10T03:30:00Z,2021-06-10T05:30,2021-06-10T05:45,23,64.26,64.26,,,0,STABLE,NO,NO,2026-10-08T00:05:35Z
2021-06-10T03:45:00Z,2021-06-10T05:45,2021-06-10T06:00,24,57.86,57.86,,57.86,-1,DOWN,NO,NO,2026-10-08T00:05:35Z
2021-06-10T04:00:00Z,2021-06-10T06:00,2021-06-10T06:15,25,62.16,62.16,,62.16,-1,DOWN,NO,NO,2026-10-08T00:05:35Z
2021-06-10T04:15:00Z,2021-06-10T06:15,2021-06-10T06:30,26,67.7,67.7,67.7,,1,UP,NO,NO,2026-10-08T00:05:35Z
2021-06-10T04:30:00Z,2021-06-10T06:30,2021-06-10T06:45,27,68.74,68.74,68.74,,1,UP,NO,NO,2026-10-08T00:05:35Z
2021-06-10T04:45:00Z,2021-06-10T06:45,2021-06-10T07:00,28,64.8,64.8,64.8,,1,UP,NO,NO,2026-10-08T00:05:35Z
2021-06-10T05:00:00Z,2021-06-10T07:00,2021-06-10T07:15,29,65.9,65.9,,,0,STABLE,NO,NO,2026-10-08T00:05:35Z
2021-06-10T05:15:00Z,2021-06-10T07:15,2021-06-10T07:30,30,64.8,64.8,64.8,,1,UP,NO,NO,2026-10-08T00:05:35Z
2021-06-10T05:30:00Z,2021-06-10T07:30,2021-06-10T07:45,31,64.8,64.8,64.8,,1,UP,NO,NO,2026-10-08T00:05:35Z
2021-06-10T05:45:00Z,2021-06-10T07:45,2021-06-10T08:00,32,65.9,65.9,,,0,STABLE,NO,NO,2026-10-08T00:05:35Z
2021-06-10T06:00:00Z,2021-06-10T08:00,2021-06-10T08:15,33,64.8,64.8,64.8,,1,UP,NO,NO,2026-10-08T00:05:35Z
2021-06-10T06:15:00Z,2021-06-10T08:15,2021-06-10T08:30,34,67.71,67.71,67.71,,1,UP,NO,NO,2026-10-08T00:05:35Z
2021-06-10T06:30:00Z,2021-06-10T08:30,2021-06-10T08:45,35,64.8,64.8,64.8,,1,UP,NO,NO,2026-10-08T00:05:35Z
2021-06-10T06:45:00Z,2021-06-10T08:45,2021-06-10T09:00,36,60.8,60.8,,60.8,-1,DOWN,NO,NO,2026-10-08T00:05:35Z
2021-06-10T07:00:00Z,2021-06-10T09:00,2021-06-10T09:15,37,60.8,60.8,,60.8,-1,DOWN,NO,NO,2026-10-08T00:05:35Z
2021-06-10T07:15:00Z,2021-06-10T09:15,2021-06-10T09:30,38,65.9,65.9,,,0,STABLE,NO,NO,2026-10-08T00:05:35Z
2021-06-10T07:30:00Z,2021-06-10T09:30,2021-06-10T09:45,39,65.9,65.9,,,0,STABLE,NO,NO,2026-10-08T00:05:35Z
2021-06-10T07:45:00Z,2021-06-10T09:45,2021-06-10T10:00,40,59.54,59.54,,59.54,-1,DOWN,NO,NO,2026-10-08T00:05:35Z
2021-06-10T08:00:00Z,2021-06-10T10:00,2021-06-10T10:15,41,70.8,62.4,70.8,62.4,2,UP_AND_DOWN,NO,NO,2026-10-08T00:05:35Z
2021-06-10T08:15:00Z,2021-06-10T10:15,2021-06-10T10:30,42,65.9,65.9,,,0,STABLE,NO,NO,2026-10-08T00:05:35Z
2021-06-10T08:30:00Z,2021-06-10T10:30,2021-06-10T10:45,43,62.88,62.88,,62.88,-1,DOWN,NO,NO,2026-10-08T00:05:35Z
2021-06-10T08:45:00Z,2021-06-10T10:45,2021-06-10T11:00,44,58.8,58.8,,58.8,-1,DOWN,NO,NO,2026-10-08T00:05:35Z
2021-06-10T09:00:00Z,2021-06-10T11:00,2021-06-10T11:15,45,47.8,47.8,,47.8,-1,DOWN,NO,NO,2026-10-08T00:05:35Z
2021-06-10T09:15:00Z,2021-06-10T11:15,2021-06-10T11:30,46,6,6,,6,-1,DOWN,NO,NO,2026-10-08T00:05:35Z
2021-06-10T09:30:00Z,2021-06-10T11:30,2021-06-10T11:45,47,47.6,47.6,,47.6,-1,DOWN,NO,NO,2026-10-08T00:05:35Z
2021-06-10T09:45:00Z,2021-06-10T11:45,2021-06-10T12:00,48,58.29,58.29,,58.29,-1,DOWN,NO,NO,2026-10-08T00:05:35Z
2021-06-10T10:00:00Z,2021-06-10T12:00,2021-06-10T12:15,49,55.29,55.29,,55.29,-1,DOWN,NO,NO,2026-10-08T00:05:35Z
2021-06-10T10:15:00Z,2021-06-10T12:15,2021-06-10T12:30,50,52.7,52.7,,52.7,-1,DOWN,NO,NO,2026-10-08T00:05:35Z
2021-06-10T10:30:00Z,2021-06-10T12:30,2021-06-10T12:45,51,60.29,60.29,,60.29,-1,DOWN,NO,NO,2026-10-08T00:05:35Z
2021-06-10T10:45:00Z,2021-06-10T12:45,2021-06-10T13:00,52,47.8,47.8,,47.8,-1,DOWN,NO,NO,2026-10-08T00:05:35Z
2021-06-10T11:00:00Z,2021-06-10T13:00,2021-06-10T13:15,53,65.69,56.43,65.69,56.43,2,UP_AND_DOWN,NO,NO,2026-10-08T00:05:35Z
2021-06-10T11:15:00Z,2021-06-10T13:15,2021-06-10T13:30,54,65.99,65.99,65.99,,1,UP,NO,NO,2026-10-08T00:05:35Z
2021-06-10T11:30:00Z,2021-06-10T13:30,2021-06-10T13:45,55,67.32,67.32,67.32,,1,UP,NO,NO,2026-10-08T00:05:35Z
2021-06-10T11:45:00Z,2021-06-10T13:45,2021-06-10T14:00,56,70.29,70.29,70.29,,1,UP,NO,NO,2026-10-08T00:05:35Z
2021-06-10T12:00:00Z,2021-06-10T14:00,2021-06-10T14:15,57,82.06,82.06,82.06,,1,UP,NO,NO,2026-10-08T00:05:35Z
2021-06-10T12:15:00Z,2021-06-10T14:15,2021-06-10T14:30,58,89.31,89.31,89.31,,1,UP,NO,NO,2026-10-08T00:05:35Z
2021-06-10T12:30:00Z,2021-06-10T14:30,2021-06-10T14:45,59,67.34,67.34,67.34,,1,UP,NO,NO,2026-10-08T00:05:35Z
2021-06-10T12:45:00Z,2021-06-10T14:45,2021-06-10T15:00,60,67.8,67.8,67.8,,1,UP,NO,NO,2026-10-08T00:05:35Z
2021-06-10T13:00:00Z,2021-06-10T15:00,2021-06-10T15:15,61,64.8,58.8,64.8,58.8,2,UP_AND_DOWN,NO,NO,2026-10-08T00:05:35Z
2021-06-10T13:15:00Z,2021-06-10T15:15,2021-06-10T15:30,62,64.61,64.61,,,0,STABLE,NO,NO,2026-10-08T00:05:35Z
2021-06-10T13:30:00Z,2021-06-10T15:30,2021-06-10T15:45,63,66.07,66.07,,,0,STABLE,NO,NO,2026-10-08T00:05:35Z
2021-06-10T13:45:00Z,2021-06-10T15:45,2021-06-10T16:00,64,66.07,66.07,,,0,STABLE,NO,NO,2026-10-08T00:05:35Z
2021-06-10T14:00:00Z,2021-06-10T16:00,2021-06-10T16:15,65,65.9,65.9,,,0,STABLE,NO,NO,2026-10-08T00:05:35Z
2021-06-10T14:15:00Z,2021-06-10T16:15,2021-06-10T16:30,66,64.07,64.07,,64.07,-1,DOWN,NO,NO,2026-10-08T00:05:35Z
2021-06-10T14:30:00Z,2021-06-10T16:30,2021-06-10T16:45,67,61.64,61.64,,61.64,-1,DOWN,NO,NO,2026-10-08T00:05:35Z
2021-06-10T14:45:00Z,2021-06-10T16:45,2021-06-10T17:00,68,65.9,65.9,,,0,STABLE,NO,NO,2026-10-08T00:05:35Z
2021-06-10T15:00:00Z,2021-06-10T17:00,2021-06-10T17:15,69,60.8,60.8,,60.8,-1,DOWN,NO,NO,2026-10-08T00:05:35Z
2021-06-10T15:15:00Z,2021-06-10T17:15,2021-06-10T17:30,70,65.22,65.22,,65.22,-1,DOWN,NO,NO,2026-10-08T00:05:35Z
2021-06-10T15:30:00Z,2021-06-10T17:30,2021-06-10T17:45,71,67.2,67.2,67.2,65.22,1,UP,NO,NO,2026-10-08T00:05:35Z
2021-06-10T15:45:00Z,2021-06-10T17:45,2021-06-10T18:00,72,73.44,73.44,73.44,,1,UP,NO,NO,2026-10-08T00:05:35Z
2021-06-10T16:00:00Z,2021-06-10T18:00,2021-06-10T18:15,73,59.52,59.52,73.44,59.52,-1,DOWN,NO,NO,2026-10-08T00:05:35Z
2021-06-10T16:15:00Z,2021-06-10T18:15,2021-06-10T18:30,74,65.9,65.9,,,0,STABLE,NO,NO,2026-10-08T00:05:35Z
2021-06-10T16:30:00Z,2021-06-10T18:30,2021-06-10T18:45,75,70.8,70.8,70.8,,1,UP,NO,NO,2026-10-08T00:05:35Z
2021-06-10T16:45:00Z,2021-06-10T18:45,2021-06-10T19:00,76,435.98,435.98,435.98,,1,UP,NO,NO,2026-10-08T00:05:35Z
2021-06-10T17:00:00Z,2021-06-10T19:00,2021-06-10T19:15,77,29.16,29.16,435.98,29.16,-1,DOWN,NO,NO,2026-10-08T00:05:35Z
2021-06-10T17:15:00Z,2021-06-10T19:15,2021-06-10T19:30,78,63.14,63.14,,63.14,-1,DOWN,NO,NO,2026-10-08T00:05:35Z
2021-06-10T17:30:00Z,2021-06-10T19:30,2021-06-10T19:45,79,71.82,71.82,71.82,63.14,1,UP,NO,NO,2026-10-08T00:05:35Z
2021-06-10T17:45:00Z,2021-06-10T19:45,2021-06-10T20:00,80,446.41,446.41,446.41,,1,UP,NO,NO,2026-10-08T00:05:35Z
2021-06-10T18:00:00Z,2021-06-10T20:00,2021-06-10T20:15,81,60.09,60.09,446.41,60.09,-1,DOWN,NO,NO,2026-10-08T00:05:35Z
2021-06-10T18:15:00Z,2021-06-10T20:15,2021-06-10T20:30,82,77.75,77.75,77.75,,1,UP,NO,NO,2026-10-08T00:05:35Z
2021-06-10T18:30:00Z,2021-06-10T20:30,2021-06-10T20:45,83,70.06,70.06,70.06,,1,UP,NO,NO,2026-10-08T00:05:35Z
2021-06-10T18:45:00Z,2021-06-10T20:45,2021-06-10T21:00,84,63,63,70.06,63,-1,DOWN,NO,NO,2026-10-08T00:05:35Z
2021-06-10T19:00:00Z,2021-06-10T21:00,2021-06-10T21:15,85,67.35,67.35,67.35,,1,UP,NO,NO,2026-10-08T00:05:35Z
2021-06-10T19:15:00Z,2021-06-10T21:15,2021-06-10T21:30,86,70.8,70.8,70.8,,1,UP,NO,NO,2026-10-08T00:05:35Z
2021-06-10T19:30:00Z,2021-06-10T21:30,2021-06-10T21:45,87,77.94,77.94,77.94,,1,UP,NO,NO,2026-10-08T00:05:35Z
2021-06-10T19:45:00Z,2021-06-10T21:45,2021-06-10T22:00,88,69.65,69.65,69.65,,1,UP,NO,NO,2026-10-08T00:05:35Z
2021-06-10T20:00:00Z,2021-06-10T22:00,2021-06-10T22:15,89,71.25,71.25,71.25,,1,UP,NO,NO,2026-10-08T00:05:35Z
2021-06-10T20:15:00Z,2021-06-10T22:15,2021-06-10T22:30,90,437.25,437.25,437.25,,1,UP,NO,NO,2026-10-08T00:05:35Z
2021-06-10T20:30:00Z,2021-06-10T22:30,2021-06-10T22:45,91,437.25,437.25,437.25,,1,UP,NO,NO,2026-10-08T00:05:35Z
2021-06-10T20:45:00Z,2021-06-10T22:45,2021-06-10T23:00,92,63.86,63.86,,,0,STABLE,NO,NO,2026-10-08T00:05:35Z
2021-06-10T21:00:00Z,2021-06-10T23:00,2021-06-10T23:15,93,430.97,430.97,430.97,,1,UP,NO,NO,2026-10-08T00:05:35Z
2021-06-10T21:15:00Z,2021-06-10T23:15,2021-06-10T23:30,94,430.97,430.97,430.97,,1,UP,NO,NO,2026-10-08T00:05:35Z
2021-06-10T21:30:00Z,2021-06-10T23:30,2021-06-10T23:45,95,61.03,61.03,70.81,61.03,-1,DOWN,NO,NO,2026-10-08T00:05:35Z
2021-06-10T21:45:00Z,2021-06-10T23:45,2021-06-11T00:00,96,63.86,63.86,,,0,STABLE,NO,NO,2026-10-08T00:05:35Z
2021-06-10T22:00:00Z,2021-06-11T00:00,2021-06-11T00:15,1,76.78,76.78,76.78,,1,UP,NO,NO,2026-10-08T00:05:35Z
2021-06-10T22:15:00Z,2021-06-11T00:15,2021-06-11T00:30,2,114,114,114,,1,UP,NO,NO,2026-10-08T00:05:35Z
2021-06-10T22:30:00Z,2021-06-11T00:30,2021-06-11T00:45,3,64.05,64.05,114,64.05,-1,DOWN,NO,NO,2026-10-08T00:05:35Z
2021-06-10T22:45:00Z,2021-06-11T00:45,2021-06-11T01:00,4,65.48,65.48,,65.48,-1,DOWN,NO,NO,2026-10-08T00:05:35Z
2021-06-10T23:00:00Z,2021-06-11T01:00,2021-06-11T01:15,5,71.57,71.57,71.57,,1,UP,NO,NO,2026-10-08T00:05:35Z
2021-06-10T23:15:00Z,2021-06-11T01:15,2021-06-11T01:30,6,74.15,74.15,74.15,,1,UP,NO,NO,2026-10-08T00:05:35Z
2021-06-10T23:30:00Z,2021-06-11T01:30,2021-06-11T01:45,7,69.9,69.9,69.9,,1,UP,NO,NO,2026-10-08T00:05:35Z
2021-06-10T23:45:00Z,2021-06-11T01:45,2021-06-11T02:00,8,71.18,71.18,71.18,,1,UP,NO,NO,2026-10-08T00:05:35Z
2021-06-11T00:00:00Z,2021-06-11T02:00,2021-06-11T02:15,9,318.25,318.25,318.25,,1,UP,NO,NO,2026-10-08T00:05:35Z
2021-06-11T00:15:00Z,2021-06-11T02:15,2021-06-11T02:30,10,93.49,93.49,93.49,,1,UP,NO,NO,2026-10-08T00:05:35Z
2021-06-11T00:30:00Z,2021-06-11T02:30,2021-06-11T02:45,11,72.9,72.9,72.9,,1,UP,NO,NO,2026-10-08T00:05:35Z
2021-06-11T00:45:00Z,2021-06-11T02:45,2021-06-11T03:00,12,66.79,66.79,,,0,STABLE,NO,NO,2026-10-08T00:05:35Z
2021-06-11T01:00:00Z,2021-06-11T03:00,2021-06-11T03:15,13,75.83,75.83,75.83,,1,UP,NO,NO,2026-10-08T00:05:35Z
2021-06-11T01:15:00Z,2021-06-11T03:15,2021-06-11T03:30,14,82.9,63.24,82.9,63.24,2,UP_AND_DOWN,NO,NO,2026-10-08T00:05:35Z
2021-06-11T01:30:00Z,2021-06-11T03:30,2021-06-11T03:45,15,63.24,63.24,82.9,63.24,-1,DOWN,NO,NO,2026-10-08T00:05:35Z
2021-06-11T01:45:00Z,2021-06-11T03:45,2021-06-11T04:00,16,64.76,64.76,,64.76,-1,DOWN,NO,NO,2026-10-08T00:05:35Z
2021-06-11T02:00:00Z,2021-06-11T04:00,2021-06-11T04:15,17,65.17,65.17,,,0,STABLE,NO,NO,2026-10-08T00:05:35Z
2021-06-11T02:15:00Z,2021-06-11T04:15,2021-06-11T04:30,18,65.17,65.17,,,0,STABLE,NO,NO,2026-10-08T00:05:35Z
2021-06-11T02:30:00Z,2021-06-11T04:30,2021-06-11T04:45,19,65.17,65.17,,,0,STABLE,NO,NO,2026-10-08T00:05:35Z
2021-06-11T02:45:00Z,2021-06-11T04:45,2021-06-11T05:00,20,65.17,65.17,,,0,STABLE,NO,NO,2026-10-08T00:05:35Z
2021-06-11T03:00:00Z,2021-06-11T05:00,2021-06-11T05:15,21,71.18,71.18,71.18,,1,UP,NO,NO,2026-10-08T00:05:35Z
2021-06-11T03:15:00Z,2021-06-11T05:15,2021-06-11T05:30,22,71.18,71.18,71.18,,1,UP,NO,NO,2026-10-08T00:05:35Z
2021-06-11T03:30:00Z,2021-06-11T05:30,2021-06-11T05:45,23,66.83,66.83,,,0,STABLE,NO,NO,2026-10-08T00:05:35Z
2021-06-11T03:45:00Z,2021-06-11T05:45,2021-06-11T06:00,24,67.14,67.14,,,0,STABLE,NO,NO,2026-10-08T00:05:35Z
2021-06-11T04:00:00Z,2021-06-11T06:00,2021-06-11T06:15,25,64.22,64.22,,64.22,-1,DOWN,NO,NO,2026-10-08T00:05:35Z
2021-06-11T04:15:00Z,2021-06-11T06:15,2021-06-11T06:30,26,66.83,66.83,,,0,STABLE,NO,NO,2026-10-08T00:05:35Z
2021-06-11T04:30:00Z,2021-06-11T06:30,2021-06-11T06:45,27,69.94,69.94,69.94,,1,UP,NO,NO,2026-10-08T00:05:35Z
2021-06-11T04:45:00Z,2021-06-11T06:45,2021-06-11T07:00,28,69.9,69.9,69.9,,1,UP,NO,NO,2026-10-08T00:05:35Z
2021-06-11T05:00:00Z,2021-06-11T07:00,2021-06-11T07:15,29,75.91,75.91,75.91,,1,UP,NO,NO,2026-10-08T00:05:35Z
2021-06-11T05:15:00Z,2021-06-11T07:15,2021-06-11T07:30,30,93.49,93.49,93.49,,1,UP,NO,NO,2026-10-08T00:05:35Z
2021-06-11T05:30:00Z,2021-06-11T07:30,2021-06-11T07:45,31,73.3,73.3,73.3,,1,UP,NO,NO,2026-10-08T00:05:35Z
2021-06-11T05:45:00Z,2021-06-11T07:45,2021-06-11T08:00,32,70.82,70.82,70.82,,1,UP,NO,NO,2026-10-08T00:05:35Z
2021-06-11T06:00:00Z,2021-06-11T08:00,2021-06-11T08:15,33,318.25,318.25,318.25,,1,UP,NO,NO,2026-10-08T00:05:35Z
2021-06-11T06:15:00Z,2021-06-11T08:15,2021-06-11T08:30,34,62.94,62.94,74.91,62.94,-1,DOWN,NO,NO,2026-10-08T00:05:35Z
2021-06-11T06:30:00Z,2021-06-11T08:30,2021-06-11T08:45,35,61.27,61.27,,61.27,-1,DOWN,NO,NO,2026-10-08T00:05:35Z
2021-06-11T06:45:00Z,2021-06-11T08:45,2021-06-11T09:00,36,42.09,42.09,,42.09,-1,DOWN,NO,NO,2026-10-08T00:05:35Z
2021-06-11T07:00:00Z,2021-06-11T09:00,2021-06-11T09:15,37,77.27,59.27,77.27,59.27,2,UP_AND_DOWN,NO,NO,2026-10-08T00:05:35Z
2021-06-11T07:15:00Z,2021-06-11T09:15,2021-06-11T09:30,38,61.27,61.27,,61.27,-1,DOWN,NO,NO,2026-10-08T00:05:35Z
2021-06-11T07:30:00Z,2021-06-11T09:30,2021-06-11T09:45,39,48.27,48.27,,48.27,-1,DOWN,NO,NO,2026-10-08T00:05:35Z
2021-06-11T07:45:00Z,2021-06-11T09:45,2021-06-11T10:00,40,33.3,33.3,,33.3,-1,DOWN,NO,NO,2026-10-08T00:05:35Z
2021-06-11T08:00:00Z,2021-06-11T10:00,2021-06-11T10:15,41,70.93,70.93,70.93,53.27,1,UP,NO,NO,2026-10-08T00:05:35Z
2021-06-11T08:15:00Z,2021-06-11T10:15,2021-06-11T10:30,42,61.56,61.56,70.93,61.56,-1,DOWN,NO,NO,2026-10-08T00:05:35Z
2021-06-11T08:30:00Z,2021-06-11T10:30,2021-06-11T10:45,43,65.2,65.2,,,0,STABLE,NO,NO,2026-10-08T00:05:35Z
2021-06-11T08:45:00Z,2021-06-11T10:45,2021-06-11T11:00,44,61.27,61.27,,61.27,-1,DOWN,NO,NO,2026-10-08T00:05:35Z
2021-06-11T09:00:00Z,2021-06-11T11:00,2021-06-11T11:15,45,62.98,62.98,,62.98,-1,DOWN,NO,NO,2026-10-08T00:05:35Z
2021-06-11T09:15:00Z,2021-06-11T11:15,2021-06-11T11:30,46,69.68,69.68,69.68,,1,UP,NO,NO,2026-10-08T00:05:35Z
2021-06-11T09:30:00Z,2021-06-11T11:30,2021-06-11T11:45,47,88,88,88,,1,UP,NO,NO,2026-10-08T00:05:35Z
2021-06-11T09:45:00Z,2021-06-11T11:45,2021-06-11T12:00,48,69.68,69.68,69.68,,1,UP,NO,NO,2026-10-08T00:05:35Z
2021-06-11T10:00:00Z,2021-06-11T12:00,2021-06-11T12:15,49,65.84,65.84,,,0,STABLE,NO,NO,2026-10-08T00:05:35Z
2021-06-11T10:15:00Z,2021-06-11T12:15,2021-06-11T12:30,50,65.85,65.85,,,0,STABLE,NO,NO,2026-10-08T00:05:35Z
2021-06-11T10:30:00Z,2021-06-11T12:30,2021-06-11T12:45,51,65.82,65.82,,,0,STABLE,NO,NO,2026-10-08T00:05:35Z
2021-06-11T10:45:00Z,2021-06-11T12:45,2021-06-11T13:00,52,65.84,65.84,,,0,STABLE,NO,NO,2026-10-08T00:05:35Z
2021-06-11T11:00:00Z,2021-06-11T13:00,2021-06-11T13:15,53,70.71,70.71,70.71,,1,UP,NO,NO,2026-10-08T00:05:35Z
2021-06-11T11:15:00Z,2021-06-11T13:15,2021-06-11T13:30,54,67.8,67.8,67.8,,1,UP,NO,NO,2026-10-08T00:05:35Z
2021-06-11T11:30:00Z,2021-06-11T13:30,2021-06-11T13:45,55,65.55,65.55,,,0,STABLE,NO,NO,2026-10-08T00:05:35Z
2021-06-11T11:45:00Z,2021-06-11T13:45,2021-06-11T14:00,56,61.43,61.43,,61.43,-1,DOWN,NO,NO,2026-10-08T00:05:35Z
2021-06-11T12:00:00Z,2021-06-11T14:00,2021-06-11T14:15,57,61.44,61.44,,61.44,-1,DOWN,NO,NO,2026-10-08T00:05:35Z
2021-06-11T12:15:00Z,2021-06-11T14:15,2021-06-11T14:30,58,61.27,61.27,,61.27,-1,DOWN,NO,NO,2026-10-08T00:05:35Z
2021-06-11T12:30:00Z,2021-06-11T14:30,2021-06-11T14:45,59,58.41,58.41,,58.41,-1,DOWN,NO,NO,2026-10-08T00:05:35Z
2021-06-11T12:45:00Z,2021-06-11T14:45,2021-06-11T15:00,60,56.27,56.27,,56.27,-1,DOWN,NO,NO,2026-10-08T00:05:35Z
2021-06-11T13:00:00Z,2021-06-11T15:00,2021-06-11T15:15,61,61.27,61.27,,61.27,-1,DOWN,NO,NO,2026-10-08T00:05:35Z
2021-06-11T13:15:00Z,2021-06-11T15:15,2021-06-11T15:30,62,65.4,65.4,,,0,STABLE,NO,NO,2026-10-08T00:05:35Z
2021-06-11T13:30:00Z,2021-06-11T15:30,2021-06-11T15:45,63,62.15,62.15,,62.15,-1,DOWN,NO,NO,2026-10-08T00:05:35Z
2021-06-11T13:45:00Z,2021-06-11T15:45,2021-06-11T16:00,64,65.43,65.43,,,0,STABLE,NO,NO,2026-10-08T00:05:35Z
2021-06-11T14:00:00Z,2021-06-11T16:00,2021-06-11T16:15,65,65.51,65.51,,,0,STABLE,NO,NO,2026-10-08T00:05:35Z
2021-06-11T14:15:00Z,2021-06-11T16:15,2021-06-11T16:30,66,66.14,66.14,66.14,,1,UP,NO,NO,2026-10-08T00:05:35Z
2021-06-11T14:30:00Z,2021-06-11T16:30,2021-06-11T16:45,67,68.21,68.21,68.21,,1,UP,NO,NO,2026-10-08T00:05:35Z
2021-06-11T14:45:00Z,2021-06-11T16:45,2021-06-11T17:00,68,67.33,67.33,67.33,,1,UP,NO,NO,2026-10-08T00:05:35Z
2021-06-11T15:00:00Z,2021-06-11T17:00,2021-06-11T17:15,69,265.91,265.91,265.91,,1,UP,NO,NO,2026-10-08T00:05:35Z
2021-06-11T15:15:00Z,2021-06-11T17:15,2021-06-11T17:30,70,65.06,65.06,,,0,STABLE,NO,NO,2026-10-08T00:05:35Z
2021-06-11T15:30:00Z,2021-06-11T17:30,2021-06-11T17:45,71,65.06,65.06,,,0,STABLE,NO,NO,2026-10-08T00:05:35Z
2021-06-11T15:45:00Z,2021-06-11T17:45,2021-06-11T18:00,72,65.06,65.06,,,0,STABLE,NO,NO,2026-10-08T00:05:35Z
2021-06-11T16:00:00Z,2021-06-11T18:00,2021-06-11T18:15,73,66.1,66.1,,,0,STABLE,NO,NO,2026-10-08T00:05:35Z
2021-06-11T16:15:00Z,2021-06-11T18:15,2021-06-11T18:30,74,61.66,61.66,,61.66,-1,DOWN,NO,NO,2026-10-08T00:05:35Z
2021-06-11T16:30:00Z,2021-06-11T18:30,2021-06-11T18:45,75,63.3,63.3,,63.3,-1,DOWN,NO,NO,2026-10-08T00:05:35Z
2021-06-11T16:45:00Z,2021-06-11T18:45,2021-06-11T19:00,76,65.06,65.06,,,0,STABLE,NO,NO,2026-10-08T00:05:35Z
2021-06-11T17:00:00Z,2021-06-11T19:00,2021-06-11T19:15,77,59.71,59.71,,59.71,-1,DOWN,NO,NO,2026-10-08T00:05:35Z
2021-06-11T17:15:00Z,2021-06-11T19:15,2021-06-11T19:30,78,75.03,75.03,75.03,63.18,1,UP,NO,NO,2026-10-08T00:05:35Z
2021-06-11T17:30:00Z,2021-06-11T19:30,2021-06-11T19:45,79,75.03,75.03,75.03,,1,UP,NO,NO,2026-10-08T00:05:35Z
2021-06-11T17:45:00Z,2021-06-11T19:45,2021-06-11T20:00,80,77.53,77.53,77.53,,1,UP,NO,NO,2026-10-08T00:05:35Z
2021-06-11T18:00:00Z,2021-06-11T20:00,2021-06-11T20:15,81,108.09,108.09,108.09,,1,UP,NO,NO,2026-10-08T00:05:35Z
2021-06-11T18:15:00Z,2021-06-11T20:15,2021-06-11T20:30,82,108.09,108.09,108.09,,1,UP,NO,NO,2026-10-08T00:05:35Z
2021-06-11T18:30:00Z,2021-06-11T20:30,2021-06-11T20:45,83,80.93,80.93,80.93,,1,UP,NO,NO,2026-10-08T00:05:35Z
2021-06-11T18:45:00Z,2021-06-11T20:45,2021-06-11T21:00,84,99.83,99.83,99.83,,1,UP,NO,NO,2026-10-08T00:05:35Z
2021-06-11T19:00:00Z,2021-06-11T21:00,2021-06-11T21:15,85,318.25,318.25,318.25,,1,UP,NO,NO,2026-10-08T00:05:35Z
2021-06-11T19:15:00Z,2021-06-11T21:15,2021-06-11T21:30,86,105.88,105.88,105.88,,1,UP,NO,NO,2026-10-08T00:05:35Z
2021-06-11T19:30:00Z,2021-06-11T21:30,2021-06-11T21:45,87,65.67,65.67,,,0,STABLE,NO,NO,2026-10-08T00:05:35Z
2021-06-11T19:45:00Z,2021-06-11T21:45,2021-06-11T22:00,88,68.88,68.88,68.88,,1,UP,NO,NO,2026-10-08T00:05:35Z
2021-06-11T20:00:00Z,2021-06-11T22:00,2021-06-11T22:15,89,318.25,318.25,318.25,,1,UP,NO,NO,2026-10-08T00:05:35Z
2021-06-11T20:15:00Z,2021-06-11T22:15,2021-06-11T22:30,90,450,450,450,,1,UP,NO,NO,2026-10-08T00:05:35Z
2021-06-11T20:30:00Z,2021-06-11T22:30,2021-06-11T22:45,91,74.8,62.94,74.8,62.94,2,UP_AND_DOWN,NO,NO,2026-10-08T00:05:35Z
2021-06-11T20:45:00Z,2021-06-11T22:45,2021-06-11T23:00,92,71.01,71.01,71.01,,1,UP,NO,NO,2026-10-08T00:05:35Z
2021-06-11T21:00:00Z,2021-06-11T23:00,2021-06-11T23:15,93,318.25,318.25,318.25,,1,UP,NO,NO,2026-10-08T00:05:35Z
2021-06-11T21:15:00Z,2021-06-11T23:15,2021-06-11T23:30,94,106.01,106.01,106.01,,1,UP,NO,NO,2026-10-08T00:05:35Z
2021-06-11T21:30:00Z,2021-06-11T23:30,2021-06-11T23:45,95,71.02,71.02,71.02,,1,UP,NO,NO,2026-10-08T00:05:35Z
2021-06-11T21:45:00Z,2021-06-11T23:45,2021-06-12T00:00,96,65.18,65.18,,,0,STABLE,NO,NO,2026-10-08T00:05:35Z
2021-06-11T22:00:00Z,2021-06-12T00:00,2021-06-12T00:15,1,268.75,268.75,268.75,,1,UP,NO,NO,2026-10-08T00:05:35Z
2021-06-11T22:15:00Z,2021-06-12T00:15,2021-06-12T00:30,2,268.74,268.74,268.74,,1,UP,NO,NO,2026-10-08T00:05:35Z
2021-06-11T22:30:00Z,2021-06-12T00:30,2021-06-12T00:45,3,79.58,79.58,79.58,,1,UP,NO,NO,2026-10-08T00:05:35Z
2021-06-11T22:45:00Z,2021-06-12T00:45,2021-06-12T01:00,4,72.74,72.74,72.74,,1,UP,NO,NO,2026-10-08T00:05:35Z
2021-06-11T23:00:00Z,2021-06-12T01:00,2021-06-12T01:15,5,420.58,420.58,420.58,,1,UP,NO,NO,2026-10-08T00:05:35Z
2021-06-11T23:15:00Z,2021-06-12T01:15,2021-06-12T01:30,6,77.93,77.93,77.93,,1,UP,NO,NO,2026-10-08T00:05:35Z
2021-06-11T23:30:00Z,2021-06-12T01:30,2021-06-12T01:45,7,58.69,58.69,58.69,,1,UP,NO,NO,2026-10-08T00:05:35Z
2021-06-11T23:45:00Z,2021-06-12T01:45,2021-06-12T02:00,8,58.69,58.69,58.69,,1,UP,NO,NO,2026-10-08T00:05:35Z
2021-06-12T00:00:00Z,2021-06-12T02:00,2021-06-12T02:15,9,110.11,110.11,110.11,,1,UP,NO,NO,2026-10-08T00:05:35Z
2021-06-12T00:15:00Z,2021-06-12T02:15,2021-06-12T02:30,10,70.33,70.33,70.33,,1,UP,NO,NO,2026-10-08T00:05:35Z
2021-06-12T00:30:00Z,2021-06-12T02:30,2021-06-12T02:45,11,67.33,67.33,67.33,,1,UP,NO,NO,2026-10-08T00:05:35Z
2021-06-12T00:45:00Z,2021-06-12T02:45,2021-06-12T03:00,12,122.07,122.07,122.07,,1,UP,NO,NO,2026-10-08T00:05:35Z
2021-06-12T01:00:00Z,2021-06-12T03:00,2021-06-12T03:15,13,76.33,76.33,76.33,,1,UP,NO,NO,2026-10-08T00:05:35Z
2021-06-12T01:15:00Z,2021-06-12T03:15,2021-06-12T03:30,14,69.57,69.57,69.57,,1,UP,NO,NO,2026-10-08T00:05:35Z
2021-06-12T01:30:00Z,2021-06-12T03:30,2021-06-12T03:45,15,70.33,70.33,70.33,,1,UP,NO,NO,2026-10-08T00:05:35Z
2021-06-12T01:45:00Z,2021-06-12T03:45,2021-06-12T04:00,16,67.33,67.33,67.33,,1,UP,NO,NO,2026-10-08T00:05:35Z
2021-06-12T02:00:00Z,2021-06-12T04:00,2021-06-12T04:15,17,67.92,67.92,67.92,,1,UP,NO,NO,2026-10-08T00:05:35Z
2021-06-12T02:15:00Z,2021-06-12T04:15,2021-06-12T04:30,18,72.36,72.36,72.36,,1,UP,NO,NO,2026-10-08T00:05:35Z
2021-06-12T02:30:00Z,2021-06-12T04:30,2021-06-12T04:45,19,70.33,70.33,70.33,,1,UP,NO,NO,2026-10-08T00:05:35Z
2021-06-12T02:45:00Z,2021-06-12T04:45,2021-06-12T05:00,20,55.01,55.01,55.01,,1,UP,NO,NO,2026-10-08T00:05:35Z
2021-06-12T03:00:00Z,2021-06-12T05:00,2021-06-12T05:15,21,71.44,71.44,71.44,,1,UP,NO,NO,2026-10-08T00:05:35Z
2021-06-12T03:15:00Z,2021-06-12T05:15,2021-06-12T05:30,22,61.94,61.94,61.94,,1,UP,NO,NO,2026-10-08T00:05:35Z
2021-06-12T03:30:00Z,2021-06-12T05:30,2021-06-12T05:45,23,59.29,59.29,54.18,59.29,-1,DOWN,NO,NO,2026-10-08T00:05:35Z
2021-06-12T03:45:00Z,2021-06-12T05:45,2021-06-12T06:00,24,56.32,56.32,,56.32,-1,DOWN,NO,NO,2026-10-08T00:05:35Z
2021-06-12T04:00:00Z,2021-06-12T06:00,2021-06-12T06:15,25,58.44,58.44,,58.44,-1,DOWN,NO,NO,2026-10-08T00:05:35Z
2021-06-12T04:15:00Z,2021-06-12T06:15,2021-06-12T06:30,26,58.03,58.03,,58.03,-1,DOWN,NO,NO,2026-10-08T00:05:35Z
2021-06-12T04:30:00Z,2021-06-12T06:30,2021-06-12T06:45,27,68.64,68.64,,68.64,-1,DOWN,NO,NO,2026-10-08T00:05:35Z
2021-06-12T04:45:00Z,2021-06-12T06:45,2021-06-12T07:00,28,48.3,48.3,,,0,STABLE,NO,NO,2026-10-08T00:05:35Z
2021-06-12T05:00:00Z,2021-06-12T07:00,2021-06-12T07:15,29,53.25,53.25,,53.25,-1,DOWN,NO,NO,2026-10-08T00:05:35Z
2021-06-12T05:15:00Z,2021-06-12T07:15,2021-06-12T07:30,30,58.03,58.03,,58.03,-1,DOWN,NO,NO,2026-10-08T00:05:35Z
2021-06-12T05:30:00Z,2021-06-12T07:30,2021-06-12T07:45,31,55.48,55.48,,55.48,-1,DOWN,NO,NO,2026-10-08T00:05:35Z
2021-06-12T05:45:00Z,2021-06-12T07:45,2021-06-12T08:00,32,61.03,61.03,,61.03,-1,DOWN,NO,NO,2026-10-08T00:05:35Z
2021-06-12T06:00:00Z,2021-06-12T08:00,2021-06-12T08:15,33,56.32,56.32,,56.32,-1,DOWN,NO,NO,2026-10-08T00:05:35Z
2021-06-12T06:15:00Z,2021-06-12T08:15,2021-06-12T08:30,34,61.03,61.03,,61.03,-1,DOWN,NO,NO,2026-10-08T00:05:35Z
2021-06-12T06:30:00Z,2021-06-12T08:30,2021-06-12T08:45,35,43.32,43.32,,43.32,-1,DOWN,NO,NO,2026-10-08T00:05:35Z
2021-06-12T06:45:00Z,2021-06-12T08:45,2021-06-12T09:00,36,25,25,,25,-1,DOWN,NO,NO,2026-10-08T00:05:35Z
2021-06-12T07:00:00Z,2021-06-12T09:00,2021-06-12T09:15,37,25,25,,25,-1,DOWN,NO,NO,2026-10-08T00:05:35Z
2021-06-12T07:15:00Z,2021-06-12T09:15,2021-06-12T09:30,38,53.33,53.33,,,0,STABLE,NO,NO,2026-10-08T00:05:35Z
2021-06-12T07:30:00Z,2021-06-12T09:30,2021-06-12T09:45,39,55.48,55.48,,55.48,-1,DOWN,NO,NO,2026-10-08T00:05:35Z
2021-06-12T07:45:00Z,2021-06-12T09:45,2021-06-12T10:00,40,58.03,58.03,,58.03,-1,DOWN,NO,NO,2026-10-08T00:05:35Z
2021-06-12T08:00:00Z,2021-06-12T10:00,2021-06-12T10:15,41,61.03,61.03,,61.03,-1,DOWN,NO,NO,2026-10-08T00:05:35Z
2021-06-12T08:15:00Z,2021-06-12T10:15,2021-06-12T10:30,42,55.03,55.03,,55.03,-1,DOWN,NO,NO,2026-10-08T00:05:35Z
2021-06-12T08:30:00Z,2021-06-12T10:30,2021-06-12T10:45,43,48,48,,48,-1,DOWN,NO,NO,2026-10-08T00:05:35Z
2021-06-12T08:45:00Z,2021-06-12T10:45,2021-06-12T11:00,44,-30.39,-30.39,,-30.39,-1,DOWN,NO,NO,2026-10-08T00:05:35Z
2021-06-12T09:00:00Z,2021-06-12T11:00,2021-06-12T11:15,45,26.26,26.26,,26.26,-1,DOWN,NO,NO,2026-10-08T00:05:35Z
2021-06-12T09:15:00Z,2021-06-12T11:15,2021-06-12T11:30,46,48.95,48.95,,48.95,-1,DOWN,NO,NO,2026-10-08T00:05:35Z
2021-06-12T09:30:00Z,2021-06-12T11:30,2021-06-12T11:45,47,-162.44,-162.44,,-162.44,-1,DOWN,NO,NO,2026-10-08T00:05:35Z
2021-06-12T09:45:00Z,2021-06-12T11:45,2021-06-12T12:00,48,37.8,37.8,,37.8,-1,DOWN,NO,NO,2026-10-08T00:05:35Z
2021-06-12T10:00:00Z,2021-06-12T12:00,2021-06-12T12:15,49,414.56,414.56,414.56,37.8,1,UP,YES,NO,2026-10-08T00:05:35Z
2021-06-12T10:15:00Z,2021-06-12T12:15,2021-06-12T12:30,50,58.02,58.02,226.87,58.02,-1,DOWN,YES,NO,2026-10-08T00:05:35Z
2021-06-12T10:30:00Z,2021-06-12T12:30,2021-06-12T12:45,51,54.63,54.63,100.03,54.63,-1,DOWN,NO,NO,2026-10-08T00:05:35Z
2021-06-12T10:45:00Z,2021-06-12T12:45,2021-06-12T13:00,52,24.65,24.65,,24.65,-1,DOWN,NO,NO,2026-10-08T00:05:35Z
2021-06-12T11:00:00Z,2021-06-12T13:00,2021-06-12T13:15,53,52.56,52.56,,52.56,-1,DOWN,NO,NO,2026-10-08T00:05:35Z
2021-06-12T11:15:00Z,2021-06-12T13:15,2021-06-12T13:30,54,-192.99,-192.99,,-192.99,-1,DOWN,NO,NO,2026-10-08T00:05:35Z
2021-06-12T11:30:00Z,2021-06-12T13:30,2021-06-12T13:45,55,-192.99,-192.99,,-192.99,-1,DOWN,NO,NO,2026-10-08T00:05:35Z
2021-06-12T11:45:00Z,2021-06-12T13:45,2021-06-12T14:00,56,-79.83,-79.83,,-79.83,-1,DOWN,NO,NO,2026-10-08T00:05:35Z
2021-06-12T12:00:00Z,2021-06-12T14:00,2021-06-12T14:15,57,107,107,107,-79.83,1,UP,NO,NO,2026-10-08T00:05:35Z
2021-06-12T12:15:00Z,2021-06-12T14:15,2021-06-12T14:30,58,54.13,54.13,107,54.13,-1,DOWN,NO,NO,2026-10-08T00:05:35Z
2021-06-12T12:30:00Z,2021-06-12T14:30,2021-06-12T14:45,59,40.67,40.67,,40.67,-1,DOWN,NO,NO,2026-10-08T00:05:35Z
2021-06-12T12:45:00Z,2021-06-12T14:45,2021-06-12T15:00,60,44.96,44.96,,44.96,-1,DOWN,NO,NO,2026-10-08T00:05:35Z
2021-06-12T13:00:00Z,2021-06-12T15:00,2021-06-12T15:15,61,59.31,59.31,,59.31,-1,DOWN,NO,NO,2026-10-08T00:05:35Z
2021-06-12T13:15:00Z,2021-06-12T15:15,2021-06-12T15:30,62,57.81,57.81,,57.81,-1,DOWN,NO,NO,2026-10-08T00:05:35Z
2021-06-12T13:30:00Z,2021-06-12T15:30,2021-06-12T15:45,63,46.39,46.39,,46.39,-1,DOWN,NO,NO,2026-10-08T00:05:35Z
2021-06-12T13:45:00Z,2021-06-12T15:45,2021-06-12T16:00,64,31.85,31.85,,31.85,-1,DOWN,NO,NO,2026-10-08T00:05:35Z
2021-06-12T14:00:00Z,2021-06-12T16:00,2021-06-12T16:15,65,-201.56,-201.56,,-201.56,-1,DOWN,NO,NO,2026-10-08T00:05:35Z
2021-06-12T14:15:00Z,2021-06-12T16:15,2021-06-12T16:30,66,-103.64,-103.64,,-103.64,-1,DOWN,NO,NO,2026-10-08T00:05:35Z
2021-06-12T14:30:00Z,2021-06-12T16:30,2021-06-12T16:45,67,54.13,54.13,,54.13,-1,DOWN,NO,NO,2026-10-08T00:05:35Z
2021-06-12T14:45:00Z,2021-06-12T16:45,2021-06-12T17:00,68,70.03,70.03,70.03,54.13,1,UP,NO,NO,2026-10-08T00:05:35Z
2021-06-12T15:00:00Z,2021-06-12T17:00,2021-06-12T17:15,69,-19.59,-19.59,70.03,-19.59,-1,DOWN,NO,NO,2026-10-08T00:05:35Z
2021-06-12T15:15:00Z,2021-06-12T17:15,2021-06-12T17:30,70,318.25,318.25,318.25,50.45,1,UP,NO,NO,2026-10-08T00:05:35Z
2021-06-12T15:30:00Z,2021-06-12T17:30,2021-06-12T17:45,71,370.41,370.41,370.41,50.45,1,UP,NO,NO,2026-10-08T00:05:35Z
2021-06-12T15:45:00Z,2021-06-12T17:45,2021-06-12T18:00,72,370.41,370.41,370.41,,1,UP,NO,NO,2026-10-08T00:05:35Z
2021-06-12T16:00:00Z,2021-06-12T18:00,2021-06-12T18:15,73,49.92,49.92,370.41,49.92,-1,DOWN,NO,NO,2026-10-08T00:05:35Z
2021-06-12T16:15:00Z,2021-06-12T18:15,2021-06-12T18:30,74,56.81,33,50.59,33,2,UP_AND_DOWN,NO,NO,2026-10-08T00:05:35Z
2021-06-12T16:30:00Z,2021-06-12T18:30,2021-06-12T18:45,75,74,59.33,74,61.03,2,UP_AND_DOWN,NO,NO,2026-10-08T00:05:35Z
2021-06-12T16:45:00Z,2021-06-12T18:45,2021-06-12T19:00,76,49.92,49.92,,49.92,-1,DOWN,NO,NO,2026-10-08T00:05:35Z
2021-06-12T17:00:00Z,2021-06-12T19:00,2021-06-12T19:15,77,33.03,33.03,,33.03,-1,DOWN,NO,NO,2026-10-08T00:05:35Z
2021-06-12T17:15:00Z,2021-06-12T19:15,2021-06-12T19:30,78,60.7,60.7,,60.7,-1,DOWN,NO,NO,2026-10-08T00:05:35Z
2021-06-12T17:30:00Z,2021-06-12T19:30,2021-06-12T19:45,79,63.22,63.22,,63.22,-1,DOWN,NO,NO,2026-10-08T00:05:35Z
2021-06-12T17:45:00Z,2021-06-12T19:45,2021-06-12T20:00,80,57.5,57.5,,,0,STABLE,NO,NO,2026-10-08T00:05:35Z
2021-06-12T18:00:00Z,2021-06-12T20:00,2021-06-12T20:15,81,55.5,55.5,,55.5,-1,DOWN,NO,NO,2026-10-08T00:05:35Z
2021-06-12T18:15:00Z,2021-06-12T20:15,2021-06-12T20:30,82,58.42,58.42,,58.42,-1,DOWN,NO,NO,2026-10-08T00:05:35Z
2021-06-12T18:30:00Z,2021-06-12T20:30,2021-06-12T20:45,83,67.03,67.03,67.03,60.42,1,UP,NO,NO,2026-10-08T00:05:35Z
2021-06-12T18:45:00Z,2021-06-12T20:45,2021-06-12T21:00,84,120,120,120,,1,UP,NO,NO,2026-10-08T00:05:35Z
2021-06-12T19:00:00Z,2021-06-12T21:00,2021-06-12T21:15,85,74.49,74.49,74.49,,1,UP,NO,NO,2026-10-08T00:05:35Z
2021-06-12T19:15:00Z,2021-06-12T21:15,2021-06-12T21:30,86,71.04,71.04,71.04,,1,UP,NO,NO,2026-10-08T00:05:35Z
2021-06-12T19:30:00Z,2021-06-12T21:30,2021-06-12T21:45,87,73.95,73.95,73.95,,1,UP,NO,NO,2026-10-08T00:05:35Z
2021-06-12T19:45:00Z,2021-06-12T21:45,2021-06-12T22:00,88,78,78,78,,1,UP,NO,NO,2026-10-08T00:05:35Z
2021-06-12T20:00:00Z,2021-06-12T22:00,2021-06-12T22:15,89,188.32,188.32,188.32,,1,UP,NO,NO,2026-10-08T00:05:35Z
2021-06-12T20:15:00Z,2021-06-12T22:15,2021-06-12T22:30,90,318.25,318.25,318.25,,1,UP,NO,NO,2026-10-08T00:05:35Z
2021-06-12T20:30:00Z,2021-06-12T22:30,2021-06-12T22:45,91,92.95,92.95,92.95,,1,UP,NO,NO,2026-10-08T00:05:35Z
2021-06-12T20:45:00Z,2021-06-12T22:45,2021-06-12T23:00,92,123,123,123,,1,UP,NO,NO,2026-10-08T00:05:35Z
2021-06-12T21:00:00Z,2021-06-12T23:00,2021-06-12T23:15,93,84.9,84.9,84.9,,1,UP,NO,NO,2026-10-08T00:05:35Z
2021-06-12T21:15:00Z,2021-06-12T23:15,2021-06-12T23:30,94,83.66,83.66,83.66,,1,UP,NO,NO,2026-10-08T00:05:35Z
2021-06-12T21:30:00Z,2021-06-12T23:30,2021-06-12T23:45,95,73.72,73.72,73.72,,1,UP,NO,NO,2026-10-08T00:05:35Z
2021-06-12T21:45:00Z,2021-06-12T23:45,2021-06-13T00:00,96,55.42,55.42,73.72,55.42,-1,DOWN,NO,NO,2026-10-08T00:05:35Z
2021-06-12T22:00:00Z,2021-06-13T00:00,2021-06-13T00:15,1,618.3,43.57,618.3,43.57,2,UP_AND_DOWN,NO,NO,2026-10-08T00:05:35Z
2021-06-12T22:15:00Z,2021-06-13T00:15,2021-06-13T00:30,2,62.67,62.67,101.05,62.67,-1,DOWN,NO,NO,2026-10-08T00:05:35Z
2021-06-12T22:30:00Z,2021-06-13T00:30,2021-06-13T00:45,3,49.5,49.5,,49.5,-1,DOWN,NO,NO,2026-10-08T00:05:35Z
2021-06-12T22:45:00Z,2021-06-13T00:45,2021-06-13T01:00,4,18.21,18.21,,18.21,-1,DOWN,NO,NO,2026-10-08T00:05:35Z
2021-06-12T23:00:00Z,2021-06-13T01:00,2021-06-13T01:15,5,71.37,71.37,71.37,48.37,1,UP,NO,NO,2026-10-08T00:05:35Z
2021-06-12T23:15:00Z,2021-06-13T01:15,2021-06-13T01:30,6,77.2,62.72,77.2,62.72,2,UP_AND_DOWN,NO,NO,2026-10-08T00:05:35Z
2021-06-12T23:30:00Z,2021-06-13T01:30,2021-06-13T01:45,7,61.97,61.97,,61.97,-1,DOWN,NO,NO,2026-10-08T00:05:35Z
2021-06-12T23:45:00Z,2021-06-13T01:45,2021-06-13T02:00,8,63.47,63.47,,63.47,-1,DOWN,NO,NO,2026-10-08T00:05:35Z
2021-06-13T00:00:00Z,2021-06-13T02:00,2021-06-13T02:15,9,627.56,627.56,627.56,63.47,1,UP,NO,NO,2026-10-08T00:05:35Z
2021-06-13T00:15:00Z,2021-06-13T02:15,2021-06-13T02:30,10,39.63,39.63,135.62,39.63,-1,DOWN,NO,NO,2026-10-08T00:05:35Z
2021-06-13T00:30:00Z,2021-06-13T02:30,2021-06-13T02:45,11,36.65,36.65,135.62,36.65,-1,DOWN,NO,NO,2026-10-08T00:05:35Z
2021-06-13T00:45:00Z,2021-06-13T02:45,2021-06-13T03:00,12,61.34,61.34,,61.34,-1,DOWN,NO,NO,2026-10-08T00:05:35Z
2021-06-13T01:00:00Z,2021-06-13T03:00,2021-06-13T03:15,13,110,110,110,64.52,1,UP,NO,NO,2026-10-08T00:05:35Z
2021-06-13T01:15:00Z,2021-06-13T03:15,2021-06-13T03:30,14,78.67,78.67,78.67,,1,UP,NO,NO,2026-10-08T00:05:35Z
2021-06-13T01:30:00Z,2021-06-13T03:30,2021-06-13T03:45,15,110,61.63,110,61.63,2,UP_AND_DOWN,NO,NO,2026-10-08T00:05:35Z
2021-06-13T01:45:00Z,2021-06-13T03:45,2021-06-13T04:00,16,112,112,112,,1,UP,NO,NO,2026-10-08T00:05:35Z
2021-06-13T02:00:00Z,2021-06-13T04:00,2021-06-13T04:15,17,74.91,74.91,74.91,,1,UP,NO,NO,2026-10-08T00:05:35Z
2021-06-13T02:15:00Z,2021-06-13T04:15,2021-06-13T04:30,18,74.3,74.3,74.3,,1,UP,NO,NO,2026-10-08T00:05:35Z
2021-06-13T02:30:00Z,2021-06-13T04:30,2021-06-13T04:45,19,74.3,74.3,74.3,,1,UP,NO,NO,2026-10-08T00:05:35Z
2021-06-13T02:45:00Z,2021-06-13T04:45,2021-06-13T05:00,20,78.67,78.67,78.67,,1,UP,NO,NO,2026-10-08T00:05:35Z
2021-06-13T03:00:00Z,2021-06-13T05:00,2021-06-13T05:15,21,71.02,71.02,71.02,,1,UP,NO,NO,2026-10-08T00:05:35Z
2021-06-13T03:15:00Z,2021-06-13T05:15,2021-06-13T05:30,22,64.47,64.47,,,0,STABLE,NO,NO,2026-10-08T00:05:35Z
2021-06-13T03:30:00Z,2021-06-13T05:30,2021-06-13T05:45,23,64.42,64.42,64.42,,1,UP,NO,NO,2026-10-08T00:05:35Z
2021-06-13T03:45:00Z,2021-06-13T05:45,2021-06-13T06:00,24,64.08,64.08,,64.08,-1,DOWN,NO,NO,2026-10-08T00:05:35Z
2021-06-13T04:00:00Z,2021-06-13T06:00,2021-06-13T06:15,25,59.72,59.72,,59.72,-1,DOWN,NO,NO,2026-10-08T00:05:35Z
2021-06-13T04:15:00Z,2021-06-13T06:15,2021-06-13T06:30,26,60.68,60.68,,60.68,-1,DOWN,NO,NO,2026-10-08T00:05:35Z
2021-06-13T04:30:00Z,2021-06-13T06:30,2021-06-13T06:45,27,61.97,61.97,,61.97,-1,DOWN,NO,NO,2026-10-08T00:05:35Z
2021-06-13T04:45:00Z,2021-06-13T06:45,2021-06-13T07:00,28,61.97,61.97,,61.97,-1,DOWN,NO,NO,2026-10-08T00:05:35Z
2021-06-13T05:00:00Z,2021-06-13T07:00,2021-06-13T07:15,29,62.21,62.21,,,0,STABLE,NO,NO,2026-10-08T00:05:35Z
2021-06-13T05:15:00Z,2021-06-13T07:15,2021-06-13T07:30,30,59.72,59.72,,59.72,-1,DOWN,NO,NO,2026-10-08T00:05:35Z
2021-06-13T05:30:00Z,2021-06-13T07:30,2021-06-13T07:45,31,25,25,,25,-1,DOWN,NO,NO,2026-10-08T00:05:35Z
2021-06-13T05:45:00Z,2021-06-13T07:45,2021-06-13T08:00,32,25,25,,25,-1,DOWN,NO,NO,2026-10-08T00:05:35Z
2021-06-13T06:00:00Z,2021-06-13T08:00,2021-06-13T08:15,33,-97,-97,,-97,-1,DOWN,NO,NO,2026-10-08T00:05:35Z
2021-06-13T06:15:00Z,2021-06-13T08:15,2021-06-13T08:30,34,-187,-187,,-187,-1,DOWN,NO,NO,2026-10-08T00:05:35Z
2021-06-13T06:30:00Z,2021-06-13T08:30,2021-06-13T08:45,35,-187,-187,,-187,-1,DOWN,NO,NO,2026-10-08T00:05:35Z
2021-06-13T06:45:00Z,2021-06-13T08:45,2021-06-13T09:00,36,-187,-187,,-187,-1,DOWN,NO,NO,2026-10-08T00:05:35Z
2021-06-13T07:00:00Z,2021-06-13T09:00,2021-06-13T09:15,37,65.11,-31.43,65.11,-31.43,2,UP_AND_DOWN,NO,NO,2026-10-08T00:05:35Z
2021-06-13T07:15:00Z,2021-06-13T09:15,2021-06-13T09:30,38,38.91,38.91,65.11,38.91,-1,DOWN,NO,NO,2026-10-08T00:05:35Z
2021-06-13T07:30:00Z,2021-06-13T09:30,2021-06-13T09:45,39,4.86,4.86,,4.86,-1,DOWN,NO,NO,2026-10-08T00:05:35Z
2021-06-13T07:45:00Z,2021-06-13T09:45,2021-06-13T10:00,40,-191.09,-191.09,,-191.09,-1,DOWN,NO,NO,2026-10-08T00:05:35Z
2021-06-13T08:00:00Z,2021-06-13T10:00,2021-06-13T10:15,41,66.68,66.68,66.68,-191.09,1,UP,NO,NO,2026-10-08T00:05:35Z
2021-06-13T08:15:00Z,2021-06-13T10:15,2021-06-13T10:30,42,64.51,64.51,,64.51,-1,DOWN,NO,NO,2026-10-08T00:05:35Z
2021-06-13T08:30:00Z,2021-06-13T10:30,2021-06-13T10:45,43,27.57,27.57,,27.57,-1,DOWN,NO,NO,2026-10-08T00:05:35Z
2021-06-13T08:45:00Z,2021-06-13T10:45,2021-06-13T11:00,44,15.07,15.07,,15.07,-1,DOWN,NO,NO,2026-10-08T00:05:35Z
2021-06-13T09:00:00Z,2021-06-13T11:00,2021-06-13T11:15,45,69.68,69.68,69.68,32.44,1,UP,NO,NO,2026-10-08T00:05:35Z
2021-06-13T09:15:00Z,2021-06-13T11:15,2021-06-13T11:30,46,63.07,63.07,69.68,63.07,-1,DOWN,NO,NO,2026-10-08T00:05:35Z
2021-06-13T09:30:00Z,2021-06-13T11:30,2021-06-13T11:45,47,57.57,57.57,,57.57,-1,DOWN,NO,NO,2026-10-08T00:05:35Z
2021-06-13T09:45:00Z,2021-06-13T11:45,2021-06-13T12:00,48,60.19,60.19,,60.19,-1,DOWN,NO,NO,2026-10-08T00:05:35Z
2021-06-13T10:00:00Z,2021-06-13T12:00,2021-06-13T12:15,49,74.09,74.09,74.09,60.19,1,UP,NO,NO,2026-10-08T00:05:35Z
2021-06-13T10:15:00Z,2021-06-13T12:15,2021-06-13T12:30,50,69.68,69.68,69.68,,1,UP,NO,NO,2026-10-08T00:05:35Z
2021-06-13T10:30:00Z,2021-06-13T12:30,2021-06-13T12:45,51,58.84,58.84,58.84,,1,UP,NO,NO,2026-10-08T00:05:35Z
2021-06-13T10:45:00Z,2021-06-13T12:45,2021-06-13T13:00,52,61.68,61.68,,,0,STABLE,NO,NO,2026-10-08T00:05:35Z
2021-06-13T11:00:00Z,2021-06-13T13:00,2021-06-13T13:15,53,61.68,61.68,,,0,STABLE,NO,NO,2026-10-08T00:05:35Z
2021-06-13T11:15:00Z,2021-06-13T13:15,2021-06-13T13:30,54,52.75,52.75,,52.75,-1,DOWN,NO,NO,2026-10-08T00:05:35Z
2021-06-13T11:30:00Z,2021-06-13T13:30,2021-06-13T13:45,55,-3.85,-3.85,,-3.85,-1,DOWN,NO,NO,2026-10-08T00:05:35Z
2021-06-13T11:45:00Z,2021-06-13T13:45,2021-06-13T14:00,56,-1.82,-1.82,,-1.82,-1,DOWN,NO,NO,2026-10-08T00:05:35Z
2021-06-13T12:00:00Z,2021-06-13T14:00,2021-06-13T14:15,57,3.61,3.61,,3.61,-1,DOWN,NO,NO,2026-10-08T00:05:35Z
2021-06-13T12:15:00Z,2021-06-13T14:15,2021-06-13T14:30,58,-3.85,-3.85,,-3.85,-1,DOWN,NO,NO,2026-10-08T00:05:35Z
2021-06-13T12:30:00Z,2021-06-13T14:30,2021-06-13T14:45,59,32.48,32.48,,32.48,-1,DOWN,NO,NO,2026-10-08T00:05:35Z
2021-06-13T12:45:00Z,2021-06-13T14:45,2021-06-13T15:00,60,31.39,31.39,,31.39,-1,DOWN,NO,NO,2026-10-08T00:05:35Z
2021-06-13T13:00:00Z,2021-06-13T15:00,2021-06-13T15:15,61,43.77,43.77,,43.77,-1,DOWN,NO,NO,2026-10-08T00:05:35Z
2021-06-13T13:15:00Z,2021-06-13T15:15,2021-06-13T15:30,62,47.52,47.52,,47.52,-1,DOWN,NO,NO,2026-10-08T00:05:35Z
2021-06-13T13:30:00Z,2021-06-13T15:30,2021-06-13T15:45,63,64.35,64.35,64.35,55.62,1,UP,NO,NO,2026-10-08T00:05:35Z
2021-06-13T13:45:00Z,2021-06-13T15:45,2021-06-13T16:00,64,64.36,64.36,64.36,,1,UP,NO,NO,2026-10-08T00:05:35Z
2021-06-13T14:00:00Z,2021-06-13T16:00,2021-06-13T16:15,65,23.03,23.03,64.36,23.03,-1,DOWN,NO,NO,2026-10-08T00:05:35Z
2021-06-13T14:15:00Z,2021-06-13T16:15,2021-06-13T16:30,66,46.28,46.28,,46.28,-1,DOWN,NO,NO,2026-10-08T00:05:35Z
2021-06-13T14:30:00Z,2021-06-13T16:30,2021-06-13T16:45,67,69.68,69.68,69.68,46.28,1,UP,NO,NO,2026-10-08T00:05:35Z
2021-06-13T14:45:00Z,2021-06-13T16:45,2021-06-13T17:00,68,69.68,69.68,69.68,,1,UP,NO,NO,2026-10-08T00:05:35Z
2021-06-13T15:00:00Z,2021-06-13T17:00,2021-06-13T17:15,69,-180.34,-180.34,69.68,-180.34,-1,DOWN,NO,NO,2026-10-08T00:05:35Z
2021-06-13T15:15:00Z,2021-06-13T17:15,2021-06-13T17:30,70,-180.34,-180.34,,-180.34,-1,DOWN,NO,NO,2026-10-08T00:05:35Z
2021-06-13T15:30:00Z,2021-06-13T17:30,2021-06-13T17:45,71,106,106,106,-180.34,1,UP,NO,NO,2026-10-08T00:05:35Z
2021-06-13T15:45:00Z,2021-06-13T17:45,2021-06-13T18:00,72,164.77,164.77,164.77,,1,UP,NO,NO,2026-10-08T00:05:35Z
2021-06-13T16:00:00Z,2021-06-13T18:00,2021-06-13T18:15,73,61.97,61.97,164.77,61.97,-1,DOWN,NO,NO,2026-10-08T00:05:35Z
2021-06-13T16:15:00Z,2021-06-13T18:15,2021-06-13T18:30,74,101.05,63.47,101.05,63.47,2,UP_AND_DOWN,NO,NO,2026-10-08T00:05:35Z
2021-06-13T16:30:00Z,2021-06-13T18:30,2021-06-13T18:45,75,187.63,187.63,187.63,,1,UP,NO,NO,2026-10-08T00:05:35Z
2021-06-13T16:45:00Z,2021-06-13T18:45,2021-06-13T19:00,76,65.6,65.6,,,0,STABLE,NO,NO,2026-10-08T00:05:35Z
2021-06-13T17:00:00Z,2021-06-13T19:00,2021-06-13T19:15,77,59,59,,59,-1,DOWN,NO,NO,2026-10-08T00:05:35Z
2021-06-13T17:15:00Z,2021-06-13T19:15,2021-06-13T19:30,78,80,62.45,80,62.45,2,UP_AND_DOWN,NO,NO,2026-10-08T00:05:35Z
2021-06-13T17:30:00Z,2021-06-13T19:30,2021-06-13T19:45,79,234.38,234.38,234.38,,1,UP,NO,NO,2026-10-08T00:05:35Z
2021-06-13T17:45:00Z,2021-06-13T19:45,2021-06-13T20:00,80,707.61,707.61,707.61,,1,UP,NO,NO,2026-10-08T00:05:35Z
2021-06-13T18:00:00Z,2021-06-13T20:00,2021-06-13T20:15,81,71.67,62.28,71.67,62.28,2,UP_AND_DOWN,NO,NO,2026-10-08T00:05:35Z
2021-06-13T18:15:00Z,2021-06-13T20:15,2021-06-13T20:30,82,86.05,86.05,86.05,,1,UP,NO,NO,2026-10-08T00:05:35Z
2021-06-13T18:30:00Z,2021-06-13T20:30,2021-06-13T20:45,83,569.94,569.94,569.94,,1,UP,NO,NO,2026-10-08T00:05:35Z
2021-06-13T18:45:00Z,2021-06-13T20:45,2021-06-13T21:00,84,172.05,172.05,172.05,,1,UP,NO,NO,2026-10-08T00:05:35Z
2021-06-13T19:00:00Z,2021-06-13T21:00,2021-06-13T21:15,85,83.1,59.22,83.1,59.22,2,UP_AND_DOWN,NO,NO,2026-10-08T00:05:35Z
2021-06-13T19:15:00Z,2021-06-13T21:15,2021-06-13T21:30,86,65.6,65.6,,,0,STABLE,NO,NO,2026-10-08T00:05:35Z
2021-06-13T19:30:00Z,2021-06-13T21:30,2021-06-13T21:45,87,65.6,65.6,,,0,STABLE,NO,NO,2026-10-08T00:05:35Z
2021-06-13T19:45:00Z,2021-06-13T21:45,2021-06-13T22:00,88,100.96,100.96,100.96,,1,UP,NO,NO,2026-10-08T00:05:35Z
2021-06-13T20:00:00Z,2021-06-13T22:00,2021-06-13T22:15,89,66.68,66.68,66.68,,1,UP,NO,NO,2026-10-08T00:05:35Z
2021-06-13T20:15:00Z,2021-06-13T22:15,2021-06-13T22:30,90,65.6,65.6,,,0,STABLE,NO,NO,2026-10-08T00:05:35Z
2021-06-13T20:30:00Z,2021-06-13T22:30,2021-06-13T22:45,91,65.6,65.6,,,0,STABLE,NO,NO,2026-10-08T00:05:35Z
2021-06-13T20:45:00Z,2021-06-13T22:45,2021-06-13T23:00,92,64.16,64.16,,64.16,-1,DOWN,NO,NO,2026-10-08T00:05:35Z
2021-06-13T21:00:00Z,2021-06-13T23:00,2021-06-13T23:15,93,78.67,64.16,78.67,64.16,2,UP_AND_DOWN,NO,NO,2026-10-08T00:05:35Z
2021-06-13T21:15:00Z,2021-06-13T23:15,2021-06-13T23:30,94,80.01,80.01,80.01,,1,UP,NO,NO,2026-10-08T00:05:35Z
2021-06-13T21:30:00Z,2021-06-13T23:30,2021-06-13T23:45,95,60.39,60.39,80.01,60.39,-1,DOWN,NO,NO,2026-10-08T00:05:35Z
2021-06-13T21:45:00Z,2021-06-13T23:45,2021-06-14T00:00,96,4.48,4.48,,4.48,-1,DOWN,NO,NO,2026-10-08T00:05:35Z
2021-06-13T22:00:00Z,2021-06-14T00:00,2021-06-14T00:15,1,318.25,57.9,318.25,57.9,2,UP_AND_DOWN,NO,NO,2026-10-08T00:05:35Z
2021-06-13T22:15:00Z,2021-06-14T00:15,2021-06-14T00:30,2,82.68,82.68,82.68,,1,UP,NO,NO,2026-10-08T00:05:35Z
2021-06-13T22:30:00Z,2021-06-14T00:30,2021-06-14T00:45,3,58.08,58.08,,58.08,-1,DOWN,NO,NO,2026-10-08T00:05:35Z
2021-06-13T22:45:00Z,2021-06-14T00:45,2021-06-14T01:00,4,63.69,63.69,,,0,STABLE,NO,NO,2026-10-08T00:05:35Z
2021-06-13T23:00:00Z,2021-06-14T01:00,2021-06-14T01:15,5,72.12,72.12,72.12,,1,UP,NO,NO,2026-10-08T00:05:35Z
2021-06-13T23:15:00Z,2021-06-14T01:15,2021-06-14T01:30,6,70.25,70.25,70.25,,1,UP,NO,NO,2026-10-08T00:05:35Z
2021-06-13T23:30:00Z,2021-06-14T01:30,2021-06-14T01:45,7,62.45,62.45,,,0,STABLE,NO,NO,2026-10-08T00:05:35Z
2021-06-13T23:45:00Z,2021-06-14T01:45,2021-06-14T02:00,8,62.45,62.45,,,0,STABLE,NO,NO,2026-10-08T00:05:35Z
2021-06-14T00:00:00Z,2021-06-14T02:00,2021-06-14T02:15,9,75.37,75.37,75.37,,1,UP,NO,NO,2026-10-08T00:05:35Z
2021-06-14T00:15:00Z,2021-06-14T02:15,2021-06-14T02:30,10,70.18,70.18,70.18,,1,UP,NO,NO,2026-10-08T00:05:35Z
2021-06-14T00:30:00Z,2021-06-14T02:30,2021-06-14T02:45,11,55.08,55.08,70.18,55.08,-1,DOWN,NO,NO,2026-10-08T00:05:35Z
2021-06-14T00:45:00Z,2021-06-14T02:45,2021-06-14T03:00,12,47.28,47.28,,47.28,-1,DOWN,NO,NO,2026-10-08T00:05:35Z
2021-06-14T01:00:00Z,2021-06-14T03:00,2021-06-14T03:15,13,74.26,57.1,74.26,57.1,2,UP_AND_DOWN,NO,NO,2026-10-08T00:05:35Z
2021-06-14T01:15:00Z,2021-06-14T03:15,2021-06-14T03:30,14,64.51,64.51,64.51,57.1,1,UP,NO,NO,2026-10-08T00:05:35Z
2021-06-14T01:30:00Z,2021-06-14T03:30,2021-06-14T03:45,15,58.08,58.08,,58.08,-1,DOWN,NO,NO,2026-10-08T00:05:35Z
2021-06-14T01:45:00Z,2021-06-14T03:45,2021-06-14T04:00,16,57.9,57.9,,57.9,-1,DOWN,NO,NO,2026-10-08T00:05:35Z
2021-06-14T02:00:00Z,2021-06-14T04:00,2021-06-14T04:15,17,55.08,55.08,,55.08,-1,DOWN,NO,NO,2026-10-08T00:05:35Z
2021-06-14T02:15:00Z,2021-06-14T04:15,2021-06-14T04:30,18,60.08,60.08,,60.08,-1,DOWN,NO,NO,2026-10-08T00:05:35Z
2021-06-14T02:30:00Z,2021-06-14T04:30,2021-06-14T04:45,19,60.08,60.08,,60.08,-1,DOWN,NO,NO,2026-10-08T00:05:35Z
2021-06-14T02:45:00Z,2021-06-14T04:45,2021-06-14T05:00,20,58.08,58.08,,58.08,-1,DOWN,NO,NO,2026-10-08T00:05:35Z
2021-06-14T03:00:00Z,2021-06-14T05:00,2021-06-14T05:15,21,58.08,58.08,,58.08,-1,DOWN,NO,NO,2026-10-08T00:05:35Z
2021-06-14T03:15:00Z,2021-06-14T05:15,2021-06-14T05:30,22,62.41,62.41,,,0,STABLE,NO,NO,2026-10-08T00:05:35Z
2021-06-14T03:30:00Z,2021-06-14T05:30,2021-06-14T05:45,23,85,85,85,,1,UP,NO,NO,2026-10-08T00:05:35Z
2021-06-14T03:45:00Z,2021-06-14T05:45,2021-06-14T06:00,24,75.65,75.65,75.65,,1,UP,NO,NO,2026-10-08T00:05:35Z
2021-06-14T04:00:00Z,2021-06-14T06:00,2021-06-14T06:15,25,154.31,154.31,154.31,,1,UP,NO,NO,2026-10-08T00:05:35Z
2021-06-14T04:15:00Z,2021-06-14T06:15,2021-06-14T06:30,26,75.29,75.29,75.29,,1,UP,NO,NO,2026-10-08T00:05:35Z
2021-06-14T04:30:00Z,2021-06-14T06:30,2021-06-14T06:45,27,81.41,81.41,81.41,,1,UP,NO,NO,2026-10-08T00:05:35Z
2021-06-14T04:45:00Z,2021-06-14T06:45,2021-06-14T07:00,28,71.56,71.56,71.56,,1,UP,NO,NO,2026-10-08T00:05:35Z
2021-06-14T05:00:00Z,2021-06-14T07:00,2021-06-14T07:15,29,58.01,58.01,71.56,58.01,-1,DOWN,NO,NO,2026-10-08T00:05:35Z
2021-06-14T05:15:00Z,2021-06-14T07:15,2021-06-14T07:30,30,64.97,64.97,,,0,STABLE,NO,NO,2026-10-08T00:05:35Z
2021-06-14T05:30:00Z,2021-06-14T07:30,2021-06-14T07:45,31,46.57,46.57,,46.57,-1,DOWN,NO,NO,2026-10-08T00:05:35Z
2021-06-14T05:45:00Z,2021-06-14T07:45,2021-06-14T08:00,32,45.66,45.66,,45.66,-1,DOWN,NO,NO,2026-10-08T00:05:35Z
2021-06-14T06:00:00Z,2021-06-14T08:00,2021-06-14T08:15,33,71.82,52.01,71.82,52.01,2,UP_AND_DOWN,NO,NO,2026-10-08T00:05:35Z
2021-06-14T06:15:00Z,2021-06-14T08:15,2021-06-14T08:30,34,64.74,64.74,,,0,STABLE,NO,NO,2026-10-08T00:05:35Z
2021-06-14T06:30:00Z,2021-06-14T08:30,2021-06-14T08:45,35,58.01,58.01,,58.01,-1,DOWN,NO,NO,2026-10-08T00:05:35Z
2021-06-14T06:45:00Z,2021-06-14T08:45,2021-06-14T09:00,36,18.91,18.91,,18.91,-1,DOWN,NO,NO,2026-10-08T00:05:35Z
2021-06-14T07:00:00Z,2021-06-14T09:00,2021-06-14T09:15,37,318.25,57.9,318.25,57.9,2,UP_AND_DOWN,NO,NO,2026-10-08T00:05:35Z
2021-06-14T07:15:00Z,2021-06-14T09:15,2021-06-14T09:30,38,80,80,80,,1,UP,NO,NO,2026-10-08T00:05:35Z
2021-06-14T07:30:00Z,2021-06-14T09:30,2021-06-14T09:45,39,55.01,55.01,80,55.01,-1,DOWN,NO,NO,2026-10-08T00:05:35Z
2021-06-14T07:45:00Z,2021-06-14T09:45,2021-06-14T10:00,40,55.01,55.01,,55.01,-1,DOWN,NO,NO,2026-10-08T00:05:35Z
2021-06-14T08:00:00Z,2021-06-14T10:00,2021-06-14T10:15,41,58.01,58.01,,58.01,-1,DOWN,NO,NO,2026-10-08T00:05:35Z
2021-06-14T08:15:00Z,2021-06-14T10:15,2021-06-14T10:30,42,63.77,63.77,,,0,STABLE,NO,NO,2026-10-08T00:05:35Z
2021-06-14T08:30:00Z,2021-06-14T10:30,2021-06-14T10:45,43,63.77,63.77,,,0,STABLE,NO,NO,2026-10-08T00:05:35Z
2021-06-14T08:45:00Z,2021-06-14T10:45,2021-06-14T11:00,44,60.01,60.01,,60.01,-1,DOWN,NO,NO,2026-10-08T00:05:35Z
2021-06-14T09:00:00Z,2021-06-14T11:00,2021-06-14T11:15,45,60.01,60.01,,60.01,-1,DOWN,NO,NO,2026-10-08T00:05:35Z
2021-06-14T09:15:00Z,2021-06-14T11:15,2021-06-14T11:30,46,63.69,63.69,,,0,STABLE,NO,NO,2026-10-08T00:05:35Z
2021-06-14T09:30:00Z,2021-06-14T11:30,2021-06-14T11:45,47,63.7,63.7,,,0,STABLE,NO,NO,2026-10-08T00:05:35Z
2021-06-14T09:45:00Z,2021-06-14T11:45,2021-06-14T12:00,48,52.01,52.01,,52.01,-1,DOWN,NO,NO,2026-10-08T00:05:35Z
2021-06-14T10:00:00Z,2021-06-14T12:00,2021-06-14T12:15,49,64.4,52.01,64.4,52.01,2,UP_AND_DOWN,NO,NO,2026-10-08T00:05:35Z
2021-06-14T10:15:00Z,2021-06-14T12:15,2021-06-14T12:30,50,64.4,64.4,64.4,,1,UP,NO,NO,2026-10-08T00:05:35Z
2021-06-14T10:30:00Z,2021-06-14T12:30,2021-06-14T12:45,51,65.15,65.15,65.15,,1,UP,NO,NO,2026-10-08T00:05:35Z
2021-06-14T10:45:00Z,2021-06-14T12:45,2021-06-14T13:00,52,62.36,62.36,,,0,STABLE,NO,NO,2026-10-08T00:05:35Z
2021-06-14T11:00:00Z,2021-06-14T13:00,2021-06-14T13:15,53,67.52,67.52,67.52,,1,UP,NO,NO,2026-10-08T00:05:35Z
2021-06-14T11:15:00Z,2021-06-14T13:15,2021-06-14T13:30,54,68.62,68.62,68.62,,1,UP,NO,NO,2026-10-08T00:05:35Z
2021-06-14T11:30:00Z,2021-06-14T13:30,2021-06-14T13:45,55,72.83,72.83,72.83,,1,UP,NO,NO,2026-10-08T00:05:35Z
2021-06-14T11:45:00Z,2021-06-14T13:45,2021-06-14T14:00,56,67.52,67.52,67.52,,1,UP,NO,NO,2026-10-08T00:05:35Z
2021-06-14T12:00:00Z,2021-06-14T14:00,2021-06-14T14:15,57,65.15,65.15,65.15,,1,UP,NO,NO,2026-10-08T00:05:35Z
2021-06-14T12:15:00Z,2021-06-14T14:15,2021-06-14T14:30,58,68.9,68.9,68.9,,1,UP,NO,NO,2026-10-08T00:05:35Z
2021-06-14T12:30:00Z,2021-06-14T14:30,2021-06-14T14:45,59,71.9,71.9,71.9,,1,UP,NO,NO,2026-10-08T00:05:35Z
2021-06-14T12:45:00Z,2021-06-14T14:45,2021-06-14T15:00,60,75.65,75.65,75.65,,1,UP,NO,NO,2026-10-08T00:05:35Z
2021-06-14T13:00:00Z,2021-06-14T15:00,2021-06-14T15:15,61,58.72,58.72,68.3,58.72,-1,DOWN,NO,NO,2026-10-08T00:05:35Z
2021-06-14T13:15:00Z,2021-06-14T15:15,2021-06-14T15:30,62,64.52,64.52,64.52,58.72,1,UP,NO,NO,2026-10-08T00:05:35Z
2021-06-14T13:30:00Z,2021-06-14T15:30,2021-06-14T15:45,63,67.52,67.52,67.52,,1,UP,NO,NO,2026-10-08T00:05:35Z
2021-06-14T13:45:00Z,2021-06-14T15:45,2021-06-14T16:00,64,67.06,67.06,67.06,,1,UP,NO,NO,2026-10-08T00:05:35Z
2021-06-14T14:00:00Z,2021-06-14T16:00,2021-06-14T16:15,65,62.41,62.41,,,0,STABLE,NO,NO,2026-10-08T00:05:35Z
2021-06-14T14:15:00Z,2021-06-14T16:15,2021-06-14T16:30,66,62.41,62.41,,,0,STABLE,NO,NO,2026-10-08T00:05:35Z
2021-06-14T14:30:00Z,2021-06-14T16:30,2021-06-14T16:45,67,62.46,62.46,,,0,STABLE,NO,NO,2026-10-08T00:05:35Z
2021-06-14T14:45:00Z,2021-06-14T16:45,2021-06-14T17:00,68,62.41,62.41,,,0,STABLE,NO,NO,2026-10-08T00:05:35Z
2021-06-14T15:00:00Z,2021-06-14T17:00,2021-06-14T17:15,69,-117.92,-117.92,,-117.92,-1,DOWN,NO,NO,2026-10-08T00:05:35Z
2021-06-14T15:15:00Z,2021-06-14T17:15,2021-06-14T17:30,70,45.59,45.59,,45.59,-1,DOWN,NO,NO,2026-10-08T00:05:35Z
2021-06-14T15:30:00Z,2021-06-14T17:30,2021-06-14T17:45,71,60.01,60.01,,60.01,-1,DOWN,NO,NO,2026-10-08T00:05:35Z
2021-06-14T15:45:00Z,2021-06-14T17:45,2021-06-14T18:00,72,52.01,52.01,,52.01,-1,DOWN,NO,NO,2026-10-08T00:05:35Z
2021-06-14T16:00:00Z,2021-06-14T18:00,2021-06-14T18:15,73,-111.15,-111.15,,-111.15,-1,DOWN,NO,NO,2026-10-08T00:05:35Z
2021-06-14T16:15:00Z,2021-06-14T18:15,2021-06-14T18:30,74,47.21,47.21,,47.21,-1,DOWN,NO,NO,2026-10-08T00:05:35Z
2021-06-14T16:30:00Z,2021-06-14T18:30,2021-06-14T18:45,75,66.24,66.24,,,0,STABLE,NO,NO,2026-10-08T00:05:35Z
2021-06-14T16:45:00Z,2021-06-14T18:45,2021-06-14T19:00,76,66.24,66.24,,,0,STABLE,NO,NO,2026-10-08T00:05:35Z
2021-06-14T17:00:00Z,2021-06-14T19:00,2021-06-14T19:15,77,97.13,97.13,97.13,,1,UP,NO,NO,2026-10-08T00:05:35Z
2021-06-14T17:15:00Z,2021-06-14T19:15,2021-06-14T19:30,78,73,73,73,,1,UP,NO,NO,2026-10-08T00:05:35Z
2021-06-14T17:30:00Z,2021-06-14T19:30,2021-06-14T19:45,79,212.96,212.96,212.96,,1,UP,NO,NO,2026-10-08T00:05:35Z
2021-06-14T17:45:00Z,2021-06-14T19:45,2021-06-14T20:00,80,523.58,523.58,523.58,,1,UP,NO,NO,2026-10-08T00:05:35Z
2021-06-14T18:00:00Z,2021-06-14T20:00,2021-06-14T20:15,81,70.9,60.01,70.9,60.01,2,UP_AND_DOWN,NO,NO,2026-10-08T00:05:35Z
2021-06-14T18:15:00Z,2021-06-14T20:15,2021-06-14T20:30,82,74.93,74.93,74.93,60.01,1,UP,NO,NO,2026-10-08T00:05:35Z
2021-06-14T18:30:00Z,2021-06-14T20:30,2021-06-14T20:45,83,87,87,87,,1,UP,NO,NO,2026-10-08T00:05:35Z
2021-06-14T18:45:00Z,2021-06-14T20:45,2021-06-14T21:00,84,118.3,118.3,118.3,,1,UP,NO,NO,2026-10-08T00:05:35Z
2021-06-14T19:00:00Z,2021-06-14T21:00,2021-06-14T21:15,85,70.2,70.2,67.74,70.2,-1,DOWN,NO,NO,2026-10-08T00:05:35Z
2021-06-14T19:15:00Z,2021-06-14T21:15,2021-06-14T21:30,86,70.43,70.43,,70.43,-1,DOWN,NO,NO,2026-10-08T00:05:35Z
2021-06-14T19:30:00Z,2021-06-14T21:30,2021-06-14T21:45,87,68.75,68.75,,,0,STABLE,NO,NO,2026-10-08T00:05:35Z
2021-06-14T19:45:00Z,2021-06-14T21:45,2021-06-14T22:00,88,51.66,51.66,,51.66,-1,DOWN,NO,NO,2026-10-08T00:05:35Z
2021-06-14T20:00:00Z,2021-06-14T22:00,2021-06-14T22:15,89,50.5,50.5,,50.5,-1,DOWN,NO,NO,2026-10-08T00:05:35Z
2021-06-14T20:15:00Z,2021-06-14T22:15,2021-06-14T22:30,90,68.75,68.75,,,0,STABLE,NO,NO,2026-10-08T00:05:35Z
2021-06-14T20:30:00Z,2021-06-14T22:30,2021-06-14T22:45,91,62.51,62.51,,62.51,-1,DOWN,NO,NO,2026-10-08T00:05:35Z
2021-06-14T20:45:00Z,2021-06-14T22:45,2021-06-14T23:00,92,52.01,52.01,,52.01,-1,DOWN,NO,NO,2026-10-08T00:05:35Z
2021-06-14T21:00:00Z,2021-06-14T23:00,2021-06-14T23:15,93,70.89,52.01,70.89,52.01,2,UP_AND_DOWN,NO,NO,2026-10-08T00:05:35Z
2021-06-14T21:15:00Z,2021-06-14T23:15,2021-06-14T23:30,94,62.1,62.1,,62.1,-1,DOWN,NO,NO,2026-10-08T00:05:35Z
2021-06-14T21:30:00Z,2021-06-14T23:30,2021-06-14T23:45,95,59.19,59.19,,59.19,-1,DOWN,NO,NO,2026-10-08T00:05:35Z
2021-06-14T21:45:00Z,2021-06-14T23:45,2021-06-15T00:00,96,52.01,52.01,,52.01,-1,DOWN,NO,NO,2026-10-08T00:05:35Z
2021-06-14T22:00:00Z,2021-06-15T00:00,2021-06-15T00:15,1,58.65,58.65,,58.65,-1,DOWN,NO,NO,2026-10-08T00:05:35Z
2021-06-14T22:15:00Z,2021-06-15T00:15,2021-06-15T00:30,2,64.51,64.51,64.51,58.65,1,UP,NO,NO,2026-10-08T00:05:35Z
2021-06-14T22:30:00Z,2021-06-15T00:30,2021-06-15T00:45,3,65.01,65.01,,,0,STABLE,NO,NO,2026-10-08T00:05:35Z
2021-06-14T22:45:00Z,2021-06-15T00:45,2021-06-15T01:00,4,65,65,,,0,STABLE,NO,NO,2026-10-08T00:05:35Z
2021-06-14T23:00:00Z,2021-06-15T01:00,2021-06-15T01:15,5,85.3,85.3,85.3,,1,UP,NO,NO,2026-10-08T00:05:35Z
2021-06-14T23:15:00Z,2021-06-15T01:15,2021-06-15T01:30,6,211.37,211.37,211.37,,1,UP,NO,NO,2026-10-08T00:05:35Z
2021-06-14T23:30:00Z,2021-06-15T01:30,2021-06-15T01:45,7,65.01,65.01,,,0,STABLE,NO,NO,2026-10-08T00:05:35Z
2021-06-14T23:45:00Z,2021-06-15T01:45,2021-06-15T02:00,8,65.01,65.01,,,0,STABLE,NO,NO,2026-10-08T00:05:35Z
2021-06-15T00:00:00Z,2021-06-15T02:00,2021-06-15T02:15,9,65.07,65.07,,,0,STABLE,NO,NO,2026-10-08T00:05:35Z
2021-06-15T00:15:00Z,2021-06-15T02:15,2021-06-15T02:30,10,65.02,65.02,,,0,STABLE,NO,NO,2026-10-08T00:05:35Z
2021-06-15T00:30:00Z,2021-06-15T02:30,2021-06-15T02:45,11,65.03,65.03,,,0,STABLE,NO,NO,2026-10-08T00:05:35Z
2021-06-15T00:45:00Z,2021-06-15T02:45,2021-06-15T03:00,12,60.65,60.65,,60.65,-1,DOWN,NO,NO,2026-10-08T00:05:35Z
2021-06-15T01:00:00Z,2021-06-15T03:00,2021-06-15T03:15,13,82.58,64.04,82.58,64.04,2,UP_AND_DOWN,NO,NO,2026-10-08T00:05:35Z
2021-06-15T01:15:00Z,2021-06-15T03:15,2021-06-15T03:30,14,69.14,69.14,69.14,,1,UP,NO,NO,2026-10-08T00:05:35Z
2021-06-15T01:30:00Z,2021-06-15T03:30,2021-06-15T03:45,15,64.61,64.61,64.61,,1,UP,NO,NO,2026-10-08T00:05:35Z
2021-06-15T01:45:00Z,2021-06-15T03:45,2021-06-15T04:00,16,66.74,66.74,66.74,,1,UP,NO,NO,2026-10-08T00:05:35Z
2021-06-15T02:00:00Z,2021-06-15T04:00,2021-06-15T04:15,17,68.12,68.12,68.12,,1,UP,NO,NO,2026-10-08T00:05:35Z
2021-06-15T02:15:00Z,2021-06-15T04:15,2021-06-15T04:30,18,77.56,77.56,77.56,,1,UP,NO,NO,2026-10-08T00:05:35Z
2021-06-15T02:30:00Z,2021-06-15T04:30,2021-06-15T04:45,19,72.95,72.95,72.95,,1,UP,NO,NO,2026-10-08T00:05:35Z
2021-06-15T02:45:00Z,2021-06-15T04:45,2021-06-15T05:00,20,73.49,73.49,73.49,,1,UP,NO,NO,2026-10-08T00:05:35Z
2021-06-15T03:00:00Z,2021-06-15T05:00,2021-06-15T05:15,21,91.09,91.09,91.09,,1,UP,NO,NO,2026-10-08T00:05:35Z
2021-06-15T03:15:00Z,2021-06-15T05:15,2021-06-15T05:30,22,66.67,66.67,66.67,,1,UP,NO,NO,2026-10-08T00:05:35Z
2021-06-15T03:30:00Z,2021-06-15T05:30,2021-06-15T05:45,23,69.17,69.17,69.17,,1,UP,NO,NO,2026-10-08T00:05:35Z
2021-06-15T03:45:00Z,2021-06-15T05:45,2021-06-15T06:00,24,69.17,69.17,69.17,,1,UP,NO,NO,2026-10-08T00:05:35Z
2021-06-15T04:00:00Z,2021-06-15T06:00,2021-06-15T06:15,25,69.59,69.59,69.59,,1,UP,NO,NO,2026-10-08T00:05:35Z
2021-06-15T04:15:00Z,2021-06-15T06:15,2021-06-15T06:30,26,69.76,69.76,69.76,,1,UP,NO,NO,2026-10-08T00:05:35Z
2021-06-15T04:30:00Z,2021-06-15T06:30,2021-06-15T06:45,27,167.5,167.5,167.5,,1,UP,NO,NO,2026-10-08T00:05:35Z
2021-06-15T04:45:00Z,2021-06-15T06:45,2021-06-15T07:00,28,318.3,318.3,318.3,,1,UP,NO,NO,2026-10-08T00:05:35Z
2021-06-15T05:00:00Z,2021-06-15T07:00,2021-06-15T07:15,29,79.57,64.12,79.57,64.12,2,UP_AND_DOWN,NO,NO,2026-10-08T00:05:35Z
2021-06-15T05:15:00Z,2021-06-15T07:15,2021-06-15T07:30,30,443.55,443.55,443.55,,1,UP,NO,NO,2026-10-08T00:05:35Z
2021-06-15T05:30:00Z,2021-06-15T07:30,2021-06-15T07:45,31,443.55,443.55,443.55,,1,UP,NO,NO,2026-10-08T00:05:35Z
2021-06-15T05:45:00Z,2021-06-15T07:45,2021-06-15T08:00,32,71.54,71.54,71.54,,1,UP,NO,NO,2026-10-08T00:05:35Z
2021-06-15T06:00:00Z,2021-06-15T08:00,2021-06-15T08:15,33,71.54,71.54,71.54,,1,UP,NO,NO,2026-10-08T00:05:35Z
2021-06-15T06:15:00Z,2021-06-15T08:15,2021-06-15T08:30,34,98,98,98,,1,UP,NO,NO,2026-10-08T00:05:35Z
2021-06-15T06:30:00Z,2021-06-15T08:30,2021-06-15T08:45,35,62.66,62.66,68.54,62.66,-1,DOWN,NO,NO,2026-10-08T00:05:35Z
2021-06-15T06:45:00Z,2021-06-15T08:45,2021-06-15T09:00,36,49.38,49.38,,49.38,-1,DOWN,NO,NO,2026-10-08T00:05:35Z
2021-06-15T07:00:00Z,2021-06-15T09:00,2021-06-15T09:15,37,49.38,49.38,,49.38,-1,DOWN,NO,NO,2026-10-08T00:05:35Z
2021-06-15T07:15:00Z,2021-06-15T09:15,2021-06-15T09:30,38,67.02,67.02,,,0,STABLE,NO,NO,2026-10-08T00:05:35Z
2021-06-15T07:30:00Z,2021-06-15T09:30,2021-06-15T09:45,39,37.5,37.5,,37.5,-1,DOWN,NO,NO,2026-10-08T00:05:35Z
2021-06-15T07:45:00Z,2021-06-15T09:45,2021-06-15T10:00,40,27,27,,27,-1,DOWN,NO,NO,2026-10-08T00:05:35Z
2021-06-15T08:00:00Z,2021-06-15T10:00,2021-06-15T10:15,41,60.38,60.38,,60.38,-1,DOWN,NO,NO,2026-10-08T00:05:35Z
2021-06-15T08:15:00Z,2021-06-15T10:15,2021-06-15T10:30,42,37.5,37.5,,37.5,-1,DOWN,NO,NO,2026-10-08T00:05:35Z
2021-06-15T08:30:00Z,2021-06-15T10:30,2021-06-15T10:45,43,-116.01,-116.01,,-116.01,-1,DOWN,NO,NO,2026-10-08T00:05:35Z
2021-06-15T08:45:00Z,2021-06-15T10:45,2021-06-15T11:00,44,18.99,18.99,,18.99,-1,DOWN,NO,NO,2026-10-08T00:05:35Z
2021-06-15T09:00:00Z,2021-06-15T11:00,2021-06-15T11:15,45,69.4,64.04,69.4,64.04,2,UP_AND_DOWN,NO,NO,2026-10-08T00:05:35Z
2021-06-15T09:15:00Z,2021-06-15T11:15,2021-06-15T11:30,46,64.96,62.38,64.42,62.38,2,UP_AND_DOWN,NO,NO,2026-10-08T00:05:35Z
2021-06-15T09:30:00Z,2021-06-15T11:30,2021-06-15T11:45,47,44.54,44.54,,44.54,-1,DOWN,NO,NO,2026-10-08T00:05:35Z
2021-06-15T09:45:00Z,2021-06-15T11:45,2021-06-15T12:00,48,41.91,41.91,,41.91,-1,DOWN,NO,NO,2026-10-08T00:05:35Z
2021-06-15T10:00:00Z,2021-06-15T12:00,2021-06-15T12:15,49,34.54,34.54,,34.54,-1,DOWN,NO,NO,2026-10-08T00:05:35Z
2021-06-15T10:15:00Z,2021-06-15T12:15,2021-06-15T12:30,50,-90.78,-90.78,,-90.78,-1,DOWN,NO,NO,2026-10-08T00:05:35Z
2021-06-15T10:30:00Z,2021-06-15T12:30,2021-06-15T12:45,51,-90.78,-90.78,,-90.78,-1,DOWN,NO,NO,2026-10-08T00:05:35Z
2021-06-15T10:45:00Z,2021-06-15T12:45,2021-06-15T13:00,52,-95.01,-95.01,,-95.01,-1,DOWN,NO,NO,2026-10-08T00:05:35Z
2021-06-15T11:00:00Z,2021-06-15T13:00,2021-06-15T13:15,53,59.74,59.74,,59.74,-1,DOWN,NO,NO,2026-10-08T00:05:35Z
2021-06-15T11:15:00Z,2021-06-15T13:15,2021-06-15T13:30,54,44.54,44.54,,44.54,-1,DOWN,NO,NO,2026-10-08T00:05:35Z
2021-06-15T11:30:00Z,2021-06-15T13:30,2021-06-15T13:45,55,57.24,57.24,,57.24,-1,DOWN,NO,NO,2026-10-08T00:05:35Z
2021-06-15T11:45:00Z,2021-06-15T13:45,2021-06-15T14:00,56,57.24,57.24,,57.24,-1,DOWN,NO,NO,2026-10-08T00:05:35Z
2021-06-15T12:00:00Z,2021-06-15T14:00,2021-06-15T14:15,57,50.63,50.63,,50.63,-1,DOWN,NO,NO,2026-10-08T00:05:35Z
2021-06-15T12:15:00Z,2021-06-15T14:15,2021-06-15T14:30,58,50.63,50.63,,50.63,-1,DOWN,NO,NO,2026-10-08T00:05:35Z
2021-06-15T12:30:00Z,2021-06-15T14:30,2021-06-15T14:45,59,68.92,60.38,71.92,60.38,2,UP_AND_DOWN,NO,NO,2026-10-08T00:05:35Z
2021-06-15T12:45:00Z,2021-06-15T14:45,2021-06-15T15:00,60,59.68,59.68,,59.68,-1,DOWN,NO,NO,2026-10-08T00:05:35Z
2021-06-15T13:00:00Z,2021-06-15T15:00,2021-06-15T15:15,61,64.96,64.96,,,0,STABLE,NO,NO,2026-10-08T00:05:35Z
2021-06-15T13:15:00Z,2021-06-15T15:15,2021-06-15T15:30,62,64.96,64.96,,,0,STABLE,NO,NO,2026-10-08T00:05:35Z
2021-06-15T13:30:00Z,2021-06-15T15:30,2021-06-15T15:45,63,64.95,64.95,,,0,STABLE,NO,NO,2026-10-08T00:05:35Z
2021-06-15T13:45:00Z,2021-06-15T15:45,2021-06-15T16:00,64,64.42,64.42,64.42,,1,UP,NO,NO,2026-10-08T00:05:35Z
2021-06-15T14:00:00Z,2021-06-15T16:00,2021-06-15T16:15,65,-90.99,-90.99,,-90.99,-1,DOWN,NO,NO,2026-10-08T00:05:35Z
2021-06-15T14:15:00Z,2021-06-15T16:15,2021-06-15T16:30,66,54.49,54.49,,54.38,-1,DOWN,NO,NO,2026-10-08T00:05:35Z
2021-06-15T14:30:00Z,2021-06-15T16:30,2021-06-15T16:45,67,54.38,54.38,,54.38,-1,DOWN,NO,NO,2026-10-08T00:05:35Z
2021-06-15T14:45:00Z,2021-06-15T16:45,2021-06-15T17:00,68,64.95,64.95,,,0,STABLE,NO,NO,2026-10-08T00:05:35Z
2021-06-15T15:00:00Z,2021-06-15T17:00,2021-06-15T17:15,69,59.02,59.02,,59.02,-1,DOWN,NO,NO,2026-10-08T00:05:35Z
2021-06-15T15:15:00Z,2021-06-15T17:15,2021-06-15T17:30,70,59.02,59.02,,59.02,-1,DOWN,NO,NO,2026-10-08T00:05:35Z
2021-06-15T15:30:00Z,2021-06-15T17:30,2021-06-15T17:45,71,64.66,64.66,64.66,59.02,1,UP,NO,NO,2026-10-08T00:05:35Z
2021-06-15T15:45:00Z,2021-06-15T17:45,2021-06-15T18:00,72,64.66,64.66,64.66,,1,UP,NO,NO,2026-10-08T00:05:35Z
2021-06-15T16:00:00Z,2021-06-15T18:00,2021-06-15T18:15,73,56.05,56.05,,55.54,-1,DOWN,NO,NO,2026-10-08T00:05:35Z
2021-06-15T16:15:00Z,2021-06-15T18:15,2021-06-15T18:30,74,60.68,60.68,,61.99,-1,DOWN,NO,NO,2026-10-08T00:05:35Z
2021-06-15T16:30:00Z,2021-06-15T18:30,2021-06-15T18:45,75,79.81,79.81,82.79,60.68,1,UP,NO,NO,2026-10-08T00:05:35Z
2021-06-15T16:45:00Z,2021-06-15T18:45,2021-06-15T19:00,76,444.6,444.6,627.5,,1,UP,NO,NO,2026-10-08T00:05:35Z
2021-06-15T17:00:00Z,2021-06-15T19:00,2021-06-15T19:15,77,68.67,62.71,68.54,63.13,2,UP_AND_DOWN,NO,NO,2026-10-08T00:05:35Z
2021-06-15T17:15:00Z,2021-06-15T19:15,2021-06-15T19:30,78,66.5,66.5,,,0,STABLE,NO,NO,2026-10-08T00:05:35Z
2021-06-15T17:30:00Z,2021-06-15T19:30,2021-06-15T19:45,79,158.87,158.87,158.87,,1,UP,NO,NO,2026-10-08T00:05:35Z
2021-06-15T17:45:00Z,2021-06-15T19:45,2021-06-15T20:00,80,79.33,79.33,79.33,,1,UP,NO,NO,2026-10-08T00:05:35Z
2021-06-15T18:00:00Z,2021-06-15T20:00,2021-06-15T20:15,81,86.78,86.78,86.78,,1,UP,NO,NO,2026-10-08T00:05:35Z
2021-06-15T18:15:00Z,2021-06-15T20:15,2021-06-15T20:30,82,518.3,518.3,518.3,,1,UP,NO,NO,2026-10-08T00:05:35Z
2021-06-15T18:30:00Z,2021-06-15T20:30,2021-06-15T20:45,83,450,450,450,,1,UP,NO,NO,2026-10-08T00:05:35Z
2021-06-15T18:45:00Z,2021-06-15T20:45,2021-06-15T21:00,84,450,450,450,,1,UP,NO,NO,2026-10-08T00:05:35Z
2021-06-15T19:00:00Z,2021-06-15T21:00,2021-06-15T21:15,85,85.66,64.12,85.66,64.12,2,UP_AND_DOWN,NO,NO,2026-10-08T00:05:35Z
2021-06-15T19:15:00Z,2021-06-15T21:15,2021-06-15T21:30,86,68.73,68.73,68.73,,1,UP,NO,NO,2026-10-08T00:05:35Z
2021-06-15T19:30:00Z,2021-06-15T21:30,2021-06-15T21:45,87,104.68,104.68,104.68,,1,UP,NO,NO,2026-10-08T00:05:35Z
2021-06-15T19:45:00Z,2021-06-15T21:45,2021-06-15T22:00,88,65.68,65.68,65.68,,1,UP,NO,NO,2026-10-08T00:05:35Z
2021-06-15T20:00:00Z,2021-06-15T22:00,2021-06-15T22:15,89,66.08,66.08,,,0,STABLE,NO,NO,2026-10-08T00:05:35Z
2021-06-15T20:15:00Z,2021-06-15T22:15,2021-06-15T22:30,90,66.07,66.07,,,0,STABLE,NO,NO,2026-10-08T00:05:35Z
2021-06-15T20:30:00Z,2021-06-15T22:30,2021-06-15T22:45,91,65.14,65.14,65.14,,1,UP,NO,NO,2026-10-08T00:05:35Z
2021-06-15T20:45:00Z,2021-06-15T22:45,2021-06-15T23:00,92,65.16,65.16,65.16,,1,UP,NO,NO,2026-10-08T00:05:35Z
2021-06-15T21:00:00Z,2021-06-15T23:00,2021-06-15T23:15,93,65.79,65.79,,,0,STABLE,NO,NO,2026-10-08T00:05:35Z
2021-06-15T21:15:00Z,2021-06-15T23:15,2021-06-15T23:30,94,64.53,64.53,64.53,,1,UP,NO,NO,2026-10-08T00:05:35Z
2021-06-15T21:30:00Z,2021-06-15T23:30,2021-06-15T23:45,95,64.57,64.57,64.57,,1,UP,NO,NO,2026-10-08T00:05:35Z
2021-06-15T21:45:00Z,2021-06-15T23:45,2021-06-16T00:00,96,34.54,34.54,,34.54,-1,DOWN,NO,NO,2026-10-08T00:05:35Z
2021-06-15T22:00:00Z,2021-06-16T00:00,2021-06-16T00:15,1,41.63,41.63,,41.63,-1,DOWN,NO,NO,2026-10-08T00:05:35Z
2021-06-15T22:15:00Z,2021-06-16T00:15,2021-06-16T00:30,2,59,59,,59,-1,DOWN,NO,NO,2026-10-08T00:05:35Z
2021-06-15T22:30:00Z,2021-06-16T00:30,2021-06-16T00:45,3,59,59,,59,-1,DOWN,NO,NO,2026-10-08T00:05:35Z
2021-06-15T22:45:00Z,2021-06-16T00:45,2021-06-16T01:00,4,60.38,60.38,,60.38,-1,DOWN,NO,NO,2026-10-08T00:05:35Z
2021-06-15T23:00:00Z,2021-06-16T01:00,2021-06-16T01:15,5,60.38,60.38,,60.38,-1,DOWN,NO,NO,2026-10-08T00:05:35Z
2021-06-15T23:15:00Z,2021-06-16T01:15,2021-06-16T01:30,6,62.38,62.38,,62.38,-1,DOWN,NO,NO,2026-10-08T00:05:35Z
2021-06-15T23:30:00Z,2021-06-16T01:30,2021-06-16T01:45,7,61.55,61.55,,61.55,-1,DOWN,NO,NO,2026-10-08T00:05:35Z
2021-06-15T23:45:00Z,2021-06-16T01:45,2021-06-16T02:00,8,60.38,60.38,,60.38,-1,DOWN,NO,NO,2026-10-08T00:05:35Z
2021-06-16T00:00:00Z,2021-06-16T02:00,2021-06-16T02:15,9,62.38,62.38,,62.38,-1,DOWN,NO,NO,2026-10-08T00:05:35Z
2021-06-16T00:15:00Z,2021-06-16T02:15,2021-06-16T02:30,10,58.5,58.5,,,0,STABLE,NO,NO,2026-10-08T00:05:35Z
2021-06-16T00:30:00Z,2021-06-16T02:30,2021-06-16T02:45,11,64.23,64.23,,64.23,-1,DOWN,NO,NO,2026-10-08T00:05:35Z
2021-06-16T00:45:00Z,2021-06-16T02:45,2021-06-16T03:00,12,61.99,61.99,,61.99,-1,DOWN,NO,NO,2026-10-08T00:05:35Z
2021-06-16T01:00:00Z,2021-06-16T03:00,2021-06-16T03:15,13,69.84,58.5,69.84,63.4,2,UP_AND_DOWN,NO,NO,2026-10-08T00:05:35Z
2021-06-16T01:15:00Z,2021-06-16T03:15,2021-06-16T03:30,14,69.38,69.38,69.38,,1,UP,NO,NO,2026-10-08T00:05:35Z
2021-06-16T01:30:00Z,2021-06-16T03:30,2021-06-16T03:45,15,66.52,66.52,66.52,,1,UP,NO,NO,2026-10-08T00:05:35Z
2021-06-16T01:45:00Z,2021-06-16T03:45,2021-06-16T04:00,16,66.38,66.38,66.38,,1,UP,NO,NO,2026-10-08T00:05:35Z
2021-06-16T02:00:00Z,2021-06-16T04:00,2021-06-16T04:15,17,66.52,66.52,66.52,,1,UP,NO,NO,2026-10-08T00:05:35Z
2021-06-16T02:15:00Z,2021-06-16T04:15,2021-06-16T04:30,18,64.21,64.21,64.21,,1,UP,NO,NO,2026-10-08T00:05:35Z
2021-06-16T02:30:00Z,2021-06-16T04:30,2021-06-16T04:45,19,65.61,65.61,,,0,STABLE,NO,NO,2026-10-08T00:05:35Z
2021-06-16T02:45:00Z,2021-06-16T04:45,2021-06-16T05:00,20,65.61,65.61,,,0,STABLE,NO,NO,2026-10-08T00:05:35Z
2021-06-16T03:00:00Z,2021-06-16T05:00,2021-06-16T05:15,21,65.61,65.61,,,0,STABLE,NO,NO,2026-10-08T00:05:35Z
2021-06-16T03:15:00Z,2021-06-16T05:15,2021-06-16T05:30,22,65.61,65.61,,,0,STABLE,NO,NO,2026-10-08T00:05:35Z
2021-06-16T03:30:00Z,2021-06-16T05:30,2021-06-16T05:45,23,60.38,60.38,,60.38,-1,DOWN,NO,NO,2026-10-08T00:05:35Z
2021-06-16T03:45:00Z,2021-06-16T05:45,2021-06-16T06:00,24,57.38,57.38,,57.38,-1,DOWN,NO,NO,2026-10-08T00:05:35Z
2021-06-16T04:00:00Z,2021-06-16T06:00,2021-06-16T06:15,25,58.46,58.46,,58.46,-1,DOWN,NO,NO,2026-10-08T00:05:35Z
2021-06-16T04:15:00Z,2021-06-16T06:15,2021-06-16T06:30,26,65.61,61.08,64.21,61.08,2,UP_AND_DOWN,NO,NO,2026-10-08T00:05:35Z
2021-06-16T04:30:00Z,2021-06-16T06:30,2021-06-16T06:45,27,59.08,59.08,,59.08,-1,DOWN,NO,NO,2026-10-08T00:05:35Z
2021-06-16T04:45:00Z,2021-06-16T06:45,2021-06-16T07:00,28,65.61,65.61,,,0,STABLE,NO,NO,2026-10-08T00:05:35Z
2021-06-16T05:00:00Z,2021-06-16T07:00,2021-06-16T07:15,29,61.08,61.08,,61.08,-1,DOWN,NO,NO,2026-10-08T00:05:35Z
2021-06-16T05:15:00Z,2021-06-16T07:15,2021-06-16T07:30,30,66.04,66.04,,,0,STABLE,NO,NO,2026-10-08T00:05:35Z
2021-06-16T05:30:00Z,2021-06-16T07:30,2021-06-16T07:45,31,66.04,66.04,,,0,STABLE,NO,NO,2026-10-08T00:05:35Z
2021-06-16T05:45:00Z,2021-06-16T07:45,2021-06-16T08:00,32,66.04,66.04,,,0,STABLE,NO,NO,2026-10-08T00:05:35Z
2021-06-16T06:00:00Z,2021-06-16T08:00,2021-06-16T08:15,33,90,90,90,,1,UP,NO,NO,2026-10-08T00:05:35Z
2021-06-16T06:15:00Z,2021-06-16T08:15,2021-06-16T08:30,34,71.95,71.95,71.95,,1,UP,NO,NO,2026-10-08T00:05:35Z
2021-06-16T06:30:00Z,2021-06-16T08:30,2021-06-16T08:45,35,90,90,90,,1,UP,NO,NO,2026-10-08T00:05:35Z
2021-06-16T06:45:00Z,2021-06-16T08:45,2021-06-16T09:00,36,66.04,66.04,,,0,STABLE,NO,NO,2026-10-08T00:05:35Z
2021-06-16T07:00:00Z,2021-06-16T09:00,2021-06-16T09:15,37,124.95,124.95,124.95,,1,UP,NO,NO,2026-10-08T00:05:35Z
2021-06-16T07:15:00Z,2021-06-16T09:15,2021-06-16T09:30,38,66.04,66.04,,,0,STABLE,NO,NO,2026-10-08T00:05:35Z
2021-06-16T07:30:00Z,2021-06-16T09:30,2021-06-16T09:45,39,65.77,60.37,64.53,60.37,2,UP_AND_DOWN,NO,NO,2026-10-08T00:05:35Z
2021-06-16T07:45:00Z,2021-06-16T09:45,2021-06-16T10:00,40,57.87,57.87,,57.87,-1,DOWN,NO,NO,2026-10-08T00:05:35Z
2021-06-16T08:00:00Z,2021-06-16T10:00,2021-06-16T10:15,41,116.99,64.11,116.99,64.11,2,UP_AND_DOWN,NO,NO,2026-10-08T00:05:35Z
2021-06-16T08:15:00Z,2021-06-16T10:15,2021-06-16T10:30,42,68.84,68.84,68.84,,1,UP,NO,NO,2026-10-08T00:05:35Z
2021-06-16T08:30:00Z,2021-06-16T10:30,2021-06-16T10:45,43,66.04,66.04,,,0,STABLE,NO,NO,2026-10-08T00:05:35Z
2021-06-16T08:45:00Z,2021-06-16T10:45,2021-06-16T11:00,44,66.04,66.04,,,0,STABLE,NO,NO,2026-10-08T00:05:35Z
2021-06-16T09:00:00Z,2021-06-16T11:00,2021-06-16T11:15,45,66.04,66.04,,,0,STABLE,NO,NO,2026-10-08T00:05:35Z
2021-06-16T09:15:00Z,2021-06-16T11:15,2021-06-16T11:30,46,65.08,65.08,65.08,,1,UP,NO,NO,2026-10-08T00:05:35Z
2021-06-16T09:30:00Z,2021-06-16T11:30,2021-06-16T11:45,47,62.98,62.98,65.08,62.98,-1,DOWN,NO,NO,2026-10-08T00:05:35Z
2021-06-16T09:45:00Z,2021-06-16T11:45,2021-06-16T12:00,48,64.1,64.1,,64.1,-1,DOWN,NO,NO,2026-10-08T00:05:35Z
2021-06-16T10:00:00Z,2021-06-16T12:00,2021-06-16T12:15,49,66.04,66.04,,,0,STABLE,NO,NO,2026-10-08T00:05:35Z
2021-06-16T10:15:00Z,2021-06-16T12:15,2021-06-16T12:30,50,70.99,70.99,70.99,,1,UP,NO,NO,2026-10-08T00:05:35Z
2021-06-16T10:30:00Z,2021-06-16T12:30,2021-06-16T12:45,51,71.08,71.08,71.08,,1,UP,NO,NO,2026-10-08T00:05:35Z
2021-06-16T10:45:00Z,2021-06-16T12:45,2021-06-16T13:00,52,71.08,71.08,71.08,,1,UP,NO,NO,2026-10-08T00:05:35Z
2021-06-16T11:00:00Z,2021-06-16T13:00,2021-06-16T13:15,53,71.08,61.08,71.08,61.08,2,UP_AND_DOWN,NO,NO,2026-10-08T00:05:35Z
2021-06-16T11:15:00Z,2021-06-16T13:15,2021-06-16T13:30,54,76.45,63.65,76.45,63.65,2,UP_AND_DOWN,NO,NO,2026-10-08T00:05:35Z
2021-06-16T11:30:00Z,2021-06-16T13:30,2021-06-16T13:45,55,73.68,73.68,73.68,,1,UP,NO,NO,2026-10-08T00:05:35Z
2021-06-16T11:45:00Z,2021-06-16T13:45,2021-06-16T14:00,56,68.84,68.84,68.84,,1,UP,NO,NO,2026-10-08T00:05:35Z
2021-06-16T12:00:00Z,2021-06-16T14:00,2021-06-16T14:15,57,66.04,66.04,,,0,STABLE,NO,NO,2026-10-08T00:05:35Z
2021-06-16T12:15:00Z,2021-06-16T14:15,2021-06-16T14:30,58,66.04,66.04,,,0,STABLE,NO,NO,2026-10-08T00:05:35Z
2021-06-16T12:30:00Z,2021-06-16T14:30,2021-06-16T14:45,59,71.08,71.08,71.08,,1,UP,NO,NO,2026-10-08T00:05:35Z
2021-06-16T12:45:00Z,2021-06-16T14:45,2021-06-16T15:00,60,71.08,71.08,71.08,,1,UP,NO,NO,2026-10-08T00:05:35Z
2021-06-16T13:00:00Z,2021-06-16T15:00,2021-06-16T15:15,61,65.08,65.08,65.08,,1,UP,NO,NO,2026-10-08T00:05:35Z
2021-06-16T13:15:00Z,2021-06-16T15:15,2021-06-16T15:30,62,95.11,95.11,95.11,,1,UP,NO,NO,2026-10-08T00:05:35Z
2021-06-16T13:30:00Z,2021-06-16T15:30,2021-06-16T15:45,63,76.45,76.45,76.45,,1,UP,NO,NO,2026-10-08T00:05:35Z
2021-06-16T13:45:00Z,2021-06-16T15:45,2021-06-16T16:00,64,206.95,206.95,206.95,,1,UP,NO,NO,2026-10-08T00:05:35Z
2021-06-16T14:00:00Z,2021-06-16T16:00,2021-06-16T16:15,65,66.04,66.04,,,0,STABLE,NO,NO,2026-10-08T00:05:35Z
2021-06-16T14:15:00Z,2021-06-16T16:15,2021-06-16T16:30,66,66.04,66.04,,,0,STABLE,NO,NO,2026-10-08T00:05:35Z
2021-06-16T14:30:00Z,2021-06-16T16:30,2021-06-16T16:45,67,435.5,435.5,435.5,,1,UP,NO,NO,2026-10-08T00:05:35Z
2021-06-16T14:45:00Z,2021-06-16T16:45,2021-06-16T17:00,68,435.5,435.5,435.5,,1,UP,NO,NO,2026-10-08T00:05:35Z
2021-06-16T15:00:00Z,2021-06-16T17:00,2021-06-16T17:15,69,61.99,61.99,435.5,61.99,-1,DOWN,NO,NO,2026-10-08T00:05:35Z
2021-06-16T15:15:00Z,2021-06-16T17:15,2021-06-16T17:30,70,61.08,61.08,,61.08,-1,DOWN,NO,NO,2026-10-08T00:05:35Z
2021-06-16T15:30:00Z,2021-06-16T17:30,2021-06-16T17:45,71,66.04,66.04,,,0,STABLE,NO,NO,2026-10-08T00:05:35Z
2021-06-16T15:45:00Z,2021-06-16T17:45,2021-06-16T18:00,72,66.04,66.04,,,0,STABLE,NO,NO,2026-10-08T00:05:35Z
2021-06-16T16:00:00Z,2021-06-16T18:00,2021-06-16T18:15,73,42.34,42.34,,42.34,-1,DOWN,NO,NO,2026-10-08T00:05:35Z
2021-06-16T16:15:00Z,2021-06-16T18:15,2021-06-16T18:30,74,60.78,60.78,,60.78,-1,DOWN,NO,NO,2026-10-08T00:05:35Z
2021-06-16T16:30:00Z,2021-06-16T18:30,2021-06-16T18:45,75,66.04,66.04,,,0,STABLE,NO,NO,2026-10-08T00:05:35Z
2021-06-16T16:45:00Z,2021-06-16T18:45,2021-06-16T19:00,76,65.08,65.08,65.08,,1,UP,NO,NO,2026-10-08T00:05:35Z
2021-06-16T17:00:00Z,2021-06-16T19:00,2021-06-16T19:15,77,88.05,88.05,88.05,,1,UP,NO,NO,2026-10-08T00:05:35Z
2021-06-16T17:15:00Z,2021-06-16T19:15,2021-06-16T19:30,78,121.05,121.05,121.05,,1,UP,NO,NO,2026-10-08T00:05:35Z
2021-06-16T17:30:00Z,2021-06-16T19:30,2021-06-16T19:45,79,98.05,98.05,98.05,,1,UP,NO,NO,2026-10-08T00:05:35Z
2021-06-16T17:45:00Z,2021-06-16T19:45,2021-06-16T20:00,80,121.05,121.05,121.05,,1,UP,NO,NO,2026-10-08T00:05:35Z
2021-06-16T18:00:00Z,2021-06-16T20:00,2021-06-16T20:15,81,461.53,461.53,461.53,,1,UP,NO,NO,2026-10-08T00:05:35Z
2021-06-16T18:15:00Z,2021-06-16T20:15,2021-06-16T20:30,82,62,62,317.92,62,-1,DOWN,NO,NO,2026-10-08T00:05:35Z
2021-06-16T18:30:00Z,2021-06-16T20:30,2021-06-16T20:45,83,69.27,69.27,,,0,STABLE,NO,NO,2026-10-08T00:05:35Z
2021-06-16T18:45:00Z,2021-06-16T20:45,2021-06-16T21:00,84,65.52,65.52,,65.52,-1,DOWN,NO,NO,2026-10-08T00:05:35Z
2021-06-16T19:00:00Z,2021-06-16T21:00,2021-06-16T21:15,85,65.08,65.08,65.08,65.51,1,UP,NO,NO,2026-10-08T00:05:35Z
2021-06-16T19:15:00Z,2021-06-16T21:15,2021-06-16T21:30,86,74.99,74.99,74.99,,1,UP,NO,NO,2026-10-08T00:05:35Z
2021-06-16T19:30:00Z,2021-06-16T21:30,2021-06-16T21:45,87,65.08,65.08,65.08,,1,UP,NO,NO,2026-10-08T00:05:35Z
2021-06-16T19:45:00Z,2021-06-16T21:45,2021-06-16T22:00,88,65.08,65.08,65.08,,1,UP,NO,NO,2026-10-08T00:05:35Z
2021-06-16T20:00:00Z,2021-06-16T22:00,2021-06-16T22:15,89,467.72,467.72,467.72,,1,UP,NO,NO,2026-10-08T00:05:35Z
2021-06-16T20:15:00Z,2021-06-16T22:15,2021-06-16T22:30,90,66.22,66.22,90.2,66.22,-1,DOWN,NO,NO,2026-10-08T00:05:35Z
2021-06-16T20:30:00Z,2021-06-16T22:30,2021-06-16T22:45,91,64.03,64.03,,64.03,-1,DOWN,NO,NO,2026-10-08T00:05:35Z
2021-06-16T20:45:00Z,2021-06-16T22:45,2021-06-16T23:00,92,63.28,63.28,,63.28,-1,DOWN,NO,NO,2026-10-08T00:05:35Z
2021-06-16T21:00:00Z,2021-06-16T23:00,2021-06-16T23:15,93,112.07,67,112.07,67,2,UP_AND_DOWN,NO,NO,2026-10-08T00:05:35Z
2021-06-16T21:15:00Z,2021-06-16T23:15,2021-06-16T23:30,94,61.62,61.62,69.07,61.62,-1,DOWN,NO,NO,2026-10-08T00:05:35Z
2021-06-16T21:30:00Z,2021-06-16T23:30,2021-06-16T23:45,95,52.75,52.75,,52.75,-1,DOWN,NO,NO,2026-10-08T00:05:35Z
2021-06-16T21:45:00Z,2021-06-16T23:45,2021-06-17T00:00,96,40.42,40.42,,40.42,-1,DOWN,NO,NO,2026-10-08T00:05:35Z
2021-06-16T22:00:00Z,2021-06-17T00:00,2021-06-17T00:15,1,66.89,66.89,66.89,25.47,1,UP,NO,NO,2026-10-08T00:05:35Z
2021-06-16T22:15:00Z,2021-06-17T00:15,2021-06-17T00:30,2,60.11,60.11,,60.11,-1,DOWN,NO,NO,2026-10-08T00:05:35Z
2021-06-16T22:30:00Z,2021-06-17T00:30,2021-06-17T00:45,3,55.58,55.58,,55.58,-1,DOWN,NO,NO,2026-10-08T00:05:35Z
2021-06-16T22:45:00Z,2021-06-17T00:45,2021-06-17T01:00,4,51.83,51.83,,51.83,-1,DOWN,NO,NO,2026-10-08T00:05:35Z
2021-06-16T23:00:00Z,2021-06-17T01:00,2021-06-17T01:15,5,55.13,55.13,,55.13,-1,DOWN,NO,NO,2026-10-08T00:05:35Z
2021-06-16T23:15:00Z,2021-06-17T01:15,2021-06-17T01:30,6,63.41,63.41,,63.41,-1,DOWN,NO,NO,2026-10-08T00:05:35Z
2021-06-16T23:30:00Z,2021-06-17T01:30,2021-06-17T01:45,7,61.13,61.13,,61.13,-1,DOWN,NO,NO,2026-10-08T00:05:35Z
2021-06-16T23:45:00Z,2021-06-17T01:45,2021-06-17T02:00,8,56.13,56.13,,56.13,-1,DOWN,NO,NO,2026-10-08T00:05:35Z
2021-06-17T00:00:00Z,2021-06-17T02:00,2021-06-17T02:15,9,58.78,58.78,,58.78,-1,DOWN,NO,NO,2026-10-08T00:05:35Z
2021-06-17T00:15:00Z,2021-06-17T02:15,2021-06-17T02:30,10,63.98,63.98,,,0,STABLE,NO,NO,2026-10-08T00:05:35Z
2021-06-17T00:30:00Z,2021-06-17T02:30,2021-06-17T02:45,11,59.13,59.13,,59.13,-1,DOWN,NO,NO,2026-10-08T00:05:35Z
2021-06-17T00:45:00Z,2021-06-17T02:45,2021-06-17T03:00,12,61.13,61.13,,61.13,-1,DOWN,NO,NO,2026-10-08T00:05:35Z
2021-06-17T01:00:00Z,2021-06-17T03:00,2021-06-17T03:15,13,232.8,232.8,232.8,61.13,1,UP,NO,NO,2026-10-08T00:05:35Z
2021-06-17T01:15:00Z,2021-06-17T03:15,2021-06-17T03:30,14,67.18,67.18,67.18,,1,UP,NO,NO,2026-10-08T00:05:35Z
2021-06-17T01:30:00Z,2021-06-17T03:30,2021-06-17T03:45,15,69.56,69.56,69.56,,1,UP,NO,NO,2026-10-08T00:05:35Z
2021-06-17T01:45:00Z,2021-06-17T03:45,2021-06-17T04:00,16,70.18,70.18,70.18,,1,UP,NO,NO,2026-10-08T00:05:35Z
2021-06-17T02:00:00Z,2021-06-17T04:00,2021-06-17T04:15,17,67.18,67.18,67.18,,1,UP,NO,NO,2026-10-08T00:05:35Z
2021-06-17T02:15:00Z,2021-06-17T04:15,2021-06-17T04:30,18,66.08,66.08,66.08,,1,UP,NO,NO,2026-10-08T00:05:35Z
2021-06-17T02:30:00Z,2021-06-17T04:30,2021-06-17T04:45,19,75.77,75.77,75.77,,1,UP,NO,NO,2026-10-08T00:05:35Z
2021-06-17T02:45:00Z,2021-06-17T04:45,2021-06-17T05:00,20,69.83,69.83,69.83,,1,UP,NO,NO,2026-10-08T00:05:35Z
2021-06-17T03:00:00Z,2021-06-17T05:00,2021-06-17T05:15,21,63.9,63.9,63.9,,1,UP,NO,NO,2026-10-08T00:05:35Z
2021-06-17T03:15:00Z,2021-06-17T05:15,2021-06-17T05:30,22,64.02,64.02,,,0,STABLE,NO,NO,2026-10-08T00:05:35Z
2021-06-17T03:30:00Z,2021-06-17T05:30,2021-06-17T05:45,23,61.13,61.13,,61.13,-1,DOWN,NO,NO,2026-10-08T00:05:35Z
2021-06-17T03:45:00Z,2021-06-17T05:45,2021-06-17T06:00,24,53.13,53.13,,53.13,-1,DOWN,NO,NO,2026-10-08T00:05:35Z
2021-06-17T04:00:00Z,2021-06-17T06:00,2021-06-17T06:15,25,63.89,63.89,63.89,58.64,1,UP,NO,NO,2026-10-08T00:05:35Z
2021-06-17T04:15:00Z,2021-06-17T06:15,2021-06-17T06:30,26,63.83,63.83,63.83,58.64,1,UP,NO,NO,2026-10-08T00:05:35Z
2021-06-17T04:30:00Z,2021-06-17T06:30,2021-06-17T06:45,27,64.14,64.14,,,0,STABLE,NO,NO,2026-10-08T00:05:35Z
2021-06-17T04:45:00Z,2021-06-17T06:45,2021-06-17T07:00,28,64.14,64.14,,,0,STABLE,NO,NO,2026-10-08T00:05:35Z
2021-06-17T05:00:00Z,2021-06-17T07:00,2021-06-17T07:15,29,450,450,450,,1,UP,NO,NO,2026-10-08T00:05:35Z
2021-06-17T05:15:00Z,2021-06-17T07:15,2021-06-17T07:30,30,488.49,488.49,488.49,,1,UP,YES,NO,2026-10-08T00:05:35Z
2021-06-17T05:30:00Z,2021-06-17T07:30,2021-06-17T07:45,31,488.49,488.49,488.49,,1,UP,YES,NO,2026-10-08T00:05:35Z
2021-06-17T05:45:00Z,2021-06-17T07:45,2021-06-17T08:00,32,-105.92,-105.92,433.49,-105.92,-1,DOWN,YES,NO,2026-10-08T00:05:35Z
2021-06-17T06:00:00Z,2021-06-17T08:00,2021-06-17T08:15,33,-101,-101,,-101,-1,DOWN,NO,NO,2026-10-08T00:05:35Z
2021-06-17T06:15:00Z,2021-06-17T08:15,2021-06-17T08:30,34,52.35,52.35,,52.35,-1,DOWN,NO,NO,2026-10-08T00:05:35Z
2021-06-17T06:30:00Z,2021-06-17T08:30,2021-06-17T08:45,35,60.64,60.64,,60.64,-1,DOWN,NO,NO,2026-10-08T00:05:35Z
2021-06-17T06:45:00Z,2021-06-17T08:45,2021-06-17T09:00,36,70.13,70.13,70.13,,1,UP,NO,NO,2026-10-08T00:05:35Z
2021-06-17T07:00:00Z,2021-06-17T09:00,2021-06-17T09:15,37,437.56,437.56,437.56,,1,UP,NO,NO,2026-10-08T00:05:35Z
2021-06-17T07:15:00Z,2021-06-17T09:15,2021-06-17T09:30,38,495,495,495,,1,UP,YES,NO,2026-10-08T00:05:35Z
2021-06-17T07:30:00Z,2021-06-17T09:30,2021-06-17T09:45,39,287.56,287.56,287.56,,1,UP,YES,NO,2026-10-08T00:05:35Z
2021-06-17T07:45:00Z,2021-06-17T09:45,2021-06-17T10:00,40,287.56,287.56,287.56,,1,UP,YES,NO,2026-10-08T00:05:35Z
2021-06-17T08:00:00Z,2021-06-17T10:00,2021-06-17T10:15,41,78.69,78.69,78.69,,1,UP,NO,NO,2026-10-08T00:05:35Z
2021-06-17T08:15:00Z,2021-06-17T10:15,2021-06-17T10:30,42,428.17,428.17,428.17,,1,UP,NO,NO,2026-10-08T00:05:35Z
2021-06-17T08:30:00Z,2021-06-17T10:30,2021-06-17T10:45,43,428.17,428.17,428.17,,1,UP,NO,NO,2026-10-08T00:05:35Z
2021-06-17T08:45:00Z,2021-06-17T10:45,2021-06-17T11:00,44,428.17,428.17,428.17,,1,UP,NO,NO,2026-10-08T00:05:35Z
2021-06-17T09:00:00Z,2021-06-17T11:00,2021-06-17T11:15,45,125.99,125.99,125.99,,1,UP,NO,NO,2026-10-08T00:05:35Z
2021-06-17T09:15:00Z,2021-06-17T11:15,2021-06-17T11:30,46,145.38,145.38,145.38,,1,UP,NO,NO,2026-10-08T00:05:35Z
2021-06-17T09:30:00Z,2021-06-17T11:30,2021-06-17T11:45,47,237.8,237.8,237.8,,1,UP,NO,NO,2026-10-08T00:05:35Z
2021-06-17T09:45:00Z,2021-06-17T11:45,2021-06-17T12:00,48,185.99,185.99,185.99,,1,UP,NO,NO,2026-10-08T00:05:35Z
2021-06-17T10:00:00Z,2021-06-17T12:00,2021-06-17T12:15,49,76.5,60.04,76.5,60.04,2,UP_AND_DOWN,NO,NO,2026-10-08T00:05:35Z
2021-06-17T10:15:00Z,2021-06-17T12:15,2021-06-17T12:30,50,63.06,63.06,76.5,63.06,-1,DOWN,NO,NO,2026-10-08T00:05:35Z
2021-06-17T10:30:00Z,2021-06-17T12:30,2021-06-17T12:45,51,57.79,57.79,,57.79,-1,DOWN,NO,NO,2026-10-08T00:05:35Z
2021-06-17T10:45:00Z,2021-06-17T12:45,2021-06-17T13:00,52,44.34,44.34,,44.34,-1,DOWN,NO,NO,2026-10-08T00:05:35Z
2021-06-17T11:00:00Z,2021-06-17T13:00,2021-06-17T13:15,53,57.74,57.74,,57.74,-1,DOWN,NO,NO,2026-10-08T00:05:35Z
2021-06-17T11:15:00Z,2021-06-17T13:15,2021-06-17T13:30,54,65.16,65.16,,,0,STABLE,NO,NO,2026-10-08T00:05:35Z
2021-06-17T11:30:00Z,2021-06-17T13:30,2021-06-17T13:45,55,62.89,62.89,,62.89,-1,DOWN,NO,NO,2026-10-08T00:05:35Z
2021-06-17T11:45:00Z,2021-06-17T13:45,2021-06-17T14:00,56,60.64,60.64,,60.64,-1,DOWN,NO,NO,2026-10-08T00:05:35Z
2021-06-17T12:00:00Z,2021-06-17T14:00,2021-06-17T14:15,57,60.07,60.07,,60.07,-1,DOWN,NO,NO,2026-10-08T00:05:35Z
2021-06-17T12:15:00Z,2021-06-17T14:15,2021-06-17T14:30,58,40.45,40.45,,40.45,-1,DOWN,NO,NO,2026-10-08T00:05:35Z
2021-06-17T12:30:00Z,2021-06-17T14:30,2021-06-17T14:45,59,62.08,62.08,,62.08,-1,DOWN,NO,NO,2026-10-08T00:05:35Z
2021-06-17T12:45:00Z,2021-06-17T14:45,2021-06-17T15:00,60,63.84,63.84,,63.84,-1,DOWN,NO,NO,2026-10-08T00:05:35Z
2021-06-17T13:00:00Z,2021-06-17T15:00,2021-06-17T15:15,61,-2.2,-2.2,,-2.2,-1,DOWN,NO,NO,2026-10-08T00:05:35Z
2021-06-17T13:15:00Z,2021-06-17T15:15,2021-06-17T15:30,62,52.64,52.64,,52.64,-1,DOWN,NO,NO,2026-10-08T00:05:35Z
2021-06-17T13:30:00Z,2021-06-17T15:30,2021-06-17T15:45,63,63.66,63.66,,,0,STABLE,NO,NO,2026-10-08T00:05:35Z
2021-06-17T13:45:00Z,2021-06-17T15:45,2021-06-17T16:00,64,63.82,63.82,,,0,STABLE,NO,NO,2026-10-08T00:05:35Z
2021-06-17T14:00:00Z,2021-06-17T16:00,2021-06-17T16:15,65,-130.1,-130.1,,-130.1,-1,DOWN,NO,NO,2026-10-08T00:05:35Z
2021-06-17T14:15:00Z,2021-06-17T16:15,2021-06-17T16:30,66,29.9,29.9,,29.9,-1,DOWN,NO,NO,2026-10-08T00:05:35Z
2021-06-17T14:30:00Z,2021-06-17T16:30,2021-06-17T16:45,67,6.75,6.75,,6.75,-1,DOWN,NO,NO,2026-10-08T00:05:35Z
2021-06-17T14:45:00Z,2021-06-17T16:45,2021-06-17T17:00,68,37.14,37.14,,37.14,-1,DOWN,NO,NO,2026-10-08T00:05:35Z
2021-06-17T15:00:00Z,2021-06-17T17:00,2021-06-17T17:15,69,-1.66,-1.66,,-1.66,-1,DOWN,NO,NO,2026-10-08T00:05:35Z
2021-06-17T15:15:00Z,2021-06-17T17:15,2021-06-17T17:30,70,56.1,56.1,,56.1,-1,DOWN,NO,NO,2026-10-08T00:05:35Z
2021-06-17T15:30:00Z,2021-06-17T17:30,2021-06-17T17:45,71,64.01,64.01,,,0,STABLE,NO,NO,2026-10-08T00:05:35Z
2021-06-17T15:45:00Z,2021-06-17T17:45,2021-06-17T18:00,72,64.05,64.05,,,0,STABLE,NO,NO,2026-10-08T00:05:35Z
2021-06-17T16:00:00Z,2021-06-17T18:00,2021-06-17T18:15,73,-11.62,-11.62,,-11.62,-1,DOWN,NO,NO,2026-10-08T00:05:35Z
2021-06-17T16:15:00Z,2021-06-17T18:15,2021-06-17T18:30,74,49.58,49.58,,49.58,-1,DOWN,NO,NO,2026-10-08T00:05:35Z
2021-06-17T16:30:00Z,2021-06-17T18:30,2021-06-17T18:45,75,64.29,64.29,,,0,STABLE,NO,NO,2026-10-08T00:05:35Z
2021-06-17T16:45:00Z,2021-06-17T18:45,2021-06-17T19:00,76,66.68,66.68,66.68,,1,UP,NO,NO,2026-10-08T00:05:35Z
2021-06-17T17:00:00Z,2021-06-17T19:00,2021-06-17T19:15,77,65.14,65.14,,,0,STABLE,NO,NO,2026-10-08T00:05:35Z
2021-06-17T17:15:00Z,2021-06-17T19:15,2021-06-17T19:30,78,65.11,65.11,,,0,STABLE,NO,NO,2026-10-08T00:05:35Z
2021-06-17T17:30:00Z,2021-06-17T19:30,2021-06-17T19:45,79,78.79,78.79,78.79,,1,UP,NO,NO,2026-10-08T00:05:35Z
2021-06-17T17:45:00Z,2021-06-17T19:45,2021-06-17T20:00,80,87.04,87.04,87.04,,1,UP,NO,NO,2026-10-08T00:05:35Z
2021-06-17T18:00:00Z,2021-06-17T20:00,2021-06-17T20:15,81,68.13,68.13,68.13,,1,UP,NO,NO,2026-10-08T00:05:35Z
2021-06-17T18:15:00Z,2021-06-17T20:15,2021-06-17T20:30,82,81.77,81.77,81.77,,1,UP,NO,NO,2026-10-08T00:05:35Z
2021-06-17T18:30:00Z,2021-06-17T20:30,2021-06-17T20:45,83,68.13,68.13,68.13,,1,UP,NO,NO,2026-10-08T00:05:35Z
2021-06-17T18:45:00Z,2021-06-17T20:45,2021-06-17T21:00,84,66.68,66.68,66.68,,1,UP,NO,NO,2026-10-08T00:05:35Z
2021-06-17T19:00:00Z,2021-06-17T21:00,2021-06-17T21:15,85,64.75,64.75,,,0,STABLE,NO,NO,2026-10-08T00:05:35Z
2021-06-17T19:15:00Z,2021-06-17T21:15,2021-06-17T21:30,86,59.93,59.93,,59.93,-1,DOWN,NO,NO,2026-10-08T00:05:35Z
2021-06-17T19:30:00Z,2021-06-17T21:30,2021-06-17T21:45,87,57.43,57.43,,57.43,-1,DOWN,NO,NO,2026-10-08T00:05:35Z
2021-06-17T19:45:00Z,2021-06-17T21:45,2021-06-17T22:00,88,60.59,60.59,,60.59,-1,DOWN,NO,NO,2026-10-08T00:05:35Z
2021-06-17T20:00:00Z,2021-06-17T22:00,2021-06-17T22:15,89,65.01,65.01,,,0,STABLE,NO,NO,2026-10-08T00:05:35Z
2021-06-17T20:15:00Z,2021-06-17T22:15,2021-06-17T22:30,90,64.5,64.5,,,0,STABLE,NO,NO,2026-10-08T00:05:35Z
2021-06-17T20:30:00Z,2021-06-17T22:30,2021-06-17T22:45,91,62.09,62.09,,62.09,-1,DOWN,NO,NO,2026-10-08T00:05:35Z
2021-06-17T20:45:00Z,2021-06-17T22:45,2021-06-17T23:00,92,60.59,60.59,,60.59,-1,DOWN,NO,NO,2026-10-08T00:05:35Z
2021-06-17T21:00:00Z,2021-06-17T23:00,2021-06-17T23:15,93,233.18,63.54,233.18,63.54,2,UP_AND_DOWN,NO,NO,2026-10-08T00:05:35Z
2021-06-17T21:15:00Z,2021-06-17T23:15,2021-06-17T23:30,94,64.27,64.27,,,0,STABLE,NO,NO,2026-10-08T00:05:35Z
2021-06-17T21:30:00Z,2021-06-17T23:30,2021-06-17T23:45,95,64.27,64.27,,,0,STABLE,NO,NO,2026-10-08T00:05:35Z
2021-06-17T21:45:00Z,2021-06-17T23:45,2021-06-18T00:00,96,64.24,64.24,,,0,STABLE,NO,NO,2026-10-08T00:05:35Z
2021-06-17T22:00:00Z,2021-06-18T00:00,2021-06-18T00:15,1,63.23,63.23,,,0,STABLE,NO,NO,2026-10-08T00:05:35Z
2021-06-17T22:15:00Z,2021-06-18T00:15,2021-06-18T00:30,2,63.23,63.23,,,0,STABLE,NO,NO,2026-10-08T00:05:35Z
2021-06-17T22:30:00Z,2021-06-18T00:30,2021-06-18T00:45,3,69.02,69.02,69.02,,1,UP,NO,NO,2026-10-08T00:05:35Z
2021-06-17T22:45:00Z,2021-06-18T00:45,2021-06-18T01:00,4,58.64,58.64,,58.64,-1,DOWN,NO,NO,2026-10-08T00:05:35Z
2021-06-17T23:00:00Z,2021-06-18T01:00,2021-06-18T01:15,5,68.06,68.06,68.06,,1,UP,NO,NO,2026-10-08T00:05:35Z
2021-06-17T23:15:00Z,2021-06-18T01:15,2021-06-18T01:30,6,65.6,65.6,,,0,STABLE,NO,NO,2026-10-08T00:05:35Z
2021-06-17T23:30:00Z,2021-06-18T01:30,2021-06-18T01:45,7,66.46,66.46,,66.46,-1,DOWN,NO,NO,2026-10-08T00:05:35Z
2021-06-17T23:45:00Z,2021-06-18T01:45,2021-06-18T02:00,8,60.64,60.64,,60.64,-1,DOWN,NO,NO,2026-10-08T00:05:35Z
2021-06-18T00:00:00Z,2021-06-18T02:00,2021-06-18T02:15,9,65.47,65.47,65.47,58.64,1,UP,NO,NO,2026-10-08T00:05:35Z
2021-06-18T00:15:00Z,2021-06-18T02:15,2021-06-18T02:30,10,66.68,66.68,66.68,,1,UP,NO,NO,2026-10-08T00:05:35Z
2021-06-18T00:30:00Z,2021-06-18T02:30,2021-06-18T02:45,11,63.29,63.29,,,0,STABLE,NO,NO,2026-10-08T00:05:35Z
2021-06-18T00:45:00Z,2021-06-18T02:45,2021-06-18T03:00,12,63.3,63.3,,,0,STABLE,NO,NO,2026-10-08T00:05:35Z
2021-06-18T01:00:00Z,2021-06-18T03:00,2021-06-18T03:15,13,130.19,130.19,130.19,,1,UP,NO,NO,2026-10-08T00:05:35Z
2021-06-18T01:15:00Z,2021-06-18T03:15,2021-06-18T03:30,14,159.83,159.83,159.83,,1,UP,NO,NO,2026-10-08T00:05:35Z
2021-06-18T01:30:00Z,2021-06-18T03:30,2021-06-18T03:45,15,61.86,61.86,159.83,61.86,-1,DOWN,NO,NO,2026-10-08T00:05:35Z
2021-06-18T01:45:00Z,2021-06-18T03:45,2021-06-18T04:00,16,63.27,63.27,63.27,,1,UP,NO,NO,2026-10-08T00:05:35Z
2021-06-18T02:00:00Z,2021-06-18T04:00,2021-06-18T04:15,17,65.66,65.66,65.66,,1,UP,NO,NO,2026-10-08T00:05:35Z
2021-06-18T02:15:00Z,2021-06-18T04:15,2021-06-18T04:30,18,63.22,63.22,63.22,,1,UP,NO,NO,2026-10-08T00:05:35Z
2021-06-18T02:30:00Z,2021-06-18T04:30,2021-06-18T04:45,19,63.22,63.22,,,0,STABLE,NO,NO,2026-10-08T00:05:35Z
2021-06-18T02:45:00Z,2021-06-18T04:45,2021-06-18T05:00,20,65.47,65.47,65.47,,1,UP,NO,NO,2026-10-08T00:05:35Z
2021-06-18T03:00:00Z,2021-06-18T05:00,2021-06-18T05:15,21,316.09,316.09,316.09,,1,UP,NO,NO,2026-10-08T00:05:35Z
2021-06-18T03:15:00Z,2021-06-18T05:15,2021-06-18T05:30,22,66.43,66.43,84.31,66.43,-1,DOWN,NO,NO,2026-10-08T00:05:35Z
2021-06-18T03:30:00Z,2021-06-18T05:30,2021-06-18T05:45,23,66.45,66.45,,66.45,-1,DOWN,NO,NO,2026-10-08T00:05:35Z
2021-06-18T03:45:00Z,2021-06-18T05:45,2021-06-18T06:00,24,65.55,65.55,,,0,STABLE,NO,NO,2026-10-08T00:05:35Z
2021-06-18T04:00:00Z,2021-06-18T06:00,2021-06-18T06:15,25,64.09,64.09,,,0,STABLE,NO,NO,2026-10-08T00:05:35Z
2021-06-18T04:15:00Z,2021-06-18T06:15,2021-06-18T06:30,26,67.79,67.79,,,0,STABLE,NO,NO,2026-10-08T00:05:35Z
2021-06-18T04:30:00Z,2021-06-18T06:30,2021-06-18T06:45,27,75.78,75.78,75.78,,1,UP,NO,NO,2026-10-08T00:05:35Z
2021-06-18T04:45:00Z,2021-06-18T06:45,2021-06-18T07:00,28,68.12,68.12,68.12,,1,UP,NO,NO,2026-10-08T00:05:35Z
2021-06-18T05:00:00Z,2021-06-18T07:00,2021-06-18T07:15,29,46.17,46.17,,46.17,-1,DOWN,NO,NO,2026-10-08T00:05:35Z
2021-06-18T05:15:00Z,2021-06-18T07:15,2021-06-18T07:30,30,62.56,62.56,,62.56,-1,DOWN,NO,NO,2026-10-08T00:05:35Z
2021-06-18T05:30:00Z,2021-06-18T07:30,2021-06-18T07:45,31,65.55,65.55,,,0,STABLE,NO,NO,2026-10-08T00:05:35Z
2021-06-18T05:45:00Z,2021-06-18T07:45,2021-06-18T08:00,32,71.28,71.28,71.28,,1,UP,NO,NO,2026-10-08T00:05:35Z
2021-06-18T06:00:00Z,2021-06-18T08:00,2021-06-18T08:15,33,450,450,450,,1,UP,NO,NO,2026-10-08T00:05:35Z
2021-06-18T06:15:00Z,2021-06-18T08:15,2021-06-18T08:30,34,316.09,316.09,316.09,,1,UP,NO,NO,2026-10-08T00:05:35Z
2021-06-18T06:30:00Z,2021-06-18T08:30,2021-06-18T08:45,35,60.62,60.62,316.09,60.62,-1,DOWN,NO,NO,2026-10-08T00:05:35Z
2021-06-18T06:45:00Z,2021-06-18T08:45,2021-06-18T09:00,36,58.62,58.62,,58.62,-1,DOWN,NO,NO,2026-10-08T00:05:35Z
2021-06-18T07:00:00Z,2021-06-18T09:00,2021-06-18T09:15,37,318.51,318.51,318.51,58.62,1,UP,NO,NO,2026-10-08T00:05:35Z
2021-06-18T07:15:00Z,2021-06-18T09:15,2021-06-18T09:30,38,90.09,90.09,90.09,,1,UP,NO,NO,2026-10-08T00:05:35Z
2021-06-18T07:30:00Z,2021-06-18T09:30,2021-06-18T09:45,39,68.01,68.01,68.01,,1,UP,NO,NO,2026-10-08T00:05:35Z
2021-06-18T07:45:00Z,2021-06-18T09:45,2021-06-18T10:00,40,57.45,57.45,,57.45,-1,DOWN,NO,NO,2026-10-08T00:05:35Z
2021-06-18T08:00:00Z,2021-06-18T10:00,2021-06-18T10:15,41,56.58,56.58,,56.58,-1,DOWN,NO,NO,2026-10-08T00:05:35Z
2021-06-18T08:15:00Z,2021-06-18T10:15,2021-06-18T10:30,42,22.95,22.95,,22.95,-1,DOWN,NO,NO,2026-10-08T00:05:35Z
2021-06-18T08:30:00Z,2021-06-18T10:30,2021-06-18T10:45,43,14.94,14.94,,14.94,-1,DOWN,NO,NO,2026-10-08T00:05:35Z
2021-06-18T08:45:00Z,2021-06-18T10:45,2021-06-18T11:00,44,34.97,34.97,,34.97,-1,DOWN,NO,NO,2026-10-08T00:05:35Z
2021-06-18T09:00:00Z,2021-06-18T11:00,2021-06-18T11:15,45,-55.02,-55.02,,-55.02,-1,DOWN,NO,NO,2026-10-08T00:05:35Z
2021-06-18T09:15:00Z,2021-06-18T11:15,2021-06-18T11:30,46,-2.06,-2.06,,-2.06,-1,DOWN,NO,NO,2026-10-08T00:05:35Z
2021-06-18T09:30:00Z,2021-06-18T11:30,2021-06-18T11:45,47,-16.97,-16.97,,-16.97,-1,DOWN,NO,NO,2026-10-08T00:05:35Z
2021-06-18T09:45:00Z,2021-06-18T11:45,2021-06-18T12:00,48,-29,-29,,-29,-1,DOWN,NO,NO,2026-10-08T00:05:35Z
2021-06-18T10:00:00Z,2021-06-18T12:00,2021-06-18T12:15,49,44.04,44.04,,44.04,-1,DOWN,NO,NO,2026-10-08T00:05:35Z
2021-06-18T10:15:00Z,2021-06-18T12:15,2021-06-18T12:30,50,47.62,47.62,,47.62,-1,DOWN,NO,NO,2026-10-08T00:05:35Z
2021-06-18T10:30:00Z,2021-06-18T12:30,2021-06-18T12:45,51,46.96,46.96,,46.96,-1,DOWN,NO,NO,2026-10-08T00:05:35Z
2021-06-18T10:45:00Z,2021-06-18T12:45,2021-06-18T13:00,52,-125.41,-125.41,,-125.41,-1,DOWN,NO,NO,2026-10-08T00:05:35Z
2021-06-18T11:00:00Z,2021-06-18T13:00,2021-06-18T13:15,53,-5.32,-5.32,,-5.32,-1,DOWN,NO,NO,2026-10-08T00:05:35Z
2021-06-18T11:15:00Z,2021-06-18T13:15,2021-06-18T13:30,54,1.88,1.88,,1.88,-1,DOWN,NO,NO,2026-10-08T00:05:35Z
2021-06-18T11:30:00Z,2021-06-18T13:30,2021-06-18T13:45,55,-15.11,-15.11,,-15.11,-1,DOWN,NO,NO,2026-10-08T00:05:35Z
2021-06-18T11:45:00Z,2021-06-18T13:45,2021-06-18T14:00,56,-134.42,-134.42,,-134.42,-1,DOWN,NO,NO,2026-10-08T00:05:35Z
2021-06-18T12:00:00Z,2021-06-18T14:00,2021-06-18T14:15,57,-31.42,-31.42,,-31.42,-1,DOWN,NO,NO,2026-10-08T00:05:35Z
2021-06-18T12:15:00Z,2021-06-18T14:15,2021-06-18T14:30,58,33.61,33.61,,33.61,-1,DOWN,NO,NO,2026-10-08T00:05:35Z
2021-06-18T12:30:00Z,2021-06-18T14:30,2021-06-18T14:45,59,-15.11,-15.11,,-15.11,-1,DOWN,NO,NO,2026-10-08T00:05:35Z
2021-06-18T12:45:00Z,2021-06-18T14:45,2021-06-18T15:00,60,18.76,18.76,,18.76,-1,DOWN,NO,NO,2026-10-08T00:05:35Z
2021-06-18T13:00:00Z,2021-06-18T15:00,2021-06-18T15:15,61,54.36,54.36,,54.36,-1,DOWN,NO,NO,2026-10-08T00:05:35Z
2021-06-18T13:15:00Z,2021-06-18T15:15,2021-06-18T15:30,62,54.36,54.36,,54.36,-1,DOWN,NO,NO,2026-10-08T00:05:35Z
2021-06-18T13:30:00Z,2021-06-18T15:30,2021-06-18T15:45,63,57.41,57.41,,,0,STABLE,NO,NO,2026-10-08T00:05:35Z
2021-06-18T13:45:00Z,2021-06-18T15:45,2021-06-18T16:00,64,71.26,71.26,71.26,,1,UP,NO,NO,2026-10-08T00:05:35Z
2021-06-18T14:00:00Z,2021-06-18T16:00,2021-06-18T16:15,65,261.68,261.68,261.68,,1,UP,NO,NO,2026-10-08T00:05:35Z
2021-06-18T14:15:00Z,2021-06-18T16:15,2021-06-18T16:30,66,261.69,261.69,261.69,,1,UP,NO,NO,2026-10-08T00:05:35Z
2021-06-18T14:30:00Z,2021-06-18T16:30,2021-06-18T16:45,67,99.24,99.24,99.24,,1,UP,NO,NO,2026-10-08T00:05:35Z
2021-06-18T14:45:00Z,2021-06-18T16:45,2021-06-18T17:00,68,278.67,278.67,278.67,,1,UP,NO,NO,2026-10-08T00:05:35Z
2021-06-18T15:00:00Z,2021-06-18T17:00,2021-06-18T17:15,69,278.66,278.66,278.66,,1,UP,NO,NO,2026-10-08T00:05:35Z
2021-06-18T15:15:00Z,2021-06-18T17:15,2021-06-18T17:30,70,68.68,63.01,68.68,63.01,2,UP_AND_DOWN,NO,NO,2026-10-08T00:05:35Z
2021-06-18T15:30:00Z,2021-06-18T17:30,2021-06-18T17:45,71,316.09,316.09,316.09,,1,UP,NO,NO,2026-10-08T00:05:35Z
2021-06-18T15:45:00Z,2021-06-18T17:45,2021-06-18T18:00,72,316.09,316.09,316.09,,1,UP,NO,NO,2026-10-08T00:05:35Z
2021-06-18T16:00:00Z,2021-06-18T18:00,2021-06-18T18:15,73,347.7,347.7,347.7,,1,UP,YES,NO,2026-10-08T00:05:35Z
2021-06-18T16:15:00Z,2021-06-18T18:15,2021-06-18T18:30,74,291.1,291.1,291.1,,1,UP,YES,NO,2026-10-08T00:05:35Z
2021-06-18T16:30:00Z,2021-06-18T18:30,2021-06-18T18:45,75,316.09,316.09,316.09,,1,UP,NO,NO,2026-10-08T00:05:35Z
2021-06-18T16:45:00Z,2021-06-18T18:45,2021-06-18T19:00,76,316.09,316.09,316.09,,1,UP,NO,NO,2026-10-08T00:05:35Z
2021-06-18T17:00:00Z,2021-06-18T19:00,2021-06-18T19:15,77,57.8,57.8,316.09,57.8,-1,DOWN,NO,NO,2026-10-08T00:05:35Z
2021-06-18T17:15:00Z,2021-06-18T19:15,2021-06-18T19:30,78,65.37,65.37,,,0,STABLE,NO,NO,2026-10-08T00:05:35Z
2021-06-18T17:30:00Z,2021-06-18T19:30,2021-06-18T19:45,79,65.37,65.37,,,0,STABLE,NO,NO,2026-10-08T00:05:35Z
2021-06-18T17:45:00Z,2021-06-18T19:45,2021-06-18T20:00,80,62.56,62.56,,62.56,-1,DOWN,NO,NO,2026-10-08T00:05:35Z
2021-06-18T18:00:00Z,2021-06-18T20:00,2021-06-18T20:15,81,55.62,55.62,,55.62,-1,DOWN,NO,NO,2026-10-08T00:05:35Z
2021-06-18T18:15:00Z,2021-06-18T20:15,2021-06-18T20:30,82,59.95,59.95,,59.95,-1,DOWN,NO,NO,2026-10-08T00:05:35Z
2021-06-18T18:30:00Z,2021-06-18T20:30,2021-06-18T20:45,83,76.73,63.01,76.73,63.01,2,UP_AND_DOWN,NO,NO,2026-10-08T00:05:35Z
2021-06-18T18:45:00Z,2021-06-18T20:45,2021-06-18T21:00,84,316.09,316.09,316.09,,1,UP,NO,NO,2026-10-08T00:05:35Z
2021-06-18T19:00:00Z,2021-06-18T21:00,2021-06-18T21:15,85,495,495,495,,1,UP,YES,NO,2026-10-08T00:05:35Z
2021-06-18T19:15:00Z,2021-06-18T21:15,2021-06-18T21:30,86,495,495,495,,1,UP,YES,NO,2026-10-08T00:05:35Z
2021-06-18T19:30:00Z,2021-06-18T21:30,2021-06-18T21:45,87,57.79,57.79,495,57.79,-1,DOWN,YES,NO,2026-10-08T00:05:35Z
2021-06-18T19:45:00Z,2021-06-18T21:45,2021-06-18T22:00,88,50.24,50.24,495,50.24,-1,DOWN,YES,NO,2026-10-08T00:05:35Z
2021-06-18T20:00:00Z,2021-06-18T22:00,2021-06-18T22:15,89,46.7,46.7,,46.7,-1,DOWN,NO,NO,2026-10-08T00:05:35Z
2021-06-18T20:15:00Z,2021-06-18T22:15,2021-06-18T22:30,90,55.62,55.62,,55.62,-1,DOWN,NO,NO,2026-10-08T00:05:35Z
2021-06-18T20:30:00Z,2021-06-18T22:30,2021-06-18T22:45,91,49.92,49.92,,49.92,-1,DOWN,NO,NO,2026-10-08T00:05:35Z
2021-06-18T20:45:00Z,2021-06-18T22:45,2021-06-18T23:00,92,52.62,52.62,,52.62,-1,DOWN,NO,NO,2026-10-08T00:05:35Z
2021-06-18T21:00:00Z,2021-06-18T23:00,2021-06-18T23:15,93,316.09,316.09,316.09,56.3,1,UP,NO,NO,2026-10-08T00:05:35Z
2021-06-18T21:15:00Z,2021-06-18T23:15,2021-06-18T23:30,94,393.33,393.33,393.33,,1,UP,NO,NO,2026-10-08T00:05:35Z
2021-06-18T21:30:00Z,2021-06-18T23:30,2021-06-18T23:45,95,60.62,60.62,393.33,60.62,-1,DOWN,NO,NO,2026-10-08T00:05:35Z
2021-06-18T21:45:00Z,2021-06-18T23:45,2021-06-19T00:00,96,70.15,70.15,70.15,,1,UP,NO,NO,2026-10-08T00:05:35Z
2021-06-18T22:00:00Z,2021-06-19T00:00,2021-06-19T00:15,1,316.09,316.09,316.09,,1,UP,NO,NO,2026-10-08T00:05:35Z
2021-06-18T22:15:00Z,2021-06-19T00:15,2021-06-19T00:30,2,420.05,420.05,420.05,,1,UP,YES,NO,2026-10-08T00:05:35Z
2021-06-18T22:30:00Z,2021-06-19T00:30,2021-06-19T00:45,3,280.17,61.53,280.17,61.53,2,UP_AND_DOWN,YES,NO,2026-10-08T00:05:35Z
2021-06-18T22:45:00Z,2021-06-19T00:45,2021-06-19T01:00,4,128.57,128.57,128.57,,1,UP,NO,NO,2026-10-08T00:05:35Z
2021-06-18T23:00:00Z,2021-06-19T01:00,2021-06-19T01:15,5,371.69,371.69,371.69,,1,UP,NO,NO,2026-10-08T00:05:35Z
2021-06-18T23:15:00Z,2021-06-19T01:15,2021-06-19T01:30,6,371.69,371.69,371.69,,1,UP,NO,NO,2026-10-08T00:05:35Z
2021-06-18T23:30:00Z,2021-06-19T01:30,2021-06-19T01:45,7,581.44,581.44,581.44,,1,UP,NO,NO,2026-10-08T00:05:35Z
2021-06-18T23:45:00Z,2021-06-19T01:45,2021-06-19T02:00,8,569.19,569.19,569.19,,1,UP,NO,NO,2026-10-08T00:05:35Z
2021-06-19T00:00:00Z,2021-06-19T02:00,2021-06-19T02:15,9,102.32,102.32,102.32,,1,UP,NO,NO,2026-10-08T00:05:35Z
2021-06-19T00:15:00Z,2021-06-19T02:15,2021-06-19T02:30,10,496.44,496.44,496.44,,1,UP,NO,NO,2026-10-08T00:05:35Z
2021-06-19T00:30:00Z,2021-06-19T02:30,2021-06-19T02:45,11,207.13,207.13,207.13,,1,UP,NO,NO,2026-10-08T00:05:35Z
2021-06-19T00:45:00Z,2021-06-19T02:45,2021-06-19T03:00,12,111.69,111.69,111.69,,1,UP,NO,NO,2026-10-08T00:05:35Z
2021-06-19T01:00:00Z,2021-06-19T03:00,2021-06-19T03:15,13,371.69,371.69,371.69,,1,UP,NO,NO,2026-10-08T00:05:35Z
2021-06-19T01:15:00Z,2021-06-19T03:15,2021-06-19T03:30,14,222.13,222.13,222.13,,1,UP,NO,NO,2026-10-08T00:05:35Z
2021-06-19T01:30:00Z,2021-06-19T03:30,2021-06-19T03:45,15,81.38,81.38,81.38,,1,UP,NO,NO,2026-10-08T00:05:35Z
2021-06-19T01:45:00Z,2021-06-19T03:45,2021-06-19T04:00,16,105.51,105.51,105.51,,1,UP,NO,NO,2026-10-08T00:05:35Z
2021-06-19T02:00:00Z,2021-06-19T04:00,2021-06-19T04:15,17,266.27,266.27,266.27,,1,UP,NO,NO,2026-10-08T00:05:35Z
2021-06-19T02:15:00Z,2021-06-19T04:15,2021-06-19T04:30,18,100.02,100.02,100.02,,1,UP,NO,NO,2026-10-08T00:05:35Z
2021-06-19T02:30:00Z,2021-06-19T04:30,2021-06-19T04:45,19,117.45,117.45,117.45,,1,UP,NO,NO,2026-10-08T00:05:35Z
2021-06-19T02:45:00Z,2021-06-19T04:45,2021-06-19T05:00,20,69.8,63.74,69.8,63.74,2,UP_AND_DOWN,NO,NO,2026-10-08T00:05:35Z
2021-06-19T03:00:00Z,2021-06-19T05:00,2021-06-19T05:15,21,244.84,244.84,244.84,,1,UP,NO,NO,2026-10-08T00:05:35Z
2021-06-19T03:15:00Z,2021-06-19T05:15,2021-06-19T05:30,22,93.16,93.16,93.16,,1,UP,NO,NO,2026-10-08T00:05:35Z
2021-06-19T03:30:00Z,2021-06-19T05:30,2021-06-19T05:45,23,99.33,99.33,99.33,,1,UP,NO,NO,2026-10-08T00:05:35Z
2021-06-19T03:45:00Z,2021-06-19T05:45,2021-06-19T06:00,24,75.4,75.4,75.4,,1,UP,NO,NO,2026-10-08T00:05:35Z
2021-06-19T04:00:00Z,2021-06-19T06:00,2021-06-19T06:15,25,81.26,81.26,81.26,,1,UP,NO,NO,2026-10-08T00:05:35Z
2021-06-19T04:15:00Z,2021-06-19T06:15,2021-06-19T06:30,26,90.83,90.83,90.83,,1,UP,NO,NO,2026-10-08T00:05:35Z
2021-06-19T04:30:00Z,2021-06-19T06:30,2021-06-19T06:45,27,74.81,74.81,74.81,,1,UP,NO,NO,2026-10-08T00:05:35Z
2021-06-19T04:45:00Z,2021-06-19T06:45,2021-06-19T07:00,28,64.83,64.83,64.83,,1,UP,NO,NO,2026-10-08T00:05:35Z
2021-06-19T05:00:00Z,2021-06-19T07:00,2021-06-19T07:15,29,64.85,64.85,64.85,,1,UP,NO,NO,2026-10-08T00:05:35Z
2021-06-19T05:15:00Z,2021-06-19T07:15,2021-06-19T07:30,30,64.83,64.83,64.83,,1,UP,NO,NO,2026-10-08T00:05:35Z
2021-06-19T05:30:00Z,2021-06-19T07:30,2021-06-19T07:45,31,64.82,64.82,64.82,,1,UP,NO,NO,2026-10-08T00:05:35Z
2021-06-19T05:45:00Z,2021-06-19T07:45,2021-06-19T08:00,32,73.43,73.43,73.43,,1,UP,NO,NO,2026-10-08T00:05:35Z
2021-06-19T06:00:00Z,2021-06-19T08:00,2021-06-19T08:15,33,309.19,309.19,309.19,,1,UP,NO,NO,2026-10-08T00:05:35Z
2021-06-19T06:15:00Z,2021-06-19T08:15,2021-06-19T08:30,34,102.76,102.76,102.76,,1,UP,NO,NO,2026-10-08T00:05:35Z
2021-06-19T06:30:00Z,2021-06-19T08:30,2021-06-19T08:45,35,64.95,64.95,64.95,,1,UP,NO,NO,2026-10-08T00:05:35Z
2021-06-19T06:45:00Z,2021-06-19T08:45,2021-06-19T09:00,36,80.81,80.81,80.81,,1,UP,NO,NO,2026-10-08T00:05:35Z
2021-06-19T07:00:00Z,2021-06-19T09:00,2021-06-19T09:15,37,266.28,266.28,266.28,,1,UP,NO,NO,2026-10-08T00:05:35Z
2021-06-19T07:15:00Z,2021-06-19T09:15,2021-06-19T09:30,38,266.27,266.27,266.27,,1,UP,NO,NO,2026-10-08T00:05:35Z
2021-06-19T07:30:00Z,2021-06-19T09:30,2021-06-19T09:45,39,266.28,266.28,266.28,,1,UP,NO,NO,2026-10-08T00:05:35Z
2021-06-19T07:45:00Z,2021-06-19T09:45,2021-06-19T10:00,40,159.11,159.11,159.11,,1,UP,NO,NO,2026-10-08T00:05:35Z
2021-06-19T08:00:00Z,2021-06-19T10:00,2021-06-19T10:15,41,498.33,498.33,498.33,,1,UP,NO,NO,2026-10-08T00:05:35Z
2021-06-19T08:15:00Z,2021-06-19T10:15,2021-06-19T10:30,42,227.77,227.77,227.77,,1,UP,NO,NO,2026-10-08T00:05:35Z
2021-06-19T08:30:00Z,2021-06-19T10:30,2021-06-19T10:45,43,76.18,76.18,76.18,,1,UP,NO,NO,2026-10-08T00:05:35Z
2021-06-19T08:45:00Z,2021-06-19T10:45,2021-06-19T11:00,44,70.93,70.93,70.93,,1,UP,NO,NO,2026-10-08T00:05:35Z
2021-06-19T09:00:00Z,2021-06-19T11:00,2021-06-19T11:15,45,320.83,320.83,320.83,,1,UP,NO,NO,2026-10-08T00:05:35Z
2021-06-19T09:15:00Z,2021-06-19T11:15,2021-06-19T11:30,46,111.69,111.69,111.69,,1,UP,NO,NO,2026-10-08T00:05:35Z
2021-06-19T09:30:00Z,2021-06-19T11:30,2021-06-19T11:45,47,100.58,100.58,100.58,,1,UP,NO,NO,2026-10-08T00:05:35Z
2021-06-19T09:45:00Z,2021-06-19T11:45,2021-06-19T12:00,48,126.11,126.11,126.11,,1,UP,NO,NO,2026-10-08T00:05:35Z
2021-06-19T10:00:00Z,2021-06-19T12:00,2021-06-19T12:15,49,498.33,498.33,498.33,,1,UP,NO,NO,2026-10-08T00:05:35Z
2021-06-19T10:15:00Z,2021-06-19T12:15,2021-06-19T12:30,50,266.27,266.27,266.27,,1,UP,NO,NO,2026-10-08T00:05:35Z
2021-06-19T10:30:00Z,2021-06-19T12:30,2021-06-19T12:45,51,498.33,498.33,498.33,,1,UP,NO,NO,2026-10-08T00:05:35Z
2021-06-19T10:45:00Z,2021-06-19T12:45,2021-06-19T13:00,52,498.33,498.33,498.33,,1,UP,NO,NO,2026-10-08T00:05:35Z
2021-06-19T11:00:00Z,2021-06-19T13:00,2021-06-19T13:15,53,321.62,321.62,321.62,,1,UP,NO,NO,2026-10-08T00:05:35Z
2021-06-19T11:15:00Z,2021-06-19T13:15,2021-06-19T13:30,54,353.78,353.78,353.78,,1,UP,YES,NO,2026-10-08T00:05:35Z
2021-06-19T11:30:00Z,2021-06-19T13:30,2021-06-19T13:45,55,269.28,269.28,269.28,,1,UP,YES,NO,2026-10-08T00:05:35Z
2021-06-19T11:45:00Z,2021-06-19T13:45,2021-06-19T14:00,56,269.28,269.28,269.28,,1,UP,YES,NO,2026-10-08T00:05:35Z
2021-06-19T12:00:00Z,2021-06-19T14:00,2021-06-19T14:15,57,321.62,321.62,321.62,,1,UP,NO,NO,2026-10-08T00:05:35Z
2021-06-19T12:15:00Z,2021-06-19T14:15,2021-06-19T14:30,58,321.62,321.62,321.62,,1,UP,NO,NO,2026-10-08T00:05:35Z
2021-06-19T12:30:00Z,2021-06-19T14:30,2021-06-19T14:45,59,353.78,353.78,353.78,,1,UP,YES,NO,2026-10-08T00:05:35Z
2021-06-19T12:45:00Z,2021-06-19T14:45,2021-06-19T15:00,60,353.78,353.78,353.78,,1,UP,YES,NO,2026-10-08T00:05:35Z
2021-06-19T13:00:00Z,2021-06-19T15:00,2021-06-19T15:15,61,262.53,58.7,262.53,58.7,2,UP_AND_DOWN,YES,NO,2026-10-08T00:05:35Z
2021-06-19T13:15:00Z,2021-06-19T15:15,2021-06-19T15:30,62,321.62,321.62,321.62,,1,UP,NO,NO,2026-10-08T00:05:35Z
2021-06-19T13:30:00Z,2021-06-19T15:30,2021-06-19T15:45,63,321.62,321.62,321.62,,1,UP,NO,NO,2026-10-08T00:05:35Z
2021-06-19T13:45:00Z,2021-06-19T15:45,2021-06-19T16:00,64,321.62,321.62,321.62,,1,UP,NO,NO,2026-10-08T00:05:35Z
2021-06-19T14:00:00Z,2021-06-19T16:00,2021-06-19T16:15,65,61.86,61.86,321.62,61.86,-1,DOWN,NO,NO,2026-10-08T00:05:35Z
2021-06-19T14:15:00Z,2021-06-19T16:15,2021-06-19T16:30,66,321.62,321.62,321.62,61.86,1,UP,NO,NO,2026-10-08T00:05:35Z
2021-06-19T14:30:00Z,2021-06-19T16:30,2021-06-19T16:45,67,321.62,321.62,321.62,,1,UP,NO,NO,2026-10-08T00:05:35Z
2021-06-19T14:45:00Z,2021-06-19T16:45,2021-06-19T17:00,68,64.73,64.73,321.62,64.73,-1,DOWN,NO,NO,2026-10-08T00:05:35Z
2021-06-19T15:00:00Z,2021-06-19T17:00,2021-06-19T17:15,69,63.79,63.79,,63.79,-1,DOWN,NO,NO,2026-10-08T00:05:35Z
2021-06-19T15:15:00Z,2021-06-19T17:15,2021-06-19T17:30,70,62.88,62.88,,62.88,-1,DOWN,NO,NO,2026-10-08T00:05:35Z
2021-06-19T15:30:00Z,2021-06-19T17:30,2021-06-19T17:45,71,68.21,68.21,,,0,STABLE,NO,NO,2026-10-08T00:05:35Z
2021-06-19T15:45:00Z,2021-06-19T17:45,2021-06-19T18:00,72,68.21,68.21,,,0,STABLE,NO,NO,2026-10-08T00:05:35Z
2021-06-19T16:00:00Z,2021-06-19T18:00,2021-06-19T18:15,73,68.51,68.51,,,0,STABLE,NO,NO,2026-10-08T00:05:35Z
2021-06-19T16:15:00Z,2021-06-19T18:15,2021-06-19T18:30,74,61.03,61.03,,61.03,-1,DOWN,NO,NO,2026-10-08T00:05:35Z
2021-06-19T16:30:00Z,2021-06-19T18:30,2021-06-19T18:45,75,74.63,74.63,74.63,61.03,1,UP,NO,NO,2026-10-08T00:05:35Z
2021-06-19T16:45:00Z,2021-06-19T18:45,2021-06-19T19:00,76,79.63,79.63,79.63,,1,UP,NO,NO,2026-10-08T00:05:35Z
2021-06-19T17:00:00Z,2021-06-19T19:00,2021-06-19T19:15,77,79.42,79.42,79.42,,1,UP,NO,NO,2026-10-08T00:05:35Z
2021-06-19T17:15:00Z,2021-06-19T19:15,2021-06-19T19:30,78,67.13,67.13,,,0,STABLE,NO,NO,2026-10-08T00:05:35Z
2021-06-19T17:30:00Z,2021-06-19T19:30,2021-06-19T19:45,79,58.33,58.33,,58.33,-1,DOWN,NO,NO,2026-10-08T00:05:35Z
2021-06-19T17:45:00Z,2021-06-19T19:45,2021-06-19T20:00,80,62.98,62.98,,62.98,-1,DOWN,NO,NO,2026-10-08T00:05:35Z
2021-06-19T18:00:00Z,2021-06-19T20:00,2021-06-19T20:15,81,50.68,50.68,,50.68,-1,DOWN,NO,NO,2026-10-08T00:05:35Z
2021-06-19T18:15:00Z,2021-06-19T20:15,2021-06-19T20:30,82,62.32,62.32,,62.32,-1,DOWN,NO,NO,2026-10-08T00:05:35Z
2021-06-19T18:30:00Z,2021-06-19T20:30,2021-06-19T20:45,83,64.19,64.19,,64.19,-1,DOWN,NO,NO,2026-10-08T00:05:35Z
2021-06-19T18:45:00Z,2021-06-19T20:45,2021-06-19T21:00,84,69.81,69.81,,,0,STABLE,NO,NO,2026-10-08T00:05:35Z
2021-06-19T19:00:00Z,2021-06-19T21:00,2021-06-19T21:15,85,74.63,74.63,74.63,,1,UP,NO,NO,2026-10-08T00:05:35Z
2021-06-19T19:15:00Z,2021-06-19T21:15,2021-06-19T21:30,86,76.17,76.17,76.17,,1,UP,NO,NO,2026-10-08T00:05:35Z
2021-06-19T19:30:00Z,2021-06-19T21:30,2021-06-19T21:45,87,80.93,80.93,80.93,,1,UP,NO,NO,2026-10-08T00:05:35Z
2021-06-19T19:45:00Z,2021-06-19T21:45,2021-06-19T22:00,88,70.54,70.54,70.54,,1,UP,NO,NO,2026-10-08T00:05:35Z
2021-06-19T20:00:00Z,2021-06-19T22:00,2021-06-19T22:15,89,70.8,70.8,70.8,,1,UP,NO,NO,2026-10-08T00:05:35Z
2021-06-19T20:15:00Z,2021-06-19T22:15,2021-06-19T22:30,90,69.43,69.43,,,0,STABLE,NO,NO,2026-10-08T00:05:35Z
2021-06-19T20:30:00Z,2021-06-19T22:30,2021-06-19T22:45,91,57.95,57.95,,57.95,-1,DOWN,NO,NO,2026-10-08T00:05:35Z
2021-06-19T20:45:00Z,2021-06-19T22:45,2021-06-19T23:00,92,32.81,32.81,,32.81,-1,DOWN,NO,NO,2026-10-08T00:05:35Z
2021-06-19T21:00:00Z,2021-06-19T23:00,2021-06-19T23:15,93,74.63,58.33,74.63,58.33,2,UP_AND_DOWN,NO,NO,2026-10-08T00:05:35Z
2021-06-19T21:15:00Z,2021-06-19T23:15,2021-06-19T23:30,94,66.47,66.47,,66.47,-1,DOWN,NO,NO,2026-10-08T00:05:35Z
2021-06-19T21:30:00Z,2021-06-19T23:30,2021-06-19T23:45,95,64.43,64.43,,64.43,-1,DOWN,NO,NO,2026-10-08T00:05:35Z
2021-06-19T21:45:00Z,2021-06-19T23:45,2021-06-20T00:00,96,69.76,69.76,69.76,64.43,1,UP,NO,NO,2026-10-08T00:05:35Z
2021-06-19T22:00:00Z,2021-06-20T00:00,2021-06-20T00:15,1,66.59,66.59,,,0,STABLE,NO,NO,2026-10-08T00:05:35Z
2021-06-19T22:15:00Z,2021-06-20T00:15,2021-06-20T00:30,2,49.68,49.68,,49.68,-1,DOWN,NO,NO,2026-10-08T00:05:35Z
2021-06-19T22:30:00Z,2021-06-20T00:30,2021-06-20T00:45,3,42.68,42.68,,42.68,-1,DOWN,NO,NO,2026-10-08T00:05:35Z
2021-06-19T22:45:00Z,2021-06-20T00:45,2021-06-20T01:00,4,34.32,34.32,,34.32,-1,DOWN,NO,NO,2026-10-08T00:05:35Z
2021-06-19T23:00:00Z,2021-06-20T01:00,2021-06-20T01:15,5,26.8,26.8,,26.8,-1,DOWN,NO,NO,2026-10-08T00:05:35Z
2021-06-19T23:15:00Z,2021-06-20T01:15,2021-06-20T01:30,6,-133.2,-133.2,,-133.2,-1,DOWN,NO,NO,2026-10-08T00:05:35Z
2021-06-19T23:30:00Z,2021-06-20T01:30,2021-06-20T01:45,7,-133.2,-133.2,,-133.2,-1,DOWN,NO,NO,2026-10-08T00:05:35Z
2021-06-19T23:45:00Z,2021-06-20T01:45,2021-06-20T02:00,8,-500.24,-500.24,,-500.24,-1,DOWN,NO,YES,2026-10-08T00:05:35Z
2021-06-20T00:00:00Z,2021-06-20T02:00,2021-06-20T02:15,9,-211.86,-211.86,,-211.86,-1,DOWN,NO,YES,2026-10-08T00:05:35Z
2021-06-20T00:15:00Z,2021-06-20T02:15,2021-06-20T02:30,10,-136.96,-136.96,,-136.96,-1,DOWN,NO,NO,2026-10-08T00:05:35Z
2021-06-20T00:30:00Z,2021-06-20T02:30,2021-06-20T02:45,11,-1.96,-1.96,,-1.96,-1,DOWN,NO,NO,2026-10-08T00:05:35Z
2021-06-20T00:45:00Z,2021-06-20T02:45,2021-06-20T03:00,12,53.07,53.07,,53.07,-1,DOWN,NO,NO,2026-10-08T00:05:35Z
2021-06-20T01:00:00Z,2021-06-20T03:00,2021-06-20T03:15,13,65.07,65.07,65.07,53.07,1,UP,NO,NO,2026-10-08T00:05:35Z
2021-06-20T01:15:00Z,2021-06-20T03:15,2021-06-20T03:30,14,61.07,61.07,65.07,61.07,-1,DOWN,NO,NO,2026-10-08T00:05:35Z
2021-06-20T01:30:00Z,2021-06-20T03:30,2021-06-20T03:45,15,59.29,59.29,,59.29,-1,DOWN,NO,NO,2026-10-08T00:05:35Z
2021-06-20T01:45:00Z,2021-06-20T03:45,2021-06-20T04:00,16,55.54,55.54,,,0,STABLE,NO,NO,2026-10-08T00:05:35Z
2021-06-20T02:00:00Z,2021-06-20T04:00,2021-06-20T04:15,17,99.68,99.68,99.68,,1,UP,NO,NO,2026-10-08T00:05:35Z
2021-06-20T02:15:00Z,2021-06-20T04:15,2021-06-20T04:30,18,251.58,251.58,251.58,,1,UP,NO,NO,2026-10-08T00:05:35Z
2021-06-20T02:30:00Z,2021-06-20T04:30,2021-06-20T04:45,19,251.58,251.58,251.58,,1,UP,NO,NO,2026-10-08T00:05:35Z
2021-06-20T02:45:00Z,2021-06-20T04:45,2021-06-20T05:00,20,73.83,73.83,73.83,,1,UP,NO,NO,2026-10-08T00:05:35Z
2021-06-20T03:00:00Z,2021-06-20T05:00,2021-06-20T05:15,21,255.61,255.61,255.61,,1,UP,NO,NO,2026-10-08T00:05:35Z
2021-06-20T03:15:00Z,2021-06-20T05:15,2021-06-20T05:30,22,81.85,81.85,81.85,,1,UP,NO,NO,2026-10-08T00:05:35Z
2021-06-20T03:30:00Z,2021-06-20T05:30,2021-06-20T05:45,23,62.83,62.83,81.85,62.83,-1,DOWN,NO,NO,2026-10-08T00:05:35Z
2021-06-20T03:45:00Z,2021-06-20T05:45,2021-06-20T06:00,24,64.57,64.57,64.57,,1,UP,NO,NO,2026-10-08T00:05:35Z
2021-06-20T04:00:00Z,2021-06-20T06:00,2021-06-20T06:15,25,391.19,391.19,391.19,,1,UP,NO,NO,2026-10-08T00:05:35Z
2021-06-20T04:15:00Z,2021-06-20T06:15,2021-06-20T06:30,26,73.48,62.69,73.48,62.69,2,UP_AND_DOWN,NO,NO,2026-10-08T00:05:35Z
2021-06-20T04:30:00Z,2021-06-20T06:30,2021-06-20T06:45,27,64.37,64.37,,64.37,-1,DOWN,NO,NO,2026-10-08T00:05:35Z
2021-06-20T04:45:00Z,2021-06-20T06:45,2021-06-20T07:00,28,63.19,63.19,,,0,STABLE,NO,NO,2026-10-08T00:05:35Z
2021-06-20T05:00:00Z,2021-06-20T07:00,2021-06-20T07:15,29,64.82,64.82,,,0,STABLE,NO,NO,2026-10-08T00:05:35Z
2021-06-20T05:15:00Z,2021-06-20T07:15,2021-06-20T07:30,30,65.21,65.21,65.21,,1,UP,NO,NO,2026-10-08T00:05:35Z
2021-06-20T05:30:00Z,2021-06-20T07:30,2021-06-20T07:45,31,63.23,63.23,,,0,STABLE,NO,NO,2026-10-08T00:05:35Z
2021-06-20T05:45:00Z,2021-06-20T07:45,2021-06-20T08:00,32,64.94,64.94,,,0,STABLE,NO,NO,2026-10-08T00:05:35Z
2021-06-20T06:00:00Z,2021-06-20T08:00,2021-06-20T08:15,33,60.66,60.66,,,0,STABLE,NO,NO,2026-10-08T00:05:35Z
2021-06-20T06:15:00Z,2021-06-20T08:15,2021-06-20T08:30,34,60.26,60.26,60.26,,1,UP,NO,NO,2026-10-08T00:05:35Z
2021-06-20T06:30:00Z,2021-06-20T08:30,2021-06-20T08:45,35,65.24,65.24,65.24,,1,UP,NO,NO,2026-10-08T00:05:35Z
2021-06-20T06:45:00Z,2021-06-20T08:45,2021-06-20T09:00,36,60.66,60.66,,,0,STABLE,NO,NO,2026-10-08T00:05:35Z
2021-06-20T07:00:00Z,2021-06-20T09:00,2021-06-20T09:15,37,65.24,65.24,65.24,,1,UP,NO,NO,2026-10-08T00:05:35Z
2021-06-20T07:15:00Z,2021-06-20T09:15,2021-06-20T09:30,38,61.92,61.92,,,0,STABLE,NO,NO,2026-10-08T00:05:35Z
2021-06-20T07:30:00Z,2021-06-20T09:30,2021-06-20T09:45,39,51.25,51.25,,51.25,-1,DOWN,NO,NO,2026-10-08T00:05:35Z
2021-06-20T07:45:00Z,2021-06-20T09:45,2021-06-20T10:00,40,50.37,50.37,,50.37,-1,DOWN,NO,NO,2026-10-08T00:05:35Z
2021-06-20T08:00:00Z,2021-06-20T10:00,2021-06-20T10:15,41,55.73,55.73,,55.73,-1,DOWN,NO,NO,2026-10-08T00:05:35Z
2021-06-20T08:15:00Z,2021-06-20T10:15,2021-06-20T10:30,42,54.63,54.63,,54.63,-1,DOWN,NO,NO,2026-10-08T00:05:35Z
2021-06-20T08:30:00Z,2021-06-20T10:30,2021-06-20T10:45,43,61.24,61.24,,61.24,-1,DOWN,NO,NO,2026-10-08T00:05:35Z
2021-06-20T08:45:00Z,2021-06-20T10:45,2021-06-20T11:00,44,61.09,61.09,,61.09,-1,DOWN,NO,NO,2026-10-08T00:05:35Z
2021-06-20T09:00:00Z,2021-06-20T11:00,2021-06-20T11:15,45,243.82,243.82,243.82,,1,UP,NO,NO,2026-10-08T00:05:35Z
2021-06-20T09:15:00Z,2021-06-20T11:15,2021-06-20T11:30,46,82.85,82.85,82.85,,1,UP,NO,NO,2026-10-08T00:05:35Z
2021-06-20T09:30:00Z,2021-06-20T11:30,2021-06-20T11:45,47,59.98,59.98,,,0,STABLE,NO,NO,2026-10-08T00:05:35Z
2021-06-20T09:45:00Z,2021-06-20T11:45,2021-06-20T12:00,48,59.98,59.98,,,0,STABLE,NO,NO,2026-10-08T00:05:35Z
2021-06-20T10:00:00Z,2021-06-20T12:00,2021-06-20T12:15,49,232.03,232.03,232.03,,1,UP,NO,NO,2026-10-08T00:05:35Z
2021-06-20T10:15:00Z,2021-06-20T12:15,2021-06-20T12:30,50,75.88,75.88,75.88,,1,UP,NO,NO,2026-10-08T00:05:35Z
2021-06-20T10:30:00Z,2021-06-20T12:30,2021-06-20T12:45,51,89.85,89.85,89.85,,1,UP,NO,NO,2026-10-08T00:05:35Z
2021-06-20T10:45:00Z,2021-06-20T12:45,2021-06-20T13:00,52,232.03,232.03,232.03,,1,UP,NO,NO,2026-10-08T00:05:35Z
2021-06-20T11:00:00Z,2021-06-20T13:00,2021-06-20T13:15,53,89.85,89.85,89.85,,1,UP,NO,NO,2026-10-08T00:05:35Z
2021-06-20T11:15:00Z,2021-06-20T13:15,2021-06-20T13:30,54,220.23,220.23,220.23,,1,UP,NO,NO,2026-10-08T00:05:35Z
2021-06-20T11:30:00Z,2021-06-20T13:30,2021-06-20T13:45,55,119.85,119.85,119.85,,1,UP,NO,NO,2026-10-08T00:05:35Z
2021-06-20T11:45:00Z,2021-06-20T13:45,2021-06-20T14:00,56,52.23,52.23,119.85,52.23,-1,DOWN,NO,NO,2026-10-08T00:05:35Z
2021-06-20T12:00:00Z,2021-06-20T14:00,2021-06-20T14:15,57,59.76,59.76,,59.76,-1,DOWN,NO,NO,2026-10-08T00:05:35Z
2021-06-20T12:15:00Z,2021-06-20T14:15,2021-06-20T14:30,58,60.37,60.37,,,0,STABLE,NO,NO,2026-10-08T00:05:35Z
2021-06-20T12:30:00Z,2021-06-20T14:30,2021-06-20T14:45,59,58.91,58.91,58.91,,1,UP,NO,NO,2026-10-08T00:05:35Z
2021-06-20T12:45:00Z,2021-06-20T14:45,2021-06-20T15:00,60,76.01,76.01,76.01,,1,UP,NO,NO,2026-10-08T00:05:35Z
2021-06-20T13:00:00Z,2021-06-20T15:00,2021-06-20T15:15,61,89.85,60.55,89.85,61.62,2,UP_AND_DOWN,NO,NO,2026-10-08T00:05:35Z
2021-06-20T13:15:00Z,2021-06-20T15:15,2021-06-20T15:30,62,68.24,68.24,68.24,61.62,1,UP,NO,NO,2026-10-08T00:05:35Z
2021-06-20T13:30:00Z,2021-06-20T15:30,2021-06-20T15:45,63,200.85,200.85,200.85,,1,UP,NO,NO,2026-10-08T00:05:35Z
2021-06-20T13:45:00Z,2021-06-20T15:45,2021-06-20T16:00,64,220.23,220.23,220.23,,1,UP,NO,NO,2026-10-08T00:05:35Z
2021-06-20T14:00:00Z,2021-06-20T16:00,2021-06-20T16:15,65,101.86,101.86,101.86,,1,UP,NO,NO,2026-10-08T00:05:35Z
2021-06-20T14:15:00Z,2021-06-20T16:15,2021-06-20T16:30,66,82.85,82.85,82.85,,1,UP,NO,NO,2026-10-08T00:05:35Z
2021-06-20T14:30:00Z,2021-06-20T16:30,2021-06-20T16:45,67,119.85,61.65,119.85,64.58,2,UP_AND_DOWN,NO,NO,2026-10-08T00:05:35Z
2021-06-20T14:45:00Z,2021-06-20T16:45,2021-06-20T17:00,68,243.82,243.82,243.82,,1,UP,NO,NO,2026-10-08T00:05:35Z
2021-06-20T15:00:00Z,2021-06-20T17:00,2021-06-20T17:15,69,58.81,58.81,243.82,58.81,-1,DOWN,NO,NO,2026-10-08T00:05:35Z
2021-06-20T15:15:00Z,2021-06-20T17:15,2021-06-20T17:30,70,61.24,61.24,,61.24,-1,DOWN,NO,NO,2026-10-08T00:05:35Z
2021-06-20T15:30:00Z,2021-06-20T17:30,2021-06-20T17:45,71,63.06,63.06,,63.06,-1,DOWN,NO,NO,2026-10-08T00:05:35Z
2021-06-20T15:45:00Z,2021-06-20T17:45,2021-06-20T18:00,72,64.84,64.84,,,0,STABLE,NO,NO,2026-10-08T00:05:35Z
2021-06-20T16:00:00Z,2021-06-20T18:00,2021-06-20T18:15,73,64.42,64.42,,64.42,-1,DOWN,NO,NO,2026-10-08T00:05:35Z
2021-06-20T16:15:00Z,2021-06-20T18:15,2021-06-20T18:30,74,66.54,66.54,,,0,STABLE,NO,NO,2026-10-08T00:05:35Z
2021-06-20T16:30:00Z,2021-06-20T18:30,2021-06-20T18:45,75,66.59,66.59,,,0,STABLE,NO,NO,2026-10-08T00:05:35Z
2021-06-20T16:45:00Z,2021-06-20T18:45,2021-06-20T19:00,76,66.59,66.59,,,0,STABLE,NO,NO,2026-10-08T00:05:35Z
2021-06-20T17:00:00Z,2021-06-20T19:00,2021-06-20T19:15,77,-112.06,-112.06,,-112.06,-1,DOWN,NO,NO,2026-10-08T00:05:35Z
2021-06-20T17:15:00Z,2021-06-20T19:15,2021-06-20T19:30,78,42.85,42.85,,42.85,-1,DOWN,NO,NO,2026-10-08T00:05:35Z
2021-06-20T17:30:00Z,2021-06-20T19:30,2021-06-20T19:45,79,55.36,55.36,,55.36,-1,DOWN,NO,NO,2026-10-08T00:05:35Z
2021-06-20T17:45:00Z,2021-06-20T19:45,2021-06-20T20:00,80,73.83,59.16,73.83,59.16,2,UP_AND_DOWN,NO,NO,2026-10-08T00:05:35Z
2021-06-20T18:00:00Z,2021-06-20T20:00,2021-06-20T20:15,81,-111.42,-111.42,,-111.42,-1,DOWN,NO,NO,2026-10-08T00:05:35Z
2021-06-20T18:15:00Z,2021-06-20T20:15,2021-06-20T20:30,82,51.66,51.66,,51.66,-1,DOWN,NO,NO,2026-10-08T00:05:35Z
2021-06-20T18:30:00Z,2021-06-20T20:30,2021-06-20T20:45,83,49.85,49.85,,49.85,-1,DOWN,NO,NO,2026-10-08T00:05:35Z
2021-06-20T18:45:00Z,2021-06-20T20:45,2021-06-20T21:00,84,53.24,53.24,,53.24,-1,DOWN,NO,NO,2026-10-08T00:05:35Z
2021-06-20T19:00:00Z,2021-06-20T21:00,2021-06-20T21:15,85,59.45,59.45,,59.45,-1,DOWN,NO,NO,2026-10-08T00:05:35Z
2021-06-20T19:15:00Z,2021-06-20T21:15,2021-06-20T21:30,86,59.84,59.84,,59.84,-1,DOWN,NO,NO,2026-10-08T00:05:35Z
2021-06-20T19:30:00Z,2021-06-20T21:30,2021-06-20T21:45,87,61.24,61.24,,61.24,-1,DOWN,NO,NO,2026-10-08T00:05:35Z
2021-06-20T19:45:00Z,2021-06-20T21:45,2021-06-20T22:00,88,56.82,56.82,,56.82,-1,DOWN,NO,NO,2026-10-08T00:05:35Z
2021-06-20T20:00:00Z,2021-06-20T22:00,2021-06-20T22:15,89,59.24,59.24,,59.24,-1,DOWN,NO,NO,2026-10-08T00:05:35Z
2021-06-20T20:15:00Z,2021-06-20T22:15,2021-06-20T22:30,90,64.43,64.43,,64.43,-1,DOWN,NO,NO,2026-10-08T00:05:35Z
2021-06-20T20:30:00Z,2021-06-20T22:30,2021-06-20T22:45,91,61.24,61.24,,61.24,-1,DOWN,NO,NO,2026-10-08T00:05:35Z
2021-06-20T20:45:00Z,2021-06-20T22:45,2021-06-20T23:00,92,21.82,21.82,,21.82,-1,DOWN,NO,NO,2026-10-08T00:05:35Z
2021-06-20T21:00:00Z,2021-06-20T23:00,2021-06-20T23:15,93,44.32,44.32,,44.32,-1,DOWN,NO,NO,2026-10-08T00:05:35Z
2021-06-20T21:15:00Z,2021-06-20T23:15,2021-06-20T23:30,94,32.85,32.85,,32.85,-1,DOWN,NO,NO,2026-10-08T00:05:35Z
2021-06-20T21:30:00Z,2021-06-20T23:30,2021-06-20T23:45,95,-40.17,-40.17,,-40.17,-1,DOWN,NO,NO,2026-10-08T00:05:35Z
2021-06-20T21:45:00Z,2021-06-20T23:45,2021-06-21T00:00,96,-82.2,-82.2,,-82.2,-1,DOWN,NO,NO,2026-10-08T00:05:35Z
2021-06-20T22:00:00Z,2021-06-21T00:00,2021-06-21T00:15,1,53.24,53.24,,53.24,-1,DOWN,NO,NO,2026-10-08T00:05:35Z
2021-06-20T22:15:00Z,2021-06-21T00:15,2021-06-21T00:30,2,-27.67,-27.67,,-27.67,-1,DOWN,NO,NO,2026-10-08T00:05:35Z
2021-06-20T22:30:00Z,2021-06-21T00:30,2021-06-21T00:45,3,-104.01,-104.01,,-104.01,-1,DOWN,NO,NO,2026-10-08T00:05:35Z
2021-06-20T22:45:00Z,2021-06-21T00:45,2021-06-21T01:00,4,-44.36,-44.36,,-44.36,-1,DOWN,NO,NO,2026-10-08T00:05:35Z
2021-06-20T23:00:00Z,2021-06-21T01:00,2021-06-21T01:15,5,39.83,39.83,,39.83,-1,DOWN,NO,NO,2026-10-08T00:05:35Z
2021-06-20T23:15:00Z,2021-06-21T01:15,2021-06-21T01:30,6,59.24,59.24,,59.24,-1,DOWN,NO,NO,2026-10-08T00:05:35Z
2021-06-20T23:30:00Z,2021-06-21T01:30,2021-06-21T01:45,7,59.24,59.24,,59.24,-1,DOWN,NO,NO,2026-10-08T00:05:35Z
2021-06-20T23:45:00Z,2021-06-21T01:45,2021-06-21T02:00,8,-7.43,-7.43,,-7.43,-1,DOWN,NO,NO,2026-10-08T00:05:35Z
2021-06-21T00:00:00Z,2021-06-21T02:00,2021-06-21T02:15,9,21.03,21.03,,21.03,-1,DOWN,NO,NO,2026-10-08T00:05:35Z
2021-06-21T00:15:00Z,2021-06-21T02:15,2021-06-21T02:30,10,66.01,66.01,,,0,STABLE,NO,NO,2026-10-08T00:05:35Z
2021-06-21T00:30:00Z,2021-06-21T02:30,2021-06-21T02:45,11,66.2,66.2,,66.2,-1,DOWN,NO,NO,2026-10-08T00:05:35Z
2021-06-21T00:45:00Z,2021-06-21T02:45,2021-06-21T03:00,12,48.55,48.55,,48.55,-1,DOWN,NO,NO,2026-10-08T00:05:35Z
2021-06-21T01:00:00Z,2021-06-21T03:00,2021-06-21T03:15,13,64.79,64.79,64.79,61.68,1,UP,NO,NO,2026-10-08T00:05:35Z
2021-06-21T01:15:00Z,2021-06-21T03:15,2021-06-21T03:30,14,64.72,64.72,64.72,,1,UP,NO,NO,2026-10-08T00:05:35Z
2021-06-21T01:30:00Z,2021-06-21T03:30,2021-06-21T03:45,15,58.58,58.58,,,0,STABLE,NO,NO,2026-10-08T00:05:35Z
2021-06-21T01:45:00Z,2021-06-21T03:45,2021-06-21T04:00,16,61.24,61.24,,61.24,-1,DOWN,NO,NO,2026-10-08T00:05:35Z
2021-06-21T02:00:00Z,2021-06-21T04:00,2021-06-21T04:15,17,58.58,58.58,,,0,STABLE,NO,NO,2026-10-08T00:05:35Z
2021-06-21T02:15:00Z,2021-06-21T04:15,2021-06-21T04:30,18,71.76,71.76,71.76,,1,UP,NO,NO,2026-10-08T00:05:35Z
2021-06-21T02:30:00Z,2021-06-21T04:30,2021-06-21T04:45,19,68.76,68.76,68.76,,1,UP,NO,NO,2026-10-08T00:05:35Z
2021-06-21T02:45:00Z,2021-06-21T04:45,2021-06-21T05:00,20,65.76,65.76,65.76,,1,UP,NO,NO,2026-10-08T00:05:35Z
2021-06-21T03:00:00Z,2021-06-21T05:00,2021-06-21T05:15,21,58.58,58.58,,,0,STABLE,NO,NO,2026-10-08T00:05:35Z
2021-06-21T03:15:00Z,2021-06-21T05:15,2021-06-21T05:30,22,65.94,65.94,,,0,STABLE,NO,NO,2026-10-08T00:05:35Z
2021-06-21T03:30:00Z,2021-06-21T05:30,2021-06-21T05:45,23,65.18,65.18,,65.18,-1,DOWN,NO,NO,2026-10-08T00:05:35Z
2021-06-21T03:45:00Z,2021-06-21T05:45,2021-06-21T06:00,24,48.55,48.55,,48.55,-1,DOWN,NO,NO,2026-10-08T00:05:35Z
2021-06-21T04:00:00Z,2021-06-21T06:00,2021-06-21T06:15,25,318.94,58.34,318.94,64.31,2,UP_AND_DOWN,NO,NO,2026-10-08T00:05:35Z
2021-06-21T04:15:00Z,2021-06-21T06:15,2021-06-21T06:30,26,-6.28,-6.28,318.94,-6.28,-1,DOWN,NO,NO,2026-10-08T00:05:35Z
2021-06-21T04:30:00Z,2021-06-21T06:30,2021-06-21T06:45,27,48.13,48.13,,48.13,-1,DOWN,NO,NO,2026-10-08T00:05:35Z
2021-06-21T04:45:00Z,2021-06-21T06:45,2021-06-21T07:00,28,53.94,53.94,,53.94,-1,DOWN,NO,NO,2026-10-08T00:05:35Z
2021-06-21T05:00:00Z,2021-06-21T07:00,2021-06-21T07:15,29,54.01,54.01,,54.01,-1,DOWN,NO,NO,2026-10-08T00:05:35Z
2021-06-21T05:15:00Z,2021-06-21T07:15,2021-06-21T07:30,30,61.94,61.94,,61.94,-1,DOWN,NO,NO,2026-10-08T00:05:35Z
2021-06-21T05:30:00Z,2021-06-21T07:30,2021-06-21T07:45,31,66.06,66.06,,66.06,-1,DOWN,NO,NO,2026-10-08T00:05:35Z
2021-06-21T05:45:00Z,2021-06-21T07:45,2021-06-21T08:00,32,66.23,66.23,,,0,STABLE,NO,NO,2026-10-08T00:05:35Z
2021-06-21T06:00:00Z,2021-06-21T08:00,2021-06-21T08:15,33,66.06,66.06,,66.06,-1,DOWN,NO,NO,2026-10-08T00:05:35Z
2021-06-21T06:15:00Z,2021-06-21T08:15,2021-06-21T08:30,34,66.05,66.05,,66.05,-1,DOWN,NO,NO,2026-10-08T00:05:35Z
2021-06-21T06:30:00Z,2021-06-21T08:30,2021-06-21T08:45,35,61.94,61.94,,61.94,-1,DOWN,NO,NO,2026-10-08T00:05:35Z
2021-06-21T06:45:00Z,2021-06-21T08:45,2021-06-21T09:00,36,60.73,60.73,,60.73,-1,DOWN,NO,NO,2026-10-08T00:05:35Z
2021-06-21T07:00:00Z,2021-06-21T09:00,2021-06-21T09:15,37,64.31,64.31,,64.31,-1,DOWN,NO,NO,2026-10-08T00:05:35Z
2021-06-21T07:15:00Z,2021-06-21T09:15,2021-06-21T09:30,38,61.94,61.94,,61.94,-1,DOWN,NO,NO,2026-10-08T00:05:35Z
2021-06-21T07:30:00Z,2021-06-21T09:30,2021-06-21T09:45,39,61.94,61.94,,61.94,-1,DOWN,NO,NO,2026-10-08T00:05:35Z
2021-06-21T07:45:00Z,2021-06-21T09:45,2021-06-21T10:00,40,66.05,66.05,,66.05,-1,DOWN,NO,NO,2026-10-08T00:05:35Z
2021-06-21T08:00:00Z,2021-06-21T10:00,2021-06-21T10:15,41,58.32,58.32,,,0,STABLE,NO,NO,2026-10-08T00:05:35Z
2021-06-21T08:15:00Z,2021-06-21T10:15,2021-06-21T10:30,42,66.04,66.04,,,0,STABLE,NO,NO,2026-10-08T00:05:35Z
2021-06-21T08:30:00Z,2021-06-21T10:30,2021-06-21T10:45,43,66.04,66.04,,,0,STABLE,NO,NO,2026-10-08T00:05:35Z
2021-06-21T08:45:00Z,2021-06-21T10:45,2021-06-21T11:00,44,66.04,66.04,,,0,STABLE,NO,NO,2026-10-08T00:05:35Z
2021-06-21T09:00:00Z,2021-06-21T11:00,2021-06-21T11:15,45,61.94,61.94,,61.94,-1,DOWN,NO,NO,2026-10-08T00:05:35Z
2021-06-21T09:15:00Z,2021-06-21T11:15,2021-06-21T11:30,46,65.87,65.87,,,0,STABLE,NO,NO,2026-10-08T00:05:35Z
2021-06-21T09:30:00Z,2021-06-21T11:30,2021-06-21T11:45,47,65.84,65.84,65.84,,1,UP,NO,NO,2026-10-08T00:05:35Z
2021-06-21T09:45:00Z,2021-06-21T11:45,2021-06-21T12:00,48,65.84,65.84,65.84,,1,UP,NO,NO,2026-10-08T00:05:35Z
2021-06-21T10:00:00Z,2021-06-21T12:00,2021-06-21T12:15,49,58.32,58.32,,,0,STABLE,NO,NO,2026-10-08T00:05:35Z
2021-06-21T10:15:00Z,2021-06-21T12:15,2021-06-21T12:30,50,65.72,65.72,,,0,STABLE,NO,NO,2026-10-08T00:05:35Z
2021-06-21T10:30:00Z,2021-06-21T12:30,2021-06-21T12:45,51,65.72,65.72,,,0,STABLE,NO,NO,2026-10-08T00:05:35Z
2021-06-21T10:45:00Z,2021-06-21T12:45,2021-06-21T13:00,52,59.94,59.94,,59.94,-1,DOWN,NO,NO,2026-10-08T00:05:35Z
2021-06-21T11:00:00Z,2021-06-21T13:00,2021-06-21T13:15,53,76.39,76.39,76.39,59.94,1,UP,NO,NO,2026-10-08T00:05:35Z
2021-06-21T11:15:00Z,2021-06-21T13:15,2021-06-21T13:30,54,79.26,79.26,79.26,,1,UP,NO,NO,2026-10-08T00:05:35Z
2021-06-21T11:30:00Z,2021-06-21T13:30,2021-06-21T13:45,55,65.47,65.47,65.47,,1,UP,NO,NO,2026-10-08T00:05:35Z
2021-06-21T11:45:00Z,2021-06-21T13:45,2021-06-21T14:00,56,59.94,59.94,,59.94,-1,DOWN,NO,NO,2026-10-08T00:05:35Z
2021-06-21T12:00:00Z,2021-06-21T14:00,2021-06-21T14:15,57,61.94,61.94,,61.94,-1,DOWN,NO,NO,2026-10-08T00:05:35Z
2021-06-21T12:15:00Z,2021-06-21T14:15,2021-06-21T14:30,58,65.92,65.92,,,0,STABLE,NO,NO,2026-10-08T00:05:35Z
2021-06-21T12:30:00Z,2021-06-21T14:30,2021-06-21T14:45,59,61.94,61.94,,61.94,-1,DOWN,NO,NO,2026-10-08T00:05:35Z
2021-06-21T12:45:00Z,2021-06-21T14:45,2021-06-21T15:00,60,53.94,53.94,,53.94,-1,DOWN,NO,NO,2026-10-08T00:05:35Z
2021-06-21T13:00:00Z,2021-06-21T15:00,2021-06-21T15:15,61,76.39,76.39,76.39,53.94,1,UP,NO,NO,2026-10-08T00:05:35Z
2021-06-21T13:15:00Z,2021-06-21T15:15,2021-06-21T15:30,62,66.97,66.97,66.97,,1,UP,NO,NO,2026-10-08T00:05:35Z
2021-06-21T13:30:00Z,2021-06-21T15:30,2021-06-21T15:45,63,64.3,64.3,,64.3,-1,DOWN,NO,NO,2026-10-08T00:05:35Z
2021-06-21T13:45:00Z,2021-06-21T15:45,2021-06-21T16:00,64,61.94,61.94,,61.94,-1,DOWN,NO,NO,2026-10-08T00:05:35Z
2021-06-21T14:00:00Z,2021-06-21T16:00,2021-06-21T16:15,65,68.89,68.89,68.89,61.94,1,UP,NO,NO,2026-10-08T00:05:35Z
2021-06-21T14:15:00Z,2021-06-21T16:15,2021-06-21T16:30,66,69.22,69.22,69.22,,1,UP,NO,NO,2026-10-08T00:05:35Z
2021-06-21T14:30:00Z,2021-06-21T16:30,2021-06-21T16:45,67,65.82,65.82,,,0,STABLE,NO,NO,2026-10-08T00:05:35Z
2021-06-21T14:45:00Z,2021-06-21T16:45,2021-06-21T17:00,68,65.84,65.84,,,0,STABLE,NO,NO,2026-10-08T00:05:35Z
2021-06-21T15:00:00Z,2021-06-21T17:00,2021-06-21T17:15,69,71.41,71.41,71.41,,1,UP,NO,NO,2026-10-08T00:05:35Z
2021-06-21T15:15:00Z,2021-06-21T17:15,2021-06-21T17:30,70,66.93,66.93,66.93,,1,UP,NO,NO,2026-10-08T00:05:35Z
2021-06-21T15:30:00Z,2021-06-21T17:30,2021-06-21T17:45,71,68.77,68.77,,,0,STABLE,NO,NO,2026-10-08T00:05:35Z
2021-06-21T15:45:00Z,2021-06-21T17:45,2021-06-21T18:00,72,74.56,74.56,74.56,,1,UP,NO,NO,2026-10-08T00:05:35Z
2021-06-21T16:00:00Z,2021-06-21T18:00,2021-06-21T18:15,73,72.66,72.66,72.66,,1,UP,NO,NO,2026-10-08T00:05:35Z
2021-06-21T16:15:00Z,2021-06-21T18:15,2021-06-21T18:30,74,69.12,69.12,69.12,,1,UP,NO,NO,2026-10-08T00:05:35Z
2021-06-21T16:30:00Z,2021-06-21T18:30,2021-06-21T18:45,75,66.06,66.06,,66.06,-1,DOWN,NO,NO,2026-10-08T00:05:35Z
2021-06-21T16:45:00Z,2021-06-21T18:45,2021-06-21T19:00,76,68.73,68.73,,,0,STABLE,NO,NO,2026-10-08T00:05:35Z
2021-06-21T17:00:00Z,2021-06-21T19:00,2021-06-21T19:15,77,69.49,69.49,69.49,,1,UP,NO,NO,2026-10-08T00:05:35Z
2021-06-21T17:15:00Z,2021-06-21T19:15,2021-06-21T19:30,78,67.32,67.32,,,0,STABLE,NO,NO,2026-10-08T00:05:35Z
2021-06-21T17:30:00Z,2021-06-21T19:30,2021-06-21T19:45,79,61.65,61.65,,61.65,-1,DOWN,NO,NO,2026-10-08T00:05:35Z
2021-06-21T17:45:00Z,2021-06-21T19:45,2021-06-21T20:00,80,52.7,52.7,,52.7,-1,DOWN,NO,NO,2026-10-08T00:05:35Z
2021-06-21T18:00:00Z,2021-06-21T20:00,2021-06-21T20:15,81,75.51,58.7,75.51,58.7,2,UP_AND_DOWN,NO,NO,2026-10-08T00:05:35Z
2021-06-21T18:15:00Z,2021-06-21T20:15,2021-06-21T20:30,82,65.99,65.99,75.51,65.99,-1,DOWN,NO,NO,2026-10-08T00:05:35Z
2021-06-21T18:30:00Z,2021-06-21T20:30,2021-06-21T20:45,83,65.97,65.97,,65.97,-1,DOWN,NO,NO,2026-10-08T00:05:35Z
2021-06-21T18:45:00Z,2021-06-21T20:45,2021-06-21T21:00,84,63.56,63.56,,63.56,-1,DOWN,NO,NO,2026-10-08T00:05:35Z
2021-06-21T19:00:00Z,2021-06-21T21:00,2021-06-21T21:15,85,66.06,66.06,,66.06,-1,DOWN,NO,NO,2026-10-08T00:05:35Z
2021-06-21T19:15:00Z,2021-06-21T21:15,2021-06-21T21:30,86,67.23,67.23,,,0,STABLE,NO,NO,2026-10-08T00:05:35Z
2021-06-21T19:30:00Z,2021-06-21T21:30,2021-06-21T21:45,87,67.24,67.24,,,0,STABLE,NO,NO,2026-10-08T00:05:35Z
2021-06-21T19:45:00Z,2021-06-21T21:45,2021-06-21T22:00,88,65.79,65.79,,65.79,-1,DOWN,NO,NO,2026-10-08T00:05:35Z
2021-06-21T20:00:00Z,2021-06-21T22:00,2021-06-21T22:15,89,63.91,63.91,,63.91,-1,DOWN,NO,NO,2026-10-08T00:05:35Z
2021-06-21T20:15:00Z,2021-06-21T22:15,2021-06-21T22:30,90,66.05,66.05,,66.05,-1,DOWN,NO,NO,2026-10-08T00:05:35Z
2021-06-21T20:30:00Z,2021-06-21T22:30,2021-06-21T22:45,91,61.94,61.94,,61.94,-1,DOWN,NO,NO,2026-10-08T00:05:35Z
2021-06-21T20:45:00Z,2021-06-21T22:45,2021-06-21T23:00,92,59.94,59.94,,59.94,-1,DOWN,NO,NO,2026-10-08T00:05:35Z
2021-06-21T21:00:00Z,2021-06-21T23:00,2021-06-21T23:15,93,59.94,59.94,,59.94,-1,DOWN,NO,NO,2026-10-08T00:05:35Z
2021-06-21T21:15:00Z,2021-06-21T23:15,2021-06-21T23:30,94,74.12,74.12,74.12,59.94,1,UP,NO,NO,2026-10-08T00:05:35Z
2021-06-21T21:30:00Z,2021-06-21T23:30,2021-06-21T23:45,95,68.86,68.86,,,0,STABLE,NO,NO,2026-10-08T00:05:35Z
2021-06-21T21:45:00Z,2021-06-21T23:45,2021-06-22T00:00,96,66.11,66.11,,66.11,-1,DOWN,NO,NO,2026-10-08T00:05:35Z
2021-06-21T22:00:00Z,2021-06-22T00:00,2021-06-22T00:15,1,64.72,58.67,64.72,59.42,2,UP_AND_DOWN,NO,NO,2026-10-08T00:05:35Z
2021-06-21T22:15:00Z,2021-06-22T00:15,2021-06-22T00:30,2,69.22,69.22,69.22,,1,UP,NO,NO,2026-10-08T00:05:35Z
2021-06-21T22:30:00Z,2021-06-22T00:30,2021-06-22T00:45,3,66.03,66.03,,,0,STABLE,NO,NO,2026-10-08T00:05:35Z
2021-06-21T22:45:00Z,2021-06-22T00:45,2021-06-22T01:00,4,66.03,66.03,,,0,STABLE,NO,NO,2026-10-08T00:05:35Z
2021-06-21T23:00:00Z,2021-06-22T01:00,2021-06-22T01:15,5,58.07,58.07,,,0,STABLE,NO,NO,2026-10-08T00:05:35Z
2021-06-21T23:15:00Z,2021-06-22T01:15,2021-06-22T01:30,6,66.26,66.26,,,0,STABLE,NO,NO,2026-10-08T00:05:35Z
2021-06-21T23:30:00Z,2021-06-22T01:30,2021-06-22T01:45,7,66.6,66.6,,66.6,-1,DOWN,NO,NO,2026-10-08T00:05:35Z
2021-06-21T23:45:00Z,2021-06-22T01:45,2021-06-22T02:00,8,59.26,59.26,,59.26,-1,DOWN,NO,NO,2026-10-08T00:05:35Z
2021-06-22T00:00:00Z,2021-06-22T02:00,2021-06-22T02:15,9,56.42,56.42,,56.42,-1,DOWN,NO,NO,2026-10-08T00:05:35Z
2021-06-22T00:15:00Z,2021-06-22T02:15,2021-06-22T02:30,10,53.42,53.42,,53.42,-1,DOWN,NO,NO,2026-10-08T00:05:35Z
2021-06-22T00:30:00Z,2021-06-22T02:30,2021-06-22T02:45,11,56.42,56.42,,56.42,-1,DOWN,NO,NO,2026-10-08T00:05:35Z
2021-06-22T00:45:00Z,2021-06-22T02:45,2021-06-22T03:00,12,66.47,66.47,,66.47,-1,DOWN,NO,NO,2026-10-08T00:05:35Z
2021-06-22T01:00:00Z,2021-06-22T03:00,2021-06-22T03:15,13,67.5,58.17,67.5,66.34,2,UP_AND_DOWN,NO,NO,2026-10-08T00:05:35Z
2021-06-22T01:15:00Z,2021-06-22T03:15,2021-06-22T03:30,14,66.7,66.7,66.7,,1,UP,NO,NO,2026-10-08T00:05:35Z
2021-06-22T01:30:00Z,2021-06-22T03:30,2021-06-22T03:45,15,66.19,66.19,,,0,STABLE,NO,NO,2026-10-08T00:05:35Z
2021-06-22T01:45:00Z,2021-06-22T03:45,2021-06-22T04:00,16,64.8,64.8,,64.8,-1,DOWN,NO,NO,2026-10-08T00:05:35Z
2021-06-22T02:00:00Z,2021-06-22T04:00,2021-06-22T04:15,17,23.25,23.25,,23.25,-1,DOWN,NO,NO,2026-10-08T00:05:35Z
2021-06-22T02:15:00Z,2021-06-22T04:15,2021-06-22T04:30,18,48.45,48.45,,48.45,-1,DOWN,NO,NO,2026-10-08T00:05:35Z
2021-06-22T02:30:00Z,2021-06-22T04:30,2021-06-22T04:45,19,48.55,48.55,,48.55,-1,DOWN,NO,NO,2026-10-08T00:05:35Z
2021-06-22T02:45:00Z,2021-06-22T04:45,2021-06-22T05:00,20,50.64,50.64,,50.64,-1,DOWN,NO,NO,2026-10-08T00:05:35Z
2021-06-22T03:00:00Z,2021-06-22T05:00,2021-06-22T05:15,21,53.98,53.98,,53.98,-1,DOWN,NO,NO,2026-10-08T00:05:35Z
2021-06-22T03:15:00Z,2021-06-22T05:15,2021-06-22T05:30,22,46.85,46.85,,46.85,-1,DOWN,NO,NO,2026-10-08T00:05:35Z
2021-06-22T03:30:00Z,2021-06-22T05:30,2021-06-22T05:45,23,-32.49,-32.49,,-32.49,-1,DOWN,NO,NO,2026-10-08T00:05:35Z
2021-06-22T03:45:00Z,2021-06-22T05:45,2021-06-22T06:00,24,39.8,39.8,,39.8,-1,DOWN,NO,NO,2026-10-08T00:05:35Z
2021-06-22T04:00:00Z,2021-06-22T06:00,2021-06-22T06:15,25,149.02,149.02,149.02,39.8,1,UP,NO,NO,2026-10-08T00:05:35Z
2021-06-22T04:15:00Z,2021-06-22T06:15,2021-06-22T06:30,26,2.13,2.13,149.02,2.13,-1,DOWN,NO,NO,2026-10-08T00:05:35Z
2021-06-22T04:30:00Z,2021-06-22T06:30,2021-06-22T06:45,27,43.64,43.64,,43.64,-1,DOWN,NO,NO,2026-10-08T00:05:35Z
2021-06-22T04:45:00Z,2021-06-22T06:45,2021-06-22T07:00,28,53.58,53.58,,53.58,-1,DOWN,NO,NO,2026-10-08T00:05:35Z
2021-06-22T05:00:00Z,2021-06-22T07:00,2021-06-22T07:15,29,48.14,48.14,,48.14,-1,DOWN,NO,NO,2026-10-08T00:05:35Z
2021-06-22T05:15:00Z,2021-06-22T07:15,2021-06-22T07:30,30,58.69,58.69,,58.69,-1,DOWN,NO,NO,2026-10-08T00:05:35Z
2021-06-22T05:30:00Z,2021-06-22T07:30,2021-06-22T07:45,31,60,60,,,0,STABLE,NO,NO,2026-10-08T00:05:35Z
2021-06-22T05:45:00Z,2021-06-22T07:45,2021-06-22T08:00,32,68.67,68.67,,,0,STABLE,NO,NO,2026-10-08T00:05:35Z
2021-06-22T06:00:00Z,2021-06-22T08:00,2021-06-22T08:15,33,-6.66,-6.66,,-6.66,-1,DOWN,NO,NO,2026-10-08T00:05:35Z
2021-06-22T06:15:00Z,2021-06-22T08:15,2021-06-22T08:30,34,44.25,44.25,,44.25,-1,DOWN,NO,NO,2026-10-08T00:05:35Z
2021-06-22T06:30:00Z,2021-06-22T08:30,2021-06-22T08:45,35,58.69,58.69,,58.69,-1,DOWN,NO,NO,2026-10-08T00:05:35Z
2021-06-22T06:45:00Z,2021-06-22T08:45,2021-06-22T09:00,36,34.96,34.96,,34.96,-1,DOWN,NO,NO,2026-10-08T00:05:35Z
2021-06-22T07:00:00Z,2021-06-22T09:00,2021-06-22T09:15,37,46.19,46.19,,46.19,-1,DOWN,NO,NO,2026-10-08T00:05:35Z
2021-06-22T07:15:00Z,2021-06-22T09:15,2021-06-22T09:30,38,46.19,46.19,,46.19,-1,DOWN,NO,NO,2026-10-08T00:05:35Z
2021-06-22T07:30:00Z,2021-06-22T09:30,2021-06-22T09:45,39,58.69,58.69,,58.69,-1,DOWN,NO,NO,2026-10-08T00:05:35Z
2021-06-22T07:45:00Z,2021-06-22T09:45,2021-06-22T10:00,40,56.96,56.96,,56.96,-1,DOWN,NO,NO,2026-10-08T00:05:35Z
2021-06-22T08:00:00Z,2021-06-22T10:00,2021-06-22T10:15,41,46.19,46.19,,46.19,-1,DOWN,NO,NO,2026-10-08T00:05:35Z
2021-06-22T08:15:00Z,2021-06-22T10:15,2021-06-22T10:30,42,34.96,34.96,,34.96,-1,DOWN,NO,NO,2026-10-08T00:05:35Z
2021-06-22T08:30:00Z,2021-06-22T10:30,2021-06-22T10:45,43,46.19,46.19,,46.19,-1,DOWN,NO,NO,2026-10-08T00:05:35Z
2021-06-22T08:45:00Z,2021-06-22T10:45,2021-06-22T11:00,44,16.5,16.5,,16.5,-1,DOWN,NO,NO,2026-10-08T00:05:35Z
2021-06-22T09:00:00Z,2021-06-22T11:00,2021-06-22T11:15,45,16.52,16.52,,16.52,-1,DOWN,NO,NO,2026-10-08T00:05:35Z
2021-06-22T09:15:00Z,2021-06-22T11:15,2021-06-22T11:30,46,27.7,27.7,,27.7,-1,DOWN,NO,NO,2026-10-08T00:05:35Z
2021-06-22T09:30:00Z,2021-06-22T11:30,2021-06-22T11:45,47,1.99,1.99,,1.99,-1,DOWN,NO,NO,2026-10-08T00:05:35Z
2021-06-22T09:45:00Z,2021-06-22T11:45,2021-06-22T12:00,48,-5.62,-5.62,,-5.62,-1,DOWN,NO,NO,2026-10-08T00:05:35Z
2021-06-22T10:00:00Z,2021-06-22T12:00,2021-06-22T12:15,49,62.84,62.84,,62.84,-1,DOWN,NO,NO,2026-10-08T00:05:35Z
2021-06-22T10:15:00Z,2021-06-22T12:15,2021-06-22T12:30,50,64.96,64.96,,64.96,-1,DOWN,NO,NO,2026-10-08T00:05:35Z
2021-06-22T10:30:00Z,2021-06-22T12:30,2021-06-22T12:45,51,37.06,37.06,,37.06,-1,DOWN,NO,NO,2026-10-08T00:05:35Z
2021-06-22T10:45:00Z,2021-06-22T12:45,2021-06-22T13:00,52,55.87,55.87,,55.87,-1,DOWN,NO,NO,2026-10-08T00:05:35Z
2021-06-22T11:00:00Z,2021-06-22T13:00,2021-06-22T13:15,53,47.79,47.79,,47.79,-1,DOWN,NO,NO,2026-10-08T00:05:35Z
2021-06-22T11:15:00Z,2021-06-22T13:15,2021-06-22T13:30,54,34.96,34.96,,34.96,-1,DOWN,NO,NO,2026-10-08T00:05:35Z
2021-06-22T11:30:00Z,2021-06-22T13:30,2021-06-22T13:45,55,49.84,49.84,,49.84,-1,DOWN,NO,NO,2026-10-08T00:05:35Z
2021-06-22T11:45:00Z,2021-06-22T13:45,2021-06-22T14:00,56,22.26,22.26,,22.26,-1,DOWN,NO,NO,2026-10-08T00:05:35Z
2021-06-22T12:00:00Z,2021-06-22T14:00,2021-06-22T14:15,57,44.96,44.96,,44.96,-1,DOWN,NO,NO,2026-10-08T00:05:35Z
2021-06-22T12:15:00Z,2021-06-22T14:15,2021-06-22T14:30,58,35.84,35.84,,35.84,-1,DOWN,NO,NO,2026-10-08T00:05:35Z
2021-06-22T12:30:00Z,2021-06-22T14:30,2021-06-22T14:45,59,27.36,27.36,,27.36,-1,DOWN,NO,NO,2026-10-08T00:05:35Z
2021-06-22T12:45:00Z,2021-06-22T14:45,2021-06-22T15:00,60,44.96,44.96,,44.96,-1,DOWN,NO,NO,2026-10-08T00:05:35Z
2021-06-22T13:00:00Z,2021-06-22T15:00,2021-06-22T15:15,61,139.08,139.08,139.08,44.96,1,UP,NO,NO,2026-10-08T00:05:35Z
2021-06-22T13:15:00Z,2021-06-22T15:15,2021-06-22T15:30,62,87.06,87.06,87.06,,1,UP,NO,NO,2026-10-08T00:05:35Z
2021-06-22T13:30:00Z,2021-06-22T15:30,2021-06-22T15:45,63,74.09,74.09,74.09,,1,UP,NO,NO,2026-10-08T00:05:35Z
2021-06-22T13:45:00Z,2021-06-22T15:45,2021-06-22T16:00,64,68.84,68.84,68.84,,1,UP,NO,NO,2026-10-08T00:05:35Z
2021-06-22T14:00:00Z,2021-06-22T16:00,2021-06-22T16:15,65,66.59,66.59,66.59,,1,UP,NO,NO,2026-10-08T00:05:35Z
2021-06-22T14:15:00Z,2021-06-22T16:15,2021-06-22T16:30,66,65.3,65.3,,65.3,-1,DOWN,NO,NO,2026-10-08T00:05:35Z
2021-06-22T14:30:00Z,2021-06-22T16:30,2021-06-22T16:45,67,59.96,59.96,,59.96,-1,DOWN,NO,NO,2026-10-08T00:05:35Z
2021-06-22T14:45:00Z,2021-06-22T16:45,2021-06-22T17:00,68,68,68,,68,-1,DOWN,NO,NO,2026-10-08T00:05:35Z
2021-06-22T15:00:00Z,2021-06-22T17:00,2021-06-22T17:15,69,51.96,51.96,,51.96,-1,DOWN,NO,NO,2026-10-08T00:05:35Z
2021-06-22T15:15:00Z,2021-06-22T17:15,2021-06-22T17:30,70,55.34,55.34,,55.34,-1,DOWN,NO,NO,2026-10-08T00:05:35Z
2021-06-22T15:30:00Z,2021-06-22T17:30,2021-06-22T17:45,71,64.96,64.96,,64.96,-1,DOWN,NO,NO,2026-10-08T00:05:35Z
2021-06-22T15:45:00Z,2021-06-22T17:45,2021-06-22T18:00,72,67.57,67.57,,67.57,-1,DOWN,NO,NO,2026-10-08T00:05:35Z
2021-06-22T16:00:00Z,2021-06-22T18:00,2021-06-22T18:15,73,64.96,64.96,,64.96,-1,DOWN,NO,NO,2026-10-08T00:05:35Z
2021-06-22T16:15:00Z,2021-06-22T18:15,2021-06-22T18:30,74,66,66,,66,-1,DOWN,NO,NO,2026-10-08T00:05:35Z
2021-06-22T16:30:00Z,2021-06-22T18:30,2021-06-22T18:45,75,69.2,69.2,,,0,STABLE,NO,NO,2026-10-08T00:05:35Z
2021-06-22T16:45:00Z,2021-06-22T18:45,2021-06-22T19:00,76,70.65,70.65,70.65,,1,UP,NO,NO,2026-10-08T00:05:35Z
2021-06-22T17:00:00Z,2021-06-22T19:00,2021-06-22T19:15,77,60,60,,,0,STABLE,NO,NO,2026-10-08T00:05:35Z
2021-06-22T17:15:00Z,2021-06-22T19:15,2021-06-22T19:30,78,69.36,69.36,,,0,STABLE,NO,NO,2026-10-08T00:05:35Z
2021-06-22T17:30:00Z,2021-06-22T19:30,2021-06-22T19:45,79,69.37,69.37,,,0,STABLE,NO,NO,2026-10-08T00:05:35Z
2021-06-22T17:45:00Z,2021-06-22T19:45,2021-06-22T20:00,80,73.33,73.33,73.33,,1,UP,NO,NO,2026-10-08T00:05:35Z
2021-06-22T18:00:00Z,2021-06-22T20:00,2021-06-22T20:15,81,60,60,,,0,STABLE,NO,NO,2026-10-08T00:05:35Z
2021-06-22T18:15:00Z,2021-06-22T20:15,2021-06-22T20:30,82,64,64,,64,-1,DOWN,NO,NO,2026-10-08T00:05:35Z
2021-06-22T18:30:00Z,2021-06-22T20:30,2021-06-22T20:45,83,59.96,59.96,,59.96,-1,DOWN,NO,NO,2026-10-08T00:05:35Z
2021-06-22T18:45:00Z,2021-06-22T20:45,2021-06-22T21:00,84,54.47,54.47,,54.47,-1,DOWN,NO,NO,2026-10-08T00:05:35Z
2021-06-22T19:00:00Z,2021-06-22T21:00,2021-06-22T21:15,85,54.04,54.04,,54.04,-1,DOWN,NO,NO,2026-10-08T00:05:35Z
2021-06-22T19:15:00Z,2021-06-22T21:15,2021-06-22T21:30,86,3.87,3.87,,3.87,-1,DOWN,NO,NO,2026-10-08T00:05:35Z
2021-06-22T19:30:00Z,2021-06-22T21:30,2021-06-22T21:45,87,3.51,3.51,,3.51,-1,DOWN,NO,NO,2026-10-08T00:05:35Z
2021-06-22T19:45:00Z,2021-06-22T21:45,2021-06-22T22:00,88,56.96,56.96,,56.96,-1,DOWN,NO,NO,2026-10-08T00:05:35Z
2021-06-22T20:00:00Z,2021-06-22T22:00,2021-06-22T22:15,89,68.67,59.52,68.67,59.52,2,UP_AND_DOWN,NO,NO,2026-10-08T00:05:35Z
2021-06-22T20:15:00Z,2021-06-22T22:15,2021-06-22T22:30,90,68.96,68.96,,,0,STABLE,NO,NO,2026-10-08T00:05:35Z
2021-06-22T20:30:00Z,2021-06-22T22:30,2021-06-22T22:45,91,67.92,67.92,67.92,,1,UP,NO,NO,2026-10-08T00:05:35Z
2021-06-22T20:45:00Z,2021-06-22T22:45,2021-06-22T23:00,92,70.17,70.17,70.17,,1,UP,NO,NO,2026-10-08T00:05:35Z
2021-06-22T21:00:00Z,2021-06-22T23:00,2021-06-22T23:15,93,67.42,67.42,67.42,,1,UP,NO,NO,2026-10-08T00:05:35Z
2021-06-22T21:15:00Z,2021-06-22T23:15,2021-06-22T23:30,94,67.42,67.42,67.42,,1,UP,NO,NO,2026-10-08T00:05:35Z
2021-06-22T21:30:00Z,2021-06-22T23:30,2021-06-22T23:45,95,68.72,68.72,,,0,STABLE,NO,NO,2026-10-08T00:05:35Z
2021-06-22T21:45:00Z,2021-06-22T23:45,2021-06-23T00:00,96,56.31,56.31,,56.31,-1,DOWN,NO,NO,2026-10-08T00:05:35Z
2021-06-22T22:00:00Z,2021-06-23T00:00,2021-06-23T00:15,1,70.62,70.62,70.62,57.31,1,UP,NO,NO,2026-10-08T00:05:35Z
2021-06-22T22:15:00Z,2021-06-23T00:15,2021-06-23T00:30,2,73.07,73.07,73.07,57.31,1,UP,NO,NO,2026-10-08T00:05:35Z
2021-06-22T22:30:00Z,2021-06-23T00:30,2021-06-23T00:45,3,242.59,242.59,242.59,,1,UP,NO,NO,2026-10-08T00:05:35Z
2021-06-22T22:45:00Z,2021-06-23T00:45,2021-06-23T01:00,4,79.28,79.28,79.28,,1,UP,NO,NO,2026-10-08T00:05:35Z
2021-06-22T23:00:00Z,2021-06-23T01:00,2021-06-23T01:15,5,85.01,85.01,85.01,,1,UP,NO,NO,2026-10-08T00:05:35Z
2021-06-22T23:15:00Z,2021-06-23T01:15,2021-06-23T01:30,6,75.98,75.98,75.98,,1,UP,NO,NO,2026-10-08T00:05:35Z
2021-06-22T23:30:00Z,2021-06-23T01:30,2021-06-23T01:45,7,70.62,70.62,70.62,,1,UP,NO,NO,2026-10-08T00:05:35Z
2021-06-22T23:45:00Z,2021-06-23T01:45,2021-06-23T02:00,8,72.33,72.33,72.33,,1,UP,NO,NO,2026-10-08T00:05:35Z
2021-06-23T00:00:00Z,2021-06-23T02:00,2021-06-23T02:15,9,70.74,70.74,70.74,,1,UP,NO,NO,2026-10-08T00:05:35Z
2021-06-23T00:15:00Z,2021-06-23T02:15,2021-06-23T02:30,10,72.24,72.24,72.24,,1,UP,NO,NO,2026-10-08T00:05:35Z
2021-06-23T00:30:00Z,2021-06-23T02:30,2021-06-23T02:45,11,71.79,71.79,71.79,,1,UP,NO,NO,2026-10-08T00:05:35Z
2021-06-23T00:45:00Z,2021-06-23T02:45,2021-06-23T03:00,12,70.74,70.74,70.74,,1,UP,NO,NO,2026-10-08T00:05:35Z
2021-06-23T01:00:00Z,2021-06-23T03:00,2021-06-23T03:15,13,64.81,64.81,70.74,64.81,-1,DOWN,NO,NO,2026-10-08T00:05:35Z
2021-06-23T01:15:00Z,2021-06-23T03:15,2021-06-23T03:30,14,67.86,67.86,,,0,STABLE,NO,NO,2026-10-08T00:05:35Z
2021-06-23T01:30:00Z,2021-06-23T03:30,2021-06-23T03:45,15,67.87,67.87,,,0,STABLE,NO,NO,2026-10-08T00:05:35Z
2021-06-23T01:45:00Z,2021-06-23T03:45,2021-06-23T04:00,16,63.62,63.62,,63.62,-1,DOWN,NO,NO,2026-10-08T00:05:35Z
2021-06-23T02:00:00Z,2021-06-23T04:00,2021-06-23T04:15,17,66.51,66.51,,66.51,-1,DOWN,NO,NO,2026-10-08T00:05:35Z
2021-06-23T02:15:00Z,2021-06-23T04:15,2021-06-23T04:30,18,66.88,66.88,66.88,67.89,1,UP,NO,NO,2026-10-08T00:05:35Z
2021-06-23T02:30:00Z,2021-06-23T04:30,2021-06-23T04:45,19,70.62,70.62,70.62,,1,UP,NO,NO,2026-10-08T00:05:35Z
2021-06-23T02:45:00Z,2021-06-23T04:45,2021-06-23T05:00,20,70.62,70.62,70.62,,1,UP,NO,NO,2026-10-08T00:05:35Z
2021-06-23T03:00:00Z,2021-06-23T05:00,2021-06-23T05:15,21,74.34,74.34,74.34,,1,UP,NO,NO,2026-10-08T00:05:35Z
2021-06-23T03:15:00Z,2021-06-23T05:15,2021-06-23T05:30,22,68.07,68.07,,,0,STABLE,NO,NO,2026-10-08T00:05:35Z
2021-06-23T03:30:00Z,2021-06-23T05:30,2021-06-23T05:45,23,68.07,68.07,,,0,STABLE,NO,NO,2026-10-08T00:05:35Z
2021-06-23T03:45:00Z,2021-06-23T05:45,2021-06-23T06:00,24,68.07,68.07,,,0,STABLE,NO,NO,2026-10-08T00:05:35Z
2021-06-23T04:00:00Z,2021-06-23T06:00,2021-06-23T06:15,25,62.99,62.99,,62.99,-1,DOWN,NO,NO,2026-10-08T00:05:35Z
2021-06-23T04:15:00Z,2021-06-23T06:15,2021-06-23T06:30,26,67.34,67.34,,67.34,-1,DOWN,NO,NO,2026-10-08T00:05:35Z
2021-06-23T04:30:00Z,2021-06-23T06:30,2021-06-23T06:45,27,67.96,67.96,,67.96,-1,DOWN,NO,NO,2026-10-08T00:05:35Z
2021-06-23T04:45:00Z,2021-06-23T06:45,2021-06-23T07:00,28,68.63,68.63,,,0,STABLE,NO,NO,2026-10-08T00:05:35Z
2021-06-23T05:00:00Z,2021-06-23T07:00,2021-06-23T07:15,29,55.59,55.59,,55.59,-1,DOWN,NO,NO,2026-10-08T00:05:35Z
2021-06-23T05:15:00Z,2021-06-23T07:15,2021-06-23T07:30,30,64.26,64.26,,64.26,-1,DOWN,NO,NO,2026-10-08T00:05:35Z
2021-06-23T05:30:00Z,2021-06-23T07:30,2021-06-23T07:45,31,86.07,86.07,86.07,64.26,1,UP,NO,NO,2026-10-08T00:05:35Z
2021-06-23T05:45:00Z,2021-06-23T07:45,2021-06-23T08:00,32,77.34,77.34,77.34,,1,UP,NO,NO,2026-10-08T00:05:35Z
2021-06-23T06:00:00Z,2021-06-23T08:00,2021-06-23T08:15,33,76.19,76.19,76.19,,1,UP,NO,NO,2026-10-08T00:05:35Z
2021-06-23T06:15:00Z,2021-06-23T08:15,2021-06-23T08:30,34,66.57,66.57,76.19,66.57,-1,DOWN,NO,NO,2026-10-08T00:05:35Z
2021-06-23T06:30:00Z,2021-06-23T08:30,2021-06-23T08:45,35,64.41,64.41,,64.41,-1,DOWN,NO,NO,2026-10-08T00:05:35Z
2021-06-23T06:45:00Z,2021-06-23T08:45,2021-06-23T09:00,36,65.57,65.57,,65.57,-1,DOWN,NO,NO,2026-10-08T00:05:35Z
2021-06-23T07:00:00Z,2021-06-23T09:00,2021-06-23T09:15,37,66.62,66.62,,66.62,-1,DOWN,NO,NO,2026-10-08T00:05:35Z
2021-06-23T07:15:00Z,2021-06-23T09:15,2021-06-23T09:30,38,68.8,68.8,,,0,STABLE,NO,NO,2026-10-08T00:05:35Z
2021-06-23T07:30:00Z,2021-06-23T09:30,2021-06-23T09:45,39,64.41,64.41,,64.41,-1,DOWN,NO,NO,2026-10-08T00:05:35Z
2021-06-23T07:45:00Z,2021-06-23T09:45,2021-06-23T10:00,40,59.41,59.41,,59.41,-1,DOWN,NO,NO,2026-10-08T00:05:35Z
2021-06-23T08:00:00Z,2021-06-23T10:00,2021-06-23T10:15,41,82.22,82.22,82.22,59.41,1,UP,NO,NO,2026-10-08T00:05:35Z
2021-06-23T08:15:00Z,2021-06-23T10:15,2021-06-23T10:30,42,78.17,78.17,78.17,,1,UP,NO,NO,2026-10-08T00:05:35Z
2021-06-23T08:30:00Z,2021-06-23T10:30,2021-06-23T10:45,43,74.42,74.42,74.42,,1,UP,NO,NO,2026-10-08T00:05:35Z
2021-06-23T08:45:00Z,2021-06-23T10:45,2021-06-23T11:00,44,75.17,75.17,75.17,,1,UP,NO,NO,2026-10-08T00:05:35Z
2021-06-23T09:00:00Z,2021-06-23T11:00,2021-06-23T11:15,45,327.62,327.62,327.62,,1,UP,NO,NO,2026-10-08T00:05:35Z
2021-06-23T09:15:00Z,2021-06-23T11:15,2021-06-23T11:30,46,80.81,80.81,80.81,,1,UP,NO,NO,2026-10-08T00:05:35Z
2021-06-23T09:30:00Z,2021-06-23T11:30,2021-06-23T11:45,47,109.47,109.47,109.47,,1,UP,NO,NO,2026-10-08T00:05:35Z
2021-06-23T09:45:00Z,2021-06-23T11:45,2021-06-23T12:00,48,327.62,327.62,327.62,,1,UP,NO,NO,2026-10-08T00:05:35Z
2021-06-23T10:00:00Z,2021-06-23T12:00,2021-06-23T12:15,49,92.18,92.18,92.18,,1,UP,NO,NO,2026-10-08T00:05:35Z
2021-06-23T10:15:00Z,2021-06-23T12:15,2021-06-23T12:30,50,78.03,78.03,78.03,,1,UP,NO,NO,2026-10-08T00:05:35Z
2021-06-23T10:30:00Z,2021-06-23T12:30,2021-06-23T12:45,51,76.53,76.53,76.53,,1,UP,NO,NO,2026-10-08T00:05:35Z
2021-06-23T10:45:00Z,2021-06-23T12:45,2021-06-23T13:00,52,65.53,65.53,75.03,65.53,-1,DOWN,NO,NO,2026-10-08T00:05:35Z
2021-06-23T11:00:00Z,2021-06-23T13:00,2021-06-23T13:15,53,65.43,65.43,75.03,65.43,-1,DOWN,NO,NO,2026-10-08T00:05:35Z
2021-06-23T11:15:00Z,2021-06-23T13:15,2021-06-23T13:30,54,68.71,68.71,,,0,STABLE,NO,NO,2026-10-08T00:05:35Z
2021-06-23T11:30:00Z,2021-06-23T13:30,2021-06-23T13:45,55,68.71,68.71,,,0,STABLE,NO,NO,2026-10-08T00:05:35Z
2021-06-23T11:45:00Z,2021-06-23T13:45,2021-06-23T14:00,56,62.93,62.93,,62.93,-1,DOWN,NO,NO,2026-10-08T00:05:35Z
2021-06-23T12:00:00Z,2021-06-23T14:00,2021-06-23T14:15,57,66.08,66.08,,66.08,-1,DOWN,NO,NO,2026-10-08T00:05:35Z
2021-06-23T12:15:00Z,2021-06-23T14:15,2021-06-23T14:30,58,68.69,68.69,,,0,STABLE,NO,NO,2026-10-08T00:05:35Z
2021-06-23T12:30:00Z,2021-06-23T14:30,2021-06-23T14:45,59,68.69,68.69,,,0,STABLE,NO,NO,2026-10-08T00:05:35Z
2021-06-23T12:45:00Z,2021-06-23T14:45,2021-06-23T15:00,60,68.69,68.69,,,0,STABLE,NO,NO,2026-10-08T00:05:35Z
2021-06-23T13:00:00Z,2021-06-23T15:00,2021-06-23T15:15,61,248.7,248.7,248.7,,1,UP,NO,NO,2026-10-08T00:05:35Z
2021-06-23T13:15:00Z,2021-06-23T15:15,2021-06-23T15:30,62,248.7,248.7,248.7,,1,UP,NO,NO,2026-10-08T00:05:35Z
2021-06-23T13:30:00Z,2021-06-23T15:30,2021-06-23T15:45,63,326.04,326.04,326.04,,1,UP,NO,NO,2026-10-08T00:05:35Z
2021-06-23T13:45:00Z,2021-06-23T15:45,2021-06-23T16:00,64,248.7,248.7,248.7,,1,UP,NO,NO,2026-10-08T00:05:35Z
2021-06-23T14:00:00Z,2021-06-23T16:00,2021-06-23T16:15,65,326.04,326.04,326.04,,1,UP,NO,NO,2026-10-08T00:05:35Z
2021-06-23T14:15:00Z,2021-06-23T16:15,2021-06-23T16:30,66,358.64,358.64,358.64,358.64,1,UP,YES,NO,2026-10-08T00:05:35Z
2021-06-23T14:30:00Z,2021-06-23T16:30,2021-06-23T16:45,67,358.64,358.64,358.64,358.64,1,UP,YES,NO,2026-10-08T00:05:35Z
2021-06-23T14:45:00Z,2021-06-23T16:45,2021-06-23T17:00,68,283.61,283.61,283.61,283.61,1,UP,YES,NO,2026-10-08T00:05:35Z
2021-06-23T15:00:00Z,2021-06-23T17:00,2021-06-23T17:15,69,68.2,68.2,,68.2,-1,DOWN,NO,NO,2026-10-08T00:05:35Z
2021-06-23T15:15:00Z,2021-06-23T17:15,2021-06-23T17:30,70,76.29,76.29,76.29,,1,UP,NO,NO,2026-10-08T00:05:35Z
2021-06-23T15:30:00Z,2021-06-23T17:30,2021-06-23T17:45,71,75,75,75,,1,UP,NO,NO,2026-10-08T00:05:35Z
2021-06-23T15:45:00Z,2021-06-23T17:45,2021-06-23T18:00,72,68.67,68.67,,,0,STABLE,NO,NO,2026-10-08T00:05:35Z
2021-06-23T16:00:00Z,2021-06-23T18:00,2021-06-23T18:15,73,69.59,69.59,69.59,,1,UP,NO,NO,2026-10-08T00:05:35Z
2021-06-23T16:15:00Z,2021-06-23T18:15,2021-06-23T18:30,74,68.67,68.67,,,0,STABLE,NO,NO,2026-10-08T00:05:35Z
2021-06-23T16:30:00Z,2021-06-23T18:30,2021-06-23T18:45,75,68.67,68.67,,,0,STABLE,NO,NO,2026-10-08T00:05:35Z
2021-06-23T16:45:00Z,2021-06-23T18:45,2021-06-23T19:00,76,68.67,68.67,,,0,STABLE,NO,NO,2026-10-08T00:05:35Z
2021-06-23T17:00:00Z,2021-06-23T19:00,2021-06-23T19:15,77,68.69,68.69,,,0,STABLE,NO,NO,2026-10-08T00:05:35Z
2021-06-23T17:15:00Z,2021-06-23T19:15,2021-06-23T19:30,78,68.27,68.27,,68.27,-1,DOWN,NO,NO,2026-10-08T00:05:35Z
2021-06-23T17:30:00Z,2021-06-23T19:30,2021-06-23T19:45,79,78.64,78.64,78.64,68.27,1,UP,NO,NO,2026-10-08T00:05:35Z
2021-06-23T17:45:00Z,2021-06-23T19:45,2021-06-23T20:00,80,76.94,76.94,76.94,,1,UP,NO,NO,2026-10-08T00:05:35Z
2021-06-23T18:00:00Z,2021-06-23T20:00,2021-06-23T20:15,81,72.9,72.9,72.9,,1,UP,NO,NO,2026-10-08T00:05:35Z
2021-06-23T18:15:00Z,2021-06-23T20:15,2021-06-23T20:30,82,78.25,78.25,78.25,,1,UP,NO,NO,2026-10-08T00:05:35Z
2021-06-23T18:30:00Z,2021-06-23T20:30,2021-06-23T20:45,83,78.21,78.21,78.21,,1,UP,NO,NO,2026-10-08T00:05:35Z
2021-06-23T18:45:00Z,2021-06-23T20:45,2021-06-23T21:00,84,92.18,92.18,92.18,,1,UP,NO,NO,2026-10-08T00:05:35Z
2021-06-23T19:00:00Z,2021-06-23T21:00,2021-06-23T21:15,85,92.18,92.18,92.18,,1,UP,NO,NO,2026-10-08T00:05:35Z
2021-06-23T19:15:00Z,2021-06-23T21:15,2021-06-23T21:30,86,68.75,68.75,,,0,STABLE,NO,NO,2026-10-08T00:05:35Z
2021-06-23T19:30:00Z,2021-06-23T21:30,2021-06-23T21:45,87,68.75,68.75,,,0,STABLE,NO,NO,2026-10-08T00:05:35Z
2021-06-23T19:45:00Z,2021-06-23T21:45,2021-06-23T22:00,88,68.75,68.75,,,0,STABLE,NO,NO,2026-10-08T00:05:35Z
2021-06-23T20:00:00Z,2021-06-23T22:00,2021-06-23T22:15,89,326.04,326.04,326.04,,1,UP,NO,NO,2026-10-08T00:05:35Z
2021-06-23T20:15:00Z,2021-06-23T22:15,2021-06-23T22:30,90,73.6,73.6,73.6,,1,UP,NO,NO,2026-10-08T00:05:35Z
2021-06-23T20:30:00Z,2021-06-23T22:30,2021-06-23T22:45,91,73.63,73.63,73.63,,1,UP,NO,NO,2026-10-08T00:05:35Z
2021-06-23T20:45:00Z,2021-06-23T22:45,2021-06-23T23:00,92,73.63,73.63,73.63,,1,UP,NO,NO,2026-10-08T00:05:35Z
2021-06-23T21:00:00Z,2021-06-23T23:00,2021-06-23T23:15,93,326.04,326.04,326.04,,1,UP,NO,NO,2026-10-08T00:05:35Z
2021-06-23T21:15:00Z,2021-06-23T23:15,2021-06-23T23:30,94,80.63,80.63,80.63,,1,UP,NO,NO,2026-10-08T00:05:35Z
2021-06-23T21:30:00Z,2021-06-23T23:30,2021-06-23T23:45,95,70.63,70.63,70.63,,1,UP,NO,NO,2026-10-08T00:05:35Z
2021-06-23T21:45:00Z,2021-06-23T23:45,2021-06-24T00:00,96,68.34,68.34,68.34,,1,UP,NO,NO,2026-10-08T00:05:35Z
2021-06-23T22:00:00Z,2021-06-24T00:00,2021-06-24T00:15,1,94,94,94,,1,UP,NO,NO,2026-10-08T00:05:35Z
2021-06-23T22:15:00Z,2021-06-24T00:15,2021-06-24T00:30,2,322.9,322.9,322.9,,1,UP,NO,NO,2026-10-08T00:05:35Z
2021-06-23T22:30:00Z,2021-06-24T00:30,2021-06-24T00:45,3,68.2,68.2,322.9,68.2,-1,DOWN,NO,NO,2026-10-08T00:05:35Z
2021-06-23T22:45:00Z,2021-06-24T00:45,2021-06-24T01:00,4,65.79,65.79,,65.79,-1,DOWN,NO,NO,2026-10-08T00:05:35Z
2021-06-23T23:00:00Z,2021-06-24T01:00,2021-06-24T01:15,5,84.18,84.18,84.18,65.79,1,UP,NO,NO,2026-10-08T00:05:35Z
2021-06-23T23:15:00Z,2021-06-24T01:15,2021-06-24T01:30,6,78.04,78.04,78.04,,1,UP,NO,NO,2026-10-08T00:05:35Z
2021-06-23T23:30:00Z,2021-06-24T01:30,2021-06-24T01:45,7,70.66,70.66,,,0,STABLE,NO,NO,2026-10-08T00:05:35Z
2021-06-23T23:45:00Z,2021-06-24T01:45,2021-06-24T02:00,8,69.8,69.8,,,0,STABLE,NO,NO,2026-10-08T00:05:35Z
2021-06-24T00:00:00Z,2021-06-24T02:00,2021-06-24T02:15,9,80.23,80.23,80.23,,1,UP,NO,NO,2026-10-08T00:05:35Z
2021-06-24T00:15:00Z,2021-06-24T02:15,2021-06-24T02:30,10,73.41,73.41,73.41,,1,UP,NO,NO,2026-10-08T00:05:35Z
2021-06-24T00:30:00Z,2021-06-24T02:30,2021-06-24T02:45,11,70.65,70.65,,,0,STABLE,NO,NO,2026-10-08T00:05:35Z
2021-06-24T00:45:00Z,2021-06-24T02:45,2021-06-24T03:00,12,70.66,70.66,,,0,STABLE,NO,NO,2026-10-08T00:05:35Z
2021-06-24T01:00:00Z,2021-06-24T03:00,2021-06-24T03:15,13,70.64,70.64,,,0,STABLE,NO,NO,2026-10-08T00:05:35Z
2021-06-24T01:15:00Z,2021-06-24T03:15,2021-06-24T03:30,14,70.65,70.65,,,0,STABLE,NO,NO,2026-10-08T00:05:35Z
2021-06-24T01:30:00Z,2021-06-24T03:30,2021-06-24T03:45,15,70.65,70.65,,,0,STABLE,NO,NO,2026-10-08T00:05:35Z
2021-06-24T01:45:00Z,2021-06-24T03:45,2021-06-24T04:00,16,70.65,70.65,,,0,STABLE,NO,NO,2026-10-08T00:05:35Z
2021-06-24T02:00:00Z,2021-06-24T04:00,2021-06-24T04:15,17,70.66,70.66,,,0,STABLE,NO,NO,2026-10-08T00:05:35Z
2021-06-24T02:15:00Z,2021-06-24T04:15,2021-06-24T04:30,18,70.66,70.66,,,0,STABLE,NO,NO,2026-10-08T00:05:35Z
2021-06-24T02:30:00Z,2021-06-24T04:30,2021-06-24T04:45,19,70.65,70.65,,,0,STABLE,NO,NO,2026-10-08T00:05:35Z
2021-06-24T02:45:00Z,2021-06-24T04:45,2021-06-24T05:00,20,70.62,70.62,,,0,STABLE,NO,NO,2026-10-08T00:05:35Z
2021-06-24T03:00:00Z,2021-06-24T05:00,2021-06-24T05:15,21,69.79,69.79,,,0,STABLE,NO,NO,2026-10-08T00:05:35Z
2021-06-24T03:15:00Z,2021-06-24T05:15,2021-06-24T05:30,22,70.66,70.66,,,0,STABLE,NO,NO,2026-10-08T00:05:35Z
2021-06-24T03:30:00Z,2021-06-24T05:30,2021-06-24T05:45,23,70.66,70.66,,,0,STABLE,NO,NO,2026-10-08T00:05:35Z
2021-06-24T03:45:00Z,2021-06-24T05:45,2021-06-24T06:00,24,71.25,71.25,71.25,,1,UP,NO,NO,2026-10-08T00:05:35Z
2021-06-24T04:00:00Z,2021-06-24T06:00,2021-06-24T06:15,25,73.44,73.44,73.44,,1,UP,NO,NO,2026-10-08T00:05:35Z
2021-06-24T04:15:00Z,2021-06-24T06:15,2021-06-24T06:30,26,78.97,78.97,78.97,,1,UP,NO,NO,2026-10-08T00:05:35Z
2021-06-24T04:30:00Z,2021-06-24T06:30,2021-06-24T06:45,27,82.82,82.82,82.82,,1,UP,NO,NO,2026-10-08T00:05:35Z
2021-06-24T04:45:00Z,2021-06-24T06:45,2021-06-24T07:00,28,82.14,82.14,82.14,,1,UP,NO,NO,2026-10-08T00:05:35Z
2021-06-24T05:00:00Z,2021-06-24T07:00,2021-06-24T07:15,29,73.44,73.44,73.44,,1,UP,NO,NO,2026-10-08T00:05:35Z
2021-06-24T05:15:00Z,2021-06-24T07:15,2021-06-24T07:30,30,79.67,79.67,79.67,,1,UP,NO,NO,2026-10-08T00:05:35Z
2021-06-24T05:30:00Z,2021-06-24T07:30,2021-06-24T07:45,31,326.53,326.53,326.53,,1,UP,NO,NO,2026-10-08T00:05:35Z
2021-06-24T05:45:00Z,2021-06-24T07:45,2021-06-24T08:00,32,326.53,326.53,326.53,,1,UP,NO,NO,2026-10-08T00:05:35Z
2021-06-24T06:00:00Z,2021-06-24T08:00,2021-06-24T08:15,33,326.53,68.59,326.53,68.59,2,UP_AND_DOWN,NO,NO,2026-10-08T00:05:35Z
2021-06-24T06:15:00Z,2021-06-24T08:15,2021-06-24T08:30,34,326.53,326.53,326.53,,1,UP,NO,NO,2026-10-08T00:05:35Z
2021-06-24T06:30:00Z,2021-06-24T08:30,2021-06-24T08:45,35,72.05,72.05,,,0,STABLE,NO,NO,2026-10-08T00:05:35Z
2021-06-24T06:45:00Z,2021-06-24T08:45,2021-06-24T09:00,36,73.39,73.39,73.39,,1,UP,NO,NO,2026-10-08T00:05:35Z
2021-06-24T07:00:00Z,2021-06-24T09:00,2021-06-24T09:15,37,327.5,327.5,327.5,,1,UP,NO,NO,2026-10-08T00:05:35Z
2021-06-24T07:15:00Z,2021-06-24T09:15,2021-06-24T09:30,38,83.78,83.78,83.78,,1,UP,NO,NO,2026-10-08T00:05:35Z
2021-06-24T07:30:00Z,2021-06-24T09:30,2021-06-24T09:45,39,81.28,81.28,81.28,,1,UP,NO,NO,2026-10-08T00:05:35Z
2021-06-24T07:45:00Z,2021-06-24T09:45,2021-06-24T10:00,40,73.37,73.37,73.37,,1,UP,NO,NO,2026-10-08T00:05:35Z
2021-06-24T08:00:00Z,2021-06-24T10:00,2021-06-24T10:15,41,327.5,327.5,327.5,,1,UP,NO,NO,2026-10-08T00:05:35Z
2021-06-24T08:15:00Z,2021-06-24T10:15,2021-06-24T10:30,42,327.5,327.5,327.5,,1,UP,NO,NO,2026-10-08T00:05:35Z
2021-06-24T08:30:00Z,2021-06-24T10:30,2021-06-24T10:45,43,450,450,450,,1,UP,NO,NO,2026-10-08T00:05:35Z
2021-06-24T08:45:00Z,2021-06-24T10:45,2021-06-24T11:00,44,360.25,360.25,360.25,,1,UP,YES,NO,2026-10-08T00:05:35Z
2021-06-24T09:00:00Z,2021-06-24T11:00,2021-06-24T11:15,45,295,295,295,,1,UP,YES,NO,2026-10-08T00:05:35Z
2021-06-24T09:15:00Z,2021-06-24T11:15,2021-06-24T11:30,46,295,295,295,,1,UP,YES,NO,2026-10-08T00:05:35Z
2021-06-24T09:30:00Z,2021-06-24T11:30,2021-06-24T11:45,47,295,295,295,,1,UP,YES,NO,2026-10-08T00:05:35Z
2021-06-24T09:45:00Z,2021-06-24T11:45,2021-06-24T12:00,48,360.25,360.25,360.25,,1,UP,YES,NO,2026-10-08T00:05:35Z
2021-06-24T10:00:00Z,2021-06-24T12:00,2021-06-24T12:15,49,68.15,68.15,290.16,68.15,-1,DOWN,YES,NO,2026-10-08T00:05:35Z
2021-06-24T10:15:00Z,2021-06-24T12:15,2021-06-24T12:30,50,66.65,66.65,290.16,66.65,-1,DOWN,YES,NO,2026-10-08T00:05:35Z
2021-06-24T10:30:00Z,2021-06-24T12:30,2021-06-24T12:45,51,65.7,65.7,,65.7,-1,DOWN,NO,NO,2026-10-08T00:05:35Z
2021-06-24T10:45:00Z,2021-06-24T12:45,2021-06-24T13:00,52,71.97,71.97,,,0,STABLE,NO,NO,2026-10-08T00:05:35Z
2021-06-24T11:00:00Z,2021-06-24T13:00,2021-06-24T13:15,53,329.07,329.07,329.07,,1,UP,NO,NO,2026-10-08T00:05:35Z
2021-06-24T11:15:00Z,2021-06-24T13:15,2021-06-24T13:30,54,329.07,329.07,329.07,,1,UP,NO,NO,2026-10-08T00:05:35Z
2021-06-24T11:30:00Z,2021-06-24T13:30,2021-06-24T13:45,55,80.03,80.03,80.03,,1,UP,NO,NO,2026-10-08T00:05:35Z
2021-06-24T11:45:00Z,2021-06-24T13:45,2021-06-24T14:00,56,80.35,80.35,80.35,,1,UP,NO,NO,2026-10-08T00:05:35Z
2021-06-24T12:00:00Z,2021-06-24T14:00,2021-06-24T14:15,57,71.94,71.94,,,0,STABLE,NO,NO,2026-10-08T00:05:35Z
2021-06-24T12:15:00Z,2021-06-24T14:15,2021-06-24T14:30,58,68.9,68.9,,68.9,-1,DOWN,NO,NO,2026-10-08T00:05:35Z
2021-06-24T12:30:00Z,2021-06-24T14:30,2021-06-24T14:45,59,70.7,70.7,,70.7,-1,DOWN,NO,NO,2026-10-08T00:05:35Z
2021-06-24T12:45:00Z,2021-06-24T14:45,2021-06-24T15:00,60,68.91,68.91,,68.91,-1,DOWN,NO,NO,2026-10-08T00:05:35Z
2021-06-24T13:00:00Z,2021-06-24T15:00,2021-06-24T15:15,61,52.84,52.84,,52.84,-1,DOWN,NO,NO,2026-10-08T00:05:35Z
2021-06-24T13:15:00Z,2021-06-24T15:15,2021-06-24T15:30,62,73.15,73.15,73.15,52.84,1,UP,NO,NO,2026-10-08T00:05:35Z
2021-06-24T13:30:00Z,2021-06-24T15:30,2021-06-24T15:45,63,73.15,73.15,73.15,,1,UP,NO,NO,2026-10-08T00:05:35Z
2021-06-24T13:45:00Z,2021-06-24T15:45,2021-06-24T16:00,64,71.93,71.93,,,0,STABLE,NO,NO,2026-10-08T00:05:35Z
2021-06-24T14:00:00Z,2021-06-24T16:00,2021-06-24T16:15,65,69.19,69.19,,69.19,-1,DOWN,NO,NO,2026-10-08T00:05:35Z
2021-06-24T14:15:00Z,2021-06-24T16:15,2021-06-24T16:30,66,67.03,67.03,,67.03,-1,DOWN,NO,NO,2026-10-08T00:05:35Z
2021-06-24T14:30:00Z,2021-06-24T16:30,2021-06-24T16:45,67,67.03,67.03,,67.03,-1,DOWN,NO,NO,2026-10-08T00:05:35Z
2021-06-24T14:45:00Z,2021-06-24T16:45,2021-06-24T17:00,68,67.25,67.25,,67.25,-1,DOWN,NO,NO,2026-10-08T00:05:35Z
2021-06-24T15:00:00Z,2021-06-24T17:00,2021-06-24T17:15,69,62.03,62.03,,62.03,-1,DOWN,NO,NO,2026-10-08T00:05:35Z
2021-06-24T15:15:00Z,2021-06-24T17:15,2021-06-24T17:30,70,67.03,67.03,,67.03,-1,DOWN,NO,NO,2026-10-08T00:05:35Z
2021-06-24T15:30:00Z,2021-06-24T17:30,2021-06-24T17:45,71,71.93,71.93,,,0,STABLE,NO,NO,2026-10-08T00:05:35Z
2021-06-24T15:45:00Z,2021-06-24T17:45,2021-06-24T18:00,72,71.93,71.93,,,0,STABLE,NO,NO,2026-10-08T00:05:35Z
2021-06-24T16:00:00Z,2021-06-24T18:00,2021-06-24T18:15,73,64.26,64.26,,64.26,-1,DOWN,NO,NO,2026-10-08T00:05:35Z
2021-06-24T16:15:00Z,2021-06-24T18:15,2021-06-24T18:30,74,67.69,67.69,,67.69,-1,DOWN,NO,NO,2026-10-08T00:05:35Z
2021-06-24T16:30:00Z,2021-06-24T18:30,2021-06-24T18:45,75,76.97,76.97,76.97,,1,UP,NO,NO,2026-10-08T00:05:35Z
2021-06-24T16:45:00Z,2021-06-24T18:45,2021-06-24T19:00,76,327.5,327.5,327.5,,1,UP,NO,NO,2026-10-08T00:05:35Z
2021-06-24T17:00:00Z,2021-06-24T19:00,2021-06-24T19:15,77,21.72,21.72,327.5,21.72,-1,DOWN,NO,NO,2026-10-08T00:05:35Z
2021-06-24T17:15:00Z,2021-06-24T19:15,2021-06-24T19:30,78,65.67,65.67,,65.67,-1,DOWN,NO,NO,2026-10-08T00:05:35Z
2021-06-24T17:30:00Z,2021-06-24T19:30,2021-06-24T19:45,79,73.18,73.18,73.18,,1,UP,NO,NO,2026-10-08T00:05:35Z
2021-06-24T17:45:00Z,2021-06-24T19:45,2021-06-24T20:00,80,73.18,73.18,73.18,,1,UP,NO,NO,2026-10-08T00:05:35Z
2021-06-24T18:00:00Z,2021-06-24T20:00,2021-06-24T20:15,81,71.96,71.96,,,0,STABLE,NO,NO,2026-10-08T00:05:35Z
2021-06-24T18:15:00Z,2021-06-24T20:15,2021-06-24T20:30,82,78.47,78.47,78.47,,1,UP,NO,NO,2026-10-08T00:05:35Z
2021-06-24T18:30:00Z,2021-06-24T20:30,2021-06-24T20:45,83,82.02,82.02,82.02,,1,UP,NO,NO,2026-10-08T00:05:35Z
2021-06-24T18:45:00Z,2021-06-24T20:45,2021-06-24T21:00,84,81.55,81.55,81.55,,1,UP,NO,NO,2026-10-08T00:05:35Z
2021-06-24T19:00:00Z,2021-06-24T21:00,2021-06-24T21:15,85,73.23,68.99,73.23,68.99,2,UP_AND_DOWN,NO,NO,2026-10-08T00:05:35Z
2021-06-24T19:15:00Z,2021-06-24T21:15,2021-06-24T21:30,86,71.97,71.97,,,0,STABLE,NO,NO,2026-10-08T00:05:35Z
2021-06-24T19:30:00Z,2021-06-24T21:30,2021-06-24T21:45,87,71.97,71.97,,,0,STABLE,NO,NO,2026-10-08T00:05:35Z
2021-06-24T19:45:00Z,2021-06-24T21:45,2021-06-24T22:00,88,67.37,67.37,,67.37,-1,DOWN,NO,NO,2026-10-08T00:05:35Z
2021-06-24T20:00:00Z,2021-06-24T22:00,2021-06-24T22:15,89,65.7,65.7,,65.7,-1,DOWN,NO,NO,2026-10-08T00:05:35Z
2021-06-24T20:15:00Z,2021-06-24T22:15,2021-06-24T22:30,90,79.28,79.28,79.28,,1,UP,NO,NO,2026-10-08T00:05:35Z
2021-06-24T20:30:00Z,2021-06-24T22:30,2021-06-24T22:45,91,79.32,79.32,79.32,,1,UP,NO,NO,2026-10-08T00:05:35Z
2021-06-24T20:45:00Z,2021-06-24T22:45,2021-06-24T23:00,92,67.39,67.39,79.32,67.39,-1,DOWN,NO,NO,2026-10-08T00:05:35Z
2021-06-24T21:00:00Z,2021-06-24T23:00,2021-06-24T23:15,93,327.5,327.5,327.5,68.2,1,UP,NO,NO,2026-10-08T00:05:35Z
2021-06-24T21:15:00Z,2021-06-24T23:15,2021-06-24T23:30,94,133.89,133.89,133.89,,1,UP,NO,NO,2026-10-08T00:05:35Z
2021-06-24T21:30:00Z,2021-06-24T23:30,2021-06-24T23:45,95,72.02,72.02,,,0,STABLE,NO,NO,2026-10-08T00:05:35Z
2021-06-24T21:45:00Z,2021-06-24T23:45,2021-06-25T00:00,96,65.03,65.03,,65.03,-1,DOWN,NO,NO,2026-10-08T00:05:35Z
2021-06-24T22:00:00Z,2021-06-25T00:00,2021-06-25T00:15,1,68.77,68.77,68.77,54.92,1,UP,NO,NO,2026-10-08T00:05:35Z
2021-06-24T22:15:00Z,2021-06-25T00:15,2021-06-25T00:30,2,73.34,73.34,73.34,,1,UP,NO,NO,2026-10-08T00:05:35Z
2021-06-24T22:30:00Z,2021-06-25T00:30,2021-06-25T00:45,3,68.93,68.18,68.93,68.18,2,UP_AND_DOWN,NO,NO,2026-10-08T00:05:35Z
2021-06-24T22:45:00Z,2021-06-25T00:45,2021-06-25T01:00,4,67.49,67.49,,67.49,-1,DOWN,NO,NO,2026-10-08T00:05:35Z
2021-06-24T23:00:00Z,2021-06-25T01:00,2021-06-25T01:15,5,70.82,70.82,,,0,STABLE,NO,NO,2026-10-08T00:05:35Z
2021-06-24T23:15:00Z,2021-06-25T01:15,2021-06-25T01:30,6,71.13,71.13,,71.13,-1,DOWN,NO,NO,2026-10-08T00:05:35Z
2021-06-24T23:30:00Z,2021-06-25T01:30,2021-06-25T01:45,7,69.1,69.1,,69.1,-1,DOWN,NO,NO,2026-10-08T00:05:35Z
2021-06-24T23:45:00Z,2021-06-25T01:45,2021-06-25T02:00,8,62.58,62.58,,62.58,-1,DOWN,NO,NO,2026-10-08T00:05:35Z
2021-06-25T00:00:00Z,2021-06-25T02:00,2021-06-25T02:15,9,70.71,67.17,70.51,67.17,2,UP_AND_DOWN,NO,NO,2026-10-08T00:05:35Z
2021-06-25T00:15:00Z,2021-06-25T02:15,2021-06-25T02:30,10,70.52,70.52,70.52,,1,UP,NO,NO,2026-10-08T00:05:35Z
2021-06-25T00:30:00Z,2021-06-25T02:30,2021-06-25T02:45,11,70.93,70.93,,70.93,-1,DOWN,NO,NO,2026-10-08T00:05:35Z
2021-06-25T00:45:00Z,2021-06-25T02:45,2021-06-25T03:00,12,68.13,68.13,,68.13,-1,DOWN,NO,NO,2026-10-08T00:05:35Z
2021-06-25T01:00:00Z,2021-06-25T03:00,2021-06-25T03:15,13,70.77,70.77,,70.77,-1,DOWN,NO,NO,2026-10-08T00:05:35Z
2021-06-25T01:15:00Z,2021-06-25T03:15,2021-06-25T03:30,14,70.6,70.6,,,0,STABLE,NO,NO,2026-10-08T00:05:35Z
2021-06-25T01:30:00Z,2021-06-25T03:30,2021-06-25T03:45,15,70.78,70.78,,70.78,-1,DOWN,NO,NO,2026-10-08T00:05:35Z
2021-06-25T01:45:00Z,2021-06-25T03:45,2021-06-25T04:00,16,70.6,70.6,,,0,STABLE,NO,NO,2026-10-08T00:05:35Z
2021-06-25T02:00:00Z,2021-06-25T04:00,2021-06-25T04:15,17,70.61,70.61,,,0,STABLE,NO,NO,2026-10-08T00:05:35Z
2021-06-25T02:15:00Z,2021-06-25T04:15,2021-06-25T04:30,18,70.61,70.61,,,0,STABLE,NO,NO,2026-10-08T00:05:35Z
2021-06-25T02:30:00Z,2021-06-25T04:30,2021-06-25T04:45,19,70.61,70.61,,,0,STABLE,NO,NO,2026-10-08T00:05:35Z
2021-06-25T02:45:00Z,2021-06-25T04:45,2021-06-25T05:00,20,70.61,70.61,,,0,STABLE,NO,NO,2026-10-08T00:05:35Z
2021-06-25T03:00:00Z,2021-06-25T05:00,2021-06-25T05:15,21,70.86,70.86,,,0,STABLE,NO,NO,2026-10-08T00:05:35Z
2021-06-25T03:15:00Z,2021-06-25T05:15,2021-06-25T05:30,22,69.95,69.95,,69.95,-1,DOWN,NO,NO,2026-10-08T00:05:35Z
2021-06-25T03:30:00Z,2021-06-25T05:30,2021-06-25T05:45,23,65.58,65.58,,65.58,-1,DOWN,NO,NO,2026-10-08T00:05:35Z
2021-06-25T03:45:00Z,2021-06-25T05:45,2021-06-25T06:00,24,39.23,39.23,,39.23,-1,DOWN,NO,NO,2026-10-08T00:05:35Z
2021-06-25T04:00:00Z,2021-06-25T06:00,2021-06-25T06:15,25,40.15,40.15,,40.15,-1,DOWN,NO,NO,2026-10-08T00:05:35Z
2021-06-25T04:15:00Z,2021-06-25T06:15,2021-06-25T06:30,26,72.16,55.73,72.16,55.73,2,UP_AND_DOWN,NO,NO,2026-10-08T00:05:35Z
2021-06-25T04:30:00Z,2021-06-25T06:30,2021-06-25T06:45,27,55.73,55.73,,55.73,-1,DOWN,NO,NO,2026-10-08T00:05:35Z
2021-06-25T04:45:00Z,2021-06-25T06:45,2021-06-25T07:00,28,60.73,60.73,,60.73,-1,DOWN,NO,NO,2026-10-08T00:05:35Z
2021-06-25T05:00:00Z,2021-06-25T07:00,2021-06-25T07:15,29,68.73,68.73,,68.73,-1,DOWN,NO,NO,2026-10-08T00:05:35Z
2021-06-25T05:15:00Z,2021-06-25T07:15,2021-06-25T07:30,30,70.66,70.66,,,0,STABLE,NO,NO,2026-10-08T00:05:35Z
2021-06-25T05:30:00Z,2021-06-25T07:30,2021-06-25T07:45,31,70.6,70.6,,,0,STABLE,NO,NO,2026-10-08T00:05:35Z
2021-06-25T05:45:00Z,2021-06-25T07:45,2021-06-25T08:00,32,69.92,69.92,,,0,STABLE,NO,NO,2026-10-08T00:05:35Z
2021-06-25T06:00:00Z,2021-06-25T08:00,2021-06-25T08:15,33,71.66,71.66,71.66,,1,UP,NO,NO,2026-10-08T00:05:35Z
2021-06-25T06:15:00Z,2021-06-25T08:15,2021-06-25T08:30,34,72.47,72.47,72.47,,1,UP,NO,NO,2026-10-08T00:05:35Z
2021-06-25T06:30:00Z,2021-06-25T08:30,2021-06-25T08:45,35,75.37,75.37,75.37,,1,UP,NO,NO,2026-10-08T00:05:35Z
2021-06-25T06:45:00Z,2021-06-25T08:45,2021-06-25T09:00,36,76.18,76.18,76.18,,1,UP,NO,NO,2026-10-08T00:05:35Z
2021-06-25T07:00:00Z,2021-06-25T09:00,2021-06-25T09:15,37,329.57,329.57,329.57,,1,UP,NO,NO,2026-10-08T00:05:35Z
2021-06-25T07:15:00Z,2021-06-25T09:15,2021-06-25T09:30,38,329.57,329.57,329.57,,1,UP,NO,NO,2026-10-08T00:05:35Z
2021-06-25T07:30:00Z,2021-06-25T09:30,2021-06-25T09:45,39,77.23,77.23,77.23,,1,UP,NO,NO,2026-10-08T00:05:35Z
2021-06-25T07:45:00Z,2021-06-25T09:45,2021-06-25T10:00,40,75.33,75.33,75.33,,1,UP,NO,NO,2026-10-08T00:05:35Z
2021-06-25T08:00:00Z,2021-06-25T10:00,2021-06-25T10:15,41,80.31,80.31,80.31,,1,UP,NO,NO,2026-10-08T00:05:35Z
2021-06-25T08:15:00Z,2021-06-25T10:15,2021-06-25T10:30,42,60.56,60.56,73.91,60.56,-1,DOWN,NO,NO,2026-10-08T00:05:35Z
2021-06-25T08:30:00Z,2021-06-25T10:30,2021-06-25T10:45,43,45.71,45.71,,45.71,-1,DOWN,NO,NO,2026-10-08T00:05:35Z
2021-06-25T08:45:00Z,2021-06-25T10:45,2021-06-25T11:00,44,63.73,63.73,,63.73,-1,DOWN,NO,NO,2026-10-08T00:05:35Z
2021-06-25T09:00:00Z,2021-06-25T11:00,2021-06-25T11:15,45,56.35,56.35,,56.35,-1,DOWN,NO,NO,2026-10-08T00:05:35Z
2021-06-25T09:15:00Z,2021-06-25T11:15,2021-06-25T11:30,46,55.73,55.73,,55.73,-1,DOWN,NO,NO,2026-10-08T00:05:35Z
2021-06-25T09:30:00Z,2021-06-25T11:30,2021-06-25T11:45,47,63.69,63.69,,63.69,-1,DOWN,NO,NO,2026-10-08T00:05:35Z
2021-06-25T09:45:00Z,2021-06-25T11:45,2021-06-25T12:00,48,62.49,62.49,,62.49,-1,DOWN,NO,NO,2026-10-08T00:05:35Z
2021-06-25T10:00:00Z,2021-06-25T12:00,2021-06-25T12:15,49,52.42,52.42,,52.42,-1,DOWN,NO,NO,2026-10-08T00:05:35Z
2021-06-25T10:15:00Z,2021-06-25T12:15,2021-06-25T12:30,50,63.71,63.71,,63.71,-1,DOWN,NO,NO,2026-10-08T00:05:35Z
2021-06-25T10:30:00Z,2021-06-25T12:30,2021-06-25T12:45,51,66.56,66.56,,66.56,-1,DOWN,NO,NO,2026-10-08T00:05:35Z
2021-06-25T10:45:00Z,2021-06-25T12:45,2021-06-25T13:00,52,38.73,38.73,,38.73,-1,DOWN,NO,NO,2026-10-08T00:05:35Z
2021-06-25T11:00:00Z,2021-06-25T13:00,2021-06-25T13:15,53,86.69,63.71,86.69,63.71,2,UP_AND_DOWN,NO,NO,2026-10-08T00:05:35Z
2021-06-25T11:15:00Z,2021-06-25T13:15,2021-06-25T13:30,54,72.65,72.65,72.65,,1,UP,NO,NO,2026-10-08T00:05:35Z
2021-06-25T11:30:00Z,2021-06-25T13:30,2021-06-25T13:45,55,72.65,72.65,72.65,,1,UP,NO,NO,2026-10-08T00:05:35Z
2021-06-25T11:45:00Z,2021-06-25T13:45,2021-06-25T14:00,56,70.4,70.4,70.4,,1,UP,NO,NO,2026-10-08T00:05:35Z
2021-06-25T12:00:00Z,2021-06-25T14:00,2021-06-25T14:15,57,72.65,72.65,72.65,,1,UP,NO,NO,2026-10-08T00:05:35Z
2021-06-25T12:15:00Z,2021-06-25T14:15,2021-06-25T14:30,58,70.4,70.4,70.4,,1,UP,NO,NO,2026-10-08T00:05:35Z
2021-06-25T12:30:00Z,2021-06-25T14:30,2021-06-25T14:45,59,71.15,71.15,71.15,,1,UP,NO,NO,2026-10-08T00:05:35Z
2021-06-25T12:45:00Z,2021-06-25T14:45,2021-06-25T15:00,60,70.4,70.4,70.4,,1,UP,NO,NO,2026-10-08T00:05:35Z
2021-06-25T13:00:00Z,2021-06-25T15:00,2021-06-25T15:15,61,74.9,74.9,74.9,,1,UP,NO,NO,2026-10-08T00:05:35Z
2021-06-25T13:15:00Z,2021-06-25T15:15,2021-06-25T15:30,62,70.4,70.4,70.4,,1,UP,NO,NO,2026-10-08T00:05:35Z
2021-06-25T13:30:00Z,2021-06-25T15:30,2021-06-25T15:45,63,69.92,69.92,,,0,STABLE,NO,NO,2026-10-08T00:05:35Z
2021-06-25T13:45:00Z,2021-06-25T15:45,2021-06-25T16:00,64,80.26,80.26,80.26,,1,UP,NO,NO,2026-10-08T00:05:35Z
2021-06-25T14:00:00Z,2021-06-25T16:00,2021-06-25T16:15,65,91.64,91.64,91.64,,1,UP,NO,NO,2026-10-08T00:05:35Z
2021-06-25T14:15:00Z,2021-06-25T16:15,2021-06-25T16:30,66,70.59,70.59,70.59,,1,UP,NO,NO,2026-10-08T00:05:35Z
2021-06-25T14:30:00Z,2021-06-25T16:30,2021-06-25T16:45,67,105.77,105.77,105.77,,1,UP,NO,NO,2026-10-08T00:05:35Z
2021-06-25T14:45:00Z,2021-06-25T16:45,2021-06-25T17:00,68,93.6,93.6,93.6,,1,UP,NO,NO,2026-10-08T00:05:35Z
2021-06-25T15:00:00Z,2021-06-25T17:00,2021-06-25T17:15,69,72.9,72.9,72.9,,1,UP,NO,NO,2026-10-08T00:05:35Z
2021-06-25T15:15:00Z,2021-06-25T17:15,2021-06-25T17:30,70,70.02,70.02,,,0,STABLE,NO,NO,2026-10-08T00:05:35Z
2021-06-25T15:30:00Z,2021-06-25T17:30,2021-06-25T17:45,71,88.42,88.42,88.42,,1,UP,NO,NO,2026-10-08T00:05:35Z
2021-06-25T15:45:00Z,2021-06-25T17:45,2021-06-25T18:00,72,105.29,105.29,105.29,,1,UP,NO,NO,2026-10-08T00:05:35Z
2021-06-25T16:00:00Z,2021-06-25T18:00,2021-06-25T18:15,73,75.64,75.64,75.64,,1,UP,NO,NO,2026-10-08T00:05:35Z
2021-06-25T16:15:00Z,2021-06-25T18:15,2021-06-25T18:30,74,77.37,77.37,77.37,,1,UP,NO,NO,2026-10-08T00:05:35Z
2021-06-25T16:30:00Z,2021-06-25T18:30,2021-06-25T18:45,75,84.38,84.38,84.38,,1,UP,NO,NO,2026-10-08T00:05:35Z
2021-06-25T16:45:00Z,2021-06-25T18:45,2021-06-25T19:00,76,110.28,110.28,110.28,,1,UP,NO,NO,2026-10-08T00:05:35Z
2021-06-25T17:00:00Z,2021-06-25T19:00,2021-06-25T19:15,77,75.64,75.64,75.64,,1,UP,NO,NO,2026-10-08T00:05:35Z
2021-06-25T17:15:00Z,2021-06-25T19:15,2021-06-25T19:30,78,76.09,76.09,76.09,,1,UP,NO,NO,2026-10-08T00:05:35Z
2021-06-25T17:30:00Z,2021-06-25T19:30,2021-06-25T19:45,79,76.09,76.09,76.09,,1,UP,NO,NO,2026-10-08T00:05:35Z
2021-06-25T17:45:00Z,2021-06-25T19:45,2021-06-25T20:00,80,76.52,76.52,76.52,,1,UP,NO,NO,2026-10-08T00:05:35Z
2021-06-25T18:00:00Z,2021-06-25T20:00,2021-06-25T20:15,81,73.21,73.21,73.21,,1,UP,NO,NO,2026-10-08T00:05:35Z
2021-06-25T18:15:00Z,2021-06-25T20:15,2021-06-25T20:30,82,73.56,73.56,73.56,,1,UP,NO,NO,2026-10-08T00:05:35Z
2021-06-25T18:30:00Z,2021-06-25T20:30,2021-06-25T20:45,83,72.07,72.07,,,0,STABLE,NO,NO,2026-10-08T00:05:35Z
2021-06-25T18:45:00Z,2021-06-25T20:45,2021-06-25T21:00,84,72.07,72.07,,,0,STABLE,NO,NO,2026-10-08T00:05:35Z
2021-06-25T19:00:00Z,2021-06-25T21:00,2021-06-25T21:15,85,122.81,122.81,122.81,,1,UP,NO,NO,2026-10-08T00:05:35Z
2021-06-25T19:15:00Z,2021-06-25T21:15,2021-06-25T21:30,86,70.22,70.22,76.48,70.22,-1,DOWN,NO,NO,2026-10-08T00:05:35Z
2021-06-25T19:30:00Z,2021-06-25T21:30,2021-06-25T21:45,87,69.47,69.47,76.48,69.47,-1,DOWN,NO,NO,2026-10-08T00:05:35Z
2021-06-25T19:45:00Z,2021-06-25T21:45,2021-06-25T22:00,88,68.5,68.5,,68.5,-1,DOWN,NO,NO,2026-10-08T00:05:35Z
2021-06-25T20:00:00Z,2021-06-25T22:00,2021-06-25T22:15,89,66.84,66.84,,66.84,-1,DOWN,NO,NO,2026-10-08T00:05:35Z
2021-06-25T20:15:00Z,2021-06-25T22:15,2021-06-25T22:30,90,70.68,70.68,,,0,STABLE,NO,NO,2026-10-08T00:05:35Z
2021-06-25T20:30:00Z,2021-06-25T22:30,2021-06-25T22:45,91,70.7,70.7,,,0,STABLE,NO,NO,2026-10-08T00:05:35Z
2021-06-25T20:45:00Z,2021-06-25T22:45,2021-06-25T23:00,92,70.22,70.22,,70.22,-1,DOWN,NO,NO,2026-10-08T00:05:35Z
2021-06-25T21:00:00Z,2021-06-25T23:00,2021-06-25T23:15,93,72.29,70.12,72.29,70.12,2,UP_AND_DOWN,NO,NO,2026-10-08T00:05:35Z
2021-06-25T21:15:00Z,2021-06-25T23:15,2021-06-25T23:30,94,72.4,72.4,72.4,,1,UP,NO,NO,2026-10-08T00:05:35Z
2021-06-25T21:30:00Z,2021-06-25T23:30,2021-06-25T23:45,95,70.39,70.39,,,0,STABLE,NO,NO,2026-10-08T00:05:35Z
2021-06-25T21:45:00Z,2021-06-25T23:45,2021-06-26T00:00,96,56.65,56.65,,56.65,-1,DOWN,NO,NO,2026-10-08T00:05:35Z
2021-06-25T22:00:00Z,2021-06-26T00:00,2021-06-26T00:15,1,36.47,36.47,,36.47,-1,DOWN,NO,NO,2026-10-08T00:05:35Z
2021-06-25T22:15:00Z,2021-06-26T00:15,2021-06-26T00:30,2,80.57,80.57,80.57,,1,UP,NO,NO,2026-10-08T00:05:35Z
2021-06-25T22:30:00Z,2021-06-26T00:30,2021-06-26T00:45,3,74.21,74.21,74.21,,1,UP,NO,NO,2026-10-08T00:05:35Z
2021-06-25T22:45:00Z,2021-06-26T00:45,2021-06-26T01:00,4,266.67,266.67,266.67,,1,UP,NO,NO,2026-10-08T00:05:35Z
2021-06-25T23:00:00Z,2021-06-26T01:00,2021-06-26T01:15,5,78.73,67.41,78.73,67.41,2,UP_AND_DOWN,NO,NO,2026-10-08T00:05:35Z
2021-06-25T23:15:00Z,2021-06-26T01:15,2021-06-26T01:30,6,88.73,88.73,88.73,,1,UP,NO,NO,2026-10-08T00:05:35Z
2021-06-25T23:30:00Z,2021-06-26T01:30,2021-06-26T01:45,7,82.73,82.73,82.73,,1,UP,NO,NO,2026-10-08T00:05:35Z
2021-06-25T23:45:00Z,2021-06-26T01:45,2021-06-26T02:00,8,88.92,88.92,88.92,,1,UP,NO,NO,2026-10-08T00:05:35Z
2021-06-26T00:00:00Z,2021-06-26T02:00,2021-06-26T02:15,9,72.5,72.5,88.92,72.5,-1,DOWN,NO,NO,2026-10-08T00:05:35Z
2021-06-26T00:15:00Z,2021-06-26T02:15,2021-06-26T02:30,10,72.62,72.62,,,0,STABLE,NO,NO,2026-10-08T00:05:35Z
2021-06-26T00:30:00Z,2021-06-26T02:30,2021-06-26T02:45,11,72.63,72.63,,,0,STABLE,NO,NO,2026-10-08T00:05:35Z
2021-06-26T00:45:00Z,2021-06-26T02:45,2021-06-26T03:00,12,82.73,82.73,82.73,,1,UP,NO,NO,2026-10-08T00:05:35Z
2021-06-26T01:00:00Z,2021-06-26T03:00,2021-06-26T03:15,13,75.73,70.76,75.73,70.76,2,UP_AND_DOWN,NO,NO,2026-10-08T00:05:35Z
2021-06-26T01:15:00Z,2021-06-26T03:15,2021-06-26T03:30,14,67.63,67.63,,67.63,-1,DOWN,NO,NO,2026-10-08T00:05:35Z
2021-06-26T01:30:00Z,2021-06-26T03:30,2021-06-26T03:45,15,68.05,68.05,,68.05,-1,DOWN,NO,NO,2026-10-08T00:05:35Z
2021-06-26T01:45:00Z,2021-06-26T03:45,2021-06-26T04:00,16,60.73,60.73,,60.73,-1,DOWN,NO,NO,2026-10-08T00:05:35Z
2021-06-26T02:00:00Z,2021-06-26T04:00,2021-06-26T04:15,17,67.72,67.72,,67.72,-1,DOWN,NO,NO,2026-10-08T00:05:35Z
2021-06-26T02:15:00Z,2021-06-26T04:15,2021-06-26T04:30,18,72.63,72.63,,,0,STABLE,NO,NO,2026-10-08T00:05:35Z
2021-06-26T02:30:00Z,2021-06-26T04:30,2021-06-26T04:45,19,72.63,72.63,,,0,STABLE,NO,NO,2026-10-08T00:05:35Z
2021-06-26T02:45:00Z,2021-06-26T04:45,2021-06-26T05:00,20,72.63,72.63,,,0,STABLE,NO,NO,2026-10-08T00:05:35Z
2021-06-26T03:00:00Z,2021-06-26T05:00,2021-06-26T05:15,21,71.57,71.57,,,0,STABLE,NO,NO,2026-10-08T00:05:35Z
2021-06-26T03:15:00Z,2021-06-26T05:15,2021-06-26T05:30,22,71.57,71.57,,,0,STABLE,NO,NO,2026-10-08T00:05:35Z
2021-06-26T03:30:00Z,2021-06-26T05:30,2021-06-26T05:45,23,63.73,63.73,,63.73,-1,DOWN,NO,NO,2026-10-08T00:05:35Z
2021-06-26T03:45:00Z,2021-06-26T05:45,2021-06-26T06:00,24,63.73,63.73,,63.73,-1,DOWN,NO,NO,2026-10-08T00:05:35Z
2021-06-26T04:00:00Z,2021-06-26T06:00,2021-06-26T06:15,25,73.13,73.13,73.13,72.58,1,UP,NO,NO,2026-10-08T00:05:35Z
2021-06-26T04:15:00Z,2021-06-26T06:15,2021-06-26T06:30,26,75.69,75.69,75.69,,1,UP,NO,NO,2026-10-08T00:05:35Z
2021-06-26T04:30:00Z,2021-06-26T06:30,2021-06-26T06:45,27,72.58,72.58,75.69,72.58,-1,DOWN,NO,NO,2026-10-08T00:05:35Z
2021-06-26T04:45:00Z,2021-06-26T06:45,2021-06-26T07:00,28,72.52,72.52,,72.52,-1,DOWN,NO,NO,2026-10-08T00:05:35Z
2021-06-26T05:00:00Z,2021-06-26T07:00,2021-06-26T07:15,29,61.38,61.38,,61.38,-1,DOWN,NO,NO,2026-10-08T00:05:35Z
2021-06-26T05:15:00Z,2021-06-26T07:15,2021-06-26T07:30,30,43.83,43.83,,43.83,-1,DOWN,NO,NO,2026-10-08T00:05:35Z
2021-06-26T05:30:00Z,2021-06-26T07:30,2021-06-26T07:45,31,43.83,43.83,,43.83,-1,DOWN,NO,NO,2026-10-08T00:05:35Z
2021-06-26T05:45:00Z,2021-06-26T07:45,2021-06-26T08:00,32,37.08,37.08,,37.08,-1,DOWN,NO,NO,2026-10-08T00:05:35Z
2021-06-26T06:00:00Z,2021-06-26T08:00,2021-06-26T08:15,33,43.83,43.83,,43.83,-1,DOWN,NO,NO,2026-10-08T00:05:35Z
2021-06-26T06:15:00Z,2021-06-26T08:15,2021-06-26T08:30,34,-117.2,-117.2,,-117.2,-1,DOWN,NO,NO,2026-10-08T00:05:35Z
2021-06-26T06:30:00Z,2021-06-26T08:30,2021-06-26T08:45,35,-117.2,-117.2,,-117.2,-1,DOWN,NO,NO,2026-10-08T00:05:35Z
2021-06-26T06:45:00Z,2021-06-26T08:45,2021-06-26T09:00,36,-117.2,-117.2,,-117.2,-1,DOWN,NO,NO,2026-10-08T00:05:35Z
2021-06-26T07:00:00Z,2021-06-26T09:00,2021-06-26T09:15,37,-8.33,-8.33,,-8.33,-1,DOWN,NO,NO,2026-10-08T00:05:35Z
2021-06-26T07:15:00Z,2021-06-26T09:15,2021-06-26T09:30,38,-218.48,-218.48,,-218.48,-1,DOWN,NO,YES,2026-10-08T00:05:35Z
2021-06-26T07:30:00Z,2021-06-26T09:30,2021-06-26T09:45,39,-492.08,-492.08,,-492.08,-1,DOWN,NO,YES,2026-10-08T00:05:35Z
2021-06-26T07:45:00Z,2021-06-26T09:45,2021-06-26T10:00,40,-278.87,-278.87,,-278.87,-1,DOWN,NO,YES,2026-10-08T00:05:35Z
2021-06-26T08:00:00Z,2021-06-26T10:00,2021-06-26T10:15,41,-278.87,-278.87,,-278.87,-1,DOWN,NO,YES,2026-10-08T00:05:35Z
2021-06-26T08:15:00Z,2021-06-26T10:15,2021-06-26T10:30,42,36.06,36.06,,36.06,-1,DOWN,NO,NO,2026-10-08T00:05:35Z
2021-06-26T08:30:00Z,2021-06-26T10:30,2021-06-26T10:45,43,-124.76,-124.76,,-124.76,-1,DOWN,NO,NO,2026-10-08T00:05:35Z
2021-06-26T08:45:00Z,2021-06-26T10:45,2021-06-26T11:00,44,-178.87,-178.87,,-178.87,-1,DOWN,NO,NO,2026-10-08T00:05:35Z
2021-06-26T09:00:00Z,2021-06-26T11:00,2021-06-26T11:15,45,70.54,70.54,,,0,STABLE,NO,NO,2026-10-08T00:05:35Z
2021-06-26T09:15:00Z,2021-06-26T11:15,2021-06-26T11:30,46,-1.7,-1.7,,-1.7,-1,DOWN,NO,NO,2026-10-08T00:05:35Z
2021-06-26T09:30:00Z,2021-06-26T11:30,2021-06-26T11:45,47,1.64,1.64,,1.64,-1,DOWN,NO,NO,2026-10-08T00:05:35Z
2021-06-26T09:45:00Z,2021-06-26T11:45,2021-06-26T12:00,48,73.13,73.13,73.13,1.64,1,UP,NO,NO,2026-10-08T00:05:35Z
2021-06-26T10:00:00Z,2021-06-26T12:00,2021-06-26T12:15,49,73.13,73.13,73.13,,1,UP,NO,NO,2026-10-08T00:05:35Z
2021-06-26T10:15:00Z,2021-06-26T12:15,2021-06-26T12:30,50,70.42,70.42,,,0,STABLE,NO,NO,2026-10-08T00:05:35Z
2021-06-26T10:30:00Z,2021-06-26T12:30,2021-06-26T12:45,51,59.57,59.57,,,0,STABLE,NO,NO,2026-10-08T00:05:35Z
2021-06-26T10:45:00Z,2021-06-26T12:45,2021-06-26T13:00,52,57.29,57.29,,57.29,-1,DOWN,NO,NO,2026-10-08T00:05:35Z
2021-06-26T11:00:00Z,2021-06-26T13:00,2021-06-26T13:15,53,49.6,49.6,,49.6,-1,DOWN,NO,NO,2026-10-08T00:05:35Z
2021-06-26T11:15:00Z,2021-06-26T13:15,2021-06-26T13:30,54,63.37,63.37,,63.37,-1,DOWN,NO,NO,2026-10-08T00:05:35Z
2021-06-26T11:30:00Z,2021-06-26T13:30,2021-06-26T13:45,55,63.79,63.79,,63.79,-1,DOWN,NO,NO,2026-10-08T00:05:35Z
2021-06-26T11:45:00Z,2021-06-26T13:45,2021-06-26T14:00,56,67.45,67.45,,67.45,-1,DOWN,NO,NO,2026-10-08T00:05:35Z
2021-06-26T12:00:00Z,2021-06-26T14:00,2021-06-26T14:15,57,73.13,73.13,73.13,67.45,1,UP,NO,NO,2026-10-08T00:05:35Z
2021-06-26T12:15:00Z,2021-06-26T14:15,2021-06-26T14:30,58,77.28,77.28,77.28,,1,UP,NO,NO,2026-10-08T00:05:35Z
2021-06-26T12:30:00Z,2021-06-26T14:30,2021-06-26T14:45,59,76.13,76.13,76.13,,1,UP,NO,NO,2026-10-08T00:05:35Z
2021-06-26T12:45:00Z,2021-06-26T14:45,2021-06-26T15:00,60,76.13,76.13,76.13,,1,UP,NO,NO,2026-10-08T00:05:35Z
2021-06-26T13:00:00Z,2021-06-26T15:00,2021-06-26T15:15,61,80,80,80,,1,UP,NO,NO,2026-10-08T00:05:35Z
2021-06-26T13:15:00Z,2021-06-26T15:15,2021-06-26T15:30,62,80,80,80,,1,UP,NO,NO,2026-10-08T00:05:35Z
2021-06-26T13:30:00Z,2021-06-26T15:30,2021-06-26T15:45,63,83.13,83.13,83.13,,1,UP,NO,NO,2026-10-08T00:05:35Z
2021-06-26T13:45:00Z,2021-06-26T15:45,2021-06-26T16:00,64,83.13,83.13,83.13,,1,UP,NO,NO,2026-10-08T00:05:35Z
2021-06-26T14:00:00Z,2021-06-26T16:00,2021-06-26T16:15,65,-110.86,-110.86,,-110.86,-1,DOWN,NO,NO,2026-10-08T00:05:35Z
2021-06-26T14:15:00Z,2021-06-26T16:15,2021-06-26T16:30,66,31.77,31.77,,31.77,-1,DOWN,NO,NO,2026-10-08T00:05:35Z
2021-06-26T14:30:00Z,2021-06-26T16:30,2021-06-26T16:45,67,59.27,59.27,,59.27,-1,DOWN,NO,NO,2026-10-08T00:05:35Z
2021-06-26T14:45:00Z,2021-06-26T16:45,2021-06-26T17:00,68,65.08,65.08,,65.08,-1,DOWN,NO,NO,2026-10-08T00:05:35Z
2021-06-26T15:00:00Z,2021-06-26T17:00,2021-06-26T17:15,69,-98.8,-98.8,,-98.8,-1,DOWN,NO,NO,2026-10-08T00:05:35Z
2021-06-26T15:15:00Z,2021-06-26T17:15,2021-06-26T17:30,70,76.13,76.13,76.13,61.13,1,UP,NO,NO,2026-10-08T00:05:35Z
2021-06-26T15:30:00Z,2021-06-26T17:30,2021-06-26T17:45,71,200.5,200.5,200.5,61.13,1,UP,NO,NO,2026-10-08T00:05:35Z
2021-06-26T15:45:00Z,2021-06-26T17:45,2021-06-26T18:00,72,112.85,112.85,112.85,,1,UP,NO,NO,2026-10-08T00:05:35Z
2021-06-26T16:00:00Z,2021-06-26T18:00,2021-06-26T18:15,73,79.13,79.13,79.13,,1,UP,NO,NO,2026-10-08T00:05:35Z
2021-06-26T16:15:00Z,2021-06-26T18:15,2021-06-26T18:30,74,71.39,71.39,71.39,,1,UP,NO,NO,2026-10-08T00:05:35Z
2021-06-26T16:30:00Z,2021-06-26T18:30,2021-06-26T18:45,75,83.13,83.13,83.13,,1,UP,NO,NO,2026-10-08T00:05:35Z
2021-06-26T16:45:00Z,2021-06-26T18:45,2021-06-26T19:00,76,265.16,265.16,265.16,,1,UP,NO,NO,2026-10-08T00:05:35Z
2021-06-26T17:00:00Z,2021-06-26T19:00,2021-06-26T19:15,77,53.98,53.98,265.16,53.98,-1,DOWN,NO,NO,2026-10-08T00:05:35Z
2021-06-26T17:15:00Z,2021-06-26T19:15,2021-06-26T19:30,78,67.64,67.64,,67.64,-1,DOWN,NO,NO,2026-10-08T00:05:35Z
2021-06-26T17:30:00Z,2021-06-26T19:30,2021-06-26T19:45,79,68.58,68.58,,68.58,-1,DOWN,NO,NO,2026-10-08T00:05:35Z
2021-06-26T17:45:00Z,2021-06-26T19:45,2021-06-26T20:00,80,71.98,71.98,,,0,STABLE,NO,NO,2026-10-08T00:05:35Z
2021-06-26T18:00:00Z,2021-06-26T20:00,2021-06-26T20:15,81,54.63,54.63,,54.63,-1,DOWN,NO,NO,2026-10-08T00:05:35Z
2021-06-26T18:15:00Z,2021-06-26T20:15,2021-06-26T20:30,82,67.24,67.24,,67.24,-1,DOWN,NO,NO,2026-10-08T00:05:35Z
2021-06-26T18:30:00Z,2021-06-26T20:30,2021-06-26T20:45,83,65.84,65.84,,65.84,-1,DOWN,NO,NO,2026-10-08T00:05:35Z
2021-06-26T18:45:00Z,2021-06-26T20:45,2021-06-26T21:00,84,69.06,69.06,,69.06,-1,DOWN,NO,NO,2026-10-08T00:05:35Z
2021-06-26T19:00:00Z,2021-06-26T21:00,2021-06-26T21:15,85,69.13,69.13,,69.13,-1,DOWN,NO,NO,2026-10-08T00:05:35Z
2021-06-26T19:15:00Z,2021-06-26T21:15,2021-06-26T21:30,86,69.03,69.03,,69.03,-1,DOWN,NO,NO,2026-10-08T00:05:35Z
2021-06-26T19:30:00Z,2021-06-26T21:30,2021-06-26T21:45,87,65.57,65.57,,65.57,-1,DOWN,NO,NO,2026-10-08T00:05:35Z
2021-06-26T19:45:00Z,2021-06-26T21:45,2021-06-26T22:00,88,67.13,67.13,,67.13,-1,DOWN,NO,NO,2026-10-08T00:05:35Z
2021-06-26T20:00:00Z,2021-06-26T22:00,2021-06-26T22:15,89,64.61,64.61,,64.61,-1,DOWN,NO,NO,2026-10-08T00:05:35Z
2021-06-26T20:15:00Z,2021-06-26T22:15,2021-06-26T22:30,90,99.75,99.75,99.75,,1,UP,NO,NO,2026-10-08T00:05:35Z
2021-06-26T20:30:00Z,2021-06-26T22:30,2021-06-26T22:45,91,94.03,94.03,94.03,,1,UP,NO,NO,2026-10-08T00:05:35Z
2021-06-26T20:45:00Z,2021-06-26T22:45,2021-06-26T23:00,92,69.08,69.08,94.03,69.08,-1,DOWN,NO,NO,2026-10-08T00:05:35Z
2021-06-26T21:00:00Z,2021-06-26T23:00,2021-06-26T23:15,93,71.88,71.88,,,0,STABLE,NO,NO,2026-10-08T00:05:35Z
2021-06-26T21:15:00Z,2021-06-26T23:15,2021-06-26T23:30,94,71.92,71.92,,,0,STABLE,NO,NO,2026-10-08T00:05:35Z
2021-06-26T21:30:00Z,2021-06-26T23:30,2021-06-26T23:45,95,67.13,67.13,,67.13,-1,DOWN,NO,NO,2026-10-08T00:05:35Z
2021-06-26T21:45:00Z,2021-06-26T23:45,2021-06-27T00:00,96,67.13,67.13,,67.13,-1,DOWN,NO,NO,2026-10-08T00:05:35Z
2021-06-26T22:00:00Z,2021-06-27T00:00,2021-06-27T00:15,1,141.89,141.89,141.89,,1,UP,NO,NO,2026-10-08T00:05:35Z
2021-06-26T22:15:00Z,2021-06-27T00:15,2021-06-27T00:30,2,79.96,79.96,79.96,,1,UP,NO,NO,2026-10-08T00:05:35Z
2021-06-26T22:30:00Z,2021-06-27T00:30,2021-06-27T00:45,3,67.36,67.36,,67.36,-1,DOWN,NO,NO,2026-10-08T00:05:35Z
2021-06-26T22:45:00Z,2021-06-27T00:45,2021-06-27T01:00,4,34,34,,34,-1,DOWN,NO,NO,2026-10-08T00:05:35Z
2021-06-26T23:00:00Z,2021-06-27T01:00,2021-06-27T01:15,5,46,46,,46,-1,DOWN,NO,NO,2026-10-08T00:05:35Z
2021-06-26T23:15:00Z,2021-06-27T01:15,2021-06-27T01:30,6,46,46,,46,-1,DOWN,NO,NO,2026-10-08T00:05:35Z
2021-06-26T23:30:00Z,2021-06-27T01:30,2021-06-27T01:45,7,46,46,,46,-1,DOWN,NO,NO,2026-10-08T00:05:35Z
2021-06-26T23:45:00Z,2021-06-27T01:45,2021-06-27T02:00,8,71.36,71.36,71.36,65.08,1,UP,NO,NO,2026-10-08T00:05:35Z
2021-06-27T00:00:00Z,2021-06-27T02:00,2021-06-27T02:15,9,69.36,69.36,,,0,STABLE,NO,NO,2026-10-08T00:05:35Z
2021-06-27T00:15:00Z,2021-06-27T02:15,2021-06-27T02:30,10,43.05,43.05,,43.05,-1,DOWN,NO,NO,2026-10-08T00:05:35Z
2021-06-27T00:30:00Z,2021-06-27T02:30,2021-06-27T02:45,11,-41.95,-41.95,,-41.95,-1,DOWN,NO,NO,2026-10-08T00:05:35Z
2021-06-27T00:45:00Z,2021-06-27T02:45,2021-06-27T03:00,12,3.05,3.05,,3.05,-1,DOWN,NO,NO,2026-10-08T00:05:35Z
2021-06-27T01:00:00Z,2021-06-27T03:00,2021-06-27T03:15,13,-56.25,-56.25,,-56.25,-1,DOWN,NO,NO,2026-10-08T00:05:35Z
2021-06-27T01:15:00Z,2021-06-27T03:15,2021-06-27T03:30,14,-55.45,-55.45,,-55.45,-1,DOWN,NO,NO,2026-10-08T00:05:35Z
2021-06-27T01:30:00Z,2021-06-27T03:30,2021-06-27T03:45,15,-41.82,-41.82,,-41.82,-1,DOWN,NO,NO,2026-10-08T00:05:35Z
2021-06-27T01:45:00Z,2021-06-27T03:45,2021-06-27T04:00,16,-74.11,-74.11,,-74.11,-1,DOWN,NO,NO,2026-10-08T00:05:35Z
2021-06-27T02:00:00Z,2021-06-27T04:00,2021-06-27T04:15,17,81.36,81.36,81.36,-7.86,1,UP,NO,NO,2026-10-08T00:05:35Z
2021-06-27T02:15:00Z,2021-06-27T04:15,2021-06-27T04:30,18,67.36,67.36,73.5,67.36,-1,DOWN,NO,NO,2026-10-08T00:05:35Z
2021-06-27T02:30:00Z,2021-06-27T04:30,2021-06-27T04:45,19,43.16,43.16,,43.16,-1,DOWN,NO,NO,2026-10-08T00:05:35Z
2021-06-27T02:45:00Z,2021-06-27T04:45,2021-06-27T05:00,20,59.36,59.36,,59.36,-1,DOWN,NO,NO,2026-10-08T00:05:35Z
2021-06-27T03:00:00Z,2021-06-27T05:00,2021-06-27T05:15,21,60.7,58.68,60.7,67.36,2,UP_AND_DOWN,NO,NO,2026-10-08T00:05:35Z
2021-06-27T03:15:00Z,2021-06-27T05:15,2021-06-27T05:30,22,.92,.92,,.92,-1,DOWN,NO,NO,2026-10-08T00:05:35Z
2021-06-27T03:30:00Z,2021-06-27T05:30,2021-06-27T05:45,23,-44.08,-44.08,,-44.08,-1,DOWN,NO,NO,2026-10-08T00:05:35Z
2021-06-27T03:45:00Z,2021-06-27T05:45,2021-06-27T06:00,24,-134.08,-134.08,,-134.08,-1,DOWN,NO,NO,2026-10-08T00:05:35Z
2021-06-27T04:00:00Z,2021-06-27T06:00,2021-06-27T06:15,25,-13.66,-13.66,,-13.66,-1,DOWN,NO,NO,2026-10-08T00:05:35Z
2021-06-27T04:15:00Z,2021-06-27T06:15,2021-06-27T06:30,26,-133.93,-133.93,,-133.93,-1,DOWN,NO,NO,2026-10-08T00:05:35Z
2021-06-27T04:30:00Z,2021-06-27T06:30,2021-06-27T06:45,27,-133.93,-133.93,,-133.93,-1,DOWN,NO,NO,2026-10-08T00:05:35Z
2021-06-27T04:45:00Z,2021-06-27T06:45,2021-06-27T07:00,28,-578.51,-578.51,,-578.51,-1,DOWN,NO,YES,2026-10-08T00:05:35Z
2021-06-27T05:00:00Z,2021-06-27T07:00,2021-06-27T07:15,29,-189.2,-189.2,,-189.2,-1,DOWN,NO,YES,2026-10-08T00:05:35Z
2021-06-27T05:15:00Z,2021-06-27T07:15,2021-06-27T07:30,30,-78.56,-78.56,,-78.56,-1,DOWN,NO,NO,2026-10-08T00:05:35Z
2021-06-27T05:30:00Z,2021-06-27T07:30,2021-06-27T07:45,31,-4.2,-4.2,,-4.2,-1,DOWN,NO,NO,2026-10-08T00:05:35Z
2021-06-27T05:45:00Z,2021-06-27T07:45,2021-06-27T08:00,32,-139.2,-139.2,,-139.2,-1,DOWN,NO,NO,2026-10-08T00:05:35Z
2021-06-27T06:00:00Z,2021-06-27T08:00,2021-06-27T08:15,33,232.29,232.29,232.29,-139.2,1,UP,NO,NO,2026-10-08T00:05:35Z
2021-06-27T06:15:00Z,2021-06-27T08:15,2021-06-27T08:30,34,453.52,453.52,453.52,,1,UP,YES,NO,2026-10-08T00:05:35Z
2021-06-27T06:30:00Z,2021-06-27T08:30,2021-06-27T08:45,35,65.36,65.36,453.52,65.36,-1,DOWN,YES,NO,2026-10-08T00:05:35Z
2021-06-27T06:45:00Z,2021-06-27T08:45,2021-06-27T09:00,36,71.36,71.36,71.36,,1,UP,NO,NO,2026-10-08T00:05:35Z
2021-06-27T07:00:00Z,2021-06-27T09:00,2021-06-27T09:15,37,73.26,73.26,73.26,,1,UP,NO,NO,2026-10-08T00:05:35Z
2021-06-27T07:15:00Z,2021-06-27T09:15,2021-06-27T09:30,38,75.51,75.51,75.51,,1,UP,NO,NO,2026-10-08T00:05:35Z
2021-06-27T07:30:00Z,2021-06-27T09:30,2021-06-27T09:45,39,71.76,71.76,71.76,,1,UP,NO,NO,2026-10-08T00:05:35Z
2021-06-27T07:45:00Z,2021-06-27T09:45,2021-06-27T10:00,40,78.51,78.51,78.51,,1,UP,NO,NO,2026-10-08T00:05:35Z
2021-06-27T08:00:00Z,2021-06-27T10:00,2021-06-27T10:15,41,222.89,222.89,222.89,,1,UP,NO,NO,2026-10-08T00:05:35Z
2021-06-27T08:15:00Z,2021-06-27T10:15,2021-06-27T10:30,42,82.26,82.26,82.26,,1,UP,NO,NO,2026-10-08T00:05:35Z
2021-06-27T08:30:00Z,2021-06-27T10:30,2021-06-27T10:45,43,57.89,57.89,82.26,57.89,-1,DOWN,NO,NO,2026-10-08T00:05:35Z
2021-06-27T08:45:00Z,2021-06-27T10:45,2021-06-27T11:00,44,42.89,42.89,,42.89,-1,DOWN,NO,NO,2026-10-08T00:05:35Z
2021-06-27T09:00:00Z,2021-06-27T11:00,2021-06-27T11:15,45,57.96,57.96,,57.96,-1,DOWN,NO,NO,2026-10-08T00:05:35Z
2021-06-27T09:15:00Z,2021-06-27T11:15,2021-06-27T11:30,46,67.36,67.36,,67.36,-1,DOWN,NO,NO,2026-10-08T00:05:35Z
2021-06-27T09:30:00Z,2021-06-27T11:30,2021-06-27T11:45,47,11,11,,11,-1,DOWN,NO,NO,2026-10-08T00:05:35Z
2021-06-27T09:45:00Z,2021-06-27T11:45,2021-06-27T12:00,48,12.96,12.96,,12.96,-1,DOWN,NO,NO,2026-10-08T00:05:35Z
2021-06-27T10:00:00Z,2021-06-27T12:00,2021-06-27T12:15,49,71.01,71.01,71.01,12.96,1,UP,NO,NO,2026-10-08T00:05:35Z
2021-06-27T10:15:00Z,2021-06-27T12:15,2021-06-27T12:30,50,62.58,62.58,,,0,STABLE,NO,NO,2026-10-08T00:05:35Z
2021-06-27T10:30:00Z,2021-06-27T12:30,2021-06-27T12:45,51,65.36,65.36,,65.36,-1,DOWN,NO,NO,2026-10-08T00:05:35Z
2021-06-27T10:45:00Z,2021-06-27T12:45,2021-06-27T13:00,52,24.58,24.58,,24.58,-1,DOWN,NO,NO,2026-10-08T00:05:35Z
2021-06-27T11:00:00Z,2021-06-27T13:00,2021-06-27T13:15,53,55.42,55.42,,55.42,-1,DOWN,NO,NO,2026-10-08T00:05:35Z
2021-06-27T11:15:00Z,2021-06-27T13:15,2021-06-27T13:30,54,6.51,6.51,,6.51,-1,DOWN,NO,NO,2026-10-08T00:05:35Z
2021-06-27T11:30:00Z,2021-06-27T13:30,2021-06-27T13:45,55,-2.11,-2.11,,-2.11,-1,DOWN,NO,NO,2026-10-08T00:05:35Z
2021-06-27T11:45:00Z,2021-06-27T13:45,2021-06-27T14:00,56,-168.49,-168.49,,-168.49,-1,DOWN,NO,NO,2026-10-08T00:05:35Z
2021-06-27T12:00:00Z,2021-06-27T14:00,2021-06-27T14:15,57,-178.27,-178.27,,-178.27,-1,DOWN,NO,NO,2026-10-08T00:05:35Z
2021-06-27T12:15:00Z,2021-06-27T14:15,2021-06-27T14:30,58,63.51,63.51,,63.51,-1,DOWN,NO,NO,2026-10-08T00:05:35Z
2021-06-27T12:30:00Z,2021-06-27T14:30,2021-06-27T14:45,59,51.73,51.73,,51.73,-1,DOWN,NO,NO,2026-10-08T00:05:35Z
2021-06-27T12:45:00Z,2021-06-27T14:45,2021-06-27T15:00,60,-62.95,-62.95,,-62.95,-1,DOWN,NO,NO,2026-10-08T00:05:35Z
2021-06-27T13:00:00Z,2021-06-27T15:00,2021-06-27T15:15,61,-172.82,-172.82,,-172.82,-1,DOWN,NO,NO,2026-10-08T00:05:35Z
2021-06-27T13:15:00Z,2021-06-27T15:15,2021-06-27T15:30,62,-488.84,-488.84,,-488.84,-1,DOWN,NO,NO,2026-10-08T00:05:35Z
2021-06-27T13:30:00Z,2021-06-27T15:30,2021-06-27T15:45,63,-172.82,-172.82,,-172.82,-1,DOWN,NO,NO,2026-10-08T00:05:35Z
2021-06-27T13:45:00Z,2021-06-27T15:45,2021-06-27T16:00,64,-9.67,-9.67,,-9.67,-1,DOWN,NO,NO,2026-10-08T00:05:35Z
2021-06-27T14:00:00Z,2021-06-27T16:00,2021-06-27T16:15,65,-11.46,-11.46,,-11.46,-1,DOWN,NO,NO,2026-10-08T00:05:35Z
2021-06-27T14:15:00Z,2021-06-27T16:15,2021-06-27T16:30,66,72.75,72.75,72.75,-2.1,1,UP,NO,NO,2026-10-08T00:05:35Z
2021-06-27T14:30:00Z,2021-06-27T16:30,2021-06-27T16:45,67,75.51,75.51,75.51,-2.1,1,UP,NO,NO,2026-10-08T00:05:35Z
2021-06-27T14:45:00Z,2021-06-27T16:45,2021-06-27T17:00,68,101.73,101.73,101.73,,1,UP,NO,NO,2026-10-08T00:05:35Z
2021-06-27T15:00:00Z,2021-06-27T17:00,2021-06-27T17:15,69,7,7,101.73,7,-1,DOWN,NO,NO,2026-10-08T00:05:35Z
2021-06-27T15:15:00Z,2021-06-27T17:15,2021-06-27T17:30,70,229,229,229,7,1,UP,NO,NO,2026-10-08T00:05:35Z
2021-06-27T15:30:00Z,2021-06-27T17:30,2021-06-27T17:45,71,495,495,495,,1,UP,YES,NO,2026-10-08T00:05:35Z
2021-06-27T15:45:00Z,2021-06-27T17:45,2021-06-27T18:00,72,495,495,495,,1,UP,YES,NO,2026-10-08T00:05:35Z
2021-06-27T16:00:00Z,2021-06-27T18:00,2021-06-27T18:15,73,465.84,465.84,465.84,,1,UP,YES,NO,2026-10-08T00:05:35Z
2021-06-27T16:15:00Z,2021-06-27T18:15,2021-06-27T18:30,74,273.49,273.49,273.49,,1,UP,YES,NO,2026-10-08T00:05:35Z
2021-06-27T16:30:00Z,2021-06-27T18:30,2021-06-27T18:45,75,273.49,273.49,273.49,,1,UP,YES,NO,2026-10-08T00:05:35Z
2021-06-27T16:45:00Z,2021-06-27T18:45,2021-06-27T19:00,76,65.36,65.36,88.43,65.36,-1,DOWN,NO,NO,2026-10-08T00:05:35Z
2021-06-27T17:00:00Z,2021-06-27T19:00,2021-06-27T19:15,77,59.36,59.36,,59.36,-1,DOWN,NO,NO,2026-10-08T00:05:35Z
2021-06-27T17:15:00Z,2021-06-27T19:15,2021-06-27T19:30,78,64.29,64.29,,64.29,-1,DOWN,NO,NO,2026-10-08T00:05:35Z
2021-06-27T17:30:00Z,2021-06-27T19:30,2021-06-27T19:45,79,70.93,70.93,,,0,STABLE,NO,NO,2026-10-08T00:05:35Z
2021-06-27T17:45:00Z,2021-06-27T19:45,2021-06-27T20:00,80,65.36,65.36,,65.36,-1,DOWN,NO,NO,2026-10-08T00:05:35Z
2021-06-27T18:00:00Z,2021-06-27T20:00,2021-06-27T20:15,81,62.36,62.36,,62.36,-1,DOWN,NO,NO,2026-10-08T00:05:35Z
2021-06-27T18:15:00Z,2021-06-27T20:15,2021-06-27T20:30,82,65.36,65.36,,65.36,-1,DOWN,NO,NO,2026-10-08T00:05:35Z
2021-06-27T18:30:00Z,2021-06-27T20:30,2021-06-27T20:45,83,71,71,,,0,STABLE,NO,NO,2026-10-08T00:05:35Z
2021-06-27T18:45:00Z,2021-06-27T20:45,2021-06-27T21:00,84,95.6,95.6,95.6,,1,UP,NO,NO,2026-10-08T00:05:35Z
2021-06-27T19:00:00Z,2021-06-27T21:00,2021-06-27T21:15,85,82.19,82.19,82.19,,1,UP,NO,NO,2026-10-08T00:05:35Z
2021-06-27T19:15:00Z,2021-06-27T21:15,2021-06-27T21:30,86,82.84,82.84,82.84,,1,UP,NO,NO,2026-10-08T00:05:35Z
2021-06-27T19:30:00Z,2021-06-27T21:30,2021-06-27T21:45,87,89.42,89.42,89.42,,1,UP,NO,NO,2026-10-08T00:05:35Z
2021-06-27T19:45:00Z,2021-06-27T21:45,2021-06-27T22:00,88,442.84,442.84,442.84,,1,UP,NO,NO,2026-10-08T00:05:35Z
2021-06-27T20:00:00Z,2021-06-27T22:00,2021-06-27T22:15,89,442.91,442.91,442.91,,1,UP,NO,NO,2026-10-08T00:05:35Z
2021-06-27T20:15:00Z,2021-06-27T22:15,2021-06-27T22:30,90,442.91,442.91,442.91,,1,UP,NO,NO,2026-10-08T00:05:35Z
2021-06-27T20:30:00Z,2021-06-27T22:30,2021-06-27T22:45,91,442.91,442.91,442.91,,1,UP,NO,NO,2026-10-08T00:05:35Z
2021-06-27T20:45:00Z,2021-06-27T22:45,2021-06-27T23:00,92,78.74,78.74,78.74,,1,UP,NO,NO,2026-10-08T00:05:35Z
2021-06-27T21:00:00Z,2021-06-27T23:00,2021-06-27T23:15,93,84.17,84.17,84.17,,1,UP,NO,NO,2026-10-08T00:05:35Z
2021-06-27T21:15:00Z,2021-06-27T23:15,2021-06-27T23:30,94,65.36,65.36,75.29,65.36,-1,DOWN,NO,NO,2026-10-08T00:05:35Z
2021-06-27T21:30:00Z,2021-06-27T23:30,2021-06-27T23:45,95,65.36,65.36,75.29,65.36,-1,DOWN,NO,NO,2026-10-08T00:05:35Z
2021-06-27T21:45:00Z,2021-06-27T23:45,2021-06-28T00:00,96,62.36,62.36,,62.36,-1,DOWN,NO,NO,2026-10-08T00:05:35Z
2021-06-27T22:00:00Z,2021-06-28T00:00,2021-06-28T00:15,1,75.95,66.75,75.95,66.75,2,UP_AND_DOWN,NO,NO,2026-10-08T00:05:35Z
2021-06-27T22:15:00Z,2021-06-28T00:15,2021-06-28T00:30,2,72.69,72.69,72.69,,1,UP,NO,NO,2026-10-08T00:05:35Z
2021-06-27T22:30:00Z,2021-06-28T00:30,2021-06-28T00:45,3,71.85,71.85,,,0,STABLE,NO,NO,2026-10-08T00:05:35Z
2021-06-27T22:45:00Z,2021-06-28T00:45,2021-06-28T01:00,4,71.85,71.85,,,0,STABLE,NO,NO,2026-10-08T00:05:35Z
2021-06-27T23:00:00Z,2021-06-28T01:00,2021-06-28T01:15,5,73.45,73.45,73.45,,1,UP,NO,NO,2026-10-08T00:05:35Z
2021-06-27T23:15:00Z,2021-06-28T01:15,2021-06-28T01:30,6,72.8,72.8,72.8,,1,UP,NO,NO,2026-10-08T00:05:35Z
2021-06-27T23:30:00Z,2021-06-28T01:30,2021-06-28T01:45,7,71.17,71.17,71.17,,1,UP,NO,NO,2026-10-08T00:05:35Z
2021-06-27T23:45:00Z,2021-06-28T01:45,2021-06-28T02:00,8,70.42,70.42,,,0,STABLE,NO,NO,2026-10-08T00:05:35Z
2021-06-28T00:00:00Z,2021-06-28T02:00,2021-06-28T02:15,9,94.92,94.92,94.92,,1,UP,NO,NO,2026-10-08T00:05:35Z
2021-06-28T00:15:00Z,2021-06-28T02:15,2021-06-28T02:30,10,77.27,77.27,77.27,,1,UP,NO,NO,2026-10-08T00:05:35Z
2021-06-28T00:30:00Z,2021-06-28T02:30,2021-06-28T02:45,11,72.31,72.31,72.31,,1,UP,NO,NO,2026-10-08T00:05:35Z
2021-06-28T00:45:00Z,2021-06-28T02:45,2021-06-28T03:00,12,71.09,71.09,71.09,,1,UP,NO,NO,2026-10-08T00:05:35Z
2021-06-28T01:00:00Z,2021-06-28T03:00,2021-06-28T03:15,13,66.01,66.01,,,0,STABLE,NO,NO,2026-10-08T00:05:35Z
2021-06-28T01:15:00Z,2021-06-28T03:15,2021-06-28T03:30,14,59.35,59.35,,59.35,-1,DOWN,NO,NO,2026-10-08T00:05:35Z
2021-06-28T01:30:00Z,2021-06-28T03:30,2021-06-28T03:45,15,59.35,59.35,,59.35,-1,DOWN,NO,NO,2026-10-08T00:05:35Z
2021-06-28T01:45:00Z,2021-06-28T03:45,2021-06-28T04:00,16,64.52,64.52,,64.52,-1,DOWN,NO,NO,2026-10-08T00:05:35Z
2021-06-28T02:00:00Z,2021-06-28T04:00,2021-06-28T04:15,17,47.33,47.33,,47.33,-1,DOWN,NO,NO,2026-10-08T00:05:35Z
2021-06-28T02:15:00Z,2021-06-28T04:15,2021-06-28T04:30,18,45.47,45.47,,45.47,-1,DOWN,NO,NO,2026-10-08T00:05:35Z
2021-06-28T02:30:00Z,2021-06-28T04:30,2021-06-28T04:45,19,67.35,67.35,,67.35,-1,DOWN,NO,NO,2026-10-08T00:05:35Z
2021-06-28T02:45:00Z,2021-06-28T04:45,2021-06-28T05:00,20,58.65,58.65,,58.65,-1,DOWN,NO,NO,2026-10-08T00:05:35Z
2021-06-28T03:00:00Z,2021-06-28T05:00,2021-06-28T05:15,21,100.09,100.09,100.09,58.65,1,UP,NO,NO,2026-10-08T00:05:35Z
2021-06-28T03:15:00Z,2021-06-28T05:15,2021-06-28T05:30,22,67.75,67.75,100.09,67.75,-1,DOWN,NO,NO,2026-10-08T00:05:35Z
2021-06-28T03:30:00Z,2021-06-28T05:30,2021-06-28T05:45,23,69.53,69.53,,69.53,-1,DOWN,NO,NO,2026-10-08T00:05:35Z
2021-06-28T03:45:00Z,2021-06-28T05:45,2021-06-28T06:00,24,67.35,67.35,,67.35,-1,DOWN,NO,NO,2026-10-08T00:05:35Z
2021-06-28T04:00:00Z,2021-06-28T06:00,2021-06-28T06:15,25,330.69,330.69,330.69,,1,UP,NO,NO,2026-10-08T00:05:35Z
2021-06-28T04:15:00Z,2021-06-28T06:15,2021-06-28T06:30,26,80.68,80.68,80.68,,1,UP,NO,NO,2026-10-08T00:05:35Z
2021-06-28T04:30:00Z,2021-06-28T06:30,2021-06-28T06:45,27,75.7,75.7,75.7,,1,UP,NO,NO,2026-10-08T00:05:35Z
2021-06-28T04:45:00Z,2021-06-28T06:45,2021-06-28T07:00,28,68,68,,68,-1,DOWN,NO,NO,2026-10-08T00:05:35Z
2021-06-28T05:00:00Z,2021-06-28T07:00,2021-06-28T07:15,29,67.77,67.77,,67.77,-1,DOWN,NO,NO,2026-10-08T00:05:35Z
2021-06-28T05:15:00Z,2021-06-28T07:15,2021-06-28T07:30,30,71.56,71.56,,,0,STABLE,NO,NO,2026-10-08T00:05:35Z
2021-06-28T05:30:00Z,2021-06-28T07:30,2021-06-28T07:45,31,90.9,90.9,90.9,,1,UP,NO,NO,2026-10-08T00:05:35Z
2021-06-28T05:45:00Z,2021-06-28T07:45,2021-06-28T08:00,32,82.16,82.16,82.16,,1,UP,NO,NO,2026-10-08T00:05:35Z
2021-06-28T06:00:00Z,2021-06-28T08:00,2021-06-28T08:15,33,71.37,71.37,,,0,STABLE,NO,NO,2026-10-08T00:05:35Z
2021-06-28T06:15:00Z,2021-06-28T08:15,2021-06-28T08:30,34,74.61,74.61,74.61,,1,UP,NO,NO,2026-10-08T00:05:35Z
2021-06-28T06:30:00Z,2021-06-28T08:30,2021-06-28T08:45,35,71.8,71.8,71.8,,1,UP,NO,NO,2026-10-08T00:05:35Z
2021-06-28T06:45:00Z,2021-06-28T08:45,2021-06-28T09:00,36,60,60,,60,-1,DOWN,NO,NO,2026-10-08T00:05:35Z
2021-06-28T07:00:00Z,2021-06-28T09:00,2021-06-28T09:15,37,53.07,53.07,,53.07,-1,DOWN,NO,NO,2026-10-08T00:05:35Z
2021-06-28T07:15:00Z,2021-06-28T09:15,2021-06-28T09:30,38,52.1,52.1,,52.1,-1,DOWN,NO,NO,2026-10-08T00:05:35Z
2021-06-28T07:30:00Z,2021-06-28T09:30,2021-06-28T09:45,39,58.2,58.2,,58.2,-1,DOWN,NO,NO,2026-10-08T00:05:35Z
2021-06-28T07:45:00Z,2021-06-28T09:45,2021-06-28T10:00,40,55,55,,55,-1,DOWN,NO,NO,2026-10-08T00:05:35Z
2021-06-28T08:00:00Z,2021-06-28T10:00,2021-06-28T10:15,41,70.81,70.81,,70.81,-1,DOWN,NO,NO,2026-10-08T00:05:35Z
2021-06-28T08:15:00Z,2021-06-28T10:15,2021-06-28T10:30,42,71.85,71.85,71.85,,1,UP,NO,NO,2026-10-08T00:05:35Z
2021-06-28T08:30:00Z,2021-06-28T10:30,2021-06-28T10:45,43,330.69,330.69,330.69,,1,UP,NO,NO,2026-10-08T00:05:35Z
2021-06-28T08:45:00Z,2021-06-28T10:45,2021-06-28T11:00,44,90.05,90.05,90.05,,1,UP,NO,NO,2026-10-08T00:05:35Z
2021-06-28T09:00:00Z,2021-06-28T11:00,2021-06-28T11:15,45,330.69,330.69,330.69,,1,UP,NO,NO,2026-10-08T00:05:35Z
2021-06-28T09:15:00Z,2021-06-28T11:15,2021-06-28T11:30,46,330.69,330.69,330.69,,1,UP,NO,NO,2026-10-08T00:05:35Z
2021-06-28T09:30:00Z,2021-06-28T11:30,2021-06-28T11:45,47,444.87,444.87,444.87,,1,UP,YES,NO,2026-10-08T00:05:35Z
2021-06-28T09:45:00Z,2021-06-28T11:45,2021-06-28T12:00,48,444.87,444.87,444.87,,1,UP,YES,NO,2026-10-08T00:05:35Z
2021-06-28T10:00:00Z,2021-06-28T12:00,2021-06-28T12:15,49,444.87,444.87,444.87,,1,UP,YES,NO,2026-10-08T00:05:35Z
2021-06-28T10:15:00Z,2021-06-28T12:15,2021-06-28T12:30,50,444.87,444.87,444.87,,1,UP,YES,NO,2026-10-08T00:05:35Z
2021-06-28T10:30:00Z,2021-06-28T12:30,2021-06-28T12:45,51,444.87,444.87,444.87,,1,UP,YES,NO,2026-10-08T00:05:35Z
2021-06-28T10:45:00Z,2021-06-28T12:45,2021-06-28T13:00,52,444.87,444.87,444.87,,1,UP,YES,NO,2026-10-08T00:05:35Z
2021-06-28T11:00:00Z,2021-06-28T13:00,2021-06-28T13:15,53,444.87,444.87,444.87,,1,UP,YES,NO,2026-10-08T00:05:35Z
2021-06-28T11:15:00Z,2021-06-28T13:15,2021-06-28T13:30,54,444.87,444.87,444.87,,1,UP,YES,NO,2026-10-08T00:05:35Z
2021-06-28T11:30:00Z,2021-06-28T13:30,2021-06-28T13:45,55,444.87,444.87,444.87,,1,UP,YES,NO,2026-10-08T00:05:35Z
2021-06-28T11:45:00Z,2021-06-28T13:45,2021-06-28T14:00,56,444.87,444.87,444.87,,1,UP,YES,NO,2026-10-08T00:05:35Z
2021-06-28T12:00:00Z,2021-06-28T14:00,2021-06-28T14:15,57,414.04,68.56,414.04,68.56,2,UP_AND_DOWN,YES,NO,2026-10-08T00:05:35Z
2021-06-28T12:15:00Z,2021-06-28T14:15,2021-06-28T14:30,58,276.4,276.4,276.4,,1,UP,YES,NO,2026-10-08T00:05:35Z
2021-06-28T12:30:00Z,2021-06-28T14:30,2021-06-28T14:45,59,276.4,276.4,276.4,,1,UP,YES,NO,2026-10-08T00:05:35Z
2021-06-28T12:45:00Z,2021-06-28T14:45,2021-06-28T15:00,60,444.87,444.87,444.87,,1,UP,YES,NO,2026-10-08T00:05:35Z
2021-06-28T13:00:00Z,2021-06-28T15:00,2021-06-28T15:15,61,71.76,71.76,71.76,,1,UP,NO,NO,2026-10-08T00:05:35Z
2021-06-28T13:15:00Z,2021-06-28T15:15,2021-06-28T15:30,62,71.04,71.04,71.04,,1,UP,NO,NO,2026-10-08T00:05:35Z
2021-06-28T13:30:00Z,2021-06-28T15:30,2021-06-28T15:45,63,71.11,71.11,71.11,,1,UP,NO,NO,2026-10-08T00:05:35Z
2021-06-28T13:45:00Z,2021-06-28T15:45,2021-06-28T16:00,64,96.32,96.32,96.32,,1,UP,NO,NO,2026-10-08T00:05:35Z
2021-06-28T14:00:00Z,2021-06-28T16:00,2021-06-28T16:15,65,71.67,71.67,,,0,STABLE,NO,NO,2026-10-08T00:05:35Z
2021-06-28T14:15:00Z,2021-06-28T16:15,2021-06-28T16:30,66,69.26,69.26,,69.26,-1,DOWN,NO,NO,2026-10-08T00:05:35Z
2021-06-28T14:30:00Z,2021-06-28T16:30,2021-06-28T16:45,67,67.47,67.47,,67.47,-1,DOWN,NO,NO,2026-10-08T00:05:35Z
2021-06-28T14:45:00Z,2021-06-28T16:45,2021-06-28T17:00,68,88.82,88.82,88.82,,1,UP,NO,NO,2026-10-08T00:05:35Z
2021-06-28T15:00:00Z,2021-06-28T17:00,2021-06-28T17:15,69,71.16,71.16,71.16,,1,UP,NO,NO,2026-10-08T00:05:35Z
2021-06-28T15:15:00Z,2021-06-28T17:15,2021-06-28T17:30,70,127.68,127.68,127.68,,1,UP,NO,NO,2026-10-08T00:05:35Z
2021-06-28T15:30:00Z,2021-06-28T17:30,2021-06-28T17:45,71,330.69,330.69,330.69,,1,UP,NO,NO,2026-10-08T00:05:35Z
2021-06-28T15:45:00Z,2021-06-28T17:45,2021-06-28T18:00,72,330.69,330.69,330.69,,1,UP,NO,NO,2026-10-08T00:05:35Z
2021-06-28T16:00:00Z,2021-06-28T18:00,2021-06-28T18:15,73,363.76,363.76,363.76,,1,UP,YES,NO,2026-10-08T00:05:35Z
2021-06-28T16:15:00Z,2021-06-28T18:15,2021-06-28T18:30,74,68.05,68.05,363.76,68.05,-1,DOWN,YES,NO,2026-10-08T00:05:35Z
2021-06-28T16:30:00Z,2021-06-28T18:30,2021-06-28T18:45,75,76.83,76.83,76.83,68.05,1,UP,NO,NO,2026-10-08T00:05:35Z
2021-06-28T16:45:00Z,2021-06-28T18:45,2021-06-28T19:00,76,97.26,97.26,97.26,,1,UP,NO,NO,2026-10-08T00:05:35Z
2021-06-28T17:00:00Z,2021-06-28T19:00,2021-06-28T19:15,77,83.17,83.17,83.17,,1,UP,NO,NO,2026-10-08T00:05:35Z
2021-06-28T17:15:00Z,2021-06-28T19:15,2021-06-28T19:30,78,86.84,86.84,86.84,,1,UP,NO,NO,2026-10-08T00:05:35Z
2021-06-28T17:30:00Z,2021-06-28T19:30,2021-06-28T19:45,79,330.69,330.69,330.69,,1,UP,NO,NO,2026-10-08T00:05:35Z
2021-06-28T17:45:00Z,2021-06-28T19:45,2021-06-28T20:00,80,330.69,330.69,330.69,,1,UP,NO,NO,2026-10-08T00:05:35Z
2021-06-28T18:00:00Z,2021-06-28T20:00,2021-06-28T20:15,81,130.42,130.42,130.42,,1,UP,NO,NO,2026-10-08T00:05:35Z
2021-06-28T18:15:00Z,2021-06-28T20:15,2021-06-28T20:30,82,80.68,80.68,80.68,,1,UP,NO,NO,2026-10-08T00:05:35Z
2021-06-28T18:30:00Z,2021-06-28T20:30,2021-06-28T20:45,83,99.33,99.33,99.33,,1,UP,NO,NO,2026-10-08T00:05:35Z
2021-06-28T18:45:00Z,2021-06-28T20:45,2021-06-28T21:00,84,330.69,330.69,330.69,,1,UP,NO,NO,2026-10-08T00:05:35Z
2021-06-28T19:00:00Z,2021-06-28T21:00,2021-06-28T21:15,85,84.08,84.08,84.08,,1,UP,NO,NO,2026-10-08T00:05:35Z
2021-06-28T19:15:00Z,2021-06-28T21:15,2021-06-28T21:30,86,79.56,79.56,79.56,,1,UP,NO,NO,2026-10-08T00:05:35Z
2021-06-28T19:30:00Z,2021-06-28T21:30,2021-06-28T21:45,87,71.97,71.97,71.97,,1,UP,NO,NO,2026-10-08T00:05:35Z
2021-06-28T19:45:00Z,2021-06-28T21:45,2021-06-28T22:00,88,73.88,73.88,,,0,STABLE,NO,NO,2026-10-08T00:05:35Z
2021-06-28T20:00:00Z,2021-06-28T22:00,2021-06-28T22:15,89,73.44,73.44,73.44,,1,UP,NO,NO,2026-10-08T00:05:35Z
2021-06-28T20:15:00Z,2021-06-28T22:15,2021-06-28T22:30,90,150.31,150.31,150.31,,1,UP,NO,NO,2026-10-08T00:05:35Z
2021-06-28T20:30:00Z,2021-06-28T22:30,2021-06-28T22:45,91,330.69,330.69,330.69,,1,UP,NO,NO,2026-10-08T00:05:35Z
2021-06-28T20:45:00Z,2021-06-28T22:45,2021-06-28T23:00,92,71.32,71.32,,,0,STABLE,NO,NO,2026-10-08T00:05:35Z
2021-06-28T21:00:00Z,2021-06-28T23:00,2021-06-28T23:15,93,450,450,450,,1,UP,NO,NO,2026-10-08T00:05:35Z
2021-06-28T21:15:00Z,2021-06-28T23:15,2021-06-28T23:30,94,83.79,83.79,83.79,,1,UP,NO,NO,2026-10-08T00:05:35Z
2021-06-28T21:30:00Z,2021-06-28T23:30,2021-06-28T23:45,95,83.02,83.02,83.02,,1,UP,NO,NO,2026-10-08T00:05:35Z
2021-06-28T21:45:00Z,2021-06-28T23:45,2021-06-29T00:00,96,70.72,70.72,71.2,70.72,-1,DOWN,NO,NO,2026-10-08T00:05:35Z
2021-06-28T22:00:00Z,2021-06-29T00:00,2021-06-29T00:15,1,84.15,84.15,84.15,71.65,1,UP,NO,NO,2026-10-08T00:05:35Z
2021-06-28T22:15:00Z,2021-06-29T00:15,2021-06-29T00:30,2,431.03,431.03,431.03,,1,UP,NO,NO,2026-10-08T00:05:35Z
2021-06-28T22:30:00Z,2021-06-29T00:30,2021-06-29T00:45,3,106.32,106.32,106.32,,1,UP,NO,NO,2026-10-08T00:05:35Z
2021-06-28T22:45:00Z,2021-06-29T00:45,2021-06-29T01:00,4,71.75,71.75,,,0,STABLE,NO,NO,2026-10-08T00:05:35Z
2021-06-28T23:00:00Z,2021-06-29T01:00,2021-06-29T01:15,5,87.31,71.84,87.31,71.84,2,UP_AND_DOWN,NO,NO,2026-10-08T00:05:35Z
2021-06-28T23:15:00Z,2021-06-29T01:15,2021-06-29T01:30,6,75,75,75,,1,UP,NO,NO,2026-10-08T00:05:35Z
2021-06-28T23:30:00Z,2021-06-29T01:30,2021-06-29T01:45,7,87.61,87.61,87.61,,1,UP,NO,NO,2026-10-08T00:05:35Z
2021-06-28T23:45:00Z,2021-06-29T01:45,2021-06-29T02:00,8,71.61,71.61,71.61,,1,UP,NO,NO,2026-10-08T00:05:35Z
2021-06-29T00:00:00Z,2021-06-29T02:00,2021-06-29T02:15,9,424.98,424.98,424.98,,1,UP,NO,NO,2026-10-08T00:05:35Z
2021-06-29T00:15:00Z,2021-06-29T02:15,2021-06-29T02:30,10,81.14,81.14,81.14,,1,UP,NO,NO,2026-10-08T00:05:35Z
2021-06-29T00:30:00Z,2021-06-29T02:30,2021-06-29T02:45,11,74.08,74.08,74.08,,1,UP,NO,NO,2026-10-08T00:05:35Z
2021-06-29T00:45:00Z,2021-06-29T02:45,2021-06-29T03:00,12,63,63,74.08,63,-1,DOWN,NO,NO,2026-10-08T00:05:35Z
2021-06-29T01:00:00Z,2021-06-29T03:00,2021-06-29T03:15,13,63,63,,63,-1,DOWN,NO,NO,2026-10-08T00:05:35Z
2021-06-29T01:15:00Z,2021-06-29T03:15,2021-06-29T03:30,14,65.2,65.2,,65.2,-1,DOWN,NO,NO,2026-10-08T00:05:35Z
2021-06-29T01:30:00Z,2021-06-29T03:30,2021-06-29T03:45,15,62.08,62.08,,62.08,-1,DOWN,NO,NO,2026-10-08T00:05:35Z
2021-06-29T01:45:00Z,2021-06-29T03:45,2021-06-29T04:00,16,63,63,,63,-1,DOWN,NO,NO,2026-10-08T00:05:35Z
2021-06-29T02:00:00Z,2021-06-29T04:00,2021-06-29T04:15,17,63,63,,63,-1,DOWN,NO,NO,2026-10-08T00:05:35Z
2021-06-29T02:15:00Z,2021-06-29T04:15,2021-06-29T04:30,18,66.81,66.81,,66.81,-1,DOWN,NO,NO,2026-10-08T00:05:35Z
2021-06-29T02:30:00Z,2021-06-29T04:30,2021-06-29T04:45,19,72.1,72.1,,,0,STABLE,NO,NO,2026-10-08T00:05:35Z
2021-06-29T02:45:00Z,2021-06-29T04:45,2021-06-29T05:00,20,74.75,74.75,74.75,,1,UP,NO,NO,2026-10-08T00:05:35Z
2021-06-29T03:00:00Z,2021-06-29T05:00,2021-06-29T05:15,21,71.93,71.93,,,0,STABLE,NO,NO,2026-10-08T00:05:35Z
2021-06-29T03:15:00Z,2021-06-29T05:15,2021-06-29T05:30,22,72.1,72.1,,,0,STABLE,NO,NO,2026-10-08T00:05:35Z
2021-06-29T03:30:00Z,2021-06-29T05:30,2021-06-29T05:45,23,72.1,72.1,,,0,STABLE,NO,NO,2026-10-08T00:05:35Z
2021-06-29T03:45:00Z,2021-06-29T05:45,2021-06-29T06:00,24,71.99,71.99,,71.99,-1,DOWN,NO,NO,2026-10-08T00:05:35Z
2021-06-29T04:00:00Z,2021-06-29T06:00,2021-06-29T06:15,25,78.07,78.07,78.07,71.99,1,UP,NO,NO,2026-10-08T00:05:35Z
2021-06-29T04:15:00Z,2021-06-29T06:15,2021-06-29T06:30,26,115.55,115.55,115.55,,1,UP,NO,NO,2026-10-08T00:05:35Z
2021-06-29T04:30:00Z,2021-06-29T06:30,2021-06-29T06:45,27,443.79,443.79,443.79,,1,UP,NO,NO,2026-10-08T00:05:35Z
2021-06-29T04:45:00Z,2021-06-29T06:45,2021-06-29T07:00,28,70.58,70.58,107.06,70.58,-1,DOWN,NO,NO,2026-10-08T00:05:35Z
2021-06-29T05:00:00Z,2021-06-29T07:00,2021-06-29T07:15,29,72.43,72.43,107.06,72.43,-1,DOWN,NO,NO,2026-10-08T00:05:35Z
2021-06-29T05:15:00Z,2021-06-29T07:15,2021-06-29T07:30,30,331.63,331.63,331.63,72.43,1,UP,NO,NO,2026-10-08T00:05:35Z
2021-06-29T05:30:00Z,2021-06-29T07:30,2021-06-29T07:45,31,452.94,452.94,452.94,,1,UP,NO,NO,2026-10-08T00:05:35Z
2021-06-29T05:45:00Z,2021-06-29T07:45,2021-06-29T08:00,32,452.94,452.94,452.94,,1,UP,NO,NO,2026-10-08T00:05:35Z
2021-06-29T06:00:00Z,2021-06-29T08:00,2021-06-29T08:15,33,108.42,108.42,108.42,,1,UP,NO,NO,2026-10-08T00:05:35Z
2021-06-29T06:15:00Z,2021-06-29T08:15,2021-06-29T08:30,34,100.02,100.02,100.02,,1,UP,NO,NO,2026-10-08T00:05:35Z
2021-06-29T06:30:00Z,2021-06-29T08:30,2021-06-29T08:45,35,90.02,90.02,90.02,,1,UP,NO,NO,2026-10-08T00:05:35Z
2021-06-29T06:45:00Z,2021-06-29T08:45,2021-06-29T09:00,36,86,86,86,,1,UP,NO,NO,2026-10-08T00:05:35Z
2021-06-29T07:00:00Z,2021-06-29T09:00,2021-06-29T09:15,37,86,86,86,,1,UP,NO,NO,2026-10-08T00:05:35Z
2021-06-29T07:15:00Z,2021-06-29T09:15,2021-06-29T09:30,38,94.04,94.04,94.04,,1,UP,NO,NO,2026-10-08T00:05:35Z
2021-06-29T07:30:00Z,2021-06-29T09:30,2021-06-29T09:45,39,80.22,80.22,80.22,,1,UP,NO,NO,2026-10-08T00:05:35Z
2021-06-29T07:45:00Z,2021-06-29T09:45,2021-06-29T10:00,40,77.72,77.72,77.72,,1,UP,NO,NO,2026-10-08T00:05:35Z
2021-06-29T08:00:00Z,2021-06-29T10:00,2021-06-29T10:15,41,77.33,77.33,77.33,,1,UP,NO,NO,2026-10-08T00:05:35Z
2021-06-29T08:15:00Z,2021-06-29T10:15,2021-06-29T10:30,42,71.33,71.33,,71.33,-1,DOWN,NO,NO,2026-10-08T00:05:35Z
2021-06-29T08:30:00Z,2021-06-29T10:30,2021-06-29T10:45,43,71.33,71.33,,71.33,-1,DOWN,NO,NO,2026-10-08T00:05:35Z
2021-06-29T08:45:00Z,2021-06-29T10:45,2021-06-29T11:00,44,55.07,55.07,,55.07,-1,DOWN,NO,NO,2026-10-08T00:05:35Z
2021-06-29T09:00:00Z,2021-06-29T11:00,2021-06-29T11:15,45,75.07,70.58,75.07,70.58,2,UP_AND_DOWN,NO,NO,2026-10-08T00:05:35Z
2021-06-29T09:15:00Z,2021-06-29T11:15,2021-06-29T11:30,46,77.22,77.22,77.22,,1,UP,NO,NO,2026-10-08T00:05:35Z
2021-06-29T09:30:00Z,2021-06-29T11:30,2021-06-29T11:45,47,72.07,72.07,72.07,,1,UP,NO,NO,2026-10-08T00:05:35Z
2021-06-29T09:45:00Z,2021-06-29T11:45,2021-06-29T12:00,48,73.22,73.22,73.22,,1,UP,NO,NO,2026-10-08T00:05:35Z
2021-06-29T10:00:00Z,2021-06-29T12:00,2021-06-29T12:15,49,107.18,107.18,107.18,,1,UP,NO,NO,2026-10-08T00:05:35Z
2021-06-29T10:15:00Z,2021-06-29T12:15,2021-06-29T12:30,50,71.7,71.7,,,0,STABLE,NO,NO,2026-10-08T00:05:35Z
2021-06-29T10:30:00Z,2021-06-29T12:30,2021-06-29T12:45,51,76.78,76.78,76.78,,1,UP,NO,NO,2026-10-08T00:05:35Z
2021-06-29T10:45:00Z,2021-06-29T12:45,2021-06-29T13:00,52,71.53,71.53,,,0,STABLE,NO,NO,2026-10-08T00:05:35Z
2021-06-29T11:00:00Z,2021-06-29T13:00,2021-06-29T13:15,53,95.98,95.98,95.98,,1,UP,NO,NO,2026-10-08T00:05:35Z
2021-06-29T11:15:00Z,2021-06-29T13:15,2021-06-29T13:30,54,71.26,71.26,77.7,71.26,-1,DOWN,NO,NO,2026-10-08T00:05:35Z
2021-06-29T11:30:00Z,2021-06-29T13:30,2021-06-29T13:45,55,71.63,71.63,71.63,71.26,1,UP,NO,NO,2026-10-08T00:05:35Z
2021-06-29T11:45:00Z,2021-06-29T13:45,2021-06-29T14:00,56,331.63,331.63,331.63,,1,UP,NO,NO,2026-10-08T00:05:35Z
2021-06-29T12:00:00Z,2021-06-29T14:00,2021-06-29T14:15,57,440.02,440.02,440.02,,1,UP,NO,NO,2026-10-08T00:05:35Z
2021-06-29T12:15:00Z,2021-06-29T14:15,2021-06-29T14:30,58,123.02,123.02,123.02,,1,UP,NO,NO,2026-10-08T00:05:35Z
2021-06-29T12:30:00Z,2021-06-29T14:30,2021-06-29T14:45,59,93.02,93.02,93.02,,1,UP,NO,NO,2026-10-08T00:05:35Z
2021-06-29T12:45:00Z,2021-06-29T14:45,2021-06-29T15:00,60,73.23,73.23,73.23,,1,UP,NO,NO,2026-10-08T00:05:35Z
2021-06-29T13:00:00Z,2021-06-29T15:00,2021-06-29T15:15,61,73.31,73.31,,,0,STABLE,NO,NO,2026-10-08T00:05:35Z
2021-06-29T13:15:00Z,2021-06-29T15:15,2021-06-29T15:30,62,66.07,66.07,,66.07,-1,DOWN,NO,NO,2026-10-08T00:05:35Z
2021-06-29T13:30:00Z,2021-06-29T15:30,2021-06-29T15:45,63,73.53,73.53,,,0,STABLE,NO,NO,2026-10-08T00:05:35Z
2021-06-29T13:45:00Z,2021-06-29T15:45,2021-06-29T16:00,64,73.31,73.31,,,0,STABLE,NO,NO,2026-10-08T00:05:35Z
2021-06-29T14:00:00Z,2021-06-29T16:00,2021-06-29T16:15,65,71.51,71.51,71.51,,1,UP,NO,NO,2026-10-08T00:05:35Z
2021-06-29T14:15:00Z,2021-06-29T16:15,2021-06-29T16:30,66,71.51,71.51,71.51,,1,UP,NO,NO,2026-10-08T00:05:35Z
2021-06-29T14:30:00Z,2021-06-29T16:30,2021-06-29T16:45,67,81.14,81.14,81.14,,1,UP,NO,NO,2026-10-08T00:05:35Z
2021-06-29T14:45:00Z,2021-06-29T16:45,2021-06-29T17:00,68,439,439,439,,1,UP,NO,NO,2026-10-08T00:05:35Z
2021-06-29T15:00:00Z,2021-06-29T17:00,2021-06-29T17:15,69,115.23,115.23,115.23,,1,UP,NO,NO,2026-10-08T00:05:35Z
2021-06-29T15:15:00Z,2021-06-29T17:15,2021-06-29T17:30,70,446.53,446.53,446.53,,1,UP,NO,NO,2026-10-08T00:05:35Z
2021-06-29T15:30:00Z,2021-06-29T17:30,2021-06-29T17:45,71,331.63,331.63,331.63,,1,UP,NO,NO,2026-10-08T00:05:35Z
2021-06-29T15:45:00Z,2021-06-29T17:45,2021-06-29T18:00,72,121.18,121.18,121.18,,1,UP,NO,NO,2026-10-08T00:05:35Z
2021-06-29T16:00:00Z,2021-06-29T18:00,2021-06-29T18:15,73,75.07,70.58,75.07,70.58,2,UP_AND_DOWN,NO,NO,2026-10-08T00:05:35Z
2021-06-29T16:15:00Z,2021-06-29T18:15,2021-06-29T18:30,74,79.83,79.83,79.83,,1,UP,NO,NO,2026-10-08T00:05:35Z
2021-06-29T16:30:00Z,2021-06-29T18:30,2021-06-29T18:45,75,121.39,121.39,121.39,,1,UP,NO,NO,2026-10-08T00:05:35Z
2021-06-29T16:45:00Z,2021-06-29T18:45,2021-06-29T19:00,76,449.08,449.08,449.08,,1,UP,NO,NO,2026-10-08T00:05:35Z
2021-06-29T17:00:00Z,2021-06-29T19:00,2021-06-29T19:15,77,72.07,72.07,72.07,,1,UP,NO,NO,2026-10-08T00:05:35Z
2021-06-29T17:15:00Z,2021-06-29T19:15,2021-06-29T19:30,78,73.56,73.56,,,0,STABLE,NO,NO,2026-10-08T00:05:35Z
2021-06-29T17:30:00Z,2021-06-29T19:30,2021-06-29T19:45,79,73.56,73.56,,,0,STABLE,NO,NO,2026-10-08T00:05:35Z
2021-06-29T17:45:00Z,2021-06-29T19:45,2021-06-29T20:00,80,73.7,73.7,,,0,STABLE,NO,NO,2026-10-08T00:05:35Z
2021-06-29T18:00:00Z,2021-06-29T20:00,2021-06-29T20:15,81,448.62,448.62,448.62,,1,UP,NO,NO,2026-10-08T00:05:35Z
2021-06-29T18:15:00Z,2021-06-29T20:15,2021-06-29T20:30,82,77.29,77.29,77.29,,1,UP,NO,NO,2026-10-08T00:05:35Z
2021-06-29T18:30:00Z,2021-06-29T20:30,2021-06-29T20:45,83,77.29,77.29,77.29,,1,UP,NO,NO,2026-10-08T00:05:35Z
2021-06-29T18:45:00Z,2021-06-29T20:45,2021-06-29T21:00,84,72.07,72.07,72.07,,1,UP,NO,NO,2026-10-08T00:05:35Z
2021-06-29T19:00:00Z,2021-06-29T21:00,2021-06-29T21:15,85,72.07,72.07,72.07,,1,UP,NO,NO,2026-10-08T00:05:35Z
2021-06-29T19:15:00Z,2021-06-29T21:15,2021-06-29T21:30,86,69.08,69.08,,69.08,-1,DOWN,NO,NO,2026-10-08T00:05:35Z
2021-06-29T19:30:00Z,2021-06-29T21:30,2021-06-29T21:45,87,60.08,60.08,,60.08,-1,DOWN,NO,NO,2026-10-08T00:05:35Z
2021-06-29T19:45:00Z,2021-06-29T21:45,2021-06-29T22:00,88,20.83,20.83,,20.83,-1,DOWN,NO,NO,2026-10-08T00:05:35Z
2021-06-29T20:00:00Z,2021-06-29T22:00,2021-06-29T22:15,89,-75.03,-75.03,,-75.03,-1,DOWN,NO,NO,2026-10-08T00:05:35Z
2021-06-29T20:15:00Z,2021-06-29T22:15,2021-06-29T22:30,90,40.25,40.25,,40.25,-1,DOWN,NO,NO,2026-10-08T00:05:35Z
2021-06-29T20:30:00Z,2021-06-29T22:30,2021-06-29T22:45,91,44.33,44.33,,44.33,-1,DOWN,NO,NO,2026-10-08T00:05:35Z
2021-06-29T20:45:00Z,2021-06-29T22:45,2021-06-29T23:00,92,32.66,32.66,,32.66,-1,DOWN,NO,NO,2026-10-08T00:05:35Z
2021-06-29T21:00:00Z,2021-06-29T23:00,2021-06-29T23:15,93,36.33,36.33,,36.33,-1,DOWN,NO,NO,2026-10-08T00:05:35Z
2021-06-29T21:15:00Z,2021-06-29T23:15,2021-06-29T23:30,94,54.61,54.61,,54.61,-1,DOWN,NO,NO,2026-10-08T00:05:35Z
2021-06-29T21:30:00Z,2021-06-29T23:30,2021-06-29T23:45,95,61.46,61.46,,61.46,-1,DOWN,NO,NO,2026-10-08T00:05:35Z
2021-06-29T21:45:00Z,2021-06-29T23:45,2021-06-30T00:00,96,63.07,63.07,,63.07,-1,DOWN,NO,NO,2026-10-08T00:05:35Z
2021-06-29T22:00:00Z,2021-06-30T00:00,2021-06-30T00:15,1,66.07,66.07,,66.07,-1,DOWN,NO,NO,2026-10-08T00:05:35Z
2021-06-29T22:15:00Z,2021-06-30T00:15,2021-06-30T00:30,2,71.51,71.51,71.51,66.07,1,UP,NO,NO,2026-10-08T00:05:35Z
2021-06-29T22:30:00Z,2021-06-30T00:30,2021-06-30T00:45,3,64.53,64.53,,64.53,-1,DOWN,NO,NO,2026-10-08T00:05:35Z
2021-06-29T22:45:00Z,2021-06-30T00:45,2021-06-30T01:00,4,66.07,66.07,,66.07,-1,DOWN,NO,NO,2026-10-08T00:05:35Z
2021-06-29T23:00:00Z,2021-06-30T01:00,2021-06-30T01:15,5,429.02,70.39,429.02,70.39,2,UP_AND_DOWN,NO,NO,2026-10-08T00:05:35Z
2021-06-29T23:15:00Z,2021-06-30T01:15,2021-06-30T01:30,6,159.29,159.29,159.29,,1,UP,NO,NO,2026-10-08T00:05:35Z
2021-06-29T23:30:00Z,2021-06-30T01:30,2021-06-30T01:45,7,76.32,76.32,76.32,,1,UP,NO,NO,2026-10-08T00:05:35Z
2021-06-29T23:45:00Z,2021-06-30T01:45,2021-06-30T02:00,8,71.18,71.18,,,0,STABLE,NO,NO,2026-10-08T00:05:35Z
2021-06-30T00:00:00Z,2021-06-30T02:00,2021-06-30T02:15,9,245.63,245.63,245.63,,1,UP,NO,NO,2026-10-08T00:05:35Z
2021-06-30T00:15:00Z,2021-06-30T02:15,2021-06-30T02:30,10,89.94,89.94,89.94,,1,UP,NO,NO,2026-10-08T00:05:35Z
2021-06-30T00:30:00Z,2021-06-30T02:30,2021-06-30T02:45,11,77.82,77.82,77.82,,1,UP,NO,NO,2026-10-08T00:05:35Z
2021-06-30T00:45:00Z,2021-06-30T02:45,2021-06-30T03:00,12,69.22,69.22,75.07,69.22,-1,DOWN,NO,NO,2026-10-08T00:05:35Z
2021-06-30T01:00:00Z,2021-06-30T03:00,2021-06-30T03:15,13,69.1,69.1,75.07,69.1,-1,DOWN,NO,NO,2026-10-08T00:05:35Z
2021-06-30T01:15:00Z,2021-06-30T03:15,2021-06-30T03:30,14,70.59,70.59,,,0,STABLE,NO,NO,2026-10-08T00:05:35Z
2021-06-30T01:30:00Z,2021-06-30T03:30,2021-06-30T03:45,15,70.59,70.59,,,0,STABLE,NO,NO,2026-10-08T00:05:35Z
2021-06-30T01:45:00Z,2021-06-30T03:45,2021-06-30T04:00,16,70.59,70.59,,,0,STABLE,NO,NO,2026-10-08T00:05:35Z
2021-06-30T02:00:00Z,2021-06-30T04:00,2021-06-30T04:15,17,70.58,70.58,,,0,STABLE,NO,NO,2026-10-08T00:05:35Z
2021-06-30T02:15:00Z,2021-06-30T04:15,2021-06-30T04:30,18,70.58,70.58,,,0,STABLE,NO,NO,2026-10-08T00:05:35Z
2021-06-30T02:30:00Z,2021-06-30T04:30,2021-06-30T04:45,19,70.58,70.58,,,0,STABLE,NO,NO,2026-10-08T00:05:35Z
2021-06-30T02:45:00Z,2021-06-30T04:45,2021-06-30T05:00,20,70.58,70.58,,,0,STABLE,NO,NO,2026-10-08T00:05:35Z
2021-06-30T03:00:00Z,2021-06-30T05:00,2021-06-30T05:15,21,71.07,71.07,,,0,STABLE,NO,NO,2026-10-08T00:05:35Z
2021-06-30T03:15:00Z,2021-06-30T05:15,2021-06-30T05:30,22,71.07,71.07,,,0,STABLE,NO,NO,2026-10-08T00:05:35Z
2021-06-30T03:30:00Z,2021-06-30T05:30,2021-06-30T05:45,23,71.07,71.07,,,0,STABLE,NO,NO,2026-10-08T00:05:35Z
2021-06-30T03:45:00Z,2021-06-30T05:45,2021-06-30T06:00,24,55.28,55.28,,55.28,-1,DOWN,NO,NO,2026-10-08T00:05:35Z
2021-06-30T04:00:00Z,2021-06-30T06:00,2021-06-30T06:15,25,61.4,61.4,,61.4,-1,DOWN,NO,NO,2026-10-08T00:05:35Z
2021-06-30T04:15:00Z,2021-06-30T06:15,2021-06-30T06:30,26,71.88,71.88,,,0,STABLE,NO,NO,2026-10-08T00:05:35Z
2021-06-30T04:30:00Z,2021-06-30T06:30,2021-06-30T06:45,27,73.62,73.62,,,0,STABLE,NO,NO,2026-10-08T00:05:35Z
2021-06-30T04:45:00Z,2021-06-30T06:45,2021-06-30T07:00,28,73.59,73.59,,,0,STABLE,NO,NO,2026-10-08T00:05:35Z
2021-06-30T05:00:00Z,2021-06-30T07:00,2021-06-30T07:15,29,73.4,73.4,73.4,,1,UP,NO,NO,2026-10-08T00:05:35Z
2021-06-30T05:15:00Z,2021-06-30T07:15,2021-06-30T07:30,30,271.41,271.41,271.41,,1,UP,NO,NO,2026-10-08T00:05:35Z
2021-06-30T05:30:00Z,2021-06-30T07:30,2021-06-30T07:45,31,451.41,451.41,451.41,,1,UP,NO,NO,2026-10-08T00:05:35Z
2021-06-30T05:45:00Z,2021-06-30T07:45,2021-06-30T08:00,32,451.41,451.41,451.41,,1,UP,NO,NO,2026-10-08T00:05:35Z
2021-06-30T06:00:00Z,2021-06-30T08:00,2021-06-30T08:15,33,456.62,456.62,456.62,,1,UP,NO,NO,2026-10-08T00:05:35Z
2021-06-30T06:15:00Z,2021-06-30T08:15,2021-06-30T08:30,34,139.62,139.62,139.62,,1,UP,NO,NO,2026-10-08T00:05:35Z
2021-06-30T06:30:00Z,2021-06-30T08:30,2021-06-30T08:45,35,456.62,456.62,456.62,,1,UP,NO,NO,2026-10-08T00:05:35Z
2021-06-30T06:45:00Z,2021-06-30T08:45,2021-06-30T09:00,36,456.62,456.62,456.62,,1,UP,NO,NO,2026-10-08T00:05:35Z
2021-06-30T07:00:00Z,2021-06-30T09:00,2021-06-30T09:15,37,35.28,35.28,456.62,35.28,-1,DOWN,NO,NO,2026-10-08T00:05:35Z
2021-06-30T07:15:00Z,2021-06-30T09:15,2021-06-30T09:30,38,34.42,34.42,,34.42,-1,DOWN,NO,NO,2026-10-08T00:05:35Z
2021-06-30T07:30:00Z,2021-06-30T09:30,2021-06-30T09:45,39,73.31,73.31,,,0,STABLE,NO,NO,2026-10-08T00:05:35Z
2021-06-30T07:45:00Z,2021-06-30T09:45,2021-06-30T10:00,40,70.62,70.62,,70.62,-1,DOWN,NO,NO,2026-10-08T00:05:35Z
2021-06-30T08:00:00Z,2021-06-30T10:00,2021-06-30T10:15,41,70,70,,70,-1,DOWN,NO,NO,2026-10-08T00:05:35Z
2021-06-30T08:15:00Z,2021-06-30T10:15,2021-06-30T10:30,42,51.79,51.79,,51.79,-1,DOWN,NO,NO,2026-10-08T00:05:35Z
2021-06-30T08:30:00Z,2021-06-30T10:30,2021-06-30T10:45,43,51.79,51.79,,51.79,-1,DOWN,NO,NO,2026-10-08T00:05:35Z
2021-06-30T08:45:00Z,2021-06-30T10:45,2021-06-30T11:00,44,65.62,65.62,,65.62,-1,DOWN,NO,NO,2026-10-08T00:05:35Z
2021-06-30T09:00:00Z,2021-06-30T11:00,2021-06-30T11:15,45,70.62,70.62,,70.62,-1,DOWN,NO,NO,2026-10-08T00:05:35Z
2021-06-30T09:15:00Z,2021-06-30T11:15,2021-06-30T11:30,46,75.42,75.42,,,0,STABLE,NO,NO,2026-10-08T00:05:35Z
2021-06-30T09:30:00Z,2021-06-30T11:30,2021-06-30T11:45,47,75.02,75.02,,75.02,-1,DOWN,NO,NO,2026-10-08T00:05:35Z
2021-06-30T09:45:00Z,2021-06-30T11:45,2021-06-30T12:00,48,75.02,75.02,,75.02,-1,DOWN,NO,NO,2026-10-08T00:05:35Z
2021-06-30T10:00:00Z,2021-06-30T12:00,2021-06-30T12:15,49,72.82,72.82,72.82,,1,UP,NO,NO,2026-10-08T00:05:35Z
2021-06-30T10:15:00Z,2021-06-30T12:15,2021-06-30T12:30,50,72.82,72.82,72.82,,1,UP,NO,NO,2026-10-08T00:05:35Z
2021-06-30T10:30:00Z,2021-06-30T12:30,2021-06-30T12:45,51,75.39,75.39,,,0,STABLE,NO,NO,2026-10-08T00:05:35Z
2021-06-30T10:45:00Z,2021-06-30T12:45,2021-06-30T13:00,52,75.39,75.39,,,0,STABLE,NO,NO,2026-10-08T00:05:35Z
2021-06-30T11:00:00Z,2021-06-30T13:00,2021-06-30T13:15,53,75.82,75.82,75.82,,1,UP,NO,NO,2026-10-08T00:05:35Z
2021-06-30T11:15:00Z,2021-06-30T13:15,2021-06-30T13:30,54,336.47,336.47,336.47,,1,UP,NO,NO,2026-10-08T00:05:35Z
2021-06-30T11:30:00Z,2021-06-30T13:30,2021-06-30T13:45,55,86.08,86.08,86.08,,1,UP,NO,NO,2026-10-08T00:05:35Z
2021-06-30T11:45:00Z,2021-06-30T13:45,2021-06-30T14:00,56,99.08,99.08,99.08,,1,UP,NO,NO,2026-10-08T00:05:35Z
2021-06-30T12:00:00Z,2021-06-30T14:00,2021-06-30T14:15,57,442.43,442.43,442.43,,1,UP,NO,NO,2026-10-08T00:05:35Z
2021-06-30T12:15:00Z,2021-06-30T14:15,2021-06-30T14:30,58,442.43,442.43,442.43,,1,UP,NO,NO,2026-10-08T00:05:35Z
2021-06-30T12:30:00Z,2021-06-30T14:30,2021-06-30T14:45,59,81.7,81.7,81.7,,1,UP,NO,NO,2026-10-08T00:05:35Z
2021-06-30T12:45:00Z,2021-06-30T14:45,2021-06-30T15:00,60,81.7,81.7,81.7,,1,UP,NO,NO,2026-10-08T00:05:35Z
2021-06-30T13:00:00Z,2021-06-30T15:00,2021-06-30T15:15,61,75.22,75.22,,,0,STABLE,NO,NO,2026-10-08T00:05:35Z
2021-06-30T13:15:00Z,2021-06-30T15:15,2021-06-30T15:30,62,74.07,74.07,74.07,,1,UP,NO,NO,2026-10-08T00:05:35Z
2021-06-30T13:30:00Z,2021-06-30T15:30,2021-06-30T15:45,63,437.29,437.29,437.29,,1,UP,NO,NO,2026-10-08T00:05:35Z
2021-06-30T13:45:00Z,2021-06-30T15:45,2021-06-30T16:00,64,437.29,437.29,437.29,,1,UP,NO,NO,2026-10-08T00:05:35Z
2021-06-30T14:00:00Z,2021-06-30T16:00,2021-06-30T16:15,65,75.22,75.22,,,0,STABLE,NO,NO,2026-10-08T00:05:35Z
2021-06-30T14:15:00Z,2021-06-30T16:15,2021-06-30T16:30,66,75.22,75.22,,,0,STABLE,NO,NO,2026-10-08T00:05:35Z
2021-06-30T14:30:00Z,2021-06-30T16:30,2021-06-30T16:45,67,75.22,75.22,,,0,STABLE,NO,NO,2026-10-08T00:05:35Z
2021-06-30T14:45:00Z,2021-06-30T16:45,2021-06-30T17:00,68,70.27,70.27,,70.27,-1,DOWN,NO,NO,2026-10-08T00:05:35Z
2021-06-30T15:00:00Z,2021-06-30T17:00,2021-06-30T17:15,69,-74.83,-74.83,,-74.83,-1,DOWN,NO,NO,2026-10-08T00:05:35Z
2021-06-30T15:15:00Z,2021-06-30T17:15,2021-06-30T17:30,70,65.62,65.62,,65.62,-1,DOWN,NO,NO,2026-10-08T00:05:35Z
2021-06-30T15:30:00Z,2021-06-30T17:30,2021-06-30T17:45,71,68.62,68.62,,68.62,-1,DOWN,NO,NO,2026-10-08T00:05:35Z
2021-06-30T15:45:00Z,2021-06-30T17:45,2021-06-30T18:00,72,75.51,75.51,,,0,STABLE,NO,NO,2026-10-08T00:05:35Z
2021-06-30T16:00:00Z,2021-06-30T18:00,2021-06-30T18:15,73,75.51,75.51,,,0,STABLE,NO,NO,2026-10-08T00:05:35Z
2021-06-30T16:15:00Z,2021-06-30T18:15,2021-06-30T18:30,74,75.51,75.51,,,0,STABLE,NO,NO,2026-10-08T00:05:35Z
2021-06-30T16:30:00Z,2021-06-30T18:30,2021-06-30T18:45,75,75.51,75.51,,,0,STABLE,NO,NO,2026-10-08T00:05:35Z
2021-06-30T16:45:00Z,2021-06-30T18:45,2021-06-30T19:00,76,75.51,75.51,73.4,75.84,2,UP_AND_DOWN,NO,NO,2026-10-08T00:05:35Z
2021-06-30T17:00:00Z,2021-06-30T19:00,2021-06-30T19:15,77,449.97,449.97,449.97,,1,UP,NO,NO,2026-10-08T00:05:35Z
2021-06-30T17:15:00Z,2021-06-30T19:15,2021-06-30T19:30,78,74.13,74.13,79.97,74.13,-1,DOWN,NO,NO,2026-10-08T00:05:35Z
2021-06-30T17:30:00Z,2021-06-30T19:30,2021-06-30T19:45,79,75.82,75.82,,75.82,-1,DOWN,NO,NO,2026-10-08T00:05:35Z
2021-06-30T17:45:00Z,2021-06-30T19:45,2021-06-30T20:00,80,75.54,75.54,,,0,STABLE,NO,NO,2026-10-08T00:05:35Z
2021-06-30T18:00:00Z,2021-06-30T20:00,2021-06-30T20:15,81,65.62,65.62,,65.62,-1,DOWN,NO,NO,2026-10-08T00:05:35Z
2021-06-30T18:15:00Z,2021-06-30T20:15,2021-06-30T20:30,82,68.16,68.16,,68.16,-1,DOWN,NO,NO,2026-10-08T00:05:35Z
2021-06-30T18:30:00Z,2021-06-30T20:30,2021-06-30T20:45,83,45.75,45.75,,45.75,-1,DOWN,NO,NO,2026-10-08T00:05:35Z
2021-06-30T18:45:00Z,2021-06-30T20:45,2021-06-30T21:00,84,48,48,,48,-1,DOWN,NO,NO,2026-10-08T00:05:35Z
2021-06-30T19:00:00Z,2021-06-30T21:00,2021-06-30T21:15,85,74.16,74.16,,74.16,-1,DOWN,NO,NO,2026-10-08T00:05:35Z
2021-06-30T19:15:00Z,2021-06-30T21:15,2021-06-30T21:30,86,75.57,75.57,,,0,STABLE,NO,NO,2026-10-08T00:05:35Z
2021-06-30T19:30:00Z,2021-06-30T21:30,2021-06-30T21:45,87,75.73,75.73,,75.73,-1,DOWN,NO,NO,2026-10-08T00:05:35Z
2021-06-30T19:45:00Z,2021-06-30T21:45,2021-06-30T22:00,88,68.62,68.62,,68.62,-1,DOWN,NO,NO,2026-10-08T00:05:35Z
2021-06-30T20:00:00Z,2021-06-30T22:00,2021-06-30T22:15,89,67.76,67.76,,67.76,-1,DOWN,NO,NO,2026-10-08T00:05:35Z
2021-06-30T20:15:00Z,2021-06-30T22:15,2021-06-30T22:30,90,75.61,75.61,,,0,STABLE,NO,NO,2026-10-08T00:05:35Z
2021-06-30T20:30:00Z,2021-06-30T22:30,2021-06-30T22:45,91,75.61,75.61,,,0,STABLE,NO,NO,2026-10-08T00:05:35Z
2021-06-30T20:45:00Z,2021-06-30T22:45,2021-06-30T23:00,92,56.39,56.39,,56.39,-1,DOWN,NO,NO,2026-10-08T00:05:35Z
2021-06-30T21:00:00Z,2021-06-30T23:00,2021-06-30T23:15,93,82.32,49.12,82.32,49.12,2,UP_AND_DOWN,NO,NO,2026-10-08T00:05:35Z
2021-06-30T21:15:00Z,2021-06-30T23:15,2021-06-30T23:30,94,65,65,82.32,65,-1,DOWN,NO,NO,2026-10-08T00:05:35Z
2021-06-30T21:30:00Z,2021-06-30T23:30,2021-06-30T23:45,95,62.62,62.62,,62.62,-1,DOWN,NO,NO,2026-10-08T00:05:35Z
2021-06-30T21:45:00Z,2021-06-30T23:45,2021-07-01T00:00,96,59.09,59.09,,59.09,-1,DOWN,NO,NO,2026-10-08T00:05:35Z
2021-06-30T22:00:00Z,2021-07-01T00:00,2021-07-01T00:15,1,41.57,41.57,,41.57,-1,DOWN,NO,NO,2026-10-08T00:05:35Z
2021-06-30T22:15:00Z,2021-07-01T00:15,2021-07-01T00:30,2,76.45,76.45,,,0,STABLE,NO,NO,2026-10-08T00:05:35Z
2021-06-30T22:30:00Z,2021-07-01T00:30,2021-07-01T00:45,3,76.4,76.4,,,0,STABLE,NO,NO,2026-10-08T00:05:35Z
2021-06-30T22:45:00Z,2021-07-01T00:45,2021-07-01T01:00,4,76.39,76.39,,,0,STABLE,NO,NO,2026-10-08T00:05:35Z
2021-06-30T23:00:00Z,2021-07-01T01:00,2021-07-01T01:15,5,78.74,78.74,,78.74,-1,DOWN,NO,NO,2026-10-08T00:05:35Z
2021-06-30T23:15:00Z,2021-07-01T01:15,2021-07-01T01:30,6,76.56,76.56,,,0,STABLE,NO,NO,2026-10-08T00:05:35Z
2021-06-30T23:30:00Z,2021-07-01T01:30,2021-07-01T01:45,7,76.56,76.56,,,0,STABLE,NO,NO,2026-10-08T00:05:35Z
2021-06-30T23:45:00Z,2021-07-01T01:45,2021-07-01T02:00,8,62.1,62.1,,62.1,-1,DOWN,NO,NO,2026-10-08T00:05:35Z
