begin_utc,begin_lokaal,eind_lokaal,isp,prijs_tekort,prijs_overschot,prijs_opregelen,prijs_afregelen,regeltoestand,regelconditie,noodreserve_op,noodreserve_af,opgehaald_op
2021-01-01T00:00:00Z,2021-01-01T01:00,2021-01-01T01:15,5,31.59,31.59,,31.59,-1,DOWN,NO,NO,2026-10-09T00:05:31Z
2021-01-01T00:15:00Z,2021-01-01T01:15,2021-01-01T01:30,6,42.08,42.08,,,0,STABLE,NO,NO,2026-10-09T00:05:31Z
2021-01-01T00:30:00Z,2021-01-01T01:30,2021-01-01T01:45,7,42.08,42.08,,,0,STABLE,NO,NO,2026-10-09T00:05:31Z
2021-01-01T00:45:00Z,2021-01-01T01:45,2021-01-01T02:00,8,39.97,39.97,,39.97,-1,DOWN,NO,NO,2026-10-09T00:05:31Z
2021-01-01T01:00:00Z,2021-01-01T02:00,2021-01-01T02:15,9,34.59,34.59,,34.59,-1,DOWN,NO,NO,2026-10-09T00:05:31Z
2021-01-01T01:15:00Z,2021-01-01T02:15,2021-01-01T02:30,10,11.94,11.94,,11.94,-1,DOWN,NO,NO,2026-10-09T00:05:31Z
2021-01-01T01:30:00Z,2021-01-01T02:30,2021-01-01T02:45,11,11.94,11.94,,11.94,-1,DOWN,NO,NO,2026-10-09T00:05:31Z
2021-01-01T01:45:00Z,2021-01-01T02:45,2021-01-01T03:00,12,11.94,11.94,,11.94,-1,DOWN,NO,NO,2026-10-09T00:05:31Z
2021-01-01T02:00:00Z,2021-01-01T03:00,2021-01-01T03:15,13,11.79,11.79,,11.79,-1,DOWN,NO,NO,2026-10-09T00:05:31Z
2021-01-01T02:15:00Z,2021-01-01T03:15,2021-01-01T03:30,14,10,10,,10,-1,DOWN,NO,NO,2026-10-09T00:05:31Z
2021-01-01T02:30:00Z,2021-01-01T03:30,2021-01-01T03:45,15,-73.5,-73.5,,-73.5,-1,DOWN,NO,NO,2026-10-09T00:05:31Z
2021-01-01T02:45:00Z,2021-01-01T03:45,2021-01-01T04:00,16,-4.82,-4.82,,-4.82,-1,DOWN,NO,NO,2026-10-09T00:05:31Z
2021-01-01T03:00:00Z,2021-01-01T04:00,2021-01-01T04:15,17,36.56,36.56,,36.56,-1,DOWN,NO,NO,2026-10-09T00:05:31Z
2021-01-01T03:15:00Z,2021-01-01T04:15,2021-01-01T04:30,18,36.56,36.56,,36.56,-1,DOWN,NO,NO,2026-10-09T00:05:31Z
2021-01-01T03:30:00Z,2021-01-01T04:30,2021-01-01T04:45,19,26.59,26.59,,26.59,-1,DOWN,NO,NO,2026-10-09T00:05:31Z
2021-01-01T03:45:00Z,2021-01-01T04:45,2021-01-01T05:00,20,-8.45,-8.45,,-8.45,-1,DOWN,NO,NO,2026-10-09T00:05:31Z
2021-01-01T04:00:00Z,2021-01-01T05:00,2021-01-01T05:15,21,31.59,31.59,,31.59,-1,DOWN,NO,NO,2026-10-09T00:05:31Z
2021-01-01T04:15:00Z,2021-01-01T05:15,2021-01-01T05:30,22,26.59,26.59,,26.59,-1,DOWN,NO,NO,2026-10-09T00:05:31Z
2021-01-01T04:30:00Z,2021-01-01T05:30,2021-01-01T05:45,23,34.05,34.05,,34.05,-1,DOWN,NO,NO,2026-10-09T00:05:31Z
2021-01-01T04:45:00Z,2021-01-01T05:45,2021-01-01T06:00,24,-13.86,-13.86,,-13.86,-1,DOWN,NO,NO,2026-10-09T00:05:31Z
2021-01-01T05:00:00Z,2021-01-01T06:00,2021-01-01T06:15,25,-19.7,-19.7,,-19.7,-1,DOWN,NO,NO,2026-10-09T00:05:31Z
2021-01-01T05:15:00Z,2021-01-01T06:15,2021-01-01T06:30,26,34,34,,34,-1,DOWN,NO,NO,2026-10-09T00:05:31Z
2021-01-01T05:30:00Z,2021-01-01T06:30,2021-01-01T06:45,27,34,34,,34,-1,DOWN,NO,NO,2026-10-09T00:05:31Z
2021-01-01T05:45:00Z,2021-01-01T06:45,2021-01-01T07:00,28,36.69,36.69,,36.69,-1,DOWN,NO,NO,2026-10-09T00:05:31Z
2021-01-01T06:00:00Z,2021-01-01T07:00,2021-01-01T07:15,29,42.08,42.08,,,0,STABLE,NO,NO,2026-10-09T00:05:31Z
2021-01-01T06:15:00Z,2021-01-01T07:15,2021-01-01T07:30,30,42.08,42.08,,,0,STABLE,NO,NO,2026-10-09T00:05:31Z
2021-01-01T06:30:00Z,2021-01-01T07:30,2021-01-01T07:45,31,40.28,40.28,,40.28,-1,DOWN,NO,NO,2026-10-09T00:05:31Z
2021-01-01T06:45:00Z,2021-01-01T07:45,2021-01-01T08:00,32,42.08,42.08,,,0,STABLE,NO,NO,2026-10-09T00:05:31Z
2021-01-01T07:00:00Z,2021-01-01T08:00,2021-01-01T08:15,33,-158.73,-158.73,,-158.73,-1,DOWN,NO,NO,2026-10-09T00:05:31Z
2021-01-01T07:15:00Z,2021-01-01T08:15,2021-01-01T08:30,34,-158.73,-158.73,,-158.73,-1,DOWN,NO,NO,2026-10-09T00:05:31Z
2021-01-01T07:30:00Z,2021-01-01T08:30,2021-01-01T08:45,35,1.27,1.27,,1.27,-1,DOWN,NO,NO,2026-10-09T00:05:31Z
2021-01-01T07:45:00Z,2021-01-01T08:45,2021-01-01T09:00,36,1.27,1.27,,1.27,-1,DOWN,NO,NO,2026-10-09T00:05:31Z
2021-01-01T08:00:00Z,2021-01-01T09:00,2021-01-01T09:15,37,10,10,,10,-1,DOWN,NO,NO,2026-10-09T00:05:31Z
2021-01-01T08:15:00Z,2021-01-01T09:15,2021-01-01T09:30,38,-122.88,-122.88,,-122.88,-1,DOWN,NO,NO,2026-10-09T00:05:31Z
2021-01-01T08:30:00Z,2021-01-01T09:30,2021-01-01T09:45,39,6.3,6.3,,6.3,-1,DOWN,NO,NO,2026-10-09T00:05:31Z
2021-01-01T08:45:00Z,2021-01-01T09:45,2021-01-01T10:00,40,37.24,37.24,,37.24,-1,DOWN,NO,NO,2026-10-09T00:05:31Z
2021-01-01T09:00:00Z,2021-01-01T10:00,2021-01-01T10:15,41,34.47,34.47,,34.47,-1,DOWN,NO,NO,2026-10-09T00:05:31Z
2021-01-01T09:15:00Z,2021-01-01T10:15,2021-01-01T10:30,42,37.24,37.24,,37.24,-1,DOWN,NO,NO,2026-10-09T00:05:31Z
2021-01-01T09:30:00Z,2021-01-01T10:30,2021-01-01T10:45,43,39.67,39.67,,39.67,-1,DOWN,NO,NO,2026-10-09T00:05:31Z
2021-01-01T09:45:00Z,2021-01-01T10:45,2021-01-01T11:00,44,42.08,42.08,,,0,STABLE,NO,NO,2026-10-09T00:05:31Z
2021-01-01T10:00:00Z,2021-01-01T11:00,2021-01-01T11:15,45,42.08,42.08,,,0,STABLE,NO,NO,2026-10-09T00:05:31Z
2021-01-01T10:15:00Z,2021-01-01T11:15,2021-01-01T11:30,46,42.08,42.08,,,0,STABLE,NO,NO,2026-10-09T00:05:31Z
2021-01-01T10:30:00Z,2021-01-01T11:30,2021-01-01T11:45,47,42.08,42.08,,,0,STABLE,NO,NO,2026-10-09T00:05:31Z
2021-01-01T10:45:00Z,2021-01-01T11:45,2021-01-01T12:00,48,22.16,22.16,,22.16,-1,DOWN,NO,NO,2026-10-09T00:05:31Z
2021-01-01T11:00:00Z,2021-01-01T12:00,2021-01-01T12:15,49,19.24,19.24,,19.24,-1,DOWN,NO,NO,2026-10-09T00:05:31Z
2021-01-01T11:15:00Z,2021-01-01T12:15,2021-01-01T12:30,50,-119.22,-119.22,,-119.22,-1,DOWN,NO,NO,2026-10-09T00:05:31Z
2021-01-01T11:30:00Z,2021-01-01T12:30,2021-01-01T12:45,51,20.54,20.54,,20.54,-1,DOWN,NO,NO,2026-10-09T00:05:31Z
2021-01-01T11:45:00Z,2021-01-01T12:45,2021-01-01T13:00,52,-119.22,-119.22,,-119.22,-1,DOWN,NO,NO,2026-10-09T00:05:31Z
2021-01-01T12:00:00Z,2021-01-01T13:00,2021-01-01T13:15,53,-124.51,-124.51,,-124.51,-1,DOWN,NO,NO,2026-10-09T00:05:31Z
2021-01-01T12:15:00Z,2021-01-01T13:15,2021-01-01T13:30,54,22.01,22.01,,22.01,-1,DOWN,NO,NO,2026-10-09T00:05:31Z
2021-01-01T12:30:00Z,2021-01-01T13:30,2021-01-01T13:45,55,-1.88,-1.88,,-1.88,-1,DOWN,NO,NO,2026-10-09T00:05:31Z
2021-01-01T12:45:00Z,2021-01-01T13:45,2021-01-01T14:00,56,5.49,5.49,,5.49,-1,DOWN,NO,NO,2026-10-09T00:05:31Z
2021-01-01T13:00:00Z,2021-01-01T14:00,2021-01-01T14:15,57,31.31,31.31,,31.31,-1,DOWN,NO,NO,2026-10-09T00:05:31Z
2021-01-01T13:15:00Z,2021-01-01T14:15,2021-01-01T14:30,58,39.64,39.64,,39.64,-1,DOWN,NO,NO,2026-10-09T00:05:31Z
2021-01-01T13:30:00Z,2021-01-01T14:30,2021-01-01T14:45,59,29.44,29.44,,29.44,-1,DOWN,NO,NO,2026-10-09T00:05:31Z
2021-01-01T13:45:00Z,2021-01-01T14:45,2021-01-01T15:00,60,-22.26,-22.26,,-22.26,-1,DOWN,NO,NO,2026-10-09T00:05:31Z
2021-01-01T14:00:00Z,2021-01-01T15:00,2021-01-01T15:15,61,-61.59,-61.59,,-61.59,-1,DOWN,NO,NO,2026-10-09T00:05:31Z
2021-01-01T14:15:00Z,2021-01-01T15:15,2021-01-01T15:30,62,43.42,43.42,43.42,-61.59,1,UP,NO,NO,2026-10-09T00:05:31Z
2021-01-01T14:30:00Z,2021-01-01T15:30,2021-01-01T15:45,63,39.82,39.82,,39.82,-1,DOWN,NO,NO,2026-10-09T00:05:31Z
2021-01-01T14:45:00Z,2021-01-01T15:45,2021-01-01T16:00,64,42.08,42.08,,,0,STABLE,NO,NO,2026-10-09T00:05:31Z
2021-01-01T15:00:00Z,2021-01-01T16:00,2021-01-01T16:15,65,35.56,35.56,,35.56,-1,DOWN,NO,NO,2026-10-09T00:05:31Z
2021-01-01T15:15:00Z,2021-01-01T16:15,2021-01-01T16:30,66,4.57,4.57,,4.57,-1,DOWN,NO,NO,2026-10-09T00:05:31Z
2021-01-01T15:30:00Z,2021-01-01T16:30,2021-01-01T16:45,67,42.28,42.28,,,0,STABLE,NO,NO,2026-10-09T00:05:31Z
2021-01-01T15:45:00Z,2021-01-01T16:45,2021-01-01T17:00,68,33.24,33.24,,,0,STABLE,NO,NO,2026-10-09T00:05:31Z
2021-01-01T16:00:00Z,2021-01-01T17:00,2021-01-01T17:15,69,19.24,19.24,,19.24,-1,DOWN,NO,NO,2026-10-09T00:05:31Z
2021-01-01T16:15:00Z,2021-01-01T17:15,2021-01-01T17:30,70,42.61,42.61,,,0,STABLE,NO,NO,2026-10-09T00:05:31Z
2021-01-01T16:30:00Z,2021-01-01T17:30,2021-01-01T17:45,71,41.48,41.48,,41.48,-1,DOWN,NO,NO,2026-10-09T00:05:31Z
2021-01-01T16:45:00Z,2021-01-01T17:45,2021-01-01T18:00,72,42.61,42.61,,,0,STABLE,NO,NO,2026-10-09T00:05:31Z
2021-01-01T17:00:00Z,2021-01-01T18:00,2021-01-01T18:15,73,42.63,42.63,,,0,STABLE,NO,NO,2026-10-09T00:05:31Z
2021-01-01T17:15:00Z,2021-01-01T18:15,2021-01-01T18:30,74,42.63,42.63,,,0,STABLE,NO,NO,2026-10-09T00:05:31Z
2021-01-01T17:30:00Z,2021-01-01T18:30,2021-01-01T18:45,75,42.63,42.63,,,0,STABLE,NO,NO,2026-10-09T00:05:31Z
2021-01-01T17:45:00Z,2021-01-01T18:45,2021-01-01T19:00,76,42.63,42.63,,,0,STABLE,NO,NO,2026-10-09T00:05:31Z
2021-01-01T18:00:00Z,2021-01-01T19:00,2021-01-01T19:15,77,29.77,29.77,,29.77,-1,DOWN,NO,NO,2026-10-09T00:05:31Z
2021-01-01T18:15:00Z,2021-01-01T19:15,2021-01-01T19:30,78,29.77,29.77,,29.77,-1,DOWN,NO,NO,2026-10-09T00:05:31Z
2021-01-01T18:30:00Z,2021-01-01T19:30,2021-01-01T19:45,79,43.73,34.24,43.73,34.24,2,UP_AND_DOWN,NO,NO,2026-10-09T00:05:31Z
2021-01-01T18:45:00Z,2021-01-01T19:45,2021-01-01T20:00,80,31.24,31.24,,31.24,-1,DOWN,NO,NO,2026-10-09T00:05:31Z
2021-01-01T19:00:00Z,2021-01-01T20:00,2021-01-01T20:15,81,50.97,50.97,50.97,31.24,1,UP,NO,NO,2026-10-09T00:05:31Z
2021-01-01T19:15:00Z,2021-01-01T20:15,2021-01-01T20:30,82,243.74,243.74,243.74,,1,UP,NO,NO,2026-10-09T00:05:31Z
2021-01-01T19:30:00Z,2021-01-01T20:30,2021-01-01T20:45,83,43.47,43.47,43.47,,1,UP,NO,NO,2026-10-09T00:05:31Z
2021-01-01T19:45:00Z,2021-01-01T20:45,2021-01-01T21:00,84,34.75,34.75,,,0,STABLE,NO,NO,2026-10-09T00:05:31Z
2021-01-01T20:00:00Z,2021-01-01T21:00,2021-01-01T21:15,85,35.25,35.25,,,0,STABLE,NO,NO,2026-10-09T00:05:31Z
2021-01-01T20:15:00Z,2021-01-01T21:15,2021-01-01T21:30,86,43.15,43.15,43.15,,1,UP,NO,NO,2026-10-09T00:05:31Z
2021-01-01T20:30:00Z,2021-01-01T21:30,2021-01-01T21:45,87,34.75,34.75,,,0,STABLE,NO,NO,2026-10-09T00:05:31Z
2021-01-01T20:45:00Z,2021-01-01T21:45,2021-01-01T22:00,88,34.75,34.75,,,0,STABLE,NO,NO,2026-10-09T00:05:31Z
2021-01-01T21:00:00Z,2021-01-01T22:00,2021-01-01T22:15,89,37.24,37.24,,37.24,-1,DOWN,NO,NO,2026-10-09T00:05:31Z
2021-01-01T21:15:00Z,2021-01-01T22:15,2021-01-01T22:30,90,34.24,34.24,,34.24,-1,DOWN,NO,NO,2026-10-09T00:05:31Z
2021-01-01T21:30:00Z,2021-01-01T22:30,2021-01-01T22:45,91,29.77,29.77,,29.77,-1,DOWN,NO,NO,2026-10-09T00:05:31Z
2021-01-01T21:45:00Z,2021-01-01T22:45,2021-01-01T23:00,92,29.77,29.77,,29.77,-1,DOWN,NO,NO,2026-10-09T00:05:31Z
2021-01-01T22:00:00Z,2021-01-01T23:00,2021-01-01T23:15,93,34.24,34.24,,34.24,-1,DOWN,NO,NO,2026-10-09T00:05:31Z
2021-01-01T22:15:00Z,2021-01-01T23:15,2021-01-01T23:30,94,12.27,12.27,,12.27,-1,DOWN,NO,NO,2026-10-09T00:05:31Z
2021-01-01T22:30:00Z,2021-01-01T23:30,2021-01-01T23:45,95,34.45,34.45,,34.45,-1,DOWN,NO,NO,2026-10-09T00:05:31Z
2021-01-01T22:45:00Z,2021-01-01T23:45,2021-01-02T00:00,96,34.24,34.24,,34.24,-1,DOWN,NO,NO,2026-10-09T00:05:31Z
2021-01-01T23:00:00Z,2021-01-02T00:00,2021-01-02T00:15,1,11.94,11.94,,11.94,-1,DOWN,NO,NO,2026-10-09T00:05:31Z
2021-01-01T23:15:00Z,2021-01-02T00:15,2021-01-02T00:30,2,33.91,33.91,,33.91,-1,DOWN,NO,NO,2026-10-09T00:05:31Z
2021-01-01T23:30:00Z,2021-01-02T00:30,2021-01-02T00:45,3,29.44,29.44,,29.44,-1,DOWN,NO,NO,2026-10-09T00:05:31Z
2021-01-01T23:45:00Z,2021-01-02T00:45,2021-01-02T01:00,4,29.44,29.44,,29.44,-1,DOWN,NO,NO,2026-10-09T00:05:31Z
2021-01-02T00:00:00Z,2021-01-02T01:00,2021-01-02T01:15,5,29.86,29.86,,29.86,-1,DOWN,NO,NO,2026-10-09T00:05:31Z
2021-01-02T00:15:00Z,2021-01-02T01:15,2021-01-02T01:30,6,41.81,41.81,,,0,STABLE,NO,NO,2026-10-09T00:05:31Z
2021-01-02T00:30:00Z,2021-01-02T01:30,2021-01-02T01:45,7,39.45,39.45,,39.45,-1,DOWN,NO,NO,2026-10-09T00:05:31Z
2021-01-02T00:45:00Z,2021-01-02T01:45,2021-01-02T02:00,8,34.86,34.86,,34.86,-1,DOWN,NO,NO,2026-10-09T00:05:31Z
2021-01-02T01:00:00Z,2021-01-02T02:00,2021-01-02T02:15,9,34.75,34.75,,34.75,-1,DOWN,NO,NO,2026-10-09T00:05:31Z
2021-01-02T01:15:00Z,2021-01-02T02:15,2021-01-02T02:30,10,41.81,41.81,,,0,STABLE,NO,NO,2026-10-09T00:05:31Z
2021-01-02T01:30:00Z,2021-01-02T02:30,2021-01-02T02:45,11,37.25,37.25,,37.25,-1,DOWN,NO,NO,2026-10-09T00:05:31Z
2021-01-02T01:45:00Z,2021-01-02T02:45,2021-01-02T03:00,12,31.72,31.72,,31.72,-1,DOWN,NO,NO,2026-10-09T00:05:31Z
2021-01-02T02:00:00Z,2021-01-02T03:00,2021-01-02T03:15,13,31.45,31.45,,31.45,-1,DOWN,NO,NO,2026-10-09T00:05:31Z
2021-01-02T02:15:00Z,2021-01-02T03:15,2021-01-02T03:30,14,41.42,41.42,,,0,STABLE,NO,NO,2026-10-09T00:05:31Z
2021-01-02T02:30:00Z,2021-01-02T03:30,2021-01-02T03:45,15,31.45,31.45,,31.45,-1,DOWN,NO,NO,2026-10-09T00:05:31Z
2021-01-02T02:45:00Z,2021-01-02T03:45,2021-01-02T04:00,16,15,15,,15,-1,DOWN,NO,NO,2026-10-09T00:05:31Z
2021-01-02T03:00:00Z,2021-01-02T04:00,2021-01-02T04:15,17,31.72,31.72,,31.72,-1,DOWN,NO,NO,2026-10-09T00:05:31Z
2021-01-02T03:15:00Z,2021-01-02T04:15,2021-01-02T04:30,18,41.42,41.42,,,0,STABLE,NO,NO,2026-10-09T00:05:31Z
2021-01-02T03:30:00Z,2021-01-02T04:30,2021-01-02T04:45,19,34.44,34.44,,34.44,-1,DOWN,NO,NO,2026-10-09T00:05:31Z
2021-01-02T03:45:00Z,2021-01-02T04:45,2021-01-02T05:00,20,31.45,31.45,,31.45,-1,DOWN,NO,NO,2026-10-09T00:05:31Z
2021-01-02T04:00:00Z,2021-01-02T05:00,2021-01-02T05:15,21,34.45,34.45,,34.45,-1,DOWN,NO,NO,2026-10-09T00:05:31Z
2021-01-02T04:15:00Z,2021-01-02T05:15,2021-01-02T05:30,22,32.81,32.81,,32.81,-1,DOWN,NO,NO,2026-10-09T00:05:31Z
2021-01-02T04:30:00Z,2021-01-02T05:30,2021-01-02T05:45,23,33.91,33.91,,33.91,-1,DOWN,NO,NO,2026-10-09T00:05:31Z
2021-01-02T04:45:00Z,2021-01-02T05:45,2021-01-02T06:00,24,41.42,41.42,,,0,STABLE,NO,NO,2026-10-09T00:05:31Z
2021-01-02T05:00:00Z,2021-01-02T06:00,2021-01-02T06:15,25,34.83,34.83,,34.83,-1,DOWN,NO,NO,2026-10-09T00:05:31Z
2021-01-02T05:15:00Z,2021-01-02T06:15,2021-01-02T06:30,26,-.95,-.95,,-.95,-1,DOWN,NO,NO,2026-10-09T00:05:31Z
2021-01-02T05:30:00Z,2021-01-02T06:30,2021-01-02T06:45,27,33.91,33.91,,33.91,-1,DOWN,NO,NO,2026-10-09T00:05:31Z
2021-01-02T05:45:00Z,2021-01-02T06:45,2021-01-02T07:00,28,34.25,34.25,,34.25,-1,DOWN,NO,NO,2026-10-09T00:05:31Z
2021-01-02T06:00:00Z,2021-01-02T07:00,2021-01-02T07:15,29,34.25,34.25,,34.25,-1,DOWN,NO,NO,2026-10-09T00:05:31Z
2021-01-02T06:15:00Z,2021-01-02T07:15,2021-01-02T07:30,30,18.46,18.46,,18.46,-1,DOWN,NO,NO,2026-10-09T00:05:31Z
2021-01-02T06:30:00Z,2021-01-02T07:30,2021-01-02T07:45,31,29.53,29.53,,29.53,-1,DOWN,NO,NO,2026-10-09T00:05:31Z
2021-01-02T06:45:00Z,2021-01-02T07:45,2021-01-02T08:00,32,37.1,37.1,,37.1,-1,DOWN,NO,NO,2026-10-09T00:05:31Z
2021-01-02T07:00:00Z,2021-01-02T08:00,2021-01-02T08:15,33,42.67,42.67,42.67,,1,UP,NO,NO,2026-10-09T00:05:31Z
2021-01-02T07:15:00Z,2021-01-02T08:15,2021-01-02T08:30,34,41.5,41.5,,,0,STABLE,NO,NO,2026-10-09T00:05:31Z
2021-01-02T07:30:00Z,2021-01-02T08:30,2021-01-02T08:45,35,41.51,41.51,,,0,STABLE,NO,NO,2026-10-09T00:05:31Z
2021-01-02T07:45:00Z,2021-01-02T08:45,2021-01-02T09:00,36,53.25,53.25,53.25,,1,UP,NO,NO,2026-10-09T00:05:31Z
2021-01-02T08:00:00Z,2021-01-02T09:00,2021-01-02T09:15,37,133.17,133.17,133.17,,1,UP,NO,NO,2026-10-09T00:05:31Z
2021-01-02T08:15:00Z,2021-01-02T09:15,2021-01-02T09:30,38,52.04,52.04,52.04,,1,UP,NO,NO,2026-10-09T00:05:31Z
2021-01-02T08:30:00Z,2021-01-02T09:30,2021-01-02T09:45,39,49.25,49.25,49.25,,1,UP,NO,NO,2026-10-09T00:05:31Z
2021-01-02T08:45:00Z,2021-01-02T09:45,2021-01-02T10:00,40,49.25,49.25,49.25,,1,UP,NO,NO,2026-10-09T00:05:31Z
2021-01-02T09:00:00Z,2021-01-02T10:00,2021-01-02T10:15,41,46.52,46.52,46.52,,1,UP,NO,NO,2026-10-09T00:05:31Z
2021-01-02T09:15:00Z,2021-01-02T10:15,2021-01-02T10:30,42,46.52,46.52,46.52,,1,UP,NO,NO,2026-10-09T00:05:31Z
2021-01-02T09:30:00Z,2021-01-02T10:30,2021-01-02T10:45,43,53.25,53.25,53.25,,1,UP,NO,NO,2026-10-09T00:05:31Z
2021-01-02T09:45:00Z,2021-01-02T10:45,2021-01-02T11:00,44,46.52,46.52,46.52,,1,UP,NO,NO,2026-10-09T00:05:31Z
2021-01-02T10:00:00Z,2021-01-02T11:00,2021-01-02T11:15,45,85.15,85.15,85.15,,1,UP,NO,NO,2026-10-09T00:05:31Z
2021-01-02T10:15:00Z,2021-01-02T11:15,2021-01-02T11:30,46,85.15,85.15,85.15,,1,UP,NO,NO,2026-10-09T00:05:31Z
2021-01-02T10:30:00Z,2021-01-02T11:30,2021-01-02T11:45,47,50.3,50.3,50.3,,1,UP,NO,NO,2026-10-09T00:05:31Z
2021-01-02T10:45:00Z,2021-01-02T11:45,2021-01-02T12:00,48,46.25,46.25,46.25,,1,UP,NO,NO,2026-10-09T00:05:31Z
2021-01-02T11:00:00Z,2021-01-02T12:00,2021-01-02T12:15,49,277.99,277.99,277.99,,1,UP,NO,NO,2026-10-09T00:05:31Z
2021-01-02T11:15:00Z,2021-01-02T12:15,2021-01-02T12:30,50,49.56,49.56,49.56,,1,UP,NO,NO,2026-10-09T00:05:31Z
2021-01-02T11:30:00Z,2021-01-02T12:30,2021-01-02T12:45,51,405.95,405.95,405.95,,1,UP,NO,NO,2026-10-09T00:05:31Z
2021-01-02T11:45:00Z,2021-01-02T12:45,2021-01-02T13:00,52,112.78,112.78,112.78,,1,UP,NO,NO,2026-10-09T00:05:31Z
2021-01-02T12:00:00Z,2021-01-02T13:00,2021-01-02T13:15,53,44.27,37.27,44.27,37.27,2,UP_AND_DOWN,NO,NO,2026-10-09T00:05:31Z
2021-01-02T12:15:00Z,2021-01-02T13:15,2021-01-02T13:30,54,49.25,49.25,49.25,,1,UP,NO,NO,2026-10-09T00:05:31Z
2021-01-02T12:30:00Z,2021-01-02T13:30,2021-01-02T13:45,55,55.53,55.53,55.53,,1,UP,NO,NO,2026-10-09T00:05:31Z
2021-01-02T12:45:00Z,2021-01-02T13:45,2021-01-02T14:00,56,41.79,41.79,,,0,STABLE,NO,NO,2026-10-09T00:05:31Z
2021-01-02T13:00:00Z,2021-01-02T14:00,2021-01-02T14:15,57,41.8,41.8,,,0,STABLE,NO,NO,2026-10-09T00:05:31Z
2021-01-02T13:15:00Z,2021-01-02T14:15,2021-01-02T14:30,58,44.91,44.91,44.91,,1,UP,NO,NO,2026-10-09T00:05:31Z
2021-01-02T13:30:00Z,2021-01-02T14:30,2021-01-02T14:45,59,59.25,59.25,59.25,,1,UP,NO,NO,2026-10-09T00:05:31Z
2021-01-02T13:45:00Z,2021-01-02T14:45,2021-01-02T15:00,60,47.8,47.8,47.8,,1,UP,NO,NO,2026-10-09T00:05:31Z
2021-01-02T14:00:00Z,2021-01-02T15:00,2021-01-02T15:15,61,49.25,49.25,49.25,,1,UP,NO,NO,2026-10-09T00:05:31Z
2021-01-02T14:15:00Z,2021-01-02T15:15,2021-01-02T15:30,62,47.9,47.9,47.9,,1,UP,NO,NO,2026-10-09T00:05:31Z
2021-01-02T14:30:00Z,2021-01-02T15:30,2021-01-02T15:45,63,73.45,73.45,73.45,,1,UP,NO,NO,2026-10-09T00:05:31Z
2021-01-02T14:45:00Z,2021-01-02T15:45,2021-01-02T16:00,64,118.45,118.45,118.45,,1,UP,NO,NO,2026-10-09T00:05:31Z
2021-01-02T15:00:00Z,2021-01-02T16:00,2021-01-02T16:15,65,47.8,47.8,47.8,,1,UP,NO,NO,2026-10-09T00:05:31Z
2021-01-02T15:15:00Z,2021-01-02T16:15,2021-01-02T16:30,66,39.99,39.99,47.8,39.99,-1,DOWN,NO,NO,2026-10-09T00:05:31Z
2021-01-02T15:30:00Z,2021-01-02T16:30,2021-01-02T16:45,67,48.49,48.49,48.49,,1,UP,NO,NO,2026-10-09T00:05:31Z
2021-01-02T15:45:00Z,2021-01-02T16:45,2021-01-02T17:00,68,124.99,124.99,124.99,,1,UP,NO,NO,2026-10-09T00:05:31Z
2021-01-02T16:00:00Z,2021-01-02T17:00,2021-01-02T17:15,69,127,34.77,127,34.77,2,UP_AND_DOWN,NO,NO,2026-10-09T00:05:31Z
2021-01-02T16:15:00Z,2021-01-02T17:15,2021-01-02T17:30,70,65.48,65.48,65.48,34.77,1,UP,NO,NO,2026-10-09T00:05:31Z
2021-01-02T16:30:00Z,2021-01-02T17:30,2021-01-02T17:45,71,82,82,82,,1,UP,NO,NO,2026-10-09T00:05:31Z
2021-01-02T16:45:00Z,2021-01-02T17:45,2021-01-02T18:00,72,43.64,43.64,43.64,,1,UP,NO,NO,2026-10-09T00:05:31Z
2021-01-02T17:00:00Z,2021-01-02T18:00,2021-01-02T18:15,73,41.8,41.8,,,0,STABLE,NO,NO,2026-10-09T00:05:31Z
2021-01-02T17:15:00Z,2021-01-02T18:15,2021-01-02T18:30,74,41.79,41.79,,,0,STABLE,NO,NO,2026-10-09T00:05:31Z
2021-01-02T17:30:00Z,2021-01-02T18:30,2021-01-02T18:45,75,41.8,41.8,,,0,STABLE,NO,NO,2026-10-09T00:05:31Z
2021-01-02T17:45:00Z,2021-01-02T18:45,2021-01-02T19:00,76,41.79,41.79,,,0,STABLE,NO,NO,2026-10-09T00:05:31Z
2021-01-02T18:00:00Z,2021-01-02T19:00,2021-01-02T19:15,77,39.99,39.99,,39.99,-1,DOWN,NO,NO,2026-10-09T00:05:31Z
2021-01-02T18:15:00Z,2021-01-02T19:15,2021-01-02T19:30,78,39.99,39.99,,39.99,-1,DOWN,NO,NO,2026-10-09T00:05:31Z
2021-01-02T18:30:00Z,2021-01-02T19:30,2021-01-02T19:45,79,37.25,37.25,,37.25,-1,DOWN,NO,NO,2026-10-09T00:05:31Z
2021-01-02T18:45:00Z,2021-01-02T19:45,2021-01-02T20:00,80,39.25,39.25,,39.25,-1,DOWN,NO,NO,2026-10-09T00:05:31Z
2021-01-02T19:00:00Z,2021-01-02T20:00,2021-01-02T20:15,81,68.35,68.35,68.35,39.25,1,UP,NO,NO,2026-10-09T00:05:31Z
2021-01-02T19:15:00Z,2021-01-02T20:15,2021-01-02T20:30,82,46.25,46.25,46.25,,1,UP,NO,NO,2026-10-09T00:05:31Z
2021-01-02T19:30:00Z,2021-01-02T20:30,2021-01-02T20:45,83,34.25,34.25,46.25,34.25,-1,DOWN,NO,NO,2026-10-09T00:05:31Z
2021-01-02T19:45:00Z,2021-01-02T20:45,2021-01-02T21:00,84,32.09,32.09,,32.09,-1,DOWN,NO,NO,2026-10-09T00:05:31Z
2021-01-02T20:00:00Z,2021-01-02T21:00,2021-01-02T21:15,85,45.28,37.49,45.28,37.49,2,UP_AND_DOWN,NO,NO,2026-10-09T00:05:31Z
2021-01-02T20:15:00Z,2021-01-02T21:15,2021-01-02T21:30,86,43.05,43.05,43.05,37.49,1,UP,NO,NO,2026-10-09T00:05:31Z
2021-01-02T20:30:00Z,2021-01-02T21:30,2021-01-02T21:45,87,43.05,43.05,43.05,,1,UP,NO,NO,2026-10-09T00:05:31Z
2021-01-02T20:45:00Z,2021-01-02T21:45,2021-01-02T22:00,88,41.03,41.03,,41.03,-1,DOWN,NO,NO,2026-10-09T00:05:31Z
2021-01-02T21:00:00Z,2021-01-02T22:00,2021-01-02T22:15,89,37.25,37.25,,37.25,-1,DOWN,NO,NO,2026-10-09T00:05:31Z
2021-01-02T21:15:00Z,2021-01-02T22:15,2021-01-02T22:30,90,39.12,39.12,,39.12,-1,DOWN,NO,NO,2026-10-09T00:05:31Z
2021-01-02T21:30:00Z,2021-01-02T22:30,2021-01-02T22:45,91,31.25,31.25,,31.25,-1,DOWN,NO,NO,2026-10-09T00:05:31Z
2021-01-02T21:45:00Z,2021-01-02T22:45,2021-01-02T23:00,92,37.9,37.9,,37.9,-1,DOWN,NO,NO,2026-10-09T00:05:31Z
2021-01-02T22:00:00Z,2021-01-02T23:00,2021-01-02T23:15,93,29.59,29.59,,29.59,-1,DOWN,NO,NO,2026-10-09T00:05:31Z
2021-01-02T22:15:00Z,2021-01-02T23:15,2021-01-02T23:30,94,36.03,36.03,,36.03,-1,DOWN,NO,NO,2026-10-09T00:05:31Z
2021-01-02T22:30:00Z,2021-01-02T23:30,2021-01-02T23:45,95,37.09,37.09,,37.09,-1,DOWN,NO,NO,2026-10-09T00:05:31Z
2021-01-02T22:45:00Z,2021-01-02T23:45,2021-01-03T00:00,96,46.25,39.25,46.25,39.25,2,UP_AND_DOWN,NO,NO,2026-10-09T00:05:31Z
2021-01-02T23:00:00Z,2021-01-03T00:00,2021-01-03T00:15,1,19.25,19.25,46.25,19.25,-1,DOWN,NO,NO,2026-10-09T00:05:31Z
2021-01-02T23:15:00Z,2021-01-03T00:15,2021-01-03T00:30,2,21.5,21.5,,,0,STABLE,NO,NO,2026-10-09T00:05:31Z
2021-01-02T23:30:00Z,2021-01-03T00:30,2021-01-03T00:45,3,22,22,,,0,STABLE,NO,NO,2026-10-09T00:05:31Z
2021-01-02T23:45:00Z,2021-01-03T00:45,2021-01-03T01:00,4,50.17,50.17,50.17,,1,UP,NO,NO,2026-10-09T00:05:31Z
2021-01-03T00:00:00Z,2021-01-03T01:00,2021-01-03T01:15,5,22.47,22.47,50.17,22.47,-1,DOWN,NO,NO,2026-10-09T00:05:31Z
2021-01-03T00:15:00Z,2021-01-03T01:15,2021-01-03T01:30,6,26.25,26.25,,26.25,-1,DOWN,NO,NO,2026-10-09T00:05:31Z
2021-01-03T00:30:00Z,2021-01-03T01:30,2021-01-03T01:45,7,3,3,,3,-1,DOWN,NO,NO,2026-10-09T00:05:31Z
2021-01-03T00:45:00Z,2021-01-03T01:45,2021-01-03T02:00,8,18,18,,18,-1,DOWN,NO,NO,2026-10-09T00:05:31Z
2021-01-03T01:00:00Z,2021-01-03T02:00,2021-01-03T02:15,9,43.42,43.42,43.42,29.67,1,UP,NO,NO,2026-10-09T00:05:31Z
2021-01-03T01:15:00Z,2021-01-03T02:15,2021-01-03T02:30,10,37.17,37.17,43.42,37.17,-1,DOWN,NO,NO,2026-10-09T00:05:31Z
2021-01-03T01:30:00Z,2021-01-03T02:30,2021-01-03T02:45,11,34.67,34.67,,34.67,-1,DOWN,NO,NO,2026-10-09T00:05:31Z
2021-01-03T01:45:00Z,2021-01-03T02:45,2021-01-03T03:00,12,29.67,29.67,,29.67,-1,DOWN,NO,NO,2026-10-09T00:05:31Z
2021-01-03T02:00:00Z,2021-01-03T03:00,2021-01-03T03:15,13,137.3,137.3,137.3,29.67,1,UP,NO,NO,2026-10-09T00:05:31Z
2021-01-03T02:15:00Z,2021-01-03T03:15,2021-01-03T03:30,14,19.25,19.25,42.67,19.25,-1,DOWN,NO,NO,2026-10-09T00:05:31Z
2021-01-03T02:30:00Z,2021-01-03T03:30,2021-01-03T03:45,15,11.89,11.89,,11.89,-1,DOWN,NO,NO,2026-10-09T00:05:31Z
2021-01-03T02:45:00Z,2021-01-03T03:45,2021-01-03T04:00,16,3.4,3.4,,3.4,-1,DOWN,NO,NO,2026-10-09T00:05:31Z
2021-01-03T03:00:00Z,2021-01-03T04:00,2021-01-03T04:15,17,37.47,37.47,,37.47,-1,DOWN,NO,NO,2026-10-09T00:05:31Z
2021-01-03T03:15:00Z,2021-01-03T04:15,2021-01-03T04:30,18,47.17,47.17,47.17,,1,UP,NO,NO,2026-10-09T00:05:31Z
2021-01-03T03:30:00Z,2021-01-03T04:30,2021-01-03T04:45,19,29.97,29.97,,29.97,-1,DOWN,NO,NO,2026-10-09T00:05:31Z
2021-01-03T03:45:00Z,2021-01-03T04:45,2021-01-03T05:00,20,31.25,31.25,,31.25,-1,DOWN,NO,NO,2026-10-09T00:05:31Z
2021-01-03T04:00:00Z,2021-01-03T05:00,2021-01-03T05:15,21,34.25,34.25,,34.25,-1,DOWN,NO,NO,2026-10-09T00:05:31Z
2021-01-03T04:15:00Z,2021-01-03T05:15,2021-01-03T05:30,22,43.42,43.42,43.42,34.25,1,UP,NO,NO,2026-10-09T00:05:31Z
2021-01-03T04:30:00Z,2021-01-03T05:30,2021-01-03T05:45,23,22.47,22.47,,22.47,-1,DOWN,NO,NO,2026-10-09T00:05:31Z
2021-01-03T04:45:00Z,2021-01-03T05:45,2021-01-03T06:00,24,29.97,29.97,,29.97,-1,DOWN,NO,NO,2026-10-09T00:05:31Z
2021-01-03T05:00:00Z,2021-01-03T06:00,2021-01-03T06:15,25,37.25,37.25,,37.25,-1,DOWN,NO,NO,2026-10-09T00:05:31Z
2021-01-03T05:15:00Z,2021-01-03T06:15,2021-01-03T06:30,26,44.37,44.37,,44.37,-1,DOWN,NO,NO,2026-10-09T00:05:31Z
2021-01-03T05:30:00Z,2021-01-03T06:30,2021-01-03T06:45,27,44.38,44.38,,44.38,-1,DOWN,NO,NO,2026-10-09T00:05:31Z
2021-01-03T05:45:00Z,2021-01-03T06:45,2021-01-03T07:00,28,36.2,36.2,,,0,STABLE,NO,NO,2026-10-09T00:05:31Z
2021-01-03T06:00:00Z,2021-01-03T07:00,2021-01-03T07:15,29,25.13,25.13,,25.13,-1,DOWN,NO,NO,2026-10-09T00:05:31Z
2021-01-03T06:15:00Z,2021-01-03T07:15,2021-01-03T07:30,30,18.79,18.79,,18.79,-1,DOWN,NO,NO,2026-10-09T00:05:31Z
2021-01-03T06:30:00Z,2021-01-03T07:30,2021-01-03T07:45,31,18.79,18.79,,18.79,-1,DOWN,NO,NO,2026-10-09T00:05:31Z
2021-01-03T06:45:00Z,2021-01-03T07:45,2021-01-03T08:00,32,26.53,26.53,,26.53,-1,DOWN,NO,NO,2026-10-09T00:05:31Z
2021-01-03T07:00:00Z,2021-01-03T08:00,2021-01-03T08:15,33,-10.58,-10.58,,-10.58,-1,DOWN,NO,NO,2026-10-09T00:05:31Z
2021-01-03T07:15:00Z,2021-01-03T08:15,2021-01-03T08:30,34,-23.47,-23.47,,-23.47,-1,DOWN,NO,NO,2026-10-09T00:05:31Z
2021-01-03T07:30:00Z,2021-01-03T08:30,2021-01-03T08:45,35,11.72,11.72,,11.72,-1,DOWN,NO,NO,2026-10-09T00:05:31Z
2021-01-03T07:45:00Z,2021-01-03T08:45,2021-01-03T09:00,36,34.25,34.25,,34.25,-1,DOWN,NO,NO,2026-10-09T00:05:31Z
2021-01-03T08:00:00Z,2021-01-03T09:00,2021-01-03T09:15,37,22.27,22.27,,22.27,-1,DOWN,NO,NO,2026-10-09T00:05:31Z
2021-01-03T08:15:00Z,2021-01-03T09:15,2021-01-03T09:30,38,59.38,19.25,59.38,19.25,2,UP_AND_DOWN,NO,NO,2026-10-09T00:05:31Z
2021-01-03T08:30:00Z,2021-01-03T09:30,2021-01-03T09:45,39,198.23,198.23,198.23,19.25,1,UP,NO,NO,2026-10-09T00:05:31Z
2021-01-03T08:45:00Z,2021-01-03T09:45,2021-01-03T10:00,40,66.13,66.13,66.13,,1,UP,NO,NO,2026-10-09T00:05:31Z
2021-01-03T09:00:00Z,2021-01-03T10:00,2021-01-03T10:15,41,52.1,52.1,52.1,,1,UP,NO,NO,2026-10-09T00:05:31Z
2021-01-03T09:15:00Z,2021-01-03T10:15,2021-01-03T10:30,42,49.1,49.1,49.1,,1,UP,NO,NO,2026-10-09T00:05:31Z
2021-01-03T09:30:00Z,2021-01-03T10:30,2021-01-03T10:45,43,55.85,55.85,55.85,,1,UP,NO,NO,2026-10-09T00:05:31Z
2021-01-03T09:45:00Z,2021-01-03T10:45,2021-01-03T11:00,44,405.22,405.22,405.22,,1,UP,NO,NO,2026-10-09T00:05:31Z
2021-01-03T10:00:00Z,2021-01-03T11:00,2021-01-03T11:15,45,31.25,31.25,54.98,31.25,-1,DOWN,NO,NO,2026-10-09T00:05:31Z
2021-01-03T10:15:00Z,2021-01-03T11:15,2021-01-03T11:30,46,44.48,29.77,44.48,29.77,2,UP_AND_DOWN,NO,NO,2026-10-09T00:05:31Z
2021-01-03T10:30:00Z,2021-01-03T11:30,2021-01-03T11:45,47,45.98,45.98,45.98,29.77,1,UP,NO,NO,2026-10-09T00:05:31Z
2021-01-03T10:45:00Z,2021-01-03T11:45,2021-01-03T12:00,48,66.24,66.24,66.24,,1,UP,NO,NO,2026-10-09T00:05:31Z
2021-01-03T11:00:00Z,2021-01-03T12:00,2021-01-03T12:15,49,397.92,397.92,397.92,,1,UP,NO,NO,2026-10-09T00:05:31Z
2021-01-03T11:15:00Z,2021-01-03T12:15,2021-01-03T12:30,50,60.88,60.88,60.88,,1,UP,NO,NO,2026-10-09T00:05:31Z
2021-01-03T11:30:00Z,2021-01-03T12:30,2021-01-03T12:45,51,60.88,60.88,60.88,,1,UP,NO,NO,2026-10-09T00:05:31Z
2021-01-03T11:45:00Z,2021-01-03T12:45,2021-01-03T13:00,52,59.49,59.49,59.49,,1,UP,NO,NO,2026-10-09T00:05:31Z
2021-01-03T12:00:00Z,2021-01-03T13:00,2021-01-03T13:15,53,125.3,125.3,125.3,,1,UP,NO,NO,2026-10-09T00:05:31Z
2021-01-03T12:15:00Z,2021-01-03T13:15,2021-01-03T13:30,54,10.94,10.94,135.47,10.94,-1,DOWN,NO,NO,2026-10-09T00:05:31Z
2021-01-03T12:30:00Z,2021-01-03T13:30,2021-01-03T13:45,55,10.94,10.94,135.47,10.94,-1,DOWN,NO,NO,2026-10-09T00:05:31Z
2021-01-03T12:45:00Z,2021-01-03T13:45,2021-01-03T14:00,56,0,0,,0,-1,DOWN,NO,NO,2026-10-09T00:05:31Z
2021-01-03T13:00:00Z,2021-01-03T14:00,2021-01-03T14:15,57,19.25,19.25,,19.25,-1,DOWN,NO,NO,2026-10-09T00:05:31Z
2021-01-03T13:15:00Z,2021-01-03T14:15,2021-01-03T14:30,58,-12.35,-12.35,,-12.35,-1,DOWN,NO,NO,2026-10-09T00:05:31Z
2021-01-03T13:30:00Z,2021-01-03T14:30,2021-01-03T14:45,59,10.94,10.94,,10.94,-1,DOWN,NO,NO,2026-10-09T00:05:31Z
2021-01-03T13:45:00Z,2021-01-03T14:45,2021-01-03T15:00,60,12,12,,12,-1,DOWN,NO,NO,2026-10-09T00:05:31Z
2021-01-03T14:00:00Z,2021-01-03T15:00,2021-01-03T15:15,61,31.25,31.25,,31.25,-1,DOWN,NO,NO,2026-10-09T00:05:31Z
2021-01-03T14:15:00Z,2021-01-03T15:15,2021-01-03T15:30,62,-22.32,-22.32,,-22.32,-1,DOWN,NO,NO,2026-10-09T00:05:31Z
2021-01-03T14:30:00Z,2021-01-03T15:30,2021-01-03T15:45,63,26.25,26.25,,26.25,-1,DOWN,NO,NO,2026-10-09T00:05:31Z
2021-01-03T14:45:00Z,2021-01-03T15:45,2021-01-03T16:00,64,6.42,6.42,,6.42,-1,DOWN,NO,NO,2026-10-09T00:05:31Z
2021-01-03T15:00:00Z,2021-01-03T16:00,2021-01-03T16:15,65,13.54,13.54,,13.54,-1,DOWN,NO,NO,2026-10-09T00:05:31Z
2021-01-03T15:15:00Z,2021-01-03T16:15,2021-01-03T16:30,66,35.78,35.78,,35.78,-1,DOWN,NO,NO,2026-10-09T00:05:31Z
2021-01-03T15:30:00Z,2021-01-03T16:30,2021-01-03T16:45,67,46.89,46.89,,,0,STABLE,NO,NO,2026-10-09T00:05:31Z
2021-01-03T15:45:00Z,2021-01-03T16:45,2021-01-03T17:00,68,59.16,59.16,59.16,,1,UP,NO,NO,2026-10-09T00:05:31Z
2021-01-03T16:00:00Z,2021-01-03T17:00,2021-01-03T17:15,69,60.98,60.98,60.98,,1,UP,NO,NO,2026-10-09T00:05:31Z
2021-01-03T16:15:00Z,2021-01-03T17:15,2021-01-03T17:30,70,55.65,55.65,55.65,,1,UP,NO,NO,2026-10-09T00:05:31Z
2021-01-03T16:30:00Z,2021-01-03T17:30,2021-01-03T17:45,71,54.94,54.94,54.94,,1,UP,NO,NO,2026-10-09T00:05:31Z
2021-01-03T16:45:00Z,2021-01-03T17:45,2021-01-03T18:00,72,49.51,49.51,49.51,,1,UP,NO,NO,2026-10-09T00:05:31Z
2021-01-03T17:00:00Z,2021-01-03T18:00,2021-01-03T18:15,73,12.27,12.27,,12.27,-1,DOWN,NO,NO,2026-10-09T00:05:31Z
2021-01-03T17:15:00Z,2021-01-03T18:15,2021-01-03T18:30,74,5,5,,5,-1,DOWN,NO,NO,2026-10-09T00:05:31Z
2021-01-03T17:30:00Z,2021-01-03T18:30,2021-01-03T18:45,75,4.34,4.34,,4.34,-1,DOWN,NO,NO,2026-10-09T00:05:31Z
2021-01-03T17:45:00Z,2021-01-03T18:45,2021-01-03T19:00,76,-25.08,-25.08,,-25.08,-1,DOWN,NO,NO,2026-10-09T00:05:31Z
2021-01-03T18:00:00Z,2021-01-03T19:00,2021-01-03T19:15,77,10.11,10.11,,10.11,-1,DOWN,NO,NO,2026-10-09T00:05:31Z
2021-01-03T18:15:00Z,2021-01-03T19:15,2021-01-03T19:30,78,11.8,11.8,,11.8,-1,DOWN,NO,NO,2026-10-09T00:05:31Z
2021-01-03T18:30:00Z,2021-01-03T19:30,2021-01-03T19:45,79,23.58,23.58,,23.58,-1,DOWN,NO,NO,2026-10-09T00:05:31Z
2021-01-03T18:45:00Z,2021-01-03T19:45,2021-01-03T20:00,80,15,15,,15,-1,DOWN,NO,NO,2026-10-09T00:05:31Z
2021-01-03T19:00:00Z,2021-01-03T20:00,2021-01-03T20:15,81,44.11,8,44.11,8,2,UP_AND_DOWN,NO,NO,2026-10-09T00:05:31Z
2021-01-03T19:15:00Z,2021-01-03T20:15,2021-01-03T20:30,82,48.86,34.96,48.86,34.96,2,UP_AND_DOWN,NO,NO,2026-10-09T00:05:31Z
2021-01-03T19:30:00Z,2021-01-03T20:30,2021-01-03T20:45,83,6.06,6.06,,6.06,-1,DOWN,NO,NO,2026-10-09T00:05:31Z
2021-01-03T19:45:00Z,2021-01-03T20:45,2021-01-03T21:00,84,15,15,,15,-1,DOWN,NO,NO,2026-10-09T00:05:31Z
2021-01-03T20:00:00Z,2021-01-03T21:00,2021-01-03T21:15,85,45.14,45.14,45.14,8,1,UP,NO,NO,2026-10-09T00:05:31Z
2021-01-03T20:15:00Z,2021-01-03T21:15,2021-01-03T21:30,86,47.8,47.8,47.8,8,1,UP,NO,NO,2026-10-09T00:05:31Z
2021-01-03T20:30:00Z,2021-01-03T21:30,2021-01-03T21:45,87,-2.35,-2.35,,-2.35,-1,DOWN,NO,NO,2026-10-09T00:05:31Z
2021-01-03T20:45:00Z,2021-01-03T21:45,2021-01-03T22:00,88,21.08,21.08,,21.08,-1,DOWN,NO,NO,2026-10-09T00:05:31Z
2021-01-03T21:00:00Z,2021-01-03T22:00,2021-01-03T22:15,89,116.93,37.25,116.93,37.25,2,UP_AND_DOWN,NO,NO,2026-10-09T00:05:31Z
2021-01-03T21:15:00Z,2021-01-03T22:15,2021-01-03T22:30,90,21.68,21.68,48.13,21.68,-1,DOWN,NO,NO,2026-10-09T00:05:31Z
2021-01-03T21:30:00Z,2021-01-03T22:30,2021-01-03T22:45,91,-22.1,-22.1,48.13,-22.1,-1,DOWN,NO,NO,2026-10-09T00:05:31Z
2021-01-03T21:45:00Z,2021-01-03T22:45,2021-01-03T23:00,92,-100.29,-100.29,,-100.29,-1,DOWN,NO,NO,2026-10-09T00:05:31Z
2021-01-03T22:00:00Z,2021-01-03T23:00,2021-01-03T23:15,93,-136.5,-136.5,,-136.5,-1,DOWN,NO,NO,2026-10-09T00:05:31Z
2021-01-03T22:15:00Z,2021-01-03T23:15,2021-01-03T23:30,94,-31.5,-31.5,,-31.5,-1,DOWN,NO,NO,2026-10-09T00:05:31Z
2021-01-03T22:30:00Z,2021-01-03T23:30,2021-01-03T23:45,95,-32.86,-32.86,,-32.86,-1,DOWN,NO,NO,2026-10-09T00:05:31Z
2021-01-03T22:45:00Z,2021-01-03T23:45,2021-01-04T00:00,96,-65.48,-65.48,,-65.48,-1,DOWN,NO,NO,2026-10-09T00:05:31Z
2021-01-03T23:00:00Z,2021-01-04T00:00,2021-01-04T00:15,1,45.12,45.12,45.12,34.3,1,UP,NO,NO,2026-10-09T00:05:31Z
2021-01-03T23:15:00Z,2021-01-04T00:15,2021-01-04T00:30,2,34.08,34.08,45.12,34.08,-1,DOWN,NO,NO,2026-10-09T00:05:31Z
2021-01-03T23:30:00Z,2021-01-04T00:30,2021-01-04T00:45,3,55.36,55.36,55.36,34.08,1,UP,NO,NO,2026-10-09T00:05:31Z
2021-01-03T23:45:00Z,2021-01-04T00:45,2021-01-04T01:00,4,47.46,36.64,47.46,36.64,2,UP_AND_DOWN,NO,NO,2026-10-09T00:05:31Z
2021-01-04T00:00:00Z,2021-01-04T01:00,2021-01-04T01:15,5,25.07,25.07,47.46,25.07,-1,DOWN,NO,NO,2026-10-09T00:05:31Z
2021-01-04T00:15:00Z,2021-01-04T01:15,2021-01-04T01:30,6,20.54,20.54,,20.54,-1,DOWN,NO,NO,2026-10-09T00:05:31Z
2021-01-04T00:30:00Z,2021-01-04T01:30,2021-01-04T01:45,7,28.55,28.55,,28.55,-1,DOWN,NO,NO,2026-10-09T00:05:31Z
2021-01-04T00:45:00Z,2021-01-04T01:45,2021-01-04T02:00,8,-27.06,-27.06,,-27.06,-1,DOWN,NO,NO,2026-10-09T00:05:31Z
2021-01-04T01:00:00Z,2021-01-04T02:00,2021-01-04T02:15,9,18.52,18.52,,18.52,-1,DOWN,NO,NO,2026-10-09T00:05:31Z
2021-01-04T01:15:00Z,2021-01-04T02:15,2021-01-04T02:30,10,24.74,24.74,,24.74,-1,DOWN,NO,NO,2026-10-09T00:05:31Z
2021-01-04T01:30:00Z,2021-01-04T02:30,2021-01-04T02:45,11,28.27,28.27,,28.27,-1,DOWN,NO,NO,2026-10-09T00:05:31Z
2021-01-04T01:45:00Z,2021-01-04T02:45,2021-01-04T03:00,12,20.17,20.17,,20.17,-1,DOWN,NO,NO,2026-10-09T00:05:31Z
2021-01-04T02:00:00Z,2021-01-04T03:00,2021-01-04T03:15,13,13.27,13.27,,13.27,-1,DOWN,NO,NO,2026-10-09T00:05:31Z
2021-01-04T02:15:00Z,2021-01-04T03:15,2021-01-04T03:30,14,23.74,23.74,,23.74,-1,DOWN,NO,NO,2026-10-09T00:05:31Z
2021-01-04T02:30:00Z,2021-01-04T03:30,2021-01-04T03:45,15,23.01,23.01,,23.01,-1,DOWN,NO,NO,2026-10-09T00:05:31Z
2021-01-04T02:45:00Z,2021-01-04T03:45,2021-01-04T04:00,16,-36.69,-36.69,,-36.69,-1,DOWN,NO,NO,2026-10-09T00:05:31Z
2021-01-04T03:00:00Z,2021-01-04T04:00,2021-01-04T04:15,17,-27.91,-27.91,,-27.91,-1,DOWN,NO,NO,2026-10-09T00:05:31Z
2021-01-04T03:15:00Z,2021-01-04T04:15,2021-01-04T04:30,18,-49.13,-49.13,,-49.13,-1,DOWN,NO,NO,2026-10-09T00:05:31Z
2021-01-04T03:30:00Z,2021-01-04T04:30,2021-01-04T04:45,19,-30.56,-30.56,,-30.56,-1,DOWN,NO,NO,2026-10-09T00:05:31Z
2021-01-04T03:45:00Z,2021-01-04T04:45,2021-01-04T05:00,20,-61.85,-61.85,,-61.85,-1,DOWN,NO,NO,2026-10-09T00:05:31Z
2021-01-04T04:00:00Z,2021-01-04T05:00,2021-01-04T05:15,21,-31.57,-31.57,,-31.57,-1,DOWN,NO,NO,2026-10-09T00:05:31Z
2021-01-04T04:15:00Z,2021-01-04T05:15,2021-01-04T05:30,22,8.55,8.55,,8.55,-1,DOWN,NO,NO,2026-10-09T00:05:31Z
2021-01-04T04:30:00Z,2021-01-04T05:30,2021-01-04T05:45,23,6.77,6.77,,6.77,-1,DOWN,NO,NO,2026-10-09T00:05:31Z
2021-01-04T04:45:00Z,2021-01-04T05:45,2021-01-04T06:00,24,-114.1,-114.1,,-114.1,-1,DOWN,NO,NO,2026-10-09T00:05:31Z
2021-01-04T05:00:00Z,2021-01-04T06:00,2021-01-04T06:15,25,-31.27,-31.27,,-31.27,-1,DOWN,NO,NO,2026-10-09T00:05:31Z
2021-01-04T05:15:00Z,2021-01-04T06:15,2021-01-04T06:30,26,-118.25,-118.25,,-118.25,-1,DOWN,NO,NO,2026-10-09T00:05:31Z
2021-01-04T05:30:00Z,2021-01-04T06:30,2021-01-04T06:45,27,7.8,7.8,,7.8,-1,DOWN,NO,NO,2026-10-09T00:05:31Z
2021-01-04T05:45:00Z,2021-01-04T06:45,2021-01-04T07:00,28,5.96,5.96,,5.96,-1,DOWN,NO,NO,2026-10-09T00:05:31Z
2021-01-04T06:00:00Z,2021-01-04T07:00,2021-01-04T07:15,29,83.43,83.43,83.43,5.96,1,UP,NO,NO,2026-10-09T00:05:31Z
2021-01-04T06:15:00Z,2021-01-04T07:15,2021-01-04T07:30,30,34.45,34.45,83.43,34.45,-1,DOWN,NO,NO,2026-10-09T00:05:31Z
2021-01-04T06:30:00Z,2021-01-04T07:30,2021-01-04T07:45,31,37.45,37.45,,37.45,-1,DOWN,NO,NO,2026-10-09T00:05:31Z
2021-01-04T06:45:00Z,2021-01-04T07:45,2021-01-04T08:00,32,57.81,40.66,57.81,40.66,2,UP_AND_DOWN,NO,NO,2026-10-09T00:05:31Z
2021-01-04T07:00:00Z,2021-01-04T08:00,2021-01-04T08:15,33,48.77,40.24,48.77,40.24,2,UP_AND_DOWN,NO,NO,2026-10-09T00:05:31Z
2021-01-04T07:15:00Z,2021-01-04T08:15,2021-01-04T08:30,34,96.51,96.51,96.51,40.24,1,UP,NO,NO,2026-10-09T00:05:31Z
2021-01-04T07:30:00Z,2021-01-04T08:30,2021-01-04T08:45,35,145.4,145.4,145.4,,1,UP,NO,NO,2026-10-09T00:05:31Z
2021-01-04T07:45:00Z,2021-01-04T08:45,2021-01-04T09:00,36,40.24,40.24,56.27,40.24,-1,DOWN,NO,NO,2026-10-09T00:05:31Z
2021-01-04T08:00:00Z,2021-01-04T09:00,2021-01-04T09:15,37,26.45,26.45,,26.45,-1,DOWN,NO,NO,2026-10-09T00:05:31Z
2021-01-04T08:15:00Z,2021-01-04T09:15,2021-01-04T09:30,38,31.45,31.45,,31.45,-1,DOWN,NO,NO,2026-10-09T00:05:31Z
2021-01-04T08:30:00Z,2021-01-04T09:30,2021-01-04T09:45,39,31.24,31.24,,31.24,-1,DOWN,NO,NO,2026-10-09T00:05:31Z
2021-01-04T08:45:00Z,2021-01-04T09:45,2021-01-04T10:00,40,26.45,26.45,,26.45,-1,DOWN,NO,NO,2026-10-09T00:05:31Z
2021-01-04T09:00:00Z,2021-01-04T10:00,2021-01-04T10:15,41,34.45,34.45,,34.45,-1,DOWN,NO,NO,2026-10-09T00:05:31Z
2021-01-04T09:15:00Z,2021-01-04T10:15,2021-01-04T10:30,42,34.99,34.99,,34.99,-1,DOWN,NO,NO,2026-10-09T00:05:31Z
2021-01-04T09:30:00Z,2021-01-04T10:30,2021-01-04T10:45,43,21.49,21.49,,21.49,-1,DOWN,NO,NO,2026-10-09T00:05:31Z
2021-01-04T09:45:00Z,2021-01-04T10:45,2021-01-04T11:00,44,15.49,15.49,,15.49,-1,DOWN,NO,NO,2026-10-09T00:05:31Z
2021-01-04T10:00:00Z,2021-01-04T11:00,2021-01-04T11:15,45,61.4,37.99,61.4,37.99,2,UP_AND_DOWN,NO,NO,2026-10-09T00:05:31Z
2021-01-04T10:15:00Z,2021-01-04T11:15,2021-01-04T11:30,46,40.24,40.24,,40.24,-1,DOWN,NO,NO,2026-10-09T00:05:31Z
2021-01-04T10:30:00Z,2021-01-04T11:30,2021-01-04T11:45,47,39.66,39.66,,39.66,-1,DOWN,NO,NO,2026-10-09T00:05:31Z
2021-01-04T10:45:00Z,2021-01-04T11:45,2021-01-04T12:00,48,52.1,43.62,52.1,45.13,2,UP_AND_DOWN,NO,NO,2026-10-09T00:05:31Z
2021-01-04T11:00:00Z,2021-01-04T12:00,2021-01-04T12:15,49,450,450,450,,1,UP,NO,NO,2026-10-09T00:05:31Z
2021-01-04T11:15:00Z,2021-01-04T12:15,2021-01-04T12:30,50,48.58,48.58,48.58,,1,UP,NO,NO,2026-10-09T00:05:31Z
2021-01-04T11:30:00Z,2021-01-04T12:30,2021-01-04T12:45,51,53.79,53.79,53.79,,1,UP,NO,NO,2026-10-09T00:05:31Z
2021-01-04T11:45:00Z,2021-01-04T12:45,2021-01-04T13:00,52,45.4,45.4,45.4,,1,UP,NO,NO,2026-10-09T00:05:31Z
2021-01-04T12:00:00Z,2021-01-04T13:00,2021-01-04T13:15,53,26.09,26.09,45.4,26.09,-1,DOWN,NO,NO,2026-10-09T00:05:31Z
2021-01-04T12:15:00Z,2021-01-04T13:15,2021-01-04T13:30,54,52.1,52.1,52.1,26.09,1,UP,NO,NO,2026-10-09T00:05:31Z
2021-01-04T12:30:00Z,2021-01-04T13:30,2021-01-04T13:45,55,48.54,48.54,48.54,,1,UP,NO,NO,2026-10-09T00:05:31Z
2021-01-04T12:45:00Z,2021-01-04T13:45,2021-01-04T14:00,56,48.4,48.4,48.4,,1,UP,NO,NO,2026-10-09T00:05:31Z
2021-01-04T13:00:00Z,2021-01-04T14:00,2021-01-04T14:15,57,45.1,43.63,45.1,43.98,2,UP_AND_DOWN,NO,NO,2026-10-09T00:05:31Z
2021-01-04T13:15:00Z,2021-01-04T14:15,2021-01-04T14:30,58,39.33,39.33,45.1,39.33,-1,DOWN,NO,NO,2026-10-09T00:05:31Z
2021-01-04T13:30:00Z,2021-01-04T14:30,2021-01-04T14:45,59,45.7,43.62,45.7,43.89,2,UP_AND_DOWN,NO,NO,2026-10-09T00:05:31Z
2021-01-04T13:45:00Z,2021-01-04T14:45,2021-01-04T15:00,60,49.18,49.18,49.18,,1,UP,NO,NO,2026-10-09T00:05:31Z
2021-01-04T14:00:00Z,2021-01-04T15:00,2021-01-04T15:15,61,51.23,51.23,51.23,,1,UP,NO,NO,2026-10-09T00:05:31Z
2021-01-04T14:15:00Z,2021-01-04T15:15,2021-01-04T15:30,62,51.23,51.23,51.23,,1,UP,NO,NO,2026-10-09T00:05:31Z
2021-01-04T14:30:00Z,2021-01-04T15:30,2021-01-04T15:45,63,48.1,48.1,48.1,,1,UP,NO,NO,2026-10-09T00:05:31Z
2021-01-04T14:45:00Z,2021-01-04T15:45,2021-01-04T16:00,64,48.78,48.78,48.78,,1,UP,NO,NO,2026-10-09T00:05:31Z
2021-01-04T15:00:00Z,2021-01-04T16:00,2021-01-04T16:15,65,15.49,15.49,48.78,15.49,-1,DOWN,NO,NO,2026-10-09T00:05:31Z
2021-01-04T15:15:00Z,2021-01-04T16:15,2021-01-04T16:30,66,37.45,37.45,,37.45,-1,DOWN,NO,NO,2026-10-09T00:05:31Z
2021-01-04T15:30:00Z,2021-01-04T16:30,2021-01-04T16:45,67,35.67,35.67,,35.67,-1,DOWN,NO,NO,2026-10-09T00:05:31Z
2021-01-04T15:45:00Z,2021-01-04T16:45,2021-01-04T17:00,68,127.06,127.06,127.06,35.67,1,UP,NO,NO,2026-10-09T00:05:31Z
2021-01-04T16:00:00Z,2021-01-04T17:00,2021-01-04T17:15,69,105.04,105.04,105.04,,1,UP,NO,NO,2026-10-09T00:05:31Z
2021-01-04T16:15:00Z,2021-01-04T17:15,2021-01-04T17:30,70,51.05,51.05,,,0,STABLE,NO,NO,2026-10-09T00:05:31Z
2021-01-04T16:30:00Z,2021-01-04T17:30,2021-01-04T17:45,71,47,47,,,0,STABLE,NO,NO,2026-10-09T00:05:31Z
2021-01-04T16:45:00Z,2021-01-04T17:45,2021-01-04T18:00,72,34.99,34.99,,34.99,-1,DOWN,NO,NO,2026-10-09T00:05:31Z
2021-01-04T17:00:00Z,2021-01-04T18:00,2021-01-04T18:15,73,57.91,-67.05,57.91,-67.05,2,UP_AND_DOWN,NO,NO,2026-10-09T00:05:31Z
2021-01-04T17:15:00Z,2021-01-04T18:15,2021-01-04T18:30,74,51,26.74,51,26.74,2,UP_AND_DOWN,NO,NO,2026-10-09T00:05:31Z
2021-01-04T17:30:00Z,2021-01-04T18:30,2021-01-04T18:45,75,21.49,21.49,,21.49,-1,DOWN,NO,NO,2026-10-09T00:05:31Z
2021-01-04T17:45:00Z,2021-01-04T18:45,2021-01-04T19:00,76,15,15,,15,-1,DOWN,NO,NO,2026-10-09T00:05:31Z
2021-01-04T18:00:00Z,2021-01-04T19:00,2021-01-04T19:15,77,-5.04,-5.04,,-5.04,-1,DOWN,NO,NO,2026-10-09T00:05:31Z
2021-01-04T18:15:00Z,2021-01-04T19:15,2021-01-04T19:30,78,-5.04,-5.04,,-5.04,-1,DOWN,NO,NO,2026-10-09T00:05:31Z
2021-01-04T18:30:00Z,2021-01-04T19:30,2021-01-04T19:45,79,14.9,14.9,,14.9,-1,DOWN,NO,NO,2026-10-09T00:05:31Z
2021-01-04T18:45:00Z,2021-01-04T19:45,2021-01-04T20:00,80,-6.03,-6.03,,-6.03,-1,DOWN,NO,NO,2026-10-09T00:05:31Z
2021-01-04T19:00:00Z,2021-01-04T20:00,2021-01-04T20:15,81,277.99,277.99,277.99,-6.03,1,UP,NO,NO,2026-10-09T00:05:31Z
2021-01-04T19:15:00Z,2021-01-04T20:15,2021-01-04T20:30,82,31.45,31.45,277.99,31.45,-1,DOWN,NO,NO,2026-10-09T00:05:31Z
2021-01-04T19:30:00Z,2021-01-04T20:30,2021-01-04T20:45,83,14.77,14.77,,14.77,-1,DOWN,NO,NO,2026-10-09T00:05:31Z
2021-01-04T19:45:00Z,2021-01-04T20:45,2021-01-04T21:00,84,26.45,26.45,,26.45,-1,DOWN,NO,NO,2026-10-09T00:05:31Z
2021-01-04T20:00:00Z,2021-01-04T21:00,2021-01-04T21:15,85,25.65,25.65,,25.65,-1,DOWN,NO,NO,2026-10-09T00:05:31Z
2021-01-04T20:15:00Z,2021-01-04T21:15,2021-01-04T21:30,86,37.4,37.4,,37.4,-1,DOWN,NO,NO,2026-10-09T00:05:31Z
2021-01-04T20:30:00Z,2021-01-04T21:30,2021-01-04T21:45,87,31.45,31.45,,31.45,-1,DOWN,NO,NO,2026-10-09T00:05:31Z
2021-01-04T20:45:00Z,2021-01-04T21:45,2021-01-04T22:00,88,20.9,20.9,,20.9,-1,DOWN,NO,NO,2026-10-09T00:05:31Z
2021-01-04T21:00:00Z,2021-01-04T22:00,2021-01-04T22:15,89,71.14,-75.9,71.14,-75.9,2,UP_AND_DOWN,NO,NO,2026-10-09T00:05:31Z
2021-01-04T21:15:00Z,2021-01-04T22:15,2021-01-04T22:30,90,101.81,7.43,101.81,7.43,2,UP_AND_DOWN,NO,NO,2026-10-09T00:05:31Z
2021-01-04T21:30:00Z,2021-01-04T22:30,2021-01-04T22:45,91,4.88,4.88,,4.88,-1,DOWN,NO,NO,2026-10-09T00:05:31Z
2021-01-04T21:45:00Z,2021-01-04T22:45,2021-01-04T23:00,92,.57,.57,,.57,-1,DOWN,NO,NO,2026-10-09T00:05:31Z
2021-01-04T22:00:00Z,2021-01-04T23:00,2021-01-04T23:15,93,45.69,-130,45.69,-130,2,UP_AND_DOWN,NO,NO,2026-10-09T00:05:31Z
2021-01-04T22:15:00Z,2021-01-04T23:15,2021-01-04T23:30,94,-107.47,-107.47,47.62,-107.47,-1,DOWN,NO,NO,2026-10-09T00:05:31Z
2021-01-04T22:30:00Z,2021-01-04T23:30,2021-01-04T23:45,95,-130,-130,,-130,-1,DOWN,NO,NO,2026-10-09T00:05:31Z
2021-01-04T22:45:00Z,2021-01-04T23:45,2021-01-05T00:00,96,-3.89,-3.89,,-3.89,-1,DOWN,NO,NO,2026-10-09T00:05:31Z
2021-01-04T23:00:00Z,2021-01-05T00:00,2021-01-05T00:15,1,49.7,49.7,49.7,-3.89,1,UP,NO,NO,2026-10-09T00:05:31Z
2021-01-04T23:15:00Z,2021-01-05T00:15,2021-01-05T00:30,2,43.4,24.7,43.4,24.7,2,UP_AND_DOWN,NO,NO,2026-10-09T00:05:31Z
2021-01-04T23:30:00Z,2021-01-05T00:30,2021-01-05T00:45,3,20.7,20.7,,20.7,-1,DOWN,NO,NO,2026-10-09T00:05:31Z
2021-01-04T23:45:00Z,2021-01-05T00:45,2021-01-05T01:00,4,48.56,48.56,48.56,20.7,1,UP,NO,NO,2026-10-09T00:05:31Z
2021-01-05T00:00:00Z,2021-01-05T01:00,2021-01-05T01:15,5,50.83,50.83,50.83,,1,UP,NO,NO,2026-10-09T00:05:31Z
2021-01-05T00:15:00Z,2021-01-05T01:15,2021-01-05T01:30,6,61.3,28.14,61.3,28.14,2,UP_AND_DOWN,NO,NO,2026-10-09T00:05:31Z
2021-01-05T00:30:00Z,2021-01-05T01:30,2021-01-05T01:45,7,25.26,25.26,61.3,25.26,-1,DOWN,NO,NO,2026-10-09T00:05:31Z
2021-01-05T00:45:00Z,2021-01-05T01:45,2021-01-05T02:00,8,25.67,25.67,,25.67,-1,DOWN,NO,NO,2026-10-09T00:05:31Z
2021-01-05T01:00:00Z,2021-01-05T02:00,2021-01-05T02:15,9,18.02,18.02,,18.02,-1,DOWN,NO,NO,2026-10-09T00:05:31Z
2021-01-05T01:15:00Z,2021-01-05T02:15,2021-01-05T02:30,10,25.52,25.52,,25.52,-1,DOWN,NO,NO,2026-10-09T00:05:31Z
2021-01-05T01:30:00Z,2021-01-05T02:30,2021-01-05T02:45,11,25.52,25.52,,25.52,-1,DOWN,NO,NO,2026-10-09T00:05:31Z
2021-01-05T01:45:00Z,2021-01-05T02:45,2021-01-05T03:00,12,23.02,23.02,,23.02,-1,DOWN,NO,NO,2026-10-09T00:05:31Z
2021-01-05T02:00:00Z,2021-01-05T03:00,2021-01-05T03:15,13,26.82,26.82,,26.82,-1,DOWN,NO,NO,2026-10-09T00:05:31Z
2021-01-05T02:15:00Z,2021-01-05T03:15,2021-01-05T03:30,14,23.03,23.03,,23.03,-1,DOWN,NO,NO,2026-10-09T00:05:31Z
2021-01-05T02:30:00Z,2021-01-05T03:30,2021-01-05T03:45,15,23.03,23.03,,23.03,-1,DOWN,NO,NO,2026-10-09T00:05:31Z
2021-01-05T02:45:00Z,2021-01-05T03:45,2021-01-05T04:00,16,18.03,18.03,,18.03,-1,DOWN,NO,NO,2026-10-09T00:05:31Z
2021-01-05T03:00:00Z,2021-01-05T04:00,2021-01-05T04:15,17,10.52,10.52,,10.52,-1,DOWN,NO,NO,2026-10-09T00:05:31Z
2021-01-05T03:15:00Z,2021-01-05T04:15,2021-01-05T04:30,18,-3.58,-3.58,,-3.58,-1,DOWN,NO,NO,2026-10-09T00:05:31Z
2021-01-05T03:30:00Z,2021-01-05T04:30,2021-01-05T04:45,19,26.37,26.37,,26.37,-1,DOWN,NO,NO,2026-10-09T00:05:31Z
2021-01-05T03:45:00Z,2021-01-05T04:45,2021-01-05T05:00,20,29.94,29.94,,29.94,-1,DOWN,NO,NO,2026-10-09T00:05:31Z
2021-01-05T04:00:00Z,2021-01-05T05:00,2021-01-05T05:15,21,.86,.86,,.86,-1,DOWN,NO,NO,2026-10-09T00:05:31Z
2021-01-05T04:15:00Z,2021-01-05T05:15,2021-01-05T05:30,22,-49.74,-49.74,,-49.74,-1,DOWN,NO,NO,2026-10-09T00:05:31Z
2021-01-05T04:30:00Z,2021-01-05T05:30,2021-01-05T05:45,23,-11.79,-11.79,,-11.79,-1,DOWN,NO,NO,2026-10-09T00:05:31Z
2021-01-05T04:45:00Z,2021-01-05T05:45,2021-01-05T06:00,24,10,10,,10,-1,DOWN,NO,NO,2026-10-09T00:05:31Z
2021-01-05T05:00:00Z,2021-01-05T06:00,2021-01-05T06:15,25,30.66,30.66,,30.66,-1,DOWN,NO,NO,2026-10-09T00:05:31Z
2021-01-05T05:15:00Z,2021-01-05T06:15,2021-01-05T06:30,26,23.36,23.36,,23.36,-1,DOWN,NO,NO,2026-10-09T00:05:31Z
2021-01-05T05:30:00Z,2021-01-05T06:30,2021-01-05T06:45,27,36.98,36.98,,36.98,-1,DOWN,NO,NO,2026-10-09T00:05:31Z
2021-01-05T05:45:00Z,2021-01-05T06:45,2021-01-05T07:00,28,-46.67,-46.67,,-46.67,-1,DOWN,NO,NO,2026-10-09T00:05:31Z
2021-01-05T06:00:00Z,2021-01-05T07:00,2021-01-05T07:15,29,15.69,15.69,,15.69,-1,DOWN,NO,NO,2026-10-09T00:05:31Z
2021-01-05T06:15:00Z,2021-01-05T07:15,2021-01-05T07:30,30,-20.28,-20.28,,-20.28,-1,DOWN,NO,NO,2026-10-09T00:05:31Z
2021-01-05T06:30:00Z,2021-01-05T07:30,2021-01-05T07:45,31,43.38,36.21,43.38,36.21,2,UP_AND_DOWN,NO,NO,2026-10-09T00:05:31Z
2021-01-05T06:45:00Z,2021-01-05T07:45,2021-01-05T08:00,32,94.8,94.8,94.8,,1,UP,NO,NO,2026-10-09T00:05:31Z
2021-01-05T07:00:00Z,2021-01-05T08:00,2021-01-05T08:15,33,44.14,8.57,44.14,8.57,2,UP_AND_DOWN,NO,NO,2026-10-09T00:05:31Z
2021-01-05T07:15:00Z,2021-01-05T08:15,2021-01-05T08:30,34,48.37,38.92,48.37,38.92,2,UP_AND_DOWN,NO,NO,2026-10-09T00:05:31Z
2021-01-05T07:30:00Z,2021-01-05T08:30,2021-01-05T08:45,35,450,450,450,,1,UP,NO,NO,2026-10-09T00:05:31Z
2021-01-05T07:45:00Z,2021-01-05T08:45,2021-01-05T09:00,36,450,450,450,,1,UP,NO,NO,2026-10-09T00:05:31Z
2021-01-05T08:00:00Z,2021-01-05T09:00,2021-01-05T09:15,37,62.58,62.58,62.58,,1,UP,NO,NO,2026-10-09T00:05:31Z
2021-01-05T08:15:00Z,2021-01-05T09:15,2021-01-05T09:30,38,279.24,279.24,279.24,,1,UP,NO,NO,2026-10-09T00:05:31Z
2021-01-05T08:30:00Z,2021-01-05T09:30,2021-01-05T09:45,39,279.24,279.24,279.24,,1,UP,NO,NO,2026-10-09T00:05:31Z
2021-01-05T08:45:00Z,2021-01-05T09:45,2021-01-05T10:00,40,450,450,450,,1,UP,NO,NO,2026-10-09T00:05:31Z
2021-01-05T09:00:00Z,2021-01-05T10:00,2021-01-05T10:15,41,55.77,44.9,55.77,44.9,2,UP_AND_DOWN,NO,NO,2026-10-09T00:05:31Z
2021-01-05T09:15:00Z,2021-01-05T10:15,2021-01-05T10:30,42,53.65,53.65,53.65,,1,UP,NO,NO,2026-10-09T00:05:31Z
2021-01-05T09:30:00Z,2021-01-05T10:30,2021-01-05T10:45,43,48.86,48.86,48.86,,1,UP,NO,NO,2026-10-09T00:05:31Z
2021-01-05T09:45:00Z,2021-01-05T10:45,2021-01-05T11:00,44,48.29,48.29,48.29,,1,UP,NO,NO,2026-10-09T00:05:31Z
2021-01-05T10:00:00Z,2021-01-05T11:00,2021-01-05T11:15,45,35.43,35.43,48.29,35.43,-1,DOWN,NO,NO,2026-10-09T00:05:31Z
2021-01-05T10:15:00Z,2021-01-05T11:15,2021-01-05T11:30,46,37.31,37.31,,37.31,-1,DOWN,NO,NO,2026-10-09T00:05:31Z
2021-01-05T10:30:00Z,2021-01-05T11:30,2021-01-05T11:45,47,35.43,35.43,,35.43,-1,DOWN,NO,NO,2026-10-09T00:05:31Z
2021-01-05T10:45:00Z,2021-01-05T11:45,2021-01-05T12:00,48,46.45,35.43,46.45,35.43,2,UP_AND_DOWN,NO,NO,2026-10-09T00:05:31Z
2021-01-05T11:00:00Z,2021-01-05T12:00,2021-01-05T12:15,49,61.4,61.4,61.4,,1,UP,NO,NO,2026-10-09T00:05:31Z
2021-01-05T11:15:00Z,2021-01-05T12:15,2021-01-05T12:30,50,52.07,52.07,52.07,,1,UP,NO,NO,2026-10-09T00:05:31Z
2021-01-05T11:30:00Z,2021-01-05T12:30,2021-01-05T12:45,51,36.42,36.42,52.07,36.42,-1,DOWN,NO,NO,2026-10-09T00:05:31Z
2021-01-05T11:45:00Z,2021-01-05T12:45,2021-01-05T13:00,52,36.92,36.92,,36.92,-1,DOWN,NO,NO,2026-10-09T00:05:31Z
2021-01-05T12:00:00Z,2021-01-05T13:00,2021-01-05T13:15,53,46.78,37.93,46.78,37.93,2,UP_AND_DOWN,NO,NO,2026-10-09T00:05:31Z
2021-01-05T12:15:00Z,2021-01-05T13:15,2021-01-05T13:30,54,46.78,46.78,46.78,,1,UP,NO,NO,2026-10-09T00:05:31Z
2021-01-05T12:30:00Z,2021-01-05T13:30,2021-01-05T13:45,55,46.9,46.9,46.9,,1,UP,NO,NO,2026-10-09T00:05:31Z
2021-01-05T12:45:00Z,2021-01-05T13:45,2021-01-05T14:00,56,46.9,44.72,46.9,44.9,2,UP_AND_DOWN,NO,NO,2026-10-09T00:05:31Z
2021-01-05T13:00:00Z,2021-01-05T14:00,2021-01-05T14:15,57,30.43,30.43,46.9,30.43,-1,DOWN,NO,NO,2026-10-09T00:05:31Z
2021-01-05T13:15:00Z,2021-01-05T14:15,2021-01-05T14:30,58,38.21,38.21,,38.21,-1,DOWN,NO,NO,2026-10-09T00:05:31Z
2021-01-05T13:30:00Z,2021-01-05T14:30,2021-01-05T14:45,59,32.83,32.83,,32.83,-1,DOWN,NO,NO,2026-10-09T00:05:31Z
2021-01-05T13:45:00Z,2021-01-05T14:45,2021-01-05T15:00,60,38.21,38.21,,38.21,-1,DOWN,NO,NO,2026-10-09T00:05:31Z
2021-01-05T14:00:00Z,2021-01-05T15:00,2021-01-05T15:15,61,35.07,35.07,,35.07,-1,DOWN,NO,NO,2026-10-09T00:05:31Z
2021-01-05T14:15:00Z,2021-01-05T15:15,2021-01-05T15:30,62,33.92,33.92,,33.92,-1,DOWN,NO,NO,2026-10-09T00:05:31Z
2021-01-05T14:30:00Z,2021-01-05T15:30,2021-01-05T15:45,63,35.43,35.43,,35.43,-1,DOWN,NO,NO,2026-10-09T00:05:31Z
2021-01-05T14:45:00Z,2021-01-05T15:45,2021-01-05T16:00,64,30.43,30.43,,30.43,-1,DOWN,NO,NO,2026-10-09T00:05:31Z
2021-01-05T15:00:00Z,2021-01-05T16:00,2021-01-05T16:15,65,30.38,30.38,,30.38,-1,DOWN,NO,NO,2026-10-09T00:05:31Z
2021-01-05T15:15:00Z,2021-01-05T16:15,2021-01-05T16:30,66,33.89,33.89,,33.89,-1,DOWN,NO,NO,2026-10-09T00:05:31Z
2021-01-05T15:30:00Z,2021-01-05T16:30,2021-01-05T16:45,67,22.93,22.93,,22.93,-1,DOWN,NO,NO,2026-10-09T00:05:31Z
2021-01-05T15:45:00Z,2021-01-05T16:45,2021-01-05T17:00,68,46.6,46.6,46.6,22.93,1,UP,NO,NO,2026-10-09T00:05:31Z
2021-01-05T16:00:00Z,2021-01-05T17:00,2021-01-05T17:15,69,-29.36,-29.36,46.6,-29.36,-1,DOWN,NO,NO,2026-10-09T00:05:31Z
2021-01-05T16:15:00Z,2021-01-05T17:15,2021-01-05T17:30,70,45.55,40.82,45.55,40.82,2,UP_AND_DOWN,NO,NO,2026-10-09T00:05:31Z
2021-01-05T16:30:00Z,2021-01-05T17:30,2021-01-05T17:45,71,30.43,30.43,,30.43,-1,DOWN,NO,NO,2026-10-09T00:05:31Z
2021-01-05T16:45:00Z,2021-01-05T17:45,2021-01-05T18:00,72,-14.57,-14.57,,-14.57,-1,DOWN,NO,NO,2026-10-09T00:05:31Z
2021-01-05T17:00:00Z,2021-01-05T18:00,2021-01-05T18:15,73,22.53,22.53,,22.53,-1,DOWN,NO,NO,2026-10-09T00:05:31Z
2021-01-05T17:15:00Z,2021-01-05T18:15,2021-01-05T18:30,74,25.66,25.66,,25.66,-1,DOWN,NO,NO,2026-10-09T00:05:31Z
2021-01-05T17:30:00Z,2021-01-05T18:30,2021-01-05T18:45,75,8,8,,8,-1,DOWN,NO,NO,2026-10-09T00:05:31Z
2021-01-05T17:45:00Z,2021-01-05T18:45,2021-01-05T19:00,76,17.59,17.59,,17.59,-1,DOWN,NO,NO,2026-10-09T00:05:31Z
2021-01-05T18:00:00Z,2021-01-05T19:00,2021-01-05T19:15,77,21.62,21.62,,21.62,-1,DOWN,NO,NO,2026-10-09T00:05:31Z
2021-01-05T18:15:00Z,2021-01-05T19:15,2021-01-05T19:30,78,-52.67,-52.67,,-52.67,-1,DOWN,NO,NO,2026-10-09T00:05:31Z
2021-01-05T18:30:00Z,2021-01-05T19:30,2021-01-05T19:45,79,47.83,-51.41,47.83,-51.41,2,UP_AND_DOWN,NO,NO,2026-10-09T00:05:31Z
2021-01-05T18:45:00Z,2021-01-05T19:45,2021-01-05T20:00,80,13,13,,13,-1,DOWN,NO,NO,2026-10-09T00:05:31Z
2021-01-05T19:00:00Z,2021-01-05T20:00,2021-01-05T20:15,81,47.83,27.75,47.83,27.75,2,UP_AND_DOWN,NO,NO,2026-10-09T00:05:31Z
2021-01-05T19:15:00Z,2021-01-05T20:15,2021-01-05T20:30,82,45.78,45.78,45.78,27.75,1,UP,NO,NO,2026-10-09T00:05:31Z
2021-01-05T19:30:00Z,2021-01-05T20:30,2021-01-05T20:45,83,37.97,37.97,45.78,37.97,-1,DOWN,NO,NO,2026-10-09T00:05:31Z
2021-01-05T19:45:00Z,2021-01-05T20:45,2021-01-05T21:00,84,19.13,19.13,,19.13,-1,DOWN,NO,NO,2026-10-09T00:05:31Z
2021-01-05T20:00:00Z,2021-01-05T21:00,2021-01-05T21:15,85,44.49,29.72,44.49,29.72,2,UP_AND_DOWN,NO,NO,2026-10-09T00:05:31Z
2021-01-05T20:15:00Z,2021-01-05T21:15,2021-01-05T21:30,86,45.04,37.67,45.04,37.67,2,UP_AND_DOWN,NO,NO,2026-10-09T00:05:31Z
2021-01-05T20:30:00Z,2021-01-05T21:30,2021-01-05T21:45,87,43.97,43.97,,43.97,-1,DOWN,NO,NO,2026-10-09T00:05:31Z
2021-01-05T20:45:00Z,2021-01-05T21:45,2021-01-05T22:00,88,44.48,44.48,,,0,STABLE,NO,NO,2026-10-09T00:05:31Z
2021-01-05T21:00:00Z,2021-01-05T22:00,2021-01-05T22:15,89,108.44,108.44,108.44,,1,UP,NO,NO,2026-10-09T00:05:31Z
2021-01-05T21:15:00Z,2021-01-05T22:15,2021-01-05T22:30,90,30.06,30.06,61.77,30.06,-1,DOWN,NO,NO,2026-10-09T00:05:31Z
2021-01-05T21:30:00Z,2021-01-05T22:30,2021-01-05T22:45,91,8.5,8.5,,8.5,-1,DOWN,NO,NO,2026-10-09T00:05:31Z
2021-01-05T21:45:00Z,2021-01-05T22:45,2021-01-05T23:00,92,31.3,31.3,,31.3,-1,DOWN,NO,NO,2026-10-09T00:05:31Z
2021-01-05T22:00:00Z,2021-01-05T23:00,2021-01-05T23:15,93,44.62,44.62,44.62,30.95,1,UP,NO,NO,2026-10-09T00:05:31Z
2021-01-05T22:15:00Z,2021-01-05T23:15,2021-01-05T23:30,94,-.09,-.09,45.05,-.09,-1,DOWN,NO,NO,2026-10-09T00:05:31Z
2021-01-05T22:30:00Z,2021-01-05T23:30,2021-01-05T23:45,95,-1.96,-1.96,,-1.96,-1,DOWN,NO,NO,2026-10-09T00:05:31Z
2021-01-05T22:45:00Z,2021-01-05T23:45,2021-01-06T00:00,96,-16.98,-16.98,,-16.98,-1,DOWN,NO,NO,2026-10-09T00:05:31Z
2021-01-05T23:00:00Z,2021-01-06T00:00,2021-01-06T00:15,1,-24.25,-24.25,,-24.25,-1,DOWN,NO,NO,2026-10-09T00:05:31Z
2021-01-05T23:15:00Z,2021-01-06T00:15,2021-01-06T00:30,2,29.35,29.35,,29.35,-1,DOWN,NO,NO,2026-10-09T00:05:31Z
2021-01-05T23:30:00Z,2021-01-06T00:30,2021-01-06T00:45,3,26.73,26.73,,26.73,-1,DOWN,NO,NO,2026-10-09T00:05:31Z
2021-01-05T23:45:00Z,2021-01-06T00:45,2021-01-06T01:00,4,-5.8,-5.8,,-5.8,-1,DOWN,NO,NO,2026-10-09T00:05:31Z
2021-01-06T00:00:00Z,2021-01-06T01:00,2021-01-06T01:15,5,50.4,35.28,50.4,35.28,2,UP_AND_DOWN,NO,NO,2026-10-09T00:05:31Z
2021-01-06T00:15:00Z,2021-01-06T01:15,2021-01-06T01:30,6,35.28,35.28,,35.28,-1,DOWN,NO,NO,2026-10-09T00:05:31Z
2021-01-06T00:30:00Z,2021-01-06T01:30,2021-01-06T01:45,7,32.63,32.63,,32.63,-1,DOWN,NO,NO,2026-10-09T00:05:31Z
2021-01-06T00:45:00Z,2021-01-06T01:45,2021-01-06T02:00,8,22.07,22.07,,22.07,-1,DOWN,NO,NO,2026-10-09T00:05:31Z
2021-01-06T01:00:00Z,2021-01-06T02:00,2021-01-06T02:15,9,72.9,42.08,72.9,42.08,2,UP_AND_DOWN,NO,NO,2026-10-09T00:05:31Z
2021-01-06T01:15:00Z,2021-01-06T02:15,2021-01-06T02:30,10,38.33,38.33,,38.33,-1,DOWN,NO,NO,2026-10-09T00:05:31Z
2021-01-06T01:30:00Z,2021-01-06T02:30,2021-01-06T02:45,11,38.33,38.33,,38.33,-1,DOWN,NO,NO,2026-10-09T00:05:31Z
2021-01-06T01:45:00Z,2021-01-06T02:45,2021-01-06T03:00,12,38.33,38.33,,38.33,-1,DOWN,NO,NO,2026-10-09T00:05:31Z
2021-01-06T02:00:00Z,2021-01-06T03:00,2021-01-06T03:15,13,26.68,26.68,,26.68,-1,DOWN,NO,NO,2026-10-09T00:05:31Z
2021-01-06T02:15:00Z,2021-01-06T03:15,2021-01-06T03:30,14,38.23,38.23,,38.23,-1,DOWN,NO,NO,2026-10-09T00:05:31Z
2021-01-06T02:30:00Z,2021-01-06T03:30,2021-01-06T03:45,15,31.06,31.06,,31.06,-1,DOWN,NO,NO,2026-10-09T00:05:31Z
2021-01-06T02:45:00Z,2021-01-06T03:45,2021-01-06T04:00,16,55.4,55.4,55.4,37.12,1,UP,NO,NO,2026-10-09T00:05:31Z
2021-01-06T03:00:00Z,2021-01-06T04:00,2021-01-06T04:15,17,62.9,62.9,62.9,37.12,1,UP,NO,NO,2026-10-09T00:05:31Z
2021-01-06T03:15:00Z,2021-01-06T04:15,2021-01-06T04:30,18,55.4,55.4,55.4,,1,UP,NO,NO,2026-10-09T00:05:31Z
2021-01-06T03:30:00Z,2021-01-06T04:30,2021-01-06T04:45,19,47.9,47.9,47.9,,1,UP,NO,NO,2026-10-09T00:05:31Z
2021-01-06T03:45:00Z,2021-01-06T04:45,2021-01-06T05:00,20,47.9,40.5,47.9,40.5,2,UP_AND_DOWN,NO,NO,2026-10-09T00:05:31Z
2021-01-06T04:00:00Z,2021-01-06T05:00,2021-01-06T05:15,21,-125.65,-125.65,,-125.65,-1,DOWN,NO,NO,2026-10-09T00:05:31Z
2021-01-06T04:15:00Z,2021-01-06T05:15,2021-01-06T05:30,22,8.09,8.09,,8.09,-1,DOWN,NO,NO,2026-10-09T00:05:31Z
2021-01-06T04:30:00Z,2021-01-06T05:30,2021-01-06T05:45,23,15.19,15.19,,15.19,-1,DOWN,NO,NO,2026-10-09T00:05:31Z
2021-01-06T04:45:00Z,2021-01-06T05:45,2021-01-06T06:00,24,2.4,2.4,,2.4,-1,DOWN,NO,NO,2026-10-09T00:05:31Z
2021-01-06T05:00:00Z,2021-01-06T06:00,2021-01-06T06:15,25,4.52,4.52,,4.52,-1,DOWN,NO,NO,2026-10-09T00:05:31Z
2021-01-06T05:15:00Z,2021-01-06T06:15,2021-01-06T06:30,26,-125.65,-125.65,,-125.65,-1,DOWN,NO,NO,2026-10-09T00:05:31Z
2021-01-06T05:30:00Z,2021-01-06T06:30,2021-01-06T06:45,27,-127.84,-127.84,,-127.84,-1,DOWN,NO,NO,2026-10-09T00:05:31Z
2021-01-06T05:45:00Z,2021-01-06T06:45,2021-01-06T07:00,28,55.4,27.3,55.4,27.3,2,UP_AND_DOWN,NO,NO,2026-10-09T00:05:31Z
2021-01-06T06:00:00Z,2021-01-06T07:00,2021-01-06T07:15,29,14.19,14.19,,14.19,-1,DOWN,NO,NO,2026-10-09T00:05:31Z
2021-01-06T06:15:00Z,2021-01-06T07:15,2021-01-06T07:30,30,77.94,35.1,77.94,35.1,2,UP_AND_DOWN,NO,NO,2026-10-09T00:05:31Z
2021-01-06T06:30:00Z,2021-01-06T07:30,2021-01-06T07:45,31,50.18,50.18,50.18,35.1,1,UP,NO,NO,2026-10-09T00:05:31Z
2021-01-06T06:45:00Z,2021-01-06T07:45,2021-01-06T08:00,32,42.68,26.65,42.68,26.65,2,UP_AND_DOWN,NO,NO,2026-10-09T00:05:31Z
2021-01-06T07:00:00Z,2021-01-06T08:00,2021-01-06T08:15,33,57.59,57.59,57.59,41.04,1,UP,NO,NO,2026-10-09T00:05:31Z
2021-01-06T07:15:00Z,2021-01-06T08:15,2021-01-06T08:30,34,630.4,630.4,630.4,,1,UP,NO,NO,2026-10-09T00:05:31Z
2021-01-06T07:30:00Z,2021-01-06T08:30,2021-01-06T08:45,35,277.9,277.9,277.9,,1,UP,NO,NO,2026-10-09T00:05:31Z
2021-01-06T07:45:00Z,2021-01-06T08:45,2021-01-06T09:00,36,77.91,77.91,77.91,,1,UP,NO,NO,2026-10-09T00:05:31Z
2021-01-06T08:00:00Z,2021-01-06T09:00,2021-01-06T09:15,37,51.48,10,50.1,10,2,UP_AND_DOWN,NO,NO,2026-10-09T00:05:31Z
2021-01-06T08:15:00Z,2021-01-06T09:15,2021-01-06T09:30,38,31.98,31.98,,31.98,-1,DOWN,NO,NO,2026-10-09T00:05:31Z
2021-01-06T08:30:00Z,2021-01-06T09:30,2021-01-06T09:45,39,34.73,34.73,,34.73,-1,DOWN,NO,NO,2026-10-09T00:05:31Z
2021-01-06T08:45:00Z,2021-01-06T09:45,2021-01-06T10:00,40,42.68,42.68,42.68,45.31,1,UP,NO,NO,2026-10-09T00:05:31Z
2021-01-06T09:00:00Z,2021-01-06T10:00,2021-01-06T10:15,41,47.32,38,47.32,38,2,UP_AND_DOWN,NO,NO,2026-10-09T00:05:31Z
2021-01-06T09:15:00Z,2021-01-06T10:15,2021-01-06T10:30,42,30.44,30.44,,30.44,-1,DOWN,NO,NO,2026-10-09T00:05:31Z
2021-01-06T09:30:00Z,2021-01-06T10:30,2021-01-06T10:45,43,31.73,31.73,,31.73,-1,DOWN,NO,NO,2026-10-09T00:05:31Z
2021-01-06T09:45:00Z,2021-01-06T10:45,2021-01-06T11:00,44,32.64,32.64,,32.64,-1,DOWN,NO,NO,2026-10-09T00:05:31Z
2021-01-06T10:00:00Z,2021-01-06T11:00,2021-01-06T11:15,45,36.44,36.44,,36.44,-1,DOWN,NO,NO,2026-10-09T00:05:31Z
2021-01-06T10:15:00Z,2021-01-06T11:15,2021-01-06T11:30,46,40.25,40.25,,40.25,-1,DOWN,NO,NO,2026-10-09T00:05:31Z
2021-01-06T10:30:00Z,2021-01-06T11:30,2021-01-06T11:45,47,65.1,65.1,65.1,41.75,1,UP,NO,NO,2026-10-09T00:05:31Z
2021-01-06T10:45:00Z,2021-01-06T11:45,2021-01-06T12:00,48,80,80,80,,1,UP,NO,NO,2026-10-09T00:05:31Z
2021-01-06T11:00:00Z,2021-01-06T12:00,2021-01-06T12:15,49,45.32,45.32,80,45.32,-1,DOWN,NO,NO,2026-10-09T00:05:31Z
2021-01-06T11:15:00Z,2021-01-06T12:15,2021-01-06T12:30,50,45.23,45.23,,45.23,-1,DOWN,NO,NO,2026-10-09T00:05:31Z
2021-01-06T11:30:00Z,2021-01-06T12:30,2021-01-06T12:45,51,44.48,44.48,,44.48,-1,DOWN,NO,NO,2026-10-09T00:05:31Z
2021-01-06T11:45:00Z,2021-01-06T12:45,2021-01-06T13:00,52,30.44,30.44,,30.44,-1,DOWN,NO,NO,2026-10-09T00:05:31Z
2021-01-06T12:00:00Z,2021-01-06T13:00,2021-01-06T13:15,53,14,14,,14,-1,DOWN,NO,NO,2026-10-09T00:05:31Z
2021-01-06T12:15:00Z,2021-01-06T13:15,2021-01-06T13:30,54,36.44,36.44,,36.44,-1,DOWN,NO,NO,2026-10-09T00:05:31Z
2021-01-06T12:30:00Z,2021-01-06T13:30,2021-01-06T13:45,55,43.28,43.28,43.28,45.13,1,UP,NO,NO,2026-10-09T00:05:31Z
2021-01-06T12:45:00Z,2021-01-06T13:45,2021-01-06T14:00,56,48.28,48.28,48.28,,1,UP,NO,NO,2026-10-09T00:05:31Z
2021-01-06T13:00:00Z,2021-01-06T14:00,2021-01-06T14:15,57,65.04,65.04,65.04,,1,UP,NO,NO,2026-10-09T00:05:31Z
2021-01-06T13:15:00Z,2021-01-06T14:15,2021-01-06T14:30,58,58.27,58.27,58.27,,1,UP,NO,NO,2026-10-09T00:05:31Z
2021-01-06T13:30:00Z,2021-01-06T14:30,2021-01-06T14:45,59,49.43,49.43,49.43,,1,UP,NO,NO,2026-10-09T00:05:31Z
2021-01-06T13:45:00Z,2021-01-06T14:45,2021-01-06T15:00,60,60.41,60.41,60.41,,1,UP,NO,NO,2026-10-09T00:05:31Z
2021-01-06T14:00:00Z,2021-01-06T15:00,2021-01-06T15:15,61,53.57,53.57,53.57,,1,UP,NO,NO,2026-10-09T00:05:31Z
2021-01-06T14:15:00Z,2021-01-06T15:15,2021-01-06T15:30,62,50.1,50.1,50.1,,1,UP,NO,NO,2026-10-09T00:05:31Z
2021-01-06T14:30:00Z,2021-01-06T15:30,2021-01-06T15:45,63,78.73,78.73,78.73,,1,UP,NO,NO,2026-10-09T00:05:31Z
2021-01-06T14:45:00Z,2021-01-06T15:45,2021-01-06T16:00,64,61.89,61.89,61.89,,1,UP,NO,NO,2026-10-09T00:05:31Z
2021-01-06T15:00:00Z,2021-01-06T16:00,2021-01-06T16:15,65,57.59,44.48,57.59,44.48,2,UP_AND_DOWN,NO,NO,2026-10-09T00:05:31Z
2021-01-06T15:15:00Z,2021-01-06T16:15,2021-01-06T16:30,66,680.4,680.4,680.4,,1,UP,NO,NO,2026-10-09T00:05:31Z
2021-01-06T15:30:00Z,2021-01-06T16:30,2021-01-06T16:45,67,802.5,10.16,802.5,10.16,2,UP_AND_DOWN,NO,NO,2026-10-09T00:05:31Z
2021-01-06T15:45:00Z,2021-01-06T16:45,2021-01-06T17:00,68,105.86,105.86,105.86,25.44,1,UP,NO,NO,2026-10-09T00:05:31Z
2021-01-06T16:00:00Z,2021-01-06T17:00,2021-01-06T17:15,69,647.9,647.9,647.9,,1,UP,NO,NO,2026-10-09T00:05:31Z
2021-01-06T16:15:00Z,2021-01-06T17:15,2021-01-06T17:30,70,78.99,78.99,78.99,,1,UP,NO,NO,2026-10-09T00:05:31Z
2021-01-06T16:30:00Z,2021-01-06T17:30,2021-01-06T17:45,71,277.9,277.9,277.9,,1,UP,NO,NO,2026-10-09T00:05:31Z
2021-01-06T16:45:00Z,2021-01-06T17:45,2021-01-06T18:00,72,450,450,450,,1,UP,NO,NO,2026-10-09T00:05:31Z
2021-01-06T17:00:00Z,2021-01-06T18:00,2021-01-06T18:15,73,-6.71,-6.71,450,-6.71,-1,DOWN,NO,NO,2026-10-09T00:05:31Z
2021-01-06T17:15:00Z,2021-01-06T18:15,2021-01-06T18:30,74,26.23,26.23,,26.23,-1,DOWN,NO,NO,2026-10-09T00:05:31Z
2021-01-06T17:30:00Z,2021-01-06T18:30,2021-01-06T18:45,75,37.57,37.57,,37.57,-1,DOWN,NO,NO,2026-10-09T00:05:31Z
2021-01-06T17:45:00Z,2021-01-06T18:45,2021-01-06T19:00,76,34.57,34.57,,34.57,-1,DOWN,NO,NO,2026-10-09T00:05:31Z
2021-01-06T18:00:00Z,2021-01-06T19:00,2021-01-06T19:15,77,57.59,39.12,57.59,45.23,2,UP_AND_DOWN,NO,NO,2026-10-09T00:05:31Z
2021-01-06T18:15:00Z,2021-01-06T19:15,2021-01-06T19:30,78,39.12,39.12,,,0,STABLE,NO,NO,2026-10-09T00:05:31Z
2021-01-06T18:30:00Z,2021-01-06T19:30,2021-01-06T19:45,79,48.16,48.16,48.16,,1,UP,NO,NO,2026-10-09T00:05:31Z
2021-01-06T18:45:00Z,2021-01-06T19:45,2021-01-06T20:00,80,47.1,47.1,47.1,,1,UP,NO,NO,2026-10-09T00:05:31Z
2021-01-06T19:00:00Z,2021-01-06T20:00,2021-01-06T20:15,81,58.52,38.77,58.52,44.54,2,UP_AND_DOWN,NO,NO,2026-10-09T00:05:31Z
2021-01-06T19:15:00Z,2021-01-06T20:15,2021-01-06T20:30,82,30.29,30.29,47.1,30.29,-1,DOWN,NO,NO,2026-10-09T00:05:31Z
2021-01-06T19:30:00Z,2021-01-06T20:30,2021-01-06T20:45,83,24.05,24.05,,24.05,-1,DOWN,NO,NO,2026-10-09T00:05:31Z
2021-01-06T19:45:00Z,2021-01-06T20:45,2021-01-06T21:00,84,22.07,22.07,,22.07,-1,DOWN,NO,NO,2026-10-09T00:05:31Z
2021-01-06T20:00:00Z,2021-01-06T21:00,2021-01-06T21:15,85,277.9,30.44,277.9,30.44,2,UP_AND_DOWN,NO,NO,2026-10-09T00:05:31Z
2021-01-06T20:15:00Z,2021-01-06T21:15,2021-01-06T21:30,86,66.01,66.01,66.01,,1,UP,NO,NO,2026-10-09T00:05:31Z
2021-01-06T20:30:00Z,2021-01-06T21:30,2021-01-06T21:45,87,43.7,43.7,,,0,STABLE,NO,NO,2026-10-09T00:05:31Z
2021-01-06T20:45:00Z,2021-01-06T21:45,2021-01-06T22:00,88,33.44,33.44,,33.44,-1,DOWN,NO,NO,2026-10-09T00:05:31Z
2021-01-06T21:00:00Z,2021-01-06T22:00,2021-01-06T22:15,89,84.14,84.14,84.14,33.44,1,UP,NO,NO,2026-10-09T00:05:31Z
2021-01-06T21:15:00Z,2021-01-06T22:15,2021-01-06T22:30,90,40.44,40.44,62.9,40.44,-1,DOWN,NO,NO,2026-10-09T00:05:31Z
2021-01-06T21:30:00Z,2021-01-06T22:30,2021-01-06T22:45,91,36.44,36.44,,36.44,-1,DOWN,NO,NO,2026-10-09T00:05:31Z
2021-01-06T21:45:00Z,2021-01-06T22:45,2021-01-06T23:00,92,40.44,40.44,,40.44,-1,DOWN,NO,NO,2026-10-09T00:05:31Z
2021-01-06T22:00:00Z,2021-01-06T23:00,2021-01-06T23:15,93,58.11,37.41,58.11,37.41,2,UP_AND_DOWN,NO,NO,2026-10-09T00:05:31Z
2021-01-06T22:15:00Z,2021-01-06T23:15,2021-01-06T23:30,94,37.7,37.7,48.6,37.7,-1,DOWN,NO,NO,2026-10-09T00:05:31Z
2021-01-06T22:30:00Z,2021-01-06T23:30,2021-01-06T23:45,95,15.06,15.06,,15.06,-1,DOWN,NO,NO,2026-10-09T00:05:31Z
2021-01-06T22:45:00Z,2021-01-06T23:45,2021-01-07T00:00,96,22.02,22.02,,22.02,-1,DOWN,NO,NO,2026-10-09T00:05:31Z
2021-01-06T23:00:00Z,2021-01-07T00:00,2021-01-07T00:15,1,103.15,33.44,103.15,33.44,2,UP_AND_DOWN,NO,NO,2026-10-09T00:05:31Z
2021-01-06T23:15:00Z,2021-01-07T00:15,2021-01-07T00:30,2,36.44,36.44,103.15,36.44,-1,DOWN,NO,NO,2026-10-09T00:05:31Z
2021-01-06T23:30:00Z,2021-01-07T00:30,2021-01-07T00:45,3,25.44,25.44,,25.44,-1,DOWN,NO,NO,2026-10-09T00:05:31Z
2021-01-06T23:45:00Z,2021-01-07T00:45,2021-01-07T01:00,4,18.44,18.44,,18.44,-1,DOWN,NO,NO,2026-10-09T00:05:31Z
2021-01-07T00:00:00Z,2021-01-07T01:00,2021-01-07T01:15,5,44.48,32.33,44.48,32.33,2,UP_AND_DOWN,NO,NO,2026-10-09T00:05:31Z
2021-01-07T00:15:00Z,2021-01-07T01:15,2021-01-07T01:30,6,-8.6,-8.6,,-8.6,-1,DOWN,NO,NO,2026-10-09T00:05:31Z
2021-01-07T00:30:00Z,2021-01-07T01:30,2021-01-07T01:45,7,19.5,19.5,,19.5,-1,DOWN,NO,NO,2026-10-09T00:05:31Z
2021-01-07T00:45:00Z,2021-01-07T01:45,2021-01-07T02:00,8,19.5,19.5,,19.5,-1,DOWN,NO,NO,2026-10-09T00:05:31Z
2021-01-07T01:00:00Z,2021-01-07T02:00,2021-01-07T02:15,9,45.55,36.44,45.55,36.44,2,UP_AND_DOWN,NO,NO,2026-10-09T00:05:31Z
2021-01-07T01:15:00Z,2021-01-07T02:15,2021-01-07T02:30,10,42.79,31.87,42.79,31.87,2,UP_AND_DOWN,NO,NO,2026-10-09T00:05:31Z
2021-01-07T01:30:00Z,2021-01-07T02:30,2021-01-07T02:45,11,10,10,,10,-1,DOWN,NO,NO,2026-10-09T00:05:31Z
2021-01-07T01:45:00Z,2021-01-07T02:45,2021-01-07T03:00,12,48.14,25.44,48.14,25.44,2,UP_AND_DOWN,NO,NO,2026-10-09T00:05:31Z
2021-01-07T02:00:00Z,2021-01-07T03:00,2021-01-07T03:15,13,47.65,36.87,47.65,36.87,2,UP_AND_DOWN,NO,NO,2026-10-09T00:05:31Z
2021-01-07T02:15:00Z,2021-01-07T03:15,2021-01-07T03:30,14,42.86,40.71,42.86,40.71,2,UP_AND_DOWN,NO,NO,2026-10-09T00:05:31Z
2021-01-07T02:30:00Z,2021-01-07T03:30,2021-01-07T03:45,15,44,39.63,44,39.63,2,UP_AND_DOWN,NO,NO,2026-10-09T00:05:31Z
2021-01-07T02:45:00Z,2021-01-07T03:45,2021-01-07T04:00,16,44,44,44,,1,UP,NO,NO,2026-10-09T00:05:31Z
2021-01-07T03:00:00Z,2021-01-07T04:00,2021-01-07T04:15,17,46,46,46,,1,UP,NO,NO,2026-10-09T00:05:31Z
2021-01-07T03:15:00Z,2021-01-07T04:15,2021-01-07T04:30,18,48.44,48.44,48.44,,1,UP,NO,NO,2026-10-09T00:05:31Z
2021-01-07T03:30:00Z,2021-01-07T04:30,2021-01-07T04:45,19,47.9,47.9,47.9,,1,UP,NO,NO,2026-10-09T00:05:31Z
2021-01-07T03:45:00Z,2021-01-07T04:45,2021-01-07T05:00,20,47.9,47.9,47.9,,1,UP,NO,NO,2026-10-09T00:05:31Z
2021-01-07T04:00:00Z,2021-01-07T05:00,2021-01-07T05:15,21,21.95,21.95,47.9,21.95,-1,DOWN,NO,NO,2026-10-09T00:05:31Z
2021-01-07T04:15:00Z,2021-01-07T05:15,2021-01-07T05:30,22,25.44,25.44,,25.44,-1,DOWN,NO,NO,2026-10-09T00:05:31Z
2021-01-07T04:30:00Z,2021-01-07T05:30,2021-01-07T05:45,23,31.47,31.47,,31.47,-1,DOWN,NO,NO,2026-10-09T00:05:31Z
2021-01-07T04:45:00Z,2021-01-07T05:45,2021-01-07T06:00,24,27.34,27.34,,27.34,-1,DOWN,NO,NO,2026-10-09T00:05:31Z
2021-01-07T05:00:00Z,2021-01-07T06:00,2021-01-07T06:15,25,-112.56,-112.56,,-112.56,-1,DOWN,NO,NO,2026-10-09T00:05:31Z
2021-01-07T05:15:00Z,2021-01-07T06:15,2021-01-07T06:30,26,-39.32,-39.32,,-39.32,-1,DOWN,NO,NO,2026-10-09T00:05:31Z
2021-01-07T05:30:00Z,2021-01-07T06:30,2021-01-07T06:45,27,42.87,42.87,42.87,-33.24,1,UP,NO,NO,2026-10-09T00:05:31Z
2021-01-07T05:45:00Z,2021-01-07T06:45,2021-01-07T07:00,28,-61.08,-61.08,42.87,-61.08,-1,DOWN,NO,NO,2026-10-09T00:05:31Z
2021-01-07T06:00:00Z,2021-01-07T07:00,2021-01-07T07:15,29,-111.69,-111.69,,-111.69,-1,DOWN,NO,NO,2026-10-09T00:05:31Z
2021-01-07T06:15:00Z,2021-01-07T07:15,2021-01-07T07:30,30,-4.45,-4.45,,-4.45,-1,DOWN,NO,NO,2026-10-09T00:05:31Z
2021-01-07T06:30:00Z,2021-01-07T07:30,2021-01-07T07:45,31,31.15,31.15,,31.15,-1,DOWN,NO,NO,2026-10-09T00:05:31Z
2021-01-07T06:45:00Z,2021-01-07T07:45,2021-01-07T08:00,32,32.39,32.39,,32.39,-1,DOWN,NO,NO,2026-10-09T00:05:31Z
2021-01-07T07:00:00Z,2021-01-07T08:00,2021-01-07T08:15,33,-88.6,-88.6,,-88.6,-1,DOWN,NO,NO,2026-10-09T00:05:31Z
2021-01-07T07:15:00Z,2021-01-07T08:15,2021-01-07T08:30,34,32.39,32.39,,32.39,-1,DOWN,NO,NO,2026-10-09T00:05:31Z
2021-01-07T07:30:00Z,2021-01-07T08:30,2021-01-07T08:45,35,38.52,38.52,,38.52,-1,DOWN,NO,NO,2026-10-09T00:05:31Z
2021-01-07T07:45:00Z,2021-01-07T08:45,2021-01-07T09:00,36,146.4,146.4,146.4,39.15,1,UP,NO,NO,2026-10-09T00:05:31Z
2021-01-07T08:00:00Z,2021-01-07T09:00,2021-01-07T09:15,37,26.75,26.75,61.17,26.75,-1,DOWN,NO,NO,2026-10-09T00:05:31Z
2021-01-07T08:15:00Z,2021-01-07T09:15,2021-01-07T09:30,38,24.39,24.39,,24.39,-1,DOWN,NO,NO,2026-10-09T00:05:31Z
2021-01-07T08:30:00Z,2021-01-07T09:30,2021-01-07T09:45,39,29,29,,29,-1,DOWN,NO,NO,2026-10-09T00:05:31Z
2021-01-07T08:45:00Z,2021-01-07T09:45,2021-01-07T10:00,40,35.39,35.39,,35.39,-1,DOWN,NO,NO,2026-10-09T00:05:31Z
2021-01-07T09:00:00Z,2021-01-07T10:00,2021-01-07T10:15,41,29.39,29.39,,29.39,-1,DOWN,NO,NO,2026-10-09T00:05:31Z
2021-01-07T09:15:00Z,2021-01-07T10:15,2021-01-07T10:30,42,14,14,,14,-1,DOWN,NO,NO,2026-10-09T00:05:31Z
2021-01-07T09:30:00Z,2021-01-07T10:30,2021-01-07T10:45,43,24.39,24.39,,24.39,-1,DOWN,NO,NO,2026-10-09T00:05:31Z
2021-01-07T09:45:00Z,2021-01-07T10:45,2021-01-07T11:00,44,15.24,15.24,,15.24,-1,DOWN,NO,NO,2026-10-09T00:05:31Z
2021-01-07T10:00:00Z,2021-01-07T11:00,2021-01-07T11:15,45,54.51,42.5,54.51,42.5,2,UP_AND_DOWN,NO,NO,2026-10-09T00:05:31Z
2021-01-07T10:15:00Z,2021-01-07T11:15,2021-01-07T11:30,46,35,35,,35,-1,DOWN,NO,NO,2026-10-09T00:05:31Z
2021-01-07T10:30:00Z,2021-01-07T11:30,2021-01-07T11:45,47,53.21,53.21,53.21,,1,UP,NO,NO,2026-10-09T00:05:31Z
2021-01-07T10:45:00Z,2021-01-07T11:45,2021-01-07T12:00,48,53.24,36.62,53.24,45.23,2,UP_AND_DOWN,NO,NO,2026-10-09T00:05:31Z
2021-01-07T11:00:00Z,2021-01-07T12:00,2021-01-07T12:15,49,38,38,53.24,38,-1,DOWN,NO,NO,2026-10-09T00:05:31Z
2021-01-07T11:15:00Z,2021-01-07T12:15,2021-01-07T12:30,50,31.25,31.25,,31.25,-1,DOWN,NO,NO,2026-10-09T00:05:31Z
2021-01-07T11:30:00Z,2021-01-07T12:30,2021-01-07T12:45,51,7.89,7.89,,7.89,-1,DOWN,NO,NO,2026-10-09T00:05:31Z
2021-01-07T11:45:00Z,2021-01-07T12:45,2021-01-07T13:00,52,7.45,7.45,,7.45,-1,DOWN,NO,NO,2026-10-09T00:05:31Z
2021-01-07T12:00:00Z,2021-01-07T13:00,2021-01-07T13:15,53,-4,-4,,-4,-1,DOWN,NO,NO,2026-10-09T00:05:31Z
2021-01-07T12:15:00Z,2021-01-07T13:15,2021-01-07T13:30,54,69.61,32.39,69.61,32.39,2,UP_AND_DOWN,NO,NO,2026-10-09T00:05:31Z
2021-01-07T12:30:00Z,2021-01-07T13:30,2021-01-07T13:45,55,37.39,37.39,,37.39,-1,DOWN,NO,NO,2026-10-09T00:05:31Z
2021-01-07T12:45:00Z,2021-01-07T13:45,2021-01-07T14:00,56,32.39,32.39,,32.39,-1,DOWN,NO,NO,2026-10-09T00:05:31Z
2021-01-07T13:00:00Z,2021-01-07T14:00,2021-01-07T14:15,57,32.39,32.39,,32.39,-1,DOWN,NO,NO,2026-10-09T00:05:31Z
2021-01-07T13:15:00Z,2021-01-07T14:15,2021-01-07T14:30,58,43.46,43.46,,,0,STABLE,NO,NO,2026-10-09T00:05:31Z
2021-01-07T13:30:00Z,2021-01-07T14:30,2021-01-07T14:45,59,43.46,43.46,,,0,STABLE,NO,NO,2026-10-09T00:05:31Z
2021-01-07T13:45:00Z,2021-01-07T14:45,2021-01-07T15:00,60,45.23,45.23,,45.23,-1,DOWN,NO,NO,2026-10-09T00:05:31Z
2021-01-07T14:00:00Z,2021-01-07T15:00,2021-01-07T15:15,61,45.23,45.23,,45.23,-1,DOWN,NO,NO,2026-10-09T00:05:31Z
2021-01-07T14:15:00Z,2021-01-07T15:15,2021-01-07T15:30,62,32.39,32.39,,32.39,-1,DOWN,NO,NO,2026-10-09T00:05:31Z
2021-01-07T14:30:00Z,2021-01-07T15:30,2021-01-07T15:45,63,31.25,31.25,,31.25,-1,DOWN,NO,NO,2026-10-09T00:05:31Z
2021-01-07T14:45:00Z,2021-01-07T15:45,2021-01-07T16:00,64,40.25,40.25,,40.25,-1,DOWN,NO,NO,2026-10-09T00:05:31Z
2021-01-07T15:00:00Z,2021-01-07T16:00,2021-01-07T16:15,65,41.72,41.72,,41.72,-1,DOWN,NO,NO,2026-10-09T00:05:31Z
2021-01-07T15:15:00Z,2021-01-07T16:15,2021-01-07T16:30,66,39.47,39.47,,39.47,-1,DOWN,NO,NO,2026-10-09T00:05:31Z
2021-01-07T15:30:00Z,2021-01-07T16:30,2021-01-07T16:45,67,44.48,44.48,,44.48,-1,DOWN,NO,NO,2026-10-09T00:05:31Z
2021-01-07T15:45:00Z,2021-01-07T16:45,2021-01-07T17:00,68,45.23,45.23,,45.23,-1,DOWN,NO,NO,2026-10-09T00:05:31Z
2021-01-07T16:00:00Z,2021-01-07T17:00,2021-01-07T17:15,69,-15.82,-15.82,,-15.82,-1,DOWN,NO,NO,2026-10-09T00:05:31Z
2021-01-07T16:15:00Z,2021-01-07T17:15,2021-01-07T17:30,70,40.25,40.25,,40.25,-1,DOWN,NO,NO,2026-10-09T00:05:31Z
2021-01-07T16:30:00Z,2021-01-07T17:30,2021-01-07T17:45,71,48.5,48.5,,,0,STABLE,NO,NO,2026-10-09T00:05:31Z
2021-01-07T16:45:00Z,2021-01-07T17:45,2021-01-07T18:00,72,38,38,,38,-1,DOWN,NO,NO,2026-10-09T00:05:31Z
2021-01-07T17:00:00Z,2021-01-07T18:00,2021-01-07T18:15,73,-90,-90,,-90,-1,DOWN,NO,NO,2026-10-09T00:05:31Z
2021-01-07T17:15:00Z,2021-01-07T18:15,2021-01-07T18:30,74,48.98,27.54,48.98,27.54,2,UP_AND_DOWN,NO,NO,2026-10-09T00:05:31Z
2021-01-07T17:30:00Z,2021-01-07T18:30,2021-01-07T18:45,75,23,23,,23,-1,DOWN,NO,NO,2026-10-09T00:05:31Z
2021-01-07T17:45:00Z,2021-01-07T18:45,2021-01-07T19:00,76,24.39,24.39,,24.39,-1,DOWN,NO,NO,2026-10-09T00:05:31Z
2021-01-07T18:00:00Z,2021-01-07T19:00,2021-01-07T19:15,77,56.16,56.16,56.16,24.39,1,UP,NO,NO,2026-10-09T00:05:31Z
2021-01-07T18:15:00Z,2021-01-07T19:15,2021-01-07T19:30,78,45.07,45.07,,45.07,-1,DOWN,NO,NO,2026-10-09T00:05:31Z
2021-01-07T18:30:00Z,2021-01-07T19:30,2021-01-07T19:45,79,24.39,24.39,,24.39,-1,DOWN,NO,NO,2026-10-09T00:05:31Z
2021-01-07T18:45:00Z,2021-01-07T19:45,2021-01-07T20:00,80,22.51,22.51,,22.51,-1,DOWN,NO,NO,2026-10-09T00:05:31Z
2021-01-07T19:00:00Z,2021-01-07T20:00,2021-01-07T20:15,81,7.71,7.71,,7.71,-1,DOWN,NO,NO,2026-10-09T00:05:31Z
2021-01-07T19:15:00Z,2021-01-07T20:15,2021-01-07T20:30,82,-2.71,-2.71,,-2.71,-1,DOWN,NO,NO,2026-10-09T00:05:31Z
2021-01-07T19:30:00Z,2021-01-07T20:30,2021-01-07T20:45,83,44.57,44.57,44.57,-57.16,1,UP,NO,NO,2026-10-09T00:05:31Z
2021-01-07T19:45:00Z,2021-01-07T20:45,2021-01-07T21:00,84,45.02,18.23,45.02,18.23,2,UP_AND_DOWN,NO,NO,2026-10-09T00:05:31Z
2021-01-07T20:00:00Z,2021-01-07T21:00,2021-01-07T21:15,85,110.9,35.1,110.9,35.1,2,UP_AND_DOWN,NO,NO,2026-10-09T00:05:31Z
2021-01-07T20:15:00Z,2021-01-07T21:15,2021-01-07T21:30,86,49.34,49.34,49.34,,1,UP,NO,NO,2026-10-09T00:05:31Z
2021-01-07T20:30:00Z,2021-01-07T21:30,2021-01-07T21:45,87,47.39,47.39,47.39,,1,UP,NO,NO,2026-10-09T00:05:31Z
2021-01-07T20:45:00Z,2021-01-07T21:45,2021-01-07T22:00,88,47.64,47.64,47.64,,1,UP,NO,NO,2026-10-09T00:05:31Z
2021-01-07T21:00:00Z,2021-01-07T22:00,2021-01-07T22:15,89,238.03,238.03,238.03,,1,UP,NO,NO,2026-10-09T00:05:31Z
2021-01-07T21:15:00Z,2021-01-07T22:15,2021-01-07T22:30,90,49.05,49.05,49.05,,1,UP,NO,NO,2026-10-09T00:05:31Z
2021-01-07T21:30:00Z,2021-01-07T22:30,2021-01-07T22:45,91,44.39,44.39,44.39,,1,UP,NO,NO,2026-10-09T00:05:31Z
2021-01-07T21:45:00Z,2021-01-07T22:45,2021-01-07T23:00,92,41.19,41.19,44.39,41.19,-1,DOWN,NO,NO,2026-10-09T00:05:31Z
2021-01-07T22:00:00Z,2021-01-07T23:00,2021-01-07T23:15,93,49.81,29,49.81,29,2,UP_AND_DOWN,NO,NO,2026-10-09T00:05:31Z
2021-01-07T22:15:00Z,2021-01-07T23:15,2021-01-07T23:30,94,57.39,37.3,57.39,37.3,2,UP_AND_DOWN,NO,NO,2026-10-09T00:05:31Z
2021-01-07T22:30:00Z,2021-01-07T23:30,2021-01-07T23:45,95,30.88,30.88,,30.88,-1,DOWN,NO,NO,2026-10-09T00:05:31Z
2021-01-07T22:45:00Z,2021-01-07T23:45,2021-01-08T00:00,96,39.55,39.55,,39.55,-1,DOWN,NO,NO,2026-10-09T00:05:31Z
2021-01-07T23:00:00Z,2021-01-08T00:00,2021-01-08T00:15,1,78.9,78.9,78.9,,1,UP,NO,NO,2026-10-09T00:05:31Z
2021-01-07T23:15:00Z,2021-01-08T00:15,2021-01-08T00:30,2,49.23,49.23,49.23,,1,UP,NO,NO,2026-10-09T00:05:31Z
2021-01-07T23:30:00Z,2021-01-08T00:30,2021-01-08T00:45,3,47.63,47.63,47.63,,1,UP,NO,NO,2026-10-09T00:05:31Z
2021-01-07T23:45:00Z,2021-01-08T00:45,2021-01-08T01:00,4,42.05,42.05,47.63,42.05,-1,DOWN,NO,NO,2026-10-09T00:05:31Z
2021-01-08T00:00:00Z,2021-01-08T01:00,2021-01-08T01:15,5,48.64,35.98,48.64,35.98,2,UP_AND_DOWN,NO,NO,2026-10-09T00:05:31Z
2021-01-08T00:15:00Z,2021-01-08T01:15,2021-01-08T01:30,6,54.86,39.1,54.86,39.1,2,UP_AND_DOWN,NO,NO,2026-10-09T00:05:31Z
2021-01-08T00:30:00Z,2021-01-08T01:30,2021-01-08T01:45,7,47.63,35.05,47.63,35.05,2,UP_AND_DOWN,NO,NO,2026-10-09T00:05:31Z
2021-01-08T00:45:00Z,2021-01-08T01:45,2021-01-08T02:00,8,47.63,47.63,47.63,,1,UP,NO,NO,2026-10-09T00:05:31Z
2021-01-08T01:00:00Z,2021-01-08T02:00,2021-01-08T02:15,9,46.94,46.94,46.94,,1,UP,NO,NO,2026-10-09T00:05:31Z
2021-01-08T01:15:00Z,2021-01-08T02:15,2021-01-08T02:30,10,47.63,47.63,47.63,,1,UP,NO,NO,2026-10-09T00:05:31Z
2021-01-08T01:30:00Z,2021-01-08T02:30,2021-01-08T02:45,11,46.53,46.53,46.53,,1,UP,NO,NO,2026-10-09T00:05:31Z
2021-01-08T01:45:00Z,2021-01-08T02:45,2021-01-08T03:00,12,46.34,46.34,46.34,,1,UP,NO,NO,2026-10-09T00:05:31Z
2021-01-08T02:00:00Z,2021-01-08T03:00,2021-01-08T03:15,13,42.75,42.75,42.75,,1,UP,NO,NO,2026-10-09T00:05:31Z
2021-01-08T02:15:00Z,2021-01-08T03:15,2021-01-08T03:30,14,42.76,42.76,42.76,,1,UP,NO,NO,2026-10-09T00:05:31Z
2021-01-08T02:30:00Z,2021-01-08T03:30,2021-01-08T03:45,15,46.18,46.18,46.18,,1,UP,NO,NO,2026-10-09T00:05:31Z
2021-01-08T02:45:00Z,2021-01-08T03:45,2021-01-08T04:00,16,43.91,43.91,43.91,,1,UP,NO,NO,2026-10-09T00:05:31Z
2021-01-08T03:00:00Z,2021-01-08T04:00,2021-01-08T04:15,17,47.63,47.63,47.63,,1,UP,NO,NO,2026-10-09T00:05:31Z
2021-01-08T03:15:00Z,2021-01-08T04:15,2021-01-08T04:30,18,43.83,43.83,43.83,,1,UP,NO,NO,2026-10-09T00:05:31Z
2021-01-08T03:30:00Z,2021-01-08T04:30,2021-01-08T04:45,19,52.32,52.32,52.32,,1,UP,NO,NO,2026-10-09T00:05:31Z
2021-01-08T03:45:00Z,2021-01-08T04:45,2021-01-08T05:00,20,69.52,69.52,69.52,,1,UP,NO,NO,2026-10-09T00:05:31Z
2021-01-08T04:00:00Z,2021-01-08T05:00,2021-01-08T05:15,21,40.85,40.85,,,0,STABLE,NO,NO,2026-10-09T00:05:31Z
2021-01-08T04:15:00Z,2021-01-08T05:15,2021-01-08T05:30,22,47.63,47.63,47.63,,1,UP,NO,NO,2026-10-09T00:05:31Z
2021-01-08T04:30:00Z,2021-01-08T05:30,2021-01-08T05:45,23,277.9,277.9,277.9,,1,UP,NO,NO,2026-10-09T00:05:31Z
2021-01-08T04:45:00Z,2021-01-08T05:45,2021-01-08T06:00,24,57.63,57.63,57.63,,1,UP,NO,NO,2026-10-09T00:05:31Z
2021-01-08T05:00:00Z,2021-01-08T06:00,2021-01-08T06:15,25,31.14,31.14,57.63,31.14,-1,DOWN,NO,NO,2026-10-09T00:05:31Z
2021-01-08T05:15:00Z,2021-01-08T06:15,2021-01-08T06:30,26,39.64,39.64,,,0,STABLE,NO,NO,2026-10-09T00:05:31Z
2021-01-08T05:30:00Z,2021-01-08T06:30,2021-01-08T06:45,27,39.64,39.64,,,0,STABLE,NO,NO,2026-10-09T00:05:31Z
2021-01-08T05:45:00Z,2021-01-08T06:45,2021-01-08T07:00,28,60.73,60.73,60.73,,1,UP,NO,NO,2026-10-09T00:05:31Z
2021-01-08T06:00:00Z,2021-01-08T07:00,2021-01-08T07:15,29,-64.51,-64.51,60.73,-64.51,-1,DOWN,NO,NO,2026-10-09T00:05:31Z
2021-01-08T06:15:00Z,2021-01-08T07:15,2021-01-08T07:30,30,35.62,35.62,,35.62,-1,DOWN,NO,NO,2026-10-09T00:05:31Z
2021-01-08T06:30:00Z,2021-01-08T07:30,2021-01-08T07:45,31,45.34,45.34,45.34,45.21,1,UP,NO,NO,2026-10-09T00:05:31Z
2021-01-08T06:45:00Z,2021-01-08T07:45,2021-01-08T08:00,32,43.56,43.56,43.56,,1,UP,NO,NO,2026-10-09T00:05:31Z
2021-01-08T07:00:00Z,2021-01-08T08:00,2021-01-08T08:15,33,39.33,39.33,43.56,39.33,-1,DOWN,NO,NO,2026-10-09T00:05:31Z
2021-01-08T07:15:00Z,2021-01-08T08:15,2021-01-08T08:30,34,44.48,44.48,,44.48,-1,DOWN,NO,NO,2026-10-09T00:05:31Z
2021-01-08T07:30:00Z,2021-01-08T08:30,2021-01-08T08:45,35,93.54,93.54,93.54,,1,UP,NO,NO,2026-10-09T00:05:31Z
2021-01-08T07:45:00Z,2021-01-08T08:45,2021-01-08T09:00,36,73.54,73.54,73.54,,1,UP,NO,NO,2026-10-09T00:05:31Z
2021-01-08T08:00:00Z,2021-01-08T09:00,2021-01-08T09:15,37,50.11,38,50.11,38,2,UP_AND_DOWN,NO,NO,2026-10-09T00:05:31Z
2021-01-08T08:15:00Z,2021-01-08T09:15,2021-01-08T09:30,38,39.65,39.65,,39.65,-1,DOWN,NO,NO,2026-10-09T00:05:31Z
2021-01-08T08:30:00Z,2021-01-08T09:30,2021-01-08T09:45,39,44.48,44.48,,44.48,-1,DOWN,NO,NO,2026-10-09T00:05:31Z
2021-01-08T08:45:00Z,2021-01-08T09:45,2021-01-08T10:00,40,44.48,44.48,,44.48,-1,DOWN,NO,NO,2026-10-09T00:05:31Z
2021-01-08T09:00:00Z,2021-01-08T10:00,2021-01-08T10:15,41,40.25,40.25,,40.25,-1,DOWN,NO,NO,2026-10-09T00:05:31Z
2021-01-08T09:15:00Z,2021-01-08T10:15,2021-01-08T10:30,42,37.45,37.45,,37.45,-1,DOWN,NO,NO,2026-10-09T00:05:31Z
2021-01-08T09:30:00Z,2021-01-08T10:30,2021-01-08T10:45,43,35.68,35.68,,35.68,-1,DOWN,NO,NO,2026-10-09T00:05:31Z
2021-01-08T09:45:00Z,2021-01-08T10:45,2021-01-08T11:00,44,35,35,,35,-1,DOWN,NO,NO,2026-10-09T00:05:31Z
2021-01-08T10:00:00Z,2021-01-08T11:00,2021-01-08T11:15,45,44.79,44.79,44.79,32.63,1,UP,NO,NO,2026-10-09T00:05:31Z
2021-01-08T10:15:00Z,2021-01-08T11:15,2021-01-08T11:30,46,45.12,45.12,44.79,45.12,-1,DOWN,NO,NO,2026-10-09T00:05:31Z
2021-01-08T10:30:00Z,2021-01-08T11:30,2021-01-08T11:45,47,45.13,45.13,,45.13,-1,DOWN,NO,NO,2026-10-09T00:05:31Z
2021-01-08T10:45:00Z,2021-01-08T11:45,2021-01-08T12:00,48,44.96,44.96,,,0,STABLE,NO,NO,2026-10-09T00:05:31Z
2021-01-08T11:00:00Z,2021-01-08T12:00,2021-01-08T12:15,49,135.37,135.37,135.37,,1,UP,NO,NO,2026-10-09T00:05:31Z
2021-01-08T11:15:00Z,2021-01-08T12:15,2021-01-08T12:30,50,44.53,44.53,44.53,,1,UP,NO,NO,2026-10-09T00:05:31Z
2021-01-08T11:30:00Z,2021-01-08T12:30,2021-01-08T12:45,51,44.56,44.56,44.56,,1,UP,NO,NO,2026-10-09T00:05:31Z
2021-01-08T11:45:00Z,2021-01-08T12:45,2021-01-08T13:00,52,39.6,39.6,,,0,STABLE,NO,NO,2026-10-09T00:05:31Z
2021-01-08T12:00:00Z,2021-01-08T13:00,2021-01-08T13:15,53,39.56,39.56,,,0,STABLE,NO,NO,2026-10-09T00:05:31Z
2021-01-08T12:15:00Z,2021-01-08T13:15,2021-01-08T13:30,54,45.1,45.1,,45.1,-1,DOWN,NO,NO,2026-10-09T00:05:31Z
2021-01-08T12:30:00Z,2021-01-08T13:30,2021-01-08T13:45,55,38.45,38.45,,38.45,-1,DOWN,NO,NO,2026-10-09T00:05:31Z
2021-01-08T12:45:00Z,2021-01-08T13:45,2021-01-08T14:00,56,42.89,42.89,,42.89,-1,DOWN,NO,NO,2026-10-09T00:05:31Z
2021-01-08T13:00:00Z,2021-01-08T14:00,2021-01-08T14:15,57,43.09,43.09,,,0,STABLE,NO,NO,2026-10-09T00:05:31Z
2021-01-08T13:15:00Z,2021-01-08T14:15,2021-01-08T14:30,58,43.01,43.01,,,0,STABLE,NO,NO,2026-10-09T00:05:31Z
2021-01-08T13:30:00Z,2021-01-08T14:30,2021-01-08T14:45,59,44.5,44.5,,,0,STABLE,NO,NO,2026-10-09T00:05:31Z
2021-01-08T13:45:00Z,2021-01-08T14:45,2021-01-08T15:00,60,42.32,42.32,,,0,STABLE,NO,NO,2026-10-09T00:05:31Z
2021-01-08T14:00:00Z,2021-01-08T15:00,2021-01-08T15:15,61,44.72,44.72,,,0,STABLE,NO,NO,2026-10-09T00:05:31Z
2021-01-08T14:15:00Z,2021-01-08T15:15,2021-01-08T15:30,62,44.62,44.62,,,0,STABLE,NO,NO,2026-10-09T00:05:31Z
2021-01-08T14:30:00Z,2021-01-08T15:30,2021-01-08T15:45,63,44.65,44.65,,,0,STABLE,NO,NO,2026-10-09T00:05:31Z
2021-01-08T14:45:00Z,2021-01-08T15:45,2021-01-08T16:00,64,44.61,44.61,,,0,STABLE,NO,NO,2026-10-09T00:05:31Z
2021-01-08T15:00:00Z,2021-01-08T16:00,2021-01-08T16:15,65,45.23,45.23,,45.23,-1,DOWN,NO,NO,2026-10-09T00:05:31Z
2021-01-08T15:15:00Z,2021-01-08T16:15,2021-01-08T16:30,66,36.89,36.89,,36.89,-1,DOWN,NO,NO,2026-10-09T00:05:31Z
2021-01-08T15:30:00Z,2021-01-08T16:30,2021-01-08T16:45,67,36.61,36.61,,36.61,-1,DOWN,NO,NO,2026-10-09T00:05:31Z
2021-01-08T15:45:00Z,2021-01-08T16:45,2021-01-08T17:00,68,43.68,43.68,,43.68,-1,DOWN,NO,NO,2026-10-09T00:05:31Z
2021-01-08T16:00:00Z,2021-01-08T17:00,2021-01-08T17:15,69,38.86,38.86,,38.86,-1,DOWN,NO,NO,2026-10-09T00:05:31Z
2021-01-08T16:15:00Z,2021-01-08T17:15,2021-01-08T17:30,70,130,130,130,45.16,1,UP,NO,NO,2026-10-09T00:05:31Z
2021-01-08T16:30:00Z,2021-01-08T17:30,2021-01-08T17:45,71,80,80,80,,1,UP,NO,NO,2026-10-09T00:05:31Z
2021-01-08T16:45:00Z,2021-01-08T17:45,2021-01-08T18:00,72,56.4,56.4,56.4,,1,UP,NO,NO,2026-10-09T00:05:31Z
2021-01-08T17:00:00Z,2021-01-08T18:00,2021-01-08T18:15,73,277.9,277.9,277.9,,1,UP,NO,NO,2026-10-09T00:05:31Z
2021-01-08T17:15:00Z,2021-01-08T18:15,2021-01-08T18:30,74,52.76,52.76,52.76,,1,UP,NO,NO,2026-10-09T00:05:31Z
2021-01-08T17:30:00Z,2021-01-08T18:30,2021-01-08T18:45,75,48.74,48.74,48.74,,1,UP,NO,NO,2026-10-09T00:05:31Z
2021-01-08T17:45:00Z,2021-01-08T18:45,2021-01-08T19:00,76,39.85,39.85,,39.85,-1,DOWN,NO,NO,2026-10-09T00:05:31Z
2021-01-08T18:00:00Z,2021-01-08T19:00,2021-01-08T19:15,77,32.36,32.36,,32.36,-1,DOWN,NO,NO,2026-10-09T00:05:31Z
2021-01-08T18:15:00Z,2021-01-08T19:15,2021-01-08T19:30,78,33.22,33.22,,33.22,-1,DOWN,NO,NO,2026-10-09T00:05:31Z
2021-01-08T18:30:00Z,2021-01-08T19:30,2021-01-08T19:45,79,47.9,39.12,47.9,40.81,2,UP_AND_DOWN,NO,NO,2026-10-09T00:05:31Z
2021-01-08T18:45:00Z,2021-01-08T19:45,2021-01-08T20:00,80,40.75,40.75,,40.75,-1,DOWN,NO,NO,2026-10-09T00:05:31Z
2021-01-08T19:00:00Z,2021-01-08T20:00,2021-01-08T20:15,81,33.33,33.33,,33.33,-1,DOWN,NO,NO,2026-10-09T00:05:31Z
2021-01-08T19:15:00Z,2021-01-08T20:15,2021-01-08T20:30,82,33.38,33.38,,33.38,-1,DOWN,NO,NO,2026-10-09T00:05:31Z
2021-01-08T19:30:00Z,2021-01-08T20:30,2021-01-08T20:45,83,38.15,38.15,,38.15,-1,DOWN,NO,NO,2026-10-09T00:05:31Z
2021-01-08T19:45:00Z,2021-01-08T20:45,2021-01-08T21:00,84,36.28,36.28,,36.28,-1,DOWN,NO,NO,2026-10-09T00:05:31Z
2021-01-08T20:00:00Z,2021-01-08T21:00,2021-01-08T21:15,85,49.46,40.49,49.46,40.49,2,UP_AND_DOWN,NO,NO,2026-10-09T00:05:31Z
2021-01-08T20:15:00Z,2021-01-08T21:15,2021-01-08T21:30,86,36.36,36.36,,36.36,-1,DOWN,NO,NO,2026-10-09T00:05:31Z
2021-01-08T20:30:00Z,2021-01-08T21:30,2021-01-08T21:45,87,39.33,39.33,,39.33,-1,DOWN,NO,NO,2026-10-09T00:05:31Z
2021-01-08T20:45:00Z,2021-01-08T21:45,2021-01-08T22:00,88,29.61,29.61,,29.61,-1,DOWN,NO,NO,2026-10-09T00:05:31Z
2021-01-08T21:00:00Z,2021-01-08T22:00,2021-01-08T22:15,89,52.95,36.19,52.95,36.19,2,UP_AND_DOWN,NO,NO,2026-10-09T00:05:31Z
2021-01-08T21:15:00Z,2021-01-08T22:15,2021-01-08T22:30,90,45.65,45.65,45.65,,1,UP,NO,NO,2026-10-09T00:05:31Z
2021-01-08T21:30:00Z,2021-01-08T22:30,2021-01-08T22:45,91,43.11,43.11,,,0,STABLE,NO,NO,2026-10-09T00:05:31Z
2021-01-08T21:45:00Z,2021-01-08T22:45,2021-01-08T23:00,92,40.11,40.11,,40.11,-1,DOWN,NO,NO,2026-10-09T00:05:31Z
2021-01-08T22:00:00Z,2021-01-08T23:00,2021-01-08T23:15,93,393.2,393.2,393.2,40.11,1,UP,NO,NO,2026-10-09T00:05:31Z
2021-01-08T22:15:00Z,2021-01-08T23:15,2021-01-08T23:30,94,66.46,42.97,66.46,43.21,2,UP_AND_DOWN,NO,NO,2026-10-09T00:05:31Z
2021-01-08T22:30:00Z,2021-01-08T23:30,2021-01-08T23:45,95,31.12,31.12,66.46,31.12,-1,DOWN,NO,NO,2026-10-09T00:05:31Z
2021-01-08T22:45:00Z,2021-01-08T23:45,2021-01-09T00:00,96,19.77,19.77,,19.77,-1,DOWN,NO,NO,2026-10-09T00:05:31Z
2021-01-08T23:00:00Z,2021-01-09T00:00,2021-01-09T00:15,1,194.76,18.65,194.76,18.65,2,UP_AND_DOWN,NO,NO,2026-10-09T00:05:31Z
2021-01-08T23:15:00Z,2021-01-09T00:15,2021-01-09T00:30,2,51.16,51.16,51.16,,1,UP,NO,NO,2026-10-09T00:05:31Z
2021-01-08T23:30:00Z,2021-01-09T00:30,2021-01-09T00:45,3,47.76,47.76,51.16,47.76,-1,DOWN,NO,NO,2026-10-09T00:05:31Z
2021-01-08T23:45:00Z,2021-01-09T00:45,2021-01-09T01:00,4,35.1,35.1,,35.1,-1,DOWN,NO,NO,2026-10-09T00:05:31Z
2021-01-09T00:00:00Z,2021-01-09T01:00,2021-01-09T01:15,5,46.42,24.55,46.42,31.46,2,UP_AND_DOWN,NO,NO,2026-10-09T00:05:31Z
2021-01-09T00:15:00Z,2021-01-09T01:15,2021-01-09T01:30,6,47.42,47.42,47.42,,1,UP,NO,NO,2026-10-09T00:05:31Z
2021-01-09T00:30:00Z,2021-01-09T01:30,2021-01-09T01:45,7,43.9,43.9,45.78,43.9,-1,DOWN,NO,NO,2026-10-09T00:05:31Z
2021-01-09T00:45:00Z,2021-01-09T01:45,2021-01-09T02:00,8,31.46,31.46,,31.46,-1,DOWN,NO,NO,2026-10-09T00:05:31Z
2021-01-09T01:00:00Z,2021-01-09T02:00,2021-01-09T02:15,9,47.37,28.26,47.37,40.49,2,UP_AND_DOWN,NO,NO,2026-10-09T00:05:31Z
2021-01-09T01:15:00Z,2021-01-09T02:15,2021-01-09T02:30,10,47.18,47.18,47.18,,1,UP,NO,NO,2026-10-09T00:05:31Z
2021-01-09T01:30:00Z,2021-01-09T02:30,2021-01-09T02:45,11,45.69,29.21,45.69,45.02,2,UP_AND_DOWN,NO,NO,2026-10-09T00:05:31Z
2021-01-09T01:45:00Z,2021-01-09T02:45,2021-01-09T03:00,12,39.46,39.46,,39.46,-1,DOWN,NO,NO,2026-10-09T00:05:31Z
2021-01-09T02:00:00Z,2021-01-09T03:00,2021-01-09T03:15,13,51.87,30.27,51.87,45.32,2,UP_AND_DOWN,NO,NO,2026-10-09T00:05:31Z
2021-01-09T02:15:00Z,2021-01-09T03:15,2021-01-09T03:30,14,42.51,42.51,51.87,42.51,-1,DOWN,NO,NO,2026-10-09T00:05:31Z
2021-01-09T02:30:00Z,2021-01-09T03:30,2021-01-09T03:45,15,35.78,35.78,,35.78,-1,DOWN,NO,NO,2026-10-09T00:05:31Z
2021-01-09T02:45:00Z,2021-01-09T03:45,2021-01-09T04:00,16,38.09,38.09,,38.09,-1,DOWN,NO,NO,2026-10-09T00:05:31Z
2021-01-09T03:00:00Z,2021-01-09T04:00,2021-01-09T04:15,17,39.46,39.46,,39.46,-1,DOWN,NO,NO,2026-10-09T00:05:31Z
2021-01-09T03:15:00Z,2021-01-09T04:15,2021-01-09T04:30,18,45.73,32.8,45.73,39.37,2,UP_AND_DOWN,NO,NO,2026-10-09T00:05:31Z
2021-01-09T03:30:00Z,2021-01-09T04:30,2021-01-09T04:45,19,38.68,38.68,,38.68,-1,DOWN,NO,NO,2026-10-09T00:05:31Z
2021-01-09T03:45:00Z,2021-01-09T04:45,2021-01-09T05:00,20,50.17,32.05,50.17,42.54,2,UP_AND_DOWN,NO,NO,2026-10-09T00:05:31Z
2021-01-09T04:00:00Z,2021-01-09T05:00,2021-01-09T05:15,21,40.47,40.47,50.17,40.47,-1,DOWN,NO,NO,2026-10-09T00:05:31Z
2021-01-09T04:15:00Z,2021-01-09T05:15,2021-01-09T05:30,22,43.65,43.65,,43.65,-1,DOWN,NO,NO,2026-10-09T00:05:31Z
2021-01-09T04:30:00Z,2021-01-09T05:30,2021-01-09T05:45,23,45.87,45.87,45.87,,1,UP,NO,NO,2026-10-09T00:05:31Z
2021-01-09T04:45:00Z,2021-01-09T05:45,2021-01-09T06:00,24,45.87,45.87,45.87,,1,UP,NO,NO,2026-10-09T00:05:31Z
2021-01-09T05:00:00Z,2021-01-09T06:00,2021-01-09T06:15,25,32.05,32.05,25,32.05,-1,DOWN,NO,NO,2026-10-09T00:05:31Z
2021-01-09T05:15:00Z,2021-01-09T06:15,2021-01-09T06:30,26,38.09,38.09,,38.09,-1,DOWN,NO,NO,2026-10-09T00:05:31Z
2021-01-09T05:30:00Z,2021-01-09T06:30,2021-01-09T06:45,27,44.24,44.24,,44.24,-1,DOWN,NO,NO,2026-10-09T00:05:31Z
2021-01-09T05:45:00Z,2021-01-09T06:45,2021-01-09T07:00,28,44.72,44.72,,44.72,-1,DOWN,NO,NO,2026-10-09T00:05:31Z
2021-01-09T06:00:00Z,2021-01-09T07:00,2021-01-09T07:15,29,37.18,37.18,,37.18,-1,DOWN,NO,NO,2026-10-09T00:05:31Z
2021-01-09T06:15:00Z,2021-01-09T07:15,2021-01-09T07:30,30,38.86,38.86,,,0,STABLE,NO,NO,2026-10-09T00:05:31Z
2021-01-09T06:30:00Z,2021-01-09T07:30,2021-01-09T07:45,31,39.37,39.37,,,0,STABLE,NO,NO,2026-10-09T00:05:31Z
2021-01-09T06:45:00Z,2021-01-09T07:45,2021-01-09T08:00,32,47.7,47.7,,47.7,-1,DOWN,NO,NO,2026-10-09T00:05:31Z
2021-01-09T07:00:00Z,2021-01-09T08:00,2021-01-09T08:15,33,22.39,22.39,,22.39,-1,DOWN,NO,NO,2026-10-09T00:05:31Z
2021-01-09T07:15:00Z,2021-01-09T08:15,2021-01-09T08:30,34,37.39,37.39,,37.39,-1,DOWN,NO,NO,2026-10-09T00:05:31Z
2021-01-09T07:30:00Z,2021-01-09T08:30,2021-01-09T08:45,35,29.39,29.39,,29.39,-1,DOWN,NO,NO,2026-10-09T00:05:31Z
2021-01-09T07:45:00Z,2021-01-09T08:45,2021-01-09T09:00,36,37.68,37.68,,37.68,-1,DOWN,NO,NO,2026-10-09T00:05:31Z
2021-01-09T08:00:00Z,2021-01-09T09:00,2021-01-09T09:15,37,38.67,38.67,,38.67,-1,DOWN,NO,NO,2026-10-09T00:05:31Z
2021-01-09T08:15:00Z,2021-01-09T09:15,2021-01-09T09:30,38,37.77,37.77,,37.77,-1,DOWN,NO,NO,2026-10-09T00:05:31Z
2021-01-09T08:30:00Z,2021-01-09T09:30,2021-01-09T09:45,39,41.1,41.1,,41.1,-1,DOWN,NO,NO,2026-10-09T00:05:31Z
2021-01-09T08:45:00Z,2021-01-09T09:45,2021-01-09T10:00,40,41.09,41.09,,41.09,-1,DOWN,NO,NO,2026-10-09T00:05:31Z
2021-01-09T09:00:00Z,2021-01-09T10:00,2021-01-09T10:15,41,43.24,43.24,,43.24,-1,DOWN,NO,NO,2026-10-09T00:05:31Z
2021-01-09T09:15:00Z,2021-01-09T10:15,2021-01-09T10:30,42,42.16,42.16,,42.16,-1,DOWN,NO,NO,2026-10-09T00:05:31Z
2021-01-09T09:30:00Z,2021-01-09T10:30,2021-01-09T10:45,43,42.89,42.89,,42.89,-1,DOWN,NO,NO,2026-10-09T00:05:31Z
2021-01-09T09:45:00Z,2021-01-09T10:45,2021-01-09T11:00,44,32.77,32.77,,32.77,-1,DOWN,NO,NO,2026-10-09T00:05:31Z
2021-01-09T10:00:00Z,2021-01-09T11:00,2021-01-09T11:15,45,46.61,46.61,46.61,40.39,1,UP,NO,NO,2026-10-09T00:05:31Z
2021-01-09T10:15:00Z,2021-01-09T11:15,2021-01-09T11:30,46,19.79,19.79,46.55,19.79,-1,DOWN,NO,NO,2026-10-09T00:05:31Z
2021-01-09T10:30:00Z,2021-01-09T11:30,2021-01-09T11:45,47,16.38,16.38,,16.38,-1,DOWN,NO,NO,2026-10-09T00:05:31Z
2021-01-09T10:45:00Z,2021-01-09T11:45,2021-01-09T12:00,48,34.39,34.39,,34.39,-1,DOWN,NO,NO,2026-10-09T00:05:31Z
2021-01-09T11:00:00Z,2021-01-09T12:00,2021-01-09T12:15,49,31.37,31.37,,31.37,-1,DOWN,NO,NO,2026-10-09T00:05:31Z
2021-01-09T11:15:00Z,2021-01-09T12:15,2021-01-09T12:30,50,25.25,25.25,,25.25,-1,DOWN,NO,NO,2026-10-09T00:05:31Z
2021-01-09T11:30:00Z,2021-01-09T12:30,2021-01-09T12:45,51,20.42,20.42,,20.42,-1,DOWN,NO,NO,2026-10-09T00:05:31Z
2021-01-09T11:45:00Z,2021-01-09T12:45,2021-01-09T13:00,52,22.39,22.39,,22.39,-1,DOWN,NO,NO,2026-10-09T00:05:31Z
2021-01-09T12:00:00Z,2021-01-09T13:00,2021-01-09T13:15,53,24.38,24.38,,24.38,-1,DOWN,NO,NO,2026-10-09T00:05:31Z
2021-01-09T12:15:00Z,2021-01-09T13:15,2021-01-09T13:30,54,34.69,34.69,,34.69,-1,DOWN,NO,NO,2026-10-09T00:05:31Z
2021-01-09T12:30:00Z,2021-01-09T13:30,2021-01-09T13:45,55,36.54,36.54,,36.54,-1,DOWN,NO,NO,2026-10-09T00:05:31Z
2021-01-09T12:45:00Z,2021-01-09T13:45,2021-01-09T14:00,56,34.39,34.39,,34.39,-1,DOWN,NO,NO,2026-10-09T00:05:31Z
2021-01-09T13:00:00Z,2021-01-09T14:00,2021-01-09T14:15,57,51.05,51.05,51.05,39.17,1,UP,NO,NO,2026-10-09T00:05:31Z
2021-01-09T13:15:00Z,2021-01-09T14:15,2021-01-09T14:30,58,51.05,37.39,51.05,37.39,2,UP_AND_DOWN,NO,NO,2026-10-09T00:05:31Z
2021-01-09T13:30:00Z,2021-01-09T14:30,2021-01-09T14:45,59,39.91,39.91,,39.91,-1,DOWN,NO,NO,2026-10-09T00:05:31Z
2021-01-09T13:45:00Z,2021-01-09T14:45,2021-01-09T15:00,60,47.11,47.11,,47.11,-1,DOWN,NO,NO,2026-10-09T00:05:31Z
2021-01-09T14:00:00Z,2021-01-09T15:00,2021-01-09T15:15,61,46.01,46.01,46.01,,1,UP,NO,NO,2026-10-09T00:05:31Z
2021-01-09T14:15:00Z,2021-01-09T15:15,2021-01-09T15:30,62,46.01,46.01,,,0,STABLE,NO,NO,2026-10-09T00:05:31Z
2021-01-09T14:30:00Z,2021-01-09T15:30,2021-01-09T15:45,63,49.3,49.3,49.3,,1,UP,NO,NO,2026-10-09T00:05:31Z
2021-01-09T14:45:00Z,2021-01-09T15:45,2021-01-09T16:00,64,51.18,51.18,51.18,,1,UP,NO,NO,2026-10-09T00:05:31Z
2021-01-09T15:00:00Z,2021-01-09T16:00,2021-01-09T16:15,65,47.24,47.24,,,0,STABLE,NO,NO,2026-10-09T00:05:31Z
2021-01-09T15:15:00Z,2021-01-09T16:15,2021-01-09T16:30,66,49.82,49.82,,,0,STABLE,NO,NO,2026-10-09T00:05:31Z
2021-01-09T15:30:00Z,2021-01-09T16:30,2021-01-09T16:45,67,47.34,47.34,,,0,STABLE,NO,NO,2026-10-09T00:05:31Z
2021-01-09T15:45:00Z,2021-01-09T16:45,2021-01-09T17:00,68,38.59,38.59,,,0,STABLE,NO,NO,2026-10-09T00:05:31Z
2021-01-09T16:00:00Z,2021-01-09T17:00,2021-01-09T17:15,69,5,5,,5,-1,DOWN,NO,NO,2026-10-09T00:05:31Z
2021-01-09T16:15:00Z,2021-01-09T17:15,2021-01-09T17:30,70,44.86,44.86,,44.86,-1,DOWN,NO,NO,2026-10-09T00:05:31Z
2021-01-09T16:30:00Z,2021-01-09T17:30,2021-01-09T17:45,71,39.66,39.66,,,0,STABLE,NO,NO,2026-10-09T00:05:31Z
2021-01-09T16:45:00Z,2021-01-09T17:45,2021-01-09T18:00,72,47.53,47.53,,,0,STABLE,NO,NO,2026-10-09T00:05:31Z
2021-01-09T17:00:00Z,2021-01-09T18:00,2021-01-09T18:15,73,46.88,46.88,46.88,,1,UP,NO,NO,2026-10-09T00:05:31Z
2021-01-09T17:15:00Z,2021-01-09T18:15,2021-01-09T18:30,74,51.21,51.21,51.21,,1,UP,NO,NO,2026-10-09T00:05:31Z
2021-01-09T17:30:00Z,2021-01-09T18:30,2021-01-09T18:45,75,52.26,52.26,52.26,,1,UP,NO,NO,2026-10-09T00:05:31Z
2021-01-09T17:45:00Z,2021-01-09T18:45,2021-01-09T19:00,76,57,57,57,,1,UP,NO,NO,2026-10-09T00:05:31Z
2021-01-09T18:00:00Z,2021-01-09T19:00,2021-01-09T19:15,77,60.58,60.58,60.58,,1,UP,NO,NO,2026-10-09T00:05:31Z
2021-01-09T18:15:00Z,2021-01-09T19:15,2021-01-09T19:30,78,62.47,62.47,62.47,,1,UP,NO,NO,2026-10-09T00:05:31Z
2021-01-09T18:30:00Z,2021-01-09T19:30,2021-01-09T19:45,79,48.35,48.35,46.64,48.35,-1,DOWN,NO,NO,2026-10-09T00:05:31Z
2021-01-09T18:45:00Z,2021-01-09T19:45,2021-01-09T20:00,80,46.83,46.83,,46.83,-1,DOWN,NO,NO,2026-10-09T00:05:31Z
2021-01-09T19:00:00Z,2021-01-09T20:00,2021-01-09T20:15,81,46.15,40.18,46.15,45.37,2,UP_AND_DOWN,NO,NO,2026-10-09T00:05:31Z
2021-01-09T19:15:00Z,2021-01-09T20:15,2021-01-09T20:30,82,46.12,46.12,46.12,,1,UP,NO,NO,2026-10-09T00:05:31Z
2021-01-09T19:30:00Z,2021-01-09T20:30,2021-01-09T20:45,83,42.68,42.68,,,0,STABLE,NO,NO,2026-10-09T00:05:31Z
2021-01-09T19:45:00Z,2021-01-09T20:45,2021-01-09T21:00,84,42.12,42.12,,42.12,-1,DOWN,NO,NO,2026-10-09T00:05:31Z
2021-01-09T20:00:00Z,2021-01-09T21:00,2021-01-09T21:15,85,47.38,42.16,47.38,42.16,2,UP_AND_DOWN,NO,NO,2026-10-09T00:05:31Z
2021-01-09T20:15:00Z,2021-01-09T21:15,2021-01-09T21:30,86,45.76,42.46,45.76,44.77,2,UP_AND_DOWN,NO,NO,2026-10-09T00:05:31Z
2021-01-09T20:30:00Z,2021-01-09T21:30,2021-01-09T21:45,87,41.54,41.54,,41.54,-1,DOWN,NO,NO,2026-10-09T00:05:31Z
2021-01-09T20:45:00Z,2021-01-09T21:45,2021-01-09T22:00,88,32.41,32.41,,32.41,-1,DOWN,NO,NO,2026-10-09T00:05:31Z
2021-01-09T21:00:00Z,2021-01-09T22:00,2021-01-09T22:15,89,52.28,52.28,52.28,32.41,1,UP,NO,NO,2026-10-09T00:05:31Z
2021-01-09T21:15:00Z,2021-01-09T22:15,2021-01-09T22:30,90,47.07,47.07,47.07,,1,UP,NO,NO,2026-10-09T00:05:31Z
2021-01-09T21:30:00Z,2021-01-09T22:30,2021-01-09T22:45,91,56.81,56.81,56.81,,1,UP,NO,NO,2026-10-09T00:05:31Z
2021-01-09T21:45:00Z,2021-01-09T22:45,2021-01-09T23:00,92,51.21,42.54,51.21,45.11,2,UP_AND_DOWN,NO,NO,2026-10-09T00:05:31Z
2021-01-09T22:00:00Z,2021-01-09T23:00,2021-01-09T23:15,93,123.66,42.6,123.66,42.6,2,UP_AND_DOWN,NO,NO,2026-10-09T00:05:31Z
2021-01-09T22:15:00Z,2021-01-09T23:15,2021-01-09T23:30,94,58.45,58.45,58.45,,1,UP,NO,NO,2026-10-09T00:05:31Z
2021-01-09T22:30:00Z,2021-01-09T23:30,2021-01-09T23:45,95,79.07,79.07,79.07,,1,UP,NO,NO,2026-10-09T00:05:31Z
2021-01-09T22:45:00Z,2021-01-09T23:45,2021-01-10T00:00,96,37.07,37.07,79.07,37.07,-1,DOWN,NO,NO,2026-10-09T00:05:31Z
2021-01-09T23:00:00Z,2021-01-10T00:00,2021-01-10T00:15,1,82.56,32.13,82.56,32.13,2,UP_AND_DOWN,NO,NO,2026-10-09T00:05:31Z
2021-01-09T23:15:00Z,2021-01-10T00:15,2021-01-10T00:30,2,283.52,283.52,283.52,,1,UP,NO,NO,2026-10-09T00:05:31Z
2021-01-09T23:30:00Z,2021-01-10T00:30,2021-01-10T00:45,3,46.48,46.48,45.95,47,2,UP_AND_DOWN,NO,NO,2026-10-09T00:05:31Z
2021-01-09T23:45:00Z,2021-01-10T00:45,2021-01-10T01:00,4,91.1,91.1,91.1,,1,UP,NO,NO,2026-10-09T00:05:31Z
2021-01-10T00:00:00Z,2021-01-10T01:00,2021-01-10T01:15,5,68.29,68.29,68.29,,1,UP,NO,NO,2026-10-09T00:05:31Z
2021-01-10T00:15:00Z,2021-01-10T01:15,2021-01-10T01:30,6,110.77,110.77,110.77,,1,UP,NO,NO,2026-10-09T00:05:31Z
2021-01-10T00:30:00Z,2021-01-10T01:30,2021-01-10T01:45,7,41.23,41.23,110.77,41.23,-1,DOWN,NO,NO,2026-10-09T00:05:31Z
2021-01-10T00:45:00Z,2021-01-10T01:45,2021-01-10T02:00,8,41.43,41.43,,41.43,-1,DOWN,NO,NO,2026-10-09T00:05:31Z
2021-01-10T01:00:00Z,2021-01-10T02:00,2021-01-10T02:15,9,51.59,51.59,51.59,41.43,1,UP,NO,NO,2026-10-09T00:05:31Z
2021-01-10T01:15:00Z,2021-01-10T02:15,2021-01-10T02:30,10,46.42,46.42,46.42,,1,UP,NO,NO,2026-10-09T00:05:31Z
2021-01-10T01:30:00Z,2021-01-10T02:30,2021-01-10T02:45,11,40.47,40.47,,,0,STABLE,NO,NO,2026-10-09T00:05:31Z
2021-01-10T01:45:00Z,2021-01-10T02:45,2021-01-10T03:00,12,40.49,40.49,,,0,STABLE,NO,NO,2026-10-09T00:05:31Z
2021-01-10T02:00:00Z,2021-01-10T03:00,2021-01-10T03:15,13,37.95,37.95,,,0,STABLE,NO,NO,2026-10-09T00:05:31Z
2021-01-10T02:15:00Z,2021-01-10T03:15,2021-01-10T03:30,14,40.46,40.46,,,0,STABLE,NO,NO,2026-10-09T00:05:31Z
2021-01-10T02:30:00Z,2021-01-10T03:30,2021-01-10T03:45,15,45.73,45.73,45.73,,1,UP,NO,NO,2026-10-09T00:05:31Z
2021-01-10T02:45:00Z,2021-01-10T03:45,2021-01-10T04:00,16,45.64,45.64,45.64,,1,UP,NO,NO,2026-10-09T00:05:31Z
2021-01-10T03:00:00Z,2021-01-10T04:00,2021-01-10T04:15,17,53.17,53.17,53.17,,1,UP,NO,NO,2026-10-09T00:05:31Z
2021-01-10T03:15:00Z,2021-01-10T04:15,2021-01-10T04:30,18,52.29,52.29,52.29,,1,UP,NO,NO,2026-10-09T00:05:31Z
2021-01-10T03:30:00Z,2021-01-10T04:30,2021-01-10T04:45,19,56.26,56.26,56.26,,1,UP,NO,NO,2026-10-09T00:05:31Z
2021-01-10T03:45:00Z,2021-01-10T04:45,2021-01-10T05:00,20,49,49,49,,1,UP,NO,NO,2026-10-09T00:05:31Z
2021-01-10T04:00:00Z,2021-01-10T05:00,2021-01-10T05:15,21,51.55,51.55,51.55,,1,UP,NO,NO,2026-10-09T00:05:31Z
2021-01-10T04:15:00Z,2021-01-10T05:15,2021-01-10T05:30,22,51.1,51.1,51.1,,1,UP,NO,NO,2026-10-09T00:05:31Z
2021-01-10T04:30:00Z,2021-01-10T05:30,2021-01-10T05:45,23,52.05,52.05,52.05,,1,UP,NO,NO,2026-10-09T00:05:31Z
2021-01-10T04:45:00Z,2021-01-10T05:45,2021-01-10T06:00,24,61.69,61.69,61.69,,1,UP,NO,NO,2026-10-09T00:05:31Z
2021-01-10T05:00:00Z,2021-01-10T06:00,2021-01-10T06:15,25,50.56,43.38,50.56,43.38,2,UP_AND_DOWN,NO,NO,2026-10-09T00:05:31Z
2021-01-10T05:15:00Z,2021-01-10T06:15,2021-01-10T06:30,26,39.61,39.61,,39.61,-1,DOWN,NO,NO,2026-10-09T00:05:31Z
2021-01-10T05:30:00Z,2021-01-10T06:30,2021-01-10T06:45,27,40.31,40.31,,40.31,-1,DOWN,NO,NO,2026-10-09T00:05:31Z
2021-01-10T05:45:00Z,2021-01-10T06:45,2021-01-10T07:00,28,66.67,66.67,66.67,40.31,1,UP,NO,NO,2026-10-09T00:05:31Z
2021-01-10T06:00:00Z,2021-01-10T07:00,2021-01-10T07:15,29,167.69,44.94,167.69,44.94,2,UP_AND_DOWN,NO,NO,2026-10-09T00:05:31Z
2021-01-10T06:15:00Z,2021-01-10T07:15,2021-01-10T07:30,30,34.45,34.45,167.69,34.45,-1,DOWN,NO,NO,2026-10-09T00:05:31Z
2021-01-10T06:30:00Z,2021-01-10T07:30,2021-01-10T07:45,31,47.92,42.86,47.92,42.86,2,UP_AND_DOWN,NO,NO,2026-10-09T00:05:31Z
2021-01-10T06:45:00Z,2021-01-10T07:45,2021-01-10T08:00,32,45.75,40.96,45.75,40.96,2,UP_AND_DOWN,NO,NO,2026-10-09T00:05:31Z
2021-01-10T07:00:00Z,2021-01-10T08:00,2021-01-10T08:15,33,47.61,40.96,47.61,40.96,2,UP_AND_DOWN,NO,NO,2026-10-09T00:05:31Z
2021-01-10T07:15:00Z,2021-01-10T08:15,2021-01-10T08:30,34,40.11,40.11,,40.11,-1,DOWN,NO,NO,2026-10-09T00:05:31Z
2021-01-10T07:30:00Z,2021-01-10T08:30,2021-01-10T08:45,35,36.13,36.13,,36.13,-1,DOWN,NO,NO,2026-10-09T00:05:31Z
2021-01-10T07:45:00Z,2021-01-10T08:45,2021-01-10T09:00,36,46.71,37.12,46.71,43.24,2,UP_AND_DOWN,NO,NO,2026-10-09T00:05:31Z
2021-01-10T08:00:00Z,2021-01-10T09:00,2021-01-10T09:15,37,27.35,27.35,46.71,27.35,-1,DOWN,NO,NO,2026-10-09T00:05:31Z
2021-01-10T08:15:00Z,2021-01-10T09:15,2021-01-10T09:30,38,32.18,32.18,,32.18,-1,DOWN,NO,NO,2026-10-09T00:05:31Z
2021-01-10T08:30:00Z,2021-01-10T09:30,2021-01-10T09:45,39,47.57,47.57,47.57,32.18,1,UP,NO,NO,2026-10-09T00:05:31Z
2021-01-10T08:45:00Z,2021-01-10T09:45,2021-01-10T10:00,40,45.87,45.87,45.87,,1,UP,NO,NO,2026-10-09T00:05:31Z
2021-01-10T09:00:00Z,2021-01-10T10:00,2021-01-10T10:15,41,7.2,7.2,,7.2,-1,DOWN,NO,NO,2026-10-09T00:05:31Z
2021-01-10T09:15:00Z,2021-01-10T10:15,2021-01-10T10:30,42,7.2,7.2,,7.2,-1,DOWN,NO,NO,2026-10-09T00:05:31Z
2021-01-10T09:30:00Z,2021-01-10T10:30,2021-01-10T10:45,43,5.99,5.99,,5.99,-1,DOWN,NO,NO,2026-10-09T00:05:31Z
2021-01-10T09:45:00Z,2021-01-10T10:45,2021-01-10T11:00,44,-22.68,-22.68,,-22.68,-1,DOWN,NO,NO,2026-10-09T00:05:31Z
2021-01-10T10:00:00Z,2021-01-10T11:00,2021-01-10T11:15,45,10.43,10.43,,10.43,-1,DOWN,NO,NO,2026-10-09T00:05:31Z
2021-01-10T10:15:00Z,2021-01-10T11:15,2021-01-10T11:30,46,18.49,18.49,,18.49,-1,DOWN,NO,NO,2026-10-09T00:05:31Z
2021-01-10T10:30:00Z,2021-01-10T11:30,2021-01-10T11:45,47,31.56,31.56,,31.56,-1,DOWN,NO,NO,2026-10-09T00:05:31Z
2021-01-10T10:45:00Z,2021-01-10T11:45,2021-01-10T12:00,48,8.1,8.1,,8.1,-1,DOWN,NO,NO,2026-10-09T00:05:31Z
2021-01-10T11:00:00Z,2021-01-10T12:00,2021-01-10T12:15,49,22.52,22.52,,22.52,-1,DOWN,NO,NO,2026-10-09T00:05:31Z
2021-01-10T11:15:00Z,2021-01-10T12:15,2021-01-10T12:30,50,-18.7,-18.7,,-18.7,-1,DOWN,NO,NO,2026-10-09T00:05:31Z
2021-01-10T11:30:00Z,2021-01-10T12:30,2021-01-10T12:45,51,-13.86,-13.86,,-13.86,-1,DOWN,NO,NO,2026-10-09T00:05:31Z
2021-01-10T11:45:00Z,2021-01-10T12:45,2021-01-10T13:00,52,10,10,,10,-1,DOWN,NO,NO,2026-10-09T00:05:31Z
2021-01-10T12:00:00Z,2021-01-10T13:00,2021-01-10T13:15,53,10,10,,10,-1,DOWN,NO,NO,2026-10-09T00:05:31Z
2021-01-10T12:15:00Z,2021-01-10T13:15,2021-01-10T13:30,54,-41.63,-41.63,,-41.63,-1,DOWN,NO,NO,2026-10-09T00:05:31Z
2021-01-10T12:30:00Z,2021-01-10T13:30,2021-01-10T13:45,55,2,2,,2,-1,DOWN,NO,NO,2026-10-09T00:05:31Z
2021-01-10T12:45:00Z,2021-01-10T13:45,2021-01-10T14:00,56,7.81,7.81,,7.81,-1,DOWN,NO,NO,2026-10-09T00:05:31Z
2021-01-10T13:00:00Z,2021-01-10T14:00,2021-01-10T14:15,57,19.57,19.57,,19.57,-1,DOWN,NO,NO,2026-10-09T00:05:31Z
2021-01-10T13:15:00Z,2021-01-10T14:15,2021-01-10T14:30,58,29.11,29.11,,29.11,-1,DOWN,NO,NO,2026-10-09T00:05:31Z
2021-01-10T13:30:00Z,2021-01-10T14:30,2021-01-10T14:45,59,48.22,48.22,48.22,29.11,1,UP,NO,NO,2026-10-09T00:05:31Z
2021-01-10T13:45:00Z,2021-01-10T14:45,2021-01-10T15:00,60,44.61,44.61,,,0,STABLE,NO,NO,2026-10-09T00:05:31Z
2021-01-10T14:00:00Z,2021-01-10T15:00,2021-01-10T15:15,61,37.11,37.11,,37.11,-1,DOWN,NO,NO,2026-10-09T00:05:31Z
2021-01-10T14:15:00Z,2021-01-10T15:15,2021-01-10T15:30,62,47.26,47.26,,,0,STABLE,NO,NO,2026-10-09T00:05:31Z
2021-01-10T14:30:00Z,2021-01-10T15:30,2021-01-10T15:45,63,47.19,47.19,,,0,STABLE,NO,NO,2026-10-09T00:05:31Z
2021-01-10T14:45:00Z,2021-01-10T15:45,2021-01-10T16:00,64,37.11,37.11,,37.11,-1,DOWN,NO,NO,2026-10-09T00:05:31Z
2021-01-10T15:00:00Z,2021-01-10T16:00,2021-01-10T16:15,65,-30.29,-30.29,,-30.29,-1,DOWN,NO,NO,2026-10-09T00:05:31Z
2021-01-10T15:15:00Z,2021-01-10T16:15,2021-01-10T16:30,66,22.11,22.11,,22.11,-1,DOWN,NO,NO,2026-10-09T00:05:31Z
2021-01-10T15:30:00Z,2021-01-10T16:30,2021-01-10T16:45,67,26.55,26.55,,26.55,-1,DOWN,NO,NO,2026-10-09T00:05:31Z
2021-01-10T15:45:00Z,2021-01-10T16:45,2021-01-10T17:00,68,47.37,47.37,,,0,STABLE,NO,NO,2026-10-09T00:05:31Z
2021-01-10T16:00:00Z,2021-01-10T17:00,2021-01-10T17:15,69,5.93,5.93,,5.93,-1,DOWN,NO,NO,2026-10-09T00:05:31Z
2021-01-10T16:15:00Z,2021-01-10T17:15,2021-01-10T17:30,70,60.56,60.56,60.56,41.15,1,UP,NO,NO,2026-10-09T00:05:31Z
2021-01-10T16:30:00Z,2021-01-10T17:30,2021-01-10T17:45,71,59.5,59.5,59.5,,1,UP,NO,NO,2026-10-09T00:05:31Z
2021-01-10T16:45:00Z,2021-01-10T17:45,2021-01-10T18:00,72,401.05,401.05,401.05,,1,UP,NO,NO,2026-10-09T00:05:31Z
2021-01-10T17:00:00Z,2021-01-10T18:00,2021-01-10T18:15,73,41.61,41.61,401.05,41.61,-1,DOWN,NO,NO,2026-10-09T00:05:31Z
2021-01-10T17:15:00Z,2021-01-10T18:15,2021-01-10T18:30,74,36.81,36.81,,36.81,-1,DOWN,NO,NO,2026-10-09T00:05:31Z
2021-01-10T17:30:00Z,2021-01-10T18:30,2021-01-10T18:45,75,20.98,20.98,,20.98,-1,DOWN,NO,NO,2026-10-09T00:05:31Z
2021-01-10T17:45:00Z,2021-01-10T18:45,2021-01-10T19:00,76,31.63,31.63,,31.63,-1,DOWN,NO,NO,2026-10-09T00:05:31Z
2021-01-10T18:00:00Z,2021-01-10T19:00,2021-01-10T19:15,77,31.63,31.63,,31.63,-1,DOWN,NO,NO,2026-10-09T00:05:31Z
2021-01-10T18:15:00Z,2021-01-10T19:15,2021-01-10T19:30,78,35.83,35.83,,35.83,-1,DOWN,NO,NO,2026-10-09T00:05:31Z
2021-01-10T18:30:00Z,2021-01-10T19:30,2021-01-10T19:45,79,35.83,35.83,,35.83,-1,DOWN,NO,NO,2026-10-09T00:05:31Z
2021-01-10T18:45:00Z,2021-01-10T19:45,2021-01-10T20:00,80,34.11,34.11,,34.11,-1,DOWN,NO,NO,2026-10-09T00:05:31Z
2021-01-10T19:00:00Z,2021-01-10T20:00,2021-01-10T20:15,81,50.73,36.49,50.73,36.49,2,UP_AND_DOWN,NO,NO,2026-10-09T00:05:31Z
2021-01-10T19:15:00Z,2021-01-10T20:15,2021-01-10T20:30,82,39.5,39.5,,39.5,-1,DOWN,NO,NO,2026-10-09T00:05:31Z
2021-01-10T19:30:00Z,2021-01-10T20:30,2021-01-10T20:45,83,29.11,29.11,,29.11,-1,DOWN,NO,NO,2026-10-09T00:05:31Z
2021-01-10T19:45:00Z,2021-01-10T20:45,2021-01-10T21:00,84,8.05,8.05,,8.05,-1,DOWN,NO,NO,2026-10-09T00:05:31Z
2021-01-10T20:00:00Z,2021-01-10T21:00,2021-01-10T21:15,85,68.23,21.94,68.23,21.94,2,UP_AND_DOWN,NO,NO,2026-10-09T00:05:31Z
2021-01-10T20:15:00Z,2021-01-10T21:15,2021-01-10T21:30,86,39.3,39.3,68.23,39.3,-1,DOWN,NO,NO,2026-10-09T00:05:31Z
2021-01-10T20:30:00Z,2021-01-10T21:30,2021-01-10T21:45,87,21.94,21.94,,21.94,-1,DOWN,NO,NO,2026-10-09T00:05:31Z
2021-01-10T20:45:00Z,2021-01-10T21:45,2021-01-10T22:00,88,21.94,21.94,,21.94,-1,DOWN,NO,NO,2026-10-09T00:05:31Z
2021-01-10T21:00:00Z,2021-01-10T22:00,2021-01-10T22:15,89,30.71,30.71,,30.71,-1,DOWN,NO,NO,2026-10-09T00:05:31Z
2021-01-10T21:15:00Z,2021-01-10T22:15,2021-01-10T22:30,90,38.83,38.83,,38.83,-1,DOWN,NO,NO,2026-10-09T00:05:31Z
2021-01-10T21:30:00Z,2021-01-10T22:30,2021-01-10T22:45,91,34.11,34.11,,34.11,-1,DOWN,NO,NO,2026-10-09T00:05:31Z
2021-01-10T21:45:00Z,2021-01-10T22:45,2021-01-10T23:00,92,23.04,23.04,,23.04,-1,DOWN,NO,NO,2026-10-09T00:05:31Z
2021-01-10T22:00:00Z,2021-01-10T23:00,2021-01-10T23:15,93,61.42,32.85,61.42,32.85,2,UP_AND_DOWN,NO,NO,2026-10-09T00:05:31Z
2021-01-10T22:15:00Z,2021-01-10T23:15,2021-01-10T23:30,94,54.22,54.22,54.22,,1,UP,NO,NO,2026-10-09T00:05:31Z
2021-01-10T22:30:00Z,2021-01-10T23:30,2021-01-10T23:45,95,40.33,37.11,38.54,37.11,2,UP_AND_DOWN,NO,NO,2026-10-09T00:05:31Z
2021-01-10T22:45:00Z,2021-01-10T23:45,2021-01-11T00:00,96,32.14,32.14,,32.14,-1,DOWN,NO,NO,2026-10-09T00:05:31Z
2021-01-10T23:00:00Z,2021-01-11T00:00,2021-01-11T00:15,1,-54.83,-54.83,,-54.83,-1,DOWN,NO,NO,2026-10-09T00:05:31Z
2021-01-10T23:15:00Z,2021-01-11T00:15,2021-01-11T00:30,2,-88.92,-88.92,,-88.92,-1,DOWN,NO,NO,2026-10-09T00:05:31Z
2021-01-10T23:30:00Z,2021-01-11T00:30,2021-01-11T00:45,3,-122.25,-122.25,,-122.25,-1,DOWN,NO,NO,2026-10-09T00:05:31Z
2021-01-10T23:45:00Z,2021-01-11T00:45,2021-01-11T01:00,4,-51.47,-51.47,,-51.47,-1,DOWN,NO,NO,2026-10-09T00:05:31Z
2021-01-11T00:00:00Z,2021-01-11T01:00,2021-01-11T01:15,5,55.38,55.38,55.38,27.09,1,UP,NO,NO,2026-10-09T00:05:31Z
2021-01-11T00:15:00Z,2021-01-11T01:15,2021-01-11T01:30,6,57.46,13.17,57.46,13.17,2,UP_AND_DOWN,NO,NO,2026-10-09T00:05:31Z
2021-01-11T00:30:00Z,2021-01-11T01:30,2021-01-11T01:45,7,21.1,21.1,,21.1,-1,DOWN,NO,NO,2026-10-09T00:05:31Z
2021-01-11T00:45:00Z,2021-01-11T01:45,2021-01-11T02:00,8,-23.61,-23.61,,-23.61,-1,DOWN,NO,NO,2026-10-09T00:05:31Z
2021-01-11T01:00:00Z,2021-01-11T02:00,2021-01-11T02:15,9,60.02,60.02,60.02,-23.61,1,UP,NO,NO,2026-10-09T00:05:31Z
2021-01-11T01:15:00Z,2021-01-11T02:15,2021-01-11T02:30,10,37.11,37.11,,37.11,-1,DOWN,NO,NO,2026-10-09T00:05:31Z
2021-01-11T01:30:00Z,2021-01-11T02:30,2021-01-11T02:45,11,34.11,34.11,,34.11,-1,DOWN,NO,NO,2026-10-09T00:05:31Z
2021-01-11T01:45:00Z,2021-01-11T02:45,2021-01-11T03:00,12,32.18,32.18,,32.18,-1,DOWN,NO,NO,2026-10-09T00:05:31Z
2021-01-11T02:00:00Z,2021-01-11T03:00,2021-01-11T03:15,13,96.29,37.56,96.29,39.74,2,UP_AND_DOWN,NO,NO,2026-10-09T00:05:31Z
2021-01-11T02:15:00Z,2021-01-11T03:15,2021-01-11T03:30,14,42.5,26.99,42.5,26.99,2,UP_AND_DOWN,NO,NO,2026-10-09T00:05:31Z
2021-01-11T02:30:00Z,2021-01-11T03:30,2021-01-11T03:45,15,29.11,29.11,,29.11,-1,DOWN,NO,NO,2026-10-09T00:05:31Z
2021-01-11T02:45:00Z,2021-01-11T03:45,2021-01-11T04:00,16,32.2,32.2,,32.2,-1,DOWN,NO,NO,2026-10-09T00:05:31Z
2021-01-11T03:00:00Z,2021-01-11T04:00,2021-01-11T04:15,17,53.39,53.39,53.39,32.2,1,UP,NO,NO,2026-10-09T00:05:31Z
2021-01-11T03:15:00Z,2021-01-11T04:15,2021-01-11T04:30,18,45.39,45.39,53.39,45.39,-1,DOWN,NO,NO,2026-10-09T00:05:31Z
2021-01-11T03:30:00Z,2021-01-11T04:30,2021-01-11T04:45,19,65.89,65.89,65.89,,1,UP,NO,NO,2026-10-09T00:05:31Z
2021-01-11T03:45:00Z,2021-01-11T04:45,2021-01-11T05:00,20,53.39,53.39,53.39,,1,UP,NO,NO,2026-10-09T00:05:31Z
2021-01-11T04:00:00Z,2021-01-11T05:00,2021-01-11T05:15,21,65.89,65.89,65.89,,1,UP,NO,NO,2026-10-09T00:05:31Z
2021-01-11T04:15:00Z,2021-01-11T05:15,2021-01-11T05:30,22,53.39,53.39,53.39,,1,UP,NO,NO,2026-10-09T00:05:31Z
2021-01-11T04:30:00Z,2021-01-11T05:30,2021-01-11T05:45,23,42.46,42.46,42.46,,1,UP,NO,NO,2026-10-09T00:05:31Z
2021-01-11T04:45:00Z,2021-01-11T05:45,2021-01-11T06:00,24,52.71,52.71,52.71,,1,UP,NO,NO,2026-10-09T00:05:31Z
2021-01-11T05:00:00Z,2021-01-11T06:00,2021-01-11T06:15,25,47.22,47.22,47.22,,1,UP,NO,NO,2026-10-09T00:05:31Z
2021-01-11T05:15:00Z,2021-01-11T06:15,2021-01-11T06:30,26,65.89,65.89,65.89,,1,UP,NO,NO,2026-10-09T00:05:31Z
2021-01-11T05:30:00Z,2021-01-11T06:30,2021-01-11T06:45,27,75.89,75.89,75.89,,1,UP,NO,NO,2026-10-09T00:05:31Z
2021-01-11T05:45:00Z,2021-01-11T06:45,2021-01-11T07:00,28,50.93,50.93,50.93,,1,UP,NO,NO,2026-10-09T00:05:31Z
2021-01-11T06:00:00Z,2021-01-11T07:00,2021-01-11T07:15,29,51.91,44.74,51.91,44.74,2,UP_AND_DOWN,NO,NO,2026-10-09T00:05:31Z
2021-01-11T06:15:00Z,2021-01-11T07:15,2021-01-11T07:30,30,23.91,23.91,,23.91,-1,DOWN,NO,NO,2026-10-09T00:05:31Z
2021-01-11T06:30:00Z,2021-01-11T07:30,2021-01-11T07:45,31,173.08,173.08,173.08,40.99,1,UP,NO,NO,2026-10-09T00:05:31Z
2021-01-11T06:45:00Z,2021-01-11T07:45,2021-01-11T08:00,32,736.02,736.02,736.02,40.99,1,UP,NO,NO,2026-10-09T00:05:31Z
2021-01-11T07:00:00Z,2021-01-11T08:00,2021-01-11T08:15,33,-13.02,-13.02,736.02,-13.02,-1,DOWN,NO,NO,2026-10-09T00:05:31Z
2021-01-11T07:15:00Z,2021-01-11T08:15,2021-01-11T08:30,34,41.8,41.8,,41.8,-1,DOWN,NO,NO,2026-10-09T00:05:31Z
2021-01-11T07:30:00Z,2021-01-11T08:30,2021-01-11T08:45,35,60.58,60.58,60.58,41.8,1,UP,NO,NO,2026-10-09T00:05:31Z
2021-01-11T07:45:00Z,2021-01-11T08:45,2021-01-11T09:00,36,210.58,210.58,210.58,,1,UP,NO,NO,2026-10-09T00:05:31Z
2021-01-11T08:00:00Z,2021-01-11T09:00,2021-01-11T09:15,37,126.3,126.3,126.3,,1,UP,NO,NO,2026-10-09T00:05:31Z
2021-01-11T08:15:00Z,2021-01-11T09:15,2021-01-11T09:30,38,62,62,62,,1,UP,NO,NO,2026-10-09T00:05:31Z
2021-01-11T08:30:00Z,2021-01-11T09:30,2021-01-11T09:45,39,45.49,45.49,62,45.49,-1,DOWN,NO,NO,2026-10-09T00:05:31Z
2021-01-11T08:45:00Z,2021-01-11T09:45,2021-01-11T10:00,40,43.24,43.24,,43.24,-1,DOWN,NO,NO,2026-10-09T00:05:31Z
2021-01-11T09:00:00Z,2021-01-11T10:00,2021-01-11T10:15,41,274.7,43.73,274.7,48.46,2,UP_AND_DOWN,NO,NO,2026-10-09T00:05:31Z
2021-01-11T09:15:00Z,2021-01-11T10:15,2021-01-11T10:30,42,210.58,210.58,210.58,,1,UP,NO,NO,2026-10-09T00:05:31Z
2021-01-11T09:30:00Z,2021-01-11T10:30,2021-01-11T10:45,43,336.47,336.47,336.47,,1,UP,NO,NO,2026-10-09T00:05:31Z
2021-01-11T09:45:00Z,2021-01-11T10:45,2021-01-11T11:00,44,55.58,39.73,55.58,41.88,2,UP_AND_DOWN,NO,NO,2026-10-09T00:05:31Z
2021-01-11T10:00:00Z,2021-01-11T11:00,2021-01-11T11:15,45,283.52,283.52,283.52,,1,UP,NO,NO,2026-10-09T00:05:31Z
2021-01-11T10:15:00Z,2021-01-11T11:15,2021-01-11T11:30,46,90.66,90.66,90.66,,1,UP,NO,NO,2026-10-09T00:05:31Z
2021-01-11T10:30:00Z,2021-01-11T11:30,2021-01-11T11:45,47,67.96,67.96,67.96,,1,UP,NO,NO,2026-10-09T00:05:31Z
2021-01-11T10:45:00Z,2021-01-11T11:45,2021-01-11T12:00,48,33.72,33.72,58.37,33.72,-1,DOWN,NO,NO,2026-10-09T00:05:31Z
2021-01-11T11:00:00Z,2021-01-11T12:00,2021-01-11T12:15,49,14,14,,14,-1,DOWN,NO,NO,2026-10-09T00:05:31Z
2021-01-11T11:15:00Z,2021-01-11T12:15,2021-01-11T12:30,50,6.37,6.37,,6.37,-1,DOWN,NO,NO,2026-10-09T00:05:31Z
2021-01-11T11:30:00Z,2021-01-11T12:30,2021-01-11T12:45,51,31.24,31.24,,31.24,-1,DOWN,NO,NO,2026-10-09T00:05:31Z
2021-01-11T11:45:00Z,2021-01-11T12:45,2021-01-11T13:00,52,22.18,22.18,,22.18,-1,DOWN,NO,NO,2026-10-09T00:05:31Z
2021-01-11T12:00:00Z,2021-01-11T13:00,2021-01-11T13:15,53,68.51,32.18,68.51,32.18,2,UP_AND_DOWN,NO,NO,2026-10-09T00:05:31Z
2021-01-11T12:15:00Z,2021-01-11T13:15,2021-01-11T13:30,54,48.41,48.41,68.51,48.41,-1,DOWN,NO,NO,2026-10-09T00:05:31Z
2021-01-11T12:30:00Z,2021-01-11T13:30,2021-01-11T13:45,55,48.41,48.41,,48.41,-1,DOWN,NO,NO,2026-10-09T00:05:31Z
2021-01-11T12:45:00Z,2021-01-11T13:45,2021-01-11T14:00,56,58.39,40.94,58.39,40.94,2,UP_AND_DOWN,NO,NO,2026-10-09T00:05:31Z
2021-01-11T13:00:00Z,2021-01-11T14:00,2021-01-11T14:15,57,34.04,34.04,,34.04,-1,DOWN,NO,NO,2026-10-09T00:05:31Z
2021-01-11T13:15:00Z,2021-01-11T14:15,2021-01-11T14:30,58,48.4,48.4,,48.4,-1,DOWN,NO,NO,2026-10-09T00:05:31Z
2021-01-11T13:30:00Z,2021-01-11T14:30,2021-01-11T14:45,59,34.13,34.13,,34.13,-1,DOWN,NO,NO,2026-10-09T00:05:31Z
2021-01-11T13:45:00Z,2021-01-11T14:45,2021-01-11T15:00,60,38.71,38.71,,38.71,-1,DOWN,NO,NO,2026-10-09T00:05:31Z
2021-01-11T14:00:00Z,2021-01-11T15:00,2021-01-11T15:15,61,29.69,29.69,,29.69,-1,DOWN,NO,NO,2026-10-09T00:05:31Z
2021-01-11T14:15:00Z,2021-01-11T15:15,2021-01-11T15:30,62,34.13,34.13,,34.13,-1,DOWN,NO,NO,2026-10-09T00:05:31Z
2021-01-11T14:30:00Z,2021-01-11T15:30,2021-01-11T15:45,63,29.69,29.69,,29.69,-1,DOWN,NO,NO,2026-10-09T00:05:31Z
2021-01-11T14:45:00Z,2021-01-11T15:45,2021-01-11T16:00,64,37.41,37.41,,37.41,-1,DOWN,NO,NO,2026-10-09T00:05:31Z
2021-01-11T15:00:00Z,2021-01-11T16:00,2021-01-11T16:15,65,30.63,30.63,,30.63,-1,DOWN,NO,NO,2026-10-09T00:05:31Z
2021-01-11T15:15:00Z,2021-01-11T16:15,2021-01-11T16:30,66,20.9,20.9,,20.9,-1,DOWN,NO,NO,2026-10-09T00:05:31Z
2021-01-11T15:30:00Z,2021-01-11T16:30,2021-01-11T16:45,67,34.24,34.24,,34.24,-1,DOWN,NO,NO,2026-10-09T00:05:31Z
2021-01-11T15:45:00Z,2021-01-11T16:45,2021-01-11T17:00,68,38.64,38.64,,38.64,-1,DOWN,NO,NO,2026-10-09T00:05:31Z
2021-01-11T16:00:00Z,2021-01-11T17:00,2021-01-11T17:15,69,22.13,22.13,,22.13,-1,DOWN,NO,NO,2026-10-09T00:05:31Z
2021-01-11T16:15:00Z,2021-01-11T17:15,2021-01-11T17:30,70,210.58,42.93,210.58,42.93,2,UP_AND_DOWN,NO,NO,2026-10-09T00:05:31Z
2021-01-11T16:30:00Z,2021-01-11T17:30,2021-01-11T17:45,71,17.97,17.97,210.58,17.97,-1,DOWN,NO,NO,2026-10-09T00:05:31Z
2021-01-11T16:45:00Z,2021-01-11T17:45,2021-01-11T18:00,72,-7.77,-7.77,,-7.77,-1,DOWN,NO,NO,2026-10-09T00:05:31Z
2021-01-11T17:00:00Z,2021-01-11T18:00,2021-01-11T18:15,73,164.21,-65.65,164.21,-65.65,2,UP_AND_DOWN,NO,NO,2026-10-09T00:05:31Z
2021-01-11T17:15:00Z,2021-01-11T18:15,2021-01-11T18:30,74,25.66,25.66,214.78,25.66,-1,DOWN,NO,NO,2026-10-09T00:05:31Z
2021-01-11T17:30:00Z,2021-01-11T18:30,2021-01-11T18:45,75,.9,.9,,.9,-1,DOWN,NO,NO,2026-10-09T00:05:31Z
2021-01-11T17:45:00Z,2021-01-11T18:45,2021-01-11T19:00,76,15,15,,15,-1,DOWN,NO,NO,2026-10-09T00:05:31Z
2021-01-11T18:00:00Z,2021-01-11T19:00,2021-01-11T19:15,77,53.59,.5,53.59,.5,2,UP_AND_DOWN,NO,NO,2026-10-09T00:05:31Z
2021-01-11T18:15:00Z,2021-01-11T19:15,2021-01-11T19:30,78,63.38,-38.74,63.38,-38.74,2,UP_AND_DOWN,NO,NO,2026-10-09T00:05:31Z
2021-01-11T18:30:00Z,2021-01-11T19:30,2021-01-11T19:45,79,-35.06,-35.06,,-35.06,-1,DOWN,NO,NO,2026-10-09T00:05:31Z
2021-01-11T18:45:00Z,2021-01-11T19:45,2021-01-11T20:00,80,28.89,28.89,,28.89,-1,DOWN,NO,NO,2026-10-09T00:05:31Z
2021-01-11T19:00:00Z,2021-01-11T20:00,2021-01-11T20:15,81,13.34,13.34,,13.34,-1,DOWN,NO,NO,2026-10-09T00:05:31Z
2021-01-11T19:15:00Z,2021-01-11T20:15,2021-01-11T20:30,82,-11.21,-11.21,,-11.21,-1,DOWN,NO,NO,2026-10-09T00:05:31Z
2021-01-11T19:30:00Z,2021-01-11T20:30,2021-01-11T20:45,83,-25.06,-25.06,,-25.06,-1,DOWN,NO,NO,2026-10-09T00:05:31Z
2021-01-11T19:45:00Z,2021-01-11T20:45,2021-01-11T21:00,84,-8.92,-8.92,,-8.92,-1,DOWN,NO,NO,2026-10-09T00:05:31Z
2021-01-11T20:00:00Z,2021-01-11T21:00,2021-01-11T21:15,85,235.1,235.1,235.1,-8.92,1,UP,NO,NO,2026-10-09T00:05:31Z
2021-01-11T20:15:00Z,2021-01-11T21:15,2021-01-11T21:30,86,55.47,55.47,55.47,,1,UP,NO,NO,2026-10-09T00:05:31Z
2021-01-11T20:30:00Z,2021-01-11T21:30,2021-01-11T21:45,87,32.72,32.72,46.42,32.72,-1,DOWN,NO,NO,2026-10-09T00:05:31Z
2021-01-11T20:45:00Z,2021-01-11T21:45,2021-01-11T22:00,88,29.13,29.13,,29.13,-1,DOWN,NO,NO,2026-10-09T00:05:31Z
2021-01-11T21:00:00Z,2021-01-11T22:00,2021-01-11T22:15,89,17.2,17.2,,17.2,-1,DOWN,NO,NO,2026-10-09T00:05:31Z
2021-01-11T21:15:00Z,2021-01-11T22:15,2021-01-11T22:30,90,15,15,,15,-1,DOWN,NO,NO,2026-10-09T00:05:31Z
2021-01-11T21:30:00Z,2021-01-11T22:30,2021-01-11T22:45,91,-23.88,-23.88,,-23.88,-1,DOWN,NO,NO,2026-10-09T00:05:31Z
2021-01-11T21:45:00Z,2021-01-11T22:45,2021-01-11T23:00,92,-81.79,-81.79,,-81.79,-1,DOWN,NO,NO,2026-10-09T00:05:31Z
2021-01-11T22:00:00Z,2021-01-11T23:00,2021-01-11T23:15,93,76.46,-8.73,76.46,-8.73,2,UP_AND_DOWN,NO,NO,2026-10-09T00:05:31Z
2021-01-11T22:15:00Z,2021-01-11T23:15,2021-01-11T23:30,94,-41.44,-41.44,76.46,-41.44,-1,DOWN,NO,NO,2026-10-09T00:05:31Z
2021-01-11T22:30:00Z,2021-01-11T23:30,2021-01-11T23:45,95,-23.52,-23.52,,-23.52,-1,DOWN,NO,NO,2026-10-09T00:05:31Z
2021-01-11T22:45:00Z,2021-01-11T23:45,2021-01-12T00:00,96,-68.86,-68.86,,-68.86,-1,DOWN,NO,NO,2026-10-09T00:05:31Z
2021-01-11T23:00:00Z,2021-01-12T00:00,2021-01-12T00:15,1,92.13,-13.62,92.13,-13.62,2,UP_AND_DOWN,NO,NO,2026-10-09T00:05:31Z
2021-01-11T23:15:00Z,2021-01-12T00:15,2021-01-12T00:30,2,157.88,157.88,157.88,-13.62,1,UP,NO,NO,2026-10-09T00:05:31Z
2021-01-11T23:30:00Z,2021-01-12T00:30,2021-01-12T00:45,3,44.69,44.69,44.69,,1,UP,NO,NO,2026-10-09T00:05:31Z
2021-01-11T23:45:00Z,2021-01-12T00:45,2021-01-12T01:00,4,-12.56,-12.56,44.69,-12.56,-1,DOWN,NO,NO,2026-10-09T00:05:31Z
2021-01-12T00:00:00Z,2021-01-12T01:00,2021-01-12T01:15,5,42.59,42.59,,,0,STABLE,NO,NO,2026-10-09T00:05:31Z
2021-01-12T00:15:00Z,2021-01-12T01:15,2021-01-12T01:30,6,61.84,39.39,61.84,39.39,2,UP_AND_DOWN,NO,NO,2026-10-09T00:05:31Z
2021-01-12T00:30:00Z,2021-01-12T01:30,2021-01-12T01:45,7,85.45,85.45,85.45,,1,UP,NO,NO,2026-10-09T00:05:31Z
2021-01-12T00:45:00Z,2021-01-12T01:45,2021-01-12T02:00,8,44.28,44.28,44.13,44.28,-1,DOWN,NO,NO,2026-10-09T00:05:31Z
2021-01-12T01:00:00Z,2021-01-12T02:00,2021-01-12T02:15,9,44.59,36.4,44.59,40.07,2,UP_AND_DOWN,NO,NO,2026-10-09T00:05:31Z
2021-01-12T01:15:00Z,2021-01-12T02:15,2021-01-12T02:30,10,47.11,47.11,47.11,,1,UP,NO,NO,2026-10-09T00:05:31Z
2021-01-12T01:30:00Z,2021-01-12T02:30,2021-01-12T02:45,11,47.11,47.11,47.11,,1,UP,NO,NO,2026-10-09T00:05:31Z
2021-01-12T01:45:00Z,2021-01-12T02:45,2021-01-12T03:00,12,47.95,47.95,47.95,,1,UP,NO,NO,2026-10-09T00:05:31Z
2021-01-12T02:00:00Z,2021-01-12T03:00,2021-01-12T03:15,13,20.33,20.33,47.95,20.33,-1,DOWN,NO,NO,2026-10-09T00:05:31Z
2021-01-12T02:15:00Z,2021-01-12T03:15,2021-01-12T03:30,14,39.39,39.39,,39.39,-1,DOWN,NO,NO,2026-10-09T00:05:31Z
2021-01-12T02:30:00Z,2021-01-12T03:30,2021-01-12T03:45,15,34.85,34.85,,34.85,-1,DOWN,NO,NO,2026-10-09T00:05:31Z
2021-01-12T02:45:00Z,2021-01-12T03:45,2021-01-12T04:00,16,39.15,39.15,,39.15,-1,DOWN,NO,NO,2026-10-09T00:05:31Z
2021-01-12T03:00:00Z,2021-01-12T04:00,2021-01-12T04:15,17,-19.92,-19.92,,-19.92,-1,DOWN,NO,NO,2026-10-09T00:05:31Z
2021-01-12T03:15:00Z,2021-01-12T04:15,2021-01-12T04:30,18,31.09,31.09,,31.09,-1,DOWN,NO,NO,2026-10-09T00:05:31Z
2021-01-12T03:30:00Z,2021-01-12T04:30,2021-01-12T04:45,19,44.5,44.5,,44.5,-1,DOWN,NO,NO,2026-10-09T00:05:31Z
2021-01-12T03:45:00Z,2021-01-12T04:45,2021-01-12T05:00,20,10,10,,10,-1,DOWN,NO,NO,2026-10-09T00:05:31Z
2021-01-12T04:00:00Z,2021-01-12T05:00,2021-01-12T05:15,21,-14.7,-14.7,,-14.7,-1,DOWN,NO,NO,2026-10-09T00:05:31Z
2021-01-12T04:15:00Z,2021-01-12T05:15,2021-01-12T05:30,22,30.99,30.99,,30.99,-1,DOWN,NO,NO,2026-10-09T00:05:31Z
2021-01-12T04:30:00Z,2021-01-12T05:30,2021-01-12T05:45,23,42.34,42.34,42.34,30.99,1,UP,NO,NO,2026-10-09T00:05:31Z
2021-01-12T04:45:00Z,2021-01-12T05:45,2021-01-12T06:00,24,42.24,42.24,42.24,,1,UP,NO,NO,2026-10-09T00:05:31Z
2021-01-12T05:00:00Z,2021-01-12T06:00,2021-01-12T06:15,25,54.72,54.72,54.72,,1,UP,NO,NO,2026-10-09T00:05:31Z
2021-01-12T05:15:00Z,2021-01-12T06:15,2021-01-12T06:30,26,52.22,52.22,52.22,,1,UP,NO,NO,2026-10-09T00:05:31Z
2021-01-12T05:30:00Z,2021-01-12T06:30,2021-01-12T06:45,27,85.45,85.45,85.45,,1,UP,NO,NO,2026-10-09T00:05:31Z
2021-01-12T05:45:00Z,2021-01-12T06:45,2021-01-12T07:00,28,94.53,45.1,94.53,45.1,2,UP_AND_DOWN,NO,NO,2026-10-09T00:05:31Z
2021-01-12T06:00:00Z,2021-01-12T07:00,2021-01-12T07:15,29,-140,-140,94.53,-140,-1,DOWN,NO,NO,2026-10-09T00:05:31Z
2021-01-12T06:15:00Z,2021-01-12T07:15,2021-01-12T07:30,30,32.33,32.33,,32.33,-1,DOWN,NO,NO,2026-10-09T00:05:31Z
2021-01-12T06:30:00Z,2021-01-12T07:30,2021-01-12T07:45,31,110.41,110.41,110.41,41.21,1,UP,NO,NO,2026-10-09T00:05:31Z
2021-01-12T06:45:00Z,2021-01-12T07:45,2021-01-12T08:00,32,282.97,44.93,282.97,46.62,2,UP_AND_DOWN,NO,NO,2026-10-09T00:05:31Z
2021-01-12T07:00:00Z,2021-01-12T08:00,2021-01-12T08:15,33,-54.87,-54.87,282.97,-54.87,-1,DOWN,NO,NO,2026-10-09T00:05:31Z
2021-01-12T07:15:00Z,2021-01-12T08:15,2021-01-12T08:30,34,45.2,45.2,,45.2,-1,DOWN,NO,NO,2026-10-09T00:05:31Z
2021-01-12T07:30:00Z,2021-01-12T08:30,2021-01-12T08:45,35,40.07,40.07,,,0,STABLE,NO,NO,2026-10-09T00:05:31Z
2021-01-12T07:45:00Z,2021-01-12T08:45,2021-01-12T09:00,36,51.17,51.17,51.17,,1,UP,NO,NO,2026-10-09T00:05:31Z
2021-01-12T08:00:00Z,2021-01-12T09:00,2021-01-12T09:15,37,46,43.82,46,44.08,2,UP_AND_DOWN,NO,NO,2026-10-09T00:05:31Z
2021-01-12T08:15:00Z,2021-01-12T09:15,2021-01-12T09:30,38,51.49,51.49,51.49,,1,UP,NO,NO,2026-10-09T00:05:31Z
2021-01-12T08:30:00Z,2021-01-12T09:30,2021-01-12T09:45,39,49.85,49.85,49.85,,1,UP,NO,NO,2026-10-09T00:05:31Z
2021-01-12T08:45:00Z,2021-01-12T09:45,2021-01-12T10:00,40,51.53,38.68,51.53,38.68,2,UP_AND_DOWN,NO,NO,2026-10-09T00:05:31Z
2021-01-12T09:00:00Z,2021-01-12T10:00,2021-01-12T10:15,41,282.97,282.97,282.97,38.68,1,UP,NO,NO,2026-10-09T00:05:31Z
2021-01-12T09:15:00Z,2021-01-12T10:15,2021-01-12T10:30,42,282.97,282.97,282.97,,1,UP,NO,NO,2026-10-09T00:05:31Z
2021-01-12T09:30:00Z,2021-01-12T10:30,2021-01-12T10:45,43,53.44,53.44,53.44,,1,UP,NO,NO,2026-10-09T00:05:31Z
2021-01-12T09:45:00Z,2021-01-12T10:45,2021-01-12T11:00,44,49.46,44.28,49.46,44.43,2,UP_AND_DOWN,NO,NO,2026-10-09T00:05:31Z
2021-01-12T10:00:00Z,2021-01-12T11:00,2021-01-12T11:15,45,282.97,282.97,282.97,,1,UP,NO,NO,2026-10-09T00:05:31Z
2021-01-12T10:15:00Z,2021-01-12T11:15,2021-01-12T11:30,46,112.87,16,112.87,16,2,UP_AND_DOWN,NO,NO,2026-10-09T00:05:31Z
2021-01-12T10:30:00Z,2021-01-12T11:30,2021-01-12T11:45,47,-91.81,-91.81,112.87,-91.81,-1,DOWN,NO,NO,2026-10-09T00:05:31Z
2021-01-12T10:45:00Z,2021-01-12T11:45,2021-01-12T12:00,48,-91.29,-91.29,,-91.29,-1,DOWN,NO,NO,2026-10-09T00:05:31Z
2021-01-12T11:00:00Z,2021-01-12T12:00,2021-01-12T12:15,49,198.93,198.93,198.93,-91.29,1,UP,NO,NO,2026-10-09T00:05:31Z
2021-01-12T11:15:00Z,2021-01-12T12:15,2021-01-12T12:30,50,9.54,9.54,,9.54,-1,DOWN,NO,NO,2026-10-09T00:05:31Z
2021-01-12T11:30:00Z,2021-01-12T12:30,2021-01-12T12:45,51,-42.4,-42.4,,-42.4,-1,DOWN,NO,NO,2026-10-09T00:05:31Z
2021-01-12T11:45:00Z,2021-01-12T12:45,2021-01-12T13:00,52,-97.52,-97.52,,-97.52,-1,DOWN,NO,NO,2026-10-09T00:05:31Z
2021-01-12T12:00:00Z,2021-01-12T13:00,2021-01-12T13:15,53,13.33,13.33,,13.33,-1,DOWN,NO,NO,2026-10-09T00:05:31Z
2021-01-12T12:15:00Z,2021-01-12T13:15,2021-01-12T13:30,54,-5.33,-5.33,,-5.33,-1,DOWN,NO,NO,2026-10-09T00:05:31Z
2021-01-12T12:30:00Z,2021-01-12T13:30,2021-01-12T13:45,55,26.03,26.03,,26.03,-1,DOWN,NO,NO,2026-10-09T00:05:31Z
2021-01-12T12:45:00Z,2021-01-12T13:45,2021-01-12T14:00,56,41.6,41.6,,41.6,-1,DOWN,NO,NO,2026-10-09T00:05:31Z
2021-01-12T13:00:00Z,2021-01-12T14:00,2021-01-12T14:15,57,31.12,31.12,,31.12,-1,DOWN,NO,NO,2026-10-09T00:05:31Z
2021-01-12T13:15:00Z,2021-01-12T14:15,2021-01-12T14:30,58,49.25,36.78,49.25,36.78,2,UP_AND_DOWN,NO,NO,2026-10-09T00:05:31Z
2021-01-12T13:30:00Z,2021-01-12T14:30,2021-01-12T14:45,59,52.61,52.61,52.61,36.78,1,UP,NO,NO,2026-10-09T00:05:31Z
2021-01-12T13:45:00Z,2021-01-12T14:45,2021-01-12T15:00,60,52.61,52.61,52.61,,1,UP,NO,NO,2026-10-09T00:05:31Z
2021-01-12T14:00:00Z,2021-01-12T15:00,2021-01-12T15:15,61,13.73,13.73,52.61,13.73,-1,DOWN,NO,NO,2026-10-09T00:05:31Z
2021-01-12T14:15:00Z,2021-01-12T15:15,2021-01-12T15:30,62,52.13,52.13,52.13,36.14,1,UP,NO,NO,2026-10-09T00:05:31Z
2021-01-12T14:30:00Z,2021-01-12T15:30,2021-01-12T15:45,63,104.36,104.36,104.36,36.14,1,UP,NO,NO,2026-10-09T00:05:31Z
2021-01-12T14:45:00Z,2021-01-12T15:45,2021-01-12T16:00,64,282.97,282.97,282.97,,1,UP,NO,NO,2026-10-09T00:05:31Z
2021-01-12T15:00:00Z,2021-01-12T16:00,2021-01-12T16:15,65,63.46,63.46,63.46,,1,UP,NO,NO,2026-10-09T00:05:31Z
2021-01-12T15:15:00Z,2021-01-12T16:15,2021-01-12T16:30,66,41.68,41.68,,41.68,-1,DOWN,NO,NO,2026-10-09T00:05:31Z
2021-01-12T15:30:00Z,2021-01-12T16:30,2021-01-12T16:45,67,40.7,40.7,,40.7,-1,DOWN,NO,NO,2026-10-09T00:05:31Z
2021-01-12T15:45:00Z,2021-01-12T16:45,2021-01-12T17:00,68,51.68,51.68,51.68,40.7,1,UP,NO,NO,2026-10-09T00:05:31Z
2021-01-12T16:00:00Z,2021-01-12T17:00,2021-01-12T17:15,69,42.56,42.56,51.68,42.56,-1,DOWN,NO,NO,2026-10-09T00:05:31Z
2021-01-12T16:15:00Z,2021-01-12T17:15,2021-01-12T17:30,70,53.72,53.72,53.72,52.21,1,UP,NO,NO,2026-10-09T00:05:31Z
2021-01-12T16:30:00Z,2021-01-12T17:30,2021-01-12T17:45,71,104.37,104.37,104.37,,1,UP,NO,NO,2026-10-09T00:05:31Z
2021-01-12T16:45:00Z,2021-01-12T17:45,2021-01-12T18:00,72,282.97,282.97,282.97,,1,UP,NO,NO,2026-10-09T00:05:31Z
2021-01-12T17:00:00Z,2021-01-12T18:00,2021-01-12T18:15,73,282.97,282.97,282.97,,1,UP,NO,NO,2026-10-09T00:05:31Z
2021-01-12T17:15:00Z,2021-01-12T18:15,2021-01-12T18:30,74,40.75,40.75,78.88,40.75,-1,DOWN,NO,NO,2026-10-09T00:05:31Z
2021-01-12T17:30:00Z,2021-01-12T18:30,2021-01-12T18:45,75,37.4,37.4,78.88,37.4,-1,DOWN,NO,NO,2026-10-09T00:05:31Z
2021-01-12T17:45:00Z,2021-01-12T18:45,2021-01-12T19:00,76,57.13,43.79,57.13,43.79,2,UP_AND_DOWN,NO,NO,2026-10-09T00:05:31Z
2021-01-12T18:00:00Z,2021-01-12T19:00,2021-01-12T19:15,77,54.16,42.56,54.16,42.56,2,UP_AND_DOWN,NO,NO,2026-10-09T00:05:31Z
2021-01-12T18:15:00Z,2021-01-12T19:15,2021-01-12T19:30,78,38.16,38.16,54.16,38.16,-1,DOWN,NO,NO,2026-10-09T00:05:31Z
2021-01-12T18:30:00Z,2021-01-12T19:30,2021-01-12T19:45,79,246.99,246.99,246.99,38.16,1,UP,NO,NO,2026-10-09T00:05:31Z
2021-01-12T18:45:00Z,2021-01-12T19:45,2021-01-12T20:00,80,220.82,220.82,220.82,,1,UP,NO,NO,2026-10-09T00:05:31Z
2021-01-12T19:00:00Z,2021-01-12T20:00,2021-01-12T20:15,81,233.91,233.91,233.91,,1,UP,NO,NO,2026-10-09T00:05:31Z
2021-01-12T19:15:00Z,2021-01-12T20:15,2021-01-12T20:30,82,72.28,72.28,72.28,,1,UP,NO,NO,2026-10-09T00:05:31Z
2021-01-12T19:30:00Z,2021-01-12T20:30,2021-01-12T20:45,83,66.08,66.08,66.08,,1,UP,NO,NO,2026-10-09T00:05:31Z
2021-01-12T19:45:00Z,2021-01-12T20:45,2021-01-12T21:00,84,46.72,46.72,55.55,46.72,-1,DOWN,NO,NO,2026-10-09T00:05:31Z
2021-01-12T20:00:00Z,2021-01-12T21:00,2021-01-12T21:15,85,282.97,282.97,282.97,47.74,1,UP,NO,NO,2026-10-09T00:05:31Z
2021-01-12T20:15:00Z,2021-01-12T21:15,2021-01-12T21:30,86,282.97,282.97,282.97,,1,UP,NO,NO,2026-10-09T00:05:31Z
2021-01-12T20:30:00Z,2021-01-12T21:30,2021-01-12T21:45,87,367.89,367.89,367.89,,1,UP,NO,NO,2026-10-09T00:05:31Z
2021-01-12T20:45:00Z,2021-01-12T21:45,2021-01-12T22:00,88,354.4,43.37,354.4,44.77,2,UP_AND_DOWN,NO,NO,2026-10-09T00:05:31Z
2021-01-12T21:00:00Z,2021-01-12T22:00,2021-01-12T22:15,89,290.13,290.13,290.13,,1,UP,NO,NO,2026-10-09T00:05:31Z
2021-01-12T21:15:00Z,2021-01-12T22:15,2021-01-12T22:30,90,72.55,72.55,72.55,,1,UP,NO,NO,2026-10-09T00:05:31Z
2021-01-12T21:30:00Z,2021-01-12T22:30,2021-01-12T22:45,91,37.99,37.99,72.55,37.99,-1,DOWN,NO,NO,2026-10-09T00:05:31Z
2021-01-12T21:45:00Z,2021-01-12T22:45,2021-01-12T23:00,92,23.63,23.63,,23.63,-1,DOWN,NO,NO,2026-10-09T00:05:31Z
2021-01-12T22:00:00Z,2021-01-12T23:00,2021-01-12T23:15,93,282.97,30.7,282.97,30.7,2,UP_AND_DOWN,NO,NO,2026-10-09T00:05:31Z
2021-01-12T22:15:00Z,2021-01-12T23:15,2021-01-12T23:30,94,65.9,65.9,65.9,,1,UP,NO,NO,2026-10-09T00:05:31Z
2021-01-12T22:30:00Z,2021-01-12T23:30,2021-01-12T23:45,95,46.19,46.19,42.24,46.19,-1,DOWN,NO,NO,2026-10-09T00:05:31Z
2021-01-12T22:45:00Z,2021-01-12T23:45,2021-01-13T00:00,96,38.73,38.73,,38.73,-1,DOWN,NO,NO,2026-10-09T00:05:31Z
2021-01-12T23:00:00Z,2021-01-13T00:00,2021-01-13T00:15,1,49.67,29,49.67,29,2,UP_AND_DOWN,NO,NO,2026-10-09T00:05:31Z
2021-01-12T23:15:00Z,2021-01-13T00:15,2021-01-13T00:30,2,106.06,106.06,106.06,,1,UP,NO,NO,2026-10-09T00:05:31Z
2021-01-12T23:30:00Z,2021-01-13T00:30,2021-01-13T00:45,3,72.82,72.82,72.82,,1,UP,NO,NO,2026-10-09T00:05:31Z
2021-01-12T23:45:00Z,2021-01-13T00:45,2021-01-13T01:00,4,73.62,73.62,73.62,,1,UP,NO,NO,2026-10-09T00:05:31Z
2021-01-13T00:00:00Z,2021-01-13T01:00,2021-01-13T01:15,5,501.25,501.25,501.25,,1,UP,NO,NO,2026-10-09T00:05:31Z
2021-01-13T00:15:00Z,2021-01-13T01:15,2021-01-13T01:30,6,72.81,28.08,72.81,28.08,2,UP_AND_DOWN,NO,NO,2026-10-09T00:05:31Z
2021-01-13T00:30:00Z,2021-01-13T01:30,2021-01-13T01:45,7,30.64,30.64,,30.64,-1,DOWN,NO,NO,2026-10-09T00:05:31Z
2021-01-13T00:45:00Z,2021-01-13T01:45,2021-01-13T02:00,8,71.61,71.61,71.61,30.64,1,UP,NO,NO,2026-10-09T00:05:31Z
2021-01-13T01:00:00Z,2021-01-13T02:00,2021-01-13T02:15,9,500.88,500.88,500.88,,1,UP,NO,NO,2026-10-09T00:05:31Z
2021-01-13T01:15:00Z,2021-01-13T02:15,2021-01-13T02:30,10,5,5,500.88,5,-1,DOWN,NO,NO,2026-10-09T00:05:31Z
2021-01-13T01:30:00Z,2021-01-13T02:30,2021-01-13T02:45,11,59.72,-10.03,59.72,-10.03,2,UP_AND_DOWN,NO,NO,2026-10-09T00:05:31Z
2021-01-13T01:45:00Z,2021-01-13T02:45,2021-01-13T03:00,12,56.95,19,56.95,19,2,UP_AND_DOWN,NO,NO,2026-10-09T00:05:31Z
2021-01-13T02:00:00Z,2021-01-13T03:00,2021-01-13T03:15,13,-13.36,-13.36,,-13.36,-1,DOWN,NO,NO,2026-10-09T00:05:31Z
2021-01-13T02:15:00Z,2021-01-13T03:15,2021-01-13T03:30,14,-16.76,-16.76,,-16.76,-1,DOWN,NO,NO,2026-10-09T00:05:31Z
2021-01-13T02:30:00Z,2021-01-13T03:30,2021-01-13T03:45,15,-8.77,-8.77,,-8.77,-1,DOWN,NO,NO,2026-10-09T00:05:31Z
2021-01-13T02:45:00Z,2021-01-13T03:45,2021-01-13T04:00,16,-16.43,-16.43,,-16.43,-1,DOWN,NO,NO,2026-10-09T00:05:31Z
2021-01-13T03:00:00Z,2021-01-13T04:00,2021-01-13T04:15,17,16.84,16.84,,16.84,-1,DOWN,NO,NO,2026-10-09T00:05:31Z
2021-01-13T03:15:00Z,2021-01-13T04:15,2021-01-13T04:30,18,10,10,,10,-1,DOWN,NO,NO,2026-10-09T00:05:31Z
2021-01-13T03:30:00Z,2021-01-13T04:30,2021-01-13T04:45,19,-13.39,-13.39,,-13.39,-1,DOWN,NO,NO,2026-10-09T00:05:31Z
2021-01-13T03:45:00Z,2021-01-13T04:45,2021-01-13T05:00,20,10,10,,10,-1,DOWN,NO,NO,2026-10-09T00:05:31Z
2021-01-13T04:00:00Z,2021-01-13T05:00,2021-01-13T05:15,21,78.56,78.56,78.56,41.28,1,UP,NO,NO,2026-10-09T00:05:31Z
2021-01-13T04:15:00Z,2021-01-13T05:15,2021-01-13T05:30,22,78.56,78.56,78.56,,1,UP,NO,NO,2026-10-09T00:05:31Z
2021-01-13T04:30:00Z,2021-01-13T05:30,2021-01-13T05:45,23,65.99,36.75,65.99,36.75,2,UP_AND_DOWN,NO,NO,2026-10-09T00:05:31Z
2021-01-13T04:45:00Z,2021-01-13T05:45,2021-01-13T06:00,24,78.56,32.24,78.56,32.24,2,UP_AND_DOWN,NO,NO,2026-10-09T00:05:31Z
2021-01-13T05:00:00Z,2021-01-13T06:00,2021-01-13T06:15,25,-25.78,-25.78,78.56,-25.78,-1,DOWN,NO,NO,2026-10-09T00:05:31Z
2021-01-13T05:15:00Z,2021-01-13T06:15,2021-01-13T06:30,26,31.12,31.12,,31.12,-1,DOWN,NO,NO,2026-10-09T00:05:31Z
2021-01-13T05:30:00Z,2021-01-13T06:30,2021-01-13T06:45,27,58.1,58.1,58.1,31.12,1,UP,NO,NO,2026-10-09T00:05:31Z
2021-01-13T05:45:00Z,2021-01-13T06:45,2021-01-13T07:00,28,52.37,44.76,52.37,44.76,2,UP_AND_DOWN,NO,NO,2026-10-09T00:05:31Z
2021-01-13T06:00:00Z,2021-01-13T07:00,2021-01-13T07:15,29,60.23,38.8,60.23,38.8,2,UP_AND_DOWN,NO,NO,2026-10-09T00:05:31Z
2021-01-13T06:15:00Z,2021-01-13T07:15,2021-01-13T07:30,30,-10.07,-10.07,,-10.07,-1,DOWN,NO,NO,2026-10-09T00:05:31Z
2021-01-13T06:30:00Z,2021-01-13T07:30,2021-01-13T07:45,31,57.58,57.58,57.58,48.4,1,UP,NO,NO,2026-10-09T00:05:31Z
2021-01-13T06:45:00Z,2021-01-13T07:45,2021-01-13T08:00,32,39.41,39.41,57.58,39.41,-1,DOWN,NO,NO,2026-10-09T00:05:31Z
2021-01-13T07:00:00Z,2021-01-13T08:00,2021-01-13T08:15,33,23,23,,23,-1,DOWN,NO,NO,2026-10-09T00:05:31Z
2021-01-13T07:15:00Z,2021-01-13T08:15,2021-01-13T08:30,34,45.16,45.16,,45.16,-1,DOWN,NO,NO,2026-10-09T00:05:31Z
2021-01-13T07:30:00Z,2021-01-13T08:30,2021-01-13T08:45,35,52.51,52.51,52.51,45.16,1,UP,NO,NO,2026-10-09T00:05:31Z
2021-01-13T07:45:00Z,2021-01-13T08:45,2021-01-13T09:00,36,275.75,275.75,275.75,,1,UP,NO,NO,2026-10-09T00:05:31Z
2021-01-13T08:00:00Z,2021-01-13T09:00,2021-01-13T09:15,37,505.88,505.88,505.88,,1,UP,NO,NO,2026-10-09T00:05:31Z
2021-01-13T08:15:00Z,2021-01-13T09:15,2021-01-13T09:30,38,53.09,53.09,53.09,,1,UP,NO,NO,2026-10-09T00:05:31Z
2021-01-13T08:30:00Z,2021-01-13T09:30,2021-01-13T09:45,39,282.97,282.97,282.97,,1,UP,NO,NO,2026-10-09T00:05:31Z
2021-01-13T08:45:00Z,2021-01-13T09:45,2021-01-13T10:00,40,505.88,505.88,505.88,,1,UP,NO,NO,2026-10-09T00:05:31Z
2021-01-13T09:00:00Z,2021-01-13T10:00,2021-01-13T10:15,41,69.34,69.34,69.34,,1,UP,NO,NO,2026-10-09T00:05:31Z
2021-01-13T09:15:00Z,2021-01-13T10:15,2021-01-13T10:30,42,77.4,77.4,77.4,,1,UP,NO,NO,2026-10-09T00:05:31Z
2021-01-13T09:30:00Z,2021-01-13T10:30,2021-01-13T10:45,43,85,85,85,,1,UP,NO,NO,2026-10-09T00:05:31Z
2021-01-13T09:45:00Z,2021-01-13T10:45,2021-01-13T11:00,44,43.34,43.34,85,43.34,-1,DOWN,NO,NO,2026-10-09T00:05:31Z
2021-01-13T10:00:00Z,2021-01-13T11:00,2021-01-13T11:15,45,29.97,29.97,,29.97,-1,DOWN,NO,NO,2026-10-09T00:05:31Z
2021-01-13T10:15:00Z,2021-01-13T11:15,2021-01-13T11:30,46,-15.92,-15.92,,-15.92,-1,DOWN,NO,NO,2026-10-09T00:05:31Z
2021-01-13T10:30:00Z,2021-01-13T11:30,2021-01-13T11:45,47,-53.96,-53.96,,-53.96,-1,DOWN,NO,NO,2026-10-09T00:05:31Z
2021-01-13T10:45:00Z,2021-01-13T11:45,2021-01-13T12:00,48,-24.15,-24.15,,-24.15,-1,DOWN,NO,NO,2026-10-09T00:05:31Z
2021-01-13T11:00:00Z,2021-01-13T12:00,2021-01-13T12:15,49,22.53,22.53,,22.53,-1,DOWN,NO,NO,2026-10-09T00:05:31Z
2021-01-13T11:15:00Z,2021-01-13T12:15,2021-01-13T12:30,50,43.34,43.34,,43.34,-1,DOWN,NO,NO,2026-10-09T00:05:31Z
2021-01-13T11:30:00Z,2021-01-13T12:30,2021-01-13T12:45,51,-86.42,-86.42,,-86.42,-1,DOWN,NO,NO,2026-10-09T00:05:31Z
2021-01-13T11:45:00Z,2021-01-13T12:45,2021-01-13T13:00,52,-120.4,-120.4,,-120.4,-1,DOWN,NO,NO,2026-10-09T00:05:31Z
2021-01-13T12:00:00Z,2021-01-13T13:00,2021-01-13T13:15,53,-53.21,-53.21,,-53.21,-1,DOWN,NO,NO,2026-10-09T00:05:31Z
2021-01-13T12:15:00Z,2021-01-13T13:15,2021-01-13T13:30,54,4.73,4.73,,4.73,-1,DOWN,NO,NO,2026-10-09T00:05:31Z
2021-01-13T12:30:00Z,2021-01-13T13:30,2021-01-13T13:45,55,14.35,14.35,,14.35,-1,DOWN,NO,NO,2026-10-09T00:05:31Z
2021-01-13T12:45:00Z,2021-01-13T13:45,2021-01-13T14:00,56,37.75,37.75,,37.75,-1,DOWN,NO,NO,2026-10-09T00:05:31Z
2021-01-13T13:00:00Z,2021-01-13T14:00,2021-01-13T14:15,57,39.82,39.82,,39.82,-1,DOWN,NO,NO,2026-10-09T00:05:31Z
2021-01-13T13:15:00Z,2021-01-13T14:15,2021-01-13T14:30,58,50.35,45,45.44,45,2,UP_AND_DOWN,NO,NO,2026-10-09T00:05:31Z
2021-01-13T13:30:00Z,2021-01-13T14:30,2021-01-13T14:45,59,56.12,50.38,56.12,50.94,2,UP_AND_DOWN,NO,NO,2026-10-09T00:05:31Z
2021-01-13T13:45:00Z,2021-01-13T14:45,2021-01-13T15:00,60,61.57,50.37,61.57,53.1,2,UP_AND_DOWN,NO,NO,2026-10-09T00:05:31Z
2021-01-13T14:00:00Z,2021-01-13T15:00,2021-01-13T15:15,61,63.69,63.69,63.69,,1,UP,NO,NO,2026-10-09T00:05:31Z
2021-01-13T14:15:00Z,2021-01-13T15:15,2021-01-13T15:30,62,38.34,38.34,55.29,38.34,-1,DOWN,NO,NO,2026-10-09T00:05:31Z
2021-01-13T14:30:00Z,2021-01-13T15:30,2021-01-13T15:45,63,29,29,,29,-1,DOWN,NO,NO,2026-10-09T00:05:31Z
2021-01-13T14:45:00Z,2021-01-13T15:45,2021-01-13T16:00,64,43.34,43.34,,43.34,-1,DOWN,NO,NO,2026-10-09T00:05:31Z
2021-01-13T15:00:00Z,2021-01-13T16:00,2021-01-13T16:15,65,349.41,349.41,349.41,43.34,1,UP,NO,NO,2026-10-09T00:05:31Z
2021-01-13T15:15:00Z,2021-01-13T16:15,2021-01-13T16:30,66,60.72,60.72,60.72,,1,UP,NO,NO,2026-10-09T00:05:31Z
2021-01-13T15:30:00Z,2021-01-13T16:30,2021-01-13T16:45,67,44.33,44.33,,44.33,-1,DOWN,NO,NO,2026-10-09T00:05:31Z
2021-01-13T15:45:00Z,2021-01-13T16:45,2021-01-13T17:00,68,110.91,110.91,110.91,44.33,1,UP,NO,NO,2026-10-09T00:05:31Z
2021-01-13T16:00:00Z,2021-01-13T17:00,2021-01-13T17:15,69,-46.88,-46.88,110.91,-46.88,-1,DOWN,NO,NO,2026-10-09T00:05:31Z
2021-01-13T16:15:00Z,2021-01-13T17:15,2021-01-13T17:30,70,45.17,45.17,,45.17,-1,DOWN,NO,NO,2026-10-09T00:05:31Z
2021-01-13T16:30:00Z,2021-01-13T17:30,2021-01-13T17:45,71,40.34,40.34,,40.34,-1,DOWN,NO,NO,2026-10-09T00:05:31Z
2021-01-13T16:45:00Z,2021-01-13T17:45,2021-01-13T18:00,72,53.11,53.11,,53.11,-1,DOWN,NO,NO,2026-10-09T00:05:31Z
2021-01-13T17:00:00Z,2021-01-13T18:00,2021-01-13T18:15,73,23,23,,23,-1,DOWN,NO,NO,2026-10-09T00:05:31Z
2021-01-13T17:15:00Z,2021-01-13T18:15,2021-01-13T18:30,74,35.34,35.34,,35.34,-1,DOWN,NO,NO,2026-10-09T00:05:31Z
2021-01-13T17:30:00Z,2021-01-13T18:30,2021-01-13T18:45,75,29,29,,29,-1,DOWN,NO,NO,2026-10-09T00:05:31Z
2021-01-13T17:45:00Z,2021-01-13T18:45,2021-01-13T19:00,76,30,30,,30,-1,DOWN,NO,NO,2026-10-09T00:05:31Z
2021-01-13T18:00:00Z,2021-01-13T19:00,2021-01-13T19:15,77,29,29,,29,-1,DOWN,NO,NO,2026-10-09T00:05:31Z
2021-01-13T18:15:00Z,2021-01-13T19:15,2021-01-13T19:30,78,38.29,38.29,,38.29,-1,DOWN,NO,NO,2026-10-09T00:05:31Z
2021-01-13T18:30:00Z,2021-01-13T19:30,2021-01-13T19:45,79,39.37,39.37,,39.37,-1,DOWN,NO,NO,2026-10-09T00:05:31Z
2021-01-13T18:45:00Z,2021-01-13T19:45,2021-01-13T20:00,80,97.79,97.79,97.79,43.34,1,UP,NO,NO,2026-10-09T00:05:31Z
2021-01-13T19:00:00Z,2021-01-13T20:00,2021-01-13T20:15,81,98.68,32,98.68,32,2,UP_AND_DOWN,NO,NO,2026-10-09T00:05:31Z
2021-01-13T19:15:00Z,2021-01-13T20:15,2021-01-13T20:30,82,30.03,30.03,,30.03,-1,DOWN,NO,NO,2026-10-09T00:05:31Z
2021-01-13T19:30:00Z,2021-01-13T20:30,2021-01-13T20:45,83,30.69,30.69,,30.69,-1,DOWN,NO,NO,2026-10-09T00:05:31Z
2021-01-13T19:45:00Z,2021-01-13T20:45,2021-01-13T21:00,84,20.16,20.16,,20.16,-1,DOWN,NO,NO,2026-10-09T00:05:31Z
2021-01-13T20:00:00Z,2021-01-13T21:00,2021-01-13T21:15,85,32.15,32.15,,32.15,-1,DOWN,NO,NO,2026-10-09T00:05:31Z
2021-01-13T20:15:00Z,2021-01-13T21:15,2021-01-13T21:30,86,32.24,32.24,,32.24,-1,DOWN,NO,NO,2026-10-09T00:05:31Z
2021-01-13T20:30:00Z,2021-01-13T21:30,2021-01-13T21:45,87,21.89,21.89,,21.89,-1,DOWN,NO,NO,2026-10-09T00:05:31Z
2021-01-13T20:45:00Z,2021-01-13T21:45,2021-01-13T22:00,88,39.59,39.59,,39.59,-1,DOWN,NO,NO,2026-10-09T00:05:31Z
2021-01-13T21:00:00Z,2021-01-13T22:00,2021-01-13T22:15,89,38.37,38.37,,38.37,-1,DOWN,NO,NO,2026-10-09T00:05:31Z
2021-01-13T21:15:00Z,2021-01-13T22:15,2021-01-13T22:30,90,-3.69,-3.69,,-3.69,-1,DOWN,NO,NO,2026-10-09T00:05:31Z
2021-01-13T21:30:00Z,2021-01-13T22:30,2021-01-13T22:45,91,50.6,50.6,50.6,15.08,1,UP,NO,NO,2026-10-09T00:05:31Z
2021-01-13T21:45:00Z,2021-01-13T22:45,2021-01-13T23:00,92,60.29,39.08,60.29,39.08,2,UP_AND_DOWN,NO,NO,2026-10-09T00:05:31Z
2021-01-13T22:00:00Z,2021-01-13T23:00,2021-01-13T23:15,93,425.75,44.47,425.75,44.47,2,UP_AND_DOWN,NO,NO,2026-10-09T00:05:31Z
2021-01-13T22:15:00Z,2021-01-13T23:15,2021-01-13T23:30,94,43.03,43.03,60.29,43.03,-1,DOWN,NO,NO,2026-10-09T00:05:31Z
2021-01-13T22:30:00Z,2021-01-13T23:30,2021-01-13T23:45,95,29,29,,29,-1,DOWN,NO,NO,2026-10-09T00:05:31Z
2021-01-13T22:45:00Z,2021-01-13T23:45,2021-01-14T00:00,96,-11.84,-11.84,,-11.84,-1,DOWN,NO,NO,2026-10-09T00:05:31Z
2021-01-13T23:00:00Z,2021-01-14T00:00,2021-01-14T00:15,1,558.03,558.03,558.03,-30.9,1,UP,NO,NO,2026-10-09T00:05:31Z
2021-01-13T23:15:00Z,2021-01-14T00:15,2021-01-14T00:30,2,104.9,104.9,104.9,,1,UP,NO,NO,2026-10-09T00:05:31Z
2021-01-13T23:30:00Z,2021-01-14T00:30,2021-01-14T00:45,3,64.9,50.26,64.9,50.26,2,UP_AND_DOWN,NO,NO,2026-10-09T00:05:31Z
2021-01-13T23:45:00Z,2021-01-14T00:45,2021-01-14T01:00,4,16.86,16.86,,16.86,-1,DOWN,NO,NO,2026-10-09T00:05:31Z
2021-01-14T00:00:00Z,2021-01-14T01:00,2021-01-14T01:15,5,702.5,-14.17,702.5,-14.17,2,UP_AND_DOWN,NO,NO,2026-10-09T00:05:31Z
2021-01-14T00:15:00Z,2021-01-14T01:15,2021-01-14T01:30,6,-62.93,-62.93,149.21,-62.93,-1,DOWN,NO,NO,2026-10-09T00:05:31Z
2021-01-14T00:30:00Z,2021-01-14T01:30,2021-01-14T01:45,7,-108.95,-108.95,,-108.95,-1,DOWN,NO,NO,2026-10-09T00:05:31Z
2021-01-14T00:45:00Z,2021-01-14T01:45,2021-01-14T02:00,8,62.11,62.11,62.11,-108.95,1,UP,NO,NO,2026-10-09T00:05:31Z
2021-01-14T01:00:00Z,2021-01-14T02:00,2021-01-14T02:15,9,40.86,40.86,62.11,40.86,-1,DOWN,NO,NO,2026-10-09T00:05:31Z
2021-01-14T01:15:00Z,2021-01-14T02:15,2021-01-14T02:30,10,47.41,47.41,,47.41,-1,DOWN,NO,NO,2026-10-09T00:05:31Z
2021-01-14T01:30:00Z,2021-01-14T02:30,2021-01-14T02:45,11,35.7,35.7,,35.7,-1,DOWN,NO,NO,2026-10-09T00:05:31Z
2021-01-14T01:45:00Z,2021-01-14T02:45,2021-01-14T03:00,12,30.74,30.74,,30.74,-1,DOWN,NO,NO,2026-10-09T00:05:31Z
2021-01-14T02:00:00Z,2021-01-14T03:00,2021-01-14T03:15,13,56.01,56.01,56.01,44.45,1,UP,NO,NO,2026-10-09T00:05:31Z
2021-01-14T02:15:00Z,2021-01-14T03:15,2021-01-14T03:30,14,65.41,65.41,65.41,44.45,1,UP,NO,NO,2026-10-09T00:05:31Z
2021-01-14T02:30:00Z,2021-01-14T03:30,2021-01-14T03:45,15,62.16,62.16,62.16,,1,UP,NO,NO,2026-10-09T00:05:31Z
2021-01-14T02:45:00Z,2021-01-14T03:45,2021-01-14T04:00,16,41.62,41.62,50.95,41.62,-1,DOWN,NO,NO,2026-10-09T00:05:31Z
2021-01-14T03:00:00Z,2021-01-14T04:00,2021-01-14T04:15,17,21.42,21.42,,21.42,-1,DOWN,NO,NO,2026-10-09T00:05:31Z
2021-01-14T03:15:00Z,2021-01-14T04:15,2021-01-14T04:30,18,-57.01,-57.01,,-57.01,-1,DOWN,NO,NO,2026-10-09T00:05:31Z
2021-01-14T03:30:00Z,2021-01-14T04:30,2021-01-14T04:45,19,24,24,,24,-1,DOWN,NO,NO,2026-10-09T00:05:31Z
2021-01-14T03:45:00Z,2021-01-14T04:45,2021-01-14T05:00,20,21.87,21.87,,21.87,-1,DOWN,NO,NO,2026-10-09T00:05:31Z
2021-01-14T04:00:00Z,2021-01-14T05:00,2021-01-14T05:15,21,35.08,35.08,,35.08,-1,DOWN,NO,NO,2026-10-09T00:05:31Z
2021-01-14T04:15:00Z,2021-01-14T05:15,2021-01-14T05:30,22,-26.67,-26.67,,-26.67,-1,DOWN,NO,NO,2026-10-09T00:05:31Z
2021-01-14T04:30:00Z,2021-01-14T05:30,2021-01-14T05:45,23,-28.54,-28.54,,-28.54,-1,DOWN,NO,NO,2026-10-09T00:05:31Z
2021-01-14T04:45:00Z,2021-01-14T05:45,2021-01-14T06:00,24,-123.16,-123.16,,-123.16,-1,DOWN,NO,NO,2026-10-09T00:05:31Z
2021-01-14T05:00:00Z,2021-01-14T06:00,2021-01-14T06:15,25,-49.23,-49.23,,-49.23,-1,DOWN,NO,NO,2026-10-09T00:05:31Z
2021-01-14T05:15:00Z,2021-01-14T06:15,2021-01-14T06:30,26,-95.24,-95.24,,-95.24,-1,DOWN,NO,NO,2026-10-09T00:05:31Z
2021-01-14T05:30:00Z,2021-01-14T06:30,2021-01-14T06:45,27,25.5,25.5,,25.5,-1,DOWN,NO,NO,2026-10-09T00:05:31Z
2021-01-14T05:45:00Z,2021-01-14T06:45,2021-01-14T07:00,28,53.04,53.04,53.04,,1,UP,NO,NO,2026-10-09T00:05:31Z
2021-01-14T06:00:00Z,2021-01-14T07:00,2021-01-14T07:15,29,56.38,49.44,56.38,49.44,2,UP_AND_DOWN,NO,NO,2026-10-09T00:05:31Z
2021-01-14T06:15:00Z,2021-01-14T07:15,2021-01-14T07:30,30,56.38,54.01,56.38,54.01,2,UP_AND_DOWN,NO,NO,2026-10-09T00:05:31Z
2021-01-14T06:30:00Z,2021-01-14T07:30,2021-01-14T07:45,31,65.7,65.7,65.7,,1,UP,NO,NO,2026-10-09T00:05:31Z
2021-01-14T06:45:00Z,2021-01-14T07:45,2021-01-14T08:00,32,555.61,555.61,555.61,,1,UP,NO,NO,2026-10-09T00:05:31Z
2021-01-14T07:00:00Z,2021-01-14T08:00,2021-01-14T08:15,33,103.2,103.2,103.2,,1,UP,NO,NO,2026-10-09T00:05:31Z
2021-01-14T07:15:00Z,2021-01-14T08:15,2021-01-14T08:30,34,265.96,265.96,265.96,,1,UP,NO,NO,2026-10-09T00:05:31Z
2021-01-14T07:30:00Z,2021-01-14T08:30,2021-01-14T08:45,35,93.83,93.83,93.83,,1,UP,NO,NO,2026-10-09T00:05:31Z
2021-01-14T07:45:00Z,2021-01-14T08:45,2021-01-14T09:00,36,57.2,57.2,57.2,,1,UP,NO,NO,2026-10-09T00:05:31Z
2021-01-14T08:00:00Z,2021-01-14T09:00,2021-01-14T09:15,37,55.86,48.36,55.86,48.36,2,UP_AND_DOWN,NO,NO,2026-10-09T00:05:31Z
2021-01-14T08:15:00Z,2021-01-14T09:15,2021-01-14T09:30,38,46.11,46.11,,46.11,-1,DOWN,NO,NO,2026-10-09T00:05:31Z
2021-01-14T08:30:00Z,2021-01-14T09:30,2021-01-14T09:45,39,42.16,42.16,,42.16,-1,DOWN,NO,NO,2026-10-09T00:05:31Z
2021-01-14T08:45:00Z,2021-01-14T09:45,2021-01-14T10:00,40,41.23,41.23,,41.23,-1,DOWN,NO,NO,2026-10-09T00:05:31Z
2021-01-14T09:00:00Z,2021-01-14T10:00,2021-01-14T10:15,41,39.36,39.36,,39.36,-1,DOWN,NO,NO,2026-10-09T00:05:31Z
2021-01-14T09:15:00Z,2021-01-14T10:15,2021-01-14T10:30,42,75.87,75.87,,75.87,-1,DOWN,NO,NO,2026-10-09T00:05:31Z
2021-01-14T09:30:00Z,2021-01-14T10:30,2021-01-14T10:45,43,75.87,75.87,,75.87,-1,DOWN,NO,NO,2026-10-09T00:05:31Z
2021-01-14T09:45:00Z,2021-01-14T10:45,2021-01-14T11:00,44,75.87,75.87,,75.87,-1,DOWN,NO,NO,2026-10-09T00:05:31Z
2021-01-14T10:00:00Z,2021-01-14T11:00,2021-01-14T11:15,45,61.29,61.29,,,0,STABLE,NO,NO,2026-10-09T00:05:31Z
2021-01-14T10:15:00Z,2021-01-14T11:15,2021-01-14T11:30,46,63.89,63.89,,,0,STABLE,NO,NO,2026-10-09T00:05:31Z
2021-01-14T10:30:00Z,2021-01-14T11:30,2021-01-14T11:45,47,63.87,63.87,,,0,STABLE,NO,NO,2026-10-09T00:05:31Z
2021-01-14T10:45:00Z,2021-01-14T11:45,2021-01-14T12:00,48,63.93,63.93,,,0,STABLE,NO,NO,2026-10-09T00:05:31Z
2021-01-14T11:00:00Z,2021-01-14T12:00,2021-01-14T12:15,49,72.54,72.54,72.54,,1,UP,NO,NO,2026-10-09T00:05:31Z
2021-01-14T11:15:00Z,2021-01-14T12:15,2021-01-14T12:30,50,559.9,559.9,559.9,,1,UP,NO,NO,2026-10-09T00:05:31Z
2021-01-14T11:30:00Z,2021-01-14T12:30,2021-01-14T12:45,51,66.48,66.48,66.48,,1,UP,NO,NO,2026-10-09T00:05:31Z
2021-01-14T11:45:00Z,2021-01-14T12:45,2021-01-14T13:00,52,63.75,63.75,,,0,STABLE,NO,NO,2026-10-09T00:05:31Z
2021-01-14T12:00:00Z,2021-01-14T13:00,2021-01-14T13:15,53,559.1,559.1,559.1,,1,UP,NO,NO,2026-10-09T00:05:31Z
2021-01-14T12:15:00Z,2021-01-14T13:15,2021-01-14T13:30,54,559.1,559.1,559.1,,1,UP,NO,NO,2026-10-09T00:05:31Z
2021-01-14T12:30:00Z,2021-01-14T13:30,2021-01-14T13:45,55,559.1,559.1,559.1,,1,UP,NO,NO,2026-10-09T00:05:31Z
2021-01-14T12:45:00Z,2021-01-14T13:45,2021-01-14T14:00,56,293.21,293.21,293.21,,1,UP,NO,NO,2026-10-09T00:05:31Z
2021-01-14T13:00:00Z,2021-01-14T14:00,2021-01-14T14:15,57,40.45,40.45,293.21,40.45,-1,DOWN,NO,NO,2026-10-09T00:05:31Z
2021-01-14T13:15:00Z,2021-01-14T14:15,2021-01-14T14:30,58,53.94,53.94,,,0,STABLE,NO,NO,2026-10-09T00:05:31Z
2021-01-14T13:30:00Z,2021-01-14T14:30,2021-01-14T14:45,59,53.88,53.88,,,0,STABLE,NO,NO,2026-10-09T00:05:31Z
2021-01-14T13:45:00Z,2021-01-14T14:45,2021-01-14T15:00,60,53.93,53.93,,,0,STABLE,NO,NO,2026-10-09T00:05:31Z
2021-01-14T14:00:00Z,2021-01-14T15:00,2021-01-14T15:15,61,55.27,55.27,,,0,STABLE,NO,NO,2026-10-09T00:05:31Z
2021-01-14T14:15:00Z,2021-01-14T15:15,2021-01-14T15:30,62,57.37,57.37,57.37,,1,UP,NO,NO,2026-10-09T00:05:31Z
2021-01-14T14:30:00Z,2021-01-14T15:30,2021-01-14T15:45,63,56.11,56.11,56.11,,1,UP,NO,NO,2026-10-09T00:05:31Z
2021-01-14T14:45:00Z,2021-01-14T15:45,2021-01-14T16:00,64,58.46,58.46,58.46,,1,UP,NO,NO,2026-10-09T00:05:31Z
2021-01-14T15:00:00Z,2021-01-14T16:00,2021-01-14T16:15,65,56.62,56.62,56.62,,1,UP,NO,NO,2026-10-09T00:05:31Z
2021-01-14T15:15:00Z,2021-01-14T16:15,2021-01-14T16:30,66,50.26,50.26,,50.26,-1,DOWN,NO,NO,2026-10-09T00:05:31Z
2021-01-14T15:30:00Z,2021-01-14T16:30,2021-01-14T16:45,67,50.16,50.16,,50.16,-1,DOWN,NO,NO,2026-10-09T00:05:31Z
2021-01-14T15:45:00Z,2021-01-14T16:45,2021-01-14T17:00,68,53.07,53.07,,53.07,-1,DOWN,NO,NO,2026-10-09T00:05:31Z
2021-01-14T16:00:00Z,2021-01-14T17:00,2021-01-14T17:15,69,-69.9,-69.9,,-69.9,-1,DOWN,NO,NO,2026-10-09T00:05:31Z
2021-01-14T16:15:00Z,2021-01-14T17:15,2021-01-14T17:30,70,37.04,37.04,,37.04,-1,DOWN,NO,NO,2026-10-09T00:05:31Z
2021-01-14T16:30:00Z,2021-01-14T17:30,2021-01-14T17:45,71,57.44,57.44,,,0,STABLE,NO,NO,2026-10-09T00:05:31Z
2021-01-14T16:45:00Z,2021-01-14T17:45,2021-01-14T18:00,72,66.82,66.82,,,0,STABLE,NO,NO,2026-10-09T00:05:31Z
2021-01-14T17:00:00Z,2021-01-14T18:00,2021-01-14T18:15,73,144.1,144.1,144.1,,1,UP,NO,NO,2026-10-09T00:05:31Z
2021-01-14T17:15:00Z,2021-01-14T18:15,2021-01-14T18:30,74,57.08,57.08,57.08,,1,UP,NO,NO,2026-10-09T00:05:31Z
2021-01-14T17:30:00Z,2021-01-14T18:30,2021-01-14T18:45,75,60.7,60.7,60.7,,1,UP,NO,NO,2026-10-09T00:05:31Z
2021-01-14T17:45:00Z,2021-01-14T18:45,2021-01-14T19:00,76,54.94,54.94,,,0,STABLE,NO,NO,2026-10-09T00:05:31Z
2021-01-14T18:00:00Z,2021-01-14T19:00,2021-01-14T19:15,77,111.35,111.35,111.35,,1,UP,NO,NO,2026-10-09T00:05:31Z
2021-01-14T18:15:00Z,2021-01-14T19:15,2021-01-14T19:30,78,81.91,81.91,81.91,,1,UP,NO,NO,2026-10-09T00:05:31Z
2021-01-14T18:30:00Z,2021-01-14T19:30,2021-01-14T19:45,79,64.41,56.44,64.41,75.87,2,UP_AND_DOWN,NO,NO,2026-10-09T00:05:31Z
2021-01-14T18:45:00Z,2021-01-14T19:45,2021-01-14T20:00,80,75.87,75.87,64.41,75.87,-1,DOWN,NO,NO,2026-10-09T00:05:31Z
2021-01-14T19:00:00Z,2021-01-14T20:00,2021-01-14T20:15,81,63.52,63.52,63.52,,1,UP,NO,NO,2026-10-09T00:05:31Z
2021-01-14T19:15:00Z,2021-01-14T20:15,2021-01-14T20:30,82,56.02,56.02,56.02,,1,UP,NO,NO,2026-10-09T00:05:31Z
2021-01-14T19:30:00Z,2021-01-14T20:30,2021-01-14T20:45,83,48.01,48.01,,48.01,-1,DOWN,NO,NO,2026-10-09T00:05:31Z
2021-01-14T19:45:00Z,2021-01-14T20:45,2021-01-14T21:00,84,38.23,38.23,,38.23,-1,DOWN,NO,NO,2026-10-09T00:05:31Z
2021-01-14T20:00:00Z,2021-01-14T21:00,2021-01-14T21:15,85,34.06,34.06,,34.06,-1,DOWN,NO,NO,2026-10-09T00:05:31Z
2021-01-14T20:15:00Z,2021-01-14T21:15,2021-01-14T21:30,86,44.08,44.08,,,0,STABLE,NO,NO,2026-10-09T00:05:31Z
2021-01-14T20:30:00Z,2021-01-14T21:30,2021-01-14T21:45,87,52.4,52.4,,52.4,-1,DOWN,NO,NO,2026-10-09T00:05:31Z
2021-01-14T20:45:00Z,2021-01-14T21:45,2021-01-14T22:00,88,42.08,42.08,,,0,STABLE,NO,NO,2026-10-09T00:05:31Z
2021-01-14T21:00:00Z,2021-01-14T22:00,2021-01-14T22:15,89,58.51,52.94,58.51,52.94,2,UP_AND_DOWN,NO,NO,2026-10-09T00:05:31Z
2021-01-14T21:15:00Z,2021-01-14T22:15,2021-01-14T22:30,90,64.83,64.83,64.83,,1,UP,NO,NO,2026-10-09T00:05:31Z
2021-01-14T21:30:00Z,2021-01-14T22:30,2021-01-14T22:45,91,55.09,55.09,,,0,STABLE,NO,NO,2026-10-09T00:05:31Z
2021-01-14T21:45:00Z,2021-01-14T22:45,2021-01-14T23:00,92,55.09,55.09,,,0,STABLE,NO,NO,2026-10-09T00:05:31Z
2021-01-14T22:00:00Z,2021-01-14T23:00,2021-01-14T23:15,93,51.02,51.02,,51.02,-1,DOWN,NO,NO,2026-10-09T00:05:31Z
2021-01-14T22:15:00Z,2021-01-14T23:15,2021-01-14T23:30,94,42.84,42.84,,42.84,-1,DOWN,NO,NO,2026-10-09T00:05:31Z
2021-01-14T22:30:00Z,2021-01-14T23:30,2021-01-14T23:45,95,41.82,41.82,,41.82,-1,DOWN,NO,NO,2026-10-09T00:05:31Z
2021-01-14T22:45:00Z,2021-01-14T23:45,2021-01-15T00:00,96,28.32,28.32,,28.32,-1,DOWN,NO,NO,2026-10-09T00:05:31Z
2021-01-14T23:00:00Z,2021-01-15T00:00,2021-01-15T00:15,1,52.41,-7.94,52.41,-7.94,2,UP_AND_DOWN,NO,NO,2026-10-09T00:05:31Z
2021-01-14T23:15:00Z,2021-01-15T00:15,2021-01-15T00:30,2,43.46,43.46,52.41,43.46,-1,DOWN,NO,NO,2026-10-09T00:05:31Z
2021-01-14T23:30:00Z,2021-01-15T00:30,2021-01-15T00:45,3,45.1,45.1,,45.1,-1,DOWN,NO,NO,2026-10-09T00:05:31Z
2021-01-14T23:45:00Z,2021-01-15T00:45,2021-01-15T01:00,4,47.02,47.02,,47.02,-1,DOWN,NO,NO,2026-10-09T00:05:31Z
2021-01-15T00:00:00Z,2021-01-15T01:00,2021-01-15T01:15,5,40.46,40.46,,40.46,-1,DOWN,NO,NO,2026-10-09T00:05:31Z
2021-01-15T00:15:00Z,2021-01-15T01:15,2021-01-15T01:30,6,39.94,39.94,,,0,STABLE,NO,NO,2026-10-09T00:05:31Z
2021-01-15T00:30:00Z,2021-01-15T01:30,2021-01-15T01:45,7,39.99,39.99,,,0,STABLE,NO,NO,2026-10-09T00:05:31Z
2021-01-15T00:45:00Z,2021-01-15T01:45,2021-01-15T02:00,8,46.89,46.89,,46.89,-1,DOWN,NO,NO,2026-10-09T00:05:31Z
2021-01-15T01:00:00Z,2021-01-15T02:00,2021-01-15T02:15,9,49.84,49.84,,49.84,-1,DOWN,NO,NO,2026-10-09T00:05:31Z
2021-01-15T01:15:00Z,2021-01-15T02:15,2021-01-15T02:30,10,48.74,48.74,,48.74,-1,DOWN,NO,NO,2026-10-09T00:05:31Z
2021-01-15T01:30:00Z,2021-01-15T02:30,2021-01-15T02:45,11,47.09,47.09,,47.09,-1,DOWN,NO,NO,2026-10-09T00:05:31Z
2021-01-15T01:45:00Z,2021-01-15T02:45,2021-01-15T03:00,12,22.7,22.7,,22.7,-1,DOWN,NO,NO,2026-10-09T00:05:31Z
2021-01-15T02:00:00Z,2021-01-15T03:00,2021-01-15T03:15,13,40.46,40.46,,40.46,-1,DOWN,NO,NO,2026-10-09T00:05:31Z
2021-01-15T02:15:00Z,2021-01-15T03:15,2021-01-15T03:30,14,48.69,48.69,,,0,STABLE,NO,NO,2026-10-09T00:05:31Z
2021-01-15T02:30:00Z,2021-01-15T03:30,2021-01-15T03:45,15,48.68,48.68,,,0,STABLE,NO,NO,2026-10-09T00:05:31Z
2021-01-15T02:45:00Z,2021-01-15T03:45,2021-01-15T04:00,16,48.69,48.69,,,0,STABLE,NO,NO,2026-10-09T00:05:31Z
2021-01-15T03:00:00Z,2021-01-15T04:00,2021-01-15T04:15,17,49.17,49.17,,49.17,-1,DOWN,NO,NO,2026-10-09T00:05:31Z
2021-01-15T03:15:00Z,2021-01-15T04:15,2021-01-15T04:30,18,46.01,46.01,,46.01,-1,DOWN,NO,NO,2026-10-09T00:05:31Z
2021-01-15T03:30:00Z,2021-01-15T04:30,2021-01-15T04:45,19,46.07,46.07,,46.07,-1,DOWN,NO,NO,2026-10-09T00:05:31Z
2021-01-15T03:45:00Z,2021-01-15T04:45,2021-01-15T05:00,20,38.67,38.67,,38.67,-1,DOWN,NO,NO,2026-10-09T00:05:31Z
2021-01-15T04:00:00Z,2021-01-15T05:00,2021-01-15T05:15,21,47.92,47.92,,47.92,-1,DOWN,NO,NO,2026-10-09T00:05:31Z
2021-01-15T04:15:00Z,2021-01-15T05:15,2021-01-15T05:30,22,40.74,40.74,,40.74,-1,DOWN,NO,NO,2026-10-09T00:05:31Z
2021-01-15T04:30:00Z,2021-01-15T05:30,2021-01-15T05:45,23,50.9,50.9,,,0,STABLE,NO,NO,2026-10-09T00:05:31Z
2021-01-15T04:45:00Z,2021-01-15T05:45,2021-01-15T06:00,24,51.68,51.68,,51.68,-1,DOWN,NO,NO,2026-10-09T00:05:31Z
2021-01-15T05:00:00Z,2021-01-15T06:00,2021-01-15T06:15,25,29.54,29.54,,29.54,-1,DOWN,NO,NO,2026-10-09T00:05:31Z
2021-01-15T05:15:00Z,2021-01-15T06:15,2021-01-15T06:30,26,34.17,34.17,,34.17,-1,DOWN,NO,NO,2026-10-09T00:05:31Z
2021-01-15T05:30:00Z,2021-01-15T06:30,2021-01-15T06:45,27,57.91,42.16,57.91,42.16,2,UP_AND_DOWN,NO,NO,2026-10-09T00:05:31Z
2021-01-15T05:45:00Z,2021-01-15T06:45,2021-01-15T07:00,28,55.25,55.25,55.25,42.16,1,UP,NO,NO,2026-10-09T00:05:31Z
2021-01-15T06:00:00Z,2021-01-15T07:00,2021-01-15T07:15,29,7.77,7.77,,7.77,-1,DOWN,NO,NO,2026-10-09T00:05:31Z
2021-01-15T06:15:00Z,2021-01-15T07:15,2021-01-15T07:30,30,46.16,46.16,,46.16,-1,DOWN,NO,NO,2026-10-09T00:05:31Z
2021-01-15T06:30:00Z,2021-01-15T07:30,2021-01-15T07:45,31,52.3,52.3,,,0,STABLE,NO,NO,2026-10-09T00:05:31Z
2021-01-15T06:45:00Z,2021-01-15T07:45,2021-01-15T08:00,32,52.26,52.26,,,0,STABLE,NO,NO,2026-10-09T00:05:31Z
2021-01-15T07:00:00Z,2021-01-15T08:00,2021-01-15T08:15,33,29.54,29.54,,29.54,-1,DOWN,NO,NO,2026-10-09T00:05:31Z
2021-01-15T07:15:00Z,2021-01-15T08:15,2021-01-15T08:30,34,35.94,35.94,,35.94,-1,DOWN,NO,NO,2026-10-09T00:05:31Z
2021-01-15T07:30:00Z,2021-01-15T08:30,2021-01-15T08:45,35,54.8,54.8,,,0,STABLE,NO,NO,2026-10-09T00:05:31Z
2021-01-15T07:45:00Z,2021-01-15T08:45,2021-01-15T09:00,36,61.1,61.1,,,0,STABLE,NO,NO,2026-10-09T00:05:31Z
2021-01-15T08:00:00Z,2021-01-15T09:00,2021-01-15T09:15,37,51.73,51.73,51.73,,1,UP,NO,NO,2026-10-09T00:05:31Z
2021-01-15T08:15:00Z,2021-01-15T09:15,2021-01-15T09:30,38,67.76,67.76,67.76,,1,UP,NO,NO,2026-10-09T00:05:31Z
2021-01-15T08:30:00Z,2021-01-15T09:30,2021-01-15T09:45,39,67.76,67.76,67.76,,1,UP,NO,NO,2026-10-09T00:05:31Z
2021-01-15T08:45:00Z,2021-01-15T09:45,2021-01-15T10:00,40,87.76,87.76,87.76,,1,UP,NO,NO,2026-10-09T00:05:31Z
2021-01-15T09:00:00Z,2021-01-15T10:00,2021-01-15T10:15,41,440.69,440.69,440.69,,1,UP,NO,NO,2026-10-09T00:05:31Z
2021-01-15T09:15:00Z,2021-01-15T10:15,2021-01-15T10:30,42,440.69,440.69,440.69,,1,UP,NO,NO,2026-10-09T00:05:31Z
2021-01-15T09:30:00Z,2021-01-15T10:30,2021-01-15T10:45,43,484.76,484.76,484.76,,1,UP,YES,NO,2026-10-09T00:05:31Z
2021-01-15T09:45:00Z,2021-01-15T10:45,2021-01-15T11:00,44,52.27,52.27,484.76,52.27,-1,DOWN,YES,NO,2026-10-09T00:05:31Z
2021-01-15T10:00:00Z,2021-01-15T11:00,2021-01-15T11:15,45,160,160,160,,1,UP,NO,NO,2026-10-09T00:05:31Z
2021-01-15T10:15:00Z,2021-01-15T11:15,2021-01-15T11:30,46,436.97,436.97,436.97,,1,UP,NO,NO,2026-10-09T00:05:31Z
2021-01-15T10:30:00Z,2021-01-15T11:30,2021-01-15T11:45,47,106.97,106.97,106.97,,1,UP,NO,NO,2026-10-09T00:05:31Z
2021-01-15T10:45:00Z,2021-01-15T11:45,2021-01-15T12:00,48,436.97,436.97,436.97,,1,UP,NO,NO,2026-10-09T00:05:31Z
2021-01-15T11:00:00Z,2021-01-15T12:00,2021-01-15T12:15,49,151,151,151,,1,UP,NO,NO,2026-10-09T00:05:31Z
2021-01-15T11:15:00Z,2021-01-15T12:15,2021-01-15T12:30,50,128.73,128.73,128.73,,1,UP,NO,NO,2026-10-09T00:05:31Z
2021-01-15T11:30:00Z,2021-01-15T12:30,2021-01-15T12:45,51,55,55,55,,1,UP,NO,NO,2026-10-09T00:05:31Z
2021-01-15T11:45:00Z,2021-01-15T12:45,2021-01-15T13:00,52,56.46,56.46,56.46,,1,UP,NO,NO,2026-10-09T00:05:31Z
2021-01-15T12:00:00Z,2021-01-15T13:00,2021-01-15T13:15,53,109.64,109.64,109.64,,1,UP,NO,NO,2026-10-09T00:05:31Z
2021-01-15T12:15:00Z,2021-01-15T13:15,2021-01-15T13:30,54,56.64,56.64,56.64,,1,UP,NO,NO,2026-10-09T00:05:31Z
2021-01-15T12:30:00Z,2021-01-15T13:30,2021-01-15T13:45,55,51.97,51.97,56.64,51.97,-1,DOWN,NO,NO,2026-10-09T00:05:31Z
2021-01-15T12:45:00Z,2021-01-15T13:45,2021-01-15T14:00,56,55.25,55.25,,,0,STABLE,NO,NO,2026-10-09T00:05:31Z
2021-01-15T13:00:00Z,2021-01-15T14:00,2021-01-15T14:15,57,427.14,427.14,427.14,,1,UP,NO,NO,2026-10-09T00:05:31Z
2021-01-15T13:15:00Z,2021-01-15T14:15,2021-01-15T14:30,58,67.14,67.14,67.14,,1,UP,NO,NO,2026-10-09T00:05:31Z
2021-01-15T13:30:00Z,2021-01-15T14:30,2021-01-15T14:45,59,62.24,62.24,62.24,,1,UP,NO,NO,2026-10-09T00:05:31Z
2021-01-15T13:45:00Z,2021-01-15T14:45,2021-01-15T15:00,60,110.14,110.14,110.14,,1,UP,NO,NO,2026-10-09T00:05:31Z
2021-01-15T14:00:00Z,2021-01-15T15:00,2021-01-15T15:15,61,50.82,50.82,47.82,53.26,2,UP_AND_DOWN,NO,NO,2026-10-09T00:05:31Z
2021-01-15T14:15:00Z,2021-01-15T15:15,2021-01-15T15:30,62,50.82,50.82,,,0,STABLE,NO,NO,2026-10-09T00:05:31Z
2021-01-15T14:30:00Z,2021-01-15T15:30,2021-01-15T15:45,63,50.8,50.8,,,0,STABLE,NO,NO,2026-10-09T00:05:31Z
2021-01-15T14:45:00Z,2021-01-15T15:45,2021-01-15T16:00,64,50.78,50.78,,,0,STABLE,NO,NO,2026-10-09T00:05:31Z
2021-01-15T15:00:00Z,2021-01-15T16:00,2021-01-15T16:15,65,34.54,34.54,,34.54,-1,DOWN,NO,NO,2026-10-09T00:05:31Z
2021-01-15T15:15:00Z,2021-01-15T16:15,2021-01-15T16:30,66,42.16,42.16,,42.16,-1,DOWN,NO,NO,2026-10-09T00:05:31Z
2021-01-15T15:30:00Z,2021-01-15T16:30,2021-01-15T16:45,67,48.36,48.36,,48.36,-1,DOWN,NO,NO,2026-10-09T00:05:31Z
2021-01-15T15:45:00Z,2021-01-15T16:45,2021-01-15T17:00,68,54.32,54.32,,,0,STABLE,NO,NO,2026-10-09T00:05:31Z
2021-01-15T16:00:00Z,2021-01-15T17:00,2021-01-15T17:15,69,34.54,34.54,,34.54,-1,DOWN,NO,NO,2026-10-09T00:05:31Z
2021-01-15T16:15:00Z,2021-01-15T17:15,2021-01-15T17:30,70,70.63,70.63,,70.63,-1,DOWN,NO,NO,2026-10-09T00:05:31Z
2021-01-15T16:30:00Z,2021-01-15T17:30,2021-01-15T17:45,71,61.16,61.16,,,0,STABLE,NO,NO,2026-10-09T00:05:31Z
2021-01-15T16:45:00Z,2021-01-15T17:45,2021-01-15T18:00,72,61.18,61.18,,,0,STABLE,NO,NO,2026-10-09T00:05:31Z
2021-01-15T17:00:00Z,2021-01-15T18:00,2021-01-15T18:15,73,52.46,52.46,,52.46,-1,DOWN,NO,NO,2026-10-09T00:05:31Z
2021-01-15T17:15:00Z,2021-01-15T18:15,2021-01-15T18:30,74,46.16,46.16,,46.16,-1,DOWN,NO,NO,2026-10-09T00:05:31Z
2021-01-15T17:30:00Z,2021-01-15T18:30,2021-01-15T18:45,75,46.11,46.11,,46.11,-1,DOWN,NO,NO,2026-10-09T00:05:31Z
2021-01-15T17:45:00Z,2021-01-15T18:45,2021-01-15T19:00,76,37.54,37.54,,37.54,-1,DOWN,NO,NO,2026-10-09T00:05:31Z
2021-01-15T18:00:00Z,2021-01-15T19:00,2021-01-15T19:15,77,56.6,56.6,56.6,40.77,1,UP,NO,NO,2026-10-09T00:05:31Z
2021-01-15T18:15:00Z,2021-01-15T19:15,2021-01-15T19:30,78,61.13,61.13,,,0,STABLE,NO,NO,2026-10-09T00:05:31Z
2021-01-15T18:30:00Z,2021-01-15T19:30,2021-01-15T19:45,79,37.54,37.54,,37.54,-1,DOWN,NO,NO,2026-10-09T00:05:31Z
2021-01-15T18:45:00Z,2021-01-15T19:45,2021-01-15T20:00,80,34.54,34.54,,34.54,-1,DOWN,NO,NO,2026-10-09T00:05:31Z
2021-01-15T19:00:00Z,2021-01-15T20:00,2021-01-15T20:15,81,42.47,42.47,,42.47,-1,DOWN,NO,NO,2026-10-09T00:05:31Z
2021-01-15T19:15:00Z,2021-01-15T20:15,2021-01-15T20:30,82,46.16,46.16,,46.16,-1,DOWN,NO,NO,2026-10-09T00:05:31Z
2021-01-15T19:30:00Z,2021-01-15T20:30,2021-01-15T20:45,83,31.76,31.76,,31.76,-1,DOWN,NO,NO,2026-10-09T00:05:31Z
2021-01-15T19:45:00Z,2021-01-15T20:45,2021-01-15T21:00,84,20.39,20.39,,20.39,-1,DOWN,NO,NO,2026-10-09T00:05:31Z
2021-01-15T20:00:00Z,2021-01-15T21:00,2021-01-15T21:15,85,132.18,39.38,132.18,39.38,2,UP_AND_DOWN,NO,NO,2026-10-09T00:05:31Z
2021-01-15T20:15:00Z,2021-01-15T21:15,2021-01-15T21:30,86,50.82,50.82,50.82,,1,UP,NO,NO,2026-10-09T00:05:31Z
2021-01-15T20:30:00Z,2021-01-15T21:30,2021-01-15T21:45,87,49.49,49.49,,,0,STABLE,NO,NO,2026-10-09T00:05:31Z
2021-01-15T20:45:00Z,2021-01-15T21:45,2021-01-15T22:00,88,-24.99,-24.99,,-24.99,-1,DOWN,NO,NO,2026-10-09T00:05:31Z
2021-01-15T21:00:00Z,2021-01-15T22:00,2021-01-15T22:15,89,33.77,33.77,,33.77,-1,DOWN,NO,NO,2026-10-09T00:05:31Z
2021-01-15T21:15:00Z,2021-01-15T22:15,2021-01-15T22:30,90,47.82,47.82,47.82,,1,UP,NO,NO,2026-10-09T00:05:31Z
2021-01-15T21:30:00Z,2021-01-15T22:30,2021-01-15T22:45,91,55.25,55.25,55.25,,1,UP,NO,NO,2026-10-09T00:05:31Z
2021-01-15T21:45:00Z,2021-01-15T22:45,2021-01-15T23:00,92,51.77,51.77,51.77,,1,UP,NO,NO,2026-10-09T00:05:31Z
2021-01-15T22:00:00Z,2021-01-15T23:00,2021-01-15T23:15,93,49.49,49.49,,,0,STABLE,NO,NO,2026-10-09T00:05:31Z
2021-01-15T22:15:00Z,2021-01-15T23:15,2021-01-15T23:30,94,40.54,40.54,,40.54,-1,DOWN,NO,NO,2026-10-09T00:05:31Z
2021-01-15T22:30:00Z,2021-01-15T23:30,2021-01-15T23:45,95,39.55,39.55,,39.55,-1,DOWN,NO,NO,2026-10-09T00:05:31Z
2021-01-15T22:45:00Z,2021-01-15T23:45,2021-01-16T00:00,96,37.99,37.99,,37.99,-1,DOWN,NO,NO,2026-10-09T00:05:31Z
2021-01-15T23:00:00Z,2021-01-16T00:00,2021-01-16T00:15,1,83,-82.74,83,-82.74,2,UP_AND_DOWN,NO,NO,2026-10-09T00:05:31Z
2021-01-15T23:15:00Z,2021-01-16T00:15,2021-01-16T00:30,2,281.6,41.15,281.6,41.15,2,UP_AND_DOWN,NO,NO,2026-10-09T00:05:31Z
2021-01-15T23:30:00Z,2021-01-16T00:30,2021-01-16T00:45,3,29.54,29.54,,29.54,-1,DOWN,NO,NO,2026-10-09T00:05:31Z
2021-01-15T23:45:00Z,2021-01-16T00:45,2021-01-16T01:00,4,37.5,37.5,,37.5,-1,DOWN,NO,NO,2026-10-09T00:05:31Z
2021-01-16T00:00:00Z,2021-01-16T01:00,2021-01-16T01:15,5,50.99,40.54,50.99,40.54,2,UP_AND_DOWN,NO,NO,2026-10-09T00:05:31Z
2021-01-16T00:15:00Z,2021-01-16T01:15,2021-01-16T01:30,6,42.99,42.99,,42.99,-1,DOWN,NO,NO,2026-10-09T00:05:31Z
2021-01-16T00:30:00Z,2021-01-16T01:30,2021-01-16T01:45,7,37.54,37.54,,37.54,-1,DOWN,NO,NO,2026-10-09T00:05:31Z
2021-01-16T00:45:00Z,2021-01-16T01:45,2021-01-16T02:00,8,38.2,38.2,,38.2,-1,DOWN,NO,NO,2026-10-09T00:05:31Z
2021-01-16T01:00:00Z,2021-01-16T02:00,2021-01-16T02:15,9,53.13,40.54,53.13,40.54,2,UP_AND_DOWN,NO,NO,2026-10-09T00:05:31Z
2021-01-16T01:15:00Z,2021-01-16T02:15,2021-01-16T02:30,10,45.59,45.59,45.59,40.54,1,UP,NO,NO,2026-10-09T00:05:31Z
2021-01-16T01:30:00Z,2021-01-16T02:30,2021-01-16T02:45,11,50.81,50.81,50.81,,1,UP,NO,NO,2026-10-09T00:05:31Z
2021-01-16T01:45:00Z,2021-01-16T02:45,2021-01-16T03:00,12,46.71,46.71,46.86,46.71,-1,DOWN,NO,NO,2026-10-09T00:05:31Z
2021-01-16T02:00:00Z,2021-01-16T03:00,2021-01-16T03:15,13,62.54,46.43,62.54,46.85,2,UP_AND_DOWN,NO,NO,2026-10-09T00:05:31Z
2021-01-16T02:15:00Z,2021-01-16T03:15,2021-01-16T03:30,14,50.46,50.46,50.46,,1,UP,NO,NO,2026-10-09T00:05:31Z
2021-01-16T02:30:00Z,2021-01-16T03:30,2021-01-16T03:45,15,45.53,45.53,45.53,,1,UP,NO,NO,2026-10-09T00:05:31Z
2021-01-16T02:45:00Z,2021-01-16T03:45,2021-01-16T04:00,16,46.43,46.43,,,0,STABLE,NO,NO,2026-10-09T00:05:31Z
2021-01-16T03:00:00Z,2021-01-16T04:00,2021-01-16T04:15,17,50.95,50.95,50.95,,1,UP,NO,NO,2026-10-09T00:05:31Z
2021-01-16T03:15:00Z,2021-01-16T04:15,2021-01-16T04:30,18,45.59,45.59,45.59,,1,UP,NO,NO,2026-10-09T00:05:31Z
2021-01-16T03:30:00Z,2021-01-16T04:30,2021-01-16T04:45,19,45.49,45.49,45.49,,1,UP,NO,NO,2026-10-09T00:05:31Z
2021-01-16T03:45:00Z,2021-01-16T04:45,2021-01-16T05:00,20,39,39,,39,-1,DOWN,NO,NO,2026-10-09T00:05:31Z
2021-01-16T04:00:00Z,2021-01-16T05:00,2021-01-16T05:15,21,46.43,38.91,45.54,38.91,2,UP_AND_DOWN,NO,NO,2026-10-09T00:05:31Z
2021-01-16T04:15:00Z,2021-01-16T05:15,2021-01-16T05:30,22,46.92,44.84,46.92,44.84,2,UP_AND_DOWN,NO,NO,2026-10-09T00:05:31Z
2021-01-16T04:30:00Z,2021-01-16T05:30,2021-01-16T05:45,23,44.99,44.99,,44.99,-1,DOWN,NO,NO,2026-10-09T00:05:31Z
2021-01-16T04:45:00Z,2021-01-16T05:45,2021-01-16T06:00,24,37.88,37.88,,37.88,-1,DOWN,NO,NO,2026-10-09T00:05:31Z
2021-01-16T05:00:00Z,2021-01-16T06:00,2021-01-16T06:15,25,36.79,36.79,,36.79,-1,DOWN,NO,NO,2026-10-09T00:05:31Z
2021-01-16T05:15:00Z,2021-01-16T06:15,2021-01-16T06:30,26,39.79,39.79,,39.79,-1,DOWN,NO,NO,2026-10-09T00:05:31Z
2021-01-16T05:30:00Z,2021-01-16T06:30,2021-01-16T06:45,27,33.13,33.13,,33.13,-1,DOWN,NO,NO,2026-10-09T00:05:31Z
2021-01-16T05:45:00Z,2021-01-16T06:45,2021-01-16T07:00,28,39.79,39.79,,39.79,-1,DOWN,NO,NO,2026-10-09T00:05:31Z
2021-01-16T06:00:00Z,2021-01-16T07:00,2021-01-16T07:15,29,32.87,32.87,,32.87,-1,DOWN,NO,NO,2026-10-09T00:05:31Z
2021-01-16T06:15:00Z,2021-01-16T07:15,2021-01-16T07:30,30,28.79,28.79,,28.79,-1,DOWN,NO,NO,2026-10-09T00:05:31Z
2021-01-16T06:30:00Z,2021-01-16T07:30,2021-01-16T07:45,31,28.79,28.79,,28.79,-1,DOWN,NO,NO,2026-10-09T00:05:31Z
2021-01-16T06:45:00Z,2021-01-16T07:45,2021-01-16T08:00,32,39,39,,39,-1,DOWN,NO,NO,2026-10-09T00:05:31Z
2021-01-16T07:00:00Z,2021-01-16T08:00,2021-01-16T08:15,33,41.01,41.01,,41.01,-1,DOWN,NO,NO,2026-10-09T00:05:31Z
2021-01-16T07:15:00Z,2021-01-16T08:15,2021-01-16T08:30,34,41.79,41.79,,41.79,-1,DOWN,NO,NO,2026-10-09T00:05:31Z
2021-01-16T07:30:00Z,2021-01-16T08:30,2021-01-16T08:45,35,42.73,42.73,,42.73,-1,DOWN,NO,NO,2026-10-09T00:05:31Z
2021-01-16T07:45:00Z,2021-01-16T08:45,2021-01-16T09:00,36,50.1,50.1,50.1,42.73,1,UP,NO,NO,2026-10-09T00:05:31Z
2021-01-16T08:00:00Z,2021-01-16T09:00,2021-01-16T09:15,37,54.52,54.52,54.52,,1,UP,NO,NO,2026-10-09T00:05:31Z
2021-01-16T08:15:00Z,2021-01-16T09:15,2021-01-16T09:30,38,66.95,66.95,66.95,,1,UP,NO,NO,2026-10-09T00:05:31Z
2021-01-16T08:30:00Z,2021-01-16T09:30,2021-01-16T09:45,39,83.97,83.97,83.97,,1,UP,NO,NO,2026-10-09T00:05:31Z
2021-01-16T08:45:00Z,2021-01-16T09:45,2021-01-16T10:00,40,66.95,66.95,66.95,,1,UP,NO,NO,2026-10-09T00:05:31Z
2021-01-16T09:00:00Z,2021-01-16T10:00,2021-01-16T10:15,41,47.1,47.1,47.1,,1,UP,NO,NO,2026-10-09T00:05:31Z
2021-01-16T09:15:00Z,2021-01-16T10:15,2021-01-16T10:30,42,45.72,45.72,,,0,STABLE,NO,NO,2026-10-09T00:05:31Z
2021-01-16T09:30:00Z,2021-01-16T10:30,2021-01-16T10:45,43,45.72,45.72,,,0,STABLE,NO,NO,2026-10-09T00:05:31Z
2021-01-16T09:45:00Z,2021-01-16T10:45,2021-01-16T11:00,44,46.59,46.59,,46.59,-1,DOWN,NO,NO,2026-10-09T00:05:31Z
2021-01-16T10:00:00Z,2021-01-16T11:00,2021-01-16T11:15,45,47.1,45.64,47.1,47.18,2,UP_AND_DOWN,NO,NO,2026-10-09T00:05:31Z
2021-01-16T10:15:00Z,2021-01-16T11:15,2021-01-16T11:30,46,47.1,47.1,47.1,,1,UP,NO,NO,2026-10-09T00:05:31Z
2021-01-16T10:30:00Z,2021-01-16T11:30,2021-01-16T11:45,47,45.65,45.65,,,0,STABLE,NO,NO,2026-10-09T00:05:31Z
2021-01-16T10:45:00Z,2021-01-16T11:45,2021-01-16T12:00,48,45.66,45.66,,,0,STABLE,NO,NO,2026-10-09T00:05:31Z
2021-01-16T11:00:00Z,2021-01-16T12:00,2021-01-16T12:15,49,44.85,44.85,,44.85,-1,DOWN,NO,NO,2026-10-09T00:05:31Z
2021-01-16T11:15:00Z,2021-01-16T12:15,2021-01-16T12:30,50,46.91,46.91,,46.91,-1,DOWN,NO,NO,2026-10-09T00:05:31Z
2021-01-16T11:30:00Z,2021-01-16T12:30,2021-01-16T12:45,51,44.1,44.1,44.1,46.91,1,UP,NO,NO,2026-10-09T00:05:31Z
2021-01-16T11:45:00Z,2021-01-16T12:45,2021-01-16T13:00,52,43.35,43.35,,43.35,-1,DOWN,NO,NO,2026-10-09T00:05:31Z
2021-01-16T12:00:00Z,2021-01-16T13:00,2021-01-16T13:15,53,49.85,49.85,49.85,,1,UP,NO,NO,2026-10-09T00:05:31Z
2021-01-16T12:15:00Z,2021-01-16T13:15,2021-01-16T13:30,54,53.92,53.92,53.92,,1,UP,NO,NO,2026-10-09T00:05:31Z
2021-01-16T12:30:00Z,2021-01-16T13:30,2021-01-16T13:45,55,49.85,49.85,49.85,,1,UP,NO,NO,2026-10-09T00:05:31Z
2021-01-16T12:45:00Z,2021-01-16T13:45,2021-01-16T14:00,56,50.1,50.1,50.1,,1,UP,NO,NO,2026-10-09T00:05:31Z
2021-01-16T13:00:00Z,2021-01-16T14:00,2021-01-16T14:15,57,49.85,49.85,49.85,,1,UP,NO,NO,2026-10-09T00:05:31Z
2021-01-16T13:15:00Z,2021-01-16T14:15,2021-01-16T14:30,58,49.85,49.85,49.85,,1,UP,NO,NO,2026-10-09T00:05:31Z
2021-01-16T13:30:00Z,2021-01-16T14:30,2021-01-16T14:45,59,62.99,62.99,62.99,,1,UP,NO,NO,2026-10-09T00:05:31Z
2021-01-16T13:45:00Z,2021-01-16T14:45,2021-01-16T15:00,60,45.4,45.4,,,0,STABLE,NO,NO,2026-10-09T00:05:31Z
2021-01-16T14:00:00Z,2021-01-16T15:00,2021-01-16T15:15,61,48.59,48.59,48.59,,1,UP,NO,NO,2026-10-09T00:05:31Z
2021-01-16T14:15:00Z,2021-01-16T15:15,2021-01-16T15:30,62,45.56,45.56,,,0,STABLE,NO,NO,2026-10-09T00:05:31Z
2021-01-16T14:30:00Z,2021-01-16T15:30,2021-01-16T15:45,63,47.94,47.94,47.94,,1,UP,NO,NO,2026-10-09T00:05:31Z
2021-01-16T14:45:00Z,2021-01-16T15:45,2021-01-16T16:00,64,46.3,46.3,46.3,,1,UP,NO,NO,2026-10-09T00:05:31Z
2021-01-16T15:00:00Z,2021-01-16T16:00,2021-01-16T16:15,65,43.77,43.77,,43.77,-1,DOWN,NO,NO,2026-10-09T00:05:31Z
2021-01-16T15:15:00Z,2021-01-16T16:15,2021-01-16T16:30,66,46.02,46.02,,46.02,-1,DOWN,NO,NO,2026-10-09T00:05:31Z
2021-01-16T15:30:00Z,2021-01-16T16:30,2021-01-16T16:45,67,45.72,45.72,,,0,STABLE,NO,NO,2026-10-09T00:05:31Z
2021-01-16T15:45:00Z,2021-01-16T16:45,2021-01-16T17:00,68,75.82,75.82,75.82,,1,UP,NO,NO,2026-10-09T00:05:31Z
2021-01-16T16:00:00Z,2021-01-16T17:00,2021-01-16T17:15,69,36.79,36.79,75.82,36.79,-1,DOWN,NO,NO,2026-10-09T00:05:31Z
2021-01-16T16:15:00Z,2021-01-16T17:15,2021-01-16T17:30,70,47.1,47.1,47.1,36.79,1,UP,NO,NO,2026-10-09T00:05:31Z
2021-01-16T16:30:00Z,2021-01-16T17:30,2021-01-16T17:45,71,50.1,50.1,50.1,,1,UP,NO,NO,2026-10-09T00:05:31Z
2021-01-16T16:45:00Z,2021-01-16T17:45,2021-01-16T18:00,72,48.91,48.91,48.91,,1,UP,NO,NO,2026-10-09T00:05:31Z
2021-01-16T17:00:00Z,2021-01-16T18:00,2021-01-16T18:15,73,52.52,52.52,52.52,,1,UP,NO,NO,2026-10-09T00:05:31Z
2021-01-16T17:15:00Z,2021-01-16T18:15,2021-01-16T18:30,74,50.1,50.1,50.1,,1,UP,NO,NO,2026-10-09T00:05:31Z
2021-01-16T17:30:00Z,2021-01-16T18:30,2021-01-16T18:45,75,50.1,50.1,50.1,,1,UP,NO,NO,2026-10-09T00:05:31Z
2021-01-16T17:45:00Z,2021-01-16T18:45,2021-01-16T19:00,76,49.53,49.53,49.53,,1,UP,NO,NO,2026-10-09T00:05:31Z
2021-01-16T18:00:00Z,2021-01-16T19:00,2021-01-16T19:15,77,413.71,413.71,413.71,,1,UP,NO,NO,2026-10-09T00:05:31Z
2021-01-16T18:15:00Z,2021-01-16T19:15,2021-01-16T19:30,78,128.71,128.71,128.71,,1,UP,NO,NO,2026-10-09T00:05:31Z
2021-01-16T18:30:00Z,2021-01-16T19:30,2021-01-16T19:45,79,83.71,83.71,83.71,,1,UP,NO,NO,2026-10-09T00:05:31Z
2021-01-16T18:45:00Z,2021-01-16T19:45,2021-01-16T20:00,80,45.72,45.72,,,0,STABLE,NO,NO,2026-10-09T00:05:31Z
2021-01-16T19:00:00Z,2021-01-16T20:00,2021-01-16T20:15,81,44.1,44.1,44.1,,1,UP,NO,NO,2026-10-09T00:05:31Z
2021-01-16T19:15:00Z,2021-01-16T20:15,2021-01-16T20:30,82,47.1,47.1,47.1,,1,UP,NO,NO,2026-10-09T00:05:31Z
2021-01-16T19:30:00Z,2021-01-16T20:30,2021-01-16T20:45,83,44.1,44.1,44.1,,1,UP,NO,NO,2026-10-09T00:05:31Z
2021-01-16T19:45:00Z,2021-01-16T20:45,2021-01-16T21:00,84,45.7,45.7,,,0,STABLE,NO,NO,2026-10-09T00:05:31Z
2021-01-16T20:00:00Z,2021-01-16T21:00,2021-01-16T21:15,85,45.61,45.61,45.61,,1,UP,NO,NO,2026-10-09T00:05:31Z
2021-01-16T20:15:00Z,2021-01-16T21:15,2021-01-16T21:30,86,45.65,45.65,45.65,,1,UP,NO,NO,2026-10-09T00:05:31Z
2021-01-16T20:30:00Z,2021-01-16T21:30,2021-01-16T21:45,87,53.92,53.92,53.92,,1,UP,NO,NO,2026-10-09T00:05:31Z
2021-01-16T20:45:00Z,2021-01-16T21:45,2021-01-16T22:00,88,50.71,50.71,50.71,,1,UP,NO,NO,2026-10-09T00:05:31Z
2021-01-16T21:00:00Z,2021-01-16T22:00,2021-01-16T22:15,89,403.2,403.2,403.2,,1,UP,NO,NO,2026-10-09T00:05:31Z
2021-01-16T21:15:00Z,2021-01-16T22:15,2021-01-16T22:30,90,86.2,86.2,86.2,,1,UP,NO,NO,2026-10-09T00:05:31Z
2021-01-16T21:30:00Z,2021-01-16T22:30,2021-01-16T22:45,91,43.55,43.55,,,0,STABLE,NO,NO,2026-10-09T00:05:31Z
2021-01-16T21:45:00Z,2021-01-16T22:45,2021-01-16T23:00,92,46.24,46.24,46.24,,1,UP,NO,NO,2026-10-09T00:05:31Z
2021-01-16T22:00:00Z,2021-01-16T23:00,2021-01-16T23:15,93,44.63,44.63,44.63,,1,UP,NO,NO,2026-10-09T00:05:31Z
2021-01-16T22:15:00Z,2021-01-16T23:15,2021-01-16T23:30,94,41.55,41.55,,41.55,-1,DOWN,NO,NO,2026-10-09T00:05:31Z
2021-01-16T22:30:00Z,2021-01-16T23:30,2021-01-16T23:45,95,41.55,41.55,,41.55,-1,DOWN,NO,NO,2026-10-09T00:05:31Z
2021-01-16T22:45:00Z,2021-01-16T23:45,2021-01-17T00:00,96,22.17,22.17,,22.17,-1,DOWN,NO,NO,2026-10-09T00:05:31Z
2021-01-16T23:00:00Z,2021-01-17T00:00,2021-01-17T00:15,1,-60.77,-60.77,,-60.77,-1,DOWN,NO,NO,2026-10-09T00:05:31Z
2021-01-16T23:15:00Z,2021-01-17T00:15,2021-01-17T00:30,2,44.78,44.78,,,0,STABLE,NO,NO,2026-10-09T00:05:31Z
2021-01-16T23:30:00Z,2021-01-17T00:30,2021-01-17T00:45,3,41.5,41.5,,41.5,-1,DOWN,NO,NO,2026-10-09T00:05:31Z
2021-01-16T23:45:00Z,2021-01-17T00:45,2021-01-17T01:00,4,39.46,39.46,,39.46,-1,DOWN,NO,NO,2026-10-09T00:05:31Z
2021-01-17T00:00:00Z,2021-01-17T01:00,2021-01-17T01:15,5,61.51,61.51,61.51,39.46,1,UP,NO,NO,2026-10-09T00:05:31Z
2021-01-17T00:15:00Z,2021-01-17T01:15,2021-01-17T01:30,6,52.35,52.35,52.35,,1,UP,NO,NO,2026-10-09T00:05:31Z
2021-01-17T00:30:00Z,2021-01-17T01:30,2021-01-17T01:45,7,45.27,45.27,,,0,STABLE,NO,NO,2026-10-09T00:05:31Z
2021-01-17T00:45:00Z,2021-01-17T01:45,2021-01-17T02:00,8,26.14,26.14,,26.14,-1,DOWN,NO,NO,2026-10-09T00:05:31Z
2021-01-17T01:00:00Z,2021-01-17T02:00,2021-01-17T02:15,9,48.78,38.52,48.78,38.52,2,UP_AND_DOWN,NO,NO,2026-10-09T00:05:31Z
2021-01-17T01:15:00Z,2021-01-17T02:15,2021-01-17T02:30,10,44.68,44.68,,,0,STABLE,NO,NO,2026-10-09T00:05:31Z
2021-01-17T01:30:00Z,2021-01-17T02:30,2021-01-17T02:45,11,44.78,44.78,,,0,STABLE,NO,NO,2026-10-09T00:05:31Z
2021-01-17T01:45:00Z,2021-01-17T02:45,2021-01-17T03:00,12,44.71,44.71,,44.71,-1,DOWN,NO,NO,2026-10-09T00:05:31Z
2021-01-17T02:00:00Z,2021-01-17T03:00,2021-01-17T03:15,13,63.25,63.25,63.25,,1,UP,NO,NO,2026-10-09T00:05:31Z
2021-01-17T02:15:00Z,2021-01-17T03:15,2021-01-17T03:30,14,48.79,48.79,48.79,,1,UP,NO,NO,2026-10-09T00:05:31Z
2021-01-17T02:30:00Z,2021-01-17T03:30,2021-01-17T03:45,15,44.73,44.73,,,0,STABLE,NO,NO,2026-10-09T00:05:31Z
2021-01-17T02:45:00Z,2021-01-17T03:45,2021-01-17T04:00,16,44.7,44.7,,,0,STABLE,NO,NO,2026-10-09T00:05:31Z
2021-01-17T03:00:00Z,2021-01-17T04:00,2021-01-17T04:15,17,48.79,48.79,48.79,,1,UP,NO,NO,2026-10-09T00:05:31Z
2021-01-17T03:15:00Z,2021-01-17T04:15,2021-01-17T04:30,18,56.65,56.65,56.65,,1,UP,NO,NO,2026-10-09T00:05:31Z
2021-01-17T03:30:00Z,2021-01-17T04:30,2021-01-17T04:45,19,51.11,51.11,51.11,,1,UP,NO,NO,2026-10-09T00:05:31Z
2021-01-17T03:45:00Z,2021-01-17T04:45,2021-01-17T05:00,20,45.32,45.32,,,0,STABLE,NO,NO,2026-10-09T00:05:31Z
2021-01-17T04:00:00Z,2021-01-17T05:00,2021-01-17T05:15,21,48.79,48.79,48.79,,1,UP,NO,NO,2026-10-09T00:05:31Z
2021-01-17T04:15:00Z,2021-01-17T05:15,2021-01-17T05:30,22,44.74,44.74,44.74,,1,UP,NO,NO,2026-10-09T00:05:31Z
2021-01-17T04:30:00Z,2021-01-17T05:30,2021-01-17T05:45,23,48.79,48.79,48.79,,1,UP,NO,NO,2026-10-09T00:05:31Z
2021-01-17T04:45:00Z,2021-01-17T05:45,2021-01-17T06:00,24,55.79,55.79,55.79,,1,UP,NO,NO,2026-10-09T00:05:31Z
2021-01-17T05:00:00Z,2021-01-17T06:00,2021-01-17T06:15,25,45.12,45.12,,,0,STABLE,NO,NO,2026-10-09T00:05:31Z
2021-01-17T05:15:00Z,2021-01-17T06:15,2021-01-17T06:30,26,44.77,44.77,44.77,,1,UP,NO,NO,2026-10-09T00:05:31Z
2021-01-17T05:30:00Z,2021-01-17T06:30,2021-01-17T06:45,27,54.63,54.63,54.63,,1,UP,NO,NO,2026-10-09T00:05:31Z
2021-01-17T05:45:00Z,2021-01-17T06:45,2021-01-17T07:00,28,59.02,59.02,59.02,,1,UP,NO,NO,2026-10-09T00:05:31Z
2021-01-17T06:00:00Z,2021-01-17T07:00,2021-01-17T07:15,29,28.25,28.25,59.02,28.25,-1,DOWN,NO,NO,2026-10-09T00:05:31Z
2021-01-17T06:15:00Z,2021-01-17T07:15,2021-01-17T07:30,30,43.31,43.31,,43.31,-1,DOWN,NO,NO,2026-10-09T00:05:31Z
2021-01-17T06:30:00Z,2021-01-17T07:30,2021-01-17T07:45,31,41.06,41.06,,41.06,-1,DOWN,NO,NO,2026-10-09T00:05:31Z
2021-01-17T06:45:00Z,2021-01-17T07:45,2021-01-17T08:00,32,33.19,33.19,,33.19,-1,DOWN,NO,NO,2026-10-09T00:05:31Z
2021-01-17T07:00:00Z,2021-01-17T08:00,2021-01-17T08:15,33,46.59,46.59,46.59,46.82,1,UP,NO,NO,2026-10-09T00:05:31Z
2021-01-17T07:15:00Z,2021-01-17T08:15,2021-01-17T08:30,34,45.21,42.86,43.59,42.86,2,UP_AND_DOWN,NO,NO,2026-10-09T00:05:31Z
2021-01-17T07:30:00Z,2021-01-17T08:30,2021-01-17T08:45,35,45.21,45.21,,,0,STABLE,NO,NO,2026-10-09T00:05:31Z
2021-01-17T07:45:00Z,2021-01-17T08:45,2021-01-17T09:00,36,44.82,44.82,44.82,,1,UP,NO,NO,2026-10-09T00:05:31Z
2021-01-17T08:00:00Z,2021-01-17T09:00,2021-01-17T09:15,37,50.01,50.01,50.01,,1,UP,NO,NO,2026-10-09T00:05:31Z
2021-01-17T08:15:00Z,2021-01-17T09:15,2021-01-17T09:30,38,43.59,43.59,43.59,,1,UP,NO,NO,2026-10-09T00:05:31Z
2021-01-17T08:30:00Z,2021-01-17T09:30,2021-01-17T09:45,39,46.78,46.78,,46.78,-1,DOWN,NO,NO,2026-10-09T00:05:31Z
2021-01-17T08:45:00Z,2021-01-17T09:45,2021-01-17T10:00,40,49.73,49.73,49.73,,1,UP,NO,NO,2026-10-09T00:05:31Z
2021-01-17T09:00:00Z,2021-01-17T10:00,2021-01-17T10:15,41,48.61,48.61,48.61,,1,UP,NO,NO,2026-10-09T00:05:31Z
2021-01-17T09:15:00Z,2021-01-17T10:15,2021-01-17T10:30,42,49.84,49.84,49.84,,1,UP,NO,NO,2026-10-09T00:05:31Z
2021-01-17T09:30:00Z,2021-01-17T10:30,2021-01-17T10:45,43,65.61,65.61,65.61,,1,UP,NO,NO,2026-10-09T00:05:31Z
2021-01-17T09:45:00Z,2021-01-17T10:45,2021-01-17T11:00,44,51.37,51.37,51.37,,1,UP,NO,NO,2026-10-09T00:05:31Z
2021-01-17T10:00:00Z,2021-01-17T11:00,2021-01-17T11:15,45,281.6,281.6,281.6,,1,UP,NO,NO,2026-10-09T00:05:31Z
2021-01-17T10:15:00Z,2021-01-17T11:15,2021-01-17T11:30,46,149.14,149.14,149.14,,1,UP,NO,NO,2026-10-09T00:05:31Z
2021-01-17T10:30:00Z,2021-01-17T11:30,2021-01-17T11:45,47,76.88,76.88,76.88,,1,UP,NO,NO,2026-10-09T00:05:31Z
2021-01-17T10:45:00Z,2021-01-17T11:45,2021-01-17T12:00,48,54.01,54.01,54.01,,1,UP,NO,NO,2026-10-09T00:05:31Z
2021-01-17T11:00:00Z,2021-01-17T12:00,2021-01-17T12:15,49,82.55,82.55,82.55,,1,UP,NO,NO,2026-10-09T00:05:31Z
2021-01-17T11:15:00Z,2021-01-17T12:15,2021-01-17T12:30,50,49.59,49.59,49.59,,1,UP,NO,NO,2026-10-09T00:05:31Z
2021-01-17T11:30:00Z,2021-01-17T12:30,2021-01-17T12:45,51,42.06,42.06,49.59,42.06,-1,DOWN,NO,NO,2026-10-09T00:05:31Z
2021-01-17T11:45:00Z,2021-01-17T12:45,2021-01-17T13:00,52,39.81,39.81,,39.81,-1,DOWN,NO,NO,2026-10-09T00:05:31Z
2021-01-17T12:00:00Z,2021-01-17T13:00,2021-01-17T13:15,53,36.25,36.25,,36.25,-1,DOWN,NO,NO,2026-10-09T00:05:31Z
2021-01-17T12:15:00Z,2021-01-17T13:15,2021-01-17T13:30,54,36.25,36.25,,36.25,-1,DOWN,NO,NO,2026-10-09T00:05:31Z
2021-01-17T12:30:00Z,2021-01-17T13:30,2021-01-17T13:45,55,42.12,42.12,,42.12,-1,DOWN,NO,NO,2026-10-09T00:05:31Z
2021-01-17T12:45:00Z,2021-01-17T13:45,2021-01-17T14:00,56,42.2,42.2,,42.2,-1,DOWN,NO,NO,2026-10-09T00:05:31Z
2021-01-17T13:00:00Z,2021-01-17T14:00,2021-01-17T14:15,57,66.42,66.42,66.42,42.2,1,UP,NO,NO,2026-10-09T00:05:31Z
2021-01-17T13:15:00Z,2021-01-17T14:15,2021-01-17T14:30,58,82.95,82.95,82.95,,1,UP,NO,NO,2026-10-09T00:05:31Z
2021-01-17T13:30:00Z,2021-01-17T14:30,2021-01-17T14:45,59,45.41,45.41,,,0,STABLE,NO,NO,2026-10-09T00:05:31Z
2021-01-17T13:45:00Z,2021-01-17T14:45,2021-01-17T15:00,60,49.85,45.41,49.85,47.23,2,UP_AND_DOWN,NO,NO,2026-10-09T00:05:31Z
2021-01-17T14:00:00Z,2021-01-17T15:00,2021-01-17T15:15,61,31.04,31.04,,31.04,-1,DOWN,NO,NO,2026-10-09T00:05:31Z
2021-01-17T14:15:00Z,2021-01-17T15:15,2021-01-17T15:30,62,50.06,43.77,50.06,43.77,2,UP_AND_DOWN,NO,NO,2026-10-09T00:05:31Z
2021-01-17T14:30:00Z,2021-01-17T15:30,2021-01-17T15:45,63,45.47,45.47,,,0,STABLE,NO,NO,2026-10-09T00:05:31Z
2021-01-17T14:45:00Z,2021-01-17T15:45,2021-01-17T16:00,64,44.29,44.29,,44.29,-1,DOWN,NO,NO,2026-10-09T00:05:31Z
2021-01-17T15:00:00Z,2021-01-17T16:00,2021-01-17T16:15,65,-109.4,-109.4,,-109.4,-1,DOWN,NO,NO,2026-10-09T00:05:31Z
2021-01-17T15:15:00Z,2021-01-17T16:15,2021-01-17T16:30,66,36.95,36.95,,36.95,-1,DOWN,NO,NO,2026-10-09T00:05:31Z
2021-01-17T15:30:00Z,2021-01-17T16:30,2021-01-17T16:45,67,40.13,40.13,,40.13,-1,DOWN,NO,NO,2026-10-09T00:05:31Z
2021-01-17T15:45:00Z,2021-01-17T16:45,2021-01-17T17:00,68,48.82,48.82,48.82,40.13,1,UP,NO,NO,2026-10-09T00:05:31Z
2021-01-17T16:00:00Z,2021-01-17T17:00,2021-01-17T17:15,69,-3.01,-3.01,,-3.01,-1,DOWN,NO,NO,2026-10-09T00:05:31Z
2021-01-17T16:15:00Z,2021-01-17T17:15,2021-01-17T17:30,70,67.86,67.86,67.86,42.58,1,UP,NO,NO,2026-10-09T00:05:31Z
2021-01-17T16:30:00Z,2021-01-17T17:30,2021-01-17T17:45,71,281.6,281.6,281.6,,1,UP,NO,NO,2026-10-09T00:05:31Z
2021-01-17T16:45:00Z,2021-01-17T17:45,2021-01-17T18:00,72,102.16,102.16,102.16,,1,UP,NO,NO,2026-10-09T00:05:31Z
2021-01-17T17:00:00Z,2021-01-17T18:00,2021-01-17T18:15,73,66.14,66.14,66.14,,1,UP,NO,NO,2026-10-09T00:05:31Z
2021-01-17T17:15:00Z,2021-01-17T18:15,2021-01-17T18:30,74,42.2,42.2,60.81,42.2,-1,DOWN,NO,NO,2026-10-09T00:05:31Z
2021-01-17T17:30:00Z,2021-01-17T18:30,2021-01-17T18:45,75,39.95,39.95,60.81,39.95,-1,DOWN,NO,NO,2026-10-09T00:05:31Z
2021-01-17T17:45:00Z,2021-01-17T18:45,2021-01-17T19:00,76,40.17,40.17,,40.17,-1,DOWN,NO,NO,2026-10-09T00:05:31Z
2021-01-17T18:00:00Z,2021-01-17T19:00,2021-01-17T19:15,77,37.68,37.68,,37.68,-1,DOWN,NO,NO,2026-10-09T00:05:31Z
2021-01-17T18:15:00Z,2021-01-17T19:15,2021-01-17T19:30,78,42.48,42.48,,42.48,-1,DOWN,NO,NO,2026-10-09T00:05:31Z
2021-01-17T18:30:00Z,2021-01-17T19:30,2021-01-17T19:45,79,37.64,37.64,,37.64,-1,DOWN,NO,NO,2026-10-09T00:05:31Z
2021-01-17T18:45:00Z,2021-01-17T19:45,2021-01-17T20:00,80,28.5,28.5,,28.5,-1,DOWN,NO,NO,2026-10-09T00:05:31Z
2021-01-17T19:00:00Z,2021-01-17T20:00,2021-01-17T20:15,81,51.54,51.54,51.54,38.5,1,UP,NO,NO,2026-10-09T00:05:31Z
2021-01-17T19:15:00Z,2021-01-17T20:15,2021-01-17T20:30,82,45.42,45.42,,,0,STABLE,NO,NO,2026-10-09T00:05:31Z
2021-01-17T19:30:00Z,2021-01-17T20:30,2021-01-17T20:45,83,45.28,45.28,,45.28,-1,DOWN,NO,NO,2026-10-09T00:05:31Z
2021-01-17T19:45:00Z,2021-01-17T20:45,2021-01-17T21:00,84,21.25,21.25,,21.25,-1,DOWN,NO,NO,2026-10-09T00:05:31Z
2021-01-17T20:00:00Z,2021-01-17T21:00,2021-01-17T21:15,85,61.25,6.17,61.25,6.17,2,UP_AND_DOWN,NO,NO,2026-10-09T00:05:31Z
2021-01-17T20:15:00Z,2021-01-17T21:15,2021-01-17T21:30,86,49.85,43.4,49.85,43.4,2,UP_AND_DOWN,NO,NO,2026-10-09T00:05:31Z
2021-01-17T20:30:00Z,2021-01-17T21:30,2021-01-17T21:45,87,39.11,39.11,,39.11,-1,DOWN,NO,NO,2026-10-09T00:05:31Z
2021-01-17T20:45:00Z,2021-01-17T21:45,2021-01-17T22:00,88,37.35,37.35,,37.35,-1,DOWN,NO,NO,2026-10-09T00:05:31Z
2021-01-17T21:00:00Z,2021-01-17T22:00,2021-01-17T22:15,89,45.36,43.83,44.7,43.83,2,UP_AND_DOWN,NO,NO,2026-10-09T00:05:31Z
2021-01-17T21:15:00Z,2021-01-17T22:15,2021-01-17T22:30,90,47.56,47.56,47.56,,1,UP,NO,NO,2026-10-09T00:05:31Z
2021-01-17T21:30:00Z,2021-01-17T22:30,2021-01-17T22:45,91,45.38,45.38,,,0,STABLE,NO,NO,2026-10-09T00:05:31Z
2021-01-17T21:45:00Z,2021-01-17T22:45,2021-01-17T23:00,92,45.41,45.41,,,0,STABLE,NO,NO,2026-10-09T00:05:31Z
2021-01-17T22:00:00Z,2021-01-17T23:00,2021-01-17T23:15,93,38.99,38.99,,38.99,-1,DOWN,NO,NO,2026-10-09T00:05:31Z
2021-01-17T22:15:00Z,2021-01-17T23:15,2021-01-17T23:30,94,45.17,45.17,,,0,STABLE,NO,NO,2026-10-09T00:05:31Z
2021-01-17T22:30:00Z,2021-01-17T23:30,2021-01-17T23:45,95,44.51,44.51,,,0,STABLE,NO,NO,2026-10-09T00:05:31Z
2021-01-17T22:45:00Z,2021-01-17T23:45,2021-01-18T00:00,96,46.59,46.59,46.59,,1,UP,NO,NO,2026-10-09T00:05:31Z
2021-01-17T23:00:00Z,2021-01-18T00:00,2021-01-18T00:15,1,39.02,39.02,46.59,39.02,-1,DOWN,NO,NO,2026-10-09T00:05:31Z
2021-01-17T23:15:00Z,2021-01-18T00:15,2021-01-18T00:30,2,39.25,39.25,,39.25,-1,DOWN,NO,NO,2026-10-09T00:05:31Z
2021-01-17T23:30:00Z,2021-01-18T00:30,2021-01-18T00:45,3,30.63,30.63,,30.63,-1,DOWN,NO,NO,2026-10-09T00:05:31Z
2021-01-17T23:45:00Z,2021-01-18T00:45,2021-01-18T01:00,4,-29.42,-29.42,,-29.42,-1,DOWN,NO,NO,2026-10-09T00:05:31Z
2021-01-18T00:00:00Z,2021-01-18T01:00,2021-01-18T01:15,5,46.28,46.28,46.28,-29.42,1,UP,NO,NO,2026-10-09T00:05:31Z
2021-01-18T00:15:00Z,2021-01-18T01:15,2021-01-18T01:30,6,33.25,33.25,43.59,33.25,-1,DOWN,NO,NO,2026-10-09T00:05:31Z
2021-01-18T00:30:00Z,2021-01-18T01:30,2021-01-18T01:45,7,33.25,33.25,,33.25,-1,DOWN,NO,NO,2026-10-09T00:05:31Z
2021-01-18T00:45:00Z,2021-01-18T01:45,2021-01-18T02:00,8,39.99,39.99,,39.99,-1,DOWN,NO,NO,2026-10-09T00:05:31Z
2021-01-18T01:00:00Z,2021-01-18T02:00,2021-01-18T02:15,9,54.01,41.25,54.01,41.25,2,UP_AND_DOWN,NO,NO,2026-10-09T00:05:31Z
2021-01-18T01:15:00Z,2021-01-18T02:15,2021-01-18T02:30,10,46.59,46.59,46.59,,1,UP,NO,NO,2026-10-09T00:05:31Z
2021-01-18T01:30:00Z,2021-01-18T02:30,2021-01-18T02:45,11,43.78,43.78,46.59,43.78,-1,DOWN,NO,NO,2026-10-09T00:05:31Z
2021-01-18T01:45:00Z,2021-01-18T02:45,2021-01-18T03:00,12,43.82,43.82,,43.82,-1,DOWN,NO,NO,2026-10-09T00:05:31Z
2021-01-18T02:00:00Z,2021-01-18T03:00,2021-01-18T03:15,13,49.59,49.59,49.59,43.82,1,UP,NO,NO,2026-10-09T00:05:31Z
2021-01-18T02:15:00Z,2021-01-18T03:15,2021-01-18T03:30,14,49.59,42.17,49.59,42.17,2,UP_AND_DOWN,NO,NO,2026-10-09T00:05:31Z
2021-01-18T02:30:00Z,2021-01-18T03:30,2021-01-18T03:45,15,28.25,28.25,49.59,28.25,-1,DOWN,NO,NO,2026-10-09T00:05:31Z
2021-01-18T02:45:00Z,2021-01-18T03:45,2021-01-18T04:00,16,5.94,5.94,,5.94,-1,DOWN,NO,NO,2026-10-09T00:05:31Z
2021-01-18T03:00:00Z,2021-01-18T04:00,2021-01-18T04:15,17,19.65,19.65,,19.65,-1,DOWN,NO,NO,2026-10-09T00:05:31Z
2021-01-18T03:15:00Z,2021-01-18T04:15,2021-01-18T04:30,18,.03,.03,,.03,-1,DOWN,NO,NO,2026-10-09T00:05:31Z
2021-01-18T03:30:00Z,2021-01-18T04:30,2021-01-18T04:45,19,28.25,28.25,,28.25,-1,DOWN,NO,NO,2026-10-09T00:05:31Z
2021-01-18T03:45:00Z,2021-01-18T04:45,2021-01-18T05:00,20,36.56,36.56,,36.56,-1,DOWN,NO,NO,2026-10-09T00:05:31Z
2021-01-18T04:00:00Z,2021-01-18T05:00,2021-01-18T05:15,21,-120.93,-120.93,,-120.93,-1,DOWN,NO,NO,2026-10-09T00:05:31Z
2021-01-18T04:15:00Z,2021-01-18T05:15,2021-01-18T05:30,22,-125.06,-125.06,,-125.06,-1,DOWN,NO,NO,2026-10-09T00:05:31Z
2021-01-18T04:30:00Z,2021-01-18T05:30,2021-01-18T05:45,23,9.28,9.28,,9.28,-1,DOWN,NO,NO,2026-10-09T00:05:31Z
2021-01-18T04:45:00Z,2021-01-18T05:45,2021-01-18T06:00,24,44.61,33.02,44.61,33.02,2,UP_AND_DOWN,NO,NO,2026-10-09T00:05:31Z
2021-01-18T05:00:00Z,2021-01-18T06:00,2021-01-18T06:15,25,49.85,44.43,49.85,44.43,2,UP_AND_DOWN,NO,NO,2026-10-09T00:05:31Z
2021-01-18T05:15:00Z,2021-01-18T06:15,2021-01-18T06:30,26,28.68,28.68,,28.68,-1,DOWN,NO,NO,2026-10-09T00:05:31Z
2021-01-18T05:30:00Z,2021-01-18T06:30,2021-01-18T06:45,27,49.85,36.93,49.85,36.93,2,UP_AND_DOWN,NO,NO,2026-10-09T00:05:31Z
2021-01-18T05:45:00Z,2021-01-18T06:45,2021-01-18T07:00,28,49.85,25.08,49.85,25.08,2,UP_AND_DOWN,NO,NO,2026-10-09T00:05:31Z
2021-01-18T06:00:00Z,2021-01-18T07:00,2021-01-18T07:15,29,-62.46,-62.46,,-62.46,-1,DOWN,NO,NO,2026-10-09T00:05:31Z
2021-01-18T06:15:00Z,2021-01-18T07:15,2021-01-18T07:30,30,29.56,29.56,,29.56,-1,DOWN,NO,NO,2026-10-09T00:05:31Z
2021-01-18T06:30:00Z,2021-01-18T07:30,2021-01-18T07:45,31,50.89,50.89,50.89,36.19,1,UP,NO,NO,2026-10-09T00:05:31Z
2021-01-18T06:45:00Z,2021-01-18T07:45,2021-01-18T08:00,32,50.89,50.89,50.89,36.19,1,UP,NO,NO,2026-10-09T00:05:31Z
2021-01-18T07:00:00Z,2021-01-18T08:00,2021-01-18T08:15,33,-25.02,-25.02,50.89,-25.02,-1,DOWN,NO,NO,2026-10-09T00:05:31Z
2021-01-18T07:15:00Z,2021-01-18T08:15,2021-01-18T08:30,34,39.95,39.95,,39.95,-1,DOWN,NO,NO,2026-10-09T00:05:31Z
2021-01-18T07:30:00Z,2021-01-18T08:30,2021-01-18T08:45,35,54.42,44.78,54.42,46.02,2,UP_AND_DOWN,NO,NO,2026-10-09T00:05:31Z
2021-01-18T07:45:00Z,2021-01-18T08:45,2021-01-18T09:00,36,78.56,78.56,78.56,,1,UP,NO,NO,2026-10-09T00:05:31Z
2021-01-18T08:00:00Z,2021-01-18T09:00,2021-01-18T09:15,37,78,39.95,78,39.95,2,UP_AND_DOWN,NO,NO,2026-10-09T00:05:31Z
2021-01-18T08:15:00Z,2021-01-18T09:15,2021-01-18T09:30,38,42.2,42.2,78,42.2,-1,DOWN,NO,NO,2026-10-09T00:05:31Z
2021-01-18T08:30:00Z,2021-01-18T09:30,2021-01-18T09:45,39,37.81,37.81,,37.81,-1,DOWN,NO,NO,2026-10-09T00:05:31Z
2021-01-18T08:45:00Z,2021-01-18T09:45,2021-01-18T10:00,40,43.06,43.06,,43.06,-1,DOWN,NO,NO,2026-10-09T00:05:31Z
2021-01-18T09:00:00Z,2021-01-18T10:00,2021-01-18T10:15,41,53.56,53.56,53.56,43.06,1,UP,NO,NO,2026-10-09T00:05:31Z
2021-01-18T09:15:00Z,2021-01-18T10:15,2021-01-18T10:30,42,36.95,36.95,,36.95,-1,DOWN,NO,NO,2026-10-09T00:05:31Z
2021-01-18T09:30:00Z,2021-01-18T10:30,2021-01-18T10:45,43,34.59,34.59,,34.59,-1,DOWN,NO,NO,2026-10-09T00:05:31Z
2021-01-18T09:45:00Z,2021-01-18T10:45,2021-01-18T11:00,44,33.19,33.19,,33.19,-1,DOWN,NO,NO,2026-10-09T00:05:31Z
2021-01-18T10:00:00Z,2021-01-18T11:00,2021-01-18T11:15,45,50.48,50.48,50.48,36.19,1,UP,NO,NO,2026-10-09T00:05:31Z
2021-01-18T10:15:00Z,2021-01-18T11:15,2021-01-18T11:30,46,36.95,36.95,50.48,36.95,-1,DOWN,NO,NO,2026-10-09T00:05:31Z
2021-01-18T10:30:00Z,2021-01-18T11:30,2021-01-18T11:45,47,41.52,41.52,,41.52,-1,DOWN,NO,NO,2026-10-09T00:05:31Z
2021-01-18T10:45:00Z,2021-01-18T11:45,2021-01-18T12:00,48,41.52,41.52,,41.52,-1,DOWN,NO,NO,2026-10-09T00:05:31Z
2021-01-18T11:00:00Z,2021-01-18T12:00,2021-01-18T12:15,49,219.71,219.71,219.71,41.52,1,UP,NO,NO,2026-10-09T00:05:31Z
2021-01-18T11:15:00Z,2021-01-18T12:15,2021-01-18T12:30,50,219.71,219.71,219.71,,1,UP,NO,NO,2026-10-09T00:05:31Z
2021-01-18T11:30:00Z,2021-01-18T12:30,2021-01-18T12:45,51,63.25,63.25,63.25,,1,UP,NO,NO,2026-10-09T00:05:31Z
2021-01-18T11:45:00Z,2021-01-18T12:45,2021-01-18T13:00,52,47.03,47.03,53.95,47.03,-1,DOWN,NO,NO,2026-10-09T00:05:31Z
2021-01-18T12:00:00Z,2021-01-18T13:00,2021-01-18T13:15,53,46.77,46.77,53.95,46.77,-1,DOWN,NO,NO,2026-10-09T00:05:31Z
2021-01-18T12:15:00Z,2021-01-18T13:15,2021-01-18T13:30,54,45.15,45.15,,,0,STABLE,NO,NO,2026-10-09T00:05:31Z
2021-01-18T12:30:00Z,2021-01-18T13:30,2021-01-18T13:45,55,53.95,53.95,53.95,,1,UP,NO,NO,2026-10-09T00:05:31Z
2021-01-18T12:45:00Z,2021-01-18T13:45,2021-01-18T14:00,56,50.05,50.05,50.05,,1,UP,NO,NO,2026-10-09T00:05:31Z
2021-01-18T13:00:00Z,2021-01-18T14:00,2021-01-18T14:15,57,46.44,46.44,46.44,,1,UP,NO,NO,2026-10-09T00:05:31Z
2021-01-18T13:15:00Z,2021-01-18T14:15,2021-01-18T14:30,58,46.59,46.59,46.59,,1,UP,NO,NO,2026-10-09T00:05:31Z
2021-01-18T13:30:00Z,2021-01-18T14:30,2021-01-18T14:45,59,52.42,52.42,52.42,,1,UP,NO,NO,2026-10-09T00:05:31Z
2021-01-18T13:45:00Z,2021-01-18T14:45,2021-01-18T15:00,60,49.53,49.53,49.53,,1,UP,NO,NO,2026-10-09T00:05:31Z
2021-01-18T14:00:00Z,2021-01-18T15:00,2021-01-18T15:15,61,49.82,40.9,49.82,40.9,2,UP_AND_DOWN,NO,NO,2026-10-09T00:05:31Z
2021-01-18T14:15:00Z,2021-01-18T15:15,2021-01-18T15:30,62,40.7,40.7,49.82,40.7,-1,DOWN,NO,NO,2026-10-09T00:05:31Z
2021-01-18T14:30:00Z,2021-01-18T15:30,2021-01-18T15:45,63,43.97,43.97,,43.97,-1,DOWN,NO,NO,2026-10-09T00:05:31Z
2021-01-18T14:45:00Z,2021-01-18T15:45,2021-01-18T16:00,64,45.18,39.53,44.7,39.53,2,UP_AND_DOWN,NO,NO,2026-10-09T00:05:31Z
2021-01-18T15:00:00Z,2021-01-18T16:00,2021-01-18T16:15,65,-115.46,-115.46,,-115.46,-1,DOWN,NO,NO,2026-10-09T00:05:31Z
2021-01-18T15:15:00Z,2021-01-18T16:15,2021-01-18T16:30,66,-21.8,-21.8,,-21.8,-1,DOWN,NO,NO,2026-10-09T00:05:31Z
2021-01-18T15:30:00Z,2021-01-18T16:30,2021-01-18T16:45,67,46.65,-38.05,46.65,-38.05,2,UP_AND_DOWN,NO,NO,2026-10-09T00:05:31Z
2021-01-18T15:45:00Z,2021-01-18T16:45,2021-01-18T17:00,68,46.57,43.91,46.57,43.91,2,UP_AND_DOWN,NO,NO,2026-10-09T00:05:31Z
2021-01-18T16:00:00Z,2021-01-18T17:00,2021-01-18T17:15,69,-14.68,-14.68,,-14.68,-1,DOWN,NO,NO,2026-10-09T00:05:31Z
2021-01-18T16:15:00Z,2021-01-18T17:15,2021-01-18T17:30,70,45.44,45.44,,,0,STABLE,NO,NO,2026-10-09T00:05:31Z
2021-01-18T16:30:00Z,2021-01-18T17:30,2021-01-18T17:45,71,43.77,43.77,,43.77,-1,DOWN,NO,NO,2026-10-09T00:05:31Z
2021-01-18T16:45:00Z,2021-01-18T17:45,2021-01-18T18:00,72,53.01,45.44,53.01,47.34,2,UP_AND_DOWN,NO,NO,2026-10-09T00:05:31Z
2021-01-18T17:00:00Z,2021-01-18T18:00,2021-01-18T18:15,73,46.53,43.77,46.53,43.77,2,UP_AND_DOWN,NO,NO,2026-10-09T00:05:31Z
2021-01-18T17:15:00Z,2021-01-18T18:15,2021-01-18T18:30,74,43.65,43.65,,43.65,-1,DOWN,NO,NO,2026-10-09T00:05:31Z
2021-01-18T17:30:00Z,2021-01-18T18:30,2021-01-18T18:45,75,37.81,37.81,,37.81,-1,DOWN,NO,NO,2026-10-09T00:05:31Z
2021-01-18T17:45:00Z,2021-01-18T18:45,2021-01-18T19:00,76,37.81,37.81,,37.81,-1,DOWN,NO,NO,2026-10-09T00:05:31Z
2021-01-18T18:00:00Z,2021-01-18T19:00,2021-01-18T19:15,77,23.03,23.03,,23.03,-1,DOWN,NO,NO,2026-10-09T00:05:31Z
2021-01-18T18:15:00Z,2021-01-18T19:15,2021-01-18T19:30,78,21.19,21.19,,21.19,-1,DOWN,NO,NO,2026-10-09T00:05:31Z
2021-01-18T18:30:00Z,2021-01-18T19:30,2021-01-18T19:45,79,-7.78,-7.78,,-7.78,-1,DOWN,NO,NO,2026-10-09T00:05:31Z
2021-01-18T18:45:00Z,2021-01-18T19:45,2021-01-18T20:00,80,61.19,61.19,61.19,-7.78,1,UP,NO,NO,2026-10-09T00:05:31Z
2021-01-18T19:00:00Z,2021-01-18T20:00,2021-01-18T20:15,81,9.15,9.15,61.19,9.15,-1,DOWN,NO,NO,2026-10-09T00:05:31Z
2021-01-18T19:15:00Z,2021-01-18T20:15,2021-01-18T20:30,82,55.76,55.76,55.76,9.15,1,UP,NO,NO,2026-10-09T00:05:31Z
2021-01-18T19:30:00Z,2021-01-18T20:30,2021-01-18T20:45,83,53.95,53.95,53.95,,1,UP,NO,NO,2026-10-09T00:05:31Z
2021-01-18T19:45:00Z,2021-01-18T20:45,2021-01-18T21:00,84,71.94,71.94,71.94,,1,UP,NO,NO,2026-10-09T00:05:31Z
2021-01-18T20:00:00Z,2021-01-18T21:00,2021-01-18T21:15,85,39.42,39.42,64.85,39.42,-1,DOWN,NO,NO,2026-10-09T00:05:31Z
2021-01-18T20:15:00Z,2021-01-18T21:15,2021-01-18T21:30,86,53.63,53.63,53.63,39.42,1,UP,NO,NO,2026-10-09T00:05:31Z
2021-01-18T20:30:00Z,2021-01-18T21:30,2021-01-18T21:45,87,46.88,41.55,46.88,41.55,2,UP_AND_DOWN,NO,NO,2026-10-09T00:05:31Z
2021-01-18T20:45:00Z,2021-01-18T21:45,2021-01-18T22:00,88,73.26,73.26,73.26,41.55,1,UP,NO,NO,2026-10-09T00:05:31Z
2021-01-18T21:00:00Z,2021-01-18T22:00,2021-01-18T22:15,89,46.53,46.53,46.53,,1,UP,NO,NO,2026-10-09T00:05:31Z
2021-01-18T21:15:00Z,2021-01-18T22:15,2021-01-18T22:30,90,48.62,36.19,48.62,36.19,2,UP_AND_DOWN,NO,NO,2026-10-09T00:05:31Z
2021-01-18T21:30:00Z,2021-01-18T22:30,2021-01-18T22:45,91,-54.79,-54.79,48.62,-54.79,-1,DOWN,NO,NO,2026-10-09T00:05:31Z
2021-01-18T21:45:00Z,2021-01-18T22:45,2021-01-18T23:00,92,-121.87,-121.87,,-121.87,-1,DOWN,NO,NO,2026-10-09T00:05:31Z
2021-01-18T22:00:00Z,2021-01-18T23:00,2021-01-18T23:15,93,49.59,-25.92,49.59,-25.92,2,UP_AND_DOWN,NO,NO,2026-10-09T00:05:31Z
2021-01-18T22:15:00Z,2021-01-18T23:15,2021-01-18T23:30,94,49.61,-72.2,49.61,-72.2,2,UP_AND_DOWN,NO,NO,2026-10-09T00:05:31Z
2021-01-18T22:30:00Z,2021-01-18T23:30,2021-01-18T23:45,95,-42.32,-42.32,,-42.32,-1,DOWN,NO,NO,2026-10-09T00:05:31Z
2021-01-18T22:45:00Z,2021-01-18T23:45,2021-01-19T00:00,96,-25.92,-25.92,,-25.92,-1,DOWN,NO,NO,2026-10-09T00:05:31Z
2021-01-18T23:00:00Z,2021-01-19T00:00,2021-01-19T00:15,1,207.96,207.96,207.96,-132.04,1,UP,NO,NO,2026-10-09T00:05:31Z
2021-01-18T23:15:00Z,2021-01-19T00:15,2021-01-19T00:30,2,9.99,9.99,207.96,9.99,-1,DOWN,NO,NO,2026-10-09T00:05:31Z
2021-01-18T23:30:00Z,2021-01-19T00:30,2021-01-19T00:45,3,-12.51,-12.51,207.96,-12.51,-1,DOWN,NO,NO,2026-10-09T00:05:31Z
2021-01-18T23:45:00Z,2021-01-19T00:45,2021-01-19T01:00,4,43.03,43.03,,43.03,-1,DOWN,NO,NO,2026-10-09T00:05:31Z
2021-01-19T00:00:00Z,2021-01-19T01:00,2021-01-19T01:15,5,42.64,-12.57,42.64,-12.57,2,UP_AND_DOWN,NO,NO,2026-10-09T00:05:31Z
2021-01-19T00:15:00Z,2021-01-19T01:15,2021-01-19T01:30,6,-89.4,-89.4,42.64,-89.4,-1,DOWN,NO,NO,2026-10-09T00:05:31Z
2021-01-19T00:30:00Z,2021-01-19T01:30,2021-01-19T01:45,7,45.73,-132.87,45.73,-132.87,2,UP_AND_DOWN,NO,NO,2026-10-09T00:05:31Z
2021-01-19T00:45:00Z,2021-01-19T01:45,2021-01-19T02:00,8,-132.87,-132.87,,-132.87,-1,DOWN,NO,NO,2026-10-09T00:05:31Z
2021-01-19T01:00:00Z,2021-01-19T02:00,2021-01-19T02:15,9,47.14,-50.63,47.14,-50.63,2,UP_AND_DOWN,NO,NO,2026-10-09T00:05:31Z
2021-01-19T01:15:00Z,2021-01-19T02:15,2021-01-19T02:30,10,37.72,-37.15,37.72,-37.15,2,UP_AND_DOWN,NO,NO,2026-10-09T00:05:31Z
2021-01-19T01:30:00Z,2021-01-19T02:30,2021-01-19T02:45,11,-83.13,-83.13,,-83.13,-1,DOWN,NO,NO,2026-10-09T00:05:31Z
2021-01-19T01:45:00Z,2021-01-19T02:45,2021-01-19T03:00,12,-65.63,-65.63,,-65.63,-1,DOWN,NO,NO,2026-10-09T00:05:31Z
2021-01-19T02:00:00Z,2021-01-19T03:00,2021-01-19T03:15,13,43.39,24.86,43.39,24.86,2,UP_AND_DOWN,NO,NO,2026-10-09T00:05:31Z
2021-01-19T02:15:00Z,2021-01-19T03:15,2021-01-19T03:30,14,-37.16,-37.16,,-37.16,-1,DOWN,NO,NO,2026-10-09T00:05:31Z
2021-01-19T02:30:00Z,2021-01-19T03:30,2021-01-19T03:45,15,24.86,24.86,,24.86,-1,DOWN,NO,NO,2026-10-09T00:05:31Z
2021-01-19T02:45:00Z,2021-01-19T03:45,2021-01-19T04:00,16,-37.16,-37.16,,-37.16,-1,DOWN,NO,NO,2026-10-09T00:05:31Z
2021-01-19T03:00:00Z,2021-01-19T04:00,2021-01-19T04:15,17,47.14,22.45,47.14,22.45,2,UP_AND_DOWN,NO,NO,2026-10-09T00:05:31Z
2021-01-19T03:15:00Z,2021-01-19T04:15,2021-01-19T04:30,18,9.95,9.95,,9.95,-1,DOWN,NO,NO,2026-10-09T00:05:31Z
2021-01-19T03:30:00Z,2021-01-19T04:30,2021-01-19T04:45,19,24.95,24.95,,24.95,-1,DOWN,NO,NO,2026-10-09T00:05:31Z
2021-01-19T03:45:00Z,2021-01-19T04:45,2021-01-19T05:00,20,33.8,33.8,,,0,STABLE,NO,NO,2026-10-09T00:05:31Z
2021-01-19T04:00:00Z,2021-01-19T05:00,2021-01-19T05:15,21,24.44,24.44,,24.44,-1,DOWN,NO,NO,2026-10-09T00:05:31Z
2021-01-19T04:15:00Z,2021-01-19T05:15,2021-01-19T05:30,22,44.97,-31.97,44.97,-31.97,2,UP_AND_DOWN,NO,NO,2026-10-09T00:05:31Z
2021-01-19T04:30:00Z,2021-01-19T05:30,2021-01-19T05:45,23,48.19,24.39,48.19,24.39,2,UP_AND_DOWN,NO,NO,2026-10-09T00:05:31Z
2021-01-19T04:45:00Z,2021-01-19T05:45,2021-01-19T06:00,24,48.19,48.19,48.19,,1,UP,NO,NO,2026-10-09T00:05:31Z
2021-01-19T05:00:00Z,2021-01-19T06:00,2021-01-19T06:15,25,100.36,100.36,100.36,,1,UP,NO,NO,2026-10-09T00:05:31Z
2021-01-19T05:15:00Z,2021-01-19T06:15,2021-01-19T06:30,26,42.8,-42.58,42.8,-42.58,2,UP_AND_DOWN,NO,NO,2026-10-09T00:05:31Z
2021-01-19T05:30:00Z,2021-01-19T06:30,2021-01-19T06:45,27,17.65,17.65,,17.65,-1,DOWN,NO,NO,2026-10-09T00:05:31Z
2021-01-19T05:45:00Z,2021-01-19T06:45,2021-01-19T07:00,28,3.53,3.53,,3.53,-1,DOWN,NO,NO,2026-10-09T00:05:31Z
2021-01-19T06:00:00Z,2021-01-19T07:00,2021-01-19T07:15,29,39.58,39.58,,39.58,-1,DOWN,NO,NO,2026-10-09T00:05:31Z
2021-01-19T06:15:00Z,2021-01-19T07:15,2021-01-19T07:30,30,37.96,37.96,,37.96,-1,DOWN,NO,NO,2026-10-09T00:05:31Z
2021-01-19T06:30:00Z,2021-01-19T07:30,2021-01-19T07:45,31,50.42,39.42,50.42,39.42,2,UP_AND_DOWN,NO,NO,2026-10-09T00:05:31Z
2021-01-19T06:45:00Z,2021-01-19T07:45,2021-01-19T08:00,32,79.68,79.68,79.68,,1,UP,NO,NO,2026-10-09T00:05:31Z
2021-01-19T07:00:00Z,2021-01-19T08:00,2021-01-19T08:15,33,55.15,21.46,55.15,21.46,2,UP_AND_DOWN,NO,NO,2026-10-09T00:05:31Z
2021-01-19T07:15:00Z,2021-01-19T08:15,2021-01-19T08:30,34,56.2,56.2,56.2,42.46,1,UP,NO,NO,2026-10-09T00:05:31Z
2021-01-19T07:30:00Z,2021-01-19T08:30,2021-01-19T08:45,35,75.15,75.15,75.15,,1,UP,NO,NO,2026-10-09T00:05:31Z
2021-01-19T07:45:00Z,2021-01-19T08:45,2021-01-19T09:00,36,98.69,98.69,98.69,,1,UP,NO,NO,2026-10-09T00:05:31Z
2021-01-19T08:00:00Z,2021-01-19T09:00,2021-01-19T09:15,37,55.15,34.96,55.15,34.96,2,UP_AND_DOWN,NO,NO,2026-10-09T00:05:31Z
2021-01-19T08:15:00Z,2021-01-19T09:15,2021-01-19T09:30,38,38.62,38.62,55.15,38.62,-1,DOWN,NO,NO,2026-10-09T00:05:31Z
2021-01-19T08:30:00Z,2021-01-19T09:30,2021-01-19T09:45,39,39.21,39.21,,39.21,-1,DOWN,NO,NO,2026-10-09T00:05:31Z
2021-01-19T08:45:00Z,2021-01-19T09:45,2021-01-19T10:00,40,38.65,38.65,,38.65,-1,DOWN,NO,NO,2026-10-09T00:05:31Z
2021-01-19T09:00:00Z,2021-01-19T10:00,2021-01-19T10:15,41,44.34,44.34,,,0,STABLE,NO,NO,2026-10-09T00:05:31Z
2021-01-19T09:15:00Z,2021-01-19T10:15,2021-01-19T10:30,42,46.49,37.96,46.49,37.96,2,UP_AND_DOWN,NO,NO,2026-10-09T00:05:31Z
2021-01-19T09:30:00Z,2021-01-19T10:30,2021-01-19T10:45,43,76.41,76.41,76.41,37.96,1,UP,NO,NO,2026-10-09T00:05:31Z
2021-01-19T09:45:00Z,2021-01-19T10:45,2021-01-19T11:00,44,404.48,404.48,404.48,,1,UP,NO,NO,2026-10-09T00:05:31Z
2021-01-19T10:00:00Z,2021-01-19T11:00,2021-01-19T11:15,45,89.3,89.3,89.3,,1,UP,NO,NO,2026-10-09T00:05:31Z
2021-01-19T10:15:00Z,2021-01-19T11:15,2021-01-19T11:30,46,406.3,406.3,406.3,,1,UP,NO,NO,2026-10-09T00:05:31Z
2021-01-19T10:30:00Z,2021-01-19T11:30,2021-01-19T11:45,47,406.3,406.3,406.3,,1,UP,NO,NO,2026-10-09T00:05:31Z
2021-01-19T10:45:00Z,2021-01-19T11:45,2021-01-19T12:00,48,66.51,66.51,66.51,,1,UP,NO,NO,2026-10-09T00:05:31Z
2021-01-19T11:00:00Z,2021-01-19T12:00,2021-01-19T12:15,49,49.49,49.49,49.49,,1,UP,NO,NO,2026-10-09T00:05:31Z
2021-01-19T11:15:00Z,2021-01-19T12:15,2021-01-19T12:30,50,43.21,43.21,43.21,,1,UP,NO,NO,2026-10-09T00:05:31Z
2021-01-19T11:30:00Z,2021-01-19T12:30,2021-01-19T12:45,51,43.21,43.21,43.21,,1,UP,NO,NO,2026-10-09T00:05:31Z
2021-01-19T11:45:00Z,2021-01-19T12:45,2021-01-19T13:00,52,43.21,43.21,43.21,,1,UP,NO,NO,2026-10-09T00:05:31Z
2021-01-19T12:00:00Z,2021-01-19T13:00,2021-01-19T13:15,53,71.68,71.68,71.68,,1,UP,NO,NO,2026-10-09T00:05:31Z
2021-01-19T12:15:00Z,2021-01-19T13:15,2021-01-19T13:30,54,79.71,79.71,79.71,,1,UP,NO,NO,2026-10-09T00:05:31Z
2021-01-19T12:30:00Z,2021-01-19T13:30,2021-01-19T13:45,55,39.47,39.47,,,0,STABLE,NO,NO,2026-10-09T00:05:31Z
2021-01-19T12:45:00Z,2021-01-19T13:45,2021-01-19T14:00,56,43.07,43.07,,,0,STABLE,NO,NO,2026-10-09T00:05:31Z
2021-01-19T13:00:00Z,2021-01-19T14:00,2021-01-19T14:15,57,402.37,402.37,402.37,,1,UP,NO,NO,2026-10-09T00:05:31Z
2021-01-19T13:15:00Z,2021-01-19T14:15,2021-01-19T14:30,58,43.23,43.23,43.23,,1,UP,NO,NO,2026-10-09T00:05:31Z
2021-01-19T13:30:00Z,2021-01-19T14:30,2021-01-19T14:45,59,37.46,37.46,,37.46,-1,DOWN,NO,NO,2026-10-09T00:05:31Z
2021-01-19T13:45:00Z,2021-01-19T14:45,2021-01-19T15:00,60,40.45,40.45,,,0,STABLE,NO,NO,2026-10-09T00:05:31Z
2021-01-19T14:00:00Z,2021-01-19T15:00,2021-01-19T15:15,61,37.46,37.46,,37.46,-1,DOWN,NO,NO,2026-10-09T00:05:31Z
2021-01-19T14:15:00Z,2021-01-19T15:15,2021-01-19T15:30,62,45.13,45.13,,45.13,-1,DOWN,NO,NO,2026-10-09T00:05:31Z
2021-01-19T14:30:00Z,2021-01-19T15:30,2021-01-19T15:45,63,39.93,39.93,,39.93,-1,DOWN,NO,NO,2026-10-09T00:05:31Z
2021-01-19T14:45:00Z,2021-01-19T15:45,2021-01-19T16:00,64,8,8,,8,-1,DOWN,NO,NO,2026-10-09T00:05:31Z
2021-01-19T15:00:00Z,2021-01-19T16:00,2021-01-19T16:15,65,37.89,37.89,,37.89,-1,DOWN,NO,NO,2026-10-09T00:05:31Z
2021-01-19T15:15:00Z,2021-01-19T16:15,2021-01-19T16:30,66,39.12,39.12,,39.12,-1,DOWN,NO,NO,2026-10-09T00:05:31Z
2021-01-19T15:30:00Z,2021-01-19T16:30,2021-01-19T16:45,67,39.37,39.37,,39.37,-1,DOWN,NO,NO,2026-10-09T00:05:31Z
2021-01-19T15:45:00Z,2021-01-19T16:45,2021-01-19T17:00,68,45.07,45.07,,45.07,-1,DOWN,NO,NO,2026-10-09T00:05:31Z
2021-01-19T16:00:00Z,2021-01-19T17:00,2021-01-19T17:15,69,24.37,24.37,,24.37,-1,DOWN,NO,NO,2026-10-09T00:05:31Z
2021-01-19T16:15:00Z,2021-01-19T17:15,2021-01-19T17:30,70,43.65,43.65,43.65,24.37,1,UP,NO,NO,2026-10-09T00:05:31Z
2021-01-19T16:30:00Z,2021-01-19T17:30,2021-01-19T17:45,71,57.98,57.98,57.98,,1,UP,NO,NO,2026-10-09T00:05:31Z
2021-01-19T16:45:00Z,2021-01-19T17:45,2021-01-19T18:00,72,87.9,87.9,87.9,,1,UP,NO,NO,2026-10-09T00:05:31Z
2021-01-19T17:00:00Z,2021-01-19T18:00,2021-01-19T18:15,73,222.55,222.55,222.55,,1,UP,NO,NO,2026-10-09T00:05:31Z
2021-01-19T17:15:00Z,2021-01-19T18:15,2021-01-19T18:30,74,78.19,78.19,78.19,,1,UP,NO,NO,2026-10-09T00:05:31Z
2021-01-19T17:30:00Z,2021-01-19T18:30,2021-01-19T18:45,75,37.41,37.41,78.19,37.41,-1,DOWN,NO,NO,2026-10-09T00:05:31Z
2021-01-19T17:45:00Z,2021-01-19T18:45,2021-01-19T19:00,76,-8.62,-8.62,,-8.62,-1,DOWN,NO,NO,2026-10-09T00:05:31Z
2021-01-19T18:00:00Z,2021-01-19T19:00,2021-01-19T19:15,77,55.36,-121.83,55.36,-121.83,2,UP_AND_DOWN,NO,NO,2026-10-09T00:05:31Z
2021-01-19T18:15:00Z,2021-01-19T19:15,2021-01-19T19:30,78,37.89,37.89,,37.89,-1,DOWN,NO,NO,2026-10-09T00:05:31Z
2021-01-19T18:30:00Z,2021-01-19T19:30,2021-01-19T19:45,79,63.75,63.75,63.75,37.89,1,UP,NO,NO,2026-10-09T00:05:31Z
2021-01-19T18:45:00Z,2021-01-19T19:45,2021-01-19T20:00,80,49.53,49.53,49.53,,1,UP,NO,NO,2026-10-09T00:05:31Z
2021-01-19T19:00:00Z,2021-01-19T20:00,2021-01-19T20:15,81,21.62,21.62,49.53,21.62,-1,DOWN,NO,NO,2026-10-09T00:05:31Z
2021-01-19T19:15:00Z,2021-01-19T20:15,2021-01-19T20:30,82,5,5,,5,-1,DOWN,NO,NO,2026-10-09T00:05:31Z
2021-01-19T19:30:00Z,2021-01-19T20:30,2021-01-19T20:45,83,9.36,9.36,,9.36,-1,DOWN,NO,NO,2026-10-09T00:05:31Z
2021-01-19T19:45:00Z,2021-01-19T20:45,2021-01-19T21:00,84,-22.79,-22.79,,-22.79,-1,DOWN,NO,NO,2026-10-09T00:05:31Z
2021-01-19T20:00:00Z,2021-01-19T21:00,2021-01-19T21:15,85,37.23,37.23,,37.23,-1,DOWN,NO,NO,2026-10-09T00:05:31Z
2021-01-19T20:15:00Z,2021-01-19T21:15,2021-01-19T21:30,86,37.23,37.23,,37.23,-1,DOWN,NO,NO,2026-10-09T00:05:31Z
2021-01-19T20:30:00Z,2021-01-19T21:30,2021-01-19T21:45,87,18.3,18.3,,18.3,-1,DOWN,NO,NO,2026-10-09T00:05:31Z
2021-01-19T20:45:00Z,2021-01-19T21:45,2021-01-19T22:00,88,-3.97,-3.97,,-3.97,-1,DOWN,NO,NO,2026-10-09T00:05:31Z
2021-01-19T21:00:00Z,2021-01-19T22:00,2021-01-19T22:15,89,44.89,-27.38,44.89,-27.38,2,UP_AND_DOWN,NO,NO,2026-10-09T00:05:31Z
2021-01-19T21:15:00Z,2021-01-19T22:15,2021-01-19T22:30,90,44.89,38.11,44.89,38.11,2,UP_AND_DOWN,NO,NO,2026-10-09T00:05:31Z
2021-01-19T21:30:00Z,2021-01-19T22:30,2021-01-19T22:45,91,15,15,,15,-1,DOWN,NO,NO,2026-10-09T00:05:31Z
2021-01-19T21:45:00Z,2021-01-19T22:45,2021-01-19T23:00,92,-39.63,-39.63,,-39.63,-1,DOWN,NO,NO,2026-10-09T00:05:31Z
2021-01-19T22:00:00Z,2021-01-19T23:00,2021-01-19T23:15,93,-37.09,-37.09,,-37.09,-1,DOWN,NO,NO,2026-10-09T00:05:31Z
2021-01-19T22:15:00Z,2021-01-19T23:15,2021-01-19T23:30,94,-65.55,-65.55,,-65.55,-1,DOWN,NO,NO,2026-10-09T00:05:31Z
2021-01-19T22:30:00Z,2021-01-19T23:30,2021-01-19T23:45,95,-83.05,-83.05,,-83.05,-1,DOWN,NO,NO,2026-10-09T00:05:31Z
2021-01-19T22:45:00Z,2021-01-19T23:45,2021-01-20T00:00,96,-34.04,-34.04,,-34.04,-1,DOWN,NO,NO,2026-10-09T00:05:31Z
2021-01-19T23:00:00Z,2021-01-20T00:00,2021-01-20T00:15,1,-50.56,-50.56,,-50.56,-1,DOWN,NO,NO,2026-10-09T00:05:31Z
2021-01-19T23:15:00Z,2021-01-20T00:15,2021-01-20T00:30,2,-27.1,-27.1,,-27.1,-1,DOWN,NO,NO,2026-10-09T00:05:31Z
2021-01-19T23:30:00Z,2021-01-20T00:30,2021-01-20T00:45,3,-19.6,-19.6,,-19.6,-1,DOWN,NO,NO,2026-10-09T00:05:31Z
2021-01-19T23:45:00Z,2021-01-20T00:45,2021-01-20T01:00,4,33.04,33.04,,,0,STABLE,NO,NO,2026-10-09T00:05:31Z
2021-01-20T00:00:00Z,2021-01-20T01:00,2021-01-20T01:15,5,44.89,44.89,44.89,,1,UP,NO,NO,2026-10-09T00:05:31Z
2021-01-20T00:15:00Z,2021-01-20T01:15,2021-01-20T01:30,6,22.29,22.29,36.29,22.29,-1,DOWN,NO,NO,2026-10-09T00:05:31Z
2021-01-20T00:30:00Z,2021-01-20T01:30,2021-01-20T01:45,7,44.89,-19.55,44.89,-19.55,2,UP_AND_DOWN,NO,NO,2026-10-09T00:05:31Z
2021-01-20T00:45:00Z,2021-01-20T01:45,2021-01-20T02:00,8,-18.48,-18.48,,-18.48,-1,DOWN,NO,NO,2026-10-09T00:05:31Z
2021-01-20T01:00:00Z,2021-01-20T02:00,2021-01-20T02:15,9,58.39,58.39,58.39,,1,UP,NO,NO,2026-10-09T00:05:31Z
2021-01-20T01:15:00Z,2021-01-20T02:15,2021-01-20T02:30,10,50.14,50.14,50.14,,1,UP,NO,NO,2026-10-09T00:05:31Z
2021-01-20T01:30:00Z,2021-01-20T02:30,2021-01-20T02:45,11,38.48,38.48,38.48,,1,UP,NO,NO,2026-10-09T00:05:31Z
2021-01-20T01:45:00Z,2021-01-20T02:45,2021-01-20T03:00,12,35.87,35.87,,,0,STABLE,NO,NO,2026-10-09T00:05:31Z
2021-01-20T02:00:00Z,2021-01-20T03:00,2021-01-20T03:15,13,35.8,35.8,,,0,STABLE,NO,NO,2026-10-09T00:05:31Z
2021-01-20T02:15:00Z,2021-01-20T03:15,2021-01-20T03:30,14,35.8,35.8,,,0,STABLE,NO,NO,2026-10-09T00:05:31Z
2021-01-20T02:30:00Z,2021-01-20T03:30,2021-01-20T03:45,15,36.98,36.98,36.98,,1,UP,NO,NO,2026-10-09T00:05:31Z
2021-01-20T02:45:00Z,2021-01-20T03:45,2021-01-20T04:00,16,36.23,36.23,36.23,,1,UP,NO,NO,2026-10-09T00:05:31Z
2021-01-20T03:00:00Z,2021-01-20T04:00,2021-01-20T04:15,17,35.95,35.95,,,0,STABLE,NO,NO,2026-10-09T00:05:31Z
2021-01-20T03:15:00Z,2021-01-20T04:15,2021-01-20T04:30,18,21.93,21.93,,21.93,-1,DOWN,NO,NO,2026-10-09T00:05:31Z
2021-01-20T03:30:00Z,2021-01-20T04:30,2021-01-20T04:45,19,21.93,21.93,,21.93,-1,DOWN,NO,NO,2026-10-09T00:05:31Z
2021-01-20T03:45:00Z,2021-01-20T04:45,2021-01-20T05:00,20,35.71,35.71,,35.71,-1,DOWN,NO,NO,2026-10-09T00:05:31Z
2021-01-20T04:00:00Z,2021-01-20T05:00,2021-01-20T05:15,21,-25.15,-25.15,,-25.15,-1,DOWN,NO,NO,2026-10-09T00:05:31Z
2021-01-20T04:15:00Z,2021-01-20T05:15,2021-01-20T05:30,22,24.62,24.62,,24.62,-1,DOWN,NO,NO,2026-10-09T00:05:31Z
2021-01-20T04:30:00Z,2021-01-20T05:30,2021-01-20T05:45,23,29.49,29.49,,,0,STABLE,NO,NO,2026-10-09T00:05:31Z
2021-01-20T04:45:00Z,2021-01-20T05:45,2021-01-20T06:00,24,30.2,30.2,,,0,STABLE,NO,NO,2026-10-09T00:05:31Z
2021-01-20T05:00:00Z,2021-01-20T06:00,2021-01-20T06:15,25,47.64,33.35,47.64,43.69,2,UP_AND_DOWN,NO,NO,2026-10-09T00:05:31Z
2021-01-20T05:15:00Z,2021-01-20T06:15,2021-01-20T06:30,26,145.79,-36.63,145.79,-36.63,2,UP_AND_DOWN,NO,NO,2026-10-09T00:05:31Z
2021-01-20T05:30:00Z,2021-01-20T06:30,2021-01-20T06:45,27,43.64,43.64,56.4,43.64,-1,DOWN,NO,NO,2026-10-09T00:05:31Z
2021-01-20T05:45:00Z,2021-01-20T06:45,2021-01-20T07:00,28,6.85,6.85,,6.85,-1,DOWN,NO,NO,2026-10-09T00:05:31Z
2021-01-20T06:00:00Z,2021-01-20T07:00,2021-01-20T07:15,29,45.42,-58.65,45.42,-58.65,2,UP_AND_DOWN,NO,NO,2026-10-09T00:05:31Z
2021-01-20T06:15:00Z,2021-01-20T07:15,2021-01-20T07:30,30,25.03,25.03,45.42,25.03,-1,DOWN,NO,NO,2026-10-09T00:05:31Z
2021-01-20T06:30:00Z,2021-01-20T07:30,2021-01-20T07:45,31,66.7,66.7,66.7,,1,UP,NO,NO,2026-10-09T00:05:31Z
2021-01-20T06:45:00Z,2021-01-20T07:45,2021-01-20T08:00,32,277.82,277.82,277.82,,1,UP,NO,NO,2026-10-09T00:05:31Z
2021-01-20T07:00:00Z,2021-01-20T08:00,2021-01-20T08:15,33,22.21,22.21,277.82,22.21,-1,DOWN,NO,NO,2026-10-09T00:05:31Z
2021-01-20T07:15:00Z,2021-01-20T08:15,2021-01-20T08:30,34,109.88,109.88,109.88,22.21,1,UP,NO,NO,2026-10-09T00:05:31Z
2021-01-20T07:30:00Z,2021-01-20T08:30,2021-01-20T08:45,35,742.82,742.82,742.82,,1,UP,NO,NO,2026-10-09T00:05:31Z
2021-01-20T07:45:00Z,2021-01-20T08:45,2021-01-20T09:00,36,34.96,34.96,742.82,34.96,-1,DOWN,NO,NO,2026-10-09T00:05:31Z
2021-01-20T08:00:00Z,2021-01-20T09:00,2021-01-20T09:15,37,44.16,44.16,,,0,STABLE,NO,NO,2026-10-09T00:05:31Z
2021-01-20T08:15:00Z,2021-01-20T09:15,2021-01-20T09:30,38,44.77,44.77,,,0,STABLE,NO,NO,2026-10-09T00:05:31Z
2021-01-20T08:30:00Z,2021-01-20T09:30,2021-01-20T09:45,39,-43.96,-43.96,,-43.96,-1,DOWN,NO,NO,2026-10-09T00:05:31Z
2021-01-20T08:45:00Z,2021-01-20T09:45,2021-01-20T10:00,40,-103.93,-103.93,,-103.93,-1,DOWN,NO,NO,2026-10-09T00:05:31Z
2021-01-20T09:00:00Z,2021-01-20T10:00,2021-01-20T10:15,41,-64.47,-64.47,,-64.47,-1,DOWN,NO,NO,2026-10-09T00:05:31Z
2021-01-20T09:15:00Z,2021-01-20T10:15,2021-01-20T10:30,42,90.18,-31.14,90.18,-31.14,2,UP_AND_DOWN,NO,NO,2026-10-09T00:05:31Z
2021-01-20T09:30:00Z,2021-01-20T10:30,2021-01-20T10:45,43,207.55,-118.04,207.55,-118.04,2,UP_AND_DOWN,NO,NO,2026-10-09T00:05:31Z
2021-01-20T09:45:00Z,2021-01-20T10:45,2021-01-20T11:00,44,48.49,-91.16,48.49,-91.16,2,UP_AND_DOWN,NO,NO,2026-10-09T00:05:31Z
2021-01-20T10:00:00Z,2021-01-20T11:00,2021-01-20T11:15,45,207.55,44.63,207.55,45.09,2,UP_AND_DOWN,NO,NO,2026-10-09T00:05:31Z
2021-01-20T10:15:00Z,2021-01-20T11:15,2021-01-20T11:30,46,23.91,23.91,207.55,23.91,-1,DOWN,NO,NO,2026-10-09T00:05:31Z
2021-01-20T10:30:00Z,2021-01-20T11:30,2021-01-20T11:45,47,35.79,35.79,,35.79,-1,DOWN,NO,NO,2026-10-09T00:05:31Z
2021-01-20T10:45:00Z,2021-01-20T11:45,2021-01-20T12:00,48,41.67,41.67,,41.67,-1,DOWN,NO,NO,2026-10-09T00:05:31Z
2021-01-20T11:00:00Z,2021-01-20T12:00,2021-01-20T12:15,49,36.59,36.59,,36.59,-1,DOWN,NO,NO,2026-10-09T00:05:31Z
2021-01-20T11:15:00Z,2021-01-20T12:15,2021-01-20T12:30,50,29.56,29.56,,29.56,-1,DOWN,NO,NO,2026-10-09T00:05:31Z
2021-01-20T11:30:00Z,2021-01-20T12:30,2021-01-20T12:45,51,27.93,27.93,,27.93,-1,DOWN,NO,NO,2026-10-09T00:05:31Z
2021-01-20T11:45:00Z,2021-01-20T12:45,2021-01-20T13:00,52,34.96,34.96,,34.96,-1,DOWN,NO,NO,2026-10-09T00:05:31Z
2021-01-20T12:00:00Z,2021-01-20T13:00,2021-01-20T13:15,53,50.95,50.95,50.95,39.26,1,UP,NO,NO,2026-10-09T00:05:31Z
2021-01-20T12:15:00Z,2021-01-20T13:15,2021-01-20T13:30,54,50.63,50.63,50.63,,1,UP,NO,NO,2026-10-09T00:05:31Z
2021-01-20T12:30:00Z,2021-01-20T13:30,2021-01-20T13:45,55,396.51,396.51,396.51,,1,UP,NO,NO,2026-10-09T00:05:31Z
2021-01-20T12:45:00Z,2021-01-20T13:45,2021-01-20T14:00,56,31.44,31.44,47.62,31.44,-1,DOWN,NO,NO,2026-10-09T00:05:31Z
2021-01-20T13:00:00Z,2021-01-20T14:00,2021-01-20T14:15,57,-125.6,-125.6,,-125.6,-1,DOWN,NO,NO,2026-10-09T00:05:31Z
2021-01-20T13:15:00Z,2021-01-20T14:15,2021-01-20T14:30,58,26.54,26.54,,26.54,-1,DOWN,NO,NO,2026-10-09T00:05:31Z
2021-01-20T13:30:00Z,2021-01-20T14:30,2021-01-20T14:45,59,32.83,32.83,,32.83,-1,DOWN,NO,NO,2026-10-09T00:05:31Z
2021-01-20T13:45:00Z,2021-01-20T14:45,2021-01-20T15:00,60,2.7,2.7,,2.7,-1,DOWN,NO,NO,2026-10-09T00:05:31Z
2021-01-20T14:00:00Z,2021-01-20T15:00,2021-01-20T15:15,61,.93,.93,,.93,-1,DOWN,NO,NO,2026-10-09T00:05:31Z
2021-01-20T14:15:00Z,2021-01-20T15:15,2021-01-20T15:30,62,38.23,38.23,,38.23,-1,DOWN,NO,NO,2026-10-09T00:05:31Z
2021-01-20T14:30:00Z,2021-01-20T15:30,2021-01-20T15:45,63,41.99,41.99,,41.99,-1,DOWN,NO,NO,2026-10-09T00:05:31Z
2021-01-20T14:45:00Z,2021-01-20T15:45,2021-01-20T16:00,64,29.42,29.42,,29.42,-1,DOWN,NO,NO,2026-10-09T00:05:31Z
2021-01-20T15:00:00Z,2021-01-20T16:00,2021-01-20T16:15,65,43.24,43.24,,,0,STABLE,NO,NO,2026-10-09T00:05:31Z
2021-01-20T15:15:00Z,2021-01-20T16:15,2021-01-20T16:30,66,43.24,43.24,,,0,STABLE,NO,NO,2026-10-09T00:05:31Z
2021-01-20T15:30:00Z,2021-01-20T16:30,2021-01-20T16:45,67,43.25,43.25,,,0,STABLE,NO,NO,2026-10-09T00:05:31Z
2021-01-20T15:45:00Z,2021-01-20T16:45,2021-01-20T17:00,68,42.54,42.54,,,0,STABLE,NO,NO,2026-10-09T00:05:31Z
2021-01-20T16:00:00Z,2021-01-20T17:00,2021-01-20T17:15,69,37.59,37.59,,37.59,-1,DOWN,NO,NO,2026-10-09T00:05:31Z
2021-01-20T16:15:00Z,2021-01-20T17:15,2021-01-20T17:30,70,44.17,44.17,,,0,STABLE,NO,NO,2026-10-09T00:05:31Z
2021-01-20T16:30:00Z,2021-01-20T17:30,2021-01-20T17:45,71,43.86,43.86,43.86,,1,UP,NO,NO,2026-10-09T00:05:31Z
2021-01-20T16:45:00Z,2021-01-20T17:45,2021-01-20T18:00,72,44.2,44.2,,,0,STABLE,NO,NO,2026-10-09T00:05:31Z
2021-01-20T17:00:00Z,2021-01-20T18:00,2021-01-20T18:15,73,50.66,44.2,50.66,45.14,2,UP_AND_DOWN,NO,NO,2026-10-09T00:05:31Z
2021-01-20T17:15:00Z,2021-01-20T18:15,2021-01-20T18:30,74,41.71,41.71,,41.71,-1,DOWN,NO,NO,2026-10-09T00:05:31Z
2021-01-20T17:30:00Z,2021-01-20T18:30,2021-01-20T18:45,75,40.21,40.21,,40.21,-1,DOWN,NO,NO,2026-10-09T00:05:31Z
2021-01-20T17:45:00Z,2021-01-20T18:45,2021-01-20T19:00,76,53.26,53.26,53.26,40.21,1,UP,NO,NO,2026-10-09T00:05:31Z
2021-01-20T18:00:00Z,2021-01-20T19:00,2021-01-20T19:15,77,170.05,40.09,170.05,45.18,2,UP_AND_DOWN,NO,NO,2026-10-09T00:05:31Z
2021-01-20T18:15:00Z,2021-01-20T19:15,2021-01-20T19:30,78,207.55,14.77,207.55,14.77,2,UP_AND_DOWN,NO,NO,2026-10-09T00:05:31Z
2021-01-20T18:30:00Z,2021-01-20T19:30,2021-01-20T19:45,79,207.55,-42.88,207.55,-42.88,2,UP_AND_DOWN,NO,NO,2026-10-09T00:05:31Z
2021-01-20T18:45:00Z,2021-01-20T19:45,2021-01-20T20:00,80,50.81,50.81,50.81,-42.88,1,UP,NO,NO,2026-10-09T00:05:31Z
2021-01-20T19:00:00Z,2021-01-20T20:00,2021-01-20T20:15,81,48.71,36.88,48.71,36.88,2,UP_AND_DOWN,NO,NO,2026-10-09T00:05:31Z
2021-01-20T19:15:00Z,2021-01-20T20:15,2021-01-20T20:30,82,44.62,44.62,44.62,,1,UP,NO,NO,2026-10-09T00:05:31Z
2021-01-20T19:30:00Z,2021-01-20T20:30,2021-01-20T20:45,83,42.99,16,42.99,16,2,UP_AND_DOWN,NO,NO,2026-10-09T00:05:31Z
2021-01-20T19:45:00Z,2021-01-20T20:45,2021-01-20T21:00,84,52,4.46,52,4.46,2,UP_AND_DOWN,NO,NO,2026-10-09T00:05:31Z
2021-01-20T20:00:00Z,2021-01-20T21:00,2021-01-20T21:15,85,37.45,37.45,52,37.45,-1,DOWN,NO,NO,2026-10-09T00:05:31Z
2021-01-20T20:15:00Z,2021-01-20T21:15,2021-01-20T21:30,86,36.39,36.39,,36.39,-1,DOWN,NO,NO,2026-10-09T00:05:31Z
2021-01-20T20:30:00Z,2021-01-20T21:30,2021-01-20T21:45,87,-103.31,-103.31,,-103.31,-1,DOWN,NO,NO,2026-10-09T00:05:31Z
2021-01-20T20:45:00Z,2021-01-20T21:45,2021-01-20T22:00,88,42.64,-125.1,42.64,-125.1,2,UP_AND_DOWN,NO,NO,2026-10-09T00:05:31Z
2021-01-20T21:00:00Z,2021-01-20T22:00,2021-01-20T22:15,89,44.89,-127.6,44.89,-127.6,2,UP_AND_DOWN,NO,NO,2026-10-09T00:05:31Z
2021-01-20T21:15:00Z,2021-01-20T22:15,2021-01-20T22:30,90,17.85,17.85,44.89,17.85,-1,DOWN,NO,NO,2026-10-09T00:05:31Z
2021-01-20T21:30:00Z,2021-01-20T22:30,2021-01-20T22:45,91,-31.53,-31.53,,-31.53,-1,DOWN,NO,NO,2026-10-09T00:05:31Z
2021-01-20T21:45:00Z,2021-01-20T22:45,2021-01-20T23:00,92,-27.45,-27.45,,-27.45,-1,DOWN,NO,NO,2026-10-09T00:05:31Z
2021-01-20T22:00:00Z,2021-01-20T23:00,2021-01-20T23:15,93,41.93,41.93,41.93,-27.45,1,UP,NO,NO,2026-10-09T00:05:31Z
2021-01-20T22:15:00Z,2021-01-20T23:15,2021-01-20T23:30,94,38.51,38.51,,,0,STABLE,NO,NO,2026-10-09T00:05:31Z
2021-01-20T22:30:00Z,2021-01-20T23:30,2021-01-20T23:45,95,-27.08,-27.08,,-27.08,-1,DOWN,NO,NO,2026-10-09T00:05:31Z
2021-01-20T22:45:00Z,2021-01-20T23:45,2021-01-21T00:00,96,-42.06,-42.06,,-42.06,-1,DOWN,NO,NO,2026-10-09T00:05:31Z
2021-01-20T23:00:00Z,2021-01-21T00:00,2021-01-21T00:15,1,50.14,22.2,50.14,22.2,2,UP_AND_DOWN,NO,NO,2026-10-09T00:05:31Z
2021-01-20T23:15:00Z,2021-01-21T00:15,2021-01-21T00:30,2,38.65,38.65,47.14,38.65,-1,DOWN,NO,NO,2026-10-09T00:05:31Z
2021-01-20T23:30:00Z,2021-01-21T00:30,2021-01-21T00:45,3,41.13,41.13,,41.13,-1,DOWN,NO,NO,2026-10-09T00:05:31Z
2021-01-20T23:45:00Z,2021-01-21T00:45,2021-01-21T01:00,4,-24.58,-24.58,,-24.58,-1,DOWN,NO,NO,2026-10-09T00:05:31Z
2021-01-21T00:00:00Z,2021-01-21T01:00,2021-01-21T01:15,5,53.89,-50.36,53.89,-50.36,2,UP_AND_DOWN,NO,NO,2026-10-09T00:05:31Z
2021-01-21T00:15:00Z,2021-01-21T01:15,2021-01-21T01:30,6,-67,-67,38.15,-67,-1,DOWN,NO,NO,2026-10-09T00:05:31Z
2021-01-21T00:30:00Z,2021-01-21T01:30,2021-01-21T01:45,7,-125.51,-125.51,,-125.51,-1,DOWN,NO,NO,2026-10-09T00:05:31Z
2021-01-21T00:45:00Z,2021-01-21T01:45,2021-01-21T02:00,8,-73.8,-73.8,,-73.8,-1,DOWN,NO,NO,2026-10-09T00:05:31Z
2021-01-21T01:00:00Z,2021-01-21T02:00,2021-01-21T02:15,9,-15.92,-15.92,,-15.92,-1,DOWN,NO,NO,2026-10-09T00:05:31Z
2021-01-21T01:15:00Z,2021-01-21T02:15,2021-01-21T02:30,10,-124.36,-124.36,,-124.36,-1,DOWN,NO,NO,2026-10-09T00:05:31Z
2021-01-21T01:30:00Z,2021-01-21T02:30,2021-01-21T02:45,11,-190.92,-190.92,,-190.92,-1,DOWN,NO,NO,2026-10-09T00:05:31Z
2021-01-21T01:45:00Z,2021-01-21T02:45,2021-01-21T03:00,12,-100.92,-100.92,,-100.92,-1,DOWN,NO,NO,2026-10-09T00:05:31Z
2021-01-21T02:00:00Z,2021-01-21T03:00,2021-01-21T03:15,13,-123.48,-123.48,,-123.48,-1,DOWN,NO,NO,2026-10-09T00:05:31Z
2021-01-21T02:15:00Z,2021-01-21T03:15,2021-01-21T03:30,14,-198.93,-198.93,,-198.93,-1,DOWN,NO,NO,2026-10-09T00:05:31Z
2021-01-21T02:30:00Z,2021-01-21T03:30,2021-01-21T03:45,15,-11.39,-11.39,,-11.39,-1,DOWN,NO,NO,2026-10-09T00:05:31Z
2021-01-21T02:45:00Z,2021-01-21T03:45,2021-01-21T04:00,16,38.22,-15.41,38.21,-15.41,2,UP_AND_DOWN,NO,NO,2026-10-09T00:05:31Z
2021-01-21T03:00:00Z,2021-01-21T04:00,2021-01-21T04:15,17,39.67,39.67,39.67,-15.41,1,UP,NO,NO,2026-10-09T00:05:31Z
2021-01-21T03:15:00Z,2021-01-21T04:15,2021-01-21T04:30,18,34.14,34.14,,,0,STABLE,NO,NO,2026-10-09T00:05:31Z
2021-01-21T03:30:00Z,2021-01-21T04:30,2021-01-21T04:45,19,38.07,38.07,,,0,STABLE,NO,NO,2026-10-09T00:05:31Z
2021-01-21T03:45:00Z,2021-01-21T04:45,2021-01-21T05:00,20,38.02,38.02,,,0,STABLE,NO,NO,2026-10-09T00:05:31Z
2021-01-21T04:00:00Z,2021-01-21T05:00,2021-01-21T05:15,21,27.83,27.83,,27.83,-1,DOWN,NO,NO,2026-10-09T00:05:31Z
2021-01-21T04:15:00Z,2021-01-21T05:15,2021-01-21T05:30,22,93.36,93.36,93.36,27.83,1,UP,NO,NO,2026-10-09T00:05:31Z
2021-01-21T04:30:00Z,2021-01-21T05:30,2021-01-21T05:45,23,50.14,50.14,50.14,,1,UP,NO,NO,2026-10-09T00:05:31Z
2021-01-21T04:45:00Z,2021-01-21T05:45,2021-01-21T06:00,24,58.39,58.39,58.39,,1,UP,NO,NO,2026-10-09T00:05:31Z
2021-01-21T05:00:00Z,2021-01-21T06:00,2021-01-21T06:15,25,41.82,-8.84,41.82,-8.84,2,UP_AND_DOWN,NO,NO,2026-10-09T00:05:31Z
2021-01-21T05:15:00Z,2021-01-21T06:15,2021-01-21T06:30,26,41.25,-9.1,41.25,-9.1,2,UP_AND_DOWN,NO,NO,2026-10-09T00:05:31Z
2021-01-21T05:30:00Z,2021-01-21T06:30,2021-01-21T06:45,27,42.93,40.11,42.93,40.11,2,UP_AND_DOWN,NO,NO,2026-10-09T00:05:31Z
2021-01-21T05:45:00Z,2021-01-21T06:45,2021-01-21T07:00,28,40.11,40.11,,40.11,-1,DOWN,NO,NO,2026-10-09T00:05:31Z
2021-01-21T06:00:00Z,2021-01-21T07:00,2021-01-21T07:15,29,95.05,30.75,95.05,30.75,2,UP_AND_DOWN,NO,NO,2026-10-09T00:05:31Z
2021-01-21T06:15:00Z,2021-01-21T07:15,2021-01-21T07:30,30,49.2,30.67,49.2,30.67,2,UP_AND_DOWN,NO,NO,2026-10-09T00:05:31Z
2021-01-21T06:30:00Z,2021-01-21T07:30,2021-01-21T07:45,31,541.98,541.98,541.98,,1,UP,NO,NO,2026-10-09T00:05:31Z
2021-01-21T06:45:00Z,2021-01-21T07:45,2021-01-21T08:00,32,541.98,541.98,541.98,,1,UP,NO,NO,2026-10-09T00:05:31Z
2021-01-21T07:00:00Z,2021-01-21T08:00,2021-01-21T08:15,33,291.53,291.53,291.53,,1,UP,NO,NO,2026-10-09T00:05:31Z
2021-01-21T07:15:00Z,2021-01-21T08:15,2021-01-21T08:30,34,548.9,548.9,548.9,,1,UP,NO,NO,2026-10-09T00:05:31Z
2021-01-21T07:30:00Z,2021-01-21T08:30,2021-01-21T08:45,35,548.9,548.9,548.9,,1,UP,NO,NO,2026-10-09T00:05:31Z
2021-01-21T07:45:00Z,2021-01-21T08:45,2021-01-21T09:00,36,548.9,548.9,548.9,,1,UP,NO,NO,2026-10-09T00:05:31Z
2021-01-21T08:00:00Z,2021-01-21T09:00,2021-01-21T09:15,37,555.32,555.32,555.32,,1,UP,NO,NO,2026-10-09T00:05:31Z
2021-01-21T08:15:00Z,2021-01-21T09:15,2021-01-21T09:30,38,221.68,221.68,221.68,,1,UP,NO,NO,2026-10-09T00:05:31Z
2021-01-21T08:30:00Z,2021-01-21T09:30,2021-01-21T09:45,39,11.65,11.65,,11.65,-1,DOWN,NO,NO,2026-10-09T00:05:31Z
2021-01-21T08:45:00Z,2021-01-21T09:45,2021-01-21T10:00,40,41.53,29.11,38,29.11,2,UP_AND_DOWN,NO,NO,2026-10-09T00:05:31Z
2021-01-21T09:00:00Z,2021-01-21T10:00,2021-01-21T10:15,41,41.52,-47.14,38,-47.14,2,UP_AND_DOWN,NO,NO,2026-10-09T00:05:31Z
2021-01-21T09:15:00Z,2021-01-21T10:15,2021-01-21T10:30,42,-53.68,-53.68,,-53.68,-1,DOWN,NO,NO,2026-10-09T00:05:31Z
2021-01-21T09:30:00Z,2021-01-21T10:30,2021-01-21T10:45,43,-30.23,-30.23,,-30.23,-1,DOWN,NO,NO,2026-10-09T00:05:31Z
2021-01-21T09:45:00Z,2021-01-21T10:45,2021-01-21T11:00,44,-14.59,-14.59,,-14.59,-1,DOWN,NO,NO,2026-10-09T00:05:31Z
2021-01-21T10:00:00Z,2021-01-21T11:00,2021-01-21T11:15,45,34.11,34.11,,34.11,-1,DOWN,NO,NO,2026-10-09T00:05:31Z
2021-01-21T10:15:00Z,2021-01-21T11:15,2021-01-21T11:30,46,34.11,34.11,,34.11,-1,DOWN,NO,NO,2026-10-09T00:05:31Z
2021-01-21T10:30:00Z,2021-01-21T11:30,2021-01-21T11:45,47,62.93,62.93,62.93,34.11,1,UP,NO,NO,2026-10-09T00:05:31Z
2021-01-21T10:45:00Z,2021-01-21T11:45,2021-01-21T12:00,48,52.06,52.06,52.06,,1,UP,NO,NO,2026-10-09T00:05:31Z
2021-01-21T11:00:00Z,2021-01-21T12:00,2021-01-21T12:15,49,214.95,214.95,214.95,,1,UP,NO,NO,2026-10-09T00:05:31Z
2021-01-21T11:15:00Z,2021-01-21T12:15,2021-01-21T12:30,50,48.17,39.56,48.17,40.11,2,UP_AND_DOWN,NO,NO,2026-10-09T00:05:31Z
2021-01-21T11:30:00Z,2021-01-21T12:30,2021-01-21T12:45,51,46.9,39.56,46.9,40.23,2,UP_AND_DOWN,NO,NO,2026-10-09T00:05:31Z
2021-01-21T11:45:00Z,2021-01-21T12:45,2021-01-21T13:00,52,10,10,44.37,10,-1,DOWN,NO,NO,2026-10-09T00:05:31Z
2021-01-21T12:00:00Z,2021-01-21T13:00,2021-01-21T13:15,53,50.36,-14.56,50.36,-14.56,2,UP_AND_DOWN,NO,NO,2026-10-09T00:05:31Z
2021-01-21T12:15:00Z,2021-01-21T13:15,2021-01-21T13:30,54,44.79,44.79,44.79,,1,UP,NO,NO,2026-10-09T00:05:31Z
2021-01-21T12:30:00Z,2021-01-21T13:30,2021-01-21T13:45,55,44.47,44.47,44.47,,1,UP,NO,NO,2026-10-09T00:05:31Z
2021-01-21T12:45:00Z,2021-01-21T13:45,2021-01-21T14:00,56,46.88,34.11,46.88,34.11,2,UP_AND_DOWN,NO,NO,2026-10-09T00:05:31Z
2021-01-21T13:00:00Z,2021-01-21T14:00,2021-01-21T14:15,57,30.63,30.63,,30.63,-1,DOWN,NO,NO,2026-10-09T00:05:31Z
2021-01-21T13:15:00Z,2021-01-21T14:15,2021-01-21T14:30,58,30.62,30.62,,30.62,-1,DOWN,NO,NO,2026-10-09T00:05:31Z
2021-01-21T13:30:00Z,2021-01-21T14:30,2021-01-21T14:45,59,34.11,34.11,,34.11,-1,DOWN,NO,NO,2026-10-09T00:05:31Z
2021-01-21T13:45:00Z,2021-01-21T14:45,2021-01-21T15:00,60,37.11,37.11,,37.11,-1,DOWN,NO,NO,2026-10-09T00:05:31Z
2021-01-21T14:00:00Z,2021-01-21T15:00,2021-01-21T15:15,61,34.11,34.11,,34.11,-1,DOWN,NO,NO,2026-10-09T00:05:31Z
2021-01-21T14:15:00Z,2021-01-21T15:15,2021-01-21T15:30,62,34.11,34.11,,34.11,-1,DOWN,NO,NO,2026-10-09T00:05:31Z
2021-01-21T14:30:00Z,2021-01-21T15:30,2021-01-21T15:45,63,43.92,43.92,,43.92,-1,DOWN,NO,NO,2026-10-09T00:05:31Z
2021-01-21T14:45:00Z,2021-01-21T15:45,2021-01-21T16:00,64,42.46,42.46,,42.46,-1,DOWN,NO,NO,2026-10-09T00:05:31Z
2021-01-21T15:00:00Z,2021-01-21T16:00,2021-01-21T16:15,65,40.11,40.11,,40.11,-1,DOWN,NO,NO,2026-10-09T00:05:31Z
2021-01-21T15:15:00Z,2021-01-21T16:15,2021-01-21T16:30,66,42.11,42.11,,42.11,-1,DOWN,NO,NO,2026-10-09T00:05:31Z
2021-01-21T15:30:00Z,2021-01-21T16:30,2021-01-21T16:45,67,19.5,19.5,,19.5,-1,DOWN,NO,NO,2026-10-09T00:05:31Z
2021-01-21T15:45:00Z,2021-01-21T16:45,2021-01-21T17:00,68,27.36,27.36,,27.36,-1,DOWN,NO,NO,2026-10-09T00:05:31Z
2021-01-21T16:00:00Z,2021-01-21T17:00,2021-01-21T17:15,69,-109.25,-109.25,,-109.25,-1,DOWN,NO,NO,2026-10-09T00:05:31Z
2021-01-21T16:15:00Z,2021-01-21T17:15,2021-01-21T17:30,70,40.21,40.21,,40.21,-1,DOWN,NO,NO,2026-10-09T00:05:31Z
2021-01-21T16:30:00Z,2021-01-21T17:30,2021-01-21T17:45,71,40.21,40.21,,40.21,-1,DOWN,NO,NO,2026-10-09T00:05:31Z
2021-01-21T16:45:00Z,2021-01-21T17:45,2021-01-21T18:00,72,40.11,40.11,,40.11,-1,DOWN,NO,NO,2026-10-09T00:05:31Z
2021-01-21T17:00:00Z,2021-01-21T18:00,2021-01-21T18:15,73,8.61,8.61,,8.61,-1,DOWN,NO,NO,2026-10-09T00:05:31Z
2021-01-21T17:15:00Z,2021-01-21T18:15,2021-01-21T18:30,74,31.1,31.1,,31.1,-1,DOWN,NO,NO,2026-10-09T00:05:31Z
2021-01-21T17:30:00Z,2021-01-21T18:30,2021-01-21T18:45,75,37.96,37.96,,37.96,-1,DOWN,NO,NO,2026-10-09T00:05:31Z
2021-01-21T17:45:00Z,2021-01-21T18:45,2021-01-21T19:00,76,257.55,257.55,257.55,37.96,1,UP,NO,NO,2026-10-09T00:05:31Z
2021-01-21T18:00:00Z,2021-01-21T19:00,2021-01-21T19:15,77,555.32,555.32,555.32,,1,UP,NO,NO,2026-10-09T00:05:31Z
2021-01-21T18:15:00Z,2021-01-21T19:15,2021-01-21T19:30,78,555.32,555.32,555.32,,1,UP,NO,NO,2026-10-09T00:05:31Z
2021-01-21T18:30:00Z,2021-01-21T19:30,2021-01-21T19:45,79,555.32,555.32,555.32,,1,UP,NO,NO,2026-10-09T00:05:31Z
2021-01-21T18:45:00Z,2021-01-21T19:45,2021-01-21T20:00,80,555.32,555.32,555.32,,1,UP,NO,NO,2026-10-09T00:05:31Z
2021-01-21T19:00:00Z,2021-01-21T20:00,2021-01-21T20:15,81,40.21,40.21,542.82,40.21,-1,DOWN,NO,NO,2026-10-09T00:05:31Z
2021-01-21T19:15:00Z,2021-01-21T20:15,2021-01-21T20:30,82,58.12,58.12,58.12,40.21,1,UP,NO,NO,2026-10-09T00:05:31Z
2021-01-21T19:30:00Z,2021-01-21T20:30,2021-01-21T20:45,83,207.55,207.55,207.55,,1,UP,NO,NO,2026-10-09T00:05:31Z
2021-01-21T19:45:00Z,2021-01-21T20:45,2021-01-21T21:00,84,95.05,95.05,95.05,,1,UP,NO,NO,2026-10-09T00:05:31Z
2021-01-21T20:00:00Z,2021-01-21T21:00,2021-01-21T21:15,85,57.91,57.91,57.91,,1,UP,NO,NO,2026-10-09T00:05:31Z
2021-01-21T20:15:00Z,2021-01-21T21:15,2021-01-21T21:30,86,54.43,54.43,54.43,,1,UP,NO,NO,2026-10-09T00:05:31Z
2021-01-21T20:30:00Z,2021-01-21T21:30,2021-01-21T21:45,87,48.93,48.93,48.93,,1,UP,NO,NO,2026-10-09T00:05:31Z
2021-01-21T20:45:00Z,2021-01-21T21:45,2021-01-21T22:00,88,51.27,51.27,51.27,,1,UP,NO,NO,2026-10-09T00:05:31Z
2021-01-21T21:00:00Z,2021-01-21T22:00,2021-01-21T22:15,89,45.95,45.95,45.95,,1,UP,NO,NO,2026-10-09T00:05:31Z
2021-01-21T21:15:00Z,2021-01-21T22:15,2021-01-21T22:30,90,44.54,44.54,44.54,,1,UP,NO,NO,2026-10-09T00:05:31Z
2021-01-21T21:30:00Z,2021-01-21T22:30,2021-01-21T22:45,91,40.11,40.11,,40.11,-1,DOWN,NO,NO,2026-10-09T00:05:31Z
2021-01-21T21:45:00Z,2021-01-21T22:45,2021-01-21T23:00,92,39.7,39.7,,39.7,-1,DOWN,NO,NO,2026-10-09T00:05:31Z
2021-01-21T22:00:00Z,2021-01-21T23:00,2021-01-21T23:15,93,209.01,42.46,209.01,42.46,2,UP_AND_DOWN,NO,NO,2026-10-09T00:05:31Z
2021-01-21T22:15:00Z,2021-01-21T23:15,2021-01-21T23:30,94,123.9,123.9,123.9,,1,UP,NO,NO,2026-10-09T00:05:31Z
2021-01-21T22:30:00Z,2021-01-21T23:30,2021-01-21T23:45,95,67.9,67.9,67.9,,1,UP,NO,NO,2026-10-09T00:05:31Z
2021-01-21T22:45:00Z,2021-01-21T23:45,2021-01-22T00:00,96,23.25,23.25,,23.25,-1,DOWN,NO,NO,2026-10-09T00:05:31Z
2021-01-21T23:00:00Z,2021-01-22T00:00,2021-01-22T00:15,1,277.82,277.82,277.82,12.71,1,UP,NO,NO,2026-10-09T00:05:31Z
2021-01-21T23:15:00Z,2021-01-22T00:15,2021-01-22T00:30,2,277.82,277.82,277.82,,1,UP,NO,NO,2026-10-09T00:05:31Z
2021-01-21T23:30:00Z,2021-01-22T00:30,2021-01-22T00:45,3,47.74,47.74,47.74,,1,UP,NO,NO,2026-10-09T00:05:31Z
2021-01-21T23:45:00Z,2021-01-22T00:45,2021-01-22T01:00,4,45.49,45.49,45.49,,1,UP,NO,NO,2026-10-09T00:05:31Z
2021-01-22T00:00:00Z,2021-01-22T01:00,2021-01-22T01:15,5,277.82,277.82,277.82,,1,UP,NO,NO,2026-10-09T00:05:31Z
2021-01-22T00:15:00Z,2021-01-22T01:15,2021-01-22T01:30,6,47.14,47.14,47.14,,1,UP,NO,NO,2026-10-09T00:05:31Z
2021-01-22T00:30:00Z,2021-01-22T01:30,2021-01-22T01:45,7,40.11,40.11,,40.11,-1,DOWN,NO,NO,2026-10-09T00:05:31Z
2021-01-22T00:45:00Z,2021-01-22T01:45,2021-01-22T02:00,8,3.14,3.14,,3.14,-1,DOWN,NO,NO,2026-10-09T00:05:31Z
2021-01-22T01:00:00Z,2021-01-22T02:00,2021-01-22T02:15,9,17,17,,17,-1,DOWN,NO,NO,2026-10-09T00:05:31Z
2021-01-22T01:15:00Z,2021-01-22T02:15,2021-01-22T02:30,10,19.26,19.26,,19.26,-1,DOWN,NO,NO,2026-10-09T00:05:31Z
2021-01-22T01:30:00Z,2021-01-22T02:30,2021-01-22T02:45,11,-64.9,-64.9,,-64.9,-1,DOWN,NO,NO,2026-10-09T00:05:31Z
2021-01-22T01:45:00Z,2021-01-22T02:45,2021-01-22T03:00,12,20.1,20.1,,20.1,-1,DOWN,NO,NO,2026-10-09T00:05:31Z
2021-01-22T02:00:00Z,2021-01-22T03:00,2021-01-22T03:15,13,29.11,29.11,,29.11,-1,DOWN,NO,NO,2026-10-09T00:05:31Z
2021-01-22T02:15:00Z,2021-01-22T03:15,2021-01-22T03:30,14,-24.14,-24.14,,-24.14,-1,DOWN,NO,NO,2026-10-09T00:05:31Z
2021-01-22T02:30:00Z,2021-01-22T03:30,2021-01-22T03:45,15,-43.09,-43.09,,-43.09,-1,DOWN,NO,NO,2026-10-09T00:05:31Z
2021-01-22T02:45:00Z,2021-01-22T03:45,2021-01-22T04:00,16,-96.72,-96.72,,-96.72,-1,DOWN,NO,NO,2026-10-09T00:05:31Z
2021-01-22T03:00:00Z,2021-01-22T04:00,2021-01-22T04:15,17,-19.02,-19.02,,-19.02,-1,DOWN,NO,NO,2026-10-09T00:05:31Z
2021-01-22T03:15:00Z,2021-01-22T04:15,2021-01-22T04:30,18,-19.02,-19.02,,-19.02,-1,DOWN,NO,NO,2026-10-09T00:05:31Z
2021-01-22T03:30:00Z,2021-01-22T04:30,2021-01-22T04:45,19,6.46,6.46,,6.46,-1,DOWN,NO,NO,2026-10-09T00:05:31Z
2021-01-22T03:45:00Z,2021-01-22T04:45,2021-01-22T05:00,20,-8.49,-8.49,,-8.49,-1,DOWN,NO,NO,2026-10-09T00:05:31Z
2021-01-22T04:00:00Z,2021-01-22T05:00,2021-01-22T05:15,21,29.47,29.47,,29.47,-1,DOWN,NO,NO,2026-10-09T00:05:31Z
2021-01-22T04:15:00Z,2021-01-22T05:15,2021-01-22T05:30,22,-18.22,-18.22,,-18.22,-1,DOWN,NO,NO,2026-10-09T00:05:31Z
2021-01-22T04:30:00Z,2021-01-22T05:30,2021-01-22T05:45,23,40.11,40.11,,40.11,-1,DOWN,NO,NO,2026-10-09T00:05:31Z
2021-01-22T04:45:00Z,2021-01-22T05:45,2021-01-22T06:00,24,42.62,42.62,,,0,STABLE,NO,NO,2026-10-09T00:05:31Z
2021-01-22T05:00:00Z,2021-01-22T06:00,2021-01-22T06:15,25,-11.59,-11.59,,-11.59,-1,DOWN,NO,NO,2026-10-09T00:05:31Z
2021-01-22T05:15:00Z,2021-01-22T06:15,2021-01-22T06:30,26,-9.34,-9.34,,-9.34,-1,DOWN,NO,NO,2026-10-09T00:05:31Z
2021-01-22T05:30:00Z,2021-01-22T06:30,2021-01-22T06:45,27,52.55,28.5,52.55,28.5,2,UP_AND_DOWN,NO,NO,2026-10-09T00:05:31Z
2021-01-22T05:45:00Z,2021-01-22T06:45,2021-01-22T07:00,28,170.05,170.05,170.05,28.5,1,UP,NO,NO,2026-10-09T00:05:31Z
2021-01-22T06:00:00Z,2021-01-22T07:00,2021-01-22T07:15,29,-35.35,-35.35,170.05,-35.35,-1,DOWN,NO,NO,2026-10-09T00:05:31Z
2021-01-22T06:15:00Z,2021-01-22T07:15,2021-01-22T07:30,30,47.86,35.93,47.86,35.93,2,UP_AND_DOWN,NO,NO,2026-10-09T00:05:31Z
2021-01-22T06:30:00Z,2021-01-22T07:30,2021-01-22T07:45,31,35.93,35.93,,35.93,-1,DOWN,NO,NO,2026-10-09T00:05:31Z
2021-01-22T06:45:00Z,2021-01-22T07:45,2021-01-22T08:00,32,52.55,36.49,52.55,37.74,2,UP_AND_DOWN,NO,NO,2026-10-09T00:05:31Z
2021-01-22T07:00:00Z,2021-01-22T08:00,2021-01-22T08:15,33,13.77,13.77,52.55,13.77,-1,DOWN,NO,NO,2026-10-09T00:05:31Z
2021-01-22T07:15:00Z,2021-01-22T08:15,2021-01-22T08:30,34,44.06,44.06,,44.06,-1,DOWN,NO,NO,2026-10-09T00:05:31Z
2021-01-22T07:30:00Z,2021-01-22T08:30,2021-01-22T08:45,35,49.06,41.48,49.06,41.48,2,UP_AND_DOWN,NO,NO,2026-10-09T00:05:31Z
2021-01-22T07:45:00Z,2021-01-22T08:45,2021-01-22T09:00,36,48.94,48.94,48.94,,1,UP,NO,NO,2026-10-09T00:05:31Z
2021-01-22T08:00:00Z,2021-01-22T09:00,2021-01-22T09:15,37,207.55,207.55,207.55,,1,UP,NO,NO,2026-10-09T00:05:31Z
2021-01-22T08:15:00Z,2021-01-22T09:15,2021-01-22T09:30,38,54.14,54.14,54.14,,1,UP,NO,NO,2026-10-09T00:05:31Z
2021-01-22T08:30:00Z,2021-01-22T09:30,2021-01-22T09:45,39,54.08,54.08,54.08,,1,UP,NO,NO,2026-10-09T00:05:31Z
2021-01-22T08:45:00Z,2021-01-22T09:45,2021-01-22T10:00,40,43.6,41.49,43.6,41.49,2,UP_AND_DOWN,NO,NO,2026-10-09T00:05:31Z
2021-01-22T09:00:00Z,2021-01-22T10:00,2021-01-22T10:15,41,109.4,109.4,109.4,,1,UP,NO,NO,2026-10-09T00:05:31Z
2021-01-22T09:15:00Z,2021-01-22T10:15,2021-01-22T10:30,42,55.36,40.28,55.36,42.56,2,UP_AND_DOWN,NO,NO,2026-10-09T00:05:31Z
2021-01-22T09:30:00Z,2021-01-22T10:30,2021-01-22T10:45,43,42.82,30.64,42.82,30.64,2,UP_AND_DOWN,NO,NO,2026-10-09T00:05:31Z
2021-01-22T09:45:00Z,2021-01-22T10:45,2021-01-22T11:00,44,4.4,4.4,,4.4,-1,DOWN,NO,NO,2026-10-09T00:05:31Z
2021-01-22T10:00:00Z,2021-01-22T11:00,2021-01-22T11:15,45,18.08,18.08,,18.08,-1,DOWN,NO,NO,2026-10-09T00:05:31Z
2021-01-22T10:15:00Z,2021-01-22T11:15,2021-01-22T11:30,46,-54.14,-54.14,,-54.14,-1,DOWN,NO,NO,2026-10-09T00:05:31Z
2021-01-22T10:30:00Z,2021-01-22T11:30,2021-01-22T11:45,47,-57.83,-57.83,,-57.83,-1,DOWN,NO,NO,2026-10-09T00:05:31Z
2021-01-22T10:45:00Z,2021-01-22T11:45,2021-01-22T12:00,48,-126.92,-126.92,,-126.92,-1,DOWN,NO,NO,2026-10-09T00:05:31Z
2021-01-22T11:00:00Z,2021-01-22T12:00,2021-01-22T12:15,49,50.11,29.36,50.11,29.36,2,UP_AND_DOWN,NO,NO,2026-10-09T00:05:31Z
2021-01-22T11:15:00Z,2021-01-22T12:15,2021-01-22T12:30,50,-9.25,-9.25,,-9.25,-1,DOWN,NO,NO,2026-10-09T00:05:31Z
2021-01-22T11:30:00Z,2021-01-22T12:30,2021-01-22T12:45,51,32.93,32.93,,32.93,-1,DOWN,NO,NO,2026-10-09T00:05:31Z
2021-01-22T11:45:00Z,2021-01-22T12:45,2021-01-22T13:00,52,-18.6,-18.6,,-18.6,-1,DOWN,NO,NO,2026-10-09T00:05:31Z
2021-01-22T12:00:00Z,2021-01-22T13:00,2021-01-22T13:15,53,44.89,21.39,44.89,21.39,2,UP_AND_DOWN,NO,NO,2026-10-09T00:05:31Z
2021-01-22T12:15:00Z,2021-01-22T13:15,2021-01-22T13:30,54,-22.84,-22.84,,-22.84,-1,DOWN,NO,NO,2026-10-09T00:05:31Z
2021-01-22T12:30:00Z,2021-01-22T13:30,2021-01-22T13:45,55,42.64,21.39,42.64,21.39,2,UP_AND_DOWN,NO,NO,2026-10-09T00:05:31Z
2021-01-22T12:45:00Z,2021-01-22T13:45,2021-01-22T14:00,56,11.39,11.39,,11.39,-1,DOWN,NO,NO,2026-10-09T00:05:31Z
2021-01-22T13:00:00Z,2021-01-22T14:00,2021-01-22T14:15,57,-107.53,-107.53,,-107.53,-1,DOWN,NO,NO,2026-10-09T00:05:31Z
2021-01-22T13:15:00Z,2021-01-22T14:15,2021-01-22T14:30,58,-123.76,-123.76,,-123.76,-1,DOWN,NO,NO,2026-10-09T00:05:31Z
2021-01-22T13:30:00Z,2021-01-22T14:30,2021-01-22T14:45,59,42.64,20.93,42.64,20.93,2,UP_AND_DOWN,NO,NO,2026-10-09T00:05:31Z
2021-01-22T13:45:00Z,2021-01-22T14:45,2021-01-22T15:00,60,15,15,,15,-1,DOWN,NO,NO,2026-10-09T00:05:31Z
2021-01-22T14:00:00Z,2021-01-22T15:00,2021-01-22T15:15,61,-115.51,-115.51,,-115.51,-1,DOWN,NO,NO,2026-10-09T00:05:31Z
2021-01-22T14:15:00Z,2021-01-22T15:15,2021-01-22T15:30,62,41.08,41.08,,41.08,-1,DOWN,NO,NO,2026-10-09T00:05:31Z
2021-01-22T14:30:00Z,2021-01-22T15:30,2021-01-22T15:45,63,42.8,42.8,42.8,,1,UP,NO,NO,2026-10-09T00:05:31Z
2021-01-22T14:45:00Z,2021-01-22T15:45,2021-01-22T16:00,64,47.3,47.3,47.3,,1,UP,NO,NO,2026-10-09T00:05:31Z
2021-01-22T15:00:00Z,2021-01-22T16:00,2021-01-22T16:15,65,43.07,39.61,43.07,40.92,2,UP_AND_DOWN,NO,NO,2026-10-09T00:05:31Z
2021-01-22T15:15:00Z,2021-01-22T16:15,2021-01-22T16:30,66,43.67,43.67,,,0,STABLE,NO,NO,2026-10-09T00:05:31Z
2021-01-22T15:30:00Z,2021-01-22T16:30,2021-01-22T16:45,67,43.69,43.69,,,0,STABLE,NO,NO,2026-10-09T00:05:31Z
2021-01-22T15:45:00Z,2021-01-22T16:45,2021-01-22T17:00,68,39.61,39.61,,,0,STABLE,NO,NO,2026-10-09T00:05:31Z
2021-01-22T16:00:00Z,2021-01-22T17:00,2021-01-22T17:15,69,-9.78,-9.78,,-9.78,-1,DOWN,NO,NO,2026-10-09T00:05:31Z
2021-01-22T16:15:00Z,2021-01-22T17:15,2021-01-22T17:30,70,35.93,35.93,,35.93,-1,DOWN,NO,NO,2026-10-09T00:05:31Z
2021-01-22T16:30:00Z,2021-01-22T17:30,2021-01-22T17:45,71,44.21,44.21,,44.21,-1,DOWN,NO,NO,2026-10-09T00:05:31Z
2021-01-22T16:45:00Z,2021-01-22T17:45,2021-01-22T18:00,72,43.96,43.96,,,0,STABLE,NO,NO,2026-10-09T00:05:31Z
2021-01-22T17:00:00Z,2021-01-22T18:00,2021-01-22T18:15,73,37.43,37.43,,37.43,-1,DOWN,NO,NO,2026-10-09T00:05:31Z
2021-01-22T17:15:00Z,2021-01-22T18:15,2021-01-22T18:30,74,40.26,40.26,,40.26,-1,DOWN,NO,NO,2026-10-09T00:05:31Z
2021-01-22T17:30:00Z,2021-01-22T18:30,2021-01-22T18:45,75,31.3,31.3,,31.3,-1,DOWN,NO,NO,2026-10-09T00:05:31Z
2021-01-22T17:45:00Z,2021-01-22T18:45,2021-01-22T19:00,76,22.24,22.24,,22.24,-1,DOWN,NO,NO,2026-10-09T00:05:31Z
2021-01-22T18:00:00Z,2021-01-22T19:00,2021-01-22T19:15,77,44.31,44.31,44.31,34.74,1,UP,NO,NO,2026-10-09T00:05:31Z
2021-01-22T18:15:00Z,2021-01-22T19:15,2021-01-22T19:30,78,29.74,29.74,44.31,29.74,-1,DOWN,NO,NO,2026-10-09T00:05:31Z
2021-01-22T18:30:00Z,2021-01-22T19:30,2021-01-22T19:45,79,21.96,21.96,,21.96,-1,DOWN,NO,NO,2026-10-09T00:05:31Z
2021-01-22T18:45:00Z,2021-01-22T19:45,2021-01-22T20:00,80,30,30,,30,-1,DOWN,NO,NO,2026-10-09T00:05:31Z
2021-01-22T19:00:00Z,2021-01-22T20:00,2021-01-22T20:15,81,16,16,,16,-1,DOWN,NO,NO,2026-10-09T00:05:31Z
2021-01-22T19:15:00Z,2021-01-22T20:15,2021-01-22T20:30,82,13.91,13.91,,13.91,-1,DOWN,NO,NO,2026-10-09T00:05:31Z
2021-01-22T19:30:00Z,2021-01-22T20:30,2021-01-22T20:45,83,-11,-11,,-11,-1,DOWN,NO,NO,2026-10-09T00:05:31Z
2021-01-22T19:45:00Z,2021-01-22T20:45,2021-01-22T21:00,84,43.51,35.52,43.51,35.52,2,UP_AND_DOWN,NO,NO,2026-10-09T00:05:31Z
2021-01-22T20:00:00Z,2021-01-22T21:00,2021-01-22T21:15,85,11.52,11.52,,11.52,-1,DOWN,NO,NO,2026-10-09T00:05:31Z
2021-01-22T20:15:00Z,2021-01-22T21:15,2021-01-22T21:30,86,43.42,35.93,43.42,35.93,2,UP_AND_DOWN,NO,NO,2026-10-09T00:05:31Z
2021-01-22T20:30:00Z,2021-01-22T21:30,2021-01-22T21:45,87,32.93,32.93,,32.93,-1,DOWN,NO,NO,2026-10-09T00:05:31Z
2021-01-22T20:45:00Z,2021-01-22T21:45,2021-01-22T22:00,88,12.24,12.24,,12.24,-1,DOWN,NO,NO,2026-10-09T00:05:31Z
2021-01-22T21:00:00Z,2021-01-22T22:00,2021-01-22T22:15,89,-10.56,-10.56,,-10.56,-1,DOWN,NO,NO,2026-10-09T00:05:31Z
2021-01-22T21:15:00Z,2021-01-22T22:15,2021-01-22T22:30,90,-88.89,-88.89,,-88.89,-1,DOWN,NO,NO,2026-10-09T00:05:31Z
2021-01-22T21:30:00Z,2021-01-22T22:30,2021-01-22T22:45,91,44.28,-130,44.28,-130,2,UP_AND_DOWN,NO,NO,2026-10-09T00:05:31Z
2021-01-22T21:45:00Z,2021-01-22T22:45,2021-01-22T23:00,92,16.14,16.14,44.28,16.14,-1,DOWN,NO,NO,2026-10-09T00:05:31Z
2021-01-22T22:00:00Z,2021-01-22T23:00,2021-01-22T23:15,93,53.61,35.93,53.61,35.93,2,UP_AND_DOWN,NO,NO,2026-10-09T00:05:31Z
2021-01-22T22:15:00Z,2021-01-22T23:15,2021-01-22T23:30,94,32,32,53.61,32,-1,DOWN,NO,NO,2026-10-09T00:05:31Z
2021-01-22T22:30:00Z,2021-01-22T23:30,2021-01-22T23:45,95,-125,-125,,-125,-1,DOWN,NO,NO,2026-10-09T00:05:31Z
2021-01-22T22:45:00Z,2021-01-22T23:45,2021-01-23T00:00,96,-155,-155,,-155,-1,DOWN,NO,NO,2026-10-09T00:05:31Z
2021-01-22T23:00:00Z,2021-01-23T00:00,2021-01-23T00:15,1,-100.95,-100.95,,-100.95,-1,DOWN,NO,NO,2026-10-09T00:05:31Z
2021-01-22T23:15:00Z,2021-01-23T00:15,2021-01-23T00:30,2,-37.22,-37.22,,-37.22,-1,DOWN,NO,NO,2026-10-09T00:05:31Z
2021-01-22T23:30:00Z,2021-01-23T00:30,2021-01-23T00:45,3,5.12,5.12,,5.12,-1,DOWN,NO,NO,2026-10-09T00:05:31Z
2021-01-22T23:45:00Z,2021-01-23T00:45,2021-01-23T01:00,4,47.62,43.07,47.62,43.07,2,UP_AND_DOWN,NO,NO,2026-10-09T00:05:31Z
2021-01-23T00:00:00Z,2021-01-23T01:00,2021-01-23T01:15,5,45.61,45.61,,,0,STABLE,NO,NO,2026-10-09T00:05:31Z
2021-01-23T00:15:00Z,2021-01-23T01:15,2021-01-23T01:30,6,45.66,45.66,,,0,STABLE,NO,NO,2026-10-09T00:05:31Z
2021-01-23T00:30:00Z,2021-01-23T01:30,2021-01-23T01:45,7,46.39,46.39,,46.39,-1,DOWN,NO,NO,2026-10-09T00:05:31Z
2021-01-23T00:45:00Z,2021-01-23T01:45,2021-01-23T02:00,8,45.64,45.64,,45.64,-1,DOWN,NO,NO,2026-10-09T00:05:31Z
2021-01-23T01:00:00Z,2021-01-23T02:00,2021-01-23T02:15,9,47.93,45.2,47.93,45.46,2,UP_AND_DOWN,NO,NO,2026-10-09T00:05:31Z
2021-01-23T01:15:00Z,2021-01-23T02:15,2021-01-23T02:30,10,47.93,47.93,47.93,,1,UP,NO,NO,2026-10-09T00:05:31Z
2021-01-23T01:30:00Z,2021-01-23T02:30,2021-01-23T02:45,11,39.25,39.25,,39.25,-1,DOWN,NO,NO,2026-10-09T00:05:31Z
2021-01-23T01:45:00Z,2021-01-23T02:45,2021-01-23T03:00,12,19.17,19.17,,19.17,-1,DOWN,NO,NO,2026-10-09T00:05:31Z
2021-01-23T02:00:00Z,2021-01-23T03:00,2021-01-23T03:15,13,5.74,5.74,,5.74,-1,DOWN,NO,NO,2026-10-09T00:05:31Z
2021-01-23T02:15:00Z,2021-01-23T03:15,2021-01-23T03:30,14,25.39,25.39,,25.39,-1,DOWN,NO,NO,2026-10-09T00:05:31Z
2021-01-23T02:30:00Z,2021-01-23T03:30,2021-01-23T03:45,15,19.04,19.04,,19.04,-1,DOWN,NO,NO,2026-10-09T00:05:31Z
2021-01-23T02:45:00Z,2021-01-23T03:45,2021-01-23T04:00,16,-83.97,-83.97,,-83.97,-1,DOWN,NO,NO,2026-10-09T00:05:31Z
2021-01-23T03:00:00Z,2021-01-23T04:00,2021-01-23T04:15,17,12.38,12.38,,12.38,-1,DOWN,NO,NO,2026-10-09T00:05:31Z
2021-01-23T03:15:00Z,2021-01-23T04:15,2021-01-23T04:30,18,44.97,44.97,,44.97,-1,DOWN,NO,NO,2026-10-09T00:05:31Z
2021-01-23T03:30:00Z,2021-01-23T04:30,2021-01-23T04:45,19,39.61,39.61,,39.61,-1,DOWN,NO,NO,2026-10-09T00:05:31Z
2021-01-23T03:45:00Z,2021-01-23T04:45,2021-01-23T05:00,20,26.47,26.47,,26.47,-1,DOWN,NO,NO,2026-10-09T00:05:31Z
2021-01-23T04:00:00Z,2021-01-23T05:00,2021-01-23T05:15,21,35,35,,35,-1,DOWN,NO,NO,2026-10-09T00:05:31Z
2021-01-23T04:15:00Z,2021-01-23T05:15,2021-01-23T05:30,22,45.54,45.54,,,0,STABLE,NO,NO,2026-10-09T00:05:31Z
2021-01-23T04:30:00Z,2021-01-23T05:30,2021-01-23T05:45,23,42.49,42.49,,42.49,-1,DOWN,NO,NO,2026-10-09T00:05:31Z
2021-01-23T04:45:00Z,2021-01-23T05:45,2021-01-23T06:00,24,41.92,41.92,,41.92,-1,DOWN,NO,NO,2026-10-09T00:05:31Z
2021-01-23T05:00:00Z,2021-01-23T06:00,2021-01-23T06:15,25,31.18,31.18,,31.18,-1,DOWN,NO,NO,2026-10-09T00:05:31Z
2021-01-23T05:15:00Z,2021-01-23T06:15,2021-01-23T06:30,26,42.84,42.84,,42.84,-1,DOWN,NO,NO,2026-10-09T00:05:31Z
2021-01-23T05:30:00Z,2021-01-23T06:30,2021-01-23T06:45,27,46.54,46.54,,,0,STABLE,NO,NO,2026-10-09T00:05:31Z
2021-01-23T05:45:00Z,2021-01-23T06:45,2021-01-23T07:00,28,46.18,46.18,,46.18,-1,DOWN,NO,NO,2026-10-09T00:05:31Z
2021-01-23T06:00:00Z,2021-01-23T07:00,2021-01-23T07:15,29,32.38,32.38,,32.38,-1,DOWN,NO,NO,2026-10-09T00:05:31Z
2021-01-23T06:15:00Z,2021-01-23T07:15,2021-01-23T07:30,30,23.47,23.47,,23.47,-1,DOWN,NO,NO,2026-10-09T00:05:31Z
2021-01-23T06:30:00Z,2021-01-23T07:30,2021-01-23T07:45,31,40.76,40.76,,40.76,-1,DOWN,NO,NO,2026-10-09T00:05:31Z
2021-01-23T06:45:00Z,2021-01-23T07:45,2021-01-23T08:00,32,46.7,46.7,,,0,STABLE,NO,NO,2026-10-09T00:05:31Z
2021-01-23T07:00:00Z,2021-01-23T08:00,2021-01-23T08:15,33,39.75,39.75,,39.75,-1,DOWN,NO,NO,2026-10-09T00:05:31Z
2021-01-23T07:15:00Z,2021-01-23T08:15,2021-01-23T08:30,34,21.44,21.44,,21.44,-1,DOWN,NO,NO,2026-10-09T00:05:31Z
2021-01-23T07:30:00Z,2021-01-23T08:30,2021-01-23T08:45,35,30,30,,30,-1,DOWN,NO,NO,2026-10-09T00:05:31Z
2021-01-23T07:45:00Z,2021-01-23T08:45,2021-01-23T09:00,36,2.43,2.43,,2.43,-1,DOWN,NO,NO,2026-10-09T00:05:31Z
2021-01-23T08:00:00Z,2021-01-23T09:00,2021-01-23T09:15,37,-33.12,-33.12,,-33.12,-1,DOWN,NO,NO,2026-10-09T00:05:31Z
2021-01-23T08:15:00Z,2021-01-23T09:15,2021-01-23T09:30,38,12.39,12.39,,12.39,-1,DOWN,NO,NO,2026-10-09T00:05:31Z
2021-01-23T08:30:00Z,2021-01-23T09:30,2021-01-23T09:45,39,20.62,20.62,,20.62,-1,DOWN,NO,NO,2026-10-09T00:05:31Z
2021-01-23T08:45:00Z,2021-01-23T09:45,2021-01-23T10:00,40,-15.45,-15.45,,-15.45,-1,DOWN,NO,NO,2026-10-09T00:05:31Z
2021-01-23T09:00:00Z,2021-01-23T10:00,2021-01-23T10:15,41,-111.85,-111.85,,-111.85,-1,DOWN,NO,NO,2026-10-09T00:05:31Z
2021-01-23T09:15:00Z,2021-01-23T10:15,2021-01-23T10:30,42,-2.98,-2.98,,-2.98,-1,DOWN,NO,NO,2026-10-09T00:05:31Z
2021-01-23T09:30:00Z,2021-01-23T10:30,2021-01-23T10:45,43,21.65,21.65,,21.65,-1,DOWN,NO,NO,2026-10-09T00:05:31Z
2021-01-23T09:45:00Z,2021-01-23T10:45,2021-01-23T11:00,44,31.85,31.85,,31.85,-1,DOWN,NO,NO,2026-10-09T00:05:31Z
2021-01-23T10:00:00Z,2021-01-23T11:00,2021-01-23T11:15,45,32.77,32.77,,32.77,-1,DOWN,NO,NO,2026-10-09T00:05:31Z
2021-01-23T10:15:00Z,2021-01-23T11:15,2021-01-23T11:30,46,26.77,26.77,,26.77,-1,DOWN,NO,NO,2026-10-09T00:05:31Z
2021-01-23T10:30:00Z,2021-01-23T11:30,2021-01-23T11:45,47,15,15,,15,-1,DOWN,NO,NO,2026-10-09T00:05:31Z
2021-01-23T10:45:00Z,2021-01-23T11:45,2021-01-23T12:00,48,5,5,,5,-1,DOWN,NO,NO,2026-10-09T00:05:31Z
2021-01-23T11:00:00Z,2021-01-23T12:00,2021-01-23T12:15,49,-5.29,-5.29,,-5.29,-1,DOWN,NO,NO,2026-10-09T00:05:31Z
2021-01-23T11:15:00Z,2021-01-23T12:15,2021-01-23T12:30,50,48.99,48.99,48.99,,1,UP,NO,NO,2026-10-09T00:05:31Z
2021-01-23T11:30:00Z,2021-01-23T12:30,2021-01-23T12:45,51,61.06,61.06,61.06,,1,UP,NO,NO,2026-10-09T00:05:31Z
2021-01-23T11:45:00Z,2021-01-23T12:45,2021-01-23T13:00,52,46.85,46.85,,,0,STABLE,NO,NO,2026-10-09T00:05:31Z
2021-01-23T12:00:00Z,2021-01-23T13:00,2021-01-23T13:15,53,53.82,53.82,53.82,,1,UP,NO,NO,2026-10-09T00:05:31Z
2021-01-23T12:15:00Z,2021-01-23T13:15,2021-01-23T13:30,54,45.44,45.44,45.44,,1,UP,NO,NO,2026-10-09T00:05:31Z
2021-01-23T12:30:00Z,2021-01-23T13:30,2021-01-23T13:45,55,43.11,43.11,,,0,STABLE,NO,NO,2026-10-09T00:05:31Z
2021-01-23T12:45:00Z,2021-01-23T13:45,2021-01-23T14:00,56,43.07,43.07,,43.07,-1,DOWN,NO,NO,2026-10-09T00:05:31Z
2021-01-23T13:00:00Z,2021-01-23T14:00,2021-01-23T14:15,57,41.34,41.34,,41.34,-1,DOWN,NO,NO,2026-10-09T00:05:31Z
2021-01-23T13:15:00Z,2021-01-23T14:15,2021-01-23T14:30,58,46.83,46.83,,,0,STABLE,NO,NO,2026-10-09T00:05:31Z
2021-01-23T13:30:00Z,2021-01-23T14:30,2021-01-23T14:45,59,53.81,53.81,53.81,,1,UP,NO,NO,2026-10-09T00:05:31Z
2021-01-23T13:45:00Z,2021-01-23T14:45,2021-01-23T15:00,60,90.07,90.07,90.07,,1,UP,NO,NO,2026-10-09T00:05:31Z
2021-01-23T14:00:00Z,2021-01-23T15:00,2021-01-23T15:15,61,223.65,223.65,223.65,,1,UP,NO,NO,2026-10-09T00:05:31Z
2021-01-23T14:15:00Z,2021-01-23T15:15,2021-01-23T15:30,62,56.78,56.78,56.78,,1,UP,NO,NO,2026-10-09T00:05:31Z
2021-01-23T14:30:00Z,2021-01-23T15:30,2021-01-23T15:45,63,284.75,284.75,284.75,,1,UP,NO,NO,2026-10-09T00:05:31Z
2021-01-23T14:45:00Z,2021-01-23T15:45,2021-01-23T16:00,64,284.75,284.75,284.75,,1,UP,NO,NO,2026-10-09T00:05:31Z
2021-01-23T15:00:00Z,2021-01-23T16:00,2021-01-23T16:15,65,49.51,49.51,49.51,,1,UP,NO,NO,2026-10-09T00:05:31Z
2021-01-23T15:15:00Z,2021-01-23T16:15,2021-01-23T16:30,66,56.67,56.67,56.67,,1,UP,NO,NO,2026-10-09T00:05:31Z
2021-01-23T15:30:00Z,2021-01-23T16:30,2021-01-23T16:45,67,103.83,103.83,103.83,,1,UP,NO,NO,2026-10-09T00:05:31Z
2021-01-23T15:45:00Z,2021-01-23T16:45,2021-01-23T17:00,68,108.62,108.62,108.62,,1,UP,NO,NO,2026-10-09T00:05:31Z
2021-01-23T16:00:00Z,2021-01-23T17:00,2021-01-23T17:15,69,11.93,11.93,108.62,11.93,-1,DOWN,NO,NO,2026-10-09T00:05:31Z
2021-01-23T16:15:00Z,2021-01-23T17:15,2021-01-23T17:30,70,78.1,78.1,78.1,45.85,1,UP,NO,NO,2026-10-09T00:05:31Z
2021-01-23T16:30:00Z,2021-01-23T17:30,2021-01-23T17:45,71,96.09,96.09,96.09,,1,UP,NO,NO,2026-10-09T00:05:31Z
2021-01-23T16:45:00Z,2021-01-23T17:45,2021-01-23T18:00,72,83.09,83.09,83.09,,1,UP,NO,NO,2026-10-09T00:05:31Z
2021-01-23T17:00:00Z,2021-01-23T18:00,2021-01-23T18:15,73,57.44,57.44,57.44,,1,UP,NO,NO,2026-10-09T00:05:31Z
2021-01-23T17:15:00Z,2021-01-23T18:15,2021-01-23T18:30,74,56.5,56.5,56.5,,1,UP,NO,NO,2026-10-09T00:05:31Z
2021-01-23T17:30:00Z,2021-01-23T18:30,2021-01-23T18:45,75,52.91,52.91,52.91,,1,UP,NO,NO,2026-10-09T00:05:31Z
2021-01-23T17:45:00Z,2021-01-23T18:45,2021-01-23T19:00,76,49.62,49.62,49.62,,1,UP,NO,NO,2026-10-09T00:05:31Z
2021-01-23T18:00:00Z,2021-01-23T19:00,2021-01-23T19:15,77,49.58,49.58,49.58,,1,UP,NO,NO,2026-10-09T00:05:31Z
2021-01-23T18:15:00Z,2021-01-23T19:15,2021-01-23T19:30,78,47.41,47.41,47.41,,1,UP,NO,NO,2026-10-09T00:05:31Z
2021-01-23T18:30:00Z,2021-01-23T19:30,2021-01-23T19:45,79,43.43,43.43,,,0,STABLE,NO,NO,2026-10-09T00:05:31Z
2021-01-23T18:45:00Z,2021-01-23T19:45,2021-01-23T20:00,80,43.43,43.43,,,0,STABLE,NO,NO,2026-10-09T00:05:31Z
2021-01-23T19:00:00Z,2021-01-23T20:00,2021-01-23T20:15,81,51.44,51.44,51.44,,1,UP,NO,NO,2026-10-09T00:05:31Z
2021-01-23T19:15:00Z,2021-01-23T20:15,2021-01-23T20:30,82,43.45,43.45,,,0,STABLE,NO,NO,2026-10-09T00:05:31Z
2021-01-23T19:30:00Z,2021-01-23T20:30,2021-01-23T20:45,83,43.47,43.47,,43.47,-1,DOWN,NO,NO,2026-10-09T00:05:31Z
2021-01-23T19:45:00Z,2021-01-23T20:45,2021-01-23T21:00,84,47.03,43.45,47.03,48.89,2,UP_AND_DOWN,NO,NO,2026-10-09T00:05:31Z
2021-01-23T20:00:00Z,2021-01-23T21:00,2021-01-23T21:15,85,117.8,117.8,117.8,,1,UP,NO,NO,2026-10-09T00:05:31Z
2021-01-23T20:15:00Z,2021-01-23T21:15,2021-01-23T21:30,86,52.61,52.61,52.61,,1,UP,NO,NO,2026-10-09T00:05:31Z
2021-01-23T20:30:00Z,2021-01-23T21:30,2021-01-23T21:45,87,43.45,43.45,,,0,STABLE,NO,NO,2026-10-09T00:05:31Z
2021-01-23T20:45:00Z,2021-01-23T21:45,2021-01-23T22:00,88,43.45,43.45,,,0,STABLE,NO,NO,2026-10-09T00:05:31Z
2021-01-23T21:00:00Z,2021-01-23T22:00,2021-01-23T22:15,89,47.06,47.06,47.06,,1,UP,NO,NO,2026-10-09T00:05:31Z
2021-01-23T21:15:00Z,2021-01-23T22:15,2021-01-23T22:30,90,46.31,46.31,46.31,,1,UP,NO,NO,2026-10-09T00:05:31Z
2021-01-23T21:30:00Z,2021-01-23T22:30,2021-01-23T22:45,91,43.45,43.45,,,0,STABLE,NO,NO,2026-10-09T00:05:31Z
2021-01-23T21:45:00Z,2021-01-23T22:45,2021-01-23T23:00,92,43.45,43.45,,,0,STABLE,NO,NO,2026-10-09T00:05:31Z
2021-01-23T22:00:00Z,2021-01-23T23:00,2021-01-23T23:15,93,46.5,46.5,,46.5,-1,DOWN,NO,NO,2026-10-09T00:05:31Z
2021-01-23T22:15:00Z,2021-01-23T23:15,2021-01-23T23:30,94,36.05,36.05,,36.05,-1,DOWN,NO,NO,2026-10-09T00:05:31Z
2021-01-23T22:30:00Z,2021-01-23T23:30,2021-01-23T23:45,95,30,30,,30,-1,DOWN,NO,NO,2026-10-09T00:05:31Z
2021-01-23T22:45:00Z,2021-01-23T23:45,2021-01-24T00:00,96,7.55,7.55,,7.55,-1,DOWN,NO,NO,2026-10-09T00:05:31Z
2021-01-23T23:00:00Z,2021-01-24T00:00,2021-01-24T00:15,1,12.19,12.19,,12.19,-1,DOWN,NO,NO,2026-10-09T00:05:31Z
2021-01-23T23:15:00Z,2021-01-24T00:15,2021-01-24T00:30,2,46.01,46.01,,,0,STABLE,NO,NO,2026-10-09T00:05:31Z
2021-01-23T23:30:00Z,2021-01-24T00:30,2021-01-24T00:45,3,37.9,37.9,,37.9,-1,DOWN,NO,NO,2026-10-09T00:05:31Z
2021-01-23T23:45:00Z,2021-01-24T00:45,2021-01-24T01:00,4,4.8,4.8,,4.8,-1,DOWN,NO,NO,2026-10-09T00:05:31Z
2021-01-24T00:00:00Z,2021-01-24T01:00,2021-01-24T01:15,5,38.35,38.35,,38.35,-1,DOWN,NO,NO,2026-10-09T00:05:31Z
2021-01-24T00:15:00Z,2021-01-24T01:15,2021-01-24T01:30,6,26.16,26.16,,26.16,-1,DOWN,NO,NO,2026-10-09T00:05:31Z
2021-01-24T00:30:00Z,2021-01-24T01:30,2021-01-24T01:45,7,.67,.67,,.67,-1,DOWN,NO,NO,2026-10-09T00:05:31Z
2021-01-24T00:45:00Z,2021-01-24T01:45,2021-01-24T02:00,8,26.93,26.93,,26.93,-1,DOWN,NO,NO,2026-10-09T00:05:31Z
2021-01-24T01:00:00Z,2021-01-24T02:00,2021-01-24T02:15,9,33.77,33.77,,33.77,-1,DOWN,NO,NO,2026-10-09T00:05:31Z
2021-01-24T01:15:00Z,2021-01-24T02:15,2021-01-24T02:30,10,37.9,37.9,,37.9,-1,DOWN,NO,NO,2026-10-09T00:05:31Z
2021-01-24T01:30:00Z,2021-01-24T02:30,2021-01-24T02:45,11,10,10,,10,-1,DOWN,NO,NO,2026-10-09T00:05:31Z
2021-01-24T01:45:00Z,2021-01-24T02:45,2021-01-24T03:00,12,1.24,1.24,,1.24,-1,DOWN,NO,NO,2026-10-09T00:05:31Z
2021-01-24T02:00:00Z,2021-01-24T03:00,2021-01-24T03:15,13,48.77,48.77,48.77,1.24,1,UP,NO,NO,2026-10-09T00:05:31Z
2021-01-24T02:15:00Z,2021-01-24T03:15,2021-01-24T03:30,14,43.59,43.59,,,0,STABLE,NO,NO,2026-10-09T00:05:31Z
2021-01-24T02:30:00Z,2021-01-24T03:30,2021-01-24T03:45,15,19.63,19.63,,19.63,-1,DOWN,NO,NO,2026-10-09T00:05:31Z
2021-01-24T02:45:00Z,2021-01-24T03:45,2021-01-24T04:00,16,-3.4,-3.4,,-3.4,-1,DOWN,NO,NO,2026-10-09T00:05:31Z
2021-01-24T03:00:00Z,2021-01-24T04:00,2021-01-24T04:15,17,30.64,30.64,,30.64,-1,DOWN,NO,NO,2026-10-09T00:05:31Z
2021-01-24T03:15:00Z,2021-01-24T04:15,2021-01-24T04:30,18,47.62,37.9,47.62,37.9,2,UP_AND_DOWN,NO,NO,2026-10-09T00:05:31Z
2021-01-24T03:30:00Z,2021-01-24T04:30,2021-01-24T04:45,19,42.24,42.24,42.24,37.9,1,UP,NO,NO,2026-10-09T00:05:31Z
2021-01-24T03:45:00Z,2021-01-24T04:45,2021-01-24T05:00,20,49.17,49.17,49.17,,1,UP,NO,NO,2026-10-09T00:05:31Z
2021-01-24T04:00:00Z,2021-01-24T05:00,2021-01-24T05:15,21,50.09,50.09,50.09,,1,UP,NO,NO,2026-10-09T00:05:31Z
2021-01-24T04:15:00Z,2021-01-24T05:15,2021-01-24T05:30,22,53.82,53.82,53.82,,1,UP,NO,NO,2026-10-09T00:05:31Z
2021-01-24T04:30:00Z,2021-01-24T05:30,2021-01-24T05:45,23,50.81,50.81,50.81,,1,UP,NO,NO,2026-10-09T00:05:31Z
2021-01-24T04:45:00Z,2021-01-24T05:45,2021-01-24T06:00,24,55.95,55.95,55.95,,1,UP,NO,NO,2026-10-09T00:05:31Z
2021-01-24T05:00:00Z,2021-01-24T06:00,2021-01-24T06:15,25,50.83,50.83,50.83,,1,UP,NO,NO,2026-10-09T00:05:31Z
2021-01-24T05:15:00Z,2021-01-24T06:15,2021-01-24T06:30,26,50.38,50.38,50.38,,1,UP,NO,NO,2026-10-09T00:05:31Z
2021-01-24T05:30:00Z,2021-01-24T06:30,2021-01-24T06:45,27,49.03,49.03,49.03,,1,UP,NO,NO,2026-10-09T00:05:31Z
2021-01-24T05:45:00Z,2021-01-24T06:45,2021-01-24T07:00,28,50.11,50.11,50.11,,1,UP,NO,NO,2026-10-09T00:05:31Z
2021-01-24T06:00:00Z,2021-01-24T07:00,2021-01-24T07:15,29,50.77,50.77,50.77,,1,UP,NO,NO,2026-10-09T00:05:31Z
2021-01-24T06:15:00Z,2021-01-24T07:15,2021-01-24T07:30,30,42.25,42.25,,,0,STABLE,NO,NO,2026-10-09T00:05:31Z
2021-01-24T06:30:00Z,2021-01-24T07:30,2021-01-24T07:45,31,42.71,42.71,,,0,STABLE,NO,NO,2026-10-09T00:05:31Z
2021-01-24T06:45:00Z,2021-01-24T07:45,2021-01-24T08:00,32,48.49,48.49,48.49,,1,UP,NO,NO,2026-10-09T00:05:31Z
2021-01-24T07:00:00Z,2021-01-24T08:00,2021-01-24T08:15,33,54.03,54.03,54.03,,1,UP,NO,NO,2026-10-09T00:05:31Z
2021-01-24T07:15:00Z,2021-01-24T08:15,2021-01-24T08:30,34,42.4,42.4,,,0,STABLE,NO,NO,2026-10-09T00:05:31Z
2021-01-24T07:30:00Z,2021-01-24T08:30,2021-01-24T08:45,35,41.9,41.9,,,0,STABLE,NO,NO,2026-10-09T00:05:31Z
2021-01-24T07:45:00Z,2021-01-24T08:45,2021-01-24T09:00,36,54.03,54.03,54.03,,1,UP,NO,NO,2026-10-09T00:05:31Z
2021-01-24T08:00:00Z,2021-01-24T09:00,2021-01-24T09:15,37,537.25,537.25,537.25,,1,UP,NO,NO,2026-10-09T00:05:31Z
2021-01-24T08:15:00Z,2021-01-24T09:15,2021-01-24T09:30,38,54.69,42.06,54.69,46.12,2,UP_AND_DOWN,NO,NO,2026-10-09T00:05:31Z
2021-01-24T08:30:00Z,2021-01-24T09:30,2021-01-24T09:45,39,46.87,46.87,46.87,,1,UP,NO,NO,2026-10-09T00:05:31Z
2021-01-24T08:45:00Z,2021-01-24T09:45,2021-01-24T10:00,40,51.66,51.66,51.66,,1,UP,NO,NO,2026-10-09T00:05:31Z
2021-01-24T09:00:00Z,2021-01-24T10:00,2021-01-24T10:15,41,46.13,46.13,,46.13,-1,DOWN,NO,NO,2026-10-09T00:05:31Z
2021-01-24T09:15:00Z,2021-01-24T10:15,2021-01-24T10:30,42,30.54,30.54,,30.54,-1,DOWN,NO,NO,2026-10-09T00:05:31Z
2021-01-24T09:30:00Z,2021-01-24T10:30,2021-01-24T10:45,43,27,27,,27,-1,DOWN,NO,NO,2026-10-09T00:05:31Z
2021-01-24T09:45:00Z,2021-01-24T10:45,2021-01-24T11:00,44,0,0,,0,-1,DOWN,NO,NO,2026-10-09T00:05:31Z
2021-01-24T10:00:00Z,2021-01-24T11:00,2021-01-24T11:15,45,29.94,29.94,,29.94,-1,DOWN,NO,NO,2026-10-09T00:05:31Z
2021-01-24T10:15:00Z,2021-01-24T11:15,2021-01-24T11:30,46,26.99,26.99,,26.99,-1,DOWN,NO,NO,2026-10-09T00:05:31Z
2021-01-24T10:30:00Z,2021-01-24T11:30,2021-01-24T11:45,47,-145.66,-145.66,,-145.66,-1,DOWN,NO,NO,2026-10-09T00:05:31Z
2021-01-24T10:45:00Z,2021-01-24T11:45,2021-01-24T12:00,48,10,10,,10,-1,DOWN,NO,NO,2026-10-09T00:05:31Z
2021-01-24T11:00:00Z,2021-01-24T12:00,2021-01-24T12:15,49,34.69,34.69,,34.69,-1,DOWN,NO,NO,2026-10-09T00:05:31Z
2021-01-24T11:15:00Z,2021-01-24T12:15,2021-01-24T12:30,50,24.28,24.28,,24.28,-1,DOWN,NO,NO,2026-10-09T00:05:31Z
2021-01-24T11:30:00Z,2021-01-24T12:30,2021-01-24T12:45,51,26.19,26.19,,26.19,-1,DOWN,NO,NO,2026-10-09T00:05:31Z
2021-01-24T11:45:00Z,2021-01-24T12:45,2021-01-24T13:00,52,-148.14,-148.14,,-148.14,-1,DOWN,NO,NO,2026-10-09T00:05:31Z
2021-01-24T12:00:00Z,2021-01-24T13:00,2021-01-24T13:15,53,20.99,20.99,,20.99,-1,DOWN,NO,NO,2026-10-09T00:05:31Z
2021-01-24T12:15:00Z,2021-01-24T13:15,2021-01-24T13:30,54,15,15,,15,-1,DOWN,NO,NO,2026-10-09T00:05:31Z
2021-01-24T12:30:00Z,2021-01-24T13:30,2021-01-24T13:45,55,20.99,20.99,,20.99,-1,DOWN,NO,NO,2026-10-09T00:05:31Z
2021-01-24T12:45:00Z,2021-01-24T13:45,2021-01-24T14:00,56,31.02,31.02,,31.02,-1,DOWN,NO,NO,2026-10-09T00:05:31Z
2021-01-24T13:00:00Z,2021-01-24T14:00,2021-01-24T14:15,57,34.69,34.69,,34.69,-1,DOWN,NO,NO,2026-10-09T00:05:31Z
2021-01-24T13:15:00Z,2021-01-24T14:15,2021-01-24T14:30,58,45.55,45.55,,,0,STABLE,NO,NO,2026-10-09T00:05:31Z
2021-01-24T13:30:00Z,2021-01-24T14:30,2021-01-24T14:45,59,45.56,45.56,,,0,STABLE,NO,NO,2026-10-09T00:05:31Z
2021-01-24T13:45:00Z,2021-01-24T14:45,2021-01-24T15:00,60,47.06,47.06,47.06,,1,UP,NO,NO,2026-10-09T00:05:31Z
2021-01-24T14:00:00Z,2021-01-24T15:00,2021-01-24T15:15,61,45.68,45.68,,,0,STABLE,NO,NO,2026-10-09T00:05:31Z
2021-01-24T14:15:00Z,2021-01-24T15:15,2021-01-24T15:30,62,46.31,46.31,46.31,,1,UP,NO,NO,2026-10-09T00:05:31Z
2021-01-24T14:30:00Z,2021-01-24T15:30,2021-01-24T15:45,63,50.81,50.81,50.81,,1,UP,NO,NO,2026-10-09T00:05:31Z
2021-01-24T14:45:00Z,2021-01-24T15:45,2021-01-24T16:00,64,50.81,50.81,50.81,,1,UP,NO,NO,2026-10-09T00:05:31Z
2021-01-24T15:00:00Z,2021-01-24T16:00,2021-01-24T16:15,65,54.25,54.25,54.25,,1,UP,NO,NO,2026-10-09T00:05:31Z
2021-01-24T15:15:00Z,2021-01-24T16:15,2021-01-24T16:30,66,41.29,41.29,,,0,STABLE,NO,NO,2026-10-09T00:05:31Z
2021-01-24T15:30:00Z,2021-01-24T16:30,2021-01-24T16:45,67,40.18,40.18,,40.18,-1,DOWN,NO,NO,2026-10-09T00:05:31Z
2021-01-24T15:45:00Z,2021-01-24T16:45,2021-01-24T17:00,68,42.01,42.01,,,0,STABLE,NO,NO,2026-10-09T00:05:31Z
2021-01-24T16:00:00Z,2021-01-24T17:00,2021-01-24T17:15,69,-23.08,-23.08,,-23.08,-1,DOWN,NO,NO,2026-10-09T00:05:31Z
2021-01-24T16:15:00Z,2021-01-24T17:15,2021-01-24T17:30,70,42.65,42.65,,42.65,-1,DOWN,NO,NO,2026-10-09T00:05:31Z
2021-01-24T16:30:00Z,2021-01-24T17:30,2021-01-24T17:45,71,42.07,42.07,,,0,STABLE,NO,NO,2026-10-09T00:05:31Z
2021-01-24T16:45:00Z,2021-01-24T17:45,2021-01-24T18:00,72,42.07,42.07,,,0,STABLE,NO,NO,2026-10-09T00:05:31Z
2021-01-24T17:00:00Z,2021-01-24T18:00,2021-01-24T18:15,73,48.66,48.66,,,0,STABLE,NO,NO,2026-10-09T00:05:31Z
2021-01-24T17:15:00Z,2021-01-24T18:15,2021-01-24T18:30,74,48.66,48.66,,,0,STABLE,NO,NO,2026-10-09T00:05:31Z
2021-01-24T17:30:00Z,2021-01-24T18:30,2021-01-24T18:45,75,48.66,48.66,,,0,STABLE,NO,NO,2026-10-09T00:05:31Z
2021-01-24T17:45:00Z,2021-01-24T18:45,2021-01-24T19:00,76,48.66,48.66,,,0,STABLE,NO,NO,2026-10-09T00:05:31Z
2021-01-24T18:00:00Z,2021-01-24T19:00,2021-01-24T19:15,77,44.38,44.38,,44.38,-1,DOWN,NO,NO,2026-10-09T00:05:31Z
2021-01-24T18:15:00Z,2021-01-24T19:15,2021-01-24T19:30,78,42.88,42.88,,42.88,-1,DOWN,NO,NO,2026-10-09T00:05:31Z
2021-01-24T18:30:00Z,2021-01-24T19:30,2021-01-24T19:45,79,31.11,31.11,,31.11,-1,DOWN,NO,NO,2026-10-09T00:05:31Z
2021-01-24T18:45:00Z,2021-01-24T19:45,2021-01-24T20:00,80,22.94,22.94,,22.94,-1,DOWN,NO,NO,2026-10-09T00:05:31Z
2021-01-24T19:00:00Z,2021-01-24T20:00,2021-01-24T20:15,81,31.17,31.17,,31.17,-1,DOWN,NO,NO,2026-10-09T00:05:31Z
2021-01-24T19:15:00Z,2021-01-24T20:15,2021-01-24T20:30,82,24.13,24.13,,24.13,-1,DOWN,NO,NO,2026-10-09T00:05:31Z
2021-01-24T19:30:00Z,2021-01-24T20:30,2021-01-24T20:45,83,12.94,12.94,,12.94,-1,DOWN,NO,NO,2026-10-09T00:05:31Z
2021-01-24T19:45:00Z,2021-01-24T20:45,2021-01-24T21:00,84,37.63,37.63,,37.63,-1,DOWN,NO,NO,2026-10-09T00:05:31Z
2021-01-24T20:00:00Z,2021-01-24T21:00,2021-01-24T21:15,85,36.94,36.94,,36.94,-1,DOWN,NO,NO,2026-10-09T00:05:31Z
2021-01-24T20:15:00Z,2021-01-24T21:15,2021-01-24T21:30,86,39.95,39.95,,39.95,-1,DOWN,NO,NO,2026-10-09T00:05:31Z
2021-01-24T20:30:00Z,2021-01-24T21:30,2021-01-24T21:45,87,29.94,29.94,,29.94,-1,DOWN,NO,NO,2026-10-09T00:05:31Z
2021-01-24T20:45:00Z,2021-01-24T21:45,2021-01-24T22:00,88,37.94,37.94,,37.94,-1,DOWN,NO,NO,2026-10-09T00:05:31Z
2021-01-24T21:00:00Z,2021-01-24T22:00,2021-01-24T22:15,89,39.27,39.27,,39.27,-1,DOWN,NO,NO,2026-10-09T00:05:31Z
2021-01-24T21:15:00Z,2021-01-24T22:15,2021-01-24T22:30,90,44.29,44.29,,44.29,-1,DOWN,NO,NO,2026-10-09T00:05:31Z
2021-01-24T21:30:00Z,2021-01-24T22:30,2021-01-24T22:45,91,43.72,43.72,,43.72,-1,DOWN,NO,NO,2026-10-09T00:05:31Z
2021-01-24T21:45:00Z,2021-01-24T22:45,2021-01-24T23:00,92,40.94,40.94,,40.94,-1,DOWN,NO,NO,2026-10-09T00:05:31Z
2021-01-24T22:00:00Z,2021-01-24T23:00,2021-01-24T23:15,93,40.94,40.94,,40.94,-1,DOWN,NO,NO,2026-10-09T00:05:31Z
2021-01-24T22:15:00Z,2021-01-24T23:15,2021-01-24T23:30,94,43.31,43.31,,43.31,-1,DOWN,NO,NO,2026-10-09T00:05:31Z
2021-01-24T22:30:00Z,2021-01-24T23:30,2021-01-24T23:45,95,43.33,43.33,,43.33,-1,DOWN,NO,NO,2026-10-09T00:05:31Z
2021-01-24T22:45:00Z,2021-01-24T23:45,2021-01-25T00:00,96,42.29,42.29,,42.29,-1,DOWN,NO,NO,2026-10-09T00:05:31Z
2021-01-24T23:00:00Z,2021-01-25T00:00,2021-01-25T00:15,1,51.53,39.6,51.53,39.6,2,UP_AND_DOWN,NO,NO,2026-10-09T00:05:31Z
2021-01-24T23:15:00Z,2021-01-25T00:15,2021-01-25T00:30,2,53.9,53.9,53.9,,1,UP,NO,NO,2026-10-09T00:05:31Z
2021-01-24T23:30:00Z,2021-01-25T00:30,2021-01-25T00:45,3,53.96,53.96,53.96,,1,UP,NO,NO,2026-10-09T00:05:31Z
2021-01-24T23:45:00Z,2021-01-25T00:45,2021-01-25T01:00,4,45.87,45.87,,,0,STABLE,NO,NO,2026-10-09T00:05:31Z
2021-01-25T00:00:00Z,2021-01-25T01:00,2021-01-25T01:15,5,45.61,45.61,,,0,STABLE,NO,NO,2026-10-09T00:05:31Z
2021-01-25T00:15:00Z,2021-01-25T01:15,2021-01-25T01:30,6,52.08,52.08,52.08,,1,UP,NO,NO,2026-10-09T00:05:31Z
2021-01-25T00:30:00Z,2021-01-25T01:30,2021-01-25T01:45,7,45.48,45.48,45.48,,1,UP,NO,NO,2026-10-09T00:05:31Z
2021-01-25T00:45:00Z,2021-01-25T01:45,2021-01-25T02:00,8,41.87,41.87,,,0,STABLE,NO,NO,2026-10-09T00:05:31Z
2021-01-25T01:00:00Z,2021-01-25T02:00,2021-01-25T02:15,9,48.31,48.31,48.31,,1,UP,NO,NO,2026-10-09T00:05:31Z
2021-01-25T01:15:00Z,2021-01-25T02:15,2021-01-25T02:30,10,46.47,46.47,46.47,,1,UP,NO,NO,2026-10-09T00:05:31Z
2021-01-25T01:30:00Z,2021-01-25T02:30,2021-01-25T02:45,11,40.72,40.72,46.47,40.72,-1,DOWN,NO,NO,2026-10-09T00:05:31Z
2021-01-25T01:45:00Z,2021-01-25T02:45,2021-01-25T03:00,12,37.73,37.73,,37.73,-1,DOWN,NO,NO,2026-10-09T00:05:31Z
2021-01-25T02:00:00Z,2021-01-25T03:00,2021-01-25T03:15,13,39.48,39.48,,39.48,-1,DOWN,NO,NO,2026-10-09T00:05:31Z
2021-01-25T02:15:00Z,2021-01-25T03:15,2021-01-25T03:30,14,37.21,37.21,,37.21,-1,DOWN,NO,NO,2026-10-09T00:05:31Z
2021-01-25T02:30:00Z,2021-01-25T03:30,2021-01-25T03:45,15,34.94,34.94,,34.94,-1,DOWN,NO,NO,2026-10-09T00:05:31Z
2021-01-25T02:45:00Z,2021-01-25T03:45,2021-01-25T04:00,16,37.73,37.73,,37.73,-1,DOWN,NO,NO,2026-10-09T00:05:31Z
2021-01-25T03:00:00Z,2021-01-25T04:00,2021-01-25T04:15,17,38,38,38,45.31,1,UP,NO,NO,2026-10-09T00:05:31Z
2021-01-25T03:15:00Z,2021-01-25T04:15,2021-01-25T04:30,18,45.59,45.59,,,0,STABLE,NO,NO,2026-10-09T00:05:31Z
2021-01-25T03:30:00Z,2021-01-25T04:30,2021-01-25T04:45,19,45.62,45.62,,,0,STABLE,NO,NO,2026-10-09T00:05:31Z
2021-01-25T03:45:00Z,2021-01-25T04:45,2021-01-25T05:00,20,51.53,51.53,51.53,,1,UP,NO,NO,2026-10-09T00:05:31Z
2021-01-25T04:00:00Z,2021-01-25T05:00,2021-01-25T05:15,21,42.02,42.02,,,0,STABLE,NO,NO,2026-10-09T00:05:31Z
2021-01-25T04:15:00Z,2021-01-25T05:15,2021-01-25T05:30,22,46.04,46.04,,46.04,-1,DOWN,NO,NO,2026-10-09T00:05:31Z
2021-01-25T04:30:00Z,2021-01-25T05:30,2021-01-25T05:45,23,54.03,42.02,54.03,42.98,2,UP_AND_DOWN,NO,NO,2026-10-09T00:05:31Z
2021-01-25T04:45:00Z,2021-01-25T05:45,2021-01-25T06:00,24,51.99,51.99,51.99,,1,UP,NO,NO,2026-10-09T00:05:31Z
2021-01-25T05:00:00Z,2021-01-25T06:00,2021-01-25T06:15,25,221.08,221.08,221.08,,1,UP,NO,NO,2026-10-09T00:05:31Z
2021-01-25T05:15:00Z,2021-01-25T06:15,2021-01-25T06:30,26,59.35,59.35,59.35,,1,UP,NO,NO,2026-10-09T00:05:31Z
2021-01-25T05:30:00Z,2021-01-25T06:30,2021-01-25T06:45,27,59.4,59.4,59.4,,1,UP,NO,NO,2026-10-09T00:05:31Z
2021-01-25T05:45:00Z,2021-01-25T06:45,2021-01-25T07:00,28,42.07,42.07,,,0,STABLE,NO,NO,2026-10-09T00:05:31Z
2021-01-25T06:00:00Z,2021-01-25T07:00,2021-01-25T07:15,29,34.37,34.37,,34.37,-1,DOWN,NO,NO,2026-10-09T00:05:31Z
2021-01-25T06:15:00Z,2021-01-25T07:15,2021-01-25T07:30,30,45.53,45.53,,,0,STABLE,NO,NO,2026-10-09T00:05:31Z
2021-01-25T06:30:00Z,2021-01-25T07:30,2021-01-25T07:45,31,111.6,111.6,111.6,,1,UP,NO,NO,2026-10-09T00:05:31Z
2021-01-25T06:45:00Z,2021-01-25T07:45,2021-01-25T08:00,32,222.82,222.82,222.82,,1,UP,NO,NO,2026-10-09T00:05:31Z
2021-01-25T07:00:00Z,2021-01-25T08:00,2021-01-25T08:15,33,77.93,42.97,77.93,43.07,2,UP_AND_DOWN,NO,NO,2026-10-09T00:05:31Z
2021-01-25T07:15:00Z,2021-01-25T08:15,2021-01-25T08:30,34,55.43,55.43,55.43,,1,UP,NO,NO,2026-10-09T00:05:31Z
2021-01-25T07:30:00Z,2021-01-25T08:30,2021-01-25T08:45,35,450,450,450,,1,UP,NO,NO,2026-10-09T00:05:31Z
2021-01-25T07:45:00Z,2021-01-25T08:45,2021-01-25T09:00,36,450,450,450,,1,UP,NO,NO,2026-10-09T00:05:31Z
2021-01-25T08:00:00Z,2021-01-25T09:00,2021-01-25T09:15,37,450,450,450,,1,UP,NO,NO,2026-10-09T00:05:31Z
2021-01-25T08:15:00Z,2021-01-25T09:15,2021-01-25T09:30,38,78.25,78.25,78.25,,1,UP,NO,NO,2026-10-09T00:05:31Z
2021-01-25T08:30:00Z,2021-01-25T09:30,2021-01-25T09:45,39,60.75,60.75,60.75,,1,UP,NO,NO,2026-10-09T00:05:31Z
2021-01-25T08:45:00Z,2021-01-25T09:45,2021-01-25T10:00,40,38,38,38,,1,UP,NO,NO,2026-10-09T00:05:31Z
2021-01-25T09:00:00Z,2021-01-25T10:00,2021-01-25T10:15,41,222.82,222.82,222.82,,1,UP,NO,NO,2026-10-09T00:05:31Z
2021-01-25T09:15:00Z,2021-01-25T10:15,2021-01-25T10:30,42,52.87,43.07,52.87,43.07,2,UP_AND_DOWN,NO,NO,2026-10-09T00:05:31Z
2021-01-25T09:30:00Z,2021-01-25T10:30,2021-01-25T10:45,43,34.37,34.37,,34.37,-1,DOWN,NO,NO,2026-10-09T00:05:31Z
2021-01-25T09:45:00Z,2021-01-25T10:45,2021-01-25T11:00,44,-17.18,-17.18,,-17.18,-1,DOWN,NO,NO,2026-10-09T00:05:31Z
2021-01-25T10:00:00Z,2021-01-25T11:00,2021-01-25T11:15,45,34.09,34.09,,34.09,-1,DOWN,NO,NO,2026-10-09T00:05:31Z
2021-01-25T10:15:00Z,2021-01-25T11:15,2021-01-25T11:30,46,28.36,28.36,,28.36,-1,DOWN,NO,NO,2026-10-09T00:05:31Z
2021-01-25T10:30:00Z,2021-01-25T11:30,2021-01-25T11:45,47,28.36,28.36,,28.36,-1,DOWN,NO,NO,2026-10-09T00:05:31Z
2021-01-25T10:45:00Z,2021-01-25T11:45,2021-01-25T12:00,48,13.72,13.72,,13.72,-1,DOWN,NO,NO,2026-10-09T00:05:31Z
2021-01-25T11:00:00Z,2021-01-25T12:00,2021-01-25T12:15,49,32.34,32.34,,32.34,-1,DOWN,NO,NO,2026-10-09T00:05:31Z
2021-01-25T11:15:00Z,2021-01-25T12:15,2021-01-25T12:30,50,27.08,27.08,,27.08,-1,DOWN,NO,NO,2026-10-09T00:05:31Z
2021-01-25T11:30:00Z,2021-01-25T12:30,2021-01-25T12:45,51,31.22,31.22,,31.22,-1,DOWN,NO,NO,2026-10-09T00:05:31Z
2021-01-25T11:45:00Z,2021-01-25T12:45,2021-01-25T13:00,52,27.1,27.1,,27.1,-1,DOWN,NO,NO,2026-10-09T00:05:31Z
2021-01-25T12:00:00Z,2021-01-25T13:00,2021-01-25T13:15,53,23.1,23.1,,23.1,-1,DOWN,NO,NO,2026-10-09T00:05:31Z
2021-01-25T12:15:00Z,2021-01-25T13:15,2021-01-25T13:30,54,20.24,20.24,,20.24,-1,DOWN,NO,NO,2026-10-09T00:05:31Z
2021-01-25T12:30:00Z,2021-01-25T13:30,2021-01-25T13:45,55,24.94,24.94,,24.94,-1,DOWN,NO,NO,2026-10-09T00:05:31Z
2021-01-25T12:45:00Z,2021-01-25T13:45,2021-01-25T14:00,56,23.1,23.1,,23.1,-1,DOWN,NO,NO,2026-10-09T00:05:31Z
2021-01-25T13:00:00Z,2021-01-25T14:00,2021-01-25T14:15,57,40.04,40.04,,40.04,-1,DOWN,NO,NO,2026-10-09T00:05:31Z
2021-01-25T13:15:00Z,2021-01-25T14:15,2021-01-25T14:30,58,30.23,30.23,,30.23,-1,DOWN,NO,NO,2026-10-09T00:05:31Z
2021-01-25T13:30:00Z,2021-01-25T14:30,2021-01-25T14:45,59,38.51,38.51,,38.51,-1,DOWN,NO,NO,2026-10-09T00:05:31Z
2021-01-25T13:45:00Z,2021-01-25T14:45,2021-01-25T15:00,60,48.81,48.81,48.81,40.97,1,UP,NO,NO,2026-10-09T00:05:31Z
2021-01-25T14:00:00Z,2021-01-25T15:00,2021-01-25T15:15,61,18.27,18.27,48.81,18.27,-1,DOWN,NO,NO,2026-10-09T00:05:31Z
2021-01-25T14:15:00Z,2021-01-25T15:15,2021-01-25T15:30,62,47.19,43.96,46.48,43.96,2,UP_AND_DOWN,NO,NO,2026-10-09T00:05:31Z
2021-01-25T14:30:00Z,2021-01-25T15:30,2021-01-25T15:45,63,51.53,51.53,51.53,,1,UP,NO,NO,2026-10-09T00:05:31Z
2021-01-25T14:45:00Z,2021-01-25T15:45,2021-01-25T16:00,64,49.34,49.34,,,0,STABLE,NO,NO,2026-10-09T00:05:31Z
2021-01-25T15:00:00Z,2021-01-25T16:00,2021-01-25T16:15,65,49.34,49.34,,,0,STABLE,NO,NO,2026-10-09T00:05:31Z
2021-01-25T15:15:00Z,2021-01-25T16:15,2021-01-25T16:30,66,42.66,42.66,,42.66,-1,DOWN,NO,NO,2026-10-09T00:05:31Z
2021-01-25T15:30:00Z,2021-01-25T16:30,2021-01-25T16:45,67,36.63,36.63,,36.63,-1,DOWN,NO,NO,2026-10-09T00:05:31Z
2021-01-25T15:45:00Z,2021-01-25T16:45,2021-01-25T17:00,68,40.52,40.52,,40.52,-1,DOWN,NO,NO,2026-10-09T00:05:31Z
2021-01-25T16:00:00Z,2021-01-25T17:00,2021-01-25T17:15,69,-128.31,-128.31,,-128.31,-1,DOWN,NO,NO,2026-10-09T00:05:31Z
2021-01-25T16:15:00Z,2021-01-25T17:15,2021-01-25T17:30,70,31.35,31.35,,31.35,-1,DOWN,NO,NO,2026-10-09T00:05:31Z
2021-01-25T16:30:00Z,2021-01-25T17:30,2021-01-25T17:45,71,25.35,25.35,,25.35,-1,DOWN,NO,NO,2026-10-09T00:05:31Z
2021-01-25T16:45:00Z,2021-01-25T17:45,2021-01-25T18:00,72,-10.49,-10.49,,-10.49,-1,DOWN,NO,NO,2026-10-09T00:05:31Z
2021-01-25T17:00:00Z,2021-01-25T18:00,2021-01-25T18:15,73,47.57,40.04,47.25,40.04,2,UP_AND_DOWN,NO,NO,2026-10-09T00:05:31Z
2021-01-25T17:15:00Z,2021-01-25T18:15,2021-01-25T18:30,74,39.98,39.98,,39.98,-1,DOWN,NO,NO,2026-10-09T00:05:31Z
2021-01-25T17:30:00Z,2021-01-25T18:30,2021-01-25T18:45,75,34.37,34.37,,34.37,-1,DOWN,NO,NO,2026-10-09T00:05:31Z
2021-01-25T17:45:00Z,2021-01-25T18:45,2021-01-25T19:00,76,36.63,36.63,,36.63,-1,DOWN,NO,NO,2026-10-09T00:05:31Z
2021-01-25T18:00:00Z,2021-01-25T19:00,2021-01-25T19:15,77,240.59,39.63,240.59,39.63,2,UP_AND_DOWN,NO,NO,2026-10-09T00:05:31Z
2021-01-25T18:15:00Z,2021-01-25T19:15,2021-01-25T19:30,78,48.92,45.01,48.92,45.01,2,UP_AND_DOWN,NO,NO,2026-10-09T00:05:31Z
2021-01-25T18:30:00Z,2021-01-25T19:30,2021-01-25T19:45,79,40.42,40.42,,40.42,-1,DOWN,NO,NO,2026-10-09T00:05:31Z
2021-01-25T18:45:00Z,2021-01-25T19:45,2021-01-25T20:00,80,50.59,45.53,50.59,45.53,2,UP_AND_DOWN,NO,NO,2026-10-09T00:05:31Z
2021-01-25T19:00:00Z,2021-01-25T20:00,2021-01-25T20:15,81,240.58,42.75,240.58,42.75,2,UP_AND_DOWN,NO,NO,2026-10-09T00:05:31Z
2021-01-25T19:15:00Z,2021-01-25T20:15,2021-01-25T20:30,82,222.82,44.3,222.82,45.6,2,UP_AND_DOWN,NO,NO,2026-10-09T00:05:31Z
2021-01-25T19:30:00Z,2021-01-25T20:30,2021-01-25T20:45,83,38.33,38.33,222.82,38.33,-1,DOWN,NO,NO,2026-10-09T00:05:31Z
2021-01-25T19:45:00Z,2021-01-25T20:45,2021-01-25T21:00,84,66.53,42.62,66.53,42.62,2,UP_AND_DOWN,NO,NO,2026-10-09T00:05:31Z
2021-01-25T20:00:00Z,2021-01-25T21:00,2021-01-25T21:15,85,36.63,36.63,66.53,36.63,-1,DOWN,NO,NO,2026-10-09T00:05:31Z
2021-01-25T20:15:00Z,2021-01-25T21:15,2021-01-25T21:30,86,39.46,39.46,,39.46,-1,DOWN,NO,NO,2026-10-09T00:05:31Z
2021-01-25T20:30:00Z,2021-01-25T21:30,2021-01-25T21:45,87,42.65,42.65,,42.65,-1,DOWN,NO,NO,2026-10-09T00:05:31Z
2021-01-25T20:45:00Z,2021-01-25T21:45,2021-01-25T22:00,88,53.81,53.81,53.81,42.65,1,UP,NO,NO,2026-10-09T00:05:31Z
2021-01-25T21:00:00Z,2021-01-25T22:00,2021-01-25T22:15,89,172.22,172.22,172.22,,1,UP,NO,NO,2026-10-09T00:05:31Z
2021-01-25T21:15:00Z,2021-01-25T22:15,2021-01-25T22:30,90,43.59,43.59,49.92,43.59,-1,DOWN,NO,NO,2026-10-09T00:05:31Z
2021-01-25T21:30:00Z,2021-01-25T22:30,2021-01-25T22:45,91,20.61,20.61,,20.61,-1,DOWN,NO,NO,2026-10-09T00:05:31Z
2021-01-25T21:45:00Z,2021-01-25T22:45,2021-01-25T23:00,92,20.53,20.53,,20.53,-1,DOWN,NO,NO,2026-10-09T00:05:31Z
2021-01-25T22:00:00Z,2021-01-25T23:00,2021-01-25T23:15,93,57.56,57.56,57.56,20.53,1,UP,NO,NO,2026-10-09T00:05:31Z
2021-01-25T22:15:00Z,2021-01-25T23:15,2021-01-25T23:30,94,34.37,34.37,57.56,34.37,-1,DOWN,NO,NO,2026-10-09T00:05:31Z
2021-01-25T22:30:00Z,2021-01-25T23:30,2021-01-25T23:45,95,27.31,27.31,,27.31,-1,DOWN,NO,NO,2026-10-09T00:05:31Z
2021-01-25T22:45:00Z,2021-01-25T23:45,2021-01-26T00:00,96,32.43,32.43,,32.43,-1,DOWN,NO,NO,2026-10-09T00:05:31Z
2021-01-25T23:00:00Z,2021-01-26T00:00,2021-01-26T00:15,1,32.49,32.49,,32.49,-1,DOWN,NO,NO,2026-10-09T00:05:31Z
2021-01-25T23:15:00Z,2021-01-26T00:15,2021-01-26T00:30,2,25.21,25.21,,,0,STABLE,NO,NO,2026-10-09T00:05:31Z
2021-01-25T23:30:00Z,2021-01-26T00:30,2021-01-26T00:45,3,50.43,50.43,50.43,,1,UP,NO,NO,2026-10-09T00:05:31Z
2021-01-25T23:45:00Z,2021-01-26T00:45,2021-01-26T01:00,4,26.24,26.24,,,0,STABLE,NO,NO,2026-10-09T00:05:31Z
2021-01-26T00:00:00Z,2021-01-26T01:00,2021-01-26T01:15,5,83.69,83.69,83.69,,1,UP,NO,NO,2026-10-09T00:05:31Z
2021-01-26T00:15:00Z,2021-01-26T01:15,2021-01-26T01:30,6,78.4,78.4,78.4,,1,UP,NO,NO,2026-10-09T00:05:31Z
2021-01-26T00:30:00Z,2021-01-26T01:30,2021-01-26T01:45,7,50.43,50.43,50.43,,1,UP,NO,NO,2026-10-09T00:05:31Z
2021-01-26T00:45:00Z,2021-01-26T01:45,2021-01-26T02:00,8,50.43,50.43,50.43,,1,UP,NO,NO,2026-10-09T00:05:31Z
2021-01-26T01:00:00Z,2021-01-26T02:00,2021-01-26T02:15,9,52.68,52.68,52.68,,1,UP,NO,NO,2026-10-09T00:05:31Z
2021-01-26T01:15:00Z,2021-01-26T02:15,2021-01-26T02:30,10,50.43,50.43,50.43,,1,UP,NO,NO,2026-10-09T00:05:31Z
2021-01-26T01:30:00Z,2021-01-26T02:30,2021-01-26T02:45,11,43.43,43.43,43.43,,1,UP,NO,NO,2026-10-09T00:05:31Z
2021-01-26T01:45:00Z,2021-01-26T02:45,2021-01-26T03:00,12,27.8,27.8,,,0,STABLE,NO,NO,2026-10-09T00:05:31Z
2021-01-26T02:00:00Z,2021-01-26T03:00,2021-01-26T03:15,13,55.68,55.68,55.68,,1,UP,NO,NO,2026-10-09T00:05:31Z
2021-01-26T02:15:00Z,2021-01-26T03:15,2021-01-26T03:30,14,43.48,43.48,43.48,,1,UP,NO,NO,2026-10-09T00:05:31Z
2021-01-26T02:30:00Z,2021-01-26T03:30,2021-01-26T03:45,15,43.48,43.48,43.48,,1,UP,NO,NO,2026-10-09T00:05:31Z
2021-01-26T02:45:00Z,2021-01-26T03:45,2021-01-26T04:00,16,50.43,50.43,50.43,,1,UP,NO,NO,2026-10-09T00:05:31Z
2021-01-26T03:00:00Z,2021-01-26T04:00,2021-01-26T04:15,17,32.86,32.86,,,0,STABLE,NO,NO,2026-10-09T00:05:31Z
2021-01-26T03:15:00Z,2021-01-26T04:15,2021-01-26T04:30,18,33.36,33.36,,,0,STABLE,NO,NO,2026-10-09T00:05:31Z
2021-01-26T03:30:00Z,2021-01-26T04:30,2021-01-26T04:45,19,51.95,51.95,51.95,,1,UP,NO,NO,2026-10-09T00:05:31Z
2021-01-26T03:45:00Z,2021-01-26T04:45,2021-01-26T05:00,20,48.71,48.71,54,48.71,-1,DOWN,NO,NO,2026-10-09T00:05:31Z
2021-01-26T04:00:00Z,2021-01-26T05:00,2021-01-26T05:15,21,42.17,42.17,,42.17,-1,DOWN,NO,NO,2026-10-09T00:05:31Z
2021-01-26T04:15:00Z,2021-01-26T05:15,2021-01-26T05:30,22,32.95,32.95,,,0,STABLE,NO,NO,2026-10-09T00:05:31Z
2021-01-26T04:30:00Z,2021-01-26T05:30,2021-01-26T05:45,23,63.93,63.93,63.93,,1,UP,NO,NO,2026-10-09T00:05:31Z
2021-01-26T04:45:00Z,2021-01-26T05:45,2021-01-26T06:00,24,149.99,149.99,149.99,,1,UP,NO,NO,2026-10-09T00:05:31Z
2021-01-26T05:00:00Z,2021-01-26T06:00,2021-01-26T06:15,25,55.68,55.68,55.68,,1,UP,NO,NO,2026-10-09T00:05:31Z
2021-01-26T05:15:00Z,2021-01-26T06:15,2021-01-26T06:30,26,37.38,37.38,,,0,STABLE,NO,NO,2026-10-09T00:05:31Z
2021-01-26T05:30:00Z,2021-01-26T06:30,2021-01-26T06:45,27,52.68,52.68,52.68,,1,UP,NO,NO,2026-10-09T00:05:31Z
2021-01-26T05:45:00Z,2021-01-26T06:45,2021-01-26T07:00,28,339.07,339.07,339.07,,1,UP,NO,NO,2026-10-09T00:05:31Z
2021-01-26T06:00:00Z,2021-01-26T07:00,2021-01-26T07:15,29,51.31,27.78,51.31,27.78,2,UP_AND_DOWN,NO,NO,2026-10-09T00:05:31Z
2021-01-26T06:15:00Z,2021-01-26T07:15,2021-01-26T07:30,30,-100.95,-100.95,,-100.95,-1,DOWN,NO,NO,2026-10-09T00:05:31Z
2021-01-26T06:30:00Z,2021-01-26T07:30,2021-01-26T07:45,31,60,37.78,60,43.76,2,UP_AND_DOWN,NO,NO,2026-10-09T00:05:31Z
2021-01-26T06:45:00Z,2021-01-26T07:45,2021-01-26T08:00,32,54.1,54.1,54.1,,1,UP,NO,NO,2026-10-09T00:05:31Z
2021-01-26T07:00:00Z,2021-01-26T08:00,2021-01-26T08:15,33,-52.76,-52.76,,-52.76,-1,DOWN,NO,NO,2026-10-09T00:05:31Z
2021-01-26T07:15:00Z,2021-01-26T08:15,2021-01-26T08:30,34,44.11,44.11,,44.11,-1,DOWN,NO,NO,2026-10-09T00:05:31Z
2021-01-26T07:30:00Z,2021-01-26T08:30,2021-01-26T08:45,35,52.29,52.29,52.29,,1,UP,NO,NO,2026-10-09T00:05:31Z
2021-01-26T07:45:00Z,2021-01-26T08:45,2021-01-26T09:00,36,54.68,54.68,54.68,,1,UP,NO,NO,2026-10-09T00:05:31Z
2021-01-26T08:00:00Z,2021-01-26T09:00,2021-01-26T09:15,37,50.03,50.03,50.03,,1,UP,NO,NO,2026-10-09T00:05:31Z
2021-01-26T08:15:00Z,2021-01-26T09:15,2021-01-26T09:30,38,40.88,40.88,,,0,STABLE,NO,NO,2026-10-09T00:05:31Z
2021-01-26T08:30:00Z,2021-01-26T09:30,2021-01-26T09:45,39,41.12,41.12,,41.12,-1,DOWN,NO,NO,2026-10-09T00:05:31Z
2021-01-26T08:45:00Z,2021-01-26T09:45,2021-01-26T10:00,40,35.12,35.12,,35.12,-1,DOWN,NO,NO,2026-10-09T00:05:31Z
2021-01-26T09:00:00Z,2021-01-26T10:00,2021-01-26T10:15,41,77.47,77.47,77.47,35.12,1,UP,NO,NO,2026-10-09T00:05:31Z
2021-01-26T09:15:00Z,2021-01-26T10:15,2021-01-26T10:30,42,51.71,51.71,51.71,,1,UP,NO,NO,2026-10-09T00:05:31Z
2021-01-26T09:30:00Z,2021-01-26T10:30,2021-01-26T10:45,43,56.96,56.96,56.96,,1,UP,NO,NO,2026-10-09T00:05:31Z
2021-01-26T09:45:00Z,2021-01-26T10:45,2021-01-26T11:00,44,50.21,50.21,50.21,,1,UP,NO,NO,2026-10-09T00:05:31Z
2021-01-26T10:00:00Z,2021-01-26T11:00,2021-01-26T11:15,45,207.76,207.76,207.76,,1,UP,NO,NO,2026-10-09T00:05:31Z
2021-01-26T10:15:00Z,2021-01-26T11:15,2021-01-26T11:30,46,207.76,207.76,207.76,,1,UP,NO,NO,2026-10-09T00:05:31Z
2021-01-26T10:30:00Z,2021-01-26T11:30,2021-01-26T11:45,47,51.55,51.55,51.55,,1,UP,NO,NO,2026-10-09T00:05:31Z
2021-01-26T10:45:00Z,2021-01-26T11:45,2021-01-26T12:00,48,51,51,51,,1,UP,NO,NO,2026-10-09T00:05:31Z
2021-01-26T11:00:00Z,2021-01-26T12:00,2021-01-26T12:15,49,56.64,56.64,56.64,,1,UP,NO,NO,2026-10-09T00:05:31Z
2021-01-26T11:15:00Z,2021-01-26T12:15,2021-01-26T12:30,50,51,51,51,,1,UP,NO,NO,2026-10-09T00:05:31Z
2021-01-26T11:30:00Z,2021-01-26T12:30,2021-01-26T12:45,51,49.14,43.76,49.14,43.76,2,UP_AND_DOWN,NO,NO,2026-10-09T00:05:31Z
2021-01-26T11:45:00Z,2021-01-26T12:45,2021-01-26T13:00,52,41.26,41.26,,41.26,-1,DOWN,NO,NO,2026-10-09T00:05:31Z
2021-01-26T12:00:00Z,2021-01-26T13:00,2021-01-26T13:15,53,48.52,43.06,48.52,43.06,2,UP_AND_DOWN,NO,NO,2026-10-09T00:05:31Z
2021-01-26T12:15:00Z,2021-01-26T13:15,2021-01-26T13:30,54,49.27,43.76,49.27,43.76,2,UP_AND_DOWN,NO,NO,2026-10-09T00:05:31Z
2021-01-26T12:30:00Z,2021-01-26T13:30,2021-01-26T13:45,55,38.63,38.63,,38.63,-1,DOWN,NO,NO,2026-10-09T00:05:31Z
2021-01-26T12:45:00Z,2021-01-26T13:45,2021-01-26T14:00,56,36.26,36.26,,36.26,-1,DOWN,NO,NO,2026-10-09T00:05:31Z
2021-01-26T13:00:00Z,2021-01-26T14:00,2021-01-26T14:15,57,18.76,18.76,,18.76,-1,DOWN,NO,NO,2026-10-09T00:05:31Z
2021-01-26T13:15:00Z,2021-01-26T14:15,2021-01-26T14:30,58,5.28,5.28,,5.28,-1,DOWN,NO,NO,2026-10-09T00:05:31Z
2021-01-26T13:30:00Z,2021-01-26T14:30,2021-01-26T14:45,59,5.28,5.28,,5.28,-1,DOWN,NO,NO,2026-10-09T00:05:31Z
2021-01-26T13:45:00Z,2021-01-26T14:45,2021-01-26T15:00,60,28.76,28.76,,28.76,-1,DOWN,NO,NO,2026-10-09T00:05:31Z
2021-01-26T14:00:00Z,2021-01-26T15:00,2021-01-26T15:15,61,1.24,1.24,,1.24,-1,DOWN,NO,NO,2026-10-09T00:05:31Z
2021-01-26T14:15:00Z,2021-01-26T15:15,2021-01-26T15:30,62,6.47,6.47,,6.47,-1,DOWN,NO,NO,2026-10-09T00:05:31Z
2021-01-26T14:30:00Z,2021-01-26T15:30,2021-01-26T15:45,63,3.66,3.66,,3.66,-1,DOWN,NO,NO,2026-10-09T00:05:31Z
2021-01-26T14:45:00Z,2021-01-26T15:45,2021-01-26T16:00,64,50.85,39.8,50.85,39.8,2,UP_AND_DOWN,NO,NO,2026-10-09T00:05:31Z
2021-01-26T15:00:00Z,2021-01-26T16:00,2021-01-26T16:15,65,-101.25,-101.25,,-101.25,-1,DOWN,NO,NO,2026-10-09T00:05:31Z
2021-01-26T15:15:00Z,2021-01-26T16:15,2021-01-26T16:30,66,31.69,31.69,,31.69,-1,DOWN,NO,NO,2026-10-09T00:05:31Z
2021-01-26T15:30:00Z,2021-01-26T16:30,2021-01-26T16:45,67,23.6,23.6,,23.6,-1,DOWN,NO,NO,2026-10-09T00:05:31Z
2021-01-26T15:45:00Z,2021-01-26T16:45,2021-01-26T17:00,68,40.36,40.36,,40.36,-1,DOWN,NO,NO,2026-10-09T00:05:31Z
2021-01-26T16:00:00Z,2021-01-26T17:00,2021-01-26T17:15,69,52,37.73,52,37.73,2,UP_AND_DOWN,NO,NO,2026-10-09T00:05:31Z
2021-01-26T16:15:00Z,2021-01-26T17:15,2021-01-26T17:30,70,428.77,428.77,428.77,37.73,1,UP,NO,NO,2026-10-09T00:05:31Z
2021-01-26T16:30:00Z,2021-01-26T17:30,2021-01-26T17:45,71,300.29,300.29,300.29,,1,UP,NO,NO,2026-10-09T00:05:31Z
2021-01-26T16:45:00Z,2021-01-26T17:45,2021-01-26T18:00,72,485.64,485.64,485.64,,1,UP,NO,NO,2026-10-09T00:05:31Z
2021-01-26T17:00:00Z,2021-01-26T18:00,2021-01-26T18:15,73,-24.27,-24.27,485.64,-24.27,-1,DOWN,NO,NO,2026-10-09T00:05:31Z
2021-01-26T17:15:00Z,2021-01-26T18:15,2021-01-26T18:30,74,47.72,47.72,,47.72,-1,DOWN,NO,NO,2026-10-09T00:05:31Z
2021-01-26T17:30:00Z,2021-01-26T18:30,2021-01-26T18:45,75,44.19,44.19,,44.19,-1,DOWN,NO,NO,2026-10-09T00:05:31Z
2021-01-26T17:45:00Z,2021-01-26T18:45,2021-01-26T19:00,76,31.97,31.97,,31.97,-1,DOWN,NO,NO,2026-10-09T00:05:31Z
2021-01-26T18:00:00Z,2021-01-26T19:00,2021-01-26T19:15,77,54.72,54.72,54.72,31.97,1,UP,NO,NO,2026-10-09T00:05:31Z
2021-01-26T18:15:00Z,2021-01-26T19:15,2021-01-26T19:30,78,68.33,68.33,68.33,,1,UP,NO,NO,2026-10-09T00:05:31Z
2021-01-26T18:30:00Z,2021-01-26T19:30,2021-01-26T19:45,79,48.38,48.38,48.38,,1,UP,NO,NO,2026-10-09T00:05:31Z
2021-01-26T18:45:00Z,2021-01-26T19:45,2021-01-26T20:00,80,45.15,45.15,,45.15,-1,DOWN,NO,NO,2026-10-09T00:05:31Z
2021-01-26T19:00:00Z,2021-01-26T20:00,2021-01-26T20:15,81,25.98,25.98,,25.98,-1,DOWN,NO,NO,2026-10-09T00:05:31Z
2021-01-26T19:15:00Z,2021-01-26T20:15,2021-01-26T20:30,82,39.26,39.26,,39.26,-1,DOWN,NO,NO,2026-10-09T00:05:31Z
2021-01-26T19:30:00Z,2021-01-26T20:30,2021-01-26T20:45,83,4.99,4.99,,4.99,-1,DOWN,NO,NO,2026-10-09T00:05:31Z
2021-01-26T19:45:00Z,2021-01-26T20:45,2021-01-26T21:00,84,2.4,2.4,,2.4,-1,DOWN,NO,NO,2026-10-09T00:05:31Z
2021-01-26T20:00:00Z,2021-01-26T21:00,2021-01-26T21:15,85,63.93,63.93,63.93,2.4,1,UP,NO,NO,2026-10-09T00:05:31Z
2021-01-26T20:15:00Z,2021-01-26T21:15,2021-01-26T21:30,86,43.38,43.38,63.93,43.38,-1,DOWN,NO,NO,2026-10-09T00:05:31Z
2021-01-26T20:30:00Z,2021-01-26T21:30,2021-01-26T21:45,87,43.6,43.6,,43.6,-1,DOWN,NO,NO,2026-10-09T00:05:31Z
2021-01-26T20:45:00Z,2021-01-26T21:45,2021-01-26T22:00,88,41.44,41.44,,41.44,-1,DOWN,NO,NO,2026-10-09T00:05:31Z
2021-01-26T21:00:00Z,2021-01-26T22:00,2021-01-26T22:15,89,76.16,76.16,76.16,41.44,1,UP,NO,NO,2026-10-09T00:05:31Z
2021-01-26T21:15:00Z,2021-01-26T22:15,2021-01-26T22:30,90,78.4,78.4,78.4,,1,UP,NO,NO,2026-10-09T00:05:31Z
2021-01-26T21:30:00Z,2021-01-26T22:30,2021-01-26T22:45,91,68.4,46.11,68.4,46.11,2,UP_AND_DOWN,NO,NO,2026-10-09T00:05:31Z
2021-01-26T21:45:00Z,2021-01-26T22:45,2021-01-26T23:00,92,39.89,39.89,68.4,39.89,-1,DOWN,NO,NO,2026-10-09T00:05:31Z
2021-01-26T22:00:00Z,2021-01-26T23:00,2021-01-26T23:15,93,55.9,55.9,55.9,39.52,1,UP,NO,NO,2026-10-09T00:05:31Z
2021-01-26T22:15:00Z,2021-01-26T23:15,2021-01-26T23:30,94,84.2,84.2,84.2,39.52,1,UP,NO,NO,2026-10-09T00:05:31Z
2021-01-26T22:30:00Z,2021-01-26T23:30,2021-01-26T23:45,95,51.79,51.79,51.79,,1,UP,NO,NO,2026-10-09T00:05:31Z
2021-01-26T22:45:00Z,2021-01-26T23:45,2021-01-27T00:00,96,7.33,7.33,51.79,7.33,-1,DOWN,NO,NO,2026-10-09T00:05:31Z
2021-01-26T23:00:00Z,2021-01-27T00:00,2021-01-27T00:15,1,50.53,-64.69,50.53,-64.69,2,UP_AND_DOWN,NO,NO,2026-10-09T00:05:31Z
2021-01-26T23:15:00Z,2021-01-27T00:15,2021-01-27T00:30,2,44.91,37.7,43.03,37.7,2,UP_AND_DOWN,NO,NO,2026-10-09T00:05:31Z
2021-01-26T23:30:00Z,2021-01-27T00:30,2021-01-27T00:45,3,45.28,44.91,45.28,46.78,2,UP_AND_DOWN,NO,NO,2026-10-09T00:05:31Z
2021-01-26T23:45:00Z,2021-01-27T00:45,2021-01-27T01:00,4,46.04,46.04,43.14,46.04,-1,DOWN,NO,NO,2026-10-09T00:05:31Z
2021-01-27T00:00:00Z,2021-01-27T01:00,2021-01-27T01:15,5,46.03,46.03,,46.03,-1,DOWN,NO,NO,2026-10-09T00:05:31Z
2021-01-27T00:15:00Z,2021-01-27T01:15,2021-01-27T01:30,6,35.19,35.19,,35.19,-1,DOWN,NO,NO,2026-10-09T00:05:31Z
2021-01-27T00:30:00Z,2021-01-27T01:30,2021-01-27T01:45,7,-30.13,-30.13,,-30.13,-1,DOWN,NO,NO,2026-10-09T00:05:31Z
2021-01-27T00:45:00Z,2021-01-27T01:45,2021-01-27T02:00,8,11.91,11.91,,11.91,-1,DOWN,NO,NO,2026-10-09T00:05:31Z
2021-01-27T01:00:00Z,2021-01-27T02:00,2021-01-27T02:15,9,27.57,27.57,,27.57,-1,DOWN,NO,NO,2026-10-09T00:05:31Z
2021-01-27T01:15:00Z,2021-01-27T02:15,2021-01-27T02:30,10,-14.95,-14.95,,-14.95,-1,DOWN,NO,NO,2026-10-09T00:05:31Z
2021-01-27T01:30:00Z,2021-01-27T02:30,2021-01-27T02:45,11,-7.24,-7.24,,-7.24,-1,DOWN,NO,NO,2026-10-09T00:05:31Z
2021-01-27T01:45:00Z,2021-01-27T02:45,2021-01-27T03:00,12,1.41,1.41,,1.41,-1,DOWN,NO,NO,2026-10-09T00:05:31Z
2021-01-27T02:00:00Z,2021-01-27T03:00,2021-01-27T03:15,13,17.47,17.47,,17.47,-1,DOWN,NO,NO,2026-10-09T00:05:31Z
2021-01-27T02:15:00Z,2021-01-27T03:15,2021-01-27T03:30,14,25.59,25.59,,25.59,-1,DOWN,NO,NO,2026-10-09T00:05:31Z
2021-01-27T02:30:00Z,2021-01-27T03:30,2021-01-27T03:45,15,22.85,22.85,,22.85,-1,DOWN,NO,NO,2026-10-09T00:05:31Z
2021-01-27T02:45:00Z,2021-01-27T03:45,2021-01-27T04:00,16,11.66,11.66,,11.66,-1,DOWN,NO,NO,2026-10-09T00:05:31Z
2021-01-27T03:00:00Z,2021-01-27T04:00,2021-01-27T04:15,17,22.87,22.87,,22.87,-1,DOWN,NO,NO,2026-10-09T00:05:31Z
2021-01-27T03:15:00Z,2021-01-27T04:15,2021-01-27T04:30,18,28.98,28.98,,28.98,-1,DOWN,NO,NO,2026-10-09T00:05:31Z
2021-01-27T03:30:00Z,2021-01-27T04:30,2021-01-27T04:45,19,37.14,37.14,,37.14,-1,DOWN,NO,NO,2026-10-09T00:05:31Z
2021-01-27T03:45:00Z,2021-01-27T04:45,2021-01-27T05:00,20,38.16,38.16,,38.16,-1,DOWN,NO,NO,2026-10-09T00:05:31Z
2021-01-27T04:00:00Z,2021-01-27T05:00,2021-01-27T05:15,21,3.52,3.52,,3.52,-1,DOWN,NO,NO,2026-10-09T00:05:31Z
2021-01-27T04:15:00Z,2021-01-27T05:15,2021-01-27T05:30,22,26.37,26.37,,26.37,-1,DOWN,NO,NO,2026-10-09T00:05:31Z
2021-01-27T04:30:00Z,2021-01-27T05:30,2021-01-27T05:45,23,27.33,27.33,,27.33,-1,DOWN,NO,NO,2026-10-09T00:05:31Z
2021-01-27T04:45:00Z,2021-01-27T05:45,2021-01-27T06:00,24,-102.4,-102.4,,-102.4,-1,DOWN,NO,NO,2026-10-09T00:05:31Z
2021-01-27T05:00:00Z,2021-01-27T06:00,2021-01-27T06:15,25,47.43,47.43,47.43,-102.4,1,UP,NO,NO,2026-10-09T00:05:31Z
2021-01-27T05:15:00Z,2021-01-27T06:15,2021-01-27T06:30,26,26.38,26.38,,26.38,-1,DOWN,NO,NO,2026-10-09T00:05:31Z
2021-01-27T05:30:00Z,2021-01-27T06:30,2021-01-27T06:45,27,48.25,37.47,48.25,37.47,2,UP_AND_DOWN,NO,NO,2026-10-09T00:05:31Z
2021-01-27T05:45:00Z,2021-01-27T06:45,2021-01-27T07:00,28,73.25,73.25,73.25,37.47,1,UP,NO,NO,2026-10-09T00:05:31Z
2021-01-27T06:00:00Z,2021-01-27T07:00,2021-01-27T07:15,29,181.72,181.72,181.72,,1,UP,NO,NO,2026-10-09T00:05:31Z
2021-01-27T06:15:00Z,2021-01-27T07:15,2021-01-27T07:30,30,182.41,26.6,182.41,26.6,2,UP_AND_DOWN,NO,NO,2026-10-09T00:05:31Z
2021-01-27T06:30:00Z,2021-01-27T07:30,2021-01-27T07:45,31,190.91,190.91,190.91,39.21,1,UP,NO,NO,2026-10-09T00:05:31Z
2021-01-27T06:45:00Z,2021-01-27T07:45,2021-01-27T08:00,32,196.23,196.23,196.23,,1,UP,NO,NO,2026-10-09T00:05:31Z
2021-01-27T07:00:00Z,2021-01-27T08:00,2021-01-27T08:15,33,20.62,20.62,196.23,20.62,-1,DOWN,NO,NO,2026-10-09T00:05:31Z
2021-01-27T07:15:00Z,2021-01-27T08:15,2021-01-27T08:30,34,43.09,43.09,,,0,STABLE,NO,NO,2026-10-09T00:05:31Z
2021-01-27T07:30:00Z,2021-01-27T08:30,2021-01-27T08:45,35,55.35,55.35,55.35,,1,UP,NO,NO,2026-10-09T00:05:31Z
2021-01-27T07:45:00Z,2021-01-27T08:45,2021-01-27T09:00,36,77.89,77.89,77.89,,1,UP,NO,NO,2026-10-09T00:05:31Z
2021-01-27T08:00:00Z,2021-01-27T09:00,2021-01-27T09:15,37,45.61,45.61,51.45,45.61,-1,DOWN,NO,NO,2026-10-09T00:05:31Z
2021-01-27T08:15:00Z,2021-01-27T09:15,2021-01-27T09:30,38,51.45,44.24,51.45,45.61,2,UP_AND_DOWN,NO,NO,2026-10-09T00:05:31Z
2021-01-27T08:30:00Z,2021-01-27T09:30,2021-01-27T09:45,39,111.4,111.4,111.4,,1,UP,NO,NO,2026-10-09T00:05:31Z
2021-01-27T08:45:00Z,2021-01-27T09:45,2021-01-27T10:00,40,127.8,127.8,127.8,,1,UP,NO,NO,2026-10-09T00:05:31Z
2021-01-27T09:00:00Z,2021-01-27T10:00,2021-01-27T10:15,41,200.78,200.78,200.78,,1,UP,NO,NO,2026-10-09T00:05:31Z
2021-01-27T09:15:00Z,2021-01-27T10:15,2021-01-27T10:30,42,86.53,86.53,86.53,,1,UP,NO,NO,2026-10-09T00:05:31Z
2021-01-27T09:30:00Z,2021-01-27T10:30,2021-01-27T10:45,43,86.53,86.53,86.53,,1,UP,NO,NO,2026-10-09T00:05:31Z
2021-01-27T09:45:00Z,2021-01-27T10:45,2021-01-27T11:00,44,74.03,74.03,74.03,,1,UP,NO,NO,2026-10-09T00:05:31Z
2021-01-27T10:00:00Z,2021-01-27T11:00,2021-01-27T11:15,45,201.51,201.51,201.51,,1,UP,NO,NO,2026-10-09T00:05:31Z
2021-01-27T10:15:00Z,2021-01-27T11:15,2021-01-27T11:30,46,133.05,133.05,133.05,,1,UP,NO,NO,2026-10-09T00:05:31Z
2021-01-27T10:30:00Z,2021-01-27T11:30,2021-01-27T11:45,47,201.51,201.51,201.51,,1,UP,NO,NO,2026-10-09T00:05:31Z
2021-01-27T10:45:00Z,2021-01-27T11:45,2021-01-27T12:00,48,201.51,201.51,201.51,,1,UP,NO,NO,2026-10-09T00:05:31Z
2021-01-27T11:00:00Z,2021-01-27T12:00,2021-01-27T12:15,49,365.78,365.78,365.78,,1,UP,NO,NO,2026-10-09T00:05:31Z
2021-01-27T11:15:00Z,2021-01-27T12:15,2021-01-27T12:30,50,202.42,202.42,202.42,,1,UP,NO,NO,2026-10-09T00:05:31Z
2021-01-27T11:30:00Z,2021-01-27T12:30,2021-01-27T12:45,51,202.42,202.42,202.42,,1,UP,NO,NO,2026-10-09T00:05:31Z
2021-01-27T11:45:00Z,2021-01-27T12:45,2021-01-27T13:00,52,202.42,202.42,202.42,,1,UP,NO,NO,2026-10-09T00:05:31Z
2021-01-27T12:00:00Z,2021-01-27T13:00,2021-01-27T13:15,53,347.1,347.1,347.1,,1,UP,NO,NO,2026-10-09T00:05:31Z
2021-01-27T12:15:00Z,2021-01-27T13:15,2021-01-27T13:30,54,77.93,77.93,77.93,,1,UP,NO,NO,2026-10-09T00:05:31Z
2021-01-27T12:30:00Z,2021-01-27T13:30,2021-01-27T13:45,55,54.28,54.28,54.28,,1,UP,NO,NO,2026-10-09T00:05:31Z
2021-01-27T12:45:00Z,2021-01-27T13:45,2021-01-27T14:00,56,50.53,50.53,50.53,,1,UP,NO,NO,2026-10-09T00:05:31Z
2021-01-27T13:00:00Z,2021-01-27T14:00,2021-01-27T14:15,57,248.6,248.6,248.6,,1,UP,YES,NO,2026-10-09T00:05:31Z
2021-01-27T13:15:00Z,2021-01-27T14:15,2021-01-27T14:30,58,383.46,383.46,383.46,,1,UP,YES,NO,2026-10-09T00:05:31Z
2021-01-27T13:30:00Z,2021-01-27T14:30,2021-01-27T14:45,59,248.6,248.6,248.6,,1,UP,YES,NO,2026-10-09T00:05:31Z
2021-01-27T13:45:00Z,2021-01-27T14:45,2021-01-27T15:00,60,248.6,248.6,248.6,,1,UP,YES,NO,2026-10-09T00:05:31Z
2021-01-27T14:00:00Z,2021-01-27T15:00,2021-01-27T15:15,61,245.2,245.2,245.2,,1,UP,YES,NO,2026-10-09T00:05:31Z
2021-01-27T14:15:00Z,2021-01-27T15:15,2021-01-27T15:30,62,269.72,269.72,269.72,,1,UP,YES,NO,2026-10-09T00:05:31Z
2021-01-27T14:30:00Z,2021-01-27T15:30,2021-01-27T15:45,63,245.2,245.2,245.2,,1,UP,YES,NO,2026-10-09T00:05:31Z
2021-01-27T14:45:00Z,2021-01-27T15:45,2021-01-27T16:00,64,190.91,190.91,190.91,,1,UP,NO,NO,2026-10-09T00:05:31Z
2021-01-27T15:00:00Z,2021-01-27T16:00,2021-01-27T16:15,65,51.69,42.09,51.69,42.09,2,UP_AND_DOWN,NO,NO,2026-10-09T00:05:31Z
2021-01-27T15:15:00Z,2021-01-27T16:15,2021-01-27T16:30,66,35.21,35.21,,35.21,-1,DOWN,NO,NO,2026-10-09T00:05:31Z
2021-01-27T15:30:00Z,2021-01-27T16:30,2021-01-27T16:45,67,44.24,44.24,,,0,STABLE,NO,NO,2026-10-09T00:05:31Z
2021-01-27T15:45:00Z,2021-01-27T16:45,2021-01-27T17:00,68,43.55,43.55,,,0,STABLE,NO,NO,2026-10-09T00:05:31Z
2021-01-27T16:00:00Z,2021-01-27T17:00,2021-01-27T17:15,69,21.37,21.37,,21.37,-1,DOWN,NO,NO,2026-10-09T00:05:31Z
2021-01-27T16:15:00Z,2021-01-27T17:15,2021-01-27T17:30,70,40.94,40.94,,40.94,-1,DOWN,NO,NO,2026-10-09T00:05:31Z
2021-01-27T16:30:00Z,2021-01-27T17:30,2021-01-27T17:45,71,51.68,51.68,51.68,,1,UP,NO,NO,2026-10-09T00:05:31Z
2021-01-27T16:45:00Z,2021-01-27T17:45,2021-01-27T18:00,72,51.26,51.26,51.26,,1,UP,NO,NO,2026-10-09T00:05:31Z
2021-01-27T17:00:00Z,2021-01-27T18:00,2021-01-27T18:15,73,60,60,60,,1,UP,NO,NO,2026-10-09T00:05:31Z
2021-01-27T17:15:00Z,2021-01-27T18:15,2021-01-27T18:30,74,56.81,56.81,56.81,,1,UP,NO,NO,2026-10-09T00:05:31Z
2021-01-27T17:30:00Z,2021-01-27T18:30,2021-01-27T18:45,75,44.86,44.86,50.8,44.86,-1,DOWN,NO,NO,2026-10-09T00:05:31Z
2021-01-27T17:45:00Z,2021-01-27T18:45,2021-01-27T19:00,76,44.86,44.86,,44.86,-1,DOWN,NO,NO,2026-10-09T00:05:31Z
2021-01-27T18:00:00Z,2021-01-27T19:00,2021-01-27T19:15,77,48.12,41.05,48.12,41.05,2,UP_AND_DOWN,NO,NO,2026-10-09T00:05:31Z
2021-01-27T18:15:00Z,2021-01-27T19:15,2021-01-27T19:30,78,44.19,44.19,,,0,STABLE,NO,NO,2026-10-09T00:05:31Z
2021-01-27T18:30:00Z,2021-01-27T19:30,2021-01-27T19:45,79,42.09,42.09,,42.09,-1,DOWN,NO,NO,2026-10-09T00:05:31Z
2021-01-27T18:45:00Z,2021-01-27T19:45,2021-01-27T20:00,80,42.09,42.09,,42.09,-1,DOWN,NO,NO,2026-10-09T00:05:31Z
2021-01-27T19:00:00Z,2021-01-27T20:00,2021-01-27T20:15,81,21.57,21.57,,21.57,-1,DOWN,NO,NO,2026-10-09T00:05:31Z
2021-01-27T19:15:00Z,2021-01-27T20:15,2021-01-27T20:30,82,44.09,44.09,,,0,STABLE,NO,NO,2026-10-09T00:05:31Z
2021-01-27T19:30:00Z,2021-01-27T20:30,2021-01-27T20:45,83,44.09,44.09,,,0,STABLE,NO,NO,2026-10-09T00:05:31Z
2021-01-27T19:45:00Z,2021-01-27T20:45,2021-01-27T21:00,84,44.1,44.1,,,0,STABLE,NO,NO,2026-10-09T00:05:31Z
2021-01-27T20:00:00Z,2021-01-27T21:00,2021-01-27T21:15,85,44.01,44.01,,,0,STABLE,NO,NO,2026-10-09T00:05:31Z
2021-01-27T20:15:00Z,2021-01-27T21:15,2021-01-27T21:30,86,44.01,44.01,,,0,STABLE,NO,NO,2026-10-09T00:05:31Z
2021-01-27T20:30:00Z,2021-01-27T21:30,2021-01-27T21:45,87,44.01,44.01,,,0,STABLE,NO,NO,2026-10-09T00:05:31Z
2021-01-27T20:45:00Z,2021-01-27T21:45,2021-01-27T22:00,88,44.01,44.01,,,0,STABLE,NO,NO,2026-10-09T00:05:31Z
2021-01-27T21:00:00Z,2021-01-27T22:00,2021-01-27T22:15,89,44.66,44.66,44.66,,1,UP,NO,NO,2026-10-09T00:05:31Z
2021-01-27T21:15:00Z,2021-01-27T22:15,2021-01-27T22:30,90,43.97,43.97,,,0,STABLE,NO,NO,2026-10-09T00:05:31Z
2021-01-27T21:30:00Z,2021-01-27T22:30,2021-01-27T22:45,91,44.01,44.01,,,0,STABLE,NO,NO,2026-10-09T00:05:31Z
2021-01-27T21:45:00Z,2021-01-27T22:45,2021-01-27T23:00,92,41.67,41.67,,41.67,-1,DOWN,NO,NO,2026-10-09T00:05:31Z
2021-01-27T22:00:00Z,2021-01-27T23:00,2021-01-27T23:15,93,45.28,35.23,45.28,35.23,2,UP_AND_DOWN,NO,NO,2026-10-09T00:05:31Z
2021-01-27T22:15:00Z,2021-01-27T23:15,2021-01-27T23:30,94,46.23,46.23,46.23,,1,UP,NO,NO,2026-10-09T00:05:31Z
2021-01-27T22:30:00Z,2021-01-27T23:30,2021-01-27T23:45,95,35.23,35.23,46.23,35.23,-1,DOWN,NO,NO,2026-10-09T00:05:31Z
2021-01-27T22:45:00Z,2021-01-27T23:45,2021-01-28T00:00,96,27.85,27.85,,27.85,-1,DOWN,NO,NO,2026-10-09T00:05:31Z
2021-01-27T23:00:00Z,2021-01-28T00:00,2021-01-28T00:15,1,-26.26,-26.26,,-26.26,-1,DOWN,NO,NO,2026-10-09T00:05:31Z
2021-01-27T23:15:00Z,2021-01-28T00:15,2021-01-28T00:30,2,38.23,38.23,,38.23,-1,DOWN,NO,NO,2026-10-09T00:05:31Z
2021-01-27T23:30:00Z,2021-01-28T00:30,2021-01-28T00:45,3,43.16,43.16,43.16,38.23,1,UP,NO,NO,2026-10-09T00:05:31Z
2021-01-27T23:45:00Z,2021-01-28T00:45,2021-01-28T01:00,4,50.36,50.36,50.36,,1,UP,NO,NO,2026-10-09T00:05:31Z
2021-01-28T00:00:00Z,2021-01-28T01:00,2021-01-28T01:15,5,44.74,44.74,44.74,,1,UP,NO,NO,2026-10-09T00:05:31Z
2021-01-28T00:15:00Z,2021-01-28T01:15,2021-01-28T01:30,6,48.3,48.3,48.3,,1,UP,NO,NO,2026-10-09T00:05:31Z
2021-01-28T00:30:00Z,2021-01-28T01:30,2021-01-28T01:45,7,49.01,49.01,49.01,,1,UP,NO,NO,2026-10-09T00:05:31Z
2021-01-28T00:45:00Z,2021-01-28T01:45,2021-01-28T02:00,8,44.03,44.03,,,0,STABLE,NO,NO,2026-10-09T00:05:31Z
2021-01-28T01:00:00Z,2021-01-28T02:00,2021-01-28T02:15,9,46.81,46.81,46.81,,1,UP,NO,NO,2026-10-09T00:05:31Z
2021-01-28T01:15:00Z,2021-01-28T02:15,2021-01-28T02:30,10,43.09,43.09,43.09,,1,UP,NO,NO,2026-10-09T00:05:31Z
2021-01-28T01:30:00Z,2021-01-28T02:30,2021-01-28T02:45,11,44.61,44.61,,44.61,-1,DOWN,NO,NO,2026-10-09T00:05:31Z
2021-01-28T01:45:00Z,2021-01-28T02:45,2021-01-28T03:00,12,38.11,38.11,,38.11,-1,DOWN,NO,NO,2026-10-09T00:05:31Z
2021-01-28T02:00:00Z,2021-01-28T03:00,2021-01-28T03:15,13,37.17,37.17,,37.17,-1,DOWN,NO,NO,2026-10-09T00:05:31Z
2021-01-28T02:15:00Z,2021-01-28T03:15,2021-01-28T03:30,14,43.78,43.78,,,0,STABLE,NO,NO,2026-10-09T00:05:31Z
2021-01-28T02:30:00Z,2021-01-28T03:30,2021-01-28T03:45,15,44.49,44.49,,44.49,-1,DOWN,NO,NO,2026-10-09T00:05:31Z
2021-01-28T02:45:00Z,2021-01-28T03:45,2021-01-28T04:00,16,43.82,43.82,,,0,STABLE,NO,NO,2026-10-09T00:05:31Z
2021-01-28T03:00:00Z,2021-01-28T04:00,2021-01-28T04:15,17,43.85,43.85,,,0,STABLE,NO,NO,2026-10-09T00:05:31Z
2021-01-28T03:15:00Z,2021-01-28T04:15,2021-01-28T04:30,18,43.83,43.83,,,0,STABLE,NO,NO,2026-10-09T00:05:31Z
2021-01-28T03:30:00Z,2021-01-28T04:30,2021-01-28T04:45,19,43.84,43.84,,,0,STABLE,NO,NO,2026-10-09T00:05:31Z
2021-01-28T03:45:00Z,2021-01-28T04:45,2021-01-28T05:00,20,43.79,43.79,,,0,STABLE,NO,NO,2026-10-09T00:05:31Z
2021-01-28T04:00:00Z,2021-01-28T05:00,2021-01-28T05:15,21,44.8,44.8,44.8,,1,UP,NO,NO,2026-10-09T00:05:31Z
2021-01-28T04:15:00Z,2021-01-28T05:15,2021-01-28T05:30,22,43.92,43.92,,,0,STABLE,NO,NO,2026-10-09T00:05:31Z
2021-01-28T04:30:00Z,2021-01-28T05:30,2021-01-28T05:45,23,41.89,41.89,,,0,STABLE,NO,NO,2026-10-09T00:05:31Z
2021-01-28T04:45:00Z,2021-01-28T05:45,2021-01-28T06:00,24,39.59,39.59,,39.59,-1,DOWN,NO,NO,2026-10-09T00:05:31Z
2021-01-28T05:00:00Z,2021-01-28T06:00,2021-01-28T06:15,25,44.69,44.69,44.69,,1,UP,NO,NO,2026-10-09T00:05:31Z
2021-01-28T05:15:00Z,2021-01-28T06:15,2021-01-28T06:30,26,34.72,34.72,,34.72,-1,DOWN,NO,NO,2026-10-09T00:05:31Z
2021-01-28T05:30:00Z,2021-01-28T06:30,2021-01-28T06:45,27,51.9,51.9,51.9,40.3,1,UP,NO,NO,2026-10-09T00:05:31Z
2021-01-28T05:45:00Z,2021-01-28T06:45,2021-01-28T07:00,28,45.88,45.88,45.88,40.3,1,UP,NO,NO,2026-10-09T00:05:31Z
2021-01-28T06:00:00Z,2021-01-28T07:00,2021-01-28T07:15,29,10.06,10.06,45.88,10.06,-1,DOWN,NO,NO,2026-10-09T00:05:31Z
2021-01-28T06:15:00Z,2021-01-28T07:15,2021-01-28T07:30,30,36.53,36.53,,36.53,-1,DOWN,NO,NO,2026-10-09T00:05:31Z
2021-01-28T06:30:00Z,2021-01-28T07:30,2021-01-28T07:45,31,31.72,31.72,,31.72,-1,DOWN,NO,NO,2026-10-09T00:05:31Z
2021-01-28T06:45:00Z,2021-01-28T07:45,2021-01-28T08:00,32,47.16,47.16,47.16,31.72,1,UP,NO,NO,2026-10-09T00:05:31Z
2021-01-28T07:00:00Z,2021-01-28T08:00,2021-01-28T08:15,33,33.19,33.19,,33.19,-1,DOWN,NO,NO,2026-10-09T00:05:31Z
2021-01-28T07:15:00Z,2021-01-28T08:15,2021-01-28T08:30,34,41.56,41.56,,41.56,-1,DOWN,NO,NO,2026-10-09T00:05:31Z
2021-01-28T07:30:00Z,2021-01-28T08:30,2021-01-28T08:45,35,57.94,43.59,57.94,43.59,2,UP_AND_DOWN,NO,NO,2026-10-09T00:05:31Z
2021-01-28T07:45:00Z,2021-01-28T08:45,2021-01-28T09:00,36,101.09,101.09,101.09,,1,UP,NO,NO,2026-10-09T00:05:31Z
2021-01-28T08:00:00Z,2021-01-28T09:00,2021-01-28T09:15,37,95.44,95.44,95.44,,1,UP,NO,NO,2026-10-09T00:05:31Z
2021-01-28T08:15:00Z,2021-01-28T09:15,2021-01-28T09:30,38,56.78,56.78,56.78,,1,UP,NO,NO,2026-10-09T00:05:31Z
2021-01-28T08:30:00Z,2021-01-28T09:30,2021-01-28T09:45,39,271.93,271.93,271.93,,1,UP,NO,NO,2026-10-09T00:05:31Z
2021-01-28T08:45:00Z,2021-01-28T09:45,2021-01-28T10:00,40,132.94,132.94,132.94,,1,UP,NO,NO,2026-10-09T00:05:31Z
2021-01-28T09:00:00Z,2021-01-28T10:00,2021-01-28T10:15,41,418.43,418.43,418.43,,1,UP,NO,NO,2026-10-09T00:05:31Z
2021-01-28T09:15:00Z,2021-01-28T10:15,2021-01-28T10:30,42,44.86,44.86,418.43,44.86,-1,DOWN,NO,NO,2026-10-09T00:05:31Z
2021-01-28T09:30:00Z,2021-01-28T10:30,2021-01-28T10:45,43,52.94,52.94,52.94,,1,UP,NO,NO,2026-10-09T00:05:31Z
2021-01-28T09:45:00Z,2021-01-28T10:45,2021-01-28T11:00,44,36.45,36.45,,36.45,-1,DOWN,NO,NO,2026-10-09T00:05:31Z
2021-01-28T10:00:00Z,2021-01-28T11:00,2021-01-28T11:15,45,34.72,34.72,,34.72,-1,DOWN,NO,NO,2026-10-09T00:05:31Z
2021-01-28T10:15:00Z,2021-01-28T11:15,2021-01-28T11:30,46,43.85,43.85,,43.85,-1,DOWN,NO,NO,2026-10-09T00:05:31Z
2021-01-28T10:30:00Z,2021-01-28T11:30,2021-01-28T11:45,47,29.07,29.07,,29.07,-1,DOWN,NO,NO,2026-10-09T00:05:31Z
2021-01-28T10:45:00Z,2021-01-28T11:45,2021-01-28T12:00,48,25.73,25.73,,25.73,-1,DOWN,NO,NO,2026-10-09T00:05:31Z
2021-01-28T11:00:00Z,2021-01-28T12:00,2021-01-28T12:15,49,26.72,26.72,,26.72,-1,DOWN,NO,NO,2026-10-09T00:05:31Z
2021-01-28T11:15:00Z,2021-01-28T12:15,2021-01-28T12:30,50,44.86,44.86,,44.86,-1,DOWN,NO,NO,2026-10-09T00:05:31Z
2021-01-28T11:30:00Z,2021-01-28T12:30,2021-01-28T12:45,51,36.45,36.45,,36.45,-1,DOWN,NO,NO,2026-10-09T00:05:31Z
2021-01-28T11:45:00Z,2021-01-28T12:45,2021-01-28T13:00,52,32.49,32.49,,32.49,-1,DOWN,NO,NO,2026-10-09T00:05:31Z
2021-01-28T12:00:00Z,2021-01-28T13:00,2021-01-28T13:15,53,14.95,14.95,,14.95,-1,DOWN,NO,NO,2026-10-09T00:05:31Z
2021-01-28T12:15:00Z,2021-01-28T13:15,2021-01-28T13:30,54,36.39,36.39,,36.39,-1,DOWN,NO,NO,2026-10-09T00:05:31Z
2021-01-28T12:30:00Z,2021-01-28T13:30,2021-01-28T13:45,55,36.45,36.45,,36.45,-1,DOWN,NO,NO,2026-10-09T00:05:31Z
2021-01-28T12:45:00Z,2021-01-28T13:45,2021-01-28T14:00,56,31.72,31.72,,31.72,-1,DOWN,NO,NO,2026-10-09T00:05:31Z
2021-01-28T13:00:00Z,2021-01-28T14:00,2021-01-28T14:15,57,52.85,52.85,52.85,34.52,1,UP,NO,NO,2026-10-09T00:05:31Z
2021-01-28T13:15:00Z,2021-01-28T14:15,2021-01-28T14:30,58,170.44,37.72,170.44,37.72,2,UP_AND_DOWN,NO,NO,2026-10-09T00:05:31Z
2021-01-28T13:30:00Z,2021-01-28T14:30,2021-01-28T14:45,59,26.72,26.72,,26.72,-1,DOWN,NO,NO,2026-10-09T00:05:31Z
2021-01-28T13:45:00Z,2021-01-28T14:45,2021-01-28T15:00,60,44.1,44.1,,,0,STABLE,NO,NO,2026-10-09T00:05:31Z
2021-01-28T14:00:00Z,2021-01-28T15:00,2021-01-28T15:15,61,38.48,38.48,,38.48,-1,DOWN,NO,NO,2026-10-09T00:05:31Z
2021-01-28T14:15:00Z,2021-01-28T15:15,2021-01-28T15:30,62,42.21,42.21,,42.21,-1,DOWN,NO,NO,2026-10-09T00:05:31Z
2021-01-28T14:30:00Z,2021-01-28T15:30,2021-01-28T15:45,63,42.02,42.02,,42.02,-1,DOWN,NO,NO,2026-10-09T00:05:31Z
2021-01-28T14:45:00Z,2021-01-28T15:45,2021-01-28T16:00,64,45.98,45.98,,,0,STABLE,NO,NO,2026-10-09T00:05:31Z
2021-01-28T15:00:00Z,2021-01-28T16:00,2021-01-28T16:15,65,55.77,55.77,55.77,,1,UP,NO,NO,2026-10-09T00:05:31Z
2021-01-28T15:15:00Z,2021-01-28T16:15,2021-01-28T16:30,66,278.58,278.58,278.58,,1,UP,NO,NO,2026-10-09T00:05:31Z
2021-01-28T15:30:00Z,2021-01-28T16:30,2021-01-28T16:45,67,280.94,280.94,280.94,,1,UP,NO,NO,2026-10-09T00:05:31Z
2021-01-28T15:45:00Z,2021-01-28T16:45,2021-01-28T17:00,68,280.94,280.94,280.94,,1,UP,NO,NO,2026-10-09T00:05:31Z
2021-01-28T16:00:00Z,2021-01-28T17:00,2021-01-28T17:15,69,278.58,278.58,278.58,,1,UP,NO,NO,2026-10-09T00:05:31Z
2021-01-28T16:15:00Z,2021-01-28T17:15,2021-01-28T17:30,70,67.23,67.23,67.23,,1,UP,NO,NO,2026-10-09T00:05:31Z
2021-01-28T16:30:00Z,2021-01-28T17:30,2021-01-28T17:45,71,278.58,278.58,278.58,,1,UP,NO,NO,2026-10-09T00:05:31Z
2021-01-28T16:45:00Z,2021-01-28T17:45,2021-01-28T18:00,72,123.47,123.47,123.47,,1,UP,NO,NO,2026-10-09T00:05:31Z
2021-01-28T17:00:00Z,2021-01-28T18:00,2021-01-28T18:15,73,44.55,44.55,44.55,,1,UP,NO,NO,2026-10-09T00:05:31Z
2021-01-28T17:15:00Z,2021-01-28T18:15,2021-01-28T18:30,74,43.8,43.8,43.8,,1,UP,NO,NO,2026-10-09T00:05:31Z
2021-01-28T17:30:00Z,2021-01-28T18:30,2021-01-28T18:45,75,43.8,43.8,43.8,,1,UP,NO,NO,2026-10-09T00:05:31Z
2021-01-28T17:45:00Z,2021-01-28T18:45,2021-01-28T19:00,76,43.8,39.12,43.8,39.12,2,UP_AND_DOWN,NO,NO,2026-10-09T00:05:31Z
2021-01-28T18:00:00Z,2021-01-28T19:00,2021-01-28T19:15,77,39.12,39.12,,39.12,-1,DOWN,NO,NO,2026-10-09T00:05:31Z
2021-01-28T18:15:00Z,2021-01-28T19:15,2021-01-28T19:30,78,39.72,39.72,,39.72,-1,DOWN,NO,NO,2026-10-09T00:05:31Z
2021-01-28T18:30:00Z,2021-01-28T19:30,2021-01-28T19:45,79,40.3,40.3,,40.3,-1,DOWN,NO,NO,2026-10-09T00:05:31Z
2021-01-28T18:45:00Z,2021-01-28T19:45,2021-01-28T20:00,80,39.35,39.35,,39.35,-1,DOWN,NO,NO,2026-10-09T00:05:31Z
2021-01-28T19:00:00Z,2021-01-28T20:00,2021-01-28T20:15,81,31.76,31.76,,31.76,-1,DOWN,NO,NO,2026-10-09T00:05:31Z
2021-01-28T19:15:00Z,2021-01-28T20:15,2021-01-28T20:30,82,40.25,40.25,,40.25,-1,DOWN,NO,NO,2026-10-09T00:05:31Z
2021-01-28T19:30:00Z,2021-01-28T20:30,2021-01-28T20:45,83,40.25,40.25,,40.25,-1,DOWN,NO,NO,2026-10-09T00:05:31Z
2021-01-28T19:45:00Z,2021-01-28T20:45,2021-01-28T21:00,84,33.25,33.25,,33.25,-1,DOWN,NO,NO,2026-10-09T00:05:31Z
2021-01-28T20:00:00Z,2021-01-28T21:00,2021-01-28T21:15,85,55.77,34.72,55.77,34.72,2,UP_AND_DOWN,NO,NO,2026-10-09T00:05:31Z
2021-01-28T20:15:00Z,2021-01-28T21:15,2021-01-28T21:30,86,74.58,74.58,74.58,,1,UP,NO,NO,2026-10-09T00:05:31Z
2021-01-28T20:30:00Z,2021-01-28T21:30,2021-01-28T21:45,87,44.25,44.25,,,0,STABLE,NO,NO,2026-10-09T00:05:31Z
2021-01-28T20:45:00Z,2021-01-28T21:45,2021-01-28T22:00,88,38.92,38.92,,38.92,-1,DOWN,NO,NO,2026-10-09T00:05:31Z
2021-01-28T21:00:00Z,2021-01-28T22:00,2021-01-28T22:15,89,28.83,28.83,,28.83,-1,DOWN,NO,NO,2026-10-09T00:05:31Z
2021-01-28T21:15:00Z,2021-01-28T22:15,2021-01-28T22:30,90,40.85,40.85,,40.85,-1,DOWN,NO,NO,2026-10-09T00:05:31Z
2021-01-28T21:30:00Z,2021-01-28T22:30,2021-01-28T22:45,91,29.46,29.46,,29.46,-1,DOWN,NO,NO,2026-10-09T00:05:31Z
2021-01-28T21:45:00Z,2021-01-28T22:45,2021-01-28T23:00,92,-1.04,-1.04,,-1.04,-1,DOWN,NO,NO,2026-10-09T00:05:31Z
2021-01-28T22:00:00Z,2021-01-28T23:00,2021-01-28T23:15,93,37.76,37.76,,37.76,-1,DOWN,NO,NO,2026-10-09T00:05:31Z
2021-01-28T22:15:00Z,2021-01-28T23:15,2021-01-28T23:30,94,35.26,35.26,,35.26,-1,DOWN,NO,NO,2026-10-09T00:05:31Z
2021-01-28T22:30:00Z,2021-01-28T23:30,2021-01-28T23:45,95,35.26,35.26,,35.26,-1,DOWN,NO,NO,2026-10-09T00:05:31Z
2021-01-28T22:45:00Z,2021-01-28T23:45,2021-01-29T00:00,96,23.62,23.62,,23.62,-1,DOWN,NO,NO,2026-10-09T00:05:31Z
2021-01-28T23:00:00Z,2021-01-29T00:00,2021-01-29T00:15,1,-10.63,-10.63,,-10.63,-1,DOWN,NO,NO,2026-10-09T00:05:31Z
2021-01-28T23:15:00Z,2021-01-29T00:15,2021-01-29T00:30,2,53.72,53.72,53.72,-10.63,1,UP,NO,NO,2026-10-09T00:05:31Z
2021-01-28T23:30:00Z,2021-01-29T00:30,2021-01-29T00:45,3,212.71,212.71,212.71,,1,UP,NO,NO,2026-10-09T00:05:31Z
2021-01-28T23:45:00Z,2021-01-29T00:45,2021-01-29T01:00,4,212.71,212.71,212.71,,1,UP,NO,NO,2026-10-09T00:05:31Z
2021-01-29T00:00:00Z,2021-01-29T01:00,2021-01-29T01:15,5,45.28,38.4,45.28,38.4,2,UP_AND_DOWN,NO,NO,2026-10-09T00:05:31Z
2021-01-29T00:15:00Z,2021-01-29T01:15,2021-01-29T01:30,6,58.78,58.78,58.78,,1,UP,NO,NO,2026-10-09T00:05:31Z
2021-01-29T00:30:00Z,2021-01-29T01:30,2021-01-29T01:45,7,45.28,45.28,45.28,,1,UP,NO,NO,2026-10-09T00:05:31Z
2021-01-29T00:45:00Z,2021-01-29T01:45,2021-01-29T02:00,8,42.58,42.58,,,0,STABLE,NO,NO,2026-10-09T00:05:31Z
2021-01-29T01:00:00Z,2021-01-29T02:00,2021-01-29T02:15,9,39.94,39.94,,,0,STABLE,NO,NO,2026-10-09T00:05:31Z
2021-01-29T01:15:00Z,2021-01-29T02:15,2021-01-29T02:30,10,32.69,32.69,,32.69,-1,DOWN,NO,NO,2026-10-09T00:05:31Z
2021-01-29T01:30:00Z,2021-01-29T02:30,2021-01-29T02:45,11,30.44,30.44,,30.44,-1,DOWN,NO,NO,2026-10-09T00:05:31Z
2021-01-29T01:45:00Z,2021-01-29T02:45,2021-01-29T03:00,12,25.09,25.09,,25.09,-1,DOWN,NO,NO,2026-10-09T00:05:31Z
2021-01-29T02:00:00Z,2021-01-29T03:00,2021-01-29T03:15,13,45.28,39.88,45.28,40.85,2,UP_AND_DOWN,NO,NO,2026-10-09T00:05:31Z
2021-01-29T02:15:00Z,2021-01-29T03:15,2021-01-29T03:30,14,43.78,43.78,43.78,,1,UP,NO,NO,2026-10-09T00:05:31Z
2021-01-29T02:30:00Z,2021-01-29T03:30,2021-01-29T03:45,15,45.28,45.28,45.28,,1,UP,NO,NO,2026-10-09T00:05:31Z
2021-01-29T02:45:00Z,2021-01-29T03:45,2021-01-29T04:00,16,44.54,44.54,44.54,,1,UP,NO,NO,2026-10-09T00:05:31Z
2021-01-29T03:00:00Z,2021-01-29T04:00,2021-01-29T04:15,17,59.72,59.72,59.72,,1,UP,NO,NO,2026-10-09T00:05:31Z
2021-01-29T03:15:00Z,2021-01-29T04:15,2021-01-29T04:30,18,50.53,50.53,50.53,,1,UP,NO,NO,2026-10-09T00:05:31Z
2021-01-29T03:30:00Z,2021-01-29T04:30,2021-01-29T04:45,19,46.72,46.72,46.72,,1,UP,NO,NO,2026-10-09T00:05:31Z
2021-01-29T03:45:00Z,2021-01-29T04:45,2021-01-29T05:00,20,45.28,45.28,45.28,,1,UP,NO,NO,2026-10-09T00:05:31Z
2021-01-29T04:00:00Z,2021-01-29T05:00,2021-01-29T05:15,21,42.55,42.55,,,0,STABLE,NO,NO,2026-10-09T00:05:31Z
2021-01-29T04:15:00Z,2021-01-29T05:15,2021-01-29T05:30,22,42.93,42.93,42.93,,1,UP,NO,NO,2026-10-09T00:05:31Z
2021-01-29T04:30:00Z,2021-01-29T05:30,2021-01-29T05:45,23,43.03,43.03,43.03,,1,UP,NO,NO,2026-10-09T00:05:31Z
2021-01-29T04:45:00Z,2021-01-29T05:45,2021-01-29T06:00,24,43.78,43.78,43.78,,1,UP,NO,NO,2026-10-09T00:05:31Z
2021-01-29T05:00:00Z,2021-01-29T06:00,2021-01-29T06:15,25,43.15,43.15,43.15,,1,UP,NO,NO,2026-10-09T00:05:31Z
2021-01-29T05:15:00Z,2021-01-29T06:15,2021-01-29T06:30,26,42.57,42.57,,,0,STABLE,NO,NO,2026-10-09T00:05:31Z
2021-01-29T05:30:00Z,2021-01-29T06:30,2021-01-29T06:45,27,50.75,50.75,50.75,,1,UP,NO,NO,2026-10-09T00:05:31Z
2021-01-29T05:45:00Z,2021-01-29T06:45,2021-01-29T07:00,28,51.56,51.56,51.56,,1,UP,NO,NO,2026-10-09T00:05:31Z
2021-01-29T06:00:00Z,2021-01-29T07:00,2021-01-29T07:15,29,48.51,48.51,48.51,,1,UP,NO,NO,2026-10-09T00:05:31Z
2021-01-29T06:15:00Z,2021-01-29T07:15,2021-01-29T07:30,30,55.56,55.56,55.56,,1,UP,NO,NO,2026-10-09T00:05:31Z
2021-01-29T06:30:00Z,2021-01-29T07:30,2021-01-29T07:45,31,60.47,60.47,60.47,,1,UP,NO,NO,2026-10-09T00:05:31Z
2021-01-29T06:45:00Z,2021-01-29T07:45,2021-01-29T08:00,32,64.79,64.79,64.79,,1,UP,NO,NO,2026-10-09T00:05:31Z
2021-01-29T07:00:00Z,2021-01-29T08:00,2021-01-29T08:15,33,46.48,26.19,46.48,26.19,2,UP_AND_DOWN,NO,NO,2026-10-09T00:05:31Z
2021-01-29T07:15:00Z,2021-01-29T08:15,2021-01-29T08:30,34,38.14,38.14,,38.14,-1,DOWN,NO,NO,2026-10-09T00:05:31Z
2021-01-29T07:30:00Z,2021-01-29T08:30,2021-01-29T08:45,35,43.83,43.83,,,0,STABLE,NO,NO,2026-10-09T00:05:31Z
2021-01-29T07:45:00Z,2021-01-29T08:45,2021-01-29T09:00,36,43.81,43.81,,,0,STABLE,NO,NO,2026-10-09T00:05:31Z
2021-01-29T08:00:00Z,2021-01-29T09:00,2021-01-29T09:15,37,43.89,43.89,,,0,STABLE,NO,NO,2026-10-09T00:05:31Z
2021-01-29T08:15:00Z,2021-01-29T09:15,2021-01-29T09:30,38,42.07,42.07,,42.07,-1,DOWN,NO,NO,2026-10-09T00:05:31Z
2021-01-29T08:30:00Z,2021-01-29T09:30,2021-01-29T09:45,39,34.93,34.93,,34.93,-1,DOWN,NO,NO,2026-10-09T00:05:31Z
2021-01-29T08:45:00Z,2021-01-29T09:45,2021-01-29T10:00,40,10.11,10.11,,10.11,-1,DOWN,NO,NO,2026-10-09T00:05:31Z
2021-01-29T09:00:00Z,2021-01-29T10:00,2021-01-29T10:15,41,77.17,-8.33,77.17,-8.33,2,UP_AND_DOWN,NO,NO,2026-10-09T00:05:31Z
2021-01-29T09:15:00Z,2021-01-29T10:15,2021-01-29T10:30,42,26.13,26.13,47.14,26.13,-1,DOWN,NO,NO,2026-10-09T00:05:31Z
2021-01-29T09:30:00Z,2021-01-29T10:30,2021-01-29T10:45,43,26.55,26.55,,26.55,-1,DOWN,NO,NO,2026-10-09T00:05:31Z
2021-01-29T09:45:00Z,2021-01-29T10:45,2021-01-29T11:00,44,26.55,26.55,,26.55,-1,DOWN,NO,NO,2026-10-09T00:05:31Z
2021-01-29T10:00:00Z,2021-01-29T11:00,2021-01-29T11:15,45,50.56,50.56,50.56,26.55,1,UP,NO,NO,2026-10-09T00:05:31Z
2021-01-29T10:15:00Z,2021-01-29T11:15,2021-01-29T11:30,46,43.68,43.68,,,0,STABLE,NO,NO,2026-10-09T00:05:31Z
2021-01-29T10:30:00Z,2021-01-29T11:30,2021-01-29T11:45,47,47.14,47.14,47.14,,1,UP,NO,NO,2026-10-09T00:05:31Z
2021-01-29T10:45:00Z,2021-01-29T11:45,2021-01-29T12:00,48,49.29,49.29,49.29,,1,UP,NO,NO,2026-10-09T00:05:31Z
2021-01-29T11:00:00Z,2021-01-29T12:00,2021-01-29T12:15,49,257.94,257.94,257.94,,1,UP,NO,NO,2026-10-09T00:05:31Z
2021-01-29T11:15:00Z,2021-01-29T12:15,2021-01-29T12:30,50,31.05,31.05,73.29,31.05,-1,DOWN,NO,NO,2026-10-09T00:05:31Z
2021-01-29T11:30:00Z,2021-01-29T12:30,2021-01-29T12:45,51,44.9,30.91,44.9,30.91,2,UP_AND_DOWN,NO,NO,2026-10-09T00:05:31Z
2021-01-29T11:45:00Z,2021-01-29T12:45,2021-01-29T13:00,52,29.03,29.03,,29.03,-1,DOWN,NO,NO,2026-10-09T00:05:31Z
2021-01-29T12:00:00Z,2021-01-29T13:00,2021-01-29T13:15,53,26.68,26.68,,26.68,-1,DOWN,NO,NO,2026-10-09T00:05:31Z
2021-01-29T12:15:00Z,2021-01-29T13:15,2021-01-29T13:30,54,38.14,38.14,,38.14,-1,DOWN,NO,NO,2026-10-09T00:05:31Z
2021-01-29T12:30:00Z,2021-01-29T13:30,2021-01-29T13:45,55,26.52,26.52,,26.52,-1,DOWN,NO,NO,2026-10-09T00:05:31Z
2021-01-29T12:45:00Z,2021-01-29T13:45,2021-01-29T14:00,56,16.02,16.02,,16.02,-1,DOWN,NO,NO,2026-10-09T00:05:31Z
2021-01-29T13:00:00Z,2021-01-29T14:00,2021-01-29T14:15,57,40.24,40.24,,40.24,-1,DOWN,NO,NO,2026-10-09T00:05:31Z
2021-01-29T13:15:00Z,2021-01-29T14:15,2021-01-29T14:30,58,43.46,43.46,,,0,STABLE,NO,NO,2026-10-09T00:05:31Z
2021-01-29T13:30:00Z,2021-01-29T14:30,2021-01-29T14:45,59,43.45,43.45,,,0,STABLE,NO,NO,2026-10-09T00:05:31Z
2021-01-29T13:45:00Z,2021-01-29T14:45,2021-01-29T15:00,60,43.43,43.43,,,0,STABLE,NO,NO,2026-10-09T00:05:31Z
2021-01-29T14:00:00Z,2021-01-29T15:00,2021-01-29T15:15,61,40.31,40.31,,,0,STABLE,NO,NO,2026-10-09T00:05:31Z
2021-01-29T14:15:00Z,2021-01-29T15:15,2021-01-29T15:30,62,40.3,40.3,,,0,STABLE,NO,NO,2026-10-09T00:05:31Z
2021-01-29T14:30:00Z,2021-01-29T15:30,2021-01-29T15:45,63,40.28,40.28,,,0,STABLE,NO,NO,2026-10-09T00:05:31Z
2021-01-29T14:45:00Z,2021-01-29T15:45,2021-01-29T16:00,64,43.46,43.46,,,0,STABLE,NO,NO,2026-10-09T00:05:31Z
2021-01-29T15:00:00Z,2021-01-29T16:00,2021-01-29T16:15,65,25.35,25.35,,25.35,-1,DOWN,NO,NO,2026-10-09T00:05:31Z
2021-01-29T15:15:00Z,2021-01-29T16:15,2021-01-29T16:30,66,27,27,,27,-1,DOWN,NO,NO,2026-10-09T00:05:31Z
2021-01-29T15:30:00Z,2021-01-29T16:30,2021-01-29T16:45,67,31.94,31.94,,31.94,-1,DOWN,NO,NO,2026-10-09T00:05:31Z
2021-01-29T15:45:00Z,2021-01-29T16:45,2021-01-29T17:00,68,40.14,40.14,,40.14,-1,DOWN,NO,NO,2026-10-09T00:05:31Z
2021-01-29T16:00:00Z,2021-01-29T17:00,2021-01-29T17:15,69,-140.46,-140.46,,-140.46,-1,DOWN,NO,NO,2026-10-09T00:05:31Z
2021-01-29T16:15:00Z,2021-01-29T17:15,2021-01-29T17:30,70,0,0,,0,-1,DOWN,NO,NO,2026-10-09T00:05:31Z
2021-01-29T16:30:00Z,2021-01-29T17:30,2021-01-29T17:45,71,27.6,27.6,,27.6,-1,DOWN,NO,NO,2026-10-09T00:05:31Z
2021-01-29T16:45:00Z,2021-01-29T17:45,2021-01-29T18:00,72,41.46,41.46,,41.46,-1,DOWN,NO,NO,2026-10-09T00:05:31Z
2021-01-29T17:00:00Z,2021-01-29T18:00,2021-01-29T18:15,73,28.8,28.8,,28.8,-1,DOWN,NO,NO,2026-10-09T00:05:31Z
2021-01-29T17:15:00Z,2021-01-29T18:15,2021-01-29T18:30,74,40.23,40.23,,40.23,-1,DOWN,NO,NO,2026-10-09T00:05:31Z
2021-01-29T17:30:00Z,2021-01-29T18:30,2021-01-29T18:45,75,38.14,38.14,,38.14,-1,DOWN,NO,NO,2026-10-09T00:05:31Z
2021-01-29T17:45:00Z,2021-01-29T18:45,2021-01-29T19:00,76,38.14,38.14,,38.14,-1,DOWN,NO,NO,2026-10-09T00:05:31Z
2021-01-29T18:00:00Z,2021-01-29T19:00,2021-01-29T19:15,77,35.14,35.14,,35.14,-1,DOWN,NO,NO,2026-10-09T00:05:31Z
2021-01-29T18:15:00Z,2021-01-29T19:15,2021-01-29T19:30,78,38.14,38.14,,38.14,-1,DOWN,NO,NO,2026-10-09T00:05:31Z
2021-01-29T18:30:00Z,2021-01-29T19:30,2021-01-29T19:45,79,35,35,,35,-1,DOWN,NO,NO,2026-10-09T00:05:31Z
2021-01-29T18:45:00Z,2021-01-29T19:45,2021-01-29T20:00,80,35.14,35.14,,35.14,-1,DOWN,NO,NO,2026-10-09T00:05:31Z
2021-01-29T19:00:00Z,2021-01-29T20:00,2021-01-29T20:15,81,42.76,42.76,,,0,STABLE,NO,NO,2026-10-09T00:05:31Z
2021-01-29T19:15:00Z,2021-01-29T20:15,2021-01-29T20:30,82,43.5,43.5,43.5,,1,UP,NO,NO,2026-10-09T00:05:31Z
2021-01-29T19:30:00Z,2021-01-29T20:30,2021-01-29T20:45,83,44.87,44.87,44.87,,1,UP,NO,NO,2026-10-09T00:05:31Z
2021-01-29T19:45:00Z,2021-01-29T20:45,2021-01-29T21:00,84,61.56,61.56,61.56,,1,UP,NO,NO,2026-10-09T00:05:31Z
2021-01-29T20:00:00Z,2021-01-29T21:00,2021-01-29T21:15,85,78.19,78.19,78.19,,1,UP,NO,NO,2026-10-09T00:05:31Z
2021-01-29T20:15:00Z,2021-01-29T21:15,2021-01-29T21:30,86,220.03,220.03,220.03,,1,UP,NO,NO,2026-10-09T00:05:31Z
2021-01-29T20:30:00Z,2021-01-29T21:30,2021-01-29T21:45,87,150.03,150.03,150.03,,1,UP,NO,NO,2026-10-09T00:05:31Z
2021-01-29T20:45:00Z,2021-01-29T21:45,2021-01-29T22:00,88,61.56,61.56,61.56,,1,UP,NO,NO,2026-10-09T00:05:31Z
2021-01-29T21:00:00Z,2021-01-29T22:00,2021-01-29T22:15,89,215.9,215.9,215.9,,1,UP,NO,NO,2026-10-09T00:05:31Z
2021-01-29T21:15:00Z,2021-01-29T22:15,2021-01-29T22:30,90,345.9,345.9,345.9,,1,UP,NO,NO,2026-10-09T00:05:31Z
2021-01-29T21:30:00Z,2021-01-29T22:30,2021-01-29T22:45,91,58.78,58.78,58.78,,1,UP,NO,NO,2026-10-09T00:05:31Z
2021-01-29T21:45:00Z,2021-01-29T22:45,2021-01-29T23:00,92,50.53,50.53,50.53,,1,UP,NO,NO,2026-10-09T00:05:31Z
2021-01-29T22:00:00Z,2021-01-29T23:00,2021-01-29T23:15,93,43.78,43.78,43.78,,1,UP,NO,NO,2026-10-09T00:05:31Z
2021-01-29T22:15:00Z,2021-01-29T23:15,2021-01-29T23:30,94,54.28,54.28,54.28,,1,UP,NO,NO,2026-10-09T00:05:31Z
2021-01-29T22:30:00Z,2021-01-29T23:30,2021-01-29T23:45,95,45.28,45.28,45.28,,1,UP,NO,NO,2026-10-09T00:05:31Z
2021-01-29T22:45:00Z,2021-01-29T23:45,2021-01-30T00:00,96,43.03,43.03,43.03,,1,UP,NO,NO,2026-10-09T00:05:31Z
2021-01-29T23:00:00Z,2021-01-30T00:00,2021-01-30T00:15,1,46.6,37.32,46.6,37.32,2,UP_AND_DOWN,NO,NO,2026-10-09T00:05:31Z
2021-01-29T23:15:00Z,2021-01-30T00:15,2021-01-30T00:30,2,50.35,50.35,50.35,,1,UP,NO,NO,2026-10-09T00:05:31Z
2021-01-29T23:30:00Z,2021-01-30T00:30,2021-01-30T00:45,3,47.01,47.01,47.01,,1,UP,NO,NO,2026-10-09T00:05:31Z
2021-01-29T23:45:00Z,2021-01-30T00:45,2021-01-30T01:00,4,61.92,61.92,61.92,,1,UP,NO,NO,2026-10-09T00:05:31Z
2021-01-30T00:00:00Z,2021-01-30T01:00,2021-01-30T01:15,5,48.1,48.1,48.1,,1,UP,NO,NO,2026-10-09T00:05:31Z
2021-01-30T00:15:00Z,2021-01-30T01:15,2021-01-30T01:30,6,44.33,44.33,,,0,STABLE,NO,NO,2026-10-09T00:05:31Z
2021-01-30T00:30:00Z,2021-01-30T01:30,2021-01-30T01:45,7,46.87,46.87,,,0,STABLE,NO,NO,2026-10-09T00:05:31Z
2021-01-30T00:45:00Z,2021-01-30T01:45,2021-01-30T02:00,8,46.92,46.92,,,0,STABLE,NO,NO,2026-10-09T00:05:31Z
2021-01-30T01:00:00Z,2021-01-30T02:00,2021-01-30T02:15,9,44.17,44.17,,,0,STABLE,NO,NO,2026-10-09T00:05:31Z
2021-01-30T01:15:00Z,2021-01-30T02:15,2021-01-30T02:30,10,44.17,44.17,,,0,STABLE,NO,NO,2026-10-09T00:05:31Z
2021-01-30T01:30:00Z,2021-01-30T02:30,2021-01-30T02:45,11,44.17,44.17,,,0,STABLE,NO,NO,2026-10-09T00:05:31Z
2021-01-30T01:45:00Z,2021-01-30T02:45,2021-01-30T03:00,12,46.7,46.7,,,0,STABLE,NO,NO,2026-10-09T00:05:31Z
2021-01-30T02:00:00Z,2021-01-30T03:00,2021-01-30T03:15,13,46.71,46.71,,,0,STABLE,NO,NO,2026-10-09T00:05:31Z
2021-01-30T02:15:00Z,2021-01-30T03:15,2021-01-30T03:30,14,46.76,46.76,,,0,STABLE,NO,NO,2026-10-09T00:05:31Z
2021-01-30T02:30:00Z,2021-01-30T03:30,2021-01-30T03:45,15,42.4,42.4,,42.4,-1,DOWN,NO,NO,2026-10-09T00:05:31Z
2021-01-30T02:45:00Z,2021-01-30T03:45,2021-01-30T04:00,16,30.19,30.19,,30.19,-1,DOWN,NO,NO,2026-10-09T00:05:31Z
2021-01-30T03:00:00Z,2021-01-30T04:00,2021-01-30T04:15,17,44.26,44.26,,44.26,-1,DOWN,NO,NO,2026-10-09T00:05:31Z
2021-01-30T03:15:00Z,2021-01-30T04:15,2021-01-30T04:30,18,36.92,36.92,,36.92,-1,DOWN,NO,NO,2026-10-09T00:05:31Z
2021-01-30T03:30:00Z,2021-01-30T04:30,2021-01-30T04:45,19,33.92,33.92,,33.92,-1,DOWN,NO,NO,2026-10-09T00:05:31Z
2021-01-30T03:45:00Z,2021-01-30T04:45,2021-01-30T05:00,20,11.77,11.77,,11.77,-1,DOWN,NO,NO,2026-10-09T00:05:31Z
2021-01-30T04:00:00Z,2021-01-30T05:00,2021-01-30T05:15,21,44.55,44.55,,44.55,-1,DOWN,NO,NO,2026-10-09T00:05:31Z
2021-01-30T04:15:00Z,2021-01-30T05:15,2021-01-30T05:30,22,45.25,45.25,,,0,STABLE,NO,NO,2026-10-09T00:05:31Z
2021-01-30T04:30:00Z,2021-01-30T05:30,2021-01-30T05:45,23,44.66,44.66,,44.66,-1,DOWN,NO,NO,2026-10-09T00:05:31Z
2021-01-30T04:45:00Z,2021-01-30T05:45,2021-01-30T06:00,24,27.95,27.95,,27.95,-1,DOWN,NO,NO,2026-10-09T00:05:31Z
2021-01-30T05:00:00Z,2021-01-30T06:00,2021-01-30T06:15,25,-485.93,-485.93,,-485.93,-1,DOWN,NO,NO,2026-10-09T00:05:31Z
2021-01-30T05:15:00Z,2021-01-30T06:15,2021-01-30T06:30,26,-68.92,-68.92,,-68.92,-1,DOWN,NO,NO,2026-10-09T00:05:31Z
2021-01-30T05:30:00Z,2021-01-30T06:30,2021-01-30T06:45,27,31.9,31.9,,31.9,-1,DOWN,NO,NO,2026-10-09T00:05:31Z
2021-01-30T05:45:00Z,2021-01-30T06:45,2021-01-30T07:00,28,31.9,31.9,,31.9,-1,DOWN,NO,NO,2026-10-09T00:05:31Z
2021-01-30T06:00:00Z,2021-01-30T07:00,2021-01-30T07:15,29,-18.85,-18.85,,-18.85,-1,DOWN,NO,NO,2026-10-09T00:05:31Z
2021-01-30T06:15:00Z,2021-01-30T07:15,2021-01-30T07:30,30,29.34,29.34,,29.34,-1,DOWN,NO,NO,2026-10-09T00:05:31Z
2021-01-30T06:30:00Z,2021-01-30T07:30,2021-01-30T07:45,31,28.31,28.31,,28.31,-1,DOWN,NO,NO,2026-10-09T00:05:31Z
2021-01-30T06:45:00Z,2021-01-30T07:45,2021-01-30T08:00,32,32.06,32.06,,32.06,-1,DOWN,NO,NO,2026-10-09T00:05:31Z
2021-01-30T07:00:00Z,2021-01-30T08:00,2021-01-30T08:15,33,34.34,34.34,,34.34,-1,DOWN,NO,NO,2026-10-09T00:05:31Z
2021-01-30T07:15:00Z,2021-01-30T08:15,2021-01-30T08:30,34,29.34,29.34,,29.34,-1,DOWN,NO,NO,2026-10-09T00:05:31Z
2021-01-30T07:30:00Z,2021-01-30T08:30,2021-01-30T08:45,35,29.34,29.34,,29.34,-1,DOWN,NO,NO,2026-10-09T00:05:31Z
2021-01-30T07:45:00Z,2021-01-30T08:45,2021-01-30T09:00,36,53.57,33.18,53.57,33.18,2,UP_AND_DOWN,NO,NO,2026-10-09T00:05:31Z
2021-01-30T08:00:00Z,2021-01-30T09:00,2021-01-30T09:15,37,40.34,40.34,53.57,40.34,-1,DOWN,NO,NO,2026-10-09T00:05:31Z
2021-01-30T08:15:00Z,2021-01-30T09:15,2021-01-30T09:30,38,42.34,42.34,,42.34,-1,DOWN,NO,NO,2026-10-09T00:05:31Z
2021-01-30T08:30:00Z,2021-01-30T09:30,2021-01-30T09:45,39,43.62,43.62,,,0,STABLE,NO,NO,2026-10-09T00:05:31Z
2021-01-30T08:45:00Z,2021-01-30T09:45,2021-01-30T10:00,40,51.92,51.92,51.92,,1,UP,NO,NO,2026-10-09T00:05:31Z
2021-01-30T09:00:00Z,2021-01-30T10:00,2021-01-30T10:15,41,90.81,90.81,90.81,,1,UP,NO,NO,2026-10-09T00:05:31Z
2021-01-30T09:15:00Z,2021-01-30T10:15,2021-01-30T10:30,42,56.2,56.2,56.2,,1,UP,NO,NO,2026-10-09T00:05:31Z
2021-01-30T09:30:00Z,2021-01-30T10:30,2021-01-30T10:45,43,47.89,47.89,47.89,,1,UP,NO,NO,2026-10-09T00:05:31Z
2021-01-30T09:45:00Z,2021-01-30T10:45,2021-01-30T11:00,44,56.2,56.2,56.2,,1,UP,NO,NO,2026-10-09T00:05:31Z
2021-01-30T10:00:00Z,2021-01-30T11:00,2021-01-30T11:15,45,53.42,53.42,53.42,,1,UP,NO,NO,2026-10-09T00:05:31Z
2021-01-30T10:15:00Z,2021-01-30T11:15,2021-01-30T11:30,46,39.67,39.67,,,0,STABLE,NO,NO,2026-10-09T00:05:31Z
2021-01-30T10:30:00Z,2021-01-30T11:30,2021-01-30T11:45,47,39.67,39.67,,,0,STABLE,NO,NO,2026-10-09T00:05:31Z
2021-01-30T10:45:00Z,2021-01-30T11:45,2021-01-30T12:00,48,46.7,46.7,46.7,,1,UP,NO,NO,2026-10-09T00:05:31Z
2021-01-30T11:00:00Z,2021-01-30T12:00,2021-01-30T12:15,49,225.13,225.13,225.13,,1,UP,NO,NO,2026-10-09T00:05:31Z
2021-01-30T11:15:00Z,2021-01-30T12:15,2021-01-30T12:30,50,225.13,225.13,225.13,,1,UP,NO,NO,2026-10-09T00:05:31Z
2021-01-30T11:30:00Z,2021-01-30T12:30,2021-01-30T12:45,51,47.2,47.2,47.2,,1,UP,NO,NO,2026-10-09T00:05:31Z
2021-01-30T11:45:00Z,2021-01-30T12:45,2021-01-30T13:00,52,43.62,43.62,,,0,STABLE,NO,NO,2026-10-09T00:05:31Z
2021-01-30T12:00:00Z,2021-01-30T13:00,2021-01-30T13:15,53,43.62,43.62,,,0,STABLE,NO,NO,2026-10-09T00:05:31Z
2021-01-30T12:15:00Z,2021-01-30T13:15,2021-01-30T13:30,54,43.62,43.62,,,0,STABLE,NO,NO,2026-10-09T00:05:31Z
2021-01-30T12:30:00Z,2021-01-30T13:30,2021-01-30T13:45,55,43.62,43.62,,,0,STABLE,NO,NO,2026-10-09T00:05:31Z
2021-01-30T12:45:00Z,2021-01-30T13:45,2021-01-30T14:00,56,46.78,46.78,46.78,,1,UP,NO,NO,2026-10-09T00:05:31Z
2021-01-30T13:00:00Z,2021-01-30T14:00,2021-01-30T14:15,57,47.89,47.89,47.89,,1,UP,NO,NO,2026-10-09T00:05:31Z
2021-01-30T13:15:00Z,2021-01-30T14:15,2021-01-30T14:30,58,50.35,50.35,50.35,,1,UP,NO,NO,2026-10-09T00:05:31Z
2021-01-30T13:30:00Z,2021-01-30T14:30,2021-01-30T14:45,59,61.6,61.6,61.6,,1,UP,NO,NO,2026-10-09T00:05:31Z
2021-01-30T13:45:00Z,2021-01-30T14:45,2021-01-30T15:00,60,69.34,69.34,69.34,,1,UP,NO,NO,2026-10-09T00:05:31Z
2021-01-30T14:00:00Z,2021-01-30T15:00,2021-01-30T15:15,61,57.1,57.1,57.1,,1,UP,NO,NO,2026-10-09T00:05:31Z
2021-01-30T14:15:00Z,2021-01-30T15:15,2021-01-30T15:30,62,45.85,45.85,45.85,,1,UP,NO,NO,2026-10-09T00:05:31Z
2021-01-30T14:30:00Z,2021-01-30T15:30,2021-01-30T15:45,63,47.89,47.89,47.89,,1,UP,NO,NO,2026-10-09T00:05:31Z
2021-01-30T14:45:00Z,2021-01-30T15:45,2021-01-30T16:00,64,50.35,50.35,50.35,,1,UP,NO,NO,2026-10-09T00:05:31Z
2021-01-30T15:00:00Z,2021-01-30T16:00,2021-01-30T16:15,65,41.38,41.38,,,0,STABLE,NO,NO,2026-10-09T00:05:31Z
2021-01-30T15:15:00Z,2021-01-30T16:15,2021-01-30T16:30,66,41.37,41.37,,,0,STABLE,NO,NO,2026-10-09T00:05:31Z
2021-01-30T15:30:00Z,2021-01-30T16:30,2021-01-30T16:45,67,43.62,43.62,,,0,STABLE,NO,NO,2026-10-09T00:05:31Z
2021-01-30T15:45:00Z,2021-01-30T16:45,2021-01-30T17:00,68,39.17,39.17,,,0,STABLE,NO,NO,2026-10-09T00:05:31Z
2021-01-30T16:00:00Z,2021-01-30T17:00,2021-01-30T17:15,69,-139.46,-139.46,,-139.46,-1,DOWN,NO,NO,2026-10-09T00:05:31Z
2021-01-30T16:15:00Z,2021-01-30T17:15,2021-01-30T17:30,70,30.93,30.93,,30.93,-1,DOWN,NO,NO,2026-10-09T00:05:31Z
2021-01-30T16:30:00Z,2021-01-30T17:30,2021-01-30T17:45,71,288.95,288.95,288.95,30.93,1,UP,NO,NO,2026-10-09T00:05:31Z
2021-01-30T16:45:00Z,2021-01-30T17:45,2021-01-30T18:00,72,288.95,288.95,288.95,,1,UP,NO,NO,2026-10-09T00:05:31Z
2021-01-30T17:00:00Z,2021-01-30T18:00,2021-01-30T18:15,73,55.76,55.76,55.76,,1,UP,NO,NO,2026-10-09T00:05:31Z
2021-01-30T17:15:00Z,2021-01-30T18:15,2021-01-30T18:30,74,39.17,39.17,,,0,STABLE,NO,NO,2026-10-09T00:05:31Z
2021-01-30T17:30:00Z,2021-01-30T18:30,2021-01-30T18:45,75,39.17,39.17,,,0,STABLE,NO,NO,2026-10-09T00:05:31Z
2021-01-30T17:45:00Z,2021-01-30T18:45,2021-01-30T19:00,76,39.17,39.17,,,0,STABLE,NO,NO,2026-10-09T00:05:31Z
2021-01-30T18:00:00Z,2021-01-30T19:00,2021-01-30T19:15,77,39.17,39.17,,,0,STABLE,NO,NO,2026-10-09T00:05:31Z
2021-01-30T18:15:00Z,2021-01-30T19:15,2021-01-30T19:30,78,39.17,39.17,,,0,STABLE,NO,NO,2026-10-09T00:05:31Z
2021-01-30T18:30:00Z,2021-01-30T19:30,2021-01-30T19:45,79,32.43,32.43,,32.43,-1,DOWN,NO,NO,2026-10-09T00:05:31Z
2021-01-30T18:45:00Z,2021-01-30T19:45,2021-01-30T20:00,80,32.43,32.43,,32.43,-1,DOWN,NO,NO,2026-10-09T00:05:31Z
2021-01-30T19:00:00Z,2021-01-30T20:00,2021-01-30T20:15,81,62.34,62.34,62.34,32.43,1,UP,NO,NO,2026-10-09T00:05:31Z
2021-01-30T19:15:00Z,2021-01-30T20:15,2021-01-30T20:30,82,45.46,45.46,45.46,,1,UP,NO,NO,2026-10-09T00:05:31Z
2021-01-30T19:30:00Z,2021-01-30T20:30,2021-01-30T20:45,83,43.9,43.9,,,0,STABLE,NO,NO,2026-10-09T00:05:31Z
2021-01-30T19:45:00Z,2021-01-30T20:45,2021-01-30T21:00,84,39.17,39.17,,,0,STABLE,NO,NO,2026-10-09T00:05:31Z
2021-01-30T20:00:00Z,2021-01-30T21:00,2021-01-30T21:15,85,58.94,58.94,58.94,,1,UP,NO,NO,2026-10-09T00:05:31Z
2021-01-30T20:15:00Z,2021-01-30T21:15,2021-01-30T21:30,86,52.66,52.66,52.66,,1,UP,NO,NO,2026-10-09T00:05:31Z
2021-01-30T20:30:00Z,2021-01-30T21:30,2021-01-30T21:45,87,39.17,39.17,,,0,STABLE,NO,NO,2026-10-09T00:05:31Z
2021-01-30T20:45:00Z,2021-01-30T21:45,2021-01-30T22:00,88,39.17,39.17,,,0,STABLE,NO,NO,2026-10-09T00:05:31Z
2021-01-30T21:00:00Z,2021-01-30T22:00,2021-01-30T22:15,89,40.7,40.7,,,0,STABLE,NO,NO,2026-10-09T00:05:31Z
2021-01-30T21:15:00Z,2021-01-30T22:15,2021-01-30T22:30,90,39.17,39.17,,,0,STABLE,NO,NO,2026-10-09T00:05:31Z
2021-01-30T21:30:00Z,2021-01-30T22:30,2021-01-30T22:45,91,39.17,39.17,,,0,STABLE,NO,NO,2026-10-09T00:05:31Z
2021-01-30T21:45:00Z,2021-01-30T22:45,2021-01-30T23:00,92,39.17,39.17,,,0,STABLE,NO,NO,2026-10-09T00:05:31Z
2021-01-30T22:00:00Z,2021-01-30T23:00,2021-01-30T23:15,93,40.51,40.51,,,0,STABLE,NO,NO,2026-10-09T00:05:31Z
2021-01-30T22:15:00Z,2021-01-30T23:15,2021-01-30T23:30,94,44.2,44.2,,,0,STABLE,NO,NO,2026-10-09T00:05:31Z
2021-01-30T22:30:00Z,2021-01-30T23:30,2021-01-30T23:45,95,32.74,32.74,,32.74,-1,DOWN,NO,NO,2026-10-09T00:05:31Z
2021-01-30T22:45:00Z,2021-01-30T23:45,2021-01-31T00:00,96,-11.5,-11.5,,-11.5,-1,DOWN,NO,NO,2026-10-09T00:05:31Z
2021-01-30T23:00:00Z,2021-01-31T00:00,2021-01-31T00:15,1,115.56,115.56,115.56,30.5,1,UP,NO,NO,2026-10-09T00:05:31Z
2021-01-30T23:15:00Z,2021-01-31T00:15,2021-01-31T00:30,2,180.31,180.31,180.31,30.5,1,UP,NO,NO,2026-10-09T00:05:31Z
2021-01-30T23:30:00Z,2021-01-31T00:30,2021-01-31T00:45,3,53.57,53.57,53.57,,1,UP,NO,NO,2026-10-09T00:05:31Z
2021-01-30T23:45:00Z,2021-01-31T00:45,2021-01-31T01:00,4,51.07,51.07,51.07,,1,UP,NO,NO,2026-10-09T00:05:31Z
2021-01-31T00:00:00Z,2021-01-31T01:00,2021-01-31T01:15,5,46,46,46,,1,UP,NO,NO,2026-10-09T00:05:31Z
2021-01-31T00:15:00Z,2021-01-31T01:15,2021-01-31T01:30,6,25.42,25.42,,,0,STABLE,NO,NO,2026-10-09T00:05:31Z
2021-01-31T00:30:00Z,2021-01-31T01:30,2021-01-31T01:45,7,25.92,25.92,,,0,STABLE,NO,NO,2026-10-09T00:05:31Z
2021-01-31T00:45:00Z,2021-01-31T01:45,2021-01-31T02:00,8,26.43,26.43,,,0,STABLE,NO,NO,2026-10-09T00:05:31Z
2021-01-31T01:00:00Z,2021-01-31T02:00,2021-01-31T02:15,9,111.97,111.97,111.97,,1,UP,NO,NO,2026-10-09T00:05:31Z
2021-01-31T01:15:00Z,2021-01-31T02:15,2021-01-31T02:30,10,76.07,76.07,76.07,,1,UP,NO,NO,2026-10-09T00:05:31Z
2021-01-31T01:30:00Z,2021-01-31T02:30,2021-01-31T02:45,11,27.93,27.93,,,0,STABLE,NO,NO,2026-10-09T00:05:31Z
2021-01-31T01:45:00Z,2021-01-31T02:45,2021-01-31T03:00,12,45.74,45.74,45.74,,1,UP,NO,NO,2026-10-09T00:05:31Z
2021-01-31T02:00:00Z,2021-01-31T03:00,2021-01-31T03:15,13,88.57,88.57,88.57,,1,UP,NO,NO,2026-10-09T00:05:31Z
2021-01-31T02:15:00Z,2021-01-31T03:15,2021-01-31T03:30,14,58.11,58.11,58.11,,1,UP,NO,NO,2026-10-09T00:05:31Z
2021-01-31T02:30:00Z,2021-01-31T03:30,2021-01-31T03:45,15,66.07,66.07,66.07,,1,UP,NO,NO,2026-10-09T00:05:31Z
2021-01-31T02:45:00Z,2021-01-31T03:45,2021-01-31T04:00,16,53.47,53.47,53.47,,1,UP,NO,NO,2026-10-09T00:05:31Z
2021-01-31T03:00:00Z,2021-01-31T04:00,2021-01-31T04:15,17,76.07,76.07,76.07,,1,UP,NO,NO,2026-10-09T00:05:31Z
2021-01-31T03:15:00Z,2021-01-31T04:15,2021-01-31T04:30,18,88.57,88.57,88.57,,1,UP,NO,NO,2026-10-09T00:05:31Z
2021-01-31T03:30:00Z,2021-01-31T04:30,2021-01-31T04:45,19,66.07,66.07,66.07,,1,UP,NO,NO,2026-10-09T00:05:31Z
2021-01-31T03:45:00Z,2021-01-31T04:45,2021-01-31T05:00,20,66.07,66.07,66.07,,1,UP,NO,NO,2026-10-09T00:05:31Z
2021-01-31T04:00:00Z,2021-01-31T05:00,2021-01-31T05:15,21,53.57,32.92,53.57,44.84,2,UP_AND_DOWN,NO,NO,2026-10-09T00:05:31Z
2021-01-31T04:15:00Z,2021-01-31T05:15,2021-01-31T05:30,22,88.57,88.57,88.57,,1,UP,NO,NO,2026-10-09T00:05:31Z
2021-01-31T04:30:00Z,2021-01-31T05:30,2021-01-31T05:45,23,66.07,66.07,66.07,,1,UP,NO,NO,2026-10-09T00:05:31Z
2021-01-31T04:45:00Z,2021-01-31T05:45,2021-01-31T06:00,24,88.57,88.57,88.57,,1,UP,NO,NO,2026-10-09T00:05:31Z
2021-01-31T05:00:00Z,2021-01-31T06:00,2021-01-31T06:15,25,63.84,63.84,63.84,,1,UP,NO,NO,2026-10-09T00:05:31Z
2021-01-31T05:15:00Z,2021-01-31T06:15,2021-01-31T06:30,26,35.42,35.42,,,0,STABLE,NO,NO,2026-10-09T00:05:31Z
2021-01-31T05:30:00Z,2021-01-31T06:30,2021-01-31T06:45,27,88.57,88.57,88.57,,1,UP,NO,NO,2026-10-09T00:05:31Z
2021-01-31T05:45:00Z,2021-01-31T06:45,2021-01-31T07:00,28,57.84,36.46,57.84,44.91,2,UP_AND_DOWN,NO,NO,2026-10-09T00:05:31Z
2021-01-31T06:00:00Z,2021-01-31T07:00,2021-01-31T07:15,29,46.31,46.31,46.31,,1,UP,NO,NO,2026-10-09T00:05:31Z
2021-01-31T06:15:00Z,2021-01-31T07:15,2021-01-31T07:30,30,43.65,43.65,43.65,,1,UP,NO,NO,2026-10-09T00:05:31Z
2021-01-31T06:30:00Z,2021-01-31T07:30,2021-01-31T07:45,31,47.62,47.62,47.62,,1,UP,NO,NO,2026-10-09T00:05:31Z
2021-01-31T06:45:00Z,2021-01-31T07:45,2021-01-31T08:00,32,53.27,53.27,53.27,,1,UP,NO,NO,2026-10-09T00:05:31Z
2021-01-31T07:00:00Z,2021-01-31T08:00,2021-01-31T08:15,33,51.46,51.46,51.46,,1,UP,NO,NO,2026-10-09T00:05:31Z
2021-01-31T07:15:00Z,2021-01-31T08:15,2021-01-31T08:30,34,65.2,65.2,65.2,,1,UP,NO,NO,2026-10-09T00:05:31Z
2021-01-31T07:30:00Z,2021-01-31T08:30,2021-01-31T08:45,35,99.77,99.77,99.77,,1,UP,NO,NO,2026-10-09T00:05:31Z
2021-01-31T07:45:00Z,2021-01-31T08:45,2021-01-31T09:00,36,75.74,75.74,75.74,,1,UP,NO,NO,2026-10-09T00:05:31Z
2021-01-31T08:00:00Z,2021-01-31T09:00,2021-01-31T09:15,37,112.85,112.85,112.85,,1,UP,NO,NO,2026-10-09T00:05:31Z
2021-01-31T08:15:00Z,2021-01-31T09:15,2021-01-31T09:30,38,55.75,55.75,55.75,,1,UP,NO,NO,2026-10-09T00:05:31Z
2021-01-31T08:30:00Z,2021-01-31T09:30,2021-01-31T09:45,39,52.64,52.64,52.64,,1,UP,NO,NO,2026-10-09T00:05:31Z
2021-01-31T08:45:00Z,2021-01-31T09:45,2021-01-31T10:00,40,46.06,46.06,46.06,,1,UP,NO,NO,2026-10-09T00:05:31Z
2021-01-31T09:00:00Z,2021-01-31T10:00,2021-01-31T10:15,41,62.89,62.89,62.89,,1,UP,NO,NO,2026-10-09T00:05:31Z
2021-01-31T09:15:00Z,2021-01-31T10:15,2021-01-31T10:30,42,51.72,51.72,51.72,,1,UP,NO,NO,2026-10-09T00:05:31Z
2021-01-31T09:30:00Z,2021-01-31T10:30,2021-01-31T10:45,43,40.92,40.92,,,0,STABLE,NO,NO,2026-10-09T00:05:31Z
2021-01-31T09:45:00Z,2021-01-31T10:45,2021-01-31T11:00,44,40.92,40.92,,,0,STABLE,NO,NO,2026-10-09T00:05:31Z
2021-01-31T10:00:00Z,2021-01-31T11:00,2021-01-31T11:15,45,41.34,41.34,,,0,STABLE,NO,NO,2026-10-09T00:05:31Z
2021-01-31T10:15:00Z,2021-01-31T11:15,2021-01-31T11:30,46,41.34,41.34,,,0,STABLE,NO,NO,2026-10-09T00:05:31Z
2021-01-31T10:30:00Z,2021-01-31T11:30,2021-01-31T11:45,47,41.86,41.86,,41.86,-1,DOWN,NO,NO,2026-10-09T00:05:31Z
2021-01-31T10:45:00Z,2021-01-31T11:45,2021-01-31T12:00,48,41.85,41.85,,41.85,-1,DOWN,NO,NO,2026-10-09T00:05:31Z
2021-01-31T11:00:00Z,2021-01-31T12:00,2021-01-31T12:15,49,26.66,26.66,,26.66,-1,DOWN,NO,NO,2026-10-09T00:05:31Z
2021-01-31T11:15:00Z,2021-01-31T12:15,2021-01-31T12:30,50,-30,-30,,-30,-1,DOWN,NO,NO,2026-10-09T00:05:31Z
2021-01-31T11:30:00Z,2021-01-31T12:30,2021-01-31T12:45,51,-31.63,-31.63,,-31.63,-1,DOWN,NO,NO,2026-10-09T00:05:31Z
2021-01-31T11:45:00Z,2021-01-31T12:45,2021-01-31T13:00,52,-3.44,-3.44,,-3.44,-1,DOWN,NO,NO,2026-10-09T00:05:31Z
2021-01-31T12:00:00Z,2021-01-31T13:00,2021-01-31T13:15,53,20.36,20.36,,20.36,-1,DOWN,NO,NO,2026-10-09T00:05:31Z
2021-01-31T12:15:00Z,2021-01-31T13:15,2021-01-31T13:30,54,14.31,14.31,,14.31,-1,DOWN,NO,NO,2026-10-09T00:05:31Z
2021-01-31T12:30:00Z,2021-01-31T13:30,2021-01-31T13:45,55,6.23,6.23,,6.23,-1,DOWN,NO,NO,2026-10-09T00:05:31Z
2021-01-31T12:45:00Z,2021-01-31T13:45,2021-01-31T14:00,56,32.29,32.29,,32.29,-1,DOWN,NO,NO,2026-10-09T00:05:31Z
2021-01-31T13:00:00Z,2021-01-31T14:00,2021-01-31T14:15,57,28.77,28.77,,28.77,-1,DOWN,NO,NO,2026-10-09T00:05:31Z
2021-01-31T13:15:00Z,2021-01-31T14:15,2021-01-31T14:30,58,47.09,47.09,,,0,STABLE,NO,NO,2026-10-09T00:05:31Z
2021-01-31T13:30:00Z,2021-01-31T14:30,2021-01-31T14:45,59,44.88,44.88,,,0,STABLE,NO,NO,2026-10-09T00:05:31Z
2021-01-31T13:45:00Z,2021-01-31T14:45,2021-01-31T15:00,60,37.04,37.04,,37.04,-1,DOWN,NO,NO,2026-10-09T00:05:31Z
2021-01-31T14:00:00Z,2021-01-31T15:00,2021-01-31T15:15,61,33.05,33.05,,33.05,-1,DOWN,NO,NO,2026-10-09T00:05:31Z
2021-01-31T14:15:00Z,2021-01-31T15:15,2021-01-31T15:30,62,40.04,40.04,,40.04,-1,DOWN,NO,NO,2026-10-09T00:05:31Z
2021-01-31T14:30:00Z,2021-01-31T15:30,2021-01-31T15:45,63,61.98,61.98,61.98,40.04,1,UP,NO,NO,2026-10-09T00:05:31Z
2021-01-31T14:45:00Z,2021-01-31T15:45,2021-01-31T16:00,64,122.59,122.59,122.59,,1,UP,NO,NO,2026-10-09T00:05:31Z
2021-01-31T15:00:00Z,2021-01-31T16:00,2021-01-31T16:15,65,45.22,-146.44,45.22,-146.44,2,UP_AND_DOWN,NO,NO,2026-10-09T00:05:31Z
2021-01-31T15:15:00Z,2021-01-31T16:15,2021-01-31T16:30,66,57.61,38.87,57.61,38.87,2,UP_AND_DOWN,NO,NO,2026-10-09T00:05:31Z
2021-01-31T15:30:00Z,2021-01-31T16:30,2021-01-31T16:45,67,53.86,53.86,53.86,,1,UP,NO,NO,2026-10-09T00:05:31Z
2021-01-31T15:45:00Z,2021-01-31T16:45,2021-01-31T17:00,68,393.19,393.19,393.19,,1,UP,NO,NO,2026-10-09T00:05:31Z
2021-01-31T16:00:00Z,2021-01-31T17:00,2021-01-31T17:15,69,-135.54,-135.54,393.19,-135.54,-1,DOWN,NO,NO,2026-10-09T00:05:31Z
2021-01-31T16:15:00Z,2021-01-31T17:15,2021-01-31T17:30,70,63.14,-135.54,63.14,-135.54,2,UP_AND_DOWN,NO,NO,2026-10-09T00:05:31Z
2021-01-31T16:30:00Z,2021-01-31T17:30,2021-01-31T17:45,71,400.21,-407.4,400.21,-407.4,2,UP_AND_DOWN,NO,NO,2026-10-09T00:05:31Z
2021-01-31T16:45:00Z,2021-01-31T17:45,2021-01-31T18:00,72,283.93,283.93,283.93,,1,UP,NO,NO,2026-10-09T00:05:31Z
2021-01-31T17:00:00Z,2021-01-31T18:00,2021-01-31T18:15,73,47.33,47.33,47.33,,1,UP,NO,NO,2026-10-09T00:05:31Z
2021-01-31T17:15:00Z,2021-01-31T18:15,2021-01-31T18:30,74,40.43,40.43,,,0,STABLE,NO,NO,2026-10-09T00:05:31Z
2021-01-31T17:30:00Z,2021-01-31T18:30,2021-01-31T18:45,75,37.04,37.04,,37.04,-1,DOWN,NO,NO,2026-10-09T00:05:31Z
2021-01-31T17:45:00Z,2021-01-31T18:45,2021-01-31T19:00,76,40.42,40.42,,,0,STABLE,NO,NO,2026-10-09T00:05:31Z
2021-01-31T18:00:00Z,2021-01-31T19:00,2021-01-31T19:15,77,40.04,40.04,,40.04,-1,DOWN,NO,NO,2026-10-09T00:05:31Z
2021-01-31T18:15:00Z,2021-01-31T19:15,2021-01-31T19:30,78,37.04,37.04,,37.04,-1,DOWN,NO,NO,2026-10-09T00:05:31Z
2021-01-31T18:30:00Z,2021-01-31T19:30,2021-01-31T19:45,79,5,5,,5,-1,DOWN,NO,NO,2026-10-09T00:05:31Z
2021-01-31T18:45:00Z,2021-01-31T19:45,2021-01-31T20:00,80,47.19,-3.44,47.19,-3.44,2,UP_AND_DOWN,NO,NO,2026-10-09T00:05:31Z
2021-01-31T19:00:00Z,2021-01-31T20:00,2021-01-31T20:15,81,47.53,47.53,47.53,-3.44,1,UP,NO,NO,2026-10-09T00:05:31Z
2021-01-31T19:15:00Z,2021-01-31T20:15,2021-01-31T20:30,82,36.73,36.73,,36.73,-1,DOWN,NO,NO,2026-10-09T00:05:31Z
2021-01-31T19:30:00Z,2021-01-31T20:30,2021-01-31T20:45,83,28.19,28.19,,28.19,-1,DOWN,NO,NO,2026-10-09T00:05:31Z
2021-01-31T19:45:00Z,2021-01-31T20:45,2021-01-31T21:00,84,22.04,22.04,,22.04,-1,DOWN,NO,NO,2026-10-09T00:05:31Z
2021-01-31T20:00:00Z,2021-01-31T21:00,2021-01-31T21:15,85,74.41,34.58,74.41,34.58,2,UP_AND_DOWN,NO,NO,2026-10-09T00:05:31Z
2021-01-31T20:15:00Z,2021-01-31T21:15,2021-01-31T21:30,86,60.71,60.71,60.71,,1,UP,NO,NO,2026-10-09T00:05:31Z
2021-01-31T20:30:00Z,2021-01-31T21:30,2021-01-31T21:45,87,47.12,47.12,,,0,STABLE,NO,NO,2026-10-09T00:05:31Z
2021-01-31T20:45:00Z,2021-01-31T21:45,2021-01-31T22:00,88,29.04,29.04,,29.04,-1,DOWN,NO,NO,2026-10-09T00:05:31Z
2021-01-31T21:00:00Z,2021-01-31T22:00,2021-01-31T22:15,89,29.04,29.04,,29.04,-1,DOWN,NO,NO,2026-10-09T00:05:31Z
2021-01-31T21:15:00Z,2021-01-31T22:15,2021-01-31T22:30,90,40.04,40.04,,40.04,-1,DOWN,NO,NO,2026-10-09T00:05:31Z
2021-01-31T21:30:00Z,2021-01-31T22:30,2021-01-31T22:45,91,37.04,37.04,,37.04,-1,DOWN,NO,NO,2026-10-09T00:05:31Z
2021-01-31T21:45:00Z,2021-01-31T22:45,2021-01-31T23:00,92,40.04,40.04,,40.04,-1,DOWN,NO,NO,2026-10-09T00:05:31Z
2021-01-31T22:00:00Z,2021-01-31T23:00,2021-01-31T23:15,93,40.04,40.04,,40.04,-1,DOWN,NO,NO,2026-10-09T00:05:31Z
2021-01-31T22:15:00Z,2021-01-31T23:15,2021-01-31T23:30,94,46.88,46.88,,,0,STABLE,NO,NO,2026-10-09T00:05:31Z
2021-01-31T22:30:00Z,2021-01-31T23:30,2021-01-31T23:45,95,46.87,46.87,,,0,STABLE,NO,NO,2026-10-09T00:05:31Z
2021-01-31T22:45:00Z,2021-01-31T23:45,2021-02-01T00:00,96,30.73,30.73,,30.73,-1,DOWN,NO,NO,2026-10-09T00:05:31Z
2021-01-31T23:00:00Z,2021-02-01T00:00,2021-02-01T00:15,1,46.6,-128.82,46.6,-128.82,2,UP_AND_DOWN,NO,NO,2026-10-09T00:05:31Z
2021-01-31T23:15:00Z,2021-02-01T00:15,2021-02-01T00:30,2,48.1,48.1,48.1,-128.82,1,UP,NO,NO,2026-10-09T00:05:31Z
2021-01-31T23:30:00Z,2021-02-01T00:30,2021-02-01T00:45,3,45.85,45.85,45.85,,1,UP,NO,NO,2026-10-09T00:05:31Z
2021-01-31T23:45:00Z,2021-02-01T00:45,2021-02-01T01:00,4,43.85,43.85,,,0,STABLE,NO,NO,2026-10-09T00:05:31Z
