begin_utc,begin_lokaal,eind_lokaal,isp,prijs_tekort,prijs_overschot,prijs_opregelen,prijs_afregelen,regeltoestand,regelconditie,noodreserve_op,noodreserve_af,opgehaald_op
2024-03-01T00:00:00Z,2024-03-01T01:00,2024-03-01T01:15,5,-13.39,-13.39,,-13.39,-1,DOWN,NO,NO,2026-10-04T00:05:36Z
2024-03-01T00:15:00Z,2024-03-01T01:15,2024-03-01T01:30,6,-13.39,-13.39,,-13.39,-1,DOWN,NO,NO,2026-10-04T00:05:36Z
2024-03-01T00:30:00Z,2024-03-01T01:30,2024-03-01T01:45,7,-13.39,-13.39,,-13.39,-1,DOWN,NO,NO,2026-10-04T00:05:36Z
2024-03-01T00:45:00Z,2024-03-01T01:45,2024-03-01T02:00,8,57.18,57.18,,57.18,-1,DOWN,NO,NO,2026-10-04T00:05:36Z
2024-03-01T01:00:00Z,2024-03-01T02:00,2024-03-01T02:15,9,56.8,56.8,,56.8,-1,DOWN,NO,NO,2026-10-04T00:05:36Z
2024-03-01T01:15:00Z,2024-03-01T02:15,2024-03-01T02:30,10,52.76,52.76,,,0,STABLE,NO,NO,2026-10-04T00:05:36Z
2024-03-01T01:30:00Z,2024-03-01T02:30,2024-03-01T02:45,11,-10,-10,,-10,-1,DOWN,NO,NO,2026-10-04T00:05:36Z
2024-03-01T01:45:00Z,2024-03-01T02:45,2024-03-01T03:00,12,-15.29,-15.29,,-15.29,-1,DOWN,NO,NO,2026-10-04T00:05:36Z
2024-03-01T02:00:00Z,2024-03-01T03:00,2024-03-01T03:15,13,-10,-10,,-10,-1,DOWN,NO,NO,2026-10-04T00:05:36Z
2024-03-01T02:15:00Z,2024-03-01T03:15,2024-03-01T03:30,14,52.76,52.76,,,0,STABLE,NO,NO,2026-10-04T00:05:36Z
2024-03-01T02:30:00Z,2024-03-01T03:30,2024-03-01T03:45,15,41.25,41.25,,41.25,-1,DOWN,NO,NO,2026-10-04T00:05:36Z
2024-03-01T02:45:00Z,2024-03-01T03:45,2024-03-01T04:00,16,-73.47,-73.47,,-73.47,-1,DOWN,NO,NO,2026-10-04T00:05:36Z
2024-03-01T03:00:00Z,2024-03-01T04:00,2024-03-01T04:15,17,59.26,-10,59.26,-10,2,UP_AND_DOWN,NO,NO,2026-10-04T00:05:36Z
2024-03-01T03:15:00Z,2024-03-01T04:15,2024-03-01T04:30,18,43.25,43.25,,43.25,-1,DOWN,NO,NO,2026-10-04T00:05:36Z
2024-03-01T03:30:00Z,2024-03-01T04:30,2024-03-01T04:45,19,46.57,46.57,,46.57,-1,DOWN,NO,NO,2026-10-04T00:05:36Z
2024-03-01T03:45:00Z,2024-03-01T04:45,2024-03-01T05:00,20,10.43,10.43,,10.43,-1,DOWN,NO,NO,2026-10-04T00:05:36Z
2024-03-01T04:00:00Z,2024-03-01T05:00,2024-03-01T05:15,21,41.25,41.25,,41.25,-1,DOWN,NO,NO,2026-10-04T00:05:36Z
2024-03-01T04:15:00Z,2024-03-01T05:15,2024-03-01T05:30,22,74.81,45.25,74.81,45.25,2,UP_AND_DOWN,NO,NO,2026-10-04T00:05:36Z
2024-03-01T04:30:00Z,2024-03-01T05:30,2024-03-01T05:45,23,87.81,87.81,87.81,,1,UP,NO,NO,2026-10-04T00:05:36Z
2024-03-01T04:45:00Z,2024-03-01T05:45,2024-03-01T06:00,24,77.81,77.81,77.81,,1,UP,NO,NO,2026-10-04T00:05:36Z
2024-03-01T05:00:00Z,2024-03-01T06:00,2024-03-01T06:15,25,56.52,56.52,,,0,STABLE,NO,NO,2026-10-04T00:05:36Z
2024-03-01T05:15:00Z,2024-03-01T06:15,2024-03-01T06:30,26,45.6,45.6,,45.6,-1,DOWN,NO,NO,2026-10-04T00:05:36Z
2024-03-01T05:30:00Z,2024-03-01T06:30,2024-03-01T06:45,27,-36,-36,,-36,-1,DOWN,NO,NO,2026-10-04T00:05:36Z
2024-03-01T05:45:00Z,2024-03-01T06:45,2024-03-01T07:00,28,64,-40,64,-40,2,UP_AND_DOWN,NO,NO,2026-10-04T00:05:36Z
2024-03-01T06:00:00Z,2024-03-01T07:00,2024-03-01T07:15,29,43.64,43.64,,43.64,-1,DOWN,NO,NO,2026-10-04T00:05:36Z
2024-03-01T06:15:00Z,2024-03-01T07:15,2024-03-01T07:30,30,41.13,41.13,,41.13,-1,DOWN,NO,NO,2026-10-04T00:05:36Z
2024-03-01T06:30:00Z,2024-03-01T07:30,2024-03-01T07:45,31,161.18,161.18,161.18,,1,UP,NO,NO,2026-10-04T00:05:36Z
2024-03-01T06:45:00Z,2024-03-01T07:45,2024-03-01T08:00,32,600,600,600,,1,UP,NO,NO,2026-10-04T00:05:36Z
2024-03-01T07:00:00Z,2024-03-01T08:00,2024-03-01T08:15,33,86.5,86.5,86.5,,1,UP,NO,NO,2026-10-04T00:05:36Z
2024-03-01T07:15:00Z,2024-03-01T08:15,2024-03-01T08:30,34,82.08,82.08,82.08,,1,UP,NO,NO,2026-10-04T00:05:36Z
2024-03-01T07:30:00Z,2024-03-01T08:30,2024-03-01T08:45,35,60.85,60.85,,,0,STABLE,NO,NO,2026-10-04T00:05:36Z
2024-03-01T07:45:00Z,2024-03-01T08:45,2024-03-01T09:00,36,39.87,39.87,,39.87,-1,DOWN,NO,NO,2026-10-04T00:05:36Z
2024-03-01T08:00:00Z,2024-03-01T09:00,2024-03-01T09:15,37,46.25,46.25,,46.25,-1,DOWN,NO,NO,2026-10-04T00:05:36Z
2024-03-01T08:15:00Z,2024-03-01T09:15,2024-03-01T09:30,38,-92.02,-92.02,,-92.02,-1,DOWN,NO,NO,2026-10-04T00:05:36Z
2024-03-01T08:30:00Z,2024-03-01T09:30,2024-03-01T09:45,39,-49.47,-49.47,,-49.47,-1,DOWN,NO,NO,2026-10-04T00:05:36Z
2024-03-01T08:45:00Z,2024-03-01T09:45,2024-03-01T10:00,40,-40,-40,,-40,-1,DOWN,NO,NO,2026-10-04T00:05:36Z
2024-03-01T09:00:00Z,2024-03-01T10:00,2024-03-01T10:15,41,60.7,60.7,,,0,STABLE,NO,NO,2026-10-04T00:05:36Z
2024-03-01T09:15:00Z,2024-03-01T10:15,2024-03-01T10:30,42,70.25,70.25,70.25,,1,UP,NO,NO,2026-10-04T00:05:36Z
2024-03-01T09:30:00Z,2024-03-01T10:30,2024-03-01T10:45,43,67.37,6.43,67.37,6.43,2,UP_AND_DOWN,NO,NO,2026-10-04T00:05:36Z
2024-03-01T09:45:00Z,2024-03-01T10:45,2024-03-01T11:00,44,86.7,-73.83,86.7,-73.83,2,UP_AND_DOWN,NO,NO,2026-10-04T00:05:36Z
2024-03-01T10:00:00Z,2024-03-01T11:00,2024-03-01T11:15,45,35.13,35.13,,35.13,-1,DOWN,NO,NO,2026-10-04T00:05:36Z
2024-03-01T10:15:00Z,2024-03-01T11:15,2024-03-01T11:30,46,-217.64,-217.64,,-217.64,-1,DOWN,NO,NO,2026-10-04T00:05:36Z
2024-03-01T10:30:00Z,2024-03-01T11:30,2024-03-01T11:45,47,-516.33,-516.33,,-516.33,-1,DOWN,NO,NO,2026-10-04T00:05:36Z
2024-03-01T10:45:00Z,2024-03-01T11:45,2024-03-01T12:00,48,-516.33,-516.33,,-516.33,-1,DOWN,NO,NO,2026-10-04T00:05:36Z
2024-03-01T11:00:00Z,2024-03-01T12:00,2024-03-01T12:15,49,-516.33,-516.33,,-516.33,-1,DOWN,NO,NO,2026-10-04T00:05:36Z
2024-03-01T11:15:00Z,2024-03-01T12:15,2024-03-01T12:30,50,-516.33,-516.33,,-516.33,-1,DOWN,NO,NO,2026-10-04T00:05:36Z
2024-03-01T11:30:00Z,2024-03-01T12:30,2024-03-01T12:45,51,-491.59,-491.59,,-491.59,-1,DOWN,NO,NO,2026-10-04T00:05:36Z
2024-03-01T11:45:00Z,2024-03-01T12:45,2024-03-01T13:00,52,-94.23,-94.23,,-94.23,-1,DOWN,NO,NO,2026-10-04T00:05:36Z
2024-03-01T12:00:00Z,2024-03-01T13:00,2024-03-01T13:15,53,72.59,-40,72.59,-40,2,UP_AND_DOWN,NO,NO,2026-10-04T00:05:36Z
2024-03-01T12:15:00Z,2024-03-01T13:15,2024-03-01T13:30,54,92.5,92.5,92.5,-40,1,UP,NO,NO,2026-10-04T00:05:36Z
2024-03-01T12:30:00Z,2024-03-01T13:30,2024-03-01T13:45,55,115.9,115.9,115.9,,1,UP,NO,NO,2026-10-04T00:05:36Z
2024-03-01T12:45:00Z,2024-03-01T13:45,2024-03-01T14:00,56,115.9,115.9,115.9,,1,UP,NO,NO,2026-10-04T00:05:36Z
2024-03-01T13:00:00Z,2024-03-01T14:00,2024-03-01T14:15,57,86.8,57.62,86.8,57.62,2,UP_AND_DOWN,NO,NO,2026-10-04T00:05:36Z
2024-03-01T13:15:00Z,2024-03-01T14:15,2024-03-01T14:30,58,85.93,85.93,85.93,,1,UP,NO,NO,2026-10-04T00:05:36Z
2024-03-01T13:30:00Z,2024-03-01T14:30,2024-03-01T14:45,59,86.8,86.8,86.8,,1,UP,NO,NO,2026-10-04T00:05:36Z
2024-03-01T13:45:00Z,2024-03-01T14:45,2024-03-01T15:00,60,-16.35,-16.35,,-16.35,-1,DOWN,NO,NO,2026-10-04T00:05:36Z
2024-03-01T14:00:00Z,2024-03-01T15:00,2024-03-01T15:15,61,68.9,35.13,68.9,35.13,2,UP_AND_DOWN,NO,NO,2026-10-04T00:05:36Z
2024-03-01T14:15:00Z,2024-03-01T15:15,2024-03-01T15:30,62,58.38,58.38,,58.38,-1,DOWN,NO,NO,2026-10-04T00:05:36Z
2024-03-01T14:30:00Z,2024-03-01T15:30,2024-03-01T15:45,63,46.42,46.42,,46.42,-1,DOWN,NO,NO,2026-10-04T00:05:36Z
2024-03-01T14:45:00Z,2024-03-01T15:45,2024-03-01T16:00,64,48.13,48.13,,48.13,-1,DOWN,NO,NO,2026-10-04T00:05:36Z
2024-03-01T15:00:00Z,2024-03-01T16:00,2024-03-01T16:15,65,-51.33,-51.33,,-51.33,-1,DOWN,NO,NO,2026-10-04T00:05:36Z
2024-03-01T15:15:00Z,2024-03-01T16:15,2024-03-01T16:30,66,44.83,44.83,,44.83,-1,DOWN,NO,NO,2026-10-04T00:05:36Z
2024-03-01T15:30:00Z,2024-03-01T16:30,2024-03-01T16:45,67,41.13,41.13,,41.13,-1,DOWN,NO,NO,2026-10-04T00:05:36Z
2024-03-01T15:45:00Z,2024-03-01T16:45,2024-03-01T17:00,68,49.38,49.38,,49.38,-1,DOWN,NO,NO,2026-10-04T00:05:36Z
2024-03-01T16:00:00Z,2024-03-01T17:00,2024-03-01T17:15,69,53.88,53.88,,53.88,-1,DOWN,NO,NO,2026-10-04T00:05:36Z
2024-03-01T16:15:00Z,2024-03-01T17:15,2024-03-01T17:30,70,92.7,92.7,92.7,,1,UP,NO,NO,2026-10-04T00:05:36Z
2024-03-01T16:30:00Z,2024-03-01T17:30,2024-03-01T17:45,71,1887.1,1887.1,1887.1,,1,UP,NO,NO,2026-10-04T00:05:36Z
2024-03-01T16:45:00Z,2024-03-01T17:45,2024-03-01T18:00,72,1887.1,1887.1,1887.1,,1,UP,NO,NO,2026-10-04T00:05:36Z
2024-03-01T17:00:00Z,2024-03-01T18:00,2024-03-01T18:15,73,1887.1,1887.1,1887.1,,1,UP,NO,NO,2026-10-04T00:05:36Z
2024-03-01T17:15:00Z,2024-03-01T18:15,2024-03-01T18:30,74,115.7,115.7,115.7,,1,UP,NO,NO,2026-10-04T00:05:36Z
2024-03-01T17:30:00Z,2024-03-01T18:30,2024-03-01T18:45,75,109.05,109.05,109.05,,1,UP,NO,NO,2026-10-04T00:05:36Z
2024-03-01T17:45:00Z,2024-03-01T18:45,2024-03-01T19:00,76,90.92,90.92,90.92,,1,UP,NO,NO,2026-10-04T00:05:36Z
2024-03-01T18:00:00Z,2024-03-01T19:00,2024-03-01T19:15,77,74.18,74.18,74.18,,1,UP,NO,NO,2026-10-04T00:05:36Z
2024-03-01T18:15:00Z,2024-03-01T19:15,2024-03-01T19:30,78,48.98,48.98,,,0,STABLE,NO,NO,2026-10-04T00:05:36Z
2024-03-01T18:30:00Z,2024-03-01T19:30,2024-03-01T19:45,79,46.19,46.19,,,0,STABLE,NO,NO,2026-10-04T00:05:36Z
2024-03-01T18:45:00Z,2024-03-01T19:45,2024-03-01T20:00,80,46.19,46.19,,58.38,0,STABLE,NO,NO,2026-10-04T00:05:36Z
2024-03-01T19:00:00Z,2024-03-01T20:00,2024-03-01T20:15,81,58.38,58.38,,58.38,-1,DOWN,NO,NO,2026-10-04T00:05:36Z
2024-03-01T19:15:00Z,2024-03-01T20:15,2024-03-01T20:30,82,46.19,46.19,,58.38,0,STABLE,NO,NO,2026-10-04T00:05:36Z
2024-03-01T19:30:00Z,2024-03-01T20:30,2024-03-01T20:45,83,73.93,73.93,73.93,,1,UP,NO,NO,2026-10-04T00:05:36Z
2024-03-01T19:45:00Z,2024-03-01T20:45,2024-03-01T21:00,84,48.13,48.13,,48.13,-1,DOWN,NO,NO,2026-10-04T00:05:36Z
2024-03-01T20:00:00Z,2024-03-01T21:00,2024-03-01T21:15,85,77.13,46.19,77.13,56.88,2,UP_AND_DOWN,NO,NO,2026-10-04T00:05:36Z
2024-03-01T20:15:00Z,2024-03-01T21:15,2024-03-01T21:30,86,92.9,46.19,92.9,56.88,2,UP_AND_DOWN,NO,NO,2026-10-04T00:05:36Z
2024-03-01T20:30:00Z,2024-03-01T21:30,2024-03-01T21:45,87,41.13,41.13,,41.13,-1,DOWN,NO,NO,2026-10-04T00:05:36Z
2024-03-01T20:45:00Z,2024-03-01T21:45,2024-03-01T22:00,88,25.78,25.78,,25.78,-1,DOWN,NO,NO,2026-10-04T00:05:36Z
2024-03-01T21:00:00Z,2024-03-01T22:00,2024-03-01T22:15,89,20.29,20.29,,20.29,-1,DOWN,NO,NO,2026-10-04T00:05:36Z
2024-03-01T21:15:00Z,2024-03-01T22:15,2024-03-01T22:30,90,37.19,37.19,,37.19,-1,DOWN,NO,NO,2026-10-04T00:05:36Z
2024-03-01T21:30:00Z,2024-03-01T22:30,2024-03-01T22:45,91,-40,-40,,-40,-1,DOWN,NO,NO,2026-10-04T00:05:36Z
2024-03-01T21:45:00Z,2024-03-01T22:45,2024-03-01T23:00,92,-10,-10,,-10,-1,DOWN,NO,NO,2026-10-04T00:05:36Z
2024-03-01T22:00:00Z,2024-03-01T23:00,2024-03-01T23:15,93,71.13,-82.97,71.13,-82.97,2,UP_AND_DOWN,NO,NO,2026-10-04T00:05:36Z
2024-03-01T22:15:00Z,2024-03-01T23:15,2024-03-01T23:30,94,41.13,41.13,,41.13,-1,DOWN,NO,NO,2026-10-04T00:05:36Z
2024-03-01T22:30:00Z,2024-03-01T23:30,2024-03-01T23:45,95,64.13,46,64.13,58,2,UP_AND_DOWN,NO,NO,2026-10-04T00:05:36Z
2024-03-01T22:45:00Z,2024-03-01T23:45,2024-03-02T00:00,96,35.13,35.13,,35.13,-1,DOWN,NO,NO,2026-10-04T00:05:36Z
2024-03-01T23:00:00Z,2024-03-02T00:00,2024-03-02T00:15,1,63.94,6.69,63.94,6.69,2,UP_AND_DOWN,NO,NO,2026-10-04T00:05:36Z
2024-03-01T23:15:00Z,2024-03-02T00:15,2024-03-02T00:30,2,60.89,60.89,,,0,STABLE,NO,NO,2026-10-04T00:05:36Z
2024-03-01T23:30:00Z,2024-03-02T00:30,2024-03-02T00:45,3,46.57,46.57,,46.57,-1,DOWN,NO,NO,2026-10-04T00:05:36Z
2024-03-01T23:45:00Z,2024-03-02T00:45,2024-03-02T01:00,4,41.13,41.13,,41.13,-1,DOWN,NO,NO,2026-10-04T00:05:36Z
2024-03-02T00:00:00Z,2024-03-02T01:00,2024-03-02T01:15,5,67.2,67.2,67.2,45.5,1,UP,NO,NO,2026-10-04T00:05:36Z
2024-03-02T00:15:00Z,2024-03-02T01:15,2024-03-02T01:30,6,71.13,71.13,71.13,,1,UP,NO,NO,2026-10-04T00:05:36Z
2024-03-02T00:30:00Z,2024-03-02T01:30,2024-03-02T01:45,7,73.37,73.37,73.37,,1,UP,NO,NO,2026-10-04T00:05:36Z
2024-03-02T00:45:00Z,2024-03-02T01:45,2024-03-02T02:00,8,75.02,75.02,75.02,,1,UP,NO,NO,2026-10-04T00:05:36Z
2024-03-02T01:00:00Z,2024-03-02T02:00,2024-03-02T02:15,9,88,88,88,,1,UP,NO,NO,2026-10-04T00:05:36Z
2024-03-02T01:15:00Z,2024-03-02T02:15,2024-03-02T02:30,10,78.57,78.57,78.57,,1,UP,NO,NO,2026-10-04T00:05:36Z
2024-03-02T01:30:00Z,2024-03-02T02:30,2024-03-02T02:45,11,83.1,83.1,83.1,,1,UP,NO,NO,2026-10-04T00:05:36Z
2024-03-02T01:45:00Z,2024-03-02T02:45,2024-03-02T03:00,12,111.55,111.55,111.55,,1,UP,NO,NO,2026-10-04T00:05:36Z
2024-03-02T02:00:00Z,2024-03-02T03:00,2024-03-02T03:15,13,70.13,46.57,70.13,46.57,2,UP_AND_DOWN,NO,NO,2026-10-04T00:05:36Z
2024-03-02T02:15:00Z,2024-03-02T03:15,2024-03-02T03:30,14,41.13,41.13,,41.13,-1,DOWN,NO,NO,2026-10-04T00:05:36Z
2024-03-02T02:30:00Z,2024-03-02T03:30,2024-03-02T03:45,15,41.3,41.3,,41.3,-1,DOWN,NO,NO,2026-10-04T00:05:36Z
2024-03-02T02:45:00Z,2024-03-02T03:45,2024-03-02T04:00,16,41.3,41.3,,41.3,-1,DOWN,NO,NO,2026-10-04T00:05:36Z
2024-03-02T03:00:00Z,2024-03-02T04:00,2024-03-02T04:15,17,20.1,20.1,,20.1,-1,DOWN,NO,NO,2026-10-04T00:05:36Z
2024-03-02T03:15:00Z,2024-03-02T04:15,2024-03-02T04:30,18,15.62,15.62,,15.62,-1,DOWN,NO,NO,2026-10-04T00:05:36Z
2024-03-02T03:30:00Z,2024-03-02T04:30,2024-03-02T04:45,19,15.63,15.63,,15.63,-1,DOWN,NO,NO,2026-10-04T00:05:36Z
2024-03-02T03:45:00Z,2024-03-02T04:45,2024-03-02T05:00,20,39.3,39.3,,39.3,-1,DOWN,NO,NO,2026-10-04T00:05:36Z
2024-03-02T04:00:00Z,2024-03-02T05:00,2024-03-02T05:15,21,38.7,38.7,,38.7,-1,DOWN,NO,NO,2026-10-04T00:05:36Z
2024-03-02T04:15:00Z,2024-03-02T05:15,2024-03-02T05:30,22,46.57,46.57,,46.57,-1,DOWN,NO,NO,2026-10-04T00:05:36Z
2024-03-02T04:30:00Z,2024-03-02T05:30,2024-03-02T05:45,23,41.13,41.13,,41.13,-1,DOWN,NO,NO,2026-10-04T00:05:36Z
2024-03-02T04:45:00Z,2024-03-02T05:45,2024-03-02T06:00,24,38.71,38.71,,38.71,-1,DOWN,NO,NO,2026-10-04T00:05:36Z
2024-03-02T05:00:00Z,2024-03-02T06:00,2024-03-02T06:15,25,35.25,35.25,,35.25,-1,DOWN,NO,NO,2026-10-04T00:05:36Z
2024-03-02T05:15:00Z,2024-03-02T06:15,2024-03-02T06:30,26,40.74,40.74,,40.74,-1,DOWN,NO,NO,2026-10-04T00:05:36Z
2024-03-02T05:30:00Z,2024-03-02T06:30,2024-03-02T06:45,27,41.25,41.25,,41.25,-1,DOWN,NO,NO,2026-10-04T00:05:36Z
2024-03-02T05:45:00Z,2024-03-02T06:45,2024-03-02T07:00,28,38.71,38.71,,38.71,-1,DOWN,NO,NO,2026-10-04T00:05:36Z
2024-03-02T06:00:00Z,2024-03-02T07:00,2024-03-02T07:15,29,71.25,71.25,71.25,48.9,1,UP,NO,NO,2026-10-04T00:05:36Z
2024-03-02T06:15:00Z,2024-03-02T07:15,2024-03-02T07:30,30,71.25,71.25,71.25,,1,UP,NO,NO,2026-10-04T00:05:36Z
2024-03-02T06:30:00Z,2024-03-02T07:30,2024-03-02T07:45,31,75.02,75.02,75.02,,1,UP,NO,NO,2026-10-04T00:05:36Z
2024-03-02T06:45:00Z,2024-03-02T07:45,2024-03-02T08:00,32,85.1,85.1,85.1,,1,UP,NO,NO,2026-10-04T00:05:36Z
2024-03-02T07:00:00Z,2024-03-02T08:00,2024-03-02T08:15,33,61.2,61.2,61.2,,1,UP,NO,NO,2026-10-04T00:05:36Z
2024-03-02T07:15:00Z,2024-03-02T08:15,2024-03-02T08:30,34,41.25,41.25,61.2,41.25,-1,DOWN,NO,NO,2026-10-04T00:05:36Z
2024-03-02T07:30:00Z,2024-03-02T08:30,2024-03-02T08:45,35,33.14,33.14,,33.14,-1,DOWN,NO,NO,2026-10-04T00:05:36Z
2024-03-02T07:45:00Z,2024-03-02T08:45,2024-03-02T09:00,36,3.25,3.25,,3.25,-1,DOWN,NO,NO,2026-10-04T00:05:36Z
2024-03-02T08:00:00Z,2024-03-02T09:00,2024-03-02T09:15,37,-515.5,-515.5,,-515.5,-1,DOWN,NO,NO,2026-10-04T00:05:36Z
2024-03-02T08:15:00Z,2024-03-02T09:15,2024-03-02T09:30,38,-246.57,-246.57,,-246.57,-1,DOWN,NO,NO,2026-10-04T00:05:36Z
2024-03-02T08:30:00Z,2024-03-02T09:30,2024-03-02T09:45,39,59.06,-515.5,59.06,-515.5,2,UP_AND_DOWN,NO,NO,2026-10-04T00:05:36Z
2024-03-02T08:45:00Z,2024-03-02T09:45,2024-03-02T10:00,40,-515.5,-515.5,,-515.5,-1,DOWN,NO,NO,2026-10-04T00:05:36Z
2024-03-02T09:00:00Z,2024-03-02T10:00,2024-03-02T10:15,41,-406.7,-406.7,,-406.7,-1,DOWN,NO,NO,2026-10-04T00:05:36Z
2024-03-02T09:15:00Z,2024-03-02T10:15,2024-03-02T10:30,42,-241.78,-241.78,,-241.78,-1,DOWN,NO,NO,2026-10-04T00:05:36Z
2024-03-02T09:30:00Z,2024-03-02T10:30,2024-03-02T10:45,43,-387.86,-387.86,,-387.86,-1,DOWN,NO,NO,2026-10-04T00:05:36Z
2024-03-02T09:45:00Z,2024-03-02T10:45,2024-03-02T11:00,44,-445.83,-445.83,,-445.83,-1,DOWN,NO,NO,2026-10-04T00:05:36Z
2024-03-02T10:00:00Z,2024-03-02T11:00,2024-03-02T11:15,45,-406.7,-406.7,,-406.7,-1,DOWN,NO,NO,2026-10-04T00:05:36Z
2024-03-02T10:15:00Z,2024-03-02T11:15,2024-03-02T11:30,46,-387.86,-387.86,,-387.86,-1,DOWN,NO,NO,2026-10-04T00:05:36Z
2024-03-02T10:30:00Z,2024-03-02T11:30,2024-03-02T11:45,47,-515.5,-515.5,,-515.5,-1,DOWN,NO,NO,2026-10-04T00:05:36Z
2024-03-02T10:45:00Z,2024-03-02T11:45,2024-03-02T12:00,48,-281.58,-281.58,,-281.58,-1,DOWN,NO,NO,2026-10-04T00:05:36Z
2024-03-02T11:00:00Z,2024-03-02T12:00,2024-03-02T12:15,49,-443.61,-443.61,,-443.61,-1,DOWN,NO,NO,2026-10-04T00:05:36Z
2024-03-02T11:15:00Z,2024-03-02T12:15,2024-03-02T12:30,50,-452.54,-452.54,,-452.54,-1,DOWN,NO,NO,2026-10-04T00:05:36Z
2024-03-02T11:30:00Z,2024-03-02T12:30,2024-03-02T12:45,51,-443.61,-443.61,,-443.61,-1,DOWN,NO,NO,2026-10-04T00:05:36Z
2024-03-02T11:45:00Z,2024-03-02T12:45,2024-03-02T13:00,52,-515.5,-515.5,,-515.5,-1,DOWN,NO,NO,2026-10-04T00:05:36Z
2024-03-02T12:00:00Z,2024-03-02T13:00,2024-03-02T13:15,53,-515.5,-515.5,42.03,-515.5,-1,DOWN,NO,NO,2026-10-04T00:05:36Z
2024-03-02T12:15:00Z,2024-03-02T13:15,2024-03-02T13:30,54,66.12,-417.38,66.12,-417.38,2,UP_AND_DOWN,NO,NO,2026-10-04T00:05:36Z
2024-03-02T12:30:00Z,2024-03-02T13:30,2024-03-02T13:45,55,58.75,-359.51,58.75,-359.51,2,UP_AND_DOWN,NO,NO,2026-10-04T00:05:36Z
2024-03-02T12:45:00Z,2024-03-02T13:45,2024-03-02T14:00,56,66.12,-230.83,66.12,-230.83,2,UP_AND_DOWN,NO,NO,2026-10-04T00:05:36Z
2024-03-02T13:00:00Z,2024-03-02T14:00,2024-03-02T14:15,57,69.13,-278.54,69.13,-278.54,2,UP_AND_DOWN,NO,NO,2026-10-04T00:05:36Z
2024-03-02T13:15:00Z,2024-03-02T14:15,2024-03-02T14:30,58,66.12,-517.5,66.12,-517.5,2,UP_AND_DOWN,NO,NO,2026-10-04T00:05:36Z
2024-03-02T13:30:00Z,2024-03-02T14:30,2024-03-02T14:45,59,84.9,-347.55,84.9,-347.55,2,UP_AND_DOWN,NO,NO,2026-10-04T00:05:36Z
2024-03-02T13:45:00Z,2024-03-02T14:45,2024-03-02T15:00,60,-41.75,-41.75,,-41.75,-1,DOWN,NO,NO,2026-10-04T00:05:36Z
2024-03-02T14:00:00Z,2024-03-02T15:00,2024-03-02T15:15,61,66.12,31.15,66.12,31.15,2,UP_AND_DOWN,NO,NO,2026-10-04T00:05:36Z
2024-03-02T14:15:00Z,2024-03-02T15:15,2024-03-02T15:30,62,-10,-10,64.31,-10,-1,DOWN,NO,NO,2026-10-04T00:05:36Z
2024-03-02T14:30:00Z,2024-03-02T15:30,2024-03-02T15:45,63,64.31,58.16,64.31,58.16,2,UP_AND_DOWN,NO,NO,2026-10-04T00:05:36Z
2024-03-02T14:45:00Z,2024-03-02T15:45,2024-03-02T16:00,64,85,85,85,,1,UP,NO,NO,2026-10-04T00:05:36Z
2024-03-02T15:00:00Z,2024-03-02T16:00,2024-03-02T16:15,65,59.68,6.69,59.68,6.69,2,UP_AND_DOWN,NO,NO,2026-10-04T00:05:36Z
2024-03-02T15:15:00Z,2024-03-02T16:15,2024-03-02T16:30,66,17.62,17.62,,17.62,-1,DOWN,NO,NO,2026-10-04T00:05:36Z
2024-03-02T15:30:00Z,2024-03-02T16:30,2024-03-02T16:45,67,45,45,,45,-1,DOWN,NO,NO,2026-10-04T00:05:36Z
2024-03-02T15:45:00Z,2024-03-02T16:45,2024-03-02T17:00,68,37.95,37.95,,37.95,-1,DOWN,NO,NO,2026-10-04T00:05:36Z
2024-03-02T16:00:00Z,2024-03-02T17:00,2024-03-02T17:15,69,-334.11,-334.11,,-334.11,-1,DOWN,NO,NO,2026-10-04T00:05:36Z
2024-03-02T16:15:00Z,2024-03-02T17:15,2024-03-02T17:30,70,-50.17,-50.17,,-50.17,-1,DOWN,NO,NO,2026-10-04T00:05:36Z
2024-03-02T16:30:00Z,2024-03-02T17:30,2024-03-02T17:45,71,89.2,-27.69,89.2,-27.69,2,UP_AND_DOWN,NO,NO,2026-10-04T00:05:36Z
2024-03-02T16:45:00Z,2024-03-02T17:45,2024-03-02T18:00,72,95.1,95.1,95.1,-27.69,1,UP,NO,NO,2026-10-04T00:05:36Z
2024-03-02T17:00:00Z,2024-03-02T18:00,2024-03-02T18:15,73,-10,-10,,-10,-1,DOWN,NO,NO,2026-10-04T00:05:36Z
2024-03-02T17:15:00Z,2024-03-02T18:15,2024-03-02T18:30,74,83.5,83.5,83.5,-10,1,UP,NO,NO,2026-10-04T00:05:36Z
2024-03-02T17:30:00Z,2024-03-02T18:30,2024-03-02T18:45,75,48.31,48.31,,48.31,-1,DOWN,NO,NO,2026-10-04T00:05:36Z
2024-03-02T17:45:00Z,2024-03-02T18:45,2024-03-02T19:00,76,24.29,24.29,,24.29,-1,DOWN,NO,NO,2026-10-04T00:05:36Z
2024-03-02T18:00:00Z,2024-03-02T19:00,2024-03-02T19:15,77,28.19,28.19,,28.19,-1,DOWN,NO,NO,2026-10-04T00:05:36Z
2024-03-02T18:15:00Z,2024-03-02T19:15,2024-03-02T19:30,78,35.18,35.18,,35.18,-1,DOWN,NO,NO,2026-10-04T00:05:36Z
2024-03-02T18:30:00Z,2024-03-02T19:30,2024-03-02T19:45,79,37.95,37.95,,37.95,-1,DOWN,NO,NO,2026-10-04T00:05:36Z
2024-03-02T18:45:00Z,2024-03-02T19:45,2024-03-02T20:00,80,29.78,29.78,,29.78,-1,DOWN,NO,NO,2026-10-04T00:05:36Z
2024-03-02T19:00:00Z,2024-03-02T20:00,2024-03-02T20:15,81,-12.29,-12.29,,-12.29,-1,DOWN,NO,NO,2026-10-04T00:05:36Z
2024-03-02T19:15:00Z,2024-03-02T20:15,2024-03-02T20:30,82,-10,-10,,-10,-1,DOWN,NO,NO,2026-10-04T00:05:36Z
2024-03-02T19:30:00Z,2024-03-02T20:30,2024-03-02T20:45,83,-69.75,-69.75,,-69.75,-1,DOWN,NO,NO,2026-10-04T00:05:36Z
2024-03-02T19:45:00Z,2024-03-02T20:45,2024-03-02T21:00,84,3.95,3.95,,3.95,-1,DOWN,NO,NO,2026-10-04T00:05:36Z
2024-03-02T20:00:00Z,2024-03-02T21:00,2024-03-02T21:15,85,60.31,28.95,60.31,28.95,2,UP_AND_DOWN,NO,NO,2026-10-04T00:05:36Z
2024-03-02T20:15:00Z,2024-03-02T21:15,2024-03-02T21:30,86,47.8,47.8,,47.8,-1,DOWN,NO,NO,2026-10-04T00:05:36Z
2024-03-02T20:30:00Z,2024-03-02T21:30,2024-03-02T21:45,87,47.89,47.89,,47.89,-1,DOWN,NO,NO,2026-10-04T00:05:36Z
2024-03-02T20:45:00Z,2024-03-02T21:45,2024-03-02T22:00,88,52.69,52.69,,,0,STABLE,NO,NO,2026-10-04T00:05:36Z
2024-03-02T21:00:00Z,2024-03-02T22:00,2024-03-02T22:15,89,100.24,46.21,100.24,46.57,2,UP_AND_DOWN,NO,NO,2026-10-04T00:05:36Z
2024-03-02T21:15:00Z,2024-03-02T22:15,2024-03-02T22:30,90,28.95,28.95,100.24,28.95,-1,DOWN,NO,NO,2026-10-04T00:05:36Z
2024-03-02T21:30:00Z,2024-03-02T22:30,2024-03-02T22:45,91,39.3,39.3,,39.3,-1,DOWN,NO,NO,2026-10-04T00:05:36Z
2024-03-02T21:45:00Z,2024-03-02T22:45,2024-03-02T23:00,92,28.95,28.95,,28.95,-1,DOWN,NO,NO,2026-10-04T00:05:36Z
2024-03-02T22:00:00Z,2024-03-02T23:00,2024-03-02T23:15,93,89.3,-9.69,89.3,-9.69,2,UP_AND_DOWN,NO,NO,2026-10-04T00:05:36Z
2024-03-02T22:15:00Z,2024-03-02T23:15,2024-03-02T23:30,94,28.95,28.95,,28.95,-1,DOWN,NO,NO,2026-10-04T00:05:36Z
2024-03-02T22:30:00Z,2024-03-02T23:30,2024-03-02T23:45,95,71.31,71.31,71.31,,1,UP,NO,NO,2026-10-04T00:05:36Z
2024-03-02T22:45:00Z,2024-03-02T23:45,2024-03-03T00:00,96,48.31,48.31,,48.31,-1,DOWN,NO,NO,2026-10-04T00:05:36Z
2024-03-02T23:00:00Z,2024-03-03T00:00,2024-03-03T00:15,1,31.14,31.14,,31.14,-1,DOWN,NO,NO,2026-10-04T00:05:36Z
2024-03-02T23:15:00Z,2024-03-03T00:15,2024-03-03T00:30,2,66.64,66.64,66.64,,1,UP,NO,NO,2026-10-04T00:05:36Z
2024-03-02T23:30:00Z,2024-03-03T00:30,2024-03-03T00:45,3,75.99,75.99,75.99,,1,UP,NO,NO,2026-10-04T00:05:36Z
2024-03-02T23:45:00Z,2024-03-03T00:45,2024-03-03T01:00,4,66.63,66.63,66.63,,1,UP,NO,NO,2026-10-04T00:05:36Z
2024-03-03T00:00:00Z,2024-03-03T01:00,2024-03-03T01:15,5,77.02,-14.19,77.02,-14.19,2,UP_AND_DOWN,NO,NO,2026-10-04T00:05:36Z
2024-03-03T00:15:00Z,2024-03-03T01:15,2024-03-03T01:30,6,11.16,11.16,77.02,11.16,-1,DOWN,NO,NO,2026-10-04T00:05:36Z
2024-03-03T00:30:00Z,2024-03-03T01:30,2024-03-03T01:45,7,-6.43,-6.43,,-6.43,-1,DOWN,NO,NO,2026-10-04T00:05:36Z
2024-03-03T00:45:00Z,2024-03-03T01:45,2024-03-03T02:00,8,-33.8,-33.8,,-33.8,-1,DOWN,NO,NO,2026-10-04T00:05:36Z
2024-03-03T01:00:00Z,2024-03-03T02:00,2024-03-03T02:15,9,-59.02,-59.02,65.98,-59.02,-1,DOWN,NO,NO,2026-10-04T00:05:36Z
2024-03-03T01:15:00Z,2024-03-03T02:15,2024-03-03T02:30,10,74.94,-20.16,74.94,-20.16,2,UP_AND_DOWN,NO,NO,2026-10-04T00:05:36Z
2024-03-03T01:30:00Z,2024-03-03T02:30,2024-03-03T02:45,11,76.8,76.8,76.8,50.31,1,UP,NO,NO,2026-10-04T00:05:36Z
2024-03-03T01:45:00Z,2024-03-03T02:45,2024-03-03T03:00,12,84.72,84.72,84.72,,1,UP,NO,NO,2026-10-04T00:05:36Z
2024-03-03T02:00:00Z,2024-03-03T03:00,2024-03-03T03:15,13,62.08,46.57,62.08,46.57,2,UP_AND_DOWN,NO,NO,2026-10-04T00:05:36Z
2024-03-03T02:15:00Z,2024-03-03T03:15,2024-03-03T03:30,14,76.76,76.76,76.76,,1,UP,NO,NO,2026-10-04T00:05:36Z
2024-03-03T02:30:00Z,2024-03-03T03:30,2024-03-03T03:45,15,86.4,86.4,86.4,,1,UP,NO,NO,2026-10-04T00:05:36Z
2024-03-03T02:45:00Z,2024-03-03T03:45,2024-03-03T04:00,16,75.8,75.8,75.8,,1,UP,NO,NO,2026-10-04T00:05:36Z
2024-03-03T03:00:00Z,2024-03-03T04:00,2024-03-03T04:15,17,41.31,41.31,75.8,41.31,-1,DOWN,NO,NO,2026-10-04T00:05:36Z
2024-03-03T03:15:00Z,2024-03-03T04:15,2024-03-03T04:30,18,35.31,35.31,,35.31,-1,DOWN,NO,NO,2026-10-04T00:05:36Z
2024-03-03T03:30:00Z,2024-03-03T04:30,2024-03-03T04:45,19,40.01,40.01,,40.01,-1,DOWN,NO,NO,2026-10-04T00:05:36Z
2024-03-03T03:45:00Z,2024-03-03T04:45,2024-03-03T05:00,20,45.34,45.34,,45.34,-1,DOWN,NO,NO,2026-10-04T00:05:36Z
2024-03-03T04:00:00Z,2024-03-03T05:00,2024-03-03T05:15,21,41.31,41.31,,41.31,-1,DOWN,NO,NO,2026-10-04T00:05:36Z
2024-03-03T04:15:00Z,2024-03-03T05:15,2024-03-03T05:30,22,10.69,10.69,,10.69,-1,DOWN,NO,NO,2026-10-04T00:05:36Z
2024-03-03T04:30:00Z,2024-03-03T05:30,2024-03-03T05:45,23,10.69,10.69,,10.69,-1,DOWN,NO,NO,2026-10-04T00:05:36Z
2024-03-03T04:45:00Z,2024-03-03T05:45,2024-03-03T06:00,24,40.74,40.74,,40.74,-1,DOWN,NO,NO,2026-10-04T00:05:36Z
2024-03-03T05:00:00Z,2024-03-03T06:00,2024-03-03T06:15,25,60.1,46.57,60.1,46.57,2,UP_AND_DOWN,NO,NO,2026-10-04T00:05:36Z
2024-03-03T05:15:00Z,2024-03-03T06:15,2024-03-03T06:30,26,70.12,70.12,70.12,,1,UP,NO,NO,2026-10-04T00:05:36Z
2024-03-03T05:30:00Z,2024-03-03T06:30,2024-03-03T06:45,27,56.98,56.98,56.98,,1,UP,NO,NO,2026-10-04T00:05:36Z
2024-03-03T05:45:00Z,2024-03-03T06:45,2024-03-03T07:00,28,68.38,68.38,68.38,,1,UP,NO,NO,2026-10-04T00:05:36Z
2024-03-03T06:00:00Z,2024-03-03T07:00,2024-03-03T07:15,29,51.35,51.35,68.38,51.35,-1,DOWN,NO,NO,2026-10-04T00:05:36Z
2024-03-03T06:15:00Z,2024-03-03T07:15,2024-03-03T07:30,30,13.17,13.17,,13.17,-1,DOWN,NO,NO,2026-10-04T00:05:36Z
2024-03-03T06:30:00Z,2024-03-03T07:30,2024-03-03T07:45,31,26.57,26.57,,26.57,-1,DOWN,NO,NO,2026-10-04T00:05:36Z
2024-03-03T06:45:00Z,2024-03-03T07:45,2024-03-03T08:00,32,41.13,41.13,,41.13,-1,DOWN,NO,NO,2026-10-04T00:05:36Z
2024-03-03T07:00:00Z,2024-03-03T08:00,2024-03-03T08:15,33,40.01,40.01,,40.01,-1,DOWN,NO,NO,2026-10-04T00:05:36Z
2024-03-03T07:15:00Z,2024-03-03T08:15,2024-03-03T08:30,34,64.58,64.58,64.58,40.01,1,UP,NO,NO,2026-10-04T00:05:36Z
2024-03-03T07:30:00Z,2024-03-03T08:30,2024-03-03T08:45,35,64.58,64.58,64.58,,1,UP,NO,NO,2026-10-04T00:05:36Z
2024-03-03T07:45:00Z,2024-03-03T08:45,2024-03-03T09:00,36,71.57,71.57,71.57,,1,UP,NO,NO,2026-10-04T00:05:36Z
2024-03-03T08:00:00Z,2024-03-03T09:00,2024-03-03T09:15,37,118.01,118.01,118.01,,1,UP,NO,NO,2026-10-04T00:05:36Z
2024-03-03T08:15:00Z,2024-03-03T09:15,2024-03-03T09:30,38,89,89,89,,1,UP,NO,NO,2026-10-04T00:05:36Z
2024-03-03T08:30:00Z,2024-03-03T09:30,2024-03-03T09:45,39,73.99,73.99,73.99,,1,UP,NO,NO,2026-10-04T00:05:36Z
2024-03-03T08:45:00Z,2024-03-03T09:45,2024-03-03T10:00,40,41.42,41.42,73.99,41.42,-1,DOWN,NO,NO,2026-10-04T00:05:36Z
2024-03-03T09:00:00Z,2024-03-03T10:00,2024-03-03T10:15,41,-42.27,-42.27,,-42.27,-1,DOWN,NO,NO,2026-10-04T00:05:36Z
2024-03-03T09:15:00Z,2024-03-03T10:15,2024-03-03T10:30,42,-40,-40,,-40,-1,DOWN,NO,NO,2026-10-04T00:05:36Z
2024-03-03T09:30:00Z,2024-03-03T10:30,2024-03-03T10:45,43,-48.78,-48.78,,-48.78,-1,DOWN,NO,NO,2026-10-04T00:05:36Z
2024-03-03T09:45:00Z,2024-03-03T10:45,2024-03-03T11:00,44,47.04,47.04,,47.04,-1,DOWN,NO,NO,2026-10-04T00:05:36Z
2024-03-03T10:00:00Z,2024-03-03T11:00,2024-03-03T11:15,45,89.2,89.2,89.2,47.04,1,UP,NO,NO,2026-10-04T00:05:36Z
2024-03-03T10:15:00Z,2024-03-03T11:15,2024-03-03T11:30,46,140.64,140.64,140.64,,1,UP,NO,NO,2026-10-04T00:05:36Z
2024-03-03T10:30:00Z,2024-03-03T11:30,2024-03-03T11:45,47,600,50.26,600,50.26,2,UP_AND_DOWN,NO,NO,2026-10-04T00:05:36Z
2024-03-03T10:45:00Z,2024-03-03T11:45,2024-03-03T12:00,48,50.28,50.28,,50.28,-1,DOWN,NO,NO,2026-10-04T00:05:36Z
2024-03-03T11:00:00Z,2024-03-03T12:00,2024-03-03T12:15,49,-10,-10,,-10,-1,DOWN,NO,NO,2026-10-04T00:05:36Z
2024-03-03T11:15:00Z,2024-03-03T12:15,2024-03-03T12:30,50,-55.73,-55.73,,-55.73,-1,DOWN,NO,NO,2026-10-04T00:05:36Z
2024-03-03T11:30:00Z,2024-03-03T12:30,2024-03-03T12:45,51,-1000,-1000,,-1000,-1,DOWN,NO,NO,2026-10-04T00:05:36Z
2024-03-03T11:45:00Z,2024-03-03T12:45,2024-03-03T13:00,52,-1000,-1000,,-1000,-1,DOWN,NO,NO,2026-10-04T00:05:36Z
2024-03-03T12:00:00Z,2024-03-03T13:00,2024-03-03T13:15,53,-148.86,-148.86,58.53,-148.86,-1,DOWN,NO,NO,2026-10-04T00:05:36Z
2024-03-03T12:15:00Z,2024-03-03T13:15,2024-03-03T13:30,54,58.37,-1456.43,58.37,-1456.43,2,UP_AND_DOWN,NO,NO,2026-10-04T00:05:36Z
2024-03-03T12:30:00Z,2024-03-03T13:30,2024-03-03T13:45,55,-1456.43,-1456.43,,-1456.43,-1,DOWN,NO,NO,2026-10-04T00:05:36Z
2024-03-03T12:45:00Z,2024-03-03T13:45,2024-03-03T14:00,56,-223.64,-223.64,,-223.64,-1,DOWN,NO,NO,2026-10-04T00:05:36Z
2024-03-03T13:00:00Z,2024-03-03T14:00,2024-03-03T14:15,57,-53.16,-53.16,,-53.16,-1,DOWN,NO,NO,2026-10-04T00:05:36Z
2024-03-03T13:15:00Z,2024-03-03T14:15,2024-03-03T14:30,58,-10,-10,,-10,-1,DOWN,NO,NO,2026-10-04T00:05:36Z
2024-03-03T13:30:00Z,2024-03-03T14:30,2024-03-03T14:45,59,58.34,-115.16,58.34,-115.16,2,UP_AND_DOWN,NO,NO,2026-10-04T00:05:36Z
2024-03-03T13:45:00Z,2024-03-03T14:45,2024-03-03T15:00,60,-1000,-1000,58.34,-1000,-1,DOWN,NO,NO,2026-10-04T00:05:36Z
2024-03-03T14:00:00Z,2024-03-03T15:00,2024-03-03T15:15,61,-1000,-1000,,-1000,-1,DOWN,NO,NO,2026-10-04T00:05:36Z
2024-03-03T14:15:00Z,2024-03-03T15:15,2024-03-03T15:30,62,-54,-54,,-54,-1,DOWN,NO,NO,2026-10-04T00:05:36Z
2024-03-03T14:30:00Z,2024-03-03T15:30,2024-03-03T15:45,63,41.42,41.42,,41.42,-1,DOWN,NO,NO,2026-10-04T00:05:36Z
2024-03-03T14:45:00Z,2024-03-03T15:45,2024-03-03T16:00,64,65.58,65.58,65.58,,1,UP,NO,NO,2026-10-04T00:05:36Z
2024-03-03T15:00:00Z,2024-03-03T16:00,2024-03-03T16:15,65,57.16,57.16,,,0,STABLE,NO,NO,2026-10-04T00:05:36Z
2024-03-03T15:15:00Z,2024-03-03T16:15,2024-03-03T16:30,66,72.9,66.87,72.9,69.31,2,UP_AND_DOWN,NO,NO,2026-10-04T00:05:36Z
2024-03-03T15:30:00Z,2024-03-03T16:30,2024-03-03T16:45,67,78.92,78.92,78.92,,1,UP,NO,NO,2026-10-04T00:05:36Z
2024-03-03T15:45:00Z,2024-03-03T16:45,2024-03-03T17:00,68,75.99,75.99,75.99,,1,UP,NO,NO,2026-10-04T00:05:36Z
2024-03-03T16:00:00Z,2024-03-03T17:00,2024-03-03T17:15,69,1887.1,-1000,1887.1,-1000,2,UP_AND_DOWN,NO,NO,2026-10-04T00:05:36Z
2024-03-03T16:15:00Z,2024-03-03T17:15,2024-03-03T17:30,70,109.9,-1000,109.9,-1000,2,UP_AND_DOWN,NO,NO,2026-10-04T00:05:36Z
2024-03-03T16:30:00Z,2024-03-03T17:30,2024-03-03T17:45,71,73.44,-13.15,73.44,-13.15,2,UP_AND_DOWN,NO,NO,2026-10-04T00:05:36Z
2024-03-03T16:45:00Z,2024-03-03T17:45,2024-03-03T18:00,72,65.87,-40,65.87,-40,2,UP_AND_DOWN,NO,NO,2026-10-04T00:05:36Z
2024-03-03T17:00:00Z,2024-03-03T18:00,2024-03-03T18:15,73,38.07,38.07,,38.07,-1,DOWN,NO,NO,2026-10-04T00:05:36Z
2024-03-03T17:15:00Z,2024-03-03T18:15,2024-03-03T18:30,74,48.42,48.42,,48.42,-1,DOWN,NO,NO,2026-10-04T00:05:36Z
2024-03-03T17:30:00Z,2024-03-03T18:30,2024-03-03T18:45,75,89,89,89,48.42,1,UP,NO,NO,2026-10-04T00:05:36Z
2024-03-03T17:45:00Z,2024-03-03T18:45,2024-03-03T19:00,76,89.8,89.8,89.8,,1,UP,NO,NO,2026-10-04T00:05:36Z
2024-03-03T18:00:00Z,2024-03-03T19:00,2024-03-03T19:15,77,103.3,103.3,103.3,,1,UP,NO,NO,2026-10-04T00:05:36Z
2024-03-03T18:15:00Z,2024-03-03T19:15,2024-03-03T19:30,78,89.1,89.1,89.1,,1,UP,NO,NO,2026-10-04T00:05:36Z
2024-03-03T18:30:00Z,2024-03-03T19:30,2024-03-03T19:45,79,67.44,67.44,67.44,,1,UP,NO,NO,2026-10-04T00:05:36Z
2024-03-03T18:45:00Z,2024-03-03T19:45,2024-03-03T20:00,80,59.79,59.79,67.44,,0,STABLE,NO,NO,2026-10-04T00:05:36Z
2024-03-03T19:00:00Z,2024-03-03T20:00,2024-03-03T20:15,81,62.09,62.09,,,0,STABLE,NO,NO,2026-10-04T00:05:36Z
2024-03-03T19:15:00Z,2024-03-03T20:15,2024-03-03T20:30,82,61.98,61.98,,,0,STABLE,NO,NO,2026-10-04T00:05:36Z
2024-03-03T19:30:00Z,2024-03-03T20:30,2024-03-03T20:45,83,61.98,61.98,,,0,STABLE,NO,NO,2026-10-04T00:05:36Z
2024-03-03T19:45:00Z,2024-03-03T20:45,2024-03-03T21:00,84,59.5,59.5,,,0,STABLE,NO,NO,2026-10-04T00:05:36Z
2024-03-03T20:00:00Z,2024-03-03T21:00,2024-03-03T21:15,85,59.31,59.31,,59.31,-1,DOWN,NO,NO,2026-10-04T00:05:36Z
2024-03-03T20:15:00Z,2024-03-03T21:15,2024-03-03T21:30,86,55.69,55.69,,55.69,-1,DOWN,NO,NO,2026-10-04T00:05:36Z
2024-03-03T20:30:00Z,2024-03-03T21:30,2024-03-03T21:45,87,55.21,55.21,,55.21,-1,DOWN,NO,NO,2026-10-04T00:05:36Z
2024-03-03T20:45:00Z,2024-03-03T21:45,2024-03-03T22:00,88,48.69,48.69,,48.69,-1,DOWN,NO,NO,2026-10-04T00:05:36Z
2024-03-03T21:00:00Z,2024-03-03T22:00,2024-03-03T22:15,89,46.58,46.58,,46.58,-1,DOWN,NO,NO,2026-10-04T00:05:36Z
2024-03-03T21:15:00Z,2024-03-03T22:15,2024-03-03T22:30,90,55.36,55.36,,55.36,-1,DOWN,NO,NO,2026-10-04T00:05:36Z
2024-03-03T21:30:00Z,2024-03-03T22:30,2024-03-03T22:45,91,51.42,51.42,,51.42,-1,DOWN,NO,NO,2026-10-04T00:05:36Z
2024-03-03T21:45:00Z,2024-03-03T22:45,2024-03-03T23:00,92,48.42,48.42,,48.42,-1,DOWN,NO,NO,2026-10-04T00:05:36Z
2024-03-03T22:00:00Z,2024-03-03T23:00,2024-03-03T23:15,93,41.7,41.7,,41.7,-1,DOWN,NO,NO,2026-10-04T00:05:36Z
2024-03-03T22:15:00Z,2024-03-03T23:15,2024-03-03T23:30,94,56.69,56.69,,56.69,-1,DOWN,NO,NO,2026-10-04T00:05:36Z
2024-03-03T22:30:00Z,2024-03-03T23:30,2024-03-03T23:45,95,58.01,58.01,,58.01,-1,DOWN,NO,NO,2026-10-04T00:05:36Z
2024-03-03T22:45:00Z,2024-03-03T23:45,2024-03-04T00:00,96,48.42,48.42,,48.42,-1,DOWN,NO,NO,2026-10-04T00:05:36Z
2024-03-03T23:00:00Z,2024-03-04T00:00,2024-03-04T00:15,1,48.69,48.69,,48.69,-1,DOWN,NO,NO,2026-10-04T00:05:36Z
2024-03-03T23:15:00Z,2024-03-04T00:15,2024-03-04T00:30,2,47.28,47.28,,47.28,-1,DOWN,NO,NO,2026-10-04T00:05:36Z
2024-03-03T23:30:00Z,2024-03-04T00:30,2024-03-04T00:45,3,51.49,51.49,,51.49,-1,DOWN,NO,NO,2026-10-04T00:05:36Z
2024-03-03T23:45:00Z,2024-03-04T00:45,2024-03-04T01:00,4,47.22,47.22,,47.22,-1,DOWN,NO,NO,2026-10-04T00:05:36Z
2024-03-04T00:00:00Z,2024-03-04T01:00,2024-03-04T01:15,5,46.57,46.57,,46.57,-1,DOWN,NO,NO,2026-10-04T00:05:36Z
2024-03-04T00:15:00Z,2024-03-04T01:15,2024-03-04T01:30,6,41.42,41.42,,41.42,-1,DOWN,NO,NO,2026-10-04T00:05:36Z
2024-03-04T00:30:00Z,2024-03-04T01:30,2024-03-04T01:45,7,22.3,22.3,,22.3,-1,DOWN,NO,NO,2026-10-04T00:05:36Z
2024-03-04T00:45:00Z,2024-03-04T01:45,2024-03-04T02:00,8,8.69,8.69,,8.69,-1,DOWN,NO,NO,2026-10-04T00:05:36Z
2024-03-04T01:00:00Z,2024-03-04T02:00,2024-03-04T02:15,9,32.22,32.22,,32.22,-1,DOWN,NO,NO,2026-10-04T00:05:36Z
2024-03-04T01:15:00Z,2024-03-04T02:15,2024-03-04T02:30,10,47.36,47.36,,47.36,-1,DOWN,NO,NO,2026-10-04T00:05:36Z
2024-03-04T01:30:00Z,2024-03-04T02:30,2024-03-04T02:45,11,56.57,56.57,,56.57,-1,DOWN,NO,NO,2026-10-04T00:05:36Z
2024-03-04T01:45:00Z,2024-03-04T02:45,2024-03-04T03:00,12,65.69,65.69,65.69,,1,UP,NO,NO,2026-10-04T00:05:36Z
2024-03-04T02:00:00Z,2024-03-04T03:00,2024-03-04T03:15,13,72.18,72.18,72.18,,1,UP,NO,NO,2026-10-04T00:05:36Z
2024-03-04T02:15:00Z,2024-03-04T03:15,2024-03-04T03:30,14,91.4,91.4,91.4,,1,UP,NO,NO,2026-10-04T00:05:36Z
2024-03-04T02:30:00Z,2024-03-04T03:30,2024-03-04T03:45,15,72.44,72.44,72.44,,1,UP,NO,NO,2026-10-04T00:05:36Z
2024-03-04T02:45:00Z,2024-03-04T03:45,2024-03-04T04:00,16,69.92,69.92,69.92,,1,UP,NO,NO,2026-10-04T00:05:36Z
2024-03-04T03:00:00Z,2024-03-04T04:00,2024-03-04T04:15,17,65.69,65.69,65.69,,1,UP,NO,NO,2026-10-04T00:05:36Z
2024-03-04T03:15:00Z,2024-03-04T04:15,2024-03-04T04:30,18,62.05,62.05,,,0,STABLE,NO,NO,2026-10-04T00:05:36Z
2024-03-04T03:30:00Z,2024-03-04T04:30,2024-03-04T04:45,19,62.05,62.05,,,0,STABLE,NO,NO,2026-10-04T00:05:36Z
2024-03-04T03:45:00Z,2024-03-04T04:45,2024-03-04T05:00,20,59.75,59.75,,,0,STABLE,NO,NO,2026-10-04T00:05:36Z
2024-03-04T04:00:00Z,2024-03-04T05:00,2024-03-04T05:15,21,59.77,59.77,,,0,STABLE,NO,NO,2026-10-04T00:05:36Z
2024-03-04T04:15:00Z,2024-03-04T05:15,2024-03-04T05:30,22,59.77,59.77,,,0,STABLE,NO,NO,2026-10-04T00:05:36Z
2024-03-04T04:30:00Z,2024-03-04T05:30,2024-03-04T05:45,23,62.04,62.04,,,0,STABLE,NO,NO,2026-10-04T00:05:36Z
2024-03-04T04:45:00Z,2024-03-04T05:45,2024-03-04T06:00,24,57.52,57.52,,57.52,-1,DOWN,NO,NO,2026-10-04T00:05:36Z
2024-03-04T05:00:00Z,2024-03-04T06:00,2024-03-04T06:15,25,76.46,76.46,76.46,57.52,1,UP,NO,NO,2026-10-04T00:05:36Z
2024-03-04T05:15:00Z,2024-03-04T06:15,2024-03-04T06:30,26,76.46,76.46,76.46,,1,UP,NO,NO,2026-10-04T00:05:36Z
2024-03-04T05:30:00Z,2024-03-04T06:30,2024-03-04T06:45,27,71.46,71.46,71.46,,1,UP,NO,NO,2026-10-04T00:05:36Z
2024-03-04T05:45:00Z,2024-03-04T06:45,2024-03-04T07:00,28,72.18,72.18,72.18,,1,UP,NO,NO,2026-10-04T00:05:36Z
2024-03-04T06:00:00Z,2024-03-04T07:00,2024-03-04T07:15,29,67.61,60.18,67.61,60.18,2,UP_AND_DOWN,NO,NO,2026-10-04T00:05:36Z
2024-03-04T06:15:00Z,2024-03-04T07:15,2024-03-04T07:30,30,67.61,67.61,67.61,,1,UP,NO,NO,2026-10-04T00:05:36Z
2024-03-04T06:30:00Z,2024-03-04T07:30,2024-03-04T07:45,31,87.18,87.18,87.18,,1,UP,NO,NO,2026-10-04T00:05:36Z
2024-03-04T06:45:00Z,2024-03-04T07:45,2024-03-04T08:00,32,87.61,87.61,87.61,,1,UP,NO,NO,2026-10-04T00:05:36Z
2024-03-04T07:00:00Z,2024-03-04T08:00,2024-03-04T08:15,33,72.61,63.79,72.61,64.11,2,UP_AND_DOWN,NO,NO,2026-10-04T00:05:36Z
2024-03-04T07:15:00Z,2024-03-04T08:15,2024-03-04T08:30,34,63.78,63.78,,,0,STABLE,NO,NO,2026-10-04T00:05:36Z
2024-03-04T07:30:00Z,2024-03-04T08:30,2024-03-04T08:45,35,59.46,59.46,,59.46,-1,DOWN,NO,NO,2026-10-04T00:05:36Z
2024-03-04T07:45:00Z,2024-03-04T08:45,2024-03-04T09:00,36,49.32,49.32,,49.32,-1,DOWN,NO,NO,2026-10-04T00:05:36Z
2024-03-04T08:00:00Z,2024-03-04T09:00,2024-03-04T09:15,37,47.22,47.22,,47.22,-1,DOWN,NO,NO,2026-10-04T00:05:36Z
2024-03-04T08:15:00Z,2024-03-04T09:15,2024-03-04T09:30,38,56.79,56.79,,56.79,-1,DOWN,NO,NO,2026-10-04T00:05:36Z
2024-03-04T08:30:00Z,2024-03-04T09:30,2024-03-04T09:45,39,56.69,56.69,,56.69,-1,DOWN,NO,NO,2026-10-04T00:05:36Z
2024-03-04T08:45:00Z,2024-03-04T09:45,2024-03-04T10:00,40,46.57,46.57,,46.57,-1,DOWN,NO,NO,2026-10-04T00:05:36Z
2024-03-04T09:00:00Z,2024-03-04T10:00,2024-03-04T10:15,41,94.69,94.69,94.69,46.57,1,UP,NO,NO,2026-10-04T00:05:36Z
2024-03-04T09:15:00Z,2024-03-04T10:15,2024-03-04T10:30,42,1887.1,1887.1,1887.1,,1,UP,NO,NO,2026-10-04T00:05:36Z
2024-03-04T09:30:00Z,2024-03-04T10:30,2024-03-04T10:45,43,312.61,312.61,312.61,,1,UP,NO,NO,2026-10-04T00:05:36Z
2024-03-04T09:45:00Z,2024-03-04T10:45,2024-03-04T11:00,44,80.23,80.23,80.23,,1,UP,NO,NO,2026-10-04T00:05:36Z
2024-03-04T10:00:00Z,2024-03-04T11:00,2024-03-04T11:15,45,86.45,57.69,86.45,57.69,2,UP_AND_DOWN,NO,NO,2026-10-04T00:05:36Z
2024-03-04T10:15:00Z,2024-03-04T11:15,2024-03-04T11:30,46,52.19,52.19,,52.19,-1,DOWN,NO,NO,2026-10-04T00:05:36Z
2024-03-04T10:30:00Z,2024-03-04T11:30,2024-03-04T11:45,47,44.69,44.69,,44.69,-1,DOWN,NO,NO,2026-10-04T00:05:36Z
2024-03-04T10:45:00Z,2024-03-04T11:45,2024-03-04T12:00,48,36.45,36.45,,36.45,-1,DOWN,NO,NO,2026-10-04T00:05:36Z
2024-03-04T11:00:00Z,2024-03-04T12:00,2024-03-04T12:15,49,31.83,31.83,,31.83,-1,DOWN,NO,NO,2026-10-04T00:05:36Z
2024-03-04T11:15:00Z,2024-03-04T12:15,2024-03-04T12:30,50,76.9,76.9,76.9,60.94,1,UP,NO,NO,2026-10-04T00:05:36Z
2024-03-04T11:30:00Z,2024-03-04T12:30,2024-03-04T12:45,51,47.94,47.94,76.9,47.94,-1,DOWN,NO,NO,2026-10-04T00:05:36Z
2024-03-04T11:45:00Z,2024-03-04T12:45,2024-03-04T13:00,52,38.16,38.16,,38.16,-1,DOWN,NO,NO,2026-10-04T00:05:36Z
2024-03-04T12:00:00Z,2024-03-04T13:00,2024-03-04T13:15,53,64.49,37.9,64.49,37.9,2,UP_AND_DOWN,NO,NO,2026-10-04T00:05:36Z
2024-03-04T12:15:00Z,2024-03-04T13:15,2024-03-04T13:30,54,52.53,52.53,,52.53,-1,DOWN,NO,NO,2026-10-04T00:05:36Z
2024-03-04T12:30:00Z,2024-03-04T13:30,2024-03-04T13:45,55,37.69,37.69,,37.69,-1,DOWN,NO,NO,2026-10-04T00:05:36Z
2024-03-04T12:45:00Z,2024-03-04T13:45,2024-03-04T14:00,56,38.09,38.09,,38.09,-1,DOWN,NO,NO,2026-10-04T00:05:36Z
2024-03-04T13:00:00Z,2024-03-04T14:00,2024-03-04T14:15,57,17.94,17.94,,17.94,-1,DOWN,NO,NO,2026-10-04T00:05:36Z
2024-03-04T13:15:00Z,2024-03-04T14:15,2024-03-04T14:30,58,35.71,35.71,,35.71,-1,DOWN,NO,NO,2026-10-04T00:05:36Z
2024-03-04T13:30:00Z,2024-03-04T14:30,2024-03-04T14:45,59,46.75,46.75,,46.75,-1,DOWN,NO,NO,2026-10-04T00:05:36Z
2024-03-04T13:45:00Z,2024-03-04T14:45,2024-03-04T15:00,60,46.75,46.75,,46.75,-1,DOWN,NO,NO,2026-10-04T00:05:36Z
2024-03-04T14:00:00Z,2024-03-04T15:00,2024-03-04T15:15,61,-1456.43,-1456.43,,-1456.43,-1,DOWN,NO,NO,2026-10-04T00:05:36Z
2024-03-04T14:15:00Z,2024-03-04T15:15,2024-03-04T15:30,62,31.72,31.72,,31.72,-1,DOWN,NO,NO,2026-10-04T00:05:36Z
2024-03-04T14:30:00Z,2024-03-04T15:30,2024-03-04T15:45,63,42.33,42.33,,42.33,-1,DOWN,NO,NO,2026-10-04T00:05:36Z
2024-03-04T14:45:00Z,2024-03-04T15:45,2024-03-04T16:00,64,56.69,56.69,,56.69,-1,DOWN,NO,NO,2026-10-04T00:05:36Z
2024-03-04T15:00:00Z,2024-03-04T16:00,2024-03-04T16:15,65,40.97,40.97,,40.97,-1,DOWN,NO,NO,2026-10-04T00:05:36Z
2024-03-04T15:15:00Z,2024-03-04T16:15,2024-03-04T16:30,66,63.8,63.8,,40.97,0,STABLE,NO,NO,2026-10-04T00:05:36Z
2024-03-04T15:30:00Z,2024-03-04T16:30,2024-03-04T16:45,67,55.69,55.69,,55.69,-1,DOWN,NO,NO,2026-10-04T00:05:36Z
2024-03-04T15:45:00Z,2024-03-04T16:45,2024-03-04T17:00,68,56.69,56.69,,56.69,-1,DOWN,NO,NO,2026-10-04T00:05:36Z
2024-03-04T16:00:00Z,2024-03-04T17:00,2024-03-04T17:15,69,54.99,54.99,,54.99,-1,DOWN,NO,NO,2026-10-04T00:05:36Z
2024-03-04T16:15:00Z,2024-03-04T17:15,2024-03-04T17:30,70,41.71,41.71,63.91,41.71,-1,DOWN,NO,NO,2026-10-04T00:05:36Z
2024-03-04T16:30:00Z,2024-03-04T17:30,2024-03-04T17:45,71,71.49,56.91,71.49,56.91,2,UP_AND_DOWN,NO,NO,2026-10-04T00:05:36Z
2024-03-04T16:45:00Z,2024-03-04T17:45,2024-03-04T18:00,72,91.8,91.8,91.8,,1,UP,NO,NO,2026-10-04T00:05:36Z
2024-03-04T17:00:00Z,2024-03-04T18:00,2024-03-04T18:15,73,77.22,27.22,77.22,27.22,2,UP_AND_DOWN,NO,NO,2026-10-04T00:05:36Z
2024-03-04T17:15:00Z,2024-03-04T18:15,2024-03-04T18:30,74,64.45,37.22,64.3,37.22,2,UP_AND_DOWN,NO,NO,2026-10-04T00:05:36Z
2024-03-04T17:30:00Z,2024-03-04T18:30,2024-03-04T18:45,75,64.22,64.22,64.22,,1,UP,NO,NO,2026-10-04T00:05:36Z
2024-03-04T17:45:00Z,2024-03-04T18:45,2024-03-04T19:00,76,64.45,64.45,,,0,STABLE,NO,NO,2026-10-04T00:05:36Z
2024-03-04T18:00:00Z,2024-03-04T19:00,2024-03-04T19:15,77,64.34,64.34,,65.18,0,STABLE,NO,NO,2026-10-04T00:05:36Z
2024-03-04T18:15:00Z,2024-03-04T19:15,2024-03-04T19:30,78,59.5,59.5,,59.5,-1,DOWN,NO,NO,2026-10-04T00:05:36Z
2024-03-04T18:30:00Z,2024-03-04T19:30,2024-03-04T19:45,79,56.69,56.69,,56.69,-1,DOWN,NO,NO,2026-10-04T00:05:36Z
2024-03-04T18:45:00Z,2024-03-04T19:45,2024-03-04T20:00,80,56.69,56.69,,56.69,-1,DOWN,NO,NO,2026-10-04T00:05:36Z
2024-03-04T19:00:00Z,2024-03-04T20:00,2024-03-04T20:15,81,57.18,57.18,,57.18,-1,DOWN,NO,NO,2026-10-04T00:05:36Z
2024-03-04T19:15:00Z,2024-03-04T20:15,2024-03-04T20:30,82,85.15,85.15,85.15,,1,UP,NO,NO,2026-10-04T00:05:36Z
2024-03-04T19:30:00Z,2024-03-04T20:30,2024-03-04T20:45,83,57.18,57.18,,57.18,-1,DOWN,NO,NO,2026-10-04T00:05:36Z
2024-03-04T19:45:00Z,2024-03-04T20:45,2024-03-04T21:00,84,49.34,49.34,,49.34,-1,DOWN,NO,NO,2026-10-04T00:05:36Z
2024-03-04T20:00:00Z,2024-03-04T21:00,2024-03-04T21:15,85,46.57,46.57,,46.57,-1,DOWN,NO,NO,2026-10-04T00:05:36Z
2024-03-04T20:15:00Z,2024-03-04T21:15,2024-03-04T21:30,86,56.57,56.57,,56.57,-1,DOWN,NO,NO,2026-10-04T00:05:36Z
2024-03-04T20:30:00Z,2024-03-04T21:30,2024-03-04T21:45,87,56.57,56.57,,56.57,-1,DOWN,NO,NO,2026-10-04T00:05:36Z
2024-03-04T20:45:00Z,2024-03-04T21:45,2024-03-04T22:00,88,53.8,53.8,,53.8,-1,DOWN,NO,NO,2026-10-04T00:05:36Z
2024-03-04T21:00:00Z,2024-03-04T22:00,2024-03-04T22:15,89,46.49,46.49,,46.49,-1,DOWN,NO,NO,2026-10-04T00:05:36Z
2024-03-04T21:15:00Z,2024-03-04T22:15,2024-03-04T22:30,90,57.18,57.18,,57.18,-1,DOWN,NO,NO,2026-10-04T00:05:36Z
2024-03-04T21:30:00Z,2024-03-04T22:30,2024-03-04T22:45,91,60.39,60.39,,,0,STABLE,NO,NO,2026-10-04T00:05:36Z
2024-03-04T21:45:00Z,2024-03-04T22:45,2024-03-04T23:00,92,48.57,48.57,,48.57,-1,DOWN,NO,NO,2026-10-04T00:05:36Z
2024-03-04T22:00:00Z,2024-03-04T23:00,2024-03-04T23:15,93,42.61,42.61,,42.61,-1,DOWN,NO,NO,2026-10-04T00:05:36Z
2024-03-04T22:15:00Z,2024-03-04T23:15,2024-03-04T23:30,94,46.57,46.57,,46.57,-1,DOWN,NO,NO,2026-10-04T00:05:36Z
2024-03-04T22:30:00Z,2024-03-04T23:30,2024-03-04T23:45,95,56.57,56.57,,56.57,-1,DOWN,NO,NO,2026-10-04T00:05:36Z
2024-03-04T22:45:00Z,2024-03-04T23:45,2024-03-05T00:00,96,60.55,60.55,,,0,STABLE,NO,NO,2026-10-04T00:05:36Z
2024-03-04T23:00:00Z,2024-03-05T00:00,2024-03-05T00:15,1,66.13,66.13,66.13,,1,UP,NO,NO,2026-10-04T00:05:36Z
2024-03-04T23:15:00Z,2024-03-05T00:15,2024-03-05T00:30,2,80.37,58.98,80.37,58.98,2,UP_AND_DOWN,NO,NO,2026-10-04T00:05:36Z
2024-03-04T23:30:00Z,2024-03-05T00:30,2024-03-05T00:45,3,73.74,73.74,73.74,58.98,1,UP,NO,NO,2026-10-04T00:05:36Z
2024-03-04T23:45:00Z,2024-03-05T00:45,2024-03-05T01:00,4,64.21,64.21,64.21,,1,UP,NO,NO,2026-10-04T00:05:36Z
2024-03-05T00:00:00Z,2024-03-05T01:00,2024-03-05T01:15,5,89.37,89.37,89.37,,1,UP,NO,NO,2026-10-04T00:05:36Z
2024-03-05T00:15:00Z,2024-03-05T01:15,2024-03-05T01:30,6,64.23,64.23,64.23,,1,UP,NO,NO,2026-10-04T00:05:36Z
2024-03-05T00:30:00Z,2024-03-05T01:30,2024-03-05T01:45,7,61.55,61.55,64.23,,0,STABLE,NO,NO,2026-10-04T00:05:36Z
2024-03-05T00:45:00Z,2024-03-05T01:45,2024-03-05T02:00,8,50.6,50.6,,50.6,-1,DOWN,NO,NO,2026-10-04T00:05:36Z
2024-03-05T01:00:00Z,2024-03-05T02:00,2024-03-05T02:15,9,50.58,50.58,,50.58,-1,DOWN,NO,NO,2026-10-04T00:05:36Z
2024-03-05T01:15:00Z,2024-03-05T02:15,2024-03-05T02:30,10,61.55,61.55,,,0,STABLE,NO,NO,2026-10-04T00:05:36Z
2024-03-05T01:30:00Z,2024-03-05T02:30,2024-03-05T02:45,11,61.55,61.55,,,0,STABLE,NO,NO,2026-10-04T00:05:36Z
2024-03-05T01:45:00Z,2024-03-05T02:45,2024-03-05T03:00,12,61.91,61.91,,,0,STABLE,NO,NO,2026-10-04T00:05:36Z
2024-03-05T02:00:00Z,2024-03-05T03:00,2024-03-05T03:15,13,68.6,68.6,68.6,,1,UP,NO,NO,2026-10-04T00:05:36Z
2024-03-05T02:15:00Z,2024-03-05T03:15,2024-03-05T03:30,14,61.71,61.71,61.71,,1,UP,NO,NO,2026-10-04T00:05:36Z
2024-03-05T02:30:00Z,2024-03-05T03:30,2024-03-05T03:45,15,64.24,64.24,64.24,,1,UP,NO,NO,2026-10-04T00:05:36Z
2024-03-05T02:45:00Z,2024-03-05T03:45,2024-03-05T04:00,16,64.22,64.22,64.22,,1,UP,NO,NO,2026-10-04T00:05:36Z
2024-03-05T03:00:00Z,2024-03-05T04:00,2024-03-05T04:15,17,68.63,56.98,68.63,56.98,2,UP_AND_DOWN,NO,NO,2026-10-04T00:05:36Z
2024-03-05T03:15:00Z,2024-03-05T04:15,2024-03-05T04:30,18,68.61,68.61,68.61,,1,UP,NO,NO,2026-10-04T00:05:36Z
2024-03-05T03:30:00Z,2024-03-05T04:30,2024-03-05T04:45,19,68.89,68.89,68.89,,1,UP,NO,NO,2026-10-04T00:05:36Z
2024-03-05T03:45:00Z,2024-03-05T04:45,2024-03-05T05:00,20,68.89,68.89,68.89,,1,UP,NO,NO,2026-10-04T00:05:36Z
2024-03-05T04:00:00Z,2024-03-05T05:00,2024-03-05T05:15,21,78.97,78.97,78.97,,1,UP,NO,NO,2026-10-04T00:05:36Z
2024-03-05T04:15:00Z,2024-03-05T05:15,2024-03-05T05:30,22,75.75,75.75,75.75,,1,UP,NO,NO,2026-10-04T00:05:36Z
2024-03-05T04:30:00Z,2024-03-05T05:30,2024-03-05T05:45,23,80.49,80.49,80.49,,1,UP,NO,NO,2026-10-04T00:05:36Z
2024-03-05T04:45:00Z,2024-03-05T05:45,2024-03-05T06:00,24,69.97,69.97,69.97,,1,UP,NO,NO,2026-10-04T00:05:36Z
2024-03-05T05:00:00Z,2024-03-05T06:00,2024-03-05T06:15,25,77.23,77.23,77.23,,1,UP,NO,NO,2026-10-04T00:05:36Z
2024-03-05T05:15:00Z,2024-03-05T06:15,2024-03-05T06:30,26,79.76,79.76,79.76,,1,UP,NO,NO,2026-10-04T00:05:36Z
2024-03-05T05:30:00Z,2024-03-05T06:30,2024-03-05T06:45,27,69.23,69.23,69.23,,1,UP,NO,NO,2026-10-04T00:05:36Z
2024-03-05T05:45:00Z,2024-03-05T06:45,2024-03-05T07:00,28,65.28,65.28,65.28,,1,UP,NO,NO,2026-10-04T00:05:36Z
2024-03-05T06:00:00Z,2024-03-05T07:00,2024-03-05T07:15,29,61.83,61.83,61.83,,1,UP,NO,NO,2026-10-04T00:05:36Z
2024-03-05T06:15:00Z,2024-03-05T07:15,2024-03-05T07:30,30,61.83,37.39,61.83,37.39,2,UP_AND_DOWN,NO,NO,2026-10-04T00:05:36Z
2024-03-05T06:30:00Z,2024-03-05T07:30,2024-03-05T07:45,31,45.42,45.42,,45.42,-1,DOWN,NO,NO,2026-10-04T00:05:36Z
2024-03-05T06:45:00Z,2024-03-05T07:45,2024-03-05T08:00,32,55.9,55.9,,55.9,-1,DOWN,NO,NO,2026-10-04T00:05:36Z
2024-03-05T07:00:00Z,2024-03-05T08:00,2024-03-05T08:15,33,67.5,58.9,67.5,58.9,2,UP_AND_DOWN,NO,NO,2026-10-04T00:05:36Z
2024-03-05T07:15:00Z,2024-03-05T08:15,2024-03-05T08:30,34,65.36,65.36,65.36,,1,UP,NO,NO,2026-10-04T00:05:36Z
2024-03-05T07:30:00Z,2024-03-05T08:30,2024-03-05T08:45,35,70.36,70.36,70.36,,1,UP,NO,NO,2026-10-04T00:05:36Z
2024-03-05T07:45:00Z,2024-03-05T08:45,2024-03-05T09:00,36,73.8,73.8,73.8,,1,UP,NO,NO,2026-10-04T00:05:36Z
2024-03-05T08:00:00Z,2024-03-05T09:00,2024-03-05T09:15,37,55.98,55.98,73.8,55.98,-1,DOWN,NO,NO,2026-10-04T00:05:36Z
2024-03-05T08:15:00Z,2024-03-05T09:15,2024-03-05T09:30,38,69.65,69.65,69.65,,1,UP,NO,NO,2026-10-04T00:05:36Z
2024-03-05T08:30:00Z,2024-03-05T09:30,2024-03-05T09:45,39,64.97,64.97,64.97,,1,UP,NO,NO,2026-10-04T00:05:36Z
2024-03-05T08:45:00Z,2024-03-05T09:45,2024-03-05T10:00,40,68.6,68.6,68.6,,1,UP,NO,NO,2026-10-04T00:05:36Z
2024-03-05T09:00:00Z,2024-03-05T10:00,2024-03-05T10:15,41,68.66,68.66,68.66,,1,UP,NO,NO,2026-10-04T00:05:36Z
2024-03-05T09:15:00Z,2024-03-05T10:15,2024-03-05T10:30,42,56.66,56.66,68.66,56.66,-1,DOWN,NO,NO,2026-10-04T00:05:36Z
2024-03-05T09:30:00Z,2024-03-05T10:30,2024-03-05T10:45,43,60.92,60.92,,56.66,0,STABLE,NO,NO,2026-10-04T00:05:36Z
2024-03-05T09:45:00Z,2024-03-05T10:45,2024-03-05T11:00,44,60.92,60.92,,,0,STABLE,NO,NO,2026-10-04T00:05:36Z
2024-03-05T10:00:00Z,2024-03-05T11:00,2024-03-05T11:15,45,71.9,71.9,71.9,,1,UP,NO,NO,2026-10-04T00:05:36Z
2024-03-05T10:15:00Z,2024-03-05T11:15,2024-03-05T11:30,46,67.97,67.97,67.97,,1,UP,NO,NO,2026-10-04T00:05:36Z
2024-03-05T10:30:00Z,2024-03-05T11:30,2024-03-05T11:45,47,60.92,60.92,,,0,STABLE,NO,NO,2026-10-04T00:05:36Z
2024-03-05T10:45:00Z,2024-03-05T11:45,2024-03-05T12:00,48,64.78,64.78,64.78,,1,UP,NO,NO,2026-10-04T00:05:36Z
2024-03-05T11:00:00Z,2024-03-05T12:00,2024-03-05T12:15,49,105.37,105.37,105.37,,1,UP,NO,NO,2026-10-04T00:05:36Z
2024-03-05T11:15:00Z,2024-03-05T12:15,2024-03-05T12:30,50,77.23,77.23,77.23,,1,UP,NO,NO,2026-10-04T00:05:36Z
2024-03-05T11:30:00Z,2024-03-05T12:30,2024-03-05T12:45,51,95.58,95.58,95.58,,1,UP,NO,NO,2026-10-04T00:05:36Z
2024-03-05T11:45:00Z,2024-03-05T12:45,2024-03-05T13:00,52,92,92,92,,1,UP,NO,NO,2026-10-04T00:05:36Z
2024-03-05T12:00:00Z,2024-03-05T13:00,2024-03-05T13:15,53,78.97,78.97,78.97,,1,UP,NO,NO,2026-10-04T00:05:36Z
2024-03-05T12:15:00Z,2024-03-05T13:15,2024-03-05T13:30,54,74.33,74.33,74.33,,1,UP,NO,NO,2026-10-04T00:05:36Z
2024-03-05T12:30:00Z,2024-03-05T13:30,2024-03-05T13:45,55,74.44,74.44,74.44,,1,UP,NO,NO,2026-10-04T00:05:36Z
2024-03-05T12:45:00Z,2024-03-05T13:45,2024-03-05T14:00,56,72.03,72.03,72.03,,1,UP,NO,NO,2026-10-04T00:05:36Z
2024-03-05T13:00:00Z,2024-03-05T14:00,2024-03-05T14:15,57,69.97,58.3,69.97,58.3,2,UP_AND_DOWN,NO,NO,2026-10-04T00:05:36Z
2024-03-05T13:15:00Z,2024-03-05T14:15,2024-03-05T14:30,58,61.96,61.96,,,0,STABLE,NO,NO,2026-10-04T00:05:36Z
2024-03-05T13:30:00Z,2024-03-05T14:30,2024-03-05T14:45,59,61.96,61.96,,,0,STABLE,NO,NO,2026-10-04T00:05:36Z
2024-03-05T13:45:00Z,2024-03-05T14:45,2024-03-05T15:00,60,61.12,61.12,61.12,,1,UP,NO,NO,2026-10-04T00:05:36Z
2024-03-05T14:00:00Z,2024-03-05T15:00,2024-03-05T15:15,61,73.65,73.65,73.65,,1,UP,NO,NO,2026-10-04T00:05:36Z
2024-03-05T14:15:00Z,2024-03-05T15:15,2024-03-05T15:30,62,73.76,73.76,73.76,,1,UP,NO,NO,2026-10-04T00:05:36Z
2024-03-05T14:30:00Z,2024-03-05T15:30,2024-03-05T15:45,63,74.3,74.3,74.3,,1,UP,NO,NO,2026-10-04T00:05:36Z
2024-03-05T14:45:00Z,2024-03-05T15:45,2024-03-05T16:00,64,68.97,61.43,68.97,61.43,2,UP_AND_DOWN,NO,NO,2026-10-04T00:05:36Z
2024-03-05T15:00:00Z,2024-03-05T16:00,2024-03-05T16:15,65,61.65,61.65,,61.65,-1,DOWN,NO,NO,2026-10-04T00:05:36Z
2024-03-05T15:15:00Z,2024-03-05T16:15,2024-03-05T16:30,66,58.65,58.65,,58.65,-1,DOWN,NO,NO,2026-10-04T00:05:36Z
2024-03-05T15:30:00Z,2024-03-05T16:30,2024-03-05T16:45,67,48.12,48.12,,48.12,-1,DOWN,NO,NO,2026-10-04T00:05:36Z
2024-03-05T15:45:00Z,2024-03-05T16:45,2024-03-05T17:00,68,51.12,51.12,,51.12,-1,DOWN,NO,NO,2026-10-04T00:05:36Z
2024-03-05T16:00:00Z,2024-03-05T17:00,2024-03-05T17:15,69,28.76,28.76,,28.76,-1,DOWN,NO,NO,2026-10-04T00:05:36Z
2024-03-05T16:15:00Z,2024-03-05T17:15,2024-03-05T17:30,70,53.98,53.98,,53.98,-1,DOWN,NO,NO,2026-10-04T00:05:36Z
2024-03-05T16:30:00Z,2024-03-05T17:30,2024-03-05T17:45,71,69.3,61.71,69.3,62.3,2,UP_AND_DOWN,NO,NO,2026-10-04T00:05:36Z
2024-03-05T16:45:00Z,2024-03-05T17:45,2024-03-05T18:00,72,69.65,69.65,69.65,,1,UP,NO,NO,2026-10-04T00:05:36Z
2024-03-05T17:00:00Z,2024-03-05T18:00,2024-03-05T18:15,73,48.12,48.12,69.65,48.12,-1,DOWN,NO,NO,2026-10-04T00:05:36Z
2024-03-05T17:15:00Z,2024-03-05T18:15,2024-03-05T18:30,74,57.8,57.8,,57.8,-1,DOWN,NO,NO,2026-10-04T00:05:36Z
2024-03-05T17:30:00Z,2024-03-05T18:30,2024-03-05T18:45,75,61.12,61.12,61.12,,1,UP,NO,NO,2026-10-04T00:05:36Z
2024-03-05T17:45:00Z,2024-03-05T18:45,2024-03-05T19:00,76,73.51,73.51,73.51,,1,UP,NO,NO,2026-10-04T00:05:36Z
2024-03-05T18:00:00Z,2024-03-05T19:00,2024-03-05T19:15,77,91.8,91.8,91.8,,1,UP,NO,NO,2026-10-04T00:05:36Z
2024-03-05T18:15:00Z,2024-03-05T19:15,2024-03-05T19:30,78,100.23,100.23,100.23,,1,UP,NO,NO,2026-10-04T00:05:36Z
2024-03-05T18:30:00Z,2024-03-05T19:30,2024-03-05T19:45,79,101.74,101.74,101.74,,1,UP,NO,NO,2026-10-04T00:05:36Z
2024-03-05T18:45:00Z,2024-03-05T19:45,2024-03-05T20:00,80,77.23,77.23,77.23,62.09,1,UP,NO,NO,2026-10-04T00:05:36Z
2024-03-05T19:00:00Z,2024-03-05T20:00,2024-03-05T20:15,81,91.8,61.61,91.8,62.09,2,UP_AND_DOWN,NO,NO,2026-10-04T00:05:36Z
2024-03-05T19:15:00Z,2024-03-05T20:15,2024-03-05T20:30,82,85.57,85.57,85.57,,1,UP,NO,NO,2026-10-04T00:05:36Z
2024-03-05T19:30:00Z,2024-03-05T20:30,2024-03-05T20:45,83,85.78,85.78,85.78,,1,UP,NO,NO,2026-10-04T00:05:36Z
2024-03-05T19:45:00Z,2024-03-05T20:45,2024-03-05T21:00,84,73.76,73.76,73.76,,1,UP,NO,NO,2026-10-04T00:05:36Z
2024-03-05T20:00:00Z,2024-03-05T21:00,2024-03-05T21:15,85,62.3,62.3,61.12,62.3,-1,DOWN,NO,NO,2026-10-04T00:05:36Z
2024-03-05T20:15:00Z,2024-03-05T21:15,2024-03-05T21:30,86,67.51,67.51,67.51,,1,UP,NO,NO,2026-10-04T00:05:36Z
2024-03-05T20:30:00Z,2024-03-05T21:30,2024-03-05T21:45,87,61.37,61.37,,,0,STABLE,NO,NO,2026-10-04T00:05:36Z
2024-03-05T20:45:00Z,2024-03-05T21:45,2024-03-05T22:00,88,61.29,61.29,,61.46,0,STABLE,NO,NO,2026-10-04T00:05:36Z
2024-03-05T21:00:00Z,2024-03-05T22:00,2024-03-05T22:15,89,60.76,60.76,,60.76,-1,DOWN,NO,NO,2026-10-04T00:05:36Z
2024-03-05T21:15:00Z,2024-03-05T22:15,2024-03-05T22:30,90,60.94,60.94,,,0,STABLE,NO,NO,2026-10-04T00:05:36Z
2024-03-05T21:30:00Z,2024-03-05T22:30,2024-03-05T22:45,91,60.95,60.95,,,0,STABLE,NO,NO,2026-10-04T00:05:36Z
2024-03-05T21:45:00Z,2024-03-05T22:45,2024-03-05T23:00,92,60.94,60.94,,,0,STABLE,NO,NO,2026-10-04T00:05:36Z
2024-03-05T22:00:00Z,2024-03-05T23:00,2024-03-05T23:15,93,73.76,73.76,73.76,,1,UP,NO,NO,2026-10-04T00:05:36Z
2024-03-05T22:15:00Z,2024-03-05T23:15,2024-03-05T23:30,94,61.22,61.22,,,0,STABLE,NO,NO,2026-10-04T00:05:36Z
2024-03-05T22:30:00Z,2024-03-05T23:30,2024-03-05T23:45,95,61.22,61.22,,,0,STABLE,NO,NO,2026-10-04T00:05:36Z
2024-03-05T22:45:00Z,2024-03-05T23:45,2024-03-06T00:00,96,61.11,61.11,,,0,STABLE,NO,NO,2026-10-04T00:05:36Z
2024-03-05T23:00:00Z,2024-03-06T00:00,2024-03-06T00:15,1,56.98,56.98,,56.98,-1,DOWN,NO,NO,2026-10-04T00:05:36Z
2024-03-05T23:15:00Z,2024-03-06T00:15,2024-03-06T00:30,2,62.12,62.12,,,0,STABLE,NO,NO,2026-10-04T00:05:36Z
2024-03-05T23:30:00Z,2024-03-06T00:30,2024-03-06T00:45,3,109.83,109.83,109.83,,1,UP,NO,NO,2026-10-04T00:05:36Z
2024-03-05T23:45:00Z,2024-03-06T00:45,2024-03-06T01:00,4,56.99,56.99,89,56.99,-1,DOWN,NO,NO,2026-10-04T00:05:36Z
2024-03-06T00:00:00Z,2024-03-06T01:00,2024-03-06T01:15,5,53.47,53.47,,53.47,-1,DOWN,NO,NO,2026-10-04T00:05:36Z
2024-03-06T00:15:00Z,2024-03-06T01:15,2024-03-06T01:30,6,61.54,61.54,,,0,STABLE,NO,NO,2026-10-04T00:05:36Z
2024-03-06T00:30:00Z,2024-03-06T01:30,2024-03-06T01:45,7,64.29,64.29,,,0,STABLE,NO,NO,2026-10-04T00:05:36Z
2024-03-06T00:45:00Z,2024-03-06T01:45,2024-03-06T02:00,8,63.18,63.18,,63.18,-1,DOWN,NO,NO,2026-10-04T00:05:36Z
2024-03-06T01:00:00Z,2024-03-06T02:00,2024-03-06T02:15,9,56.57,56.57,,56.57,-1,DOWN,NO,NO,2026-10-04T00:05:36Z
2024-03-06T01:15:00Z,2024-03-06T02:15,2024-03-06T02:30,10,64.23,64.23,,56.57,0,STABLE,NO,NO,2026-10-04T00:05:36Z
2024-03-06T01:30:00Z,2024-03-06T02:30,2024-03-06T02:45,11,64.28,64.28,,,0,STABLE,NO,NO,2026-10-04T00:05:36Z
2024-03-06T01:45:00Z,2024-03-06T02:45,2024-03-06T03:00,12,64.28,64.28,,,0,STABLE,NO,NO,2026-10-04T00:05:36Z
2024-03-06T02:00:00Z,2024-03-06T03:00,2024-03-06T03:15,13,64.22,64.22,,,0,STABLE,NO,NO,2026-10-04T00:05:36Z
2024-03-06T02:15:00Z,2024-03-06T03:15,2024-03-06T03:30,14,64.22,64.22,,,0,STABLE,NO,NO,2026-10-04T00:05:36Z
2024-03-06T02:30:00Z,2024-03-06T03:30,2024-03-06T03:45,15,64.22,64.22,,,0,STABLE,NO,NO,2026-10-04T00:05:36Z
2024-03-06T02:45:00Z,2024-03-06T03:45,2024-03-06T04:00,16,64.22,64.22,,,0,STABLE,NO,NO,2026-10-04T00:05:36Z
2024-03-06T03:00:00Z,2024-03-06T04:00,2024-03-06T04:15,17,56.57,56.57,,56.57,-1,DOWN,NO,NO,2026-10-04T00:05:36Z
2024-03-06T03:15:00Z,2024-03-06T04:15,2024-03-06T04:30,18,68.16,68.16,,68.16,-1,DOWN,NO,NO,2026-10-04T00:05:36Z
2024-03-06T03:30:00Z,2024-03-06T04:30,2024-03-06T04:45,19,64.28,64.28,,,0,STABLE,NO,NO,2026-10-04T00:05:36Z
2024-03-06T03:45:00Z,2024-03-06T04:45,2024-03-06T05:00,20,64.27,64.27,,,0,STABLE,NO,NO,2026-10-04T00:05:36Z
2024-03-06T04:00:00Z,2024-03-06T05:00,2024-03-06T05:15,21,64.51,64.51,,,0,STABLE,NO,NO,2026-10-04T00:05:36Z
2024-03-06T04:15:00Z,2024-03-06T05:15,2024-03-06T05:30,22,64.51,64.51,,,0,STABLE,NO,NO,2026-10-04T00:05:36Z
2024-03-06T04:30:00Z,2024-03-06T05:30,2024-03-06T05:45,23,56.57,56.57,,56.57,-1,DOWN,NO,NO,2026-10-04T00:05:36Z
2024-03-06T04:45:00Z,2024-03-06T05:45,2024-03-06T06:00,24,89.91,89.91,89.91,,1,UP,NO,NO,2026-10-04T00:05:36Z
2024-03-06T05:00:00Z,2024-03-06T06:00,2024-03-06T06:15,25,82.09,82.09,82.09,,1,UP,NO,NO,2026-10-04T00:05:36Z
2024-03-06T05:15:00Z,2024-03-06T06:15,2024-03-06T06:30,26,590,590,590,,1,UP,NO,NO,2026-10-04T00:05:36Z
2024-03-06T05:30:00Z,2024-03-06T06:30,2024-03-06T06:45,27,63.94,63.94,590,,0,STABLE,NO,NO,2026-10-04T00:05:36Z
2024-03-06T05:45:00Z,2024-03-06T06:45,2024-03-06T07:00,28,63.94,63.94,,,0,STABLE,NO,NO,2026-10-04T00:05:36Z
2024-03-06T06:00:00Z,2024-03-06T07:00,2024-03-06T07:15,29,85.64,85.64,85.64,,1,UP,NO,NO,2026-10-04T00:05:36Z
2024-03-06T06:15:00Z,2024-03-06T07:15,2024-03-06T07:30,30,87.64,87.64,87.64,,1,UP,NO,NO,2026-10-04T00:05:36Z
2024-03-06T06:30:00Z,2024-03-06T07:30,2024-03-06T07:45,31,65.49,65.49,,,0,STABLE,NO,NO,2026-10-04T00:05:36Z
2024-03-06T06:45:00Z,2024-03-06T07:45,2024-03-06T08:00,32,56.57,56.57,,56.57,-1,DOWN,NO,NO,2026-10-04T00:05:36Z
2024-03-06T07:00:00Z,2024-03-06T08:00,2024-03-06T08:15,33,65.52,65.52,,56.57,0,STABLE,NO,NO,2026-10-04T00:05:36Z
2024-03-06T07:15:00Z,2024-03-06T08:15,2024-03-06T08:30,34,40.78,40.78,,40.78,-1,DOWN,NO,NO,2026-10-04T00:05:36Z
2024-03-06T07:30:00Z,2024-03-06T08:30,2024-03-06T08:45,35,37.29,37.29,,37.29,-1,DOWN,NO,NO,2026-10-04T00:05:36Z
2024-03-06T07:45:00Z,2024-03-06T08:45,2024-03-06T09:00,36,34.39,34.39,,34.39,-1,DOWN,NO,NO,2026-10-04T00:05:36Z
2024-03-06T08:00:00Z,2024-03-06T09:00,2024-03-06T09:15,37,31.98,31.98,,31.98,-1,DOWN,NO,NO,2026-10-04T00:05:36Z
2024-03-06T08:15:00Z,2024-03-06T09:15,2024-03-06T09:30,38,47.44,47.44,,47.44,-1,DOWN,NO,NO,2026-10-04T00:05:36Z
2024-03-06T08:30:00Z,2024-03-06T09:30,2024-03-06T09:45,39,26.57,26.57,,26.57,-1,DOWN,NO,NO,2026-10-04T00:05:36Z
2024-03-06T08:45:00Z,2024-03-06T09:45,2024-03-06T10:00,40,0,0,,,-1,DOWN,NO,NO,2026-10-04T00:05:36Z
2024-03-06T09:00:00Z,2024-03-06T10:00,2024-03-06T10:15,41,37.88,37.88,,37.88,-1,DOWN,NO,NO,2026-10-04T00:05:36Z
2024-03-06T09:15:00Z,2024-03-06T10:15,2024-03-06T10:30,42,0,0,,,-1,DOWN,NO,NO,2026-10-04T00:05:36Z
2024-03-06T09:30:00Z,2024-03-06T10:30,2024-03-06T10:45,43,26.58,26.58,,26.58,-1,DOWN,NO,NO,2026-10-04T00:05:36Z
2024-03-06T09:45:00Z,2024-03-06T10:45,2024-03-06T11:00,44,36.57,36.57,,36.57,-1,DOWN,NO,NO,2026-10-04T00:05:36Z
2024-03-06T10:00:00Z,2024-03-06T11:00,2024-03-06T11:15,45,28.07,28.07,,28.07,-1,DOWN,NO,NO,2026-10-04T00:05:36Z
2024-03-06T10:15:00Z,2024-03-06T11:15,2024-03-06T11:30,46,49.32,49.32,,49.32,-1,DOWN,NO,NO,2026-10-04T00:05:36Z
2024-03-06T10:30:00Z,2024-03-06T11:30,2024-03-06T11:45,47,46.77,46.77,,46.77,-1,DOWN,NO,NO,2026-10-04T00:05:36Z
2024-03-06T10:45:00Z,2024-03-06T11:45,2024-03-06T12:00,48,45.98,45.98,,45.98,-1,DOWN,NO,NO,2026-10-04T00:05:36Z
2024-03-06T11:00:00Z,2024-03-06T12:00,2024-03-06T12:15,49,41.8,41.8,,41.8,-1,DOWN,NO,NO,2026-10-04T00:05:36Z
2024-03-06T11:15:00Z,2024-03-06T12:15,2024-03-06T12:30,50,37.98,37.98,,37.98,-1,DOWN,NO,NO,2026-10-04T00:05:36Z
2024-03-06T11:30:00Z,2024-03-06T12:30,2024-03-06T12:45,51,33.96,33.96,,33.96,-1,DOWN,NO,NO,2026-10-04T00:05:36Z
2024-03-06T11:45:00Z,2024-03-06T12:45,2024-03-06T13:00,52,0,0,,,-1,DOWN,NO,NO,2026-10-04T00:05:36Z
2024-03-06T12:00:00Z,2024-03-06T13:00,2024-03-06T13:15,53,21.8,21.8,,21.8,-1,DOWN,NO,NO,2026-10-04T00:05:36Z
2024-03-06T12:15:00Z,2024-03-06T13:15,2024-03-06T13:30,54,46.09,46.09,,46.09,-1,DOWN,NO,NO,2026-10-04T00:05:36Z
2024-03-06T12:30:00Z,2024-03-06T13:30,2024-03-06T13:45,55,35.98,35.98,,35.98,-1,DOWN,NO,NO,2026-10-04T00:05:36Z
2024-03-06T12:45:00Z,2024-03-06T13:45,2024-03-06T14:00,56,47.31,47.31,,47.31,-1,DOWN,NO,NO,2026-10-04T00:05:36Z
2024-03-06T13:00:00Z,2024-03-06T14:00,2024-03-06T14:15,57,53.09,53.09,,53.09,-1,DOWN,NO,NO,2026-10-04T00:05:36Z
2024-03-06T13:15:00Z,2024-03-06T14:15,2024-03-06T14:30,58,56.09,56.09,,56.09,-1,DOWN,NO,NO,2026-10-04T00:05:36Z
2024-03-06T13:30:00Z,2024-03-06T14:30,2024-03-06T14:45,59,56.09,56.09,,56.09,-1,DOWN,NO,NO,2026-10-04T00:05:36Z
2024-03-06T13:45:00Z,2024-03-06T14:45,2024-03-06T15:00,60,51.73,51.73,,51.73,-1,DOWN,NO,NO,2026-10-04T00:05:36Z
2024-03-06T14:00:00Z,2024-03-06T15:00,2024-03-06T15:15,61,48.09,48.09,,48.09,-1,DOWN,NO,NO,2026-10-04T00:05:36Z
2024-03-06T14:15:00Z,2024-03-06T15:15,2024-03-06T15:30,62,51.98,51.98,,51.98,-1,DOWN,NO,NO,2026-10-04T00:05:36Z
2024-03-06T14:30:00Z,2024-03-06T15:30,2024-03-06T15:45,63,53.09,53.09,,53.09,-1,DOWN,NO,NO,2026-10-04T00:05:36Z
2024-03-06T14:45:00Z,2024-03-06T15:45,2024-03-06T16:00,64,47.24,47.24,,47.24,-1,DOWN,NO,NO,2026-10-04T00:05:36Z
2024-03-06T15:00:00Z,2024-03-06T16:00,2024-03-06T16:15,65,38.53,38.53,,38.53,-1,DOWN,NO,NO,2026-10-04T00:05:36Z
2024-03-06T15:15:00Z,2024-03-06T16:15,2024-03-06T16:30,66,49.98,49.98,,49.98,-1,DOWN,NO,NO,2026-10-04T00:05:36Z
2024-03-06T15:30:00Z,2024-03-06T16:30,2024-03-06T16:45,67,53.56,53.56,,53.56,-1,DOWN,NO,NO,2026-10-04T00:05:36Z
2024-03-06T15:45:00Z,2024-03-06T16:45,2024-03-06T17:00,68,68.46,68.46,,,0,STABLE,NO,NO,2026-10-04T00:05:36Z
2024-03-06T16:00:00Z,2024-03-06T17:00,2024-03-06T17:15,69,33.25,33.25,,33.25,-1,DOWN,NO,NO,2026-10-04T00:05:36Z
2024-03-06T16:15:00Z,2024-03-06T17:15,2024-03-06T17:30,70,46.45,46.45,,46.45,-1,DOWN,NO,NO,2026-10-04T00:05:36Z
2024-03-06T16:30:00Z,2024-03-06T17:30,2024-03-06T17:45,71,46.45,46.45,,46.45,-1,DOWN,NO,NO,2026-10-04T00:05:36Z
2024-03-06T16:45:00Z,2024-03-06T17:45,2024-03-06T18:00,72,57.25,57.25,,57.25,-1,DOWN,NO,NO,2026-10-04T00:05:36Z
2024-03-06T17:00:00Z,2024-03-06T18:00,2024-03-06T18:15,73,47.04,47.04,,47.04,-1,DOWN,NO,NO,2026-10-04T00:05:36Z
2024-03-06T17:15:00Z,2024-03-06T18:15,2024-03-06T18:30,74,52.24,52.24,,52.24,-1,DOWN,NO,NO,2026-10-04T00:05:36Z
2024-03-06T17:30:00Z,2024-03-06T18:30,2024-03-06T18:45,75,63.83,63.83,,63.83,-1,DOWN,NO,NO,2026-10-04T00:05:36Z
2024-03-06T17:45:00Z,2024-03-06T18:45,2024-03-06T19:00,76,94.5,94.5,94.5,,1,UP,NO,NO,2026-10-04T00:05:36Z
2024-03-06T18:00:00Z,2024-03-06T19:00,2024-03-06T19:15,77,128.42,128.42,128.42,,1,UP,NO,NO,2026-10-04T00:05:36Z
2024-03-06T18:15:00Z,2024-03-06T19:15,2024-03-06T19:30,78,104.25,104.25,104.25,,1,UP,NO,NO,2026-10-04T00:05:36Z
2024-03-06T18:30:00Z,2024-03-06T19:30,2024-03-06T19:45,79,75.97,75.97,75.97,,1,UP,NO,NO,2026-10-04T00:05:36Z
2024-03-06T18:45:00Z,2024-03-06T19:45,2024-03-06T20:00,80,57.25,57.25,,57.25,-1,DOWN,NO,NO,2026-10-04T00:05:36Z
2024-03-06T19:00:00Z,2024-03-06T20:00,2024-03-06T20:15,81,61.6,61.6,,61.6,-1,DOWN,NO,NO,2026-10-04T00:05:36Z
2024-03-06T19:15:00Z,2024-03-06T20:15,2024-03-06T20:30,82,52.75,52.75,,52.75,-1,DOWN,NO,NO,2026-10-04T00:05:36Z
2024-03-06T19:30:00Z,2024-03-06T20:30,2024-03-06T20:45,83,46.55,46.55,,46.55,-1,DOWN,NO,NO,2026-10-04T00:05:36Z
2024-03-06T19:45:00Z,2024-03-06T20:45,2024-03-06T21:00,84,46.51,46.51,,46.51,-1,DOWN,NO,NO,2026-10-04T00:05:36Z
2024-03-06T20:00:00Z,2024-03-06T21:00,2024-03-06T21:15,85,52.97,52.97,,52.97,-1,DOWN,NO,NO,2026-10-04T00:05:36Z
2024-03-06T20:15:00Z,2024-03-06T21:15,2024-03-06T21:30,86,94.5,59.53,94.5,59.53,2,UP_AND_DOWN,NO,NO,2026-10-04T00:05:36Z
2024-03-06T20:30:00Z,2024-03-06T21:30,2024-03-06T21:45,87,92.5,54.5,92.5,54.5,2,UP_AND_DOWN,NO,NO,2026-10-04T00:05:36Z
2024-03-06T20:45:00Z,2024-03-06T21:45,2024-03-06T22:00,88,49.98,49.98,,49.98,-1,DOWN,NO,NO,2026-10-04T00:05:36Z
2024-03-06T21:00:00Z,2024-03-06T22:00,2024-03-06T22:15,89,46.09,46.09,,46.09,-1,DOWN,NO,NO,2026-10-04T00:05:36Z
2024-03-06T21:15:00Z,2024-03-06T22:15,2024-03-06T22:30,90,59.84,59.84,,59.84,-1,DOWN,NO,NO,2026-10-04T00:05:36Z
2024-03-06T21:30:00Z,2024-03-06T22:30,2024-03-06T22:45,91,68.47,68.47,,67.84,0,STABLE,NO,NO,2026-10-04T00:05:36Z
2024-03-06T21:45:00Z,2024-03-06T22:45,2024-03-06T23:00,92,56.98,56.98,,56.98,-1,DOWN,NO,NO,2026-10-04T00:05:36Z
2024-03-06T22:00:00Z,2024-03-06T23:00,2024-03-06T23:15,93,94.3,94.3,94.3,,1,UP,NO,NO,2026-10-04T00:05:36Z
2024-03-06T22:15:00Z,2024-03-06T23:15,2024-03-06T23:30,94,63.04,63.04,94.3,,0,STABLE,NO,NO,2026-10-04T00:05:36Z
2024-03-06T22:30:00Z,2024-03-06T23:30,2024-03-06T23:45,95,63.04,63.04,,,0,STABLE,NO,NO,2026-10-04T00:05:36Z
2024-03-06T22:45:00Z,2024-03-06T23:45,2024-03-07T00:00,96,101.38,54.3,101.38,54.3,2,UP_AND_DOWN,NO,NO,2026-10-04T00:05:36Z
2024-03-06T23:00:00Z,2024-03-07T00:00,2024-03-07T00:15,1,45.63,45.63,101.38,45.63,-1,DOWN,NO,NO,2026-10-04T00:05:36Z
2024-03-06T23:15:00Z,2024-03-07T00:15,2024-03-07T00:30,2,59.36,59.36,,59.36,-1,DOWN,NO,NO,2026-10-04T00:05:36Z
2024-03-06T23:30:00Z,2024-03-07T00:30,2024-03-07T00:45,3,54.35,54.35,,54.35,-1,DOWN,NO,NO,2026-10-04T00:05:36Z
2024-03-06T23:45:00Z,2024-03-07T00:45,2024-03-07T01:00,4,61.83,61.83,,,0,STABLE,NO,NO,2026-10-04T00:05:36Z
2024-03-07T00:00:00Z,2024-03-07T01:00,2024-03-07T01:15,5,63.95,63.95,,,0,STABLE,NO,NO,2026-10-04T00:05:36Z
2024-03-07T00:15:00Z,2024-03-07T01:15,2024-03-07T01:30,6,71.97,71.97,71.97,,1,UP,NO,NO,2026-10-04T00:05:36Z
2024-03-07T00:30:00Z,2024-03-07T01:30,2024-03-07T01:45,7,68.12,68.12,68.12,,1,UP,NO,NO,2026-10-04T00:05:36Z
2024-03-07T00:45:00Z,2024-03-07T01:45,2024-03-07T02:00,8,64.9,64.9,64.9,,1,UP,NO,NO,2026-10-04T00:05:36Z
2024-03-07T01:00:00Z,2024-03-07T02:00,2024-03-07T02:15,9,80.97,80.97,80.97,,1,UP,NO,NO,2026-10-04T00:05:36Z
2024-03-07T01:15:00Z,2024-03-07T02:15,2024-03-07T02:30,10,83.11,83.11,83.11,,1,UP,NO,NO,2026-10-04T00:05:36Z
2024-03-07T01:30:00Z,2024-03-07T02:30,2024-03-07T02:45,11,95.1,95.1,95.1,,1,UP,NO,NO,2026-10-04T00:05:36Z
2024-03-07T01:45:00Z,2024-03-07T02:45,2024-03-07T03:00,12,95.1,95.1,95.1,,1,UP,NO,NO,2026-10-04T00:05:36Z
2024-03-07T02:00:00Z,2024-03-07T03:00,2024-03-07T03:15,13,75.63,75.63,75.63,,1,UP,NO,NO,2026-10-04T00:05:36Z
2024-03-07T02:15:00Z,2024-03-07T03:15,2024-03-07T03:30,14,64.91,64.91,64.91,,1,UP,NO,NO,2026-10-04T00:05:36Z
2024-03-07T02:30:00Z,2024-03-07T03:30,2024-03-07T03:45,15,76.44,76.44,76.44,,1,UP,NO,NO,2026-10-04T00:05:36Z
2024-03-07T02:45:00Z,2024-03-07T03:45,2024-03-07T04:00,16,75.63,75.63,75.63,,1,UP,NO,NO,2026-10-04T00:05:36Z
2024-03-07T03:00:00Z,2024-03-07T04:00,2024-03-07T04:15,17,75.63,75.63,75.63,,1,UP,NO,NO,2026-10-04T00:05:36Z
2024-03-07T03:15:00Z,2024-03-07T04:15,2024-03-07T04:30,18,81.06,81.06,81.06,,1,UP,NO,NO,2026-10-04T00:05:36Z
2024-03-07T03:30:00Z,2024-03-07T04:30,2024-03-07T04:45,19,78.11,78.11,78.11,,1,UP,NO,NO,2026-10-04T00:05:36Z
2024-03-07T03:45:00Z,2024-03-07T04:45,2024-03-07T05:00,20,69.94,69.94,69.94,,1,UP,NO,NO,2026-10-04T00:05:36Z
2024-03-07T04:00:00Z,2024-03-07T05:00,2024-03-07T05:15,21,76.11,69.38,76.11,70.12,2,UP_AND_DOWN,NO,NO,2026-10-04T00:05:36Z
2024-03-07T04:15:00Z,2024-03-07T05:15,2024-03-07T05:30,22,65.08,65.08,,65.08,-1,DOWN,NO,NO,2026-10-04T00:05:36Z
2024-03-07T04:30:00Z,2024-03-07T05:30,2024-03-07T05:45,23,68.16,68.16,68.16,,1,UP,NO,NO,2026-10-04T00:05:36Z
2024-03-07T04:45:00Z,2024-03-07T05:45,2024-03-07T06:00,24,81.11,81.11,81.11,,1,UP,NO,NO,2026-10-04T00:05:36Z
2024-03-07T05:00:00Z,2024-03-07T06:00,2024-03-07T06:15,25,65.91,58.83,65.91,58.83,2,UP_AND_DOWN,NO,NO,2026-10-04T00:05:36Z
2024-03-07T05:15:00Z,2024-03-07T06:15,2024-03-07T06:30,26,65.9,65.9,65.9,,1,UP,NO,NO,2026-10-04T00:05:36Z
2024-03-07T05:30:00Z,2024-03-07T06:30,2024-03-07T06:45,27,80.46,80.46,80.46,,1,UP,NO,NO,2026-10-04T00:05:36Z
2024-03-07T05:45:00Z,2024-03-07T06:45,2024-03-07T07:00,28,76.46,76.46,76.46,,1,UP,NO,NO,2026-10-04T00:05:36Z
2024-03-07T06:00:00Z,2024-03-07T07:00,2024-03-07T07:15,29,93.4,93.4,93.4,,1,UP,NO,NO,2026-10-04T00:05:36Z
2024-03-07T06:15:00Z,2024-03-07T07:15,2024-03-07T07:30,30,119.6,119.6,119.6,,1,UP,NO,NO,2026-10-04T00:05:36Z
2024-03-07T06:30:00Z,2024-03-07T07:30,2024-03-07T07:45,31,84.84,84.84,84.84,,1,UP,NO,NO,2026-10-04T00:05:36Z
2024-03-07T06:45:00Z,2024-03-07T07:45,2024-03-07T08:00,32,79.2,79.2,79.2,,1,UP,NO,NO,2026-10-04T00:05:36Z
2024-03-07T07:00:00Z,2024-03-07T08:00,2024-03-07T08:15,33,140.05,140.05,140.05,,1,UP,NO,NO,2026-10-04T00:05:36Z
2024-03-07T07:15:00Z,2024-03-07T08:15,2024-03-07T08:30,34,58.45,58.45,68.2,58.45,-1,DOWN,NO,NO,2026-10-04T00:05:36Z
2024-03-07T07:30:00Z,2024-03-07T08:30,2024-03-07T08:45,35,52.2,52.2,,52.2,-1,DOWN,NO,NO,2026-10-04T00:05:36Z
2024-03-07T07:45:00Z,2024-03-07T08:45,2024-03-07T09:00,36,40.46,40.46,,40.46,-1,DOWN,NO,NO,2026-10-04T00:05:36Z
2024-03-07T08:00:00Z,2024-03-07T09:00,2024-03-07T09:15,37,45.95,45.95,,45.95,-1,DOWN,NO,NO,2026-10-04T00:05:36Z
2024-03-07T08:15:00Z,2024-03-07T09:15,2024-03-07T09:30,38,46.57,46.57,,46.57,-1,DOWN,NO,NO,2026-10-04T00:05:36Z
2024-03-07T08:30:00Z,2024-03-07T09:30,2024-03-07T09:45,39,51.98,51.98,,51.98,-1,DOWN,NO,NO,2026-10-04T00:05:36Z
2024-03-07T08:45:00Z,2024-03-07T09:45,2024-03-07T10:00,40,55.3,55.3,,55.3,-1,DOWN,NO,NO,2026-10-04T00:05:36Z
2024-03-07T09:00:00Z,2024-03-07T10:00,2024-03-07T10:15,41,80.97,80.97,80.97,,1,UP,NO,NO,2026-10-04T00:05:36Z
2024-03-07T09:15:00Z,2024-03-07T10:15,2024-03-07T10:30,42,94.1,94.1,94.1,,1,UP,NO,NO,2026-10-04T00:05:36Z
2024-03-07T09:30:00Z,2024-03-07T10:30,2024-03-07T10:45,43,61.16,61.16,94.1,,0,STABLE,NO,NO,2026-10-04T00:05:36Z
2024-03-07T09:45:00Z,2024-03-07T10:45,2024-03-07T11:00,44,26.57,26.57,,26.57,-1,DOWN,NO,NO,2026-10-04T00:05:36Z
2024-03-07T10:00:00Z,2024-03-07T11:00,2024-03-07T11:15,45,33.46,33.46,,33.46,-1,DOWN,NO,NO,2026-10-04T00:05:36Z
2024-03-07T10:15:00Z,2024-03-07T11:15,2024-03-07T11:30,46,-183.3,-183.3,,-183.3,-1,DOWN,NO,NO,2026-10-04T00:05:36Z
2024-03-07T10:30:00Z,2024-03-07T11:30,2024-03-07T11:45,47,-10,-10,,-10,-1,DOWN,NO,NO,2026-10-04T00:05:36Z
2024-03-07T10:45:00Z,2024-03-07T11:45,2024-03-07T12:00,48,-6.43,-6.43,,-6.43,-1,DOWN,NO,NO,2026-10-04T00:05:36Z
2024-03-07T11:00:00Z,2024-03-07T12:00,2024-03-07T12:15,49,85.49,35.49,85.49,35.49,2,UP_AND_DOWN,NO,NO,2026-10-04T00:05:36Z
2024-03-07T11:15:00Z,2024-03-07T12:15,2024-03-07T12:30,50,93.3,93.3,93.3,,1,UP,NO,NO,2026-10-04T00:05:36Z
2024-03-07T11:30:00Z,2024-03-07T12:30,2024-03-07T12:45,51,105.9,105.9,105.9,,1,UP,NO,NO,2026-10-04T00:05:36Z
2024-03-07T11:45:00Z,2024-03-07T12:45,2024-03-07T13:00,52,113.03,113.03,113.03,,1,UP,NO,NO,2026-10-04T00:05:36Z
2024-03-07T12:00:00Z,2024-03-07T13:00,2024-03-07T13:15,53,57.49,57.49,93.2,57.49,-1,DOWN,NO,NO,2026-10-04T00:05:36Z
2024-03-07T12:15:00Z,2024-03-07T13:15,2024-03-07T13:30,54,46.57,46.57,,46.57,-1,DOWN,NO,NO,2026-10-04T00:05:36Z
2024-03-07T12:30:00Z,2024-03-07T13:30,2024-03-07T13:45,55,48.46,48.46,,48.46,-1,DOWN,NO,NO,2026-10-04T00:05:36Z
2024-03-07T12:45:00Z,2024-03-07T13:45,2024-03-07T14:00,56,53.49,53.49,,53.49,-1,DOWN,NO,NO,2026-10-04T00:05:36Z
2024-03-07T13:00:00Z,2024-03-07T14:00,2024-03-07T14:15,57,45.49,45.49,,45.49,-1,DOWN,NO,NO,2026-10-04T00:05:36Z
2024-03-07T13:15:00Z,2024-03-07T14:15,2024-03-07T14:30,58,86.82,86.82,86.82,57.49,1,UP,NO,NO,2026-10-04T00:05:36Z
2024-03-07T13:30:00Z,2024-03-07T14:30,2024-03-07T14:45,59,129.97,129.97,129.97,,1,UP,NO,NO,2026-10-04T00:05:36Z
2024-03-07T13:45:00Z,2024-03-07T14:45,2024-03-07T15:00,60,117.18,117.18,117.18,,1,UP,NO,NO,2026-10-04T00:05:36Z
2024-03-07T14:00:00Z,2024-03-07T15:00,2024-03-07T15:15,61,82.46,82.46,82.46,,1,UP,NO,NO,2026-10-04T00:05:36Z
2024-03-07T14:15:00Z,2024-03-07T15:15,2024-03-07T15:30,62,600,600,600,,1,UP,NO,NO,2026-10-04T00:05:36Z
2024-03-07T14:30:00Z,2024-03-07T15:30,2024-03-07T15:45,63,85.49,85.49,85.49,,1,UP,NO,NO,2026-10-04T00:05:36Z
2024-03-07T14:45:00Z,2024-03-07T15:45,2024-03-07T16:00,64,46.56,46.56,69.97,46.56,-1,DOWN,NO,NO,2026-10-04T00:05:36Z
2024-03-07T15:00:00Z,2024-03-07T16:00,2024-03-07T16:15,65,26.57,26.57,,26.57,-1,DOWN,NO,NO,2026-10-04T00:05:36Z
2024-03-07T15:15:00Z,2024-03-07T16:15,2024-03-07T16:30,66,60.22,60.22,,60.22,-1,DOWN,NO,NO,2026-10-04T00:05:36Z
2024-03-07T15:30:00Z,2024-03-07T16:30,2024-03-07T16:45,67,49.69,49.69,,49.69,-1,DOWN,NO,NO,2026-10-04T00:05:36Z
2024-03-07T15:45:00Z,2024-03-07T16:45,2024-03-07T17:00,68,26.57,26.57,,26.57,-1,DOWN,NO,NO,2026-10-04T00:05:36Z
2024-03-07T16:00:00Z,2024-03-07T17:00,2024-03-07T17:15,69,-10,-10,,-10,-1,DOWN,NO,NO,2026-10-04T00:05:36Z
2024-03-07T16:15:00Z,2024-03-07T17:15,2024-03-07T17:30,70,53.7,53.7,,53.7,-1,DOWN,NO,NO,2026-10-04T00:05:36Z
2024-03-07T16:30:00Z,2024-03-07T17:30,2024-03-07T17:45,71,46.46,46.46,,46.46,-1,DOWN,NO,NO,2026-10-04T00:05:36Z
2024-03-07T16:45:00Z,2024-03-07T17:45,2024-03-07T18:00,72,68.09,68.09,,,0,STABLE,NO,NO,2026-10-04T00:05:36Z
2024-03-07T17:00:00Z,2024-03-07T18:00,2024-03-07T18:15,73,39.9,39.9,,39.9,-1,DOWN,NO,NO,2026-10-04T00:05:36Z
2024-03-07T17:15:00Z,2024-03-07T18:15,2024-03-07T18:30,74,53.2,53.2,,53.2,-1,DOWN,NO,NO,2026-10-04T00:05:36Z
2024-03-07T17:30:00Z,2024-03-07T18:30,2024-03-07T18:45,75,57.64,57.64,,57.64,-1,DOWN,NO,NO,2026-10-04T00:05:36Z
2024-03-07T17:45:00Z,2024-03-07T18:45,2024-03-07T19:00,76,92.41,92.41,92.41,,1,UP,NO,NO,2026-10-04T00:05:36Z
2024-03-07T18:00:00Z,2024-03-07T19:00,2024-03-07T19:15,77,139.06,61.11,139.06,61.11,2,UP_AND_DOWN,NO,NO,2026-10-04T00:05:36Z
2024-03-07T18:15:00Z,2024-03-07T19:15,2024-03-07T19:30,78,56.23,56.23,,56.23,-1,DOWN,NO,NO,2026-10-04T00:05:36Z
2024-03-07T18:30:00Z,2024-03-07T19:30,2024-03-07T19:45,79,53.1,53.1,,53.1,-1,DOWN,NO,NO,2026-10-04T00:05:36Z
2024-03-07T18:45:00Z,2024-03-07T19:45,2024-03-07T20:00,80,-81.26,-81.26,,-81.26,-1,DOWN,NO,NO,2026-10-04T00:05:36Z
2024-03-07T19:00:00Z,2024-03-07T20:00,2024-03-07T20:15,81,85.99,-141.92,85.99,-141.92,2,UP_AND_DOWN,NO,NO,2026-10-04T00:05:36Z
2024-03-07T19:15:00Z,2024-03-07T20:15,2024-03-07T20:30,82,35.99,35.99,,35.99,-1,DOWN,NO,NO,2026-10-04T00:05:36Z
2024-03-07T19:30:00Z,2024-03-07T20:30,2024-03-07T20:45,83,26.57,26.57,,26.57,-1,DOWN,NO,NO,2026-10-04T00:05:36Z
2024-03-07T19:45:00Z,2024-03-07T20:45,2024-03-07T21:00,84,26.57,26.57,,26.57,-1,DOWN,NO,NO,2026-10-04T00:05:36Z
2024-03-07T20:00:00Z,2024-03-07T21:00,2024-03-07T21:15,85,66.83,36.57,66.83,36.57,2,UP_AND_DOWN,NO,NO,2026-10-04T00:05:36Z
2024-03-07T20:15:00Z,2024-03-07T21:15,2024-03-07T21:30,86,53.55,53.55,,53.55,-1,DOWN,NO,NO,2026-10-04T00:05:36Z
2024-03-07T20:30:00Z,2024-03-07T21:30,2024-03-07T21:45,87,40.46,40.46,,40.46,-1,DOWN,NO,NO,2026-10-04T00:05:36Z
2024-03-07T20:45:00Z,2024-03-07T21:45,2024-03-07T22:00,88,28.58,28.58,,28.58,-1,DOWN,NO,NO,2026-10-04T00:05:36Z
2024-03-07T21:00:00Z,2024-03-07T22:00,2024-03-07T22:15,89,69.46,69.46,69.46,28.58,1,UP,NO,NO,2026-10-04T00:05:36Z
2024-03-07T21:15:00Z,2024-03-07T22:15,2024-03-07T22:30,90,65.99,65.99,65.99,,1,UP,NO,NO,2026-10-04T00:05:36Z
2024-03-07T21:30:00Z,2024-03-07T22:30,2024-03-07T22:45,91,35.05,35.05,,35.05,-1,DOWN,NO,NO,2026-10-04T00:05:36Z
2024-03-07T21:45:00Z,2024-03-07T22:45,2024-03-07T23:00,92,35.05,35.05,,35.05,-1,DOWN,NO,NO,2026-10-04T00:05:36Z
2024-03-07T22:00:00Z,2024-03-07T23:00,2024-03-07T23:15,93,93.4,46.57,93.4,46.57,2,UP_AND_DOWN,NO,NO,2026-10-04T00:05:36Z
2024-03-07T22:15:00Z,2024-03-07T23:15,2024-03-07T23:30,94,88.59,88.59,88.59,,1,UP,NO,NO,2026-10-04T00:05:36Z
2024-03-07T22:30:00Z,2024-03-07T23:30,2024-03-07T23:45,95,82.59,82.59,82.59,,1,UP,NO,NO,2026-10-04T00:05:36Z
2024-03-07T22:45:00Z,2024-03-07T23:45,2024-03-08T00:00,96,15.46,15.46,82.59,15.46,-1,DOWN,NO,NO,2026-10-04T00:05:36Z
2024-03-07T23:00:00Z,2024-03-08T00:00,2024-03-08T00:15,1,74.68,-355.5,74.68,-355.5,2,UP_AND_DOWN,NO,NO,2026-10-04T00:05:36Z
2024-03-07T23:15:00Z,2024-03-08T00:15,2024-03-08T00:30,2,59.07,59.07,,,0,STABLE,NO,NO,2026-10-04T00:05:36Z
2024-03-07T23:30:00Z,2024-03-08T00:30,2024-03-08T00:45,3,58.19,58.19,,,0,STABLE,NO,NO,2026-10-04T00:05:36Z
2024-03-07T23:45:00Z,2024-03-08T00:45,2024-03-08T01:00,4,59.07,59.07,,,0,STABLE,NO,NO,2026-10-04T00:05:36Z
2024-03-08T00:00:00Z,2024-03-08T01:00,2024-03-08T01:15,5,76.46,76.46,76.46,,1,UP,NO,NO,2026-10-04T00:05:36Z
2024-03-08T00:15:00Z,2024-03-08T01:15,2024-03-08T01:30,6,59.07,59.07,76.46,,0,STABLE,NO,NO,2026-10-04T00:05:36Z
2024-03-08T00:30:00Z,2024-03-08T01:30,2024-03-08T01:45,7,58.11,58.11,,,0,STABLE,NO,NO,2026-10-04T00:05:36Z
2024-03-08T00:45:00Z,2024-03-08T01:45,2024-03-08T02:00,8,59.07,59.07,,,0,STABLE,NO,NO,2026-10-04T00:05:36Z
2024-03-08T01:00:00Z,2024-03-08T02:00,2024-03-08T02:15,9,66.68,66.68,66.68,,1,UP,NO,NO,2026-10-04T00:05:36Z
2024-03-08T01:15:00Z,2024-03-08T02:15,2024-03-08T02:30,10,67.76,67.76,67.76,,1,UP,NO,NO,2026-10-04T00:05:36Z
2024-03-08T01:30:00Z,2024-03-08T02:30,2024-03-08T02:45,11,59.07,59.07,,,0,STABLE,NO,NO,2026-10-04T00:05:36Z
2024-03-08T01:45:00Z,2024-03-08T02:45,2024-03-08T03:00,12,59.07,59.07,,,0,STABLE,NO,NO,2026-10-04T00:05:36Z
2024-03-08T02:00:00Z,2024-03-08T03:00,2024-03-08T03:15,13,82.46,82.46,82.46,,1,UP,NO,NO,2026-10-04T00:05:36Z
2024-03-08T02:15:00Z,2024-03-08T03:15,2024-03-08T03:30,14,67.63,67.63,67.63,,1,UP,NO,NO,2026-10-04T00:05:36Z
2024-03-08T02:30:00Z,2024-03-08T03:30,2024-03-08T03:45,15,67.63,67.63,67.63,,1,UP,NO,NO,2026-10-04T00:05:36Z
2024-03-08T02:45:00Z,2024-03-08T03:45,2024-03-08T04:00,16,65.23,65.23,65.23,,1,UP,NO,NO,2026-10-04T00:05:36Z
2024-03-08T03:00:00Z,2024-03-08T04:00,2024-03-08T04:15,17,59.07,59.07,65.23,,0,STABLE,NO,NO,2026-10-04T00:05:36Z
2024-03-08T03:15:00Z,2024-03-08T04:15,2024-03-08T04:30,18,59.07,59.07,,,0,STABLE,NO,NO,2026-10-04T00:05:36Z
2024-03-08T03:30:00Z,2024-03-08T04:30,2024-03-08T04:45,19,59.07,59.07,,,0,STABLE,NO,NO,2026-10-04T00:05:36Z
2024-03-08T03:45:00Z,2024-03-08T04:45,2024-03-08T05:00,20,65.85,65.85,65.85,,1,UP,NO,NO,2026-10-04T00:05:36Z
2024-03-08T04:00:00Z,2024-03-08T05:00,2024-03-08T05:15,21,64.68,64.68,64.68,,1,UP,NO,NO,2026-10-04T00:05:36Z
2024-03-08T04:15:00Z,2024-03-08T05:15,2024-03-08T05:30,22,58.09,58.09,,,0,STABLE,NO,NO,2026-10-04T00:05:36Z
2024-03-08T04:30:00Z,2024-03-08T05:30,2024-03-08T05:45,23,64.68,64.68,64.68,,1,UP,NO,NO,2026-10-04T00:05:36Z
2024-03-08T04:45:00Z,2024-03-08T05:45,2024-03-08T06:00,24,64.68,64.68,64.68,,1,UP,NO,NO,2026-10-04T00:05:36Z
2024-03-08T05:00:00Z,2024-03-08T06:00,2024-03-08T06:15,25,75.17,75.17,75.17,,1,UP,NO,NO,2026-10-04T00:05:36Z
2024-03-08T05:15:00Z,2024-03-08T06:15,2024-03-08T06:30,26,92,92,92,,1,UP,NO,NO,2026-10-04T00:05:36Z
2024-03-08T05:30:00Z,2024-03-08T06:30,2024-03-08T06:45,27,1887.1,1887.1,1887.1,,1,UP,NO,NO,2026-10-04T00:05:36Z
2024-03-08T05:45:00Z,2024-03-08T06:45,2024-03-08T07:00,28,1887.1,1887.1,1887.1,,1,UP,NO,NO,2026-10-04T00:05:36Z
2024-03-08T06:00:00Z,2024-03-08T07:00,2024-03-08T07:15,29,1887.1,46.57,1887.1,46.57,2,UP_AND_DOWN,NO,NO,2026-10-04T00:05:36Z
2024-03-08T06:15:00Z,2024-03-08T07:15,2024-03-08T07:30,30,83.13,83.13,83.13,,1,UP,NO,NO,2026-10-04T00:05:36Z
2024-03-08T06:30:00Z,2024-03-08T07:30,2024-03-08T07:45,31,94.5,94.5,94.5,,1,UP,NO,NO,2026-10-04T00:05:36Z
2024-03-08T06:45:00Z,2024-03-08T07:45,2024-03-08T08:00,32,80.03,80.03,80.03,,1,UP,NO,NO,2026-10-04T00:05:36Z
2024-03-08T07:00:00Z,2024-03-08T08:00,2024-03-08T08:15,33,77.98,77.98,77.98,,1,UP,NO,NO,2026-10-04T00:05:36Z
2024-03-08T07:15:00Z,2024-03-08T08:15,2024-03-08T08:30,34,63.65,63.65,77.98,,0,STABLE,NO,NO,2026-10-04T00:05:36Z
2024-03-08T07:30:00Z,2024-03-08T08:30,2024-03-08T08:45,35,63.65,63.65,,,0,STABLE,NO,NO,2026-10-04T00:05:36Z
2024-03-08T07:45:00Z,2024-03-08T08:45,2024-03-08T09:00,36,60.96,60.96,,,0,STABLE,NO,NO,2026-10-04T00:05:36Z
2024-03-08T08:00:00Z,2024-03-08T09:00,2024-03-08T09:15,37,60.76,60.76,,,0,STABLE,NO,NO,2026-10-04T00:05:36Z
2024-03-08T08:15:00Z,2024-03-08T09:15,2024-03-08T09:30,38,43.62,43.62,,43.62,-1,DOWN,NO,NO,2026-10-04T00:05:36Z
2024-03-08T08:30:00Z,2024-03-08T09:30,2024-03-08T09:45,39,-97.5,-97.5,,-97.5,-1,DOWN,NO,NO,2026-10-04T00:05:36Z
2024-03-08T08:45:00Z,2024-03-08T09:45,2024-03-08T10:00,40,95.3,-10,95.3,-10,2,UP_AND_DOWN,NO,NO,2026-10-04T00:05:36Z
2024-03-08T09:00:00Z,2024-03-08T10:00,2024-03-08T10:15,41,69.54,69.54,69.54,-10,1,UP,NO,NO,2026-10-04T00:05:36Z
2024-03-08T09:15:00Z,2024-03-08T10:15,2024-03-08T10:30,42,95.5,37.62,95.5,37.62,2,UP_AND_DOWN,NO,NO,2026-10-04T00:05:36Z
2024-03-08T09:30:00Z,2024-03-08T10:30,2024-03-08T10:45,43,93.5,-84.88,93.5,-84.88,2,UP_AND_DOWN,NO,NO,2026-10-04T00:05:36Z
2024-03-08T09:45:00Z,2024-03-08T10:45,2024-03-08T11:00,44,116.9,-96.19,116.9,-96.19,2,UP_AND_DOWN,NO,NO,2026-10-04T00:05:36Z
2024-03-08T10:00:00Z,2024-03-08T11:00,2024-03-08T11:15,45,95.1,-309.38,95.1,-309.38,2,UP_AND_DOWN,NO,NO,2026-10-04T00:05:36Z
2024-03-08T10:15:00Z,2024-03-08T11:15,2024-03-08T11:30,46,-44.38,-44.38,,-44.38,-1,DOWN,NO,NO,2026-10-04T00:05:36Z
2024-03-08T10:30:00Z,2024-03-08T11:30,2024-03-08T11:45,47,-45,-45,,-45,-1,DOWN,NO,NO,2026-10-04T00:05:36Z
2024-03-08T10:45:00Z,2024-03-08T11:45,2024-03-08T12:00,48,-46.5,-46.5,,-46.5,-1,DOWN,NO,NO,2026-10-04T00:05:36Z
2024-03-08T11:00:00Z,2024-03-08T12:00,2024-03-08T12:15,49,76.96,-125.75,76.96,-125.75,2,UP_AND_DOWN,NO,NO,2026-10-04T00:05:36Z
2024-03-08T11:15:00Z,2024-03-08T12:15,2024-03-08T12:30,50,-59.38,-59.38,,-59.38,-1,DOWN,NO,NO,2026-10-04T00:05:36Z
2024-03-08T11:30:00Z,2024-03-08T12:30,2024-03-08T12:45,51,67.57,-135,67.57,-135,2,UP_AND_DOWN,NO,NO,2026-10-04T00:05:36Z
2024-03-08T11:45:00Z,2024-03-08T12:45,2024-03-08T13:00,52,63.96,-417.38,63.96,-417.38,2,UP_AND_DOWN,NO,NO,2026-10-04T00:05:36Z
2024-03-08T12:00:00Z,2024-03-08T13:00,2024-03-08T13:15,53,57.96,-519.88,57.96,-519.88,2,UP_AND_DOWN,NO,NO,2026-10-04T00:05:36Z
2024-03-08T12:15:00Z,2024-03-08T13:15,2024-03-08T13:30,54,71.96,-130.13,71.96,-130.13,2,UP_AND_DOWN,NO,NO,2026-10-04T00:05:36Z
2024-03-08T12:30:00Z,2024-03-08T13:30,2024-03-08T13:45,55,52.42,-236.75,49.34,-236.75,2,UP_AND_DOWN,NO,NO,2026-10-04T00:05:36Z
2024-03-08T12:45:00Z,2024-03-08T13:45,2024-03-08T14:00,56,55.17,-128.13,54.83,-128.13,2,UP_AND_DOWN,NO,NO,2026-10-04T00:05:36Z
2024-03-08T13:00:00Z,2024-03-08T14:00,2024-03-08T14:15,57,45.2,-273,37.63,-273,2,UP_AND_DOWN,NO,NO,2026-10-04T00:05:36Z
2024-03-08T13:15:00Z,2024-03-08T14:15,2024-03-08T14:30,58,59,-367.5,59,-367.5,2,UP_AND_DOWN,NO,NO,2026-10-04T00:05:36Z
2024-03-08T13:30:00Z,2024-03-08T14:30,2024-03-08T14:45,59,71.96,-475,71.96,-475,2,UP_AND_DOWN,NO,NO,2026-10-04T00:05:36Z
2024-03-08T13:45:00Z,2024-03-08T14:45,2024-03-08T15:00,60,59,-109.38,59,-109.38,2,UP_AND_DOWN,NO,NO,2026-10-04T00:05:36Z
2024-03-08T14:00:00Z,2024-03-08T15:00,2024-03-08T15:15,61,62.54,-234.38,62.54,-234.38,2,UP_AND_DOWN,NO,NO,2026-10-04T00:05:36Z
2024-03-08T14:15:00Z,2024-03-08T15:15,2024-03-08T15:30,62,66.54,-187.5,66.54,-187.5,2,UP_AND_DOWN,NO,NO,2026-10-04T00:05:36Z
2024-03-08T14:30:00Z,2024-03-08T15:30,2024-03-08T15:45,63,66.54,66.54,66.54,,1,UP,NO,NO,2026-10-04T00:05:36Z
2024-03-08T14:45:00Z,2024-03-08T15:45,2024-03-08T16:00,64,66.54,66.54,66.54,36.57,1,UP,NO,NO,2026-10-04T00:05:36Z
2024-03-08T15:00:00Z,2024-03-08T16:00,2024-03-08T16:15,65,62.54,-69.38,62.54,-69.38,2,UP_AND_DOWN,NO,NO,2026-10-04T00:05:36Z
2024-03-08T15:15:00Z,2024-03-08T16:15,2024-03-08T16:30,66,94.1,94.1,94.1,,1,UP,NO,NO,2026-10-04T00:05:36Z
2024-03-08T15:30:00Z,2024-03-08T16:30,2024-03-08T16:45,67,92.02,92.02,92.02,,1,UP,NO,NO,2026-10-04T00:05:36Z
2024-03-08T15:45:00Z,2024-03-08T16:45,2024-03-08T17:00,68,78.6,78.6,78.6,,1,UP,NO,NO,2026-10-04T00:05:36Z
2024-03-08T16:00:00Z,2024-03-08T17:00,2024-03-08T17:15,69,71.39,-40,71.39,-40,2,UP_AND_DOWN,NO,NO,2026-10-04T00:05:36Z
2024-03-08T16:15:00Z,2024-03-08T17:15,2024-03-08T17:30,70,71.13,40.89,71.13,40.89,2,UP_AND_DOWN,NO,NO,2026-10-04T00:05:36Z
2024-03-08T16:30:00Z,2024-03-08T17:30,2024-03-08T17:45,71,64.51,64.51,,,0,STABLE,NO,NO,2026-10-04T00:05:36Z
2024-03-08T16:45:00Z,2024-03-08T17:45,2024-03-08T18:00,72,69.39,69.39,69.39,,1,UP,NO,NO,2026-10-04T00:05:36Z
2024-03-08T17:00:00Z,2024-03-08T18:00,2024-03-08T18:15,73,71.39,26.57,71.39,26.57,2,UP_AND_DOWN,NO,NO,2026-10-04T00:05:36Z
2024-03-08T17:15:00Z,2024-03-08T18:15,2024-03-08T18:30,74,69.39,-6.43,69.39,-6.43,2,UP_AND_DOWN,NO,NO,2026-10-04T00:05:36Z
2024-03-08T17:30:00Z,2024-03-08T18:30,2024-03-08T18:45,75,46.57,46.57,,46.57,-1,DOWN,NO,NO,2026-10-04T00:05:36Z
2024-03-08T17:45:00Z,2024-03-08T18:45,2024-03-08T19:00,76,38.78,38.78,,38.78,-1,DOWN,NO,NO,2026-10-04T00:05:36Z
2024-03-08T18:00:00Z,2024-03-08T19:00,2024-03-08T19:15,77,64.51,64.51,,,0,STABLE,NO,NO,2026-10-04T00:05:36Z
2024-03-08T18:15:00Z,2024-03-08T19:15,2024-03-08T19:30,78,69.49,69.49,69.49,,1,UP,NO,NO,2026-10-04T00:05:36Z
2024-03-08T18:30:00Z,2024-03-08T19:30,2024-03-08T19:45,79,64.51,64.51,,59.39,0,STABLE,NO,NO,2026-10-04T00:05:36Z
2024-03-08T18:45:00Z,2024-03-08T19:45,2024-03-08T20:00,80,25.33,25.33,,25.33,-1,DOWN,NO,NO,2026-10-04T00:05:36Z
2024-03-08T19:00:00Z,2024-03-08T20:00,2024-03-08T20:15,81,79.62,-30.6,79.62,-30.6,2,UP_AND_DOWN,NO,NO,2026-10-04T00:05:36Z
2024-03-08T19:15:00Z,2024-03-08T20:15,2024-03-08T20:30,82,56.71,56.71,,,0,STABLE,NO,NO,2026-10-04T00:05:36Z
2024-03-08T19:30:00Z,2024-03-08T20:30,2024-03-08T20:45,83,24.2,24.2,,24.2,-1,DOWN,NO,NO,2026-10-04T00:05:36Z
2024-03-08T19:45:00Z,2024-03-08T20:45,2024-03-08T21:00,84,22.37,22.37,,22.37,-1,DOWN,NO,NO,2026-10-04T00:05:36Z
2024-03-08T20:00:00Z,2024-03-08T21:00,2024-03-08T21:15,85,64.79,64.79,64.79,,1,UP,NO,NO,2026-10-04T00:05:36Z
2024-03-08T20:15:00Z,2024-03-08T21:15,2024-03-08T21:30,86,72.79,72.79,72.79,,1,UP,NO,NO,2026-10-04T00:05:36Z
2024-03-08T20:30:00Z,2024-03-08T21:30,2024-03-08T21:45,87,64.79,64.79,64.79,,1,UP,NO,NO,2026-10-04T00:05:36Z
2024-03-08T20:45:00Z,2024-03-08T21:45,2024-03-08T22:00,88,56.71,56.71,,,0,STABLE,NO,NO,2026-10-04T00:05:36Z
2024-03-08T21:00:00Z,2024-03-08T22:00,2024-03-08T22:15,89,56.51,56.51,,,0,STABLE,NO,NO,2026-10-04T00:05:36Z
2024-03-08T21:15:00Z,2024-03-08T22:15,2024-03-08T22:30,90,62.39,62.39,62.39,,1,UP,NO,NO,2026-10-04T00:05:36Z
2024-03-08T21:30:00Z,2024-03-08T22:30,2024-03-08T22:45,91,72.39,72.39,72.39,,1,UP,NO,NO,2026-10-04T00:05:36Z
2024-03-08T21:45:00Z,2024-03-08T22:45,2024-03-08T23:00,92,36.57,36.57,,36.57,-1,DOWN,NO,NO,2026-10-04T00:05:36Z
2024-03-08T22:00:00Z,2024-03-08T23:00,2024-03-08T23:15,93,22.37,22.37,,22.37,-1,DOWN,NO,NO,2026-10-04T00:05:36Z
2024-03-08T22:15:00Z,2024-03-08T23:15,2024-03-08T23:30,94,26.57,26.57,,26.57,-1,DOWN,NO,NO,2026-10-04T00:05:36Z
2024-03-08T22:30:00Z,2024-03-08T23:30,2024-03-08T23:45,95,56.12,56.12,,26.57,0,STABLE,NO,NO,2026-10-04T00:05:36Z
2024-03-08T22:45:00Z,2024-03-08T23:45,2024-03-09T00:00,96,-8,-8,,-8,-1,DOWN,NO,NO,2026-10-04T00:05:36Z
2024-03-08T23:00:00Z,2024-03-09T00:00,2024-03-09T00:15,1,84.97,-10,84.97,-10,2,UP_AND_DOWN,NO,NO,2026-10-04T00:05:36Z
2024-03-08T23:15:00Z,2024-03-09T00:15,2024-03-09T00:30,2,57.02,37.62,57.02,37.62,2,UP_AND_DOWN,NO,NO,2026-10-04T00:05:36Z
2024-03-08T23:30:00Z,2024-03-09T00:30,2024-03-09T00:45,3,71.97,-40,71.97,-40,2,UP_AND_DOWN,NO,NO,2026-10-04T00:05:36Z
2024-03-08T23:45:00Z,2024-03-09T00:45,2024-03-09T01:00,4,43.62,43.62,,43.62,-1,DOWN,NO,NO,2026-10-04T00:05:36Z
2024-03-09T00:00:00Z,2024-03-09T01:00,2024-03-09T01:15,5,-.47,-.47,,-.47,-1,DOWN,NO,NO,2026-10-04T00:05:36Z
2024-03-09T00:15:00Z,2024-03-09T01:15,2024-03-09T01:30,6,-38.6,-38.6,,-38.6,-1,DOWN,NO,NO,2026-10-04T00:05:36Z
2024-03-09T00:30:00Z,2024-03-09T01:30,2024-03-09T01:45,7,63.97,-40,63.97,-40,2,UP_AND_DOWN,NO,NO,2026-10-04T00:05:36Z
2024-03-09T00:45:00Z,2024-03-09T01:45,2024-03-09T02:00,8,-10,-10,63.97,-10,-1,DOWN,NO,NO,2026-10-04T00:05:36Z
2024-03-09T01:00:00Z,2024-03-09T02:00,2024-03-09T02:15,9,50.62,50.62,,50.62,-1,DOWN,NO,NO,2026-10-04T00:05:36Z
2024-03-09T01:15:00Z,2024-03-09T02:15,2024-03-09T02:30,10,56,56,,,0,STABLE,NO,NO,2026-10-04T00:05:36Z
2024-03-09T01:30:00Z,2024-03-09T02:30,2024-03-09T02:45,11,56,56,57.02,,0,STABLE,NO,NO,2026-10-04T00:05:36Z
2024-03-09T01:45:00Z,2024-03-09T02:45,2024-03-09T03:00,12,56,56,,,0,STABLE,NO,NO,2026-10-04T00:05:36Z
2024-03-09T02:00:00Z,2024-03-09T03:00,2024-03-09T03:15,13,92.7,43.62,92.7,43.62,2,UP_AND_DOWN,NO,NO,2026-10-04T00:05:36Z
2024-03-09T02:15:00Z,2024-03-09T03:15,2024-03-09T03:30,14,92.7,92.7,92.7,,1,UP,NO,NO,2026-10-04T00:05:36Z
2024-03-09T02:30:00Z,2024-03-09T03:30,2024-03-09T03:45,15,77.02,77.02,77.02,,1,UP,NO,NO,2026-10-04T00:05:36Z
2024-03-09T02:45:00Z,2024-03-09T03:45,2024-03-09T04:00,16,92.7,92.7,92.7,,1,UP,NO,NO,2026-10-04T00:05:36Z
2024-03-09T03:00:00Z,2024-03-09T04:00,2024-03-09T04:15,17,92.02,92.02,92.02,,1,UP,NO,NO,2026-10-04T00:05:36Z
2024-03-09T03:15:00Z,2024-03-09T04:15,2024-03-09T04:30,18,92.7,92.7,92.7,,1,UP,NO,NO,2026-10-04T00:05:36Z
2024-03-09T03:30:00Z,2024-03-09T04:30,2024-03-09T04:45,19,92.7,92.7,92.7,,1,UP,NO,NO,2026-10-04T00:05:36Z
2024-03-09T03:45:00Z,2024-03-09T04:45,2024-03-09T05:00,20,79.62,79.62,79.62,,1,UP,NO,NO,2026-10-04T00:05:36Z
2024-03-09T04:00:00Z,2024-03-09T05:00,2024-03-09T05:15,21,70.97,70.97,70.97,,1,UP,NO,NO,2026-10-04T00:05:36Z
2024-03-09T04:15:00Z,2024-03-09T05:15,2024-03-09T05:30,22,88.62,88.62,88.62,,1,UP,NO,NO,2026-10-04T00:05:36Z
2024-03-09T04:30:00Z,2024-03-09T05:30,2024-03-09T05:45,23,92.02,92.02,92.02,,1,UP,NO,NO,2026-10-04T00:05:36Z
2024-03-09T04:45:00Z,2024-03-09T05:45,2024-03-09T06:00,24,63.77,63.77,63.77,,1,UP,NO,NO,2026-10-04T00:05:36Z
2024-03-09T05:00:00Z,2024-03-09T06:00,2024-03-09T06:15,25,63.42,63.42,63.42,,1,UP,NO,NO,2026-10-04T00:05:36Z
2024-03-09T05:15:00Z,2024-03-09T06:15,2024-03-09T06:30,26,92.7,92.7,92.7,,1,UP,NO,NO,2026-10-04T00:05:36Z
2024-03-09T05:30:00Z,2024-03-09T06:30,2024-03-09T06:45,27,92.7,92.7,92.7,,1,UP,NO,NO,2026-10-04T00:05:36Z
2024-03-09T05:45:00Z,2024-03-09T06:45,2024-03-09T07:00,28,115,115,115,,1,UP,NO,NO,2026-10-04T00:05:36Z
2024-03-09T06:00:00Z,2024-03-09T07:00,2024-03-09T07:15,29,93.7,93.7,93.7,,1,UP,NO,NO,2026-10-04T00:05:36Z
2024-03-09T06:15:00Z,2024-03-09T07:15,2024-03-09T07:30,30,93.7,93.7,93.7,,1,UP,NO,NO,2026-10-04T00:05:36Z
2024-03-09T06:30:00Z,2024-03-09T07:30,2024-03-09T07:45,31,64.97,64.97,64.97,,1,UP,NO,NO,2026-10-04T00:05:36Z
2024-03-09T06:45:00Z,2024-03-09T07:45,2024-03-09T08:00,32,53.89,53.89,,,0,STABLE,NO,NO,2026-10-04T00:05:36Z
2024-03-09T07:00:00Z,2024-03-09T08:00,2024-03-09T08:15,33,107.02,107.02,107.02,,1,UP,NO,NO,2026-10-04T00:05:36Z
2024-03-09T07:15:00Z,2024-03-09T08:15,2024-03-09T08:30,34,42.49,42.49,107.02,,0,STABLE,NO,NO,2026-10-04T00:05:36Z
2024-03-09T07:30:00Z,2024-03-09T08:30,2024-03-09T08:45,35,21.98,21.98,,21.98,-1,DOWN,NO,NO,2026-10-04T00:05:36Z
2024-03-09T07:45:00Z,2024-03-09T08:45,2024-03-09T09:00,36,43.59,43.59,,43.59,-1,DOWN,NO,NO,2026-10-04T00:05:36Z
2024-03-09T08:00:00Z,2024-03-09T09:00,2024-03-09T09:15,37,1887.1,1887.1,1887.1,43.59,1,UP,NO,NO,2026-10-04T00:05:36Z
2024-03-09T08:15:00Z,2024-03-09T09:15,2024-03-09T09:30,38,154.97,-105.38,154.97,-105.38,2,UP_AND_DOWN,NO,NO,2026-10-04T00:05:36Z
2024-03-09T08:30:00Z,2024-03-09T09:30,2024-03-09T09:45,39,-40,-40,93.6,-40,-1,DOWN,NO,NO,2026-10-04T00:05:36Z
2024-03-09T08:45:00Z,2024-03-09T09:45,2024-03-09T10:00,40,42.49,-6.57,30,-6.57,2,UP_AND_DOWN,NO,NO,2026-10-04T00:05:36Z
2024-03-09T09:00:00Z,2024-03-09T10:00,2024-03-09T10:15,41,42.49,42.49,,-6.57,0,STABLE,NO,NO,2026-10-04T00:05:36Z
2024-03-09T09:15:00Z,2024-03-09T10:15,2024-03-09T10:30,42,42.49,42.49,30,,0,STABLE,NO,NO,2026-10-04T00:05:36Z
2024-03-09T09:30:00Z,2024-03-09T10:30,2024-03-09T10:45,43,42.49,42.49,,,0,STABLE,NO,NO,2026-10-04T00:05:36Z
2024-03-09T09:45:00Z,2024-03-09T10:45,2024-03-09T11:00,44,-480.17,-480.17,,-480.17,-1,DOWN,NO,NO,2026-10-04T00:05:36Z
2024-03-09T10:00:00Z,2024-03-09T11:00,2024-03-09T11:15,45,93.8,-126.55,93.8,-126.55,2,UP_AND_DOWN,NO,NO,2026-10-04T00:05:36Z
2024-03-09T10:15:00Z,2024-03-09T11:15,2024-03-09T11:30,46,84.97,-32.12,84.97,-32.12,2,UP_AND_DOWN,NO,NO,2026-10-04T00:05:36Z
2024-03-09T10:30:00Z,2024-03-09T11:30,2024-03-09T11:45,47,127.3,127.3,127.3,,1,UP,NO,NO,2026-10-04T00:05:36Z
2024-03-09T10:45:00Z,2024-03-09T11:45,2024-03-09T12:00,48,1887.1,-32.57,1887.1,-32.57,2,UP_AND_DOWN,NO,NO,2026-10-04T00:05:36Z
2024-03-09T11:00:00Z,2024-03-09T12:00,2024-03-09T12:15,49,42.49,42.49,,,0,STABLE,NO,NO,2026-10-04T00:05:36Z
2024-03-09T11:15:00Z,2024-03-09T12:15,2024-03-09T12:30,50,-10,-10,,-10,-1,DOWN,NO,NO,2026-10-04T00:05:36Z
2024-03-09T11:30:00Z,2024-03-09T12:30,2024-03-09T12:45,51,-31.64,-31.64,,-31.64,-1,DOWN,NO,NO,2026-10-04T00:05:36Z
2024-03-09T11:45:00Z,2024-03-09T12:45,2024-03-09T13:00,52,-32.12,-32.12,,-32.12,-1,DOWN,NO,NO,2026-10-04T00:05:36Z
2024-03-09T12:00:00Z,2024-03-09T13:00,2024-03-09T13:15,53,127.3,-294.55,127.3,-294.55,2,UP_AND_DOWN,NO,NO,2026-10-04T00:05:36Z
2024-03-09T12:15:00Z,2024-03-09T13:15,2024-03-09T13:30,54,93.8,-390.17,93.8,-390.17,2,UP_AND_DOWN,NO,NO,2026-10-04T00:05:36Z
2024-03-09T12:30:00Z,2024-03-09T13:30,2024-03-09T13:45,55,600,-157.55,600,-157.55,2,UP_AND_DOWN,NO,NO,2026-10-04T00:05:36Z
2024-03-09T12:45:00Z,2024-03-09T13:45,2024-03-09T14:00,56,600,-553.87,600,-553.87,2,UP_AND_DOWN,NO,NO,2026-10-04T00:05:36Z
2024-03-09T13:00:00Z,2024-03-09T14:00,2024-03-09T14:15,57,-4,-4,600,-4,-1,DOWN,NO,NO,2026-10-04T00:05:36Z
2024-03-09T13:15:00Z,2024-03-09T14:15,2024-03-09T14:30,58,60.35,-102.5,60.35,-102.5,2,UP_AND_DOWN,NO,NO,2026-10-04T00:05:36Z
2024-03-09T13:30:00Z,2024-03-09T14:30,2024-03-09T14:45,59,85.55,-129.42,85.55,-129.42,2,UP_AND_DOWN,NO,NO,2026-10-04T00:05:36Z
2024-03-09T13:45:00Z,2024-03-09T14:45,2024-03-09T15:00,60,66.62,-151.92,66.62,-151.92,2,UP_AND_DOWN,NO,NO,2026-10-04T00:05:36Z
2024-03-09T14:00:00Z,2024-03-09T15:00,2024-03-09T15:15,61,93.8,-87.75,93.8,-87.75,2,UP_AND_DOWN,NO,NO,2026-10-04T00:05:36Z
2024-03-09T14:15:00Z,2024-03-09T15:15,2024-03-09T15:30,62,93.8,-32.57,93.8,-32.57,2,UP_AND_DOWN,NO,NO,2026-10-04T00:05:36Z
2024-03-09T14:30:00Z,2024-03-09T15:30,2024-03-09T15:45,63,88.7,-147.5,88.7,-147.5,2,UP_AND_DOWN,NO,NO,2026-10-04T00:05:36Z
2024-03-09T14:45:00Z,2024-03-09T15:45,2024-03-09T16:00,64,92.02,92.02,92.02,,1,UP,NO,NO,2026-10-04T00:05:36Z
2024-03-09T15:00:00Z,2024-03-09T16:00,2024-03-09T16:15,65,81.97,81.97,81.97,,1,UP,NO,NO,2026-10-04T00:05:36Z
2024-03-09T15:15:00Z,2024-03-09T16:15,2024-03-09T16:30,66,1887.1,1887.1,1887.1,,1,UP,NO,NO,2026-10-04T00:05:36Z
2024-03-09T15:30:00Z,2024-03-09T16:30,2024-03-09T16:45,67,1887.1,1887.1,1887.1,,1,UP,NO,NO,2026-10-04T00:05:36Z
2024-03-09T15:45:00Z,2024-03-09T16:45,2024-03-09T17:00,68,102.5,102.5,102.5,,1,UP,NO,NO,2026-10-04T00:05:36Z
2024-03-09T16:00:00Z,2024-03-09T17:00,2024-03-09T17:15,69,83.97,-32.5,83.97,-32.5,2,UP_AND_DOWN,NO,NO,2026-10-04T00:05:36Z
2024-03-09T16:15:00Z,2024-03-09T17:15,2024-03-09T17:30,70,79.97,3.98,79.97,3.98,2,UP_AND_DOWN,NO,NO,2026-10-04T00:05:36Z
2024-03-09T16:30:00Z,2024-03-09T17:30,2024-03-09T17:45,71,81.97,50.59,81.97,50.59,2,UP_AND_DOWN,NO,NO,2026-10-04T00:05:36Z
2024-03-09T16:45:00Z,2024-03-09T17:45,2024-03-09T18:00,72,37.59,37.59,,37.59,-1,DOWN,NO,NO,2026-10-04T00:05:36Z
2024-03-09T17:00:00Z,2024-03-09T18:00,2024-03-09T18:15,73,57.02,-14.19,57.02,-14.19,2,UP_AND_DOWN,NO,NO,2026-10-04T00:05:36Z
2024-03-09T17:15:00Z,2024-03-09T18:15,2024-03-09T18:30,74,77.02,-9.69,77.02,-9.69,2,UP_AND_DOWN,NO,NO,2026-10-04T00:05:36Z
2024-03-09T17:30:00Z,2024-03-09T18:30,2024-03-09T18:45,75,69.97,-17.48,69.97,-17.48,2,UP_AND_DOWN,NO,NO,2026-10-04T00:05:36Z
2024-03-09T17:45:00Z,2024-03-09T18:45,2024-03-09T19:00,76,98.08,-47.19,98.08,-47.19,2,UP_AND_DOWN,NO,NO,2026-10-04T00:05:36Z
2024-03-09T18:00:00Z,2024-03-09T19:00,2024-03-09T19:15,77,112.4,-14.19,112.4,-14.19,2,UP_AND_DOWN,NO,NO,2026-10-04T00:05:36Z
2024-03-09T18:15:00Z,2024-03-09T19:15,2024-03-09T19:30,78,-9.69,-9.69,,-9.69,-1,DOWN,NO,NO,2026-10-04T00:05:36Z
2024-03-09T18:30:00Z,2024-03-09T19:30,2024-03-09T19:45,79,-40,-40,77.02,-40,-1,DOWN,NO,NO,2026-10-04T00:05:36Z
2024-03-09T18:45:00Z,2024-03-09T19:45,2024-03-09T20:00,80,74.1,-234.38,74.1,-234.38,2,UP_AND_DOWN,NO,NO,2026-10-04T00:05:36Z
2024-03-09T19:00:00Z,2024-03-09T20:00,2024-03-09T20:15,81,77.97,-317.38,77.97,-317.38,2,UP_AND_DOWN,NO,NO,2026-10-04T00:05:36Z
2024-03-09T19:15:00Z,2024-03-09T20:15,2024-03-09T20:30,82,127.02,-307.38,127.02,-307.38,2,UP_AND_DOWN,NO,NO,2026-10-04T00:05:36Z
2024-03-09T19:30:00Z,2024-03-09T20:30,2024-03-09T20:45,83,93.7,-10,93.7,-10,2,UP_AND_DOWN,NO,NO,2026-10-04T00:05:36Z
2024-03-09T19:45:00Z,2024-03-09T20:45,2024-03-09T21:00,84,8.98,8.98,,8.98,-1,DOWN,NO,NO,2026-10-04T00:05:36Z
2024-03-09T20:00:00Z,2024-03-09T21:00,2024-03-09T21:15,85,77.02,77.02,77.02,,1,UP,NO,NO,2026-10-04T00:05:36Z
2024-03-09T20:15:00Z,2024-03-09T21:15,2024-03-09T21:30,86,57.02,57.02,57.02,,1,UP,NO,NO,2026-10-04T00:05:36Z
2024-03-09T20:30:00Z,2024-03-09T21:30,2024-03-09T21:45,87,56,56,,,0,STABLE,NO,NO,2026-10-04T00:05:36Z
2024-03-09T20:45:00Z,2024-03-09T21:45,2024-03-09T22:00,88,56,56,,,0,STABLE,NO,NO,2026-10-04T00:05:36Z
2024-03-09T21:00:00Z,2024-03-09T22:00,2024-03-09T22:15,89,57.36,57.36,57.36,,1,UP,NO,NO,2026-10-04T00:05:36Z
2024-03-09T21:15:00Z,2024-03-09T22:15,2024-03-09T22:30,90,64.97,64.97,64.97,,1,UP,NO,NO,2026-10-04T00:05:36Z
2024-03-09T21:30:00Z,2024-03-09T22:30,2024-03-09T22:45,91,73.59,73.59,73.59,,1,UP,NO,NO,2026-10-04T00:05:36Z
2024-03-09T21:45:00Z,2024-03-09T22:45,2024-03-09T23:00,92,77.02,-40.83,77.02,-40.83,2,UP_AND_DOWN,NO,NO,2026-10-04T00:05:36Z
2024-03-09T22:00:00Z,2024-03-09T23:00,2024-03-09T23:15,93,93.8,-40,93.8,-40,2,UP_AND_DOWN,NO,NO,2026-10-04T00:05:36Z
2024-03-09T22:15:00Z,2024-03-09T23:15,2024-03-09T23:30,94,93.8,-45.25,93.8,-45.25,2,UP_AND_DOWN,NO,NO,2026-10-04T00:05:36Z
2024-03-09T22:30:00Z,2024-03-09T23:30,2024-03-09T23:45,95,114.2,-32.1,114.2,-32.1,2,UP_AND_DOWN,NO,NO,2026-10-04T00:05:36Z
2024-03-09T22:45:00Z,2024-03-09T23:45,2024-03-10T00:00,96,84.97,84.97,84.97,,1,UP,NO,NO,2026-10-04T00:05:36Z
2024-03-09T23:00:00Z,2024-03-10T00:00,2024-03-10T00:15,1,87.97,87.97,87.97,,1,UP,NO,NO,2026-10-04T00:05:36Z
2024-03-09T23:15:00Z,2024-03-10T00:15,2024-03-10T00:30,2,72.97,72.97,72.97,,1,UP,NO,NO,2026-10-04T00:05:36Z
2024-03-09T23:30:00Z,2024-03-10T00:30,2024-03-10T00:45,3,65,-10,65,-10,2,UP_AND_DOWN,NO,NO,2026-10-04T00:05:36Z
2024-03-09T23:45:00Z,2024-03-10T00:45,2024-03-10T01:00,4,-10,-10,,-10,-1,DOWN,NO,NO,2026-10-04T00:05:36Z
2024-03-10T00:00:00Z,2024-03-10T01:00,2024-03-10T01:15,5,93.3,93.3,93.3,,1,UP,NO,NO,2026-10-04T00:05:36Z
2024-03-10T00:15:00Z,2024-03-10T01:15,2024-03-10T01:30,6,71.97,71.97,71.97,,1,UP,NO,NO,2026-10-04T00:05:36Z
2024-03-10T00:30:00Z,2024-03-10T01:30,2024-03-10T01:45,7,101.97,101.97,101.97,,1,UP,NO,NO,2026-10-04T00:05:36Z
2024-03-10T00:45:00Z,2024-03-10T01:45,2024-03-10T02:00,8,93.3,93.3,93.3,,1,UP,NO,NO,2026-10-04T00:05:36Z
2024-03-10T01:00:00Z,2024-03-10T02:00,2024-03-10T02:15,9,1887.1,1887.1,1887.1,-10,1,UP,NO,NO,2026-10-04T00:05:36Z
2024-03-10T01:15:00Z,2024-03-10T02:15,2024-03-10T02:30,10,-10,-10,1887.1,-10,-1,DOWN,NO,NO,2026-10-04T00:05:36Z
2024-03-10T01:30:00Z,2024-03-10T02:30,2024-03-10T02:45,11,57.02,57.02,57.02,,1,UP,NO,NO,2026-10-04T00:05:36Z
2024-03-10T01:45:00Z,2024-03-10T02:45,2024-03-10T03:00,12,-28.57,-28.57,,-28.57,-1,DOWN,NO,NO,2026-10-04T00:05:36Z
2024-03-10T02:00:00Z,2024-03-10T03:00,2024-03-10T03:15,13,-10,-10,,-10,-1,DOWN,NO,NO,2026-10-04T00:05:36Z
2024-03-10T02:15:00Z,2024-03-10T03:15,2024-03-10T03:30,14,45.03,45.03,45.03,,1,UP,NO,NO,2026-10-04T00:05:36Z
2024-03-10T02:30:00Z,2024-03-10T03:30,2024-03-10T03:45,15,-10,-10,,-10,-1,DOWN,NO,NO,2026-10-04T00:05:36Z
2024-03-10T02:45:00Z,2024-03-10T03:45,2024-03-10T04:00,16,-10,-10,,-10,-1,DOWN,NO,NO,2026-10-04T00:05:36Z
2024-03-10T03:00:00Z,2024-03-10T04:00,2024-03-10T04:15,17,63.97,-10,63.97,-10,2,UP_AND_DOWN,NO,NO,2026-10-04T00:05:36Z
2024-03-10T03:15:00Z,2024-03-10T04:15,2024-03-10T04:30,18,48.46,5.98,48.37,5.98,2,UP_AND_DOWN,NO,NO,2026-10-04T00:05:36Z
2024-03-10T03:30:00Z,2024-03-10T04:30,2024-03-10T04:45,19,3.98,3.98,,3.98,-1,DOWN,NO,NO,2026-10-04T00:05:36Z
2024-03-10T03:45:00Z,2024-03-10T04:45,2024-03-10T05:00,20,-30.57,-30.57,,-30.57,-1,DOWN,NO,NO,2026-10-04T00:05:36Z
2024-03-10T04:00:00Z,2024-03-10T05:00,2024-03-10T05:15,21,-29.98,-29.98,,-29.98,-1,DOWN,NO,NO,2026-10-04T00:05:36Z
2024-03-10T04:15:00Z,2024-03-10T05:15,2024-03-10T05:30,22,61.3,-40,61.3,-40,2,UP_AND_DOWN,NO,NO,2026-10-04T00:05:36Z
2024-03-10T04:30:00Z,2024-03-10T05:30,2024-03-10T05:45,23,61.3,-32.57,61.3,-32.57,2,UP_AND_DOWN,NO,NO,2026-10-04T00:05:36Z
2024-03-10T04:45:00Z,2024-03-10T05:45,2024-03-10T06:00,24,69.97,-36,69.97,-36,2,UP_AND_DOWN,NO,NO,2026-10-04T00:05:36Z
2024-03-10T05:00:00Z,2024-03-10T06:00,2024-03-10T06:15,25,51.73,-30.57,51.47,-30.57,2,UP_AND_DOWN,NO,NO,2026-10-04T00:05:36Z
2024-03-10T05:15:00Z,2024-03-10T06:15,2024-03-10T06:30,26,54.5,54.5,,,0,STABLE,NO,NO,2026-10-04T00:05:36Z
2024-03-10T05:30:00Z,2024-03-10T06:30,2024-03-10T06:45,27,54.5,54.5,,,0,STABLE,NO,NO,2026-10-04T00:05:36Z
2024-03-10T05:45:00Z,2024-03-10T06:45,2024-03-10T07:00,28,-10,-10,,-10,-1,DOWN,NO,NO,2026-10-04T00:05:36Z
2024-03-10T06:00:00Z,2024-03-10T07:00,2024-03-10T07:15,29,48.19,48.19,,48.98,0,STABLE,NO,NO,2026-10-04T00:05:36Z
2024-03-10T06:15:00Z,2024-03-10T07:15,2024-03-10T07:30,30,14.98,14.98,,14.98,-1,DOWN,NO,NO,2026-10-04T00:05:36Z
2024-03-10T06:30:00Z,2024-03-10T07:30,2024-03-10T07:45,31,41.01,41.01,,,0,STABLE,NO,NO,2026-10-04T00:05:36Z
2024-03-10T06:45:00Z,2024-03-10T07:45,2024-03-10T08:00,32,52.5,52.5,,,0,STABLE,NO,NO,2026-10-04T00:05:36Z
2024-03-10T07:00:00Z,2024-03-10T08:00,2024-03-10T08:15,33,40.99,40.99,,,0,STABLE,NO,NO,2026-10-04T00:05:36Z
2024-03-10T07:15:00Z,2024-03-10T08:15,2024-03-10T08:30,34,40.99,40.99,,,0,STABLE,NO,NO,2026-10-04T00:05:36Z
2024-03-10T07:30:00Z,2024-03-10T08:30,2024-03-10T08:45,35,41.57,41.57,,,0,STABLE,NO,NO,2026-10-04T00:05:36Z
2024-03-10T07:45:00Z,2024-03-10T08:45,2024-03-10T09:00,36,48.98,48.98,,48.98,-1,DOWN,NO,NO,2026-10-04T00:05:36Z
2024-03-10T08:00:00Z,2024-03-10T09:00,2024-03-10T09:15,37,14.98,14.98,,14.98,-1,DOWN,NO,NO,2026-10-04T00:05:36Z
2024-03-10T08:15:00Z,2024-03-10T09:15,2024-03-10T09:30,38,.98,.98,,.98,-1,DOWN,NO,NO,2026-10-04T00:05:36Z
2024-03-10T08:30:00Z,2024-03-10T09:30,2024-03-10T09:45,39,44.98,44.98,,44.98,-1,DOWN,NO,NO,2026-10-04T00:05:36Z
2024-03-10T08:45:00Z,2024-03-10T09:45,2024-03-10T10:00,40,57.02,57.02,57.02,51.98,1,UP,NO,NO,2026-10-04T00:05:36Z
2024-03-10T09:00:00Z,2024-03-10T10:00,2024-03-10T10:15,41,78.97,78.97,78.97,,1,UP,NO,NO,2026-10-04T00:05:36Z
2024-03-10T09:15:00Z,2024-03-10T10:15,2024-03-10T10:30,42,87.97,87.97,87.97,,1,UP,NO,NO,2026-10-04T00:05:36Z
2024-03-10T09:30:00Z,2024-03-10T10:30,2024-03-10T10:45,43,92.02,92.02,92.02,,1,UP,NO,NO,2026-10-04T00:05:36Z
2024-03-10T09:45:00Z,2024-03-10T10:45,2024-03-10T11:00,44,78.97,78.97,78.97,41.34,1,UP,NO,NO,2026-10-04T00:05:36Z
2024-03-10T10:00:00Z,2024-03-10T11:00,2024-03-10T11:15,45,93.3,-46.92,93.3,-46.92,2,UP_AND_DOWN,NO,NO,2026-10-04T00:05:36Z
2024-03-10T10:15:00Z,2024-03-10T11:15,2024-03-10T11:30,46,92.02,-67.5,92.02,-67.5,2,UP_AND_DOWN,NO,NO,2026-10-04T00:05:36Z
2024-03-10T10:30:00Z,2024-03-10T11:30,2024-03-10T11:45,47,93.4,93.4,93.4,,1,UP,NO,NO,2026-10-04T00:05:36Z
2024-03-10T10:45:00Z,2024-03-10T11:45,2024-03-10T12:00,48,113.6,113.6,113.6,,1,UP,NO,NO,2026-10-04T00:05:36Z
2024-03-10T11:00:00Z,2024-03-10T12:00,2024-03-10T12:15,49,101.97,101.97,101.97,,1,UP,NO,NO,2026-10-04T00:05:36Z
2024-03-10T11:15:00Z,2024-03-10T12:15,2024-03-10T12:30,50,93.5,93.5,93.5,,1,UP,NO,NO,2026-10-04T00:05:36Z
2024-03-10T11:30:00Z,2024-03-10T12:30,2024-03-10T12:45,51,93.5,93.5,93.5,,1,UP,NO,NO,2026-10-04T00:05:36Z
2024-03-10T11:45:00Z,2024-03-10T12:45,2024-03-10T13:00,52,94.97,94.97,94.97,,1,UP,NO,NO,2026-10-04T00:05:36Z
2024-03-10T12:00:00Z,2024-03-10T13:00,2024-03-10T13:15,53,67.97,67.97,67.97,,1,UP,NO,NO,2026-10-04T00:05:36Z
2024-03-10T12:15:00Z,2024-03-10T13:15,2024-03-10T13:30,54,91.61,91.61,91.61,,1,UP,NO,NO,2026-10-04T00:05:36Z
2024-03-10T12:30:00Z,2024-03-10T13:30,2024-03-10T13:45,55,49.42,49.42,91.61,,0,STABLE,NO,NO,2026-10-04T00:05:36Z
2024-03-10T12:45:00Z,2024-03-10T13:45,2024-03-10T14:00,56,35.98,35.98,,35.98,-1,DOWN,NO,NO,2026-10-04T00:05:36Z
2024-03-10T13:00:00Z,2024-03-10T14:00,2024-03-10T14:15,57,.98,.98,,.98,-1,DOWN,NO,NO,2026-10-04T00:05:36Z
2024-03-10T13:15:00Z,2024-03-10T14:15,2024-03-10T14:30,58,-10,-10,,-10,-1,DOWN,NO,NO,2026-10-04T00:05:36Z
2024-03-10T13:30:00Z,2024-03-10T14:30,2024-03-10T14:45,59,80.52,-26.94,80.52,-26.94,2,UP_AND_DOWN,NO,NO,2026-10-04T00:05:36Z
2024-03-10T13:45:00Z,2024-03-10T14:45,2024-03-10T15:00,60,55.07,55.07,55.07,,1,UP,NO,NO,2026-10-04T00:05:36Z
2024-03-10T14:00:00Z,2024-03-10T15:00,2024-03-10T15:15,61,1887.1,-160.12,1887.1,-160.12,2,UP_AND_DOWN,NO,NO,2026-10-04T00:05:36Z
2024-03-10T14:15:00Z,2024-03-10T15:15,2024-03-10T15:30,62,74.97,-5.19,74.97,-5.19,2,UP_AND_DOWN,NO,NO,2026-10-04T00:05:36Z
2024-03-10T14:30:00Z,2024-03-10T15:30,2024-03-10T15:45,63,93.4,-31.11,93.4,-31.11,2,UP_AND_DOWN,NO,NO,2026-10-04T00:05:36Z
2024-03-10T14:45:00Z,2024-03-10T15:45,2024-03-10T16:00,64,93.4,-37.11,93.4,-37.11,2,UP_AND_DOWN,NO,NO,2026-10-04T00:05:36Z
2024-03-10T15:00:00Z,2024-03-10T16:00,2024-03-10T16:15,65,93.4,-128.17,93.4,-128.17,2,UP_AND_DOWN,NO,NO,2026-10-04T00:05:36Z
2024-03-10T15:15:00Z,2024-03-10T16:15,2024-03-10T16:30,66,118.97,-181.99,118.97,-181.99,2,UP_AND_DOWN,NO,NO,2026-10-04T00:05:36Z
2024-03-10T15:30:00Z,2024-03-10T16:30,2024-03-10T16:45,67,93.4,93.4,93.4,,1,UP,NO,NO,2026-10-04T00:05:36Z
2024-03-10T15:45:00Z,2024-03-10T16:45,2024-03-10T17:00,68,78.97,-62.38,78.97,-62.38,2,UP_AND_DOWN,NO,NO,2026-10-04T00:05:36Z
2024-03-10T16:00:00Z,2024-03-10T17:00,2024-03-10T17:15,69,80.97,1.98,80.97,1.98,2,UP_AND_DOWN,NO,NO,2026-10-04T00:05:36Z
2024-03-10T16:15:00Z,2024-03-10T17:15,2024-03-10T17:30,70,53.98,53.98,80.97,53.98,-1,DOWN,NO,NO,2026-10-04T00:05:36Z
2024-03-10T16:30:00Z,2024-03-10T17:30,2024-03-10T17:45,71,68.97,59.12,68.97,60.21,2,UP_AND_DOWN,NO,NO,2026-10-04T00:05:36Z
2024-03-10T16:45:00Z,2024-03-10T17:45,2024-03-10T18:00,72,77.02,77.02,77.02,,1,UP,NO,NO,2026-10-04T00:05:36Z
2024-03-10T17:00:00Z,2024-03-10T18:00,2024-03-10T18:15,73,79.75,79.75,79.75,,1,UP,NO,NO,2026-10-04T00:05:36Z
2024-03-10T17:15:00Z,2024-03-10T18:15,2024-03-10T18:30,74,92,92,92,,1,UP,NO,NO,2026-10-04T00:05:36Z
2024-03-10T17:30:00Z,2024-03-10T18:30,2024-03-10T18:45,75,84.45,84.45,84.45,,1,UP,NO,NO,2026-10-04T00:05:36Z
2024-03-10T17:45:00Z,2024-03-10T18:45,2024-03-10T19:00,76,78.97,78.97,78.97,,1,UP,NO,NO,2026-10-04T00:05:36Z
2024-03-10T18:00:00Z,2024-03-10T19:00,2024-03-10T19:15,77,80.97,80.97,80.97,,1,UP,NO,NO,2026-10-04T00:05:36Z
2024-03-10T18:15:00Z,2024-03-10T19:15,2024-03-10T19:30,78,78.97,78.97,78.97,,1,UP,NO,NO,2026-10-04T00:05:36Z
2024-03-10T18:30:00Z,2024-03-10T19:30,2024-03-10T19:45,79,73.97,73.97,73.97,,1,UP,NO,NO,2026-10-04T00:05:36Z
2024-03-10T18:45:00Z,2024-03-10T19:45,2024-03-10T20:00,80,75.97,75.97,75.97,,1,UP,NO,NO,2026-10-04T00:05:36Z
2024-03-10T19:00:00Z,2024-03-10T20:00,2024-03-10T20:15,81,77.45,77.45,77.45,,1,UP,NO,NO,2026-10-04T00:05:36Z
2024-03-10T19:15:00Z,2024-03-10T20:15,2024-03-10T20:30,82,69.97,69.97,69.97,,1,UP,NO,NO,2026-10-04T00:05:36Z
2024-03-10T19:30:00Z,2024-03-10T20:30,2024-03-10T20:45,83,61.7,61.7,,66.37,0,STABLE,NO,NO,2026-10-04T00:05:36Z
2024-03-10T19:45:00Z,2024-03-10T20:45,2024-03-10T21:00,84,60.36,60.36,,60.36,-1,DOWN,NO,NO,2026-10-04T00:05:36Z
2024-03-10T20:00:00Z,2024-03-10T21:00,2024-03-10T21:15,85,58.86,58.86,,58.86,-1,DOWN,NO,NO,2026-10-04T00:05:36Z
2024-03-10T20:15:00Z,2024-03-10T21:15,2024-03-10T21:30,86,61.7,61.7,,,0,STABLE,NO,NO,2026-10-04T00:05:36Z
2024-03-10T20:30:00Z,2024-03-10T21:30,2024-03-10T21:45,87,57.98,57.98,,57.98,-1,DOWN,NO,NO,2026-10-04T00:05:36Z
2024-03-10T20:45:00Z,2024-03-10T21:45,2024-03-10T22:00,88,56.98,56.98,,56.98,-1,DOWN,NO,NO,2026-10-04T00:05:36Z
2024-03-10T21:00:00Z,2024-03-10T22:00,2024-03-10T22:15,89,60.7,60.7,,60.7,-1,DOWN,NO,NO,2026-10-04T00:05:36Z
2024-03-10T21:15:00Z,2024-03-10T22:15,2024-03-10T22:30,90,55.86,55.86,,55.86,-1,DOWN,NO,NO,2026-10-04T00:05:36Z
2024-03-10T21:30:00Z,2024-03-10T22:30,2024-03-10T22:45,91,55.86,55.86,,55.86,-1,DOWN,NO,NO,2026-10-04T00:05:36Z
2024-03-10T21:45:00Z,2024-03-10T22:45,2024-03-10T23:00,92,51.36,51.36,,51.36,-1,DOWN,NO,NO,2026-10-04T00:05:36Z
2024-03-10T22:00:00Z,2024-03-10T23:00,2024-03-10T23:15,93,45.36,45.36,,45.36,-1,DOWN,NO,NO,2026-10-04T00:05:36Z
2024-03-10T22:15:00Z,2024-03-10T23:15,2024-03-10T23:30,94,45.36,45.36,,45.36,-1,DOWN,NO,NO,2026-10-04T00:05:36Z
2024-03-10T22:30:00Z,2024-03-10T23:30,2024-03-10T23:45,95,37.98,37.98,,37.98,-1,DOWN,NO,NO,2026-10-04T00:05:36Z
2024-03-10T22:45:00Z,2024-03-10T23:45,2024-03-11T00:00,96,37.98,37.98,,37.98,-1,DOWN,NO,NO,2026-10-04T00:05:36Z
2024-03-10T23:00:00Z,2024-03-11T00:00,2024-03-11T00:15,1,43.25,43.25,,43.25,-1,DOWN,NO,NO,2026-10-04T00:05:36Z
2024-03-10T23:15:00Z,2024-03-11T00:15,2024-03-11T00:30,2,62.99,62.99,,,0,STABLE,NO,NO,2026-10-04T00:05:36Z
2024-03-10T23:30:00Z,2024-03-11T00:30,2024-03-11T00:45,3,64.64,64.64,,,0,STABLE,NO,NO,2026-10-04T00:05:36Z
2024-03-10T23:45:00Z,2024-03-11T00:45,2024-03-11T01:00,4,55.3,55.3,,55.3,-1,DOWN,NO,NO,2026-10-04T00:05:36Z
2024-03-11T00:00:00Z,2024-03-11T01:00,2024-03-11T01:15,5,54.3,54.3,,54.3,-1,DOWN,NO,NO,2026-10-04T00:05:36Z
2024-03-11T00:15:00Z,2024-03-11T01:15,2024-03-11T01:30,6,41.34,41.34,,41.34,-1,DOWN,NO,NO,2026-10-04T00:05:36Z
2024-03-11T00:30:00Z,2024-03-11T01:30,2024-03-11T01:45,7,31.98,31.98,,31.98,-1,DOWN,NO,NO,2026-10-04T00:05:36Z
2024-03-11T00:45:00Z,2024-03-11T01:45,2024-03-11T02:00,8,27.98,27.98,,27.98,-1,DOWN,NO,NO,2026-10-04T00:05:36Z
2024-03-11T01:00:00Z,2024-03-11T02:00,2024-03-11T02:15,9,59.3,59.3,,59.3,-1,DOWN,NO,NO,2026-10-04T00:05:36Z
2024-03-11T01:15:00Z,2024-03-11T02:15,2024-03-11T02:30,10,59.74,59.74,,59.74,-1,DOWN,NO,NO,2026-10-04T00:05:36Z
2024-03-11T01:30:00Z,2024-03-11T02:30,2024-03-11T02:45,11,59.74,59.74,,59.74,-1,DOWN,NO,NO,2026-10-04T00:05:36Z
2024-03-11T01:45:00Z,2024-03-11T02:45,2024-03-11T03:00,12,59.43,59.43,60.3,59.43,-1,DOWN,NO,NO,2026-10-04T00:05:36Z
2024-03-11T02:00:00Z,2024-03-11T03:00,2024-03-11T03:15,13,55.03,55.03,,55.03,-1,DOWN,NO,NO,2026-10-04T00:05:36Z
2024-03-11T02:15:00Z,2024-03-11T03:15,2024-03-11T03:30,14,68.56,68.56,68.56,,1,UP,NO,NO,2026-10-04T00:05:36Z
2024-03-11T02:30:00Z,2024-03-11T03:30,2024-03-11T03:45,15,75.03,75.03,75.03,,1,UP,NO,NO,2026-10-04T00:05:36Z
2024-03-11T02:45:00Z,2024-03-11T03:45,2024-03-11T04:00,16,70.03,70.03,70.03,,1,UP,NO,NO,2026-10-04T00:05:36Z
2024-03-11T03:00:00Z,2024-03-11T04:00,2024-03-11T04:15,17,93.2,93.2,93.2,,1,UP,NO,NO,2026-10-04T00:05:36Z
2024-03-11T03:15:00Z,2024-03-11T04:15,2024-03-11T04:30,18,85.13,85.13,85.13,,1,UP,NO,NO,2026-10-04T00:05:36Z
2024-03-11T03:30:00Z,2024-03-11T04:30,2024-03-11T04:45,19,80.03,80.03,80.03,,1,UP,NO,NO,2026-10-04T00:05:36Z
2024-03-11T03:45:00Z,2024-03-11T04:45,2024-03-11T05:00,20,77.02,77.02,77.02,,1,UP,NO,NO,2026-10-04T00:05:36Z
2024-03-11T04:00:00Z,2024-03-11T05:00,2024-03-11T05:15,21,69.29,56.98,69.29,56.98,2,UP_AND_DOWN,NO,NO,2026-10-04T00:05:36Z
2024-03-11T04:15:00Z,2024-03-11T05:15,2024-03-11T05:30,22,73.97,73.97,73.97,,1,UP,NO,NO,2026-10-04T00:05:36Z
2024-03-11T04:30:00Z,2024-03-11T05:30,2024-03-11T05:45,23,72.97,72.97,72.97,,1,UP,NO,NO,2026-10-04T00:05:36Z
2024-03-11T04:45:00Z,2024-03-11T05:45,2024-03-11T06:00,24,70.84,70.84,70.84,,1,UP,NO,NO,2026-10-04T00:05:36Z
2024-03-11T05:00:00Z,2024-03-11T06:00,2024-03-11T06:15,25,60.51,60.51,,,0,STABLE,NO,NO,2026-10-04T00:05:36Z
2024-03-11T05:15:00Z,2024-03-11T06:15,2024-03-11T06:30,26,60.3,60.3,60.3,,1,UP,NO,NO,2026-10-04T00:05:36Z
2024-03-11T05:30:00Z,2024-03-11T06:30,2024-03-11T06:45,27,60.23,60.23,,60.23,-1,DOWN,NO,NO,2026-10-04T00:05:36Z
2024-03-11T05:45:00Z,2024-03-11T06:45,2024-03-11T07:00,28,51.31,51.31,,51.31,-1,DOWN,NO,NO,2026-10-04T00:05:36Z
2024-03-11T06:00:00Z,2024-03-11T07:00,2024-03-11T07:15,29,64.58,3.09,64.58,3.09,2,UP_AND_DOWN,NO,NO,2026-10-04T00:05:36Z
2024-03-11T06:15:00Z,2024-03-11T07:15,2024-03-11T07:30,30,55.23,55.23,,55.23,-1,DOWN,NO,NO,2026-10-04T00:05:36Z
2024-03-11T06:30:00Z,2024-03-11T07:30,2024-03-11T07:45,31,69.97,69.97,69.97,,1,UP,NO,NO,2026-10-04T00:05:36Z
2024-03-11T06:45:00Z,2024-03-11T07:45,2024-03-11T08:00,32,66.33,66.33,66.33,,1,UP,NO,NO,2026-10-04T00:05:36Z
2024-03-11T07:00:00Z,2024-03-11T08:00,2024-03-11T08:15,33,97.79,97.79,97.79,,1,UP,NO,NO,2026-10-04T00:05:36Z
2024-03-11T07:15:00Z,2024-03-11T08:15,2024-03-11T08:30,34,97.97,97.97,97.97,,1,UP,NO,NO,2026-10-04T00:05:36Z
2024-03-11T07:30:00Z,2024-03-11T08:30,2024-03-11T08:45,35,93.7,93.7,93.7,,1,UP,NO,NO,2026-10-04T00:05:36Z
2024-03-11T07:45:00Z,2024-03-11T08:45,2024-03-11T09:00,36,93.7,93.7,93.7,,1,UP,NO,NO,2026-10-04T00:05:36Z
2024-03-11T08:00:00Z,2024-03-11T09:00,2024-03-11T09:15,37,147.02,147.02,147.02,,1,UP,NO,NO,2026-10-04T00:05:36Z
2024-03-11T08:15:00Z,2024-03-11T09:15,2024-03-11T09:30,38,118.97,118.97,118.97,,1,UP,NO,NO,2026-10-04T00:05:36Z
2024-03-11T08:30:00Z,2024-03-11T09:30,2024-03-11T09:45,39,114.5,114.5,114.5,,1,UP,NO,NO,2026-10-04T00:05:36Z
2024-03-11T08:45:00Z,2024-03-11T09:45,2024-03-11T10:00,40,107.02,107.02,107.02,,1,UP,NO,NO,2026-10-04T00:05:36Z
2024-03-11T09:00:00Z,2024-03-11T10:00,2024-03-11T10:15,41,73.09,51.59,73.09,51.59,2,UP_AND_DOWN,NO,NO,2026-10-04T00:05:36Z
2024-03-11T09:15:00Z,2024-03-11T10:15,2024-03-11T10:30,42,72.97,72.97,72.97,,1,UP,NO,NO,2026-10-04T00:05:36Z
2024-03-11T09:30:00Z,2024-03-11T10:30,2024-03-11T10:45,43,66.45,66.45,66.45,,1,UP,NO,NO,2026-10-04T00:05:36Z
2024-03-11T09:45:00Z,2024-03-11T10:45,2024-03-11T11:00,44,92.12,92.12,92.12,,1,UP,NO,NO,2026-10-04T00:05:36Z
2024-03-11T10:00:00Z,2024-03-11T11:00,2024-03-11T11:15,45,63.53,60.63,62.03,60.63,2,UP_AND_DOWN,NO,NO,2026-10-04T00:05:36Z
2024-03-11T10:15:00Z,2024-03-11T11:15,2024-03-11T11:30,46,73.09,73.09,73.09,,1,UP,NO,NO,2026-10-04T00:05:36Z
2024-03-11T10:30:00Z,2024-03-11T11:30,2024-03-11T11:45,47,79.09,79.09,79.09,,1,UP,NO,NO,2026-10-04T00:05:36Z
2024-03-11T10:45:00Z,2024-03-11T11:45,2024-03-11T12:00,48,85.92,85.92,85.92,,1,UP,NO,NO,2026-10-04T00:05:36Z
2024-03-11T11:00:00Z,2024-03-11T12:00,2024-03-11T12:15,49,54.64,54.64,85.92,54.64,-1,DOWN,NO,NO,2026-10-04T00:05:36Z
2024-03-11T11:15:00Z,2024-03-11T12:15,2024-03-11T12:30,50,60.74,60.74,60.74,,1,UP,NO,NO,2026-10-04T00:05:36Z
2024-03-11T11:30:00Z,2024-03-11T12:30,2024-03-11T12:45,51,60.22,60.22,,60.22,-1,DOWN,NO,NO,2026-10-04T00:05:36Z
2024-03-11T11:45:00Z,2024-03-11T12:45,2024-03-11T13:00,52,63.54,63.54,,,0,STABLE,NO,NO,2026-10-04T00:05:36Z
2024-03-11T12:00:00Z,2024-03-11T13:00,2024-03-11T13:15,53,63.6,63.6,,,0,STABLE,NO,NO,2026-10-04T00:05:36Z
2024-03-11T12:15:00Z,2024-03-11T13:15,2024-03-11T13:30,54,65.61,65.61,,,0,STABLE,NO,NO,2026-10-04T00:05:36Z
2024-03-11T12:30:00Z,2024-03-11T13:30,2024-03-11T13:45,55,64.67,64.67,64.67,,1,UP,NO,NO,2026-10-04T00:05:36Z
2024-03-11T12:45:00Z,2024-03-11T13:45,2024-03-11T14:00,56,63.08,63.08,,,0,STABLE,NO,NO,2026-10-04T00:05:36Z
2024-03-11T13:00:00Z,2024-03-11T14:00,2024-03-11T14:15,57,93.8,93.8,93.8,,1,UP,NO,NO,2026-10-04T00:05:36Z
2024-03-11T13:15:00Z,2024-03-11T14:15,2024-03-11T14:30,58,83.97,63.08,83.97,65.52,2,UP_AND_DOWN,NO,NO,2026-10-04T00:05:36Z
2024-03-11T13:30:00Z,2024-03-11T14:30,2024-03-11T14:45,59,77.63,77.63,77.63,,1,UP,NO,NO,2026-10-04T00:05:36Z
2024-03-11T13:45:00Z,2024-03-11T14:45,2024-03-11T15:00,60,84.73,84.73,84.73,,1,UP,NO,NO,2026-10-04T00:05:36Z
2024-03-11T14:00:00Z,2024-03-11T15:00,2024-03-11T15:15,61,62.99,62.99,60.95,65.52,2,UP_AND_DOWN,NO,NO,2026-10-04T00:05:36Z
2024-03-11T14:15:00Z,2024-03-11T15:15,2024-03-11T15:30,62,74.31,74.31,74.31,,1,UP,NO,NO,2026-10-04T00:05:36Z
2024-03-11T14:30:00Z,2024-03-11T15:30,2024-03-11T15:45,63,140.63,140.63,140.63,,1,UP,NO,NO,2026-10-04T00:05:36Z
2024-03-11T14:45:00Z,2024-03-11T15:45,2024-03-11T16:00,64,127.02,127.02,127.02,,1,UP,NO,NO,2026-10-04T00:05:36Z
2024-03-11T15:00:00Z,2024-03-11T16:00,2024-03-11T16:15,65,93.8,93.8,93.8,,1,UP,NO,NO,2026-10-04T00:05:36Z
2024-03-11T15:15:00Z,2024-03-11T16:15,2024-03-11T16:30,66,99.18,99.18,99.18,,1,UP,NO,NO,2026-10-04T00:05:36Z
2024-03-11T15:30:00Z,2024-03-11T16:30,2024-03-11T16:45,67,93.8,93.8,93.8,,1,UP,NO,NO,2026-10-04T00:05:36Z
2024-03-11T15:45:00Z,2024-03-11T16:45,2024-03-11T17:00,68,93.8,93.8,93.8,,1,UP,NO,NO,2026-10-04T00:05:36Z
2024-03-11T16:00:00Z,2024-03-11T17:00,2024-03-11T17:15,69,90.91,61.91,90.91,61.91,2,UP_AND_DOWN,NO,NO,2026-10-04T00:05:36Z
2024-03-11T16:15:00Z,2024-03-11T17:15,2024-03-11T17:30,70,73.96,73.96,73.96,61.91,1,UP,NO,NO,2026-10-04T00:05:36Z
2024-03-11T16:30:00Z,2024-03-11T17:30,2024-03-11T17:45,71,77.96,77.96,77.96,,1,UP,NO,NO,2026-10-04T00:05:36Z
2024-03-11T16:45:00Z,2024-03-11T17:45,2024-03-11T18:00,72,93.8,93.8,93.8,,1,UP,NO,NO,2026-10-04T00:05:36Z
2024-03-11T17:00:00Z,2024-03-11T18:00,2024-03-11T18:15,73,58.93,58.93,90.12,58.93,-1,DOWN,NO,NO,2026-10-04T00:05:36Z
2024-03-11T17:15:00Z,2024-03-11T18:15,2024-03-11T18:30,74,85.96,85.96,85.96,,1,UP,NO,NO,2026-10-04T00:05:36Z
2024-03-11T17:30:00Z,2024-03-11T18:30,2024-03-11T18:45,75,93.8,93.8,93.8,,1,UP,NO,NO,2026-10-04T00:05:36Z
2024-03-11T17:45:00Z,2024-03-11T18:45,2024-03-11T19:00,76,77.02,77.02,77.02,,1,UP,NO,NO,2026-10-04T00:05:36Z
2024-03-11T18:00:00Z,2024-03-11T19:00,2024-03-11T19:15,77,76.13,76.13,76.13,,1,UP,NO,NO,2026-10-04T00:05:36Z
2024-03-11T18:15:00Z,2024-03-11T19:15,2024-03-11T19:30,78,69.95,69.95,69.95,,1,UP,NO,NO,2026-10-04T00:05:36Z
2024-03-11T18:30:00Z,2024-03-11T19:30,2024-03-11T19:45,79,69.49,69.49,69.49,,1,UP,NO,NO,2026-10-04T00:05:36Z
2024-03-11T18:45:00Z,2024-03-11T19:45,2024-03-11T20:00,80,66.31,66.31,,,0,STABLE,NO,NO,2026-10-04T00:05:36Z
2024-03-11T19:00:00Z,2024-03-11T20:00,2024-03-11T20:15,81,177.97,177.97,177.97,,1,UP,NO,NO,2026-10-04T00:05:36Z
2024-03-11T19:15:00Z,2024-03-11T20:15,2024-03-11T20:30,82,93.97,93.97,93.97,,1,UP,NO,NO,2026-10-04T00:05:36Z
2024-03-11T19:30:00Z,2024-03-11T20:30,2024-03-11T20:45,83,85.49,85.49,85.49,,1,UP,NO,NO,2026-10-04T00:05:36Z
2024-03-11T19:45:00Z,2024-03-11T20:45,2024-03-11T21:00,84,77.49,77.49,77.49,,1,UP,NO,NO,2026-10-04T00:05:36Z
2024-03-11T20:00:00Z,2024-03-11T21:00,2024-03-11T21:15,85,115.97,115.97,115.97,,1,UP,NO,NO,2026-10-04T00:05:36Z
2024-03-11T20:15:00Z,2024-03-11T21:15,2024-03-11T21:30,86,114.5,114.5,114.5,,1,UP,NO,NO,2026-10-04T00:05:36Z
2024-03-11T20:30:00Z,2024-03-11T21:30,2024-03-11T21:45,87,90.49,90.49,90.49,,1,UP,NO,NO,2026-10-04T00:05:36Z
2024-03-11T20:45:00Z,2024-03-11T21:45,2024-03-11T22:00,88,72.73,72.73,72.73,,1,UP,NO,NO,2026-10-04T00:05:36Z
2024-03-11T21:00:00Z,2024-03-11T22:00,2024-03-11T22:15,89,56.27,56.27,,56.27,-1,DOWN,NO,NO,2026-10-04T00:05:36Z
2024-03-11T21:15:00Z,2024-03-11T22:15,2024-03-11T22:30,90,50.68,50.68,,50.68,-1,DOWN,NO,NO,2026-10-04T00:05:36Z
2024-03-11T21:30:00Z,2024-03-11T22:30,2024-03-11T22:45,91,65.64,56.16,64.75,56.16,2,UP_AND_DOWN,NO,NO,2026-10-04T00:05:36Z
2024-03-11T21:45:00Z,2024-03-11T22:45,2024-03-11T23:00,92,65.7,65.7,64.88,,0,STABLE,NO,NO,2026-10-04T00:05:36Z
2024-03-11T22:00:00Z,2024-03-11T23:00,2024-03-11T23:15,93,61.84,61.84,,61.84,-1,DOWN,NO,NO,2026-10-04T00:05:36Z
2024-03-11T22:15:00Z,2024-03-11T23:15,2024-03-11T23:30,94,65.69,65.69,,,0,STABLE,NO,NO,2026-10-04T00:05:36Z
2024-03-11T22:30:00Z,2024-03-11T23:30,2024-03-11T23:45,95,57.95,57.95,,57.95,-1,DOWN,NO,NO,2026-10-04T00:05:36Z
2024-03-11T22:45:00Z,2024-03-11T23:45,2024-03-12T00:00,96,57.96,57.96,,57.96,-1,DOWN,NO,NO,2026-10-04T00:05:36Z
2024-03-11T23:00:00Z,2024-03-12T00:00,2024-03-12T00:15,1,65.27,65.27,,57.96,0,STABLE,NO,NO,2026-10-04T00:05:36Z
2024-03-11T23:15:00Z,2024-03-12T00:15,2024-03-12T00:30,2,50.09,50.09,,50.09,-1,DOWN,NO,NO,2026-10-04T00:05:36Z
2024-03-11T23:30:00Z,2024-03-12T00:30,2024-03-12T00:45,3,48.97,48.97,,48.97,-1,DOWN,NO,NO,2026-10-04T00:05:36Z
2024-03-11T23:45:00Z,2024-03-12T00:45,2024-03-12T01:00,4,50.34,50.34,,50.34,-1,DOWN,NO,NO,2026-10-04T00:05:36Z
2024-03-12T00:00:00Z,2024-03-12T01:00,2024-03-12T01:15,5,49.88,49.88,60.3,49.88,-1,DOWN,NO,NO,2026-10-04T00:05:36Z
2024-03-12T00:15:00Z,2024-03-12T01:15,2024-03-12T01:30,6,50.09,50.09,,50.09,-1,DOWN,NO,NO,2026-10-04T00:05:36Z
2024-03-12T00:30:00Z,2024-03-12T01:30,2024-03-12T01:45,7,54.92,54.92,,54.92,-1,DOWN,NO,NO,2026-10-04T00:05:36Z
2024-03-12T00:45:00Z,2024-03-12T01:45,2024-03-12T02:00,8,47.31,47.31,,47.31,-1,DOWN,NO,NO,2026-10-04T00:05:36Z
2024-03-12T01:00:00Z,2024-03-12T02:00,2024-03-12T02:15,9,46.57,46.57,,46.57,-1,DOWN,NO,NO,2026-10-04T00:05:36Z
2024-03-12T01:15:00Z,2024-03-12T02:15,2024-03-12T02:30,10,48.54,48.54,,48.54,-1,DOWN,NO,NO,2026-10-04T00:05:36Z
2024-03-12T01:30:00Z,2024-03-12T02:30,2024-03-12T02:45,11,55.03,55.03,,55.03,-1,DOWN,NO,NO,2026-10-04T00:05:36Z
2024-03-12T01:45:00Z,2024-03-12T02:45,2024-03-12T03:00,12,48.82,48.82,,48.82,-1,DOWN,NO,NO,2026-10-04T00:05:36Z
2024-03-12T02:00:00Z,2024-03-12T03:00,2024-03-12T03:15,13,49.68,49.68,,49.68,-1,DOWN,NO,NO,2026-10-04T00:05:36Z
2024-03-12T02:15:00Z,2024-03-12T03:15,2024-03-12T03:30,14,64.62,64.62,,,0,STABLE,NO,NO,2026-10-04T00:05:36Z
2024-03-12T02:30:00Z,2024-03-12T03:30,2024-03-12T03:45,15,65.31,65.31,65.31,,1,UP,NO,NO,2026-10-04T00:05:36Z
2024-03-12T02:45:00Z,2024-03-12T03:45,2024-03-12T04:00,16,76.36,76.36,76.36,,1,UP,NO,NO,2026-10-04T00:05:36Z
2024-03-12T03:00:00Z,2024-03-12T04:00,2024-03-12T04:15,17,91.18,91.18,91.18,,1,UP,NO,NO,2026-10-04T00:05:36Z
2024-03-12T03:15:00Z,2024-03-12T04:15,2024-03-12T04:30,18,73.09,73.09,73.09,,1,UP,NO,NO,2026-10-04T00:05:36Z
2024-03-12T03:30:00Z,2024-03-12T04:30,2024-03-12T04:45,19,79.09,79.09,79.09,,1,UP,NO,NO,2026-10-04T00:05:36Z
2024-03-12T03:45:00Z,2024-03-12T04:45,2024-03-12T05:00,20,59.15,59.15,79.09,53.18,0,STABLE,NO,NO,2026-10-04T00:05:36Z
2024-03-12T04:00:00Z,2024-03-12T05:00,2024-03-12T05:15,21,77.09,59.67,77.09,59.67,2,UP_AND_DOWN,NO,NO,2026-10-04T00:05:36Z
2024-03-12T04:15:00Z,2024-03-12T05:15,2024-03-12T05:30,22,78.45,78.45,78.45,,1,UP,NO,NO,2026-10-04T00:05:36Z
2024-03-12T04:30:00Z,2024-03-12T05:30,2024-03-12T05:45,23,93.8,93.8,93.8,,1,UP,NO,NO,2026-10-04T00:05:36Z
2024-03-12T04:45:00Z,2024-03-12T05:45,2024-03-12T06:00,24,60.21,49.67,60.21,49.67,2,UP_AND_DOWN,NO,NO,2026-10-04T00:05:36Z
2024-03-12T05:00:00Z,2024-03-12T06:00,2024-03-12T06:15,25,39.19,39.19,,39.19,-1,DOWN,NO,NO,2026-10-04T00:05:36Z
2024-03-12T05:15:00Z,2024-03-12T06:15,2024-03-12T06:30,26,53.8,53.8,,53.8,-1,DOWN,NO,NO,2026-10-04T00:05:36Z
2024-03-12T05:30:00Z,2024-03-12T06:30,2024-03-12T06:45,27,63.34,63.34,,,0,STABLE,NO,NO,2026-10-04T00:05:36Z
2024-03-12T05:45:00Z,2024-03-12T06:45,2024-03-12T07:00,28,60.29,60.29,60.29,,1,UP,NO,NO,2026-10-04T00:05:36Z
2024-03-12T06:00:00Z,2024-03-12T07:00,2024-03-12T07:15,29,49.27,49.27,,49.27,-1,DOWN,NO,NO,2026-10-04T00:05:36Z
2024-03-12T06:15:00Z,2024-03-12T07:15,2024-03-12T07:30,30,65.26,65.26,65.26,49.27,1,UP,NO,NO,2026-10-04T00:05:36Z
2024-03-12T06:30:00Z,2024-03-12T07:30,2024-03-12T07:45,31,112.7,112.7,112.7,,1,UP,NO,NO,2026-10-04T00:05:36Z
2024-03-12T06:45:00Z,2024-03-12T07:45,2024-03-12T08:00,32,56.42,56.42,112.7,56.42,-1,DOWN,NO,NO,2026-10-04T00:05:36Z
2024-03-12T07:00:00Z,2024-03-12T08:00,2024-03-12T08:15,33,112.7,112.7,112.7,,1,UP,NO,NO,2026-10-04T00:05:36Z
2024-03-12T07:15:00Z,2024-03-12T08:15,2024-03-12T08:30,34,83.6,83.6,83.6,,1,UP,NO,NO,2026-10-04T00:05:36Z
2024-03-12T07:30:00Z,2024-03-12T08:30,2024-03-12T08:45,35,78.51,78.51,78.51,,1,UP,NO,NO,2026-10-04T00:05:36Z
2024-03-12T07:45:00Z,2024-03-12T08:45,2024-03-12T09:00,36,83.6,83.6,83.6,,1,UP,NO,NO,2026-10-04T00:05:36Z
2024-03-12T08:00:00Z,2024-03-12T09:00,2024-03-12T09:15,37,78.72,78.72,78.72,,1,UP,NO,NO,2026-10-04T00:05:36Z
2024-03-12T08:15:00Z,2024-03-12T09:15,2024-03-12T09:30,38,78.51,78.51,78.51,,1,UP,NO,NO,2026-10-04T00:05:36Z
2024-03-12T08:30:00Z,2024-03-12T09:30,2024-03-12T09:45,39,64.52,64.52,,,0,STABLE,NO,NO,2026-10-04T00:05:36Z
2024-03-12T08:45:00Z,2024-03-12T09:45,2024-03-12T10:00,40,72.18,72.18,72.18,,1,UP,NO,NO,2026-10-04T00:05:36Z
2024-03-12T09:00:00Z,2024-03-12T10:00,2024-03-12T10:15,41,57.73,57.73,72.18,57.73,-1,DOWN,NO,NO,2026-10-04T00:05:36Z
2024-03-12T09:15:00Z,2024-03-12T10:15,2024-03-12T10:30,42,57.73,57.73,,57.73,-1,DOWN,NO,NO,2026-10-04T00:05:36Z
2024-03-12T09:30:00Z,2024-03-12T10:30,2024-03-12T10:45,43,54,54,,54,-1,DOWN,NO,NO,2026-10-04T00:05:36Z
2024-03-12T09:45:00Z,2024-03-12T10:45,2024-03-12T11:00,44,38.52,38.52,,38.52,-1,DOWN,NO,NO,2026-10-04T00:05:36Z
2024-03-12T10:00:00Z,2024-03-12T11:00,2024-03-12T11:15,45,77.02,34.66,77.02,34.66,2,UP_AND_DOWN,NO,NO,2026-10-04T00:05:36Z
2024-03-12T10:15:00Z,2024-03-12T11:15,2024-03-12T11:30,46,54.1,54.1,77.02,54.1,-1,DOWN,NO,NO,2026-10-04T00:05:36Z
2024-03-12T10:30:00Z,2024-03-12T11:30,2024-03-12T11:45,47,50.23,50.23,,50.23,-1,DOWN,NO,NO,2026-10-04T00:05:36Z
2024-03-12T10:45:00Z,2024-03-12T11:45,2024-03-12T12:00,48,72.26,50.23,72.26,50.23,2,UP_AND_DOWN,NO,NO,2026-10-04T00:05:36Z
2024-03-12T11:00:00Z,2024-03-12T12:00,2024-03-12T12:15,49,64.52,64.52,,,0,STABLE,NO,NO,2026-10-04T00:05:36Z
2024-03-12T11:15:00Z,2024-03-12T12:15,2024-03-12T12:30,50,56.28,56.28,,56.28,-1,DOWN,NO,NO,2026-10-04T00:05:36Z
2024-03-12T11:30:00Z,2024-03-12T12:30,2024-03-12T12:45,51,39.1,39.1,,39.1,-1,DOWN,NO,NO,2026-10-04T00:05:36Z
2024-03-12T11:45:00Z,2024-03-12T12:45,2024-03-12T13:00,52,25.96,25.96,,25.96,-1,DOWN,NO,NO,2026-10-04T00:05:36Z
2024-03-12T12:00:00Z,2024-03-12T13:00,2024-03-12T13:15,53,83.67,83.67,83.67,12.23,1,UP,NO,NO,2026-10-04T00:05:36Z
2024-03-12T12:15:00Z,2024-03-12T13:15,2024-03-12T13:30,54,58.45,58.45,,58.45,-1,DOWN,NO,NO,2026-10-04T00:05:36Z
2024-03-12T12:30:00Z,2024-03-12T13:30,2024-03-12T13:45,55,91.9,91.9,91.9,62.52,1,UP,NO,NO,2026-10-04T00:05:36Z
2024-03-12T12:45:00Z,2024-03-12T13:45,2024-03-12T14:00,56,90.06,90.06,90.06,,1,UP,NO,NO,2026-10-04T00:05:36Z
2024-03-12T13:00:00Z,2024-03-12T14:00,2024-03-12T14:15,57,-20.48,-20.48,,-20.48,-1,DOWN,NO,NO,2026-10-04T00:05:36Z
2024-03-12T13:15:00Z,2024-03-12T14:15,2024-03-12T14:30,58,72.26,51.32,72.26,51.32,2,UP_AND_DOWN,NO,NO,2026-10-04T00:05:36Z
2024-03-12T13:30:00Z,2024-03-12T14:30,2024-03-12T14:45,59,56.52,56.52,,56.52,-1,DOWN,NO,NO,2026-10-04T00:05:36Z
2024-03-12T13:45:00Z,2024-03-12T14:45,2024-03-12T15:00,60,56.66,56.66,,56.66,-1,DOWN,NO,NO,2026-10-04T00:05:36Z
2024-03-12T14:00:00Z,2024-03-12T15:00,2024-03-12T15:15,61,31.52,31.52,,31.52,-1,DOWN,NO,NO,2026-10-04T00:05:36Z
2024-03-12T14:15:00Z,2024-03-12T15:15,2024-03-12T15:30,62,41.6,41.6,,41.6,-1,DOWN,NO,NO,2026-10-04T00:05:36Z
2024-03-12T14:30:00Z,2024-03-12T15:30,2024-03-12T15:45,63,93.6,93.6,93.6,41.6,1,UP,NO,NO,2026-10-04T00:05:36Z
2024-03-12T14:45:00Z,2024-03-12T15:45,2024-03-12T16:00,64,93.6,93.6,93.6,,1,UP,NO,NO,2026-10-04T00:05:36Z
2024-03-12T15:00:00Z,2024-03-12T16:00,2024-03-12T16:15,65,93.6,93.6,93.6,,1,UP,NO,NO,2026-10-04T00:05:36Z
2024-03-12T15:15:00Z,2024-03-12T16:15,2024-03-12T16:30,66,115.06,115.06,115.06,,1,UP,NO,NO,2026-10-04T00:05:36Z
2024-03-12T15:30:00Z,2024-03-12T16:30,2024-03-12T16:45,67,84.4,84.4,84.4,,1,UP,NO,NO,2026-10-04T00:05:36Z
2024-03-12T15:45:00Z,2024-03-12T16:45,2024-03-12T17:00,68,57.42,57.42,68.66,57.42,-1,DOWN,NO,NO,2026-10-04T00:05:36Z
2024-03-12T16:00:00Z,2024-03-12T17:00,2024-03-12T17:15,69,39.47,39.47,,39.47,-1,DOWN,NO,NO,2026-10-04T00:05:36Z
2024-03-12T16:15:00Z,2024-03-12T17:15,2024-03-12T17:30,70,36.57,36.57,,36.57,-1,DOWN,NO,NO,2026-10-04T00:05:36Z
2024-03-12T16:30:00Z,2024-03-12T17:30,2024-03-12T17:45,71,31.52,31.52,,31.52,-1,DOWN,NO,NO,2026-10-04T00:05:36Z
2024-03-12T16:45:00Z,2024-03-12T17:45,2024-03-12T18:00,72,64.16,31.52,63.8,31.52,2,UP_AND_DOWN,NO,NO,2026-10-04T00:05:36Z
2024-03-12T17:00:00Z,2024-03-12T18:00,2024-03-12T18:15,73,64.52,35.93,64.52,35.93,2,UP_AND_DOWN,NO,NO,2026-10-04T00:05:36Z
2024-03-12T17:15:00Z,2024-03-12T18:15,2024-03-12T18:30,74,56.35,56.35,,56.35,-1,DOWN,NO,NO,2026-10-04T00:05:36Z
2024-03-12T17:30:00Z,2024-03-12T18:30,2024-03-12T18:45,75,53.8,53.8,,53.8,-1,DOWN,NO,NO,2026-10-04T00:05:36Z
2024-03-12T17:45:00Z,2024-03-12T18:45,2024-03-12T19:00,76,52.74,52.74,,52.74,-1,DOWN,NO,NO,2026-10-04T00:05:36Z
2024-03-12T18:00:00Z,2024-03-12T19:00,2024-03-12T19:15,77,91.04,57.85,91.04,57.85,2,UP_AND_DOWN,NO,NO,2026-10-04T00:05:36Z
2024-03-12T18:15:00Z,2024-03-12T19:15,2024-03-12T19:30,78,63.52,63.52,91.04,63.52,-1,DOWN,NO,NO,2026-10-04T00:05:36Z
2024-03-12T18:30:00Z,2024-03-12T19:30,2024-03-12T19:45,79,57.85,57.85,,57.85,-1,DOWN,NO,NO,2026-10-04T00:05:36Z
2024-03-12T18:45:00Z,2024-03-12T19:45,2024-03-12T20:00,80,54.1,54.1,,54.1,-1,DOWN,NO,NO,2026-10-04T00:05:36Z
2024-03-12T19:00:00Z,2024-03-12T20:00,2024-03-12T20:15,81,56.35,56.35,,56.35,-1,DOWN,NO,NO,2026-10-04T00:05:36Z
2024-03-12T19:15:00Z,2024-03-12T20:15,2024-03-12T20:30,82,56.35,56.35,,56.35,-1,DOWN,NO,NO,2026-10-04T00:05:36Z
2024-03-12T19:30:00Z,2024-03-12T20:30,2024-03-12T20:45,83,56.35,56.35,,56.35,-1,DOWN,NO,NO,2026-10-04T00:05:36Z
2024-03-12T19:45:00Z,2024-03-12T20:45,2024-03-12T21:00,84,53.8,53.8,,53.8,-1,DOWN,NO,NO,2026-10-04T00:05:36Z
2024-03-12T20:00:00Z,2024-03-12T21:00,2024-03-12T21:15,85,91.66,48.54,91.66,48.54,2,UP_AND_DOWN,NO,NO,2026-10-04T00:05:36Z
2024-03-12T20:15:00Z,2024-03-12T21:15,2024-03-12T21:30,86,68.07,68.07,68.07,,1,UP,NO,NO,2026-10-04T00:05:36Z
2024-03-12T20:30:00Z,2024-03-12T21:30,2024-03-12T21:45,87,52.32,52.32,,52.32,-1,DOWN,NO,NO,2026-10-04T00:05:36Z
2024-03-12T20:45:00Z,2024-03-12T21:45,2024-03-12T22:00,88,63,63,,52.32,0,STABLE,NO,NO,2026-10-04T00:05:36Z
2024-03-12T21:00:00Z,2024-03-12T22:00,2024-03-12T22:15,89,93.8,53.15,93.8,53.15,2,UP_AND_DOWN,NO,NO,2026-10-04T00:05:36Z
2024-03-12T21:15:00Z,2024-03-12T22:15,2024-03-12T22:30,90,59.73,59.73,59.73,,1,UP,NO,NO,2026-10-04T00:05:36Z
2024-03-12T21:30:00Z,2024-03-12T22:30,2024-03-12T22:45,91,72.26,72.26,72.26,,1,UP,NO,NO,2026-10-04T00:05:36Z
2024-03-12T21:45:00Z,2024-03-12T22:45,2024-03-12T23:00,92,58.23,58.23,58.23,,1,UP,NO,NO,2026-10-04T00:05:36Z
2024-03-12T22:00:00Z,2024-03-12T23:00,2024-03-12T23:15,93,70,46.09,70,46.09,2,UP_AND_DOWN,NO,NO,2026-10-04T00:05:36Z
2024-03-12T22:15:00Z,2024-03-12T23:15,2024-03-12T23:30,94,88.53,88.53,88.53,,1,UP,NO,NO,2026-10-04T00:05:36Z
2024-03-12T22:30:00Z,2024-03-12T23:30,2024-03-12T23:45,95,44.09,44.09,,44.09,-1,DOWN,NO,NO,2026-10-04T00:05:36Z
2024-03-12T22:45:00Z,2024-03-12T23:45,2024-03-13T00:00,96,-40,-40,,-40,-1,DOWN,NO,NO,2026-10-04T00:05:36Z
2024-03-12T23:00:00Z,2024-03-13T00:00,2024-03-13T00:15,1,77.02,-107.84,77.02,-107.84,2,UP_AND_DOWN,NO,NO,2026-10-04T00:05:36Z
2024-03-12T23:15:00Z,2024-03-13T00:15,2024-03-13T00:30,2,54.06,54.06,,54.06,-1,DOWN,NO,NO,2026-10-04T00:05:36Z
2024-03-12T23:30:00Z,2024-03-13T00:30,2024-03-13T00:45,3,55.65,55.65,,55.65,-1,DOWN,NO,NO,2026-10-04T00:05:36Z
2024-03-12T23:45:00Z,2024-03-13T00:45,2024-03-13T01:00,4,69.06,69.06,69.06,,1,UP,NO,NO,2026-10-04T00:05:36Z
2024-03-13T00:00:00Z,2024-03-13T01:00,2024-03-13T01:15,5,91.2,91.2,91.2,,1,UP,NO,NO,2026-10-04T00:05:36Z
2024-03-13T00:15:00Z,2024-03-13T01:15,2024-03-13T01:30,6,73.49,73.49,73.49,,1,UP,NO,NO,2026-10-04T00:05:36Z
2024-03-13T00:30:00Z,2024-03-13T01:30,2024-03-13T01:45,7,77.67,77.67,77.67,,1,UP,NO,NO,2026-10-04T00:05:36Z
2024-03-13T00:45:00Z,2024-03-13T01:45,2024-03-13T02:00,8,59.97,59.97,77.67,,0,STABLE,NO,NO,2026-10-04T00:05:36Z
2024-03-13T01:00:00Z,2024-03-13T02:00,2024-03-13T02:15,9,50.49,50.49,,50.49,-1,DOWN,NO,NO,2026-10-04T00:05:36Z
2024-03-13T01:15:00Z,2024-03-13T02:15,2024-03-13T02:30,10,39.54,39.54,,39.54,-1,DOWN,NO,NO,2026-10-04T00:05:36Z
2024-03-13T01:30:00Z,2024-03-13T02:30,2024-03-13T02:45,11,41.67,41.67,,41.67,-1,DOWN,NO,NO,2026-10-04T00:05:36Z
2024-03-13T01:45:00Z,2024-03-13T02:45,2024-03-13T03:00,12,50.5,50.5,,50.5,-1,DOWN,NO,NO,2026-10-04T00:05:36Z
2024-03-13T02:00:00Z,2024-03-13T03:00,2024-03-13T03:15,13,41.67,41.67,,41.67,-1,DOWN,NO,NO,2026-10-04T00:05:36Z
2024-03-13T02:15:00Z,2024-03-13T03:15,2024-03-13T03:30,14,35.67,35.67,,35.67,-1,DOWN,NO,NO,2026-10-04T00:05:36Z
2024-03-13T02:30:00Z,2024-03-13T03:30,2024-03-13T03:45,15,16.14,16.14,,16.14,-1,DOWN,NO,NO,2026-10-04T00:05:36Z
2024-03-13T02:45:00Z,2024-03-13T03:45,2024-03-13T04:00,16,-9.5,-9.5,,-9.5,-1,DOWN,NO,NO,2026-10-04T00:05:36Z
2024-03-13T03:00:00Z,2024-03-13T04:00,2024-03-13T04:15,17,77.67,43.49,77.67,43.49,2,UP_AND_DOWN,NO,NO,2026-10-04T00:05:36Z
2024-03-13T03:15:00Z,2024-03-13T04:15,2024-03-13T04:30,18,69.07,55.91,69.07,55.91,2,UP_AND_DOWN,NO,NO,2026-10-04T00:05:36Z
2024-03-13T03:30:00Z,2024-03-13T04:30,2024-03-13T04:45,19,86.8,86.8,86.8,,1,UP,NO,NO,2026-10-04T00:05:36Z
2024-03-13T03:45:00Z,2024-03-13T04:45,2024-03-13T05:00,20,91.2,91.2,91.2,,1,UP,NO,NO,2026-10-04T00:05:36Z
2024-03-13T04:00:00Z,2024-03-13T05:00,2024-03-13T05:15,21,63.32,63.32,63.32,,1,UP,NO,NO,2026-10-04T00:05:36Z
2024-03-13T04:15:00Z,2024-03-13T05:15,2024-03-13T05:30,22,77.67,77.67,77.67,,1,UP,NO,NO,2026-10-04T00:05:36Z
2024-03-13T04:30:00Z,2024-03-13T05:30,2024-03-13T05:45,23,91.2,91.2,91.2,,1,UP,NO,NO,2026-10-04T00:05:36Z
2024-03-13T04:45:00Z,2024-03-13T05:45,2024-03-13T06:00,24,91.5,91.5,91.5,,1,UP,NO,NO,2026-10-04T00:05:36Z
2024-03-13T05:00:00Z,2024-03-13T06:00,2024-03-13T06:15,25,91.5,91.5,91.5,,1,UP,NO,NO,2026-10-04T00:05:36Z
2024-03-13T05:15:00Z,2024-03-13T06:15,2024-03-13T06:30,26,92.02,92.02,92.02,,1,UP,NO,NO,2026-10-04T00:05:36Z
2024-03-13T05:30:00Z,2024-03-13T06:30,2024-03-13T06:45,27,92.02,92.02,92.02,,1,UP,NO,NO,2026-10-04T00:05:36Z
2024-03-13T05:45:00Z,2024-03-13T06:45,2024-03-13T07:00,28,46.57,46.57,66.12,46.57,-1,DOWN,NO,NO,2026-10-04T00:05:36Z
2024-03-13T06:00:00Z,2024-03-13T07:00,2024-03-13T07:15,29,40.37,40.37,,40.37,-1,DOWN,NO,NO,2026-10-04T00:05:36Z
2024-03-13T06:15:00Z,2024-03-13T07:15,2024-03-13T07:30,30,56.63,56.63,,56.63,-1,DOWN,NO,NO,2026-10-04T00:05:36Z
2024-03-13T06:30:00Z,2024-03-13T07:30,2024-03-13T07:45,31,62.81,62.81,,,0,STABLE,NO,NO,2026-10-04T00:05:36Z
2024-03-13T06:45:00Z,2024-03-13T07:45,2024-03-13T08:00,32,60.29,60.29,,,0,STABLE,NO,NO,2026-10-04T00:05:36Z
2024-03-13T07:00:00Z,2024-03-13T08:00,2024-03-13T08:15,33,83.3,83.3,83.3,,1,UP,NO,NO,2026-10-04T00:05:36Z
2024-03-13T07:15:00Z,2024-03-13T08:15,2024-03-13T08:30,34,62.97,62.97,,62.97,-1,DOWN,NO,NO,2026-10-04T00:05:36Z
2024-03-13T07:30:00Z,2024-03-13T08:30,2024-03-13T08:45,35,62.91,62.91,,62.91,-1,DOWN,NO,NO,2026-10-04T00:05:36Z
2024-03-13T07:45:00Z,2024-03-13T08:45,2024-03-13T09:00,36,53.3,53.3,,53.3,-1,DOWN,NO,NO,2026-10-04T00:05:36Z
2024-03-13T08:00:00Z,2024-03-13T09:00,2024-03-13T09:15,37,76.05,50.92,76.05,50.92,2,UP_AND_DOWN,NO,NO,2026-10-04T00:05:36Z
2024-03-13T08:15:00Z,2024-03-13T09:15,2024-03-13T09:30,38,59.74,59.74,76.05,,0,STABLE,NO,NO,2026-10-04T00:05:36Z
2024-03-13T08:30:00Z,2024-03-13T09:30,2024-03-13T09:45,39,59.72,59.72,,,0,STABLE,NO,NO,2026-10-04T00:05:36Z
2024-03-13T08:45:00Z,2024-03-13T09:45,2024-03-13T10:00,40,59.72,59.72,,,0,STABLE,NO,NO,2026-10-04T00:05:36Z
2024-03-13T09:00:00Z,2024-03-13T10:00,2024-03-13T10:15,41,87.76,87.76,87.76,,1,UP,NO,NO,2026-10-04T00:05:36Z
2024-03-13T09:15:00Z,2024-03-13T10:15,2024-03-13T10:30,42,59.11,59.11,87.76,,0,STABLE,NO,NO,2026-10-04T00:05:36Z
2024-03-13T09:30:00Z,2024-03-13T10:30,2024-03-13T10:45,43,58.56,58.56,,,0,STABLE,NO,NO,2026-10-04T00:05:36Z
2024-03-13T09:45:00Z,2024-03-13T10:45,2024-03-13T11:00,44,67.22,67.22,67.22,,1,UP,NO,NO,2026-10-04T00:05:36Z
2024-03-13T10:00:00Z,2024-03-13T11:00,2024-03-13T11:15,45,63.92,63.92,63.92,,1,UP,NO,NO,2026-10-04T00:05:36Z
2024-03-13T10:15:00Z,2024-03-13T11:15,2024-03-13T11:30,46,1887.1,47.85,1887.1,47.85,2,UP_AND_DOWN,NO,NO,2026-10-04T00:05:36Z
2024-03-13T10:30:00Z,2024-03-13T11:30,2024-03-13T11:45,47,65.02,47.73,65.02,47.73,2,UP_AND_DOWN,NO,NO,2026-10-04T00:05:36Z
2024-03-13T10:45:00Z,2024-03-13T11:45,2024-03-13T12:00,48,63.22,63.22,63.22,,1,UP,NO,NO,2026-10-04T00:05:36Z
2024-03-13T11:00:00Z,2024-03-13T12:00,2024-03-13T12:15,49,76.37,76.37,76.37,,1,UP,NO,NO,2026-10-04T00:05:36Z
2024-03-13T11:15:00Z,2024-03-13T12:15,2024-03-13T12:30,50,1887.1,1887.1,1887.1,,1,UP,NO,NO,2026-10-04T00:05:36Z
2024-03-13T11:30:00Z,2024-03-13T12:30,2024-03-13T12:45,51,133.41,133.41,133.41,,1,UP,NO,NO,2026-10-04T00:05:36Z
2024-03-13T11:45:00Z,2024-03-13T12:45,2024-03-13T13:00,52,71.41,54.93,71.41,54.93,2,UP_AND_DOWN,NO,NO,2026-10-04T00:05:36Z
2024-03-13T12:00:00Z,2024-03-13T13:00,2024-03-13T13:15,53,70.24,70.24,70.24,,1,UP,NO,NO,2026-10-04T00:05:36Z
2024-03-13T12:15:00Z,2024-03-13T13:15,2024-03-13T13:30,54,59.09,59.09,70.24,,0,STABLE,NO,NO,2026-10-04T00:05:36Z
2024-03-13T12:30:00Z,2024-03-13T13:30,2024-03-13T13:45,55,59.32,59.32,,,0,STABLE,NO,NO,2026-10-04T00:05:36Z
2024-03-13T12:45:00Z,2024-03-13T13:45,2024-03-13T14:00,56,55.18,55.18,,55.18,-1,DOWN,NO,NO,2026-10-04T00:05:36Z
2024-03-13T13:00:00Z,2024-03-13T14:00,2024-03-13T14:15,57,56.04,56.04,,,0,STABLE,NO,NO,2026-10-04T00:05:36Z
2024-03-13T13:15:00Z,2024-03-13T14:15,2024-03-13T14:30,58,63.49,63.49,63.49,,1,UP,NO,NO,2026-10-04T00:05:36Z
2024-03-13T13:30:00Z,2024-03-13T14:30,2024-03-13T14:45,59,77.02,77.02,77.02,,1,UP,NO,NO,2026-10-04T00:05:36Z
2024-03-13T13:45:00Z,2024-03-13T14:45,2024-03-13T15:00,60,66.51,66.51,66.51,,1,UP,NO,NO,2026-10-04T00:05:36Z
2024-03-13T14:00:00Z,2024-03-13T15:00,2024-03-13T15:15,61,62.02,62.02,,61.52,0,STABLE,NO,NO,2026-10-04T00:05:36Z
2024-03-13T14:15:00Z,2024-03-13T15:15,2024-03-13T15:30,62,55.39,55.39,,55.39,-1,DOWN,NO,NO,2026-10-04T00:05:36Z
2024-03-13T14:30:00Z,2024-03-13T15:30,2024-03-13T15:45,63,55.34,55.34,,55.34,-1,DOWN,NO,NO,2026-10-04T00:05:36Z
2024-03-13T14:45:00Z,2024-03-13T15:45,2024-03-13T16:00,64,41.84,41.84,,41.84,-1,DOWN,NO,NO,2026-10-04T00:05:36Z
2024-03-13T15:00:00Z,2024-03-13T16:00,2024-03-13T16:15,65,48.11,48.11,,48.11,-1,DOWN,NO,NO,2026-10-04T00:05:36Z
2024-03-13T15:15:00Z,2024-03-13T16:15,2024-03-13T16:30,66,75.02,75.02,75.02,,1,UP,NO,NO,2026-10-04T00:05:36Z
2024-03-13T15:30:00Z,2024-03-13T16:30,2024-03-13T16:45,67,70.04,70.04,70.04,,1,UP,NO,NO,2026-10-04T00:05:36Z
2024-03-13T15:45:00Z,2024-03-13T16:45,2024-03-13T17:00,68,62.51,62.51,62.51,,1,UP,NO,NO,2026-10-04T00:05:36Z
2024-03-13T16:00:00Z,2024-03-13T17:00,2024-03-13T17:15,69,63.04,63.04,63.04,,1,UP,NO,NO,2026-10-04T00:05:36Z
2024-03-13T16:15:00Z,2024-03-13T17:15,2024-03-13T17:30,70,62.02,62.02,,,0,STABLE,NO,NO,2026-10-04T00:05:36Z
2024-03-13T16:30:00Z,2024-03-13T17:30,2024-03-13T17:45,71,59.52,59.52,,59.52,-1,DOWN,NO,NO,2026-10-04T00:05:36Z
2024-03-13T16:45:00Z,2024-03-13T17:45,2024-03-13T18:00,72,62.02,62.02,,,0,STABLE,NO,NO,2026-10-04T00:05:36Z
2024-03-13T17:00:00Z,2024-03-13T18:00,2024-03-13T18:15,73,62.02,62.02,,,0,STABLE,NO,NO,2026-10-04T00:05:36Z
2024-03-13T17:15:00Z,2024-03-13T18:15,2024-03-13T18:30,74,94,94,94,,1,UP,NO,NO,2026-10-04T00:05:36Z
2024-03-13T17:30:00Z,2024-03-13T18:30,2024-03-13T18:45,75,94.3,94.3,94.3,,1,UP,NO,NO,2026-10-04T00:05:36Z
2024-03-13T17:45:00Z,2024-03-13T18:45,2024-03-13T19:00,76,45.69,45.69,81.51,45.69,-1,DOWN,NO,NO,2026-10-04T00:05:36Z
2024-03-13T18:00:00Z,2024-03-13T19:00,2024-03-13T19:15,77,112.8,112.8,112.8,45.52,1,UP,NO,NO,2026-10-04T00:05:36Z
2024-03-13T18:15:00Z,2024-03-13T19:15,2024-03-13T19:30,78,94.2,94.2,94.2,,1,UP,NO,NO,2026-10-04T00:05:36Z
2024-03-13T18:30:00Z,2024-03-13T19:30,2024-03-13T19:45,79,65.64,65.64,65.64,,1,UP,NO,NO,2026-10-04T00:05:36Z
2024-03-13T18:45:00Z,2024-03-13T19:45,2024-03-13T20:00,80,56.07,56.07,,56.07,-1,DOWN,NO,NO,2026-10-04T00:05:36Z
2024-03-13T19:00:00Z,2024-03-13T20:00,2024-03-13T20:15,81,40.64,40.64,,40.64,-1,DOWN,NO,NO,2026-10-04T00:05:36Z
2024-03-13T19:15:00Z,2024-03-13T20:15,2024-03-13T20:30,82,26.57,26.57,,26.57,-1,DOWN,NO,NO,2026-10-04T00:05:36Z
2024-03-13T19:30:00Z,2024-03-13T20:30,2024-03-13T20:45,83,45.52,45.52,,45.52,-1,DOWN,NO,NO,2026-10-04T00:05:36Z
2024-03-13T19:45:00Z,2024-03-13T20:45,2024-03-13T21:00,84,62.02,62.02,,,0,STABLE,NO,NO,2026-10-04T00:05:36Z
2024-03-13T20:00:00Z,2024-03-13T21:00,2024-03-13T21:15,85,80.43,80.43,80.43,,1,UP,NO,NO,2026-10-04T00:05:36Z
2024-03-13T20:15:00Z,2024-03-13T21:15,2024-03-13T21:30,86,76.04,76.04,76.04,,1,UP,NO,NO,2026-10-04T00:05:36Z
2024-03-13T20:30:00Z,2024-03-13T21:30,2024-03-13T21:45,87,63.55,63.55,63.55,,1,UP,NO,NO,2026-10-04T00:05:36Z
2024-03-13T20:45:00Z,2024-03-13T21:45,2024-03-13T22:00,88,59.79,59.79,,,0,STABLE,NO,NO,2026-10-04T00:05:36Z
2024-03-13T21:00:00Z,2024-03-13T22:00,2024-03-13T22:15,89,79.61,47.04,79.61,47.04,2,UP_AND_DOWN,NO,NO,2026-10-04T00:05:36Z
2024-03-13T21:15:00Z,2024-03-13T22:15,2024-03-13T22:30,90,75.57,75.57,75.57,,1,UP,NO,NO,2026-10-04T00:05:36Z
2024-03-13T21:30:00Z,2024-03-13T22:30,2024-03-13T22:45,91,72.04,72.04,72.04,,1,UP,NO,NO,2026-10-04T00:05:36Z
2024-03-13T21:45:00Z,2024-03-13T22:45,2024-03-13T23:00,92,62.02,62.02,72.04,,0,STABLE,NO,NO,2026-10-04T00:05:36Z
2024-03-13T22:00:00Z,2024-03-13T23:00,2024-03-13T23:15,93,113.1,113.1,113.1,,1,UP,NO,NO,2026-10-04T00:05:36Z
2024-03-13T22:15:00Z,2024-03-13T23:15,2024-03-13T23:30,94,66.9,66.9,66.9,,1,UP,NO,NO,2026-10-04T00:05:36Z
2024-03-13T22:30:00Z,2024-03-13T23:30,2024-03-13T23:45,95,62.02,62.02,,,0,STABLE,NO,NO,2026-10-04T00:05:36Z
2024-03-13T22:45:00Z,2024-03-13T23:45,2024-03-14T00:00,96,62.02,62.02,,,0,STABLE,NO,NO,2026-10-04T00:05:36Z
2024-03-13T23:00:00Z,2024-03-14T00:00,2024-03-14T00:15,1,57.3,46.57,57.3,46.57,2,UP_AND_DOWN,NO,NO,2026-10-04T00:05:36Z
2024-03-13T23:15:00Z,2024-03-14T00:15,2024-03-14T00:30,2,89.8,89.8,89.8,,1,UP,NO,NO,2026-10-04T00:05:36Z
2024-03-13T23:30:00Z,2024-03-14T00:30,2024-03-14T00:45,3,66.11,66.11,66.11,,1,UP,NO,NO,2026-10-04T00:05:36Z
2024-03-13T23:45:00Z,2024-03-14T00:45,2024-03-14T01:00,4,52.17,52.17,,,0,STABLE,NO,NO,2026-10-04T00:05:36Z
2024-03-14T00:00:00Z,2024-03-14T01:00,2024-03-14T01:15,5,86.11,86.11,86.11,,1,UP,NO,NO,2026-10-04T00:05:36Z
2024-03-14T00:15:00Z,2024-03-14T01:15,2024-03-14T01:30,6,71.99,71.99,71.99,,1,UP,NO,NO,2026-10-04T00:05:36Z
2024-03-14T00:30:00Z,2024-03-14T01:30,2024-03-14T01:45,7,54.37,54.37,,,0,STABLE,NO,NO,2026-10-04T00:05:36Z
2024-03-14T00:45:00Z,2024-03-14T01:45,2024-03-14T02:00,8,26.57,26.57,,26.57,-1,DOWN,NO,NO,2026-10-04T00:05:36Z
2024-03-14T01:00:00Z,2024-03-14T02:00,2024-03-14T02:15,9,26.57,26.57,,26.57,-1,DOWN,NO,NO,2026-10-04T00:05:36Z
2024-03-14T01:15:00Z,2024-03-14T02:15,2024-03-14T02:30,10,51.87,51.87,,,0,STABLE,NO,NO,2026-10-04T00:05:36Z
2024-03-14T01:30:00Z,2024-03-14T02:30,2024-03-14T02:45,11,51.87,51.87,,,0,STABLE,NO,NO,2026-10-04T00:05:36Z
2024-03-14T01:45:00Z,2024-03-14T02:45,2024-03-14T03:00,12,51.87,51.87,,47.04,0,STABLE,NO,NO,2026-10-04T00:05:36Z
2024-03-14T02:00:00Z,2024-03-14T03:00,2024-03-14T03:15,13,65.95,65.95,65.95,,1,UP,NO,NO,2026-10-04T00:05:36Z
2024-03-14T02:15:00Z,2024-03-14T03:15,2024-03-14T03:30,14,66.11,66.11,66.11,,1,UP,NO,NO,2026-10-04T00:05:36Z
2024-03-14T02:30:00Z,2024-03-14T03:30,2024-03-14T03:45,15,64.98,64.98,64.98,,1,UP,NO,NO,2026-10-04T00:05:36Z
2024-03-14T02:45:00Z,2024-03-14T03:45,2024-03-14T04:00,16,56.7,56.7,56.7,40.04,1,UP,NO,NO,2026-10-04T00:05:36Z
2024-03-14T03:00:00Z,2024-03-14T04:00,2024-03-14T04:15,17,-4.43,-4.43,,-4.43,-1,DOWN,NO,NO,2026-10-04T00:05:36Z
2024-03-14T03:15:00Z,2024-03-14T04:15,2024-03-14T04:30,18,46.57,46.57,,46.57,-1,DOWN,NO,NO,2026-10-04T00:05:36Z
2024-03-14T03:30:00Z,2024-03-14T04:30,2024-03-14T04:45,19,54.38,54.38,,,0,STABLE,NO,NO,2026-10-04T00:05:36Z
2024-03-14T03:45:00Z,2024-03-14T04:45,2024-03-14T05:00,20,51.87,51.87,,,0,STABLE,NO,NO,2026-10-04T00:05:36Z
2024-03-14T04:00:00Z,2024-03-14T05:00,2024-03-14T05:15,21,81.11,-105.98,81.11,-105.98,2,UP_AND_DOWN,NO,NO,2026-10-04T00:05:36Z
2024-03-14T04:15:00Z,2024-03-14T05:15,2024-03-14T05:30,22,59.94,-10,59.94,-10,2,UP_AND_DOWN,NO,NO,2026-10-04T00:05:36Z
2024-03-14T04:30:00Z,2024-03-14T05:30,2024-03-14T05:45,23,70.04,46.57,70.04,46.57,2,UP_AND_DOWN,NO,NO,2026-10-04T00:05:36Z
2024-03-14T04:45:00Z,2024-03-14T05:45,2024-03-14T06:00,24,61.91,19.2,61.91,19.2,2,UP_AND_DOWN,NO,NO,2026-10-04T00:05:36Z
2024-03-14T05:00:00Z,2024-03-14T06:00,2024-03-14T06:15,25,53.54,53.54,,,0,STABLE,NO,NO,2026-10-04T00:05:36Z
2024-03-14T05:15:00Z,2024-03-14T06:15,2024-03-14T06:30,26,39.27,39.27,,39.27,-1,DOWN,NO,NO,2026-10-04T00:05:36Z
2024-03-14T05:30:00Z,2024-03-14T06:30,2024-03-14T06:45,27,36.78,36.78,,36.78,-1,DOWN,NO,NO,2026-10-04T00:05:36Z
2024-03-14T05:45:00Z,2024-03-14T06:45,2024-03-14T07:00,28,49.4,49.4,,49.4,-1,DOWN,NO,NO,2026-10-04T00:05:36Z
2024-03-14T06:00:00Z,2024-03-14T07:00,2024-03-14T07:15,29,50,50,,50,-1,DOWN,NO,NO,2026-10-04T00:05:36Z
2024-03-14T06:15:00Z,2024-03-14T07:15,2024-03-14T07:30,30,43.27,43.27,,43.27,-1,DOWN,NO,NO,2026-10-04T00:05:36Z
2024-03-14T06:30:00Z,2024-03-14T07:30,2024-03-14T07:45,31,28.57,28.57,,28.57,-1,DOWN,NO,NO,2026-10-04T00:05:36Z
2024-03-14T06:45:00Z,2024-03-14T07:45,2024-03-14T08:00,32,23.52,23.52,,23.52,-1,DOWN,NO,NO,2026-10-04T00:05:36Z
2024-03-14T07:00:00Z,2024-03-14T08:00,2024-03-14T08:15,33,25.78,25.78,,25.78,-1,DOWN,NO,NO,2026-10-04T00:05:36Z
2024-03-14T07:15:00Z,2024-03-14T08:15,2024-03-14T08:30,34,5.52,5.52,,5.52,-1,DOWN,NO,NO,2026-10-04T00:05:36Z
2024-03-14T07:30:00Z,2024-03-14T08:30,2024-03-14T08:45,35,-18.29,-18.29,,-18.29,-1,DOWN,NO,NO,2026-10-04T00:05:36Z
2024-03-14T07:45:00Z,2024-03-14T08:45,2024-03-14T09:00,36,-154.81,-154.81,,-154.81,-1,DOWN,NO,NO,2026-10-04T00:05:36Z
2024-03-14T08:00:00Z,2024-03-14T09:00,2024-03-14T09:15,37,5.52,5.52,,5.52,-1,DOWN,NO,NO,2026-10-04T00:05:36Z
2024-03-14T08:15:00Z,2024-03-14T09:15,2024-03-14T09:30,38,36.57,36.57,,36.57,-1,DOWN,NO,NO,2026-10-04T00:05:36Z
2024-03-14T08:30:00Z,2024-03-14T09:30,2024-03-14T09:45,39,-40,-40,,-40,-1,DOWN,NO,NO,2026-10-04T00:05:36Z
2024-03-14T08:45:00Z,2024-03-14T09:45,2024-03-14T10:00,40,-44.88,-44.88,35.02,-44.88,-1,DOWN,NO,NO,2026-10-04T00:05:36Z
2024-03-14T09:00:00Z,2024-03-14T10:00,2024-03-14T10:15,41,1887.1,34.78,1887.1,34.78,2,UP_AND_DOWN,NO,NO,2026-10-04T00:05:36Z
2024-03-14T09:15:00Z,2024-03-14T10:15,2024-03-14T10:30,42,65,65,65,,1,UP,NO,NO,2026-10-04T00:05:36Z
2024-03-14T09:30:00Z,2024-03-14T10:30,2024-03-14T10:45,43,-40,-40,,-40,-1,DOWN,NO,NO,2026-10-04T00:05:36Z
2024-03-14T09:45:00Z,2024-03-14T10:45,2024-03-14T11:00,44,-199.12,-199.12,,-199.12,-1,DOWN,NO,NO,2026-10-04T00:05:36Z
2024-03-14T10:00:00Z,2024-03-14T11:00,2024-03-14T11:15,45,60.58,38.29,60.58,46.57,2,UP_AND_DOWN,NO,NO,2026-10-04T00:05:36Z
2024-03-14T10:15:00Z,2024-03-14T11:15,2024-03-14T11:30,46,-34,-34,,-34,-1,DOWN,NO,NO,2026-10-04T00:05:36Z
2024-03-14T10:30:00Z,2024-03-14T11:30,2024-03-14T11:45,47,-88.12,-88.12,,-88.12,-1,DOWN,NO,NO,2026-10-04T00:05:36Z
2024-03-14T10:45:00Z,2024-03-14T11:45,2024-03-14T12:00,48,74.61,-219.64,74.61,-219.64,2,UP_AND_DOWN,NO,NO,2026-10-04T00:05:36Z
2024-03-14T11:00:00Z,2024-03-14T12:00,2024-03-14T12:15,49,-63.12,-63.12,,-63.12,-1,DOWN,NO,NO,2026-10-04T00:05:36Z
2024-03-14T11:15:00Z,2024-03-14T12:15,2024-03-14T12:30,50,46.69,-201.69,46.69,-201.69,2,UP_AND_DOWN,NO,NO,2026-10-04T00:05:36Z
2024-03-14T11:30:00Z,2024-03-14T12:30,2024-03-14T12:45,51,71.43,-990,71.43,-990,2,UP_AND_DOWN,NO,NO,2026-10-04T00:05:36Z
2024-03-14T11:45:00Z,2024-03-14T12:45,2024-03-14T13:00,52,57.98,-407.69,57.98,-407.69,2,UP_AND_DOWN,NO,NO,2026-10-04T00:05:36Z
2024-03-14T12:00:00Z,2024-03-14T13:00,2024-03-14T13:15,53,57.27,-215.64,56.48,-215.64,2,UP_AND_DOWN,NO,NO,2026-10-04T00:05:36Z
2024-03-14T12:15:00Z,2024-03-14T13:15,2024-03-14T13:30,54,57.27,-549.87,56.48,-549.87,2,UP_AND_DOWN,NO,NO,2026-10-04T00:05:36Z
2024-03-14T12:30:00Z,2024-03-14T13:30,2024-03-14T13:45,55,57.98,-512.06,57.98,-512.06,2,UP_AND_DOWN,NO,NO,2026-10-04T00:05:36Z
2024-03-14T12:45:00Z,2024-03-14T13:45,2024-03-14T14:00,56,57.27,-124.12,56.48,-124.12,2,UP_AND_DOWN,NO,NO,2026-10-04T00:05:36Z
2024-03-14T13:00:00Z,2024-03-14T14:00,2024-03-14T14:15,57,57.49,-69.12,56.6,-69.12,2,UP_AND_DOWN,NO,NO,2026-10-04T00:05:36Z
2024-03-14T13:15:00Z,2024-03-14T14:15,2024-03-14T14:30,58,57.43,39.27,56.48,39.27,2,UP_AND_DOWN,NO,NO,2026-10-04T00:05:36Z
2024-03-14T13:30:00Z,2024-03-14T14:30,2024-03-14T14:45,59,89.6,89.6,89.6,,1,UP,NO,NO,2026-10-04T00:05:36Z
2024-03-14T13:45:00Z,2024-03-14T14:45,2024-03-14T15:00,60,122,122,122,,1,UP,NO,NO,2026-10-04T00:05:36Z
2024-03-14T14:00:00Z,2024-03-14T15:00,2024-03-14T15:15,61,57.51,39.27,56.64,39.27,2,UP_AND_DOWN,NO,NO,2026-10-04T00:05:36Z
2024-03-14T14:15:00Z,2024-03-14T15:15,2024-03-14T15:30,62,66.52,66.52,66.52,,1,UP,NO,NO,2026-10-04T00:05:36Z
2024-03-14T14:30:00Z,2024-03-14T15:30,2024-03-14T15:45,63,70.78,70.78,70.78,,1,UP,NO,NO,2026-10-04T00:05:36Z
2024-03-14T14:45:00Z,2024-03-14T15:45,2024-03-14T16:00,64,7.82,7.82,66.38,7.82,-1,DOWN,NO,NO,2026-10-04T00:05:36Z
2024-03-14T15:00:00Z,2024-03-14T16:00,2024-03-14T16:15,65,85.65,-516.5,85.65,-516.5,2,UP_AND_DOWN,NO,NO,2026-10-04T00:05:36Z
2024-03-14T15:15:00Z,2024-03-14T16:15,2024-03-14T16:30,66,76.78,-10,76.78,-10,2,UP_AND_DOWN,NO,NO,2026-10-04T00:05:36Z
2024-03-14T15:30:00Z,2024-03-14T16:30,2024-03-14T16:45,67,88.08,32.65,88.08,32.65,2,UP_AND_DOWN,NO,NO,2026-10-04T00:05:36Z
2024-03-14T15:45:00Z,2024-03-14T16:45,2024-03-14T17:00,68,51.65,51.65,,51.65,-1,DOWN,NO,NO,2026-10-04T00:05:36Z
2024-03-14T16:00:00Z,2024-03-14T17:00,2024-03-14T17:15,69,73.79,57.48,73.79,57.48,2,UP_AND_DOWN,NO,NO,2026-10-04T00:05:36Z
2024-03-14T16:15:00Z,2024-03-14T17:15,2024-03-14T17:30,70,63.78,63.78,63.78,,1,UP,NO,NO,2026-10-04T00:05:36Z
2024-03-14T16:30:00Z,2024-03-14T17:30,2024-03-14T17:45,71,65.48,65.48,65.48,,1,UP,NO,NO,2026-10-04T00:05:36Z
2024-03-14T16:45:00Z,2024-03-14T17:45,2024-03-14T18:00,72,85.9,85.9,85.9,,1,UP,NO,NO,2026-10-04T00:05:36Z
2024-03-14T17:00:00Z,2024-03-14T18:00,2024-03-14T18:15,73,89.5,89.5,89.5,,1,UP,NO,NO,2026-10-04T00:05:36Z
2024-03-14T17:15:00Z,2024-03-14T18:15,2024-03-14T18:30,74,1887.1,1887.1,1887.1,,1,UP,NO,NO,2026-10-04T00:05:36Z
2024-03-14T17:30:00Z,2024-03-14T18:30,2024-03-14T18:45,75,110.31,110.31,110.31,,1,UP,NO,NO,2026-10-04T00:05:36Z
2024-03-14T17:45:00Z,2024-03-14T18:45,2024-03-14T19:00,76,103.07,103.07,103.07,,1,UP,NO,NO,2026-10-04T00:05:36Z
2024-03-14T18:00:00Z,2024-03-14T19:00,2024-03-14T19:15,77,600,59.52,600,59.52,2,UP_AND_DOWN,NO,NO,2026-10-04T00:05:36Z
2024-03-14T18:15:00Z,2024-03-14T19:15,2024-03-14T19:30,78,59.52,59.52,,59.52,-1,DOWN,NO,NO,2026-10-04T00:05:36Z
2024-03-14T18:30:00Z,2024-03-14T19:30,2024-03-14T19:45,79,34.78,34.78,,34.78,-1,DOWN,NO,NO,2026-10-04T00:05:36Z
2024-03-14T18:45:00Z,2024-03-14T19:45,2024-03-14T20:00,80,-49.19,-49.19,,-49.19,-1,DOWN,NO,NO,2026-10-04T00:05:36Z
2024-03-14T19:00:00Z,2024-03-14T20:00,2024-03-14T20:15,81,-27.69,-27.69,64.62,-27.69,-1,DOWN,NO,NO,2026-10-04T00:05:36Z
2024-03-14T19:15:00Z,2024-03-14T20:15,2024-03-14T20:30,82,-25.79,-25.79,,-25.79,-1,DOWN,NO,NO,2026-10-04T00:05:36Z
2024-03-14T19:30:00Z,2024-03-14T20:30,2024-03-14T20:45,83,26.57,26.57,,26.57,-1,DOWN,NO,NO,2026-10-04T00:05:36Z
2024-03-14T19:45:00Z,2024-03-14T20:45,2024-03-14T21:00,84,64.57,25.78,64.57,25.78,2,UP_AND_DOWN,NO,NO,2026-10-04T00:05:36Z
2024-03-14T20:00:00Z,2024-03-14T21:00,2024-03-14T21:15,85,30.57,30.57,,30.57,-1,DOWN,NO,NO,2026-10-04T00:05:36Z
2024-03-14T20:15:00Z,2024-03-14T21:15,2024-03-14T21:30,86,89.45,89.45,89.45,,1,UP,NO,NO,2026-10-04T00:05:36Z
2024-03-14T20:30:00Z,2024-03-14T21:30,2024-03-14T21:45,87,56.02,56.02,89.45,56.02,-1,DOWN,NO,NO,2026-10-04T00:05:36Z
2024-03-14T20:45:00Z,2024-03-14T21:45,2024-03-14T22:00,88,47.78,47.78,,47.78,-1,DOWN,NO,NO,2026-10-04T00:05:36Z
2024-03-14T21:00:00Z,2024-03-14T22:00,2024-03-14T22:15,89,76.26,57.26,76.26,57.26,2,UP_AND_DOWN,NO,NO,2026-10-04T00:05:36Z
2024-03-14T21:15:00Z,2024-03-14T22:15,2024-03-14T22:30,90,72.26,72.26,72.26,,1,UP,NO,NO,2026-10-04T00:05:36Z
2024-03-14T21:30:00Z,2024-03-14T22:30,2024-03-14T22:45,91,21.26,21.26,72.26,21.26,-1,DOWN,NO,NO,2026-10-04T00:05:36Z
2024-03-14T21:45:00Z,2024-03-14T22:45,2024-03-14T23:00,92,-29.88,-29.88,,-29.88,-1,DOWN,NO,NO,2026-10-04T00:05:36Z
2024-03-14T22:00:00Z,2024-03-14T23:00,2024-03-14T23:15,93,37.69,37.69,,37.69,-1,DOWN,NO,NO,2026-10-04T00:05:36Z
2024-03-14T22:15:00Z,2024-03-14T23:15,2024-03-14T23:30,94,-37.1,-37.1,,-37.1,-1,DOWN,NO,NO,2026-10-04T00:05:36Z
2024-03-14T22:30:00Z,2024-03-14T23:30,2024-03-14T23:45,95,-10,-10,,-10,-1,DOWN,NO,NO,2026-10-04T00:05:36Z
2024-03-14T22:45:00Z,2024-03-14T23:45,2024-03-15T00:00,96,-111.62,-111.62,,-111.62,-1,DOWN,NO,NO,2026-10-04T00:05:36Z
2024-03-14T23:00:00Z,2024-03-15T00:00,2024-03-15T00:15,1,76.52,-85.19,76.52,-85.19,2,UP_AND_DOWN,NO,NO,2026-10-04T00:05:36Z
2024-03-14T23:15:00Z,2024-03-15T00:15,2024-03-15T00:30,2,68.02,68.02,68.02,,1,UP,NO,NO,2026-10-04T00:05:36Z
2024-03-14T23:30:00Z,2024-03-15T00:30,2024-03-15T00:45,3,63,63,63,46.57,1,UP,NO,NO,2026-10-04T00:05:36Z
2024-03-14T23:45:00Z,2024-03-15T00:45,2024-03-15T01:00,4,76.45,16.57,76.45,16.57,2,UP_AND_DOWN,NO,NO,2026-10-04T00:05:36Z
2024-03-15T00:00:00Z,2024-03-15T01:00,2024-03-15T01:15,5,156.45,156.45,156.45,16.57,1,UP,NO,NO,2026-10-04T00:05:36Z
2024-03-15T00:15:00Z,2024-03-15T01:15,2024-03-15T01:30,6,71.45,71.45,71.45,,1,UP,NO,NO,2026-10-04T00:05:36Z
2024-03-15T00:30:00Z,2024-03-15T01:30,2024-03-15T01:45,7,52.97,52.97,52.97,,1,UP,NO,NO,2026-10-04T00:05:36Z
2024-03-15T00:45:00Z,2024-03-15T01:45,2024-03-15T02:00,8,-38,-38,,-38,-1,DOWN,NO,NO,2026-10-04T00:05:36Z
2024-03-15T01:00:00Z,2024-03-15T02:00,2024-03-15T02:15,9,51.29,51.29,51.29,-30.6,1,UP,NO,NO,2026-10-04T00:05:36Z
2024-03-15T01:15:00Z,2024-03-15T02:15,2024-03-15T02:30,10,52.29,52.29,52.29,,1,UP,NO,NO,2026-10-04T00:05:36Z
2024-03-15T01:30:00Z,2024-03-15T02:30,2024-03-15T02:45,11,49.41,49.41,,,0,STABLE,NO,NO,2026-10-04T00:05:36Z
2024-03-15T01:45:00Z,2024-03-15T02:45,2024-03-15T03:00,12,52.01,52.01,,,0,STABLE,NO,NO,2026-10-04T00:05:36Z
2024-03-15T02:00:00Z,2024-03-15T03:00,2024-03-15T03:15,13,55.21,39.12,55.21,39.12,2,UP_AND_DOWN,NO,NO,2026-10-04T00:05:36Z
2024-03-15T02:15:00Z,2024-03-15T03:15,2024-03-15T03:30,14,70.52,70.52,70.52,,1,UP,NO,NO,2026-10-04T00:05:36Z
2024-03-15T02:30:00Z,2024-03-15T03:30,2024-03-15T03:45,15,46.57,46.57,63.52,46.57,-1,DOWN,NO,NO,2026-10-04T00:05:36Z
2024-03-15T02:45:00Z,2024-03-15T03:45,2024-03-15T04:00,16,-25.35,-25.35,,-25.35,-1,DOWN,NO,NO,2026-10-04T00:05:36Z
2024-03-15T03:00:00Z,2024-03-15T04:00,2024-03-15T04:15,17,81.05,-6.43,81.05,-6.43,2,UP_AND_DOWN,NO,NO,2026-10-04T00:05:36Z
2024-03-15T03:15:00Z,2024-03-15T04:15,2024-03-15T04:30,18,66.05,66.05,66.05,,1,UP,NO,NO,2026-10-04T00:05:36Z
2024-03-15T03:30:00Z,2024-03-15T04:30,2024-03-15T04:45,19,66.05,66.05,66.05,,1,UP,NO,NO,2026-10-04T00:05:36Z
2024-03-15T03:45:00Z,2024-03-15T04:45,2024-03-15T05:00,20,66.05,66.05,66.05,,1,UP,NO,NO,2026-10-04T00:05:36Z
2024-03-15T04:00:00Z,2024-03-15T05:00,2024-03-15T05:15,21,-44.98,-44.98,66.05,-44.98,-1,DOWN,NO,NO,2026-10-04T00:05:36Z
2024-03-15T04:15:00Z,2024-03-15T05:15,2024-03-15T05:30,22,-40,-40,,-40,-1,DOWN,NO,NO,2026-10-04T00:05:36Z
2024-03-15T04:30:00Z,2024-03-15T05:30,2024-03-15T05:45,23,71.05,71.05,71.05,46.57,1,UP,NO,NO,2026-10-04T00:05:36Z
2024-03-15T04:45:00Z,2024-03-15T05:45,2024-03-15T06:00,24,-19.98,-19.98,71.05,-19.98,-1,DOWN,NO,NO,2026-10-04T00:05:36Z
2024-03-15T05:00:00Z,2024-03-15T06:00,2024-03-15T06:15,25,70.91,-40,70.91,-40,2,UP_AND_DOWN,NO,NO,2026-10-04T00:05:36Z
2024-03-15T05:15:00Z,2024-03-15T06:15,2024-03-15T06:30,26,71.05,71.05,71.05,,1,UP,NO,NO,2026-10-04T00:05:36Z
2024-03-15T05:30:00Z,2024-03-15T06:30,2024-03-15T06:45,27,76.05,76.05,76.05,,1,UP,NO,NO,2026-10-04T00:05:36Z
2024-03-15T05:45:00Z,2024-03-15T06:45,2024-03-15T07:00,28,26.57,26.57,62.02,26.57,-1,DOWN,NO,NO,2026-10-04T00:05:36Z
2024-03-15T06:00:00Z,2024-03-15T07:00,2024-03-15T07:15,29,66.05,-275,66.05,-275,2,UP_AND_DOWN,NO,NO,2026-10-04T00:05:36Z
2024-03-15T06:15:00Z,2024-03-15T07:15,2024-03-15T07:30,30,64.03,-40,64.03,-40,2,UP_AND_DOWN,NO,NO,2026-10-04T00:05:36Z
2024-03-15T06:30:00Z,2024-03-15T07:30,2024-03-15T07:45,31,61.05,-40,61.05,-40,2,UP_AND_DOWN,NO,NO,2026-10-04T00:05:36Z
2024-03-15T06:45:00Z,2024-03-15T07:45,2024-03-15T08:00,32,26.57,26.57,61.05,26.57,-1,DOWN,NO,NO,2026-10-04T00:05:36Z
2024-03-15T07:00:00Z,2024-03-15T08:00,2024-03-15T08:15,33,34.28,34.28,,34.28,-1,DOWN,NO,NO,2026-10-04T00:05:36Z
2024-03-15T07:15:00Z,2024-03-15T08:15,2024-03-15T08:30,34,25.28,25.28,,25.28,-1,DOWN,NO,NO,2026-10-04T00:05:36Z
2024-03-15T07:30:00Z,2024-03-15T08:30,2024-03-15T08:45,35,-17.48,-17.48,,-17.48,-1,DOWN,NO,NO,2026-10-04T00:05:36Z
2024-03-15T07:45:00Z,2024-03-15T08:45,2024-03-15T09:00,36,-10,-10,,-10,-1,DOWN,NO,NO,2026-10-04T00:05:36Z
2024-03-15T08:00:00Z,2024-03-15T09:00,2024-03-15T09:15,37,64.02,-65,64.02,-65,2,UP_AND_DOWN,NO,NO,2026-10-04T00:05:36Z
2024-03-15T08:15:00Z,2024-03-15T09:15,2024-03-15T09:30,38,-40,-40,,-40,-1,DOWN,NO,NO,2026-10-04T00:05:36Z
2024-03-15T08:30:00Z,2024-03-15T09:30,2024-03-15T09:45,39,-75,-75,,-75,-1,DOWN,NO,NO,2026-10-04T00:05:36Z
2024-03-15T08:45:00Z,2024-03-15T09:45,2024-03-15T10:00,40,47.54,-187.5,39.06,-187.5,2,UP_AND_DOWN,NO,NO,2026-10-04T00:05:36Z
2024-03-15T09:00:00Z,2024-03-15T10:00,2024-03-15T10:15,41,109.02,-275,109.02,-275,2,UP_AND_DOWN,NO,NO,2026-10-04T00:05:36Z
2024-03-15T09:15:00Z,2024-03-15T10:15,2024-03-15T10:30,42,70.28,43.01,70.28,56.02,2,UP_AND_DOWN,NO,NO,2026-10-04T00:05:36Z
2024-03-15T09:30:00Z,2024-03-15T10:30,2024-03-15T10:45,43,16.57,16.57,,16.57,-1,DOWN,NO,NO,2026-10-04T00:05:36Z
2024-03-15T09:45:00Z,2024-03-15T10:45,2024-03-15T11:00,44,-32.5,-32.5,42.3,-32.5,-1,DOWN,NO,NO,2026-10-04T00:05:36Z
2024-03-15T10:00:00Z,2024-03-15T11:00,2024-03-15T11:15,45,32.3,32.3,32.3,-32.5,1,UP,NO,NO,2026-10-04T00:05:36Z
2024-03-15T10:15:00Z,2024-03-15T11:15,2024-03-15T11:30,46,106.1,106.1,106.1,,1,UP,NO,NO,2026-10-04T00:05:36Z
2024-03-15T10:30:00Z,2024-03-15T11:30,2024-03-15T11:45,47,43.05,43.05,106.1,,0,STABLE,NO,NO,2026-10-04T00:05:36Z
2024-03-15T10:45:00Z,2024-03-15T11:45,2024-03-15T12:00,48,51,51,,,0,STABLE,NO,NO,2026-10-04T00:05:36Z
2024-03-15T11:00:00Z,2024-03-15T12:00,2024-03-15T12:15,49,70.28,70.28,70.28,,1,UP,NO,NO,2026-10-04T00:05:36Z
2024-03-15T11:15:00Z,2024-03-15T12:15,2024-03-15T12:30,50,46.57,46.57,,46.57,-1,DOWN,NO,NO,2026-10-04T00:05:36Z
2024-03-15T11:30:00Z,2024-03-15T12:30,2024-03-15T12:45,51,8.89,8.89,,8.89,-1,DOWN,NO,NO,2026-10-04T00:05:36Z
2024-03-15T11:45:00Z,2024-03-15T12:45,2024-03-15T13:00,52,26.57,26.57,,26.57,-1,DOWN,NO,NO,2026-10-04T00:05:36Z
2024-03-15T12:00:00Z,2024-03-15T13:00,2024-03-15T13:15,53,36.57,36.57,,36.57,-1,DOWN,NO,NO,2026-10-04T00:05:36Z
2024-03-15T12:15:00Z,2024-03-15T13:15,2024-03-15T13:30,54,-40,-40,,-40,-1,DOWN,NO,NO,2026-10-04T00:05:36Z
2024-03-15T12:30:00Z,2024-03-15T13:30,2024-03-15T13:45,55,79.25,-121.64,79.25,-121.64,2,UP_AND_DOWN,NO,NO,2026-10-04T00:05:36Z
2024-03-15T12:45:00Z,2024-03-15T13:45,2024-03-15T14:00,56,69.25,-232.38,69.25,-232.38,2,UP_AND_DOWN,NO,NO,2026-10-04T00:05:36Z
2024-03-15T13:00:00Z,2024-03-15T14:00,2024-03-15T14:15,57,84.25,-319.38,84.25,-319.38,2,UP_AND_DOWN,NO,NO,2026-10-04T00:05:36Z
2024-03-15T13:15:00Z,2024-03-15T14:15,2024-03-15T14:30,58,-96.88,-96.88,,-96.88,-1,DOWN,NO,NO,2026-10-04T00:05:36Z
2024-03-15T13:30:00Z,2024-03-15T14:30,2024-03-15T14:45,59,79.25,-275,79.25,-275,2,UP_AND_DOWN,NO,NO,2026-10-04T00:05:36Z
2024-03-15T13:45:00Z,2024-03-15T14:45,2024-03-15T15:00,60,56.25,-40,56.24,-40,2,UP_AND_DOWN,NO,NO,2026-10-04T00:05:36Z
2024-03-15T14:00:00Z,2024-03-15T15:00,2024-03-15T15:15,61,-51,-51,34.35,-51,-1,DOWN,NO,NO,2026-10-04T00:05:36Z
2024-03-15T14:15:00Z,2024-03-15T15:15,2024-03-15T15:30,62,64.25,46.57,64.25,46.57,2,UP_AND_DOWN,NO,NO,2026-10-04T00:05:36Z
2024-03-15T14:30:00Z,2024-03-15T15:30,2024-03-15T15:45,63,54.25,54.25,,54.25,-1,DOWN,NO,NO,2026-10-04T00:05:36Z
2024-03-15T14:45:00Z,2024-03-15T15:45,2024-03-15T16:00,64,26.57,26.57,,26.57,-1,DOWN,NO,NO,2026-10-04T00:05:36Z
2024-03-15T15:00:00Z,2024-03-15T16:00,2024-03-15T16:15,65,-44.88,-44.88,45.18,-44.88,-1,DOWN,NO,NO,2026-10-04T00:05:36Z
2024-03-15T15:15:00Z,2024-03-15T16:15,2024-03-15T16:30,66,69.25,34.28,69.25,34.28,2,UP_AND_DOWN,NO,NO,2026-10-04T00:05:36Z
2024-03-15T15:30:00Z,2024-03-15T16:30,2024-03-15T16:45,67,59.14,59.14,,,0,STABLE,NO,NO,2026-10-04T00:05:36Z
2024-03-15T15:45:00Z,2024-03-15T16:45,2024-03-15T17:00,68,-10,-10,,-10,-1,DOWN,NO,NO,2026-10-04T00:05:36Z
2024-03-15T16:00:00Z,2024-03-15T17:00,2024-03-15T17:15,69,-20.18,-20.18,,-20.18,-1,DOWN,NO,NO,2026-10-04T00:05:36Z
2024-03-15T16:15:00Z,2024-03-15T17:15,2024-03-15T17:30,70,76.28,-17.48,76.28,-17.48,2,UP_AND_DOWN,NO,NO,2026-10-04T00:05:36Z
2024-03-15T16:30:00Z,2024-03-15T17:30,2024-03-15T17:45,71,39.12,39.12,76.28,39.12,-1,DOWN,NO,NO,2026-10-04T00:05:36Z
2024-03-15T16:45:00Z,2024-03-15T17:45,2024-03-15T18:00,72,39.12,39.12,,39.12,-1,DOWN,NO,NO,2026-10-04T00:05:36Z
2024-03-15T17:00:00Z,2024-03-15T18:00,2024-03-15T18:15,73,68.89,-49.19,68.89,-49.19,2,UP_AND_DOWN,NO,NO,2026-10-04T00:05:36Z
2024-03-15T17:15:00Z,2024-03-15T18:15,2024-03-15T18:30,74,78.89,-14.19,78.89,-14.19,2,UP_AND_DOWN,NO,NO,2026-10-04T00:05:36Z
2024-03-15T17:30:00Z,2024-03-15T18:30,2024-03-15T18:45,75,83.89,34.28,83.89,34.28,2,UP_AND_DOWN,NO,NO,2026-10-04T00:05:36Z
2024-03-15T17:45:00Z,2024-03-15T18:45,2024-03-15T19:00,76,18,18,,18,-1,DOWN,NO,NO,2026-10-04T00:05:36Z
2024-03-15T18:00:00Z,2024-03-15T19:00,2024-03-15T19:15,77,46.57,46.57,,46.57,-1,DOWN,NO,NO,2026-10-04T00:05:36Z
2024-03-15T18:15:00Z,2024-03-15T19:15,2024-03-15T19:30,78,39.76,39.76,,39.76,-1,DOWN,NO,NO,2026-10-04T00:05:36Z
2024-03-15T18:30:00Z,2024-03-15T19:30,2024-03-15T19:45,79,61.89,61.89,,39.76,0,STABLE,NO,NO,2026-10-04T00:05:36Z
2024-03-15T18:45:00Z,2024-03-15T19:45,2024-03-15T20:00,80,61.89,61.89,,61.76,0,STABLE,NO,NO,2026-10-04T00:05:36Z
2024-03-15T19:00:00Z,2024-03-15T20:00,2024-03-15T20:15,81,47.28,47.28,,47.28,-1,DOWN,NO,NO,2026-10-04T00:05:36Z
2024-03-15T19:15:00Z,2024-03-15T20:15,2024-03-15T20:30,82,74.76,74.76,74.76,,1,UP,NO,NO,2026-10-04T00:05:36Z
2024-03-15T19:30:00Z,2024-03-15T20:30,2024-03-15T20:45,83,36.57,36.57,,36.57,-1,DOWN,NO,NO,2026-10-04T00:05:36Z
2024-03-15T19:45:00Z,2024-03-15T20:45,2024-03-15T21:00,84,-40,-40,,-40,-1,DOWN,NO,NO,2026-10-04T00:05:36Z
2024-03-15T20:00:00Z,2024-03-15T21:00,2024-03-15T21:15,85,84.76,-44.98,84.76,-44.98,2,UP_AND_DOWN,NO,NO,2026-10-04T00:05:36Z
2024-03-15T20:15:00Z,2024-03-15T21:15,2024-03-15T21:30,86,-40,-40,,-40,-1,DOWN,NO,NO,2026-10-04T00:05:36Z
2024-03-15T20:30:00Z,2024-03-15T21:30,2024-03-15T21:45,87,-30.6,-30.6,,-30.6,-1,DOWN,NO,NO,2026-10-04T00:05:36Z
2024-03-15T20:45:00Z,2024-03-15T21:45,2024-03-15T22:00,88,.01,.01,,.01,-1,DOWN,NO,NO,2026-10-04T00:05:36Z
2024-03-15T21:00:00Z,2024-03-15T22:00,2024-03-15T22:15,89,-6.43,-6.43,,-6.43,-1,DOWN,NO,NO,2026-10-04T00:05:36Z
2024-03-15T21:15:00Z,2024-03-15T22:15,2024-03-15T22:30,90,34.28,34.28,,34.28,-1,DOWN,NO,NO,2026-10-04T00:05:36Z
2024-03-15T21:30:00Z,2024-03-15T22:30,2024-03-15T22:45,91,34.28,34.28,,34.28,-1,DOWN,NO,NO,2026-10-04T00:05:36Z
2024-03-15T21:45:00Z,2024-03-15T22:45,2024-03-15T23:00,92,-10,-10,,-10,-1,DOWN,NO,NO,2026-10-04T00:05:36Z
2024-03-15T22:00:00Z,2024-03-15T23:00,2024-03-15T23:15,93,-10,-10,,-10,-1,DOWN,NO,NO,2026-10-04T00:05:36Z
2024-03-15T22:15:00Z,2024-03-15T23:15,2024-03-15T23:30,94,-19.98,-19.98,,-19.98,-1,DOWN,NO,NO,2026-10-04T00:05:36Z
2024-03-15T22:30:00Z,2024-03-15T23:30,2024-03-15T23:45,95,-10,-10,,-10,-1,DOWN,NO,NO,2026-10-04T00:05:36Z
2024-03-15T22:45:00Z,2024-03-15T23:45,2024-03-16T00:00,96,-48.65,-48.65,,-48.65,-1,DOWN,NO,NO,2026-10-04T00:05:36Z
2024-03-15T23:00:00Z,2024-03-16T00:00,2024-03-16T00:15,1,42.6,-10,34,-10,2,UP_AND_DOWN,NO,NO,2026-10-04T00:05:36Z
2024-03-15T23:15:00Z,2024-03-16T00:15,2024-03-16T00:30,2,57.02,57.02,57.02,-10,1,UP,NO,NO,2026-10-04T00:05:36Z
2024-03-15T23:30:00Z,2024-03-16T00:30,2024-03-16T00:45,3,63.28,63.28,63.28,-10,1,UP,NO,NO,2026-10-04T00:05:36Z
2024-03-15T23:45:00Z,2024-03-16T00:45,2024-03-16T01:00,4,42.6,42.6,,-10,0,STABLE,NO,NO,2026-10-04T00:05:36Z
2024-03-16T00:00:00Z,2024-03-16T01:00,2024-03-16T01:15,5,71.15,71.15,71.15,-10,1,UP,NO,NO,2026-10-04T00:05:36Z
2024-03-16T00:15:00Z,2024-03-16T01:15,2024-03-16T01:30,6,79.95,79.95,79.95,-10,1,UP,NO,NO,2026-10-04T00:05:36Z
2024-03-16T00:30:00Z,2024-03-16T01:30,2024-03-16T01:45,7,69.4,69.4,69.4,-10,1,UP,NO,NO,2026-10-04T00:05:36Z
2024-03-16T00:45:00Z,2024-03-16T01:45,2024-03-16T02:00,8,42.6,42.6,,-10,0,STABLE,NO,NO,2026-10-04T00:05:36Z
2024-03-16T01:00:00Z,2024-03-16T02:00,2024-03-16T02:15,9,12.13,12.13,,12.13,-1,DOWN,NO,NO,2026-10-04T00:05:36Z
2024-03-16T01:15:00Z,2024-03-16T02:15,2024-03-16T02:30,10,-2.41,-2.41,,-2.41,-1,DOWN,NO,NO,2026-10-04T00:05:36Z
2024-03-16T01:30:00Z,2024-03-16T02:30,2024-03-16T02:45,11,20.71,20.71,,20.71,-1,DOWN,NO,NO,2026-10-04T00:05:36Z
2024-03-16T01:45:00Z,2024-03-16T02:45,2024-03-16T03:00,12,-10,-10,,-10,-1,DOWN,NO,NO,2026-10-04T00:05:36Z
2024-03-16T02:00:00Z,2024-03-16T03:00,2024-03-16T03:15,13,-10,-10,,-10,-1,DOWN,NO,NO,2026-10-04T00:05:36Z
2024-03-16T02:15:00Z,2024-03-16T03:15,2024-03-16T03:30,14,42.55,42.55,,-10,0,STABLE,NO,NO,2026-10-04T00:05:36Z
2024-03-16T02:30:00Z,2024-03-16T03:30,2024-03-16T03:45,15,26.59,26.59,,26.59,-1,DOWN,NO,NO,2026-10-04T00:05:36Z
2024-03-16T02:45:00Z,2024-03-16T03:45,2024-03-16T04:00,16,-4.57,-4.57,,-4.57,-1,DOWN,NO,NO,2026-10-04T00:05:36Z
2024-03-16T03:00:00Z,2024-03-16T04:00,2024-03-16T04:15,17,18.63,18.63,,18.63,-1,DOWN,NO,NO,2026-10-04T00:05:36Z
2024-03-16T03:15:00Z,2024-03-16T04:15,2024-03-16T04:30,18,42.45,42.45,,18.63,0,STABLE,NO,NO,2026-10-04T00:05:36Z
2024-03-16T03:30:00Z,2024-03-16T04:30,2024-03-16T04:45,19,42.45,42.45,,18.63,0,STABLE,NO,NO,2026-10-04T00:05:36Z
2024-03-16T03:45:00Z,2024-03-16T04:45,2024-03-16T05:00,20,12.12,12.12,,12.12,-1,DOWN,NO,NO,2026-10-04T00:05:36Z
2024-03-16T04:00:00Z,2024-03-16T05:00,2024-03-16T05:15,21,-10,-10,,-10,-1,DOWN,NO,NO,2026-10-04T00:05:36Z
2024-03-16T04:15:00Z,2024-03-16T05:15,2024-03-16T05:30,22,-40,-40,,-40,-1,DOWN,NO,NO,2026-10-04T00:05:36Z
2024-03-16T04:30:00Z,2024-03-16T05:30,2024-03-16T05:45,23,-29.98,-29.98,,-29.98,-1,DOWN,NO,NO,2026-10-04T00:05:36Z
2024-03-16T04:45:00Z,2024-03-16T05:45,2024-03-16T06:00,24,-42.1,-42.1,,-42.1,-1,DOWN,NO,NO,2026-10-04T00:05:36Z
2024-03-16T05:00:00Z,2024-03-16T06:00,2024-03-16T06:15,25,12.13,12.13,,12.13,-1,DOWN,NO,NO,2026-10-04T00:05:36Z
2024-03-16T05:15:00Z,2024-03-16T06:15,2024-03-16T06:30,26,54.11,54.11,,12.13,0,STABLE,NO,NO,2026-10-04T00:05:36Z
2024-03-16T05:30:00Z,2024-03-16T06:30,2024-03-16T06:45,27,54.11,54.11,,12.13,0,STABLE,NO,NO,2026-10-04T00:05:36Z
2024-03-16T05:45:00Z,2024-03-16T06:45,2024-03-16T07:00,28,38.2,38.2,,38.2,-1,DOWN,NO,NO,2026-10-04T00:05:36Z
2024-03-16T06:00:00Z,2024-03-16T07:00,2024-03-16T07:15,29,44.2,44.2,,44.2,-1,DOWN,NO,NO,2026-10-04T00:05:36Z
2024-03-16T06:15:00Z,2024-03-16T07:15,2024-03-16T07:30,30,54.11,54.11,,44.2,0,STABLE,NO,NO,2026-10-04T00:05:36Z
2024-03-16T06:30:00Z,2024-03-16T07:30,2024-03-16T07:45,31,57.02,57.02,57.02,44.2,1,UP,NO,NO,2026-10-04T00:05:36Z
2024-03-16T06:45:00Z,2024-03-16T07:45,2024-03-16T08:00,32,57.02,57.02,57.02,44.2,1,UP,NO,NO,2026-10-04T00:05:36Z
2024-03-16T07:00:00Z,2024-03-16T08:00,2024-03-16T08:15,33,59.77,59.77,57.02,44.2,0,STABLE,NO,NO,2026-10-04T00:05:36Z
2024-03-16T07:15:00Z,2024-03-16T08:15,2024-03-16T08:30,34,57.02,57.02,57.02,44.2,1,UP,NO,NO,2026-10-04T00:05:36Z
2024-03-16T07:30:00Z,2024-03-16T08:30,2024-03-16T08:45,35,59.77,59.77,,44.2,0,STABLE,NO,NO,2026-10-04T00:05:36Z
2024-03-16T07:45:00Z,2024-03-16T08:45,2024-03-16T09:00,36,59.77,59.77,57.02,44.2,0,STABLE,NO,NO,2026-10-04T00:05:36Z
2024-03-16T08:00:00Z,2024-03-16T09:00,2024-03-16T09:15,37,1887.1,-36,1887.1,-36,2,UP_AND_DOWN,NO,NO,2026-10-04T00:05:36Z
2024-03-16T08:15:00Z,2024-03-16T09:15,2024-03-16T09:30,38,1887.1,-23.51,1887.1,-23.51,2,UP_AND_DOWN,NO,NO,2026-10-04T00:05:36Z
2024-03-16T08:30:00Z,2024-03-16T09:30,2024-03-16T09:45,39,120.8,120.8,120.8,-23.51,1,UP,NO,NO,2026-10-04T00:05:36Z
2024-03-16T08:45:00Z,2024-03-16T09:45,2024-03-16T10:00,40,89.6,89.6,89.6,-23.51,1,UP,NO,NO,2026-10-04T00:05:36Z
2024-03-16T09:00:00Z,2024-03-16T10:00,2024-03-16T10:15,41,334.88,334.88,334.88,-23.51,1,UP,NO,NO,2026-10-04T00:05:36Z
2024-03-16T09:15:00Z,2024-03-16T10:15,2024-03-16T10:30,42,334.88,334.88,334.88,-23.51,1,UP,NO,NO,2026-10-04T00:05:36Z
2024-03-16T09:30:00Z,2024-03-16T10:30,2024-03-16T10:45,43,1887.1,1887.1,1887.1,-23.51,1,UP,NO,NO,2026-10-04T00:05:36Z
2024-03-16T09:45:00Z,2024-03-16T10:45,2024-03-16T11:00,44,1887.1,1887.1,1887.1,-23.51,1,UP,NO,NO,2026-10-04T00:05:36Z
2024-03-16T10:00:00Z,2024-03-16T11:00,2024-03-16T11:15,45,1887.1,1887.1,1887.1,-23.51,1,UP,NO,NO,2026-10-04T00:05:36Z
2024-03-16T10:15:00Z,2024-03-16T11:15,2024-03-16T11:30,46,1887.1,1887.1,1887.1,-23.51,1,UP,NO,NO,2026-10-04T00:05:36Z
2024-03-16T10:30:00Z,2024-03-16T11:30,2024-03-16T11:45,47,1887.1,1887.1,1887.1,-23.51,1,UP,NO,NO,2026-10-04T00:05:36Z
2024-03-16T10:45:00Z,2024-03-16T11:45,2024-03-16T12:00,48,1887.1,42.29,1887.1,42.29,2,UP_AND_DOWN,NO,NO,2026-10-04T00:05:36Z
2024-03-16T11:00:00Z,2024-03-16T12:00,2024-03-16T12:15,49,1887.1,1887.1,1887.1,42.29,1,UP,NO,NO,2026-10-04T00:05:36Z
2024-03-16T11:15:00Z,2024-03-16T12:15,2024-03-16T12:30,50,89.5,89.5,89.5,42.29,1,UP,NO,NO,2026-10-04T00:05:36Z
2024-03-16T11:30:00Z,2024-03-16T12:30,2024-03-16T12:45,51,1887.1,1887.1,1887.1,42.29,1,UP,NO,NO,2026-10-04T00:05:36Z
2024-03-16T11:45:00Z,2024-03-16T12:45,2024-03-16T13:00,52,32.26,32.26,107.02,32.26,-1,DOWN,NO,NO,2026-10-04T00:05:36Z
2024-03-16T12:00:00Z,2024-03-16T13:00,2024-03-16T13:15,53,300,-40,300,-40,2,UP_AND_DOWN,NO,NO,2026-10-04T00:05:36Z
2024-03-16T12:15:00Z,2024-03-16T13:15,2024-03-16T13:30,54,89.5,42.29,89.5,42.29,2,UP_AND_DOWN,NO,NO,2026-10-04T00:05:36Z
2024-03-16T12:30:00Z,2024-03-16T13:30,2024-03-16T13:45,55,79.51,37.33,79.51,37.33,2,UP_AND_DOWN,NO,NO,2026-10-04T00:05:36Z
2024-03-16T12:45:00Z,2024-03-16T13:45,2024-03-16T14:00,56,84.51,84.51,84.51,37.33,1,UP,NO,NO,2026-10-04T00:05:36Z
2024-03-16T13:00:00Z,2024-03-16T14:00,2024-03-16T14:15,57,36.63,36.63,,36.63,-1,DOWN,NO,NO,2026-10-04T00:05:36Z
2024-03-16T13:15:00Z,2024-03-16T14:15,2024-03-16T14:30,58,74.2,48.26,74.2,62.52,2,UP_AND_DOWN,NO,NO,2026-10-04T00:05:36Z
2024-03-16T13:30:00Z,2024-03-16T14:30,2024-03-16T14:45,59,80.2,80.2,80.2,62.52,1,UP,NO,NO,2026-10-04T00:05:36Z
2024-03-16T13:45:00Z,2024-03-16T14:45,2024-03-16T15:00,60,62.52,62.52,80.2,62.52,-1,DOWN,NO,NO,2026-10-04T00:05:36Z
2024-03-16T14:00:00Z,2024-03-16T15:00,2024-03-16T15:15,61,80.2,80.2,80.2,62.52,1,UP,NO,NO,2026-10-04T00:05:36Z
2024-03-16T14:15:00Z,2024-03-16T15:15,2024-03-16T15:30,62,74.17,49.85,74.17,62.52,2,UP_AND_DOWN,NO,NO,2026-10-04T00:05:36Z
2024-03-16T14:30:00Z,2024-03-16T15:30,2024-03-16T15:45,63,84.17,84.17,84.17,62.52,1,UP,NO,NO,2026-10-04T00:05:36Z
2024-03-16T14:45:00Z,2024-03-16T15:45,2024-03-16T16:00,64,84.17,84.17,84.17,62.52,1,UP,NO,NO,2026-10-04T00:05:36Z
2024-03-16T15:00:00Z,2024-03-16T16:00,2024-03-16T16:15,65,62.63,62.63,84.17,62.63,-1,DOWN,NO,NO,2026-10-04T00:05:36Z
2024-03-16T15:15:00Z,2024-03-16T16:15,2024-03-16T16:30,66,57.02,-10,57.02,-10,2,UP_AND_DOWN,NO,NO,2026-10-04T00:05:36Z
2024-03-16T15:30:00Z,2024-03-16T16:30,2024-03-16T16:45,67,74.17,74.17,74.17,-10,1,UP,NO,NO,2026-10-04T00:05:36Z
2024-03-16T15:45:00Z,2024-03-16T16:45,2024-03-16T17:00,68,61.23,61.23,,61.23,-1,DOWN,NO,NO,2026-10-04T00:05:36Z
2024-03-16T16:00:00Z,2024-03-16T17:00,2024-03-16T17:15,69,3.52,3.52,,3.52,-1,DOWN,NO,NO,2026-10-04T00:05:36Z
2024-03-16T16:15:00Z,2024-03-16T17:15,2024-03-16T17:30,70,-16.57,-16.57,,-16.57,-1,DOWN,NO,NO,2026-10-04T00:05:36Z
2024-03-16T16:30:00Z,2024-03-16T17:30,2024-03-16T17:45,71,50.73,50.73,34,61.23,2,UP_AND_DOWN,NO,NO,2026-10-04T00:05:36Z
2024-03-16T16:45:00Z,2024-03-16T17:45,2024-03-16T18:00,72,77.02,77.02,77.02,61.23,1,UP,NO,NO,2026-10-04T00:05:36Z
2024-03-16T17:00:00Z,2024-03-16T18:00,2024-03-16T18:15,73,57.02,57.02,57.02,61.23,1,UP,NO,NO,2026-10-04T00:05:36Z
2024-03-16T17:15:00Z,2024-03-16T18:15,2024-03-16T18:30,74,50.72,50.72,,61.23,0,STABLE,NO,NO,2026-10-04T00:05:36Z
2024-03-16T17:30:00Z,2024-03-16T18:30,2024-03-16T18:45,75,50.72,50.72,,61.23,0,STABLE,NO,NO,2026-10-04T00:05:36Z
2024-03-16T17:45:00Z,2024-03-16T18:45,2024-03-16T19:00,76,50.72,50.72,,61.23,0,STABLE,NO,NO,2026-10-04T00:05:36Z
2024-03-16T18:00:00Z,2024-03-16T19:00,2024-03-16T19:15,77,50.71,50.71,,61.23,0,STABLE,NO,NO,2026-10-04T00:05:36Z
2024-03-16T18:15:00Z,2024-03-16T19:15,2024-03-16T19:30,78,50.71,50.71,,61.23,0,STABLE,NO,NO,2026-10-04T00:05:36Z
2024-03-16T18:30:00Z,2024-03-16T19:30,2024-03-16T19:45,79,64.41,64.41,,64.41,-1,DOWN,NO,NO,2026-10-04T00:05:36Z
2024-03-16T18:45:00Z,2024-03-16T19:45,2024-03-16T20:00,80,63.46,63.46,,63.46,-1,DOWN,NO,NO,2026-10-04T00:05:36Z
2024-03-16T19:00:00Z,2024-03-16T20:00,2024-03-16T20:15,81,68.51,50.71,68.51,63.46,2,UP_AND_DOWN,NO,NO,2026-10-04T00:05:36Z
2024-03-16T19:15:00Z,2024-03-16T20:15,2024-03-16T20:30,82,50.71,50.71,,63.46,0,STABLE,NO,NO,2026-10-04T00:05:36Z
2024-03-16T19:30:00Z,2024-03-16T20:30,2024-03-16T20:45,83,50.71,50.71,,63.46,0,STABLE,NO,NO,2026-10-04T00:05:36Z
2024-03-16T19:45:00Z,2024-03-16T20:45,2024-03-16T21:00,84,50.71,50.71,,63.46,0,STABLE,NO,NO,2026-10-04T00:05:36Z
2024-03-16T20:00:00Z,2024-03-16T21:00,2024-03-16T21:15,85,89.8,89.8,89.8,63.46,1,UP,NO,NO,2026-10-04T00:05:36Z
2024-03-16T20:15:00Z,2024-03-16T21:15,2024-03-16T21:30,86,89.8,89.8,89.8,63.46,1,UP,NO,NO,2026-10-04T00:05:36Z
2024-03-16T20:30:00Z,2024-03-16T21:30,2024-03-16T21:45,87,74.75,74.75,74.75,63.46,1,UP,NO,NO,2026-10-04T00:05:36Z
2024-03-16T20:45:00Z,2024-03-16T21:45,2024-03-16T22:00,88,34,34,34,63.46,1,UP,NO,NO,2026-10-04T00:05:36Z
2024-03-16T21:00:00Z,2024-03-16T22:00,2024-03-16T22:15,89,50.71,50.71,,63.46,0,STABLE,NO,NO,2026-10-04T00:05:36Z
2024-03-16T21:15:00Z,2024-03-16T22:15,2024-03-16T22:30,90,74.41,74.41,74.41,63.46,1,UP,NO,NO,2026-10-04T00:05:36Z
2024-03-16T21:30:00Z,2024-03-16T22:30,2024-03-16T22:45,91,50.71,50.71,,63.46,0,STABLE,NO,NO,2026-10-04T00:05:36Z
2024-03-16T21:45:00Z,2024-03-16T22:45,2024-03-16T23:00,92,54.99,54.99,,54.99,-1,DOWN,NO,NO,2026-10-04T00:05:36Z
2024-03-16T22:00:00Z,2024-03-16T23:00,2024-03-16T23:15,93,58.96,58.96,,58.96,-1,DOWN,NO,NO,2026-10-04T00:05:36Z
2024-03-16T22:15:00Z,2024-03-16T23:15,2024-03-16T23:30,94,48.73,48.73,,58.96,0,STABLE,NO,NO,2026-10-04T00:05:36Z
2024-03-16T22:30:00Z,2024-03-16T23:30,2024-03-16T23:45,95,61.96,61.96,,61.96,-1,DOWN,NO,NO,2026-10-04T00:05:36Z
2024-03-16T22:45:00Z,2024-03-16T23:45,2024-03-17T00:00,96,51.2,51.2,,51.2,-1,DOWN,NO,NO,2026-10-04T00:05:36Z
2024-03-16T23:00:00Z,2024-03-17T00:00,2024-03-17T00:15,1,87.73,87.73,87.73,51.2,1,UP,NO,NO,2026-10-04T00:05:36Z
2024-03-16T23:15:00Z,2024-03-17T00:15,2024-03-17T00:30,2,22.82,22.82,87.73,22.82,-1,DOWN,NO,NO,2026-10-04T00:05:36Z
2024-03-16T23:30:00Z,2024-03-17T00:30,2024-03-17T00:45,3,22.36,22.36,,22.36,-1,DOWN,NO,NO,2026-10-04T00:05:36Z
2024-03-16T23:45:00Z,2024-03-17T00:45,2024-03-17T01:00,4,36.57,36.57,,36.57,-1,DOWN,NO,NO,2026-10-04T00:05:36Z
2024-03-17T00:00:00Z,2024-03-17T01:00,2024-03-17T01:15,5,23.69,23.69,,23.69,-1,DOWN,NO,NO,2026-10-04T00:05:36Z
2024-03-17T00:15:00Z,2024-03-17T01:15,2024-03-17T01:30,6,42.29,42.29,,42.29,-1,DOWN,NO,NO,2026-10-04T00:05:36Z
2024-03-17T00:30:00Z,2024-03-17T01:30,2024-03-17T01:45,7,37.77,37.77,,37.77,-1,DOWN,NO,NO,2026-10-04T00:05:36Z
2024-03-17T00:45:00Z,2024-03-17T01:45,2024-03-17T02:00,8,-26.69,-26.69,,-26.69,-1,DOWN,NO,NO,2026-10-04T00:05:36Z
2024-03-17T01:00:00Z,2024-03-17T02:00,2024-03-17T02:15,9,1887.1,43.8,1887.1,43.8,2,UP_AND_DOWN,NO,NO,2026-10-04T00:05:36Z
2024-03-17T01:15:00Z,2024-03-17T02:15,2024-03-17T02:30,10,86.69,53,86.69,53,2,UP_AND_DOWN,NO,NO,2026-10-04T00:05:36Z
2024-03-17T01:30:00Z,2024-03-17T02:30,2024-03-17T02:45,11,46.69,46.69,,46.69,-1,DOWN,NO,NO,2026-10-04T00:05:36Z
2024-03-17T01:45:00Z,2024-03-17T02:45,2024-03-17T03:00,12,46.57,46.57,,46.57,-1,DOWN,NO,NO,2026-10-04T00:05:36Z
2024-03-17T02:00:00Z,2024-03-17T03:00,2024-03-17T03:15,13,80.32,80.32,80.32,46.57,1,UP,NO,NO,2026-10-04T00:05:36Z
2024-03-17T02:15:00Z,2024-03-17T03:15,2024-03-17T03:30,14,67.69,67.69,67.69,,1,UP,NO,NO,2026-10-04T00:05:36Z
2024-03-17T02:30:00Z,2024-03-17T03:30,2024-03-17T03:45,15,76.69,76.69,76.69,,1,UP,NO,NO,2026-10-04T00:05:36Z
2024-03-17T02:45:00Z,2024-03-17T03:45,2024-03-17T04:00,16,67.61,67.61,67.61,,1,UP,NO,NO,2026-10-04T00:05:36Z
2024-03-17T03:00:00Z,2024-03-17T04:00,2024-03-17T04:15,17,58.3,58.3,,,0,STABLE,NO,NO,2026-10-04T00:05:36Z
2024-03-17T03:15:00Z,2024-03-17T04:15,2024-03-17T04:30,18,58.31,58.31,,,0,STABLE,NO,NO,2026-10-04T00:05:36Z
2024-03-17T03:30:00Z,2024-03-17T04:30,2024-03-17T04:45,19,58.41,58.41,,,0,STABLE,NO,NO,2026-10-04T00:05:36Z
2024-03-17T03:45:00Z,2024-03-17T04:45,2024-03-17T05:00,20,82.69,82.69,82.69,,1,UP,NO,NO,2026-10-04T00:05:36Z
2024-03-17T04:00:00Z,2024-03-17T05:00,2024-03-17T05:15,21,90.02,90.02,90.02,,1,UP,NO,NO,2026-10-04T00:05:36Z
2024-03-17T04:15:00Z,2024-03-17T05:15,2024-03-17T05:30,22,77.02,77.02,77.02,,1,UP,NO,NO,2026-10-04T00:05:36Z
2024-03-17T04:30:00Z,2024-03-17T05:30,2024-03-17T05:45,23,78.69,78.69,78.69,,1,UP,NO,NO,2026-10-04T00:05:36Z
2024-03-17T04:45:00Z,2024-03-17T05:45,2024-03-17T06:00,24,54,54,57.8,54,-1,DOWN,NO,NO,2026-10-04T00:05:36Z
2024-03-17T05:00:00Z,2024-03-17T06:00,2024-03-17T06:15,25,134.5,134.5,134.5,54,1,UP,NO,NO,2026-10-04T00:05:36Z
2024-03-17T05:15:00Z,2024-03-17T06:15,2024-03-17T06:30,26,113.4,113.4,113.4,,1,UP,NO,NO,2026-10-04T00:05:36Z
2024-03-17T05:30:00Z,2024-03-17T06:30,2024-03-17T06:45,27,56.21,56.21,,,0,STABLE,NO,NO,2026-10-04T00:05:36Z
2024-03-17T05:45:00Z,2024-03-17T06:45,2024-03-17T07:00,28,38.03,38.03,,38.03,-1,DOWN,NO,NO,2026-10-04T00:05:36Z
2024-03-17T06:00:00Z,2024-03-17T07:00,2024-03-17T07:15,29,80.44,2.69,80.44,2.69,2,UP_AND_DOWN,NO,NO,2026-10-04T00:05:36Z
2024-03-17T06:15:00Z,2024-03-17T07:15,2024-03-17T07:30,30,87.56,-72.59,87.56,-72.59,2,UP_AND_DOWN,NO,NO,2026-10-04T00:05:36Z
2024-03-17T06:30:00Z,2024-03-17T07:30,2024-03-17T07:45,31,-103.69,-103.69,,-103.69,-1,DOWN,NO,NO,2026-10-04T00:05:36Z
2024-03-17T06:45:00Z,2024-03-17T07:45,2024-03-17T08:00,32,-140.79,-140.79,,-140.79,-1,DOWN,NO,NO,2026-10-04T00:05:36Z
2024-03-17T07:00:00Z,2024-03-17T08:00,2024-03-17T08:15,33,-41.02,-41.02,,-41.02,-1,DOWN,NO,NO,2026-10-04T00:05:36Z
2024-03-17T07:15:00Z,2024-03-17T08:15,2024-03-17T08:30,34,-51.17,-51.17,,-51.17,-1,DOWN,NO,NO,2026-10-04T00:05:36Z
2024-03-17T07:30:00Z,2024-03-17T08:30,2024-03-17T08:45,35,-40,-40,,-40,-1,DOWN,NO,NO,2026-10-04T00:05:36Z
2024-03-17T07:45:00Z,2024-03-17T08:45,2024-03-17T09:00,36,-64.29,-64.29,,-64.29,-1,DOWN,NO,NO,2026-10-04T00:05:36Z
2024-03-17T08:00:00Z,2024-03-17T09:00,2024-03-17T09:15,37,70.32,36.57,70.32,36.57,2,UP_AND_DOWN,NO,NO,2026-10-04T00:05:36Z
2024-03-17T08:15:00Z,2024-03-17T09:15,2024-03-17T09:30,38,44.52,44.52,70.32,44.52,-1,DOWN,NO,NO,2026-10-04T00:05:36Z
2024-03-17T08:30:00Z,2024-03-17T09:30,2024-03-17T09:45,39,36.52,36.52,,36.52,-1,DOWN,NO,NO,2026-10-04T00:05:36Z
2024-03-17T08:45:00Z,2024-03-17T09:45,2024-03-17T10:00,40,-36,-36,,-36,-1,DOWN,NO,NO,2026-10-04T00:05:36Z
2024-03-17T09:00:00Z,2024-03-17T10:00,2024-03-17T10:15,41,-107.06,-107.06,,-107.06,-1,DOWN,NO,NO,2026-10-04T00:05:36Z
2024-03-17T09:15:00Z,2024-03-17T10:15,2024-03-17T10:30,42,60.26,-423.88,52.99,-423.88,2,UP_AND_DOWN,NO,NO,2026-10-04T00:05:36Z
2024-03-17T09:30:00Z,2024-03-17T10:30,2024-03-17T10:45,43,77.02,-224.99,77.02,-224.99,2,UP_AND_DOWN,NO,NO,2026-10-04T00:05:36Z
2024-03-17T09:45:00Z,2024-03-17T10:45,2024-03-17T11:00,44,-86.39,-86.39,,-86.39,-1,DOWN,NO,NO,2026-10-04T00:05:36Z
2024-03-17T10:00:00Z,2024-03-17T11:00,2024-03-17T11:15,45,-222.99,-222.99,,-222.99,-1,DOWN,NO,NO,2026-10-04T00:05:36Z
2024-03-17T10:15:00Z,2024-03-17T11:15,2024-03-17T11:30,46,69.31,-82.5,69.31,-82.5,2,UP_AND_DOWN,NO,NO,2026-10-04T00:05:36Z
2024-03-17T10:30:00Z,2024-03-17T11:30,2024-03-17T11:45,47,72.3,-99.69,72.3,-99.69,2,UP_AND_DOWN,NO,NO,2026-10-04T00:05:36Z
2024-03-17T10:45:00Z,2024-03-17T11:45,2024-03-17T12:00,48,113.4,-97.69,113.4,-97.69,2,UP_AND_DOWN,NO,NO,2026-10-04T00:05:36Z
2024-03-17T11:00:00Z,2024-03-17T12:00,2024-03-17T12:15,49,43.5,43.5,,43.5,-1,DOWN,NO,NO,2026-10-04T00:05:36Z
2024-03-17T11:15:00Z,2024-03-17T12:15,2024-03-17T12:30,50,57.16,57.16,,,0,STABLE,NO,NO,2026-10-04T00:05:36Z
2024-03-17T11:30:00Z,2024-03-17T12:30,2024-03-17T12:45,51,56.31,56.31,,,0,STABLE,NO,NO,2026-10-04T00:05:36Z
2024-03-17T11:45:00Z,2024-03-17T12:45,2024-03-17T13:00,52,-30,-30,,-30,-1,DOWN,NO,NO,2026-10-04T00:05:36Z
2024-03-17T12:00:00Z,2024-03-17T13:00,2024-03-17T13:15,53,-40.5,-40.5,,-40.5,-1,DOWN,NO,NO,2026-10-04T00:05:36Z
2024-03-17T12:15:00Z,2024-03-17T13:15,2024-03-17T13:30,54,61.16,-88.39,54.79,-88.39,2,UP_AND_DOWN,NO,NO,2026-10-04T00:05:36Z
2024-03-17T12:30:00Z,2024-03-17T13:30,2024-03-17T13:45,55,60.86,-224.99,54.19,-224.99,2,UP_AND_DOWN,NO,NO,2026-10-04T00:05:36Z
2024-03-17T12:45:00Z,2024-03-17T13:45,2024-03-17T14:00,56,-59,-59,,-59,-1,DOWN,NO,NO,2026-10-04T00:05:36Z
2024-03-17T13:00:00Z,2024-03-17T14:00,2024-03-17T14:15,57,-357.06,-357.06,,-357.06,-1,DOWN,NO,NO,2026-10-04T00:05:36Z
2024-03-17T13:15:00Z,2024-03-17T14:15,2024-03-17T14:30,58,-375.96,-375.96,,-375.96,-1,DOWN,NO,NO,2026-10-04T00:05:36Z
2024-03-17T13:30:00Z,2024-03-17T14:30,2024-03-17T14:45,59,-123.64,-123.64,,-123.64,-1,DOWN,NO,NO,2026-10-04T00:05:36Z
2024-03-17T13:45:00Z,2024-03-17T14:45,2024-03-17T15:00,60,-171.19,-171.19,,-171.19,-1,DOWN,NO,NO,2026-10-04T00:05:36Z
2024-03-17T14:00:00Z,2024-03-17T15:00,2024-03-17T15:15,61,-314.82,-314.82,,-314.82,-1,DOWN,NO,NO,2026-10-04T00:05:36Z
2024-03-17T14:15:00Z,2024-03-17T15:15,2024-03-17T15:30,62,-62.79,-62.79,,-62.79,-1,DOWN,NO,NO,2026-10-04T00:05:36Z
2024-03-17T14:30:00Z,2024-03-17T15:30,2024-03-17T15:45,63,-10,-10,,-10,-1,DOWN,NO,NO,2026-10-04T00:05:36Z
2024-03-17T14:45:00Z,2024-03-17T15:45,2024-03-17T16:00,64,87.12,-36,87.12,-36,2,UP_AND_DOWN,NO,NO,2026-10-04T00:05:36Z
2024-03-17T15:00:00Z,2024-03-17T16:00,2024-03-17T16:15,65,113.5,63.78,113.5,63.78,2,UP_AND_DOWN,NO,NO,2026-10-04T00:05:36Z
2024-03-17T15:15:00Z,2024-03-17T16:15,2024-03-17T16:30,66,105.02,43.5,105.02,43.5,2,UP_AND_DOWN,NO,NO,2026-10-04T00:05:36Z
2024-03-17T15:30:00Z,2024-03-17T16:30,2024-03-17T16:45,67,113.5,65.52,113.5,65.52,2,UP_AND_DOWN,NO,NO,2026-10-04T00:05:36Z
2024-03-17T15:45:00Z,2024-03-17T16:45,2024-03-17T17:00,68,63.77,63.77,,63.77,-1,DOWN,NO,NO,2026-10-04T00:05:36Z
2024-03-17T16:00:00Z,2024-03-17T17:00,2024-03-17T17:15,69,-113.74,-113.74,,-113.74,-1,DOWN,NO,NO,2026-10-04T00:05:36Z
2024-03-17T16:15:00Z,2024-03-17T17:15,2024-03-17T17:30,70,67,10.52,66.47,10.52,2,UP_AND_DOWN,NO,NO,2026-10-04T00:05:36Z
2024-03-17T16:30:00Z,2024-03-17T17:30,2024-03-17T17:45,71,66.47,66.47,66.47,,1,UP,NO,NO,2026-10-04T00:05:36Z
2024-03-17T16:45:00Z,2024-03-17T17:45,2024-03-17T18:00,72,102.13,102.13,102.13,,1,UP,NO,NO,2026-10-04T00:05:36Z
2024-03-17T17:00:00Z,2024-03-17T18:00,2024-03-17T18:15,73,98.37,98.37,98.37,,1,UP,NO,NO,2026-10-04T00:05:36Z
2024-03-17T17:15:00Z,2024-03-17T18:15,2024-03-17T18:30,74,70.49,70.49,70.49,,1,UP,NO,NO,2026-10-04T00:05:36Z
2024-03-17T17:30:00Z,2024-03-17T18:30,2024-03-17T18:45,75,100.51,100.51,100.51,,1,UP,NO,NO,2026-10-04T00:05:36Z
2024-03-17T17:45:00Z,2024-03-17T18:45,2024-03-17T19:00,76,90.02,90.02,90.02,,1,UP,NO,NO,2026-10-04T00:05:36Z
2024-03-17T18:00:00Z,2024-03-17T19:00,2024-03-17T19:15,77,67.28,67.28,,,0,STABLE,NO,NO,2026-10-04T00:05:36Z
2024-03-17T18:15:00Z,2024-03-17T19:15,2024-03-17T19:30,78,66.72,66.72,,66.72,-1,DOWN,NO,NO,2026-10-04T00:05:36Z
2024-03-17T18:30:00Z,2024-03-17T19:30,2024-03-17T19:45,79,36.57,36.57,,36.57,-1,DOWN,NO,NO,2026-10-04T00:05:36Z
2024-03-17T18:45:00Z,2024-03-17T19:45,2024-03-17T20:00,80,-40,-40,,-40,-1,DOWN,NO,NO,2026-10-04T00:05:36Z
2024-03-17T19:00:00Z,2024-03-17T20:00,2024-03-17T20:15,81,22.52,22.52,,22.52,-1,DOWN,NO,NO,2026-10-04T00:05:36Z
2024-03-17T19:15:00Z,2024-03-17T20:15,2024-03-17T20:30,82,4.03,4.03,,4.03,-1,DOWN,NO,NO,2026-10-04T00:05:36Z
2024-03-17T19:30:00Z,2024-03-17T20:30,2024-03-17T20:45,83,38.03,38.03,,38.03,-1,DOWN,NO,NO,2026-10-04T00:05:36Z
2024-03-17T19:45:00Z,2024-03-17T20:45,2024-03-17T21:00,84,20.72,20.72,,20.72,-1,DOWN,NO,NO,2026-10-04T00:05:36Z
2024-03-17T20:00:00Z,2024-03-17T21:00,2024-03-17T21:15,85,28.52,28.52,,28.52,-1,DOWN,NO,NO,2026-10-04T00:05:36Z
2024-03-17T20:15:00Z,2024-03-17T21:15,2024-03-17T21:30,86,36.52,36.52,,36.52,-1,DOWN,NO,NO,2026-10-04T00:05:36Z
2024-03-17T20:30:00Z,2024-03-17T21:30,2024-03-17T21:45,87,44.03,44.03,,44.03,-1,DOWN,NO,NO,2026-10-04T00:05:36Z
2024-03-17T20:45:00Z,2024-03-17T21:45,2024-03-17T22:00,88,46.57,46.57,,46.57,-1,DOWN,NO,NO,2026-10-04T00:05:36Z
2024-03-17T21:00:00Z,2024-03-17T22:00,2024-03-17T22:15,89,113.4,113.4,113.4,,1,UP,NO,NO,2026-10-04T00:05:36Z
2024-03-17T21:15:00Z,2024-03-17T22:15,2024-03-17T22:30,90,83.8,83.8,83.8,,1,UP,NO,NO,2026-10-04T00:05:36Z
2024-03-17T21:30:00Z,2024-03-17T22:30,2024-03-17T22:45,91,76.47,76.47,76.47,,1,UP,NO,NO,2026-10-04T00:05:36Z
2024-03-17T21:45:00Z,2024-03-17T22:45,2024-03-17T23:00,92,84.22,84.22,84.22,,1,UP,NO,NO,2026-10-04T00:05:36Z
2024-03-17T22:00:00Z,2024-03-17T23:00,2024-03-17T23:15,93,73.24,73.24,73.24,,1,UP,NO,NO,2026-10-04T00:05:36Z
2024-03-17T22:15:00Z,2024-03-17T23:15,2024-03-17T23:30,94,98.46,98.46,98.46,,1,UP,NO,NO,2026-10-04T00:05:36Z
2024-03-17T22:30:00Z,2024-03-17T23:30,2024-03-17T23:45,95,76.57,76.57,76.57,,1,UP,NO,NO,2026-10-04T00:05:36Z
2024-03-17T22:45:00Z,2024-03-17T23:45,2024-03-18T00:00,96,64.77,64.77,64.77,,1,UP,NO,NO,2026-10-04T00:05:36Z
2024-03-17T23:00:00Z,2024-03-18T00:00,2024-03-18T00:15,1,28.57,28.57,,28.57,-1,DOWN,NO,NO,2026-10-04T00:05:36Z
2024-03-17T23:15:00Z,2024-03-18T00:15,2024-03-18T00:30,2,38.03,38.03,,38.03,-1,DOWN,NO,NO,2026-10-04T00:05:36Z
2024-03-17T23:30:00Z,2024-03-18T00:30,2024-03-18T00:45,3,36.57,36.57,,36.57,-1,DOWN,NO,NO,2026-10-04T00:05:36Z
2024-03-17T23:45:00Z,2024-03-18T00:45,2024-03-18T01:00,4,38.03,38.03,,38.03,-1,DOWN,NO,NO,2026-10-04T00:05:36Z
2024-03-18T00:00:00Z,2024-03-18T01:00,2024-03-18T01:15,5,26.57,26.57,,26.57,-1,DOWN,NO,NO,2026-10-04T00:05:36Z
2024-03-18T00:15:00Z,2024-03-18T01:15,2024-03-18T01:30,6,51.69,51.69,,51.69,-1,DOWN,NO,NO,2026-10-04T00:05:36Z
2024-03-18T00:30:00Z,2024-03-18T01:30,2024-03-18T01:45,7,62.69,62.69,,62.69,-1,DOWN,NO,NO,2026-10-04T00:05:36Z
2024-03-18T00:45:00Z,2024-03-18T01:45,2024-03-18T02:00,8,74.03,74.03,74.03,62.69,1,UP,NO,NO,2026-10-04T00:05:36Z
2024-03-18T01:00:00Z,2024-03-18T02:00,2024-03-18T02:15,9,71.18,71.18,71.18,,1,UP,NO,NO,2026-10-04T00:05:36Z
2024-03-18T01:15:00Z,2024-03-18T02:15,2024-03-18T02:30,10,71.99,71.99,71.99,,1,UP,NO,NO,2026-10-04T00:05:36Z
2024-03-18T01:30:00Z,2024-03-18T02:30,2024-03-18T02:45,11,62.5,62.5,62.5,,1,UP,NO,NO,2026-10-04T00:05:36Z
2024-03-18T01:45:00Z,2024-03-18T02:45,2024-03-18T03:00,12,69.04,69.04,69.04,,1,UP,NO,NO,2026-10-04T00:05:36Z
2024-03-18T02:00:00Z,2024-03-18T03:00,2024-03-18T03:15,13,63.53,63.53,,,0,STABLE,NO,NO,2026-10-04T00:05:36Z
2024-03-18T02:15:00Z,2024-03-18T03:15,2024-03-18T03:30,14,63.52,63.52,,,0,STABLE,NO,NO,2026-10-04T00:05:36Z
2024-03-18T02:30:00Z,2024-03-18T03:30,2024-03-18T03:45,15,63.44,63.44,,,0,STABLE,NO,NO,2026-10-04T00:05:36Z
2024-03-18T02:45:00Z,2024-03-18T03:45,2024-03-18T04:00,16,63.36,63.36,63.36,,1,UP,NO,NO,2026-10-04T00:05:36Z
2024-03-18T03:00:00Z,2024-03-18T04:00,2024-03-18T04:15,17,63.28,63.28,63.28,,1,UP,NO,NO,2026-10-04T00:05:36Z
2024-03-18T03:15:00Z,2024-03-18T04:15,2024-03-18T04:30,18,43.69,43.69,63.36,43.69,-1,DOWN,NO,NO,2026-10-04T00:05:36Z
2024-03-18T03:30:00Z,2024-03-18T04:30,2024-03-18T04:45,19,46.69,46.69,,46.69,-1,DOWN,NO,NO,2026-10-04T00:05:36Z
2024-03-18T03:45:00Z,2024-03-18T04:45,2024-03-18T05:00,20,45.68,45.68,,45.68,-1,DOWN,NO,NO,2026-10-04T00:05:36Z
2024-03-18T04:00:00Z,2024-03-18T05:00,2024-03-18T05:15,21,55.69,55.69,,55.69,-1,DOWN,NO,NO,2026-10-04T00:05:36Z
2024-03-18T04:15:00Z,2024-03-18T05:15,2024-03-18T05:30,22,57.69,57.69,,57.69,-1,DOWN,NO,NO,2026-10-04T00:05:36Z
2024-03-18T04:30:00Z,2024-03-18T05:30,2024-03-18T05:45,23,68.37,68.37,68.37,57.69,1,UP,NO,NO,2026-10-04T00:05:36Z
2024-03-18T04:45:00Z,2024-03-18T05:45,2024-03-18T06:00,24,67.03,67.03,67.03,,1,UP,NO,NO,2026-10-04T00:05:36Z
2024-03-18T05:00:00Z,2024-03-18T06:00,2024-03-18T06:15,25,38.49,38.49,,38.49,-1,DOWN,NO,NO,2026-10-04T00:05:36Z
2024-03-18T05:15:00Z,2024-03-18T06:15,2024-03-18T06:30,26,71.85,71.85,71.85,,1,UP,NO,NO,2026-10-04T00:05:36Z
2024-03-18T05:30:00Z,2024-03-18T06:30,2024-03-18T06:45,27,79.59,79.59,79.59,,1,UP,NO,NO,2026-10-04T00:05:36Z
2024-03-18T05:45:00Z,2024-03-18T06:45,2024-03-18T07:00,28,82.81,82.81,82.81,,1,UP,NO,NO,2026-10-04T00:05:36Z
2024-03-18T06:00:00Z,2024-03-18T07:00,2024-03-18T07:15,29,87.7,61.69,87.7,61.69,2,UP_AND_DOWN,NO,NO,2026-10-04T00:05:36Z
2024-03-18T06:15:00Z,2024-03-18T07:15,2024-03-18T07:30,30,70.89,70.89,70.89,61.69,1,UP,NO,NO,2026-10-04T00:05:36Z
2024-03-18T06:30:00Z,2024-03-18T07:30,2024-03-18T07:45,31,74.14,74.14,74.14,,1,UP,NO,NO,2026-10-04T00:05:36Z
2024-03-18T06:45:00Z,2024-03-18T07:45,2024-03-18T08:00,32,74.43,74.43,74.43,62.69,1,UP,NO,NO,2026-10-04T00:05:36Z
2024-03-18T07:00:00Z,2024-03-18T08:00,2024-03-18T08:15,33,58.27,58.27,74.43,58.27,-1,DOWN,NO,NO,2026-10-04T00:05:36Z
2024-03-18T07:15:00Z,2024-03-18T08:15,2024-03-18T08:30,34,68.27,68.27,,,0,STABLE,NO,NO,2026-10-04T00:05:36Z
2024-03-18T07:30:00Z,2024-03-18T08:30,2024-03-18T08:45,35,58.27,58.27,,58.27,-1,DOWN,NO,NO,2026-10-04T00:05:36Z
2024-03-18T07:45:00Z,2024-03-18T08:45,2024-03-18T09:00,36,53.77,53.77,,53.77,-1,DOWN,NO,NO,2026-10-04T00:05:36Z
2024-03-18T08:00:00Z,2024-03-18T09:00,2024-03-18T09:15,37,72.37,53.08,72.37,53.08,2,UP_AND_DOWN,NO,NO,2026-10-04T00:05:36Z
2024-03-18T08:15:00Z,2024-03-18T09:15,2024-03-18T09:30,38,-.31,-.31,,-.31,-1,DOWN,NO,NO,2026-10-04T00:05:36Z
2024-03-18T08:30:00Z,2024-03-18T09:30,2024-03-18T09:45,39,-146,-146,,-146,-1,DOWN,NO,NO,2026-10-04T00:05:36Z
2024-03-18T08:45:00Z,2024-03-18T09:45,2024-03-18T10:00,40,-40,-40,,-40,-1,DOWN,NO,NO,2026-10-04T00:05:36Z
2024-03-18T09:00:00Z,2024-03-18T10:00,2024-03-18T10:15,41,94.2,12.69,94.2,12.69,2,UP_AND_DOWN,NO,NO,2026-10-04T00:05:36Z
2024-03-18T09:15:00Z,2024-03-18T10:15,2024-03-18T10:30,42,74.98,74.98,74.98,,1,UP,NO,NO,2026-10-04T00:05:36Z
2024-03-18T09:30:00Z,2024-03-18T10:30,2024-03-18T10:45,43,64.08,41.69,64.08,41.69,2,UP_AND_DOWN,NO,NO,2026-10-04T00:05:36Z
2024-03-18T09:45:00Z,2024-03-18T10:45,2024-03-18T11:00,44,3.69,3.69,,3.69,-1,DOWN,NO,NO,2026-10-04T00:05:36Z
2024-03-18T10:00:00Z,2024-03-18T11:00,2024-03-18T11:15,45,87.73,32.64,87.73,32.64,2,UP_AND_DOWN,NO,NO,2026-10-04T00:05:36Z
2024-03-18T10:15:00Z,2024-03-18T11:15,2024-03-18T11:30,46,-1.31,-1.31,,-1.31,-1,DOWN,NO,NO,2026-10-04T00:05:36Z
2024-03-18T10:30:00Z,2024-03-18T11:30,2024-03-18T11:45,47,.89,.89,,.89,-1,DOWN,NO,NO,2026-10-04T00:05:36Z
2024-03-18T10:45:00Z,2024-03-18T11:45,2024-03-18T12:00,48,65.58,17.69,65.58,17.69,2,UP_AND_DOWN,NO,NO,2026-10-04T00:05:36Z
2024-03-18T11:00:00Z,2024-03-18T12:00,2024-03-18T12:15,49,109.7,109.7,109.7,,1,UP,NO,NO,2026-10-04T00:05:36Z
2024-03-18T11:15:00Z,2024-03-18T12:15,2024-03-18T12:30,50,76.3,76.3,76.3,,1,UP,NO,NO,2026-10-04T00:05:36Z
2024-03-18T11:30:00Z,2024-03-18T12:30,2024-03-18T12:45,51,93.9,93.9,93.9,,1,UP,NO,NO,2026-10-04T00:05:36Z
2024-03-18T11:45:00Z,2024-03-18T12:45,2024-03-18T13:00,52,1887.1,1887.1,1887.1,,1,UP,NO,NO,2026-10-04T00:05:36Z
2024-03-18T12:00:00Z,2024-03-18T13:00,2024-03-18T13:15,53,36.57,36.57,1887.1,36.57,-1,DOWN,NO,NO,2026-10-04T00:05:36Z
2024-03-18T12:15:00Z,2024-03-18T13:15,2024-03-18T13:30,54,61.5,46.57,59.3,46.57,2,UP_AND_DOWN,NO,NO,2026-10-04T00:05:36Z
2024-03-18T12:30:00Z,2024-03-18T13:30,2024-03-18T13:45,55,57.71,57.71,,57.71,-1,DOWN,NO,NO,2026-10-04T00:05:36Z
2024-03-18T12:45:00Z,2024-03-18T13:45,2024-03-18T14:00,56,51.69,51.69,,51.69,-1,DOWN,NO,NO,2026-10-04T00:05:36Z
2024-03-18T13:00:00Z,2024-03-18T14:00,2024-03-18T14:15,57,35.38,35.38,,35.38,-1,DOWN,NO,NO,2026-10-04T00:05:36Z
2024-03-18T13:15:00Z,2024-03-18T14:15,2024-03-18T14:30,58,66.3,61.5,66.3,61.69,2,UP_AND_DOWN,NO,NO,2026-10-04T00:05:36Z
2024-03-18T13:30:00Z,2024-03-18T14:30,2024-03-18T14:45,59,66.3,66.3,66.3,,1,UP,NO,NO,2026-10-04T00:05:36Z
2024-03-18T13:45:00Z,2024-03-18T14:45,2024-03-18T15:00,60,63.69,63.69,,63.69,-1,DOWN,NO,NO,2026-10-04T00:05:36Z
2024-03-18T14:00:00Z,2024-03-18T15:00,2024-03-18T15:15,61,61.69,61.69,,61.69,-1,DOWN,NO,NO,2026-10-04T00:05:36Z
2024-03-18T14:15:00Z,2024-03-18T15:15,2024-03-18T15:30,62,61.69,61.69,,61.69,-1,DOWN,NO,NO,2026-10-04T00:05:36Z
2024-03-18T14:30:00Z,2024-03-18T15:30,2024-03-18T15:45,63,31.69,31.69,,31.69,-1,DOWN,NO,NO,2026-10-04T00:05:36Z
2024-03-18T14:45:00Z,2024-03-18T15:45,2024-03-18T16:00,64,38.49,38.49,,38.49,-1,DOWN,NO,NO,2026-10-04T00:05:36Z
2024-03-18T15:00:00Z,2024-03-18T16:00,2024-03-18T16:15,65,-99.6,-99.6,,-99.6,-1,DOWN,NO,NO,2026-10-04T00:05:36Z
2024-03-18T15:15:00Z,2024-03-18T16:15,2024-03-18T16:30,66,54.34,54.34,,54.34,-1,DOWN,NO,NO,2026-10-04T00:05:36Z
2024-03-18T15:30:00Z,2024-03-18T16:30,2024-03-18T16:45,67,57.69,57.69,,57.69,-1,DOWN,NO,NO,2026-10-04T00:05:36Z
2024-03-18T15:45:00Z,2024-03-18T16:45,2024-03-18T17:00,68,53.47,53.47,,53.47,-1,DOWN,NO,NO,2026-10-04T00:05:36Z
2024-03-18T16:00:00Z,2024-03-18T17:00,2024-03-18T17:15,69,-1456.43,-1456.43,,-1456.43,-1,DOWN,NO,NO,2026-10-04T00:05:36Z
2024-03-18T16:15:00Z,2024-03-18T17:15,2024-03-18T17:30,70,70.9,62.69,70.9,62.69,2,UP_AND_DOWN,NO,NO,2026-10-04T00:05:36Z
2024-03-18T16:30:00Z,2024-03-18T17:30,2024-03-18T17:45,71,51.49,51.49,68.69,51.49,-1,DOWN,NO,NO,2026-10-04T00:05:36Z
2024-03-18T16:45:00Z,2024-03-18T17:45,2024-03-18T18:00,72,82.79,82.79,82.79,,1,UP,NO,NO,2026-10-04T00:05:36Z
2024-03-18T17:00:00Z,2024-03-18T18:00,2024-03-18T18:15,73,72.25,49.27,72.25,49.27,2,UP_AND_DOWN,NO,NO,2026-10-04T00:05:36Z
2024-03-18T17:15:00Z,2024-03-18T18:15,2024-03-18T18:30,74,69.11,69.11,,49.27,0,STABLE,NO,NO,2026-10-04T00:05:36Z
2024-03-18T17:30:00Z,2024-03-18T18:30,2024-03-18T18:45,75,76.52,76.52,76.52,,1,UP,NO,NO,2026-10-04T00:05:36Z
2024-03-18T17:45:00Z,2024-03-18T18:45,2024-03-18T19:00,76,72.25,72.25,72.25,,1,UP,NO,NO,2026-10-04T00:05:36Z
2024-03-18T18:00:00Z,2024-03-18T19:00,2024-03-18T19:15,77,78.82,78.82,78.82,,1,UP,NO,NO,2026-10-04T00:05:36Z
2024-03-18T18:15:00Z,2024-03-18T19:15,2024-03-18T19:30,78,72.71,72.71,72.71,,1,UP,NO,NO,2026-10-04T00:05:36Z
2024-03-18T18:30:00Z,2024-03-18T19:30,2024-03-18T19:45,79,71.27,71.27,72.71,71.27,-1,DOWN,NO,NO,2026-10-04T00:05:36Z
2024-03-18T18:45:00Z,2024-03-18T19:45,2024-03-18T20:00,80,60.25,60.25,,60.25,-1,DOWN,NO,NO,2026-10-04T00:05:36Z
2024-03-18T19:00:00Z,2024-03-18T20:00,2024-03-18T20:15,81,79.27,62.69,79.27,62.69,2,UP_AND_DOWN,NO,NO,2026-10-04T00:05:36Z
2024-03-18T19:15:00Z,2024-03-18T20:15,2024-03-18T20:30,82,77.02,77.02,77.02,,1,UP,NO,NO,2026-10-04T00:05:36Z
2024-03-18T19:30:00Z,2024-03-18T20:30,2024-03-18T20:45,83,79.27,69.38,79.27,69.77,2,UP_AND_DOWN,NO,NO,2026-10-04T00:05:36Z
2024-03-18T19:45:00Z,2024-03-18T20:45,2024-03-18T21:00,84,49.75,49.75,,49.75,-1,DOWN,NO,NO,2026-10-04T00:05:36Z
2024-03-18T20:00:00Z,2024-03-18T21:00,2024-03-18T21:15,85,85.84,38.49,85.84,38.49,2,UP_AND_DOWN,NO,NO,2026-10-04T00:05:36Z
2024-03-18T20:15:00Z,2024-03-18T21:15,2024-03-18T21:30,86,84.94,84.94,84.94,,1,UP,NO,NO,2026-10-04T00:05:36Z
2024-03-18T20:30:00Z,2024-03-18T21:30,2024-03-18T21:45,87,69.33,69.33,,,0,STABLE,NO,NO,2026-10-04T00:05:36Z
2024-03-18T20:45:00Z,2024-03-18T21:45,2024-03-18T22:00,88,66.37,66.37,,,0,STABLE,NO,NO,2026-10-04T00:05:36Z
2024-03-18T21:00:00Z,2024-03-18T22:00,2024-03-18T22:15,89,71.06,71.06,,71.06,-1,DOWN,NO,NO,2026-10-04T00:05:36Z
2024-03-18T21:15:00Z,2024-03-18T22:15,2024-03-18T22:30,90,66.89,66.89,,66.89,-1,DOWN,NO,NO,2026-10-04T00:05:36Z
2024-03-18T21:30:00Z,2024-03-18T22:30,2024-03-18T22:45,91,78.89,78.89,78.89,66.89,1,UP,NO,NO,2026-10-04T00:05:36Z
2024-03-18T21:45:00Z,2024-03-18T22:45,2024-03-18T23:00,92,44.49,44.49,78.89,44.49,-1,DOWN,NO,NO,2026-10-04T00:05:36Z
2024-03-18T22:00:00Z,2024-03-18T23:00,2024-03-18T23:15,93,74.66,-83.19,74.66,-83.19,2,UP_AND_DOWN,NO,NO,2026-10-04T00:05:36Z
2024-03-18T22:15:00Z,2024-03-18T23:15,2024-03-18T23:30,94,69.67,69.67,69.67,,1,UP,NO,NO,2026-10-04T00:05:36Z
2024-03-18T22:30:00Z,2024-03-18T23:30,2024-03-18T23:45,95,62.51,44.49,62.51,44.49,2,UP_AND_DOWN,NO,NO,2026-10-04T00:05:36Z
2024-03-18T22:45:00Z,2024-03-18T23:45,2024-03-19T00:00,96,38.49,38.49,,38.49,-1,DOWN,NO,NO,2026-10-04T00:05:36Z
2024-03-18T23:00:00Z,2024-03-19T00:00,2024-03-19T00:15,1,68.94,-96.52,68.94,-96.52,2,UP_AND_DOWN,NO,NO,2026-10-04T00:05:36Z
2024-03-18T23:15:00Z,2024-03-19T00:15,2024-03-19T00:30,2,42.58,42.58,,42.58,-1,DOWN,NO,NO,2026-10-04T00:05:36Z
2024-03-18T23:30:00Z,2024-03-19T00:30,2024-03-19T00:45,3,49.23,49.23,,49.23,-1,DOWN,NO,NO,2026-10-04T00:05:36Z
2024-03-18T23:45:00Z,2024-03-19T00:45,2024-03-19T01:00,4,54.51,54.51,,54.51,-1,DOWN,NO,NO,2026-10-04T00:05:36Z
2024-03-19T00:00:00Z,2024-03-19T01:00,2024-03-19T01:15,5,74.2,74.2,74.2,,1,UP,NO,NO,2026-10-04T00:05:36Z
2024-03-19T00:15:00Z,2024-03-19T01:15,2024-03-19T01:30,6,74.49,74.49,74.49,,1,UP,NO,NO,2026-10-04T00:05:36Z
2024-03-19T00:30:00Z,2024-03-19T01:30,2024-03-19T01:45,7,48.65,48.65,,48.65,-1,DOWN,NO,NO,2026-10-04T00:05:36Z
2024-03-19T00:45:00Z,2024-03-19T01:45,2024-03-19T02:00,8,41.2,41.2,,41.2,-1,DOWN,NO,NO,2026-10-04T00:05:36Z
2024-03-19T01:00:00Z,2024-03-19T02:00,2024-03-19T02:15,9,75.23,54.17,75.23,54.17,2,UP_AND_DOWN,NO,NO,2026-10-04T00:05:36Z
2024-03-19T01:15:00Z,2024-03-19T02:15,2024-03-19T02:30,10,65.8,65.8,65.8,,1,UP,NO,NO,2026-10-04T00:05:36Z
2024-03-19T01:30:00Z,2024-03-19T02:30,2024-03-19T02:45,11,54.19,54.19,65.8,54.19,-1,DOWN,NO,NO,2026-10-04T00:05:36Z
2024-03-19T01:45:00Z,2024-03-19T02:45,2024-03-19T03:00,12,44.37,44.37,,44.37,-1,DOWN,NO,NO,2026-10-04T00:05:36Z
2024-03-19T02:00:00Z,2024-03-19T03:00,2024-03-19T03:15,13,77.77,63.71,77.77,63.71,2,UP_AND_DOWN,NO,NO,2026-10-04T00:05:36Z
2024-03-19T02:15:00Z,2024-03-19T03:15,2024-03-19T03:30,14,80.23,80.23,80.23,,1,UP,NO,NO,2026-10-04T00:05:36Z
2024-03-19T02:30:00Z,2024-03-19T03:30,2024-03-19T03:45,15,46.57,46.57,80.23,46.57,-1,DOWN,NO,NO,2026-10-04T00:05:36Z
2024-03-19T02:45:00Z,2024-03-19T03:45,2024-03-19T04:00,16,44.85,44.85,,44.85,-1,DOWN,NO,NO,2026-10-04T00:05:36Z
2024-03-19T03:00:00Z,2024-03-19T04:00,2024-03-19T04:15,17,60.39,60.39,,60.39,-1,DOWN,NO,NO,2026-10-04T00:05:36Z
2024-03-19T03:15:00Z,2024-03-19T04:15,2024-03-19T04:30,18,44.08,44.08,,44.08,-1,DOWN,NO,NO,2026-10-04T00:05:36Z
2024-03-19T03:30:00Z,2024-03-19T04:30,2024-03-19T04:45,19,52.77,52.77,,52.77,-1,DOWN,NO,NO,2026-10-04T00:05:36Z
2024-03-19T03:45:00Z,2024-03-19T04:45,2024-03-19T05:00,20,58.52,58.52,,58.52,-1,DOWN,NO,NO,2026-10-04T00:05:36Z
2024-03-19T04:00:00Z,2024-03-19T05:00,2024-03-19T05:15,21,53.95,53.95,,53.95,-1,DOWN,NO,NO,2026-10-04T00:05:36Z
2024-03-19T04:15:00Z,2024-03-19T05:15,2024-03-19T05:30,22,66.63,66.63,,,0,STABLE,NO,NO,2026-10-04T00:05:36Z
2024-03-19T04:30:00Z,2024-03-19T05:30,2024-03-19T05:45,23,57.77,57.77,,57.77,-1,DOWN,NO,NO,2026-10-04T00:05:36Z
2024-03-19T04:45:00Z,2024-03-19T05:45,2024-03-19T06:00,24,26.57,26.57,,26.57,-1,DOWN,NO,NO,2026-10-04T00:05:36Z
2024-03-19T05:00:00Z,2024-03-19T06:00,2024-03-19T06:15,25,71.86,67.17,71.86,67.17,2,UP_AND_DOWN,NO,NO,2026-10-04T00:05:36Z
2024-03-19T05:15:00Z,2024-03-19T06:15,2024-03-19T06:30,26,66.58,66.58,,66.58,-1,DOWN,NO,NO,2026-10-04T00:05:36Z
2024-03-19T05:30:00Z,2024-03-19T06:30,2024-03-19T06:45,27,69.99,69.99,69.99,,1,UP,NO,NO,2026-10-04T00:05:36Z
2024-03-19T05:45:00Z,2024-03-19T06:45,2024-03-19T07:00,28,66.58,66.58,69.99,66.58,-1,DOWN,NO,NO,2026-10-04T00:05:36Z
2024-03-19T06:00:00Z,2024-03-19T07:00,2024-03-19T07:15,29,60.01,60.01,,60.01,-1,DOWN,NO,NO,2026-10-04T00:05:36Z
2024-03-19T06:15:00Z,2024-03-19T07:15,2024-03-19T07:30,30,56.76,56.76,,56.76,-1,DOWN,NO,NO,2026-10-04T00:05:36Z
2024-03-19T06:30:00Z,2024-03-19T07:30,2024-03-19T07:45,31,58.86,58.86,,58.86,-1,DOWN,NO,NO,2026-10-04T00:05:36Z
2024-03-19T06:45:00Z,2024-03-19T07:45,2024-03-19T08:00,32,65.01,65.01,74.17,65.01,-1,DOWN,NO,NO,2026-10-04T00:05:36Z
2024-03-19T07:00:00Z,2024-03-19T08:00,2024-03-19T08:15,33,84.39,84.39,84.39,65.2,1,UP,NO,NO,2026-10-04T00:05:36Z
2024-03-19T07:15:00Z,2024-03-19T08:15,2024-03-19T08:30,34,64.17,64.17,,64.17,-1,DOWN,NO,NO,2026-10-04T00:05:36Z
2024-03-19T07:30:00Z,2024-03-19T08:30,2024-03-19T08:45,35,65.05,65.05,,65.05,-1,DOWN,NO,NO,2026-10-04T00:05:36Z
2024-03-19T07:45:00Z,2024-03-19T08:45,2024-03-19T09:00,36,44.17,44.17,,44.17,-1,DOWN,NO,NO,2026-10-04T00:05:36Z
2024-03-19T08:00:00Z,2024-03-19T09:00,2024-03-19T09:15,37,66.49,32.21,65.75,32.21,2,UP_AND_DOWN,NO,NO,2026-10-04T00:05:36Z
2024-03-19T08:15:00Z,2024-03-19T09:15,2024-03-19T09:30,38,47.21,47.21,,47.21,-1,DOWN,NO,NO,2026-10-04T00:05:36Z
2024-03-19T08:30:00Z,2024-03-19T09:30,2024-03-19T09:45,39,-25.1,-25.1,,-25.1,-1,DOWN,NO,NO,2026-10-04T00:05:36Z
2024-03-19T08:45:00Z,2024-03-19T09:45,2024-03-19T10:00,40,67.07,-54,66.91,-54,2,UP_AND_DOWN,NO,NO,2026-10-04T00:05:36Z
2024-03-19T09:00:00Z,2024-03-19T10:00,2024-03-19T10:15,41,85.11,-143.25,85.11,-143.25,2,UP_AND_DOWN,NO,NO,2026-10-04T00:05:36Z
2024-03-19T09:15:00Z,2024-03-19T10:15,2024-03-19T10:30,42,-16.57,-16.57,,-16.57,-1,DOWN,NO,NO,2026-10-04T00:05:36Z
2024-03-19T09:30:00Z,2024-03-19T10:30,2024-03-19T10:45,43,-164.95,-164.95,61.79,-164.95,-1,DOWN,NO,NO,2026-10-04T00:05:36Z
2024-03-19T09:45:00Z,2024-03-19T10:45,2024-03-19T11:00,44,-413.41,-413.41,,-413.41,-1,DOWN,NO,NO,2026-10-04T00:05:36Z
2024-03-19T10:00:00Z,2024-03-19T11:00,2024-03-19T11:15,45,-40,-40,,-40,-1,DOWN,NO,NO,2026-10-04T00:05:36Z
2024-03-19T10:15:00Z,2024-03-19T11:15,2024-03-19T11:30,46,-229.15,-229.15,,-229.15,-1,DOWN,NO,NO,2026-10-04T00:05:36Z
2024-03-19T10:30:00Z,2024-03-19T11:30,2024-03-19T11:45,47,-229.15,-229.15,,-229.15,-1,DOWN,NO,NO,2026-10-04T00:05:36Z
2024-03-19T10:45:00Z,2024-03-19T11:45,2024-03-19T12:00,48,-998,-998,,-998,-1,DOWN,NO,NO,2026-10-04T00:05:36Z
2024-03-19T11:00:00Z,2024-03-19T12:00,2024-03-19T12:15,49,67.51,-385.24,67.51,-385.24,2,UP_AND_DOWN,NO,NO,2026-10-04T00:05:36Z
2024-03-19T11:15:00Z,2024-03-19T12:15,2024-03-19T12:30,50,64.18,-400.81,63.79,-400.81,2,UP_AND_DOWN,NO,NO,2026-10-04T00:05:36Z
2024-03-19T11:30:00Z,2024-03-19T12:30,2024-03-19T12:45,51,64.18,-229.53,63.79,-229.53,2,UP_AND_DOWN,NO,NO,2026-10-04T00:05:36Z
2024-03-19T11:45:00Z,2024-03-19T12:45,2024-03-19T13:00,52,61.49,-53.12,61.49,-53.12,2,UP_AND_DOWN,NO,NO,2026-10-04T00:05:36Z
2024-03-19T12:00:00Z,2024-03-19T13:00,2024-03-19T13:15,53,47.85,47.85,,47.85,-1,DOWN,NO,NO,2026-10-04T00:05:36Z
2024-03-19T12:15:00Z,2024-03-19T13:15,2024-03-19T13:30,54,70.21,70.21,70.21,,1,UP,NO,NO,2026-10-04T00:05:36Z
2024-03-19T12:30:00Z,2024-03-19T13:30,2024-03-19T13:45,55,94.1,94.1,94.1,,1,UP,NO,NO,2026-10-04T00:05:36Z
2024-03-19T12:45:00Z,2024-03-19T13:45,2024-03-19T14:00,56,57.85,57.85,94.1,57.85,-1,DOWN,NO,NO,2026-10-04T00:05:36Z
2024-03-19T13:00:00Z,2024-03-19T14:00,2024-03-19T14:15,57,64.18,-16.57,62.51,-16.57,2,UP_AND_DOWN,NO,NO,2026-10-04T00:05:36Z
2024-03-19T13:15:00Z,2024-03-19T14:15,2024-03-19T14:30,58,64.18,25.91,62.51,25.91,2,UP_AND_DOWN,NO,NO,2026-10-04T00:05:36Z
2024-03-19T13:30:00Z,2024-03-19T14:30,2024-03-19T14:45,59,64.85,-58.73,64.85,-58.73,2,UP_AND_DOWN,NO,NO,2026-10-04T00:05:36Z
2024-03-19T13:45:00Z,2024-03-19T14:45,2024-03-19T15:00,60,64.85,-398.96,64.85,-398.96,2,UP_AND_DOWN,NO,NO,2026-10-04T00:05:36Z
2024-03-19T14:00:00Z,2024-03-19T15:00,2024-03-19T15:15,61,66.84,-182.1,66.84,-182.1,2,UP_AND_DOWN,NO,NO,2026-10-04T00:05:36Z
2024-03-19T14:15:00Z,2024-03-19T15:15,2024-03-19T15:30,62,-211.04,-211.04,,-211.04,-1,DOWN,NO,NO,2026-10-04T00:05:36Z
2024-03-19T14:30:00Z,2024-03-19T15:30,2024-03-19T15:45,63,-529.79,-529.79,,-529.79,-1,DOWN,NO,NO,2026-10-04T00:05:36Z
2024-03-19T14:45:00Z,2024-03-19T15:45,2024-03-19T16:00,64,71.84,-489.61,71.84,-489.61,2,UP_AND_DOWN,NO,NO,2026-10-04T00:05:36Z
2024-03-19T15:00:00Z,2024-03-19T16:00,2024-03-19T16:15,65,27.85,27.85,71.84,27.85,-1,DOWN,NO,NO,2026-10-04T00:05:36Z
2024-03-19T15:15:00Z,2024-03-19T16:15,2024-03-19T16:30,66,86.33,-10,86.33,-10,2,UP_AND_DOWN,NO,NO,2026-10-04T00:05:36Z
2024-03-19T15:30:00Z,2024-03-19T16:30,2024-03-19T16:45,67,87.85,87.85,87.85,,1,UP,NO,NO,2026-10-04T00:05:36Z
2024-03-19T15:45:00Z,2024-03-19T16:45,2024-03-19T17:00,68,64.08,64.08,64.08,,1,UP,NO,NO,2026-10-04T00:05:36Z
2024-03-19T16:00:00Z,2024-03-19T17:00,2024-03-19T17:15,69,79.27,79.27,79.27,,1,UP,NO,NO,2026-10-04T00:05:36Z
2024-03-19T16:15:00Z,2024-03-19T17:15,2024-03-19T17:30,70,79.27,79.27,79.27,,1,UP,NO,NO,2026-10-04T00:05:36Z
2024-03-19T16:30:00Z,2024-03-19T17:30,2024-03-19T17:45,71,63.7,63.7,,63.7,-1,DOWN,NO,NO,2026-10-04T00:05:36Z
2024-03-19T16:45:00Z,2024-03-19T17:45,2024-03-19T18:00,72,74.71,74.71,74.71,,1,UP,NO,NO,2026-10-04T00:05:36Z
2024-03-19T17:00:00Z,2024-03-19T18:00,2024-03-19T18:15,73,81.33,54.7,78.36,54.7,2,UP_AND_DOWN,NO,NO,2026-10-04T00:05:36Z
2024-03-19T17:15:00Z,2024-03-19T18:15,2024-03-19T18:30,74,62.2,62.2,,62.2,-1,DOWN,NO,NO,2026-10-04T00:05:36Z
2024-03-19T17:30:00Z,2024-03-19T18:30,2024-03-19T18:45,75,81.23,81.23,,,0,STABLE,NO,NO,2026-10-04T00:05:36Z
2024-03-19T17:45:00Z,2024-03-19T18:45,2024-03-19T19:00,76,81.18,81.18,,,0,STABLE,NO,NO,2026-10-04T00:05:36Z
2024-03-19T18:00:00Z,2024-03-19T19:00,2024-03-19T19:15,77,70.09,70.09,,70.09,-1,DOWN,NO,NO,2026-10-04T00:05:36Z
2024-03-19T18:15:00Z,2024-03-19T19:15,2024-03-19T19:30,78,88.9,88.9,,88.9,-1,DOWN,NO,NO,2026-10-04T00:05:36Z
2024-03-19T18:30:00Z,2024-03-19T19:30,2024-03-19T19:45,79,79.87,79.87,,,0,STABLE,NO,NO,2026-10-04T00:05:36Z
2024-03-19T18:45:00Z,2024-03-19T19:45,2024-03-19T20:00,80,73.5,73.5,,73.5,-1,DOWN,NO,NO,2026-10-04T00:05:36Z
2024-03-19T19:00:00Z,2024-03-19T20:00,2024-03-19T20:15,81,73.5,73.5,,73.5,-1,DOWN,NO,NO,2026-10-04T00:05:36Z
2024-03-19T19:15:00Z,2024-03-19T20:15,2024-03-19T20:30,82,73.5,73.5,,73.5,-1,DOWN,NO,NO,2026-10-04T00:05:36Z
2024-03-19T19:30:00Z,2024-03-19T20:30,2024-03-19T20:45,83,81.12,81.12,,,0,STABLE,NO,NO,2026-10-04T00:05:36Z
2024-03-19T19:45:00Z,2024-03-19T20:45,2024-03-19T21:00,84,81.27,81.27,,89.2,0,STABLE,NO,NO,2026-10-04T00:05:36Z
2024-03-19T20:00:00Z,2024-03-19T21:00,2024-03-19T21:15,85,63.28,63.28,,63.28,-1,DOWN,NO,NO,2026-10-04T00:05:36Z
2024-03-19T20:15:00Z,2024-03-19T21:15,2024-03-19T21:30,86,66.57,66.57,,66.57,-1,DOWN,NO,NO,2026-10-04T00:05:36Z
2024-03-19T20:30:00Z,2024-03-19T21:30,2024-03-19T21:45,87,66.41,66.41,,66.57,0,STABLE,NO,NO,2026-10-04T00:05:36Z
2024-03-19T20:45:00Z,2024-03-19T21:45,2024-03-19T22:00,88,66.37,66.37,,,0,STABLE,NO,NO,2026-10-04T00:05:36Z
2024-03-19T21:00:00Z,2024-03-19T22:00,2024-03-19T22:15,89,65.88,65.88,,,0,STABLE,NO,NO,2026-10-04T00:05:36Z
2024-03-19T21:15:00Z,2024-03-19T22:15,2024-03-19T22:30,90,74.15,74.15,74.15,,1,UP,NO,NO,2026-10-04T00:05:36Z
2024-03-19T21:30:00Z,2024-03-19T22:30,2024-03-19T22:45,91,65.9,65.9,65.9,,1,UP,NO,NO,2026-10-04T00:05:36Z
2024-03-19T21:45:00Z,2024-03-19T22:45,2024-03-19T23:00,92,115.21,115.21,115.21,67.15,1,UP,NO,NO,2026-10-04T00:05:36Z
2024-03-19T22:00:00Z,2024-03-19T23:00,2024-03-19T23:15,93,70.48,66.57,70.48,66.57,2,UP_AND_DOWN,NO,NO,2026-10-04T00:05:36Z
2024-03-19T22:15:00Z,2024-03-19T23:15,2024-03-19T23:30,94,70.48,70.48,70.48,,1,UP,NO,NO,2026-10-04T00:05:36Z
2024-03-19T22:30:00Z,2024-03-19T23:30,2024-03-19T23:45,95,67.48,67.48,67.48,,1,UP,NO,NO,2026-10-04T00:05:36Z
2024-03-19T22:45:00Z,2024-03-19T23:45,2024-03-20T00:00,96,67.07,67.07,,,0,STABLE,NO,NO,2026-10-04T00:05:36Z
2024-03-19T23:00:00Z,2024-03-20T00:00,2024-03-20T00:15,1,82.05,82.05,82.05,,1,UP,NO,NO,2026-10-04T00:05:36Z
2024-03-19T23:15:00Z,2024-03-20T00:15,2024-03-20T00:30,2,66.69,66.69,,66.69,-1,DOWN,NO,NO,2026-10-04T00:05:36Z
2024-03-19T23:30:00Z,2024-03-20T00:30,2024-03-20T00:45,3,66.69,66.69,,66.69,-1,DOWN,NO,NO,2026-10-04T00:05:36Z
2024-03-19T23:45:00Z,2024-03-20T00:45,2024-03-20T01:00,4,67.69,67.69,,67.69,-1,DOWN,NO,NO,2026-10-04T00:05:36Z
2024-03-20T00:00:00Z,2024-03-20T01:00,2024-03-20T01:15,5,66.57,66.57,,66.57,-1,DOWN,NO,NO,2026-10-04T00:05:36Z
2024-03-20T00:15:00Z,2024-03-20T01:15,2024-03-20T01:30,6,65.04,65.04,,65.04,-1,DOWN,NO,NO,2026-10-04T00:05:36Z
2024-03-20T00:30:00Z,2024-03-20T01:30,2024-03-20T01:45,7,67.04,67.04,,67.04,-1,DOWN,NO,NO,2026-10-04T00:05:36Z
2024-03-20T00:45:00Z,2024-03-20T01:45,2024-03-20T02:00,8,67.04,67.04,,67.04,-1,DOWN,NO,NO,2026-10-04T00:05:36Z
2024-03-20T01:00:00Z,2024-03-20T02:00,2024-03-20T02:15,9,66.57,66.57,,66.57,-1,DOWN,NO,NO,2026-10-04T00:05:36Z
2024-03-20T01:15:00Z,2024-03-20T02:15,2024-03-20T02:30,10,67.79,67.79,,,0,STABLE,NO,NO,2026-10-04T00:05:36Z
2024-03-20T01:30:00Z,2024-03-20T02:30,2024-03-20T02:45,11,67.79,67.79,,,0,STABLE,NO,NO,2026-10-04T00:05:36Z
2024-03-20T01:45:00Z,2024-03-20T02:45,2024-03-20T03:00,12,64.12,64.12,,64.12,-1,DOWN,NO,NO,2026-10-04T00:05:36Z
2024-03-20T02:00:00Z,2024-03-20T03:00,2024-03-20T03:15,13,63.87,63.87,,63.87,-1,DOWN,NO,NO,2026-10-04T00:05:36Z
2024-03-20T02:15:00Z,2024-03-20T03:15,2024-03-20T03:30,14,72.36,72.36,,,0,STABLE,NO,NO,2026-10-04T00:05:36Z
2024-03-20T02:30:00Z,2024-03-20T03:30,2024-03-20T03:45,15,81.25,81.25,81.25,,1,UP,NO,NO,2026-10-04T00:05:36Z
2024-03-20T02:45:00Z,2024-03-20T03:45,2024-03-20T04:00,16,86.03,86.03,86.03,,1,UP,NO,NO,2026-10-04T00:05:36Z
2024-03-20T03:00:00Z,2024-03-20T04:00,2024-03-20T04:15,17,93.58,93.58,93.58,,1,UP,NO,NO,2026-10-04T00:05:36Z
2024-03-20T03:15:00Z,2024-03-20T04:15,2024-03-20T04:30,18,78.03,78.03,78.03,,1,UP,NO,NO,2026-10-04T00:05:36Z
2024-03-20T03:30:00Z,2024-03-20T04:30,2024-03-20T04:45,19,72.36,72.36,78.03,,0,STABLE,NO,NO,2026-10-04T00:05:36Z
2024-03-20T03:45:00Z,2024-03-20T04:45,2024-03-20T05:00,20,50.03,50.03,,50.03,-1,DOWN,NO,NO,2026-10-04T00:05:36Z
2024-03-20T04:00:00Z,2024-03-20T05:00,2024-03-20T05:15,21,78.03,48.71,78.03,48.71,2,UP_AND_DOWN,NO,NO,2026-10-04T00:05:36Z
2024-03-20T04:15:00Z,2024-03-20T05:15,2024-03-20T05:30,22,75.03,75.03,75.03,,1,UP,NO,NO,2026-10-04T00:05:36Z
2024-03-20T04:30:00Z,2024-03-20T05:30,2024-03-20T05:45,23,72.36,72.36,,,0,STABLE,NO,NO,2026-10-04T00:05:36Z
2024-03-20T04:45:00Z,2024-03-20T05:45,2024-03-20T06:00,24,64.87,64.87,,64.87,-1,DOWN,NO,NO,2026-10-04T00:05:36Z
2024-03-20T05:00:00Z,2024-03-20T06:00,2024-03-20T06:15,25,57.69,57.69,,57.69,-1,DOWN,NO,NO,2026-10-04T00:05:36Z
2024-03-20T05:15:00Z,2024-03-20T06:15,2024-03-20T06:30,26,66.57,66.57,,66.57,-1,DOWN,NO,NO,2026-10-04T00:05:36Z
2024-03-20T05:30:00Z,2024-03-20T06:30,2024-03-20T06:45,27,66.66,66.66,,66.66,-1,DOWN,NO,NO,2026-10-04T00:05:36Z
2024-03-20T05:45:00Z,2024-03-20T06:45,2024-03-20T07:00,28,68.94,68.94,,,0,STABLE,NO,NO,2026-10-04T00:05:36Z
2024-03-20T06:00:00Z,2024-03-20T07:00,2024-03-20T07:15,29,72.36,72.36,,,0,STABLE,NO,NO,2026-10-04T00:05:36Z
2024-03-20T06:15:00Z,2024-03-20T07:15,2024-03-20T07:30,30,65.03,65.03,,65.03,-1,DOWN,NO,NO,2026-10-04T00:05:36Z
2024-03-20T06:30:00Z,2024-03-20T07:30,2024-03-20T07:45,31,55.03,55.03,,55.03,-1,DOWN,NO,NO,2026-10-04T00:05:36Z
2024-03-20T06:45:00Z,2024-03-20T07:45,2024-03-20T08:00,32,59.69,59.69,,59.69,-1,DOWN,NO,NO,2026-10-04T00:05:36Z
2024-03-20T07:00:00Z,2024-03-20T08:00,2024-03-20T08:15,33,66.57,66.57,,66.57,-1,DOWN,NO,NO,2026-10-04T00:05:36Z
2024-03-20T07:15:00Z,2024-03-20T08:15,2024-03-20T08:30,34,10.03,10.03,,10.03,-1,DOWN,NO,NO,2026-10-04T00:05:36Z
2024-03-20T07:30:00Z,2024-03-20T08:30,2024-03-20T08:45,35,14.69,14.69,,14.69,-1,DOWN,NO,NO,2026-10-04T00:05:36Z
2024-03-20T07:45:00Z,2024-03-20T08:45,2024-03-20T09:00,36,43.36,43.36,,43.36,-1,DOWN,NO,NO,2026-10-04T00:05:36Z
2024-03-20T08:00:00Z,2024-03-20T09:00,2024-03-20T09:15,37,-39.45,-39.45,,-39.45,-1,DOWN,NO,NO,2026-10-04T00:05:36Z
2024-03-20T08:15:00Z,2024-03-20T09:15,2024-03-20T09:30,38,-10,-10,,-10,-1,DOWN,NO,NO,2026-10-04T00:05:36Z
2024-03-20T08:30:00Z,2024-03-20T09:30,2024-03-20T09:45,39,85.15,-6,85.15,-6,2,UP_AND_DOWN,NO,NO,2026-10-04T00:05:36Z
2024-03-20T08:45:00Z,2024-03-20T09:45,2024-03-20T10:00,40,95.4,-112.58,95.4,-112.58,2,UP_AND_DOWN,NO,NO,2026-10-04T00:05:36Z
2024-03-20T09:00:00Z,2024-03-20T10:00,2024-03-20T10:15,41,66.29,-10,66.01,-10,2,UP_AND_DOWN,NO,NO,2026-10-04T00:05:36Z
2024-03-20T09:15:00Z,2024-03-20T10:15,2024-03-20T10:30,42,43.32,43.32,,43.32,-1,DOWN,NO,NO,2026-10-04T00:05:36Z
2024-03-20T09:30:00Z,2024-03-20T10:30,2024-03-20T10:45,43,-4.56,-4.56,,-4.56,-1,DOWN,NO,NO,2026-10-04T00:05:36Z
2024-03-20T09:45:00Z,2024-03-20T10:45,2024-03-20T11:00,44,18.63,18.63,,18.63,-1,DOWN,NO,NO,2026-10-04T00:05:36Z
2024-03-20T10:00:00Z,2024-03-20T11:00,2024-03-20T11:15,45,-10,-10,,-10,-1,DOWN,NO,NO,2026-10-04T00:05:36Z
2024-03-20T10:15:00Z,2024-03-20T11:15,2024-03-20T11:30,46,-10,-10,,-10,-1,DOWN,NO,NO,2026-10-04T00:05:36Z
2024-03-20T10:30:00Z,2024-03-20T11:30,2024-03-20T11:45,47,-68.14,-68.14,,-68.14,-1,DOWN,NO,NO,2026-10-04T00:05:36Z
2024-03-20T10:45:00Z,2024-03-20T11:45,2024-03-20T12:00,48,95.4,-1000,95.4,-1000,2,UP_AND_DOWN,NO,NO,2026-10-04T00:05:36Z
2024-03-20T11:00:00Z,2024-03-20T12:00,2024-03-20T12:15,49,1887.1,-1456.43,1887.1,-1456.43,2,UP_AND_DOWN,NO,NO,2026-10-04T00:05:36Z
2024-03-20T11:15:00Z,2024-03-20T12:15,2024-03-20T12:30,50,186.75,-1456.43,186.75,-1456.43,2,UP_AND_DOWN,NO,NO,2026-10-04T00:05:36Z
2024-03-20T11:30:00Z,2024-03-20T12:30,2024-03-20T12:45,51,1887.1,-1456.43,1887.1,-1456.43,2,UP_AND_DOWN,NO,NO,2026-10-04T00:05:36Z
2024-03-20T11:45:00Z,2024-03-20T12:45,2024-03-20T13:00,52,144.65,-1456.43,144.65,-1456.43,2,UP_AND_DOWN,NO,NO,2026-10-04T00:05:36Z
2024-03-20T12:00:00Z,2024-03-20T13:00,2024-03-20T13:15,53,1887.1,-1000,1887.1,-1000,2,UP_AND_DOWN,NO,NO,2026-10-04T00:05:36Z
2024-03-20T12:15:00Z,2024-03-20T13:15,2024-03-20T13:30,54,90.91,-153.81,90.91,-153.81,2,UP_AND_DOWN,NO,NO,2026-10-04T00:05:36Z
2024-03-20T12:30:00Z,2024-03-20T13:30,2024-03-20T13:45,55,67.04,43.36,65.89,43.36,2,UP_AND_DOWN,NO,NO,2026-10-04T00:05:36Z
2024-03-20T12:45:00Z,2024-03-20T13:45,2024-03-20T14:00,56,36.57,36.57,,36.57,-1,DOWN,NO,NO,2026-10-04T00:05:36Z
2024-03-20T13:00:00Z,2024-03-20T14:00,2024-03-20T14:15,57,38.71,38.71,,38.71,-1,DOWN,NO,NO,2026-10-04T00:05:36Z
2024-03-20T13:15:00Z,2024-03-20T14:15,2024-03-20T14:30,58,62.82,62.82,,62.82,-1,DOWN,NO,NO,2026-10-04T00:05:36Z
2024-03-20T13:30:00Z,2024-03-20T14:30,2024-03-20T14:45,59,64.45,64.45,64.45,,1,UP,NO,NO,2026-10-04T00:05:36Z
2024-03-20T13:45:00Z,2024-03-20T14:45,2024-03-20T15:00,60,77.82,77.82,77.82,,1,UP,NO,NO,2026-10-04T00:05:36Z
2024-03-20T14:00:00Z,2024-03-20T15:00,2024-03-20T15:15,61,83.45,-56.01,83.45,-56.01,2,UP_AND_DOWN,NO,NO,2026-10-04T00:05:36Z
2024-03-20T14:15:00Z,2024-03-20T15:15,2024-03-20T15:30,62,38.71,38.71,,38.71,-1,DOWN,NO,NO,2026-10-04T00:05:36Z
2024-03-20T14:30:00Z,2024-03-20T15:30,2024-03-20T15:45,63,84.83,49.85,84.83,52.75,2,UP_AND_DOWN,NO,NO,2026-10-04T00:05:36Z
2024-03-20T14:45:00Z,2024-03-20T15:45,2024-03-20T16:00,64,95,62.82,95,62.82,2,UP_AND_DOWN,NO,NO,2026-10-04T00:05:36Z
2024-03-20T15:00:00Z,2024-03-20T16:00,2024-03-20T16:15,65,68.69,68.69,,68.69,-1,DOWN,NO,NO,2026-10-04T00:05:36Z
2024-03-20T15:15:00Z,2024-03-20T16:15,2024-03-20T16:30,66,73.02,73.02,73.02,,1,UP,NO,NO,2026-10-04T00:05:36Z
2024-03-20T15:30:00Z,2024-03-20T16:30,2024-03-20T16:45,67,81.51,81.51,81.51,,1,UP,NO,NO,2026-10-04T00:05:36Z
2024-03-20T15:45:00Z,2024-03-20T16:45,2024-03-20T17:00,68,74.88,74.88,,,0,STABLE,NO,NO,2026-10-04T00:05:36Z
2024-03-20T16:00:00Z,2024-03-20T17:00,2024-03-20T17:15,69,56.05,56.05,,56.05,-1,DOWN,NO,NO,2026-10-04T00:05:36Z
2024-03-20T16:15:00Z,2024-03-20T17:15,2024-03-20T17:30,70,57.69,57.69,74.33,57.69,-1,DOWN,NO,NO,2026-10-04T00:05:36Z
2024-03-20T16:30:00Z,2024-03-20T17:30,2024-03-20T17:45,71,75.19,66.57,74.33,66.57,2,UP_AND_DOWN,NO,NO,2026-10-04T00:05:36Z
2024-03-20T16:45:00Z,2024-03-20T17:45,2024-03-20T18:00,72,95.3,95.3,95.3,,1,UP,NO,NO,2026-10-04T00:05:36Z
2024-03-20T17:00:00Z,2024-03-20T18:00,2024-03-20T18:15,73,79.23,70.44,79.23,70.44,2,UP_AND_DOWN,NO,NO,2026-10-04T00:05:36Z
2024-03-20T17:15:00Z,2024-03-20T18:15,2024-03-20T18:30,74,87.23,87.23,87.23,70.44,1,UP,NO,NO,2026-10-04T00:05:36Z
2024-03-20T17:30:00Z,2024-03-20T18:30,2024-03-20T18:45,75,108.8,108.8,108.8,,1,UP,NO,NO,2026-10-04T00:05:36Z
2024-03-20T17:45:00Z,2024-03-20T18:45,2024-03-20T19:00,76,127.9,127.9,127.9,,1,UP,NO,NO,2026-10-04T00:05:36Z
2024-03-20T18:00:00Z,2024-03-20T19:00,2024-03-20T19:15,77,95.1,75.14,95.1,76.05,2,UP_AND_DOWN,NO,NO,2026-10-04T00:05:36Z
2024-03-20T18:15:00Z,2024-03-20T19:15,2024-03-20T19:30,78,95.1,95.1,95.1,,1,UP,NO,NO,2026-10-04T00:05:36Z
2024-03-20T18:30:00Z,2024-03-20T19:30,2024-03-20T19:45,79,75.14,75.14,,,0,STABLE,NO,NO,2026-10-04T00:05:36Z
2024-03-20T18:45:00Z,2024-03-20T19:45,2024-03-20T20:00,80,75.14,75.14,,,0,STABLE,NO,NO,2026-10-04T00:05:36Z
2024-03-20T19:00:00Z,2024-03-20T20:00,2024-03-20T20:15,81,76.05,76.05,,76.05,-1,DOWN,NO,NO,2026-10-04T00:05:36Z
2024-03-20T19:15:00Z,2024-03-20T20:15,2024-03-20T20:30,82,71.05,71.05,,71.05,-1,DOWN,NO,NO,2026-10-04T00:05:36Z
2024-03-20T19:30:00Z,2024-03-20T20:30,2024-03-20T20:45,83,67.08,67.08,,67.08,-1,DOWN,NO,NO,2026-10-04T00:05:36Z
2024-03-20T19:45:00Z,2024-03-20T20:45,2024-03-20T21:00,84,65.01,65.01,,65.01,-1,DOWN,NO,NO,2026-10-04T00:05:36Z
2024-03-20T20:00:00Z,2024-03-20T21:00,2024-03-20T21:15,85,71.32,67.01,66.58,67.01,2,UP_AND_DOWN,NO,NO,2026-10-04T00:05:36Z
2024-03-20T20:15:00Z,2024-03-20T21:15,2024-03-20T21:30,86,70.23,70.23,,70.23,-1,DOWN,NO,NO,2026-10-04T00:05:36Z
2024-03-20T20:30:00Z,2024-03-20T21:30,2024-03-20T21:45,87,66.05,66.05,,66.05,-1,DOWN,NO,NO,2026-10-04T00:05:36Z
2024-03-20T20:45:00Z,2024-03-20T21:45,2024-03-20T22:00,88,61.69,61.69,,61.69,-1,DOWN,NO,NO,2026-10-04T00:05:36Z
2024-03-20T21:00:00Z,2024-03-20T22:00,2024-03-20T22:15,89,67.32,64.99,64.94,64.99,2,UP_AND_DOWN,NO,NO,2026-10-04T00:05:36Z
2024-03-20T21:15:00Z,2024-03-20T22:15,2024-03-20T22:30,90,60.74,60.74,,60.74,-1,DOWN,NO,NO,2026-10-04T00:05:36Z
2024-03-20T21:30:00Z,2024-03-20T22:30,2024-03-20T22:45,91,49.01,49.01,,49.01,-1,DOWN,NO,NO,2026-10-04T00:05:36Z
2024-03-20T21:45:00Z,2024-03-20T22:45,2024-03-20T23:00,92,54.58,54.58,,54.58,-1,DOWN,NO,NO,2026-10-04T00:05:36Z
2024-03-20T22:00:00Z,2024-03-20T23:00,2024-03-20T23:15,93,95.3,49.36,95.3,49.36,2,UP_AND_DOWN,NO,NO,2026-10-04T00:05:36Z
2024-03-20T22:15:00Z,2024-03-20T23:15,2024-03-20T23:30,94,95.3,95.3,95.3,,1,UP,NO,NO,2026-10-04T00:05:36Z
2024-03-20T22:30:00Z,2024-03-20T23:30,2024-03-20T23:45,95,95.2,95.2,95.2,,1,UP,NO,NO,2026-10-04T00:05:36Z
2024-03-20T22:45:00Z,2024-03-20T23:45,2024-03-21T00:00,96,133.99,55.2,133.99,55.2,2,UP_AND_DOWN,NO,NO,2026-10-04T00:05:36Z
2024-03-20T23:00:00Z,2024-03-21T00:00,2024-03-21T00:15,1,98.5,10.66,98.5,10.66,2,UP_AND_DOWN,NO,NO,2026-10-04T00:05:36Z
2024-03-20T23:15:00Z,2024-03-21T00:15,2024-03-21T00:30,2,73.58,54.51,73.58,54.51,2,UP_AND_DOWN,NO,NO,2026-10-04T00:05:36Z
2024-03-20T23:30:00Z,2024-03-21T00:30,2024-03-21T00:45,3,10.75,10.75,,10.75,-1,DOWN,NO,NO,2026-10-04T00:05:36Z
2024-03-20T23:45:00Z,2024-03-21T00:45,2024-03-21T01:00,4,10.75,10.75,,10.75,-1,DOWN,NO,NO,2026-10-04T00:05:36Z
2024-03-21T00:00:00Z,2024-03-21T01:00,2024-03-21T01:15,5,10.75,10.75,,10.75,-1,DOWN,NO,NO,2026-10-04T00:05:36Z
2024-03-21T00:15:00Z,2024-03-21T01:15,2024-03-21T01:30,6,-26.3,-26.3,,-26.3,-1,DOWN,NO,NO,2026-10-04T00:05:36Z
2024-03-21T00:30:00Z,2024-03-21T01:30,2024-03-21T01:45,7,-40,-40,,-40,-1,DOWN,NO,NO,2026-10-04T00:05:36Z
2024-03-21T00:45:00Z,2024-03-21T01:45,2024-03-21T02:00,8,-110.41,-110.41,,-110.41,-1,DOWN,NO,NO,2026-10-04T00:05:36Z
2024-03-21T01:00:00Z,2024-03-21T02:00,2024-03-21T02:15,9,-115.34,-115.34,,-115.34,-1,DOWN,NO,NO,2026-10-04T00:05:36Z
2024-03-21T01:15:00Z,2024-03-21T02:15,2024-03-21T02:30,10,-126.14,-126.14,,-126.14,-1,DOWN,NO,NO,2026-10-04T00:05:36Z
2024-03-21T01:30:00Z,2024-03-21T02:30,2024-03-21T02:45,11,-91.24,-91.24,,-91.24,-1,DOWN,NO,NO,2026-10-04T00:05:36Z
2024-03-21T01:45:00Z,2024-03-21T02:45,2024-03-21T03:00,12,-30,-30,,-30,-1,DOWN,NO,NO,2026-10-04T00:05:36Z
2024-03-21T02:00:00Z,2024-03-21T03:00,2024-03-21T03:15,13,101.84,54.81,101.84,54.81,2,UP_AND_DOWN,NO,NO,2026-10-04T00:05:36Z
2024-03-21T02:15:00Z,2024-03-21T03:15,2024-03-21T03:30,14,62.03,62.03,101.84,62.03,-1,DOWN,NO,NO,2026-10-04T00:05:36Z
2024-03-21T02:30:00Z,2024-03-21T03:30,2024-03-21T03:45,15,48.29,48.29,,48.29,-1,DOWN,NO,NO,2026-10-04T00:05:36Z
2024-03-21T02:45:00Z,2024-03-21T03:45,2024-03-21T04:00,16,28.29,28.29,,28.29,-1,DOWN,NO,NO,2026-10-04T00:05:36Z
2024-03-21T03:00:00Z,2024-03-21T04:00,2024-03-21T04:15,17,35.75,35.75,,35.75,-1,DOWN,NO,NO,2026-10-04T00:05:36Z
2024-03-21T03:15:00Z,2024-03-21T04:15,2024-03-21T04:30,18,-6.72,-6.72,,-6.72,-1,DOWN,NO,NO,2026-10-04T00:05:36Z
2024-03-21T03:30:00Z,2024-03-21T04:30,2024-03-21T04:45,19,-40,-40,,-40,-1,DOWN,NO,NO,2026-10-04T00:05:36Z
2024-03-21T03:45:00Z,2024-03-21T04:45,2024-03-21T05:00,20,-40,-40,,-40,-1,DOWN,NO,NO,2026-10-04T00:05:36Z
2024-03-21T04:00:00Z,2024-03-21T05:00,2024-03-21T05:15,21,-104.89,-104.89,,-104.89,-1,DOWN,NO,NO,2026-10-04T00:05:36Z
2024-03-21T04:15:00Z,2024-03-21T05:15,2024-03-21T05:30,22,35.75,35.75,,35.75,-1,DOWN,NO,NO,2026-10-04T00:05:36Z
2024-03-21T04:30:00Z,2024-03-21T05:30,2024-03-21T05:45,23,43.29,43.29,,43.29,-1,DOWN,NO,NO,2026-10-04T00:05:36Z
2024-03-21T04:45:00Z,2024-03-21T05:45,2024-03-21T06:00,24,59.02,59.02,,59.02,-1,DOWN,NO,NO,2026-10-04T00:05:36Z
2024-03-21T05:00:00Z,2024-03-21T06:00,2024-03-21T06:15,25,46.8,46.8,,46.8,-1,DOWN,NO,NO,2026-10-04T00:05:36Z
2024-03-21T05:15:00Z,2024-03-21T06:15,2024-03-21T06:30,26,86.79,86.79,86.79,59.04,1,UP,NO,NO,2026-10-04T00:05:36Z
2024-03-21T05:30:00Z,2024-03-21T06:30,2024-03-21T06:45,27,98.5,98.5,98.5,,1,UP,NO,NO,2026-10-04T00:05:36Z
2024-03-21T05:45:00Z,2024-03-21T06:45,2024-03-21T07:00,28,94.93,94.93,94.93,,1,UP,NO,NO,2026-10-04T00:05:36Z
2024-03-21T06:00:00Z,2024-03-21T07:00,2024-03-21T07:15,29,65.06,65.06,65.06,,1,UP,NO,NO,2026-10-04T00:05:36Z
2024-03-21T06:15:00Z,2024-03-21T07:15,2024-03-21T07:30,30,96.5,96.5,96.5,,1,UP,NO,NO,2026-10-04T00:05:36Z
2024-03-21T06:30:00Z,2024-03-21T07:30,2024-03-21T07:45,31,133.5,133.5,133.5,,1,UP,NO,NO,2026-10-04T00:05:36Z
2024-03-21T06:45:00Z,2024-03-21T07:45,2024-03-21T08:00,32,118.48,118.48,118.48,,1,UP,NO,NO,2026-10-04T00:05:36Z
2024-03-21T07:00:00Z,2024-03-21T08:00,2024-03-21T08:15,33,133.6,133.6,133.6,,1,UP,NO,NO,2026-10-04T00:05:36Z
2024-03-21T07:15:00Z,2024-03-21T08:15,2024-03-21T08:30,34,568.48,568.48,568.48,,1,UP,NO,NO,2026-10-04T00:05:36Z
2024-03-21T07:30:00Z,2024-03-21T08:30,2024-03-21T08:45,35,119,119,119,,1,UP,NO,NO,2026-10-04T00:05:36Z
2024-03-21T07:45:00Z,2024-03-21T08:45,2024-03-21T09:00,36,1887.1,1887.1,1887.1,,1,UP,NO,NO,2026-10-04T00:05:36Z
2024-03-21T08:00:00Z,2024-03-21T09:00,2024-03-21T09:15,37,1887.1,53.48,1887.1,53.48,2,UP_AND_DOWN,NO,NO,2026-10-04T00:05:36Z
2024-03-21T08:15:00Z,2024-03-21T09:15,2024-03-21T09:30,38,109.3,53.48,109.3,53.48,2,UP_AND_DOWN,NO,NO,2026-10-04T00:05:36Z
2024-03-21T08:30:00Z,2024-03-21T09:30,2024-03-21T09:45,39,60.42,60.42,109.3,60.42,-1,DOWN,NO,NO,2026-10-04T00:05:36Z
2024-03-21T08:45:00Z,2024-03-21T09:45,2024-03-21T10:00,40,98.4,60.42,98.4,60.42,2,UP_AND_DOWN,NO,NO,2026-10-04T00:05:36Z
2024-03-21T09:00:00Z,2024-03-21T10:00,2024-03-21T10:15,41,61.5,61.5,100.97,61.5,-1,DOWN,NO,NO,2026-10-04T00:05:36Z
2024-03-21T09:15:00Z,2024-03-21T10:15,2024-03-21T10:30,42,60.02,60.02,,60.02,-1,DOWN,NO,NO,2026-10-04T00:05:36Z
2024-03-21T09:30:00Z,2024-03-21T10:30,2024-03-21T10:45,43,61.5,61.5,,61.5,-1,DOWN,NO,NO,2026-10-04T00:05:36Z
2024-03-21T09:45:00Z,2024-03-21T10:45,2024-03-21T11:00,44,96.4,96.4,96.4,,1,UP,NO,NO,2026-10-04T00:05:36Z
2024-03-21T10:00:00Z,2024-03-21T11:00,2024-03-21T11:15,45,1887.1,1887.1,1887.1,,1,UP,NO,NO,2026-10-04T00:05:36Z
2024-03-21T10:15:00Z,2024-03-21T11:15,2024-03-21T11:30,46,96.5,65.9,96.5,65.9,2,UP_AND_DOWN,NO,NO,2026-10-04T00:05:36Z
2024-03-21T10:30:00Z,2024-03-21T11:30,2024-03-21T11:45,47,312.99,312.99,312.99,,1,UP,NO,NO,2026-10-04T00:05:36Z
2024-03-21T10:45:00Z,2024-03-21T11:45,2024-03-21T12:00,48,98.6,46.57,98.6,46.57,2,UP_AND_DOWN,NO,NO,2026-10-04T00:05:36Z
2024-03-21T11:00:00Z,2024-03-21T12:00,2024-03-21T12:15,49,40.49,40.49,,40.49,-1,DOWN,NO,NO,2026-10-04T00:05:36Z
2024-03-21T11:15:00Z,2024-03-21T12:15,2024-03-21T12:30,50,73.24,30.49,73.24,30.49,2,UP_AND_DOWN,NO,NO,2026-10-04T00:05:36Z
2024-03-21T11:30:00Z,2024-03-21T12:30,2024-03-21T12:45,51,68.11,.49,67.73,.49,2,UP_AND_DOWN,NO,NO,2026-10-04T00:05:36Z
2024-03-21T11:45:00Z,2024-03-21T12:45,2024-03-21T13:00,52,68.11,49.24,67.73,49.24,2,UP_AND_DOWN,NO,NO,2026-10-04T00:05:36Z
2024-03-21T12:00:00Z,2024-03-21T13:00,2024-03-21T13:15,53,77.33,53.23,77.33,53.23,2,UP_AND_DOWN,NO,NO,2026-10-04T00:05:36Z
2024-03-21T12:15:00Z,2024-03-21T13:15,2024-03-21T13:30,54,98.4,98.4,98.4,,1,UP,NO,NO,2026-10-04T00:05:36Z
2024-03-21T12:30:00Z,2024-03-21T13:30,2024-03-21T13:45,55,95.74,95.74,95.74,,1,UP,NO,NO,2026-10-04T00:05:36Z
2024-03-21T12:45:00Z,2024-03-21T13:45,2024-03-21T14:00,56,67.24,67.24,95.74,67.24,-1,DOWN,NO,NO,2026-10-04T00:05:36Z
2024-03-21T13:00:00Z,2024-03-21T14:00,2024-03-21T14:15,57,72.73,72.73,72.73,,1,UP,NO,NO,2026-10-04T00:05:36Z
2024-03-21T13:15:00Z,2024-03-21T14:15,2024-03-21T14:30,58,46.57,46.57,,46.57,-1,DOWN,NO,NO,2026-10-04T00:05:36Z
2024-03-21T13:30:00Z,2024-03-21T14:30,2024-03-21T14:45,59,36.14,36.14,,36.14,-1,DOWN,NO,NO,2026-10-04T00:05:36Z
2024-03-21T13:45:00Z,2024-03-21T14:45,2024-03-21T15:00,60,5.46,5.46,,5.46,-1,DOWN,NO,NO,2026-10-04T00:05:36Z
2024-03-21T14:00:00Z,2024-03-21T15:00,2024-03-21T15:15,61,-4.54,-4.54,,-4.54,-1,DOWN,NO,NO,2026-10-04T00:05:36Z
2024-03-21T14:15:00Z,2024-03-21T15:15,2024-03-21T15:30,62,4.08,4.08,,4.08,-1,DOWN,NO,NO,2026-10-04T00:05:36Z
2024-03-21T14:30:00Z,2024-03-21T15:30,2024-03-21T15:45,63,15.82,15.82,,15.82,-1,DOWN,NO,NO,2026-10-04T00:05:36Z
2024-03-21T14:45:00Z,2024-03-21T15:45,2024-03-21T16:00,64,96.6,50.42,96.6,50.42,2,UP_AND_DOWN,NO,NO,2026-10-04T00:05:36Z
2024-03-21T15:00:00Z,2024-03-21T16:00,2024-03-21T16:15,65,145.82,66.86,145.82,66.86,2,UP_AND_DOWN,NO,NO,2026-10-04T00:05:36Z
2024-03-21T15:15:00Z,2024-03-21T16:15,2024-03-21T16:30,66,56.28,56.28,,56.28,-1,DOWN,NO,NO,2026-10-04T00:05:36Z
2024-03-21T15:30:00Z,2024-03-21T16:30,2024-03-21T16:45,67,60.78,60.78,,60.78,-1,DOWN,NO,NO,2026-10-04T00:05:36Z
2024-03-21T15:45:00Z,2024-03-21T16:45,2024-03-21T17:00,68,59.28,59.28,,59.28,-1,DOWN,NO,NO,2026-10-04T00:05:36Z
2024-03-21T16:00:00Z,2024-03-21T17:00,2024-03-21T17:15,69,60.42,60.42,,60.42,-1,DOWN,NO,NO,2026-10-04T00:05:36Z
2024-03-21T16:15:00Z,2024-03-21T17:15,2024-03-21T17:30,70,52.43,52.43,,52.43,-1,DOWN,NO,NO,2026-10-04T00:05:36Z
2024-03-21T16:30:00Z,2024-03-21T17:30,2024-03-21T17:45,71,57.05,57.05,,57.05,-1,DOWN,NO,NO,2026-10-04T00:05:36Z
2024-03-21T16:45:00Z,2024-03-21T17:45,2024-03-21T18:00,72,67,67,,66.57,0,STABLE,NO,NO,2026-10-04T00:05:36Z
2024-03-21T17:00:00Z,2024-03-21T18:00,2024-03-21T18:15,73,46.57,46.57,,46.57,-1,DOWN,NO,NO,2026-10-04T00:05:36Z
2024-03-21T17:15:00Z,2024-03-21T18:15,2024-03-21T18:30,74,60.47,60.47,,60.47,-1,DOWN,NO,NO,2026-10-04T00:05:36Z
2024-03-21T17:30:00Z,2024-03-21T18:30,2024-03-21T18:45,75,98.3,98.3,98.3,,1,UP,NO,NO,2026-10-04T00:05:36Z
2024-03-21T17:45:00Z,2024-03-21T18:45,2024-03-21T19:00,76,98.6,98.6,98.6,,1,UP,NO,NO,2026-10-04T00:05:36Z
2024-03-21T18:00:00Z,2024-03-21T19:00,2024-03-21T19:15,77,81.56,81.56,81.56,,1,UP,NO,NO,2026-10-04T00:05:36Z
2024-03-21T18:15:00Z,2024-03-21T19:15,2024-03-21T19:30,78,74.55,74.55,74.55,,1,UP,NO,NO,2026-10-04T00:05:36Z
2024-03-21T18:30:00Z,2024-03-21T19:30,2024-03-21T19:45,79,86.36,86.36,86.36,,1,UP,NO,NO,2026-10-04T00:05:36Z
2024-03-21T18:45:00Z,2024-03-21T19:45,2024-03-21T20:00,80,52.41,52.41,,52.41,-1,DOWN,NO,NO,2026-10-04T00:05:36Z
2024-03-21T19:00:00Z,2024-03-21T20:00,2024-03-21T20:15,81,32.81,32.81,,32.81,-1,DOWN,NO,NO,2026-10-04T00:05:36Z
2024-03-21T19:15:00Z,2024-03-21T20:15,2024-03-21T20:30,82,27.4,27.4,,27.4,-1,DOWN,NO,NO,2026-10-04T00:05:36Z
2024-03-21T19:30:00Z,2024-03-21T20:30,2024-03-21T20:45,83,17.47,17.47,,17.47,-1,DOWN,NO,NO,2026-10-04T00:05:36Z
2024-03-21T19:45:00Z,2024-03-21T20:45,2024-03-21T21:00,84,7.47,7.47,,7.47,-1,DOWN,NO,NO,2026-10-04T00:05:36Z
2024-03-21T20:00:00Z,2024-03-21T21:00,2024-03-21T21:15,85,96.2,26.56,96.2,26.56,2,UP_AND_DOWN,NO,NO,2026-10-04T00:05:36Z
2024-03-21T20:15:00Z,2024-03-21T21:15,2024-03-21T21:30,86,96.2,96.2,96.2,,1,UP,NO,NO,2026-10-04T00:05:36Z
2024-03-21T20:30:00Z,2024-03-21T21:30,2024-03-21T21:45,87,66.98,66.98,,,0,STABLE,NO,NO,2026-10-04T00:05:36Z
2024-03-21T20:45:00Z,2024-03-21T21:45,2024-03-21T22:00,88,60.25,60.25,,60.25,-1,DOWN,NO,NO,2026-10-04T00:05:36Z
2024-03-21T21:00:00Z,2024-03-21T22:00,2024-03-21T22:15,89,43.71,43.71,,43.71,-1,DOWN,NO,NO,2026-10-04T00:05:36Z
2024-03-21T21:15:00Z,2024-03-21T22:15,2024-03-21T22:30,90,59.78,59.78,,59.78,-1,DOWN,NO,NO,2026-10-04T00:05:36Z
2024-03-21T21:30:00Z,2024-03-21T22:30,2024-03-21T22:45,91,35.43,35.43,,35.43,-1,DOWN,NO,NO,2026-10-04T00:05:36Z
2024-03-21T21:45:00Z,2024-03-21T22:45,2024-03-21T23:00,92,26.57,26.57,,26.57,-1,DOWN,NO,NO,2026-10-04T00:05:36Z
2024-03-21T22:00:00Z,2024-03-21T23:00,2024-03-21T23:15,93,45.93,45.93,,45.93,-1,DOWN,NO,NO,2026-10-04T00:05:36Z
2024-03-21T22:15:00Z,2024-03-21T23:15,2024-03-21T23:30,94,35.93,35.93,,35.93,-1,DOWN,NO,NO,2026-10-04T00:05:36Z
2024-03-21T22:30:00Z,2024-03-21T23:30,2024-03-21T23:45,95,-7.79,-7.79,,-7.79,-1,DOWN,NO,NO,2026-10-04T00:05:36Z
2024-03-21T22:45:00Z,2024-03-21T23:45,2024-03-22T00:00,96,-10,-10,,-10,-1,DOWN,NO,NO,2026-10-04T00:05:36Z
2024-03-21T23:00:00Z,2024-03-22T00:00,2024-03-22T00:15,1,61.57,36.8,61.57,36.8,2,UP_AND_DOWN,NO,NO,2026-10-04T00:05:36Z
2024-03-21T23:15:00Z,2024-03-22T00:15,2024-03-22T00:30,2,34.75,34.75,,34.75,-1,DOWN,NO,NO,2026-10-04T00:05:36Z
2024-03-21T23:30:00Z,2024-03-22T00:30,2024-03-22T00:45,3,-10,-10,,-10,-1,DOWN,NO,NO,2026-10-04T00:05:36Z
2024-03-21T23:45:00Z,2024-03-22T00:45,2024-03-22T01:00,4,59.99,-38,59.99,-38,2,UP_AND_DOWN,NO,NO,2026-10-04T00:05:36Z
2024-03-22T00:00:00Z,2024-03-22T01:00,2024-03-22T01:15,5,61.56,40.81,61.56,40.81,2,UP_AND_DOWN,NO,NO,2026-10-04T00:05:36Z
2024-03-22T00:15:00Z,2024-03-22T01:15,2024-03-22T01:30,6,59.99,39.99,59.99,39.99,2,UP_AND_DOWN,NO,NO,2026-10-04T00:05:36Z
2024-03-22T00:30:00Z,2024-03-22T01:30,2024-03-22T01:45,7,36.57,36.57,,36.57,-1,DOWN,NO,NO,2026-10-04T00:05:36Z
2024-03-22T00:45:00Z,2024-03-22T01:45,2024-03-22T02:00,8,31.97,31.97,,31.97,-1,DOWN,NO,NO,2026-10-04T00:05:36Z
2024-03-22T01:00:00Z,2024-03-22T02:00,2024-03-22T02:15,9,77.07,46.81,77.07,46.81,2,UP_AND_DOWN,NO,NO,2026-10-04T00:05:36Z
2024-03-22T01:15:00Z,2024-03-22T02:15,2024-03-22T02:30,10,59.99,59.99,59.99,,1,UP,NO,NO,2026-10-04T00:05:36Z
2024-03-22T01:30:00Z,2024-03-22T02:30,2024-03-22T02:45,11,58.7,58.7,,,0,STABLE,NO,NO,2026-10-04T00:05:36Z
2024-03-22T01:45:00Z,2024-03-22T02:45,2024-03-22T03:00,12,59.03,59.03,,,0,STABLE,NO,NO,2026-10-04T00:05:36Z
2024-03-22T02:00:00Z,2024-03-22T03:00,2024-03-22T03:15,13,86.79,86.79,86.79,,1,UP,NO,NO,2026-10-04T00:05:36Z
2024-03-22T02:15:00Z,2024-03-22T03:15,2024-03-22T03:30,14,119.6,119.6,119.6,,1,UP,NO,NO,2026-10-04T00:05:36Z
2024-03-22T02:30:00Z,2024-03-22T03:30,2024-03-22T03:45,15,84.99,46.81,84.99,46.81,2,UP_AND_DOWN,NO,NO,2026-10-04T00:05:36Z
2024-03-22T02:45:00Z,2024-03-22T03:45,2024-03-22T04:00,16,114.99,114.99,114.99,,1,UP,NO,NO,2026-10-04T00:05:36Z
2024-03-22T03:00:00Z,2024-03-22T04:00,2024-03-22T04:15,17,94.99,46.81,94.99,46.81,2,UP_AND_DOWN,NO,NO,2026-10-04T00:05:36Z
2024-03-22T03:15:00Z,2024-03-22T04:15,2024-03-22T04:30,18,58.85,58.85,,46.81,0,STABLE,NO,NO,2026-10-04T00:05:36Z
2024-03-22T03:30:00Z,2024-03-22T04:30,2024-03-22T04:45,19,58.85,58.85,,,0,STABLE,NO,NO,2026-10-04T00:05:36Z
2024-03-22T03:45:00Z,2024-03-22T04:45,2024-03-22T05:00,20,58.8,58.8,,,0,STABLE,NO,NO,2026-10-04T00:05:36Z
2024-03-22T04:00:00Z,2024-03-22T05:00,2024-03-22T05:15,21,-3.75,-3.75,,-3.75,-1,DOWN,NO,NO,2026-10-04T00:05:36Z
2024-03-22T04:15:00Z,2024-03-22T05:15,2024-03-22T05:30,22,34.75,34.75,,34.75,-1,DOWN,NO,NO,2026-10-04T00:05:36Z
2024-03-22T04:30:00Z,2024-03-22T05:30,2024-03-22T05:45,23,40.81,40.81,,40.81,-1,DOWN,NO,NO,2026-10-04T00:05:36Z
2024-03-22T04:45:00Z,2024-03-22T05:45,2024-03-22T06:00,24,46.57,46.57,,46.57,-1,DOWN,NO,NO,2026-10-04T00:05:36Z
2024-03-22T05:00:00Z,2024-03-22T06:00,2024-03-22T06:15,25,69.61,-53.9,69.61,-53.9,2,UP_AND_DOWN,NO,NO,2026-10-04T00:05:36Z
2024-03-22T05:15:00Z,2024-03-22T06:15,2024-03-22T06:30,26,-40,-40,69.61,-40,-1,DOWN,NO,NO,2026-10-04T00:05:36Z
2024-03-22T05:30:00Z,2024-03-22T06:30,2024-03-22T06:45,27,61.49,46.57,61.34,46.57,2,UP_AND_DOWN,NO,NO,2026-10-04T00:05:36Z
2024-03-22T05:45:00Z,2024-03-22T06:45,2024-03-22T07:00,28,46.57,46.57,,46.57,-1,DOWN,NO,NO,2026-10-04T00:05:36Z
2024-03-22T06:00:00Z,2024-03-22T07:00,2024-03-22T07:15,29,86.63,-87.78,86.63,-87.78,2,UP_AND_DOWN,NO,NO,2026-10-04T00:05:36Z
2024-03-22T06:15:00Z,2024-03-22T07:15,2024-03-22T07:30,30,-22.89,-22.89,66.34,-22.89,-1,DOWN,NO,NO,2026-10-04T00:05:36Z
2024-03-22T06:30:00Z,2024-03-22T07:30,2024-03-22T07:45,31,61.49,-40,61.34,-40,2,UP_AND_DOWN,NO,NO,2026-10-04T00:05:36Z
2024-03-22T06:45:00Z,2024-03-22T07:45,2024-03-22T08:00,32,29.86,29.86,,29.86,-1,DOWN,NO,NO,2026-10-04T00:05:36Z
2024-03-22T07:00:00Z,2024-03-22T08:00,2024-03-22T08:15,33,-10,-10,,-10,-1,DOWN,NO,NO,2026-10-04T00:05:36Z
2024-03-22T07:15:00Z,2024-03-22T08:15,2024-03-22T08:30,34,-10,-10,,-10,-1,DOWN,NO,NO,2026-10-04T00:05:36Z
2024-03-22T07:30:00Z,2024-03-22T08:30,2024-03-22T08:45,35,34.5,34.5,,34.5,-1,DOWN,NO,NO,2026-10-04T00:05:36Z
2024-03-22T07:45:00Z,2024-03-22T08:45,2024-03-22T09:00,36,36.57,36.57,,36.57,-1,DOWN,NO,NO,2026-10-04T00:05:36Z
2024-03-22T08:00:00Z,2024-03-22T09:00,2024-03-22T09:15,37,99.2,-27.69,99.2,-27.69,2,UP_AND_DOWN,NO,NO,2026-10-04T00:05:36Z
2024-03-22T08:15:00Z,2024-03-22T09:15,2024-03-22T09:30,38,0,0,99.2,,-1,DOWN,NO,NO,2026-10-04T00:05:36Z
2024-03-22T08:30:00Z,2024-03-22T09:30,2024-03-22T09:45,39,84.03,0,84.03,,2,UP_AND_DOWN,NO,NO,2026-10-04T00:05:36Z
2024-03-22T08:45:00Z,2024-03-22T09:45,2024-03-22T10:00,40,104.03,104.03,104.03,,1,UP,NO,NO,2026-10-04T00:05:36Z
2024-03-22T09:00:00Z,2024-03-22T10:00,2024-03-22T10:15,41,99.3,99.3,99.3,,1,UP,NO,NO,2026-10-04T00:05:36Z
2024-03-22T09:15:00Z,2024-03-22T10:15,2024-03-22T10:30,42,91.65,91.65,91.65,,1,UP,NO,NO,2026-10-04T00:05:36Z
2024-03-22T09:30:00Z,2024-03-22T10:30,2024-03-22T10:45,43,116.65,116.65,116.65,,1,UP,NO,NO,2026-10-04T00:05:36Z
2024-03-22T09:45:00Z,2024-03-22T10:45,2024-03-22T11:00,44,76.65,76.65,76.65,,1,UP,NO,NO,2026-10-04T00:05:36Z
2024-03-22T10:00:00Z,2024-03-22T11:00,2024-03-22T11:15,45,0,0,76.65,,-1,DOWN,NO,NO,2026-10-04T00:05:36Z
2024-03-22T10:15:00Z,2024-03-22T11:15,2024-03-22T11:30,46,0,0,,,-1,DOWN,NO,NO,2026-10-04T00:05:36Z
2024-03-22T10:30:00Z,2024-03-22T11:30,2024-03-22T11:45,47,10.88,10.88,,10.88,-1,DOWN,NO,NO,2026-10-04T00:05:36Z
2024-03-22T10:45:00Z,2024-03-22T11:45,2024-03-22T12:00,48,36.57,36.57,,36.57,-1,DOWN,NO,NO,2026-10-04T00:05:36Z
2024-03-22T11:00:00Z,2024-03-22T12:00,2024-03-22T12:15,49,74.19,-10,74.19,-10,2,UP_AND_DOWN,NO,NO,2026-10-04T00:05:36Z
2024-03-22T11:15:00Z,2024-03-22T12:15,2024-03-22T12:30,50,75.15,-22.19,75.15,-22.19,2,UP_AND_DOWN,NO,NO,2026-10-04T00:05:36Z
2024-03-22T11:30:00Z,2024-03-22T12:30,2024-03-22T12:45,51,-3.29,-3.29,,-3.29,-1,DOWN,NO,NO,2026-10-04T00:05:36Z
2024-03-22T11:45:00Z,2024-03-22T12:45,2024-03-22T13:00,52,28.67,28.67,,28.67,-1,DOWN,NO,NO,2026-10-04T00:05:36Z
2024-03-22T12:00:00Z,2024-03-22T13:00,2024-03-22T13:15,53,-10,-10,,-10,-1,DOWN,NO,NO,2026-10-04T00:05:36Z
2024-03-22T12:15:00Z,2024-03-22T13:15,2024-03-22T13:30,54,84.43,-26.69,84.43,-26.69,2,UP_AND_DOWN,NO,NO,2026-10-04T00:05:36Z
2024-03-22T12:30:00Z,2024-03-22T13:30,2024-03-22T13:45,55,74.19,-24.56,74.19,-24.56,2,UP_AND_DOWN,NO,NO,2026-10-04T00:05:36Z
2024-03-22T12:45:00Z,2024-03-22T13:45,2024-03-22T14:00,56,-10,-10,,-10,-1,DOWN,NO,NO,2026-10-04T00:05:36Z
2024-03-22T13:00:00Z,2024-03-22T14:00,2024-03-22T14:15,57,79.43,-68.67,79.43,-68.67,2,UP_AND_DOWN,NO,NO,2026-10-04T00:05:36Z
2024-03-22T13:15:00Z,2024-03-22T14:15,2024-03-22T14:30,58,-100.36,-100.36,79.43,-100.36,-1,DOWN,NO,NO,2026-10-04T00:05:36Z
2024-03-22T13:30:00Z,2024-03-22T14:30,2024-03-22T14:45,59,-180.84,-180.84,,-180.84,-1,DOWN,NO,NO,2026-10-04T00:05:36Z
2024-03-22T13:45:00Z,2024-03-22T14:45,2024-03-22T15:00,60,99.2,-132.31,99.2,-132.31,2,UP_AND_DOWN,NO,NO,2026-10-04T00:05:36Z
2024-03-22T14:00:00Z,2024-03-22T15:00,2024-03-22T15:15,61,120,0,120,,2,UP_AND_DOWN,NO,NO,2026-10-04T00:05:36Z
2024-03-22T14:15:00Z,2024-03-22T15:15,2024-03-22T15:30,62,-73.11,-73.11,,-73.11,-1,DOWN,NO,NO,2026-10-04T00:05:36Z
2024-03-22T14:30:00Z,2024-03-22T15:30,2024-03-22T15:45,63,79.15,-182.75,79.15,-182.75,2,UP_AND_DOWN,NO,NO,2026-10-04T00:05:36Z
2024-03-22T14:45:00Z,2024-03-22T15:45,2024-03-22T16:00,64,1887.1,-501.43,1887.1,-501.43,2,UP_AND_DOWN,NO,NO,2026-10-04T00:05:36Z
2024-03-22T15:00:00Z,2024-03-22T16:00,2024-03-22T16:15,65,1887.1,-61.48,1887.1,-61.48,2,UP_AND_DOWN,NO,NO,2026-10-04T00:05:36Z
2024-03-22T15:15:00Z,2024-03-22T16:15,2024-03-22T16:30,66,-52.48,-52.48,,-52.48,-1,DOWN,NO,NO,2026-10-04T00:05:36Z
2024-03-22T15:30:00Z,2024-03-22T16:30,2024-03-22T16:45,67,0,0,,,-1,DOWN,NO,NO,2026-10-04T00:05:36Z
2024-03-22T15:45:00Z,2024-03-22T16:45,2024-03-22T17:00,68,-40,-40,70.93,-40,-1,DOWN,NO,NO,2026-10-04T00:05:36Z
2024-03-22T16:00:00Z,2024-03-22T17:00,2024-03-22T17:15,69,75.15,-44.98,75.15,-44.98,2,UP_AND_DOWN,NO,NO,2026-10-04T00:05:36Z
2024-03-22T16:15:00Z,2024-03-22T17:15,2024-03-22T17:30,70,4.7,4.7,,4.7,-1,DOWN,NO,NO,2026-10-04T00:05:36Z
2024-03-22T16:30:00Z,2024-03-22T17:30,2024-03-22T17:45,71,29.34,29.34,68.15,29.34,-1,DOWN,NO,NO,2026-10-04T00:05:36Z
2024-03-22T16:45:00Z,2024-03-22T17:45,2024-03-22T18:00,72,71.35,71.35,71.35,29.34,1,UP,NO,NO,2026-10-04T00:05:36Z
2024-03-22T17:00:00Z,2024-03-22T18:00,2024-03-22T18:15,73,96.61,96.61,96.61,,1,UP,NO,NO,2026-10-04T00:05:36Z
2024-03-22T17:15:00Z,2024-03-22T18:15,2024-03-22T18:30,74,126.61,126.61,126.61,,1,UP,NO,NO,2026-10-04T00:05:36Z
2024-03-22T17:30:00Z,2024-03-22T18:30,2024-03-22T18:45,75,149.55,149.55,149.55,,1,UP,NO,NO,2026-10-04T00:05:36Z
2024-03-22T17:45:00Z,2024-03-22T18:45,2024-03-22T19:00,76,121.15,121.15,121.15,,1,UP,NO,NO,2026-10-04T00:05:36Z
2024-03-22T18:00:00Z,2024-03-22T19:00,2024-03-22T19:15,77,121.7,121.7,121.7,,1,UP,NO,NO,2026-10-04T00:05:36Z
2024-03-22T18:15:00Z,2024-03-22T19:15,2024-03-22T19:30,78,75.93,75.93,75.93,,1,UP,NO,NO,2026-10-04T00:05:36Z
2024-03-22T18:30:00Z,2024-03-22T19:30,2024-03-22T19:45,79,93.11,93.11,93.11,,1,UP,NO,NO,2026-10-04T00:05:36Z
2024-03-22T18:45:00Z,2024-03-22T19:45,2024-03-22T20:00,80,94.56,94.56,94.56,,1,UP,NO,NO,2026-10-04T00:05:36Z
2024-03-22T19:00:00Z,2024-03-22T20:00,2024-03-22T20:15,81,79.56,79.56,79.56,,1,UP,NO,NO,2026-10-04T00:05:36Z
2024-03-22T19:15:00Z,2024-03-22T20:15,2024-03-22T20:30,82,46.57,46.57,,46.57,-1,DOWN,NO,NO,2026-10-04T00:05:36Z
2024-03-22T19:30:00Z,2024-03-22T20:30,2024-03-22T20:45,83,46.57,46.57,,46.57,-1,DOWN,NO,NO,2026-10-04T00:05:36Z
2024-03-22T19:45:00Z,2024-03-22T20:45,2024-03-22T21:00,84,74.56,53.92,74.56,53.92,2,UP_AND_DOWN,NO,NO,2026-10-04T00:05:36Z
2024-03-22T20:00:00Z,2024-03-22T21:00,2024-03-22T21:15,85,106.28,106.28,106.28,,1,UP,NO,NO,2026-10-04T00:05:36Z
2024-03-22T20:15:00Z,2024-03-22T21:15,2024-03-22T21:30,86,62.92,62.92,106.28,62.92,-1,DOWN,NO,NO,2026-10-04T00:05:36Z
2024-03-22T20:30:00Z,2024-03-22T21:30,2024-03-22T21:45,87,61.42,61.42,,61.42,-1,DOWN,NO,NO,2026-10-04T00:05:36Z
2024-03-22T20:45:00Z,2024-03-22T21:45,2024-03-22T22:00,88,41.65,41.65,,41.65,-1,DOWN,NO,NO,2026-10-04T00:05:36Z
2024-03-22T21:00:00Z,2024-03-22T22:00,2024-03-22T22:15,89,0,0,,,-1,DOWN,NO,NO,2026-10-04T00:05:36Z
2024-03-22T21:15:00Z,2024-03-22T22:15,2024-03-22T22:30,90,68.15,0,68.15,,2,UP_AND_DOWN,NO,NO,2026-10-04T00:05:36Z
2024-03-22T21:30:00Z,2024-03-22T22:30,2024-03-22T22:45,91,76.35,76.35,76.35,,1,UP,NO,NO,2026-10-04T00:05:36Z
2024-03-22T21:45:00Z,2024-03-22T22:45,2024-03-22T23:00,92,99.5,99.5,99.5,,1,UP,NO,NO,2026-10-04T00:05:36Z
2024-03-22T22:00:00Z,2024-03-22T23:00,2024-03-22T23:15,93,72.55,63.31,72.55,63.31,2,UP_AND_DOWN,NO,NO,2026-10-04T00:05:36Z
2024-03-22T22:15:00Z,2024-03-22T23:15,2024-03-22T23:30,94,82.55,82.55,82.55,,1,UP,NO,NO,2026-10-04T00:05:36Z
2024-03-22T22:30:00Z,2024-03-22T23:30,2024-03-22T23:45,95,77.55,77.55,77.55,,1,UP,NO,NO,2026-10-04T00:05:36Z
2024-03-22T22:45:00Z,2024-03-22T23:45,2024-03-23T00:00,96,65.54,65.54,,,0,STABLE,NO,NO,2026-10-04T00:05:36Z
2024-03-22T23:00:00Z,2024-03-23T00:00,2024-03-23T00:15,1,84.58,84.58,84.58,,1,UP,NO,NO,2026-10-04T00:05:36Z
2024-03-22T23:15:00Z,2024-03-23T00:15,2024-03-23T00:30,2,113.4,113.4,113.4,,1,UP,NO,NO,2026-10-04T00:05:36Z
2024-03-22T23:30:00Z,2024-03-23T00:30,2024-03-23T00:45,3,92.02,92.02,92.02,,1,UP,NO,NO,2026-10-04T00:05:36Z
2024-03-22T23:45:00Z,2024-03-23T00:45,2024-03-23T01:00,4,38.68,38.68,92.02,38.68,-1,DOWN,NO,NO,2026-10-04T00:05:36Z
2024-03-23T00:00:00Z,2024-03-23T01:00,2024-03-23T01:15,5,93.9,38.68,93.9,38.68,2,UP_AND_DOWN,NO,NO,2026-10-04T00:05:36Z
2024-03-23T00:15:00Z,2024-03-23T01:15,2024-03-23T01:30,6,74.68,74.68,74.68,,1,UP,NO,NO,2026-10-04T00:05:36Z
2024-03-23T00:30:00Z,2024-03-23T01:30,2024-03-23T01:45,7,43.34,43.34,,,0,STABLE,NO,NO,2026-10-04T00:05:36Z
2024-03-23T00:45:00Z,2024-03-23T01:45,2024-03-23T02:00,8,-31.86,-31.86,,-31.86,-1,DOWN,NO,NO,2026-10-04T00:05:36Z
2024-03-23T01:00:00Z,2024-03-23T02:00,2024-03-23T02:15,9,72.18,72.18,72.18,-31.86,1,UP,NO,NO,2026-10-04T00:05:36Z
2024-03-23T01:15:00Z,2024-03-23T02:15,2024-03-23T02:30,10,72.18,72.18,72.18,,1,UP,NO,NO,2026-10-04T00:05:36Z
2024-03-23T01:30:00Z,2024-03-23T02:30,2024-03-23T02:45,11,43.34,43.34,,,0,STABLE,NO,NO,2026-10-04T00:05:36Z
2024-03-23T01:45:00Z,2024-03-23T02:45,2024-03-23T03:00,12,43.34,43.34,,,0,STABLE,NO,NO,2026-10-04T00:05:36Z
2024-03-23T02:00:00Z,2024-03-23T03:00,2024-03-23T03:15,13,205.4,205.4,205.4,,1,UP,NO,NO,2026-10-04T00:05:36Z
2024-03-23T02:15:00Z,2024-03-23T03:15,2024-03-23T03:30,14,92.02,43.34,92.02,44.68,2,UP_AND_DOWN,NO,NO,2026-10-04T00:05:36Z
2024-03-23T02:30:00Z,2024-03-23T03:30,2024-03-23T03:45,15,77.02,-18.16,77.02,-18.16,2,UP_AND_DOWN,NO,NO,2026-10-04T00:05:36Z
2024-03-23T02:45:00Z,2024-03-23T03:45,2024-03-23T04:00,16,-3.39,-3.39,,-3.39,-1,DOWN,NO,NO,2026-10-04T00:05:36Z
2024-03-23T03:00:00Z,2024-03-23T04:00,2024-03-23T04:15,17,94.2,94.2,94.2,-3.39,1,UP,NO,NO,2026-10-04T00:05:36Z
2024-03-23T03:15:00Z,2024-03-23T04:15,2024-03-23T04:30,18,51.35,51.35,94.2,,0,STABLE,NO,NO,2026-10-04T00:05:36Z
2024-03-23T03:30:00Z,2024-03-23T04:30,2024-03-23T04:45,19,77.02,77.02,77.02,,1,UP,NO,NO,2026-10-04T00:05:36Z
2024-03-23T03:45:00Z,2024-03-23T04:45,2024-03-23T05:00,20,62.02,62.02,62.02,,1,UP,NO,NO,2026-10-04T00:05:36Z
2024-03-23T04:00:00Z,2024-03-23T05:00,2024-03-23T05:15,21,51.35,51.35,,,0,STABLE,NO,NO,2026-10-04T00:05:36Z
2024-03-23T04:15:00Z,2024-03-23T05:15,2024-03-23T05:30,22,51.35,51.35,,,0,STABLE,NO,NO,2026-10-04T00:05:36Z
2024-03-23T04:30:00Z,2024-03-23T05:30,2024-03-23T05:45,23,-10,-10,,-10,-1,DOWN,NO,NO,2026-10-04T00:05:36Z
2024-03-23T04:45:00Z,2024-03-23T05:45,2024-03-23T06:00,24,-19.36,-19.36,,-19.36,-1,DOWN,NO,NO,2026-10-04T00:05:36Z
2024-03-23T05:00:00Z,2024-03-23T06:00,2024-03-23T06:15,25,-27.35,-27.35,,-27.35,-1,DOWN,NO,NO,2026-10-04T00:05:36Z
2024-03-23T05:15:00Z,2024-03-23T06:15,2024-03-23T06:30,26,-79.25,-79.25,,-79.25,-1,DOWN,NO,NO,2026-10-04T00:05:36Z
2024-03-23T05:30:00Z,2024-03-23T06:30,2024-03-23T06:45,27,-63,-63,,-63,-1,DOWN,NO,NO,2026-10-04T00:05:36Z
2024-03-23T05:45:00Z,2024-03-23T06:45,2024-03-23T07:00,28,62.02,-79.25,62.02,-79.25,2,UP_AND_DOWN,NO,NO,2026-10-04T00:05:36Z
2024-03-23T06:00:00Z,2024-03-23T07:00,2024-03-23T07:15,29,44.23,44.23,33.9,44.23,-1,DOWN,NO,NO,2026-10-04T00:05:36Z
2024-03-23T06:15:00Z,2024-03-23T07:15,2024-03-23T07:30,30,-14.19,-14.19,,-14.19,-1,DOWN,NO,NO,2026-10-04T00:05:36Z
2024-03-23T06:30:00Z,2024-03-23T07:30,2024-03-23T07:45,31,-40,-40,,-40,-1,DOWN,NO,NO,2026-10-04T00:05:36Z
2024-03-23T06:45:00Z,2024-03-23T07:45,2024-03-23T08:00,32,-30.6,-30.6,,-30.6,-1,DOWN,NO,NO,2026-10-04T00:05:36Z
2024-03-23T07:00:00Z,2024-03-23T08:00,2024-03-23T08:15,33,36.71,36.71,,-30.6,0,STABLE,NO,NO,2026-10-04T00:05:36Z
2024-03-23T07:15:00Z,2024-03-23T08:15,2024-03-23T08:30,34,-54,-54,,-54,-1,DOWN,NO,NO,2026-10-04T00:05:36Z
2024-03-23T07:30:00Z,2024-03-23T08:30,2024-03-23T08:45,35,-497.43,-497.43,,-497.43,-1,DOWN,NO,NO,2026-10-04T00:05:36Z
2024-03-23T07:45:00Z,2024-03-23T08:45,2024-03-23T09:00,36,89.23,-513.5,89.23,-513.5,2,UP_AND_DOWN,NO,NO,2026-10-04T00:05:36Z
2024-03-23T08:00:00Z,2024-03-23T09:00,2024-03-23T09:15,37,-63,-63,,-63,-1,DOWN,NO,NO,2026-10-04T00:05:36Z
2024-03-23T08:15:00Z,2024-03-23T09:15,2024-03-23T09:30,38,-47.25,-47.25,,-47.25,-1,DOWN,NO,NO,2026-10-04T00:05:36Z
2024-03-23T08:30:00Z,2024-03-23T09:30,2024-03-23T09:45,39,-40,-40,,-40,-1,DOWN,NO,NO,2026-10-04T00:05:36Z
2024-03-23T08:45:00Z,2024-03-23T09:45,2024-03-23T10:00,40,-160.38,-160.38,,-160.38,-1,DOWN,NO,NO,2026-10-04T00:05:36Z
2024-03-23T09:00:00Z,2024-03-23T10:00,2024-03-23T10:15,41,36.87,-347.12,36.87,-347.12,2,UP_AND_DOWN,NO,NO,2026-10-04T00:05:36Z
2024-03-23T09:15:00Z,2024-03-23T10:15,2024-03-23T10:30,42,74.23,-347.12,74.23,-347.12,2,UP_AND_DOWN,NO,NO,2026-10-04T00:05:36Z
2024-03-23T09:30:00Z,2024-03-23T10:30,2024-03-23T10:45,43,36.71,-157.12,30,-157.12,2,UP_AND_DOWN,NO,NO,2026-10-04T00:05:36Z
2024-03-23T09:45:00Z,2024-03-23T10:45,2024-03-23T11:00,44,43.32,-204.5,43.32,-204.5,2,UP_AND_DOWN,NO,NO,2026-10-04T00:05:36Z
2024-03-23T10:00:00Z,2024-03-23T11:00,2024-03-23T11:15,45,55.61,-190.41,55.61,-190.41,2,UP_AND_DOWN,NO,NO,2026-10-04T00:05:36Z
2024-03-23T10:15:00Z,2024-03-23T11:15,2024-03-23T11:30,46,-190.41,-190.41,,-190.41,-1,DOWN,NO,NO,2026-10-04T00:05:36Z
2024-03-23T10:30:00Z,2024-03-23T11:30,2024-03-23T11:45,47,43.31,-227.03,43.31,-227.03,2,UP_AND_DOWN,NO,NO,2026-10-04T00:05:36Z
2024-03-23T10:45:00Z,2024-03-23T11:45,2024-03-23T12:00,48,39.41,-85.41,39.41,-85.41,2,UP_AND_DOWN,NO,NO,2026-10-04T00:05:36Z
2024-03-23T11:00:00Z,2024-03-23T12:00,2024-03-23T12:15,49,26.57,26.57,,26.57,-1,DOWN,NO,NO,2026-10-04T00:05:36Z
2024-03-23T11:15:00Z,2024-03-23T12:15,2024-03-23T12:30,50,36.71,36.71,,26.57,0,STABLE,NO,NO,2026-10-04T00:05:36Z
2024-03-23T11:30:00Z,2024-03-23T12:30,2024-03-23T12:45,51,29,29,29,26.57,1,UP,NO,NO,2026-10-04T00:05:36Z
2024-03-23T11:45:00Z,2024-03-23T12:45,2024-03-23T13:00,52,36.71,-34,36.38,-34,2,UP_AND_DOWN,NO,NO,2026-10-04T00:05:36Z
2024-03-23T12:00:00Z,2024-03-23T13:00,2024-03-23T13:15,53,-40,-40,36.38,-40,-1,DOWN,NO,NO,2026-10-04T00:05:36Z
2024-03-23T12:15:00Z,2024-03-23T13:15,2024-03-23T13:30,54,-40,-40,,-40,-1,DOWN,NO,NO,2026-10-04T00:05:36Z
2024-03-23T12:30:00Z,2024-03-23T13:30,2024-03-23T13:45,55,66.83,-34,66.83,-34,2,UP_AND_DOWN,NO,NO,2026-10-04T00:05:36Z
2024-03-23T12:45:00Z,2024-03-23T13:45,2024-03-23T14:00,56,-34,-34,,-34,-1,DOWN,NO,NO,2026-10-04T00:05:36Z
2024-03-23T13:00:00Z,2024-03-23T14:00,2024-03-23T14:15,57,-126.28,-126.28,,-126.28,-1,DOWN,NO,NO,2026-10-04T00:05:36Z
2024-03-23T13:15:00Z,2024-03-23T14:15,2024-03-23T14:30,58,-17.98,-17.98,,-17.98,-1,DOWN,NO,NO,2026-10-04T00:05:36Z
2024-03-23T13:30:00Z,2024-03-23T14:30,2024-03-23T14:45,59,39.21,39.21,,-17.98,0,STABLE,NO,NO,2026-10-04T00:05:36Z
2024-03-23T13:45:00Z,2024-03-23T14:45,2024-03-23T15:00,60,-10,-10,,-10,-1,DOWN,NO,NO,2026-10-04T00:05:36Z
2024-03-23T14:00:00Z,2024-03-23T15:00,2024-03-23T15:15,61,-40,-40,,-40,-1,DOWN,NO,NO,2026-10-04T00:05:36Z
2024-03-23T14:15:00Z,2024-03-23T15:15,2024-03-23T15:30,62,-40,-40,,-40,-1,DOWN,NO,NO,2026-10-04T00:05:36Z
2024-03-23T14:30:00Z,2024-03-23T15:30,2024-03-23T15:45,63,26.57,26.57,,26.57,-1,DOWN,NO,NO,2026-10-04T00:05:36Z
2024-03-23T14:45:00Z,2024-03-23T15:45,2024-03-23T16:00,64,80.23,80.23,80.23,,1,UP,NO,NO,2026-10-04T00:05:36Z
2024-03-23T15:00:00Z,2024-03-23T16:00,2024-03-23T16:15,65,-33.47,-33.47,80.23,-33.47,-1,DOWN,NO,NO,2026-10-04T00:05:36Z
2024-03-23T15:15:00Z,2024-03-23T16:15,2024-03-23T16:30,66,79.7,79.7,79.7,-33.47,1,UP,NO,NO,2026-10-04T00:05:36Z
2024-03-23T15:30:00Z,2024-03-23T16:30,2024-03-23T16:45,67,77.7,26.57,77.7,26.57,2,UP_AND_DOWN,NO,NO,2026-10-04T00:05:36Z
2024-03-23T15:45:00Z,2024-03-23T16:45,2024-03-23T17:00,68,96.7,96.7,96.7,,1,UP,NO,NO,2026-10-04T00:05:36Z
2024-03-23T16:00:00Z,2024-03-23T17:00,2024-03-23T17:15,69,73.15,-152.38,73.15,-152.38,2,UP_AND_DOWN,NO,NO,2026-10-04T00:05:36Z
2024-03-23T16:15:00Z,2024-03-23T17:15,2024-03-23T17:30,70,93.1,-10,93.1,-10,2,UP_AND_DOWN,NO,NO,2026-10-04T00:05:36Z
2024-03-23T16:30:00Z,2024-03-23T17:30,2024-03-23T17:45,71,96.6,96.6,96.6,,1,UP,NO,NO,2026-10-04T00:05:36Z
2024-03-23T16:45:00Z,2024-03-23T17:45,2024-03-23T18:00,72,1887.1,1887.1,1887.1,,1,UP,NO,NO,2026-10-04T00:05:36Z
2024-03-23T17:00:00Z,2024-03-23T18:00,2024-03-23T18:15,73,-31.98,-31.98,1887.1,-31.98,-1,DOWN,NO,NO,2026-10-04T00:05:36Z
2024-03-23T17:15:00Z,2024-03-23T18:15,2024-03-23T18:30,74,96.6,96.6,96.6,-31.98,1,UP,NO,NO,2026-10-04T00:05:36Z
2024-03-23T17:30:00Z,2024-03-23T18:30,2024-03-23T18:45,75,1887.1,1887.1,1887.1,,1,UP,NO,NO,2026-10-04T00:05:36Z
2024-03-23T17:45:00Z,2024-03-23T18:45,2024-03-23T19:00,76,1887.1,1887.1,1887.1,,1,UP,NO,NO,2026-10-04T00:05:36Z
2024-03-23T18:00:00Z,2024-03-23T19:00,2024-03-23T19:15,77,1887.1,1887.1,1887.1,,1,UP,NO,NO,2026-10-04T00:05:36Z
2024-03-23T18:15:00Z,2024-03-23T19:15,2024-03-23T19:30,78,91.25,91.25,91.25,,1,UP,NO,NO,2026-10-04T00:05:36Z
2024-03-23T18:30:00Z,2024-03-23T19:30,2024-03-23T19:45,79,-22.8,-22.8,91.25,-22.8,-1,DOWN,NO,NO,2026-10-04T00:05:36Z
2024-03-23T18:45:00Z,2024-03-23T19:45,2024-03-23T20:00,80,-19.98,-19.98,,-19.98,-1,DOWN,NO,NO,2026-10-04T00:05:36Z
2024-03-23T19:00:00Z,2024-03-23T20:00,2024-03-23T20:15,81,44.23,44.23,,44.23,-1,DOWN,NO,NO,2026-10-04T00:05:36Z
2024-03-23T19:15:00Z,2024-03-23T20:15,2024-03-23T20:30,82,-3.29,-3.29,,-3.29,-1,DOWN,NO,NO,2026-10-04T00:05:36Z
2024-03-23T19:30:00Z,2024-03-23T20:30,2024-03-23T20:45,83,-38,-38,,-38,-1,DOWN,NO,NO,2026-10-04T00:05:36Z
2024-03-23T19:45:00Z,2024-03-23T20:45,2024-03-23T21:00,84,-10,-10,,-10,-1,DOWN,NO,NO,2026-10-04T00:05:36Z
2024-03-23T20:00:00Z,2024-03-23T21:00,2024-03-23T21:15,85,72.55,-9.16,72.55,-9.16,2,UP_AND_DOWN,NO,NO,2026-10-04T00:05:36Z
2024-03-23T20:15:00Z,2024-03-23T21:15,2024-03-23T21:30,86,-9.69,-9.69,,-9.69,-1,DOWN,NO,NO,2026-10-04T00:05:36Z
2024-03-23T20:30:00Z,2024-03-23T21:30,2024-03-23T21:45,87,-6.57,-6.57,,-6.57,-1,DOWN,NO,NO,2026-10-04T00:05:36Z
2024-03-23T20:45:00Z,2024-03-23T21:45,2024-03-23T22:00,88,-9.69,-9.69,,-9.69,-1,DOWN,NO,NO,2026-10-04T00:05:36Z
2024-03-23T21:00:00Z,2024-03-23T22:00,2024-03-23T22:15,89,60.02,-40,60.02,-40,2,UP_AND_DOWN,NO,NO,2026-10-04T00:05:36Z
2024-03-23T21:15:00Z,2024-03-23T22:15,2024-03-23T22:30,90,58.02,-202.5,58.02,-202.5,2,UP_AND_DOWN,NO,NO,2026-10-04T00:05:36Z
2024-03-23T21:30:00Z,2024-03-23T22:30,2024-03-23T22:45,91,-43.2,-43.2,,-43.2,-1,DOWN,NO,NO,2026-10-04T00:05:36Z
2024-03-23T21:45:00Z,2024-03-23T22:45,2024-03-23T23:00,92,-49.19,-49.19,,-49.19,-1,DOWN,NO,NO,2026-10-04T00:05:36Z
2024-03-23T22:00:00Z,2024-03-23T23:00,2024-03-23T23:15,93,-40,-40,,-40,-1,DOWN,NO,NO,2026-10-04T00:05:36Z
2024-03-23T22:15:00Z,2024-03-23T23:15,2024-03-23T23:30,94,59.8,-75.62,59.8,-75.62,2,UP_AND_DOWN,NO,NO,2026-10-04T00:05:36Z
2024-03-23T22:30:00Z,2024-03-23T23:30,2024-03-23T23:45,95,55.7,-147.5,55.7,-147.5,2,UP_AND_DOWN,NO,NO,2026-10-04T00:05:36Z
2024-03-23T22:45:00Z,2024-03-23T23:45,2024-03-24T00:00,96,51.4,-303.38,51.4,-303.38,2,UP_AND_DOWN,NO,NO,2026-10-04T00:05:36Z
2024-03-23T23:00:00Z,2024-03-24T00:00,2024-03-24T00:15,1,46.64,-471.3,46.64,-471.3,2,UP_AND_DOWN,NO,NO,2026-10-04T00:05:36Z
2024-03-23T23:15:00Z,2024-03-24T00:15,2024-03-24T00:30,2,-86.09,-86.09,,-86.09,-1,DOWN,NO,NO,2026-10-04T00:05:36Z
2024-03-23T23:30:00Z,2024-03-24T00:30,2024-03-24T00:45,3,-40,-40,,-40,-1,DOWN,NO,NO,2026-10-04T00:05:36Z
2024-03-23T23:45:00Z,2024-03-24T00:45,2024-03-24T01:00,4,71.2,-40,71.2,-40,2,UP_AND_DOWN,NO,NO,2026-10-04T00:05:36Z
2024-03-24T00:00:00Z,2024-03-24T01:00,2024-03-24T01:15,5,70.77,70.77,70.77,,1,UP,NO,NO,2026-10-04T00:05:36Z
2024-03-24T00:15:00Z,2024-03-24T01:15,2024-03-24T01:30,6,43.08,43.08,,,0,STABLE,NO,NO,2026-10-04T00:05:36Z
2024-03-24T00:30:00Z,2024-03-24T01:30,2024-03-24T01:45,7,-10,-10,,-10,-1,DOWN,NO,NO,2026-10-04T00:05:36Z
2024-03-24T00:45:00Z,2024-03-24T01:45,2024-03-24T02:00,8,-32,-32,,-32,-1,DOWN,NO,NO,2026-10-04T00:05:36Z
2024-03-24T01:00:00Z,2024-03-24T02:00,2024-03-24T02:15,9,42.33,42.33,,,0,STABLE,NO,NO,2026-10-04T00:05:36Z
2024-03-24T01:15:00Z,2024-03-24T02:15,2024-03-24T02:30,10,39.23,39.23,39.23,,1,UP,NO,NO,2026-10-04T00:05:36Z
2024-03-24T01:30:00Z,2024-03-24T02:30,2024-03-24T02:45,11,66.72,66.72,66.72,,1,UP,NO,NO,2026-10-04T00:05:36Z
2024-03-24T01:45:00Z,2024-03-24T02:45,2024-03-24T03:00,12,57.02,57.02,57.02,,1,UP,NO,NO,2026-10-04T00:05:36Z
2024-03-24T02:00:00Z,2024-03-24T03:00,2024-03-24T03:15,13,69.33,69.33,69.33,,1,UP,NO,NO,2026-10-04T00:05:36Z
2024-03-24T02:15:00Z,2024-03-24T03:15,2024-03-24T03:30,14,83.24,83.24,83.24,,1,UP,NO,NO,2026-10-04T00:05:36Z
2024-03-24T02:30:00Z,2024-03-24T03:30,2024-03-24T03:45,15,77.73,77.73,77.73,,1,UP,NO,NO,2026-10-04T00:05:36Z
2024-03-24T02:45:00Z,2024-03-24T03:45,2024-03-24T04:00,16,74.84,74.84,74.84,,1,UP,NO,NO,2026-10-04T00:05:36Z
2024-03-24T03:00:00Z,2024-03-24T04:00,2024-03-24T04:15,17,70.5,70.5,70.5,,1,UP,NO,NO,2026-10-04T00:05:36Z
2024-03-24T03:15:00Z,2024-03-24T04:15,2024-03-24T04:30,18,37.91,37.91,37.91,,1,UP,NO,NO,2026-10-04T00:05:36Z
2024-03-24T03:30:00Z,2024-03-24T04:30,2024-03-24T04:45,19,66.72,-34,66.72,-34,2,UP_AND_DOWN,NO,NO,2026-10-04T00:05:36Z
2024-03-24T03:45:00Z,2024-03-24T04:45,2024-03-24T05:00,20,30,30,30,,1,UP,NO,NO,2026-10-04T00:05:36Z
2024-03-24T04:00:00Z,2024-03-24T05:00,2024-03-24T05:15,21,-32,-32,,-32,-1,DOWN,NO,NO,2026-10-04T00:05:36Z
2024-03-24T04:15:00Z,2024-03-24T05:15,2024-03-24T05:30,22,-10,-10,,-10,-1,DOWN,NO,NO,2026-10-04T00:05:36Z
2024-03-24T04:30:00Z,2024-03-24T05:30,2024-03-24T05:45,23,-30,-30,,-30,-1,DOWN,NO,NO,2026-10-04T00:05:36Z
2024-03-24T04:45:00Z,2024-03-24T05:45,2024-03-24T06:00,24,-40,-40,,-40,-1,DOWN,NO,NO,2026-10-04T00:05:36Z
2024-03-24T05:00:00Z,2024-03-24T06:00,2024-03-24T06:15,25,36.71,-40,30,-40,2,UP_AND_DOWN,NO,NO,2026-10-04T00:05:36Z
2024-03-24T05:15:00Z,2024-03-24T06:15,2024-03-24T06:30,26,-48.22,-48.22,,-48.22,-1,DOWN,NO,NO,2026-10-04T00:05:36Z
2024-03-24T05:30:00Z,2024-03-24T06:30,2024-03-24T06:45,27,96.1,-194.2,96.1,-194.2,2,UP_AND_DOWN,NO,NO,2026-10-04T00:05:36Z
2024-03-24T05:45:00Z,2024-03-24T06:45,2024-03-24T07:00,28,67.5,-97.57,67.5,-97.57,2,UP_AND_DOWN,NO,NO,2026-10-04T00:05:36Z
2024-03-24T06:00:00Z,2024-03-24T07:00,2024-03-24T07:15,29,66.58,-102.71,66.58,-102.71,2,UP_AND_DOWN,NO,NO,2026-10-04T00:05:36Z
2024-03-24T06:15:00Z,2024-03-24T07:15,2024-03-24T07:30,30,-64.77,-64.77,,-64.77,-1,DOWN,NO,NO,2026-10-04T00:05:36Z
2024-03-24T06:30:00Z,2024-03-24T07:30,2024-03-24T07:45,31,-40,-40,,-40,-1,DOWN,NO,NO,2026-10-04T00:05:36Z
2024-03-24T06:45:00Z,2024-03-24T07:45,2024-03-24T08:00,32,-54,-54,,-54,-1,DOWN,NO,NO,2026-10-04T00:05:36Z
2024-03-24T07:00:00Z,2024-03-24T08:00,2024-03-24T08:15,33,-56.82,-56.82,,-56.82,-1,DOWN,NO,NO,2026-10-04T00:05:36Z
2024-03-24T07:15:00Z,2024-03-24T08:15,2024-03-24T08:30,34,-72.43,-72.43,,-72.43,-1,DOWN,NO,NO,2026-10-04T00:05:36Z
2024-03-24T07:30:00Z,2024-03-24T08:30,2024-03-24T08:45,35,-164.01,-164.01,,-164.01,-1,DOWN,NO,NO,2026-10-04T00:05:36Z
2024-03-24T07:45:00Z,2024-03-24T08:45,2024-03-24T09:00,36,-164.01,-164.01,,-164.01,-1,DOWN,NO,NO,2026-10-04T00:05:36Z
2024-03-24T08:00:00Z,2024-03-24T09:00,2024-03-24T09:15,37,-46,-46,,-46,-1,DOWN,NO,NO,2026-10-04T00:05:36Z
2024-03-24T08:15:00Z,2024-03-24T09:15,2024-03-24T09:30,38,-46,-46,,-46,-1,DOWN,NO,NO,2026-10-04T00:05:36Z
2024-03-24T08:30:00Z,2024-03-24T09:30,2024-03-24T09:45,39,-72.43,-72.43,,-72.43,-1,DOWN,NO,NO,2026-10-04T00:05:36Z
2024-03-24T08:45:00Z,2024-03-24T09:45,2024-03-24T10:00,40,-46,-46,,-46,-1,DOWN,NO,NO,2026-10-04T00:05:36Z
2024-03-24T09:00:00Z,2024-03-24T10:00,2024-03-24T10:15,41,43.42,43.42,,43.42,-1,DOWN,NO,NO,2026-10-04T00:05:36Z
2024-03-24T09:15:00Z,2024-03-24T10:15,2024-03-24T10:30,42,39.29,39.29,,,0,STABLE,NO,NO,2026-10-04T00:05:36Z
2024-03-24T09:30:00Z,2024-03-24T10:30,2024-03-24T10:45,43,39.3,39.3,,,0,STABLE,NO,NO,2026-10-04T00:05:36Z
2024-03-24T09:45:00Z,2024-03-24T10:45,2024-03-24T11:00,44,39.29,39.29,,,0,STABLE,NO,NO,2026-10-04T00:05:36Z
2024-03-24T10:00:00Z,2024-03-24T11:00,2024-03-24T11:15,45,45.13,45.13,,,0,STABLE,NO,NO,2026-10-04T00:05:36Z
2024-03-24T10:15:00Z,2024-03-24T11:15,2024-03-24T11:30,46,-40,-40,,-40,-1,DOWN,NO,NO,2026-10-04T00:05:36Z
2024-03-24T10:30:00Z,2024-03-24T11:30,2024-03-24T11:45,47,-40,-40,,-40,-1,DOWN,NO,NO,2026-10-04T00:05:36Z
2024-03-24T10:45:00Z,2024-03-24T11:45,2024-03-24T12:00,48,-35.09,-35.09,57.02,-35.09,-1,DOWN,NO,NO,2026-10-04T00:05:36Z
2024-03-24T11:00:00Z,2024-03-24T12:00,2024-03-24T12:15,49,-75.55,-75.55,,-75.55,-1,DOWN,NO,NO,2026-10-04T00:05:36Z
2024-03-24T11:15:00Z,2024-03-24T12:15,2024-03-24T12:30,50,-40,-40,,-40,-1,DOWN,NO,NO,2026-10-04T00:05:36Z
2024-03-24T11:30:00Z,2024-03-24T12:30,2024-03-24T12:45,51,-35.09,-35.09,,-35.09,-1,DOWN,NO,NO,2026-10-04T00:05:36Z
2024-03-24T11:45:00Z,2024-03-24T12:45,2024-03-24T13:00,52,-52,-52,,-52,-1,DOWN,NO,NO,2026-10-04T00:05:36Z
2024-03-24T12:00:00Z,2024-03-24T13:00,2024-03-24T13:15,53,43.42,43.42,,43.42,-1,DOWN,NO,NO,2026-10-04T00:05:36Z
2024-03-24T12:15:00Z,2024-03-24T13:15,2024-03-24T13:30,54,-40,-40,,-40,-1,DOWN,NO,NO,2026-10-04T00:05:36Z
2024-03-24T12:30:00Z,2024-03-24T13:30,2024-03-24T13:45,55,-40,-40,,-40,-1,DOWN,NO,NO,2026-10-04T00:05:36Z
2024-03-24T12:45:00Z,2024-03-24T13:45,2024-03-24T14:00,56,-44,-44,,-44,-1,DOWN,NO,NO,2026-10-04T00:05:36Z
2024-03-24T13:00:00Z,2024-03-24T14:00,2024-03-24T14:15,57,-40,-40,,-40,-1,DOWN,NO,NO,2026-10-04T00:05:36Z
2024-03-24T13:15:00Z,2024-03-24T14:15,2024-03-24T14:30,58,39.46,39.46,,-40,0,STABLE,NO,NO,2026-10-04T00:05:36Z
2024-03-24T13:30:00Z,2024-03-24T14:30,2024-03-24T14:45,59,35.48,35.48,35.48,,1,UP,NO,NO,2026-10-04T00:05:36Z
2024-03-24T13:45:00Z,2024-03-24T14:45,2024-03-24T15:00,60,35.48,35.48,35.48,,1,UP,NO,NO,2026-10-04T00:05:36Z
2024-03-24T14:00:00Z,2024-03-24T15:00,2024-03-24T15:15,61,75.02,75.02,75.02,,1,UP,NO,NO,2026-10-04T00:05:36Z
2024-03-24T14:15:00Z,2024-03-24T15:15,2024-03-24T15:30,62,85.61,85.61,85.61,,1,UP,NO,NO,2026-10-04T00:05:36Z
2024-03-24T14:30:00Z,2024-03-24T15:30,2024-03-24T15:45,63,-10,-10,85.61,-10,-1,DOWN,NO,NO,2026-10-04T00:05:36Z
2024-03-24T14:45:00Z,2024-03-24T15:45,2024-03-24T16:00,64,39.45,39.45,,,0,STABLE,NO,NO,2026-10-04T00:05:36Z
2024-03-24T15:00:00Z,2024-03-24T16:00,2024-03-24T16:15,65,-20.59,-20.59,,-20.59,-1,DOWN,NO,NO,2026-10-04T00:05:36Z
2024-03-24T15:15:00Z,2024-03-24T16:15,2024-03-24T16:30,66,-32,-32,,-32,-1,DOWN,NO,NO,2026-10-04T00:05:36Z
2024-03-24T15:30:00Z,2024-03-24T16:30,2024-03-24T16:45,67,43.42,43.42,,43.42,-1,DOWN,NO,NO,2026-10-04T00:05:36Z
2024-03-24T15:45:00Z,2024-03-24T16:45,2024-03-24T17:00,68,57.02,57.02,57.02,,1,UP,NO,NO,2026-10-04T00:05:36Z
2024-03-24T16:00:00Z,2024-03-24T17:00,2024-03-24T17:15,69,57.02,43.42,57.02,43.42,2,UP_AND_DOWN,NO,NO,2026-10-04T00:05:36Z
2024-03-24T16:15:00Z,2024-03-24T17:15,2024-03-24T17:30,70,50.22,50.22,,,0,STABLE,NO,NO,2026-10-04T00:05:36Z
2024-03-24T16:30:00Z,2024-03-24T17:30,2024-03-24T17:45,71,58.37,58.37,,68.28,0,STABLE,NO,NO,2026-10-04T00:05:36Z
2024-03-24T16:45:00Z,2024-03-24T17:45,2024-03-24T18:00,72,50.22,50.22,,43.42,0,STABLE,NO,NO,2026-10-04T00:05:36Z
2024-03-24T17:00:00Z,2024-03-24T18:00,2024-03-24T18:15,73,-10.47,-10.47,,-10.47,-1,DOWN,NO,NO,2026-10-04T00:05:36Z
2024-03-24T17:15:00Z,2024-03-24T18:15,2024-03-24T18:30,74,-3.32,-3.32,,-3.32,-1,DOWN,NO,NO,2026-10-04T00:05:36Z
2024-03-24T17:30:00Z,2024-03-24T18:30,2024-03-24T18:45,75,-10,-10,,-10,-1,DOWN,NO,NO,2026-10-04T00:05:36Z
2024-03-24T17:45:00Z,2024-03-24T18:45,2024-03-24T19:00,76,55.01,55.01,,,0,STABLE,NO,NO,2026-10-04T00:05:36Z
2024-03-24T18:00:00Z,2024-03-24T19:00,2024-03-24T19:15,77,-6.97,-6.97,,-6.97,-1,DOWN,NO,NO,2026-10-04T00:05:36Z
2024-03-24T18:15:00Z,2024-03-24T19:15,2024-03-24T19:30,78,61.36,61.36,,-6.97,0,STABLE,NO,NO,2026-10-04T00:05:36Z
2024-03-24T18:30:00Z,2024-03-24T19:30,2024-03-24T19:45,79,43.42,43.42,,43.42,-1,DOWN,NO,NO,2026-10-04T00:05:36Z
2024-03-24T18:45:00Z,2024-03-24T19:45,2024-03-24T20:00,80,27.69,27.69,,27.69,-1,DOWN,NO,NO,2026-10-04T00:05:36Z
2024-03-24T19:00:00Z,2024-03-24T20:00,2024-03-24T20:15,81,72.5,72.5,72.5,27.69,1,UP,NO,NO,2026-10-04T00:05:36Z
2024-03-24T19:15:00Z,2024-03-24T20:15,2024-03-24T20:30,82,72.51,72.51,72.51,,1,UP,NO,NO,2026-10-04T00:05:36Z
2024-03-24T19:30:00Z,2024-03-24T20:30,2024-03-24T20:45,83,61.36,61.36,,,0,STABLE,NO,NO,2026-10-04T00:05:36Z
2024-03-24T19:45:00Z,2024-03-24T20:45,2024-03-24T21:00,84,61.36,61.36,,,0,STABLE,NO,NO,2026-10-04T00:05:36Z
2024-03-24T20:00:00Z,2024-03-24T21:00,2024-03-24T21:15,85,82.02,82.02,82.02,,1,UP,NO,NO,2026-10-04T00:05:36Z
2024-03-24T20:15:00Z,2024-03-24T21:15,2024-03-24T21:30,86,81.66,81.66,81.66,,1,UP,NO,NO,2026-10-04T00:05:36Z
2024-03-24T20:30:00Z,2024-03-24T21:30,2024-03-24T21:45,87,61.36,61.36,,,0,STABLE,NO,NO,2026-10-04T00:05:36Z
2024-03-24T20:45:00Z,2024-03-24T21:45,2024-03-24T22:00,88,.91,.91,,.91,-1,DOWN,NO,NO,2026-10-04T00:05:36Z
2024-03-24T21:00:00Z,2024-03-24T22:00,2024-03-24T22:15,89,94.2,-10.47,94.2,-10.47,2,UP_AND_DOWN,NO,NO,2026-10-04T00:05:36Z
2024-03-24T21:15:00Z,2024-03-24T22:15,2024-03-24T22:30,90,96.2,-40,96.2,-40,2,UP_AND_DOWN,NO,NO,2026-10-04T00:05:36Z
2024-03-24T21:30:00Z,2024-03-24T22:30,2024-03-24T22:45,91,74.24,-10,74.24,-10,2,UP_AND_DOWN,NO,NO,2026-10-04T00:05:36Z
2024-03-24T21:45:00Z,2024-03-24T22:45,2024-03-24T23:00,92,57.02,-40,57.02,-40,2,UP_AND_DOWN,NO,NO,2026-10-04T00:05:36Z
2024-03-24T22:00:00Z,2024-03-24T23:00,2024-03-24T23:15,93,22.91,22.91,,22.91,-1,DOWN,NO,NO,2026-10-04T00:05:36Z
2024-03-24T22:15:00Z,2024-03-24T23:15,2024-03-24T23:30,94,101.58,-10,101.58,-10,2,UP_AND_DOWN,NO,NO,2026-10-04T00:05:36Z
2024-03-24T22:30:00Z,2024-03-24T23:30,2024-03-24T23:45,95,43.42,43.42,80.12,43.42,-1,DOWN,NO,NO,2026-10-04T00:05:36Z
2024-03-24T22:45:00Z,2024-03-24T23:45,2024-03-25T00:00,96,43.42,43.42,,43.42,-1,DOWN,NO,NO,2026-10-04T00:05:36Z
2024-03-24T23:00:00Z,2024-03-25T00:00,2024-03-25T00:15,1,70.14,70.14,70.14,,1,UP,NO,NO,2026-10-04T00:05:36Z
2024-03-24T23:15:00Z,2024-03-25T00:15,2024-03-25T00:30,2,66.49,66.49,,,0,STABLE,NO,NO,2026-10-04T00:05:36Z
2024-03-24T23:30:00Z,2024-03-25T00:30,2024-03-25T00:45,3,66.49,66.49,,,0,STABLE,NO,NO,2026-10-04T00:05:36Z
2024-03-24T23:45:00Z,2024-03-25T00:45,2024-03-25T01:00,4,66.49,66.49,,,0,STABLE,NO,NO,2026-10-04T00:05:36Z
2024-03-25T00:00:00Z,2024-03-25T01:00,2024-03-25T01:15,5,73.34,73.34,73.34,,1,UP,NO,NO,2026-10-04T00:05:36Z
2024-03-25T00:15:00Z,2024-03-25T01:15,2024-03-25T01:30,6,70.3,70.3,70.3,,1,UP,NO,NO,2026-10-04T00:05:36Z
2024-03-25T00:30:00Z,2024-03-25T01:30,2024-03-25T01:45,7,70.82,70.82,70.82,,1,UP,NO,NO,2026-10-04T00:05:36Z
2024-03-25T00:45:00Z,2024-03-25T01:45,2024-03-25T02:00,8,68.49,68.49,68.49,,1,UP,NO,NO,2026-10-04T00:05:36Z
2024-03-25T01:00:00Z,2024-03-25T02:00,2024-03-25T02:15,9,68.31,68.31,,,0,STABLE,NO,NO,2026-10-04T00:05:36Z
2024-03-25T01:15:00Z,2024-03-25T02:15,2024-03-25T02:30,10,68.65,68.65,,,0,STABLE,NO,NO,2026-10-04T00:05:36Z
2024-03-25T01:30:00Z,2024-03-25T02:30,2024-03-25T02:45,11,78.34,78.34,78.34,,1,UP,NO,NO,2026-10-04T00:05:36Z
2024-03-25T01:45:00Z,2024-03-25T02:45,2024-03-25T03:00,12,-40,-40,75.92,-40,-1,DOWN,NO,NO,2026-10-04T00:05:36Z
2024-03-25T02:00:00Z,2024-03-25T03:00,2024-03-25T03:15,13,-10,-10,,-10,-1,DOWN,NO,NO,2026-10-04T00:05:36Z
2024-03-25T02:15:00Z,2024-03-25T03:15,2024-03-25T03:30,14,66.96,66.96,,66.96,-1,DOWN,NO,NO,2026-10-04T00:05:36Z
2024-03-25T02:30:00Z,2024-03-25T03:30,2024-03-25T03:45,15,46.57,46.57,,46.57,-1,DOWN,NO,NO,2026-10-04T00:05:36Z
2024-03-25T02:45:00Z,2024-03-25T03:45,2024-03-25T04:00,16,52.92,52.92,,52.92,-1,DOWN,NO,NO,2026-10-04T00:05:36Z
2024-03-25T03:00:00Z,2024-03-25T04:00,2024-03-25T04:15,17,56.69,56.69,,56.69,-1,DOWN,NO,NO,2026-10-04T00:05:36Z
2024-03-25T03:15:00Z,2024-03-25T04:15,2024-03-25T04:30,18,39.92,39.92,,39.92,-1,DOWN,NO,NO,2026-10-04T00:05:36Z
2024-03-25T03:30:00Z,2024-03-25T04:30,2024-03-25T04:45,19,52.92,52.92,,52.92,-1,DOWN,NO,NO,2026-10-04T00:05:36Z
2024-03-25T03:45:00Z,2024-03-25T04:45,2024-03-25T05:00,20,38.57,38.57,,38.57,-1,DOWN,NO,NO,2026-10-04T00:05:36Z
2024-03-25T04:00:00Z,2024-03-25T05:00,2024-03-25T05:15,21,75.92,53.56,75.92,53.56,2,UP_AND_DOWN,NO,NO,2026-10-04T00:05:36Z
2024-03-25T04:15:00Z,2024-03-25T05:15,2024-03-25T05:30,22,67.96,67.96,67.96,,1,UP,NO,NO,2026-10-04T00:05:36Z
2024-03-25T04:30:00Z,2024-03-25T05:30,2024-03-25T05:45,23,75.92,75.92,75.92,,1,UP,NO,NO,2026-10-04T00:05:36Z
2024-03-25T04:45:00Z,2024-03-25T05:45,2024-03-25T06:00,24,72.96,72.96,72.96,,1,UP,NO,NO,2026-10-04T00:05:36Z
2024-03-25T05:00:00Z,2024-03-25T06:00,2024-03-25T06:15,25,81.48,81.48,81.48,,1,UP,NO,NO,2026-10-04T00:05:36Z
2024-03-25T05:15:00Z,2024-03-25T06:15,2024-03-25T06:30,26,77.84,77.84,77.84,,1,UP,NO,NO,2026-10-04T00:05:36Z
2024-03-25T05:30:00Z,2024-03-25T06:30,2024-03-25T06:45,27,75.48,75.48,75.48,,1,UP,NO,NO,2026-10-04T00:05:36Z
2024-03-25T05:45:00Z,2024-03-25T06:45,2024-03-25T07:00,28,75.48,75.48,75.48,,1,UP,NO,NO,2026-10-04T00:05:36Z
2024-03-25T06:00:00Z,2024-03-25T07:00,2024-03-25T07:15,29,69.23,69.23,,,0,STABLE,NO,NO,2026-10-04T00:05:36Z
2024-03-25T06:15:00Z,2024-03-25T07:15,2024-03-25T07:30,30,69.92,69.92,,69.92,-1,DOWN,NO,NO,2026-10-04T00:05:36Z
2024-03-25T06:30:00Z,2024-03-25T07:30,2024-03-25T07:45,31,53.69,53.69,,53.69,-1,DOWN,NO,NO,2026-10-04T00:05:36Z
2024-03-25T06:45:00Z,2024-03-25T07:45,2024-03-25T08:00,32,-1000,-1000,,-1000,-1,DOWN,NO,NO,2026-10-04T00:05:36Z
2024-03-25T07:00:00Z,2024-03-25T08:00,2024-03-25T08:15,33,54.66,54.66,,54.66,-1,DOWN,NO,NO,2026-10-04T00:05:36Z
2024-03-25T07:15:00Z,2024-03-25T08:15,2024-03-25T08:30,34,39.48,39.48,,39.48,-1,DOWN,NO,NO,2026-10-04T00:05:36Z
2024-03-25T07:30:00Z,2024-03-25T08:30,2024-03-25T08:45,35,30.48,30.48,,30.48,-1,DOWN,NO,NO,2026-10-04T00:05:36Z
2024-03-25T07:45:00Z,2024-03-25T08:45,2024-03-25T09:00,36,9.14,9.14,,9.14,-1,DOWN,NO,NO,2026-10-04T00:05:36Z
2024-03-25T08:00:00Z,2024-03-25T09:00,2024-03-25T09:15,37,36.57,36.57,,36.57,-1,DOWN,NO,NO,2026-10-04T00:05:36Z
2024-03-25T08:15:00Z,2024-03-25T09:15,2024-03-25T09:30,38,-93.85,-93.85,,-93.85,-1,DOWN,NO,NO,2026-10-04T00:05:36Z
2024-03-25T08:30:00Z,2024-03-25T09:30,2024-03-25T09:45,39,-1000,-1000,,-1000,-1,DOWN,NO,NO,2026-10-04T00:05:36Z
2024-03-25T08:45:00Z,2024-03-25T09:45,2024-03-25T10:00,40,30.48,30.48,,30.48,-1,DOWN,NO,NO,2026-10-04T00:05:36Z
2024-03-25T09:00:00Z,2024-03-25T10:00,2024-03-25T10:15,41,-10,-10,,-10,-1,DOWN,NO,NO,2026-10-04T00:05:36Z
2024-03-25T09:15:00Z,2024-03-25T10:15,2024-03-25T10:30,42,63.17,63.17,,63.17,-1,DOWN,NO,NO,2026-10-04T00:05:36Z
2024-03-25T09:30:00Z,2024-03-25T10:30,2024-03-25T10:45,43,36.57,36.57,,36.57,-1,DOWN,NO,NO,2026-10-04T00:05:36Z
2024-03-25T09:45:00Z,2024-03-25T10:45,2024-03-25T11:00,44,-103.04,-103.04,,-103.04,-1,DOWN,NO,NO,2026-10-04T00:05:36Z
2024-03-25T10:00:00Z,2024-03-25T11:00,2024-03-25T11:15,45,36.57,36.57,,36.57,-1,DOWN,NO,NO,2026-10-04T00:05:36Z
2024-03-25T10:15:00Z,2024-03-25T11:15,2024-03-25T11:30,46,-10,-10,,-10,-1,DOWN,NO,NO,2026-10-04T00:05:36Z
2024-03-25T10:30:00Z,2024-03-25T11:30,2024-03-25T11:45,47,-452.43,-452.43,,-452.43,-1,DOWN,NO,NO,2026-10-04T00:05:36Z
2024-03-25T10:45:00Z,2024-03-25T11:45,2024-03-25T12:00,48,-225.05,-225.05,,-225.05,-1,DOWN,NO,NO,2026-10-04T00:05:36Z
2024-03-25T11:00:00Z,2024-03-25T12:00,2024-03-25T12:15,49,-228.89,-228.89,,-228.89,-1,DOWN,NO,NO,2026-10-04T00:05:36Z
2024-03-25T11:15:00Z,2024-03-25T12:15,2024-03-25T12:30,50,-1000,-1000,,-1000,-1,DOWN,NO,NO,2026-10-04T00:05:36Z
2024-03-25T11:30:00Z,2024-03-25T12:30,2024-03-25T12:45,51,-1000,-1000,,-1000,-1,DOWN,NO,NO,2026-10-04T00:05:36Z
2024-03-25T11:45:00Z,2024-03-25T12:45,2024-03-25T13:00,52,-57.06,-57.06,,-57.06,-1,DOWN,NO,NO,2026-10-04T00:05:36Z
2024-03-25T12:00:00Z,2024-03-25T13:00,2024-03-25T13:15,53,30.48,30.48,,30.48,-1,DOWN,NO,NO,2026-10-04T00:05:36Z
2024-03-25T12:15:00Z,2024-03-25T13:15,2024-03-25T13:30,54,45.48,45.48,,45.48,-1,DOWN,NO,NO,2026-10-04T00:05:36Z
2024-03-25T12:30:00Z,2024-03-25T13:30,2024-03-25T13:45,55,61.82,61.82,,,0,STABLE,NO,NO,2026-10-04T00:05:36Z
2024-03-25T12:45:00Z,2024-03-25T13:45,2024-03-25T14:00,56,61.29,61.29,,,0,STABLE,NO,NO,2026-10-04T00:05:36Z
2024-03-25T13:00:00Z,2024-03-25T14:00,2024-03-25T14:15,57,59.09,59.09,,,0,STABLE,NO,NO,2026-10-04T00:05:36Z
2024-03-25T13:15:00Z,2024-03-25T14:15,2024-03-25T14:30,58,40.57,40.57,,40.57,-1,DOWN,NO,NO,2026-10-04T00:05:36Z
2024-03-25T13:30:00Z,2024-03-25T14:30,2024-03-25T14:45,59,6.57,6.57,,6.57,-1,DOWN,NO,NO,2026-10-04T00:05:36Z
2024-03-25T13:45:00Z,2024-03-25T14:45,2024-03-25T15:00,60,5.48,5.48,,5.48,-1,DOWN,NO,NO,2026-10-04T00:05:36Z
2024-03-25T14:00:00Z,2024-03-25T15:00,2024-03-25T15:15,61,36.57,36.57,,36.57,-1,DOWN,NO,NO,2026-10-04T00:05:36Z
2024-03-25T14:15:00Z,2024-03-25T15:15,2024-03-25T15:30,62,18.57,18.57,,18.57,-1,DOWN,NO,NO,2026-10-04T00:05:36Z
2024-03-25T14:30:00Z,2024-03-25T15:30,2024-03-25T15:45,63,-10,-10,,-10,-1,DOWN,NO,NO,2026-10-04T00:05:36Z
2024-03-25T14:45:00Z,2024-03-25T15:45,2024-03-25T16:00,64,65.7,32.48,65.7,32.48,2,UP_AND_DOWN,NO,NO,2026-10-04T00:05:36Z
2024-03-25T15:00:00Z,2024-03-25T16:00,2024-03-25T16:15,65,25.67,25.67,,25.67,-1,DOWN,NO,NO,2026-10-04T00:05:36Z
2024-03-25T15:15:00Z,2024-03-25T16:15,2024-03-25T16:30,66,68.62,36.57,68.62,36.57,2,UP_AND_DOWN,NO,NO,2026-10-04T00:05:36Z
2024-03-25T15:30:00Z,2024-03-25T16:30,2024-03-25T16:45,67,64.69,64.69,68.62,64.69,-1,DOWN,NO,NO,2026-10-04T00:05:36Z
2024-03-25T15:45:00Z,2024-03-25T16:45,2024-03-25T17:00,68,48.57,48.57,,48.57,-1,DOWN,NO,NO,2026-10-04T00:05:36Z
2024-03-25T16:00:00Z,2024-03-25T17:00,2024-03-25T17:15,69,6.57,6.57,,6.57,-1,DOWN,NO,NO,2026-10-04T00:05:36Z
2024-03-25T16:15:00Z,2024-03-25T17:15,2024-03-25T17:30,70,80.41,80.41,80.41,6.57,1,UP,NO,NO,2026-10-04T00:05:36Z
2024-03-25T16:30:00Z,2024-03-25T17:30,2024-03-25T17:45,71,75.41,75.41,75.41,,1,UP,NO,NO,2026-10-04T00:05:36Z
2024-03-25T16:45:00Z,2024-03-25T17:45,2024-03-25T18:00,72,76.06,76.06,76.06,,1,UP,NO,NO,2026-10-04T00:05:36Z
2024-03-25T17:00:00Z,2024-03-25T18:00,2024-03-25T18:15,73,81,66.69,81,66.69,2,UP_AND_DOWN,NO,NO,2026-10-04T00:05:36Z
2024-03-25T17:15:00Z,2024-03-25T18:15,2024-03-25T18:30,74,71.67,71.67,,71.67,-1,DOWN,NO,NO,2026-10-04T00:05:36Z
2024-03-25T17:30:00Z,2024-03-25T18:30,2024-03-25T18:45,75,73.34,73.34,,,0,STABLE,NO,NO,2026-10-04T00:05:36Z
2024-03-25T17:45:00Z,2024-03-25T18:45,2024-03-25T19:00,76,73.34,73.34,75.42,,0,STABLE,NO,NO,2026-10-04T00:05:36Z
2024-03-25T18:00:00Z,2024-03-25T19:00,2024-03-25T19:15,77,1887.1,1887.1,1887.1,,1,UP,NO,NO,2026-10-04T00:05:36Z
2024-03-25T18:15:00Z,2024-03-25T19:15,2024-03-25T19:30,78,71.66,71.66,1887.1,71.66,-1,DOWN,NO,NO,2026-10-04T00:05:36Z
2024-03-25T18:30:00Z,2024-03-25T19:30,2024-03-25T19:45,79,45.48,45.48,,45.48,-1,DOWN,NO,NO,2026-10-04T00:05:36Z
2024-03-25T18:45:00Z,2024-03-25T19:45,2024-03-25T20:00,80,41.79,41.79,,41.79,-1,DOWN,NO,NO,2026-10-04T00:05:36Z
2024-03-25T19:00:00Z,2024-03-25T20:00,2024-03-25T20:15,81,68.09,68.09,,41.79,0,STABLE,NO,NO,2026-10-04T00:05:36Z
2024-03-25T19:15:00Z,2024-03-25T20:15,2024-03-25T20:30,82,56.61,56.61,,56.61,-1,DOWN,NO,NO,2026-10-04T00:05:36Z
2024-03-25T19:30:00Z,2024-03-25T20:30,2024-03-25T20:45,83,60.62,60.62,,60.62,-1,DOWN,NO,NO,2026-10-04T00:05:36Z
2024-03-25T19:45:00Z,2024-03-25T20:45,2024-03-25T21:00,84,68.09,68.09,,60.62,0,STABLE,NO,NO,2026-10-04T00:05:36Z
2024-03-25T20:00:00Z,2024-03-25T21:00,2024-03-25T21:15,85,81.48,81.48,81.48,,1,UP,NO,NO,2026-10-04T00:05:36Z
2024-03-25T20:15:00Z,2024-03-25T21:15,2024-03-25T21:30,86,1887.1,1887.1,1887.1,,1,UP,NO,NO,2026-10-04T00:05:36Z
2024-03-25T20:30:00Z,2024-03-25T21:30,2024-03-25T21:45,87,68.09,68.09,1887.1,,0,STABLE,NO,NO,2026-10-04T00:05:36Z
2024-03-25T20:45:00Z,2024-03-25T21:45,2024-03-25T22:00,88,66.52,66.52,,,0,STABLE,NO,NO,2026-10-04T00:05:36Z
2024-03-25T21:00:00Z,2024-03-25T22:00,2024-03-25T22:15,89,46.57,46.57,,46.57,-1,DOWN,NO,NO,2026-10-04T00:05:36Z
2024-03-25T21:15:00Z,2024-03-25T22:15,2024-03-25T22:30,90,39.48,39.48,,39.48,-1,DOWN,NO,NO,2026-10-04T00:05:36Z
2024-03-25T21:30:00Z,2024-03-25T22:30,2024-03-25T22:45,91,46.57,46.57,,46.57,-1,DOWN,NO,NO,2026-10-04T00:05:36Z
2024-03-25T21:45:00Z,2024-03-25T22:45,2024-03-25T23:00,92,-73.33,-73.33,,-73.33,-1,DOWN,NO,NO,2026-10-04T00:05:36Z
2024-03-25T22:00:00Z,2024-03-25T23:00,2024-03-25T23:15,93,-290.41,-290.41,,-290.41,-1,DOWN,NO,NO,2026-10-04T00:05:36Z
2024-03-25T22:15:00Z,2024-03-25T23:15,2024-03-25T23:30,94,-299.27,-299.27,,-299.27,-1,DOWN,NO,NO,2026-10-04T00:05:36Z
2024-03-25T22:30:00Z,2024-03-25T23:30,2024-03-25T23:45,95,-40,-40,,-40,-1,DOWN,NO,NO,2026-10-04T00:05:36Z
2024-03-25T22:45:00Z,2024-03-25T23:45,2024-03-26T00:00,96,-10,-10,,-10,-1,DOWN,NO,NO,2026-10-04T00:05:36Z
2024-03-25T23:00:00Z,2024-03-26T00:00,2024-03-26T00:15,1,54.48,54.48,,54.48,-1,DOWN,NO,NO,2026-10-04T00:05:36Z
2024-03-25T23:15:00Z,2024-03-26T00:15,2024-03-26T00:30,2,58.95,58.95,,,0,STABLE,NO,NO,2026-10-04T00:05:36Z
2024-03-25T23:30:00Z,2024-03-26T00:30,2024-03-26T00:45,3,56.48,56.48,,56.48,-1,DOWN,NO,NO,2026-10-04T00:05:36Z
2024-03-25T23:45:00Z,2024-03-26T00:45,2024-03-26T01:00,4,36.57,36.57,,36.57,-1,DOWN,NO,NO,2026-10-04T00:05:36Z
2024-03-26T00:00:00Z,2024-03-26T01:00,2024-03-26T01:15,5,68.48,26.57,68.48,26.57,2,UP_AND_DOWN,NO,NO,2026-10-04T00:05:36Z
2024-03-26T00:15:00Z,2024-03-26T01:15,2024-03-26T01:30,6,45.48,45.48,,45.48,-1,DOWN,NO,NO,2026-10-04T00:05:36Z
2024-03-26T00:30:00Z,2024-03-26T01:30,2024-03-26T01:45,7,47.39,47.39,,47.39,-1,DOWN,NO,NO,2026-10-04T00:05:36Z
2024-03-26T00:45:00Z,2024-03-26T01:45,2024-03-26T02:00,8,45.48,45.48,,45.48,-1,DOWN,NO,NO,2026-10-04T00:05:36Z
2024-03-26T01:00:00Z,2024-03-26T02:00,2024-03-26T02:15,9,45.48,45.48,,45.48,-1,DOWN,NO,NO,2026-10-04T00:05:36Z
2024-03-26T01:15:00Z,2024-03-26T02:15,2024-03-26T02:30,10,70.05,70.05,,,0,STABLE,NO,NO,2026-10-04T00:05:36Z
2024-03-26T01:30:00Z,2024-03-26T02:30,2024-03-26T02:45,11,50.57,50.57,,50.57,-1,DOWN,NO,NO,2026-10-04T00:05:36Z
2024-03-26T01:45:00Z,2024-03-26T02:45,2024-03-26T03:00,12,49.4,49.4,,49.4,-1,DOWN,NO,NO,2026-10-04T00:05:36Z
2024-03-26T02:00:00Z,2024-03-26T03:00,2024-03-26T03:15,13,64.07,64.07,,64.07,-1,DOWN,NO,NO,2026-10-04T00:05:36Z
2024-03-26T02:15:00Z,2024-03-26T03:15,2024-03-26T03:30,14,68.18,68.18,,,0,STABLE,NO,NO,2026-10-04T00:05:36Z
2024-03-26T02:30:00Z,2024-03-26T03:30,2024-03-26T03:45,15,68.18,68.18,,,0,STABLE,NO,NO,2026-10-04T00:05:36Z
2024-03-26T02:45:00Z,2024-03-26T03:45,2024-03-26T04:00,16,68.18,68.18,64.66,,0,STABLE,NO,NO,2026-10-04T00:05:36Z
2024-03-26T03:00:00Z,2024-03-26T04:00,2024-03-26T04:15,17,68.18,68.18,64.66,,0,STABLE,NO,NO,2026-10-04T00:05:36Z
2024-03-26T03:15:00Z,2024-03-26T04:15,2024-03-26T04:30,18,68.18,68.18,,,0,STABLE,NO,NO,2026-10-04T00:05:36Z
2024-03-26T03:30:00Z,2024-03-26T04:30,2024-03-26T04:45,19,75.31,75.31,75.31,,1,UP,NO,NO,2026-10-04T00:05:36Z
2024-03-26T03:45:00Z,2024-03-26T04:45,2024-03-26T05:00,20,70.31,70.31,70.31,,1,UP,NO,NO,2026-10-04T00:05:36Z
2024-03-26T04:00:00Z,2024-03-26T05:00,2024-03-26T05:15,21,70.31,70.31,70.31,,1,UP,NO,NO,2026-10-04T00:05:36Z
2024-03-26T04:15:00Z,2024-03-26T05:15,2024-03-26T05:30,22,77.65,77.65,77.65,,1,UP,NO,NO,2026-10-04T00:05:36Z
2024-03-26T04:30:00Z,2024-03-26T05:30,2024-03-26T05:45,23,75.48,75.48,75.48,,1,UP,NO,NO,2026-10-04T00:05:36Z
2024-03-26T04:45:00Z,2024-03-26T05:45,2024-03-26T06:00,24,90.48,90.48,90.48,,1,UP,NO,NO,2026-10-04T00:05:36Z
2024-03-26T05:00:00Z,2024-03-26T06:00,2024-03-26T06:15,25,83.79,67.69,83.79,67.69,2,UP_AND_DOWN,NO,NO,2026-10-04T00:05:36Z
2024-03-26T05:15:00Z,2024-03-26T06:15,2024-03-26T06:30,26,72.29,72.29,72.29,,1,UP,NO,NO,2026-10-04T00:05:36Z
2024-03-26T05:30:00Z,2024-03-26T06:30,2024-03-26T06:45,27,72.05,72.05,72.05,,1,UP,NO,NO,2026-10-04T00:05:36Z
2024-03-26T05:45:00Z,2024-03-26T06:45,2024-03-26T07:00,28,92.79,92.79,92.79,,1,UP,NO,NO,2026-10-04T00:05:36Z
2024-03-26T06:00:00Z,2024-03-26T07:00,2024-03-26T07:15,29,59.69,59.69,74.28,59.69,-1,DOWN,NO,NO,2026-10-04T00:05:36Z
2024-03-26T06:15:00Z,2024-03-26T07:15,2024-03-26T07:30,30,59.69,59.69,,59.69,-1,DOWN,NO,NO,2026-10-04T00:05:36Z
2024-03-26T06:30:00Z,2024-03-26T07:30,2024-03-26T07:45,31,79.69,79.69,79.69,,1,UP,NO,NO,2026-10-04T00:05:36Z
2024-03-26T06:45:00Z,2024-03-26T07:45,2024-03-26T08:00,32,79.98,79.98,79.98,,1,UP,NO,NO,2026-10-04T00:05:36Z
2024-03-26T07:00:00Z,2024-03-26T08:00,2024-03-26T08:15,33,73.27,73.27,73.27,,1,UP,NO,NO,2026-10-04T00:05:36Z
2024-03-26T07:15:00Z,2024-03-26T08:15,2024-03-26T08:30,34,68.2,68.2,,,0,STABLE,NO,NO,2026-10-04T00:05:36Z
2024-03-26T07:30:00Z,2024-03-26T08:30,2024-03-26T08:45,35,77.79,77.79,77.79,,1,UP,NO,NO,2026-10-04T00:05:36Z
2024-03-26T07:45:00Z,2024-03-26T08:45,2024-03-26T09:00,36,95.24,95.24,95.24,,1,UP,NO,NO,2026-10-04T00:05:36Z
2024-03-26T08:00:00Z,2024-03-26T09:00,2024-03-26T09:15,37,1887.1,36.57,1887.1,36.57,2,UP_AND_DOWN,NO,NO,2026-10-04T00:05:36Z
2024-03-26T08:15:00Z,2024-03-26T09:15,2024-03-26T09:30,38,92.06,92.06,92.06,63.57,1,UP,NO,NO,2026-10-04T00:05:36Z
2024-03-26T08:30:00Z,2024-03-26T09:30,2024-03-26T09:45,39,1887.1,1887.1,1887.1,,1,UP,NO,NO,2026-10-04T00:05:36Z
2024-03-26T08:45:00Z,2024-03-26T09:45,2024-03-26T10:00,40,95.2,95.2,95.2,,1,UP,NO,NO,2026-10-04T00:05:36Z
2024-03-26T09:00:00Z,2024-03-26T10:00,2024-03-26T10:15,41,1887.1,1887.1,1887.1,,1,UP,NO,NO,2026-10-04T00:05:36Z
2024-03-26T09:15:00Z,2024-03-26T10:15,2024-03-26T10:30,42,1887.1,1887.1,1887.1,,1,UP,NO,NO,2026-10-04T00:05:36Z
2024-03-26T09:30:00Z,2024-03-26T10:30,2024-03-26T10:45,43,1887.1,1887.1,1887.1,,1,UP,NO,NO,2026-10-04T00:05:36Z
2024-03-26T09:45:00Z,2024-03-26T10:45,2024-03-26T11:00,44,116.2,116.2,116.2,,1,UP,NO,NO,2026-10-04T00:05:36Z
2024-03-26T10:00:00Z,2024-03-26T11:00,2024-03-26T11:15,45,77.02,56.16,77.02,56.16,2,UP_AND_DOWN,NO,NO,2026-10-04T00:05:36Z
2024-03-26T10:15:00Z,2024-03-26T11:15,2024-03-26T11:30,46,92.02,92.02,92.02,,1,UP,NO,NO,2026-10-04T00:05:36Z
2024-03-26T10:30:00Z,2024-03-26T11:30,2024-03-26T11:45,47,95.3,95.3,95.3,,1,UP,NO,NO,2026-10-04T00:05:36Z
2024-03-26T10:45:00Z,2024-03-26T11:45,2024-03-26T12:00,48,73.1,45.08,73.1,45.08,2,UP_AND_DOWN,NO,NO,2026-10-04T00:05:36Z
2024-03-26T11:00:00Z,2024-03-26T12:00,2024-03-26T12:15,49,169.29,16.57,169.29,16.57,2,UP_AND_DOWN,NO,NO,2026-10-04T00:05:36Z
2024-03-26T11:15:00Z,2024-03-26T12:15,2024-03-26T12:30,50,95.5,95.5,95.5,,1,UP,NO,NO,2026-10-04T00:05:36Z
2024-03-26T11:30:00Z,2024-03-26T12:30,2024-03-26T12:45,51,63.48,16.57,63.46,16.57,2,UP_AND_DOWN,NO,NO,2026-10-04T00:05:36Z
2024-03-26T11:45:00Z,2024-03-26T12:45,2024-03-26T13:00,52,95.3,16.57,95.3,16.57,2,UP_AND_DOWN,NO,NO,2026-10-04T00:05:36Z
2024-03-26T12:00:00Z,2024-03-26T13:00,2024-03-26T13:15,53,1887.1,26.57,1887.1,26.57,2,UP_AND_DOWN,NO,NO,2026-10-04T00:05:36Z
2024-03-26T12:15:00Z,2024-03-26T13:15,2024-03-26T13:30,54,109.3,-6.43,109.3,-6.43,2,UP_AND_DOWN,NO,NO,2026-10-04T00:05:36Z
2024-03-26T12:30:00Z,2024-03-26T13:30,2024-03-26T13:45,55,113.39,113.39,113.39,,1,UP,NO,NO,2026-10-04T00:05:36Z
2024-03-26T12:45:00Z,2024-03-26T13:45,2024-03-26T14:00,56,95.2,95.2,95.2,,1,UP,NO,NO,2026-10-04T00:05:36Z
2024-03-26T13:00:00Z,2024-03-26T14:00,2024-03-26T14:15,57,59.06,59.06,95.2,59.06,-1,DOWN,NO,NO,2026-10-04T00:05:36Z
2024-03-26T13:15:00Z,2024-03-26T14:15,2024-03-26T14:30,58,98.16,98.16,98.16,,1,UP,NO,NO,2026-10-04T00:05:36Z
2024-03-26T13:30:00Z,2024-03-26T14:30,2024-03-26T14:45,59,165.5,165.5,165.5,,1,UP,NO,NO,2026-10-04T00:05:36Z
2024-03-26T13:45:00Z,2024-03-26T14:45,2024-03-26T15:00,60,315.5,315.5,315.5,,1,UP,NO,NO,2026-10-04T00:05:36Z
2024-03-26T14:00:00Z,2024-03-26T15:00,2024-03-26T15:15,61,92.79,80.82,92.79,98.17,2,UP_AND_DOWN,NO,NO,2026-10-04T00:05:36Z
2024-03-26T14:15:00Z,2024-03-26T15:15,2024-03-26T15:30,62,87.4,87.4,87.4,,1,UP,NO,NO,2026-10-04T00:05:36Z
2024-03-26T14:30:00Z,2024-03-26T15:30,2024-03-26T15:45,63,1887.1,1887.1,1887.1,,1,UP,NO,NO,2026-10-04T00:05:36Z
2024-03-26T14:45:00Z,2024-03-26T15:45,2024-03-26T16:00,64,130.1,25.93,130.1,25.93,2,UP_AND_DOWN,NO,NO,2026-10-04T00:05:36Z
2024-03-26T15:00:00Z,2024-03-26T16:00,2024-03-26T16:15,65,70.5,16.57,70.5,16.57,2,UP_AND_DOWN,NO,NO,2026-10-04T00:05:36Z
2024-03-26T15:15:00Z,2024-03-26T16:15,2024-03-26T16:30,66,70.5,59.91,70.5,59.91,2,UP_AND_DOWN,NO,NO,2026-10-04T00:05:36Z
2024-03-26T15:30:00Z,2024-03-26T16:30,2024-03-26T16:45,67,95.4,-54,95.4,-54,2,UP_AND_DOWN,NO,NO,2026-10-04T00:05:36Z
2024-03-26T15:45:00Z,2024-03-26T16:45,2024-03-26T17:00,68,119.16,-497.43,119.16,-497.43,2,UP_AND_DOWN,NO,NO,2026-10-04T00:05:36Z
2024-03-26T16:00:00Z,2024-03-26T17:00,2024-03-26T17:15,69,83.92,70.58,83.92,70.58,2,UP_AND_DOWN,NO,NO,2026-10-04T00:05:36Z
2024-03-26T16:15:00Z,2024-03-26T17:15,2024-03-26T17:30,70,69.08,69.08,,69.08,-1,DOWN,NO,NO,2026-10-04T00:05:36Z
2024-03-26T16:30:00Z,2024-03-26T17:30,2024-03-26T17:45,71,51.73,51.73,,51.73,-1,DOWN,NO,NO,2026-10-04T00:05:36Z
2024-03-26T16:45:00Z,2024-03-26T17:45,2024-03-26T18:00,72,68.83,68.83,,,0,STABLE,NO,NO,2026-10-04T00:05:36Z
2024-03-26T17:00:00Z,2024-03-26T18:00,2024-03-26T18:15,73,49.13,49.13,,49.13,-1,DOWN,NO,NO,2026-10-04T00:05:36Z
2024-03-26T17:15:00Z,2024-03-26T18:15,2024-03-26T18:30,74,69.08,69.08,,69.08,-1,DOWN,NO,NO,2026-10-04T00:05:36Z
2024-03-26T17:30:00Z,2024-03-26T18:30,2024-03-26T18:45,75,70.33,70.33,,,0,STABLE,NO,NO,2026-10-04T00:05:36Z
2024-03-26T17:45:00Z,2024-03-26T18:45,2024-03-26T19:00,76,138.6,138.6,138.6,,1,UP,NO,NO,2026-10-04T00:05:36Z
2024-03-26T18:00:00Z,2024-03-26T19:00,2024-03-26T19:15,77,390.3,390.3,390.3,,1,UP,NO,NO,2026-10-04T00:05:36Z
2024-03-26T18:15:00Z,2024-03-26T19:15,2024-03-26T19:30,78,72.02,72.02,72.02,,1,UP,NO,NO,2026-10-04T00:05:36Z
2024-03-26T18:30:00Z,2024-03-26T19:30,2024-03-26T19:45,79,70.18,70.18,72.02,,0,STABLE,NO,NO,2026-10-04T00:05:36Z
2024-03-26T18:45:00Z,2024-03-26T19:45,2024-03-26T20:00,80,62.63,62.63,,62.63,-1,DOWN,NO,NO,2026-10-04T00:05:36Z
2024-03-26T19:00:00Z,2024-03-26T20:00,2024-03-26T20:15,81,82.02,82.02,82.02,,1,UP,NO,NO,2026-10-04T00:05:36Z
2024-03-26T19:15:00Z,2024-03-26T20:15,2024-03-26T20:30,82,54.42,54.42,,54.42,-1,DOWN,NO,NO,2026-10-04T00:05:36Z
2024-03-26T19:30:00Z,2024-03-26T20:30,2024-03-26T20:45,83,55.6,55.6,,55.6,-1,DOWN,NO,NO,2026-10-04T00:05:36Z
2024-03-26T19:45:00Z,2024-03-26T20:45,2024-03-26T21:00,84,62.63,62.63,,62.63,-1,DOWN,NO,NO,2026-10-04T00:05:36Z
2024-03-26T20:00:00Z,2024-03-26T21:00,2024-03-26T21:15,85,92.52,92.52,92.52,62.63,1,UP,NO,NO,2026-10-04T00:05:36Z
2024-03-26T20:15:00Z,2024-03-26T21:15,2024-03-26T21:30,86,90.02,90.02,90.02,,1,UP,NO,NO,2026-10-04T00:05:36Z
2024-03-26T20:30:00Z,2024-03-26T21:30,2024-03-26T21:45,87,62.63,62.63,72,62.63,-1,DOWN,NO,NO,2026-10-04T00:05:36Z
2024-03-26T20:45:00Z,2024-03-26T21:45,2024-03-26T22:00,88,36.57,36.57,,36.57,-1,DOWN,NO,NO,2026-10-04T00:05:36Z
2024-03-26T21:00:00Z,2024-03-26T22:00,2024-03-26T22:15,89,1887.1,1887.1,1887.1,16.57,1,UP,NO,NO,2026-10-04T00:05:36Z
2024-03-26T21:15:00Z,2024-03-26T22:15,2024-03-26T22:30,90,52.1,52.1,129.4,52.1,-1,DOWN,NO,NO,2026-10-04T00:05:36Z
2024-03-26T21:30:00Z,2024-03-26T22:30,2024-03-26T22:45,91,64.13,64.13,,64.13,-1,DOWN,NO,NO,2026-10-04T00:05:36Z
2024-03-26T21:45:00Z,2024-03-26T22:45,2024-03-26T23:00,92,56.1,56.1,,56.1,-1,DOWN,NO,NO,2026-10-04T00:05:36Z
2024-03-26T22:00:00Z,2024-03-26T23:00,2024-03-26T23:15,93,92.02,46.57,92.02,46.57,2,UP_AND_DOWN,NO,NO,2026-10-04T00:05:36Z
2024-03-26T22:15:00Z,2024-03-26T23:15,2024-03-26T23:30,94,82.34,82.34,82.34,,1,UP,NO,NO,2026-10-04T00:05:36Z
2024-03-26T22:30:00Z,2024-03-26T23:30,2024-03-26T23:45,95,77.34,77.34,77.34,,1,UP,NO,NO,2026-10-04T00:05:36Z
2024-03-26T22:45:00Z,2024-03-26T23:45,2024-03-27T00:00,96,-60.82,-60.82,,-60.82,-1,DOWN,NO,NO,2026-10-04T00:05:36Z
2024-03-26T23:00:00Z,2024-03-27T00:00,2024-03-27T00:15,1,77.02,3.35,77.02,3.35,2,UP_AND_DOWN,NO,NO,2026-10-04T00:05:36Z
2024-03-26T23:15:00Z,2024-03-27T00:15,2024-03-27T00:30,2,59.44,59.44,,,0,STABLE,NO,NO,2026-10-04T00:05:36Z
2024-03-26T23:30:00Z,2024-03-27T00:30,2024-03-27T00:45,3,59.4,59.4,,,0,STABLE,NO,NO,2026-10-04T00:05:36Z
2024-03-26T23:45:00Z,2024-03-27T00:45,2024-03-27T01:00,4,26.57,26.57,,26.57,-1,DOWN,NO,NO,2026-10-04T00:05:36Z
2024-03-27T00:00:00Z,2024-03-27T01:00,2024-03-27T01:15,5,98.6,54.82,98.6,54.82,2,UP_AND_DOWN,NO,NO,2026-10-04T00:05:36Z
2024-03-27T00:15:00Z,2024-03-27T01:15,2024-03-27T01:30,6,89.69,89.69,89.69,,1,UP,NO,NO,2026-10-04T00:05:36Z
2024-03-27T00:30:00Z,2024-03-27T01:30,2024-03-27T01:45,7,65.43,65.43,65.43,,1,UP,NO,NO,2026-10-04T00:05:36Z
2024-03-27T00:45:00Z,2024-03-27T01:45,2024-03-27T02:00,8,-38,-38,,-38,-1,DOWN,NO,NO,2026-10-04T00:05:36Z
2024-03-27T01:00:00Z,2024-03-27T02:00,2024-03-27T02:15,9,94.16,-98.82,94.16,-98.82,2,UP_AND_DOWN,NO,NO,2026-10-04T00:05:36Z
2024-03-27T01:15:00Z,2024-03-27T02:15,2024-03-27T02:30,10,74.17,-162.92,74.17,-162.92,2,UP_AND_DOWN,NO,NO,2026-10-04T00:05:36Z
2024-03-27T01:30:00Z,2024-03-27T02:30,2024-03-27T02:45,11,77.82,-166.73,77.82,-166.73,2,UP_AND_DOWN,NO,NO,2026-10-04T00:05:36Z
2024-03-27T01:45:00Z,2024-03-27T02:45,2024-03-27T03:00,12,-188.15,-188.15,,-188.15,-1,DOWN,NO,NO,2026-10-04T00:05:36Z
2024-03-27T02:00:00Z,2024-03-27T03:00,2024-03-27T03:15,13,-83.77,-83.77,,-83.77,-1,DOWN,NO,NO,2026-10-04T00:05:36Z
2024-03-27T02:15:00Z,2024-03-27T03:15,2024-03-27T03:30,14,-98.82,-98.82,,-98.82,-1,DOWN,NO,NO,2026-10-04T00:05:36Z
2024-03-27T02:30:00Z,2024-03-27T03:30,2024-03-27T03:45,15,-268.25,-268.25,,-268.25,-1,DOWN,NO,NO,2026-10-04T00:05:36Z
2024-03-27T02:45:00Z,2024-03-27T03:45,2024-03-27T04:00,16,-201.36,-201.36,,-201.36,-1,DOWN,NO,NO,2026-10-04T00:05:36Z
2024-03-27T03:00:00Z,2024-03-27T04:00,2024-03-27T04:15,17,64.22,-268.63,64.22,-268.63,2,UP_AND_DOWN,NO,NO,2026-10-04T00:05:36Z
2024-03-27T03:15:00Z,2024-03-27T04:15,2024-03-27T04:30,18,64.22,-111.27,64.22,-111.27,2,UP_AND_DOWN,NO,NO,2026-10-04T00:05:36Z
2024-03-27T03:30:00Z,2024-03-27T04:30,2024-03-27T04:45,19,69.44,-40,69.44,-40,2,UP_AND_DOWN,NO,NO,2026-10-04T00:05:36Z
2024-03-27T03:45:00Z,2024-03-27T04:45,2024-03-27T05:00,20,69.53,-38,69.53,-38,2,UP_AND_DOWN,NO,NO,2026-10-04T00:05:36Z
2024-03-27T04:00:00Z,2024-03-27T05:00,2024-03-27T05:15,21,-9.69,-9.69,65.14,-9.69,-1,DOWN,NO,NO,2026-10-04T00:05:36Z
2024-03-27T04:15:00Z,2024-03-27T05:15,2024-03-27T05:30,22,65.14,65.14,65.14,,1,UP,NO,NO,2026-10-04T00:05:36Z
2024-03-27T04:30:00Z,2024-03-27T05:30,2024-03-27T05:45,23,85.14,85.14,85.14,,1,UP,NO,NO,2026-10-04T00:05:36Z
2024-03-27T04:45:00Z,2024-03-27T05:45,2024-03-27T06:00,24,92.02,92.02,92.02,,1,UP,NO,NO,2026-10-04T00:05:36Z
2024-03-27T05:00:00Z,2024-03-27T06:00,2024-03-27T06:15,25,76.46,-109.58,76.46,-109.58,2,UP_AND_DOWN,NO,NO,2026-10-04T00:05:36Z
2024-03-27T05:15:00Z,2024-03-27T06:15,2024-03-27T06:30,26,92.02,-139.26,92.02,-139.26,2,UP_AND_DOWN,NO,NO,2026-10-04T00:05:36Z
2024-03-27T05:30:00Z,2024-03-27T06:30,2024-03-27T06:45,27,77.02,-4.43,77.02,-4.43,2,UP_AND_DOWN,NO,NO,2026-10-04T00:05:36Z
2024-03-27T05:45:00Z,2024-03-27T06:45,2024-03-27T07:00,28,-6.43,-6.43,,-6.43,-1,DOWN,NO,NO,2026-10-04T00:05:36Z
2024-03-27T06:00:00Z,2024-03-27T07:00,2024-03-27T07:15,29,89.67,-308.59,89.67,-308.59,2,UP_AND_DOWN,NO,NO,2026-10-04T00:05:36Z
2024-03-27T06:15:00Z,2024-03-27T07:15,2024-03-27T07:30,30,67.63,55.4,67.63,55.4,2,UP_AND_DOWN,NO,NO,2026-10-04T00:05:36Z
2024-03-27T06:30:00Z,2024-03-27T07:30,2024-03-27T07:45,31,77.99,77.99,77.99,,1,UP,NO,NO,2026-10-04T00:05:36Z
2024-03-27T06:45:00Z,2024-03-27T07:45,2024-03-27T08:00,32,116.4,116.4,116.4,,1,UP,NO,NO,2026-10-04T00:05:36Z
2024-03-27T07:00:00Z,2024-03-27T08:00,2024-03-27T08:15,33,165.4,165.4,165.4,,1,UP,NO,NO,2026-10-04T00:05:36Z
2024-03-27T07:15:00Z,2024-03-27T08:15,2024-03-27T08:30,34,106.9,106.9,106.9,,1,UP,NO,NO,2026-10-04T00:05:36Z
2024-03-27T07:30:00Z,2024-03-27T08:30,2024-03-27T08:45,35,16.57,16.57,106.9,16.57,-1,DOWN,NO,NO,2026-10-04T00:05:36Z
2024-03-27T07:45:00Z,2024-03-27T08:45,2024-03-27T09:00,36,-14.19,-14.19,,-14.19,-1,DOWN,NO,NO,2026-10-04T00:05:36Z
2024-03-27T08:00:00Z,2024-03-27T09:00,2024-03-27T09:15,37,-32.69,-32.69,,-32.69,-1,DOWN,NO,NO,2026-10-04T00:05:36Z
2024-03-27T08:15:00Z,2024-03-27T09:15,2024-03-27T09:30,38,-49.19,-49.19,,-49.19,-1,DOWN,NO,NO,2026-10-04T00:05:36Z
2024-03-27T08:30:00Z,2024-03-27T09:30,2024-03-27T09:45,39,-40.19,-40.19,,-40.19,-1,DOWN,NO,NO,2026-10-04T00:05:36Z
2024-03-27T08:45:00Z,2024-03-27T09:45,2024-03-27T10:00,40,-14.19,-14.19,,-14.19,-1,DOWN,NO,NO,2026-10-04T00:05:36Z
2024-03-27T09:00:00Z,2024-03-27T10:00,2024-03-27T10:15,41,36.57,36.57,,36.57,-1,DOWN,NO,NO,2026-10-04T00:05:36Z
2024-03-27T09:15:00Z,2024-03-27T10:15,2024-03-27T10:30,42,59.18,59.18,,59.18,-1,DOWN,NO,NO,2026-10-04T00:05:36Z
2024-03-27T09:30:00Z,2024-03-27T10:30,2024-03-27T10:45,43,10.69,10.69,,10.69,-1,DOWN,NO,NO,2026-10-04T00:05:36Z
2024-03-27T09:45:00Z,2024-03-27T10:45,2024-03-27T11:00,44,70.99,-12.29,70.99,-12.29,2,UP_AND_DOWN,NO,NO,2026-10-04T00:05:36Z
2024-03-27T10:00:00Z,2024-03-27T11:00,2024-03-27T11:15,45,95.5,-40,95.5,-40,2,UP_AND_DOWN,NO,NO,2026-10-04T00:05:36Z
2024-03-27T10:15:00Z,2024-03-27T11:15,2024-03-27T11:30,46,71.69,71.69,71.69,,1,UP,NO,NO,2026-10-04T00:05:36Z
2024-03-27T10:30:00Z,2024-03-27T11:30,2024-03-27T11:45,47,80.68,80.68,80.68,,1,UP,NO,NO,2026-10-04T00:05:36Z
2024-03-27T10:45:00Z,2024-03-27T11:45,2024-03-27T12:00,48,82.69,82.69,82.69,,1,UP,NO,NO,2026-10-04T00:05:36Z
2024-03-27T11:00:00Z,2024-03-27T12:00,2024-03-27T12:15,49,36.57,36.57,82.69,36.57,-1,DOWN,NO,NO,2026-10-04T00:05:36Z
2024-03-27T11:15:00Z,2024-03-27T12:15,2024-03-27T12:30,50,-10,-10,,-10,-1,DOWN,NO,NO,2026-10-04T00:05:36Z
2024-03-27T11:30:00Z,2024-03-27T12:30,2024-03-27T12:45,51,-40,-40,,-40,-1,DOWN,NO,NO,2026-10-04T00:05:36Z
2024-03-27T11:45:00Z,2024-03-27T12:45,2024-03-27T13:00,52,-133.75,-133.75,,-133.75,-1,DOWN,NO,NO,2026-10-04T00:05:36Z
2024-03-27T12:00:00Z,2024-03-27T13:00,2024-03-27T13:15,53,-194.06,-194.06,,-194.06,-1,DOWN,NO,NO,2026-10-04T00:05:36Z
2024-03-27T12:15:00Z,2024-03-27T13:15,2024-03-27T13:30,54,-492.12,-492.12,,-492.12,-1,DOWN,NO,NO,2026-10-04T00:05:36Z
2024-03-27T12:30:00Z,2024-03-27T13:30,2024-03-27T13:45,55,-143.26,-143.26,,-143.26,-1,DOWN,NO,NO,2026-10-04T00:05:36Z
2024-03-27T12:45:00Z,2024-03-27T13:45,2024-03-27T14:00,56,-162.46,-162.46,,-162.46,-1,DOWN,NO,NO,2026-10-04T00:05:36Z
2024-03-27T13:00:00Z,2024-03-27T14:00,2024-03-27T14:15,57,-19.56,-19.56,,-19.56,-1,DOWN,NO,NO,2026-10-04T00:05:36Z
2024-03-27T13:15:00Z,2024-03-27T14:15,2024-03-27T14:30,58,9.69,9.69,,9.69,-1,DOWN,NO,NO,2026-10-04T00:05:36Z
2024-03-27T13:30:00Z,2024-03-27T14:30,2024-03-27T14:45,59,66.04,18.57,66.04,18.57,2,UP_AND_DOWN,NO,NO,2026-10-04T00:05:36Z
2024-03-27T13:45:00Z,2024-03-27T14:45,2024-03-27T15:00,60,192.9,192.9,192.9,18.57,1,UP,NO,NO,2026-10-04T00:05:36Z
2024-03-27T14:00:00Z,2024-03-27T15:00,2024-03-27T15:15,61,1887.1,1887.1,1887.1,,1,UP,NO,NO,2026-10-04T00:05:36Z
2024-03-27T14:15:00Z,2024-03-27T15:15,2024-03-27T15:30,62,95.7,95.7,95.7,,1,UP,NO,NO,2026-10-04T00:05:36Z
2024-03-27T14:30:00Z,2024-03-27T15:30,2024-03-27T15:45,63,105.38,105.38,105.38,,1,UP,NO,NO,2026-10-04T00:05:36Z
2024-03-27T14:45:00Z,2024-03-27T15:45,2024-03-27T16:00,64,61.72,61.72,76.24,61.72,-1,DOWN,NO,NO,2026-10-04T00:05:36Z
2024-03-27T15:00:00Z,2024-03-27T16:00,2024-03-27T16:15,65,-95.07,-95.07,,-95.07,-1,DOWN,NO,NO,2026-10-04T00:05:36Z
2024-03-27T15:15:00Z,2024-03-27T16:15,2024-03-27T16:30,66,-40,-40,,-40,-1,DOWN,NO,NO,2026-10-04T00:05:36Z
2024-03-27T15:30:00Z,2024-03-27T16:30,2024-03-27T16:45,67,65.78,-240.55,65.37,-240.55,2,UP_AND_DOWN,NO,NO,2026-10-04T00:05:36Z
2024-03-27T15:45:00Z,2024-03-27T16:45,2024-03-27T17:00,68,14.69,14.69,65.37,14.69,-1,DOWN,NO,NO,2026-10-04T00:05:36Z
2024-03-27T16:00:00Z,2024-03-27T17:00,2024-03-27T17:15,69,-998,-998,71.65,-998,-1,DOWN,NO,NO,2026-10-04T00:05:36Z
2024-03-27T16:15:00Z,2024-03-27T17:15,2024-03-27T17:30,70,72.04,36.57,72.04,36.57,2,UP_AND_DOWN,NO,NO,2026-10-04T00:05:36Z
2024-03-27T16:30:00Z,2024-03-27T17:30,2024-03-27T17:45,71,58.04,58.04,,58.04,-1,DOWN,NO,NO,2026-10-04T00:05:36Z
2024-03-27T16:45:00Z,2024-03-27T17:45,2024-03-27T18:00,72,67.02,67.02,,,0,STABLE,NO,NO,2026-10-04T00:05:36Z
2024-03-27T17:00:00Z,2024-03-27T18:00,2024-03-27T18:15,73,46.57,46.57,,46.57,-1,DOWN,NO,NO,2026-10-04T00:05:36Z
2024-03-27T17:15:00Z,2024-03-27T18:15,2024-03-27T18:30,74,43.24,43.24,,43.24,-1,DOWN,NO,NO,2026-10-04T00:05:36Z
2024-03-27T17:30:00Z,2024-03-27T18:30,2024-03-27T18:45,75,58.04,58.04,,58.04,-1,DOWN,NO,NO,2026-10-04T00:05:36Z
2024-03-27T17:45:00Z,2024-03-27T18:45,2024-03-27T19:00,76,66.82,66.82,,,0,STABLE,NO,NO,2026-10-04T00:05:36Z
2024-03-27T18:00:00Z,2024-03-27T19:00,2024-03-27T19:15,77,66.44,66.44,,,0,STABLE,NO,NO,2026-10-04T00:05:36Z
2024-03-27T18:15:00Z,2024-03-27T19:15,2024-03-27T19:30,78,67.36,67.36,,,0,STABLE,NO,NO,2026-10-04T00:05:36Z
2024-03-27T18:30:00Z,2024-03-27T19:30,2024-03-27T19:45,79,41.7,41.7,,41.7,-1,DOWN,NO,NO,2026-10-04T00:05:36Z
2024-03-27T18:45:00Z,2024-03-27T19:45,2024-03-27T20:00,80,-36.69,-36.69,,-36.69,-1,DOWN,NO,NO,2026-10-04T00:05:36Z
2024-03-27T19:00:00Z,2024-03-27T20:00,2024-03-27T20:15,81,1887.1,-42.1,1887.1,-42.1,2,UP_AND_DOWN,NO,NO,2026-10-04T00:05:36Z
2024-03-27T19:15:00Z,2024-03-27T20:15,2024-03-27T20:30,82,63.72,63.72,1887.1,63.72,-1,DOWN,NO,NO,2026-10-04T00:05:36Z
2024-03-27T19:30:00Z,2024-03-27T20:30,2024-03-27T20:45,83,61.72,61.72,,61.72,-1,DOWN,NO,NO,2026-10-04T00:05:36Z
2024-03-27T19:45:00Z,2024-03-27T20:45,2024-03-27T21:00,84,96.6,64.12,96.6,64.12,2,UP_AND_DOWN,NO,NO,2026-10-04T00:05:36Z
2024-03-27T20:00:00Z,2024-03-27T21:00,2024-03-27T21:15,85,92.38,92.38,92.38,,1,UP,NO,NO,2026-10-04T00:05:36Z
2024-03-27T20:15:00Z,2024-03-27T21:15,2024-03-27T21:30,86,81.12,81.12,81.12,,1,UP,NO,NO,2026-10-04T00:05:36Z
2024-03-27T20:30:00Z,2024-03-27T21:30,2024-03-27T21:45,87,69.6,69.6,69.6,,1,UP,NO,NO,2026-10-04T00:05:36Z
2024-03-27T20:45:00Z,2024-03-27T21:45,2024-03-27T22:00,88,64.65,64.65,,,0,STABLE,NO,NO,2026-10-04T00:05:36Z
2024-03-27T21:00:00Z,2024-03-27T22:00,2024-03-27T22:15,89,43.5,43.5,,43.5,-1,DOWN,NO,NO,2026-10-04T00:05:36Z
2024-03-27T21:15:00Z,2024-03-27T22:15,2024-03-27T22:30,90,65.29,65.29,65.29,,1,UP,NO,NO,2026-10-04T00:05:36Z
2024-03-27T21:30:00Z,2024-03-27T22:30,2024-03-27T22:45,91,80.71,80.71,80.71,,1,UP,NO,NO,2026-10-04T00:05:36Z
2024-03-27T21:45:00Z,2024-03-27T22:45,2024-03-27T23:00,92,69.89,69.89,69.89,,1,UP,NO,NO,2026-10-04T00:05:36Z
2024-03-27T22:00:00Z,2024-03-27T23:00,2024-03-27T23:15,93,369.87,-6.43,369.87,-6.43,2,UP_AND_DOWN,NO,NO,2026-10-04T00:05:36Z
2024-03-27T22:15:00Z,2024-03-27T23:15,2024-03-27T23:30,94,1887.1,38.57,1887.1,38.57,2,UP_AND_DOWN,NO,NO,2026-10-04T00:05:36Z
2024-03-27T22:30:00Z,2024-03-27T23:30,2024-03-27T23:45,95,68.02,36.57,68.02,36.57,2,UP_AND_DOWN,NO,NO,2026-10-04T00:05:36Z
2024-03-27T22:45:00Z,2024-03-27T23:45,2024-03-28T00:00,96,83.99,-26,83.99,-26,2,UP_AND_DOWN,NO,NO,2026-10-04T00:05:36Z
2024-03-27T23:00:00Z,2024-03-28T00:00,2024-03-28T00:15,1,75.43,-173.06,75.43,-173.06,2,UP_AND_DOWN,NO,NO,2026-10-04T00:05:36Z
2024-03-27T23:15:00Z,2024-03-28T00:15,2024-03-28T00:30,2,77.24,-21.49,77.24,-21.49,2,UP_AND_DOWN,NO,NO,2026-10-04T00:05:36Z
2024-03-27T23:30:00Z,2024-03-28T00:30,2024-03-28T00:45,3,69.43,16.57,69.43,16.57,2,UP_AND_DOWN,NO,NO,2026-10-04T00:05:36Z
2024-03-27T23:45:00Z,2024-03-28T00:45,2024-03-28T01:00,4,41.99,41.99,,41.99,-1,DOWN,NO,NO,2026-10-04T00:05:36Z
2024-03-28T00:00:00Z,2024-03-28T01:00,2024-03-28T01:15,5,120.7,120.7,120.7,41.99,1,UP,NO,NO,2026-10-04T00:05:36Z
2024-03-28T00:15:00Z,2024-03-28T01:15,2024-03-28T01:30,6,120.7,120.7,120.7,,1,UP,NO,NO,2026-10-04T00:05:36Z
2024-03-28T00:30:00Z,2024-03-28T01:30,2024-03-28T01:45,7,97.43,97.43,97.43,,1,UP,NO,NO,2026-10-04T00:05:36Z
2024-03-28T00:45:00Z,2024-03-28T01:45,2024-03-28T02:00,8,120.6,120.6,120.6,,1,UP,NO,NO,2026-10-04T00:05:36Z
2024-03-28T01:00:00Z,2024-03-28T02:00,2024-03-28T02:15,9,1887.1,1887.1,1887.1,,1,UP,NO,NO,2026-10-04T00:05:36Z
2024-03-28T01:15:00Z,2024-03-28T02:15,2024-03-28T02:30,10,107.02,107.02,107.02,,1,UP,NO,NO,2026-10-04T00:05:36Z
2024-03-28T01:30:00Z,2024-03-28T02:30,2024-03-28T02:45,11,97.5,97.5,97.5,,1,UP,NO,NO,2026-10-04T00:05:36Z
2024-03-28T01:45:00Z,2024-03-28T02:45,2024-03-28T03:00,12,97.5,97.5,97.5,,1,UP,NO,NO,2026-10-04T00:05:36Z
2024-03-28T02:00:00Z,2024-03-28T03:00,2024-03-28T03:15,13,70.99,70.99,70.99,,1,UP,NO,NO,2026-10-04T00:05:36Z
2024-03-28T02:15:00Z,2024-03-28T03:15,2024-03-28T03:30,14,56.17,56.17,70.99,,0,STABLE,NO,NO,2026-10-04T00:05:36Z
2024-03-28T02:30:00Z,2024-03-28T03:30,2024-03-28T03:45,15,60.39,60.39,60.39,,1,UP,NO,NO,2026-10-04T00:05:36Z
2024-03-28T02:45:00Z,2024-03-28T03:45,2024-03-28T04:00,16,66.9,66.9,66.9,43.86,1,UP,NO,NO,2026-10-04T00:05:36Z
2024-03-28T03:00:00Z,2024-03-28T04:00,2024-03-28T04:15,17,36.57,36.57,,36.57,-1,DOWN,NO,NO,2026-10-04T00:05:36Z
2024-03-28T03:15:00Z,2024-03-28T04:15,2024-03-28T04:30,18,61.01,61.01,,,0,STABLE,NO,NO,2026-10-04T00:05:36Z
2024-03-28T03:30:00Z,2024-03-28T04:30,2024-03-28T04:45,19,43.86,43.86,,43.86,-1,DOWN,NO,NO,2026-10-04T00:05:36Z
2024-03-28T03:45:00Z,2024-03-28T04:45,2024-03-28T05:00,20,47.99,47.99,,47.99,-1,DOWN,NO,NO,2026-10-04T00:05:36Z
2024-03-28T04:00:00Z,2024-03-28T05:00,2024-03-28T05:15,21,77.99,-83.75,77.99,-83.75,2,UP_AND_DOWN,NO,NO,2026-10-04T00:05:36Z
2024-03-28T04:15:00Z,2024-03-28T05:15,2024-03-28T05:30,22,69.83,-38,69.83,-38,2,UP_AND_DOWN,NO,NO,2026-10-04T00:05:36Z
2024-03-28T04:30:00Z,2024-03-28T05:30,2024-03-28T05:45,23,53.99,53.99,,53.99,-1,DOWN,NO,NO,2026-10-04T00:05:36Z
2024-03-28T04:45:00Z,2024-03-28T05:45,2024-03-28T06:00,24,43.86,43.86,,43.86,-1,DOWN,NO,NO,2026-10-04T00:05:36Z
2024-03-28T05:00:00Z,2024-03-28T06:00,2024-03-28T06:15,25,69.1,-10,69.1,-10,2,UP_AND_DOWN,NO,NO,2026-10-04T00:05:36Z
2024-03-28T05:15:00Z,2024-03-28T06:15,2024-03-28T06:30,26,69.1,69.1,69.1,,1,UP,NO,NO,2026-10-04T00:05:36Z
2024-03-28T05:30:00Z,2024-03-28T06:30,2024-03-28T06:45,27,60.06,60.06,,,0,STABLE,NO,NO,2026-10-04T00:05:36Z
2024-03-28T05:45:00Z,2024-03-28T06:45,2024-03-28T07:00,28,60.06,60.06,,,0,STABLE,NO,NO,2026-10-04T00:05:36Z
2024-03-28T06:00:00Z,2024-03-28T07:00,2024-03-28T07:15,29,83.5,-40,83.5,-40,2,UP_AND_DOWN,NO,NO,2026-10-04T00:05:36Z
2024-03-28T06:15:00Z,2024-03-28T07:15,2024-03-28T07:30,30,43.86,43.86,82.1,43.86,-1,DOWN,NO,NO,2026-10-04T00:05:36Z
2024-03-28T06:30:00Z,2024-03-28T07:30,2024-03-28T07:45,31,46.1,46.1,,46.1,-1,DOWN,NO,NO,2026-10-04T00:05:36Z
2024-03-28T06:45:00Z,2024-03-28T07:45,2024-03-28T08:00,32,92.02,92.02,92.02,,1,UP,NO,NO,2026-10-04T00:05:36Z
2024-03-28T07:00:00Z,2024-03-28T08:00,2024-03-28T08:15,33,159.63,159.63,159.63,,1,UP,NO,NO,2026-10-04T00:05:36Z
2024-03-28T07:15:00Z,2024-03-28T08:15,2024-03-28T08:30,34,1887.1,1887.1,1887.1,,1,UP,NO,NO,2026-10-04T00:05:36Z
2024-03-28T07:30:00Z,2024-03-28T08:30,2024-03-28T08:45,35,359.63,46.1,359.63,46.1,2,UP_AND_DOWN,NO,NO,2026-10-04T00:05:36Z
2024-03-28T07:45:00Z,2024-03-28T08:45,2024-03-28T09:00,36,359.63,359.63,359.63,,1,UP,NO,NO,2026-10-04T00:05:36Z
2024-03-28T08:00:00Z,2024-03-28T09:00,2024-03-28T09:15,37,1887.1,1887.1,1887.1,,1,UP,NO,NO,2026-10-04T00:05:36Z
2024-03-28T08:15:00Z,2024-03-28T09:15,2024-03-28T09:30,38,118.5,118.5,118.5,,1,UP,NO,NO,2026-10-04T00:05:36Z
2024-03-28T08:30:00Z,2024-03-28T09:30,2024-03-28T09:45,39,99.33,99.33,99.33,,1,UP,NO,NO,2026-10-04T00:05:36Z
2024-03-28T08:45:00Z,2024-03-28T09:45,2024-03-28T10:00,40,69.33,-4.79,69.33,-4.79,2,UP_AND_DOWN,NO,NO,2026-10-04T00:05:36Z
2024-03-28T09:00:00Z,2024-03-28T10:00,2024-03-28T10:15,41,89.33,-43.25,89.33,-43.25,2,UP_AND_DOWN,NO,NO,2026-10-04T00:05:36Z
2024-03-28T09:15:00Z,2024-03-28T10:15,2024-03-28T10:30,42,45.8,45.8,89.33,,0,STABLE,NO,NO,2026-10-04T00:05:36Z
2024-03-28T09:30:00Z,2024-03-28T10:30,2024-03-28T10:45,43,-31.75,-31.75,,-31.75,-1,DOWN,NO,NO,2026-10-04T00:05:36Z
2024-03-28T09:45:00Z,2024-03-28T10:45,2024-03-28T11:00,44,-40.19,-40.19,,-40.19,-1,DOWN,NO,NO,2026-10-04T00:05:36Z
2024-03-28T10:00:00Z,2024-03-28T11:00,2024-03-28T11:15,45,1887.1,1887.1,1887.1,-40.19,1,UP,NO,NO,2026-10-04T00:05:36Z
2024-03-28T10:15:00Z,2024-03-28T11:15,2024-03-28T11:30,46,209.36,209.36,209.36,,1,UP,NO,NO,2026-10-04T00:05:36Z
2024-03-28T10:30:00Z,2024-03-28T11:30,2024-03-28T11:45,47,74.36,41.55,74.36,46.1,2,UP_AND_DOWN,NO,NO,2026-10-04T00:05:36Z
2024-03-28T10:45:00Z,2024-03-28T11:45,2024-03-28T12:00,48,41.55,41.55,74.36,,0,STABLE,NO,NO,2026-10-04T00:05:36Z
2024-03-28T11:00:00Z,2024-03-28T12:00,2024-03-28T12:15,49,46.1,46.1,,46.1,-1,DOWN,NO,NO,2026-10-04T00:05:36Z
2024-03-28T11:15:00Z,2024-03-28T12:15,2024-03-28T12:30,50,46.1,46.1,,46.1,-1,DOWN,NO,NO,2026-10-04T00:05:36Z
2024-03-28T11:30:00Z,2024-03-28T12:30,2024-03-28T12:45,51,-6.43,-6.43,,-6.43,-1,DOWN,NO,NO,2026-10-04T00:05:36Z
2024-03-28T11:45:00Z,2024-03-28T12:45,2024-03-28T13:00,52,16.57,16.57,,16.57,-1,DOWN,NO,NO,2026-10-04T00:05:36Z
2024-03-28T12:00:00Z,2024-03-28T13:00,2024-03-28T13:15,53,44.28,44.28,,16.57,0,STABLE,NO,NO,2026-10-04T00:05:36Z
2024-03-28T12:15:00Z,2024-03-28T13:15,2024-03-28T13:30,54,-445.83,-445.83,,-445.83,-1,DOWN,NO,NO,2026-10-04T00:05:36Z
2024-03-28T12:30:00Z,2024-03-28T13:30,2024-03-28T13:45,55,72.42,-515.5,72.42,-515.5,2,UP_AND_DOWN,NO,NO,2026-10-04T00:05:36Z
2024-03-28T12:45:00Z,2024-03-28T13:45,2024-03-28T14:00,56,-167.95,-167.95,,-167.95,-1,DOWN,NO,NO,2026-10-04T00:05:36Z
2024-03-28T13:00:00Z,2024-03-28T14:00,2024-03-28T14:15,57,-282,-282,,-282,-1,DOWN,NO,NO,2026-10-04T00:05:36Z
2024-03-28T13:15:00Z,2024-03-28T14:15,2024-03-28T14:30,58,-511.5,-511.5,,-511.5,-1,DOWN,NO,NO,2026-10-04T00:05:36Z
2024-03-28T13:30:00Z,2024-03-28T14:30,2024-03-28T14:45,59,70.42,-525.79,70.42,-525.79,2,UP_AND_DOWN,NO,NO,2026-10-04T00:05:36Z
2024-03-28T13:45:00Z,2024-03-28T14:45,2024-03-28T15:00,60,-34,-34,70.42,-34,-1,DOWN,NO,NO,2026-10-04T00:05:36Z
2024-03-28T14:00:00Z,2024-03-28T15:00,2024-03-28T15:15,61,74.62,74.62,74.62,,1,UP,NO,NO,2026-10-04T00:05:36Z
2024-03-28T14:15:00Z,2024-03-28T15:15,2024-03-28T15:30,62,67.62,67.62,67.62,,1,UP,NO,NO,2026-10-04T00:05:36Z
2024-03-28T14:30:00Z,2024-03-28T15:30,2024-03-28T15:45,63,69.62,69.62,69.62,,1,UP,NO,NO,2026-10-04T00:05:36Z
2024-03-28T14:45:00Z,2024-03-28T15:45,2024-03-28T16:00,64,60.06,60.06,69.62,,0,STABLE,NO,NO,2026-10-04T00:05:36Z
2024-03-28T15:00:00Z,2024-03-28T16:00,2024-03-28T16:15,65,46.1,46.1,,46.1,-1,DOWN,NO,NO,2026-10-04T00:05:36Z
2024-03-28T15:15:00Z,2024-03-28T16:15,2024-03-28T16:30,66,60.06,60.06,,46.1,0,STABLE,NO,NO,2026-10-04T00:05:36Z
2024-03-28T15:30:00Z,2024-03-28T16:30,2024-03-28T16:45,67,60.06,60.06,,,0,STABLE,NO,NO,2026-10-04T00:05:36Z
2024-03-28T15:45:00Z,2024-03-28T16:45,2024-03-28T17:00,68,-38,-38,,-38,-1,DOWN,NO,NO,2026-10-04T00:05:36Z
2024-03-28T16:00:00Z,2024-03-28T17:00,2024-03-28T17:15,69,-181.34,-181.34,,-181.34,-1,DOWN,NO,NO,2026-10-04T00:05:36Z
2024-03-28T16:15:00Z,2024-03-28T17:15,2024-03-28T17:30,70,99.62,-66.95,99.62,-66.95,2,UP_AND_DOWN,NO,NO,2026-10-04T00:05:36Z
2024-03-28T16:30:00Z,2024-03-28T17:30,2024-03-28T17:45,71,69.1,-10,69.1,-10,2,UP_AND_DOWN,NO,NO,2026-10-04T00:05:36Z
2024-03-28T16:45:00Z,2024-03-28T17:45,2024-03-28T18:00,72,60.06,60.06,,,0,STABLE,NO,NO,2026-10-04T00:05:36Z
2024-03-28T17:00:00Z,2024-03-28T18:00,2024-03-28T18:15,73,74.42,30.1,74.42,30.1,2,UP_AND_DOWN,NO,NO,2026-10-04T00:05:36Z
2024-03-28T17:15:00Z,2024-03-28T18:15,2024-03-28T18:30,74,130.4,130.4,130.4,30.1,1,UP,NO,NO,2026-10-04T00:05:36Z
2024-03-28T17:30:00Z,2024-03-28T18:30,2024-03-28T18:45,75,130.3,130.3,130.3,,1,UP,NO,NO,2026-10-04T00:05:36Z
2024-03-28T17:45:00Z,2024-03-28T18:45,2024-03-28T19:00,76,115.2,115.2,115.2,,1,UP,NO,NO,2026-10-04T00:05:36Z
2024-03-28T18:00:00Z,2024-03-28T19:00,2024-03-28T19:15,77,1887.1,1887.1,1887.1,,1,UP,NO,NO,2026-10-04T00:05:36Z
2024-03-28T18:15:00Z,2024-03-28T19:15,2024-03-28T19:30,78,116.6,116.6,116.6,,1,UP,NO,NO,2026-10-04T00:05:36Z
2024-03-28T18:30:00Z,2024-03-28T19:30,2024-03-28T19:45,79,84.45,84.45,84.45,,1,UP,NO,NO,2026-10-04T00:05:36Z
2024-03-28T18:45:00Z,2024-03-28T19:45,2024-03-28T20:00,80,16.57,16.57,,16.57,-1,DOWN,NO,NO,2026-10-04T00:05:36Z
2024-03-28T19:00:00Z,2024-03-28T20:00,2024-03-28T20:15,81,46.1,46.1,,46.1,-1,DOWN,NO,NO,2026-10-04T00:05:36Z
2024-03-28T19:15:00Z,2024-03-28T20:15,2024-03-28T20:30,82,43.86,43.86,,43.86,-1,DOWN,NO,NO,2026-10-04T00:05:36Z
2024-03-28T19:30:00Z,2024-03-28T20:30,2024-03-28T20:45,83,46.1,46.1,,46.1,-1,DOWN,NO,NO,2026-10-04T00:05:36Z
2024-03-28T19:45:00Z,2024-03-28T20:45,2024-03-28T21:00,84,-32,-32,,-32,-1,DOWN,NO,NO,2026-10-04T00:05:36Z
2024-03-28T20:00:00Z,2024-03-28T21:00,2024-03-28T21:15,85,86.92,86.92,86.92,-32,1,UP,NO,NO,2026-10-04T00:05:36Z
2024-03-28T20:15:00Z,2024-03-28T21:15,2024-03-28T21:30,86,71.92,71.92,71.92,,1,UP,NO,NO,2026-10-04T00:05:36Z
2024-03-28T20:30:00Z,2024-03-28T21:30,2024-03-28T21:45,87,-90,-90,,-90,-1,DOWN,NO,NO,2026-10-04T00:05:36Z
2024-03-28T20:45:00Z,2024-03-28T21:45,2024-03-28T22:00,88,-21.05,-21.05,,-21.05,-1,DOWN,NO,NO,2026-10-04T00:05:36Z
2024-03-28T21:00:00Z,2024-03-28T22:00,2024-03-28T22:15,89,76.92,76.92,76.92,-21.05,1,UP,NO,NO,2026-10-04T00:05:36Z
2024-03-28T21:15:00Z,2024-03-28T22:15,2024-03-28T22:30,90,16.57,16.57,,16.57,-1,DOWN,NO,NO,2026-10-04T00:05:36Z
2024-03-28T21:30:00Z,2024-03-28T22:30,2024-03-28T22:45,91,-10,-10,,-10,-1,DOWN,NO,NO,2026-10-04T00:05:36Z
2024-03-28T21:45:00Z,2024-03-28T22:45,2024-03-28T23:00,92,-19.98,-19.98,,-19.98,-1,DOWN,NO,NO,2026-10-04T00:05:36Z
2024-03-28T22:00:00Z,2024-03-28T23:00,2024-03-28T23:15,93,41.55,41.55,,-19.98,0,STABLE,NO,NO,2026-10-04T00:05:36Z
2024-03-28T22:15:00Z,2024-03-28T23:15,2024-03-28T23:30,94,16.57,16.57,,16.57,-1,DOWN,NO,NO,2026-10-04T00:05:36Z
2024-03-28T22:30:00Z,2024-03-28T23:30,2024-03-28T23:45,95,-10,-10,,-10,-1,DOWN,NO,NO,2026-10-04T00:05:36Z
2024-03-28T22:45:00Z,2024-03-28T23:45,2024-03-29T00:00,96,-24,-24,,-24,-1,DOWN,NO,NO,2026-10-04T00:05:36Z
2024-03-28T23:00:00Z,2024-03-29T00:00,2024-03-29T00:15,1,46.18,46.18,,-24,0,STABLE,NO,NO,2026-10-04T00:05:36Z
2024-03-28T23:15:00Z,2024-03-29T00:15,2024-03-29T00:30,2,51.1,51.1,51.1,,1,UP,NO,NO,2026-10-04T00:05:36Z
2024-03-28T23:30:00Z,2024-03-29T00:30,2024-03-29T00:45,3,97.7,97.7,97.7,,1,UP,NO,NO,2026-10-04T00:05:36Z
2024-03-28T23:45:00Z,2024-03-29T00:45,2024-03-29T01:00,4,64.32,64.32,64.32,,1,UP,NO,NO,2026-10-04T00:05:36Z
2024-03-29T00:00:00Z,2024-03-29T01:00,2024-03-29T01:15,5,89.32,89.32,89.32,,1,UP,NO,NO,2026-10-04T00:05:36Z
2024-03-29T00:15:00Z,2024-03-29T01:15,2024-03-29T01:30,6,92.02,92.02,92.02,,1,UP,NO,NO,2026-10-04T00:05:36Z
2024-03-29T00:30:00Z,2024-03-29T01:30,2024-03-29T01:45,7,69.32,69.32,69.32,,1,UP,NO,NO,2026-10-04T00:05:36Z
2024-03-29T00:45:00Z,2024-03-29T01:45,2024-03-29T02:00,8,43.86,43.86,,43.86,-1,DOWN,NO,NO,2026-10-04T00:05:36Z
2024-03-29T01:00:00Z,2024-03-29T02:00,2024-03-29T02:15,9,43.86,43.86,,43.86,-1,DOWN,NO,NO,2026-10-04T00:05:36Z
2024-03-29T01:15:00Z,2024-03-29T02:15,2024-03-29T02:30,10,-10,-10,,-10,-1,DOWN,NO,NO,2026-10-04T00:05:36Z
2024-03-29T01:30:00Z,2024-03-29T02:30,2024-03-29T02:45,11,-6.32,-6.32,,-6.32,-1,DOWN,NO,NO,2026-10-04T00:05:36Z
2024-03-29T01:45:00Z,2024-03-29T02:45,2024-03-29T03:00,12,-30.1,-30.1,,-30.1,-1,DOWN,NO,NO,2026-10-04T00:05:36Z
2024-03-29T02:00:00Z,2024-03-29T03:00,2024-03-29T03:15,13,-10,-10,,-10,-1,DOWN,NO,NO,2026-10-04T00:05:36Z
2024-03-29T02:15:00Z,2024-03-29T03:15,2024-03-29T03:30,14,-10,-10,,-10,-1,DOWN,NO,NO,2026-10-04T00:05:36Z
2024-03-29T02:30:00Z,2024-03-29T03:30,2024-03-29T03:45,15,-40,-40,,-40,-1,DOWN,NO,NO,2026-10-04T00:05:36Z
2024-03-29T02:45:00Z,2024-03-29T03:45,2024-03-29T04:00,16,-55,-55,,-55,-1,DOWN,NO,NO,2026-10-04T00:05:36Z
2024-03-29T03:00:00Z,2024-03-29T04:00,2024-03-29T04:15,17,-40,-40,,-40,-1,DOWN,NO,NO,2026-10-04T00:05:36Z
2024-03-29T03:15:00Z,2024-03-29T04:15,2024-03-29T04:30,18,-41.25,-41.25,,-41.25,-1,DOWN,NO,NO,2026-10-04T00:05:36Z
2024-03-29T03:30:00Z,2024-03-29T04:30,2024-03-29T04:45,19,69.9,-147.5,69.9,-147.5,2,UP_AND_DOWN,NO,NO,2026-10-04T00:05:36Z
2024-03-29T03:45:00Z,2024-03-29T04:45,2024-03-29T05:00,20,79.9,-291.88,79.9,-291.88,2,UP_AND_DOWN,NO,NO,2026-10-04T00:05:36Z
2024-03-29T04:00:00Z,2024-03-29T05:00,2024-03-29T05:15,21,-38,-38,79.9,-38,-1,DOWN,NO,NO,2026-10-04T00:05:36Z
2024-03-29T04:15:00Z,2024-03-29T05:15,2024-03-29T05:30,22,-84.88,-84.88,,-84.88,-1,DOWN,NO,NO,2026-10-04T00:05:36Z
2024-03-29T04:30:00Z,2024-03-29T05:30,2024-03-29T05:45,23,-43.19,-43.19,,-43.19,-1,DOWN,NO,NO,2026-10-04T00:05:36Z
2024-03-29T04:45:00Z,2024-03-29T05:45,2024-03-29T06:00,24,-40.6,-40.6,,-40.6,-1,DOWN,NO,NO,2026-10-04T00:05:36Z
2024-03-29T05:00:00Z,2024-03-29T06:00,2024-03-29T06:15,25,-98,-98,,-98,-1,DOWN,NO,NO,2026-10-04T00:05:36Z
2024-03-29T05:15:00Z,2024-03-29T06:15,2024-03-29T06:30,26,-98,-98,,-98,-1,DOWN,NO,NO,2026-10-04T00:05:36Z
2024-03-29T05:30:00Z,2024-03-29T06:30,2024-03-29T06:45,27,74.9,-147.38,74.9,-147.38,2,UP_AND_DOWN,NO,NO,2026-10-04T00:05:36Z
2024-03-29T05:45:00Z,2024-03-29T06:45,2024-03-29T07:00,28,-98,-98,74.9,-98,-1,DOWN,NO,NO,2026-10-04T00:05:36Z
2024-03-29T06:00:00Z,2024-03-29T07:00,2024-03-29T07:15,29,-193.37,-193.37,,-193.37,-1,DOWN,NO,NO,2026-10-04T00:05:36Z
2024-03-29T06:15:00Z,2024-03-29T07:15,2024-03-29T07:30,30,84.18,-236.93,84.18,-236.93,2,UP_AND_DOWN,NO,NO,2026-10-04T00:05:36Z
2024-03-29T06:30:00Z,2024-03-29T07:30,2024-03-29T07:45,31,-80.62,-80.62,84.18,-80.62,-1,DOWN,NO,NO,2026-10-04T00:05:36Z
2024-03-29T06:45:00Z,2024-03-29T07:45,2024-03-29T08:00,32,67.7,-183.5,67.7,-183.5,2,UP_AND_DOWN,NO,NO,2026-10-04T00:05:36Z
2024-03-29T07:00:00Z,2024-03-29T08:00,2024-03-29T08:15,33,74.11,-144.21,74.11,-144.21,2,UP_AND_DOWN,NO,NO,2026-10-04T00:05:36Z
2024-03-29T07:15:00Z,2024-03-29T08:15,2024-03-29T08:30,34,-88.5,-88.5,,-88.5,-1,DOWN,NO,NO,2026-10-04T00:05:36Z
2024-03-29T07:30:00Z,2024-03-29T08:30,2024-03-29T08:45,35,-220.38,-220.38,,-220.38,-1,DOWN,NO,NO,2026-10-04T00:05:36Z
2024-03-29T07:45:00Z,2024-03-29T08:45,2024-03-29T09:00,36,-86.5,-86.5,,-86.5,-1,DOWN,NO,NO,2026-10-04T00:05:36Z
2024-03-29T08:00:00Z,2024-03-29T09:00,2024-03-29T09:15,37,-71.69,-71.69,,-71.69,-1,DOWN,NO,NO,2026-10-04T00:05:36Z
2024-03-29T08:15:00Z,2024-03-29T09:15,2024-03-29T09:30,38,-40,-40,,-40,-1,DOWN,NO,NO,2026-10-04T00:05:36Z
2024-03-29T08:30:00Z,2024-03-29T09:30,2024-03-29T09:45,39,-40,-40,,-40,-1,DOWN,NO,NO,2026-10-04T00:05:36Z
2024-03-29T08:45:00Z,2024-03-29T09:45,2024-03-29T10:00,40,-14.19,-14.19,,-14.19,-1,DOWN,NO,NO,2026-10-04T00:05:36Z
2024-03-29T09:00:00Z,2024-03-29T10:00,2024-03-29T10:15,41,-105.95,-105.95,,-105.95,-1,DOWN,NO,NO,2026-10-04T00:05:36Z
2024-03-29T09:15:00Z,2024-03-29T10:15,2024-03-29T10:30,42,-71.69,-71.69,,-71.69,-1,DOWN,NO,NO,2026-10-04T00:05:36Z
2024-03-29T09:30:00Z,2024-03-29T10:30,2024-03-29T10:45,43,-152.17,-152.17,,-152.17,-1,DOWN,NO,NO,2026-10-04T00:05:36Z
2024-03-29T09:45:00Z,2024-03-29T10:45,2024-03-29T11:00,44,-272.25,-272.25,,-272.25,-1,DOWN,NO,NO,2026-10-04T00:05:36Z
2024-03-29T10:00:00Z,2024-03-29T11:00,2024-03-29T11:15,45,-212.78,-212.78,,-212.78,-1,DOWN,NO,NO,2026-10-04T00:05:36Z
2024-03-29T10:15:00Z,2024-03-29T11:15,2024-03-29T11:30,46,-208.59,-208.59,,-208.59,-1,DOWN,NO,NO,2026-10-04T00:05:36Z
2024-03-29T10:30:00Z,2024-03-29T11:30,2024-03-29T11:45,47,-250.64,-250.64,,-250.64,-1,DOWN,NO,NO,2026-10-04T00:05:36Z
2024-03-29T10:45:00Z,2024-03-29T11:45,2024-03-29T12:00,48,-152.67,-152.67,,-152.67,-1,DOWN,NO,NO,2026-10-04T00:05:36Z
2024-03-29T11:00:00Z,2024-03-29T12:00,2024-03-29T12:15,49,-331.24,-331.24,,-331.24,-1,DOWN,NO,NO,2026-10-04T00:05:36Z
2024-03-29T11:15:00Z,2024-03-29T12:15,2024-03-29T12:30,50,-53.75,-53.75,,-53.75,-1,DOWN,NO,NO,2026-10-04T00:05:36Z
2024-03-29T11:30:00Z,2024-03-29T12:30,2024-03-29T12:45,51,-17.69,-17.69,,-17.69,-1,DOWN,NO,NO,2026-10-04T00:05:36Z
2024-03-29T11:45:00Z,2024-03-29T12:45,2024-03-29T13:00,52,-40,-40,,-40,-1,DOWN,NO,NO,2026-10-04T00:05:36Z
2024-03-29T12:00:00Z,2024-03-29T13:00,2024-03-29T13:15,53,-45.19,-45.19,,-45.19,-1,DOWN,NO,NO,2026-10-04T00:05:36Z
2024-03-29T12:15:00Z,2024-03-29T13:15,2024-03-29T13:30,54,46.42,-54,46.42,-54,2,UP_AND_DOWN,NO,NO,2026-10-04T00:05:36Z
2024-03-29T12:30:00Z,2024-03-29T13:30,2024-03-29T13:45,55,61.31,-42.44,61.31,-42.44,2,UP_AND_DOWN,NO,NO,2026-10-04T00:05:36Z
2024-03-29T12:45:00Z,2024-03-29T13:45,2024-03-29T14:00,56,-40,-40,,-40,-1,DOWN,NO,NO,2026-10-04T00:05:36Z
2024-03-29T13:00:00Z,2024-03-29T14:00,2024-03-29T14:15,57,-30.69,-30.69,,-30.69,-1,DOWN,NO,NO,2026-10-04T00:05:36Z
2024-03-29T13:15:00Z,2024-03-29T14:15,2024-03-29T14:30,58,48.51,-38,41.5,-38,2,UP_AND_DOWN,NO,NO,2026-10-04T00:05:36Z
2024-03-29T13:30:00Z,2024-03-29T14:30,2024-03-29T14:45,59,-10,-10,,-10,-1,DOWN,NO,NO,2026-10-04T00:05:36Z
2024-03-29T13:45:00Z,2024-03-29T14:45,2024-03-29T15:00,60,-10,-10,,-10,-1,DOWN,NO,NO,2026-10-04T00:05:36Z
2024-03-29T14:00:00Z,2024-03-29T15:00,2024-03-29T15:15,61,-6.32,-6.32,,-6.32,-1,DOWN,NO,NO,2026-10-04T00:05:36Z
2024-03-29T14:15:00Z,2024-03-29T15:15,2024-03-29T15:30,62,59.81,59.81,,,0,STABLE,NO,NO,2026-10-04T00:05:36Z
2024-03-29T14:30:00Z,2024-03-29T15:30,2024-03-29T15:45,63,59.81,59.81,63.31,,0,STABLE,NO,NO,2026-10-04T00:05:36Z
2024-03-29T14:45:00Z,2024-03-29T15:45,2024-03-29T16:00,64,94.5,94.5,94.5,,1,UP,NO,NO,2026-10-04T00:05:36Z
2024-03-29T15:00:00Z,2024-03-29T16:00,2024-03-29T16:15,65,-140.98,-140.98,94.5,-140.98,-1,DOWN,NO,NO,2026-10-04T00:05:36Z
2024-03-29T15:15:00Z,2024-03-29T16:15,2024-03-29T16:30,66,-40,-40,,-40,-1,DOWN,NO,NO,2026-10-04T00:05:36Z
2024-03-29T15:30:00Z,2024-03-29T16:30,2024-03-29T16:45,67,61.44,61.44,,61.44,-1,DOWN,NO,NO,2026-10-04T00:05:36Z
2024-03-29T15:45:00Z,2024-03-29T16:45,2024-03-29T17:00,68,110,110,110,,1,UP,NO,NO,2026-10-04T00:05:36Z
2024-03-29T16:00:00Z,2024-03-29T17:00,2024-03-29T17:15,69,83.61,-1000,82.44,-1000,2,UP_AND_DOWN,NO,NO,2026-10-04T00:05:36Z
2024-03-29T16:15:00Z,2024-03-29T17:15,2024-03-29T17:30,70,88.68,-26.69,74.44,-26.69,2,UP_AND_DOWN,NO,NO,2026-10-04T00:05:36Z
2024-03-29T16:30:00Z,2024-03-29T17:30,2024-03-29T17:45,71,371,371,371,-26.69,1,UP,NO,NO,2026-10-04T00:05:36Z
2024-03-29T16:45:00Z,2024-03-29T17:45,2024-03-29T18:00,72,391.2,391.2,391.2,,1,UP,NO,NO,2026-10-04T00:05:36Z
2024-03-29T17:00:00Z,2024-03-29T18:00,2024-03-29T18:15,73,167.54,-34,167.54,-34,2,UP_AND_DOWN,NO,NO,2026-10-04T00:05:36Z
2024-03-29T17:15:00Z,2024-03-29T18:15,2024-03-29T18:30,74,43.64,43.64,,43.64,-1,DOWN,NO,NO,2026-10-04T00:05:36Z
2024-03-29T17:30:00Z,2024-03-29T18:30,2024-03-29T18:45,75,69.05,69.05,,43.64,0,STABLE,NO,NO,2026-10-04T00:05:36Z
2024-03-29T17:45:00Z,2024-03-29T18:45,2024-03-29T19:00,76,63.58,63.58,,63.58,-1,DOWN,NO,NO,2026-10-04T00:05:36Z
2024-03-29T18:00:00Z,2024-03-29T19:00,2024-03-29T19:15,77,69.55,69.55,,63.58,0,STABLE,NO,NO,2026-10-04T00:05:36Z
2024-03-29T18:15:00Z,2024-03-29T19:15,2024-03-29T19:30,78,115.6,115.6,115.6,,1,UP,NO,NO,2026-10-04T00:05:36Z
2024-03-29T18:30:00Z,2024-03-29T19:30,2024-03-29T19:45,79,87.12,87.12,87.12,,1,UP,NO,NO,2026-10-04T00:05:36Z
2024-03-29T18:45:00Z,2024-03-29T19:45,2024-03-29T20:00,80,69.55,69.55,,,0,STABLE,NO,NO,2026-10-04T00:05:36Z
2024-03-29T19:00:00Z,2024-03-29T20:00,2024-03-29T20:15,81,1887.1,1887.1,1887.1,,1,UP,NO,NO,2026-10-04T00:05:36Z
2024-03-29T19:15:00Z,2024-03-29T20:15,2024-03-29T20:30,82,1887.1,1887.1,1887.1,,1,UP,NO,NO,2026-10-04T00:05:36Z
2024-03-29T19:30:00Z,2024-03-29T20:30,2024-03-29T20:45,83,92.08,92.08,92.08,,1,UP,NO,NO,2026-10-04T00:05:36Z
2024-03-29T19:45:00Z,2024-03-29T20:45,2024-03-29T21:00,84,72.08,72.08,72.08,,1,UP,NO,NO,2026-10-04T00:05:36Z
2024-03-29T20:00:00Z,2024-03-29T21:00,2024-03-29T21:15,85,102.43,102.43,102.43,,1,UP,NO,NO,2026-10-04T00:05:36Z
2024-03-29T20:15:00Z,2024-03-29T21:15,2024-03-29T21:30,86,107.02,107.02,107.02,,1,UP,NO,NO,2026-10-04T00:05:36Z
2024-03-29T20:30:00Z,2024-03-29T21:30,2024-03-29T21:45,87,92.02,92.02,92.02,,1,UP,NO,NO,2026-10-04T00:05:36Z
2024-03-29T20:45:00Z,2024-03-29T21:45,2024-03-29T22:00,88,142.43,142.43,142.43,,1,UP,NO,NO,2026-10-04T00:05:36Z
2024-03-29T21:00:00Z,2024-03-29T22:00,2024-03-29T22:15,89,411.9,411.9,411.9,,1,UP,NO,NO,2026-10-04T00:05:36Z
2024-03-29T21:15:00Z,2024-03-29T22:15,2024-03-29T22:30,90,411.8,411.8,411.8,,1,UP,NO,NO,2026-10-04T00:05:36Z
2024-03-29T21:30:00Z,2024-03-29T22:30,2024-03-29T22:45,91,117.39,117.39,117.39,,1,UP,NO,NO,2026-10-04T00:05:36Z
2024-03-29T21:45:00Z,2024-03-29T22:45,2024-03-29T23:00,92,84.74,84.74,84.74,,1,UP,NO,NO,2026-10-04T00:05:36Z
2024-03-29T22:00:00Z,2024-03-29T23:00,2024-03-29T23:15,93,20.15,20.15,84.74,20.15,-1,DOWN,NO,NO,2026-10-04T00:05:36Z
2024-03-29T22:15:00Z,2024-03-29T23:15,2024-03-29T23:30,94,-10,-10,,-10,-1,DOWN,NO,NO,2026-10-04T00:05:36Z
2024-03-29T22:30:00Z,2024-03-29T23:30,2024-03-29T23:45,95,-10,-10,,-10,-1,DOWN,NO,NO,2026-10-04T00:05:36Z
2024-03-29T22:45:00Z,2024-03-29T23:45,2024-03-30T00:00,96,-10,-10,,-10,-1,DOWN,NO,NO,2026-10-04T00:05:36Z
2024-03-29T23:00:00Z,2024-03-30T00:00,2024-03-30T00:15,1,57.24,57.24,,57.24,-1,DOWN,NO,NO,2026-10-04T00:05:36Z
2024-03-29T23:15:00Z,2024-03-30T00:15,2024-03-30T00:30,2,-57.55,-57.55,,-57.55,-1,DOWN,NO,NO,2026-10-04T00:05:36Z
2024-03-29T23:30:00Z,2024-03-30T00:30,2024-03-30T00:45,3,-89.88,-89.88,,-89.88,-1,DOWN,NO,NO,2026-10-04T00:05:36Z
2024-03-29T23:45:00Z,2024-03-30T00:45,2024-03-30T01:00,4,-194.6,-194.6,,-194.6,-1,DOWN,NO,NO,2026-10-04T00:05:36Z
2024-03-30T00:00:00Z,2024-03-30T01:00,2024-03-30T01:15,5,-26.16,-26.16,,-26.16,-1,DOWN,NO,NO,2026-10-04T00:05:36Z
2024-03-30T00:15:00Z,2024-03-30T01:15,2024-03-30T01:30,6,-5.41,-5.41,,-5.41,-1,DOWN,NO,NO,2026-10-04T00:05:36Z
2024-03-30T00:30:00Z,2024-03-30T01:30,2024-03-30T01:45,7,-5.41,-5.41,,-5.41,-1,DOWN,NO,NO,2026-10-04T00:05:36Z
2024-03-30T00:45:00Z,2024-03-30T01:45,2024-03-30T02:00,8,-31.94,-31.94,,-31.94,-1,DOWN,NO,NO,2026-10-04T00:05:36Z
2024-03-30T01:00:00Z,2024-03-30T02:00,2024-03-30T02:15,9,48.52,48.52,,48.52,-1,DOWN,NO,NO,2026-10-04T00:05:36Z
2024-03-30T01:15:00Z,2024-03-30T02:15,2024-03-30T02:30,10,57.24,57.24,,57.24,-1,DOWN,NO,NO,2026-10-04T00:05:36Z
2024-03-30T01:30:00Z,2024-03-30T02:30,2024-03-30T02:45,11,62.93,62.93,,62.93,-1,DOWN,NO,NO,2026-10-04T00:05:36Z
2024-03-30T01:45:00Z,2024-03-30T02:45,2024-03-30T03:00,12,70.97,70.97,70.97,,1,UP,NO,NO,2026-10-04T00:05:36Z
2024-03-30T02:00:00Z,2024-03-30T03:00,2024-03-30T03:15,13,72.82,72.82,72.82,,1,UP,NO,NO,2026-10-04T00:05:36Z
2024-03-30T02:15:00Z,2024-03-30T03:15,2024-03-30T03:30,14,92.02,92.02,92.02,,1,UP,NO,NO,2026-10-04T00:05:36Z
2024-03-30T02:30:00Z,2024-03-30T03:30,2024-03-30T03:45,15,82.93,82.93,82.93,,1,UP,NO,NO,2026-10-04T00:05:36Z
2024-03-30T02:45:00Z,2024-03-30T03:45,2024-03-30T04:00,16,80.54,80.54,80.54,,1,UP,NO,NO,2026-10-04T00:05:36Z
2024-03-30T03:00:00Z,2024-03-30T04:00,2024-03-30T04:15,17,64.81,64.81,80.54,,0,STABLE,NO,NO,2026-10-04T00:05:36Z
2024-03-30T03:15:00Z,2024-03-30T04:15,2024-03-30T04:30,18,64.76,64.76,,,0,STABLE,NO,NO,2026-10-04T00:05:36Z
2024-03-30T03:30:00Z,2024-03-30T04:30,2024-03-30T04:45,19,64.86,64.86,,,0,STABLE,NO,NO,2026-10-04T00:05:36Z
2024-03-30T03:45:00Z,2024-03-30T04:45,2024-03-30T05:00,20,54.94,54.94,,54.94,-1,DOWN,NO,NO,2026-10-04T00:05:36Z
2024-03-30T04:00:00Z,2024-03-30T05:00,2024-03-30T05:15,21,17.24,17.24,,17.24,-1,DOWN,NO,NO,2026-10-04T00:05:36Z
2024-03-30T04:15:00Z,2024-03-30T05:15,2024-03-30T05:30,22,40.47,40.47,,40.47,-1,DOWN,NO,NO,2026-10-04T00:05:36Z
2024-03-30T04:30:00Z,2024-03-30T05:30,2024-03-30T05:45,23,52.93,52.93,,52.93,-1,DOWN,NO,NO,2026-10-04T00:05:36Z
2024-03-30T04:45:00Z,2024-03-30T05:45,2024-03-30T06:00,24,47.93,47.93,,47.93,-1,DOWN,NO,NO,2026-10-04T00:05:36Z
2024-03-30T05:00:00Z,2024-03-30T06:00,2024-03-30T06:15,25,73.26,43.52,73.26,43.52,2,UP_AND_DOWN,NO,NO,2026-10-04T00:05:36Z
2024-03-30T05:15:00Z,2024-03-30T06:15,2024-03-30T06:30,26,72.4,72.4,72.4,,1,UP,NO,NO,2026-10-04T00:05:36Z
2024-03-30T05:30:00Z,2024-03-30T06:30,2024-03-30T06:45,27,57.93,57.93,,57.93,-1,DOWN,NO,NO,2026-10-04T00:05:36Z
2024-03-30T05:45:00Z,2024-03-30T06:45,2024-03-30T07:00,28,57.93,57.93,,57.93,-1,DOWN,NO,NO,2026-10-04T00:05:36Z
2024-03-30T06:00:00Z,2024-03-30T07:00,2024-03-30T07:15,29,68.5,68.5,68.5,57.93,1,UP,NO,NO,2026-10-04T00:05:36Z
2024-03-30T06:15:00Z,2024-03-30T07:15,2024-03-30T07:30,30,74.67,74.67,74.67,,1,UP,NO,NO,2026-10-04T00:05:36Z
2024-03-30T06:30:00Z,2024-03-30T07:30,2024-03-30T07:45,31,65.35,65.35,65.35,,1,UP,NO,NO,2026-10-04T00:05:36Z
2024-03-30T06:45:00Z,2024-03-30T07:45,2024-03-30T08:00,32,64.14,64.14,65.35,,0,STABLE,NO,NO,2026-10-04T00:05:36Z
2024-03-30T07:00:00Z,2024-03-30T08:00,2024-03-30T08:15,33,57.93,57.93,,57.93,-1,DOWN,NO,NO,2026-10-04T00:05:36Z
2024-03-30T07:15:00Z,2024-03-30T08:15,2024-03-30T08:30,34,57.38,57.38,,57.38,-1,DOWN,NO,NO,2026-10-04T00:05:36Z
2024-03-30T07:30:00Z,2024-03-30T08:30,2024-03-30T08:45,35,57.24,57.24,,57.24,-1,DOWN,NO,NO,2026-10-04T00:05:36Z
2024-03-30T07:45:00Z,2024-03-30T08:45,2024-03-30T09:00,36,58.73,58.73,,58.73,-1,DOWN,NO,NO,2026-10-04T00:05:36Z
2024-03-30T08:00:00Z,2024-03-30T09:00,2024-03-30T09:15,37,65.41,57.24,65.41,57.24,2,UP_AND_DOWN,NO,NO,2026-10-04T00:05:36Z
2024-03-30T08:15:00Z,2024-03-30T09:15,2024-03-30T09:30,38,62.24,62.24,63.91,62.24,-1,DOWN,NO,NO,2026-10-04T00:05:36Z
2024-03-30T08:30:00Z,2024-03-30T09:30,2024-03-30T09:45,39,57.24,57.24,,57.24,-1,DOWN,NO,NO,2026-10-04T00:05:36Z
2024-03-30T08:45:00Z,2024-03-30T09:45,2024-03-30T10:00,40,27.93,27.93,,27.93,-1,DOWN,NO,NO,2026-10-04T00:05:36Z
2024-03-30T09:00:00Z,2024-03-30T10:00,2024-03-30T10:15,41,21.7,21.7,,21.7,-1,DOWN,NO,NO,2026-10-04T00:05:36Z
2024-03-30T09:15:00Z,2024-03-30T10:15,2024-03-30T10:30,42,52,52,,52,-1,DOWN,NO,NO,2026-10-04T00:05:36Z
2024-03-30T09:30:00Z,2024-03-30T10:30,2024-03-30T10:45,43,57.93,57.93,,57.93,-1,DOWN,NO,NO,2026-10-04T00:05:36Z
2024-03-30T09:45:00Z,2024-03-30T10:45,2024-03-30T11:00,44,52.93,52.93,,52.93,-1,DOWN,NO,NO,2026-10-04T00:05:36Z
2024-03-30T10:00:00Z,2024-03-30T11:00,2024-03-30T11:15,45,77.02,77.02,77.02,54.18,1,UP,NO,NO,2026-10-04T00:05:36Z
2024-03-30T10:15:00Z,2024-03-30T11:15,2024-03-30T11:30,46,1877.02,1877.02,1877.02,,1,UP,NO,NO,2026-10-04T00:05:36Z
2024-03-30T10:30:00Z,2024-03-30T11:30,2024-03-30T11:45,47,107.02,107.02,107.02,,1,UP,NO,NO,2026-10-04T00:05:36Z
2024-03-30T10:45:00Z,2024-03-30T11:45,2024-03-30T12:00,48,236.2,236.2,236.2,,1,UP,NO,NO,2026-10-04T00:05:36Z
2024-03-30T11:00:00Z,2024-03-30T12:00,2024-03-30T12:15,49,1877.02,1877.02,1877.02,,1,UP,NO,NO,2026-10-04T00:05:36Z
2024-03-30T11:15:00Z,2024-03-30T12:15,2024-03-30T12:30,50,183.87,183.87,183.87,,1,UP,NO,NO,2026-10-04T00:05:36Z
2024-03-30T11:30:00Z,2024-03-30T12:30,2024-03-30T12:45,51,380.12,380.12,380.12,,1,UP,NO,NO,2026-10-04T00:05:36Z
2024-03-30T11:45:00Z,2024-03-30T12:45,2024-03-30T13:00,52,203.19,203.19,203.19,,1,UP,NO,NO,2026-10-04T00:05:36Z
2024-03-30T12:00:00Z,2024-03-30T13:00,2024-03-30T13:15,53,78.89,78.89,78.89,,1,UP,NO,NO,2026-10-04T00:05:36Z
2024-03-30T12:15:00Z,2024-03-30T13:15,2024-03-30T13:30,54,92.02,92.02,92.02,,1,UP,NO,NO,2026-10-04T00:05:36Z
2024-03-30T12:30:00Z,2024-03-30T13:30,2024-03-30T13:45,55,78.89,78.89,78.89,,1,UP,NO,NO,2026-10-04T00:05:36Z
2024-03-30T12:45:00Z,2024-03-30T13:45,2024-03-30T14:00,56,73.84,73.84,73.84,,1,UP,NO,NO,2026-10-04T00:05:36Z
2024-03-30T13:00:00Z,2024-03-30T14:00,2024-03-30T14:15,57,90.02,90.02,90.02,,1,UP,NO,NO,2026-10-04T00:05:36Z
2024-03-30T13:15:00Z,2024-03-30T14:15,2024-03-30T14:30,58,55.25,55.25,,55.25,-1,DOWN,NO,NO,2026-10-04T00:05:36Z
2024-03-30T13:30:00Z,2024-03-30T14:30,2024-03-30T14:45,59,52.24,52.24,,52.24,-1,DOWN,NO,NO,2026-10-04T00:05:36Z
2024-03-30T13:45:00Z,2024-03-30T14:45,2024-03-30T15:00,60,37.93,37.93,,37.93,-1,DOWN,NO,NO,2026-10-04T00:05:36Z
2024-03-30T14:00:00Z,2024-03-30T15:00,2024-03-30T15:15,61,17.24,17.24,,17.24,-1,DOWN,NO,NO,2026-10-04T00:05:36Z
2024-03-30T14:15:00Z,2024-03-30T15:15,2024-03-30T15:30,62,42.93,42.93,,42.93,-1,DOWN,NO,NO,2026-10-04T00:05:36Z
2024-03-30T14:30:00Z,2024-03-30T15:30,2024-03-30T15:45,63,62.93,62.93,,62.93,-1,DOWN,NO,NO,2026-10-04T00:05:36Z
2024-03-30T14:45:00Z,2024-03-30T15:45,2024-03-30T16:00,64,37.93,37.93,,37.93,-1,DOWN,NO,NO,2026-10-04T00:05:36Z
2024-03-30T15:00:00Z,2024-03-30T16:00,2024-03-30T16:15,65,33.69,33.69,,33.69,-1,DOWN,NO,NO,2026-10-04T00:05:36Z
2024-03-30T15:15:00Z,2024-03-30T16:15,2024-03-30T16:30,66,57.93,57.93,,57.93,-1,DOWN,NO,NO,2026-10-04T00:05:36Z
2024-03-30T15:30:00Z,2024-03-30T16:30,2024-03-30T16:45,67,42.82,42.82,,42.82,-1,DOWN,NO,NO,2026-10-04T00:05:36Z
2024-03-30T15:45:00Z,2024-03-30T16:45,2024-03-30T17:00,68,57.93,57.93,,57.93,-1,DOWN,NO,NO,2026-10-04T00:05:36Z
2024-03-30T16:00:00Z,2024-03-30T17:00,2024-03-30T17:15,69,-501.43,-501.43,,-501.43,-1,DOWN,NO,NO,2026-10-04T00:05:36Z
2024-03-30T16:15:00Z,2024-03-30T17:15,2024-03-30T17:30,70,-81.74,-81.74,,-81.74,-1,DOWN,NO,NO,2026-10-04T00:05:36Z
2024-03-30T16:30:00Z,2024-03-30T17:30,2024-03-30T17:45,71,-85.1,-85.1,,-85.1,-1,DOWN,NO,NO,2026-10-04T00:05:36Z
2024-03-30T16:45:00Z,2024-03-30T17:45,2024-03-30T18:00,72,2.93,2.93,,2.93,-1,DOWN,NO,NO,2026-10-04T00:05:36Z
2024-03-30T17:00:00Z,2024-03-30T18:00,2024-03-30T18:15,73,37.69,37.69,,37.69,-1,DOWN,NO,NO,2026-10-04T00:05:36Z
2024-03-30T17:15:00Z,2024-03-30T18:15,2024-03-30T18:30,74,45.5,45.5,,45.5,-1,DOWN,NO,NO,2026-10-04T00:05:36Z
2024-03-30T17:30:00Z,2024-03-30T18:30,2024-03-30T18:45,75,69.1,69.1,,45.5,0,STABLE,NO,NO,2026-10-04T00:05:36Z
2024-03-30T17:45:00Z,2024-03-30T18:45,2024-03-30T19:00,76,69.1,69.1,,,0,STABLE,NO,NO,2026-10-04T00:05:36Z
2024-03-30T18:00:00Z,2024-03-30T19:00,2024-03-30T19:15,77,64.58,64.58,,64.58,-1,DOWN,NO,NO,2026-10-04T00:05:36Z
2024-03-30T18:15:00Z,2024-03-30T19:15,2024-03-30T19:30,78,59.95,59.95,,59.95,-1,DOWN,NO,NO,2026-10-04T00:05:36Z
2024-03-30T18:30:00Z,2024-03-30T19:30,2024-03-30T19:45,79,66.69,66.69,,66.69,-1,DOWN,NO,NO,2026-10-04T00:05:36Z
2024-03-30T18:45:00Z,2024-03-30T19:45,2024-03-30T20:00,80,64.19,64.19,,64.19,-1,DOWN,NO,NO,2026-10-04T00:05:36Z
2024-03-30T19:00:00Z,2024-03-30T20:00,2024-03-30T20:15,81,63.76,63.76,,63.76,-1,DOWN,NO,NO,2026-10-04T00:05:36Z
2024-03-30T19:15:00Z,2024-03-30T20:15,2024-03-30T20:30,82,65.69,65.69,,65.69,-1,DOWN,NO,NO,2026-10-04T00:05:36Z
2024-03-30T19:30:00Z,2024-03-30T20:30,2024-03-30T20:45,83,64.13,64.13,,64.13,-1,DOWN,NO,NO,2026-10-04T00:05:36Z
2024-03-30T19:45:00Z,2024-03-30T20:45,2024-03-30T21:00,84,59.58,59.58,,59.58,-1,DOWN,NO,NO,2026-10-04T00:05:36Z
2024-03-30T20:00:00Z,2024-03-30T21:00,2024-03-30T21:15,85,52.93,52.93,,52.93,-1,DOWN,NO,NO,2026-10-04T00:05:36Z
2024-03-30T20:15:00Z,2024-03-30T21:15,2024-03-30T21:30,86,55.03,55.03,,55.03,-1,DOWN,NO,NO,2026-10-04T00:05:36Z
2024-03-30T20:30:00Z,2024-03-30T21:30,2024-03-30T21:45,87,55.03,55.03,,55.03,-1,DOWN,NO,NO,2026-10-04T00:05:36Z
2024-03-30T20:45:00Z,2024-03-30T21:45,2024-03-30T22:00,88,52.93,52.93,,52.93,-1,DOWN,NO,NO,2026-10-04T00:05:36Z
2024-03-30T21:00:00Z,2024-03-30T22:00,2024-03-30T22:15,89,47.93,47.93,,47.93,-1,DOWN,NO,NO,2026-10-04T00:05:36Z
2024-03-30T21:15:00Z,2024-03-30T22:15,2024-03-30T22:30,90,58.93,58.93,,58.93,-1,DOWN,NO,NO,2026-10-04T00:05:36Z
2024-03-30T21:30:00Z,2024-03-30T22:30,2024-03-30T22:45,91,61.84,61.84,,61.84,-1,DOWN,NO,NO,2026-10-04T00:05:36Z
2024-03-30T21:45:00Z,2024-03-30T22:45,2024-03-30T23:00,92,58.77,58.77,,58.77,-1,DOWN,NO,NO,2026-10-04T00:05:36Z
2024-03-30T22:00:00Z,2024-03-30T23:00,2024-03-30T23:15,93,57.93,57.93,,57.93,-1,DOWN,NO,NO,2026-10-04T00:05:36Z
2024-03-30T22:15:00Z,2024-03-30T23:15,2024-03-30T23:30,94,69.96,69.96,,,0,STABLE,NO,NO,2026-10-04T00:05:36Z
2024-03-30T22:30:00Z,2024-03-30T23:30,2024-03-30T23:45,95,61.92,61.92,,61.92,-1,DOWN,NO,NO,2026-10-04T00:05:36Z
2024-03-30T22:45:00Z,2024-03-30T23:45,2024-03-31T00:00,96,57.93,57.93,,57.93,-1,DOWN,NO,NO,2026-10-04T00:05:36Z
2024-03-30T23:00:00Z,2024-03-31T00:00,2024-03-31T00:15,1,88.69,65.69,88.69,65.69,2,UP_AND_DOWN,NO,NO,2026-10-04T00:05:36Z
2024-03-30T23:15:00Z,2024-03-31T00:15,2024-03-31T00:30,2,74.13,74.13,74.13,,1,UP,NO,NO,2026-10-04T00:05:36Z
2024-03-30T23:30:00Z,2024-03-31T00:30,2024-03-31T00:45,3,74.44,74.44,74.44,,1,UP,NO,NO,2026-10-04T00:05:36Z
2024-03-30T23:45:00Z,2024-03-31T00:45,2024-03-31T01:00,4,73.69,73.69,73.69,,1,UP,NO,NO,2026-10-04T00:05:36Z
2024-03-31T00:00:00Z,2024-03-31T01:00,2024-03-31T01:15,5,98.69,98.69,98.69,,1,UP,NO,NO,2026-10-04T00:05:36Z
2024-03-31T00:15:00Z,2024-03-31T01:15,2024-03-31T01:30,6,80.69,80.69,80.69,,1,UP,NO,NO,2026-10-04T00:05:36Z
2024-03-31T00:30:00Z,2024-03-31T01:30,2024-03-31T01:45,7,69.73,69.73,69.73,,1,UP,NO,NO,2026-10-04T00:05:36Z
2024-03-31T00:45:00Z,2024-03-31T01:45,2024-03-31T02:00,8,61.69,61.69,,61.69,-1,DOWN,NO,NO,2026-10-04T00:05:36Z
2024-03-31T01:00:00Z,2024-03-31T03:00,2024-03-31T03:15,9,68.36,58.46,68.36,58.46,2,UP_AND_DOWN,NO,NO,2026-10-04T00:05:36Z
2024-03-31T01:15:00Z,2024-03-31T03:15,2024-03-31T03:30,10,78.69,78.69,78.69,,1,UP,NO,NO,2026-10-04T00:05:36Z
2024-03-31T01:30:00Z,2024-03-31T03:30,2024-03-31T03:45,11,67.37,67.37,65.05,68.69,2,UP_AND_DOWN,NO,NO,2026-10-04T00:05:36Z
2024-03-31T01:45:00Z,2024-03-31T03:45,2024-03-31T04:00,12,43.46,43.46,,43.46,-1,DOWN,NO,NO,2026-10-04T00:05:36Z
2024-03-31T02:00:00Z,2024-03-31T04:00,2024-03-31T04:15,13,36.57,36.57,,36.57,-1,DOWN,NO,NO,2026-10-04T00:05:36Z
2024-03-31T02:15:00Z,2024-03-31T04:15,2024-03-31T04:30,14,53.46,53.46,,53.46,-1,DOWN,NO,NO,2026-10-04T00:05:36Z
2024-03-31T02:30:00Z,2024-03-31T04:30,2024-03-31T04:45,15,37.6,37.6,,37.6,-1,DOWN,NO,NO,2026-10-04T00:05:36Z
2024-03-31T02:45:00Z,2024-03-31T04:45,2024-03-31T05:00,16,27.13,27.13,,27.13,-1,DOWN,NO,NO,2026-10-04T00:05:36Z
2024-03-31T03:00:00Z,2024-03-31T05:00,2024-03-31T05:15,17,38.58,38.58,,38.58,-1,DOWN,NO,NO,2026-10-04T00:05:36Z
2024-03-31T03:15:00Z,2024-03-31T05:15,2024-03-31T05:30,18,42.82,42.82,,42.82,-1,DOWN,NO,NO,2026-10-04T00:05:36Z
2024-03-31T03:30:00Z,2024-03-31T05:30,2024-03-31T05:45,19,13.46,13.46,,13.46,-1,DOWN,NO,NO,2026-10-04T00:05:36Z
2024-03-31T03:45:00Z,2024-03-31T05:45,2024-03-31T06:00,20,-36.48,-36.48,,-36.48,-1,DOWN,NO,NO,2026-10-04T00:05:36Z
2024-03-31T04:00:00Z,2024-03-31T06:00,2024-03-31T06:15,21,31.4,31.4,,31.4,-1,DOWN,NO,NO,2026-10-04T00:05:36Z
2024-03-31T04:15:00Z,2024-03-31T06:15,2024-03-31T06:30,22,21.08,21.08,,21.08,-1,DOWN,NO,NO,2026-10-04T00:05:36Z
2024-03-31T04:30:00Z,2024-03-31T06:30,2024-03-31T06:45,23,12.98,12.98,,12.98,-1,DOWN,NO,NO,2026-10-04T00:05:36Z
2024-03-31T04:45:00Z,2024-03-31T06:45,2024-03-31T07:00,24,-26.69,-26.69,,-26.69,-1,DOWN,NO,NO,2026-10-04T00:05:36Z
2024-03-31T05:00:00Z,2024-03-31T07:00,2024-03-31T07:15,25,-26.69,-26.69,,-26.69,-1,DOWN,NO,NO,2026-10-04T00:05:36Z
2024-03-31T05:15:00Z,2024-03-31T07:15,2024-03-31T07:30,26,-33.37,-33.37,,-33.37,-1,DOWN,NO,NO,2026-10-04T00:05:36Z
2024-03-31T05:30:00Z,2024-03-31T07:30,2024-03-31T07:45,27,-10,-10,,-10,-1,DOWN,NO,NO,2026-10-04T00:05:36Z
2024-03-31T05:45:00Z,2024-03-31T07:45,2024-03-31T08:00,28,-26.69,-26.69,,-26.69,-1,DOWN,NO,NO,2026-10-04T00:05:36Z
2024-03-31T06:00:00Z,2024-03-31T08:00,2024-03-31T08:15,29,-10,-10,,-10,-1,DOWN,NO,NO,2026-10-04T00:05:36Z
2024-03-31T06:15:00Z,2024-03-31T08:15,2024-03-31T08:30,30,-49.19,-49.19,,-49.19,-1,DOWN,NO,NO,2026-10-04T00:05:36Z
2024-03-31T06:30:00Z,2024-03-31T08:30,2024-03-31T08:45,31,-10,-10,,-10,-1,DOWN,NO,NO,2026-10-04T00:05:36Z
2024-03-31T06:45:00Z,2024-03-31T08:45,2024-03-31T09:00,32,-30.73,-30.73,,-30.73,-1,DOWN,NO,NO,2026-10-04T00:05:36Z
2024-03-31T07:00:00Z,2024-03-31T09:00,2024-03-31T09:15,33,58.83,58.83,,58.83,-1,DOWN,NO,NO,2026-10-04T00:05:36Z
2024-03-31T07:15:00Z,2024-03-31T09:15,2024-03-31T09:30,34,18.83,18.83,,18.83,-1,DOWN,NO,NO,2026-10-04T00:05:36Z
2024-03-31T07:30:00Z,2024-03-31T09:30,2024-03-31T09:45,35,-19.19,-19.19,,-19.19,-1,DOWN,NO,NO,2026-10-04T00:05:36Z
2024-03-31T07:45:00Z,2024-03-31T09:45,2024-03-31T10:00,36,-49.19,-49.19,,-49.19,-1,DOWN,NO,NO,2026-10-04T00:05:36Z
2024-03-31T08:00:00Z,2024-03-31T10:00,2024-03-31T10:15,37,39.5,39.5,,39.5,-1,DOWN,NO,NO,2026-10-04T00:05:36Z
2024-03-31T08:15:00Z,2024-03-31T10:15,2024-03-31T10:30,38,52.69,52.69,,52.69,-1,DOWN,NO,NO,2026-10-04T00:05:36Z
2024-03-31T08:30:00Z,2024-03-31T10:30,2024-03-31T10:45,39,-40,-40,,-40,-1,DOWN,NO,NO,2026-10-04T00:05:36Z
2024-03-31T08:45:00Z,2024-03-31T10:45,2024-03-31T11:00,40,-26.69,-26.69,,-26.69,-1,DOWN,NO,NO,2026-10-04T00:05:36Z
2024-03-31T09:00:00Z,2024-03-31T11:00,2024-03-31T11:15,41,-58.35,-58.35,,-58.35,-1,DOWN,NO,NO,2026-10-04T00:05:36Z
2024-03-31T09:15:00Z,2024-03-31T11:15,2024-03-31T11:30,42,-50.41,-50.41,,-50.41,-1,DOWN,NO,NO,2026-10-04T00:05:36Z
2024-03-31T09:30:00Z,2024-03-31T11:30,2024-03-31T11:45,43,-1000,-1000,,-1000,-1,DOWN,NO,NO,2026-10-04T00:05:36Z
2024-03-31T09:45:00Z,2024-03-31T11:45,2024-03-31T12:00,44,-1000,-1000,,-1000,-1,DOWN,NO,NO,2026-10-04T00:05:36Z
2024-03-31T10:00:00Z,2024-03-31T12:00,2024-03-31T12:15,45,-1000,-1000,,-1000,-1,DOWN,NO,NO,2026-10-04T00:05:36Z
2024-03-31T10:15:00Z,2024-03-31T12:15,2024-03-31T12:30,46,-1100,-1100,,-1100,-1,DOWN,,YES,2026-10-04T00:05:36Z
2024-03-31T10:30:00Z,2024-03-31T12:30,2024-03-31T12:45,47,-1100,-1100,,-1100,-1,DOWN,,YES,2026-10-04T00:05:36Z
2024-03-31T10:45:00Z,2024-03-31T12:45,2024-03-31T13:00,48,-1100,-1100,,-1100,-1,DOWN,,YES,2026-10-04T00:05:36Z
2024-03-31T11:00:00Z,2024-03-31T13:00,2024-03-31T13:15,49,-1100,-1100,,-1100,-1,DOWN,,YES,2026-10-04T00:05:36Z
2024-03-31T11:15:00Z,2024-03-31T13:15,2024-03-31T13:30,50,-1100,-1100,,-1100,-1,DOWN,,YES,2026-10-04T00:05:36Z
2024-03-31T11:30:00Z,2024-03-31T13:30,2024-03-31T13:45,51,-1100,-1100,,-1100,-1,DOWN,,YES,2026-10-04T00:05:36Z
2024-03-31T11:45:00Z,2024-03-31T13:45,2024-03-31T14:00,52,-1100,-1100,,-1100,-1,DOWN,,YES,2026-10-04T00:05:36Z
2024-03-31T12:00:00Z,2024-03-31T14:00,2024-03-31T14:15,53,-249.03,-249.03,,-249.03,-1,DOWN,,YES,2026-10-04T00:05:36Z
2024-03-31T12:15:00Z,2024-03-31T14:15,2024-03-31T14:30,54,-249.03,-249.03,,-249.03,-1,DOWN,,YES,2026-10-04T00:05:36Z
2024-03-31T12:30:00Z,2024-03-31T14:30,2024-03-31T14:45,55,-249.03,-249.03,,-249.03,-1,DOWN,,YES,2026-10-04T00:05:36Z
2024-03-31T12:45:00Z,2024-03-31T14:45,2024-03-31T15:00,56,28.83,28.83,,28.83,-1,DOWN,NO,NO,2026-10-04T00:05:36Z
2024-03-31T13:00:00Z,2024-03-31T15:00,2024-03-31T15:15,57,16.57,16.57,,16.57,-1,DOWN,NO,NO,2026-10-04T00:05:36Z
2024-03-31T13:15:00Z,2024-03-31T15:15,2024-03-31T15:30,58,43.46,43.46,,43.46,-1,DOWN,NO,NO,2026-10-04T00:05:36Z
2024-03-31T13:30:00Z,2024-03-31T15:30,2024-03-31T15:45,59,13.46,13.46,,13.46,-1,DOWN,NO,NO,2026-10-04T00:05:36Z
2024-03-31T13:45:00Z,2024-03-31T15:45,2024-03-31T16:00,60,-1000,-1000,,-1000,-1,DOWN,NO,NO,2026-10-04T00:05:36Z
2024-03-31T14:00:00Z,2024-03-31T16:00,2024-03-31T16:15,61,-501.43,-501.43,,-501.43,-1,DOWN,NO,NO,2026-10-04T00:05:36Z
2024-03-31T14:15:00Z,2024-03-31T16:15,2024-03-31T16:30,62,-1000,-1000,,-1000,-1,DOWN,NO,NO,2026-10-04T00:05:36Z
2024-03-31T14:30:00Z,2024-03-31T16:30,2024-03-31T16:45,63,-1000,-1000,,-1000,-1,DOWN,NO,NO,2026-10-04T00:05:36Z
2024-03-31T14:45:00Z,2024-03-31T16:45,2024-03-31T17:00,64,-54,-54,,-54,-1,DOWN,NO,NO,2026-10-04T00:05:36Z
2024-03-31T15:00:00Z,2024-03-31T17:00,2024-03-31T17:15,65,-54,-54,,-54,-1,DOWN,NO,NO,2026-10-04T00:05:36Z
2024-03-31T15:15:00Z,2024-03-31T17:15,2024-03-31T17:30,66,137.1,137.1,137.1,66.69,1,UP,NO,NO,2026-10-04T00:05:36Z
2024-03-31T15:30:00Z,2024-03-31T17:30,2024-03-31T17:45,67,1887.1,1887.1,1887.1,,1,UP,NO,NO,2026-10-04T00:05:36Z
2024-03-31T15:45:00Z,2024-03-31T17:45,2024-03-31T18:00,68,120.9,120.9,120.9,,1,UP,NO,NO,2026-10-04T00:05:36Z
2024-03-31T16:00:00Z,2024-03-31T18:00,2024-03-31T18:15,69,83.69,30.5,83.69,30.5,2,UP_AND_DOWN,NO,NO,2026-10-04T00:05:36Z
2024-03-31T16:15:00Z,2024-03-31T18:15,2024-03-31T18:30,70,39.19,39.19,,39.19,-1,DOWN,NO,NO,2026-10-04T00:05:36Z
2024-03-31T16:30:00Z,2024-03-31T18:30,2024-03-31T18:45,71,48.83,48.83,,48.83,-1,DOWN,NO,NO,2026-10-04T00:05:36Z
2024-03-31T16:45:00Z,2024-03-31T18:45,2024-03-31T19:00,72,53.83,53.83,,53.83,-1,DOWN,NO,NO,2026-10-04T00:05:36Z
2024-03-31T17:00:00Z,2024-03-31T19:00,2024-03-31T19:15,73,-112.48,-112.48,,-112.48,-1,DOWN,NO,NO,2026-10-04T00:05:36Z
2024-03-31T17:15:00Z,2024-03-31T19:15,2024-03-31T19:30,74,30.5,30.5,,30.5,-1,DOWN,NO,NO,2026-10-04T00:05:36Z
2024-03-31T17:30:00Z,2024-03-31T19:30,2024-03-31T19:45,75,28.83,28.83,,28.83,-1,DOWN,NO,NO,2026-10-04T00:05:36Z
2024-03-31T17:45:00Z,2024-03-31T19:45,2024-03-31T20:00,76,55.41,55.41,,55.41,-1,DOWN,NO,NO,2026-10-04T00:05:36Z
2024-03-31T18:00:00Z,2024-03-31T20:00,2024-03-31T20:15,77,48.83,48.83,,48.83,-1,DOWN,NO,NO,2026-10-04T00:05:36Z
2024-03-31T18:15:00Z,2024-03-31T20:15,2024-03-31T20:30,78,89.86,89.86,89.86,48.83,1,UP,NO,NO,2026-10-04T00:05:36Z
2024-03-31T18:30:00Z,2024-03-31T20:30,2024-03-31T20:45,79,121.1,121.1,121.1,,1,UP,NO,NO,2026-10-04T00:05:36Z
2024-03-31T18:45:00Z,2024-03-31T20:45,2024-03-31T21:00,80,89.86,58.83,89.86,58.83,2,UP_AND_DOWN,NO,NO,2026-10-04T00:05:36Z
2024-03-31T19:00:00Z,2024-03-31T21:00,2024-03-31T21:15,81,1887.1,63.83,1887.1,63.83,2,UP_AND_DOWN,NO,NO,2026-10-04T00:05:36Z
2024-03-31T19:15:00Z,2024-03-31T21:15,2024-03-31T21:30,82,98.99,98.99,98.99,,1,UP,NO,NO,2026-10-04T00:05:36Z
2024-03-31T19:30:00Z,2024-03-31T21:30,2024-03-31T21:45,83,64.93,64.93,64.93,,1,UP,NO,NO,2026-10-04T00:05:36Z
2024-03-31T19:45:00Z,2024-03-31T21:45,2024-03-31T22:00,84,67.31,67.31,,67.69,0,STABLE,NO,NO,2026-10-04T00:05:36Z
2024-03-31T20:00:00Z,2024-03-31T22:00,2024-03-31T22:15,85,63.83,63.83,,63.83,-1,DOWN,NO,NO,2026-10-04T00:05:36Z
2024-03-31T20:15:00Z,2024-03-31T22:15,2024-03-31T22:30,86,59.69,59.69,,59.69,-1,DOWN,NO,NO,2026-10-04T00:05:36Z
2024-03-31T20:30:00Z,2024-03-31T22:30,2024-03-31T22:45,87,65.69,65.69,,65.69,-1,DOWN,NO,NO,2026-10-04T00:05:36Z
2024-03-31T20:45:00Z,2024-03-31T22:45,2024-03-31T23:00,88,68.69,68.69,69.78,68.69,-1,DOWN,NO,NO,2026-10-04T00:05:36Z
2024-03-31T21:00:00Z,2024-03-31T23:00,2024-03-31T23:15,89,1887.1,1887.1,1887.1,,1,UP,NO,NO,2026-10-04T00:05:36Z
2024-03-31T21:15:00Z,2024-03-31T23:15,2024-03-31T23:30,90,1887.1,1887.1,1887.1,,1,UP,NO,NO,2026-10-04T00:05:36Z
2024-03-31T21:30:00Z,2024-03-31T23:30,2024-03-31T23:45,91,142.5,142.5,142.5,,1,UP,NO,NO,2026-10-04T00:05:36Z
2024-03-31T21:45:00Z,2024-03-31T23:45,2024-04-01T00:00,92,89.86,89.86,89.86,,1,UP,NO,NO,2026-10-04T00:05:36Z
2024-03-31T22:00:00Z,2024-04-01T00:00,2024-04-01T00:15,1,1988.17,-40,1988.17,-40,2,UP_AND_DOWN,NO,NO,2026-10-04T00:05:36Z
2024-03-31T22:15:00Z,2024-04-01T00:15,2024-04-01T00:30,2,138.44,138.44,138.44,,1,UP,NO,NO,2026-10-04T00:05:36Z
2024-03-31T22:30:00Z,2024-04-01T00:30,2024-04-01T00:45,3,72.55,72.55,72.55,,1,UP,NO,NO,2026-10-04T00:05:36Z
2024-03-31T22:45:00Z,2024-04-01T00:45,2024-04-01T01:00,4,66.51,31.1,66.51,31.1,2,UP_AND_DOWN,NO,NO,2026-10-04T00:05:36Z
2024-03-31T23:00:00Z,2024-04-01T01:00,2024-04-01T01:15,5,66.47,66.47,66.47,,1,UP,NO,NO,2026-10-04T00:05:36Z
2024-03-31T23:15:00Z,2024-04-01T01:15,2024-04-01T01:30,6,96,96,96,,1,UP,NO,NO,2026-10-04T00:05:36Z
2024-03-31T23:30:00Z,2024-04-01T01:30,2024-04-01T01:45,7,96,96,96,,1,UP,NO,NO,2026-10-04T00:05:36Z
2024-03-31T23:45:00Z,2024-04-01T01:45,2024-04-01T02:00,8,96,96,96,,1,UP,NO,NO,2026-10-04T00:05:36Z
