locatie_code,locatie_naam,timestamp,datum,weekdag,tijd,beschikbaar
gn001,Groningen,2026-09-01T00:01:02+02:00,2026-09-01,dinsdag,00:01,326
gn001,Groningen,2026-09-01T00:16:03+02:00,2026-09-01,dinsdag,00:16,328
gn001,Groningen,2026-09-01T00:31:03+02:00,2026-09-01,dinsdag,00:31,327
gn001,Groningen,2026-09-01T00:46:02+02:00,2026-09-01,dinsdag,00:46,327
gn001,Groningen,2026-09-01T01:01:02+02:00,2026-09-01,dinsdag,01:01,327
gn001,Groningen,2026-09-01T01:16:02+02:00,2026-09-01,dinsdag,01:16,327
gn001,Groningen,2026-09-01T01:31:02+02:00,2026-09-01,dinsdag,01:31,325
gn001,Groningen,2026-09-01T01:46:03+02:00,2026-09-01,dinsdag,01:46,328
gn001,Groningen,2026-09-01T02:01:03+02:00,2026-09-01,dinsdag,02:01,328
gn001,Groningen,2026-09-01T02:16:02+02:00,2026-09-01,dinsdag,02:16,328
gn001,Groningen,2026-09-01T02:31:03+02:00,2026-09-01,dinsdag,02:31,328
gn001,Groningen,2026-09-01T02:46:02+02:00,2026-09-01,dinsdag,02:46,328
gn001,Groningen,2026-09-01T03:01:03+02:00,2026-09-01,dinsdag,03:01,328
gn001,Groningen,2026-09-01T03:16:02+02:00,2026-09-01,dinsdag,03:16,328
gn001,Groningen,2026-09-01T03:31:02+02:00,2026-09-01,dinsdag,03:31,328
gn001,Groningen,2026-09-01T03:46:02+02:00,2026-09-01,dinsdag,03:46,329
gn001,Groningen,2026-09-01T04:01:02+02:00,2026-09-01,dinsdag,04:01,329
gn001,Groningen,2026-09-01T04:16:02+02:00,2026-09-01,dinsdag,04:16,329
gn001,Groningen,2026-09-01T04:31:05+02:00,2026-09-01,dinsdag,04:31,329
gn001,Groningen,2026-09-01T04:46:03+02:00,2026-09-01,dinsdag,04:46,329
gn001,Groningen,2026-09-01T05:01:03+02:00,2026-09-01,dinsdag,05:01,329
gn001,Groningen,2026-09-01T05:16:04+02:00,2026-09-01,dinsdag,05:16,329
gn001,Groningen,2026-09-01T05:31:05+02:00,2026-09-01,dinsdag,05:31,329
gn001,Groningen,2026-09-01T05:46:03+02:00,2026-09-01,dinsdag,05:46,330
gn001,Groningen,2026-09-01T06:01:02+02:00,2026-09-01,dinsdag,06:01,331
gn001,Groningen,2026-09-01T06:16:04+02:00,2026-09-01,dinsdag,06:16,331
gn001,Groningen,2026-09-01T06:31:02+02:00,2026-09-01,dinsdag,06:31,330
gn001,Groningen,2026-09-01T06:46:02+02:00,2026-09-01,dinsdag,06:46,327
gn001,Groningen,2026-09-01T07:01:02+02:00,2026-09-01,dinsdag,07:01,324
gn001,Groningen,2026-09-01T07:16:03+02:00,2026-09-01,dinsdag,07:16,322
gn001,Groningen,2026-09-01T07:31:02+02:00,2026-09-01,dinsdag,07:31,315
gn001,Groningen,2026-09-01T07:46:02+02:00,2026-09-01,dinsdag,07:46,300
gn001,Groningen,2026-09-01T08:01:03+02:00,2026-09-01,dinsdag,08:01,284
gn001,Groningen,2026-09-01T08:16:02+02:00,2026-09-01,dinsdag,08:16,256
gn001,Groningen,2026-09-01T08:31:02+02:00,2026-09-01,dinsdag,08:31,227
gn001,Groningen,2026-09-01T08:46:02+02:00,2026-09-01,dinsdag,08:46,195
gn001,Groningen,2026-09-01T09:01:02+02:00,2026-09-01,dinsdag,09:01,159
gn001,Groningen,2026-09-01T09:16:02+02:00,2026-09-01,dinsdag,09:16,141
gn001,Groningen,2026-09-01T09:31:02+02:00,2026-09-01,dinsdag,09:31,120
gn001,Groningen,2026-09-01T09:46:02+02:00,2026-09-01,dinsdag,09:46,113
gn001,Groningen,2026-09-01T10:01:02+02:00,2026-09-01,dinsdag,10:01,98
gn001,Groningen,2026-09-01T10:16:03+02:00,2026-09-01,dinsdag,10:16,96
gn001,Groningen,2026-09-01T10:31:02+02:00,2026-09-01,dinsdag,10:31,85
gn001,Groningen,2026-09-01T11:01:02+02:00,2026-09-01,dinsdag,11:01,73
gn001,Groningen,2026-09-01T11:16:02+02:00,2026-09-01,dinsdag,11:16,73
gn001,Groningen,2026-09-01T11:46:02+02:00,2026-09-01,dinsdag,11:46,65
gn001,Groningen,2026-09-01T12:01:02+02:00,2026-09-01,dinsdag,12:01,60
gn001,Groningen,2026-09-01T12:31:02+02:00,2026-09-01,dinsdag,12:31,54
gn001,Groningen,2026-09-01T12:46:03+02:00,2026-09-01,dinsdag,12:46,53
gn001,Groningen,2026-09-01T13:01:03+02:00,2026-09-01,dinsdag,13:01,56
gn001,Groningen,2026-09-01T13:16:03+02:00,2026-09-01,dinsdag,13:16,59
gn001,Groningen,2026-09-01T13:31:03+02:00,2026-09-01,dinsdag,13:31,60
gn001,Groningen,2026-09-01T13:46:02+02:00,2026-09-01,dinsdag,13:46,64
gn001,Groningen,2026-09-01T14:01:02+02:00,2026-09-01,dinsdag,14:01,54
gn001,Groningen,2026-09-01T14:16:03+02:00,2026-09-01,dinsdag,14:16,60
gn001,Groningen,2026-09-01T14:31:03+02:00,2026-09-01,dinsdag,14:31,62
gn001,Groningen,2026-09-01T14:46:03+02:00,2026-09-01,dinsdag,14:46,68
gn001,Groningen,2026-09-01T15:01:02+02:00,2026-09-01,dinsdag,15:01,73
gn001,Groningen,2026-09-01T15:16:03+02:00,2026-09-01,dinsdag,15:16,91
gn001,Groningen,2026-09-01T15:31:02+02:00,2026-09-01,dinsdag,15:31,93
gn001,Groningen,2026-09-01T15:46:02+02:00,2026-09-01,dinsdag,15:46,106
gn001,Groningen,2026-09-01T16:01:02+02:00,2026-09-01,dinsdag,16:01,121
gn001,Groningen,2026-09-01T16:16:03+02:00,2026-09-01,dinsdag,16:16,143
gn001,Groningen,2026-09-01T16:31:03+02:00,2026-09-01,dinsdag,16:31,165
gn001,Groningen,2026-09-01T16:46:03+02:00,2026-09-01,dinsdag,16:46,184
gn001,Groningen,2026-09-01T17:01:02+02:00,2026-09-01,dinsdag,17:01,200
gn001,Groningen,2026-09-01T17:16:02+02:00,2026-09-01,dinsdag,17:16,234
gn001,Groningen,2026-09-01T17:31:03+02:00,2026-09-01,dinsdag,17:31,256
gn001,Groningen,2026-09-01T17:46:02+02:00,2026-09-01,dinsdag,17:46,264
gn001,Groningen,2026-09-01T18:01:03+02:00,2026-09-01,dinsdag,18:01,261
gn001,Groningen,2026-09-01T18:16:03+02:00,2026-09-01,dinsdag,18:16,260
gn001,Groningen,2026-09-01T18:31:02+02:00,2026-09-01,dinsdag,18:31,269
gn001,Groningen,2026-09-01T18:46:02+02:00,2026-09-01,dinsdag,18:46,276
gn001,Groningen,2026-09-01T19:01:03+02:00,2026-09-01,dinsdag,19:01,278
gn001,Groningen,2026-09-01T19:16:02+02:00,2026-09-01,dinsdag,19:16,277
gn001,Groningen,2026-09-01T19:31:02+02:00,2026-09-01,dinsdag,19:31,283
gn001,Groningen,2026-09-01T20:01:02+02:00,2026-09-01,dinsdag,20:01,284
gn001,Groningen,2026-09-01T20:16:02+02:00,2026-09-01,dinsdag,20:16,289
gn001,Groningen,2026-09-01T20:31:02+02:00,2026-09-01,dinsdag,20:31,291
gn001,Groningen,2026-09-01T20:46:02+02:00,2026-09-01,dinsdag,20:46,299
gn001,Groningen,2026-09-01T21:01:02+02:00,2026-09-01,dinsdag,21:01,300
gn001,Groningen,2026-09-01T21:16:03+02:00,2026-09-01,dinsdag,21:16,301
gn001,Groningen,2026-09-01T21:31:02+02:00,2026-09-01,dinsdag,21:31,303
gn001,Groningen,2026-09-01T21:46:02+02:00,2026-09-01,dinsdag,21:46,305
gn001,Groningen,2026-09-01T22:01:02+02:00,2026-09-01,dinsdag,22:01,305
gn001,Groningen,2026-09-01T22:16:02+02:00,2026-09-01,dinsdag,22:16,312
gn001,Groningen,2026-09-01T22:46:02+02:00,2026-09-01,dinsdag,22:46,308
gn001,Groningen,2026-09-01T23:01:02+02:00,2026-09-01,dinsdag,23:01,307
gn001,Groningen,2026-09-01T23:16:03+02:00,2026-09-01,dinsdag,23:16,309
gn001,Groningen,2026-09-01T23:31:02+02:00,2026-09-01,dinsdag,23:31,307
gn001,Groningen,2026-09-01T23:46:02+02:00,2026-09-01,dinsdag,23:46,307
gn001,Groningen,2026-09-02T00:01:02+02:00,2026-09-02,woensdag,00:01,307
gn001,Groningen,2026-09-02T00:16:03+02:00,2026-09-02,woensdag,00:16,307
gn001,Groningen,2026-09-02T00:31:02+02:00,2026-09-02,woensdag,00:31,307
gn001,Groningen,2026-09-02T00:46:02+02:00,2026-09-02,woensdag,00:46,309
gn001,Groningen,2026-09-02T01:01:02+02:00,2026-09-02,woensdag,01:01,310
gn001,Groningen,2026-09-02T01:16:01+02:00,2026-09-02,woensdag,01:16,310
gn001,Groningen,2026-09-02T01:31:02+02:00,2026-09-02,woensdag,01:31,310
gn001,Groningen,2026-09-02T01:46:02+02:00,2026-09-02,woensdag,01:46,310
gn001,Groningen,2026-09-02T02:01:02+02:00,2026-09-02,woensdag,02:01,309
gn001,Groningen,2026-09-02T02:16:03+02:00,2026-09-02,woensdag,02:16,309
gn001,Groningen,2026-09-02T02:31:03+02:00,2026-09-02,woensdag,02:31,309
gn001,Groningen,2026-09-02T02:46:02+02:00,2026-09-02,woensdag,02:46,309
gn001,Groningen,2026-09-02T03:01:02+02:00,2026-09-02,woensdag,03:01,309
gn001,Groningen,2026-09-02T03:16:03+02:00,2026-09-02,woensdag,03:16,309
gn001,Groningen,2026-09-02T03:31:03+02:00,2026-09-02,woensdag,03:31,309
gn001,Groningen,2026-09-02T03:46:03+02:00,2026-09-02,woensdag,03:46,309
gn001,Groningen,2026-09-02T04:01:02+02:00,2026-09-02,woensdag,04:01,309
gn001,Groningen,2026-09-02T04:16:02+02:00,2026-09-02,woensdag,04:16,309
gn001,Groningen,2026-09-02T04:31:02+02:00,2026-09-02,woensdag,04:31,309
gn001,Groningen,2026-09-02T04:46:02+02:00,2026-09-02,woensdag,04:46,309
gn001,Groningen,2026-09-02T05:01:03+02:00,2026-09-02,woensdag,05:01,309
gn001,Groningen,2026-09-02T05:16:02+02:00,2026-09-02,woensdag,05:16,311
gn001,Groningen,2026-09-02T05:31:03+02:00,2026-09-02,woensdag,05:31,311
gn001,Groningen,2026-09-02T05:46:03+02:00,2026-09-02,woensdag,05:46,311
gn001,Groningen,2026-09-02T06:01:02+02:00,2026-09-02,woensdag,06:01,311
gn001,Groningen,2026-09-02T06:16:03+02:00,2026-09-02,woensdag,06:16,311
gn001,Groningen,2026-09-02T06:31:03+02:00,2026-09-02,woensdag,06:31,312
gn001,Groningen,2026-09-02T06:46:03+02:00,2026-09-02,woensdag,06:46,312
gn001,Groningen,2026-09-02T07:16:03+02:00,2026-09-02,woensdag,07:16,303
gn001,Groningen,2026-09-02T07:46:02+02:00,2026-09-02,woensdag,07:46,290
gn001,Groningen,2026-09-02T08:01:03+02:00,2026-09-02,woensdag,08:01,281
gn001,Groningen,2026-09-02T08:16:02+02:00,2026-09-02,woensdag,08:16,275
gn001,Groningen,2026-09-02T08:31:02+02:00,2026-09-02,woensdag,08:31,239
gn001,Groningen,2026-09-02T08:46:02+02:00,2026-09-02,woensdag,08:46,226
gn001,Groningen,2026-09-02T09:01:02+02:00,2026-09-02,woensdag,09:01,202
gn001,Groningen,2026-09-02T09:16:03+02:00,2026-09-02,woensdag,09:16,198
gn001,Groningen,2026-09-02T09:31:04+02:00,2026-09-02,woensdag,09:31,180
gn001,Groningen,2026-09-02T09:46:02+02:00,2026-09-02,woensdag,09:46,174
gn001,Groningen,2026-09-02T10:16:04+02:00,2026-09-02,woensdag,10:16,163
gn001,Groningen,2026-09-02T10:31:03+02:00,2026-09-02,woensdag,10:31,147
gn001,Groningen,2026-09-02T11:01:03+02:00,2026-09-02,woensdag,11:01,127
gn001,Groningen,2026-09-02T11:16:03+02:00,2026-09-02,woensdag,11:16,130
gn001,Groningen,2026-09-02T11:31:03+02:00,2026-09-02,woensdag,11:31,127
gn001,Groningen,2026-09-02T12:16:02+02:00,2026-09-02,woensdag,12:16,120
gn001,Groningen,2026-09-02T12:31:05+02:00,2026-09-02,woensdag,12:31,114
gn001,Groningen,2026-09-02T12:46:02+02:00,2026-09-02,woensdag,12:46,116
gn001,Groningen,2026-09-02T13:01:02+02:00,2026-09-02,woensdag,13:01,116
gn001,Groningen,2026-09-02T13:16:04+02:00,2026-09-02,woensdag,13:16,117
gn001,Groningen,2026-09-02T13:31:03+02:00,2026-09-02,woensdag,13:31,112
gn001,Groningen,2026-09-02T13:46:02+02:00,2026-09-02,woensdag,13:46,113
gn001,Groningen,2026-09-02T14:46:03+02:00,2026-09-02,woensdag,14:46,133
gn001,Groningen,2026-09-02T15:01:02+02:00,2026-09-02,woensdag,15:01,138
gn001,Groningen,2026-09-02T15:31:04+02:00,2026-09-02,woensdag,15:31,163
gn001,Groningen,2026-09-02T15:46:03+02:00,2026-09-02,woensdag,15:46,172
gn001,Groningen,2026-09-02T16:01:02+02:00,2026-09-02,woensdag,16:01,179
gn001,Groningen,2026-09-02T16:16:03+02:00,2026-09-02,woensdag,16:16,197
gn001,Groningen,2026-09-02T16:46:03+02:00,2026-09-02,woensdag,16:46,219
gn001,Groningen,2026-09-02T17:01:03+02:00,2026-09-02,woensdag,17:01,230
gn001,Groningen,2026-09-02T17:31:03+02:00,2026-09-02,woensdag,17:31,252
gn001,Groningen,2026-09-02T17:46:02+02:00,2026-09-02,woensdag,17:46,256
gn001,Groningen,2026-09-02T18:01:03+02:00,2026-09-02,woensdag,18:01,261
gn001,Groningen,2026-09-02T18:16:04+02:00,2026-09-02,woensdag,18:16,262
gn001,Groningen,2026-09-02T18:46:04+02:00,2026-09-02,woensdag,18:46,267
gn001,Groningen,2026-09-02T19:01:05+02:00,2026-09-02,woensdag,19:01,269
gn001,Groningen,2026-09-02T19:16:03+02:00,2026-09-02,woensdag,19:16,275
gn001,Groningen,2026-09-02T19:46:03+02:00,2026-09-02,woensdag,19:46,275
gn001,Groningen,2026-09-02T20:01:03+02:00,2026-09-02,woensdag,20:01,280
gn001,Groningen,2026-09-02T20:16:03+02:00,2026-09-02,woensdag,20:16,284
gn001,Groningen,2026-09-02T20:31:03+02:00,2026-09-02,woensdag,20:31,285
gn001,Groningen,2026-09-02T20:46:03+02:00,2026-09-02,woensdag,20:46,284
gn001,Groningen,2026-09-02T21:01:03+02:00,2026-09-02,woensdag,21:01,287
gn001,Groningen,2026-09-02T21:16:02+02:00,2026-09-02,woensdag,21:16,290
gn001,Groningen,2026-09-02T21:31:04+02:00,2026-09-02,woensdag,21:31,295
gn001,Groningen,2026-09-02T22:01:03+02:00,2026-09-02,woensdag,22:01,298
gn001,Groningen,2026-09-02T22:16:03+02:00,2026-09-02,woensdag,22:16,309
gn001,Groningen,2026-09-02T22:31:04+02:00,2026-09-02,woensdag,22:31,309
gn001,Groningen,2026-09-02T22:46:02+02:00,2026-09-02,woensdag,22:46,307
gn001,Groningen,2026-09-02T23:01:03+02:00,2026-09-02,woensdag,23:01,309
gn001,Groningen,2026-09-02T23:16:03+02:00,2026-09-02,woensdag,23:16,312
gn001,Groningen,2026-09-02T23:31:02+02:00,2026-09-02,woensdag,23:31,313
gn001,Groningen,2026-09-02T23:46:02+02:00,2026-09-02,woensdag,23:46,311
gn001,Groningen,2026-09-03T00:01:03+02:00,2026-09-03,donderdag,00:01,310
gn001,Groningen,2026-09-03T00:16:04+02:00,2026-09-03,donderdag,00:16,310
gn001,Groningen,2026-09-03T00:31:03+02:00,2026-09-03,donderdag,00:31,307
gn001,Groningen,2026-09-03T00:46:02+02:00,2026-09-03,donderdag,00:46,307
gn001,Groningen,2026-09-03T01:01:04+02:00,2026-09-03,donderdag,01:01,306
gn001,Groningen,2026-09-03T01:16:02+02:00,2026-09-03,donderdag,01:16,307
gn001,Groningen,2026-09-03T01:31:02+02:00,2026-09-03,donderdag,01:31,307
gn001,Groningen,2026-09-03T01:46:02+02:00,2026-09-03,donderdag,01:46,307
gn001,Groningen,2026-09-03T02:01:03+02:00,2026-09-03,donderdag,02:01,307
gn001,Groningen,2026-09-03T02:16:02+02:00,2026-09-03,donderdag,02:16,307
gn001,Groningen,2026-09-03T02:31:03+02:00,2026-09-03,donderdag,02:31,307
gn001,Groningen,2026-09-03T02:46:02+02:00,2026-09-03,donderdag,02:46,307
gn001,Groningen,2026-09-03T03:01:02+02:00,2026-09-03,donderdag,03:01,308
gn001,Groningen,2026-09-03T03:16:02+02:00,2026-09-03,donderdag,03:16,308
gn001,Groningen,2026-09-03T03:31:03+02:00,2026-09-03,donderdag,03:31,308
gn001,Groningen,2026-09-03T03:46:02+02:00,2026-09-03,donderdag,03:46,308
gn001,Groningen,2026-09-03T04:01:03+02:00,2026-09-03,donderdag,04:01,308
gn001,Groningen,2026-09-03T04:31:03+02:00,2026-09-03,donderdag,04:31,308
gn001,Groningen,2026-09-03T04:46:03+02:00,2026-09-03,donderdag,04:46,308
gn001,Groningen,2026-09-03T05:01:03+02:00,2026-09-03,donderdag,05:01,309
gn001,Groningen,2026-09-03T05:16:03+02:00,2026-09-03,donderdag,05:16,309
gn001,Groningen,2026-09-03T05:31:04+02:00,2026-09-03,donderdag,05:31,310
gn001,Groningen,2026-09-03T05:46:03+02:00,2026-09-03,donderdag,05:46,310
gn001,Groningen,2026-09-03T06:01:02+02:00,2026-09-03,donderdag,06:01,311
gn001,Groningen,2026-09-03T06:16:03+02:00,2026-09-03,donderdag,06:16,311
gn001,Groningen,2026-09-03T06:31:04+02:00,2026-09-03,donderdag,06:31,310
gn001,Groningen,2026-09-03T06:46:04+02:00,2026-09-03,donderdag,06:46,308
gn001,Groningen,2026-09-03T07:01:02+02:00,2026-09-03,donderdag,07:01,305
gn001,Groningen,2026-09-03T07:16:03+02:00,2026-09-03,donderdag,07:16,301
gn001,Groningen,2026-09-03T07:31:03+02:00,2026-09-03,donderdag,07:31,288
gn001,Groningen,2026-09-03T07:46:03+02:00,2026-09-03,donderdag,07:46,277
gn001,Groningen,2026-09-03T08:31:03+02:00,2026-09-03,donderdag,08:31,221
gn001,Groningen,2026-09-03T08:46:02+02:00,2026-09-03,donderdag,08:46,205
gn001,Groningen,2026-09-03T09:01:03+02:00,2026-09-03,donderdag,09:01,165
gn001,Groningen,2026-09-03T09:16:04+02:00,2026-09-03,donderdag,09:16,164
gn001,Groningen,2026-09-03T09:46:03+02:00,2026-09-03,donderdag,09:46,138
gn001,Groningen,2026-09-03T10:01:05+02:00,2026-09-03,donderdag,10:01,133
gn001,Groningen,2026-09-03T10:16:03+02:00,2026-09-03,donderdag,10:16,126
gn001,Groningen,2026-09-03T10:31:06+02:00,2026-09-03,donderdag,10:31,123
gn001,Groningen,2026-09-03T10:46:03+02:00,2026-09-03,donderdag,10:46,123
gn001,Groningen,2026-09-03T11:01:04+02:00,2026-09-03,donderdag,11:01,100
gn001,Groningen,2026-09-03T11:16:03+02:00,2026-09-03,donderdag,11:16,101
gn001,Groningen,2026-09-03T11:31:04+02:00,2026-09-03,donderdag,11:31,95
gn001,Groningen,2026-09-03T12:01:05+02:00,2026-09-03,donderdag,12:01,90
gn001,Groningen,2026-09-03T12:16:02+02:00,2026-09-03,donderdag,12:16,89
gn001,Groningen,2026-09-03T12:31:04+02:00,2026-09-03,donderdag,12:31,91
gn001,Groningen,2026-09-03T13:46:03+02:00,2026-09-03,donderdag,13:46,99
gn001,Groningen,2026-09-03T14:01:04+02:00,2026-09-03,donderdag,14:01,105
gn001,Groningen,2026-09-03T16:01:03+02:00,2026-09-03,donderdag,16:01,151
gn001,Groningen,2026-09-03T16:31:04+02:00,2026-09-03,donderdag,16:31,180
gn001,Groningen,2026-09-03T17:01:04+02:00,2026-09-03,donderdag,17:01,209
gn001,Groningen,2026-09-03T17:16:03+02:00,2026-09-03,donderdag,17:16,215
gn001,Groningen,2026-09-03T17:31:03+02:00,2026-09-03,donderdag,17:31,237
gn001,Groningen,2026-09-03T17:46:03+02:00,2026-09-03,donderdag,17:46,245
gn001,Groningen,2026-09-03T18:01:03+02:00,2026-09-03,donderdag,18:01,855
gn001,Groningen,2026-09-03T18:16:03+02:00,2026-09-03,donderdag,18:16,246
gn001,Groningen,2026-09-03T18:31:05+02:00,2026-09-03,donderdag,18:31,240
gn001,Groningen,2026-09-03T18:46:02+02:00,2026-09-03,donderdag,18:46,244
gn001,Groningen,2026-09-03T19:01:03+02:00,2026-09-03,donderdag,19:01,246
gn001,Groningen,2026-09-03T19:31:03+02:00,2026-09-03,donderdag,19:31,246
gn001,Groningen,2026-09-03T19:46:03+02:00,2026-09-03,donderdag,19:46,244
gn001,Groningen,2026-09-03T20:01:03+02:00,2026-09-03,donderdag,20:01,240
gn001,Groningen,2026-09-03T20:16:03+02:00,2026-09-03,donderdag,20:16,241
gn001,Groningen,2026-09-03T20:31:02+02:00,2026-09-03,donderdag,20:31,246
gn001,Groningen,2026-09-03T20:46:03+02:00,2026-09-03,donderdag,20:46,247
gn001,Groningen,2026-09-03T21:16:03+02:00,2026-09-03,donderdag,21:16,264
gn001,Groningen,2026-09-03T21:46:03+02:00,2026-09-03,donderdag,21:46,265
gn001,Groningen,2026-09-03T22:01:03+02:00,2026-09-03,donderdag,22:01,266
gn001,Groningen,2026-09-03T22:16:02+02:00,2026-09-03,donderdag,22:16,273
gn001,Groningen,2026-09-03T22:31:03+02:00,2026-09-03,donderdag,22:31,278
gn001,Groningen,2026-09-03T22:46:02+02:00,2026-09-03,donderdag,22:46,283
gn001,Groningen,2026-09-03T23:01:02+02:00,2026-09-03,donderdag,23:01,284
gn001,Groningen,2026-09-03T23:16:02+02:00,2026-09-03,donderdag,23:16,285
gn001,Groningen,2026-09-03T23:31:02+02:00,2026-09-03,donderdag,23:31,283
gn001,Groningen,2026-09-03T23:46:02+02:00,2026-09-03,donderdag,23:46,288
gn001,Groningen,2026-09-04T00:01:02+02:00,2026-09-04,vrijdag,00:01,290
gn001,Groningen,2026-09-04T00:16:02+02:00,2026-09-04,vrijdag,00:16,290
gn001,Groningen,2026-09-04T00:31:03+02:00,2026-09-04,vrijdag,00:31,288
gn001,Groningen,2026-09-04T00:46:03+02:00,2026-09-04,vrijdag,00:46,288
gn001,Groningen,2026-09-04T01:01:03+02:00,2026-09-04,vrijdag,01:01,289
gn001,Groningen,2026-09-04T01:31:02+02:00,2026-09-04,vrijdag,01:31,290
gn001,Groningen,2026-09-04T01:46:02+02:00,2026-09-04,vrijdag,01:46,287
gn001,Groningen,2026-09-04T02:01:03+02:00,2026-09-04,vrijdag,02:01,287
gn001,Groningen,2026-09-04T02:16:02+02:00,2026-09-04,vrijdag,02:16,287
gn001,Groningen,2026-09-04T02:31:02+02:00,2026-09-04,vrijdag,02:31,287
gn001,Groningen,2026-09-04T02:46:02+02:00,2026-09-04,vrijdag,02:46,287
gn001,Groningen,2026-09-04T03:01:03+02:00,2026-09-04,vrijdag,03:01,287
gn001,Groningen,2026-09-04T03:16:03+02:00,2026-09-04,vrijdag,03:16,287
gn001,Groningen,2026-09-04T03:31:02+02:00,2026-09-04,vrijdag,03:31,287
gn001,Groningen,2026-09-04T03:46:03+02:00,2026-09-04,vrijdag,03:46,287
gn001,Groningen,2026-09-04T04:01:02+02:00,2026-09-04,vrijdag,04:01,287
gn001,Groningen,2026-09-04T04:16:02+02:00,2026-09-04,vrijdag,04:16,287
gn001,Groningen,2026-09-04T04:31:03+02:00,2026-09-04,vrijdag,04:31,287
gn001,Groningen,2026-09-04T05:01:02+02:00,2026-09-04,vrijdag,05:01,291
gn001,Groningen,2026-09-04T05:16:02+02:00,2026-09-04,vrijdag,05:16,292
gn001,Groningen,2026-09-04T05:31:02+02:00,2026-09-04,vrijdag,05:31,292
gn001,Groningen,2026-09-04T05:46:03+02:00,2026-09-04,vrijdag,05:46,292
gn001,Groningen,2026-09-04T06:01:02+02:00,2026-09-04,vrijdag,06:01,294
gn001,Groningen,2026-09-04T06:16:02+02:00,2026-09-04,vrijdag,06:16,294
gn001,Groningen,2026-09-04T06:31:03+02:00,2026-09-04,vrijdag,06:31,292
gn001,Groningen,2026-09-04T06:46:03+02:00,2026-09-04,vrijdag,06:46,290
gn001,Groningen,2026-09-04T07:01:02+02:00,2026-09-04,vrijdag,07:01,287
gn001,Groningen,2026-09-04T07:16:02+02:00,2026-09-04,vrijdag,07:16,287
gn001,Groningen,2026-09-04T07:31:03+02:00,2026-09-04,vrijdag,07:31,286
gn001,Groningen,2026-09-04T07:46:02+02:00,2026-09-04,vrijdag,07:46,281
gn001,Groningen,2026-09-04T08:01:03+02:00,2026-09-04,vrijdag,08:01,275
gn001,Groningen,2026-09-04T08:16:03+02:00,2026-09-04,vrijdag,08:16,267
gn001,Groningen,2026-09-04T08:31:04+02:00,2026-09-04,vrijdag,08:31,258
gn001,Groningen,2026-09-04T08:46:03+02:00,2026-09-04,vrijdag,08:46,249
gn001,Groningen,2026-09-04T09:01:03+02:00,2026-09-04,vrijdag,09:01,239
gn001,Groningen,2026-09-04T09:16:04+02:00,2026-09-04,vrijdag,09:16,238
gn001,Groningen,2026-09-04T09:46:05+02:00,2026-09-04,vrijdag,09:46,225
gn001,Groningen,2026-09-04T10:01:04+02:00,2026-09-04,vrijdag,10:01,229
gn001,Groningen,2026-09-04T10:16:04+02:00,2026-09-04,vrijdag,10:16,228
gn001,Groningen,2026-09-04T10:31:04+02:00,2026-09-04,vrijdag,10:31,225
gn001,Groningen,2026-09-04T11:01:05+02:00,2026-09-04,vrijdag,11:01,221
gn001,Groningen,2026-09-04T11:16:02+02:00,2026-09-04,vrijdag,11:16,223
gn001,Groningen,2026-09-04T12:01:03+02:00,2026-09-04,vrijdag,12:01,223
gn001,Groningen,2026-09-04T12:16:04+02:00,2026-09-04,vrijdag,12:16,222
gn001,Groningen,2026-09-04T12:31:03+02:00,2026-09-04,vrijdag,12:31,229
gn001,Groningen,2026-09-04T13:31:05+02:00,2026-09-04,vrijdag,13:31,230
gn001,Groningen,2026-09-04T13:46:03+02:00,2026-09-04,vrijdag,13:46,236
gn001,Groningen,2026-09-04T14:16:02+02:00,2026-09-04,vrijdag,14:16,243
gn001,Groningen,2026-09-04T14:46:03+02:00,2026-09-04,vrijdag,14:46,254
gn001,Groningen,2026-09-04T15:01:03+02:00,2026-09-04,vrijdag,15:01,246
gn001,Groningen,2026-09-04T15:16:03+02:00,2026-09-04,vrijdag,15:16,255
gn001,Groningen,2026-09-04T15:31:03+02:00,2026-09-04,vrijdag,15:31,253
gn001,Groningen,2026-09-04T15:46:02+02:00,2026-09-04,vrijdag,15:46,258
gn001,Groningen,2026-09-04T16:01:04+02:00,2026-09-04,vrijdag,16:01,249
gn001,Groningen,2026-09-04T16:16:03+02:00,2026-09-04,vrijdag,16:16,253
gn001,Groningen,2026-09-04T16:46:03+02:00,2026-09-04,vrijdag,16:46,254
gn001,Groningen,2026-09-04T17:01:02+02:00,2026-09-04,vrijdag,17:01,251
gn001,Groningen,2026-09-04T17:16:02+02:00,2026-09-04,vrijdag,17:16,254
gn001,Groningen,2026-09-04T17:31:03+02:00,2026-09-04,vrijdag,17:31,254
gn001,Groningen,2026-09-04T18:16:03+02:00,2026-09-04,vrijdag,18:16,231
gn001,Groningen,2026-09-04T18:31:02+02:00,2026-09-04,vrijdag,18:31,217
gn001,Groningen,2026-09-04T18:46:02+02:00,2026-09-04,vrijdag,18:46,206
gn001,Groningen,2026-09-04T19:01:02+02:00,2026-09-04,vrijdag,19:01,184
gn001,Groningen,2026-09-04T19:31:03+02:00,2026-09-04,vrijdag,19:31,173
gn001,Groningen,2026-09-04T19:46:02+02:00,2026-09-04,vrijdag,19:46,171
gn001,Groningen,2026-09-04T20:01:02+02:00,2026-09-04,vrijdag,20:01,161
gn001,Groningen,2026-09-04T20:16:02+02:00,2026-09-04,vrijdag,20:16,158
gn001,Groningen,2026-09-04T20:31:03+02:00,2026-09-04,vrijdag,20:31,148
gn001,Groningen,2026-09-04T21:01:02+02:00,2026-09-04,vrijdag,21:01,131
gn001,Groningen,2026-09-04T21:16:02+02:00,2026-09-04,vrijdag,21:16,129
gn001,Groningen,2026-09-04T21:31:02+02:00,2026-09-04,vrijdag,21:31,122
gn001,Groningen,2026-09-04T21:46:03+02:00,2026-09-04,vrijdag,21:46,124
gn001,Groningen,2026-09-04T22:01:02+02:00,2026-09-04,vrijdag,22:01,116
gn001,Groningen,2026-09-04T22:16:03+02:00,2026-09-04,vrijdag,22:16,118
gn001,Groningen,2026-09-04T22:31:03+02:00,2026-09-04,vrijdag,22:31,114
gn001,Groningen,2026-09-04T22:46:02+02:00,2026-09-04,vrijdag,22:46,120
gn001,Groningen,2026-09-04T23:01:03+02:00,2026-09-04,vrijdag,23:01,115
gn001,Groningen,2026-09-04T23:16:02+02:00,2026-09-04,vrijdag,23:16,117
gn001,Groningen,2026-09-04T23:31:02+02:00,2026-09-04,vrijdag,23:31,118
gn001,Groningen,2026-09-04T23:46:02+02:00,2026-09-04,vrijdag,23:46,129
gn001,Groningen,2026-09-05T00:01:02+02:00,2026-09-05,zaterdag,00:01,134
gn001,Groningen,2026-09-05T00:16:02+02:00,2026-09-05,zaterdag,00:16,136
gn001,Groningen,2026-09-05T00:31:02+02:00,2026-09-05,zaterdag,00:31,138
gn001,Groningen,2026-09-05T00:46:02+02:00,2026-09-05,zaterdag,00:46,139
gn001,Groningen,2026-09-05T01:01:02+02:00,2026-09-05,zaterdag,01:01,137
gn001,Groningen,2026-09-05T01:16:03+02:00,2026-09-05,zaterdag,01:16,138
gn001,Groningen,2026-09-05T01:31:02+02:00,2026-09-05,zaterdag,01:31,137
gn001,Groningen,2026-09-05T01:46:02+02:00,2026-09-05,zaterdag,01:46,137
gn001,Groningen,2026-09-05T02:01:02+02:00,2026-09-05,zaterdag,02:01,138
gn001,Groningen,2026-09-05T02:16:03+02:00,2026-09-05,zaterdag,02:16,136
gn001,Groningen,2026-09-05T02:31:02+02:00,2026-09-05,zaterdag,02:31,136
gn001,Groningen,2026-09-05T02:46:03+02:00,2026-09-05,zaterdag,02:46,137
gn001,Groningen,2026-09-05T03:01:03+02:00,2026-09-05,zaterdag,03:01,141
gn001,Groningen,2026-09-05T03:16:02+02:00,2026-09-05,zaterdag,03:16,141
gn001,Groningen,2026-09-05T03:31:02+02:00,2026-09-05,zaterdag,03:31,141
gn001,Groningen,2026-09-05T03:46:03+02:00,2026-09-05,zaterdag,03:46,141
gn001,Groningen,2026-09-05T04:01:02+02:00,2026-09-05,zaterdag,04:01,141
gn001,Groningen,2026-09-05T04:16:02+02:00,2026-09-05,zaterdag,04:16,141
gn001,Groningen,2026-09-05T04:31:02+02:00,2026-09-05,zaterdag,04:31,141
gn001,Groningen,2026-09-05T04:46:02+02:00,2026-09-05,zaterdag,04:46,141
gn001,Groningen,2026-09-05T05:01:02+02:00,2026-09-05,zaterdag,05:01,141
gn001,Groningen,2026-09-05T05:16:02+02:00,2026-09-05,zaterdag,05:16,141
gn001,Groningen,2026-09-05T05:31:03+02:00,2026-09-05,zaterdag,05:31,141
gn001,Groningen,2026-09-05T05:46:03+02:00,2026-09-05,zaterdag,05:46,142
gn001,Groningen,2026-09-05T06:01:02+02:00,2026-09-05,zaterdag,06:01,142
gn001,Groningen,2026-09-05T06:16:03+02:00,2026-09-05,zaterdag,06:16,142
gn001,Groningen,2026-09-05T06:31:03+02:00,2026-09-05,zaterdag,06:31,142
gn001,Groningen,2026-09-05T06:46:02+02:00,2026-09-05,zaterdag,06:46,142
gn001,Groningen,2026-09-05T07:01:03+02:00,2026-09-05,zaterdag,07:01,142
gn001,Groningen,2026-09-05T07:16:03+02:00,2026-09-05,zaterdag,07:16,143
gn001,Groningen,2026-09-05T07:46:02+02:00,2026-09-05,zaterdag,07:46,145
gn001,Groningen,2026-09-05T08:01:03+02:00,2026-09-05,zaterdag,08:01,145
gn001,Groningen,2026-09-05T08:16:03+02:00,2026-09-05,zaterdag,08:16,145
gn001,Groningen,2026-09-05T08:31:02+02:00,2026-09-05,zaterdag,08:31,145
gn001,Groningen,2026-09-05T08:46:02+02:00,2026-09-05,zaterdag,08:46,148
gn001,Groningen,2026-09-05T09:01:03+02:00,2026-09-05,zaterdag,09:01,150
gn001,Groningen,2026-09-05T09:16:02+02:00,2026-09-05,zaterdag,09:16,154
gn001,Groningen,2026-09-05T09:31:03+02:00,2026-09-05,zaterdag,09:31,152
gn001,Groningen,2026-09-05T09:46:03+02:00,2026-09-05,zaterdag,09:46,151
gn001,Groningen,2026-09-05T10:01:02+02:00,2026-09-05,zaterdag,10:01,148
gn001,Groningen,2026-09-05T10:16:03+02:00,2026-09-05,zaterdag,10:16,153
gn001,Groningen,2026-09-05T10:31:03+02:00,2026-09-05,zaterdag,10:31,143
gn001,Groningen,2026-09-05T10:46:02+02:00,2026-09-05,zaterdag,10:46,138
gn001,Groningen,2026-09-05T11:01:02+02:00,2026-09-05,zaterdag,11:01,117
gn001,Groningen,2026-09-05T11:16:02+02:00,2026-09-05,zaterdag,11:16,114
gn001,Groningen,2026-09-05T11:31:03+02:00,2026-09-05,zaterdag,11:31,101
gn001,Groningen,2026-09-05T11:46:03+02:00,2026-09-05,zaterdag,11:46,91
gn001,Groningen,2026-09-05T12:01:03+02:00,2026-09-05,zaterdag,12:01,72
gn001,Groningen,2026-09-05T12:16:03+02:00,2026-09-05,zaterdag,12:16,56
gn001,Groningen,2026-09-05T12:31:03+02:00,2026-09-05,zaterdag,12:31,10
gn001,Groningen,2026-09-05T13:01:03+02:00,2026-09-05,zaterdag,13:01,5
gn001,Groningen,2026-09-05T13:16:02+02:00,2026-09-05,zaterdag,13:16,3
gn001,Groningen,2026-09-05T13:31:03+02:00,2026-09-05,zaterdag,13:31,3
gn001,Groningen,2026-09-05T13:46:03+02:00,2026-09-05,zaterdag,13:46,3
gn001,Groningen,2026-09-05T14:01:03+02:00,2026-09-05,zaterdag,14:01,3
gn001,Groningen,2026-09-05T14:16:03+02:00,2026-09-05,zaterdag,14:16,3
gn001,Groningen,2026-09-05T14:46:02+02:00,2026-09-05,zaterdag,14:46,2
gn001,Groningen,2026-09-05T15:01:03+02:00,2026-09-05,zaterdag,15:01,2
gn001,Groningen,2026-09-05T15:16:03+02:00,2026-09-05,zaterdag,15:16,3
gn001,Groningen,2026-09-05T15:31:02+02:00,2026-09-05,zaterdag,15:31,2
gn001,Groningen,2026-09-05T15:46:02+02:00,2026-09-05,zaterdag,15:46,3
gn001,Groningen,2026-09-05T16:01:03+02:00,2026-09-05,zaterdag,16:01,2
gn001,Groningen,2026-09-05T16:16:03+02:00,2026-09-05,zaterdag,16:16,2
gn001,Groningen,2026-09-05T16:31:02+02:00,2026-09-05,zaterdag,16:31,2
gn001,Groningen,2026-09-05T16:46:02+02:00,2026-09-05,zaterdag,16:46,2
gn001,Groningen,2026-09-05T17:16:02+02:00,2026-09-05,zaterdag,17:16,6
gn001,Groningen,2026-09-05T17:31:02+02:00,2026-09-05,zaterdag,17:31,2
gn001,Groningen,2026-09-05T17:46:03+02:00,2026-09-05,zaterdag,17:46,3
gn001,Groningen,2026-09-05T18:16:02+02:00,2026-09-05,zaterdag,18:16,2
gn001,Groningen,2026-09-05T18:31:03+02:00,2026-09-05,zaterdag,18:31,2
gn001,Groningen,2026-09-05T18:46:02+02:00,2026-09-05,zaterdag,18:46,2
gn001,Groningen,2026-09-05T19:01:03+02:00,2026-09-05,zaterdag,19:01,2
gn001,Groningen,2026-09-05T19:31:03+02:00,2026-09-05,zaterdag,19:31,2
gn001,Groningen,2026-09-05T19:46:02+02:00,2026-09-05,zaterdag,19:46,10
gn001,Groningen,2026-09-05T20:01:02+02:00,2026-09-05,zaterdag,20:01,9
gn001,Groningen,2026-09-05T20:16:02+02:00,2026-09-05,zaterdag,20:16,11
gn001,Groningen,2026-09-05T20:31:03+02:00,2026-09-05,zaterdag,20:31,2
gn001,Groningen,2026-09-05T20:46:02+02:00,2026-09-05,zaterdag,20:46,5
gn001,Groningen,2026-09-05T21:01:02+02:00,2026-09-05,zaterdag,21:01,6
gn001,Groningen,2026-09-05T21:16:02+02:00,2026-09-05,zaterdag,21:16,7
gn001,Groningen,2026-09-05T21:31:03+02:00,2026-09-05,zaterdag,21:31,8
gn001,Groningen,2026-09-05T21:46:02+02:00,2026-09-05,zaterdag,21:46,9
gn001,Groningen,2026-09-05T22:31:03+02:00,2026-09-05,zaterdag,22:31,11
gn001,Groningen,2026-09-05T22:46:03+02:00,2026-09-05,zaterdag,22:46,17
gn001,Groningen,2026-09-05T23:01:03+02:00,2026-09-05,zaterdag,23:01,14
gn001,Groningen,2026-09-05T23:31:02+02:00,2026-09-05,zaterdag,23:31,23
gn001,Groningen,2026-09-05T23:46:02+02:00,2026-09-05,zaterdag,23:46,30
gn001,Groningen,2026-09-06T00:01:02+02:00,2026-09-06,zondag,00:01,34
gn001,Groningen,2026-09-06T00:16:04+02:00,2026-09-06,zondag,00:16,34
gn001,Groningen,2026-09-06T00:46:02+02:00,2026-09-06,zondag,00:46,33
gn001,Groningen,2026-09-06T01:01:02+02:00,2026-09-06,zondag,01:01,32
gn001,Groningen,2026-09-06T01:16:02+02:00,2026-09-06,zondag,01:16,32
gn001,Groningen,2026-09-06T01:31:03+02:00,2026-09-06,zondag,01:31,35
gn001,Groningen,2026-09-06T01:46:03+02:00,2026-09-06,zondag,01:46,34
gn001,Groningen,2026-09-06T02:01:02+02:00,2026-09-06,zondag,02:01,31
gn001,Groningen,2026-09-06T02:16:02+02:00,2026-09-06,zondag,02:16,31
gn001,Groningen,2026-09-06T02:31:03+02:00,2026-09-06,zondag,02:31,31
gn001,Groningen,2026-09-06T02:46:02+02:00,2026-09-06,zondag,02:46,31
gn001,Groningen,2026-09-06T03:01:03+02:00,2026-09-06,zondag,03:01,31
gn001,Groningen,2026-09-06T03:16:03+02:00,2026-09-06,zondag,03:16,31
gn001,Groningen,2026-09-06T03:31:03+02:00,2026-09-06,zondag,03:31,31
gn001,Groningen,2026-09-06T03:46:02+02:00,2026-09-06,zondag,03:46,31
gn001,Groningen,2026-09-06T04:01:02+02:00,2026-09-06,zondag,04:01,31
gn001,Groningen,2026-09-06T04:16:03+02:00,2026-09-06,zondag,04:16,31
gn001,Groningen,2026-09-06T04:31:03+02:00,2026-09-06,zondag,04:31,31
gn001,Groningen,2026-09-06T04:46:03+02:00,2026-09-06,zondag,04:46,31
gn001,Groningen,2026-09-06T05:01:02+02:00,2026-09-06,zondag,05:01,31
gn001,Groningen,2026-09-06T05:16:04+02:00,2026-09-06,zondag,05:16,31
gn001,Groningen,2026-09-06T05:31:02+02:00,2026-09-06,zondag,05:31,31
gn001,Groningen,2026-09-06T05:46:02+02:00,2026-09-06,zondag,05:46,31
gn001,Groningen,2026-09-06T06:01:03+02:00,2026-09-06,zondag,06:01,31
gn001,Groningen,2026-09-06T06:16:03+02:00,2026-09-06,zondag,06:16,31
gn001,Groningen,2026-09-06T06:31:02+02:00,2026-09-06,zondag,06:31,31
gn001,Groningen,2026-09-06T06:46:02+02:00,2026-09-06,zondag,06:46,31
gn001,Groningen,2026-09-06T07:01:03+02:00,2026-09-06,zondag,07:01,31
gn001,Groningen,2026-09-06T07:16:03+02:00,2026-09-06,zondag,07:16,30
gn001,Groningen,2026-09-06T07:46:02+02:00,2026-09-06,zondag,07:46,29
gn001,Groningen,2026-09-06T08:01:03+02:00,2026-09-06,zondag,08:01,29
gn001,Groningen,2026-09-06T08:16:03+02:00,2026-09-06,zondag,08:16,30
gn001,Groningen,2026-09-06T08:31:02+02:00,2026-09-06,zondag,08:31,31
gn001,Groningen,2026-09-06T08:46:02+02:00,2026-09-06,zondag,08:46,32
gn001,Groningen,2026-09-06T09:16:03+02:00,2026-09-06,zondag,09:16,37
gn001,Groningen,2026-09-06T09:31:04+02:00,2026-09-06,zondag,09:31,38
gn001,Groningen,2026-09-06T09:46:02+02:00,2026-09-06,zondag,09:46,44
gn001,Groningen,2026-09-06T10:01:03+02:00,2026-09-06,zondag,10:01,38
gn001,Groningen,2026-09-06T10:16:03+02:00,2026-09-06,zondag,10:16,42
gn001,Groningen,2026-09-06T10:31:02+02:00,2026-09-06,zondag,10:31,41
gn001,Groningen,2026-09-06T11:01:04+02:00,2026-09-06,zondag,11:01,38
gn001,Groningen,2026-09-06T11:16:03+02:00,2026-09-06,zondag,11:16,37
gn001,Groningen,2026-09-06T11:46:03+02:00,2026-09-06,zondag,11:46,43
gn001,Groningen,2026-09-06T12:01:03+02:00,2026-09-06,zondag,12:01,32
gn001,Groningen,2026-09-06T12:16:03+02:00,2026-09-06,zondag,12:16,30
gn001,Groningen,2026-09-06T12:31:03+02:00,2026-09-06,zondag,12:31,14
gn001,Groningen,2026-09-06T12:46:02+02:00,2026-09-06,zondag,12:46,21
gn001,Groningen,2026-09-06T13:01:03+02:00,2026-09-06,zondag,13:01,20
gn001,Groningen,2026-09-06T13:16:04+02:00,2026-09-06,zondag,13:16,14
gn001,Groningen,2026-09-06T13:31:03+02:00,2026-09-06,zondag,13:31,6
gn001,Groningen,2026-09-06T13:46:03+02:00,2026-09-06,zondag,13:46,5
gn001,Groningen,2026-09-06T14:01:03+02:00,2026-09-06,zondag,14:01,3
gn001,Groningen,2026-09-06T14:16:03+02:00,2026-09-06,zondag,14:16,7
gn001,Groningen,2026-09-06T14:31:03+02:00,2026-09-06,zondag,14:31,3
gn001,Groningen,2026-09-06T14:46:02+02:00,2026-09-06,zondag,14:46,12
gn001,Groningen,2026-09-06T15:01:02+02:00,2026-09-06,zondag,15:01,9
gn001,Groningen,2026-09-06T15:16:02+02:00,2026-09-06,zondag,15:16,4
gn001,Groningen,2026-09-06T15:31:02+02:00,2026-09-06,zondag,15:31,3
gn001,Groningen,2026-09-06T16:01:02+02:00,2026-09-06,zondag,16:01,9
gn001,Groningen,2026-09-06T16:31:02+02:00,2026-09-06,zondag,16:31,15
gn001,Groningen,2026-09-06T16:46:02+02:00,2026-09-06,zondag,16:46,23
gn001,Groningen,2026-09-06T17:01:02+02:00,2026-09-06,zondag,17:01,28
gn001,Groningen,2026-09-06T17:16:03+02:00,2026-09-06,zondag,17:16,39
gn001,Groningen,2026-09-06T17:31:02+02:00,2026-09-06,zondag,17:31,38
gn001,Groningen,2026-09-06T17:46:02+02:00,2026-09-06,zondag,17:46,43
gn001,Groningen,2026-09-06T18:01:04+02:00,2026-09-06,zondag,18:01,45
gn001,Groningen,2026-09-06T18:16:03+02:00,2026-09-06,zondag,18:16,59
gn001,Groningen,2026-09-06T18:31:04+02:00,2026-09-06,zondag,18:31,61
gn001,Groningen,2026-09-06T18:46:02+02:00,2026-09-06,zondag,18:46,70
gn001,Groningen,2026-09-06T19:31:03+02:00,2026-09-06,zondag,19:31,85
gn001,Groningen,2026-09-06T19:46:02+02:00,2026-09-06,zondag,19:46,96
gn001,Groningen,2026-09-06T20:01:03+02:00,2026-09-06,zondag,20:01,96
gn001,Groningen,2026-09-06T20:16:02+02:00,2026-09-06,zondag,20:16,100
gn001,Groningen,2026-09-06T20:31:02+02:00,2026-09-06,zondag,20:31,104
gn001,Groningen,2026-09-06T20:46:02+02:00,2026-09-06,zondag,20:46,112
gn001,Groningen,2026-09-06T21:01:02+02:00,2026-09-06,zondag,21:01,117
gn001,Groningen,2026-09-06T21:31:03+02:00,2026-09-06,zondag,21:31,126
gn001,Groningen,2026-09-06T21:46:02+02:00,2026-09-06,zondag,21:46,125
gn001,Groningen,2026-09-06T22:16:03+02:00,2026-09-06,zondag,22:16,127
gn001,Groningen,2026-09-06T22:31:03+02:00,2026-09-06,zondag,22:31,135
gn001,Groningen,2026-09-06T22:46:02+02:00,2026-09-06,zondag,22:46,143
gn001,Groningen,2026-09-06T23:16:03+02:00,2026-09-06,zondag,23:16,165
gn001,Groningen,2026-09-06T23:31:02+02:00,2026-09-06,zondag,23:31,175
gn001,Groningen,2026-09-06T23:46:03+02:00,2026-09-06,zondag,23:46,196
gn001,Groningen,2026-09-07T00:01:02+02:00,2026-09-07,maandag,00:01,206
gn001,Groningen,2026-09-07T00:16:03+02:00,2026-09-07,maandag,00:16,206
gn001,Groningen,2026-09-07T00:46:02+02:00,2026-09-07,maandag,00:46,208
gn001,Groningen,2026-09-07T01:01:03+02:00,2026-09-07,maandag,01:01,208
gn001,Groningen,2026-09-07T01:16:03+02:00,2026-09-07,maandag,01:16,208
gn001,Groningen,2026-09-07T01:31:04+02:00,2026-09-07,maandag,01:31,208
gn001,Groningen,2026-09-07T01:46:02+02:00,2026-09-07,maandag,01:46,206
gn001,Groningen,2026-09-07T02:01:02+02:00,2026-09-07,maandag,02:01,205
gn001,Groningen,2026-09-07T02:16:02+02:00,2026-09-07,maandag,02:16,203
gn001,Groningen,2026-09-07T02:31:02+02:00,2026-09-07,maandag,02:31,203
gn001,Groningen,2026-09-07T02:46:03+02:00,2026-09-07,maandag,02:46,203
gn001,Groningen,2026-09-07T03:01:02+02:00,2026-09-07,maandag,03:01,203
gn001,Groningen,2026-09-07T03:16:02+02:00,2026-09-07,maandag,03:16,203
gn001,Groningen,2026-09-07T03:31:03+02:00,2026-09-07,maandag,03:31,203
gn001,Groningen,2026-09-07T03:46:02+02:00,2026-09-07,maandag,03:46,203
gn001,Groningen,2026-09-07T04:01:02+02:00,2026-09-07,maandag,04:01,203
gn001,Groningen,2026-09-07T04:16:02+02:00,2026-09-07,maandag,04:16,203
gn001,Groningen,2026-09-07T04:31:02+02:00,2026-09-07,maandag,04:31,203
gn001,Groningen,2026-09-07T04:46:02+02:00,2026-09-07,maandag,04:46,203
gn001,Groningen,2026-09-07T05:01:03+02:00,2026-09-07,maandag,05:01,203
gn001,Groningen,2026-09-07T05:16:02+02:00,2026-09-07,maandag,05:16,204
gn001,Groningen,2026-09-07T05:31:02+02:00,2026-09-07,maandag,05:31,204
gn001,Groningen,2026-09-07T05:46:03+02:00,2026-09-07,maandag,05:46,204
gn001,Groningen,2026-09-07T06:01:03+02:00,2026-09-07,maandag,06:01,204
gn001,Groningen,2026-09-07T06:16:03+02:00,2026-09-07,maandag,06:16,209
gn001,Groningen,2026-09-07T06:31:04+02:00,2026-09-07,maandag,06:31,210
gn001,Groningen,2026-09-07T06:46:02+02:00,2026-09-07,maandag,06:46,215
gn001,Groningen,2026-09-07T07:01:03+02:00,2026-09-07,maandag,07:01,214
gn001,Groningen,2026-09-07T07:16:03+02:00,2026-09-07,maandag,07:16,213
gn001,Groningen,2026-09-07T07:31:03+02:00,2026-09-07,maandag,07:31,210
gn001,Groningen,2026-09-07T07:46:02+02:00,2026-09-07,maandag,07:46,205
gn001,Groningen,2026-09-07T08:01:03+02:00,2026-09-07,maandag,08:01,190
gn001,Groningen,2026-09-07T08:16:04+02:00,2026-09-07,maandag,08:16,175
gn001,Groningen,2026-09-07T08:31:03+02:00,2026-09-07,maandag,08:31,160
gn001,Groningen,2026-09-07T08:46:02+02:00,2026-09-07,maandag,08:46,139
gn001,Groningen,2026-09-07T09:31:03+02:00,2026-09-07,maandag,09:31,109
gn001,Groningen,2026-09-07T10:01:03+02:00,2026-09-07,maandag,10:01,89
gn001,Groningen,2026-09-07T10:16:03+02:00,2026-09-07,maandag,10:16,93
gn001,Groningen,2026-09-07T10:31:03+02:00,2026-09-07,maandag,10:31,92
gn001,Groningen,2026-09-07T11:16:03+02:00,2026-09-07,maandag,11:16,91
gn001,Groningen,2026-09-07T11:31:03+02:00,2026-09-07,maandag,11:31,97
gn001,Groningen,2026-09-07T11:46:04+02:00,2026-09-07,maandag,11:46,101
gn001,Groningen,2026-09-07T12:01:04+02:00,2026-09-07,maandag,12:01,99
gn001,Groningen,2026-09-07T12:16:03+02:00,2026-09-07,maandag,12:16,104
gn001,Groningen,2026-09-07T12:46:03+02:00,2026-09-07,maandag,12:46,100
gn001,Groningen,2026-09-07T13:01:03+02:00,2026-09-07,maandag,13:01,96
gn001,Groningen,2026-09-07T13:16:03+02:00,2026-09-07,maandag,13:16,111
gn001,Groningen,2026-09-07T13:31:02+02:00,2026-09-07,maandag,13:31,119
gn001,Groningen,2026-09-07T13:46:02+02:00,2026-09-07,maandag,13:46,123
gn001,Groningen,2026-09-07T14:16:03+02:00,2026-09-07,maandag,14:16,124
gn001,Groningen,2026-09-07T14:46:02+02:00,2026-09-07,maandag,14:46,121
gn001,Groningen,2026-09-07T15:01:02+02:00,2026-09-07,maandag,15:01,121
gn001,Groningen,2026-09-07T15:31:02+02:00,2026-09-07,maandag,15:31,133
gn001,Groningen,2026-09-07T15:46:02+02:00,2026-09-07,maandag,15:46,152
gn001,Groningen,2026-09-07T16:01:02+02:00,2026-09-07,maandag,16:01,163
gn001,Groningen,2026-09-07T16:16:03+02:00,2026-09-07,maandag,16:16,172
gn001,Groningen,2026-09-07T16:46:02+02:00,2026-09-07,maandag,16:46,202
gn001,Groningen,2026-09-07T17:01:02+02:00,2026-09-07,maandag,17:01,217
gn001,Groningen,2026-09-07T17:16:02+02:00,2026-09-07,maandag,17:16,235
gn001,Groningen,2026-09-07T17:31:02+02:00,2026-09-07,maandag,17:31,249
gn001,Groningen,2026-09-07T18:16:02+02:00,2026-09-07,maandag,18:16,263
gn001,Groningen,2026-09-07T18:31:02+02:00,2026-09-07,maandag,18:31,262
gn001,Groningen,2026-09-07T18:46:02+02:00,2026-09-07,maandag,18:46,265
gn001,Groningen,2026-09-07T19:01:02+02:00,2026-09-07,maandag,19:01,264
gn001,Groningen,2026-09-07T19:16:03+02:00,2026-09-07,maandag,19:16,262
gn001,Groningen,2026-09-07T19:31:02+02:00,2026-09-07,maandag,19:31,265
gn001,Groningen,2026-09-07T19:46:02+02:00,2026-09-07,maandag,19:46,265
gn001,Groningen,2026-09-07T20:01:02+02:00,2026-09-07,maandag,20:01,266
gn001,Groningen,2026-09-07T20:16:02+02:00,2026-09-07,maandag,20:16,268
gn001,Groningen,2026-09-07T21:16:02+02:00,2026-09-07,maandag,21:16,280
gn001,Groningen,2026-09-07T21:31:02+02:00,2026-09-07,maandag,21:31,279
gn001,Groningen,2026-09-07T21:46:02+02:00,2026-09-07,maandag,21:46,283
gn001,Groningen,2026-09-07T22:01:02+02:00,2026-09-07,maandag,22:01,283
gn001,Groningen,2026-09-07T22:16:02+02:00,2026-09-07,maandag,22:16,287
gn001,Groningen,2026-09-07T22:31:03+02:00,2026-09-07,maandag,22:31,290
gn001,Groningen,2026-09-07T22:46:02+02:00,2026-09-07,maandag,22:46,297
gn001,Groningen,2026-09-07T23:01:02+02:00,2026-09-07,maandag,23:01,295
gn001,Groningen,2026-09-07T23:31:02+02:00,2026-09-07,maandag,23:31,292
gn001,Groningen,2026-09-07T23:46:02+02:00,2026-09-07,maandag,23:46,293
gn001,Groningen,2026-09-08T00:01:02+02:00,2026-09-08,dinsdag,00:01,295
gn001,Groningen,2026-09-08T00:16:03+02:00,2026-09-08,dinsdag,00:16,295
gn001,Groningen,2026-09-08T00:31:02+02:00,2026-09-08,dinsdag,00:31,295
gn001,Groningen,2026-09-08T00:46:02+02:00,2026-09-08,dinsdag,00:46,296
gn001,Groningen,2026-09-08T01:01:02+02:00,2026-09-08,dinsdag,01:01,294
gn001,Groningen,2026-09-08T01:16:02+02:00,2026-09-08,dinsdag,01:16,294
gn001,Groningen,2026-09-08T01:31:02+02:00,2026-09-08,dinsdag,01:31,294
gn001,Groningen,2026-09-08T02:01:03+02:00,2026-09-08,dinsdag,02:01,293
gn001,Groningen,2026-09-08T02:16:03+02:00,2026-09-08,dinsdag,02:16,293
gn001,Groningen,2026-09-08T02:31:02+02:00,2026-09-08,dinsdag,02:31,293
gn001,Groningen,2026-09-08T02:46:01+02:00,2026-09-08,dinsdag,02:46,293
gn001,Groningen,2026-09-08T03:01:02+02:00,2026-09-08,dinsdag,03:01,293
gn001,Groningen,2026-09-08T03:16:02+02:00,2026-09-08,dinsdag,03:16,293
gn001,Groningen,2026-09-08T03:31:02+02:00,2026-09-08,dinsdag,03:31,293
gn001,Groningen,2026-09-08T03:46:03+02:00,2026-09-08,dinsdag,03:46,293
gn001,Groningen,2026-09-08T04:01:02+02:00,2026-09-08,dinsdag,04:01,293
gn001,Groningen,2026-09-08T04:16:02+02:00,2026-09-08,dinsdag,04:16,293
gn001,Groningen,2026-09-08T04:31:02+02:00,2026-09-08,dinsdag,04:31,293
gn001,Groningen,2026-09-08T04:46:02+02:00,2026-09-08,dinsdag,04:46,293
gn001,Groningen,2026-09-08T05:01:02+02:00,2026-09-08,dinsdag,05:01,293
gn001,Groningen,2026-09-08T05:16:03+02:00,2026-09-08,dinsdag,05:16,293
gn001,Groningen,2026-09-08T05:31:02+02:00,2026-09-08,dinsdag,05:31,293
gn001,Groningen,2026-09-08T05:46:02+02:00,2026-09-08,dinsdag,05:46,293
gn001,Groningen,2026-09-08T06:01:02+02:00,2026-09-08,dinsdag,06:01,293
gn001,Groningen,2026-09-08T06:16:03+02:00,2026-09-08,dinsdag,06:16,292
gn001,Groningen,2026-09-08T06:31:02+02:00,2026-09-08,dinsdag,06:31,291
gn001,Groningen,2026-09-08T06:46:02+02:00,2026-09-08,dinsdag,06:46,289
gn001,Groningen,2026-09-08T07:01:02+02:00,2026-09-08,dinsdag,07:01,287
gn001,Groningen,2026-09-08T07:31:02+02:00,2026-09-08,dinsdag,07:31,274
gn001,Groningen,2026-09-08T07:46:03+02:00,2026-09-08,dinsdag,07:46,265
gn001,Groningen,2026-09-08T08:01:02+02:00,2026-09-08,dinsdag,08:01,252
gn001,Groningen,2026-09-08T08:16:02+02:00,2026-09-08,dinsdag,08:16,230
gn001,Groningen,2026-09-08T08:31:02+02:00,2026-09-08,dinsdag,08:31,205
gn001,Groningen,2026-09-08T09:16:02+02:00,2026-09-08,dinsdag,09:16,127
gn001,Groningen,2026-09-08T09:31:02+02:00,2026-09-08,dinsdag,09:31,111
gn001,Groningen,2026-09-08T09:46:03+02:00,2026-09-08,dinsdag,09:46,93
gn001,Groningen,2026-09-08T10:01:03+02:00,2026-09-08,dinsdag,10:01,79
gn001,Groningen,2026-09-08T10:16:02+02:00,2026-09-08,dinsdag,10:16,78
gn001,Groningen,2026-09-08T10:46:02+02:00,2026-09-08,dinsdag,10:46,61
gn001,Groningen,2026-09-08T11:01:03+02:00,2026-09-08,dinsdag,11:01,46
gn001,Groningen,2026-09-08T11:16:02+02:00,2026-09-08,dinsdag,11:16,48
gn001,Groningen,2026-09-08T11:31:02+02:00,2026-09-08,dinsdag,11:31,48
gn001,Groningen,2026-09-08T12:01:03+02:00,2026-09-08,dinsdag,12:01,44
gn001,Groningen,2026-09-08T12:16:03+02:00,2026-09-08,dinsdag,12:16,48
gn001,Groningen,2026-09-08T12:46:02+02:00,2026-09-08,dinsdag,12:46,40
gn001,Groningen,2026-09-08T13:01:03+02:00,2026-09-08,dinsdag,13:01,41
gn001,Groningen,2026-09-08T13:16:03+02:00,2026-09-08,dinsdag,13:16,45
gn001,Groningen,2026-09-08T13:31:02+02:00,2026-09-08,dinsdag,13:31,46
gn001,Groningen,2026-09-08T13:46:02+02:00,2026-09-08,dinsdag,13:46,52
gn001,Groningen,2026-09-08T14:01:03+02:00,2026-09-08,dinsdag,14:01,47
gn001,Groningen,2026-09-08T14:16:02+02:00,2026-09-08,dinsdag,14:16,53
gn001,Groningen,2026-09-08T14:31:02+02:00,2026-09-08,dinsdag,14:31,54
gn001,Groningen,2026-09-08T14:46:03+02:00,2026-09-08,dinsdag,14:46,60
gn001,Groningen,2026-09-08T15:01:02+02:00,2026-09-08,dinsdag,15:01,66
gn001,Groningen,2026-09-08T15:16:02+02:00,2026-09-08,dinsdag,15:16,74
gn001,Groningen,2026-09-08T15:31:02+02:00,2026-09-08,dinsdag,15:31,80
gn001,Groningen,2026-09-08T15:46:02+02:00,2026-09-08,dinsdag,15:46,100
gn001,Groningen,2026-09-08T16:01:02+02:00,2026-09-08,dinsdag,16:01,113
gn001,Groningen,2026-09-08T16:31:03+02:00,2026-09-08,dinsdag,16:31,147
gn001,Groningen,2026-09-08T16:46:03+02:00,2026-09-08,dinsdag,16:46,171
gn001,Groningen,2026-09-08T17:01:02+02:00,2026-09-08,dinsdag,17:01,195
gn001,Groningen,2026-09-08T17:16:02+02:00,2026-09-08,dinsdag,17:16,220
gn001,Groningen,2026-09-08T17:31:03+02:00,2026-09-08,dinsdag,17:31,237
gn001,Groningen,2026-09-08T18:01:03+02:00,2026-09-08,dinsdag,18:01,263
gn001,Groningen,2026-09-08T18:16:03+02:00,2026-09-08,dinsdag,18:16,265
gn001,Groningen,2026-09-08T18:31:03+02:00,2026-09-08,dinsdag,18:31,277
gn001,Groningen,2026-09-08T18:46:02+02:00,2026-09-08,dinsdag,18:46,279
gn001,Groningen,2026-09-08T19:01:03+02:00,2026-09-08,dinsdag,19:01,283
gn001,Groningen,2026-09-08T19:16:02+02:00,2026-09-08,dinsdag,19:16,282
gn001,Groningen,2026-09-08T19:31:03+02:00,2026-09-08,dinsdag,19:31,281
gn001,Groningen,2026-09-08T19:46:02+02:00,2026-09-08,dinsdag,19:46,285
gn001,Groningen,2026-09-08T20:01:02+02:00,2026-09-08,dinsdag,20:01,285
gn001,Groningen,2026-09-08T20:16:02+02:00,2026-09-08,dinsdag,20:16,288
gn001,Groningen,2026-09-08T20:31:02+02:00,2026-09-08,dinsdag,20:31,285
gn001,Groningen,2026-09-08T20:46:02+02:00,2026-09-08,dinsdag,20:46,286
gn001,Groningen,2026-09-08T21:01:02+02:00,2026-09-08,dinsdag,21:01,287
gn001,Groningen,2026-09-08T21:31:02+02:00,2026-09-08,dinsdag,21:31,293
gn001,Groningen,2026-09-08T21:46:02+02:00,2026-09-08,dinsdag,21:46,294
gn001,Groningen,2026-09-08T22:01:02+02:00,2026-09-08,dinsdag,22:01,296
gn001,Groningen,2026-09-08T22:16:02+02:00,2026-09-08,dinsdag,22:16,298
gn001,Groningen,2026-09-08T22:46:02+02:00,2026-09-08,dinsdag,22:46,297
gn001,Groningen,2026-09-08T23:01:02+02:00,2026-09-08,dinsdag,23:01,296
gn001,Groningen,2026-09-08T23:16:02+02:00,2026-09-08,dinsdag,23:16,321
gn001,Groningen,2026-09-08T23:31:02+02:00,2026-09-08,dinsdag,23:31,320
gn001,Groningen,2026-09-08T23:46:03+02:00,2026-09-08,dinsdag,23:46,322
gn001,Groningen,2026-09-09T00:01:02+02:00,2026-09-09,woensdag,00:01,321
gn001,Groningen,2026-09-09T00:16:02+02:00,2026-09-09,woensdag,00:16,322
gn001,Groningen,2026-09-09T00:46:02+02:00,2026-09-09,woensdag,00:46,322
gn001,Groningen,2026-09-09T01:01:02+02:00,2026-09-09,woensdag,01:01,323
gn001,Groningen,2026-09-09T01:16:02+02:00,2026-09-09,woensdag,01:16,323
gn001,Groningen,2026-09-09T01:31:02+02:00,2026-09-09,woensdag,01:31,322
gn001,Groningen,2026-09-09T01:46:02+02:00,2026-09-09,woensdag,01:46,324
gn001,Groningen,2026-09-09T02:01:02+02:00,2026-09-09,woensdag,02:01,324
gn001,Groningen,2026-09-09T02:16:02+02:00,2026-09-09,woensdag,02:16,324
gn001,Groningen,2026-09-09T02:31:02+02:00,2026-09-09,woensdag,02:31,325
gn001,Groningen,2026-09-09T02:46:02+02:00,2026-09-09,woensdag,02:46,325
gn001,Groningen,2026-09-09T03:01:02+02:00,2026-09-09,woensdag,03:01,325
gn001,Groningen,2026-09-09T03:16:02+02:00,2026-09-09,woensdag,03:16,325
gn001,Groningen,2026-09-09T03:31:02+02:00,2026-09-09,woensdag,03:31,325
gn001,Groningen,2026-09-09T03:46:02+02:00,2026-09-09,woensdag,03:46,325
gn001,Groningen,2026-09-09T04:01:02+02:00,2026-09-09,woensdag,04:01,325
gn001,Groningen,2026-09-09T04:16:02+02:00,2026-09-09,woensdag,04:16,325
gn001,Groningen,2026-09-09T04:31:02+02:00,2026-09-09,woensdag,04:31,325
gn001,Groningen,2026-09-09T04:46:02+02:00,2026-09-09,woensdag,04:46,325
gn001,Groningen,2026-09-09T05:01:02+02:00,2026-09-09,woensdag,05:01,325
gn001,Groningen,2026-09-09T05:16:03+02:00,2026-09-09,woensdag,05:16,325
gn001,Groningen,2026-09-09T05:31:02+02:00,2026-09-09,woensdag,05:31,325
gn001,Groningen,2026-09-09T05:46:02+02:00,2026-09-09,woensdag,05:46,325
gn001,Groningen,2026-09-09T06:01:02+02:00,2026-09-09,woensdag,06:01,325
gn001,Groningen,2026-09-09T06:16:02+02:00,2026-09-09,woensdag,06:16,325
gn001,Groningen,2026-09-09T06:31:02+02:00,2026-09-09,woensdag,06:31,325
gn001,Groningen,2026-09-09T06:46:02+02:00,2026-09-09,woensdag,06:46,325
gn001,Groningen,2026-09-09T07:01:01+02:00,2026-09-09,woensdag,07:01,326
gn001,Groningen,2026-09-09T07:16:03+02:00,2026-09-09,woensdag,07:16,326
gn001,Groningen,2026-09-09T07:31:02+02:00,2026-09-09,woensdag,07:31,326
gn001,Groningen,2026-09-09T07:46:02+02:00,2026-09-09,woensdag,07:46,325
gn001,Groningen,2026-09-09T08:16:02+02:00,2026-09-09,woensdag,08:16,324
gn001,Groningen,2026-09-09T08:31:02+02:00,2026-09-09,woensdag,08:31,319
gn001,Groningen,2026-09-09T08:46:02+02:00,2026-09-09,woensdag,08:46,315
gn001,Groningen,2026-09-09T09:01:02+02:00,2026-09-09,woensdag,09:01,315
gn001,Groningen,2026-09-09T09:31:03+02:00,2026-09-09,woensdag,09:31,316
gn001,Groningen,2026-09-09T09:46:02+02:00,2026-09-09,woensdag,09:46,315
gn001,Groningen,2026-09-09T10:01:02+02:00,2026-09-09,woensdag,10:01,309
gn001,Groningen,2026-09-09T10:16:03+02:00,2026-09-09,woensdag,10:16,306
gn001,Groningen,2026-09-09T10:31:04+02:00,2026-09-09,woensdag,10:31,302
gn001,Groningen,2026-09-09T11:01:02+02:00,2026-09-09,woensdag,11:01,302
gn001,Groningen,2026-09-09T11:16:03+02:00,2026-09-09,woensdag,11:16,303
gn001,Groningen,2026-09-09T11:31:02+02:00,2026-09-09,woensdag,11:31,303
gn001,Groningen,2026-09-09T11:46:02+02:00,2026-09-09,woensdag,11:46,302
gn001,Groningen,2026-09-09T12:01:02+02:00,2026-09-09,woensdag,12:01,300
gn001,Groningen,2026-09-09T12:16:03+02:00,2026-09-09,woensdag,12:16,303
gn001,Groningen,2026-09-09T12:31:03+02:00,2026-09-09,woensdag,12:31,302
gn001,Groningen,2026-09-09T12:46:02+02:00,2026-09-09,woensdag,12:46,299
gn001,Groningen,2026-09-09T13:16:02+02:00,2026-09-09,woensdag,13:16,300
gn001,Groningen,2026-09-09T13:31:02+02:00,2026-09-09,woensdag,13:31,301
gn001,Groningen,2026-09-09T13:46:02+02:00,2026-09-09,woensdag,13:46,303
gn001,Groningen,2026-09-09T14:01:02+02:00,2026-09-09,woensdag,14:01,302
gn001,Groningen,2026-09-09T14:16:02+02:00,2026-09-09,woensdag,14:16,302
gn001,Groningen,2026-09-09T14:46:02+02:00,2026-09-09,woensdag,14:46,301
gn001,Groningen,2026-09-09T15:01:02+02:00,2026-09-09,woensdag,15:01,303
gn001,Groningen,2026-09-09T15:16:03+02:00,2026-09-09,woensdag,15:16,307
gn001,Groningen,2026-09-09T15:31:03+02:00,2026-09-09,woensdag,15:31,310
gn001,Groningen,2026-09-09T15:46:02+02:00,2026-09-09,woensdag,15:46,311
gn001,Groningen,2026-09-09T16:01:02+02:00,2026-09-09,woensdag,16:01,312
gn001,Groningen,2026-09-09T16:16:01+02:00,2026-09-09,woensdag,16:16,310
gn001,Groningen,2026-09-09T16:31:02+02:00,2026-09-09,woensdag,16:31,303
gn001,Groningen,2026-09-09T16:46:02+02:00,2026-09-09,woensdag,16:46,304
gn001,Groningen,2026-09-09T17:01:03+02:00,2026-09-09,woensdag,17:01,308
gn001,Groningen,2026-09-09T17:16:02+02:00,2026-09-09,woensdag,17:16,306
gn001,Groningen,2026-09-09T17:31:02+02:00,2026-09-09,woensdag,17:31,307
gn001,Groningen,2026-09-09T17:46:03+02:00,2026-09-09,woensdag,17:46,307
gn001,Groningen,2026-09-09T18:16:02+02:00,2026-09-09,woensdag,18:16,309
gn001,Groningen,2026-09-09T18:31:03+02:00,2026-09-09,woensdag,18:31,307
gn001,Groningen,2026-09-09T18:46:02+02:00,2026-09-09,woensdag,18:46,307
gn001,Groningen,2026-09-09T19:01:02+02:00,2026-09-09,woensdag,19:01,307
gn001,Groningen,2026-09-09T19:16:02+02:00,2026-09-09,woensdag,19:16,306
gn001,Groningen,2026-09-09T19:31:02+02:00,2026-09-09,woensdag,19:31,306
gn001,Groningen,2026-09-09T19:46:03+02:00,2026-09-09,woensdag,19:46,305
gn001,Groningen,2026-09-09T20:01:02+02:00,2026-09-09,woensdag,20:01,303
gn001,Groningen,2026-09-09T20:16:02+02:00,2026-09-09,woensdag,20:16,304
gn001,Groningen,2026-09-09T20:31:02+02:00,2026-09-09,woensdag,20:31,304
gn001,Groningen,2026-09-09T20:46:03+02:00,2026-09-09,woensdag,20:46,303
gn001,Groningen,2026-09-09T21:01:02+02:00,2026-09-09,woensdag,21:01,303
gn001,Groningen,2026-09-09T21:16:02+02:00,2026-09-09,woensdag,21:16,303
gn001,Groningen,2026-09-09T21:31:02+02:00,2026-09-09,woensdag,21:31,305
gn001,Groningen,2026-09-09T21:46:02+02:00,2026-09-09,woensdag,21:46,306
gn001,Groningen,2026-09-09T22:01:03+02:00,2026-09-09,woensdag,22:01,307
gn001,Groningen,2026-09-09T22:16:03+02:00,2026-09-09,woensdag,22:16,308
gn001,Groningen,2026-09-09T22:31:03+02:00,2026-09-09,woensdag,22:31,307
gn001,Groningen,2026-09-09T22:46:03+02:00,2026-09-09,woensdag,22:46,310
gn001,Groningen,2026-09-09T23:01:02+02:00,2026-09-09,woensdag,23:01,311
gn001,Groningen,2026-09-09T23:16:02+02:00,2026-09-09,woensdag,23:16,311
gn001,Groningen,2026-09-09T23:31:02+02:00,2026-09-09,woensdag,23:31,311
gn001,Groningen,2026-09-09T23:46:02+02:00,2026-09-09,woensdag,23:46,311
gn001,Groningen,2026-09-10T00:01:02+02:00,2026-09-10,donderdag,00:01,311
gn001,Groningen,2026-09-10T00:16:03+02:00,2026-09-10,donderdag,00:16,311
gn001,Groningen,2026-09-10T00:31:02+02:00,2026-09-10,donderdag,00:31,311
gn001,Groningen,2026-09-10T00:46:03+02:00,2026-09-10,donderdag,00:46,311
gn001,Groningen,2026-09-10T01:01:03+02:00,2026-09-10,donderdag,01:01,312
gn001,Groningen,2026-09-10T01:16:02+02:00,2026-09-10,donderdag,01:16,312
gn001,Groningen,2026-09-10T01:31:02+02:00,2026-09-10,donderdag,01:31,312
gn001,Groningen,2026-09-10T06:46:02+02:00,2026-09-10,donderdag,06:46,323
gn001,Groningen,2026-09-10T07:46:02+02:00,2026-09-10,donderdag,07:46,293
gn001,Groningen,2026-09-10T08:46:03+02:00,2026-09-10,donderdag,08:46,195
gn001,Groningen,2026-09-10T11:16:02+02:00,2026-09-10,donderdag,11:16,95
gn001,Groningen,2026-09-10T12:01:03+02:00,2026-09-10,donderdag,12:01,79
gn001,Groningen,2026-09-11T06:31:02+02:00,2026-09-11,vrijdag,06:31,282
gn001,Groningen,2026-09-11T06:46:03+02:00,2026-09-11,vrijdag,06:46,284
gn001,Groningen,2026-09-11T07:01:02+02:00,2026-09-11,vrijdag,07:01,282
gn001,Groningen,2026-09-11T07:16:04+02:00,2026-09-11,vrijdag,07:16,278
gn001,Groningen,2026-09-11T07:31:02+02:00,2026-09-11,vrijdag,07:31,274
gn001,Groningen,2026-09-11T07:46:03+02:00,2026-09-11,vrijdag,07:46,270
gn001,Groningen,2026-09-11T08:01:03+02:00,2026-09-11,vrijdag,08:01,262
gn001,Groningen,2026-09-11T08:16:02+02:00,2026-09-11,vrijdag,08:16,251
gn001,Groningen,2026-09-11T08:31:02+02:00,2026-09-11,vrijdag,08:31,240
gn001,Groningen,2026-09-11T08:46:02+02:00,2026-09-11,vrijdag,08:46,229
gn001,Groningen,2026-09-11T09:01:03+02:00,2026-09-11,vrijdag,09:01,220
gn001,Groningen,2026-09-11T09:16:02+02:00,2026-09-11,vrijdag,09:16,220
gn001,Groningen,2026-09-11T09:31:02+02:00,2026-09-11,vrijdag,09:31,207
gn001,Groningen,2026-09-11T09:46:02+02:00,2026-09-11,vrijdag,09:46,205
gn001,Groningen,2026-09-11T10:01:03+02:00,2026-09-11,vrijdag,10:01,197
gn001,Groningen,2026-09-11T10:16:02+02:00,2026-09-11,vrijdag,10:16,191
gn001,Groningen,2026-09-11T10:31:03+02:00,2026-09-11,vrijdag,10:31,188
gn001,Groningen,2026-09-11T10:46:02+02:00,2026-09-11,vrijdag,10:46,185
gn001,Groningen,2026-09-11T11:01:02+02:00,2026-09-11,vrijdag,11:01,180
gn001,Groningen,2026-09-11T11:16:02+02:00,2026-09-11,vrijdag,11:16,177
gn001,Groningen,2026-09-11T11:31:03+02:00,2026-09-11,vrijdag,11:31,170
gn001,Groningen,2026-09-11T11:46:03+02:00,2026-09-11,vrijdag,11:46,173
gn001,Groningen,2026-09-11T12:01:04+02:00,2026-09-11,vrijdag,12:01,173
gn001,Groningen,2026-09-11T12:31:03+02:00,2026-09-11,vrijdag,12:31,172
gn001,Groningen,2026-09-11T12:46:03+02:00,2026-09-11,vrijdag,12:46,170
gn001,Groningen,2026-09-11T13:01:03+02:00,2026-09-11,vrijdag,13:01,171
gn001,Groningen,2026-09-11T13:16:03+02:00,2026-09-11,vrijdag,13:16,170
gn001,Groningen,2026-09-11T13:31:04+02:00,2026-09-11,vrijdag,13:31,172
gn001,Groningen,2026-09-11T13:46:03+02:00,2026-09-11,vrijdag,13:46,181
gn001,Groningen,2026-09-11T14:01:04+02:00,2026-09-11,vrijdag,14:01,179
gn001,Groningen,2026-09-11T14:31:03+02:00,2026-09-11,vrijdag,14:31,182
gn001,Groningen,2026-09-11T14:46:02+02:00,2026-09-11,vrijdag,14:46,183
gn001,Groningen,2026-09-11T15:01:02+02:00,2026-09-11,vrijdag,15:01,174
gn001,Groningen,2026-09-11T15:16:02+02:00,2026-09-11,vrijdag,15:16,186
gn001,Groningen,2026-09-11T15:31:04+02:00,2026-09-11,vrijdag,15:31,192
gn001,Groningen,2026-09-11T15:46:03+02:00,2026-09-11,vrijdag,15:46,210
gn001,Groningen,2026-09-11T16:16:03+02:00,2026-09-11,vrijdag,16:16,214
gn001,Groningen,2026-09-11T16:31:03+02:00,2026-09-11,vrijdag,16:31,205
gn001,Groningen,2026-09-11T16:46:03+02:00,2026-09-11,vrijdag,16:46,205
gn001,Groningen,2026-09-11T17:01:02+02:00,2026-09-11,vrijdag,17:01,205
gn001,Groningen,2026-09-11T17:16:03+02:00,2026-09-11,vrijdag,17:16,216
gn001,Groningen,2026-09-11T17:31:04+02:00,2026-09-11,vrijdag,17:31,212
gn001,Groningen,2026-09-11T18:16:03+02:00,2026-09-11,vrijdag,18:16,199
gn001,Groningen,2026-09-11T18:31:04+02:00,2026-09-11,vrijdag,18:31,187
gn001,Groningen,2026-09-11T18:46:03+02:00,2026-09-11,vrijdag,18:46,183
gn001,Groningen,2026-09-11T19:01:03+02:00,2026-09-11,vrijdag,19:01,174
gn001,Groningen,2026-09-11T19:16:03+02:00,2026-09-11,vrijdag,19:16,171
gn001,Groningen,2026-09-11T19:31:02+02:00,2026-09-11,vrijdag,19:31,152
gn001,Groningen,2026-09-11T19:46:02+02:00,2026-09-11,vrijdag,19:46,152
gn001,Groningen,2026-09-11T20:01:03+02:00,2026-09-11,vrijdag,20:01,152
gn001,Groningen,2026-09-11T20:16:02+02:00,2026-09-11,vrijdag,20:16,150
gn001,Groningen,2026-09-11T20:31:03+02:00,2026-09-11,vrijdag,20:31,145
gn001,Groningen,2026-09-11T20:46:02+02:00,2026-09-11,vrijdag,20:46,148
gn001,Groningen,2026-09-11T21:01:02+02:00,2026-09-11,vrijdag,21:01,128
gn001,Groningen,2026-09-11T21:16:03+02:00,2026-09-11,vrijdag,21:16,129
gn001,Groningen,2026-09-11T21:31:03+02:00,2026-09-11,vrijdag,21:31,118
gn001,Groningen,2026-09-11T21:46:02+02:00,2026-09-11,vrijdag,21:46,121
gn001,Groningen,2026-09-11T22:01:02+02:00,2026-09-11,vrijdag,22:01,119
gn001,Groningen,2026-09-11T22:16:03+02:00,2026-09-11,vrijdag,22:16,125
gn001,Groningen,2026-09-11T22:31:02+02:00,2026-09-11,vrijdag,22:31,125
gn001,Groningen,2026-09-11T22:46:02+02:00,2026-09-11,vrijdag,22:46,140
gn001,Groningen,2026-09-11T23:01:01+02:00,2026-09-11,vrijdag,23:01,136
gn001,Groningen,2026-09-11T23:16:03+02:00,2026-09-11,vrijdag,23:16,141
gn001,Groningen,2026-09-11T23:31:03+02:00,2026-09-11,vrijdag,23:31,146
gn001,Groningen,2026-09-11T23:46:02+02:00,2026-09-11,vrijdag,23:46,155
gn001,Groningen,2026-09-12T00:01:03+02:00,2026-09-12,zaterdag,00:01,160
gn001,Groningen,2026-09-12T00:16:03+02:00,2026-09-12,zaterdag,00:16,161
gn001,Groningen,2026-09-12T00:31:03+02:00,2026-09-12,zaterdag,00:31,169
gn001,Groningen,2026-09-12T00:46:03+02:00,2026-09-12,zaterdag,00:46,175
gn001,Groningen,2026-09-12T01:01:03+02:00,2026-09-12,zaterdag,01:01,178
gn001,Groningen,2026-09-12T01:16:02+02:00,2026-09-12,zaterdag,01:16,176
gn001,Groningen,2026-09-12T01:31:03+02:00,2026-09-12,zaterdag,01:31,176
gn001,Groningen,2026-09-12T01:46:03+02:00,2026-09-12,zaterdag,01:46,176
gn001,Groningen,2026-09-12T02:01:02+02:00,2026-09-12,zaterdag,02:01,179
gn001,Groningen,2026-09-12T02:16:02+02:00,2026-09-12,zaterdag,02:16,179
gn001,Groningen,2026-09-12T02:31:02+02:00,2026-09-12,zaterdag,02:31,180
gn001,Groningen,2026-09-12T02:46:02+02:00,2026-09-12,zaterdag,02:46,180
gn001,Groningen,2026-09-12T03:01:02+02:00,2026-09-12,zaterdag,03:01,181
gn001,Groningen,2026-09-12T03:31:03+02:00,2026-09-12,zaterdag,03:31,178
gn001,Groningen,2026-09-12T03:46:02+02:00,2026-09-12,zaterdag,03:46,178
gn001,Groningen,2026-09-12T04:01:01+02:00,2026-09-12,zaterdag,04:01,179
gn001,Groningen,2026-09-12T04:16:02+02:00,2026-09-12,zaterdag,04:16,179
gn001,Groningen,2026-09-12T04:31:02+02:00,2026-09-12,zaterdag,04:31,179
gn001,Groningen,2026-09-12T04:46:02+02:00,2026-09-12,zaterdag,04:46,179
gn001,Groningen,2026-09-12T05:01:03+02:00,2026-09-12,zaterdag,05:01,179
gn001,Groningen,2026-09-12T05:16:02+02:00,2026-09-12,zaterdag,05:16,179
gn001,Groningen,2026-09-12T05:31:03+02:00,2026-09-12,zaterdag,05:31,179
gn001,Groningen,2026-09-12T05:46:02+02:00,2026-09-12,zaterdag,05:46,179
gn001,Groningen,2026-09-12T06:01:02+02:00,2026-09-12,zaterdag,06:01,180
gn001,Groningen,2026-09-12T06:16:02+02:00,2026-09-12,zaterdag,06:16,181
gn001,Groningen,2026-09-12T06:31:03+02:00,2026-09-12,zaterdag,06:31,181
gn001,Groningen,2026-09-12T07:01:02+02:00,2026-09-12,zaterdag,07:01,181
gn001,Groningen,2026-09-12T07:16:02+02:00,2026-09-12,zaterdag,07:16,182
gn001,Groningen,2026-09-12T07:31:02+02:00,2026-09-12,zaterdag,07:31,183
gn001,Groningen,2026-09-12T07:46:02+02:00,2026-09-12,zaterdag,07:46,182
gn001,Groningen,2026-09-12T08:01:02+02:00,2026-09-12,zaterdag,08:01,181
gn001,Groningen,2026-09-12T08:16:02+02:00,2026-09-12,zaterdag,08:16,184
gn001,Groningen,2026-09-12T08:31:02+02:00,2026-09-12,zaterdag,08:31,183
gn001,Groningen,2026-09-12T10:01:03+02:00,2026-09-12,zaterdag,10:01,182
gn001,Groningen,2026-09-12T10:31:03+02:00,2026-09-12,zaterdag,10:31,171
gn001,Groningen,2026-09-12T10:46:02+02:00,2026-09-12,zaterdag,10:46,174
gn001,Groningen,2026-09-12T11:01:03+02:00,2026-09-12,zaterdag,11:01,163
gn001,Groningen,2026-09-12T11:16:02+02:00,2026-09-12,zaterdag,11:16,160
gn001,Groningen,2026-09-12T11:31:02+02:00,2026-09-12,zaterdag,11:31,153
gn001,Groningen,2026-09-12T11:46:02+02:00,2026-09-12,zaterdag,11:46,156
gn001,Groningen,2026-09-12T12:01:03+02:00,2026-09-12,zaterdag,12:01,148
gn001,Groningen,2026-09-12T12:16:02+02:00,2026-09-12,zaterdag,12:16,154
gn001,Groningen,2026-09-12T13:16:02+02:00,2026-09-12,zaterdag,13:16,128
gn001,Groningen,2026-09-12T13:31:03+02:00,2026-09-12,zaterdag,13:31,113
gn001,Groningen,2026-09-12T13:46:02+02:00,2026-09-12,zaterdag,13:46,113
gn001,Groningen,2026-09-12T14:01:04+02:00,2026-09-12,zaterdag,14:01,94
gn001,Groningen,2026-09-12T14:16:03+02:00,2026-09-12,zaterdag,14:16,97
gn001,Groningen,2026-09-12T14:31:03+02:00,2026-09-12,zaterdag,14:31,78
gn001,Groningen,2026-09-12T14:46:02+02:00,2026-09-12,zaterdag,14:46,78
gn001,Groningen,2026-09-12T15:31:03+02:00,2026-09-12,zaterdag,15:31,51
gn001,Groningen,2026-09-12T15:46:02+02:00,2026-09-12,zaterdag,15:46,60
gn001,Groningen,2026-09-12T16:01:02+02:00,2026-09-12,zaterdag,16:01,69
gn001,Groningen,2026-09-12T16:16:03+02:00,2026-09-12,zaterdag,16:16,71
gn001,Groningen,2026-09-12T16:31:03+02:00,2026-09-12,zaterdag,16:31,37
gn001,Groningen,2026-09-12T16:46:03+02:00,2026-09-12,zaterdag,16:46,40
gn001,Groningen,2026-09-12T17:01:03+02:00,2026-09-12,zaterdag,17:01,31
gn001,Groningen,2026-09-12T17:16:02+02:00,2026-09-12,zaterdag,17:16,26
gn001,Groningen,2026-09-12T17:31:02+02:00,2026-09-12,zaterdag,17:31,19
gn001,Groningen,2026-09-12T18:01:02+02:00,2026-09-12,zaterdag,18:01,14
gn001,Groningen,2026-09-12T18:16:03+02:00,2026-09-12,zaterdag,18:16,15
gn001,Groningen,2026-09-12T18:31:02+02:00,2026-09-12,zaterdag,18:31,8
gn001,Groningen,2026-09-12T18:46:03+02:00,2026-09-12,zaterdag,18:46,10
gn001,Groningen,2026-09-12T19:01:03+02:00,2026-09-12,zaterdag,19:01,13
gn001,Groningen,2026-09-12T19:31:03+02:00,2026-09-12,zaterdag,19:31,17
gn001,Groningen,2026-09-12T19:46:02+02:00,2026-09-12,zaterdag,19:46,22
gn001,Groningen,2026-09-12T20:01:02+02:00,2026-09-12,zaterdag,20:01,19
gn001,Groningen,2026-09-12T20:16:02+02:00,2026-09-12,zaterdag,20:16,31
gn001,Groningen,2026-09-12T20:31:02+02:00,2026-09-12,zaterdag,20:31,28
gn001,Groningen,2026-09-12T20:46:03+02:00,2026-09-12,zaterdag,20:46,27
gn001,Groningen,2026-09-12T21:01:02+02:00,2026-09-12,zaterdag,21:01,28
gn001,Groningen,2026-09-12T21:16:03+02:00,2026-09-12,zaterdag,21:16,29
gn001,Groningen,2026-09-12T21:31:03+02:00,2026-09-12,zaterdag,21:31,35
gn001,Groningen,2026-09-12T22:01:02+02:00,2026-09-12,zaterdag,22:01,46
gn001,Groningen,2026-09-12T22:16:02+02:00,2026-09-12,zaterdag,22:16,56
gn001,Groningen,2026-09-12T22:31:03+02:00,2026-09-12,zaterdag,22:31,57
gn001,Groningen,2026-09-12T22:46:02+02:00,2026-09-12,zaterdag,22:46,61
gn001,Groningen,2026-09-12T23:01:01+02:00,2026-09-12,zaterdag,23:01,67
gn001,Groningen,2026-09-12T23:16:02+02:00,2026-09-12,zaterdag,23:16,73
gn001,Groningen,2026-09-12T23:46:02+02:00,2026-09-12,zaterdag,23:46,90
gn001,Groningen,2026-09-13T00:01:02+02:00,2026-09-13,zondag,00:01,92
gn001,Groningen,2026-09-13T00:16:03+02:00,2026-09-13,zondag,00:16,93
gn001,Groningen,2026-09-13T00:31:02+02:00,2026-09-13,zondag,00:31,92
gn001,Groningen,2026-09-13T00:46:02+02:00,2026-09-13,zondag,00:46,97
gn001,Groningen,2026-09-13T01:01:02+02:00,2026-09-13,zondag,01:01,98
gn001,Groningen,2026-09-13T01:16:03+02:00,2026-09-13,zondag,01:16,100
gn001,Groningen,2026-09-13T01:31:02+02:00,2026-09-13,zondag,01:31,96
gn001,Groningen,2026-09-13T01:46:02+02:00,2026-09-13,zondag,01:46,95
gn001,Groningen,2026-09-13T02:01:02+02:00,2026-09-13,zondag,02:01,93
gn001,Groningen,2026-09-13T02:16:02+02:00,2026-09-13,zondag,02:16,94
gn001,Groningen,2026-09-13T02:31:02+02:00,2026-09-13,zondag,02:31,93
gn001,Groningen,2026-09-13T02:46:03+02:00,2026-09-13,zondag,02:46,94
gn001,Groningen,2026-09-13T03:01:03+02:00,2026-09-13,zondag,03:01,93
gn001,Groningen,2026-09-13T03:16:02+02:00,2026-09-13,zondag,03:16,94
gn001,Groningen,2026-09-13T03:31:02+02:00,2026-09-13,zondag,03:31,94
gn001,Groningen,2026-09-13T03:46:02+02:00,2026-09-13,zondag,03:46,94
gn001,Groningen,2026-09-13T04:01:02+02:00,2026-09-13,zondag,04:01,94
gn001,Groningen,2026-09-13T04:16:02+02:00,2026-09-13,zondag,04:16,94
gn001,Groningen,2026-09-13T04:31:03+02:00,2026-09-13,zondag,04:31,96
gn001,Groningen,2026-09-13T04:46:03+02:00,2026-09-13,zondag,04:46,96
gn001,Groningen,2026-09-13T05:01:02+02:00,2026-09-13,zondag,05:01,96
gn001,Groningen,2026-09-13T05:16:02+02:00,2026-09-13,zondag,05:16,96
gn001,Groningen,2026-09-13T05:31:02+02:00,2026-09-13,zondag,05:31,96
gn001,Groningen,2026-09-13T05:46:02+02:00,2026-09-13,zondag,05:46,96
gn001,Groningen,2026-09-13T06:01:02+02:00,2026-09-13,zondag,06:01,96
gn001,Groningen,2026-09-13T06:16:02+02:00,2026-09-13,zondag,06:16,97
gn001,Groningen,2026-09-13T06:31:02+02:00,2026-09-13,zondag,06:31,98
gn001,Groningen,2026-09-13T06:46:04+02:00,2026-09-13,zondag,06:46,99
gn001,Groningen,2026-09-13T07:01:02+02:00,2026-09-13,zondag,07:01,99
gn001,Groningen,2026-09-13T07:16:02+02:00,2026-09-13,zondag,07:16,101
gn001,Groningen,2026-09-13T07:31:02+02:00,2026-09-13,zondag,07:31,101
gn001,Groningen,2026-09-13T08:01:02+02:00,2026-09-13,zondag,08:01,102
gn001,Groningen,2026-09-13T08:16:03+02:00,2026-09-13,zondag,08:16,104
gn001,Groningen,2026-09-13T08:31:02+02:00,2026-09-13,zondag,08:31,105
gn001,Groningen,2026-09-13T08:46:02+02:00,2026-09-13,zondag,08:46,107
gn001,Groningen,2026-09-13T09:01:03+02:00,2026-09-13,zondag,09:01,108
gn001,Groningen,2026-09-13T10:01:03+02:00,2026-09-13,zondag,10:01,123
gn001,Groningen,2026-09-13T10:16:02+02:00,2026-09-13,zondag,10:16,130
gn001,Groningen,2026-09-13T10:31:03+02:00,2026-09-13,zondag,10:31,133
gn001,Groningen,2026-09-13T10:46:02+02:00,2026-09-13,zondag,10:46,143
gn001,Groningen,2026-09-13T11:16:02+02:00,2026-09-13,zondag,11:16,157
gn001,Groningen,2026-09-13T11:31:02+02:00,2026-09-13,zondag,11:31,153
gn001,Groningen,2026-09-13T11:46:02+02:00,2026-09-13,zondag,11:46,154
gn001,Groningen,2026-09-13T12:01:03+02:00,2026-09-13,zondag,12:01,152
gn001,Groningen,2026-09-13T12:16:02+02:00,2026-09-13,zondag,12:16,161
gn001,Groningen,2026-09-13T12:31:02+02:00,2026-09-13,zondag,12:31,164
gn001,Groningen,2026-09-13T12:46:03+02:00,2026-09-13,zondag,12:46,183
gn001,Groningen,2026-09-13T13:16:02+02:00,2026-09-13,zondag,13:16,181
gn001,Groningen,2026-09-13T13:31:02+02:00,2026-09-13,zondag,13:31,178
gn001,Groningen,2026-09-13T13:46:02+02:00,2026-09-13,zondag,13:46,184
gn001,Groningen,2026-09-13T14:01:02+02:00,2026-09-13,zondag,14:01,183
gn001,Groningen,2026-09-13T14:16:02+02:00,2026-09-13,zondag,14:16,186
gn001,Groningen,2026-09-13T14:31:02+02:00,2026-09-13,zondag,14:31,186
gn001,Groningen,2026-09-13T14:46:02+02:00,2026-09-13,zondag,14:46,201
gn001,Groningen,2026-09-13T15:01:03+02:00,2026-09-13,zondag,15:01,212
gn001,Groningen,2026-09-13T15:16:02+02:00,2026-09-13,zondag,15:16,211
gn001,Groningen,2026-09-13T15:31:03+02:00,2026-09-13,zondag,15:31,210
gn001,Groningen,2026-09-13T15:46:03+02:00,2026-09-13,zondag,15:46,217
gn001,Groningen,2026-09-13T16:01:02+02:00,2026-09-13,zondag,16:01,220
gn001,Groningen,2026-09-13T16:16:02+02:00,2026-09-13,zondag,16:16,227
gn001,Groningen,2026-09-13T16:31:02+02:00,2026-09-13,zondag,16:31,227
gn001,Groningen,2026-09-13T16:46:02+02:00,2026-09-13,zondag,16:46,234
gn001,Groningen,2026-09-13T17:01:02+02:00,2026-09-13,zondag,17:01,237
gn001,Groningen,2026-09-13T17:16:03+02:00,2026-09-13,zondag,17:16,249
gn001,Groningen,2026-09-13T17:31:03+02:00,2026-09-13,zondag,17:31,253
gn001,Groningen,2026-09-13T17:46:03+02:00,2026-09-13,zondag,17:46,254
gn001,Groningen,2026-09-13T18:01:03+02:00,2026-09-13,zondag,18:01,257
gn001,Groningen,2026-09-13T18:16:03+02:00,2026-09-13,zondag,18:16,266
gn001,Groningen,2026-09-13T18:31:03+02:00,2026-09-13,zondag,18:31,271
gn001,Groningen,2026-09-13T18:46:02+02:00,2026-09-13,zondag,18:46,271
gn001,Groningen,2026-09-13T19:01:03+02:00,2026-09-13,zondag,19:01,271
gn001,Groningen,2026-09-13T19:16:02+02:00,2026-09-13,zondag,19:16,287
gn001,Groningen,2026-09-13T19:31:03+02:00,2026-09-13,zondag,19:31,287
gn001,Groningen,2026-09-13T19:46:02+02:00,2026-09-13,zondag,19:46,294
gn001,Groningen,2026-09-13T20:01:02+02:00,2026-09-13,zondag,20:01,297
gn001,Groningen,2026-09-13T20:16:03+02:00,2026-09-13,zondag,20:16,303
gn001,Groningen,2026-09-13T20:31:03+02:00,2026-09-13,zondag,20:31,306
gn001,Groningen,2026-09-13T21:01:02+02:00,2026-09-13,zondag,21:01,315
gn001,Groningen,2026-09-13T21:16:02+02:00,2026-09-13,zondag,21:16,319
gn001,Groningen,2026-09-13T21:31:02+02:00,2026-09-13,zondag,21:31,319
gn001,Groningen,2026-09-13T21:46:03+02:00,2026-09-13,zondag,21:46,321
gn001,Groningen,2026-09-13T22:01:03+02:00,2026-09-13,zondag,22:01,321
gn001,Groningen,2026-09-13T22:31:02+02:00,2026-09-13,zondag,22:31,323
gn001,Groningen,2026-09-13T22:46:02+02:00,2026-09-13,zondag,22:46,326
gn001,Groningen,2026-09-13T23:01:01+02:00,2026-09-13,zondag,23:01,326
gn001,Groningen,2026-09-13T23:16:02+02:00,2026-09-13,zondag,23:16,326
gn001,Groningen,2026-09-13T23:31:02+02:00,2026-09-13,zondag,23:31,324
gn001,Groningen,2026-09-13T23:46:02+02:00,2026-09-13,zondag,23:46,324
gn001,Groningen,2026-09-14T00:01:02+02:00,2026-09-14,maandag,00:01,323
gn001,Groningen,2026-09-14T00:16:02+02:00,2026-09-14,maandag,00:16,323
gn001,Groningen,2026-09-14T00:31:02+02:00,2026-09-14,maandag,00:31,324
gn001,Groningen,2026-09-14T00:46:03+02:00,2026-09-14,maandag,00:46,324
gn001,Groningen,2026-09-14T01:01:02+02:00,2026-09-14,maandag,01:01,324
gn001,Groningen,2026-09-14T01:16:02+02:00,2026-09-14,maandag,01:16,324
gn001,Groningen,2026-09-14T01:31:01+02:00,2026-09-14,maandag,01:31,322
gn001,Groningen,2026-09-14T01:46:02+02:00,2026-09-14,maandag,01:46,323
gn001,Groningen,2026-09-14T02:01:02+02:00,2026-09-14,maandag,02:01,323
gn001,Groningen,2026-09-14T02:16:03+02:00,2026-09-14,maandag,02:16,323
gn001,Groningen,2026-09-14T02:31:02+02:00,2026-09-14,maandag,02:31,323
gn001,Groningen,2026-09-14T02:46:02+02:00,2026-09-14,maandag,02:46,323
gn001,Groningen,2026-09-14T03:01:02+02:00,2026-09-14,maandag,03:01,323
gn001,Groningen,2026-09-14T03:16:03+02:00,2026-09-14,maandag,03:16,323
gn001,Groningen,2026-09-14T03:31:02+02:00,2026-09-14,maandag,03:31,323
gn001,Groningen,2026-09-14T03:46:03+02:00,2026-09-14,maandag,03:46,323
gn001,Groningen,2026-09-14T04:01:03+02:00,2026-09-14,maandag,04:01,323
gn001,Groningen,2026-09-14T04:16:02+02:00,2026-09-14,maandag,04:16,323
gn001,Groningen,2026-09-14T04:31:03+02:00,2026-09-14,maandag,04:31,323
gn001,Groningen,2026-09-14T04:46:03+02:00,2026-09-14,maandag,04:46,323
gn001,Groningen,2026-09-14T05:01:02+02:00,2026-09-14,maandag,05:01,323
gn001,Groningen,2026-09-14T05:16:02+02:00,2026-09-14,maandag,05:16,323
gn001,Groningen,2026-09-14T05:31:03+02:00,2026-09-14,maandag,05:31,323
gn001,Groningen,2026-09-14T05:46:02+02:00,2026-09-14,maandag,05:46,323
gn001,Groningen,2026-09-14T06:01:02+02:00,2026-09-14,maandag,06:01,324
gn001,Groningen,2026-09-14T06:16:03+02:00,2026-09-14,maandag,06:16,324
gn001,Groningen,2026-09-14T06:31:03+02:00,2026-09-14,maandag,06:31,324
gn001,Groningen,2026-09-14T06:46:03+02:00,2026-09-14,maandag,06:46,320
gn001,Groningen,2026-09-14T07:01:03+02:00,2026-09-14,maandag,07:01,320
gn001,Groningen,2026-09-14T07:16:04+02:00,2026-09-14,maandag,07:16,319
gn001,Groningen,2026-09-14T07:31:03+02:00,2026-09-14,maandag,07:31,311
gn001,Groningen,2026-09-14T07:46:03+02:00,2026-09-14,maandag,07:46,304
gn001,Groningen,2026-09-14T08:01:03+02:00,2026-09-14,maandag,08:01,293
gn001,Groningen,2026-09-14T08:16:03+02:00,2026-09-14,maandag,08:16,274
gn001,Groningen,2026-09-14T08:31:02+02:00,2026-09-14,maandag,08:31,242
gn001,Groningen,2026-09-14T08:46:03+02:00,2026-09-14,maandag,08:46,236
gn001,Groningen,2026-09-14T09:16:02+02:00,2026-09-14,maandag,09:16,196
gn001,Groningen,2026-09-14T09:31:03+02:00,2026-09-14,maandag,09:31,196
gn001,Groningen,2026-09-14T09:46:03+02:00,2026-09-14,maandag,09:46,182
gn001,Groningen,2026-09-14T10:01:03+02:00,2026-09-14,maandag,10:01,163
gn001,Groningen,2026-09-14T10:46:02+02:00,2026-09-14,maandag,10:46,151
gn001,Groningen,2026-09-14T11:01:03+02:00,2026-09-14,maandag,11:01,141
gn001,Groningen,2026-09-14T11:16:04+02:00,2026-09-14,maandag,11:16,136
gn001,Groningen,2026-09-14T11:46:02+02:00,2026-09-14,maandag,11:46,129
gn001,Groningen,2026-09-14T12:01:04+02:00,2026-09-14,maandag,12:01,129
gn001,Groningen,2026-09-14T12:31:03+02:00,2026-09-14,maandag,12:31,125
gn001,Groningen,2026-09-14T12:46:03+02:00,2026-09-14,maandag,12:46,126
gn001,Groningen,2026-09-14T13:01:03+02:00,2026-09-14,maandag,13:01,128
gn001,Groningen,2026-09-14T13:16:04+02:00,2026-09-14,maandag,13:16,133
gn001,Groningen,2026-09-14T13:31:03+02:00,2026-09-14,maandag,13:31,130
gn001,Groningen,2026-09-14T13:46:02+02:00,2026-09-14,maandag,13:46,130
gn001,Groningen,2026-09-14T14:16:02+02:00,2026-09-14,maandag,14:16,127
gn001,Groningen,2026-09-14T14:31:02+02:00,2026-09-14,maandag,14:31,127
gn001,Groningen,2026-09-14T14:46:02+02:00,2026-09-14,maandag,14:46,134
gn001,Groningen,2026-09-14T15:01:02+02:00,2026-09-14,maandag,15:01,138
gn001,Groningen,2026-09-14T15:16:02+02:00,2026-09-14,maandag,15:16,145
gn001,Groningen,2026-09-14T15:31:02+02:00,2026-09-14,maandag,15:31,145
gn001,Groningen,2026-09-14T16:01:02+02:00,2026-09-14,maandag,16:01,156
gn001,Groningen,2026-09-14T16:16:03+02:00,2026-09-14,maandag,16:16,175
gn001,Groningen,2026-09-14T16:31:04+02:00,2026-09-14,maandag,16:31,191
gn001,Groningen,2026-09-14T16:46:04+02:00,2026-09-14,maandag,16:46,218
gn001,Groningen,2026-09-14T17:01:02+02:00,2026-09-14,maandag,17:01,240
gn001,Groningen,2026-09-14T17:16:04+02:00,2026-09-14,maandag,17:16,262
gn001,Groningen,2026-09-14T18:16:03+02:00,2026-09-14,maandag,18:16,287
gn001,Groningen,2026-09-14T18:31:03+02:00,2026-09-14,maandag,18:31,286
gn001,Groningen,2026-09-14T18:46:03+02:00,2026-09-14,maandag,18:46,292
gn001,Groningen,2026-09-14T19:01:03+02:00,2026-09-14,maandag,19:01,291
gn001,Groningen,2026-09-14T19:16:02+02:00,2026-09-14,maandag,19:16,293
gn001,Groningen,2026-09-14T19:31:03+02:00,2026-09-14,maandag,19:31,290
gn001,Groningen,2026-09-14T19:46:02+02:00,2026-09-14,maandag,19:46,295
gn001,Groningen,2026-09-14T20:01:04+02:00,2026-09-14,maandag,20:01,299
gn001,Groningen,2026-09-14T20:31:03+02:00,2026-09-14,maandag,20:31,300
gn001,Groningen,2026-09-14T20:46:03+02:00,2026-09-14,maandag,20:46,302
gn001,Groningen,2026-09-14T21:01:03+02:00,2026-09-14,maandag,21:01,303
gn001,Groningen,2026-09-14T21:16:03+02:00,2026-09-14,maandag,21:16,304
gn001,Groningen,2026-09-14T21:31:02+02:00,2026-09-14,maandag,21:31,298
gn001,Groningen,2026-09-14T21:46:03+02:00,2026-09-14,maandag,21:46,304
gn001,Groningen,2026-09-14T22:01:02+02:00,2026-09-14,maandag,22:01,304
gn001,Groningen,2026-09-14T22:16:02+02:00,2026-09-14,maandag,22:16,305
gn001,Groningen,2026-09-14T22:31:02+02:00,2026-09-14,maandag,22:31,307
gn001,Groningen,2026-09-14T22:46:02+02:00,2026-09-14,maandag,22:46,307
gn001,Groningen,2026-09-14T23:01:02+02:00,2026-09-14,maandag,23:01,305
gn001,Groningen,2026-09-14T23:16:02+02:00,2026-09-14,maandag,23:16,306
gn001,Groningen,2026-09-14T23:31:02+02:00,2026-09-14,maandag,23:31,306
gn001,Groningen,2026-09-14T23:46:02+02:00,2026-09-14,maandag,23:46,306
gn001,Groningen,2026-09-15T00:01:02+02:00,2026-09-15,dinsdag,00:01,306
gn001,Groningen,2026-09-15T00:16:03+02:00,2026-09-15,dinsdag,00:16,306
gn001,Groningen,2026-09-15T00:31:03+02:00,2026-09-15,dinsdag,00:31,306
gn001,Groningen,2026-09-15T00:46:03+02:00,2026-09-15,dinsdag,00:46,307
gn001,Groningen,2026-09-15T01:01:02+02:00,2026-09-15,dinsdag,01:01,307
gn001,Groningen,2026-09-15T01:16:03+02:00,2026-09-15,dinsdag,01:16,306
gn001,Groningen,2026-09-15T01:31:02+02:00,2026-09-15,dinsdag,01:31,305
gn001,Groningen,2026-09-15T01:46:02+02:00,2026-09-15,dinsdag,01:46,308
gn001,Groningen,2026-09-15T02:01:03+02:00,2026-09-15,dinsdag,02:01,307
gn001,Groningen,2026-09-15T02:16:02+02:00,2026-09-15,dinsdag,02:16,307
gn001,Groningen,2026-09-15T02:31:02+02:00,2026-09-15,dinsdag,02:31,307
gn001,Groningen,2026-09-15T02:46:02+02:00,2026-09-15,dinsdag,02:46,307
gn001,Groningen,2026-09-15T03:01:03+02:00,2026-09-15,dinsdag,03:01,307
gn001,Groningen,2026-09-15T03:16:02+02:00,2026-09-15,dinsdag,03:16,307
gn001,Groningen,2026-09-15T03:31:03+02:00,2026-09-15,dinsdag,03:31,307
gn001,Groningen,2026-09-15T03:46:01+02:00,2026-09-15,dinsdag,03:46,307
gn001,Groningen,2026-09-15T04:01:03+02:00,2026-09-15,dinsdag,04:01,307
gn001,Groningen,2026-09-15T04:16:02+02:00,2026-09-15,dinsdag,04:16,307
gn001,Groningen,2026-09-15T04:31:02+02:00,2026-09-15,dinsdag,04:31,307
gn001,Groningen,2026-09-15T04:46:02+02:00,2026-09-15,dinsdag,04:46,307
gn001,Groningen,2026-09-15T05:01:03+02:00,2026-09-15,dinsdag,05:01,307
gn001,Groningen,2026-09-15T05:16:03+02:00,2026-09-15,dinsdag,05:16,307
gn001,Groningen,2026-09-15T05:31:02+02:00,2026-09-15,dinsdag,05:31,309
gn001,Groningen,2026-09-15T05:46:03+02:00,2026-09-15,dinsdag,05:46,309
gn001,Groningen,2026-09-15T06:01:02+02:00,2026-09-15,dinsdag,06:01,309
gn001,Groningen,2026-09-15T06:16:02+02:00,2026-09-15,dinsdag,06:16,309
gn001,Groningen,2026-09-15T07:31:02+02:00,2026-09-15,dinsdag,07:31,855
gn001,Groningen,2026-09-15T14:16:03+02:00,2026-09-15,dinsdag,14:16,120
gn001,Groningen,2026-09-15T16:46:02+02:00,2026-09-15,dinsdag,16:46,188
gn001,Groningen,2026-09-16T00:31:02+02:00,2026-09-16,woensdag,00:31,285
gn001,Groningen,2026-09-16T00:46:03+02:00,2026-09-16,woensdag,00:46,285
gn001,Groningen,2026-09-16T01:01:02+02:00,2026-09-16,woensdag,01:01,285
gn001,Groningen,2026-09-16T01:16:02+02:00,2026-09-16,woensdag,01:16,285
gn001,Groningen,2026-09-16T01:31:02+02:00,2026-09-16,woensdag,01:31,285
gn001,Groningen,2026-09-16T01:46:02+02:00,2026-09-16,woensdag,01:46,287
gn001,Groningen,2026-09-16T02:01:03+02:00,2026-09-16,woensdag,02:01,287
gn001,Groningen,2026-09-16T02:16:01+02:00,2026-09-16,woensdag,02:16,287
gn001,Groningen,2026-09-16T02:31:03+02:00,2026-09-16,woensdag,02:31,287
gn001,Groningen,2026-09-16T02:46:02+02:00,2026-09-16,woensdag,02:46,287
gn001,Groningen,2026-09-16T03:01:02+02:00,2026-09-16,woensdag,03:01,287
gn001,Groningen,2026-09-16T03:16:02+02:00,2026-09-16,woensdag,03:16,287
gn001,Groningen,2026-09-16T03:31:03+02:00,2026-09-16,woensdag,03:31,287
gn001,Groningen,2026-09-16T03:46:03+02:00,2026-09-16,woensdag,03:46,287
gn001,Groningen,2026-09-16T04:01:03+02:00,2026-09-16,woensdag,04:01,287
gn001,Groningen,2026-09-16T04:16:03+02:00,2026-09-16,woensdag,04:16,287
gn001,Groningen,2026-09-16T04:31:03+02:00,2026-09-16,woensdag,04:31,287
gn001,Groningen,2026-09-16T04:46:03+02:00,2026-09-16,woensdag,04:46,286
gn001,Groningen,2026-09-16T05:01:02+02:00,2026-09-16,woensdag,05:01,286
gn001,Groningen,2026-09-16T05:16:03+02:00,2026-09-16,woensdag,05:16,286
gn001,Groningen,2026-09-16T05:31:03+02:00,2026-09-16,woensdag,05:31,286
gn001,Groningen,2026-09-16T05:46:03+02:00,2026-09-16,woensdag,05:46,286
gn001,Groningen,2026-09-16T06:01:02+02:00,2026-09-16,woensdag,06:01,286
gn001,Groningen,2026-09-16T06:16:02+02:00,2026-09-16,woensdag,06:16,287
gn001,Groningen,2026-09-16T06:31:03+02:00,2026-09-16,woensdag,06:31,288
gn001,Groningen,2026-09-16T06:46:02+02:00,2026-09-16,woensdag,06:46,289
gn001,Groningen,2026-09-16T07:01:02+02:00,2026-09-16,woensdag,07:01,288
gn001,Groningen,2026-09-16T07:16:03+02:00,2026-09-16,woensdag,07:16,284
gn001,Groningen,2026-09-16T07:31:02+02:00,2026-09-16,woensdag,07:31,282
gn001,Groningen,2026-09-16T07:46:02+02:00,2026-09-16,woensdag,07:46,268
gn001,Groningen,2026-09-16T08:01:03+02:00,2026-09-16,woensdag,08:01,260
gn001,Groningen,2026-09-16T08:16:03+02:00,2026-09-16,woensdag,08:16,250
gn001,Groningen,2026-09-16T08:31:03+02:00,2026-09-16,woensdag,08:31,227
gn001,Groningen,2026-09-16T08:46:02+02:00,2026-09-16,woensdag,08:46,210
gn001,Groningen,2026-09-16T09:01:04+02:00,2026-09-16,woensdag,09:01,191
gn001,Groningen,2026-09-16T09:16:04+02:00,2026-09-16,woensdag,09:16,183
gn001,Groningen,2026-09-16T09:31:04+02:00,2026-09-16,woensdag,09:31,167
gn001,Groningen,2026-09-16T09:46:02+02:00,2026-09-16,woensdag,09:46,163
gn001,Groningen,2026-09-16T10:01:03+02:00,2026-09-16,woensdag,10:01,151
gn001,Groningen,2026-09-16T10:16:02+02:00,2026-09-16,woensdag,10:16,154
gn001,Groningen,2026-09-16T10:31:03+02:00,2026-09-16,woensdag,10:31,144
gn001,Groningen,2026-09-16T10:46:02+02:00,2026-09-16,woensdag,10:46,139
gn001,Groningen,2026-09-16T11:01:02+02:00,2026-09-16,woensdag,11:01,114
gn001,Groningen,2026-09-16T11:16:03+02:00,2026-09-16,woensdag,11:16,115
gn001,Groningen,2026-09-16T11:31:05+02:00,2026-09-16,woensdag,11:31,104
gn001,Groningen,2026-09-16T11:46:03+02:00,2026-09-16,woensdag,11:46,105
gn001,Groningen,2026-09-16T12:01:03+02:00,2026-09-16,woensdag,12:01,102
gn001,Groningen,2026-09-16T12:16:02+02:00,2026-09-16,woensdag,12:16,103
gn001,Groningen,2026-09-16T12:31:04+02:00,2026-09-16,woensdag,12:31,104
gn001,Groningen,2026-09-16T13:16:02+02:00,2026-09-16,woensdag,13:16,97
gn001,Groningen,2026-09-16T13:31:02+02:00,2026-09-16,woensdag,13:31,102
gn001,Groningen,2026-09-16T13:46:03+02:00,2026-09-16,woensdag,13:46,102
gn001,Groningen,2026-09-16T14:31:03+02:00,2026-09-16,woensdag,14:31,111
gn001,Groningen,2026-09-16T14:46:02+02:00,2026-09-16,woensdag,14:46,113
gn001,Groningen,2026-09-16T15:01:04+02:00,2026-09-16,woensdag,15:01,114
gn001,Groningen,2026-09-16T15:16:02+02:00,2026-09-16,woensdag,15:16,124
gn001,Groningen,2026-09-16T15:31:03+02:00,2026-09-16,woensdag,15:31,126
gn001,Groningen,2026-09-16T16:01:02+02:00,2026-09-16,woensdag,16:01,141
gn001,Groningen,2026-09-16T16:16:02+02:00,2026-09-16,woensdag,16:16,150
gn001,Groningen,2026-09-16T16:31:04+02:00,2026-09-16,woensdag,16:31,160
gn001,Groningen,2026-09-16T17:01:03+02:00,2026-09-16,woensdag,17:01,179
gn001,Groningen,2026-09-16T17:16:03+02:00,2026-09-16,woensdag,17:16,195
gn001,Groningen,2026-09-16T17:31:03+02:00,2026-09-16,woensdag,17:31,205
gn001,Groningen,2026-09-16T17:46:03+02:00,2026-09-16,woensdag,17:46,210
gn001,Groningen,2026-09-16T18:01:03+02:00,2026-09-16,woensdag,18:01,212
gn001,Groningen,2026-09-16T18:16:04+02:00,2026-09-16,woensdag,18:16,218
gn001,Groningen,2026-09-16T18:31:03+02:00,2026-09-16,woensdag,18:31,221
gn001,Groningen,2026-09-16T18:46:02+02:00,2026-09-16,woensdag,18:46,224
gn001,Groningen,2026-09-16T19:01:02+02:00,2026-09-16,woensdag,19:01,226
gn001,Groningen,2026-09-16T19:16:03+02:00,2026-09-16,woensdag,19:16,227
gn001,Groningen,2026-09-16T19:31:03+02:00,2026-09-16,woensdag,19:31,227
gn001,Groningen,2026-09-16T20:01:02+02:00,2026-09-16,woensdag,20:01,229
gn001,Groningen,2026-09-16T20:16:02+02:00,2026-09-16,woensdag,20:16,231
gn001,Groningen,2026-09-16T20:31:03+02:00,2026-09-16,woensdag,20:31,235
gn001,Groningen,2026-09-16T20:46:03+02:00,2026-09-16,woensdag,20:46,239
gn001,Groningen,2026-09-16T21:01:03+02:00,2026-09-16,woensdag,21:01,244
gn001,Groningen,2026-09-16T21:16:04+02:00,2026-09-16,woensdag,21:16,247
gn001,Groningen,2026-09-16T21:31:04+02:00,2026-09-16,woensdag,21:31,246
gn001,Groningen,2026-09-16T21:46:03+02:00,2026-09-16,woensdag,21:46,251
gn001,Groningen,2026-09-16T22:01:03+02:00,2026-09-16,woensdag,22:01,253
gn001,Groningen,2026-09-16T22:16:03+02:00,2026-09-16,woensdag,22:16,259
gn001,Groningen,2026-09-16T22:31:04+02:00,2026-09-16,woensdag,22:31,257
gn001,Groningen,2026-09-16T22:46:02+02:00,2026-09-16,woensdag,22:46,259
gn001,Groningen,2026-09-16T23:01:03+02:00,2026-09-16,woensdag,23:01,260
gn001,Groningen,2026-09-16T23:16:02+02:00,2026-09-16,woensdag,23:16,260
gn001,Groningen,2026-09-16T23:31:03+02:00,2026-09-16,woensdag,23:31,260
gn001,Groningen,2026-09-16T23:46:03+02:00,2026-09-16,woensdag,23:46,262
gn001,Groningen,2026-09-17T00:01:02+02:00,2026-09-17,donderdag,00:01,263
gn001,Groningen,2026-09-17T00:16:02+02:00,2026-09-17,donderdag,00:16,265
gn001,Groningen,2026-09-17T00:31:04+02:00,2026-09-17,donderdag,00:31,264
gn001,Groningen,2026-09-17T00:46:03+02:00,2026-09-17,donderdag,00:46,265
gn001,Groningen,2026-09-17T01:01:02+02:00,2026-09-17,donderdag,01:01,265
gn001,Groningen,2026-09-17T01:31:03+02:00,2026-09-17,donderdag,01:31,264
gn001,Groningen,2026-09-17T01:46:02+02:00,2026-09-17,donderdag,01:46,267
gn001,Groningen,2026-09-17T02:01:02+02:00,2026-09-17,donderdag,02:01,267
gn001,Groningen,2026-09-17T02:16:02+02:00,2026-09-17,donderdag,02:16,267
gn001,Groningen,2026-09-17T02:31:02+02:00,2026-09-17,donderdag,02:31,267
gn001,Groningen,2026-09-17T02:46:01+02:00,2026-09-17,donderdag,02:46,267
gn001,Groningen,2026-09-17T03:01:03+02:00,2026-09-17,donderdag,03:01,267
gn001,Groningen,2026-09-17T03:16:02+02:00,2026-09-17,donderdag,03:16,267
gn001,Groningen,2026-09-17T03:31:02+02:00,2026-09-17,donderdag,03:31,267
gn001,Groningen,2026-09-17T03:46:03+02:00,2026-09-17,donderdag,03:46,267
gn001,Groningen,2026-09-17T04:01:03+02:00,2026-09-17,donderdag,04:01,267
gn001,Groningen,2026-09-17T04:16:02+02:00,2026-09-17,donderdag,04:16,267
gn001,Groningen,2026-09-17T04:31:03+02:00,2026-09-17,donderdag,04:31,267
gn001,Groningen,2026-09-17T04:46:03+02:00,2026-09-17,donderdag,04:46,267
gn001,Groningen,2026-09-17T05:01:02+02:00,2026-09-17,donderdag,05:01,267
gn001,Groningen,2026-09-17T05:16:03+02:00,2026-09-17,donderdag,05:16,267
gn001,Groningen,2026-09-17T05:31:03+02:00,2026-09-17,donderdag,05:31,268
gn001,Groningen,2026-09-17T05:46:02+02:00,2026-09-17,donderdag,05:46,268
gn001,Groningen,2026-09-17T06:01:03+02:00,2026-09-17,donderdag,06:01,268
gn001,Groningen,2026-09-17T06:16:03+02:00,2026-09-17,donderdag,06:16,269
gn001,Groningen,2026-09-17T06:31:02+02:00,2026-09-17,donderdag,06:31,268
gn001,Groningen,2026-09-17T06:46:03+02:00,2026-09-17,donderdag,06:46,267
gn001,Groningen,2026-09-17T07:16:03+02:00,2026-09-17,donderdag,07:16,259
gn001,Groningen,2026-09-17T07:31:04+02:00,2026-09-17,donderdag,07:31,249
gn001,Groningen,2026-09-17T07:46:03+02:00,2026-09-17,donderdag,07:46,233
gn001,Groningen,2026-09-17T08:01:03+02:00,2026-09-17,donderdag,08:01,217
gn001,Groningen,2026-09-17T08:16:02+02:00,2026-09-17,donderdag,08:16,193
gn001,Groningen,2026-09-17T08:31:02+02:00,2026-09-17,donderdag,08:31,162
gn001,Groningen,2026-09-17T08:46:03+02:00,2026-09-17,donderdag,08:46,139
gn001,Groningen,2026-09-17T09:16:03+02:00,2026-09-17,donderdag,09:16,99
gn001,Groningen,2026-09-17T09:31:03+02:00,2026-09-17,donderdag,09:31,68
gn001,Groningen,2026-09-17T10:01:02+02:00,2026-09-17,donderdag,10:01,48
gn001,Groningen,2026-09-17T10:16:03+02:00,2026-09-17,donderdag,10:16,49
gn001,Groningen,2026-09-17T10:31:03+02:00,2026-09-17,donderdag,10:31,40
gn001,Groningen,2026-09-17T10:46:02+02:00,2026-09-17,donderdag,10:46,40
gn001,Groningen,2026-09-17T11:01:05+02:00,2026-09-17,donderdag,11:01,29
gn001,Groningen,2026-09-17T11:16:04+02:00,2026-09-17,donderdag,11:16,28
gn001,Groningen,2026-09-17T11:31:03+02:00,2026-09-17,donderdag,11:31,25
gn001,Groningen,2026-09-17T11:46:02+02:00,2026-09-17,donderdag,11:46,44
gn001,Groningen,2026-09-17T12:01:02+02:00,2026-09-17,donderdag,12:01,39
gn001,Groningen,2026-09-17T12:16:02+02:00,2026-09-17,donderdag,12:16,39
gn001,Groningen,2026-09-17T12:31:02+02:00,2026-09-17,donderdag,12:31,33
gn001,Groningen,2026-09-17T12:46:03+02:00,2026-09-17,donderdag,12:46,35
gn001,Groningen,2026-09-17T13:01:03+02:00,2026-09-17,donderdag,13:01,35
gn001,Groningen,2026-09-17T13:16:02+02:00,2026-09-17,donderdag,13:16,38
gn001,Groningen,2026-09-17T13:31:02+02:00,2026-09-17,donderdag,13:31,37
gn001,Groningen,2026-09-17T13:46:03+02:00,2026-09-17,donderdag,13:46,40
gn001,Groningen,2026-09-17T14:01:04+02:00,2026-09-17,donderdag,14:01,52
gn001,Groningen,2026-09-17T14:16:03+02:00,2026-09-17,donderdag,14:16,53
gn001,Groningen,2026-09-17T14:46:03+02:00,2026-09-17,donderdag,14:46,69
gn001,Groningen,2026-09-17T15:01:04+02:00,2026-09-17,donderdag,15:01,65
gn001,Groningen,2026-09-17T15:16:02+02:00,2026-09-17,donderdag,15:16,77
gn001,Groningen,2026-09-17T15:31:02+02:00,2026-09-17,donderdag,15:31,81
gn001,Groningen,2026-09-17T15:46:03+02:00,2026-09-17,donderdag,15:46,90
gn001,Groningen,2026-09-17T16:01:02+02:00,2026-09-17,donderdag,16:01,116
gn001,Groningen,2026-09-17T16:16:02+02:00,2026-09-17,donderdag,16:16,147
gn001,Groningen,2026-09-17T16:31:02+02:00,2026-09-17,donderdag,16:31,156
gn001,Groningen,2026-09-17T17:16:03+02:00,2026-09-17,donderdag,17:16,224
gn001,Groningen,2026-09-17T17:31:02+02:00,2026-09-17,donderdag,17:31,234
gn001,Groningen,2026-09-17T17:46:02+02:00,2026-09-17,donderdag,17:46,246
gn001,Groningen,2026-09-17T18:01:02+02:00,2026-09-17,donderdag,18:01,235
gn001,Groningen,2026-09-17T18:16:01+02:00,2026-09-17,donderdag,18:16,237
gn001,Groningen,2026-09-17T18:31:02+02:00,2026-09-17,donderdag,18:31,246
gn001,Groningen,2026-09-17T19:01:02+02:00,2026-09-17,donderdag,19:01,245
gn001,Groningen,2026-09-17T19:16:02+02:00,2026-09-17,donderdag,19:16,251
gn001,Groningen,2026-09-17T19:31:02+02:00,2026-09-17,donderdag,19:31,252
gn001,Groningen,2026-09-17T19:46:02+02:00,2026-09-17,donderdag,19:46,253
gn001,Groningen,2026-09-17T20:01:02+02:00,2026-09-17,donderdag,20:01,248
gn001,Groningen,2026-09-17T20:16:02+02:00,2026-09-17,donderdag,20:16,253
gn001,Groningen,2026-09-17T20:31:03+02:00,2026-09-17,donderdag,20:31,257
gn001,Groningen,2026-09-17T20:46:02+02:00,2026-09-17,donderdag,20:46,259
gn001,Groningen,2026-09-17T21:01:03+02:00,2026-09-17,donderdag,21:01,263
gn001,Groningen,2026-09-17T21:16:02+02:00,2026-09-17,donderdag,21:16,271
gn001,Groningen,2026-09-17T21:31:02+02:00,2026-09-17,donderdag,21:31,271
gn001,Groningen,2026-09-17T21:46:02+02:00,2026-09-17,donderdag,21:46,268
gn001,Groningen,2026-09-17T22:01:02+02:00,2026-09-17,donderdag,22:01,268
gn001,Groningen,2026-09-17T22:16:02+02:00,2026-09-17,donderdag,22:16,274
gn001,Groningen,2026-09-17T22:31:02+02:00,2026-09-17,donderdag,22:31,275
gn001,Groningen,2026-09-17T22:46:03+02:00,2026-09-17,donderdag,22:46,275
gn001,Groningen,2026-09-17T23:01:02+02:00,2026-09-17,donderdag,23:01,273
gn001,Groningen,2026-09-17T23:16:03+02:00,2026-09-17,donderdag,23:16,276
gn001,Groningen,2026-09-17T23:31:03+02:00,2026-09-17,donderdag,23:31,276
gn001,Groningen,2026-09-17T23:46:02+02:00,2026-09-17,donderdag,23:46,274
gn001,Groningen,2026-09-18T00:01:03+02:00,2026-09-18,vrijdag,00:01,271
gn001,Groningen,2026-09-18T00:16:03+02:00,2026-09-18,vrijdag,00:16,272
gn001,Groningen,2026-09-18T00:31:03+02:00,2026-09-18,vrijdag,00:31,275
gn001,Groningen,2026-09-18T00:46:04+02:00,2026-09-18,vrijdag,00:46,277
gn001,Groningen,2026-09-18T01:01:02+02:00,2026-09-18,vrijdag,01:01,280
gn001,Groningen,2026-09-18T01:16:04+02:00,2026-09-18,vrijdag,01:16,278
gn001,Groningen,2026-09-18T01:31:02+02:00,2026-09-18,vrijdag,01:31,277
gn001,Groningen,2026-09-18T01:46:01+02:00,2026-09-18,vrijdag,01:46,277
gn001,Groningen,2026-09-18T02:01:03+02:00,2026-09-18,vrijdag,02:01,277
gn001,Groningen,2026-09-18T02:16:03+02:00,2026-09-18,vrijdag,02:16,277
gn001,Groningen,2026-09-18T02:31:02+02:00,2026-09-18,vrijdag,02:31,277
gn001,Groningen,2026-09-18T02:46:02+02:00,2026-09-18,vrijdag,02:46,277
gn001,Groningen,2026-09-18T03:01:02+02:00,2026-09-18,vrijdag,03:01,277
gn001,Groningen,2026-09-18T03:16:03+02:00,2026-09-18,vrijdag,03:16,277
gn001,Groningen,2026-09-18T03:31:03+02:00,2026-09-18,vrijdag,03:31,277
gn001,Groningen,2026-09-18T03:46:03+02:00,2026-09-18,vrijdag,03:46,278
gn001,Groningen,2026-09-18T04:01:02+02:00,2026-09-18,vrijdag,04:01,278
gn001,Groningen,2026-09-18T04:16:03+02:00,2026-09-18,vrijdag,04:16,278
gn001,Groningen,2026-09-18T04:31:03+02:00,2026-09-18,vrijdag,04:31,278
gn001,Groningen,2026-09-18T04:46:03+02:00,2026-09-18,vrijdag,04:46,278
gn001,Groningen,2026-09-18T05:01:02+02:00,2026-09-18,vrijdag,05:01,280
gn001,Groningen,2026-09-18T05:16:03+02:00,2026-09-18,vrijdag,05:16,280
gn001,Groningen,2026-09-18T05:31:03+02:00,2026-09-18,vrijdag,05:31,280
gn001,Groningen,2026-09-18T05:46:03+02:00,2026-09-18,vrijdag,05:46,280
gn001,Groningen,2026-09-18T06:01:03+02:00,2026-09-18,vrijdag,06:01,282
gn001,Groningen,2026-09-18T06:16:03+02:00,2026-09-18,vrijdag,06:16,282
gn001,Groningen,2026-09-18T06:31:03+02:00,2026-09-18,vrijdag,06:31,282
gn001,Groningen,2026-09-18T06:46:03+02:00,2026-09-18,vrijdag,06:46,281
gn001,Groningen,2026-09-18T07:01:02+02:00,2026-09-18,vrijdag,07:01,279
gn001,Groningen,2026-09-18T07:16:03+02:00,2026-09-18,vrijdag,07:16,279
gn001,Groningen,2026-09-18T07:31:02+02:00,2026-09-18,vrijdag,07:31,280
gn001,Groningen,2026-09-18T07:46:02+02:00,2026-09-18,vrijdag,07:46,275
gn001,Groningen,2026-09-18T08:01:03+02:00,2026-09-18,vrijdag,08:01,265
gn001,Groningen,2026-09-18T08:16:04+02:00,2026-09-18,vrijdag,08:16,255
gn001,Groningen,2026-09-18T08:31:03+02:00,2026-09-18,vrijdag,08:31,236
gn001,Groningen,2026-09-18T08:46:03+02:00,2026-09-18,vrijdag,08:46,225
gn001,Groningen,2026-09-18T09:01:05+02:00,2026-09-18,vrijdag,09:01,216
gn001,Groningen,2026-09-18T09:16:03+02:00,2026-09-18,vrijdag,09:16,214
gn001,Groningen,2026-09-18T09:31:02+02:00,2026-09-18,vrijdag,09:31,211
gn001,Groningen,2026-09-18T09:46:05+02:00,2026-09-18,vrijdag,09:46,209
gn001,Groningen,2026-09-18T10:01:03+02:00,2026-09-18,vrijdag,10:01,197
gn001,Groningen,2026-09-18T10:16:05+02:00,2026-09-18,vrijdag,10:16,199
gn001,Groningen,2026-09-18T10:31:05+02:00,2026-09-18,vrijdag,10:31,192
gn001,Groningen,2026-09-18T11:16:03+02:00,2026-09-18,vrijdag,11:16,181
gn001,Groningen,2026-09-18T11:31:06+02:00,2026-09-18,vrijdag,11:31,175
gn001,Groningen,2026-09-18T12:01:05+02:00,2026-09-18,vrijdag,12:01,163
gn001,Groningen,2026-09-18T12:16:06+02:00,2026-09-18,vrijdag,12:16,169
gn001,Groningen,2026-09-18T12:31:06+02:00,2026-09-18,vrijdag,12:31,171
gn001,Groningen,2026-09-18T12:46:03+02:00,2026-09-18,vrijdag,12:46,171
gn001,Groningen,2026-09-18T13:01:03+02:00,2026-09-18,vrijdag,13:01,173
gn001,Groningen,2026-09-18T13:31:04+02:00,2026-09-18,vrijdag,13:31,180
gn001,Groningen,2026-09-18T15:46:03+02:00,2026-09-18,vrijdag,15:46,216
gn001,Groningen,2026-09-18T16:01:03+02:00,2026-09-18,vrijdag,16:01,223
gn001,Groningen,2026-09-18T17:31:02+02:00,2026-09-18,vrijdag,17:31,228
gn001,Groningen,2026-09-18T18:16:02+02:00,2026-09-18,vrijdag,18:16,219
gn001,Groningen,2026-09-18T19:46:02+02:00,2026-09-18,vrijdag,19:46,191
gn001,Groningen,2026-09-18T20:46:02+02:00,2026-09-18,vrijdag,20:46,188
gn001,Groningen,2026-09-19T03:31:02+02:00,2026-09-19,zaterdag,03:31,231
gn001,Groningen,2026-09-19T03:46:02+02:00,2026-09-19,zaterdag,03:46,232
gn001,Groningen,2026-09-19T04:01:02+02:00,2026-09-19,zaterdag,04:01,232
gn001,Groningen,2026-09-19T04:16:01+02:00,2026-09-19,zaterdag,04:16,232
gn001,Groningen,2026-09-19T04:31:03+02:00,2026-09-19,zaterdag,04:31,232
gn001,Groningen,2026-09-19T04:46:03+02:00,2026-09-19,zaterdag,04:46,232
gn001,Groningen,2026-09-19T05:01:03+02:00,2026-09-19,zaterdag,05:01,233
gn001,Groningen,2026-09-19T05:16:02+02:00,2026-09-19,zaterdag,05:16,233
gn001,Groningen,2026-09-19T05:31:03+02:00,2026-09-19,zaterdag,05:31,233
gn001,Groningen,2026-09-19T05:46:02+02:00,2026-09-19,zaterdag,05:46,233
gn001,Groningen,2026-09-19T06:01:02+02:00,2026-09-19,zaterdag,06:01,233
gn001,Groningen,2026-09-19T06:16:02+02:00,2026-09-19,zaterdag,06:16,233
gn001,Groningen,2026-09-19T06:31:02+02:00,2026-09-19,zaterdag,06:31,233
gn001,Groningen,2026-09-19T06:46:03+02:00,2026-09-19,zaterdag,06:46,235
gn001,Groningen,2026-09-19T07:01:02+02:00,2026-09-19,zaterdag,07:01,234
gn001,Groningen,2026-09-19T07:16:03+02:00,2026-09-19,zaterdag,07:16,235
gn001,Groningen,2026-09-19T07:46:03+02:00,2026-09-19,zaterdag,07:46,235
gn001,Groningen,2026-09-19T08:01:03+02:00,2026-09-19,zaterdag,08:01,235
gn001,Groningen,2026-09-19T08:16:03+02:00,2026-09-19,zaterdag,08:16,234
gn001,Groningen,2026-09-19T08:31:03+02:00,2026-09-19,zaterdag,08:31,234
gn001,Groningen,2026-09-19T09:16:03+02:00,2026-09-19,zaterdag,09:16,240
gn001,Groningen,2026-09-19T09:31:02+02:00,2026-09-19,zaterdag,09:31,230
gn001,Groningen,2026-09-19T09:46:03+02:00,2026-09-19,zaterdag,09:46,231
gn001,Groningen,2026-09-19T10:01:03+02:00,2026-09-19,zaterdag,10:01,229
gn001,Groningen,2026-09-19T10:16:03+02:00,2026-09-19,zaterdag,10:16,230
gn001,Groningen,2026-09-19T10:31:03+02:00,2026-09-19,zaterdag,10:31,222
gn001,Groningen,2026-09-19T10:46:02+02:00,2026-09-19,zaterdag,10:46,225
gn001,Groningen,2026-09-19T11:01:03+02:00,2026-09-19,zaterdag,11:01,220
gn001,Groningen,2026-09-19T11:16:03+02:00,2026-09-19,zaterdag,11:16,224
gn001,Groningen,2026-09-19T11:31:03+02:00,2026-09-19,zaterdag,11:31,225
gn001,Groningen,2026-09-19T12:01:02+02:00,2026-09-19,zaterdag,12:01,215
gn001,Groningen,2026-09-19T12:16:02+02:00,2026-09-19,zaterdag,12:16,219
gn001,Groningen,2026-09-19T12:31:04+02:00,2026-09-19,zaterdag,12:31,197
gn001,Groningen,2026-09-19T12:46:03+02:00,2026-09-19,zaterdag,12:46,197
gn001,Groningen,2026-09-19T13:31:03+02:00,2026-09-19,zaterdag,13:31,179
gn001,Groningen,2026-09-19T14:01:03+02:00,2026-09-19,zaterdag,14:01,154
gn001,Groningen,2026-09-19T14:16:02+02:00,2026-09-19,zaterdag,14:16,152
gn001,Groningen,2026-09-19T15:01:02+02:00,2026-09-19,zaterdag,15:01,130
gn001,Groningen,2026-09-19T15:31:02+02:00,2026-09-19,zaterdag,15:31,119
gn001,Groningen,2026-09-19T15:46:03+02:00,2026-09-19,zaterdag,15:46,116
gn001,Groningen,2026-09-19T16:01:03+02:00,2026-09-19,zaterdag,16:01,105
gn001,Groningen,2026-09-19T16:16:03+02:00,2026-09-19,zaterdag,16:16,110
gn001,Groningen,2026-09-19T16:31:04+02:00,2026-09-19,zaterdag,16:31,103
gn001,Groningen,2026-09-19T16:46:02+02:00,2026-09-19,zaterdag,16:46,106
gn001,Groningen,2026-09-19T17:01:03+02:00,2026-09-19,zaterdag,17:01,90
gn001,Groningen,2026-09-19T17:16:03+02:00,2026-09-19,zaterdag,17:16,90
gn001,Groningen,2026-09-19T17:46:02+02:00,2026-09-19,zaterdag,17:46,91
gn001,Groningen,2026-09-19T18:01:02+02:00,2026-09-19,zaterdag,18:01,76
gn001,Groningen,2026-09-19T18:16:03+02:00,2026-09-19,zaterdag,18:16,68
gn001,Groningen,2026-09-19T18:46:03+02:00,2026-09-19,zaterdag,18:46,62
gn001,Groningen,2026-09-19T19:01:03+02:00,2026-09-19,zaterdag,19:01,59
gn001,Groningen,2026-09-19T19:16:03+02:00,2026-09-19,zaterdag,19:16,57
gn001,Groningen,2026-09-19T19:31:02+02:00,2026-09-19,zaterdag,19:31,53
gn001,Groningen,2026-09-19T19:46:02+02:00,2026-09-19,zaterdag,19:46,64
gn001,Groningen,2026-09-19T20:01:02+02:00,2026-09-19,zaterdag,20:01,60
gn001,Groningen,2026-09-19T20:16:02+02:00,2026-09-19,zaterdag,20:16,61
gn001,Groningen,2026-09-19T20:31:02+02:00,2026-09-19,zaterdag,20:31,62
gn001,Groningen,2026-09-19T20:46:02+02:00,2026-09-19,zaterdag,20:46,67
gn001,Groningen,2026-09-19T21:01:01+02:00,2026-09-19,zaterdag,21:01,64
gn001,Groningen,2026-09-19T21:16:02+02:00,2026-09-19,zaterdag,21:16,71
gn001,Groningen,2026-09-19T21:31:02+02:00,2026-09-19,zaterdag,21:31,70
gn001,Groningen,2026-09-19T21:46:02+02:00,2026-09-19,zaterdag,21:46,74
gn001,Groningen,2026-09-19T22:01:02+02:00,2026-09-19,zaterdag,22:01,75
gn001,Groningen,2026-09-19T22:46:02+02:00,2026-09-19,zaterdag,22:46,93
gn001,Groningen,2026-09-19T23:01:03+02:00,2026-09-19,zaterdag,23:01,100
gn001,Groningen,2026-09-19T23:16:03+02:00,2026-09-19,zaterdag,23:16,103
gn001,Groningen,2026-09-19T23:31:02+02:00,2026-09-19,zaterdag,23:31,108
gn001,Groningen,2026-09-19T23:46:03+02:00,2026-09-19,zaterdag,23:46,127
gn001,Groningen,2026-09-20T00:01:02+02:00,2026-09-20,zondag,00:01,124
gn001,Groningen,2026-09-20T00:16:02+02:00,2026-09-20,zondag,00:16,124
gn001,Groningen,2026-09-20T00:31:02+02:00,2026-09-20,zondag,00:31,123
gn001,Groningen,2026-09-20T00:46:02+02:00,2026-09-20,zondag,00:46,122
gn001,Groningen,2026-09-20T01:01:03+02:00,2026-09-20,zondag,01:01,122
gn001,Groningen,2026-09-20T01:16:02+02:00,2026-09-20,zondag,01:16,124
gn001,Groningen,2026-09-20T01:31:03+02:00,2026-09-20,zondag,01:31,125
gn001,Groningen,2026-09-20T01:46:02+02:00,2026-09-20,zondag,01:46,123
gn001,Groningen,2026-09-20T02:01:02+02:00,2026-09-20,zondag,02:01,122
gn001,Groningen,2026-09-20T02:16:03+02:00,2026-09-20,zondag,02:16,122
gn001,Groningen,2026-09-20T02:31:02+02:00,2026-09-20,zondag,02:31,122
gn001,Groningen,2026-09-20T02:46:03+02:00,2026-09-20,zondag,02:46,122
gn001,Groningen,2026-09-20T03:01:03+02:00,2026-09-20,zondag,03:01,122
gn001,Groningen,2026-09-20T03:16:03+02:00,2026-09-20,zondag,03:16,122
gn001,Groningen,2026-09-20T03:31:02+02:00,2026-09-20,zondag,03:31,122
gn001,Groningen,2026-09-20T03:46:02+02:00,2026-09-20,zondag,03:46,122
gn001,Groningen,2026-09-20T04:01:02+02:00,2026-09-20,zondag,04:01,122
gn001,Groningen,2026-09-20T04:16:03+02:00,2026-09-20,zondag,04:16,122
gn001,Groningen,2026-09-20T04:31:02+02:00,2026-09-20,zondag,04:31,122
gn001,Groningen,2026-09-20T04:46:02+02:00,2026-09-20,zondag,04:46,122
gn001,Groningen,2026-09-20T05:01:03+02:00,2026-09-20,zondag,05:01,122
gn001,Groningen,2026-09-20T05:16:02+02:00,2026-09-20,zondag,05:16,122
gn001,Groningen,2026-09-20T05:31:03+02:00,2026-09-20,zondag,05:31,122
gn001,Groningen,2026-09-20T05:46:03+02:00,2026-09-20,zondag,05:46,122
gn001,Groningen,2026-09-20T06:01:02+02:00,2026-09-20,zondag,06:01,123
gn001,Groningen,2026-09-20T06:16:02+02:00,2026-09-20,zondag,06:16,124
gn001,Groningen,2026-09-20T06:31:02+02:00,2026-09-20,zondag,06:31,125
gn001,Groningen,2026-09-20T06:46:03+02:00,2026-09-20,zondag,06:46,125
gn001,Groningen,2026-09-20T07:01:04+02:00,2026-09-20,zondag,07:01,125
gn001,Groningen,2026-09-20T07:16:03+02:00,2026-09-20,zondag,07:16,126
gn001,Groningen,2026-09-20T07:31:04+02:00,2026-09-20,zondag,07:31,126
gn001,Groningen,2026-09-20T07:46:03+02:00,2026-09-20,zondag,07:46,127
gn001,Groningen,2026-09-20T08:01:03+02:00,2026-09-20,zondag,08:01,131
gn001,Groningen,2026-09-20T08:16:03+02:00,2026-09-20,zondag,08:16,132
gn001,Groningen,2026-09-20T08:31:03+02:00,2026-09-20,zondag,08:31,133
gn001,Groningen,2026-09-20T08:46:02+02:00,2026-09-20,zondag,08:46,136
gn001,Groningen,2026-09-20T09:01:02+02:00,2026-09-20,zondag,09:01,137
gn001,Groningen,2026-09-20T09:16:03+02:00,2026-09-20,zondag,09:16,135
gn001,Groningen,2026-09-20T09:31:02+02:00,2026-09-20,zondag,09:31,137
gn001,Groningen,2026-09-20T09:46:03+02:00,2026-09-20,zondag,09:46,140
gn001,Groningen,2026-09-20T10:01:02+02:00,2026-09-20,zondag,10:01,138
gn001,Groningen,2026-09-20T10:16:02+02:00,2026-09-20,zondag,10:16,144
gn001,Groningen,2026-09-20T10:31:02+02:00,2026-09-20,zondag,10:31,141
gn001,Groningen,2026-09-20T10:46:03+02:00,2026-09-20,zondag,10:46,144
gn001,Groningen,2026-09-20T11:16:04+02:00,2026-09-20,zondag,11:16,150
gn001,Groningen,2026-09-20T11:31:03+02:00,2026-09-20,zondag,11:31,143
gn001,Groningen,2026-09-20T12:01:03+02:00,2026-09-20,zondag,12:01,145
gn001,Groningen,2026-09-20T12:16:03+02:00,2026-09-20,zondag,12:16,164
gn001,Groningen,2026-09-20T12:31:04+02:00,2026-09-20,zondag,12:31,171
gn001,Groningen,2026-09-20T12:46:03+02:00,2026-09-20,zondag,12:46,182
gn001,Groningen,2026-09-20T13:16:02+02:00,2026-09-20,zondag,13:16,188
gn001,Groningen,2026-09-20T13:31:02+02:00,2026-09-20,zondag,13:31,190
gn001,Groningen,2026-09-20T13:46:03+02:00,2026-09-20,zondag,13:46,196
gn001,Groningen,2026-09-20T14:01:03+02:00,2026-09-20,zondag,14:01,199
gn001,Groningen,2026-09-20T14:16:03+02:00,2026-09-20,zondag,14:16,213
gn001,Groningen,2026-09-20T14:31:02+02:00,2026-09-20,zondag,14:31,215
gn001,Groningen,2026-09-20T14:46:03+02:00,2026-09-20,zondag,14:46,224
gn001,Groningen,2026-09-20T15:01:03+02:00,2026-09-20,zondag,15:01,232
gn001,Groningen,2026-09-20T15:31:03+02:00,2026-09-20,zondag,15:31,242
gn001,Groningen,2026-09-20T15:46:03+02:00,2026-09-20,zondag,15:46,249
gn001,Groningen,2026-09-20T16:01:03+02:00,2026-09-20,zondag,16:01,255
gn001,Groningen,2026-09-20T16:16:03+02:00,2026-09-20,zondag,16:16,265
gn001,Groningen,2026-09-20T16:31:03+02:00,2026-09-20,zondag,16:31,263
gn001,Groningen,2026-09-20T16:46:03+02:00,2026-09-20,zondag,16:46,268
gn001,Groningen,2026-09-20T17:01:04+02:00,2026-09-20,zondag,17:01,277
gn001,Groningen,2026-09-20T17:16:02+02:00,2026-09-20,zondag,17:16,290
gn001,Groningen,2026-09-20T17:31:02+02:00,2026-09-20,zondag,17:31,290
gn001,Groningen,2026-09-20T17:46:02+02:00,2026-09-20,zondag,17:46,298
gn001,Groningen,2026-09-20T18:01:03+02:00,2026-09-20,zondag,18:01,300
gn001,Groningen,2026-09-20T18:16:05+02:00,2026-09-20,zondag,18:16,301
gn001,Groningen,2026-09-20T18:31:03+02:00,2026-09-20,zondag,18:31,302
gn001,Groningen,2026-09-20T18:46:02+02:00,2026-09-20,zondag,18:46,310
gn001,Groningen,2026-09-20T19:01:03+02:00,2026-09-20,zondag,19:01,313
gn001,Groningen,2026-09-20T19:16:03+02:00,2026-09-20,zondag,19:16,323
gn001,Groningen,2026-09-20T19:31:05+02:00,2026-09-20,zondag,19:31,329
gn001,Groningen,2026-09-20T19:46:04+02:00,2026-09-20,zondag,19:46,335
gn001,Groningen,2026-09-20T20:01:03+02:00,2026-09-20,zondag,20:01,338
gn001,Groningen,2026-09-20T20:16:02+02:00,2026-09-20,zondag,20:16,350
gn001,Groningen,2026-09-20T20:31:02+02:00,2026-09-20,zondag,20:31,348
gn001,Groningen,2026-09-20T20:46:02+02:00,2026-09-20,zondag,20:46,352
gn001,Groningen,2026-09-20T21:01:02+02:00,2026-09-20,zondag,21:01,356
gn001,Groningen,2026-09-20T21:16:02+02:00,2026-09-20,zondag,21:16,362
gn001,Groningen,2026-09-20T21:46:03+02:00,2026-09-20,zondag,21:46,362
gn001,Groningen,2026-09-20T22:01:02+02:00,2026-09-20,zondag,22:01,361
gn001,Groningen,2026-09-20T22:16:05+02:00,2026-09-20,zondag,22:16,362
gn001,Groningen,2026-09-20T22:31:03+02:00,2026-09-20,zondag,22:31,364
gn001,Groningen,2026-09-20T22:46:03+02:00,2026-09-20,zondag,22:46,360
gn001,Groningen,2026-09-20T23:01:02+02:00,2026-09-20,zondag,23:01,359
gn001,Groningen,2026-09-20T23:31:04+02:00,2026-09-20,zondag,23:31,358
gn001,Groningen,2026-09-20T23:46:02+02:00,2026-09-20,zondag,23:46,359
gn001,Groningen,2026-09-21T00:01:02+02:00,2026-09-21,maandag,00:01,359
gn001,Groningen,2026-09-21T00:16:03+02:00,2026-09-21,maandag,00:16,360
gn001,Groningen,2026-09-21T00:31:03+02:00,2026-09-21,maandag,00:31,359
gn001,Groningen,2026-09-21T01:01:03+02:00,2026-09-21,maandag,01:01,358
gn001,Groningen,2026-09-21T01:16:03+02:00,2026-09-21,maandag,01:16,358
gn001,Groningen,2026-09-21T01:31:02+02:00,2026-09-21,maandag,01:31,356
gn001,Groningen,2026-09-21T01:46:02+02:00,2026-09-21,maandag,01:46,356
gn001,Groningen,2026-09-21T02:01:03+02:00,2026-09-21,maandag,02:01,356
gn001,Groningen,2026-09-21T02:16:02+02:00,2026-09-21,maandag,02:16,356
gn001,Groningen,2026-09-21T02:31:03+02:00,2026-09-21,maandag,02:31,356
gn001,Groningen,2026-09-21T02:46:03+02:00,2026-09-21,maandag,02:46,356
gn001,Groningen,2026-09-21T03:01:03+02:00,2026-09-21,maandag,03:01,356
gn001,Groningen,2026-09-21T03:16:02+02:00,2026-09-21,maandag,03:16,356
gn001,Groningen,2026-09-21T03:31:03+02:00,2026-09-21,maandag,03:31,356
gn001,Groningen,2026-09-21T04:01:02+02:00,2026-09-21,maandag,04:01,356
gn001,Groningen,2026-09-21T04:16:02+02:00,2026-09-21,maandag,04:16,356
gn001,Groningen,2026-09-21T04:31:03+02:00,2026-09-21,maandag,04:31,356
gn001,Groningen,2026-09-21T04:46:03+02:00,2026-09-21,maandag,04:46,356
gn001,Groningen,2026-09-21T05:01:03+02:00,2026-09-21,maandag,05:01,356
gn001,Groningen,2026-09-21T05:16:04+02:00,2026-09-21,maandag,05:16,356
gn001,Groningen,2026-09-21T05:31:03+02:00,2026-09-21,maandag,05:31,356
gn001,Groningen,2026-09-21T05:46:02+02:00,2026-09-21,maandag,05:46,356
gn001,Groningen,2026-09-21T06:01:03+02:00,2026-09-21,maandag,06:01,357
gn001,Groningen,2026-09-21T06:16:03+02:00,2026-09-21,maandag,06:16,356
gn001,Groningen,2026-09-21T06:31:02+02:00,2026-09-21,maandag,06:31,356
gn001,Groningen,2026-09-21T06:46:02+02:00,2026-09-21,maandag,06:46,354
gn001,Groningen,2026-09-21T07:01:03+02:00,2026-09-21,maandag,07:01,350
gn001,Groningen,2026-09-21T07:16:03+02:00,2026-09-21,maandag,07:16,349
gn001,Groningen,2026-09-21T07:31:03+02:00,2026-09-21,maandag,07:31,341
gn001,Groningen,2026-09-21T07:46:03+02:00,2026-09-21,maandag,07:46,329
gn001,Groningen,2026-09-21T08:01:02+02:00,2026-09-21,maandag,08:01,314
gn001,Groningen,2026-09-21T08:16:02+02:00,2026-09-21,maandag,08:16,293
gn001,Groningen,2026-09-21T08:31:03+02:00,2026-09-21,maandag,08:31,250
gn001,Groningen,2026-09-21T08:46:02+02:00,2026-09-21,maandag,08:46,233
gn001,Groningen,2026-09-21T09:01:03+02:00,2026-09-21,maandag,09:01,207
gn001,Groningen,2026-09-21T09:16:03+02:00,2026-09-21,maandag,09:16,202
gn001,Groningen,2026-09-21T09:31:03+02:00,2026-09-21,maandag,09:31,197
gn001,Groningen,2026-09-21T09:46:02+02:00,2026-09-21,maandag,09:46,193
gn001,Groningen,2026-09-21T10:01:03+02:00,2026-09-21,maandag,10:01,164
gn001,Groningen,2026-09-21T10:31:04+02:00,2026-09-21,maandag,10:31,151
gn001,Groningen,2026-09-21T10:46:05+02:00,2026-09-21,maandag,10:46,150
gn001,Groningen,2026-09-21T11:01:04+02:00,2026-09-21,maandag,11:01,138
gn001,Groningen,2026-09-21T11:16:03+02:00,2026-09-21,maandag,11:16,140
gn001,Groningen,2026-09-21T11:46:02+02:00,2026-09-21,maandag,11:46,131
gn001,Groningen,2026-09-21T12:01:04+02:00,2026-09-21,maandag,12:01,121
gn001,Groningen,2026-09-21T12:16:04+02:00,2026-09-21,maandag,12:16,122
gn001,Groningen,2026-09-21T12:31:03+02:00,2026-09-21,maandag,12:31,125
gn001,Groningen,2026-09-21T12:46:03+02:00,2026-09-21,maandag,12:46,118
gn001,Groningen,2026-09-21T13:01:04+02:00,2026-09-21,maandag,13:01,115
gn001,Groningen,2026-09-21T13:16:03+02:00,2026-09-21,maandag,13:16,116
gn001,Groningen,2026-09-21T13:31:02+02:00,2026-09-21,maandag,13:31,112
gn001,Groningen,2026-09-21T13:46:02+02:00,2026-09-21,maandag,13:46,114
gn001,Groningen,2026-09-21T14:01:03+02:00,2026-09-21,maandag,14:01,115
gn001,Groningen,2026-09-21T14:16:02+02:00,2026-09-21,maandag,14:16,110
gn001,Groningen,2026-09-21T14:31:03+02:00,2026-09-21,maandag,14:31,102
gn001,Groningen,2026-09-21T14:46:04+02:00,2026-09-21,maandag,14:46,102
gn001,Groningen,2026-09-21T15:16:02+02:00,2026-09-21,maandag,15:16,112
gn001,Groningen,2026-09-21T15:31:02+02:00,2026-09-21,maandag,15:31,118
gn001,Groningen,2026-09-21T15:46:03+02:00,2026-09-21,maandag,15:46,140
gn001,Groningen,2026-09-21T16:01:02+02:00,2026-09-21,maandag,16:01,150
gn001,Groningen,2026-09-21T16:16:02+02:00,2026-09-21,maandag,16:16,160
gn001,Groningen,2026-09-21T16:31:05+02:00,2026-09-21,maandag,16:31,172
gn001,Groningen,2026-09-21T16:46:04+02:00,2026-09-21,maandag,16:46,192
gn001,Groningen,2026-09-21T17:01:06+02:00,2026-09-21,maandag,17:01,205
gn001,Groningen,2026-09-21T17:16:02+02:00,2026-09-21,maandag,17:16,232
gn001,Groningen,2026-09-21T17:31:02+02:00,2026-09-21,maandag,17:31,247
gn001,Groningen,2026-09-21T17:46:03+02:00,2026-09-21,maandag,17:46,257
gn001,Groningen,2026-09-21T18:01:04+02:00,2026-09-21,maandag,18:01,260
gn001,Groningen,2026-09-21T18:16:02+02:00,2026-09-21,maandag,18:16,261
gn001,Groningen,2026-09-21T18:31:02+02:00,2026-09-21,maandag,18:31,267
gn001,Groningen,2026-09-21T18:46:02+02:00,2026-09-21,maandag,18:46,269
gn001,Groningen,2026-09-21T19:01:02+02:00,2026-09-21,maandag,19:01,273
gn001,Groningen,2026-09-21T19:16:03+02:00,2026-09-21,maandag,19:16,276
gn001,Groningen,2026-09-21T19:31:03+02:00,2026-09-21,maandag,19:31,276
gn001,Groningen,2026-09-21T19:46:02+02:00,2026-09-21,maandag,19:46,277
gn001,Groningen,2026-09-21T20:01:04+02:00,2026-09-21,maandag,20:01,278
gn001,Groningen,2026-09-21T20:16:03+02:00,2026-09-21,maandag,20:16,278
gn001,Groningen,2026-09-21T20:31:03+02:00,2026-09-21,maandag,20:31,280
gn001,Groningen,2026-09-21T20:46:03+02:00,2026-09-21,maandag,20:46,285
gn001,Groningen,2026-09-21T21:01:03+02:00,2026-09-21,maandag,21:01,282
gn001,Groningen,2026-09-21T21:31:03+02:00,2026-09-21,maandag,21:31,290
gn001,Groningen,2026-09-21T21:46:03+02:00,2026-09-21,maandag,21:46,292
gn001,Groningen,2026-09-21T22:01:02+02:00,2026-09-21,maandag,22:01,292
gn001,Groningen,2026-09-21T22:16:02+02:00,2026-09-21,maandag,22:16,297
gn001,Groningen,2026-09-21T22:31:02+02:00,2026-09-21,maandag,22:31,297
gn001,Groningen,2026-09-21T22:46:03+02:00,2026-09-21,maandag,22:46,302
gn001,Groningen,2026-09-21T23:01:02+02:00,2026-09-21,maandag,23:01,305
gn001,Groningen,2026-09-21T23:16:02+02:00,2026-09-21,maandag,23:16,307
gn001,Groningen,2026-09-21T23:31:02+02:00,2026-09-21,maandag,23:31,308
gn001,Groningen,2026-09-22T00:01:04+02:00,2026-09-22,dinsdag,00:01,308
gn001,Groningen,2026-09-22T00:16:04+02:00,2026-09-22,dinsdag,00:16,308
gn001,Groningen,2026-09-22T00:31:03+02:00,2026-09-22,dinsdag,00:31,308
gn001,Groningen,2026-09-22T00:46:02+02:00,2026-09-22,dinsdag,00:46,308
gn001,Groningen,2026-09-22T01:01:03+02:00,2026-09-22,dinsdag,01:01,308
gn001,Groningen,2026-09-22T01:16:02+02:00,2026-09-22,dinsdag,01:16,308
gn001,Groningen,2026-09-22T01:31:02+02:00,2026-09-22,dinsdag,01:31,307
gn001,Groningen,2026-09-22T01:46:03+02:00,2026-09-22,dinsdag,01:46,308
gn001,Groningen,2026-09-22T02:01:02+02:00,2026-09-22,dinsdag,02:01,308
gn001,Groningen,2026-09-22T02:16:02+02:00,2026-09-22,dinsdag,02:16,308
gn001,Groningen,2026-09-22T02:31:03+02:00,2026-09-22,dinsdag,02:31,308
gn001,Groningen,2026-09-22T02:46:02+02:00,2026-09-22,dinsdag,02:46,308
gn001,Groningen,2026-09-22T03:01:03+02:00,2026-09-22,dinsdag,03:01,308
gn001,Groningen,2026-09-22T03:16:02+02:00,2026-09-22,dinsdag,03:16,308
gn001,Groningen,2026-09-22T03:31:03+02:00,2026-09-22,dinsdag,03:31,308
gn001,Groningen,2026-09-22T03:46:02+02:00,2026-09-22,dinsdag,03:46,308
gn001,Groningen,2026-09-22T04:01:02+02:00,2026-09-22,dinsdag,04:01,308
gn001,Groningen,2026-09-22T04:16:02+02:00,2026-09-22,dinsdag,04:16,308
gn001,Groningen,2026-09-22T04:31:03+02:00,2026-09-22,dinsdag,04:31,308
gn001,Groningen,2026-09-22T08:31:02+02:00,2026-09-22,dinsdag,08:31,207
gn001,Groningen,2026-09-22T15:46:03+02:00,2026-09-22,dinsdag,15:46,71
gn001,Groningen,2026-09-22T19:16:03+02:00,2026-09-22,dinsdag,19:16,258
gn001,Groningen,2026-09-22T19:46:03+02:00,2026-09-22,dinsdag,19:46,262
gn001,Groningen,2026-09-22T20:01:02+02:00,2026-09-22,dinsdag,20:01,259
gn001,Groningen,2026-09-22T20:16:03+02:00,2026-09-22,dinsdag,20:16,261
gn001,Groningen,2026-09-22T20:31:02+02:00,2026-09-22,dinsdag,20:31,267
gn001,Groningen,2026-09-22T20:46:02+02:00,2026-09-22,dinsdag,20:46,269
gn001,Groningen,2026-09-22T21:01:03+02:00,2026-09-22,dinsdag,21:01,271
gn001,Groningen,2026-09-22T21:31:03+02:00,2026-09-22,dinsdag,21:31,278
gn001,Groningen,2026-09-22T21:46:02+02:00,2026-09-22,dinsdag,21:46,279
gn001,Groningen,2026-09-22T22:16:02+02:00,2026-09-22,dinsdag,22:16,294
gn001,Groningen,2026-09-22T22:31:03+02:00,2026-09-22,dinsdag,22:31,293
gn001,Groningen,2026-09-22T22:46:03+02:00,2026-09-22,dinsdag,22:46,296
gn001,Groningen,2026-09-22T23:01:03+02:00,2026-09-22,dinsdag,23:01,296
gn001,Groningen,2026-09-22T23:16:02+02:00,2026-09-22,dinsdag,23:16,294
gn001,Groningen,2026-09-22T23:31:02+02:00,2026-09-22,dinsdag,23:31,294
gn001,Groningen,2026-09-22T23:46:03+02:00,2026-09-22,dinsdag,23:46,294
gn001,Groningen,2026-09-23T00:01:02+02:00,2026-09-23,woensdag,00:01,294
gn001,Groningen,2026-09-23T00:16:03+02:00,2026-09-23,woensdag,00:16,295
gn001,Groningen,2026-09-23T00:31:01+02:00,2026-09-23,woensdag,00:31,293
gn001,Groningen,2026-09-23T00:46:04+02:00,2026-09-23,woensdag,00:46,293
gn001,Groningen,2026-09-23T01:01:02+02:00,2026-09-23,woensdag,01:01,293
gn001,Groningen,2026-09-23T01:31:02+02:00,2026-09-23,woensdag,01:31,292
gn001,Groningen,2026-09-23T01:46:03+02:00,2026-09-23,woensdag,01:46,296
gn001,Groningen,2026-09-23T02:01:02+02:00,2026-09-23,woensdag,02:01,298
gn001,Groningen,2026-09-23T02:16:02+02:00,2026-09-23,woensdag,02:16,298
gn001,Groningen,2026-09-23T02:31:02+02:00,2026-09-23,woensdag,02:31,298
gn001,Groningen,2026-09-23T02:46:02+02:00,2026-09-23,woensdag,02:46,298
gn001,Groningen,2026-09-23T03:01:03+02:00,2026-09-23,woensdag,03:01,298
gn001,Groningen,2026-09-23T03:16:03+02:00,2026-09-23,woensdag,03:16,298
gn001,Groningen,2026-09-23T03:31:02+02:00,2026-09-23,woensdag,03:31,298
gn001,Groningen,2026-09-23T03:46:03+02:00,2026-09-23,woensdag,03:46,298
gn001,Groningen,2026-09-23T04:01:02+02:00,2026-09-23,woensdag,04:01,298
gn001,Groningen,2026-09-23T04:16:03+02:00,2026-09-23,woensdag,04:16,298
gn001,Groningen,2026-09-23T04:31:02+02:00,2026-09-23,woensdag,04:31,298
gn001,Groningen,2026-09-23T04:46:02+02:00,2026-09-23,woensdag,04:46,298
gn001,Groningen,2026-09-23T05:01:03+02:00,2026-09-23,woensdag,05:01,298
gn001,Groningen,2026-09-23T05:16:02+02:00,2026-09-23,woensdag,05:16,299
gn001,Groningen,2026-09-23T05:31:02+02:00,2026-09-23,woensdag,05:31,299
gn001,Groningen,2026-09-23T05:46:03+02:00,2026-09-23,woensdag,05:46,299
gn001,Groningen,2026-09-23T06:01:03+02:00,2026-09-23,woensdag,06:01,300
gn001,Groningen,2026-09-23T06:16:03+02:00,2026-09-23,woensdag,06:16,300
gn001,Groningen,2026-09-23T06:31:02+02:00,2026-09-23,woensdag,06:31,300
gn001,Groningen,2026-09-23T07:01:03+02:00,2026-09-23,woensdag,07:01,296
gn001,Groningen,2026-09-23T07:16:02+02:00,2026-09-23,woensdag,07:16,298
gn001,Groningen,2026-09-23T07:31:03+02:00,2026-09-23,woensdag,07:31,290
gn001,Groningen,2026-09-23T07:46:03+02:00,2026-09-23,woensdag,07:46,282
gn001,Groningen,2026-09-23T08:01:03+02:00,2026-09-23,woensdag,08:01,266
gn001,Groningen,2026-09-23T08:16:03+02:00,2026-09-23,woensdag,08:16,256
gn001,Groningen,2026-09-23T09:01:03+02:00,2026-09-23,woensdag,09:01,198
gn001,Groningen,2026-09-23T09:16:03+02:00,2026-09-23,woensdag,09:16,190
gn001,Groningen,2026-09-23T09:31:03+02:00,2026-09-23,woensdag,09:31,172
gn001,Groningen,2026-09-23T09:46:03+02:00,2026-09-23,woensdag,09:46,165
gn001,Groningen,2026-09-23T10:01:03+02:00,2026-09-23,woensdag,10:01,154
gn001,Groningen,2026-09-23T10:16:03+02:00,2026-09-23,woensdag,10:16,154
gn001,Groningen,2026-09-23T10:31:03+02:00,2026-09-23,woensdag,10:31,145
gn001,Groningen,2026-09-23T10:46:03+02:00,2026-09-23,woensdag,10:46,139
gn001,Groningen,2026-09-23T11:01:02+02:00,2026-09-23,woensdag,11:01,138
gn001,Groningen,2026-09-23T11:16:04+02:00,2026-09-23,woensdag,11:16,143
gn001,Groningen,2026-09-23T11:31:02+02:00,2026-09-23,woensdag,11:31,137
gn001,Groningen,2026-09-23T12:01:02+02:00,2026-09-23,woensdag,12:01,128
gn001,Groningen,2026-09-23T12:16:03+02:00,2026-09-23,woensdag,12:16,134
gn001,Groningen,2026-09-23T12:31:03+02:00,2026-09-23,woensdag,12:31,126
gn001,Groningen,2026-09-23T12:46:03+02:00,2026-09-23,woensdag,12:46,127
gn001,Groningen,2026-09-23T13:16:02+02:00,2026-09-23,woensdag,13:16,122
gn001,Groningen,2026-09-23T13:31:03+02:00,2026-09-23,woensdag,13:31,119
gn001,Groningen,2026-09-23T13:46:02+02:00,2026-09-23,woensdag,13:46,120
gn001,Groningen,2026-09-23T14:16:03+02:00,2026-09-23,woensdag,14:16,125
gn001,Groningen,2026-09-23T14:31:02+02:00,2026-09-23,woensdag,14:31,122
gn001,Groningen,2026-09-23T14:46:03+02:00,2026-09-23,woensdag,14:46,131
gn001,Groningen,2026-09-23T15:01:03+02:00,2026-09-23,woensdag,15:01,131
gn001,Groningen,2026-09-23T15:31:02+02:00,2026-09-23,woensdag,15:31,151
gn001,Groningen,2026-09-23T15:46:02+02:00,2026-09-23,woensdag,15:46,161
gn001,Groningen,2026-09-23T16:31:03+02:00,2026-09-23,woensdag,16:31,197
gn001,Groningen,2026-09-23T16:46:03+02:00,2026-09-23,woensdag,16:46,208
gn001,Groningen,2026-09-23T17:01:02+02:00,2026-09-23,woensdag,17:01,218
gn001,Groningen,2026-09-23T17:16:03+02:00,2026-09-23,woensdag,17:16,250
gn001,Groningen,2026-09-23T17:31:02+02:00,2026-09-23,woensdag,17:31,253
gn001,Groningen,2026-09-23T17:46:02+02:00,2026-09-23,woensdag,17:46,257
gn001,Groningen,2026-09-23T18:01:02+02:00,2026-09-23,woensdag,18:01,263
gn001,Groningen,2026-09-23T18:16:03+02:00,2026-09-23,woensdag,18:16,278
gn001,Groningen,2026-09-23T18:46:03+02:00,2026-09-23,woensdag,18:46,281
gn001,Groningen,2026-09-23T19:01:02+02:00,2026-09-23,woensdag,19:01,278
gn001,Groningen,2026-09-23T19:16:03+02:00,2026-09-23,woensdag,19:16,280
gn001,Groningen,2026-09-23T20:01:02+02:00,2026-09-23,woensdag,20:01,277
gn001,Groningen,2026-09-23T20:16:02+02:00,2026-09-23,woensdag,20:16,279
gn001,Groningen,2026-09-23T20:31:02+02:00,2026-09-23,woensdag,20:31,279
gn001,Groningen,2026-09-23T21:01:03+02:00,2026-09-23,woensdag,21:01,283
gn001,Groningen,2026-09-23T21:31:02+02:00,2026-09-23,woensdag,21:31,290
gn001,Groningen,2026-09-23T22:01:03+02:00,2026-09-23,woensdag,22:01,302
gn001,Groningen,2026-09-23T22:16:04+02:00,2026-09-23,woensdag,22:16,310
gn001,Groningen,2026-09-23T22:31:02+02:00,2026-09-23,woensdag,22:31,310
gn001,Groningen,2026-09-23T22:46:02+02:00,2026-09-23,woensdag,22:46,311
gn001,Groningen,2026-09-23T23:01:02+02:00,2026-09-23,woensdag,23:01,308
gn001,Groningen,2026-09-23T23:16:02+02:00,2026-09-23,woensdag,23:16,309
gn001,Groningen,2026-09-23T23:31:03+02:00,2026-09-23,woensdag,23:31,310
gn001,Groningen,2026-09-23T23:46:02+02:00,2026-09-23,woensdag,23:46,310
gn001,Groningen,2026-09-24T00:01:03+02:00,2026-09-24,donderdag,00:01,312
gn001,Groningen,2026-09-24T00:16:03+02:00,2026-09-24,donderdag,00:16,311
gn001,Groningen,2026-09-24T00:31:03+02:00,2026-09-24,donderdag,00:31,311
gn001,Groningen,2026-09-24T00:46:02+02:00,2026-09-24,donderdag,00:46,311
gn001,Groningen,2026-09-24T01:01:03+02:00,2026-09-24,donderdag,01:01,311
gn001,Groningen,2026-09-24T01:16:02+02:00,2026-09-24,donderdag,01:16,311
gn001,Groningen,2026-09-24T01:31:03+02:00,2026-09-24,donderdag,01:31,311
gn001,Groningen,2026-09-24T01:46:02+02:00,2026-09-24,donderdag,01:46,316
gn001,Groningen,2026-09-24T02:01:02+02:00,2026-09-24,donderdag,02:01,316
gn001,Groningen,2026-09-24T02:16:02+02:00,2026-09-24,donderdag,02:16,316
gn001,Groningen,2026-09-24T02:31:02+02:00,2026-09-24,donderdag,02:31,317
gn001,Groningen,2026-09-24T02:46:02+02:00,2026-09-24,donderdag,02:46,317
gn001,Groningen,2026-09-24T03:01:03+02:00,2026-09-24,donderdag,03:01,317
gn001,Groningen,2026-09-24T03:16:02+02:00,2026-09-24,donderdag,03:16,317
gn001,Groningen,2026-09-24T03:46:03+02:00,2026-09-24,donderdag,03:46,317
gn001,Groningen,2026-09-24T04:01:02+02:00,2026-09-24,donderdag,04:01,317
gn001,Groningen,2026-09-24T04:16:03+02:00,2026-09-24,donderdag,04:16,317
gn001,Groningen,2026-09-24T04:31:03+02:00,2026-09-24,donderdag,04:31,317
gn001,Groningen,2026-09-24T04:46:03+02:00,2026-09-24,donderdag,04:46,317
gn001,Groningen,2026-09-24T05:01:03+02:00,2026-09-24,donderdag,05:01,318
gn001,Groningen,2026-09-24T05:16:03+02:00,2026-09-24,donderdag,05:16,318
gn001,Groningen,2026-09-24T05:31:02+02:00,2026-09-24,donderdag,05:31,319
gn001,Groningen,2026-09-24T05:46:03+02:00,2026-09-24,donderdag,05:46,319
gn001,Groningen,2026-09-24T06:01:03+02:00,2026-09-24,donderdag,06:01,319
gn001,Groningen,2026-09-24T06:16:03+02:00,2026-09-24,donderdag,06:16,319
gn001,Groningen,2026-09-24T06:31:03+02:00,2026-09-24,donderdag,06:31,319
gn001,Groningen,2026-09-24T06:46:02+02:00,2026-09-24,donderdag,06:46,317
gn001,Groningen,2026-09-24T07:01:04+02:00,2026-09-24,donderdag,07:01,313
gn001,Groningen,2026-09-24T07:16:03+02:00,2026-09-24,donderdag,07:16,311
gn001,Groningen,2026-09-24T07:31:02+02:00,2026-09-24,donderdag,07:31,300
gn001,Groningen,2026-09-24T07:46:02+02:00,2026-09-24,donderdag,07:46,298
gn001,Groningen,2026-09-24T08:01:04+02:00,2026-09-24,donderdag,08:01,270
gn001,Groningen,2026-09-24T08:16:02+02:00,2026-09-24,donderdag,08:16,249
gn001,Groningen,2026-09-24T08:31:03+02:00,2026-09-24,donderdag,08:31,218
gn001,Groningen,2026-09-24T08:46:02+02:00,2026-09-24,donderdag,08:46,199
gn001,Groningen,2026-09-24T09:01:02+02:00,2026-09-24,donderdag,09:01,173
gn001,Groningen,2026-09-24T09:16:03+02:00,2026-09-24,donderdag,09:16,161
gn001,Groningen,2026-09-24T09:46:03+02:00,2026-09-24,donderdag,09:46,139
gn001,Groningen,2026-09-24T10:01:02+02:00,2026-09-24,donderdag,10:01,115
gn001,Groningen,2026-09-24T10:16:04+02:00,2026-09-24,donderdag,10:16,117
gn001,Groningen,2026-09-24T11:01:04+02:00,2026-09-24,donderdag,11:01,80
gn001,Groningen,2026-09-24T11:16:03+02:00,2026-09-24,donderdag,11:16,80
gn001,Groningen,2026-09-24T11:31:03+02:00,2026-09-24,donderdag,11:31,69
gn001,Groningen,2026-09-24T11:46:03+02:00,2026-09-24,donderdag,11:46,67
gn001,Groningen,2026-09-24T12:01:03+02:00,2026-09-24,donderdag,12:01,57
gn001,Groningen,2026-09-24T12:16:02+02:00,2026-09-24,donderdag,12:16,54
gn001,Groningen,2026-09-24T12:31:03+02:00,2026-09-24,donderdag,12:31,42
gn001,Groningen,2026-09-24T12:46:03+02:00,2026-09-24,donderdag,12:46,46
gn001,Groningen,2026-09-24T13:01:03+02:00,2026-09-24,donderdag,13:01,24
gn001,Groningen,2026-09-24T13:46:02+02:00,2026-09-24,donderdag,13:46,2
gn001,Groningen,2026-09-24T14:01:02+02:00,2026-09-24,donderdag,14:01,2
gn001,Groningen,2026-09-24T14:16:03+02:00,2026-09-24,donderdag,14:16,3
gn001,Groningen,2026-09-24T14:31:03+02:00,2026-09-24,donderdag,14:31,1
gn001,Groningen,2026-09-24T14:46:03+02:00,2026-09-24,donderdag,14:46,1
gn001,Groningen,2026-09-24T15:01:03+02:00,2026-09-24,donderdag,15:01,1
gn001,Groningen,2026-09-24T15:16:02+02:00,2026-09-24,donderdag,15:16,3
gn001,Groningen,2026-09-24T15:46:04+02:00,2026-09-24,donderdag,15:46,4
gn001,Groningen,2026-09-24T16:16:03+02:00,2026-09-24,donderdag,16:16,10
gn001,Groningen,2026-09-24T20:46:03+02:00,2026-09-24,donderdag,20:46,41
gn001,Groningen,2026-09-24T21:16:04+02:00,2026-09-24,donderdag,21:16,41
gn001,Groningen,2026-09-24T21:31:02+02:00,2026-09-24,donderdag,21:31,37
gn001,Groningen,2026-09-24T21:46:02+02:00,2026-09-24,donderdag,21:46,41
gn001,Groningen,2026-09-24T22:01:02+02:00,2026-09-24,donderdag,22:01,40
gn001,Groningen,2026-09-24T22:16:03+02:00,2026-09-24,donderdag,22:16,53
gn001,Groningen,2026-09-24T22:31:03+02:00,2026-09-24,donderdag,22:31,58
gn001,Groningen,2026-09-24T22:46:03+02:00,2026-09-24,donderdag,22:46,61
gn001,Groningen,2026-09-24T23:01:03+02:00,2026-09-24,donderdag,23:01,63
gn001,Groningen,2026-09-24T23:16:02+02:00,2026-09-24,donderdag,23:16,75
gn001,Groningen,2026-09-24T23:31:02+02:00,2026-09-24,donderdag,23:31,83
gn001,Groningen,2026-09-24T23:46:02+02:00,2026-09-24,donderdag,23:46,86
gn001,Groningen,2026-09-25T00:01:03+02:00,2026-09-25,vrijdag,00:01,90
gn001,Groningen,2026-09-25T00:16:03+02:00,2026-09-25,vrijdag,00:16,103
gn001,Groningen,2026-09-25T00:31:05+02:00,2026-09-25,vrijdag,00:31,107
gn001,Groningen,2026-09-25T00:46:03+02:00,2026-09-25,vrijdag,00:46,111
gn001,Groningen,2026-09-25T01:01:02+02:00,2026-09-25,vrijdag,01:01,111
gn001,Groningen,2026-09-25T01:16:03+02:00,2026-09-25,vrijdag,01:16,111
gn001,Groningen,2026-09-25T01:31:03+02:00,2026-09-25,vrijdag,01:31,112
gn001,Groningen,2026-09-25T01:46:02+02:00,2026-09-25,vrijdag,01:46,112
gn001,Groningen,2026-09-25T02:01:02+02:00,2026-09-25,vrijdag,02:01,114
gn001,Groningen,2026-09-25T02:16:02+02:00,2026-09-25,vrijdag,02:16,114
gn001,Groningen,2026-09-25T02:31:02+02:00,2026-09-25,vrijdag,02:31,115
gn001,Groningen,2026-09-25T02:46:02+02:00,2026-09-25,vrijdag,02:46,115
gn001,Groningen,2026-09-25T03:01:04+02:00,2026-09-25,vrijdag,03:01,115
gn001,Groningen,2026-09-25T03:16:03+02:00,2026-09-25,vrijdag,03:16,115
gn001,Groningen,2026-09-25T03:31:04+02:00,2026-09-25,vrijdag,03:31,115
gn001,Groningen,2026-09-25T03:46:03+02:00,2026-09-25,vrijdag,03:46,115
gn001,Groningen,2026-09-25T04:01:03+02:00,2026-09-25,vrijdag,04:01,115
gn001,Groningen,2026-09-25T04:16:05+02:00,2026-09-25,vrijdag,04:16,115
gn001,Groningen,2026-09-25T04:31:03+02:00,2026-09-25,vrijdag,04:31,115
gn001,Groningen,2026-09-25T04:46:02+02:00,2026-09-25,vrijdag,04:46,115
gn001,Groningen,2026-09-25T05:01:04+02:00,2026-09-25,vrijdag,05:01,115
gn001,Groningen,2026-09-25T05:16:04+02:00,2026-09-25,vrijdag,05:16,117
gn001,Groningen,2026-09-25T05:31:06+02:00,2026-09-25,vrijdag,05:31,117
gn001,Groningen,2026-09-25T05:46:04+02:00,2026-09-25,vrijdag,05:46,121
gn001,Groningen,2026-09-25T06:01:06+02:00,2026-09-25,vrijdag,06:01,121
gn001,Groningen,2026-09-25T06:31:05+02:00,2026-09-25,vrijdag,06:31,120
gn001,Groningen,2026-09-25T07:01:05+02:00,2026-09-25,vrijdag,07:01,118
gn001,Groningen,2026-09-25T07:16:05+02:00,2026-09-25,vrijdag,07:16,118
gn001,Groningen,2026-09-25T07:31:06+02:00,2026-09-25,vrijdag,07:31,114
gn001,Groningen,2026-09-25T07:46:03+02:00,2026-09-25,vrijdag,07:46,111
gn001,Groningen,2026-09-25T08:01:05+02:00,2026-09-25,vrijdag,08:01,105
gn001,Groningen,2026-09-25T08:16:05+02:00,2026-09-25,vrijdag,08:16,96
gn001,Groningen,2026-09-25T08:31:07+02:00,2026-09-25,vrijdag,08:31,79
gn001,Groningen,2026-09-25T08:46:05+02:00,2026-09-25,vrijdag,08:46,71
gn001,Groningen,2026-09-25T09:01:05+02:00,2026-09-25,vrijdag,09:01,70
gn001,Groningen,2026-09-25T09:16:05+02:00,2026-09-25,vrijdag,09:16,70
gn001,Groningen,2026-09-25T09:46:04+02:00,2026-09-25,vrijdag,09:46,65
gn001,Groningen,2026-09-25T10:01:05+02:00,2026-09-25,vrijdag,10:01,68
gn001,Groningen,2026-09-25T10:16:06+02:00,2026-09-25,vrijdag,10:16,72
gn001,Groningen,2026-09-25T10:31:03+02:00,2026-09-25,vrijdag,10:31,68
gn001,Groningen,2026-09-25T10:46:05+02:00,2026-09-25,vrijdag,10:46,70
gn001,Groningen,2026-09-25T11:01:05+02:00,2026-09-25,vrijdag,11:01,59
gn001,Groningen,2026-09-25T11:16:05+02:00,2026-09-25,vrijdag,11:16,65
gn001,Groningen,2026-09-25T11:31:05+02:00,2026-09-25,vrijdag,11:31,75
gn001,Groningen,2026-09-25T11:46:04+02:00,2026-09-25,vrijdag,11:46,68
gn001,Groningen,2026-09-25T12:01:04+02:00,2026-09-25,vrijdag,12:01,75
gn001,Groningen,2026-09-25T12:16:06+02:00,2026-09-25,vrijdag,12:16,77
gn001,Groningen,2026-09-25T12:31:05+02:00,2026-09-25,vrijdag,12:31,74
gn001,Groningen,2026-09-25T13:01:04+02:00,2026-09-25,vrijdag,13:01,85
gn001,Groningen,2026-09-25T13:16:05+02:00,2026-09-25,vrijdag,13:16,88
gn001,Groningen,2026-09-25T13:31:04+02:00,2026-09-25,vrijdag,13:31,88
gn001,Groningen,2026-09-25T13:46:04+02:00,2026-09-25,vrijdag,13:46,81
gn001,Groningen,2026-09-25T14:01:03+02:00,2026-09-25,vrijdag,14:01,83
gn001,Groningen,2026-09-25T14:16:04+02:00,2026-09-25,vrijdag,14:16,81
gn001,Groningen,2026-09-25T15:01:06+02:00,2026-09-25,vrijdag,15:01,77
gn001,Groningen,2026-09-25T15:16:03+02:00,2026-09-25,vrijdag,15:16,84
gn001,Groningen,2026-09-25T15:31:05+02:00,2026-09-25,vrijdag,15:31,79
gn001,Groningen,2026-09-25T15:46:04+02:00,2026-09-25,vrijdag,15:46,89
gn001,Groningen,2026-09-25T16:01:05+02:00,2026-09-25,vrijdag,16:01,87
gn001,Groningen,2026-09-25T16:16:04+02:00,2026-09-25,vrijdag,16:16,89
gn001,Groningen,2026-09-25T16:46:03+02:00,2026-09-25,vrijdag,16:46,87
gn001,Groningen,2026-09-25T17:01:03+02:00,2026-09-25,vrijdag,17:01,84
gn001,Groningen,2026-09-25T17:16:04+02:00,2026-09-25,vrijdag,17:16,94
gn001,Groningen,2026-09-25T17:46:02+02:00,2026-09-25,vrijdag,17:46,83
gn001,Groningen,2026-09-25T18:01:04+02:00,2026-09-25,vrijdag,18:01,67
gn001,Groningen,2026-09-25T18:16:04+02:00,2026-09-25,vrijdag,18:16,68
gn001,Groningen,2026-09-25T18:46:02+02:00,2026-09-25,vrijdag,18:46,49
gn001,Groningen,2026-09-25T19:01:03+02:00,2026-09-25,vrijdag,19:01,38
gn001,Groningen,2026-09-25T19:16:03+02:00,2026-09-25,vrijdag,19:16,33
gn001,Groningen,2026-09-25T19:31:02+02:00,2026-09-25,vrijdag,19:31,30
gn001,Groningen,2026-09-25T19:46:03+02:00,2026-09-25,vrijdag,19:46,32
gn001,Groningen,2026-09-25T20:01:02+02:00,2026-09-25,vrijdag,20:01,21
gn001,Groningen,2026-09-25T20:16:03+02:00,2026-09-25,vrijdag,20:16,28
gn001,Groningen,2026-09-25T20:31:04+02:00,2026-09-25,vrijdag,20:31,22
gn001,Groningen,2026-09-25T20:46:04+02:00,2026-09-25,vrijdag,20:46,27
gn001,Groningen,2026-09-25T21:01:03+02:00,2026-09-25,vrijdag,21:01,27
gn001,Groningen,2026-09-25T21:16:03+02:00,2026-09-25,vrijdag,21:16,32
gn001,Groningen,2026-09-25T21:31:02+02:00,2026-09-25,vrijdag,21:31,24
gn001,Groningen,2026-09-25T21:46:02+02:00,2026-09-25,vrijdag,21:46,39
gn001,Groningen,2026-09-25T22:16:02+02:00,2026-09-25,vrijdag,22:16,42
gn001,Groningen,2026-09-25T22:31:04+02:00,2026-09-25,vrijdag,22:31,49
gn001,Groningen,2026-09-25T22:46:03+02:00,2026-09-25,vrijdag,22:46,65
gn001,Groningen,2026-09-25T23:01:04+02:00,2026-09-25,vrijdag,23:01,71
gn001,Groningen,2026-09-25T23:16:05+02:00,2026-09-25,vrijdag,23:16,76
gn001,Groningen,2026-09-25T23:31:03+02:00,2026-09-25,vrijdag,23:31,80
gn001,Groningen,2026-09-25T23:46:03+02:00,2026-09-25,vrijdag,23:46,88
gn001,Groningen,2026-09-26T00:01:04+02:00,2026-09-26,zaterdag,00:01,91
gn001,Groningen,2026-09-26T00:16:03+02:00,2026-09-26,zaterdag,00:16,99
gn001,Groningen,2026-09-26T00:31:03+02:00,2026-09-26,zaterdag,00:31,100
gn001,Groningen,2026-09-26T00:46:02+02:00,2026-09-26,zaterdag,00:46,105
gn001,Groningen,2026-09-26T01:01:03+02:00,2026-09-26,zaterdag,01:01,104
gn001,Groningen,2026-09-26T01:16:03+02:00,2026-09-26,zaterdag,01:16,104
gn001,Groningen,2026-09-26T01:31:03+02:00,2026-09-26,zaterdag,01:31,103
gn001,Groningen,2026-09-26T01:46:02+02:00,2026-09-26,zaterdag,01:46,103
gn001,Groningen,2026-09-26T02:01:03+02:00,2026-09-26,zaterdag,02:01,105
gn001,Groningen,2026-09-26T02:16:02+02:00,2026-09-26,zaterdag,02:16,105
gn001,Groningen,2026-09-26T02:31:03+02:00,2026-09-26,zaterdag,02:31,105
gn001,Groningen,2026-09-26T02:46:02+02:00,2026-09-26,zaterdag,02:46,105
gn001,Groningen,2026-09-26T03:01:03+02:00,2026-09-26,zaterdag,03:01,103
gn001,Groningen,2026-09-26T03:16:02+02:00,2026-09-26,zaterdag,03:16,103
gn001,Groningen,2026-09-26T03:31:03+02:00,2026-09-26,zaterdag,03:31,103
gn001,Groningen,2026-09-26T03:46:02+02:00,2026-09-26,zaterdag,03:46,103
gn001,Groningen,2026-09-26T04:01:03+02:00,2026-09-26,zaterdag,04:01,103
gn001,Groningen,2026-09-26T04:16:02+02:00,2026-09-26,zaterdag,04:16,103
gn001,Groningen,2026-09-26T04:31:04+02:00,2026-09-26,zaterdag,04:31,103
gn001,Groningen,2026-09-26T04:46:03+02:00,2026-09-26,zaterdag,04:46,106
gn001,Groningen,2026-09-26T05:01:04+02:00,2026-09-26,zaterdag,05:01,106
gn001,Groningen,2026-09-26T05:31:03+02:00,2026-09-26,zaterdag,05:31,106
gn001,Groningen,2026-09-26T05:46:03+02:00,2026-09-26,zaterdag,05:46,106
gn001,Groningen,2026-09-26T06:01:02+02:00,2026-09-26,zaterdag,06:01,106
gn001,Groningen,2026-09-26T06:16:03+02:00,2026-09-26,zaterdag,06:16,107
gn001,Groningen,2026-09-26T06:31:03+02:00,2026-09-26,zaterdag,06:31,107
gn001,Groningen,2026-09-26T06:46:03+02:00,2026-09-26,zaterdag,06:46,107
gn001,Groningen,2026-09-26T07:01:02+02:00,2026-09-26,zaterdag,07:01,107
gn001,Groningen,2026-09-26T07:16:03+02:00,2026-09-26,zaterdag,07:16,108
gn001,Groningen,2026-09-26T07:31:03+02:00,2026-09-26,zaterdag,07:31,108
gn001,Groningen,2026-09-26T07:46:02+02:00,2026-09-26,zaterdag,07:46,108
gn001,Groningen,2026-09-26T08:01:02+02:00,2026-09-26,zaterdag,08:01,110
gn001,Groningen,2026-09-26T08:16:03+02:00,2026-09-26,zaterdag,08:16,112
gn001,Groningen,2026-09-26T08:31:04+02:00,2026-09-26,zaterdag,08:31,112
gn001,Groningen,2026-09-26T08:46:02+02:00,2026-09-26,zaterdag,08:46,111
gn001,Groningen,2026-09-26T09:01:02+02:00,2026-09-26,zaterdag,09:01,112
gn001,Groningen,2026-09-26T09:16:03+02:00,2026-09-26,zaterdag,09:16,111
gn001,Groningen,2026-09-26T09:46:02+02:00,2026-09-26,zaterdag,09:46,116
gn001,Groningen,2026-09-26T10:01:03+02:00,2026-09-26,zaterdag,10:01,119
gn001,Groningen,2026-09-26T10:16:03+02:00,2026-09-26,zaterdag,10:16,125
gn001,Groningen,2026-09-26T10:31:03+02:00,2026-09-26,zaterdag,10:31,122
gn001,Groningen,2026-09-26T10:46:03+02:00,2026-09-26,zaterdag,10:46,126
gn001,Groningen,2026-09-26T11:01:02+02:00,2026-09-26,zaterdag,11:01,855
gn001,Groningen,2026-09-26T11:31:03+02:00,2026-09-26,zaterdag,11:31,119
gn001,Groningen,2026-09-26T11:46:03+02:00,2026-09-26,zaterdag,11:46,118
gn001,Groningen,2026-09-26T12:01:04+02:00,2026-09-26,zaterdag,12:01,104
gn001,Groningen,2026-09-26T12:31:02+02:00,2026-09-26,zaterdag,12:31,89
gn001,Groningen,2026-09-26T13:01:04+02:00,2026-09-26,zaterdag,13:01,70
gn001,Groningen,2026-09-26T15:16:02+02:00,2026-09-26,zaterdag,15:16,20
gn001,Groningen,2026-09-26T16:16:03+02:00,2026-09-26,zaterdag,16:16,3
gn001,Groningen,2026-09-26T17:01:02+02:00,2026-09-26,zaterdag,17:01,3
gn001,Groningen,2026-09-26T22:16:02+02:00,2026-09-26,zaterdag,22:16,41
gn001,Groningen,2026-09-27T00:31:02+02:00,2026-09-27,zondag,00:31,97
gn001,Groningen,2026-09-27T12:31:03+02:00,2026-09-27,zondag,12:31,169
gn001,Groningen,2026-09-27T12:46:02+02:00,2026-09-27,zondag,12:46,186
gn001,Groningen,2026-09-27T13:01:03+02:00,2026-09-27,zondag,13:01,174
gn001,Groningen,2026-09-27T13:16:03+02:00,2026-09-27,zondag,13:16,191
gn001,Groningen,2026-09-27T13:46:03+02:00,2026-09-27,zondag,13:46,194
gn001,Groningen,2026-09-27T14:01:02+02:00,2026-09-27,zondag,14:01,196
gn001,Groningen,2026-09-27T14:16:03+02:00,2026-09-27,zondag,14:16,204
gn001,Groningen,2026-09-27T14:31:03+02:00,2026-09-27,zondag,14:31,201
gn001,Groningen,2026-09-27T14:46:02+02:00,2026-09-27,zondag,14:46,205
gn001,Groningen,2026-09-27T15:01:03+02:00,2026-09-27,zondag,15:01,203
gn001,Groningen,2026-09-27T15:31:02+02:00,2026-09-27,zondag,15:31,213
gn001,Groningen,2026-09-27T15:46:02+02:00,2026-09-27,zondag,15:46,215
gn001,Groningen,2026-09-27T16:01:03+02:00,2026-09-27,zondag,16:01,221
gn001,Groningen,2026-09-27T16:16:02+02:00,2026-09-27,zondag,16:16,230
gn001,Groningen,2026-09-27T16:31:03+02:00,2026-09-27,zondag,16:31,234
gn001,Groningen,2026-09-27T16:46:03+02:00,2026-09-27,zondag,16:46,236
gn001,Groningen,2026-09-27T17:01:02+02:00,2026-09-27,zondag,17:01,246
gn001,Groningen,2026-09-27T17:16:02+02:00,2026-09-27,zondag,17:16,250
gn001,Groningen,2026-09-27T17:31:03+02:00,2026-09-27,zondag,17:31,250
gn001,Groningen,2026-09-27T18:16:02+02:00,2026-09-27,zondag,18:16,272
gn001,Groningen,2026-09-27T18:31:01+02:00,2026-09-27,zondag,18:31,274
gn001,Groningen,2026-09-27T18:46:03+02:00,2026-09-27,zondag,18:46,275
gn001,Groningen,2026-09-27T19:01:03+02:00,2026-09-27,zondag,19:01,280
gn001,Groningen,2026-09-27T19:16:02+02:00,2026-09-27,zondag,19:16,285
gn001,Groningen,2026-09-27T19:46:02+02:00,2026-09-27,zondag,19:46,300
gn001,Groningen,2026-09-27T20:01:02+02:00,2026-09-27,zondag,20:01,301
gn001,Groningen,2026-09-27T20:16:02+02:00,2026-09-27,zondag,20:16,312
gn001,Groningen,2026-09-27T20:31:02+02:00,2026-09-27,zondag,20:31,311
gn001,Groningen,2026-09-27T21:01:02+02:00,2026-09-27,zondag,21:01,318
gn001,Groningen,2026-09-27T21:16:02+02:00,2026-09-27,zondag,21:16,324
gn001,Groningen,2026-09-27T21:31:02+02:00,2026-09-27,zondag,21:31,320
gn001,Groningen,2026-09-27T21:46:02+02:00,2026-09-27,zondag,21:46,322
gn001,Groningen,2026-09-27T22:01:02+02:00,2026-09-27,zondag,22:01,318
gn001,Groningen,2026-09-27T22:16:03+02:00,2026-09-27,zondag,22:16,319
gn001,Groningen,2026-09-27T22:31:04+02:00,2026-09-27,zondag,22:31,317
gn001,Groningen,2026-09-27T22:46:02+02:00,2026-09-27,zondag,22:46,317
gn001,Groningen,2026-09-27T23:01:02+02:00,2026-09-27,zondag,23:01,312
gn001,Groningen,2026-09-27T23:16:02+02:00,2026-09-27,zondag,23:16,312
gn001,Groningen,2026-09-27T23:31:02+02:00,2026-09-27,zondag,23:31,312
gn001,Groningen,2026-09-27T23:46:02+02:00,2026-09-27,zondag,23:46,313
gn001,Groningen,2026-09-28T00:01:02+02:00,2026-09-28,maandag,00:01,313
gn001,Groningen,2026-09-28T00:16:02+02:00,2026-09-28,maandag,00:16,314
gn001,Groningen,2026-09-28T00:31:03+02:00,2026-09-28,maandag,00:31,313
gn001,Groningen,2026-09-28T00:46:03+02:00,2026-09-28,maandag,00:46,313
gn001,Groningen,2026-09-28T01:01:02+02:00,2026-09-28,maandag,01:01,313
gn001,Groningen,2026-09-28T01:16:02+02:00,2026-09-28,maandag,01:16,313
gn001,Groningen,2026-09-28T01:31:02+02:00,2026-09-28,maandag,01:31,313
gn001,Groningen,2026-09-28T01:46:02+02:00,2026-09-28,maandag,01:46,313
gn001,Groningen,2026-09-28T02:01:02+02:00,2026-09-28,maandag,02:01,313
gn001,Groningen,2026-09-28T02:16:03+02:00,2026-09-28,maandag,02:16,313
gn001,Groningen,2026-09-28T02:31:02+02:00,2026-09-28,maandag,02:31,313
gn001,Groningen,2026-09-28T02:46:03+02:00,2026-09-28,maandag,02:46,313
gn001,Groningen,2026-09-28T03:01:02+02:00,2026-09-28,maandag,03:01,313
gn001,Groningen,2026-09-28T03:16:02+02:00,2026-09-28,maandag,03:16,313
gn001,Groningen,2026-09-28T03:31:02+02:00,2026-09-28,maandag,03:31,313
gn001,Groningen,2026-09-28T03:46:02+02:00,2026-09-28,maandag,03:46,313
gn001,Groningen,2026-09-28T04:01:03+02:00,2026-09-28,maandag,04:01,313
gn001,Groningen,2026-09-28T04:16:02+02:00,2026-09-28,maandag,04:16,313
gn001,Groningen,2026-09-28T04:31:02+02:00,2026-09-28,maandag,04:31,313
gn001,Groningen,2026-09-28T04:46:02+02:00,2026-09-28,maandag,04:46,313
gn001,Groningen,2026-09-28T05:01:02+02:00,2026-09-28,maandag,05:01,313
gn001,Groningen,2026-09-28T05:16:03+02:00,2026-09-28,maandag,05:16,313
gn001,Groningen,2026-09-28T05:31:03+02:00,2026-09-28,maandag,05:31,313
gn001,Groningen,2026-09-28T05:46:02+02:00,2026-09-28,maandag,05:46,314
gn001,Groningen,2026-09-28T06:01:02+02:00,2026-09-28,maandag,06:01,314
gn001,Groningen,2026-09-28T06:16:03+02:00,2026-09-28,maandag,06:16,314
gn001,Groningen,2026-09-28T06:31:03+02:00,2026-09-28,maandag,06:31,314
gn001,Groningen,2026-09-28T06:46:02+02:00,2026-09-28,maandag,06:46,314
gn001,Groningen,2026-09-28T07:01:02+02:00,2026-09-28,maandag,07:01,309
gn001,Groningen,2026-09-28T07:46:02+02:00,2026-09-28,maandag,07:46,293
gn001,Groningen,2026-09-28T08:01:03+02:00,2026-09-28,maandag,08:01,279
gn001,Groningen,2026-09-28T08:16:02+02:00,2026-09-28,maandag,08:16,262
gn001,Groningen,2026-09-28T08:46:03+02:00,2026-09-28,maandag,08:46,211
gn001,Groningen,2026-09-28T09:01:03+02:00,2026-09-28,maandag,09:01,178
gn001,Groningen,2026-09-28T09:16:04+02:00,2026-09-28,maandag,09:16,173
gn001,Groningen,2026-09-28T09:31:03+02:00,2026-09-28,maandag,09:31,155
gn001,Groningen,2026-09-28T09:46:02+02:00,2026-09-28,maandag,09:46,156
gn001,Groningen,2026-09-28T10:01:03+02:00,2026-09-28,maandag,10:01,138
gn001,Groningen,2026-09-28T10:16:03+02:00,2026-09-28,maandag,10:16,128
gn001,Groningen,2026-09-28T10:46:03+02:00,2026-09-28,maandag,10:46,108
gn001,Groningen,2026-09-28T11:01:02+02:00,2026-09-28,maandag,11:01,98
gn001,Groningen,2026-09-28T11:16:03+02:00,2026-09-28,maandag,11:16,98
gn001,Groningen,2026-09-28T11:31:03+02:00,2026-09-28,maandag,11:31,92
gn001,Groningen,2026-09-28T11:46:03+02:00,2026-09-28,maandag,11:46,91
gn001,Groningen,2026-09-28T12:01:03+02:00,2026-09-28,maandag,12:01,86
gn001,Groningen,2026-09-28T12:31:05+02:00,2026-09-28,maandag,12:31,85
gn001,Groningen,2026-09-28T12:46:03+02:00,2026-09-28,maandag,12:46,83
gn001,Groningen,2026-09-28T13:01:03+02:00,2026-09-28,maandag,13:01,82
gn001,Groningen,2026-09-28T13:16:03+02:00,2026-09-28,maandag,13:16,83
gn001,Groningen,2026-09-28T13:31:03+02:00,2026-09-28,maandag,13:31,79
gn001,Groningen,2026-09-28T14:01:03+02:00,2026-09-28,maandag,14:01,87
gn001,Groningen,2026-09-28T14:16:02+02:00,2026-09-28,maandag,14:16,88
gn001,Groningen,2026-09-28T14:31:02+02:00,2026-09-28,maandag,14:31,86
gn001,Groningen,2026-09-28T14:46:03+02:00,2026-09-28,maandag,14:46,86
gn001,Groningen,2026-09-28T15:01:04+02:00,2026-09-28,maandag,15:01,87
gn001,Groningen,2026-09-28T15:16:03+02:00,2026-09-28,maandag,15:16,93
gn001,Groningen,2026-09-28T15:31:05+02:00,2026-09-28,maandag,15:31,96
gn001,Groningen,2026-09-28T15:46:02+02:00,2026-09-28,maandag,15:46,113
gn001,Groningen,2026-09-28T16:01:02+02:00,2026-09-28,maandag,16:01,130
gn001,Groningen,2026-09-28T16:31:03+02:00,2026-09-28,maandag,16:31,162
gn001,Groningen,2026-09-28T16:46:02+02:00,2026-09-28,maandag,16:46,181
gn001,Groningen,2026-09-28T17:16:03+02:00,2026-09-28,maandag,17:16,242
gn001,Groningen,2026-09-28T17:31:02+02:00,2026-09-28,maandag,17:31,256
gn001,Groningen,2026-09-28T17:46:03+02:00,2026-09-28,maandag,17:46,268
gn001,Groningen,2026-09-28T18:01:02+02:00,2026-09-28,maandag,18:01,273
gn001,Groningen,2026-09-28T18:31:03+02:00,2026-09-28,maandag,18:31,286
gn001,Groningen,2026-09-28T18:46:02+02:00,2026-09-28,maandag,18:46,290
gn001,Groningen,2026-09-28T19:01:02+02:00,2026-09-28,maandag,19:01,290
gn001,Groningen,2026-09-28T19:16:03+02:00,2026-09-28,maandag,19:16,291
gn001,Groningen,2026-09-28T19:31:03+02:00,2026-09-28,maandag,19:31,294
gn001,Groningen,2026-09-28T19:46:03+02:00,2026-09-28,maandag,19:46,299
gn001,Groningen,2026-09-28T20:01:02+02:00,2026-09-28,maandag,20:01,302
gn001,Groningen,2026-09-28T20:16:02+02:00,2026-09-28,maandag,20:16,305
gn001,Groningen,2026-09-28T20:46:03+02:00,2026-09-28,maandag,20:46,310
gn001,Groningen,2026-09-28T21:01:03+02:00,2026-09-28,maandag,21:01,308
gn001,Groningen,2026-09-28T21:16:03+02:00,2026-09-28,maandag,21:16,312
gn001,Groningen,2026-09-28T21:31:03+02:00,2026-09-28,maandag,21:31,313
gn001,Groningen,2026-09-28T21:46:02+02:00,2026-09-28,maandag,21:46,311
gn001,Groningen,2026-09-28T22:01:02+02:00,2026-09-28,maandag,22:01,315
gn001,Groningen,2026-09-28T22:16:03+02:00,2026-09-28,maandag,22:16,318
gn001,Groningen,2026-09-28T22:31:02+02:00,2026-09-28,maandag,22:31,316
gn001,Groningen,2026-09-28T23:01:02+02:00,2026-09-28,maandag,23:01,319
gn001,Groningen,2026-09-28T23:16:03+02:00,2026-09-28,maandag,23:16,332
gn001,Groningen,2026-09-28T23:31:03+02:00,2026-09-28,maandag,23:31,333
gn001,Groningen,2026-09-28T23:46:03+02:00,2026-09-28,maandag,23:46,333
gn001,Groningen,2026-09-29T00:01:02+02:00,2026-09-29,dinsdag,00:01,335
gn001,Groningen,2026-09-29T00:16:03+02:00,2026-09-29,dinsdag,00:16,335
gn001,Groningen,2026-09-29T00:31:03+02:00,2026-09-29,dinsdag,00:31,335
gn001,Groningen,2026-09-29T00:46:02+02:00,2026-09-29,dinsdag,00:46,335
gn001,Groningen,2026-09-29T01:01:03+02:00,2026-09-29,dinsdag,01:01,335
gn001,Groningen,2026-09-29T01:16:03+02:00,2026-09-29,dinsdag,01:16,335
gn001,Groningen,2026-09-29T01:31:04+02:00,2026-09-29,dinsdag,01:31,334
gn001,Groningen,2026-09-29T01:46:02+02:00,2026-09-29,dinsdag,01:46,335
gn001,Groningen,2026-09-29T02:01:02+02:00,2026-09-29,dinsdag,02:01,333
gn001,Groningen,2026-09-29T02:16:03+02:00,2026-09-29,dinsdag,02:16,333
gn001,Groningen,2026-09-29T02:46:02+02:00,2026-09-29,dinsdag,02:46,333
gn001,Groningen,2026-09-29T03:01:02+02:00,2026-09-29,dinsdag,03:01,333
gn001,Groningen,2026-09-29T03:16:03+02:00,2026-09-29,dinsdag,03:16,333
gn001,Groningen,2026-09-29T03:31:03+02:00,2026-09-29,dinsdag,03:31,333
gn001,Groningen,2026-09-29T03:46:02+02:00,2026-09-29,dinsdag,03:46,333
gn001,Groningen,2026-09-29T04:01:02+02:00,2026-09-29,dinsdag,04:01,333
gn001,Groningen,2026-09-29T04:16:02+02:00,2026-09-29,dinsdag,04:16,333
gn001,Groningen,2026-09-29T04:31:02+02:00,2026-09-29,dinsdag,04:31,333
gn001,Groningen,2026-09-29T04:46:03+02:00,2026-09-29,dinsdag,04:46,333
gn001,Groningen,2026-09-29T05:01:03+02:00,2026-09-29,dinsdag,05:01,333
gn001,Groningen,2026-09-29T05:16:02+02:00,2026-09-29,dinsdag,05:16,333
gn001,Groningen,2026-09-29T05:31:03+02:00,2026-09-29,dinsdag,05:31,333
gn001,Groningen,2026-09-29T05:46:02+02:00,2026-09-29,dinsdag,05:46,333
gn001,Groningen,2026-09-29T06:01:02+02:00,2026-09-29,dinsdag,06:01,333
gn001,Groningen,2026-09-29T06:16:02+02:00,2026-09-29,dinsdag,06:16,333
gn001,Groningen,2026-09-29T06:31:02+02:00,2026-09-29,dinsdag,06:31,331
gn001,Groningen,2026-09-29T06:46:02+02:00,2026-09-29,dinsdag,06:46,331
gn001,Groningen,2026-09-29T07:01:02+02:00,2026-09-29,dinsdag,07:01,330
gn001,Groningen,2026-09-29T07:16:02+02:00,2026-09-29,dinsdag,07:16,329
gn001,Groningen,2026-09-29T07:31:03+02:00,2026-09-29,dinsdag,07:31,319
gn001,Groningen,2026-09-29T07:46:03+02:00,2026-09-29,dinsdag,07:46,303
gn001,Groningen,2026-09-29T08:01:02+02:00,2026-09-29,dinsdag,08:01,287
gn001,Groningen,2026-09-29T08:16:03+02:00,2026-09-29,dinsdag,08:16,272
gn001,Groningen,2026-09-29T08:46:03+02:00,2026-09-29,dinsdag,08:46,207
gn001,Groningen,2026-09-29T09:01:03+02:00,2026-09-29,dinsdag,09:01,178
gn001,Groningen,2026-09-29T09:16:03+02:00,2026-09-29,dinsdag,09:16,173
gn001,Groningen,2026-09-29T09:31:02+02:00,2026-09-29,dinsdag,09:31,154
gn001,Groningen,2026-09-29T10:01:02+02:00,2026-09-29,dinsdag,10:01,129
gn001,Groningen,2026-09-29T10:16:02+02:00,2026-09-29,dinsdag,10:16,128
gn001,Groningen,2026-09-29T10:31:02+02:00,2026-09-29,dinsdag,10:31,121
gn001,Groningen,2026-09-29T10:46:02+02:00,2026-09-29,dinsdag,10:46,118
gn001,Groningen,2026-09-29T11:01:02+02:00,2026-09-29,dinsdag,11:01,109
gn001,Groningen,2026-09-29T11:16:04+02:00,2026-09-29,dinsdag,11:16,105
gn001,Groningen,2026-09-29T11:31:03+02:00,2026-09-29,dinsdag,11:31,103
gn001,Groningen,2026-09-29T11:46:02+02:00,2026-09-29,dinsdag,11:46,102
gn001,Groningen,2026-09-29T12:01:03+02:00,2026-09-29,dinsdag,12:01,102
gn001,Groningen,2026-09-29T12:16:03+02:00,2026-09-29,dinsdag,12:16,98
gn001,Groningen,2026-09-29T12:31:03+02:00,2026-09-29,dinsdag,12:31,98
gn001,Groningen,2026-09-29T12:46:03+02:00,2026-09-29,dinsdag,12:46,89
gn001,Groningen,2026-09-29T13:01:02+02:00,2026-09-29,dinsdag,13:01,89
gn001,Groningen,2026-09-29T13:31:02+02:00,2026-09-29,dinsdag,13:31,89
gn001,Groningen,2026-09-29T13:46:03+02:00,2026-09-29,dinsdag,13:46,92
gn001,Groningen,2026-09-29T14:01:04+02:00,2026-09-29,dinsdag,14:01,87
gn001,Groningen,2026-09-29T14:16:03+02:00,2026-09-29,dinsdag,14:16,89
gn001,Groningen,2026-09-29T14:31:03+02:00,2026-09-29,dinsdag,14:31,89
gn001,Groningen,2026-09-29T14:46:02+02:00,2026-09-29,dinsdag,14:46,94
gn001,Groningen,2026-09-29T15:31:02+02:00,2026-09-29,dinsdag,15:31,105
gn001,Groningen,2026-09-29T15:46:02+02:00,2026-09-29,dinsdag,15:46,121
gn001,Groningen,2026-09-29T16:01:04+02:00,2026-09-29,dinsdag,16:01,130
gn001,Groningen,2026-09-29T16:16:02+02:00,2026-09-29,dinsdag,16:16,157
gn001,Groningen,2026-09-29T16:31:03+02:00,2026-09-29,dinsdag,16:31,172
gn001,Groningen,2026-09-29T16:46:03+02:00,2026-09-29,dinsdag,16:46,192
gn001,Groningen,2026-09-29T17:01:02+02:00,2026-09-29,dinsdag,17:01,212
gn001,Groningen,2026-09-29T17:16:03+02:00,2026-09-29,dinsdag,17:16,236
gn001,Groningen,2026-09-29T17:31:04+02:00,2026-09-29,dinsdag,17:31,247
gn001,Groningen,2026-09-29T17:46:02+02:00,2026-09-29,dinsdag,17:46,260
gn001,Groningen,2026-09-29T18:01:03+02:00,2026-09-29,dinsdag,18:01,261
gn001,Groningen,2026-09-29T18:31:03+02:00,2026-09-29,dinsdag,18:31,269
gn001,Groningen,2026-09-29T18:46:03+02:00,2026-09-29,dinsdag,18:46,266
gn001,Groningen,2026-09-29T19:01:02+02:00,2026-09-29,dinsdag,19:01,270
gn001,Groningen,2026-09-29T19:16:03+02:00,2026-09-29,dinsdag,19:16,270
gn001,Groningen,2026-09-29T19:31:03+02:00,2026-09-29,dinsdag,19:31,270
gn001,Groningen,2026-09-29T19:46:05+02:00,2026-09-29,dinsdag,19:46,271
gn001,Groningen,2026-09-29T20:01:02+02:00,2026-09-29,dinsdag,20:01,271
gn001,Groningen,2026-09-29T20:16:03+02:00,2026-09-29,dinsdag,20:16,272
gn001,Groningen,2026-09-29T20:31:03+02:00,2026-09-29,dinsdag,20:31,275
gn001,Groningen,2026-09-29T20:46:02+02:00,2026-09-29,dinsdag,20:46,282
gn001,Groningen,2026-09-29T21:01:03+02:00,2026-09-29,dinsdag,21:01,284
gn001,Groningen,2026-09-29T21:16:03+02:00,2026-09-29,dinsdag,21:16,290
gn001,Groningen,2026-09-29T21:46:02+02:00,2026-09-29,dinsdag,21:46,294
gn001,Groningen,2026-09-29T22:01:03+02:00,2026-09-29,dinsdag,22:01,294
gn001,Groningen,2026-09-29T22:31:04+02:00,2026-09-29,dinsdag,22:31,305
gn001,Groningen,2026-09-29T22:46:03+02:00,2026-09-29,dinsdag,22:46,309
gn001,Groningen,2026-09-29T23:01:03+02:00,2026-09-29,dinsdag,23:01,310
gn001,Groningen,2026-09-29T23:16:04+02:00,2026-09-29,dinsdag,23:16,307
gn001,Groningen,2026-09-29T23:31:02+02:00,2026-09-29,dinsdag,23:31,305
gn001,Groningen,2026-09-29T23:46:02+02:00,2026-09-29,dinsdag,23:46,308
gn001,Groningen,2026-09-30T00:01:02+02:00,2026-09-30,woensdag,00:01,306
gn001,Groningen,2026-09-30T00:16:03+02:00,2026-09-30,woensdag,00:16,308
gn001,Groningen,2026-09-30T00:31:02+02:00,2026-09-30,woensdag,00:31,308
gn001,Groningen,2026-09-30T00:46:02+02:00,2026-09-30,woensdag,00:46,311
gn001,Groningen,2026-09-30T01:01:02+02:00,2026-09-30,woensdag,01:01,311
gn001,Groningen,2026-09-30T01:16:03+02:00,2026-09-30,woensdag,01:16,312
gn001,Groningen,2026-09-30T01:31:03+02:00,2026-09-30,woensdag,01:31,312
gn001,Groningen,2026-09-30T01:46:03+02:00,2026-09-30,woensdag,01:46,312
gn001,Groningen,2026-09-30T02:01:02+02:00,2026-09-30,woensdag,02:01,311
gn001,Groningen,2026-09-30T02:16:03+02:00,2026-09-30,woensdag,02:16,311
gn001,Groningen,2026-09-30T02:31:02+02:00,2026-09-30,woensdag,02:31,311
gn001,Groningen,2026-09-30T02:46:02+02:00,2026-09-30,woensdag,02:46,311
gn001,Groningen,2026-09-30T03:01:03+02:00,2026-09-30,woensdag,03:01,311
gn001,Groningen,2026-09-30T03:16:03+02:00,2026-09-30,woensdag,03:16,311
gn001,Groningen,2026-09-30T03:31:02+02:00,2026-09-30,woensdag,03:31,311
gn001,Groningen,2026-09-30T03:46:02+02:00,2026-09-30,woensdag,03:46,311
gn001,Groningen,2026-09-30T04:01:01+02:00,2026-09-30,woensdag,04:01,311
gn001,Groningen,2026-09-30T04:16:02+02:00,2026-09-30,woensdag,04:16,311
gn001,Groningen,2026-09-30T04:31:03+02:00,2026-09-30,woensdag,04:31,311
gn001,Groningen,2026-09-30T04:46:02+02:00,2026-09-30,woensdag,04:46,311
gn001,Groningen,2026-09-30T05:01:03+02:00,2026-09-30,woensdag,05:01,311
gn001,Groningen,2026-09-30T05:16:02+02:00,2026-09-30,woensdag,05:16,311
gn001,Groningen,2026-09-30T05:31:03+02:00,2026-09-30,woensdag,05:31,311
gn001,Groningen,2026-09-30T05:46:03+02:00,2026-09-30,woensdag,05:46,311
gn001,Groningen,2026-09-30T06:01:02+02:00,2026-09-30,woensdag,06:01,311
gn001,Groningen,2026-09-30T06:31:02+02:00,2026-09-30,woensdag,06:31,310
gn001,Groningen,2026-09-30T06:46:02+02:00,2026-09-30,woensdag,06:46,309
gn001,Groningen,2026-09-30T07:01:03+02:00,2026-09-30,woensdag,07:01,307
gn001,Groningen,2026-09-30T07:16:03+02:00,2026-09-30,woensdag,07:16,303
gn001,Groningen,2026-09-30T07:31:03+02:00,2026-09-30,woensdag,07:31,295
gn001,Groningen,2026-09-30T07:46:02+02:00,2026-09-30,woensdag,07:46,295
gn001,Groningen,2026-09-30T08:01:02+02:00,2026-09-30,woensdag,08:01,287
gn001,Groningen,2026-09-30T08:16:03+02:00,2026-09-30,woensdag,08:16,265
gn001,Groningen,2026-09-30T08:31:02+02:00,2026-09-30,woensdag,08:31,247
gn001,Groningen,2026-09-30T08:46:03+02:00,2026-09-30,woensdag,08:46,236
gn001,Groningen,2026-09-30T09:01:02+02:00,2026-09-30,woensdag,09:01,215
gn001,Groningen,2026-09-30T09:16:02+02:00,2026-09-30,woensdag,09:16,206
gn001,Groningen,2026-09-30T09:31:04+02:00,2026-09-30,woensdag,09:31,173
gn001,Groningen,2026-09-30T09:46:02+02:00,2026-09-30,woensdag,09:46,167
gn001,Groningen,2026-09-30T10:01:02+02:00,2026-09-30,woensdag,10:01,153
gn001,Groningen,2026-09-30T10:16:03+02:00,2026-09-30,woensdag,10:16,150
gn001,Groningen,2026-09-30T10:31:03+02:00,2026-09-30,woensdag,10:31,140
gn001,Groningen,2026-09-30T10:46:02+02:00,2026-09-30,woensdag,10:46,136
gn001,Groningen,2026-09-30T11:01:03+02:00,2026-09-30,woensdag,11:01,123
gn001,Groningen,2026-09-30T11:16:03+02:00,2026-09-30,woensdag,11:16,119
gn001,Groningen,2026-09-30T11:31:02+02:00,2026-09-30,woensdag,11:31,108
gn001,Groningen,2026-09-30T11:46:03+02:00,2026-09-30,woensdag,11:46,104
gn001,Groningen,2026-09-30T12:31:04+02:00,2026-09-30,woensdag,12:31,85
gn001,Groningen,2026-09-30T12:46:02+02:00,2026-09-30,woensdag,12:46,90
gn001,Groningen,2026-09-30T13:01:03+02:00,2026-09-30,woensdag,13:01,87
gn001,Groningen,2026-09-30T13:16:02+02:00,2026-09-30,woensdag,13:16,90
gn001,Groningen,2026-09-30T13:31:03+02:00,2026-09-30,woensdag,13:31,94
gn001,Groningen,2026-09-30T13:46:03+02:00,2026-09-30,woensdag,13:46,94
gn001,Groningen,2026-09-30T14:01:03+02:00,2026-09-30,woensdag,14:01,95
gn001,Groningen,2026-09-30T14:16:03+02:00,2026-09-30,woensdag,14:16,105
gn001,Groningen,2026-09-30T14:31:03+02:00,2026-09-30,woensdag,14:31,103
gn001,Groningen,2026-09-30T14:46:01+02:00,2026-09-30,woensdag,14:46,117
gn001,Groningen,2026-09-30T15:01:02+02:00,2026-09-30,woensdag,15:01,125
gn001,Groningen,2026-09-30T15:16:02+02:00,2026-09-30,woensdag,15:16,137
gn001,Groningen,2026-09-30T15:31:04+02:00,2026-09-30,woensdag,15:31,142
gn001,Groningen,2026-09-30T16:01:02+02:00,2026-09-30,woensdag,16:01,168
gn001,Groningen,2026-09-30T16:16:03+02:00,2026-09-30,woensdag,16:16,177
gn001,Groningen,2026-09-30T16:31:02+02:00,2026-09-30,woensdag,16:31,191
gn001,Groningen,2026-09-30T16:46:03+02:00,2026-09-30,woensdag,16:46,215
gn001,Groningen,2026-09-30T17:01:03+02:00,2026-09-30,woensdag,17:01,226
gn001,Groningen,2026-09-30T17:16:03+02:00,2026-09-30,woensdag,17:16,252
gn001,Groningen,2026-09-30T17:31:02+02:00,2026-09-30,woensdag,17:31,266
gn001,Groningen,2026-09-30T17:46:02+02:00,2026-09-30,woensdag,17:46,265
gn001,Groningen,2026-09-30T18:01:02+02:00,2026-09-30,woensdag,18:01,261
gn001,Groningen,2026-09-30T18:16:03+02:00,2026-09-30,woensdag,18:16,264
