locatie_code,locatie_naam,timestamp,datum,weekdag,tijd,beschikbaar
zl004,Zwolle,2026-09-01T00:01:02+02:00,2026-09-01,dinsdag,00:01,350
zl004,Zwolle,2026-09-01T00:16:03+02:00,2026-09-01,dinsdag,00:16,350
zl004,Zwolle,2026-09-01T00:31:03+02:00,2026-09-01,dinsdag,00:31,350
zl004,Zwolle,2026-09-01T00:46:02+02:00,2026-09-01,dinsdag,00:46,349
zl004,Zwolle,2026-09-01T01:01:02+02:00,2026-09-01,dinsdag,01:01,349
zl004,Zwolle,2026-09-01T01:16:02+02:00,2026-09-01,dinsdag,01:16,347
zl004,Zwolle,2026-09-01T01:31:02+02:00,2026-09-01,dinsdag,01:31,347
zl004,Zwolle,2026-09-01T01:46:03+02:00,2026-09-01,dinsdag,01:46,347
zl004,Zwolle,2026-09-01T02:01:03+02:00,2026-09-01,dinsdag,02:01,347
zl004,Zwolle,2026-09-01T02:16:02+02:00,2026-09-01,dinsdag,02:16,347
zl004,Zwolle,2026-09-01T02:31:03+02:00,2026-09-01,dinsdag,02:31,347
zl004,Zwolle,2026-09-01T02:46:02+02:00,2026-09-01,dinsdag,02:46,347
zl004,Zwolle,2026-09-01T03:01:03+02:00,2026-09-01,dinsdag,03:01,347
zl004,Zwolle,2026-09-01T03:16:02+02:00,2026-09-01,dinsdag,03:16,347
zl004,Zwolle,2026-09-01T03:31:02+02:00,2026-09-01,dinsdag,03:31,347
zl004,Zwolle,2026-09-01T03:46:02+02:00,2026-09-01,dinsdag,03:46,347
zl004,Zwolle,2026-09-01T04:01:02+02:00,2026-09-01,dinsdag,04:01,347
zl004,Zwolle,2026-09-01T04:16:02+02:00,2026-09-01,dinsdag,04:16,347
zl004,Zwolle,2026-09-01T04:31:05+02:00,2026-09-01,dinsdag,04:31,347
zl004,Zwolle,2026-09-01T04:46:03+02:00,2026-09-01,dinsdag,04:46,347
zl004,Zwolle,2026-09-01T05:01:03+02:00,2026-09-01,dinsdag,05:01,347
zl004,Zwolle,2026-09-01T05:16:04+02:00,2026-09-01,dinsdag,05:16,347
zl004,Zwolle,2026-09-01T05:31:05+02:00,2026-09-01,dinsdag,05:31,347
zl004,Zwolle,2026-09-01T05:46:03+02:00,2026-09-01,dinsdag,05:46,347
zl004,Zwolle,2026-09-01T06:01:02+02:00,2026-09-01,dinsdag,06:01,347
zl004,Zwolle,2026-09-01T06:16:04+02:00,2026-09-01,dinsdag,06:16,347
zl004,Zwolle,2026-09-01T06:31:02+02:00,2026-09-01,dinsdag,06:31,345
zl004,Zwolle,2026-09-01T06:46:02+02:00,2026-09-01,dinsdag,06:46,345
zl004,Zwolle,2026-09-01T07:01:02+02:00,2026-09-01,dinsdag,07:01,338
zl004,Zwolle,2026-09-01T07:16:03+02:00,2026-09-01,dinsdag,07:16,339
zl004,Zwolle,2026-09-01T07:31:02+02:00,2026-09-01,dinsdag,07:31,321
zl004,Zwolle,2026-09-01T07:46:02+02:00,2026-09-01,dinsdag,07:46,298
zl004,Zwolle,2026-09-01T08:01:03+02:00,2026-09-01,dinsdag,08:01,256
zl004,Zwolle,2026-09-01T08:16:02+02:00,2026-09-01,dinsdag,08:16,240
zl004,Zwolle,2026-09-01T08:31:02+02:00,2026-09-01,dinsdag,08:31,154
zl004,Zwolle,2026-09-01T08:46:02+02:00,2026-09-01,dinsdag,08:46,132
zl004,Zwolle,2026-09-01T09:01:02+02:00,2026-09-01,dinsdag,09:01,51
zl004,Zwolle,2026-09-01T09:16:02+02:00,2026-09-01,dinsdag,09:16,45
zl004,Zwolle,2026-09-01T09:31:02+02:00,2026-09-01,dinsdag,09:31,20
zl004,Zwolle,2026-09-01T09:46:02+02:00,2026-09-01,dinsdag,09:46,18
zl004,Zwolle,2026-09-01T10:01:02+02:00,2026-09-01,dinsdag,10:01,5
zl004,Zwolle,2026-09-01T10:16:03+02:00,2026-09-01,dinsdag,10:16,2
zl004,Zwolle,2026-09-01T10:31:02+02:00,2026-09-01,dinsdag,10:31,2
zl004,Zwolle,2026-09-01T11:01:02+02:00,2026-09-01,dinsdag,11:01,3
zl004,Zwolle,2026-09-01T11:16:02+02:00,2026-09-01,dinsdag,11:16,2
zl004,Zwolle,2026-09-01T11:46:02+02:00,2026-09-01,dinsdag,11:46,4
zl004,Zwolle,2026-09-01T12:01:02+02:00,2026-09-01,dinsdag,12:01,2
zl004,Zwolle,2026-09-01T12:31:02+02:00,2026-09-01,dinsdag,12:31,0
zl004,Zwolle,2026-09-01T12:46:03+02:00,2026-09-01,dinsdag,12:46,1
zl004,Zwolle,2026-09-01T13:01:03+02:00,2026-09-01,dinsdag,13:01,2
zl004,Zwolle,2026-09-01T13:16:03+02:00,2026-09-01,dinsdag,13:16,8
zl004,Zwolle,2026-09-01T13:31:03+02:00,2026-09-01,dinsdag,13:31,7
zl004,Zwolle,2026-09-01T13:46:02+02:00,2026-09-01,dinsdag,13:46,5
zl004,Zwolle,2026-09-01T14:01:02+02:00,2026-09-01,dinsdag,14:01,2
zl004,Zwolle,2026-09-01T14:16:03+02:00,2026-09-01,dinsdag,14:16,9
zl004,Zwolle,2026-09-01T14:31:03+02:00,2026-09-01,dinsdag,14:31,11
zl004,Zwolle,2026-09-01T14:46:03+02:00,2026-09-01,dinsdag,14:46,16
zl004,Zwolle,2026-09-01T15:01:02+02:00,2026-09-01,dinsdag,15:01,12
zl004,Zwolle,2026-09-01T15:16:03+02:00,2026-09-01,dinsdag,15:16,28
zl004,Zwolle,2026-09-01T15:31:02+02:00,2026-09-01,dinsdag,15:31,41
zl004,Zwolle,2026-09-01T15:46:02+02:00,2026-09-01,dinsdag,15:46,52
zl004,Zwolle,2026-09-01T16:01:02+02:00,2026-09-01,dinsdag,16:01,69
zl004,Zwolle,2026-09-01T16:16:03+02:00,2026-09-01,dinsdag,16:16,104
zl004,Zwolle,2026-09-01T16:31:03+02:00,2026-09-01,dinsdag,16:31,128
zl004,Zwolle,2026-09-01T16:46:03+02:00,2026-09-01,dinsdag,16:46,179
zl004,Zwolle,2026-09-01T17:01:02+02:00,2026-09-01,dinsdag,17:01,200
zl004,Zwolle,2026-09-01T17:16:02+02:00,2026-09-01,dinsdag,17:16,259
zl004,Zwolle,2026-09-01T17:31:03+02:00,2026-09-01,dinsdag,17:31,289
zl004,Zwolle,2026-09-01T17:46:02+02:00,2026-09-01,dinsdag,17:46,313
zl004,Zwolle,2026-09-01T18:01:03+02:00,2026-09-01,dinsdag,18:01,314
zl004,Zwolle,2026-09-01T18:16:03+02:00,2026-09-01,dinsdag,18:16,321
zl004,Zwolle,2026-09-01T18:31:02+02:00,2026-09-01,dinsdag,18:31,317
zl004,Zwolle,2026-09-01T18:46:02+02:00,2026-09-01,dinsdag,18:46,319
zl004,Zwolle,2026-09-01T19:01:03+02:00,2026-09-01,dinsdag,19:01,320
zl004,Zwolle,2026-09-01T19:16:02+02:00,2026-09-01,dinsdag,19:16,321
zl004,Zwolle,2026-09-01T19:31:02+02:00,2026-09-01,dinsdag,19:31,314
zl004,Zwolle,2026-09-01T20:01:02+02:00,2026-09-01,dinsdag,20:01,320
zl004,Zwolle,2026-09-01T20:16:02+02:00,2026-09-01,dinsdag,20:16,321
zl004,Zwolle,2026-09-01T20:31:02+02:00,2026-09-01,dinsdag,20:31,322
zl004,Zwolle,2026-09-01T20:46:02+02:00,2026-09-01,dinsdag,20:46,330
zl004,Zwolle,2026-09-01T21:01:02+02:00,2026-09-01,dinsdag,21:01,334
zl004,Zwolle,2026-09-01T21:16:03+02:00,2026-09-01,dinsdag,21:16,338
zl004,Zwolle,2026-09-01T21:31:02+02:00,2026-09-01,dinsdag,21:31,339
zl004,Zwolle,2026-09-01T21:46:02+02:00,2026-09-01,dinsdag,21:46,341
zl004,Zwolle,2026-09-01T22:01:02+02:00,2026-09-01,dinsdag,22:01,347
zl004,Zwolle,2026-09-01T22:16:02+02:00,2026-09-01,dinsdag,22:16,350
zl004,Zwolle,2026-09-01T22:46:02+02:00,2026-09-01,dinsdag,22:46,350
zl004,Zwolle,2026-09-01T23:01:02+02:00,2026-09-01,dinsdag,23:01,352
zl004,Zwolle,2026-09-01T23:16:03+02:00,2026-09-01,dinsdag,23:16,353
zl004,Zwolle,2026-09-01T23:31:02+02:00,2026-09-01,dinsdag,23:31,355
zl004,Zwolle,2026-09-01T23:46:02+02:00,2026-09-01,dinsdag,23:46,356
zl004,Zwolle,2026-09-02T00:01:02+02:00,2026-09-02,woensdag,00:01,356
zl004,Zwolle,2026-09-02T00:16:03+02:00,2026-09-02,woensdag,00:16,356
zl004,Zwolle,2026-09-02T00:31:02+02:00,2026-09-02,woensdag,00:31,356
zl004,Zwolle,2026-09-02T00:46:02+02:00,2026-09-02,woensdag,00:46,356
zl004,Zwolle,2026-09-02T01:01:02+02:00,2026-09-02,woensdag,01:01,356
zl004,Zwolle,2026-09-02T01:16:01+02:00,2026-09-02,woensdag,01:16,356
zl004,Zwolle,2026-09-02T01:31:02+02:00,2026-09-02,woensdag,01:31,356
zl004,Zwolle,2026-09-02T01:46:02+02:00,2026-09-02,woensdag,01:46,356
zl004,Zwolle,2026-09-02T02:01:02+02:00,2026-09-02,woensdag,02:01,356
zl004,Zwolle,2026-09-02T02:16:03+02:00,2026-09-02,woensdag,02:16,356
zl004,Zwolle,2026-09-02T02:31:03+02:00,2026-09-02,woensdag,02:31,356
zl004,Zwolle,2026-09-02T02:46:02+02:00,2026-09-02,woensdag,02:46,356
zl004,Zwolle,2026-09-02T03:01:02+02:00,2026-09-02,woensdag,03:01,356
zl004,Zwolle,2026-09-02T03:16:03+02:00,2026-09-02,woensdag,03:16,356
zl004,Zwolle,2026-09-02T03:31:03+02:00,2026-09-02,woensdag,03:31,356
zl004,Zwolle,2026-09-02T03:46:03+02:00,2026-09-02,woensdag,03:46,356
zl004,Zwolle,2026-09-02T04:01:02+02:00,2026-09-02,woensdag,04:01,356
zl004,Zwolle,2026-09-02T04:16:02+02:00,2026-09-02,woensdag,04:16,356
zl004,Zwolle,2026-09-02T04:31:02+02:00,2026-09-02,woensdag,04:31,356
zl004,Zwolle,2026-09-02T04:46:02+02:00,2026-09-02,woensdag,04:46,356
zl004,Zwolle,2026-09-02T05:01:03+02:00,2026-09-02,woensdag,05:01,356
zl004,Zwolle,2026-09-02T05:16:02+02:00,2026-09-02,woensdag,05:16,356
zl004,Zwolle,2026-09-02T05:31:03+02:00,2026-09-02,woensdag,05:31,356
zl004,Zwolle,2026-09-02T05:46:03+02:00,2026-09-02,woensdag,05:46,356
zl004,Zwolle,2026-09-02T06:01:02+02:00,2026-09-02,woensdag,06:01,356
zl004,Zwolle,2026-09-02T06:16:03+02:00,2026-09-02,woensdag,06:16,356
zl004,Zwolle,2026-09-02T06:31:03+02:00,2026-09-02,woensdag,06:31,354
zl004,Zwolle,2026-09-02T06:46:03+02:00,2026-09-02,woensdag,06:46,354
zl004,Zwolle,2026-09-02T07:16:03+02:00,2026-09-02,woensdag,07:16,351
zl004,Zwolle,2026-09-02T07:46:02+02:00,2026-09-02,woensdag,07:46,329
zl004,Zwolle,2026-09-02T08:01:03+02:00,2026-09-02,woensdag,08:01,304
zl004,Zwolle,2026-09-02T08:16:02+02:00,2026-09-02,woensdag,08:16,279
zl004,Zwolle,2026-09-02T08:31:02+02:00,2026-09-02,woensdag,08:31,232
zl004,Zwolle,2026-09-02T08:46:02+02:00,2026-09-02,woensdag,08:46,206
zl004,Zwolle,2026-09-02T09:01:02+02:00,2026-09-02,woensdag,09:01,167
zl004,Zwolle,2026-09-02T09:16:03+02:00,2026-09-02,woensdag,09:16,154
zl004,Zwolle,2026-09-02T09:31:04+02:00,2026-09-02,woensdag,09:31,123
zl004,Zwolle,2026-09-02T09:46:02+02:00,2026-09-02,woensdag,09:46,115
zl004,Zwolle,2026-09-02T10:16:04+02:00,2026-09-02,woensdag,10:16,94
zl004,Zwolle,2026-09-02T10:31:03+02:00,2026-09-02,woensdag,10:31,83
zl004,Zwolle,2026-09-02T11:01:03+02:00,2026-09-02,woensdag,11:01,74
zl004,Zwolle,2026-09-02T11:16:03+02:00,2026-09-02,woensdag,11:16,69
zl004,Zwolle,2026-09-02T11:31:03+02:00,2026-09-02,woensdag,11:31,58
zl004,Zwolle,2026-09-02T12:16:02+02:00,2026-09-02,woensdag,12:16,69
zl004,Zwolle,2026-09-02T12:31:05+02:00,2026-09-02,woensdag,12:31,64
zl004,Zwolle,2026-09-02T12:46:02+02:00,2026-09-02,woensdag,12:46,71
zl004,Zwolle,2026-09-02T13:01:02+02:00,2026-09-02,woensdag,13:01,59
zl004,Zwolle,2026-09-02T13:16:04+02:00,2026-09-02,woensdag,13:16,67
zl004,Zwolle,2026-09-02T13:31:03+02:00,2026-09-02,woensdag,13:31,66
zl004,Zwolle,2026-09-02T13:46:02+02:00,2026-09-02,woensdag,13:46,68
zl004,Zwolle,2026-09-02T14:46:03+02:00,2026-09-02,woensdag,14:46,74
zl004,Zwolle,2026-09-02T15:01:02+02:00,2026-09-02,woensdag,15:01,71
zl004,Zwolle,2026-09-02T15:31:04+02:00,2026-09-02,woensdag,15:31,99
zl004,Zwolle,2026-09-02T15:46:03+02:00,2026-09-02,woensdag,15:46,112
zl004,Zwolle,2026-09-02T16:01:02+02:00,2026-09-02,woensdag,16:01,107
zl004,Zwolle,2026-09-02T16:16:03+02:00,2026-09-02,woensdag,16:16,131
zl004,Zwolle,2026-09-02T16:46:03+02:00,2026-09-02,woensdag,16:46,165
zl004,Zwolle,2026-09-02T17:01:03+02:00,2026-09-02,woensdag,17:01,188
zl004,Zwolle,2026-09-02T17:31:03+02:00,2026-09-02,woensdag,17:31,236
zl004,Zwolle,2026-09-02T17:46:02+02:00,2026-09-02,woensdag,17:46,245
zl004,Zwolle,2026-09-02T18:01:03+02:00,2026-09-02,woensdag,18:01,252
zl004,Zwolle,2026-09-02T18:16:04+02:00,2026-09-02,woensdag,18:16,256
zl004,Zwolle,2026-09-02T18:46:04+02:00,2026-09-02,woensdag,18:46,251
zl004,Zwolle,2026-09-02T19:01:05+02:00,2026-09-02,woensdag,19:01,250
zl004,Zwolle,2026-09-02T19:16:03+02:00,2026-09-02,woensdag,19:16,246
zl004,Zwolle,2026-09-02T19:46:03+02:00,2026-09-02,woensdag,19:46,253
zl004,Zwolle,2026-09-02T20:01:03+02:00,2026-09-02,woensdag,20:01,252
zl004,Zwolle,2026-09-02T20:16:03+02:00,2026-09-02,woensdag,20:16,249
zl004,Zwolle,2026-09-02T20:31:03+02:00,2026-09-02,woensdag,20:31,249
zl004,Zwolle,2026-09-02T20:46:03+02:00,2026-09-02,woensdag,20:46,257
zl004,Zwolle,2026-09-02T21:01:03+02:00,2026-09-02,woensdag,21:01,259
zl004,Zwolle,2026-09-02T21:16:02+02:00,2026-09-02,woensdag,21:16,263
zl004,Zwolle,2026-09-02T21:31:04+02:00,2026-09-02,woensdag,21:31,260
zl004,Zwolle,2026-09-02T22:01:03+02:00,2026-09-02,woensdag,22:01,277
zl004,Zwolle,2026-09-02T22:16:03+02:00,2026-09-02,woensdag,22:16,284
zl004,Zwolle,2026-09-02T22:31:04+02:00,2026-09-02,woensdag,22:31,283
zl004,Zwolle,2026-09-02T22:46:02+02:00,2026-09-02,woensdag,22:46,289
zl004,Zwolle,2026-09-02T23:01:03+02:00,2026-09-02,woensdag,23:01,292
zl004,Zwolle,2026-09-02T23:16:03+02:00,2026-09-02,woensdag,23:16,302
zl004,Zwolle,2026-09-02T23:31:02+02:00,2026-09-02,woensdag,23:31,309
zl004,Zwolle,2026-09-02T23:46:02+02:00,2026-09-02,woensdag,23:46,312
zl004,Zwolle,2026-09-03T00:01:03+02:00,2026-09-03,donderdag,00:01,314
zl004,Zwolle,2026-09-03T00:16:04+02:00,2026-09-03,donderdag,00:16,313
zl004,Zwolle,2026-09-03T00:31:03+02:00,2026-09-03,donderdag,00:31,313
zl004,Zwolle,2026-09-03T00:46:02+02:00,2026-09-03,donderdag,00:46,312
zl004,Zwolle,2026-09-03T01:01:04+02:00,2026-09-03,donderdag,01:01,313
zl004,Zwolle,2026-09-03T01:16:02+02:00,2026-09-03,donderdag,01:16,313
zl004,Zwolle,2026-09-03T01:46:02+02:00,2026-09-03,donderdag,01:46,313
zl004,Zwolle,2026-09-03T02:01:03+02:00,2026-09-03,donderdag,02:01,313
zl004,Zwolle,2026-09-03T02:16:02+02:00,2026-09-03,donderdag,02:16,313
zl004,Zwolle,2026-09-03T02:31:03+02:00,2026-09-03,donderdag,02:31,313
zl004,Zwolle,2026-09-03T02:46:02+02:00,2026-09-03,donderdag,02:46,313
zl004,Zwolle,2026-09-03T03:01:02+02:00,2026-09-03,donderdag,03:01,313
zl004,Zwolle,2026-09-03T03:16:02+02:00,2026-09-03,donderdag,03:16,313
zl004,Zwolle,2026-09-03T03:31:03+02:00,2026-09-03,donderdag,03:31,313
zl004,Zwolle,2026-09-03T03:46:02+02:00,2026-09-03,donderdag,03:46,313
zl004,Zwolle,2026-09-03T04:01:03+02:00,2026-09-03,donderdag,04:01,313
zl004,Zwolle,2026-09-03T04:31:03+02:00,2026-09-03,donderdag,04:31,313
zl004,Zwolle,2026-09-03T04:46:03+02:00,2026-09-03,donderdag,04:46,313
zl004,Zwolle,2026-09-03T05:01:03+02:00,2026-09-03,donderdag,05:01,313
zl004,Zwolle,2026-09-03T05:16:03+02:00,2026-09-03,donderdag,05:16,313
zl004,Zwolle,2026-09-03T05:31:04+02:00,2026-09-03,donderdag,05:31,313
zl004,Zwolle,2026-09-03T05:46:03+02:00,2026-09-03,donderdag,05:46,313
zl004,Zwolle,2026-09-03T06:01:02+02:00,2026-09-03,donderdag,06:01,313
zl004,Zwolle,2026-09-03T06:16:03+02:00,2026-09-03,donderdag,06:16,313
zl004,Zwolle,2026-09-03T06:31:04+02:00,2026-09-03,donderdag,06:31,312
zl004,Zwolle,2026-09-03T06:46:04+02:00,2026-09-03,donderdag,06:46,313
zl004,Zwolle,2026-09-03T07:01:02+02:00,2026-09-03,donderdag,07:01,309
zl004,Zwolle,2026-09-03T07:16:03+02:00,2026-09-03,donderdag,07:16,303
zl004,Zwolle,2026-09-03T07:31:03+02:00,2026-09-03,donderdag,07:31,290
zl004,Zwolle,2026-09-03T07:46:03+02:00,2026-09-03,donderdag,07:46,270
zl004,Zwolle,2026-09-03T08:31:03+02:00,2026-09-03,donderdag,08:31,133
zl004,Zwolle,2026-09-03T08:46:02+02:00,2026-09-03,donderdag,08:46,101
zl004,Zwolle,2026-09-03T09:01:03+02:00,2026-09-03,donderdag,09:01,17
zl004,Zwolle,2026-09-03T09:16:04+02:00,2026-09-03,donderdag,09:16,15
zl004,Zwolle,2026-09-03T09:46:03+02:00,2026-09-03,donderdag,09:46,1
zl004,Zwolle,2026-09-03T10:01:05+02:00,2026-09-03,donderdag,10:01,2
zl004,Zwolle,2026-09-03T10:16:03+02:00,2026-09-03,donderdag,10:16,1
zl004,Zwolle,2026-09-03T10:31:06+02:00,2026-09-03,donderdag,10:31,1
zl004,Zwolle,2026-09-03T10:46:03+02:00,2026-09-03,donderdag,10:46,3
zl004,Zwolle,2026-09-03T11:01:04+02:00,2026-09-03,donderdag,11:01,1
zl004,Zwolle,2026-09-03T11:16:03+02:00,2026-09-03,donderdag,11:16,2
zl004,Zwolle,2026-09-03T11:31:04+02:00,2026-09-03,donderdag,11:31,1
zl004,Zwolle,2026-09-03T12:01:05+02:00,2026-09-03,donderdag,12:01,0
zl004,Zwolle,2026-09-03T12:16:02+02:00,2026-09-03,donderdag,12:16,0
zl004,Zwolle,2026-09-03T12:31:04+02:00,2026-09-03,donderdag,12:31,3
zl004,Zwolle,2026-09-03T13:46:03+02:00,2026-09-03,donderdag,13:46,5
zl004,Zwolle,2026-09-03T14:01:04+02:00,2026-09-03,donderdag,14:01,0
zl004,Zwolle,2026-09-03T14:16:04+02:00,2026-09-03,donderdag,14:16,3
zl004,Zwolle,2026-09-03T16:01:03+02:00,2026-09-03,donderdag,16:01,54
zl004,Zwolle,2026-09-03T16:31:04+02:00,2026-09-03,donderdag,16:31,116
zl004,Zwolle,2026-09-03T17:01:04+02:00,2026-09-03,donderdag,17:01,181
zl004,Zwolle,2026-09-03T17:16:03+02:00,2026-09-03,donderdag,17:16,184
zl004,Zwolle,2026-09-03T17:31:03+02:00,2026-09-03,donderdag,17:31,239
zl004,Zwolle,2026-09-03T17:46:03+02:00,2026-09-03,donderdag,17:46,254
zl004,Zwolle,2026-09-03T18:01:03+02:00,2026-09-03,donderdag,18:01,299
zl004,Zwolle,2026-09-03T18:16:03+02:00,2026-09-03,donderdag,18:16,265
zl004,Zwolle,2026-09-03T18:31:05+02:00,2026-09-03,donderdag,18:31,267
zl004,Zwolle,2026-09-03T18:46:02+02:00,2026-09-03,donderdag,18:46,273
zl004,Zwolle,2026-09-03T19:01:03+02:00,2026-09-03,donderdag,19:01,267
zl004,Zwolle,2026-09-03T19:31:03+02:00,2026-09-03,donderdag,19:31,270
zl004,Zwolle,2026-09-03T19:46:03+02:00,2026-09-03,donderdag,19:46,276
zl004,Zwolle,2026-09-03T20:01:03+02:00,2026-09-03,donderdag,20:01,276
zl004,Zwolle,2026-09-03T20:16:03+02:00,2026-09-03,donderdag,20:16,274
zl004,Zwolle,2026-09-03T20:31:02+02:00,2026-09-03,donderdag,20:31,283
zl004,Zwolle,2026-09-03T20:46:03+02:00,2026-09-03,donderdag,20:46,291
zl004,Zwolle,2026-09-03T21:16:03+02:00,2026-09-03,donderdag,21:16,296
zl004,Zwolle,2026-09-03T21:46:03+02:00,2026-09-03,donderdag,21:46,315
zl004,Zwolle,2026-09-03T22:01:03+02:00,2026-09-03,donderdag,22:01,316
zl004,Zwolle,2026-09-03T22:16:02+02:00,2026-09-03,donderdag,22:16,322
zl004,Zwolle,2026-09-03T22:31:03+02:00,2026-09-03,donderdag,22:31,325
zl004,Zwolle,2026-09-03T22:46:02+02:00,2026-09-03,donderdag,22:46,331
zl004,Zwolle,2026-09-03T23:01:02+02:00,2026-09-03,donderdag,23:01,336
zl004,Zwolle,2026-09-03T23:16:02+02:00,2026-09-03,donderdag,23:16,337
zl004,Zwolle,2026-09-03T23:31:02+02:00,2026-09-03,donderdag,23:31,338
zl004,Zwolle,2026-09-03T23:46:02+02:00,2026-09-03,donderdag,23:46,343
zl004,Zwolle,2026-09-04T00:01:02+02:00,2026-09-04,vrijdag,00:01,343
zl004,Zwolle,2026-09-04T00:16:02+02:00,2026-09-04,vrijdag,00:16,343
zl004,Zwolle,2026-09-04T00:31:03+02:00,2026-09-04,vrijdag,00:31,343
zl004,Zwolle,2026-09-04T00:46:03+02:00,2026-09-04,vrijdag,00:46,343
zl004,Zwolle,2026-09-04T01:01:03+02:00,2026-09-04,vrijdag,01:01,343
zl004,Zwolle,2026-09-04T01:31:02+02:00,2026-09-04,vrijdag,01:31,342
zl004,Zwolle,2026-09-04T01:46:02+02:00,2026-09-04,vrijdag,01:46,342
zl004,Zwolle,2026-09-04T02:01:03+02:00,2026-09-04,vrijdag,02:01,342
zl004,Zwolle,2026-09-04T02:16:02+02:00,2026-09-04,vrijdag,02:16,342
zl004,Zwolle,2026-09-04T02:31:02+02:00,2026-09-04,vrijdag,02:31,342
zl004,Zwolle,2026-09-04T02:46:02+02:00,2026-09-04,vrijdag,02:46,342
zl004,Zwolle,2026-09-04T03:01:03+02:00,2026-09-04,vrijdag,03:01,342
zl004,Zwolle,2026-09-04T03:16:03+02:00,2026-09-04,vrijdag,03:16,342
zl004,Zwolle,2026-09-04T03:31:02+02:00,2026-09-04,vrijdag,03:31,342
zl004,Zwolle,2026-09-04T03:46:03+02:00,2026-09-04,vrijdag,03:46,342
zl004,Zwolle,2026-09-04T04:01:02+02:00,2026-09-04,vrijdag,04:01,342
zl004,Zwolle,2026-09-04T04:16:02+02:00,2026-09-04,vrijdag,04:16,342
zl004,Zwolle,2026-09-04T04:31:03+02:00,2026-09-04,vrijdag,04:31,342
zl004,Zwolle,2026-09-04T05:01:02+02:00,2026-09-04,vrijdag,05:01,342
zl004,Zwolle,2026-09-04T05:16:02+02:00,2026-09-04,vrijdag,05:16,342
zl004,Zwolle,2026-09-04T05:31:02+02:00,2026-09-04,vrijdag,05:31,342
zl004,Zwolle,2026-09-04T05:46:03+02:00,2026-09-04,vrijdag,05:46,342
zl004,Zwolle,2026-09-04T06:01:02+02:00,2026-09-04,vrijdag,06:01,342
zl004,Zwolle,2026-09-04T06:16:02+02:00,2026-09-04,vrijdag,06:16,343
zl004,Zwolle,2026-09-04T06:31:03+02:00,2026-09-04,vrijdag,06:31,343
zl004,Zwolle,2026-09-04T06:46:03+02:00,2026-09-04,vrijdag,06:46,341
zl004,Zwolle,2026-09-04T07:01:02+02:00,2026-09-04,vrijdag,07:01,339
zl004,Zwolle,2026-09-04T07:16:02+02:00,2026-09-04,vrijdag,07:16,340
zl004,Zwolle,2026-09-04T07:31:03+02:00,2026-09-04,vrijdag,07:31,333
zl004,Zwolle,2026-09-04T07:46:02+02:00,2026-09-04,vrijdag,07:46,326
zl004,Zwolle,2026-09-04T08:01:03+02:00,2026-09-04,vrijdag,08:01,313
zl004,Zwolle,2026-09-04T08:16:03+02:00,2026-09-04,vrijdag,08:16,306
zl004,Zwolle,2026-09-04T08:31:04+02:00,2026-09-04,vrijdag,08:31,275
zl004,Zwolle,2026-09-04T08:46:03+02:00,2026-09-04,vrijdag,08:46,260
zl004,Zwolle,2026-09-04T09:01:03+02:00,2026-09-04,vrijdag,09:01,246
zl004,Zwolle,2026-09-04T09:16:04+02:00,2026-09-04,vrijdag,09:16,242
zl004,Zwolle,2026-09-04T09:46:05+02:00,2026-09-04,vrijdag,09:46,227
zl004,Zwolle,2026-09-04T10:01:04+02:00,2026-09-04,vrijdag,10:01,221
zl004,Zwolle,2026-09-04T10:16:04+02:00,2026-09-04,vrijdag,10:16,217
zl004,Zwolle,2026-09-04T10:31:04+02:00,2026-09-04,vrijdag,10:31,207
zl004,Zwolle,2026-09-04T11:01:05+02:00,2026-09-04,vrijdag,11:01,204
zl004,Zwolle,2026-09-04T11:16:02+02:00,2026-09-04,vrijdag,11:16,206
zl004,Zwolle,2026-09-04T12:01:03+02:00,2026-09-04,vrijdag,12:01,201
zl004,Zwolle,2026-09-04T12:16:04+02:00,2026-09-04,vrijdag,12:16,202
zl004,Zwolle,2026-09-04T12:31:03+02:00,2026-09-04,vrijdag,12:31,206
zl004,Zwolle,2026-09-04T13:31:05+02:00,2026-09-04,vrijdag,13:31,210
zl004,Zwolle,2026-09-04T13:46:03+02:00,2026-09-04,vrijdag,13:46,210
zl004,Zwolle,2026-09-04T14:16:02+02:00,2026-09-04,vrijdag,14:16,218
zl004,Zwolle,2026-09-04T14:46:03+02:00,2026-09-04,vrijdag,14:46,230
zl004,Zwolle,2026-09-04T15:01:03+02:00,2026-09-04,vrijdag,15:01,230
zl004,Zwolle,2026-09-04T15:16:03+02:00,2026-09-04,vrijdag,15:16,238
zl004,Zwolle,2026-09-04T15:31:03+02:00,2026-09-04,vrijdag,15:31,241
zl004,Zwolle,2026-09-04T15:46:02+02:00,2026-09-04,vrijdag,15:46,249
zl004,Zwolle,2026-09-04T16:01:04+02:00,2026-09-04,vrijdag,16:01,249
zl004,Zwolle,2026-09-04T16:16:03+02:00,2026-09-04,vrijdag,16:16,263
zl004,Zwolle,2026-09-04T16:46:03+02:00,2026-09-04,vrijdag,16:46,269
zl004,Zwolle,2026-09-04T17:01:02+02:00,2026-09-04,vrijdag,17:01,266
zl004,Zwolle,2026-09-04T17:16:02+02:00,2026-09-04,vrijdag,17:16,282
zl004,Zwolle,2026-09-04T17:31:03+02:00,2026-09-04,vrijdag,17:31,287
zl004,Zwolle,2026-09-04T18:16:03+02:00,2026-09-04,vrijdag,18:16,287
zl004,Zwolle,2026-09-04T18:31:02+02:00,2026-09-04,vrijdag,18:31,286
zl004,Zwolle,2026-09-04T18:46:02+02:00,2026-09-04,vrijdag,18:46,290
zl004,Zwolle,2026-09-04T19:01:02+02:00,2026-09-04,vrijdag,19:01,294
zl004,Zwolle,2026-09-04T19:31:03+02:00,2026-09-04,vrijdag,19:31,285
zl004,Zwolle,2026-09-04T19:46:02+02:00,2026-09-04,vrijdag,19:46,288
zl004,Zwolle,2026-09-04T20:01:02+02:00,2026-09-04,vrijdag,20:01,284
zl004,Zwolle,2026-09-04T20:16:02+02:00,2026-09-04,vrijdag,20:16,287
zl004,Zwolle,2026-09-04T20:31:03+02:00,2026-09-04,vrijdag,20:31,279
zl004,Zwolle,2026-09-04T21:01:02+02:00,2026-09-04,vrijdag,21:01,279
zl004,Zwolle,2026-09-04T21:16:02+02:00,2026-09-04,vrijdag,21:16,283
zl004,Zwolle,2026-09-04T21:31:02+02:00,2026-09-04,vrijdag,21:31,287
zl004,Zwolle,2026-09-04T21:46:03+02:00,2026-09-04,vrijdag,21:46,295
zl004,Zwolle,2026-09-04T22:01:02+02:00,2026-09-04,vrijdag,22:01,298
zl004,Zwolle,2026-09-04T22:16:03+02:00,2026-09-04,vrijdag,22:16,303
zl004,Zwolle,2026-09-04T22:31:03+02:00,2026-09-04,vrijdag,22:31,304
zl004,Zwolle,2026-09-04T22:46:02+02:00,2026-09-04,vrijdag,22:46,310
zl004,Zwolle,2026-09-04T23:01:03+02:00,2026-09-04,vrijdag,23:01,309
zl004,Zwolle,2026-09-04T23:16:02+02:00,2026-09-04,vrijdag,23:16,315
zl004,Zwolle,2026-09-04T23:31:02+02:00,2026-09-04,vrijdag,23:31,315
zl004,Zwolle,2026-09-04T23:46:02+02:00,2026-09-04,vrijdag,23:46,317
zl004,Zwolle,2026-09-05T00:01:02+02:00,2026-09-05,zaterdag,00:01,314
zl004,Zwolle,2026-09-05T00:16:02+02:00,2026-09-05,zaterdag,00:16,314
zl004,Zwolle,2026-09-05T00:31:02+02:00,2026-09-05,zaterdag,00:31,315
zl004,Zwolle,2026-09-05T00:46:02+02:00,2026-09-05,zaterdag,00:46,316
zl004,Zwolle,2026-09-05T01:01:02+02:00,2026-09-05,zaterdag,01:01,312
zl004,Zwolle,2026-09-05T01:16:03+02:00,2026-09-05,zaterdag,01:16,319
zl004,Zwolle,2026-09-05T01:31:02+02:00,2026-09-05,zaterdag,01:31,318
zl004,Zwolle,2026-09-05T01:46:02+02:00,2026-09-05,zaterdag,01:46,318
zl004,Zwolle,2026-09-05T02:01:02+02:00,2026-09-05,zaterdag,02:01,318
zl004,Zwolle,2026-09-05T02:16:03+02:00,2026-09-05,zaterdag,02:16,318
zl004,Zwolle,2026-09-05T02:31:02+02:00,2026-09-05,zaterdag,02:31,318
zl004,Zwolle,2026-09-05T02:46:03+02:00,2026-09-05,zaterdag,02:46,318
zl004,Zwolle,2026-09-05T03:01:03+02:00,2026-09-05,zaterdag,03:01,318
zl004,Zwolle,2026-09-05T03:16:02+02:00,2026-09-05,zaterdag,03:16,318
zl004,Zwolle,2026-09-05T03:31:02+02:00,2026-09-05,zaterdag,03:31,318
zl004,Zwolle,2026-09-05T03:46:03+02:00,2026-09-05,zaterdag,03:46,318
zl004,Zwolle,2026-09-05T04:01:02+02:00,2026-09-05,zaterdag,04:01,318
zl004,Zwolle,2026-09-05T04:16:02+02:00,2026-09-05,zaterdag,04:16,318
zl004,Zwolle,2026-09-05T04:31:02+02:00,2026-09-05,zaterdag,04:31,318
zl004,Zwolle,2026-09-05T04:46:02+02:00,2026-09-05,zaterdag,04:46,318
zl004,Zwolle,2026-09-05T05:01:02+02:00,2026-09-05,zaterdag,05:01,318
zl004,Zwolle,2026-09-05T05:16:02+02:00,2026-09-05,zaterdag,05:16,318
zl004,Zwolle,2026-09-05T05:31:03+02:00,2026-09-05,zaterdag,05:31,318
zl004,Zwolle,2026-09-05T05:46:03+02:00,2026-09-05,zaterdag,05:46,318
zl004,Zwolle,2026-09-05T06:01:02+02:00,2026-09-05,zaterdag,06:01,319
zl004,Zwolle,2026-09-05T06:16:03+02:00,2026-09-05,zaterdag,06:16,319
zl004,Zwolle,2026-09-05T06:31:03+02:00,2026-09-05,zaterdag,06:31,319
zl004,Zwolle,2026-09-05T06:46:02+02:00,2026-09-05,zaterdag,06:46,319
zl004,Zwolle,2026-09-05T07:01:03+02:00,2026-09-05,zaterdag,07:01,320
zl004,Zwolle,2026-09-05T07:16:03+02:00,2026-09-05,zaterdag,07:16,319
zl004,Zwolle,2026-09-05T07:46:02+02:00,2026-09-05,zaterdag,07:46,318
zl004,Zwolle,2026-09-05T08:01:03+02:00,2026-09-05,zaterdag,08:01,317
zl004,Zwolle,2026-09-05T08:16:03+02:00,2026-09-05,zaterdag,08:16,315
zl004,Zwolle,2026-09-05T08:31:02+02:00,2026-09-05,zaterdag,08:31,313
zl004,Zwolle,2026-09-05T08:46:02+02:00,2026-09-05,zaterdag,08:46,314
zl004,Zwolle,2026-09-05T09:01:03+02:00,2026-09-05,zaterdag,09:01,307
zl004,Zwolle,2026-09-05T09:16:02+02:00,2026-09-05,zaterdag,09:16,304
zl004,Zwolle,2026-09-05T09:31:03+02:00,2026-09-05,zaterdag,09:31,304
zl004,Zwolle,2026-09-05T09:46:03+02:00,2026-09-05,zaterdag,09:46,305
zl004,Zwolle,2026-09-05T10:01:02+02:00,2026-09-05,zaterdag,10:01,303
zl004,Zwolle,2026-09-05T10:16:03+02:00,2026-09-05,zaterdag,10:16,301
zl004,Zwolle,2026-09-05T10:31:03+02:00,2026-09-05,zaterdag,10:31,300
zl004,Zwolle,2026-09-05T10:46:02+02:00,2026-09-05,zaterdag,10:46,301
zl004,Zwolle,2026-09-05T11:01:02+02:00,2026-09-05,zaterdag,11:01,292
zl004,Zwolle,2026-09-05T11:16:02+02:00,2026-09-05,zaterdag,11:16,291
zl004,Zwolle,2026-09-05T11:31:03+02:00,2026-09-05,zaterdag,11:31,289
zl004,Zwolle,2026-09-05T11:46:03+02:00,2026-09-05,zaterdag,11:46,290
zl004,Zwolle,2026-09-05T12:01:03+02:00,2026-09-05,zaterdag,12:01,284
zl004,Zwolle,2026-09-05T12:16:03+02:00,2026-09-05,zaterdag,12:16,284
zl004,Zwolle,2026-09-05T12:31:03+02:00,2026-09-05,zaterdag,12:31,284
zl004,Zwolle,2026-09-05T13:01:03+02:00,2026-09-05,zaterdag,13:01,285
zl004,Zwolle,2026-09-05T13:16:02+02:00,2026-09-05,zaterdag,13:16,286
zl004,Zwolle,2026-09-05T13:31:03+02:00,2026-09-05,zaterdag,13:31,280
zl004,Zwolle,2026-09-05T13:46:03+02:00,2026-09-05,zaterdag,13:46,280
zl004,Zwolle,2026-09-05T14:01:03+02:00,2026-09-05,zaterdag,14:01,269
zl004,Zwolle,2026-09-05T14:16:03+02:00,2026-09-05,zaterdag,14:16,266
zl004,Zwolle,2026-09-05T14:46:02+02:00,2026-09-05,zaterdag,14:46,267
zl004,Zwolle,2026-09-05T15:01:03+02:00,2026-09-05,zaterdag,15:01,266
zl004,Zwolle,2026-09-05T15:16:03+02:00,2026-09-05,zaterdag,15:16,269
zl004,Zwolle,2026-09-05T15:31:02+02:00,2026-09-05,zaterdag,15:31,266
zl004,Zwolle,2026-09-05T15:46:02+02:00,2026-09-05,zaterdag,15:46,264
zl004,Zwolle,2026-09-05T16:01:03+02:00,2026-09-05,zaterdag,16:01,266
zl004,Zwolle,2026-09-05T16:16:03+02:00,2026-09-05,zaterdag,16:16,271
zl004,Zwolle,2026-09-05T16:31:02+02:00,2026-09-05,zaterdag,16:31,266
zl004,Zwolle,2026-09-05T16:46:02+02:00,2026-09-05,zaterdag,16:46,271
zl004,Zwolle,2026-09-05T17:16:02+02:00,2026-09-05,zaterdag,17:16,259
zl004,Zwolle,2026-09-05T17:31:02+02:00,2026-09-05,zaterdag,17:31,254
zl004,Zwolle,2026-09-05T17:46:03+02:00,2026-09-05,zaterdag,17:46,255
zl004,Zwolle,2026-09-05T18:16:02+02:00,2026-09-05,zaterdag,18:16,249
zl004,Zwolle,2026-09-05T18:31:03+02:00,2026-09-05,zaterdag,18:31,245
zl004,Zwolle,2026-09-05T18:46:02+02:00,2026-09-05,zaterdag,18:46,246
zl004,Zwolle,2026-09-05T19:01:03+02:00,2026-09-05,zaterdag,19:01,244
zl004,Zwolle,2026-09-05T19:31:03+02:00,2026-09-05,zaterdag,19:31,239
zl004,Zwolle,2026-09-05T19:46:02+02:00,2026-09-05,zaterdag,19:46,240
zl004,Zwolle,2026-09-05T20:01:02+02:00,2026-09-05,zaterdag,20:01,243
zl004,Zwolle,2026-09-05T20:16:02+02:00,2026-09-05,zaterdag,20:16,243
zl004,Zwolle,2026-09-05T20:31:03+02:00,2026-09-05,zaterdag,20:31,244
zl004,Zwolle,2026-09-05T20:46:02+02:00,2026-09-05,zaterdag,20:46,248
zl004,Zwolle,2026-09-05T21:01:02+02:00,2026-09-05,zaterdag,21:01,247
zl004,Zwolle,2026-09-05T21:16:02+02:00,2026-09-05,zaterdag,21:16,250
zl004,Zwolle,2026-09-05T21:31:03+02:00,2026-09-05,zaterdag,21:31,251
zl004,Zwolle,2026-09-05T21:46:02+02:00,2026-09-05,zaterdag,21:46,253
zl004,Zwolle,2026-09-05T22:31:03+02:00,2026-09-05,zaterdag,22:31,277
zl004,Zwolle,2026-09-05T22:46:03+02:00,2026-09-05,zaterdag,22:46,290
zl004,Zwolle,2026-09-05T23:01:03+02:00,2026-09-05,zaterdag,23:01,290
zl004,Zwolle,2026-09-05T23:31:02+02:00,2026-09-05,zaterdag,23:31,296
zl004,Zwolle,2026-09-05T23:46:02+02:00,2026-09-05,zaterdag,23:46,304
zl004,Zwolle,2026-09-06T00:01:02+02:00,2026-09-06,zondag,00:01,306
zl004,Zwolle,2026-09-06T00:16:04+02:00,2026-09-06,zondag,00:16,303
zl004,Zwolle,2026-09-06T00:46:02+02:00,2026-09-06,zondag,00:46,302
zl004,Zwolle,2026-09-06T01:01:02+02:00,2026-09-06,zondag,01:01,300
zl004,Zwolle,2026-09-06T01:16:02+02:00,2026-09-06,zondag,01:16,301
zl004,Zwolle,2026-09-06T01:31:03+02:00,2026-09-06,zondag,01:31,303
zl004,Zwolle,2026-09-06T01:46:03+02:00,2026-09-06,zondag,01:46,303
zl004,Zwolle,2026-09-06T02:01:02+02:00,2026-09-06,zondag,02:01,303
zl004,Zwolle,2026-09-06T02:16:02+02:00,2026-09-06,zondag,02:16,303
zl004,Zwolle,2026-09-06T02:31:03+02:00,2026-09-06,zondag,02:31,303
zl004,Zwolle,2026-09-06T02:46:02+02:00,2026-09-06,zondag,02:46,303
zl004,Zwolle,2026-09-06T03:01:03+02:00,2026-09-06,zondag,03:01,303
zl004,Zwolle,2026-09-06T03:16:03+02:00,2026-09-06,zondag,03:16,303
zl004,Zwolle,2026-09-06T03:31:03+02:00,2026-09-06,zondag,03:31,303
zl004,Zwolle,2026-09-06T03:46:02+02:00,2026-09-06,zondag,03:46,303
zl004,Zwolle,2026-09-06T04:01:02+02:00,2026-09-06,zondag,04:01,303
zl004,Zwolle,2026-09-06T04:16:03+02:00,2026-09-06,zondag,04:16,303
zl004,Zwolle,2026-09-06T04:31:03+02:00,2026-09-06,zondag,04:31,303
zl004,Zwolle,2026-09-06T04:46:03+02:00,2026-09-06,zondag,04:46,303
zl004,Zwolle,2026-09-06T05:01:02+02:00,2026-09-06,zondag,05:01,303
zl004,Zwolle,2026-09-06T05:16:04+02:00,2026-09-06,zondag,05:16,303
zl004,Zwolle,2026-09-06T05:31:02+02:00,2026-09-06,zondag,05:31,303
zl004,Zwolle,2026-09-06T05:46:02+02:00,2026-09-06,zondag,05:46,303
zl004,Zwolle,2026-09-06T06:01:03+02:00,2026-09-06,zondag,06:01,303
zl004,Zwolle,2026-09-06T06:16:03+02:00,2026-09-06,zondag,06:16,303
zl004,Zwolle,2026-09-06T06:31:02+02:00,2026-09-06,zondag,06:31,303
zl004,Zwolle,2026-09-06T06:46:02+02:00,2026-09-06,zondag,06:46,303
zl004,Zwolle,2026-09-06T07:01:03+02:00,2026-09-06,zondag,07:01,303
zl004,Zwolle,2026-09-06T07:16:03+02:00,2026-09-06,zondag,07:16,304
zl004,Zwolle,2026-09-06T07:46:02+02:00,2026-09-06,zondag,07:46,304
zl004,Zwolle,2026-09-06T08:01:03+02:00,2026-09-06,zondag,08:01,304
zl004,Zwolle,2026-09-06T08:16:03+02:00,2026-09-06,zondag,08:16,305
zl004,Zwolle,2026-09-06T08:31:02+02:00,2026-09-06,zondag,08:31,305
zl004,Zwolle,2026-09-06T08:46:02+02:00,2026-09-06,zondag,08:46,306
zl004,Zwolle,2026-09-06T09:16:03+02:00,2026-09-06,zondag,09:16,304
zl004,Zwolle,2026-09-06T09:31:04+02:00,2026-09-06,zondag,09:31,303
zl004,Zwolle,2026-09-06T09:46:02+02:00,2026-09-06,zondag,09:46,303
zl004,Zwolle,2026-09-06T10:01:03+02:00,2026-09-06,zondag,10:01,302
zl004,Zwolle,2026-09-06T10:16:03+02:00,2026-09-06,zondag,10:16,304
zl004,Zwolle,2026-09-06T10:31:02+02:00,2026-09-06,zondag,10:31,305
zl004,Zwolle,2026-09-06T11:01:04+02:00,2026-09-06,zondag,11:01,304
zl004,Zwolle,2026-09-06T11:16:03+02:00,2026-09-06,zondag,11:16,307
zl004,Zwolle,2026-09-06T11:46:03+02:00,2026-09-06,zondag,11:46,299
zl004,Zwolle,2026-09-06T12:01:03+02:00,2026-09-06,zondag,12:01,295
zl004,Zwolle,2026-09-06T12:16:03+02:00,2026-09-06,zondag,12:16,289
zl004,Zwolle,2026-09-06T12:31:03+02:00,2026-09-06,zondag,12:31,281
zl004,Zwolle,2026-09-06T12:46:02+02:00,2026-09-06,zondag,12:46,283
zl004,Zwolle,2026-09-06T13:01:03+02:00,2026-09-06,zondag,13:01,281
zl004,Zwolle,2026-09-06T13:16:04+02:00,2026-09-06,zondag,13:16,280
zl004,Zwolle,2026-09-06T13:31:03+02:00,2026-09-06,zondag,13:31,277
zl004,Zwolle,2026-09-06T13:46:03+02:00,2026-09-06,zondag,13:46,274
zl004,Zwolle,2026-09-06T14:01:03+02:00,2026-09-06,zondag,14:01,273
zl004,Zwolle,2026-09-06T14:16:03+02:00,2026-09-06,zondag,14:16,270
zl004,Zwolle,2026-09-06T14:31:03+02:00,2026-09-06,zondag,14:31,269
zl004,Zwolle,2026-09-06T14:46:02+02:00,2026-09-06,zondag,14:46,270
zl004,Zwolle,2026-09-06T15:01:02+02:00,2026-09-06,zondag,15:01,270
zl004,Zwolle,2026-09-06T15:16:02+02:00,2026-09-06,zondag,15:16,274
zl004,Zwolle,2026-09-06T15:31:02+02:00,2026-09-06,zondag,15:31,268
zl004,Zwolle,2026-09-06T16:01:02+02:00,2026-09-06,zondag,16:01,267
zl004,Zwolle,2026-09-06T16:31:02+02:00,2026-09-06,zondag,16:31,280
zl004,Zwolle,2026-09-06T16:46:02+02:00,2026-09-06,zondag,16:46,286
zl004,Zwolle,2026-09-06T17:01:02+02:00,2026-09-06,zondag,17:01,287
zl004,Zwolle,2026-09-06T17:16:03+02:00,2026-09-06,zondag,17:16,292
zl004,Zwolle,2026-09-06T17:31:02+02:00,2026-09-06,zondag,17:31,295
zl004,Zwolle,2026-09-06T17:46:02+02:00,2026-09-06,zondag,17:46,302
zl004,Zwolle,2026-09-06T18:01:04+02:00,2026-09-06,zondag,18:01,304
zl004,Zwolle,2026-09-06T18:16:03+02:00,2026-09-06,zondag,18:16,304
zl004,Zwolle,2026-09-06T18:31:04+02:00,2026-09-06,zondag,18:31,308
zl004,Zwolle,2026-09-06T18:46:02+02:00,2026-09-06,zondag,18:46,312
zl004,Zwolle,2026-09-06T19:31:03+02:00,2026-09-06,zondag,19:31,321
zl004,Zwolle,2026-09-06T19:46:02+02:00,2026-09-06,zondag,19:46,326
zl004,Zwolle,2026-09-06T20:01:03+02:00,2026-09-06,zondag,20:01,328
zl004,Zwolle,2026-09-06T20:16:02+02:00,2026-09-06,zondag,20:16,333
zl004,Zwolle,2026-09-06T20:31:02+02:00,2026-09-06,zondag,20:31,336
zl004,Zwolle,2026-09-06T20:46:02+02:00,2026-09-06,zondag,20:46,339
zl004,Zwolle,2026-09-06T21:01:02+02:00,2026-09-06,zondag,21:01,339
zl004,Zwolle,2026-09-06T21:31:03+02:00,2026-09-06,zondag,21:31,343
zl004,Zwolle,2026-09-06T21:46:02+02:00,2026-09-06,zondag,21:46,349
zl004,Zwolle,2026-09-06T22:16:03+02:00,2026-09-06,zondag,22:16,349
zl004,Zwolle,2026-09-06T22:31:03+02:00,2026-09-06,zondag,22:31,349
zl004,Zwolle,2026-09-06T22:46:02+02:00,2026-09-06,zondag,22:46,349
zl004,Zwolle,2026-09-06T23:16:03+02:00,2026-09-06,zondag,23:16,350
zl004,Zwolle,2026-09-06T23:31:02+02:00,2026-09-06,zondag,23:31,351
zl004,Zwolle,2026-09-06T23:46:03+02:00,2026-09-06,zondag,23:46,352
zl004,Zwolle,2026-09-07T00:01:02+02:00,2026-09-07,maandag,00:01,351
zl004,Zwolle,2026-09-07T00:16:03+02:00,2026-09-07,maandag,00:16,351
zl004,Zwolle,2026-09-07T00:46:02+02:00,2026-09-07,maandag,00:46,348
zl004,Zwolle,2026-09-07T01:01:03+02:00,2026-09-07,maandag,01:01,348
zl004,Zwolle,2026-09-07T01:16:03+02:00,2026-09-07,maandag,01:16,347
zl004,Zwolle,2026-09-07T01:31:04+02:00,2026-09-07,maandag,01:31,346
zl004,Zwolle,2026-09-07T01:46:02+02:00,2026-09-07,maandag,01:46,346
zl004,Zwolle,2026-09-07T02:01:02+02:00,2026-09-07,maandag,02:01,346
zl004,Zwolle,2026-09-07T02:16:02+02:00,2026-09-07,maandag,02:16,346
zl004,Zwolle,2026-09-07T02:31:02+02:00,2026-09-07,maandag,02:31,346
zl004,Zwolle,2026-09-07T02:46:03+02:00,2026-09-07,maandag,02:46,346
zl004,Zwolle,2026-09-07T03:01:02+02:00,2026-09-07,maandag,03:01,346
zl004,Zwolle,2026-09-07T03:16:02+02:00,2026-09-07,maandag,03:16,346
zl004,Zwolle,2026-09-07T03:31:03+02:00,2026-09-07,maandag,03:31,346
zl004,Zwolle,2026-09-07T03:46:02+02:00,2026-09-07,maandag,03:46,346
zl004,Zwolle,2026-09-07T04:01:02+02:00,2026-09-07,maandag,04:01,346
zl004,Zwolle,2026-09-07T04:16:02+02:00,2026-09-07,maandag,04:16,346
zl004,Zwolle,2026-09-07T04:31:02+02:00,2026-09-07,maandag,04:31,346
zl004,Zwolle,2026-09-07T04:46:02+02:00,2026-09-07,maandag,04:46,346
zl004,Zwolle,2026-09-07T05:01:03+02:00,2026-09-07,maandag,05:01,346
zl004,Zwolle,2026-09-07T05:16:02+02:00,2026-09-07,maandag,05:16,346
zl004,Zwolle,2026-09-07T05:31:02+02:00,2026-09-07,maandag,05:31,346
zl004,Zwolle,2026-09-07T05:46:03+02:00,2026-09-07,maandag,05:46,346
zl004,Zwolle,2026-09-07T06:01:03+02:00,2026-09-07,maandag,06:01,347
zl004,Zwolle,2026-09-07T06:16:03+02:00,2026-09-07,maandag,06:16,347
zl004,Zwolle,2026-09-07T06:31:04+02:00,2026-09-07,maandag,06:31,347
zl004,Zwolle,2026-09-07T06:46:02+02:00,2026-09-07,maandag,06:46,345
zl004,Zwolle,2026-09-07T07:01:03+02:00,2026-09-07,maandag,07:01,342
zl004,Zwolle,2026-09-07T07:16:03+02:00,2026-09-07,maandag,07:16,340
zl004,Zwolle,2026-09-07T07:31:03+02:00,2026-09-07,maandag,07:31,325
zl004,Zwolle,2026-09-07T07:46:02+02:00,2026-09-07,maandag,07:46,305
zl004,Zwolle,2026-09-07T08:01:03+02:00,2026-09-07,maandag,08:01,268
zl004,Zwolle,2026-09-07T08:16:04+02:00,2026-09-07,maandag,08:16,259
zl004,Zwolle,2026-09-07T08:31:03+02:00,2026-09-07,maandag,08:31,215
zl004,Zwolle,2026-09-07T08:46:02+02:00,2026-09-07,maandag,08:46,191
zl004,Zwolle,2026-09-07T09:31:03+02:00,2026-09-07,maandag,09:31,95
zl004,Zwolle,2026-09-07T10:01:03+02:00,2026-09-07,maandag,10:01,88
zl004,Zwolle,2026-09-07T10:16:03+02:00,2026-09-07,maandag,10:16,79
zl004,Zwolle,2026-09-07T10:31:03+02:00,2026-09-07,maandag,10:31,68
zl004,Zwolle,2026-09-07T11:16:03+02:00,2026-09-07,maandag,11:16,65
zl004,Zwolle,2026-09-07T11:31:03+02:00,2026-09-07,maandag,11:31,59
zl004,Zwolle,2026-09-07T11:46:04+02:00,2026-09-07,maandag,11:46,59
zl004,Zwolle,2026-09-07T12:01:04+02:00,2026-09-07,maandag,12:01,53
zl004,Zwolle,2026-09-07T12:16:03+02:00,2026-09-07,maandag,12:16,51
zl004,Zwolle,2026-09-07T12:46:03+02:00,2026-09-07,maandag,12:46,53
zl004,Zwolle,2026-09-07T13:01:03+02:00,2026-09-07,maandag,13:01,50
zl004,Zwolle,2026-09-07T13:16:03+02:00,2026-09-07,maandag,13:16,55
zl004,Zwolle,2026-09-07T13:31:02+02:00,2026-09-07,maandag,13:31,54
zl004,Zwolle,2026-09-07T13:46:02+02:00,2026-09-07,maandag,13:46,57
zl004,Zwolle,2026-09-07T14:16:03+02:00,2026-09-07,maandag,14:16,71
zl004,Zwolle,2026-09-07T14:46:02+02:00,2026-09-07,maandag,14:46,75
zl004,Zwolle,2026-09-07T15:01:02+02:00,2026-09-07,maandag,15:01,73
zl004,Zwolle,2026-09-07T15:31:02+02:00,2026-09-07,maandag,15:31,91
zl004,Zwolle,2026-09-07T15:46:02+02:00,2026-09-07,maandag,15:46,113
zl004,Zwolle,2026-09-07T16:01:02+02:00,2026-09-07,maandag,16:01,126
zl004,Zwolle,2026-09-07T16:16:03+02:00,2026-09-07,maandag,16:16,157
zl004,Zwolle,2026-09-07T16:46:02+02:00,2026-09-07,maandag,16:46,214
zl004,Zwolle,2026-09-07T17:01:02+02:00,2026-09-07,maandag,17:01,234
zl004,Zwolle,2026-09-07T17:16:02+02:00,2026-09-07,maandag,17:16,262
zl004,Zwolle,2026-09-07T17:31:02+02:00,2026-09-07,maandag,17:31,283
zl004,Zwolle,2026-09-07T18:16:02+02:00,2026-09-07,maandag,18:16,301
zl004,Zwolle,2026-09-07T18:31:02+02:00,2026-09-07,maandag,18:31,300
zl004,Zwolle,2026-09-07T18:46:02+02:00,2026-09-07,maandag,18:46,304
zl004,Zwolle,2026-09-07T19:01:02+02:00,2026-09-07,maandag,19:01,304
zl004,Zwolle,2026-09-07T19:16:03+02:00,2026-09-07,maandag,19:16,305
zl004,Zwolle,2026-09-07T19:31:02+02:00,2026-09-07,maandag,19:31,300
zl004,Zwolle,2026-09-07T19:46:02+02:00,2026-09-07,maandag,19:46,301
zl004,Zwolle,2026-09-07T20:01:02+02:00,2026-09-07,maandag,20:01,302
zl004,Zwolle,2026-09-07T20:16:02+02:00,2026-09-07,maandag,20:16,301
zl004,Zwolle,2026-09-07T21:16:02+02:00,2026-09-07,maandag,21:16,313
zl004,Zwolle,2026-09-07T21:31:02+02:00,2026-09-07,maandag,21:31,315
zl004,Zwolle,2026-09-07T21:46:02+02:00,2026-09-07,maandag,21:46,322
zl004,Zwolle,2026-09-07T22:01:02+02:00,2026-09-07,maandag,22:01,325
zl004,Zwolle,2026-09-07T22:16:02+02:00,2026-09-07,maandag,22:16,331
zl004,Zwolle,2026-09-07T22:31:03+02:00,2026-09-07,maandag,22:31,335
zl004,Zwolle,2026-09-07T22:46:02+02:00,2026-09-07,maandag,22:46,338
zl004,Zwolle,2026-09-07T23:01:02+02:00,2026-09-07,maandag,23:01,338
zl004,Zwolle,2026-09-07T23:31:02+02:00,2026-09-07,maandag,23:31,339
zl004,Zwolle,2026-09-07T23:46:02+02:00,2026-09-07,maandag,23:46,342
zl004,Zwolle,2026-09-08T00:01:02+02:00,2026-09-08,dinsdag,00:01,342
zl004,Zwolle,2026-09-08T00:16:03+02:00,2026-09-08,dinsdag,00:16,343
zl004,Zwolle,2026-09-08T00:31:02+02:00,2026-09-08,dinsdag,00:31,342
zl004,Zwolle,2026-09-08T00:46:02+02:00,2026-09-08,dinsdag,00:46,341
zl004,Zwolle,2026-09-08T01:01:02+02:00,2026-09-08,dinsdag,01:01,341
zl004,Zwolle,2026-09-08T01:16:02+02:00,2026-09-08,dinsdag,01:16,340
zl004,Zwolle,2026-09-08T02:01:03+02:00,2026-09-08,dinsdag,02:01,340
zl004,Zwolle,2026-09-08T02:16:03+02:00,2026-09-08,dinsdag,02:16,340
zl004,Zwolle,2026-09-08T02:31:02+02:00,2026-09-08,dinsdag,02:31,340
zl004,Zwolle,2026-09-08T02:46:01+02:00,2026-09-08,dinsdag,02:46,340
zl004,Zwolle,2026-09-08T03:01:02+02:00,2026-09-08,dinsdag,03:01,340
zl004,Zwolle,2026-09-08T03:16:02+02:00,2026-09-08,dinsdag,03:16,340
zl004,Zwolle,2026-09-08T03:31:02+02:00,2026-09-08,dinsdag,03:31,340
zl004,Zwolle,2026-09-08T03:46:03+02:00,2026-09-08,dinsdag,03:46,340
zl004,Zwolle,2026-09-08T04:01:02+02:00,2026-09-08,dinsdag,04:01,340
zl004,Zwolle,2026-09-08T04:16:02+02:00,2026-09-08,dinsdag,04:16,340
zl004,Zwolle,2026-09-08T04:31:02+02:00,2026-09-08,dinsdag,04:31,340
zl004,Zwolle,2026-09-08T04:46:02+02:00,2026-09-08,dinsdag,04:46,340
zl004,Zwolle,2026-09-08T05:01:02+02:00,2026-09-08,dinsdag,05:01,340
zl004,Zwolle,2026-09-08T05:16:03+02:00,2026-09-08,dinsdag,05:16,340
zl004,Zwolle,2026-09-08T05:31:02+02:00,2026-09-08,dinsdag,05:31,340
zl004,Zwolle,2026-09-08T05:46:02+02:00,2026-09-08,dinsdag,05:46,341
zl004,Zwolle,2026-09-08T06:01:02+02:00,2026-09-08,dinsdag,06:01,342
zl004,Zwolle,2026-09-08T06:16:03+02:00,2026-09-08,dinsdag,06:16,342
zl004,Zwolle,2026-09-08T06:31:02+02:00,2026-09-08,dinsdag,06:31,342
zl004,Zwolle,2026-09-08T06:46:02+02:00,2026-09-08,dinsdag,06:46,341
zl004,Zwolle,2026-09-08T07:01:02+02:00,2026-09-08,dinsdag,07:01,338
zl004,Zwolle,2026-09-08T07:31:02+02:00,2026-09-08,dinsdag,07:31,313
zl004,Zwolle,2026-09-08T07:46:03+02:00,2026-09-08,dinsdag,07:46,295
zl004,Zwolle,2026-09-08T08:01:02+02:00,2026-09-08,dinsdag,08:01,265
zl004,Zwolle,2026-09-08T08:16:02+02:00,2026-09-08,dinsdag,08:16,240
zl004,Zwolle,2026-09-08T08:31:02+02:00,2026-09-08,dinsdag,08:31,166
zl004,Zwolle,2026-09-08T09:16:02+02:00,2026-09-08,dinsdag,09:16,57
zl004,Zwolle,2026-09-08T09:31:02+02:00,2026-09-08,dinsdag,09:31,31
zl004,Zwolle,2026-09-08T09:46:03+02:00,2026-09-08,dinsdag,09:46,22
zl004,Zwolle,2026-09-08T10:01:03+02:00,2026-09-08,dinsdag,10:01,12
zl004,Zwolle,2026-09-08T10:16:02+02:00,2026-09-08,dinsdag,10:16,6
zl004,Zwolle,2026-09-08T10:46:02+02:00,2026-09-08,dinsdag,10:46,2
zl004,Zwolle,2026-09-08T11:01:03+02:00,2026-09-08,dinsdag,11:01,0
zl004,Zwolle,2026-09-08T11:16:02+02:00,2026-09-08,dinsdag,11:16,0
zl004,Zwolle,2026-09-08T11:31:02+02:00,2026-09-08,dinsdag,11:31,0
zl004,Zwolle,2026-09-08T12:01:03+02:00,2026-09-08,dinsdag,12:01,0
zl004,Zwolle,2026-09-08T12:16:03+02:00,2026-09-08,dinsdag,12:16,0
zl004,Zwolle,2026-09-08T12:46:02+02:00,2026-09-08,dinsdag,12:46,0
zl004,Zwolle,2026-09-08T13:01:03+02:00,2026-09-08,dinsdag,13:01,0
zl004,Zwolle,2026-09-08T13:16:03+02:00,2026-09-08,dinsdag,13:16,0
zl004,Zwolle,2026-09-08T13:31:02+02:00,2026-09-08,dinsdag,13:31,1
zl004,Zwolle,2026-09-08T13:46:02+02:00,2026-09-08,dinsdag,13:46,5
zl004,Zwolle,2026-09-08T14:01:03+02:00,2026-09-08,dinsdag,14:01,8
zl004,Zwolle,2026-09-08T14:16:02+02:00,2026-09-08,dinsdag,14:16,17
zl004,Zwolle,2026-09-08T14:31:02+02:00,2026-09-08,dinsdag,14:31,16
zl004,Zwolle,2026-09-08T14:46:03+02:00,2026-09-08,dinsdag,14:46,20
zl004,Zwolle,2026-09-08T15:01:02+02:00,2026-09-08,dinsdag,15:01,22
zl004,Zwolle,2026-09-08T15:16:02+02:00,2026-09-08,dinsdag,15:16,37
zl004,Zwolle,2026-09-08T15:31:02+02:00,2026-09-08,dinsdag,15:31,51
zl004,Zwolle,2026-09-08T15:46:02+02:00,2026-09-08,dinsdag,15:46,71
zl004,Zwolle,2026-09-08T16:01:02+02:00,2026-09-08,dinsdag,16:01,75
zl004,Zwolle,2026-09-08T16:31:03+02:00,2026-09-08,dinsdag,16:31,129
zl004,Zwolle,2026-09-08T16:46:03+02:00,2026-09-08,dinsdag,16:46,174
zl004,Zwolle,2026-09-08T17:01:02+02:00,2026-09-08,dinsdag,17:01,197
zl004,Zwolle,2026-09-08T17:16:02+02:00,2026-09-08,dinsdag,17:16,251
zl004,Zwolle,2026-09-08T17:31:03+02:00,2026-09-08,dinsdag,17:31,271
zl004,Zwolle,2026-09-08T18:01:03+02:00,2026-09-08,dinsdag,18:01,297
zl004,Zwolle,2026-09-08T18:16:03+02:00,2026-09-08,dinsdag,18:16,299
zl004,Zwolle,2026-09-08T18:31:03+02:00,2026-09-08,dinsdag,18:31,304
zl004,Zwolle,2026-09-08T18:46:02+02:00,2026-09-08,dinsdag,18:46,306
zl004,Zwolle,2026-09-08T19:01:03+02:00,2026-09-08,dinsdag,19:01,308
zl004,Zwolle,2026-09-08T19:16:02+02:00,2026-09-08,dinsdag,19:16,310
zl004,Zwolle,2026-09-08T19:31:03+02:00,2026-09-08,dinsdag,19:31,307
zl004,Zwolle,2026-09-08T19:46:02+02:00,2026-09-08,dinsdag,19:46,306
zl004,Zwolle,2026-09-08T20:01:02+02:00,2026-09-08,dinsdag,20:01,307
zl004,Zwolle,2026-09-08T20:16:02+02:00,2026-09-08,dinsdag,20:16,310
zl004,Zwolle,2026-09-08T20:31:02+02:00,2026-09-08,dinsdag,20:31,314
zl004,Zwolle,2026-09-08T20:46:02+02:00,2026-09-08,dinsdag,20:46,316
zl004,Zwolle,2026-09-08T21:01:02+02:00,2026-09-08,dinsdag,21:01,318
zl004,Zwolle,2026-09-08T21:31:02+02:00,2026-09-08,dinsdag,21:31,324
zl004,Zwolle,2026-09-08T21:46:02+02:00,2026-09-08,dinsdag,21:46,331
zl004,Zwolle,2026-09-08T22:01:02+02:00,2026-09-08,dinsdag,22:01,334
zl004,Zwolle,2026-09-08T22:16:02+02:00,2026-09-08,dinsdag,22:16,338
zl004,Zwolle,2026-09-08T22:46:02+02:00,2026-09-08,dinsdag,22:46,342
zl004,Zwolle,2026-09-08T23:01:02+02:00,2026-09-08,dinsdag,23:01,342
zl004,Zwolle,2026-09-08T23:16:02+02:00,2026-09-08,dinsdag,23:16,342
zl004,Zwolle,2026-09-08T23:31:02+02:00,2026-09-08,dinsdag,23:31,343
zl004,Zwolle,2026-09-08T23:46:03+02:00,2026-09-08,dinsdag,23:46,342
zl004,Zwolle,2026-09-09T00:01:02+02:00,2026-09-09,woensdag,00:01,341
zl004,Zwolle,2026-09-09T00:16:02+02:00,2026-09-09,woensdag,00:16,340
zl004,Zwolle,2026-09-09T00:46:02+02:00,2026-09-09,woensdag,00:46,339
zl004,Zwolle,2026-09-09T01:01:02+02:00,2026-09-09,woensdag,01:01,338
zl004,Zwolle,2026-09-09T01:16:02+02:00,2026-09-09,woensdag,01:16,338
zl004,Zwolle,2026-09-09T01:31:02+02:00,2026-09-09,woensdag,01:31,338
zl004,Zwolle,2026-09-09T01:46:02+02:00,2026-09-09,woensdag,01:46,338
zl004,Zwolle,2026-09-09T02:01:02+02:00,2026-09-09,woensdag,02:01,340
zl004,Zwolle,2026-09-09T02:16:02+02:00,2026-09-09,woensdag,02:16,340
zl004,Zwolle,2026-09-09T02:31:02+02:00,2026-09-09,woensdag,02:31,340
zl004,Zwolle,2026-09-09T02:46:02+02:00,2026-09-09,woensdag,02:46,340
zl004,Zwolle,2026-09-09T03:01:02+02:00,2026-09-09,woensdag,03:01,340
zl004,Zwolle,2026-09-09T03:16:02+02:00,2026-09-09,woensdag,03:16,340
zl004,Zwolle,2026-09-09T03:31:02+02:00,2026-09-09,woensdag,03:31,340
zl004,Zwolle,2026-09-09T03:46:02+02:00,2026-09-09,woensdag,03:46,340
zl004,Zwolle,2026-09-09T04:01:02+02:00,2026-09-09,woensdag,04:01,340
zl004,Zwolle,2026-09-09T04:16:02+02:00,2026-09-09,woensdag,04:16,340
zl004,Zwolle,2026-09-09T04:31:02+02:00,2026-09-09,woensdag,04:31,340
zl004,Zwolle,2026-09-09T04:46:02+02:00,2026-09-09,woensdag,04:46,340
zl004,Zwolle,2026-09-09T05:01:02+02:00,2026-09-09,woensdag,05:01,340
zl004,Zwolle,2026-09-09T05:16:03+02:00,2026-09-09,woensdag,05:16,340
zl004,Zwolle,2026-09-09T05:31:02+02:00,2026-09-09,woensdag,05:31,340
zl004,Zwolle,2026-09-09T05:46:02+02:00,2026-09-09,woensdag,05:46,340
zl004,Zwolle,2026-09-09T06:01:02+02:00,2026-09-09,woensdag,06:01,340
zl004,Zwolle,2026-09-09T06:16:02+02:00,2026-09-09,woensdag,06:16,340
zl004,Zwolle,2026-09-09T06:31:02+02:00,2026-09-09,woensdag,06:31,340
zl004,Zwolle,2026-09-09T06:46:02+02:00,2026-09-09,woensdag,06:46,340
zl004,Zwolle,2026-09-09T07:01:01+02:00,2026-09-09,woensdag,07:01,340
zl004,Zwolle,2026-09-09T07:16:03+02:00,2026-09-09,woensdag,07:16,340
zl004,Zwolle,2026-09-09T07:31:02+02:00,2026-09-09,woensdag,07:31,340
zl004,Zwolle,2026-09-09T07:46:02+02:00,2026-09-09,woensdag,07:46,340
zl004,Zwolle,2026-09-09T08:16:02+02:00,2026-09-09,woensdag,08:16,337
zl004,Zwolle,2026-09-09T08:31:02+02:00,2026-09-09,woensdag,08:31,335
zl004,Zwolle,2026-09-09T08:46:02+02:00,2026-09-09,woensdag,08:46,335
zl004,Zwolle,2026-09-09T09:01:02+02:00,2026-09-09,woensdag,09:01,336
zl004,Zwolle,2026-09-09T09:31:03+02:00,2026-09-09,woensdag,09:31,334
zl004,Zwolle,2026-09-09T09:46:02+02:00,2026-09-09,woensdag,09:46,334
zl004,Zwolle,2026-09-09T10:01:02+02:00,2026-09-09,woensdag,10:01,333
zl004,Zwolle,2026-09-09T10:16:03+02:00,2026-09-09,woensdag,10:16,332
zl004,Zwolle,2026-09-09T10:31:04+02:00,2026-09-09,woensdag,10:31,331
zl004,Zwolle,2026-09-09T11:01:02+02:00,2026-09-09,woensdag,11:01,329
zl004,Zwolle,2026-09-09T11:16:03+02:00,2026-09-09,woensdag,11:16,329
zl004,Zwolle,2026-09-09T11:31:02+02:00,2026-09-09,woensdag,11:31,329
zl004,Zwolle,2026-09-09T11:46:02+02:00,2026-09-09,woensdag,11:46,329
zl004,Zwolle,2026-09-09T12:01:02+02:00,2026-09-09,woensdag,12:01,328
zl004,Zwolle,2026-09-09T12:16:03+02:00,2026-09-09,woensdag,12:16,328
zl004,Zwolle,2026-09-09T12:31:03+02:00,2026-09-09,woensdag,12:31,328
zl004,Zwolle,2026-09-09T12:46:02+02:00,2026-09-09,woensdag,12:46,329
zl004,Zwolle,2026-09-09T13:16:02+02:00,2026-09-09,woensdag,13:16,329
zl004,Zwolle,2026-09-09T13:31:02+02:00,2026-09-09,woensdag,13:31,329
zl004,Zwolle,2026-09-09T13:46:02+02:00,2026-09-09,woensdag,13:46,329
zl004,Zwolle,2026-09-09T14:01:02+02:00,2026-09-09,woensdag,14:01,330
zl004,Zwolle,2026-09-09T14:16:02+02:00,2026-09-09,woensdag,14:16,328
zl004,Zwolle,2026-09-09T14:46:02+02:00,2026-09-09,woensdag,14:46,329
zl004,Zwolle,2026-09-09T15:01:02+02:00,2026-09-09,woensdag,15:01,329
zl004,Zwolle,2026-09-09T15:16:03+02:00,2026-09-09,woensdag,15:16,328
zl004,Zwolle,2026-09-09T15:31:03+02:00,2026-09-09,woensdag,15:31,328
zl004,Zwolle,2026-09-09T15:46:02+02:00,2026-09-09,woensdag,15:46,328
zl004,Zwolle,2026-09-09T16:01:02+02:00,2026-09-09,woensdag,16:01,328
zl004,Zwolle,2026-09-09T16:16:01+02:00,2026-09-09,woensdag,16:16,326
zl004,Zwolle,2026-09-09T16:31:02+02:00,2026-09-09,woensdag,16:31,327
zl004,Zwolle,2026-09-09T16:46:02+02:00,2026-09-09,woensdag,16:46,328
zl004,Zwolle,2026-09-09T17:01:03+02:00,2026-09-09,woensdag,17:01,329
zl004,Zwolle,2026-09-09T17:16:02+02:00,2026-09-09,woensdag,17:16,330
zl004,Zwolle,2026-09-09T17:31:02+02:00,2026-09-09,woensdag,17:31,331
zl004,Zwolle,2026-09-09T17:46:03+02:00,2026-09-09,woensdag,17:46,331
zl004,Zwolle,2026-09-09T18:16:02+02:00,2026-09-09,woensdag,18:16,330
zl004,Zwolle,2026-09-09T18:31:03+02:00,2026-09-09,woensdag,18:31,330
zl004,Zwolle,2026-09-09T18:46:02+02:00,2026-09-09,woensdag,18:46,329
zl004,Zwolle,2026-09-09T19:01:02+02:00,2026-09-09,woensdag,19:01,329
zl004,Zwolle,2026-09-09T19:16:02+02:00,2026-09-09,woensdag,19:16,329
zl004,Zwolle,2026-09-09T19:31:02+02:00,2026-09-09,woensdag,19:31,329
zl004,Zwolle,2026-09-09T19:46:03+02:00,2026-09-09,woensdag,19:46,330
zl004,Zwolle,2026-09-09T20:01:02+02:00,2026-09-09,woensdag,20:01,330
zl004,Zwolle,2026-09-09T20:16:02+02:00,2026-09-09,woensdag,20:16,330
zl004,Zwolle,2026-09-09T20:31:02+02:00,2026-09-09,woensdag,20:31,330
zl004,Zwolle,2026-09-09T20:46:03+02:00,2026-09-09,woensdag,20:46,329
zl004,Zwolle,2026-09-09T21:01:02+02:00,2026-09-09,woensdag,21:01,329
zl004,Zwolle,2026-09-09T21:16:02+02:00,2026-09-09,woensdag,21:16,329
zl004,Zwolle,2026-09-09T21:31:02+02:00,2026-09-09,woensdag,21:31,329
zl004,Zwolle,2026-09-09T21:46:02+02:00,2026-09-09,woensdag,21:46,329
zl004,Zwolle,2026-09-09T22:01:03+02:00,2026-09-09,woensdag,22:01,331
zl004,Zwolle,2026-09-09T22:16:03+02:00,2026-09-09,woensdag,22:16,330
zl004,Zwolle,2026-09-09T22:31:03+02:00,2026-09-09,woensdag,22:31,330
zl004,Zwolle,2026-09-09T22:46:03+02:00,2026-09-09,woensdag,22:46,330
zl004,Zwolle,2026-09-09T23:01:02+02:00,2026-09-09,woensdag,23:01,330
zl004,Zwolle,2026-09-09T23:16:02+02:00,2026-09-09,woensdag,23:16,332
zl004,Zwolle,2026-09-09T23:31:02+02:00,2026-09-09,woensdag,23:31,332
zl004,Zwolle,2026-09-09T23:46:02+02:00,2026-09-09,woensdag,23:46,332
zl004,Zwolle,2026-09-10T00:01:02+02:00,2026-09-10,donderdag,00:01,332
zl004,Zwolle,2026-09-10T00:16:03+02:00,2026-09-10,donderdag,00:16,332
zl004,Zwolle,2026-09-10T00:31:02+02:00,2026-09-10,donderdag,00:31,332
zl004,Zwolle,2026-09-10T00:46:03+02:00,2026-09-10,donderdag,00:46,332
zl004,Zwolle,2026-09-10T01:01:03+02:00,2026-09-10,donderdag,01:01,332
zl004,Zwolle,2026-09-10T01:16:02+02:00,2026-09-10,donderdag,01:16,332
zl004,Zwolle,2026-09-10T01:31:02+02:00,2026-09-10,donderdag,01:31,332
zl004,Zwolle,2026-09-10T06:46:02+02:00,2026-09-10,donderdag,06:46,334
zl004,Zwolle,2026-09-10T07:46:02+02:00,2026-09-10,donderdag,07:46,296
zl004,Zwolle,2026-09-10T08:46:03+02:00,2026-09-10,donderdag,08:46,110
zl004,Zwolle,2026-09-10T11:16:02+02:00,2026-09-10,donderdag,11:16,1
zl004,Zwolle,2026-09-10T12:01:03+02:00,2026-09-10,donderdag,12:01,4
zl004,Zwolle,2026-09-11T06:31:02+02:00,2026-09-11,vrijdag,06:31,341
zl004,Zwolle,2026-09-11T06:46:03+02:00,2026-09-11,vrijdag,06:46,338
zl004,Zwolle,2026-09-11T07:01:02+02:00,2026-09-11,vrijdag,07:01,335
zl004,Zwolle,2026-09-11T07:16:04+02:00,2026-09-11,vrijdag,07:16,337
zl004,Zwolle,2026-09-11T07:31:02+02:00,2026-09-11,vrijdag,07:31,331
zl004,Zwolle,2026-09-11T07:46:03+02:00,2026-09-11,vrijdag,07:46,320
zl004,Zwolle,2026-09-11T08:01:03+02:00,2026-09-11,vrijdag,08:01,312
zl004,Zwolle,2026-09-11T08:16:02+02:00,2026-09-11,vrijdag,08:16,308
zl004,Zwolle,2026-09-11T08:31:02+02:00,2026-09-11,vrijdag,08:31,278
zl004,Zwolle,2026-09-11T08:46:02+02:00,2026-09-11,vrijdag,08:46,273
zl004,Zwolle,2026-09-11T09:01:03+02:00,2026-09-11,vrijdag,09:01,244
zl004,Zwolle,2026-09-11T09:16:02+02:00,2026-09-11,vrijdag,09:16,243
zl004,Zwolle,2026-09-11T09:31:02+02:00,2026-09-11,vrijdag,09:31,235
zl004,Zwolle,2026-09-11T09:46:02+02:00,2026-09-11,vrijdag,09:46,229
zl004,Zwolle,2026-09-11T10:01:03+02:00,2026-09-11,vrijdag,10:01,221
zl004,Zwolle,2026-09-11T10:16:02+02:00,2026-09-11,vrijdag,10:16,220
zl004,Zwolle,2026-09-11T10:31:03+02:00,2026-09-11,vrijdag,10:31,216
zl004,Zwolle,2026-09-11T10:46:02+02:00,2026-09-11,vrijdag,10:46,217
zl004,Zwolle,2026-09-11T11:01:02+02:00,2026-09-11,vrijdag,11:01,207
zl004,Zwolle,2026-09-11T11:16:02+02:00,2026-09-11,vrijdag,11:16,211
zl004,Zwolle,2026-09-11T11:31:03+02:00,2026-09-11,vrijdag,11:31,214
zl004,Zwolle,2026-09-11T11:46:03+02:00,2026-09-11,vrijdag,11:46,215
zl004,Zwolle,2026-09-11T12:01:04+02:00,2026-09-11,vrijdag,12:01,209
zl004,Zwolle,2026-09-11T12:31:03+02:00,2026-09-11,vrijdag,12:31,209
zl004,Zwolle,2026-09-11T12:46:03+02:00,2026-09-11,vrijdag,12:46,219
zl004,Zwolle,2026-09-11T13:01:03+02:00,2026-09-11,vrijdag,13:01,215
zl004,Zwolle,2026-09-11T13:16:03+02:00,2026-09-11,vrijdag,13:16,219
zl004,Zwolle,2026-09-11T13:31:04+02:00,2026-09-11,vrijdag,13:31,218
zl004,Zwolle,2026-09-11T13:46:03+02:00,2026-09-11,vrijdag,13:46,218
zl004,Zwolle,2026-09-11T14:01:04+02:00,2026-09-11,vrijdag,14:01,223
zl004,Zwolle,2026-09-11T14:31:03+02:00,2026-09-11,vrijdag,14:31,220
zl004,Zwolle,2026-09-11T14:46:02+02:00,2026-09-11,vrijdag,14:46,226
zl004,Zwolle,2026-09-11T15:01:02+02:00,2026-09-11,vrijdag,15:01,232
zl004,Zwolle,2026-09-11T15:16:02+02:00,2026-09-11,vrijdag,15:16,239
zl004,Zwolle,2026-09-11T15:31:04+02:00,2026-09-11,vrijdag,15:31,238
zl004,Zwolle,2026-09-11T15:46:03+02:00,2026-09-11,vrijdag,15:46,247
zl004,Zwolle,2026-09-11T16:16:03+02:00,2026-09-11,vrijdag,16:16,257
zl004,Zwolle,2026-09-11T16:31:03+02:00,2026-09-11,vrijdag,16:31,264
zl004,Zwolle,2026-09-11T16:46:03+02:00,2026-09-11,vrijdag,16:46,272
zl004,Zwolle,2026-09-11T17:01:02+02:00,2026-09-11,vrijdag,17:01,284
zl004,Zwolle,2026-09-11T17:16:03+02:00,2026-09-11,vrijdag,17:16,305
zl004,Zwolle,2026-09-11T17:31:04+02:00,2026-09-11,vrijdag,17:31,308
zl004,Zwolle,2026-09-11T18:16:03+02:00,2026-09-11,vrijdag,18:16,312
zl004,Zwolle,2026-09-11T18:31:04+02:00,2026-09-11,vrijdag,18:31,309
zl004,Zwolle,2026-09-11T18:46:03+02:00,2026-09-11,vrijdag,18:46,308
zl004,Zwolle,2026-09-11T19:01:03+02:00,2026-09-11,vrijdag,19:01,307
zl004,Zwolle,2026-09-11T19:16:03+02:00,2026-09-11,vrijdag,19:16,308
zl004,Zwolle,2026-09-11T19:31:02+02:00,2026-09-11,vrijdag,19:31,304
zl004,Zwolle,2026-09-11T19:46:02+02:00,2026-09-11,vrijdag,19:46,309
zl004,Zwolle,2026-09-11T20:01:03+02:00,2026-09-11,vrijdag,20:01,304
zl004,Zwolle,2026-09-11T20:16:02+02:00,2026-09-11,vrijdag,20:16,301
zl004,Zwolle,2026-09-11T20:31:03+02:00,2026-09-11,vrijdag,20:31,301
zl004,Zwolle,2026-09-11T20:46:02+02:00,2026-09-11,vrijdag,20:46,305
zl004,Zwolle,2026-09-11T21:01:02+02:00,2026-09-11,vrijdag,21:01,305
zl004,Zwolle,2026-09-11T21:16:03+02:00,2026-09-11,vrijdag,21:16,308
zl004,Zwolle,2026-09-11T21:31:03+02:00,2026-09-11,vrijdag,21:31,303
zl004,Zwolle,2026-09-11T21:46:02+02:00,2026-09-11,vrijdag,21:46,306
zl004,Zwolle,2026-09-11T22:01:02+02:00,2026-09-11,vrijdag,22:01,309
zl004,Zwolle,2026-09-11T22:16:03+02:00,2026-09-11,vrijdag,22:16,321
zl004,Zwolle,2026-09-11T22:31:02+02:00,2026-09-11,vrijdag,22:31,322
zl004,Zwolle,2026-09-11T22:46:02+02:00,2026-09-11,vrijdag,22:46,332
zl004,Zwolle,2026-09-11T23:01:01+02:00,2026-09-11,vrijdag,23:01,333
zl004,Zwolle,2026-09-11T23:16:03+02:00,2026-09-11,vrijdag,23:16,340
zl004,Zwolle,2026-09-11T23:31:03+02:00,2026-09-11,vrijdag,23:31,341
zl004,Zwolle,2026-09-11T23:46:02+02:00,2026-09-11,vrijdag,23:46,349
zl004,Zwolle,2026-09-12T00:01:03+02:00,2026-09-12,zaterdag,00:01,352
zl004,Zwolle,2026-09-12T00:16:03+02:00,2026-09-12,zaterdag,00:16,352
zl004,Zwolle,2026-09-12T00:31:03+02:00,2026-09-12,zaterdag,00:31,351
zl004,Zwolle,2026-09-12T00:46:03+02:00,2026-09-12,zaterdag,00:46,352
zl004,Zwolle,2026-09-12T01:01:03+02:00,2026-09-12,zaterdag,01:01,349
zl004,Zwolle,2026-09-12T01:16:02+02:00,2026-09-12,zaterdag,01:16,353
zl004,Zwolle,2026-09-12T01:31:03+02:00,2026-09-12,zaterdag,01:31,350
zl004,Zwolle,2026-09-12T01:46:03+02:00,2026-09-12,zaterdag,01:46,350
zl004,Zwolle,2026-09-12T02:01:02+02:00,2026-09-12,zaterdag,02:01,350
zl004,Zwolle,2026-09-12T02:16:02+02:00,2026-09-12,zaterdag,02:16,350
zl004,Zwolle,2026-09-12T02:31:02+02:00,2026-09-12,zaterdag,02:31,350
zl004,Zwolle,2026-09-12T02:46:02+02:00,2026-09-12,zaterdag,02:46,350
zl004,Zwolle,2026-09-12T03:01:02+02:00,2026-09-12,zaterdag,03:01,350
zl004,Zwolle,2026-09-12T03:31:03+02:00,2026-09-12,zaterdag,03:31,350
zl004,Zwolle,2026-09-12T03:46:02+02:00,2026-09-12,zaterdag,03:46,350
zl004,Zwolle,2026-09-12T04:01:01+02:00,2026-09-12,zaterdag,04:01,350
zl004,Zwolle,2026-09-12T04:16:02+02:00,2026-09-12,zaterdag,04:16,350
zl004,Zwolle,2026-09-12T04:31:02+02:00,2026-09-12,zaterdag,04:31,350
zl004,Zwolle,2026-09-12T04:46:02+02:00,2026-09-12,zaterdag,04:46,350
zl004,Zwolle,2026-09-12T05:01:03+02:00,2026-09-12,zaterdag,05:01,350
zl004,Zwolle,2026-09-12T05:16:02+02:00,2026-09-12,zaterdag,05:16,350
zl004,Zwolle,2026-09-12T05:31:03+02:00,2026-09-12,zaterdag,05:31,350
zl004,Zwolle,2026-09-12T05:46:02+02:00,2026-09-12,zaterdag,05:46,350
zl004,Zwolle,2026-09-12T06:01:02+02:00,2026-09-12,zaterdag,06:01,350
zl004,Zwolle,2026-09-12T06:16:02+02:00,2026-09-12,zaterdag,06:16,350
zl004,Zwolle,2026-09-12T06:31:03+02:00,2026-09-12,zaterdag,06:31,350
zl004,Zwolle,2026-09-12T07:01:02+02:00,2026-09-12,zaterdag,07:01,350
zl004,Zwolle,2026-09-12T07:16:02+02:00,2026-09-12,zaterdag,07:16,351
zl004,Zwolle,2026-09-12T07:31:02+02:00,2026-09-12,zaterdag,07:31,351
zl004,Zwolle,2026-09-12T07:46:02+02:00,2026-09-12,zaterdag,07:46,347
zl004,Zwolle,2026-09-12T08:01:02+02:00,2026-09-12,zaterdag,08:01,343
zl004,Zwolle,2026-09-12T08:16:02+02:00,2026-09-12,zaterdag,08:16,342
zl004,Zwolle,2026-09-12T08:31:02+02:00,2026-09-12,zaterdag,08:31,340
zl004,Zwolle,2026-09-12T10:01:03+02:00,2026-09-12,zaterdag,10:01,322
zl004,Zwolle,2026-09-12T10:31:03+02:00,2026-09-12,zaterdag,10:31,320
zl004,Zwolle,2026-09-12T10:46:02+02:00,2026-09-12,zaterdag,10:46,322
zl004,Zwolle,2026-09-12T11:01:03+02:00,2026-09-12,zaterdag,11:01,319
zl004,Zwolle,2026-09-12T11:16:02+02:00,2026-09-12,zaterdag,11:16,320
zl004,Zwolle,2026-09-12T11:31:02+02:00,2026-09-12,zaterdag,11:31,299
zl004,Zwolle,2026-09-12T11:46:02+02:00,2026-09-12,zaterdag,11:46,297
zl004,Zwolle,2026-09-12T12:01:03+02:00,2026-09-12,zaterdag,12:01,283
zl004,Zwolle,2026-09-12T12:16:02+02:00,2026-09-12,zaterdag,12:16,286
zl004,Zwolle,2026-09-12T13:16:02+02:00,2026-09-12,zaterdag,13:16,265
zl004,Zwolle,2026-09-12T13:31:03+02:00,2026-09-12,zaterdag,13:31,259
zl004,Zwolle,2026-09-12T13:46:02+02:00,2026-09-12,zaterdag,13:46,257
zl004,Zwolle,2026-09-12T14:01:04+02:00,2026-09-12,zaterdag,14:01,255
zl004,Zwolle,2026-09-12T14:16:03+02:00,2026-09-12,zaterdag,14:16,257
zl004,Zwolle,2026-09-12T14:31:03+02:00,2026-09-12,zaterdag,14:31,253
zl004,Zwolle,2026-09-12T14:46:02+02:00,2026-09-12,zaterdag,14:46,250
zl004,Zwolle,2026-09-12T15:31:03+02:00,2026-09-12,zaterdag,15:31,242
zl004,Zwolle,2026-09-12T15:46:02+02:00,2026-09-12,zaterdag,15:46,238
zl004,Zwolle,2026-09-12T16:01:02+02:00,2026-09-12,zaterdag,16:01,233
zl004,Zwolle,2026-09-12T16:16:03+02:00,2026-09-12,zaterdag,16:16,236
zl004,Zwolle,2026-09-12T16:31:03+02:00,2026-09-12,zaterdag,16:31,234
zl004,Zwolle,2026-09-12T16:46:03+02:00,2026-09-12,zaterdag,16:46,233
zl004,Zwolle,2026-09-12T17:01:03+02:00,2026-09-12,zaterdag,17:01,235
zl004,Zwolle,2026-09-12T17:16:02+02:00,2026-09-12,zaterdag,17:16,242
zl004,Zwolle,2026-09-12T17:31:02+02:00,2026-09-12,zaterdag,17:31,238
zl004,Zwolle,2026-09-12T18:01:02+02:00,2026-09-12,zaterdag,18:01,236
zl004,Zwolle,2026-09-12T18:16:03+02:00,2026-09-12,zaterdag,18:16,236
zl004,Zwolle,2026-09-12T18:31:02+02:00,2026-09-12,zaterdag,18:31,236
zl004,Zwolle,2026-09-12T18:46:03+02:00,2026-09-12,zaterdag,18:46,237
zl004,Zwolle,2026-09-12T19:01:03+02:00,2026-09-12,zaterdag,19:01,230
zl004,Zwolle,2026-09-12T19:31:03+02:00,2026-09-12,zaterdag,19:31,234
zl004,Zwolle,2026-09-12T19:46:02+02:00,2026-09-12,zaterdag,19:46,237
zl004,Zwolle,2026-09-12T20:01:02+02:00,2026-09-12,zaterdag,20:01,237
zl004,Zwolle,2026-09-12T20:16:02+02:00,2026-09-12,zaterdag,20:16,242
zl004,Zwolle,2026-09-12T20:31:02+02:00,2026-09-12,zaterdag,20:31,235
zl004,Zwolle,2026-09-12T20:46:03+02:00,2026-09-12,zaterdag,20:46,242
zl004,Zwolle,2026-09-12T21:01:02+02:00,2026-09-12,zaterdag,21:01,242
zl004,Zwolle,2026-09-12T21:16:03+02:00,2026-09-12,zaterdag,21:16,248
zl004,Zwolle,2026-09-12T21:31:03+02:00,2026-09-12,zaterdag,21:31,248
zl004,Zwolle,2026-09-12T22:01:02+02:00,2026-09-12,zaterdag,22:01,266
zl004,Zwolle,2026-09-12T22:16:02+02:00,2026-09-12,zaterdag,22:16,279
zl004,Zwolle,2026-09-12T22:31:03+02:00,2026-09-12,zaterdag,22:31,276
zl004,Zwolle,2026-09-12T22:46:02+02:00,2026-09-12,zaterdag,22:46,284
zl004,Zwolle,2026-09-12T23:01:01+02:00,2026-09-12,zaterdag,23:01,288
zl004,Zwolle,2026-09-12T23:16:02+02:00,2026-09-12,zaterdag,23:16,293
zl004,Zwolle,2026-09-12T23:46:02+02:00,2026-09-12,zaterdag,23:46,307
zl004,Zwolle,2026-09-13T00:01:02+02:00,2026-09-13,zondag,00:01,314
zl004,Zwolle,2026-09-13T00:16:03+02:00,2026-09-13,zondag,00:16,320
zl004,Zwolle,2026-09-13T00:31:02+02:00,2026-09-13,zondag,00:31,324
zl004,Zwolle,2026-09-13T00:46:02+02:00,2026-09-13,zondag,00:46,329
zl004,Zwolle,2026-09-13T01:01:02+02:00,2026-09-13,zondag,01:01,330
zl004,Zwolle,2026-09-13T01:16:03+02:00,2026-09-13,zondag,01:16,329
zl004,Zwolle,2026-09-13T01:31:02+02:00,2026-09-13,zondag,01:31,330
zl004,Zwolle,2026-09-13T01:46:02+02:00,2026-09-13,zondag,01:46,330
zl004,Zwolle,2026-09-13T02:01:02+02:00,2026-09-13,zondag,02:01,332
zl004,Zwolle,2026-09-13T02:16:02+02:00,2026-09-13,zondag,02:16,332
zl004,Zwolle,2026-09-13T02:31:02+02:00,2026-09-13,zondag,02:31,332
zl004,Zwolle,2026-09-13T02:46:03+02:00,2026-09-13,zondag,02:46,332
zl004,Zwolle,2026-09-13T03:01:03+02:00,2026-09-13,zondag,03:01,332
zl004,Zwolle,2026-09-13T03:16:02+02:00,2026-09-13,zondag,03:16,332
zl004,Zwolle,2026-09-13T03:31:02+02:00,2026-09-13,zondag,03:31,332
zl004,Zwolle,2026-09-13T03:46:02+02:00,2026-09-13,zondag,03:46,332
zl004,Zwolle,2026-09-13T04:01:02+02:00,2026-09-13,zondag,04:01,332
zl004,Zwolle,2026-09-13T04:16:02+02:00,2026-09-13,zondag,04:16,332
zl004,Zwolle,2026-09-13T04:31:03+02:00,2026-09-13,zondag,04:31,332
zl004,Zwolle,2026-09-13T04:46:03+02:00,2026-09-13,zondag,04:46,332
zl004,Zwolle,2026-09-13T05:01:02+02:00,2026-09-13,zondag,05:01,332
zl004,Zwolle,2026-09-13T05:16:02+02:00,2026-09-13,zondag,05:16,332
zl004,Zwolle,2026-09-13T05:31:02+02:00,2026-09-13,zondag,05:31,332
zl004,Zwolle,2026-09-13T05:46:02+02:00,2026-09-13,zondag,05:46,332
zl004,Zwolle,2026-09-13T06:01:02+02:00,2026-09-13,zondag,06:01,332
zl004,Zwolle,2026-09-13T06:16:02+02:00,2026-09-13,zondag,06:16,332
zl004,Zwolle,2026-09-13T06:31:02+02:00,2026-09-13,zondag,06:31,332
zl004,Zwolle,2026-09-13T06:46:04+02:00,2026-09-13,zondag,06:46,332
zl004,Zwolle,2026-09-13T07:01:02+02:00,2026-09-13,zondag,07:01,332
zl004,Zwolle,2026-09-13T07:16:02+02:00,2026-09-13,zondag,07:16,332
zl004,Zwolle,2026-09-13T07:31:02+02:00,2026-09-13,zondag,07:31,332
zl004,Zwolle,2026-09-13T08:01:02+02:00,2026-09-13,zondag,08:01,332
zl004,Zwolle,2026-09-13T08:16:03+02:00,2026-09-13,zondag,08:16,332
zl004,Zwolle,2026-09-13T08:31:02+02:00,2026-09-13,zondag,08:31,332
zl004,Zwolle,2026-09-13T08:46:02+02:00,2026-09-13,zondag,08:46,332
zl004,Zwolle,2026-09-13T09:01:03+02:00,2026-09-13,zondag,09:01,333
zl004,Zwolle,2026-09-13T10:01:03+02:00,2026-09-13,zondag,10:01,336
zl004,Zwolle,2026-09-13T10:16:02+02:00,2026-09-13,zondag,10:16,335
zl004,Zwolle,2026-09-13T10:31:03+02:00,2026-09-13,zondag,10:31,330
zl004,Zwolle,2026-09-13T10:46:02+02:00,2026-09-13,zondag,10:46,332
zl004,Zwolle,2026-09-13T11:16:02+02:00,2026-09-13,zondag,11:16,327
zl004,Zwolle,2026-09-13T11:31:02+02:00,2026-09-13,zondag,11:31,324
zl004,Zwolle,2026-09-13T11:46:02+02:00,2026-09-13,zondag,11:46,327
zl004,Zwolle,2026-09-13T12:01:03+02:00,2026-09-13,zondag,12:01,322
zl004,Zwolle,2026-09-13T12:16:02+02:00,2026-09-13,zondag,12:16,322
zl004,Zwolle,2026-09-13T12:31:02+02:00,2026-09-13,zondag,12:31,316
zl004,Zwolle,2026-09-13T12:46:03+02:00,2026-09-13,zondag,12:46,315
zl004,Zwolle,2026-09-13T13:16:02+02:00,2026-09-13,zondag,13:16,310
zl004,Zwolle,2026-09-13T13:31:02+02:00,2026-09-13,zondag,13:31,304
zl004,Zwolle,2026-09-13T13:46:02+02:00,2026-09-13,zondag,13:46,306
zl004,Zwolle,2026-09-13T14:01:02+02:00,2026-09-13,zondag,14:01,300
zl004,Zwolle,2026-09-13T14:16:02+02:00,2026-09-13,zondag,14:16,303
zl004,Zwolle,2026-09-13T14:31:02+02:00,2026-09-13,zondag,14:31,293
zl004,Zwolle,2026-09-13T14:46:02+02:00,2026-09-13,zondag,14:46,294
zl004,Zwolle,2026-09-13T15:01:03+02:00,2026-09-13,zondag,15:01,284
zl004,Zwolle,2026-09-13T15:16:02+02:00,2026-09-13,zondag,15:16,268
zl004,Zwolle,2026-09-13T15:31:03+02:00,2026-09-13,zondag,15:31,241
zl004,Zwolle,2026-09-13T15:46:03+02:00,2026-09-13,zondag,15:46,239
zl004,Zwolle,2026-09-13T16:01:02+02:00,2026-09-13,zondag,16:01,226
zl004,Zwolle,2026-09-13T16:16:02+02:00,2026-09-13,zondag,16:16,224
zl004,Zwolle,2026-09-13T16:31:02+02:00,2026-09-13,zondag,16:31,223
zl004,Zwolle,2026-09-13T16:46:02+02:00,2026-09-13,zondag,16:46,224
zl004,Zwolle,2026-09-13T17:01:02+02:00,2026-09-13,zondag,17:01,229
zl004,Zwolle,2026-09-13T17:16:03+02:00,2026-09-13,zondag,17:16,235
zl004,Zwolle,2026-09-13T17:31:03+02:00,2026-09-13,zondag,17:31,234
zl004,Zwolle,2026-09-13T17:46:03+02:00,2026-09-13,zondag,17:46,237
zl004,Zwolle,2026-09-13T18:01:03+02:00,2026-09-13,zondag,18:01,239
zl004,Zwolle,2026-09-13T18:16:03+02:00,2026-09-13,zondag,18:16,245
zl004,Zwolle,2026-09-13T18:31:03+02:00,2026-09-13,zondag,18:31,247
zl004,Zwolle,2026-09-13T18:46:02+02:00,2026-09-13,zondag,18:46,251
zl004,Zwolle,2026-09-13T19:01:03+02:00,2026-09-13,zondag,19:01,259
zl004,Zwolle,2026-09-13T19:16:02+02:00,2026-09-13,zondag,19:16,274
zl004,Zwolle,2026-09-13T19:31:03+02:00,2026-09-13,zondag,19:31,279
zl004,Zwolle,2026-09-13T19:46:02+02:00,2026-09-13,zondag,19:46,301
zl004,Zwolle,2026-09-13T20:01:02+02:00,2026-09-13,zondag,20:01,305
zl004,Zwolle,2026-09-13T20:16:03+02:00,2026-09-13,zondag,20:16,313
zl004,Zwolle,2026-09-13T20:31:03+02:00,2026-09-13,zondag,20:31,322
zl004,Zwolle,2026-09-13T21:01:02+02:00,2026-09-13,zondag,21:01,332
zl004,Zwolle,2026-09-13T21:16:02+02:00,2026-09-13,zondag,21:16,335
zl004,Zwolle,2026-09-13T21:31:02+02:00,2026-09-13,zondag,21:31,337
zl004,Zwolle,2026-09-13T21:46:03+02:00,2026-09-13,zondag,21:46,343
zl004,Zwolle,2026-09-13T22:01:03+02:00,2026-09-13,zondag,22:01,353
zl004,Zwolle,2026-09-13T22:31:02+02:00,2026-09-13,zondag,22:31,354
zl004,Zwolle,2026-09-13T22:46:02+02:00,2026-09-13,zondag,22:46,358
zl004,Zwolle,2026-09-13T23:01:01+02:00,2026-09-13,zondag,23:01,358
zl004,Zwolle,2026-09-13T23:16:02+02:00,2026-09-13,zondag,23:16,361
zl004,Zwolle,2026-09-13T23:31:02+02:00,2026-09-13,zondag,23:31,362
zl004,Zwolle,2026-09-13T23:46:02+02:00,2026-09-13,zondag,23:46,361
zl004,Zwolle,2026-09-14T00:01:02+02:00,2026-09-14,maandag,00:01,361
zl004,Zwolle,2026-09-14T00:16:02+02:00,2026-09-14,maandag,00:16,361
zl004,Zwolle,2026-09-14T00:31:02+02:00,2026-09-14,maandag,00:31,360
zl004,Zwolle,2026-09-14T00:46:03+02:00,2026-09-14,maandag,00:46,360
zl004,Zwolle,2026-09-14T01:01:02+02:00,2026-09-14,maandag,01:01,359
zl004,Zwolle,2026-09-14T01:16:02+02:00,2026-09-14,maandag,01:16,359
zl004,Zwolle,2026-09-14T01:31:01+02:00,2026-09-14,maandag,01:31,359
zl004,Zwolle,2026-09-14T01:46:02+02:00,2026-09-14,maandag,01:46,359
zl004,Zwolle,2026-09-14T02:01:02+02:00,2026-09-14,maandag,02:01,359
zl004,Zwolle,2026-09-14T02:16:03+02:00,2026-09-14,maandag,02:16,359
zl004,Zwolle,2026-09-14T02:31:02+02:00,2026-09-14,maandag,02:31,359
zl004,Zwolle,2026-09-14T02:46:02+02:00,2026-09-14,maandag,02:46,359
zl004,Zwolle,2026-09-14T03:01:02+02:00,2026-09-14,maandag,03:01,359
zl004,Zwolle,2026-09-14T03:16:03+02:00,2026-09-14,maandag,03:16,359
zl004,Zwolle,2026-09-14T03:31:02+02:00,2026-09-14,maandag,03:31,359
zl004,Zwolle,2026-09-14T03:46:03+02:00,2026-09-14,maandag,03:46,359
zl004,Zwolle,2026-09-14T04:01:03+02:00,2026-09-14,maandag,04:01,359
zl004,Zwolle,2026-09-14T04:16:02+02:00,2026-09-14,maandag,04:16,359
zl004,Zwolle,2026-09-14T04:31:03+02:00,2026-09-14,maandag,04:31,359
zl004,Zwolle,2026-09-14T04:46:03+02:00,2026-09-14,maandag,04:46,359
zl004,Zwolle,2026-09-14T05:01:02+02:00,2026-09-14,maandag,05:01,359
zl004,Zwolle,2026-09-14T05:16:02+02:00,2026-09-14,maandag,05:16,359
zl004,Zwolle,2026-09-14T05:31:03+02:00,2026-09-14,maandag,05:31,359
zl004,Zwolle,2026-09-14T05:46:02+02:00,2026-09-14,maandag,05:46,359
zl004,Zwolle,2026-09-14T06:01:02+02:00,2026-09-14,maandag,06:01,360
zl004,Zwolle,2026-09-14T06:16:03+02:00,2026-09-14,maandag,06:16,362
zl004,Zwolle,2026-09-14T06:31:03+02:00,2026-09-14,maandag,06:31,362
zl004,Zwolle,2026-09-14T06:46:03+02:00,2026-09-14,maandag,06:46,360
zl004,Zwolle,2026-09-14T07:01:03+02:00,2026-09-14,maandag,07:01,361
zl004,Zwolle,2026-09-14T07:16:04+02:00,2026-09-14,maandag,07:16,358
zl004,Zwolle,2026-09-14T07:31:03+02:00,2026-09-14,maandag,07:31,342
zl004,Zwolle,2026-09-14T07:46:03+02:00,2026-09-14,maandag,07:46,332
zl004,Zwolle,2026-09-14T08:01:03+02:00,2026-09-14,maandag,08:01,292
zl004,Zwolle,2026-09-14T08:16:03+02:00,2026-09-14,maandag,08:16,264
zl004,Zwolle,2026-09-14T08:31:02+02:00,2026-09-14,maandag,08:31,215
zl004,Zwolle,2026-09-14T08:46:03+02:00,2026-09-14,maandag,08:46,196
zl004,Zwolle,2026-09-14T09:16:02+02:00,2026-09-14,maandag,09:16,92
zl004,Zwolle,2026-09-14T09:31:03+02:00,2026-09-14,maandag,09:31,79
zl004,Zwolle,2026-09-14T09:46:03+02:00,2026-09-14,maandag,09:46,76
zl004,Zwolle,2026-09-14T10:01:03+02:00,2026-09-14,maandag,10:01,68
zl004,Zwolle,2026-09-14T10:46:02+02:00,2026-09-14,maandag,10:46,61
zl004,Zwolle,2026-09-14T11:01:03+02:00,2026-09-14,maandag,11:01,57
zl004,Zwolle,2026-09-14T11:16:04+02:00,2026-09-14,maandag,11:16,59
zl004,Zwolle,2026-09-14T11:46:02+02:00,2026-09-14,maandag,11:46,59
zl004,Zwolle,2026-09-14T12:01:04+02:00,2026-09-14,maandag,12:01,57
zl004,Zwolle,2026-09-14T12:31:03+02:00,2026-09-14,maandag,12:31,54
zl004,Zwolle,2026-09-14T12:46:03+02:00,2026-09-14,maandag,12:46,55
zl004,Zwolle,2026-09-14T13:01:03+02:00,2026-09-14,maandag,13:01,54
zl004,Zwolle,2026-09-14T13:16:04+02:00,2026-09-14,maandag,13:16,58
zl004,Zwolle,2026-09-14T13:31:03+02:00,2026-09-14,maandag,13:31,60
zl004,Zwolle,2026-09-14T13:46:02+02:00,2026-09-14,maandag,13:46,67
zl004,Zwolle,2026-09-14T14:16:02+02:00,2026-09-14,maandag,14:16,75
zl004,Zwolle,2026-09-14T14:31:02+02:00,2026-09-14,maandag,14:31,80
zl004,Zwolle,2026-09-14T14:46:02+02:00,2026-09-14,maandag,14:46,89
zl004,Zwolle,2026-09-14T15:01:02+02:00,2026-09-14,maandag,15:01,91
zl004,Zwolle,2026-09-14T15:16:02+02:00,2026-09-14,maandag,15:16,104
zl004,Zwolle,2026-09-14T15:31:02+02:00,2026-09-14,maandag,15:31,107
zl004,Zwolle,2026-09-14T16:01:02+02:00,2026-09-14,maandag,16:01,134
zl004,Zwolle,2026-09-14T16:16:03+02:00,2026-09-14,maandag,16:16,156
zl004,Zwolle,2026-09-14T16:31:04+02:00,2026-09-14,maandag,16:31,176
zl004,Zwolle,2026-09-14T16:46:04+02:00,2026-09-14,maandag,16:46,219
zl004,Zwolle,2026-09-14T17:01:02+02:00,2026-09-14,maandag,17:01,238
zl004,Zwolle,2026-09-14T17:16:04+02:00,2026-09-14,maandag,17:16,292
zl004,Zwolle,2026-09-14T18:16:03+02:00,2026-09-14,maandag,18:16,314
zl004,Zwolle,2026-09-14T18:31:03+02:00,2026-09-14,maandag,18:31,311
zl004,Zwolle,2026-09-14T18:46:03+02:00,2026-09-14,maandag,18:46,311
zl004,Zwolle,2026-09-14T19:01:03+02:00,2026-09-14,maandag,19:01,307
zl004,Zwolle,2026-09-14T19:16:02+02:00,2026-09-14,maandag,19:16,317
zl004,Zwolle,2026-09-14T19:31:03+02:00,2026-09-14,maandag,19:31,316
zl004,Zwolle,2026-09-14T19:46:02+02:00,2026-09-14,maandag,19:46,319
zl004,Zwolle,2026-09-14T20:01:04+02:00,2026-09-14,maandag,20:01,321
zl004,Zwolle,2026-09-14T20:31:03+02:00,2026-09-14,maandag,20:31,327
zl004,Zwolle,2026-09-14T20:46:03+02:00,2026-09-14,maandag,20:46,329
zl004,Zwolle,2026-09-14T21:01:03+02:00,2026-09-14,maandag,21:01,330
zl004,Zwolle,2026-09-14T21:16:03+02:00,2026-09-14,maandag,21:16,334
zl004,Zwolle,2026-09-14T21:31:02+02:00,2026-09-14,maandag,21:31,336
zl004,Zwolle,2026-09-14T21:46:03+02:00,2026-09-14,maandag,21:46,349
zl004,Zwolle,2026-09-14T22:01:02+02:00,2026-09-14,maandag,22:01,352
zl004,Zwolle,2026-09-14T22:16:02+02:00,2026-09-14,maandag,22:16,353
zl004,Zwolle,2026-09-14T22:31:02+02:00,2026-09-14,maandag,22:31,357
zl004,Zwolle,2026-09-14T22:46:02+02:00,2026-09-14,maandag,22:46,358
zl004,Zwolle,2026-09-14T23:01:02+02:00,2026-09-14,maandag,23:01,357
zl004,Zwolle,2026-09-14T23:16:02+02:00,2026-09-14,maandag,23:16,358
zl004,Zwolle,2026-09-14T23:31:02+02:00,2026-09-14,maandag,23:31,358
zl004,Zwolle,2026-09-14T23:46:02+02:00,2026-09-14,maandag,23:46,359
zl004,Zwolle,2026-09-15T00:01:02+02:00,2026-09-15,dinsdag,00:01,359
zl004,Zwolle,2026-09-15T00:16:03+02:00,2026-09-15,dinsdag,00:16,359
zl004,Zwolle,2026-09-15T00:31:03+02:00,2026-09-15,dinsdag,00:31,359
zl004,Zwolle,2026-09-15T00:46:03+02:00,2026-09-15,dinsdag,00:46,358
zl004,Zwolle,2026-09-15T01:01:02+02:00,2026-09-15,dinsdag,01:01,357
zl004,Zwolle,2026-09-15T01:16:03+02:00,2026-09-15,dinsdag,01:16,357
zl004,Zwolle,2026-09-15T01:31:02+02:00,2026-09-15,dinsdag,01:31,356
zl004,Zwolle,2026-09-15T01:46:02+02:00,2026-09-15,dinsdag,01:46,356
zl004,Zwolle,2026-09-15T02:01:03+02:00,2026-09-15,dinsdag,02:01,356
zl004,Zwolle,2026-09-15T02:16:02+02:00,2026-09-15,dinsdag,02:16,356
zl004,Zwolle,2026-09-15T02:31:02+02:00,2026-09-15,dinsdag,02:31,356
zl004,Zwolle,2026-09-15T02:46:02+02:00,2026-09-15,dinsdag,02:46,356
zl004,Zwolle,2026-09-15T03:01:03+02:00,2026-09-15,dinsdag,03:01,356
zl004,Zwolle,2026-09-15T03:16:02+02:00,2026-09-15,dinsdag,03:16,356
zl004,Zwolle,2026-09-15T03:31:03+02:00,2026-09-15,dinsdag,03:31,356
zl004,Zwolle,2026-09-15T03:46:01+02:00,2026-09-15,dinsdag,03:46,356
zl004,Zwolle,2026-09-15T04:01:03+02:00,2026-09-15,dinsdag,04:01,356
zl004,Zwolle,2026-09-15T04:16:02+02:00,2026-09-15,dinsdag,04:16,356
zl004,Zwolle,2026-09-15T04:31:02+02:00,2026-09-15,dinsdag,04:31,356
zl004,Zwolle,2026-09-15T04:46:02+02:00,2026-09-15,dinsdag,04:46,356
zl004,Zwolle,2026-09-15T05:01:03+02:00,2026-09-15,dinsdag,05:01,356
zl004,Zwolle,2026-09-15T05:16:03+02:00,2026-09-15,dinsdag,05:16,356
zl004,Zwolle,2026-09-15T05:31:02+02:00,2026-09-15,dinsdag,05:31,356
zl004,Zwolle,2026-09-15T05:46:03+02:00,2026-09-15,dinsdag,05:46,356
zl004,Zwolle,2026-09-15T06:01:02+02:00,2026-09-15,dinsdag,06:01,357
zl004,Zwolle,2026-09-15T06:16:02+02:00,2026-09-15,dinsdag,06:16,358
zl004,Zwolle,2026-09-15T07:31:02+02:00,2026-09-15,dinsdag,07:31,299
zl004,Zwolle,2026-09-15T14:16:03+02:00,2026-09-15,dinsdag,14:16,162
zl004,Zwolle,2026-09-15T16:46:02+02:00,2026-09-15,dinsdag,16:46,299
zl004,Zwolle,2026-09-16T00:31:02+02:00,2026-09-16,woensdag,00:31,358
zl004,Zwolle,2026-09-16T00:46:03+02:00,2026-09-16,woensdag,00:46,358
zl004,Zwolle,2026-09-16T01:01:02+02:00,2026-09-16,woensdag,01:01,358
zl004,Zwolle,2026-09-16T01:16:02+02:00,2026-09-16,woensdag,01:16,358
zl004,Zwolle,2026-09-16T01:31:02+02:00,2026-09-16,woensdag,01:31,358
zl004,Zwolle,2026-09-16T01:46:02+02:00,2026-09-16,woensdag,01:46,358
zl004,Zwolle,2026-09-16T02:01:03+02:00,2026-09-16,woensdag,02:01,358
zl004,Zwolle,2026-09-16T02:16:01+02:00,2026-09-16,woensdag,02:16,358
zl004,Zwolle,2026-09-16T02:31:03+02:00,2026-09-16,woensdag,02:31,358
zl004,Zwolle,2026-09-16T02:46:02+02:00,2026-09-16,woensdag,02:46,358
zl004,Zwolle,2026-09-16T03:01:02+02:00,2026-09-16,woensdag,03:01,358
zl004,Zwolle,2026-09-16T03:16:02+02:00,2026-09-16,woensdag,03:16,358
zl004,Zwolle,2026-09-16T03:31:03+02:00,2026-09-16,woensdag,03:31,358
zl004,Zwolle,2026-09-16T03:46:03+02:00,2026-09-16,woensdag,03:46,358
zl004,Zwolle,2026-09-16T04:01:03+02:00,2026-09-16,woensdag,04:01,358
zl004,Zwolle,2026-09-16T04:16:03+02:00,2026-09-16,woensdag,04:16,358
zl004,Zwolle,2026-09-16T04:31:03+02:00,2026-09-16,woensdag,04:31,358
zl004,Zwolle,2026-09-16T04:46:03+02:00,2026-09-16,woensdag,04:46,358
zl004,Zwolle,2026-09-16T05:01:02+02:00,2026-09-16,woensdag,05:01,358
zl004,Zwolle,2026-09-16T05:16:03+02:00,2026-09-16,woensdag,05:16,358
zl004,Zwolle,2026-09-16T05:31:03+02:00,2026-09-16,woensdag,05:31,358
zl004,Zwolle,2026-09-16T05:46:03+02:00,2026-09-16,woensdag,05:46,358
zl004,Zwolle,2026-09-16T06:01:02+02:00,2026-09-16,woensdag,06:01,358
zl004,Zwolle,2026-09-16T06:16:02+02:00,2026-09-16,woensdag,06:16,359
zl004,Zwolle,2026-09-16T06:31:03+02:00,2026-09-16,woensdag,06:31,358
zl004,Zwolle,2026-09-16T06:46:02+02:00,2026-09-16,woensdag,06:46,360
zl004,Zwolle,2026-09-16T07:01:02+02:00,2026-09-16,woensdag,07:01,359
zl004,Zwolle,2026-09-16T07:16:03+02:00,2026-09-16,woensdag,07:16,355
zl004,Zwolle,2026-09-16T07:31:02+02:00,2026-09-16,woensdag,07:31,339
zl004,Zwolle,2026-09-16T07:46:02+02:00,2026-09-16,woensdag,07:46,333
zl004,Zwolle,2026-09-16T08:01:03+02:00,2026-09-16,woensdag,08:01,305
zl004,Zwolle,2026-09-16T08:16:03+02:00,2026-09-16,woensdag,08:16,287
zl004,Zwolle,2026-09-16T08:31:03+02:00,2026-09-16,woensdag,08:31,252
zl004,Zwolle,2026-09-16T08:46:02+02:00,2026-09-16,woensdag,08:46,228
zl004,Zwolle,2026-09-16T09:01:04+02:00,2026-09-16,woensdag,09:01,188
zl004,Zwolle,2026-09-16T09:16:04+02:00,2026-09-16,woensdag,09:16,181
zl004,Zwolle,2026-09-16T09:31:04+02:00,2026-09-16,woensdag,09:31,167
zl004,Zwolle,2026-09-16T09:46:02+02:00,2026-09-16,woensdag,09:46,164
zl004,Zwolle,2026-09-16T10:01:03+02:00,2026-09-16,woensdag,10:01,155
zl004,Zwolle,2026-09-16T10:16:02+02:00,2026-09-16,woensdag,10:16,151
zl004,Zwolle,2026-09-16T10:31:03+02:00,2026-09-16,woensdag,10:31,143
zl004,Zwolle,2026-09-16T10:46:02+02:00,2026-09-16,woensdag,10:46,144
zl004,Zwolle,2026-09-16T11:01:02+02:00,2026-09-16,woensdag,11:01,133
zl004,Zwolle,2026-09-16T11:16:03+02:00,2026-09-16,woensdag,11:16,130
zl004,Zwolle,2026-09-16T11:31:05+02:00,2026-09-16,woensdag,11:31,130
zl004,Zwolle,2026-09-16T11:46:03+02:00,2026-09-16,woensdag,11:46,126
zl004,Zwolle,2026-09-16T12:01:03+02:00,2026-09-16,woensdag,12:01,125
zl004,Zwolle,2026-09-16T12:16:02+02:00,2026-09-16,woensdag,12:16,123
zl004,Zwolle,2026-09-16T12:31:04+02:00,2026-09-16,woensdag,12:31,119
zl004,Zwolle,2026-09-16T13:16:02+02:00,2026-09-16,woensdag,13:16,122
zl004,Zwolle,2026-09-16T13:31:02+02:00,2026-09-16,woensdag,13:31,115
zl004,Zwolle,2026-09-16T13:46:03+02:00,2026-09-16,woensdag,13:46,125
zl004,Zwolle,2026-09-16T14:31:03+02:00,2026-09-16,woensdag,14:31,124
zl004,Zwolle,2026-09-16T14:46:02+02:00,2026-09-16,woensdag,14:46,130
zl004,Zwolle,2026-09-16T15:01:04+02:00,2026-09-16,woensdag,15:01,129
zl004,Zwolle,2026-09-16T15:16:02+02:00,2026-09-16,woensdag,15:16,147
zl004,Zwolle,2026-09-16T15:31:03+02:00,2026-09-16,woensdag,15:31,152
zl004,Zwolle,2026-09-16T16:01:02+02:00,2026-09-16,woensdag,16:01,178
zl004,Zwolle,2026-09-16T16:16:02+02:00,2026-09-16,woensdag,16:16,199
zl004,Zwolle,2026-09-16T16:31:04+02:00,2026-09-16,woensdag,16:31,213
zl004,Zwolle,2026-09-16T17:01:03+02:00,2026-09-16,woensdag,17:01,253
zl004,Zwolle,2026-09-16T17:16:03+02:00,2026-09-16,woensdag,17:16,282
zl004,Zwolle,2026-09-16T17:31:03+02:00,2026-09-16,woensdag,17:31,293
zl004,Zwolle,2026-09-16T17:46:03+02:00,2026-09-16,woensdag,17:46,305
zl004,Zwolle,2026-09-16T18:01:03+02:00,2026-09-16,woensdag,18:01,305
zl004,Zwolle,2026-09-16T18:16:04+02:00,2026-09-16,woensdag,18:16,310
zl004,Zwolle,2026-09-16T18:31:03+02:00,2026-09-16,woensdag,18:31,307
zl004,Zwolle,2026-09-16T18:46:02+02:00,2026-09-16,woensdag,18:46,310
zl004,Zwolle,2026-09-16T19:01:02+02:00,2026-09-16,woensdag,19:01,311
zl004,Zwolle,2026-09-16T19:16:03+02:00,2026-09-16,woensdag,19:16,317
zl004,Zwolle,2026-09-16T19:31:03+02:00,2026-09-16,woensdag,19:31,312
zl004,Zwolle,2026-09-16T20:01:02+02:00,2026-09-16,woensdag,20:01,311
zl004,Zwolle,2026-09-16T20:16:02+02:00,2026-09-16,woensdag,20:16,312
zl004,Zwolle,2026-09-16T20:31:03+02:00,2026-09-16,woensdag,20:31,318
zl004,Zwolle,2026-09-16T20:46:03+02:00,2026-09-16,woensdag,20:46,322
zl004,Zwolle,2026-09-16T21:01:03+02:00,2026-09-16,woensdag,21:01,322
zl004,Zwolle,2026-09-16T21:16:04+02:00,2026-09-16,woensdag,21:16,325
zl004,Zwolle,2026-09-16T21:31:04+02:00,2026-09-16,woensdag,21:31,329
zl004,Zwolle,2026-09-16T21:46:03+02:00,2026-09-16,woensdag,21:46,337
zl004,Zwolle,2026-09-16T22:01:03+02:00,2026-09-16,woensdag,22:01,336
zl004,Zwolle,2026-09-16T22:16:03+02:00,2026-09-16,woensdag,22:16,342
zl004,Zwolle,2026-09-16T22:31:04+02:00,2026-09-16,woensdag,22:31,347
zl004,Zwolle,2026-09-16T22:46:02+02:00,2026-09-16,woensdag,22:46,351
zl004,Zwolle,2026-09-16T23:01:03+02:00,2026-09-16,woensdag,23:01,352
zl004,Zwolle,2026-09-16T23:16:02+02:00,2026-09-16,woensdag,23:16,354
zl004,Zwolle,2026-09-16T23:31:03+02:00,2026-09-16,woensdag,23:31,358
zl004,Zwolle,2026-09-16T23:46:03+02:00,2026-09-16,woensdag,23:46,358
zl004,Zwolle,2026-09-17T00:01:02+02:00,2026-09-17,donderdag,00:01,358
zl004,Zwolle,2026-09-17T00:16:02+02:00,2026-09-17,donderdag,00:16,357
zl004,Zwolle,2026-09-17T00:31:04+02:00,2026-09-17,donderdag,00:31,356
zl004,Zwolle,2026-09-17T00:46:03+02:00,2026-09-17,donderdag,00:46,355
zl004,Zwolle,2026-09-17T01:01:02+02:00,2026-09-17,donderdag,01:01,355
zl004,Zwolle,2026-09-17T01:46:02+02:00,2026-09-17,donderdag,01:46,354
zl004,Zwolle,2026-09-17T02:01:02+02:00,2026-09-17,donderdag,02:01,354
zl004,Zwolle,2026-09-17T02:16:02+02:00,2026-09-17,donderdag,02:16,354
zl004,Zwolle,2026-09-17T02:31:02+02:00,2026-09-17,donderdag,02:31,354
zl004,Zwolle,2026-09-17T02:46:01+02:00,2026-09-17,donderdag,02:46,354
zl004,Zwolle,2026-09-17T03:01:03+02:00,2026-09-17,donderdag,03:01,354
zl004,Zwolle,2026-09-17T03:16:02+02:00,2026-09-17,donderdag,03:16,354
zl004,Zwolle,2026-09-17T03:31:02+02:00,2026-09-17,donderdag,03:31,354
zl004,Zwolle,2026-09-17T03:46:03+02:00,2026-09-17,donderdag,03:46,354
zl004,Zwolle,2026-09-17T04:01:03+02:00,2026-09-17,donderdag,04:01,354
zl004,Zwolle,2026-09-17T04:16:02+02:00,2026-09-17,donderdag,04:16,354
zl004,Zwolle,2026-09-17T04:31:03+02:00,2026-09-17,donderdag,04:31,354
zl004,Zwolle,2026-09-17T04:46:03+02:00,2026-09-17,donderdag,04:46,354
zl004,Zwolle,2026-09-17T05:01:02+02:00,2026-09-17,donderdag,05:01,354
zl004,Zwolle,2026-09-17T05:16:03+02:00,2026-09-17,donderdag,05:16,354
zl004,Zwolle,2026-09-17T05:31:03+02:00,2026-09-17,donderdag,05:31,354
zl004,Zwolle,2026-09-17T05:46:02+02:00,2026-09-17,donderdag,05:46,354
zl004,Zwolle,2026-09-17T06:01:03+02:00,2026-09-17,donderdag,06:01,355
zl004,Zwolle,2026-09-17T06:16:03+02:00,2026-09-17,donderdag,06:16,357
zl004,Zwolle,2026-09-17T06:31:02+02:00,2026-09-17,donderdag,06:31,357
zl004,Zwolle,2026-09-17T06:46:03+02:00,2026-09-17,donderdag,06:46,354
zl004,Zwolle,2026-09-17T07:16:03+02:00,2026-09-17,donderdag,07:16,349
zl004,Zwolle,2026-09-17T07:31:04+02:00,2026-09-17,donderdag,07:31,331
zl004,Zwolle,2026-09-17T07:46:03+02:00,2026-09-17,donderdag,07:46,316
zl004,Zwolle,2026-09-17T08:01:03+02:00,2026-09-17,donderdag,08:01,281
zl004,Zwolle,2026-09-17T08:16:02+02:00,2026-09-17,donderdag,08:16,260
zl004,Zwolle,2026-09-17T08:31:02+02:00,2026-09-17,donderdag,08:31,175
zl004,Zwolle,2026-09-17T08:46:03+02:00,2026-09-17,donderdag,08:46,163
zl004,Zwolle,2026-09-17T09:16:03+02:00,2026-09-17,donderdag,09:16,50
zl004,Zwolle,2026-09-17T09:31:03+02:00,2026-09-17,donderdag,09:31,21
zl004,Zwolle,2026-09-17T10:01:02+02:00,2026-09-17,donderdag,10:01,0
zl004,Zwolle,2026-09-17T10:16:03+02:00,2026-09-17,donderdag,10:16,0
zl004,Zwolle,2026-09-17T10:31:03+02:00,2026-09-17,donderdag,10:31,1
zl004,Zwolle,2026-09-17T10:46:02+02:00,2026-09-17,donderdag,10:46,5
zl004,Zwolle,2026-09-17T11:01:05+02:00,2026-09-17,donderdag,11:01,1
zl004,Zwolle,2026-09-17T11:16:04+02:00,2026-09-17,donderdag,11:16,2
zl004,Zwolle,2026-09-17T11:31:03+02:00,2026-09-17,donderdag,11:31,1
zl004,Zwolle,2026-09-17T11:46:02+02:00,2026-09-17,donderdag,11:46,5
zl004,Zwolle,2026-09-17T12:01:02+02:00,2026-09-17,donderdag,12:01,4
zl004,Zwolle,2026-09-17T12:16:02+02:00,2026-09-17,donderdag,12:16,6
zl004,Zwolle,2026-09-17T12:31:02+02:00,2026-09-17,donderdag,12:31,0
zl004,Zwolle,2026-09-17T12:46:03+02:00,2026-09-17,donderdag,12:46,1
zl004,Zwolle,2026-09-17T13:01:03+02:00,2026-09-17,donderdag,13:01,3
zl004,Zwolle,2026-09-17T13:16:02+02:00,2026-09-17,donderdag,13:16,8
zl004,Zwolle,2026-09-17T13:31:02+02:00,2026-09-17,donderdag,13:31,8
zl004,Zwolle,2026-09-17T13:46:03+02:00,2026-09-17,donderdag,13:46,13
zl004,Zwolle,2026-09-17T14:01:04+02:00,2026-09-17,donderdag,14:01,7
zl004,Zwolle,2026-09-17T14:16:03+02:00,2026-09-17,donderdag,14:16,12
zl004,Zwolle,2026-09-17T14:46:03+02:00,2026-09-17,donderdag,14:46,19
zl004,Zwolle,2026-09-17T15:01:04+02:00,2026-09-17,donderdag,15:01,15
zl004,Zwolle,2026-09-17T15:16:02+02:00,2026-09-17,donderdag,15:16,38
zl004,Zwolle,2026-09-17T15:31:02+02:00,2026-09-17,donderdag,15:31,51
zl004,Zwolle,2026-09-17T15:46:03+02:00,2026-09-17,donderdag,15:46,64
zl004,Zwolle,2026-09-17T16:01:02+02:00,2026-09-17,donderdag,16:01,75
zl004,Zwolle,2026-09-17T16:16:02+02:00,2026-09-17,donderdag,16:16,106
zl004,Zwolle,2026-09-17T16:31:02+02:00,2026-09-17,donderdag,16:31,119
zl004,Zwolle,2026-09-17T17:16:03+02:00,2026-09-17,donderdag,17:16,228
zl004,Zwolle,2026-09-17T17:31:02+02:00,2026-09-17,donderdag,17:31,245
zl004,Zwolle,2026-09-17T17:46:02+02:00,2026-09-17,donderdag,17:46,263
zl004,Zwolle,2026-09-17T18:01:02+02:00,2026-09-17,donderdag,18:01,267
zl004,Zwolle,2026-09-17T18:16:01+02:00,2026-09-17,donderdag,18:16,282
zl004,Zwolle,2026-09-17T18:31:02+02:00,2026-09-17,donderdag,18:31,282
zl004,Zwolle,2026-09-17T19:01:02+02:00,2026-09-17,donderdag,19:01,283
zl004,Zwolle,2026-09-17T19:16:02+02:00,2026-09-17,donderdag,19:16,293
zl004,Zwolle,2026-09-17T19:31:02+02:00,2026-09-17,donderdag,19:31,297
zl004,Zwolle,2026-09-17T19:46:02+02:00,2026-09-17,donderdag,19:46,305
zl004,Zwolle,2026-09-17T20:01:02+02:00,2026-09-17,donderdag,20:01,301
zl004,Zwolle,2026-09-17T20:16:02+02:00,2026-09-17,donderdag,20:16,311
zl004,Zwolle,2026-09-17T20:31:03+02:00,2026-09-17,donderdag,20:31,313
zl004,Zwolle,2026-09-17T20:46:02+02:00,2026-09-17,donderdag,20:46,321
zl004,Zwolle,2026-09-17T21:01:03+02:00,2026-09-17,donderdag,21:01,322
zl004,Zwolle,2026-09-17T21:16:02+02:00,2026-09-17,donderdag,21:16,324
zl004,Zwolle,2026-09-17T21:31:02+02:00,2026-09-17,donderdag,21:31,333
zl004,Zwolle,2026-09-17T21:46:02+02:00,2026-09-17,donderdag,21:46,335
zl004,Zwolle,2026-09-17T22:01:02+02:00,2026-09-17,donderdag,22:01,337
zl004,Zwolle,2026-09-17T22:16:02+02:00,2026-09-17,donderdag,22:16,342
zl004,Zwolle,2026-09-17T22:31:02+02:00,2026-09-17,donderdag,22:31,345
zl004,Zwolle,2026-09-17T22:46:03+02:00,2026-09-17,donderdag,22:46,349
zl004,Zwolle,2026-09-17T23:01:02+02:00,2026-09-17,donderdag,23:01,349
zl004,Zwolle,2026-09-17T23:16:03+02:00,2026-09-17,donderdag,23:16,360
zl004,Zwolle,2026-09-17T23:31:03+02:00,2026-09-17,donderdag,23:31,363
zl004,Zwolle,2026-09-17T23:46:02+02:00,2026-09-17,donderdag,23:46,363
zl004,Zwolle,2026-09-18T00:01:03+02:00,2026-09-18,vrijdag,00:01,363
zl004,Zwolle,2026-09-18T00:16:03+02:00,2026-09-18,vrijdag,00:16,363
zl004,Zwolle,2026-09-18T00:31:03+02:00,2026-09-18,vrijdag,00:31,363
zl004,Zwolle,2026-09-18T00:46:04+02:00,2026-09-18,vrijdag,00:46,363
zl004,Zwolle,2026-09-18T01:01:02+02:00,2026-09-18,vrijdag,01:01,363
zl004,Zwolle,2026-09-18T01:16:04+02:00,2026-09-18,vrijdag,01:16,363
zl004,Zwolle,2026-09-18T01:46:01+02:00,2026-09-18,vrijdag,01:46,363
zl004,Zwolle,2026-09-18T02:01:03+02:00,2026-09-18,vrijdag,02:01,363
zl004,Zwolle,2026-09-18T02:16:03+02:00,2026-09-18,vrijdag,02:16,363
zl004,Zwolle,2026-09-18T02:31:02+02:00,2026-09-18,vrijdag,02:31,363
zl004,Zwolle,2026-09-18T02:46:02+02:00,2026-09-18,vrijdag,02:46,363
zl004,Zwolle,2026-09-18T03:01:02+02:00,2026-09-18,vrijdag,03:01,363
zl004,Zwolle,2026-09-18T03:16:03+02:00,2026-09-18,vrijdag,03:16,363
zl004,Zwolle,2026-09-18T03:31:03+02:00,2026-09-18,vrijdag,03:31,363
zl004,Zwolle,2026-09-18T03:46:03+02:00,2026-09-18,vrijdag,03:46,363
zl004,Zwolle,2026-09-18T04:01:02+02:00,2026-09-18,vrijdag,04:01,363
zl004,Zwolle,2026-09-18T04:16:03+02:00,2026-09-18,vrijdag,04:16,363
zl004,Zwolle,2026-09-18T04:31:03+02:00,2026-09-18,vrijdag,04:31,363
zl004,Zwolle,2026-09-18T04:46:03+02:00,2026-09-18,vrijdag,04:46,363
zl004,Zwolle,2026-09-18T05:01:02+02:00,2026-09-18,vrijdag,05:01,363
zl004,Zwolle,2026-09-18T05:16:03+02:00,2026-09-18,vrijdag,05:16,363
zl004,Zwolle,2026-09-18T05:31:03+02:00,2026-09-18,vrijdag,05:31,364
zl004,Zwolle,2026-09-18T05:46:03+02:00,2026-09-18,vrijdag,05:46,365
zl004,Zwolle,2026-09-18T06:01:03+02:00,2026-09-18,vrijdag,06:01,367
zl004,Zwolle,2026-09-18T06:16:03+02:00,2026-09-18,vrijdag,06:16,368
zl004,Zwolle,2026-09-18T06:31:03+02:00,2026-09-18,vrijdag,06:31,367
zl004,Zwolle,2026-09-18T06:46:03+02:00,2026-09-18,vrijdag,06:46,365
zl004,Zwolle,2026-09-18T07:01:02+02:00,2026-09-18,vrijdag,07:01,363
zl004,Zwolle,2026-09-18T07:16:03+02:00,2026-09-18,vrijdag,07:16,364
zl004,Zwolle,2026-09-18T07:31:02+02:00,2026-09-18,vrijdag,07:31,360
zl004,Zwolle,2026-09-18T07:46:02+02:00,2026-09-18,vrijdag,07:46,358
zl004,Zwolle,2026-09-18T08:01:03+02:00,2026-09-18,vrijdag,08:01,341
zl004,Zwolle,2026-09-18T08:16:04+02:00,2026-09-18,vrijdag,08:16,333
zl004,Zwolle,2026-09-18T08:31:03+02:00,2026-09-18,vrijdag,08:31,315
zl004,Zwolle,2026-09-18T08:46:03+02:00,2026-09-18,vrijdag,08:46,304
zl004,Zwolle,2026-09-18T09:01:05+02:00,2026-09-18,vrijdag,09:01,293
zl004,Zwolle,2026-09-18T09:16:03+02:00,2026-09-18,vrijdag,09:16,288
zl004,Zwolle,2026-09-18T09:31:02+02:00,2026-09-18,vrijdag,09:31,281
zl004,Zwolle,2026-09-18T09:46:05+02:00,2026-09-18,vrijdag,09:46,280
zl004,Zwolle,2026-09-18T10:01:03+02:00,2026-09-18,vrijdag,10:01,274
zl004,Zwolle,2026-09-18T10:16:05+02:00,2026-09-18,vrijdag,10:16,274
zl004,Zwolle,2026-09-18T10:31:05+02:00,2026-09-18,vrijdag,10:31,268
zl004,Zwolle,2026-09-18T11:16:03+02:00,2026-09-18,vrijdag,11:16,263
zl004,Zwolle,2026-09-18T11:31:06+02:00,2026-09-18,vrijdag,11:31,261
zl004,Zwolle,2026-09-18T12:01:05+02:00,2026-09-18,vrijdag,12:01,252
zl004,Zwolle,2026-09-18T12:16:06+02:00,2026-09-18,vrijdag,12:16,252
zl004,Zwolle,2026-09-18T12:31:06+02:00,2026-09-18,vrijdag,12:31,249
zl004,Zwolle,2026-09-18T12:46:03+02:00,2026-09-18,vrijdag,12:46,246
zl004,Zwolle,2026-09-18T13:01:03+02:00,2026-09-18,vrijdag,13:01,239
zl004,Zwolle,2026-09-18T13:31:04+02:00,2026-09-18,vrijdag,13:31,233
zl004,Zwolle,2026-09-18T15:46:03+02:00,2026-09-18,vrijdag,15:46,252
zl004,Zwolle,2026-09-18T16:01:03+02:00,2026-09-18,vrijdag,16:01,257
zl004,Zwolle,2026-09-18T17:31:02+02:00,2026-09-18,vrijdag,17:31,288
zl004,Zwolle,2026-09-18T18:16:02+02:00,2026-09-18,vrijdag,18:16,297
zl004,Zwolle,2026-09-18T19:46:02+02:00,2026-09-18,vrijdag,19:46,298
zl004,Zwolle,2026-09-18T20:46:02+02:00,2026-09-18,vrijdag,20:46,298
zl004,Zwolle,2026-09-19T03:31:02+02:00,2026-09-19,zaterdag,03:31,348
zl004,Zwolle,2026-09-19T03:46:02+02:00,2026-09-19,zaterdag,03:46,348
zl004,Zwolle,2026-09-19T04:01:02+02:00,2026-09-19,zaterdag,04:01,348
zl004,Zwolle,2026-09-19T04:16:01+02:00,2026-09-19,zaterdag,04:16,348
zl004,Zwolle,2026-09-19T04:31:03+02:00,2026-09-19,zaterdag,04:31,348
zl004,Zwolle,2026-09-19T04:46:03+02:00,2026-09-19,zaterdag,04:46,348
zl004,Zwolle,2026-09-19T05:01:03+02:00,2026-09-19,zaterdag,05:01,348
zl004,Zwolle,2026-09-19T05:16:02+02:00,2026-09-19,zaterdag,05:16,348
zl004,Zwolle,2026-09-19T05:31:03+02:00,2026-09-19,zaterdag,05:31,348
zl004,Zwolle,2026-09-19T05:46:02+02:00,2026-09-19,zaterdag,05:46,348
zl004,Zwolle,2026-09-19T06:01:02+02:00,2026-09-19,zaterdag,06:01,348
zl004,Zwolle,2026-09-19T06:16:02+02:00,2026-09-19,zaterdag,06:16,348
zl004,Zwolle,2026-09-19T06:31:02+02:00,2026-09-19,zaterdag,06:31,348
zl004,Zwolle,2026-09-19T06:46:03+02:00,2026-09-19,zaterdag,06:46,351
zl004,Zwolle,2026-09-19T07:01:02+02:00,2026-09-19,zaterdag,07:01,351
zl004,Zwolle,2026-09-19T07:16:03+02:00,2026-09-19,zaterdag,07:16,352
zl004,Zwolle,2026-09-19T07:46:03+02:00,2026-09-19,zaterdag,07:46,351
zl004,Zwolle,2026-09-19T08:01:03+02:00,2026-09-19,zaterdag,08:01,349
zl004,Zwolle,2026-09-19T08:16:03+02:00,2026-09-19,zaterdag,08:16,348
zl004,Zwolle,2026-09-19T08:31:03+02:00,2026-09-19,zaterdag,08:31,348
zl004,Zwolle,2026-09-19T09:16:03+02:00,2026-09-19,zaterdag,09:16,338
zl004,Zwolle,2026-09-19T09:31:02+02:00,2026-09-19,zaterdag,09:31,333
zl004,Zwolle,2026-09-19T09:46:03+02:00,2026-09-19,zaterdag,09:46,331
zl004,Zwolle,2026-09-19T10:01:03+02:00,2026-09-19,zaterdag,10:01,314
zl004,Zwolle,2026-09-19T10:16:03+02:00,2026-09-19,zaterdag,10:16,317
zl004,Zwolle,2026-09-19T10:31:03+02:00,2026-09-19,zaterdag,10:31,316
zl004,Zwolle,2026-09-19T10:46:02+02:00,2026-09-19,zaterdag,10:46,313
zl004,Zwolle,2026-09-19T11:01:03+02:00,2026-09-19,zaterdag,11:01,305
zl004,Zwolle,2026-09-19T11:16:03+02:00,2026-09-19,zaterdag,11:16,303
zl004,Zwolle,2026-09-19T11:31:03+02:00,2026-09-19,zaterdag,11:31,294
zl004,Zwolle,2026-09-19T12:01:02+02:00,2026-09-19,zaterdag,12:01,286
zl004,Zwolle,2026-09-19T12:16:02+02:00,2026-09-19,zaterdag,12:16,287
zl004,Zwolle,2026-09-19T12:31:04+02:00,2026-09-19,zaterdag,12:31,284
zl004,Zwolle,2026-09-19T12:46:03+02:00,2026-09-19,zaterdag,12:46,284
zl004,Zwolle,2026-09-19T13:31:03+02:00,2026-09-19,zaterdag,13:31,268
zl004,Zwolle,2026-09-19T14:01:03+02:00,2026-09-19,zaterdag,14:01,261
zl004,Zwolle,2026-09-19T14:16:02+02:00,2026-09-19,zaterdag,14:16,261
zl004,Zwolle,2026-09-19T15:01:02+02:00,2026-09-19,zaterdag,15:01,254
zl004,Zwolle,2026-09-19T15:31:02+02:00,2026-09-19,zaterdag,15:31,252
zl004,Zwolle,2026-09-19T15:46:03+02:00,2026-09-19,zaterdag,15:46,257
zl004,Zwolle,2026-09-19T16:01:03+02:00,2026-09-19,zaterdag,16:01,252
zl004,Zwolle,2026-09-19T16:16:03+02:00,2026-09-19,zaterdag,16:16,251
zl004,Zwolle,2026-09-19T16:31:04+02:00,2026-09-19,zaterdag,16:31,246
zl004,Zwolle,2026-09-19T16:46:02+02:00,2026-09-19,zaterdag,16:46,236
zl004,Zwolle,2026-09-19T17:01:03+02:00,2026-09-19,zaterdag,17:01,232
zl004,Zwolle,2026-09-19T17:16:03+02:00,2026-09-19,zaterdag,17:16,243
zl004,Zwolle,2026-09-19T17:46:02+02:00,2026-09-19,zaterdag,17:46,246
zl004,Zwolle,2026-09-19T18:01:02+02:00,2026-09-19,zaterdag,18:01,240
zl004,Zwolle,2026-09-19T18:16:03+02:00,2026-09-19,zaterdag,18:16,242
zl004,Zwolle,2026-09-19T18:46:03+02:00,2026-09-19,zaterdag,18:46,243
zl004,Zwolle,2026-09-19T19:01:03+02:00,2026-09-19,zaterdag,19:01,245
zl004,Zwolle,2026-09-19T19:16:03+02:00,2026-09-19,zaterdag,19:16,249
zl004,Zwolle,2026-09-19T19:31:02+02:00,2026-09-19,zaterdag,19:31,247
zl004,Zwolle,2026-09-19T19:46:02+02:00,2026-09-19,zaterdag,19:46,247
zl004,Zwolle,2026-09-19T20:01:02+02:00,2026-09-19,zaterdag,20:01,247
zl004,Zwolle,2026-09-19T20:16:02+02:00,2026-09-19,zaterdag,20:16,247
zl004,Zwolle,2026-09-19T20:31:02+02:00,2026-09-19,zaterdag,20:31,248
zl004,Zwolle,2026-09-19T20:46:02+02:00,2026-09-19,zaterdag,20:46,255
zl004,Zwolle,2026-09-19T21:01:01+02:00,2026-09-19,zaterdag,21:01,257
zl004,Zwolle,2026-09-19T21:16:02+02:00,2026-09-19,zaterdag,21:16,263
zl004,Zwolle,2026-09-19T21:31:02+02:00,2026-09-19,zaterdag,21:31,265
zl004,Zwolle,2026-09-19T21:46:02+02:00,2026-09-19,zaterdag,21:46,269
zl004,Zwolle,2026-09-19T22:01:02+02:00,2026-09-19,zaterdag,22:01,270
zl004,Zwolle,2026-09-19T22:46:02+02:00,2026-09-19,zaterdag,22:46,288
zl004,Zwolle,2026-09-19T23:01:03+02:00,2026-09-19,zaterdag,23:01,289
zl004,Zwolle,2026-09-19T23:16:03+02:00,2026-09-19,zaterdag,23:16,294
zl004,Zwolle,2026-09-19T23:31:02+02:00,2026-09-19,zaterdag,23:31,305
zl004,Zwolle,2026-09-19T23:46:03+02:00,2026-09-19,zaterdag,23:46,311
zl004,Zwolle,2026-09-20T00:01:02+02:00,2026-09-20,zondag,00:01,314
zl004,Zwolle,2026-09-20T00:16:02+02:00,2026-09-20,zondag,00:16,317
zl004,Zwolle,2026-09-20T00:31:02+02:00,2026-09-20,zondag,00:31,316
zl004,Zwolle,2026-09-20T00:46:02+02:00,2026-09-20,zondag,00:46,321
zl004,Zwolle,2026-09-20T01:01:03+02:00,2026-09-20,zondag,01:01,321
zl004,Zwolle,2026-09-20T01:16:02+02:00,2026-09-20,zondag,01:16,320
zl004,Zwolle,2026-09-20T01:31:03+02:00,2026-09-20,zondag,01:31,319
zl004,Zwolle,2026-09-20T01:46:02+02:00,2026-09-20,zondag,01:46,319
zl004,Zwolle,2026-09-20T02:01:02+02:00,2026-09-20,zondag,02:01,318
zl004,Zwolle,2026-09-20T02:16:03+02:00,2026-09-20,zondag,02:16,319
zl004,Zwolle,2026-09-20T02:31:02+02:00,2026-09-20,zondag,02:31,319
zl004,Zwolle,2026-09-20T02:46:03+02:00,2026-09-20,zondag,02:46,319
zl004,Zwolle,2026-09-20T03:01:03+02:00,2026-09-20,zondag,03:01,319
zl004,Zwolle,2026-09-20T03:16:03+02:00,2026-09-20,zondag,03:16,319
zl004,Zwolle,2026-09-20T03:31:02+02:00,2026-09-20,zondag,03:31,319
zl004,Zwolle,2026-09-20T03:46:02+02:00,2026-09-20,zondag,03:46,319
zl004,Zwolle,2026-09-20T04:01:02+02:00,2026-09-20,zondag,04:01,319
zl004,Zwolle,2026-09-20T04:16:03+02:00,2026-09-20,zondag,04:16,319
zl004,Zwolle,2026-09-20T04:31:02+02:00,2026-09-20,zondag,04:31,319
zl004,Zwolle,2026-09-20T04:46:02+02:00,2026-09-20,zondag,04:46,319
zl004,Zwolle,2026-09-20T05:01:03+02:00,2026-09-20,zondag,05:01,319
zl004,Zwolle,2026-09-20T05:16:02+02:00,2026-09-20,zondag,05:16,319
zl004,Zwolle,2026-09-20T05:31:03+02:00,2026-09-20,zondag,05:31,319
zl004,Zwolle,2026-09-20T05:46:03+02:00,2026-09-20,zondag,05:46,319
zl004,Zwolle,2026-09-20T06:01:02+02:00,2026-09-20,zondag,06:01,319
zl004,Zwolle,2026-09-20T06:16:02+02:00,2026-09-20,zondag,06:16,319
zl004,Zwolle,2026-09-20T06:31:02+02:00,2026-09-20,zondag,06:31,319
zl004,Zwolle,2026-09-20T06:46:03+02:00,2026-09-20,zondag,06:46,319
zl004,Zwolle,2026-09-20T07:01:04+02:00,2026-09-20,zondag,07:01,320
zl004,Zwolle,2026-09-20T07:16:03+02:00,2026-09-20,zondag,07:16,321
zl004,Zwolle,2026-09-20T07:31:04+02:00,2026-09-20,zondag,07:31,321
zl004,Zwolle,2026-09-20T07:46:03+02:00,2026-09-20,zondag,07:46,322
zl004,Zwolle,2026-09-20T08:01:03+02:00,2026-09-20,zondag,08:01,323
zl004,Zwolle,2026-09-20T08:16:03+02:00,2026-09-20,zondag,08:16,323
zl004,Zwolle,2026-09-20T08:31:03+02:00,2026-09-20,zondag,08:31,321
zl004,Zwolle,2026-09-20T08:46:02+02:00,2026-09-20,zondag,08:46,320
zl004,Zwolle,2026-09-20T09:01:02+02:00,2026-09-20,zondag,09:01,321
zl004,Zwolle,2026-09-20T09:16:03+02:00,2026-09-20,zondag,09:16,322
zl004,Zwolle,2026-09-20T09:31:02+02:00,2026-09-20,zondag,09:31,320
zl004,Zwolle,2026-09-20T09:46:03+02:00,2026-09-20,zondag,09:46,324
zl004,Zwolle,2026-09-20T10:01:02+02:00,2026-09-20,zondag,10:01,318
zl004,Zwolle,2026-09-20T10:16:02+02:00,2026-09-20,zondag,10:16,318
zl004,Zwolle,2026-09-20T10:31:02+02:00,2026-09-20,zondag,10:31,317
zl004,Zwolle,2026-09-20T10:46:03+02:00,2026-09-20,zondag,10:46,316
zl004,Zwolle,2026-09-20T11:16:04+02:00,2026-09-20,zondag,11:16,312
zl004,Zwolle,2026-09-20T11:31:03+02:00,2026-09-20,zondag,11:31,306
zl004,Zwolle,2026-09-20T12:01:03+02:00,2026-09-20,zondag,12:01,305
zl004,Zwolle,2026-09-20T12:16:03+02:00,2026-09-20,zondag,12:16,309
zl004,Zwolle,2026-09-20T12:31:04+02:00,2026-09-20,zondag,12:31,302
zl004,Zwolle,2026-09-20T12:46:03+02:00,2026-09-20,zondag,12:46,304
zl004,Zwolle,2026-09-20T13:16:02+02:00,2026-09-20,zondag,13:16,305
zl004,Zwolle,2026-09-20T13:31:02+02:00,2026-09-20,zondag,13:31,304
zl004,Zwolle,2026-09-20T13:46:03+02:00,2026-09-20,zondag,13:46,303
zl004,Zwolle,2026-09-20T14:01:03+02:00,2026-09-20,zondag,14:01,299
zl004,Zwolle,2026-09-20T14:16:03+02:00,2026-09-20,zondag,14:16,301
zl004,Zwolle,2026-09-20T14:31:02+02:00,2026-09-20,zondag,14:31,298
zl004,Zwolle,2026-09-20T14:46:03+02:00,2026-09-20,zondag,14:46,299
zl004,Zwolle,2026-09-20T15:01:03+02:00,2026-09-20,zondag,15:01,298
zl004,Zwolle,2026-09-20T15:31:03+02:00,2026-09-20,zondag,15:31,299
zl004,Zwolle,2026-09-20T15:46:03+02:00,2026-09-20,zondag,15:46,300
zl004,Zwolle,2026-09-20T16:01:03+02:00,2026-09-20,zondag,16:01,304
zl004,Zwolle,2026-09-20T16:16:03+02:00,2026-09-20,zondag,16:16,306
zl004,Zwolle,2026-09-20T16:31:03+02:00,2026-09-20,zondag,16:31,308
zl004,Zwolle,2026-09-20T16:46:03+02:00,2026-09-20,zondag,16:46,316
zl004,Zwolle,2026-09-20T17:01:04+02:00,2026-09-20,zondag,17:01,319
zl004,Zwolle,2026-09-20T17:16:02+02:00,2026-09-20,zondag,17:16,319
zl004,Zwolle,2026-09-20T17:31:02+02:00,2026-09-20,zondag,17:31,324
zl004,Zwolle,2026-09-20T17:46:02+02:00,2026-09-20,zondag,17:46,328
zl004,Zwolle,2026-09-20T18:01:03+02:00,2026-09-20,zondag,18:01,329
zl004,Zwolle,2026-09-20T18:16:05+02:00,2026-09-20,zondag,18:16,334
zl004,Zwolle,2026-09-20T18:31:03+02:00,2026-09-20,zondag,18:31,333
zl004,Zwolle,2026-09-20T18:46:02+02:00,2026-09-20,zondag,18:46,334
zl004,Zwolle,2026-09-20T19:01:03+02:00,2026-09-20,zondag,19:01,340
zl004,Zwolle,2026-09-20T19:16:03+02:00,2026-09-20,zondag,19:16,343
zl004,Zwolle,2026-09-20T19:31:05+02:00,2026-09-20,zondag,19:31,344
zl004,Zwolle,2026-09-20T19:46:04+02:00,2026-09-20,zondag,19:46,351
zl004,Zwolle,2026-09-20T20:01:03+02:00,2026-09-20,zondag,20:01,354
zl004,Zwolle,2026-09-20T20:16:02+02:00,2026-09-20,zondag,20:16,356
zl004,Zwolle,2026-09-20T20:31:02+02:00,2026-09-20,zondag,20:31,356
zl004,Zwolle,2026-09-20T20:46:02+02:00,2026-09-20,zondag,20:46,364
zl004,Zwolle,2026-09-20T21:01:02+02:00,2026-09-20,zondag,21:01,365
zl004,Zwolle,2026-09-20T21:16:02+02:00,2026-09-20,zondag,21:16,372
zl004,Zwolle,2026-09-20T21:46:03+02:00,2026-09-20,zondag,21:46,374
zl004,Zwolle,2026-09-20T22:01:02+02:00,2026-09-20,zondag,22:01,373
zl004,Zwolle,2026-09-20T22:16:05+02:00,2026-09-20,zondag,22:16,373
zl004,Zwolle,2026-09-20T22:31:03+02:00,2026-09-20,zondag,22:31,372
zl004,Zwolle,2026-09-20T22:46:03+02:00,2026-09-20,zondag,22:46,373
zl004,Zwolle,2026-09-20T23:01:02+02:00,2026-09-20,zondag,23:01,376
zl004,Zwolle,2026-09-20T23:31:04+02:00,2026-09-20,zondag,23:31,374
zl004,Zwolle,2026-09-20T23:46:02+02:00,2026-09-20,zondag,23:46,374
zl004,Zwolle,2026-09-21T00:01:02+02:00,2026-09-21,maandag,00:01,374
zl004,Zwolle,2026-09-21T00:16:03+02:00,2026-09-21,maandag,00:16,374
zl004,Zwolle,2026-09-21T00:31:03+02:00,2026-09-21,maandag,00:31,374
zl004,Zwolle,2026-09-21T01:01:03+02:00,2026-09-21,maandag,01:01,372
zl004,Zwolle,2026-09-21T01:16:03+02:00,2026-09-21,maandag,01:16,372
zl004,Zwolle,2026-09-21T01:31:02+02:00,2026-09-21,maandag,01:31,372
zl004,Zwolle,2026-09-21T01:46:02+02:00,2026-09-21,maandag,01:46,372
zl004,Zwolle,2026-09-21T02:01:03+02:00,2026-09-21,maandag,02:01,372
zl004,Zwolle,2026-09-21T02:16:02+02:00,2026-09-21,maandag,02:16,372
zl004,Zwolle,2026-09-21T02:31:03+02:00,2026-09-21,maandag,02:31,372
zl004,Zwolle,2026-09-21T02:46:03+02:00,2026-09-21,maandag,02:46,372
zl004,Zwolle,2026-09-21T03:01:03+02:00,2026-09-21,maandag,03:01,372
zl004,Zwolle,2026-09-21T03:16:02+02:00,2026-09-21,maandag,03:16,372
zl004,Zwolle,2026-09-21T03:31:03+02:00,2026-09-21,maandag,03:31,372
zl004,Zwolle,2026-09-21T04:01:02+02:00,2026-09-21,maandag,04:01,372
zl004,Zwolle,2026-09-21T04:16:02+02:00,2026-09-21,maandag,04:16,372
zl004,Zwolle,2026-09-21T04:31:03+02:00,2026-09-21,maandag,04:31,372
zl004,Zwolle,2026-09-21T04:46:03+02:00,2026-09-21,maandag,04:46,372
zl004,Zwolle,2026-09-21T05:01:03+02:00,2026-09-21,maandag,05:01,372
zl004,Zwolle,2026-09-21T05:16:04+02:00,2026-09-21,maandag,05:16,372
zl004,Zwolle,2026-09-21T05:31:03+02:00,2026-09-21,maandag,05:31,372
zl004,Zwolle,2026-09-21T05:46:03+02:00,2026-09-21,maandag,05:46,372
zl004,Zwolle,2026-09-21T06:01:03+02:00,2026-09-21,maandag,06:01,374
zl004,Zwolle,2026-09-21T06:16:03+02:00,2026-09-21,maandag,06:16,375
zl004,Zwolle,2026-09-21T06:31:02+02:00,2026-09-21,maandag,06:31,373
zl004,Zwolle,2026-09-21T06:46:02+02:00,2026-09-21,maandag,06:46,371
zl004,Zwolle,2026-09-21T07:01:03+02:00,2026-09-21,maandag,07:01,373
zl004,Zwolle,2026-09-21T07:16:03+02:00,2026-09-21,maandag,07:16,362
zl004,Zwolle,2026-09-21T07:31:03+02:00,2026-09-21,maandag,07:31,346
zl004,Zwolle,2026-09-21T07:46:03+02:00,2026-09-21,maandag,07:46,324
zl004,Zwolle,2026-09-21T08:01:02+02:00,2026-09-21,maandag,08:01,289
zl004,Zwolle,2026-09-21T08:16:02+02:00,2026-09-21,maandag,08:16,268
zl004,Zwolle,2026-09-21T08:31:03+02:00,2026-09-21,maandag,08:31,197
zl004,Zwolle,2026-09-21T08:46:02+02:00,2026-09-21,maandag,08:46,175
zl004,Zwolle,2026-09-21T09:01:03+02:00,2026-09-21,maandag,09:01,121
zl004,Zwolle,2026-09-21T09:16:03+02:00,2026-09-21,maandag,09:16,114
zl004,Zwolle,2026-09-21T09:31:03+02:00,2026-09-21,maandag,09:31,79
zl004,Zwolle,2026-09-21T09:46:02+02:00,2026-09-21,maandag,09:46,70
zl004,Zwolle,2026-09-21T10:01:03+02:00,2026-09-21,maandag,10:01,59
zl004,Zwolle,2026-09-21T10:31:04+02:00,2026-09-21,maandag,10:31,47
zl004,Zwolle,2026-09-21T10:46:05+02:00,2026-09-21,maandag,10:46,42
zl004,Zwolle,2026-09-21T11:01:04+02:00,2026-09-21,maandag,11:01,33
zl004,Zwolle,2026-09-21T11:16:03+02:00,2026-09-21,maandag,11:16,33
zl004,Zwolle,2026-09-21T11:46:02+02:00,2026-09-21,maandag,11:46,33
zl004,Zwolle,2026-09-21T12:01:04+02:00,2026-09-21,maandag,12:01,30
zl004,Zwolle,2026-09-21T12:16:04+02:00,2026-09-21,maandag,12:16,35
zl004,Zwolle,2026-09-21T12:31:03+02:00,2026-09-21,maandag,12:31,30
zl004,Zwolle,2026-09-21T12:46:03+02:00,2026-09-21,maandag,12:46,32
zl004,Zwolle,2026-09-21T13:01:04+02:00,2026-09-21,maandag,13:01,25
zl004,Zwolle,2026-09-21T13:16:03+02:00,2026-09-21,maandag,13:16,28
zl004,Zwolle,2026-09-21T13:31:02+02:00,2026-09-21,maandag,13:31,22
zl004,Zwolle,2026-09-21T13:46:02+02:00,2026-09-21,maandag,13:46,30
zl004,Zwolle,2026-09-21T14:01:03+02:00,2026-09-21,maandag,14:01,29
zl004,Zwolle,2026-09-21T14:16:02+02:00,2026-09-21,maandag,14:16,33
zl004,Zwolle,2026-09-21T14:31:03+02:00,2026-09-21,maandag,14:31,39
zl004,Zwolle,2026-09-21T14:46:04+02:00,2026-09-21,maandag,14:46,46
zl004,Zwolle,2026-09-21T15:16:02+02:00,2026-09-21,maandag,15:16,53
zl004,Zwolle,2026-09-21T15:31:02+02:00,2026-09-21,maandag,15:31,55
zl004,Zwolle,2026-09-21T15:46:03+02:00,2026-09-21,maandag,15:46,79
zl004,Zwolle,2026-09-21T16:01:02+02:00,2026-09-21,maandag,16:01,89
zl004,Zwolle,2026-09-21T16:16:02+02:00,2026-09-21,maandag,16:16,128
zl004,Zwolle,2026-09-21T16:31:05+02:00,2026-09-21,maandag,16:31,147
zl004,Zwolle,2026-09-21T16:46:04+02:00,2026-09-21,maandag,16:46,197
zl004,Zwolle,2026-09-21T17:01:06+02:00,2026-09-21,maandag,17:01,219
zl004,Zwolle,2026-09-21T17:16:02+02:00,2026-09-21,maandag,17:16,264
zl004,Zwolle,2026-09-21T17:31:02+02:00,2026-09-21,maandag,17:31,291
zl004,Zwolle,2026-09-21T17:46:03+02:00,2026-09-21,maandag,17:46,303
zl004,Zwolle,2026-09-21T18:01:04+02:00,2026-09-21,maandag,18:01,311
zl004,Zwolle,2026-09-21T18:16:02+02:00,2026-09-21,maandag,18:16,319
zl004,Zwolle,2026-09-21T18:31:02+02:00,2026-09-21,maandag,18:31,322
zl004,Zwolle,2026-09-21T18:46:02+02:00,2026-09-21,maandag,18:46,326
zl004,Zwolle,2026-09-21T19:01:02+02:00,2026-09-21,maandag,19:01,327
zl004,Zwolle,2026-09-21T19:16:03+02:00,2026-09-21,maandag,19:16,333
zl004,Zwolle,2026-09-21T19:31:03+02:00,2026-09-21,maandag,19:31,331
zl004,Zwolle,2026-09-21T19:46:02+02:00,2026-09-21,maandag,19:46,334
zl004,Zwolle,2026-09-21T20:01:04+02:00,2026-09-21,maandag,20:01,332
zl004,Zwolle,2026-09-21T20:16:03+02:00,2026-09-21,maandag,20:16,337
zl004,Zwolle,2026-09-21T20:31:03+02:00,2026-09-21,maandag,20:31,338
zl004,Zwolle,2026-09-21T20:46:03+02:00,2026-09-21,maandag,20:46,341
zl004,Zwolle,2026-09-21T21:01:03+02:00,2026-09-21,maandag,21:01,345
zl004,Zwolle,2026-09-21T21:31:03+02:00,2026-09-21,maandag,21:31,353
zl004,Zwolle,2026-09-21T21:46:03+02:00,2026-09-21,maandag,21:46,355
zl004,Zwolle,2026-09-21T22:01:02+02:00,2026-09-21,maandag,22:01,356
zl004,Zwolle,2026-09-21T22:16:02+02:00,2026-09-21,maandag,22:16,359
zl004,Zwolle,2026-09-21T22:31:02+02:00,2026-09-21,maandag,22:31,364
zl004,Zwolle,2026-09-21T22:46:03+02:00,2026-09-21,maandag,22:46,369
zl004,Zwolle,2026-09-21T23:01:02+02:00,2026-09-21,maandag,23:01,369
zl004,Zwolle,2026-09-21T23:16:02+02:00,2026-09-21,maandag,23:16,371
zl004,Zwolle,2026-09-21T23:31:02+02:00,2026-09-21,maandag,23:31,371
zl004,Zwolle,2026-09-22T00:01:04+02:00,2026-09-22,dinsdag,00:01,372
zl004,Zwolle,2026-09-22T00:16:04+02:00,2026-09-22,dinsdag,00:16,371
zl004,Zwolle,2026-09-22T00:31:03+02:00,2026-09-22,dinsdag,00:31,371
zl004,Zwolle,2026-09-22T00:46:02+02:00,2026-09-22,dinsdag,00:46,371
zl004,Zwolle,2026-09-22T01:01:03+02:00,2026-09-22,dinsdag,01:01,371
zl004,Zwolle,2026-09-22T01:16:02+02:00,2026-09-22,dinsdag,01:16,371
zl004,Zwolle,2026-09-22T01:31:02+02:00,2026-09-22,dinsdag,01:31,369
zl004,Zwolle,2026-09-22T01:46:03+02:00,2026-09-22,dinsdag,01:46,369
zl004,Zwolle,2026-09-22T02:01:02+02:00,2026-09-22,dinsdag,02:01,369
zl004,Zwolle,2026-09-22T02:16:02+02:00,2026-09-22,dinsdag,02:16,369
zl004,Zwolle,2026-09-22T02:31:03+02:00,2026-09-22,dinsdag,02:31,369
zl004,Zwolle,2026-09-22T02:46:02+02:00,2026-09-22,dinsdag,02:46,369
zl004,Zwolle,2026-09-22T03:01:03+02:00,2026-09-22,dinsdag,03:01,369
zl004,Zwolle,2026-09-22T03:16:02+02:00,2026-09-22,dinsdag,03:16,369
zl004,Zwolle,2026-09-22T03:31:03+02:00,2026-09-22,dinsdag,03:31,369
zl004,Zwolle,2026-09-22T03:46:02+02:00,2026-09-22,dinsdag,03:46,369
zl004,Zwolle,2026-09-22T04:01:02+02:00,2026-09-22,dinsdag,04:01,369
zl004,Zwolle,2026-09-22T04:16:02+02:00,2026-09-22,dinsdag,04:16,369
zl004,Zwolle,2026-09-22T04:31:03+02:00,2026-09-22,dinsdag,04:31,369
zl004,Zwolle,2026-09-22T08:31:02+02:00,2026-09-22,dinsdag,08:31,179
zl004,Zwolle,2026-09-22T15:46:03+02:00,2026-09-22,dinsdag,15:46,61
zl004,Zwolle,2026-09-22T19:16:03+02:00,2026-09-22,dinsdag,19:16,324
zl004,Zwolle,2026-09-22T19:46:03+02:00,2026-09-22,dinsdag,19:46,319
zl004,Zwolle,2026-09-22T20:01:02+02:00,2026-09-22,dinsdag,20:01,322
zl004,Zwolle,2026-09-22T20:16:03+02:00,2026-09-22,dinsdag,20:16,324
zl004,Zwolle,2026-09-22T20:31:02+02:00,2026-09-22,dinsdag,20:31,328
zl004,Zwolle,2026-09-22T20:46:02+02:00,2026-09-22,dinsdag,20:46,332
zl004,Zwolle,2026-09-22T21:01:03+02:00,2026-09-22,dinsdag,21:01,333
zl004,Zwolle,2026-09-22T21:31:03+02:00,2026-09-22,dinsdag,21:31,338
zl004,Zwolle,2026-09-22T21:46:02+02:00,2026-09-22,dinsdag,21:46,343
zl004,Zwolle,2026-09-22T22:16:02+02:00,2026-09-22,dinsdag,22:16,350
zl004,Zwolle,2026-09-22T22:31:03+02:00,2026-09-22,dinsdag,22:31,351
zl004,Zwolle,2026-09-22T22:46:03+02:00,2026-09-22,dinsdag,22:46,356
zl004,Zwolle,2026-09-22T23:01:03+02:00,2026-09-22,dinsdag,23:01,358
zl004,Zwolle,2026-09-22T23:16:02+02:00,2026-09-22,dinsdag,23:16,361
zl004,Zwolle,2026-09-22T23:31:02+02:00,2026-09-22,dinsdag,23:31,362
zl004,Zwolle,2026-09-22T23:46:03+02:00,2026-09-22,dinsdag,23:46,364
zl004,Zwolle,2026-09-23T00:01:02+02:00,2026-09-23,woensdag,00:01,364
zl004,Zwolle,2026-09-23T00:16:03+02:00,2026-09-23,woensdag,00:16,365
zl004,Zwolle,2026-09-23T00:31:01+02:00,2026-09-23,woensdag,00:31,365
zl004,Zwolle,2026-09-23T00:46:04+02:00,2026-09-23,woensdag,00:46,365
zl004,Zwolle,2026-09-23T01:01:02+02:00,2026-09-23,woensdag,01:01,365
zl004,Zwolle,2026-09-23T01:31:02+02:00,2026-09-23,woensdag,01:31,369
zl004,Zwolle,2026-09-23T01:46:03+02:00,2026-09-23,woensdag,01:46,364
zl004,Zwolle,2026-09-23T02:01:02+02:00,2026-09-23,woensdag,02:01,364
zl004,Zwolle,2026-09-23T02:16:02+02:00,2026-09-23,woensdag,02:16,364
zl004,Zwolle,2026-09-23T02:31:02+02:00,2026-09-23,woensdag,02:31,364
zl004,Zwolle,2026-09-23T02:46:02+02:00,2026-09-23,woensdag,02:46,364
zl004,Zwolle,2026-09-23T03:01:03+02:00,2026-09-23,woensdag,03:01,364
zl004,Zwolle,2026-09-23T03:16:03+02:00,2026-09-23,woensdag,03:16,364
zl004,Zwolle,2026-09-23T03:31:02+02:00,2026-09-23,woensdag,03:31,364
zl004,Zwolle,2026-09-23T03:46:03+02:00,2026-09-23,woensdag,03:46,364
zl004,Zwolle,2026-09-23T04:01:02+02:00,2026-09-23,woensdag,04:01,364
zl004,Zwolle,2026-09-23T04:16:03+02:00,2026-09-23,woensdag,04:16,364
zl004,Zwolle,2026-09-23T04:31:02+02:00,2026-09-23,woensdag,04:31,364
zl004,Zwolle,2026-09-23T04:46:02+02:00,2026-09-23,woensdag,04:46,364
zl004,Zwolle,2026-09-23T05:01:03+02:00,2026-09-23,woensdag,05:01,364
zl004,Zwolle,2026-09-23T05:16:02+02:00,2026-09-23,woensdag,05:16,364
zl004,Zwolle,2026-09-23T05:31:02+02:00,2026-09-23,woensdag,05:31,364
zl004,Zwolle,2026-09-23T05:46:03+02:00,2026-09-23,woensdag,05:46,365
zl004,Zwolle,2026-09-23T06:01:03+02:00,2026-09-23,woensdag,06:01,365
zl004,Zwolle,2026-09-23T06:16:03+02:00,2026-09-23,woensdag,06:16,364
zl004,Zwolle,2026-09-23T06:31:02+02:00,2026-09-23,woensdag,06:31,365
zl004,Zwolle,2026-09-23T07:01:03+02:00,2026-09-23,woensdag,07:01,364
zl004,Zwolle,2026-09-23T07:16:02+02:00,2026-09-23,woensdag,07:16,357
zl004,Zwolle,2026-09-23T07:31:03+02:00,2026-09-23,woensdag,07:31,351
zl004,Zwolle,2026-09-23T07:46:03+02:00,2026-09-23,woensdag,07:46,337
zl004,Zwolle,2026-09-23T08:01:03+02:00,2026-09-23,woensdag,08:01,318
zl004,Zwolle,2026-09-23T08:16:03+02:00,2026-09-23,woensdag,08:16,294
zl004,Zwolle,2026-09-23T09:01:03+02:00,2026-09-23,woensdag,09:01,183
zl004,Zwolle,2026-09-23T09:16:03+02:00,2026-09-23,woensdag,09:16,175
zl004,Zwolle,2026-09-23T09:31:03+02:00,2026-09-23,woensdag,09:31,151
zl004,Zwolle,2026-09-23T09:46:03+02:00,2026-09-23,woensdag,09:46,147
zl004,Zwolle,2026-09-23T10:01:03+02:00,2026-09-23,woensdag,10:01,134
zl004,Zwolle,2026-09-23T10:16:03+02:00,2026-09-23,woensdag,10:16,133
zl004,Zwolle,2026-09-23T10:31:03+02:00,2026-09-23,woensdag,10:31,128
zl004,Zwolle,2026-09-23T10:46:03+02:00,2026-09-23,woensdag,10:46,127
zl004,Zwolle,2026-09-23T11:01:02+02:00,2026-09-23,woensdag,11:01,123
zl004,Zwolle,2026-09-23T11:16:04+02:00,2026-09-23,woensdag,11:16,119
zl004,Zwolle,2026-09-23T11:31:02+02:00,2026-09-23,woensdag,11:31,114
zl004,Zwolle,2026-09-23T12:01:02+02:00,2026-09-23,woensdag,12:01,117
zl004,Zwolle,2026-09-23T12:16:03+02:00,2026-09-23,woensdag,12:16,114
zl004,Zwolle,2026-09-23T12:31:03+02:00,2026-09-23,woensdag,12:31,106
zl004,Zwolle,2026-09-23T12:46:03+02:00,2026-09-23,woensdag,12:46,113
zl004,Zwolle,2026-09-23T13:16:02+02:00,2026-09-23,woensdag,13:16,112
zl004,Zwolle,2026-09-23T13:31:03+02:00,2026-09-23,woensdag,13:31,111
zl004,Zwolle,2026-09-23T13:46:02+02:00,2026-09-23,woensdag,13:46,114
zl004,Zwolle,2026-09-23T14:16:03+02:00,2026-09-23,woensdag,14:16,120
zl004,Zwolle,2026-09-23T14:31:02+02:00,2026-09-23,woensdag,14:31,122
zl004,Zwolle,2026-09-23T14:46:03+02:00,2026-09-23,woensdag,14:46,129
zl004,Zwolle,2026-09-23T15:01:03+02:00,2026-09-23,woensdag,15:01,128
zl004,Zwolle,2026-09-23T15:31:02+02:00,2026-09-23,woensdag,15:31,141
zl004,Zwolle,2026-09-23T15:46:02+02:00,2026-09-23,woensdag,15:46,152
zl004,Zwolle,2026-09-23T16:31:03+02:00,2026-09-23,woensdag,16:31,202
zl004,Zwolle,2026-09-23T16:46:03+02:00,2026-09-23,woensdag,16:46,237
zl004,Zwolle,2026-09-23T17:01:02+02:00,2026-09-23,woensdag,17:01,250
zl004,Zwolle,2026-09-23T17:16:03+02:00,2026-09-23,woensdag,17:16,288
zl004,Zwolle,2026-09-23T17:31:02+02:00,2026-09-23,woensdag,17:31,296
zl004,Zwolle,2026-09-23T17:46:02+02:00,2026-09-23,woensdag,17:46,304
zl004,Zwolle,2026-09-23T18:01:02+02:00,2026-09-23,woensdag,18:01,299
zl004,Zwolle,2026-09-23T18:16:03+02:00,2026-09-23,woensdag,18:16,306
zl004,Zwolle,2026-09-23T18:46:03+02:00,2026-09-23,woensdag,18:46,307
zl004,Zwolle,2026-09-23T19:01:02+02:00,2026-09-23,woensdag,19:01,309
zl004,Zwolle,2026-09-23T19:16:03+02:00,2026-09-23,woensdag,19:16,312
zl004,Zwolle,2026-09-23T20:01:02+02:00,2026-09-23,woensdag,20:01,303
zl004,Zwolle,2026-09-23T20:16:02+02:00,2026-09-23,woensdag,20:16,303
zl004,Zwolle,2026-09-23T20:31:02+02:00,2026-09-23,woensdag,20:31,310
zl004,Zwolle,2026-09-23T21:01:03+02:00,2026-09-23,woensdag,21:01,320
zl004,Zwolle,2026-09-23T21:31:02+02:00,2026-09-23,woensdag,21:31,327
zl004,Zwolle,2026-09-23T22:01:03+02:00,2026-09-23,woensdag,22:01,337
zl004,Zwolle,2026-09-23T22:16:04+02:00,2026-09-23,woensdag,22:16,341
zl004,Zwolle,2026-09-23T22:31:02+02:00,2026-09-23,woensdag,22:31,344
zl004,Zwolle,2026-09-23T22:46:02+02:00,2026-09-23,woensdag,22:46,349
zl004,Zwolle,2026-09-23T23:01:02+02:00,2026-09-23,woensdag,23:01,351
zl004,Zwolle,2026-09-23T23:16:02+02:00,2026-09-23,woensdag,23:16,353
zl004,Zwolle,2026-09-23T23:31:03+02:00,2026-09-23,woensdag,23:31,354
zl004,Zwolle,2026-09-23T23:46:02+02:00,2026-09-23,woensdag,23:46,354
zl004,Zwolle,2026-09-24T00:01:03+02:00,2026-09-24,donderdag,00:01,355
zl004,Zwolle,2026-09-24T00:16:03+02:00,2026-09-24,donderdag,00:16,355
zl004,Zwolle,2026-09-24T00:31:03+02:00,2026-09-24,donderdag,00:31,355
zl004,Zwolle,2026-09-24T00:46:02+02:00,2026-09-24,donderdag,00:46,355
zl004,Zwolle,2026-09-24T01:01:03+02:00,2026-09-24,donderdag,01:01,354
zl004,Zwolle,2026-09-24T01:16:02+02:00,2026-09-24,donderdag,01:16,354
zl004,Zwolle,2026-09-24T01:31:03+02:00,2026-09-24,donderdag,01:31,354
zl004,Zwolle,2026-09-24T01:46:02+02:00,2026-09-24,donderdag,01:46,354
zl004,Zwolle,2026-09-24T02:01:02+02:00,2026-09-24,donderdag,02:01,354
zl004,Zwolle,2026-09-24T02:16:02+02:00,2026-09-24,donderdag,02:16,354
zl004,Zwolle,2026-09-24T02:31:02+02:00,2026-09-24,donderdag,02:31,354
zl004,Zwolle,2026-09-24T02:46:02+02:00,2026-09-24,donderdag,02:46,354
zl004,Zwolle,2026-09-24T03:01:03+02:00,2026-09-24,donderdag,03:01,354
zl004,Zwolle,2026-09-24T03:16:02+02:00,2026-09-24,donderdag,03:16,354
zl004,Zwolle,2026-09-24T03:46:03+02:00,2026-09-24,donderdag,03:46,354
zl004,Zwolle,2026-09-24T04:01:02+02:00,2026-09-24,donderdag,04:01,354
zl004,Zwolle,2026-09-24T04:16:03+02:00,2026-09-24,donderdag,04:16,354
zl004,Zwolle,2026-09-24T04:31:03+02:00,2026-09-24,donderdag,04:31,354
zl004,Zwolle,2026-09-24T04:46:03+02:00,2026-09-24,donderdag,04:46,354
zl004,Zwolle,2026-09-24T05:01:03+02:00,2026-09-24,donderdag,05:01,354
zl004,Zwolle,2026-09-24T05:16:03+02:00,2026-09-24,donderdag,05:16,354
zl004,Zwolle,2026-09-24T05:31:02+02:00,2026-09-24,donderdag,05:31,354
zl004,Zwolle,2026-09-24T05:46:03+02:00,2026-09-24,donderdag,05:46,354
zl004,Zwolle,2026-09-24T06:01:03+02:00,2026-09-24,donderdag,06:01,355
zl004,Zwolle,2026-09-24T06:16:03+02:00,2026-09-24,donderdag,06:16,354
zl004,Zwolle,2026-09-24T06:31:03+02:00,2026-09-24,donderdag,06:31,353
zl004,Zwolle,2026-09-24T06:46:02+02:00,2026-09-24,donderdag,06:46,351
zl004,Zwolle,2026-09-24T07:01:04+02:00,2026-09-24,donderdag,07:01,349
zl004,Zwolle,2026-09-24T07:16:03+02:00,2026-09-24,donderdag,07:16,346
zl004,Zwolle,2026-09-24T07:31:02+02:00,2026-09-24,donderdag,07:31,331
zl004,Zwolle,2026-09-24T07:46:02+02:00,2026-09-24,donderdag,07:46,331
zl004,Zwolle,2026-09-24T08:01:04+02:00,2026-09-24,donderdag,08:01,286
zl004,Zwolle,2026-09-24T08:16:02+02:00,2026-09-24,donderdag,08:16,254
zl004,Zwolle,2026-09-24T08:31:03+02:00,2026-09-24,donderdag,08:31,189
zl004,Zwolle,2026-09-24T08:46:02+02:00,2026-09-24,donderdag,08:46,150
zl004,Zwolle,2026-09-24T09:01:02+02:00,2026-09-24,donderdag,09:01,76
zl004,Zwolle,2026-09-24T09:16:03+02:00,2026-09-24,donderdag,09:16,68
zl004,Zwolle,2026-09-24T09:46:03+02:00,2026-09-24,donderdag,09:46,31
zl004,Zwolle,2026-09-24T10:01:02+02:00,2026-09-24,donderdag,10:01,22
zl004,Zwolle,2026-09-24T10:16:04+02:00,2026-09-24,donderdag,10:16,20
zl004,Zwolle,2026-09-24T11:01:04+02:00,2026-09-24,donderdag,11:01,4
zl004,Zwolle,2026-09-24T11:16:03+02:00,2026-09-24,donderdag,11:16,3
zl004,Zwolle,2026-09-24T11:31:03+02:00,2026-09-24,donderdag,11:31,4
zl004,Zwolle,2026-09-24T11:46:03+02:00,2026-09-24,donderdag,11:46,7
zl004,Zwolle,2026-09-24T12:01:03+02:00,2026-09-24,donderdag,12:01,5
zl004,Zwolle,2026-09-24T12:16:02+02:00,2026-09-24,donderdag,12:16,6
zl004,Zwolle,2026-09-24T12:31:03+02:00,2026-09-24,donderdag,12:31,8
zl004,Zwolle,2026-09-24T12:46:03+02:00,2026-09-24,donderdag,12:46,7
zl004,Zwolle,2026-09-24T13:01:03+02:00,2026-09-24,donderdag,13:01,9
zl004,Zwolle,2026-09-24T13:46:02+02:00,2026-09-24,donderdag,13:46,16
zl004,Zwolle,2026-09-24T14:01:02+02:00,2026-09-24,donderdag,14:01,14
zl004,Zwolle,2026-09-24T14:16:03+02:00,2026-09-24,donderdag,14:16,18
zl004,Zwolle,2026-09-24T14:31:03+02:00,2026-09-24,donderdag,14:31,20
zl004,Zwolle,2026-09-24T14:46:03+02:00,2026-09-24,donderdag,14:46,23
zl004,Zwolle,2026-09-24T15:01:03+02:00,2026-09-24,donderdag,15:01,24
zl004,Zwolle,2026-09-24T15:16:02+02:00,2026-09-24,donderdag,15:16,32
zl004,Zwolle,2026-09-24T15:46:04+02:00,2026-09-24,donderdag,15:46,52
zl004,Zwolle,2026-09-24T16:16:03+02:00,2026-09-24,donderdag,16:16,98
zl004,Zwolle,2026-09-24T20:46:03+02:00,2026-09-24,donderdag,20:46,308
zl004,Zwolle,2026-09-24T21:16:04+02:00,2026-09-24,donderdag,21:16,309
zl004,Zwolle,2026-09-24T21:31:02+02:00,2026-09-24,donderdag,21:31,308
zl004,Zwolle,2026-09-24T21:46:02+02:00,2026-09-24,donderdag,21:46,313
zl004,Zwolle,2026-09-24T22:01:02+02:00,2026-09-24,donderdag,22:01,318
zl004,Zwolle,2026-09-24T22:16:03+02:00,2026-09-24,donderdag,22:16,320
zl004,Zwolle,2026-09-24T22:31:03+02:00,2026-09-24,donderdag,22:31,321
zl004,Zwolle,2026-09-24T22:46:03+02:00,2026-09-24,donderdag,22:46,329
zl004,Zwolle,2026-09-24T23:01:03+02:00,2026-09-24,donderdag,23:01,333
zl004,Zwolle,2026-09-24T23:16:02+02:00,2026-09-24,donderdag,23:16,336
zl004,Zwolle,2026-09-24T23:31:02+02:00,2026-09-24,donderdag,23:31,340
zl004,Zwolle,2026-09-24T23:46:02+02:00,2026-09-24,donderdag,23:46,342
zl004,Zwolle,2026-09-25T00:01:03+02:00,2026-09-25,vrijdag,00:01,342
zl004,Zwolle,2026-09-25T00:16:03+02:00,2026-09-25,vrijdag,00:16,342
zl004,Zwolle,2026-09-25T00:31:05+02:00,2026-09-25,vrijdag,00:31,341
zl004,Zwolle,2026-09-25T00:46:03+02:00,2026-09-25,vrijdag,00:46,341
zl004,Zwolle,2026-09-25T01:01:02+02:00,2026-09-25,vrijdag,01:01,340
zl004,Zwolle,2026-09-25T01:16:03+02:00,2026-09-25,vrijdag,01:16,339
zl004,Zwolle,2026-09-25T01:31:03+02:00,2026-09-25,vrijdag,01:31,339
zl004,Zwolle,2026-09-25T01:46:02+02:00,2026-09-25,vrijdag,01:46,339
zl004,Zwolle,2026-09-25T02:01:02+02:00,2026-09-25,vrijdag,02:01,339
zl004,Zwolle,2026-09-25T02:16:02+02:00,2026-09-25,vrijdag,02:16,339
zl004,Zwolle,2026-09-25T02:31:02+02:00,2026-09-25,vrijdag,02:31,339
zl004,Zwolle,2026-09-25T02:46:02+02:00,2026-09-25,vrijdag,02:46,339
zl004,Zwolle,2026-09-25T03:01:04+02:00,2026-09-25,vrijdag,03:01,339
zl004,Zwolle,2026-09-25T03:16:03+02:00,2026-09-25,vrijdag,03:16,339
zl004,Zwolle,2026-09-25T03:31:04+02:00,2026-09-25,vrijdag,03:31,339
zl004,Zwolle,2026-09-25T03:46:03+02:00,2026-09-25,vrijdag,03:46,339
zl004,Zwolle,2026-09-25T04:01:03+02:00,2026-09-25,vrijdag,04:01,339
zl004,Zwolle,2026-09-25T04:16:05+02:00,2026-09-25,vrijdag,04:16,339
zl004,Zwolle,2026-09-25T04:31:03+02:00,2026-09-25,vrijdag,04:31,339
zl004,Zwolle,2026-09-25T04:46:02+02:00,2026-09-25,vrijdag,04:46,339
zl004,Zwolle,2026-09-25T05:01:04+02:00,2026-09-25,vrijdag,05:01,339
zl004,Zwolle,2026-09-25T05:16:04+02:00,2026-09-25,vrijdag,05:16,340
zl004,Zwolle,2026-09-25T05:31:06+02:00,2026-09-25,vrijdag,05:31,341
zl004,Zwolle,2026-09-25T05:46:04+02:00,2026-09-25,vrijdag,05:46,341
zl004,Zwolle,2026-09-25T06:01:06+02:00,2026-09-25,vrijdag,06:01,343
zl004,Zwolle,2026-09-25T06:31:05+02:00,2026-09-25,vrijdag,06:31,343
zl004,Zwolle,2026-09-25T07:01:05+02:00,2026-09-25,vrijdag,07:01,339
zl004,Zwolle,2026-09-25T07:16:05+02:00,2026-09-25,vrijdag,07:16,341
zl004,Zwolle,2026-09-25T07:31:06+02:00,2026-09-25,vrijdag,07:31,332
zl004,Zwolle,2026-09-25T07:46:03+02:00,2026-09-25,vrijdag,07:46,324
zl004,Zwolle,2026-09-25T08:01:05+02:00,2026-09-25,vrijdag,08:01,311
zl004,Zwolle,2026-09-25T08:16:05+02:00,2026-09-25,vrijdag,08:16,303
zl004,Zwolle,2026-09-25T08:31:07+02:00,2026-09-25,vrijdag,08:31,273
zl004,Zwolle,2026-09-25T08:46:05+02:00,2026-09-25,vrijdag,08:46,255
zl004,Zwolle,2026-09-25T09:01:05+02:00,2026-09-25,vrijdag,09:01,240
zl004,Zwolle,2026-09-25T09:16:05+02:00,2026-09-25,vrijdag,09:16,235
zl004,Zwolle,2026-09-25T09:46:04+02:00,2026-09-25,vrijdag,09:46,221
zl004,Zwolle,2026-09-25T10:01:05+02:00,2026-09-25,vrijdag,10:01,212
zl004,Zwolle,2026-09-25T10:16:06+02:00,2026-09-25,vrijdag,10:16,209
zl004,Zwolle,2026-09-25T10:31:03+02:00,2026-09-25,vrijdag,10:31,198
zl004,Zwolle,2026-09-25T10:46:05+02:00,2026-09-25,vrijdag,10:46,199
zl004,Zwolle,2026-09-25T11:01:05+02:00,2026-09-25,vrijdag,11:01,194
zl004,Zwolle,2026-09-25T11:16:05+02:00,2026-09-25,vrijdag,11:16,194
zl004,Zwolle,2026-09-25T11:31:05+02:00,2026-09-25,vrijdag,11:31,189
zl004,Zwolle,2026-09-25T11:46:04+02:00,2026-09-25,vrijdag,11:46,189
zl004,Zwolle,2026-09-25T12:01:04+02:00,2026-09-25,vrijdag,12:01,185
zl004,Zwolle,2026-09-25T12:16:06+02:00,2026-09-25,vrijdag,12:16,193
zl004,Zwolle,2026-09-25T12:31:05+02:00,2026-09-25,vrijdag,12:31,188
zl004,Zwolle,2026-09-25T13:01:04+02:00,2026-09-25,vrijdag,13:01,191
zl004,Zwolle,2026-09-25T13:16:05+02:00,2026-09-25,vrijdag,13:16,195
zl004,Zwolle,2026-09-25T13:31:04+02:00,2026-09-25,vrijdag,13:31,195
zl004,Zwolle,2026-09-25T13:46:04+02:00,2026-09-25,vrijdag,13:46,200
zl004,Zwolle,2026-09-25T14:01:03+02:00,2026-09-25,vrijdag,14:01,201
zl004,Zwolle,2026-09-25T14:16:04+02:00,2026-09-25,vrijdag,14:16,202
zl004,Zwolle,2026-09-25T15:01:06+02:00,2026-09-25,vrijdag,15:01,203
zl004,Zwolle,2026-09-25T15:16:03+02:00,2026-09-25,vrijdag,15:16,211
zl004,Zwolle,2026-09-25T15:31:05+02:00,2026-09-25,vrijdag,15:31,210
zl004,Zwolle,2026-09-25T15:46:04+02:00,2026-09-25,vrijdag,15:46,225
zl004,Zwolle,2026-09-25T16:01:05+02:00,2026-09-25,vrijdag,16:01,224
zl004,Zwolle,2026-09-25T16:16:04+02:00,2026-09-25,vrijdag,16:16,229
zl004,Zwolle,2026-09-25T16:46:03+02:00,2026-09-25,vrijdag,16:46,241
zl004,Zwolle,2026-09-25T17:01:03+02:00,2026-09-25,vrijdag,17:01,251
zl004,Zwolle,2026-09-25T17:16:04+02:00,2026-09-25,vrijdag,17:16,270
zl004,Zwolle,2026-09-25T17:46:02+02:00,2026-09-25,vrijdag,17:46,277
zl004,Zwolle,2026-09-25T18:01:04+02:00,2026-09-25,vrijdag,18:01,271
zl004,Zwolle,2026-09-25T18:16:04+02:00,2026-09-25,vrijdag,18:16,273
zl004,Zwolle,2026-09-25T18:46:02+02:00,2026-09-25,vrijdag,18:46,268
zl004,Zwolle,2026-09-25T19:01:03+02:00,2026-09-25,vrijdag,19:01,257
zl004,Zwolle,2026-09-25T19:16:03+02:00,2026-09-25,vrijdag,19:16,256
zl004,Zwolle,2026-09-25T19:31:02+02:00,2026-09-25,vrijdag,19:31,255
zl004,Zwolle,2026-09-25T19:46:03+02:00,2026-09-25,vrijdag,19:46,250
zl004,Zwolle,2026-09-25T20:01:02+02:00,2026-09-25,vrijdag,20:01,245
zl004,Zwolle,2026-09-25T20:16:03+02:00,2026-09-25,vrijdag,20:16,243
zl004,Zwolle,2026-09-25T20:31:04+02:00,2026-09-25,vrijdag,20:31,244
zl004,Zwolle,2026-09-25T20:46:04+02:00,2026-09-25,vrijdag,20:46,248
zl004,Zwolle,2026-09-25T21:01:04+02:00,2026-09-25,vrijdag,21:01,244
zl004,Zwolle,2026-09-25T21:16:03+02:00,2026-09-25,vrijdag,21:16,243
zl004,Zwolle,2026-09-25T21:31:02+02:00,2026-09-25,vrijdag,21:31,240
zl004,Zwolle,2026-09-25T21:46:02+02:00,2026-09-25,vrijdag,21:46,244
zl004,Zwolle,2026-09-25T22:16:02+02:00,2026-09-25,vrijdag,22:16,248
zl004,Zwolle,2026-09-25T22:31:04+02:00,2026-09-25,vrijdag,22:31,253
zl004,Zwolle,2026-09-25T22:46:03+02:00,2026-09-25,vrijdag,22:46,262
zl004,Zwolle,2026-09-25T23:01:04+02:00,2026-09-25,vrijdag,23:01,259
zl004,Zwolle,2026-09-25T23:16:05+02:00,2026-09-25,vrijdag,23:16,273
zl004,Zwolle,2026-09-25T23:31:03+02:00,2026-09-25,vrijdag,23:31,278
zl004,Zwolle,2026-09-25T23:46:03+02:00,2026-09-25,vrijdag,23:46,285
zl004,Zwolle,2026-09-26T00:01:04+02:00,2026-09-26,zaterdag,00:01,285
zl004,Zwolle,2026-09-26T00:16:03+02:00,2026-09-26,zaterdag,00:16,280
zl004,Zwolle,2026-09-26T00:31:03+02:00,2026-09-26,zaterdag,00:31,279
zl004,Zwolle,2026-09-26T00:46:02+02:00,2026-09-26,zaterdag,00:46,282
zl004,Zwolle,2026-09-26T01:01:03+02:00,2026-09-26,zaterdag,01:01,283
zl004,Zwolle,2026-09-26T01:16:03+02:00,2026-09-26,zaterdag,01:16,285
zl004,Zwolle,2026-09-26T01:31:03+02:00,2026-09-26,zaterdag,01:31,283
zl004,Zwolle,2026-09-26T01:46:02+02:00,2026-09-26,zaterdag,01:46,283
zl004,Zwolle,2026-09-26T02:01:03+02:00,2026-09-26,zaterdag,02:01,284
zl004,Zwolle,2026-09-26T02:16:02+02:00,2026-09-26,zaterdag,02:16,284
zl004,Zwolle,2026-09-26T02:31:03+02:00,2026-09-26,zaterdag,02:31,284
zl004,Zwolle,2026-09-26T02:46:02+02:00,2026-09-26,zaterdag,02:46,284
zl004,Zwolle,2026-09-26T03:01:03+02:00,2026-09-26,zaterdag,03:01,284
zl004,Zwolle,2026-09-26T03:16:02+02:00,2026-09-26,zaterdag,03:16,284
zl004,Zwolle,2026-09-26T03:31:03+02:00,2026-09-26,zaterdag,03:31,284
zl004,Zwolle,2026-09-26T03:46:02+02:00,2026-09-26,zaterdag,03:46,284
zl004,Zwolle,2026-09-26T04:01:03+02:00,2026-09-26,zaterdag,04:01,284
zl004,Zwolle,2026-09-26T04:16:02+02:00,2026-09-26,zaterdag,04:16,284
zl004,Zwolle,2026-09-26T04:31:04+02:00,2026-09-26,zaterdag,04:31,284
zl004,Zwolle,2026-09-26T04:46:03+02:00,2026-09-26,zaterdag,04:46,284
zl004,Zwolle,2026-09-26T05:01:04+02:00,2026-09-26,zaterdag,05:01,284
zl004,Zwolle,2026-09-26T05:31:03+02:00,2026-09-26,zaterdag,05:31,284
zl004,Zwolle,2026-09-26T05:46:03+02:00,2026-09-26,zaterdag,05:46,284
zl004,Zwolle,2026-09-26T06:01:02+02:00,2026-09-26,zaterdag,06:01,285
zl004,Zwolle,2026-09-26T06:16:03+02:00,2026-09-26,zaterdag,06:16,285
zl004,Zwolle,2026-09-26T06:31:03+02:00,2026-09-26,zaterdag,06:31,285
zl004,Zwolle,2026-09-26T06:46:03+02:00,2026-09-26,zaterdag,06:46,285
zl004,Zwolle,2026-09-26T07:01:02+02:00,2026-09-26,zaterdag,07:01,284
zl004,Zwolle,2026-09-26T07:16:03+02:00,2026-09-26,zaterdag,07:16,287
zl004,Zwolle,2026-09-26T07:31:03+02:00,2026-09-26,zaterdag,07:31,287
zl004,Zwolle,2026-09-26T07:46:02+02:00,2026-09-26,zaterdag,07:46,288
zl004,Zwolle,2026-09-26T08:01:02+02:00,2026-09-26,zaterdag,08:01,289
zl004,Zwolle,2026-09-26T08:16:03+02:00,2026-09-26,zaterdag,08:16,286
zl004,Zwolle,2026-09-26T08:31:04+02:00,2026-09-26,zaterdag,08:31,286
zl004,Zwolle,2026-09-26T08:46:02+02:00,2026-09-26,zaterdag,08:46,281
zl004,Zwolle,2026-09-26T09:01:02+02:00,2026-09-26,zaterdag,09:01,275
zl004,Zwolle,2026-09-26T09:16:03+02:00,2026-09-26,zaterdag,09:16,274
zl004,Zwolle,2026-09-26T09:46:02+02:00,2026-09-26,zaterdag,09:46,269
zl004,Zwolle,2026-09-26T10:01:03+02:00,2026-09-26,zaterdag,10:01,266
zl004,Zwolle,2026-09-26T10:16:03+02:00,2026-09-26,zaterdag,10:16,264
zl004,Zwolle,2026-09-26T10:31:03+02:00,2026-09-26,zaterdag,10:31,260
zl004,Zwolle,2026-09-26T10:46:03+02:00,2026-09-26,zaterdag,10:46,259
zl004,Zwolle,2026-09-26T11:01:02+02:00,2026-09-26,zaterdag,11:01,299
zl004,Zwolle,2026-09-26T11:31:03+02:00,2026-09-26,zaterdag,11:31,244
zl004,Zwolle,2026-09-26T11:46:03+02:00,2026-09-26,zaterdag,11:46,242
zl004,Zwolle,2026-09-26T12:01:04+02:00,2026-09-26,zaterdag,12:01,229
zl004,Zwolle,2026-09-26T12:31:02+02:00,2026-09-26,zaterdag,12:31,214
zl004,Zwolle,2026-09-26T13:01:04+02:00,2026-09-26,zaterdag,13:01,216
zl004,Zwolle,2026-09-26T15:16:02+02:00,2026-09-26,zaterdag,15:16,192
zl004,Zwolle,2026-09-26T16:16:03+02:00,2026-09-26,zaterdag,16:16,187
zl004,Zwolle,2026-09-26T17:01:02+02:00,2026-09-26,zaterdag,17:01,175
zl004,Zwolle,2026-09-26T22:16:02+02:00,2026-09-26,zaterdag,22:16,232
zl004,Zwolle,2026-09-27T00:31:02+02:00,2026-09-27,zondag,00:31,273
zl004,Zwolle,2026-09-27T12:31:03+02:00,2026-09-27,zondag,12:31,259
zl004,Zwolle,2026-09-27T12:46:02+02:00,2026-09-27,zondag,12:46,262
zl004,Zwolle,2026-09-27T13:01:03+02:00,2026-09-27,zondag,13:01,254
zl004,Zwolle,2026-09-27T13:16:03+02:00,2026-09-27,zondag,13:16,259
zl004,Zwolle,2026-09-27T13:46:03+02:00,2026-09-27,zondag,13:46,258
zl004,Zwolle,2026-09-27T14:01:02+02:00,2026-09-27,zondag,14:01,256
zl004,Zwolle,2026-09-27T14:16:03+02:00,2026-09-27,zondag,14:16,256
zl004,Zwolle,2026-09-27T14:31:03+02:00,2026-09-27,zondag,14:31,261
zl004,Zwolle,2026-09-27T14:46:02+02:00,2026-09-27,zondag,14:46,264
zl004,Zwolle,2026-09-27T15:01:03+02:00,2026-09-27,zondag,15:01,260
zl004,Zwolle,2026-09-27T15:31:02+02:00,2026-09-27,zondag,15:31,263
zl004,Zwolle,2026-09-27T15:46:02+02:00,2026-09-27,zondag,15:46,262
zl004,Zwolle,2026-09-27T16:01:03+02:00,2026-09-27,zondag,16:01,261
zl004,Zwolle,2026-09-27T16:16:02+02:00,2026-09-27,zondag,16:16,266
zl004,Zwolle,2026-09-27T16:31:03+02:00,2026-09-27,zondag,16:31,271
zl004,Zwolle,2026-09-27T16:46:03+02:00,2026-09-27,zondag,16:46,281
zl004,Zwolle,2026-09-27T17:01:02+02:00,2026-09-27,zondag,17:01,283
zl004,Zwolle,2026-09-27T17:16:02+02:00,2026-09-27,zondag,17:16,287
zl004,Zwolle,2026-09-27T17:31:03+02:00,2026-09-27,zondag,17:31,289
zl004,Zwolle,2026-09-27T18:16:02+02:00,2026-09-27,zondag,18:16,305
zl004,Zwolle,2026-09-27T18:31:01+02:00,2026-09-27,zondag,18:31,305
zl004,Zwolle,2026-09-27T18:46:03+02:00,2026-09-27,zondag,18:46,306
zl004,Zwolle,2026-09-27T19:01:03+02:00,2026-09-27,zondag,19:01,306
zl004,Zwolle,2026-09-27T19:16:02+02:00,2026-09-27,zondag,19:16,315
zl004,Zwolle,2026-09-27T19:46:02+02:00,2026-09-27,zondag,19:46,331
zl004,Zwolle,2026-09-27T20:01:02+02:00,2026-09-27,zondag,20:01,330
zl004,Zwolle,2026-09-27T20:16:02+02:00,2026-09-27,zondag,20:16,336
zl004,Zwolle,2026-09-27T20:31:02+02:00,2026-09-27,zondag,20:31,342
zl004,Zwolle,2026-09-27T21:01:02+02:00,2026-09-27,zondag,21:01,345
zl004,Zwolle,2026-09-27T21:16:02+02:00,2026-09-27,zondag,21:16,348
zl004,Zwolle,2026-09-27T21:31:02+02:00,2026-09-27,zondag,21:31,349
zl004,Zwolle,2026-09-27T21:46:02+02:00,2026-09-27,zondag,21:46,349
zl004,Zwolle,2026-09-27T22:01:02+02:00,2026-09-27,zondag,22:01,346
zl004,Zwolle,2026-09-27T22:16:03+02:00,2026-09-27,zondag,22:16,347
zl004,Zwolle,2026-09-27T22:31:04+02:00,2026-09-27,zondag,22:31,346
zl004,Zwolle,2026-09-27T22:46:02+02:00,2026-09-27,zondag,22:46,348
zl004,Zwolle,2026-09-27T23:01:02+02:00,2026-09-27,zondag,23:01,348
zl004,Zwolle,2026-09-27T23:16:02+02:00,2026-09-27,zondag,23:16,349
zl004,Zwolle,2026-09-27T23:31:02+02:00,2026-09-27,zondag,23:31,349
zl004,Zwolle,2026-09-27T23:46:02+02:00,2026-09-27,zondag,23:46,346
zl004,Zwolle,2026-09-28T00:01:02+02:00,2026-09-28,maandag,00:01,346
zl004,Zwolle,2026-09-28T00:16:02+02:00,2026-09-28,maandag,00:16,347
zl004,Zwolle,2026-09-28T00:31:03+02:00,2026-09-28,maandag,00:31,346
zl004,Zwolle,2026-09-28T00:46:03+02:00,2026-09-28,maandag,00:46,346
zl004,Zwolle,2026-09-28T01:01:02+02:00,2026-09-28,maandag,01:01,346
zl004,Zwolle,2026-09-28T01:16:02+02:00,2026-09-28,maandag,01:16,346
zl004,Zwolle,2026-09-28T01:31:02+02:00,2026-09-28,maandag,01:31,346
zl004,Zwolle,2026-09-28T01:46:02+02:00,2026-09-28,maandag,01:46,346
zl004,Zwolle,2026-09-28T02:01:02+02:00,2026-09-28,maandag,02:01,346
zl004,Zwolle,2026-09-28T02:16:03+02:00,2026-09-28,maandag,02:16,346
zl004,Zwolle,2026-09-28T02:31:02+02:00,2026-09-28,maandag,02:31,346
zl004,Zwolle,2026-09-28T02:46:03+02:00,2026-09-28,maandag,02:46,346
zl004,Zwolle,2026-09-28T03:01:02+02:00,2026-09-28,maandag,03:01,346
zl004,Zwolle,2026-09-28T03:16:02+02:00,2026-09-28,maandag,03:16,346
zl004,Zwolle,2026-09-28T03:31:02+02:00,2026-09-28,maandag,03:31,346
zl004,Zwolle,2026-09-28T03:46:02+02:00,2026-09-28,maandag,03:46,346
zl004,Zwolle,2026-09-28T04:01:03+02:00,2026-09-28,maandag,04:01,346
zl004,Zwolle,2026-09-28T04:16:02+02:00,2026-09-28,maandag,04:16,346
zl004,Zwolle,2026-09-28T04:31:02+02:00,2026-09-28,maandag,04:31,346
zl004,Zwolle,2026-09-28T04:46:02+02:00,2026-09-28,maandag,04:46,346
zl004,Zwolle,2026-09-28T05:01:02+02:00,2026-09-28,maandag,05:01,346
zl004,Zwolle,2026-09-28T05:16:03+02:00,2026-09-28,maandag,05:16,346
zl004,Zwolle,2026-09-28T05:31:03+02:00,2026-09-28,maandag,05:31,346
zl004,Zwolle,2026-09-28T05:46:02+02:00,2026-09-28,maandag,05:46,346
zl004,Zwolle,2026-09-28T06:01:02+02:00,2026-09-28,maandag,06:01,347
zl004,Zwolle,2026-09-28T06:16:03+02:00,2026-09-28,maandag,06:16,349
zl004,Zwolle,2026-09-28T06:31:03+02:00,2026-09-28,maandag,06:31,349
zl004,Zwolle,2026-09-28T06:46:02+02:00,2026-09-28,maandag,06:46,348
zl004,Zwolle,2026-09-28T07:01:02+02:00,2026-09-28,maandag,07:01,346
zl004,Zwolle,2026-09-28T07:46:02+02:00,2026-09-28,maandag,07:46,315
zl004,Zwolle,2026-09-28T08:01:03+02:00,2026-09-28,maandag,08:01,278
zl004,Zwolle,2026-09-28T08:16:02+02:00,2026-09-28,maandag,08:16,263
zl004,Zwolle,2026-09-28T08:46:03+02:00,2026-09-28,maandag,08:46,178
zl004,Zwolle,2026-09-28T09:01:03+02:00,2026-09-28,maandag,09:01,132
zl004,Zwolle,2026-09-28T09:16:04+02:00,2026-09-28,maandag,09:16,116
zl004,Zwolle,2026-09-28T09:31:03+02:00,2026-09-28,maandag,09:31,98
zl004,Zwolle,2026-09-28T09:46:02+02:00,2026-09-28,maandag,09:46,93
zl004,Zwolle,2026-09-28T10:01:03+02:00,2026-09-28,maandag,10:01,78
zl004,Zwolle,2026-09-28T10:16:03+02:00,2026-09-28,maandag,10:16,72
zl004,Zwolle,2026-09-28T10:46:03+02:00,2026-09-28,maandag,10:46,59
zl004,Zwolle,2026-09-28T11:01:02+02:00,2026-09-28,maandag,11:01,53
zl004,Zwolle,2026-09-28T11:16:03+02:00,2026-09-28,maandag,11:16,56
zl004,Zwolle,2026-09-28T11:31:03+02:00,2026-09-28,maandag,11:31,52
zl004,Zwolle,2026-09-28T11:46:03+02:00,2026-09-28,maandag,11:46,56
zl004,Zwolle,2026-09-28T12:01:03+02:00,2026-09-28,maandag,12:01,41
zl004,Zwolle,2026-09-28T12:31:05+02:00,2026-09-28,maandag,12:31,35
zl004,Zwolle,2026-09-28T12:46:03+02:00,2026-09-28,maandag,12:46,39
zl004,Zwolle,2026-09-28T13:01:03+02:00,2026-09-28,maandag,13:01,30
zl004,Zwolle,2026-09-28T13:16:03+02:00,2026-09-28,maandag,13:16,35
zl004,Zwolle,2026-09-28T13:31:03+02:00,2026-09-28,maandag,13:31,35
zl004,Zwolle,2026-09-28T14:01:03+02:00,2026-09-28,maandag,14:01,31
zl004,Zwolle,2026-09-28T14:16:02+02:00,2026-09-28,maandag,14:16,35
zl004,Zwolle,2026-09-28T14:31:02+02:00,2026-09-28,maandag,14:31,36
zl004,Zwolle,2026-09-28T14:46:03+02:00,2026-09-28,maandag,14:46,43
zl004,Zwolle,2026-09-28T15:01:04+02:00,2026-09-28,maandag,15:01,46
zl004,Zwolle,2026-09-28T15:16:03+02:00,2026-09-28,maandag,15:16,58
zl004,Zwolle,2026-09-28T15:31:05+02:00,2026-09-28,maandag,15:31,65
zl004,Zwolle,2026-09-28T15:46:02+02:00,2026-09-28,maandag,15:46,95
zl004,Zwolle,2026-09-28T16:01:02+02:00,2026-09-28,maandag,16:01,110
zl004,Zwolle,2026-09-28T16:31:03+02:00,2026-09-28,maandag,16:31,157
zl004,Zwolle,2026-09-28T16:46:02+02:00,2026-09-28,maandag,16:46,203
zl004,Zwolle,2026-09-28T17:16:03+02:00,2026-09-28,maandag,17:16,256
zl004,Zwolle,2026-09-28T17:31:02+02:00,2026-09-28,maandag,17:31,272
zl004,Zwolle,2026-09-28T17:46:03+02:00,2026-09-28,maandag,17:46,290
zl004,Zwolle,2026-09-28T18:01:02+02:00,2026-09-28,maandag,18:01,300
zl004,Zwolle,2026-09-28T18:31:03+02:00,2026-09-28,maandag,18:31,300
zl004,Zwolle,2026-09-28T18:46:02+02:00,2026-09-28,maandag,18:46,300
zl004,Zwolle,2026-09-28T19:01:02+02:00,2026-09-28,maandag,19:01,298
zl004,Zwolle,2026-09-28T19:16:03+02:00,2026-09-28,maandag,19:16,299
zl004,Zwolle,2026-09-28T19:31:03+02:00,2026-09-28,maandag,19:31,298
zl004,Zwolle,2026-09-28T19:46:03+02:00,2026-09-28,maandag,19:46,307
zl004,Zwolle,2026-09-28T20:01:02+02:00,2026-09-28,maandag,20:01,308
zl004,Zwolle,2026-09-28T20:16:02+02:00,2026-09-28,maandag,20:16,313
zl004,Zwolle,2026-09-28T20:46:03+02:00,2026-09-28,maandag,20:46,323
zl004,Zwolle,2026-09-28T21:01:03+02:00,2026-09-28,maandag,21:01,322
zl004,Zwolle,2026-09-28T21:16:03+02:00,2026-09-28,maandag,21:16,325
zl004,Zwolle,2026-09-28T21:31:03+02:00,2026-09-28,maandag,21:31,327
zl004,Zwolle,2026-09-28T21:46:02+02:00,2026-09-28,maandag,21:46,332
zl004,Zwolle,2026-09-28T22:01:02+02:00,2026-09-28,maandag,22:01,334
zl004,Zwolle,2026-09-28T22:16:03+02:00,2026-09-28,maandag,22:16,339
zl004,Zwolle,2026-09-28T22:31:02+02:00,2026-09-28,maandag,22:31,340
zl004,Zwolle,2026-09-28T23:01:02+02:00,2026-09-28,maandag,23:01,346
zl004,Zwolle,2026-09-28T23:16:03+02:00,2026-09-28,maandag,23:16,347
zl004,Zwolle,2026-09-28T23:31:03+02:00,2026-09-28,maandag,23:31,347
zl004,Zwolle,2026-09-28T23:46:03+02:00,2026-09-28,maandag,23:46,346
zl004,Zwolle,2026-09-29T00:01:02+02:00,2026-09-29,dinsdag,00:01,347
zl004,Zwolle,2026-09-29T00:16:03+02:00,2026-09-29,dinsdag,00:16,347
zl004,Zwolle,2026-09-29T00:31:03+02:00,2026-09-29,dinsdag,00:31,345
zl004,Zwolle,2026-09-29T00:46:02+02:00,2026-09-29,dinsdag,00:46,345
zl004,Zwolle,2026-09-29T01:01:03+02:00,2026-09-29,dinsdag,01:01,344
zl004,Zwolle,2026-09-29T01:16:03+02:00,2026-09-29,dinsdag,01:16,344
zl004,Zwolle,2026-09-29T01:31:04+02:00,2026-09-29,dinsdag,01:31,344
zl004,Zwolle,2026-09-29T01:46:02+02:00,2026-09-29,dinsdag,01:46,344
zl004,Zwolle,2026-09-29T02:01:02+02:00,2026-09-29,dinsdag,02:01,344
zl004,Zwolle,2026-09-29T02:16:03+02:00,2026-09-29,dinsdag,02:16,344
zl004,Zwolle,2026-09-29T02:46:02+02:00,2026-09-29,dinsdag,02:46,344
zl004,Zwolle,2026-09-29T03:01:02+02:00,2026-09-29,dinsdag,03:01,344
zl004,Zwolle,2026-09-29T03:16:03+02:00,2026-09-29,dinsdag,03:16,344
zl004,Zwolle,2026-09-29T03:31:03+02:00,2026-09-29,dinsdag,03:31,344
zl004,Zwolle,2026-09-29T03:46:02+02:00,2026-09-29,dinsdag,03:46,344
zl004,Zwolle,2026-09-29T04:01:02+02:00,2026-09-29,dinsdag,04:01,344
zl004,Zwolle,2026-09-29T04:16:02+02:00,2026-09-29,dinsdag,04:16,344
zl004,Zwolle,2026-09-29T04:31:02+02:00,2026-09-29,dinsdag,04:31,344
zl004,Zwolle,2026-09-29T04:46:03+02:00,2026-09-29,dinsdag,04:46,344
zl004,Zwolle,2026-09-29T05:01:03+02:00,2026-09-29,dinsdag,05:01,344
zl004,Zwolle,2026-09-29T05:16:02+02:00,2026-09-29,dinsdag,05:16,344
zl004,Zwolle,2026-09-29T05:31:03+02:00,2026-09-29,dinsdag,05:31,344
zl004,Zwolle,2026-09-29T05:46:02+02:00,2026-09-29,dinsdag,05:46,345
zl004,Zwolle,2026-09-29T06:01:02+02:00,2026-09-29,dinsdag,06:01,345
zl004,Zwolle,2026-09-29T06:16:02+02:00,2026-09-29,dinsdag,06:16,346
zl004,Zwolle,2026-09-29T06:31:02+02:00,2026-09-29,dinsdag,06:31,345
zl004,Zwolle,2026-09-29T06:46:02+02:00,2026-09-29,dinsdag,06:46,345
zl004,Zwolle,2026-09-29T07:01:02+02:00,2026-09-29,dinsdag,07:01,339
zl004,Zwolle,2026-09-29T07:16:02+02:00,2026-09-29,dinsdag,07:16,333
zl004,Zwolle,2026-09-29T07:31:03+02:00,2026-09-29,dinsdag,07:31,320
zl004,Zwolle,2026-09-29T07:46:03+02:00,2026-09-29,dinsdag,07:46,294
zl004,Zwolle,2026-09-29T08:01:02+02:00,2026-09-29,dinsdag,08:01,266
zl004,Zwolle,2026-09-29T08:16:03+02:00,2026-09-29,dinsdag,08:16,222
zl004,Zwolle,2026-09-29T08:46:03+02:00,2026-09-29,dinsdag,08:46,110
zl004,Zwolle,2026-09-29T09:01:03+02:00,2026-09-29,dinsdag,09:01,22
zl004,Zwolle,2026-09-29T09:16:03+02:00,2026-09-29,dinsdag,09:16,10
zl004,Zwolle,2026-09-29T09:31:02+02:00,2026-09-29,dinsdag,09:31,4
zl004,Zwolle,2026-09-29T10:01:02+02:00,2026-09-29,dinsdag,10:01,4
zl004,Zwolle,2026-09-29T10:16:02+02:00,2026-09-29,dinsdag,10:16,4
zl004,Zwolle,2026-09-29T10:31:02+02:00,2026-09-29,dinsdag,10:31,4
zl004,Zwolle,2026-09-29T10:46:02+02:00,2026-09-29,dinsdag,10:46,6
zl004,Zwolle,2026-09-29T11:01:02+02:00,2026-09-29,dinsdag,11:01,2
zl004,Zwolle,2026-09-29T11:16:04+02:00,2026-09-29,dinsdag,11:16,2
zl004,Zwolle,2026-09-29T11:31:03+02:00,2026-09-29,dinsdag,11:31,2
zl004,Zwolle,2026-09-29T11:46:02+02:00,2026-09-29,dinsdag,11:46,2
zl004,Zwolle,2026-09-29T12:01:03+02:00,2026-09-29,dinsdag,12:01,3
zl004,Zwolle,2026-09-29T12:16:03+02:00,2026-09-29,dinsdag,12:16,3
zl004,Zwolle,2026-09-29T12:31:03+02:00,2026-09-29,dinsdag,12:31,2
zl004,Zwolle,2026-09-29T12:46:03+02:00,2026-09-29,dinsdag,12:46,2
zl004,Zwolle,2026-09-29T13:01:02+02:00,2026-09-29,dinsdag,13:01,2
zl004,Zwolle,2026-09-29T13:31:02+02:00,2026-09-29,dinsdag,13:31,2
zl004,Zwolle,2026-09-29T13:46:03+02:00,2026-09-29,dinsdag,13:46,7
zl004,Zwolle,2026-09-29T14:01:04+02:00,2026-09-29,dinsdag,14:01,3
zl004,Zwolle,2026-09-29T14:16:03+02:00,2026-09-29,dinsdag,14:16,6
zl004,Zwolle,2026-09-29T14:31:03+02:00,2026-09-29,dinsdag,14:31,3
zl004,Zwolle,2026-09-29T14:46:02+02:00,2026-09-29,dinsdag,14:46,10
zl004,Zwolle,2026-09-29T15:31:02+02:00,2026-09-29,dinsdag,15:31,25
zl004,Zwolle,2026-09-29T15:46:02+02:00,2026-09-29,dinsdag,15:46,44
zl004,Zwolle,2026-09-29T16:01:04+02:00,2026-09-29,dinsdag,16:01,56
zl004,Zwolle,2026-09-29T16:16:02+02:00,2026-09-29,dinsdag,16:16,95
zl004,Zwolle,2026-09-29T16:31:03+02:00,2026-09-29,dinsdag,16:31,113
zl004,Zwolle,2026-09-29T16:46:03+02:00,2026-09-29,dinsdag,16:46,170
zl004,Zwolle,2026-09-29T17:01:02+02:00,2026-09-29,dinsdag,17:01,197
zl004,Zwolle,2026-09-29T17:16:03+02:00,2026-09-29,dinsdag,17:16,239
zl004,Zwolle,2026-09-29T17:31:04+02:00,2026-09-29,dinsdag,17:31,256
zl004,Zwolle,2026-09-29T17:46:02+02:00,2026-09-29,dinsdag,17:46,277
zl004,Zwolle,2026-09-29T18:01:03+02:00,2026-09-29,dinsdag,18:01,278
zl004,Zwolle,2026-09-29T18:31:03+02:00,2026-09-29,dinsdag,18:31,284
zl004,Zwolle,2026-09-29T18:46:03+02:00,2026-09-29,dinsdag,18:46,291
zl004,Zwolle,2026-09-29T19:01:02+02:00,2026-09-29,dinsdag,19:01,293
zl004,Zwolle,2026-09-29T19:16:03+02:00,2026-09-29,dinsdag,19:16,303
zl004,Zwolle,2026-09-29T19:31:03+02:00,2026-09-29,dinsdag,19:31,306
zl004,Zwolle,2026-09-29T19:46:05+02:00,2026-09-29,dinsdag,19:46,305
zl004,Zwolle,2026-09-29T20:01:02+02:00,2026-09-29,dinsdag,20:01,304
zl004,Zwolle,2026-09-29T20:16:03+02:00,2026-09-29,dinsdag,20:16,310
zl004,Zwolle,2026-09-29T20:31:03+02:00,2026-09-29,dinsdag,20:31,314
zl004,Zwolle,2026-09-29T20:46:02+02:00,2026-09-29,dinsdag,20:46,324
zl004,Zwolle,2026-09-29T21:01:03+02:00,2026-09-29,dinsdag,21:01,326
zl004,Zwolle,2026-09-29T21:16:03+02:00,2026-09-29,dinsdag,21:16,330
zl004,Zwolle,2026-09-29T21:46:02+02:00,2026-09-29,dinsdag,21:46,334
zl004,Zwolle,2026-09-29T22:01:03+02:00,2026-09-29,dinsdag,22:01,338
zl004,Zwolle,2026-09-29T22:31:04+02:00,2026-09-29,dinsdag,22:31,353
zl004,Zwolle,2026-09-29T22:46:03+02:00,2026-09-29,dinsdag,22:46,365
zl004,Zwolle,2026-09-29T23:01:03+02:00,2026-09-29,dinsdag,23:01,371
zl004,Zwolle,2026-09-29T23:16:04+02:00,2026-09-29,dinsdag,23:16,375
zl004,Zwolle,2026-09-29T23:31:02+02:00,2026-09-29,dinsdag,23:31,378
zl004,Zwolle,2026-09-29T23:46:02+02:00,2026-09-29,dinsdag,23:46,380
zl004,Zwolle,2026-09-30T00:01:02+02:00,2026-09-30,woensdag,00:01,380
zl004,Zwolle,2026-09-30T00:16:03+02:00,2026-09-30,woensdag,00:16,380
zl004,Zwolle,2026-09-30T00:31:02+02:00,2026-09-30,woensdag,00:31,380
zl004,Zwolle,2026-09-30T00:46:02+02:00,2026-09-30,woensdag,00:46,380
zl004,Zwolle,2026-09-30T01:01:02+02:00,2026-09-30,woensdag,01:01,381
zl004,Zwolle,2026-09-30T01:16:03+02:00,2026-09-30,woensdag,01:16,380
zl004,Zwolle,2026-09-30T01:31:03+02:00,2026-09-30,woensdag,01:31,380
zl004,Zwolle,2026-09-30T01:46:03+02:00,2026-09-30,woensdag,01:46,380
zl004,Zwolle,2026-09-30T02:01:02+02:00,2026-09-30,woensdag,02:01,380
zl004,Zwolle,2026-09-30T02:16:03+02:00,2026-09-30,woensdag,02:16,380
zl004,Zwolle,2026-09-30T02:31:02+02:00,2026-09-30,woensdag,02:31,380
zl004,Zwolle,2026-09-30T02:46:02+02:00,2026-09-30,woensdag,02:46,380
zl004,Zwolle,2026-09-30T03:01:03+02:00,2026-09-30,woensdag,03:01,380
zl004,Zwolle,2026-09-30T03:16:03+02:00,2026-09-30,woensdag,03:16,380
zl004,Zwolle,2026-09-30T03:31:02+02:00,2026-09-30,woensdag,03:31,380
zl004,Zwolle,2026-09-30T03:46:02+02:00,2026-09-30,woensdag,03:46,380
zl004,Zwolle,2026-09-30T04:01:01+02:00,2026-09-30,woensdag,04:01,380
zl004,Zwolle,2026-09-30T04:16:02+02:00,2026-09-30,woensdag,04:16,380
zl004,Zwolle,2026-09-30T04:31:03+02:00,2026-09-30,woensdag,04:31,380
zl004,Zwolle,2026-09-30T04:46:02+02:00,2026-09-30,woensdag,04:46,380
zl004,Zwolle,2026-09-30T05:01:03+02:00,2026-09-30,woensdag,05:01,380
zl004,Zwolle,2026-09-30T05:16:02+02:00,2026-09-30,woensdag,05:16,380
zl004,Zwolle,2026-09-30T05:31:03+02:00,2026-09-30,woensdag,05:31,380
zl004,Zwolle,2026-09-30T05:46:03+02:00,2026-09-30,woensdag,05:46,380
zl004,Zwolle,2026-09-30T06:01:02+02:00,2026-09-30,woensdag,06:01,380
zl004,Zwolle,2026-09-30T06:31:02+02:00,2026-09-30,woensdag,06:31,379
zl004,Zwolle,2026-09-30T06:46:02+02:00,2026-09-30,woensdag,06:46,378
zl004,Zwolle,2026-09-30T07:01:03+02:00,2026-09-30,woensdag,07:01,378
zl004,Zwolle,2026-09-30T07:16:03+02:00,2026-09-30,woensdag,07:16,369
zl004,Zwolle,2026-09-30T07:31:03+02:00,2026-09-30,woensdag,07:31,364
zl004,Zwolle,2026-09-30T07:46:02+02:00,2026-09-30,woensdag,07:46,355
zl004,Zwolle,2026-09-30T08:01:02+02:00,2026-09-30,woensdag,08:01,333
zl004,Zwolle,2026-09-30T08:16:03+02:00,2026-09-30,woensdag,08:16,315
zl004,Zwolle,2026-09-30T08:31:02+02:00,2026-09-30,woensdag,08:31,263
zl004,Zwolle,2026-09-30T08:46:03+02:00,2026-09-30,woensdag,08:46,245
zl004,Zwolle,2026-09-30T09:01:02+02:00,2026-09-30,woensdag,09:01,191
zl004,Zwolle,2026-09-30T09:16:02+02:00,2026-09-30,woensdag,09:16,176
zl004,Zwolle,2026-09-30T09:31:04+02:00,2026-09-30,woensdag,09:31,155
zl004,Zwolle,2026-09-30T09:46:02+02:00,2026-09-30,woensdag,09:46,149
zl004,Zwolle,2026-09-30T10:01:02+02:00,2026-09-30,woensdag,10:01,137
zl004,Zwolle,2026-09-30T10:16:03+02:00,2026-09-30,woensdag,10:16,137
zl004,Zwolle,2026-09-30T10:31:03+02:00,2026-09-30,woensdag,10:31,126
zl004,Zwolle,2026-09-30T10:46:02+02:00,2026-09-30,woensdag,10:46,120
zl004,Zwolle,2026-09-30T11:01:03+02:00,2026-09-30,woensdag,11:01,113
zl004,Zwolle,2026-09-30T11:16:03+02:00,2026-09-30,woensdag,11:16,114
zl004,Zwolle,2026-09-30T11:31:02+02:00,2026-09-30,woensdag,11:31,110
zl004,Zwolle,2026-09-30T11:46:03+02:00,2026-09-30,woensdag,11:46,109
zl004,Zwolle,2026-09-30T12:31:04+02:00,2026-09-30,woensdag,12:31,115
zl004,Zwolle,2026-09-30T12:46:02+02:00,2026-09-30,woensdag,12:46,119
zl004,Zwolle,2026-09-30T13:01:03+02:00,2026-09-30,woensdag,13:01,112
zl004,Zwolle,2026-09-30T13:16:02+02:00,2026-09-30,woensdag,13:16,116
zl004,Zwolle,2026-09-30T13:31:03+02:00,2026-09-30,woensdag,13:31,118
zl004,Zwolle,2026-09-30T13:46:03+02:00,2026-09-30,woensdag,13:46,119
zl004,Zwolle,2026-09-30T14:01:03+02:00,2026-09-30,woensdag,14:01,121
zl004,Zwolle,2026-09-30T14:16:03+02:00,2026-09-30,woensdag,14:16,126
zl004,Zwolle,2026-09-30T14:31:03+02:00,2026-09-30,woensdag,14:31,129
zl004,Zwolle,2026-09-30T14:46:01+02:00,2026-09-30,woensdag,14:46,142
zl004,Zwolle,2026-09-30T15:01:02+02:00,2026-09-30,woensdag,15:01,146
zl004,Zwolle,2026-09-30T15:16:02+02:00,2026-09-30,woensdag,15:16,160
zl004,Zwolle,2026-09-30T15:31:04+02:00,2026-09-30,woensdag,15:31,167
zl004,Zwolle,2026-09-30T16:01:02+02:00,2026-09-30,woensdag,16:01,193
zl004,Zwolle,2026-09-30T16:16:03+02:00,2026-09-30,woensdag,16:16,220
zl004,Zwolle,2026-09-30T16:31:02+02:00,2026-09-30,woensdag,16:31,226
zl004,Zwolle,2026-09-30T16:46:03+02:00,2026-09-30,woensdag,16:46,260
zl004,Zwolle,2026-09-30T17:01:03+02:00,2026-09-30,woensdag,17:01,279
zl004,Zwolle,2026-09-30T17:16:03+02:00,2026-09-30,woensdag,17:16,302
zl004,Zwolle,2026-09-30T17:31:03+02:00,2026-09-30,woensdag,17:31,309
zl004,Zwolle,2026-09-30T17:46:02+02:00,2026-09-30,woensdag,17:46,321
zl004,Zwolle,2026-09-30T18:01:02+02:00,2026-09-30,woensdag,18:01,325
zl004,Zwolle,2026-09-30T18:16:03+02:00,2026-09-30,woensdag,18:16,331
