datum,station_code,station,aankomsten,aankomsten_5min,geannuleerde_aankomsten
2026-05-01,AC,Abcoude,107,1,29
2026-05-01,ACDG,Airport Charles de Gaulle,2,0,0
2026-05-01,AH,Arnhem Centraal,474,6,5
2026-05-01,AHAR,Hamburg-Harburg,1,0,0
2026-05-01,AHBF,Aachen Hbf,31,2,2
2026-05-01,AHP,Arnhem Velperpoort,204,0,2
2026-05-01,AHPR,Arnhem Presikhaaf,72,0,0
2026-05-01,AHZ,Arnhem Zuid,125,1,4
2026-05-01,AKL,Arkel,68,2,4
2026-05-01,AKM,Akkrum,69,0,5
2026-05-01,ALM,Almere Centrum,252,5,9
2026-05-01,ALMB,Almere Buiten,139,0,2
2026-05-01,ALMM,Almere Muziekwijk,213,2,4
2026-05-01,ALMO,Almere Oostvaarders,110,0,2
2026-05-01,ALMP,Almere Parkwijk,139,0,2
2026-05-01,AMF,Amersfoort Centraal,448,22,12
2026-05-01,AMFS,Amersfoort Schothorst,144,4,4
2026-05-01,AML,Almelo,255,3,10
2026-05-01,AMPO,Almere Poort,213,3,4
2026-05-01,AMR,Alkmaar,176,13,3
2026-05-01,AMRI,Almelo de Riet,95,0,4
2026-05-01,AMRN,Alkmaar Noord,149,8,2
2026-05-01,ANA,Anna Paulowna,82,2,2
2026-05-01,ANDD,Antwerpen-Noorderdokken,33,2,0
2026-05-01,APD,Apeldoorn,209,6,0
2026-05-01,APDM,Apeldoorn De Maten,64,0,0
2026-05-01,APDO,Apeldoorn Osseveld,74,2,0
2026-05-01,APG,Appingedam,72,0,0
2026-05-01,APN,Alphen a/d Rijn,168,0,3
2026-05-01,ARN,Arnemuiden,74,5,2
2026-05-01,ASA,Amsterdam Amstel,319,19,33
2026-05-01,ASB,Amsterdam Bijlmer ArenA,258,13,31
2026-05-01,ASD,Amsterdam Centraal,975,72,129
2026-05-01,ASDL,Amsterdam Lelylaan,325,23,95
2026-05-01,ASDM,Amsterdam Muiderpoort,249,16,33
2026-05-01,ASDZ,Amsterdam Zuid,384,0,189
2026-05-01,ASHD,Amsterdam Holendrecht,106,1,29
2026-05-01,ASN,Assen,156,3,5
2026-05-01,ASS,Amsterdam Sloterdijk,833,62,25
2026-05-01,ASSP,Amsterdam Science Park,136,6,4
2026-05-01,ATN,Aalten,76,0,0
2026-05-01,ATW,Antwerpen-Centraal,125,15,0
2026-05-01,ATWLB,Antwerpen-Luchtbal,33,2,0
2026-05-01,AVAT,Amersfoort Vathorst,108,4,3
2026-05-01,AW,Aachen West,62,3,3
2026-05-01,BADENZ,Baden (CH),1,0,0
2026-05-01,BASELB,Basel Bad Bf,1,0,0
2026-05-01,BASELS,Basel SBB,1,0,0
2026-05-01,BD,Breda,298,18,11
2026-05-01,BDE,Bunde,76,1,0
2026-05-01,BDG,Bodegraven,103,2,3
2026-05-01,BDM,Bedum,72,1,0
2026-05-01,BDPB,Breda-Prinsenbeek,71,0,6
2026-05-01,BERCH,Antwerpen-Berchem,62,5,0
2026-05-01,BERHBL,Berlin Hbf,1,0,0
2026-05-01,BERHBT,Berlin Hbf,12,4,0
2026-05-01,BET,Best,149,5,0
2026-05-01,BF,Baflo,76,1,0
2026-05-01,BGN,Bergen op Zoom,105,7,3
2026-05-01,BH,Bad Bentheim,47,13,11
2026-05-01,BHDV,Boven-Hardinxveld,126,15,9
2026-05-01,BHF,Berlin Ostbahnhof,7,5,0
2026-05-01,BHV,Bilthoven,143,0,3
2026-05-01,BIELEF,Bielefeld Hbf,11,0,6
2026-05-01,BK,Beek-Elsloo,76,1,0
2026-05-01,BKF,Bovenkarspel Flora,78,1,0
2026-05-01,BKG,Bovenkarspel-Grootebroek,78,0,0
2026-05-01,BKL,Breukelen,111,5,62
2026-05-01,BL,Beilen,76,1,0
2026-05-01,BLL,Bloemendaal,79,3,0
2026-05-01,BMN,Brummen,72,0,0
2026-05-01,BMR,Boxmeer,76,1,0
2026-05-01,BN,Borne,95,0,4
2026-05-01,BNC,Barneveld Centrum,137,3,1
2026-05-01,BNK,Bunnik,104,3,2
2026-05-01,BNN,Barneveld Noord,138,6,0
2026-05-01,BNZ,Barneveld Zuid,107,2,1
2026-05-01,BP,Buitenpost,105,1,0
2026-05-01,BR,Blerick,148,5,0
2026-05-01,BRD,Barendrecht,148,6,0
2026-05-01,BREMEN,Bremen Hbf,2,0,0
2026-05-01,BRESSX,Bressoux,33,6,2
2026-05-01,BRN,Baarn,115,2,1
2026-05-01,BRUSC,Brussel-Centraal,32,2,0
2026-05-01,BRUSN,Brussel-Noord,33,2,0
2026-05-01,BRUSZ,Brussel-Zuid,70,14,0
2026-05-01,BSD,Beesd,68,1,4
2026-05-01,BSK,Boskoop,130,0,0
2026-05-01,BSKS,Boskoop Snijdelwijk,130,0,0
2026-05-01,BSMZ,Bussum Zuid,137,3,4
2026-05-01,BSPD,Berlin-Spandau,12,6,0
2026-05-01,BTL,Boxtel,149,0,0
2026-05-01,BUENDE,Bünde (Westf),37,10,11
2026-05-01,BV,Beverwijk,79,3,0
2026-05-01,BZL,Kapelle-Biezelinge,74,4,2
2026-05-01,CAS,Castricum,205,14,3
2026-05-01,CK,Cuijk,76,0,0
2026-05-01,CL,Culemborg,150,2,0
2026-05-01,CO,Coevorden,76,0,0
2026-05-01,CPS,Capelle Schollevaar,78,9,15
2026-05-01,CVM,Chevremont,76,0,0
2026-05-01,DA,Daarlerveen,56,0,0
2026-05-01,DB,Driebergen-Zeist,167,6,3
2026-05-01,DDN,Delden,59,6,22
2026-05-01,DDR,Dordrecht,245,18,7
2026-05-01,DDRS,Dordrecht Stadspolders,126,20,9
2026-05-01,DDZD,Dordrecht Zuid,150,0,4
2026-05-01,DEI,Deinum,68,0,0
2026-05-01,DID,Didam,132,1,2
2026-05-01,DL,Dalfsen,76,1,0
2026-05-01,DLD,Den Dolder,143,0,3
2026-05-01,DLN,Dalen,47,1,0
2026-05-01,DMN,Diemen,136,4,4
2026-05-01,DMNZ,Diemen Zuid,139,1,2
2026-05-01,DN,Deurne,106,3,1
2026-05-01,DR,Dieren,146,3,1
2026-05-01,DRH,Driehuis,79,3,0
2026-05-01,DRON,Dronten,69,0,7
2026-05-01,DRP,Dronryp,68,0,0
2026-05-01,DT,Delft,374,12,0
2026-05-01,DTC,Doetinchem,104,0,1
2026-05-01,DTCH,Doetinchem De Huet,132,2,2
2026-05-01,DTCP,Delft Campus,141,1,0
2026-05-01,DUISB,Duisburg Hbf,1,0,0
2026-05-01,DUSSEL,Düsseldorf Hbf,1,0,0
2026-05-01,DV,Deventer,271,11,2
2026-05-01,DVC,Deventer Colmschate,76,0,0
2026-05-01,DVD,Duivendrecht,242,3,31
2026-05-01,DVN,Duiven,132,1,2
2026-05-01,DVNK,De Vink,132,0,2
2026-05-01,DWE,De Westereen,71,1,0
2026-05-01,DZ,Delfzijl,36,0,0
2026-05-01,DZW,Delfzijl West,72,0,0
2026-05-01,EABG,Altenberge,32,12,1
2026-05-01,EAHS,Ahaus,25,16,3
2026-05-01,EBFT,Steinfurt-Burgsteinfurt,32,21,1
2026-05-01,EBGO,Steinfurt-Borghorst,32,21,1
2026-05-01,EBOK,Bork (Westf),22,11,5
2026-05-01,EC,Echt,74,0,0
2026-05-01,ECMF,Coesfeld (Westf),24,15,3
2026-05-01,ED,Ede-Wageningen,218,4,1
2026-05-01,EDC,Ede Centrum,78,2,0
2026-05-01,EDD,Dortmund-Derne,22,9,5
2026-05-01,EDKD,Dortmund-Kirchderne,22,9,5
2026-05-01,EDN,Eijsden,33,7,2
2026-05-01,EDO,Dortmund Hbf,11,7,3
2026-05-01,EDULH,Dülmen,24,11,3
2026-05-01,EEM,Eemshaven,24,0,5
2026-05-01,EEPE,Epe (Westf),25,10,3
2026-05-01,EGH,Eygelshoven,76,0,0
2026-05-01,EGHM,Eygelshoven Markt,62,3,3
2026-05-01,EGRK,Steinfurt-Grottenkamp,32,20,1
2026-05-01,EHS,Eindhoven Strijp-S,149,4,0
2026-05-01,EHV,Eindhoven Centraal,345,11,5
2026-05-01,EHW,Rosendahl-Holtwick,25,12,3
2026-05-01,EKZ,Enkhuizen,40,0,0
2026-05-01,EL,Emmerich-Elten,37,0,0
2026-05-01,ELDH,Lüdinghausen,24,10,3
2026-05-01,ELET,Lette (Kr Coesfeld),24,12,3
2026-05-01,ELGD,Legden,25,14,3
2026-05-01,ELUE,Lünen Hbf,22,11,5
2026-05-01,EM,Emmerich,56,0,0
2026-05-01,EML,Ermelo,74,2,1
2026-05-01,EMN,Emmen,38,0,0
2026-05-01,EMNZ,Emmen Zuid,76,1,0
2026-05-01,EMTE,Metelen Land,32,19,1
2026-05-01,ENBE,Münster-Häger,32,9,1
2026-05-01,ENHF,Münster (W) Zentrum Nord,31,11,2
2026-05-01,ENOW,Nordwalde,32,19,1
2026-05-01,EOP,Ochtrup,32,18,1
2026-05-01,EPRN,Preussen,21,9,6
2026-05-01,ES,Enschede,136,10,7
2026-05-01,ESE,Enschede De Eschmarke,63,10,5
2026-05-01,ESEB,Selm-Beifang,22,11,5
2026-05-01,ESEM,Selm,22,11,5
2026-05-01,ESK,Enschede Kennispark,98,1,2
2026-05-01,ESN,Essen,33,2,0
2026-05-01,EST,Elst,195,3,4
2026-05-01,ETN,Etten-Leur,104,7,5
2026-05-01,FBNL,Brussels Airport-Zaventem,32,4,0
2026-05-01,FFFM,Frankfurt (M) Hbf,6,0,0
2026-05-01,FKTH,Kalmthout,33,2,0
2026-05-01,FKW,Kassel-Wilhelmshöhe,2,1,0
2026-05-01,FMZ,Mainz Hbf,2,0,0
2026-05-01,FN,Franeker,68,0,0
2026-05-01,FNAF,Frankfurt Flughafen Fernb,15,2,0
2026-05-01,FNZD,Antwerpen-Zuid,30,0,0
2026-05-01,FRP,Puurs,15,0,0
2026-05-01,FVS,Visé,33,7,2
2026-05-01,FWD,Feanwâlden,135,1,0
2026-05-01,G,Gronau (Westf.),61,27,4
2026-05-01,GBG,Gramsbergen,47,1,0
2026-05-01,GBR,Glanerbrug,63,13,5
2026-05-01,GD,Gouda,482,22,40
2026-05-01,GDG,Gouda Goverwelle,153,10,17
2026-05-01,GDM,Geldermalsen,184,4,2
2026-05-01,GDR,Gaanderen,76,0,0
2026-05-01,GERP,Groningen Europapark,318,7,0
2026-05-01,GK,Grijpskerk,71,1,0
2026-05-01,GKT,Kijkuit,33,2,0
2026-05-01,GLN,Geleen Oost,76,0,0
2026-05-01,GN,Groningen,369,5,3
2026-05-01,GND,Hardinxveld-Giessendam,126,26,9
2026-05-01,GNN,Groningen Noord,148,2,0
2026-05-01,GO,Goor,69,3,12
2026-05-01,GP,Geldrop,71,2,0
2026-05-01,GR,Gorinchem,96,4,7
2026-05-01,GS,Goes,104,7,3
2026-05-01,GV,Den Haag HS,374,12,3
2026-05-01,GVC,Den Haag Centraal,344,4,19
2026-05-01,GVM,Den Haag Mariahoeve,132,0,2
2026-05-01,GVMW,Den Haag Moerwijk,141,1,0
2026-05-01,GW,Grou-Jirnsum,69,0,5
2026-05-01,GWD,Wildert,33,2,0
2026-05-01,GZ,Gilze-Rijen,74,1,4
2026-05-01,HAD,Heemstede-Aerdenhout,231,5,1
2026-05-01,HAMM,Hamm (Westf.),2,1,0
2026-05-01,HANN,Hannover Hbf,14,8,0
2026-05-01,HB,Hoensbroek,76,0,0
2026-05-01,HBZM,Hardinxveld Blauwe Zoom,71,18,3
2026-05-01,HD,Harderwijk,74,2,1
2026-05-01,HDB,Hardenberg,102,1,0
2026-05-01,HDE,'t Harde,74,2,1
2026-05-01,HDG,Hurdegaryp,71,1,0
2026-05-01,HDR,Den Helder,36,2,6
2026-05-01,HDRZ,Den Helder Zuid,77,2,7
2026-05-01,HFD,Hoofddorp,175,13,1
2026-05-01,HGL,Hengelo,283,14,46
2026-05-01,HGLG,Hengelo Gezondheidspark,49,6,32
2026-05-01,HGLO,Hengelo Oost,60,2,24
2026-05-01,HGV,Hoogeveen,77,3,0
2026-05-01,HGZ,Hoogezand-Sappemeer,141,8,0
2026-05-01,HIL,Hillegom,77,1,0
2026-05-01,HK,Heemskerk,79,3,0
2026-05-01,HKS,Hoogkarspel,78,0,0
2026-05-01,HLG,Harlingen,68,0,0
2026-05-01,HLGH,Harlingen Haven,34,0,0
2026-05-01,HLM,Haarlem,342,10,2
2026-05-01,HLMS,Haarlem Spaarnwoude,145,7,2
2026-05-01,HLO,Heiloo,157,9,2
2026-05-01,HM,Helmond,140,3,2
2026-05-01,HMBH,Helmond Brouwhuis,68,0,2
2026-05-01,HMBV,Helmond Brandevoort,68,2,2
2026-05-01,HMH,Helmond 't Hout,68,1,2
2026-05-01,HMN,Hemmen-Dodewaard,66,2,0
2026-05-01,HN,Hoorn,185,3,0
2026-05-01,HNK,Hoorn Kersenboogerd,114,0,0
2026-05-01,HNO,Heino,74,0,6
2026-05-01,HNP,Hindeloopen,48,0,0
2026-05-01,HOHT,Osnabrück Altstadt,24,2,11
2026-05-01,HON,Holten,76,0,0
2026-05-01,HOR,Hollandsche Rading,83,1,1
2026-05-01,HR,Heerenveen,140,1,10
2026-05-01,HRL,Heerlen,199,13,2
2026-05-01,HRLW,Heerlen Woonboulevard,78,1,0
2026-05-01,HRN,Haren,80,1,0
2026-05-01,HRT,Horst-Sevenum,72,2,0
2026-05-01,HT,'s-Hertogenbosch,378,13,9
2026-05-01,HTN,Houten,150,2,0
2026-05-01,HTNC,Houten Castellum,150,2,0
2026-05-01,HTO,'s-Hertogenbosch Oost,74,2,4
2026-05-01,HVL,Hoevelaken,138,6,0
2026-05-01,HVS,Hilversum,292,13,5
2026-05-01,HVSM,Hilversum Media Park,137,3,4
2026-05-01,HVSP,Hilversum Sportpark,139,3,1
2026-05-01,HWD,Heerhugowaard,149,9,2
2026-05-01,HWZB,Halfweg-Zwanenburg,144,6,3
2026-05-01,HZ,Herzogenrath,62,3,3
2026-05-01,HZE,Heeze,71,2,0
2026-05-01,IJT,IJlst,48,0,0
2026-05-01,INNSB,Innsbruck Hbf,1,0,0
2026-05-01,JENBAC,Jenbach,1,0,0
2026-05-01,KARLSR,Karlsruhe Hbf,1,0,0
2026-05-01,KBB,Bonn-Beuel,2,0,0
2026-05-01,KBD,Krabbendijke,74,3,2
2026-05-01,KBK,Klarenbeek,64,0,0
2026-05-01,KBOI,Boisheim,32,0,0
2026-05-01,KBRY,Breyell,32,0,0
2026-05-01,KDUL,Dülken,32,0,0
2026-05-01,KKO,Koblenz Hbf,2,0,0
2026-05-01,KLP,Veenendaal-De Klomp,80,1,0
2026-05-01,KMA,Krommenie-Assendelft,115,9,19
2026-05-01,KMR,Klimmen-Ransdaal,78,1,0
2026-05-01,KMW,Koudum-Molkwerum,48,0,0
2026-05-01,KN,Kaldenkirchen,32,0,0
2026-05-01,KOLN,Köln Hbf,16,2,0
2026-05-01,KPN,Kampen,39,3,0
2026-05-01,KPNZ,Kampen Zuid,68,0,8
2026-05-01,KRD,Kerkrade Centrum,38,0,0
2026-05-01,KRG,Kruiningen-Yerseke,74,5,2
2026-05-01,KSB,Siegburg/Bonn,14,2,0
2026-05-01,KTR,Kesteren,66,2,0
2026-05-01,KUFST,Kufstein,1,0,0
2026-05-01,KW,Kropswolde,141,8,0
2026-05-01,KZ,Koog aan de Zaan,115,6,19
2026-05-01,LAA,Den Haag Laan v NOI,282,6,2
2026-05-01,LC,Lochem,68,4,12
2026-05-01,LDL,Leiden Lammenschans,104,1,3
2026-05-01,LDM,Leerdam,68,1,4
2026-05-01,LEDN,Leiden Centraal,523,15,10
2026-05-01,LEER,Leer (Ostfriesl),25,0,0
2026-05-01,LG,Landgraaf,138,21,3
2026-05-01,LILLEE,Lille Europe,7,1,0
2026-05-01,LKP,Kapellen,33,2,0
2026-05-01,LKR,Ekeren,33,2,0
2026-05-01,LLS,Lelystad Centrum,149,2,10
2026-05-01,LLZM,Lansingerland-Zoetermeer,78,1,0
2026-05-01,LP,Loppersum,72,0,0
2026-05-01,LTN,Lunteren,78,1,0
2026-05-01,LTV,Lichtenvoorde-Groenlo,71,1,0
2026-05-01,LUIK,Liège-Guillemins,17,6,0
2026-05-01,LUT,Geleen-Lutterade,76,1,0
2026-05-01,LW,Leeuwarden,211,2,6
2026-05-01,LWC,Leeuwarden Camminghaburen,71,1,0
2026-05-01,MANNHE,Mannheim Hbf,3,0,0
2026-05-01,MARIA,Sint-Mariaburg,33,2,0
2026-05-01,MARNE,Marne-la-Vallée-Chessy,1,0,0
2026-05-01,MAS,Maarssen,79,0,42
2026-05-01,MCGB,Mönchengladbach Hbf,43,5,0
2026-05-01,MDB,Middelburg,103,6,4
2026-05-01,MECH,Mechelen,32,5,0
2026-05-01,MES,Meerssen,138,10,3
2026-05-01,MG,Mantgum,69,1,0
2026-05-01,MID,Heide (B),33,2,0
2026-05-01,MMLH,Mook-Molenhoek,76,0,0
2026-05-01,MP,Meppel,213,7,13
2026-05-01,MRB,Mariënberg,130,1,0
2026-05-01,MRN,Maarn,74,3,0
2026-05-01,MT,Maastricht,236,12,4
2026-05-01,MTH,Martenshoek,141,8,0
2026-05-01,MTN,Maastricht Noord,78,1,0
2026-05-01,MTR,Maastricht Randwyck,109,8,2
2026-05-01,MUNCHH,München Hbf,1,0,0
2026-05-01,MUNST,Münster (Westf) Hbf,16,10,2
2026-05-01,MZ,Maarheeze,71,1,0
2026-05-01,NA,Nieuw Amsterdam,76,1,0
2026-05-01,NDB,Naarden-Bussum,212,5,5
2026-05-01,NDKP,Noorderkempen,32,5,0
2026-05-01,NEUSS,Neuss Hbf,2,0,0
2026-05-01,NH,Nuth,76,1,0
2026-05-01,NKK,Nijkerk,74,2,1
2026-05-01,NM,Nijmegen,303,3,8
2026-05-01,NMD,Nijmegen Dukenburg,118,2,8
2026-05-01,NMGO,Nijmegen Goffert,118,1,8
2026-05-01,NMH,Nijmegen Heyendaal,76,0,0
2026-05-01,NML,Nijmegen Lent,125,1,4
2026-05-01,NS,Nunspeet,74,2,1
2026-05-01,NSCH,Bad Nieuweschans,38,0,0
2026-05-01,NURNB,Nürnberg Hbf,1,0,0
2026-05-01,NVD,Nijverdal,100,0,8
2026-05-01,NVP,Nieuw Vennep,126,8,0
2026-05-01,NWK,Nieuwerkerk a/d IJssel,78,8,15
2026-05-01,O,Oss,145,2,6
2026-05-01,OBD,Obdam,66,6,0
2026-05-01,OBERH,Oberhausen Hbf,28,0,0
2026-05-01,ODB,Oudenbosch,77,0,0
2026-05-01,ODZ,Oldenzaal,58,7,25
2026-05-01,OMN,Ommen,76,1,0
2026-05-01,OP,Opheusden,66,2,0
2026-05-01,OSNH,Osnabrück Hbf,37,8,11
2026-05-01,OST,Olst,74,3,1
2026-05-01,OT,Oisterwijk,70,0,0
2026-05-01,OTB,Oosterbeek,68,0,0
2026-05-01,OVN,Overveen,76,5,0
2026-05-01,OW,Oss West,74,1,4
2026-05-01,PARIS,Paris-Nord,10,0,0
2026-05-01,PMO,Purmerend Overwhere,79,1,0
2026-05-01,PMR,Purmerend,79,2,0
2026-05-01,PMW,Purmerend Weidevenne,79,1,0
2026-05-01,PRAHA,Praha hl.n.,1,0,0
2026-05-01,PT,Putten,74,2,1
2026-05-01,RAI,Amsterdam RAI,211,5,191
2026-05-01,RAT,Raalte,99,1,9
2026-05-01,RB,Rilland-Bath,74,5,2
2026-05-01,RBB,Baden-Baden,1,0,0
2026-05-01,RD,Roodeschool,60,0,5
2026-05-01,RF,Freiburg (Breisgau) Hbf,1,0,0
2026-05-01,RH,Rheden,72,0,0
2026-05-01,RHEINE,Rheine,40,13,11
2026-05-01,RHN,Rhenen,37,2,0
2026-05-01,RL,Ruurlo,71,1,0
2026-05-01,RLB,Rotterdam Lombardijen,212,13,0
2026-05-01,RM,Roermond,183,4,2
2026-05-01,RO,Offenburg,1,0,0
2026-05-01,ROSENH,Rosenheim,1,0,0
2026-05-01,RS,Rosmalen,74,1,4
2026-05-01,RSD,Roosendaal,163,12,4
2026-05-01,RSN,Rijssen,76,0,0
2026-05-01,RSW,Rijswijk,141,1,0
2026-05-01,RTA,Rotterdam Alexander,211,21,25
2026-05-01,RTB,Rotterdam Blaak,212,7,0
2026-05-01,RTD,Rotterdam Centraal,609,49,17
2026-05-01,RTN,Rotterdam Noord,78,10,15
2026-05-01,RTZ,Rotterdam Zuid,148,3,0
2026-05-01,RV,Reuver,76,3,0
2026-05-01,RVS,Ravenstein,72,0,6
2026-05-01,SBK,Spaubeek,76,0,0
2026-05-01,SD,Soestdijk,70,0,0
2026-05-01,SDA,Scheemda,118,6,0
2026-05-01,SDM,Schiedam Centrum,291,7,0
2026-05-01,SDT,Sliedrecht,125,20,10
2026-05-01,SDTB,Sliedrecht Baanhoek,124,35,11
2026-05-01,SGL,Houthem-St. Gerlach,78,1,0
2026-05-01,SGN,Schagen,82,4,2
2026-05-01,SHL,Schiphol Airport,491,53,3
2026-05-01,SK,Sneek,66,1,0
2026-05-01,SKND,Sneek Noord,81,1,0
2026-05-01,SM,Swalmen,75,3,1
2026-05-01,SN,Schinnen,76,0,0
2026-05-01,SOG,Schin op Geul,78,0,0
2026-05-01,SPTN,Santpoort Noord,79,3,0
2026-05-01,SPTZ,Santpoort Zuid,79,3,0
2026-05-01,SRN,Susteren,74,1,0
2026-05-01,SSH,Sassenheim,126,7,0
2026-05-01,ST,Soest,70,0,0
2026-05-01,STD,Sittard,226,5,2
2026-05-01,STM,Stedum,72,0,0
2026-05-01,STP,London St. Pancras Int.,5,1,0
2026-05-01,STV,Stavoren,24,0,0
2026-05-01,STZ,Soest Zuid,70,0,0
2026-05-01,SWD,Sauwerd,148,2,0
2026-05-01,SWK,Steenwijk,140,3,10
2026-05-01,TB,Tilburg,298,8,7
2026-05-01,TBG,Terborg,76,0,0
2026-05-01,TBR,Tilburg Reeshof,74,1,4
2026-05-01,TBU,Tilburg Universiteit,109,1,4
2026-05-01,TG,Tegelen,76,4,0
2026-05-01,TL,Tiel,70,3,0
2026-05-01,TPSW,Tiel Passewaaij,74,0,0
2026-05-01,TS,Stuttgart Hbf,1,0,0
2026-05-01,TWL,Twello,74,2,0
2026-05-01,UHM,Uithuizermeeden,74,2,0
2026-05-01,UHZ,Uithuizen,74,1,0
2026-05-01,UST,Usquert,74,1,0
2026-05-01,UT,Utrecht Centraal,949,21,30
2026-05-01,UTG,Uitgeest,138,10,8
2026-05-01,UTLN,Utrecht Lunetten,150,1,0
2026-05-01,UTLR,Utrecht Leidsche Rijn,128,1,1
2026-05-01,UTM,Utrecht Maliebaan,8,0,0
2026-05-01,UTO,Utrecht Overvecht,298,2,4
2026-05-01,UTT,Utrecht Terwijde,128,1,1
2026-05-01,UTVR,Utrecht Vaartsche Rijn,254,5,2
2026-05-01,UTZL,Utrecht Zuilen,116,2,5
2026-05-01,VB,Voorburg,78,1,0
2026-05-01,VD,Vorden,71,1,0
2026-05-01,VDL,Voerendaal,78,1,0
2026-05-01,VDM,Veendam,35,2,0
2026-05-01,VEM,Voorst-Empe,64,0,0
2026-05-01,VG,Vught,79,0,0
2026-05-01,VH,Voorhout,77,0,0
2026-05-01,VHP,Vroomshoop,56,0,0
2026-05-01,VIERS,Viersen,32,0,0
2026-05-01,VK,Valkenburg,139,10,2
2026-05-01,VL,Venlo,159,8,0
2026-05-01,VLB,Vierlingsbeek,76,1,0
2026-05-01,VNDC,Veenendaal Centrum,74,2,0
2026-05-01,VNDW,Veenendaal West,74,2,0
2026-05-01,VP,Velp,72,0,0
2026-05-01,VRY,Venray,76,1,0
2026-05-01,VS,Vlissingen,51,4,1
2026-05-01,VSS,Vlissingen Souburg,72,4,4
2026-05-01,VST,Voorschoten,132,0,2
2026-05-01,VSV,Varsseveld,76,0,0
2026-05-01,VTN,Vleuten,128,1,1
2026-05-01,VZ,Vriezenveen,56,0,0
2026-05-01,WAD,Waddinxveen,130,0,0
2026-05-01,WADN,Waddinxveen Noord,130,0,0
2026-05-01,WADT,Waddinxveen Triangel,130,0,0
2026-05-01,WC,Wijchen,95,1,7
2026-05-01,WD,Woerden,267,11,18
2026-05-01,WDN,Wierden,154,0,2
2026-05-01,WESEL,Wesel,56,0,0
2026-05-01,WF,Wolfheze,68,0,0
2026-05-01,WFM,Warffum,74,2,0
2026-05-01,WH,Wijhe,74,3,1
2026-05-01,WK,Workum,48,0,0
2026-05-01,WL,Wehl,132,1,2
2026-05-01,WM,Wormerveer,115,7,19
2026-05-01,WORGL,Wörgl Hbf,1,0,0
2026-05-01,WP,Weesp,349,6,12
2026-05-01,WR,Weener,34,0,0
2026-05-01,WS,Winschoten,80,3,0
2026-05-01,WSM,Winsum,76,1,0
2026-05-01,WT,Weert,145,4,1
2026-05-01,WTV,Westervoort,132,1,2
2026-05-01,WURZB,Würzburg Hbf,2,0,0
2026-05-01,WV,Wolvega,69,1,5
2026-05-01,WW,Winterswijk,74,1,0
2026-05-01,WWW,Winterswijk West,71,2,0
2026-05-01,WZ,Wezep,74,1,1
2026-05-01,YPB,Den Haag Ypenburg,78,1,0
2026-05-01,ZA,Zetten-Andelst,66,2,0
2026-05-01,ZB,Zuidbroek,141,8,0
2026-05-01,ZBM,Zaltbommel,76,2,0
2026-05-01,ZD,Zaandam,316,20,22
2026-05-01,ZDK,Zaandam Kogerveld,79,1,0
2026-05-01,ZH,Zuidhorn,104,2,0
2026-05-01,ZL,Zwolle,447,12,34
2026-05-01,ZLSH,Zwolle Stadshagen,78,6,0
2026-05-01,ZLW,Lage Zwaluwe,149,0,5
2026-05-01,ZP,Zutphen,215,6,7
2026-05-01,ZTM,Zoetermeer,78,1,0
2026-05-01,ZTMO,Zoetermeer Oost,78,1,0
2026-05-01,ZUE,Zürich HB,1,0,0
2026-05-01,ZV,Zevenaar,169,1,2
2026-05-01,ZVB,Zevenbergen,77,0,0
2026-05-01,ZVT,Zandvoort aan Zee,38,3,0
2026-05-01,ZWD,Zwijndrecht,179,9,0
2026-05-01,ZZS,Zaandijk Zaanse Schans,115,9,19
2026-05-02,AC,Abcoude,100,16,16
2026-05-02,ACDG,Airport Charles de Gaulle,2,0,0
2026-05-02,AH,Arnhem Centraal,391,9,7
2026-05-02,AHBF,Aachen Hbf,30,0,1
2026-05-02,AHP,Arnhem Velperpoort,144,2,0
2026-05-02,AHPR,Arnhem Presikhaaf,67,0,0
2026-05-02,AHZ,Arnhem Zuid,112,2,0
2026-05-02,AKL,Arkel,70,0,0
2026-05-02,AKM,Akkrum,37,2,2
2026-05-02,ALM,Almere Centrum,240,5,2
2026-05-02,ALMB,Almere Buiten,127,3,0
2026-05-02,ALMM,Almere Muziekwijk,199,1,0
2026-05-02,ALMO,Almere Oostvaarders,104,3,0
2026-05-02,ALMP,Almere Parkwijk,127,2,0
2026-05-02,AMF,Amersfoort Centraal,426,15,12
2026-05-02,AMFS,Amersfoort Schothorst,138,5,1
2026-05-02,AML,Almelo,219,0,4
2026-05-02,AMPO,Almere Poort,199,1,0
2026-05-02,AMR,Alkmaar,163,18,4
2026-05-02,AMRI,Almelo de Riet,73,0,0
2026-05-02,AMRN,Alkmaar Noord,137,6,3
2026-05-02,ANA,Anna Paulowna,74,2,2
2026-05-02,ANDD,Antwerpen-Noorderdokken,33,2,0
2026-05-02,APD,Apeldoorn,173,7,6
2026-05-02,APDM,Apeldoorn De Maten,34,1,0
2026-05-02,APDO,Apeldoorn Osseveld,38,0,0
2026-05-02,APG,Appingedam,68,0,0
2026-05-02,APN,Alphen a/d Rijn,150,1,0
2026-05-02,ARN,Arnemuiden,70,4,2
2026-05-02,ASA,Amsterdam Amstel,286,55,31
2026-05-02,ASB,Amsterdam Bijlmer ArenA,275,31,28
2026-05-02,ASD,Amsterdam Centraal,951,103,137
2026-05-02,ASDL,Amsterdam Lelylaan,376,7,91
2026-05-02,ASDM,Amsterdam Muiderpoort,261,24,13
2026-05-02,ASDZ,Amsterdam Zuid,375,0,179
2026-05-02,ASHD,Amsterdam Holendrecht,74,12,12
2026-05-02,ASN,Assen,148,4,2
2026-05-02,ASS,Amsterdam Sloterdijk,837,85,42
2026-05-02,ASSP,Amsterdam Science Park,125,3,1
2026-05-02,ATN,Aalten,75,0,0
2026-05-02,ATW,Antwerpen-Centraal,95,19,17
2026-05-02,ATWLB,Antwerpen-Luchtbal,33,3,0
2026-05-02,AVAT,Amersfoort Vathorst,104,3,1
2026-05-02,AW,Aachen West,60,0,2
2026-05-02,BADENZ,Baden (CH),1,0,0
2026-05-02,BASELB,Basel Bad Bf,1,0,0
2026-05-02,BASELS,Basel SBB,1,0,0
2026-05-02,BD,Breda,267,22,17
2026-05-02,BDE,Bunde,74,2,0
2026-05-02,BDG,Bodegraven,113,1,0
2026-05-02,BDM,Bedum,68,0,0
2026-05-02,BDPB,Breda-Prinsenbeek,76,4,0
2026-05-02,BERCH,Antwerpen-Berchem,54,10,8
2026-05-02,BERHBT,Berlin Hbf,12,4,0
2026-05-02,BET,Best,138,19,0
2026-05-02,BF,Baflo,72,3,0
2026-05-02,BGN,Bergen op Zoom,70,7,2
2026-05-02,BH,Bad Bentheim,48,14,1
2026-05-02,BHDV,Boven-Hardinxveld,120,3,1
2026-05-02,BHF,Berlin Ostbahnhof,6,4,0
2026-05-02,BHV,Bilthoven,137,2,0
2026-05-02,BIELEF,Bielefeld Hbf,17,0,0
2026-05-02,BK,Beek-Elsloo,74,2,0
2026-05-02,BKF,Bovenkarspel Flora,70,7,7
2026-05-02,BKG,Bovenkarspel-Grootebroek,71,8,6
2026-05-02,BKL,Breukelen,125,15,16
2026-05-02,BL,Beilen,73,2,0
2026-05-02,BLL,Bloemendaal,76,4,1
2026-05-02,BMN,Brummen,67,0,0
2026-05-02,BMR,Boxmeer,96,0,0
2026-05-02,BN,Borne,73,0,0
2026-05-02,BNC,Barneveld Centrum,107,0,9
2026-05-02,BNK,Bunnik,72,4,2
2026-05-02,BNN,Barneveld Noord,109,0,7
2026-05-02,BNZ,Barneveld Zuid,87,0,11
2026-05-02,BP,Buitenpost,100,5,0
2026-05-02,BR,Blerick,141,15,8
2026-05-02,BRD,Barendrecht,179,0,0
2026-05-02,BRESSX,Bressoux,36,4,0
2026-05-02,BRN,Baarn,113,3,0
2026-05-02,BRUSC,Brussel-Centraal,24,5,8
2026-05-02,BRUSN,Brussel-Noord,24,7,8
2026-05-02,BRUSZ,Brussel-Zuid,45,13,9
2026-05-02,BSD,Beesd,70,1,0
2026-05-02,BSK,Boskoop,74,0,0
2026-05-02,BSKS,Boskoop Snijdelwijk,74,0,0
2026-05-02,BSMZ,Bussum Zuid,128,4,0
2026-05-02,BSPD,Berlin-Spandau,12,5,0
2026-05-02,BTL,Boxtel,138,18,0
2026-05-02,BUENDE,Bünde (Westf),47,14,0
2026-05-02,BV,Beverwijk,76,4,1
2026-05-02,BZL,Kapelle-Biezelinge,70,5,2
2026-05-02,CAS,Castricum,188,20,4
2026-05-02,CK,Cuijk,75,0,0
2026-05-02,CL,Culemborg,143,7,0
2026-05-02,CO,Coevorden,72,1,0
2026-05-02,CPS,Capelle Schollevaar,72,9,11
2026-05-02,CVM,Chevremont,74,0,0
2026-05-02,DA,Daarlerveen,45,0,0
2026-05-02,DB,Driebergen-Zeist,145,11,5
2026-05-02,DDN,Delden,62,4,4
2026-05-02,DDR,Dordrecht,176,7,5
2026-05-02,DDRS,Dordrecht Stadspolders,120,3,1
2026-05-02,DDZD,Dordrecht Zuid,146,7,7
2026-05-02,DEI,Deinum,64,2,0
2026-05-02,DID,Didam,77,2,0
2026-05-02,DL,Dalfsen,72,0,0
2026-05-02,DLD,Den Dolder,137,2,0
2026-05-02,DLN,Dalen,40,0,0
2026-05-02,DMN,Diemen,125,3,1
2026-05-02,DMNZ,Diemen Zuid,128,0,0
2026-05-02,DN,Deurne,100,15,8
2026-05-02,DR,Dieren,137,0,2
2026-05-02,DRH,Driehuis,76,4,1
2026-05-02,DRON,Dronten,67,1,0
2026-05-02,DRP,Dronryp,64,2,0
2026-05-02,DT,Delft,341,9,3
2026-05-02,DTC,Doetinchem,75,0,0
2026-05-02,DTCH,Doetinchem De Huet,77,0,0
2026-05-02,DTCP,Delft Campus,122,0,0
2026-05-02,DUSSEL,Düsseldorf Hbf,25,1,0
2026-05-02,DV,Deventer,231,6,6
2026-05-02,DVC,Deventer Colmschate,38,0,0
2026-05-02,DVD,Duivendrecht,199,12,12
2026-05-02,DVN,Duiven,77,2,0
2026-05-02,DVNK,De Vink,79,0,0
2026-05-02,DWE,De Westereen,69,2,0
2026-05-02,DZ,Delfzijl,34,0,0
2026-05-02,DZW,Delfzijl West,68,0,0
2026-05-02,EABG,Altenberge,34,8,2
2026-05-02,EAHS,Ahaus,26,15,5
2026-05-02,EBEO,Bönen,22,0,0
2026-05-02,EBFT,Steinfurt-Burgsteinfurt,34,13,2
2026-05-02,EBGO,Steinfurt-Borghorst,34,13,2
2026-05-02,EBOK,Bork (Westf),25,11,5
2026-05-02,EC,Echt,70,3,2
2026-05-02,ECMF,Coesfeld (Westf),25,13,5
2026-05-02,ED,Ede-Wageningen,184,8,9
2026-05-02,EDC,Ede Centrum,70,1,10
2026-05-02,EDD,Dortmund-Derne,15,4,15
2026-05-02,EDKD,Dortmund-Kirchderne,15,5,15
2026-05-02,EDN,Eijsden,36,8,0
2026-05-02,EDO,Dortmund Hbf,6,2,9
2026-05-02,EDULH,Dülmen,25,17,5
2026-05-02,EEM,Eemshaven,29,0,0
2026-05-02,EENP,Ennepetal,12,0,0
2026-05-02,EEPE,Epe (Westf),26,11,5
2026-05-02,EGH,Eygelshoven,74,0,0
2026-05-02,EGHM,Eygelshoven Markt,60,0,2
2026-05-02,EGRK,Steinfurt-Grottenkamp,34,13,2
2026-05-02,EHS,Eindhoven Strijp-S,138,15,0
2026-05-02,EHV,Eindhoven Centraal,325,48,14
2026-05-02,EHW,Rosendahl-Holtwick,26,13,5
2026-05-02,EHZW,Holzwickede,22,0,0
2026-05-02,EKZ,Enkhuizen,35,7,5
2026-05-02,EL,Emmerich-Elten,38,0,0
2026-05-02,ELDH,Lüdinghausen,25,12,5
2026-05-02,ELET,Lette (Kr Coesfeld),25,17,5
2026-05-02,ELGD,Legden,26,12,5
2026-05-02,ELUE,Lünen Hbf,19,8,11
2026-05-02,EM,Emmerich,61,0,0
2026-05-02,EML,Ermelo,71,2,0
2026-05-02,EMN,Emmen,36,0,0
2026-05-02,EMNZ,Emmen Zuid,72,0,0
2026-05-02,EMTE,Metelen Land,34,13,2
2026-05-02,ENBE,Münster-Häger,34,8,2
2026-05-02,ENHF,Münster (W) Zentrum Nord,34,9,2
2026-05-02,ENOW,Nordwalde,34,13,2
2026-05-02,EOP,Ochtrup,34,11,2
2026-05-02,EPRN,Preussen,15,4,15
2026-05-02,ES,Enschede,138,8,9
2026-05-02,ESE,Enschede De Eschmarke,60,10,14
2026-05-02,ESEB,Selm-Beifang,25,11,5
2026-05-02,ESEM,Selm,25,11,5
2026-05-02,ESK,Enschede Kennispark,74,0,0
2026-05-02,ESN,Essen,31,1,2
2026-05-02,ESRT,Schwerte (Ruhr),22,0,0
2026-05-02,EST,Elst,151,5,0
2026-05-02,ETN,Etten-Leur,71,6,2
2026-05-02,EUN,Unna,22,0,0
2026-05-02,FBNL,Brussels Airport-Zaventem,24,10,8
2026-05-02,FFFM,Frankfurt (M) Hbf,6,0,0
2026-05-02,FKTH,Kalmthout,33,1,0
2026-05-02,FKW,Kassel-Wilhelmshöhe,2,0,0
2026-05-02,FMZ,Mainz Hbf,2,0,0
2026-05-02,FN,Franeker,64,2,0
2026-05-02,FNAF,Frankfurt Flughafen Fernb,15,0,0
2026-05-02,FNZD,Antwerpen-Zuid,30,1,0
2026-05-02,FRP,Puurs,15,0,0
2026-05-02,FVS,Visé,36,4,0
2026-05-02,FWD,Feanwâlden,126,5,0
2026-05-02,G,Gronau (Westf.),64,21,7
2026-05-02,GBG,Gramsbergen,40,1,0
2026-05-02,GBR,Glanerbrug,60,10,14
2026-05-02,GD,Gouda,368,16,14
2026-05-02,GDG,Gouda Goverwelle,73,8,11
2026-05-02,GDM,Geldermalsen,177,6,1
2026-05-02,GDR,Gaanderen,75,0,0
2026-05-02,GERP,Groningen Europapark,295,6,1
2026-05-02,GK,Grijpskerk,69,2,0
2026-05-02,GKT,Kijkuit,33,1,0
2026-05-02,GLN,Geleen Oost,74,1,0
2026-05-02,GN,Groningen,344,9,8
2026-05-02,GND,Hardinxveld-Giessendam,120,5,1
2026-05-02,GNN,Groningen Noord,140,3,0
2026-05-02,GO,Goor,61,1,4
2026-05-02,GP,Geldrop,64,5,0
2026-05-02,GR,Gorinchem,95,1,0
2026-05-02,GS,Goes,70,4,2
2026-05-02,GV,Den Haag HS,341,11,4
2026-05-02,GVC,Den Haag Centraal,239,10,12
2026-05-02,GVM,Den Haag Mariahoeve,79,0,0
2026-05-02,GVMW,Den Haag Moerwijk,122,0,0
2026-05-02,GW,Grou-Jirnsum,36,2,3
2026-05-02,GWD,Wildert,33,1,0
2026-05-02,GZ,Gilze-Rijen,76,3,0
2026-05-02,HAD,Heemstede-Aerdenhout,208,6,2
2026-05-02,HAGEN,Hagen Hbf,23,0,0
2026-05-02,HAMM,Hamm (Westf.),12,0,0
2026-05-02,HANN,Hannover Hbf,13,6,0
2026-05-02,HB,Hoensbroek,74,1,0
2026-05-02,HBZM,Hardinxveld Blauwe Zoom,72,3,0
2026-05-02,HD,Harderwijk,71,2,0
2026-05-02,HDB,Hardenberg,94,1,0
2026-05-02,HDE,'t Harde,71,2,0
2026-05-02,HDG,Hurdegaryp,69,3,0
2026-05-02,HDR,Den Helder,37,2,2
2026-05-02,HDRZ,Den Helder Zuid,74,2,2
2026-05-02,HFD,Hoofddorp,200,11,1
2026-05-02,HGL,Hengelo,276,10,9
2026-05-02,HGLG,Hengelo Gezondheidspark,62,4,4
2026-05-02,HGLO,Hengelo Oost,68,0,4
2026-05-02,HGV,Hoogeveen,73,2,0
2026-05-02,HGZ,Hoogezand-Sappemeer,134,2,0
2026-05-02,HIL,Hillegom,70,1,0
2026-05-02,HK,Heemskerk,76,4,1
2026-05-02,HKS,Hoogkarspel,72,8,5
2026-05-02,HLG,Harlingen,64,2,0
2026-05-02,HLGH,Harlingen Haven,32,1,0
2026-05-02,HLM,Haarlem,314,15,15
2026-05-02,HLMS,Haarlem Spaarnwoude,136,8,12
2026-05-02,HLO,Heiloo,149,10,3
2026-05-02,HM,Helmond,134,18,8
2026-05-02,HMBH,Helmond Brouwhuis,67,6,0
2026-05-02,HMBV,Helmond Brandevoort,67,7,0
2026-05-02,HMH,Helmond 't Hout,67,6,0
2026-05-02,HMN,Hemmen-Dodewaard,34,2,0
2026-05-02,HN,Hoorn,172,11,9
2026-05-02,HNK,Hoorn Kersenboogerd,106,9,6
2026-05-02,HNO,Heino,72,0,0
2026-05-02,HNP,Hindeloopen,36,0,0
2026-05-02,HOHT,Osnabrück Altstadt,33,3,0
2026-05-02,HON,Holten,38,0,0
2026-05-02,HOR,Hollandsche Rading,84,2,0
2026-05-02,HR,Heerenveen,102,3,5
2026-05-02,HRL,Heerlen,192,10,2
2026-05-02,HRLW,Heerlen Woonboulevard,74,3,0
2026-05-02,HRN,Haren,76,3,0
2026-05-02,HRT,Horst-Sevenum,67,10,8
2026-05-02,HT,'s-Hertogenbosch,357,33,16
2026-05-02,HTN,Houten,143,4,0
2026-05-02,HTNC,Houten Castellum,143,5,0
2026-05-02,HTO,'s-Hertogenbosch Oost,70,3,0
2026-05-02,HVL,Hoevelaken,109,0,7
2026-05-02,HVS,Hilversum,276,12,0
2026-05-02,HVSM,Hilversum Media Park,128,5,0
2026-05-02,HVSP,Hilversum Sportpark,128,2,0
2026-05-02,HWD,Heerhugowaard,136,7,4
2026-05-02,HWZB,Halfweg-Zwanenburg,136,8,12
2026-05-02,HZ,Herzogenrath,60,0,2
2026-05-02,HZE,Heeze,64,6,0
2026-05-02,IJT,IJlst,36,0,0
2026-05-02,INNSB,Innsbruck Hbf,1,0,0
2026-05-02,JENBAC,Jenbach,1,0,0
2026-05-02,KARLSR,Karlsruhe Hbf,1,0,0
2026-05-02,KBB,Bonn-Beuel,2,0,0
2026-05-02,KBD,Krabbendijke,70,7,2
2026-05-02,KBK,Klarenbeek,34,2,0
2026-05-02,KBOI,Boisheim,60,1,0
2026-05-02,KBRY,Breyell,60,1,0
2026-05-02,KDBI,Düsseldorf-Bilk,24,2,0
2026-05-02,KDUL,Dülken,60,1,0
2026-05-02,KKO,Koblenz Hbf,2,0,0
2026-05-02,KLP,Veenendaal-De Klomp,75,5,2
2026-05-02,KMA,Krommenie-Assendelft,99,17,18
2026-05-02,KMR,Klimmen-Ransdaal,74,2,0
2026-05-02,KMW,Koudum-Molkwerum,36,0,0
2026-05-02,KN,Kaldenkirchen,60,2,0
2026-05-02,KOLN,Köln Hbf,16,3,0
2026-05-02,KPN,Kampen,37,0,0
2026-05-02,KPNZ,Kampen Zuid,67,2,0
2026-05-02,KRD,Kerkrade Centrum,37,0,0
2026-05-02,KRG,Kruiningen-Yerseke,70,4,2
2026-05-02,KSB,Siegburg/Bonn,14,1,0
2026-05-02,KSWE,Schwelm,12,0,0
2026-05-02,KTR,Kesteren,34,2,0
2026-05-02,KUFST,Kufstein,1,0,0
2026-05-02,KW,Kropswolde,134,1,0
2026-05-02,KWBA,Wuppertal-Barmen,23,0,0
2026-05-02,KWO,Wuppertal-Oberbarmen,23,0,0
2026-05-02,KZ,Koog aan de Zaan,105,23,12
2026-05-02,LAA,Den Haag Laan v NOI,219,5,0
2026-05-02,LC,Lochem,60,1,4
2026-05-02,LDL,Leiden Lammenschans,113,3,0
2026-05-02,LDM,Leerdam,70,0,0
2026-05-02,LEDN,Leiden Centraal,490,30,16
2026-05-02,LEER,Leer (Ostfriesl),25,0,0
2026-05-02,LG,Landgraaf,134,11,2
2026-05-02,LILLEE,Lille Europe,5,1,0
2026-05-02,LKP,Kapellen,33,2,0
2026-05-02,LKR,Ekeren,33,2,0
2026-05-02,LLS,Lelystad Centrum,149,4,2
2026-05-02,LLZM,Lansingerland-Zoetermeer,76,0,0
2026-05-02,LP,Loppersum,68,0,0
2026-05-02,LTN,Lunteren,70,0,10
2026-05-02,LTV,Lichtenvoorde-Groenlo,54,1,2
2026-05-02,LUIK,Liège-Guillemins,18,2,0
2026-05-02,LUT,Geleen-Lutterade,74,1,0
2026-05-02,LW,Leeuwarden,177,8,5
2026-05-02,LWC,Leeuwarden Camminghaburen,69,5,0
2026-05-02,MANNHE,Mannheim Hbf,3,0,0
2026-05-02,MARIA,Sint-Mariaburg,33,2,0
2026-05-02,MARNE,Marne-la-Vallée-Chessy,1,0,0
2026-05-02,MAS,Maarssen,79,5,2
2026-05-02,MCGB,Mönchengladbach Hbf,61,10,0
2026-05-02,MDB,Middelburg,70,4,2
2026-05-02,MECH,Mechelen,24,8,8
2026-05-02,MES,Meerssen,134,7,0
2026-05-02,MG,Mantgum,65,0,0
2026-05-02,MID,Heide (B),33,1,0
2026-05-02,MMLH,Mook-Molenhoek,75,0,0
2026-05-02,MP,Meppel,177,5,4
2026-05-02,MRB,Mariënberg,117,1,0
2026-05-02,MRN,Maarn,72,5,2
2026-05-02,MT,Maastricht,229,17,2
2026-05-02,MTH,Martenshoek,134,1,0
2026-05-02,MTN,Maastricht Noord,74,1,0
2026-05-02,MTR,Maastricht Randwyck,108,6,2
2026-05-02,MUNCHH,München Hbf,1,0,0
2026-05-02,MUNST,Münster (Westf) Hbf,18,7,2
2026-05-02,MZ,Maarheeze,64,5,0
2026-05-02,NA,Nieuw Amsterdam,72,0,0
2026-05-02,NDB,Naarden-Bussum,200,4,0
2026-05-02,NDKP,Noorderkempen,23,9,9
2026-05-02,NEUSS,Neuss Hbf,26,2,0
2026-05-02,NH,Nuth,74,1,0
2026-05-02,NKK,Nijkerk,71,2,0
2026-05-02,NM,Nijmegen,297,10,5
2026-05-02,NMD,Nijmegen Dukenburg,112,2,0
2026-05-02,NMGO,Nijmegen Goffert,112,2,0
2026-05-02,NMH,Nijmegen Heyendaal,115,0,0
2026-05-02,NML,Nijmegen Lent,112,2,0
2026-05-02,NS,Nunspeet,71,2,0
2026-05-02,NSCH,Bad Nieuweschans,36,0,0
2026-05-02,NURNB,Nürnberg Hbf,1,0,0
2026-05-02,NVD,Nijverdal,72,0,0
2026-05-02,NVP,Nieuw Vennep,117,7,1
2026-05-02,NWK,Nieuwerkerk a/d IJssel,72,9,11
2026-05-02,O,Oss,138,7,2
2026-05-02,OBD,Obdam,60,1,3
2026-05-02,OBERH,Oberhausen Hbf,31,0,0
2026-05-02,ODB,Oudenbosch,76,2,1
2026-05-02,ODZ,Oldenzaal,67,8,4
2026-05-02,OMN,Ommen,72,0,0
2026-05-02,OP,Opheusden,34,2,0
2026-05-02,OSNH,Osnabrück Hbf,47,11,0
2026-05-02,OST,Olst,70,3,2
2026-05-02,OT,Oisterwijk,64,7,0
2026-05-02,OTB,Oosterbeek,36,0,0
2026-05-02,OVN,Overveen,68,1,4
2026-05-02,OW,Oss West,70,3,0
2026-05-02,PARIS,Paris-Nord,8,0,1
2026-05-02,PMO,Purmerend Overwhere,74,3,1
2026-05-02,PMR,Purmerend,74,3,1
2026-05-02,PMW,Purmerend Weidevenne,74,3,1
2026-05-02,PT,Putten,71,2,0
2026-05-02,RAI,Amsterdam RAI,201,2,179
2026-05-02,RAT,Raalte,72,0,0
2026-05-02,RB,Rilland-Bath,70,7,2
2026-05-02,RBB,Baden-Baden,1,0,0
2026-05-02,RD,Roodeschool,65,1,0
2026-05-02,RF,Freiburg (Breisgau) Hbf,1,0,0
2026-05-02,RH,Rheden,67,0,0
2026-05-02,RHEINE,Rheine,48,12,0
2026-05-02,RHN,Rhenen,36,3,1
2026-05-02,RL,Ruurlo,54,1,2
2026-05-02,RLB,Rotterdam Lombardijen,179,0,0
2026-05-02,RM,Roermond,170,15,7
2026-05-02,RO,Offenburg,1,0,0
2026-05-02,ROSENH,Rosenheim,1,0,0
2026-05-02,RS,Rosmalen,70,3,0
2026-05-02,RSD,Roosendaal,125,7,4
2026-05-02,RSN,Rijssen,38,0,0
2026-05-02,RSW,Rijswijk,122,0,0
2026-05-02,RTA,Rotterdam Alexander,257,28,13
2026-05-02,RTB,Rotterdam Blaak,194,6,1
2026-05-02,RTD,Rotterdam Centraal,520,42,30
2026-05-02,RTN,Rotterdam Noord,72,9,11
2026-05-02,RTST,Rotterdam Stadion,159,0,0
2026-05-02,RTZ,Rotterdam Zuid,143,1,0
2026-05-02,RV,Reuver,72,2,0
2026-05-02,RVS,Ravenstein,70,4,0
2026-05-02,SBK,Spaubeek,74,1,0
2026-05-02,SD,Soestdijk,66,1,0
2026-05-02,SDA,Scheemda,100,4,0
2026-05-02,SDM,Schiedam Centrum,262,5,0
2026-05-02,SDT,Sliedrecht,120,2,1
2026-05-02,SDTB,Sliedrecht Baanhoek,120,10,1
2026-05-02,SGL,Houthem-St. Gerlach,74,2,0
2026-05-02,SGN,Schagen,74,2,2
2026-05-02,SHL,Schiphol Airport,421,26,15
2026-05-02,SK,Sneek,50,0,0
2026-05-02,SKND,Sneek Noord,65,0,0
2026-05-02,SM,Swalmen,72,2,0
2026-05-02,SN,Schinnen,74,1,0
2026-05-02,SOG,Schin op Geul,74,1,0
2026-05-02,SPTN,Santpoort Noord,76,4,1
2026-05-02,SPTZ,Santpoort Zuid,76,4,1
2026-05-02,SRN,Susteren,70,5,2
2026-05-02,SSH,Sassenheim,117,7,1
2026-05-02,ST,Soest,66,0,0
2026-05-02,STD,Sittard,213,11,7
2026-05-02,STM,Stedum,68,0,0
2026-05-02,STP,London St. Pancras Int.,3,1,0
2026-05-02,STV,Stavoren,18,0,0
2026-05-02,STZ,Soest Zuid,66,0,0
2026-05-02,SWD,Sauwerd,140,2,0
2026-05-02,SWK,Steenwijk,104,4,4
2026-05-02,TB,Tilburg,286,17,4
2026-05-02,TBG,Terborg,75,0,0
2026-05-02,TBR,Tilburg Reeshof,76,3,0
2026-05-02,TBU,Tilburg Universiteit,107,4,1
2026-05-02,TG,Tegelen,72,3,0
2026-05-02,TL,Tiel,52,4,1
2026-05-02,TPSW,Tiel Passewaaij,69,5,2
2026-05-02,TS,Stuttgart Hbf,1,0,0
2026-05-02,TWL,Twello,38,0,0
2026-05-02,UHM,Uithuizermeeden,72,1,0
2026-05-02,UHZ,Uithuizen,72,1,0
2026-05-02,UST,Usquert,72,1,0
2026-05-02,UT,Utrecht Centraal,805,43,22
2026-05-02,UTG,Uitgeest,129,17,9
2026-05-02,UTLN,Utrecht Lunetten,143,5,0
2026-05-02,UTLR,Utrecht Leidsche Rijn,75,0,0
2026-05-02,UTM,Utrecht Maliebaan,8,0,0
2026-05-02,UTO,Utrecht Overvecht,281,4,0
2026-05-02,UTT,Utrecht Terwijde,75,1,0
2026-05-02,UTVR,Utrecht Vaartsche Rijn,215,8,2
2026-05-02,UTZL,Utrecht Zuilen,78,5,2
2026-05-02,VB,Voorburg,76,0,0
2026-05-02,VD,Vorden,54,1,2
2026-05-02,VDL,Voerendaal,74,2,0
2026-05-02,VDM,Veendam,33,0,0
2026-05-02,VEM,Voorst-Empe,34,2,0
2026-05-02,VG,Vught,74,8,0
2026-05-02,VH,Voorhout,70,1,0
2026-05-02,VHP,Vroomshoop,45,0,0
2026-05-02,VIERS,Viersen,60,1,0
2026-05-02,VK,Valkenburg,134,7,0
2026-05-02,VL,Venlo,156,17,2
2026-05-02,VLB,Vierlingsbeek,76,1,0
2026-05-02,VNDC,Veenendaal Centrum,72,3,2
2026-05-02,VNDW,Veenendaal West,72,3,2
2026-05-02,VP,Velp,67,0,0
2026-05-02,VRY,Venray,76,1,0
2026-05-02,VS,Vlissingen,34,3,2
2026-05-02,VSS,Vlissingen Souburg,70,4,2
2026-05-02,VST,Voorschoten,79,0,0
2026-05-02,VSV,Varsseveld,75,0,0
2026-05-02,VTN,Vleuten,75,1,0
2026-05-02,VZ,Vriezenveen,45,0,0
2026-05-02,WAD,Waddinxveen,74,0,0
2026-05-02,WADN,Waddinxveen Noord,74,0,0
2026-05-02,WADT,Waddinxveen Triangel,74,0,0
2026-05-02,WC,Wijchen,91,3,0
2026-05-02,WD,Woerden,203,11,12
2026-05-02,WDN,Wierden,110,0,0
2026-05-02,WESEL,Wesel,61,0,0
2026-05-02,WF,Wolfheze,36,0,0
2026-05-02,WFM,Warffum,72,1,0
2026-05-02,WH,Wijhe,70,4,2
2026-05-02,WK,Workum,36,1,0
2026-05-02,WL,Wehl,77,0,0
2026-05-02,WM,Wormerveer,102,22,15
2026-05-02,WORGL,Wörgl Hbf,1,0,0
2026-05-02,WP,Weesp,327,7,3
2026-05-02,WR,Weener,34,0,0
2026-05-02,WS,Winschoten,69,1,0
2026-05-02,WSM,Winsum,72,2,0
2026-05-02,WT,Weert,133,16,5
2026-05-02,WTV,Westervoort,77,2,0
2026-05-02,WUPPH,Wuppertal Hbf,23,0,0
2026-05-02,WUPPV,Wuppertal-Vohwinkel,23,0,0
2026-05-02,WURZB,Würzburg Hbf,2,0,0
2026-05-02,WV,Wolvega,38,2,1
2026-05-02,WW,Winterswijk,65,0,1
2026-05-02,WWW,Winterswijk West,54,1,2
2026-05-02,WZ,Wezep,71,2,0
2026-05-02,YPB,Den Haag Ypenburg,76,0,0
2026-05-02,ZA,Zetten-Andelst,34,2,0
2026-05-02,ZB,Zuidbroek,134,4,0
2026-05-02,ZBM,Zaltbommel,72,1,0
2026-05-02,ZD,Zaandam,288,42,16
2026-05-02,ZDK,Zaandam Kogerveld,74,2,1
2026-05-02,ZH,Zuidhorn,101,6,0
2026-05-02,ZL,Zwolle,413,10,6
2026-05-02,ZLSH,Zwolle Stadshagen,74,0,0
2026-05-02,ZLW,Lage Zwaluwe,150,5,4
2026-05-02,ZP,Zutphen,194,2,6
2026-05-02,ZTM,Zoetermeer,76,0,0
2026-05-02,ZTMO,Zoetermeer Oost,76,0,0
2026-05-02,ZUE,Zürich HB,1,0,0
2026-05-02,ZV,Zevenaar,115,2,0
2026-05-02,ZVB,Zevenbergen,76,2,1
2026-05-02,ZVT,Zandvoort aan Zee,34,1,2
2026-05-02,ZWD,Zwijndrecht,132,2,1
2026-05-02,ZZS,Zaandijk Zaanse Schans,105,23,12
2026-05-03,AC,Abcoude,99,5,0
2026-05-03,ACDG,Airport Charles de Gaulle,2,0,0
2026-05-03,AH,Arnhem Centraal,326,6,21
2026-05-03,AHBF,Aachen Hbf,24,0,1
2026-05-03,AHP,Arnhem Velperpoort,101,0,2
2026-05-03,AHPR,Arnhem Presikhaaf,35,0,0
2026-05-03,AHZ,Arnhem Zuid,64,0,0
2026-05-03,AKL,Arkel,60,0,0
2026-05-03,AKM,Akkrum,36,0,0
2026-05-03,ALM,Almere Centrum,223,2,0
2026-05-03,ALMB,Almere Buiten,120,0,0
2026-05-03,ALMM,Almere Muziekwijk,184,2,0
2026-05-03,ALMO,Almere Oostvaarders,99,0,0
2026-05-03,ALMP,Almere Parkwijk,120,0,0
2026-05-03,AMF,Amersfoort Centraal,380,20,7
2026-05-03,AMFS,Amersfoort Schothorst,128,1,0
2026-05-03,AML,Almelo,193,2,7
2026-05-03,AMPO,Almere Poort,184,1,0
2026-05-03,AMR,Alkmaar,158,10,20
2026-05-03,AMRI,Almelo de Riet,67,1,0
2026-05-03,AMRN,Alkmaar Noord,127,2,19
2026-05-03,ANA,Anna Paulowna,63,2,25
2026-05-03,ANDD,Antwerpen-Noorderdokken,33,2,0
2026-05-03,APD,Apeldoorn,160,10,9
2026-05-03,APDM,Apeldoorn De Maten,34,0,0
2026-05-03,APDO,Apeldoorn Osseveld,32,1,2
2026-05-03,APG,Appingedam,38,0,0
2026-05-03,APN,Alphen a/d Rijn,129,2,30
2026-05-03,ARN,Arnemuiden,67,3,2
2026-05-03,ASA,Amsterdam Amstel,295,28,21
2026-05-03,ASB,Amsterdam Bijlmer ArenA,242,23,4
2026-05-03,ASD,Amsterdam Centraal,931,56,116
2026-05-03,ASDL,Amsterdam Lelylaan,372,2,88
2026-05-03,ASDM,Amsterdam Muiderpoort,245,15,0
2026-05-03,ASDZ,Amsterdam Zuid,376,0,171
2026-05-03,ASHD,Amsterdam Holendrecht,71,6,0
2026-05-03,ASN,Assen,129,0,0
2026-05-03,ASS,Amsterdam Sloterdijk,814,32,22
2026-05-03,ASSP,Amsterdam Science Park,117,1,0
2026-05-03,ATN,Aalten,59,1,2
2026-05-03,ATW,Antwerpen-Centraal,115,7,3
2026-05-03,ATWLB,Antwerpen-Luchtbal,33,2,0
2026-05-03,AVAT,Amersfoort Vathorst,98,1,0
2026-05-03,AW,Aachen West,48,0,2
2026-05-03,BADENZ,Baden (CH),1,0,0
2026-05-03,BASELB,Basel Bad Bf,1,0,0
2026-05-03,BASELS,Basel SBB,1,0,0
2026-05-03,BD,Breda,255,19,19
2026-05-03,BDE,Bunde,70,0,0
2026-05-03,BDG,Bodegraven,103,2,21
2026-05-03,BDM,Bedum,38,0,0
2026-05-03,BDPB,Breda-Prinsenbeek,70,0,3
2026-05-03,BERCH,Antwerpen-Berchem,61,2,1
2026-05-03,BERHBT,Berlin Hbf,12,4,0
2026-05-03,BET,Best,129,5,2
2026-05-03,BF,Baflo,38,1,0
2026-05-03,BGN,Bergen op Zoom,67,4,2
2026-05-03,BH,Bad Bentheim,49,26,1
2026-05-03,BHDV,Boven-Hardinxveld,75,0,0
2026-05-03,BHF,Berlin Ostbahnhof,6,4,0
2026-05-03,BHV,Bilthoven,129,1,0
2026-05-03,BIELEF,Bielefeld Hbf,16,3,0
2026-05-03,BK,Beek-Elsloo,70,0,0
2026-05-03,BKF,Bovenkarspel Flora,66,0,0
2026-05-03,BKG,Bovenkarspel-Grootebroek,66,0,0
2026-05-03,BKL,Breukelen,119,5,0
2026-05-03,BL,Beilen,62,0,0
2026-05-03,BLL,Bloemendaal,72,0,0
2026-05-03,BMN,Brummen,35,0,0
2026-05-03,BMR,Boxmeer,88,0,0
2026-05-03,BN,Borne,67,0,0
2026-05-03,BNC,Barneveld Centrum,68,2,0
2026-05-03,BNK,Bunnik,68,1,1
2026-05-03,BNN,Barneveld Noord,68,2,0
2026-05-03,BNZ,Barneveld Zuid,68,2,0
2026-05-03,BP,Buitenpost,70,2,0
2026-05-03,BR,Blerick,141,11,4
2026-05-03,BRD,Barendrecht,178,0,0
2026-05-03,BRESSX,Bressoux,34,1,0
2026-05-03,BRN,Baarn,106,0,0
2026-05-03,BRUSC,Brussel-Centraal,31,0,1
2026-05-03,BRUSN,Brussel-Noord,31,1,1
2026-05-03,BRUSZ,Brussel-Zuid,59,3,2
2026-05-03,BSD,Beesd,60,0,0
2026-05-03,BSK,Boskoop,70,1,0
2026-05-03,BSKS,Boskoop Snijdelwijk,70,1,0
2026-05-03,BSMZ,Bussum Zuid,119,3,0
2026-05-03,BSPD,Berlin-Spandau,12,6,0
2026-05-03,BTL,Boxtel,128,4,3
2026-05-03,BUENDE,Bünde (Westf),46,17,0
2026-05-03,BV,Beverwijk,72,1,0
2026-05-03,BZL,Kapelle-Biezelinge,67,3,2
2026-05-03,CAS,Castricum,190,12,19
2026-05-03,CK,Cuijk,71,0,0
2026-05-03,CL,Culemborg,136,7,11
2026-05-03,CO,Coevorden,61,0,1
2026-05-03,CPS,Capelle Schollevaar,70,3,0
2026-05-03,CVM,Chevremont,70,0,0
2026-05-03,DA,Daarlerveen,33,0,0
2026-05-03,DB,Driebergen-Zeist,136,2,16
2026-05-03,DDN,Delden,50,0,0
2026-05-03,DDR,Dordrecht,149,1,1
2026-05-03,DDRS,Dordrecht Stadspolders,75,1,0
2026-05-03,DDZD,Dordrecht Zuid,142,1,3
2026-05-03,DEI,Deinum,60,0,0
2026-05-03,DID,Didam,66,0,2
2026-05-03,DL,Dalfsen,61,0,1
2026-05-03,DLD,Den Dolder,129,1,0
2026-05-03,DLN,Dalen,33,0,1
2026-05-03,DMN,Diemen,117,2,0
2026-05-03,DMNZ,Diemen Zuid,120,0,0
2026-05-03,DN,Deurne,90,11,4
2026-05-03,DR,Dieren,102,2,3
2026-05-03,DRH,Driehuis,72,0,0
2026-05-03,DRON,Dronten,66,0,0
2026-05-03,DRP,Dronryp,60,0,0
2026-05-03,DT,Delft,274,12,15
2026-05-03,DTC,Doetinchem,62,0,2
2026-05-03,DTCH,Doetinchem De Huet,66,0,2
2026-05-03,DTCP,Delft Campus,80,1,0
2026-05-03,DUISB,Duisburg Hbf,1,0,0
2026-05-03,DUSSEL,Düsseldorf Hbf,24,1,0
2026-05-03,DV,Deventer,211,19,13
2026-05-03,DVC,Deventer Colmschate,34,0,0
2026-05-03,DVD,Duivendrecht,195,7,2
2026-05-03,DVN,Duiven,66,0,2
2026-05-03,DVNK,De Vink,78,1,0
2026-05-03,DWE,De Westereen,38,1,0
2026-05-03,DZ,Delfzijl,19,0,0
2026-05-03,DZW,Delfzijl West,38,0,0
2026-05-03,EABG,Altenberge,31,4,1
2026-05-03,EAHS,Ahaus,28,1,0
2026-05-03,EBEO,Bönen,22,0,0
2026-05-03,EBFT,Steinfurt-Burgsteinfurt,31,8,1
2026-05-03,EBGO,Steinfurt-Borghorst,31,8,1
2026-05-03,EBOK,Bork (Westf),27,2,0
2026-05-03,EC,Echt,68,3,0
2026-05-03,ECMF,Coesfeld (Westf),27,4,0
2026-05-03,ED,Ede-Wageningen,173,5,15
2026-05-03,EDC,Ede Centrum,68,3,0
2026-05-03,EDD,Dortmund-Derne,27,2,0
2026-05-03,EDKD,Dortmund-Kirchderne,27,3,0
2026-05-03,EDN,Eijsden,34,2,0
2026-05-03,EDO,Dortmund Hbf,14,1,0
2026-05-03,EDULH,Dülmen,27,1,0
2026-05-03,EEM,Eemshaven,14,0,0
2026-05-03,EENP,Ennepetal,12,0,0
2026-05-03,EEPE,Epe (Westf),28,0,0
2026-05-03,EGH,Eygelshoven,70,0,0
2026-05-03,EGHM,Eygelshoven Markt,48,0,2
2026-05-03,EGRK,Steinfurt-Grottenkamp,31,7,1
2026-05-03,EHS,Eindhoven Strijp-S,129,4,2
2026-05-03,EHV,Eindhoven Centraal,279,19,12
2026-05-03,EHW,Rosendahl-Holtwick,28,0,0
2026-05-03,EHZW,Holzwickede,22,0,0
2026-05-03,EKZ,Enkhuizen,33,0,0
2026-05-03,EL,Emmerich-Elten,37,0,0
2026-05-03,ELDH,Lüdinghausen,27,1,0
2026-05-03,ELET,Lette (Kr Coesfeld),27,1,0
2026-05-03,ELGD,Legden,28,0,0
2026-05-03,ELUE,Lünen Hbf,27,2,0
2026-05-03,EM,Emmerich,55,0,0
2026-05-03,EML,Ermelo,73,3,0
2026-05-03,EMN,Emmen,30,0,1
2026-05-03,EMNZ,Emmen Zuid,61,0,1
2026-05-03,EMTE,Metelen Land,31,4,1
2026-05-03,ENBE,Münster-Häger,31,5,1
2026-05-03,ENHF,Münster (W) Zentrum Nord,31,5,1
2026-05-03,ENOW,Nordwalde,31,7,1
2026-05-03,EOP,Ochtrup,31,4,1
2026-05-03,EPRN,Preussen,27,2,0
2026-05-03,ES,Enschede,128,4,5
2026-05-03,ESE,Enschede De Eschmarke,66,0,2
2026-05-03,ESEB,Selm-Beifang,27,2,0
2026-05-03,ESEM,Selm,27,2,0
2026-05-03,ESK,Enschede Kennispark,68,0,0
2026-05-03,ESN,Essen,33,3,0
2026-05-03,ESRT,Schwerte (Ruhr),22,0,0
2026-05-03,EST,Elst,96,2,0
2026-05-03,ETN,Etten-Leur,70,1,2
2026-05-03,EUN,Unna,22,0,0
2026-05-03,FBNL,Brussels Airport-Zaventem,31,1,1
2026-05-03,FFFM,Frankfurt (M) Hbf,6,0,0
2026-05-03,FKTH,Kalmthout,33,3,0
2026-05-03,FKW,Kassel-Wilhelmshöhe,2,0,0
2026-05-03,FMZ,Mainz Hbf,2,0,0
2026-05-03,FN,Franeker,60,0,0
2026-05-03,FNAF,Frankfurt Flughafen Fernb,15,2,0
2026-05-03,FNZD,Antwerpen-Zuid,30,0,0
2026-05-03,FRP,Puurs,15,0,0
2026-05-03,FVS,Visé,34,1,0
2026-05-03,FWD,Feanwâlden,70,2,0
2026-05-03,G,Gronau (Westf.),64,1,1
2026-05-03,GBG,Gramsbergen,33,0,1
2026-05-03,GBR,Glanerbrug,66,0,2
2026-05-03,GD,Gouda,343,9,9
2026-05-03,GDG,Gouda Goverwelle,70,1,0
2026-05-03,GDM,Geldermalsen,165,8,12
2026-05-03,GDR,Gaanderen,59,1,2
2026-05-03,GERP,Groningen Europapark,187,2,0
2026-05-03,GK,Grijpskerk,38,1,0
2026-05-03,GKT,Kijkuit,33,3,0
2026-05-03,GLN,Geleen Oost,70,1,0
2026-05-03,GN,Groningen,215,1,0
2026-05-03,GND,Hardinxveld-Giessendam,75,0,0
2026-05-03,GNN,Groningen Noord,76,0,0
2026-05-03,GO,Goor,49,0,0
2026-05-03,GP,Geldrop,34,2,2
2026-05-03,GR,Gorinchem,67,0,0
2026-05-03,GS,Goes,67,3,2
2026-05-03,GSB,Berlin Gesundbrunnen,1,0,0
2026-05-03,GV,Den Haag HS,274,10,16
2026-05-03,GVC,Den Haag Centraal,200,11,13
2026-05-03,GVM,Den Haag Mariahoeve,79,0,0
2026-05-03,GVMW,Den Haag Moerwijk,80,2,0
2026-05-03,GW,Grou-Jirnsum,36,0,0
2026-05-03,GWD,Wildert,33,3,0
2026-05-03,GZ,Gilze-Rijen,69,2,3
2026-05-03,HAD,Heemstede-Aerdenhout,182,9,0
2026-05-03,HAGEN,Hagen Hbf,23,0,0
2026-05-03,HAMM,Hamm (Westf.),12,0,0
2026-05-03,HANN,Hannover Hbf,15,11,0
2026-05-03,HB,Hoensbroek,70,1,0
2026-05-03,HBZM,Hardinxveld Blauwe Zoom,61,0,0
2026-05-03,HD,Harderwijk,73,3,0
2026-05-03,HDB,Hardenberg,76,0,1
2026-05-03,HDE,'t Harde,73,3,0
2026-05-03,HDG,Hurdegaryp,38,1,0
2026-05-03,HDR,Den Helder,34,1,9
2026-05-03,HDRZ,Den Helder Zuid,70,1,18
2026-05-03,HFD,Hoofddorp,195,4,2
2026-05-03,HGL,Hengelo,241,13,9
2026-05-03,HGLG,Hengelo Gezondheidspark,50,1,0
2026-05-03,HGLO,Hengelo Oost,50,1,0
2026-05-03,HGV,Hoogeveen,62,0,0
2026-05-03,HGZ,Hoogezand-Sappemeer,76,0,0
2026-05-03,HIL,Hillegom,63,3,0
2026-05-03,HK,Heemskerk,72,1,0
2026-05-03,HKS,Hoogkarspel,66,0,0
2026-05-03,HLG,Harlingen,60,0,0
2026-05-03,HLGH,Harlingen Haven,30,0,0
2026-05-03,HLM,Haarlem,292,4,2
2026-05-03,HLMS,Haarlem Spaarnwoude,138,1,2
2026-05-03,HLO,Heiloo,145,6,18
2026-05-03,HM,Helmond,107,12,4
2026-05-03,HMBH,Helmond Brouwhuis,36,3,0
2026-05-03,HMBV,Helmond Brandevoort,36,3,0
2026-05-03,HMH,Helmond 't Hout,36,4,0
2026-05-03,HMN,Hemmen-Dodewaard,30,0,0
2026-05-03,HN,Hoorn,165,0,0
2026-05-03,HNK,Hoorn Kersenboogerd,99,0,0
2026-05-03,HNO,Heino,66,1,0
2026-05-03,HNP,Hindeloopen,30,0,0
2026-05-03,HOHT,Osnabrück Altstadt,32,11,0
2026-05-03,HON,Holten,34,0,0
2026-05-03,HOR,Hollandsche Rading,76,2,0
2026-05-03,HR,Heerenveen,99,0,2
2026-05-03,HRL,Heerlen,176,4,1
2026-05-03,HRLW,Heerlen Woonboulevard,72,0,0
2026-05-03,HRN,Haren,63,0,0
2026-05-03,HRT,Horst-Sevenum,71,13,4
2026-05-03,HT,'s-Hertogenbosch,344,19,10
2026-05-03,HTN,Houten,137,5,11
2026-05-03,HTNC,Houten Castellum,137,5,11
2026-05-03,HTO,'s-Hertogenbosch Oost,66,1,2
2026-05-03,HVL,Hoevelaken,68,3,0
2026-05-03,HVS,Hilversum,253,14,0
2026-05-03,HVSM,Hilversum Media Park,119,4,0
2026-05-03,HVSP,Hilversum Sportpark,116,4,0
2026-05-03,HWD,Heerhugowaard,127,2,19
2026-05-03,HWZB,Halfweg-Zwanenburg,138,1,2
2026-05-03,HZ,Herzogenrath,48,0,2
2026-05-03,HZE,Heeze,34,1,2
2026-05-03,IJT,IJlst,30,0,0
2026-05-03,INNSB,Innsbruck Hbf,1,0,0
2026-05-03,JENBAC,Jenbach,1,0,0
2026-05-03,KARLSR,Karlsruhe Hbf,1,0,0
2026-05-03,KBB,Bonn-Beuel,2,0,0
2026-05-03,KBD,Krabbendijke,67,3,2
2026-05-03,KBK,Klarenbeek,34,0,0
2026-05-03,KBOI,Boisheim,56,5,0
2026-05-03,KBRY,Breyell,56,6,0
2026-05-03,KDBI,Düsseldorf-Bilk,24,1,0
2026-05-03,KDUL,Dülken,56,4,0
2026-05-03,KKO,Koblenz Hbf,2,0,0
2026-05-03,KLP,Veenendaal-De Klomp,69,1,7
2026-05-03,KMA,Krommenie-Assendelft,102,6,2
2026-05-03,KMR,Klimmen-Ransdaal,72,0,0
2026-05-03,KMW,Koudum-Molkwerum,30,0,0
2026-05-03,KN,Kaldenkirchen,56,6,0
2026-05-03,KOLN,Köln Hbf,16,1,0
2026-05-03,KPN,Kampen,35,0,0
2026-05-03,KPNZ,Kampen Zuid,66,0,0
2026-05-03,KRD,Kerkrade Centrum,35,0,0
2026-05-03,KRG,Kruiningen-Yerseke,67,3,2
2026-05-03,KSB,Siegburg/Bonn,14,0,0
2026-05-03,KSWE,Schwelm,12,0,0
2026-05-03,KTR,Kesteren,30,0,0
2026-05-03,KUFST,Kufstein,1,0,0
2026-05-03,KW,Kropswolde,76,0,0
2026-05-03,KWBA,Wuppertal-Barmen,23,1,0
2026-05-03,KWO,Wuppertal-Oberbarmen,23,1,0
2026-05-03,KZ,Koog aan de Zaan,104,9,0
2026-05-03,LAA,Den Haag Laan v NOI,205,7,0
2026-05-03,LC,Lochem,48,0,0
2026-05-03,LDL,Leiden Lammenschans,94,2,30
2026-05-03,LDM,Leerdam,60,0,0
2026-05-03,LEDN,Leiden Centraal,463,24,17
2026-05-03,LEER,Leer (Ostfriesl),23,0,0
2026-05-03,LG,Landgraaf,118,6,2
2026-05-03,LILLEE,Lille Europe,7,1,0
2026-05-03,LKP,Kapellen,33,2,0
2026-05-03,LKR,Ekeren,33,2,0
2026-05-03,LLS,Lelystad Centrum,137,2,0
2026-05-03,LLZM,Lansingerland-Zoetermeer,73,0,0
2026-05-03,LP,Loppersum,38,0,0
2026-05-03,LTN,Lunteren,68,2,0
2026-05-03,LTV,Lichtenvoorde-Groenlo,50,0,0
2026-05-03,LUIK,Liège-Guillemins,17,0,0
2026-05-03,LUT,Geleen-Lutterade,70,0,0
2026-05-03,LW,Leeuwarden,131,3,1
2026-05-03,LWC,Leeuwarden Camminghaburen,38,2,0
2026-05-03,MA,Augsburg Hbf,2,0,0
2026-05-03,MANNHE,Mannheim Hbf,3,0,0
2026-05-03,MARIA,Sint-Mariaburg,33,2,0
2026-05-03,MARNE,Marne-la-Vallée-Chessy,1,0,0
2026-05-03,MAS,Maarssen,71,0,2
2026-05-03,MCGB,Mönchengladbach Hbf,57,8,0
2026-05-03,MDB,Middelburg,67,1,2
2026-05-03,MECH,Mechelen,31,1,1
2026-05-03,MES,Meerssen,120,1,0
2026-05-03,MG,Mantgum,34,1,0
2026-05-03,MID,Heide (B),33,2,0
2026-05-03,MMLH,Mook-Molenhoek,71,0,0
2026-05-03,MP,Meppel,161,2,2
2026-05-03,MRB,Mariënberg,92,0,1
2026-05-03,MRN,Maarn,68,1,1
2026-05-03,MT,Maastricht,216,6,0
2026-05-03,MTH,Martenshoek,76,0,0
2026-05-03,MTN,Maastricht Noord,72,2,0
2026-05-03,MTR,Maastricht Randwyck,105,1,0
2026-05-03,MUNCHH,München Hbf,2,0,0
2026-05-03,MUNST,Münster (Westf) Hbf,16,4,1
2026-05-03,MZ,Maarheeze,34,1,2
2026-05-03,NA,Nieuw Amsterdam,61,0,1
2026-05-03,NDB,Naarden-Bussum,183,4,0
2026-05-03,NDKP,Noorderkempen,31,2,1
2026-05-03,NEUSS,Neuss Hbf,24,1,0
2026-05-03,NH,Nuth,70,2,0
2026-05-03,NKK,Nijkerk,70,2,0
2026-05-03,NM,Nijmegen,240,4,15
2026-05-03,NMD,Nijmegen Dukenburg,65,2,3
2026-05-03,NMGO,Nijmegen Goffert,65,2,3
2026-05-03,NMH,Nijmegen Heyendaal,106,0,0
2026-05-03,NML,Nijmegen Lent,64,1,0
2026-05-03,NS,Nunspeet,73,3,0
2026-05-03,NSCH,Bad Nieuweschans,34,1,0
2026-05-03,NURNB,Nürnberg Hbf,1,0,0
2026-05-03,NVD,Nijverdal,66,1,0
2026-05-03,NVP,Nieuw Vennep,115,3,2
2026-05-03,NWK,Nieuwerkerk a/d IJssel,70,3,0
2026-05-03,O,Oss,131,6,5
2026-05-03,OBD,Obdam,58,0,0
2026-05-03,OBERH,Oberhausen Hbf,27,0,0
2026-05-03,ODB,Oudenbosch,72,1,0
2026-05-03,ODZ,Oldenzaal,55,12,3
2026-05-03,OMN,Ommen,61,0,1
2026-05-03,OP,Opheusden,30,0,0
2026-05-03,OSNH,Osnabrück Hbf,48,21,0
2026-05-03,OST,Olst,67,5,3
2026-05-03,OT,Oisterwijk,58,4,4
2026-05-03,OTB,Oosterbeek,36,0,0
2026-05-03,OVN,Overveen,67,1,1
2026-05-03,OW,Oss West,66,2,2
2026-05-03,PARIS,Paris-Nord,10,0,0
2026-05-03,PMO,Purmerend Overwhere,70,0,0
2026-05-03,PMR,Purmerend,70,0,0
2026-05-03,PMW,Purmerend Weidevenne,70,0,0
2026-05-03,PT,Putten,73,3,0
2026-05-03,RAI,Amsterdam RAI,193,2,171
2026-05-03,RAT,Raalte,66,1,0
2026-05-03,RB,Rilland-Bath,67,4,2
2026-05-03,RBB,Baden-Baden,1,0,0
2026-05-03,RD,Roodeschool,33,0,0
2026-05-03,RF,Freiburg (Breisgau) Hbf,1,0,0
2026-05-03,RH,Rheden,35,0,0
2026-05-03,RHEINE,Rheine,48,19,0
2026-05-03,RHN,Rhenen,34,1,1
2026-05-03,RL,Ruurlo,50,0,0
2026-05-03,RLB,Rotterdam Lombardijen,178,0,0
2026-05-03,RM,Roermond,162,6,2
2026-05-03,RO,Offenburg,1,0,0
2026-05-03,ROSENH,Rosenheim,1,0,0
2026-05-03,RS,Rosmalen,66,1,2
2026-05-03,RSD,Roosendaal,123,5,2
2026-05-03,RSN,Rijssen,33,0,1
2026-05-03,RSW,Rijswijk,80,2,0
2026-05-03,RTA,Rotterdam Alexander,236,21,6
2026-05-03,RTB,Rotterdam Blaak,182,5,7
2026-05-03,RTD,Rotterdam Centraal,485,38,24
2026-05-03,RTN,Rotterdam Noord,70,5,0
2026-05-03,RTST,Rotterdam Stadion,157,0,0
2026-05-03,RTZ,Rotterdam Zuid,137,2,0
2026-05-03,RV,Reuver,68,0,0
2026-05-03,RVS,Ravenstein,65,1,3
2026-05-03,SBK,Spaubeek,70,1,0
2026-05-03,SD,Soestdijk,62,0,0
2026-05-03,SDA,Scheemda,68,1,0
2026-05-03,SDM,Schiedam Centrum,203,7,4
2026-05-03,SDT,Sliedrecht,75,1,0
2026-05-03,SDTB,Sliedrecht Baanhoek,75,2,0
2026-05-03,SGL,Houthem-St. Gerlach,72,0,0
2026-05-03,SGN,Schagen,64,3,24
2026-05-03,SHL,Schiphol Airport,420,13,6
2026-05-03,SK,Sneek,32,1,0
2026-05-03,SKND,Sneek Noord,34,1,0
2026-05-03,SM,Swalmen,68,0,0
2026-05-03,SN,Schinnen,70,1,0
2026-05-03,SOG,Schin op Geul,72,0,0
2026-05-03,SPTN,Santpoort Noord,72,0,0
2026-05-03,SPTZ,Santpoort Zuid,72,0,0
2026-05-03,SRN,Susteren,68,3,0
2026-05-03,SSH,Sassenheim,115,2,2
2026-05-03,ST,Soest,62,0,0
2026-05-03,STD,Sittard,206,7,1
2026-05-03,STM,Stedum,38,0,0
2026-05-03,STP,London St. Pancras Int.,4,1,0
2026-05-03,STV,Stavoren,15,0,0
2026-05-03,STZ,Soest Zuid,62,0,0
2026-05-03,SWD,Sauwerd,76,0,0
2026-05-03,SWK,Steenwijk,99,0,2
2026-05-03,TB,Tilburg,257,15,19
2026-05-03,TBG,Terborg,59,0,2
2026-05-03,TBR,Tilburg Reeshof,69,2,3
2026-05-03,TBU,Tilburg Universiteit,97,4,6
2026-05-03,TG,Tegelen,68,0,0
2026-05-03,TL,Tiel,49,3,6
2026-05-03,TPSW,Tiel Passewaaij,66,9,13
2026-05-03,TS,Stuttgart Hbf,2,0,0
2026-05-03,TU,Ulm Hbf,2,0,0
2026-05-03,TWL,Twello,32,1,2
2026-05-03,UHM,Uithuizermeeden,38,0,0
2026-05-03,UHZ,Uithuizen,38,0,0
2026-05-03,UST,Usquert,38,0,0
2026-05-03,UT,Utrecht Centraal,759,30,36
2026-05-03,UTG,Uitgeest,128,7,1
2026-05-03,UTLN,Utrecht Lunetten,137,5,11
2026-05-03,UTLR,Utrecht Leidsche Rijn,71,1,8
2026-05-03,UTM,Utrecht Maliebaan,8,0,0
2026-05-03,UTO,Utrecht Overvecht,260,2,0
2026-05-03,UTT,Utrecht Terwijde,71,1,8
2026-05-03,UTVR,Utrecht Vaartsche Rijn,205,6,12
2026-05-03,UTZL,Utrecht Zuilen,69,0,1
2026-05-03,VB,Voorburg,73,0,0
2026-05-03,VD,Vorden,50,0,0
2026-05-03,VDL,Voerendaal,72,0,0
2026-05-03,VDM,Veendam,19,0,0
2026-05-03,VEM,Voorst-Empe,34,0,0
2026-05-03,VG,Vught,69,0,0
2026-05-03,VH,Voorhout,63,3,0
2026-05-03,VHP,Vroomshoop,33,0,0
2026-05-03,VIERS,Viersen,56,5,0
2026-05-03,VK,Valkenburg,120,2,0
2026-05-03,VL,Venlo,154,17,2
2026-05-03,VLB,Vierlingsbeek,72,1,0
2026-05-03,VNDC,Veenendaal Centrum,68,1,1
2026-05-03,VNDW,Veenendaal West,68,1,1
2026-05-03,VP,Velp,35,0,0
2026-05-03,VRY,Venray,72,1,0
2026-05-03,VS,Vlissingen,33,0,2
2026-05-03,VSS,Vlissingen Souburg,67,1,2
2026-05-03,VST,Voorschoten,78,0,0
2026-05-03,VSV,Varsseveld,59,1,2
2026-05-03,VTN,Vleuten,71,1,8
2026-05-03,VZ,Vriezenveen,33,0,0
2026-05-03,WAD,Waddinxveen,70,1,0
2026-05-03,WADN,Waddinxveen Noord,70,1,0
2026-05-03,WADT,Waddinxveen Triangel,70,2,0
2026-05-03,WC,Wijchen,65,2,3
2026-05-03,WD,Woerden,192,6,20
2026-05-03,WDN,Wierden,100,3,0
2026-05-03,WESEL,Wesel,55,0,0
2026-05-03,WF,Wolfheze,36,0,0
2026-05-03,WFM,Warffum,38,0,0
2026-05-03,WH,Wijhe,67,7,3
2026-05-03,WK,Workum,30,0,0
2026-05-03,WL,Wehl,66,0,2
2026-05-03,WM,Wormerveer,103,9,1
2026-05-03,WORGL,Wörgl Hbf,1,0,0
2026-05-03,WP,Weesp,309,5,0
2026-05-03,WR,Weener,32,0,0
2026-05-03,WS,Winschoten,52,1,0
2026-05-03,WSM,Winsum,38,1,0
2026-05-03,WT,Weert,111,5,3
2026-05-03,WTV,Westervoort,66,0,2
2026-05-03,WUPPH,Wuppertal Hbf,23,1,0
2026-05-03,WUPPV,Wuppertal-Vohwinkel,23,1,0
2026-05-03,WURZB,Würzburg Hbf,2,0,0
2026-05-03,WV,Wolvega,36,0,0
2026-05-03,WW,Winterswijk,55,0,1
2026-05-03,WWW,Winterswijk West,50,1,0
2026-05-03,WZ,Wezep,73,3,0
2026-05-03,YPB,Den Haag Ypenburg,73,0,0
2026-05-03,ZA,Zetten-Andelst,30,0,0
2026-05-03,ZB,Zuidbroek,76,0,0
2026-05-03,ZBM,Zaltbommel,68,5,0
2026-05-03,ZD,Zaandam,288,20,18
2026-05-03,ZDK,Zaandam Kogerveld,70,0,0
2026-05-03,ZH,Zuidhorn,38,2,0
2026-05-03,ZL,Zwolle,371,13,3
2026-05-03,ZLSH,Zwolle Stadshagen,70,0,0
2026-05-03,ZLW,Lage Zwaluwe,142,1,3
2026-05-03,ZP,Zutphen,167,2,3
2026-05-03,ZTM,Zoetermeer,73,0,0
2026-05-03,ZTMO,Zoetermeer Oost,73,0,0
2026-05-03,ZUE,Zürich HB,1,0,0
2026-05-03,ZV,Zevenaar,103,0,2
2026-05-03,ZVB,Zevenbergen,72,1,0
2026-05-03,ZVT,Zandvoort aan Zee,34,1,0
2026-05-03,ZWD,Zwijndrecht,130,0,0
2026-05-03,ZZS,Zaandijk Zaanse Schans,104,11,0
2026-05-04,AC,Abcoude,117,3,0
2026-05-04,AH,Arnhem Centraal,469,18,41
2026-05-04,AHAR,Hamburg-Harburg,1,0,0
2026-05-04,AHBF,Aachen Hbf,28,1,4
2026-05-04,AHP,Arnhem Velperpoort,202,4,12
2026-05-04,AHPR,Arnhem Presikhaaf,71,3,11
2026-05-04,AHZ,Arnhem Zuid,106,4,31
2026-05-04,AKL,Arkel,72,1,0
2026-05-04,AKM,Akkrum,68,1,0
2026-05-04,ALM,Almere Centrum,247,1,3
2026-05-04,ALMB,Almere Buiten,137,0,1
2026-05-04,ALMM,Almere Muziekwijk,211,1,1
2026-05-04,ALMO,Almere Oostvaarders,108,0,1
2026-05-04,ALMP,Almere Parkwijk,137,0,1
2026-05-04,AMF,Amersfoort Centraal,439,14,3
2026-05-04,AMFS,Amersfoort Schothorst,137,6,3
2026-05-04,AML,Almelo,245,10,34
2026-05-04,AMPO,Almere Poort,211,1,1
2026-05-04,AMR,Alkmaar,178,7,3
2026-05-04,AMRI,Almelo de Riet,90,4,22
2026-05-04,AMRN,Alkmaar Noord,147,3,1
2026-05-04,ANA,Anna Paulowna,81,1,1
2026-05-04,ANDD,Antwerpen-Noorderdokken,35,4,0
2026-05-04,APD,Apeldoorn,204,11,1
2026-05-04,APDM,Apeldoorn De Maten,62,0,2
2026-05-04,APDO,Apeldoorn Osseveld,74,7,0
2026-05-04,APG,Appingedam,72,1,0
2026-05-04,APN,Alphen a/d Rijn,159,2,13
2026-05-04,ARN,Arnemuiden,72,0,6
2026-05-04,ASA,Amsterdam Amstel,312,12,10
2026-05-04,ASB,Amsterdam Bijlmer ArenA,270,7,1
2026-05-04,ASD,Amsterdam Centraal,959,56,115
2026-05-04,ASDL,Amsterdam Lelylaan,348,17,95
2026-05-04,ASDM,Amsterdam Muiderpoort,259,17,1
2026-05-04,ASDZ,Amsterdam Zuid,383,0,189
2026-05-04,ASHD,Amsterdam Holendrecht,117,4,0
2026-05-04,ASN,Assen,163,6,0
2026-05-04,ASS,Amsterdam Sloterdijk,848,29,18
2026-05-04,ASSP,Amsterdam Science Park,137,4,1
2026-05-04,ATN,Aalten,73,1,1
2026-05-04,ATW,Antwerpen-Centraal,122,35,5
2026-05-04,ATWLB,Antwerpen-Luchtbal,35,5,0
2026-05-04,AVAT,Amersfoort Vathorst,104,5,2
2026-05-04,AW,Aachen West,57,1,9
2026-05-04,BADENZ,Baden (CH),1,0,0
2026-05-04,BASELB,Basel Bad Bf,1,0,0
2026-05-04,BASELS,Basel SBB,1,0,0
2026-05-04,BD,Breda,269,35,24
2026-05-04,BDE,Bunde,76,3,0
2026-05-04,BDG,Bodegraven,100,2,7
2026-05-04,BDM,Bedum,72,1,0
2026-05-04,BDPB,Breda-Prinsenbeek,73,4,1
2026-05-04,BERCH,Antwerpen-Berchem,62,12,4
2026-05-04,BERHBL,Berlin Hbf,1,0,0
2026-05-04,BERHBT,Berlin Hbf,12,6,0
2026-05-04,BET,Best,148,10,0
2026-05-04,BF,Baflo,76,0,0
2026-05-04,BGN,Bergen op Zoom,102,5,7
2026-05-04,BH,Bad Bentheim,54,19,3
2026-05-04,BHDV,Boven-Hardinxveld,130,34,5
2026-05-04,BHF,Berlin Ostbahnhof,7,4,0
2026-05-04,BHV,Bilthoven,145,2,1
2026-05-04,BIELEF,Bielefeld Hbf,16,1,2
2026-05-04,BK,Beek-Elsloo,76,5,0
2026-05-04,BKF,Bovenkarspel Flora,76,1,5
2026-05-04,BKG,Bovenkarspel-Grootebroek,76,1,5
2026-05-04,BKL,Breukelen,155,6,0
2026-05-04,BL,Beilen,74,3,0
2026-05-04,BLL,Bloemendaal,78,0,0
2026-05-04,BMN,Brummen,71,3,11
2026-05-04,BMR,Boxmeer,105,0,2
2026-05-04,BN,Borne,90,2,22
2026-05-04,BNC,Barneveld Centrum,137,1,0
2026-05-04,BNK,Bunnik,104,0,0
2026-05-04,BNN,Barneveld Noord,137,2,0
2026-05-04,BNZ,Barneveld Zuid,107,1,0
2026-05-04,BP,Buitenpost,104,1,1
2026-05-04,BR,Blerick,148,7,5
2026-05-04,BRD,Barendrecht,210,6,0
2026-05-04,BREMEN,Bremen Hbf,2,0,0
2026-05-04,BRESSX,Bressoux,37,2,2
2026-05-04,BRN,Baarn,113,1,1
2026-05-04,BRUSC,Brussel-Centraal,28,4,4
2026-05-04,BRUSN,Brussel-Noord,29,4,4
2026-05-04,BRUSZ,Brussel-Zuid,61,16,3
2026-05-04,BSD,Beesd,72,0,0
2026-05-04,BSK,Boskoop,118,0,12
2026-05-04,BSKS,Boskoop Snijdelwijk,118,0,12
2026-05-04,BSMZ,Bussum Zuid,138,4,1
2026-05-04,BSPD,Berlin-Spandau,12,7,0
2026-05-04,BTL,Boxtel,148,11,0
2026-05-04,BUENDE,Bünde (Westf),47,17,2
2026-05-04,BV,Beverwijk,82,1,0
2026-05-04,BZL,Kapelle-Biezelinge,72,2,6
2026-05-04,CAS,Castricum,210,8,5
2026-05-04,CK,Cuijk,95,0,0
2026-05-04,CL,Culemborg,145,14,18
2026-05-04,CO,Coevorden,89,0,0
2026-05-04,CPS,Capelle Schollevaar,78,3,0
2026-05-04,CVM,Chevremont,76,0,0
2026-05-04,DA,Daarlerveen,56,0,0
2026-05-04,DB,Driebergen-Zeist,178,6,1
2026-05-04,DDN,Delden,73,2,0
2026-05-04,DDR,Dordrecht,364,33,7
2026-05-04,DDRS,Dordrecht Stadspolders,131,27,4
2026-05-04,DDZD,Dordrecht Zuid,142,8,1
2026-05-04,DEI,Deinum,68,0,0
2026-05-04,DID,Didam,131,1,1
2026-05-04,DL,Dalfsen,96,1,0
2026-05-04,DLD,Den Dolder,145,2,1
2026-05-04,DLN,Dalen,47,0,0
2026-05-04,DMN,Diemen,137,2,1
2026-05-04,DMNZ,Diemen Zuid,134,0,2
2026-05-04,DN,Deurne,107,8,1
2026-05-04,DR,Dieren,143,5,20
2026-05-04,DRH,Driehuis,78,1,0
2026-05-04,DRON,Dronten,71,0,0
2026-05-04,DRP,Dronryp,68,0,0
2026-05-04,DT,Delft,439,36,3
2026-05-04,DTC,Doetinchem,102,0,1
2026-05-04,DTCH,Doetinchem De Huet,131,0,1
2026-05-04,DTCP,Delft Campus,209,8,1
2026-05-04,DUISB,Duisburg Hbf,1,0,0
2026-05-04,DV,Deventer,266,25,8
2026-05-04,DVC,Deventer Colmschate,74,5,0
2026-05-04,DVD,Duivendrecht,252,5,2
2026-05-04,DVN,Duiven,135,1,1
2026-05-04,DVNK,De Vink,133,2,1
2026-05-04,DWE,De Westereen,71,2,0
2026-05-04,DZ,Delfzijl,36,0,0
2026-05-04,DZW,Delfzijl West,72,1,0
2026-05-04,EABG,Altenberge,36,6,0
2026-05-04,EAHS,Ahaus,33,2,0
2026-05-04,EBFT,Steinfurt-Burgsteinfurt,36,8,0
2026-05-04,EBGO,Steinfurt-Borghorst,36,8,0
2026-05-04,EBOK,Bork (Westf),32,1,0
2026-05-04,EC,Echt,74,0,0
2026-05-04,ECMF,Coesfeld (Westf),32,5,0
2026-05-04,ED,Ede-Wageningen,239,5,1
2026-05-04,EDC,Ede Centrum,76,2,0
2026-05-04,EDD,Dortmund-Derne,30,3,0
2026-05-04,EDKD,Dortmund-Kirchderne,30,3,0
2026-05-04,EDN,Eijsden,37,5,2
2026-05-04,EDO,Dortmund Hbf,14,1,0
2026-05-04,EDULH,Dülmen,32,1,0
2026-05-04,EEM,Eemshaven,29,0,0
2026-05-04,EEPE,Epe (Westf),33,1,0
2026-05-04,EGH,Eygelshoven,76,0,0
2026-05-04,EGHM,Eygelshoven Markt,57,1,8
2026-05-04,EGRK,Steinfurt-Grottenkamp,36,3,0
2026-05-04,EHS,Eindhoven Strijp-S,148,9,0
2026-05-04,EHV,Eindhoven Centraal,377,33,9
2026-05-04,EHW,Rosendahl-Holtwick,33,0,0
2026-05-04,EKZ,Enkhuizen,36,1,5
2026-05-04,EL,Emmerich-Elten,38,0,0
2026-05-04,ELDH,Lüdinghausen,32,0,0
2026-05-04,ELET,Lette (Kr Coesfeld),32,3,0
2026-05-04,ELGD,Legden,33,1,0
2026-05-04,ELUE,Lünen Hbf,32,5,0
2026-05-04,EM,Emmerich,63,0,0
2026-05-04,EML,Ermelo,73,2,1
2026-05-04,EMN,Emmen,41,0,0
2026-05-04,EMNZ,Emmen Zuid,82,0,0
2026-05-04,EMTE,Metelen Land,36,4,0
2026-05-04,ENBE,Münster-Häger,36,1,0
2026-05-04,ENHF,Münster (W) Zentrum Nord,36,3,0
2026-05-04,ENOW,Nordwalde,36,5,0
2026-05-04,EOP,Ochtrup,36,5,0
2026-05-04,EPRN,Preussen,30,4,0
2026-05-04,ES,Enschede,133,5,19
2026-05-04,ESE,Enschede De Eschmarke,74,0,0
2026-05-04,ESEB,Selm-Beifang,32,2,0
2026-05-04,ESEM,Selm,32,1,0
2026-05-04,ESK,Enschede Kennispark,91,2,22
2026-05-04,ESN,Essen,35,5,0
2026-05-04,EST,Elst,171,11,32
2026-05-04,ETN,Etten-Leur,73,3,10
2026-05-04,FBNL,Brussels Airport-Zaventem,28,7,4
2026-05-04,FFFM,Frankfurt (M) Hbf,6,0,0
2026-05-04,FKTH,Kalmthout,35,5,0
2026-05-04,FKW,Kassel-Wilhelmshöhe,2,0,0
2026-05-04,FMZ,Mainz Hbf,2,0,0
2026-05-04,FN,Franeker,68,0,0
2026-05-04,FNAF,Frankfurt Flughafen Fernb,15,0,0
2026-05-04,FNZD,Antwerpen-Zuid,33,4,0
2026-05-04,FRP,Puurs,17,0,0
2026-05-04,FVS,Visé,37,3,2
2026-05-04,FWD,Feanwâlden,133,3,2
2026-05-04,G,Gronau (Westf.),73,6,0
2026-05-04,GBG,Gramsbergen,47,0,0
2026-05-04,GBR,Glanerbrug,74,1,0
2026-05-04,GD,Gouda,459,9,73
2026-05-04,GDG,Gouda Goverwelle,157,3,23
2026-05-04,GDM,Geldermalsen,183,11,16
2026-05-04,GDR,Gaanderen,73,2,1
2026-05-04,GERP,Groningen Europapark,338,6,1
2026-05-04,GK,Grijpskerk,71,0,0
2026-05-04,GKT,Kijkuit,35,5,0
2026-05-04,GLN,Geleen Oost,76,4,0
2026-05-04,GN,Groningen,375,5,2
2026-05-04,GND,Hardinxveld-Giessendam,131,38,4
2026-05-04,GNN,Groningen Noord,148,3,0
2026-05-04,GO,Goor,73,2,0
2026-05-04,GP,Geldrop,69,2,0
2026-05-04,GR,Gorinchem,100,13,3
2026-05-04,GS,Goes,101,1,7
2026-05-04,GV,Den Haag HS,436,30,9
2026-05-04,GVC,Den Haag Centraal,330,15,35
2026-05-04,GVM,Den Haag Mariahoeve,135,2,1
2026-05-04,GVMW,Den Haag Moerwijk,209,6,1
2026-05-04,GW,Grou-Jirnsum,68,1,0
2026-05-04,GWD,Wildert,35,5,0
2026-05-04,GZ,Gilze-Rijen,73,7,1
2026-05-04,HAD,Heemstede-Aerdenhout,216,3,1
2026-05-04,HAMM,Hamm (Westf.),2,0,0
2026-05-04,HANN,Hannover Hbf,14,10,0
2026-05-04,HB,Hoensbroek,76,7,0
2026-05-04,HBZM,Hardinxveld Blauwe Zoom,74,19,0
2026-05-04,HD,Harderwijk,76,3,1
2026-05-04,HDB,Hardenberg,122,0,0
2026-05-04,HDE,'t Harde,73,0,1
2026-05-04,HDG,Hurdegaryp,71,1,0
2026-05-04,HDR,Den Helder,40,1,1
2026-05-04,HDRZ,Den Helder Zuid,81,1,1
2026-05-04,HFD,Hoofddorp,202,8,0
2026-05-04,HGL,Hengelo,295,18,38
2026-05-04,HGLG,Hengelo Gezondheidspark,73,2,0
2026-05-04,HGLO,Hengelo Oost,76,1,0
2026-05-04,HGV,Hoogeveen,74,3,0
2026-05-04,HGZ,Hoogezand-Sappemeer,141,4,0
2026-05-04,HIL,Hillegom,75,1,0
2026-05-04,HK,Heemskerk,78,0,0
2026-05-04,HKS,Hoogkarspel,76,1,5
2026-05-04,HLG,Harlingen,68,0,0
2026-05-04,HLGH,Harlingen Haven,34,0,0
2026-05-04,HLM,Haarlem,332,4,3
2026-05-04,HLMS,Haarlem Spaarnwoude,152,1,2
2026-05-04,HLO,Heiloo,162,3,1
2026-05-04,HM,Helmond,142,7,1
2026-05-04,HMBH,Helmond Brouwhuis,70,1,0
2026-05-04,HMBV,Helmond Brandevoort,70,2,0
2026-05-04,HMH,Helmond 't Hout,70,2,0
2026-05-04,HMN,Hemmen-Dodewaard,66,2,0
2026-05-04,HN,Hoorn,207,8,6
2026-05-04,HNK,Hoorn Kersenboogerd,134,8,7
2026-05-04,HNO,Heino,76,5,17
2026-05-04,HNP,Hindeloopen,46,0,0
2026-05-04,HOHT,Osnabrück Altstadt,34,9,2
2026-05-04,HON,Holten,74,5,0
2026-05-04,HOR,Hollandsche Rading,83,0,0
2026-05-04,HR,Heerenveen,139,2,0
2026-05-04,HRL,Heerlen,208,20,5
2026-05-04,HRLW,Heerlen Woonboulevard,78,4,0
2026-05-04,HRN,Haren,100,3,0
2026-05-04,HRT,Horst-Sevenum,72,5,1
2026-05-04,HT,'s-Hertogenbosch,422,31,19
2026-05-04,HTN,Houten,149,7,15
2026-05-04,HTNC,Houten Castellum,148,9,16
2026-05-04,HTO,'s-Hertogenbosch Oost,75,6,2
2026-05-04,HVL,Hoevelaken,137,2,0
2026-05-04,HVS,Hilversum,290,7,1
2026-05-04,HVSM,Hilversum Media Park,138,4,1
2026-05-04,HVSP,Hilversum Sportpark,138,1,0
2026-05-04,HWD,Heerhugowaard,147,4,1
2026-05-04,HWZB,Halfweg-Zwanenburg,152,1,2
2026-05-04,HZ,Herzogenrath,58,1,8
2026-05-04,HZE,Heeze,69,3,0
2026-05-04,IJT,IJlst,46,0,0
2026-05-04,INNSB,Innsbruck Hbf,1,0,0
2026-05-04,JENBAC,Jenbach,1,0,0
2026-05-04,KARLSR,Karlsruhe Hbf,1,0,0
2026-05-04,KBB,Bonn-Beuel,2,0,0
2026-05-04,KBD,Krabbendijke,72,3,6
2026-05-04,KBK,Klarenbeek,62,0,2
2026-05-04,KBOI,Boisheim,36,0,0
2026-05-04,KBRY,Breyell,36,0,0
2026-05-04,KDUL,Dülken,36,0,0
2026-05-04,KKO,Koblenz Hbf,2,0,0
2026-05-04,KLP,Veenendaal-De Klomp,80,2,0
2026-05-04,KMA,Krommenie-Assendelft,115,3,3
2026-05-04,KMR,Klimmen-Ransdaal,78,4,0
2026-05-04,KMW,Koudum-Molkwerum,46,0,0
2026-05-04,KN,Kaldenkirchen,36,0,0
2026-05-04,KOLN,Köln Hbf,16,0,0
2026-05-04,KPN,Kampen,39,0,0
2026-05-04,KPNZ,Kampen Zuid,71,1,0
2026-05-04,KRD,Kerkrade Centrum,38,0,0
2026-05-04,KRG,Kruiningen-Yerseke,72,2,6
2026-05-04,KSB,Siegburg/Bonn,14,0,0
2026-05-04,KTR,Kesteren,66,2,0
2026-05-04,KUFST,Kufstein,1,0,0
2026-05-04,KW,Kropswolde,141,4,0
2026-05-04,KZ,Koog aan de Zaan,115,6,3
2026-05-04,LAA,Den Haag Laan v NOI,355,7,2
2026-05-04,LC,Lochem,72,3,0
2026-05-04,LDL,Leiden Lammenschans,101,4,7
2026-05-04,LDM,Leerdam,72,0,0
2026-05-04,LEDN,Leiden Centraal,543,14,5
2026-05-04,LEER,Leer (Ostfriesl),25,0,0
2026-05-04,LG,Landgraaf,133,11,8
2026-05-04,LILLEE,Lille Europe,6,2,0
2026-05-04,LKP,Kapellen,35,4,0
2026-05-04,LKR,Ekeren,35,4,0
2026-05-04,LLS,Lelystad Centrum,145,0,3
2026-05-04,LLZM,Lansingerland-Zoetermeer,78,3,36
2026-05-04,LP,Loppersum,72,1,0
2026-05-04,LTN,Lunteren,76,1,0
2026-05-04,LTV,Lichtenvoorde-Groenlo,71,0,0
2026-05-04,LUIK,Liège-Guillemins,18,2,2
2026-05-04,LUT,Geleen-Lutterade,76,5,0
2026-05-04,LW,Leeuwarden,207,2,2
2026-05-04,LWC,Leeuwarden Camminghaburen,70,1,1
2026-05-04,MA,Augsburg Hbf,2,0,0
2026-05-04,MANNHE,Mannheim Hbf,3,0,0
2026-05-04,MARIA,Sint-Mariaburg,35,4,0
2026-05-04,MAS,Maarssen,119,2,0
2026-05-04,MCGB,Mönchengladbach Hbf,49,5,0
2026-05-04,MDB,Middelburg,101,0,7
2026-05-04,MECH,Mechelen,28,6,4
2026-05-04,MES,Meerssen,140,8,2
2026-05-04,MG,Mantgum,68,0,0
2026-05-04,MID,Heide (B),35,4,0
2026-05-04,MMLH,Mook-Molenhoek,108,0,0
2026-05-04,MP,Meppel,213,6,0
2026-05-04,MRB,Mariënberg,130,0,0
2026-05-04,MRN,Maarn,74,1,0
2026-05-04,MT,Maastricht,237,16,8
2026-05-04,MTH,Martenshoek,141,4,0
2026-05-04,MTN,Maastricht Noord,78,4,0
2026-05-04,MTR,Maastricht Randwyck,111,11,5
2026-05-04,MUNCHH,München Hbf,2,0,0
2026-05-04,MUNST,Münster (Westf) Hbf,19,3,0
2026-05-04,MZ,Maarheeze,69,2,0
2026-05-04,NA,Nieuw Amsterdam,76,0,0
2026-05-04,NDB,Naarden-Bussum,212,6,1
2026-05-04,NDKP,Noorderkempen,30,8,2
2026-05-04,NH,Nuth,76,10,0
2026-05-04,NKK,Nijkerk,79,2,1
2026-05-04,NM,Nijmegen,316,17,46
2026-05-04,NMD,Nijmegen Dukenburg,112,7,19
2026-05-04,NMGO,Nijmegen Goffert,112,7,19
2026-05-04,NMH,Nijmegen Heyendaal,162,0,0
2026-05-04,NML,Nijmegen Lent,105,3,31
2026-05-04,NS,Nunspeet,73,0,1
2026-05-04,NSCH,Bad Nieuweschans,39,0,0
2026-05-04,NURNB,Nürnberg Hbf,1,0,0
2026-05-04,NVD,Nijverdal,86,5,41
2026-05-04,NVP,Nieuw Vennep,157,5,0
2026-05-04,NWK,Nieuwerkerk a/d IJssel,78,2,0
2026-05-04,O,Oss,144,10,12
2026-05-04,OBD,Obdam,66,0,0
2026-05-04,OBERH,Oberhausen Hbf,32,0,0
2026-05-04,ODB,Oudenbosch,69,3,0
2026-05-04,ODZ,Oldenzaal,70,8,6
2026-05-04,OMN,Ommen,96,1,0
2026-05-04,OP,Opheusden,66,2,0
2026-05-04,OSNH,Osnabrück Hbf,47,18,2
2026-05-04,OST,Olst,73,7,8
2026-05-04,OT,Oisterwijk,70,6,0
2026-05-04,OTB,Oosterbeek,68,1,0
2026-05-04,OVN,Overveen,76,2,0
2026-05-04,OW,Oss West,75,6,2
2026-05-04,PARIS,Paris-Nord,11,3,0
2026-05-04,PMO,Purmerend Overwhere,101,10,0
2026-05-04,PMR,Purmerend,105,10,0
2026-05-04,PMW,Purmerend Weidevenne,101,8,0
2026-05-04,PRAHA,Praha hl.n.,1,0,0
2026-05-04,PT,Putten,73,2,1
2026-05-04,RAI,Amsterdam RAI,241,1,190
2026-05-04,RAT,Raalte,88,8,39
2026-05-04,RB,Rilland-Bath,72,3,6
2026-05-04,RBB,Baden-Baden,1,0,0
2026-05-04,RD,Roodeschool,66,0,0
2026-05-04,RF,Freiburg (Breisgau) Hbf,1,0,0
2026-05-04,RH,Rheden,71,3,11
2026-05-04,RHEINE,Rheine,50,19,2
2026-05-04,RHN,Rhenen,37,1,0
2026-05-04,RL,Ruurlo,71,0,0
2026-05-04,RLB,Rotterdam Lombardijen,211,7,0
2026-05-04,RM,Roermond,204,11,8
2026-05-04,RO,Offenburg,1,0,0
2026-05-04,ROSENH,Rosenheim,1,0,0
2026-05-04,RS,Rosmalen,75,4,2
2026-05-04,RSD,Roosendaal,191,14,10
2026-05-04,RSN,Rijssen,74,5,0
2026-05-04,RSW,Rijswijk,209,8,1
2026-05-04,RTA,Rotterdam Alexander,210,8,9
2026-05-04,RTB,Rotterdam Blaak,350,12,3
2026-05-04,RTD,Rotterdam Centraal,691,78,22
2026-05-04,RTN,Rotterdam Noord,78,5,0
2026-05-04,RTZ,Rotterdam Zuid,211,6,0
2026-05-04,RV,Reuver,74,3,4
2026-05-04,RVS,Ravenstein,73,5,2
2026-05-04,SBK,Spaubeek,76,4,0
2026-05-04,SD,Soestdijk,70,0,0
2026-05-04,SDA,Scheemda,118,1,0
2026-05-04,SDM,Schiedam Centrum,358,19,1
2026-05-04,SDT,Sliedrecht,131,37,4
2026-05-04,SDTB,Sliedrecht Baanhoek,131,49,4
2026-05-04,SGL,Houthem-St. Gerlach,78,4,0
2026-05-04,SGN,Schagen,81,1,1
2026-05-04,SHL,Schiphol Airport,501,47,10
2026-05-04,SK,Sneek,65,0,0
2026-05-04,SKND,Sneek Noord,81,0,0
2026-05-04,SM,Swalmen,74,4,4
2026-05-04,SN,Schinnen,76,4,0
2026-05-04,SOG,Schin op Geul,78,4,0
2026-05-04,SPTN,Santpoort Noord,78,0,0
2026-05-04,SPTZ,Santpoort Zuid,78,0,0
2026-05-04,SRN,Susteren,74,1,0
2026-05-04,SSH,Sassenheim,157,4,0
2026-05-04,ST,Soest,70,1,0
2026-05-04,STD,Sittard,247,14,6
2026-05-04,STM,Stedum,72,1,0
2026-05-04,STP,London St. Pancras Int.,4,2,0
2026-05-04,STV,Stavoren,23,0,0
2026-05-04,STZ,Soest Zuid,70,1,0
2026-05-04,SWD,Sauwerd,148,1,0
2026-05-04,SWK,Steenwijk,139,4,0
2026-05-04,TB,Tilburg,287,22,15
2026-05-04,TBG,Terborg,73,1,1
2026-05-04,TBR,Tilburg Reeshof,73,5,1
2026-05-04,TBU,Tilburg Universiteit,106,5,3
2026-05-04,TG,Tegelen,73,4,5
2026-05-04,TL,Tiel,69,5,10
2026-05-04,TPSW,Tiel Passewaaij,71,5,14
2026-05-04,TS,Stuttgart Hbf,2,0,0
2026-05-04,TU,Ulm Hbf,2,0,0
2026-05-04,TWL,Twello,74,6,0
2026-05-04,UHM,Uithuizermeeden,74,0,0
2026-05-04,UHZ,Uithuizen,74,0,0
2026-05-04,UST,Usquert,74,0,0
2026-05-04,UT,Utrecht Centraal,973,29,46
2026-05-04,UTG,Uitgeest,139,3,1
2026-05-04,UTLN,Utrecht Lunetten,149,7,15
2026-05-04,UTLR,Utrecht Leidsche Rijn,180,7,19
2026-05-04,UTO,Utrecht Overvecht,282,2,1
2026-05-04,UTT,Utrecht Terwijde,127,4,17
2026-05-04,UTVR,Utrecht Vaartsche Rijn,253,8,15
2026-05-04,UTZL,Utrecht Zuilen,119,3,0
2026-05-04,VB,Voorburg,87,4,27
2026-05-04,VD,Vorden,71,0,0
2026-05-04,VDL,Voerendaal,78,4,0
2026-05-04,VDM,Veendam,35,0,0
2026-05-04,VEM,Voorst-Empe,62,0,2
2026-05-04,VG,Vught,78,6,0
2026-05-04,VH,Voorhout,75,1,0
2026-05-04,VHP,Vroomshoop,56,0,0
2026-05-04,VIERS,Viersen,36,0,0
2026-05-04,VK,Valkenburg,140,8,2
2026-05-04,VL,Venlo,162,9,6
2026-05-04,VLB,Vierlingsbeek,78,0,4
2026-05-04,VNDC,Veenendaal Centrum,74,0,0
2026-05-04,VNDW,Veenendaal West,74,1,0
2026-05-04,VP,Velp,71,3,11
2026-05-04,VRY,Venray,78,1,4
2026-05-04,VS,Vlissingen,50,0,3
2026-05-04,VSS,Vlissingen Souburg,72,0,6
2026-05-04,VST,Voorschoten,133,2,1
2026-05-04,VSV,Varsseveld,73,1,1
2026-05-04,VTN,Vleuten,127,3,17
2026-05-04,VZ,Vriezenveen,56,0,0
2026-05-04,WAD,Waddinxveen,118,0,12
2026-05-04,WADN,Waddinxveen Noord,118,0,12
2026-05-04,WADT,Waddinxveen Triangel,118,0,12
2026-05-04,WC,Wijchen,93,7,10
2026-05-04,WD,Woerden,264,11,21
2026-05-04,WDN,Wierden,146,10,21
2026-05-04,WESEL,Wesel,63,0,0
2026-05-04,WF,Wolfheze,68,2,0
2026-05-04,WFM,Warffum,74,0,0
2026-05-04,WH,Wijhe,73,6,8
2026-05-04,WK,Workum,46,0,0
2026-05-04,WL,Wehl,131,0,1
2026-05-04,WM,Wormerveer,115,6,3
2026-05-04,WORGL,Wörgl Hbf,1,0,0
2026-05-04,WP,Weesp,275,4,2
2026-05-04,WR,Weener,35,0,0
2026-05-04,WS,Winschoten,80,1,0
2026-05-04,WSM,Winsum,76,0,0
2026-05-04,WT,Weert,164,10,6
2026-05-04,WTV,Westervoort,134,1,1
2026-05-04,WURZB,Würzburg Hbf,2,0,0
2026-05-04,WV,Wolvega,68,3,0
2026-05-04,WW,Winterswijk,72,2,1
2026-05-04,WWW,Winterswijk West,71,0,0
2026-05-04,WZ,Wezep,73,0,1
2026-05-04,YPB,Den Haag Ypenburg,86,4,28
2026-05-04,ZA,Zetten-Andelst,66,3,0
2026-05-04,ZB,Zuidbroek,141,4,0
2026-05-04,ZBM,Zaltbommel,77,4,1
2026-05-04,ZD,Zaandam,339,14,8
2026-05-04,ZDK,Zaandam Kogerveld,101,10,0
2026-05-04,ZH,Zuidhorn,103,1,1
2026-05-04,ZL,Zwolle,465,15,19
2026-05-04,ZLSH,Zwolle Stadshagen,78,0,0
2026-05-04,ZLW,Lage Zwaluwe,142,7,1
2026-05-04,ZP,Zutphen,214,8,14
2026-05-04,ZTM,Zoetermeer,87,5,27
2026-05-04,ZTMO,Zoetermeer Oost,83,5,31
2026-05-04,ZUE,Zürich HB,1,0,0
2026-05-04,ZV,Zevenaar,169,1,1
2026-05-04,ZVB,Zevenbergen,69,3,0
2026-05-04,ZVT,Zandvoort aan Zee,38,1,0
2026-05-04,ZWD,Zwijndrecht,209,7,1
2026-05-04,ZZS,Zaandijk Zaanse Schans,115,6,3
2026-05-05,AC,Abcoude,115,5,2
2026-05-05,AH,Arnhem Centraal,501,6,9
2026-05-05,AHBF,Aachen Hbf,32,0,0
2026-05-05,AHP,Arnhem Velperpoort,202,1,3
2026-05-05,AHPR,Arnhem Presikhaaf,72,1,1
2026-05-05,AHZ,Arnhem Zuid,125,1,1
2026-05-05,AKL,Arkel,72,0,0
2026-05-05,AKM,Akkrum,69,0,1
2026-05-05,ALM,Almere Centrum,319,21,21
2026-05-05,ALMB,Almere Buiten,173,10,17
2026-05-05,ALMM,Almere Muziekwijk,202,6,11
2026-05-05,ALMO,Almere Oostvaarders,104,2,5
2026-05-05,ALMP,Almere Parkwijk,130,3,9
2026-05-05,AMF,Amersfoort Centraal,486,20,20
2026-05-05,AMFS,Amersfoort Schothorst,175,2,12
2026-05-05,AML,Almelo,260,13,0
2026-05-05,AMPO,Almere Poort,202,6,11
2026-05-05,AMR,Alkmaar,182,5,5
2026-05-05,AMRI,Almelo de Riet,97,7,0
2026-05-05,AMRN,Alkmaar Noord,145,3,5
2026-05-05,ANA,Anna Paulowna,78,1,6
2026-05-05,ANDD,Antwerpen-Noorderdokken,35,2,0
2026-05-05,APD,Apeldoorn,207,13,0
2026-05-05,APDM,Apeldoorn De Maten,64,1,0
2026-05-05,APDO,Apeldoorn Osseveld,74,0,0
2026-05-05,APG,Appingedam,72,0,0
2026-05-05,APN,Alphen a/d Rijn,166,0,8
2026-05-05,ARN,Arnemuiden,74,2,3
2026-05-05,ASA,Amsterdam Amstel,313,10,6
2026-05-05,ASB,Amsterdam Bijlmer ArenA,324,7,5
2026-05-05,ASD,Amsterdam Centraal,762,37,24
2026-05-05,ASDL,Amsterdam Lelylaan,342,2,2
2026-05-05,ASDM,Amsterdam Muiderpoort,245,14,23
2026-05-05,ASDZ,Amsterdam Zuid,537,24,32
2026-05-05,ASHD,Amsterdam Holendrecht,115,4,2
2026-05-05,ASN,Assen,164,3,0
2026-05-05,ASS,Amsterdam Sloterdijk,958,24,11
2026-05-05,ASSP,Amsterdam Science Park,124,6,21
2026-05-05,ATN,Aalten,67,0,7
2026-05-05,ATW,Antwerpen-Centraal,122,19,1
2026-05-05,ATWLB,Antwerpen-Luchtbal,35,3,0
2026-05-05,AVAT,Amersfoort Vathorst,107,0,3
2026-05-05,AW,Aachen West,64,0,0
2026-05-05,BADENZ,Baden (CH),1,0,0
2026-05-05,BASELB,Basel Bad Bf,1,0,0
2026-05-05,BASELS,Basel SBB,1,0,0
2026-05-05,BD,Breda,281,14,14
2026-05-05,BDE,Bunde,76,0,0
2026-05-05,BDG,Bodegraven,107,0,2
2026-05-05,BDM,Bedum,72,0,0
2026-05-05,BDPB,Breda-Prinsenbeek,73,0,0
2026-05-05,BERCH,Antwerpen-Berchem,66,9,0
2026-05-05,BERHBT,Berlin Hbf,12,7,0
2026-05-05,BET,Best,148,3,1
2026-05-05,BF,Baflo,76,3,0
2026-05-05,BGN,Bergen op Zoom,104,2,4
2026-05-05,BH,Bad Bentheim,54,27,0
2026-05-05,BHDV,Boven-Hardinxveld,122,45,13
2026-05-05,BHF,Berlin Ostbahnhof,6,6,0
2026-05-05,BHV,Bilthoven,145,3,0
2026-05-05,BIELEF,Bielefeld Hbf,18,2,0
2026-05-05,BK,Beek-Elsloo,76,0,0
2026-05-05,BKF,Bovenkarspel Flora,79,0,1
2026-05-05,BKG,Bovenkarspel-Grootebroek,79,0,1
2026-05-05,BKL,Breukelen,153,5,2
2026-05-05,BL,Beilen,75,1,0
2026-05-05,BLL,Bloemendaal,78,2,0
2026-05-05,BMN,Brummen,72,1,1
2026-05-05,BMR,Boxmeer,106,1,0
2026-05-05,BN,Borne,97,5,0
2026-05-05,BNC,Barneveld Centrum,80,0,1
2026-05-05,BNK,Bunnik,104,2,0
2026-05-05,BNN,Barneveld Noord,80,0,1
2026-05-05,BNZ,Barneveld Zuid,80,0,1
2026-05-05,BP,Buitenpost,105,3,0
2026-05-05,BR,Blerick,148,17,5
2026-05-05,BRD,Barendrecht,183,1,4
2026-05-05,BRESSX,Bressoux,38,1,0
2026-05-05,BRN,Baarn,113,5,6
2026-05-05,BRUSC,Brussel-Centraal,32,3,0
2026-05-05,BRUSN,Brussel-Noord,32,4,0
2026-05-05,BRUSZ,Brussel-Zuid,65,8,0
2026-05-05,BSD,Beesd,72,0,0
2026-05-05,BSK,Boskoop,118,0,12
2026-05-05,BSKS,Boskoop Snijdelwijk,118,0,12
2026-05-05,BSMZ,Bussum Zuid,125,6,26
2026-05-05,BSPD,Berlin-Spandau,12,6,0
2026-05-05,BTL,Boxtel,148,4,1
2026-05-05,BUENDE,Bünde (Westf),49,23,0
2026-05-05,BV,Beverwijk,92,2,0
2026-05-05,BZL,Kapelle-Biezelinge,74,2,3
2026-05-05,CAS,Castricum,217,6,5
2026-05-05,CK,Cuijk,95,0,0
2026-05-05,CL,Culemborg,151,5,4
2026-05-05,CO,Coevorden,78,3,0
2026-05-05,CPS,Capelle Schollevaar,76,3,2
2026-05-05,CVM,Chevremont,76,0,0
2026-05-05,DA,Daarlerveen,58,0,0
2026-05-05,DB,Driebergen-Zeist,165,4,3
2026-05-05,DDN,Delden,73,0,3
2026-05-05,DDR,Dordrecht,332,25,13
2026-05-05,DDRS,Dordrecht Stadspolders,120,36,15
2026-05-05,DDZD,Dordrecht Zuid,142,7,0
2026-05-05,DEI,Deinum,68,2,0
2026-05-05,DID,Didam,130,0,2
2026-05-05,DL,Dalfsen,89,1,0
2026-05-05,DLD,Den Dolder,145,4,0
2026-05-05,DLN,Dalen,49,5,0
2026-05-05,DMN,Diemen,124,7,21
2026-05-05,DMNZ,Diemen Zuid,131,6,13
2026-05-05,DN,Deurne,105,14,5
2026-05-05,DR,Dieren,145,2,5
2026-05-05,DRH,Driehuis,78,2,0
2026-05-05,DRON,Dronten,72,0,1
2026-05-05,DRP,Dronryp,68,2,0
2026-05-05,DT,Delft,460,9,6
2026-05-05,DTC,Doetinchem,101,1,2
2026-05-05,DTCH,Doetinchem De Huet,130,1,2
2026-05-05,DTCP,Delft Campus,186,2,0
2026-05-05,DUISB,Duisburg Hbf,1,0,0
2026-05-05,DV,Deventer,267,13,3
2026-05-05,DVC,Deventer Colmschate,74,0,0
2026-05-05,DVD,Duivendrecht,345,25,34
2026-05-05,DVN,Duiven,134,0,2
2026-05-05,DVNK,De Vink,134,2,1
2026-05-05,DWE,De Westereen,71,2,0
2026-05-05,DZ,Delfzijl,36,0,0
2026-05-05,DZW,Delfzijl West,72,0,0
2026-05-05,EABG,Altenberge,34,6,2
2026-05-05,EAHS,Ahaus,32,11,1
2026-05-05,EBFT,Steinfurt-Burgsteinfurt,34,7,2
2026-05-05,EBGO,Steinfurt-Borghorst,34,8,2
2026-05-05,EBOK,Bork (Westf),31,15,1
2026-05-05,EC,Echt,74,1,0
2026-05-05,ECMF,Coesfeld (Westf),31,14,1
2026-05-05,ED,Ede-Wageningen,263,4,3
2026-05-05,EDC,Ede Centrum,80,0,1
2026-05-05,EDD,Dortmund-Derne,30,15,0
2026-05-05,EDKD,Dortmund-Kirchderne,30,15,0
2026-05-05,EDN,Eijsden,38,2,0
2026-05-05,EDO,Dortmund Hbf,14,10,0
2026-05-05,EDULH,Dülmen,31,16,1
2026-05-05,EEM,Eemshaven,26,0,3
2026-05-05,EEPE,Epe (Westf),32,8,1
2026-05-05,EGH,Eygelshoven,76,0,0
2026-05-05,EGHM,Eygelshoven Markt,64,0,0
2026-05-05,EGRK,Steinfurt-Grottenkamp,34,7,2
2026-05-05,EHS,Eindhoven Strijp-S,148,4,1
2026-05-05,EHV,Eindhoven Centraal,379,21,5
2026-05-05,EHW,Rosendahl-Holtwick,32,9,1
2026-05-05,EKZ,Enkhuizen,39,0,0
2026-05-05,EL,Emmerich-Elten,38,0,0
2026-05-05,ELDH,Lüdinghausen,31,12,1
2026-05-05,ELET,Lette (Kr Coesfeld),31,17,1
2026-05-05,ELGD,Legden,32,10,1
2026-05-05,ELUE,Lünen Hbf,31,17,1
2026-05-05,EM,Emmerich,63,0,0
2026-05-05,EML,Ermelo,75,2,0
2026-05-05,EMN,Emmen,39,2,0
2026-05-05,EMNZ,Emmen Zuid,78,2,0
2026-05-05,EMTE,Metelen Land,34,5,2
2026-05-05,ENBE,Münster-Häger,34,7,2
2026-05-05,ENHF,Münster (W) Zentrum Nord,34,8,2
2026-05-05,ENOW,Nordwalde,34,7,2
2026-05-05,EOP,Ochtrup,34,3,2
2026-05-05,EPRN,Preussen,27,14,3
2026-05-05,ES,Enschede,139,9,3
2026-05-05,ESE,Enschede De Eschmarke,68,2,6
2026-05-05,ESEB,Selm-Beifang,31,15,1
2026-05-05,ESEM,Selm,31,15,1
2026-05-05,ESK,Enschede Kennispark,101,11,0
2026-05-05,ESN,Essen,35,1,0
2026-05-05,EST,Elst,192,4,1
2026-05-05,ETN,Etten-Leur,76,1,3
2026-05-05,FBNL,Brussels Airport-Zaventem,32,6,0
2026-05-05,FFFM,Frankfurt (M) Hbf,6,0,0
2026-05-05,FKTH,Kalmthout,35,0,0
2026-05-05,FKW,Kassel-Wilhelmshöhe,2,0,0
2026-05-05,FMZ,Mainz Hbf,2,0,0
2026-05-05,FN,Franeker,68,2,0
2026-05-05,FNAF,Frankfurt Flughafen Fernb,15,3,0
2026-05-05,FNZD,Antwerpen-Zuid,33,0,0
2026-05-05,FRP,Puurs,17,0,0
2026-05-05,FVS,Visé,38,1,0
2026-05-05,FWD,Feanwâlden,135,4,0
2026-05-05,G,Gronau (Westf.),69,9,4
2026-05-05,GBG,Gramsbergen,49,3,0
2026-05-05,GBR,Glanerbrug,68,2,6
2026-05-05,GD,Gouda,482,17,37
2026-05-05,GDG,Gouda Goverwelle,163,8,4
2026-05-05,GDM,Geldermalsen,187,3,4
2026-05-05,GDR,Gaanderen,72,2,2
2026-05-05,GERP,Groningen Europapark,339,4,0
2026-05-05,GK,Grijpskerk,71,2,0
2026-05-05,GKT,Kijkuit,35,0,0
2026-05-05,GLN,Geleen Oost,76,0,0
2026-05-05,GN,Groningen,378,9,0
2026-05-05,GND,Hardinxveld-Giessendam,122,58,13
2026-05-05,GNN,Groningen Noord,148,2,0
2026-05-05,GO,Goor,73,0,3
2026-05-05,GP,Geldrop,69,0,1
2026-05-05,GR,Gorinchem,97,19,6
2026-05-05,GS,Goes,103,2,4
2026-05-05,GSB,Berlin Gesundbrunnen,1,0,0
2026-05-05,GV,Den Haag HS,463,6,6
2026-05-05,GVC,Den Haag Centraal,381,12,10
2026-05-05,GVM,Den Haag Mariahoeve,134,1,1
2026-05-05,GVMW,Den Haag Moerwijk,186,2,0
2026-05-05,GW,Grou-Jirnsum,69,1,1
2026-05-05,GWD,Wildert,35,0,0
2026-05-05,GZ,Gilze-Rijen,73,0,0
2026-05-05,HAD,Heemstede-Aerdenhout,224,13,1
2026-05-05,HAMM,Hamm (Westf.),2,0,0
2026-05-05,HANN,Hannover Hbf,15,8,0
2026-05-05,HB,Hoensbroek,76,1,0
2026-05-05,HBZM,Hardinxveld Blauwe Zoom,72,34,2
2026-05-05,HD,Harderwijk,78,2,0
2026-05-05,HDB,Hardenberg,106,4,0
2026-05-05,HDE,'t Harde,75,2,0
2026-05-05,HDG,Hurdegaryp,71,4,1
2026-05-05,HDR,Den Helder,38,0,3
2026-05-05,HDRZ,Den Helder Zuid,78,1,6
2026-05-05,HFD,Hoofddorp,303,4,12
2026-05-05,HGL,Hengelo,312,32,4
2026-05-05,HGLG,Hengelo Gezondheidspark,73,1,3
2026-05-05,HGLO,Hengelo Oost,76,0,3
2026-05-05,HGV,Hoogeveen,75,1,0
2026-05-05,HGZ,Hoogezand-Sappemeer,141,0,0
2026-05-05,HIL,Hillegom,75,3,0
2026-05-05,HK,Heemskerk,78,2,0
2026-05-05,HKS,Hoogkarspel,79,0,1
2026-05-05,HLG,Harlingen,68,2,0
2026-05-05,HLGH,Harlingen Haven,34,1,0
2026-05-05,HLM,Haarlem,346,10,1
2026-05-05,HLMS,Haarlem Spaarnwoude,154,2,0
2026-05-05,HLO,Heiloo,168,4,5
2026-05-05,HM,Helmond,141,13,4
2026-05-05,HMBH,Helmond Brouwhuis,70,3,0
2026-05-05,HMBV,Helmond Brandevoort,70,4,0
2026-05-05,HMH,Helmond 't Hout,70,3,0
2026-05-05,HMN,Hemmen-Dodewaard,66,2,0
2026-05-05,HN,Hoorn,187,2,1
2026-05-05,HNK,Hoorn Kersenboogerd,115,1,1
2026-05-05,HNO,Heino,78,1,0
2026-05-05,HNP,Hindeloopen,50,0,0
2026-05-05,HOHT,Osnabrück Altstadt,36,14,0
2026-05-05,HON,Holten,74,2,0
2026-05-05,HOR,Hollandsche Rading,81,0,8
2026-05-05,HR,Heerenveen,140,2,1
2026-05-05,HRL,Heerlen,210,2,2
2026-05-05,HRLW,Heerlen Woonboulevard,78,1,0
2026-05-05,HRN,Haren,101,2,0
2026-05-05,HRT,Horst-Sevenum,70,13,5
2026-05-05,HT,'s-Hertogenbosch,426,21,8
2026-05-05,HTN,Houten,152,2,4
2026-05-05,HTNC,Houten Castellum,152,5,4
2026-05-05,HTO,'s-Hertogenbosch Oost,76,2,0
2026-05-05,HVL,Hoevelaken,80,0,1
2026-05-05,HVS,Hilversum,349,13,38
2026-05-05,HVSM,Hilversum Media Park,125,6,26
2026-05-05,HVSP,Hilversum Sportpark,137,2,8
2026-05-05,HWD,Heerhugowaard,145,3,5
2026-05-05,HWZB,Halfweg-Zwanenburg,154,2,0
2026-05-05,HZ,Herzogenrath,64,0,0
2026-05-05,HZE,Heeze,69,0,1
2026-05-05,IJT,IJlst,50,0,0
2026-05-05,INNSB,Innsbruck Hbf,1,0,0
2026-05-05,JENBAC,Jenbach,1,0,0
2026-05-05,KARLSR,Karlsruhe Hbf,1,0,0
2026-05-05,KBB,Bonn-Beuel,2,0,0
2026-05-05,KBD,Krabbendijke,74,2,3
2026-05-05,KBK,Klarenbeek,64,1,0
2026-05-05,KBOI,Boisheim,36,0,0
2026-05-05,KBRY,Breyell,36,0,0
2026-05-05,KDUL,Dülken,36,0,0
2026-05-05,KKO,Koblenz Hbf,2,0,0
2026-05-05,KLP,Veenendaal-De Klomp,78,0,1
2026-05-05,KMA,Krommenie-Assendelft,113,3,4
2026-05-05,KMR,Klimmen-Ransdaal,78,0,0
2026-05-05,KMW,Koudum-Molkwerum,50,0,0
2026-05-05,KN,Kaldenkirchen,36,0,0
2026-05-05,KOLN,Köln Hbf,16,3,0
2026-05-05,KPN,Kampen,39,0,0
2026-05-05,KPNZ,Kampen Zuid,72,0,1
2026-05-05,KRD,Kerkrade Centrum,38,0,0
2026-05-05,KRG,Kruiningen-Yerseke,74,3,3
2026-05-05,KSB,Siegburg/Bonn,14,3,0
2026-05-05,KTR,Kesteren,66,3,0
2026-05-05,KUFST,Kufstein,1,0,0
2026-05-05,KW,Kropswolde,141,0,0
2026-05-05,KZ,Koog aan de Zaan,115,6,2
2026-05-05,LAA,Den Haag Laan v NOI,330,4,5
2026-05-05,LC,Lochem,72,0,3
2026-05-05,LDL,Leiden Lammenschans,108,0,2
2026-05-05,LDM,Leerdam,72,0,0
2026-05-05,LEDN,Leiden Centraal,578,12,11
2026-05-05,LEER,Leer (Ostfriesl),25,0,0
2026-05-05,LG,Landgraaf,140,9,0
2026-05-05,LILLEE,Lille Europe,7,1,0
2026-05-05,LKP,Kapellen,35,2,0
2026-05-05,LKR,Ekeren,35,2,0
2026-05-05,LLS,Lelystad Centrum,170,14,6
2026-05-05,LLZM,Lansingerland-Zoetermeer,99,1,2
2026-05-05,LP,Loppersum,72,0,0
2026-05-05,LTN,Lunteren,80,0,1
2026-05-05,LTV,Lichtenvoorde-Groenlo,71,3,0
2026-05-05,LUIK,Liège-Guillemins,19,0,0
2026-05-05,LUT,Geleen-Lutterade,76,0,0
2026-05-05,LW,Leeuwarden,210,5,2
2026-05-05,LWC,Leeuwarden Camminghaburen,69,2,2
2026-05-05,MA,Augsburg Hbf,2,0,0
2026-05-05,MANNHE,Mannheim Hbf,3,0,0
2026-05-05,MARIA,Sint-Mariaburg,35,2,0
2026-05-05,MAS,Maarssen,119,2,0
2026-05-05,MCGB,Mönchengladbach Hbf,49,7,0
2026-05-05,MDB,Middelburg,103,2,4
2026-05-05,MECH,Mechelen,32,4,0
2026-05-05,MES,Meerssen,140,3,0
2026-05-05,MG,Mantgum,71,1,0
2026-05-05,MID,Heide (B),35,0,0
2026-05-05,MMLH,Mook-Molenhoek,108,0,0
2026-05-05,MP,Meppel,215,5,1
2026-05-05,MRB,Mariënberg,135,4,0
2026-05-05,MRN,Maarn,74,3,0
2026-05-05,MT,Maastricht,241,4,0
2026-05-05,MTH,Martenshoek,141,0,0
2026-05-05,MTN,Maastricht Noord,78,0,0
2026-05-05,MTR,Maastricht Randwyck,115,2,0
2026-05-05,MUNCHH,München Hbf,2,0,0
2026-05-05,MUNST,Münster (Westf) Hbf,18,3,1
2026-05-05,MZ,Maarheeze,69,0,1
2026-05-05,NA,Nieuw Amsterdam,78,2,0
2026-05-05,NDB,Naarden-Bussum,195,11,30
2026-05-05,NDKP,Noorderkempen,32,7,0
2026-05-05,NH,Nuth,76,1,0
2026-05-05,NKK,Nijkerk,81,1,0
2026-05-05,NM,Nijmegen,342,6,8
2026-05-05,NMD,Nijmegen Dukenburg,120,0,3
2026-05-05,NMGO,Nijmegen Goffert,120,0,3
2026-05-05,NMH,Nijmegen Heyendaal,162,0,0
2026-05-05,NML,Nijmegen Lent,125,1,1
2026-05-05,NS,Nunspeet,75,2,0
2026-05-05,NSCH,Bad Nieuweschans,39,0,0
2026-05-05,NURNB,Nürnberg Hbf,1,0,0
2026-05-05,NVD,Nijverdal,106,3,0
2026-05-05,NVP,Nieuw Vennep,129,1,11
2026-05-05,NWK,Nieuwerkerk a/d IJssel,76,3,2
2026-05-05,O,Oss,147,1,4
2026-05-05,OBD,Obdam,66,1,0
2026-05-05,OBERH,Oberhausen Hbf,32,0,0
2026-05-05,ODB,Oudenbosch,69,1,0
2026-05-05,ODZ,Oldenzaal,74,17,3
2026-05-05,OMN,Ommen,83,2,0
2026-05-05,OP,Opheusden,66,2,0
2026-05-05,OSNH,Osnabrück Hbf,51,26,0
2026-05-05,OST,Olst,74,2,3
2026-05-05,OT,Oisterwijk,70,1,1
2026-05-05,OTB,Oosterbeek,68,2,0
2026-05-05,OVN,Overveen,76,1,0
2026-05-05,OW,Oss West,76,1,0
2026-05-05,PARIS,Paris-Nord,11,1,0
2026-05-05,PMO,Purmerend Overwhere,77,1,0
2026-05-05,PMR,Purmerend,81,1,0
2026-05-05,PMW,Purmerend Weidevenne,77,2,0
2026-05-05,PT,Putten,75,2,0
2026-05-05,RAI,Amsterdam RAI,135,4,13
2026-05-05,RAT,Raalte,106,1,0
2026-05-05,RB,Rilland-Bath,74,3,3
2026-05-05,RBB,Baden-Baden,1,0,0
2026-05-05,RD,Roodeschool,63,1,3
2026-05-05,RF,Freiburg (Breisgau) Hbf,1,0,0
2026-05-05,RH,Rheden,72,1,1
2026-05-05,RHEINE,Rheine,52,26,0
2026-05-05,RHN,Rhenen,37,0,0
2026-05-05,RL,Ruurlo,71,6,0
2026-05-05,RLB,Rotterdam Lombardijen,184,1,4
2026-05-05,RM,Roermond,204,2,2
2026-05-05,RO,Offenburg,1,0,0
2026-05-05,ROSENH,Rosenheim,1,0,0
2026-05-05,RS,Rosmalen,76,1,0
2026-05-05,RSD,Roosendaal,181,3,4
2026-05-05,RSN,Rijssen,74,2,0
2026-05-05,RSW,Rijswijk,186,3,0
2026-05-05,RTA,Rotterdam Alexander,200,7,19
2026-05-05,RTB,Rotterdam Blaak,325,4,8
2026-05-05,RTD,Rotterdam Centraal,689,40,39
2026-05-05,RTN,Rotterdam Noord,76,4,2
2026-05-05,RTZ,Rotterdam Zuid,184,2,4
2026-05-05,RV,Reuver,76,0,0
2026-05-05,RVS,Ravenstein,74,0,0
2026-05-05,SBK,Spaubeek,76,1,0
2026-05-05,SD,Soestdijk,70,1,0
2026-05-05,SDA,Scheemda,118,0,0
2026-05-05,SDM,Schiedam Centrum,382,5,4
2026-05-05,SDT,Sliedrecht,121,54,14
2026-05-05,SDTB,Sliedrecht Baanhoek,120,77,15
2026-05-05,SGL,Houthem-St. Gerlach,78,0,0
2026-05-05,SGN,Schagen,79,1,5
2026-05-05,SHL,Schiphol Airport,893,31,34
2026-05-05,SK,Sneek,68,1,0
2026-05-05,SKND,Sneek Noord,84,1,0
2026-05-05,SM,Swalmen,76,0,0
2026-05-05,SN,Schinnen,76,1,0
2026-05-05,SOG,Schin op Geul,78,0,0
2026-05-05,SPTN,Santpoort Noord,78,2,0
2026-05-05,SPTZ,Santpoort Zuid,78,2,0
2026-05-05,SRN,Susteren,74,1,0
2026-05-05,SSH,Sassenheim,129,1,11
2026-05-05,ST,Soest,70,1,0
2026-05-05,STD,Sittard,246,1,2
2026-05-05,STM,Stedum,72,0,0
2026-05-05,STP,London St. Pancras Int.,5,1,0
2026-05-05,STV,Stavoren,25,0,0
2026-05-05,STZ,Soest Zuid,70,1,0
2026-05-05,SWD,Sauwerd,148,4,0
2026-05-05,SWK,Steenwijk,140,4,1
2026-05-05,TB,Tilburg,291,10,7
2026-05-05,TBG,Terborg,72,2,2
2026-05-05,TBR,Tilburg Reeshof,73,0,0
2026-05-05,TBU,Tilburg Universiteit,108,1,0
2026-05-05,TG,Tegelen,76,1,0
2026-05-05,TL,Tiel,70,2,2
2026-05-05,TPSW,Tiel Passewaaij,74,2,2
2026-05-05,TS,Stuttgart Hbf,2,0,0
2026-05-05,TU,Ulm Hbf,2,0,0
2026-05-05,TWL,Twello,74,0,0
2026-05-05,UHM,Uithuizermeeden,74,2,0
2026-05-05,UHZ,Uithuizen,74,1,0
2026-05-05,UST,Usquert,74,4,0
2026-05-05,UT,Utrecht Centraal,1049,29,21
2026-05-05,UTG,Uitgeest,138,3,2
2026-05-05,UTLN,Utrecht Lunetten,152,2,4
2026-05-05,UTLR,Utrecht Leidsche Rijn,184,2,4
2026-05-05,UTM,Utrecht Maliebaan,8,0,0
2026-05-05,UTO,Utrecht Overvecht,297,5,8
2026-05-05,UTT,Utrecht Terwijde,129,2,2
2026-05-05,UTVR,Utrecht Vaartsche Rijn,256,5,4
2026-05-05,UTZL,Utrecht Zuilen,119,2,0
2026-05-05,VB,Voorburg,99,1,2
2026-05-05,VD,Vorden,71,3,0
2026-05-05,VDL,Voerendaal,78,1,0
2026-05-05,VDM,Veendam,35,0,0
2026-05-05,VEM,Voorst-Empe,64,2,0
2026-05-05,VG,Vught,78,3,0
2026-05-05,VH,Voorhout,75,3,0
2026-05-05,VHP,Vroomshoop,58,0,0
2026-05-05,VIERS,Viersen,36,0,0
2026-05-05,VK,Valkenburg,140,3,0
2026-05-05,VL,Venlo,164,14,2
2026-05-05,VLB,Vierlingsbeek,80,1,0
2026-05-05,VNDC,Veenendaal Centrum,74,0,0
2026-05-05,VNDW,Veenendaal West,74,1,0
2026-05-05,VP,Velp,72,1,1
2026-05-05,VRY,Venray,80,1,0
2026-05-05,VS,Vlissingen,51,2,3
2026-05-05,VSS,Vlissingen Souburg,74,2,3
2026-05-05,VST,Voorschoten,134,2,1
2026-05-05,VSV,Varsseveld,72,4,2
2026-05-05,VTN,Vleuten,129,2,2
2026-05-05,VZ,Vriezenveen,58,0,0
2026-05-05,WAD,Waddinxveen,118,1,12
2026-05-05,WADN,Waddinxveen Noord,118,0,12
2026-05-05,WADT,Waddinxveen Triangel,118,1,12
2026-05-05,WC,Wijchen,97,1,1
2026-05-05,WD,Woerden,268,6,6
2026-05-05,WDN,Wierden,152,5,0
2026-05-05,WESEL,Wesel,63,0,0
2026-05-05,WF,Wolfheze,68,1,0
2026-05-05,WFM,Warffum,74,4,0
2026-05-05,WH,Wijhe,74,2,3
2026-05-05,WK,Workum,50,0,0
2026-05-05,WL,Wehl,130,0,2
2026-05-05,WM,Wormerveer,114,5,3
2026-05-05,WORGL,Wörgl Hbf,1,0,0
2026-05-05,WP,Weesp,251,15,40
2026-05-05,WR,Weener,35,0,0
2026-05-05,WS,Winschoten,80,0,0
2026-05-05,WSM,Winsum,76,3,0
2026-05-05,WT,Weert,163,2,3
2026-05-05,WTV,Westervoort,133,0,2
2026-05-05,WURZB,Würzburg Hbf,2,0,0
2026-05-05,WV,Wolvega,69,0,1
2026-05-05,WW,Winterswijk,67,1,6
2026-05-05,WWW,Winterswijk West,71,2,0
2026-05-05,WZ,Wezep,75,0,0
2026-05-05,YPB,Den Haag Ypenburg,99,1,2
2026-05-05,ZA,Zetten-Andelst,66,2,0
2026-05-05,ZB,Zuidbroek,141,0,0
2026-05-05,ZBM,Zaltbommel,77,3,2
2026-05-05,ZD,Zaandam,313,13,7
2026-05-05,ZDK,Zaandam Kogerveld,77,2,0
2026-05-05,ZH,Zuidhorn,104,3,0
2026-05-05,ZL,Zwolle,468,13,2
2026-05-05,ZLSH,Zwolle Stadshagen,78,0,0
2026-05-05,ZLW,Lage Zwaluwe,142,2,0
2026-05-05,ZP,Zutphen,216,4,6
2026-05-05,ZTM,Zoetermeer,99,1,2
2026-05-05,ZTMO,Zoetermeer Oost,99,1,2
2026-05-05,ZUE,Zürich HB,1,0,0
2026-05-05,ZV,Zevenaar,168,0,2
2026-05-05,ZVB,Zevenbergen,68,1,1
2026-05-05,ZVT,Zandvoort aan Zee,38,1,0
2026-05-05,ZWD,Zwijndrecht,183,2,4
2026-05-05,ZZS,Zaandijk Zaanse Schans,115,6,2
2026-05-06,AC,Abcoude,115,8,6
2026-05-06,AH,Arnhem Centraal,500,17,9
2026-05-06,AHBF,Aachen Hbf,32,2,0
2026-05-06,AHP,Arnhem Velperpoort,204,4,0
2026-05-06,AHPR,Arnhem Presikhaaf,72,0,0
2026-05-06,AHZ,Arnhem Zuid,123,2,3
2026-05-06,AKL,Arkel,72,0,0
2026-05-06,AKM,Akkrum,68,1,1
2026-05-06,ALM,Almere Centrum,294,5,56
2026-05-06,ALMB,Almere Buiten,161,3,35
2026-05-06,ALMM,Almere Muziekwijk,193,5,26
2026-05-06,ALMO,Almere Oostvaarders,103,2,13
2026-05-06,ALMP,Almere Parkwijk,126,2,18
2026-05-06,AMF,Amersfoort Centraal,485,17,68
2026-05-06,AMFS,Amersfoort Schothorst,174,2,9
2026-05-06,AML,Almelo,240,8,41
2026-05-06,AMPO,Almere Poort,193,7,26
2026-05-06,AMR,Alkmaar,176,7,5
2026-05-06,AMRI,Almelo de Riet,84,3,14
2026-05-06,AMRN,Alkmaar Noord,146,2,3
2026-05-06,ANA,Anna Paulowna,80,2,3
2026-05-06,ANDD,Antwerpen-Noorderdokken,34,3,1
2026-05-06,APD,Apeldoorn,181,6,50
2026-05-06,APDM,Apeldoorn De Maten,64,0,0
2026-05-06,APDO,Apeldoorn Osseveld,74,2,1
2026-05-06,APG,Appingedam,71,3,1
2026-05-06,APN,Alphen a/d Rijn,164,0,8
2026-05-06,ARN,Arnemuiden,72,6,3
2026-05-06,ASA,Amsterdam Amstel,314,9,12
2026-05-06,ASB,Amsterdam Bijlmer ArenA,328,9,13
2026-05-06,ASD,Amsterdam Centraal,755,37,35
2026-05-06,ASDL,Amsterdam Lelylaan,344,3,0
2026-05-06,ASDM,Amsterdam Muiderpoort,252,8,17
2026-05-06,ASDZ,Amsterdam Zuid,519,24,95
2026-05-06,ASHD,Amsterdam Holendrecht,117,5,4
2026-05-06,ASN,Assen,163,8,2
2026-05-06,ASS,Amsterdam Sloterdijk,950,21,20
2026-05-06,ASSP,Amsterdam Science Park,129,1,12
2026-05-06,ATN,Aalten,74,3,0
2026-05-06,ATW,Antwerpen-Centraal,124,17,2
2026-05-06,ATWLB,Antwerpen-Luchtbal,34,5,1
2026-05-06,AVAT,Amersfoort Vathorst,106,1,2
2026-05-06,AW,Aachen West,64,2,0
2026-05-06,BADENZ,Baden (CH),1,0,0
2026-05-06,BASELB,Basel Bad Bf,1,0,0
2026-05-06,BASELS,Basel SBB,1,0,0
2026-05-06,BD,Breda,281,24,12
2026-05-06,BDE,Bunde,76,1,0
2026-05-06,BDG,Bodegraven,107,0,0
2026-05-06,BDM,Bedum,72,1,0
2026-05-06,BDPB,Breda-Prinsenbeek,73,1,1
2026-05-06,BERCH,Antwerpen-Berchem,65,5,1
2026-05-06,BERHBL,Berlin Hbf,1,0,0
2026-05-06,BERHBT,Berlin Hbf,12,6,0
2026-05-06,BET,Best,146,8,7
2026-05-06,BF,Baflo,74,0,2
2026-05-06,BGN,Bergen op Zoom,102,13,6
2026-05-06,BH,Bad Bentheim,54,21,0
2026-05-06,BHDV,Boven-Hardinxveld,135,1,0
2026-05-06,BHF,Berlin Ostbahnhof,7,4,0
2026-05-06,BHV,Bilthoven,145,1,0
2026-05-06,BIELEF,Bielefeld Hbf,18,0,0
2026-05-06,BK,Beek-Elsloo,76,0,0
2026-05-06,BKF,Bovenkarspel Flora,79,2,4
2026-05-06,BKG,Bovenkarspel-Grootebroek,79,1,4
2026-05-06,BKL,Breukelen,151,7,8
2026-05-06,BL,Beilen,74,1,0
2026-05-06,BLL,Bloemendaal,78,2,0
2026-05-06,BMN,Brummen,72,1,0
2026-05-06,BMR,Boxmeer,105,3,2
2026-05-06,BN,Borne,85,2,13
2026-05-06,BNC,Barneveld Centrum,120,2,19
2026-05-06,BNK,Bunnik,102,3,2
2026-05-06,BNN,Barneveld Noord,122,7,17
2026-05-06,BNZ,Barneveld Zuid,97,3,12
2026-05-06,BP,Buitenpost,105,10,0
2026-05-06,BR,Blerick,150,12,8
2026-05-06,BRD,Barendrecht,176,14,23
2026-05-06,BRESSX,Bressoux,38,0,0
2026-05-06,BRN,Baarn,113,1,4
2026-05-06,BRUSC,Brussel-Centraal,32,1,0
2026-05-06,BRUSN,Brussel-Noord,33,1,0
2026-05-06,BRUSZ,Brussel-Zuid,66,10,1
2026-05-06,BSD,Beesd,72,0,0
2026-05-06,BSK,Boskoop,114,0,16
2026-05-06,BSKS,Boskoop Snijdelwijk,114,0,16
2026-05-06,BSMZ,Bussum Zuid,97,3,85
2026-05-06,BSPD,Berlin-Spandau,12,5,0
2026-05-06,BTL,Boxtel,147,6,6
2026-05-06,BUENDE,Bünde (Westf),49,17,0
2026-05-06,BV,Beverwijk,82,1,0
2026-05-06,BZL,Kapelle-Biezelinge,72,6,3
2026-05-06,CAS,Castricum,207,10,5
2026-05-06,CK,Cuijk,95,0,0
2026-05-06,CL,Culemborg,150,2,2
2026-05-06,CO,Coevorden,89,0,0
2026-05-06,CPS,Capelle Schollevaar,78,3,4
2026-05-06,CVM,Chevremont,76,0,0
2026-05-06,DA,Daarlerveen,56,0,0
2026-05-06,DB,Driebergen-Zeist,162,6,5
2026-05-06,DDN,Delden,71,7,2
2026-05-06,DDR,Dordrecht,330,18,24
2026-05-06,DDRS,Dordrecht Stadspolders,135,2,0
2026-05-06,DDZD,Dordrecht Zuid,142,2,1
2026-05-06,DEI,Deinum,68,0,0
2026-05-06,DID,Didam,132,7,0
2026-05-06,DL,Dalfsen,96,0,0
2026-05-06,DLD,Den Dolder,145,1,0
2026-05-06,DLN,Dalen,47,0,0
2026-05-06,DMN,Diemen,129,1,12
2026-05-06,DMNZ,Diemen Zuid,119,5,66
2026-05-06,DN,Deurne,107,12,7
2026-05-06,DR,Dieren,145,2,3
2026-05-06,DRH,Driehuis,78,2,0
2026-05-06,DRON,Dronten,72,0,1
2026-05-06,DRP,Dronryp,68,0,0
2026-05-06,DT,Delft,429,28,54
2026-05-06,DTC,Doetinchem,103,5,0
2026-05-06,DTCH,Doetinchem De Huet,132,8,0
2026-05-06,DTCP,Delft Campus,168,11,29
2026-05-06,DUISB,Duisburg Hbf,1,0,0
2026-05-06,DV,Deventer,255,16,37
2026-05-06,DVC,Deventer Colmschate,74,1,1
2026-05-06,DVD,Duivendrecht,348,21,72
2026-05-06,DVN,Duiven,135,6,1
2026-05-06,DVNK,De Vink,135,1,8
2026-05-06,DWE,De Westereen,71,8,0
2026-05-06,DZ,Delfzijl,35,1,1
2026-05-06,DZW,Delfzijl West,70,1,2
2026-05-06,EABG,Altenberge,32,6,4
2026-05-06,EAHS,Ahaus,33,0,0
2026-05-06,EBFT,Steinfurt-Burgsteinfurt,35,11,1
2026-05-06,EBGO,Steinfurt-Borghorst,35,10,1
2026-05-06,EBOK,Bork (Westf),32,4,0
2026-05-06,EC,Echt,76,0,0
2026-05-06,ECMF,Coesfeld (Westf),32,4,0
2026-05-06,ED,Ede-Wageningen,259,8,6
2026-05-06,EDC,Ede Centrum,73,0,6
2026-05-06,EDD,Dortmund-Derne,30,4,0
2026-05-06,EDKD,Dortmund-Kirchderne,30,5,0
2026-05-06,EDN,Eijsden,38,0,0
2026-05-06,EDO,Dortmund Hbf,14,1,0
2026-05-06,EDULH,Dülmen,32,5,0
2026-05-06,EEM,Eemshaven,28,0,1
2026-05-06,EEPE,Epe (Westf),33,0,0
2026-05-06,EGH,Eygelshoven,76,0,0
2026-05-06,EGHM,Eygelshoven Markt,64,2,0
2026-05-06,EGRK,Steinfurt-Grottenkamp,35,9,1
2026-05-06,EHS,Eindhoven Strijp-S,146,8,7
2026-05-06,EHV,Eindhoven Centraal,376,35,21
2026-05-06,EHW,Rosendahl-Holtwick,33,0,0
2026-05-06,EKZ,Enkhuizen,39,1,2
2026-05-06,EL,Emmerich-Elten,38,0,0
2026-05-06,ELDH,Lüdinghausen,32,3,0
2026-05-06,ELET,Lette (Kr Coesfeld),32,5,0
2026-05-06,ELGD,Legden,33,0,0
2026-05-06,ELUE,Lünen Hbf,32,6,0
2026-05-06,EM,Emmerich,63,0,0
2026-05-06,EML,Ermelo,74,1,0
2026-05-06,EMN,Emmen,41,0,0
2026-05-06,EMNZ,Emmen Zuid,82,0,0
2026-05-06,EMTE,Metelen Land,35,7,1
2026-05-06,ENBE,Münster-Häger,30,5,6
2026-05-06,ENHF,Münster (W) Zentrum Nord,29,3,7
2026-05-06,ENOW,Nordwalde,35,9,1
2026-05-06,EOP,Ochtrup,35,9,1
2026-05-06,EPRN,Preussen,29,4,1
2026-05-06,ES,Enschede,132,6,19
2026-05-06,ESE,Enschede De Eschmarke,72,0,2
2026-05-06,ESEB,Selm-Beifang,32,3,0
2026-05-06,ESEM,Selm,32,3,0
2026-05-06,ESK,Enschede Kennispark,87,1,12
2026-05-06,ESN,Essen,34,3,1
2026-05-06,EST,Elst,190,3,3
2026-05-06,ETN,Etten-Leur,76,3,2
2026-05-06,FBNL,Brussels Airport-Zaventem,32,1,0
2026-05-06,FFFM,Frankfurt (M) Hbf,6,0,0
2026-05-06,FKTH,Kalmthout,34,3,1
2026-05-06,FKW,Kassel-Wilhelmshöhe,2,1,0
2026-05-06,FMZ,Mainz Hbf,2,0,0
2026-05-06,FN,Franeker,68,0,0
2026-05-06,FNAF,Frankfurt Flughafen Fernb,15,3,0
2026-05-06,FNZD,Antwerpen-Zuid,32,3,1
2026-05-06,FRP,Puurs,16,0,1
2026-05-06,FVS,Visé,38,0,0
2026-05-06,FWD,Feanwâlden,135,15,0
2026-05-06,G,Gronau (Westf.),72,5,1
2026-05-06,GBG,Gramsbergen,47,0,0
2026-05-06,GBR,Glanerbrug,72,1,2
2026-05-06,GD,Gouda,502,5,47
2026-05-06,GDG,Gouda Goverwelle,166,2,4
2026-05-06,GDM,Geldermalsen,186,3,2
2026-05-06,GDR,Gaanderen,74,4,0
2026-05-06,GERP,Groningen Europapark,334,12,5
2026-05-06,GK,Grijpskerk,71,6,0
2026-05-06,GKT,Kijkuit,34,3,1
2026-05-06,GLN,Geleen Oost,76,0,0
2026-05-06,GN,Groningen,372,15,6
2026-05-06,GND,Hardinxveld-Giessendam,135,2,0
2026-05-06,GNN,Groningen Noord,146,2,2
2026-05-06,GO,Goor,71,4,2
2026-05-06,GP,Geldrop,65,5,6
2026-05-06,GR,Gorinchem,103,0,0
2026-05-06,GS,Goes,101,10,6
2026-05-06,GV,Den Haag HS,439,34,51
2026-05-06,GVC,Den Haag Centraal,371,16,39
2026-05-06,GVM,Den Haag Mariahoeve,135,1,8
2026-05-06,GVMW,Den Haag Moerwijk,171,11,26
2026-05-06,GW,Grou-Jirnsum,68,1,1
2026-05-06,GWD,Wildert,34,3,1
2026-05-06,GZ,Gilze-Rijen,73,2,1
2026-05-06,HAD,Heemstede-Aerdenhout,216,8,4
2026-05-06,HAMM,Hamm (Westf.),2,1,0
2026-05-06,HANN,Hannover Hbf,14,7,0
2026-05-06,HB,Hoensbroek,76,0,0
2026-05-06,HBZM,Hardinxveld Blauwe Zoom,74,0,0
2026-05-06,HD,Harderwijk,77,1,0
2026-05-06,HDB,Hardenberg,122,0,0
2026-05-06,HDE,'t Harde,74,1,0
2026-05-06,HDG,Hurdegaryp,71,8,0
2026-05-06,HDR,Den Helder,40,2,2
2026-05-06,HDRZ,Den Helder Zuid,80,2,3
2026-05-06,HFD,Hoofddorp,307,6,49
2026-05-06,HGL,Hengelo,290,21,43
2026-05-06,HGLG,Hengelo Gezondheidspark,71,7,2
2026-05-06,HGLO,Hengelo Oost,72,0,4
2026-05-06,HGV,Hoogeveen,74,2,0
2026-05-06,HGZ,Hoogezand-Sappemeer,139,3,2
2026-05-06,HIL,Hillegom,75,0,0
2026-05-06,HK,Heemskerk,78,0,0
2026-05-06,HKS,Hoogkarspel,79,1,4
2026-05-06,HLG,Harlingen,68,0,0
2026-05-06,HLGH,Harlingen Haven,34,0,0
2026-05-06,HLM,Haarlem,333,7,5
2026-05-06,HLMS,Haarlem Spaarnwoude,153,0,1
2026-05-06,HLO,Heiloo,159,2,4
2026-05-06,HM,Helmond,142,8,9
2026-05-06,HMBH,Helmond Brouwhuis,70,2,3
2026-05-06,HMBV,Helmond Brandevoort,70,4,3
2026-05-06,HMH,Helmond 't Hout,70,4,3
2026-05-06,HMN,Hemmen-Dodewaard,66,1,0
2026-05-06,HN,Hoorn,187,1,4
2026-05-06,HNK,Hoorn Kersenboogerd,114,1,4
2026-05-06,HNO,Heino,72,1,6
2026-05-06,HNP,Hindeloopen,46,0,0
2026-05-06,HOHT,Osnabrück Altstadt,36,6,0
2026-05-06,HON,Holten,74,1,1
2026-05-06,HOR,Hollandsche Rading,81,3,41
2026-05-06,HR,Heerenveen,139,4,4
2026-05-06,HRL,Heerlen,204,12,1
2026-05-06,HRLW,Heerlen Woonboulevard,78,1,0
2026-05-06,HRN,Haren,100,4,0
2026-05-06,HRT,Horst-Sevenum,72,8,6
2026-05-06,HT,'s-Hertogenbosch,424,24,18
2026-05-06,HTN,Houten,151,2,2
2026-05-06,HTNC,Houten Castellum,151,2,2
2026-05-06,HTO,'s-Hertogenbosch Oost,76,3,1
2026-05-06,HVL,Hoevelaken,120,5,19
2026-05-06,HVS,Hilversum,326,15,91
2026-05-06,HVSM,Hilversum Media Park,96,2,86
2026-05-06,HVSP,Hilversum Sportpark,137,9,41
2026-05-06,HWD,Heerhugowaard,146,2,3
2026-05-06,HWZB,Halfweg-Zwanenburg,153,0,1
2026-05-06,HZ,Herzogenrath,64,2,0
2026-05-06,HZE,Heeze,65,5,6
2026-05-06,IJT,IJlst,46,0,0
2026-05-06,INNSB,Innsbruck Hbf,1,0,0
2026-05-06,JENBAC,Jenbach,1,0,0
2026-05-06,KARLSR,Karlsruhe Hbf,1,0,0
2026-05-06,KBB,Bonn-Beuel,2,0,0
2026-05-06,KBD,Krabbendijke,72,8,3
2026-05-06,KBK,Klarenbeek,64,0,0
2026-05-06,KBOI,Boisheim,36,0,0
2026-05-06,KBRY,Breyell,36,0,0
2026-05-06,KDUL,Dülken,36,0,0
2026-05-06,KKO,Koblenz Hbf,2,0,0
2026-05-06,KLP,Veenendaal-De Klomp,78,3,0
2026-05-06,KMA,Krommenie-Assendelft,113,6,7
2026-05-06,KMR,Klimmen-Ransdaal,78,0,0
2026-05-06,KMW,Koudum-Molkwerum,46,0,0
2026-05-06,KN,Kaldenkirchen,36,0,0
2026-05-06,KOLN,Köln Hbf,16,3,0
2026-05-06,KPN,Kampen,39,0,0
2026-05-06,KPNZ,Kampen Zuid,72,1,1
2026-05-06,KRD,Kerkrade Centrum,38,0,0
2026-05-06,KRG,Kruiningen-Yerseke,72,8,3
2026-05-06,KSB,Siegburg/Bonn,14,2,0
2026-05-06,KTR,Kesteren,66,1,0
2026-05-06,KUFST,Kufstein,1,0,0
2026-05-06,KW,Kropswolde,139,3,2
2026-05-06,KZ,Koog aan de Zaan,115,5,5
2026-05-06,LAA,Den Haag Laan v NOI,329,18,20
2026-05-06,LC,Lochem,70,4,2
2026-05-06,LDL,Leiden Lammenschans,108,0,0
2026-05-06,LDM,Leerdam,72,0,0
2026-05-06,LEDN,Leiden Centraal,572,21,38
2026-05-06,LEER,Leer (Ostfriesl),25,0,0
2026-05-06,LG,Landgraaf,140,17,0
2026-05-06,LILLEE,Lille Europe,7,0,0
2026-05-06,LKP,Kapellen,34,2,1
2026-05-06,LKR,Ekeren,34,3,1
2026-05-06,LLS,Lelystad Centrum,161,3,20
2026-05-06,LLZM,Lansingerland-Zoetermeer,100,0,0
2026-05-06,LP,Loppersum,72,1,0
2026-05-06,LTN,Lunteren,73,0,6
2026-05-06,LTV,Lichtenvoorde-Groenlo,71,2,0
2026-05-06,LUIK,Liège-Guillemins,19,0,0
2026-05-06,LUT,Geleen-Lutterade,76,0,0
2026-05-06,LW,Leeuwarden,208,7,3
2026-05-06,LWC,Leeuwarden Camminghaburen,70,8,1
2026-05-06,MA,Augsburg Hbf,2,0,0
2026-05-06,MANNHE,Mannheim Hbf,3,0,0
2026-05-06,MARIA,Sint-Mariaburg,34,2,1
2026-05-06,MAS,Maarssen,114,5,5
2026-05-06,MCGB,Mönchengladbach Hbf,49,6,0
2026-05-06,MDB,Middelburg,101,9,6
2026-05-06,MECH,Mechelen,32,1,0
2026-05-06,MES,Meerssen,140,7,0
2026-05-06,MG,Mantgum,68,0,0
2026-05-06,MID,Heide (B),34,2,1
2026-05-06,MMLH,Mook-Molenhoek,108,0,0
2026-05-06,MOP,München Ost,1,0,0
2026-05-06,MP,Meppel,213,5,4
2026-05-06,MRB,Mariënberg,130,0,0
2026-05-06,MRN,Maarn,72,3,2
2026-05-06,MT,Maastricht,232,8,0
2026-05-06,MTH,Martenshoek,139,4,2
2026-05-06,MTN,Maastricht Noord,78,0,0
2026-05-06,MTR,Maastricht Randwyck,115,2,0
2026-05-06,MUNCHH,München Hbf,2,0,0
2026-05-06,MUNST,Münster (Westf) Hbf,15,2,4
2026-05-06,MZ,Maarheeze,65,6,6
2026-05-06,NA,Nieuw Amsterdam,76,0,0
2026-05-06,NDB,Naarden-Bussum,167,8,89
2026-05-06,NDKP,Noorderkempen,32,2,0
2026-05-06,NH,Nuth,76,0,0
2026-05-06,NKK,Nijkerk,80,1,0
2026-05-06,NM,Nijmegen,343,4,4
2026-05-06,NMD,Nijmegen Dukenburg,122,2,1
2026-05-06,NMGO,Nijmegen Goffert,122,2,1
2026-05-06,NMH,Nijmegen Heyendaal,162,0,0
2026-05-06,NML,Nijmegen Lent,123,1,3
2026-05-06,NS,Nunspeet,74,1,0
2026-05-06,NSCH,Bad Nieuweschans,38,1,0
2026-05-06,NURNB,Nürnberg Hbf,1,0,0
2026-05-06,NVD,Nijverdal,96,2,10
2026-05-06,NVP,Nieuw Vennep,132,4,46
2026-05-06,NWK,Nieuwerkerk a/d IJssel,78,3,4
2026-05-06,O,Oss,148,8,3
2026-05-06,OBD,Obdam,66,0,0
2026-05-06,OBERH,Oberhausen Hbf,32,0,0
2026-05-06,ODB,Oudenbosch,69,0,0
2026-05-06,ODZ,Oldenzaal,73,7,2
2026-05-06,OMN,Ommen,96,0,0
2026-05-06,OP,Opheusden,66,1,0
2026-05-06,OSNH,Osnabrück Hbf,49,17,0
2026-05-06,OST,Olst,74,3,2
2026-05-06,OT,Oisterwijk,70,3,2
2026-05-06,OTB,Oosterbeek,68,0,0
2026-05-06,OVN,Overveen,76,0,0
2026-05-06,OW,Oss West,76,3,1
2026-05-06,PARIS,Paris-Nord,11,1,0
2026-05-06,PMO,Purmerend Overwhere,77,1,0
2026-05-06,PMR,Purmerend,81,0,0
2026-05-06,PMW,Purmerend Weidevenne,77,0,0
2026-05-06,PRAHA,Praha hl.n.,1,0,0
2026-05-06,PT,Putten,74,1,0
2026-05-06,RAI,Amsterdam RAI,140,5,49
2026-05-06,RAT,Raalte,97,3,9
2026-05-06,RB,Rilland-Bath,72,8,3
2026-05-06,RBB,Baden-Baden,1,0,0
2026-05-06,RD,Roodeschool,64,0,2
2026-05-06,RF,Freiburg (Breisgau) Hbf,1,0,0
2026-05-06,RH,Rheden,72,0,0
2026-05-06,RHEINE,Rheine,52,21,0
2026-05-06,RHN,Rhenen,36,2,1
2026-05-06,RL,Ruurlo,71,2,0
2026-05-06,RLB,Rotterdam Lombardijen,177,14,23
2026-05-06,RM,Roermond,217,8,6
2026-05-06,RO,Offenburg,1,0,0
2026-05-06,ROSENH,Rosenheim,1,0,0
2026-05-06,RS,Rosmalen,76,3,1
2026-05-06,RSD,Roosendaal,181,13,8
2026-05-06,RSN,Rijssen,74,1,1
2026-05-06,RSW,Rijswijk,172,10,25
2026-05-06,RTA,Rotterdam Alexander,211,6,12
2026-05-06,RTB,Rotterdam Blaak,308,25,43
2026-05-06,RTD,Rotterdam Centraal,675,68,74
2026-05-06,RTN,Rotterdam Noord,78,5,4
2026-05-06,RTZ,Rotterdam Zuid,177,14,23
2026-05-06,RV,Reuver,75,6,3
2026-05-06,RVS,Ravenstein,74,2,1
2026-05-06,SBK,Spaubeek,76,0,0
2026-05-06,SD,Soestdijk,70,0,0
2026-05-06,SDA,Scheemda,118,1,0
2026-05-06,SDM,Schiedam Centrum,347,38,55
2026-05-06,SDT,Sliedrecht,135,0,0
2026-05-06,SDTB,Sliedrecht Baanhoek,135,17,0
2026-05-06,SGL,Houthem-St. Gerlach,78,0,0
2026-05-06,SGN,Schagen,80,2,3
2026-05-06,SHL,Schiphol Airport,887,48,85
2026-05-06,SK,Sneek,65,0,0
2026-05-06,SKND,Sneek Noord,81,0,0
2026-05-06,SM,Swalmen,75,7,3
2026-05-06,SN,Schinnen,76,0,0
2026-05-06,SOG,Schin op Geul,78,0,0
2026-05-06,SPTN,Santpoort Noord,78,2,0
2026-05-06,SPTZ,Santpoort Zuid,78,2,0
2026-05-06,SRN,Susteren,76,0,0
2026-05-06,SSH,Sassenheim,132,4,46
2026-05-06,ST,Soest,70,0,0
2026-05-06,STD,Sittard,239,2,4
2026-05-06,STM,Stedum,72,1,0
2026-05-06,STP,London St. Pancras Int.,5,0,0
2026-05-06,STV,Stavoren,23,0,0
2026-05-06,STZ,Soest Zuid,70,0,0
2026-05-06,SWD,Sauwerd,146,1,2
2026-05-06,SWK,Steenwijk,139,4,4
2026-05-06,TB,Tilburg,290,17,9
2026-05-06,TBG,Terborg,74,4,0
2026-05-06,TBR,Tilburg Reeshof,73,2,1
2026-05-06,TBU,Tilburg Universiteit,107,4,3
2026-05-06,TG,Tegelen,74,7,4
2026-05-06,TL,Tiel,71,2,0
2026-05-06,TPSW,Tiel Passewaaij,75,1,0
2026-05-06,TS,Stuttgart Hbf,2,0,0
2026-05-06,TU,Ulm Hbf,2,0,0
2026-05-06,TWL,Twello,74,2,1
2026-05-06,UHM,Uithuizermeeden,72,0,2
2026-05-06,UHZ,Uithuizen,72,0,2
2026-05-06,UST,Usquert,72,0,2
2026-05-06,UT,Utrecht Centraal,1047,49,69
2026-05-06,UTG,Uitgeest,137,3,3
2026-05-06,UTLN,Utrecht Lunetten,151,1,2
2026-05-06,UTLR,Utrecht Leidsche Rijn,185,1,0
2026-05-06,UTM,Utrecht Maliebaan,8,0,0
2026-05-06,UTO,Utrecht Overvecht,298,5,41
2026-05-06,UTT,Utrecht Terwijde,130,1,0
2026-05-06,UTVR,Utrecht Vaartsche Rijn,253,4,4
2026-05-06,UTZL,Utrecht Zuilen,112,5,5
2026-05-06,VB,Voorburg,100,0,0
2026-05-06,VD,Vorden,71,1,0
2026-05-06,VDL,Voerendaal,78,0,0
2026-05-06,VDM,Veendam,34,1,1
2026-05-06,VEM,Voorst-Empe,64,0,0
2026-05-06,VG,Vught,78,3,3
2026-05-06,VH,Voorhout,75,1,0
2026-05-06,VHP,Vroomshoop,56,0,0
2026-05-06,VIERS,Viersen,36,0,0
2026-05-06,VK,Valkenburg,140,8,0
2026-05-06,VL,Venlo,163,18,7
2026-05-06,VLB,Vierlingsbeek,78,5,4
2026-05-06,VNDC,Veenendaal Centrum,72,3,2
2026-05-06,VNDW,Veenendaal West,72,2,2
2026-05-06,VP,Velp,72,0,0
2026-05-06,VRY,Venray,79,5,3
2026-05-06,VS,Vlissingen,50,6,3
2026-05-06,VSS,Vlissingen Souburg,72,5,3
2026-05-06,VST,Voorschoten,135,1,8
2026-05-06,VSV,Varsseveld,74,4,0
2026-05-06,VTN,Vleuten,130,0,0
2026-05-06,VZ,Vriezenveen,56,1,0
2026-05-06,WAD,Waddinxveen,114,0,16
2026-05-06,WADN,Waddinxveen Noord,114,0,16
2026-05-06,WADT,Waddinxveen Triangel,114,1,16
2026-05-06,WC,Wijchen,98,2,1
2026-05-06,WD,Woerden,271,4,4
2026-05-06,WDN,Wierden,143,3,10
2026-05-06,WESEL,Wesel,63,0,0
2026-05-06,WF,Wolfheze,68,0,0
2026-05-06,WFM,Warffum,72,0,2
2026-05-06,WH,Wijhe,74,4,2
2026-05-06,WK,Workum,46,0,0
2026-05-06,WL,Wehl,132,6,0
2026-05-06,WM,Wormerveer,114,5,6
2026-05-06,WORGL,Wörgl Hbf,1,0,0
2026-05-06,WP,Weesp,224,6,107
2026-05-06,WR,Weener,34,0,0
2026-05-06,WS,Winschoten,80,1,0
2026-05-06,WSM,Winsum,74,0,2
2026-05-06,WT,Weert,163,7,9
2026-05-06,WTV,Westervoort,134,5,1
2026-05-06,WURZB,Würzburg Hbf,2,0,0
2026-05-06,WV,Wolvega,68,1,1
2026-05-06,WW,Winterswijk,73,3,0
2026-05-06,WWW,Winterswijk West,71,2,0
2026-05-06,WZ,Wezep,74,1,0
2026-05-06,YPB,Den Haag Ypenburg,100,0,0
2026-05-06,ZA,Zetten-Andelst,66,1,0
2026-05-06,ZB,Zuidbroek,139,2,2
2026-05-06,ZBM,Zaltbommel,75,0,2
2026-05-06,ZD,Zaandam,313,10,10
2026-05-06,ZDK,Zaandam Kogerveld,77,1,0
2026-05-06,ZH,Zuidhorn,104,11,0
2026-05-06,ZL,Zwolle,465,10,13
2026-05-06,ZLSH,Zwolle Stadshagen,78,0,0
2026-05-06,ZLW,Lage Zwaluwe,142,1,1
2026-05-06,ZP,Zutphen,215,2,4
2026-05-06,ZTM,Zoetermeer,100,0,0
2026-05-06,ZTMO,Zoetermeer Oost,100,0,0
2026-05-06,ZUE,Zürich HB,1,0,0
2026-05-06,ZV,Zevenaar,170,4,0
2026-05-06,ZVB,Zevenbergen,69,0,0
2026-05-06,ZVT,Zandvoort aan Zee,38,0,0
2026-05-06,ZWD,Zwijndrecht,176,15,23
2026-05-06,ZZS,Zaandijk Zaanse Schans,115,6,5
2026-05-07,AC,Abcoude,114,4,5
2026-05-07,AH,Arnhem Centraal,500,5,6
2026-05-07,AHBF,Aachen Hbf,31,1,1
2026-05-07,AHP,Arnhem Velperpoort,204,1,0
2026-05-07,AHPR,Arnhem Presikhaaf,72,0,0
2026-05-07,AHZ,Arnhem Zuid,125,0,0
2026-05-07,AKL,Arkel,72,2,0
2026-05-07,AKM,Akkrum,67,3,1
2026-05-07,ALM,Almere Centrum,331,32,8
2026-05-07,ALMB,Almere Buiten,182,12,5
2026-05-07,ALMM,Almere Muziekwijk,209,12,2
2026-05-07,ALMO,Almere Oostvaarders,103,7,4
2026-05-07,ALMP,Almere Parkwijk,133,6,3
2026-05-07,AMF,Amersfoort Centraal,494,40,29
2026-05-07,AMFS,Amersfoort Schothorst,162,11,15
2026-05-07,AML,Almelo,256,10,5
2026-05-07,AMPO,Almere Poort,209,12,2
2026-05-07,AMR,Alkmaar,177,9,6
2026-05-07,AMRI,Almelo de Riet,95,1,0
2026-05-07,AMRN,Alkmaar Noord,153,10,5
2026-05-07,ANA,Anna Paulowna,80,5,2
2026-05-07,ANDD,Antwerpen-Noorderdokken,32,4,3
2026-05-07,APD,Apeldoorn,205,20,6
2026-05-07,APDM,Apeldoorn De Maten,64,3,0
2026-05-07,APDO,Apeldoorn Osseveld,76,7,0
2026-05-07,APG,Appingedam,72,0,0
2026-05-07,APN,Alphen a/d Rijn,157,2,15
2026-05-07,ARN,Arnemuiden,74,5,0
2026-05-07,ASA,Amsterdam Amstel,309,18,14
2026-05-07,ASB,Amsterdam Bijlmer ArenA,316,19,10
2026-05-07,ASD,Amsterdam Centraal,742,49,41
2026-05-07,ASDL,Amsterdam Lelylaan,320,8,25
2026-05-07,ASDM,Amsterdam Muiderpoort,223,18,39
2026-05-07,ASDZ,Amsterdam Zuid,534,47,19
2026-05-07,ASHD,Amsterdam Holendrecht,114,5,5
2026-05-07,ASN,Assen,163,7,1
2026-05-07,ASS,Amsterdam Sloterdijk,929,29,37
2026-05-07,ASSP,Amsterdam Science Park,134,11,3
2026-05-07,ATN,Aalten,74,1,0
2026-05-07,ATW,Antwerpen-Centraal,121,14,3
2026-05-07,ATWLB,Antwerpen-Luchtbal,32,5,3
2026-05-07,AVAT,Amersfoort Vathorst,105,5,1
2026-05-07,AW,Aachen West,62,2,2
2026-05-07,BADENZ,Baden (CH),1,0,0
2026-05-07,BASELB,Basel Bad Bf,1,0,0
2026-05-07,BASELS,Basel SBB,1,0,0
2026-05-07,BD,Breda,280,23,7
2026-05-07,BDE,Bunde,74,3,3
2026-05-07,BDG,Bodegraven,106,1,1
2026-05-07,BDM,Bedum,72,0,0
2026-05-07,BDPB,Breda-Prinsenbeek,73,3,0
2026-05-07,BERCH,Antwerpen-Berchem,63,4,3
2026-05-07,BERHBT,Berlin Hbf,12,7,0
2026-05-07,BET,Best,148,10,1
2026-05-07,BF,Baflo,76,2,0
2026-05-07,BGN,Bergen op Zoom,104,6,1
2026-05-07,BH,Bad Bentheim,54,16,0
2026-05-07,BHDV,Boven-Hardinxveld,133,2,2
2026-05-07,BHF,Berlin Ostbahnhof,6,5,0
2026-05-07,BHV,Bilthoven,145,1,0
2026-05-07,BIELEF,Bielefeld Hbf,18,0,0
2026-05-07,BK,Beek-Elsloo,74,2,3
2026-05-07,BKF,Bovenkarspel Flora,79,0,3
2026-05-07,BKG,Bovenkarspel-Grootebroek,79,0,3
2026-05-07,BKL,Breukelen,151,5,6
2026-05-07,BL,Beilen,74,4,0
2026-05-07,BLL,Bloemendaal,76,4,4
2026-05-07,BMN,Brummen,72,1,0
2026-05-07,BMR,Boxmeer,106,0,0
2026-05-07,BN,Borne,95,2,0
2026-05-07,BNC,Barneveld Centrum,132,6,6
2026-05-07,BNK,Bunnik,104,1,0
2026-05-07,BNN,Barneveld Noord,132,6,6
2026-05-07,BNZ,Barneveld Zuid,102,7,6
2026-05-07,BP,Buitenpost,105,3,0
2026-05-07,BR,Blerick,150,14,2
2026-05-07,BRD,Barendrecht,187,6,0
2026-05-07,BRESSX,Bressoux,38,4,2
2026-05-07,BRN,Baarn,111,6,2
2026-05-07,BRUSC,Brussel-Centraal,32,2,0
2026-05-07,BRUSN,Brussel-Noord,32,2,0
2026-05-07,BRUSZ,Brussel-Zuid,66,6,0
2026-05-07,BSD,Beesd,72,1,0
2026-05-07,BSK,Boskoop,104,0,26
2026-05-07,BSKS,Boskoop Snijdelwijk,104,0,26
2026-05-07,BSMZ,Bussum Zuid,134,11,3
2026-05-07,BSPD,Berlin-Spandau,12,5,0
2026-05-07,BTL,Boxtel,147,6,2
2026-05-07,BUENDE,Bünde (Westf),49,12,0
2026-05-07,BV,Beverwijk,77,3,2
2026-05-07,BZL,Kapelle-Biezelinge,74,5,0
2026-05-07,CAS,Castricum,203,7,7
2026-05-07,CK,Cuijk,95,0,0
2026-05-07,CL,Culemborg,149,4,4
2026-05-07,CO,Coevorden,89,0,0
2026-05-07,CPS,Capelle Schollevaar,75,8,5
2026-05-07,CVM,Chevremont,76,0,0
2026-05-07,DA,Daarlerveen,56,0,0
2026-05-07,DB,Driebergen-Zeist,164,2,2
2026-05-07,DDN,Delden,71,0,3
2026-05-07,DDR,Dordrecht,338,16,5
2026-05-07,DDRS,Dordrecht Stadspolders,133,5,2
2026-05-07,DDZD,Dordrecht Zuid,143,8,0
2026-05-07,DEI,Deinum,68,0,0
2026-05-07,DID,Didam,132,0,0
2026-05-07,DL,Dalfsen,96,0,0
2026-05-07,DLD,Den Dolder,145,2,0
2026-05-07,DLN,Dalen,47,0,0
2026-05-07,DMN,Diemen,134,8,3
2026-05-07,DMNZ,Diemen Zuid,136,11,0
2026-05-07,DN,Deurne,107,12,2
2026-05-07,DR,Dieren,146,3,1
2026-05-07,DRH,Driehuis,75,4,4
2026-05-07,DRON,Dronten,69,1,3
2026-05-07,DRP,Dronryp,68,0,0
2026-05-07,DT,Delft,454,24,12
2026-05-07,DTC,Doetinchem,103,0,0
2026-05-07,DTCH,Doetinchem De Huet,132,0,0
2026-05-07,DTCP,Delft Campus,186,6,0
2026-05-07,DUISB,Duisburg Hbf,1,0,0
2026-05-07,DV,Deventer,266,21,6
2026-05-07,DVC,Deventer Colmschate,74,3,0
2026-05-07,DVD,Duivendrecht,348,32,16
2026-05-07,DVN,Duiven,136,0,0
2026-05-07,DVNK,De Vink,135,4,0
2026-05-07,DWE,De Westereen,71,3,0
2026-05-07,DZ,Delfzijl,36,0,0
2026-05-07,DZW,Delfzijl West,72,0,0
2026-05-07,EABG,Altenberge,36,9,0
2026-05-07,EAHS,Ahaus,33,1,0
2026-05-07,EBFT,Steinfurt-Burgsteinfurt,36,16,0
2026-05-07,EBGO,Steinfurt-Borghorst,36,15,0
2026-05-07,EBOK,Bork (Westf),32,2,0
2026-05-07,EC,Echt,72,3,3
2026-05-07,ECMF,Coesfeld (Westf),32,2,0
2026-05-07,ED,Ede-Wageningen,256,8,8
2026-05-07,EDC,Ede Centrum,72,2,6
2026-05-07,EDD,Dortmund-Derne,30,1,0
2026-05-07,EDKD,Dortmund-Kirchderne,30,2,0
2026-05-07,EDN,Eijsden,38,6,2
2026-05-07,EDO,Dortmund Hbf,14,1,0
2026-05-07,EDULH,Dülmen,32,4,0
2026-05-07,EEM,Eemshaven,29,0,0
2026-05-07,EEPE,Epe (Westf),33,0,0
2026-05-07,EGH,Eygelshoven,76,0,0
2026-05-07,EGHM,Eygelshoven Markt,62,2,2
2026-05-07,EGRK,Steinfurt-Grottenkamp,36,16,0
2026-05-07,EHS,Eindhoven Strijp-S,148,8,1
2026-05-07,EHV,Eindhoven Centraal,375,34,12
2026-05-07,EHW,Rosendahl-Holtwick,33,1,0
2026-05-07,EKZ,Enkhuizen,39,0,2
2026-05-07,EL,Emmerich-Elten,38,0,0
2026-05-07,ELDH,Lüdinghausen,32,1,0
2026-05-07,ELET,Lette (Kr Coesfeld),32,4,0
2026-05-07,ELGD,Legden,33,0,0
2026-05-07,ELUE,Lünen Hbf,30,4,0
2026-05-07,EM,Emmerich,63,0,0
2026-05-07,EML,Ermelo,74,2,0
2026-05-07,EMN,Emmen,41,0,0
2026-05-07,EMNZ,Emmen Zuid,82,0,0
2026-05-07,EMTE,Metelen Land,36,14,0
2026-05-07,ENBE,Münster-Häger,36,9,0
2026-05-07,ENHF,Münster (W) Zentrum Nord,34,9,0
2026-05-07,ENOW,Nordwalde,36,15,0
2026-05-07,EOP,Ochtrup,36,11,0
2026-05-07,EPRN,Preussen,30,1,0
2026-05-07,ES,Enschede,140,8,4
2026-05-07,ESE,Enschede De Eschmarke,74,1,0
2026-05-07,ESEB,Selm-Beifang,32,2,0
2026-05-07,ESEM,Selm,32,1,0
2026-05-07,ESK,Enschede Kennispark,96,2,0
2026-05-07,ESN,Essen,29,3,6
2026-05-07,EST,Elst,192,0,0
2026-05-07,ETN,Etten-Leur,76,4,0
2026-05-07,FBNL,Brussels Airport-Zaventem,32,1,0
2026-05-07,FFFM,Frankfurt (M) Hbf,6,0,0
2026-05-07,FKTH,Kalmthout,32,3,3
2026-05-07,FKW,Kassel-Wilhelmshöhe,2,0,0
2026-05-07,FMZ,Mainz Hbf,2,0,0
2026-05-07,FN,Franeker,68,0,0
2026-05-07,FNAF,Frankfurt Flughafen Fernb,15,4,0
2026-05-07,FNZD,Antwerpen-Zuid,31,2,2
2026-05-07,FRP,Puurs,15,0,2
2026-05-07,FVS,Visé,38,5,2
2026-05-07,FWD,Feanwâlden,135,3,0
2026-05-07,G,Gronau (Westf.),73,8,0
2026-05-07,GBG,Gramsbergen,47,0,0
2026-05-07,GBR,Glanerbrug,74,3,0
2026-05-07,GD,Gouda,497,31,32
2026-05-07,GDG,Gouda Goverwelle,162,8,7
2026-05-07,GDM,Geldermalsen,185,4,4
2026-05-07,GDR,Gaanderen,74,2,0
2026-05-07,GERP,Groningen Europapark,339,5,0
2026-05-07,GK,Grijpskerk,71,2,0
2026-05-07,GKT,Kijkuit,32,3,3
2026-05-07,GLN,Geleen Oost,76,1,0
2026-05-07,GN,Groningen,377,2,0
2026-05-07,GND,Hardinxveld-Giessendam,133,3,2
2026-05-07,GNN,Groningen Noord,148,2,0
2026-05-07,GO,Goor,71,0,3
2026-05-07,GP,Geldrop,69,2,1
2026-05-07,GR,Gorinchem,102,2,1
2026-05-07,GS,Goes,103,6,1
2026-05-07,GSB,Berlin Gesundbrunnen,1,0,0
2026-05-07,GV,Den Haag HS,456,21,13
2026-05-07,GVC,Den Haag Centraal,380,20,8
2026-05-07,GVM,Den Haag Mariahoeve,135,4,0
2026-05-07,GVMW,Den Haag Moerwijk,186,5,0
2026-05-07,GW,Grou-Jirnsum,66,3,2
2026-05-07,GWD,Wildert,32,3,3
2026-05-07,GZ,Gilze-Rijen,73,3,0
2026-05-07,HAD,Heemstede-Aerdenhout,214,1,3
2026-05-07,HAMM,Hamm (Westf.),2,0,0
2026-05-07,HANN,Hannover Hbf,15,10,0
2026-05-07,HB,Hoensbroek,76,1,0
2026-05-07,HBZM,Hardinxveld Blauwe Zoom,74,2,0
2026-05-07,HD,Harderwijk,77,1,0
2026-05-07,HDB,Hardenberg,122,0,0
2026-05-07,HDE,'t Harde,74,0,0
2026-05-07,HDG,Hurdegaryp,71,0,0
2026-05-07,HDR,Den Helder,39,5,1
2026-05-07,HDRZ,Den Helder Zuid,79,5,3
2026-05-07,HFD,Hoofddorp,296,21,11
2026-05-07,HGL,Hengelo,308,21,8
2026-05-07,HGLG,Hengelo Gezondheidspark,71,0,3
2026-05-07,HGLO,Hengelo Oost,74,0,3
2026-05-07,HGV,Hoogeveen,74,3,0
2026-05-07,HGZ,Hoogezand-Sappemeer,141,0,0
2026-05-07,HIL,Hillegom,73,1,2
2026-05-07,HK,Heemskerk,79,0,0
2026-05-07,HKS,Hoogkarspel,79,0,3
2026-05-07,HLG,Harlingen,68,0,0
2026-05-07,HLGH,Harlingen Haven,34,0,0
2026-05-07,HLM,Haarlem,329,3,5
2026-05-07,HLMS,Haarlem Spaarnwoude,152,4,2
2026-05-07,HLO,Heiloo,155,7,5
2026-05-07,HM,Helmond,142,10,2
2026-05-07,HMBH,Helmond Brouwhuis,70,2,0
2026-05-07,HMBV,Helmond Brandevoort,70,3,0
2026-05-07,HMH,Helmond 't Hout,70,3,0
2026-05-07,HMN,Hemmen-Dodewaard,66,0,0
2026-05-07,HN,Hoorn,188,8,8
2026-05-07,HNK,Hoorn Kersenboogerd,113,1,5
2026-05-07,HNO,Heino,76,0,0
2026-05-07,HNP,Hindeloopen,46,0,0
2026-05-07,HOHT,Osnabrück Altstadt,36,3,0
2026-05-07,HON,Holten,74,2,0
2026-05-07,HOR,Hollandsche Rading,78,4,3
2026-05-07,HR,Heerenveen,139,9,0
2026-05-07,HRL,Heerlen,211,11,3
2026-05-07,HRLW,Heerlen Woonboulevard,78,2,0
2026-05-07,HRN,Haren,100,4,0
2026-05-07,HRT,Horst-Sevenum,72,12,2
2026-05-07,HT,'s-Hertogenbosch,423,37,10
2026-05-07,HTN,Houten,150,1,4
2026-05-07,HTNC,Houten Castellum,150,2,4
2026-05-07,HTO,'s-Hertogenbosch Oost,76,2,0
2026-05-07,HVL,Hoevelaken,132,8,6
2026-05-07,HVS,Hilversum,351,35,14
2026-05-07,HVSM,Hilversum Media Park,134,13,3
2026-05-07,HVSP,Hilversum Sportpark,133,9,4
2026-05-07,HWD,Heerhugowaard,153,12,5
2026-05-07,HWZB,Halfweg-Zwanenburg,152,4,2
2026-05-07,HZ,Herzogenrath,62,2,2
2026-05-07,HZE,Heeze,69,2,1
2026-05-07,IJT,IJlst,46,0,0
2026-05-07,INNSB,Innsbruck Hbf,1,0,0
2026-05-07,JENBAC,Jenbach,1,0,0
2026-05-07,KARLSR,Karlsruhe Hbf,1,0,0
2026-05-07,KBB,Bonn-Beuel,2,0,0
2026-05-07,KBD,Krabbendijke,74,4,0
2026-05-07,KBK,Klarenbeek,64,2,0
2026-05-07,KBOI,Boisheim,36,0,0
2026-05-07,KBRY,Breyell,36,0,0
2026-05-07,KDUL,Dülken,36,0,0
2026-05-07,KKO,Koblenz Hbf,2,0,0
2026-05-07,KLP,Veenendaal-De Klomp,78,5,1
2026-05-07,KMA,Krommenie-Assendelft,116,4,4
2026-05-07,KMR,Klimmen-Ransdaal,78,0,0
2026-05-07,KMW,Koudum-Molkwerum,46,0,0
2026-05-07,KN,Kaldenkirchen,36,0,0
2026-05-07,KOLN,Köln Hbf,16,2,0
2026-05-07,KPN,Kampen,39,0,0
2026-05-07,KPNZ,Kampen Zuid,70,1,2
2026-05-07,KRD,Kerkrade Centrum,38,0,0
2026-05-07,KRG,Kruiningen-Yerseke,74,4,0
2026-05-07,KSB,Siegburg/Bonn,14,0,0
2026-05-07,KT,Troisdorf,1,0,0
2026-05-07,KTR,Kesteren,66,0,0
2026-05-07,KUFST,Kufstein,1,0,0
2026-05-07,KW,Kropswolde,141,0,0
2026-05-07,KZ,Koog aan de Zaan,116,4,4
2026-05-07,LAA,Den Haag Laan v NOI,331,18,2
2026-05-07,LC,Lochem,70,0,3
2026-05-07,LDL,Leiden Lammenschans,106,5,2
2026-05-07,LDM,Leerdam,72,1,0
2026-05-07,LEDN,Leiden Centraal,568,26,4
2026-05-07,LEER,Leer (Ostfriesl),25,0,0
2026-05-07,LG,Landgraaf,138,14,2
2026-05-07,LILLEE,Lille Europe,7,0,0
2026-05-07,LKP,Kapellen,32,4,3
2026-05-07,LKR,Ekeren,32,4,3
2026-05-07,LLS,Lelystad Centrum,166,19,9
2026-05-07,LLZM,Lansingerland-Zoetermeer,100,1,1
2026-05-07,LP,Loppersum,72,0,0
2026-05-07,LTN,Lunteren,72,2,6
2026-05-07,LTV,Lichtenvoorde-Groenlo,71,1,0
2026-05-07,LUIK,Liège-Guillemins,19,3,1
2026-05-07,LUT,Geleen-Lutterade,74,2,3
2026-05-07,LW,Leeuwarden,208,5,1
2026-05-07,LWC,Leeuwarden Camminghaburen,71,0,0
2026-05-07,MA,Augsburg Hbf,2,0,0
2026-05-07,MANNHE,Mannheim Hbf,3,0,0
2026-05-07,MARIA,Sint-Mariaburg,32,4,3
2026-05-07,MAS,Maarssen,118,1,0
2026-05-07,MCGB,Mönchengladbach Hbf,49,8,0
2026-05-07,MDB,Middelburg,102,4,2
2026-05-07,MECH,Mechelen,32,1,0
2026-05-07,MES,Meerssen,140,4,2
2026-05-07,MG,Mantgum,68,0,0
2026-05-07,MID,Heide (B),32,3,3
2026-05-07,MMLH,Mook-Molenhoek,108,0,0
2026-05-07,MOP,München Ost,1,0,0
2026-05-07,MP,Meppel,213,13,0
2026-05-07,MRB,Mariënberg,130,0,0
2026-05-07,MRN,Maarn,74,2,0
2026-05-07,MT,Maastricht,236,10,10
2026-05-07,MTH,Martenshoek,141,0,0
2026-05-07,MTN,Maastricht Noord,78,0,0
2026-05-07,MTR,Maastricht Randwyck,111,6,7
2026-05-07,MUNCHH,München Hbf,2,0,0
2026-05-07,MUNST,Münster (Westf) Hbf,16,5,0
2026-05-07,MZ,Maarheeze,69,1,1
2026-05-07,NA,Nieuw Amsterdam,76,0,0
2026-05-07,NDB,Naarden-Bussum,208,16,3
2026-05-07,NDKP,Noorderkempen,32,5,0
2026-05-07,NH,Nuth,76,1,0
2026-05-07,NKK,Nijkerk,80,1,0
2026-05-07,NM,Nijmegen,343,6,2
2026-05-07,NMD,Nijmegen Dukenburg,122,5,0
2026-05-07,NMGO,Nijmegen Goffert,122,4,0
2026-05-07,NMH,Nijmegen Heyendaal,162,0,0
2026-05-07,NML,Nijmegen Lent,125,0,0
2026-05-07,NS,Nunspeet,74,0,0
2026-05-07,NSCH,Bad Nieuweschans,38,0,0
2026-05-07,NURNB,Nürnberg Hbf,1,0,0
2026-05-07,NVD,Nijverdal,104,0,0
2026-05-07,NVP,Nieuw Vennep,132,7,0
2026-05-07,NWK,Nieuwerkerk a/d IJssel,75,7,5
2026-05-07,O,Oss,148,7,0
2026-05-07,OBD,Obdam,72,4,4
2026-05-07,OBERH,Oberhausen Hbf,32,0,0
2026-05-07,ODB,Oudenbosch,70,0,0
2026-05-07,ODZ,Oldenzaal,74,6,2
2026-05-07,OMN,Ommen,96,0,0
2026-05-07,OP,Opheusden,66,0,0
2026-05-07,OSNH,Osnabrück Hbf,51,13,0
2026-05-07,OST,Olst,74,4,1
2026-05-07,OT,Oisterwijk,68,4,3
2026-05-07,OTB,Oosterbeek,68,1,0
2026-05-07,OVN,Overveen,76,2,0
2026-05-07,OW,Oss West,76,3,0
2026-05-07,PARIS,Paris-Nord,11,1,0
2026-05-07,PMO,Purmerend Overwhere,75,2,3
2026-05-07,PMR,Purmerend,79,1,3
2026-05-07,PMW,Purmerend Weidevenne,75,1,3
2026-05-07,PT,Putten,74,2,0
2026-05-07,RAI,Amsterdam RAI,140,10,0
2026-05-07,RAT,Raalte,104,0,0
2026-05-07,RB,Rilland-Bath,74,4,0
2026-05-07,RBB,Baden-Baden,1,0,0
2026-05-07,RD,Roodeschool,66,1,0
2026-05-07,RF,Freiburg (Breisgau) Hbf,1,0,0
2026-05-07,RH,Rheden,72,0,0
2026-05-07,RHEINE,Rheine,52,13,0
2026-05-07,RHN,Rhenen,37,1,0
2026-05-07,RL,Ruurlo,71,1,0
2026-05-07,RLB,Rotterdam Lombardijen,188,5,0
2026-05-07,RM,Roermond,203,6,7
2026-05-07,RO,Offenburg,1,0,0
2026-05-07,ROSENH,Rosenheim,1,0,0
2026-05-07,RS,Rosmalen,76,1,0
2026-05-07,RSD,Roosendaal,180,7,5
2026-05-07,RSN,Rijssen,74,2,0
2026-05-07,RSW,Rijswijk,186,6,0
2026-05-07,RTA,Rotterdam Alexander,207,32,14
2026-05-07,RTB,Rotterdam Blaak,323,22,7
2026-05-07,RTD,Rotterdam Centraal,695,85,29
2026-05-07,RTN,Rotterdam Noord,75,10,5
2026-05-07,RTZ,Rotterdam Zuid,188,8,0
2026-05-07,RV,Reuver,76,1,0
2026-05-07,RVS,Ravenstein,74,5,0
2026-05-07,SBK,Spaubeek,76,1,0
2026-05-07,SD,Soestdijk,70,0,0
2026-05-07,SDA,Scheemda,116,0,2
2026-05-07,SDM,Schiedam Centrum,380,22,4
2026-05-07,SDT,Sliedrecht,133,3,2
2026-05-07,SDTB,Sliedrecht Baanhoek,133,6,2
2026-05-07,SGL,Houthem-St. Gerlach,78,0,0
2026-05-07,SGN,Schagen,81,6,1
2026-05-07,SHL,Schiphol Airport,873,86,38
2026-05-07,SK,Sneek,65,0,0
2026-05-07,SKND,Sneek Noord,81,0,0
2026-05-07,SM,Swalmen,76,1,0
2026-05-07,SN,Schinnen,76,1,0
2026-05-07,SOG,Schin op Geul,78,0,0
2026-05-07,SPTN,Santpoort Noord,75,4,4
2026-05-07,SPTZ,Santpoort Zuid,76,4,4
2026-05-07,SRN,Susteren,72,3,3
2026-05-07,SSH,Sassenheim,132,7,0
2026-05-07,ST,Soest,70,0,0
2026-05-07,STD,Sittard,243,7,10
2026-05-07,STM,Stedum,72,0,0
2026-05-07,STP,London St. Pancras Int.,5,0,0
2026-05-07,STV,Stavoren,23,0,0
2026-05-07,STZ,Soest Zuid,70,0,0
2026-05-07,SWD,Sauwerd,148,1,0
2026-05-07,SWK,Steenwijk,139,9,0
2026-05-07,TB,Tilburg,288,17,8
2026-05-07,TBG,Terborg,74,1,0
2026-05-07,TBR,Tilburg Reeshof,73,3,0
2026-05-07,TBU,Tilburg Universiteit,106,4,2
2026-05-07,TG,Tegelen,76,3,0
2026-05-07,TL,Tiel,71,0,1
2026-05-07,TPSW,Tiel Passewaaij,74,0,2
2026-05-07,TS,Stuttgart Hbf,2,0,0
2026-05-07,TU,Ulm Hbf,2,0,0
2026-05-07,TWL,Twello,76,7,0
2026-05-07,UHM,Uithuizermeeden,74,2,0
2026-05-07,UHZ,Uithuizen,74,2,0
2026-05-07,UST,Usquert,74,2,0
2026-05-07,UT,Utrecht Centraal,1041,63,28
2026-05-07,UTG,Uitgeest,136,3,4
2026-05-07,UTLN,Utrecht Lunetten,150,1,4
2026-05-07,UTLR,Utrecht Leidsche Rijn,184,2,2
2026-05-07,UTM,Utrecht Maliebaan,7,0,1
2026-05-07,UTO,Utrecht Overvecht,294,7,4
2026-05-07,UTT,Utrecht Terwijde,129,1,2
2026-05-07,UTVR,Utrecht Vaartsche Rijn,254,3,4
2026-05-07,UTZL,Utrecht Zuilen,117,1,0
2026-05-07,VB,Voorburg,100,3,1
2026-05-07,VD,Vorden,71,1,0
2026-05-07,VDL,Voerendaal,78,1,0
2026-05-07,VDM,Veendam,35,0,0
2026-05-07,VEM,Voorst-Empe,64,1,0
2026-05-07,VG,Vught,78,2,0
2026-05-07,VH,Voorhout,74,1,1
2026-05-07,VHP,Vroomshoop,56,0,0
2026-05-07,VIERS,Viersen,36,0,0
2026-05-07,VK,Valkenburg,140,6,2
2026-05-07,VL,Venlo,165,16,2
2026-05-07,VLB,Vierlingsbeek,80,0,0
2026-05-07,VNDC,Veenendaal Centrum,74,2,0
2026-05-07,VNDW,Veenendaal West,74,1,0
2026-05-07,VP,Velp,72,0,0
2026-05-07,VRY,Venray,80,0,0
2026-05-07,VS,Vlissingen,50,2,2
2026-05-07,VSS,Vlissingen Souburg,72,2,2
2026-05-07,VST,Voorschoten,135,4,0
2026-05-07,VSV,Varsseveld,74,1,0
2026-05-07,VTN,Vleuten,129,1,2
2026-05-07,VZ,Vriezenveen,56,0,0
2026-05-07,WAD,Waddinxveen,104,0,26
2026-05-07,WADN,Waddinxveen Noord,104,0,26
2026-05-07,WADT,Waddinxveen Triangel,104,0,26
2026-05-07,WC,Wijchen,98,4,0
2026-05-07,WD,Woerden,265,4,9
2026-05-07,WDN,Wierden,150,2,0
2026-05-07,WESEL,Wesel,63,0,0
2026-05-07,WF,Wolfheze,68,1,0
2026-05-07,WFM,Warffum,74,2,0
2026-05-07,WH,Wijhe,74,4,1
2026-05-07,WK,Workum,46,0,0
2026-05-07,WL,Wehl,132,0,0
2026-05-07,WM,Wormerveer,116,5,4
2026-05-07,WORGL,Wörgl Hbf,1,0,0
2026-05-07,WP,Weesp,270,19,6
2026-05-07,WR,Weener,34,0,0
2026-05-07,WS,Winschoten,79,0,1
2026-05-07,WSM,Winsum,76,1,0
2026-05-07,WT,Weert,163,8,7
2026-05-07,WTV,Westervoort,135,0,0
2026-05-07,WURZB,Würzburg Hbf,2,0,0
2026-05-07,WV,Wolvega,68,4,0
2026-05-07,WW,Winterswijk,73,2,0
2026-05-07,WWW,Winterswijk West,71,1,0
2026-05-07,WZ,Wezep,74,0,0
2026-05-07,YPB,Den Haag Ypenburg,100,3,1
2026-05-07,ZA,Zetten-Andelst,66,0,0
2026-05-07,ZB,Zuidbroek,141,1,1
2026-05-07,ZBM,Zaltbommel,75,4,2
2026-05-07,ZD,Zaandam,314,8,10
2026-05-07,ZDK,Zaandam Kogerveld,75,2,3
2026-05-07,ZH,Zuidhorn,104,3,0
2026-05-07,ZL,Zwolle,467,11,4
2026-05-07,ZLSH,Zwolle Stadshagen,78,0,0
2026-05-07,ZLW,Lage Zwaluwe,143,3,0
2026-05-07,ZP,Zutphen,216,3,2
2026-05-07,ZTM,Zoetermeer,100,3,1
2026-05-07,ZTMO,Zoetermeer Oost,100,3,1
2026-05-07,ZUE,Zürich HB,1,0,0
2026-05-07,ZV,Zevenaar,170,0,0
2026-05-07,ZVB,Zevenbergen,70,0,0
2026-05-07,ZVT,Zandvoort aan Zee,38,1,0
2026-05-07,ZWD,Zwijndrecht,187,1,0
2026-05-07,ZZS,Zaandijk Zaanse Schans,116,6,4
2026-05-08,AC,Abcoude,115,5,4
2026-05-08,ACDG,Airport Charles de Gaulle,2,1,0
2026-05-08,AH,Arnhem Centraal,471,12,45
2026-05-08,AHAR,Hamburg-Harburg,1,0,0
2026-05-08,AHBF,Aachen Hbf,28,0,19
2026-05-08,AHP,Arnhem Velperpoort,204,2,2
2026-05-08,AHPR,Arnhem Presikhaaf,72,1,0
2026-05-08,AHZ,Arnhem Zuid,126,1,20
2026-05-08,AKL,Arkel,72,0,0
2026-05-08,AKM,Akkrum,69,0,0
2026-05-08,ALM,Almere Centrum,345,5,3
2026-05-08,ALMB,Almere Buiten,191,3,1
2026-05-08,ALMM,Almere Muziekwijk,216,3,0
2026-05-08,ALMO,Almere Oostvaarders,111,1,0
2026-05-08,ALMP,Almere Parkwijk,140,1,0
2026-05-08,AMF,Amersfoort Centraal,518,23,10
2026-05-08,AMFS,Amersfoort Schothorst,176,4,8
2026-05-08,AML,Almelo,262,1,3
2026-05-08,AMPO,Almere Poort,216,2,0
2026-05-08,AMR,Alkmaar,179,15,7
2026-05-08,AMRI,Almelo de Riet,97,0,0
2026-05-08,AMRN,Alkmaar Noord,157,9,6
2026-05-08,ANA,Anna Paulowna,83,0,3
2026-05-08,ANDD,Antwerpen-Noorderdokken,34,7,1
2026-05-08,APD,Apeldoorn,208,6,2
2026-05-08,APDM,Apeldoorn De Maten,64,0,0
2026-05-08,APDO,Apeldoorn Osseveld,74,1,0
2026-05-08,APG,Appingedam,72,0,0
2026-05-08,APN,Alphen a/d Rijn,169,2,3
2026-05-08,ARN,Arnemuiden,73,11,11
2026-05-08,ASA,Amsterdam Amstel,264,19,10
2026-05-08,ASB,Amsterdam Bijlmer ArenA,269,10,13
2026-05-08,ASD,Amsterdam Centraal,731,61,41
2026-05-08,ASDL,Amsterdam Lelylaan,277,20,72
2026-05-08,ASDM,Amsterdam Muiderpoort,262,13,4
2026-05-08,ASDZ,Amsterdam Zuid,493,13,15
2026-05-08,ASHD,Amsterdam Holendrecht,115,6,4
2026-05-08,ASN,Assen,156,3,0
2026-05-08,ASS,Amsterdam Sloterdijk,896,46,80
2026-05-08,ASSP,Amsterdam Science Park,140,2,0
2026-05-08,ATN,Aalten,76,0,0
2026-05-08,ATW,Antwerpen-Centraal,128,38,1
2026-05-08,ATWLB,Antwerpen-Luchtbal,34,9,1
2026-05-08,AVAT,Amersfoort Vathorst,109,2,1
2026-05-08,AW,Aachen West,56,0,39
2026-05-08,BADENZ,Baden (CH),1,0,0
2026-05-08,BASELB,Basel Bad Bf,1,0,0
2026-05-08,BASELS,Basel SBB,1,0,0
2026-05-08,BD,Breda,253,40,97
2026-05-08,BDE,Bunde,76,1,0
2026-05-08,BDG,Bodegraven,104,1,3
2026-05-08,BDM,Bedum,72,0,0
2026-05-08,BDPB,Breda-Prinsenbeek,73,4,21
2026-05-08,BERCH,Antwerpen-Berchem,65,14,1
2026-05-08,BERHBL,Berlin Hbf,1,1,0
2026-05-08,BERHBT,Berlin Hbf,12,7,0
2026-05-08,BET,Best,148,4,3
2026-05-08,BF,Baflo,76,0,0
2026-05-08,BGN,Bergen op Zoom,103,17,13
2026-05-08,BH,Bad Bentheim,52,17,8
2026-05-08,BHDV,Boven-Hardinxveld,131,7,4
2026-05-08,BHF,Berlin Ostbahnhof,7,6,0
2026-05-08,BHV,Bilthoven,145,2,0
2026-05-08,BIELEF,Bielefeld Hbf,14,0,4
2026-05-08,BK,Beek-Elsloo,76,1,0
2026-05-08,BKF,Bovenkarspel Flora,78,0,1
2026-05-08,BKG,Bovenkarspel-Grootebroek,78,1,1
2026-05-08,BKL,Breukelen,152,6,4
2026-05-08,BL,Beilen,76,1,0
2026-05-08,BLL,Bloemendaal,77,4,0
2026-05-08,BMN,Brummen,72,0,0
2026-05-08,BMR,Boxmeer,106,0,0
2026-05-08,BN,Borne,97,0,0
2026-05-08,BNC,Barneveld Centrum,138,0,0
2026-05-08,BNK,Bunnik,98,2,7
2026-05-08,BNN,Barneveld Noord,138,0,0
2026-05-08,BNZ,Barneveld Zuid,108,0,0
2026-05-08,BP,Buitenpost,105,4,0
2026-05-08,BR,Blerick,148,5,4
2026-05-08,BRD,Barendrecht,137,9,0
2026-05-08,BREMEN,Bremen Hbf,2,0,0
2026-05-08,BRESSX,Bressoux,38,0,36
2026-05-08,BRN,Baarn,116,3,0
2026-05-08,BRUSC,Brussel-Centraal,32,4,0
2026-05-08,BRUSN,Brussel-Noord,33,5,0
2026-05-08,BRUSZ,Brussel-Zuid,70,16,0
2026-05-08,BSD,Beesd,72,0,0
2026-05-08,BSK,Boskoop,130,0,0
2026-05-08,BSKS,Boskoop Snijdelwijk,130,0,0
2026-05-08,BSMZ,Bussum Zuid,140,2,0
2026-05-08,BSPD,Berlin-Spandau,12,6,0
2026-05-08,BTL,Boxtel,146,6,5
2026-05-08,BUENDE,Bünde (Westf),42,16,7
2026-05-08,BV,Beverwijk,77,7,0
2026-05-08,BZL,Kapelle-Biezelinge,73,13,11
2026-05-08,CAS,Castricum,203,11,6
2026-05-08,CK,Cuijk,95,0,0
2026-05-08,CL,Culemborg,150,4,1
2026-05-08,CO,Coevorden,89,0,0
2026-05-08,CPS,Capelle Schollevaar,78,6,0
2026-05-08,CVM,Chevremont,76,0,0
2026-05-08,DA,Daarlerveen,56,0,2
2026-05-08,DB,Driebergen-Zeist,154,7,16
2026-05-08,DDN,Delden,73,2,1
2026-05-08,DDR,Dordrecht,316,34,15
2026-05-08,DDRS,Dordrecht Stadspolders,133,9,2
2026-05-08,DDZD,Dordrecht Zuid,142,7,21
2026-05-08,DEI,Deinum,68,0,0
2026-05-08,DID,Didam,132,2,2
2026-05-08,DL,Dalfsen,96,1,0
2026-05-08,DLD,Den Dolder,145,2,0
2026-05-08,DLN,Dalen,47,0,0
2026-05-08,DMN,Diemen,140,2,0
2026-05-08,DMNZ,Diemen Zuid,140,0,0
2026-05-08,DN,Deurne,105,6,4
2026-05-08,DR,Dieren,143,5,25
2026-05-08,DRH,Driehuis,75,6,2
2026-05-08,DRON,Dronten,72,0,0
2026-05-08,DRP,Dronryp,68,1,0
2026-05-08,DT,Delft,364,20,32
2026-05-08,DTC,Doetinchem,104,0,1
2026-05-08,DTCH,Doetinchem De Huet,132,1,2
2026-05-08,DTCP,Delft Campus,138,4,0
2026-05-08,DV,Deventer,269,11,26
2026-05-08,DVC,Deventer Colmschate,76,0,0
2026-05-08,DVD,Duivendrecht,360,16,8
2026-05-08,DVN,Duiven,132,2,2
2026-05-08,DVNK,De Vink,133,5,2
2026-05-08,DWE,De Westereen,71,3,0
2026-05-08,DZ,Delfzijl,36,0,0
2026-05-08,DZW,Delfzijl West,72,0,0
2026-05-08,EABG,Altenberge,38,10,0
2026-05-08,EAHS,Ahaus,32,17,1
2026-05-08,EBFT,Steinfurt-Burgsteinfurt,38,13,0
2026-05-08,EBGO,Steinfurt-Borghorst,38,14,0
2026-05-08,EBOK,Bork (Westf),30,10,2
2026-05-08,EC,Echt,72,7,2
2026-05-08,ECMF,Coesfeld (Westf),31,20,1
2026-05-08,ED,Ede-Wageningen,212,5,10
2026-05-08,EDC,Ede Centrum,78,0,0
2026-05-08,EDD,Dortmund-Derne,28,15,2
2026-05-08,EDKD,Dortmund-Kirchderne,28,15,2
2026-05-08,EDN,Eijsden,38,0,36
2026-05-08,EDO,Dortmund Hbf,13,11,1
2026-05-08,EDULH,Dülmen,31,16,1
2026-05-08,EEM,Eemshaven,29,0,0
2026-05-08,EEPE,Epe (Westf),32,10,1
2026-05-08,EGH,Eygelshoven,76,0,0
2026-05-08,EGHM,Eygelshoven Markt,65,0,39
2026-05-08,EGRK,Steinfurt-Grottenkamp,38,13,0
2026-05-08,EHS,Eindhoven Strijp-S,148,5,3
2026-05-08,EHV,Eindhoven Centraal,343,22,23
2026-05-08,EHW,Rosendahl-Holtwick,32,15,1
2026-05-08,EKZ,Enkhuizen,40,0,1
2026-05-08,EL,Emmerich-Elten,38,0,0
2026-05-08,ELDH,Lüdinghausen,31,11,1
2026-05-08,ELET,Lette (Kr Coesfeld),31,19,1
2026-05-08,ELGD,Legden,32,16,1
2026-05-08,ELUE,Lünen Hbf,28,14,2
2026-05-08,EM,Emmerich,64,0,0
2026-05-08,EML,Ermelo,74,2,0
2026-05-08,EMN,Emmen,41,0,0
2026-05-08,EMNZ,Emmen Zuid,82,0,0
2026-05-08,EMTE,Metelen Land,38,11,0
2026-05-08,ENBE,Münster-Häger,38,9,0
2026-05-08,ENHF,Münster (W) Zentrum Nord,35,7,1
2026-05-08,ENOW,Nordwalde,38,13,0
2026-05-08,EOP,Ochtrup,38,10,0
2026-05-08,EPRN,Preussen,28,16,2
2026-05-08,ES,Enschede,145,3,1
2026-05-08,ESE,Enschede De Eschmarke,74,2,2
2026-05-08,ESEB,Selm-Beifang,31,12,1
2026-05-08,ESEM,Selm,31,13,1
2026-05-08,ESK,Enschede Kennispark,98,0,0
2026-05-08,ESN,Essen,34,6,1
2026-05-08,EST,Elst,194,3,20
2026-05-08,ETN,Etten-Leur,72,10,26
2026-05-08,FBNL,Brussels Airport-Zaventem,32,5,0
2026-05-08,FFFM,Frankfurt (M) Hbf,6,0,0
2026-05-08,FKTH,Kalmthout,34,7,1
2026-05-08,FKW,Kassel-Wilhelmshöhe,2,0,0
2026-05-08,FMZ,Mainz Hbf,2,0,0
2026-05-08,FN,Franeker,68,0,0
2026-05-08,FNAF,Frankfurt Flughafen Fernb,15,2,0
2026-05-08,FNZD,Antwerpen-Zuid,32,2,1
2026-05-08,FRP,Puurs,16,0,1
2026-05-08,FVS,Visé,38,0,36
2026-05-08,FWD,Feanwâlden,135,5,0
2026-05-08,G,Gronau (Westf.),74,17,1
2026-05-08,GBG,Gramsbergen,47,0,0
2026-05-08,GBR,Glanerbrug,74,4,2
2026-05-08,GD,Gouda,489,22,12
2026-05-08,GDG,Gouda Goverwelle,155,8,0
2026-05-08,GDM,Geldermalsen,186,2,1
2026-05-08,GDR,Gaanderen,76,1,0
2026-05-08,GERP,Groningen Europapark,318,2,0
2026-05-08,GK,Grijpskerk,71,3,0
2026-05-08,GKT,Kijkuit,34,7,1
2026-05-08,GLN,Geleen Oost,76,3,0
2026-05-08,GN,Groningen,369,1,0
2026-05-08,GND,Hardinxveld-Giessendam,132,14,3
2026-05-08,GNN,Groningen Noord,148,0,0
2026-05-08,GO,Goor,73,2,1
2026-05-08,GP,Geldrop,69,1,4
2026-05-08,GR,Gorinchem,101,4,2
2026-05-08,GS,Goes,102,16,13
2026-05-08,GV,Den Haag HS,363,20,36
2026-05-08,GVC,Den Haag Centraal,350,15,25
2026-05-08,GVM,Den Haag Mariahoeve,133,5,2
2026-05-08,GVMW,Den Haag Moerwijk,138,2,0
2026-05-08,GW,Grou-Jirnsum,69,0,0
2026-05-08,GWD,Wildert,34,6,1
2026-05-08,GZ,Gilze-Rijen,60,8,35
2026-05-08,HAD,Heemstede-Aerdenhout,232,9,2
2026-05-08,HAMM,Hamm (Westf.),2,0,0
2026-05-08,HANN,Hannover Hbf,14,12,0
2026-05-08,HB,Hoensbroek,76,3,0
2026-05-08,HBZM,Hardinxveld Blauwe Zoom,74,7,0
2026-05-08,HD,Harderwijk,74,4,0
2026-05-08,HDB,Hardenberg,122,0,0
2026-05-08,HDE,'t Harde,74,2,0
2026-05-08,HDG,Hurdegaryp,71,4,0
2026-05-08,HDR,Den Helder,41,0,3
2026-05-08,HDRZ,Den Helder Zuid,83,0,3
2026-05-08,HFD,Hoofddorp,274,34,37
2026-05-08,HGL,Hengelo,314,18,7
2026-05-08,HGLG,Hengelo Gezondheidspark,73,4,1
2026-05-08,HGLO,Hengelo Oost,76,1,1
2026-05-08,HGV,Hoogeveen,76,2,0
2026-05-08,HGZ,Hoogezand-Sappemeer,141,0,0
2026-05-08,HIL,Hillegom,77,2,0
2026-05-08,HK,Heemskerk,78,0,0
2026-05-08,HKS,Hoogkarspel,78,1,1
2026-05-08,HLG,Harlingen,68,0,0
2026-05-08,HLGH,Harlingen Haven,34,0,0
2026-05-08,HLM,Haarlem,342,11,3
2026-05-08,HLMS,Haarlem Spaarnwoude,145,3,2
2026-05-08,HLO,Heiloo,155,9,5
2026-05-08,HM,Helmond,140,8,4
2026-05-08,HMBH,Helmond Brouwhuis,70,1,0
2026-05-08,HMBV,Helmond Brandevoort,70,1,0
2026-05-08,HMH,Helmond 't Hout,70,1,0
2026-05-08,HMN,Hemmen-Dodewaard,66,1,0
2026-05-08,HN,Hoorn,188,3,4
2026-05-08,HNK,Hoorn Kersenboogerd,114,1,1
2026-05-08,HNO,Heino,78,0,0
2026-05-08,HNP,Hindeloopen,48,0,0
2026-05-08,HOHT,Osnabrück Altstadt,29,9,7
2026-05-08,HON,Holten,76,0,0
2026-05-08,HOR,Hollandsche Rading,83,0,0
2026-05-08,HR,Heerenveen,140,1,1
2026-05-08,HRL,Heerlen,202,11,37
2026-05-08,HRLW,Heerlen Woonboulevard,78,0,0
2026-05-08,HRN,Haren,80,2,0
2026-05-08,HRT,Horst-Sevenum,70,5,4
2026-05-08,HT,'s-Hertogenbosch,377,32,51
2026-05-08,HTN,Houten,150,4,1
2026-05-08,HTNC,Houten Castellum,150,3,1
2026-05-08,HTO,'s-Hertogenbosch Oost,74,5,21
2026-05-08,HVL,Hoevelaken,138,0,0
2026-05-08,HVS,Hilversum,368,14,3
2026-05-08,HVSM,Hilversum Media Park,140,3,0
2026-05-08,HVSP,Hilversum Sportpark,139,1,0
2026-05-08,HWD,Heerhugowaard,156,9,7
2026-05-08,HWZB,Halfweg-Zwanenburg,144,2,3
2026-05-08,HZ,Herzogenrath,59,0,39
2026-05-08,HZE,Heeze,69,1,4
2026-05-08,IJT,IJlst,48,0,0
2026-05-08,INNSB,Innsbruck Hbf,1,0,0
2026-05-08,JENBAC,Jenbach,1,0,0
2026-05-08,KARLSR,Karlsruhe Hbf,1,0,0
2026-05-08,KBB,Bonn-Beuel,2,0,0
2026-05-08,KBD,Krabbendijke,73,12,11
2026-05-08,KBK,Klarenbeek,64,0,0
2026-05-08,KBOI,Boisheim,36,0,0
2026-05-08,KBRY,Breyell,36,0,0
2026-05-08,KDUL,Dülken,36,0,0
2026-05-08,KKO,Koblenz Hbf,2,0,0
2026-05-08,KLP,Veenendaal-De Klomp,76,3,6
2026-05-08,KMA,Krommenie-Assendelft,116,8,6
2026-05-08,KMR,Klimmen-Ransdaal,78,0,0
2026-05-08,KMW,Koudum-Molkwerum,48,0,0
2026-05-08,KN,Kaldenkirchen,36,0,0
2026-05-08,KOLN,Köln Hbf,16,1,0
2026-05-08,KPN,Kampen,39,0,0
2026-05-08,KPNZ,Kampen Zuid,72,0,0
2026-05-08,KRD,Kerkrade Centrum,38,0,0
2026-05-08,KRG,Kruiningen-Yerseke,73,15,11
2026-05-08,KSB,Siegburg/Bonn,14,1,0
2026-05-08,KT,Troisdorf,1,0,0
2026-05-08,KTR,Kesteren,66,1,0
2026-05-08,KUFST,Kufstein,1,0,0
2026-05-08,KW,Kropswolde,141,0,0
2026-05-08,KZ,Koog aan de Zaan,116,8,6
2026-05-08,LAA,Den Haag Laan v NOI,282,20,8
2026-05-08,LC,Lochem,72,3,1
2026-05-08,LDL,Leiden Lammenschans,105,2,3
2026-05-08,LDM,Leerdam,72,0,0
2026-05-08,LEDN,Leiden Centraal,535,28,13
2026-05-08,LEER,Leer (Ostfriesl),25,0,0
2026-05-08,LG,Landgraaf,141,9,39
2026-05-08,LILLEE,Lille Europe,7,1,0
2026-05-08,LKP,Kapellen,34,7,1
2026-05-08,LKR,Ekeren,34,7,1
2026-05-08,LLS,Lelystad Centrum,179,4,2
2026-05-08,LLZM,Lansingerland-Zoetermeer,78,3,0
2026-05-08,LP,Loppersum,72,0,0
2026-05-08,LTN,Lunteren,78,0,0
2026-05-08,LTV,Lichtenvoorde-Groenlo,71,0,0
2026-05-08,LUIK,Liège-Guillemins,19,0,19
2026-05-08,LUT,Geleen-Lutterade,76,1,0
2026-05-08,LW,Leeuwarden,210,4,2
2026-05-08,LWC,Leeuwarden Camminghaburen,70,5,1
2026-05-08,MA,Augsburg Hbf,2,0,0
2026-05-08,MANNHE,Mannheim Hbf,3,0,0
2026-05-08,MARIA,Sint-Mariaburg,34,7,1
2026-05-08,MARNE,Marne-la-Vallée-Chessy,1,1,0
2026-05-08,MAS,Maarssen,115,1,4
2026-05-08,MCGB,Mönchengladbach Hbf,49,3,0
2026-05-08,MDB,Middelburg,102,10,13
2026-05-08,MECH,Mechelen,32,8,0
2026-05-08,MES,Meerssen,140,6,35
2026-05-08,MG,Mantgum,69,0,0
2026-05-08,MID,Heide (B),34,6,1
2026-05-08,MMLH,Mook-Molenhoek,108,0,0
2026-05-08,MOP,München Ost,1,0,0
2026-05-08,MP,Meppel,216,3,1
2026-05-08,MRB,Mariënberg,130,1,2
2026-05-08,MRN,Maarn,75,1,2
2026-05-08,MT,Maastricht,241,4,35
2026-05-08,MTH,Martenshoek,141,0,0
2026-05-08,MTN,Maastricht Noord,78,0,0
2026-05-08,MTR,Maastricht Randwyck,115,0,36
2026-05-08,MUNCHH,München Hbf,2,0,0
2026-05-08,MUNST,Münster (Westf) Hbf,16,5,0
2026-05-08,MZ,Maarheeze,69,0,4
2026-05-08,NA,Nieuw Amsterdam,76,0,0
2026-05-08,NDB,Naarden-Bussum,216,2,0
2026-05-08,NDKP,Noorderkempen,32,10,0
2026-05-08,NH,Nuth,76,3,0
2026-05-08,NKK,Nijkerk,74,2,0
2026-05-08,NM,Nijmegen,341,14,46
2026-05-08,NMD,Nijmegen Dukenburg,122,6,21
2026-05-08,NMGO,Nijmegen Goffert,122,4,21
2026-05-08,NMH,Nijmegen Heyendaal,162,0,0
2026-05-08,NML,Nijmegen Lent,126,2,20
2026-05-08,NS,Nunspeet,74,3,0
2026-05-08,NSCH,Bad Nieuweschans,38,0,0
2026-05-08,NURNB,Nürnberg Hbf,1,0,0
2026-05-08,NVD,Nijverdal,106,1,0
2026-05-08,NVP,Nieuw Vennep,132,10,0
2026-05-08,NWK,Nieuwerkerk a/d IJssel,78,3,0
2026-05-08,O,Oss,144,13,45
2026-05-08,OBD,Obdam,71,4,5
2026-05-08,OBERH,Oberhausen Hbf,32,0,0
2026-05-08,ODB,Oudenbosch,69,1,0
2026-05-08,ODZ,Oldenzaal,71,11,11
2026-05-08,OMN,Ommen,96,1,0
2026-05-08,OP,Opheusden,66,1,0
2026-05-08,OSNH,Osnabrück Hbf,42,15,7
2026-05-08,OST,Olst,71,5,25
2026-05-08,OT,Oisterwijk,65,4,7
2026-05-08,OTB,Oosterbeek,66,1,2
2026-05-08,OVN,Overveen,76,5,0
2026-05-08,OW,Oss West,74,6,21
2026-05-08,PARIS,Paris-Nord,10,1,0
2026-05-08,PMO,Purmerend Overwhere,79,2,0
2026-05-08,PMR,Purmerend,79,2,0
2026-05-08,PMW,Purmerend Weidevenne,79,1,0
2026-05-08,PRAHA,Praha hl.n.,1,1,0
2026-05-08,PT,Putten,74,1,0
2026-05-08,RAI,Amsterdam RAI,144,2,0
2026-05-08,RAT,Raalte,106,0,0
2026-05-08,RB,Rilland-Bath,73,13,11
2026-05-08,RBB,Baden-Baden,1,0,0
2026-05-08,RD,Roodeschool,66,0,0
2026-05-08,RF,Freiburg (Breisgau) Hbf,1,0,0
2026-05-08,RH,Rheden,72,0,0
2026-05-08,RHEINE,Rheine,45,19,7
2026-05-08,RHN,Rhenen,36,1,1
2026-05-08,RL,Ruurlo,71,0,0
2026-05-08,RLB,Rotterdam Lombardijen,138,11,0
2026-05-08,RM,Roermond,182,5,4
2026-05-08,RO,Offenburg,1,0,0
2026-05-08,ROSENH,Rosenheim,1,0,0
2026-05-08,RS,Rosmalen,74,5,21
2026-05-08,RSD,Roosendaal,178,23,20
2026-05-08,RSN,Rijssen,76,0,0
2026-05-08,RSW,Rijswijk,138,2,0
2026-05-08,RTA,Rotterdam Alexander,211,20,10
2026-05-08,RTB,Rotterdam Blaak,277,18,7
2026-05-08,RTD,Rotterdam Centraal,637,81,41
2026-05-08,RTN,Rotterdam Noord,78,10,0
2026-05-08,RTZ,Rotterdam Zuid,138,7,0
2026-05-08,RV,Reuver,75,3,1
2026-05-08,RVS,Ravenstein,74,6,21
2026-05-08,SBK,Spaubeek,76,3,0
2026-05-08,SD,Soestdijk,70,0,0
2026-05-08,SDA,Scheemda,118,0,0
2026-05-08,SDM,Schiedam Centrum,287,15,6
2026-05-08,SDT,Sliedrecht,133,14,2
2026-05-08,SDTB,Sliedrecht Baanhoek,133,19,2
2026-05-08,SGL,Houthem-St. Gerlach,78,0,0
2026-05-08,SGN,Schagen,83,2,3
2026-05-08,SHL,Schiphol Airport,793,88,86
2026-05-08,SK,Sneek,66,0,0
2026-05-08,SKND,Sneek Noord,81,0,0
2026-05-08,SM,Swalmen,74,2,2
2026-05-08,SN,Schinnen,76,3,0
2026-05-08,SOG,Schin op Geul,78,0,0
2026-05-08,SPTN,Santpoort Noord,77,5,0
2026-05-08,SPTZ,Santpoort Zuid,77,3,0
2026-05-08,SRN,Susteren,72,7,2
2026-05-08,SSH,Sassenheim,132,10,0
2026-05-08,ST,Soest,70,0,0
2026-05-08,STD,Sittard,225,12,3
2026-05-08,STM,Stedum,72,0,0
2026-05-08,STP,London St. Pancras Int.,5,1,0
2026-05-08,STV,Stavoren,24,0,0
2026-05-08,STZ,Soest Zuid,70,0,0
2026-05-08,SWD,Sauwerd,148,0,0
2026-05-08,SWK,Steenwijk,140,1,1
2026-05-08,TB,Tilburg,265,26,99
2026-05-08,TBG,Terborg,76,0,0
2026-05-08,TBR,Tilburg Reeshof,65,7,30
2026-05-08,TBU,Tilburg Universiteit,93,7,38
2026-05-08,TG,Tegelen,76,4,0
2026-05-08,TL,Tiel,70,2,0
2026-05-08,TPSW,Tiel Passewaaij,74,4,1
2026-05-08,TS,Stuttgart Hbf,2,0,0
2026-05-08,TU,Ulm Hbf,2,0,0
2026-05-08,TWL,Twello,74,1,0
2026-05-08,UHM,Uithuizermeeden,74,0,0
2026-05-08,UHZ,Uithuizen,74,0,0
2026-05-08,UST,Usquert,74,0,0
2026-05-08,UT,Utrecht Centraal,951,46,29
2026-05-08,UTG,Uitgeest,137,7,5
2026-05-08,UTLN,Utrecht Lunetten,150,4,1
2026-05-08,UTLR,Utrecht Leidsche Rijn,127,5,2
2026-05-08,UTM,Utrecht Maliebaan,8,0,0
2026-05-08,UTO,Utrecht Overvecht,300,2,0
2026-05-08,UTT,Utrecht Terwijde,127,6,2
2026-05-08,UTVR,Utrecht Vaartsche Rijn,248,7,8
2026-05-08,UTZL,Utrecht Zuilen,115,0,4
2026-05-08,VB,Voorburg,78,1,0
2026-05-08,VD,Vorden,71,0,0
2026-05-08,VDL,Voerendaal,78,0,0
2026-05-08,VDM,Veendam,35,0,0
2026-05-08,VEM,Voorst-Empe,64,0,0
2026-05-08,VG,Vught,79,3,0
2026-05-08,VH,Voorhout,77,1,0
2026-05-08,VHP,Vroomshoop,56,0,2
2026-05-08,VIERS,Viersen,36,0,0
2026-05-08,VK,Valkenburg,140,5,35
2026-05-08,VL,Venlo,164,9,3
2026-05-08,VLB,Vierlingsbeek,80,0,0
2026-05-08,VNDC,Veenendaal Centrum,72,1,2
2026-05-08,VNDW,Veenendaal West,72,1,2
2026-05-08,VP,Velp,72,1,0
2026-05-08,VRY,Venray,80,0,0
2026-05-08,VS,Vlissingen,51,6,7
2026-05-08,VSS,Vlissingen Souburg,73,7,11
2026-05-08,VST,Voorschoten,133,4,2
2026-05-08,VSV,Varsseveld,76,0,0
2026-05-08,VTN,Vleuten,127,5,2
2026-05-08,VZ,Vriezenveen,56,0,2
2026-05-08,WAD,Waddinxveen,130,0,0
2026-05-08,WADN,Waddinxveen Noord,130,0,0
2026-05-08,WADT,Waddinxveen Triangel,130,0,0
2026-05-08,WC,Wijchen,98,7,21
2026-05-08,WD,Woerden,268,15,3
2026-05-08,WDN,Wierden,154,0,0
2026-05-08,WESEL,Wesel,64,0,0
2026-05-08,WF,Wolfheze,66,1,2
2026-05-08,WFM,Warffum,74,0,0
2026-05-08,WH,Wijhe,71,6,25
2026-05-08,WK,Workum,48,0,0
2026-05-08,WL,Wehl,132,2,2
2026-05-08,WM,Wormerveer,116,7,6
2026-05-08,WORGL,Wörgl Hbf,1,0,0
2026-05-08,WP,Weesp,280,2,0
2026-05-08,WR,Weener,34,0,0
2026-05-08,WS,Winschoten,80,0,0
2026-05-08,WSM,Winsum,76,0,0
2026-05-08,WT,Weert,143,6,5
2026-05-08,WTV,Westervoort,132,2,2
2026-05-08,WURZB,Würzburg Hbf,2,0,0
2026-05-08,WV,Wolvega,69,0,0
2026-05-08,WW,Winterswijk,74,0,0
2026-05-08,WWW,Winterswijk West,71,0,0
2026-05-08,WZ,Wezep,74,2,0
2026-05-08,YPB,Den Haag Ypenburg,78,1,0
2026-05-08,ZA,Zetten-Andelst,66,1,0
2026-05-08,ZB,Zuidbroek,141,0,0
2026-05-08,ZBM,Zaltbommel,76,3,0
2026-05-08,ZD,Zaandam,318,14,9
2026-05-08,ZDK,Zaandam Kogerveld,79,1,0
2026-05-08,ZH,Zuidhorn,104,3,0
2026-05-08,ZL,Zwolle,471,7,16
2026-05-08,ZLSH,Zwolle Stadshagen,78,0,0
2026-05-08,ZLW,Lage Zwaluwe,142,5,21
2026-05-08,ZP,Zutphen,214,4,25
2026-05-08,ZTM,Zoetermeer,78,2,0
2026-05-08,ZTMO,Zoetermeer Oost,78,3,0
2026-05-08,ZUE,Zürich HB,1,0,0
2026-05-08,ZV,Zevenaar,170,2,2
2026-05-08,ZVB,Zevenbergen,69,1,0
2026-05-08,ZVT,Zandvoort aan Zee,38,2,0
2026-05-08,ZWD,Zwijndrecht,137,13,0
2026-05-08,ZZS,Zaandijk Zaanse Schans,116,9,6
2026-05-09,AC,Abcoude,104,1,2
2026-05-09,ACDG,Airport Charles de Gaulle,2,0,0
2026-05-09,AH,Arnhem Centraal,359,12,13
2026-05-09,AHBF,Aachen Hbf,27,0,18
2026-05-09,AHP,Arnhem Velperpoort,147,3,0
2026-05-09,AHPR,Arnhem Presikhaaf,70,3,0
2026-05-09,AHZ,Arnhem Zuid,114,4,4
2026-05-09,AKL,Arkel,70,0,0
2026-05-09,AKM,Akkrum,38,0,0
2026-05-09,ALM,Almere Centrum,318,9,1
2026-05-09,ALMB,Almere Buiten,167,2,0
2026-05-09,ALMM,Almere Muziekwijk,198,2,0
2026-05-09,ALMO,Almere Oostvaarders,103,1,0
2026-05-09,ALMP,Almere Parkwijk,126,0,0
2026-05-09,AMF,Amersfoort Centraal,334,21,106
2026-05-09,AMFS,Amersfoort Schothorst,71,6,0
2026-05-09,AML,Almelo,174,3,11
2026-05-09,AMPO,Almere Poort,198,3,0
2026-05-09,AMR,Alkmaar,173,3,1
2026-05-09,AMRI,Almelo de Riet,73,2,0
2026-05-09,AMRN,Alkmaar Noord,150,0,1
2026-05-09,ANA,Anna Paulowna,74,1,0
2026-05-09,ANDD,Antwerpen-Noorderdokken,33,2,0
2026-05-09,APD,Apeldoorn,151,9,0
2026-05-09,APDM,Apeldoorn De Maten,34,0,0
2026-05-09,APDO,Apeldoorn Osseveld,38,0,0
2026-05-09,APG,Appingedam,68,0,0
2026-05-09,APN,Alphen a/d Rijn,111,0,2
2026-05-09,ARN,Arnemuiden,71,5,5
2026-05-09,ASA,Amsterdam Amstel,286,6,6
2026-05-09,ASB,Amsterdam Bijlmer ArenA,247,8,4
2026-05-09,ASD,Amsterdam Centraal,725,32,12
2026-05-09,ASDL,Amsterdam Lelylaan,317,5,8
2026-05-09,ASDM,Amsterdam Muiderpoort,236,8,2
2026-05-09,ASDZ,Amsterdam Zuid,459,14,6
2026-05-09,ASHD,Amsterdam Holendrecht,104,2,2
2026-05-09,ASN,Assen,147,5,36
2026-05-09,ASS,Amsterdam Sloterdijk,898,16,20
2026-05-09,ASSP,Amsterdam Science Park,126,3,0
2026-05-09,ATN,Aalten,75,0,0
2026-05-09,ATW,Antwerpen-Centraal,111,9,0
2026-05-09,ATWLB,Antwerpen-Luchtbal,33,2,0
2026-05-09,AVAT,Amersfoort Vathorst,71,4,0
2026-05-09,AW,Aachen West,54,0,38
2026-05-09,BADENZ,Baden (CH),1,0,0
2026-05-09,BASELB,Basel Bad Bf,1,0,0
2026-05-09,BASELS,Basel SBB,1,0,0
2026-05-09,BD,Breda,272,18,23
2026-05-09,BDE,Bunde,74,0,0
2026-05-09,BDG,Bodegraven,74,0,2
2026-05-09,BDM,Bedum,68,0,0
2026-05-09,BDPB,Breda-Prinsenbeek,73,4,9
2026-05-09,BERCH,Antwerpen-Berchem,62,5,0
2026-05-09,BERHBT,Berlin Hbf,12,2,0
2026-05-09,BET,Best,138,3,0
2026-05-09,BF,Baflo,72,0,0
2026-05-09,BGN,Bergen op Zoom,71,9,5
2026-05-09,BH,Bad Bentheim,50,13,0
2026-05-09,BHDV,Boven-Hardinxveld,121,18,0
2026-05-09,BHF,Berlin Ostbahnhof,6,2,0
2026-05-09,BHV,Bilthoven,145,4,0
2026-05-09,BIELEF,Bielefeld Hbf,17,0,0
2026-05-09,BK,Beek-Elsloo,74,0,0
2026-05-09,BKF,Bovenkarspel Flora,74,2,2
2026-05-09,BKG,Bovenkarspel-Grootebroek,74,2,2
2026-05-09,BKL,Breukelen,127,2,2
2026-05-09,BL,Beilen,73,1,0
2026-05-09,BLL,Bloemendaal,76,0,0
2026-05-09,BMN,Brummen,70,1,0
2026-05-09,BMR,Boxmeer,95,0,1
2026-05-09,BN,Borne,73,2,0
2026-05-09,BNC,Barneveld Centrum,80,1,0
2026-05-09,BNK,Bunnik,74,3,0
2026-05-09,BNN,Barneveld Noord,80,1,0
2026-05-09,BNZ,Barneveld Zuid,80,2,0
2026-05-09,BP,Buitenpost,100,3,0
2026-05-09,BR,Blerick,139,8,4
2026-05-09,BRD,Barendrecht,121,2,0
2026-05-09,BRESSX,Bressoux,36,0,34
2026-05-09,BRN,Baarn,138,11,0
2026-05-09,BRUSC,Brussel-Centraal,32,1,0
2026-05-09,BRUSN,Brussel-Noord,32,2,0
2026-05-09,BRUSZ,Brussel-Zuid,51,2,0
2026-05-09,BSD,Beesd,70,0,0
2026-05-09,BSK,Boskoop,74,0,0
2026-05-09,BSKS,Boskoop Snijdelwijk,74,0,0
2026-05-09,BSMZ,Bussum Zuid,126,3,0
2026-05-09,BSPD,Berlin-Spandau,0,0,12
2026-05-09,BTL,Boxtel,138,3,0
2026-05-09,BUENDE,Bünde (Westf),48,18,0
2026-05-09,BV,Beverwijk,76,1,0
2026-05-09,BZL,Kapelle-Biezelinge,71,5,5
2026-05-09,CAS,Castricum,191,4,3
2026-05-09,CK,Cuijk,75,0,0
2026-05-09,CL,Culemborg,143,2,2
2026-05-09,CO,Coevorden,70,8,8
2026-05-09,CPS,Capelle Schollevaar,74,1,1
2026-05-09,CVM,Chevremont,74,0,0
2026-05-09,DA,Daarlerveen,23,0,22
2026-05-09,DB,Driebergen-Zeist,175,3,0
2026-05-09,DDN,Delden,66,0,0
2026-05-09,DDR,Dordrecht,285,13,8
2026-05-09,DDRS,Dordrecht Stadspolders,121,18,0
2026-05-09,DDZD,Dordrecht Zuid,111,5,9
2026-05-09,DEI,Deinum,64,0,0
2026-05-09,DID,Didam,77,0,0
2026-05-09,DL,Dalfsen,69,4,9
2026-05-09,DLD,Den Dolder,145,5,0
2026-05-09,DLN,Dalen,40,5,3
2026-05-09,DMN,Diemen,126,2,0
2026-05-09,DMNZ,Diemen Zuid,126,3,0
2026-05-09,DN,Deurne,99,8,3
2026-05-09,DR,Dieren,140,8,11
2026-05-09,DRH,Driehuis,76,1,0
2026-05-09,DRON,Dronten,66,1,1
2026-05-09,DRP,Dronryp,64,0,0
2026-05-09,DT,Delft,335,20,6
2026-05-09,DTC,Doetinchem,75,0,0
2026-05-09,DTCH,Doetinchem De Huet,77,0,0
2026-05-09,DTCP,Delft Campus,120,4,1
2026-05-09,DUSSEL,Düsseldorf Hbf,24,5,0
2026-05-09,DV,Deventer,224,10,11
2026-05-09,DVC,Deventer Colmschate,38,0,0
2026-05-09,DVD,Duivendrecht,300,7,4
2026-05-09,DVN,Duiven,77,0,0
2026-05-09,DVNK,De Vink,77,1,2
2026-05-09,DWE,De Westereen,69,2,0
2026-05-09,DZ,Delfzijl,34,0,0
2026-05-09,DZW,Delfzijl West,68,0,0
2026-05-09,EABG,Altenberge,30,7,6
2026-05-09,EAHS,Ahaus,27,1,4
2026-05-09,EBEO,Bönen,22,0,0
2026-05-09,EBFT,Steinfurt-Burgsteinfurt,30,16,6
2026-05-09,EBGO,Steinfurt-Borghorst,30,15,6
2026-05-09,EBOK,Bork (Westf),26,1,4
2026-05-09,EC,Echt,72,1,0
2026-05-09,ECMF,Coesfeld (Westf),26,3,4
2026-05-09,ED,Ede-Wageningen,188,1,0
2026-05-09,EDC,Ede Centrum,80,1,0
2026-05-09,EDD,Dortmund-Derne,26,3,4
2026-05-09,EDKD,Dortmund-Kirchderne,26,3,4
2026-05-09,EDN,Eijsden,36,1,34
2026-05-09,EDO,Dortmund Hbf,11,1,4
2026-05-09,EDULH,Dülmen,26,3,4
2026-05-09,EEM,Eemshaven,29,0,0
2026-05-09,EENP,Ennepetal,12,0,0
2026-05-09,EEPE,Epe (Westf),27,2,4
2026-05-09,EGH,Eygelshoven,74,0,0
2026-05-09,EGHM,Eygelshoven Markt,63,0,38
2026-05-09,EGRK,Steinfurt-Grottenkamp,30,15,6
2026-05-09,EHS,Eindhoven Strijp-S,138,3,0
2026-05-09,EHV,Eindhoven Centraal,352,16,10
2026-05-09,EHW,Rosendahl-Holtwick,27,0,4
2026-05-09,EHZW,Holzwickede,22,1,0
2026-05-09,EKZ,Enkhuizen,37,2,1
2026-05-09,EL,Emmerich-Elten,38,0,0
2026-05-09,ELDH,Lüdinghausen,26,2,4
2026-05-09,ELET,Lette (Kr Coesfeld),26,3,4
2026-05-09,ELGD,Legden,27,1,4
2026-05-09,ELUE,Lünen Hbf,26,5,4
2026-05-09,EM,Emmerich,61,0,0
2026-05-09,EML,Ermelo,71,2,0
2026-05-09,EMN,Emmen,35,6,4
2026-05-09,EMNZ,Emmen Zuid,70,8,8
2026-05-09,EMTE,Metelen Land,30,15,6
2026-05-09,ENBE,Münster-Häger,30,5,6
2026-05-09,ENHF,Münster (W) Zentrum Nord,29,5,7
2026-05-09,ENOW,Nordwalde,30,13,6
2026-05-09,EOP,Ochtrup,30,15,6
2026-05-09,EPRN,Preussen,26,3,4
2026-05-09,ES,Enschede,99,12,12
2026-05-09,ESE,Enschede De Eschmarke,51,16,23
2026-05-09,ESEB,Selm-Beifang,26,1,4
2026-05-09,ESEM,Selm,26,2,4
2026-05-09,ESK,Enschede Kennispark,74,1,0
2026-05-09,ESN,Essen,33,2,0
2026-05-09,ESRT,Schwerte (Ruhr),22,1,0
2026-05-09,EST,Elst,153,5,4
2026-05-09,ETN,Etten-Leur,70,7,12
2026-05-09,EUN,Unna,22,1,0
2026-05-09,FBNL,Brussels Airport-Zaventem,32,1,0
2026-05-09,FFFM,Frankfurt (M) Hbf,6,1,0
2026-05-09,FKTH,Kalmthout,33,3,0
2026-05-09,FKW,Kassel-Wilhelmshöhe,2,0,0
2026-05-09,FMZ,Mainz Hbf,2,0,0
2026-05-09,FN,Franeker,64,0,0
2026-05-09,FNAF,Frankfurt Flughafen Fernb,15,5,0
2026-05-09,FNZD,Antwerpen-Zuid,30,1,0
2026-05-09,FRP,Puurs,15,0,0
2026-05-09,FVS,Visé,36,0,34
2026-05-09,FWD,Feanwâlden,126,3,0
2026-05-09,G,Gronau (Westf.),60,20,11
2026-05-09,GBG,Gramsbergen,42,9,4
2026-05-09,GBR,Glanerbrug,51,17,23
2026-05-09,GD,Gouda,328,2,71
2026-05-09,GDG,Gouda Goverwelle,148,0,1
2026-05-09,GDM,Geldermalsen,178,4,2
2026-05-09,GDR,Gaanderen,75,2,0
2026-05-09,GERP,Groningen Europapark,291,3,3
2026-05-09,GK,Grijpskerk,69,2,0
2026-05-09,GKT,Kijkuit,33,3,0
2026-05-09,GLN,Geleen Oost,74,1,0
2026-05-09,GN,Groningen,345,4,21
2026-05-09,GND,Hardinxveld-Giessendam,121,31,0
2026-05-09,GNN,Groningen Noord,140,0,0
2026-05-09,GO,Goor,65,0,0
2026-05-09,GP,Geldrop,64,2,0
2026-05-09,GR,Gorinchem,95,5,0
2026-05-09,GS,Goes,70,5,6
2026-05-09,GV,Den Haag HS,336,16,6
2026-05-09,GVC,Den Haag Centraal,241,13,2
2026-05-09,GVM,Den Haag Mariahoeve,77,0,2
2026-05-09,GVMW,Den Haag Moerwijk,120,4,1
2026-05-09,GW,Grou-Jirnsum,38,0,0
2026-05-09,GWD,Wildert,33,2,0
2026-05-09,GZ,Gilze-Rijen,76,5,9
2026-05-09,HAD,Heemstede-Aerdenhout,208,14,2
2026-05-09,HAGEN,Hagen Hbf,23,1,0
2026-05-09,HAMM,Hamm (Westf.),12,0,0
2026-05-09,HANN,Hannover Hbf,13,8,0
2026-05-09,HB,Hoensbroek,74,1,0
2026-05-09,HBZM,Hardinxveld Blauwe Zoom,72,14,0
2026-05-09,HD,Harderwijk,71,1,0
2026-05-09,HDB,Hardenberg,77,15,23
2026-05-09,HDE,'t Harde,71,1,0
2026-05-09,HDG,Hurdegaryp,69,2,0
2026-05-09,HDR,Den Helder,37,0,0
2026-05-09,HDRZ,Den Helder Zuid,74,0,0
2026-05-09,HFD,Hoofddorp,261,4,4
2026-05-09,HGL,Hengelo,247,7,0
2026-05-09,HGLG,Hengelo Gezondheidspark,66,0,0
2026-05-09,HGLO,Hengelo Oost,72,0,0
2026-05-09,HGV,Hoogeveen,73,1,0
2026-05-09,HGZ,Hoogezand-Sappemeer,134,1,0
2026-05-09,HIL,Hillegom,70,7,0
2026-05-09,HK,Heemskerk,77,0,0
2026-05-09,HKS,Hoogkarspel,74,2,2
2026-05-09,HLG,Harlingen,64,0,0
2026-05-09,HLGH,Harlingen Haven,32,0,0
2026-05-09,HLM,Haarlem,328,10,4
2026-05-09,HLMS,Haarlem Spaarnwoude,146,2,2
2026-05-09,HLO,Heiloo,151,1,1
2026-05-09,HM,Helmond,131,9,5
2026-05-09,HMBH,Helmond Brouwhuis,64,3,3
2026-05-09,HMBV,Helmond Brandevoort,64,3,3
2026-05-09,HMH,Helmond 't Hout,64,3,3
2026-05-09,HMN,Hemmen-Dodewaard,34,0,0
2026-05-09,HN,Hoorn,181,2,5
2026-05-09,HNK,Hoorn Kersenboogerd,108,2,3
2026-05-09,HNO,Heino,72,2,0
2026-05-09,HNP,Hindeloopen,36,0,0
2026-05-09,HOHT,Osnabrück Altstadt,34,8,0
2026-05-09,HON,Holten,38,0,0
2026-05-09,HOR,Hollandsche Rading,82,2,0
2026-05-09,HR,Heerenveen,105,2,34
2026-05-09,HRL,Heerlen,204,3,37
2026-05-09,HRLW,Heerlen Woonboulevard,74,0,0
2026-05-09,HRN,Haren,76,0,0
2026-05-09,HRT,Horst-Sevenum,67,5,2
2026-05-09,HT,'s-Hertogenbosch,395,20,35
2026-05-09,HTN,Houten,143,2,2
2026-05-09,HTNC,Houten Castellum,143,2,2
2026-05-09,HTO,'s-Hertogenbosch Oost,73,6,11
2026-05-09,HVL,Hoevelaken,80,3,0
2026-05-09,HVS,Hilversum,344,16,2
2026-05-09,HVSM,Hilversum Media Park,126,3,0
2026-05-09,HVSP,Hilversum Sportpark,126,1,0
2026-05-09,HWD,Heerhugowaard,149,0,2
2026-05-09,HWZB,Halfweg-Zwanenburg,146,2,2
2026-05-09,HZ,Herzogenrath,58,0,38
2026-05-09,HZE,Heeze,64,2,0
2026-05-09,IJT,IJlst,36,0,0
2026-05-09,INNSB,Innsbruck Hbf,1,0,0
2026-05-09,JENBAC,Jenbach,1,0,0
2026-05-09,KARLSR,Karlsruhe Hbf,1,0,0
2026-05-09,KBB,Bonn-Beuel,2,0,0
2026-05-09,KBD,Krabbendijke,71,6,5
2026-05-09,KBK,Klarenbeek,34,0,0
2026-05-09,KBOI,Boisheim,56,6,4
2026-05-09,KBRY,Breyell,56,6,4
2026-05-09,KDBI,Düsseldorf-Bilk,24,5,0
2026-05-09,KDUL,Dülken,56,6,4
2026-05-09,KKO,Koblenz Hbf,2,0,0
2026-05-09,KLP,Veenendaal-De Klomp,145,0,0
2026-05-09,KMA,Krommenie-Assendelft,107,6,3
2026-05-09,KMR,Klimmen-Ransdaal,74,0,0
2026-05-09,KMW,Koudum-Molkwerum,36,0,0
2026-05-09,KN,Kaldenkirchen,55,6,5
2026-05-09,KOLN,Köln Hbf,16,3,0
2026-05-09,KPN,Kampen,37,0,0
2026-05-09,KPNZ,Kampen Zuid,66,0,1
2026-05-09,KRD,Kerkrade Centrum,37,0,0
2026-05-09,KRG,Kruiningen-Yerseke,71,6,5
2026-05-09,KSB,Siegburg/Bonn,14,2,0
2026-05-09,KSWE,Schwelm,12,0,0
2026-05-09,KT,Troisdorf,1,0,0
2026-05-09,KTR,Kesteren,34,0,0
2026-05-09,KUFST,Kufstein,1,0,0
2026-05-09,KW,Kropswolde,134,0,0
2026-05-09,KWBA,Wuppertal-Barmen,23,2,0
2026-05-09,KWO,Wuppertal-Oberbarmen,23,2,0
2026-05-09,KZ,Koog aan de Zaan,108,3,2
2026-05-09,LAA,Den Haag Laan v NOI,217,8,6
2026-05-09,LC,Lochem,64,0,0
2026-05-09,LDL,Leiden Lammenschans,74,0,2
2026-05-09,LDM,Leerdam,70,0,0
2026-05-09,LEDN,Leiden Centraal,302,21,10
2026-05-09,LEER,Leer (Ostfriesl),25,0,0
2026-05-09,LG,Landgraaf,137,5,38
2026-05-09,LILLEE,Lille Europe,3,0,0
2026-05-09,LKP,Kapellen,33,2,0
2026-05-09,LKR,Ekeren,33,2,0
2026-05-09,LLS,Lelystad Centrum,170,9,0
2026-05-09,LLZM,Lansingerland-Zoetermeer,74,0,0
2026-05-09,LP,Loppersum,68,0,0
2026-05-09,LTN,Lunteren,80,1,0
2026-05-09,LTV,Lichtenvoorde-Groenlo,54,0,0
2026-05-09,LUIK,Liège-Guillemins,18,0,18
2026-05-09,LUT,Geleen-Lutterade,74,0,0
2026-05-09,LW,Leeuwarden,181,3,16
2026-05-09,LWC,Leeuwarden Camminghaburen,69,3,0
2026-05-09,MA,Augsburg Hbf,2,0,0
2026-05-09,MANNHE,Mannheim Hbf,3,0,0
2026-05-09,MARIA,Sint-Mariaburg,33,2,0
2026-05-09,MARNE,Marne-la-Vallée-Chessy,1,0,0
2026-05-09,MAS,Maarssen,76,1,1
2026-05-09,MCGB,Mönchengladbach Hbf,59,13,2
2026-05-09,MDB,Middelburg,71,4,5
2026-05-09,MECH,Mechelen,32,3,0
2026-05-09,MES,Meerssen,134,1,34
2026-05-09,MG,Mantgum,65,0,0
2026-05-09,MID,Heide (B),33,4,0
2026-05-09,MMLH,Mook-Molenhoek,75,0,0
2026-05-09,MOP,München Ost,1,0,0
2026-05-09,MP,Meppel,178,3,34
2026-05-09,MRB,Mariënberg,89,10,34
2026-05-09,MRN,Maarn,73,0,0
2026-05-09,MT,Maastricht,231,1,36
2026-05-09,MTH,Martenshoek,134,0,0
2026-05-09,MTN,Maastricht Noord,74,0,0
2026-05-09,MTR,Maastricht Randwyck,110,1,34
2026-05-09,MUNCHH,München Hbf,2,0,0
2026-05-09,MUNST,Münster (Westf) Hbf,14,4,6
2026-05-09,MZ,Maarheeze,64,2,0
2026-05-09,NA,Nieuw Amsterdam,70,9,8
2026-05-09,NDB,Naarden-Bussum,198,6,0
2026-05-09,NDKP,Noorderkempen,32,4,0
2026-05-09,NEUSS,Neuss Hbf,24,5,0
2026-05-09,NH,Nuth,74,1,0
2026-05-09,NKK,Nijkerk,71,4,0
2026-05-09,NM,Nijmegen,274,9,22
2026-05-09,NMD,Nijmegen Dukenburg,112,5,11
2026-05-09,NMGO,Nijmegen Goffert,112,5,11
2026-05-09,NMH,Nijmegen Heyendaal,115,0,0
2026-05-09,NML,Nijmegen Lent,114,4,4
2026-05-09,NS,Nunspeet,71,1,0
2026-05-09,NSCH,Bad Nieuweschans,35,2,1
2026-05-09,NURNB,Nürnberg Hbf,1,0,0
2026-05-09,NVD,Nijverdal,72,2,0
2026-05-09,NVP,Nieuw Vennep,78,2,0
2026-05-09,NWK,Nieuwerkerk a/d IJssel,74,1,1
2026-05-09,O,Oss,140,10,23
2026-05-09,OBD,Obdam,73,1,3
2026-05-09,OBERH,Oberhausen Hbf,31,0,0
2026-05-09,ODB,Oudenbosch,38,0,0
2026-05-09,ODZ,Oldenzaal,71,7,0
2026-05-09,OMN,Ommen,69,7,9
2026-05-09,OP,Opheusden,34,0,0
2026-05-09,OSNH,Osnabrück Hbf,48,13,0
2026-05-09,OST,Olst,70,5,11
2026-05-09,OT,Oisterwijk,64,3,0
2026-05-09,OTB,Oosterbeek,74,0,0
2026-05-09,OVN,Overveen,72,2,0
2026-05-09,OW,Oss West,73,5,11
2026-05-09,PARIS,Paris-Nord,9,0,0
2026-05-09,PMO,Purmerend Overwhere,75,2,0
2026-05-09,PMR,Purmerend,75,2,0
2026-05-09,PMW,Purmerend Weidevenne,75,2,0
2026-05-09,PT,Putten,71,3,0
2026-05-09,RAI,Amsterdam RAI,130,2,0
2026-05-09,RAT,Raalte,72,2,0
2026-05-09,RB,Rilland-Bath,71,6,5
2026-05-09,RBB,Baden-Baden,1,0,0
2026-05-09,RD,Roodeschool,65,0,0
2026-05-09,RF,Freiburg (Breisgau) Hbf,1,0,0
2026-05-09,RH,Rheden,70,1,0
2026-05-09,RHEINE,Rheine,50,12,0
2026-05-09,RHN,Rhenen,36,0,0
2026-05-09,RL,Ruurlo,54,1,0
2026-05-09,RLB,Rotterdam Lombardijen,121,4,0
2026-05-09,RM,Roermond,192,1,4
2026-05-09,RO,Offenburg,1,0,0
2026-05-09,ROSENH,Rosenheim,1,0,0
2026-05-09,RS,Rosmalen,73,5,11
2026-05-09,RSD,Roosendaal,142,14,10
2026-05-09,RSN,Rijssen,38,0,0
2026-05-09,RSW,Rijswijk,120,4,1
2026-05-09,RTA,Rotterdam Alexander,218,5,70
2026-05-09,RTB,Rotterdam Blaak,253,13,3
2026-05-09,RTD,Rotterdam Centraal,579,27,42
2026-05-09,RTN,Rotterdam Noord,74,2,1
2026-05-09,RTZ,Rotterdam Zuid,123,3,0
2026-05-09,RV,Reuver,72,1,0
2026-05-09,RVS,Ravenstein,73,5,11
2026-05-09,SBK,Spaubeek,74,1,0
2026-05-09,SD,Soestdijk,74,2,0
2026-05-09,SDA,Scheemda,98,2,2
2026-05-09,SDM,Schiedam Centrum,256,15,5
2026-05-09,SDT,Sliedrecht,121,29,0
2026-05-09,SDTB,Sliedrecht Baanhoek,121,43,0
2026-05-09,SGL,Houthem-St. Gerlach,74,0,0
2026-05-09,SGN,Schagen,74,1,0
2026-05-09,SHL,Schiphol Airport,782,19,14
2026-05-09,SK,Sneek,50,0,0
2026-05-09,SKND,Sneek Noord,65,0,0
2026-05-09,SM,Swalmen,72,0,0
2026-05-09,SN,Schinnen,74,0,0
2026-05-09,SOG,Schin op Geul,74,0,0
2026-05-09,SPTN,Santpoort Noord,76,0,0
2026-05-09,SPTZ,Santpoort Zuid,76,0,0
2026-05-09,SRN,Susteren,72,0,0
2026-05-09,SSH,Sassenheim,78,2,0
2026-05-09,ST,Soest,74,2,0
2026-05-09,STD,Sittard,235,0,4
2026-05-09,STM,Stedum,68,0,0
2026-05-09,STP,London St. Pancras Int.,1,0,0
2026-05-09,STV,Stavoren,18,0,0
2026-05-09,STZ,Soest Zuid,74,2,0
2026-05-09,SWD,Sauwerd,140,0,0
2026-05-09,SWK,Steenwijk,105,3,34
2026-05-09,TB,Tilburg,278,15,29
2026-05-09,TBG,Terborg,75,1,0
2026-05-09,TBR,Tilburg Reeshof,76,4,9
2026-05-09,TBU,Tilburg Universiteit,107,4,10
2026-05-09,TG,Tegelen,72,1,0
2026-05-09,TL,Tiel,53,2,0
2026-05-09,TPSW,Tiel Passewaaij,71,4,1
2026-05-09,TS,Stuttgart Hbf,2,0,0
2026-05-09,TU,Ulm Hbf,2,0,0
2026-05-09,TWL,Twello,38,0,0
2026-05-09,UHM,Uithuizermeeden,72,0,0
2026-05-09,UHZ,Uithuizen,72,0,0
2026-05-09,UST,Usquert,72,0,0
2026-05-09,UT,Utrecht Centraal,808,28,78
2026-05-09,UTG,Uitgeest,134,2,2
2026-05-09,UTLN,Utrecht Lunetten,143,2,2
2026-05-09,UTLR,Utrecht Leidsche Rijn,73,0,0
2026-05-09,UTM,Utrecht Maliebaan,8,0,0
2026-05-09,UTO,Utrecht Overvecht,287,4,0
2026-05-09,UTT,Utrecht Terwijde,73,1,0
2026-05-09,UTVR,Utrecht Vaartsche Rijn,143,2,2
2026-05-09,UTZL,Utrecht Zuilen,76,2,1
2026-05-09,VB,Voorburg,77,0,0
2026-05-09,VD,Vorden,54,0,0
2026-05-09,VDL,Voerendaal,74,0,0
2026-05-09,VDM,Veendam,33,0,0
2026-05-09,VEM,Voorst-Empe,34,0,0
2026-05-09,VG,Vught,74,1,0
2026-05-09,VH,Voorhout,71,5,0
2026-05-09,VHP,Vroomshoop,23,0,22
2026-05-09,VIERS,Viersen,56,7,4
2026-05-09,VK,Valkenburg,134,1,34
2026-05-09,VL,Venlo,155,21,4
2026-05-09,VLB,Vierlingsbeek,74,0,2
2026-05-09,VNDC,Veenendaal Centrum,73,0,0
2026-05-09,VNDW,Veenendaal West,73,0,0
2026-05-09,VP,Velp,70,2,0
2026-05-09,VRY,Venray,74,0,2
2026-05-09,VS,Vlissingen,35,2,2
2026-05-09,VSS,Vlissingen Souburg,70,3,6
2026-05-09,VST,Voorschoten,77,0,2
2026-05-09,VSV,Varsseveld,75,1,0
2026-05-09,VTN,Vleuten,73,0,0
2026-05-09,VZ,Vriezenveen,23,0,22
2026-05-09,WAD,Waddinxveen,74,0,0
2026-05-09,WADN,Waddinxveen Noord,74,0,0
2026-05-09,WADT,Waddinxveen Triangel,74,1,0
2026-05-09,WC,Wijchen,92,5,11
2026-05-09,WD,Woerden,221,0,3
2026-05-09,WDN,Wierden,110,2,0
2026-05-09,WESEL,Wesel,61,0,0
2026-05-09,WF,Wolfheze,74,0,0
2026-05-09,WFM,Warffum,72,0,0
2026-05-09,WH,Wijhe,70,4,11
2026-05-09,WK,Workum,36,0,0
2026-05-09,WL,Wehl,77,0,0
2026-05-09,WM,Wormerveer,107,4,3
2026-05-09,WORGL,Wörgl Hbf,1,0,0
2026-05-09,WP,Weesp,252,3,0
2026-05-09,WR,Weener,34,0,0
2026-05-09,WS,Winschoten,67,2,2
2026-05-09,WSM,Winsum,72,0,0
2026-05-09,WT,Weert,153,3,4
2026-05-09,WTV,Westervoort,77,0,0
2026-05-09,WUPPH,Wuppertal Hbf,23,3,0
2026-05-09,WUPPV,Wuppertal-Vohwinkel,23,3,0
2026-05-09,WURZB,Würzburg Hbf,2,0,0
2026-05-09,WV,Wolvega,38,0,0
2026-05-09,WW,Winterswijk,65,0,0
2026-05-09,WWW,Winterswijk West,54,1,0
2026-05-09,WZ,Wezep,71,1,0
2026-05-09,YPB,Den Haag Ypenburg,75,0,0
2026-05-09,ZA,Zetten-Andelst,34,0,0
2026-05-09,ZB,Zuidbroek,134,0,0
2026-05-09,ZBM,Zaltbommel,72,3,1
2026-05-09,ZD,Zaandam,294,12,4
2026-05-09,ZDK,Zaandam Kogerveld,75,2,0
2026-05-09,ZH,Zuidhorn,98,2,0
2026-05-09,ZL,Zwolle,375,18,116
2026-05-09,ZLSH,Zwolle Stadshagen,74,0,0
2026-05-09,ZLW,Lage Zwaluwe,111,4,9
2026-05-09,ZP,Zutphen,199,5,11
2026-05-09,ZTM,Zoetermeer,74,0,0
2026-05-09,ZTMO,Zoetermeer Oost,74,0,0
2026-05-09,ZUE,Zürich HB,1,0,0
2026-05-09,ZV,Zevenaar,115,0,0
2026-05-09,ZVB,Zevenbergen,38,0,0
2026-05-09,ZVT,Zandvoort aan Zee,36,1,0
2026-05-09,ZWD,Zwijndrecht,121,0,0
2026-05-09,ZZS,Zaandijk Zaanse Schans,108,4,2
2026-05-10,AC,Abcoude,101,4,8
2026-05-10,ACDG,Airport Charles de Gaulle,4,0,0
2026-05-10,AH,Arnhem Centraal,304,4,5
2026-05-10,AHBF,Aachen Hbf,24,0,16
2026-05-10,AHP,Arnhem Velperpoort,103,1,0
2026-05-10,AHPR,Arnhem Presikhaaf,35,1,0
2026-05-10,AHZ,Arnhem Zuid,64,2,0
2026-05-10,AKL,Arkel,60,0,0
2026-05-10,AKM,Akkrum,38,0,2
2026-05-10,ALM,Almere Centrum,299,15,18
2026-05-10,ALMB,Almere Buiten,118,4,1
2026-05-10,ALMM,Almere Muziekwijk,120,6,1
2026-05-10,ALMO,Almere Oostvaarders,97,2,1
2026-05-10,ALMP,Almere Parkwijk,118,3,1
2026-05-10,AMF,Amersfoort Centraal,310,7,1
2026-05-10,AMFS,Amersfoort Schothorst,72,0,0
2026-05-10,AML,Almelo,164,3,1
2026-05-10,AMPO,Almere Poort,184,9,7
2026-05-10,AMR,Alkmaar,161,5,25
2026-05-10,AMRI,Almelo de Riet,67,0,0
2026-05-10,AMRN,Alkmaar Noord,139,5,16
2026-05-10,ANA,Anna Paulowna,71,2,7
2026-05-10,ANDD,Antwerpen-Noorderdokken,33,0,0
2026-05-10,APD,Apeldoorn,137,3,0
2026-05-10,APDM,Apeldoorn De Maten,34,0,0
2026-05-10,APDO,Apeldoorn Osseveld,34,0,0
2026-05-10,APG,Appingedam,38,0,0
2026-05-10,APN,Alphen a/d Rijn,104,0,2
2026-05-10,ARN,Arnemuiden,66,2,4
2026-05-10,ASA,Amsterdam Amstel,223,14,15
2026-05-10,ASB,Amsterdam Bijlmer ArenA,262,11,11
2026-05-10,ASD,Amsterdam Centraal,672,33,24
2026-05-10,ASDL,Amsterdam Lelylaan,314,4,2
2026-05-10,ASDM,Amsterdam Muiderpoort,190,14,11
2026-05-10,ASDZ,Amsterdam Zuid,424,19,11
2026-05-10,ASHD,Amsterdam Holendrecht,73,5,8
2026-05-10,ASN,Assen,128,7,2
2026-05-10,ASS,Amsterdam Sloterdijk,856,23,23
2026-05-10,ASSP,Amsterdam Science Park,114,4,3
2026-05-10,ATN,Aalten,61,0,0
2026-05-10,ATW,Antwerpen-Centraal,115,14,5
2026-05-10,ATWLB,Antwerpen-Luchtbal,33,0,0
2026-05-10,AVAT,Amersfoort Vathorst,72,0,0
2026-05-10,AW,Aachen West,48,0,34
2026-05-10,BADENZ,Baden (CH),1,0,0
2026-05-10,BASELB,Basel Bad Bf,1,0,0
2026-05-10,BASELS,Basel SBB,1,0,0
2026-05-10,BD,Breda,237,19,32
2026-05-10,BDE,Bunde,70,2,0
2026-05-10,BDG,Bodegraven,70,0,1
2026-05-10,BDM,Bedum,38,0,0
2026-05-10,BDPB,Breda-Prinsenbeek,60,3,9
2026-05-10,BERCH,Antwerpen-Berchem,57,0,5
2026-05-10,BERHBT,Berlin Hbf,12,2,0
2026-05-10,BET,Best,129,2,1
2026-05-10,BF,Baflo,38,0,0
2026-05-10,BGN,Bergen op Zoom,66,3,4
2026-05-10,BH,Bad Bentheim,50,7,0
2026-05-10,BHDV,Boven-Hardinxveld,75,0,0
2026-05-10,BHF,Berlin Ostbahnhof,6,3,0
2026-05-10,BHV,Bilthoven,132,2,2
2026-05-10,BIELEF,Bielefeld Hbf,16,0,0
2026-05-10,BK,Beek-Elsloo,70,2,0
2026-05-10,BKF,Bovenkarspel Flora,66,0,0
2026-05-10,BKG,Bovenkarspel-Grootebroek,66,0,0
2026-05-10,BKL,Breukelen,121,5,8
2026-05-10,BL,Beilen,62,4,0
2026-05-10,BLL,Bloemendaal,71,0,2
2026-05-10,BMN,Brummen,35,1,0
2026-05-10,BMR,Boxmeer,88,0,0
2026-05-10,BN,Borne,67,0,0
2026-05-10,BNC,Barneveld Centrum,68,0,0
2026-05-10,BNK,Bunnik,70,3,7
2026-05-10,BNN,Barneveld Noord,68,0,0
2026-05-10,BNZ,Barneveld Zuid,68,0,0
2026-05-10,BP,Buitenpost,70,0,0
2026-05-10,BR,Blerick,140,7,1
2026-05-10,BRD,Barendrecht,75,3,2
2026-05-10,BRESSX,Bressoux,34,0,32
2026-05-10,BRN,Baarn,126,4,2
2026-05-10,BRUSC,Brussel-Centraal,27,0,5
2026-05-10,BRUSN,Brussel-Noord,27,0,5
2026-05-10,BRUSZ,Brussel-Zuid,61,13,3
2026-05-10,BSD,Beesd,60,0,0
2026-05-10,BSK,Boskoop,68,0,2
2026-05-10,BSKS,Boskoop Snijdelwijk,68,0,2
2026-05-10,BSMZ,Bussum Zuid,115,1,2
2026-05-10,BSPD,Berlin-Spandau,0,0,12
2026-05-10,BTL,Boxtel,129,3,1
2026-05-10,BUENDE,Bünde (Westf),46,14,0
2026-05-10,BV,Beverwijk,72,0,2
2026-05-10,BZL,Kapelle-Biezelinge,66,2,4
2026-05-10,CAS,Castricum,175,3,35
2026-05-10,CK,Cuijk,71,0,0
2026-05-10,CL,Culemborg,136,1,3
2026-05-10,CO,Coevorden,62,1,0
2026-05-10,CPS,Capelle Schollevaar,70,4,8
2026-05-10,CVM,Chevremont,70,1,0
2026-05-10,DA,Daarlerveen,32,0,1
2026-05-10,DB,Driebergen-Zeist,164,4,3
2026-05-10,DDN,Delden,48,0,2
2026-05-10,DDR,Dordrecht,224,13,5
2026-05-10,DDRS,Dordrecht Stadspolders,75,0,0
2026-05-10,DDZD,Dordrecht Zuid,99,2,7
2026-05-10,DEI,Deinum,60,0,0
2026-05-10,DID,Didam,68,1,0
2026-05-10,DL,Dalfsen,62,1,0
2026-05-10,DLD,Den Dolder,132,1,2
2026-05-10,DLN,Dalen,33,1,0
2026-05-10,DMN,Diemen,114,4,3
2026-05-10,DMNZ,Diemen Zuid,117,6,0
2026-05-10,DN,Deurne,89,9,2
2026-05-10,DR,Dieren,103,3,5
2026-05-10,DRH,Driehuis,71,0,2
2026-05-10,DRON,Dronten,61,2,0
2026-05-10,DRP,Dronryp,60,0,0
2026-05-10,DT,Delft,276,16,7
2026-05-10,DTC,Doetinchem,64,0,0
2026-05-10,DTCH,Doetinchem De Huet,68,0,0
2026-05-10,DTCP,Delft Campus,73,3,4
2026-05-10,DUISB,Duisburg Hbf,1,0,0
2026-05-10,DUSSEL,Düsseldorf Hbf,24,0,0
2026-05-10,DV,Deventer,210,6,5
2026-05-10,DVC,Deventer Colmschate,34,0,0
2026-05-10,DVD,Duivendrecht,260,16,10
2026-05-10,DVN,Duiven,68,0,0
2026-05-10,DVNK,De Vink,77,0,0
2026-05-10,DWE,De Westereen,38,0,0
2026-05-10,DZ,Delfzijl,19,0,0
2026-05-10,DZW,Delfzijl West,38,0,0
2026-05-10,EABG,Altenberge,21,0,11
2026-05-10,EAHS,Ahaus,20,3,8
2026-05-10,EBEO,Bönen,22,0,0
2026-05-10,EBFT,Steinfurt-Burgsteinfurt,21,2,11
2026-05-10,EBGO,Steinfurt-Borghorst,21,2,11
2026-05-10,EBOK,Bork (Westf),17,1,10
2026-05-10,EC,Echt,68,2,0
2026-05-10,ECMF,Coesfeld (Westf),18,5,9
2026-05-10,ED,Ede-Wageningen,174,0,0
2026-05-10,EDC,Ede Centrum,68,0,0
2026-05-10,EDD,Dortmund-Derne,17,0,10
2026-05-10,EDKD,Dortmund-Kirchderne,17,0,10
2026-05-10,EDN,Eijsden,34,1,32
2026-05-10,EDO,Dortmund Hbf,5,1,9
2026-05-10,EDULH,Dülmen,17,3,10
2026-05-10,EEM,Eemshaven,14,0,0
2026-05-10,EENP,Ennepetal,12,0,0
2026-05-10,EEPE,Epe (Westf),20,3,8
2026-05-10,EGH,Eygelshoven,70,1,0
2026-05-10,EGHM,Eygelshoven Markt,48,1,34
2026-05-10,EGRK,Steinfurt-Grottenkamp,21,2,11
2026-05-10,EHS,Eindhoven Strijp-S,129,3,1
2026-05-10,EHV,Eindhoven Centraal,283,11,3
2026-05-10,EHW,Rosendahl-Holtwick,20,3,8
2026-05-10,EHZW,Holzwickede,22,0,0
2026-05-10,EKZ,Enkhuizen,33,0,0
2026-05-10,EL,Emmerich-Elten,37,0,0
2026-05-10,ELDH,Lüdinghausen,17,1,10
2026-05-10,ELET,Lette (Kr Coesfeld),17,4,10
2026-05-10,ELGD,Legden,20,2,8
2026-05-10,ELUE,Lünen Hbf,17,1,10
2026-05-10,EM,Emmerich,56,0,0
2026-05-10,EML,Ermelo,67,0,0
2026-05-10,EMN,Emmen,31,1,0
2026-05-10,EMNZ,Emmen Zuid,62,1,0
2026-05-10,EMTE,Metelen Land,21,2,11
2026-05-10,ENBE,Münster-Häger,21,0,11
2026-05-10,ENHF,Münster (W) Zentrum Nord,21,0,11
2026-05-10,ENOW,Nordwalde,21,2,11
2026-05-10,EOP,Ochtrup,21,3,11
2026-05-10,EPRN,Preussen,17,1,10
2026-05-10,ES,Enschede,84,3,24
2026-05-10,ESE,Enschede De Eschmarke,41,2,47
2026-05-10,ESEB,Selm-Beifang,17,1,10
2026-05-10,ESEM,Selm,17,1,10
2026-05-10,ESK,Enschede Kennispark,92,2,0
2026-05-10,ESN,Essen,33,0,0
2026-05-10,ESRT,Schwerte (Ruhr),22,0,0
2026-05-10,EST,Elst,97,3,0
2026-05-10,ETN,Etten-Leur,70,3,5
2026-05-10,EUN,Unna,22,0,0
2026-05-10,FBNL,Brussels Airport-Zaventem,27,0,5
2026-05-10,FFFM,Frankfurt (M) Hbf,6,0,0
2026-05-10,FKTH,Kalmthout,33,0,0
2026-05-10,FKW,Kassel-Wilhelmshöhe,2,0,0
2026-05-10,FMZ,Mainz Hbf,2,0,0
2026-05-10,FN,Franeker,60,0,0
2026-05-10,FNAF,Frankfurt Flughafen Fernb,15,2,0
2026-05-10,FNZD,Antwerpen-Zuid,30,0,0
2026-05-10,FRP,Puurs,15,0,0
2026-05-10,FVS,Visé,34,0,32
2026-05-10,FWD,Feanwâlden,70,0,0
2026-05-10,G,Gronau (Westf.),55,5,23
2026-05-10,GBG,Gramsbergen,33,1,0
2026-05-10,GBR,Glanerbrug,41,2,47
2026-05-10,GD,Gouda,280,9,12
2026-05-10,GDG,Gouda Goverwelle,140,4,10
2026-05-10,GDM,Geldermalsen,166,1,3
2026-05-10,GDR,Gaanderen,61,0,0
2026-05-10,GERP,Groningen Europapark,187,4,0
2026-05-10,GK,Grijpskerk,38,0,0
2026-05-10,GKT,Kijkuit,33,0,0
2026-05-10,GLN,Geleen Oost,70,0,0
2026-05-10,GN,Groningen,214,3,1
2026-05-10,GND,Hardinxveld-Giessendam,75,0,0
2026-05-10,GNN,Groningen Noord,76,0,0
2026-05-10,GO,Goor,47,0,2
2026-05-10,GP,Geldrop,34,0,0
2026-05-10,GR,Gorinchem,67,0,0
2026-05-10,GS,Goes,66,2,4
2026-05-10,GSB,Berlin Gesundbrunnen,1,0,0
2026-05-10,GV,Den Haag HS,276,16,8
2026-05-10,GVC,Den Haag Centraal,198,15,9
2026-05-10,GVM,Den Haag Mariahoeve,77,0,0
2026-05-10,GVMW,Den Haag Moerwijk,73,4,4
2026-05-10,GW,Grou-Jirnsum,33,0,4
2026-05-10,GWD,Wildert,33,0,0
2026-05-10,GZ,Gilze-Rijen,62,2,8
2026-05-10,HAD,Heemstede-Aerdenhout,181,8,1
2026-05-10,HAGEN,Hagen Hbf,23,0,0
2026-05-10,HAMM,Hamm (Westf.),12,0,0
2026-05-10,HANN,Hannover Hbf,15,5,0
2026-05-10,HB,Hoensbroek,70,0,0
2026-05-10,HBZM,Hardinxveld Blauwe Zoom,61,0,0
2026-05-10,HD,Harderwijk,67,1,0
2026-05-10,HDB,Hardenberg,77,2,0
2026-05-10,HDE,'t Harde,67,0,0
2026-05-10,HDG,Hurdegaryp,38,0,0
2026-05-10,HDR,Den Helder,35,2,4
2026-05-10,HDRZ,Den Helder Zuid,71,2,7
2026-05-10,HFD,Hoofddorp,254,7,1
2026-05-10,HGL,Hengelo,213,5,2
2026-05-10,HGLG,Hengelo Gezondheidspark,48,0,2
2026-05-10,HGLO,Hengelo Oost,48,0,2
2026-05-10,HGV,Hoogeveen,62,4,0
2026-05-10,HGZ,Hoogezand-Sappemeer,76,1,0
2026-05-10,HIL,Hillegom,63,1,0
2026-05-10,HK,Heemskerk,75,0,0
2026-05-10,HKS,Hoogkarspel,66,0,0
2026-05-10,HLG,Harlingen,60,0,0
2026-05-10,HLGH,Harlingen Haven,30,0,0
2026-05-10,HLM,Haarlem,298,6,3
2026-05-10,HLMS,Haarlem Spaarnwoude,138,0,2
2026-05-10,HLO,Heiloo,135,2,29
2026-05-10,HM,Helmond,106,9,2
2026-05-10,HMBH,Helmond Brouwhuis,36,5,1
2026-05-10,HMBV,Helmond Brandevoort,36,5,1
2026-05-10,HMH,Helmond 't Hout,36,5,1
2026-05-10,HMN,Hemmen-Dodewaard,30,0,0
2026-05-10,HN,Hoorn,167,0,6
2026-05-10,HNK,Hoorn Kersenboogerd,99,0,0
2026-05-10,HNO,Heino,66,0,0
2026-05-10,HNP,Hindeloopen,30,0,0
2026-05-10,HOHT,Osnabrück Altstadt,32,6,0
2026-05-10,HON,Holten,34,0,0
2026-05-10,HOR,Hollandsche Rading,74,0,0
2026-05-10,HR,Heerenveen,99,1,3
2026-05-10,HRL,Heerlen,175,4,34
2026-05-10,HRLW,Heerlen Woonboulevard,72,0,0
2026-05-10,HRN,Haren,63,5,0
2026-05-10,HRT,Horst-Sevenum,70,6,1
2026-05-10,HT,'s-Hertogenbosch,338,23,18
2026-05-10,HTN,Houten,137,2,3
2026-05-10,HTNC,Houten Castellum,137,1,3
2026-05-10,HTO,'s-Hertogenbosch Oost,62,5,10
2026-05-10,HVL,Hoevelaken,68,0,0
2026-05-10,HVS,Hilversum,329,7,9
2026-05-10,HVSM,Hilversum Media Park,115,2,2
2026-05-10,HVSP,Hilversum Sportpark,74,1,0
2026-05-10,HWD,Heerhugowaard,138,5,17
2026-05-10,HWZB,Halfweg-Zwanenburg,138,1,2
2026-05-10,HZ,Herzogenrath,48,1,34
2026-05-10,HZE,Heeze,34,0,0
2026-05-10,IJT,IJlst,30,0,0
2026-05-10,INNSB,Innsbruck Hbf,1,0,0
2026-05-10,JENBAC,Jenbach,1,0,0
2026-05-10,KARLSR,Karlsruhe Hbf,1,0,0
2026-05-10,KBB,Bonn-Beuel,2,0,0
2026-05-10,KBD,Krabbendijke,66,2,4
2026-05-10,KBK,Klarenbeek,34,0,0
2026-05-10,KBOI,Boisheim,56,3,0
2026-05-10,KBRY,Breyell,56,2,0
2026-05-10,KDBI,Düsseldorf-Bilk,24,0,0
2026-05-10,KDUL,Dülken,56,3,0
2026-05-10,KKO,Koblenz Hbf,2,0,0
2026-05-10,KLP,Veenendaal-De Klomp,137,0,0
2026-05-10,KMA,Krommenie-Assendelft,101,5,13
2026-05-10,KMR,Klimmen-Ransdaal,72,0,0
2026-05-10,KMW,Koudum-Molkwerum,30,0,0
2026-05-10,KN,Kaldenkirchen,56,2,0
2026-05-10,KOLN,Köln Hbf,16,4,0
2026-05-10,KPN,Kampen,35,2,0
2026-05-10,KPNZ,Kampen Zuid,61,2,0
2026-05-10,KRD,Kerkrade Centrum,35,1,0
2026-05-10,KRG,Kruiningen-Yerseke,66,2,4
2026-05-10,KSB,Siegburg/Bonn,14,3,0
2026-05-10,KSWE,Schwelm,12,0,0
2026-05-10,KTR,Kesteren,30,0,0
2026-05-10,KUFST,Kufstein,1,0,0
2026-05-10,KW,Kropswolde,76,1,0
2026-05-10,KWBA,Wuppertal-Barmen,23,0,0
2026-05-10,KWO,Wuppertal-Oberbarmen,23,0,0
2026-05-10,KZ,Koog aan de Zaan,104,6,10
2026-05-10,LAA,Den Haag Laan v NOI,207,5,1
2026-05-10,LC,Lochem,46,0,2
2026-05-10,LDL,Leiden Lammenschans,70,0,1
2026-05-10,LDM,Leerdam,60,0,0
2026-05-10,LEDN,Leiden Centraal,284,12,5
2026-05-10,LEER,Leer (Ostfriesl),23,0,0
2026-05-10,LG,Landgraaf,118,4,34
2026-05-10,LILLEE,Lille Europe,7,1,0
2026-05-10,LKP,Kapellen,33,0,0
2026-05-10,LKR,Ekeren,33,0,0
2026-05-10,LLS,Lelystad Centrum,136,8,4
2026-05-10,LLZM,Lansingerland-Zoetermeer,70,0,0
2026-05-10,LP,Loppersum,38,0,0
2026-05-10,LTN,Lunteren,68,0,0
2026-05-10,LTV,Lichtenvoorde-Groenlo,50,0,0
2026-05-10,LUIK,Liège-Guillemins,17,0,17
2026-05-10,LUT,Geleen-Lutterade,70,2,0
2026-05-10,LW,Leeuwarden,126,3,6
2026-05-10,LWC,Leeuwarden Camminghaburen,38,1,0
2026-05-10,MA,Augsburg Hbf,2,0,0
2026-05-10,MANNHE,Mannheim Hbf,3,0,0
2026-05-10,MARIA,Sint-Mariaburg,33,0,0
2026-05-10,MARNE,Marne-la-Vallée-Chessy,2,0,0
2026-05-10,MAS,Maarssen,72,1,0
2026-05-10,MCGB,Mönchengladbach Hbf,57,5,0
2026-05-10,MDB,Middelburg,66,1,4
2026-05-10,MECH,Mechelen,27,0,5
2026-05-10,MES,Meerssen,118,2,34
2026-05-10,MG,Mantgum,34,0,0
2026-05-10,MID,Heide (B),33,0,0
2026-05-10,MMLH,Mook-Molenhoek,71,0,0
2026-05-10,MOP,München Ost,1,0,0
2026-05-10,MP,Meppel,161,8,3
2026-05-10,MRB,Mariënberg,93,2,0
2026-05-10,MRN,Maarn,69,0,0
2026-05-10,MT,Maastricht,214,7,34
2026-05-10,MTH,Martenshoek,76,1,0
2026-05-10,MTN,Maastricht Noord,72,0,0
2026-05-10,MTR,Maastricht Randwyck,104,1,33
2026-05-10,MUNCHH,München Hbf,2,0,0
2026-05-10,MUNST,Münster (Westf) Hbf,6,0,11
2026-05-10,MZ,Maarheeze,34,0,0
2026-05-10,NA,Nieuw Amsterdam,62,1,0
2026-05-10,NDB,Naarden-Bussum,180,3,8
2026-05-10,NDKP,Noorderkempen,25,1,7
2026-05-10,NEUSS,Neuss Hbf,24,0,0
2026-05-10,NH,Nuth,70,0,0
2026-05-10,NKK,Nijkerk,103,0,0
2026-05-10,NM,Nijmegen,221,5,12
2026-05-10,NMD,Nijmegen Dukenburg,62,6,10
2026-05-10,NMGO,Nijmegen Goffert,62,5,10
2026-05-10,NMH,Nijmegen Heyendaal,107,0,0
2026-05-10,NML,Nijmegen Lent,64,3,0
2026-05-10,NS,Nunspeet,67,0,0
2026-05-10,NSCH,Bad Nieuweschans,34,1,0
2026-05-10,NURNB,Nürnberg Hbf,1,0,0
2026-05-10,NVD,Nijverdal,66,0,0
2026-05-10,NVP,Nieuw Vennep,76,6,0
2026-05-10,NWK,Nieuwerkerk a/d IJssel,70,4,8
2026-05-10,O,Oss,126,8,17
2026-05-10,OBD,Obdam,66,1,11
2026-05-10,OBERH,Oberhausen Hbf,28,0,0
2026-05-10,ODB,Oudenbosch,37,3,0
2026-05-10,ODZ,Oldenzaal,57,4,1
2026-05-10,OMN,Ommen,62,2,0
2026-05-10,OP,Opheusden,30,0,0
2026-05-10,OSNH,Osnabrück Hbf,48,9,0
2026-05-10,OST,Olst,68,3,5
2026-05-10,OT,Oisterwijk,60,0,0
2026-05-10,OTB,Oosterbeek,72,0,0
2026-05-10,OVN,Overveen,68,0,0
2026-05-10,OW,Oss West,62,4,10
2026-05-10,PARIS,Paris-Nord,10,0,0
2026-05-10,PMO,Purmerend Overwhere,70,0,0
2026-05-10,PMR,Purmerend,70,0,0
2026-05-10,PMW,Purmerend Weidevenne,70,0,0
2026-05-10,PT,Putten,69,0,0
2026-05-10,RAI,Amsterdam RAI,122,5,0
2026-05-10,RAT,Raalte,66,0,0
2026-05-10,RB,Rilland-Bath,66,2,4
2026-05-10,RBB,Baden-Baden,1,0,0
2026-05-10,RD,Roodeschool,33,0,0
2026-05-10,RF,Freiburg (Breisgau) Hbf,1,0,0
2026-05-10,RH,Rheden,35,1,0
2026-05-10,RHEINE,Rheine,48,10,0
2026-05-10,RHN,Rhenen,34,0,0
2026-05-10,RL,Ruurlo,50,0,0
2026-05-10,RLB,Rotterdam Lombardijen,75,3,2
2026-05-10,RM,Roermond,164,4,0
2026-05-10,RO,Offenburg,1,0,0
2026-05-10,ROSENH,Rosenheim,1,0,0
2026-05-10,RS,Rosmalen,62,4,10
2026-05-10,RSD,Roosendaal,147,11,4
2026-05-10,RSN,Rijssen,34,0,0
2026-05-10,RSW,Rijswijk,73,4,4
2026-05-10,RTA,Rotterdam Alexander,176,11,11
2026-05-10,RTB,Rotterdam Blaak,202,14,4
2026-05-10,RTD,Rotterdam Centraal,500,44,27
2026-05-10,RTN,Rotterdam Noord,70,5,8
2026-05-10,RTST,Rotterdam Stadion,24,5,1
2026-05-10,RTZ,Rotterdam Zuid,73,5,2
2026-05-10,RV,Reuver,68,1,0
2026-05-10,RVS,Ravenstein,62,5,10
2026-05-10,SBK,Spaubeek,70,0,0
2026-05-10,SD,Soestdijk,64,6,2
2026-05-10,SDA,Scheemda,68,1,0
2026-05-10,SDM,Schiedam Centrum,199,9,4
2026-05-10,SDT,Sliedrecht,75,0,0
2026-05-10,SDTB,Sliedrecht Baanhoek,75,0,0
2026-05-10,SGL,Houthem-St. Gerlach,72,0,0
2026-05-10,SGN,Schagen,71,2,7
2026-05-10,SHL,Schiphol Airport,767,37,17
2026-05-10,SK,Sneek,32,0,0
2026-05-10,SKND,Sneek Noord,34,0,0
2026-05-10,SM,Swalmen,68,1,0
2026-05-10,SN,Schinnen,70,0,0
2026-05-10,SOG,Schin op Geul,72,0,0
2026-05-10,SPTN,Santpoort Noord,71,0,2
2026-05-10,SPTZ,Santpoort Zuid,71,0,2
2026-05-10,SRN,Susteren,68,2,0
2026-05-10,SSH,Sassenheim,76,5,0
2026-05-10,ST,Soest,64,3,2
2026-05-10,STD,Sittard,207,7,0
2026-05-10,STM,Stedum,38,0,0
2026-05-10,STP,London St. Pancras Int.,4,1,0
2026-05-10,STV,Stavoren,15,0,0
2026-05-10,STZ,Soest Zuid,64,2,2
2026-05-10,SWD,Sauwerd,76,0,0
2026-05-10,SWK,Steenwijk,99,1,3
2026-05-10,TB,Tilburg,258,15,16
2026-05-10,TBG,Terborg,61,0,0
2026-05-10,TBR,Tilburg Reeshof,62,2,8
2026-05-10,TBU,Tilburg Universiteit,91,1,9
2026-05-10,TG,Tegelen,68,2,0
2026-05-10,TL,Tiel,50,1,1
2026-05-10,TPSW,Tiel Passewaaij,68,2,1
2026-05-10,TS,Stuttgart Hbf,2,0,0
2026-05-10,TU,Ulm Hbf,2,0,0
2026-05-10,TWL,Twello,34,0,0
2026-05-10,UHM,Uithuizermeeden,38,0,0
2026-05-10,UHZ,Uithuizen,38,0,0
2026-05-10,UST,Usquert,38,0,0
2026-05-10,UT,Utrecht Centraal,685,19,18
2026-05-10,UTG,Uitgeest,128,3,14
2026-05-10,UTLN,Utrecht Lunetten,137,2,3
2026-05-10,UTLR,Utrecht Leidsche Rijn,69,2,2
2026-05-10,UTM,Utrecht Maliebaan,8,0,0
2026-05-10,UTO,Utrecht Overvecht,221,1,2
2026-05-10,UTT,Utrecht Terwijde,69,2,2
2026-05-10,UTVR,Utrecht Vaartsche Rijn,137,2,3
2026-05-10,UTZL,Utrecht Zuilen,71,1,0
2026-05-10,VB,Voorburg,70,0,0
2026-05-10,VD,Vorden,50,0,0
2026-05-10,VDL,Voerendaal,72,0,0
2026-05-10,VDM,Veendam,19,0,0
2026-05-10,VEM,Voorst-Empe,34,0,0
2026-05-10,VG,Vught,69,2,1
2026-05-10,VH,Voorhout,63,0,0
2026-05-10,VHP,Vroomshoop,32,0,1
2026-05-10,VIERS,Viersen,56,1,0
2026-05-10,VK,Valkenburg,118,2,34
2026-05-10,VL,Venlo,154,10,1
2026-05-10,VLB,Vierlingsbeek,72,0,0
2026-05-10,VNDC,Veenendaal Centrum,69,0,0
2026-05-10,VNDW,Veenendaal West,69,0,0
2026-05-10,VP,Velp,35,1,0
2026-05-10,VRY,Venray,72,0,0
2026-05-10,VS,Vlissingen,32,0,2
2026-05-10,VSS,Vlissingen Souburg,66,0,4
2026-05-10,VST,Voorschoten,77,0,0
2026-05-10,VSV,Varsseveld,61,0,0
2026-05-10,VTN,Vleuten,69,1,2
2026-05-10,VZ,Vriezenveen,32,0,1
2026-05-10,WAD,Waddinxveen,68,0,2
2026-05-10,WADN,Waddinxveen Noord,68,0,2
2026-05-10,WADT,Waddinxveen Triangel,68,0,2
2026-05-10,WC,Wijchen,62,5,10
2026-05-10,WD,Woerden,208,4,11
2026-05-10,WDN,Wierden,100,1,0
2026-05-10,WESEL,Wesel,56,0,0
2026-05-10,WF,Wolfheze,72,0,0
2026-05-10,WFM,Warffum,38,0,0
2026-05-10,WH,Wijhe,68,3,5
2026-05-10,WK,Workum,30,0,0
2026-05-10,WL,Wehl,68,0,0
2026-05-10,WM,Wormerveer,102,5,12
2026-05-10,WORGL,Wörgl Hbf,1,0,0
2026-05-10,WP,Weesp,231,7,3
2026-05-10,WR,Weener,32,0,0
2026-05-10,WS,Winschoten,52,2,0
2026-05-10,WSM,Winsum,38,0,0
2026-05-10,WT,Weert,113,3,0
2026-05-10,WTV,Westervoort,68,0,0
2026-05-10,WUPPH,Wuppertal Hbf,23,0,0
2026-05-10,WUPPV,Wuppertal-Vohwinkel,23,0,0
2026-05-10,WURZB,Würzburg Hbf,2,0,0
2026-05-10,WV,Wolvega,36,0,0
2026-05-10,WW,Winterswijk,56,0,0
2026-05-10,WWW,Winterswijk West,50,0,0
2026-05-10,WZ,Wezep,67,0,0
2026-05-10,YPB,Den Haag Ypenburg,70,0,0
2026-05-10,ZA,Zetten-Andelst,30,0,0
2026-05-10,ZB,Zuidbroek,76,1,0
2026-05-10,ZBM,Zaltbommel,68,0,2
2026-05-10,ZD,Zaandam,284,9,23
2026-05-10,ZDK,Zaandam Kogerveld,70,0,0
2026-05-10,ZH,Zuidhorn,40,0,0
2026-05-10,ZL,Zwolle,376,11,10
2026-05-10,ZLSH,Zwolle Stadshagen,70,4,0
2026-05-10,ZLW,Lage Zwaluwe,98,5,8
2026-05-10,ZP,Zutphen,167,2,6
2026-05-10,ZTM,Zoetermeer,70,0,0
2026-05-10,ZTMO,Zoetermeer Oost,70,0,0
2026-05-10,ZUE,Zürich HB,1,0,0
2026-05-10,ZV,Zevenaar,105,1,0
2026-05-10,ZVB,Zevenbergen,37,3,0
2026-05-10,ZVT,Zandvoort aan Zee,37,0,0
2026-05-10,ZWD,Zwijndrecht,75,3,2
2026-05-10,ZZS,Zaandijk Zaanse Schans,104,7,10
2026-05-11,AC,Abcoude,115,4,5
2026-05-11,AH,Arnhem Centraal,502,19,12
2026-05-11,AHAR,Hamburg-Harburg,1,0,0
2026-05-11,AHBF,Aachen Hbf,31,0,1
2026-05-11,AHP,Arnhem Velperpoort,203,5,1
2026-05-11,AHPR,Arnhem Presikhaaf,72,3,0
2026-05-11,AHZ,Arnhem Zuid,124,3,1
2026-05-11,AKL,Arkel,70,6,2
2026-05-11,AKM,Akkrum,68,1,0
2026-05-11,ALM,Almere Centrum,334,7,4
2026-05-11,ALMB,Almere Buiten,186,3,2
2026-05-11,ALMM,Almere Muziekwijk,204,3,7
2026-05-11,ALMO,Almere Oostvaarders,107,3,2
2026-05-11,ALMP,Almere Parkwijk,135,2,2
2026-05-11,AMF,Amersfoort Centraal,510,12,8
2026-05-11,AMFS,Amersfoort Schothorst,171,6,5
2026-05-11,AML,Almelo,253,3,3
2026-05-11,AMPO,Almere Poort,204,4,7
2026-05-11,AMR,Alkmaar,175,6,6
2026-05-11,AMRI,Almelo de Riet,95,0,0
2026-05-11,AMRN,Alkmaar Noord,142,8,8
2026-05-11,ANA,Anna Paulowna,80,2,2
2026-05-11,ANDD,Antwerpen-Noorderdokken,35,1,0
2026-05-11,APD,Apeldoorn,204,3,1
2026-05-11,APDM,Apeldoorn De Maten,64,0,0
2026-05-11,APDO,Apeldoorn Osseveld,74,1,0
2026-05-11,APG,Appingedam,72,0,0
2026-05-11,APN,Alphen a/d Rijn,171,0,1
2026-05-11,ARN,Arnemuiden,72,11,12
2026-05-11,ASA,Amsterdam Amstel,312,7,7
2026-05-11,ASB,Amsterdam Bijlmer ArenA,318,4,10
2026-05-11,ASD,Amsterdam Centraal,765,37,16
2026-05-11,ASDL,Amsterdam Lelylaan,342,3,3
2026-05-11,ASDM,Amsterdam Muiderpoort,255,11,8
2026-05-11,ASDZ,Amsterdam Zuid,540,8,15
2026-05-11,ASHD,Amsterdam Holendrecht,115,4,5
2026-05-11,ASN,Assen,162,4,1
2026-05-11,ASS,Amsterdam Sloterdijk,948,25,18
2026-05-11,ASSP,Amsterdam Science Park,135,7,2
2026-05-11,ATN,Aalten,73,1,1
2026-05-11,ATW,Antwerpen-Centraal,123,15,2
2026-05-11,ATWLB,Antwerpen-Luchtbal,35,2,0
2026-05-11,AVAT,Amersfoort Vathorst,105,2,1
2026-05-11,AW,Aachen West,62,1,2
2026-05-11,BADENZ,Baden (CH),1,0,0
2026-05-11,BASELB,Basel Bad Bf,1,0,0
2026-05-11,BASELS,Basel SBB,1,0,0
2026-05-11,BD,Breda,272,23,24
2026-05-11,BDE,Bunde,76,0,0
2026-05-11,BDG,Bodegraven,107,0,0
2026-05-11,BDM,Bedum,72,0,0
2026-05-11,BDPB,Breda-Prinsenbeek,71,4,2
2026-05-11,BERCH,Antwerpen-Berchem,64,4,2
2026-05-11,BERHBL,Berlin Hbf,1,0,0
2026-05-11,BERHBT,Berlin Hbf,12,4,0
2026-05-11,BET,Best,148,4,0
2026-05-11,BF,Baflo,74,0,2
2026-05-11,BGN,Bergen op Zoom,99,17,18
2026-05-11,BH,Bad Bentheim,55,14,1
2026-05-11,BHDV,Boven-Hardinxveld,129,37,6
2026-05-11,BHF,Berlin Ostbahnhof,6,5,0
2026-05-11,BHV,Bilthoven,145,3,0
2026-05-11,BIELEF,Bielefeld Hbf,18,0,0
2026-05-11,BK,Beek-Elsloo,75,0,0
2026-05-11,BKF,Bovenkarspel Flora,79,1,0
2026-05-11,BKG,Bovenkarspel-Grootebroek,79,1,0
2026-05-11,BKL,Breukelen,153,8,5
2026-05-11,BL,Beilen,74,1,0
2026-05-11,BLL,Bloemendaal,77,1,2
2026-05-11,BMN,Brummen,72,1,0
2026-05-11,BMR,Boxmeer,103,4,9
2026-05-11,BN,Borne,95,0,0
2026-05-11,BNC,Barneveld Centrum,136,1,1
2026-05-11,BNK,Bunnik,103,3,2
2026-05-11,BNN,Barneveld Noord,137,1,0
2026-05-11,BNZ,Barneveld Zuid,106,2,1
2026-05-11,BP,Buitenpost,105,7,0
2026-05-11,BR,Blerick,151,15,4
2026-05-11,BRD,Barendrecht,185,1,2
2026-05-11,BREMEN,Bremen Hbf,2,0,0
2026-05-11,BRESSX,Bressoux,38,0,0
2026-05-11,BRN,Baarn,113,0,0
2026-05-11,BRUSC,Brussel-Centraal,30,3,2
2026-05-11,BRUSN,Brussel-Noord,31,3,2
2026-05-11,BRUSZ,Brussel-Zuid,65,12,1
2026-05-11,BSD,Beesd,70,1,2
2026-05-11,BSK,Boskoop,128,0,2
2026-05-11,BSKS,Boskoop Snijdelwijk,128,0,2
2026-05-11,BSMZ,Bussum Zuid,135,3,5
2026-05-11,BSPD,Berlin-Spandau,2,0,10
2026-05-11,BTL,Boxtel,148,4,0
2026-05-11,BUENDE,Bünde (Westf),49,17,0
2026-05-11,BV,Beverwijk,77,1,1
2026-05-11,BZL,Kapelle-Biezelinge,70,11,14
2026-05-11,CAS,Castricum,205,10,3
2026-05-11,CK,Cuijk,105,8,7
2026-05-11,CL,Culemborg,152,1,0
2026-05-11,CO,Coevorden,85,2,4
2026-05-11,CPS,Capelle Schollevaar,78,6,2
2026-05-11,CVM,Chevremont,76,0,0
2026-05-11,DA,Daarlerveen,52,0,4
2026-05-11,DB,Driebergen-Zeist,163,6,3
2026-05-11,DDN,Delden,73,0,0
2026-05-11,DDR,Dordrecht,335,32,13
2026-05-11,DDRS,Dordrecht Stadspolders,131,33,4
2026-05-11,DDZD,Dordrecht Zuid,140,6,2
2026-05-11,DEI,Deinum,68,0,0
2026-05-11,DID,Didam,131,0,1
2026-05-11,DL,Dalfsen,91,3,5
2026-05-11,DLD,Den Dolder,145,2,0
2026-05-11,DLN,Dalen,45,4,2
2026-05-11,DMN,Diemen,135,6,2
2026-05-11,DMNZ,Diemen Zuid,135,0,4
2026-05-11,DN,Deurne,107,6,2
2026-05-11,DR,Dieren,146,5,9
2026-05-11,DRH,Driehuis,77,1,2
2026-05-11,DRON,Dronten,72,4,0
2026-05-11,DRP,Dronryp,68,0,0
2026-05-11,DT,Delft,452,23,17
2026-05-11,DTC,Doetinchem,102,0,1
2026-05-11,DTCH,Doetinchem De Huet,131,0,1
2026-05-11,DTCP,Delft Campus,184,3,2
2026-05-11,DUISB,Duisburg Hbf,1,0,0
2026-05-11,DUSSEL,Düsseldorf Hbf,1,0,0
2026-05-11,DV,Deventer,266,11,10
2026-05-11,DVC,Deventer Colmschate,74,2,0
2026-05-11,DVD,Duivendrecht,352,11,16
2026-05-11,DVN,Duiven,135,1,1
2026-05-11,DVNK,De Vink,133,2,2
2026-05-11,DWE,De Westereen,71,9,0
2026-05-11,DZ,Delfzijl,36,0,0
2026-05-11,DZW,Delfzijl West,72,0,0
2026-05-11,EABG,Altenberge,32,9,4
2026-05-11,EAHS,Ahaus,29,2,4
2026-05-11,EBFT,Steinfurt-Burgsteinfurt,32,15,4
2026-05-11,EBGO,Steinfurt-Borghorst,32,16,4
2026-05-11,EBOK,Bork (Westf),28,5,4
2026-05-11,EC,Echt,74,2,0
2026-05-11,ECMF,Coesfeld (Westf),28,5,4
2026-05-11,ED,Ede-Wageningen,259,7,4
2026-05-11,EDC,Ede Centrum,76,1,0
2026-05-11,EDD,Dortmund-Derne,28,7,4
2026-05-11,EDKD,Dortmund-Kirchderne,28,7,4
2026-05-11,EDN,Eijsden,38,1,0
2026-05-11,EDO,Dortmund Hbf,12,3,4
2026-05-11,EDULH,Dülmen,28,5,4
2026-05-11,EEM,Eemshaven,29,0,0
2026-05-11,EEPE,Epe (Westf),29,1,4
2026-05-11,EGH,Eygelshoven,76,0,0
2026-05-11,EGHM,Eygelshoven Markt,61,1,2
2026-05-11,EGRK,Steinfurt-Grottenkamp,32,14,4
2026-05-11,EHS,Eindhoven Strijp-S,148,3,0
2026-05-11,EHV,Eindhoven Centraal,376,18,5
2026-05-11,EHW,Rosendahl-Holtwick,29,2,4
2026-05-11,EKZ,Enkhuizen,39,1,0
2026-05-11,EL,Emmerich-Elten,38,0,0
2026-05-11,ELDH,Lüdinghausen,28,3,4
2026-05-11,ELET,Lette (Kr Coesfeld),28,4,4
2026-05-11,ELGD,Legden,29,2,4
2026-05-11,ELUE,Lünen Hbf,28,9,4
2026-05-11,EM,Emmerich,63,0,0
2026-05-11,EML,Ermelo,74,1,0
2026-05-11,EMN,Emmen,41,2,0
2026-05-11,EMNZ,Emmen Zuid,81,4,1
2026-05-11,EMTE,Metelen Land,32,12,4
2026-05-11,ENBE,Münster-Häger,32,7,4
2026-05-11,ENHF,Münster (W) Zentrum Nord,32,7,4
2026-05-11,ENOW,Nordwalde,32,13,4
2026-05-11,EOP,Ochtrup,32,11,4
2026-05-11,EPRN,Preussen,28,7,4
2026-05-11,ES,Enschede,128,8,12
2026-05-11,ESE,Enschede De Eschmarke,50,5,24
2026-05-11,ESEB,Selm-Beifang,28,5,4
2026-05-11,ESEM,Selm,28,6,4
2026-05-11,ESK,Enschede Kennispark,96,0,0
2026-05-11,ESN,Essen,35,1,0
2026-05-11,EST,Elst,191,6,1
2026-05-11,ETN,Etten-Leur,72,5,13
2026-05-11,FBNL,Brussels Airport-Zaventem,30,2,2
2026-05-11,FFFM,Frankfurt (M) Hbf,6,0,0
2026-05-11,FKTH,Kalmthout,35,1,0
2026-05-11,FKW,Kassel-Wilhelmshöhe,2,0,0
2026-05-11,FMZ,Mainz Hbf,2,0,0
2026-05-11,FN,Franeker,68,0,0
2026-05-11,FNAF,Frankfurt Flughafen Fernb,15,4,0
2026-05-11,FNZD,Antwerpen-Zuid,33,0,0
2026-05-11,FRP,Puurs,17,0,0
2026-05-11,FVS,Visé,38,0,0
2026-05-11,FWD,Feanwâlden,135,14,0
2026-05-11,G,Gronau (Westf.),61,10,12
2026-05-11,GBG,Gramsbergen,45,1,2
2026-05-11,GBR,Glanerbrug,50,5,24
2026-05-11,GD,Gouda,515,11,5
2026-05-11,GDG,Gouda Goverwelle,165,8,3
2026-05-11,GDM,Geldermalsen,187,3,1
2026-05-11,GDR,Gaanderen,73,0,1
2026-05-11,GERP,Groningen Europapark,332,9,8
2026-05-11,GK,Grijpskerk,71,6,0
2026-05-11,GKT,Kijkuit,35,1,0
2026-05-11,GLN,Geleen Oost,76,1,0
2026-05-11,GN,Groningen,372,14,6
2026-05-11,GND,Hardinxveld-Giessendam,130,48,5
2026-05-11,GNN,Groningen Noord,146,0,2
2026-05-11,GO,Goor,73,0,0
2026-05-11,GP,Geldrop,69,4,0
2026-05-11,GR,Gorinchem,99,18,4
2026-05-11,GS,Goes,98,13,18
2026-05-11,GV,Den Haag HS,452,25,22
2026-05-11,GVC,Den Haag Centraal,374,11,11
2026-05-11,GVM,Den Haag Mariahoeve,133,3,2
2026-05-11,GVMW,Den Haag Moerwijk,184,6,2
2026-05-11,GW,Grou-Jirnsum,68,1,0
2026-05-11,GWD,Wildert,35,1,0
2026-05-11,GZ,Gilze-Rijen,71,6,2
2026-05-11,HAD,Heemstede-Aerdenhout,214,4,8
2026-05-11,HAMM,Hamm (Westf.),2,0,0
2026-05-11,HANN,Hannover Hbf,14,8,0
2026-05-11,HB,Hoensbroek,76,0,0
2026-05-11,HBZM,Hardinxveld Blauwe Zoom,72,27,2
2026-05-11,HD,Harderwijk,77,1,0
2026-05-11,HDB,Hardenberg,115,3,7
2026-05-11,HDE,'t Harde,74,2,0
2026-05-11,HDG,Hurdegaryp,71,7,0
2026-05-11,HDR,Den Helder,40,0,0
2026-05-11,HDRZ,Den Helder Zuid,80,0,2
2026-05-11,HFD,Hoofddorp,305,2,6
2026-05-11,HGL,Hengelo,308,10,2
2026-05-11,HGLG,Hengelo Gezondheidspark,73,0,0
2026-05-11,HGLO,Hengelo Oost,76,0,0
2026-05-11,HGV,Hoogeveen,74,2,0
2026-05-11,HGZ,Hoogezand-Sappemeer,141,3,0
2026-05-11,HIL,Hillegom,74,1,1
2026-05-11,HK,Heemskerk,79,0,0
2026-05-11,HKS,Hoogkarspel,79,1,0
2026-05-11,HLG,Harlingen,68,0,0
2026-05-11,HLGH,Harlingen Haven,34,0,0
2026-05-11,HLM,Haarlem,329,6,10
2026-05-11,HLMS,Haarlem Spaarnwoude,153,3,1
2026-05-11,HLO,Heiloo,157,10,3
2026-05-11,HM,Helmond,142,7,2
2026-05-11,HMBH,Helmond Brouwhuis,70,4,0
2026-05-11,HMBV,Helmond Brandevoort,70,7,0
2026-05-11,HMH,Helmond 't Hout,70,5,0
2026-05-11,HMN,Hemmen-Dodewaard,66,0,0
2026-05-11,HN,Hoorn,185,1,3
2026-05-11,HNK,Hoorn Kersenboogerd,115,1,0
2026-05-11,HNO,Heino,76,0,0
2026-05-11,HNP,Hindeloopen,44,3,2
2026-05-11,HOHT,Osnabrück Altstadt,36,11,0
2026-05-11,HON,Holten,74,0,0
2026-05-11,HOR,Hollandsche Rading,81,0,3
2026-05-11,HR,Heerenveen,139,2,0
2026-05-11,HRL,Heerlen,210,7,1
2026-05-11,HRLW,Heerlen Woonboulevard,78,2,0
2026-05-11,HRN,Haren,98,2,2
2026-05-11,HRT,Horst-Sevenum,72,4,2
2026-05-11,HT,'s-Hertogenbosch,425,27,12
2026-05-11,HTN,Houten,153,1,0
2026-05-11,HTNC,Houten Castellum,153,1,0
2026-05-11,HTO,'s-Hertogenbosch Oost,76,7,0
2026-05-11,HVL,Hoevelaken,137,0,0
2026-05-11,HVS,Hilversum,353,5,15
2026-05-11,HVSM,Hilversum Media Park,135,2,5
2026-05-11,HVSP,Hilversum Sportpark,134,1,6
2026-05-11,HWD,Heerhugowaard,142,7,8
2026-05-11,HWZB,Halfweg-Zwanenburg,153,4,1
2026-05-11,HZ,Herzogenrath,62,1,2
2026-05-11,HZE,Heeze,69,4,0
2026-05-11,IJT,IJlst,44,4,2
2026-05-11,INNSB,Innsbruck Hbf,1,0,0
2026-05-11,JENBAC,Jenbach,1,0,0
2026-05-11,KARLSR,Karlsruhe Hbf,1,0,0
2026-05-11,KBB,Bonn-Beuel,2,0,0
2026-05-11,KBD,Krabbendijke,71,11,13
2026-05-11,KBK,Klarenbeek,64,0,0
2026-05-11,KBOI,Boisheim,36,0,0
2026-05-11,KBRY,Breyell,36,0,0
2026-05-11,KDUL,Dülken,36,0,0
2026-05-11,KKO,Koblenz Hbf,2,0,0
2026-05-11,KLP,Veenendaal-De Klomp,78,0,0
2026-05-11,KMA,Krommenie-Assendelft,114,2,6
2026-05-11,KMR,Klimmen-Ransdaal,78,1,0
2026-05-11,KMW,Koudum-Molkwerum,44,3,2
2026-05-11,KN,Kaldenkirchen,36,0,0
2026-05-11,KOLN,Köln Hbf,16,2,0
2026-05-11,KPN,Kampen,38,0,1
2026-05-11,KPNZ,Kampen Zuid,72,5,0
2026-05-11,KRD,Kerkrade Centrum,38,0,0
2026-05-11,KRG,Kruiningen-Yerseke,71,13,13
2026-05-11,KSB,Siegburg/Bonn,14,3,0
2026-05-11,KTR,Kesteren,66,1,0
2026-05-11,KUFST,Kufstein,1,0,0
2026-05-11,KW,Kropswolde,141,3,0
2026-05-11,KZ,Koog aan de Zaan,114,1,6
2026-05-11,LAA,Den Haag Laan v NOI,327,12,11
2026-05-11,LC,Lochem,72,0,0
2026-05-11,LDL,Leiden Lammenschans,108,0,0
2026-05-11,LDM,Leerdam,70,2,2
2026-05-11,LEDN,Leiden Centraal,565,4,15
2026-05-11,LEER,Leer (Ostfriesl),25,0,0
2026-05-11,LG,Landgraaf,137,12,2
2026-05-11,LILLEE,Lille Europe,7,1,0
2026-05-11,LKP,Kapellen,35,1,0
2026-05-11,LKR,Ekeren,35,1,0
2026-05-11,LLS,Lelystad Centrum,174,3,1
2026-05-11,LLZM,Lansingerland-Zoetermeer,99,0,1
2026-05-11,LP,Loppersum,72,0,0
2026-05-11,LTN,Lunteren,76,1,0
2026-05-11,LTV,Lichtenvoorde-Groenlo,71,0,0
2026-05-11,LUIK,Liège-Guillemins,19,0,0
2026-05-11,LUT,Geleen-Lutterade,76,0,0
2026-05-11,LW,Leeuwarden,207,13,2
2026-05-11,LWC,Leeuwarden Camminghaburen,70,10,1
2026-05-11,MA,Augsburg Hbf,2,0,0
2026-05-11,MANNHE,Mannheim Hbf,3,0,0
2026-05-11,MARIA,Sint-Mariaburg,35,1,0
2026-05-11,MAS,Maarssen,117,1,3
2026-05-11,MCGB,Mönchengladbach Hbf,49,7,0
2026-05-11,MDB,Middelburg,99,13,17
2026-05-11,MECH,Mechelen,30,3,2
2026-05-11,MES,Meerssen,140,7,0
2026-05-11,MG,Mantgum,67,3,1
2026-05-11,MID,Heide (B),35,1,0
2026-05-11,MMLH,Mook-Molenhoek,106,8,6
2026-05-11,MOP,München Ost,1,0,0
2026-05-11,MP,Meppel,213,7,0
2026-05-11,MRB,Mariënberg,124,2,6
2026-05-11,MRN,Maarn,73,3,1
2026-05-11,MT,Maastricht,241,7,0
2026-05-11,MTH,Martenshoek,141,3,0
2026-05-11,MTN,Maastricht Noord,78,2,0
2026-05-11,MTR,Maastricht Randwyck,115,1,0
2026-05-11,MUNCHH,München Hbf,2,0,0
2026-05-11,MUNST,Münster (Westf) Hbf,15,4,4
2026-05-11,MZ,Maarheeze,69,3,0
2026-05-11,NA,Nieuw Amsterdam,75,5,1
2026-05-11,NDB,Naarden-Bussum,205,5,9
2026-05-11,NDKP,Noorderkempen,30,5,2
2026-05-11,NEUSS,Neuss Hbf,2,0,0
2026-05-11,NH,Nuth,76,2,0
2026-05-11,NKK,Nijkerk,80,3,0
2026-05-11,NM,Nijmegen,317,15,15
2026-05-11,NMD,Nijmegen Dukenburg,120,3,2
2026-05-11,NMGO,Nijmegen Goffert,120,4,2
2026-05-11,NMH,Nijmegen Heyendaal,106,8,6
2026-05-11,NML,Nijmegen Lent,124,1,1
2026-05-11,NS,Nunspeet,74,2,0
2026-05-11,NSCH,Bad Nieuweschans,37,2,3
2026-05-11,NURNB,Nürnberg Hbf,1,0,0
2026-05-11,NVD,Nijverdal,104,0,0
2026-05-11,NVP,Nieuw Vennep,131,1,4
2026-05-11,NWK,Nieuwerkerk a/d IJssel,78,6,2
2026-05-11,O,Oss,147,13,10
2026-05-11,OBD,Obdam,62,1,6
2026-05-11,OBERH,Oberhausen Hbf,32,0,0
2026-05-11,ODB,Oudenbosch,69,1,0
2026-05-11,ODZ,Oldenzaal,73,6,2
2026-05-11,OMN,Ommen,91,3,5
2026-05-11,OP,Opheusden,66,0,0
2026-05-11,OSNH,Osnabrück Hbf,49,16,0
2026-05-11,OST,Olst,74,9,9
2026-05-11,OT,Oisterwijk,70,2,0
2026-05-11,OTB,Oosterbeek,68,1,0
2026-05-11,OVN,Overveen,76,2,0
2026-05-11,OW,Oss West,76,7,0
2026-05-11,PARIS,Paris-Nord,11,0,0
2026-05-11,PMO,Purmerend Overwhere,77,1,0
2026-05-11,PMR,Purmerend,81,1,0
2026-05-11,PMW,Purmerend Weidevenne,77,1,0
2026-05-11,PRAHA,Praha hl.n.,1,0,0
2026-05-11,PT,Putten,74,3,0
2026-05-11,RAI,Amsterdam RAI,139,0,4
2026-05-11,RAT,Raalte,104,0,0
2026-05-11,RB,Rilland-Bath,71,12,13
2026-05-11,RBB,Baden-Baden,1,0,0
2026-05-11,RD,Roodeschool,65,0,1
2026-05-11,RF,Freiburg (Breisgau) Hbf,1,0,0
2026-05-11,RH,Rheden,72,1,0
2026-05-11,RHEINE,Rheine,52,14,0
2026-05-11,RHN,Rhenen,37,3,0
2026-05-11,RL,Ruurlo,71,1,0
2026-05-11,RLB,Rotterdam Lombardijen,186,1,2
2026-05-11,RM,Roermond,201,6,4
2026-05-11,RO,Offenburg,1,0,0
2026-05-11,ROSENH,Rosenheim,1,0,0
2026-05-11,RS,Rosmalen,76,7,0
2026-05-11,RSD,Roosendaal,178,20,19
2026-05-11,RSN,Rijssen,74,1,0
2026-05-11,RSW,Rijswijk,184,5,2
2026-05-11,RTA,Rotterdam Alexander,219,8,2
2026-05-11,RTB,Rotterdam Blaak,324,7,12
2026-05-11,RTD,Rotterdam Centraal,701,45,25
2026-05-11,RTN,Rotterdam Noord,78,7,2
2026-05-11,RTZ,Rotterdam Zuid,186,1,2
2026-05-11,RV,Reuver,69,4,7
2026-05-11,RVS,Ravenstein,74,6,0
2026-05-11,SBK,Spaubeek,76,1,0
2026-05-11,SD,Soestdijk,70,0,0
2026-05-11,SDA,Scheemda,110,7,10
2026-05-11,SDM,Schiedam Centrum,378,13,11
2026-05-11,SDT,Sliedrecht,131,45,4
2026-05-11,SDTB,Sliedrecht Baanhoek,131,50,4
2026-05-11,SGL,Houthem-St. Gerlach,78,1,0
2026-05-11,SGN,Schagen,80,2,2
2026-05-11,SHL,Schiphol Airport,896,20,18
2026-05-11,SK,Sneek,62,5,3
2026-05-11,SKND,Sneek Noord,78,2,3
2026-05-11,SM,Swalmen,68,5,8
2026-05-11,SN,Schinnen,76,1,0
2026-05-11,SOG,Schin op Geul,78,1,0
2026-05-11,SPTN,Santpoort Noord,77,1,2
2026-05-11,SPTZ,Santpoort Zuid,77,1,2
2026-05-11,SRN,Susteren,74,2,0
2026-05-11,SSH,Sassenheim,131,1,4
2026-05-11,ST,Soest,70,0,0
2026-05-11,STD,Sittard,247,5,0
2026-05-11,STM,Stedum,72,0,0
2026-05-11,STP,London St. Pancras Int.,5,1,0
2026-05-11,STV,Stavoren,22,1,1
2026-05-11,STZ,Soest Zuid,70,0,0
2026-05-11,SWD,Sauwerd,142,0,2
2026-05-11,SWK,Steenwijk,139,3,0
2026-05-11,TB,Tilburg,287,18,16
2026-05-11,TBG,Terborg,73,0,1
2026-05-11,TBR,Tilburg Reeshof,71,5,2
2026-05-11,TBU,Tilburg Universiteit,104,4,4
2026-05-11,TG,Tegelen,70,8,6
2026-05-11,TL,Tiel,71,0,0
2026-05-11,TPSW,Tiel Passewaaij,75,0,0
2026-05-11,TS,Stuttgart Hbf,2,0,0
2026-05-11,TU,Ulm Hbf,2,0,0
2026-05-11,TWL,Twello,74,2,0
2026-05-11,UHM,Uithuizermeeden,72,0,2
2026-05-11,UHZ,Uithuizen,72,0,2
2026-05-11,UST,Usquert,72,0,2
2026-05-11,UT,Utrecht Centraal,1040,22,14
2026-05-11,UTG,Uitgeest,136,3,5
2026-05-11,UTLN,Utrecht Lunetten,153,1,0
2026-05-11,UTLR,Utrecht Leidsche Rijn,184,1,1
2026-05-11,UTO,Utrecht Overvecht,278,4,6
2026-05-11,UTT,Utrecht Terwijde,129,0,1
2026-05-11,UTVR,Utrecht Vaartsche Rijn,256,4,2
2026-05-11,UTZL,Utrecht Zuilen,117,1,3
2026-05-11,VB,Voorburg,99,1,1
2026-05-11,VD,Vorden,71,1,0
2026-05-11,VDL,Voerendaal,78,1,0
2026-05-11,VDM,Veendam,35,1,0
2026-05-11,VEM,Voorst-Empe,64,0,0
2026-05-11,VG,Vught,78,2,0
2026-05-11,VH,Voorhout,74,1,1
2026-05-11,VHP,Vroomshoop,52,0,4
2026-05-11,VIERS,Viersen,36,0,0
2026-05-11,VK,Valkenburg,140,5,0
2026-05-11,VL,Venlo,162,17,5
2026-05-11,VLB,Vierlingsbeek,103,5,9
2026-05-11,VNDC,Veenendaal Centrum,73,2,1
2026-05-11,VNDW,Veenendaal West,73,3,1
2026-05-11,VP,Velp,72,1,0
2026-05-11,VRY,Venray,91,2,6
2026-05-11,VS,Vlissingen,49,7,8
2026-05-11,VSS,Vlissingen Souburg,72,9,12
2026-05-11,VST,Voorschoten,133,1,2
2026-05-11,VSV,Varsseveld,73,1,1
2026-05-11,VTN,Vleuten,129,0,1
2026-05-11,VZ,Vriezenveen,52,0,4
2026-05-11,WAD,Waddinxveen,128,0,2
2026-05-11,WADN,Waddinxveen Noord,128,0,2
2026-05-11,WADT,Waddinxveen Triangel,128,0,2
2026-05-11,WC,Wijchen,98,6,0
2026-05-11,WD,Woerden,270,6,3
2026-05-11,WDN,Wierden,150,1,0
2026-05-11,WESEL,Wesel,63,0,0
2026-05-11,WF,Wolfheze,68,3,0
2026-05-11,WFM,Warffum,72,0,2
2026-05-11,WH,Wijhe,74,8,9
2026-05-11,WK,Workum,44,4,2
2026-05-11,WL,Wehl,131,0,1
2026-05-11,WM,Wormerveer,114,2,6
2026-05-11,WORGL,Wörgl Hbf,1,0,0
2026-05-11,WP,Weesp,270,5,7
2026-05-11,WR,Weener,35,0,0
2026-05-11,WS,Winschoten,73,4,9
2026-05-11,WSM,Winsum,74,0,2
2026-05-11,WT,Weert,164,5,0
2026-05-11,WTV,Westervoort,134,1,1
2026-05-11,WURZB,Würzburg Hbf,2,0,0
2026-05-11,WV,Wolvega,68,1,0
2026-05-11,WW,Winterswijk,72,0,1
2026-05-11,WWW,Winterswijk West,71,0,0
2026-05-11,WZ,Wezep,74,2,0
2026-05-11,YPB,Den Haag Ypenburg,99,2,1
2026-05-11,ZA,Zetten-Andelst,66,1,0
2026-05-11,ZB,Zuidbroek,142,7,0
2026-05-11,ZBM,Zaltbommel,77,2,0
2026-05-11,ZD,Zaandam,314,7,7
2026-05-11,ZDK,Zaandam Kogerveld,77,1,0
2026-05-11,ZH,Zuidhorn,104,10,0
2026-05-11,ZL,Zwolle,466,20,9
2026-05-11,ZLSH,Zwolle Stadshagen,76,0,2
2026-05-11,ZLW,Lage Zwaluwe,140,6,2
2026-05-11,ZP,Zutphen,217,6,9
2026-05-11,ZTM,Zoetermeer,99,1,1
2026-05-11,ZTMO,Zoetermeer Oost,99,1,1
2026-05-11,ZUE,Zürich HB,1,0,0
2026-05-11,ZV,Zevenaar,169,1,1
2026-05-11,ZVB,Zevenbergen,69,1,0
2026-05-11,ZVT,Zandvoort aan Zee,38,1,0
2026-05-11,ZWD,Zwijndrecht,185,1,2
2026-05-11,ZZS,Zaandijk Zaanse Schans,114,2,6
2026-05-12,AC,Abcoude,103,4,25
2026-05-12,AH,Arnhem Centraal,497,27,15
2026-05-12,AHBF,Aachen Hbf,31,1,1
2026-05-12,AHP,Arnhem Velperpoort,202,3,4
2026-05-12,AHPR,Arnhem Presikhaaf,72,1,2
2026-05-12,AHZ,Arnhem Zuid,121,4,6
2026-05-12,AKL,Arkel,72,0,0
2026-05-12,AKM,Akkrum,68,3,4
2026-05-12,ALM,Almere Centrum,332,20,10
2026-05-12,ALMB,Almere Buiten,186,8,2
2026-05-12,ALMM,Almere Muziekwijk,208,8,3
2026-05-12,ALMO,Almere Oostvaarders,109,4,0
2026-05-12,ALMP,Almere Parkwijk,137,2,0
2026-05-12,AMF,Amersfoort Centraal,510,18,14
2026-05-12,AMFS,Amersfoort Schothorst,171,6,6
2026-05-12,AML,Almelo,256,8,1
2026-05-12,AMPO,Almere Poort,208,7,3
2026-05-12,AMR,Alkmaar,175,9,13
2026-05-12,AMRI,Almelo de Riet,95,1,0
2026-05-12,AMRN,Alkmaar Noord,142,8,15
2026-05-12,ANA,Anna Paulowna,78,3,8
2026-05-12,ANDD,Antwerpen-Noorderdokken,35,1,0
2026-05-12,APD,Apeldoorn,207,7,0
2026-05-12,APDM,Apeldoorn De Maten,64,0,0
2026-05-12,APDO,Apeldoorn Osseveld,74,2,0
2026-05-12,APG,Appingedam,71,3,1
2026-05-12,APN,Alphen a/d Rijn,167,1,6
2026-05-12,ARN,Arnemuiden,72,2,8
2026-05-12,ASA,Amsterdam Amstel,286,22,71
2026-05-12,ASB,Amsterdam Bijlmer ArenA,306,20,40
2026-05-12,ASD,Amsterdam Centraal,709,45,114
2026-05-12,ASDL,Amsterdam Lelylaan,341,5,6
2026-05-12,ASDM,Amsterdam Muiderpoort,180,11,91
2026-05-12,ASDZ,Amsterdam Zuid,539,33,29
2026-05-12,ASHD,Amsterdam Holendrecht,103,5,25
2026-05-12,ASN,Assen,162,2,5
2026-05-12,ASS,Amsterdam Sloterdijk,920,28,91
2026-05-12,ASSP,Amsterdam Science Park,137,3,0
2026-05-12,ATN,Aalten,74,0,0
2026-05-12,ATW,Antwerpen-Centraal,122,11,2
2026-05-12,ATWLB,Antwerpen-Luchtbal,35,3,0
2026-05-12,AVAT,Amersfoort Vathorst,105,5,1
2026-05-12,AW,Aachen West,62,1,2
2026-05-12,BADENZ,Baden (CH),1,0,0
2026-05-12,BASELB,Basel Bad Bf,1,0,0
2026-05-12,BASELS,Basel SBB,1,0,0
2026-05-12,BD,Breda,282,28,7
2026-05-12,BDE,Bunde,76,2,0
2026-05-12,BDG,Bodegraven,102,1,6
2026-05-12,BDM,Bedum,72,4,0
2026-05-12,BDPB,Breda-Prinsenbeek,73,2,0
2026-05-12,BERCH,Antwerpen-Berchem,65,1,1
2026-05-12,BERHBT,Berlin Hbf,12,3,0
2026-05-12,BET,Best,148,7,0
2026-05-12,BF,Baflo,76,0,0
2026-05-12,BGN,Bergen op Zoom,101,4,14
2026-05-12,BH,Bad Bentheim,52,18,2
2026-05-12,BHDV,Boven-Hardinxveld,133,11,2
2026-05-12,BHF,Berlin Ostbahnhof,6,4,0
2026-05-12,BHV,Bilthoven,144,4,1
2026-05-12,BIELEF,Bielefeld Hbf,18,1,0
2026-05-12,BK,Beek-Elsloo,75,1,0
2026-05-12,BKF,Bovenkarspel Flora,75,0,29
2026-05-12,BKG,Bovenkarspel-Grootebroek,75,0,29
2026-05-12,BKL,Breukelen,138,8,28
2026-05-12,BL,Beilen,74,1,0
2026-05-12,BLL,Bloemendaal,79,0,0
2026-05-12,BMN,Brummen,72,1,2
2026-05-12,BMR,Boxmeer,106,3,10
2026-05-12,BN,Borne,95,1,0
2026-05-12,BNC,Barneveld Centrum,137,0,0
2026-05-12,BNK,Bunnik,104,1,6
2026-05-12,BNN,Barneveld Noord,137,0,0
2026-05-12,BNZ,Barneveld Zuid,107,0,0
2026-05-12,BP,Buitenpost,104,2,1
2026-05-12,BR,Blerick,151,15,13
2026-05-12,BRD,Barendrecht,180,6,9
2026-05-12,BRESSX,Bressoux,38,0,0
2026-05-12,BRN,Baarn,113,2,0
2026-05-12,BRUSC,Brussel-Centraal,30,1,2
2026-05-12,BRUSN,Brussel-Noord,30,1,2
2026-05-12,BRUSZ,Brussel-Zuid,64,11,2
2026-05-12,BSD,Beesd,72,0,0
2026-05-12,BSK,Boskoop,130,0,0
2026-05-12,BSKS,Boskoop Snijdelwijk,130,0,0
2026-05-12,BSMZ,Bussum Zuid,136,4,1
2026-05-12,BSPD,Berlin-Spandau,12,6,0
2026-05-12,BTL,Boxtel,148,6,0
2026-05-12,BUENDE,Bünde (Westf),49,15,0
2026-05-12,BV,Beverwijk,78,0,0
2026-05-12,BZL,Kapelle-Biezelinge,72,3,8
2026-05-12,CAS,Castricum,204,11,11
2026-05-12,CK,Cuijk,105,4,11
2026-05-12,CL,Culemborg,152,10,1
2026-05-12,CO,Coevorden,89,0,0
2026-05-12,CPS,Capelle Schollevaar,77,8,6
2026-05-12,CVM,Chevremont,76,0,0
2026-05-12,DA,Daarlerveen,54,1,2
2026-05-12,DB,Driebergen-Zeist,165,7,9
2026-05-12,DDN,Delden,73,2,0
2026-05-12,DDR,Dordrecht,331,15,28
2026-05-12,DDRS,Dordrecht Stadspolders,133,12,2
2026-05-12,DDZD,Dordrecht Zuid,141,4,1
2026-05-12,DEI,Deinum,68,0,0
2026-05-12,DID,Didam,130,0,2
2026-05-12,DL,Dalfsen,96,1,0
2026-05-12,DLD,Den Dolder,144,4,1
2026-05-12,DLN,Dalen,47,0,0
2026-05-12,DMN,Diemen,137,2,0
2026-05-12,DMNZ,Diemen Zuid,134,1,2
2026-05-12,DN,Deurne,106,12,10
2026-05-12,DR,Dieren,146,9,2
2026-05-12,DRH,Driehuis,79,0,0
2026-05-12,DRON,Dronten,72,2,4
2026-05-12,DRP,Dronryp,68,0,0
2026-05-12,DT,Delft,452,32,35
2026-05-12,DTC,Doetinchem,102,0,1
2026-05-12,DTCH,Doetinchem De Huet,129,0,3
2026-05-12,DTCP,Delft Campus,182,9,6
2026-05-12,DUISB,Duisburg Hbf,1,0,0
2026-05-12,DUSSEL,Düsseldorf Hbf,1,0,0
2026-05-12,DV,Deventer,267,19,0
2026-05-12,DVC,Deventer Colmschate,74,3,0
2026-05-12,DVD,Duivendrecht,339,16,36
2026-05-12,DVN,Duiven,134,1,2
2026-05-12,DVNK,De Vink,135,2,0
2026-05-12,DWE,De Westereen,70,1,1
2026-05-12,DZ,Delfzijl,35,2,1
2026-05-12,DZW,Delfzijl West,70,2,2
2026-05-12,EABG,Altenberge,36,1,0
2026-05-12,EAHS,Ahaus,32,4,1
2026-05-12,EBFT,Steinfurt-Burgsteinfurt,36,1,0
2026-05-12,EBGO,Steinfurt-Borghorst,36,1,0
2026-05-12,EBOK,Bork (Westf),31,4,1
2026-05-12,EC,Echt,74,2,0
2026-05-12,ECMF,Coesfeld (Westf),31,7,1
2026-05-12,ED,Ede-Wageningen,259,9,8
2026-05-12,EDC,Ede Centrum,76,1,0
2026-05-12,EDD,Dortmund-Derne,31,10,1
2026-05-12,EDKD,Dortmund-Kirchderne,31,9,1
2026-05-12,EDN,Eijsden,38,1,0
2026-05-12,EDO,Dortmund Hbf,15,9,1
2026-05-12,EDULH,Dülmen,31,6,1
2026-05-12,EEM,Eemshaven,29,0,0
2026-05-12,EEPE,Epe (Westf),32,3,1
2026-05-12,EGH,Eygelshoven,76,0,0
2026-05-12,EGHM,Eygelshoven Markt,64,2,0
2026-05-12,EGRK,Steinfurt-Grottenkamp,36,1,0
2026-05-12,EHS,Eindhoven Strijp-S,148,5,0
2026-05-12,EHV,Eindhoven Centraal,371,23,44
2026-05-12,EHW,Rosendahl-Holtwick,32,4,1
2026-05-12,EKZ,Enkhuizen,35,0,17
2026-05-12,EL,Emmerich-Elten,38,0,0
2026-05-12,ELDH,Lüdinghausen,31,2,1
2026-05-12,ELET,Lette (Kr Coesfeld),31,8,1
2026-05-12,ELGD,Legden,32,4,1
2026-05-12,ELUE,Lünen Hbf,31,9,1
2026-05-12,EM,Emmerich,63,0,0
2026-05-12,EML,Ermelo,73,3,1
2026-05-12,EMN,Emmen,41,0,0
2026-05-12,EMNZ,Emmen Zuid,82,0,0
2026-05-12,EMTE,Metelen Land,36,0,0
2026-05-12,ENBE,Münster-Häger,36,1,0
2026-05-12,ENHF,Münster (W) Zentrum Nord,36,1,0
2026-05-12,ENOW,Nordwalde,36,0,0
2026-05-12,EOP,Ochtrup,36,0,0
2026-05-12,EPRN,Preussen,31,8,1
2026-05-12,ES,Enschede,140,5,1
2026-05-12,ESE,Enschede De Eschmarke,71,0,3
2026-05-12,ESEB,Selm-Beifang,31,4,1
2026-05-12,ESEM,Selm,31,3,1
2026-05-12,ESK,Enschede Kennispark,96,1,0
2026-05-12,ESN,Essen,35,0,0
2026-05-12,EST,Elst,188,7,6
2026-05-12,ETN,Etten-Leur,76,3,0
2026-05-12,FBNL,Brussels Airport-Zaventem,31,1,1
2026-05-12,FFFM,Frankfurt (M) Hbf,6,0,0
2026-05-12,FKTH,Kalmthout,35,0,0
2026-05-12,FKW,Kassel-Wilhelmshöhe,2,0,0
2026-05-12,FMZ,Mainz Hbf,2,0,0
2026-05-12,FN,Franeker,68,0,0
2026-05-12,FNAF,Frankfurt Flughafen Fernb,15,4,0
2026-05-12,FNZD,Antwerpen-Zuid,33,0,0
2026-05-12,FRP,Puurs,17,0,0
2026-05-12,FVS,Visé,38,0,0
2026-05-12,FWD,Feanwâlden,133,2,2
2026-05-12,G,Gronau (Westf.),71,2,2
2026-05-12,GBG,Gramsbergen,47,0,0
2026-05-12,GBR,Glanerbrug,71,0,3
2026-05-12,GD,Gouda,511,23,16
2026-05-12,GDG,Gouda Goverwelle,163,7,8
2026-05-12,GDM,Geldermalsen,184,9,6
2026-05-12,GDR,Gaanderen,74,0,0
2026-05-12,GERP,Groningen Europapark,336,4,3
2026-05-12,GK,Grijpskerk,70,0,1
2026-05-12,GKT,Kijkuit,35,0,0
2026-05-12,GLN,Geleen Oost,76,5,0
2026-05-12,GN,Groningen,373,6,6
2026-05-12,GND,Hardinxveld-Giessendam,133,19,2
2026-05-12,GNN,Groningen Noord,148,3,0
2026-05-12,GO,Goor,73,2,0
2026-05-12,GP,Geldrop,69,2,0
2026-05-12,GR,Gorinchem,102,2,1
2026-05-12,GS,Goes,100,5,14
2026-05-12,GSB,Berlin Gesundbrunnen,1,0,0
2026-05-12,GV,Den Haag HS,452,32,37
2026-05-12,GVC,Den Haag Centraal,380,20,11
2026-05-12,GVM,Den Haag Mariahoeve,135,3,0
2026-05-12,GVMW,Den Haag Moerwijk,182,8,6
2026-05-12,GW,Grou-Jirnsum,68,3,4
2026-05-12,GWD,Wildert,35,0,0
2026-05-12,GZ,Gilze-Rijen,73,3,0
2026-05-12,HAD,Heemstede-Aerdenhout,213,6,16
2026-05-12,HAMM,Hamm (Westf.),2,0,0
2026-05-12,HANN,Hannover Hbf,15,5,0
2026-05-12,HB,Hoensbroek,76,5,0
2026-05-12,HBZM,Hardinxveld Blauwe Zoom,74,11,0
2026-05-12,HD,Harderwijk,76,3,1
2026-05-12,HDB,Hardenberg,121,1,1
2026-05-12,HDE,'t Harde,73,4,1
2026-05-12,HDG,Hurdegaryp,70,1,1
2026-05-12,HDR,Den Helder,40,3,2
2026-05-12,HDRZ,Den Helder Zuid,80,5,6
2026-05-12,HFD,Hoofddorp,303,4,5
2026-05-12,HGL,Hengelo,309,18,2
2026-05-12,HGLG,Hengelo Gezondheidspark,73,3,0
2026-05-12,HGLO,Hengelo Oost,76,1,0
2026-05-12,HGV,Hoogeveen,76,4,0
2026-05-12,HGZ,Hoogezand-Sappemeer,141,6,0
2026-05-12,HIL,Hillegom,75,1,0
2026-05-12,HK,Heemskerk,79,0,0
2026-05-12,HKS,Hoogkarspel,75,2,29
2026-05-12,HLG,Harlingen,68,0,0
2026-05-12,HLGH,Harlingen Haven,34,0,0
2026-05-12,HLM,Haarlem,329,6,17
2026-05-12,HLMS,Haarlem Spaarnwoude,154,1,0
2026-05-12,HLO,Heiloo,156,9,11
2026-05-12,HM,Helmond,141,12,10
2026-05-12,HMBH,Helmond Brouwhuis,70,3,0
2026-05-12,HMBV,Helmond Brandevoort,70,5,0
2026-05-12,HMH,Helmond 't Hout,70,5,0
2026-05-12,HMN,Hemmen-Dodewaard,66,1,0
2026-05-12,HN,Hoorn,162,8,55
2026-05-12,HNK,Hoorn Kersenboogerd,104,2,37
2026-05-12,HNO,Heino,76,0,0
2026-05-12,HNP,Hindeloopen,46,1,0
2026-05-12,HOHT,Osnabrück Altstadt,36,12,0
2026-05-12,HON,Holten,74,2,0
2026-05-12,HOR,Hollandsche Rading,80,3,1
2026-05-12,HR,Heerenveen,139,6,8
2026-05-12,HRL,Heerlen,211,15,6
2026-05-12,HRLW,Heerlen Woonboulevard,78,1,0
2026-05-12,HRN,Haren,100,1,0
2026-05-12,HRT,Horst-Sevenum,71,9,10
2026-05-12,HT,'s-Hertogenbosch,407,27,55
2026-05-12,HTN,Houten,153,8,1
2026-05-12,HTNC,Houten Castellum,154,9,1
2026-05-12,HTO,'s-Hertogenbosch Oost,76,9,0
2026-05-12,HVL,Hoevelaken,137,0,0
2026-05-12,HVS,Hilversum,356,14,11
2026-05-12,HVSM,Hilversum Media Park,136,4,1
2026-05-12,HVSP,Hilversum Sportpark,134,5,3
2026-05-12,HWD,Heerhugowaard,140,6,17
2026-05-12,HWZB,Halfweg-Zwanenburg,154,1,0
2026-05-12,HZ,Herzogenrath,63,2,1
2026-05-12,HZE,Heeze,69,2,0
2026-05-12,IJT,IJlst,46,0,0
2026-05-12,INNSB,Innsbruck Hbf,1,0,0
2026-05-12,JENBAC,Jenbach,1,0,0
2026-05-12,KARLSR,Karlsruhe Hbf,1,0,0
2026-05-12,KBB,Bonn-Beuel,2,0,0
2026-05-12,KBD,Krabbendijke,72,3,8
2026-05-12,KBK,Klarenbeek,64,0,0
2026-05-12,KBOI,Boisheim,36,0,0
2026-05-12,KBRY,Breyell,36,0,0
2026-05-12,KDUL,Dülken,36,0,0
2026-05-12,KKO,Koblenz Hbf,2,0,0
2026-05-12,KLP,Veenendaal-De Klomp,78,1,0
2026-05-12,KMA,Krommenie-Assendelft,117,3,11
2026-05-12,KMR,Klimmen-Ransdaal,78,1,0
2026-05-12,KMW,Koudum-Molkwerum,46,1,0
2026-05-12,KN,Kaldenkirchen,36,0,0
2026-05-12,KOLN,Köln Hbf,16,5,0
2026-05-12,KPN,Kampen,39,0,0
2026-05-12,KPNZ,Kampen Zuid,72,1,4
2026-05-12,KRD,Kerkrade Centrum,38,0,0
2026-05-12,KRG,Kruiningen-Yerseke,72,3,8
2026-05-12,KSB,Siegburg/Bonn,14,3,0
2026-05-12,KTR,Kesteren,66,2,0
2026-05-12,KUFST,Kufstein,1,0,0
2026-05-12,KW,Kropswolde,141,6,0
2026-05-12,KZ,Koog aan de Zaan,117,3,11
2026-05-12,LAA,Den Haag Laan v NOI,327,19,26
2026-05-12,LC,Lochem,72,3,0
2026-05-12,LDL,Leiden Lammenschans,103,2,6
2026-05-12,LDM,Leerdam,72,0,0
2026-05-12,LEDN,Leiden Centraal,565,15,31
2026-05-12,LEER,Leer (Ostfriesl),25,0,0
2026-05-12,LG,Landgraaf,140,14,0
2026-05-12,LILLEE,Lille Europe,7,0,0
2026-05-12,LKP,Kapellen,35,1,0
2026-05-12,LKR,Ekeren,35,1,0
2026-05-12,LLS,Lelystad Centrum,172,11,9
2026-05-12,LLZM,Lansingerland-Zoetermeer,98,3,2
2026-05-12,LP,Loppersum,72,3,0
2026-05-12,LTN,Lunteren,76,0,0
2026-05-12,LTV,Lichtenvoorde-Groenlo,71,1,0
2026-05-12,LUIK,Liège-Guillemins,19,0,0
2026-05-12,LUT,Geleen-Lutterade,76,2,0
2026-05-12,LW,Leeuwarden,208,7,5
2026-05-12,LWC,Leeuwarden Camminghaburen,70,3,1
2026-05-12,MA,Augsburg Hbf,2,0,0
2026-05-12,MANNHE,Mannheim Hbf,3,0,0
2026-05-12,MARIA,Sint-Mariaburg,35,1,0
2026-05-12,MAS,Maarssen,103,2,22
2026-05-12,MCGB,Mönchengladbach Hbf,49,6,0
2026-05-12,MDB,Middelburg,100,3,14
2026-05-12,MECH,Mechelen,31,1,1
2026-05-12,MES,Meerssen,140,9,0
2026-05-12,MG,Mantgum,68,0,0
2026-05-12,MID,Heide (B),35,0,0
2026-05-12,MMLH,Mook-Molenhoek,105,4,11
2026-05-12,MOP,München Ost,1,0,0
2026-05-12,MP,Meppel,207,9,14
2026-05-12,MRB,Mariënberg,128,1,2
2026-05-12,MRN,Maarn,74,2,0
2026-05-12,MT,Maastricht,238,10,9
2026-05-12,MTH,Martenshoek,141,5,0
2026-05-12,MTN,Maastricht Noord,78,1,0
2026-05-12,MTR,Maastricht Randwyck,114,0,1
2026-05-12,MUNCHH,München Hbf,2,0,0
2026-05-12,MUNST,Münster (Westf) Hbf,19,1,0
2026-05-12,MZ,Maarheeze,69,2,0
2026-05-12,NA,Nieuw Amsterdam,76,0,0
2026-05-12,NDB,Naarden-Bussum,207,7,4
2026-05-12,NDKP,Noorderkempen,31,3,1
2026-05-12,NEUSS,Neuss Hbf,2,0,0
2026-05-12,NH,Nuth,76,6,0
2026-05-12,NKK,Nijkerk,79,3,1
2026-05-12,NM,Nijmegen,313,33,15
2026-05-12,NMD,Nijmegen Dukenburg,121,9,3
2026-05-12,NMGO,Nijmegen Goffert,121,9,3
2026-05-12,NMH,Nijmegen Heyendaal,106,5,10
2026-05-12,NML,Nijmegen Lent,121,5,6
2026-05-12,NS,Nunspeet,73,4,1
2026-05-12,NSCH,Bad Nieuweschans,38,1,0
2026-05-12,NURNB,Nürnberg Hbf,1,0,0
2026-05-12,NVD,Nijverdal,104,2,0
2026-05-12,NVP,Nieuw Vennep,129,2,3
2026-05-12,NWK,Nieuwerkerk a/d IJssel,77,8,6
2026-05-12,O,Oss,148,16,0
2026-05-12,OBD,Obdam,57,4,14
2026-05-12,OBERH,Oberhausen Hbf,32,0,0
2026-05-12,ODB,Oudenbosch,58,2,11
2026-05-12,ODZ,Oldenzaal,71,12,3
2026-05-12,OMN,Ommen,96,1,0
2026-05-12,OP,Opheusden,66,1,0
2026-05-12,OSNH,Osnabrück Hbf,51,15,0
2026-05-12,OST,Olst,73,12,1
2026-05-12,OT,Oisterwijk,70,5,0
2026-05-12,OTB,Oosterbeek,66,0,2
2026-05-12,OVN,Overveen,76,1,0
2026-05-12,OW,Oss West,76,8,0
2026-05-12,PARIS,Paris-Nord,11,0,1
2026-05-12,PMO,Purmerend Overwhere,73,4,7
2026-05-12,PMR,Purmerend,78,3,5
2026-05-12,PMW,Purmerend Weidevenne,76,3,3
2026-05-12,PT,Putten,73,4,1
2026-05-12,RAI,Amsterdam RAI,137,2,3
2026-05-12,RAT,Raalte,104,2,0
2026-05-12,RB,Rilland-Bath,72,3,8
2026-05-12,RBB,Baden-Baden,1,0,0
2026-05-12,RD,Roodeschool,66,0,0
2026-05-12,RF,Freiburg (Breisgau) Hbf,1,0,0
2026-05-12,RH,Rheden,72,2,2
2026-05-12,RHEINE,Rheine,51,20,1
2026-05-12,RHN,Rhenen,37,0,0
2026-05-12,RL,Ruurlo,71,1,0
2026-05-12,RLB,Rotterdam Lombardijen,181,6,9
2026-05-12,RM,Roermond,201,8,31
2026-05-12,RO,Offenburg,1,0,0
2026-05-12,ROSENH,Rosenheim,1,0,0
2026-05-12,RS,Rosmalen,76,6,0
2026-05-12,RSD,Roosendaal,171,9,24
2026-05-12,RSN,Rijssen,74,1,0
2026-05-12,RSW,Rijswijk,182,9,6
2026-05-12,RTA,Rotterdam Alexander,216,18,8
2026-05-12,RTB,Rotterdam Blaak,318,18,34
2026-05-12,RTD,Rotterdam Centraal,694,75,52
2026-05-12,RTN,Rotterdam Noord,77,7,6
2026-05-12,RTZ,Rotterdam Zuid,181,6,9
2026-05-12,RV,Reuver,75,7,3
2026-05-12,RVS,Ravenstein,74,7,0
2026-05-12,SBK,Spaubeek,76,5,0
2026-05-12,SD,Soestdijk,70,1,0
2026-05-12,SDA,Scheemda,118,3,0
2026-05-12,SDM,Schiedam Centrum,372,26,35
2026-05-12,SDT,Sliedrecht,133,18,2
2026-05-12,SDTB,Sliedrecht Baanhoek,133,32,2
2026-05-12,SGL,Houthem-St. Gerlach,78,1,0
2026-05-12,SGN,Schagen,79,3,7
2026-05-12,SHL,Schiphol Airport,892,47,33
2026-05-12,SK,Sneek,65,0,0
2026-05-12,SKND,Sneek Noord,81,2,0
2026-05-12,SM,Swalmen,74,7,4
2026-05-12,SN,Schinnen,76,5,0
2026-05-12,SOG,Schin op Geul,78,1,0
2026-05-12,SPTN,Santpoort Noord,79,0,0
2026-05-12,SPTZ,Santpoort Zuid,79,0,0
2026-05-12,SRN,Susteren,74,3,0
2026-05-12,SSH,Sassenheim,129,0,3
2026-05-12,ST,Soest,70,1,0
2026-05-12,STD,Sittard,244,10,29
2026-05-12,STM,Stedum,72,3,0
2026-05-12,STP,London St. Pancras Int.,5,0,0
2026-05-12,STV,Stavoren,23,0,0
2026-05-12,STZ,Soest Zuid,70,2,0
2026-05-12,SWD,Sauwerd,148,4,0
2026-05-12,SWK,Steenwijk,139,6,8
2026-05-12,TB,Tilburg,292,20,2
2026-05-12,TBG,Terborg,74,0,0
2026-05-12,TBR,Tilburg Reeshof,73,2,0
2026-05-12,TBU,Tilburg Universiteit,107,4,1
2026-05-12,TG,Tegelen,76,12,2
2026-05-12,TL,Tiel,71,1,0
2026-05-12,TPSW,Tiel Passewaaij,75,1,0
2026-05-12,TS,Stuttgart Hbf,2,0,0
2026-05-12,TU,Ulm Hbf,2,0,0
2026-05-12,TWL,Twello,74,1,0
2026-05-12,UHM,Uithuizermeeden,74,0,0
2026-05-12,UHZ,Uithuizen,74,0,0
2026-05-12,UST,Usquert,74,0,0
2026-05-12,UT,Utrecht Centraal,1023,41,86
2026-05-12,UTG,Uitgeest,138,5,7
2026-05-12,UTLN,Utrecht Lunetten,152,8,2
2026-05-12,UTLR,Utrecht Leidsche Rijn,183,5,3
2026-05-12,UTM,Utrecht Maliebaan,8,0,0
2026-05-12,UTO,Utrecht Overvecht,293,8,4
2026-05-12,UTT,Utrecht Terwijde,128,2,2
2026-05-12,UTVR,Utrecht Vaartsche Rijn,257,10,7
2026-05-12,UTZL,Utrecht Zuilen,107,2,18
2026-05-12,VB,Voorburg,98,1,2
2026-05-12,VD,Vorden,71,1,0
2026-05-12,VDL,Voerendaal,78,1,0
2026-05-12,VDM,Veendam,34,9,1
2026-05-12,VEM,Voorst-Empe,64,0,0
2026-05-12,VG,Vught,78,2,0
2026-05-12,VH,Voorhout,75,2,0
2026-05-12,VHP,Vroomshoop,54,1,2
2026-05-12,VIERS,Viersen,36,0,0
2026-05-12,VK,Valkenburg,140,9,0
2026-05-12,VL,Venlo,165,20,7
2026-05-12,VLB,Vierlingsbeek,107,2,9
2026-05-12,VNDC,Veenendaal Centrum,74,0,0
2026-05-12,VNDW,Veenendaal West,74,1,0
2026-05-12,VP,Velp,72,1,2
2026-05-12,VRY,Venray,94,2,6
2026-05-12,VS,Vlissingen,49,1,7
2026-05-12,VSS,Vlissingen Souburg,72,1,8
2026-05-12,VST,Voorschoten,135,3,0
2026-05-12,VSV,Varsseveld,74,0,0
2026-05-12,VTN,Vleuten,128,0,2
2026-05-12,VZ,Vriezenveen,54,1,2
2026-05-12,WAD,Waddinxveen,130,0,0
2026-05-12,WADN,Waddinxveen Noord,130,0,0
2026-05-12,WADT,Waddinxveen Triangel,130,0,0
2026-05-12,WC,Wijchen,98,8,1
2026-05-12,WD,Woerden,265,9,12
2026-05-12,WDN,Wierden,150,3,0
2026-05-12,WESEL,Wesel,63,0,0
2026-05-12,WF,Wolfheze,66,1,2
2026-05-12,WFM,Warffum,74,0,0
2026-05-12,WH,Wijhe,72,11,2
2026-05-12,WK,Workum,46,1,0
2026-05-12,WL,Wehl,130,0,2
2026-05-12,WM,Wormerveer,117,4,11
2026-05-12,WORGL,Wörgl Hbf,1,0,0
2026-05-12,WP,Weesp,271,5,3
2026-05-12,WR,Weener,34,0,0
2026-05-12,WS,Winschoten,80,3,0
2026-05-12,WSM,Winsum,76,0,0
2026-05-12,WT,Weert,162,9,28
2026-05-12,WTV,Westervoort,133,1,2
2026-05-12,WURZB,Würzburg Hbf,2,0,0
2026-05-12,WV,Wolvega,68,3,4
2026-05-12,WW,Winterswijk,73,1,0
2026-05-12,WWW,Winterswijk West,71,1,0
2026-05-12,WZ,Wezep,73,4,1
2026-05-12,YPB,Den Haag Ypenburg,98,3,2
2026-05-12,ZA,Zetten-Andelst,66,2,0
2026-05-12,ZB,Zuidbroek,140,2,1
2026-05-12,ZBM,Zaltbommel,67,6,11
2026-05-12,ZD,Zaandam,315,15,20
2026-05-12,ZDK,Zaandam Kogerveld,76,2,3
2026-05-12,ZH,Zuidhorn,102,1,2
2026-05-12,ZL,Zwolle,460,24,22
2026-05-12,ZLSH,Zwolle Stadshagen,78,0,0
2026-05-12,ZLW,Lage Zwaluwe,136,5,6
2026-05-12,ZP,Zutphen,217,10,1
2026-05-12,ZTM,Zoetermeer,98,3,2
2026-05-12,ZTMO,Zoetermeer Oost,98,3,2
2026-05-12,ZUE,Zürich HB,1,0,0
2026-05-12,ZV,Zevenaar,168,0,2
2026-05-12,ZVB,Zevenbergen,58,2,11
2026-05-12,ZVT,Zandvoort aan Zee,38,1,0
2026-05-12,ZWD,Zwijndrecht,181,3,8
2026-05-12,ZZS,Zaandijk Zaanse Schans,117,4,11
2026-05-13,AC,Abcoude,116,7,2
2026-05-13,ACDG,Airport Charles de Gaulle,2,1,0
2026-05-13,AH,Arnhem Centraal,486,18,26
2026-05-13,AHBF,Aachen Hbf,31,1,2
2026-05-13,AHP,Arnhem Velperpoort,204,3,2
2026-05-13,AHPR,Arnhem Presikhaaf,72,0,2
2026-05-13,AHZ,Arnhem Zuid,120,3,10
2026-05-13,AKL,Arkel,72,1,1
2026-05-13,AKM,Akkrum,68,0,0
2026-05-13,ALM,Almere Centrum,263,10,1
2026-05-13,ALMB,Almere Buiten,150,5,0
2026-05-13,ALMM,Almere Muziekwijk,225,8,0
2026-05-13,ALMO,Almere Oostvaarders,146,7,2
2026-05-13,ALMP,Almere Parkwijk,150,5,0
2026-05-13,AMF,Amersfoort Centraal,440,19,4
2026-05-13,AMFS,Amersfoort Schothorst,138,4,2
2026-05-13,AML,Almelo,255,4,1
2026-05-13,AMPO,Almere Poort,225,8,0
2026-05-13,AMR,Alkmaar,177,8,16
2026-05-13,AMRI,Almelo de Riet,94,1,1
2026-05-13,AMRN,Alkmaar Noord,146,7,4
2026-05-13,ANA,Anna Paulowna,79,2,5
2026-05-13,ANDD,Antwerpen-Noorderdokken,35,3,0
2026-05-13,APD,Apeldoorn,204,10,2
2026-05-13,APDM,Apeldoorn De Maten,64,0,0
2026-05-13,APDO,Apeldoorn Osseveld,74,2,0
2026-05-13,APG,Appingedam,72,3,0
2026-05-13,APN,Alphen a/d Rijn,164,1,4
2026-05-13,ARN,Arnemuiden,72,4,19
2026-05-13,ASA,Amsterdam Amstel,309,21,60
2026-05-13,ASB,Amsterdam Bijlmer ArenA,274,16,12
2026-05-13,ASD,Amsterdam Centraal,935,66,115
2026-05-13,ASDL,Amsterdam Lelylaan,452,25,1
2026-05-13,ASDM,Amsterdam Muiderpoort,201,22,74
2026-05-13,ASDZ,Amsterdam Zuid,575,0,0
2026-05-13,ASHD,Amsterdam Holendrecht,116,9,2
2026-05-13,ASN,Assen,163,7,1
2026-05-13,ASS,Amsterdam Sloterdijk,855,56,86
2026-05-13,ASSP,Amsterdam Science Park,151,13,0
2026-05-13,ATN,Aalten,74,0,0
2026-05-13,ATW,Antwerpen-Centraal,124,28,11
2026-05-13,ATWLB,Antwerpen-Luchtbal,35,3,0
2026-05-13,AVAT,Amersfoort Vathorst,105,4,2
2026-05-13,AW,Aachen West,62,1,5
2026-05-13,BADENZ,Baden (CH),1,0,0
2026-05-13,BASELB,Basel Bad Bf,1,0,0
2026-05-13,BASELS,Basel SBB,1,0,0
2026-05-13,BD,Breda,252,42,64
2026-05-13,BDE,Bunde,76,1,0
2026-05-13,BDG,Bodegraven,107,1,4
2026-05-13,BDM,Bedum,72,3,0
2026-05-13,BDPB,Breda-Prinsenbeek,73,8,6
2026-05-13,BERCH,Antwerpen-Berchem,64,4,2
2026-05-13,BERHBL,Berlin Hbf,1,0,0
2026-05-13,BERHBT,Berlin Hbf,12,8,0
2026-05-13,BET,Best,136,10,24
2026-05-13,BF,Baflo,74,0,2
2026-05-13,BGN,Bergen op Zoom,101,12,29
2026-05-13,BH,Bad Bentheim,52,17,2
2026-05-13,BHDV,Boven-Hardinxveld,129,15,7
2026-05-13,BHF,Berlin Ostbahnhof,7,5,0
2026-05-13,BHV,Bilthoven,145,1,1
2026-05-13,BIELEF,Bielefeld Hbf,18,1,0
2026-05-13,BK,Beek-Elsloo,75,2,0
2026-05-13,BKF,Bovenkarspel Flora,79,2,29
2026-05-13,BKG,Bovenkarspel-Grootebroek,79,2,29
2026-05-13,BKL,Breukelen,154,9,2
2026-05-13,BL,Beilen,74,5,0
2026-05-13,BLL,Bloemendaal,78,1,0
2026-05-13,BMN,Brummen,72,0,2
2026-05-13,BMR,Boxmeer,110,2,7
2026-05-13,BN,Borne,94,1,1
2026-05-13,BNC,Barneveld Centrum,138,0,0
2026-05-13,BNK,Bunnik,104,4,0
2026-05-13,BNN,Barneveld Noord,138,0,0
2026-05-13,BNZ,Barneveld Zuid,108,0,0
2026-05-13,BP,Buitenpost,105,9,0
2026-05-13,BR,Blerick,146,18,21
2026-05-13,BRD,Barendrecht,177,5,74
2026-05-13,BRESSX,Bressoux,36,1,5
2026-05-13,BRN,Baarn,113,4,0
2026-05-13,BRUSC,Brussel-Centraal,30,0,2
2026-05-13,BRUSN,Brussel-Noord,31,1,2
2026-05-13,BRUSZ,Brussel-Zuid,66,22,7
2026-05-13,BSD,Beesd,70,1,3
2026-05-13,BSK,Boskoop,112,0,0
2026-05-13,BSKS,Boskoop Snijdelwijk,112,0,0
2026-05-13,BSMZ,Bussum Zuid,137,4,0
2026-05-13,BSPD,Berlin-Spandau,12,7,0
2026-05-13,BTL,Boxtel,143,13,19
2026-05-13,BUENDE,Bünde (Westf),49,16,0
2026-05-13,BV,Beverwijk,82,1,0
2026-05-13,BZL,Kapelle-Biezelinge,72,4,19
2026-05-13,CAS,Castricum,209,9,24
2026-05-13,CK,Cuijk,110,1,7
2026-05-13,CL,Culemborg,143,4,17
2026-05-13,CO,Coevorden,89,0,0
2026-05-13,CPS,Capelle Schollevaar,77,5,2
2026-05-13,CVM,Chevremont,76,2,0
2026-05-13,DA,Daarlerveen,56,0,0
2026-05-13,DB,Driebergen-Zeist,179,10,2
2026-05-13,DDN,Delden,73,2,0
2026-05-13,DDR,Dordrecht,329,29,81
2026-05-13,DDRS,Dordrecht Stadspolders,131,20,5
2026-05-13,DDZD,Dordrecht Zuid,142,8,6
2026-05-13,DEI,Deinum,68,0,0
2026-05-13,DID,Didam,132,3,0
2026-05-13,DL,Dalfsen,96,0,0
2026-05-13,DLD,Den Dolder,145,1,1
2026-05-13,DLN,Dalen,47,0,0
2026-05-13,DMN,Diemen,151,10,0
2026-05-13,DMNZ,Diemen Zuid,136,1,0
2026-05-13,DN,Deurne,103,20,16
2026-05-13,DR,Dieren,146,3,15
2026-05-13,DRH,Driehuis,78,1,0
2026-05-13,DRON,Dronten,72,1,0
2026-05-13,DRP,Dronryp,68,0,0
2026-05-13,DT,Delft,390,26,113
2026-05-13,DTC,Doetinchem,103,1,0
2026-05-13,DTCH,Doetinchem De Huet,132,3,0
2026-05-13,DTCP,Delft Campus,181,6,68
2026-05-13,DUSSEL,Düsseldorf Hbf,1,0,0
2026-05-13,DV,Deventer,264,13,15
2026-05-13,DVC,Deventer Colmschate,74,1,0
2026-05-13,DVD,Duivendrecht,253,9,2
2026-05-13,DVN,Duiven,136,2,0
2026-05-13,DVNK,De Vink,133,2,1
2026-05-13,DWE,De Westereen,71,6,0
2026-05-13,DZ,Delfzijl,36,2,0
2026-05-13,DZW,Delfzijl West,72,4,0
2026-05-13,EABG,Altenberge,38,3,0
2026-05-13,EAHS,Ahaus,33,13,0
2026-05-13,EBFT,Steinfurt-Burgsteinfurt,38,3,0
2026-05-13,EBGO,Steinfurt-Borghorst,38,4,0
2026-05-13,EBOK,Bork (Westf),32,7,0
2026-05-13,EC,Echt,62,2,13
2026-05-13,ECMF,Coesfeld (Westf),32,15,0
2026-05-13,ED,Ede-Wageningen,242,7,2
2026-05-13,EDC,Ede Centrum,78,0,0
2026-05-13,EDD,Dortmund-Derne,32,12,0
2026-05-13,EDKD,Dortmund-Kirchderne,32,12,0
2026-05-13,EDN,Eijsden,32,2,9
2026-05-13,EDO,Dortmund Hbf,16,7,0
2026-05-13,EDULH,Dülmen,32,15,0
2026-05-13,EEM,Eemshaven,28,0,1
2026-05-13,EEPE,Epe (Westf),33,7,0
2026-05-13,EGH,Eygelshoven,76,2,0
2026-05-13,EGHM,Eygelshoven Markt,62,1,5
2026-05-13,EGRK,Steinfurt-Grottenkamp,38,1,0
2026-05-13,EHS,Eindhoven Strijp-S,138,10,24
2026-05-13,EHV,Eindhoven Centraal,344,50,109
2026-05-13,EHW,Rosendahl-Holtwick,33,12,0
2026-05-13,EKZ,Enkhuizen,39,2,17
2026-05-13,EL,Emmerich-Elten,38,0,0
2026-05-13,ELDH,Lüdinghausen,32,10,0
2026-05-13,ELET,Lette (Kr Coesfeld),32,14,0
2026-05-13,ELGD,Legden,33,11,0
2026-05-13,ELUE,Lünen Hbf,32,13,0
2026-05-13,EM,Emmerich,64,0,0
2026-05-13,EML,Ermelo,73,0,2
2026-05-13,EMN,Emmen,41,0,0
2026-05-13,EMNZ,Emmen Zuid,82,0,0
2026-05-13,EMTE,Metelen Land,38,0,0
2026-05-13,ENBE,Münster-Häger,38,2,0
2026-05-13,ENHF,Münster (W) Zentrum Nord,38,2,0
2026-05-13,ENOW,Nordwalde,38,2,0
2026-05-13,EOP,Ochtrup,38,2,0
2026-05-13,EPRN,Preussen,32,11,0
2026-05-13,ES,Enschede,140,6,1
2026-05-13,ESE,Enschede De Eschmarke,76,1,0
2026-05-13,ESEB,Selm-Beifang,32,7,0
2026-05-13,ESEM,Selm,32,7,0
2026-05-13,ESK,Enschede Kennispark,95,1,1
2026-05-13,ESN,Essen,35,2,0
2026-05-13,EST,Elst,186,4,11
2026-05-13,ETN,Etten-Leur,76,7,13
2026-05-13,FBNL,Brussels Airport-Zaventem,30,2,2
2026-05-13,FFFM,Frankfurt (M) Hbf,6,1,0
2026-05-13,FKTH,Kalmthout,35,2,0
2026-05-13,FKW,Kassel-Wilhelmshöhe,2,0,0
2026-05-13,FMZ,Mainz Hbf,2,0,0
2026-05-13,FN,Franeker,68,0,0
2026-05-13,FNAF,Frankfurt Flughafen Fernb,15,4,0
2026-05-13,FNZD,Antwerpen-Zuid,33,2,0
2026-05-13,FRP,Puurs,17,0,0
2026-05-13,FVS,Visé,34,1,7
2026-05-13,FWD,Feanwâlden,135,9,0
2026-05-13,G,Gronau (Westf.),75,6,0
2026-05-13,GBG,Gramsbergen,47,0,0
2026-05-13,GBR,Glanerbrug,76,2,0
2026-05-13,GD,Gouda,505,7,13
2026-05-13,GDG,Gouda Goverwelle,163,5,8
2026-05-13,GDM,Geldermalsen,182,4,14
2026-05-13,GDR,Gaanderen,74,0,0
2026-05-13,GERP,Groningen Europapark,335,17,4
2026-05-13,GK,Grijpskerk,71,6,0
2026-05-13,GKT,Kijkuit,35,2,0
2026-05-13,GLN,Geleen Oost,74,2,2
2026-05-13,GN,Groningen,373,18,4
2026-05-13,GND,Hardinxveld-Giessendam,130,27,6
2026-05-13,GNN,Groningen Noord,146,5,2
2026-05-13,GO,Goor,73,1,0
2026-05-13,GP,Geldrop,65,8,10
2026-05-13,GR,Gorinchem,100,4,4
2026-05-13,GS,Goes,101,6,28
2026-05-13,GV,Den Haag HS,390,20,118
2026-05-13,GVC,Den Haag Centraal,327,15,48
2026-05-13,GVM,Den Haag Mariahoeve,133,6,1
2026-05-13,GVMW,Den Haag Moerwijk,190,5,59
2026-05-13,GW,Grou-Jirnsum,68,0,0
2026-05-13,GWD,Wildert,35,2,0
2026-05-13,GZ,Gilze-Rijen,69,11,9
2026-05-13,HAD,Heemstede-Aerdenhout,215,6,22
2026-05-13,HAMM,Hamm (Westf.),2,0,0
2026-05-13,HANN,Hannover Hbf,14,10,0
2026-05-13,HB,Hoensbroek,74,1,2
2026-05-13,HBZM,Hardinxveld Blauwe Zoom,74,14,1
2026-05-13,HD,Harderwijk,76,0,2
2026-05-13,HDB,Hardenberg,122,0,0
2026-05-13,HDE,'t Harde,73,0,2
2026-05-13,HDG,Hurdegaryp,72,5,0
2026-05-13,HDR,Den Helder,39,1,2
2026-05-13,HDRZ,Den Helder Zuid,79,1,5
2026-05-13,HFD,Hoofddorp,209,20,1
2026-05-13,HGL,Hengelo,305,17,3
2026-05-13,HGLG,Hengelo Gezondheidspark,73,2,0
2026-05-13,HGLO,Hengelo Oost,76,2,0
2026-05-13,HGV,Hoogeveen,74,4,0
2026-05-13,HGZ,Hoogezand-Sappemeer,139,11,2
2026-05-13,HIL,Hillegom,75,0,0
2026-05-13,HK,Heemskerk,78,1,0
2026-05-13,HKS,Hoogkarspel,79,4,29
2026-05-13,HLG,Harlingen,68,0,0
2026-05-13,HLGH,Harlingen Haven,34,0,0
2026-05-13,HLM,Haarlem,330,7,24
2026-05-13,HLMS,Haarlem Spaarnwoude,152,4,2
2026-05-13,HLO,Heiloo,161,6,2
2026-05-13,HM,Helmond,138,24,19
2026-05-13,HMBH,Helmond Brouwhuis,70,13,6
2026-05-13,HMBV,Helmond Brandevoort,70,14,6
2026-05-13,HMH,Helmond 't Hout,70,12,6
2026-05-13,HMN,Hemmen-Dodewaard,66,0,0
2026-05-13,HN,Hoorn,217,8,31
2026-05-13,HNK,Hoorn Kersenboogerd,146,5,29
2026-05-13,HNO,Heino,75,0,1
2026-05-13,HNP,Hindeloopen,46,1,0
2026-05-13,HOHT,Osnabrück Altstadt,36,7,0
2026-05-13,HON,Holten,74,1,0
2026-05-13,HOR,Hollandsche Rading,82,2,0
2026-05-13,HR,Heerenveen,139,0,0
2026-05-13,HRL,Heerlen,205,15,20
2026-05-13,HRLW,Heerlen Woonboulevard,78,1,0
2026-05-13,HRN,Haren,100,4,0
2026-05-13,HRT,Horst-Sevenum,68,9,13
2026-05-13,HT,'s-Hertogenbosch,413,48,97
2026-05-13,HTN,Houten,151,5,10
2026-05-13,HTNC,Houten Castellum,148,7,13
2026-05-13,HTO,'s-Hertogenbosch Oost,76,12,5
2026-05-13,HVL,Hoevelaken,138,0,0
2026-05-13,HVS,Hilversum,286,15,2
2026-05-13,HVSM,Hilversum Media Park,137,3,0
2026-05-13,HVSP,Hilversum Sportpark,137,2,0
2026-05-13,HWD,Heerhugowaard,146,8,4
2026-05-13,HWZB,Halfweg-Zwanenburg,152,2,2
2026-05-13,HZ,Herzogenrath,62,1,5
2026-05-13,HZE,Heeze,65,8,10
2026-05-13,IJT,IJlst,46,0,0
2026-05-13,INNSB,Innsbruck Hbf,1,0,0
2026-05-13,JENBAC,Jenbach,1,0,0
2026-05-13,KARLSR,Karlsruhe Hbf,1,0,0
2026-05-13,KBB,Bonn-Beuel,2,0,0
2026-05-13,KBD,Krabbendijke,70,7,21
2026-05-13,KBK,Klarenbeek,64,0,0
2026-05-13,KBOI,Boisheim,36,0,0
2026-05-13,KBRY,Breyell,36,0,0
2026-05-13,KDUL,Dülken,36,0,0
2026-05-13,KKO,Koblenz Hbf,2,0,0
2026-05-13,KLP,Veenendaal-De Klomp,126,6,0
2026-05-13,KMA,Krommenie-Assendelft,111,4,6
2026-05-13,KMR,Klimmen-Ransdaal,78,2,0
2026-05-13,KMW,Koudum-Molkwerum,46,0,0
2026-05-13,KN,Kaldenkirchen,36,0,0
2026-05-13,KOLN,Köln Hbf,16,4,0
2026-05-13,KPN,Kampen,39,0,0
2026-05-13,KPNZ,Kampen Zuid,72,0,0
2026-05-13,KRD,Kerkrade Centrum,38,1,0
2026-05-13,KRG,Kruiningen-Yerseke,71,5,20
2026-05-13,KSB,Siegburg/Bonn,14,2,0
2026-05-13,KTR,Kesteren,66,0,0
2026-05-13,KUFST,Kufstein,1,0,0
2026-05-13,KW,Kropswolde,139,8,2
2026-05-13,KZ,Koog aan de Zaan,113,4,4
2026-05-13,LAA,Den Haag Laan v NOI,351,15,39
2026-05-13,LC,Lochem,72,0,0
2026-05-13,LDL,Leiden Lammenschans,108,1,4
2026-05-13,LDM,Leerdam,71,1,2
2026-05-13,LEDN,Leiden Centraal,553,19,28
2026-05-13,LEER,Leer (Ostfriesl),25,0,0
2026-05-13,LG,Landgraaf,138,10,5
2026-05-13,LILLEE,Lille Europe,7,1,0
2026-05-13,LKP,Kapellen,35,3,0
2026-05-13,LKR,Ekeren,35,3,0
2026-05-13,LLS,Lelystad Centrum,181,6,3
2026-05-13,LLZM,Lansingerland-Zoetermeer,98,1,6
2026-05-13,LP,Loppersum,72,4,0
2026-05-13,LTN,Lunteren,78,0,0
2026-05-13,LTV,Lichtenvoorde-Groenlo,71,6,0
2026-05-13,LUIK,Liège-Guillemins,18,0,3
2026-05-13,LUT,Geleen-Lutterade,76,2,0
2026-05-13,LW,Leeuwarden,207,6,2
2026-05-13,LWC,Leeuwarden Camminghaburen,71,7,0
2026-05-13,MA,Augsburg Hbf,2,0,0
2026-05-13,MANNHE,Mannheim Hbf,3,0,0
2026-05-13,MARIA,Sint-Mariaburg,35,3,0
2026-05-13,MARNE,Marne-la-Vallée-Chessy,1,1,0
2026-05-13,MAS,Maarssen,119,5,0
2026-05-13,MCGB,Mönchengladbach Hbf,49,5,0
2026-05-13,MDB,Middelburg,101,5,28
2026-05-13,MECH,Mechelen,30,1,2
2026-05-13,MES,Meerssen,136,9,7
2026-05-13,MG,Mantgum,67,1,1
2026-05-13,MID,Heide (B),35,2,0
2026-05-13,MMLH,Mook-Molenhoek,110,1,7
2026-05-13,MOP,München Ost,1,0,0
2026-05-13,MP,Meppel,212,3,1
2026-05-13,MRB,Mariënberg,130,0,0
2026-05-13,MRN,Maarn,74,3,0
2026-05-13,MT,Maastricht,234,7,21
2026-05-13,MTH,Martenshoek,139,10,2
2026-05-13,MTN,Maastricht Noord,76,3,2
2026-05-13,MTR,Maastricht Randwyck,107,3,11
2026-05-13,MUNCHH,München Hbf,2,0,0
2026-05-13,MUNST,Münster (Westf) Hbf,20,1,0
2026-05-13,MZ,Maarheeze,65,6,10
2026-05-13,NA,Nieuw Amsterdam,76,0,0
2026-05-13,NDB,Naarden-Bussum,211,6,0
2026-05-13,NDKP,Noorderkempen,30,4,2
2026-05-13,NEUSS,Neuss Hbf,2,0,0
2026-05-13,NH,Nuth,74,3,2
2026-05-13,NKK,Nijkerk,79,0,2
2026-05-13,NM,Nijmegen,314,27,31
2026-05-13,NMD,Nijmegen Dukenburg,121,16,7
2026-05-13,NMGO,Nijmegen Goffert,121,16,7
2026-05-13,NMH,Nijmegen Heyendaal,110,1,7
2026-05-13,NML,Nijmegen Lent,122,4,10
2026-05-13,NS,Nunspeet,73,0,2
2026-05-13,NSCH,Bad Nieuweschans,38,3,0
2026-05-13,NURNB,Nürnberg Hbf,1,0,0
2026-05-13,NVD,Nijverdal,103,0,1
2026-05-13,NVP,Nieuw Vennep,163,9,2
2026-05-13,NWK,Nieuwerkerk a/d IJssel,77,5,2
2026-05-13,O,Oss,148,18,18
2026-05-13,OBD,Obdam,66,3,0
2026-05-13,OBERH,Oberhausen Hbf,32,0,0
2026-05-13,ODB,Oudenbosch,69,1,0
2026-05-13,ODZ,Oldenzaal,74,8,0
2026-05-13,OMN,Ommen,96,0,0
2026-05-13,OP,Opheusden,66,0,0
2026-05-13,OSNH,Osnabrück Hbf,49,13,0
2026-05-13,OST,Olst,74,4,13
2026-05-13,OT,Oisterwijk,70,10,6
2026-05-13,OTB,Oosterbeek,68,0,0
2026-05-13,OVN,Overveen,75,0,0
2026-05-13,OW,Oss West,76,13,5
2026-05-13,PARIS,Paris-Nord,9,3,1
2026-05-13,PMO,Purmerend Overwhere,108,1,1
2026-05-13,PMR,Purmerend,112,2,1
2026-05-13,PMW,Purmerend Weidevenne,108,1,1
2026-05-13,PRAHA,Praha hl.n.,1,0,0
2026-05-13,PT,Putten,73,0,2
2026-05-13,RAI,Amsterdam RAI,337,3,5
2026-05-13,RAT,Raalte,103,1,1
2026-05-13,RB,Rilland-Bath,70,9,21
2026-05-13,RBB,Baden-Baden,1,0,0
2026-05-13,RD,Roodeschool,64,0,2
2026-05-13,RF,Freiburg (Breisgau) Hbf,1,0,0
2026-05-13,RH,Rheden,72,0,2
2026-05-13,RHEINE,Rheine,51,12,1
2026-05-13,RHN,Rhenen,37,1,0
2026-05-13,RL,Ruurlo,71,12,0
2026-05-13,RLB,Rotterdam Lombardijen,161,7,91
2026-05-13,RM,Roermond,180,11,78
2026-05-13,RO,Offenburg,1,0,0
2026-05-13,ROSENH,Rosenheim,1,0,0
2026-05-13,RS,Rosmalen,76,10,5
2026-05-13,RSD,Roosendaal,182,17,30
2026-05-13,RSN,Rijssen,74,1,0
2026-05-13,RSW,Rijswijk,190,6,59
2026-05-13,RTA,Rotterdam Alexander,215,7,5
2026-05-13,RTB,Rotterdam Blaak,248,11,164
2026-05-13,RTD,Rotterdam Centraal,588,61,204
2026-05-13,RTN,Rotterdam Noord,77,5,2
2026-05-13,RTST,Rotterdam Stadion,1,0,0
2026-05-13,RTZ,Rotterdam Zuid,141,4,111
2026-05-13,RV,Reuver,74,5,7
2026-05-13,RVS,Ravenstein,73,11,5
2026-05-13,SBK,Spaubeek,74,1,2
2026-05-13,SD,Soestdijk,70,0,0
2026-05-13,SDA,Scheemda,115,9,3
2026-05-13,SDM,Schiedam Centrum,308,16,107
2026-05-13,SDT,Sliedrecht,131,23,5
2026-05-13,SDTB,Sliedrecht Baanhoek,131,42,5
2026-05-13,SGL,Houthem-St. Gerlach,76,3,2
2026-05-13,SGN,Schagen,79,2,5
2026-05-13,SHL,Schiphol Airport,512,64,23
2026-05-13,SK,Sneek,65,0,0
2026-05-13,SKND,Sneek Noord,80,1,1
2026-05-13,SM,Swalmen,72,3,9
2026-05-13,SN,Schinnen,74,2,2
2026-05-13,SOG,Schin op Geul,78,2,0
2026-05-13,SPTN,Santpoort Noord,78,1,0
2026-05-13,SPTZ,Santpoort Zuid,78,1,0
2026-05-13,SRN,Susteren,61,2,13
2026-05-13,SSH,Sassenheim,163,8,2
2026-05-13,ST,Soest,70,0,0
2026-05-13,STD,Sittard,224,15,74
2026-05-13,STM,Stedum,72,4,0
2026-05-13,STP,London St. Pancras Int.,5,1,0
2026-05-13,STV,Stavoren,23,0,0
2026-05-13,STZ,Soest Zuid,70,0,0
2026-05-13,SWD,Sauwerd,146,3,2
2026-05-13,SWK,Steenwijk,139,0,0
2026-05-13,TB,Tilburg,276,46,47
2026-05-13,TBG,Terborg,74,0,0
2026-05-13,TBR,Tilburg Reeshof,69,10,9
2026-05-13,TBU,Tilburg Universiteit,100,12,16
2026-05-13,TG,Tegelen,73,6,8
2026-05-13,TL,Tiel,71,2,2
2026-05-13,TPSW,Tiel Passewaaij,75,4,4
2026-05-13,TS,Stuttgart Hbf,2,0,0
2026-05-13,TU,Ulm Hbf,2,0,0
2026-05-13,TWL,Twello,74,2,0
2026-05-13,UHM,Uithuizermeeden,72,0,2
2026-05-13,UHZ,Uithuizen,72,0,2
2026-05-13,UST,Usquert,72,0,2
2026-05-13,UT,Utrecht Centraal,1000,39,86
2026-05-13,UTG,Uitgeest,136,2,2
2026-05-13,UTLN,Utrecht Lunetten,151,3,10
2026-05-13,UTLR,Utrecht Leidsche Rijn,182,2,11
2026-05-13,UTM,Utrecht Maliebaan,8,0,0
2026-05-13,UTO,Utrecht Overvecht,298,2,1
2026-05-13,UTT,Utrecht Terwijde,128,2,6
2026-05-13,UTVR,Utrecht Vaartsche Rijn,255,7,10
2026-05-13,UTZL,Utrecht Zuilen,117,5,0
2026-05-13,VB,Voorburg,98,1,6
2026-05-13,VD,Vorden,71,6,0
2026-05-13,VDL,Voerendaal,78,2,0
2026-05-13,VDM,Veendam,34,5,1
2026-05-13,VEM,Voorst-Empe,64,0,0
2026-05-13,VG,Vught,77,4,7
2026-05-13,VH,Voorhout,75,0,0
2026-05-13,VHP,Vroomshoop,56,0,0
2026-05-13,VIERS,Viersen,36,0,0
2026-05-13,VK,Valkenburg,137,9,6
2026-05-13,VL,Venlo,159,25,17
2026-05-13,VLB,Vierlingsbeek,110,2,7
2026-05-13,VNDC,Veenendaal Centrum,74,1,0
2026-05-13,VNDW,Veenendaal West,74,1,0
2026-05-13,VP,Velp,72,0,2
2026-05-13,VRY,Venray,95,2,7
2026-05-13,VS,Vlissingen,50,4,15
2026-05-13,VSS,Vlissingen Souburg,72,3,19
2026-05-13,VST,Voorschoten,133,4,1
2026-05-13,VSV,Varsseveld,74,0,0
2026-05-13,VTN,Vleuten,128,0,6
2026-05-13,VZ,Vriezenveen,56,0,0
2026-05-13,WAD,Waddinxveen,112,0,0
2026-05-13,WADN,Waddinxveen Noord,112,0,0
2026-05-13,WADT,Waddinxveen Triangel,112,0,0
2026-05-13,WC,Wijchen,97,12,6
2026-05-13,WD,Woerden,268,6,12
2026-05-13,WDN,Wierden,149,1,1
2026-05-13,WESEL,Wesel,64,0,0
2026-05-13,WF,Wolfheze,68,0,0
2026-05-13,WFM,Warffum,72,0,2
2026-05-13,WH,Wijhe,74,4,13
2026-05-13,WK,Workum,46,1,0
2026-05-13,WL,Wehl,132,2,0
2026-05-13,WM,Wormerveer,112,6,5
2026-05-13,WORGL,Wörgl Hbf,1,0,0
2026-05-13,WP,Weesp,290,11,0
2026-05-13,WR,Weener,34,0,0
2026-05-13,WS,Winschoten,78,6,2
2026-05-13,WSM,Winsum,74,0,2
2026-05-13,WT,Weert,154,16,64
2026-05-13,WTV,Westervoort,135,3,0
2026-05-13,WURZB,Würzburg Hbf,2,0,0
2026-05-13,WV,Wolvega,68,0,0
2026-05-13,WW,Winterswijk,73,4,0
2026-05-13,WWW,Winterswijk West,71,4,0
2026-05-13,WZ,Wezep,73,0,2
2026-05-13,YPB,Den Haag Ypenburg,98,2,6
2026-05-13,ZA,Zetten-Andelst,66,0,0
2026-05-13,ZB,Zuidbroek,139,9,3
2026-05-13,ZBM,Zaltbommel,76,4,5
2026-05-13,ZD,Zaandam,344,15,29
2026-05-13,ZDK,Zaandam Kogerveld,108,3,1
2026-05-13,ZH,Zuidhorn,104,10,0
2026-05-13,ZL,Zwolle,468,12,10
2026-05-13,ZLSH,Zwolle Stadshagen,78,0,0
2026-05-13,ZLW,Lage Zwaluwe,142,10,6
2026-05-13,ZP,Zutphen,217,7,14
2026-05-13,ZTM,Zoetermeer,98,2,6
2026-05-13,ZTMO,Zoetermeer Oost,98,2,6
2026-05-13,ZUE,Zürich HB,1,0,0
2026-05-13,ZV,Zevenaar,170,3,0
2026-05-13,ZVB,Zevenbergen,69,1,0
2026-05-13,ZVT,Zandvoort aan Zee,38,0,0
2026-05-13,ZWD,Zwijndrecht,177,6,74
2026-05-13,ZZS,Zaandijk Zaanse Schans,113,4,4
2026-05-14,AC,Abcoude,102,5,4
2026-05-14,AH,Arnhem Centraal,448,7,3
2026-05-14,AHBF,Aachen Hbf,30,0,1
2026-05-14,AHP,Arnhem Velperpoort,140,2,5
2026-05-14,AHPR,Arnhem Presikhaaf,68,1,0
2026-05-14,AHZ,Arnhem Zuid,75,0,0
2026-05-14,AKL,Arkel,59,1,1
2026-05-14,AKM,Akkrum,37,0,0
2026-05-14,ALM,Almere Centrum,250,9,1
2026-05-14,ALMB,Almere Buiten,141,3,0
2026-05-14,ALMM,Almere Muziekwijk,211,6,0
2026-05-14,ALMO,Almere Oostvaarders,111,2,0
2026-05-14,ALMP,Almere Parkwijk,141,1,0
2026-05-14,AMF,Amersfoort Centraal,383,16,1
2026-05-14,AMFS,Amersfoort Schothorst,139,2,0
2026-05-14,AML,Almelo,191,0,1
2026-05-14,AMPO,Almere Poort,211,5,0
2026-05-14,AMR,Alkmaar,158,7,7
2026-05-14,AMRI,Almelo de Riet,72,0,1
2026-05-14,AMRN,Alkmaar Noord,134,2,2
2026-05-14,ANA,Anna Paulowna,72,2,2
2026-05-14,ANDD,Antwerpen-Noorderdokken,33,0,0
2026-05-14,APD,Apeldoorn,148,5,0
2026-05-14,APDM,Apeldoorn De Maten,34,1,0
2026-05-14,APDO,Apeldoorn Osseveld,37,1,0
2026-05-14,APG,Appingedam,66,0,2
2026-05-14,APN,Alphen a/d Rijn,131,0,0
2026-05-14,ARN,Arnemuiden,71,1,2
2026-05-14,ASA,Amsterdam Amstel,332,24,13
2026-05-14,ASB,Amsterdam Bijlmer ArenA,279,10,7
2026-05-14,ASD,Amsterdam Centraal,916,57,27
2026-05-14,ASDL,Amsterdam Lelylaan,406,5,0
2026-05-14,ASDM,Amsterdam Muiderpoort,155,12,64
2026-05-14,ASDZ,Amsterdam Zuid,558,0,0
2026-05-14,ASHD,Amsterdam Holendrecht,74,2,2
2026-05-14,ASN,Assen,144,6,1
2026-05-14,ASS,Amsterdam Sloterdijk,812,41,18
2026-05-14,ASSP,Amsterdam Science Park,137,7,0
2026-05-14,ATN,Aalten,73,0,2
2026-05-14,ATW,Antwerpen-Centraal,119,26,4
2026-05-14,ATWLB,Antwerpen-Luchtbal,33,1,0
2026-05-14,AVAT,Amersfoort Vathorst,105,2,0
2026-05-14,AW,Aachen West,61,0,2
2026-05-14,BADENZ,Baden (CH),1,0,0
2026-05-14,BASELB,Basel Bad Bf,1,0,0
2026-05-14,BASELS,Basel SBB,1,0,0
2026-05-14,BD,Breda,258,12,11
2026-05-14,BDE,Bunde,74,0,0
2026-05-14,BDG,Bodegraven,74,0,0
2026-05-14,BDM,Bedum,66,0,2
2026-05-14,BDPB,Breda-Prinsenbeek,69,3,0
2026-05-14,BERCH,Antwerpen-Berchem,61,1,1
2026-05-14,BERHBT,Berlin Hbf,12,3,0
2026-05-14,BET,Best,138,1,2
2026-05-14,BF,Baflo,72,0,0
2026-05-14,BGN,Bergen op Zoom,71,1,2
2026-05-14,BH,Bad Bentheim,52,16,1
2026-05-14,BHDV,Boven-Hardinxveld,74,0,1
2026-05-14,BHF,Berlin Ostbahnhof,6,2,0
2026-05-14,BHV,Bilthoven,137,0,0
2026-05-14,BIELEF,Bielefeld Hbf,17,0,0
2026-05-14,BK,Beek-Elsloo,74,0,0
2026-05-14,BKF,Bovenkarspel Flora,69,0,1
2026-05-14,BKG,Bovenkarspel-Grootebroek,69,0,1
2026-05-14,BKL,Breukelen,122,4,8
2026-05-14,BL,Beilen,72,3,0
2026-05-14,BLL,Bloemendaal,75,3,0
2026-05-14,BMN,Brummen,68,1,0
2026-05-14,BMR,Boxmeer,72,5,5
2026-05-14,BN,Borne,72,1,1
2026-05-14,BNC,Barneveld Centrum,79,8,1
2026-05-14,BNK,Bunnik,72,2,3
2026-05-14,BNN,Barneveld Noord,79,8,1
2026-05-14,BNZ,Barneveld Zuid,79,8,1
2026-05-14,BP,Buitenpost,99,0,1
2026-05-14,BR,Blerick,165,19,6
2026-05-14,BRD,Barendrecht,121,2,0
2026-05-14,BRESSX,Bressoux,34,2,2
2026-05-14,BRN,Baarn,110,3,0
2026-05-14,BRUSC,Brussel-Centraal,30,1,2
2026-05-14,BRUSN,Brussel-Noord,30,1,2
2026-05-14,BRUSZ,Brussel-Zuid,63,14,2
2026-05-14,BSD,Beesd,58,1,2
2026-05-14,BSK,Boskoop,114,0,0
2026-05-14,BSKS,Boskoop Snijdelwijk,114,0,0
2026-05-14,BSMZ,Bussum Zuid,125,5,0
2026-05-14,BSPD,Berlin-Spandau,12,5,0
2026-05-14,BTL,Boxtel,138,4,2
2026-05-14,BUENDE,Bünde (Westf),48,10,0
2026-05-14,BV,Beverwijk,75,2,0
2026-05-14,BZL,Kapelle-Biezelinge,71,1,2
2026-05-14,CAS,Castricum,183,14,10
2026-05-14,CK,Cuijk,71,4,6
2026-05-14,CL,Culemborg,143,3,0
2026-05-14,CO,Coevorden,72,0,0
2026-05-14,CPS,Capelle Schollevaar,72,1,2
2026-05-14,CVM,Chevremont,74,0,0
2026-05-14,DA,Daarlerveen,45,0,0
2026-05-14,DB,Driebergen-Zeist,145,5,5
2026-05-14,DDN,Delden,66,1,0
2026-05-14,DDR,Dordrecht,255,6,0
2026-05-14,DDRS,Dordrecht Stadspolders,74,1,1
2026-05-14,DDZD,Dordrecht Zuid,108,2,0
2026-05-14,DEI,Deinum,64,0,0
2026-05-14,DID,Didam,75,0,2
2026-05-14,DL,Dalfsen,72,2,0
2026-05-14,DLD,Den Dolder,137,1,0
2026-05-14,DLN,Dalen,40,0,0
2026-05-14,DMN,Diemen,137,7,0
2026-05-14,DMNZ,Diemen Zuid,128,3,0
2026-05-14,DN,Deurne,126,8,2
2026-05-14,DR,Dieren,139,3,0
2026-05-14,DRH,Driehuis,75,2,0
2026-05-14,DRON,Dronten,66,2,1
2026-05-14,DRP,Dronryp,64,0,0
2026-05-14,DT,Delft,338,9,1
2026-05-14,DTC,Doetinchem,73,0,2
2026-05-14,DTCH,Doetinchem De Huet,75,0,2
2026-05-14,DTCP,Delft Campus,121,2,0
2026-05-14,DUISB,Duisburg Hbf,1,0,0
2026-05-14,DV,Deventer,207,8,0
2026-05-14,DVC,Deventer Colmschate,36,1,0
2026-05-14,DVD,Duivendrecht,293,8,2
2026-05-14,DVN,Duiven,73,2,4
2026-05-14,DVNK,De Vink,79,1,0
2026-05-14,DWE,De Westereen,68,1,1
2026-05-14,DZ,Delfzijl,33,0,1
2026-05-14,DZW,Delfzijl West,66,0,2
2026-05-14,EABG,Altenberge,30,2,2
2026-05-14,EAHS,Ahaus,28,2,0
2026-05-14,EBFT,Steinfurt-Burgsteinfurt,30,4,2
2026-05-14,EBGO,Steinfurt-Borghorst,30,4,2
2026-05-14,EBOK,Bork (Westf),27,1,0
2026-05-14,EC,Echt,72,5,0
2026-05-14,ECMF,Coesfeld (Westf),27,2,0
2026-05-14,ED,Ede-Wageningen,204,9,2
2026-05-14,EDC,Ede Centrum,79,9,1
2026-05-14,EDD,Dortmund-Derne,27,3,0
2026-05-14,EDKD,Dortmund-Kirchderne,27,3,0
2026-05-14,EDN,Eijsden,34,3,2
2026-05-14,EDO,Dortmund Hbf,14,3,0
2026-05-14,EDULH,Dülmen,27,0,0
2026-05-14,EEM,Eemshaven,28,0,1
2026-05-14,EEPE,Epe (Westf),28,3,0
2026-05-14,EGH,Eygelshoven,74,0,0
2026-05-14,EGHM,Eygelshoven Markt,61,0,2
2026-05-14,EGRK,Steinfurt-Grottenkamp,30,3,2
2026-05-14,EHS,Eindhoven Strijp-S,138,6,2
2026-05-14,EHV,Eindhoven Centraal,350,26,9
2026-05-14,EHW,Rosendahl-Holtwick,28,2,0
2026-05-14,EKZ,Enkhuizen,33,0,0
2026-05-14,EL,Emmerich-Elten,37,0,0
2026-05-14,ELDH,Lüdinghausen,27,0,0
2026-05-14,ELET,Lette (Kr Coesfeld),27,0,0
2026-05-14,ELGD,Legden,28,1,0
2026-05-14,ELUE,Lünen Hbf,27,3,0
2026-05-14,EM,Emmerich,56,0,0
2026-05-14,EML,Ermelo,71,1,0
2026-05-14,EMN,Emmen,36,0,0
2026-05-14,EMNZ,Emmen Zuid,72,0,0
2026-05-14,EMTE,Metelen Land,30,4,2
2026-05-14,ENBE,Münster-Häger,30,2,2
2026-05-14,ENHF,Münster (W) Zentrum Nord,30,2,2
2026-05-14,ENOW,Nordwalde,30,4,2
2026-05-14,EOP,Ochtrup,30,3,2
2026-05-14,EPRN,Preussen,27,2,0
2026-05-14,ES,Enschede,112,6,4
2026-05-14,ESE,Enschede De Eschmarke,64,7,4
2026-05-14,ESEB,Selm-Beifang,27,2,0
2026-05-14,ESEM,Selm,27,1,0
2026-05-14,ESK,Enschede Kennispark,72,1,2
2026-05-14,ESN,Essen,33,0,0
2026-05-14,EST,Elst,93,0,0
2026-05-14,ETN,Etten-Leur,71,0,2
2026-05-14,FBNL,Brussels Airport-Zaventem,30,1,2
2026-05-14,FFFM,Frankfurt (M) Hbf,6,0,0
2026-05-14,FKTH,Kalmthout,33,0,0
2026-05-14,FKW,Kassel-Wilhelmshöhe,2,0,0
2026-05-14,FMZ,Mainz Hbf,1,0,1
2026-05-14,FN,Franeker,64,0,0
2026-05-14,FNAF,Frankfurt Flughafen Fernb,14,1,1
2026-05-14,FNZD,Antwerpen-Zuid,30,0,0
2026-05-14,FRP,Puurs,15,0,0
2026-05-14,FVS,Visé,34,2,2
2026-05-14,FWD,Feanwâlden,125,1,1
2026-05-14,G,Gronau (Westf.),63,8,2
2026-05-14,GBG,Gramsbergen,40,0,0
2026-05-14,GBR,Glanerbrug,64,7,4
2026-05-14,GD,Gouda,452,1,3
2026-05-14,GDG,Gouda Goverwelle,147,2,2
2026-05-14,GDM,Geldermalsen,171,5,2
2026-05-14,GDR,Gaanderen,73,0,2
2026-05-14,GERP,Groningen Europapark,288,8,3
2026-05-14,GK,Grijpskerk,68,0,1
2026-05-14,GKT,Kijkuit,33,0,0
2026-05-14,GLN,Geleen Oost,74,2,0
2026-05-14,GN,Groningen,341,7,4
2026-05-14,GND,Hardinxveld-Giessendam,74,1,1
2026-05-14,GNN,Groningen Noord,138,0,2
2026-05-14,GO,Goor,65,2,0
2026-05-14,GP,Geldrop,62,1,2
2026-05-14,GR,Gorinchem,66,1,1
2026-05-14,GS,Goes,71,1,2
2026-05-14,GSB,Berlin Gesundbrunnen,1,0,0
2026-05-14,GV,Den Haag HS,335,10,5
2026-05-14,GVC,Den Haag Centraal,319,2,4
2026-05-14,GVM,Den Haag Mariahoeve,79,1,0
2026-05-14,GVMW,Den Haag Moerwijk,121,2,0
2026-05-14,GW,Grou-Jirnsum,37,0,0
2026-05-14,GWD,Wildert,33,0,0
2026-05-14,GZ,Gilze-Rijen,71,3,0
2026-05-14,HAD,Heemstede-Aerdenhout,228,3,1
2026-05-14,HAMM,Hamm (Westf.),2,0,0
2026-05-14,HANN,Hannover Hbf,15,6,0
2026-05-14,HB,Hoensbroek,74,2,0
2026-05-14,HBZM,Hardinxveld Blauwe Zoom,60,1,1
2026-05-14,HD,Harderwijk,71,2,0
2026-05-14,HDB,Hardenberg,94,0,0
2026-05-14,HDE,'t Harde,71,1,0
2026-05-14,HDG,Hurdegaryp,68,0,1
2026-05-14,HDR,Den Helder,36,2,1
2026-05-14,HDRZ,Den Helder Zuid,72,2,2
2026-05-14,HFD,Hoofddorp,149,3,0
2026-05-14,HGL,Hengelo,253,11,4
2026-05-14,HGLG,Hengelo Gezondheidspark,66,1,0
2026-05-14,HGLO,Hengelo Oost,72,1,0
2026-05-14,HGV,Hoogeveen,72,3,0
2026-05-14,HGZ,Hoogezand-Sappemeer,132,2,2
2026-05-14,HIL,Hillegom,68,1,0
2026-05-14,HK,Heemskerk,75,2,0
2026-05-14,HKS,Hoogkarspel,69,0,1
2026-05-14,HLG,Harlingen,64,0,0
2026-05-14,HLGH,Harlingen Haven,32,0,0
2026-05-14,HLM,Haarlem,344,7,3
2026-05-14,HLMS,Haarlem Spaarnwoude,142,1,4
2026-05-14,HLO,Heiloo,146,4,4
2026-05-14,HM,Helmond,160,8,2
2026-05-14,HMBH,Helmond Brouwhuis,67,3,0
2026-05-14,HMBV,Helmond Brandevoort,67,3,0
2026-05-14,HMH,Helmond 't Hout,67,2,0
2026-05-14,HN,Hoorn,174,1,1
2026-05-14,HNK,Hoorn Kersenboogerd,104,0,1
2026-05-14,HNO,Heino,71,0,1
2026-05-14,HNP,Hindeloopen,36,0,0
2026-05-14,HOHT,Osnabrück Altstadt,35,6,0
2026-05-14,HON,Holten,36,0,0
2026-05-14,HOR,Hollandsche Rading,82,6,0
2026-05-14,HR,Heerenveen,104,0,0
2026-05-14,HRL,Heerlen,191,8,3
2026-05-14,HRLW,Heerlen Woonboulevard,74,0,0
2026-05-14,HRN,Haren,73,4,0
2026-05-14,HRT,Horst-Sevenum,93,7,2
2026-05-14,HT,'s-Hertogenbosch,382,24,7
2026-05-14,HTN,Houten,144,3,0
2026-05-14,HTNC,Houten Castellum,144,3,0
2026-05-14,HTO,'s-Hertogenbosch Oost,71,2,0
2026-05-14,HVL,Hoevelaken,79,7,1
2026-05-14,HVS,Hilversum,267,14,0
2026-05-14,HVSM,Hilversum Media Park,125,5,0
2026-05-14,HVSP,Hilversum Sportpark,126,7,0
2026-05-14,HWD,Heerhugowaard,134,2,2
2026-05-14,HWZB,Halfweg-Zwanenburg,142,2,4
2026-05-14,HZ,Herzogenrath,61,0,2
2026-05-14,HZE,Heeze,62,1,2
2026-05-14,IJT,IJlst,36,0,0
2026-05-14,INNSB,Innsbruck Hbf,1,0,0
2026-05-14,JENBAC,Jenbach,1,0,0
2026-05-14,KARLSR,Karlsruhe Hbf,1,0,0
2026-05-14,KBB,Bonn-Beuel,2,0,0
2026-05-14,KBD,Krabbendijke,71,0,2
2026-05-14,KBK,Klarenbeek,34,1,0
2026-05-14,KBOI,Boisheim,32,0,0
2026-05-14,KBRY,Breyell,32,0,0
2026-05-14,KDUL,Dülken,32,0,0
2026-05-14,KKO,Koblenz Hbf,2,0,0
2026-05-14,KLP,Veenendaal-De Klomp,75,2,0
2026-05-14,KMA,Krommenie-Assendelft,101,9,6
2026-05-14,KMR,Klimmen-Ransdaal,74,1,0
2026-05-14,KMW,Koudum-Molkwerum,36,0,0
2026-05-14,KN,Kaldenkirchen,32,0,0
2026-05-14,KOLN,Köln Hbf,16,0,0
2026-05-14,KPN,Kampen,35,1,2
2026-05-14,KPNZ,Kampen Zuid,66,2,1
2026-05-14,KRD,Kerkrade Centrum,37,0,0
2026-05-14,KRG,Kruiningen-Yerseke,71,1,2
2026-05-14,KSB,Siegburg/Bonn,14,0,0
2026-05-14,KTR,Kesteren,34,0,0
2026-05-14,KUFST,Kufstein,1,0,0
2026-05-14,KW,Kropswolde,132,2,2
2026-05-14,KZ,Koog aan de Zaan,103,8,4
2026-05-14,LAA,Den Haag Laan v NOI,217,4,1
2026-05-14,LC,Lochem,64,3,0
2026-05-14,LDL,Leiden Lammenschans,74,1,0
2026-05-14,LDM,Leerdam,58,1,2
2026-05-14,LEDN,Leiden Centraal,456,7,1
2026-05-14,LEER,Leer (Ostfriesl),25,0,0
2026-05-14,LG,Landgraaf,135,7,2
2026-05-14,LILLEE,Lille Europe,6,1,0
2026-05-14,LKP,Kapellen,33,0,0
2026-05-14,LKR,Ekeren,33,0,0
2026-05-14,LLS,Lelystad Centrum,144,4,2
2026-05-14,LLZM,Lansingerland-Zoetermeer,74,0,0
2026-05-14,LP,Loppersum,66,0,2
2026-05-14,LTN,Lunteren,79,6,1
2026-05-14,LTV,Lichtenvoorde-Groenlo,54,1,0
2026-05-14,LUIK,Liège-Guillemins,17,1,2
2026-05-14,LUT,Geleen-Lutterade,74,0,0
2026-05-14,LW,Leeuwarden,179,1,1
2026-05-14,LWC,Leeuwarden Camminghaburen,68,3,1
2026-05-14,MA,Augsburg Hbf,2,0,0
2026-05-14,MANNHE,Mannheim Hbf,3,0,0
2026-05-14,MARIA,Sint-Mariaburg,33,1,0
2026-05-14,MAS,Maarssen,75,2,5
2026-05-14,MCGB,Mönchengladbach Hbf,45,5,0
2026-05-14,MDB,Middelburg,71,1,2
2026-05-14,MECH,Mechelen,31,1,1
2026-05-14,MES,Meerssen,134,5,1
2026-05-14,MG,Mantgum,65,0,0
2026-05-14,MID,Heide (B),33,0,0
2026-05-14,MMLH,Mook-Molenhoek,72,3,2
2026-05-14,MOP,München Ost,1,0,0
2026-05-14,MP,Meppel,176,4,0
2026-05-14,MRB,Mariënberg,117,0,0
2026-05-14,MRN,Maarn,72,2,3
2026-05-14,MT,Maastricht,228,11,4
2026-05-14,MTH,Martenshoek,132,2,2
2026-05-14,MTN,Maastricht Noord,74,1,0
2026-05-14,MTR,Maastricht Randwyck,108,2,2
2026-05-14,MUNCHH,München Hbf,2,0,0
2026-05-14,MUNST,Münster (Westf) Hbf,15,2,2
2026-05-14,MZ,Maarheeze,62,1,2
2026-05-14,NA,Nieuw Amsterdam,72,0,0
2026-05-14,NDB,Naarden-Bussum,195,8,0
2026-05-14,NDKP,Noorderkempen,31,1,1
2026-05-14,NH,Nuth,74,2,0
2026-05-14,NKK,Nijkerk,71,0,0
2026-05-14,NM,Nijmegen,317,0,0
2026-05-14,NMD,Nijmegen Dukenburg,76,0,0
2026-05-14,NMGO,Nijmegen Goffert,76,0,0
2026-05-14,NMH,Nijmegen Heyendaal,73,0,0
2026-05-14,NML,Nijmegen Lent,75,0,0
2026-05-14,NS,Nunspeet,71,1,0
2026-05-14,NSCH,Bad Nieuweschans,36,1,0
2026-05-14,NURNB,Nürnberg Hbf,1,0,0
2026-05-14,NVD,Nijverdal,71,0,1
2026-05-14,NVP,Nieuw Vennep,78,2,0
2026-05-14,NWK,Nieuwerkerk a/d IJssel,72,0,2
2026-05-14,O,Oss,144,4,1
2026-05-14,OBD,Obdam,62,0,0
2026-05-14,OBERH,Oberhausen Hbf,28,0,0
2026-05-14,ODB,Oudenbosch,39,0,0
2026-05-14,ODZ,Oldenzaal,69,11,3
2026-05-14,OMN,Ommen,72,0,0
2026-05-14,OP,Opheusden,34,0,0
2026-05-14,OSNH,Osnabrück Hbf,50,13,0
2026-05-14,OST,Olst,71,2,0
2026-05-14,OT,Oisterwijk,64,4,2
2026-05-14,OTB,Oosterbeek,71,2,0
2026-05-14,OVN,Overveen,72,1,0
2026-05-14,OW,Oss West,71,3,0
2026-05-14,PARIS,Paris-Nord,11,2,0
2026-05-14,PMO,Purmerend Overwhere,73,0,0
2026-05-14,PMR,Purmerend,73,1,0
2026-05-14,PMW,Purmerend Weidevenne,73,1,0
2026-05-14,PT,Putten,71,0,0
2026-05-14,RAI,Amsterdam RAI,285,0,1
2026-05-14,RAT,Raalte,71,0,1
2026-05-14,RB,Rilland-Bath,71,1,2
2026-05-14,RBB,Baden-Baden,1,0,0
2026-05-14,RD,Roodeschool,64,2,1
2026-05-14,RF,Freiburg (Breisgau) Hbf,1,0,0
2026-05-14,RH,Rheden,68,1,0
2026-05-14,RHEINE,Rheine,51,11,0
2026-05-14,RHN,Rhenen,36,1,1
2026-05-14,RL,Ruurlo,54,1,0
2026-05-14,RLB,Rotterdam Lombardijen,121,2,0
2026-05-14,RM,Roermond,170,12,9
2026-05-14,RO,Offenburg,1,0,0
2026-05-14,ROSENH,Rosenheim,1,0,0
2026-05-14,RS,Rosmalen,71,2,0
2026-05-14,RSD,Roosendaal,146,2,2
2026-05-14,RSN,Rijssen,36,0,0
2026-05-14,RSW,Rijswijk,121,2,0
2026-05-14,RTA,Rotterdam Alexander,198,5,4
2026-05-14,RTB,Rotterdam Blaak,253,5,1
2026-05-14,RTD,Rotterdam Centraal,579,32,22
2026-05-14,RTN,Rotterdam Noord,72,1,2
2026-05-14,RTZ,Rotterdam Zuid,121,2,0
2026-05-14,RV,Reuver,71,4,5
2026-05-14,RVS,Ravenstein,76,0,0
2026-05-14,SBK,Spaubeek,74,2,0
2026-05-14,SD,Soestdijk,66,0,0
2026-05-14,SDA,Scheemda,100,1,0
2026-05-14,SDM,Schiedam Centrum,260,5,1
2026-05-14,SDT,Sliedrecht,74,1,1
2026-05-14,SDTB,Sliedrecht Baanhoek,74,2,1
2026-05-14,SGL,Houthem-St. Gerlach,74,1,0
2026-05-14,SGN,Schagen,72,2,2
2026-05-14,SHL,Schiphol Airport,464,30,16
2026-05-14,SK,Sneek,50,0,0
2026-05-14,SKND,Sneek Noord,65,0,0
2026-05-14,SM,Swalmen,70,2,6
2026-05-14,SN,Schinnen,74,2,0
2026-05-14,SOG,Schin op Geul,74,1,0
2026-05-14,SPTN,Santpoort Noord,75,2,0
2026-05-14,SPTZ,Santpoort Zuid,75,2,0
2026-05-14,SRN,Susteren,72,5,0
2026-05-14,SSH,Sassenheim,78,2,0
2026-05-14,ST,Soest,66,0,0
2026-05-14,STD,Sittard,212,11,7
2026-05-14,STM,Stedum,66,0,2
2026-05-14,STP,London St. Pancras Int.,4,1,0
2026-05-14,STV,Stavoren,18,0,0
2026-05-14,STZ,Soest Zuid,66,0,0
2026-05-14,SWD,Sauwerd,138,0,2
2026-05-14,SWK,Steenwijk,104,0,0
2026-05-14,TB,Tilburg,276,8,5
2026-05-14,TBG,Terborg,73,0,2
2026-05-14,TBR,Tilburg Reeshof,71,1,0
2026-05-14,TBU,Tilburg Universiteit,103,1,2
2026-05-14,TG,Tegelen,72,7,4
2026-05-14,TL,Tiel,52,1,1
2026-05-14,TPSW,Tiel Passewaaij,69,3,2
2026-05-14,TS,Stuttgart Hbf,2,0,0
2026-05-14,TU,Ulm Hbf,2,0,0
2026-05-14,TWL,Twello,37,1,0
2026-05-14,UHM,Uithuizermeeden,72,1,0
2026-05-14,UHZ,Uithuizen,72,1,0
2026-05-14,UST,Usquert,72,0,0
2026-05-14,UT,Utrecht Centraal,866,29,10
2026-05-14,UTG,Uitgeest,128,8,2
2026-05-14,UTLN,Utrecht Lunetten,144,3,0
2026-05-14,UTLR,Utrecht Leidsche Rijn,73,0,0
2026-05-14,UTM,Utrecht Maliebaan,8,0,0
2026-05-14,UTO,Utrecht Overvecht,279,4,0
2026-05-14,UTT,Utrecht Terwijde,73,0,0
2026-05-14,UTVR,Utrecht Vaartsche Rijn,216,5,3
2026-05-14,UTZL,Utrecht Zuilen,75,1,3
2026-05-14,VB,Voorburg,74,0,0
2026-05-14,VD,Vorden,54,1,0
2026-05-14,VDL,Voerendaal,74,0,0
2026-05-14,VDM,Veendam,32,0,1
2026-05-14,VEM,Voorst-Empe,34,1,0
2026-05-14,VG,Vught,74,4,0
2026-05-14,VH,Voorhout,68,1,0
2026-05-14,VHP,Vroomshoop,45,0,0
2026-05-14,VIERS,Viersen,32,0,0
2026-05-14,VK,Valkenburg,134,5,1
2026-05-14,VL,Venlo,179,20,6
2026-05-14,VLB,Vierlingsbeek,72,6,4
2026-05-14,VNDC,Veenendaal Centrum,72,1,3
2026-05-14,VNDW,Veenendaal West,72,1,3
2026-05-14,VP,Velp,68,1,0
2026-05-14,VRY,Venray,72,6,4
2026-05-14,VS,Vlissingen,35,1,0
2026-05-14,VSS,Vlissingen Souburg,71,1,2
2026-05-14,VST,Voorschoten,79,1,0
2026-05-14,VSV,Varsseveld,73,0,2
2026-05-14,VTN,Vleuten,73,0,0
2026-05-14,VZ,Vriezenveen,45,0,0
2026-05-14,WAD,Waddinxveen,114,0,0
2026-05-14,WADN,Waddinxveen Noord,114,0,0
2026-05-14,WADT,Waddinxveen Triangel,114,0,0
2026-05-14,WC,Wijchen,76,0,0
2026-05-14,WD,Woerden,219,4,2
2026-05-14,WDN,Wierden,107,0,1
2026-05-14,WESEL,Wesel,56,0,0
2026-05-14,WF,Wolfheze,71,2,0
2026-05-14,WFM,Warffum,72,0,0
2026-05-14,WH,Wijhe,71,1,0
2026-05-14,WK,Workum,36,0,0
2026-05-14,WL,Wehl,75,0,2
2026-05-14,WM,Wormerveer,102,7,5
2026-05-14,WORGL,Wörgl Hbf,1,0,0
2026-05-14,WP,Weesp,339,14,0
2026-05-14,WR,Weener,34,0,0
2026-05-14,WS,Winschoten,69,1,0
2026-05-14,WSM,Winsum,72,0,0
2026-05-14,WT,Weert,130,12,5
2026-05-14,WTV,Westervoort,72,1,5
2026-05-14,WURZB,Würzburg Hbf,2,0,0
2026-05-14,WV,Wolvega,37,0,0
2026-05-14,WW,Winterswijk,64,1,1
2026-05-14,WWW,Winterswijk West,54,3,0
2026-05-14,WZ,Wezep,71,0,0
2026-05-14,YPB,Den Haag Ypenburg,74,0,0
2026-05-14,ZA,Zetten-Andelst,34,0,0
2026-05-14,ZB,Zuidbroek,132,1,2
2026-05-14,ZBM,Zaltbommel,72,0,0
2026-05-14,ZD,Zaandam,282,23,13
2026-05-14,ZDK,Zaandam Kogerveld,73,1,0
2026-05-14,ZH,Zuidhorn,97,0,1
2026-05-14,ZL,Zwolle,407,9,4
2026-05-14,ZLSH,Zwolle Stadshagen,69,2,5
2026-05-14,ZLW,Lage Zwaluwe,108,2,0
2026-05-14,ZP,Zutphen,196,3,0
2026-05-14,ZTM,Zoetermeer,74,0,0
2026-05-14,ZTMO,Zoetermeer Oost,74,0,0
2026-05-14,ZUE,Zürich HB,1,0,0
2026-05-14,ZV,Zevenaar,111,0,3
2026-05-14,ZVB,Zevenbergen,39,0,0
2026-05-14,ZVT,Zandvoort aan Zee,36,0,0
2026-05-14,ZWD,Zwijndrecht,121,2,0
2026-05-14,ZZS,Zaandijk Zaanse Schans,103,9,4
2026-05-15,AC,Abcoude,117,6,0
2026-05-15,ACDG,Airport Charles de Gaulle,2,0,0
2026-05-15,AH,Arnhem Centraal,511,8,17
2026-05-15,AHAR,Hamburg-Harburg,1,0,0
2026-05-15,AHBF,Aachen Hbf,31,3,1
2026-05-15,AHP,Arnhem Velperpoort,209,3,0
2026-05-15,AHPR,Arnhem Presikhaaf,75,1,0
2026-05-15,AHZ,Arnhem Zuid,79,0,0
2026-05-15,AKL,Arkel,70,1,20
2026-05-15,AKM,Akkrum,69,1,0
2026-05-15,ALM,Almere Centrum,271,7,1
2026-05-15,ALMB,Almere Buiten,155,2,0
2026-05-15,ALMM,Almere Muziekwijk,231,6,0
2026-05-15,ALMO,Almere Oostvaarders,119,2,0
2026-05-15,ALMP,Almere Parkwijk,155,2,0
2026-05-15,AMF,Amersfoort Centraal,448,26,12
2026-05-15,AMFS,Amersfoort Schothorst,145,2,2
2026-05-15,AML,Almelo,258,11,15
2026-05-15,AMPO,Almere Poort,231,6,0
2026-05-15,AMR,Alkmaar,159,7,49
2026-05-15,AMRI,Almelo de Riet,97,3,0
2026-05-15,AMRN,Alkmaar Noord,150,4,28
2026-05-15,ANA,Anna Paulowna,83,2,16
2026-05-15,ANDD,Antwerpen-Noorderdokken,35,3,0
2026-05-15,APD,Apeldoorn,204,14,15
2026-05-15,APDM,Apeldoorn De Maten,56,0,9
2026-05-15,APDO,Apeldoorn Osseveld,72,6,8
2026-05-15,APG,Appingedam,72,0,0
2026-05-15,APN,Alphen a/d Rijn,168,0,3
2026-05-15,ARN,Arnemuiden,73,1,2
2026-05-15,ASA,Amsterdam Amstel,364,34,23
2026-05-15,ASB,Amsterdam Bijlmer ArenA,302,20,6
2026-05-15,ASD,Amsterdam Centraal,952,79,73
2026-05-15,ASDL,Amsterdam Lelylaan,420,15,2
2026-05-15,ASDM,Amsterdam Muiderpoort,208,21,71
2026-05-15,ASDZ,Amsterdam Zuid,576,0,0
2026-05-15,ASHD,Amsterdam Holendrecht,117,7,0
2026-05-15,ASN,Assen,156,2,0
2026-05-15,ASS,Amsterdam Sloterdijk,870,72,43
2026-05-15,ASSP,Amsterdam Science Park,153,11,1
2026-05-15,ATN,Aalten,76,0,0
2026-05-15,ATW,Antwerpen-Centraal,123,16,6
2026-05-15,ATWLB,Antwerpen-Luchtbal,35,4,0
2026-05-15,AVAT,Amersfoort Vathorst,109,2,1
2026-05-15,AW,Aachen West,62,4,2
2026-05-15,BADENZ,Baden (CH),1,0,0
2026-05-15,BASELB,Basel Bad Bf,1,0,0
2026-05-15,BASELS,Basel SBB,1,0,0
2026-05-15,BD,Breda,287,16,3
2026-05-15,BDE,Bunde,76,1,0
2026-05-15,BDG,Bodegraven,104,0,4
2026-05-15,BDM,Bedum,72,0,0
2026-05-15,BDPB,Breda-Prinsenbeek,73,2,1
2026-05-15,BERCH,Antwerpen-Berchem,66,6,0
2026-05-15,BERHBL,Berlin Hbf,1,0,0
2026-05-15,BERHBT,Berlin Hbf,12,4,0
2026-05-15,BET,Best,149,4,1
2026-05-15,BF,Baflo,76,0,0
2026-05-15,BGN,Bergen op Zoom,103,2,3
2026-05-15,BH,Bad Bentheim,56,11,0
2026-05-15,BHDV,Boven-Hardinxveld,108,7,45
2026-05-15,BHF,Berlin Ostbahnhof,7,4,0
2026-05-15,BHV,Bilthoven,143,2,2
2026-05-15,BIELEF,Bielefeld Hbf,18,0,0
2026-05-15,BK,Beek-Elsloo,75,0,0
2026-05-15,BKF,Bovenkarspel Flora,78,2,0
2026-05-15,BKG,Bovenkarspel-Grootebroek,78,1,0
2026-05-15,BKL,Breukelen,155,5,0
2026-05-15,BL,Beilen,76,0,0
2026-05-15,BLL,Bloemendaal,79,2,12
2026-05-15,BMN,Brummen,75,1,0
2026-05-15,BMR,Boxmeer,77,0,0
2026-05-15,BN,Borne,97,2,0
2026-05-15,BNC,Barneveld Centrum,136,4,4
2026-05-15,BNK,Bunnik,104,0,1
2026-05-15,BNN,Barneveld Noord,136,7,4
2026-05-15,BNZ,Barneveld Zuid,106,10,4
2026-05-15,BP,Buitenpost,105,4,0
2026-05-15,BR,Blerick,177,16,5
2026-05-15,BRD,Barendrecht,135,2,2
2026-05-15,BREMEN,Bremen Hbf,2,0,0
2026-05-15,BRESSX,Bressoux,38,0,0
2026-05-15,BRN,Baarn,114,6,2
2026-05-15,BRUSC,Brussel-Centraal,32,3,0
2026-05-15,BRUSN,Brussel-Noord,33,4,0
2026-05-15,BRUSZ,Brussel-Zuid,65,6,5
2026-05-15,BSD,Beesd,70,1,20
2026-05-15,BSK,Boskoop,126,0,0
2026-05-15,BSKS,Boskoop Snijdelwijk,126,0,0
2026-05-15,BSMZ,Bussum Zuid,140,11,1
2026-05-15,BSPD,Berlin-Spandau,12,4,0
2026-05-15,BTL,Boxtel,149,7,1
2026-05-15,BUENDE,Bünde (Westf),49,8,0
2026-05-15,BV,Beverwijk,79,2,12
2026-05-15,BZL,Kapelle-Biezelinge,73,0,2
2026-05-15,CAS,Castricum,169,6,68
2026-05-15,CK,Cuijk,77,0,0
2026-05-15,CL,Culemborg,150,5,2
2026-05-15,CO,Coevorden,76,0,0
2026-05-15,CPS,Capelle Schollevaar,78,5,0
2026-05-15,CVM,Chevremont,76,2,0
2026-05-15,DA,Daarlerveen,56,0,0
2026-05-15,DB,Driebergen-Zeist,167,7,18
2026-05-15,DDN,Delden,73,1,0
2026-05-15,DDR,Dordrecht,310,9,19
2026-05-15,DDRS,Dordrecht Stadspolders,121,12,32
2026-05-15,DDZD,Dordrecht Zuid,142,4,1
2026-05-15,DEI,Deinum,68,0,0
2026-05-15,DID,Didam,134,0,0
2026-05-15,DL,Dalfsen,76,0,0
2026-05-15,DLD,Den Dolder,143,2,2
2026-05-15,DLN,Dalen,47,0,0
2026-05-15,DMN,Diemen,153,10,1
2026-05-15,DMNZ,Diemen Zuid,142,3,0
2026-05-15,DN,Deurne,138,21,3
2026-05-15,DR,Dieren,146,4,12
2026-05-15,DRH,Driehuis,79,2,12
2026-05-15,DRON,Dronten,71,1,1
2026-05-15,DRP,Dronryp,68,0,0
2026-05-15,DT,Delft,371,8,3
2026-05-15,DTC,Doetinchem,105,0,0
2026-05-15,DTCH,Doetinchem De Huet,134,0,0
2026-05-15,DTCP,Delft Campus,138,1,0
2026-05-15,DV,Deventer,260,24,33
2026-05-15,DVC,Deventer Colmschate,68,4,14
2026-05-15,DVD,Duivendrecht,357,21,3
2026-05-15,DVN,Duiven,134,2,0
2026-05-15,DVNK,De Vink,134,1,0
2026-05-15,DWE,De Westereen,71,2,0
2026-05-15,DZ,Delfzijl,36,0,0
2026-05-15,DZW,Delfzijl West,72,0,0
2026-05-15,EABG,Altenberge,36,0,2
2026-05-15,EAHS,Ahaus,32,4,1
2026-05-15,EBFT,Steinfurt-Burgsteinfurt,36,0,2
2026-05-15,EBGO,Steinfurt-Borghorst,36,0,2
2026-05-15,EBOK,Bork (Westf),30,9,2
2026-05-15,EC,Echt,74,3,0
2026-05-15,ECMF,Coesfeld (Westf),31,9,1
2026-05-15,ED,Ede-Wageningen,221,9,18
2026-05-15,EDC,Ede Centrum,76,5,3
2026-05-15,EDD,Dortmund-Derne,30,7,2
2026-05-15,EDKD,Dortmund-Kirchderne,30,6,2
2026-05-15,EDN,Eijsden,38,1,0
2026-05-15,EDO,Dortmund Hbf,14,4,2
2026-05-15,EDULH,Dülmen,30,10,2
2026-05-15,EEM,Eemshaven,29,0,0
2026-05-15,EEPE,Epe (Westf),32,3,1
2026-05-15,EGH,Eygelshoven,76,2,0
2026-05-15,EGHM,Eygelshoven Markt,62,4,2
2026-05-15,EGRK,Steinfurt-Grottenkamp,36,0,2
2026-05-15,EHS,Eindhoven Strijp-S,149,4,1
2026-05-15,EHV,Eindhoven Centraal,381,26,7
2026-05-15,EHW,Rosendahl-Holtwick,32,5,1
2026-05-15,EKZ,Enkhuizen,40,1,0
2026-05-15,EL,Emmerich-Elten,38,0,0
2026-05-15,ELDH,Lüdinghausen,30,10,2
2026-05-15,ELET,Lette (Kr Coesfeld),30,10,2
2026-05-15,ELGD,Legden,32,5,1
2026-05-15,ELUE,Lünen Hbf,30,10,2
2026-05-15,EM,Emmerich,64,0,0
2026-05-15,EML,Ermelo,74,0,0
2026-05-15,EMN,Emmen,38,0,0
2026-05-15,EMNZ,Emmen Zuid,76,0,0
2026-05-15,EMTE,Metelen Land,36,0,2
2026-05-15,ENBE,Münster-Häger,36,0,2
2026-05-15,ENHF,Münster (W) Zentrum Nord,36,0,2
2026-05-15,ENOW,Nordwalde,36,1,2
2026-05-15,EOP,Ochtrup,36,0,2
2026-05-15,EPRN,Preussen,27,6,5
2026-05-15,ES,Enschede,142,10,7
2026-05-15,ESE,Enschede De Eschmarke,72,3,4
2026-05-15,ESEB,Selm-Beifang,30,10,2
2026-05-15,ESEM,Selm,30,9,2
2026-05-15,ESK,Enschede Kennispark,98,3,0
2026-05-15,ESN,Essen,35,2,0
2026-05-15,EST,Elst,114,0,0
2026-05-15,ETN,Etten-Leur,76,1,0
2026-05-15,FBNL,Brussels Airport-Zaventem,32,5,0
2026-05-15,FFFM,Frankfurt (M) Hbf,6,1,0
2026-05-15,FKTH,Kalmthout,35,2,0
2026-05-15,FKW,Kassel-Wilhelmshöhe,2,0,0
2026-05-15,FMZ,Mainz Hbf,1,0,1
2026-05-15,FN,Franeker,68,0,0
2026-05-15,FNAF,Frankfurt Flughafen Fernb,14,3,1
2026-05-15,FNZD,Antwerpen-Zuid,33,2,0
2026-05-15,FRP,Puurs,17,0,0
2026-05-15,FVS,Visé,38,1,0
2026-05-15,FWD,Feanwâlden,135,2,0
2026-05-15,G,Gronau (Westf.),72,4,3
2026-05-15,GBG,Gramsbergen,47,0,0
2026-05-15,GBR,Glanerbrug,72,3,4
2026-05-15,GD,Gouda,499,9,4
2026-05-15,GDG,Gouda Goverwelle,155,5,0
2026-05-15,GDM,Geldermalsen,185,4,13
2026-05-15,GDR,Gaanderen,76,0,0
2026-05-15,GERP,Groningen Europapark,315,12,3
2026-05-15,GK,Grijpskerk,71,3,0
2026-05-15,GKT,Kijkuit,35,2,0
2026-05-15,GLN,Geleen Oost,74,2,2
2026-05-15,GN,Groningen,366,8,3
2026-05-15,GND,Hardinxveld-Giessendam,121,10,32
2026-05-15,GNN,Groningen Noord,148,0,0
2026-05-15,GO,Goor,73,1,0
2026-05-15,GP,Geldrop,71,0,1
2026-05-15,GR,Gorinchem,81,0,40
2026-05-15,GS,Goes,102,0,3
2026-05-15,GV,Den Haag HS,374,7,3
2026-05-15,GVC,Den Haag Centraal,393,8,0
2026-05-15,GVM,Den Haag Mariahoeve,134,2,0
2026-05-15,GVMW,Den Haag Moerwijk,138,1,0
2026-05-15,GW,Grou-Jirnsum,69,1,0
2026-05-15,GWD,Wildert,35,2,0
2026-05-15,GZ,Gilze-Rijen,74,4,1
2026-05-15,HAD,Heemstede-Aerdenhout,266,10,4
2026-05-15,HAMM,Hamm (Westf.),2,0,0
2026-05-15,HANN,Hannover Hbf,14,7,0
2026-05-15,HB,Hoensbroek,74,2,2
2026-05-15,HBZM,Hardinxveld Blauwe Zoom,71,7,21
2026-05-15,HD,Harderwijk,74,1,0
2026-05-15,HDB,Hardenberg,102,1,0
2026-05-15,HDE,'t Harde,74,1,0
2026-05-15,HDG,Hurdegaryp,71,1,0
2026-05-15,HDR,Den Helder,41,1,8
2026-05-15,HDRZ,Den Helder Zuid,83,1,16
2026-05-15,HFD,Hoofddorp,178,9,1
2026-05-15,HGL,Hengelo,315,19,9
2026-05-15,HGLG,Hengelo Gezondheidspark,73,1,0
2026-05-15,HGLO,Hengelo Oost,76,1,0
2026-05-15,HGV,Hoogeveen,76,1,0
2026-05-15,HGZ,Hoogezand-Sappemeer,139,10,2
2026-05-15,HIL,Hillegom,77,1,0
2026-05-15,HK,Heemskerk,79,1,12
2026-05-15,HKS,Hoogkarspel,78,1,0
2026-05-15,HLG,Harlingen,68,0,0
2026-05-15,HLGH,Harlingen Haven,34,0,0
2026-05-15,HLM,Haarlem,378,17,16
2026-05-15,HLMS,Haarlem Spaarnwoude,147,5,12
2026-05-15,HLO,Heiloo,133,4,53
2026-05-15,HM,Helmond,173,17,3
2026-05-15,HMBH,Helmond Brouwhuis,70,4,0
2026-05-15,HMBV,Helmond Brandevoort,70,5,0
2026-05-15,HMH,Helmond 't Hout,70,5,0
2026-05-15,HN,Hoorn,185,0,6
2026-05-15,HNK,Hoorn Kersenboogerd,114,1,0
2026-05-15,HNO,Heino,78,2,0
2026-05-15,HNP,Hindeloopen,48,0,0
2026-05-15,HOHT,Osnabrück Altstadt,36,2,0
2026-05-15,HON,Holten,68,3,14
2026-05-15,HOR,Hollandsche Rading,84,6,0
2026-05-15,HR,Heerenveen,140,1,0
2026-05-15,HRL,Heerlen,198,15,2
2026-05-15,HRLW,Heerlen Woonboulevard,78,1,0
2026-05-15,HRN,Haren,80,1,0
2026-05-15,HRT,Horst-Sevenum,101,10,5
2026-05-15,HT,'s-Hertogenbosch,412,35,9
2026-05-15,HTN,Houten,150,1,2
2026-05-15,HTNC,Houten Castellum,150,3,2
2026-05-15,HTO,'s-Hertogenbosch Oost,73,4,3
2026-05-15,HVL,Hoevelaken,136,6,4
2026-05-15,HVS,Hilversum,295,25,1
2026-05-15,HVSM,Hilversum Media Park,140,12,1
2026-05-15,HVSP,Hilversum Sportpark,139,11,1
2026-05-15,HWD,Heerhugowaard,150,3,28
2026-05-15,HWZB,Halfweg-Zwanenburg,147,5,12
2026-05-15,HZ,Herzogenrath,62,4,2
2026-05-15,HZE,Heeze,71,0,1
2026-05-15,IJT,IJlst,48,0,0
2026-05-15,INNSB,Innsbruck Hbf,1,0,0
2026-05-15,JENBAC,Jenbach,1,0,0
2026-05-15,KARLSR,Karlsruhe Hbf,1,0,0
2026-05-15,KBB,Bonn-Beuel,2,0,0
2026-05-15,KBD,Krabbendijke,73,1,2
2026-05-15,KBK,Klarenbeek,58,1,7
2026-05-15,KBOI,Boisheim,36,0,0
2026-05-15,KBRY,Breyell,36,0,0
2026-05-15,KDUL,Dülken,36,0,0
2026-05-15,KKO,Koblenz Hbf,2,0,0
2026-05-15,KLP,Veenendaal-De Klomp,81,4,0
2026-05-15,KMA,Krommenie-Assendelft,114,17,3
2026-05-15,KMR,Klimmen-Ransdaal,78,0,0
2026-05-15,KMW,Koudum-Molkwerum,48,0,0
2026-05-15,KN,Kaldenkirchen,36,0,0
2026-05-15,KOLN,Köln Hbf,16,5,0
2026-05-15,KPN,Kampen,39,0,0
2026-05-15,KPNZ,Kampen Zuid,71,1,1
2026-05-15,KRD,Kerkrade Centrum,38,1,0
2026-05-15,KRG,Kruiningen-Yerseke,73,1,2
2026-05-15,KSB,Siegburg/Bonn,14,3,0
2026-05-15,KTR,Kesteren,66,0,0
2026-05-15,KUFST,Kufstein,1,0,0
2026-05-15,KW,Kropswolde,139,10,2
2026-05-15,KZ,Koog aan de Zaan,114,14,3
2026-05-15,LAA,Den Haag Laan v NOI,284,5,3
2026-05-15,LC,Lochem,72,0,0
2026-05-15,LDL,Leiden Lammenschans,107,0,2
2026-05-15,LDM,Leerdam,70,0,20
2026-05-15,LEDN,Leiden Centraal,570,15,5
2026-05-15,LEER,Leer (Ostfriesl),25,0,0
2026-05-15,LG,Landgraaf,138,14,2
2026-05-15,LILLEE,Lille Europe,7,0,0
2026-05-15,LKP,Kapellen,35,3,0
2026-05-15,LKR,Ekeren,35,3,0
2026-05-15,LLS,Lelystad Centrum,153,2,1
2026-05-15,LLZM,Lansingerland-Zoetermeer,78,0,0
2026-05-15,LP,Loppersum,72,0,0
2026-05-15,LTN,Lunteren,76,4,3
2026-05-15,LTV,Lichtenvoorde-Groenlo,71,1,0
2026-05-15,LUIK,Liège-Guillemins,19,0,0
2026-05-15,LUT,Geleen-Lutterade,76,0,0
2026-05-15,LW,Leeuwarden,211,2,0
2026-05-15,LWC,Leeuwarden Camminghaburen,71,1,0
2026-05-15,MA,Augsburg Hbf,2,0,0
2026-05-15,MANNHE,Mannheim Hbf,3,0,0
2026-05-15,MARIA,Sint-Mariaburg,35,3,0
2026-05-15,MARNE,Marne-la-Vallée-Chessy,1,0,0
2026-05-15,MAS,Maarssen,119,1,1
2026-05-15,MCGB,Mönchengladbach Hbf,49,7,0
2026-05-15,MDB,Middelburg,102,2,3
2026-05-15,MECH,Mechelen,32,2,0
2026-05-15,MES,Meerssen,140,6,0
2026-05-15,MG,Mantgum,69,0,0
2026-05-15,MID,Heide (B),35,2,0
2026-05-15,MMLH,Mook-Molenhoek,77,0,0
2026-05-15,MOP,München Ost,1,0,0
2026-05-15,MP,Meppel,216,3,0
2026-05-15,MRB,Mariënberg,130,0,0
2026-05-15,MRN,Maarn,74,0,1
2026-05-15,MT,Maastricht,241,8,1
2026-05-15,MTH,Martenshoek,139,10,2
2026-05-15,MTN,Maastricht Noord,78,2,0
2026-05-15,MTR,Maastricht Randwyck,115,2,0
2026-05-15,MUNCHH,München Hbf,2,0,0
2026-05-15,MUNST,Münster (Westf) Hbf,19,0,1
2026-05-15,MZ,Maarheeze,71,1,1
2026-05-15,NA,Nieuw Amsterdam,76,0,0
2026-05-15,NDB,Naarden-Bussum,216,16,1
2026-05-15,NDKP,Noorderkempen,32,6,0
2026-05-15,NH,Nuth,74,3,2
2026-05-15,NKK,Nijkerk,74,0,0
2026-05-15,NM,Nijmegen,343,0,0
2026-05-15,NMD,Nijmegen Dukenburg,80,0,0
2026-05-15,NMGO,Nijmegen Goffert,80,0,0
2026-05-15,NMH,Nijmegen Heyendaal,77,0,0
2026-05-15,NML,Nijmegen Lent,79,0,0
2026-05-15,NS,Nunspeet,74,1,0
2026-05-15,NSCH,Bad Nieuweschans,38,2,0
2026-05-15,NURNB,Nürnberg Hbf,1,0,0
2026-05-15,NVD,Nijverdal,106,3,0
2026-05-15,NVP,Nieuw Vennep,132,7,0
2026-05-15,NWK,Nieuwerkerk a/d IJssel,78,4,0
2026-05-15,O,Oss,149,5,3
2026-05-15,OBD,Obdam,66,0,12
2026-05-15,OBERH,Oberhausen Hbf,32,0,0
2026-05-15,ODB,Oudenbosch,69,2,0
2026-05-15,ODZ,Oldenzaal,75,5,0
2026-05-15,OMN,Ommen,76,0,0
2026-05-15,OP,Opheusden,66,0,0
2026-05-15,OSNH,Osnabrück Hbf,49,5,0
2026-05-15,OST,Olst,74,5,8
2026-05-15,OT,Oisterwijk,70,0,1
2026-05-15,OTB,Oosterbeek,76,0,0
2026-05-15,OVN,Overveen,76,1,0
2026-05-15,OW,Oss West,73,5,3
2026-05-15,PARIS,Paris-Nord,10,0,0
2026-05-15,PMO,Purmerend Overwhere,79,0,0
2026-05-15,PMR,Purmerend,79,0,0
2026-05-15,PMW,Purmerend Weidevenne,79,0,0
2026-05-15,PRAHA,Praha hl.n.,1,0,0
2026-05-15,PT,Putten,74,0,0
2026-05-15,RAI,Amsterdam RAI,308,0,0
2026-05-15,RAT,Raalte,106,2,0
2026-05-15,RB,Rilland-Bath,73,1,2
2026-05-15,RBB,Baden-Baden,1,0,0
2026-05-15,RD,Roodeschool,66,0,0
2026-05-15,RF,Freiburg (Breisgau) Hbf,1,0,0
2026-05-15,RH,Rheden,75,0,0
2026-05-15,RHEINE,Rheine,52,8,0
2026-05-15,RHN,Rhenen,37,0,1
2026-05-15,RL,Ruurlo,71,1,0
2026-05-15,RLB,Rotterdam Lombardijen,137,2,1
2026-05-15,RM,Roermond,183,8,4
2026-05-15,RO,Offenburg,1,0,0
2026-05-15,ROSENH,Rosenheim,1,0,0
2026-05-15,RS,Rosmalen,73,3,3
2026-05-15,RSD,Roosendaal,180,6,4
2026-05-15,RSN,Rijssen,72,2,10
2026-05-15,RSW,Rijswijk,138,1,0
2026-05-15,RTA,Rotterdam Alexander,223,15,2
2026-05-15,RTB,Rotterdam Blaak,279,3,3
2026-05-15,RTD,Rotterdam Centraal,647,30,14
2026-05-15,RTN,Rotterdam Noord,78,4,0
2026-05-15,RTZ,Rotterdam Zuid,138,1,0
2026-05-15,RV,Reuver,76,0,0
2026-05-15,RVS,Ravenstein,80,0,0
2026-05-15,SBK,Spaubeek,74,2,2
2026-05-15,SD,Soestdijk,68,1,2
2026-05-15,SDA,Scheemda,113,5,5
2026-05-15,SDM,Schiedam Centrum,288,4,3
2026-05-15,SDT,Sliedrecht,121,12,32
2026-05-15,SDTB,Sliedrecht Baanhoek,121,29,32
2026-05-15,SGL,Houthem-St. Gerlach,78,1,0
2026-05-15,SGN,Schagen,83,3,16
2026-05-15,SHL,Schiphol Airport,487,33,16
2026-05-15,SK,Sneek,66,0,0
2026-05-15,SKND,Sneek Noord,81,0,0
2026-05-15,SM,Swalmen,75,0,1
2026-05-15,SN,Schinnen,74,1,2
2026-05-15,SOG,Schin op Geul,78,1,0
2026-05-15,SPTN,Santpoort Noord,79,2,12
2026-05-15,SPTZ,Santpoort Zuid,79,1,12
2026-05-15,SRN,Susteren,74,3,0
2026-05-15,SSH,Sassenheim,132,6,0
2026-05-15,ST,Soest,68,1,2
2026-05-15,STD,Sittard,226,9,4
2026-05-15,STM,Stedum,72,0,0
2026-05-15,STP,London St. Pancras Int.,5,0,0
2026-05-15,STV,Stavoren,24,0,0
2026-05-15,STZ,Soest Zuid,68,1,2
2026-05-15,SWD,Sauwerd,148,0,0
2026-05-15,SWK,Steenwijk,140,1,0
2026-05-15,TB,Tilburg,299,12,2
2026-05-15,TBG,Terborg,76,0,0
2026-05-15,TBR,Tilburg Reeshof,74,4,1
2026-05-15,TBU,Tilburg Universiteit,109,3,1
2026-05-15,TG,Tegelen,76,2,0
2026-05-15,TL,Tiel,70,2,1
2026-05-15,TPSW,Tiel Passewaaij,74,3,2
2026-05-15,TS,Stuttgart Hbf,2,0,0
2026-05-15,TU,Ulm Hbf,2,0,0
2026-05-15,TWL,Twello,72,4,8
2026-05-15,UHM,Uithuizermeeden,74,0,0
2026-05-15,UHZ,Uithuizen,74,0,0
2026-05-15,UST,Usquert,74,0,0
2026-05-15,UT,Utrecht Centraal,999,32,32
2026-05-15,UTG,Uitgeest,134,12,18
2026-05-15,UTLN,Utrecht Lunetten,150,1,2
2026-05-15,UTLR,Utrecht Leidsche Rijn,129,1,0
2026-05-15,UTM,Utrecht Maliebaan,8,0,0
2026-05-15,UTO,Utrecht Overvecht,298,11,3
2026-05-15,UTT,Utrecht Terwijde,129,1,0
2026-05-15,UTVR,Utrecht Vaartsche Rijn,254,1,3
2026-05-15,UTZL,Utrecht Zuilen,119,1,1
2026-05-15,VB,Voorburg,78,0,0
2026-05-15,VD,Vorden,71,1,0
2026-05-15,VDL,Voerendaal,78,1,0
2026-05-15,VDM,Veendam,33,3,2
2026-05-15,VEM,Voorst-Empe,60,3,5
2026-05-15,VG,Vught,79,4,0
2026-05-15,VH,Voorhout,77,1,0
2026-05-15,VHP,Vroomshoop,56,0,0
2026-05-15,VIERS,Viersen,36,0,0
2026-05-15,VK,Valkenburg,140,6,0
2026-05-15,VL,Venlo,193,21,3
2026-05-15,VLB,Vierlingsbeek,76,0,0
2026-05-15,VNDC,Veenendaal Centrum,74,0,1
2026-05-15,VNDW,Veenendaal West,74,0,1
2026-05-15,VP,Velp,75,1,0
2026-05-15,VRY,Venray,76,0,0
2026-05-15,VS,Vlissingen,51,1,0
2026-05-15,VSS,Vlissingen Souburg,73,0,2
2026-05-15,VST,Voorschoten,134,1,0
2026-05-15,VSV,Varsseveld,76,0,0
2026-05-15,VTN,Vleuten,129,0,0
2026-05-15,VZ,Vriezenveen,56,0,0
2026-05-15,WAD,Waddinxveen,126,0,0
2026-05-15,WADN,Waddinxveen Noord,126,0,0
2026-05-15,WADT,Waddinxveen Triangel,126,0,0
2026-05-15,WC,Wijchen,80,0,0
2026-05-15,WD,Woerden,270,7,3
2026-05-15,WDN,Wierden,154,6,6
2026-05-15,WESEL,Wesel,64,0,0
2026-05-15,WF,Wolfheze,76,1,0
2026-05-15,WFM,Warffum,74,0,0
2026-05-15,WH,Wijhe,74,5,8
2026-05-15,WK,Workum,48,0,0
2026-05-15,WL,Wehl,134,0,0
2026-05-15,WM,Wormerveer,114,14,3
2026-05-15,WORGL,Wörgl Hbf,1,0,0
2026-05-15,WP,Weesp,370,20,2
2026-05-15,WR,Weener,34,0,0
2026-05-15,WS,Winschoten,77,4,3
2026-05-15,WSM,Winsum,76,0,0
2026-05-15,WT,Weert,145,8,4
2026-05-15,WTV,Westervoort,134,2,0
2026-05-15,WURZB,Würzburg Hbf,2,0,0
2026-05-15,WV,Wolvega,69,1,0
2026-05-15,WW,Winterswijk,74,1,0
2026-05-15,WWW,Winterswijk West,71,1,0
2026-05-15,WZ,Wezep,74,0,0
2026-05-15,YPB,Den Haag Ypenburg,78,0,0
2026-05-15,ZA,Zetten-Andelst,66,0,0
2026-05-15,ZB,Zuidbroek,137,10,5
2026-05-15,ZBM,Zaltbommel,76,3,0
2026-05-15,ZD,Zaandam,303,25,35
2026-05-15,ZDK,Zaandam Kogerveld,79,0,0
2026-05-15,ZH,Zuidhorn,104,3,0
2026-05-15,ZL,Zwolle,462,7,4
2026-05-15,ZLSH,Zwolle Stadshagen,78,0,0
2026-05-15,ZLW,Lage Zwaluwe,142,3,1
2026-05-15,ZP,Zutphen,210,10,18
2026-05-15,ZTM,Zoetermeer,78,0,0
2026-05-15,ZTMO,Zoetermeer Oost,78,0,0
2026-05-15,ZUE,Zürich HB,1,0,0
2026-05-15,ZV,Zevenaar,172,1,0
2026-05-15,ZVB,Zevenbergen,69,1,0
2026-05-15,ZVT,Zandvoort aan Zee,38,1,0
2026-05-15,ZWD,Zwijndrecht,135,2,2
2026-05-15,ZZS,Zaandijk Zaanse Schans,114,15,3
2026-05-16,AC,Abcoude,105,3,2
2026-05-16,ACDG,Airport Charles de Gaulle,2,1,0
2026-05-16,AH,Arnhem Centraal,320,7,4
2026-05-16,AHBF,Aachen Hbf,31,0,0
2026-05-16,AHP,Arnhem Velperpoort,147,4,1
2026-05-16,AHPR,Arnhem Presikhaaf,71,1,0
2026-05-16,AHZ,Arnhem Zuid,73,0,0
2026-05-16,AKL,Arkel,40,0,0
2026-05-16,AKM,Akkrum,38,1,0
2026-05-16,ALM,Almere Centrum,237,11,1
2026-05-16,ALMB,Almere Buiten,158,2,0
2026-05-16,ALMM,Almere Muziekwijk,159,4,0
2026-05-16,ALMO,Almere Oostvaarders,120,2,0
2026-05-16,ALMP,Almere Parkwijk,158,2,0
2026-05-16,AMF,Amersfoort Centraal,405,12,7
2026-05-16,AMFS,Amersfoort Schothorst,137,2,2
2026-05-16,AML,Almelo,196,4,0
2026-05-16,AMPO,Almere Poort,159,3,0
2026-05-16,AMR,Alkmaar,164,6,5
2026-05-16,AMRI,Almelo de Riet,73,0,0
2026-05-16,AMRN,Alkmaar Noord,137,0,4
2026-05-16,ANA,Anna Paulowna,74,1,4
2026-05-16,ANDD,Antwerpen-Noorderdokken,33,3,0
2026-05-16,APD,Apeldoorn,152,3,0
2026-05-16,APDM,Apeldoorn De Maten,34,0,0
2026-05-16,APDO,Apeldoorn Osseveld,38,0,0
2026-05-16,APG,Appingedam,68,0,0
2026-05-16,APN,Alphen a/d Rijn,111,2,0
2026-05-16,ARN,Arnemuiden,69,10,8
2026-05-16,ASA,Amsterdam Amstel,329,17,8
2026-05-16,ASB,Amsterdam Bijlmer ArenA,289,10,5
2026-05-16,ASD,Amsterdam Centraal,925,55,30
2026-05-16,ASDL,Amsterdam Lelylaan,408,6,0
2026-05-16,ASDM,Amsterdam Muiderpoort,221,12,2
2026-05-16,ASDZ,Amsterdam Zuid,554,0,0
2026-05-16,ASHD,Amsterdam Holendrecht,77,6,1
2026-05-16,ASN,Assen,148,4,3
2026-05-16,ASS,Amsterdam Sloterdijk,799,47,50
2026-05-16,ASSP,Amsterdam Science Park,139,4,1
2026-05-16,ATN,Aalten,75,2,0
2026-05-16,ATW,Antwerpen-Centraal,110,18,4
2026-05-16,ATWLB,Antwerpen-Luchtbal,33,3,0
2026-05-16,AVAT,Amersfoort Vathorst,104,2,1
2026-05-16,AW,Aachen West,62,0,0
2026-05-16,BADENZ,Baden (CH),1,0,0
2026-05-16,BASELB,Basel Bad Bf,1,0,0
2026-05-16,BASELS,Basel SBB,1,0,0
2026-05-16,BD,Breda,268,22,7
2026-05-16,BDE,Bunde,74,0,0
2026-05-16,BDG,Bodegraven,74,1,0
2026-05-16,BDM,Bedum,68,0,0
2026-05-16,BDPB,Breda-Prinsenbeek,68,5,0
2026-05-16,BERCH,Antwerpen-Berchem,62,6,1
2026-05-16,BERHBT,Berlin Hbf,12,2,0
2026-05-16,BET,Best,137,1,0
2026-05-16,BF,Baflo,72,0,0
2026-05-16,BGN,Bergen op Zoom,69,16,8
2026-05-16,BH,Bad Bentheim,49,8,1
2026-05-16,BHDV,Boven-Hardinxveld,16,0,0
2026-05-16,BHF,Berlin Ostbahnhof,6,1,0
2026-05-16,BHV,Bilthoven,137,5,0
2026-05-16,BIELEF,Bielefeld Hbf,17,0,0
2026-05-16,BK,Beek-Elsloo,74,0,0
2026-05-16,BKF,Bovenkarspel Flora,74,2,0
2026-05-16,BKG,Bovenkarspel-Grootebroek,74,2,0
2026-05-16,BKL,Breukelen,128,4,2
2026-05-16,BL,Beilen,73,0,0
2026-05-16,BLL,Bloemendaal,76,3,1
2026-05-16,BMN,Brummen,71,0,0
2026-05-16,BMR,Boxmeer,71,2,3
2026-05-16,BN,Borne,73,0,0
2026-05-16,BNC,Barneveld Centrum,114,2,2
2026-05-16,BNK,Bunnik,72,0,1
2026-05-16,BNN,Barneveld Noord,114,1,2
2026-05-16,BNZ,Barneveld Zuid,96,2,2
2026-05-16,BP,Buitenpost,90,15,10
2026-05-16,BR,Blerick,165,9,6
2026-05-16,BRD,Barendrecht,121,1,1
2026-05-16,BRESSX,Bressoux,35,0,0
2026-05-16,BRN,Baarn,112,2,1
2026-05-16,BRUSC,Brussel-Centraal,32,4,1
2026-05-16,BRUSN,Brussel-Noord,32,4,1
2026-05-16,BRUSZ,Brussel-Zuid,52,11,4
2026-05-16,BSD,Beesd,40,0,0
2026-05-16,BSK,Boskoop,74,1,0
2026-05-16,BSKS,Boskoop Snijdelwijk,74,1,0
2026-05-16,BSMZ,Bussum Zuid,140,3,1
2026-05-16,BSPD,Berlin-Spandau,12,1,0
2026-05-16,BTL,Boxtel,137,1,0
2026-05-16,BUENDE,Bünde (Westf),48,13,0
2026-05-16,BV,Beverwijk,76,3,1
2026-05-16,BZL,Kapelle-Biezelinge,71,11,6
2026-05-16,CAS,Castricum,189,11,5
2026-05-16,CK,Cuijk,71,2,3
2026-05-16,CL,Culemborg,143,2,0
2026-05-16,CO,Coevorden,72,0,0
2026-05-16,CPS,Capelle Schollevaar,75,5,1
2026-05-16,CVM,Chevremont,74,0,0
2026-05-16,DA,Daarlerveen,45,0,0
2026-05-16,DB,Driebergen-Zeist,148,3,5
2026-05-16,DDN,Delden,66,0,0
2026-05-16,DDR,Dordrecht,251,5,10
2026-05-16,DDZD,Dordrecht Zuid,106,5,0
2026-05-16,DEI,Deinum,60,0,4
2026-05-16,DID,Didam,77,3,0
2026-05-16,DL,Dalfsen,72,0,0
2026-05-16,DLD,Den Dolder,137,5,0
2026-05-16,DLN,Dalen,40,0,0
2026-05-16,DMN,Diemen,139,3,1
2026-05-16,DMNZ,Diemen Zuid,80,0,0
2026-05-16,DN,Deurne,128,5,2
2026-05-16,DR,Dieren,141,1,0
2026-05-16,DRH,Driehuis,76,3,1
2026-05-16,DRON,Dronten,67,2,0
2026-05-16,DRP,Dronryp,60,0,4
2026-05-16,DT,Delft,343,7,10
2026-05-16,DTC,Doetinchem,75,1,0
2026-05-16,DTCH,Doetinchem De Huet,77,3,0
2026-05-16,DTCP,Delft Campus,121,3,1
2026-05-16,DUSSEL,Düsseldorf Hbf,12,1,0
2026-05-16,DV,Deventer,208,7,0
2026-05-16,DVC,Deventer Colmschate,38,1,0
2026-05-16,DVD,Duivendrecht,244,8,3
2026-05-16,DVN,Duiven,76,3,1
2026-05-16,DVNK,De Vink,79,0,0
2026-05-16,DWE,De Westereen,62,11,7
2026-05-16,DZ,Delfzijl,34,0,0
2026-05-16,DZW,Delfzijl West,68,0,0
2026-05-16,EABG,Altenberge,36,1,0
2026-05-16,EAHS,Ahaus,30,0,1
2026-05-16,EBFT,Steinfurt-Burgsteinfurt,36,2,0
2026-05-16,EBGO,Steinfurt-Borghorst,36,2,0
2026-05-16,EBOK,Bork (Westf),29,0,1
2026-05-16,EC,Echt,72,1,0
2026-05-16,ECMF,Coesfeld (Westf),29,1,1
2026-05-16,ED,Ede-Wageningen,192,4,5
2026-05-16,EDC,Ede Centrum,78,2,2
2026-05-16,EDD,Dortmund-Derne,29,0,1
2026-05-16,EDKD,Dortmund-Kirchderne,29,0,1
2026-05-16,EDN,Eijsden,36,1,0
2026-05-16,EDO,Dortmund Hbf,14,0,1
2026-05-16,EDULH,Dülmen,29,0,1
2026-05-16,EEM,Eemshaven,29,0,0
2026-05-16,EEPE,Epe (Westf),30,0,1
2026-05-16,EGH,Eygelshoven,74,0,0
2026-05-16,EGHM,Eygelshoven Markt,62,0,0
2026-05-16,EGRK,Steinfurt-Grottenkamp,36,2,0
2026-05-16,EHS,Eindhoven Strijp-S,137,1,0
2026-05-16,EHV,Eindhoven Centraal,355,15,3
2026-05-16,EHW,Rosendahl-Holtwick,30,0,1
2026-05-16,EKZ,Enkhuizen,37,2,0
2026-05-16,EL,Emmerich-Elten,38,0,0
2026-05-16,ELDH,Lüdinghausen,29,0,1
2026-05-16,ELET,Lette (Kr Coesfeld),29,0,1
2026-05-16,ELGD,Legden,30,0,1
2026-05-16,ELUE,Lünen Hbf,29,0,1
2026-05-16,EM,Emmerich,61,0,0
2026-05-16,EML,Ermelo,71,0,0
2026-05-16,EMN,Emmen,36,0,0
2026-05-16,EMNZ,Emmen Zuid,72,0,0
2026-05-16,EMTE,Metelen Land,36,1,0
2026-05-16,ENBE,Münster-Häger,36,1,0
2026-05-16,ENHF,Münster (W) Zentrum Nord,36,1,0
2026-05-16,ENOW,Nordwalde,36,2,0
2026-05-16,EOP,Ochtrup,36,1,0
2026-05-16,EPRN,Preussen,29,0,1
2026-05-16,ES,Enschede,121,0,1
2026-05-16,ESE,Enschede De Eschmarke,72,0,2
2026-05-16,ESEB,Selm-Beifang,29,0,1
2026-05-16,ESEM,Selm,29,0,1
2026-05-16,ESK,Enschede Kennispark,74,1,0
2026-05-16,ESN,Essen,33,1,0
2026-05-16,EST,Elst,260,2,2
2026-05-16,ETN,Etten-Leur,71,6,2
2026-05-16,FBNL,Brussels Airport-Zaventem,32,8,1
2026-05-16,FFFM,Frankfurt (M) Hbf,6,0,0
2026-05-16,FKTH,Kalmthout,33,2,0
2026-05-16,FKW,Kassel-Wilhelmshöhe,2,0,0
2026-05-16,FMZ,Mainz Hbf,2,0,0
2026-05-16,FN,Franeker,60,0,4
2026-05-16,FNAF,Frankfurt Flughafen Fernb,15,1,0
2026-05-16,FNZD,Antwerpen-Zuid,30,1,0
2026-05-16,FRP,Puurs,15,0,0
2026-05-16,FVS,Visé,35,0,0
2026-05-16,FWD,Feanwâlden,115,20,11
2026-05-16,G,Gronau (Westf.),70,0,1
2026-05-16,GBG,Gramsbergen,40,0,0
2026-05-16,GBR,Glanerbrug,72,0,2
2026-05-16,GD,Gouda,429,10,11
2026-05-16,GDG,Gouda Goverwelle,150,5,1
2026-05-16,GDM,Geldermalsen,162,2,1
2026-05-16,GDR,Gaanderen,75,3,0
2026-05-16,GERP,Groningen Europapark,267,7,27
2026-05-16,GK,Grijpskerk,62,9,7
2026-05-16,GKT,Kijkuit,33,2,0
2026-05-16,GLN,Geleen Oost,74,1,0
2026-05-16,GN,Groningen,309,13,42
2026-05-16,GND,Hardinxveld-Giessendam,72,0,0
2026-05-16,GNN,Groningen Noord,140,2,0
2026-05-16,GO,Goor,65,0,0
2026-05-16,GP,Geldrop,64,1,0
2026-05-16,GR,Gorinchem,55,0,0
2026-05-16,GS,Goes,70,11,7
2026-05-16,GV,Den Haag HS,341,5,13
2026-05-16,GVC,Den Haag Centraal,326,2,7
2026-05-16,GVM,Den Haag Mariahoeve,79,1,0
2026-05-16,GVMW,Den Haag Moerwijk,121,1,1
2026-05-16,GW,Grou-Jirnsum,38,1,0
2026-05-16,GWD,Wildert,33,1,0
2026-05-16,GZ,Gilze-Rijen,71,8,0
2026-05-16,HAD,Heemstede-Aerdenhout,236,8,8
2026-05-16,HAMM,Hamm (Westf.),2,0,0
2026-05-16,HANN,Hannover Hbf,13,1,0
2026-05-16,HB,Hoensbroek,74,1,0
2026-05-16,HBZM,Hardinxveld Blauwe Zoom,32,0,0
2026-05-16,HD,Harderwijk,71,1,0
2026-05-16,HDB,Hardenberg,94,0,0
2026-05-16,HDE,'t Harde,71,1,0
2026-05-16,HDG,Hurdegaryp,62,10,7
2026-05-16,HDR,Den Helder,37,1,1
2026-05-16,HDRZ,Den Helder Zuid,74,1,4
2026-05-16,HFD,Hoofddorp,149,3,0
2026-05-16,HGL,Hengelo,257,5,1
2026-05-16,HGLG,Hengelo Gezondheidspark,66,0,0
2026-05-16,HGLO,Hengelo Oost,72,0,0
2026-05-16,HGV,Hoogeveen,73,3,0
2026-05-16,HGZ,Hoogezand-Sappemeer,132,2,2
2026-05-16,HIL,Hillegom,70,1,0
2026-05-16,HK,Heemskerk,76,3,1
2026-05-16,HKS,Hoogkarspel,74,2,0
2026-05-16,HLG,Harlingen,60,0,4
2026-05-16,HLGH,Harlingen Haven,30,0,2
2026-05-16,HLM,Haarlem,334,12,33
2026-05-16,HLMS,Haarlem Spaarnwoude,130,7,21
2026-05-16,HLO,Heiloo,149,9,5
2026-05-16,HM,Helmond,162,6,2
2026-05-16,HMBH,Helmond Brouwhuis,67,1,0
2026-05-16,HMBV,Helmond Brandevoort,67,1,0
2026-05-16,HMH,Helmond 't Hout,67,1,0
2026-05-16,HMN,Hemmen-Dodewaard,34,0,0
2026-05-16,HN,Hoorn,177,3,0
2026-05-16,HNK,Hoorn Kersenboogerd,109,3,0
2026-05-16,HNO,Heino,72,0,0
2026-05-16,HNP,Hindeloopen,34,0,2
2026-05-16,HOHT,Osnabrück Altstadt,34,5,0
2026-05-16,HON,Holten,38,1,0
2026-05-16,HOR,Hollandsche Rading,97,4,0
2026-05-16,HR,Heerenveen,105,5,1
2026-05-16,HRL,Heerlen,193,3,0
2026-05-16,HRLW,Heerlen Woonboulevard,74,0,0
2026-05-16,HRN,Haren,76,0,0
2026-05-16,HRT,Horst-Sevenum,95,5,2
2026-05-16,HT,'s-Hertogenbosch,447,19,2
2026-05-16,HTN,Houten,143,2,0
2026-05-16,HTNC,Houten Castellum,143,2,0
2026-05-16,HTO,'s-Hertogenbosch Oost,74,0,0
2026-05-16,HVL,Hoevelaken,114,0,2
2026-05-16,HVS,Hilversum,288,9,3
2026-05-16,HVSM,Hilversum Media Park,140,4,1
2026-05-16,HVSP,Hilversum Sportpark,141,7,0
2026-05-16,HWD,Heerhugowaard,137,4,4
2026-05-16,HWZB,Halfweg-Zwanenburg,130,8,21
2026-05-16,HZ,Herzogenrath,62,0,0
2026-05-16,HZE,Heeze,64,1,0
2026-05-16,IJT,IJlst,34,0,2
2026-05-16,INNSB,Innsbruck Hbf,1,0,0
2026-05-16,JENBAC,Jenbach,1,0,0
2026-05-16,KARLSR,Karlsruhe Hbf,1,0,0
2026-05-16,KBB,Bonn-Beuel,2,0,0
2026-05-16,KBD,Krabbendijke,67,14,10
2026-05-16,KBK,Klarenbeek,34,1,0
2026-05-16,KBOI,Boisheim,60,4,0
2026-05-16,KBRY,Breyell,60,4,0
2026-05-16,KDBI,Düsseldorf-Bilk,24,2,0
2026-05-16,KDUL,Dülken,60,4,0
2026-05-16,KKO,Koblenz Hbf,2,0,0
2026-05-16,KLP,Veenendaal-De Klomp,79,1,1
2026-05-16,KMA,Krommenie-Assendelft,104,0,3
2026-05-16,KMR,Klimmen-Ransdaal,74,0,0
2026-05-16,KMW,Koudum-Molkwerum,34,0,2
2026-05-16,KN,Kaldenkirchen,60,4,0
2026-05-16,KOLN,Köln Hbf,16,2,0
2026-05-16,KPN,Kampen,37,0,0
2026-05-16,KPNZ,Kampen Zuid,67,2,0
2026-05-16,KRD,Kerkrade Centrum,37,0,0
2026-05-16,KRG,Kruiningen-Yerseke,69,14,8
2026-05-16,KSB,Siegburg/Bonn,14,2,0
2026-05-16,KTR,Kesteren,34,0,0
2026-05-16,KUFST,Kufstein,1,0,0
2026-05-16,KW,Kropswolde,132,2,2
2026-05-16,KZ,Koog aan de Zaan,106,4,1
2026-05-16,LAA,Den Haag Laan v NOI,220,3,7
2026-05-16,LC,Lochem,64,0,0
2026-05-16,LDL,Leiden Lammenschans,74,1,0
2026-05-16,LDM,Leerdam,40,0,0
2026-05-16,LEDN,Leiden Centraal,468,10,10
2026-05-16,LEER,Leer (Ostfriesl),25,0,0
2026-05-16,LG,Landgraaf,136,6,0
2026-05-16,LILLEE,Lille Europe,5,0,0
2026-05-16,LKP,Kapellen,33,2,0
2026-05-16,LKR,Ekeren,33,3,0
2026-05-16,LLS,Lelystad Centrum,151,10,1
2026-05-16,LLZM,Lansingerland-Zoetermeer,74,2,0
2026-05-16,LP,Loppersum,68,1,0
2026-05-16,LTN,Lunteren,78,1,2
2026-05-16,LTV,Lichtenvoorde-Groenlo,53,0,1
2026-05-16,LUIK,Liège-Guillemins,18,0,0
2026-05-16,LUT,Geleen-Lutterade,74,0,0
2026-05-16,LW,Leeuwarden,170,12,12
2026-05-16,LWC,Leeuwarden Camminghaburen,61,12,8
2026-05-16,MA,Augsburg Hbf,2,0,0
2026-05-16,MANNHE,Mannheim Hbf,3,0,0
2026-05-16,MARIA,Sint-Mariaburg,33,2,0
2026-05-16,MARNE,Marne-la-Vallée-Chessy,1,1,0
2026-05-16,MAS,Maarssen,77,0,1
2026-05-16,MCGB,Mönchengladbach Hbf,61,7,0
2026-05-16,MDB,Middelburg,69,8,8
2026-05-16,MECH,Mechelen,32,5,1
2026-05-16,MES,Meerssen,134,2,0
2026-05-16,MG,Mantgum,61,0,4
2026-05-16,MID,Heide (B),33,2,0
2026-05-16,MMLH,Mook-Molenhoek,70,3,4
2026-05-16,MOP,München Ost,1,0,0
2026-05-16,MP,Meppel,178,7,1
2026-05-16,MRB,Mariënberg,117,0,0
2026-05-16,MRN,Maarn,72,0,1
2026-05-16,MT,Maastricht,231,1,0
2026-05-16,MTH,Martenshoek,132,2,2
2026-05-16,MTN,Maastricht Noord,74,1,0
2026-05-16,MTR,Maastricht Randwyck,110,0,0
2026-05-16,MUNCHH,München Hbf,2,0,0
2026-05-16,MUNST,Münster (Westf) Hbf,20,1,0
2026-05-16,MZ,Maarheeze,64,1,0
2026-05-16,NA,Nieuw Amsterdam,72,1,0
2026-05-16,NDB,Naarden-Bussum,220,8,1
2026-05-16,NDKP,Noorderkempen,50,9,15
2026-05-16,NEUSS,Neuss Hbf,24,2,0
2026-05-16,NH,Nuth,74,1,0
2026-05-16,NKK,Nijkerk,71,0,0
2026-05-16,NM,Nijmegen,335,4,2
2026-05-16,NMD,Nijmegen Dukenburg,171,0,0
2026-05-16,NMGO,Nijmegen Goffert,171,0,0
2026-05-16,NMH,Nijmegen Heyendaal,69,4,5
2026-05-16,NML,Nijmegen Lent,147,0,0
2026-05-16,NS,Nunspeet,71,1,0
2026-05-16,NSCH,Bad Nieuweschans,33,4,3
2026-05-16,NURNB,Nürnberg Hbf,1,0,0
2026-05-16,NVD,Nijverdal,72,0,0
2026-05-16,NVP,Nieuw Vennep,78,3,0
2026-05-16,NWK,Nieuwerkerk a/d IJssel,75,5,1
2026-05-16,O,Oss,169,0,0
2026-05-16,OBD,Obdam,62,2,0
2026-05-16,OBERH,Oberhausen Hbf,31,0,0
2026-05-16,ODB,Oudenbosch,36,1,2
2026-05-16,ODZ,Oldenzaal,68,2,2
2026-05-16,OMN,Ommen,72,0,0
2026-05-16,OP,Opheusden,34,0,0
2026-05-16,OSNH,Osnabrück Hbf,48,12,0
2026-05-16,OST,Olst,70,3,0
2026-05-16,OT,Oisterwijk,64,1,0
2026-05-16,OTB,Oosterbeek,36,0,0
2026-05-16,OVN,Overveen,70,2,3
2026-05-16,OW,Oss West,74,0,0
2026-05-16,PARIS,Paris-Nord,8,1,1
2026-05-16,PMO,Purmerend Overwhere,75,1,0
2026-05-16,PMR,Purmerend,75,1,0
2026-05-16,PMW,Purmerend Weidevenne,75,1,0
2026-05-16,PT,Putten,71,1,0
2026-05-16,RAI,Amsterdam RAI,265,0,0
2026-05-16,RAT,Raalte,72,0,0
2026-05-16,RB,Rilland-Bath,67,14,10
2026-05-16,RBB,Baden-Baden,1,0,0
2026-05-16,RD,Roodeschool,65,0,0
2026-05-16,RF,Freiburg (Breisgau) Hbf,1,0,0
2026-05-16,RH,Rheden,71,1,0
2026-05-16,RHEINE,Rheine,50,6,0
2026-05-16,RHN,Rhenen,36,0,1
2026-05-16,RL,Ruurlo,53,0,1
2026-05-16,RLB,Rotterdam Lombardijen,121,1,1
2026-05-16,RM,Roermond,172,1,2
2026-05-16,RO,Offenburg,1,0,0
2026-05-16,ROSENH,Rosenheim,1,0,0
2026-05-16,RS,Rosmalen,74,0,0
2026-05-16,RSD,Roosendaal,139,10,9
2026-05-16,RSN,Rijssen,38,1,0
2026-05-16,RSW,Rijswijk,121,1,1
2026-05-16,RTA,Rotterdam Alexander,197,7,9
2026-05-16,RTB,Rotterdam Blaak,252,4,10
2026-05-16,RTD,Rotterdam Centraal,560,38,21
2026-05-16,RTN,Rotterdam Noord,75,5,1
2026-05-16,RTZ,Rotterdam Zuid,121,1,1
2026-05-16,RV,Reuver,71,2,3
2026-05-16,RVS,Ravenstein,75,0,0
2026-05-16,SBK,Spaubeek,74,1,0
2026-05-16,SD,Soestdijk,66,2,0
2026-05-16,SDA,Scheemda,94,5,6
2026-05-16,SDM,Schiedam Centrum,262,6,8
2026-05-16,SDT,Sliedrecht,86,0,0
2026-05-16,SDTB,Sliedrecht Baanhoek,40,0,0
2026-05-16,SGL,Houthem-St. Gerlach,74,1,0
2026-05-16,SGN,Schagen,74,1,4
2026-05-16,SHL,Schiphol Airport,454,25,14
2026-05-16,SK,Sneek,47,0,3
2026-05-16,SKND,Sneek Noord,61,0,4
2026-05-16,SM,Swalmen,70,1,4
2026-05-16,SN,Schinnen,74,1,0
2026-05-16,SOG,Schin op Geul,74,0,0
2026-05-16,SPTN,Santpoort Noord,76,4,1
2026-05-16,SPTZ,Santpoort Zuid,76,4,1
2026-05-16,SRN,Susteren,72,1,0
2026-05-16,SSH,Sassenheim,78,3,0
2026-05-16,ST,Soest,66,3,0
2026-05-16,STD,Sittard,216,2,0
2026-05-16,STM,Stedum,68,1,0
2026-05-16,STP,London St. Pancras Int.,3,0,0
2026-05-16,STV,Stavoren,17,0,1
2026-05-16,STZ,Soest Zuid,66,3,0
2026-05-16,SWD,Sauwerd,140,2,0
2026-05-16,SWK,Steenwijk,105,4,1
2026-05-16,TB,Tilburg,281,16,5
2026-05-16,TBG,Terborg,75,2,0
2026-05-16,TBR,Tilburg Reeshof,71,7,0
2026-05-16,TBU,Tilburg Universiteit,102,5,1
2026-05-16,TG,Tegelen,72,3,2
2026-05-16,TL,Tiel,52,0,1
2026-05-16,TPSW,Tiel Passewaaij,69,0,2
2026-05-16,TS,Stuttgart Hbf,2,0,0
2026-05-16,TU,Ulm Hbf,2,0,0
2026-05-16,TWL,Twello,38,0,0
2026-05-16,UHM,Uithuizermeeden,72,0,0
2026-05-16,UHZ,Uithuizen,72,0,0
2026-05-16,UST,Usquert,72,0,0
2026-05-16,UT,Utrecht Centraal,883,22,12
2026-05-16,UTG,Uitgeest,131,5,2
2026-05-16,UTLN,Utrecht Lunetten,143,2,0
2026-05-16,UTLR,Utrecht Leidsche Rijn,73,1,0
2026-05-16,UTM,Utrecht Maliebaan,8,0,0
2026-05-16,UTO,Utrecht Overvecht,294,18,0
2026-05-16,UTT,Utrecht Terwijde,73,1,0
2026-05-16,UTVR,Utrecht Vaartsche Rijn,215,2,1
2026-05-16,UTZL,Utrecht Zuilen,77,0,1
2026-05-16,VB,Voorburg,74,2,0
2026-05-16,VD,Vorden,53,0,1
2026-05-16,VDL,Voerendaal,74,0,0
2026-05-16,VDM,Veendam,32,1,1
2026-05-16,VEM,Voorst-Empe,34,1,0
2026-05-16,VG,Vught,73,0,0
2026-05-16,VH,Voorhout,70,1,0
2026-05-16,VHP,Vroomshoop,45,0,0
2026-05-16,VIERS,Viersen,60,4,0
2026-05-16,VK,Valkenburg,134,2,0
2026-05-16,VL,Venlo,183,15,4
2026-05-16,VLB,Vierlingsbeek,71,2,3
2026-05-16,VNDC,Veenendaal Centrum,72,0,1
2026-05-16,VNDW,Veenendaal West,72,0,1
2026-05-16,VP,Velp,71,1,0
2026-05-16,VRY,Venray,71,2,3
2026-05-16,VS,Vlissingen,34,7,4
2026-05-16,VSS,Vlissingen Souburg,69,8,8
2026-05-16,VST,Voorschoten,79,1,0
2026-05-16,VSV,Varsseveld,75,2,0
2026-05-16,VTN,Vleuten,73,1,0
2026-05-16,VZ,Vriezenveen,45,0,0
2026-05-16,WAD,Waddinxveen,74,1,0
2026-05-16,WADN,Waddinxveen Noord,74,1,0
2026-05-16,WADT,Waddinxveen Triangel,74,1,0
2026-05-16,WC,Wijchen,123,0,0
2026-05-16,WD,Woerden,222,6,1
2026-05-16,WDN,Wierden,110,1,0
2026-05-16,WESEL,Wesel,61,0,0
2026-05-16,WF,Wolfheze,36,0,0
2026-05-16,WFM,Warffum,72,0,0
2026-05-16,WH,Wijhe,70,6,0
2026-05-16,WK,Workum,34,0,2
2026-05-16,WL,Wehl,77,3,0
2026-05-16,WM,Wormerveer,105,3,2
2026-05-16,WORGL,Wörgl Hbf,1,0,0
2026-05-16,WP,Weesp,293,11,2
2026-05-16,WR,Weener,34,0,0
2026-05-16,WS,Winschoten,63,4,6
2026-05-16,WSM,Winsum,72,0,0
2026-05-16,WT,Weert,134,1,0
2026-05-16,WTV,Westervoort,76,3,1
2026-05-16,WURZB,Würzburg Hbf,2,0,0
2026-05-16,WV,Wolvega,38,1,0
2026-05-16,WW,Winterswijk,64,2,1
2026-05-16,WWW,Winterswijk West,53,0,1
2026-05-16,WZ,Wezep,71,1,0
2026-05-16,YPB,Den Haag Ypenburg,74,3,0
2026-05-16,ZA,Zetten-Andelst,34,0,0
2026-05-16,ZB,Zuidbroek,132,1,2
2026-05-16,ZBM,Zaltbommel,72,1,0
2026-05-16,ZD,Zaandam,291,6,5
2026-05-16,ZDK,Zaandam Kogerveld,75,1,0
2026-05-16,ZH,Zuidhorn,85,12,17
2026-05-16,ZL,Zwolle,412,9,5
2026-05-16,ZLSH,Zwolle Stadshagen,74,1,0
2026-05-16,ZLW,Lage Zwaluwe,105,5,1
2026-05-16,ZP,Zutphen,199,1,0
2026-05-16,ZTM,Zoetermeer,74,3,0
2026-05-16,ZTMO,Zoetermeer Oost,74,3,0
2026-05-16,ZUE,Zürich HB,1,0,0
2026-05-16,ZV,Zevenaar,115,3,0
2026-05-16,ZVB,Zevenbergen,36,1,2
2026-05-16,ZVT,Zandvoort aan Zee,35,1,1
2026-05-16,ZWD,Zwijndrecht,121,1,1
2026-05-16,ZZS,Zaandijk Zaanse Schans,106,5,1
2026-05-17,AC,Abcoude,100,5,2
2026-05-17,ACDG,Airport Charles de Gaulle,4,0,0
2026-05-17,AH,Arnhem Centraal,293,6,10
2026-05-17,AHBF,Aachen Hbf,21,2,5
2026-05-17,AHP,Arnhem Velperpoort,97,1,6
2026-05-17,AHPR,Arnhem Presikhaaf,35,1,0
2026-05-17,AHZ,Arnhem Zuid,129,4,3
2026-05-17,AKL,Arkel,51,0,0
2026-05-17,AKM,Akkrum,36,0,0
2026-05-17,ALM,Almere Centrum,219,5,3
2026-05-17,ALMB,Almere Buiten,148,1,3
2026-05-17,ALMM,Almere Muziekwijk,149,4,2
2026-05-17,ALMO,Almere Oostvaarders,111,1,2
2026-05-17,ALMP,Almere Parkwijk,148,1,3
2026-05-17,AMF,Amersfoort Centraal,352,16,4
2026-05-17,AMFS,Amersfoort Schothorst,123,4,0
2026-05-17,AML,Almelo,173,1,2
2026-05-17,AMPO,Almere Poort,149,3,2
2026-05-17,AMR,Alkmaar,161,5,10
2026-05-17,AMRI,Almelo de Riet,65,0,2
2026-05-17,AMRN,Alkmaar Noord,129,1,10
2026-05-17,ANA,Anna Paulowna,63,0,18
2026-05-17,ANDD,Antwerpen-Noorderdokken,33,2,0
2026-05-17,APD,Apeldoorn,141,3,0
2026-05-17,APDM,Apeldoorn De Maten,34,1,0
2026-05-17,APDO,Apeldoorn Osseveld,34,1,0
2026-05-17,APG,Appingedam,38,1,0
2026-05-17,APN,Alphen a/d Rijn,105,0,0
2026-05-17,ARN,Arnemuiden,62,3,14
2026-05-17,ASA,Amsterdam Amstel,307,22,14
2026-05-17,ASB,Amsterdam Bijlmer ArenA,267,9,4
2026-05-17,ASD,Amsterdam Centraal,894,40,29
2026-05-17,ASDL,Amsterdam Lelylaan,395,6,5
2026-05-17,ASDM,Amsterdam Muiderpoort,201,10,8
2026-05-17,ASDZ,Amsterdam Zuid,549,0,0
2026-05-17,ASHD,Amsterdam Holendrecht,72,4,2
2026-05-17,ASN,Assen,128,8,2
2026-05-17,ASS,Amsterdam Sloterdijk,775,34,25
2026-05-17,ASSP,Amsterdam Science Park,125,7,6
2026-05-17,ATN,Aalten,55,1,6
2026-05-17,ATW,Antwerpen-Centraal,116,12,4
2026-05-17,ATWLB,Antwerpen-Luchtbal,33,7,0
2026-05-17,AVAT,Amersfoort Vathorst,95,4,0
2026-05-17,AW,Aachen West,43,4,10
2026-05-17,BADENZ,Baden (CH),1,0,0
2026-05-17,BASELB,Basel Bad Bf,1,0,0
2026-05-17,BASELS,Basel SBB,1,0,0
2026-05-17,BD,Breda,235,24,47
2026-05-17,BDE,Bunde,70,5,0
2026-05-17,BDG,Bodegraven,70,0,0
2026-05-17,BDM,Bedum,38,1,0
2026-05-17,BDPB,Breda-Prinsenbeek,53,3,28
2026-05-17,BERCH,Antwerpen-Berchem,61,5,1
2026-05-17,BERHBT,Berlin Hbf,12,3,0
2026-05-17,BET,Best,129,6,0
2026-05-17,BF,Baflo,38,0,0
2026-05-17,BGN,Bergen op Zoom,63,5,13
2026-05-17,BH,Bad Bentheim,49,11,1
2026-05-17,BHDV,Boven-Hardinxveld,49,0,0
2026-05-17,BHF,Berlin Ostbahnhof,6,3,0
2026-05-17,BHV,Bilthoven,129,1,0
2026-05-17,BIELEF,Bielefeld Hbf,16,0,0
2026-05-17,BK,Beek-Elsloo,70,5,0
2026-05-17,BKF,Bovenkarspel Flora,66,2,1
2026-05-17,BKG,Bovenkarspel-Grootebroek,66,1,1
2026-05-17,BKL,Breukelen,120,5,2
2026-05-17,BL,Beilen,62,3,0
2026-05-17,BLL,Bloemendaal,72,2,0
2026-05-17,BMN,Brummen,35,1,0
2026-05-17,BMR,Boxmeer,68,3,0
2026-05-17,BN,Borne,65,0,2
2026-05-17,BNC,Barneveld Centrum,68,0,0
2026-05-17,BNK,Bunnik,68,2,0
2026-05-17,BNN,Barneveld Noord,68,0,0
2026-05-17,BNZ,Barneveld Zuid,68,0,0
2026-05-17,BP,Buitenpost,70,0,0
2026-05-17,BR,Blerick,155,11,8
2026-05-17,BRD,Barendrecht,71,2,4
2026-05-17,BRESSX,Bressoux,33,2,2
2026-05-17,BRN,Baarn,104,4,2
2026-05-17,BRUSC,Brussel-Centraal,31,2,1
2026-05-17,BRUSN,Brussel-Noord,31,2,1
2026-05-17,BRUSZ,Brussel-Zuid,63,10,1
2026-05-17,BSD,Beesd,51,0,0
2026-05-17,BSK,Boskoop,70,0,0
2026-05-17,BSKS,Boskoop Snijdelwijk,70,0,0
2026-05-17,BSMZ,Bussum Zuid,130,4,4
2026-05-17,BSPD,Berlin-Spandau,12,3,0
2026-05-17,BTL,Boxtel,129,9,0
2026-05-17,BUENDE,Bünde (Westf),46,10,0
2026-05-17,BV,Beverwijk,72,1,0
2026-05-17,BZL,Kapelle-Biezelinge,62,3,14
2026-05-17,CAS,Castricum,192,8,10
2026-05-17,CK,Cuijk,68,3,0
2026-05-17,CL,Culemborg,136,4,2
2026-05-17,CO,Coevorden,62,0,0
2026-05-17,CPS,Capelle Schollevaar,71,6,2
2026-05-17,CVM,Chevremont,70,0,0
2026-05-17,DA,Daarlerveen,33,1,0
2026-05-17,DB,Driebergen-Zeist,136,4,10
2026-05-17,DDN,Delden,50,0,0
2026-05-17,DDR,Dordrecht,222,8,11
2026-05-17,DDRS,Dordrecht Stadspolders,41,0,0
2026-05-17,DDZD,Dordrecht Zuid,104,6,14
2026-05-17,DEI,Deinum,60,1,0
2026-05-17,DID,Didam,62,1,6
2026-05-17,DL,Dalfsen,62,0,0
2026-05-17,DLD,Den Dolder,129,1,0
2026-05-17,DLN,Dalen,33,0,0
2026-05-17,DMN,Diemen,125,6,6
2026-05-17,DMNZ,Diemen Zuid,80,2,0
2026-05-17,DN,Deurne,109,9,6
2026-05-17,DR,Dieren,103,5,0
2026-05-17,DRH,Driehuis,72,2,0
2026-05-17,DRON,Dronten,61,1,0
2026-05-17,DRP,Dronryp,60,1,0
2026-05-17,DT,Delft,272,14,14
2026-05-17,DTC,Doetinchem,58,1,6
2026-05-17,DTCH,Doetinchem De Huet,61,0,7
2026-05-17,DTCP,Delft Campus,77,2,0
2026-05-17,DUISB,Duisburg Hbf,1,0,0
2026-05-17,DUSSEL,Düsseldorf Hbf,12,0,0
2026-05-17,DV,Deventer,193,10,2
2026-05-17,DVC,Deventer Colmschate,34,0,0
2026-05-17,DVD,Duivendrecht,229,11,4
2026-05-17,DVN,Duiven,62,1,6
2026-05-17,DVNK,De Vink,77,1,2
2026-05-17,DWE,De Westereen,38,0,0
2026-05-17,DZ,Delfzijl,19,1,0
2026-05-17,DZW,Delfzijl West,38,2,0
2026-05-17,EABG,Altenberge,32,7,0
2026-05-17,EAHS,Ahaus,28,1,0
2026-05-17,EBFT,Steinfurt-Burgsteinfurt,32,13,0
2026-05-17,EBGO,Steinfurt-Borghorst,32,11,0
2026-05-17,EBOK,Bork (Westf),27,1,0
2026-05-17,EC,Echt,68,5,0
2026-05-17,ECMF,Coesfeld (Westf),27,4,0
2026-05-17,ED,Ede-Wageningen,175,5,10
2026-05-17,EDC,Ede Centrum,68,0,0
2026-05-17,EDD,Dortmund-Derne,27,1,0
2026-05-17,EDKD,Dortmund-Kirchderne,27,1,0
2026-05-17,EDN,Eijsden,34,4,2
2026-05-17,EDO,Dortmund Hbf,14,0,0
2026-05-17,EDULH,Dülmen,27,1,0
2026-05-17,EEM,Eemshaven,14,0,0
2026-05-17,EEPE,Epe (Westf),28,1,0
2026-05-17,EGH,Eygelshoven,70,0,0
2026-05-17,EGHM,Eygelshoven Markt,45,5,8
2026-05-17,EGRK,Steinfurt-Grottenkamp,32,11,0
2026-05-17,EHS,Eindhoven Strijp-S,129,5,0
2026-05-17,EHV,Eindhoven Centraal,304,26,8
2026-05-17,EHW,Rosendahl-Holtwick,28,1,0
2026-05-17,EKZ,Enkhuizen,33,1,0
2026-05-17,EL,Emmerich-Elten,37,0,0
2026-05-17,ELDH,Lüdinghausen,27,0,0
2026-05-17,ELET,Lette (Kr Coesfeld),27,1,0
2026-05-17,ELGD,Legden,28,1,0
2026-05-17,ELUE,Lünen Hbf,27,2,0
2026-05-17,EM,Emmerich,56,0,0
2026-05-17,EML,Ermelo,67,1,0
2026-05-17,EMN,Emmen,31,0,0
2026-05-17,EMNZ,Emmen Zuid,62,0,0
2026-05-17,EMTE,Metelen Land,32,11,0
2026-05-17,ENBE,Münster-Häger,32,5,0
2026-05-17,ENHF,Münster (W) Zentrum Nord,32,6,0
2026-05-17,ENOW,Nordwalde,32,11,0
2026-05-17,EOP,Ochtrup,32,8,0
2026-05-17,EPRN,Preussen,27,1,0
2026-05-17,ES,Enschede,110,1,1
2026-05-17,ESE,Enschede De Eschmarke,68,0,0
2026-05-17,ESEB,Selm-Beifang,27,1,0
2026-05-17,ESEM,Selm,27,1,0
2026-05-17,ESK,Enschede Kennispark,66,0,2
2026-05-17,ESN,Essen,32,2,1
2026-05-17,EST,Elst,143,3,3
2026-05-17,ETN,Etten-Leur,70,4,7
2026-05-17,FBNL,Brussels Airport-Zaventem,31,5,1
2026-05-17,FFFM,Frankfurt (M) Hbf,7,0,0
2026-05-17,FKTH,Kalmthout,33,2,0
2026-05-17,FKW,Kassel-Wilhelmshöhe,2,0,0
2026-05-17,FMZ,Mainz Hbf,2,0,0
2026-05-17,FN,Franeker,60,1,0
2026-05-17,FNAF,Frankfurt Flughafen Fernb,14,0,0
2026-05-17,FNZD,Antwerpen-Zuid,30,1,0
2026-05-17,FRP,Puurs,15,0,0
2026-05-17,FVS,Visé,33,3,2
2026-05-17,FWD,Feanwâlden,70,0,0
2026-05-17,G,Gronau (Westf.),65,6,0
2026-05-17,GBG,Gramsbergen,33,0,0
2026-05-17,GBR,Glanerbrug,68,0,0
2026-05-17,GD,Gouda,386,11,23
2026-05-17,GDG,Gouda Goverwelle,141,4,4
2026-05-17,GDM,Geldermalsen,161,3,2
2026-05-17,GDR,Gaanderen,55,1,6
2026-05-17,GERP,Groningen Europapark,187,3,0
2026-05-17,GK,Grijpskerk,38,0,0
2026-05-17,GKT,Kijkuit,33,2,0
2026-05-17,GLN,Geleen Oost,70,0,0
2026-05-17,GN,Groningen,214,6,2
2026-05-17,GND,Hardinxveld-Giessendam,75,0,0
2026-05-17,GNN,Groningen Noord,76,0,0
2026-05-17,GO,Goor,49,0,0
2026-05-17,GP,Geldrop,34,4,0
2026-05-17,GR,Gorinchem,63,0,0
2026-05-17,GS,Goes,62,3,14
2026-05-17,GSB,Berlin Gesundbrunnen,1,0,0
2026-05-17,GV,Den Haag HS,270,9,17
2026-05-17,GVC,Den Haag Centraal,271,6,14
2026-05-17,GVM,Den Haag Mariahoeve,77,1,2
2026-05-17,GVMW,Den Haag Moerwijk,77,1,0
2026-05-17,GW,Grou-Jirnsum,36,0,0
2026-05-17,GWD,Wildert,33,2,0
2026-05-17,GZ,Gilze-Rijen,68,5,14
2026-05-17,HAD,Heemstede-Aerdenhout,205,9,2
2026-05-17,HAMM,Hamm (Westf.),2,0,0
2026-05-17,HANN,Hannover Hbf,15,5,0
2026-05-17,HB,Hoensbroek,70,0,0
2026-05-17,HBZM,Hardinxveld Blauwe Zoom,50,0,0
2026-05-17,HD,Harderwijk,67,1,0
2026-05-17,HDB,Hardenberg,77,0,0
2026-05-17,HDE,'t Harde,67,1,0
2026-05-17,HDG,Hurdegaryp,38,0,0
2026-05-17,HDR,Den Helder,35,0,5
2026-05-17,HDRZ,Den Helder Zuid,67,0,14
2026-05-17,HFD,Hoofddorp,143,3,4
2026-05-17,HGL,Hengelo,223,6,2
2026-05-17,HGLG,Hengelo Gezondheidspark,50,0,0
2026-05-17,HGLO,Hengelo Oost,50,0,0
2026-05-17,HGV,Hoogeveen,62,3,0
2026-05-17,HGZ,Hoogezand-Sappemeer,76,0,0
2026-05-17,HIL,Hillegom,63,3,0
2026-05-17,HK,Heemskerk,72,1,0
2026-05-17,HKS,Hoogkarspel,66,2,1
2026-05-17,HLG,Harlingen,60,1,0
2026-05-17,HLGH,Harlingen Haven,30,1,0
2026-05-17,HLM,Haarlem,315,14,5
2026-05-17,HLMS,Haarlem Spaarnwoude,136,5,4
2026-05-17,HLO,Heiloo,146,2,10
2026-05-17,HM,Helmond,127,8,5
2026-05-17,HMBH,Helmond Brouwhuis,37,1,0
2026-05-17,HMBV,Helmond Brandevoort,37,4,0
2026-05-17,HMH,Helmond 't Hout,37,2,0
2026-05-17,HMN,Hemmen-Dodewaard,28,0,2
2026-05-17,HN,Hoorn,165,3,1
2026-05-17,HNK,Hoorn Kersenboogerd,99,2,1
2026-05-17,HNO,Heino,64,0,2
2026-05-17,HNP,Hindeloopen,30,0,0
2026-05-17,HOHT,Osnabrück Altstadt,32,4,0
2026-05-17,HON,Holten,34,1,0
2026-05-17,HOR,Hollandsche Rading,97,2,0
2026-05-17,HR,Heerenveen,100,2,0
2026-05-17,HRL,Heerlen,173,9,8
2026-05-17,HRLW,Heerlen Woonboulevard,72,1,0
2026-05-17,HRN,Haren,63,4,0
2026-05-17,HRT,Horst-Sevenum,87,8,8
2026-05-17,HT,'s-Hertogenbosch,404,24,14
2026-05-17,HTN,Houten,137,2,2
2026-05-17,HTNC,Houten Castellum,137,2,2
2026-05-17,HTO,'s-Hertogenbosch Oost,71,0,0
2026-05-17,HVL,Hoevelaken,68,0,0
2026-05-17,HVS,Hilversum,273,7,2
2026-05-17,HVSM,Hilversum Media Park,130,3,4
2026-05-17,HVSP,Hilversum Sportpark,137,2,0
2026-05-17,HWD,Heerhugowaard,129,2,10
2026-05-17,HWZB,Halfweg-Zwanenburg,136,3,4
2026-05-17,HZ,Herzogenrath,44,5,9
2026-05-17,HZE,Heeze,34,4,0
2026-05-17,IJT,IJlst,30,0,0
2026-05-17,INNSB,Innsbruck Hbf,1,0,0
2026-05-17,JENBAC,Jenbach,1,0,0
2026-05-17,KARLSR,Karlsruhe Hbf,1,0,0
2026-05-17,KBB,Bonn-Beuel,2,1,0
2026-05-17,KBD,Krabbendijke,60,4,16
2026-05-17,KBK,Klarenbeek,34,0,0
2026-05-17,KBOI,Boisheim,56,1,0
2026-05-17,KBRY,Breyell,56,0,0
2026-05-17,KDBI,Düsseldorf-Bilk,24,0,0
2026-05-17,KDUL,Dülken,56,1,0
2026-05-17,KKO,Koblenz Hbf,2,1,0
2026-05-17,KLP,Veenendaal-De Klomp,71,3,0
2026-05-17,KMA,Krommenie-Assendelft,102,4,3
2026-05-17,KMR,Klimmen-Ransdaal,72,1,0
2026-05-17,KMW,Koudum-Molkwerum,30,0,0
2026-05-17,KN,Kaldenkirchen,56,0,0
2026-05-17,KOLN,Köln Hbf,15,2,0
2026-05-17,KPN,Kampen,35,0,0
2026-05-17,KPNZ,Kampen Zuid,61,1,0
2026-05-17,KRD,Kerkrade Centrum,35,0,0
2026-05-17,KRG,Kruiningen-Yerseke,61,4,15
2026-05-17,KSB,Siegburg/Bonn,13,0,0
2026-05-17,KTR,Kesteren,28,0,2
2026-05-17,KUFST,Kufstein,1,0,0
2026-05-17,KW,Kropswolde,76,0,0
2026-05-17,KZ,Koog aan de Zaan,102,7,3
2026-05-17,LAA,Den Haag Laan v NOI,202,6,5
2026-05-17,LC,Lochem,48,0,0
2026-05-17,LDL,Leiden Lammenschans,70,0,0
2026-05-17,LDM,Leerdam,51,0,0
2026-05-17,LEDN,Leiden Centraal,421,14,7
2026-05-17,LEER,Leer (Ostfriesl),23,0,0
2026-05-17,LG,Landgraaf,115,16,8
2026-05-17,LILLEE,Lille Europe,7,3,0
2026-05-17,LKP,Kapellen,33,2,0
2026-05-17,LKR,Ekeren,33,2,0
2026-05-17,LLS,Lelystad Centrum,138,4,0
2026-05-17,LLZM,Lansingerland-Zoetermeer,70,0,2
2026-05-17,LP,Loppersum,38,2,0
2026-05-17,LTN,Lunteren,68,0,0
2026-05-17,LTV,Lichtenvoorde-Groenlo,50,2,0
2026-05-17,LUIK,Liège-Guillemins,17,2,1
2026-05-17,LUT,Geleen-Lutterade,70,5,0
2026-05-17,LW,Leeuwarden,131,3,0
2026-05-17,LWC,Leeuwarden Camminghaburen,38,0,0
2026-05-17,MA,Augsburg Hbf,2,0,0
2026-05-17,MANNHE,Mannheim Hbf,3,0,0
2026-05-17,MARIA,Sint-Mariaburg,33,2,0
2026-05-17,MARNE,Marne-la-Vallée-Chessy,2,0,0
2026-05-17,MAS,Maarssen,69,1,0
2026-05-17,MCGB,Mönchengladbach Hbf,56,7,0
2026-05-17,MDB,Middelburg,62,3,14
2026-05-17,MECH,Mechelen,31,5,1
2026-05-17,MES,Meerssen,116,7,7
2026-05-17,MG,Mantgum,34,0,0
2026-05-17,MID,Heide (B),33,2,0
2026-05-17,MMLH,Mook-Molenhoek,68,3,0
2026-05-17,MOP,München Ost,1,0,0
2026-05-17,MP,Meppel,162,6,0
2026-05-17,MRB,Mariënberg,93,0,0
2026-05-17,MRN,Maarn,68,2,0
2026-05-17,MT,Maastricht,213,10,7
2026-05-17,MTH,Martenshoek,76,0,0
2026-05-17,MTN,Maastricht Noord,72,1,0
2026-05-17,MTR,Maastricht Randwyck,104,5,3
2026-05-17,MUNCHH,München Hbf,2,0,0
2026-05-17,MUNST,Münster (Westf) Hbf,17,4,0
2026-05-17,MZ,Maarheeze,34,2,0
2026-05-17,NA,Nieuw Amsterdam,62,0,0
2026-05-17,NDB,Naarden-Bussum,204,4,4
2026-05-17,NDKP,Noorderkempen,46,9,18
2026-05-17,NEUSS,Neuss Hbf,24,0,0
2026-05-17,NH,Nuth,70,0,0
2026-05-17,NKK,Nijkerk,67,1,0
2026-05-17,NM,Nijmegen,233,4,2
2026-05-17,NMD,Nijmegen Dukenburg,73,0,0
2026-05-17,NMGO,Nijmegen Goffert,73,0,0
2026-05-17,NMH,Nijmegen Heyendaal,68,2,0
2026-05-17,NML,Nijmegen Lent,129,4,3
2026-05-17,NS,Nunspeet,67,1,0
2026-05-17,NSCH,Bad Nieuweschans,34,0,0
2026-05-17,NURNB,Nürnberg Hbf,1,0,0
2026-05-17,NVD,Nijverdal,64,0,2
2026-05-17,NVP,Nieuw Vennep,77,6,2
2026-05-17,NWK,Nieuwerkerk a/d IJssel,71,4,2
2026-05-17,O,Oss,145,0,0
2026-05-17,OBD,Obdam,58,2,0
2026-05-17,OBERH,Oberhausen Hbf,28,0,0
2026-05-17,ODB,Oudenbosch,37,0,0
2026-05-17,ODZ,Oldenzaal,58,4,0
2026-05-17,OMN,Ommen,62,0,0
2026-05-17,OP,Opheusden,28,0,2
2026-05-17,OSNH,Osnabrück Hbf,48,7,0
2026-05-17,OST,Olst,67,6,1
2026-05-17,OT,Oisterwijk,61,6,0
2026-05-17,OTB,Oosterbeek,36,0,0
2026-05-17,OVN,Overveen,66,2,2
2026-05-17,OW,Oss West,71,0,0
2026-05-17,PARIS,Paris-Nord,10,1,0
2026-05-17,PMO,Purmerend Overwhere,70,0,0
2026-05-17,PMR,Purmerend,70,0,0
2026-05-17,PMW,Purmerend Weidevenne,70,0,0
2026-05-17,PT,Putten,67,1,0
2026-05-17,RAI,Amsterdam RAI,259,0,1
2026-05-17,RAT,Raalte,64,0,2
2026-05-17,RB,Rilland-Bath,61,4,15
2026-05-17,RBB,Baden-Baden,1,0,0
2026-05-17,RD,Roodeschool,33,0,0
2026-05-17,RF,Freiburg (Breisgau) Hbf,1,0,0
2026-05-17,RH,Rheden,35,0,0
2026-05-17,RHEINE,Rheine,47,9,1
2026-05-17,RHN,Rhenen,34,0,0
2026-05-17,RL,Ruurlo,50,4,0
2026-05-17,RLB,Rotterdam Lombardijen,71,2,4
2026-05-17,RM,Roermond,162,5,4
2026-05-17,RO,Offenburg,1,0,0
2026-05-17,ROSENH,Rosenheim,1,0,0
2026-05-17,RS,Rosmalen,71,0,0
2026-05-17,RSD,Roosendaal,138,9,11
2026-05-17,RSN,Rijssen,34,1,0
2026-05-17,RSW,Rijswijk,77,1,0
2026-05-17,RTA,Rotterdam Alexander,171,9,22
2026-05-17,RTB,Rotterdam Blaak,190,6,7
2026-05-17,RTD,Rotterdam Centraal,457,25,42
2026-05-17,RTN,Rotterdam Noord,69,3,4
2026-05-17,RTZ,Rotterdam Zuid,71,2,4
2026-05-17,RV,Reuver,63,2,5
2026-05-17,RVS,Ravenstein,73,0,0
2026-05-17,SBK,Spaubeek,70,0,0
2026-05-17,SD,Soestdijk,62,0,0
2026-05-17,SDA,Scheemda,68,0,0
2026-05-17,SDM,Schiedam Centrum,202,7,3
2026-05-17,SDT,Sliedrecht,83,0,0
2026-05-17,SDTB,Sliedrecht Baanhoek,59,0,0
2026-05-17,SGL,Houthem-St. Gerlach,72,1,0
2026-05-17,SGN,Schagen,67,1,14
2026-05-17,SHL,Schiphol Airport,446,24,21
2026-05-17,SK,Sneek,32,0,0
2026-05-17,SKND,Sneek Noord,34,0,0
2026-05-17,SM,Swalmen,61,0,7
2026-05-17,SN,Schinnen,70,0,0
2026-05-17,SOG,Schin op Geul,72,1,0
2026-05-17,SPTN,Santpoort Noord,72,2,0
2026-05-17,SPTZ,Santpoort Zuid,72,2,0
2026-05-17,SRN,Susteren,68,5,0
2026-05-17,SSH,Sassenheim,77,5,2
2026-05-17,ST,Soest,62,0,0
2026-05-17,STD,Sittard,208,7,1
2026-05-17,STM,Stedum,38,1,0
2026-05-17,STP,London St. Pancras Int.,4,2,0
2026-05-17,STV,Stavoren,15,0,0
2026-05-17,STZ,Soest Zuid,62,0,0
2026-05-17,SWD,Sauwerd,76,1,0
2026-05-17,SWK,Steenwijk,100,1,0
2026-05-17,TB,Tilburg,258,21,30
2026-05-17,TBG,Terborg,55,1,6
2026-05-17,TBR,Tilburg Reeshof,68,4,14
2026-05-17,TBU,Tilburg Universiteit,96,6,16
2026-05-17,TG,Tegelen,65,4,3
2026-05-17,TL,Tiel,49,0,1
2026-05-17,TPSW,Tiel Passewaaij,68,0,0
2026-05-17,TS,Stuttgart Hbf,2,0,0
2026-05-17,TU,Ulm Hbf,2,0,0
2026-05-17,TWL,Twello,34,0,0
2026-05-17,UHM,Uithuizermeeden,38,0,0
2026-05-17,UHZ,Uithuizen,38,0,0
2026-05-17,UST,Usquert,38,0,0
2026-05-17,UT,Utrecht Centraal,819,27,23
2026-05-17,UTG,Uitgeest,128,2,2
2026-05-17,UTLN,Utrecht Lunetten,136,2,3
2026-05-17,UTLR,Utrecht Leidsche Rijn,69,1,2
2026-05-17,UTM,Utrecht Maliebaan,8,0,0
2026-05-17,UTO,Utrecht Overvecht,281,2,0
2026-05-17,UTT,Utrecht Terwijde,69,1,2
2026-05-17,UTVR,Utrecht Vaartsche Rijn,205,3,2
2026-05-17,UTZL,Utrecht Zuilen,69,1,0
2026-05-17,VB,Voorburg,71,0,2
2026-05-17,VD,Vorden,50,2,0
2026-05-17,VDL,Voerendaal,72,1,0
2026-05-17,VDM,Veendam,19,0,0
2026-05-17,VEM,Voorst-Empe,34,0,0
2026-05-17,VG,Vught,69,2,0
2026-05-17,VH,Voorhout,63,2,0
2026-05-17,VHP,Vroomshoop,33,1,0
2026-05-17,VIERS,Viersen,56,1,0
2026-05-17,VK,Valkenburg,116,8,7
2026-05-17,VL,Venlo,168,15,8
2026-05-17,VLB,Vierlingsbeek,68,3,0
2026-05-17,VNDC,Veenendaal Centrum,68,0,0
2026-05-17,VNDW,Veenendaal West,68,0,0
2026-05-17,VP,Velp,35,1,0
2026-05-17,VRY,Venray,68,3,0
2026-05-17,VS,Vlissingen,30,1,7
2026-05-17,VSS,Vlissingen Souburg,62,2,14
2026-05-17,VST,Voorschoten,77,1,2
2026-05-17,VSV,Varsseveld,55,1,6
2026-05-17,VTN,Vleuten,69,1,2
2026-05-17,VZ,Vriezenveen,33,0,0
2026-05-17,WAD,Waddinxveen,70,0,0
2026-05-17,WADN,Waddinxveen Noord,70,0,0
2026-05-17,WADT,Waddinxveen Triangel,70,0,0
2026-05-17,WC,Wijchen,73,0,0
2026-05-17,WD,Woerden,209,6,4
2026-05-17,WDN,Wierden,98,0,2
2026-05-17,WESEL,Wesel,56,0,0
2026-05-17,WF,Wolfheze,36,0,0
2026-05-17,WFM,Warffum,38,0,0
2026-05-17,WH,Wijhe,67,6,1
2026-05-17,WK,Workum,30,0,0
2026-05-17,WL,Wehl,62,1,6
2026-05-17,WM,Wormerveer,102,5,3
2026-05-17,WORGL,Wörgl Hbf,1,0,0
2026-05-17,WP,Weesp,276,10,6
2026-05-17,WR,Weener,32,0,0
2026-05-17,WS,Winschoten,52,0,0
2026-05-17,WSM,Winsum,38,0,0
2026-05-17,WT,Weert,114,7,1
2026-05-17,WTV,Westervoort,62,1,6
2026-05-17,WURZB,Würzburg Hbf,2,0,0
2026-05-17,WV,Wolvega,36,0,0
2026-05-17,WW,Winterswijk,53,3,3
2026-05-17,WWW,Winterswijk West,50,1,0
2026-05-17,WZ,Wezep,67,1,0
2026-05-17,YPB,Den Haag Ypenburg,70,1,2
2026-05-17,ZA,Zetten-Andelst,28,0,2
2026-05-17,ZB,Zuidbroek,76,0,0
2026-05-17,ZBM,Zaltbommel,68,3,2
2026-05-17,ZD,Zaandam,287,10,13
2026-05-17,ZDK,Zaandam Kogerveld,70,0,0
2026-05-17,ZH,Zuidhorn,38,0,0
2026-05-17,ZL,Zwolle,378,10,3
2026-05-17,ZLSH,Zwolle Stadshagen,70,0,0
2026-05-17,ZLW,Lage Zwaluwe,97,5,21
2026-05-17,ZP,Zutphen,167,5,1
2026-05-17,ZTM,Zoetermeer,70,1,2
2026-05-17,ZTMO,Zoetermeer Oost,70,0,2
2026-05-17,ZUE,Zürich HB,1,0,0
2026-05-17,ZV,Zevenaar,99,1,6
2026-05-17,ZVB,Zevenbergen,37,1,0
2026-05-17,ZVT,Zandvoort aan Zee,33,1,1
2026-05-17,ZWD,Zwijndrecht,71,2,4
2026-05-17,ZZS,Zaandijk Zaanse Schans,102,7,3
2026-05-18,AC,Abcoude,135,0,0
2026-05-18,AH,Arnhem Centraal,466,22,10
2026-05-18,AHAR,Hamburg-Harburg,1,0,0
2026-05-18,AHBF,Aachen Hbf,31,2,1
2026-05-18,AHP,Arnhem Velperpoort,203,4,3
2026-05-18,AHPR,Arnhem Presikhaaf,72,0,0
2026-05-18,AHZ,Arnhem Zuid,148,6,0
2026-05-18,AKL,Arkel,72,0,0
2026-05-18,AKM,Akkrum,68,4,0
2026-05-18,ALM,Almere Centrum,285,8,17
2026-05-18,ALMB,Almere Buiten,173,4,16
2026-05-18,ALMM,Almere Muziekwijk,137,3,1
2026-05-18,ALMO,Almere Oostvaarders,107,2,1
2026-05-18,ALMP,Almere Parkwijk,136,1,1
2026-05-18,AMF,Amersfoort Centraal,489,35,52
2026-05-18,AMFS,Amersfoort Schothorst,170,8,12
2026-05-18,AML,Almelo,252,9,3
2026-05-18,AMPO,Almere Poort,137,3,1
2026-05-18,AMR,Alkmaar,176,8,10
2026-05-18,AMRI,Almelo de Riet,95,0,0
2026-05-18,AMRN,Alkmaar Noord,147,5,8
2026-05-18,ANA,Anna Paulowna,81,3,8
2026-05-18,ANDD,Antwerpen-Noorderdokken,35,7,0
2026-05-18,APD,Apeldoorn,200,18,8
2026-05-18,APDM,Apeldoorn De Maten,64,1,0
2026-05-18,APDO,Apeldoorn Osseveld,74,6,0
2026-05-18,APG,Appingedam,72,1,0
2026-05-18,APN,Alphen a/d Rijn,153,2,4
2026-05-18,ARN,Arnemuiden,74,1,3
2026-05-18,ASA,Amsterdam Amstel,248,11,15
2026-05-18,ASB,Amsterdam Bijlmer ArenA,428,27,32
2026-05-18,ASD,Amsterdam Centraal,685,57,26
2026-05-18,ASDL,Amsterdam Lelylaan,338,6,6
2026-05-18,ASDM,Amsterdam Muiderpoort,153,9,0
2026-05-18,ASDZ,Amsterdam Zuid,482,31,47
2026-05-18,ASHD,Amsterdam Holendrecht,135,0,0
2026-05-18,ASN,Assen,163,8,5
2026-05-18,ASS,Amsterdam Sloterdijk,938,29,31
2026-05-18,ASSP,Amsterdam Science Park,120,5,0
2026-05-18,ATN,Aalten,74,1,2
2026-05-18,ATW,Antwerpen-Centraal,123,15,3
2026-05-18,ATWLB,Antwerpen-Luchtbal,35,7,0
2026-05-18,AVAT,Amersfoort Vathorst,107,5,2
2026-05-18,AW,Aachen West,62,3,2
2026-05-18,BADENZ,Baden (CH),1,0,0
2026-05-18,BASELB,Basel Bad Bf,1,0,0
2026-05-18,BASELS,Basel SBB,1,0,0
2026-05-18,BD,Breda,283,20,9
2026-05-18,BDE,Bunde,71,0,5
2026-05-18,BDG,Bodegraven,74,0,2
2026-05-18,BDM,Bedum,72,0,0
2026-05-18,BDPB,Breda-Prinsenbeek,73,2,0
2026-05-18,BERCH,Antwerpen-Berchem,66,2,0
2026-05-18,BERHBL,Berlin Hbf,1,0,0
2026-05-18,BERHBT,Berlin Hbf,12,5,0
2026-05-18,BET,Best,148,6,0
2026-05-18,BF,Baflo,76,0,0
2026-05-18,BGN,Bergen op Zoom,104,4,4
2026-05-18,BH,Bad Bentheim,56,19,0
2026-05-18,BHDV,Boven-Hardinxveld,133,35,2
2026-05-18,BHF,Berlin Ostbahnhof,7,4,0
2026-05-18,BHV,Bilthoven,143,4,4
2026-05-18,BIELEF,Bielefeld Hbf,18,2,0
2026-05-18,BK,Beek-Elsloo,71,0,5
2026-05-18,BKF,Bovenkarspel Flora,80,1,0
2026-05-18,BKG,Bovenkarspel-Grootebroek,80,1,0
2026-05-18,BKL,Breukelen,141,4,8
2026-05-18,BL,Beilen,74,5,0
2026-05-18,BLL,Bloemendaal,77,1,1
2026-05-18,BMN,Brummen,72,0,0
2026-05-18,BMR,Boxmeer,112,0,0
2026-05-18,BN,Borne,95,0,0
2026-05-18,BNC,Barneveld Centrum,127,6,10
2026-05-18,BNK,Bunnik,74,3,0
2026-05-18,BNN,Barneveld Noord,129,5,8
2026-05-18,BNZ,Barneveld Zuid,98,7,9
2026-05-18,BONN,Bonn Hbf,2,0,0
2026-05-18,BP,Buitenpost,105,0,0
2026-05-18,BR,Blerick,152,8,7
2026-05-18,BRD,Barendrecht,182,1,5
2026-05-18,BREMEN,Bremen Hbf,2,0,0
2026-05-18,BRESSX,Bressoux,38,1,0
2026-05-18,BRN,Baarn,114,13,0
2026-05-18,BRUSC,Brussel-Centraal,33,3,0
2026-05-18,BRUSN,Brussel-Noord,32,2,0
2026-05-18,BRUSZ,Brussel-Zuid,65,12,2
2026-05-18,BSD,Beesd,72,0,0
2026-05-18,BSK,Boskoop,127,0,4
2026-05-18,BSKS,Boskoop Snijdelwijk,126,1,5
2026-05-18,BSMZ,Bussum Zuid,137,10,0
2026-05-18,BSPD,Berlin-Spandau,12,6,0
2026-05-18,BTL,Boxtel,148,7,0
2026-05-18,BUENDE,Bünde (Westf),49,18,0
2026-05-18,BV,Beverwijk,81,1,1
2026-05-18,BZL,Kapelle-Biezelinge,74,1,3
2026-05-18,CAS,Castricum,208,13,11
2026-05-18,CK,Cuijk,112,0,0
2026-05-18,CL,Culemborg,102,7,7
2026-05-18,CO,Coevorden,89,4,0
2026-05-18,CPS,Capelle Schollevaar,77,9,7
2026-05-18,CVM,Chevremont,76,0,0
2026-05-18,DA,Daarlerveen,56,0,0
2026-05-18,DB,Driebergen-Zeist,196,6,4
2026-05-18,DDN,Delden,71,0,2
2026-05-18,DDR,Dordrecht,337,32,9
2026-05-18,DDRS,Dordrecht Stadspolders,133,23,2
2026-05-18,DDZD,Dordrecht Zuid,142,6,0
2026-05-18,DEI,Deinum,68,0,0
2026-05-18,DID,Didam,131,4,3
2026-05-18,DL,Dalfsen,95,2,1
2026-05-18,DLD,Den Dolder,143,5,4
2026-05-18,DLN,Dalen,47,6,0
2026-05-18,DMN,Diemen,129,5,0
2026-05-18,DMNZ,Diemen Zuid,151,2,1
2026-05-18,DN,Deurne,106,10,7
2026-05-18,DR,Dieren,146,4,0
2026-05-18,DRH,Driehuis,77,0,1
2026-05-18,DRON,Dronten,72,2,0
2026-05-18,DRP,Dronryp,68,0,0
2026-05-18,DT,Delft,455,19,20
2026-05-18,DTC,Doetinchem,103,2,2
2026-05-18,DTCH,Doetinchem De Huet,130,3,4
2026-05-18,DTCP,Delft Campus,183,3,4
2026-05-18,DUISB,Duisburg Hbf,18,12,0
2026-05-18,DUSSEL,Düsseldorf Hbf,17,12,0
2026-05-18,DV,Deventer,262,24,6
2026-05-18,DVC,Deventer Colmschate,74,6,0
2026-05-18,DVD,Duivendrecht,522,17,18
2026-05-18,DVN,Duiven,135,3,3
2026-05-18,DVNK,De Vink,134,2,1
2026-05-18,DWE,De Westereen,71,0,0
2026-05-18,DZ,Delfzijl,36,0,0
2026-05-18,DZW,Delfzijl West,71,0,1
2026-05-18,EABG,Altenberge,36,4,0
2026-05-18,EAHS,Ahaus,33,11,0
2026-05-18,EBFT,Steinfurt-Burgsteinfurt,36,8,0
2026-05-18,EBGO,Steinfurt-Borghorst,36,6,0
2026-05-18,EBOK,Bork (Westf),32,11,0
2026-05-18,EC,Echt,72,4,2
2026-05-18,ECMF,Coesfeld (Westf),32,12,0
2026-05-18,ED,Ede-Wageningen,265,7,12
2026-05-18,EDC,Ede Centrum,70,4,6
2026-05-18,EDD,Dortmund-Derne,30,11,0
2026-05-18,EDKD,Dortmund-Kirchderne,30,11,0
2026-05-18,EDN,Eijsden,38,3,0
2026-05-18,EDO,Dortmund Hbf,14,6,0
2026-05-18,EDULH,Dülmen,32,10,0
2026-05-18,EEM,Eemshaven,29,0,0
2026-05-18,EEPE,Epe (Westf),33,8,0
2026-05-18,EGH,Eygelshoven,76,0,0
2026-05-18,EGHM,Eygelshoven Markt,62,4,2
2026-05-18,EGRK,Steinfurt-Grottenkamp,36,5,0
2026-05-18,EHS,Eindhoven Strijp-S,148,7,0
2026-05-18,EHV,Eindhoven Centraal,412,33,32
2026-05-18,EHW,Rosendahl-Holtwick,33,10,0
2026-05-18,EKZ,Enkhuizen,39,1,0
2026-05-18,EL,Emmerich-Elten,38,0,0
2026-05-18,ELDH,Lüdinghausen,32,8,0
2026-05-18,ELET,Lette (Kr Coesfeld),32,11,0
2026-05-18,ELGD,Legden,33,9,0
2026-05-18,ELUE,Lünen Hbf,32,15,0
2026-05-18,EM,Emmerich,71,3,0
2026-05-18,EML,Ermelo,72,4,4
2026-05-18,EMN,Emmen,41,5,0
2026-05-18,EMNZ,Emmen Zuid,82,6,0
2026-05-18,EMTE,Metelen Land,36,7,0
2026-05-18,ENBE,Münster-Häger,36,2,0
2026-05-18,ENHF,Münster (W) Zentrum Nord,36,2,0
2026-05-18,ENOW,Nordwalde,36,6,0
2026-05-18,EOP,Ochtrup,36,6,0
2026-05-18,EPRN,Preussen,30,10,0
2026-05-18,ES,Enschede,136,9,2
2026-05-18,ESE,Enschede De Eschmarke,74,4,0
2026-05-18,ESEB,Selm-Beifang,32,13,0
2026-05-18,ESEM,Selm,32,11,0
2026-05-18,ESK,Enschede Kennispark,96,0,0
2026-05-18,ESN,Essen,35,3,0
2026-05-18,EST,Elst,216,1,5
2026-05-18,ETN,Etten-Leur,76,2,2
2026-05-18,FBNL,Brussels Airport-Zaventem,32,0,0
2026-05-18,FFFM,Frankfurt (M) Hbf,7,1,0
2026-05-18,FKTH,Kalmthout,35,3,0
2026-05-18,FKW,Kassel-Wilhelmshöhe,2,1,0
2026-05-18,FMZ,Mainz Hbf,2,0,0
2026-05-18,FN,Franeker,68,0,0
2026-05-18,FNAF,Frankfurt Flughafen Fernb,17,3,0
2026-05-18,FNZD,Antwerpen-Zuid,33,0,0
2026-05-18,FRP,Puurs,17,0,0
2026-05-18,FVS,Visé,38,1,0
2026-05-18,FWD,Feanwâlden,135,2,0
2026-05-18,G,Gronau (Westf.),73,11,0
2026-05-18,GBG,Gramsbergen,47,3,0
2026-05-18,GBR,Glanerbrug,74,4,0
2026-05-18,GD,Gouda,529,60,62
2026-05-18,GDG,Gouda Goverwelle,158,21,22
2026-05-18,GDM,Geldermalsen,162,13,11
2026-05-18,GDR,Gaanderen,74,3,2
2026-05-18,GERP,Groningen Europapark,315,10,24
2026-05-18,GK,Grijpskerk,71,0,0
2026-05-18,GKT,Kijkuit,35,3,0
2026-05-18,GLN,Geleen Oost,74,0,2
2026-05-18,GN,Groningen,351,13,29
2026-05-18,GND,Hardinxveld-Giessendam,133,44,2
2026-05-18,GNN,Groningen Noord,148,0,0
2026-05-18,GO,Goor,71,0,2
2026-05-18,GP,Geldrop,69,2,0
2026-05-18,GR,Gorinchem,102,16,1
2026-05-18,GS,Goes,103,5,4
2026-05-18,GV,Den Haag HS,457,11,21
2026-05-18,GVC,Den Haag Centraal,376,25,15
2026-05-18,GVM,Den Haag Mariahoeve,134,2,1
2026-05-18,GVMW,Den Haag Moerwijk,182,2,4
2026-05-18,GW,Grou-Jirnsum,68,4,0
2026-05-18,GWD,Wildert,35,3,0
2026-05-18,GZ,Gilze-Rijen,73,3,0
2026-05-18,HAD,Heemstede-Aerdenhout,215,4,3
2026-05-18,HAMM,Hamm (Westf.),2,2,0
2026-05-18,HANN,Hannover Hbf,14,8,0
2026-05-18,HB,Hoensbroek,74,0,2
2026-05-18,HBZM,Hardinxveld Blauwe Zoom,74,22,0
2026-05-18,HD,Harderwijk,75,5,4
2026-05-18,HDB,Hardenberg,122,5,0
2026-05-18,HDE,'t Harde,73,2,3
2026-05-18,HDG,Hurdegaryp,71,1,0
2026-05-18,HDR,Den Helder,40,1,4
2026-05-18,HDRZ,Den Helder Zuid,81,2,8
2026-05-18,HFD,Hoofddorp,313,11,3
2026-05-18,HGL,Hengelo,304,17,5
2026-05-18,HGLG,Hengelo Gezondheidspark,71,0,2
2026-05-18,HGLO,Hengelo Oost,74,0,2
2026-05-18,HGV,Hoogeveen,74,6,0
2026-05-18,HGZ,Hoogezand-Sappemeer,141,3,0
2026-05-18,HIL,Hillegom,75,1,0
2026-05-18,HK,Heemskerk,77,1,1
2026-05-18,HKS,Hoogkarspel,80,1,0
2026-05-18,HLG,Harlingen,68,0,0
2026-05-18,HLGH,Harlingen Haven,34,0,0
2026-05-18,HLM,Haarlem,327,5,10
2026-05-18,HLMS,Haarlem Spaarnwoude,149,3,6
2026-05-18,HLO,Heiloo,160,8,11
2026-05-18,HM,Helmond,141,9,7
2026-05-18,HMBH,Helmond Brouwhuis,70,1,0
2026-05-18,HMBV,Helmond Brandevoort,70,1,0
2026-05-18,HMH,Helmond 't Hout,70,1,0
2026-05-18,HMN,Hemmen-Dodewaard,66,0,0
2026-05-18,HN,Hoorn,187,5,1
2026-05-18,HNK,Hoorn Kersenboogerd,115,1,1
2026-05-18,HNO,Heino,76,1,0
2026-05-18,HNP,Hindeloopen,46,2,0
2026-05-18,HOHT,Osnabrück Altstadt,36,8,0
2026-05-18,HON,Holten,74,6,0
2026-05-18,HOR,Hollandsche Rading,78,1,0
2026-05-18,HR,Heerenveen,139,10,6
2026-05-18,HRL,Heerlen,227,8,10
2026-05-18,HRLW,Heerlen Woonboulevard,78,1,0
2026-05-18,HRN,Haren,100,5,0
2026-05-18,HRT,Horst-Sevenum,71,6,7
2026-05-18,HT,'s-Hertogenbosch,440,37,51
2026-05-18,HTN,Houten,103,4,7
2026-05-18,HTNC,Houten Castellum,103,5,7
2026-05-18,HTO,'s-Hertogenbosch Oost,75,3,4
2026-05-18,HVL,Hoevelaken,129,3,8
2026-05-18,HVS,Hilversum,326,33,25
2026-05-18,HVSM,Hilversum Media Park,137,9,0
2026-05-18,HVSP,Hilversum Sportpark,138,9,2
2026-05-18,HWD,Heerhugowaard,147,5,8
2026-05-18,HWZB,Halfweg-Zwanenburg,149,2,6
2026-05-18,HZ,Herzogenrath,62,4,2
2026-05-18,HZE,Heeze,69,2,0
2026-05-18,IJT,IJlst,46,1,0
2026-05-18,INNSB,Innsbruck Hbf,1,0,0
2026-05-18,JENBAC,Jenbach,1,0,0
2026-05-18,KARLSR,Karlsruhe Hbf,1,0,0
2026-05-18,KBD,Krabbendijke,74,1,3
2026-05-18,KBK,Klarenbeek,64,1,0
2026-05-18,KBOI,Boisheim,36,0,0
2026-05-18,KBRY,Breyell,36,0,0
2026-05-18,KDUL,Dülken,36,0,0
2026-05-18,KKO,Koblenz Hbf,2,0,0
2026-05-18,KLP,Veenendaal-De Klomp,124,1,2
2026-05-18,KMA,Krommenie-Assendelft,117,6,1
2026-05-18,KMR,Klimmen-Ransdaal,78,0,0
2026-05-18,KMW,Koudum-Molkwerum,46,0,0
2026-05-18,KN,Kaldenkirchen,36,0,0
2026-05-18,KOLN,Köln Hbf,17,4,0
2026-05-18,KPN,Kampen,39,0,0
2026-05-18,KPNZ,Kampen Zuid,72,2,0
2026-05-18,KRD,Kerkrade Centrum,38,0,0
2026-05-18,KRG,Kruiningen-Yerseke,74,1,3
2026-05-18,KSB,Siegburg/Bonn,15,3,0
2026-05-18,KTR,Kesteren,66,0,0
2026-05-18,KUFST,Kufstein,1,0,0
2026-05-18,KW,Kropswolde,141,3,0
2026-05-18,KZ,Koog aan de Zaan,117,3,1
2026-05-18,LAA,Den Haag Laan v NOI,325,6,17
2026-05-18,LC,Lochem,70,0,2
2026-05-18,LDL,Leiden Lammenschans,105,4,2
2026-05-18,LDM,Leerdam,72,0,0
2026-05-18,LEDN,Leiden Centraal,560,18,20
2026-05-18,LEER,Leer (Ostfriesl),25,0,0
2026-05-18,LG,Landgraaf,138,13,2
2026-05-18,LILLEE,Lille Europe,7,0,0
2026-05-18,LKP,Kapellen,35,6,0
2026-05-18,LKR,Ekeren,35,7,0
2026-05-18,LLS,Lelystad Centrum,167,8,8
2026-05-18,LLZM,Lansingerland-Zoetermeer,100,11,6
2026-05-18,LP,Loppersum,72,1,0
2026-05-18,LTN,Lunteren,70,4,6
2026-05-18,LTV,Lichtenvoorde-Groenlo,71,0,0
2026-05-18,LUIK,Liège-Guillemins,19,0,0
2026-05-18,LUT,Geleen-Lutterade,71,0,5
2026-05-18,LW,Leeuwarden,209,8,3
2026-05-18,LWC,Leeuwarden Camminghaburen,71,2,0
2026-05-18,MA,Augsburg Hbf,2,0,0
2026-05-18,MANNHE,Mannheim Hbf,3,0,0
2026-05-18,MARIA,Sint-Mariaburg,35,6,0
2026-05-18,MAS,Maarssen,75,1,4
2026-05-18,MCGB,Mönchengladbach Hbf,36,0,0
2026-05-18,MDB,Middelburg,103,2,4
2026-05-18,MECH,Mechelen,32,0,0
2026-05-18,MES,Meerssen,138,6,2
2026-05-18,MG,Mantgum,68,2,0
2026-05-18,MID,Heide (B),35,5,0
2026-05-18,MMLH,Mook-Molenhoek,112,0,0
2026-05-18,MOP,München Ost,1,0,0
2026-05-18,MP,Meppel,213,15,6
2026-05-18,MRB,Mariënberg,130,3,0
2026-05-18,MRN,Maarn,74,1,0
2026-05-18,MT,Maastricht,256,9,16
2026-05-18,MTH,Martenshoek,141,3,0
2026-05-18,MTN,Maastricht Noord,78,1,0
2026-05-18,MTR,Maastricht Randwyck,112,3,3
2026-05-18,MUNCHH,München Hbf,2,0,0
2026-05-18,MUNST,Münster (Westf) Hbf,19,4,0
2026-05-18,MZ,Maarheeze,69,2,0
2026-05-18,NA,Nieuw Amsterdam,76,4,0
2026-05-18,NDB,Naarden-Bussum,154,12,0
2026-05-18,NDKP,Noorderkempen,32,4,0
2026-05-18,NH,Nuth,74,0,2
2026-05-18,NKK,Nijkerk,80,4,2
2026-05-18,NM,Nijmegen,284,4,2
2026-05-18,NMD,Nijmegen Dukenburg,107,0,0
2026-05-18,NMGO,Nijmegen Goffert,107,0,0
2026-05-18,NMH,Nijmegen Heyendaal,112,0,0
2026-05-18,NML,Nijmegen Lent,148,7,0
2026-05-18,NS,Nunspeet,72,4,4
2026-05-18,NSCH,Bad Nieuweschans,39,1,0
2026-05-18,NURNB,Nürnberg Hbf,1,0,0
2026-05-18,NVD,Nijverdal,104,0,0
2026-05-18,NVP,Nieuw Vennep,131,5,1
2026-05-18,NWK,Nieuwerkerk a/d IJssel,77,9,7
2026-05-18,O,Oss,171,3,5
2026-05-18,OBD,Obdam,66,1,0
2026-05-18,OBERH,Oberhausen Hbf,48,11,0
2026-05-18,ODB,Oudenbosch,69,4,0
2026-05-18,ODZ,Oldenzaal,74,11,1
2026-05-18,OMN,Ommen,96,3,0
2026-05-18,OP,Opheusden,66,0,0
2026-05-18,OSNH,Osnabrück Hbf,49,14,0
2026-05-18,OST,Olst,73,3,1
2026-05-18,OT,Oisterwijk,70,3,0
2026-05-18,OTB,Oosterbeek,68,0,0
2026-05-18,OVN,Overveen,76,0,1
2026-05-18,OW,Oss West,75,1,4
2026-05-18,PARIS,Paris-Nord,11,1,0
2026-05-18,PMO,Purmerend Overwhere,77,1,0
2026-05-18,PMR,Purmerend,81,1,0
2026-05-18,PMW,Purmerend Weidevenne,77,0,0
2026-05-18,PRAHA,Praha hl.n.,1,0,0
2026-05-18,PT,Putten,73,4,3
2026-05-18,RAI,Amsterdam RAI,154,3,2
2026-05-18,RAT,Raalte,104,1,0
2026-05-18,RB,Rilland-Bath,74,1,3
2026-05-18,RBB,Baden-Baden,1,0,0
2026-05-18,RD,Roodeschool,66,0,0
2026-05-18,RF,Freiburg (Breisgau) Hbf,1,0,0
2026-05-18,RH,Rheden,72,0,0
2026-05-18,RHEINE,Rheine,52,16,0
2026-05-18,RHN,Rhenen,37,0,0
2026-05-18,RL,Ruurlo,71,0,0
2026-05-18,RLB,Rotterdam Lombardijen,183,3,5
2026-05-18,RM,Roermond,242,14,24
2026-05-18,RO,Offenburg,1,0,0
2026-05-18,ROSENH,Rosenheim,1,0,0
2026-05-18,RS,Rosmalen,75,2,4
2026-05-18,RSD,Roosendaal,182,13,5
2026-05-18,RSN,Rijssen,74,3,0
2026-05-18,RSW,Rijswijk,182,2,4
2026-05-18,RTA,Rotterdam Alexander,247,36,31
2026-05-18,RTB,Rotterdam Blaak,321,10,16
2026-05-18,RTD,Rotterdam Centraal,727,83,60
2026-05-18,RTN,Rotterdam Noord,77,10,7
2026-05-18,RTZ,Rotterdam Zuid,183,1,5
2026-05-18,RV,Reuver,76,0,0
2026-05-18,RVS,Ravenstein,79,0,0
2026-05-18,SBK,Spaubeek,74,0,2
2026-05-18,SD,Soestdijk,70,0,0
2026-05-18,SDA,Scheemda,118,4,0
2026-05-18,SDM,Schiedam Centrum,373,10,20
2026-05-18,SDT,Sliedrecht,133,40,2
2026-05-18,SDTB,Sliedrecht Baanhoek,133,53,2
2026-05-18,SGL,Houthem-St. Gerlach,78,1,0
2026-05-18,SGN,Schagen,81,3,8
2026-05-18,SHL,Schiphol Airport,865,44,45
2026-05-18,SK,Sneek,65,1,0
2026-05-18,SKND,Sneek Noord,81,2,0
2026-05-18,SM,Swalmen,76,0,0
2026-05-18,SN,Schinnen,74,0,2
2026-05-18,SOG,Schin op Geul,78,0,0
2026-05-18,SPTN,Santpoort Noord,77,0,1
2026-05-18,SPTZ,Santpoort Zuid,77,1,1
2026-05-18,SRN,Susteren,72,4,2
2026-05-18,SSH,Sassenheim,131,4,1
2026-05-18,ST,Soest,70,3,0
2026-05-18,STD,Sittard,281,10,27
2026-05-18,STM,Stedum,72,1,0
2026-05-18,STP,London St. Pancras Int.,5,0,0
2026-05-18,STV,Stavoren,23,0,0
2026-05-18,STZ,Soest Zuid,70,3,0
2026-05-18,SWD,Sauwerd,148,0,0
2026-05-18,SWK,Steenwijk,139,11,6
2026-05-18,TB,Tilburg,294,10,4
2026-05-18,TBG,Terborg,74,1,2
2026-05-18,TBR,Tilburg Reeshof,73,3,0
2026-05-18,TBU,Tilburg Universiteit,106,3,2
2026-05-18,TG,Tegelen,76,1,0
2026-05-18,TL,Tiel,69,1,1
2026-05-18,TPSW,Tiel Passewaaij,72,2,2
2026-05-18,TS,Stuttgart Hbf,2,0,0
2026-05-18,TU,Ulm Hbf,2,0,0
2026-05-18,TWL,Twello,74,4,0
2026-05-18,UHM,Uithuizermeeden,74,0,0
2026-05-18,UHZ,Uithuizen,74,0,0
2026-05-18,UST,Usquert,74,0,0
2026-05-18,UT,Utrecht Centraal,896,49,69
2026-05-18,UTG,Uitgeest,139,5,1
2026-05-18,UTLN,Utrecht Lunetten,98,2,8
2026-05-18,UTLR,Utrecht Leidsche Rijn,128,7,10
2026-05-18,UTO,Utrecht Overvecht,281,4,6
2026-05-18,UTT,Utrecht Terwijde,72,6,11
2026-05-18,UTVR,Utrecht Vaartsche Rijn,176,7,7
2026-05-18,UTZL,Utrecht Zuilen,76,1,3
2026-05-18,VB,Voorburg,100,9,6
2026-05-18,VD,Vorden,71,0,0
2026-05-18,VDL,Voerendaal,78,1,0
2026-05-18,VDM,Veendam,35,1,0
2026-05-18,VEM,Voorst-Empe,64,2,0
2026-05-18,VG,Vught,78,5,0
2026-05-18,VH,Voorhout,75,1,0
2026-05-18,VHP,Vroomshoop,56,0,0
2026-05-18,VIERS,Viersen,36,0,0
2026-05-18,VK,Valkenburg,138,6,2
2026-05-18,VL,Venlo,150,6,5
2026-05-18,VLB,Vierlingsbeek,112,1,0
2026-05-18,VNDC,Veenendaal Centrum,74,0,0
2026-05-18,VNDW,Veenendaal West,74,0,0
2026-05-18,VP,Velp,72,0,0
2026-05-18,VRY,Venray,97,1,0
2026-05-18,VS,Vlissingen,51,2,2
2026-05-18,VSS,Vlissingen Souburg,74,1,3
2026-05-18,VST,Voorschoten,134,2,1
2026-05-18,VSV,Varsseveld,74,2,2
2026-05-18,VTN,Vleuten,73,6,10
2026-05-18,VZ,Vriezenveen,56,0,0
2026-05-18,WAD,Waddinxveen,126,0,5
2026-05-18,WADN,Waddinxveen Noord,126,1,5
2026-05-18,WADT,Waddinxveen Triangel,126,0,5
2026-05-18,WC,Wijchen,93,0,0
2026-05-18,WD,Woerden,221,22,22
2026-05-18,WDN,Wierden,150,2,0
2026-05-18,WESEL,Wesel,63,0,0
2026-05-18,WF,Wolfheze,68,0,0
2026-05-18,WFM,Warffum,74,0,0
2026-05-18,WH,Wijhe,72,2,2
2026-05-18,WK,Workum,46,1,0
2026-05-18,WL,Wehl,131,3,3
2026-05-18,WM,Wormerveer,117,7,1
2026-05-18,WORGL,Wörgl Hbf,1,0,0
2026-05-18,WP,Weesp,291,12,1
2026-05-18,WR,Weener,35,0,0
2026-05-18,WS,Winschoten,80,2,0
2026-05-18,WSM,Winsum,76,0,0
2026-05-18,WT,Weert,202,15,23
2026-05-18,WTV,Westervoort,134,3,3
2026-05-18,WURZB,Würzburg Hbf,2,1,0
2026-05-18,WV,Wolvega,68,4,0
2026-05-18,WW,Winterswijk,73,0,1
2026-05-18,WWW,Winterswijk West,71,0,0
2026-05-18,WZ,Wezep,74,2,2
2026-05-18,YPB,Den Haag Ypenburg,100,9,6
2026-05-18,ZA,Zetten-Andelst,66,0,0
2026-05-18,ZB,Zuidbroek,141,3,0
2026-05-18,ZBM,Zaltbommel,70,5,13
2026-05-18,ZD,Zaandam,339,11,11
2026-05-18,ZDK,Zaandam Kogerveld,77,0,0
2026-05-18,ZH,Zuidhorn,104,2,0
2026-05-18,ZL,Zwolle,466,24,16
2026-05-18,ZLSH,Zwolle Stadshagen,78,0,0
2026-05-18,ZLW,Lage Zwaluwe,142,5,0
2026-05-18,ZP,Zutphen,216,7,1
2026-05-18,ZTM,Zoetermeer,100,8,6
2026-05-18,ZTMO,Zoetermeer Oost,100,12,6
2026-05-18,ZUE,Zürich HB,1,0,0
2026-05-18,ZV,Zevenaar,169,3,3
2026-05-18,ZVB,Zevenbergen,69,4,0
2026-05-18,ZVT,Zandvoort aan Zee,38,0,1
2026-05-18,ZWD,Zwijndrecht,182,3,5
2026-05-18,ZZS,Zaandijk Zaanse Schans,117,7,1
2026-05-19,AC,Abcoude,134,0,0
2026-05-19,AH,Arnhem Centraal,448,36,17
2026-05-19,AHBF,Aachen Hbf,32,1,0
2026-05-19,AHP,Arnhem Velperpoort,196,6,14
2026-05-19,AHPR,Arnhem Presikhaaf,72,1,0
2026-05-19,AHZ,Arnhem Zuid,147,3,1
2026-05-19,AKL,Arkel,71,10,1
2026-05-19,AKM,Akkrum,68,0,0
2026-05-19,ALM,Almere Centrum,295,8,10
2026-05-19,ALMB,Almere Buiten,183,7,9
2026-05-19,ALMM,Almere Muziekwijk,136,2,6
2026-05-19,ALMO,Almere Oostvaarders,108,3,4
2026-05-19,ALMP,Almere Parkwijk,137,2,4
2026-05-19,AMF,Amersfoort Centraal,496,31,25
2026-05-19,AMFS,Amersfoort Schothorst,167,8,13
2026-05-19,AML,Almelo,252,5,9
2026-05-19,AMPO,Almere Poort,136,2,6
2026-05-19,AMR,Alkmaar,177,11,3
2026-05-19,AMRI,Almelo de Riet,95,1,0
2026-05-19,AMRN,Alkmaar Noord,147,4,0
2026-05-19,ANA,Anna Paulowna,80,2,1
2026-05-19,ANDD,Antwerpen-Noorderdokken,35,1,0
2026-05-19,APD,Apeldoorn,199,15,9
2026-05-19,APDM,Apeldoorn De Maten,64,1,0
2026-05-19,APDO,Apeldoorn Osseveld,74,4,0
2026-05-19,APG,Appingedam,71,3,1
2026-05-19,APN,Alphen a/d Rijn,155,0,1
2026-05-19,ARN,Arnemuiden,74,3,4
2026-05-19,ASA,Amsterdam Amstel,251,14,5
2026-05-19,ASB,Amsterdam Bijlmer ArenA,435,24,19
2026-05-19,ASD,Amsterdam Centraal,687,38,15
2026-05-19,ASDL,Amsterdam Lelylaan,340,0,4
2026-05-19,ASDM,Amsterdam Muiderpoort,148,9,0
2026-05-19,ASDZ,Amsterdam Zuid,487,32,37
2026-05-19,ASHD,Amsterdam Holendrecht,134,0,0
2026-05-19,ASN,Assen,163,1,2
2026-05-19,ASS,Amsterdam Sloterdijk,943,25,21
2026-05-19,ASSP,Amsterdam Science Park,120,5,0
2026-05-19,ATN,Aalten,74,1,3
2026-05-19,ATW,Antwerpen-Centraal,123,12,0
2026-05-19,ATWLB,Antwerpen-Luchtbal,35,2,0
2026-05-19,AVAT,Amersfoort Vathorst,105,5,3
2026-05-19,AW,Aachen West,64,2,0
2026-05-19,BADENZ,Baden (CH),1,0,0
2026-05-19,BASELB,Basel Bad Bf,1,0,0
2026-05-19,BASELS,Basel SBB,1,0,0
2026-05-19,BD,Breda,285,18,7
2026-05-19,BDE,Bunde,76,0,0
2026-05-19,BDG,Bodegraven,76,0,0
2026-05-19,BDM,Bedum,72,2,0
2026-05-19,BDPB,Breda-Prinsenbeek,73,3,3
2026-05-19,BERCH,Antwerpen-Berchem,66,4,0
2026-05-19,BERHBT,Berlin Hbf,12,3,0
2026-05-19,BET,Best,148,5,0
2026-05-19,BF,Baflo,76,9,1
2026-05-19,BGN,Bergen op Zoom,104,8,5
2026-05-19,BH,Bad Bentheim,52,17,0
2026-05-19,BHDV,Boven-Hardinxveld,120,48,15
2026-05-19,BHF,Berlin Ostbahnhof,6,4,0
2026-05-19,BHV,Bilthoven,145,5,0
2026-05-19,BIELEF,Bielefeld Hbf,18,0,0
2026-05-19,BK,Beek-Elsloo,76,0,0
2026-05-19,BKF,Bovenkarspel Flora,80,2,0
2026-05-19,BKG,Bovenkarspel-Grootebroek,80,2,0
2026-05-19,BKL,Breukelen,145,3,0
2026-05-19,BL,Beilen,74,0,0
2026-05-19,BLL,Bloemendaal,78,2,0
2026-05-19,BMN,Brummen,72,0,0
2026-05-19,BMR,Boxmeer,112,4,0
2026-05-19,BN,Borne,95,1,0
2026-05-19,BNC,Barneveld Centrum,137,3,0
2026-05-19,BNK,Bunnik,73,7,1
2026-05-19,BNN,Barneveld Noord,137,2,0
2026-05-19,BNZ,Barneveld Zuid,107,4,0
2026-05-19,BONN,Bonn Hbf,2,0,0
2026-05-19,BP,Buitenpost,105,6,0
2026-05-19,BR,Blerick,153,19,5
2026-05-19,BRD,Barendrecht,184,3,4
2026-05-19,BRESSX,Bressoux,38,1,0
2026-05-19,BRN,Baarn,111,5,7
2026-05-19,BRUSC,Brussel-Centraal,32,1,0
2026-05-19,BRUSN,Brussel-Noord,32,2,0
2026-05-19,BRUSZ,Brussel-Zuid,65,5,0
2026-05-19,BSD,Beesd,72,4,0
2026-05-19,BSK,Boskoop,130,0,0
2026-05-19,BSKS,Boskoop Snijdelwijk,130,0,0
2026-05-19,BSMZ,Bussum Zuid,130,5,11
2026-05-19,BSPD,Berlin-Spandau,12,4,0
2026-05-19,BTL,Boxtel,148,5,0
2026-05-19,BUENDE,Bünde (Westf),49,14,0
2026-05-19,BV,Beverwijk,82,3,0
2026-05-19,BZL,Kapelle-Biezelinge,74,3,4
2026-05-19,CAS,Castricum,209,10,4
2026-05-19,CK,Cuijk,112,2,0
2026-05-19,CL,Culemborg,102,6,1
2026-05-19,CO,Coevorden,88,1,1
2026-05-19,CPS,Capelle Schollevaar,78,2,0
2026-05-19,CVM,Chevremont,74,2,2
2026-05-19,DA,Daarlerveen,56,0,2
2026-05-19,DB,Driebergen-Zeist,195,11,7
2026-05-19,DDN,Delden,71,1,4
2026-05-19,DDR,Dordrecht,332,38,17
2026-05-19,DDRS,Dordrecht Stadspolders,126,46,9
2026-05-19,DDZD,Dordrecht Zuid,142,5,3
2026-05-19,DEI,Deinum,68,0,0
2026-05-19,DID,Didam,122,1,16
2026-05-19,DL,Dalfsen,94,1,2
2026-05-19,DLD,Den Dolder,146,8,0
2026-05-19,DLN,Dalen,47,0,0
2026-05-19,DMN,Diemen,129,2,0
2026-05-19,DMNZ,Diemen Zuid,140,6,20
2026-05-19,DN,Deurne,107,19,5
2026-05-19,DR,Dieren,146,4,0
2026-05-19,DRH,Driehuis,78,3,0
2026-05-19,DRON,Dronten,72,0,0
2026-05-19,DRP,Dronryp,68,0,0
2026-05-19,DT,Delft,449,31,27
2026-05-19,DTC,Doetinchem,99,0,8
2026-05-19,DTCH,Doetinchem De Huet,124,0,14
2026-05-19,DTCP,Delft Campus,181,7,6
2026-05-19,DUISB,Duisburg Hbf,48,14,8
2026-05-19,DUSSEL,Düsseldorf Hbf,47,13,7
2026-05-19,DV,Deventer,257,17,9
2026-05-19,DVC,Deventer Colmschate,74,3,0
2026-05-19,DVD,Duivendrecht,515,18,23
2026-05-19,DVN,Duiven,128,2,14
2026-05-19,DVNK,De Vink,127,1,12
2026-05-19,DWE,De Westereen,71,5,0
2026-05-19,DZ,Delfzijl,35,1,1
2026-05-19,DZW,Delfzijl West,70,2,2
2026-05-19,EABG,Altenberge,36,4,0
2026-05-19,EAHS,Ahaus,33,11,0
2026-05-19,EBFT,Steinfurt-Burgsteinfurt,36,7,0
2026-05-19,EBGO,Steinfurt-Borghorst,36,7,0
2026-05-19,EBOK,Bork (Westf),32,7,0
2026-05-19,EC,Echt,74,4,0
2026-05-19,ECMF,Coesfeld (Westf),32,13,0
2026-05-19,ED,Ede-Wageningen,270,8,5
2026-05-19,EDC,Ede Centrum,76,3,0
2026-05-19,EDD,Dortmund-Derne,30,9,0
2026-05-19,EDKD,Dortmund-Kirchderne,30,9,0
2026-05-19,EDN,Eijsden,38,2,0
2026-05-19,EDO,Dortmund Hbf,14,6,0
2026-05-19,EDULH,Dülmen,32,10,0
2026-05-19,EEM,Eemshaven,29,0,0
2026-05-19,EEPE,Epe (Westf),33,6,0
2026-05-19,EGH,Eygelshoven,74,2,2
2026-05-19,EGHM,Eygelshoven Markt,65,3,0
2026-05-19,EGRK,Steinfurt-Grottenkamp,36,6,0
2026-05-19,EHS,Eindhoven Strijp-S,148,5,0
2026-05-19,EHV,Eindhoven Centraal,422,35,8
2026-05-19,EHW,Rosendahl-Holtwick,33,10,0
2026-05-19,EKZ,Enkhuizen,39,1,0
2026-05-19,EL,Emmerich-Elten,32,10,8
2026-05-19,ELDH,Lüdinghausen,32,7,0
2026-05-19,ELET,Lette (Kr Coesfeld),32,13,0
2026-05-19,ELGD,Legden,33,10,0
2026-05-19,ELUE,Lünen Hbf,32,10,0
2026-05-19,EM,Emmerich,39,15,10
2026-05-19,EML,Ermelo,74,3,0
2026-05-19,EMN,Emmen,41,1,0
2026-05-19,EMNZ,Emmen Zuid,82,1,0
2026-05-19,EMTE,Metelen Land,36,3,0
2026-05-19,ENBE,Münster-Häger,36,3,0
2026-05-19,ENHF,Münster (W) Zentrum Nord,34,3,0
2026-05-19,ENOW,Nordwalde,36,7,0
2026-05-19,EOP,Ochtrup,36,3,0
2026-05-19,EPRA,Praest,34,13,6
2026-05-19,EPRN,Preussen,30,8,0
2026-05-19,ES,Enschede,136,5,4
2026-05-19,ESE,Enschede De Eschmarke,74,1,0
2026-05-19,ESEB,Selm-Beifang,32,6,0
2026-05-19,ESEM,Selm,32,7,0
2026-05-19,ESK,Enschede Kennispark,96,2,0
2026-05-19,ESN,Essen,33,3,2
2026-05-19,EST,Elst,216,4,2
2026-05-19,ETN,Etten-Leur,76,1,3
2026-05-19,FBNL,Brussels Airport-Zaventem,32,3,0
2026-05-19,FFFM,Frankfurt (M) Hbf,8,3,0
2026-05-19,FKTH,Kalmthout,35,1,0
2026-05-19,FMZ,Mainz Hbf,2,0,0
2026-05-19,FN,Franeker,68,0,0
2026-05-19,FNAF,Frankfurt Flughafen Fernb,15,6,2
2026-05-19,FNZD,Antwerpen-Zuid,33,1,0
2026-05-19,FRP,Puurs,17,0,0
2026-05-19,FVS,Visé,38,1,0
2026-05-19,FWD,Feanwâlden,135,10,0
2026-05-19,G,Gronau (Westf.),73,4,0
2026-05-19,GBG,Gramsbergen,47,0,0
2026-05-19,GBR,Glanerbrug,74,2,0
2026-05-19,GD,Gouda,544,37,28
2026-05-19,GDG,Gouda Goverwelle,164,4,2
2026-05-19,GDM,Geldermalsen,161,8,2
2026-05-19,GDR,Gaanderen,74,4,3
2026-05-19,GERP,Groningen Europapark,339,18,0
2026-05-19,GK,Grijpskerk,71,3,0
2026-05-19,GKT,Kijkuit,35,1,0
2026-05-19,GLN,Geleen Oost,76,0,0
2026-05-19,GN,Groningen,376,19,3
2026-05-19,GND,Hardinxveld-Giessendam,123,59,12
2026-05-19,GNN,Groningen Noord,148,8,1
2026-05-19,GO,Goor,71,1,4
2026-05-19,GP,Geldrop,69,2,0
2026-05-19,GR,Gorinchem,95,27,8
2026-05-19,GS,Goes,103,6,5
2026-05-19,GSB,Berlin Gesundbrunnen,1,0,0
2026-05-19,GV,Den Haag HS,443,21,33
2026-05-19,GVC,Den Haag Centraal,350,23,44
2026-05-19,GVM,Den Haag Mariahoeve,127,1,12
2026-05-19,GVMW,Den Haag Moerwijk,181,6,6
2026-05-19,GW,Grou-Jirnsum,68,0,0
2026-05-19,GWD,Wildert,35,1,0
2026-05-19,GZ,Gilze-Rijen,72,3,4
2026-05-19,HAD,Heemstede-Aerdenhout,212,4,8
2026-05-19,HANN,Hannover Hbf,15,9,0
2026-05-19,HB,Hoensbroek,76,0,0
2026-05-19,HBZM,Hardinxveld Blauwe Zoom,73,36,1
2026-05-19,HD,Harderwijk,77,5,0
2026-05-19,HDB,Hardenberg,120,1,2
2026-05-19,HDE,'t Harde,74,4,0
2026-05-19,HDG,Hurdegaryp,71,2,0
2026-05-19,HDR,Den Helder,39,2,1
2026-05-19,HDRZ,Den Helder Zuid,80,2,1
2026-05-19,HFD,Hoofddorp,305,3,19
2026-05-19,HGL,Hengelo,303,13,13
2026-05-19,HGLG,Hengelo Gezondheidspark,71,2,4
2026-05-19,HGLO,Hengelo Oost,72,0,6
2026-05-19,HGV,Hoogeveen,74,0,0
2026-05-19,HGZ,Hoogezand-Sappemeer,141,13,0
2026-05-19,HIL,Hillegom,75,2,0
2026-05-19,HK,Heemskerk,78,2,0
2026-05-19,HKS,Hoogkarspel,80,3,0
2026-05-19,HLG,Harlingen,68,0,0
2026-05-19,HLGH,Harlingen Haven,34,0,0
2026-05-19,HLM,Haarlem,330,7,8
2026-05-19,HLMS,Haarlem Spaarnwoude,150,3,4
2026-05-19,HLO,Heiloo,162,4,0
2026-05-19,HM,Helmond,142,19,5
2026-05-19,HMBH,Helmond Brouwhuis,70,4,0
2026-05-19,HMBV,Helmond Brandevoort,70,4,0
2026-05-19,HMH,Helmond 't Hout,70,3,0
2026-05-19,HMN,Hemmen-Dodewaard,66,0,0
2026-05-19,HN,Hoorn,187,5,1
2026-05-19,HNK,Hoorn Kersenboogerd,115,5,1
2026-05-19,HNO,Heino,76,0,0
2026-05-19,HNP,Hindeloopen,46,0,0
2026-05-19,HOHT,Osnabrück Altstadt,36,7,0
2026-05-19,HON,Holten,74,2,0
2026-05-19,HOR,Hollandsche Rading,78,2,0
2026-05-19,HR,Heerenveen,137,1,2
2026-05-19,HRL,Heerlen,232,8,4
2026-05-19,HRLW,Heerlen Woonboulevard,76,2,2
2026-05-19,HRN,Haren,100,0,0
2026-05-19,HRT,Horst-Sevenum,72,16,5
2026-05-19,HT,'s-Hertogenbosch,457,33,23
2026-05-19,HTN,Houten,103,4,1
2026-05-19,HTNC,Houten Castellum,103,4,1
2026-05-19,HTO,'s-Hertogenbosch Oost,74,3,9
2026-05-19,HVL,Hoevelaken,137,2,0
2026-05-19,HVS,Hilversum,333,26,9
2026-05-19,HVSM,Hilversum Media Park,130,5,11
2026-05-19,HVSP,Hilversum Sportpark,140,4,0
2026-05-19,HWD,Heerhugowaard,147,5,0
2026-05-19,HWZB,Halfweg-Zwanenburg,150,2,4
2026-05-19,HZ,Herzogenrath,64,2,0
2026-05-19,HZE,Heeze,69,2,0
2026-05-19,IJT,IJlst,46,1,0
2026-05-19,INNSB,Innsbruck Hbf,0,0,1
2026-05-19,JENBAC,Jenbach,0,0,1
2026-05-19,KARLSR,Karlsruhe Hbf,1,0,0
2026-05-19,KBD,Krabbendijke,74,5,4
2026-05-19,KBK,Klarenbeek,64,1,0
2026-05-19,KBOI,Boisheim,34,5,2
2026-05-19,KBRY,Breyell,34,6,2
2026-05-19,KDBI,Düsseldorf-Bilk,34,5,0
2026-05-19,KDFFH,Düsseldorf Flughafen,33,5,4
2026-05-19,KDUL,Dülken,34,5,2
2026-05-19,KKD,Köln Messe/Deutz,2,1,0
2026-05-19,KKO,Koblenz Hbf,2,0,0
2026-05-19,KLP,Veenendaal-De Klomp,124,2,3
2026-05-19,KMA,Krommenie-Assendelft,116,12,2
2026-05-19,KMR,Klimmen-Ransdaal,76,2,2
2026-05-19,KMW,Koudum-Molkwerum,46,0,0
2026-05-19,KN,Kaldenkirchen,33,6,3
2026-05-19,KOLN,Köln Hbf,15,6,2
2026-05-19,KPN,Kampen,39,0,0
2026-05-19,KPNZ,Kampen Zuid,72,0,0
2026-05-19,KRD,Kerkrade Centrum,37,1,1
2026-05-19,KRG,Kruiningen-Yerseke,74,4,4
2026-05-19,KSB,Siegburg/Bonn,13,6,2
2026-05-19,KTR,Kesteren,66,0,0
2026-05-19,KUFST,Kufstein,0,0,1
2026-05-19,KW,Kropswolde,141,13,0
2026-05-19,KZ,Koog aan de Zaan,116,9,2
2026-05-19,LAA,Den Haag Laan v NOI,318,14,27
2026-05-19,LC,Lochem,70,1,4
2026-05-19,LDL,Leiden Lammenschans,105,0,2
2026-05-19,LDM,Leerdam,71,4,1
2026-05-19,LEDN,Leiden Centraal,543,14,43
2026-05-19,LEER,Leer (Ostfriesl),25,0,0
2026-05-19,LG,Landgraaf,139,21,2
2026-05-19,LILLEE,Lille Europe,7,0,0
2026-05-19,LKP,Kapellen,35,1,0
2026-05-19,LKR,Ekeren,35,1,0
2026-05-19,LLS,Lelystad Centrum,172,10,5
2026-05-19,LLZM,Lansingerland-Zoetermeer,98,8,2
2026-05-19,LP,Loppersum,72,3,0
2026-05-19,LTN,Lunteren,76,2,0
2026-05-19,LTV,Lichtenvoorde-Groenlo,69,0,2
2026-05-19,LUIK,Liège-Guillemins,19,1,0
2026-05-19,LUT,Geleen-Lutterade,76,0,0
2026-05-19,LW,Leeuwarden,207,6,2
2026-05-19,LWC,Leeuwarden Camminghaburen,70,1,1
2026-05-19,MA,Augsburg Hbf,2,0,0
2026-05-19,MANNHE,Mannheim Hbf,3,0,1
2026-05-19,MARIA,Sint-Mariaburg,35,1,0
2026-05-19,MAS,Maarssen,81,4,0
2026-05-19,MCGB,Mönchengladbach Hbf,36,10,1
2026-05-19,MDB,Middelburg,103,5,5
2026-05-19,MECH,Mechelen,32,2,0
2026-05-19,MES,Meerssen,138,8,2
2026-05-19,MG,Mantgum,68,3,0
2026-05-19,MID,Heide (B),35,1,0
2026-05-19,MMLH,Mook-Molenhoek,112,2,0
2026-05-19,MOP,München Ost,0,0,1
2026-05-19,MP,Meppel,211,4,2
2026-05-19,MRB,Mariënberg,130,1,2
2026-05-19,MRN,Maarn,73,7,1
2026-05-19,MT,Maastricht,262,5,3
2026-05-19,MTH,Martenshoek,141,12,0
2026-05-19,MTN,Maastricht Noord,76,1,2
2026-05-19,MTR,Maastricht Randwyck,114,1,1
2026-05-19,MUNCHH,München Hbf,1,0,1
2026-05-19,MUNST,Münster (Westf) Hbf,15,1,0
2026-05-19,MZ,Maarheeze,69,2,0
2026-05-19,NA,Nieuw Amsterdam,76,1,0
2026-05-19,NDB,Naarden-Bussum,147,7,11
2026-05-19,NDKP,Noorderkempen,32,5,0
2026-05-19,NEUSS,Neuss Hbf,34,4,0
2026-05-19,NH,Nuth,76,0,0
2026-05-19,NKK,Nijkerk,80,3,0
2026-05-19,NM,Nijmegen,284,6,1
2026-05-19,NMD,Nijmegen Dukenburg,107,0,0
2026-05-19,NMGO,Nijmegen Goffert,107,0,0
2026-05-19,NMH,Nijmegen Heyendaal,112,2,0
2026-05-19,NML,Nijmegen Lent,147,4,1
2026-05-19,NS,Nunspeet,74,3,0
2026-05-19,NSCH,Bad Nieuweschans,38,2,0
2026-05-19,NURNB,Nürnberg Hbf,0,0,1
2026-05-19,NVD,Nijverdal,104,1,0
2026-05-19,NVP,Nieuw Vennep,125,3,15
2026-05-19,NWK,Nieuwerkerk a/d IJssel,78,2,0
2026-05-19,O,Oss,170,2,8
2026-05-19,OBD,Obdam,66,2,0
2026-05-19,OBERH,Oberhausen Hbf,48,23,10
2026-05-19,OBERHS,Oberhausen-Sterkrade,34,16,7
2026-05-19,ODB,Oudenbosch,69,2,0
2026-05-19,ODZ,Oldenzaal,72,2,3
2026-05-19,OMN,Ommen,94,1,2
2026-05-19,OP,Opheusden,66,0,0
2026-05-19,OSNH,Osnabrück Hbf,51,13,0
2026-05-19,OST,Olst,74,4,0
2026-05-19,OT,Oisterwijk,70,1,0
2026-05-19,OTB,Oosterbeek,68,0,0
2026-05-19,OVN,Overveen,76,3,0
2026-05-19,OW,Oss West,74,4,9
2026-05-19,PARIS,Paris-Nord,11,0,0
2026-05-19,PMO,Purmerend Overwhere,77,1,0
2026-05-19,PMR,Purmerend,81,3,0
2026-05-19,PMW,Purmerend Weidevenne,77,1,0
2026-05-19,PT,Putten,74,4,0
2026-05-19,RAI,Amsterdam RAI,144,6,20
2026-05-19,RAT,Raalte,104,0,0
2026-05-19,RB,Rilland-Bath,74,5,4
2026-05-19,RBB,Baden-Baden,1,0,0
2026-05-19,RD,Roodeschool,66,2,0
2026-05-19,RF,Freiburg (Breisgau) Hbf,1,0,0
2026-05-19,RH,Rheden,72,1,0
2026-05-19,RHEINE,Rheine,50,15,0
2026-05-19,RHN,Rhenen,36,3,1
2026-05-19,RL,Ruurlo,69,0,2
2026-05-19,RLB,Rotterdam Lombardijen,185,3,4
2026-05-19,RM,Roermond,253,13,0
2026-05-19,RO,Offenburg,1,0,0
2026-05-19,ROSENH,Rosenheim,0,0,1
2026-05-19,RS,Rosmalen,74,2,9
2026-05-19,RSD,Roosendaal,179,9,8
2026-05-19,RSN,Rijssen,74,1,0
2026-05-19,RSW,Rijswijk,181,7,6
2026-05-19,RTA,Rotterdam Alexander,261,33,1
2026-05-19,RTB,Rotterdam Blaak,320,15,19
2026-05-19,RTD,Rotterdam Centraal,743,75,25
2026-05-19,RTN,Rotterdam Noord,78,3,0
2026-05-19,RTZ,Rotterdam Zuid,185,4,4
2026-05-19,RV,Reuver,76,2,0
2026-05-19,RVS,Ravenstein,79,0,0
2026-05-19,SBK,Spaubeek,76,0,0
2026-05-19,SD,Soestdijk,68,2,2
2026-05-19,SDA,Scheemda,118,7,0
2026-05-19,SDM,Schiedam Centrum,373,24,20
2026-05-19,SDT,Sliedrecht,126,58,9
2026-05-19,SDTB,Sliedrecht Baanhoek,126,85,9
2026-05-19,SGL,Houthem-St. Gerlach,76,1,2
2026-05-19,SGN,Schagen,81,2,0
2026-05-19,SHL,Schiphol Airport,864,36,45
2026-05-19,SK,Sneek,63,3,2
2026-05-19,SKND,Sneek Noord,79,4,2
2026-05-19,SM,Swalmen,76,2,0
2026-05-19,SN,Schinnen,76,0,0
2026-05-19,SOG,Schin op Geul,76,0,2
2026-05-19,SPTN,Santpoort Noord,78,2,0
2026-05-19,SPTZ,Santpoort Zuid,78,2,0
2026-05-19,SRN,Susteren,74,4,0
2026-05-19,SSH,Sassenheim,125,2,15
2026-05-19,ST,Soest,69,2,1
2026-05-19,STD,Sittard,294,4,1
2026-05-19,STM,Stedum,72,3,0
2026-05-19,STP,London St. Pancras Int.,5,0,0
2026-05-19,STV,Stavoren,23,0,0
2026-05-19,STZ,Soest Zuid,70,3,0
2026-05-19,SWD,Sauwerd,148,10,1
2026-05-19,SWK,Steenwijk,137,1,2
2026-05-19,TB,Tilburg,290,10,10
2026-05-19,TBG,Terborg,74,2,3
2026-05-19,TBR,Tilburg Reeshof,72,3,4
2026-05-19,TBU,Tilburg Universiteit,106,2,5
2026-05-19,TG,Tegelen,76,3,0
2026-05-19,TL,Tiel,69,0,1
2026-05-19,TPSW,Tiel Passewaaij,72,0,2
2026-05-19,TS,Stuttgart Hbf,2,0,1
2026-05-19,TU,Ulm Hbf,2,0,0
2026-05-19,TWL,Twello,74,4,0
2026-05-19,UHM,Uithuizermeeden,74,4,1
2026-05-19,UHZ,Uithuizen,74,4,1
2026-05-19,UST,Usquert,74,5,1
2026-05-19,UT,Utrecht Centraal,913,59,40
2026-05-19,UTG,Uitgeest,140,6,0
2026-05-19,UTLN,Utrecht Lunetten,99,3,1
2026-05-19,UTLR,Utrecht Leidsche Rijn,130,4,2
2026-05-19,UTM,Utrecht Maliebaan,8,0,0
2026-05-19,UTO,Utrecht Overvecht,301,9,0
2026-05-19,UTT,Utrecht Terwijde,75,3,2
2026-05-19,UTVR,Utrecht Vaartsche Rijn,175,10,2
2026-05-19,UTZL,Utrecht Zuilen,78,3,2
2026-05-19,VB,Voorburg,94,3,6
2026-05-19,VD,Vorden,69,0,2
2026-05-19,VDL,Voerendaal,76,2,2
2026-05-19,VDM,Veendam,35,3,0
2026-05-19,VEM,Voorst-Empe,64,2,0
2026-05-19,VG,Vught,78,4,0
2026-05-19,VH,Voorhout,75,1,0
2026-05-19,VHP,Vroomshoop,56,0,2
2026-05-19,VIERS,Viersen,34,7,2
2026-05-19,VK,Valkenburg,138,8,2
2026-05-19,VL,Venlo,135,18,4
2026-05-19,VLB,Vierlingsbeek,112,6,0
2026-05-19,VNDC,Veenendaal Centrum,73,5,1
2026-05-19,VNDW,Veenendaal West,73,6,1
2026-05-19,VP,Velp,72,1,0
2026-05-19,VRY,Venray,97,3,0
2026-05-19,VS,Vlissingen,51,2,3
2026-05-19,VSS,Vlissingen Souburg,74,3,4
2026-05-19,VST,Voorschoten,127,0,12
2026-05-19,VSV,Varsseveld,74,2,3
2026-05-19,VTN,Vleuten,75,3,2
2026-05-19,VZ,Vriezenveen,56,0,2
2026-05-19,WAD,Waddinxveen,130,0,0
2026-05-19,WADN,Waddinxveen Noord,130,0,0
2026-05-19,WADT,Waddinxveen Triangel,130,0,0
2026-05-19,WC,Wijchen,93,0,0
2026-05-19,WD,Woerden,227,5,2
2026-05-19,WDN,Wierden,150,4,0
2026-05-19,WESEL,Wesel,34,14,6
2026-05-19,WF,Wolfheze,68,0,0
2026-05-19,WFM,Warffum,74,6,1
2026-05-19,WH,Wijhe,74,3,0
2026-05-19,WK,Workum,46,0,0
2026-05-19,WL,Wehl,124,1,14
2026-05-19,WM,Wormerveer,116,12,2
2026-05-19,WORGL,Wörgl Hbf,0,0,1
2026-05-19,WP,Weesp,280,8,20
2026-05-19,WR,Weener,34,0,0
2026-05-19,WS,Winschoten,80,8,0
2026-05-19,WSM,Winsum,76,5,1
2026-05-19,WT,Weert,212,14,0
2026-05-19,WTV,Westervoort,127,2,14
2026-05-19,WURZB,Würzburg Hbf,1,0,0
2026-05-19,WV,Wolvega,68,0,0
2026-05-19,WW,Winterswijk,72,1,3
2026-05-19,WWW,Winterswijk West,69,0,2
2026-05-19,WZ,Wezep,74,3,0
2026-05-19,YPB,Den Haag Ypenburg,97,6,4
2026-05-19,ZA,Zetten-Andelst,66,0,0
2026-05-19,ZB,Zuidbroek,141,10,0
2026-05-19,ZBM,Zaltbommel,77,3,0
2026-05-19,ZD,Zaandam,337,21,7
2026-05-19,ZDK,Zaandam Kogerveld,77,1,0
2026-05-19,ZH,Zuidhorn,104,7,0
2026-05-19,ZL,Zwolle,468,10,4
2026-05-19,ZLSH,Zwolle Stadshagen,78,0,0
2026-05-19,ZLW,Lage Zwaluwe,142,4,3
2026-05-19,ZP,Zutphen,215,6,3
2026-05-19,ZTM,Zoetermeer,98,7,2
2026-05-19,ZTMO,Zoetermeer Oost,98,8,2
2026-05-19,ZUE,Zürich HB,1,0,0
2026-05-19,ZV,Zevenaar,155,17,24
2026-05-19,ZVB,Zevenbergen,69,1,0
2026-05-19,ZVT,Zandvoort aan Zee,38,1,0
2026-05-19,ZWD,Zwijndrecht,184,1,4
2026-05-19,ZZS,Zaandijk Zaanse Schans,116,13,2
2026-05-20,AC,Abcoude,132,0,0
2026-05-20,AH,Arnhem Centraal,434,44,67
2026-05-20,AHBF,Aachen Hbf,28,4,19
2026-05-20,AHP,Arnhem Velperpoort,198,8,6
2026-05-20,AHPR,Arnhem Presikhaaf,72,1,0
2026-05-20,AHZ,Arnhem Zuid,148,4,0
2026-05-20,AKL,Arkel,70,7,3
2026-05-20,AKM,Akkrum,68,0,0
2026-05-20,ALM,Almere Centrum,294,15,9
2026-05-20,ALMB,Almere Buiten,180,10,8
2026-05-20,ALMM,Almere Muziekwijk,137,5,1
2026-05-20,ALMO,Almere Oostvaarders,103,4,4
2026-05-20,ALMP,Almere Parkwijk,132,4,4
2026-05-20,AMF,Amersfoort Centraal,494,25,23
2026-05-20,AMFS,Amersfoort Schothorst,169,3,8
2026-05-20,AML,Almelo,248,13,11
2026-05-20,AMPO,Almere Poort,137,6,1
2026-05-20,AMR,Alkmaar,178,18,36
2026-05-20,AMRI,Almelo de Riet,95,2,0
2026-05-20,AMRN,Alkmaar Noord,147,13,27
2026-05-20,ANA,Anna Paulowna,81,8,27
2026-05-20,ANDD,Antwerpen-Noorderdokken,35,3,0
2026-05-20,APD,Apeldoorn,194,16,16
2026-05-20,APDM,Apeldoorn De Maten,64,0,0
2026-05-20,APDO,Apeldoorn Osseveld,74,6,3
2026-05-20,APG,Appingedam,72,0,0
2026-05-20,APN,Alphen a/d Rijn,150,2,6
2026-05-20,ARN,Arnemuiden,71,1,5
2026-05-20,ASA,Amsterdam Amstel,236,24,61
2026-05-20,ASB,Amsterdam Bijlmer ArenA,356,40,162
2026-05-20,ASD,Amsterdam Centraal,693,56,56
2026-05-20,ASDL,Amsterdam Lelylaan,337,9,7
2026-05-20,ASDM,Amsterdam Muiderpoort,148,13,0
2026-05-20,ASDZ,Amsterdam Zuid,458,21,109
2026-05-20,ASHD,Amsterdam Holendrecht,115,0,0
2026-05-20,ASN,Assen,162,5,2
2026-05-20,ASS,Amsterdam Sloterdijk,950,31,52
2026-05-20,ASSP,Amsterdam Science Park,121,4,1
2026-05-20,ATN,Aalten,74,0,0
2026-05-20,ATW,Antwerpen-Centraal,122,19,3
2026-05-20,ATWLB,Antwerpen-Luchtbal,35,3,0
2026-05-20,AVAT,Amersfoort Vathorst,106,1,2
2026-05-20,AW,Aachen West,56,4,39
2026-05-20,BADENZ,Baden (CH),1,0,0
2026-05-20,BASELB,Basel Bad Bf,1,0,0
2026-05-20,BASELS,Basel SBB,1,0,0
2026-05-20,BD,Breda,279,23,13
2026-05-20,BDE,Bunde,76,0,0
2026-05-20,BDG,Bodegraven,73,1,3
2026-05-20,BDM,Bedum,72,0,0
2026-05-20,BDPB,Breda-Prinsenbeek,73,2,2
2026-05-20,BERCH,Antwerpen-Berchem,63,4,3
2026-05-20,BERHBL,Berlin Hbf,1,0,0
2026-05-20,BERHBT,Berlin Hbf,12,4,0
2026-05-20,BET,Best,148,4,1
2026-05-20,BF,Baflo,76,0,0
2026-05-20,BGN,Bergen op Zoom,101,6,5
2026-05-20,BH,Bad Bentheim,48,21,4
2026-05-20,BHDV,Boven-Hardinxveld,121,49,15
2026-05-20,BHF,Berlin Ostbahnhof,7,4,0
2026-05-20,BHV,Bilthoven,145,2,0
2026-05-20,BIELEF,Bielefeld Hbf,16,0,2
2026-05-20,BK,Beek-Elsloo,76,0,0
2026-05-20,BKF,Bovenkarspel Flora,80,0,0
2026-05-20,BKG,Bovenkarspel-Grootebroek,80,0,0
2026-05-20,BKL,Breukelen,155,1,1
2026-05-20,BL,Beilen,74,2,0
2026-05-20,BLL,Bloemendaal,78,0,0
2026-05-20,BMN,Brummen,72,1,0
2026-05-20,BMR,Boxmeer,112,4,0
2026-05-20,BN,Borne,95,2,0
2026-05-20,BNC,Barneveld Centrum,137,2,1
2026-05-20,BNK,Bunnik,75,1,0
2026-05-20,BNN,Barneveld Noord,138,3,0
2026-05-20,BNZ,Barneveld Zuid,107,0,1
2026-05-20,BONN,Bonn Hbf,2,0,0
2026-05-20,BP,Buitenpost,105,1,0
2026-05-20,BR,Blerick,150,40,40
2026-05-20,BRD,Barendrecht,187,2,0
2026-05-20,BRESSX,Bressoux,38,2,31
2026-05-20,BRN,Baarn,112,4,2
2026-05-20,BRUSC,Brussel-Centraal,30,1,3
2026-05-20,BRUSN,Brussel-Noord,29,0,3
2026-05-20,BRUSZ,Brussel-Zuid,64,10,2
2026-05-20,BSD,Beesd,70,4,3
2026-05-20,BSK,Boskoop,126,0,4
2026-05-20,BSKS,Boskoop Snijdelwijk,126,0,4
2026-05-20,BSMZ,Bussum Zuid,136,5,2
2026-05-20,BSPD,Berlin-Spandau,12,4,0
2026-05-20,BTL,Boxtel,148,2,1
2026-05-20,BUENDE,Bünde (Westf),45,17,4
2026-05-20,BV,Beverwijk,82,1,0
2026-05-20,BZL,Kapelle-Biezelinge,71,0,5
2026-05-20,CAS,Castricum,210,19,45
2026-05-20,CK,Cuijk,112,3,0
2026-05-20,CL,Culemborg,101,11,2
2026-05-20,CO,Coevorden,89,1,0
2026-05-20,CPS,Capelle Schollevaar,78,3,0
2026-05-20,CVM,Chevremont,74,0,2
2026-05-20,DA,Daarlerveen,56,0,0
2026-05-20,DB,Driebergen-Zeist,180,11,58
2026-05-20,DDN,Delden,72,0,1
2026-05-20,DDR,Dordrecht,334,36,29
2026-05-20,DDRS,Dordrecht Stadspolders,123,41,13
2026-05-20,DDZD,Dordrecht Zuid,142,4,2
2026-05-20,DEI,Deinum,68,0,0
2026-05-20,DID,Didam,126,1,6
2026-05-20,DL,Dalfsen,96,1,0
2026-05-20,DLD,Den Dolder,145,2,0
2026-05-20,DLN,Dalen,47,1,0
2026-05-20,DMN,Diemen,130,4,1
2026-05-20,DMNZ,Diemen Zuid,150,1,3
2026-05-20,DN,Deurne,104,19,40
2026-05-20,DR,Dieren,146,3,0
2026-05-20,DRH,Driehuis,78,1,0
2026-05-20,DRON,Dronten,72,3,0
2026-05-20,DRP,Dronryp,68,1,0
2026-05-20,DT,Delft,456,18,67
2026-05-20,DTC,Doetinchem,100,1,3
2026-05-20,DTCH,Doetinchem De Huet,126,1,6
2026-05-20,DTCP,Delft Campus,185,4,0
2026-05-20,DUISB,Duisburg Hbf,52,14,0
2026-05-20,DUSSEL,Düsseldorf Hbf,51,9,1
2026-05-20,DV,Deventer,253,26,16
2026-05-20,DVC,Deventer Colmschate,72,4,5
2026-05-20,DVD,Duivendrecht,515,14,13
2026-05-20,DVN,Duiven,130,5,6
2026-05-20,DVNK,De Vink,135,2,0
2026-05-20,DWE,De Westereen,71,1,0
2026-05-20,DZ,Delfzijl,36,0,0
2026-05-20,DZW,Delfzijl West,72,0,0
2026-05-20,EABG,Altenberge,36,1,0
2026-05-20,EAHS,Ahaus,33,6,0
2026-05-20,EBFT,Steinfurt-Burgsteinfurt,36,3,0
2026-05-20,EBGO,Steinfurt-Borghorst,36,2,0
2026-05-20,EBOK,Bork (Westf),32,1,0
2026-05-20,EC,Echt,74,1,0
2026-05-20,ECMF,Coesfeld (Westf),32,6,0
2026-05-20,ED,Ede-Wageningen,250,16,87
2026-05-20,EDC,Ede Centrum,78,0,0
2026-05-20,EDD,Dortmund-Derne,30,1,0
2026-05-20,EDKD,Dortmund-Kirchderne,30,2,0
2026-05-20,EDN,Eijsden,38,6,31
2026-05-20,EDO,Dortmund Hbf,14,1,0
2026-05-20,EDULH,Dülmen,32,3,0
2026-05-20,EEM,Eemshaven,29,0,0
2026-05-20,EEPE,Epe (Westf),33,2,0
2026-05-20,EGH,Eygelshoven,74,0,2
2026-05-20,EGHM,Eygelshoven Markt,58,4,38
2026-05-20,EGRK,Steinfurt-Grottenkamp,36,2,0
2026-05-20,EHS,Eindhoven Strijp-S,148,3,1
2026-05-20,EHV,Eindhoven Centraal,421,25,43
2026-05-20,EHW,Rosendahl-Holtwick,33,5,0
2026-05-20,EKZ,Enkhuizen,39,0,0
2026-05-20,EL,Emmerich-Elten,36,15,0
2026-05-20,ELDH,Lüdinghausen,32,1,0
2026-05-20,ELET,Lette (Kr Coesfeld),32,3,0
2026-05-20,ELGD,Legden,33,4,0
2026-05-20,ELUE,Lünen Hbf,32,2,0
2026-05-20,EM,Emmerich,46,15,1
2026-05-20,EML,Ermelo,74,2,0
2026-05-20,EMN,Emmen,41,1,0
2026-05-20,EMNZ,Emmen Zuid,82,1,0
2026-05-20,EMTE,Metelen Land,36,3,0
2026-05-20,ENBE,Münster-Häger,36,3,0
2026-05-20,ENHF,Münster (W) Zentrum Nord,34,3,0
2026-05-20,ENOW,Nordwalde,36,1,0
2026-05-20,EOP,Ochtrup,36,3,0
2026-05-20,EPRA,Praest,36,12,0
2026-05-20,EPRN,Preussen,30,1,0
2026-05-20,ES,Enschede,135,7,4
2026-05-20,ESE,Enschede De Eschmarke,74,0,0
2026-05-20,ESEB,Selm-Beifang,32,1,0
2026-05-20,ESEM,Selm,32,1,0
2026-05-20,ESK,Enschede Kennispark,96,0,0
2026-05-20,ESN,Essen,35,1,0
2026-05-20,EST,Elst,211,6,27
2026-05-20,ETN,Etten-Leur,75,3,4
2026-05-20,FBNL,Brussels Airport-Zaventem,29,0,3
2026-05-20,FFFM,Frankfurt (M) Hbf,8,0,0
2026-05-20,FKTH,Kalmthout,35,1,0
2026-05-20,FMZ,Mainz Hbf,2,0,0
2026-05-20,FN,Franeker,68,1,0
2026-05-20,FNAF,Frankfurt Flughafen Fernb,17,2,0
2026-05-20,FNZD,Antwerpen-Zuid,33,1,0
2026-05-20,FRP,Puurs,17,0,0
2026-05-20,FVS,Visé,38,2,31
2026-05-20,FWD,Feanwâlden,135,2,0
2026-05-20,G,Gronau (Westf.),73,2,0
2026-05-20,GBG,Gramsbergen,47,1,0
2026-05-20,GBR,Glanerbrug,74,0,0
2026-05-20,GD,Gouda,550,29,23
2026-05-20,GDG,Gouda Goverwelle,161,4,5
2026-05-20,GDM,Geldermalsen,161,12,4
2026-05-20,GDR,Gaanderen,74,0,0
2026-05-20,GERP,Groningen Europapark,337,2,2
2026-05-20,GK,Grijpskerk,71,1,0
2026-05-20,GKT,Kijkuit,35,1,0
2026-05-20,GLN,Geleen Oost,76,1,0
2026-05-20,GN,Groningen,375,3,3
2026-05-20,GND,Hardinxveld-Giessendam,123,62,13
2026-05-20,GNN,Groningen Noord,148,1,0
2026-05-20,GO,Goor,72,0,1
2026-05-20,GP,Geldrop,69,1,0
2026-05-20,GR,Gorinchem,96,23,8
2026-05-20,GS,Goes,100,2,5
2026-05-20,GV,Den Haag HS,457,19,71
2026-05-20,GVC,Den Haag Centraal,379,14,12
2026-05-20,GVM,Den Haag Mariahoeve,135,2,0
2026-05-20,GVMW,Den Haag Moerwijk,185,3,0
2026-05-20,GW,Grou-Jirnsum,68,0,0
2026-05-20,GWD,Wildert,35,1,0
2026-05-20,GZ,Gilze-Rijen,73,4,2
2026-05-20,HAD,Heemstede-Aerdenhout,215,6,1
2026-05-20,HANN,Hannover Hbf,14,8,0
2026-05-20,HB,Hoensbroek,76,1,0
2026-05-20,HBZM,Hardinxveld Blauwe Zoom,72,34,3
2026-05-20,HD,Harderwijk,77,2,0
2026-05-20,HDB,Hardenberg,122,1,0
2026-05-20,HDE,'t Harde,74,3,0
2026-05-20,HDG,Hurdegaryp,71,2,0
2026-05-20,HDR,Den Helder,39,8,15
2026-05-20,HDRZ,Den Helder Zuid,80,9,28
2026-05-20,HFD,Hoofddorp,312,5,5
2026-05-20,HGL,Hengelo,301,27,9
2026-05-20,HGLG,Hengelo Gezondheidspark,72,0,1
2026-05-20,HGLO,Hengelo Oost,76,1,0
2026-05-20,HGV,Hoogeveen,74,3,0
2026-05-20,HGZ,Hoogezand-Sappemeer,141,0,0
2026-05-20,HIL,Hillegom,75,1,0
2026-05-20,HK,Heemskerk,78,1,0
2026-05-20,HKS,Hoogkarspel,80,0,0
2026-05-20,HLG,Harlingen,68,1,0
2026-05-20,HLGH,Harlingen Haven,34,0,0
2026-05-20,HLM,Haarlem,334,4,0
2026-05-20,HLMS,Haarlem Spaarnwoude,154,0,0
2026-05-20,HLO,Heiloo,162,14,27
2026-05-20,HM,Helmond,139,17,41
2026-05-20,HMBH,Helmond Brouwhuis,70,3,1
2026-05-20,HMBV,Helmond Brandevoort,70,4,1
2026-05-20,HMH,Helmond 't Hout,70,3,1
2026-05-20,HMN,Hemmen-Dodewaard,66,0,0
2026-05-20,HN,Hoorn,187,3,1
2026-05-20,HNK,Hoorn Kersenboogerd,115,1,0
2026-05-20,HNO,Heino,76,0,0
2026-05-20,HNP,Hindeloopen,38,0,8
2026-05-20,HOHT,Osnabrück Altstadt,32,11,4
2026-05-20,HON,Holten,72,3,5
2026-05-20,HOR,Hollandsche Rading,77,4,1
2026-05-20,HR,Heerenveen,139,2,1
2026-05-20,HRL,Heerlen,200,10,67
2026-05-20,HRLW,Heerlen Woonboulevard,77,3,1
2026-05-20,HRN,Haren,100,0,0
2026-05-20,HRT,Horst-Sevenum,69,29,40
2026-05-20,HT,'s-Hertogenbosch,458,19,52
2026-05-20,HTN,Houten,100,6,4
2026-05-20,HTNC,Houten Castellum,101,7,3
2026-05-20,HTO,'s-Hertogenbosch Oost,75,3,6
2026-05-20,HVL,Hoevelaken,138,3,0
2026-05-20,HVS,Hilversum,330,19,11
2026-05-20,HVSM,Hilversum Media Park,136,6,2
2026-05-20,HVSP,Hilversum Sportpark,137,6,3
2026-05-20,HWD,Heerhugowaard,147,14,27
2026-05-20,HWZB,Halfweg-Zwanenburg,154,1,0
2026-05-20,HZ,Herzogenrath,56,4,39
2026-05-20,HZE,Heeze,69,2,0
2026-05-20,IJT,IJlst,38,0,8
2026-05-20,INNSB,Innsbruck Hbf,0,0,1
2026-05-20,JENBAC,Jenbach,0,0,1
2026-05-20,KARLSR,Karlsruhe Hbf,1,0,0
2026-05-20,KBD,Krabbendijke,71,3,5
2026-05-20,KBK,Klarenbeek,64,0,0
2026-05-20,KBOI,Boisheim,33,1,3
2026-05-20,KBRY,Breyell,33,1,3
2026-05-20,KDBI,Düsseldorf-Bilk,34,0,0
2026-05-20,KDFFH,Düsseldorf Flughafen,33,2,0
2026-05-20,KDUL,Dülken,33,1,3
2026-05-20,KKD,Köln Messe/Deutz,2,1,0
2026-05-20,KKO,Koblenz Hbf,2,0,0
2026-05-20,KLP,Veenendaal-De Klomp,108,5,62
2026-05-20,KMA,Krommenie-Assendelft,117,4,0
2026-05-20,KMR,Klimmen-Ransdaal,77,3,1
2026-05-20,KMW,Koudum-Molkwerum,38,0,8
2026-05-20,KN,Kaldenkirchen,33,2,3
2026-05-20,KOLN,Köln Hbf,17,3,0
2026-05-20,KPN,Kampen,38,2,1
2026-05-20,KPNZ,Kampen Zuid,72,3,0
2026-05-20,KRD,Kerkrade Centrum,37,0,1
2026-05-20,KRG,Kruiningen-Yerseke,71,2,5
2026-05-20,KSB,Siegburg/Bonn,15,1,0
2026-05-20,KTR,Kesteren,66,0,0
2026-05-20,KUFST,Kufstein,0,0,1
2026-05-20,KW,Kropswolde,141,0,0
2026-05-20,KZ,Koog aan de Zaan,117,3,0
2026-05-20,LAA,Den Haag Laan v NOI,326,11,65
2026-05-20,LC,Lochem,72,0,0
2026-05-20,LDL,Leiden Lammenschans,101,2,6
2026-05-20,LDM,Leerdam,70,4,3
2026-05-20,LEDN,Leiden Centraal,552,19,84
2026-05-20,LEER,Leer (Ostfriesl),25,0,0
2026-05-20,LG,Landgraaf,132,17,40
2026-05-20,LILLEE,Lille Europe,7,1,0
2026-05-20,LKP,Kapellen,35,2,0
2026-05-20,LKR,Ekeren,35,3,0
2026-05-20,LLS,Lelystad Centrum,172,15,5
2026-05-20,LLZM,Lansingerland-Zoetermeer,95,3,5
2026-05-20,LP,Loppersum,72,0,0
2026-05-20,LTN,Lunteren,78,0,0
2026-05-20,LTV,Lichtenvoorde-Groenlo,71,0,0
2026-05-20,LUIK,Liège-Guillemins,19,1,16
2026-05-20,LUT,Geleen-Lutterade,76,0,0
2026-05-20,LW,Leeuwarden,205,4,5
2026-05-20,LWC,Leeuwarden Camminghaburen,71,2,0
2026-05-20,MA,Augsburg Hbf,2,0,0
2026-05-20,MANNHE,Mannheim Hbf,3,0,1
2026-05-20,MARIA,Sint-Mariaburg,35,3,0
2026-05-20,MAS,Maarssen,91,0,0
2026-05-20,MCGB,Mönchengladbach Hbf,33,3,2
2026-05-20,MDB,Middelburg,100,2,5
2026-05-20,MECH,Mechelen,29,0,3
2026-05-20,MES,Meerssen,77,4,94
2026-05-20,MG,Mantgum,60,3,8
2026-05-20,MID,Heide (B),35,2,0
2026-05-20,MMLH,Mook-Molenhoek,112,4,0
2026-05-20,MOP,München Ost,0,0,1
2026-05-20,MP,Meppel,214,7,1
2026-05-20,MRB,Mariënberg,130,2,0
2026-05-20,MRN,Maarn,74,1,0
2026-05-20,MT,Maastricht,231,5,65
2026-05-20,MTH,Martenshoek,141,0,0
2026-05-20,MTN,Maastricht Noord,77,4,1
2026-05-20,MTR,Maastricht Randwyck,114,3,32
2026-05-20,MUNCHH,München Hbf,1,0,1
2026-05-20,MUNST,Münster (Westf) Hbf,15,3,0
2026-05-20,MZ,Maarheeze,69,2,0
2026-05-20,NA,Nieuw Amsterdam,76,1,0
2026-05-20,NDB,Naarden-Bussum,152,6,3
2026-05-20,NDKP,Noorderkempen,28,1,4
2026-05-20,NEUSS,Neuss Hbf,34,0,0
2026-05-20,NH,Nuth,76,1,0
2026-05-20,NKK,Nijkerk,80,2,0
2026-05-20,NM,Nijmegen,283,10,11
2026-05-20,NMD,Nijmegen Dukenburg,107,0,0
2026-05-20,NMGO,Nijmegen Goffert,107,0,0
2026-05-20,NMH,Nijmegen Heyendaal,112,4,0
2026-05-20,NML,Nijmegen Lent,148,3,0
2026-05-20,NS,Nunspeet,74,3,0
2026-05-20,NSCH,Bad Nieuweschans,37,0,1
2026-05-20,NURNB,Nürnberg Hbf,0,0,1
2026-05-20,NVD,Nijverdal,104,3,0
2026-05-20,NVP,Nieuw Vennep,132,2,1
2026-05-20,NWK,Nieuwerkerk a/d IJssel,78,2,0
2026-05-20,O,Oss,171,2,6
2026-05-20,OBD,Obdam,66,3,0
2026-05-20,OBERH,Oberhausen Hbf,54,19,0
2026-05-20,OBERHS,Oberhausen-Sterkrade,36,12,1
2026-05-20,ODB,Oudenbosch,69,3,0
2026-05-20,ODZ,Oldenzaal,70,12,4
2026-05-20,OMN,Ommen,96,2,0
2026-05-20,OP,Opheusden,66,0,0
2026-05-20,OSNH,Osnabrück Hbf,45,19,4
2026-05-20,OST,Olst,73,6,1
2026-05-20,OT,Oisterwijk,70,0,0
2026-05-20,OTB,Oosterbeek,54,2,14
2026-05-20,OVN,Overveen,76,0,0
2026-05-20,OW,Oss West,75,3,6
2026-05-20,PARIS,Paris-Nord,11,1,0
2026-05-20,PMO,Purmerend Overwhere,77,4,0
2026-05-20,PMR,Purmerend,80,2,1
2026-05-20,PMW,Purmerend Weidevenne,76,2,1
2026-05-20,PRAHA,Praha hl.n.,1,0,0
2026-05-20,PT,Putten,74,2,0
2026-05-20,RAI,Amsterdam RAI,155,2,2
2026-05-20,RAT,Raalte,104,1,0
2026-05-20,RB,Rilland-Bath,71,3,5
2026-05-20,RBB,Baden-Baden,1,0,0
2026-05-20,RD,Roodeschool,66,0,0
2026-05-20,RF,Freiburg (Breisgau) Hbf,1,0,0
2026-05-20,RH,Rheden,72,1,0
2026-05-20,RHEINE,Rheine,46,21,4
2026-05-20,RHN,Rhenen,37,0,0
2026-05-20,RL,Ruurlo,71,0,0
2026-05-20,RLB,Rotterdam Lombardijen,188,3,0
2026-05-20,RM,Roermond,252,6,2
2026-05-20,RO,Offenburg,1,0,0
2026-05-20,ROSENH,Rosenheim,0,0,1
2026-05-20,RS,Rosmalen,75,3,6
2026-05-20,RSD,Roosendaal,180,10,6
2026-05-20,RSN,Rijssen,72,8,6
2026-05-20,RSW,Rijswijk,185,3,0
2026-05-20,RTA,Rotterdam Alexander,256,15,6
2026-05-20,RTB,Rotterdam Blaak,327,7,39
2026-05-20,RTD,Rotterdam Centraal,744,53,68
2026-05-20,RTN,Rotterdam Noord,78,3,0
2026-05-20,RTZ,Rotterdam Zuid,188,4,0
2026-05-20,RV,Reuver,76,3,0
2026-05-20,RVS,Ravenstein,79,0,0
2026-05-20,SBK,Spaubeek,76,1,0
2026-05-20,SD,Soestdijk,70,1,0
2026-05-20,SDA,Scheemda,118,1,0
2026-05-20,SDM,Schiedam Centrum,375,13,65
2026-05-20,SDT,Sliedrecht,124,57,12
2026-05-20,SDTB,Sliedrecht Baanhoek,123,66,13
2026-05-20,SGL,Houthem-St. Gerlach,77,3,1
2026-05-20,SGN,Schagen,81,8,27
2026-05-20,SHL,Schiphol Airport,858,40,105
2026-05-20,SK,Sneek,54,2,11
2026-05-20,SKND,Sneek Noord,70,4,11
2026-05-20,SM,Swalmen,75,3,1
2026-05-20,SN,Schinnen,76,1,0
2026-05-20,SOG,Schin op Geul,77,3,1
2026-05-20,SPTN,Santpoort Noord,78,1,0
2026-05-20,SPTZ,Santpoort Zuid,78,1,0
2026-05-20,SRN,Susteren,74,1,0
2026-05-20,SSH,Sassenheim,132,2,1
2026-05-20,ST,Soest,70,1,0
2026-05-20,STD,Sittard,295,4,1
2026-05-20,STM,Stedum,72,0,0
2026-05-20,STP,London St. Pancras Int.,5,1,0
2026-05-20,STV,Stavoren,19,0,4
2026-05-20,STZ,Soest Zuid,70,1,0
2026-05-20,SWD,Sauwerd,148,0,0
2026-05-20,SWK,Steenwijk,139,4,1
2026-05-20,TB,Tilburg,292,6,7
2026-05-20,TBG,Terborg,74,0,0
2026-05-20,TBR,Tilburg Reeshof,73,3,2
2026-05-20,TBU,Tilburg Universiteit,108,3,2
2026-05-20,TG,Tegelen,76,5,0
2026-05-20,TL,Tiel,69,2,1
2026-05-20,TPSW,Tiel Passewaaij,72,3,2
2026-05-20,TS,Stuttgart Hbf,2,0,1
2026-05-20,TU,Ulm Hbf,2,0,0
2026-05-20,TWL,Twello,74,6,3
2026-05-20,UHM,Uithuizermeeden,74,0,0
2026-05-20,UHZ,Uithuizen,74,0,0
2026-05-20,UST,Usquert,74,0,0
2026-05-20,UT,Utrecht Centraal,881,56,172
2026-05-20,UTG,Uitgeest,139,4,0
2026-05-20,UTLN,Utrecht Lunetten,97,4,3
2026-05-20,UTLR,Utrecht Leidsche Rijn,121,1,11
2026-05-20,UTM,Utrecht Maliebaan,8,0,0
2026-05-20,UTO,Utrecht Overvecht,298,7,3
2026-05-20,UTT,Utrecht Terwijde,70,2,7
2026-05-20,UTVR,Utrecht Vaartsche Rijn,174,5,3
2026-05-20,UTZL,Utrecht Zuilen,79,0,0
2026-05-20,VB,Voorburg,95,1,5
2026-05-20,VD,Vorden,71,0,0
2026-05-20,VDL,Voerendaal,77,3,1
2026-05-20,VDM,Veendam,35,0,0
2026-05-20,VEM,Voorst-Empe,64,0,0
2026-05-20,VG,Vught,78,2,1
2026-05-20,VH,Voorhout,75,1,0
2026-05-20,VHP,Vroomshoop,56,0,0
2026-05-20,VIERS,Viersen,33,1,3
2026-05-20,VK,Valkenburg,77,3,94
2026-05-20,VL,Venlo,131,23,19
2026-05-20,VLB,Vierlingsbeek,112,3,0
2026-05-20,VNDC,Veenendaal Centrum,74,0,0
2026-05-20,VNDW,Veenendaal West,74,0,0
2026-05-20,VP,Velp,72,1,0
2026-05-20,VRY,Venray,97,3,0
2026-05-20,VS,Vlissingen,50,2,2
2026-05-20,VSS,Vlissingen Souburg,71,1,5
2026-05-20,VST,Voorschoten,135,2,0
2026-05-20,VSV,Varsseveld,74,1,0
2026-05-20,VTN,Vleuten,70,0,7
2026-05-20,VZ,Vriezenveen,56,1,0
2026-05-20,WAD,Waddinxveen,126,0,4
2026-05-20,WADN,Waddinxveen Noord,126,0,4
2026-05-20,WADT,Waddinxveen Triangel,126,0,4
2026-05-20,WC,Wijchen,93,0,0
2026-05-20,WD,Woerden,220,2,9
2026-05-20,WDN,Wierden,146,6,7
2026-05-20,WESEL,Wesel,36,10,0
2026-05-20,WF,Wolfheze,61,5,8
2026-05-20,WFM,Warffum,74,0,0
2026-05-20,WH,Wijhe,73,6,1
2026-05-20,WK,Workum,38,0,8
2026-05-20,WL,Wehl,126,0,6
2026-05-20,WM,Wormerveer,117,5,0
2026-05-20,WORGL,Wörgl Hbf,0,0,1
2026-05-20,WP,Weesp,290,11,4
2026-05-20,WR,Weener,34,0,0
2026-05-20,WS,Winschoten,79,1,1
2026-05-20,WSM,Winsum,76,0,0
2026-05-20,WT,Weert,212,6,1
2026-05-20,WTV,Westervoort,129,5,6
2026-05-20,WURZB,Würzburg Hbf,1,0,0
2026-05-20,WV,Wolvega,68,0,0
2026-05-20,WW,Winterswijk,73,0,0
2026-05-20,WWW,Winterswijk West,71,0,0
2026-05-20,WZ,Wezep,74,2,0
2026-05-20,YPB,Den Haag Ypenburg,95,1,5
2026-05-20,ZA,Zetten-Andelst,66,0,0
2026-05-20,ZB,Zuidbroek,141,0,0
2026-05-20,ZBM,Zaltbommel,77,2,0
2026-05-20,ZD,Zaandam,339,18,46
2026-05-20,ZDK,Zaandam Kogerveld,76,3,1
2026-05-20,ZH,Zuidhorn,104,2,0
2026-05-20,ZL,Zwolle,469,20,6
2026-05-20,ZLSH,Zwolle Stadshagen,76,5,2
2026-05-20,ZLW,Lage Zwaluwe,142,4,2
2026-05-20,ZP,Zutphen,216,4,1
2026-05-20,ZTM,Zoetermeer,95,1,5
2026-05-20,ZTMO,Zoetermeer Oost,95,3,5
2026-05-20,ZUE,Zürich HB,1,0,0
2026-05-20,ZV,Zevenaar,163,21,6
2026-05-20,ZVB,Zevenbergen,69,3,0
2026-05-20,ZVT,Zandvoort aan Zee,38,0,0
2026-05-20,ZWD,Zwijndrecht,187,2,0
2026-05-20,ZZS,Zaandijk Zaanse Schans,117,6,0
2026-05-21,AC,Abcoude,135,1,0
2026-05-21,AH,Arnhem Centraal,439,30,46
2026-05-21,AHBF,Aachen Hbf,32,3,1
2026-05-21,AHP,Arnhem Velperpoort,203,7,7
2026-05-21,AHPR,Arnhem Presikhaaf,72,1,0
2026-05-21,AHZ,Arnhem Zuid,138,7,10
2026-05-21,AKL,Arkel,70,1,2
2026-05-21,AKM,Akkrum,68,1,0
2026-05-21,ALM,Almere Centrum,294,15,8
2026-05-21,ALMB,Almere Buiten,180,6,7
2026-05-21,ALMM,Almere Muziekwijk,135,5,3
2026-05-21,ALMO,Almere Oostvaarders,104,1,3
2026-05-21,ALMP,Almere Parkwijk,132,1,4
2026-05-21,AMF,Amersfoort Centraal,499,27,16
2026-05-21,AMFS,Amersfoort Schothorst,172,8,4
2026-05-21,AML,Almelo,252,7,4
2026-05-21,AMPO,Almere Poort,135,5,3
2026-05-21,AMR,Alkmaar,176,6,29
2026-05-21,AMRI,Almelo de Riet,95,0,0
2026-05-21,AMRN,Alkmaar Noord,145,1,25
2026-05-21,ANA,Anna Paulowna,80,2,24
2026-05-21,ANDD,Antwerpen-Noorderdokken,35,5,0
2026-05-21,APD,Apeldoorn,198,13,8
2026-05-21,APDM,Apeldoorn De Maten,64,0,0
2026-05-21,APDO,Apeldoorn Osseveld,74,4,0
2026-05-21,APG,Appingedam,68,2,4
2026-05-21,APN,Alphen a/d Rijn,149,2,7
2026-05-21,ARN,Arnemuiden,73,2,6
2026-05-21,ASA,Amsterdam Amstel,227,0,60
2026-05-21,ASB,Amsterdam Bijlmer ArenA,386,12,137
2026-05-21,ASD,Amsterdam Centraal,676,37,56
2026-05-21,ASDL,Amsterdam Lelylaan,340,3,4
2026-05-21,ASDM,Amsterdam Muiderpoort,146,10,3
2026-05-21,ASDZ,Amsterdam Zuid,480,27,83
2026-05-21,ASHD,Amsterdam Holendrecht,134,0,0
2026-05-21,ASN,Assen,161,6,4
2026-05-21,ASS,Amsterdam Sloterdijk,944,20,48
2026-05-21,ASSP,Amsterdam Science Park,120,5,2
2026-05-21,ATN,Aalten,73,2,7
2026-05-21,ATW,Antwerpen-Centraal,124,22,0
2026-05-21,ATWLB,Antwerpen-Luchtbal,35,5,0
2026-05-21,AVAT,Amersfoort Vathorst,107,3,0
2026-05-21,AW,Aachen West,64,4,1
2026-05-21,BADENZ,Baden (CH),1,0,0
2026-05-21,BASELB,Basel Bad Bf,1,0,0
2026-05-21,BASELS,Basel SBB,1,0,0
2026-05-21,BD,Breda,276,16,17
2026-05-21,BDE,Bunde,67,3,18
2026-05-21,BDG,Bodegraven,73,2,3
2026-05-21,BDM,Bedum,68,1,4
2026-05-21,BDPB,Breda-Prinsenbeek,71,1,5
2026-05-21,BERCH,Antwerpen-Berchem,66,10,0
2026-05-21,BERHBT,Berlin Hbf,12,3,0
2026-05-21,BET,Best,148,3,0
2026-05-21,BF,Baflo,76,0,0
2026-05-21,BGN,Bergen op Zoom,103,10,6
2026-05-21,BH,Bad Bentheim,51,20,1
2026-05-21,BHDV,Boven-Hardinxveld,133,35,2
2026-05-21,BHF,Berlin Ostbahnhof,6,2,0
2026-05-21,BHV,Bilthoven,145,4,0
2026-05-21,BIELEF,Bielefeld Hbf,18,1,0
2026-05-21,BK,Beek-Elsloo,67,3,18
2026-05-21,BKF,Bovenkarspel Flora,80,0,0
2026-05-21,BKG,Bovenkarspel-Grootebroek,80,0,0
2026-05-21,BKL,Breukelen,150,1,0
2026-05-21,BL,Beilen,72,2,2
2026-05-21,BLL,Bloemendaal,78,1,0
2026-05-21,BMN,Brummen,72,1,0
2026-05-21,BMR,Boxmeer,100,7,28
2026-05-21,BN,Borne,95,0,0
2026-05-21,BNC,Barneveld Centrum,138,0,0
2026-05-21,BNK,Bunnik,74,1,0
2026-05-21,BNN,Barneveld Noord,138,0,0
2026-05-21,BNZ,Barneveld Zuid,108,0,0
2026-05-21,BONN,Bonn Hbf,2,0,0
2026-05-21,BP,Buitenpost,105,0,0
2026-05-21,BR,Blerick,149,16,61
2026-05-21,BRD,Barendrecht,184,4,3
2026-05-21,BRESSX,Bressoux,38,1,1
2026-05-21,BRN,Baarn,113,5,0
2026-05-21,BRUSC,Brussel-Centraal,32,3,0
2026-05-21,BRUSN,Brussel-Noord,32,3,0
2026-05-21,BRUSZ,Brussel-Zuid,66,8,0
2026-05-21,BSD,Beesd,70,0,2
2026-05-21,BSK,Boskoop,126,0,4
2026-05-21,BSKS,Boskoop Snijdelwijk,126,0,4
2026-05-21,BSMZ,Bussum Zuid,135,8,2
2026-05-21,BSPD,Berlin-Spandau,12,2,0
2026-05-21,BTL,Boxtel,148,2,0
2026-05-21,BUENDE,Bünde (Westf),49,19,0
2026-05-21,BV,Beverwijk,82,0,0
2026-05-21,BZL,Kapelle-Biezelinge,73,2,6
2026-05-21,CAS,Castricum,208,5,36
2026-05-21,CK,Cuijk,106,7,22
2026-05-21,CL,Culemborg,100,6,3
2026-05-21,CO,Coevorden,89,0,0
2026-05-21,CPS,Capelle Schollevaar,78,5,0
2026-05-21,CVM,Chevremont,74,0,2
2026-05-21,DA,Daarlerveen,56,0,2
2026-05-21,DB,Driebergen-Zeist,186,5,36
2026-05-21,DDN,Delden,73,0,0
2026-05-21,DDR,Dordrecht,332,24,35
2026-05-21,DDRS,Dordrecht Stadspolders,133,24,2
2026-05-21,DDZD,Dordrecht Zuid,140,2,5
2026-05-21,DEI,Deinum,68,0,0
2026-05-21,DID,Didam,131,4,7
2026-05-21,DL,Dalfsen,96,0,0
2026-05-21,DLD,Den Dolder,145,3,0
2026-05-21,DLN,Dalen,47,0,0
2026-05-21,DMN,Diemen,128,6,3
2026-05-21,DMNZ,Diemen Zuid,151,5,2
2026-05-21,DN,Deurne,93,15,55
2026-05-21,DR,Dieren,146,3,0
2026-05-21,DRH,Driehuis,78,0,0
2026-05-21,DRON,Dronten,70,2,2
2026-05-21,DRP,Dronryp,68,0,0
2026-05-21,DT,Delft,453,26,65
2026-05-21,DTC,Doetinchem,100,2,9
2026-05-21,DTCH,Doetinchem De Huet,129,1,9
2026-05-21,DTCP,Delft Campus,184,4,2
2026-05-21,DUISB,Duisburg Hbf,52,14,0
2026-05-21,DUSSEL,Düsseldorf Hbf,52,10,0
2026-05-21,DV,Deventer,257,14,6
2026-05-21,DVC,Deventer Colmschate,74,4,0
2026-05-21,DVD,Duivendrecht,525,24,6
2026-05-21,DVN,Duiven,135,10,7
2026-05-21,DVNK,De Vink,131,1,4
2026-05-21,DWE,De Westereen,71,0,0
2026-05-21,DZ,Delfzijl,34,1,2
2026-05-21,DZW,Delfzijl West,67,0,5
2026-05-21,EABG,Altenberge,36,6,0
2026-05-21,EAHS,Ahaus,33,2,0
2026-05-21,EBFT,Steinfurt-Burgsteinfurt,36,11,0
2026-05-21,EBGO,Steinfurt-Borghorst,36,10,0
2026-05-21,EBOK,Bork (Westf),32,10,0
2026-05-21,EC,Echt,74,7,9
2026-05-21,ECMF,Coesfeld (Westf),32,7,0
2026-05-21,ED,Ede-Wageningen,258,3,50
2026-05-21,EDC,Ede Centrum,78,0,0
2026-05-21,EDD,Dortmund-Derne,32,11,0
2026-05-21,EDKD,Dortmund-Kirchderne,32,11,0
2026-05-21,EDN,Eijsden,38,2,1
2026-05-21,EDO,Dortmund Hbf,16,6,0
2026-05-21,EDULH,Dülmen,32,6,0
2026-05-21,EEM,Eemshaven,29,0,0
2026-05-21,EEPE,Epe (Westf),33,1,0
2026-05-21,EGH,Eygelshoven,74,0,2
2026-05-21,EGHM,Eygelshoven Markt,63,5,1
2026-05-21,EGRK,Steinfurt-Grottenkamp,36,8,0
2026-05-21,EHS,Eindhoven Strijp-S,148,4,0
2026-05-21,EHV,Eindhoven Centraal,400,35,78
2026-05-21,EHW,Rosendahl-Holtwick,33,2,0
2026-05-21,EKZ,Enkhuizen,39,0,0
2026-05-21,EL,Emmerich-Elten,34,11,2
2026-05-21,ELDH,Lüdinghausen,32,4,0
2026-05-21,ELET,Lette (Kr Coesfeld),32,6,0
2026-05-21,ELGD,Legden,33,2,0
2026-05-21,ELUE,Lünen Hbf,32,12,0
2026-05-21,EM,Emmerich,44,13,1
2026-05-21,EML,Ermelo,74,2,0
2026-05-21,EMN,Emmen,41,0,0
2026-05-21,EMNZ,Emmen Zuid,82,0,0
2026-05-21,EMTE,Metelen Land,36,7,0
2026-05-21,ENBE,Münster-Häger,36,5,0
2026-05-21,ENHF,Münster (W) Zentrum Nord,36,5,0
2026-05-21,ENOW,Nordwalde,36,7,0
2026-05-21,EOP,Ochtrup,36,7,0
2026-05-21,EPRA,Praest,36,9,0
2026-05-21,EPRN,Preussen,32,12,0
2026-05-21,ES,Enschede,136,4,1
2026-05-21,ESE,Enschede De Eschmarke,74,0,0
2026-05-21,ESEB,Selm-Beifang,32,10,0
2026-05-21,ESEM,Selm,32,9,0
2026-05-21,ESK,Enschede Kennispark,96,0,0
2026-05-21,ESN,Essen,35,3,0
2026-05-21,EST,Elst,205,5,23
2026-05-21,ETN,Etten-Leur,69,2,10
2026-05-21,FBNL,Brussels Airport-Zaventem,32,3,0
2026-05-21,FFFM,Frankfurt (M) Hbf,8,1,0
2026-05-21,FKTH,Kalmthout,35,4,0
2026-05-21,FMZ,Mainz Hbf,2,0,0
2026-05-21,FN,Franeker,68,0,0
2026-05-21,FNAF,Frankfurt Flughafen Fernb,17,4,0
2026-05-21,FNZD,Antwerpen-Zuid,33,2,0
2026-05-21,FRP,Puurs,17,0,0
2026-05-21,FVS,Visé,38,1,1
2026-05-21,FWD,Feanwâlden,135,0,0
2026-05-21,G,Gronau (Westf.),73,7,0
2026-05-21,GBG,Gramsbergen,47,0,0
2026-05-21,GBR,Glanerbrug,74,1,0
2026-05-21,GD,Gouda,552,13,20
2026-05-21,GDG,Gouda Goverwelle,164,2,2
2026-05-21,GDM,Geldermalsen,158,7,8
2026-05-21,GDR,Gaanderen,69,3,11
2026-05-21,GERP,Groningen Europapark,336,6,3
2026-05-21,GK,Grijpskerk,71,0,0
2026-05-21,GKT,Kijkuit,35,4,0
2026-05-21,GLN,Geleen Oost,74,1,2
2026-05-21,GN,Groningen,374,7,4
2026-05-21,GND,Hardinxveld-Giessendam,133,43,2
2026-05-21,GNN,Groningen Noord,144,1,4
2026-05-21,GO,Goor,73,0,0
2026-05-21,GP,Geldrop,69,4,0
2026-05-21,GR,Gorinchem,101,16,2
2026-05-21,GS,Goes,102,5,6
2026-05-21,GSB,Berlin Gesundbrunnen,1,0,0
2026-05-21,GV,Den Haag HS,454,23,65
2026-05-21,GVC,Den Haag Centraal,370,15,18
2026-05-21,GVM,Den Haag Mariahoeve,130,0,5
2026-05-21,GVMW,Den Haag Moerwijk,184,3,2
2026-05-21,GW,Grou-Jirnsum,68,1,0
2026-05-21,GWD,Wildert,35,4,0
2026-05-21,GZ,Gilze-Rijen,71,2,6
2026-05-21,HAD,Heemstede-Aerdenhout,216,11,2
2026-05-21,HANN,Hannover Hbf,15,7,0
2026-05-21,HB,Hoensbroek,74,1,2
2026-05-21,HBZM,Hardinxveld Blauwe Zoom,72,23,2
2026-05-21,HD,Harderwijk,77,2,0
2026-05-21,HDB,Hardenberg,118,1,4
2026-05-21,HDE,'t Harde,74,1,0
2026-05-21,HDG,Hurdegaryp,71,0,0
2026-05-21,HDR,Den Helder,39,2,14
2026-05-21,HDRZ,Den Helder Zuid,80,3,24
2026-05-21,HFD,Hoofddorp,310,3,6
2026-05-21,HGL,Hengelo,305,17,4
2026-05-21,HGLG,Hengelo Gezondheidspark,73,0,0
2026-05-21,HGLO,Hengelo Oost,76,0,0
2026-05-21,HGV,Hoogeveen,72,2,2
2026-05-21,HGZ,Hoogezand-Sappemeer,141,1,0
2026-05-21,HIL,Hillegom,75,5,0
2026-05-21,HK,Heemskerk,78,0,0
2026-05-21,HKS,Hoogkarspel,80,0,0
2026-05-21,HLG,Harlingen,68,0,0
2026-05-21,HLGH,Harlingen Haven,34,0,0
2026-05-21,HLM,Haarlem,330,10,5
2026-05-21,HLMS,Haarlem Spaarnwoude,152,3,2
2026-05-21,HLO,Heiloo,160,4,23
2026-05-21,HM,Helmond,113,9,70
2026-05-21,HMBH,Helmond Brouwhuis,66,9,16
2026-05-21,HMBV,Helmond Brandevoort,54,3,16
2026-05-21,HMH,Helmond 't Hout,54,2,16
2026-05-21,HMN,Hemmen-Dodewaard,64,0,2
2026-05-21,HN,Hoorn,188,0,0
2026-05-21,HNK,Hoorn Kersenboogerd,115,0,0
2026-05-21,HNO,Heino,76,0,0
2026-05-21,HNP,Hindeloopen,46,1,0
2026-05-21,HOHT,Osnabrück Altstadt,36,11,0
2026-05-21,HON,Holten,74,2,0
2026-05-21,HOR,Hollandsche Rading,78,7,0
2026-05-21,HR,Heerenveen,139,4,1
2026-05-21,HRL,Heerlen,231,19,6
2026-05-21,HRLW,Heerlen Woonboulevard,76,3,2
2026-05-21,HRN,Haren,98,5,2
2026-05-21,HRT,Horst-Sevenum,67,15,46
2026-05-21,HT,'s-Hertogenbosch,427,21,99
2026-05-21,HTN,Houten,102,6,3
2026-05-21,HTNC,Houten Castellum,102,7,3
2026-05-21,HTO,'s-Hertogenbosch Oost,69,2,14
2026-05-21,HVL,Hoevelaken,138,1,0
2026-05-21,HVS,Hilversum,334,30,7
2026-05-21,HVSM,Hilversum Media Park,135,8,2
2026-05-21,HVSP,Hilversum Sportpark,138,13,2
2026-05-21,HWD,Heerhugowaard,145,1,25
2026-05-21,HWZB,Halfweg-Zwanenburg,152,3,2
2026-05-21,HZ,Herzogenrath,64,4,1
2026-05-21,HZE,Heeze,69,5,0
2026-05-21,IJT,IJlst,46,1,0
2026-05-21,INNSB,Innsbruck Hbf,1,0,0
2026-05-21,JENBAC,Jenbach,1,0,0
2026-05-21,KARLSR,Karlsruhe Hbf,1,0,0
2026-05-21,KBD,Krabbendijke,73,3,6
2026-05-21,KBK,Klarenbeek,64,0,0
2026-05-21,KBOI,Boisheim,36,8,0
2026-05-21,KBRY,Breyell,36,8,0
2026-05-21,KDBI,Düsseldorf-Bilk,34,2,0
2026-05-21,KDFFH,Düsseldorf Flughafen,33,3,0
2026-05-21,KDUL,Dülken,36,8,0
2026-05-21,KKD,Köln Messe/Deutz,2,1,0
2026-05-21,KKO,Koblenz Hbf,2,0,0
2026-05-21,KLP,Veenendaal-De Klomp,123,2,28
2026-05-21,KMA,Krommenie-Assendelft,117,2,0
2026-05-21,KMR,Klimmen-Ransdaal,76,3,2
2026-05-21,KMW,Koudum-Molkwerum,46,0,0
2026-05-21,KN,Kaldenkirchen,36,9,0
2026-05-21,KOLN,Köln Hbf,17,5,0
2026-05-21,KPN,Kampen,39,0,0
2026-05-21,KPNZ,Kampen Zuid,71,2,1
2026-05-21,KRD,Kerkrade Centrum,37,0,1
2026-05-21,KRG,Kruiningen-Yerseke,73,3,6
2026-05-21,KSB,Siegburg/Bonn,15,4,0
2026-05-21,KTR,Kesteren,64,0,2
2026-05-21,KUFST,Kufstein,1,0,0
2026-05-21,KW,Kropswolde,141,2,0
2026-05-21,KZ,Koog aan de Zaan,117,2,0
2026-05-21,LAA,Den Haag Laan v NOI,317,12,67
2026-05-21,LC,Lochem,72,0,0
2026-05-21,LDL,Leiden Lammenschans,100,2,7
2026-05-21,LDM,Leerdam,70,0,2
2026-05-21,LEDN,Leiden Centraal,548,23,73
2026-05-21,LEER,Leer (Ostfriesl),25,0,0
2026-05-21,LG,Landgraaf,137,26,3
2026-05-21,LILLEE,Lille Europe,7,0,0
2026-05-21,LKP,Kapellen,35,4,0
2026-05-21,LKR,Ekeren,35,4,0
2026-05-21,LLS,Lelystad Centrum,171,14,4
2026-05-21,LLZM,Lansingerland-Zoetermeer,98,1,2
2026-05-21,LP,Loppersum,68,1,4
2026-05-21,LTN,Lunteren,78,0,0
2026-05-21,LTV,Lichtenvoorde-Groenlo,71,1,0
2026-05-21,LUIK,Liège-Guillemins,19,1,0
2026-05-21,LUT,Geleen-Lutterade,67,3,18
2026-05-21,LW,Leeuwarden,209,2,0
2026-05-21,LWC,Leeuwarden Camminghaburen,71,0,0
2026-05-21,MA,Augsburg Hbf,3,0,0
2026-05-21,MANNHE,Mannheim Hbf,4,0,0
2026-05-21,MARIA,Sint-Mariaburg,35,4,0
2026-05-21,MAS,Maarssen,84,2,0
2026-05-21,MCGB,Mönchengladbach Hbf,35,8,0
2026-05-21,MDB,Middelburg,102,5,6
2026-05-21,MECH,Mechelen,32,3,0
2026-05-21,MES,Meerssen,138,12,3
2026-05-21,MG,Mantgum,68,1,0
2026-05-21,MID,Heide (B),35,4,0
2026-05-21,MMLH,Mook-Molenhoek,105,8,23
2026-05-21,MOP,München Ost,1,0,0
2026-05-21,MP,Meppel,212,8,2
2026-05-21,MRB,Mariënberg,126,1,6
2026-05-21,MRN,Maarn,74,3,0
2026-05-21,MT,Maastricht,251,22,29
2026-05-21,MTH,Martenshoek,141,2,0
2026-05-21,MTN,Maastricht Noord,76,3,2
2026-05-21,MTR,Maastricht Randwyck,113,6,7
2026-05-21,MUNCHH,München Hbf,2,0,0
2026-05-21,MUNST,Münster (Westf) Hbf,17,4,0
2026-05-21,MZ,Maarheeze,69,7,0
2026-05-21,NA,Nieuw Amsterdam,76,0,0
2026-05-21,NDB,Naarden-Bussum,152,10,2
2026-05-21,NDKP,Noorderkempen,32,8,0
2026-05-21,NEUSS,Neuss Hbf,34,1,0
2026-05-21,NH,Nuth,74,2,2
2026-05-21,NKK,Nijkerk,80,2,0
2026-05-21,NM,Nijmegen,264,14,36
2026-05-21,NMD,Nijmegen Dukenburg,98,0,9
2026-05-21,NMGO,Nijmegen Goffert,98,0,9
2026-05-21,NMH,Nijmegen Heyendaal,105,6,23
2026-05-21,NML,Nijmegen Lent,136,3,12
2026-05-21,NS,Nunspeet,74,1,0
2026-05-21,NSCH,Bad Nieuweschans,38,0,0
2026-05-21,NURNB,Nürnberg Hbf,1,0,0
2026-05-21,NVD,Nijverdal,104,1,0
2026-05-21,NVP,Nieuw Vennep,129,1,3
2026-05-21,NWK,Nieuwerkerk a/d IJssel,78,3,0
2026-05-21,O,Oss,157,5,18
2026-05-21,OBD,Obdam,66,0,0
2026-05-21,OBERH,Oberhausen Hbf,54,18,0
2026-05-21,OBERHS,Oberhausen-Sterkrade,36,10,0
2026-05-21,ODB,Oudenbosch,69,0,0
2026-05-21,ODZ,Oldenzaal,72,12,2
2026-05-21,OMN,Ommen,96,1,0
2026-05-21,OP,Opheusden,64,0,2
2026-05-21,OSNH,Osnabrück Hbf,51,19,0
2026-05-21,OST,Olst,74,3,0
2026-05-21,OT,Oisterwijk,70,0,0
2026-05-21,OTB,Oosterbeek,68,0,0
2026-05-21,OVN,Overveen,76,3,0
2026-05-21,OW,Oss West,69,3,14
2026-05-21,PARIS,Paris-Nord,11,0,0
2026-05-21,PMO,Purmerend Overwhere,77,0,0
2026-05-21,PMR,Purmerend,81,0,0
2026-05-21,PMW,Purmerend Weidevenne,77,0,0
2026-05-21,PT,Putten,74,2,0
2026-05-21,RAI,Amsterdam RAI,154,4,2
2026-05-21,RAT,Raalte,103,1,1
2026-05-21,RB,Rilland-Bath,73,3,6
2026-05-21,RBB,Baden-Baden,1,0,0
2026-05-21,RD,Roodeschool,66,1,0
2026-05-21,RF,Freiburg (Breisgau) Hbf,1,0,0
2026-05-21,RH,Rheden,72,0,0
2026-05-21,RHEINE,Rheine,50,17,0
2026-05-21,RHN,Rhenen,37,2,0
2026-05-21,RL,Ruurlo,71,1,0
2026-05-21,RLB,Rotterdam Lombardijen,185,4,3
2026-05-21,RM,Roermond,249,38,29
2026-05-21,RO,Offenburg,1,0,0
2026-05-21,ROSENH,Rosenheim,1,0,0
2026-05-21,RS,Rosmalen,69,2,14
2026-05-21,RSD,Roosendaal,176,7,10
2026-05-21,RSN,Rijssen,74,2,0
2026-05-21,RSW,Rijswijk,184,4,2
2026-05-21,RTA,Rotterdam Alexander,261,18,2
2026-05-21,RTB,Rotterdam Blaak,317,13,54
2026-05-21,RTD,Rotterdam Centraal,745,64,65
2026-05-21,RTN,Rotterdam Noord,78,5,0
2026-05-21,RTZ,Rotterdam Zuid,185,5,3
2026-05-21,RV,Reuver,76,2,16
2026-05-21,RVS,Ravenstein,70,0,9
2026-05-21,SBK,Spaubeek,74,1,2
2026-05-21,SD,Soestdijk,70,1,0
2026-05-21,SDA,Scheemda,118,0,0
2026-05-21,SDM,Schiedam Centrum,371,18,64
2026-05-21,SDT,Sliedrecht,133,44,2
2026-05-21,SDTB,Sliedrecht Baanhoek,133,64,2
2026-05-21,SGL,Houthem-St. Gerlach,76,1,2
2026-05-21,SGN,Schagen,80,4,24
2026-05-21,SHL,Schiphol Airport,867,42,79
2026-05-21,SK,Sneek,65,2,0
2026-05-21,SKND,Sneek Noord,81,1,0
2026-05-21,SM,Swalmen,76,2,16
2026-05-21,SN,Schinnen,74,1,2
2026-05-21,SOG,Schin op Geul,76,2,2
2026-05-21,SPTN,Santpoort Noord,78,0,0
2026-05-21,SPTZ,Santpoort Zuid,78,1,0
2026-05-21,SRN,Susteren,74,7,9
2026-05-21,SSH,Sassenheim,129,0,3
2026-05-21,ST,Soest,70,2,0
2026-05-21,STD,Sittard,284,31,32
2026-05-21,STM,Stedum,68,1,4
2026-05-21,STP,London St. Pancras Int.,5,0,0
2026-05-21,STV,Stavoren,23,0,0
2026-05-21,STZ,Soest Zuid,70,2,0
2026-05-21,SWD,Sauwerd,144,1,4
2026-05-21,SWK,Steenwijk,139,5,1
2026-05-21,TB,Tilburg,287,10,14
2026-05-21,TBG,Terborg,71,2,9
2026-05-21,TBR,Tilburg Reeshof,71,1,6
2026-05-21,TBU,Tilburg Universiteit,106,1,6
2026-05-21,TG,Tegelen,76,4,16
2026-05-21,TL,Tiel,69,0,1
2026-05-21,TPSW,Tiel Passewaaij,74,1,0
2026-05-21,TS,Stuttgart Hbf,3,0,0
2026-05-21,TU,Ulm Hbf,2,0,0
2026-05-21,TWL,Twello,74,4,0
2026-05-21,UHM,Uithuizermeeden,74,0,0
2026-05-21,UHZ,Uithuizen,74,0,0
2026-05-21,UST,Usquert,74,0,0
2026-05-21,UT,Utrecht Centraal,886,39,142
2026-05-21,UTG,Uitgeest,139,1,0
2026-05-21,UTLN,Utrecht Lunetten,97,5,3
2026-05-21,UTLR,Utrecht Leidsche Rijn,128,3,4
2026-05-21,UTM,Utrecht Maliebaan,8,1,0
2026-05-21,UTO,Utrecht Overvecht,299,15,2
2026-05-21,UTT,Utrecht Terwijde,75,0,2
2026-05-21,UTVR,Utrecht Vaartsche Rijn,174,6,3
2026-05-21,UTZL,Utrecht Zuilen,79,0,0
2026-05-21,VB,Voorburg,99,0,1
2026-05-21,VD,Vorden,71,1,0
2026-05-21,VDL,Voerendaal,76,3,2
2026-05-21,VDM,Veendam,34,0,1
2026-05-21,VEM,Voorst-Empe,64,0,0
2026-05-21,VG,Vught,78,2,0
2026-05-21,VH,Voorhout,74,3,1
2026-05-21,VHP,Vroomshoop,56,0,2
2026-05-21,VIERS,Viersen,36,10,0
2026-05-21,VK,Valkenburg,138,12,3
2026-05-21,VL,Venlo,130,11,40
2026-05-21,VLB,Vierlingsbeek,91,3,37
2026-05-21,VNDC,Veenendaal Centrum,74,3,0
2026-05-21,VNDW,Veenendaal West,74,3,0
2026-05-21,VP,Velp,72,0,0
2026-05-21,VRY,Venray,85,4,28
2026-05-21,VS,Vlissingen,50,4,5
2026-05-21,VSS,Vlissingen Souburg,73,2,6
2026-05-21,VST,Voorschoten,131,1,4
2026-05-21,VSV,Varsseveld,73,3,7
2026-05-21,VTN,Vleuten,75,0,2
2026-05-21,VZ,Vriezenveen,56,0,2
2026-05-21,WAD,Waddinxveen,126,0,4
2026-05-21,WADN,Waddinxveen Noord,126,0,4
2026-05-21,WADT,Waddinxveen Triangel,126,0,4
2026-05-21,WC,Wijchen,84,0,9
2026-05-21,WD,Woerden,225,6,4
2026-05-21,WDN,Wierden,150,1,0
2026-05-21,WESEL,Wesel,36,12,0
2026-05-21,WF,Wolfheze,68,0,0
2026-05-21,WFM,Warffum,74,0,0
2026-05-21,WH,Wijhe,74,3,0
2026-05-21,WK,Workum,46,1,0
2026-05-21,WL,Wehl,131,3,7
2026-05-21,WM,Wormerveer,117,2,0
2026-05-21,WORGL,Wörgl Hbf,1,0,0
2026-05-21,WP,Weesp,287,13,6
2026-05-21,WR,Weener,34,0,0
2026-05-21,WS,Winschoten,80,0,0
2026-05-21,WSM,Winsum,76,0,0
2026-05-21,WT,Weert,208,42,16
2026-05-21,WTV,Westervoort,134,8,7
2026-05-21,WURZB,Würzburg Hbf,1,0,0
2026-05-21,WV,Wolvega,68,2,0
2026-05-21,WW,Winterswijk,73,2,3
2026-05-21,WWW,Winterswijk West,71,2,0
2026-05-21,WZ,Wezep,74,0,0
2026-05-21,YPB,Den Haag Ypenburg,99,0,1
2026-05-21,ZA,Zetten-Andelst,64,0,2
2026-05-21,ZB,Zuidbroek,140,1,1
2026-05-21,ZBM,Zaltbommel,66,2,12
2026-05-21,ZD,Zaandam,339,6,36
2026-05-21,ZDK,Zaandam Kogerveld,77,0,0
2026-05-21,ZH,Zuidhorn,104,0,0
2026-05-21,ZL,Zwolle,469,11,4
2026-05-21,ZLSH,Zwolle Stadshagen,78,0,0
2026-05-21,ZLW,Lage Zwaluwe,140,1,5
2026-05-21,ZP,Zutphen,217,3,0
2026-05-21,ZTM,Zoetermeer,98,0,2
2026-05-21,ZTMO,Zoetermeer Oost,98,1,2
2026-05-21,ZUE,Zürich HB,1,0,0
2026-05-21,ZV,Zevenaar,166,17,9
2026-05-21,ZVB,Zevenbergen,69,0,0
2026-05-21,ZVT,Zandvoort aan Zee,38,1,0
2026-05-21,ZWD,Zwijndrecht,183,2,4
2026-05-21,ZZS,Zaandijk Zaanse Schans,117,3,0
2026-05-22,AC,Abcoude,132,0,0
2026-05-22,ACDG,Airport Charles de Gaulle,2,0,0
2026-05-22,AH,Arnhem Centraal,419,29,27
2026-05-22,AHAR,Hamburg-Harburg,1,0,0
2026-05-22,AHBF,Aachen Hbf,32,1,0
2026-05-22,AHP,Arnhem Velperpoort,202,6,22
2026-05-22,AHPR,Arnhem Presikhaaf,72,2,0
2026-05-22,AHZ,Arnhem Zuid,147,1,2
2026-05-22,AKL,Arkel,72,4,0
2026-05-22,AKM,Akkrum,70,2,0
2026-05-22,ALM,Almere Centrum,298,13,19
2026-05-22,ALMB,Almere Buiten,183,5,8
2026-05-22,ALMM,Almere Muziekwijk,141,5,2
2026-05-22,ALMO,Almere Oostvaarders,111,1,1
2026-05-22,ALMP,Almere Parkwijk,138,2,2
2026-05-22,AMF,Amersfoort Centraal,512,25,23
2026-05-22,AMFS,Amersfoort Schothorst,175,5,8
2026-05-22,AML,Almelo,258,8,1
2026-05-22,AMPO,Almere Poort,141,4,2
2026-05-22,AMR,Alkmaar,175,2,18
2026-05-22,AMRI,Almelo de Riet,97,2,0
2026-05-22,AMRN,Alkmaar Noord,147,2,16
2026-05-22,ANA,Anna Paulowna,82,0,13
2026-05-22,ANDD,Antwerpen-Noorderdokken,35,7,0
2026-05-22,APD,Apeldoorn,207,10,1
2026-05-22,APDM,Apeldoorn De Maten,64,0,0
2026-05-22,APDO,Apeldoorn Osseveld,74,1,0
2026-05-22,APG,Appingedam,72,0,0
2026-05-22,APN,Alphen a/d Rijn,163,5,9
2026-05-22,ARN,Arnemuiden,72,4,25
2026-05-22,ASA,Amsterdam Amstel,246,7,24
2026-05-22,ASB,Amsterdam Bijlmer ArenA,411,55,36
2026-05-22,ASD,Amsterdam Centraal,677,56,56
2026-05-22,ASDL,Amsterdam Lelylaan,338,14,11
2026-05-22,ASDM,Amsterdam Muiderpoort,150,12,3
2026-05-22,ASDZ,Amsterdam Zuid,499,54,27
2026-05-22,ASHD,Amsterdam Holendrecht,115,0,0
2026-05-22,ASN,Assen,131,13,54
2026-05-22,ASS,Amsterdam Sloterdijk,914,40,86
2026-05-22,ASSP,Amsterdam Science Park,122,3,2
2026-05-22,ATN,Aalten,74,4,20
2026-05-22,ATW,Antwerpen-Centraal,130,29,0
2026-05-22,ATWLB,Antwerpen-Luchtbal,35,8,0
2026-05-22,AVAT,Amersfoort Vathorst,110,1,0
2026-05-22,AW,Aachen West,64,1,0
2026-05-22,BADENZ,Baden (CH),1,0,0
2026-05-22,BASELB,Basel Bad Bf,1,0,0
2026-05-22,BASELS,Basel SBB,1,0,0
2026-05-22,BD,Breda,267,26,34
2026-05-22,BDE,Bunde,76,1,0
2026-05-22,BDG,Bodegraven,98,5,9
2026-05-22,BDM,Bedum,72,0,0
2026-05-22,BDPB,Breda-Prinsenbeek,73,4,0
2026-05-22,BERCH,Antwerpen-Berchem,66,17,0
2026-05-22,BERHBL,Berlin Hbf,1,0,0
2026-05-22,BERHBT,Berlin Hbf,12,6,0
2026-05-22,BET,Best,148,5,0
2026-05-22,BF,Baflo,76,0,0
2026-05-22,BGN,Bergen op Zoom,99,15,31
2026-05-22,BH,Bad Bentheim,53,24,1
2026-05-22,BHDV,Boven-Hardinxveld,123,18,12
2026-05-22,BHF,Berlin Ostbahnhof,7,6,0
2026-05-22,BHV,Bilthoven,145,1,0
2026-05-22,BIELEF,Bielefeld Hbf,18,2,0
2026-05-22,BK,Beek-Elsloo,76,2,0
2026-05-22,BKF,Bovenkarspel Flora,79,2,1
2026-05-22,BKG,Bovenkarspel-Grootebroek,79,2,1
2026-05-22,BKL,Breukelen,142,2,1
2026-05-22,BL,Beilen,56,3,30
2026-05-22,BLL,Bloemendaal,71,4,9
2026-05-22,BMN,Brummen,72,0,0
2026-05-22,BMR,Boxmeer,95,11,21
2026-05-22,BN,Borne,97,2,0
2026-05-22,BNC,Barneveld Centrum,138,0,0
2026-05-22,BNK,Bunnik,74,1,1
2026-05-22,BNN,Barneveld Noord,138,0,0
2026-05-22,BNZ,Barneveld Zuid,108,0,0
2026-05-22,BONN,Bonn Hbf,2,2,0
2026-05-22,BP,Buitenpost,105,4,0
2026-05-22,BR,Blerick,151,27,14
2026-05-22,BRD,Barendrecht,137,6,5
2026-05-22,BREMEN,Bremen Hbf,2,0,0
2026-05-22,BRESSX,Bressoux,38,3,0
2026-05-22,BRN,Baarn,112,3,4
2026-05-22,BRUSC,Brussel-Centraal,32,5,0
2026-05-22,BRUSN,Brussel-Noord,33,8,0
2026-05-22,BRUSZ,Brussel-Zuid,70,13,0
2026-05-22,BSD,Beesd,72,2,0
2026-05-22,BSK,Boskoop,130,1,0
2026-05-22,BSKS,Boskoop Snijdelwijk,130,1,0
2026-05-22,BSMZ,Bussum Zuid,139,4,1
2026-05-22,BSPD,Berlin-Spandau,11,6,1
2026-05-22,BTL,Boxtel,148,5,1
2026-05-22,BUENDE,Bünde (Westf),49,24,0
2026-05-22,BV,Beverwijk,77,3,3
2026-05-22,BZL,Kapelle-Biezelinge,70,6,27
2026-05-22,CAS,Castricum,204,3,19
2026-05-22,CK,Cuijk,95,10,21
2026-05-22,CL,Culemborg,149,22,2
2026-05-22,CO,Coevorden,87,9,2
2026-05-22,CPS,Capelle Schollevaar,77,0,1
2026-05-22,CVM,Chevremont,76,1,0
2026-05-22,DA,Daarlerveen,56,1,0
2026-05-22,DB,Driebergen-Zeist,153,3,7
2026-05-22,DDN,Delden,73,3,0
2026-05-22,DDR,Dordrecht,316,27,30
2026-05-22,DDRS,Dordrecht Stadspolders,129,23,6
2026-05-22,DDZD,Dordrecht Zuid,138,7,4
2026-05-22,DEI,Deinum,68,2,0
2026-05-22,DID,Didam,130,2,22
2026-05-22,DL,Dalfsen,94,9,2
2026-05-22,DLD,Den Dolder,145,4,0
2026-05-22,DLN,Dalen,46,6,1
2026-05-22,DMN,Diemen,129,6,3
2026-05-22,DMNZ,Diemen Zuid,156,1,0
2026-05-22,DN,Deurne,107,22,8
2026-05-22,DR,Dieren,146,0,0
2026-05-22,DRH,Driehuis,77,5,3
2026-05-22,DRON,Dronten,72,1,0
2026-05-22,DRP,Dronryp,68,2,0
2026-05-22,DT,Delft,364,19,39
2026-05-22,DTC,Doetinchem,96,2,27
2026-05-22,DTCH,Doetinchem De Huet,130,4,22
2026-05-22,DTCP,Delft Campus,136,2,7
2026-05-22,DUISB,Duisburg Hbf,51,18,1
2026-05-22,DUSSEL,Düsseldorf Hbf,51,13,1
2026-05-22,DV,Deventer,268,12,1
2026-05-22,DVC,Deventer Colmschate,75,1,0
2026-05-22,DVD,Duivendrecht,525,15,15
2026-05-22,DVN,Duiven,130,3,22
2026-05-22,DVNK,De Vink,132,1,3
2026-05-22,DWE,De Westereen,71,3,0
2026-05-22,DZ,Delfzijl,36,0,0
2026-05-22,DZW,Delfzijl West,72,0,0
2026-05-22,EABG,Altenberge,34,8,4
2026-05-22,EAHS,Ahaus,33,11,0
2026-05-22,EBFT,Steinfurt-Burgsteinfurt,38,7,0
2026-05-22,EBGO,Steinfurt-Borghorst,36,9,2
2026-05-22,EBOK,Bork (Westf),32,9,0
2026-05-22,EC,Echt,74,6,0
2026-05-22,ECMF,Coesfeld (Westf),32,12,0
2026-05-22,ED,Ede-Wageningen,220,4,12
2026-05-22,EDC,Ede Centrum,78,0,0
2026-05-22,EDD,Dortmund-Derne,32,13,0
2026-05-22,EDKD,Dortmund-Kirchderne,32,13,0
2026-05-22,EDN,Eijsden,38,5,0
2026-05-22,EDO,Dortmund Hbf,16,8,0
2026-05-22,EDULH,Dülmen,32,10,0
2026-05-22,EEM,Eemshaven,29,0,0
2026-05-22,EEPE,Epe (Westf),33,6,0
2026-05-22,EGH,Eygelshoven,76,1,0
2026-05-22,EGHM,Eygelshoven Markt,64,2,0
2026-05-22,EGRK,Steinfurt-Grottenkamp,38,7,0
2026-05-22,EHS,Eindhoven Strijp-S,148,5,0
2026-05-22,EHV,Eindhoven Centraal,342,38,24
2026-05-22,EHW,Rosendahl-Holtwick,33,11,0
2026-05-22,EKZ,Enkhuizen,40,2,1
2026-05-22,EL,Emmerich-Elten,28,10,8
2026-05-22,ELDH,Lüdinghausen,32,8,0
2026-05-22,ELET,Lette (Kr Coesfeld),32,10,0
2026-05-22,ELGD,Legden,33,9,0
2026-05-22,ELUE,Lünen Hbf,32,13,0
2026-05-22,EM,Emmerich,41,16,4
2026-05-22,EML,Ermelo,74,1,0
2026-05-22,EMN,Emmen,40,5,1
2026-05-22,EMNZ,Emmen Zuid,80,6,2
2026-05-22,EMTE,Metelen Land,38,4,0
2026-05-22,ENBE,Münster-Häger,34,6,4
2026-05-22,ENHF,Münster (W) Zentrum Nord,34,7,4
2026-05-22,ENOW,Nordwalde,34,6,4
2026-05-22,EOP,Ochtrup,38,4,0
2026-05-22,EPRA,Praest,35,13,1
2026-05-22,EPRN,Preussen,32,13,0
2026-05-22,ES,Enschede,141,8,1
2026-05-22,ESE,Enschede De Eschmarke,76,2,0
2026-05-22,ESEB,Selm-Beifang,32,8,0
2026-05-22,ESEM,Selm,32,9,0
2026-05-22,ESK,Enschede Kennispark,97,2,1
2026-05-22,ESN,Essen,33,5,2
2026-05-22,EST,Elst,210,5,10
2026-05-22,ETN,Etten-Leur,63,6,25
2026-05-22,FBNL,Brussels Airport-Zaventem,32,9,0
2026-05-22,FFFM,Frankfurt (M) Hbf,8,2,0
2026-05-22,FKTH,Kalmthout,33,4,2
2026-05-22,FMZ,Mainz Hbf,2,2,0
2026-05-22,FN,Franeker,68,2,0
2026-05-22,FNAF,Frankfurt Flughafen Fernb,17,6,0
2026-05-22,FNZD,Antwerpen-Zuid,33,5,0
2026-05-22,FRP,Puurs,17,0,0
2026-05-22,FVS,Visé,38,3,0
2026-05-22,FWD,Feanwâlden,135,7,0
2026-05-22,G,Gronau (Westf.),75,8,0
2026-05-22,GBG,Gramsbergen,46,7,1
2026-05-22,GBR,Glanerbrug,76,3,0
2026-05-22,GD,Gouda,497,4,15
2026-05-22,GDG,Gouda Goverwelle,154,2,1
2026-05-22,GDM,Geldermalsen,183,20,4
2026-05-22,GDR,Gaanderen,62,4,32
2026-05-22,GERP,Groningen Europapark,313,9,13
2026-05-22,GK,Grijpskerk,71,2,0
2026-05-22,GKT,Kijkuit,33,4,2
2026-05-22,GLN,Geleen Oost,76,1,0
2026-05-22,GN,Groningen,365,9,20
2026-05-22,GND,Hardinxveld-Giessendam,126,38,9
2026-05-22,GNN,Groningen Noord,148,0,0
2026-05-22,GO,Goor,73,1,0
2026-05-22,GP,Geldrop,71,0,0
2026-05-22,GR,Gorinchem,97,8,6
2026-05-22,GS,Goes,99,9,30
2026-05-22,GV,Den Haag HS,366,18,40
2026-05-22,GVC,Den Haag Centraal,352,18,24
2026-05-22,GVM,Den Haag Mariahoeve,132,1,3
2026-05-22,GVMW,Den Haag Moerwijk,138,2,5
2026-05-22,GW,Grou-Jirnsum,70,3,0
2026-05-22,GWD,Wildert,33,4,2
2026-05-22,GZ,Gilze-Rijen,74,6,0
2026-05-22,HAD,Heemstede-Aerdenhout,201,5,47
2026-05-22,HANN,Hannover Hbf,14,11,0
2026-05-22,HB,Hoensbroek,76,1,0
2026-05-22,HBZM,Hardinxveld Blauwe Zoom,74,19,0
2026-05-22,HD,Harderwijk,74,1,0
2026-05-22,HDB,Hardenberg,115,16,7
2026-05-22,HDE,'t Harde,74,1,0
2026-05-22,HDG,Hurdegaryp,71,2,0
2026-05-22,HDR,Den Helder,41,0,5
2026-05-22,HDRZ,Den Helder Zuid,82,0,13
2026-05-22,HFD,Hoofddorp,315,10,5
2026-05-22,HGL,Hengelo,309,26,4
2026-05-22,HGLG,Hengelo Gezondheidspark,73,4,0
2026-05-22,HGLO,Hengelo Oost,76,1,0
2026-05-22,HGV,Hoogeveen,61,4,27
2026-05-22,HGZ,Hoogezand-Sappemeer,141,0,0
2026-05-22,HIL,Hillegom,66,3,11
2026-05-22,HK,Heemskerk,77,3,3
2026-05-22,HKS,Hoogkarspel,79,2,1
2026-05-22,HLG,Harlingen,68,2,0
2026-05-22,HLGH,Harlingen Haven,34,1,0
2026-05-22,HLM,Haarlem,340,19,64
2026-05-22,HLMS,Haarlem Spaarnwoude,126,6,22
2026-05-22,HLO,Heiloo,156,3,14
2026-05-22,HM,Helmond,142,25,8
2026-05-22,HMBH,Helmond Brouwhuis,70,3,0
2026-05-22,HMBV,Helmond Brandevoort,70,6,0
2026-05-22,HMH,Helmond 't Hout,70,6,0
2026-05-22,HMN,Hemmen-Dodewaard,62,0,4
2026-05-22,HN,Hoorn,183,1,5
2026-05-22,HNK,Hoorn Kersenboogerd,114,1,2
2026-05-22,HNO,Heino,78,0,0
2026-05-22,HNP,Hindeloopen,46,1,2
2026-05-22,HOHT,Osnabrück Altstadt,36,10,0
2026-05-22,HON,Holten,75,2,0
2026-05-22,HOR,Hollandsche Rading,79,1,1
2026-05-22,HR,Heerenveen,141,5,0
2026-05-22,HRL,Heerlen,200,12,0
2026-05-22,HRLW,Heerlen Woonboulevard,78,0,0
2026-05-22,HRN,Haren,76,6,12
2026-05-22,HRT,Horst-Sevenum,72,20,8
2026-05-22,HT,'s-Hertogenbosch,377,45,62
2026-05-22,HTN,Houten,149,8,2
2026-05-22,HTNC,Houten Castellum,149,16,2
2026-05-22,HTO,'s-Hertogenbosch Oost,76,3,16
2026-05-22,HVL,Hoevelaken,138,0,0
2026-05-22,HVS,Hilversum,341,21,5
2026-05-22,HVSM,Hilversum Media Park,139,2,1
2026-05-22,HVSP,Hilversum Sportpark,141,5,1
2026-05-22,HWD,Heerhugowaard,147,2,16
2026-05-22,HWZB,Halfweg-Zwanenburg,126,5,22
2026-05-22,HZ,Herzogenrath,64,2,0
2026-05-22,HZE,Heeze,71,0,0
2026-05-22,IJT,IJlst,46,1,2
2026-05-22,INNSB,Innsbruck Hbf,1,0,0
2026-05-22,JENBAC,Jenbach,1,0,0
2026-05-22,KARLSR,Karlsruhe Hbf,1,1,0
2026-05-22,KBD,Krabbendijke,70,10,27
2026-05-22,KBK,Klarenbeek,64,0,0
2026-05-22,KBOI,Boisheim,36,7,0
2026-05-22,KBRY,Breyell,36,7,0
2026-05-22,KDBI,Düsseldorf-Bilk,34,5,0
2026-05-22,KDFFH,Düsseldorf Flughafen,32,5,1
2026-05-22,KDUL,Dülken,36,7,0
2026-05-22,KKD,Köln Messe/Deutz,2,2,0
2026-05-22,KKO,Koblenz Hbf,2,2,0
2026-05-22,KLP,Veenendaal-De Klomp,79,2,6
2026-05-22,KMA,Krommenie-Assendelft,117,4,0
2026-05-22,KMR,Klimmen-Ransdaal,78,0,0
2026-05-22,KMW,Koudum-Molkwerum,46,1,2
2026-05-22,KN,Kaldenkirchen,36,7,0
2026-05-22,KOLN,Köln Hbf,17,7,0
2026-05-22,KPN,Kampen,39,0,0
2026-05-22,KPNZ,Kampen Zuid,72,1,0
2026-05-22,KRD,Kerkrade Centrum,38,0,0
2026-05-22,KRG,Kruiningen-Yerseke,70,8,27
2026-05-22,KSB,Siegburg/Bonn,15,5,0
2026-05-22,KTR,Kesteren,62,0,4
2026-05-22,KUFST,Kufstein,1,0,0
2026-05-22,KW,Kropswolde,141,0,0
2026-05-22,KZ,Koog aan de Zaan,117,2,0
2026-05-22,LAA,Den Haag Laan v NOI,283,9,27
2026-05-22,LC,Lochem,72,1,0
2026-05-22,LDL,Leiden Lammenschans,99,4,9
2026-05-22,LDM,Leerdam,72,2,0
2026-05-22,LEDN,Leiden Centraal,524,21,51
2026-05-22,LEER,Leer (Ostfriesl),25,0,0
2026-05-22,LG,Landgraaf,140,14,0
2026-05-22,LILLEE,Lille Europe,7,0,0
2026-05-22,LKP,Kapellen,34,6,1
2026-05-22,LKR,Ekeren,35,7,0
2026-05-22,LLS,Lelystad Centrum,173,8,15
2026-05-22,LLZM,Lansingerland-Zoetermeer,77,0,1
2026-05-22,LP,Loppersum,72,0,0
2026-05-22,LTN,Lunteren,78,0,0
2026-05-22,LTV,Lichtenvoorde-Groenlo,69,0,2
2026-05-22,LUIK,Liège-Guillemins,19,1,0
2026-05-22,LUT,Geleen-Lutterade,76,2,0
2026-05-22,LW,Leeuwarden,212,7,0
2026-05-22,LWC,Leeuwarden Camminghaburen,71,2,0
2026-05-22,MA,Augsburg Hbf,3,1,0
2026-05-22,MANNHE,Mannheim Hbf,4,2,0
2026-05-22,MARIA,Sint-Mariaburg,35,7,0
2026-05-22,MARNE,Marne-la-Vallée-Chessy,1,0,0
2026-05-22,MAS,Maarssen,78,0,3
2026-05-22,MCGB,Mönchengladbach Hbf,35,9,0
2026-05-22,MDB,Middelburg,99,6,30
2026-05-22,MECH,Mechelen,32,8,0
2026-05-22,MES,Meerssen,140,7,0
2026-05-22,MG,Mantgum,68,1,1
2026-05-22,MID,Heide (B),33,4,2
2026-05-22,MMLH,Mook-Molenhoek,96,11,20
2026-05-22,MOP,München Ost,1,0,0
2026-05-22,MP,Meppel,202,13,23
2026-05-22,MRB,Mariënberg,124,11,6
2026-05-22,MRN,Maarn,74,1,1
2026-05-22,MT,Maastricht,240,13,7
2026-05-22,MTH,Martenshoek,141,1,0
2026-05-22,MTN,Maastricht Noord,78,0,0
2026-05-22,MTR,Maastricht Randwyck,114,5,1
2026-05-22,MUNCHH,München Hbf,2,0,0
2026-05-22,MUNST,Münster (Westf) Hbf,16,2,2
2026-05-22,MZ,Maarheeze,71,0,0
2026-05-22,NA,Nieuw Amsterdam,75,4,1
2026-05-22,NDB,Naarden-Bussum,158,5,1
2026-05-22,NDKP,Noorderkempen,32,11,0
2026-05-22,NEUSS,Neuss Hbf,34,6,0
2026-05-22,NH,Nuth,76,1,0
2026-05-22,NKK,Nijkerk,74,0,0
2026-05-22,NM,Nijmegen,277,6,140
2026-05-22,NMD,Nijmegen Dukenburg,98,0,111
2026-05-22,NMGO,Nijmegen Goffert,98,0,111
2026-05-22,NMH,Nijmegen Heyendaal,96,4,20
2026-05-22,NML,Nijmegen Lent,147,0,2
2026-05-22,NS,Nunspeet,74,0,0
2026-05-22,NSCH,Bad Nieuweschans,38,2,0
2026-05-22,NURNB,Nürnberg Hbf,1,1,0
2026-05-22,NVD,Nijverdal,106,5,0
2026-05-22,NVP,Nieuw Vennep,132,3,0
2026-05-22,NWK,Nieuwerkerk a/d IJssel,77,0,1
2026-05-22,O,Oss,165,3,127
2026-05-22,OBD,Obdam,64,1,3
2026-05-22,OBERH,Oberhausen Hbf,53,24,1
2026-05-22,OBERHS,Oberhausen-Sterkrade,35,14,1
2026-05-22,ODB,Oudenbosch,67,3,2
2026-05-22,ODZ,Oldenzaal,70,13,4
2026-05-22,OMN,Ommen,94,15,2
2026-05-22,OP,Opheusden,62,0,4
2026-05-22,OSNH,Osnabrück Hbf,49,25,0
2026-05-22,OST,Olst,74,0,0
2026-05-22,OT,Oisterwijk,70,0,0
2026-05-22,OTB,Oosterbeek,68,0,0
2026-05-22,OVN,Overveen,114,7,12
2026-05-22,OW,Oss West,76,3,16
2026-05-22,PARIS,Paris-Nord,10,0,0
2026-05-22,PMO,Purmerend Overwhere,79,1,0
2026-05-22,PMR,Purmerend,79,1,0
2026-05-22,PMW,Purmerend Weidevenne,79,1,0
2026-05-22,PRAHA,Praha hl.n.,1,0,0
2026-05-22,PT,Putten,74,1,0
2026-05-22,RAI,Amsterdam RAI,160,2,0
2026-05-22,RAT,Raalte,106,4,0
2026-05-22,RB,Rilland-Bath,70,10,27
2026-05-22,RBB,Baden-Baden,1,1,0
2026-05-22,RD,Roodeschool,66,0,0
2026-05-22,RF,Freiburg (Breisgau) Hbf,1,1,0
2026-05-22,RH,Rheden,72,1,0
2026-05-22,RHEINE,Rheine,50,27,0
2026-05-22,RHN,Rhenen,37,0,1
2026-05-22,RL,Ruurlo,69,0,2
2026-05-22,RLB,Rotterdam Lombardijen,138,6,5
2026-05-22,RM,Roermond,181,10,17
2026-05-22,RO,Offenburg,1,1,0
2026-05-22,ROSENH,Rosenheim,1,0,0
2026-05-22,RS,Rosmalen,76,3,16
2026-05-22,RSD,Roosendaal,176,23,40
2026-05-22,RSN,Rijssen,75,2,0
2026-05-22,RSW,Rijswijk,138,2,5
2026-05-22,RTA,Rotterdam Alexander,218,3,3
2026-05-22,RTB,Rotterdam Blaak,275,20,31
2026-05-22,RTD,Rotterdam Centraal,629,54,54
2026-05-22,RTN,Rotterdam Noord,77,1,1
2026-05-22,RTZ,Rotterdam Zuid,138,6,5
2026-05-22,RV,Reuver,73,6,7
2026-05-22,RVS,Ravenstein,70,0,79
2026-05-22,SBK,Spaubeek,76,1,0
2026-05-22,SD,Soestdijk,62,0,8
2026-05-22,SDA,Scheemda,118,3,0
2026-05-22,SDM,Schiedam Centrum,284,11,34
2026-05-22,SDT,Sliedrecht,129,33,6
2026-05-22,SDTB,Sliedrecht Baanhoek,129,56,6
2026-05-22,SGL,Houthem-St. Gerlach,78,0,0
2026-05-22,SGN,Schagen,82,0,13
2026-05-22,SHL,Schiphol Airport,867,55,35
2026-05-22,SK,Sneek,62,3,4
2026-05-22,SKND,Sneek Noord,78,2,3
2026-05-22,SM,Swalmen,70,3,10
2026-05-22,SN,Schinnen,76,1,0
2026-05-22,SOG,Schin op Geul,78,0,0
2026-05-22,SPTN,Santpoort Noord,74,5,6
2026-05-22,SPTZ,Santpoort Zuid,71,4,9
2026-05-22,SRN,Susteren,74,6,0
2026-05-22,SSH,Sassenheim,132,5,0
2026-05-22,ST,Soest,66,1,4
2026-05-22,STD,Sittard,227,15,11
2026-05-22,STM,Stedum,72,0,0
2026-05-22,STP,London St. Pancras Int.,5,0,0
2026-05-22,STV,Stavoren,23,0,1
2026-05-22,STZ,Soest Zuid,70,1,0
2026-05-22,SWD,Sauwerd,148,0,0
2026-05-22,SWK,Steenwijk,141,10,0
2026-05-22,TB,Tilburg,296,17,17
2026-05-22,TBG,Terborg,68,2,26
2026-05-22,TBR,Tilburg Reeshof,74,5,0
2026-05-22,TBU,Tilburg Universiteit,107,1,2
2026-05-22,TG,Tegelen,76,7,4
2026-05-22,TL,Tiel,66,9,4
2026-05-22,TPSW,Tiel Passewaaij,70,14,5
2026-05-22,TS,Stuttgart Hbf,3,1,0
2026-05-22,TU,Ulm Hbf,2,0,0
2026-05-22,TWL,Twello,74,1,0
2026-05-22,UHM,Uithuizermeeden,74,0,0
2026-05-22,UHZ,Uithuizen,74,0,0
2026-05-22,UST,Usquert,74,0,0
2026-05-22,UT,Utrecht Centraal,925,53,57
2026-05-22,UTG,Uitgeest,137,6,3
2026-05-22,UTLN,Utrecht Lunetten,149,10,2
2026-05-22,UTLR,Utrecht Leidsche Rijn,125,0,4
2026-05-22,UTM,Utrecht Maliebaan,8,0,0
2026-05-22,UTO,Utrecht Overvecht,302,5,1
2026-05-22,UTT,Utrecht Terwijde,125,0,4
2026-05-22,UTVR,Utrecht Vaartsche Rijn,223,12,3
2026-05-22,UTZL,Utrecht Zuilen,78,0,3
2026-05-22,VB,Voorburg,77,1,1
2026-05-22,VD,Vorden,69,0,2
2026-05-22,VDL,Voerendaal,78,0,0
2026-05-22,VDM,Veendam,35,0,0
2026-05-22,VEM,Voorst-Empe,64,0,0
2026-05-22,VG,Vught,76,4,2
2026-05-22,VH,Voorhout,69,2,8
2026-05-22,VHP,Vroomshoop,56,1,0
2026-05-22,VIERS,Viersen,36,7,0
2026-05-22,VK,Valkenburg,140,8,0
2026-05-22,VL,Venlo,132,23,9
2026-05-22,VLB,Vierlingsbeek,96,11,20
2026-05-22,VNDC,Veenendaal Centrum,74,0,1
2026-05-22,VNDW,Veenendaal West,74,1,1
2026-05-22,VP,Velp,72,2,0
2026-05-22,VRY,Venray,88,8,13
2026-05-22,VS,Vlissingen,49,8,14
2026-05-22,VSS,Vlissingen Souburg,70,3,27
2026-05-22,VST,Voorschoten,132,1,3
2026-05-22,VSV,Varsseveld,74,6,20
2026-05-22,VTN,Vleuten,125,0,4
2026-05-22,VZ,Vriezenveen,56,1,0
2026-05-22,WAD,Waddinxveen,130,1,0
2026-05-22,WADN,Waddinxveen Noord,130,1,0
2026-05-22,WADT,Waddinxveen Triangel,130,2,0
2026-05-22,WC,Wijchen,83,0,95
2026-05-22,WD,Woerden,263,12,8
2026-05-22,WDN,Wierden,153,3,0
2026-05-22,WESEL,Wesel,35,14,1
2026-05-22,WF,Wolfheze,68,1,0
2026-05-22,WFM,Warffum,74,0,0
2026-05-22,WH,Wijhe,74,0,0
2026-05-22,WK,Workum,46,1,2
2026-05-22,WL,Wehl,130,2,22
2026-05-22,WM,Wormerveer,117,5,0
2026-05-22,WORGL,Wörgl Hbf,1,0,0
2026-05-22,WP,Weesp,295,8,3
2026-05-22,WR,Weener,34,0,0
2026-05-22,WS,Winschoten,80,3,0
2026-05-22,WSM,Winsum,76,0,0
2026-05-22,WT,Weert,145,9,11
2026-05-22,WTV,Westervoort,130,4,22
2026-05-22,WURZB,Würzburg Hbf,1,0,0
2026-05-22,WV,Wolvega,70,3,0
2026-05-22,WW,Winterswijk,72,7,11
2026-05-22,WWW,Winterswijk West,69,2,2
2026-05-22,WZ,Wezep,74,0,0
2026-05-22,YPB,Den Haag Ypenburg,77,0,1
2026-05-22,ZA,Zetten-Andelst,62,0,4
2026-05-22,ZB,Zuidbroek,141,0,0
2026-05-22,ZBM,Zaltbommel,75,9,1
2026-05-22,ZD,Zaandam,390,6,18
2026-05-22,ZDK,Zaandam Kogerveld,79,0,0
2026-05-22,ZH,Zuidhorn,104,4,0
2026-05-22,ZL,Zwolle,455,20,44
2026-05-22,ZLSH,Zwolle Stadshagen,78,0,0
2026-05-22,ZLW,Lage Zwaluwe,146,8,3
2026-05-22,ZP,Zutphen,216,1,1
2026-05-22,ZTM,Zoetermeer,77,0,1
2026-05-22,ZTMO,Zoetermeer Oost,77,0,1
2026-05-22,ZUE,Zürich HB,1,0,0
2026-05-22,ZV,Zevenaar,160,16,30
2026-05-22,ZVB,Zevenbergen,67,2,2
2026-05-22,ZVT,Zandvoort aan Zee,75,2,6
2026-05-22,ZWD,Zwijndrecht,137,7,5
2026-05-22,ZZS,Zaandijk Zaanse Schans,117,5,0
2026-05-23,AC,Abcoude,79,0,0
2026-05-23,ACDG,Airport Charles de Gaulle,2,0,0
2026-05-23,AH,Arnhem Centraal,350,32,16
2026-05-23,AHBF,Aachen Hbf,29,2,2
2026-05-23,AHP,Arnhem Velperpoort,143,7,1
2026-05-23,AHPR,Arnhem Presikhaaf,67,0,0
2026-05-23,AHZ,Arnhem Zuid,140,3,0
2026-05-23,AKL,Arkel,68,0,3
2026-05-23,AKM,Akkrum,38,4,2
2026-05-23,ALM,Almere Centrum,251,27,42
2026-05-23,ALMB,Almere Buiten,152,16,15
2026-05-23,ALMM,Almere Muziekwijk,121,10,7
2026-05-23,ALMO,Almere Oostvaarders,98,10,5
2026-05-23,ALMP,Almere Parkwijk,119,9,7
2026-05-23,AMF,Amersfoort Centraal,448,31,55
2026-05-23,AMFS,Amersfoort Schothorst,156,6,18
2026-05-23,AML,Almelo,196,1,4
2026-05-23,AMPO,Almere Poort,121,10,7
2026-05-23,AMR,Alkmaar,168,8,18
2026-05-23,AMRI,Almelo de Riet,73,0,0
2026-05-23,AMRN,Alkmaar Noord,136,8,12
2026-05-23,ANA,Anna Paulowna,73,5,12
2026-05-23,ANDD,Antwerpen-Noorderdokken,33,3,0
2026-05-23,APD,Apeldoorn,151,9,5
2026-05-23,APDM,Apeldoorn De Maten,34,2,0
2026-05-23,APDO,Apeldoorn Osseveld,38,3,0
2026-05-23,APG,Appingedam,68,0,0
2026-05-23,APN,Alphen a/d Rijn,109,1,9
2026-05-23,ARN,Arnemuiden,66,4,23
2026-05-23,ASA,Amsterdam Amstel,231,10,31
2026-05-23,ASB,Amsterdam Bijlmer ArenA,372,59,65
2026-05-23,ASD,Amsterdam Centraal,634,67,59
2026-05-23,ASDL,Amsterdam Lelylaan,268,42,59
2026-05-23,ASDM,Amsterdam Muiderpoort,135,10,5
2026-05-23,ASDZ,Amsterdam Zuid,418,83,95
2026-05-23,ASHD,Amsterdam Holendrecht,65,0,0
2026-05-23,ASN,Assen,144,17,19
2026-05-23,ASS,Amsterdam Sloterdijk,858,56,88
2026-05-23,ASSP,Amsterdam Science Park,113,3,4
2026-05-23,ATN,Aalten,75,8,0
2026-05-23,ATW,Antwerpen-Centraal,109,29,4
2026-05-23,ATWLB,Antwerpen-Luchtbal,33,4,0
2026-05-23,AVAT,Amersfoort Vathorst,101,4,4
2026-05-23,AW,Aachen West,58,2,4
2026-05-23,BADENZ,Baden (CH),1,1,0
2026-05-23,BASELB,Basel Bad Bf,1,1,0
2026-05-23,BASELS,Basel SBB,1,1,0
2026-05-23,BD,Breda,229,42,98
2026-05-23,BDE,Bunde,74,1,0
2026-05-23,BDG,Bodegraven,72,1,9
2026-05-23,BDM,Bedum,68,0,0
2026-05-23,BDPB,Breda-Prinsenbeek,57,6,14
2026-05-23,BERCH,Antwerpen-Berchem,60,9,2
2026-05-23,BERHBT,Berlin Hbf,12,4,0
2026-05-23,BET,Best,138,8,2
2026-05-23,BF,Baflo,70,5,8
2026-05-23,BGN,Bergen op Zoom,66,6,23
2026-05-23,BH,Bad Bentheim,47,13,1
2026-05-23,BHDV,Boven-Hardinxveld,115,13,7
2026-05-23,BHF,Berlin Ostbahnhof,5,4,1
2026-05-23,BHV,Bilthoven,131,2,6
2026-05-23,BIELEF,Bielefeld Hbf,17,2,0
2026-05-23,BK,Beek-Elsloo,74,1,0
2026-05-23,BKF,Bovenkarspel Flora,74,0,0
2026-05-23,BKG,Bovenkarspel-Grootebroek,74,0,0
2026-05-23,BKL,Breukelen,112,5,5
2026-05-23,BL,Beilen,73,9,0
2026-05-23,BLL,Bloemendaal,76,3,0
2026-05-23,BMN,Brummen,67,0,0
2026-05-23,BMR,Boxmeer,72,9,7
2026-05-23,BN,Borne,73,0,0
2026-05-23,BNC,Barneveld Centrum,116,1,0
2026-05-23,BNK,Bunnik,64,6,10
2026-05-23,BNN,Barneveld Noord,116,3,0
2026-05-23,BNZ,Barneveld Zuid,98,2,0
2026-05-23,BONN,Bonn Hbf,2,2,0
2026-05-23,BP,Buitenpost,97,4,3
2026-05-23,BR,Blerick,136,26,24
2026-05-23,BRD,Barendrecht,109,6,12
2026-05-23,BRESSX,Bressoux,36,4,0
2026-05-23,BRN,Baarn,111,3,2
2026-05-23,BRUSC,Brussel-Centraal,30,3,2
2026-05-23,BRUSN,Brussel-Noord,30,3,2
2026-05-23,BRUSZ,Brussel-Zuid,54,22,1
2026-05-23,BSD,Beesd,68,0,3
2026-05-23,BSK,Boskoop,74,0,0
2026-05-23,BSKS,Boskoop Snijdelwijk,74,0,0
2026-05-23,BSMZ,Bussum Zuid,133,8,3
2026-05-23,BSPD,Berlin-Spandau,12,5,0
2026-05-23,BTL,Boxtel,137,5,2
2026-05-23,BUENDE,Bünde (Westf),48,13,0
2026-05-23,BV,Beverwijk,76,4,0
2026-05-23,BZL,Kapelle-Biezelinge,66,4,23
2026-05-23,CAS,Castricum,199,10,25
2026-05-23,CK,Cuijk,72,8,7
2026-05-23,CL,Culemborg,138,11,18
2026-05-23,CO,Coevorden,72,0,0
2026-05-23,CPS,Capelle Schollevaar,74,4,0
2026-05-23,CVM,Chevremont,74,0,0
2026-05-23,DA,Daarlerveen,45,0,0
2026-05-23,DB,Driebergen-Zeist,135,8,23
2026-05-23,DDN,Delden,65,2,1
2026-05-23,DDR,Dordrecht,253,38,38
2026-05-23,DDRS,Dordrecht Stadspolders,114,13,8
2026-05-23,DDZD,Dordrecht Zuid,93,9,16
2026-05-23,DEI,Deinum,64,0,0
2026-05-23,DID,Didam,77,8,0
2026-05-23,DL,Dalfsen,72,0,0
2026-05-23,DLD,Den Dolder,134,3,3
2026-05-23,DLN,Dalen,40,0,0
2026-05-23,DMN,Diemen,118,4,5
2026-05-23,DMNZ,Diemen Zuid,149,16,5
2026-05-23,DN,Deurne,94,16,21
2026-05-23,DR,Dieren,137,0,0
2026-05-23,DRH,Driehuis,76,2,0
2026-05-23,DRON,Dronten,64,3,5
2026-05-23,DRP,Dronryp,64,1,0
2026-05-23,DT,Delft,323,36,73
2026-05-23,DTC,Doetinchem,75,10,0
2026-05-23,DTCH,Doetinchem De Huet,77,11,0
2026-05-23,DTCP,Delft Campus,114,4,7
2026-05-23,DUISB,Duisburg Hbf,46,13,7
2026-05-23,DUSSEL,Düsseldorf Hbf,46,10,6
2026-05-23,DV,Deventer,205,13,5
2026-05-23,DVC,Deventer Colmschate,38,1,0
2026-05-23,DVD,Duivendrecht,469,42,49
2026-05-23,DVN,Duiven,76,6,1
2026-05-23,DVNK,De Vink,73,10,6
2026-05-23,DWE,De Westereen,66,5,3
2026-05-23,DZ,Delfzijl,34,0,0
2026-05-23,DZW,Delfzijl West,68,0,0
2026-05-23,EABG,Altenberge,36,13,0
2026-05-23,EAHS,Ahaus,26,14,5
2026-05-23,EBFT,Steinfurt-Burgsteinfurt,36,17,0
2026-05-23,EBGO,Steinfurt-Borghorst,36,18,0
2026-05-23,EBOK,Bork (Westf),26,3,4
2026-05-23,EC,Echt,72,7,0
2026-05-23,ECMF,Coesfeld (Westf),26,16,4
2026-05-23,ED,Ede-Wageningen,196,3,18
2026-05-23,EDC,Ede Centrum,80,0,0
2026-05-23,EDD,Dortmund-Derne,26,4,4
2026-05-23,EDKD,Dortmund-Kirchderne,26,5,4
2026-05-23,EDN,Eijsden,36,4,0
2026-05-23,EDO,Dortmund Hbf,11,5,4
2026-05-23,EDULH,Dülmen,22,7,8
2026-05-23,EEM,Eemshaven,27,0,6
2026-05-23,EEPE,Epe (Westf),26,9,5
2026-05-23,EGH,Eygelshoven,74,0,0
2026-05-23,EGHM,Eygelshoven Markt,58,2,3
2026-05-23,EGRK,Steinfurt-Grottenkamp,36,16,0
2026-05-23,EHS,Eindhoven Strijp-S,137,8,2
2026-05-23,EHV,Eindhoven Centraal,317,38,54
2026-05-23,EHW,Rosendahl-Holtwick,26,13,5
2026-05-23,EKZ,Enkhuizen,37,0,0
2026-05-23,EL,Emmerich-Elten,34,16,2
2026-05-23,ELDH,Lüdinghausen,26,5,4
2026-05-23,ELET,Lette (Kr Coesfeld),26,11,4
2026-05-23,ELGD,Legden,26,13,5
2026-05-23,ELUE,Lünen Hbf,26,4,4
2026-05-23,EM,Emmerich,39,12,6
2026-05-23,EML,Ermelo,70,2,1
2026-05-23,EMN,Emmen,36,0,0
2026-05-23,EMNZ,Emmen Zuid,72,1,0
2026-05-23,EMTE,Metelen Land,36,10,0
2026-05-23,ENBE,Münster-Häger,36,10,0
2026-05-23,ENHF,Münster (W) Zentrum Nord,36,16,0
2026-05-23,ENOW,Nordwalde,36,13,0
2026-05-23,EOP,Ochtrup,36,8,0
2026-05-23,EPRA,Praest,33,9,3
2026-05-23,EPRN,Preussen,26,4,4
2026-05-23,ES,Enschede,118,1,5
2026-05-23,ESE,Enschede De Eschmarke,66,0,8
2026-05-23,ESEB,Selm-Beifang,26,4,4
2026-05-23,ESEM,Selm,26,4,4
2026-05-23,ESK,Enschede Kennispark,74,0,0
2026-05-23,ESN,Essen,33,7,0
2026-05-23,EST,Elst,177,4,3
2026-05-23,ETN,Etten-Leur,64,4,26
2026-05-23,FBNL,Brussels Airport-Zaventem,30,5,2
2026-05-23,FFFM,Frankfurt (M) Hbf,8,3,0
2026-05-23,FKTH,Kalmthout,33,5,0
2026-05-23,FMZ,Mainz Hbf,2,2,0
2026-05-23,FN,Franeker,64,0,0
2026-05-23,FNAF,Frankfurt Flughafen Fernb,14,4,2
2026-05-23,FNZD,Antwerpen-Zuid,30,4,0
2026-05-23,FRP,Puurs,15,0,0
2026-05-23,FVS,Visé,36,4,0
2026-05-23,FWD,Feanwâlden,121,6,5
2026-05-23,G,Gronau (Westf.),66,13,5
2026-05-23,GBG,Gramsbergen,40,0,0
2026-05-23,GBR,Glanerbrug,66,1,8
2026-05-23,GD,Gouda,405,16,59
2026-05-23,GDG,Gouda Goverwelle,147,7,8
2026-05-23,GDM,Geldermalsen,173,6,20
2026-05-23,GDR,Gaanderen,75,14,0
2026-05-23,GERP,Groningen Europapark,278,12,22
2026-05-23,GK,Grijpskerk,66,3,3
2026-05-23,GKT,Kijkuit,33,3,0
2026-05-23,GLN,Geleen Oost,74,3,0
2026-05-23,GN,Groningen,332,16,28
2026-05-23,GND,Hardinxveld-Giessendam,115,18,7
2026-05-23,GNN,Groningen Noord,138,4,8
2026-05-23,GO,Goor,65,1,1
2026-05-23,GP,Geldrop,64,1,1
2026-05-23,GR,Gorinchem,91,7,5
2026-05-23,GS,Goes,66,4,23
2026-05-23,GV,Den Haag HS,323,32,75
2026-05-23,GVC,Den Haag Centraal,266,24,75
2026-05-23,GVM,Den Haag Mariahoeve,76,10,6
2026-05-23,GVMW,Den Haag Moerwijk,114,4,7
2026-05-23,GW,Grou-Jirnsum,38,4,2
2026-05-23,GWD,Wildert,33,3,0
2026-05-23,GZ,Gilze-Rijen,56,9,18
2026-05-23,HAD,Heemstede-Aerdenhout,207,11,4
2026-05-23,HANN,Hannover Hbf,13,7,0
2026-05-23,HB,Hoensbroek,74,5,0
2026-05-23,HBZM,Hardinxveld Blauwe Zoom,70,10,3
2026-05-23,HD,Harderwijk,70,2,1
2026-05-23,HDB,Hardenberg,94,0,0
2026-05-23,HDE,'t Harde,65,1,6
2026-05-23,HDG,Hurdegaryp,66,4,3
2026-05-23,HDR,Den Helder,36,3,7
2026-05-23,HDRZ,Den Helder Zuid,73,4,12
2026-05-23,HFD,Hoofddorp,224,57,57
2026-05-23,HGL,Hengelo,257,10,6
2026-05-23,HGLG,Hengelo Gezondheidspark,65,3,1
2026-05-23,HGLO,Hengelo Oost,71,4,1
2026-05-23,HGV,Hoogeveen,73,8,0
2026-05-23,HGZ,Hoogezand-Sappemeer,127,6,13
2026-05-23,HIL,Hillegom,70,2,0
2026-05-23,HK,Heemskerk,76,4,0
2026-05-23,HKS,Hoogkarspel,74,0,0
2026-05-23,HLG,Harlingen,64,0,0
2026-05-23,HLGH,Harlingen Haven,32,0,0
2026-05-23,HLM,Haarlem,364,13,11
2026-05-23,HLMS,Haarlem Spaarnwoude,143,4,4
2026-05-23,HLO,Heiloo,147,6,14
2026-05-23,HM,Helmond,124,21,25
2026-05-23,HMBH,Helmond Brouwhuis,61,5,7
2026-05-23,HMBV,Helmond Brandevoort,61,8,7
2026-05-23,HMH,Helmond 't Hout,61,7,7
2026-05-23,HMN,Hemmen-Dodewaard,34,1,0
2026-05-23,HN,Hoorn,172,2,6
2026-05-23,HNK,Hoorn Kersenboogerd,106,1,4
2026-05-23,HNO,Heino,72,0,0
2026-05-23,HNP,Hindeloopen,36,0,0
2026-05-23,HOHT,Osnabrück Altstadt,34,6,0
2026-05-23,HON,Holten,38,1,0
2026-05-23,HOR,Hollandsche Rading,78,2,2
2026-05-23,HR,Heerenveen,105,10,18
2026-05-23,HRL,Heerlen,191,12,2
2026-05-23,HRLW,Heerlen Woonboulevard,74,2,0
2026-05-23,HRN,Haren,76,5,0
2026-05-23,HRT,Horst-Sevenum,64,14,17
2026-05-23,HT,'s-Hertogenbosch,373,37,170
2026-05-23,HTN,Houten,132,8,24
2026-05-23,HTNC,Houten Castellum,138,7,18
2026-05-23,HTO,'s-Hertogenbosch Oost,74,0,74
2026-05-23,HVL,Hoevelaken,116,3,0
2026-05-23,HVS,Hilversum,316,24,15
2026-05-23,HVSM,Hilversum Media Park,133,7,3
2026-05-23,HVSP,Hilversum Sportpark,120,5,10
2026-05-23,HWD,Heerhugowaard,136,9,12
2026-05-23,HWZB,Halfweg-Zwanenburg,143,3,4
2026-05-23,HZ,Herzogenrath,58,2,4
2026-05-23,HZE,Heeze,64,1,1
2026-05-23,IJT,IJlst,36,0,0
2026-05-23,INNSB,Innsbruck Hbf,0,0,1
2026-05-23,JENBAC,Jenbach,0,0,1
2026-05-23,KARLSR,Karlsruhe Hbf,1,1,0
2026-05-23,KBD,Krabbendijke,66,4,23
2026-05-23,KBK,Klarenbeek,34,2,0
2026-05-23,KBOI,Boisheim,35,4,1
2026-05-23,KBRY,Breyell,34,6,2
2026-05-23,KDBI,Düsseldorf-Bilk,34,2,0
2026-05-23,KDFFH,Düsseldorf Flughafen,31,3,3
2026-05-23,KDUL,Dülken,36,4,0
2026-05-23,KKD,Köln Messe/Deutz,2,1,0
2026-05-23,KKO,Koblenz Hbf,2,2,0
2026-05-23,KLP,Veenendaal-De Klomp,71,2,13
2026-05-23,KMA,Krommenie-Assendelft,106,1,0
2026-05-23,KMR,Klimmen-Ransdaal,74,1,0
2026-05-23,KMW,Koudum-Molkwerum,36,0,0
2026-05-23,KN,Kaldenkirchen,34,6,2
2026-05-23,KOLN,Köln Hbf,15,7,2
2026-05-23,KPN,Kampen,36,0,1
2026-05-23,KPNZ,Kampen Zuid,63,3,7
2026-05-23,KRD,Kerkrade Centrum,37,0,0
2026-05-23,KRG,Kruiningen-Yerseke,66,4,23
2026-05-23,KSB,Siegburg/Bonn,12,4,2
2026-05-23,KTR,Kesteren,34,1,0
2026-05-23,KUFST,Kufstein,0,0,1
2026-05-23,KW,Kropswolde,127,6,13
2026-05-23,KZ,Koog aan de Zaan,106,0,0
2026-05-23,LAA,Den Haag Laan v NOI,209,32,30
2026-05-23,LC,Lochem,63,1,1
2026-05-23,LDL,Leiden Lammenschans,72,2,9
2026-05-23,LDM,Leerdam,68,0,3
2026-05-23,LEDN,Leiden Centraal,407,53,69
2026-05-23,LEER,Leer (Ostfriesl),25,0,0
2026-05-23,LG,Landgraaf,132,9,3
2026-05-23,LILLEE,Lille Europe,5,1,0
2026-05-23,LKP,Kapellen,33,3,0
2026-05-23,LKR,Ekeren,33,3,0
2026-05-23,LLS,Lelystad Centrum,154,20,26
2026-05-23,LLZM,Lansingerland-Zoetermeer,72,1,8
2026-05-23,LP,Loppersum,68,0,0
2026-05-23,LTN,Lunteren,80,0,0
2026-05-23,LTV,Lichtenvoorde-Groenlo,54,1,0
2026-05-23,LUIK,Liège-Guillemins,18,3,0
2026-05-23,LUT,Geleen-Lutterade,74,1,0
2026-05-23,LW,Leeuwarden,179,11,10
2026-05-23,LWC,Leeuwarden Camminghaburen,66,4,3
2026-05-23,MA,Augsburg Hbf,2,0,1
2026-05-23,MANNHE,Mannheim Hbf,2,1,2
2026-05-23,MARIA,Sint-Mariaburg,33,3,0
2026-05-23,MARNE,Marne-la-Vallée-Chessy,1,0,0
2026-05-23,MAS,Maarssen,72,3,9
2026-05-23,MCGB,Mönchengladbach Hbf,37,4,0
2026-05-23,MDB,Middelburg,66,4,23
2026-05-23,MECH,Mechelen,30,6,2
2026-05-23,MES,Meerssen,134,7,0
2026-05-23,MG,Mantgum,65,0,0
2026-05-23,MID,Heide (B),33,3,0
2026-05-23,MMLH,Mook-Molenhoek,72,8,7
2026-05-23,MOP,München Ost,0,0,1
2026-05-23,MP,Meppel,178,22,18
2026-05-23,MRB,Mariënberg,117,0,0
2026-05-23,MRN,Maarn,70,5,4
2026-05-23,MT,Maastricht,230,13,7
2026-05-23,MTH,Martenshoek,127,6,13
2026-05-23,MTN,Maastricht Noord,74,2,0
2026-05-23,MTR,Maastricht Randwyck,109,5,1
2026-05-23,MUNCHH,München Hbf,1,0,1
2026-05-23,MUNST,Münster (Westf) Hbf,18,9,0
2026-05-23,MZ,Maarheeze,64,1,1
2026-05-23,NA,Nieuw Amsterdam,72,1,0
2026-05-23,NDB,Naarden-Bussum,153,8,3
2026-05-23,NDKP,Noorderkempen,30,8,2
2026-05-23,NEUSS,Neuss Hbf,34,2,0
2026-05-23,NH,Nuth,74,5,0
2026-05-23,NKK,Nijkerk,70,2,1
2026-05-23,NM,Nijmegen,252,11,114
2026-05-23,NMD,Nijmegen Dukenburg,75,0,75
2026-05-23,NMGO,Nijmegen Goffert,75,0,75
2026-05-23,NMH,Nijmegen Heyendaal,72,8,7
2026-05-23,NML,Nijmegen Lent,140,3,0
2026-05-23,NS,Nunspeet,70,2,1
2026-05-23,NSCH,Bad Nieuweschans,30,4,6
2026-05-23,NURNB,Nürnberg Hbf,0,0,1
2026-05-23,NVD,Nijverdal,72,0,0
2026-05-23,NVP,Nieuw Vennep,74,20,4
2026-05-23,NWK,Nieuwerkerk a/d IJssel,74,4,0
2026-05-23,O,Oss,149,0,149
2026-05-23,OBD,Obdam,62,1,0
2026-05-23,OBERH,Oberhausen Hbf,46,16,8
2026-05-23,OBERHS,Oberhausen-Sterkrade,33,8,4
2026-05-23,ODB,Oudenbosch,38,2,0
2026-05-23,ODZ,Oldenzaal,70,7,0
2026-05-23,OMN,Ommen,72,0,0
2026-05-23,OP,Opheusden,34,1,0
2026-05-23,OSNH,Osnabrück Hbf,48,10,0
2026-05-23,OST,Olst,70,2,0
2026-05-23,OT,Oisterwijk,64,3,1
2026-05-23,OTB,Oosterbeek,36,1,0
2026-05-23,OVN,Overveen,126,5,2
2026-05-23,OW,Oss West,74,0,74
2026-05-23,PARIS,Paris-Nord,9,4,0
2026-05-23,PMO,Purmerend Overwhere,72,3,4
2026-05-23,PMR,Purmerend,73,2,3
2026-05-23,PMW,Purmerend Weidevenne,73,3,3
2026-05-23,PT,Putten,70,2,1
2026-05-23,RAI,Amsterdam RAI,153,17,6
2026-05-23,RAT,Raalte,72,0,0
2026-05-23,RB,Rilland-Bath,66,4,23
2026-05-23,RBB,Baden-Baden,1,1,0
2026-05-23,RD,Roodeschool,62,1,9
2026-05-23,RF,Freiburg (Breisgau) Hbf,1,1,0
2026-05-23,RH,Rheden,67,0,0
2026-05-23,RHEINE,Rheine,47,12,1
2026-05-23,RHN,Rhenen,35,2,2
2026-05-23,RL,Ruurlo,54,1,0
2026-05-23,RLB,Rotterdam Lombardijen,111,7,10
2026-05-23,RM,Roermond,166,11,22
2026-05-23,RO,Offenburg,1,1,0
2026-05-23,ROSENH,Rosenheim,0,0,1
2026-05-23,RS,Rosmalen,74,0,74
2026-05-23,RSD,Roosendaal,135,17,26
2026-05-23,RSN,Rijssen,38,0,0
2026-05-23,RSW,Rijswijk,114,4,7
2026-05-23,RTA,Rotterdam Alexander,191,9,13
2026-05-23,RTB,Rotterdam Blaak,229,34,41
2026-05-23,RTD,Rotterdam Centraal,547,104,99
2026-05-23,RTN,Rotterdam Noord,74,3,0
2026-05-23,RTZ,Rotterdam Zuid,113,10,8
2026-05-23,RV,Reuver,60,5,19
2026-05-23,RVS,Ravenstein,75,0,75
2026-05-23,SBK,Spaubeek,74,4,0
2026-05-23,SD,Soestdijk,64,0,2
2026-05-23,SDA,Scheemda,69,10,37
2026-05-23,SDM,Schiedam Centrum,250,27,31
2026-05-23,SDT,Sliedrecht,114,15,8
2026-05-23,SDTB,Sliedrecht Baanhoek,113,22,9
2026-05-23,SGL,Houthem-St. Gerlach,74,2,0
2026-05-23,SGN,Schagen,73,8,12
2026-05-23,SHL,Schiphol Airport,686,176,172
2026-05-23,SK,Sneek,50,0,0
2026-05-23,SKND,Sneek Noord,65,0,0
2026-05-23,SM,Swalmen,60,6,19
2026-05-23,SN,Schinnen,74,5,0
2026-05-23,SOG,Schin op Geul,74,1,0
2026-05-23,SPTN,Santpoort Noord,76,3,0
2026-05-23,SPTZ,Santpoort Zuid,76,2,0
2026-05-23,SRN,Susteren,72,7,0
2026-05-23,SSH,Sassenheim,74,20,4
2026-05-23,ST,Soest,64,2,2
2026-05-23,STD,Sittard,215,10,12
2026-05-23,STM,Stedum,68,0,0
2026-05-23,STP,London St. Pancras Int.,3,0,0
2026-05-23,STV,Stavoren,18,0,0
2026-05-23,STZ,Soest Zuid,64,1,2
2026-05-23,SWD,Sauwerd,138,4,8
2026-05-23,SWK,Steenwijk,105,10,18
2026-05-23,TB,Tilburg,242,33,97
2026-05-23,TBG,Terborg,75,10,0
2026-05-23,TBR,Tilburg Reeshof,56,10,18
2026-05-23,TBU,Tilburg Universiteit,86,10,20
2026-05-23,TG,Tegelen,57,8,22
2026-05-23,TL,Tiel,52,3,4
2026-05-23,TPSW,Tiel Passewaaij,68,5,10
2026-05-23,TS,Stuttgart Hbf,1,0,2
2026-05-23,TU,Ulm Hbf,1,0,1
2026-05-23,TWL,Twello,38,2,0
2026-05-23,UHM,Uithuizermeeden,70,1,8
2026-05-23,UHZ,Uithuizen,70,1,8
2026-05-23,UST,Usquert,70,1,8
2026-05-23,UT,Utrecht Centraal,753,53,184
2026-05-23,UTG,Uitgeest,132,1,0
2026-05-23,UTLN,Utrecht Lunetten,126,3,30
2026-05-23,UTLR,Utrecht Leidsche Rijn,65,0,14
2026-05-23,UTM,Utrecht Maliebaan,7,0,1
2026-05-23,UTO,Utrecht Overvecht,255,6,28
2026-05-23,UTT,Utrecht Terwijde,68,2,11
2026-05-23,UTVR,Utrecht Vaartsche Rijn,192,10,40
2026-05-23,UTZL,Utrecht Zuilen,71,4,9
2026-05-23,VB,Voorburg,72,1,8
2026-05-23,VD,Vorden,54,1,0
2026-05-23,VDL,Voerendaal,74,2,0
2026-05-23,VDM,Veendam,33,1,0
2026-05-23,VEM,Voorst-Empe,34,3,0
2026-05-23,VG,Vught,73,4,1
2026-05-23,VH,Voorhout,70,2,0
2026-05-23,VHP,Vroomshoop,45,0,0
2026-05-23,VIERS,Viersen,36,5,0
2026-05-23,VK,Valkenburg,134,4,0
2026-05-23,VL,Venlo,115,20,25
2026-05-23,VLB,Vierlingsbeek,72,11,7
2026-05-23,VNDC,Veenendaal Centrum,70,6,4
2026-05-23,VNDW,Veenendaal West,70,5,4
2026-05-23,VP,Velp,67,0,0
2026-05-23,VRY,Venray,72,10,7
2026-05-23,VS,Vlissingen,32,2,12
2026-05-23,VSS,Vlissingen Souburg,66,3,23
2026-05-23,VST,Voorschoten,73,10,6
2026-05-23,VSV,Varsseveld,75,12,0
2026-05-23,VTN,Vleuten,71,2,8
2026-05-23,VZ,Vriezenveen,45,0,0
2026-05-23,WAD,Waddinxveen,74,0,0
2026-05-23,WADN,Waddinxveen Noord,74,0,0
2026-05-23,WADT,Waddinxveen Triangel,74,0,0
2026-05-23,WC,Wijchen,75,0,75
2026-05-23,WD,Woerden,216,13,20
2026-05-23,WDN,Wierden,110,0,0
2026-05-23,WESEL,Wesel,33,9,3
2026-05-23,WF,Wolfheze,36,1,0
2026-05-23,WFM,Warffum,70,3,8
2026-05-23,WH,Wijhe,70,2,0
2026-05-23,WK,Workum,36,0,0
2026-05-23,WL,Wehl,77,7,0
2026-05-23,WM,Wormerveer,106,1,0
2026-05-23,WORGL,Wörgl Hbf,0,0,1
2026-05-23,WP,Weesp,275,21,10
2026-05-23,WR,Weener,34,0,0
2026-05-23,WS,Winschoten,48,6,23
2026-05-23,WSM,Winsum,70,5,8
2026-05-23,WT,Weert,133,12,13
2026-05-23,WTV,Westervoort,76,6,1
2026-05-23,WURZB,Würzburg Hbf,1,0,0
2026-05-23,WV,Wolvega,38,4,2
2026-05-23,WW,Winterswijk,65,5,0
2026-05-23,WWW,Winterswijk West,54,1,0
2026-05-23,WZ,Wezep,60,1,11
2026-05-23,YPB,Den Haag Ypenburg,72,1,8
2026-05-23,ZA,Zetten-Andelst,34,1,0
2026-05-23,ZB,Zuidbroek,120,9,22
2026-05-23,ZBM,Zaltbommel,68,1,10
2026-05-23,ZD,Zaandam,366,8,28
2026-05-23,ZDK,Zaandam Kogerveld,73,3,3
2026-05-23,ZH,Zuidhorn,93,4,5
2026-05-23,ZL,Zwolle,395,18,50
2026-05-23,ZLSH,Zwolle Stadshagen,72,0,2
2026-05-23,ZLW,Lage Zwaluwe,94,7,15
2026-05-23,ZP,Zutphen,196,2,1
2026-05-23,ZTM,Zoetermeer,72,2,8
2026-05-23,ZTMO,Zoetermeer Oost,72,1,8
2026-05-23,ZUE,Zürich HB,1,1,0
2026-05-23,ZV,Zevenaar,111,22,2
2026-05-23,ZVB,Zevenbergen,38,2,0
2026-05-23,ZVT,Zandvoort aan Zee,81,3,1
2026-05-23,ZWD,Zwijndrecht,109,10,12
2026-05-23,ZZS,Zaandijk Zaanse Schans,106,2,0
2026-05-24,AC,Abcoude,73,0,0
2026-05-24,ACDG,Airport Charles de Gaulle,4,0,0
2026-05-24,AH,Arnhem Centraal,318,25,11
2026-05-24,AHBF,Aachen Hbf,25,0,0
2026-05-24,AHP,Arnhem Velperpoort,101,9,2
2026-05-24,AHPR,Arnhem Presikhaaf,35,2,0
2026-05-24,AHZ,Arnhem Zuid,130,4,2
2026-05-24,AKL,Arkel,60,0,0
2026-05-24,AKM,Akkrum,36,1,0
2026-05-24,ALM,Almere Centrum,234,16,9
2026-05-24,ALMB,Almere Buiten,118,6,0
2026-05-24,ALMM,Almere Muziekwijk,117,6,0
2026-05-24,ALMO,Almere Oostvaarders,96,5,0
2026-05-24,ALMP,Almere Parkwijk,117,6,0
2026-05-24,AMF,Amersfoort Centraal,408,18,28
2026-05-24,AMFS,Amersfoort Schothorst,149,4,12
2026-05-24,AML,Almelo,176,4,0
2026-05-24,AMPO,Almere Poort,118,6,0
2026-05-24,AMR,Alkmaar,164,8,27
2026-05-24,AMRI,Almelo de Riet,67,0,0
2026-05-24,AMRN,Alkmaar Noord,129,3,23
2026-05-24,ANA,Anna Paulowna,71,2,23
2026-05-24,ANDD,Antwerpen-Noorderdokken,33,2,0
2026-05-24,APD,Apeldoorn,141,3,1
2026-05-24,APDM,Apeldoorn De Maten,34,0,0
2026-05-24,APDO,Apeldoorn Osseveld,32,0,2
2026-05-24,APG,Appingedam,38,2,0
2026-05-24,APN,Alphen a/d Rijn,105,1,12
2026-05-24,ARN,Arnemuiden,67,4,2
2026-05-24,ASA,Amsterdam Amstel,228,10,32
2026-05-24,ASB,Amsterdam Bijlmer ArenA,367,32,83
2026-05-24,ASD,Amsterdam Centraal,627,47,39
2026-05-24,ASDL,Amsterdam Lelylaan,315,1,1
2026-05-24,ASDM,Amsterdam Muiderpoort,132,14,0
2026-05-24,ASDZ,Amsterdam Zuid,442,35,58
2026-05-24,ASHD,Amsterdam Holendrecht,73,0,0
2026-05-24,ASN,Assen,129,0,0
2026-05-24,ASS,Amsterdam Sloterdijk,862,26,33
2026-05-24,ASSP,Amsterdam Science Park,109,10,0
2026-05-24,ATN,Aalten,59,4,2
2026-05-24,ATW,Antwerpen-Centraal,117,13,3
2026-05-24,ATWLB,Antwerpen-Luchtbal,33,3,0
2026-05-24,AVAT,Amersfoort Vathorst,95,2,1
2026-05-24,AW,Aachen West,50,0,0
2026-05-24,BADENZ,Baden (CH),1,0,0
2026-05-24,BASELB,Basel Bad Bf,1,0,0
2026-05-24,BASELS,Basel SBB,1,0,0
2026-05-24,BD,Breda,248,11,11
2026-05-24,BDE,Bunde,70,1,0
2026-05-24,BDG,Bodegraven,70,1,12
2026-05-24,BDM,Bedum,38,1,0
2026-05-24,BDPB,Breda-Prinsenbeek,63,1,1
2026-05-24,BERCH,Antwerpen-Berchem,62,4,0
2026-05-24,BERHBT,Berlin Hbf,12,3,0
2026-05-24,BET,Best,129,10,0
2026-05-24,BF,Baflo,34,0,5
2026-05-24,BGN,Bergen op Zoom,67,1,2
2026-05-24,BH,Bad Bentheim,45,7,7
2026-05-24,BHDV,Boven-Hardinxveld,75,0,0
2026-05-24,BHF,Berlin Ostbahnhof,6,3,0
2026-05-24,BHV,Bilthoven,129,2,0
2026-05-24,BIELEF,Bielefeld Hbf,13,0,3
2026-05-24,BK,Beek-Elsloo,70,1,0
2026-05-24,BKF,Bovenkarspel Flora,66,0,0
2026-05-24,BKG,Bovenkarspel-Grootebroek,66,0,0
2026-05-24,BKL,Breukelen,111,2,0
2026-05-24,BL,Beilen,62,0,0
2026-05-24,BLL,Bloemendaal,72,0,0
2026-05-24,BMN,Brummen,35,2,0
2026-05-24,BMR,Boxmeer,68,2,0
2026-05-24,BN,Borne,67,0,0
2026-05-24,BNC,Barneveld Centrum,67,0,1
2026-05-24,BNK,Bunnik,68,0,0
2026-05-24,BNN,Barneveld Noord,67,2,1
2026-05-24,BNZ,Barneveld Zuid,54,1,14
2026-05-24,BONN,Bonn Hbf,2,1,0
2026-05-24,BP,Buitenpost,70,2,0
2026-05-24,BR,Blerick,131,10,25
2026-05-24,BRD,Barendrecht,73,0,2
2026-05-24,BRESSX,Bressoux,34,3,0
2026-05-24,BRN,Baarn,103,6,11
2026-05-24,BRUSC,Brussel-Centraal,32,1,0
2026-05-24,BRUSN,Brussel-Noord,32,1,0
2026-05-24,BRUSZ,Brussel-Zuid,63,12,1
2026-05-24,BSD,Beesd,60,0,0
2026-05-24,BSK,Boskoop,70,2,0
2026-05-24,BSKS,Boskoop Snijdelwijk,70,3,0
2026-05-24,BSMZ,Bussum Zuid,119,12,18
2026-05-24,BSPD,Berlin-Spandau,12,5,0
2026-05-24,BTL,Boxtel,129,8,0
2026-05-24,BUENDE,Bünde (Westf),40,9,6
2026-05-24,BV,Beverwijk,72,0,0
2026-05-24,BZL,Kapelle-Biezelinge,67,3,2
2026-05-24,CAS,Castricum,197,10,29
2026-05-24,CK,Cuijk,68,0,0
2026-05-24,CL,Culemborg,112,0,49
2026-05-24,CO,Coevorden,62,0,6
2026-05-24,CPS,Capelle Schollevaar,70,3,0
2026-05-24,CVM,Chevremont,70,0,0
2026-05-24,DA,Daarlerveen,33,1,0
2026-05-24,DB,Driebergen-Zeist,136,3,6
2026-05-24,DDN,Delden,50,0,0
2026-05-24,DDR,Dordrecht,218,3,15
2026-05-24,DDRS,Dordrecht Stadspolders,75,0,0
2026-05-24,DDZD,Dordrecht Zuid,100,3,1
2026-05-24,DEI,Deinum,60,0,0
2026-05-24,DID,Didam,66,5,2
2026-05-24,DL,Dalfsen,49,1,19
2026-05-24,DLD,Den Dolder,129,2,0
2026-05-24,DLN,Dalen,33,0,3
2026-05-24,DMN,Diemen,115,10,0
2026-05-24,DMNZ,Diemen Zuid,144,7,11
2026-05-24,DN,Deurne,82,8,25
2026-05-24,DR,Dieren,103,2,0
2026-05-24,DRH,Driehuis,72,0,0
2026-05-24,DRON,Dronten,61,2,0
2026-05-24,DRP,Dronryp,60,0,0
2026-05-24,DT,Delft,271,8,35
2026-05-24,DTC,Doetinchem,62,2,2
2026-05-24,DTCH,Doetinchem De Huet,66,3,2
2026-05-24,DTCP,Delft Campus,75,0,2
2026-05-24,DUISB,Duisburg Hbf,51,10,0
2026-05-24,DUSSEL,Düsseldorf Hbf,49,8,0
2026-05-24,DV,Deventer,193,4,1
2026-05-24,DVC,Deventer Colmschate,34,0,0
2026-05-24,DVD,Duivendrecht,486,23,18
2026-05-24,DVN,Duiven,66,5,2
2026-05-24,DVNK,De Vink,77,0,0
2026-05-24,DWE,De Westereen,38,1,0
2026-05-24,DZ,Delfzijl,19,2,0
2026-05-24,DZW,Delfzijl West,37,1,1
2026-05-24,EABG,Altenberge,32,7,1
2026-05-24,EAHS,Ahaus,25,15,3
2026-05-24,EBFT,Steinfurt-Burgsteinfurt,32,7,1
2026-05-24,EBGO,Steinfurt-Borghorst,32,7,1
2026-05-24,EBOK,Bork (Westf),24,5,3
2026-05-24,EC,Echt,68,2,2
2026-05-24,ECMF,Coesfeld (Westf),24,16,3
2026-05-24,ED,Ede-Wageningen,174,3,24
2026-05-24,EDC,Ede Centrum,41,0,27
2026-05-24,EDD,Dortmund-Derne,24,5,3
2026-05-24,EDKD,Dortmund-Kirchderne,24,6,3
2026-05-24,EDN,Eijsden,34,3,0
2026-05-24,EDO,Dortmund Hbf,11,4,3
2026-05-24,EDULH,Dülmen,24,15,3
2026-05-24,EEM,Eemshaven,13,0,1
2026-05-24,EEPE,Epe (Westf),25,8,3
2026-05-24,EGH,Eygelshoven,70,0,0
2026-05-24,EGHM,Eygelshoven Markt,50,0,0
2026-05-24,EGRK,Steinfurt-Grottenkamp,32,6,1
2026-05-24,EHS,Eindhoven Strijp-S,129,9,0
2026-05-24,EHV,Eindhoven Centraal,272,23,49
2026-05-24,EHW,Rosendahl-Holtwick,25,15,3
2026-05-24,EKZ,Enkhuizen,33,0,0
2026-05-24,EL,Emmerich-Elten,35,10,0
2026-05-24,ELDH,Lüdinghausen,24,6,3
2026-05-24,ELET,Lette (Kr Coesfeld),24,16,3
2026-05-24,ELGD,Legden,25,14,3
2026-05-24,ELUE,Lünen Hbf,24,6,3
2026-05-24,EM,Emmerich,44,7,0
2026-05-24,EML,Ermelo,67,0,0
2026-05-24,EMN,Emmen,31,0,3
2026-05-24,EMNZ,Emmen Zuid,62,0,6
2026-05-24,EMTE,Metelen Land,32,3,1
2026-05-24,ENBE,Münster-Häger,32,5,1
2026-05-24,ENHF,Münster (W) Zentrum Nord,32,5,1
2026-05-24,ENOW,Nordwalde,32,6,1
2026-05-24,EOP,Ochtrup,32,4,1
2026-05-24,EPRA,Praest,35,5,0
2026-05-24,EPRN,Preussen,24,5,3
2026-05-24,ES,Enschede,108,1,4
2026-05-24,ESE,Enschede De Eschmarke,60,2,8
2026-05-24,ESEB,Selm-Beifang,24,5,3
2026-05-24,ESEM,Selm,24,4,3
2026-05-24,ESK,Enschede Kennispark,68,0,0
2026-05-24,ESN,Essen,32,1,1
2026-05-24,EST,Elst,159,6,8
2026-05-24,ETN,Etten-Leur,69,2,2
2026-05-24,FBNL,Brussels Airport-Zaventem,32,2,0
2026-05-24,FFFM,Frankfurt (M) Hbf,8,0,0
2026-05-24,FKTH,Kalmthout,33,2,0
2026-05-24,FMZ,Mainz Hbf,2,1,0
2026-05-24,FN,Franeker,60,0,0
2026-05-24,FNAF,Frankfurt Flughafen Fernb,16,5,0
2026-05-24,FNZD,Antwerpen-Zuid,30,1,0
2026-05-24,FRP,Puurs,15,0,0
2026-05-24,FVS,Visé,34,3,0
2026-05-24,FWD,Feanwâlden,70,1,0
2026-05-24,G,Gronau (Westf.),61,12,4
2026-05-24,GBG,Gramsbergen,33,0,3
2026-05-24,GBR,Glanerbrug,60,3,8
2026-05-24,GD,Gouda,398,6,17
2026-05-24,GDG,Gouda Goverwelle,140,6,12
2026-05-24,GDM,Geldermalsen,151,5,39
2026-05-24,GDR,Gaanderen,59,5,2
2026-05-24,GERP,Groningen Europapark,187,3,1
2026-05-24,GK,Grijpskerk,38,1,0
2026-05-24,GKT,Kijkuit,33,2,0
2026-05-24,GLN,Geleen Oost,70,2,0
2026-05-24,GN,Groningen,213,4,3
2026-05-24,GND,Hardinxveld-Giessendam,75,1,0
2026-05-24,GNN,Groningen Noord,72,2,5
2026-05-24,GO,Goor,49,0,0
2026-05-24,GP,Geldrop,34,0,0
2026-05-24,GR,Gorinchem,67,0,0
2026-05-24,GS,Goes,67,4,2
2026-05-24,GSB,Berlin Gesundbrunnen,1,0,0
2026-05-24,GV,Den Haag HS,270,8,37
2026-05-24,GVC,Den Haag Centraal,252,4,15
2026-05-24,GVM,Den Haag Mariahoeve,77,0,0
2026-05-24,GVMW,Den Haag Moerwijk,75,0,2
2026-05-24,GW,Grou-Jirnsum,36,2,0
2026-05-24,GWD,Wildert,33,1,0
2026-05-24,GZ,Gilze-Rijen,64,1,1
2026-05-24,HAD,Heemstede-Aerdenhout,182,6,1
2026-05-24,HANN,Hannover Hbf,15,6,0
2026-05-24,HB,Hoensbroek,70,3,0
2026-05-24,HBZM,Hardinxveld Blauwe Zoom,61,0,0
2026-05-24,HD,Harderwijk,67,0,0
2026-05-24,HDB,Hardenberg,76,0,7
2026-05-24,HDE,'t Harde,67,0,0
2026-05-24,HDG,Hurdegaryp,38,1,0
2026-05-24,HDR,Den Helder,35,3,13
2026-05-24,HDRZ,Den Helder Zuid,71,3,23
2026-05-24,HFD,Hoofddorp,270,7,5
2026-05-24,HGL,Hengelo,226,5,4
2026-05-24,HGLG,Hengelo Gezondheidspark,50,0,0
2026-05-24,HGLO,Hengelo Oost,50,0,0
2026-05-24,HGV,Hoogeveen,62,1,0
2026-05-24,HGZ,Hoogezand-Sappemeer,76,3,1
2026-05-24,HIL,Hillegom,63,6,0
2026-05-24,HK,Heemskerk,72,0,0
2026-05-24,HKS,Hoogkarspel,66,0,0
2026-05-24,HLG,Harlingen,60,0,0
2026-05-24,HLGH,Harlingen Haven,30,0,0
2026-05-24,HLM,Haarlem,339,4,1
2026-05-24,HLMS,Haarlem Spaarnwoude,139,1,0
2026-05-24,HLO,Heiloo,146,5,23
2026-05-24,HM,Helmond,99,10,25
2026-05-24,HMBH,Helmond Brouwhuis,36,3,0
2026-05-24,HMBV,Helmond Brandevoort,36,4,0
2026-05-24,HMH,Helmond 't Hout,36,4,0
2026-05-24,HMN,Hemmen-Dodewaard,30,0,0
2026-05-24,HN,Hoorn,164,0,0
2026-05-24,HNK,Hoorn Kersenboogerd,99,0,0
2026-05-24,HNO,Heino,66,0,0
2026-05-24,HNP,Hindeloopen,30,0,0
2026-05-24,HOHT,Osnabrück Altstadt,26,4,6
2026-05-24,HON,Holten,34,0,0
2026-05-24,HOR,Hollandsche Rading,75,5,0
2026-05-24,HR,Heerenveen,100,3,2
2026-05-24,HRL,Heerlen,177,2,0
2026-05-24,HRLW,Heerlen Woonboulevard,72,0,0
2026-05-24,HRN,Haren,63,0,0
2026-05-24,HRT,Horst-Sevenum,63,7,25
2026-05-24,HT,'s-Hertogenbosch,354,19,174
2026-05-24,HTN,Houten,124,3,37
2026-05-24,HTNC,Houten Castellum,119,3,43
2026-05-24,HTO,'s-Hertogenbosch Oost,72,0,72
2026-05-24,HVL,Hoevelaken,67,1,1
2026-05-24,HVS,Hilversum,297,30,24
2026-05-24,HVSM,Hilversum Media Park,119,11,18
2026-05-24,HVSP,Hilversum Sportpark,121,12,0
2026-05-24,HWD,Heerhugowaard,129,2,23
2026-05-24,HWZB,Halfweg-Zwanenburg,139,2,0
2026-05-24,HZ,Herzogenrath,50,0,0
2026-05-24,HZE,Heeze,34,0,0
2026-05-24,IJT,IJlst,30,0,0
2026-05-24,INNSB,Innsbruck Hbf,1,0,0
2026-05-24,JENBAC,Jenbach,1,0,0
2026-05-24,KARLSR,Karlsruhe Hbf,1,0,0
2026-05-24,KBD,Krabbendijke,67,3,2
2026-05-24,KBK,Klarenbeek,34,0,0
2026-05-24,KBOI,Boisheim,32,2,0
2026-05-24,KBRY,Breyell,32,3,0
2026-05-24,KDBI,Düsseldorf-Bilk,30,0,0
2026-05-24,KDFFH,Düsseldorf Flughafen,32,1,0
2026-05-24,KDUL,Dülken,32,2,0
2026-05-24,KKD,Köln Messe/Deutz,2,1,0
2026-05-24,KKO,Koblenz Hbf,2,1,0
2026-05-24,KLP,Veenendaal-De Klomp,68,1,6
2026-05-24,KMA,Krommenie-Assendelft,102,9,2
2026-05-24,KMR,Klimmen-Ransdaal,72,0,0
2026-05-24,KMW,Koudum-Molkwerum,30,0,0
2026-05-24,KN,Kaldenkirchen,32,3,0
2026-05-24,KOLN,Köln Hbf,16,5,0
2026-05-24,KPN,Kampen,35,0,0
2026-05-24,KPNZ,Kampen Zuid,61,1,0
2026-05-24,KRD,Kerkrade Centrum,35,0,0
2026-05-24,KRG,Kruiningen-Yerseke,67,4,2
2026-05-24,KSB,Siegburg/Bonn,14,4,0
2026-05-24,KTR,Kesteren,30,0,0
2026-05-24,KUFST,Kufstein,1,0,0
2026-05-24,KW,Kropswolde,76,3,1
2026-05-24,KZ,Koog aan de Zaan,102,6,2
2026-05-24,LAA,Den Haag Laan v NOI,202,6,25
2026-05-24,LC,Lochem,48,0,0
2026-05-24,LDL,Leiden Lammenschans,70,1,12
2026-05-24,LDM,Leerdam,60,0,0
2026-05-24,LEDN,Leiden Centraal,399,13,31
2026-05-24,LEER,Leer (Ostfriesl),23,0,0
2026-05-24,LG,Landgraaf,120,3,0
2026-05-24,LILLEE,Lille Europe,7,2,0
2026-05-24,LKP,Kapellen,33,2,0
2026-05-24,LKR,Ekeren,33,2,0
2026-05-24,LLS,Lelystad Centrum,137,8,0
2026-05-24,LLZM,Lansingerland-Zoetermeer,70,0,12
2026-05-24,LP,Loppersum,38,3,0
2026-05-24,LTN,Lunteren,41,0,27
2026-05-24,LTV,Lichtenvoorde-Groenlo,50,0,0
2026-05-24,LUIK,Liège-Guillemins,17,0,0
2026-05-24,LUT,Geleen-Lutterade,70,1,0
2026-05-24,LW,Leeuwarden,131,4,1
2026-05-24,LWC,Leeuwarden Camminghaburen,38,1,0
2026-05-24,MA,Augsburg Hbf,3,0,0
2026-05-24,MANNHE,Mannheim Hbf,4,0,0
2026-05-24,MARIA,Sint-Mariaburg,33,2,0
2026-05-24,MARNE,Marne-la-Vallée-Chessy,2,0,0
2026-05-24,MAS,Maarssen,73,0,0
2026-05-24,MCGB,Mönchengladbach Hbf,31,2,0
2026-05-24,MDB,Middelburg,67,3,2
2026-05-24,MECH,Mechelen,32,2,0
2026-05-24,MES,Meerssen,120,1,0
2026-05-24,MG,Mantgum,34,0,0
2026-05-24,MID,Heide (B),33,2,0
2026-05-24,MMLH,Mook-Molenhoek,68,0,0
2026-05-24,MOP,München Ost,1,0,0
2026-05-24,MP,Meppel,162,5,2
2026-05-24,MRB,Mariënberg,92,1,7
2026-05-24,MRN,Maarn,68,2,0
2026-05-24,MT,Maastricht,216,9,10
2026-05-24,MTH,Martenshoek,76,3,1
2026-05-24,MTN,Maastricht Noord,72,0,0
2026-05-24,MTR,Maastricht Randwyck,105,3,0
2026-05-24,MUNCHH,München Hbf,2,0,0
2026-05-24,MUNST,Münster (Westf) Hbf,15,3,1
2026-05-24,MZ,Maarheeze,34,0,0
2026-05-24,NA,Nieuw Amsterdam,62,0,6
2026-05-24,NDB,Naarden-Bussum,137,14,18
2026-05-24,NDKP,Noorderkempen,32,3,0
2026-05-24,NEUSS,Neuss Hbf,30,0,0
2026-05-24,NH,Nuth,70,2,0
2026-05-24,NKK,Nijkerk,67,0,0
2026-05-24,NM,Nijmegen,240,7,112
2026-05-24,NMD,Nijmegen Dukenburg,73,0,73
2026-05-24,NMGO,Nijmegen Goffert,73,0,73
2026-05-24,NMH,Nijmegen Heyendaal,68,0,0
2026-05-24,NML,Nijmegen Lent,130,7,2
2026-05-24,NS,Nunspeet,67,0,0
2026-05-24,NSCH,Bad Nieuweschans,34,0,0
2026-05-24,NURNB,Nürnberg Hbf,1,0,0
2026-05-24,NVD,Nijverdal,66,0,0
2026-05-24,NVP,Nieuw Vennep,76,3,0
2026-05-24,NWK,Nieuwerkerk a/d IJssel,70,2,0
2026-05-24,O,Oss,145,0,145
2026-05-24,OBD,Obdam,58,0,0
2026-05-24,OBERH,Oberhausen Hbf,53,15,0
2026-05-24,OBERHS,Oberhausen-Sterkrade,36,7,0
2026-05-24,ODB,Oudenbosch,37,1,0
2026-05-24,ODZ,Oldenzaal,57,3,8
2026-05-24,OMN,Ommen,55,0,13
2026-05-24,OP,Opheusden,30,0,0
2026-05-24,OSNH,Osnabrück Hbf,42,10,6
2026-05-24,OST,Olst,68,0,0
2026-05-24,OT,Oisterwijk,60,2,0
2026-05-24,OTB,Oosterbeek,36,0,0
2026-05-24,OVN,Overveen,118,2,0
2026-05-24,OW,Oss West,72,0,72
2026-05-24,PARIS,Paris-Nord,10,1,0
2026-05-24,PMO,Purmerend Overwhere,70,0,0
2026-05-24,PMR,Purmerend,70,0,0
2026-05-24,PMW,Purmerend Weidevenne,70,0,0
2026-05-24,PT,Putten,67,1,0
2026-05-24,RAI,Amsterdam RAI,148,7,12
2026-05-24,RAT,Raalte,66,0,0
2026-05-24,RB,Rilland-Bath,67,4,2
2026-05-24,RBB,Baden-Baden,1,0,0
2026-05-24,RD,Roodeschool,31,0,3
2026-05-24,RF,Freiburg (Breisgau) Hbf,1,0,0
2026-05-24,RH,Rheden,35,2,0
2026-05-24,RHEINE,Rheine,40,6,6
2026-05-24,RHN,Rhenen,34,1,0
2026-05-24,RL,Ruurlo,50,0,0
2026-05-24,RLB,Rotterdam Lombardijen,73,0,2
2026-05-24,RM,Roermond,161,7,26
2026-05-24,RO,Offenburg,1,0,0
2026-05-24,ROSENH,Rosenheim,1,0,0
2026-05-24,RS,Rosmalen,72,0,72
2026-05-24,RSD,Roosendaal,139,6,3
2026-05-24,RSN,Rijssen,34,0,0
2026-05-24,RSW,Rijswijk,75,0,2
2026-05-24,RTA,Rotterdam Alexander,189,3,0
2026-05-24,RTB,Rotterdam Blaak,188,5,31
2026-05-24,RTD,Rotterdam Centraal,503,37,49
2026-05-24,RTN,Rotterdam Noord,70,3,0
2026-05-24,RTZ,Rotterdam Zuid,73,1,2
2026-05-24,RV,Reuver,66,0,2
2026-05-24,RVS,Ravenstein,73,0,73
2026-05-24,SBK,Spaubeek,70,2,0
2026-05-24,SD,Soestdijk,62,1,0
2026-05-24,SDA,Scheemda,68,3,0
2026-05-24,SDM,Schiedam Centrum,200,6,27
2026-05-24,SDT,Sliedrecht,75,0,0
2026-05-24,SDTB,Sliedrecht Baanhoek,75,1,0
2026-05-24,SGL,Houthem-St. Gerlach,72,0,0
2026-05-24,SGN,Schagen,71,2,23
2026-05-24,SHL,Schiphol Airport,792,40,53
2026-05-24,SK,Sneek,32,0,0
2026-05-24,SKND,Sneek Noord,34,0,0
2026-05-24,SM,Swalmen,64,1,4
2026-05-24,SN,Schinnen,70,2,0
2026-05-24,SOG,Schin op Geul,72,0,0
2026-05-24,SPTN,Santpoort Noord,72,0,0
2026-05-24,SPTZ,Santpoort Zuid,72,0,0
2026-05-24,SRN,Susteren,68,1,2
2026-05-24,SSH,Sassenheim,76,3,0
2026-05-24,ST,Soest,62,1,0
2026-05-24,STD,Sittard,204,9,26
2026-05-24,STM,Stedum,38,1,0
2026-05-24,STP,London St. Pancras Int.,4,2,0
2026-05-24,STV,Stavoren,15,0,0
2026-05-24,STZ,Soest Zuid,62,1,0
2026-05-24,SWD,Sauwerd,72,2,5
2026-05-24,SWK,Steenwijk,100,4,2
2026-05-24,TB,Tilburg,257,10,6
2026-05-24,TBG,Terborg,59,3,2
2026-05-24,TBR,Tilburg Reeshof,64,1,1
2026-05-24,TBU,Tilburg Universiteit,92,0,3
2026-05-24,TG,Tegelen,68,1,0
2026-05-24,TL,Tiel,49,2,7
2026-05-24,TPSW,Tiel Passewaaij,66,4,14
2026-05-24,TS,Stuttgart Hbf,3,0,0
2026-05-24,TU,Ulm Hbf,2,0,0
2026-05-24,TWL,Twello,32,0,2
2026-05-24,UHM,Uithuizermeeden,36,0,3
2026-05-24,UHZ,Uithuizen,36,0,3
2026-05-24,UST,Usquert,36,0,3
2026-05-24,UT,Utrecht Centraal,772,37,115
2026-05-24,UTG,Uitgeest,128,4,1
2026-05-24,UTLN,Utrecht Lunetten,124,3,37
2026-05-24,UTLR,Utrecht Leidsche Rijn,69,2,12
2026-05-24,UTM,Utrecht Maliebaan,8,0,0
2026-05-24,UTO,Utrecht Overvecht,266,9,0
2026-05-24,UTT,Utrecht Terwijde,69,2,12
2026-05-24,UTVR,Utrecht Vaartsche Rijn,192,2,37
2026-05-24,UTZL,Utrecht Zuilen,71,0,0
2026-05-24,VB,Voorburg,70,0,12
2026-05-24,VD,Vorden,50,0,0
2026-05-24,VDL,Voerendaal,72,0,0
2026-05-24,VDM,Veendam,19,0,0
2026-05-24,VEM,Voorst-Empe,34,0,0
2026-05-24,VG,Vught,69,5,0
2026-05-24,VH,Voorhout,63,5,0
2026-05-24,VHP,Vroomshoop,33,1,0
2026-05-24,VIERS,Viersen,32,4,0
2026-05-24,VK,Valkenburg,120,1,0
2026-05-24,VL,Venlo,115,7,14
2026-05-24,VLB,Vierlingsbeek,68,2,0
2026-05-24,VNDC,Veenendaal Centrum,68,1,0
2026-05-24,VNDW,Veenendaal West,68,1,0
2026-05-24,VP,Velp,35,2,0
2026-05-24,VRY,Venray,68,2,0
2026-05-24,VS,Vlissingen,33,3,0
2026-05-24,VSS,Vlissingen Souburg,67,4,2
2026-05-24,VST,Voorschoten,77,0,0
2026-05-24,VSV,Varsseveld,59,4,2
2026-05-24,VTN,Vleuten,69,1,12
2026-05-24,VZ,Vriezenveen,33,1,0
2026-05-24,WAD,Waddinxveen,70,2,0
2026-05-24,WADN,Waddinxveen Noord,70,3,0
2026-05-24,WADT,Waddinxveen Triangel,70,2,0
2026-05-24,WC,Wijchen,73,0,73
2026-05-24,WD,Woerden,208,9,24
2026-05-24,WDN,Wierden,100,0,0
2026-05-24,WESEL,Wesel,35,6,0
2026-05-24,WF,Wolfheze,36,0,0
2026-05-24,WFM,Warffum,35,0,4
2026-05-24,WH,Wijhe,68,1,0
2026-05-24,WK,Workum,30,0,0
2026-05-24,WL,Wehl,66,4,2
2026-05-24,WM,Wormerveer,102,9,2
2026-05-24,WORGL,Wörgl Hbf,1,0,0
2026-05-24,WP,Weesp,263,29,14
2026-05-24,WR,Weener,32,0,0
2026-05-24,WS,Winschoten,52,1,0
2026-05-24,WSM,Winsum,34,0,5
2026-05-24,WT,Weert,113,8,22
2026-05-24,WTV,Westervoort,66,5,2
2026-05-24,WURZB,Würzburg Hbf,1,0,0
2026-05-24,WV,Wolvega,36,0,0
2026-05-24,WW,Winterswijk,55,2,1
2026-05-24,WWW,Winterswijk West,50,0,0
2026-05-24,WZ,Wezep,67,0,0
2026-05-24,YPB,Den Haag Ypenburg,70,0,12
2026-05-24,ZA,Zetten-Andelst,30,0,0
2026-05-24,ZB,Zuidbroek,76,3,1
2026-05-24,ZBM,Zaltbommel,65,3,15
2026-05-24,ZD,Zaandam,355,15,31
2026-05-24,ZDK,Zaandam Kogerveld,70,0,0
2026-05-24,ZH,Zuidhorn,38,1,0
2026-05-24,ZL,Zwolle,374,7,11
2026-05-24,ZLSH,Zwolle Stadshagen,70,0,0
2026-05-24,ZLW,Lage Zwaluwe,100,3,1
2026-05-24,ZP,Zutphen,168,2,0
2026-05-24,ZTM,Zoetermeer,70,0,12
2026-05-24,ZTMO,Zoetermeer Oost,70,0,12
2026-05-24,ZUE,Zürich HB,1,0,0
2026-05-24,ZV,Zevenaar,101,14,2
2026-05-24,ZVB,Zevenbergen,37,1,0
2026-05-24,ZVT,Zandvoort aan Zee,80,2,0
2026-05-24,ZWD,Zwijndrecht,73,0,2
2026-05-24,ZZS,Zaandijk Zaanse Schans,102,6,2
2026-05-25,AC,Abcoude,73,0,0
2026-05-25,ACDG,Airport Charles de Gaulle,4,0,0
2026-05-25,AH,Arnhem Centraal,320,27,11
2026-05-25,AHAR,Hamburg-Harburg,1,0,0
2026-05-25,AHBF,Aachen Hbf,24,1,1
2026-05-25,AHP,Arnhem Velperpoort,101,10,2
2026-05-25,AHPR,Arnhem Presikhaaf,35,0,0
2026-05-25,AHZ,Arnhem Zuid,132,2,1
2026-05-25,AKL,Arkel,60,0,0
2026-05-25,AKM,Akkrum,36,1,0
2026-05-25,ALM,Almere Centrum,237,15,13
2026-05-25,ALMB,Almere Buiten,115,4,3
2026-05-25,ALMM,Almere Muziekwijk,120,5,3
2026-05-25,ALMO,Almere Oostvaarders,94,3,3
2026-05-25,ALMP,Almere Parkwijk,115,4,3
2026-05-25,AMF,Amersfoort Centraal,423,17,20
2026-05-25,AMFS,Amersfoort Schothorst,157,7,14
2026-05-25,AML,Almelo,174,2,2
2026-05-25,AMPO,Almere Poort,120,6,3
2026-05-25,AMR,Alkmaar,163,10,20
2026-05-25,AMRI,Almelo de Riet,68,2,1
2026-05-25,AMRN,Alkmaar Noord,132,4,20
2026-05-25,ANA,Anna Paulowna,70,3,20
2026-05-25,ANDD,Antwerpen-Noorderdokken,33,6,0
2026-05-25,APD,Apeldoorn,145,6,1
2026-05-25,APDM,Apeldoorn De Maten,34,1,0
2026-05-25,APDO,Apeldoorn Osseveld,34,1,2
2026-05-25,APG,Appingedam,38,0,0
2026-05-25,APN,Alphen a/d Rijn,106,0,1
2026-05-25,ARN,Arnemuiden,61,1,16
2026-05-25,ASA,Amsterdam Amstel,237,5,24
2026-05-25,ASB,Amsterdam Bijlmer ArenA,393,53,50
2026-05-25,ASD,Amsterdam Centraal,617,49,37
2026-05-25,ASDL,Amsterdam Lelylaan,311,11,5
2026-05-25,ASDM,Amsterdam Muiderpoort,126,9,8
2026-05-25,ASDZ,Amsterdam Zuid,452,47,48
2026-05-25,ASHD,Amsterdam Holendrecht,73,0,0
2026-05-25,ASN,Assen,130,7,2
2026-05-25,ASS,Amsterdam Sloterdijk,857,40,31
2026-05-25,ASSP,Amsterdam Science Park,101,6,8
2026-05-25,ATN,Aalten,60,5,1
2026-05-25,ATW,Antwerpen-Centraal,120,19,2
2026-05-25,ATWLB,Antwerpen-Luchtbal,33,6,0
2026-05-25,AVAT,Amersfoort Vathorst,95,2,5
2026-05-25,AW,Aachen West,48,1,3
2026-05-25,BADENZ,Baden (CH),1,0,0
2026-05-25,BASELB,Basel Bad Bf,1,0,0
2026-05-25,BASELS,Basel SBB,1,0,0
2026-05-25,BD,Breda,247,20,39
2026-05-25,BDE,Bunde,68,1,4
2026-05-25,BDG,Bodegraven,70,1,0
2026-05-25,BDM,Bedum,38,0,0
2026-05-25,BDPB,Breda-Prinsenbeek,63,1,14
2026-05-25,BERCH,Antwerpen-Berchem,62,5,0
2026-05-25,BERHBL,Berlin Hbf,1,0,0
2026-05-25,BERHBT,Berlin Hbf,12,5,0
2026-05-25,BET,Best,129,4,0
2026-05-25,BF,Baflo,38,2,0
2026-05-25,BGN,Bergen op Zoom,62,1,15
2026-05-25,BH,Bad Bentheim,49,18,4
2026-05-25,BHDV,Boven-Hardinxveld,75,0,0
2026-05-25,BHF,Berlin Ostbahnhof,7,5,0
2026-05-25,BHV,Bilthoven,129,3,0
2026-05-25,BIELEF,Bielefeld Hbf,16,2,1
2026-05-25,BK,Beek-Elsloo,68,1,4
2026-05-25,BKF,Bovenkarspel Flora,66,0,0
2026-05-25,BKG,Bovenkarspel-Grootebroek,66,0,0
2026-05-25,BKL,Breukelen,107,1,0
2026-05-25,BL,Beilen,62,2,2
2026-05-25,BLL,Bloemendaal,72,2,0
2026-05-25,BMN,Brummen,33,1,2
2026-05-25,BMR,Boxmeer,68,1,0
2026-05-25,BN,Borne,68,2,1
2026-05-25,BNC,Barneveld Centrum,68,3,1
2026-05-25,BNK,Bunnik,68,1,0
2026-05-25,BNN,Barneveld Noord,68,4,1
2026-05-25,BNZ,Barneveld Zuid,68,4,1
2026-05-25,BONN,Bonn Hbf,2,0,0
2026-05-25,BP,Buitenpost,65,5,5
2026-05-25,BR,Blerick,133,5,16
2026-05-25,BRD,Barendrecht,75,4,0
2026-05-25,BREMEN,Bremen Hbf,2,0,0
2026-05-25,BRESSX,Bressoux,34,1,0
2026-05-25,BRN,Baarn,107,1,7
2026-05-25,BRUSC,Brussel-Centraal,33,2,0
2026-05-25,BRUSN,Brussel-Noord,32,1,0
2026-05-25,BRUSZ,Brussel-Zuid,63,12,2
2026-05-25,BSD,Beesd,60,0,0
2026-05-25,BSK,Boskoop,72,0,2
2026-05-25,BSKS,Boskoop Snijdelwijk,72,0,2
2026-05-25,BSMZ,Bussum Zuid,125,5,18
2026-05-25,BSPD,Berlin-Spandau,12,6,0
2026-05-25,BTL,Boxtel,126,5,4
2026-05-25,BUENDE,Bünde (Westf),46,18,2
2026-05-25,BV,Beverwijk,72,2,0
2026-05-25,BZL,Kapelle-Biezelinge,62,2,15
2026-05-25,CAS,Castricum,197,16,21
2026-05-25,CK,Cuijk,68,0,0
2026-05-25,CL,Culemborg,136,4,0
2026-05-25,CO,Coevorden,62,0,1
2026-05-25,CPS,Capelle Schollevaar,70,2,0
2026-05-25,CVM,Chevremont,70,0,0
2026-05-25,DA,Daarlerveen,33,0,0
2026-05-25,DB,Driebergen-Zeist,136,8,5
2026-05-25,DDN,Delden,50,0,0
2026-05-25,DDR,Dordrecht,219,8,17
2026-05-25,DDRS,Dordrecht Stadspolders,75,1,0
2026-05-25,DDZD,Dordrecht Zuid,100,1,14
2026-05-25,DEI,Deinum,60,0,0
2026-05-25,DID,Didam,66,10,2
2026-05-25,DL,Dalfsen,62,0,1
2026-05-25,DLD,Den Dolder,129,3,0
2026-05-25,DLN,Dalen,33,0,1
2026-05-25,DMN,Diemen,108,4,8
2026-05-25,DMNZ,Diemen Zuid,146,3,9
2026-05-25,DN,Deurne,84,5,16
2026-05-25,DR,Dieren,101,3,3
2026-05-25,DRH,Driehuis,72,2,0
2026-05-25,DRON,Dronten,60,3,1
2026-05-25,DRP,Dronryp,60,0,0
2026-05-25,DT,Delft,274,18,20
2026-05-25,DTC,Doetinchem,63,10,1
2026-05-25,DTCH,Doetinchem De Huet,67,12,1
2026-05-25,DTCP,Delft Campus,77,3,0
2026-05-25,DUISB,Duisburg Hbf,51,6,0
2026-05-25,DUSSEL,Düsseldorf Hbf,48,7,1
2026-05-25,DV,Deventer,196,7,4
2026-05-25,DVC,Deventer Colmschate,34,2,2
2026-05-25,DVD,Duivendrecht,501,17,28
2026-05-25,DVN,Duiven,66,8,2
2026-05-25,DVNK,De Vink,76,2,2
2026-05-25,DWE,De Westereen,36,2,2
2026-05-25,DZ,Delfzijl,19,0,0
2026-05-25,DZW,Delfzijl West,38,0,0
2026-05-25,EABG,Altenberge,32,4,0
2026-05-25,EAHS,Ahaus,28,3,0
2026-05-25,EBFT,Steinfurt-Burgsteinfurt,32,6,0
2026-05-25,EBGO,Steinfurt-Borghorst,32,6,0
2026-05-25,EBOK,Bork (Westf),27,4,0
2026-05-25,EC,Echt,68,2,2
2026-05-25,ECMF,Coesfeld (Westf),27,5,0
2026-05-25,ED,Ede-Wageningen,184,12,12
2026-05-25,EDC,Ede Centrum,68,1,0
2026-05-25,EDD,Dortmund-Derne,27,7,0
2026-05-25,EDKD,Dortmund-Kirchderne,27,7,0
2026-05-25,EDN,Eijsden,34,3,0
2026-05-25,EDO,Dortmund Hbf,14,6,0
2026-05-25,EDULH,Dülmen,27,2,0
2026-05-25,EEM,Eemshaven,13,0,1
2026-05-25,EEPE,Epe (Westf),28,1,0
2026-05-25,EGH,Eygelshoven,70,0,0
2026-05-25,EGHM,Eygelshoven Markt,48,2,3
2026-05-25,EGRK,Steinfurt-Grottenkamp,32,7,0
2026-05-25,EHS,Eindhoven Strijp-S,129,4,0
2026-05-25,EHV,Eindhoven Centraal,267,20,42
2026-05-25,EHW,Rosendahl-Holtwick,28,1,0
2026-05-25,EKZ,Enkhuizen,33,0,0
2026-05-25,EL,Emmerich-Elten,33,10,2
2026-05-25,ELDH,Lüdinghausen,27,2,0
2026-05-25,ELET,Lette (Kr Coesfeld),27,3,0
2026-05-25,ELGD,Legden,28,2,0
2026-05-25,ELUE,Lünen Hbf,27,5,0
2026-05-25,EM,Emmerich,43,10,1
2026-05-25,EML,Ermelo,68,3,2
2026-05-25,EMN,Emmen,31,0,1
2026-05-25,EMNZ,Emmen Zuid,62,0,1
2026-05-25,EMTE,Metelen Land,32,4,0
2026-05-25,ENBE,Münster-Häger,32,5,0
2026-05-25,ENHF,Münster (W) Zentrum Nord,32,6,0
2026-05-25,ENOW,Nordwalde,32,5,0
2026-05-25,EOP,Ochtrup,32,3,0
2026-05-25,EPRA,Praest,35,7,0
2026-05-25,EPRN,Preussen,27,7,0
2026-05-25,ES,Enschede,111,2,1
2026-05-25,ESE,Enschede De Eschmarke,68,0,0
2026-05-25,ESEB,Selm-Beifang,27,4,0
2026-05-25,ESEM,Selm,27,4,0
2026-05-25,ESK,Enschede Kennispark,69,2,1
2026-05-25,ESN,Essen,33,5,0
2026-05-25,EST,Elst,162,1,5
2026-05-25,ETN,Etten-Leur,68,3,17
2026-05-25,FBNL,Brussels Airport-Zaventem,32,1,0
2026-05-25,FFFM,Frankfurt (M) Hbf,8,1,0
2026-05-25,FKTH,Kalmthout,33,5,0
2026-05-25,FMZ,Mainz Hbf,2,0,0
2026-05-25,FN,Franeker,60,0,0
2026-05-25,FNAF,Frankfurt Flughafen Fernb,17,4,0
2026-05-25,FNZD,Antwerpen-Zuid,30,3,0
2026-05-25,FRP,Puurs,15,0,0
2026-05-25,FVS,Visé,34,1,0
2026-05-25,FWD,Feanwâlden,65,4,5
2026-05-25,G,Gronau (Westf.),65,3,0
2026-05-25,GBG,Gramsbergen,33,0,1
2026-05-25,GBR,Glanerbrug,68,0,0
2026-05-25,GD,Gouda,402,6,2
2026-05-25,GDG,Gouda Goverwelle,140,5,0
2026-05-25,GDM,Geldermalsen,166,3,0
2026-05-25,GDR,Gaanderen,60,14,1
2026-05-25,GERP,Groningen Europapark,182,4,7
2026-05-25,GK,Grijpskerk,36,2,2
2026-05-25,GKT,Kijkuit,33,5,0
2026-05-25,GLN,Geleen Oost,70,0,0
2026-05-25,GN,Groningen,211,8,5
2026-05-25,GND,Hardinxveld-Giessendam,75,0,0
2026-05-25,GNN,Groningen Noord,76,2,0
2026-05-25,GO,Goor,49,0,0
2026-05-25,GP,Geldrop,34,0,0
2026-05-25,GR,Gorinchem,67,0,0
2026-05-25,GS,Goes,62,2,15
2026-05-25,GV,Den Haag HS,273,16,24
2026-05-25,GVC,Den Haag Centraal,248,7,12
2026-05-25,GVM,Den Haag Mariahoeve,77,2,1
2026-05-25,GVMW,Den Haag Moerwijk,77,4,0
2026-05-25,GW,Grou-Jirnsum,36,1,0
2026-05-25,GWD,Wildert,33,5,0
2026-05-25,GZ,Gilze-Rijen,62,2,16
2026-05-25,HAD,Heemstede-Aerdenhout,180,6,3
2026-05-25,HANN,Hannover Hbf,14,9,0
2026-05-25,HB,Hoensbroek,70,0,0
2026-05-25,HBZM,Hardinxveld Blauwe Zoom,61,0,0
2026-05-25,HD,Harderwijk,68,3,2
2026-05-25,HDB,Hardenberg,77,1,1
2026-05-25,HDE,'t Harde,66,2,2
2026-05-25,HDG,Hurdegaryp,37,3,2
2026-05-25,HDR,Den Helder,35,3,11
2026-05-25,HDRZ,Den Helder Zuid,70,3,20
2026-05-25,HFD,Hoofddorp,268,14,8
2026-05-25,HGL,Hengelo,223,12,5
2026-05-25,HGLG,Hengelo Gezondheidspark,50,0,0
2026-05-25,HGLO,Hengelo Oost,50,0,0
2026-05-25,HGV,Hoogeveen,62,2,2
2026-05-25,HGZ,Hoogezand-Sappemeer,76,0,0
2026-05-25,HIL,Hillegom,63,0,0
2026-05-25,HK,Heemskerk,72,2,0
2026-05-25,HKS,Hoogkarspel,66,0,0
2026-05-25,HLG,Harlingen,60,0,0
2026-05-25,HLGH,Harlingen Haven,30,0,0
2026-05-25,HLM,Haarlem,334,9,4
2026-05-25,HLMS,Haarlem Spaarnwoude,138,5,2
2026-05-25,HLO,Heiloo,146,11,17
2026-05-25,HM,Helmond,101,5,16
2026-05-25,HMBH,Helmond Brouwhuis,36,0,0
2026-05-25,HMBV,Helmond Brandevoort,36,0,0
2026-05-25,HMH,Helmond 't Hout,36,0,0
2026-05-25,HMN,Hemmen-Dodewaard,30,0,0
2026-05-25,HN,Hoorn,166,0,1
2026-05-25,HNK,Hoorn Kersenboogerd,99,0,0
2026-05-25,HNO,Heino,65,0,1
2026-05-25,HNP,Hindeloopen,24,1,6
2026-05-25,HOHT,Osnabrück Altstadt,33,12,2
2026-05-25,HON,Holten,34,2,2
2026-05-25,HOR,Hollandsche Rading,75,1,8
2026-05-25,HR,Heerenveen,98,4,4
2026-05-25,HRL,Heerlen,176,4,2
2026-05-25,HRLW,Heerlen Woonboulevard,72,0,0
2026-05-25,HRN,Haren,63,1,2
2026-05-25,HRT,Horst-Sevenum,65,5,16
2026-05-25,HT,'s-Hertogenbosch,306,10,86
2026-05-25,HTN,Houten,137,2,0
2026-05-25,HTNC,Houten Castellum,137,3,0
2026-05-25,HTO,'s-Hertogenbosch Oost,65,5,16
2026-05-25,HVL,Hoevelaken,68,5,1
2026-05-25,HVS,Hilversum,295,15,34
2026-05-25,HVSM,Hilversum Media Park,125,5,18
2026-05-25,HVSP,Hilversum Sportpark,119,5,8
2026-05-25,HWD,Heerhugowaard,132,6,20
2026-05-25,HWZB,Halfweg-Zwanenburg,138,5,2
2026-05-25,HZ,Herzogenrath,48,2,3
2026-05-25,HZE,Heeze,34,0,0
2026-05-25,IJT,IJlst,24,1,6
2026-05-25,INNSB,Innsbruck Hbf,1,1,0
2026-05-25,JENBAC,Jenbach,1,1,0
2026-05-25,KARLSR,Karlsruhe Hbf,1,0,0
2026-05-25,KBD,Krabbendijke,62,2,15
2026-05-25,KBK,Klarenbeek,34,0,0
2026-05-25,KBOI,Boisheim,30,3,2
2026-05-25,KBRY,Breyell,30,3,2
2026-05-25,KDBI,Düsseldorf-Bilk,31,3,0
2026-05-25,KDFFH,Düsseldorf Flughafen,32,0,0
2026-05-25,KDUL,Dülken,30,3,2
2026-05-25,KKD,Köln Messe/Deutz,1,1,1
2026-05-25,KKO,Koblenz Hbf,2,0,0
2026-05-25,KLP,Veenendaal-De Klomp,66,7,6
2026-05-25,KMA,Krommenie-Assendelft,102,5,2
2026-05-25,KMR,Klimmen-Ransdaal,72,0,0
2026-05-25,KMW,Koudum-Molkwerum,24,1,6
2026-05-25,KN,Kaldenkirchen,30,3,2
2026-05-25,KOLN,Köln Hbf,18,3,0
2026-05-25,KPN,Kampen,35,0,0
2026-05-25,KPNZ,Kampen Zuid,61,4,0
2026-05-25,KRD,Kerkrade Centrum,35,0,0
2026-05-25,KRG,Kruiningen-Yerseke,62,2,15
2026-05-25,KSB,Siegburg/Bonn,16,3,0
2026-05-25,KTR,Kesteren,30,0,0
2026-05-25,KUFST,Kufstein,1,1,0
2026-05-25,KW,Kropswolde,76,0,0
2026-05-25,KZ,Koog aan de Zaan,104,4,0
2026-05-25,LAA,Den Haag Laan v NOI,202,10,19
2026-05-25,LC,Lochem,48,0,0
2026-05-25,LDL,Leiden Lammenschans,70,0,0
2026-05-25,LDM,Leerdam,60,0,0
2026-05-25,LEDN,Leiden Centraal,389,17,28
2026-05-25,LEER,Leer (Ostfriesl),23,0,0
2026-05-25,LG,Landgraaf,118,9,3
2026-05-25,LILLEE,Lille Europe,7,2,0
2026-05-25,LKP,Kapellen,33,6,0
2026-05-25,LKR,Ekeren,33,6,0
2026-05-25,LLS,Lelystad Centrum,131,10,9
2026-05-25,LLZM,Lansingerland-Zoetermeer,70,2,0
2026-05-25,LP,Loppersum,38,0,0
2026-05-25,LTN,Lunteren,68,2,0
2026-05-25,LTV,Lichtenvoorde-Groenlo,49,0,1
2026-05-25,LUIK,Liège-Guillemins,17,0,0
2026-05-25,LUT,Geleen-Lutterade,68,1,4
2026-05-25,LW,Leeuwarden,126,4,6
2026-05-25,LWC,Leeuwarden Camminghaburen,36,4,2
2026-05-25,MA,Augsburg Hbf,3,1,0
2026-05-25,MANNHE,Mannheim Hbf,4,1,0
2026-05-25,MARIA,Sint-Mariaburg,33,6,0
2026-05-25,MARNE,Marne-la-Vallée-Chessy,2,0,0
2026-05-25,MAS,Maarssen,71,0,0
2026-05-25,MCGB,Mönchengladbach Hbf,31,5,1
2026-05-25,MDB,Middelburg,61,1,16
2026-05-25,MECH,Mechelen,32,1,0
2026-05-25,MES,Meerssen,120,3,1
2026-05-25,MG,Mantgum,34,2,0
2026-05-25,MID,Heide (B),33,6,0
2026-05-25,MMLH,Mook-Molenhoek,68,2,0
2026-05-25,MOP,München Ost,1,1,0
2026-05-25,MP,Meppel,161,6,5
2026-05-25,MRB,Mariënberg,93,1,1
2026-05-25,MRN,Maarn,68,1,0
2026-05-25,MT,Maastricht,212,6,15
2026-05-25,MTH,Martenshoek,76,0,0
2026-05-25,MTN,Maastricht Noord,72,1,0
2026-05-25,MTR,Maastricht Randwyck,105,2,1
2026-05-25,MUNCHH,München Hbf,2,1,0
2026-05-25,MUNST,Münster (Westf) Hbf,15,3,0
2026-05-25,MZ,Maarheeze,34,0,0
2026-05-25,NA,Nieuw Amsterdam,62,0,1
2026-05-25,NDB,Naarden-Bussum,139,9,21
2026-05-25,NDKP,Noorderkempen,32,2,0
2026-05-25,NEUSS,Neuss Hbf,31,3,0
2026-05-25,NH,Nuth,70,0,0
2026-05-25,NKK,Nijkerk,67,2,2
2026-05-25,NM,Nijmegen,205,4,4
2026-05-25,NMD,Nijmegen Dukenburg,73,0,0
2026-05-25,NMGO,Nijmegen Goffert,73,0,0
2026-05-25,NMH,Nijmegen Heyendaal,68,1,0
2026-05-25,NML,Nijmegen Lent,132,4,1
2026-05-25,NS,Nunspeet,68,2,2
2026-05-25,NSCH,Bad Nieuweschans,33,1,1
2026-05-25,NURNB,Nürnberg Hbf,1,1,0
2026-05-25,NVD,Nijverdal,65,0,1
2026-05-25,NVP,Nieuw Vennep,75,5,2
2026-05-25,NWK,Nieuwerkerk a/d IJssel,70,1,0
2026-05-25,O,Oss,136,3,16
2026-05-25,OBD,Obdam,62,0,0
2026-05-25,OBERH,Oberhausen Hbf,53,12,0
2026-05-25,OBERHS,Oberhausen-Sterkrade,35,7,1
2026-05-25,ODB,Oudenbosch,37,0,0
2026-05-25,ODZ,Oldenzaal,53,8,7
2026-05-25,OMN,Ommen,62,1,1
2026-05-25,OP,Opheusden,30,0,0
2026-05-25,OSNH,Osnabrück Hbf,46,18,2
2026-05-25,OST,Olst,67,1,2
2026-05-25,OT,Oisterwijk,60,4,0
2026-05-25,OTB,Oosterbeek,36,1,0
2026-05-25,OVN,Overveen,118,7,0
2026-05-25,OW,Oss West,65,5,16
2026-05-25,PARIS,Paris-Nord,10,1,0
2026-05-25,PMO,Purmerend Overwhere,69,1,1
2026-05-25,PMR,Purmerend,69,0,1
2026-05-25,PMW,Purmerend Weidevenne,69,0,1
2026-05-25,PRAHA,Praha hl.n.,1,0,0
2026-05-25,PT,Putten,68,2,2
2026-05-25,RAI,Amsterdam RAI,151,3,9
2026-05-25,RAT,Raalte,65,0,1
2026-05-25,RB,Rilland-Bath,62,2,15
2026-05-25,RBB,Baden-Baden,1,0,0
2026-05-25,RD,Roodeschool,31,1,2
2026-05-25,RF,Freiburg (Breisgau) Hbf,1,0,0
2026-05-25,RH,Rheden,35,0,0
2026-05-25,RHEINE,Rheine,47,16,2
2026-05-25,RHN,Rhenen,34,1,0
2026-05-25,RL,Ruurlo,49,0,1
2026-05-25,RLB,Rotterdam Lombardijen,75,5,0
2026-05-25,RM,Roermond,164,4,18
2026-05-25,RO,Offenburg,1,0,0
2026-05-25,ROSENH,Rosenheim,1,1,0
2026-05-25,RS,Rosmalen,65,5,16
2026-05-25,RSD,Roosendaal,138,10,17
2026-05-25,RSN,Rijssen,34,2,2
2026-05-25,RSW,Rijswijk,77,3,0
2026-05-25,RTA,Rotterdam Alexander,188,3,1
2026-05-25,RTB,Rotterdam Blaak,193,16,19
2026-05-25,RTD,Rotterdam Centraal,514,52,36
2026-05-25,RTN,Rotterdam Noord,70,2,0
2026-05-25,RTZ,Rotterdam Zuid,75,5,0
2026-05-25,RV,Reuver,68,1,0
2026-05-25,RVS,Ravenstein,73,0,0
2026-05-25,SBK,Spaubeek,70,0,0
2026-05-25,SD,Soestdijk,62,0,0
2026-05-25,SDA,Scheemda,67,2,1
2026-05-25,SDM,Schiedam Centrum,202,14,18
2026-05-25,SDT,Sliedrecht,75,1,0
2026-05-25,SDTB,Sliedrecht Baanhoek,75,2,0
2026-05-25,SGL,Houthem-St. Gerlach,72,1,0
2026-05-25,SGN,Schagen,70,5,20
2026-05-25,SHL,Schiphol Airport,793,52,49
2026-05-25,SK,Sneek,29,2,3
2026-05-25,SKND,Sneek Noord,34,2,0
2026-05-25,SM,Swalmen,68,1,0
2026-05-25,SN,Schinnen,70,0,0
2026-05-25,SOG,Schin op Geul,72,0,0
2026-05-25,SPTN,Santpoort Noord,72,2,0
2026-05-25,SPTZ,Santpoort Zuid,72,2,0
2026-05-25,SRN,Susteren,68,2,2
2026-05-25,SSH,Sassenheim,75,6,2
2026-05-25,ST,Soest,62,0,0
2026-05-25,STD,Sittard,204,6,22
2026-05-25,STM,Stedum,38,0,0
2026-05-25,STP,London St. Pancras Int.,4,1,0
2026-05-25,STV,Stavoren,12,1,3
2026-05-25,STZ,Soest Zuid,62,0,0
2026-05-25,SWD,Sauwerd,76,2,0
2026-05-25,SWK,Steenwijk,98,3,4
2026-05-25,TB,Tilburg,249,16,40
2026-05-25,TBG,Terborg,60,8,1
2026-05-25,TBR,Tilburg Reeshof,62,2,16
2026-05-25,TBU,Tilburg Universiteit,92,2,16
2026-05-25,TG,Tegelen,68,2,0
2026-05-25,TL,Tiel,50,0,0
2026-05-25,TPSW,Tiel Passewaaij,68,2,0
2026-05-25,TS,Stuttgart Hbf,3,1,0
2026-05-25,TU,Ulm Hbf,2,0,0
2026-05-25,TWL,Twello,34,0,2
2026-05-25,UHM,Uithuizermeeden,36,2,2
2026-05-25,UHZ,Uithuizen,36,2,2
2026-05-25,UST,Usquert,36,2,2
2026-05-25,UT,Utrecht Centraal,798,36,52
2026-05-25,UTG,Uitgeest,126,6,1
2026-05-25,UTLN,Utrecht Lunetten,137,2,0
2026-05-25,UTLR,Utrecht Leidsche Rijn,69,2,0
2026-05-25,UTM,Utrecht Maliebaan,8,0,0
2026-05-25,UTO,Utrecht Overvecht,264,4,8
2026-05-25,UTT,Utrecht Terwijde,69,2,0
2026-05-25,UTVR,Utrecht Vaartsche Rijn,205,2,0
2026-05-25,UTZL,Utrecht Zuilen,71,0,0
2026-05-25,VB,Voorburg,70,2,0
2026-05-25,VD,Vorden,49,0,1
2026-05-25,VDL,Voerendaal,72,0,0
2026-05-25,VDM,Veendam,19,0,0
2026-05-25,VEM,Voorst-Empe,34,1,0
2026-05-25,VG,Vught,61,0,8
2026-05-25,VH,Voorhout,63,0,0
2026-05-25,VHP,Vroomshoop,33,0,0
2026-05-25,VIERS,Viersen,30,3,2
2026-05-25,VK,Valkenburg,120,3,1
2026-05-25,VL,Venlo,115,4,10
2026-05-25,VLB,Vierlingsbeek,68,0,0
2026-05-25,VNDC,Veenendaal Centrum,68,1,0
2026-05-25,VNDW,Veenendaal West,68,1,0
2026-05-25,VP,Velp,35,0,0
2026-05-25,VRY,Venray,68,0,0
2026-05-25,VS,Vlissingen,30,1,8
2026-05-25,VSS,Vlissingen Souburg,61,1,16
2026-05-25,VST,Voorschoten,76,1,2
2026-05-25,VSV,Varsseveld,60,10,1
2026-05-25,VTN,Vleuten,69,2,0
2026-05-25,VZ,Vriezenveen,33,0,0
2026-05-25,WAD,Waddinxveen,72,0,2
2026-05-25,WADN,Waddinxveen Noord,72,0,2
2026-05-25,WADT,Waddinxveen Triangel,72,0,2
2026-05-25,WC,Wijchen,73,0,0
2026-05-25,WD,Woerden,208,4,0
2026-05-25,WDN,Wierden,99,2,3
2026-05-25,WESEL,Wesel,35,7,0
2026-05-25,WF,Wolfheze,36,1,0
2026-05-25,WFM,Warffum,37,2,1
2026-05-25,WH,Wijhe,67,0,2
2026-05-25,WK,Workum,24,1,6
2026-05-25,WL,Wehl,67,9,1
2026-05-25,WM,Wormerveer,103,5,1
2026-05-25,WORGL,Wörgl Hbf,1,1,0
2026-05-25,WP,Weesp,253,17,26
2026-05-25,WR,Weener,32,0,0
2026-05-25,WS,Winschoten,50,2,2
2026-05-25,WSM,Winsum,38,2,0
2026-05-25,WT,Weert,113,4,17
2026-05-25,WTV,Westervoort,66,8,2
2026-05-25,WURZB,Würzburg Hbf,1,0,0
2026-05-25,WV,Wolvega,36,1,0
2026-05-25,WW,Winterswijk,55,3,1
2026-05-25,WWW,Winterswijk West,49,1,1
2026-05-25,WZ,Wezep,66,1,2
2026-05-25,YPB,Den Haag Ypenburg,70,2,0
2026-05-25,ZA,Zetten-Andelst,30,0,0
2026-05-25,ZB,Zuidbroek,76,0,0
2026-05-25,ZBM,Zaltbommel,68,2,0
2026-05-25,ZD,Zaandam,356,10,22
2026-05-25,ZDK,Zaandam Kogerveld,69,0,1
2026-05-25,ZH,Zuidhorn,36,2,2
2026-05-25,ZL,Zwolle,371,14,8
2026-05-25,ZLSH,Zwolle Stadshagen,70,0,0
2026-05-25,ZLW,Lage Zwaluwe,100,1,14
2026-05-25,ZP,Zutphen,165,2,4
2026-05-25,ZTM,Zoetermeer,70,2,0
2026-05-25,ZTMO,Zoetermeer Oost,70,2,0
2026-05-25,ZUE,Zürich HB,1,0,0
2026-05-25,ZV,Zevenaar,99,16,4
2026-05-25,ZVB,Zevenbergen,37,0,0
2026-05-25,ZVT,Zandvoort aan Zee,80,3,0
2026-05-25,ZWD,Zwijndrecht,75,6,0
2026-05-25,ZZS,Zaandijk Zaanse Schans,104,6,0
2026-05-26,AC,Abcoude,113,13,12
2026-05-26,AH,Arnhem Centraal,445,45,15
2026-05-26,AHBF,Aachen Hbf,17,0,15
2026-05-26,AHP,Arnhem Velperpoort,199,10,7
2026-05-26,AHPR,Arnhem Presikhaaf,70,2,4
2026-05-26,AHZ,Arnhem Zuid,147,2,3
2026-05-26,AKL,Arkel,72,0,0
2026-05-26,AKM,Akkrum,66,1,4
2026-05-26,ALM,Almere Centrum,325,27,13
2026-05-26,ALMB,Almere Buiten,179,14,9
2026-05-26,ALMM,Almere Muziekwijk,209,12,2
2026-05-26,ALMO,Almere Oostvaarders,105,6,3
2026-05-26,ALMP,Almere Parkwijk,134,6,3
2026-05-26,AMF,Amersfoort Centraal,480,35,46
2026-05-26,AMFS,Amersfoort Schothorst,167,9,19
2026-05-26,AML,Almelo,256,9,1
2026-05-26,AMPO,Almere Poort,210,14,2
2026-05-26,AMR,Alkmaar,175,16,6
2026-05-26,AMRI,Almelo de Riet,95,2,0
2026-05-26,AMRN,Alkmaar Noord,147,10,7
2026-05-26,ANA,Anna Paulowna,81,4,7
2026-05-26,ANDD,Antwerpen-Noorderdokken,35,4,0
2026-05-26,APD,Apeldoorn,208,17,3
2026-05-26,APDM,Apeldoorn De Maten,64,0,0
2026-05-26,APDO,Apeldoorn Osseveld,72,3,2
2026-05-26,APG,Appingedam,70,0,2
2026-05-26,APN,Alphen a/d Rijn,154,11,50
2026-05-26,ARN,Arnemuiden,74,6,3
2026-05-26,ASA,Amsterdam Amstel,302,36,18
2026-05-26,ASB,Amsterdam Bijlmer ArenA,323,38,22
2026-05-26,ASD,Amsterdam Centraal,752,94,36
2026-05-26,ASDL,Amsterdam Lelylaan,338,7,6
2026-05-26,ASDM,Amsterdam Muiderpoort,253,39,18
2026-05-26,ASDZ,Amsterdam Zuid,514,46,40
2026-05-26,ASHD,Amsterdam Holendrecht,114,16,11
2026-05-26,ASN,Assen,162,5,1
2026-05-26,ASS,Amsterdam Sloterdijk,927,63,41
2026-05-26,ASSP,Amsterdam Science Park,136,12,7
2026-05-26,ATN,Aalten,74,7,0
2026-05-26,ATW,Antwerpen-Centraal,118,27,5
2026-05-26,ATWLB,Antwerpen-Luchtbal,35,8,0
2026-05-26,AVAT,Amersfoort Vathorst,105,5,5
2026-05-26,AW,Aachen West,35,0,30
2026-05-26,BADENZ,Baden (CH),1,0,0
2026-05-26,BASELB,Basel Bad Bf,1,0,0
2026-05-26,BASELS,Basel SBB,1,0,0
2026-05-26,BD,Breda,277,22,15
2026-05-26,BDE,Bunde,76,0,0
2026-05-26,BDG,Bodegraven,90,4,49
2026-05-26,BDM,Bedum,70,0,2
2026-05-26,BDPB,Breda-Prinsenbeek,73,0,0
2026-05-26,BERCH,Antwerpen-Berchem,63,11,3
2026-05-26,BERHBT,Berlin Hbf,12,6,0
2026-05-26,BET,Best,148,3,1
2026-05-26,BF,Baflo,71,2,5
2026-05-26,BGN,Bergen op Zoom,103,9,4
2026-05-26,BH,Bad Bentheim,46,25,7
2026-05-26,BHDV,Boven-Hardinxveld,133,7,2
2026-05-26,BHF,Berlin Ostbahnhof,5,5,1
2026-05-26,BHV,Bilthoven,145,2,0
2026-05-26,BIELEF,Bielefeld Hbf,14,4,4
2026-05-26,BK,Beek-Elsloo,76,0,0
2026-05-26,BKF,Bovenkarspel Flora,79,3,1
2026-05-26,BKG,Bovenkarspel-Grootebroek,79,5,1
2026-05-26,BKL,Breukelen,151,20,13
2026-05-26,BL,Beilen,74,2,0
2026-05-26,BLL,Bloemendaal,80,2,0
2026-05-26,BMN,Brummen,72,1,2
2026-05-26,BMR,Boxmeer,112,2,3
2026-05-26,BN,Borne,95,2,0
2026-05-26,BNC,Barneveld Centrum,114,6,28
2026-05-26,BNK,Bunnik,101,4,4
2026-05-26,BNN,Barneveld Noord,109,2,33
2026-05-26,BNZ,Barneveld Zuid,99,10,13
2026-05-26,BONN,Bonn Hbf,2,0,0
2026-05-26,BP,Buitenpost,102,11,3
2026-05-26,BR,Blerick,149,14,8
2026-05-26,BRD,Barendrecht,184,20,3
2026-05-26,BRESSX,Bressoux,34,4,5
2026-05-26,BRN,Baarn,107,9,12
2026-05-26,BRUSC,Brussel-Centraal,29,7,3
2026-05-26,BRUSN,Brussel-Noord,29,8,3
2026-05-26,BRUSZ,Brussel-Zuid,62,10,3
2026-05-26,BSD,Beesd,72,0,0
2026-05-26,BSK,Boskoop,128,0,2
2026-05-26,BSKS,Boskoop Snijdelwijk,128,0,2
2026-05-26,BSMZ,Bussum Zuid,128,15,15
2026-05-26,BSPD,Berlin-Spandau,12,6,0
2026-05-26,BTL,Boxtel,148,4,1
2026-05-26,BUENDE,Bünde (Westf),44,24,5
2026-05-26,BV,Beverwijk,82,2,0
2026-05-26,BZL,Kapelle-Biezelinge,74,5,3
2026-05-26,CAS,Castricum,207,23,5
2026-05-26,CK,Cuijk,112,1,3
2026-05-26,CL,Culemborg,149,10,23
2026-05-26,CO,Coevorden,88,4,3
2026-05-26,CPS,Capelle Schollevaar,77,11,6
2026-05-26,CVM,Chevremont,74,3,2
2026-05-26,DA,Daarlerveen,56,1,0
2026-05-26,DB,Driebergen-Zeist,162,14,5
2026-05-26,DDN,Delden,59,0,14
2026-05-26,DDR,Dordrecht,326,39,19
2026-05-26,DDRS,Dordrecht Stadspolders,133,14,2
2026-05-26,DDZD,Dordrecht Zuid,142,3,0
2026-05-26,DEI,Deinum,68,0,0
2026-05-26,DID,Didam,129,8,3
2026-05-26,DL,Dalfsen,94,5,4
2026-05-26,DLD,Den Dolder,145,2,0
2026-05-26,DLN,Dalen,47,4,2
2026-05-26,DMN,Diemen,136,15,7
2026-05-26,DMNZ,Diemen Zuid,127,11,10
2026-05-26,DN,Deurne,104,15,5
2026-05-26,DR,Dieren,144,4,4
2026-05-26,DRH,Driehuis,78,2,0
2026-05-26,DRON,Dronten,71,0,3
2026-05-26,DRP,Dronryp,68,0,0
2026-05-26,DT,Delft,451,71,17
2026-05-26,DTC,Doetinchem,101,12,2
2026-05-26,DTCH,Doetinchem De Huet,128,17,4
2026-05-26,DTCP,Delft Campus,183,24,3
2026-05-26,DUISB,Duisburg Hbf,50,19,3
2026-05-26,DUSSEL,Düsseldorf Hbf,48,17,4
2026-05-26,DV,Deventer,264,20,4
2026-05-26,DVC,Deventer Colmschate,72,2,2
2026-05-26,DVD,Duivendrecht,337,40,32
2026-05-26,DVN,Duiven,129,9,3
2026-05-26,DVNK,De Vink,133,5,2
2026-05-26,DWE,De Westereen,70,6,1
2026-05-26,DZ,Delfzijl,35,0,1
2026-05-26,DZW,Delfzijl West,70,0,2
2026-05-26,EABG,Altenberge,33,11,3
2026-05-26,EAHS,Ahaus,33,9,0
2026-05-26,EBFT,Steinfurt-Burgsteinfurt,33,12,3
2026-05-26,EBGO,Steinfurt-Borghorst,33,11,3
2026-05-26,EBOK,Bork (Westf),32,3,0
2026-05-26,EC,Echt,74,2,0
2026-05-26,ECMF,Coesfeld (Westf),32,10,0
2026-05-26,ED,Ede-Wageningen,268,17,10
2026-05-26,EDC,Ede Centrum,75,9,6
2026-05-26,EDD,Dortmund-Derne,31,7,1
2026-05-26,EDKD,Dortmund-Kirchderne,31,8,1
2026-05-26,EDN,Eijsden,34,3,5
2026-05-26,EDO,Dortmund Hbf,16,6,0
2026-05-26,EDULH,Dülmen,31,6,1
2026-05-26,EEM,Eemshaven,23,0,6
2026-05-26,EEPE,Epe (Westf),33,5,0
2026-05-26,EGH,Eygelshoven,74,3,2
2026-05-26,EGHM,Eygelshoven Markt,35,1,30
2026-05-26,EGRK,Steinfurt-Grottenkamp,33,12,3
2026-05-26,EHS,Eindhoven Strijp-S,148,3,1
2026-05-26,EHV,Eindhoven Centraal,371,34,11
2026-05-26,EHW,Rosendahl-Holtwick,33,7,0
2026-05-26,EKZ,Enkhuizen,39,3,0
2026-05-26,EL,Emmerich-Elten,30,18,6
2026-05-26,ELDH,Lüdinghausen,32,4,0
2026-05-26,ELET,Lette (Kr Coesfeld),32,7,0
2026-05-26,ELGD,Legden,33,7,0
2026-05-26,ELUE,Lünen Hbf,32,6,0
2026-05-26,EM,Emmerich,42,18,5
2026-05-26,EML,Ermelo,76,0,0
2026-05-26,EMN,Emmen,41,1,1
2026-05-26,EMNZ,Emmen Zuid,82,2,2
2026-05-26,EMTE,Metelen Land,33,10,3
2026-05-26,ENBE,Münster-Häger,33,11,3
2026-05-26,ENHF,Münster (W) Zentrum Nord,33,6,3
2026-05-26,ENOW,Nordwalde,33,11,3
2026-05-26,EOP,Ochtrup,33,8,3
2026-05-26,EPRA,Praest,33,9,3
2026-05-26,EPRN,Preussen,32,8,0
2026-05-26,ES,Enschede,139,8,2
2026-05-26,ESE,Enschede De Eschmarke,70,4,4
2026-05-26,ESEB,Selm-Beifang,32,4,0
2026-05-26,ESEM,Selm,32,3,0
2026-05-26,ESK,Enschede Kennispark,96,3,0
2026-05-26,ESN,Essen,35,2,0
2026-05-26,EST,Elst,215,6,4
2026-05-26,ETN,Etten-Leur,75,0,4
2026-05-26,FBNL,Brussels Airport-Zaventem,29,10,3
2026-05-26,FFFM,Frankfurt (M) Hbf,8,0,0
2026-05-26,FKTH,Kalmthout,35,5,0
2026-05-26,FMZ,Mainz Hbf,2,1,0
2026-05-26,FN,Franeker,68,0,0
2026-05-26,FNAF,Frankfurt Flughafen Fernb,17,4,0
2026-05-26,FNZD,Antwerpen-Zuid,33,1,0
2026-05-26,FRP,Puurs,17,0,0
2026-05-26,FVS,Visé,34,4,5
2026-05-26,FWD,Feanwâlden,131,11,4
2026-05-26,G,Gronau (Westf.),70,10,3
2026-05-26,GBG,Gramsbergen,47,4,3
2026-05-26,GBR,Glanerbrug,70,5,4
2026-05-26,GD,Gouda,504,32,20
2026-05-26,GDG,Gouda Goverwelle,163,18,10
2026-05-26,GDM,Geldermalsen,185,8,23
2026-05-26,GDR,Gaanderen,74,15,0
2026-05-26,GERP,Groningen Europapark,327,15,12
2026-05-26,GK,Grijpskerk,70,6,1
2026-05-26,GKT,Kijkuit,35,4,0
2026-05-26,GLN,Geleen Oost,76,4,0
2026-05-26,GN,Groningen,365,17,12
2026-05-26,GND,Hardinxveld-Giessendam,133,19,2
2026-05-26,GNN,Groningen Noord,141,2,7
2026-05-26,GO,Goor,59,0,14
2026-05-26,GP,Geldrop,69,2,0
2026-05-26,GR,Gorinchem,102,0,1
2026-05-26,GS,Goes,102,11,4
2026-05-26,GSB,Berlin Gesundbrunnen,1,0,0
2026-05-26,GV,Den Haag HS,454,76,16
2026-05-26,GVC,Den Haag Centraal,374,37,12
2026-05-26,GVM,Den Haag Mariahoeve,133,5,2
2026-05-26,GVMW,Den Haag Moerwijk,183,22,3
2026-05-26,GW,Grou-Jirnsum,66,1,4
2026-05-26,GWD,Wildert,35,3,0
2026-05-26,GZ,Gilze-Rijen,73,1,0
2026-05-26,HAD,Heemstede-Aerdenhout,216,21,3
2026-05-26,HANN,Hannover Hbf,15,7,0
2026-05-26,HB,Hoensbroek,76,3,0
2026-05-26,HBZM,Hardinxveld Blauwe Zoom,74,9,0
2026-05-26,HD,Harderwijk,79,1,0
2026-05-26,HDB,Hardenberg,112,10,12
2026-05-26,HDE,'t Harde,74,0,0
2026-05-26,HDG,Hurdegaryp,70,6,2
2026-05-26,HDR,Den Helder,41,2,5
2026-05-26,HDRZ,Den Helder Zuid,80,3,8
2026-05-26,HFD,Hoofddorp,294,15,13
2026-05-26,HGL,Hengelo,291,24,21
2026-05-26,HGLG,Hengelo Gezondheidspark,59,0,14
2026-05-26,HGLO,Hengelo Oost,60,3,16
2026-05-26,HGV,Hoogeveen,74,3,0
2026-05-26,HGZ,Hoogezand-Sappemeer,137,6,4
2026-05-26,HIL,Hillegom,75,6,0
2026-05-26,HK,Heemskerk,78,2,0
2026-05-26,HKS,Hoogkarspel,79,5,1
2026-05-26,HLG,Harlingen,68,0,0
2026-05-26,HLGH,Harlingen Haven,34,0,0
2026-05-26,HLM,Haarlem,379,22,9
2026-05-26,HLMS,Haarlem Spaarnwoude,152,4,2
2026-05-26,HLO,Heiloo,160,15,2
2026-05-26,HM,Helmond,138,17,6
2026-05-26,HMBH,Helmond Brouwhuis,68,4,3
2026-05-26,HMBV,Helmond Brandevoort,68,3,3
2026-05-26,HMH,Helmond 't Hout,68,3,3
2026-05-26,HMN,Hemmen-Dodewaard,66,0,0
2026-05-26,HN,Hoorn,186,13,2
2026-05-26,HNK,Hoorn Kersenboogerd,114,8,2
2026-05-26,HNO,Heino,76,1,0
2026-05-26,HNP,Hindeloopen,46,0,0
2026-05-26,HOHT,Osnabrück Altstadt,31,12,5
2026-05-26,HON,Holten,72,2,2
2026-05-26,HOR,Hollandsche Rading,73,2,8
2026-05-26,HR,Heerenveen,135,4,6
2026-05-26,HRL,Heerlen,193,19,20
2026-05-26,HRLW,Heerlen Woonboulevard,76,5,2
2026-05-26,HRN,Haren,100,2,0
2026-05-26,HRT,Horst-Sevenum,70,11,3
2026-05-26,HT,'s-Hertogenbosch,412,33,20
2026-05-26,HTN,Houten,150,5,23
2026-05-26,HTNC,Houten Castellum,150,8,23
2026-05-26,HTO,'s-Hertogenbosch Oost,78,2,0
2026-05-26,HVL,Hoevelaken,110,2,32
2026-05-26,HVS,Hilversum,342,33,32
2026-05-26,HVSM,Hilversum Media Park,128,16,15
2026-05-26,HVSP,Hilversum Sportpark,128,10,9
2026-05-26,HWD,Heerhugowaard,147,9,7
2026-05-26,HWZB,Halfweg-Zwanenburg,152,3,2
2026-05-26,HZ,Herzogenrath,35,0,30
2026-05-26,HZE,Heeze,69,2,0
2026-05-26,IJT,IJlst,46,0,0
2026-05-26,INNSB,Innsbruck Hbf,1,0,0
2026-05-26,JENBAC,Jenbach,1,0,0
2026-05-26,KARLSR,Karlsruhe Hbf,1,0,0
2026-05-26,KBD,Krabbendijke,74,6,3
2026-05-26,KBK,Klarenbeek,64,0,0
2026-05-26,KBOI,Boisheim,32,7,4
2026-05-26,KBRY,Breyell,32,8,4
2026-05-26,KDBI,Düsseldorf-Bilk,32,11,2
2026-05-26,KDFFH,Düsseldorf Flughafen,30,8,3
2026-05-26,KDUL,Dülken,32,7,4
2026-05-26,KKD,Köln Messe/Deutz,2,2,0
2026-05-26,KKO,Koblenz Hbf,2,1,0
2026-05-26,KLP,Veenendaal-De Klomp,86,5,3
2026-05-26,KMA,Krommenie-Assendelft,99,13,24
2026-05-26,KMR,Klimmen-Ransdaal,76,5,2
2026-05-26,KMW,Koudum-Molkwerum,46,0,0
2026-05-26,KN,Kaldenkirchen,32,8,4
2026-05-26,KOLN,Köln Hbf,17,6,0
2026-05-26,KPN,Kampen,36,1,3
2026-05-26,KPNZ,Kampen Zuid,71,2,3
2026-05-26,KRD,Kerkrade Centrum,37,2,1
2026-05-26,KRG,Kruiningen-Yerseke,74,6,3
2026-05-26,KSB,Siegburg/Bonn,15,5,0
2026-05-26,KTR,Kesteren,66,0,0
2026-05-26,KUFST,Kufstein,1,0,0
2026-05-26,KW,Kropswolde,137,5,4
2026-05-26,KZ,Koog aan de Zaan,102,17,21
2026-05-26,LAA,Den Haag Laan v NOI,327,46,10
2026-05-26,LC,Lochem,58,0,14
2026-05-26,LDL,Leiden Lammenschans,101,13,39
2026-05-26,LDM,Leerdam,72,0,0
2026-05-26,LEDN,Leiden Centraal,557,53,38
2026-05-26,LEER,Leer (Ostfriesl),25,0,0
2026-05-26,LG,Landgraaf,109,12,32
2026-05-26,LILLEE,Lille Europe,7,1,0
2026-05-26,LKP,Kapellen,35,4,0
2026-05-26,LKR,Ekeren,35,4,0
2026-05-26,LLS,Lelystad Centrum,168,18,8
2026-05-26,LLZM,Lansingerland-Zoetermeer,99,1,3
2026-05-26,LP,Loppersum,70,0,2
2026-05-26,LTN,Lunteren,75,9,6
2026-05-26,LTV,Lichtenvoorde-Groenlo,69,3,7
2026-05-26,LUIK,Liège-Guillemins,17,3,3
2026-05-26,LUT,Geleen-Lutterade,76,1,0
2026-05-26,LW,Leeuwarden,203,8,7
2026-05-26,LWC,Leeuwarden Camminghaburen,68,9,3
2026-05-26,MA,Augsburg Hbf,3,0,0
2026-05-26,MANNHE,Mannheim Hbf,4,0,0
2026-05-26,MARIA,Sint-Mariaburg,35,4,0
2026-05-26,MAS,Maarssen,116,9,6
2026-05-26,MCGB,Mönchengladbach Hbf,32,13,3
2026-05-26,MDB,Middelburg,100,9,6
2026-05-26,MECH,Mechelen,29,10,3
2026-05-26,MES,Meerssen,139,13,2
2026-05-26,MG,Mantgum,68,0,0
2026-05-26,MID,Heide (B),35,4,0
2026-05-26,MMLH,Mook-Molenhoek,112,2,3
2026-05-26,MOP,München Ost,1,0,0
2026-05-26,MP,Meppel,208,7,7
2026-05-26,MRB,Mariënberg,122,4,10
2026-05-26,MRN,Maarn,74,3,0
2026-05-26,MT,Maastricht,234,16,9
2026-05-26,MTH,Martenshoek,137,5,4
2026-05-26,MTN,Maastricht Noord,77,4,1
2026-05-26,MTR,Maastricht Randwyck,108,4,8
2026-05-26,MUNCHH,München Hbf,2,0,0
2026-05-26,MUNST,Münster (Westf) Hbf,15,5,2
2026-05-26,MZ,Maarheeze,69,2,0
2026-05-26,NA,Nieuw Amsterdam,76,3,2
2026-05-26,NDB,Naarden-Bussum,202,22,15
2026-05-26,NDKP,Noorderkempen,29,10,3
2026-05-26,NEUSS,Neuss Hbf,32,10,2
2026-05-26,NH,Nuth,76,4,0
2026-05-26,NKK,Nijkerk,81,0,0
2026-05-26,NM,Nijmegen,283,8,4
2026-05-26,NMD,Nijmegen Dukenburg,107,0,0
2026-05-26,NMGO,Nijmegen Goffert,107,0,0
2026-05-26,NMH,Nijmegen Heyendaal,112,2,3
2026-05-26,NML,Nijmegen Lent,147,4,3
2026-05-26,NS,Nunspeet,76,2,0
2026-05-26,NSCH,Bad Nieuweschans,36,3,2
2026-05-26,NURNB,Nürnberg Hbf,1,0,0
2026-05-26,NVD,Nijverdal,104,1,0
2026-05-26,NVP,Nieuw Vennep,122,6,10
2026-05-26,NWK,Nieuwerkerk a/d IJssel,77,10,6
2026-05-26,O,Oss,174,2,2
2026-05-26,OBD,Obdam,66,1,0
2026-05-26,OBERH,Oberhausen Hbf,51,22,3
2026-05-26,OBERHS,Oberhausen-Sterkrade,33,13,4
2026-05-26,ODB,Oudenbosch,69,1,0
2026-05-26,ODZ,Oldenzaal,56,13,20
2026-05-26,OMN,Ommen,93,9,5
2026-05-26,OP,Opheusden,66,0,0
2026-05-26,OSNH,Osnabrück Hbf,46,22,5
2026-05-26,OST,Olst,74,2,1
2026-05-26,OT,Oisterwijk,70,2,0
2026-05-26,OTB,Oosterbeek,68,0,0
2026-05-26,OVN,Overveen,128,5,4
2026-05-26,OW,Oss West,78,2,0
2026-05-26,PARIS,Paris-Nord,11,0,0
2026-05-26,PMO,Purmerend Overwhere,77,7,0
2026-05-26,PMR,Purmerend,81,6,0
2026-05-26,PMW,Purmerend Weidevenne,77,5,0
2026-05-26,PT,Putten,76,0,0
2026-05-26,RAI,Amsterdam RAI,129,5,11
2026-05-26,RAT,Raalte,104,1,0
2026-05-26,RB,Rilland-Bath,74,6,3
2026-05-26,RBB,Baden-Baden,1,0,0
2026-05-26,RD,Roodeschool,58,3,8
2026-05-26,RF,Freiburg (Breisgau) Hbf,1,0,0
2026-05-26,RH,Rheden,70,2,4
2026-05-26,RHEINE,Rheine,45,21,5
2026-05-26,RHN,Rhenen,37,0,0
2026-05-26,RL,Ruurlo,66,5,10
2026-05-26,RLB,Rotterdam Lombardijen,185,22,3
2026-05-26,RM,Roermond,204,12,6
2026-05-26,RO,Offenburg,1,0,0
2026-05-26,ROSENH,Rosenheim,1,0,0
2026-05-26,RS,Rosmalen,78,3,0
2026-05-26,RSD,Roosendaal,179,15,8
2026-05-26,RSN,Rijssen,72,3,2
2026-05-26,RSW,Rijswijk,183,23,3
2026-05-26,RTA,Rotterdam Alexander,212,34,12
2026-05-26,RTB,Rotterdam Blaak,324,48,9
2026-05-26,RTD,Rotterdam Centraal,690,122,34
2026-05-26,RTN,Rotterdam Noord,77,13,6
2026-05-26,RTZ,Rotterdam Zuid,185,20,3
2026-05-26,RV,Reuver,75,2,4
2026-05-26,RVS,Ravenstein,79,0,0
2026-05-26,SBK,Spaubeek,76,3,0
2026-05-26,SD,Soestdijk,70,1,0
2026-05-26,SDA,Scheemda,106,8,12
2026-05-26,SDM,Schiedam Centrum,376,54,12
2026-05-26,SDT,Sliedrecht,133,15,2
2026-05-26,SDTB,Sliedrecht Baanhoek,133,38,2
2026-05-26,SGL,Houthem-St. Gerlach,77,4,1
2026-05-26,SGN,Schagen,81,6,7
2026-05-26,SHL,Schiphol Airport,869,74,43
2026-05-26,SK,Sneek,65,0,0
2026-05-26,SKND,Sneek Noord,81,0,0
2026-05-26,SM,Swalmen,74,1,5
2026-05-26,SN,Schinnen,76,4,0
2026-05-26,SOG,Schin op Geul,76,5,2
2026-05-26,SPTN,Santpoort Noord,78,2,0
2026-05-26,SPTZ,Santpoort Zuid,78,2,0
2026-05-26,SRN,Susteren,74,2,0
2026-05-26,SSH,Sassenheim,122,6,10
2026-05-26,ST,Soest,70,2,0
2026-05-26,STD,Sittard,247,12,3
2026-05-26,STM,Stedum,70,0,2
2026-05-26,STP,London St. Pancras Int.,5,0,0
2026-05-26,STV,Stavoren,23,0,0
2026-05-26,STZ,Soest Zuid,70,2,0
2026-05-26,SWD,Sauwerd,141,2,7
2026-05-26,SWK,Steenwijk,134,3,7
2026-05-26,TB,Tilburg,290,11,8
2026-05-26,TBG,Terborg,74,11,0
2026-05-26,TBR,Tilburg Reeshof,73,1,0
2026-05-26,TBU,Tilburg Universiteit,107,1,1
2026-05-26,TG,Tegelen,76,5,3
2026-05-26,TL,Tiel,70,3,3
2026-05-26,TPSW,Tiel Passewaaij,73,3,6
2026-05-26,TS,Stuttgart Hbf,3,0,0
2026-05-26,TU,Ulm Hbf,2,0,0
2026-05-26,TWL,Twello,72,2,2
2026-05-26,UHM,Uithuizermeeden,70,3,4
2026-05-26,UHZ,Uithuizen,70,3,4
2026-05-26,UST,Usquert,70,2,4
2026-05-26,UT,Utrecht Centraal,1030,88,72
2026-05-26,UTG,Uitgeest,131,9,11
2026-05-26,UTLN,Utrecht Lunetten,145,4,28
2026-05-26,UTLR,Utrecht Leidsche Rijn,168,4,49
2026-05-26,UTM,Utrecht Maliebaan,8,0,0
2026-05-26,UTO,Utrecht Overvecht,287,9,10
2026-05-26,UTT,Utrecht Terwijde,120,3,26
2026-05-26,UTVR,Utrecht Vaartsche Rijn,251,11,27
2026-05-26,UTZL,Utrecht Zuilen,116,8,6
2026-05-26,VB,Voorburg,99,3,3
2026-05-26,VD,Vorden,68,5,8
2026-05-26,VDL,Voerendaal,76,5,2
2026-05-26,VDM,Veendam,35,0,0
2026-05-26,VEM,Voorst-Empe,64,0,0
2026-05-26,VG,Vught,78,1,1
2026-05-26,VH,Voorhout,75,4,0
2026-05-26,VHP,Vroomshoop,56,0,0
2026-05-26,VIERS,Viersen,32,7,4
2026-05-26,VK,Valkenburg,138,15,3
2026-05-26,VL,Venlo,129,11,8
2026-05-26,VLB,Vierlingsbeek,112,1,3
2026-05-26,VNDC,Veenendaal Centrum,74,1,0
2026-05-26,VNDW,Veenendaal West,74,2,0
2026-05-26,VP,Velp,70,2,4
2026-05-26,VRY,Venray,96,1,4
2026-05-26,VS,Vlissingen,49,7,4
2026-05-26,VSS,Vlissingen Souburg,70,2,7
2026-05-26,VST,Voorschoten,133,5,2
2026-05-26,VSV,Varsseveld,74,15,0
2026-05-26,VTN,Vleuten,120,3,26
2026-05-26,VZ,Vriezenveen,56,1,0
2026-05-26,WAD,Waddinxveen,128,0,2
2026-05-26,WADN,Waddinxveen Noord,128,0,2
2026-05-26,WADT,Waddinxveen Triangel,128,1,2
2026-05-26,WC,Wijchen,93,0,0
2026-05-26,WD,Woerden,261,15,50
2026-05-26,WDN,Wierden,148,6,2
2026-05-26,WESEL,Wesel,33,12,3
2026-05-26,WF,Wolfheze,68,1,0
2026-05-26,WFM,Warffum,70,2,4
2026-05-26,WH,Wijhe,74,2,1
2026-05-26,WK,Workum,46,0,0
2026-05-26,WL,Wehl,129,13,3
2026-05-26,WM,Wormerveer,101,19,22
2026-05-26,WORGL,Wörgl Hbf,1,0,0
2026-05-26,WP,Weesp,263,26,17
2026-05-26,WR,Weener,34,0,0
2026-05-26,WS,Winschoten,72,6,8
2026-05-26,WSM,Winsum,71,2,5
2026-05-26,WT,Weert,164,13,3
2026-05-26,WTV,Westervoort,129,8,3
2026-05-26,WURZB,Würzburg Hbf,1,0,0
2026-05-26,WV,Wolvega,66,0,4
2026-05-26,WW,Winterswijk,73,8,3
2026-05-26,WWW,Winterswijk West,71,5,5
2026-05-26,WZ,Wezep,74,1,0
2026-05-26,YPB,Den Haag Ypenburg,99,3,3
2026-05-26,ZA,Zetten-Andelst,66,0,0
2026-05-26,ZB,Zuidbroek,136,6,6
2026-05-26,ZBM,Zaltbommel,76,7,17
2026-05-26,ZD,Zaandam,302,38,24
2026-05-26,ZDK,Zaandam Kogerveld,77,8,0
2026-05-26,ZH,Zuidhorn,102,9,2
2026-05-26,ZL,Zwolle,454,14,15
2026-05-26,ZLSH,Zwolle Stadshagen,71,1,7
2026-05-26,ZLW,Lage Zwaluwe,142,2,0
2026-05-26,ZP,Zutphen,208,6,12
2026-05-26,ZTM,Zoetermeer,99,2,3
2026-05-26,ZTMO,Zoetermeer Oost,99,2,3
2026-05-26,ZUE,Zürich HB,1,0,0
2026-05-26,ZV,Zevenaar,161,28,9
2026-05-26,ZVB,Zevenbergen,69,1,0
2026-05-26,ZVT,Zandvoort aan Zee,85,4,2
2026-05-26,ZWD,Zwijndrecht,172,28,15
2026-05-26,ZZS,Zaandijk Zaanse Schans,102,20,21
2026-05-27,AC,Abcoude,107,9,28
2026-05-27,AH,Arnhem Centraal,440,40,17
2026-05-27,AHBF,Aachen Hbf,31,4,18
2026-05-27,AHP,Arnhem Velperpoort,192,13,12
2026-05-27,AHPR,Arnhem Presikhaaf,71,2,1
2026-05-27,AHZ,Arnhem Zuid,141,2,7
2026-05-27,AKL,Arkel,72,4,2
2026-05-27,AKM,Akkrum,68,1,0
2026-05-27,ALM,Almere Centrum,331,6,7
2026-05-27,ALMB,Almere Buiten,182,0,5
2026-05-27,ALMM,Almere Muziekwijk,208,3,3
2026-05-27,ALMO,Almere Oostvaarders,106,0,1
2026-05-27,ALMP,Almere Parkwijk,135,0,1
2026-05-27,AMF,Amersfoort Centraal,503,15,13
2026-05-27,AMFS,Amersfoort Schothorst,170,1,4
2026-05-27,AML,Almelo,254,3,14
2026-05-27,AMPO,Almere Poort,208,1,3
2026-05-27,AMR,Alkmaar,137,19,14
2026-05-27,AMRI,Almelo de Riet,93,1,2
2026-05-27,AMRN,Alkmaar Noord,79,9,2
2026-05-27,ANA,Anna Paulowna,77,4,2
2026-05-27,ANDD,Antwerpen-Noorderdokken,35,3,0
2026-05-27,APD,Apeldoorn,206,6,0
2026-05-27,APDM,Apeldoorn De Maten,64,0,0
2026-05-27,APDO,Apeldoorn Osseveld,74,1,0
2026-05-27,APG,Appingedam,70,0,2
2026-05-27,APN,Alphen a/d Rijn,166,2,9
2026-05-27,ARN,Arnemuiden,74,1,3
2026-05-27,ASA,Amsterdam Amstel,307,40,50
2026-05-27,ASB,Amsterdam Bijlmer ArenA,323,25,29
2026-05-27,ASD,Amsterdam Centraal,760,57,58
2026-05-27,ASDL,Amsterdam Lelylaan,324,1,57
2026-05-27,ASDM,Amsterdam Muiderpoort,253,17,25
2026-05-27,ASDZ,Amsterdam Zuid,533,23,16
2026-05-27,ASHD,Amsterdam Holendrecht,110,12,25
2026-05-27,ASN,Assen,160,1,6
2026-05-27,ASS,Amsterdam Sloterdijk,916,42,120
2026-05-27,ASSP,Amsterdam Science Park,136,2,1
2026-05-27,ATN,Aalten,73,2,1
2026-05-27,ATW,Antwerpen-Centraal,125,27,0
2026-05-27,ATWLB,Antwerpen-Luchtbal,35,4,0
2026-05-27,AVAT,Amersfoort Vathorst,105,1,0
2026-05-27,AW,Aachen West,61,5,38
2026-05-27,BADENZ,Baden (CH),1,0,0
2026-05-27,BASELB,Basel Bad Bf,1,0,0
2026-05-27,BASELS,Basel SBB,1,0,0
2026-05-27,BD,Breda,280,15,17
2026-05-27,BDE,Bunde,76,2,0
2026-05-27,BDG,Bodegraven,105,0,5
2026-05-27,BDM,Bedum,71,0,1
2026-05-27,BDPB,Breda-Prinsenbeek,73,2,5
2026-05-27,BERCH,Antwerpen-Berchem,66,10,0
2026-05-27,BERHBL,Berlin Hbf,1,0,0
2026-05-27,BERHBT,Berlin Hbf,12,5,0
2026-05-27,BET,Best,146,5,2
2026-05-27,BF,Baflo,76,0,0
2026-05-27,BGN,Bergen op Zoom,103,5,5
2026-05-27,BH,Bad Bentheim,52,19,1
2026-05-27,BHDV,Boven-Hardinxveld,129,11,8
2026-05-27,BHF,Berlin Ostbahnhof,7,4,0
2026-05-27,BHV,Bilthoven,145,1,0
2026-05-27,BIELEF,Bielefeld Hbf,18,3,0
2026-05-27,BK,Beek-Elsloo,76,2,0
2026-05-27,BKF,Bovenkarspel Flora,76,4,25
2026-05-27,BKG,Bovenkarspel-Grootebroek,76,4,25
2026-05-27,BKL,Breukelen,144,10,29
2026-05-27,BL,Beilen,71,0,3
2026-05-27,BLL,Bloemendaal,80,1,0
2026-05-27,BMN,Brummen,71,1,1
2026-05-27,BMR,Boxmeer,101,3,13
2026-05-27,BN,Borne,93,0,2
2026-05-27,BNC,Barneveld Centrum,138,2,0
2026-05-27,BNK,Bunnik,104,7,4
2026-05-27,BNN,Barneveld Noord,138,0,0
2026-05-27,BNZ,Barneveld Zuid,108,2,0
2026-05-27,BONN,Bonn Hbf,2,0,0
2026-05-27,BP,Buitenpost,105,5,0
2026-05-27,BR,Blerick,151,10,8
2026-05-27,BRD,Barendrecht,186,4,1
2026-05-27,BRESSX,Bressoux,37,0,36
2026-05-27,BRN,Baarn,112,1,1
2026-05-27,BRUSC,Brussel-Centraal,33,3,0
2026-05-27,BRUSN,Brussel-Noord,32,2,0
2026-05-27,BRUSZ,Brussel-Zuid,66,10,0
2026-05-27,BSD,Beesd,72,2,2
2026-05-27,BSK,Boskoop,125,0,5
2026-05-27,BSKS,Boskoop Snijdelwijk,126,0,4
2026-05-27,BSMZ,Bussum Zuid,136,1,1
2026-05-27,BSPD,Berlin-Spandau,12,6,0
2026-05-27,BTL,Boxtel,146,5,3
2026-05-27,BUENDE,Bünde (Westf),49,18,0
2026-05-27,BV,Beverwijk,80,2,0
2026-05-27,BZL,Kapelle-Biezelinge,74,1,3
2026-05-27,CAS,Castricum,196,25,26
2026-05-27,CK,Cuijk,102,1,12
2026-05-27,CL,Culemborg,152,4,3
2026-05-27,CO,Coevorden,89,2,0
2026-05-27,CPS,Capelle Schollevaar,78,4,14
2026-05-27,CVM,Chevremont,76,0,0
2026-05-27,DA,Daarlerveen,56,1,24
2026-05-27,DB,Driebergen-Zeist,165,13,4
2026-05-27,DDN,Delden,73,1,0
2026-05-27,DDR,Dordrecht,337,18,13
2026-05-27,DDRS,Dordrecht Stadspolders,124,8,13
2026-05-27,DDZD,Dordrecht Zuid,142,4,5
2026-05-27,DEI,Deinum,68,2,0
2026-05-27,DID,Didam,121,5,11
2026-05-27,DL,Dalfsen,97,2,0
2026-05-27,DLD,Den Dolder,145,2,0
2026-05-27,DLN,Dalen,47,0,0
2026-05-27,DMN,Diemen,136,2,1
2026-05-27,DMNZ,Diemen Zuid,135,3,1
2026-05-27,DN,Deurne,107,4,4
2026-05-27,DR,Dieren,145,2,3
2026-05-27,DRH,Driehuis,78,2,0
2026-05-27,DRON,Dronten,72,3,0
2026-05-27,DRP,Dronryp,68,1,0
2026-05-27,DT,Delft,456,23,12
2026-05-27,DTC,Doetinchem,97,5,6
2026-05-27,DTCH,Doetinchem De Huet,121,6,11
2026-05-27,DTCP,Delft Campus,185,5,0
2026-05-27,DUISB,Duisburg Hbf,51,6,1
2026-05-27,DUSSEL,Düsseldorf Hbf,51,7,1
2026-05-27,DV,Deventer,264,7,2
2026-05-27,DVC,Deventer Colmschate,74,1,0
2026-05-27,DVD,Duivendrecht,339,18,38
2026-05-27,DVN,Duiven,121,12,11
2026-05-27,DVNK,De Vink,134,0,1
2026-05-27,DWE,De Westereen,71,6,0
2026-05-27,DZ,Delfzijl,35,0,1
2026-05-27,DZW,Delfzijl West,70,0,2
2026-05-27,EABG,Altenberge,36,2,0
2026-05-27,EAHS,Ahaus,28,15,5
2026-05-27,EBFT,Steinfurt-Burgsteinfurt,36,3,0
2026-05-27,EBGO,Steinfurt-Borghorst,36,4,0
2026-05-27,EBOK,Bork (Westf),26,14,6
2026-05-27,EC,Echt,74,2,0
2026-05-27,ECMF,Coesfeld (Westf),27,16,5
2026-05-27,ED,Ede-Wageningen,271,8,2
2026-05-27,EDC,Ede Centrum,78,1,0
2026-05-27,EDD,Dortmund-Derne,26,15,6
2026-05-27,EDKD,Dortmund-Kirchderne,26,15,6
2026-05-27,EDN,Eijsden,37,3,36
2026-05-27,EDO,Dortmund Hbf,12,9,4
2026-05-27,EDULH,Dülmen,27,18,5
2026-05-27,EEM,Eemshaven,29,0,0
2026-05-27,EEPE,Epe (Westf),28,10,5
2026-05-27,EGH,Eygelshoven,76,0,0
2026-05-27,EGHM,Eygelshoven Markt,59,5,40
2026-05-27,EGRK,Steinfurt-Grottenkamp,36,1,0
2026-05-27,EHS,Eindhoven Strijp-S,146,5,2
2026-05-27,EHV,Eindhoven Centraal,370,28,34
2026-05-27,EHW,Rosendahl-Holtwick,28,15,5
2026-05-27,EKZ,Enkhuizen,38,4,12
2026-05-27,EL,Emmerich-Elten,33,18,3
2026-05-27,ELDH,Lüdinghausen,26,12,6
2026-05-27,ELET,Lette (Kr Coesfeld),27,19,5
2026-05-27,ELGD,Legden,28,12,5
2026-05-27,ELUE,Lünen Hbf,26,16,6
2026-05-27,EM,Emmerich,43,13,2
2026-05-27,EML,Ermelo,73,0,0
2026-05-27,EMN,Emmen,40,1,0
2026-05-27,EMNZ,Emmen Zuid,81,1,0
2026-05-27,EMTE,Metelen Land,36,1,0
2026-05-27,ENBE,Münster-Häger,36,2,0
2026-05-27,ENHF,Münster (W) Zentrum Nord,36,2,0
2026-05-27,ENOW,Nordwalde,36,3,0
2026-05-27,EOP,Ochtrup,36,2,0
2026-05-27,EPRA,Praest,35,9,1
2026-05-27,EPRN,Preussen,26,16,6
2026-05-27,ES,Enschede,134,7,6
2026-05-27,ESE,Enschede De Eschmarke,65,2,9
2026-05-27,ESEB,Selm-Beifang,26,14,6
2026-05-27,ESEM,Selm,26,14,6
2026-05-27,ESK,Enschede Kennispark,94,3,2
2026-05-27,ESN,Essen,35,1,0
2026-05-27,EST,Elst,206,10,8
2026-05-27,ETN,Etten-Leur,76,1,5
2026-05-27,FBNL,Brussels Airport-Zaventem,32,5,0
2026-05-27,FFFM,Frankfurt (M) Hbf,8,0,0
2026-05-27,FKTH,Kalmthout,35,1,0
2026-05-27,FMZ,Mainz Hbf,2,0,0
2026-05-27,FN,Franeker,68,1,0
2026-05-27,FNAF,Frankfurt Flughafen Fernb,17,0,0
2026-05-27,FNZD,Antwerpen-Zuid,33,2,0
2026-05-27,FRP,Puurs,17,0,0
2026-05-27,FVS,Visé,37,0,36
2026-05-27,FWD,Feanwâlden,135,5,0
2026-05-27,G,Gronau (Westf.),68,11,5
2026-05-27,GBG,Gramsbergen,47,0,0
2026-05-27,GBR,Glanerbrug,65,2,9
2026-05-27,GD,Gouda,502,16,40
2026-05-27,GDG,Gouda Goverwelle,164,6,17
2026-05-27,GDM,Geldermalsen,186,4,6
2026-05-27,GDR,Gaanderen,73,6,1
2026-05-27,GERP,Groningen Europapark,338,1,1
2026-05-27,GK,Grijpskerk,71,2,0
2026-05-27,GKT,Kijkuit,35,1,0
2026-05-27,GLN,Geleen Oost,76,3,0
2026-05-27,GN,Groningen,375,5,4
2026-05-27,GND,Hardinxveld-Giessendam,126,12,11
2026-05-27,GNN,Groningen Noord,147,0,1
2026-05-27,GO,Goor,73,2,0
2026-05-27,GP,Geldrop,69,3,0
2026-05-27,GR,Gorinchem,100,9,5
2026-05-27,GS,Goes,102,4,5
2026-05-27,GV,Den Haag HS,462,15,13
2026-05-27,GVC,Den Haag Centraal,379,7,9
2026-05-27,GVM,Den Haag Mariahoeve,134,0,1
2026-05-27,GVMW,Den Haag Moerwijk,185,3,0
2026-05-27,GW,Grou-Jirnsum,68,1,0
2026-05-27,GWD,Wildert,35,1,0
2026-05-27,GZ,Gilze-Rijen,73,6,5
2026-05-27,HAD,Heemstede-Aerdenhout,213,11,4
2026-05-27,HANN,Hannover Hbf,14,9,0
2026-05-27,HB,Hoensbroek,76,8,0
2026-05-27,HBZM,Hardinxveld Blauwe Zoom,70,7,6
2026-05-27,HD,Harderwijk,76,1,0
2026-05-27,HDB,Hardenberg,111,3,11
2026-05-27,HDE,'t Harde,73,1,0
2026-05-27,HDG,Hurdegaryp,71,3,0
2026-05-27,HDR,Den Helder,38,3,0
2026-05-27,HDRZ,Den Helder Zuid,77,3,2
2026-05-27,HFD,Hoofddorp,296,2,29
2026-05-27,HGL,Hengelo,306,16,3
2026-05-27,HGLG,Hengelo Gezondheidspark,73,4,0
2026-05-27,HGLO,Hengelo Oost,76,1,0
2026-05-27,HGV,Hoogeveen,71,1,3
2026-05-27,HGZ,Hoogezand-Sappemeer,141,1,0
2026-05-27,HIL,Hillegom,75,4,0
2026-05-27,HK,Heemskerk,78,3,0
2026-05-27,HKS,Hoogkarspel,76,5,25
2026-05-27,HLG,Harlingen,68,1,0
2026-05-27,HLGH,Harlingen Haven,34,1,0
2026-05-27,HLM,Haarlem,334,11,6
2026-05-27,HLMS,Haarlem Spaarnwoude,154,2,0
2026-05-27,HLO,Heiloo,128,18,24
2026-05-27,HM,Helmond,142,5,4
2026-05-27,HMBH,Helmond Brouwhuis,70,1,0
2026-05-27,HMBV,Helmond Brandevoort,70,1,0
2026-05-27,HMH,Helmond 't Hout,70,1,0
2026-05-27,HMN,Hemmen-Dodewaard,63,3,3
2026-05-27,HN,Hoorn,172,13,82
2026-05-27,HNK,Hoorn Kersenboogerd,107,6,48
2026-05-27,HNO,Heino,75,0,1
2026-05-27,HNP,Hindeloopen,46,5,0
2026-05-27,HOHT,Osnabrück Altstadt,36,12,0
2026-05-27,HON,Holten,74,0,0
2026-05-27,HOR,Hollandsche Rading,81,1,0
2026-05-27,HR,Heerenveen,139,2,2
2026-05-27,HRL,Heerlen,177,30,79
2026-05-27,HRLW,Heerlen Woonboulevard,78,0,0
2026-05-27,HRN,Haren,100,0,0
2026-05-27,HRT,Horst-Sevenum,72,3,4
2026-05-27,HT,'s-Hertogenbosch,411,18,44
2026-05-27,HTN,Houten,153,3,3
2026-05-27,HTNC,Houten Castellum,153,3,3
2026-05-27,HTO,'s-Hertogenbosch Oost,78,3,5
2026-05-27,HVL,Hoevelaken,138,1,0
2026-05-27,HVS,Hilversum,354,7,9
2026-05-27,HVSM,Hilversum Media Park,136,1,1
2026-05-27,HVSP,Hilversum Sportpark,135,0,2
2026-05-27,HWD,Heerhugowaard,115,13,2
2026-05-27,HWZB,Halfweg-Zwanenburg,154,2,0
2026-05-27,HZ,Herzogenrath,60,5,39
2026-05-27,HZE,Heeze,69,4,0
2026-05-27,IJT,IJlst,46,6,0
2026-05-27,INNSB,Innsbruck Hbf,1,0,0
2026-05-27,JENBAC,Jenbach,1,0,0
2026-05-27,KARLSR,Karlsruhe Hbf,1,0,0
2026-05-27,KBD,Krabbendijke,74,2,3
2026-05-27,KBK,Klarenbeek,64,0,0
2026-05-27,KBOI,Boisheim,36,8,0
2026-05-27,KBRY,Breyell,36,8,0
2026-05-27,KDBI,Düsseldorf-Bilk,34,4,0
2026-05-27,KDFFH,Düsseldorf Flughafen,32,0,1
2026-05-27,KDUL,Dülken,36,8,0
2026-05-27,KKD,Köln Messe/Deutz,2,0,0
2026-05-27,KKO,Koblenz Hbf,2,0,0
2026-05-27,KLP,Veenendaal-De Klomp,87,2,0
2026-05-27,KMA,Krommenie-Assendelft,116,12,18
2026-05-27,KMR,Klimmen-Ransdaal,78,0,0
2026-05-27,KMW,Koudum-Molkwerum,46,5,0
2026-05-27,KN,Kaldenkirchen,36,8,0
2026-05-27,KOLN,Köln Hbf,17,3,0
2026-05-27,KPN,Kampen,40,1,1
2026-05-27,KPNZ,Kampen Zuid,72,3,0
2026-05-27,KRD,Kerkrade Centrum,38,0,0
2026-05-27,KRG,Kruiningen-Yerseke,74,1,3
2026-05-27,KSB,Siegburg/Bonn,15,1,0
2026-05-27,KTR,Kesteren,60,4,6
2026-05-27,KUFST,Kufstein,1,0,0
2026-05-27,KW,Kropswolde,141,1,0
2026-05-27,KZ,Koog aan de Zaan,116,11,18
2026-05-27,LAA,Den Haag Laan v NOI,328,6,8
2026-05-27,LC,Lochem,72,2,0
2026-05-27,LDL,Leiden Lammenschans,105,5,6
2026-05-27,LDM,Leerdam,72,2,2
2026-05-27,LEDN,Leiden Centraal,568,16,12
2026-05-27,LEER,Leer (Ostfriesl),25,0,0
2026-05-27,LG,Landgraaf,135,19,40
2026-05-27,LILLEE,Lille Europe,7,1,0
2026-05-27,LKP,Kapellen,35,2,0
2026-05-27,LKR,Ekeren,35,3,0
2026-05-27,LLS,Lelystad Centrum,172,3,2
2026-05-27,LLZM,Lansingerland-Zoetermeer,100,1,1
2026-05-27,LP,Loppersum,70,0,2
2026-05-27,LTN,Lunteren,78,1,0
2026-05-27,LTV,Lichtenvoorde-Groenlo,71,1,0
2026-05-27,LUIK,Liège-Guillemins,19,0,18
2026-05-27,LUT,Geleen-Lutterade,76,2,0
2026-05-27,LW,Leeuwarden,208,3,2
2026-05-27,LWC,Leeuwarden Camminghaburen,71,5,0
2026-05-27,MA,Augsburg Hbf,3,0,0
2026-05-27,MANNHE,Mannheim Hbf,4,0,0
2026-05-27,MARIA,Sint-Mariaburg,35,3,0
2026-05-27,MAS,Maarssen,116,7,7
2026-05-27,MCGB,Mönchengladbach Hbf,35,12,0
2026-05-27,MDB,Middelburg,103,3,4
2026-05-27,MECH,Mechelen,32,7,0
2026-05-27,MES,Meerssen,79,0,96
2026-05-27,MG,Mantgum,67,2,1
2026-05-27,MID,Heide (B),35,1,0
2026-05-27,MMLH,Mook-Molenhoek,102,3,12
2026-05-27,MOP,München Ost,1,0,0
2026-05-27,MP,Meppel,210,5,5
2026-05-27,MRB,Mariënberg,119,2,23
2026-05-27,MRN,Maarn,74,5,0
2026-05-27,MT,Maastricht,206,8,72
2026-05-27,MTH,Martenshoek,141,1,0
2026-05-27,MTN,Maastricht Noord,78,0,0
2026-05-27,MTR,Maastricht Randwyck,114,6,36
2026-05-27,MUNCHH,München Hbf,2,0,0
2026-05-27,MUNST,Münster (Westf) Hbf,17,4,0
2026-05-27,MZ,Maarheeze,69,3,0
2026-05-27,NA,Nieuw Amsterdam,76,1,0
2026-05-27,NDB,Naarden-Bussum,208,1,3
2026-05-27,NDKP,Noorderkempen,32,10,0
2026-05-27,NEUSS,Neuss Hbf,34,3,0
2026-05-27,NH,Nuth,76,11,0
2026-05-27,NKK,Nijkerk,79,0,0
2026-05-27,NM,Nijmegen,270,7,11
2026-05-27,NMD,Nijmegen Dukenburg,107,0,0
2026-05-27,NMGO,Nijmegen Goffert,107,0,0
2026-05-27,NMH,Nijmegen Heyendaal,102,5,12
2026-05-27,NML,Nijmegen Lent,140,5,7
2026-05-27,NS,Nunspeet,73,1,0
2026-05-27,NSCH,Bad Nieuweschans,38,1,0
2026-05-27,NURNB,Nürnberg Hbf,1,0,0
2026-05-27,NVD,Nijverdal,102,1,2
2026-05-27,NVP,Nieuw Vennep,131,2,1
2026-05-27,NWK,Nieuwerkerk a/d IJssel,78,4,14
2026-05-27,O,Oss,176,2,4
2026-05-27,OBD,Obdam,74,2,0
2026-05-27,OBERH,Oberhausen Hbf,53,16,1
2026-05-27,OBERHS,Oberhausen-Sterkrade,36,7,1
2026-05-27,ODB,Oudenbosch,69,0,0
2026-05-27,ODZ,Oldenzaal,74,14,2
2026-05-27,OMN,Ommen,97,1,0
2026-05-27,OP,Opheusden,63,3,3
2026-05-27,OSNH,Osnabrück Hbf,49,17,0
2026-05-27,OST,Olst,73,1,2
2026-05-27,OT,Oisterwijk,68,5,2
2026-05-27,OTB,Oosterbeek,68,0,0
2026-05-27,OVN,Overveen,78,0,0
2026-05-27,OW,Oss West,78,3,5
2026-05-27,PARIS,Paris-Nord,11,0,0
2026-05-27,PMO,Purmerend Overwhere,62,3,66
2026-05-27,PMR,Purmerend,69,2,81
2026-05-27,PMW,Purmerend Weidevenne,61,4,78
2026-05-27,PRAHA,Praha hl.n.,1,0,0
2026-05-27,PT,Putten,73,0,0
2026-05-27,RAI,Amsterdam RAI,139,4,1
2026-05-27,RAT,Raalte,103,1,1
2026-05-27,RB,Rilland-Bath,74,2,3
2026-05-27,RBB,Baden-Baden,1,0,0
2026-05-27,RD,Roodeschool,66,0,0
2026-05-27,RF,Freiburg (Breisgau) Hbf,1,0,0
2026-05-27,RH,Rheden,71,1,1
2026-05-27,RHEINE,Rheine,50,14,0
2026-05-27,RHN,Rhenen,37,4,0
2026-05-27,RL,Ruurlo,71,2,0
2026-05-27,RLB,Rotterdam Lombardijen,187,4,1
2026-05-27,RM,Roermond,202,12,26
2026-05-27,RO,Offenburg,1,0,0
2026-05-27,ROSENH,Rosenheim,1,0,0
2026-05-27,RS,Rosmalen,78,3,5
2026-05-27,RSD,Roosendaal,181,9,7
2026-05-27,RSN,Rijssen,74,0,0
2026-05-27,RSW,Rijswijk,185,5,0
2026-05-27,RTA,Rotterdam Alexander,209,11,24
2026-05-27,RTB,Rotterdam Blaak,327,14,7
2026-05-27,RTD,Rotterdam Centraal,699,59,31
2026-05-27,RTN,Rotterdam Noord,78,3,14
2026-05-27,RTZ,Rotterdam Zuid,187,5,1
2026-05-27,RV,Reuver,76,1,2
2026-05-27,RVS,Ravenstein,79,0,0
2026-05-27,SBK,Spaubeek,76,2,0
2026-05-27,SD,Soestdijk,70,0,0
2026-05-27,SDA,Scheemda,118,3,0
2026-05-27,SDM,Schiedam Centrum,378,14,7
2026-05-27,SDT,Sliedrecht,123,7,14
2026-05-27,SDTB,Sliedrecht Baanhoek,123,15,14
2026-05-27,SGL,Houthem-St. Gerlach,78,0,0
2026-05-27,SGN,Schagen,77,6,2
2026-05-27,SHL,Schiphol Airport,873,32,72
2026-05-27,SK,Sneek,64,3,1
2026-05-27,SKND,Sneek Noord,79,4,2
2026-05-27,SM,Swalmen,76,2,2
2026-05-27,SN,Schinnen,76,2,0
2026-05-27,SOG,Schin op Geul,78,0,0
2026-05-27,SPTN,Santpoort Noord,78,3,0
2026-05-27,SPTZ,Santpoort Zuid,78,2,0
2026-05-27,SRN,Susteren,74,2,0
2026-05-27,SSH,Sassenheim,131,1,1
2026-05-27,ST,Soest,70,0,0
2026-05-27,STD,Sittard,243,10,26
2026-05-27,STM,Stedum,71,0,1
2026-05-27,STP,London St. Pancras Int.,5,0,0
2026-05-27,STV,Stavoren,23,2,0
2026-05-27,STZ,Soest Zuid,70,0,0
2026-05-27,SWD,Sauwerd,147,0,1
2026-05-27,SWK,Steenwijk,139,2,2
2026-05-27,TB,Tilburg,285,14,21
2026-05-27,TBG,Terborg,73,4,1
2026-05-27,TBR,Tilburg Reeshof,73,5,5
2026-05-27,TBU,Tilburg Universiteit,106,6,7
2026-05-27,TG,Tegelen,76,2,2
2026-05-27,TL,Tiel,64,3,7
2026-05-27,TPSW,Tiel Passewaaij,71,3,6
2026-05-27,TS,Stuttgart Hbf,3,0,0
2026-05-27,TU,Ulm Hbf,2,0,0
2026-05-27,TWL,Twello,74,1,0
2026-05-27,UHM,Uithuizermeeden,74,0,0
2026-05-27,UHZ,Uithuizen,74,0,0
2026-05-27,UST,Usquert,74,0,0
2026-05-27,UT,Utrecht Centraal,1048,47,57
2026-05-27,UTG,Uitgeest,158,20,20
2026-05-27,UTLN,Utrecht Lunetten,153,3,3
2026-05-27,UTLR,Utrecht Leidsche Rijn,184,1,4
2026-05-27,UTM,Utrecht Maliebaan,7,0,1
2026-05-27,UTO,Utrecht Overvecht,294,2,4
2026-05-27,UTT,Utrecht Terwijde,129,1,3
2026-05-27,UTVR,Utrecht Vaartsche Rijn,257,10,7
2026-05-27,UTZL,Utrecht Zuilen,114,5,7
2026-05-27,VB,Voorburg,100,2,1
2026-05-27,VD,Vorden,71,2,0
2026-05-27,VDL,Voerendaal,78,0,0
2026-05-27,VDM,Veendam,35,0,0
2026-05-27,VEM,Voorst-Empe,64,0,0
2026-05-27,VG,Vught,76,0,2
2026-05-27,VH,Voorhout,75,2,0
2026-05-27,VHP,Vroomshoop,56,1,24
2026-05-27,VIERS,Viersen,36,8,0
2026-05-27,VK,Valkenburg,79,0,96
2026-05-27,VL,Venlo,133,10,4
2026-05-27,VLB,Vierlingsbeek,100,6,14
2026-05-27,VNDC,Veenendaal Centrum,74,4,0
2026-05-27,VNDW,Veenendaal West,74,4,0
2026-05-27,VP,Velp,71,1,1
2026-05-27,VRY,Venray,90,4,9
2026-05-27,VS,Vlissingen,51,3,2
2026-05-27,VSS,Vlissingen Souburg,74,1,3
2026-05-27,VST,Voorschoten,134,0,1
2026-05-27,VSV,Varsseveld,73,6,1
2026-05-27,VTN,Vleuten,129,1,3
2026-05-27,VZ,Vriezenveen,56,1,24
2026-05-27,WAD,Waddinxveen,126,0,4
2026-05-27,WADN,Waddinxveen Noord,126,0,4
2026-05-27,WADT,Waddinxveen Triangel,126,0,4
2026-05-27,WC,Wijchen,93,0,0
2026-05-27,WD,Woerden,267,6,22
2026-05-27,WDN,Wierden,148,1,2
2026-05-27,WESEL,Wesel,35,6,1
2026-05-27,WF,Wolfheze,68,0,0
2026-05-27,WFM,Warffum,74,0,0
2026-05-27,WH,Wijhe,72,1,3
2026-05-27,WK,Workum,46,6,0
2026-05-27,WL,Wehl,121,5,11
2026-05-27,WM,Wormerveer,116,11,18
2026-05-27,WORGL,Wörgl Hbf,1,0,0
2026-05-27,WP,Weesp,273,3,2
2026-05-27,WR,Weener,34,0,0
2026-05-27,WS,Winschoten,80,1,0
2026-05-27,WSM,Winsum,76,0,0
2026-05-27,WT,Weert,161,13,25
2026-05-27,WTV,Westervoort,120,9,12
2026-05-27,WURZB,Würzburg Hbf,1,0,0
2026-05-27,WV,Wolvega,68,1,0
2026-05-27,WW,Winterswijk,72,2,1
2026-05-27,WWW,Winterswijk West,71,1,0
2026-05-27,WZ,Wezep,73,1,0
2026-05-27,YPB,Den Haag Ypenburg,100,2,1
2026-05-27,ZA,Zetten-Andelst,63,3,3
2026-05-27,ZB,Zuidbroek,141,0,0
2026-05-27,ZBM,Zaltbommel,77,4,1
2026-05-27,ZD,Zaandam,305,26,82
2026-05-27,ZDK,Zaandam Kogerveld,60,3,78
2026-05-27,ZH,Zuidhorn,104,3,0
2026-05-27,ZL,Zwolle,464,12,12
2026-05-27,ZLSH,Zwolle Stadshagen,78,2,2
2026-05-27,ZLW,Lage Zwaluwe,142,2,5
2026-05-27,ZP,Zutphen,216,2,3
2026-05-27,ZTM,Zoetermeer,100,1,1
2026-05-27,ZTMO,Zoetermeer Oost,100,1,1
2026-05-27,ZUE,Zürich HB,1,0,0
2026-05-27,ZV,Zevenaar,154,24,14
2026-05-27,ZVB,Zevenbergen,69,0,0
2026-05-27,ZVT,Zandvoort aan Zee,41,0,0
2026-05-27,ZWD,Zwijndrecht,186,6,1
2026-05-27,ZZS,Zaandijk Zaanse Schans,116,15,18
2026-05-28,AC,Abcoude,105,10,21
2026-05-28,AH,Arnhem Centraal,413,49,3
2026-05-28,AHBF,Aachen Hbf,29,7,20
2026-05-28,AHP,Arnhem Velperpoort,204,9,0
2026-05-28,AHPR,Arnhem Presikhaaf,72,1,0
2026-05-28,AHZ,Arnhem Zuid,75,0,0
2026-05-28,AKL,Arkel,69,4,3
2026-05-28,AKM,Akkrum,68,1,1
2026-05-28,ALM,Almere Centrum,330,24,8
2026-05-28,ALMB,Almere Buiten,181,15,6
2026-05-28,ALMM,Almere Muziekwijk,206,11,5
2026-05-28,ALMO,Almere Oostvaarders,104,7,3
2026-05-28,ALMP,Almere Parkwijk,132,8,4
2026-05-28,AMF,Amersfoort Centraal,500,46,17
2026-05-28,AMFS,Amersfoort Schothorst,165,13,10
2026-05-28,AML,Almelo,237,1,22
2026-05-28,AMPO,Almere Poort,206,9,5
2026-05-28,AMR,Alkmaar,136,33,12
2026-05-28,AMRI,Almelo de Riet,95,0,0
2026-05-28,AMRN,Alkmaar Noord,77,6,2
2026-05-28,ANA,Anna Paulowna,76,7,2
2026-05-28,ANDD,Antwerpen-Noorderdokken,34,4,1
2026-05-28,APD,Apeldoorn,203,15,6
2026-05-28,APDM,Apeldoorn De Maten,64,0,0
2026-05-28,APDO,Apeldoorn Osseveld,74,5,0
2026-05-28,APG,Appingedam,72,0,0
2026-05-28,APN,Alphen a/d Rijn,170,4,3
2026-05-28,ARN,Arnemuiden,74,1,2
2026-05-28,ASA,Amsterdam Amstel,303,39,22
2026-05-28,ASB,Amsterdam Bijlmer ArenA,308,32,25
2026-05-28,ASD,Amsterdam Centraal,743,99,42
2026-05-28,ASDL,Amsterdam Lelylaan,314,14,30
2026-05-28,ASDM,Amsterdam Muiderpoort,242,26,26
2026-05-28,ASDZ,Amsterdam Zuid,540,45,10
2026-05-28,ASHD,Amsterdam Holendrecht,105,12,21
2026-05-28,ASN,Assen,162,6,1
2026-05-28,ASS,Amsterdam Sloterdijk,918,84,48
2026-05-28,ASSP,Amsterdam Science Park,132,10,5
2026-05-28,ATN,Aalten,74,1,0
2026-05-28,ATW,Antwerpen-Centraal,122,26,2
2026-05-28,ATWLB,Antwerpen-Luchtbal,34,6,1
2026-05-28,AVAT,Amersfoort Vathorst,104,5,2
2026-05-28,AW,Aachen West,58,7,41
2026-05-28,BADENZ,Baden (CH),1,0,0
2026-05-28,BASELB,Basel Bad Bf,1,0,0
2026-05-28,BASELS,Basel SBB,1,0,0
2026-05-28,BD,Breda,275,30,12
2026-05-28,BDE,Bunde,76,1,0
2026-05-28,BDG,Bodegraven,105,4,3
2026-05-28,BDM,Bedum,72,0,0
2026-05-28,BDPB,Breda-Prinsenbeek,73,2,0
2026-05-28,BERCH,Antwerpen-Berchem,64,6,2
2026-05-28,BERHBT,Berlin Hbf,12,4,0
2026-05-28,BET,Best,146,8,2
2026-05-28,BF,Baflo,76,0,1
2026-05-28,BGN,Bergen op Zoom,104,2,3
2026-05-28,BH,Bad Bentheim,47,14,5
2026-05-28,BHDV,Boven-Hardinxveld,132,7,3
2026-05-28,BHF,Berlin Ostbahnhof,6,2,0
2026-05-28,BHV,Bilthoven,145,0,0
2026-05-28,BIELEF,Bielefeld Hbf,16,1,2
2026-05-28,BK,Beek-Elsloo,76,1,0
2026-05-28,BKF,Bovenkarspel Flora,79,0,0
2026-05-28,BKG,Bovenkarspel-Grootebroek,79,0,0
2026-05-28,BKL,Breukelen,144,10,20
2026-05-28,BL,Beilen,74,4,0
2026-05-28,BLL,Bloemendaal,78,2,0
2026-05-28,BMN,Brummen,72,1,0
2026-05-28,BMR,Boxmeer,112,5,0
2026-05-28,BN,Borne,95,0,0
2026-05-28,BNC,Barneveld Centrum,138,0,0
2026-05-28,BNK,Bunnik,102,2,3
2026-05-28,BNN,Barneveld Noord,138,0,0
2026-05-28,BNZ,Barneveld Zuid,108,0,0
2026-05-28,BONN,Bonn Hbf,2,1,0
2026-05-28,BP,Buitenpost,104,5,1
2026-05-28,BR,Blerick,151,13,5
2026-05-28,BRD,Barendrecht,178,10,9
2026-05-28,BRESSX,Bressoux,38,3,35
2026-05-28,BRN,Baarn,111,7,2
2026-05-28,BRUSC,Brussel-Centraal,29,2,3
2026-05-28,BRUSN,Brussel-Noord,30,3,2
2026-05-28,BRUSZ,Brussel-Zuid,65,14,1
2026-05-28,BSD,Beesd,69,4,3
2026-05-28,BSK,Boskoop,130,0,0
2026-05-28,BSKS,Boskoop Snijdelwijk,130,0,0
2026-05-28,BSMZ,Bussum Zuid,135,7,2
2026-05-28,BSPD,Berlin-Spandau,12,6,0
2026-05-28,BTL,Boxtel,143,7,5
2026-05-28,BUENDE,Bünde (Westf),46,17,3
2026-05-28,BV,Beverwijk,80,0,0
2026-05-28,BZL,Kapelle-Biezelinge,74,0,2
2026-05-28,CAS,Castricum,195,38,19
2026-05-28,CK,Cuijk,112,2,0
2026-05-28,CL,Culemborg,151,10,3
2026-05-28,CO,Coevorden,89,2,0
2026-05-28,CPS,Capelle Schollevaar,74,9,13
2026-05-28,CVM,Chevremont,76,0,0
2026-05-28,DA,Daarlerveen,26,0,30
2026-05-28,DB,Driebergen-Zeist,164,10,3
2026-05-28,DDN,Delden,69,5,4
2026-05-28,DDR,Dordrecht,330,23,15
2026-05-28,DDRS,Dordrecht Stadspolders,132,8,3
2026-05-28,DDZD,Dordrecht Zuid,143,2,0
2026-05-28,DEI,Deinum,68,0,0
2026-05-28,DID,Didam,132,7,0
2026-05-28,DL,Dalfsen,96,2,0
2026-05-28,DLD,Den Dolder,145,1,0
2026-05-28,DLN,Dalen,47,2,0
2026-05-28,DMN,Diemen,132,10,5
2026-05-28,DMNZ,Diemen Zuid,134,7,2
2026-05-28,DN,Deurne,105,11,5
2026-05-28,DR,Dieren,146,1,0
2026-05-28,DRH,Driehuis,78,0,0
2026-05-28,DRON,Dronten,72,4,1
2026-05-28,DRP,Dronryp,68,0,0
2026-05-28,DT,Delft,422,62,46
2026-05-28,DTC,Doetinchem,103,2,0
2026-05-28,DTCH,Doetinchem De Huet,132,3,0
2026-05-28,DTCP,Delft Campus,157,19,29
2026-05-28,DUISB,Duisburg Hbf,53,20,0
2026-05-28,DUSSEL,Düsseldorf Hbf,51,14,0
2026-05-28,DV,Deventer,260,19,7
2026-05-28,DVC,Deventer Colmschate,74,1,0
2026-05-28,DVD,Duivendrecht,344,39,25
2026-05-28,DVN,Duiven,132,7,0
2026-05-28,DVNK,De Vink,132,5,3
2026-05-28,DWE,De Westereen,70,3,1
2026-05-28,DZ,Delfzijl,36,0,0
2026-05-28,DZW,Delfzijl West,72,0,0
2026-05-28,EABG,Altenberge,36,6,0
2026-05-28,EAHS,Ahaus,30,2,3
2026-05-28,EBFT,Steinfurt-Burgsteinfurt,36,11,0
2026-05-28,EBGO,Steinfurt-Borghorst,36,9,0
2026-05-28,EBOK,Bork (Westf),30,5,2
2026-05-28,EC,Echt,74,3,0
2026-05-28,ECMF,Coesfeld (Westf),30,4,2
2026-05-28,ED,Ede-Wageningen,261,10,2
2026-05-28,EDC,Ede Centrum,78,1,0
2026-05-28,EDD,Dortmund-Derne,30,6,2
2026-05-28,EDKD,Dortmund-Kirchderne,30,6,2
2026-05-28,EDN,Eijsden,38,4,35
2026-05-28,EDO,Dortmund Hbf,15,5,2
2026-05-28,EDULH,Dülmen,30,4,2
2026-05-28,EEM,Eemshaven,29,0,1
2026-05-28,EEPE,Epe (Westf),30,3,3
2026-05-28,EGH,Eygelshoven,76,0,0
2026-05-28,EGHM,Eygelshoven Markt,57,7,41
2026-05-28,EGRK,Steinfurt-Grottenkamp,36,8,0
2026-05-28,EHS,Eindhoven Strijp-S,146,8,2
2026-05-28,EHV,Eindhoven Centraal,361,30,19
2026-05-28,EHW,Rosendahl-Holtwick,30,2,3
2026-05-28,EKZ,Enkhuizen,39,0,0
2026-05-28,EL,Emmerich-Elten,34,21,2
2026-05-28,ELDH,Lüdinghausen,30,3,2
2026-05-28,ELET,Lette (Kr Coesfeld),30,7,2
2026-05-28,ELGD,Legden,30,1,3
2026-05-28,ELUE,Lünen Hbf,30,6,2
2026-05-28,EM,Emmerich,44,18,1
2026-05-28,EML,Ermelo,74,0,0
2026-05-28,EMN,Emmen,41,1,0
2026-05-28,EMNZ,Emmen Zuid,82,1,0
2026-05-28,EMTE,Metelen Land,36,5,0
2026-05-28,ENBE,Münster-Häger,36,3,0
2026-05-28,ENHF,Münster (W) Zentrum Nord,36,3,0
2026-05-28,ENOW,Nordwalde,36,7,0
2026-05-28,EOP,Ochtrup,36,5,0
2026-05-28,EPRA,Praest,36,18,0
2026-05-28,EPRN,Preussen,30,6,2
2026-05-28,ES,Enschede,135,2,7
2026-05-28,ESE,Enschede De Eschmarke,70,0,4
2026-05-28,ESEB,Selm-Beifang,30,5,2
2026-05-28,ESEM,Selm,30,4,2
2026-05-28,ESK,Enschede Kennispark,96,0,0
2026-05-28,ESN,Essen,34,0,1
2026-05-28,EST,Elst,395,3,2
2026-05-28,ETN,Etten-Leur,76,2,1
2026-05-28,FBNL,Brussels Airport-Zaventem,31,5,1
2026-05-28,FFFM,Frankfurt (M) Hbf,7,1,1
2026-05-28,FKTH,Kalmthout,34,2,1
2026-05-28,FKW,Kassel-Wilhelmshöhe,1,0,0
2026-05-28,FMZ,Mainz Hbf,2,1,0
2026-05-28,FN,Franeker,68,0,0
2026-05-28,FNAF,Frankfurt Flughafen Fernb,17,5,0
2026-05-28,FNZD,Antwerpen-Zuid,32,1,1
2026-05-28,FRP,Puurs,16,0,1
2026-05-28,FVS,Visé,38,3,35
2026-05-28,FWD,Feanwâlden,133,5,2
2026-05-28,G,Gronau (Westf.),70,6,3
2026-05-28,GBG,Gramsbergen,47,1,0
2026-05-28,GBR,Glanerbrug,70,1,4
2026-05-28,GD,Gouda,510,21,24
2026-05-28,GDG,Gouda Goverwelle,160,9,16
2026-05-28,GDM,Geldermalsen,185,15,5
2026-05-28,GDR,Gaanderen,74,2,0
2026-05-28,GERP,Groningen Europapark,333,10,7
2026-05-28,GK,Grijpskerk,70,3,1
2026-05-28,GKT,Kijkuit,34,2,1
2026-05-28,GLN,Geleen Oost,74,1,2
2026-05-28,GN,Groningen,372,10,6
2026-05-28,GND,Hardinxveld-Giessendam,132,13,3
2026-05-28,GNN,Groningen Noord,148,0,1
2026-05-28,GO,Goor,69,0,4
2026-05-28,GP,Geldrop,65,1,4
2026-05-28,GR,Gorinchem,100,3,3
2026-05-28,GS,Goes,103,2,3
2026-05-28,GSB,Berlin Gesundbrunnen,1,0,0
2026-05-28,GV,Den Haag HS,422,46,49
2026-05-28,GVC,Den Haag Centraal,360,20,26
2026-05-28,GVM,Den Haag Mariahoeve,132,5,3
2026-05-28,GVMW,Den Haag Moerwijk,157,16,29
2026-05-28,GW,Grou-Jirnsum,68,2,1
2026-05-28,GWD,Wildert,34,0,1
2026-05-28,GZ,Gilze-Rijen,73,2,0
2026-05-28,HAD,Heemstede-Aerdenhout,216,17,2
2026-05-28,HANN,Hannover Hbf,15,8,0
2026-05-28,HB,Hoensbroek,74,1,2
2026-05-28,HBZM,Hardinxveld Blauwe Zoom,71,6,3
2026-05-28,HD,Harderwijk,77,1,0
2026-05-28,HDB,Hardenberg,107,2,15
2026-05-28,HDE,'t Harde,74,0,0
2026-05-28,HDG,Hurdegaryp,70,4,1
2026-05-28,HDR,Den Helder,38,4,0
2026-05-28,HDRZ,Den Helder Zuid,76,4,2
2026-05-28,HFD,Hoofddorp,289,14,18
2026-05-28,HGL,Hengelo,297,10,16
2026-05-28,HGLG,Hengelo Gezondheidspark,69,6,4
2026-05-28,HGLO,Hengelo Oost,70,1,6
2026-05-28,HGV,Hoogeveen,74,5,0
2026-05-28,HGZ,Hoogezand-Sappemeer,138,2,4
2026-05-28,HIL,Hillegom,75,6,0
2026-05-28,HK,Heemskerk,78,0,0
2026-05-28,HKS,Hoogkarspel,79,1,0
2026-05-28,HLG,Harlingen,68,0,0
2026-05-28,HLGH,Harlingen Haven,34,0,0
2026-05-28,HLM,Haarlem,382,18,2
2026-05-28,HLMS,Haarlem Spaarnwoude,154,4,0
2026-05-28,HLO,Heiloo,119,25,18
2026-05-28,HM,Helmond,140,13,5
2026-05-28,HMBH,Helmond Brouwhuis,70,4,0
2026-05-28,HMBV,Helmond Brandevoort,70,6,0
2026-05-28,HMH,Helmond 't Hout,70,6,0
2026-05-28,HMN,Hemmen-Dodewaard,66,0,0
2026-05-28,HN,Hoorn,191,6,0
2026-05-28,HNK,Hoorn Kersenboogerd,114,3,0
2026-05-28,HNO,Heino,76,0,0
2026-05-28,HNP,Hindeloopen,46,0,0
2026-05-28,HOHT,Osnabrück Altstadt,33,6,3
2026-05-28,HON,Holten,74,1,0
2026-05-28,HOR,Hollandsche Rading,81,4,0
2026-05-28,HR,Heerenveen,139,5,1
2026-05-28,HRL,Heerlen,208,11,70
2026-05-28,HRLW,Heerlen Woonboulevard,78,0,0
2026-05-28,HRN,Haren,100,5,0
2026-05-28,HRT,Horst-Sevenum,70,10,5
2026-05-28,HT,'s-Hertogenbosch,417,17,4
2026-05-28,HTN,Houten,152,8,3
2026-05-28,HTNC,Houten Castellum,152,8,3
2026-05-28,HTO,'s-Hertogenbosch Oost,77,2,0
2026-05-28,HVL,Hoevelaken,138,1,0
2026-05-28,HVS,Hilversum,357,36,6
2026-05-28,HVSM,Hilversum Media Park,135,7,2
2026-05-28,HVSP,Hilversum Sportpark,137,5,0
2026-05-28,HWD,Heerhugowaard,114,11,2
2026-05-28,HWZB,Halfweg-Zwanenburg,154,4,0
2026-05-28,HZ,Herzogenrath,58,7,41
2026-05-28,HZE,Heeze,65,1,4
2026-05-28,IJT,IJlst,46,0,0
2026-05-28,INNSB,Innsbruck Hbf,1,0,0
2026-05-28,JENBAC,Jenbach,1,0,0
2026-05-28,KARLSR,Karlsruhe Hbf,1,0,0
2026-05-28,KBD,Krabbendijke,74,0,2
2026-05-28,KBK,Klarenbeek,64,0,0
2026-05-28,KBOI,Boisheim,36,3,0
2026-05-28,KBRY,Breyell,36,4,0
2026-05-28,KDBI,Düsseldorf-Bilk,34,2,0
2026-05-28,KDFFH,Düsseldorf Flughafen,33,8,0
2026-05-28,KDUL,Dülken,36,3,0
2026-05-28,KKD,Köln Messe/Deutz,1,1,0
2026-05-28,KKO,Koblenz Hbf,2,1,0
2026-05-28,KLP,Veenendaal-De Klomp,77,6,1
2026-05-28,KMA,Krommenie-Assendelft,110,19,15
2026-05-28,KMR,Klimmen-Ransdaal,78,0,0
2026-05-28,KMW,Koudum-Molkwerum,46,0,0
2026-05-28,KN,Kaldenkirchen,36,5,0
2026-05-28,KOLN,Köln Hbf,17,3,0
2026-05-28,KPN,Kampen,39,0,0
2026-05-28,KPNZ,Kampen Zuid,72,3,1
2026-05-28,KRD,Kerkrade Centrum,38,0,0
2026-05-28,KRG,Kruiningen-Yerseke,74,0,2
2026-05-28,KSB,Siegburg/Bonn,15,3,0
2026-05-28,KTR,Kesteren,66,1,0
2026-05-28,KUFST,Kufstein,1,0,0
2026-05-28,KW,Kropswolde,138,3,4
2026-05-28,KZ,Koog aan de Zaan,110,21,15
2026-05-28,LAA,Den Haag Laan v NOI,327,27,9
2026-05-28,LC,Lochem,68,1,4
2026-05-28,LDL,Leiden Lammenschans,106,4,3
2026-05-28,LDM,Leerdam,69,3,3
2026-05-28,LEDN,Leiden Centraal,563,40,11
2026-05-28,LEER,Leer (Ostfriesl),25,0,0
2026-05-28,LG,Landgraaf,133,23,41
2026-05-28,LILLEE,Lille Europe,7,0,0
2026-05-28,LKP,Kapellen,34,4,1
2026-05-28,LKR,Ekeren,34,4,1
2026-05-28,LLS,Lelystad Centrum,173,12,2
2026-05-28,LLZM,Lansingerland-Zoetermeer,98,1,3
2026-05-28,LP,Loppersum,72,0,0
2026-05-28,LTN,Lunteren,78,0,0
2026-05-28,LTV,Lichtenvoorde-Groenlo,71,5,0
2026-05-28,LUIK,Liège-Guillemins,19,2,18
2026-05-28,LUT,Geleen-Lutterade,76,1,0
2026-05-28,LW,Leeuwarden,206,5,3
2026-05-28,LWC,Leeuwarden Camminghaburen,69,4,2
2026-05-28,MA,Augsburg Hbf,2,0,0
2026-05-28,MANNHE,Mannheim Hbf,3,0,0
2026-05-28,MARIA,Sint-Mariaburg,34,4,1
2026-05-28,MAS,Maarssen,114,6,6
2026-05-28,MCGB,Mönchengladbach Hbf,35,4,0
2026-05-28,MDB,Middelburg,103,5,3
2026-05-28,MECH,Mechelen,31,4,1
2026-05-28,MES,Meerssen,78,0,97
2026-05-28,MG,Mantgum,67,0,1
2026-05-28,MID,Heide (B),34,3,1
2026-05-28,MMLH,Mook-Molenhoek,112,2,0
2026-05-28,MOP,München Ost,1,0,0
2026-05-28,MP,Meppel,213,10,1
2026-05-28,MRB,Mariënberg,100,2,30
2026-05-28,MRN,Maarn,74,1,1
2026-05-28,MT,Maastricht,241,6,66
2026-05-28,MTH,Martenshoek,138,3,4
2026-05-28,MTN,Maastricht Noord,78,0,0
2026-05-28,MTR,Maastricht Randwyck,115,4,35
2026-05-28,MUNCHH,München Hbf,2,0,0
2026-05-28,MUNST,Münster (Westf) Hbf,17,3,0
2026-05-28,MZ,Maarheeze,65,1,4
2026-05-28,NA,Nieuw Amsterdam,76,4,0
2026-05-28,NDB,Naarden-Bussum,209,9,2
2026-05-28,NDKP,Noorderkempen,31,7,1
2026-05-28,NEUSS,Neuss Hbf,34,1,0
2026-05-28,NH,Nuth,74,2,2
2026-05-28,NKK,Nijkerk,80,0,0
2026-05-28,NM,Nijmegen,465,1,0
2026-05-28,NMD,Nijmegen Dukenburg,181,0,0
2026-05-28,NMGO,Nijmegen Goffert,181,0,0
2026-05-28,NMH,Nijmegen Heyendaal,112,2,0
2026-05-28,NML,Nijmegen Lent,112,0,0
2026-05-28,NS,Nunspeet,74,0,0
2026-05-28,NSCH,Bad Nieuweschans,37,5,1
2026-05-28,NURNB,Nürnberg Hbf,1,0,0
2026-05-28,NVD,Nijverdal,104,1,0
2026-05-28,NVP,Nieuw Vennep,127,4,5
2026-05-28,NWK,Nieuwerkerk a/d IJssel,74,9,13
2026-05-28,O,Oss,176,2,1
2026-05-28,OBD,Obdam,74,2,0
2026-05-28,OBERH,Oberhausen Hbf,54,25,0
2026-05-28,OBERHS,Oberhausen-Sterkrade,36,16,0
2026-05-28,ODB,Oudenbosch,70,0,0
2026-05-28,ODZ,Oldenzaal,63,5,11
2026-05-28,OMN,Ommen,96,2,0
2026-05-28,OP,Opheusden,66,0,0
2026-05-28,OSNH,Osnabrück Hbf,48,14,3
2026-05-28,OST,Olst,74,2,0
2026-05-28,OT,Oisterwijk,62,6,8
2026-05-28,OTB,Oosterbeek,68,0,0
2026-05-28,OVN,Overveen,132,5,0
2026-05-28,OW,Oss West,77,1,0
2026-05-28,PARIS,Paris-Nord,11,0,0
2026-05-28,PMO,Purmerend Overwhere,77,7,0
2026-05-28,PMR,Purmerend,81,7,0
2026-05-28,PMW,Purmerend Weidevenne,77,6,0
2026-05-28,PT,Putten,74,0,0
2026-05-28,RAI,Amsterdam RAI,138,8,2
2026-05-28,RAT,Raalte,104,1,0
2026-05-28,RB,Rilland-Bath,74,0,2
2026-05-28,RBB,Baden-Baden,1,0,0
2026-05-28,RD,Roodeschool,66,0,1
2026-05-28,RF,Freiburg (Breisgau) Hbf,1,0,0
2026-05-28,RH,Rheden,72,1,0
2026-05-28,RHEINE,Rheine,47,14,3
2026-05-28,RHN,Rhenen,37,1,1
2026-05-28,RL,Ruurlo,71,13,0
2026-05-28,RLB,Rotterdam Lombardijen,179,12,9
2026-05-28,RM,Roermond,203,7,2
2026-05-28,RO,Offenburg,1,0,0
2026-05-28,ROSENH,Rosenheim,1,0,0
2026-05-28,RS,Rosmalen,77,0,0
2026-05-28,RSD,Roosendaal,183,8,3
2026-05-28,RSN,Rijssen,74,1,0
2026-05-28,RSW,Rijswijk,157,17,29
2026-05-28,RTA,Rotterdam Alexander,209,22,19
2026-05-28,RTB,Rotterdam Blaak,310,39,24
2026-05-28,RTD,Rotterdam Centraal,686,111,41
2026-05-28,RTN,Rotterdam Noord,74,8,13
2026-05-28,RTZ,Rotterdam Zuid,179,16,9
2026-05-28,RV,Reuver,76,1,0
2026-05-28,RVS,Ravenstein,79,0,0
2026-05-28,SBK,Spaubeek,74,1,2
2026-05-28,SD,Soestdijk,70,0,0
2026-05-28,SDA,Scheemda,106,6,13
2026-05-28,SDM,Schiedam Centrum,360,55,27
2026-05-28,SDT,Sliedrecht,132,11,3
2026-05-28,SDTB,Sliedrecht Baanhoek,132,18,3
2026-05-28,SGL,Houthem-St. Gerlach,78,0,0
2026-05-28,SGN,Schagen,76,9,2
2026-05-28,SHL,Schiphol Airport,867,74,41
2026-05-28,SK,Sneek,65,0,0
2026-05-28,SKND,Sneek Noord,80,0,1
2026-05-28,SM,Swalmen,74,1,2
2026-05-28,SN,Schinnen,74,1,2
2026-05-28,SOG,Schin op Geul,78,0,0
2026-05-28,SPTN,Santpoort Noord,78,1,0
2026-05-28,SPTZ,Santpoort Zuid,78,1,0
2026-05-28,SRN,Susteren,74,3,0
2026-05-28,SSH,Sassenheim,127,4,5
2026-05-28,ST,Soest,70,0,0
2026-05-28,STD,Sittard,246,8,1
2026-05-28,STM,Stedum,72,0,0
2026-05-28,STP,London St. Pancras Int.,5,0,0
2026-05-28,STV,Stavoren,23,0,0
2026-05-28,STZ,Soest Zuid,70,0,0
2026-05-28,SWD,Sauwerd,148,0,1
2026-05-28,SWK,Steenwijk,139,3,1
2026-05-28,TB,Tilburg,271,21,24
2026-05-28,TBG,Terborg,74,1,0
2026-05-28,TBR,Tilburg Reeshof,73,1,0
2026-05-28,TBU,Tilburg Universiteit,104,6,4
2026-05-28,TG,Tegelen,76,1,0
2026-05-28,TL,Tiel,70,5,3
2026-05-28,TPSW,Tiel Passewaaij,73,9,4
2026-05-28,TS,Stuttgart Hbf,2,0,0
2026-05-28,TU,Ulm Hbf,2,0,0
2026-05-28,TWL,Twello,74,5,0
2026-05-28,UHM,Uithuizermeeden,74,0,1
2026-05-28,UHZ,Uithuizen,74,0,1
2026-05-28,UST,Usquert,74,0,1
2026-05-28,UT,Utrecht Centraal,1046,64,22
2026-05-28,UTG,Uitgeest,156,28,15
2026-05-28,UTLN,Utrecht Lunetten,152,8,3
2026-05-28,UTLR,Utrecht Leidsche Rijn,183,2,3
2026-05-28,UTM,Utrecht Maliebaan,8,0,0
2026-05-28,UTO,Utrecht Overvecht,298,3,0
2026-05-28,UTT,Utrecht Terwijde,128,1,3
2026-05-28,UTVR,Utrecht Vaartsche Rijn,254,10,6
2026-05-28,UTZL,Utrecht Zuilen,109,6,9
2026-05-28,VB,Voorburg,98,2,3
2026-05-28,VD,Vorden,71,9,0
2026-05-28,VDL,Voerendaal,78,0,0
2026-05-28,VDM,Veendam,35,0,0
2026-05-28,VEM,Voorst-Empe,64,1,0
2026-05-28,VG,Vught,78,3,0
2026-05-28,VH,Voorhout,75,5,0
2026-05-28,VHP,Vroomshoop,26,0,30
2026-05-28,VIERS,Viersen,36,3,0
2026-05-28,VK,Valkenburg,78,1,97
2026-05-28,VL,Venlo,131,9,4
2026-05-28,VLB,Vierlingsbeek,112,4,0
2026-05-28,VNDC,Veenendaal Centrum,74,1,1
2026-05-28,VNDW,Veenendaal West,74,1,1
2026-05-28,VP,Velp,72,1,0
2026-05-28,VRY,Venray,97,3,0
2026-05-28,VS,Vlissingen,51,3,1
2026-05-28,VSS,Vlissingen Souburg,74,2,2
2026-05-28,VST,Voorschoten,132,5,3
2026-05-28,VSV,Varsseveld,74,3,0
2026-05-28,VTN,Vleuten,128,1,3
2026-05-28,VZ,Vriezenveen,26,0,30
2026-05-28,WAD,Waddinxveen,130,0,0
2026-05-28,WADN,Waddinxveen Noord,130,0,0
2026-05-28,WADT,Waddinxveen Triangel,130,0,0
2026-05-28,WC,Wijchen,130,0,0
2026-05-28,WD,Woerden,263,13,19
2026-05-28,WDN,Wierden,150,2,0
2026-05-28,WESEL,Wesel,36,17,0
2026-05-28,WF,Wolfheze,68,0,0
2026-05-28,WFM,Warffum,74,0,1
2026-05-28,WH,Wijhe,74,2,0
2026-05-28,WK,Workum,46,0,0
2026-05-28,WL,Wehl,132,3,0
2026-05-28,WM,Wormerveer,110,22,15
2026-05-28,WORGL,Wörgl Hbf,1,0,0
2026-05-28,WP,Weesp,269,15,7
2026-05-28,WR,Weener,34,0,0
2026-05-28,WS,Winschoten,73,5,7
2026-05-28,WSM,Winsum,76,0,1
2026-05-28,WT,Weert,162,9,2
2026-05-28,WTV,Westervoort,132,9,0
2026-05-28,WURZB,Würzburg Hbf,2,0,0
2026-05-28,WV,Wolvega,68,1,1
2026-05-28,WW,Winterswijk,73,3,0
2026-05-28,WWW,Winterswijk West,71,3,0
2026-05-28,WZ,Wezep,74,0,0
2026-05-28,YPB,Den Haag Ypenburg,98,2,3
2026-05-28,ZA,Zetten-Andelst,66,0,0
2026-05-28,ZB,Zuidbroek,142,5,7
2026-05-28,ZBM,Zaltbommel,77,4,0
2026-05-28,ZD,Zaandam,310,51,16
2026-05-28,ZDK,Zaandam Kogerveld,77,10,0
2026-05-28,ZH,Zuidhorn,102,5,2
2026-05-28,ZL,Zwolle,469,13,2
2026-05-28,ZLSH,Zwolle Stadshagen,78,0,0
2026-05-28,ZLW,Lage Zwaluwe,143,1,0
2026-05-28,ZP,Zutphen,215,8,2
2026-05-28,ZTM,Zoetermeer,98,1,3
2026-05-28,ZTMO,Zoetermeer Oost,98,1,3
2026-05-28,ZUE,Zürich HB,1,0,0
2026-05-28,ZV,Zevenaar,166,29,2
2026-05-28,ZVB,Zevenbergen,70,0,0
2026-05-28,ZVT,Zandvoort aan Zee,87,3,0
2026-05-28,ZWD,Zwijndrecht,178,10,9
2026-05-28,ZZS,Zaandijk Zaanse Schans,110,23,15
2026-05-29,AC,Abcoude,111,6,18
2026-05-29,ACDG,Airport Charles de Gaulle,2,0,0
2026-05-29,AH,Arnhem Centraal,369,61,38
2026-05-29,AHBF,Aachen Hbf,17,3,32
2026-05-29,AHP,Arnhem Velperpoort,190,13,18
2026-05-29,AHPR,Arnhem Presikhaaf,74,2,0
2026-05-29,AHZ,Arnhem Zuid,71,0,4
2026-05-29,AKL,Arkel,72,0,0
2026-05-29,AKM,Akkrum,69,9,7
2026-05-29,ALM,Almere Centrum,333,9,37
2026-05-29,ALMB,Almere Buiten,183,6,10
2026-05-29,ALMM,Almere Muziekwijk,213,5,3
2026-05-29,ALMO,Almere Oostvaarders,109,4,2
2026-05-29,ALMP,Almere Parkwijk,136,1,4
2026-05-29,AMF,Amersfoort Centraal,506,32,46
2026-05-29,AMFS,Amersfoort Schothorst,174,4,12
2026-05-29,AML,Almelo,252,14,13
2026-05-29,AMPO,Almere Poort,213,5,3
2026-05-29,AMR,Alkmaar,193,0,41
2026-05-29,AMRI,Almelo de Riet,95,9,2
2026-05-29,AMRN,Alkmaar Noord,151,0,0
2026-05-29,ANA,Anna Paulowna,78,1,1
2026-05-29,ANDD,Antwerpen-Noorderdokken,35,6,0
2026-05-29,APD,Apeldoorn,206,10,5
2026-05-29,APDM,Apeldoorn De Maten,64,0,0
2026-05-29,APDO,Apeldoorn Osseveld,72,5,2
2026-05-29,APG,Appingedam,70,0,2
2026-05-29,APN,Alphen a/d Rijn,168,7,5
2026-05-29,ARN,Arnemuiden,74,7,7
2026-05-29,ASA,Amsterdam Amstel,253,25,31
2026-05-29,ASB,Amsterdam Bijlmer ArenA,272,27,21
2026-05-29,ASD,Amsterdam Centraal,736,69,71
2026-05-29,ASDL,Amsterdam Lelylaan,338,8,12
2026-05-29,ASDM,Amsterdam Muiderpoort,250,20,24
2026-05-29,ASDZ,Amsterdam Zuid,483,44,47
2026-05-29,ASHD,Amsterdam Holendrecht,112,6,17
2026-05-29,ASN,Assen,132,12,78
2026-05-29,ASS,Amsterdam Sloterdijk,933,51,76
2026-05-29,ASSP,Amsterdam Science Park,134,7,7
2026-05-29,ATN,Aalten,74,7,2
2026-05-29,ATW,Antwerpen-Centraal,112,32,22
2026-05-29,ATWLB,Antwerpen-Luchtbal,35,7,0
2026-05-29,AVAT,Amersfoort Vathorst,108,1,2
2026-05-29,AW,Aachen West,35,3,64
2026-05-29,BADENZ,Baden (CH),1,0,0
2026-05-29,BASELB,Basel Bad Bf,1,0,0
2026-05-29,BASELS,Basel SBB,1,0,0
2026-05-29,BD,Breda,253,22,50
2026-05-29,BDE,Bunde,76,0,0
2026-05-29,BDG,Bodegraven,103,0,5
2026-05-29,BDM,Bedum,70,0,2
2026-05-29,BDPB,Breda-Prinsenbeek,73,0,2
2026-05-29,BERCH,Antwerpen-Berchem,53,9,13
2026-05-29,BERHBL,Berlin Hbf,1,0,0
2026-05-29,BERHBT,Berlin Hbf,12,3,0
2026-05-29,BET,Best,148,0,1
2026-05-29,BF,Baflo,76,0,0
2026-05-29,BGN,Bergen op Zoom,104,13,13
2026-05-29,BH,Bad Bentheim,47,28,5
2026-05-29,BHDV,Boven-Hardinxveld,135,2,0
2026-05-29,BHF,Berlin Ostbahnhof,7,5,0
2026-05-29,BHV,Bilthoven,145,1,0
2026-05-29,BIELEF,Bielefeld Hbf,17,6,1
2026-05-29,BK,Beek-Elsloo,76,0,0
2026-05-29,BKF,Bovenkarspel Flora,75,4,3
2026-05-29,BKG,Bovenkarspel-Grootebroek,76,5,2
2026-05-29,BKL,Breukelen,147,7,23
2026-05-29,BL,Beilen,60,8,42
2026-05-29,BLL,Bloemendaal,78,2,3
2026-05-29,BMN,Brummen,73,4,2
2026-05-29,BMR,Boxmeer,76,3,3
2026-05-29,BN,Borne,95,9,2
2026-05-29,BNC,Barneveld Centrum,130,4,8
2026-05-29,BNK,Bunnik,89,3,24
2026-05-29,BNN,Barneveld Noord,130,4,8
2026-05-29,BNZ,Barneveld Zuid,104,5,4
2026-05-29,BONN,Bonn Hbf,2,0,0
2026-05-29,BP,Buitenpost,105,4,0
2026-05-29,BR,Blerick,147,8,3
2026-05-29,BRD,Barendrecht,129,7,26
2026-05-29,BRESSX,Bressoux,36,2,37
2026-05-29,BRN,Baarn,113,2,4
2026-05-29,BRUSC,Brussel-Centraal,19,0,13
2026-05-29,BRUSN,Brussel-Noord,20,3,13
2026-05-29,BRUSZ,Brussel-Zuid,59,11,14
2026-05-29,BSD,Beesd,72,0,0
2026-05-29,BSK,Boskoop,130,14,0
2026-05-29,BSKS,Boskoop Snijdelwijk,130,14,0
2026-05-29,BSMZ,Bussum Zuid,135,4,8
2026-05-29,BSPD,Berlin-Spandau,12,4,0
2026-05-29,BTL,Boxtel,147,0,2
2026-05-29,BUENDE,Bünde (Westf),46,22,3
2026-05-29,BV,Beverwijk,78,3,3
2026-05-29,BZL,Kapelle-Biezelinge,74,9,7
2026-05-29,CAS,Castricum,79,2,3
2026-05-29,CK,Cuijk,74,1,5
2026-05-29,CL,Culemborg,150,13,2
2026-05-29,CO,Coevorden,86,1,3
2026-05-29,CPS,Capelle Schollevaar,76,2,10
2026-05-29,CVM,Chevremont,76,0,0
2026-05-29,DA,Daarlerveen,49,0,7
2026-05-29,DB,Driebergen-Zeist,151,14,37
2026-05-29,DDN,Delden,63,6,26
2026-05-29,DDR,Dordrecht,305,15,37
2026-05-29,DDRS,Dordrecht Stadspolders,135,2,0
2026-05-29,DDZD,Dordrecht Zuid,142,5,2
2026-05-29,DEI,Deinum,66,1,2
2026-05-29,DID,Didam,116,12,18
2026-05-29,DL,Dalfsen,87,1,9
2026-05-29,DLD,Den Dolder,145,0,0
2026-05-29,DLN,Dalen,45,1,2
2026-05-29,DMN,Diemen,134,7,7
2026-05-29,DMNZ,Diemen Zuid,139,12,3
2026-05-29,DN,Deurne,107,3,0
2026-05-29,DR,Dieren,146,6,1
2026-05-29,DRH,Driehuis,78,1,3
2026-05-29,DRON,Dronten,69,4,9
2026-05-29,DRP,Dronryp,66,0,2
2026-05-29,DT,Delft,350,32,57
2026-05-29,DTC,Doetinchem,94,8,11
2026-05-29,DTCH,Doetinchem De Huet,115,10,19
2026-05-29,DTCP,Delft Campus,138,7,18
2026-05-29,DUISB,Duisburg Hbf,52,19,1
2026-05-29,DUSSEL,Düsseldorf Hbf,50,11,1
2026-05-29,DV,Deventer,264,19,6
2026-05-29,DVC,Deventer Colmschate,76,4,0
2026-05-29,DVD,Duivendrecht,351,30,31
2026-05-29,DVN,Duiven,116,11,18
2026-05-29,DVNK,De Vink,135,3,0
2026-05-29,DWE,De Westereen,71,5,0
2026-05-29,DZ,Delfzijl,35,0,1
2026-05-29,DZW,Delfzijl West,70,0,2
2026-05-29,EABG,Altenberge,24,6,14
2026-05-29,EAHS,Ahaus,27,8,6
2026-05-29,EBFT,Steinfurt-Burgsteinfurt,24,7,14
2026-05-29,EBGO,Steinfurt-Borghorst,25,8,13
2026-05-29,EBOK,Bork (Westf),25,14,7
2026-05-29,EC,Echt,74,5,0
2026-05-29,ECMF,Coesfeld (Westf),25,12,7
2026-05-29,ED,Ede-Wageningen,198,28,33
2026-05-29,EDC,Ede Centrum,78,2,0
2026-05-29,EDD,Dortmund-Derne,25,14,7
2026-05-29,EDKD,Dortmund-Kirchderne,25,14,7
2026-05-29,EDN,Eijsden,36,2,37
2026-05-29,EDO,Dortmund Hbf,12,10,5
2026-05-29,EDULH,Dülmen,25,10,7
2026-05-29,EEM,Eemshaven,29,1,0
2026-05-29,EEPE,Epe (Westf),27,4,6
2026-05-29,EGH,Eygelshoven,76,0,0
2026-05-29,EGHM,Eygelshoven Markt,35,3,64
2026-05-29,EGRK,Steinfurt-Grottenkamp,25,7,13
2026-05-29,EHS,Eindhoven Strijp-S,148,0,1
2026-05-29,EHV,Eindhoven Centraal,349,17,9
2026-05-29,EHW,Rosendahl-Holtwick,27,6,6
2026-05-29,EKZ,Enkhuizen,38,3,2
2026-05-29,EL,Emmerich-Elten,34,16,2
2026-05-29,ELDH,Lüdinghausen,25,8,7
2026-05-29,ELET,Lette (Kr Coesfeld),25,10,7
2026-05-29,ELGD,Legden,27,6,6
2026-05-29,ELUE,Lünen Hbf,25,14,7
2026-05-29,EM,Emmerich,44,21,1
2026-05-29,EML,Ermelo,73,1,1
2026-05-29,EMN,Emmen,39,0,2
2026-05-29,EMNZ,Emmen Zuid,79,0,3
2026-05-29,EMTE,Metelen Land,23,4,15
2026-05-29,ENBE,Münster-Häger,24,5,14
2026-05-29,ENHF,Münster (W) Zentrum Nord,24,3,14
2026-05-29,ENOW,Nordwalde,25,7,13
2026-05-29,EOP,Ochtrup,23,4,15
2026-05-29,EPRA,Praest,35,15,1
2026-05-29,EPRN,Preussen,25,14,7
2026-05-29,ES,Enschede,127,13,20
2026-05-29,ESE,Enschede De Eschmarke,51,9,25
2026-05-29,ESEB,Selm-Beifang,25,13,7
2026-05-29,ESEM,Selm,25,12,7
2026-05-29,ESK,Enschede Kennispark,92,6,6
2026-05-29,ESN,Essen,32,5,3
2026-05-29,EST,Elst,369,14,8
2026-05-29,ETN,Etten-Leur,73,1,4
2026-05-29,FBNL,Brussels Airport-Zaventem,19,4,13
2026-05-29,FFFM,Frankfurt (M) Hbf,8,2,0
2026-05-29,FKTH,Kalmthout,35,3,0
2026-05-29,FKW,Kassel-Wilhelmshöhe,1,0,0
2026-05-29,FMZ,Mainz Hbf,2,0,0
2026-05-29,FN,Franeker,66,0,2
2026-05-29,FNAF,Frankfurt Flughafen Fernb,16,8,1
2026-05-29,FNZD,Antwerpen-Zuid,33,4,0
2026-05-29,FRP,Puurs,17,0,0
2026-05-29,FVS,Visé,36,2,37
2026-05-29,FWD,Feanwâlden,135,5,0
2026-05-29,G,Gronau (Westf.),55,14,20
2026-05-29,GBG,Gramsbergen,45,1,2
2026-05-29,GBR,Glanerbrug,51,10,25
2026-05-29,GD,Gouda,492,26,37
2026-05-29,GDG,Gouda Goverwelle,152,6,11
2026-05-29,GDM,Geldermalsen,186,10,2
2026-05-29,GDR,Gaanderen,74,14,2
2026-05-29,GERP,Groningen Europapark,308,7,34
2026-05-29,GK,Grijpskerk,71,2,0
2026-05-29,GKT,Kijkuit,35,3,0
2026-05-29,GLN,Geleen Oost,76,0,0
2026-05-29,GN,Groningen,361,10,36
2026-05-29,GND,Hardinxveld-Giessendam,135,5,0
2026-05-29,GNN,Groningen Noord,146,1,2
2026-05-29,GO,Goor,56,9,33
2026-05-29,GP,Geldrop,71,2,0
2026-05-29,GR,Gorinchem,103,0,0
2026-05-29,GS,Goes,102,13,14
2026-05-29,GV,Den Haag HS,350,28,60
2026-05-29,GVC,Den Haag Centraal,347,31,33
2026-05-29,GVM,Den Haag Mariahoeve,135,3,0
2026-05-29,GVMW,Den Haag Moerwijk,138,6,18
2026-05-29,GW,Grou-Jirnsum,69,9,7
2026-05-29,GWD,Wildert,35,3,0
2026-05-29,GZ,Gilze-Rijen,72,3,4
2026-05-29,HAD,Heemstede-Aerdenhout,230,15,16
2026-05-29,HANN,Hannover Hbf,13,7,1
2026-05-29,HB,Hoensbroek,76,0,0
2026-05-29,HBZM,Hardinxveld Blauwe Zoom,74,3,0
2026-05-29,HD,Harderwijk,73,1,1
2026-05-29,HDB,Hardenberg,116,2,6
2026-05-29,HDE,'t Harde,74,2,1
2026-05-29,HDG,Hurdegaryp,71,4,0
2026-05-29,HDR,Den Helder,38,1,1
2026-05-29,HDRZ,Den Helder Zuid,78,2,1
2026-05-29,HFD,Hoofddorp,305,15,8
2026-05-29,HGL,Hengelo,292,34,41
2026-05-29,HGLG,Hengelo Gezondheidspark,63,5,26
2026-05-29,HGLO,Hengelo Oost,66,5,26
2026-05-29,HGV,Hoogeveen,59,11,43
2026-05-29,HGZ,Hoogezand-Sappemeer,141,1,0
2026-05-29,HIL,Hillegom,77,1,0
2026-05-29,HK,Heemskerk,78,3,3
2026-05-29,HKS,Hoogkarspel,77,4,1
2026-05-29,HLG,Harlingen,66,0,2
2026-05-29,HLGH,Harlingen Haven,33,0,1
2026-05-29,HLM,Haarlem,377,18,31
2026-05-29,HLMS,Haarlem Spaarnwoude,137,2,14
2026-05-29,HLO,Heiloo,82,1,39
2026-05-29,HM,Helmond,142,4,0
2026-05-29,HMBH,Helmond Brouwhuis,70,3,0
2026-05-29,HMBV,Helmond Brandevoort,70,3,0
2026-05-29,HMH,Helmond 't Hout,70,3,0
2026-05-29,HMN,Hemmen-Dodewaard,66,5,0
2026-05-29,HN,Hoorn,190,7,2
2026-05-29,HNK,Hoorn Kersenboogerd,112,4,2
2026-05-29,HNO,Heino,76,19,2
2026-05-29,HNP,Hindeloopen,46,0,2
2026-05-29,HOHT,Osnabrück Altstadt,34,18,2
2026-05-29,HON,Holten,76,2,0
2026-05-29,HOR,Hollandsche Rading,83,0,2
2026-05-29,HR,Heerenveen,139,12,20
2026-05-29,HRL,Heerlen,196,6,81
2026-05-29,HRLW,Heerlen Woonboulevard,78,0,0
2026-05-29,HRN,Haren,71,4,33
2026-05-29,HRT,Horst-Sevenum,72,2,0
2026-05-29,HT,'s-Hertogenbosch,368,16,8
2026-05-29,HTN,Houten,149,7,3
2026-05-29,HTNC,Houten Castellum,150,9,2
2026-05-29,HTO,'s-Hertogenbosch Oost,77,6,2
2026-05-29,HVL,Hoevelaken,130,5,8
2026-05-29,HVS,Hilversum,363,18,17
2026-05-29,HVSM,Hilversum Media Park,135,3,8
2026-05-29,HVSP,Hilversum Sportpark,139,3,2
2026-05-29,HWD,Heerhugowaard,152,1,1
2026-05-29,HWZB,Halfweg-Zwanenburg,137,2,14
2026-05-29,HZ,Herzogenrath,35,3,64
2026-05-29,HZE,Heeze,71,3,0
2026-05-29,IJT,IJlst,46,0,2
2026-05-29,INNSB,Innsbruck Hbf,1,0,0
2026-05-29,JENBAC,Jenbach,1,0,0
2026-05-29,KARLSR,Karlsruhe Hbf,1,0,0
2026-05-29,KBD,Krabbendijke,74,9,7
2026-05-29,KBK,Klarenbeek,64,1,0
2026-05-29,KBOI,Boisheim,31,5,5
2026-05-29,KBRY,Breyell,30,7,6
2026-05-29,KDBI,Düsseldorf-Bilk,33,4,1
2026-05-29,KDFFH,Düsseldorf Flughafen,32,4,1
2026-05-29,KDUL,Dülken,31,4,5
2026-05-29,KKD,Köln Messe/Deutz,1,0,0
2026-05-29,KKO,Koblenz Hbf,2,0,0
2026-05-29,KLP,Veenendaal-De Klomp,72,10,9
2026-05-29,KMA,Krommenie-Assendelft,114,7,15
2026-05-29,KMR,Klimmen-Ransdaal,78,0,0
2026-05-29,KMW,Koudum-Molkwerum,46,0,2
2026-05-29,KN,Kaldenkirchen,29,8,7
2026-05-29,KOLN,Köln Hbf,17,4,0
2026-05-29,KPN,Kampen,39,1,0
2026-05-29,KPNZ,Kampen Zuid,69,4,9
2026-05-29,KRD,Kerkrade Centrum,38,0,0
2026-05-29,KRG,Kruiningen-Yerseke,74,12,7
2026-05-29,KSB,Siegburg/Bonn,15,4,0
2026-05-29,KTR,Kesteren,66,7,0
2026-05-29,KUFST,Kufstein,1,0,0
2026-05-29,KW,Kropswolde,141,2,0
2026-05-29,KZ,Koog aan de Zaan,117,8,13
2026-05-29,LAA,Den Haag Laan v NOI,281,16,18
2026-05-29,LC,Lochem,54,5,34
2026-05-29,LDL,Leiden Lammenschans,104,1,5
2026-05-29,LDM,Leerdam,72,0,0
2026-05-29,LEDN,Leiden Centraal,530,32,23
2026-05-29,LEER,Leer (Ostfriesl),25,0,0
2026-05-29,LG,Landgraaf,111,10,64
2026-05-29,LILLEE,Lille Europe,7,1,0
2026-05-29,LKP,Kapellen,35,6,0
2026-05-29,LKR,Ekeren,35,6,0
2026-05-29,LLS,Lelystad Centrum,172,14,33
2026-05-29,LLZM,Lansingerland-Zoetermeer,77,2,1
2026-05-29,LP,Loppersum,70,0,2
2026-05-29,LTN,Lunteren,78,2,0
2026-05-29,LTV,Lichtenvoorde-Groenlo,71,6,0
2026-05-29,LUIK,Liège-Guillemins,18,0,19
2026-05-29,LUT,Geleen-Lutterade,76,0,0
2026-05-29,LW,Leeuwarden,208,12,12
2026-05-29,LWC,Leeuwarden Camminghaburen,71,5,0
2026-05-29,MA,Augsburg Hbf,2,0,0
2026-05-29,MANNHE,Mannheim Hbf,3,0,0
2026-05-29,MARIA,Sint-Mariaburg,35,6,0
2026-05-29,MARNE,Marne-la-Vallée-Chessy,1,0,0
2026-05-29,MAS,Maarssen,118,3,12
2026-05-29,MCGB,Mönchengladbach Hbf,32,7,3
2026-05-29,MDB,Middelburg,103,9,13
2026-05-29,MECH,Mechelen,19,4,13
2026-05-29,MES,Meerssen,78,0,97
2026-05-29,MG,Mantgum,67,1,2
2026-05-29,MID,Heide (B),35,4,0
2026-05-29,MMLH,Mook-Molenhoek,75,1,3
2026-05-29,MOP,München Ost,1,0,0
2026-05-29,MP,Meppel,194,18,68
2026-05-29,MRB,Mariënberg,121,2,9
2026-05-29,MRN,Maarn,66,4,15
2026-05-29,MT,Maastricht,240,8,67
2026-05-29,MTH,Martenshoek,141,2,0
2026-05-29,MTN,Maastricht Noord,78,0,0
2026-05-29,MTR,Maastricht Randwyck,113,2,37
2026-05-29,MUNCHH,München Hbf,2,0,0
2026-05-29,MUNST,Münster (Westf) Hbf,10,4,8
2026-05-29,MZ,Maarheeze,71,3,0
2026-05-29,NA,Nieuw Amsterdam,73,1,3
2026-05-29,NDB,Naarden-Bussum,211,6,8
2026-05-29,NDKP,Noorderkempen,19,5,13
2026-05-29,NEUSS,Neuss Hbf,33,5,1
2026-05-29,NH,Nuth,76,0,0
2026-05-29,NKK,Nijkerk,73,2,1
2026-05-29,NM,Nijmegen,408,2,0
2026-05-29,NMD,Nijmegen Dukenburg,149,0,0
2026-05-29,NMGO,Nijmegen Goffert,149,0,0
2026-05-29,NMH,Nijmegen Heyendaal,77,0,0
2026-05-29,NML,Nijmegen Lent,78,0,0
2026-05-29,NS,Nunspeet,73,2,1
2026-05-29,NSCH,Bad Nieuweschans,38,0,0
2026-05-29,NURNB,Nürnberg Hbf,1,0,0
2026-05-29,NVD,Nijverdal,101,14,5
2026-05-29,NVP,Nieuw Vennep,130,10,4
2026-05-29,NWK,Nieuwerkerk a/d IJssel,76,2,10
2026-05-29,O,Oss,175,5,3
2026-05-29,OBD,Obdam,77,1,1
2026-05-29,OBERH,Oberhausen Hbf,53,23,1
2026-05-29,OBERHS,Oberhausen-Sterkrade,35,15,1
2026-05-29,ODB,Oudenbosch,69,1,0
2026-05-29,ODZ,Oldenzaal,63,23,19
2026-05-29,OMN,Ommen,93,1,3
2026-05-29,OP,Opheusden,66,5,0
2026-05-29,OSNH,Osnabrück Hbf,46,21,3
2026-05-29,OST,Olst,74,5,0
2026-05-29,OT,Oisterwijk,69,0,1
2026-05-29,OTB,Oosterbeek,56,5,12
2026-05-29,OVN,Overveen,128,1,5
2026-05-29,OW,Oss West,77,5,2
2026-05-29,PARIS,Paris-Nord,10,2,0
2026-05-29,PMO,Purmerend Overwhere,79,1,0
2026-05-29,PMR,Purmerend,79,1,0
2026-05-29,PMW,Purmerend Weidevenne,79,1,0
2026-05-29,PRAHA,Praha hl.n.,1,0,0
2026-05-29,PT,Putten,73,1,1
2026-05-29,RAI,Amsterdam RAI,141,13,6
2026-05-29,RAT,Raalte,101,21,5
2026-05-29,RB,Rilland-Bath,74,10,7
2026-05-29,RBB,Baden-Baden,1,0,0
2026-05-29,RD,Roodeschool,66,1,0
2026-05-29,RF,Freiburg (Breisgau) Hbf,1,0,0
2026-05-29,RH,Rheden,74,1,0
2026-05-29,RHEINE,Rheine,47,25,3
2026-05-29,RHN,Rhenen,36,4,5
2026-05-29,RL,Ruurlo,71,13,0
2026-05-29,RLB,Rotterdam Lombardijen,125,7,31
2026-05-29,RM,Roermond,201,9,4
2026-05-29,RO,Offenburg,1,0,0
2026-05-29,ROSENH,Rosenheim,1,0,0
2026-05-29,RS,Rosmalen,77,5,2
2026-05-29,RSD,Roosendaal,173,17,22
2026-05-29,RSN,Rijssen,76,2,0
2026-05-29,RSW,Rijswijk,138,6,18
2026-05-29,RTA,Rotterdam Alexander,212,6,18
2026-05-29,RTB,Rotterdam Blaak,243,23,69
2026-05-29,RTD,Rotterdam Centraal,574,68,127
2026-05-29,RTN,Rotterdam Noord,76,3,10
2026-05-29,RTZ,Rotterdam Zuid,122,9,35
2026-05-29,RV,Reuver,75,1,3
2026-05-29,RVS,Ravenstein,79,0,0
2026-05-29,SBK,Spaubeek,76,0,0
2026-05-29,SD,Soestdijk,70,0,0
2026-05-29,SDA,Scheemda,118,0,0
2026-05-29,SDM,Schiedam Centrum,284,23,36
2026-05-29,SDT,Sliedrecht,135,3,0
2026-05-29,SDTB,Sliedrecht Baanhoek,135,5,0
2026-05-29,SGL,Houthem-St. Gerlach,78,0,0
2026-05-29,SGN,Schagen,78,2,1
2026-05-29,SHL,Schiphol Airport,836,64,58
2026-05-29,SK,Sneek,64,0,2
2026-05-29,SKND,Sneek Noord,79,0,2
2026-05-29,SM,Swalmen,74,1,4
2026-05-29,SN,Schinnen,76,0,0
2026-05-29,SOG,Schin op Geul,78,0,0
2026-05-29,SPTN,Santpoort Noord,78,1,3
2026-05-29,SPTZ,Santpoort Zuid,78,1,3
2026-05-29,SRN,Susteren,74,5,0
2026-05-29,SSH,Sassenheim,130,10,4
2026-05-29,ST,Soest,70,0,0
2026-05-29,STD,Sittard,242,7,4
2026-05-29,STM,Stedum,70,0,2
2026-05-29,STP,London St. Pancras Int.,5,1,0
2026-05-29,STV,Stavoren,23,0,1
2026-05-29,STZ,Soest Zuid,70,0,0
2026-05-29,SWD,Sauwerd,146,0,2
2026-05-29,SWK,Steenwijk,138,13,20
2026-05-29,TB,Tilburg,287,13,19
2026-05-29,TBG,Terborg,74,9,2
2026-05-29,TBR,Tilburg Reeshof,72,3,4
2026-05-29,TBU,Tilburg Universiteit,106,3,5
2026-05-29,TG,Tegelen,76,1,2
2026-05-29,TL,Tiel,70,7,1
2026-05-29,TPSW,Tiel Passewaaij,74,10,2
2026-05-29,TS,Stuttgart Hbf,2,0,0
2026-05-29,TU,Ulm Hbf,2,0,0
2026-05-29,TWL,Twello,72,5,2
2026-05-29,UHM,Uithuizermeeden,74,0,0
2026-05-29,UHZ,Uithuizen,74,0,0
2026-05-29,UST,Usquert,74,0,0
2026-05-29,UT,Utrecht Centraal,954,67,71
2026-05-29,UTG,Uitgeest,274,16,19
2026-05-29,UTLN,Utrecht Lunetten,148,5,4
2026-05-29,UTLR,Utrecht Leidsche Rijn,128,2,1
2026-05-29,UTM,Utrecht Maliebaan,8,0,0
2026-05-29,UTO,Utrecht Overvecht,300,4,2
2026-05-29,UTT,Utrecht Terwijde,128,2,1
2026-05-29,UTVR,Utrecht Vaartsche Rijn,237,8,28
2026-05-29,UTZL,Utrecht Zuilen,118,4,12
2026-05-29,VB,Voorburg,77,2,1
2026-05-29,VD,Vorden,71,11,0
2026-05-29,VDL,Voerendaal,78,0,0
2026-05-29,VDM,Veendam,33,0,2
2026-05-29,VEM,Voorst-Empe,64,0,0
2026-05-29,VG,Vught,77,0,2
2026-05-29,VH,Voorhout,77,1,0
2026-05-29,VHP,Vroomshoop,49,0,7
2026-05-29,VIERS,Viersen,31,3,5
2026-05-29,VK,Valkenburg,78,0,97
2026-05-29,VL,Venlo,125,6,7
2026-05-29,VLB,Vierlingsbeek,76,4,2
2026-05-29,VNDC,Veenendaal Centrum,69,5,12
2026-05-29,VNDW,Veenendaal West,67,3,14
2026-05-29,VP,Velp,73,1,0
2026-05-29,VRY,Venray,76,3,2
2026-05-29,VS,Vlissingen,51,6,5
2026-05-29,VSS,Vlissingen Souburg,74,7,7
2026-05-29,VST,Voorschoten,135,3,0
2026-05-29,VSV,Varsseveld,74,12,2
2026-05-29,VTN,Vleuten,128,2,1
2026-05-29,VZ,Vriezenveen,49,0,7
2026-05-29,WAD,Waddinxveen,130,12,0
2026-05-29,WADN,Waddinxveen Noord,130,13,0
2026-05-29,WADT,Waddinxveen Triangel,130,12,0
2026-05-29,WC,Wijchen,114,0,0
2026-05-29,WD,Woerden,262,11,18
2026-05-29,WDN,Wierden,152,12,2
2026-05-29,WESEL,Wesel,35,15,1
2026-05-29,WF,Wolfheze,56,5,12
2026-05-29,WFM,Warffum,74,0,0
2026-05-29,WH,Wijhe,74,4,0
2026-05-29,WK,Workum,46,0,2
2026-05-29,WL,Wehl,116,8,18
2026-05-29,WM,Wormerveer,116,8,14
2026-05-29,WORGL,Wörgl Hbf,1,0,0
2026-05-29,WP,Weesp,277,15,11
2026-05-29,WR,Weener,34,0,0
2026-05-29,WS,Winschoten,80,0,0
2026-05-29,WSM,Winsum,76,0,0
2026-05-29,WT,Weert,162,12,2
2026-05-29,WTV,Westervoort,116,9,18
2026-05-29,WURZB,Würzburg Hbf,2,0,0
2026-05-29,WV,Wolvega,69,8,7
2026-05-29,WW,Winterswijk,73,11,1
2026-05-29,WWW,Winterswijk West,71,6,0
2026-05-29,WZ,Wezep,73,2,1
2026-05-29,YPB,Den Haag Ypenburg,77,3,1
2026-05-29,ZA,Zetten-Andelst,66,4,0
2026-05-29,ZB,Zuidbroek,139,1,2
2026-05-29,ZBM,Zaltbommel,76,3,0
2026-05-29,ZD,Zaandam,314,21,31
2026-05-29,ZDK,Zaandam Kogerveld,79,3,0
2026-05-29,ZH,Zuidhorn,104,2,0
2026-05-29,ZL,Zwolle,427,42,108
2026-05-29,ZLSH,Zwolle Stadshagen,78,2,0
2026-05-29,ZLW,Lage Zwaluwe,142,3,2
2026-05-29,ZP,Zutphen,211,18,15
2026-05-29,ZTM,Zoetermeer,77,1,1
2026-05-29,ZTMO,Zoetermeer Oost,77,1,1
2026-05-29,ZUE,Zürich HB,1,0,0
2026-05-29,ZV,Zevenaar,149,26,21
2026-05-29,ZVB,Zevenbergen,69,1,0
2026-05-29,ZVT,Zandvoort aan Zee,82,0,2
2026-05-29,ZWD,Zwijndrecht,129,7,26
2026-05-29,ZZS,Zaandijk Zaanse Schans,117,8,13
2026-05-30,AC,Abcoude,106,14,23
2026-05-30,ACDG,Airport Charles de Gaulle,2,0,0
2026-05-30,AH,Arnhem Centraal,396,43,10
2026-05-30,AHBF,Aachen Hbf,19,4,12
2026-05-30,AHP,Arnhem Velperpoort,145,12,2
2026-05-30,AHPR,Arnhem Presikhaaf,68,2,0
2026-05-30,AHZ,Arnhem Zuid,113,2,2
2026-05-30,AKL,Arkel,70,3,0
2026-05-30,AKM,Akkrum,39,1,0
2026-05-30,ALM,Almere Centrum,317,17,4
2026-05-30,ALMB,Almere Buiten,166,7,1
2026-05-30,ALMM,Almere Muziekwijk,198,7,0
2026-05-30,ALMO,Almere Oostvaarders,103,3,0
2026-05-30,ALMP,Almere Parkwijk,126,3,0
2026-05-30,AMF,Amersfoort Centraal,402,21,47
2026-05-30,AMFS,Amersfoort Schothorst,139,2,0
2026-05-30,AML,Almelo,184,6,27
2026-05-30,AMPO,Almere Poort,198,7,0
2026-05-30,AMR,Alkmaar,156,0,37
2026-05-30,AMRI,Almelo de Riet,73,2,0
2026-05-30,AMRN,Alkmaar Noord,81,0,0
2026-05-30,ANA,Anna Paulowna,75,1,1
2026-05-30,ANDD,Antwerpen-Noorderdokken,33,2,0
2026-05-30,APD,Apeldoorn,145,9,73
2026-05-30,APDM,Apeldoorn De Maten,34,3,0
2026-05-30,APDO,Apeldoorn Osseveld,26,3,12
2026-05-30,APG,Appingedam,58,1,11
2026-05-30,APN,Alphen a/d Rijn,112,1,0
2026-05-30,ARN,Arnemuiden,71,3,2
2026-05-30,ASA,Amsterdam Amstel,240,39,29
2026-05-30,ASB,Amsterdam Bijlmer ArenA,268,26,33
2026-05-30,ASD,Amsterdam Centraal,698,90,50
2026-05-30,ASDL,Amsterdam Lelylaan,228,17,26
2026-05-30,ASDM,Amsterdam Muiderpoort,203,17,13
2026-05-30,ASDZ,Amsterdam Zuid,460,31,40
2026-05-30,ASHD,Amsterdam Holendrecht,75,11,11
2026-05-30,ASN,Assen,146,4,2
2026-05-30,ASS,Amsterdam Sloterdijk,813,61,58
2026-05-30,ASSP,Amsterdam Science Park,127,5,0
2026-05-30,ATN,Aalten,75,3,2
2026-05-30,ATW,Antwerpen-Centraal,111,22,2
2026-05-30,ATWLB,Antwerpen-Luchtbal,33,3,0
2026-05-30,AVAT,Amersfoort Vathorst,105,3,0
2026-05-30,AW,Aachen West,38,4,24
2026-05-30,BADENZ,Baden (CH),1,0,0
2026-05-30,BASELB,Basel Bad Bf,1,0,0
2026-05-30,BASELS,Basel SBB,1,0,0
2026-05-30,BD,Breda,268,13,11
2026-05-30,BDE,Bunde,74,0,0
2026-05-30,BDG,Bodegraven,73,1,7
2026-05-30,BDM,Bedum,58,0,11
2026-05-30,BDPB,Breda-Prinsenbeek,72,4,2
2026-05-30,BERCH,Antwerpen-Berchem,62,5,0
2026-05-30,BERHBT,Berlin Hbf,12,4,0
2026-05-30,BET,Best,138,3,0
2026-05-30,BF,Baflo,58,0,18
2026-05-30,BGN,Bergen op Zoom,71,4,2
2026-05-30,BH,Bad Bentheim,44,30,3
2026-05-30,BHDV,Boven-Hardinxveld,112,7,9
2026-05-30,BHF,Berlin Ostbahnhof,6,2,0
2026-05-30,BHV,Bilthoven,146,0,0
2026-05-30,BIELEF,Bielefeld Hbf,16,5,1
2026-05-30,BK,Beek-Elsloo,74,0,0
2026-05-30,BKF,Bovenkarspel Flora,74,1,5
2026-05-30,BKG,Bovenkarspel-Grootebroek,74,1,5
2026-05-30,BKL,Breukelen,123,11,24
2026-05-30,BL,Beilen,72,3,1
2026-05-30,BLL,Bloemendaal,75,4,2
2026-05-30,BMN,Brummen,68,3,0
2026-05-30,BMR,Boxmeer,72,0,0
2026-05-30,BN,Borne,73,2,0
2026-05-30,BNC,Barneveld Centrum,116,0,0
2026-05-30,BNK,Bunnik,72,2,5
2026-05-30,BNN,Barneveld Noord,116,2,0
2026-05-30,BNZ,Barneveld Zuid,98,2,0
2026-05-30,BONN,Bonn Hbf,2,0,0
2026-05-30,BP,Buitenpost,98,2,2
2026-05-30,BR,Blerick,138,5,11
2026-05-30,BRD,Barendrecht,118,6,3
2026-05-30,BRESSX,Bressoux,36,0,0
2026-05-30,BRN,Baarn,117,4,0
2026-05-30,BRUSC,Brussel-Centraal,32,1,0
2026-05-30,BRUSN,Brussel-Noord,32,1,0
2026-05-30,BRUSZ,Brussel-Zuid,54,12,1
2026-05-30,BSD,Beesd,70,4,0
2026-05-30,BSK,Boskoop,74,1,0
2026-05-30,BSKS,Boskoop Snijdelwijk,74,1,0
2026-05-30,BSMZ,Bussum Zuid,127,6,1
2026-05-30,BSPD,Berlin-Spandau,12,5,0
2026-05-30,BTL,Boxtel,138,2,0
2026-05-30,BUENDE,Bünde (Westf),46,28,2
2026-05-30,BV,Beverwijk,75,4,2
2026-05-30,BZL,Kapelle-Biezelinge,71,3,2
2026-05-30,CAS,Castricum,67,6,13
2026-05-30,CK,Cuijk,72,0,0
2026-05-30,CL,Culemborg,128,8,30
2026-05-30,CO,Coevorden,72,0,0
2026-05-30,CPS,Capelle Schollevaar,73,6,9
2026-05-30,CVM,Chevremont,74,0,0
2026-05-30,DA,Daarlerveen,45,0,0
2026-05-30,DB,Driebergen-Zeist,147,13,6
2026-05-30,DDN,Delden,60,0,6
2026-05-30,DDR,Dordrecht,262,13,11
2026-05-30,DDRS,Dordrecht Stadspolders,112,5,9
2026-05-30,DDZD,Dordrecht Zuid,40,0,0
2026-05-30,DEI,Deinum,60,5,4
2026-05-30,DID,Didam,77,6,2
2026-05-30,DL,Dalfsen,72,2,0
2026-05-30,DLD,Den Dolder,146,0,0
2026-05-30,DLN,Dalen,40,0,0
2026-05-30,DMN,Diemen,127,5,0
2026-05-30,DMNZ,Diemen Zuid,126,9,1
2026-05-30,DN,Deurne,102,8,11
2026-05-30,DR,Dieren,138,7,2
2026-05-30,DRH,Driehuis,75,4,2
2026-05-30,DRON,Dronten,67,1,0
2026-05-30,DRP,Dronryp,60,5,4
2026-05-30,DT,Delft,335,10,17
2026-05-30,DTC,Doetinchem,75,4,2
2026-05-30,DTCH,Doetinchem De Huet,77,8,2
2026-05-30,DTCP,Delft Campus,120,4,1
2026-05-30,DUISB,Duisburg Hbf,53,11,1
2026-05-30,DUSSEL,Düsseldorf Hbf,50,10,1
2026-05-30,DV,Deventer,190,16,59
2026-05-30,DVC,Deventer Colmschate,36,1,2
2026-05-30,DVD,Duivendrecht,298,29,38
2026-05-30,DVN,Duiven,77,10,2
2026-05-30,DVNK,De Vink,77,1,2
2026-05-30,DWE,De Westereen,67,2,2
2026-05-30,DZ,Delfzijl,29,1,5
2026-05-30,DZW,Delfzijl West,58,1,11
2026-05-30,EABG,Altenberge,12,7,24
2026-05-30,EAHS,Ahaus,29,1,2
2026-05-30,EBFT,Steinfurt-Burgsteinfurt,13,11,23
2026-05-30,EBGO,Steinfurt-Borghorst,12,10,24
2026-05-30,EBOK,Bork (Westf),27,1,3
2026-05-30,EC,Echt,72,2,0
2026-05-30,ECMF,Coesfeld (Westf),28,2,2
2026-05-30,ED,Ede-Wageningen,190,15,2
2026-05-30,EDC,Ede Centrum,80,4,0
2026-05-30,EDD,Dortmund-Derne,27,3,3
2026-05-30,EDKD,Dortmund-Kirchderne,27,4,3
2026-05-30,EDN,Eijsden,36,0,0
2026-05-30,EDO,Dortmund Hbf,14,6,2
2026-05-30,EDULH,Dülmen,27,1,3
2026-05-30,EEM,Eemshaven,24,0,7
2026-05-30,EEPE,Epe (Westf),29,1,2
2026-05-30,EGH,Eygelshoven,74,0,0
2026-05-30,EGHM,Eygelshoven Markt,38,4,24
2026-05-30,EGRK,Steinfurt-Grottenkamp,12,10,24
2026-05-30,EHS,Eindhoven Strijp-S,138,4,0
2026-05-30,EHV,Eindhoven Centraal,309,20,24
2026-05-30,EHW,Rosendahl-Holtwick,29,1,2
2026-05-30,EKZ,Enkhuizen,37,1,4
2026-05-30,EL,Emmerich-Elten,36,12,0
2026-05-30,ELDH,Lüdinghausen,27,0,3
2026-05-30,ELET,Lette (Kr Coesfeld),27,1,3
2026-05-30,ELGD,Legden,29,1,2
2026-05-30,ELUE,Lünen Hbf,27,4,3
2026-05-30,EM,Emmerich,45,14,0
2026-05-30,EML,Ermelo,71,2,0
2026-05-30,EMN,Emmen,36,0,0
2026-05-30,EMNZ,Emmen Zuid,72,0,0
2026-05-30,EMTE,Metelen Land,14,11,22
2026-05-30,ENBE,Münster-Häger,12,6,24
2026-05-30,ENHF,Münster (W) Zentrum Nord,12,6,24
2026-05-30,ENOW,Nordwalde,12,10,24
2026-05-30,EOP,Ochtrup,15,10,21
2026-05-30,EPRA,Praest,36,12,0
2026-05-30,EPRN,Preussen,27,4,3
2026-05-30,ES,Enschede,107,6,17
2026-05-30,ESE,Enschede De Eschmarke,65,3,9
2026-05-30,ESEB,Selm-Beifang,27,1,3
2026-05-30,ESEM,Selm,27,0,3
2026-05-30,ESK,Enschede Kennispark,74,0,0
2026-05-30,ESN,Essen,33,2,0
2026-05-30,EST,Elst,151,5,2
2026-05-30,ETN,Etten-Leur,70,3,3
2026-05-30,FBNL,Brussels Airport-Zaventem,32,3,0
2026-05-30,FFFM,Frankfurt (M) Hbf,2,0,6
2026-05-30,FKTH,Kalmthout,33,2,0
2026-05-30,FKW,Kassel-Wilhelmshöhe,1,1,0
2026-05-30,FMZ,Mainz Hbf,2,0,0
2026-05-30,FN,Franeker,60,7,4
2026-05-30,FNAF,Frankfurt Flughafen Fernb,10,1,6
2026-05-30,FNZD,Antwerpen-Zuid,30,1,0
2026-05-30,FRP,Puurs,15,0,0
2026-05-30,FVS,Visé,36,0,0
2026-05-30,FWD,Feanwâlden,124,2,2
2026-05-30,G,Gronau (Westf.),55,10,16
2026-05-30,GBG,Gramsbergen,40,0,0
2026-05-30,GBR,Glanerbrug,65,5,9
2026-05-30,GD,Gouda,420,14,19
2026-05-30,GDG,Gouda Goverwelle,147,10,17
2026-05-30,GDM,Geldermalsen,170,8,23
2026-05-30,GDR,Gaanderen,75,8,2
2026-05-30,GERP,Groningen Europapark,288,9,11
2026-05-30,GK,Grijpskerk,67,0,2
2026-05-30,GKT,Kijkuit,33,2,0
2026-05-30,GLN,Geleen Oost,72,1,2
2026-05-30,GN,Groningen,329,6,24
2026-05-30,GND,Hardinxveld-Giessendam,112,6,9
2026-05-30,GNN,Groningen Noord,117,1,28
2026-05-30,GO,Goor,59,1,6
2026-05-30,GP,Geldrop,70,3,0
2026-05-30,GR,Gorinchem,90,4,5
2026-05-30,GS,Goes,71,3,2
2026-05-30,GV,Den Haag HS,336,5,17
2026-05-30,GVC,Den Haag Centraal,295,11,10
2026-05-30,GVM,Den Haag Mariahoeve,77,1,2
2026-05-30,GVMW,Den Haag Moerwijk,120,2,1
2026-05-30,GW,Grou-Jirnsum,39,1,0
2026-05-30,GWD,Wildert,33,2,0
2026-05-30,GZ,Gilze-Rijen,72,3,2
2026-05-30,HAD,Heemstede-Aerdenhout,205,8,3
2026-05-30,HANN,Hannover Hbf,13,7,0
2026-05-30,HB,Hoensbroek,72,1,2
2026-05-30,HBZM,Hardinxveld Blauwe Zoom,71,3,1
2026-05-30,HD,Harderwijk,71,2,0
2026-05-30,HDB,Hardenberg,94,1,0
2026-05-30,HDE,'t Harde,71,0,0
2026-05-30,HDG,Hurdegaryp,67,1,2
2026-05-30,HDR,Den Helder,39,1,0
2026-05-30,HDRZ,Den Helder Zuid,75,2,1
2026-05-30,HFD,Hoofddorp,219,22,14
2026-05-30,HGL,Hengelo,237,26,35
2026-05-30,HGLG,Hengelo Gezondheidspark,60,1,6
2026-05-30,HGLO,Hengelo Oost,66,1,6
2026-05-30,HGV,Hoogeveen,72,3,1
2026-05-30,HGZ,Hoogezand-Sappemeer,131,4,8
2026-05-30,HIL,Hillegom,69,3,0
2026-05-30,HK,Heemskerk,75,4,2
2026-05-30,HKS,Hoogkarspel,74,1,5
2026-05-30,HLG,Harlingen,57,6,7
2026-05-30,HLGH,Harlingen Haven,27,2,5
2026-05-30,HLM,Haarlem,363,11,10
2026-05-30,HLMS,Haarlem Spaarnwoude,144,7,4
2026-05-30,HLO,Heiloo,74,2,44
2026-05-30,HM,Helmond,109,9,4
2026-05-30,HMBH,Helmond Brouwhuis,72,5,0
2026-05-30,HMBV,Helmond Brandevoort,72,4,0
2026-05-30,HMH,Helmond 't Hout,72,4,0
2026-05-30,HMN,Hemmen-Dodewaard,34,1,0
2026-05-30,HN,Hoorn,182,1,6
2026-05-30,HNK,Hoorn Kersenboogerd,109,1,5
2026-05-30,HNO,Heino,72,2,0
2026-05-30,HNP,Hindeloopen,36,0,0
2026-05-30,HOHT,Osnabrück Altstadt,33,20,1
2026-05-30,HON,Holten,36,1,2
2026-05-30,HOR,Hollandsche Rading,78,1,1
2026-05-30,HR,Heerenveen,106,2,1
2026-05-30,HRL,Heerlen,189,13,22
2026-05-30,HRLW,Heerlen Woonboulevard,74,1,0
2026-05-30,HRN,Haren,75,3,1
2026-05-30,HRT,Horst-Sevenum,66,7,11
2026-05-30,HT,'s-Hertogenbosch,339,31,36
2026-05-30,HTN,Houten,132,6,26
2026-05-30,HTNC,Houten Castellum,130,6,28
2026-05-30,HTO,'s-Hertogenbosch Oost,70,5,2
2026-05-30,HVL,Hoevelaken,116,1,0
2026-05-30,HVS,Hilversum,427,23,40
2026-05-30,HVSM,Hilversum Media Park,127,5,1
2026-05-30,HVSP,Hilversum Sportpark,158,4,1
2026-05-30,HWD,Heerhugowaard,115,1,1
2026-05-30,HWZB,Halfweg-Zwanenburg,144,3,4
2026-05-30,HZ,Herzogenrath,38,4,24
2026-05-30,HZE,Heeze,70,3,0
2026-05-30,IJT,IJlst,36,0,0
2026-05-30,INNSB,Innsbruck Hbf,1,0,0
2026-05-30,JENBAC,Jenbach,1,0,0
2026-05-30,KARLSR,Karlsruhe Hbf,1,0,0
2026-05-30,KBD,Krabbendijke,71,4,2
2026-05-30,KBK,Klarenbeek,34,3,0
2026-05-30,KBOI,Boisheim,34,0,2
2026-05-30,KBRY,Breyell,34,1,2
2026-05-30,KDBI,Düsseldorf-Bilk,33,2,1
2026-05-30,KDFFH,Düsseldorf Flughafen,34,0,0
2026-05-30,KDUL,Dülken,34,0,2
2026-05-30,KKD,Köln Messe/Deutz,1,1,0
2026-05-30,KKO,Koblenz Hbf,2,0,0
2026-05-30,KLP,Veenendaal-De Klomp,78,6,0
2026-05-30,KMA,Krommenie-Assendelft,113,14,15
2026-05-30,KMR,Klimmen-Ransdaal,74,1,0
2026-05-30,KMW,Koudum-Molkwerum,36,0,0
2026-05-30,KN,Kaldenkirchen,33,1,3
2026-05-30,KOLN,Köln Hbf,16,3,0
2026-05-30,KPN,Kampen,37,0,0
2026-05-30,KPNZ,Kampen Zuid,67,1,0
2026-05-30,KRD,Kerkrade Centrum,37,0,0
2026-05-30,KRG,Kruiningen-Yerseke,71,3,2
2026-05-30,KSB,Siegburg/Bonn,14,2,0
2026-05-30,KTR,Kesteren,34,1,0
2026-05-30,KUFST,Kufstein,1,0,0
2026-05-30,KW,Kropswolde,131,4,8
2026-05-30,KZ,Koog aan de Zaan,117,20,13
2026-05-30,LAA,Den Haag Laan v NOI,215,4,14
2026-05-30,LC,Lochem,58,0,6
2026-05-30,LDL,Leiden Lammenschans,75,0,0
2026-05-30,LDM,Leerdam,70,4,0
2026-05-30,LEDN,Leiden Centraal,433,14,15
2026-05-30,LEER,Leer (Ostfriesl),25,0,0
2026-05-30,LG,Landgraaf,112,16,24
2026-05-30,LILLEE,Lille Europe,5,1,0
2026-05-30,LKP,Kapellen,33,2,0
2026-05-30,LKR,Ekeren,33,2,0
2026-05-30,LLS,Lelystad Centrum,167,14,3
2026-05-30,LLZM,Lansingerland-Zoetermeer,73,2,8
2026-05-30,LP,Loppersum,58,1,11
2026-05-30,LTN,Lunteren,80,2,0
2026-05-30,LTV,Lichtenvoorde-Groenlo,54,1,0
2026-05-30,LUIK,Liège-Guillemins,18,0,0
2026-05-30,LUT,Geleen-Lutterade,74,0,0
2026-05-30,LW,Leeuwarden,179,7,4
2026-05-30,LWC,Leeuwarden Camminghaburen,67,1,2
2026-05-30,MA,Augsburg Hbf,2,0,0
2026-05-30,MANNHE,Mannheim Hbf,3,0,0
2026-05-30,MARIA,Sint-Mariaburg,33,2,0
2026-05-30,MARNE,Marne-la-Vallée-Chessy,1,0,0
2026-05-30,MAS,Maarssen,74,3,10
2026-05-30,MCGB,Mönchengladbach Hbf,33,2,2
2026-05-30,MDB,Middelburg,70,3,3
2026-05-30,MECH,Mechelen,32,4,0
2026-05-30,MES,Meerssen,128,11,6
2026-05-30,MG,Mantgum,65,0,0
2026-05-30,MID,Heide (B),33,2,0
2026-05-30,MMLH,Mook-Molenhoek,72,0,0
2026-05-30,MOP,München Ost,1,0,0
2026-05-30,MP,Meppel,177,3,2
2026-05-30,MRB,Mariënberg,117,0,0
2026-05-30,MRN,Maarn,72,3,5
2026-05-30,MT,Maastricht,190,11,4
2026-05-30,MTH,Martenshoek,131,4,8
2026-05-30,MTN,Maastricht Noord,74,2,0
2026-05-30,MTR,Maastricht Randwyck,75,3,0
2026-05-30,MUNCHH,München Hbf,2,0,0
2026-05-30,MUNST,Münster (Westf) Hbf,6,4,12
2026-05-30,MZ,Maarheeze,70,2,0
2026-05-30,NA,Nieuw Amsterdam,72,0,0
2026-05-30,NDB,Naarden-Bussum,199,8,1
2026-05-30,NDKP,Noorderkempen,62,8,2
2026-05-30,NEUSS,Neuss Hbf,33,1,1
2026-05-30,NH,Nuth,72,1,2
2026-05-30,NKK,Nijkerk,71,2,0
2026-05-30,NM,Nijmegen,277,15,7
2026-05-30,NMD,Nijmegen Dukenburg,111,5,3
2026-05-30,NMGO,Nijmegen Goffert,111,5,3
2026-05-30,NMH,Nijmegen Heyendaal,72,0,0
2026-05-30,NML,Nijmegen Lent,113,2,2
2026-05-30,NS,Nunspeet,71,2,0
2026-05-30,NSCH,Bad Nieuweschans,35,0,1
2026-05-30,NURNB,Nürnberg Hbf,1,0,0
2026-05-30,NVD,Nijverdal,72,1,0
2026-05-30,NVP,Nieuw Vennep,77,4,1
2026-05-30,NWK,Nieuwerkerk a/d IJssel,73,6,9
2026-05-30,O,Oss,138,12,4
2026-05-30,OBD,Obdam,73,0,1
2026-05-30,OBERH,Oberhausen Hbf,54,19,0
2026-05-30,OBERHS,Oberhausen-Sterkrade,36,8,0
2026-05-30,ODB,Oudenbosch,75,0,0
2026-05-30,ODZ,Oldenzaal,62,17,7
2026-05-30,OMN,Ommen,72,2,0
2026-05-30,OP,Opheusden,34,1,0
2026-05-30,OSNH,Osnabrück Hbf,46,28,2
2026-05-30,OST,Olst,71,7,1
2026-05-30,OT,Oisterwijk,64,1,0
2026-05-30,OTB,Oosterbeek,34,0,2
2026-05-30,OVN,Overveen,124,2,4
2026-05-30,OW,Oss West,70,7,2
2026-05-30,PARIS,Paris-Nord,9,0,0
2026-05-30,PMO,Purmerend Overwhere,75,2,0
2026-05-30,PMR,Purmerend,75,1,0
2026-05-30,PMW,Purmerend Weidevenne,75,2,0
2026-05-30,PT,Putten,71,2,0
2026-05-30,RAI,Amsterdam RAI,129,10,2
2026-05-30,RAT,Raalte,72,1,0
2026-05-30,RB,Rilland-Bath,71,4,2
2026-05-30,RBB,Baden-Baden,1,0,0
2026-05-30,RD,Roodeschool,55,0,14
2026-05-30,RF,Freiburg (Breisgau) Hbf,1,0,0
2026-05-30,RH,Rheden,68,3,0
2026-05-30,RHEINE,Rheine,46,31,2
2026-05-30,RHN,Rhenen,36,3,2
2026-05-30,RL,Ruurlo,54,4,0
2026-05-30,RLB,Rotterdam Lombardijen,118,7,3
2026-05-30,RM,Roermond,170,4,13
2026-05-30,RO,Offenburg,1,0,0
2026-05-30,ROSENH,Rosenheim,1,0,0
2026-05-30,RS,Rosmalen,70,6,2
2026-05-30,RSD,Roosendaal,126,5,2
2026-05-30,RSN,Rijssen,36,0,2
2026-05-30,RSW,Rijswijk,120,2,1
2026-05-30,RTA,Rotterdam Alexander,190,11,11
2026-05-30,RTB,Rotterdam Blaak,247,14,16
2026-05-30,RTD,Rotterdam Centraal,541,43,32
2026-05-30,RTN,Rotterdam Noord,73,7,9
2026-05-30,RTZ,Rotterdam Zuid,118,6,3
2026-05-30,RV,Reuver,72,1,0
2026-05-30,RVS,Ravenstein,70,6,2
2026-05-30,SBK,Spaubeek,72,1,2
2026-05-30,SD,Soestdijk,72,0,0
2026-05-30,SDA,Scheemda,96,4,8
2026-05-30,SDM,Schiedam Centrum,258,11,13
2026-05-30,SDT,Sliedrecht,112,6,9
2026-05-30,SDTB,Sliedrecht Baanhoek,112,8,9
2026-05-30,SGL,Houthem-St. Gerlach,74,2,0
2026-05-30,SGN,Schagen,75,1,1
2026-05-30,SHL,Schiphol Airport,733,62,57
2026-05-30,SK,Sneek,50,0,0
2026-05-30,SKND,Sneek Noord,65,0,0
2026-05-30,SM,Swalmen,72,2,0
2026-05-30,SN,Schinnen,72,1,2
2026-05-30,SOG,Schin op Geul,74,1,0
2026-05-30,SPTN,Santpoort Noord,75,4,2
2026-05-30,SPTZ,Santpoort Zuid,75,4,2
2026-05-30,SRN,Susteren,72,2,0
2026-05-30,SSH,Sassenheim,77,4,1
2026-05-30,ST,Soest,72,0,0
2026-05-30,STD,Sittard,240,5,16
2026-05-30,STM,Stedum,58,1,11
2026-05-30,STP,London St. Pancras Int.,3,1,0
2026-05-30,STV,Stavoren,18,0,0
2026-05-30,STZ,Soest Zuid,72,0,0
2026-05-30,SWD,Sauwerd,117,0,28
2026-05-30,SWK,Steenwijk,106,1,1
2026-05-30,TB,Tilburg,279,9,8
2026-05-30,TBG,Terborg,75,4,2
2026-05-30,TBR,Tilburg Reeshof,72,4,2
2026-05-30,TBU,Tilburg Universiteit,104,4,2
2026-05-30,TG,Tegelen,72,2,0
2026-05-30,TL,Tiel,52,3,4
2026-05-30,TPSW,Tiel Passewaaij,69,4,10
2026-05-30,TS,Stuttgart Hbf,2,0,0
2026-05-30,TU,Ulm Hbf,2,0,0
2026-05-30,TWL,Twello,27,2,12
2026-05-30,UHM,Uithuizermeeden,62,0,14
2026-05-30,UHZ,Uithuizen,62,0,14
2026-05-30,UST,Usquert,62,0,14
2026-05-30,UT,Utrecht Centraal,742,55,61
2026-05-30,UTG,Uitgeest,259,26,17
2026-05-30,UTLN,Utrecht Lunetten,133,7,25
2026-05-30,UTLR,Utrecht Leidsche Rijn,72,3,8
2026-05-30,UTM,Utrecht Maliebaan,8,0,0
2026-05-30,UTO,Utrecht Overvecht,319,5,2
2026-05-30,UTT,Utrecht Terwijde,72,3,8
2026-05-30,UTVR,Utrecht Vaartsche Rijn,205,9,30
2026-05-30,UTZL,Utrecht Zuilen,73,2,11
2026-05-30,VB,Voorburg,73,2,8
2026-05-30,VD,Vorden,54,4,0
2026-05-30,VDL,Voerendaal,74,1,0
2026-05-30,VDM,Veendam,30,1,4
2026-05-30,VEM,Voorst-Empe,34,3,0
2026-05-30,VG,Vught,74,2,0
2026-05-30,VH,Voorhout,69,2,0
2026-05-30,VHP,Vroomshoop,45,0,0
2026-05-30,VIERS,Viersen,34,1,2
2026-05-30,VK,Valkenburg,130,12,4
2026-05-30,VL,Venlo,119,5,10
2026-05-30,VLB,Vierlingsbeek,72,1,0
2026-05-30,VNDC,Veenendaal Centrum,72,2,5
2026-05-30,VNDW,Veenendaal West,72,2,5
2026-05-30,VP,Velp,67,1,0
2026-05-30,VRY,Venray,72,1,0
2026-05-30,VS,Vlissingen,34,1,2
2026-05-30,VSS,Vlissingen Souburg,69,1,4
2026-05-30,VST,Voorschoten,77,1,2
2026-05-30,VSV,Varsseveld,75,6,2
2026-05-30,VTN,Vleuten,72,2,8
2026-05-30,VZ,Vriezenveen,45,0,0
2026-05-30,WAD,Waddinxveen,74,1,0
2026-05-30,WADN,Waddinxveen Noord,74,1,0
2026-05-30,WADT,Waddinxveen Triangel,74,1,0
2026-05-30,WC,Wijchen,91,6,2
2026-05-30,WD,Woerden,214,12,30
2026-05-30,WDN,Wierden,108,2,2
2026-05-30,WESEL,Wesel,36,7,0
2026-05-30,WF,Wolfheze,34,0,2
2026-05-30,WFM,Warffum,60,0,16
2026-05-30,WH,Wijhe,70,6,1
2026-05-30,WK,Workum,36,0,0
2026-05-30,WL,Wehl,77,5,2
2026-05-30,WM,Wormerveer,116,20,14
2026-05-30,WORGL,Wörgl Hbf,1,0,0
2026-05-30,WP,Weesp,253,8,1
2026-05-30,WR,Weener,34,0,0
2026-05-30,WS,Winschoten,66,3,5
2026-05-30,WSM,Winsum,58,0,18
2026-05-30,WT,Weert,102,8,11
2026-05-30,WTV,Westervoort,77,9,2
2026-05-30,WURZB,Würzburg Hbf,2,0,0
2026-05-30,WV,Wolvega,39,0,0
2026-05-30,WW,Winterswijk,65,5,1
2026-05-30,WWW,Winterswijk West,54,1,0
2026-05-30,WZ,Wezep,71,0,0
2026-05-30,YPB,Den Haag Ypenburg,73,2,8
2026-05-30,ZA,Zetten-Andelst,34,1,0
2026-05-30,ZB,Zuidbroek,129,5,10
2026-05-30,ZBM,Zaltbommel,72,6,7
2026-05-30,ZD,Zaandam,302,43,18
2026-05-30,ZDK,Zaandam Kogerveld,75,2,0
2026-05-30,ZH,Zuidhorn,96,1,2
2026-05-30,ZL,Zwolle,417,21,3
2026-05-30,ZLSH,Zwolle Stadshagen,74,0,0
2026-05-30,ZLW,Lage Zwaluwe,114,3,1
2026-05-30,ZP,Zutphen,194,10,5
2026-05-30,ZTM,Zoetermeer,73,2,8
2026-05-30,ZTMO,Zoetermeer Oost,73,2,8
2026-05-30,ZUE,Zürich HB,1,0,0
2026-05-30,ZV,Zevenaar,113,16,2
2026-05-30,ZVB,Zevenbergen,75,0,0
2026-05-30,ZVT,Zandvoort aan Zee,80,2,2
2026-05-30,ZWD,Zwijndrecht,118,6,3
2026-05-30,ZZS,Zaandijk Zaanse Schans,117,23,13
2026-05-31,AC,Abcoude,105,2,8
2026-05-31,ACDG,Airport Charles de Gaulle,4,0,0
2026-05-31,AH,Arnhem Centraal,334,28,17
2026-05-31,AHBF,Aachen Hbf,25,0,0
2026-05-31,AHP,Arnhem Velperpoort,100,0,8
2026-05-31,AHPR,Arnhem Presikhaaf,34,0,1
2026-05-31,AHZ,Arnhem Zuid,63,2,1
2026-05-31,AKL,Arkel,60,1,0
2026-05-31,AKM,Akkrum,36,2,2
2026-05-31,ALM,Almere Centrum,264,22,20
2026-05-31,ALMB,Almere Buiten,113,6,10
2026-05-31,ALMM,Almere Muziekwijk,170,12,17
2026-05-31,ALMO,Almere Oostvaarders,94,5,8
2026-05-31,ALMP,Almere Parkwijk,113,6,10
2026-05-31,AMF,Amersfoort Centraal,375,36,16
2026-05-31,AMFS,Amersfoort Schothorst,130,6,8
2026-05-31,AML,Almelo,165,3,4
2026-05-31,AMPO,Almere Poort,171,11,17
2026-05-31,AMR,Alkmaar,152,0,0
2026-05-31,AMRI,Almelo de Riet,67,1,0
2026-05-31,AMRN,Alkmaar Noord,79,0,0
2026-05-31,ANA,Anna Paulowna,74,0,0
2026-05-31,ANDD,Antwerpen-Noorderdokken,33,1,0
2026-05-31,APD,Apeldoorn,127,15,7
2026-05-31,APDM,Apeldoorn De Maten,34,0,0
2026-05-31,APDO,Apeldoorn Osseveld,34,0,0
2026-05-31,APG,Appingedam,38,0,0
2026-05-31,APN,Alphen a/d Rijn,105,0,1
2026-05-31,ARN,Arnemuiden,64,5,5
2026-05-31,ASA,Amsterdam Amstel,240,11,16
2026-05-31,ASB,Amsterdam Bijlmer ArenA,244,10,14
2026-05-31,ASD,Amsterdam Centraal,686,57,20
2026-05-31,ASDL,Amsterdam Lelylaan,242,12,4
2026-05-31,ASDM,Amsterdam Muiderpoort,191,20,5
2026-05-31,ASDZ,Amsterdam Zuid,416,31,36
2026-05-31,ASHD,Amsterdam Holendrecht,69,3,4
2026-05-31,ASN,Assen,129,6,2
2026-05-31,ASS,Amsterdam Sloterdijk,796,27,18
2026-05-31,ASSP,Amsterdam Science Park,116,9,1
2026-05-31,ATN,Aalten,59,0,7
2026-05-31,ATW,Antwerpen-Centraal,118,15,2
2026-05-31,ATWLB,Antwerpen-Luchtbal,33,3,0
2026-05-31,AVAT,Amersfoort Vathorst,93,5,2
2026-05-31,AW,Aachen West,49,0,1
2026-05-31,BADENZ,Baden (CH),1,0,0
2026-05-31,BASELB,Basel Bad Bf,1,0,0
2026-05-31,BASELS,Basel SBB,1,0,0
2026-05-31,BD,Breda,255,13,12
2026-05-31,BDE,Bunde,68,0,2
2026-05-31,BDG,Bodegraven,71,3,0
2026-05-31,BDM,Bedum,38,1,0
2026-05-31,BDPB,Breda-Prinsenbeek,72,1,1
2026-05-31,BERCH,Antwerpen-Berchem,60,0,2
2026-05-31,BERHBT,Berlin Hbf,12,2,0
2026-05-31,BET,Best,129,3,0
2026-05-31,BF,Baflo,38,0,0
2026-05-31,BGN,Bergen op Zoom,64,2,5
2026-05-31,BH,Bad Bentheim,45,31,3
2026-05-31,BHDV,Boven-Hardinxveld,75,1,0
2026-05-31,BHF,Berlin Ostbahnhof,6,1,0
2026-05-31,BHV,Bilthoven,138,0,0
2026-05-31,BIELEF,Bielefeld Hbf,16,5,0
2026-05-31,BK,Beek-Elsloo,68,0,2
2026-05-31,BKF,Bovenkarspel Flora,66,0,1
2026-05-31,BKG,Bovenkarspel-Grootebroek,66,0,1
2026-05-31,BKL,Breukelen,120,6,9
2026-05-31,BL,Beilen,62,2,0
2026-05-31,BLL,Bloemendaal,72,0,0
2026-05-31,BMN,Brummen,34,0,1
2026-05-31,BMR,Boxmeer,68,0,0
2026-05-31,BN,Borne,67,1,0
2026-05-31,BNC,Barneveld Centrum,68,0,0
2026-05-31,BNK,Bunnik,68,1,3
2026-05-31,BNN,Barneveld Noord,68,0,0
2026-05-31,BNZ,Barneveld Zuid,68,0,0
2026-05-31,BONN,Bonn Hbf,2,0,0
2026-05-31,BP,Buitenpost,70,1,0
2026-05-31,BR,Blerick,138,1,1
2026-05-31,BRD,Barendrecht,75,0,0
2026-05-31,BRESSX,Bressoux,34,0,0
2026-05-31,BRN,Baarn,121,4,1
2026-05-31,BRUSC,Brussel-Centraal,30,0,2
2026-05-31,BRUSN,Brussel-Noord,30,0,2
2026-05-31,BRUSZ,Brussel-Zuid,63,8,1
2026-05-31,BSD,Beesd,60,1,0
2026-05-31,BSK,Boskoop,68,0,2
2026-05-31,BSKS,Boskoop Snijdelwijk,68,0,2
2026-05-31,BSMZ,Bussum Zuid,105,12,3
2026-05-31,BSPD,Berlin-Spandau,12,3,0
2026-05-31,BTL,Boxtel,129,2,0
2026-05-31,BUENDE,Bünde (Westf),42,13,4
2026-05-31,BV,Beverwijk,72,0,0
2026-05-31,BZL,Kapelle-Biezelinge,64,4,5
2026-05-31,CAS,Castricum,81,0,0
2026-05-31,CK,Cuijk,68,0,0
2026-05-31,CL,Culemborg,132,5,4
2026-05-31,CO,Coevorden,62,1,0
2026-05-31,CPS,Capelle Schollevaar,70,3,2
2026-05-31,CVM,Chevremont,70,0,0
2026-05-31,DA,Daarlerveen,33,0,0
2026-05-31,DB,Driebergen-Zeist,135,6,6
2026-05-31,DDN,Delden,50,0,2
2026-05-31,DDR,Dordrecht,210,2,1
2026-05-31,DDRS,Dordrecht Stadspolders,75,1,0
2026-05-31,DDZD,Dordrecht Zuid,37,0,0
2026-05-31,DEI,Deinum,60,1,0
2026-05-31,DID,Didam,66,0,7
2026-05-31,DL,Dalfsen,62,0,0
2026-05-31,DLD,Den Dolder,138,0,0
2026-05-31,DLN,Dalen,33,0,0
2026-05-31,DMN,Diemen,116,10,1
2026-05-31,DMNZ,Diemen Zuid,115,7,12
2026-05-31,DN,Deurne,105,2,1
2026-05-31,DR,Dieren,101,0,7
2026-05-31,DRH,Driehuis,72,0,0
2026-05-31,DRON,Dronten,60,4,3
2026-05-31,DRP,Dronryp,60,1,0
2026-05-31,DT,Delft,276,9,7
2026-05-31,DTC,Doetinchem,59,0,10
2026-05-31,DTCH,Doetinchem De Huet,60,0,13
2026-05-31,DTCP,Delft Campus,77,0,0
2026-05-31,DUISB,Duisburg Hbf,51,6,0
2026-05-31,DUSSEL,Düsseldorf Hbf,48,7,1
2026-05-31,DV,Deventer,181,15,10
2026-05-31,DVC,Deventer Colmschate,34,1,0
2026-05-31,DVD,Duivendrecht,272,24,30
2026-05-31,DVN,Duiven,66,0,7
2026-05-31,DVNK,De Vink,77,3,6
2026-05-31,DWE,De Westereen,38,1,0
2026-05-31,DZ,Delfzijl,19,0,0
2026-05-31,DZW,Delfzijl West,38,0,0
2026-05-31,EABG,Altenberge,29,17,3
2026-05-31,EAHS,Ahaus,28,3,0
2026-05-31,EBFT,Steinfurt-Burgsteinfurt,29,26,3
2026-05-31,EBGO,Steinfurt-Borghorst,29,26,3
2026-05-31,EBOK,Bork (Westf),27,1,0
2026-05-31,EC,Echt,64,4,4
2026-05-31,ECMF,Coesfeld (Westf),27,4,0
2026-05-31,ED,Ede-Wageningen,173,7,6
2026-05-31,EDC,Ede Centrum,68,0,0
2026-05-31,EDD,Dortmund-Derne,27,5,0
2026-05-31,EDKD,Dortmund-Kirchderne,27,6,0
2026-05-31,EDN,Eijsden,34,0,0
2026-05-31,EDO,Dortmund Hbf,14,4,0
2026-05-31,EDULH,Dülmen,27,1,0
2026-05-31,EEM,Eemshaven,14,0,0
2026-05-31,EEPE,Epe (Westf),28,3,0
2026-05-31,EGH,Eygelshoven,70,0,0
2026-05-31,EGHM,Eygelshoven Markt,49,0,1
2026-05-31,EGRK,Steinfurt-Grottenkamp,29,26,3
2026-05-31,EHS,Eindhoven Strijp-S,129,6,0
2026-05-31,EHV,Eindhoven Centraal,299,10,6
2026-05-31,EHW,Rosendahl-Holtwick,28,2,0
2026-05-31,EKZ,Enkhuizen,33,0,1
2026-05-31,EL,Emmerich-Elten,35,13,0
2026-05-31,ELDH,Lüdinghausen,27,1,0
2026-05-31,ELET,Lette (Kr Coesfeld),27,2,0
2026-05-31,ELGD,Legden,28,3,0
2026-05-31,ELUE,Lünen Hbf,27,4,0
2026-05-31,EM,Emmerich,44,12,0
2026-05-31,EML,Ermelo,67,5,0
2026-05-31,EMN,Emmen,31,0,0
2026-05-31,EMNZ,Emmen Zuid,62,0,0
2026-05-31,EMTE,Metelen Land,29,24,3
2026-05-31,ENBE,Münster-Häger,29,15,3
2026-05-31,ENHF,Münster (W) Zentrum Nord,29,12,3
2026-05-31,ENOW,Nordwalde,29,25,3
2026-05-31,EOP,Ochtrup,29,17,3
2026-05-31,EPRA,Praest,35,10,0
2026-05-31,EPRN,Preussen,27,5,0
2026-05-31,ES,Enschede,99,6,4
2026-05-31,ESE,Enschede De Eschmarke,64,3,4
2026-05-31,ESEB,Selm-Beifang,27,1,0
2026-05-31,ESEM,Selm,27,3,0
2026-05-31,ESK,Enschede Kennispark,68,0,0
2026-05-31,ESN,Essen,33,1,0
2026-05-31,EST,Elst,95,1,1
2026-05-31,ETN,Etten-Leur,70,2,5
2026-05-31,FBNL,Brussels Airport-Zaventem,30,1,2
2026-05-31,FFFM,Frankfurt (M) Hbf,2,0,6
2026-05-31,FKTH,Kalmthout,33,1,0
2026-05-31,FMZ,Mainz Hbf,2,0,0
2026-05-31,FN,Franeker,60,1,0
2026-05-31,FNAF,Frankfurt Flughafen Fernb,10,1,6
2026-05-31,FNZD,Antwerpen-Zuid,30,0,0
2026-05-31,FRP,Puurs,15,0,0
2026-05-31,FVS,Visé,34,0,0
2026-05-31,FWD,Feanwâlden,70,1,0
2026-05-31,G,Gronau (Westf.),62,17,3
2026-05-31,GBG,Gramsbergen,33,0,0
2026-05-31,GBR,Glanerbrug,64,6,4
2026-05-31,GD,Gouda,389,8,4
2026-05-31,GDG,Gouda Goverwelle,140,5,2
2026-05-31,GDM,Geldermalsen,161,4,5
2026-05-31,GDR,Gaanderen,59,0,7
2026-05-31,GERP,Groningen Europapark,187,0,0
2026-05-31,GK,Grijpskerk,38,0,0
2026-05-31,GKT,Kijkuit,33,1,0
2026-05-31,GLN,Geleen Oost,68,2,2
2026-05-31,GN,Groningen,215,4,1
2026-05-31,GND,Hardinxveld-Giessendam,75,1,0
2026-05-31,GNN,Groningen Noord,76,2,0
2026-05-31,GO,Goor,49,0,2
2026-05-31,GP,Geldrop,66,0,0
2026-05-31,GR,Gorinchem,67,1,0
2026-05-31,GS,Goes,64,3,5
2026-05-31,GSB,Berlin Gesundbrunnen,1,0,0
2026-05-31,GV,Den Haag HS,276,7,8
2026-05-31,GVC,Den Haag Centraal,258,6,10
2026-05-31,GVM,Den Haag Mariahoeve,77,2,6
2026-05-31,GVMW,Den Haag Moerwijk,77,0,0
2026-05-31,GW,Grou-Jirnsum,36,2,2
2026-05-31,GWD,Wildert,33,1,0
2026-05-31,GZ,Gilze-Rijen,66,1,1
2026-05-31,HAD,Heemstede-Aerdenhout,178,4,4
2026-05-31,HAMM,Hamm (Westf.),4,1,0
2026-05-31,HANN,Hannover Hbf,15,5,0
2026-05-31,HB,Hoensbroek,68,1,2
2026-05-31,HBUE,Bruchmühlen,13,0,0
2026-05-31,HBZM,Hardinxveld Blauwe Zoom,61,1,0
2026-05-31,HD,Harderwijk,67,6,0
2026-05-31,HDB,Hardenberg,77,0,0
2026-05-31,HDE,'t Harde,67,6,0
2026-05-31,HDG,Hurdegaryp,38,1,0
2026-05-31,HDR,Den Helder,37,0,0
2026-05-31,HDRZ,Den Helder Zuid,74,0,0
2026-05-31,HFD,Hoofddorp,217,12,13
2026-05-31,HGL,Hengelo,211,24,9
2026-05-31,HGLG,Hengelo Gezondheidspark,50,0,2
2026-05-31,HGLO,Hengelo Oost,50,0,2
2026-05-31,HGV,Hoogeveen,64,2,0
2026-05-31,HGZ,Hoogezand-Sappemeer,76,0,0
2026-05-31,HIL,Hillegom,63,1,0
2026-05-31,HK,Heemskerk,72,1,0
2026-05-31,HKS,Hoogkarspel,66,0,1
2026-05-31,HLG,Harlingen,60,1,0
2026-05-31,HLGH,Harlingen Haven,30,1,0
2026-05-31,HLM,Haarlem,291,3,4
2026-05-31,HLMS,Haarlem Spaarnwoude,140,0,1
2026-05-31,HLO,Heiloo,81,0,0
2026-05-31,HM,Helmond,103,1,0
2026-05-31,HMBH,Helmond Brouwhuis,69,1,0
2026-05-31,HMBV,Helmond Brandevoort,69,1,0
2026-05-31,HMEL,Melle,26,0,0
2026-05-31,HMH,Helmond 't Hout,69,1,0
2026-05-31,HMN,Hemmen-Dodewaard,30,0,0
2026-05-31,HN,Hoorn,169,0,3
2026-05-31,HNK,Hoorn Kersenboogerd,98,0,2
2026-05-31,HNO,Heino,66,0,0
2026-05-31,HNP,Hindeloopen,30,0,0
2026-05-31,HOHT,Osnabrück Altstadt,32,13,0
2026-05-31,HON,Holten,34,1,0
2026-05-31,HOR,Hollandsche Rading,78,1,2
2026-05-31,HR,Heerenveen,100,9,4
2026-05-31,HRL,Heerlen,187,7,3
2026-05-31,HRLW,Heerlen Woonboulevard,72,0,0
2026-05-31,HRN,Haren,63,0,0
2026-05-31,HRT,Horst-Sevenum,70,1,1
2026-05-31,HT,'s-Hertogenbosch,335,8,13
2026-05-31,HTN,Houten,133,3,4
2026-05-31,HTNC,Houten Castellum,133,4,4
2026-05-31,HTO,'s-Hertogenbosch Oost,67,0,1
2026-05-31,HVL,Hoevelaken,68,0,0
2026-05-31,HVS,Hilversum,376,40,22
2026-05-31,HVSM,Hilversum Media Park,106,13,2
2026-05-31,HVSP,Hilversum Sportpark,117,8,6
2026-05-31,HWD,Heerhugowaard,112,0,0
2026-05-31,HWIS,Wissingen,26,0,0
2026-05-31,HWTH,Westerhausen,26,0,0
2026-05-31,HWZB,Halfweg-Zwanenburg,140,0,1
2026-05-31,HZ,Herzogenrath,49,0,1
2026-05-31,HZE,Heeze,66,0,0
2026-05-31,IJT,IJlst,30,0,0
2026-05-31,INNSB,Innsbruck Hbf,1,0,0
2026-05-31,JENBAC,Jenbach,1,0,0
2026-05-31,KARLSR,Karlsruhe Hbf,1,0,0
2026-05-31,KBD,Krabbendijke,64,2,5
2026-05-31,KBK,Klarenbeek,34,0,0
2026-05-31,KBOI,Boisheim,30,0,2
2026-05-31,KBRY,Breyell,30,0,2
2026-05-31,KDBI,Düsseldorf-Bilk,29,0,1
2026-05-31,KDFFH,Düsseldorf Flughafen,32,0,0
2026-05-31,KDUL,Dülken,30,0,2
2026-05-31,KKD,Köln Messe/Deutz,2,1,0
2026-05-31,KKO,Koblenz Hbf,2,0,0
2026-05-31,KLP,Veenendaal-De Klomp,70,4,3
2026-05-31,KMA,Krommenie-Assendelft,113,3,4
2026-05-31,KMR,Klimmen-Ransdaal,72,0,0
2026-05-31,KMW,Koudum-Molkwerum,30,0,0
2026-05-31,KN,Kaldenkirchen,30,0,2
2026-05-31,KOLN,Köln Hbf,16,2,0
2026-05-31,KPN,Kampen,35,0,0
2026-05-31,KPNZ,Kampen Zuid,60,4,3
2026-05-31,KRD,Kerkrade Centrum,35,0,0
2026-05-31,KRG,Kruiningen-Yerseke,64,3,5
2026-05-31,KSB,Siegburg/Bonn,14,1,0
2026-05-31,KTR,Kesteren,30,0,0
2026-05-31,KUFST,Kufstein,1,0,0
2026-05-31,KW,Kropswolde,76,0,0
2026-05-31,KZ,Koog aan de Zaan,113,3,4
2026-05-31,LAA,Den Haag Laan v NOI,200,10,10
2026-05-31,LC,Lochem,48,0,2
2026-05-31,LDL,Leiden Lammenschans,71,0,0
2026-05-31,LDM,Leerdam,60,1,0
2026-05-31,LEDN,Leiden Centraal,398,15,16
2026-05-31,LEER,Leer (Ostfriesl),23,0,0
2026-05-31,LG,Landgraaf,119,9,1
2026-05-31,LILLEE,Lille Europe,7,4,0
2026-05-31,LKP,Kapellen,33,0,0
2026-05-31,LKR,Ekeren,33,1,0
2026-05-31,LLS,Lelystad Centrum,137,11,6
2026-05-31,LLZM,Lansingerland-Zoetermeer,70,1,0
2026-05-31,LP,Loppersum,38,1,0
2026-05-31,LTN,Lunteren,68,0,0
2026-05-31,LTV,Lichtenvoorde-Groenlo,48,0,2
2026-05-31,LUIK,Liège-Guillemins,17,0,0
2026-05-31,LUT,Geleen-Lutterade,68,0,2
2026-05-31,LW,Leeuwarden,131,7,2
2026-05-31,LWC,Leeuwarden Camminghaburen,38,2,0
2026-05-31,MA,Augsburg Hbf,3,0,0
2026-05-31,MANNHE,Mannheim Hbf,4,0,0
2026-05-31,MARIA,Sint-Mariaburg,33,0,0
2026-05-31,MARNE,Marne-la-Vallée-Chessy,2,0,0
2026-05-31,MAS,Maarssen,71,1,4
2026-05-31,MCGB,Mönchengladbach Hbf,30,0,1
2026-05-31,MDB,Middelburg,64,5,5
2026-05-31,MECH,Mechelen,30,0,2
2026-05-31,MES,Meerssen,120,1,0
2026-05-31,MG,Mantgum,34,0,0
2026-05-31,MID,Heide (B),33,1,0
2026-05-31,MMLH,Mook-Molenhoek,68,0,0
2026-05-31,MOP,München Ost,1,0,0
2026-05-31,MP,Meppel,159,11,7
2026-05-31,MRB,Mariënberg,93,0,0
2026-05-31,MRN,Maarn,68,1,3
2026-05-31,MT,Maastricht,179,3,2
2026-05-31,MTH,Martenshoek,76,0,0
2026-05-31,MTN,Maastricht Noord,72,0,0
2026-05-31,MTR,Maastricht Randwyck,70,2,1
2026-05-31,MUNCHH,München Hbf,2,0,0
2026-05-31,MUNST,Münster (Westf) Hbf,17,12,2
2026-05-31,MZ,Maarheeze,66,0,0
2026-05-31,NA,Nieuw Amsterdam,62,0,0
2026-05-31,NDB,Naarden-Bussum,173,21,12
2026-05-31,NDKP,Noorderkempen,62,4,2
2026-05-31,NEUSS,Neuss Hbf,29,0,1
2026-05-31,NH,Nuth,68,3,2
2026-05-31,NKK,Nijkerk,67,3,0
2026-05-31,NM,Nijmegen,221,5,10
2026-05-31,NMD,Nijmegen Dukenburg,67,0,1
2026-05-31,NMGO,Nijmegen Goffert,67,0,1
2026-05-31,NMH,Nijmegen Heyendaal,68,0,0
2026-05-31,NML,Nijmegen Lent,62,0,2
2026-05-31,NS,Nunspeet,67,6,0
2026-05-31,NSCH,Bad Nieuweschans,34,0,0
2026-05-31,NURNB,Nürnberg Hbf,1,0,0
2026-05-31,NVD,Nijverdal,66,1,0
2026-05-31,NVP,Nieuw Vennep,76,7,6
2026-05-31,NWK,Nieuwerkerk a/d IJssel,70,3,2
2026-05-31,O,Oss,133,2,6
2026-05-31,OBD,Obdam,70,0,0
2026-05-31,OBERH,Oberhausen Hbf,53,12,0
2026-05-31,OBERHS,Oberhausen-Sterkrade,36,4,0
2026-05-31,ODB,Oudenbosch,71,0,0
2026-05-31,ODZ,Oldenzaal,51,19,7
2026-05-31,OMN,Ommen,62,0,0
2026-05-31,OP,Opheusden,30,0,0
2026-05-31,OSNH,Osnabrück Hbf,57,14,4
2026-05-31,OST,Olst,67,3,5
2026-05-31,OT,Oisterwijk,60,1,0
2026-05-31,OTB,Oosterbeek,36,1,0
2026-05-31,OVN,Overveen,68,0,1
2026-05-31,OW,Oss West,67,0,1
2026-05-31,PARIS,Paris-Nord,10,0,0
2026-05-31,PMO,Purmerend Overwhere,68,0,2
2026-05-31,PMR,Purmerend,68,0,2
2026-05-31,PMW,Purmerend Weidevenne,68,0,2
2026-05-31,PT,Putten,67,6,0
2026-05-31,RAI,Amsterdam RAI,116,11,16
2026-05-31,RAT,Raalte,66,0,0
2026-05-31,RB,Rilland-Bath,64,2,5
2026-05-31,RBB,Baden-Baden,1,0,0
2026-05-31,RD,Roodeschool,33,0,0
2026-05-31,RF,Freiburg (Breisgau) Hbf,1,0,0
2026-05-31,RH,Rheden,34,0,1
2026-05-31,RHEINE,Rheine,46,28,0
2026-05-31,RHN,Rhenen,34,0,1
2026-05-31,RL,Ruurlo,48,0,2
2026-05-31,RLB,Rotterdam Lombardijen,75,0,0
2026-05-31,RM,Roermond,161,9,8
2026-05-31,RO,Offenburg,1,0,0
2026-05-31,ROSENH,Rosenheim,1,0,0
2026-05-31,RS,Rosmalen,67,0,1
2026-05-31,RSD,Roosendaal,120,4,4
2026-05-31,RSN,Rijssen,34,0,0
2026-05-31,RSW,Rijswijk,77,0,0
2026-05-31,RTA,Rotterdam Alexander,179,6,2
2026-05-31,RTB,Rotterdam Blaak,192,5,4
2026-05-31,RTD,Rotterdam Centraal,474,21,13
2026-05-31,RTN,Rotterdam Noord,70,3,2
2026-05-31,RTZ,Rotterdam Zuid,75,1,0
2026-05-31,RV,Reuver,68,0,0
2026-05-31,RVS,Ravenstein,67,0,1
2026-05-31,SBK,Spaubeek,68,2,2
2026-05-31,SD,Soestdijk,68,0,0
2026-05-31,SDA,Scheemda,68,0,0
2026-05-31,SDM,Schiedam Centrum,200,3,4
2026-05-31,SDT,Sliedrecht,75,1,0
2026-05-31,SDTB,Sliedrecht Baanhoek,75,1,0
2026-05-31,SGL,Houthem-St. Gerlach,72,0,0
2026-05-31,SGN,Schagen,74,1,0
2026-05-31,SHL,Schiphol Airport,725,44,37
2026-05-31,SK,Sneek,32,0,0
2026-05-31,SKND,Sneek Noord,34,0,0
2026-05-31,SM,Swalmen,68,0,0
2026-05-31,SN,Schinnen,68,3,2
2026-05-31,SOG,Schin op Geul,72,0,0
2026-05-31,SPTN,Santpoort Noord,72,0,0
2026-05-31,SPTZ,Santpoort Zuid,72,0,0
2026-05-31,SRN,Susteren,64,4,4
2026-05-31,SSH,Sassenheim,76,6,6
2026-05-31,ST,Soest,68,0,0
2026-05-31,STD,Sittard,229,11,10
2026-05-31,STM,Stedum,38,2,0
2026-05-31,STP,London St. Pancras Int.,4,3,0
2026-05-31,STV,Stavoren,15,0,0
2026-05-31,STZ,Soest Zuid,68,0,0
2026-05-31,SWD,Sauwerd,76,2,0
2026-05-31,SWK,Steenwijk,100,7,4
2026-05-31,TB,Tilburg,260,9,9
2026-05-31,TBG,Terborg,59,0,7
2026-05-31,TBR,Tilburg Reeshof,66,1,1
2026-05-31,TBU,Tilburg Universiteit,95,0,2
2026-05-31,TG,Tegelen,68,1,0
2026-05-31,TL,Tiel,48,2,2
2026-05-31,TPSW,Tiel Passewaaij,64,2,4
2026-05-31,TS,Stuttgart Hbf,3,0,0
2026-05-31,TU,Ulm Hbf,2,0,0
2026-05-31,TWL,Twello,34,0,0
2026-05-31,UHM,Uithuizermeeden,38,0,0
2026-05-31,UHZ,Uithuizen,38,0,0
2026-05-31,UST,Usquert,38,0,0
2026-05-31,UT,Utrecht Centraal,713,43,24
2026-05-31,UTG,Uitgeest,263,6,8
2026-05-31,UTLN,Utrecht Lunetten,133,4,4
2026-05-31,UTLR,Utrecht Leidsche Rijn,69,0,0
2026-05-31,UTM,Utrecht Maliebaan,3,0,0
2026-05-31,UTO,Utrecht Overvecht,210,7,6
2026-05-31,UTT,Utrecht Terwijde,69,2,0
2026-05-31,UTVR,Utrecht Vaartsche Rijn,201,5,7
2026-05-31,UTZL,Utrecht Zuilen,69,0,3
2026-05-31,VB,Voorburg,70,0,0
2026-05-31,VD,Vorden,48,0,2
2026-05-31,VDL,Voerendaal,72,0,0
2026-05-31,VDM,Veendam,19,0,0
2026-05-31,VEM,Voorst-Empe,34,0,0
2026-05-31,VG,Vught,69,1,0
2026-05-31,VH,Voorhout,63,1,0
2026-05-31,VHP,Vroomshoop,33,0,0
2026-05-31,VIERS,Viersen,30,0,2
2026-05-31,VK,Valkenburg,120,2,0
2026-05-31,VL,Venlo,120,1,2
2026-05-31,VLB,Vierlingsbeek,68,0,0
2026-05-31,VNDC,Veenendaal Centrum,68,0,3
2026-05-31,VNDW,Veenendaal West,68,1,3
2026-05-31,VP,Velp,34,0,1
2026-05-31,VRY,Venray,68,0,0
2026-05-31,VS,Vlissingen,32,3,4
2026-05-31,VSS,Vlissingen Souburg,64,4,5
2026-05-31,VST,Voorschoten,77,2,6
2026-05-31,VSV,Varsseveld,59,0,7
2026-05-31,VTN,Vleuten,69,2,0
2026-05-31,VZ,Vriezenveen,33,0,0
2026-05-31,WAD,Waddinxveen,68,0,2
2026-05-31,WADN,Waddinxveen Noord,68,0,2
2026-05-31,WADT,Waddinxveen Triangel,68,1,2
2026-05-31,WC,Wijchen,67,0,1
2026-05-31,WD,Woerden,206,7,4
2026-05-31,WDN,Wierden,100,1,0
2026-05-31,WESEL,Wesel,35,7,0
2026-05-31,WF,Wolfheze,36,1,0
2026-05-31,WFM,Warffum,38,0,0
2026-05-31,WH,Wijhe,67,7,5
2026-05-31,WK,Workum,30,0,0
2026-05-31,WL,Wehl,63,0,10
2026-05-31,WM,Wormerveer,113,2,4
2026-05-31,WORGL,Wörgl Hbf,1,0,0
2026-05-31,WP,Weesp,233,19,13
2026-05-31,WR,Weener,32,0,0
2026-05-31,WS,Winschoten,52,0,0
2026-05-31,WSM,Winsum,38,0,0
2026-05-31,WT,Weert,99,4,4
2026-05-31,WTV,Westervoort,66,0,7
2026-05-31,WURZB,Würzburg Hbf,1,0,0
2026-05-31,WV,Wolvega,36,1,2
2026-05-31,WW,Winterswijk,54,0,5
2026-05-31,WWW,Winterswijk West,48,0,2
2026-05-31,WZ,Wezep,67,5,0
2026-05-31,YPB,Den Haag Ypenburg,70,0,0
2026-05-31,ZA,Zetten-Andelst,30,0,0
2026-05-31,ZB,Zuidbroek,76,0,0
2026-05-31,ZBM,Zaltbommel,66,0,2
2026-05-31,ZD,Zaandam,295,13,14
2026-05-31,ZDK,Zaandam Kogerveld,68,0,2
2026-05-31,ZH,Zuidhorn,38,1,0
2026-05-31,ZL,Zwolle,375,20,14
2026-05-31,ZLSH,Zwolle Stadshagen,70,0,0
2026-05-31,ZLW,Lage Zwaluwe,108,1,1
2026-05-31,ZP,Zutphen,164,1,9
2026-05-31,ZTM,Zoetermeer,70,0,0
2026-05-31,ZTMO,Zoetermeer Oost,70,0,0
2026-05-31,ZUE,Zürich HB,1,0,0
2026-05-31,ZV,Zevenaar,101,11,7
2026-05-31,ZVB,Zevenbergen,71,0,0
2026-05-31,ZVT,Zandvoort aan Zee,34,0,0
2026-05-31,ZWD,Zwijndrecht,75,0,0
2026-05-31,ZZS,Zaandijk Zaanse Schans,113,4,4
