tijdstip_utc,belgium,germany,norway,united_kingdom,sum
2015-03-01T00:00:00Z,-0.959,1.37,0.704,-0.936,0.179
2015-03-01T00:15:00Z,-0.959,1.37,0.704,-0.936,0.179
2015-03-01T00:30:00Z,-0.959,1.37,0.704,-0.936,0.179
2015-03-01T00:45:00Z,-0.959,1.37,0.704,-0.936,0.179
2015-03-01T01:00:00Z,-0.85,1.239,0.704,-0.846,0.247
2015-03-01T01:15:00Z,-0.85,1.239,0.704,-0.846,0.247
2015-03-01T01:30:00Z,-0.85,1.239,0.704,-0.846,0.247
2015-03-01T01:45:00Z,-0.85,1.239,0.704,-0.846,0.247
2015-03-01T02:00:00Z,-0.763,1.413,0.687,-0.845,0.492
2015-03-01T02:15:00Z,-0.763,1.413,0.687,-0.845,0.492
2015-03-01T02:30:00Z,-0.763,1.413,0.687,-0.845,0.492
2015-03-01T02:45:00Z,-0.763,1.413,0.687,-0.845,0.492
2015-03-01T03:00:00Z,-0.748,1.951,0.201,-0.752,0.652
2015-03-01T03:15:00Z,-0.748,1.951,0.201,-0.752,0.652
2015-03-01T03:30:00Z,-0.748,1.951,0.201,-0.752,0.652
2015-03-01T03:45:00Z,-0.748,1.951,0.201,-0.752,0.652
2015-03-01T04:00:00Z,-0.742,2.633,-0.359,-0.751,0.781
2015-03-01T04:15:00Z,-0.742,2.633,-0.359,-0.751,0.781
2015-03-01T04:30:00Z,-0.742,2.633,-0.359,-0.751,0.781
2015-03-01T04:45:00Z,-0.742,2.633,-0.359,-0.751,0.781
2015-03-01T05:00:00Z,-0.919,2.846,-0.437,-0.518,0.972
2015-03-01T05:15:00Z,-0.919,2.846,-0.437,-0.518,0.972
2015-03-01T05:30:00Z,-0.919,2.846,-0.437,-0.518,0.972
2015-03-01T05:45:00Z,-0.919,2.846,-0.437,-0.518,0.972
2015-03-01T06:00:00Z,-0.671,2.778,-0.579,-0.424,1.104
2015-03-01T06:15:00Z,-0.671,2.778,-0.579,-0.424,1.104
2015-03-01T06:30:00Z,-0.671,2.778,-0.579,-0.424,1.104
2015-03-01T06:45:00Z,-0.671,2.778,-0.579,-0.424,1.104
2015-03-01T07:00:00Z,-0.374,2.625,-0.011,-0.833,1.407
2015-03-01T07:15:00Z,-0.374,2.625,-0.011,-0.833,1.407
2015-03-01T07:30:00Z,-0.374,2.625,-0.011,-0.833,1.407
2015-03-01T07:45:00Z,-0.374,2.625,-0.011,-0.833,1.407
2015-03-01T08:00:00Z,-0.451,2.678,0.594,-1.026,1.796
2015-03-01T08:15:00Z,-0.451,2.678,0.594,-1.026,1.796
2015-03-01T08:30:00Z,-0.451,2.678,0.594,-1.026,1.796
2015-03-01T08:45:00Z,-0.451,2.678,0.594,-1.026,1.796
2015-03-01T09:00:00Z,-0.793,3.028,0.702,-1.026,1.91
2015-03-01T09:15:00Z,-0.793,3.028,0.702,-1.026,1.91
2015-03-01T09:30:00Z,-0.793,3.028,0.702,-1.026,1.91
2015-03-01T09:45:00Z,-0.793,3.028,0.702,-1.026,1.91
2015-03-01T10:00:00Z,-0.568,2.869,0.704,-1.026,1.979
2015-03-01T10:15:00Z,-0.568,2.869,0.704,-1.026,1.979
2015-03-01T10:30:00Z,-0.568,2.869,0.704,-1.026,1.979
2015-03-01T10:45:00Z,-0.568,2.869,0.704,-1.026,1.979
2015-03-01T11:00:00Z,-0.57,2.795,0.684,-1.023,1.886
2015-03-01T11:15:00Z,-0.57,2.795,0.684,-1.023,1.886
2015-03-01T11:30:00Z,-0.57,2.795,0.684,-1.023,1.886
2015-03-01T11:45:00Z,-0.57,2.795,0.684,-1.023,1.886
2015-03-01T12:00:00Z,-0.355,2.752,0.644,-1.025,2.016
2015-03-01T12:15:00Z,-0.355,2.752,0.644,-1.025,2.016
2015-03-01T12:30:00Z,-0.355,2.752,0.644,-1.025,2.016
2015-03-01T12:45:00Z,-0.355,2.752,0.644,-1.025,2.016
2015-03-01T13:00:00Z,-0.212,2.867,0.209,-1.057,1.807
2015-03-01T13:15:00Z,-0.212,2.867,0.209,-1.057,1.807
2015-03-01T13:30:00Z,-0.212,2.867,0.209,-1.057,1.807
2015-03-01T13:45:00Z,-0.212,2.867,0.209,-1.057,1.807
2015-03-01T14:00:00Z,-0.249,2.771,0.484,-1.072,1.933
2015-03-01T14:15:00Z,-0.249,2.771,0.484,-1.072,1.933
2015-03-01T14:30:00Z,-0.249,2.771,0.484,-1.072,1.933
2015-03-01T14:45:00Z,-0.249,2.771,0.484,-1.072,1.933
2015-03-01T15:00:00Z,-0.275,2.854,0.659,-1.05,2.188
2015-03-01T15:15:00Z,-0.275,2.854,0.659,-1.05,2.188
2015-03-01T15:30:00Z,-0.275,2.854,0.659,-1.05,2.188
2015-03-01T15:45:00Z,-0.275,2.854,0.659,-1.05,2.188
2015-03-01T16:00:00Z,-0.318,2.48,0.704,-0.989,1.877
2015-03-01T16:15:00Z,-0.318,2.48,0.704,-0.989,1.877
2015-03-01T16:30:00Z,-0.318,2.48,0.704,-0.989,1.877
2015-03-01T16:45:00Z,-0.318,2.48,0.704,-0.989,1.877
2015-03-01T17:00:00Z,-0.6,2.476,0.704,-1.022,1.558
2015-03-01T17:15:00Z,-0.6,2.476,0.704,-1.022,1.558
2015-03-01T17:30:00Z,-0.6,2.476,0.704,-1.022,1.558
2015-03-01T17:45:00Z,-0.6,2.476,0.704,-1.022,1.558
2015-03-01T18:00:00Z,-0.705,2.433,0.704,-1.026,1.407
2015-03-01T18:15:00Z,-0.705,2.433,0.704,-1.026,1.407
2015-03-01T18:30:00Z,-0.705,2.433,0.704,-1.026,1.407
2015-03-01T18:45:00Z,-0.705,2.433,0.704,-1.026,1.407
2015-03-01T19:00:00Z,-0.427,2.227,0.704,-1.013,1.49
2015-03-01T19:15:00Z,-0.427,2.227,0.704,-1.013,1.49
2015-03-01T19:30:00Z,-0.427,2.227,0.704,-1.013,1.49
2015-03-01T19:45:00Z,-0.427,2.227,0.704,-1.013,1.49
2015-03-01T20:00:00Z,-0.574,2.19,0.69,-1.015,1.29
2015-03-01T20:15:00Z,-0.574,2.19,0.69,-1.015,1.29
2015-03-01T20:30:00Z,-0.574,2.19,0.69,-1.015,1.29
2015-03-01T20:45:00Z,-0.574,2.19,0.69,-1.015,1.29
2015-03-01T21:00:00Z,-0.735,2.111,0.619,-1.011,0.984
2015-03-01T21:15:00Z,-0.735,2.111,0.619,-1.011,0.984
2015-03-01T21:30:00Z,-0.735,2.111,0.619,-1.011,0.984
2015-03-01T21:45:00Z,-0.735,2.111,0.619,-1.011,0.984
2015-03-01T22:00:00Z,-1.055,2.534,0.449,-1.014,0.914
2015-03-01T22:15:00Z,-1.055,2.534,0.449,-1.014,0.914
2015-03-01T22:30:00Z,-1.055,2.534,0.449,-1.014,0.914
2015-03-01T22:45:00Z,-1.055,2.534,0.449,-1.014,0.914
2015-03-01T23:00:00Z,-1.174,2.481,0.698,-0.954,1.051
2015-03-01T23:15:00Z,-1.174,2.481,0.698,-0.954,1.051
2015-03-01T23:30:00Z,-1.174,2.481,0.698,-0.954,1.051
2015-03-01T23:45:00Z,-1.174,2.481,0.698,-0.954,1.051
2015-03-02T00:00:00Z,-1.169,2.983,0.386,-0.972,1.228
2015-03-02T00:15:00Z,-1.169,2.983,0.386,-0.972,1.228
2015-03-02T00:30:00Z,-1.169,2.983,0.386,-0.972,1.228
2015-03-02T00:45:00Z,-1.169,2.983,0.386,-0.972,1.228
2015-03-02T01:00:00Z,-1.195,3.215,0.128,-0.975,1.172
2015-03-02T01:15:00Z,-1.195,3.215,0.128,-0.975,1.172
2015-03-02T01:30:00Z,-1.195,3.215,0.128,-0.975,1.172
2015-03-02T01:45:00Z,-1.195,3.215,0.128,-0.975,1.172
2015-03-02T02:00:00Z,-0.837,2.756,0.16,-0.975,1.104
2015-03-02T02:15:00Z,-0.837,2.756,0.16,-0.975,1.104
2015-03-02T02:30:00Z,-0.837,2.756,0.16,-0.975,1.104
2015-03-02T02:45:00Z,-0.837,2.756,0.16,-0.975,1.104
2015-03-02T03:00:00Z,-0.663,2.945,-0.244,-0.975,1.064
2015-03-02T03:15:00Z,-0.663,2.945,-0.244,-0.975,1.064
2015-03-02T03:30:00Z,-0.663,2.945,-0.244,-0.975,1.064
2015-03-02T03:45:00Z,-0.663,2.945,-0.244,-0.975,1.064
2015-03-02T04:00:00Z,-1.078,2.873,0.116,-0.975,0.936
2015-03-02T04:15:00Z,-1.078,2.873,0.116,-0.975,0.936
2015-03-02T04:30:00Z,-1.078,2.873,0.116,-0.975,0.936
2015-03-02T04:45:00Z,-1.078,2.873,0.116,-0.975,0.936
2015-03-02T05:00:00Z,-1.567,2.775,0.672,-0.985,0.896
2015-03-02T05:15:00Z,-1.567,2.775,0.672,-0.985,0.896
2015-03-02T05:30:00Z,-1.567,2.775,0.672,-0.985,0.896
2015-03-02T05:45:00Z,-1.567,2.775,0.672,-0.985,0.896
2015-03-02T06:00:00Z,-1.742,3.087,0.411,-0.602,1.154
2015-03-02T06:15:00Z,-1.742,3.087,0.411,-0.602,1.154
2015-03-02T06:30:00Z,-1.742,3.087,0.411,-0.602,1.154
2015-03-02T06:45:00Z,-1.742,3.087,0.411,-0.602,1.154
2015-03-02T07:00:00Z,-1.368,3.301,0.404,-0.827,1.511
2015-03-02T07:15:00Z,-1.368,3.301,0.404,-0.827,1.511
2015-03-02T07:30:00Z,-1.368,3.301,0.404,-0.827,1.511
2015-03-02T07:45:00Z,-1.368,3.301,0.404,-0.827,1.511
2015-03-02T08:00:00Z,-1.21,3.345,0.404,-0.991,1.548
2015-03-02T08:15:00Z,-1.21,3.345,0.404,-0.991,1.548
2015-03-02T08:30:00Z,-1.21,3.345,0.404,-0.991,1.548
2015-03-02T08:45:00Z,-1.21,3.345,0.404,-0.991,1.548
2015-03-02T09:00:00Z,-1.064,3.181,0.404,-1.021,1.499
2015-03-02T09:15:00Z,-1.064,3.181,0.404,-1.021,1.499
2015-03-02T09:30:00Z,-1.064,3.181,0.404,-1.021,1.499
2015-03-02T09:45:00Z,-1.064,3.181,0.404,-1.021,1.499
2015-03-02T10:00:00Z,-1.163,2.864,0.404,-1.014,1.09
2015-03-02T10:15:00Z,-1.163,2.864,0.404,-1.014,1.09
2015-03-02T10:30:00Z,-1.163,2.864,0.404,-1.014,1.09
2015-03-02T10:45:00Z,-1.163,2.864,0.404,-1.014,1.09
2015-03-02T11:00:00Z,-1.16,2.651,0.404,-1.02,0.875
2015-03-02T11:15:00Z,-1.16,2.651,0.404,-1.02,0.875
2015-03-02T11:30:00Z,-1.16,2.651,0.404,-1.02,0.875
2015-03-02T11:45:00Z,-1.16,2.651,0.404,-1.02,0.875
2015-03-02T12:00:00Z,-1.33,2.852,0.404,-1.037,0.889
2015-03-02T12:15:00Z,-1.33,2.852,0.404,-1.037,0.889
2015-03-02T12:30:00Z,-1.33,2.852,0.404,-1.037,0.889
2015-03-02T12:45:00Z,-1.33,2.852,0.404,-1.037,0.889
2015-03-02T13:00:00Z,-1.25,2.578,0.404,-1.015,0.717
2015-03-02T13:15:00Z,-1.25,2.578,0.404,-1.015,0.717
2015-03-02T13:30:00Z,-1.25,2.578,0.404,-1.015,0.717
2015-03-02T13:45:00Z,-1.25,2.578,0.404,-1.015,0.717
2015-03-02T14:00:00Z,-1.017,2.48,0.404,-1.038,0.828
2015-03-02T14:15:00Z,-1.017,2.48,0.404,-1.038,0.828
2015-03-02T14:30:00Z,-1.017,2.48,0.404,-1.038,0.828
2015-03-02T14:45:00Z,-1.017,2.48,0.404,-1.038,0.828
2015-03-02T15:00:00Z,-0.777,2.216,0.404,-1.014,0.829
2015-03-02T15:15:00Z,-0.777,2.216,0.404,-1.014,0.829
2015-03-02T15:30:00Z,-0.777,2.216,0.404,-1.014,0.829
2015-03-02T15:45:00Z,-0.777,2.216,0.404,-1.014,0.829
2015-03-02T16:00:00Z,-1.097,2.511,0.404,-1.001,0.817
2015-03-02T16:15:00Z,-1.097,2.511,0.404,-1.001,0.817
2015-03-02T16:30:00Z,-1.097,2.511,0.404,-1.001,0.817
2015-03-02T16:45:00Z,-1.097,2.511,0.404,-1.001,0.817
2015-03-02T17:00:00Z,-1.402,2.459,0.404,-0.907,0.554
2015-03-02T17:15:00Z,-1.402,2.459,0.404,-0.907,0.554
2015-03-02T17:30:00Z,-1.402,2.459,0.404,-0.907,0.554
2015-03-02T17:45:00Z,-1.402,2.459,0.404,-0.907,0.554
2015-03-02T18:00:00Z,-1.821,2.895,0.404,-1.035,0.442
2015-03-02T18:15:00Z,-1.821,2.895,0.404,-1.035,0.442
2015-03-02T18:30:00Z,-1.821,2.895,0.404,-1.035,0.442
2015-03-02T18:45:00Z,-1.821,2.895,0.404,-1.035,0.442
2015-03-02T19:00:00Z,-1.935,2.875,0.404,-1.01,0.335
2015-03-02T19:15:00Z,-1.935,2.875,0.404,-1.01,0.335
2015-03-02T19:30:00Z,-1.935,2.875,0.404,-1.01,0.335
2015-03-02T19:45:00Z,-1.935,2.875,0.404,-1.01,0.335
2015-03-02T20:00:00Z,-2.016,2.12,0.404,-0.895,-0.387
2015-03-02T20:15:00Z,-2.016,2.12,0.404,-0.895,-0.387
2015-03-02T20:30:00Z,-2.016,2.12,0.404,-0.895,-0.387
2015-03-02T20:45:00Z,-2.016,2.12,0.404,-0.895,-0.387
2015-03-02T21:00:00Z,-2.081,2.128,0.404,-1.026,-0.575
2015-03-02T21:15:00Z,-2.081,2.128,0.404,-1.026,-0.575
2015-03-02T21:30:00Z,-2.081,2.128,0.404,-1.026,-0.575
2015-03-02T21:45:00Z,-2.081,2.128,0.404,-1.026,-0.575
2015-03-02T22:00:00Z,-2.302,2.445,0.404,-0.813,-0.266
2015-03-02T22:15:00Z,-2.302,2.445,0.404,-0.813,-0.266
2015-03-02T22:30:00Z,-2.302,2.445,0.404,-0.813,-0.266
2015-03-02T22:45:00Z,-2.302,2.445,0.404,-0.813,-0.266
2015-03-02T23:00:00Z,-2.236,2.503,0.404,-0.831,-0.16
2015-03-02T23:15:00Z,-2.236,2.503,0.404,-0.831,-0.16
2015-03-02T23:30:00Z,-2.236,2.503,0.404,-0.831,-0.16
2015-03-02T23:45:00Z,-2.236,2.503,0.404,-0.831,-0.16
2015-03-03T00:00:00Z,-2.217,2.292,0.404,-0.924,-0.445
2015-03-03T00:15:00Z,-2.217,2.292,0.404,-0.924,-0.445
2015-03-03T00:30:00Z,-2.217,2.292,0.404,-0.924,-0.445
2015-03-03T00:45:00Z,-2.217,2.292,0.404,-0.924,-0.445
2015-03-03T01:00:00Z,-2.037,2.156,0.404,-1.026,-0.503
2015-03-03T01:15:00Z,-2.037,2.156,0.404,-1.026,-0.503
2015-03-03T01:30:00Z,-2.037,2.156,0.404,-1.026,-0.503
2015-03-03T01:45:00Z,-2.037,2.156,0.404,-1.026,-0.503
2015-03-03T02:00:00Z,-1.745,1.839,0.404,-1.025,-0.527
2015-03-03T02:15:00Z,-1.745,1.839,0.404,-1.025,-0.527
2015-03-03T02:30:00Z,-1.745,1.839,0.404,-1.025,-0.527
2015-03-03T02:45:00Z,-1.745,1.839,0.404,-1.025,-0.527
2015-03-03T03:00:00Z,-1.733,1.873,0.404,-0.948,-0.404
2015-03-03T03:15:00Z,-1.733,1.873,0.404,-0.948,-0.404
2015-03-03T03:30:00Z,-1.733,1.873,0.404,-0.948,-0.404
2015-03-03T03:45:00Z,-1.733,1.873,0.404,-0.948,-0.404
2015-03-03T04:00:00Z,-1.832,1.959,0.404,-1.026,-0.495
2015-03-03T04:15:00Z,-1.832,1.959,0.404,-1.026,-0.495
2015-03-03T04:30:00Z,-1.832,1.959,0.404,-1.026,-0.495
2015-03-03T04:45:00Z,-1.832,1.959,0.404,-1.026,-0.495
2015-03-03T05:00:00Z,-1.938,1.993,0.404,-1.034,-0.575
2015-03-03T05:15:00Z,-1.938,1.993,0.404,-1.034,-0.575
2015-03-03T05:30:00Z,-1.938,1.993,0.404,-1.034,-0.575
2015-03-03T05:45:00Z,-1.938,1.993,0.404,-1.034,-0.575
2015-03-03T06:00:00Z,-1.703,1.838,0.404,-1.035,-0.496
2015-03-03T06:15:00Z,-1.703,1.838,0.404,-1.035,-0.496
2015-03-03T06:30:00Z,-1.703,1.838,0.404,-1.035,-0.496
2015-03-03T06:45:00Z,-1.703,1.838,0.404,-1.035,-0.496
2015-03-03T07:00:00Z,-1.602,1.949,0.404,-0.852,-0.101
2015-03-03T07:15:00Z,-1.602,1.949,0.404,-0.852,-0.101
2015-03-03T07:30:00Z,-1.602,1.949,0.404,-0.852,-0.101
2015-03-03T07:45:00Z,-1.602,1.949,0.404,-0.852,-0.101
2015-03-03T08:00:00Z,-1.347,2.64,0.404,-1.029,0.668
2015-03-03T08:15:00Z,-1.347,2.64,0.404,-1.029,0.668
2015-03-03T08:30:00Z,-1.347,2.64,0.404,-1.029,0.668
2015-03-03T08:45:00Z,-1.347,2.64,0.404,-1.029,0.668
2015-03-03T09:00:00Z,-1.378,2.434,0.404,-0.999,0.461
2015-03-03T09:15:00Z,-1.378,2.434,0.404,-0.999,0.461
2015-03-03T09:30:00Z,-1.378,2.434,0.404,-0.999,0.461
2015-03-03T09:45:00Z,-1.378,2.434,0.404,-0.999,0.461
2015-03-03T10:00:00Z,-1.411,2.151,0.404,-0.805,0.339
2015-03-03T10:15:00Z,-1.411,2.151,0.404,-0.805,0.339
2015-03-03T10:30:00Z,-1.411,2.151,0.404,-0.805,0.339
2015-03-03T10:45:00Z,-1.411,2.151,0.404,-0.805,0.339
2015-03-03T11:00:00Z,-1.397,1.898,0.404,-0.821,0.084
2015-03-03T11:15:00Z,-1.397,1.898,0.404,-0.821,0.084
2015-03-03T11:30:00Z,-1.397,1.898,0.404,-0.821,0.084
2015-03-03T11:45:00Z,-1.397,1.898,0.404,-0.821,0.084
2015-03-03T12:00:00Z,-1.135,1.619,0.404,-0.831,0.057
2015-03-03T12:15:00Z,-1.135,1.619,0.404,-0.831,0.057
2015-03-03T12:30:00Z,-1.135,1.619,0.404,-0.831,0.057
2015-03-03T12:45:00Z,-1.135,1.619,0.404,-0.831,0.057
2015-03-03T13:00:00Z,-1.227,1.819,0.404,-1.025,-0.029
2015-03-03T13:15:00Z,-1.227,1.819,0.404,-1.025,-0.029
2015-03-03T13:30:00Z,-1.227,1.819,0.404,-1.025,-0.029
2015-03-03T13:45:00Z,-1.227,1.819,0.404,-1.025,-0.029
2015-03-03T14:00:00Z,-1.197,1.899,0.404,-1.035,0.07
2015-03-03T14:15:00Z,-1.197,1.899,0.404,-1.035,0.07
2015-03-03T14:30:00Z,-1.197,1.899,0.404,-1.035,0.07
2015-03-03T14:45:00Z,-1.197,1.899,0.404,-1.035,0.07
2015-03-03T15:00:00Z,-1.442,2.195,0.404,-0.859,0.298
2015-03-03T15:15:00Z,-1.442,2.195,0.404,-0.859,0.298
2015-03-03T15:30:00Z,-1.442,2.195,0.404,-0.859,0.298
2015-03-03T15:45:00Z,-1.442,2.195,0.404,-0.859,0.298
2015-03-03T16:00:00Z,-1.383,2.626,0.404,-0.979,0.668
2015-03-03T16:15:00Z,-1.383,2.626,0.404,-0.979,0.668
2015-03-03T16:30:00Z,-1.383,2.626,0.404,-0.979,0.668
2015-03-03T16:45:00Z,-1.383,2.626,0.404,-0.979,0.668
2015-03-03T17:00:00Z,-1.223,2.366,0.404,-0.856,0.691
2015-03-03T17:15:00Z,-1.223,2.366,0.404,-0.856,0.691
2015-03-03T17:30:00Z,-1.223,2.366,0.404,-0.856,0.691
2015-03-03T17:45:00Z,-1.223,2.366,0.404,-0.856,0.691
2015-03-03T18:00:00Z,-1.53,2.807,0.404,-1.041,0.641
2015-03-03T18:15:00Z,-1.53,2.807,0.404,-1.041,0.641
2015-03-03T18:30:00Z,-1.53,2.807,0.404,-1.041,0.641
2015-03-03T18:45:00Z,-1.53,2.807,0.404,-1.041,0.641
2015-03-03T19:00:00Z,-1.638,2.908,0.404,-1.018,0.655
2015-03-03T19:15:00Z,-1.638,2.908,0.404,-1.018,0.655
2015-03-03T19:30:00Z,-1.638,2.908,0.404,-1.018,0.655
2015-03-03T19:45:00Z,-1.638,2.908,0.404,-1.018,0.655
2015-03-03T20:00:00Z,-1.618,2.273,0.404,-1.031,0.028
2015-03-03T20:15:00Z,-1.618,2.273,0.404,-1.031,0.028
2015-03-03T20:30:00Z,-1.618,2.273,0.404,-1.031,0.028
2015-03-03T20:45:00Z,-1.618,2.273,0.404,-1.031,0.028
2015-03-03T21:00:00Z,-1.943,2.17,0.404,-1.036,-0.405
2015-03-03T21:15:00Z,-1.943,2.17,0.404,-1.036,-0.405
2015-03-03T21:30:00Z,-1.943,2.17,0.404,-1.036,-0.405
2015-03-03T21:45:00Z,-1.943,2.17,0.404,-1.036,-0.405
2015-03-03T22:00:00Z,-2.072,2.336,0.404,-0.929,-0.261
2015-03-03T22:15:00Z,-2.072,2.336,0.404,-0.929,-0.261
2015-03-03T22:30:00Z,-2.072,2.336,0.404,-0.929,-0.261
2015-03-03T22:45:00Z,-2.072,2.336,0.404,-0.929,-0.261
2015-03-03T23:00:00Z,-1.917,2.627,0.404,-1.022,0.092
2015-03-03T23:15:00Z,-1.917,2.627,0.404,-1.022,0.092
2015-03-03T23:30:00Z,-1.917,2.627,0.404,-1.022,0.092
2015-03-03T23:45:00Z,-1.917,2.627,0.404,-1.022,0.092
2015-03-04T00:00:00Z,-1.745,2.403,0.404,-1.025,0.037
2015-03-04T00:15:00Z,-1.745,2.403,0.404,-1.025,0.037
2015-03-04T00:30:00Z,-1.745,2.403,0.404,-1.025,0.037
2015-03-04T00:45:00Z,-1.745,2.403,0.404,-1.025,0.037
2015-03-04T01:00:00Z,-1.979,2.585,0.404,-1.025,-0.015
2015-03-04T01:15:00Z,-1.979,2.585,0.404,-1.025,-0.015
2015-03-04T01:30:00Z,-1.979,2.585,0.404,-1.025,-0.015
2015-03-04T01:45:00Z,-1.979,2.585,0.404,-1.025,-0.015
2015-03-04T02:00:00Z,-1.899,2.611,0.404,-1.025,0.091
2015-03-04T02:15:00Z,-1.899,2.611,0.404,-1.025,0.091
2015-03-04T02:30:00Z,-1.899,2.611,0.404,-1.025,0.091
2015-03-04T02:45:00Z,-1.899,2.611,0.404,-1.025,0.091
2015-03-04T03:00:00Z,-1.885,2.572,0.404,-1.025,0.066
2015-03-04T03:15:00Z,-1.885,2.572,0.404,-1.025,0.066
2015-03-04T03:30:00Z,-1.885,2.572,0.404,-1.025,0.066
2015-03-04T03:45:00Z,-1.885,2.572,0.404,-1.025,0.066
2015-03-04T04:00:00Z,-2.078,2.482,0.404,-0.979,-0.172
2015-03-04T04:15:00Z,-2.078,2.482,0.404,-0.979,-0.172
2015-03-04T04:30:00Z,-2.078,2.482,0.404,-0.979,-0.172
2015-03-04T04:45:00Z,-2.078,2.482,0.404,-0.979,-0.172
2015-03-04T05:00:00Z,-2.235,2.506,0.404,-1.025,-0.35
2015-03-04T05:15:00Z,-2.235,2.506,0.404,-1.025,-0.35
2015-03-04T05:30:00Z,-2.235,2.506,0.404,-1.025,-0.35
2015-03-04T05:45:00Z,-2.235,2.506,0.404,-1.025,-0.35
2015-03-04T06:00:00Z,-2.152,2.518,0.404,-1.021,-0.25
2015-03-04T06:15:00Z,-2.152,2.518,0.404,-1.021,-0.25
2015-03-04T06:30:00Z,-2.152,2.518,0.404,-1.021,-0.25
2015-03-04T06:45:00Z,-2.152,2.518,0.404,-1.021,-0.25
2015-03-04T07:00:00Z,-2.193,2.71,0.404,-0.826,0.096
2015-03-04T07:15:00Z,-2.193,2.71,0.404,-0.826,0.096
2015-03-04T07:30:00Z,-2.193,2.71,0.404,-0.826,0.096
2015-03-04T07:45:00Z,-2.193,2.71,0.404,-0.826,0.096
2015-03-04T08:00:00Z,-1.964,2.683,0.404,-0.825,0.298
2015-03-04T08:15:00Z,-1.964,2.683,0.404,-0.825,0.298
2015-03-04T08:30:00Z,-1.964,2.683,0.404,-0.825,0.298
2015-03-04T08:45:00Z,-1.964,2.683,0.404,-0.825,0.298
2015-03-04T09:00:00Z,-1.988,2.526,0.404,-0.951,-0.008
2015-03-04T09:15:00Z,-1.988,2.526,0.404,-0.951,-0.008
2015-03-04T09:30:00Z,-1.988,2.526,0.404,-0.951,-0.008
2015-03-04T09:45:00Z,-1.988,2.526,0.404,-0.951,-0.008
2015-03-04T10:00:00Z,-1.972,2.148,0.404,-0.997,-0.417
2015-03-04T10:15:00Z,-1.972,2.148,0.404,-0.997,-0.417
2015-03-04T10:30:00Z,-1.972,2.148,0.404,-0.997,-0.417
2015-03-04T10:45:00Z,-1.972,2.148,0.404,-0.997,-0.417
2015-03-04T11:00:00Z,-1.787,1.967,0.404,-1.046,-0.461
2015-03-04T11:15:00Z,-1.787,1.967,0.404,-1.046,-0.461
2015-03-04T11:30:00Z,-1.787,1.967,0.404,-1.046,-0.461
2015-03-04T11:45:00Z,-1.787,1.967,0.404,-1.046,-0.461
2015-03-04T12:00:00Z,-1.721,1.893,0.404,-1.043,-0.467
2015-03-04T12:15:00Z,-1.721,1.893,0.404,-1.043,-0.467
2015-03-04T12:30:00Z,-1.721,1.893,0.404,-1.043,-0.467
2015-03-04T12:45:00Z,-1.721,1.893,0.404,-1.043,-0.467
2015-03-04T13:00:00Z,-1.722,2.025,0.404,-1.032,-0.325
2015-03-04T13:15:00Z,-1.722,2.025,0.404,-1.032,-0.325
2015-03-04T13:30:00Z,-1.722,2.025,0.404,-1.032,-0.325
2015-03-04T13:45:00Z,-1.722,2.025,0.404,-1.032,-0.325
2015-03-04T14:00:00Z,-1.649,2.429,0.404,-1.04,0.144
2015-03-04T14:15:00Z,-1.649,2.429,0.404,-1.04,0.144
2015-03-04T14:30:00Z,-1.649,2.429,0.404,-1.04,0.144
2015-03-04T14:45:00Z,-1.649,2.429,0.404,-1.04,0.144
2015-03-04T15:00:00Z,-1.548,2.577,0.404,-1.016,0.417
2015-03-04T15:15:00Z,-1.548,2.577,0.404,-1.016,0.417
2015-03-04T15:30:00Z,-1.548,2.577,0.404,-1.016,0.417
2015-03-04T15:45:00Z,-1.548,2.577,0.404,-1.016,0.417
2015-03-04T16:00:00Z,-1.858,2.47,0.404,-1.03,-0.015
2015-03-04T16:15:00Z,-1.858,2.47,0.404,-1.03,-0.015
2015-03-04T16:30:00Z,-1.858,2.47,0.404,-1.03,-0.015
2015-03-04T16:45:00Z,-1.858,2.47,0.404,-1.03,-0.015
2015-03-04T17:00:00Z,-2.096,2.456,0.404,-1.027,-0.263
2015-03-04T17:15:00Z,-2.096,2.456,0.404,-1.027,-0.263
2015-03-04T17:30:00Z,-2.096,2.456,0.404,-1.027,-0.263
2015-03-04T17:45:00Z,-2.096,2.456,0.404,-1.027,-0.263
2015-03-04T18:00:00Z,-2.335,2.761,0.404,-1.025,-0.194
2015-03-04T18:15:00Z,-2.335,2.761,0.404,-1.025,-0.194
2015-03-04T18:30:00Z,-2.335,2.761,0.404,-1.025,-0.194
2015-03-04T18:45:00Z,-2.335,2.761,0.404,-1.025,-0.194
2015-03-04T19:00:00Z,-2.284,2.781,0.404,-1.01,-0.108
2015-03-04T19:15:00Z,-2.284,2.781,0.404,-1.01,-0.108
2015-03-04T19:30:00Z,-2.284,2.781,0.404,-1.01,-0.108
2015-03-04T19:45:00Z,-2.284,2.781,0.404,-1.01,-0.108
2015-03-04T20:00:00Z,-2.147,2.687,0.404,-1.029,-0.085
2015-03-04T20:15:00Z,-2.147,2.687,0.404,-1.029,-0.085
2015-03-04T20:30:00Z,-2.147,2.687,0.404,-1.029,-0.085
2015-03-04T20:45:00Z,-2.147,2.687,0.404,-1.029,-0.085
2015-03-04T21:00:00Z,-2.371,2.813,0.404,-1.027,-0.181
2015-03-04T21:15:00Z,-2.371,2.813,0.404,-1.027,-0.181
2015-03-04T21:30:00Z,-2.371,2.813,0.404,-1.027,-0.181
2015-03-04T21:45:00Z,-2.371,2.813,0.404,-1.027,-0.181
2015-03-04T22:00:00Z,-2.564,2.972,0.404,-1.018,-0.207
2015-03-04T22:15:00Z,-2.564,2.972,0.404,-1.018,-0.207
2015-03-04T22:30:00Z,-2.564,2.972,0.404,-1.018,-0.207
2015-03-04T22:45:00Z,-2.564,2.972,0.404,-1.018,-0.207
2015-03-04T23:00:00Z,-2.385,2.57,0.404,-1.027,-0.438
2015-03-04T23:15:00Z,-2.385,2.57,0.404,-1.027,-0.438
2015-03-04T23:30:00Z,-2.385,2.57,0.404,-1.027,-0.438
2015-03-04T23:45:00Z,-2.385,2.57,0.404,-1.027,-0.438
2015-03-05T00:00:00Z,-2.254,2.482,0.404,-1.036,-0.404
2015-03-05T00:15:00Z,-2.254,2.482,0.404,-1.036,-0.404
2015-03-05T00:30:00Z,-2.254,2.482,0.404,-1.036,-0.404
2015-03-05T00:45:00Z,-2.254,2.482,0.404,-1.036,-0.404
2015-03-05T01:00:00Z,-2.5,2.701,0.404,-1.025,-0.42
2015-03-05T01:15:00Z,-2.5,2.701,0.404,-1.025,-0.42
2015-03-05T01:30:00Z,-2.5,2.701,0.404,-1.025,-0.42
2015-03-05T01:45:00Z,-2.5,2.701,0.404,-1.025,-0.42
2015-03-05T02:00:00Z,-2.327,2.637,0.404,-1.025,-0.312
2015-03-05T02:15:00Z,-2.327,2.637,0.404,-1.025,-0.312
2015-03-05T02:30:00Z,-2.327,2.637,0.404,-1.025,-0.312
2015-03-05T02:45:00Z,-2.327,2.637,0.404,-1.025,-0.312
2015-03-05T03:00:00Z,-2.353,2.759,0.404,-1.025,-0.215
2015-03-05T03:15:00Z,-2.353,2.759,0.404,-1.025,-0.215
2015-03-05T03:30:00Z,-2.353,2.759,0.404,-1.025,-0.215
2015-03-05T03:45:00Z,-2.353,2.759,0.404,-1.025,-0.215
2015-03-05T04:00:00Z,-2.28,2.589,0.404,-0.842,-0.129
2015-03-05T04:15:00Z,-2.28,2.589,0.404,-0.842,-0.129
2015-03-05T04:30:00Z,-2.28,2.589,0.404,-0.842,-0.129
2015-03-05T04:45:00Z,-2.28,2.589,0.404,-0.842,-0.129
2015-03-05T05:00:00Z,-2.319,3.237,0.404,-1.025,0.297
2015-03-05T05:15:00Z,-2.319,3.237,0.404,-1.025,0.297
2015-03-05T05:30:00Z,-2.319,3.237,0.404,-1.025,0.297
2015-03-05T05:45:00Z,-2.319,3.237,0.404,-1.025,0.297
2015-03-05T06:00:00Z,-2.174,3.413,0.404,-1.025,0.619
2015-03-05T06:15:00Z,-2.174,3.413,0.404,-1.025,0.619
2015-03-05T06:30:00Z,-2.174,3.413,0.404,-1.025,0.619
2015-03-05T06:45:00Z,-2.174,3.413,0.404,-1.025,0.619
2015-03-05T07:00:00Z,-2.059,3.148,0.404,-0.829,0.664
2015-03-05T07:15:00Z,-2.059,3.148,0.404,-0.829,0.664
2015-03-05T07:30:00Z,-2.059,3.148,0.404,-0.829,0.664
2015-03-05T07:45:00Z,-2.059,3.148,0.404,-0.829,0.664
2015-03-05T08:00:00Z,-1.894,3.24,0.404,-0.836,0.914
2015-03-05T08:15:00Z,-1.894,3.24,0.404,-0.836,0.914
2015-03-05T08:30:00Z,-1.894,3.24,0.404,-0.836,0.914
2015-03-05T08:45:00Z,-1.894,3.24,0.404,-0.836,0.914
2015-03-05T09:00:00Z,-2.09,3.495,0.404,-0.87,0.938
2015-03-05T09:15:00Z,-2.09,3.495,0.404,-0.87,0.938
2015-03-05T09:30:00Z,-2.09,3.495,0.404,-0.87,0.938
2015-03-05T09:45:00Z,-2.09,3.495,0.404,-0.87,0.938
2015-03-05T10:00:00Z,-2.103,3.458,0.404,-0.832,0.927
2015-03-05T10:15:00Z,-2.103,3.458,0.404,-0.832,0.927
2015-03-05T10:30:00Z,-2.103,3.458,0.404,-0.832,0.927
2015-03-05T10:45:00Z,-2.103,3.458,0.404,-0.832,0.927
2015-03-05T11:00:00Z,-2.037,3.313,0.404,-0.809,0.871
2015-03-05T11:15:00Z,-2.037,3.313,0.404,-0.809,0.871
2015-03-05T11:30:00Z,-2.037,3.313,0.404,-0.809,0.871
2015-03-05T11:45:00Z,-2.037,3.313,0.404,-0.809,0.871
2015-03-05T12:00:00Z,-1.782,3.124,0.404,-1.008,0.738
2015-03-05T12:15:00Z,-1.782,3.124,0.404,-1.008,0.738
2015-03-05T12:30:00Z,-1.782,3.124,0.404,-1.008,0.738
2015-03-05T12:45:00Z,-1.782,3.124,0.404,-1.008,0.738
2015-03-05T13:00:00Z,-1.765,3.125,0.404,-1.044,0.72
2015-03-05T13:15:00Z,-1.765,3.125,0.404,-1.044,0.72
2015-03-05T13:30:00Z,-1.765,3.125,0.404,-1.044,0.72
2015-03-05T13:45:00Z,-1.765,3.125,0.404,-1.044,0.72
2015-03-05T14:00:00Z,-1.759,3.42,0.404,-1.053,1.012
2015-03-05T14:15:00Z,-1.759,3.42,0.404,-1.053,1.012
2015-03-05T14:30:00Z,-1.759,3.42,0.404,-1.053,1.012
2015-03-05T14:45:00Z,-1.759,3.42,0.404,-1.053,1.012
2015-03-05T15:00:00Z,-1.817,3.424,0.404,-1.027,0.984
2015-03-05T15:15:00Z,-1.817,3.424,0.404,-1.027,0.984
2015-03-05T15:30:00Z,-1.817,3.424,0.404,-1.027,0.984
2015-03-05T15:45:00Z,-1.817,3.424,0.404,-1.027,0.984
2015-03-05T16:00:00Z,-1.51,2.906,0.404,-1.028,0.772
2015-03-05T16:15:00Z,-1.51,2.906,0.404,-1.028,0.772
2015-03-05T16:30:00Z,-1.51,2.906,0.404,-1.028,0.772
2015-03-05T16:45:00Z,-1.51,2.906,0.404,-1.028,0.772
2015-03-05T17:00:00Z,-1.838,2.646,0.404,-0.824,0.388
2015-03-05T17:15:00Z,-1.838,2.646,0.404,-0.824,0.388
2015-03-05T17:30:00Z,-1.838,2.646,0.404,-0.824,0.388
2015-03-05T17:45:00Z,-1.838,2.646,0.404,-0.824,0.388
2015-03-05T18:00:00Z,-2.162,3.231,0.404,-1.025,0.448
2015-03-05T18:15:00Z,-2.162,3.231,0.404,-1.025,0.448
2015-03-05T18:30:00Z,-2.162,3.231,0.404,-1.025,0.448
2015-03-05T18:45:00Z,-2.162,3.231,0.404,-1.025,0.448
2015-03-05T19:00:00Z,-2.529,3.337,0.404,-1.013,0.198
2015-03-05T19:15:00Z,-2.529,3.337,0.404,-1.013,0.198
2015-03-05T19:30:00Z,-2.529,3.337,0.404,-1.013,0.198
2015-03-05T19:45:00Z,-2.529,3.337,0.404,-1.013,0.198
2015-03-05T20:00:00Z,-2.342,3.441,0.404,-1.031,0.471
2015-03-05T20:15:00Z,-2.342,3.441,0.404,-1.031,0.471
2015-03-05T20:30:00Z,-2.342,3.441,0.404,-1.031,0.471
2015-03-05T20:45:00Z,-2.342,3.441,0.404,-1.031,0.471
2015-03-05T21:00:00Z,-2.628,3.575,0.404,-1.018,0.333
2015-03-05T21:15:00Z,-2.628,3.575,0.404,-1.018,0.333
2015-03-05T21:30:00Z,-2.628,3.575,0.404,-1.018,0.333
2015-03-05T21:45:00Z,-2.628,3.575,0.404,-1.018,0.333
2015-03-05T22:00:00Z,-2.755,3.774,0.404,-0.87,0.554
2015-03-05T22:15:00Z,-2.755,3.774,0.404,-0.87,0.554
2015-03-05T22:30:00Z,-2.755,3.774,0.404,-0.87,0.554
2015-03-05T22:45:00Z,-2.755,3.774,0.404,-0.87,0.554
2015-03-05T23:00:00Z,-2.669,3.743,0.404,-1.046,0.432
2015-03-05T23:15:00Z,-2.669,3.743,0.404,-1.046,0.432
2015-03-05T23:30:00Z,-2.669,3.743,0.404,-1.046,0.432
2015-03-05T23:45:00Z,-2.669,3.743,0.404,-1.046,0.432
2015-03-06T00:00:00Z,-2.646,3.585,0.404,-1.012,0.331
2015-03-06T00:15:00Z,-2.646,3.585,0.404,-1.012,0.331
2015-03-06T00:30:00Z,-2.646,3.585,0.404,-1.012,0.331
2015-03-06T00:45:00Z,-2.646,3.585,0.404,-1.012,0.331
2015-03-06T01:00:00Z,-2.823,3.749,0.404,-1.026,0.304
2015-03-06T01:15:00Z,-2.823,3.749,0.404,-1.026,0.304
2015-03-06T01:30:00Z,-2.823,3.749,0.404,-1.026,0.304
2015-03-06T01:45:00Z,-2.823,3.749,0.404,-1.026,0.304
2015-03-06T02:00:00Z,-2.524,3.359,0.404,-1.025,0.214
2015-03-06T02:15:00Z,-2.524,3.359,0.404,-1.025,0.214
2015-03-06T02:30:00Z,-2.524,3.359,0.404,-1.025,0.214
2015-03-06T02:45:00Z,-2.524,3.359,0.404,-1.025,0.214
2015-03-06T03:00:00Z,-2.641,3.455,0.404,-1.025,0.193
2015-03-06T03:15:00Z,-2.641,3.455,0.404,-1.025,0.193
2015-03-06T03:30:00Z,-2.641,3.455,0.404,-1.025,0.193
2015-03-06T03:45:00Z,-2.641,3.455,0.404,-1.025,0.193
2015-03-06T04:00:00Z,-2.394,3.204,0.404,-0.83,0.384
2015-03-06T04:15:00Z,-2.394,3.204,0.404,-0.83,0.384
2015-03-06T04:30:00Z,-2.394,3.204,0.404,-0.83,0.384
2015-03-06T04:45:00Z,-2.394,3.204,0.404,-0.83,0.384
2015-03-06T05:00:00Z,-2.628,3.455,0.404,-1.025,0.206
2015-03-06T05:15:00Z,-2.628,3.455,0.404,-1.025,0.206
2015-03-06T05:30:00Z,-2.628,3.455,0.404,-1.025,0.206
2015-03-06T05:45:00Z,-2.628,3.455,0.404,-1.025,0.206
2015-03-06T06:00:00Z,-2.713,3.713,0.404,-0.831,0.573
2015-03-06T06:15:00Z,-2.713,3.713,0.404,-0.831,0.573
2015-03-06T06:30:00Z,-2.713,3.713,0.404,-0.831,0.573
2015-03-06T06:45:00Z,-2.713,3.713,0.404,-0.831,0.573
2015-03-06T07:00:00Z,-2.405,3.593,0.404,-0.853,0.738
2015-03-06T07:15:00Z,-2.405,3.593,0.404,-0.853,0.738
2015-03-06T07:30:00Z,-2.405,3.593,0.404,-0.853,0.738
2015-03-06T07:45:00Z,-2.405,3.593,0.404,-0.853,0.738
2015-03-06T08:00:00Z,-2.024,3.868,0.404,-1.005,1.243
2015-03-06T08:15:00Z,-2.024,3.868,0.404,-1.005,1.243
2015-03-06T08:30:00Z,-2.024,3.868,0.404,-1.005,1.243
2015-03-06T08:45:00Z,-2.024,3.868,0.404,-1.005,1.243
2015-03-06T09:00:00Z,-2.037,3.817,0.404,-1.009,1.175
2015-03-06T09:15:00Z,-2.037,3.817,0.404,-1.009,1.175
2015-03-06T09:30:00Z,-2.037,3.817,0.404,-1.009,1.175
2015-03-06T09:45:00Z,-2.037,3.817,0.404,-1.009,1.175
2015-03-06T10:00:00Z,-1.924,3.586,0.404,-1.011,1.055
2015-03-06T10:15:00Z,-1.924,3.586,0.404,-1.011,1.055
2015-03-06T10:30:00Z,-1.924,3.586,0.404,-1.011,1.055
2015-03-06T10:45:00Z,-1.924,3.586,0.404,-1.011,1.055
2015-03-06T11:00:00Z,-1.814,3.264,0.404,-1.018,0.835
2015-03-06T11:15:00Z,-1.814,3.264,0.404,-1.018,0.835
2015-03-06T11:30:00Z,-1.814,3.264,0.404,-1.018,0.835
2015-03-06T11:45:00Z,-1.814,3.264,0.404,-1.018,0.835
2015-03-06T12:00:00Z,-1.605,3.211,0.404,-0.987,1.023
2015-03-06T12:15:00Z,-1.605,3.211,0.404,-0.987,1.023
2015-03-06T12:30:00Z,-1.605,3.211,0.404,-0.987,1.023
2015-03-06T12:45:00Z,-1.605,3.211,0.404,-0.987,1.023
2015-03-06T13:00:00Z,-1.597,2.812,0.404,-0.81,0.809
2015-03-06T13:15:00Z,-1.597,2.812,0.404,-0.81,0.809
2015-03-06T13:30:00Z,-1.597,2.812,0.404,-0.81,0.809
2015-03-06T13:45:00Z,-1.597,2.812,0.404,-0.81,0.809
2015-03-06T14:00:00Z,-1.376,2.843,0.404,-1.022,0.849
2015-03-06T14:15:00Z,-1.376,2.843,0.404,-1.022,0.849
2015-03-06T14:30:00Z,-1.376,2.843,0.404,-1.022,0.849
2015-03-06T14:45:00Z,-1.376,2.843,0.404,-1.022,0.849
2015-03-06T15:00:00Z,-1.223,2.938,0.404,-1.023,1.095
2015-03-06T15:15:00Z,-1.223,2.938,0.404,-1.023,1.095
2015-03-06T15:30:00Z,-1.223,2.938,0.404,-1.023,1.095
2015-03-06T15:45:00Z,-1.223,2.938,0.404,-1.023,1.095
2015-03-06T16:00:00Z,-1.206,2.644,0.404,-0.961,0.881
2015-03-06T16:15:00Z,-1.206,2.644,0.404,-0.961,0.881
2015-03-06T16:30:00Z,-1.206,2.644,0.404,-0.961,0.881
2015-03-06T16:45:00Z,-1.206,2.644,0.404,-0.961,0.881
2015-03-06T17:00:00Z,-1.059,2.106,0.404,-0.863,0.587
2015-03-06T17:15:00Z,-1.059,2.106,0.404,-0.863,0.587
2015-03-06T17:30:00Z,-1.059,2.106,0.404,-0.863,0.587
2015-03-06T17:45:00Z,-1.059,2.106,0.404,-0.863,0.587
2015-03-06T18:00:00Z,-1.713,2.671,0.404,-1.002,0.36
2015-03-06T18:15:00Z,-1.713,2.671,0.404,-1.002,0.36
2015-03-06T18:30:00Z,-1.713,2.671,0.404,-1.002,0.36
2015-03-06T18:45:00Z,-1.713,2.671,0.404,-1.002,0.36
2015-03-06T19:00:00Z,-2.163,3.101,0.404,-1.03,0.312
2015-03-06T19:15:00Z,-2.163,3.101,0.404,-1.03,0.312
2015-03-06T19:30:00Z,-2.163,3.101,0.404,-1.03,0.312
2015-03-06T19:45:00Z,-2.163,3.101,0.404,-1.03,0.312
2015-03-06T20:00:00Z,-1.985,2.925,0.404,-1.036,0.309
2015-03-06T20:15:00Z,-1.985,2.925,0.404,-1.036,0.309
2015-03-06T20:30:00Z,-1.985,2.925,0.404,-1.036,0.309
2015-03-06T20:45:00Z,-1.985,2.925,0.404,-1.036,0.309
2015-03-06T21:00:00Z,-2.299,3.207,0.404,-1.034,0.278
2015-03-06T21:15:00Z,-2.299,3.207,0.404,-1.034,0.278
2015-03-06T21:30:00Z,-2.299,3.207,0.404,-1.034,0.278
2015-03-06T21:45:00Z,-2.299,3.207,0.404,-1.034,0.278
2015-03-06T22:00:00Z,-2.37,3.347,0.404,-1.044,0.337
2015-03-06T22:15:00Z,-2.37,3.347,0.404,-1.044,0.337
2015-03-06T22:30:00Z,-2.37,3.347,0.404,-1.044,0.337
2015-03-06T22:45:00Z,-2.37,3.347,0.404,-1.044,0.337
2015-03-06T23:00:00Z,-2.162,3.043,0.404,-0.922,0.363
2015-03-06T23:15:00Z,-2.162,3.043,0.404,-0.922,0.363
2015-03-06T23:30:00Z,-2.162,3.043,0.404,-0.922,0.363
2015-03-06T23:45:00Z,-2.162,3.043,0.404,-0.922,0.363
2015-03-07T00:00:00Z,-2.242,3.167,0.404,-0.907,0.422
2015-03-07T00:15:00Z,-2.242,3.167,0.404,-0.907,0.422
2015-03-07T00:30:00Z,-2.242,3.167,0.404,-0.907,0.422
2015-03-07T00:45:00Z,-2.242,3.167,0.404,-0.907,0.422
2015-03-07T01:00:00Z,-2.162,3.09,0.404,-0.915,0.417
2015-03-07T01:15:00Z,-2.162,3.09,0.404,-0.915,0.417
2015-03-07T01:30:00Z,-2.162,3.09,0.404,-0.915,0.417
2015-03-07T01:45:00Z,-2.162,3.09,0.404,-0.915,0.417
2015-03-07T02:00:00Z,-2.074,3.027,0.404,-0.908,0.449
2015-03-07T02:15:00Z,-2.074,3.027,0.404,-0.908,0.449
2015-03-07T02:30:00Z,-2.074,3.027,0.404,-0.908,0.449
2015-03-07T02:45:00Z,-2.074,3.027,0.404,-0.908,0.449
2015-03-07T03:00:00Z,-1.982,2.895,0.404,-0.867,0.45
2015-03-07T03:15:00Z,-1.982,2.895,0.404,-0.867,0.45
2015-03-07T03:30:00Z,-1.982,2.895,0.404,-0.867,0.45
2015-03-07T03:45:00Z,-1.982,2.895,0.404,-0.867,0.45
2015-03-07T04:00:00Z,-2.05,2.914,0.404,-0.834,0.433
2015-03-07T04:15:00Z,-2.05,2.914,0.404,-0.834,0.433
2015-03-07T04:30:00Z,-2.05,2.914,0.404,-0.834,0.433
2015-03-07T04:45:00Z,-2.05,2.914,0.404,-0.834,0.433
2015-03-07T05:00:00Z,-2.035,2.936,0.404,-0.91,0.395
2015-03-07T05:15:00Z,-2.035,2.936,0.404,-0.91,0.395
2015-03-07T05:30:00Z,-2.035,2.936,0.404,-0.91,0.395
2015-03-07T05:45:00Z,-2.035,2.936,0.404,-0.91,0.395
2015-03-07T06:00:00Z,-1.786,2.959,0.404,-0.832,0.745
2015-03-07T06:15:00Z,-1.786,2.959,0.404,-0.832,0.745
2015-03-07T06:30:00Z,-1.786,2.959,0.404,-0.832,0.745
2015-03-07T06:45:00Z,-1.786,2.959,0.404,-0.832,0.745
2015-03-07T07:00:00Z,-1.565,2.954,0.404,-0.934,0.86
2015-03-07T07:15:00Z,-1.565,2.954,0.404,-0.934,0.86
2015-03-07T07:30:00Z,-1.565,2.954,0.404,-0.934,0.86
2015-03-07T07:45:00Z,-1.565,2.954,0.404,-0.934,0.86
2015-03-07T08:00:00Z,-1.372,3.569,0.404,-1.034,1.567
2015-03-07T08:15:00Z,-1.372,3.569,0.404,-1.034,1.567
2015-03-07T08:30:00Z,-1.372,3.569,0.404,-1.034,1.567
2015-03-07T08:45:00Z,-1.372,3.569,0.404,-1.034,1.567
2015-03-07T09:00:00Z,-1.49,3.571,0.404,-1.031,1.453
2015-03-07T09:15:00Z,-1.49,3.571,0.404,-1.031,1.453
2015-03-07T09:30:00Z,-1.49,3.571,0.404,-1.031,1.453
2015-03-07T09:45:00Z,-1.49,3.571,0.404,-1.031,1.453
2015-03-07T10:00:00Z,-1.449,3.717,0.404,-1,1.672
2015-03-07T10:15:00Z,-1.449,3.717,0.404,-1,1.672
2015-03-07T10:30:00Z,-1.449,3.717,0.404,-1,1.672
2015-03-07T10:45:00Z,-1.449,3.717,0.404,-1,1.672
2015-03-07T11:00:00Z,-1.602,3.519,0.404,-1.005,1.316
2015-03-07T11:15:00Z,-1.602,3.519,0.404,-1.005,1.316
2015-03-07T11:30:00Z,-1.602,3.519,0.404,-1.005,1.316
2015-03-07T11:45:00Z,-1.602,3.519,0.404,-1.005,1.316
2015-03-07T12:00:00Z,-1.339,3.636,0.404,-0.995,1.706
2015-03-07T12:15:00Z,-1.339,3.636,0.404,-0.995,1.706
2015-03-07T12:30:00Z,-1.339,3.636,0.404,-0.995,1.706
2015-03-07T12:45:00Z,-1.339,3.636,0.404,-0.995,1.706
2015-03-07T13:00:00Z,-0.979,3.616,0.404,-1.015,2.025
2015-03-07T13:15:00Z,-0.979,3.616,0.404,-1.015,2.025
2015-03-07T13:30:00Z,-0.979,3.616,0.404,-1.015,2.025
2015-03-07T13:45:00Z,-0.979,3.616,0.404,-1.015,2.025
2015-03-07T14:00:00Z,-0.804,3.827,0.404,-1.03,2.396
2015-03-07T14:15:00Z,-0.804,3.827,0.404,-1.03,2.396
2015-03-07T14:30:00Z,-0.804,3.827,0.404,-1.03,2.396
2015-03-07T14:45:00Z,-0.804,3.827,0.404,-1.03,2.396
2015-03-07T15:00:00Z,-0.973,4.172,0.404,-1.026,2.577
2015-03-07T15:15:00Z,-0.973,4.172,0.404,-1.026,2.577
2015-03-07T15:30:00Z,-0.973,4.172,0.404,-1.026,2.577
2015-03-07T15:45:00Z,-0.973,4.172,0.404,-1.026,2.577
2015-03-07T16:00:00Z,-1.309,3.613,0.404,-1.035,1.673
2015-03-07T16:15:00Z,-1.309,3.613,0.404,-1.035,1.673
2015-03-07T16:30:00Z,-1.309,3.613,0.404,-1.035,1.673
2015-03-07T16:45:00Z,-1.309,3.613,0.404,-1.035,1.673
2015-03-07T17:00:00Z,-1.459,3.266,0.404,-0.939,1.272
2015-03-07T17:15:00Z,-1.459,3.266,0.404,-0.939,1.272
2015-03-07T17:30:00Z,-1.459,3.266,0.404,-0.939,1.272
2015-03-07T17:45:00Z,-1.459,3.266,0.404,-0.939,1.272
2015-03-07T18:00:00Z,-1.739,3.45,0.404,-1.039,1.077
2015-03-07T18:15:00Z,-1.739,3.45,0.404,-1.039,1.077
2015-03-07T18:30:00Z,-1.739,3.45,0.404,-1.039,1.077
2015-03-07T18:45:00Z,-1.739,3.45,0.404,-1.039,1.077
2015-03-07T19:00:00Z,-1.932,3.137,0.404,-1.03,0.579
2015-03-07T19:15:00Z,-1.932,3.137,0.404,-1.03,0.579
2015-03-07T19:30:00Z,-1.932,3.137,0.404,-1.03,0.579
2015-03-07T19:45:00Z,-1.932,3.137,0.404,-1.03,0.579
2015-03-07T20:00:00Z,-1.998,2.91,0.404,-1.02,0.296
2015-03-07T20:15:00Z,-1.998,2.91,0.404,-1.02,0.296
2015-03-07T20:30:00Z,-1.998,2.91,0.404,-1.02,0.296
2015-03-07T20:45:00Z,-1.998,2.91,0.404,-1.02,0.296
2015-03-07T21:00:00Z,-2.254,2.853,0.404,-1.046,-0.042
2015-03-07T21:15:00Z,-2.254,2.853,0.404,-1.046,-0.042
2015-03-07T21:30:00Z,-2.254,2.853,0.404,-1.046,-0.042
2015-03-07T21:45:00Z,-2.254,2.853,0.404,-1.046,-0.042
2015-03-07T22:00:00Z,-2.377,3.028,0.404,-1.008,0.047
2015-03-07T22:15:00Z,-2.377,3.028,0.404,-1.008,0.047
2015-03-07T22:30:00Z,-2.377,3.028,0.404,-1.008,0.047
2015-03-07T22:45:00Z,-2.377,3.028,0.404,-1.008,0.047
2015-03-07T23:00:00Z,-1.881,2.783,0.404,-0.876,0.43
2015-03-07T23:15:00Z,-1.881,2.783,0.404,-0.876,0.43
2015-03-07T23:30:00Z,-1.881,2.783,0.404,-0.876,0.43
2015-03-07T23:45:00Z,-1.881,2.783,0.404,-0.876,0.43
2015-03-08T00:00:00Z,-1.673,2.392,0.404,-0.878,0.245
2015-03-08T00:15:00Z,-1.673,2.392,0.404,-0.878,0.245
2015-03-08T00:30:00Z,-1.673,2.392,0.404,-0.878,0.245
2015-03-08T00:45:00Z,-1.673,2.392,0.404,-0.878,0.245
2015-03-08T01:00:00Z,-1.404,2.454,0.404,-0.879,0.575
2015-03-08T01:15:00Z,-1.404,2.454,0.404,-0.879,0.575
2015-03-08T01:30:00Z,-1.404,2.454,0.404,-0.879,0.575
2015-03-08T01:45:00Z,-1.404,2.454,0.404,-0.879,0.575
2015-03-08T02:00:00Z,-1.315,2.63,0.404,-0.88,0.84
2015-03-08T02:15:00Z,-1.315,2.63,0.404,-0.88,0.84
2015-03-08T02:30:00Z,-1.315,2.63,0.404,-0.88,0.84
2015-03-08T02:45:00Z,-1.315,2.63,0.404,-0.88,0.84
2015-03-08T03:00:00Z,-1.553,2.948,0.404,-0.861,0.939
2015-03-08T03:15:00Z,-1.553,2.948,0.404,-0.861,0.939
2015-03-08T03:30:00Z,-1.553,2.948,0.404,-0.861,0.939
2015-03-08T03:45:00Z,-1.553,2.948,0.404,-0.861,0.939
2015-03-08T04:00:00Z,-1.513,2.859,0.404,-0.871,0.879
2015-03-08T04:15:00Z,-1.513,2.859,0.404,-0.871,0.879
2015-03-08T04:30:00Z,-1.513,2.859,0.404,-0.871,0.879
2015-03-08T04:45:00Z,-1.513,2.859,0.404,-0.871,0.879
2015-03-08T05:00:00Z,-1.609,3.072,0.404,-0.884,0.984
2015-03-08T05:15:00Z,-1.609,3.072,0.404,-0.884,0.984
2015-03-08T05:30:00Z,-1.609,3.072,0.404,-0.884,0.984
2015-03-08T05:45:00Z,-1.609,3.072,0.404,-0.884,0.984
2015-03-08T06:00:00Z,-1.525,2.998,0.404,-0.882,0.995
2015-03-08T06:15:00Z,-1.525,2.998,0.404,-0.882,0.995
2015-03-08T06:30:00Z,-1.525,2.998,0.404,-0.882,0.995
2015-03-08T06:45:00Z,-1.525,2.998,0.404,-0.882,0.995
2015-03-08T07:00:00Z,-1.091,3.165,0.404,-0.954,1.524
2015-03-08T07:15:00Z,-1.091,3.165,0.404,-0.954,1.524
2015-03-08T07:30:00Z,-1.091,3.165,0.404,-0.954,1.524
2015-03-08T07:45:00Z,-1.091,3.165,0.404,-0.954,1.524
2015-03-08T08:00:00Z,-0.99,3.641,0.404,-1.061,1.994
2015-03-08T08:15:00Z,-0.99,3.641,0.404,-1.061,1.994
2015-03-08T08:30:00Z,-0.99,3.641,0.404,-1.061,1.994
2015-03-08T08:45:00Z,-0.99,3.641,0.404,-1.061,1.994
2015-03-08T09:00:00Z,-0.954,4.138,0.404,-1.054,2.534
2015-03-08T09:15:00Z,-0.954,4.138,0.404,-1.054,2.534
2015-03-08T09:30:00Z,-0.954,4.138,0.404,-1.054,2.534
2015-03-08T09:45:00Z,-0.954,4.138,0.404,-1.054,2.534
2015-03-08T10:00:00Z,-0.899,4.273,0.404,-1.035,2.743
2015-03-08T10:15:00Z,-0.899,4.273,0.404,-1.035,2.743
2015-03-08T10:30:00Z,-0.899,4.273,0.404,-1.035,2.743
2015-03-08T10:45:00Z,-0.899,4.273,0.404,-1.035,2.743
2015-03-08T11:00:00Z,-0.67,4.385,0.404,-1.031,3.087
2015-03-08T11:15:00Z,-0.67,4.385,0.404,-1.031,3.087
2015-03-08T11:30:00Z,-0.67,4.385,0.404,-1.031,3.087
2015-03-08T11:45:00Z,-0.67,4.385,0.404,-1.031,3.087
2015-03-08T12:00:00Z,-0.594,4.44,0.4,-1.027,3.22
2015-03-08T12:15:00Z,-0.594,4.44,0.4,-1.027,3.22
2015-03-08T12:30:00Z,-0.594,4.44,0.4,-1.027,3.22
2015-03-08T12:45:00Z,-0.594,4.44,0.4,-1.027,3.22
2015-03-08T13:00:00Z,-0.672,4.473,0.224,-1.02,3.006
2015-03-08T13:15:00Z,-0.672,4.473,0.224,-1.02,3.006
2015-03-08T13:30:00Z,-0.672,4.473,0.224,-1.02,3.006
2015-03-08T13:45:00Z,-0.672,4.473,0.224,-1.02,3.006
2015-03-08T14:00:00Z,-0.105,3.725,0.185,-1.026,2.779
2015-03-08T14:15:00Z,-0.105,3.725,0.185,-1.026,2.779
2015-03-08T14:30:00Z,-0.105,3.725,0.185,-1.026,2.779
2015-03-08T14:45:00Z,-0.105,3.725,0.185,-1.026,2.779
2015-03-08T15:00:00Z,0.051,3.719,0.183,-1.027,2.926
2015-03-08T15:15:00Z,0.051,3.719,0.183,-1.027,2.926
2015-03-08T15:30:00Z,0.051,3.719,0.183,-1.027,2.926
2015-03-08T15:45:00Z,0.051,3.719,0.183,-1.027,2.926
2015-03-08T16:00:00Z,-0.015,3.354,0.399,-1.045,2.693
2015-03-08T16:15:00Z,-0.015,3.354,0.399,-1.045,2.693
2015-03-08T16:30:00Z,-0.015,3.354,0.399,-1.045,2.693
2015-03-08T16:45:00Z,-0.015,3.354,0.399,-1.045,2.693
2015-03-08T17:00:00Z,-1.064,3.746,0.404,-0.918,2.168
2015-03-08T17:15:00Z,-1.064,3.746,0.404,-0.918,2.168
2015-03-08T17:30:00Z,-1.064,3.746,0.404,-0.918,2.168
2015-03-08T17:45:00Z,-1.064,3.746,0.404,-0.918,2.168
2015-03-08T18:00:00Z,-1.587,4.29,0.404,-1.032,2.075
2015-03-08T18:15:00Z,-1.587,4.29,0.404,-1.032,2.075
2015-03-08T18:30:00Z,-1.587,4.29,0.404,-1.032,2.075
2015-03-08T18:45:00Z,-1.587,4.29,0.404,-1.032,2.075
2015-03-08T19:00:00Z,-1.614,4.394,0.404,-1.023,2.162
2015-03-08T19:15:00Z,-1.614,4.394,0.404,-1.023,2.162
2015-03-08T19:30:00Z,-1.614,4.394,0.404,-1.023,2.162
2015-03-08T19:45:00Z,-1.614,4.394,0.404,-1.023,2.162
2015-03-08T20:00:00Z,-1.621,4.053,0.404,-1.025,1.811
2015-03-08T20:15:00Z,-1.621,4.053,0.404,-1.025,1.811
2015-03-08T20:30:00Z,-1.621,4.053,0.404,-1.025,1.811
2015-03-08T20:45:00Z,-1.621,4.053,0.404,-1.025,1.811
2015-03-08T21:00:00Z,-1.899,4.082,0.404,-1.027,1.56
2015-03-08T21:15:00Z,-1.899,4.082,0.404,-1.027,1.56
2015-03-08T21:30:00Z,-1.899,4.082,0.404,-1.027,1.56
2015-03-08T21:45:00Z,-1.899,4.082,0.404,-1.027,1.56
2015-03-08T22:00:00Z,-2.085,3.734,0.404,-1.014,1.039
2015-03-08T22:15:00Z,-2.085,3.734,0.404,-1.014,1.039
2015-03-08T22:30:00Z,-2.085,3.734,0.404,-1.014,1.039
2015-03-08T22:45:00Z,-2.085,3.734,0.404,-1.014,1.039
2015-03-08T23:00:00Z,-1.935,3.885,0.404,-0.996,1.358
2015-03-08T23:15:00Z,-1.935,3.885,0.404,-0.996,1.358
2015-03-08T23:30:00Z,-1.935,3.885,0.404,-0.996,1.358
2015-03-08T23:45:00Z,-1.935,3.885,0.404,-0.996,1.358
2015-03-09T00:00:00Z,-1.856,3.852,0.404,-1.036,1.364
2015-03-09T00:15:00Z,-1.856,3.852,0.404,-1.036,1.364
2015-03-09T00:30:00Z,-1.856,3.852,0.404,-1.036,1.364
2015-03-09T00:45:00Z,-1.856,3.852,0.404,-1.036,1.364
2015-03-09T01:00:00Z,-1.629,3.927,0.404,-0.994,1.708
2015-03-09T01:15:00Z,-1.629,3.927,0.404,-0.994,1.708
2015-03-09T01:30:00Z,-1.629,3.927,0.404,-0.994,1.708
2015-03-09T01:45:00Z,-1.629,3.927,0.404,-0.994,1.708
2015-03-09T02:00:00Z,-1.598,4.012,0.404,-0.971,1.847
2015-03-09T02:15:00Z,-1.598,4.012,0.404,-0.971,1.847
2015-03-09T02:30:00Z,-1.598,4.012,0.404,-0.971,1.847
2015-03-09T02:45:00Z,-1.598,4.012,0.404,-0.971,1.847
2015-03-09T03:00:00Z,-1.78,4.067,0.404,-0.983,1.708
2015-03-09T03:15:00Z,-1.78,4.067,0.404,-0.983,1.708
2015-03-09T03:30:00Z,-1.78,4.067,0.404,-0.983,1.708
2015-03-09T03:45:00Z,-1.78,4.067,0.404,-0.983,1.708
2015-03-09T04:00:00Z,-2.203,3.638,0.404,-0.974,0.865
2015-03-09T04:15:00Z,-2.203,3.638,0.404,-0.974,0.865
2015-03-09T04:30:00Z,-2.203,3.638,0.404,-0.974,0.865
2015-03-09T04:45:00Z,-2.203,3.638,0.404,-0.974,0.865
2015-03-09T05:00:00Z,-2.268,3.267,0.404,-1.014,0.389
2015-03-09T05:15:00Z,-2.268,3.267,0.404,-1.014,0.389
2015-03-09T05:30:00Z,-2.268,3.267,0.404,-1.014,0.389
2015-03-09T05:45:00Z,-2.268,3.267,0.404,-1.014,0.389
2015-03-09T06:00:00Z,-2.247,3.376,0.502,-1.012,0.62
2015-03-09T06:15:00Z,-2.247,3.376,0.502,-1.012,0.62
2015-03-09T06:30:00Z,-2.247,3.376,0.502,-1.012,0.62
2015-03-09T06:45:00Z,-2.247,3.376,0.502,-1.012,0.62
2015-03-09T07:00:00Z,-1.776,3.409,0.504,-1.008,1.129
2015-03-09T07:15:00Z,-1.776,3.409,0.504,-1.008,1.129
2015-03-09T07:30:00Z,-1.776,3.409,0.504,-1.008,1.129
2015-03-09T07:45:00Z,-1.776,3.409,0.504,-1.008,1.129
2015-03-09T08:00:00Z,-1.901,4.009,0.504,-1.023,1.589
2015-03-09T08:15:00Z,-1.901,4.009,0.504,-1.023,1.589
2015-03-09T08:30:00Z,-1.901,4.009,0.504,-1.023,1.589
2015-03-09T08:45:00Z,-1.901,4.009,0.504,-1.023,1.589
2015-03-09T09:00:00Z,-1.96,4.006,0.504,-1.053,1.496
2015-03-09T09:15:00Z,-1.96,4.006,0.504,-1.053,1.496
2015-03-09T09:30:00Z,-1.96,4.006,0.504,-1.053,1.496
2015-03-09T09:45:00Z,-1.96,4.006,0.504,-1.053,1.496
2015-03-09T10:00:00Z,-2.031,3.838,0.504,-1.045,1.266
2015-03-09T10:15:00Z,-2.031,3.838,0.504,-1.045,1.266
2015-03-09T10:30:00Z,-2.031,3.838,0.504,-1.045,1.266
2015-03-09T10:45:00Z,-2.031,3.838,0.504,-1.045,1.266
2015-03-09T11:00:00Z,-2.105,3.781,0.504,-1.045,1.135
2015-03-09T11:15:00Z,-2.105,3.781,0.504,-1.045,1.135
2015-03-09T11:30:00Z,-2.105,3.781,0.504,-1.045,1.135
2015-03-09T11:45:00Z,-2.105,3.781,0.504,-1.045,1.135
2015-03-09T12:00:00Z,-1.883,3.622,0.504,-1.047,1.195
2015-03-09T12:15:00Z,-1.883,3.622,0.504,-1.047,1.195
2015-03-09T12:30:00Z,-1.883,3.622,0.504,-1.047,1.195
2015-03-09T12:45:00Z,-1.883,3.622,0.504,-1.047,1.195
2015-03-09T13:00:00Z,-1.803,3.636,0.504,-1.029,1.308
2015-03-09T13:15:00Z,-1.803,3.636,0.504,-1.029,1.308
2015-03-09T13:30:00Z,-1.803,3.636,0.504,-1.029,1.308
2015-03-09T13:45:00Z,-1.803,3.636,0.504,-1.029,1.308
2015-03-09T14:00:00Z,-1.766,3.787,0.504,-1.02,1.506
2015-03-09T14:15:00Z,-1.766,3.787,0.504,-1.02,1.506
2015-03-09T14:30:00Z,-1.766,3.787,0.504,-1.02,1.506
2015-03-09T14:45:00Z,-1.766,3.787,0.504,-1.02,1.506
2015-03-09T15:00:00Z,-1.588,3.423,0.504,-1.012,1.328
2015-03-09T15:15:00Z,-1.588,3.423,0.504,-1.012,1.328
2015-03-09T15:30:00Z,-1.588,3.423,0.504,-1.012,1.328
2015-03-09T15:45:00Z,-1.588,3.423,0.504,-1.012,1.328
2015-03-09T16:00:00Z,-1.568,2.991,0.504,-1.018,0.909
2015-03-09T16:15:00Z,-1.568,2.991,0.504,-1.018,0.909
2015-03-09T16:30:00Z,-1.568,2.991,0.504,-1.018,0.909
2015-03-09T16:45:00Z,-1.568,2.991,0.504,-1.018,0.909
2015-03-09T17:00:00Z,-1.656,2.391,0.504,-0.818,0.42
2015-03-09T17:15:00Z,-1.656,2.391,0.504,-0.818,0.42
2015-03-09T17:30:00Z,-1.656,2.391,0.504,-0.818,0.42
2015-03-09T17:45:00Z,-1.656,2.391,0.504,-0.818,0.42
2015-03-09T18:00:00Z,-2.214,2.963,0.504,-1.021,0.232
2015-03-09T18:15:00Z,-2.214,2.963,0.504,-1.021,0.232
2015-03-09T18:30:00Z,-2.214,2.963,0.504,-1.021,0.232
2015-03-09T18:45:00Z,-2.214,2.963,0.504,-1.021,0.232
2015-03-09T19:00:00Z,-2.622,3.285,0.504,-1.019,0.148
2015-03-09T19:15:00Z,-2.622,3.285,0.504,-1.019,0.148
2015-03-09T19:30:00Z,-2.622,3.285,0.504,-1.019,0.148
2015-03-09T19:45:00Z,-2.622,3.285,0.504,-1.019,0.148
2015-03-09T20:00:00Z,-2.579,3.546,0.504,-1.038,0.433
2015-03-09T20:15:00Z,-2.579,3.546,0.504,-1.038,0.433
2015-03-09T20:30:00Z,-2.579,3.546,0.504,-1.038,0.433
2015-03-09T20:45:00Z,-2.579,3.546,0.504,-1.038,0.433
2015-03-09T21:00:00Z,-2.865,3.792,0.504,-1.031,0.4
2015-03-09T21:15:00Z,-2.865,3.792,0.504,-1.031,0.4
2015-03-09T21:30:00Z,-2.865,3.792,0.504,-1.031,0.4
2015-03-09T21:45:00Z,-2.865,3.792,0.504,-1.031,0.4
2015-03-09T22:00:00Z,-3.011,3.822,0.504,-1.024,0.291
2015-03-09T22:15:00Z,-3.011,3.822,0.504,-1.024,0.291
2015-03-09T22:30:00Z,-3.011,3.822,0.504,-1.024,0.291
2015-03-09T22:45:00Z,-3.011,3.822,0.504,-1.024,0.291
2015-03-09T23:00:00Z,-2.426,3.399,0.504,-1.018,0.459
2015-03-09T23:15:00Z,-2.426,3.399,0.504,-1.018,0.459
2015-03-09T23:30:00Z,-2.426,3.399,0.504,-1.018,0.459
2015-03-09T23:45:00Z,-2.426,3.399,0.504,-1.018,0.459
2015-03-10T00:00:00Z,-2.279,3.272,0.504,-0.985,0.512
2015-03-10T00:15:00Z,-2.279,3.272,0.504,-0.985,0.512
2015-03-10T00:30:00Z,-2.279,3.272,0.504,-0.985,0.512
2015-03-10T00:45:00Z,-2.279,3.272,0.504,-0.985,0.512
2015-03-10T01:00:00Z,-2.287,3.307,0.504,-0.978,0.546
2015-03-10T01:15:00Z,-2.287,3.307,0.504,-0.978,0.546
2015-03-10T01:30:00Z,-2.287,3.307,0.504,-0.978,0.546
2015-03-10T01:45:00Z,-2.287,3.307,0.504,-0.978,0.546
2015-03-10T02:00:00Z,-2.336,3.299,0.504,-0.987,0.479
2015-03-10T02:15:00Z,-2.336,3.299,0.504,-0.987,0.479
2015-03-10T02:30:00Z,-2.336,3.299,0.504,-0.987,0.479
2015-03-10T02:45:00Z,-2.336,3.299,0.504,-0.987,0.479
2015-03-10T03:00:00Z,-2.347,3.327,0.504,-0.968,0.515
2015-03-10T03:15:00Z,-2.347,3.327,0.504,-0.968,0.515
2015-03-10T03:30:00Z,-2.347,3.327,0.504,-0.968,0.515
2015-03-10T03:45:00Z,-2.347,3.327,0.504,-0.968,0.515
2015-03-10T04:00:00Z,-2.535,3.378,0.504,-0.992,0.355
2015-03-10T04:15:00Z,-2.535,3.378,0.504,-0.992,0.355
2015-03-10T04:30:00Z,-2.535,3.378,0.504,-0.992,0.355
2015-03-10T04:45:00Z,-2.535,3.378,0.504,-0.992,0.355
2015-03-10T05:00:00Z,-2.58,3.249,0.504,-0.961,0.212
2015-03-10T05:15:00Z,-2.58,3.249,0.504,-0.961,0.212
2015-03-10T05:30:00Z,-2.58,3.249,0.504,-0.961,0.212
2015-03-10T05:45:00Z,-2.58,3.249,0.504,-0.961,0.212
2015-03-10T06:00:00Z,-2.733,3.478,0.504,-1.025,0.225
2015-03-10T06:15:00Z,-2.733,3.478,0.504,-1.025,0.225
2015-03-10T06:30:00Z,-2.733,3.478,0.504,-1.025,0.225
2015-03-10T06:45:00Z,-2.733,3.478,0.504,-1.025,0.225
2015-03-10T07:00:00Z,-2.532,3.239,0.504,-1.042,0.169
2015-03-10T07:15:00Z,-2.532,3.239,0.504,-1.042,0.169
2015-03-10T07:30:00Z,-2.532,3.239,0.504,-1.042,0.169
2015-03-10T07:45:00Z,-2.532,3.239,0.504,-1.042,0.169
2015-03-10T08:00:00Z,-2.584,3.376,0.504,-0.856,0.44
2015-03-10T08:15:00Z,-2.584,3.376,0.504,-0.856,0.44
2015-03-10T08:30:00Z,-2.584,3.376,0.504,-0.856,0.44
2015-03-10T08:45:00Z,-2.584,3.376,0.504,-0.856,0.44
2015-03-10T09:00:00Z,-2.662,3.572,0.504,-1.026,0.388
2015-03-10T09:15:00Z,-2.662,3.572,0.504,-1.026,0.388
2015-03-10T09:30:00Z,-2.662,3.572,0.504,-1.026,0.388
2015-03-10T09:45:00Z,-2.662,3.572,0.504,-1.026,0.388
2015-03-10T10:00:00Z,-2.646,3.473,0.504,-1.028,0.302
2015-03-10T10:15:00Z,-2.646,3.473,0.504,-1.028,0.302
2015-03-10T10:30:00Z,-2.646,3.473,0.504,-1.028,0.302
2015-03-10T10:45:00Z,-2.646,3.473,0.504,-1.028,0.302
2015-03-10T11:00:00Z,-2.587,3.364,0.504,-1.045,0.236
2015-03-10T11:15:00Z,-2.587,3.364,0.504,-1.045,0.236
2015-03-10T11:30:00Z,-2.587,3.364,0.504,-1.045,0.236
2015-03-10T11:45:00Z,-2.587,3.364,0.504,-1.045,0.236
2015-03-10T12:00:00Z,-2.439,3.335,0.504,-1.031,0.369
2015-03-10T12:15:00Z,-2.439,3.335,0.504,-1.031,0.369
2015-03-10T12:30:00Z,-2.439,3.335,0.504,-1.031,0.369
2015-03-10T12:45:00Z,-2.439,3.335,0.504,-1.031,0.369
2015-03-10T13:00:00Z,-2.426,3.425,0.504,-1.038,0.465
2015-03-10T13:15:00Z,-2.426,3.425,0.504,-1.038,0.465
2015-03-10T13:30:00Z,-2.426,3.425,0.504,-1.038,0.465
2015-03-10T13:45:00Z,-2.426,3.425,0.504,-1.038,0.465
2015-03-10T14:00:00Z,-2.33,3.349,0.504,-1.055,0.468
2015-03-10T14:15:00Z,-2.33,3.349,0.504,-1.055,0.468
2015-03-10T14:30:00Z,-2.33,3.349,0.504,-1.055,0.468
2015-03-10T14:45:00Z,-2.33,3.349,0.504,-1.055,0.468
2015-03-10T15:00:00Z,-2.427,3.374,0.504,-1.051,0.4
2015-03-10T15:15:00Z,-2.427,3.374,0.504,-1.051,0.4
2015-03-10T15:30:00Z,-2.427,3.374,0.504,-1.051,0.4
2015-03-10T15:45:00Z,-2.427,3.374,0.504,-1.051,0.4
2015-03-10T16:00:00Z,-2.28,2.904,0.504,-1.029,0.099
2015-03-10T16:15:00Z,-2.28,2.904,0.504,-1.029,0.099
2015-03-10T16:30:00Z,-2.28,2.904,0.504,-1.029,0.099
2015-03-10T16:45:00Z,-2.28,2.904,0.504,-1.029,0.099
2015-03-10T17:00:00Z,-2.157,2.485,0.504,-0.992,-0.16
2015-03-10T17:15:00Z,-2.157,2.485,0.504,-0.992,-0.16
2015-03-10T17:30:00Z,-2.157,2.485,0.504,-0.992,-0.16
2015-03-10T17:45:00Z,-2.157,2.485,0.504,-0.992,-0.16
2015-03-10T18:00:00Z,-2.436,2.965,0.504,-1.012,0.021
2015-03-10T18:15:00Z,-2.436,2.965,0.504,-1.012,0.021
2015-03-10T18:30:00Z,-2.436,2.965,0.504,-1.012,0.021
2015-03-10T18:45:00Z,-2.436,2.965,0.504,-1.012,0.021
2015-03-10T19:00:00Z,-2.654,3.659,0.504,-1.002,0.507
2015-03-10T19:15:00Z,-2.654,3.659,0.504,-1.002,0.507
2015-03-10T19:30:00Z,-2.654,3.659,0.504,-1.002,0.507
2015-03-10T19:45:00Z,-2.654,3.659,0.504,-1.002,0.507
2015-03-10T20:00:00Z,-2.647,3.729,0.504,-1.024,0.562
2015-03-10T20:15:00Z,-2.647,3.729,0.504,-1.024,0.562
2015-03-10T20:30:00Z,-2.647,3.729,0.504,-1.024,0.562
2015-03-10T20:45:00Z,-2.647,3.729,0.504,-1.024,0.562
2015-03-10T21:00:00Z,-2.841,3.752,0.504,-1.03,0.385
2015-03-10T21:15:00Z,-2.841,3.752,0.504,-1.03,0.385
2015-03-10T21:30:00Z,-2.841,3.752,0.504,-1.03,0.385
2015-03-10T21:45:00Z,-2.841,3.752,0.504,-1.03,0.385
2015-03-10T22:00:00Z,-2.953,3.91,0.504,-1.015,0.446
2015-03-10T22:15:00Z,-2.953,3.91,0.504,-1.015,0.446
2015-03-10T22:30:00Z,-2.953,3.91,0.504,-1.015,0.446
2015-03-10T22:45:00Z,-2.953,3.91,0.504,-1.015,0.446
2015-03-10T23:00:00Z,-2.754,3.848,0.504,-1.013,0.585
2015-03-10T23:15:00Z,-2.754,3.848,0.504,-1.013,0.585
2015-03-10T23:30:00Z,-2.754,3.848,0.504,-1.013,0.585
2015-03-10T23:45:00Z,-2.754,3.848,0.504,-1.013,0.585
2015-03-11T00:00:00Z,-2.682,3.79,0.504,-1.05,0.562
2015-03-11T00:15:00Z,-2.682,3.79,0.504,-1.05,0.562
2015-03-11T00:30:00Z,-2.682,3.79,0.504,-1.05,0.562
2015-03-11T00:45:00Z,-2.682,3.79,0.504,-1.05,0.562
2015-03-11T01:00:00Z,-2.578,3.613,0.504,-1.018,0.521
2015-03-11T01:15:00Z,-2.578,3.613,0.504,-1.018,0.521
2015-03-11T01:30:00Z,-2.578,3.613,0.504,-1.018,0.521
2015-03-11T01:45:00Z,-2.578,3.613,0.504,-1.018,0.521
2015-03-11T02:00:00Z,-2.264,3.83,0.504,-1.031,1.039
2015-03-11T02:15:00Z,-2.264,3.83,0.504,-1.031,1.039
2015-03-11T02:30:00Z,-2.264,3.83,0.504,-1.031,1.039
2015-03-11T02:45:00Z,-2.264,3.83,0.504,-1.031,1.039
2015-03-11T03:00:00Z,-2.218,3.872,0.504,-1.04,1.118
2015-03-11T03:15:00Z,-2.218,3.872,0.504,-1.04,1.118
2015-03-11T03:30:00Z,-2.218,3.872,0.504,-1.04,1.118
2015-03-11T03:45:00Z,-2.218,3.872,0.504,-1.04,1.118
2015-03-11T04:00:00Z,-2.28,3.722,0.504,-0.997,0.95
2015-03-11T04:15:00Z,-2.28,3.722,0.504,-0.997,0.95
2015-03-11T04:30:00Z,-2.28,3.722,0.504,-0.997,0.95
2015-03-11T04:45:00Z,-2.28,3.722,0.504,-0.997,0.95
2015-03-11T05:00:00Z,-2.517,3.433,0.504,-0.85,0.57
2015-03-11T05:15:00Z,-2.517,3.433,0.504,-0.85,0.57
2015-03-11T05:30:00Z,-2.517,3.433,0.504,-0.85,0.57
2015-03-11T05:45:00Z,-2.517,3.433,0.504,-0.85,0.57
2015-03-11T06:00:00Z,-2.581,3.564,0.504,-1.004,0.483
2015-03-11T06:15:00Z,-2.581,3.564,0.504,-1.004,0.483
2015-03-11T06:30:00Z,-2.581,3.564,0.504,-1.004,0.483
2015-03-11T06:45:00Z,-2.581,3.564,0.504,-1.004,0.483
2015-03-11T07:00:00Z,-2.272,3.808,0.504,-0.828,1.212
2015-03-11T07:15:00Z,-2.272,3.808,0.504,-0.828,1.212
2015-03-11T07:30:00Z,-2.272,3.808,0.504,-0.828,1.212
2015-03-11T07:45:00Z,-2.272,3.808,0.504,-0.828,1.212
2015-03-11T08:00:00Z,-2.513,4.366,0.504,-0.895,1.462
2015-03-11T08:15:00Z,-2.513,4.366,0.504,-0.895,1.462
2015-03-11T08:30:00Z,-2.513,4.366,0.504,-0.895,1.462
2015-03-11T08:45:00Z,-2.513,4.366,0.504,-0.895,1.462
2015-03-11T09:00:00Z,-2.407,4.043,0.504,-1.031,1.109
2015-03-11T09:15:00Z,-2.407,4.043,0.504,-1.031,1.109
2015-03-11T09:30:00Z,-2.407,4.043,0.504,-1.031,1.109
2015-03-11T09:45:00Z,-2.407,4.043,0.504,-1.031,1.109
2015-03-11T10:00:00Z,-2.407,3.871,0.504,-1.031,0.936
2015-03-11T10:15:00Z,-2.407,3.871,0.504,-1.031,0.936
2015-03-11T10:30:00Z,-2.407,3.871,0.504,-1.031,0.936
2015-03-11T10:45:00Z,-2.407,3.871,0.504,-1.031,0.936
2015-03-11T11:00:00Z,-2.428,3.753,0.504,-1.045,0.784
2015-03-11T11:15:00Z,-2.428,3.753,0.504,-1.045,0.784
2015-03-11T11:30:00Z,-2.428,3.753,0.504,-1.045,0.784
2015-03-11T11:45:00Z,-2.428,3.753,0.504,-1.045,0.784
2015-03-11T12:00:00Z,-2.366,3.611,0.504,-1.042,0.707
2015-03-11T12:15:00Z,-2.366,3.611,0.504,-1.042,0.707
2015-03-11T12:30:00Z,-2.366,3.611,0.504,-1.042,0.707
2015-03-11T12:45:00Z,-2.366,3.611,0.504,-1.042,0.707
2015-03-11T13:00:00Z,-2.151,3.507,0.504,-1.054,0.806
2015-03-11T13:15:00Z,-2.151,3.507,0.504,-1.054,0.806
2015-03-11T13:30:00Z,-2.151,3.507,0.504,-1.054,0.806
2015-03-11T13:45:00Z,-2.151,3.507,0.504,-1.054,0.806
2015-03-11T14:00:00Z,-1.886,3.749,0.504,-1.033,1.334
2015-03-11T14:15:00Z,-1.886,3.749,0.504,-1.033,1.334
2015-03-11T14:30:00Z,-1.886,3.749,0.504,-1.033,1.334
2015-03-11T14:45:00Z,-1.886,3.749,0.504,-1.033,1.334
2015-03-11T15:00:00Z,-1.92,3.836,0.504,-1.036,1.384
2015-03-11T15:15:00Z,-1.92,3.836,0.504,-1.036,1.384
2015-03-11T15:30:00Z,-1.92,3.836,0.504,-1.036,1.384
2015-03-11T15:45:00Z,-1.92,3.836,0.504,-1.036,1.384
2015-03-11T16:00:00Z,-1.885,3.616,0.504,-1.053,1.182
2015-03-11T16:15:00Z,-1.885,3.616,0.504,-1.053,1.182
2015-03-11T16:30:00Z,-1.885,3.616,0.504,-1.053,1.182
2015-03-11T16:45:00Z,-1.885,3.616,0.504,-1.053,1.182
2015-03-11T17:00:00Z,-1.726,2.914,0.504,-1.033,0.659
2015-03-11T17:15:00Z,-1.726,2.914,0.504,-1.033,0.659
2015-03-11T17:30:00Z,-1.726,2.914,0.504,-1.033,0.659
2015-03-11T17:45:00Z,-1.726,2.914,0.504,-1.033,0.659
2015-03-11T18:00:00Z,-2.224,3.259,0.504,-1.019,0.52
2015-03-11T18:15:00Z,-2.224,3.259,0.504,-1.019,0.52
2015-03-11T18:30:00Z,-2.224,3.259,0.504,-1.019,0.52
2015-03-11T18:45:00Z,-2.224,3.259,0.504,-1.019,0.52
2015-03-11T19:00:00Z,-2.509,3.41,0.504,-1.022,0.383
2015-03-11T19:15:00Z,-2.509,3.41,0.504,-1.022,0.383
2015-03-11T19:30:00Z,-2.509,3.41,0.504,-1.022,0.383
2015-03-11T19:45:00Z,-2.509,3.41,0.504,-1.022,0.383
2015-03-11T20:00:00Z,-2.288,3.688,0.504,-1.035,0.87
2015-03-11T20:15:00Z,-2.288,3.688,0.504,-1.035,0.87
2015-03-11T20:30:00Z,-2.288,3.688,0.504,-1.035,0.87
2015-03-11T20:45:00Z,-2.288,3.688,0.504,-1.035,0.87
2015-03-11T21:00:00Z,-2.369,3.79,0.504,-1.036,0.889
2015-03-11T21:15:00Z,-2.369,3.79,0.504,-1.036,0.889
2015-03-11T21:30:00Z,-2.369,3.79,0.504,-1.036,0.889
2015-03-11T21:45:00Z,-2.369,3.79,0.504,-1.036,0.889
2015-03-11T22:00:00Z,-2.625,3.866,0.504,-1.036,0.709
2015-03-11T22:15:00Z,-2.625,3.866,0.504,-1.036,0.709
2015-03-11T22:30:00Z,-2.625,3.866,0.504,-1.036,0.709
2015-03-11T22:45:00Z,-2.625,3.866,0.504,-1.036,0.709
2015-03-11T23:00:00Z,-2.378,4.043,0.504,-1.044,1.124
2015-03-11T23:15:00Z,-2.378,4.043,0.504,-1.044,1.124
2015-03-11T23:30:00Z,-2.378,4.043,0.504,-1.044,1.124
2015-03-11T23:45:00Z,-2.378,4.043,0.504,-1.044,1.124
2015-03-12T00:00:00Z,-2.234,3.997,0.504,-1.016,1.251
2015-03-12T00:15:00Z,-2.234,3.997,0.504,-1.016,1.251
2015-03-12T00:30:00Z,-2.234,3.997,0.504,-1.016,1.251
2015-03-12T00:45:00Z,-2.234,3.997,0.504,-1.016,1.251
2015-03-12T01:00:00Z,-2.064,3.935,0.504,-0.991,1.384
2015-03-12T01:15:00Z,-2.064,3.935,0.504,-0.991,1.384
2015-03-12T01:30:00Z,-2.064,3.935,0.504,-0.991,1.384
2015-03-12T01:45:00Z,-2.064,3.935,0.504,-0.991,1.384
2015-03-12T02:00:00Z,-2.026,3.724,0.504,-1.02,1.183
2015-03-12T02:15:00Z,-2.026,3.724,0.504,-1.02,1.183
2015-03-12T02:30:00Z,-2.026,3.724,0.504,-1.02,1.183
2015-03-12T02:45:00Z,-2.026,3.724,0.504,-1.02,1.183
2015-03-12T03:00:00Z,-1.843,3.653,0.504,-0.987,1.327
2015-03-12T03:15:00Z,-1.843,3.653,0.504,-0.987,1.327
2015-03-12T03:30:00Z,-1.843,3.653,0.504,-0.987,1.327
2015-03-12T03:45:00Z,-1.843,3.653,0.504,-0.987,1.327
2015-03-12T04:00:00Z,-2.013,3.368,0.504,-1.02,0.839
2015-03-12T04:15:00Z,-2.013,3.368,0.504,-1.02,0.839
2015-03-12T04:30:00Z,-2.013,3.368,0.504,-1.02,0.839
2015-03-12T04:45:00Z,-2.013,3.368,0.504,-1.02,0.839
2015-03-12T05:00:00Z,-2.138,3.003,0.504,-0.813,0.556
2015-03-12T05:15:00Z,-2.138,3.003,0.504,-0.813,0.556
2015-03-12T05:30:00Z,-2.138,3.003,0.504,-0.813,0.556
2015-03-12T05:45:00Z,-2.138,3.003,0.504,-0.813,0.556
2015-03-12T06:00:00Z,-1.94,3.026,0.504,-0.834,0.756
2015-03-12T06:15:00Z,-1.94,3.026,0.504,-0.834,0.756
2015-03-12T06:30:00Z,-1.94,3.026,0.504,-0.834,0.756
2015-03-12T06:45:00Z,-1.94,3.026,0.504,-0.834,0.756
2015-03-12T07:00:00Z,-1.766,3.495,0.504,-0.868,1.365
2015-03-12T07:15:00Z,-1.766,3.495,0.504,-0.868,1.365
2015-03-12T07:30:00Z,-1.766,3.495,0.504,-0.868,1.365
2015-03-12T07:45:00Z,-1.766,3.495,0.504,-0.868,1.365
2015-03-12T08:00:00Z,-2.093,3.703,0.504,-0.903,1.211
2015-03-12T08:15:00Z,-2.093,3.703,0.504,-0.903,1.211
2015-03-12T08:30:00Z,-2.093,3.703,0.504,-0.903,1.211
2015-03-12T08:45:00Z,-2.093,3.703,0.504,-0.903,1.211
2015-03-12T09:00:00Z,-2.124,3.483,0.504,-1.015,0.848
2015-03-12T09:15:00Z,-2.124,3.483,0.504,-1.015,0.848
2015-03-12T09:30:00Z,-2.124,3.483,0.504,-1.015,0.848
2015-03-12T09:45:00Z,-2.124,3.483,0.504,-1.015,0.848
2015-03-12T10:00:00Z,-2.037,3.241,0.504,-1.007,0.701
2015-03-12T10:15:00Z,-2.037,3.241,0.504,-1.007,0.701
2015-03-12T10:30:00Z,-2.037,3.241,0.504,-1.007,0.701
2015-03-12T10:45:00Z,-2.037,3.241,0.504,-1.007,0.701
2015-03-12T11:00:00Z,-1.932,3.235,0.504,-1.011,0.797
2015-03-12T11:15:00Z,-1.932,3.235,0.504,-1.011,0.797
2015-03-12T11:30:00Z,-1.932,3.235,0.504,-1.011,0.797
2015-03-12T11:45:00Z,-1.932,3.235,0.504,-1.011,0.797
2015-03-12T12:00:00Z,-1.829,3.336,0.504,-1.026,0.985
2015-03-12T12:15:00Z,-1.829,3.336,0.504,-1.026,0.985
2015-03-12T12:30:00Z,-1.829,3.336,0.504,-1.026,0.985
2015-03-12T12:45:00Z,-1.829,3.336,0.504,-1.026,0.985
2015-03-12T13:00:00Z,-1.61,3.635,0.504,-1.022,1.507
2015-03-12T13:15:00Z,-1.61,3.635,0.504,-1.022,1.507
2015-03-12T13:30:00Z,-1.61,3.635,0.504,-1.022,1.507
2015-03-12T13:45:00Z,-1.61,3.635,0.504,-1.022,1.507
2015-03-12T14:00:00Z,-1.529,3.566,0.504,-1.011,1.531
2015-03-12T14:15:00Z,-1.529,3.566,0.504,-1.011,1.531
2015-03-12T14:30:00Z,-1.529,3.566,0.504,-1.011,1.531
2015-03-12T14:45:00Z,-1.529,3.566,0.504,-1.011,1.531
2015-03-12T15:00:00Z,-1.431,3.406,0.504,-1.03,1.449
2015-03-12T15:15:00Z,-1.431,3.406,0.504,-1.03,1.449
2015-03-12T15:30:00Z,-1.431,3.406,0.504,-1.03,1.449
2015-03-12T15:45:00Z,-1.431,3.406,0.504,-1.03,1.449
2015-03-12T16:00:00Z,-1.559,3.015,0.504,-1.044,0.916
2015-03-12T16:15:00Z,-1.559,3.015,0.504,-1.044,0.916
2015-03-12T16:30:00Z,-1.559,3.015,0.504,-1.044,0.916
2015-03-12T16:45:00Z,-1.559,3.015,0.504,-1.044,0.916
2015-03-12T17:00:00Z,-2,3.095,0.504,-1.007,0.593
2015-03-12T17:15:00Z,-2,3.095,0.504,-1.007,0.593
2015-03-12T17:30:00Z,-2,3.095,0.504,-1.007,0.593
2015-03-12T17:45:00Z,-2,3.095,0.504,-1.007,0.593
2015-03-12T18:00:00Z,-2.184,3.356,0.504,-1.01,0.666
2015-03-12T18:15:00Z,-2.184,3.356,0.504,-1.01,0.666
2015-03-12T18:30:00Z,-2.184,3.356,0.504,-1.01,0.666
2015-03-12T18:45:00Z,-2.184,3.356,0.504,-1.01,0.666
2015-03-12T19:00:00Z,-2.32,3.509,0.504,-1.027,0.666
2015-03-12T19:15:00Z,-2.32,3.509,0.504,-1.027,0.666
2015-03-12T19:30:00Z,-2.32,3.509,0.504,-1.027,0.666
2015-03-12T19:45:00Z,-2.32,3.509,0.504,-1.027,0.666
2015-03-12T20:00:00Z,-2.189,3.159,0.504,-1.039,0.435
2015-03-12T20:15:00Z,-2.189,3.159,0.504,-1.039,0.435
2015-03-12T20:30:00Z,-2.189,3.159,0.504,-1.039,0.435
2015-03-12T20:45:00Z,-2.189,3.159,0.504,-1.039,0.435
2015-03-12T21:00:00Z,-2.372,3.167,0.504,-1.041,0.258
2015-03-12T21:15:00Z,-2.372,3.167,0.504,-1.041,0.258
2015-03-12T21:30:00Z,-2.372,3.167,0.504,-1.041,0.258
2015-03-12T21:45:00Z,-2.372,3.167,0.504,-1.041,0.258
2015-03-12T22:00:00Z,-2.363,3.742,0.504,-1.046,0.837
2015-03-12T22:15:00Z,-2.363,3.742,0.504,-1.046,0.837
2015-03-12T22:30:00Z,-2.363,3.742,0.504,-1.046,0.837
2015-03-12T22:45:00Z,-2.363,3.742,0.504,-1.046,0.837
2015-03-12T23:00:00Z,-2.415,3.847,0.504,-1.04,0.896
2015-03-12T23:15:00Z,-2.415,3.847,0.504,-1.04,0.896
2015-03-12T23:30:00Z,-2.415,3.847,0.504,-1.04,0.896
2015-03-12T23:45:00Z,-2.415,3.847,0.504,-1.04,0.896
2015-03-13T00:00:00Z,-2.345,4.016,0.504,-1.048,1.126
2015-03-13T00:15:00Z,-2.345,4.016,0.504,-1.048,1.126
2015-03-13T00:30:00Z,-2.345,4.016,0.504,-1.048,1.126
2015-03-13T00:45:00Z,-2.345,4.016,0.504,-1.048,1.126
2015-03-13T01:00:00Z,-2.208,3.893,0.504,-1.033,1.155
2015-03-13T01:15:00Z,-2.208,3.893,0.504,-1.033,1.155
2015-03-13T01:30:00Z,-2.208,3.893,0.504,-1.033,1.155
2015-03-13T01:45:00Z,-2.208,3.893,0.504,-1.033,1.155
2015-03-13T02:00:00Z,-2.073,3.828,0.504,-1.029,1.23
2015-03-13T02:15:00Z,-2.073,3.828,0.504,-1.029,1.23
2015-03-13T02:30:00Z,-2.073,3.828,0.504,-1.029,1.23
2015-03-13T02:45:00Z,-2.073,3.828,0.504,-1.029,1.23
2015-03-13T03:00:00Z,-1.95,3.88,0.504,-1.015,1.418
2015-03-13T03:15:00Z,-1.95,3.88,0.504,-1.015,1.418
2015-03-13T03:30:00Z,-1.95,3.88,0.504,-1.015,1.418
2015-03-13T03:45:00Z,-1.95,3.88,0.504,-1.015,1.418
2015-03-13T04:00:00Z,-2.137,3.609,0.504,-1.035,0.941
2015-03-13T04:15:00Z,-2.137,3.609,0.504,-1.035,0.941
2015-03-13T04:30:00Z,-2.137,3.609,0.504,-1.035,0.941
2015-03-13T04:45:00Z,-2.137,3.609,0.504,-1.035,0.941
2015-03-13T05:00:00Z,-2.378,3.494,0.504,-1.035,0.585
2015-03-13T05:15:00Z,-2.378,3.494,0.504,-1.035,0.585
2015-03-13T05:30:00Z,-2.378,3.494,0.504,-1.035,0.585
2015-03-13T05:45:00Z,-2.378,3.494,0.504,-1.035,0.585
2015-03-13T06:00:00Z,-2.302,3.726,0.504,-0.997,0.931
2015-03-13T06:15:00Z,-2.302,3.726,0.504,-0.997,0.931
2015-03-13T06:30:00Z,-2.302,3.726,0.504,-0.997,0.931
2015-03-13T06:45:00Z,-2.302,3.726,0.504,-0.997,0.931
2015-03-13T07:00:00Z,-2.152,3.777,0.504,-0.849,1.28
2015-03-13T07:15:00Z,-2.152,3.777,0.504,-0.849,1.28
2015-03-13T07:30:00Z,-2.152,3.777,0.504,-0.849,1.28
2015-03-13T07:45:00Z,-2.152,3.777,0.504,-0.849,1.28
2015-03-13T08:00:00Z,-2.269,4.091,0.504,-1.027,1.299
2015-03-13T08:15:00Z,-2.269,4.091,0.504,-1.027,1.299
2015-03-13T08:30:00Z,-2.269,4.091,0.504,-1.027,1.299
2015-03-13T08:45:00Z,-2.269,4.091,0.504,-1.027,1.299
2015-03-13T09:00:00Z,-2.394,4.068,0.504,-1.042,1.136
2015-03-13T09:15:00Z,-2.394,4.068,0.504,-1.042,1.136
2015-03-13T09:30:00Z,-2.394,4.068,0.504,-1.042,1.136
2015-03-13T09:45:00Z,-2.394,4.068,0.504,-1.042,1.136
2015-03-13T10:00:00Z,-2.444,3.91,0.504,-1.043,0.927
2015-03-13T10:15:00Z,-2.444,3.91,0.504,-1.043,0.927
2015-03-13T10:30:00Z,-2.444,3.91,0.504,-1.043,0.927
2015-03-13T10:45:00Z,-2.444,3.91,0.504,-1.043,0.927
2015-03-13T11:00:00Z,-2.03,3.8,0.504,-1.033,1.241
2015-03-13T11:15:00Z,-2.03,3.8,0.504,-1.033,1.241
2015-03-13T11:30:00Z,-2.03,3.8,0.504,-1.033,1.241
2015-03-13T11:45:00Z,-2.03,3.8,0.504,-1.033,1.241
2015-03-13T12:00:00Z,-2.112,3.769,0.504,-1.02,1.141
2015-03-13T12:15:00Z,-2.112,3.769,0.504,-1.02,1.141
2015-03-13T12:30:00Z,-2.112,3.769,0.504,-1.02,1.141
2015-03-13T12:45:00Z,-2.112,3.769,0.504,-1.02,1.141
2015-03-13T13:00:00Z,-2.078,3.742,0.508,-1.016,1.156
2015-03-13T13:15:00Z,-2.078,3.742,0.508,-1.016,1.156
2015-03-13T13:30:00Z,-2.078,3.742,0.508,-1.016,1.156
2015-03-13T13:45:00Z,-2.078,3.742,0.508,-1.016,1.156
2015-03-13T14:00:00Z,-2.072,3.524,0.7,-1.016,1.135
2015-03-13T14:15:00Z,-2.072,3.524,0.7,-1.016,1.135
2015-03-13T14:30:00Z,-2.072,3.524,0.7,-1.016,1.135
2015-03-13T14:45:00Z,-2.072,3.524,0.7,-1.016,1.135
2015-03-13T15:00:00Z,-2.027,3.707,0.704,-1.015,1.369
2015-03-13T15:15:00Z,-2.027,3.707,0.704,-1.015,1.369
2015-03-13T15:30:00Z,-2.027,3.707,0.704,-1.015,1.369
2015-03-13T15:45:00Z,-2.027,3.707,0.704,-1.015,1.369
2015-03-13T16:00:00Z,-2.123,3.66,0.704,-1.023,1.218
2015-03-13T16:15:00Z,-2.123,3.66,0.704,-1.023,1.218
2015-03-13T16:30:00Z,-2.123,3.66,0.704,-1.023,1.218
2015-03-13T16:45:00Z,-2.123,3.66,0.704,-1.023,1.218
2015-03-13T17:00:00Z,-2.128,3.233,0.704,-1.019,0.79
2015-03-13T17:15:00Z,-2.128,3.233,0.704,-1.019,0.79
2015-03-13T17:30:00Z,-2.128,3.233,0.704,-1.019,0.79
2015-03-13T17:45:00Z,-2.128,3.233,0.704,-1.019,0.79
2015-03-13T18:00:00Z,-2.21,3.466,0.704,-1.031,0.929
2015-03-13T18:15:00Z,-2.21,3.466,0.704,-1.031,0.929
2015-03-13T18:30:00Z,-2.21,3.466,0.704,-1.031,0.929
2015-03-13T18:45:00Z,-2.21,3.466,0.704,-1.031,0.929
2015-03-13T19:00:00Z,-2.252,3.148,0.704,-1.015,0.585
2015-03-13T19:15:00Z,-2.252,3.148,0.704,-1.015,0.585
2015-03-13T19:30:00Z,-2.252,3.148,0.704,-1.015,0.585
2015-03-13T19:45:00Z,-2.252,3.148,0.704,-1.015,0.585
2015-03-13T20:00:00Z,-2.003,3.415,0.704,-1.014,1.102
2015-03-13T20:15:00Z,-2.003,3.415,0.704,-1.014,1.102
2015-03-13T20:30:00Z,-2.003,3.415,0.704,-1.014,1.102
2015-03-13T20:45:00Z,-2.003,3.415,0.704,-1.014,1.102
2015-03-13T21:00:00Z,-2.174,3.559,0.704,-1.036,1.054
2015-03-13T21:15:00Z,-2.174,3.559,0.704,-1.036,1.054
2015-03-13T21:30:00Z,-2.174,3.559,0.704,-1.036,1.054
2015-03-13T21:45:00Z,-2.174,3.559,0.704,-1.036,1.054
2015-03-13T22:00:00Z,-2.291,3.448,0.704,-1.017,0.845
2015-03-13T22:15:00Z,-2.291,3.448,0.704,-1.017,0.845
2015-03-13T22:30:00Z,-2.291,3.448,0.704,-1.017,0.845
2015-03-13T22:45:00Z,-2.291,3.448,0.704,-1.017,0.845
2015-03-13T23:00:00Z,-1.965,3.474,0.704,-1.036,1.177
2015-03-13T23:15:00Z,-1.965,3.474,0.704,-1.036,1.177
2015-03-13T23:30:00Z,-1.965,3.474,0.704,-1.036,1.177
2015-03-13T23:45:00Z,-1.965,3.474,0.704,-1.036,1.177
2015-03-14T00:00:00Z,-1.918,3.158,0.704,-1.041,0.904
2015-03-14T00:15:00Z,-1.918,3.158,0.704,-1.041,0.904
2015-03-14T00:30:00Z,-1.918,3.158,0.704,-1.041,0.904
2015-03-14T00:45:00Z,-1.918,3.158,0.704,-1.041,0.904
2015-03-14T01:00:00Z,-1.921,3.216,0.704,-1.03,0.969
2015-03-14T01:15:00Z,-1.921,3.216,0.704,-1.03,0.969
2015-03-14T01:30:00Z,-1.921,3.216,0.704,-1.03,0.969
2015-03-14T01:45:00Z,-1.921,3.216,0.704,-1.03,0.969
2015-03-14T02:00:00Z,-1.844,3.222,0.704,-1.026,1.057
2015-03-14T02:15:00Z,-1.844,3.222,0.704,-1.026,1.057
2015-03-14T02:30:00Z,-1.844,3.222,0.704,-1.026,1.057
2015-03-14T02:45:00Z,-1.844,3.222,0.704,-1.026,1.057
2015-03-14T03:00:00Z,-1.789,3.349,0.704,-1.026,1.238
2015-03-14T03:15:00Z,-1.789,3.349,0.704,-1.026,1.238
2015-03-14T03:30:00Z,-1.789,3.349,0.704,-1.026,1.238
2015-03-14T03:45:00Z,-1.789,3.349,0.704,-1.026,1.238
2015-03-14T04:00:00Z,-1.749,3.3,0.704,-1.026,1.229
2015-03-14T04:15:00Z,-1.749,3.3,0.704,-1.026,1.229
2015-03-14T04:30:00Z,-1.749,3.3,0.704,-1.026,1.229
2015-03-14T04:45:00Z,-1.749,3.3,0.704,-1.026,1.229
2015-03-14T05:00:00Z,-1.754,3.495,0.704,-1.026,1.418
2015-03-14T05:15:00Z,-1.754,3.495,0.704,-1.026,1.418
2015-03-14T05:30:00Z,-1.754,3.495,0.704,-1.026,1.418
2015-03-14T05:45:00Z,-1.754,3.495,0.704,-1.026,1.418
2015-03-14T06:00:00Z,-1.419,3.703,0.704,-1.025,1.963
2015-03-14T06:15:00Z,-1.419,3.703,0.704,-1.025,1.963
2015-03-14T06:30:00Z,-1.419,3.703,0.704,-1.025,1.963
2015-03-14T06:45:00Z,-1.419,3.703,0.704,-1.025,1.963
2015-03-14T07:00:00Z,-1.244,3.708,0.704,-1.01,2.158
2015-03-14T07:15:00Z,-1.244,3.708,0.704,-1.01,2.158
2015-03-14T07:30:00Z,-1.244,3.708,0.704,-1.01,2.158
2015-03-14T07:45:00Z,-1.244,3.708,0.704,-1.01,2.158
2015-03-14T08:00:00Z,-1.151,4.037,0.704,-1.045,2.545
2015-03-14T08:15:00Z,-1.151,4.037,0.704,-1.045,2.545
2015-03-14T08:30:00Z,-1.151,4.037,0.704,-1.045,2.545
2015-03-14T08:45:00Z,-1.151,4.037,0.704,-1.045,2.545
2015-03-14T09:00:00Z,-1.015,3.901,0.704,-1.025,2.565
2015-03-14T09:15:00Z,-1.015,3.901,0.704,-1.025,2.565
2015-03-14T09:30:00Z,-1.015,3.901,0.704,-1.025,2.565
2015-03-14T09:45:00Z,-1.015,3.901,0.704,-1.025,2.565
2015-03-14T10:00:00Z,-0.939,3.837,0.704,-1.038,2.564
2015-03-14T10:15:00Z,-0.939,3.837,0.704,-1.038,2.564
2015-03-14T10:30:00Z,-0.939,3.837,0.704,-1.038,2.564
2015-03-14T10:45:00Z,-0.939,3.837,0.704,-1.038,2.564
2015-03-14T11:00:00Z,-1.278,4.231,0.704,-1.072,2.585
2015-03-14T11:15:00Z,-1.278,4.231,0.704,-1.072,2.585
2015-03-14T11:30:00Z,-1.278,4.231,0.704,-1.072,2.585
2015-03-14T11:45:00Z,-1.278,4.231,0.704,-1.072,2.585
2015-03-14T12:00:00Z,-1.211,4.019,0.704,-1.034,2.478
2015-03-14T12:15:00Z,-1.211,4.019,0.704,-1.034,2.478
2015-03-14T12:30:00Z,-1.211,4.019,0.704,-1.034,2.478
2015-03-14T12:45:00Z,-1.211,4.019,0.704,-1.034,2.478
2015-03-14T13:00:00Z,-1.33,4.106,0.704,-1.017,2.463
2015-03-14T13:15:00Z,-1.33,4.106,0.704,-1.017,2.463
2015-03-14T13:30:00Z,-1.33,4.106,0.704,-1.017,2.463
2015-03-14T13:45:00Z,-1.33,4.106,0.704,-1.017,2.463
2015-03-14T14:00:00Z,-1.378,4.066,0.704,-1.008,2.384
2015-03-14T14:15:00Z,-1.378,4.066,0.704,-1.008,2.384
2015-03-14T14:30:00Z,-1.378,4.066,0.704,-1.008,2.384
2015-03-14T14:45:00Z,-1.378,4.066,0.704,-1.008,2.384
2015-03-14T15:00:00Z,-1.361,4.009,0.704,-1,2.352
2015-03-14T15:15:00Z,-1.361,4.009,0.704,-1,2.352
2015-03-14T15:30:00Z,-1.361,4.009,0.704,-1,2.352
2015-03-14T15:45:00Z,-1.361,4.009,0.704,-1,2.352
2015-03-14T16:00:00Z,-1.512,4.107,0.704,-1.006,2.293
2015-03-14T16:15:00Z,-1.512,4.107,0.704,-1.006,2.293
2015-03-14T16:30:00Z,-1.512,4.107,0.704,-1.006,2.293
2015-03-14T16:45:00Z,-1.512,4.107,0.704,-1.006,2.293
2015-03-14T17:00:00Z,-1.271,3.784,0.704,-1.005,2.212
2015-03-14T17:15:00Z,-1.271,3.784,0.704,-1.005,2.212
2015-03-14T17:30:00Z,-1.271,3.784,0.704,-1.005,2.212
2015-03-14T17:45:00Z,-1.271,3.784,0.704,-1.005,2.212
2015-03-14T18:00:00Z,-1.398,3.892,0.704,-1.028,2.171
2015-03-14T18:15:00Z,-1.398,3.892,0.704,-1.028,2.171
2015-03-14T18:30:00Z,-1.398,3.892,0.704,-1.028,2.171
2015-03-14T18:45:00Z,-1.398,3.892,0.704,-1.028,2.171
2015-03-14T19:00:00Z,-1.729,4.049,0.704,-1.018,2.005
2015-03-14T19:15:00Z,-1.729,4.049,0.704,-1.018,2.005
2015-03-14T19:30:00Z,-1.729,4.049,0.704,-1.018,2.005
2015-03-14T19:45:00Z,-1.729,4.049,0.704,-1.018,2.005
2015-03-14T20:00:00Z,-1.871,3.683,0.704,-1.028,1.488
2015-03-14T20:15:00Z,-1.871,3.683,0.704,-1.028,1.488
2015-03-14T20:30:00Z,-1.871,3.683,0.704,-1.028,1.488
2015-03-14T20:45:00Z,-1.871,3.683,0.704,-1.028,1.488
2015-03-14T21:00:00Z,-2.13,3.588,0.704,-1.014,1.148
2015-03-14T21:15:00Z,-2.13,3.588,0.704,-1.014,1.148
2015-03-14T21:30:00Z,-2.13,3.588,0.704,-1.014,1.148
2015-03-14T21:45:00Z,-2.13,3.588,0.704,-1.014,1.148
2015-03-14T22:00:00Z,-2.302,3.577,0.704,-1.036,0.943
2015-03-14T22:15:00Z,-2.302,3.577,0.704,-1.036,0.943
2015-03-14T22:30:00Z,-2.302,3.577,0.704,-1.036,0.943
2015-03-14T22:45:00Z,-2.302,3.577,0.704,-1.036,0.943
2015-03-14T23:00:00Z,-2.249,3.463,0.704,-1.031,0.888
2015-03-14T23:15:00Z,-2.249,3.463,0.704,-1.031,0.888
2015-03-14T23:30:00Z,-2.249,3.463,0.704,-1.031,0.888
2015-03-14T23:45:00Z,-2.249,3.463,0.704,-1.031,0.888
2015-03-15T00:00:00Z,-2.182,3.296,0.704,-1.026,0.792
2015-03-15T00:15:00Z,-2.182,3.296,0.704,-1.026,0.792
2015-03-15T00:30:00Z,-2.182,3.296,0.704,-1.026,0.792
2015-03-15T00:45:00Z,-2.182,3.296,0.704,-1.026,0.792
2015-03-15T01:00:00Z,-1.974,3.11,0.704,-1.026,0.814
2015-03-15T01:15:00Z,-1.974,3.11,0.704,-1.026,0.814
2015-03-15T01:30:00Z,-1.974,3.11,0.704,-1.026,0.814
2015-03-15T01:45:00Z,-1.974,3.11,0.704,-1.026,0.814
2015-03-15T02:00:00Z,-1.886,3.274,0.704,-1.026,1.066
2015-03-15T02:15:00Z,-1.886,3.274,0.704,-1.026,1.066
2015-03-15T02:30:00Z,-1.886,3.274,0.704,-1.026,1.066
2015-03-15T02:45:00Z,-1.886,3.274,0.704,-1.026,1.066
2015-03-15T03:00:00Z,-1.886,3.197,0.704,-0.975,1.04
2015-03-15T03:15:00Z,-1.886,3.197,0.704,-0.975,1.04
2015-03-15T03:30:00Z,-1.886,3.197,0.704,-0.975,1.04
2015-03-15T03:45:00Z,-1.886,3.197,0.704,-0.975,1.04
2015-03-15T04:00:00Z,-1.989,3.426,0.704,-0.976,1.164
2015-03-15T04:15:00Z,-1.989,3.426,0.704,-0.976,1.164
2015-03-15T04:30:00Z,-1.989,3.426,0.704,-0.976,1.164
2015-03-15T04:45:00Z,-1.989,3.426,0.704,-0.976,1.164
2015-03-15T05:00:00Z,-1.773,3.389,0.704,-0.976,1.344
2015-03-15T05:15:00Z,-1.773,3.389,0.704,-0.976,1.344
2015-03-15T05:30:00Z,-1.773,3.389,0.704,-0.976,1.344
2015-03-15T05:45:00Z,-1.773,3.389,0.704,-0.976,1.344
2015-03-15T06:00:00Z,-1.696,3.331,0.704,-0.976,1.362
2015-03-15T06:15:00Z,-1.696,3.331,0.704,-0.976,1.362
2015-03-15T06:30:00Z,-1.696,3.331,0.704,-0.976,1.362
2015-03-15T06:45:00Z,-1.696,3.331,0.704,-0.976,1.362
2015-03-15T07:00:00Z,-1.731,3.228,0.704,-0.975,1.226
2015-03-15T07:15:00Z,-1.731,3.228,0.704,-0.975,1.226
2015-03-15T07:30:00Z,-1.731,3.228,0.704,-0.975,1.226
2015-03-15T07:45:00Z,-1.731,3.228,0.704,-0.975,1.226
2015-03-15T08:00:00Z,-1.799,3.531,0.704,-1.038,1.399
2015-03-15T08:15:00Z,-1.799,3.531,0.704,-1.038,1.399
2015-03-15T08:30:00Z,-1.799,3.531,0.704,-1.038,1.399
2015-03-15T08:45:00Z,-1.799,3.531,0.704,-1.038,1.399
2015-03-15T09:00:00Z,-1.846,3.483,0.704,-1.023,1.318
2015-03-15T09:15:00Z,-1.846,3.483,0.704,-1.023,1.318
2015-03-15T09:30:00Z,-1.846,3.483,0.704,-1.023,1.318
2015-03-15T09:45:00Z,-1.846,3.483,0.704,-1.023,1.318
2015-03-15T10:00:00Z,-1.824,3.784,0.704,-1.045,1.618
2015-03-15T10:15:00Z,-1.824,3.784,0.704,-1.045,1.618
2015-03-15T10:30:00Z,-1.824,3.784,0.704,-1.045,1.618
2015-03-15T10:45:00Z,-1.824,3.784,0.704,-1.045,1.618
2015-03-15T11:00:00Z,-1.993,3.684,0.704,-1.044,1.351
2015-03-15T11:15:00Z,-1.993,3.684,0.704,-1.044,1.351
2015-03-15T11:30:00Z,-1.993,3.684,0.704,-1.044,1.351
2015-03-15T11:45:00Z,-1.993,3.684,0.704,-1.044,1.351
2015-03-15T12:00:00Z,-1.833,3.508,0.704,-1.032,1.346
2015-03-15T12:15:00Z,-1.833,3.508,0.704,-1.032,1.346
2015-03-15T12:30:00Z,-1.833,3.508,0.704,-1.032,1.346
2015-03-15T12:45:00Z,-1.833,3.508,0.704,-1.032,1.346
2015-03-15T13:00:00Z,-1.739,3.507,0.704,-1.037,1.434
2015-03-15T13:15:00Z,-1.739,3.507,0.704,-1.037,1.434
2015-03-15T13:30:00Z,-1.739,3.507,0.704,-1.037,1.434
2015-03-15T13:45:00Z,-1.739,3.507,0.704,-1.037,1.434
2015-03-15T14:00:00Z,-1.735,3.406,0.704,-1.028,1.347
2015-03-15T14:15:00Z,-1.735,3.406,0.704,-1.028,1.347
2015-03-15T14:30:00Z,-1.735,3.406,0.704,-1.028,1.347
2015-03-15T14:45:00Z,-1.735,3.406,0.704,-1.028,1.347
2015-03-15T15:00:00Z,-1.671,3.421,0.704,-1.037,1.417
2015-03-15T15:15:00Z,-1.671,3.421,0.704,-1.037,1.417
2015-03-15T15:30:00Z,-1.671,3.421,0.704,-1.037,1.417
2015-03-15T15:45:00Z,-1.671,3.421,0.704,-1.037,1.417
2015-03-15T16:00:00Z,-1.508,3.417,0.704,-1.007,1.606
2015-03-15T16:15:00Z,-1.508,3.417,0.704,-1.007,1.606
2015-03-15T16:30:00Z,-1.508,3.417,0.704,-1.007,1.606
2015-03-15T16:45:00Z,-1.508,3.417,0.704,-1.007,1.606
2015-03-15T17:00:00Z,-1.339,3.07,0.704,-1.012,1.423
2015-03-15T17:15:00Z,-1.339,3.07,0.704,-1.012,1.423
2015-03-15T17:30:00Z,-1.339,3.07,0.704,-1.012,1.423
2015-03-15T17:45:00Z,-1.339,3.07,0.704,-1.012,1.423
2015-03-15T18:00:00Z,-1.555,3.082,0.704,-1.002,1.229
2015-03-15T18:15:00Z,-1.555,3.082,0.704,-1.002,1.229
2015-03-15T18:30:00Z,-1.555,3.082,0.704,-1.002,1.229
2015-03-15T18:45:00Z,-1.555,3.082,0.704,-1.002,1.229
2015-03-15T19:00:00Z,-1.689,3.176,0.704,-1.035,1.156
2015-03-15T19:15:00Z,-1.689,3.176,0.704,-1.035,1.156
2015-03-15T19:30:00Z,-1.689,3.176,0.704,-1.035,1.156
2015-03-15T19:45:00Z,-1.689,3.176,0.704,-1.035,1.156
2015-03-15T20:00:00Z,-1.835,2.885,0.704,-1.046,0.708
2015-03-15T20:15:00Z,-1.835,2.885,0.704,-1.046,0.708
2015-03-15T20:30:00Z,-1.835,2.885,0.704,-1.046,0.708
2015-03-15T20:45:00Z,-1.835,2.885,0.704,-1.046,0.708
2015-03-15T21:00:00Z,-2.204,2.846,0.704,-1.02,0.326
2015-03-15T21:15:00Z,-2.204,2.846,0.704,-1.02,0.326
2015-03-15T21:30:00Z,-2.204,2.846,0.704,-1.02,0.326
2015-03-15T21:45:00Z,-2.204,2.846,0.704,-1.02,0.326
2015-03-15T22:00:00Z,-2.516,2.748,0.704,-1.023,-0.087
2015-03-15T22:15:00Z,-2.516,2.748,0.704,-1.023,-0.087
2015-03-15T22:30:00Z,-2.516,2.748,0.704,-1.023,-0.087
2015-03-15T22:45:00Z,-2.516,2.748,0.704,-1.023,-0.087
2015-03-15T23:00:00Z,-2.225,2.888,0.704,-1.032,0.335
2015-03-15T23:15:00Z,-2.225,2.888,0.704,-1.032,0.335
2015-03-15T23:30:00Z,-2.225,2.888,0.704,-1.032,0.335
2015-03-15T23:45:00Z,-2.225,2.888,0.704,-1.032,0.335
2015-03-16T00:00:00Z,-2.292,2.943,0.704,-1.025,0.33
2015-03-16T00:15:00Z,-2.292,2.943,0.704,-1.025,0.33
2015-03-16T00:30:00Z,-2.292,2.943,0.704,-1.025,0.33
2015-03-16T00:45:00Z,-2.292,2.943,0.704,-1.025,0.33
2015-03-16T01:00:00Z,-2.186,2.914,0.704,-1.025,0.407
2015-03-16T01:15:00Z,-2.186,2.914,0.704,-1.025,0.407
2015-03-16T01:30:00Z,-2.186,2.914,0.704,-1.025,0.407
2015-03-16T01:45:00Z,-2.186,2.914,0.704,-1.025,0.407
2015-03-16T02:00:00Z,-2.046,2.826,0.704,-1.025,0.459
2015-03-16T02:15:00Z,-2.046,2.826,0.704,-1.025,0.459
2015-03-16T02:30:00Z,-2.046,2.826,0.704,-1.025,0.459
2015-03-16T02:45:00Z,-2.046,2.826,0.704,-1.025,0.459
2015-03-16T03:00:00Z,-2.119,2.929,0.704,-1.03,0.483
2015-03-16T03:15:00Z,-2.119,2.929,0.704,-1.03,0.483
2015-03-16T03:30:00Z,-2.119,2.929,0.704,-1.03,0.483
2015-03-16T03:45:00Z,-2.119,2.929,0.704,-1.03,0.483
2015-03-16T04:00:00Z,-2.095,2.882,0.704,-1.059,0.432
2015-03-16T04:15:00Z,-2.095,2.882,0.704,-1.059,0.432
2015-03-16T04:30:00Z,-2.095,2.882,0.704,-1.059,0.432
2015-03-16T04:45:00Z,-2.095,2.882,0.704,-1.059,0.432
2015-03-16T05:00:00Z,-2.288,2.774,0.704,-1.021,0.169
2015-03-16T05:15:00Z,-2.288,2.774,0.704,-1.021,0.169
2015-03-16T05:30:00Z,-2.288,2.774,0.704,-1.021,0.169
2015-03-16T05:45:00Z,-2.288,2.774,0.704,-1.021,0.169
2015-03-16T06:00:00Z,-2.179,2.9,0.509,-1.034,0.196
2015-03-16T06:15:00Z,-2.179,2.9,0.509,-1.034,0.196
2015-03-16T06:30:00Z,-2.179,2.9,0.509,-1.034,0.196
2015-03-16T06:45:00Z,-2.179,2.9,0.509,-1.034,0.196
2015-03-16T07:00:00Z,-2.019,2.724,0.504,-0.937,0.272
2015-03-16T07:15:00Z,-2.019,2.724,0.504,-0.937,0.272
2015-03-16T07:30:00Z,-2.019,2.724,0.504,-0.937,0.272
2015-03-16T07:45:00Z,-2.019,2.724,0.504,-0.937,0.272
2015-03-16T08:00:00Z,-2.016,2.862,0.504,-1.028,0.322
2015-03-16T08:15:00Z,-2.016,2.862,0.504,-1.028,0.322
2015-03-16T08:30:00Z,-2.016,2.862,0.504,-1.028,0.322
2015-03-16T08:45:00Z,-2.016,2.862,0.504,-1.028,0.322
2015-03-16T09:00:00Z,-1.987,2.933,0.504,-1.029,0.42
2015-03-16T09:15:00Z,-1.987,2.933,0.504,-1.029,0.42
2015-03-16T09:30:00Z,-1.987,2.933,0.504,-1.029,0.42
2015-03-16T09:45:00Z,-1.987,2.933,0.504,-1.029,0.42
2015-03-16T10:00:00Z,-1.79,2.745,0.504,-1.003,0.456
2015-03-16T10:15:00Z,-1.79,2.745,0.504,-1.003,0.456
2015-03-16T10:30:00Z,-1.79,2.745,0.504,-1.003,0.456
2015-03-16T10:45:00Z,-1.79,2.745,0.504,-1.003,0.456
2015-03-16T11:00:00Z,-1.72,2.587,0.504,-1.003,0.368
2015-03-16T11:15:00Z,-1.72,2.587,0.504,-1.003,0.368
2015-03-16T11:30:00Z,-1.72,2.587,0.504,-1.003,0.368
2015-03-16T11:45:00Z,-1.72,2.587,0.504,-1.003,0.368
2015-03-16T12:00:00Z,-1.434,2.89,0.504,-1.008,0.952
2015-03-16T12:15:00Z,-1.434,2.89,0.504,-1.008,0.952
2015-03-16T12:30:00Z,-1.434,2.89,0.504,-1.008,0.952
2015-03-16T12:45:00Z,-1.434,2.89,0.504,-1.008,0.952
2015-03-16T13:00:00Z,-1.354,2.798,0.504,-1.026,0.922
2015-03-16T13:15:00Z,-1.354,2.798,0.504,-1.026,0.922
2015-03-16T13:30:00Z,-1.354,2.798,0.504,-1.026,0.922
2015-03-16T13:45:00Z,-1.354,2.798,0.504,-1.026,0.922
2015-03-16T14:00:00Z,-1.634,2.953,0.504,-1.023,0.799
2015-03-16T14:15:00Z,-1.634,2.953,0.504,-1.023,0.799
2015-03-16T14:30:00Z,-1.634,2.953,0.504,-1.023,0.799
2015-03-16T14:45:00Z,-1.634,2.953,0.504,-1.023,0.799
2015-03-16T15:00:00Z,-1.666,3.014,0.504,-1.025,0.828
2015-03-16T15:15:00Z,-1.666,3.014,0.504,-1.025,0.828
2015-03-16T15:30:00Z,-1.666,3.014,0.504,-1.025,0.828
2015-03-16T15:45:00Z,-1.666,3.014,0.504,-1.025,0.828
2015-03-16T16:00:00Z,-1.769,3.116,0.504,-1.047,0.804
2015-03-16T16:15:00Z,-1.769,3.116,0.504,-1.047,0.804
2015-03-16T16:30:00Z,-1.769,3.116,0.504,-1.047,0.804
2015-03-16T16:45:00Z,-1.769,3.116,0.504,-1.047,0.804
2015-03-16T17:00:00Z,-1.853,3.089,0.504,-1.028,0.712
2015-03-16T17:15:00Z,-1.853,3.089,0.504,-1.028,0.712
2015-03-16T17:30:00Z,-1.853,3.089,0.504,-1.028,0.712
2015-03-16T17:45:00Z,-1.853,3.089,0.504,-1.028,0.712
2015-03-16T18:00:00Z,-2.095,3.566,0.504,-1.011,0.964
2015-03-16T18:15:00Z,-2.095,3.566,0.504,-1.011,0.964
2015-03-16T18:30:00Z,-2.095,3.566,0.504,-1.011,0.964
2015-03-16T18:45:00Z,-2.095,3.566,0.504,-1.011,0.964
2015-03-16T19:00:00Z,-2.423,3.698,0.504,-1.028,0.751
2015-03-16T19:15:00Z,-2.423,3.698,0.504,-1.028,0.751
2015-03-16T19:30:00Z,-2.423,3.698,0.504,-1.028,0.751
2015-03-16T19:45:00Z,-2.423,3.698,0.504,-1.028,0.751
2015-03-16T20:00:00Z,-2.036,3.297,0.504,-1.033,0.732
2015-03-16T20:15:00Z,-2.036,3.297,0.504,-1.033,0.732
2015-03-16T20:30:00Z,-2.036,3.297,0.504,-1.033,0.732
2015-03-16T20:45:00Z,-2.036,3.297,0.504,-1.033,0.732
2015-03-16T21:00:00Z,-2.205,3.23,0.504,-1.015,0.514
2015-03-16T21:15:00Z,-2.205,3.23,0.504,-1.015,0.514
2015-03-16T21:30:00Z,-2.205,3.23,0.504,-1.015,0.514
2015-03-16T21:45:00Z,-2.205,3.23,0.504,-1.015,0.514
2015-03-16T22:00:00Z,-2.503,3.573,0.504,-1.034,0.54
2015-03-16T22:15:00Z,-2.503,3.573,0.504,-1.034,0.54
2015-03-16T22:30:00Z,-2.503,3.573,0.504,-1.034,0.54
2015-03-16T22:45:00Z,-2.503,3.573,0.504,-1.034,0.54
2015-03-16T23:00:00Z,-2.258,3.305,0.504,-1.032,0.519
2015-03-16T23:15:00Z,-2.258,3.305,0.504,-1.032,0.519
2015-03-16T23:30:00Z,-2.258,3.305,0.504,-1.032,0.519
2015-03-16T23:45:00Z,-2.258,3.305,0.504,-1.032,0.519
2015-03-17T00:00:00Z,-2.194,3.218,0.504,-1.017,0.511
2015-03-17T00:15:00Z,-2.194,3.218,0.504,-1.017,0.511
2015-03-17T00:30:00Z,-2.194,3.218,0.504,-1.017,0.511
2015-03-17T00:45:00Z,-2.194,3.218,0.504,-1.017,0.511
2015-03-17T01:00:00Z,-2.238,3.241,0.504,-1.025,0.483
2015-03-17T01:15:00Z,-2.238,3.241,0.504,-1.025,0.483
2015-03-17T01:30:00Z,-2.238,3.241,0.504,-1.025,0.483
2015-03-17T01:45:00Z,-2.238,3.241,0.504,-1.025,0.483
2015-03-17T02:00:00Z,-2.02,3.222,0.504,-1.033,0.672
2015-03-17T02:15:00Z,-2.02,3.222,0.504,-1.033,0.672
2015-03-17T02:30:00Z,-2.02,3.222,0.504,-1.033,0.672
2015-03-17T02:45:00Z,-2.02,3.222,0.504,-1.033,0.672
2015-03-17T03:00:00Z,-2.145,3.385,0.504,-1.008,0.736
2015-03-17T03:15:00Z,-2.145,3.385,0.504,-1.008,0.736
2015-03-17T03:30:00Z,-2.145,3.385,0.504,-1.008,0.736
2015-03-17T03:45:00Z,-2.145,3.385,0.504,-1.008,0.736
2015-03-17T04:00:00Z,-2.06,3.264,0.504,-1.019,0.688
2015-03-17T04:15:00Z,-2.06,3.264,0.504,-1.019,0.688
2015-03-17T04:30:00Z,-2.06,3.264,0.504,-1.019,0.688
2015-03-17T04:45:00Z,-2.06,3.264,0.504,-1.019,0.688
2015-03-17T05:00:00Z,-2.067,3.337,0.504,-1.012,0.762
2015-03-17T05:15:00Z,-2.067,3.337,0.504,-1.012,0.762
2015-03-17T05:30:00Z,-2.067,3.337,0.504,-1.012,0.762
2015-03-17T05:45:00Z,-2.067,3.337,0.504,-1.012,0.762
2015-03-17T06:00:00Z,-2.128,3.398,0.502,-1.032,0.74
2015-03-17T06:15:00Z,-2.128,3.398,0.502,-1.032,0.74
2015-03-17T06:30:00Z,-2.128,3.398,0.502,-1.032,0.74
2015-03-17T06:45:00Z,-2.128,3.398,0.502,-1.032,0.74
2015-03-17T07:00:00Z,-1.453,3.3,0.426,-0.847,1.427
2015-03-17T07:15:00Z,-1.453,3.3,0.426,-0.847,1.427
2015-03-17T07:30:00Z,-1.453,3.3,0.426,-0.847,1.427
2015-03-17T07:45:00Z,-1.453,3.3,0.426,-0.847,1.427
2015-03-17T08:00:00Z,-1.57,3.383,0.424,-0.872,1.365
2015-03-17T08:15:00Z,-1.57,3.383,0.424,-0.872,1.365
2015-03-17T08:30:00Z,-1.57,3.383,0.424,-0.872,1.365
2015-03-17T08:45:00Z,-1.57,3.383,0.424,-0.872,1.365
2015-03-17T09:00:00Z,-1.863,3.553,0.424,-1.027,1.088
2015-03-17T09:15:00Z,-1.863,3.553,0.424,-1.027,1.088
2015-03-17T09:30:00Z,-1.863,3.553,0.424,-1.027,1.088
2015-03-17T09:45:00Z,-1.863,3.553,0.424,-1.027,1.088
2015-03-17T10:00:00Z,-1.622,3.233,0.424,-1.031,1.004
2015-03-17T10:15:00Z,-1.622,3.233,0.424,-1.031,1.004
2015-03-17T10:30:00Z,-1.622,3.233,0.424,-1.031,1.004
2015-03-17T10:45:00Z,-1.622,3.233,0.424,-1.031,1.004
2015-03-17T11:00:00Z,-1.614,3.269,0.424,-1.036,1.043
2015-03-17T11:15:00Z,-1.614,3.269,0.424,-1.036,1.043
2015-03-17T11:30:00Z,-1.614,3.269,0.424,-1.036,1.043
2015-03-17T11:45:00Z,-1.614,3.269,0.424,-1.036,1.043
2015-03-17T12:00:00Z,-1.734,3.325,0.424,-1.035,0.981
2015-03-17T12:15:00Z,-1.734,3.325,0.424,-1.035,0.981
2015-03-17T12:30:00Z,-1.734,3.325,0.424,-1.035,0.981
2015-03-17T12:45:00Z,-1.734,3.325,0.424,-1.035,0.981
2015-03-17T13:00:00Z,-1.739,3.379,0.424,-1.03,1.034
2015-03-17T13:15:00Z,-1.739,3.379,0.424,-1.03,1.034
2015-03-17T13:30:00Z,-1.739,3.379,0.424,-1.03,1.034
2015-03-17T13:45:00Z,-1.739,3.379,0.424,-1.03,1.034
2015-03-17T14:00:00Z,-1.854,3.561,0.426,-1.032,1.101
2015-03-17T14:15:00Z,-1.854,3.561,0.426,-1.032,1.101
2015-03-17T14:30:00Z,-1.854,3.561,0.426,-1.032,1.101
2015-03-17T14:45:00Z,-1.854,3.561,0.426,-1.032,1.101
2015-03-17T15:00:00Z,-1.969,3.626,0.502,-1.045,1.114
2015-03-17T15:15:00Z,-1.969,3.626,0.502,-1.045,1.114
2015-03-17T15:30:00Z,-1.969,3.626,0.502,-1.045,1.114
2015-03-17T15:45:00Z,-1.969,3.626,0.502,-1.045,1.114
2015-03-17T16:00:00Z,-1.854,3.487,0.504,-1.038,1.099
2015-03-17T16:15:00Z,-1.854,3.487,0.504,-1.038,1.099
2015-03-17T16:30:00Z,-1.854,3.487,0.504,-1.038,1.099
2015-03-17T16:45:00Z,-1.854,3.487,0.504,-1.038,1.099
2015-03-17T17:00:00Z,-1.875,3.101,0.504,-1.016,0.714
2015-03-17T17:15:00Z,-1.875,3.101,0.504,-1.016,0.714
2015-03-17T17:30:00Z,-1.875,3.101,0.504,-1.016,0.714
2015-03-17T17:45:00Z,-1.875,3.101,0.504,-1.016,0.714
2015-03-17T18:00:00Z,-2.003,3.624,0.504,-1.004,1.121
2015-03-17T18:15:00Z,-2.003,3.624,0.504,-1.004,1.121
2015-03-17T18:30:00Z,-2.003,3.624,0.504,-1.004,1.121
2015-03-17T18:45:00Z,-2.003,3.624,0.504,-1.004,1.121
2015-03-17T19:00:00Z,-2.251,3.706,0.504,-1.03,0.929
2015-03-17T19:15:00Z,-2.251,3.706,0.504,-1.03,0.929
2015-03-17T19:30:00Z,-2.251,3.706,0.504,-1.03,0.929
2015-03-17T19:45:00Z,-2.251,3.706,0.504,-1.03,0.929
2015-03-17T20:00:00Z,-2.205,3.631,0.504,-1.029,0.901
2015-03-17T20:15:00Z,-2.205,3.631,0.504,-1.029,0.901
2015-03-17T20:30:00Z,-2.205,3.631,0.504,-1.029,0.901
2015-03-17T20:45:00Z,-2.205,3.631,0.504,-1.029,0.901
2015-03-17T21:00:00Z,-2.318,3.708,0.504,-1.028,0.866
2015-03-17T21:15:00Z,-2.318,3.708,0.504,-1.028,0.866
2015-03-17T21:30:00Z,-2.318,3.708,0.504,-1.028,0.866
2015-03-17T21:45:00Z,-2.318,3.708,0.504,-1.028,0.866
2015-03-17T22:00:00Z,-2.242,3.82,0.508,-1.038,1.048
2015-03-17T22:15:00Z,-2.242,3.82,0.508,-1.038,1.048
2015-03-17T22:30:00Z,-2.242,3.82,0.508,-1.038,1.048
2015-03-17T22:45:00Z,-2.242,3.82,0.508,-1.038,1.048
2015-03-17T23:00:00Z,-2.299,3.709,0.7,-1.007,1.103
2015-03-17T23:15:00Z,-2.299,3.709,0.7,-1.007,1.103
2015-03-17T23:30:00Z,-2.299,3.709,0.7,-1.007,1.103
2015-03-17T23:45:00Z,-2.299,3.709,0.7,-1.007,1.103
2015-03-18T00:00:00Z,-2.223,3.605,0.705,-1.024,1.063
2015-03-18T00:15:00Z,-2.223,3.605,0.705,-1.024,1.063
2015-03-18T00:30:00Z,-2.223,3.605,0.705,-1.024,1.063
2015-03-18T00:45:00Z,-2.223,3.605,0.705,-1.024,1.063
2015-03-18T01:00:00Z,-2.047,3.453,0.705,-1.006,1.105
2015-03-18T01:15:00Z,-2.047,3.453,0.705,-1.006,1.105
2015-03-18T01:30:00Z,-2.047,3.453,0.705,-1.006,1.105
2015-03-18T01:45:00Z,-2.047,3.453,0.705,-1.006,1.105
2015-03-18T02:00:00Z,-1.996,3.435,0.704,-1.011,1.132
2015-03-18T02:15:00Z,-1.996,3.435,0.704,-1.011,1.132
2015-03-18T02:30:00Z,-1.996,3.435,0.704,-1.011,1.132
2015-03-18T02:45:00Z,-1.996,3.435,0.704,-1.011,1.132
2015-03-18T03:00:00Z,-1.928,3.371,0.704,-1.023,1.124
2015-03-18T03:15:00Z,-1.928,3.371,0.704,-1.023,1.124
2015-03-18T03:30:00Z,-1.928,3.371,0.704,-1.023,1.124
2015-03-18T03:45:00Z,-1.928,3.371,0.704,-1.023,1.124
2015-03-18T04:00:00Z,-1.843,3.189,0.704,-1.028,1.022
2015-03-18T04:15:00Z,-1.843,3.189,0.704,-1.028,1.022
2015-03-18T04:30:00Z,-1.843,3.189,0.704,-1.028,1.022
2015-03-18T04:45:00Z,-1.843,3.189,0.704,-1.028,1.022
2015-03-18T05:00:00Z,-2.039,3.104,0.704,-1.041,0.727
2015-03-18T05:15:00Z,-2.039,3.104,0.704,-1.041,0.727
2015-03-18T05:30:00Z,-2.039,3.104,0.704,-1.041,0.727
2015-03-18T05:45:00Z,-2.039,3.104,0.704,-1.041,0.727
2015-03-18T06:00:00Z,-2.158,3.496,0.704,-1.036,1.006
2015-03-18T06:15:00Z,-2.158,3.496,0.704,-1.036,1.006
2015-03-18T06:30:00Z,-2.158,3.496,0.704,-1.036,1.006
2015-03-18T06:45:00Z,-2.158,3.496,0.704,-1.036,1.006
2015-03-18T07:00:00Z,-2.006,3.656,0.704,-1.034,1.321
2015-03-18T07:15:00Z,-2.006,3.656,0.704,-1.034,1.321
2015-03-18T07:30:00Z,-2.006,3.656,0.704,-1.034,1.321
2015-03-18T07:45:00Z,-2.006,3.656,0.704,-1.034,1.321
2015-03-18T08:00:00Z,-2.018,3.693,0.704,-1.018,1.361
2015-03-18T08:15:00Z,-2.018,3.693,0.704,-1.018,1.361
2015-03-18T08:30:00Z,-2.018,3.693,0.704,-1.018,1.361
2015-03-18T08:45:00Z,-2.018,3.693,0.704,-1.018,1.361
2015-03-18T09:00:00Z,-2.254,3.734,0.704,-1.039,1.145
2015-03-18T09:15:00Z,-2.254,3.734,0.704,-1.039,1.145
2015-03-18T09:30:00Z,-2.254,3.734,0.704,-1.039,1.145
2015-03-18T09:45:00Z,-2.254,3.734,0.704,-1.039,1.145
2015-03-18T10:00:00Z,-2.191,3.789,0.704,-1.028,1.273
2015-03-18T10:15:00Z,-2.191,3.789,0.704,-1.028,1.273
2015-03-18T10:30:00Z,-2.191,3.789,0.704,-1.028,1.273
2015-03-18T10:45:00Z,-2.191,3.789,0.704,-1.028,1.273
2015-03-18T11:00:00Z,-2.077,3.549,0.705,-1.035,1.142
2015-03-18T11:15:00Z,-2.077,3.549,0.705,-1.035,1.142
2015-03-18T11:30:00Z,-2.077,3.549,0.705,-1.035,1.142
2015-03-18T11:45:00Z,-2.077,3.549,0.705,-1.035,1.142
2015-03-18T12:00:00Z,-2.052,3.626,0.705,-1.046,1.233
2015-03-18T12:15:00Z,-2.052,3.626,0.705,-1.046,1.233
2015-03-18T12:30:00Z,-2.052,3.626,0.705,-1.046,1.233
2015-03-18T12:45:00Z,-2.052,3.626,0.705,-1.046,1.233
2015-03-18T13:00:00Z,-2.089,3.604,0.705,-1.028,1.192
2015-03-18T13:15:00Z,-2.089,3.604,0.705,-1.028,1.192
2015-03-18T13:30:00Z,-2.089,3.604,0.705,-1.028,1.192
2015-03-18T13:45:00Z,-2.089,3.604,0.705,-1.028,1.192
2015-03-18T14:00:00Z,-2.009,3.806,0.705,-1.035,1.467
2015-03-18T14:15:00Z,-2.009,3.806,0.705,-1.035,1.467
2015-03-18T14:30:00Z,-2.009,3.806,0.705,-1.035,1.467
2015-03-18T14:45:00Z,-2.009,3.806,0.705,-1.035,1.467
2015-03-18T15:00:00Z,-1.822,3.409,0.704,-1.043,1.247
2015-03-18T15:15:00Z,-1.822,3.409,0.704,-1.043,1.247
2015-03-18T15:30:00Z,-1.822,3.409,0.704,-1.043,1.247
2015-03-18T15:45:00Z,-1.822,3.409,0.704,-1.043,1.247
2015-03-18T16:00:00Z,-1.54,3.049,0.704,-1.002,1.212
2015-03-18T16:15:00Z,-1.54,3.049,0.704,-1.002,1.212
2015-03-18T16:30:00Z,-1.54,3.049,0.704,-1.002,1.212
2015-03-18T16:45:00Z,-1.54,3.049,0.704,-1.002,1.212
2015-03-18T17:00:00Z,-1.544,2.378,0.704,-1.008,0.53
2015-03-18T17:15:00Z,-1.544,2.378,0.704,-1.008,0.53
2015-03-18T17:30:00Z,-1.544,2.378,0.704,-1.008,0.53
2015-03-18T17:45:00Z,-1.544,2.378,0.704,-1.008,0.53
2015-03-18T18:00:00Z,-1.813,2.817,0.704,-1.025,0.683
2015-03-18T18:15:00Z,-1.813,2.817,0.704,-1.025,0.683
2015-03-18T18:30:00Z,-1.813,2.817,0.704,-1.025,0.683
2015-03-18T18:45:00Z,-1.813,2.817,0.704,-1.025,0.683
2015-03-18T19:00:00Z,-2.251,3.282,0.704,-1.024,0.711
2015-03-18T19:15:00Z,-2.251,3.282,0.704,-1.024,0.711
2015-03-18T19:30:00Z,-2.251,3.282,0.704,-1.024,0.711
2015-03-18T19:45:00Z,-2.251,3.282,0.704,-1.024,0.711
2015-03-18T20:00:00Z,-2.21,3.38,0.704,-1.029,0.845
2015-03-18T20:15:00Z,-2.21,3.38,0.704,-1.029,0.845
2015-03-18T20:30:00Z,-2.21,3.38,0.704,-1.029,0.845
2015-03-18T20:45:00Z,-2.21,3.38,0.704,-1.029,0.845
2015-03-18T21:00:00Z,-2.289,3.38,0.704,-1.02,0.775
2015-03-18T21:15:00Z,-2.289,3.38,0.704,-1.02,0.775
2015-03-18T21:30:00Z,-2.289,3.38,0.704,-1.02,0.775
2015-03-18T21:45:00Z,-2.289,3.38,0.704,-1.02,0.775
2015-03-18T22:00:00Z,-2.247,3.42,0.704,-1.035,0.842
2015-03-18T22:15:00Z,-2.247,3.42,0.704,-1.035,0.842
2015-03-18T22:30:00Z,-2.247,3.42,0.704,-1.035,0.842
2015-03-18T22:45:00Z,-2.247,3.42,0.704,-1.035,0.842
2015-03-18T23:00:00Z,-2.179,3.837,0.704,-1.014,1.348
2015-03-18T23:15:00Z,-2.179,3.837,0.704,-1.014,1.348
2015-03-18T23:30:00Z,-2.179,3.837,0.704,-1.014,1.348
2015-03-18T23:45:00Z,-2.179,3.837,0.704,-1.014,1.348
2015-03-19T00:00:00Z,-2.196,3.651,0.704,-1.017,1.141
2015-03-19T00:15:00Z,-2.196,3.651,0.704,-1.017,1.141
2015-03-19T00:30:00Z,-2.196,3.651,0.704,-1.017,1.141
2015-03-19T00:45:00Z,-2.196,3.651,0.704,-1.017,1.141
2015-03-19T01:00:00Z,-2.167,3.796,0.704,-0.999,1.334
2015-03-19T01:15:00Z,-2.167,3.796,0.704,-0.999,1.334
2015-03-19T01:30:00Z,-2.167,3.796,0.704,-0.999,1.334
2015-03-19T01:45:00Z,-2.167,3.796,0.704,-0.999,1.334
2015-03-19T02:00:00Z,-1.974,3.776,0.704,-0.997,1.509
2015-03-19T02:15:00Z,-1.974,3.776,0.704,-0.997,1.509
2015-03-19T02:30:00Z,-1.974,3.776,0.704,-0.997,1.509
2015-03-19T02:45:00Z,-1.974,3.776,0.704,-0.997,1.509
2015-03-19T03:00:00Z,-1.866,3.516,0.704,-1.002,1.352
2015-03-19T03:15:00Z,-1.866,3.516,0.704,-1.002,1.352
2015-03-19T03:30:00Z,-1.866,3.516,0.704,-1.002,1.352
2015-03-19T03:45:00Z,-1.866,3.516,0.704,-1.002,1.352
2015-03-19T04:00:00Z,-2.055,3.425,0.704,-1.02,1.054
2015-03-19T04:15:00Z,-2.055,3.425,0.704,-1.02,1.054
2015-03-19T04:30:00Z,-2.055,3.425,0.704,-1.02,1.054
2015-03-19T04:45:00Z,-2.055,3.425,0.704,-1.02,1.054
2015-03-19T05:00:00Z,-2.055,3.058,0.704,-1.041,0.667
2015-03-19T05:15:00Z,-2.055,3.058,0.704,-1.041,0.667
2015-03-19T05:30:00Z,-2.055,3.058,0.704,-1.041,0.667
2015-03-19T05:45:00Z,-2.055,3.058,0.704,-1.041,0.667
2015-03-19T06:00:00Z,-2.022,3.146,0.704,-1.025,0.803
2015-03-19T06:15:00Z,-2.022,3.146,0.704,-1.025,0.803
2015-03-19T06:30:00Z,-2.022,3.146,0.704,-1.025,0.803
2015-03-19T06:45:00Z,-2.022,3.146,0.704,-1.025,0.803
2015-03-19T07:00:00Z,-1.866,3.311,0.704,-1.04,1.109
2015-03-19T07:15:00Z,-1.866,3.311,0.704,-1.04,1.109
2015-03-19T07:30:00Z,-1.866,3.311,0.704,-1.04,1.109
2015-03-19T07:45:00Z,-1.866,3.311,0.704,-1.04,1.109
2015-03-19T08:00:00Z,-1.991,3.605,0.704,-0.934,1.384
2015-03-19T08:15:00Z,-1.991,3.605,0.704,-0.934,1.384
2015-03-19T08:30:00Z,-1.991,3.605,0.704,-0.934,1.384
2015-03-19T08:45:00Z,-1.991,3.605,0.704,-0.934,1.384
2015-03-19T09:00:00Z,-2.056,3.632,0.704,-1.016,1.263
2015-03-19T09:15:00Z,-2.056,3.632,0.704,-1.016,1.263
2015-03-19T09:30:00Z,-2.056,3.632,0.704,-1.016,1.263
2015-03-19T09:45:00Z,-2.056,3.632,0.704,-1.016,1.263
2015-03-19T10:00:00Z,-2.267,3.78,0.704,-1.051,1.166
2015-03-19T10:15:00Z,-2.267,3.78,0.704,-1.051,1.166
2015-03-19T10:30:00Z,-2.267,3.78,0.704,-1.051,1.166
2015-03-19T10:45:00Z,-2.267,3.78,0.704,-1.051,1.166
2015-03-19T11:00:00Z,-2.388,3.775,0.704,-1.046,1.045
2015-03-19T11:15:00Z,-2.388,3.775,0.704,-1.046,1.045
2015-03-19T11:30:00Z,-2.388,3.775,0.704,-1.046,1.045
2015-03-19T11:45:00Z,-2.388,3.775,0.704,-1.046,1.045
2015-03-19T12:00:00Z,-2.28,3.735,0.704,-1.038,1.121
2015-03-19T12:15:00Z,-2.28,3.735,0.704,-1.038,1.121
2015-03-19T12:30:00Z,-2.28,3.735,0.704,-1.038,1.121
2015-03-19T12:45:00Z,-2.28,3.735,0.704,-1.038,1.121
2015-03-19T13:00:00Z,-2.264,3.628,0.704,-1.029,1.039
2015-03-19T13:15:00Z,-2.264,3.628,0.704,-1.029,1.039
2015-03-19T13:30:00Z,-2.264,3.628,0.704,-1.029,1.039
2015-03-19T13:45:00Z,-2.264,3.628,0.704,-1.029,1.039
2015-03-19T14:00:00Z,-2.27,3.64,0.704,-1.02,1.054
2015-03-19T14:15:00Z,-2.27,3.64,0.704,-1.02,1.054
2015-03-19T14:30:00Z,-2.27,3.64,0.704,-1.02,1.054
2015-03-19T14:45:00Z,-2.27,3.64,0.704,-1.02,1.054
2015-03-19T15:00:00Z,-2.19,3.504,0.704,-1.03,0.988
2015-03-19T15:15:00Z,-2.19,3.504,0.704,-1.03,0.988
2015-03-19T15:30:00Z,-2.19,3.504,0.704,-1.03,0.988
2015-03-19T15:45:00Z,-2.19,3.504,0.704,-1.03,0.988
2015-03-19T16:00:00Z,-1.832,2.811,0.705,-1.037,0.647
2015-03-19T16:15:00Z,-1.832,2.811,0.705,-1.037,0.647
2015-03-19T16:30:00Z,-1.832,2.811,0.705,-1.037,0.647
2015-03-19T16:45:00Z,-1.832,2.811,0.705,-1.037,0.647
2015-03-19T17:00:00Z,-1.85,1.732,0.704,-1.038,-0.452
2015-03-19T17:15:00Z,-1.85,1.732,0.704,-1.038,-0.452
2015-03-19T17:30:00Z,-1.85,1.732,0.704,-1.038,-0.452
2015-03-19T17:45:00Z,-1.85,1.732,0.704,-1.038,-0.452
2015-03-19T18:00:00Z,-1.92,2.161,0.704,-1.026,-0.081
2015-03-19T18:15:00Z,-1.92,2.161,0.704,-1.026,-0.081
2015-03-19T18:30:00Z,-1.92,2.161,0.704,-1.026,-0.081
2015-03-19T18:45:00Z,-1.92,2.161,0.704,-1.026,-0.081
2015-03-19T19:00:00Z,-2.05,2.607,0.704,-1.01,0.251
2015-03-19T19:15:00Z,-2.05,2.607,0.704,-1.01,0.251
2015-03-19T19:30:00Z,-2.05,2.607,0.704,-1.01,0.251
2015-03-19T19:45:00Z,-2.05,2.607,0.704,-1.01,0.251
2015-03-19T20:00:00Z,-2.133,3.158,0.704,-1.023,0.707
2015-03-19T20:15:00Z,-2.133,3.158,0.704,-1.023,0.707
2015-03-19T20:30:00Z,-2.133,3.158,0.704,-1.023,0.707
2015-03-19T20:45:00Z,-2.133,3.158,0.704,-1.023,0.707
2015-03-19T21:00:00Z,-2.287,3.699,0.705,-1.021,1.096
2015-03-19T21:15:00Z,-2.287,3.699,0.705,-1.021,1.096
2015-03-19T21:30:00Z,-2.287,3.699,0.705,-1.021,1.096
2015-03-19T21:45:00Z,-2.287,3.699,0.705,-1.021,1.096
2015-03-19T22:00:00Z,-2.516,3.974,0.705,-1.041,1.122
2015-03-19T22:15:00Z,-2.516,3.974,0.705,-1.041,1.122
2015-03-19T22:30:00Z,-2.516,3.974,0.705,-1.041,1.122
2015-03-19T22:45:00Z,-2.516,3.974,0.705,-1.041,1.122
2015-03-19T23:00:00Z,-2.707,3.717,0.704,-1.021,0.693
2015-03-19T23:15:00Z,-2.707,3.717,0.704,-1.021,0.693
2015-03-19T23:30:00Z,-2.707,3.717,0.704,-1.021,0.693
2015-03-19T23:45:00Z,-2.707,3.717,0.704,-1.021,0.693
2015-03-20T00:00:00Z,-2.68,3.613,0.704,-1.017,0.62
2015-03-20T00:15:00Z,-2.68,3.613,0.704,-1.017,0.62
2015-03-20T00:30:00Z,-2.68,3.613,0.704,-1.017,0.62
2015-03-20T00:45:00Z,-2.68,3.613,0.704,-1.017,0.62
2015-03-20T01:00:00Z,-2.577,3.537,0.704,-0.996,0.669
2015-03-20T01:15:00Z,-2.577,3.537,0.704,-0.996,0.669
2015-03-20T01:30:00Z,-2.577,3.537,0.704,-0.996,0.669
2015-03-20T01:45:00Z,-2.577,3.537,0.704,-0.996,0.669
2015-03-20T02:00:00Z,-1.933,3.396,0.704,-0.996,1.171
2015-03-20T02:15:00Z,-1.933,3.396,0.704,-0.996,1.171
2015-03-20T02:30:00Z,-1.933,3.396,0.704,-0.996,1.171
2015-03-20T02:45:00Z,-1.933,3.396,0.704,-0.996,1.171
2015-03-20T03:00:00Z,-1.561,3.118,0.704,-1.032,1.229
2015-03-20T03:15:00Z,-1.561,3.118,0.704,-1.032,1.229
2015-03-20T03:30:00Z,-1.561,3.118,0.704,-1.032,1.229
2015-03-20T03:45:00Z,-1.561,3.118,0.704,-1.032,1.229
2015-03-20T04:00:00Z,-1.897,3.326,0.704,-1.044,1.089
2015-03-20T04:15:00Z,-1.897,3.326,0.704,-1.044,1.089
2015-03-20T04:30:00Z,-1.897,3.326,0.704,-1.044,1.089
2015-03-20T04:45:00Z,-1.897,3.326,0.704,-1.044,1.089
2015-03-20T05:00:00Z,-1.867,3.078,0.704,-1.024,0.891
2015-03-20T05:15:00Z,-1.867,3.078,0.704,-1.024,0.891
2015-03-20T05:30:00Z,-1.867,3.078,0.704,-1.024,0.891
2015-03-20T05:45:00Z,-1.867,3.078,0.704,-1.024,0.891
2015-03-20T06:00:00Z,-2.109,3.576,0.696,-1.02,1.143
2015-03-20T06:15:00Z,-2.109,3.576,0.696,-1.02,1.143
2015-03-20T06:30:00Z,-2.109,3.576,0.696,-1.02,1.143
2015-03-20T06:45:00Z,-2.109,3.576,0.696,-1.02,1.143
2015-03-20T07:00:00Z,-1.847,3.878,0.364,-0.83,1.565
2015-03-20T07:15:00Z,-1.847,3.878,0.364,-0.83,1.565
2015-03-20T07:30:00Z,-1.847,3.878,0.364,-0.83,1.565
2015-03-20T07:45:00Z,-1.847,3.878,0.364,-0.83,1.565
2015-03-20T08:00:00Z,-1.767,4.018,0.353,-0.829,1.775
2015-03-20T08:15:00Z,-1.767,4.018,0.353,-0.829,1.775
2015-03-20T08:30:00Z,-1.767,4.018,0.353,-0.829,1.775
2015-03-20T08:45:00Z,-1.767,4.018,0.353,-0.829,1.775
2015-03-20T09:00:00Z,-1.321,3.612,0.353,-0.829,1.816
2015-03-20T09:15:00Z,-1.321,3.612,0.353,-0.829,1.816
2015-03-20T09:30:00Z,-1.321,3.612,0.353,-0.829,1.816
2015-03-20T09:45:00Z,-1.321,3.612,0.353,-0.829,1.816
2015-03-20T10:00:00Z,-1.681,4.122,0.353,-0.807,1.988
2015-03-20T10:15:00Z,-1.681,4.122,0.353,-0.807,1.988
2015-03-20T10:30:00Z,-1.681,4.122,0.353,-0.807,1.988
2015-03-20T10:45:00Z,-1.681,4.122,0.353,-0.807,1.988
2015-03-20T11:00:00Z,-1.744,4.402,0.361,-0.815,2.204
2015-03-20T11:15:00Z,-1.744,4.402,0.361,-0.815,2.204
2015-03-20T11:30:00Z,-1.744,4.402,0.361,-0.815,2.204
2015-03-20T11:45:00Z,-1.744,4.402,0.361,-0.815,2.204
2015-03-20T12:00:00Z,-2.04,4.186,0.695,-1.03,1.81
2015-03-20T12:15:00Z,-2.04,4.186,0.695,-1.03,1.81
2015-03-20T12:30:00Z,-2.04,4.186,0.695,-1.03,1.81
2015-03-20T12:45:00Z,-2.04,4.186,0.695,-1.03,1.81
2015-03-20T13:00:00Z,-2.174,4.49,0.704,-1.003,2.017
2015-03-20T13:15:00Z,-2.174,4.49,0.704,-1.003,2.017
2015-03-20T13:30:00Z,-2.174,4.49,0.704,-1.003,2.017
2015-03-20T13:45:00Z,-2.174,4.49,0.704,-1.003,2.017
2015-03-20T14:00:00Z,-2.181,4.343,0.704,-1.032,1.834
2015-03-20T14:15:00Z,-2.181,4.343,0.704,-1.032,1.834
2015-03-20T14:30:00Z,-2.181,4.343,0.704,-1.032,1.834
2015-03-20T14:45:00Z,-2.181,4.343,0.704,-1.032,1.834
2015-03-20T15:00:00Z,-2.096,4.123,0.704,-1.048,1.683
2015-03-20T15:15:00Z,-2.096,4.123,0.704,-1.048,1.683
2015-03-20T15:30:00Z,-2.096,4.123,0.704,-1.048,1.683
2015-03-20T15:45:00Z,-2.096,4.123,0.704,-1.048,1.683
2015-03-20T16:00:00Z,-1.937,3.935,0.704,-1.049,1.653
2015-03-20T16:15:00Z,-1.937,3.935,0.704,-1.049,1.653
2015-03-20T16:30:00Z,-1.937,3.935,0.704,-1.049,1.653
2015-03-20T16:45:00Z,-1.937,3.935,0.704,-1.049,1.653
2015-03-20T17:00:00Z,-1.763,2.901,0.704,-1.026,0.816
2015-03-20T17:15:00Z,-1.763,2.901,0.704,-1.026,0.816
2015-03-20T17:30:00Z,-1.763,2.901,0.704,-1.026,0.816
2015-03-20T17:45:00Z,-1.763,2.901,0.704,-1.026,0.816
2015-03-20T18:00:00Z,-1.904,3.256,0.704,-1.017,1.039
2015-03-20T18:15:00Z,-1.904,3.256,0.704,-1.017,1.039
2015-03-20T18:30:00Z,-1.904,3.256,0.704,-1.017,1.039
2015-03-20T18:45:00Z,-1.904,3.256,0.704,-1.017,1.039
2015-03-20T19:00:00Z,-2.186,3.632,0.704,-1.017,1.133
2015-03-20T19:15:00Z,-2.186,3.632,0.704,-1.017,1.133
2015-03-20T19:30:00Z,-2.186,3.632,0.704,-1.017,1.133
2015-03-20T19:45:00Z,-2.186,3.632,0.704,-1.017,1.133
2015-03-20T20:00:00Z,-1.972,3.406,0.704,-1.031,1.107
2015-03-20T20:15:00Z,-1.972,3.406,0.704,-1.031,1.107
2015-03-20T20:30:00Z,-1.972,3.406,0.704,-1.031,1.107
2015-03-20T20:45:00Z,-1.972,3.406,0.704,-1.031,1.107
2015-03-20T21:00:00Z,-2.215,3.61,0.704,-1.026,1.074
2015-03-20T21:15:00Z,-2.215,3.61,0.704,-1.026,1.074
2015-03-20T21:30:00Z,-2.215,3.61,0.704,-1.026,1.074
2015-03-20T21:45:00Z,-2.215,3.61,0.704,-1.026,1.074
2015-03-20T22:00:00Z,-2.426,3.768,0.704,-1.058,0.988
2015-03-20T22:15:00Z,-2.426,3.768,0.704,-1.058,0.988
2015-03-20T22:30:00Z,-2.426,3.768,0.704,-1.058,0.988
2015-03-20T22:45:00Z,-2.426,3.768,0.704,-1.058,0.988
2015-03-20T23:00:00Z,-2.558,3.872,0.704,-1.032,0.986
2015-03-20T23:15:00Z,-2.558,3.872,0.704,-1.032,0.986
2015-03-20T23:30:00Z,-2.558,3.872,0.704,-1.032,0.986
2015-03-20T23:45:00Z,-2.558,3.872,0.704,-1.032,0.986
2015-03-21T00:00:00Z,-2.367,3.757,0.704,-1,1.094
2015-03-21T00:15:00Z,-2.367,3.757,0.704,-1,1.094
2015-03-21T00:30:00Z,-2.367,3.757,0.704,-1,1.094
2015-03-21T00:45:00Z,-2.367,3.757,0.704,-1,1.094
2015-03-21T01:00:00Z,-2.208,3.662,0.704,-0.997,1.162
2015-03-21T01:15:00Z,-2.208,3.662,0.704,-0.997,1.162
2015-03-21T01:30:00Z,-2.208,3.662,0.704,-0.997,1.162
2015-03-21T01:45:00Z,-2.208,3.662,0.704,-0.997,1.162
2015-03-21T02:00:00Z,-2.18,3.659,0.704,-0.988,1.195
2015-03-21T02:15:00Z,-2.18,3.659,0.704,-0.988,1.195
2015-03-21T02:30:00Z,-2.18,3.659,0.704,-0.988,1.195
2015-03-21T02:45:00Z,-2.18,3.659,0.704,-0.988,1.195
2015-03-21T03:00:00Z,-2.202,3.465,0.704,-1.01,0.957
2015-03-21T03:15:00Z,-2.202,3.465,0.704,-1.01,0.957
2015-03-21T03:30:00Z,-2.202,3.465,0.704,-1.01,0.957
2015-03-21T03:45:00Z,-2.202,3.465,0.704,-1.01,0.957
2015-03-21T04:00:00Z,-1.862,3.21,0.704,-1,1.053
2015-03-21T04:15:00Z,-1.862,3.21,0.704,-1,1.053
2015-03-21T04:30:00Z,-1.862,3.21,0.704,-1,1.053
2015-03-21T04:45:00Z,-1.862,3.21,0.704,-1,1.053
2015-03-21T05:00:00Z,-1.899,3.274,0.704,-1.012,1.067
2015-03-21T05:15:00Z,-1.899,3.274,0.704,-1.012,1.067
2015-03-21T05:30:00Z,-1.899,3.274,0.704,-1.012,1.067
2015-03-21T05:45:00Z,-1.899,3.274,0.704,-1.012,1.067
2015-03-21T06:00:00Z,-1.872,3.299,0.704,-1.018,1.113
2015-03-21T06:15:00Z,-1.872,3.299,0.704,-1.018,1.113
2015-03-21T06:30:00Z,-1.872,3.299,0.704,-1.018,1.113
2015-03-21T06:45:00Z,-1.872,3.299,0.704,-1.018,1.113
2015-03-21T07:00:00Z,-1.988,3.428,0.704,-1.013,1.131
2015-03-21T07:15:00Z,-1.988,3.428,0.704,-1.013,1.131
2015-03-21T07:30:00Z,-1.988,3.428,0.704,-1.013,1.131
2015-03-21T07:45:00Z,-1.988,3.428,0.704,-1.013,1.131
2015-03-21T08:00:00Z,-2.069,3.529,0.704,-1.02,1.144
2015-03-21T08:15:00Z,-2.069,3.529,0.704,-1.02,1.144
2015-03-21T08:30:00Z,-2.069,3.529,0.704,-1.02,1.144
2015-03-21T08:45:00Z,-2.069,3.529,0.704,-1.02,1.144
2015-03-21T09:00:00Z,-2.066,3.503,0.704,-1.056,1.085
2015-03-21T09:15:00Z,-2.066,3.503,0.704,-1.056,1.085
2015-03-21T09:30:00Z,-2.066,3.503,0.704,-1.056,1.085
2015-03-21T09:45:00Z,-2.066,3.503,0.704,-1.056,1.085
2015-03-21T10:00:00Z,-1.993,3.393,0.704,-1.053,1.051
2015-03-21T10:15:00Z,-1.993,3.393,0.704,-1.053,1.051
2015-03-21T10:30:00Z,-1.993,3.393,0.704,-1.053,1.051
2015-03-21T10:45:00Z,-1.993,3.393,0.704,-1.053,1.051
2015-03-21T11:00:00Z,-2.001,3.236,0.704,-1.047,0.892
2015-03-21T11:15:00Z,-2.001,3.236,0.704,-1.047,0.892
2015-03-21T11:30:00Z,-2.001,3.236,0.704,-1.047,0.892
2015-03-21T11:45:00Z,-2.001,3.236,0.704,-1.047,0.892
2015-03-21T12:00:00Z,-1.742,3.035,0.704,-1.024,0.973
2015-03-21T12:15:00Z,-1.742,3.035,0.704,-1.024,0.973
2015-03-21T12:30:00Z,-1.742,3.035,0.704,-1.024,0.973
2015-03-21T12:45:00Z,-1.742,3.035,0.704,-1.024,0.973
2015-03-21T13:00:00Z,-1.725,3.067,0.704,-1.028,1.018
2015-03-21T13:15:00Z,-1.725,3.067,0.704,-1.028,1.018
2015-03-21T13:30:00Z,-1.725,3.067,0.704,-1.028,1.018
2015-03-21T13:45:00Z,-1.725,3.067,0.704,-1.028,1.018
2015-03-21T14:00:00Z,-1.825,2.955,0.704,-1.045,0.788
2015-03-21T14:15:00Z,-1.825,2.955,0.704,-1.045,0.788
2015-03-21T14:30:00Z,-1.825,2.955,0.704,-1.045,0.788
2015-03-21T14:45:00Z,-1.825,2.955,0.704,-1.045,0.788
2015-03-21T15:00:00Z,-1.923,2.868,0.704,-1.038,0.611
2015-03-21T15:15:00Z,-1.923,2.868,0.704,-1.038,0.611
2015-03-21T15:30:00Z,-1.923,2.868,0.704,-1.038,0.611
2015-03-21T15:45:00Z,-1.923,2.868,0.704,-1.038,0.611
2015-03-21T16:00:00Z,-1.907,2.773,0.704,-1.048,0.522
2015-03-21T16:15:00Z,-1.907,2.773,0.704,-1.048,0.522
2015-03-21T16:30:00Z,-1.907,2.773,0.704,-1.048,0.522
2015-03-21T16:45:00Z,-1.907,2.773,0.704,-1.048,0.522
2015-03-21T17:00:00Z,-2.165,2.854,0.704,-1.034,0.359
2015-03-21T17:15:00Z,-2.165,2.854,0.704,-1.034,0.359
2015-03-21T17:30:00Z,-2.165,2.854,0.704,-1.034,0.359
2015-03-21T17:45:00Z,-2.165,2.854,0.704,-1.034,0.359
2015-03-21T18:00:00Z,-2.313,2.95,0.704,-0.993,0.348
2015-03-21T18:15:00Z,-2.313,2.95,0.704,-0.993,0.348
2015-03-21T18:30:00Z,-2.313,2.95,0.704,-0.993,0.348
2015-03-21T18:45:00Z,-2.313,2.95,0.704,-0.993,0.348
2015-03-21T19:00:00Z,-2.277,3.089,0.704,-1.029,0.487
2015-03-21T19:15:00Z,-2.277,3.089,0.704,-1.029,0.487
2015-03-21T19:30:00Z,-2.277,3.089,0.704,-1.029,0.487
2015-03-21T19:45:00Z,-2.277,3.089,0.704,-1.029,0.487
2015-03-21T20:00:00Z,-2.263,2.826,0.704,-1.036,0.231
2015-03-21T20:15:00Z,-2.263,2.826,0.704,-1.036,0.231
2015-03-21T20:30:00Z,-2.263,2.826,0.704,-1.036,0.231
2015-03-21T20:45:00Z,-2.263,2.826,0.704,-1.036,0.231
2015-03-21T21:00:00Z,-2.239,2.846,0.704,-1.032,0.279
2015-03-21T21:15:00Z,-2.239,2.846,0.704,-1.032,0.279
2015-03-21T21:30:00Z,-2.239,2.846,0.704,-1.032,0.279
2015-03-21T21:45:00Z,-2.239,2.846,0.704,-1.032,0.279
2015-03-21T22:00:00Z,-2.296,2.776,0.704,-1.017,0.167
2015-03-21T22:15:00Z,-2.296,2.776,0.704,-1.017,0.167
2015-03-21T22:30:00Z,-2.296,2.776,0.704,-1.017,0.167
2015-03-21T22:45:00Z,-2.296,2.776,0.704,-1.017,0.167
2015-03-21T23:00:00Z,-2.376,2.785,0.704,-0.977,0.136
2015-03-21T23:15:00Z,-2.376,2.785,0.704,-0.977,0.136
2015-03-21T23:30:00Z,-2.376,2.785,0.704,-0.977,0.136
2015-03-21T23:45:00Z,-2.376,2.785,0.704,-0.977,0.136
2015-03-22T00:00:00Z,-2.174,2.575,0.704,-0.983,0.122
2015-03-22T00:15:00Z,-2.174,2.575,0.704,-0.983,0.122
2015-03-22T00:30:00Z,-2.174,2.575,0.704,-0.983,0.122
2015-03-22T00:45:00Z,-2.174,2.575,0.704,-0.983,0.122
2015-03-22T01:00:00Z,-1.824,2.425,0.704,-0.98,0.326
2015-03-22T01:15:00Z,-1.824,2.425,0.704,-0.98,0.326
2015-03-22T01:30:00Z,-1.824,2.425,0.704,-0.98,0.326
2015-03-22T01:45:00Z,-1.824,2.425,0.704,-0.98,0.326
2015-03-22T02:00:00Z,-1.543,2.598,0.683,-0.972,0.767
2015-03-22T02:15:00Z,-1.543,2.598,0.683,-0.972,0.767
2015-03-22T02:30:00Z,-1.543,2.598,0.683,-0.972,0.767
2015-03-22T02:45:00Z,-1.543,2.598,0.683,-0.972,0.767
2015-03-22T03:00:00Z,-1.635,2.885,0.677,-0.986,0.941
2015-03-22T03:15:00Z,-1.635,2.885,0.677,-0.986,0.941
2015-03-22T03:30:00Z,-1.635,2.885,0.677,-0.986,0.941
2015-03-22T03:45:00Z,-1.635,2.885,0.677,-0.986,0.941
2015-03-22T04:00:00Z,-1.704,3.19,0.468,-0.994,0.96
2015-03-22T04:15:00Z,-1.704,3.19,0.468,-0.994,0.96
2015-03-22T04:30:00Z,-1.704,3.19,0.468,-0.994,0.96
2015-03-22T04:45:00Z,-1.704,3.19,0.468,-0.994,0.96
2015-03-22T05:00:00Z,-1.756,3.362,0.41,-0.981,1.034
2015-03-22T05:15:00Z,-1.756,3.362,0.41,-0.981,1.034
2015-03-22T05:30:00Z,-1.756,3.362,0.41,-0.981,1.034
2015-03-22T05:45:00Z,-1.756,3.362,0.41,-0.981,1.034
2015-03-22T06:00:00Z,-1.58,3.372,0.388,-0.968,1.212
2015-03-22T06:15:00Z,-1.58,3.372,0.388,-0.968,1.212
2015-03-22T06:30:00Z,-1.58,3.372,0.388,-0.968,1.212
2015-03-22T06:45:00Z,-1.58,3.372,0.388,-0.968,1.212
2015-03-22T07:00:00Z,-1.54,3.313,0.695,-0.982,1.486
2015-03-22T07:15:00Z,-1.54,3.313,0.695,-0.982,1.486
2015-03-22T07:30:00Z,-1.54,3.313,0.695,-0.982,1.486
2015-03-22T07:45:00Z,-1.54,3.313,0.695,-0.982,1.486
2015-03-22T08:00:00Z,-1.795,4.214,0.638,-1.01,2.047
2015-03-22T08:15:00Z,-1.795,4.214,0.638,-1.01,2.047
2015-03-22T08:30:00Z,-1.795,4.214,0.638,-1.01,2.047
2015-03-22T08:45:00Z,-1.795,4.214,0.638,-1.01,2.047
2015-03-22T09:00:00Z,-1.698,4.197,0.703,-0.995,2.207
2015-03-22T09:15:00Z,-1.698,4.197,0.703,-0.995,2.207
2015-03-22T09:30:00Z,-1.698,4.197,0.703,-0.995,2.207
2015-03-22T09:45:00Z,-1.698,4.197,0.703,-0.995,2.207
2015-03-22T10:00:00Z,-1.689,4.112,0.705,-1.016,2.112
2015-03-22T10:15:00Z,-1.689,4.112,0.705,-1.016,2.112
2015-03-22T10:30:00Z,-1.689,4.112,0.705,-1.016,2.112
2015-03-22T10:45:00Z,-1.689,4.112,0.705,-1.016,2.112
2015-03-22T11:00:00Z,-1.813,4.109,0.705,-1.024,1.977
2015-03-22T11:15:00Z,-1.813,4.109,0.705,-1.024,1.977
2015-03-22T11:30:00Z,-1.813,4.109,0.705,-1.024,1.977
2015-03-22T11:45:00Z,-1.813,4.109,0.705,-1.024,1.977
2015-03-22T12:00:00Z,-1.58,4.145,0.705,-1.043,2.227
2015-03-22T12:15:00Z,-1.58,4.145,0.705,-1.043,2.227
2015-03-22T12:30:00Z,-1.58,4.145,0.705,-1.043,2.227
2015-03-22T12:45:00Z,-1.58,4.145,0.705,-1.043,2.227
2015-03-22T13:00:00Z,-1.305,3.907,0.705,-1.012,2.295
2015-03-22T13:15:00Z,-1.305,3.907,0.705,-1.012,2.295
2015-03-22T13:30:00Z,-1.305,3.907,0.705,-1.012,2.295
2015-03-22T13:45:00Z,-1.305,3.907,0.705,-1.012,2.295
2015-03-22T14:00:00Z,-0.847,3.511,0.705,-1.034,2.335
2015-03-22T14:15:00Z,-0.847,3.511,0.705,-1.034,2.335
2015-03-22T14:30:00Z,-0.847,3.511,0.705,-1.034,2.335
2015-03-22T14:45:00Z,-0.847,3.511,0.705,-1.034,2.335
2015-03-22T15:00:00Z,-0.975,3.452,0.705,-1.047,2.135
2015-03-22T15:15:00Z,-0.975,3.452,0.705,-1.047,2.135
2015-03-22T15:30:00Z,-0.975,3.452,0.705,-1.047,2.135
2015-03-22T15:45:00Z,-0.975,3.452,0.705,-1.047,2.135
2015-03-22T16:00:00Z,-1.525,3.692,0.705,-1.04,1.833
2015-03-22T16:15:00Z,-1.525,3.692,0.705,-1.04,1.833
2015-03-22T16:30:00Z,-1.525,3.692,0.705,-1.04,1.833
2015-03-22T16:45:00Z,-1.525,3.692,0.705,-1.04,1.833
2015-03-22T17:00:00Z,-2.043,3.519,0.705,-1.022,1.158
2015-03-22T17:15:00Z,-2.043,3.519,0.705,-1.022,1.158
2015-03-22T17:30:00Z,-2.043,3.519,0.705,-1.022,1.158
2015-03-22T17:45:00Z,-2.043,3.519,0.705,-1.022,1.158
2015-03-22T18:00:00Z,-2.134,3.836,0.705,-0.998,1.409
2015-03-22T18:15:00Z,-2.134,3.836,0.705,-0.998,1.409
2015-03-22T18:30:00Z,-2.134,3.836,0.705,-0.998,1.409
2015-03-22T18:45:00Z,-2.134,3.836,0.705,-0.998,1.409
2015-03-22T19:00:00Z,-2.223,3.743,0.705,-0.998,1.227
2015-03-22T19:15:00Z,-2.223,3.743,0.705,-0.998,1.227
2015-03-22T19:30:00Z,-2.223,3.743,0.705,-0.998,1.227
2015-03-22T19:45:00Z,-2.223,3.743,0.705,-0.998,1.227
2015-03-22T20:00:00Z,-2.515,3.577,0.705,-0.998,0.77
2015-03-22T20:15:00Z,-2.515,3.577,0.705,-0.998,0.77
2015-03-22T20:30:00Z,-2.515,3.577,0.705,-0.998,0.77
2015-03-22T20:45:00Z,-2.515,3.577,0.705,-0.998,0.77
2015-03-22T21:00:00Z,-2.795,3.736,0.704,-1.031,0.614
2015-03-22T21:15:00Z,-2.795,3.736,0.704,-1.031,0.614
2015-03-22T21:30:00Z,-2.795,3.736,0.704,-1.031,0.614
2015-03-22T21:45:00Z,-2.795,3.736,0.704,-1.031,0.614
2015-03-22T22:00:00Z,-2.885,3.813,0.704,-1.008,0.624
2015-03-22T22:15:00Z,-2.885,3.813,0.704,-1.008,0.624
2015-03-22T22:30:00Z,-2.885,3.813,0.704,-1.008,0.624
2015-03-22T22:45:00Z,-2.885,3.813,0.704,-1.008,0.624
2015-03-22T23:00:00Z,-2.371,3.83,0.704,-1.016,1.146
2015-03-22T23:15:00Z,-2.371,3.83,0.704,-1.016,1.146
2015-03-22T23:30:00Z,-2.371,3.83,0.704,-1.016,1.146
2015-03-22T23:45:00Z,-2.371,3.83,0.704,-1.016,1.146
2015-03-23T00:00:00Z,-2.358,3.819,0.704,-1.019,1.146
2015-03-23T00:15:00Z,-2.358,3.819,0.704,-1.019,1.146
2015-03-23T00:30:00Z,-2.358,3.819,0.704,-1.019,1.146
2015-03-23T00:45:00Z,-2.358,3.819,0.704,-1.019,1.146
2015-03-23T01:00:00Z,-2.146,3.609,0.704,-1.045,1.123
2015-03-23T01:15:00Z,-2.146,3.609,0.704,-1.045,1.123
2015-03-23T01:30:00Z,-2.146,3.609,0.704,-1.045,1.123
2015-03-23T01:45:00Z,-2.146,3.609,0.704,-1.045,1.123
2015-03-23T02:00:00Z,-2.247,3.693,0.704,-1.029,1.121
2015-03-23T02:15:00Z,-2.247,3.693,0.704,-1.029,1.121
2015-03-23T02:30:00Z,-2.247,3.693,0.704,-1.029,1.121
2015-03-23T02:45:00Z,-2.247,3.693,0.704,-1.029,1.121
2015-03-23T03:00:00Z,-2.254,3.708,0.704,-1.026,1.132
2015-03-23T03:15:00Z,-2.254,3.708,0.704,-1.026,1.132
2015-03-23T03:30:00Z,-2.254,3.708,0.704,-1.026,1.132
2015-03-23T03:45:00Z,-2.254,3.708,0.704,-1.026,1.132
2015-03-23T04:00:00Z,-2.279,3.373,0.704,-1.037,0.762
2015-03-23T04:15:00Z,-2.279,3.373,0.704,-1.037,0.762
2015-03-23T04:30:00Z,-2.279,3.373,0.704,-1.037,0.762
2015-03-23T04:45:00Z,-2.279,3.373,0.704,-1.037,0.762
2015-03-23T05:00:00Z,-2.412,2.733,0.702,-0.916,0.107
2015-03-23T05:15:00Z,-2.412,2.733,0.702,-0.916,0.107
2015-03-23T05:30:00Z,-2.412,2.733,0.702,-0.916,0.107
2015-03-23T05:45:00Z,-2.412,2.733,0.702,-0.916,0.107
2015-03-23T06:00:00Z,-2.627,2.803,0.606,-0.537,0.245
2015-03-23T06:15:00Z,-2.627,2.803,0.606,-0.537,0.245
2015-03-23T06:30:00Z,-2.627,2.803,0.606,-0.537,0.245
2015-03-23T06:45:00Z,-2.627,2.803,0.606,-0.537,0.245
2015-03-23T07:00:00Z,-2.259,3.27,0.604,-0.722,0.893
2015-03-23T07:15:00Z,-2.259,3.27,0.604,-0.722,0.893
2015-03-23T07:30:00Z,-2.259,3.27,0.604,-0.722,0.893
2015-03-23T07:45:00Z,-2.259,3.27,0.604,-0.722,0.893
2015-03-23T08:00:00Z,-2.459,3.943,0.604,-1.039,1.049
2015-03-23T08:15:00Z,-2.459,3.943,0.604,-1.039,1.049
2015-03-23T08:30:00Z,-2.459,3.943,0.604,-1.039,1.049
2015-03-23T08:45:00Z,-2.459,3.943,0.604,-1.039,1.049
2015-03-23T09:00:00Z,-2.302,3.786,0.604,-1.019,1.069
2015-03-23T09:15:00Z,-2.302,3.786,0.604,-1.019,1.069
2015-03-23T09:30:00Z,-2.302,3.786,0.604,-1.019,1.069
2015-03-23T09:45:00Z,-2.302,3.786,0.604,-1.019,1.069
2015-03-23T10:00:00Z,-2.212,3.676,0.604,-1.025,1.043
2015-03-23T10:15:00Z,-2.212,3.676,0.604,-1.025,1.043
2015-03-23T10:30:00Z,-2.212,3.676,0.604,-1.025,1.043
2015-03-23T10:45:00Z,-2.212,3.676,0.604,-1.025,1.043
2015-03-23T11:00:00Z,-2.242,3.672,0.604,-1.052,0.982
2015-03-23T11:15:00Z,-2.242,3.672,0.604,-1.052,0.982
2015-03-23T11:30:00Z,-2.242,3.672,0.604,-1.052,0.982
2015-03-23T11:45:00Z,-2.242,3.672,0.604,-1.052,0.982
2015-03-23T12:00:00Z,-2.143,3.576,0.604,-1.042,0.995
2015-03-23T12:15:00Z,-2.143,3.576,0.604,-1.042,0.995
2015-03-23T12:30:00Z,-2.143,3.576,0.604,-1.042,0.995
2015-03-23T12:45:00Z,-2.143,3.576,0.604,-1.042,0.995
2015-03-23T13:00:00Z,-1.672,3.097,0.604,-1.022,1.007
2015-03-23T13:15:00Z,-1.672,3.097,0.604,-1.022,1.007
2015-03-23T13:30:00Z,-1.672,3.097,0.604,-1.022,1.007
2015-03-23T13:45:00Z,-1.672,3.097,0.604,-1.022,1.007
2015-03-23T14:00:00Z,-1.675,3.069,0.604,-1.051,0.947
2015-03-23T14:15:00Z,-1.675,3.069,0.604,-1.051,0.947
2015-03-23T14:30:00Z,-1.675,3.069,0.604,-1.051,0.947
2015-03-23T14:45:00Z,-1.675,3.069,0.604,-1.051,0.947
2015-03-23T15:00:00Z,-1.742,2.861,0.604,-1.02,0.703
2015-03-23T15:15:00Z,-1.742,2.861,0.604,-1.02,0.703
2015-03-23T15:30:00Z,-1.742,2.861,0.604,-1.02,0.703
2015-03-23T15:45:00Z,-1.742,2.861,0.604,-1.02,0.703
2015-03-23T16:00:00Z,-1.47,2.1,0.604,-1.031,0.203
2015-03-23T16:15:00Z,-1.47,2.1,0.604,-1.031,0.203
2015-03-23T16:30:00Z,-1.47,2.1,0.604,-1.031,0.203
2015-03-23T16:45:00Z,-1.47,2.1,0.604,-1.031,0.203
2015-03-23T17:00:00Z,-1.502,1.696,0.604,-1.021,-0.224
2015-03-23T17:15:00Z,-1.502,1.696,0.604,-1.021,-0.224
2015-03-23T17:30:00Z,-1.502,1.696,0.604,-1.021,-0.224
2015-03-23T17:45:00Z,-1.502,1.696,0.604,-1.021,-0.224
2015-03-23T18:00:00Z,-1.581,2.361,0.604,-1.016,0.368
2015-03-23T18:15:00Z,-1.581,2.361,0.604,-1.016,0.368
2015-03-23T18:30:00Z,-1.581,2.361,0.604,-1.016,0.368
2015-03-23T18:45:00Z,-1.581,2.361,0.604,-1.016,0.368
2015-03-23T19:00:00Z,-1.883,2.511,0.604,-1.026,0.206
2015-03-23T19:15:00Z,-1.883,2.511,0.604,-1.026,0.206
2015-03-23T19:30:00Z,-1.883,2.511,0.604,-1.026,0.206
2015-03-23T19:45:00Z,-1.883,2.511,0.604,-1.026,0.206
2015-03-23T20:00:00Z,-1.885,2.051,0.604,-1.019,-0.249
2015-03-23T20:15:00Z,-1.885,2.051,0.604,-1.019,-0.249
2015-03-23T20:30:00Z,-1.885,2.051,0.604,-1.019,-0.249
2015-03-23T20:45:00Z,-1.885,2.051,0.604,-1.019,-0.249
2015-03-23T21:00:00Z,-2.128,2.357,0.604,-1.028,-0.196
2015-03-23T21:15:00Z,-2.128,2.357,0.604,-1.028,-0.196
2015-03-23T21:30:00Z,-2.128,2.357,0.604,-1.028,-0.196
2015-03-23T21:45:00Z,-2.128,2.357,0.604,-1.028,-0.196
2015-03-23T22:00:00Z,-2.109,3.449,0.604,-1.038,0.906
2015-03-23T22:15:00Z,-2.109,3.449,0.604,-1.038,0.906
2015-03-23T22:30:00Z,-2.109,3.449,0.604,-1.038,0.906
2015-03-23T22:45:00Z,-2.109,3.449,0.604,-1.038,0.906
2015-03-23T23:00:00Z,-2.038,3.277,0.604,-1.014,0.83
2015-03-23T23:15:00Z,-2.038,3.277,0.604,-1.014,0.83
2015-03-23T23:30:00Z,-2.038,3.277,0.604,-1.014,0.83
2015-03-23T23:45:00Z,-2.038,3.277,0.604,-1.014,0.83
2015-03-24T00:00:00Z,-2.097,3.365,0.604,-1.033,0.839
2015-03-24T00:15:00Z,-2.097,3.365,0.604,-1.033,0.839
2015-03-24T00:30:00Z,-2.097,3.365,0.604,-1.033,0.839
2015-03-24T00:45:00Z,-2.097,3.365,0.604,-1.033,0.839
2015-03-24T01:00:00Z,-2.078,3.427,0.604,-1.021,0.932
2015-03-24T01:15:00Z,-2.078,3.427,0.604,-1.021,0.932
2015-03-24T01:30:00Z,-2.078,3.427,0.604,-1.021,0.932
2015-03-24T01:45:00Z,-2.078,3.427,0.604,-1.021,0.932
2015-03-24T02:00:00Z,-1.947,3.225,0.604,-1.02,0.862
2015-03-24T02:15:00Z,-1.947,3.225,0.604,-1.02,0.862
2015-03-24T02:30:00Z,-1.947,3.225,0.604,-1.02,0.862
2015-03-24T02:45:00Z,-1.947,3.225,0.604,-1.02,0.862
2015-03-24T03:00:00Z,-1.949,2.916,0.604,-1.012,0.559
2015-03-24T03:15:00Z,-1.949,2.916,0.604,-1.012,0.559
2015-03-24T03:30:00Z,-1.949,2.916,0.604,-1.012,0.559
2015-03-24T03:45:00Z,-1.949,2.916,0.604,-1.012,0.559
2015-03-24T04:00:00Z,-1.75,2.595,0.604,-1.035,0.414
2015-03-24T04:15:00Z,-1.75,2.595,0.604,-1.035,0.414
2015-03-24T04:30:00Z,-1.75,2.595,0.604,-1.035,0.414
2015-03-24T04:45:00Z,-1.75,2.595,0.604,-1.035,0.414
2015-03-24T05:00:00Z,-2.121,1.975,0.604,-0.83,-0.372
2015-03-24T05:15:00Z,-2.121,1.975,0.604,-0.83,-0.372
2015-03-24T05:30:00Z,-2.121,1.975,0.604,-0.83,-0.372
2015-03-24T05:45:00Z,-2.121,1.975,0.604,-0.83,-0.372
2015-03-24T06:00:00Z,-2.341,1.941,0.604,-0.83,-0.626
2015-03-24T06:15:00Z,-2.341,1.941,0.604,-0.83,-0.626
2015-03-24T06:30:00Z,-2.341,1.941,0.604,-0.83,-0.626
2015-03-24T06:45:00Z,-2.341,1.941,0.604,-0.83,-0.626
2015-03-24T07:00:00Z,-2.177,2.53,0.604,-0.889,0.068
2015-03-24T07:15:00Z,-2.177,2.53,0.604,-0.889,0.068
2015-03-24T07:30:00Z,-2.177,2.53,0.604,-0.889,0.068
2015-03-24T07:45:00Z,-2.177,2.53,0.604,-0.889,0.068
2015-03-24T08:00:00Z,-2.236,3.214,0.604,-1.015,0.567
2015-03-24T08:15:00Z,-2.236,3.214,0.604,-1.015,0.567
2015-03-24T08:30:00Z,-2.236,3.214,0.604,-1.015,0.567
2015-03-24T08:45:00Z,-2.236,3.214,0.604,-1.015,0.567
2015-03-24T09:00:00Z,-2.1,3.486,0.604,-1.021,0.97
2015-03-24T09:15:00Z,-2.1,3.486,0.604,-1.021,0.97
2015-03-24T09:30:00Z,-2.1,3.486,0.604,-1.021,0.97
2015-03-24T09:45:00Z,-2.1,3.486,0.604,-1.021,0.97
2015-03-24T10:00:00Z,-2.093,3.532,0.604,-1.045,0.999
2015-03-24T10:15:00Z,-2.093,3.532,0.604,-1.045,0.999
2015-03-24T10:30:00Z,-2.093,3.532,0.604,-1.045,0.999
2015-03-24T10:45:00Z,-2.093,3.532,0.604,-1.045,0.999
2015-03-24T11:00:00Z,-1.993,3.41,0.604,-1.034,0.988
2015-03-24T11:15:00Z,-1.993,3.41,0.604,-1.034,0.988
2015-03-24T11:30:00Z,-1.993,3.41,0.604,-1.034,0.988
2015-03-24T11:45:00Z,-1.993,3.41,0.604,-1.034,0.988
2015-03-24T12:00:00Z,-1.902,3.345,0.604,-1.025,1.022
2015-03-24T12:15:00Z,-1.902,3.345,0.604,-1.025,1.022
2015-03-24T12:30:00Z,-1.902,3.345,0.604,-1.025,1.022
2015-03-24T12:45:00Z,-1.902,3.345,0.604,-1.025,1.022
2015-03-24T13:00:00Z,-1.829,3.245,0.604,-1.037,0.983
2015-03-24T13:15:00Z,-1.829,3.245,0.604,-1.037,0.983
2015-03-24T13:30:00Z,-1.829,3.245,0.604,-1.037,0.983
2015-03-24T13:45:00Z,-1.829,3.245,0.604,-1.037,0.983
2015-03-24T14:00:00Z,-1.848,2.702,0.604,-1.04,0.419
2015-03-24T14:15:00Z,-1.848,2.702,0.604,-1.04,0.419
2015-03-24T14:30:00Z,-1.848,2.702,0.604,-1.04,0.419
2015-03-24T14:45:00Z,-1.848,2.702,0.604,-1.04,0.419
2015-03-24T15:00:00Z,-1.951,2.851,0.604,-1.033,0.471
2015-03-24T15:15:00Z,-1.951,2.851,0.604,-1.033,0.471
2015-03-24T15:30:00Z,-1.951,2.851,0.604,-1.033,0.471
2015-03-24T15:45:00Z,-1.951,2.851,0.604,-1.033,0.471
2015-03-24T16:00:00Z,-2.124,2.792,0.604,-1.025,0.247
2015-03-24T16:15:00Z,-2.124,2.792,0.604,-1.025,0.247
2015-03-24T16:30:00Z,-2.124,2.792,0.604,-1.025,0.247
2015-03-24T16:45:00Z,-2.124,2.792,0.604,-1.025,0.247
2015-03-24T17:00:00Z,-2.243,2.317,0.604,-1.015,-0.337
2015-03-24T17:15:00Z,-2.243,2.317,0.604,-1.015,-0.337
2015-03-24T17:30:00Z,-2.243,2.317,0.604,-1.015,-0.337
2015-03-24T17:45:00Z,-2.243,2.317,0.604,-1.015,-0.337
2015-03-24T18:00:00Z,-2.381,2.445,0.604,-1.021,-0.353
2015-03-24T18:15:00Z,-2.381,2.445,0.604,-1.021,-0.353
2015-03-24T18:30:00Z,-2.381,2.445,0.604,-1.021,-0.353
2015-03-24T18:45:00Z,-2.381,2.445,0.604,-1.021,-0.353
2015-03-24T19:00:00Z,-2.591,2.716,0.603,-1.024,-0.296
2015-03-24T19:15:00Z,-2.591,2.716,0.603,-1.024,-0.296
2015-03-24T19:30:00Z,-2.591,2.716,0.603,-1.024,-0.296
2015-03-24T19:45:00Z,-2.591,2.716,0.603,-1.024,-0.296
2015-03-24T20:00:00Z,-2.4,2.334,0.604,-1.041,-0.503
2015-03-24T20:15:00Z,-2.4,2.334,0.604,-1.041,-0.503
2015-03-24T20:30:00Z,-2.4,2.334,0.604,-1.041,-0.503
2015-03-24T20:45:00Z,-2.4,2.334,0.604,-1.041,-0.503
2015-03-24T21:00:00Z,-2.506,3.073,0.603,-1.013,0.156
2015-03-24T21:15:00Z,-2.506,3.073,0.603,-1.013,0.156
2015-03-24T21:30:00Z,-2.506,3.073,0.603,-1.013,0.156
2015-03-24T21:45:00Z,-2.506,3.073,0.603,-1.013,0.156
2015-03-24T22:00:00Z,-2.242,3.545,0.603,-1.023,0.883
2015-03-24T22:15:00Z,-2.242,3.545,0.603,-1.023,0.883
2015-03-24T22:30:00Z,-2.242,3.545,0.603,-1.023,0.883
2015-03-24T22:45:00Z,-2.242,3.545,0.603,-1.023,0.883
2015-03-24T23:00:00Z,-2.446,3.727,0.603,-1.019,0.865
2015-03-24T23:15:00Z,-2.446,3.727,0.603,-1.019,0.865
2015-03-24T23:30:00Z,-2.446,3.727,0.603,-1.019,0.865
2015-03-24T23:45:00Z,-2.446,3.727,0.603,-1.019,0.865
2015-03-25T00:00:00Z,-2.437,3.856,0.603,-1.012,1.01
2015-03-25T00:15:00Z,-2.437,3.856,0.603,-1.012,1.01
2015-03-25T00:30:00Z,-2.437,3.856,0.603,-1.012,1.01
2015-03-25T00:45:00Z,-2.437,3.856,0.603,-1.012,1.01
2015-03-25T01:00:00Z,-2.255,3.744,0.603,-1.015,1.077
2015-03-25T01:15:00Z,-2.255,3.744,0.603,-1.015,1.077
2015-03-25T01:30:00Z,-2.255,3.744,0.603,-1.015,1.077
2015-03-25T01:45:00Z,-2.255,3.744,0.603,-1.015,1.077
2015-03-25T02:00:00Z,-2.19,3.633,0.603,-1.029,1.018
2015-03-25T02:15:00Z,-2.19,3.633,0.603,-1.029,1.018
2015-03-25T02:30:00Z,-2.19,3.633,0.603,-1.029,1.018
2015-03-25T02:45:00Z,-2.19,3.633,0.603,-1.029,1.018
2015-03-25T03:00:00Z,-2.195,3.603,0.604,-1.035,0.977
2015-03-25T03:15:00Z,-2.195,3.603,0.604,-1.035,0.977
2015-03-25T03:30:00Z,-2.195,3.603,0.604,-1.035,0.977
2015-03-25T03:45:00Z,-2.195,3.603,0.604,-1.035,0.977
2015-03-25T04:00:00Z,-2.086,3.227,0.604,-1.013,0.732
2015-03-25T04:15:00Z,-2.086,3.227,0.604,-1.013,0.732
2015-03-25T04:30:00Z,-2.086,3.227,0.604,-1.013,0.732
2015-03-25T04:45:00Z,-2.086,3.227,0.604,-1.013,0.732
2015-03-25T05:00:00Z,-2.397,2.955,0.604,-1.024,0.138
2015-03-25T05:15:00Z,-2.397,2.955,0.604,-1.024,0.138
2015-03-25T05:30:00Z,-2.397,2.955,0.604,-1.024,0.138
2015-03-25T05:45:00Z,-2.397,2.955,0.604,-1.024,0.138
2015-03-25T06:00:00Z,-2.445,3.175,0.603,-1.014,0.319
2015-03-25T06:15:00Z,-2.445,3.175,0.603,-1.014,0.319
2015-03-25T06:30:00Z,-2.445,3.175,0.603,-1.014,0.319
2015-03-25T06:45:00Z,-2.445,3.175,0.603,-1.014,0.319
2015-03-25T07:00:00Z,-2.218,3.573,0.603,-1.02,0.938
2015-03-25T07:15:00Z,-2.218,3.573,0.603,-1.02,0.938
2015-03-25T07:30:00Z,-2.218,3.573,0.603,-1.02,0.938
2015-03-25T07:45:00Z,-2.218,3.573,0.603,-1.02,0.938
2015-03-25T08:00:00Z,-2.395,3.875,0.603,-1.024,1.059
2015-03-25T08:15:00Z,-2.395,3.875,0.603,-1.024,1.059
2015-03-25T08:30:00Z,-2.395,3.875,0.603,-1.024,1.059
2015-03-25T08:45:00Z,-2.395,3.875,0.603,-1.024,1.059
2015-03-25T09:00:00Z,-2.29,3.761,0.603,-1.027,1.047
2015-03-25T09:15:00Z,-2.29,3.761,0.603,-1.027,1.047
2015-03-25T09:30:00Z,-2.29,3.761,0.603,-1.027,1.047
2015-03-25T09:45:00Z,-2.29,3.761,0.603,-1.027,1.047
2015-03-25T10:00:00Z,-2.223,3.711,0.603,-1.027,1.064
2015-03-25T10:15:00Z,-2.223,3.711,0.603,-1.027,1.064
2015-03-25T10:30:00Z,-2.223,3.711,0.603,-1.027,1.064
2015-03-25T10:45:00Z,-2.223,3.711,0.603,-1.027,1.064
2015-03-25T11:00:00Z,-2.223,3.568,0.603,-1.031,0.917
2015-03-25T11:15:00Z,-2.223,3.568,0.603,-1.031,0.917
2015-03-25T11:30:00Z,-2.223,3.568,0.603,-1.031,0.917
2015-03-25T11:45:00Z,-2.223,3.568,0.603,-1.031,0.917
2015-03-25T12:00:00Z,-2.117,3.477,0.604,-1.028,0.936
2015-03-25T12:15:00Z,-2.117,3.477,0.604,-1.028,0.936
2015-03-25T12:30:00Z,-2.117,3.477,0.604,-1.028,0.936
2015-03-25T12:45:00Z,-2.117,3.477,0.604,-1.028,0.936
2015-03-25T13:00:00Z,-1.867,3.294,0.603,-1.049,0.981
2015-03-25T13:15:00Z,-1.867,3.294,0.603,-1.049,0.981
2015-03-25T13:30:00Z,-1.867,3.294,0.603,-1.049,0.981
2015-03-25T13:45:00Z,-1.867,3.294,0.603,-1.049,0.981
2015-03-25T14:00:00Z,-1.797,3.125,0.604,-1.036,0.896
2015-03-25T14:15:00Z,-1.797,3.125,0.604,-1.036,0.896
2015-03-25T14:30:00Z,-1.797,3.125,0.604,-1.036,0.896
2015-03-25T14:45:00Z,-1.797,3.125,0.604,-1.036,0.896
2015-03-25T15:00:00Z,-1.725,3.046,0.603,-1.036,0.889
2015-03-25T15:15:00Z,-1.725,3.046,0.603,-1.036,0.889
2015-03-25T15:30:00Z,-1.725,3.046,0.603,-1.036,0.889
2015-03-25T15:45:00Z,-1.725,3.046,0.603,-1.036,0.889
2015-03-25T16:00:00Z,-1.966,2.825,0.604,-1.022,0.441
2015-03-25T16:15:00Z,-1.966,2.825,0.604,-1.022,0.441
2015-03-25T16:30:00Z,-1.966,2.825,0.604,-1.022,0.441
2015-03-25T16:45:00Z,-1.966,2.825,0.604,-1.022,0.441
2015-03-25T17:00:00Z,-2.08,2.289,0.604,-1.032,-0.219
2015-03-25T17:15:00Z,-2.08,2.289,0.604,-1.032,-0.219
2015-03-25T17:30:00Z,-2.08,2.289,0.604,-1.032,-0.219
2015-03-25T17:45:00Z,-2.08,2.289,0.604,-1.032,-0.219
2015-03-25T18:00:00Z,-2.477,2.56,0.604,-1.037,-0.35
2015-03-25T18:15:00Z,-2.477,2.56,0.604,-1.037,-0.35
2015-03-25T18:30:00Z,-2.477,2.56,0.604,-1.037,-0.35
2015-03-25T18:45:00Z,-2.477,2.56,0.604,-1.037,-0.35
2015-03-25T19:00:00Z,-2.445,3.262,0.604,-1.028,0.393
2015-03-25T19:15:00Z,-2.445,3.262,0.604,-1.028,0.393
2015-03-25T19:30:00Z,-2.445,3.262,0.604,-1.028,0.393
2015-03-25T19:45:00Z,-2.445,3.262,0.604,-1.028,0.393
2015-03-25T20:00:00Z,-2.331,3.218,0.603,-1.016,0.473
2015-03-25T20:15:00Z,-2.331,3.218,0.603,-1.016,0.473
2015-03-25T20:30:00Z,-2.331,3.218,0.603,-1.016,0.473
2015-03-25T20:45:00Z,-2.331,3.218,0.603,-1.016,0.473
2015-03-25T21:00:00Z,-2.502,3.443,0.603,-1.023,0.521
2015-03-25T21:15:00Z,-2.502,3.443,0.603,-1.023,0.521
2015-03-25T21:30:00Z,-2.502,3.443,0.603,-1.023,0.521
2015-03-25T21:45:00Z,-2.502,3.443,0.603,-1.023,0.521
2015-03-25T22:00:00Z,-2.571,3.528,0.603,-0.992,0.569
2015-03-25T22:15:00Z,-2.571,3.528,0.603,-0.992,0.569
2015-03-25T22:30:00Z,-2.571,3.528,0.603,-0.992,0.569
2015-03-25T22:45:00Z,-2.571,3.528,0.603,-0.992,0.569
2015-03-25T23:00:00Z,-2.466,3.896,0.604,-1.031,1.002
2015-03-25T23:15:00Z,-2.466,3.896,0.604,-1.031,1.002
2015-03-25T23:30:00Z,-2.466,3.896,0.604,-1.031,1.002
2015-03-25T23:45:00Z,-2.466,3.896,0.604,-1.031,1.002
2015-03-26T00:00:00Z,-2.386,3.797,0.604,-1.006,1.009
2015-03-26T00:15:00Z,-2.386,3.797,0.604,-1.006,1.009
2015-03-26T00:30:00Z,-2.386,3.797,0.604,-1.006,1.009
2015-03-26T00:45:00Z,-2.386,3.797,0.604,-1.006,1.009
2015-03-26T01:00:00Z,-2.179,3.606,0.603,-1.033,0.997
2015-03-26T01:15:00Z,-2.179,3.606,0.603,-1.033,0.997
2015-03-26T01:30:00Z,-2.179,3.606,0.603,-1.033,0.997
2015-03-26T01:45:00Z,-2.179,3.606,0.603,-1.033,0.997
2015-03-26T02:00:00Z,-2.01,3.481,0.603,-1.026,1.048
2015-03-26T02:15:00Z,-2.01,3.481,0.603,-1.026,1.048
2015-03-26T02:30:00Z,-2.01,3.481,0.603,-1.026,1.048
2015-03-26T02:45:00Z,-2.01,3.481,0.603,-1.026,1.048
2015-03-26T03:00:00Z,-1.926,3.396,0.603,-1.025,1.049
2015-03-26T03:15:00Z,-1.926,3.396,0.603,-1.025,1.049
2015-03-26T03:30:00Z,-1.926,3.396,0.603,-1.025,1.049
2015-03-26T03:45:00Z,-1.926,3.396,0.603,-1.025,1.049
2015-03-26T04:00:00Z,-1.827,3.281,0.603,-1.025,1.032
2015-03-26T04:15:00Z,-1.827,3.281,0.603,-1.025,1.032
2015-03-26T04:30:00Z,-1.827,3.281,0.603,-1.025,1.032
2015-03-26T04:45:00Z,-1.827,3.281,0.603,-1.025,1.032
2015-03-26T05:00:00Z,-1.871,3.026,0.603,-1.027,0.731
2015-03-26T05:15:00Z,-1.871,3.026,0.603,-1.027,0.731
2015-03-26T05:30:00Z,-1.871,3.026,0.603,-1.027,0.731
2015-03-26T05:45:00Z,-1.871,3.026,0.603,-1.027,0.731
2015-03-26T06:00:00Z,-1.875,2.728,0.603,-1.035,0.421
2015-03-26T06:15:00Z,-1.875,2.728,0.603,-1.035,0.421
2015-03-26T06:30:00Z,-1.875,2.728,0.603,-1.035,0.421
2015-03-26T06:45:00Z,-1.875,2.728,0.603,-1.035,0.421
2015-03-26T07:00:00Z,-1.785,2.707,0.603,-1.05,0.475
2015-03-26T07:15:00Z,-1.785,2.707,0.603,-1.05,0.475
2015-03-26T07:30:00Z,-1.785,2.707,0.603,-1.05,0.475
2015-03-26T07:45:00Z,-1.785,2.707,0.603,-1.05,0.475
2015-03-26T08:00:00Z,-1.869,2.65,0.603,-1.025,0.359
2015-03-26T08:15:00Z,-1.869,2.65,0.603,-1.025,0.359
2015-03-26T08:30:00Z,-1.869,2.65,0.603,-1.025,0.359
2015-03-26T08:45:00Z,-1.869,2.65,0.603,-1.025,0.359
2015-03-26T09:00:00Z,-1.922,2.408,0.603,-1.036,0.053
2015-03-26T09:15:00Z,-1.922,2.408,0.603,-1.036,0.053
2015-03-26T09:30:00Z,-1.922,2.408,0.603,-1.036,0.053
2015-03-26T09:45:00Z,-1.922,2.408,0.603,-1.036,0.053
2015-03-26T10:00:00Z,-1.822,2.347,0.604,-0.998,0.131
2015-03-26T10:15:00Z,-1.822,2.347,0.604,-0.998,0.131
2015-03-26T10:30:00Z,-1.822,2.347,0.604,-0.998,0.131
2015-03-26T10:45:00Z,-1.822,2.347,0.604,-0.998,0.131
2015-03-26T11:00:00Z,-2.234,2.464,0.604,-0.852,-0.018
2015-03-26T11:15:00Z,-2.234,2.464,0.604,-0.852,-0.018
2015-03-26T11:30:00Z,-2.234,2.464,0.604,-0.852,-0.018
2015-03-26T11:45:00Z,-2.234,2.464,0.604,-0.852,-0.018
2015-03-26T12:00:00Z,-2.006,2.527,0.604,-1.027,0.098
2015-03-26T12:15:00Z,-2.006,2.527,0.604,-1.027,0.098
2015-03-26T12:30:00Z,-2.006,2.527,0.604,-1.027,0.098
2015-03-26T12:45:00Z,-2.006,2.527,0.604,-1.027,0.098
2015-03-26T13:00:00Z,-1.92,2.542,0.604,-1.016,0.21
2015-03-26T13:15:00Z,-1.92,2.542,0.604,-1.016,0.21
2015-03-26T13:30:00Z,-1.92,2.542,0.604,-1.016,0.21
2015-03-26T13:45:00Z,-1.92,2.542,0.604,-1.016,0.21
2015-03-26T14:00:00Z,-1.958,2.585,0.604,-1.012,0.219
2015-03-26T14:15:00Z,-1.958,2.585,0.604,-1.012,0.219
2015-03-26T14:30:00Z,-1.958,2.585,0.604,-1.012,0.219
2015-03-26T14:45:00Z,-1.958,2.585,0.604,-1.012,0.219
2015-03-26T15:00:00Z,-2.146,3.031,0.604,-1.021,0.468
2015-03-26T15:15:00Z,-2.146,3.031,0.604,-1.021,0.468
2015-03-26T15:30:00Z,-2.146,3.031,0.604,-1.021,0.468
2015-03-26T15:45:00Z,-2.146,3.031,0.604,-1.021,0.468
2015-03-26T16:00:00Z,-2.123,3.105,0.604,-1.042,0.544
2015-03-26T16:15:00Z,-2.123,3.105,0.604,-1.042,0.544
2015-03-26T16:30:00Z,-2.123,3.105,0.604,-1.042,0.544
2015-03-26T16:45:00Z,-2.123,3.105,0.604,-1.042,0.544
2015-03-26T17:00:00Z,-2.224,2.696,0.603,-1.019,0.056
2015-03-26T17:15:00Z,-2.224,2.696,0.603,-1.019,0.056
2015-03-26T17:30:00Z,-2.224,2.696,0.603,-1.019,0.056
2015-03-26T17:45:00Z,-2.224,2.696,0.603,-1.019,0.056
2015-03-26T18:00:00Z,-2.412,2.831,0.603,-1.025,-0.003
2015-03-26T18:15:00Z,-2.412,2.831,0.603,-1.025,-0.003
2015-03-26T18:30:00Z,-2.412,2.831,0.603,-1.025,-0.003
2015-03-26T18:45:00Z,-2.412,2.831,0.603,-1.025,-0.003
2015-03-26T19:00:00Z,-2.178,3.227,0.603,-1.03,0.622
2015-03-26T19:15:00Z,-2.178,3.227,0.603,-1.03,0.622
2015-03-26T19:30:00Z,-2.178,3.227,0.603,-1.03,0.622
2015-03-26T19:45:00Z,-2.178,3.227,0.603,-1.03,0.622
2015-03-26T20:00:00Z,-1.819,3.215,0.604,-1.031,0.969
2015-03-26T20:15:00Z,-1.819,3.215,0.604,-1.031,0.969
2015-03-26T20:30:00Z,-1.819,3.215,0.604,-1.031,0.969
2015-03-26T20:45:00Z,-1.819,3.215,0.604,-1.031,0.969
2015-03-26T21:00:00Z,-1.828,3.245,0.604,-1.034,0.986
2015-03-26T21:15:00Z,-1.828,3.245,0.604,-1.034,0.986
2015-03-26T21:30:00Z,-1.828,3.245,0.604,-1.034,0.986
2015-03-26T21:45:00Z,-1.828,3.245,0.604,-1.034,0.986
2015-03-26T22:00:00Z,-2.112,3.45,0.603,-1.037,0.904
2015-03-26T22:15:00Z,-2.112,3.45,0.603,-1.037,0.904
2015-03-26T22:30:00Z,-2.112,3.45,0.603,-1.037,0.904
2015-03-26T22:45:00Z,-2.112,3.45,0.603,-1.037,0.904
2015-03-26T23:00:00Z,-2.099,3.359,0.604,-1.039,0.825
2015-03-26T23:15:00Z,-2.099,3.359,0.604,-1.039,0.825
2015-03-26T23:30:00Z,-2.099,3.359,0.604,-1.039,0.825
2015-03-26T23:45:00Z,-2.099,3.359,0.604,-1.039,0.825
2015-03-27T00:00:00Z,-1.974,3.347,0.604,-1.04,0.937
2015-03-27T00:15:00Z,-1.974,3.347,0.604,-1.04,0.937
2015-03-27T00:30:00Z,-1.974,3.347,0.604,-1.04,0.937
2015-03-27T00:45:00Z,-1.974,3.347,0.604,-1.04,0.937
2015-03-27T01:00:00Z,-1.911,3.104,0.604,-1.03,0.767
2015-03-27T01:15:00Z,-1.911,3.104,0.604,-1.03,0.767
2015-03-27T01:30:00Z,-1.911,3.104,0.604,-1.03,0.767
2015-03-27T01:45:00Z,-1.911,3.104,0.604,-1.03,0.767
2015-03-27T02:00:00Z,-1.933,2.832,0.604,-1.043,0.46
2015-03-27T02:15:00Z,-1.933,2.832,0.604,-1.043,0.46
2015-03-27T02:30:00Z,-1.933,2.832,0.604,-1.043,0.46
2015-03-27T02:45:00Z,-1.933,2.832,0.604,-1.043,0.46
2015-03-27T03:00:00Z,-2.051,2.838,0.604,-1.024,0.367
2015-03-27T03:15:00Z,-2.051,2.838,0.604,-1.024,0.367
2015-03-27T03:30:00Z,-2.051,2.838,0.604,-1.024,0.367
2015-03-27T03:45:00Z,-2.051,2.838,0.604,-1.024,0.367
2015-03-27T04:00:00Z,-1.906,2.713,0.604,-1.043,0.368
2015-03-27T04:15:00Z,-1.906,2.713,0.604,-1.043,0.368
2015-03-27T04:30:00Z,-1.906,2.713,0.604,-1.043,0.368
2015-03-27T04:45:00Z,-1.906,2.713,0.604,-1.043,0.368
2015-03-27T05:00:00Z,-1.79,2.622,0.604,-1.013,0.422
2015-03-27T05:15:00Z,-1.79,2.622,0.604,-1.013,0.422
2015-03-27T05:30:00Z,-1.79,2.622,0.604,-1.013,0.422
2015-03-27T05:45:00Z,-1.79,2.622,0.604,-1.013,0.422
2015-03-27T06:00:00Z,-1.544,2.368,0.603,-1.024,0.403
2015-03-27T06:15:00Z,-1.544,2.368,0.603,-1.024,0.403
2015-03-27T06:30:00Z,-1.544,2.368,0.603,-1.024,0.403
2015-03-27T06:45:00Z,-1.544,2.368,0.603,-1.024,0.403
2015-03-27T07:00:00Z,-1.44,2.291,0.603,-1.04,0.414
2015-03-27T07:15:00Z,-1.44,2.291,0.603,-1.04,0.414
2015-03-27T07:30:00Z,-1.44,2.291,0.603,-1.04,0.414
2015-03-27T07:45:00Z,-1.44,2.291,0.603,-1.04,0.414
2015-03-27T08:00:00Z,-1.689,2.282,0.603,-1.024,0.172
2015-03-27T08:15:00Z,-1.689,2.282,0.603,-1.024,0.172
2015-03-27T08:30:00Z,-1.689,2.282,0.603,-1.024,0.172
2015-03-27T08:45:00Z,-1.689,2.282,0.603,-1.024,0.172
2015-03-27T09:00:00Z,-1.564,2.142,0.604,-1.02,0.162
2015-03-27T09:15:00Z,-1.564,2.142,0.604,-1.02,0.162
2015-03-27T09:30:00Z,-1.564,2.142,0.604,-1.02,0.162
2015-03-27T09:45:00Z,-1.564,2.142,0.604,-1.02,0.162
2015-03-27T10:00:00Z,-1.736,2.458,0.604,-1.019,0.307
2015-03-27T10:15:00Z,-1.736,2.458,0.604,-1.019,0.307
2015-03-27T10:30:00Z,-1.736,2.458,0.604,-1.019,0.307
2015-03-27T10:45:00Z,-1.736,2.458,0.604,-1.019,0.307
2015-03-27T11:00:00Z,-1.835,2.652,0.604,-1.033,0.387
2015-03-27T11:15:00Z,-1.835,2.652,0.604,-1.033,0.387
2015-03-27T11:30:00Z,-1.835,2.652,0.604,-1.033,0.387
2015-03-27T11:45:00Z,-1.835,2.652,0.604,-1.033,0.387
2015-03-27T12:00:00Z,-1.754,2.483,0.603,-1.016,0.316
2015-03-27T12:15:00Z,-1.754,2.483,0.603,-1.016,0.316
2015-03-27T12:30:00Z,-1.754,2.483,0.603,-1.016,0.316
2015-03-27T12:45:00Z,-1.754,2.483,0.603,-1.016,0.316
2015-03-27T13:00:00Z,-1.544,2.421,0.604,-1.001,0.48
2015-03-27T13:15:00Z,-1.544,2.421,0.604,-1.001,0.48
2015-03-27T13:30:00Z,-1.544,2.421,0.604,-1.001,0.48
2015-03-27T13:45:00Z,-1.544,2.421,0.604,-1.001,0.48
2015-03-27T14:00:00Z,-1.386,2.135,0.604,-1.034,0.32
2015-03-27T14:15:00Z,-1.386,2.135,0.604,-1.034,0.32
2015-03-27T14:30:00Z,-1.386,2.135,0.604,-1.034,0.32
2015-03-27T14:45:00Z,-1.386,2.135,0.604,-1.034,0.32
2015-03-27T15:00:00Z,-1.47,2.202,0.604,-0.836,0.5
2015-03-27T15:15:00Z,-1.47,2.202,0.604,-0.836,0.5
2015-03-27T15:30:00Z,-1.47,2.202,0.604,-0.836,0.5
2015-03-27T15:45:00Z,-1.47,2.202,0.604,-0.836,0.5
2015-03-27T16:00:00Z,-1.58,2.361,0.604,-0.871,0.514
2015-03-27T16:15:00Z,-1.58,2.361,0.604,-0.871,0.514
2015-03-27T16:30:00Z,-1.58,2.361,0.604,-0.871,0.514
2015-03-27T16:45:00Z,-1.58,2.361,0.604,-0.871,0.514
2015-03-27T17:00:00Z,-1.722,2.308,0.616,-1.021,0.181
2015-03-27T17:15:00Z,-1.722,2.308,0.616,-1.021,0.181
2015-03-27T17:30:00Z,-1.722,2.308,0.616,-1.021,0.181
2015-03-27T17:45:00Z,-1.722,2.308,0.616,-1.021,0.181
2015-03-27T18:00:00Z,-1.6,2.479,0.703,-0.995,0.586
2015-03-27T18:15:00Z,-1.6,2.479,0.703,-0.995,0.586
2015-03-27T18:30:00Z,-1.6,2.479,0.703,-0.995,0.586
2015-03-27T18:45:00Z,-1.6,2.479,0.703,-0.995,0.586
2015-03-27T19:00:00Z,-1.999,2.802,0.705,-1.047,0.461
2015-03-27T19:15:00Z,-1.999,2.802,0.705,-1.047,0.461
2015-03-27T19:30:00Z,-1.999,2.802,0.705,-1.047,0.461
2015-03-27T19:45:00Z,-1.999,2.802,0.705,-1.047,0.461
2015-03-27T20:00:00Z,-1.92,2.989,0.705,-1.039,0.734
2015-03-27T20:15:00Z,-1.92,2.989,0.705,-1.039,0.734
2015-03-27T20:30:00Z,-1.92,2.989,0.705,-1.039,0.734
2015-03-27T20:45:00Z,-1.92,2.989,0.705,-1.039,0.734
2015-03-27T21:00:00Z,-1.921,3.158,0.705,-1.039,0.902
2015-03-27T21:15:00Z,-1.921,3.158,0.705,-1.039,0.902
2015-03-27T21:30:00Z,-1.921,3.158,0.705,-1.039,0.902
2015-03-27T21:45:00Z,-1.921,3.158,0.705,-1.039,0.902
2015-03-27T22:00:00Z,-2.179,3.304,0.705,-1.031,0.799
2015-03-27T22:15:00Z,-2.179,3.304,0.705,-1.031,0.799
2015-03-27T22:30:00Z,-2.179,3.304,0.705,-1.031,0.799
2015-03-27T22:45:00Z,-2.179,3.304,0.705,-1.031,0.799
2015-03-27T23:00:00Z,-2.255,3.296,0.704,-0.939,0.807
2015-03-27T23:15:00Z,-2.255,3.296,0.704,-0.939,0.807
2015-03-27T23:30:00Z,-2.255,3.296,0.704,-0.939,0.807
2015-03-27T23:45:00Z,-2.255,3.296,0.704,-0.939,0.807
2015-03-28T00:00:00Z,-2.427,3.373,0.704,-0.943,0.707
2015-03-28T00:15:00Z,-2.427,3.373,0.704,-0.943,0.707
2015-03-28T00:30:00Z,-2.427,3.373,0.704,-0.943,0.707
2015-03-28T00:45:00Z,-2.427,3.373,0.704,-0.943,0.707
2015-03-28T01:00:00Z,-2.26,3.291,0.704,-0.93,0.805
2015-03-28T01:15:00Z,-2.26,3.291,0.704,-0.93,0.805
2015-03-28T01:30:00Z,-2.26,3.291,0.704,-0.93,0.805
2015-03-28T01:45:00Z,-2.26,3.291,0.704,-0.93,0.805
2015-03-28T02:00:00Z,-2.292,3.262,0.704,-0.897,0.777
2015-03-28T02:15:00Z,-2.292,3.262,0.704,-0.897,0.777
2015-03-28T02:30:00Z,-2.292,3.262,0.704,-0.897,0.777
2015-03-28T02:45:00Z,-2.292,3.262,0.704,-0.897,0.777
2015-03-28T03:00:00Z,-2.148,3.078,0.704,-0.915,0.719
2015-03-28T03:15:00Z,-2.148,3.078,0.704,-0.915,0.719
2015-03-28T03:30:00Z,-2.148,3.078,0.704,-0.915,0.719
2015-03-28T03:45:00Z,-2.148,3.078,0.704,-0.915,0.719
2015-03-28T04:00:00Z,-2.056,2.981,0.704,-0.825,0.804
2015-03-28T04:15:00Z,-2.056,2.981,0.704,-0.825,0.804
2015-03-28T04:30:00Z,-2.056,2.981,0.704,-0.825,0.804
2015-03-28T04:45:00Z,-2.056,2.981,0.704,-0.825,0.804
2015-03-28T05:00:00Z,-1.778,2.627,0.704,-0.854,0.699
2015-03-28T05:15:00Z,-1.778,2.627,0.704,-0.854,0.699
2015-03-28T05:30:00Z,-1.778,2.627,0.704,-0.854,0.699
2015-03-28T05:45:00Z,-1.778,2.627,0.704,-0.854,0.699
2015-03-28T06:00:00Z,-1.681,2.902,0.704,-0.919,1.006
2015-03-28T06:15:00Z,-1.681,2.902,0.704,-0.919,1.006
2015-03-28T06:30:00Z,-1.681,2.902,0.704,-0.919,1.006
2015-03-28T06:45:00Z,-1.681,2.902,0.704,-0.919,1.006
2015-03-28T07:00:00Z,-1.612,3.506,0.704,-1.025,1.574
2015-03-28T07:15:00Z,-1.612,3.506,0.704,-1.025,1.574
2015-03-28T07:30:00Z,-1.612,3.506,0.704,-1.025,1.574
2015-03-28T07:45:00Z,-1.612,3.506,0.704,-1.025,1.574
2015-03-28T08:00:00Z,-1.81,3.985,0.704,-1.076,1.803
2015-03-28T08:15:00Z,-1.81,3.985,0.704,-1.076,1.803
2015-03-28T08:30:00Z,-1.81,3.985,0.704,-1.076,1.803
2015-03-28T08:45:00Z,-1.81,3.985,0.704,-1.076,1.803
2015-03-28T09:00:00Z,-2.035,4.089,0.704,-1.053,1.705
2015-03-28T09:15:00Z,-2.035,4.089,0.704,-1.053,1.705
2015-03-28T09:30:00Z,-2.035,4.089,0.704,-1.053,1.705
2015-03-28T09:45:00Z,-2.035,4.089,0.704,-1.053,1.705
2015-03-28T10:00:00Z,-2.089,3.952,0.704,-1.033,1.534
2015-03-28T10:15:00Z,-2.089,3.952,0.704,-1.033,1.534
2015-03-28T10:30:00Z,-2.089,3.952,0.704,-1.033,1.534
2015-03-28T10:45:00Z,-2.089,3.952,0.704,-1.033,1.534
2015-03-28T11:00:00Z,-2.154,3.73,0.705,-1.038,1.243
2015-03-28T11:15:00Z,-2.154,3.73,0.705,-1.038,1.243
2015-03-28T11:30:00Z,-2.154,3.73,0.705,-1.038,1.243
2015-03-28T11:45:00Z,-2.154,3.73,0.705,-1.038,1.243
2015-03-28T12:00:00Z,-1.772,3.459,0.705,-1.043,1.349
2015-03-28T12:15:00Z,-1.772,3.459,0.705,-1.043,1.349
2015-03-28T12:30:00Z,-1.772,3.459,0.705,-1.043,1.349
2015-03-28T12:45:00Z,-1.772,3.459,0.705,-1.043,1.349
2015-03-28T13:00:00Z,-1.539,3.321,0.705,-1.02,1.467
2015-03-28T13:15:00Z,-1.539,3.321,0.705,-1.02,1.467
2015-03-28T13:30:00Z,-1.539,3.321,0.705,-1.02,1.467
2015-03-28T13:45:00Z,-1.539,3.321,0.705,-1.02,1.467
2015-03-28T14:00:00Z,-1.469,3.065,0.705,-1.04,1.26
2015-03-28T14:15:00Z,-1.469,3.065,0.705,-1.04,1.26
2015-03-28T14:30:00Z,-1.469,3.065,0.705,-1.04,1.26
2015-03-28T14:45:00Z,-1.469,3.065,0.705,-1.04,1.26
2015-03-28T15:00:00Z,-1.601,3.076,0.705,-1.03,1.15
2015-03-28T15:15:00Z,-1.601,3.076,0.705,-1.03,1.15
2015-03-28T15:30:00Z,-1.601,3.076,0.705,-1.03,1.15
2015-03-28T15:45:00Z,-1.601,3.076,0.705,-1.03,1.15
2015-03-28T16:00:00Z,-1.703,3.155,0.705,-1.047,1.11
2015-03-28T16:15:00Z,-1.703,3.155,0.705,-1.047,1.11
2015-03-28T16:30:00Z,-1.703,3.155,0.705,-1.047,1.11
2015-03-28T16:45:00Z,-1.703,3.155,0.705,-1.047,1.11
2015-03-28T17:00:00Z,-2.04,2.639,0.705,-1.006,0.299
2015-03-28T17:15:00Z,-2.04,2.639,0.705,-1.006,0.299
2015-03-28T17:30:00Z,-2.04,2.639,0.705,-1.006,0.299
2015-03-28T17:45:00Z,-2.04,2.639,0.705,-1.006,0.299
2015-03-28T18:00:00Z,-2.122,2.55,0.705,-1.024,0.109
2015-03-28T18:15:00Z,-2.122,2.55,0.705,-1.024,0.109
2015-03-28T18:30:00Z,-2.122,2.55,0.705,-1.024,0.109
2015-03-28T18:45:00Z,-2.122,2.55,0.705,-1.024,0.109
2015-03-28T19:00:00Z,-1.883,2.283,0.705,-1.005,0.099
2015-03-28T19:15:00Z,-1.883,2.283,0.705,-1.005,0.099
2015-03-28T19:30:00Z,-1.883,2.283,0.705,-1.005,0.099
2015-03-28T19:45:00Z,-1.883,2.283,0.705,-1.005,0.099
2015-03-28T20:00:00Z,-1.466,1.916,0.705,-1.033,0.122
2015-03-28T20:15:00Z,-1.466,1.916,0.705,-1.033,0.122
2015-03-28T20:30:00Z,-1.466,1.916,0.705,-1.033,0.122
2015-03-28T20:45:00Z,-1.466,1.916,0.705,-1.033,0.122
2015-03-28T21:00:00Z,-1.735,1.837,0.705,-1.031,-0.225
2015-03-28T21:15:00Z,-1.735,1.837,0.705,-1.031,-0.225
2015-03-28T21:30:00Z,-1.735,1.837,0.705,-1.031,-0.225
2015-03-28T21:45:00Z,-1.735,1.837,0.705,-1.031,-0.225
2015-03-28T22:00:00Z,-1.843,1.923,0.705,-1.032,-0.247
2015-03-28T22:15:00Z,-1.843,1.923,0.705,-1.032,-0.247
2015-03-28T22:30:00Z,-1.843,1.923,0.705,-1.032,-0.247
2015-03-28T22:45:00Z,-1.843,1.923,0.705,-1.032,-0.247
2015-03-28T23:00:00Z,-1.667,1.832,0.705,-0.917,-0.047
2015-03-28T23:15:00Z,-1.667,1.832,0.705,-0.917,-0.047
2015-03-28T23:30:00Z,-1.667,1.832,0.705,-0.917,-0.047
2015-03-28T23:45:00Z,-1.667,1.832,0.705,-0.917,-0.047
2015-03-29T00:00:00Z,-1.555,1.68,0.645,-0.882,-0.112
2015-03-29T00:15:00Z,-1.555,1.68,0.645,-0.882,-0.112
2015-03-29T00:30:00Z,-1.555,1.68,0.645,-0.882,-0.112
2015-03-29T00:45:00Z,-1.555,1.68,0.645,-0.882,-0.112
2015-03-29T01:00:00Z,-1.326,2.054,0.296,-0.891,0.133
2015-03-29T01:15:00Z,-1.326,2.054,0.296,-0.891,0.133
2015-03-29T01:30:00Z,-1.326,2.054,0.296,-0.891,0.133
2015-03-29T01:45:00Z,-1.326,2.054,0.296,-0.891,0.133
2015-03-29T02:00:00Z,-1.097,2.784,-0.222,-0.886,0.579
2015-03-29T02:15:00Z,-1.097,2.784,-0.222,-0.886,0.579
2015-03-29T02:30:00Z,-1.097,2.784,-0.222,-0.886,0.579
2015-03-29T02:45:00Z,-1.097,2.784,-0.222,-0.886,0.579
2015-03-29T03:00:00Z,-1.365,3.071,-0.099,-0.878,0.729
2015-03-29T03:15:00Z,-1.365,3.071,-0.099,-0.878,0.729
2015-03-29T03:30:00Z,-1.365,3.071,-0.099,-0.878,0.729
2015-03-29T03:45:00Z,-1.365,3.071,-0.099,-0.878,0.729
2015-03-29T04:00:00Z,-1.519,2.936,0.204,-0.901,0.72
2015-03-29T04:15:00Z,-1.519,2.936,0.204,-0.901,0.72
2015-03-29T04:30:00Z,-1.519,2.936,0.204,-0.901,0.72
2015-03-29T04:45:00Z,-1.519,2.936,0.204,-0.901,0.72
2015-03-29T05:00:00Z,-1.325,3.07,-0.275,-0.905,0.565
2015-03-29T05:15:00Z,-1.325,3.07,-0.275,-0.905,0.565
2015-03-29T05:30:00Z,-1.325,3.07,-0.275,-0.905,0.565
2015-03-29T05:45:00Z,-1.325,3.07,-0.275,-0.905,0.565
2015-03-29T06:00:00Z,-1.183,2.864,0.207,-0.865,1.023
2015-03-29T06:15:00Z,-1.183,2.864,0.207,-0.865,1.023
2015-03-29T06:30:00Z,-1.183,2.864,0.207,-0.865,1.023
2015-03-29T06:45:00Z,-1.183,2.864,0.207,-0.865,1.023
2015-03-29T07:00:00Z,-1.111,2.627,0.626,-1.016,1.126
2015-03-29T07:15:00Z,-1.111,2.627,0.626,-1.016,1.126
2015-03-29T07:30:00Z,-1.111,2.627,0.626,-1.016,1.126
2015-03-29T07:45:00Z,-1.111,2.627,0.626,-1.016,1.126
2015-03-29T08:00:00Z,-1.127,2.696,0.588,-1.019,1.138
2015-03-29T08:15:00Z,-1.127,2.696,0.588,-1.019,1.138
2015-03-29T08:30:00Z,-1.127,2.696,0.588,-1.019,1.138
2015-03-29T08:45:00Z,-1.127,2.696,0.588,-1.019,1.138
2015-03-29T09:00:00Z,-1.111,2.505,0.702,-1.044,1.052
2015-03-29T09:15:00Z,-1.111,2.505,0.702,-1.044,1.052
2015-03-29T09:30:00Z,-1.111,2.505,0.702,-1.044,1.052
2015-03-29T09:45:00Z,-1.111,2.505,0.702,-1.044,1.052
2015-03-29T10:00:00Z,-0.995,2.572,0.705,-1.028,1.255
2015-03-29T10:15:00Z,-0.995,2.572,0.705,-1.028,1.255
2015-03-29T10:30:00Z,-0.995,2.572,0.705,-1.028,1.255
2015-03-29T10:45:00Z,-0.995,2.572,0.705,-1.028,1.255
2015-03-29T11:00:00Z,-0.932,2.688,0.704,-0.994,1.466
2015-03-29T11:15:00Z,-0.932,2.688,0.704,-0.994,1.466
2015-03-29T11:30:00Z,-0.932,2.688,0.704,-0.994,1.466
2015-03-29T11:45:00Z,-0.932,2.688,0.704,-0.994,1.466
2015-03-29T12:00:00Z,-0.789,2.596,0.669,-1.014,1.463
2015-03-29T12:15:00Z,-0.789,2.596,0.669,-1.014,1.463
2015-03-29T12:30:00Z,-0.789,2.596,0.669,-1.014,1.463
2015-03-29T12:45:00Z,-0.789,2.596,0.669,-1.014,1.463
2015-03-29T13:00:00Z,-0.391,2.299,0.669,-1.02,1.557
2015-03-29T13:15:00Z,-0.391,2.299,0.669,-1.02,1.557
2015-03-29T13:30:00Z,-0.391,2.299,0.669,-1.02,1.557
2015-03-29T13:45:00Z,-0.391,2.299,0.669,-1.02,1.557
2015-03-29T14:00:00Z,0.213,1.798,0.665,-1.038,1.638
2015-03-29T14:15:00Z,0.213,1.798,0.665,-1.038,1.638
2015-03-29T14:30:00Z,0.213,1.798,0.665,-1.038,1.638
2015-03-29T14:45:00Z,0.213,1.798,0.665,-1.038,1.638
2015-03-29T15:00:00Z,0.15,1.738,0.666,-1.038,1.516
2015-03-29T15:15:00Z,0.15,1.738,0.666,-1.038,1.516
2015-03-29T15:30:00Z,0.15,1.738,0.666,-1.038,1.516
2015-03-29T15:45:00Z,0.15,1.738,0.666,-1.038,1.516
2015-03-29T16:00:00Z,-0.493,1.928,0.704,-1.032,1.108
2015-03-29T16:15:00Z,-0.493,1.928,0.704,-1.032,1.108
2015-03-29T16:30:00Z,-0.493,1.928,0.704,-1.032,1.108
2015-03-29T16:45:00Z,-0.493,1.928,0.704,-1.032,1.108
2015-03-29T17:00:00Z,-0.967,2.193,0.705,-1.033,0.898
2015-03-29T17:15:00Z,-0.967,2.193,0.705,-1.033,0.898
2015-03-29T17:30:00Z,-0.967,2.193,0.705,-1.033,0.898
2015-03-29T17:45:00Z,-0.967,2.193,0.705,-1.033,0.898
2015-03-29T18:00:00Z,-1.327,2.295,0.705,-1.014,0.66
2015-03-29T18:15:00Z,-1.327,2.295,0.705,-1.014,0.66
2015-03-29T18:30:00Z,-1.327,2.295,0.705,-1.014,0.66
2015-03-29T18:45:00Z,-1.327,2.295,0.705,-1.014,0.66
2015-03-29T19:00:00Z,-1.038,2.114,0.705,-1,0.781
2015-03-29T19:15:00Z,-1.038,2.114,0.705,-1,0.781
2015-03-29T19:30:00Z,-1.038,2.114,0.705,-1,0.781
2015-03-29T19:45:00Z,-1.038,2.114,0.705,-1,0.781
2015-03-29T20:00:00Z,-1.062,2.069,0.705,-1.011,0.701
2015-03-29T20:15:00Z,-1.062,2.069,0.705,-1.011,0.701
2015-03-29T20:30:00Z,-1.062,2.069,0.705,-1.011,0.701
2015-03-29T20:45:00Z,-1.062,2.069,0.705,-1.011,0.701
2015-03-29T21:00:00Z,-1.358,2.059,0.68,-1.034,0.347
2015-03-29T21:15:00Z,-1.358,2.059,0.68,-1.034,0.347
2015-03-29T21:30:00Z,-1.358,2.059,0.68,-1.034,0.347
2015-03-29T21:45:00Z,-1.358,2.059,0.68,-1.034,0.347
2015-03-29T22:00:00Z,-1.354,2.669,0.13,-0.902,0.543
2015-03-29T22:15:00Z,-1.354,2.669,0.13,-0.902,0.543
2015-03-29T22:30:00Z,-1.354,2.669,0.13,-0.902,0.543
2015-03-29T22:45:00Z,-1.354,2.669,0.13,-0.902,0.543
2015-03-29T23:00:00Z,-1.461,2.838,0.175,-0.915,0.637
2015-03-29T23:15:00Z,-1.461,2.838,0.175,-0.915,0.637
2015-03-29T23:30:00Z,-1.461,2.838,0.175,-0.915,0.637
2015-03-29T23:45:00Z,-1.461,2.838,0.175,-0.915,0.637
2015-03-30T00:00:00Z,-1.357,2.741,0.009,-0.924,0.469
2015-03-30T00:15:00Z,-1.357,2.741,0.009,-0.924,0.469
2015-03-30T00:30:00Z,-1.357,2.741,0.009,-0.924,0.469
2015-03-30T00:45:00Z,-1.357,2.741,0.009,-0.924,0.469
2015-03-30T01:00:00Z,-1.248,2.611,0.001,-0.924,0.44
2015-03-30T01:15:00Z,-1.248,2.611,0.001,-0.924,0.44
2015-03-30T01:30:00Z,-1.248,2.611,0.001,-0.924,0.44
2015-03-30T01:45:00Z,-1.248,2.611,0.001,-0.924,0.44
2015-03-30T02:00:00Z,-1.21,2.355,0.164,-0.924,0.385
2015-03-30T02:15:00Z,-1.21,2.355,0.164,-0.924,0.385
2015-03-30T02:30:00Z,-1.21,2.355,0.164,-0.924,0.385
2015-03-30T02:45:00Z,-1.21,2.355,0.164,-0.924,0.385
2015-03-30T03:00:00Z,-1.309,2.202,0.2,-0.924,0.169
2015-03-30T03:15:00Z,-1.309,2.202,0.2,-0.924,0.169
2015-03-30T03:30:00Z,-1.309,2.202,0.2,-0.924,0.169
2015-03-30T03:45:00Z,-1.309,2.202,0.2,-0.924,0.169
2015-03-30T04:00:00Z,-1.639,1.961,0.685,-1.021,-0.014
2015-03-30T04:15:00Z,-1.639,1.961,0.685,-1.021,-0.014
2015-03-30T04:30:00Z,-1.639,1.961,0.685,-1.021,-0.014
2015-03-30T04:45:00Z,-1.639,1.961,0.685,-1.021,-0.014
2015-03-30T05:00:00Z,-1.804,2.065,0.705,-0.96,0.007
2015-03-30T05:15:00Z,-1.804,2.065,0.705,-0.96,0.007
2015-03-30T05:30:00Z,-1.804,2.065,0.705,-0.96,0.007
2015-03-30T05:45:00Z,-1.804,2.065,0.705,-0.96,0.007
2015-03-30T06:00:00Z,-1.8,2.221,0.704,-0.841,0.284
2015-03-30T06:15:00Z,-1.8,2.221,0.704,-0.841,0.284
2015-03-30T06:30:00Z,-1.8,2.221,0.704,-0.841,0.284
2015-03-30T06:45:00Z,-1.8,2.221,0.704,-0.841,0.284
2015-03-30T07:00:00Z,-1.969,2.374,0.705,-1.039,0.071
2015-03-30T07:15:00Z,-1.969,2.374,0.705,-1.039,0.071
2015-03-30T07:30:00Z,-1.969,2.374,0.705,-1.039,0.071
2015-03-30T07:45:00Z,-1.969,2.374,0.705,-1.039,0.071
2015-03-30T08:00:00Z,-2.04,2.293,0.705,-1,-0.041
2015-03-30T08:15:00Z,-2.04,2.293,0.705,-1,-0.041
2015-03-30T08:30:00Z,-2.04,2.293,0.705,-1,-0.041
2015-03-30T08:45:00Z,-2.04,2.293,0.705,-1,-0.041
2015-03-30T09:00:00Z,-2.109,2.236,0.705,-1.022,-0.189
2015-03-30T09:15:00Z,-2.109,2.236,0.705,-1.022,-0.189
2015-03-30T09:30:00Z,-2.109,2.236,0.705,-1.022,-0.189
2015-03-30T09:45:00Z,-2.109,2.236,0.705,-1.022,-0.189
2015-03-30T10:00:00Z,-2.002,2.078,0.705,-1.03,-0.249
2015-03-30T10:15:00Z,-2.002,2.078,0.705,-1.03,-0.249
2015-03-30T10:30:00Z,-2.002,2.078,0.705,-1.03,-0.249
2015-03-30T10:45:00Z,-2.002,2.078,0.705,-1.03,-0.249
2015-03-30T11:00:00Z,-1.847,1.988,0.705,-1.035,-0.19
2015-03-30T11:15:00Z,-1.847,1.988,0.705,-1.035,-0.19
2015-03-30T11:30:00Z,-1.847,1.988,0.705,-1.035,-0.19
2015-03-30T11:45:00Z,-1.847,1.988,0.705,-1.035,-0.19
2015-03-30T12:00:00Z,-1.559,1.788,0.705,-1.054,-0.12
2015-03-30T12:15:00Z,-1.559,1.788,0.705,-1.054,-0.12
2015-03-30T12:30:00Z,-1.559,1.788,0.705,-1.054,-0.12
2015-03-30T12:45:00Z,-1.559,1.788,0.705,-1.054,-0.12
2015-03-30T13:00:00Z,-1.534,2.071,0.705,-1.059,0.183
2015-03-30T13:15:00Z,-1.534,2.071,0.705,-1.059,0.183
2015-03-30T13:30:00Z,-1.534,2.071,0.705,-1.059,0.183
2015-03-30T13:45:00Z,-1.534,2.071,0.705,-1.059,0.183
2015-03-30T14:00:00Z,-1.708,2.173,0.705,-1.035,0.135
2015-03-30T14:15:00Z,-1.708,2.173,0.705,-1.035,0.135
2015-03-30T14:30:00Z,-1.708,2.173,0.705,-1.035,0.135
2015-03-30T14:45:00Z,-1.708,2.173,0.705,-1.035,0.135
2015-03-30T15:00:00Z,-1.944,2.305,0.705,-1.029,0.037
2015-03-30T15:15:00Z,-1.944,2.305,0.705,-1.029,0.037
2015-03-30T15:30:00Z,-1.944,2.305,0.705,-1.029,0.037
2015-03-30T15:45:00Z,-1.944,2.305,0.705,-1.029,0.037
2015-03-30T16:00:00Z,-1.933,2.106,0.705,-1.011,-0.133
2015-03-30T16:15:00Z,-1.933,2.106,0.705,-1.011,-0.133
2015-03-30T16:30:00Z,-1.933,2.106,0.705,-1.011,-0.133
2015-03-30T16:45:00Z,-1.933,2.106,0.705,-1.011,-0.133
2015-03-30T17:00:00Z,-1.707,1.809,0.705,-1.017,-0.21
2015-03-30T17:15:00Z,-1.707,1.809,0.705,-1.017,-0.21
2015-03-30T17:30:00Z,-1.707,1.809,0.705,-1.017,-0.21
2015-03-30T17:45:00Z,-1.707,1.809,0.705,-1.017,-0.21
2015-03-30T18:00:00Z,-1.497,1.596,0.705,-0.996,-0.192
2015-03-30T18:15:00Z,-1.497,1.596,0.705,-0.996,-0.192
2015-03-30T18:30:00Z,-1.497,1.596,0.705,-0.996,-0.192
2015-03-30T18:45:00Z,-1.497,1.596,0.705,-0.996,-0.192
2015-03-30T19:00:00Z,-1.4,1.504,0.705,-1.018,-0.209
2015-03-30T19:15:00Z,-1.4,1.504,0.705,-1.018,-0.209
2015-03-30T19:30:00Z,-1.4,1.504,0.705,-1.018,-0.209
2015-03-30T19:45:00Z,-1.4,1.504,0.705,-1.018,-0.209
2015-03-30T20:00:00Z,-1.637,1.576,0.705,-1.017,-0.372
2015-03-30T20:15:00Z,-1.637,1.576,0.705,-1.017,-0.372
2015-03-30T20:30:00Z,-1.637,1.576,0.705,-1.017,-0.372
2015-03-30T20:45:00Z,-1.637,1.576,0.705,-1.017,-0.372
2015-03-30T21:00:00Z,-1.603,1.534,0.705,-1.018,-0.382
2015-03-30T21:15:00Z,-1.603,1.534,0.705,-1.018,-0.382
2015-03-30T21:30:00Z,-1.603,1.534,0.705,-1.018,-0.382
2015-03-30T21:45:00Z,-1.603,1.534,0.705,-1.018,-0.382
2015-03-30T22:00:00Z,-1.363,1.451,0.704,-1.026,-0.234
2015-03-30T22:15:00Z,-1.363,1.451,0.704,-1.026,-0.234
2015-03-30T22:30:00Z,-1.363,1.451,0.704,-1.026,-0.234
2015-03-30T22:45:00Z,-1.363,1.451,0.704,-1.026,-0.234
2015-03-30T23:00:00Z,-1.588,1.951,0.656,-1.023,-0.005
2015-03-30T23:15:00Z,-1.588,1.951,0.656,-1.023,-0.005
2015-03-30T23:30:00Z,-1.588,1.951,0.656,-1.023,-0.005
2015-03-30T23:45:00Z,-1.588,1.951,0.656,-1.023,-0.005
2015-03-31T00:00:00Z,-1.011,1.909,0.21,-1.025,0.083
2015-03-31T00:15:00Z,-1.011,1.909,0.21,-1.025,0.083
2015-03-31T00:30:00Z,-1.011,1.909,0.21,-1.025,0.083
2015-03-31T00:45:00Z,-1.011,1.909,0.21,-1.025,0.083
2015-03-31T01:00:00Z,-0.613,1.748,-0.139,-1.025,-0.029
2015-03-31T01:15:00Z,-0.613,1.748,-0.139,-1.025,-0.029
2015-03-31T01:30:00Z,-0.613,1.748,-0.139,-1.025,-0.029
2015-03-31T01:45:00Z,-0.613,1.748,-0.139,-1.025,-0.029
2015-03-31T02:00:00Z,-0.612,1.566,-0.002,-1.025,-0.073
2015-03-31T02:15:00Z,-0.612,1.566,-0.002,-1.025,-0.073
2015-03-31T02:30:00Z,-0.612,1.566,-0.002,-1.025,-0.073
2015-03-31T02:45:00Z,-0.612,1.566,-0.002,-1.025,-0.073
2015-03-31T03:00:00Z,-1.253,1.798,0.403,-1.025,-0.076
2015-03-31T03:15:00Z,-1.253,1.798,0.403,-1.025,-0.076
2015-03-31T03:30:00Z,-1.253,1.798,0.403,-1.025,-0.076
2015-03-31T03:45:00Z,-1.253,1.798,0.403,-1.025,-0.076
2015-03-31T04:00:00Z,-1.559,1.76,0.698,-1.026,-0.128
2015-03-31T04:15:00Z,-1.559,1.76,0.698,-1.026,-0.128
2015-03-31T04:30:00Z,-1.559,1.76,0.698,-1.026,-0.128
2015-03-31T04:45:00Z,-1.559,1.76,0.698,-1.026,-0.128
2015-03-31T05:00:00Z,-1.55,1.731,0.704,-1.013,-0.129
2015-03-31T05:15:00Z,-1.55,1.731,0.704,-1.013,-0.129
2015-03-31T05:30:00Z,-1.55,1.731,0.704,-1.013,-0.129
2015-03-31T05:45:00Z,-1.55,1.731,0.704,-1.013,-0.129
2015-03-31T06:00:00Z,-1.702,1.909,0.705,-1.019,-0.107
2015-03-31T06:15:00Z,-1.702,1.909,0.705,-1.019,-0.107
2015-03-31T06:30:00Z,-1.702,1.909,0.705,-1.019,-0.107
2015-03-31T06:45:00Z,-1.702,1.909,0.705,-1.019,-0.107
2015-03-31T07:00:00Z,-1.739,1.948,0.705,-1.008,-0.095
2015-03-31T07:15:00Z,-1.739,1.948,0.705,-1.008,-0.095
2015-03-31T07:30:00Z,-1.739,1.948,0.705,-1.008,-0.095
2015-03-31T07:45:00Z,-1.739,1.948,0.705,-1.008,-0.095
2015-03-31T08:00:00Z,-1.719,2.013,0.705,-1.025,-0.025
2015-03-31T08:15:00Z,-1.719,2.013,0.705,-1.025,-0.025
2015-03-31T08:30:00Z,-1.719,2.013,0.705,-1.025,-0.025
2015-03-31T08:45:00Z,-1.719,2.013,0.705,-1.025,-0.025
2015-03-31T09:00:00Z,-1.655,2.047,0.705,-1.018,0.079
2015-03-31T09:15:00Z,-1.655,2.047,0.705,-1.018,0.079
2015-03-31T09:30:00Z,-1.655,2.047,0.705,-1.018,0.079
2015-03-31T09:45:00Z,-1.655,2.047,0.705,-1.018,0.079
2015-03-31T10:00:00Z,-1.803,2.133,0.705,-1.016,0.018
2015-03-31T10:15:00Z,-1.803,2.133,0.705,-1.016,0.018
2015-03-31T10:30:00Z,-1.803,2.133,0.705,-1.016,0.018
2015-03-31T10:45:00Z,-1.803,2.133,0.705,-1.016,0.018
2015-03-31T11:00:00Z,-1.365,2,0.705,-1.054,0.285
2015-03-31T11:15:00Z,-1.365,2,0.705,-1.054,0.285
2015-03-31T11:30:00Z,-1.365,2,0.705,-1.054,0.285
2015-03-31T11:45:00Z,-1.365,2,0.705,-1.054,0.285
2015-03-31T12:00:00Z,-1.227,1.794,0.705,-1.011,0.261
2015-03-31T12:15:00Z,-1.227,1.794,0.705,-1.011,0.261
2015-03-31T12:30:00Z,-1.227,1.794,0.705,-1.011,0.261
2015-03-31T12:45:00Z,-1.227,1.794,0.705,-1.011,0.261
2015-03-31T13:00:00Z,-1.265,1.736,0.705,-0.882,0.294
2015-03-31T13:15:00Z,-1.265,1.736,0.705,-0.882,0.294
2015-03-31T13:30:00Z,-1.265,1.736,0.705,-0.882,0.294
2015-03-31T13:45:00Z,-1.265,1.736,0.705,-0.882,0.294
2015-03-31T14:00:00Z,-1.221,1.645,0.705,-1.017,0.112
2015-03-31T14:15:00Z,-1.221,1.645,0.705,-1.017,0.112
2015-03-31T14:30:00Z,-1.221,1.645,0.705,-1.017,0.112
2015-03-31T14:45:00Z,-1.221,1.645,0.705,-1.017,0.112
2015-03-31T15:00:00Z,-1.239,1.75,0.704,-1.025,0.189
2015-03-31T15:15:00Z,-1.239,1.75,0.704,-1.025,0.189
2015-03-31T15:30:00Z,-1.239,1.75,0.704,-1.025,0.189
2015-03-31T15:45:00Z,-1.239,1.75,0.704,-1.025,0.189
2015-03-31T16:00:00Z,-1.517,1.787,0.704,-1.025,-0.051
2015-03-31T16:15:00Z,-1.517,1.787,0.704,-1.025,-0.051
2015-03-31T16:30:00Z,-1.517,1.787,0.704,-1.025,-0.051
2015-03-31T16:45:00Z,-1.517,1.787,0.704,-1.025,-0.051
2015-03-31T17:00:00Z,-1.334,1.797,0.705,-1.024,0.144
2015-03-31T17:15:00Z,-1.334,1.797,0.705,-1.024,0.144
2015-03-31T17:30:00Z,-1.334,1.797,0.705,-1.024,0.144
2015-03-31T17:45:00Z,-1.334,1.797,0.705,-1.024,0.144
2015-03-31T18:00:00Z,-1.533,1.985,0.704,-1.028,0.127
2015-03-31T18:15:00Z,-1.533,1.985,0.704,-1.028,0.127
2015-03-31T18:30:00Z,-1.533,1.985,0.704,-1.028,0.127
2015-03-31T18:45:00Z,-1.533,1.985,0.704,-1.028,0.127
2015-03-31T19:00:00Z,-1.221,2.092,0.704,-1.03,0.544
2015-03-31T19:15:00Z,-1.221,2.092,0.704,-1.03,0.544
2015-03-31T19:30:00Z,-1.221,2.092,0.704,-1.03,0.544
2015-03-31T19:45:00Z,-1.221,2.092,0.704,-1.03,0.544
2015-03-31T20:00:00Z,-1.449,1.823,0.704,-1.039,0.039
2015-03-31T20:15:00Z,-1.449,1.823,0.704,-1.039,0.039
2015-03-31T20:30:00Z,-1.449,1.823,0.704,-1.039,0.039
2015-03-31T20:45:00Z,-1.449,1.823,0.704,-1.039,0.039
2015-03-31T21:00:00Z,-1.615,1.614,0.704,-1.023,-0.32
2015-03-31T21:15:00Z,-1.615,1.614,0.704,-1.023,-0.32
2015-03-31T21:30:00Z,-1.615,1.614,0.704,-1.023,-0.32
2015-03-31T21:45:00Z,-1.615,1.614,0.704,-1.023,-0.32
2015-03-31T22:00:00Z,-1.883,2.008,0.704,-1.009,-0.18
2015-03-31T22:15:00Z,-1.883,2.008,0.704,-1.009,-0.18
2015-03-31T22:30:00Z,-1.883,2.008,0.704,-1.009,-0.18
2015-03-31T22:45:00Z,-1.883,2.008,0.704,-1.009,-0.18
2015-03-31T23:00:00Z,-1.938,2.05,0.704,-0.894,-0.079
2015-03-31T23:15:00Z,-1.938,2.05,0.704,-0.894,-0.079
2015-03-31T23:30:00Z,-1.938,2.05,0.704,-0.894,-0.079
2015-03-31T23:45:00Z,-1.938,2.05,0.704,-0.894,-0.079
