tijdstip_utc,belgium,germany,norway,united_kingdom,sum
2016-11-01T00:00:00Z,-2.338,1.727,0.174,-1.034,-1.471
2016-11-01T00:15:00Z,-2.338,1.727,0.174,-1.034,-1.471
2016-11-01T00:30:00Z,-2.338,1.727,0.174,-1.034,-1.471
2016-11-01T00:45:00Z,-2.338,1.727,0.174,-1.034,-1.471
2016-11-01T01:00:00Z,-2.375,1.606,0.006,-1.024,-1.787
2016-11-01T01:15:00Z,-2.375,1.606,0.006,-1.024,-1.787
2016-11-01T01:30:00Z,-2.375,1.606,0.006,-1.024,-1.787
2016-11-01T01:45:00Z,-2.375,1.606,0.006,-1.024,-1.787
2016-11-01T02:00:00Z,-2.35,1.401,0,-1.024,-1.973
2016-11-01T02:15:00Z,-2.35,1.401,0,-1.024,-1.973
2016-11-01T02:30:00Z,-2.35,1.401,0,-1.024,-1.973
2016-11-01T02:45:00Z,-2.35,1.401,0,-1.024,-1.973
2016-11-01T03:00:00Z,-2.255,1.313,0.043,-1.024,-1.923
2016-11-01T03:15:00Z,-2.255,1.313,0.043,-1.024,-1.923
2016-11-01T03:30:00Z,-2.255,1.313,0.043,-1.024,-1.923
2016-11-01T03:45:00Z,-2.255,1.313,0.043,-1.024,-1.923
2016-11-01T04:00:00Z,-2.144,1.146,-0.062,-1.024,-2.084
2016-11-01T04:15:00Z,-2.144,1.146,-0.062,-1.024,-2.084
2016-11-01T04:30:00Z,-2.144,1.146,-0.062,-1.024,-2.084
2016-11-01T04:45:00Z,-2.144,1.146,-0.062,-1.024,-2.084
2016-11-01T05:00:00Z,-2.287,1.496,0.481,-1.029,-1.339
2016-11-01T05:15:00Z,-2.287,1.496,0.481,-1.029,-1.339
2016-11-01T05:30:00Z,-2.287,1.496,0.481,-1.029,-1.339
2016-11-01T05:45:00Z,-2.287,1.496,0.481,-1.029,-1.339
2016-11-01T06:00:00Z,-1.958,1.75,0.602,-1.049,-0.655
2016-11-01T06:15:00Z,-1.958,1.75,0.602,-1.049,-0.655
2016-11-01T06:30:00Z,-1.958,1.75,0.602,-1.049,-0.655
2016-11-01T06:45:00Z,-1.958,1.75,0.602,-1.049,-0.655
2016-11-01T07:00:00Z,-1.675,2.192,0.604,-1.009,0.111
2016-11-01T07:15:00Z,-1.675,2.192,0.604,-1.009,0.111
2016-11-01T07:30:00Z,-1.675,2.192,0.604,-1.009,0.111
2016-11-01T07:45:00Z,-1.675,2.192,0.604,-1.009,0.111
2016-11-01T08:00:00Z,-1.523,2.352,0.604,-1.015,0.419
2016-11-01T08:15:00Z,-1.523,2.352,0.604,-1.015,0.419
2016-11-01T08:30:00Z,-1.523,2.352,0.604,-1.015,0.419
2016-11-01T08:45:00Z,-1.523,2.352,0.604,-1.015,0.419
2016-11-01T09:00:00Z,-1.54,2.528,0.604,-1.049,0.543
2016-11-01T09:15:00Z,-1.54,2.528,0.604,-1.049,0.543
2016-11-01T09:30:00Z,-1.54,2.528,0.604,-1.049,0.543
2016-11-01T09:45:00Z,-1.54,2.528,0.604,-1.049,0.543
2016-11-01T10:00:00Z,-1.47,2.435,0.603,-1.023,0.545
2016-11-01T10:15:00Z,-1.47,2.435,0.603,-1.023,0.545
2016-11-01T10:30:00Z,-1.47,2.435,0.603,-1.023,0.545
2016-11-01T10:45:00Z,-1.47,2.435,0.603,-1.023,0.545
2016-11-01T11:00:00Z,-1.747,2.413,0.603,-1.041,0.227
2016-11-01T11:15:00Z,-1.747,2.413,0.603,-1.041,0.227
2016-11-01T11:30:00Z,-1.747,2.413,0.603,-1.041,0.227
2016-11-01T11:45:00Z,-1.747,2.413,0.603,-1.041,0.227
2016-11-01T12:00:00Z,-1.599,2.272,0.601,-1.025,0.248
2016-11-01T12:15:00Z,-1.599,2.272,0.601,-1.025,0.248
2016-11-01T12:30:00Z,-1.599,2.272,0.601,-1.025,0.248
2016-11-01T12:45:00Z,-1.599,2.272,0.601,-1.025,0.248
2016-11-01T13:00:00Z,-1.38,2.094,0.472,-1.023,0.162
2016-11-01T13:15:00Z,-1.38,2.094,0.472,-1.023,0.162
2016-11-01T13:30:00Z,-1.38,2.094,0.472,-1.023,0.162
2016-11-01T13:45:00Z,-1.38,2.094,0.472,-1.023,0.162
2016-11-01T14:00:00Z,-1.116,2.162,0.041,-1.033,0.055
2016-11-01T14:15:00Z,-1.116,2.162,0.041,-1.033,0.055
2016-11-01T14:30:00Z,-1.116,2.162,0.041,-1.033,0.055
2016-11-01T14:45:00Z,-1.116,2.162,0.041,-1.033,0.055
2016-11-01T15:00:00Z,-1.279,1.768,0.578,-1.039,0.028
2016-11-01T15:15:00Z,-1.279,1.768,0.578,-1.039,0.028
2016-11-01T15:30:00Z,-1.279,1.768,0.578,-1.039,0.028
2016-11-01T15:45:00Z,-1.279,1.768,0.578,-1.039,0.028
2016-11-01T16:00:00Z,-1.359,2.017,0.604,-0.995,0.267
2016-11-01T16:15:00Z,-1.359,2.017,0.604,-0.995,0.267
2016-11-01T16:30:00Z,-1.359,2.017,0.604,-0.995,0.267
2016-11-01T16:45:00Z,-1.359,2.017,0.604,-0.995,0.267
2016-11-01T17:00:00Z,-1.758,1.972,0.604,-1.047,-0.229
2016-11-01T17:15:00Z,-1.758,1.972,0.604,-1.047,-0.229
2016-11-01T17:30:00Z,-1.758,1.972,0.604,-1.047,-0.229
2016-11-01T17:45:00Z,-1.758,1.972,0.604,-1.047,-0.229
2016-11-01T18:00:00Z,-1.755,1.961,0.604,-1.006,-0.196
2016-11-01T18:15:00Z,-1.755,1.961,0.604,-1.006,-0.196
2016-11-01T18:30:00Z,-1.755,1.961,0.604,-1.006,-0.196
2016-11-01T18:45:00Z,-1.755,1.961,0.604,-1.006,-0.196
2016-11-01T19:00:00Z,-1.851,1.602,0.604,-1.034,-0.679
2016-11-01T19:15:00Z,-1.851,1.602,0.604,-1.034,-0.679
2016-11-01T19:30:00Z,-1.851,1.602,0.604,-1.034,-0.679
2016-11-01T19:45:00Z,-1.851,1.602,0.604,-1.034,-0.679
2016-11-01T20:00:00Z,-1.317,1.812,0.576,-1.025,0.046
2016-11-01T20:15:00Z,-1.317,1.812,0.576,-1.025,0.046
2016-11-01T20:30:00Z,-1.317,1.812,0.576,-1.025,0.046
2016-11-01T20:45:00Z,-1.317,1.812,0.576,-1.025,0.046
2016-11-01T21:00:00Z,-1.293,1.834,0.599,-1.006,0.134
2016-11-01T21:15:00Z,-1.293,1.834,0.599,-1.006,0.134
2016-11-01T21:30:00Z,-1.293,1.834,0.599,-1.006,0.134
2016-11-01T21:45:00Z,-1.293,1.834,0.599,-1.006,0.134
2016-11-01T22:00:00Z,-1.402,1.789,0.348,-1.022,-0.287
2016-11-01T22:15:00Z,-1.402,1.789,0.348,-1.022,-0.287
2016-11-01T22:30:00Z,-1.402,1.789,0.348,-1.022,-0.287
2016-11-01T22:45:00Z,-1.402,1.789,0.348,-1.022,-0.287
2016-11-01T23:00:00Z,-1.317,1.892,0.009,-1.003,-0.42
2016-11-01T23:15:00Z,-1.317,1.892,0.009,-1.003,-0.42
2016-11-01T23:30:00Z,-1.317,1.892,0.009,-1.003,-0.42
2016-11-01T23:45:00Z,-1.317,1.892,0.009,-1.003,-0.42
2016-11-02T00:00:00Z,-1.066,1.507,-0.001,-1.013,-0.573
2016-11-02T00:15:00Z,-1.066,1.507,-0.001,-1.013,-0.573
2016-11-02T00:30:00Z,-1.066,1.507,-0.001,-1.013,-0.573
2016-11-02T00:45:00Z,-1.066,1.507,-0.001,-1.013,-0.573
2016-11-02T01:00:00Z,-0.757,1.27,-0.132,-1.012,-0.631
2016-11-02T01:15:00Z,-0.757,1.27,-0.132,-1.012,-0.631
2016-11-02T01:30:00Z,-0.757,1.27,-0.132,-1.012,-0.631
2016-11-02T01:45:00Z,-0.757,1.27,-0.132,-1.012,-0.631
2016-11-02T02:00:00Z,-0.588,1.415,-0.666,-1.018,-0.857
2016-11-02T02:15:00Z,-0.588,1.415,-0.666,-1.018,-0.857
2016-11-02T02:30:00Z,-0.588,1.415,-0.666,-1.018,-0.857
2016-11-02T02:45:00Z,-0.588,1.415,-0.666,-1.018,-0.857
2016-11-02T03:00:00Z,-0.758,0.922,-0.727,-0.267,-0.83
2016-11-02T03:15:00Z,-0.758,0.922,-0.727,-0.267,-0.83
2016-11-02T03:30:00Z,-0.758,0.922,-0.727,-0.267,-0.83
2016-11-02T03:45:00Z,-0.758,0.922,-0.727,-0.267,-0.83
2016-11-02T04:00:00Z,-0.67,0.842,-0.601,-0.244,-0.673
2016-11-02T04:15:00Z,-0.67,0.842,-0.601,-0.244,-0.673
2016-11-02T04:30:00Z,-0.67,0.842,-0.601,-0.244,-0.673
2016-11-02T04:45:00Z,-0.67,0.842,-0.601,-0.244,-0.673
2016-11-02T05:00:00Z,-1.023,0.977,-0.005,-0.267,-0.318
2016-11-02T05:15:00Z,-1.023,0.977,-0.005,-0.267,-0.318
2016-11-02T05:30:00Z,-1.023,0.977,-0.005,-0.267,-0.318
2016-11-02T05:45:00Z,-1.023,0.977,-0.005,-0.267,-0.318
2016-11-02T06:00:00Z,-1.548,1.854,0.555,-1.018,-0.156
2016-11-02T06:15:00Z,-1.548,1.854,0.555,-1.018,-0.156
2016-11-02T06:30:00Z,-1.548,1.854,0.555,-1.018,-0.156
2016-11-02T06:45:00Z,-1.548,1.854,0.555,-1.018,-0.156
2016-11-02T07:00:00Z,-1.849,2.132,0.603,-1.045,-0.158
2016-11-02T07:15:00Z,-1.849,2.132,0.603,-1.045,-0.158
2016-11-02T07:30:00Z,-1.849,2.132,0.603,-1.045,-0.158
2016-11-02T07:45:00Z,-1.849,2.132,0.603,-1.045,-0.158
2016-11-02T08:00:00Z,-2.07,2.33,0.603,-1.013,-0.15
2016-11-02T08:15:00Z,-2.07,2.33,0.603,-1.013,-0.15
2016-11-02T08:30:00Z,-2.07,2.33,0.603,-1.013,-0.15
2016-11-02T08:45:00Z,-2.07,2.33,0.603,-1.013,-0.15
2016-11-02T09:00:00Z,-1.983,2.214,0.604,-1.033,-0.198
2016-11-02T09:15:00Z,-1.983,2.214,0.604,-1.033,-0.198
2016-11-02T09:30:00Z,-1.983,2.214,0.604,-1.033,-0.198
2016-11-02T09:45:00Z,-1.983,2.214,0.604,-1.033,-0.198
2016-11-02T10:00:00Z,-1.988,1.868,0.604,-1.031,-0.547
2016-11-02T10:15:00Z,-1.988,1.868,0.604,-1.031,-0.547
2016-11-02T10:30:00Z,-1.988,1.868,0.604,-1.031,-0.547
2016-11-02T10:45:00Z,-1.988,1.868,0.604,-1.031,-0.547
2016-11-02T11:00:00Z,-2.257,2.406,0.475,-1.049,-0.425
2016-11-02T11:15:00Z,-2.257,2.406,0.475,-1.049,-0.425
2016-11-02T11:30:00Z,-2.257,2.406,0.475,-1.049,-0.425
2016-11-02T11:45:00Z,-2.257,2.406,0.475,-1.049,-0.425
2016-11-02T12:00:00Z,-2.021,2.023,0.602,-1.057,-0.453
2016-11-02T12:15:00Z,-2.021,2.023,0.602,-1.057,-0.453
2016-11-02T12:30:00Z,-2.021,2.023,0.602,-1.057,-0.453
2016-11-02T12:45:00Z,-2.021,2.023,0.602,-1.057,-0.453
2016-11-02T13:00:00Z,-1.621,1.869,0.605,-1.046,-0.193
2016-11-02T13:15:00Z,-1.621,1.869,0.605,-1.046,-0.193
2016-11-02T13:30:00Z,-1.621,1.869,0.605,-1.046,-0.193
2016-11-02T13:45:00Z,-1.621,1.869,0.605,-1.046,-0.193
2016-11-02T14:00:00Z,-1.59,1.677,0.605,-1.047,-0.355
2016-11-02T14:15:00Z,-1.59,1.677,0.605,-1.047,-0.355
2016-11-02T14:30:00Z,-1.59,1.677,0.605,-1.047,-0.355
2016-11-02T14:45:00Z,-1.59,1.677,0.605,-1.047,-0.355
2016-11-02T15:00:00Z,-1.89,1.975,0.605,-1.04,-0.35
2016-11-02T15:15:00Z,-1.89,1.975,0.605,-1.04,-0.35
2016-11-02T15:30:00Z,-1.89,1.975,0.605,-1.04,-0.35
2016-11-02T15:45:00Z,-1.89,1.975,0.605,-1.04,-0.35
2016-11-02T16:00:00Z,-2.639,3.495,0.605,-1.028,0.433
2016-11-02T16:15:00Z,-2.639,3.495,0.605,-1.028,0.433
2016-11-02T16:30:00Z,-2.639,3.495,0.605,-1.028,0.433
2016-11-02T16:45:00Z,-2.639,3.495,0.605,-1.028,0.433
2016-11-02T17:00:00Z,-2.648,3.342,0.604,-1.012,0.287
2016-11-02T17:15:00Z,-2.648,3.342,0.604,-1.012,0.287
2016-11-02T17:30:00Z,-2.648,3.342,0.604,-1.012,0.287
2016-11-02T17:45:00Z,-2.648,3.342,0.604,-1.012,0.287
2016-11-02T18:00:00Z,-2.254,2.818,0.604,-1.032,0.135
2016-11-02T18:15:00Z,-2.254,2.818,0.604,-1.032,0.135
2016-11-02T18:30:00Z,-2.254,2.818,0.604,-1.032,0.135
2016-11-02T18:45:00Z,-2.254,2.818,0.604,-1.032,0.135
2016-11-02T19:00:00Z,-1.801,2.113,0.235,-1.052,-0.506
2016-11-02T19:15:00Z,-1.801,2.113,0.235,-1.052,-0.506
2016-11-02T19:30:00Z,-1.801,2.113,0.235,-1.052,-0.506
2016-11-02T19:45:00Z,-1.801,2.113,0.235,-1.052,-0.506
2016-11-02T20:00:00Z,-1.602,2.01,0.594,-1.04,-0.038
2016-11-02T20:15:00Z,-1.602,2.01,0.594,-1.04,-0.038
2016-11-02T20:30:00Z,-1.602,2.01,0.594,-1.04,-0.038
2016-11-02T20:45:00Z,-1.602,2.01,0.594,-1.04,-0.038
2016-11-02T21:00:00Z,-2.011,1.472,0.335,-1.02,-1.224
2016-11-02T21:15:00Z,-2.011,1.472,0.335,-1.02,-1.224
2016-11-02T21:30:00Z,-2.011,1.472,0.335,-1.02,-1.224
2016-11-02T21:45:00Z,-2.011,1.472,0.335,-1.02,-1.224
2016-11-02T22:00:00Z,-2.017,2.071,0.335,-1.034,-0.645
2016-11-02T22:15:00Z,-2.017,2.071,0.335,-1.034,-0.645
2016-11-02T22:30:00Z,-2.017,2.071,0.335,-1.034,-0.645
2016-11-02T22:45:00Z,-2.017,2.071,0.335,-1.034,-0.645
2016-11-02T23:00:00Z,-2.561,2.213,0.01,-1.038,-1.376
2016-11-02T23:15:00Z,-2.561,2.213,0.01,-1.038,-1.376
2016-11-02T23:30:00Z,-2.561,2.213,0.01,-1.038,-1.376
2016-11-02T23:45:00Z,-2.561,2.213,0.01,-1.038,-1.376
2016-11-03T00:00:00Z,-2.744,2.002,0,-1.041,-1.783
2016-11-03T00:15:00Z,-2.744,2.002,0,-1.041,-1.783
2016-11-03T00:30:00Z,-2.744,2.002,0,-1.041,-1.783
2016-11-03T00:45:00Z,-2.744,2.002,0,-1.041,-1.783
2016-11-03T01:00:00Z,-2.893,2.003,0,-1.026,-1.916
2016-11-03T01:15:00Z,-2.893,2.003,0,-1.026,-1.916
2016-11-03T01:30:00Z,-2.893,2.003,0,-1.026,-1.916
2016-11-03T01:45:00Z,-2.893,2.003,0,-1.026,-1.916
2016-11-03T02:00:00Z,-2.751,1.671,0,-1.023,-2.103
2016-11-03T02:15:00Z,-2.751,1.671,0,-1.023,-2.103
2016-11-03T02:30:00Z,-2.751,1.671,0,-1.023,-2.103
2016-11-03T02:45:00Z,-2.751,1.671,0,-1.023,-2.103
2016-11-03T03:00:00Z,-2.636,1.287,0.005,-1.026,-2.37
2016-11-03T03:15:00Z,-2.636,1.287,0.005,-1.026,-2.37
2016-11-03T03:30:00Z,-2.636,1.287,0.005,-1.026,-2.37
2016-11-03T03:45:00Z,-2.636,1.287,0.005,-1.026,-2.37
2016-11-03T04:00:00Z,-2.661,1.117,0.309,-1.01,-2.245
2016-11-03T04:15:00Z,-2.661,1.117,0.309,-1.01,-2.245
2016-11-03T04:30:00Z,-2.661,1.117,0.309,-1.01,-2.245
2016-11-03T04:45:00Z,-2.661,1.117,0.309,-1.01,-2.245
2016-11-03T05:00:00Z,-2.668,1.387,0.031,-1.024,-2.275
2016-11-03T05:15:00Z,-2.668,1.387,0.031,-1.024,-2.275
2016-11-03T05:30:00Z,-2.668,1.387,0.031,-1.024,-2.275
2016-11-03T05:45:00Z,-2.668,1.387,0.031,-1.024,-2.275
2016-11-03T06:00:00Z,-2.697,1.443,0.578,-1.039,-1.715
2016-11-03T06:15:00Z,-2.697,1.443,0.578,-1.039,-1.715
2016-11-03T06:30:00Z,-2.697,1.443,0.578,-1.039,-1.715
2016-11-03T06:45:00Z,-2.697,1.443,0.578,-1.039,-1.715
2016-11-03T07:00:00Z,-2.965,2.038,0.604,-1.02,-1.342
2016-11-03T07:15:00Z,-2.965,2.038,0.604,-1.02,-1.342
2016-11-03T07:30:00Z,-2.965,2.038,0.604,-1.02,-1.342
2016-11-03T07:45:00Z,-2.965,2.038,0.604,-1.02,-1.342
2016-11-03T08:00:00Z,-3.093,2.072,0.604,-0.864,-1.281
2016-11-03T08:15:00Z,-3.093,2.072,0.604,-0.864,-1.281
2016-11-03T08:30:00Z,-3.093,2.072,0.604,-0.864,-1.281
2016-11-03T08:45:00Z,-3.093,2.072,0.604,-0.864,-1.281
2016-11-03T09:00:00Z,-2.859,1.997,0.605,-1.002,-1.259
2016-11-03T09:15:00Z,-2.859,1.997,0.605,-1.002,-1.259
2016-11-03T09:30:00Z,-2.859,1.997,0.605,-1.002,-1.259
2016-11-03T09:45:00Z,-2.859,1.997,0.605,-1.002,-1.259
2016-11-03T10:00:00Z,-2.808,1.656,0.605,-0.813,-1.361
2016-11-03T10:15:00Z,-2.808,1.656,0.605,-0.813,-1.361
2016-11-03T10:30:00Z,-2.808,1.656,0.605,-0.813,-1.361
2016-11-03T10:45:00Z,-2.808,1.656,0.605,-0.813,-1.361
2016-11-03T11:00:00Z,-2.559,1.686,0.605,-1.015,-1.283
2016-11-03T11:15:00Z,-2.559,1.686,0.605,-1.015,-1.283
2016-11-03T11:30:00Z,-2.559,1.686,0.605,-1.015,-1.283
2016-11-03T11:45:00Z,-2.559,1.686,0.605,-1.015,-1.283
2016-11-03T12:00:00Z,-2.42,1.311,0.605,-0.847,-1.351
2016-11-03T12:15:00Z,-2.42,1.311,0.605,-0.847,-1.351
2016-11-03T12:30:00Z,-2.42,1.311,0.605,-0.847,-1.351
2016-11-03T12:45:00Z,-2.42,1.311,0.605,-0.847,-1.351
2016-11-03T13:00:00Z,-2.081,0.928,0.605,-0.849,-1.396
2016-11-03T13:15:00Z,-2.081,0.928,0.605,-0.849,-1.396
2016-11-03T13:30:00Z,-2.081,0.928,0.605,-0.849,-1.396
2016-11-03T13:45:00Z,-2.081,0.928,0.605,-0.849,-1.396
2016-11-03T14:00:00Z,-1.961,0.729,0.605,-0.918,-1.545
2016-11-03T14:15:00Z,-1.961,0.729,0.605,-0.918,-1.545
2016-11-03T14:30:00Z,-1.961,0.729,0.605,-0.918,-1.545
2016-11-03T14:45:00Z,-1.961,0.729,0.605,-0.918,-1.545
2016-11-03T15:00:00Z,-1.23,0.212,0.605,-1.054,-1.467
2016-11-03T15:15:00Z,-1.23,0.212,0.605,-1.054,-1.467
2016-11-03T15:30:00Z,-1.23,0.212,0.605,-1.054,-1.467
2016-11-03T15:45:00Z,-1.23,0.212,0.605,-1.054,-1.467
2016-11-03T16:00:00Z,-1.88,1.034,0.605,-1.012,-1.252
2016-11-03T16:15:00Z,-1.88,1.034,0.605,-1.012,-1.252
2016-11-03T16:30:00Z,-1.88,1.034,0.605,-1.012,-1.252
2016-11-03T16:45:00Z,-1.88,1.034,0.605,-1.012,-1.252
2016-11-03T17:00:00Z,-2.529,1.277,0.605,-0.993,-1.64
2016-11-03T17:15:00Z,-2.529,1.277,0.605,-0.993,-1.64
2016-11-03T17:30:00Z,-2.529,1.277,0.605,-0.993,-1.64
2016-11-03T17:45:00Z,-2.529,1.277,0.605,-0.993,-1.64
2016-11-03T18:00:00Z,-2.746,0.819,0.604,-0.998,-2.32
2016-11-03T18:15:00Z,-2.746,0.819,0.604,-0.998,-2.32
2016-11-03T18:30:00Z,-2.746,0.819,0.604,-0.998,-2.32
2016-11-03T18:45:00Z,-2.746,0.819,0.604,-0.998,-2.32
2016-11-03T19:00:00Z,-2.417,0.183,0.604,-0.999,-2.629
2016-11-03T19:15:00Z,-2.417,0.183,0.604,-0.999,-2.629
2016-11-03T19:30:00Z,-2.417,0.183,0.604,-0.999,-2.629
2016-11-03T19:45:00Z,-2.417,0.183,0.604,-0.999,-2.629
2016-11-03T20:00:00Z,-1.936,-0.227,0.602,-1.023,-2.584
2016-11-03T20:15:00Z,-1.936,-0.227,0.602,-1.023,-2.584
2016-11-03T20:30:00Z,-1.936,-0.227,0.602,-1.023,-2.584
2016-11-03T20:45:00Z,-1.936,-0.227,0.602,-1.023,-2.584
2016-11-03T21:00:00Z,-2.683,0.647,0.169,-0.999,-2.866
2016-11-03T21:15:00Z,-2.683,0.647,0.169,-0.999,-2.866
2016-11-03T21:30:00Z,-2.683,0.647,0.169,-0.999,-2.866
2016-11-03T21:45:00Z,-2.683,0.647,0.169,-0.999,-2.866
2016-11-03T22:00:00Z,-2.987,1.367,-0.395,-1.022,-3.038
2016-11-03T22:15:00Z,-2.987,1.367,-0.395,-1.022,-3.038
2016-11-03T22:30:00Z,-2.987,1.367,-0.395,-1.022,-3.038
2016-11-03T22:45:00Z,-2.987,1.367,-0.395,-1.022,-3.038
2016-11-03T23:00:00Z,-1.924,1.728,-0.722,-1.037,-1.955
2016-11-03T23:15:00Z,-1.924,1.728,-0.722,-1.037,-1.955
2016-11-03T23:30:00Z,-1.924,1.728,-0.722,-1.037,-1.955
2016-11-03T23:45:00Z,-1.924,1.728,-0.722,-1.037,-1.955
2016-11-04T00:00:00Z,-1.65,1.877,-0.702,-1.043,-1.518
2016-11-04T00:15:00Z,-1.65,1.877,-0.702,-1.043,-1.518
2016-11-04T00:30:00Z,-1.65,1.877,-0.702,-1.043,-1.518
2016-11-04T00:45:00Z,-1.65,1.877,-0.702,-1.043,-1.518
2016-11-04T01:00:00Z,-1.43,1.935,-0.73,-1.021,-1.247
2016-11-04T01:15:00Z,-1.43,1.935,-0.73,-1.021,-1.247
2016-11-04T01:30:00Z,-1.43,1.935,-0.73,-1.021,-1.247
2016-11-04T01:45:00Z,-1.43,1.935,-0.73,-1.021,-1.247
2016-11-04T02:00:00Z,-1.169,1.575,-0.73,-1.032,-1.356
2016-11-04T02:15:00Z,-1.169,1.575,-0.73,-1.032,-1.356
2016-11-04T02:30:00Z,-1.169,1.575,-0.73,-1.032,-1.356
2016-11-04T02:45:00Z,-1.169,1.575,-0.73,-1.032,-1.356
2016-11-04T03:00:00Z,-1.302,1.673,-0.709,-1.003,-1.341
2016-11-04T03:15:00Z,-1.302,1.673,-0.709,-1.003,-1.341
2016-11-04T03:30:00Z,-1.302,1.673,-0.709,-1.003,-1.341
2016-11-04T03:45:00Z,-1.302,1.673,-0.709,-1.003,-1.341
2016-11-04T04:00:00Z,-1.482,1.598,-0.676,-1.047,-1.607
2016-11-04T04:15:00Z,-1.482,1.598,-0.676,-1.047,-1.607
2016-11-04T04:30:00Z,-1.482,1.598,-0.676,-1.047,-1.607
2016-11-04T04:45:00Z,-1.482,1.598,-0.676,-1.047,-1.607
2016-11-04T05:00:00Z,-1.745,1.606,-0.085,-1.034,-1.257
2016-11-04T05:15:00Z,-1.745,1.606,-0.085,-1.034,-1.257
2016-11-04T05:30:00Z,-1.745,1.606,-0.085,-1.034,-1.257
2016-11-04T05:45:00Z,-1.745,1.606,-0.085,-1.034,-1.257
2016-11-04T06:00:00Z,-2.75,2.167,0.437,-1.038,-1.184
2016-11-04T06:15:00Z,-2.75,2.167,0.437,-1.038,-1.184
2016-11-04T06:30:00Z,-2.75,2.167,0.437,-1.038,-1.184
2016-11-04T06:45:00Z,-2.75,2.167,0.437,-1.038,-1.184
2016-11-04T07:00:00Z,-2.935,3.052,0.286,-1.036,-0.633
2016-11-04T07:15:00Z,-2.935,3.052,0.286,-1.036,-0.633
2016-11-04T07:30:00Z,-2.935,3.052,0.286,-1.036,-0.633
2016-11-04T07:45:00Z,-2.935,3.052,0.286,-1.036,-0.633
2016-11-04T08:00:00Z,-2.891,3.144,0.525,-1.042,-0.264
2016-11-04T08:15:00Z,-2.891,3.144,0.525,-1.042,-0.264
2016-11-04T08:30:00Z,-2.891,3.144,0.525,-1.042,-0.264
2016-11-04T08:45:00Z,-2.891,3.144,0.525,-1.042,-0.264
2016-11-04T09:00:00Z,-2.67,3.1,0.162,-1.03,-0.438
2016-11-04T09:15:00Z,-2.67,3.1,0.162,-1.03,-0.438
2016-11-04T09:30:00Z,-2.67,3.1,0.162,-1.03,-0.438
2016-11-04T09:45:00Z,-2.67,3.1,0.162,-1.03,-0.438
2016-11-04T10:00:00Z,-2.84,2.894,0.559,-1.005,-0.393
2016-11-04T10:15:00Z,-2.84,2.894,0.559,-1.005,-0.393
2016-11-04T10:30:00Z,-2.84,2.894,0.559,-1.005,-0.393
2016-11-04T10:45:00Z,-2.84,2.894,0.559,-1.005,-0.393
2016-11-04T11:00:00Z,-2.921,3.324,0.2,-1.004,-0.401
2016-11-04T11:15:00Z,-2.921,3.324,0.2,-1.004,-0.401
2016-11-04T11:30:00Z,-2.921,3.324,0.2,-1.004,-0.401
2016-11-04T11:45:00Z,-2.921,3.324,0.2,-1.004,-0.401
2016-11-04T12:00:00Z,-2.959,3.211,0.29,-1.029,-0.487
2016-11-04T12:15:00Z,-2.959,3.211,0.29,-1.029,-0.487
2016-11-04T12:30:00Z,-2.959,3.211,0.29,-1.029,-0.487
2016-11-04T12:45:00Z,-2.959,3.211,0.29,-1.029,-0.487
2016-11-04T13:00:00Z,-2.9,2.737,0.597,-1.011,-0.576
2016-11-04T13:15:00Z,-2.9,2.737,0.597,-1.011,-0.576
2016-11-04T13:30:00Z,-2.9,2.737,0.597,-1.011,-0.576
2016-11-04T13:45:00Z,-2.9,2.737,0.597,-1.011,-0.576
2016-11-04T14:00:00Z,-2.631,2.199,0.603,-1.022,-0.851
2016-11-04T14:15:00Z,-2.631,2.199,0.603,-1.022,-0.851
2016-11-04T14:30:00Z,-2.631,2.199,0.603,-1.022,-0.851
2016-11-04T14:45:00Z,-2.631,2.199,0.603,-1.022,-0.851
2016-11-04T15:00:00Z,-2.188,1.756,0.506,-0.997,-0.922
2016-11-04T15:15:00Z,-2.188,1.756,0.506,-0.997,-0.922
2016-11-04T15:30:00Z,-2.188,1.756,0.506,-0.997,-0.922
2016-11-04T15:45:00Z,-2.188,1.756,0.506,-0.997,-0.922
2016-11-04T16:00:00Z,-2.41,2.631,0.504,-1.005,-0.28
2016-11-04T16:15:00Z,-2.41,2.631,0.504,-1.005,-0.28
2016-11-04T16:30:00Z,-2.41,2.631,0.504,-1.005,-0.28
2016-11-04T16:45:00Z,-2.41,2.631,0.504,-1.005,-0.28
2016-11-04T17:00:00Z,-2.787,2.584,0.504,-1.007,-0.706
2016-11-04T17:15:00Z,-2.787,2.584,0.504,-1.007,-0.706
2016-11-04T17:30:00Z,-2.787,2.584,0.504,-1.007,-0.706
2016-11-04T17:45:00Z,-2.787,2.584,0.504,-1.007,-0.706
2016-11-04T18:00:00Z,-2.667,1.716,0.498,-1.015,-1.468
2016-11-04T18:15:00Z,-2.667,1.716,0.498,-1.015,-1.468
2016-11-04T18:30:00Z,-2.667,1.716,0.498,-1.015,-1.468
2016-11-04T18:45:00Z,-2.667,1.716,0.498,-1.015,-1.468
2016-11-04T19:00:00Z,-2.336,2.262,0.216,-1.03,-0.888
2016-11-04T19:15:00Z,-2.336,2.262,0.216,-1.03,-0.888
2016-11-04T19:30:00Z,-2.336,2.262,0.216,-1.03,-0.888
2016-11-04T19:45:00Z,-2.336,2.262,0.216,-1.03,-0.888
2016-11-04T20:00:00Z,-2.28,1.943,0.456,-1.03,-0.912
2016-11-04T20:15:00Z,-2.28,1.943,0.456,-1.03,-0.912
2016-11-04T20:30:00Z,-2.28,1.943,0.456,-1.03,-0.912
2016-11-04T20:45:00Z,-2.28,1.943,0.456,-1.03,-0.912
2016-11-04T21:00:00Z,-2.239,1.714,0.328,-1.016,-1.213
2016-11-04T21:15:00Z,-2.239,1.714,0.328,-1.016,-1.213
2016-11-04T21:30:00Z,-2.239,1.714,0.328,-1.016,-1.213
2016-11-04T21:45:00Z,-2.239,1.714,0.328,-1.016,-1.213
2016-11-04T22:00:00Z,-1.693,2.25,0.121,-1.032,-0.354
2016-11-04T22:15:00Z,-1.693,2.25,0.121,-1.032,-0.354
2016-11-04T22:30:00Z,-1.693,2.25,0.121,-1.032,-0.354
2016-11-04T22:45:00Z,-1.693,2.25,0.121,-1.032,-0.354
2016-11-04T23:00:00Z,-2.441,2.697,0.002,-0.931,-0.673
2016-11-04T23:15:00Z,-2.441,2.697,0.002,-0.931,-0.673
2016-11-04T23:30:00Z,-2.441,2.697,0.002,-0.931,-0.673
2016-11-04T23:45:00Z,-2.441,2.697,0.002,-0.931,-0.673
2016-11-05T00:00:00Z,-2.499,2.918,0.053,-0.966,-0.494
2016-11-05T00:15:00Z,-2.499,2.918,0.053,-0.966,-0.494
2016-11-05T00:30:00Z,-2.499,2.918,0.053,-0.966,-0.494
2016-11-05T00:45:00Z,-2.499,2.918,0.053,-0.966,-0.494
2016-11-05T01:00:00Z,-2.352,2.646,0.186,-0.973,-0.493
2016-11-05T01:15:00Z,-2.352,2.646,0.186,-0.973,-0.493
2016-11-05T01:30:00Z,-2.352,2.646,0.186,-0.973,-0.493
2016-11-05T01:45:00Z,-2.352,2.646,0.186,-0.973,-0.493
2016-11-05T02:00:00Z,-2.065,2.54,0.176,-0.947,-0.296
2016-11-05T02:15:00Z,-2.065,2.54,0.176,-0.947,-0.296
2016-11-05T02:30:00Z,-2.065,2.54,0.176,-0.947,-0.296
2016-11-05T02:45:00Z,-2.065,2.54,0.176,-0.947,-0.296
2016-11-05T03:00:00Z,-1.795,1.823,0.079,-0.615,-0.508
2016-11-05T03:15:00Z,-1.795,1.823,0.079,-0.615,-0.508
2016-11-05T03:30:00Z,-1.795,1.823,0.079,-0.615,-0.508
2016-11-05T03:45:00Z,-1.795,1.823,0.079,-0.615,-0.508
2016-11-05T04:00:00Z,-1.805,1.992,-0.001,-0.753,-0.567
2016-11-05T04:15:00Z,-1.805,1.992,-0.001,-0.753,-0.567
2016-11-05T04:30:00Z,-1.805,1.992,-0.001,-0.753,-0.567
2016-11-05T04:45:00Z,-1.805,1.992,-0.001,-0.753,-0.567
2016-11-05T05:00:00Z,-2.058,2.163,-0.1,-0.953,-0.948
2016-11-05T05:15:00Z,-2.058,2.163,-0.1,-0.953,-0.948
2016-11-05T05:30:00Z,-2.058,2.163,-0.1,-0.953,-0.948
2016-11-05T05:45:00Z,-2.058,2.163,-0.1,-0.953,-0.948
2016-11-05T06:00:00Z,-1.994,1.899,0.192,-0.915,-0.817
2016-11-05T06:15:00Z,-1.994,1.899,0.192,-0.915,-0.817
2016-11-05T06:30:00Z,-1.994,1.899,0.192,-0.915,-0.817
2016-11-05T06:45:00Z,-1.994,1.899,0.192,-0.915,-0.817
2016-11-05T07:00:00Z,-2.202,2.214,0.208,-0.95,-0.73
2016-11-05T07:15:00Z,-2.202,2.214,0.208,-0.95,-0.73
2016-11-05T07:30:00Z,-2.202,2.214,0.208,-0.95,-0.73
2016-11-05T07:45:00Z,-2.202,2.214,0.208,-0.95,-0.73
2016-11-05T08:00:00Z,-2.585,2.375,0.475,-0.99,-0.725
2016-11-05T08:15:00Z,-2.585,2.375,0.475,-0.99,-0.725
2016-11-05T08:30:00Z,-2.585,2.375,0.475,-0.99,-0.725
2016-11-05T08:45:00Z,-2.585,2.375,0.475,-0.99,-0.725
2016-11-05T09:00:00Z,-2.582,2.093,0.503,-0.996,-0.983
2016-11-05T09:15:00Z,-2.582,2.093,0.503,-0.996,-0.983
2016-11-05T09:30:00Z,-2.582,2.093,0.503,-0.996,-0.983
2016-11-05T09:45:00Z,-2.582,2.093,0.503,-0.996,-0.983
2016-11-05T10:00:00Z,-2.703,1.807,0.504,-0.999,-1.391
2016-11-05T10:15:00Z,-2.703,1.807,0.504,-0.999,-1.391
2016-11-05T10:30:00Z,-2.703,1.807,0.504,-0.999,-1.391
2016-11-05T10:45:00Z,-2.703,1.807,0.504,-0.999,-1.391
2016-11-05T11:00:00Z,-2.644,1.738,0.503,-1.044,-1.447
2016-11-05T11:15:00Z,-2.644,1.738,0.503,-1.044,-1.447
2016-11-05T11:30:00Z,-2.644,1.738,0.503,-1.044,-1.447
2016-11-05T11:45:00Z,-2.644,1.738,0.503,-1.044,-1.447
2016-11-05T12:00:00Z,-2.498,1.571,0.469,-1.061,-1.519
2016-11-05T12:15:00Z,-2.498,1.571,0.469,-1.061,-1.519
2016-11-05T12:30:00Z,-2.498,1.571,0.469,-1.061,-1.519
2016-11-05T12:45:00Z,-2.498,1.571,0.469,-1.061,-1.519
2016-11-05T13:00:00Z,-2.243,1.202,0.456,-1.008,-1.593
2016-11-05T13:15:00Z,-2.243,1.202,0.456,-1.008,-1.593
2016-11-05T13:30:00Z,-2.243,1.202,0.456,-1.008,-1.593
2016-11-05T13:45:00Z,-2.243,1.202,0.456,-1.008,-1.593
2016-11-05T14:00:00Z,-2.211,1.352,0.503,-1.066,-1.423
2016-11-05T14:15:00Z,-2.211,1.352,0.503,-1.066,-1.423
2016-11-05T14:30:00Z,-2.211,1.352,0.503,-1.066,-1.423
2016-11-05T14:45:00Z,-2.211,1.352,0.503,-1.066,-1.423
2016-11-05T15:00:00Z,-2.058,1.454,0.504,-1.035,-1.135
2016-11-05T15:15:00Z,-2.058,1.454,0.504,-1.035,-1.135
2016-11-05T15:30:00Z,-2.058,1.454,0.504,-1.035,-1.135
2016-11-05T15:45:00Z,-2.058,1.454,0.504,-1.035,-1.135
2016-11-05T16:00:00Z,-2.564,2.516,0.504,-1.013,-0.557
2016-11-05T16:15:00Z,-2.564,2.516,0.504,-1.013,-0.557
2016-11-05T16:30:00Z,-2.564,2.516,0.504,-1.013,-0.557
2016-11-05T16:45:00Z,-2.564,2.516,0.504,-1.013,-0.557
2016-11-05T17:00:00Z,-3.056,2.823,0.505,-1.019,-0.746
2016-11-05T17:15:00Z,-3.056,2.823,0.505,-1.019,-0.746
2016-11-05T17:30:00Z,-3.056,2.823,0.505,-1.019,-0.746
2016-11-05T17:45:00Z,-3.056,2.823,0.505,-1.019,-0.746
2016-11-05T18:00:00Z,-3.038,2.472,0.505,-1.036,-1.097
2016-11-05T18:15:00Z,-3.038,2.472,0.505,-1.036,-1.097
2016-11-05T18:30:00Z,-3.038,2.472,0.505,-1.036,-1.097
2016-11-05T18:45:00Z,-3.038,2.472,0.505,-1.036,-1.097
2016-11-05T19:00:00Z,-2.638,2.657,0.388,-1.023,-0.616
2016-11-05T19:15:00Z,-2.638,2.657,0.388,-1.023,-0.616
2016-11-05T19:30:00Z,-2.638,2.657,0.388,-1.023,-0.616
2016-11-05T19:45:00Z,-2.638,2.657,0.388,-1.023,-0.616
2016-11-05T20:00:00Z,-2.341,3.157,0.148,-1.041,-0.077
2016-11-05T20:15:00Z,-2.341,3.157,0.148,-1.041,-0.077
2016-11-05T20:30:00Z,-2.341,3.157,0.148,-1.041,-0.077
2016-11-05T20:45:00Z,-2.341,3.157,0.148,-1.041,-0.077
2016-11-05T21:00:00Z,-2.345,3.352,-0.086,-1.016,-0.095
2016-11-05T21:15:00Z,-2.345,3.352,-0.086,-1.016,-0.095
2016-11-05T21:30:00Z,-2.345,3.352,-0.086,-1.016,-0.095
2016-11-05T21:45:00Z,-2.345,3.352,-0.086,-1.016,-0.095
2016-11-05T22:00:00Z,-2.571,3.223,-0.17,-1.013,-0.531
2016-11-05T22:15:00Z,-2.571,3.223,-0.17,-1.013,-0.531
2016-11-05T22:30:00Z,-2.571,3.223,-0.17,-1.013,-0.531
2016-11-05T22:45:00Z,-2.571,3.223,-0.17,-1.013,-0.531
2016-11-05T23:00:00Z,-2.399,3.535,-0.706,-0.906,-0.476
2016-11-05T23:15:00Z,-2.399,3.535,-0.706,-0.906,-0.476
2016-11-05T23:30:00Z,-2.399,3.535,-0.706,-0.906,-0.476
2016-11-05T23:45:00Z,-2.399,3.535,-0.706,-0.906,-0.476
2016-11-06T00:00:00Z,-1.935,2.948,-0.626,-0.924,-0.536
2016-11-06T00:15:00Z,-1.935,2.948,-0.626,-0.924,-0.536
2016-11-06T00:30:00Z,-1.935,2.948,-0.626,-0.924,-0.536
2016-11-06T00:45:00Z,-1.935,2.948,-0.626,-0.924,-0.536
2016-11-06T01:00:00Z,-1.798,2.122,-0.162,-0.919,-0.758
2016-11-06T01:15:00Z,-1.798,2.122,-0.162,-0.919,-0.758
2016-11-06T01:30:00Z,-1.798,2.122,-0.162,-0.919,-0.758
2016-11-06T01:45:00Z,-1.798,2.122,-0.162,-0.919,-0.758
2016-11-06T02:00:00Z,-1.611,2.41,-0.575,-0.895,-0.671
2016-11-06T02:15:00Z,-1.611,2.41,-0.575,-0.895,-0.671
2016-11-06T02:30:00Z,-1.611,2.41,-0.575,-0.895,-0.671
2016-11-06T02:45:00Z,-1.611,2.41,-0.575,-0.895,-0.671
2016-11-06T03:00:00Z,-1.883,2.078,-0.727,-0.386,-0.918
2016-11-06T03:15:00Z,-1.883,2.078,-0.727,-0.386,-0.918
2016-11-06T03:30:00Z,-1.883,2.078,-0.727,-0.386,-0.918
2016-11-06T03:45:00Z,-1.883,2.078,-0.727,-0.386,-0.918
2016-11-06T04:00:00Z,-1.859,2.232,-0.73,-0.372,-0.729
2016-11-06T04:15:00Z,-1.859,2.232,-0.73,-0.372,-0.729
2016-11-06T04:30:00Z,-1.859,2.232,-0.73,-0.372,-0.729
2016-11-06T04:45:00Z,-1.859,2.232,-0.73,-0.372,-0.729
2016-11-06T05:00:00Z,-2.461,3.082,-0.731,-0.371,-0.481
2016-11-06T05:15:00Z,-2.461,3.082,-0.731,-0.371,-0.481
2016-11-06T05:30:00Z,-2.461,3.082,-0.731,-0.371,-0.481
2016-11-06T05:45:00Z,-2.461,3.082,-0.731,-0.371,-0.481
2016-11-06T06:00:00Z,-2.966,3.262,-0.729,-0.373,-0.806
2016-11-06T06:15:00Z,-2.966,3.262,-0.729,-0.373,-0.806
2016-11-06T06:30:00Z,-2.966,3.262,-0.729,-0.373,-0.806
2016-11-06T06:45:00Z,-2.966,3.262,-0.729,-0.373,-0.806
2016-11-06T07:00:00Z,-2.727,2.94,-0.601,-0.373,-0.761
2016-11-06T07:15:00Z,-2.727,2.94,-0.601,-0.373,-0.761
2016-11-06T07:30:00Z,-2.727,2.94,-0.601,-0.373,-0.761
2016-11-06T07:45:00Z,-2.727,2.94,-0.601,-0.373,-0.761
2016-11-06T08:00:00Z,-2.585,3.246,-0.02,-0.752,-0.112
2016-11-06T08:15:00Z,-2.585,3.246,-0.02,-0.752,-0.112
2016-11-06T08:30:00Z,-2.585,3.246,-0.02,-0.752,-0.112
2016-11-06T08:45:00Z,-2.585,3.246,-0.02,-0.752,-0.112
2016-11-06T09:00:00Z,-2.455,3.231,0.313,-0.99,0.099
2016-11-06T09:15:00Z,-2.455,3.231,0.313,-0.99,0.099
2016-11-06T09:30:00Z,-2.455,3.231,0.313,-0.99,0.099
2016-11-06T09:45:00Z,-2.455,3.231,0.313,-0.99,0.099
2016-11-06T10:00:00Z,-2.984,3.28,0.5,-1.013,-0.217
2016-11-06T10:15:00Z,-2.984,3.28,0.5,-1.013,-0.217
2016-11-06T10:30:00Z,-2.984,3.28,0.5,-1.013,-0.217
2016-11-06T10:45:00Z,-2.984,3.28,0.5,-1.013,-0.217
2016-11-06T11:00:00Z,-2.642,3.257,0.505,-1.05,0.07
2016-11-06T11:15:00Z,-2.642,3.257,0.505,-1.05,0.07
2016-11-06T11:30:00Z,-2.642,3.257,0.505,-1.05,0.07
2016-11-06T11:45:00Z,-2.642,3.257,0.505,-1.05,0.07
2016-11-06T12:00:00Z,-2.563,3.405,0.502,-1.057,0.287
2016-11-06T12:15:00Z,-2.563,3.405,0.502,-1.057,0.287
2016-11-06T12:30:00Z,-2.563,3.405,0.502,-1.057,0.287
2016-11-06T12:45:00Z,-2.563,3.405,0.502,-1.057,0.287
2016-11-06T13:00:00Z,-2.206,3.488,0.068,-1.039,0.311
2016-11-06T13:15:00Z,-2.206,3.488,0.068,-1.039,0.311
2016-11-06T13:30:00Z,-2.206,3.488,0.068,-1.039,0.311
2016-11-06T13:45:00Z,-2.206,3.488,0.068,-1.039,0.311
2016-11-06T14:00:00Z,-1.921,3.239,0.004,-1.043,0.279
2016-11-06T14:15:00Z,-1.921,3.239,0.004,-1.043,0.279
2016-11-06T14:30:00Z,-1.921,3.239,0.004,-1.043,0.279
2016-11-06T14:45:00Z,-1.921,3.239,0.004,-1.043,0.279
2016-11-06T15:00:00Z,-1.943,2.952,0.486,-1.051,0.445
2016-11-06T15:15:00Z,-1.943,2.952,0.486,-1.051,0.445
2016-11-06T15:30:00Z,-1.943,2.952,0.486,-1.051,0.445
2016-11-06T15:45:00Z,-1.943,2.952,0.486,-1.051,0.445
2016-11-06T16:00:00Z,-2.001,3.369,0.504,-0.763,1.109
2016-11-06T16:15:00Z,-2.001,3.369,0.504,-0.763,1.109
2016-11-06T16:30:00Z,-2.001,3.369,0.504,-0.763,1.109
2016-11-06T16:45:00Z,-2.001,3.369,0.504,-0.763,1.109
2016-11-06T17:00:00Z,-2.436,3.587,0.505,-1.015,0.641
2016-11-06T17:15:00Z,-2.436,3.587,0.505,-1.015,0.641
2016-11-06T17:30:00Z,-2.436,3.587,0.505,-1.015,0.641
2016-11-06T17:45:00Z,-2.436,3.587,0.505,-1.015,0.641
2016-11-06T18:00:00Z,-2.814,3.799,0.505,-1.01,0.48
2016-11-06T18:15:00Z,-2.814,3.799,0.505,-1.01,0.48
2016-11-06T18:30:00Z,-2.814,3.799,0.505,-1.01,0.48
2016-11-06T18:45:00Z,-2.814,3.799,0.505,-1.01,0.48
2016-11-06T19:00:00Z,-2.711,3.723,0.497,-1.011,0.498
2016-11-06T19:15:00Z,-2.711,3.723,0.497,-1.011,0.498
2016-11-06T19:30:00Z,-2.711,3.723,0.497,-1.011,0.498
2016-11-06T19:45:00Z,-2.711,3.723,0.497,-1.011,0.498
2016-11-06T20:00:00Z,-2.797,3.435,0.504,-1.027,0.116
2016-11-06T20:15:00Z,-2.797,3.435,0.504,-1.027,0.116
2016-11-06T20:30:00Z,-2.797,3.435,0.504,-1.027,0.116
2016-11-06T20:45:00Z,-2.797,3.435,0.504,-1.027,0.116
2016-11-06T21:00:00Z,-3.14,3.293,0.505,-1.032,-0.374
2016-11-06T21:15:00Z,-3.14,3.293,0.505,-1.032,-0.374
2016-11-06T21:30:00Z,-3.14,3.293,0.505,-1.032,-0.374
2016-11-06T21:45:00Z,-3.14,3.293,0.505,-1.032,-0.374
2016-11-06T22:00:00Z,-2.662,2.929,0.337,-1.018,-0.414
2016-11-06T22:15:00Z,-2.662,2.929,0.337,-1.018,-0.414
2016-11-06T22:30:00Z,-2.662,2.929,0.337,-1.018,-0.414
2016-11-06T22:45:00Z,-2.662,2.929,0.337,-1.018,-0.414
2016-11-06T23:00:00Z,-1.401,3.016,-0.219,-1.012,0.384
2016-11-06T23:15:00Z,-1.401,3.016,-0.219,-1.012,0.384
2016-11-06T23:30:00Z,-1.401,3.016,-0.219,-1.012,0.384
2016-11-06T23:45:00Z,-1.401,3.016,-0.219,-1.012,0.384
2016-11-07T00:00:00Z,-1.572,3.173,-0.546,-1.031,0.024
2016-11-07T00:15:00Z,-1.572,3.173,-0.546,-1.031,0.024
2016-11-07T00:30:00Z,-1.572,3.173,-0.546,-1.031,0.024
2016-11-07T00:45:00Z,-1.572,3.173,-0.546,-1.031,0.024
2016-11-07T01:00:00Z,-1.622,2.938,-0.385,-1.024,-0.093
2016-11-07T01:15:00Z,-1.622,2.938,-0.385,-1.024,-0.093
2016-11-07T01:30:00Z,-1.622,2.938,-0.385,-1.024,-0.093
2016-11-07T01:45:00Z,-1.622,2.938,-0.385,-1.024,-0.093
2016-11-07T02:00:00Z,-1.018,2.652,-0.721,-1.024,-0.111
2016-11-07T02:15:00Z,-1.018,2.652,-0.721,-1.024,-0.111
2016-11-07T02:30:00Z,-1.018,2.652,-0.721,-1.024,-0.111
2016-11-07T02:45:00Z,-1.018,2.652,-0.721,-1.024,-0.111
2016-11-07T03:00:00Z,-1.166,2.918,-0.73,-1.024,-0.001
2016-11-07T03:15:00Z,-1.166,2.918,-0.73,-1.024,-0.001
2016-11-07T03:30:00Z,-1.166,2.918,-0.73,-1.024,-0.001
2016-11-07T03:45:00Z,-1.166,2.918,-0.73,-1.024,-0.001
2016-11-07T04:00:00Z,-1.429,2.75,-0.71,-1.024,-0.413
2016-11-07T04:15:00Z,-1.429,2.75,-0.71,-1.024,-0.413
2016-11-07T04:30:00Z,-1.429,2.75,-0.71,-1.024,-0.413
2016-11-07T04:45:00Z,-1.429,2.75,-0.71,-1.024,-0.413
2016-11-07T05:00:00Z,-1.683,1.339,-0.17,-1.024,-1.538
2016-11-07T05:15:00Z,-1.683,1.339,-0.17,-1.024,-1.538
2016-11-07T05:30:00Z,-1.683,1.339,-0.17,-1.024,-1.538
2016-11-07T05:45:00Z,-1.683,1.339,-0.17,-1.024,-1.538
2016-11-07T06:00:00Z,-2.429,1.687,0.403,-1.023,-1.362
2016-11-07T06:15:00Z,-2.429,1.687,0.403,-1.023,-1.362
2016-11-07T06:30:00Z,-2.429,1.687,0.403,-1.023,-1.362
2016-11-07T06:45:00Z,-2.429,1.687,0.403,-1.023,-1.362
2016-11-07T07:00:00Z,-2.088,2.024,0.183,-1.022,-0.903
2016-11-07T07:15:00Z,-2.088,2.024,0.183,-1.022,-0.903
2016-11-07T07:30:00Z,-2.088,2.024,0.183,-1.022,-0.903
2016-11-07T07:45:00Z,-2.088,2.024,0.183,-1.022,-0.903
2016-11-07T08:00:00Z,-2.078,2.597,0.128,-1.021,-0.373
2016-11-07T08:15:00Z,-2.078,2.597,0.128,-1.021,-0.373
2016-11-07T08:30:00Z,-2.078,2.597,0.128,-1.021,-0.373
2016-11-07T08:45:00Z,-2.078,2.597,0.128,-1.021,-0.373
2016-11-07T09:00:00Z,-2.249,3.044,0.057,-1.021,-0.168
2016-11-07T09:15:00Z,-2.249,3.044,0.057,-1.021,-0.168
2016-11-07T09:30:00Z,-2.249,3.044,0.057,-1.021,-0.168
2016-11-07T09:45:00Z,-2.249,3.044,0.057,-1.021,-0.168
2016-11-07T10:00:00Z,-2.231,2.607,0.21,-1.022,-0.437
2016-11-07T10:15:00Z,-2.231,2.607,0.21,-1.022,-0.437
2016-11-07T10:30:00Z,-2.231,2.607,0.21,-1.022,-0.437
2016-11-07T10:45:00Z,-2.231,2.607,0.21,-1.022,-0.437
2016-11-07T11:00:00Z,-2.237,2.27,0.267,-1.022,-0.722
2016-11-07T11:15:00Z,-2.237,2.27,0.267,-1.022,-0.722
2016-11-07T11:30:00Z,-2.237,2.27,0.267,-1.022,-0.722
2016-11-07T11:45:00Z,-2.237,2.27,0.267,-1.022,-0.722
2016-11-07T12:00:00Z,-2.062,1.967,0.335,-1.022,-0.783
2016-11-07T12:15:00Z,-2.062,1.967,0.335,-1.022,-0.783
2016-11-07T12:30:00Z,-2.062,1.967,0.335,-1.022,-0.783
2016-11-07T12:45:00Z,-2.062,1.967,0.335,-1.022,-0.783
2016-11-07T13:00:00Z,-2.03,1.77,0.5,-1.022,-0.782
2016-11-07T13:15:00Z,-2.03,1.77,0.5,-1.022,-0.782
2016-11-07T13:30:00Z,-2.03,1.77,0.5,-1.022,-0.782
2016-11-07T13:45:00Z,-2.03,1.77,0.5,-1.022,-0.782
2016-11-07T14:00:00Z,-2.146,1.776,0.504,-1.022,-0.889
2016-11-07T14:15:00Z,-2.146,1.776,0.504,-1.022,-0.889
2016-11-07T14:30:00Z,-2.146,1.776,0.504,-1.022,-0.889
2016-11-07T14:45:00Z,-2.146,1.776,0.504,-1.022,-0.889
2016-11-07T15:00:00Z,-2.183,2.331,0.504,-1.021,-0.369
2016-11-07T15:15:00Z,-2.183,2.331,0.504,-1.021,-0.369
2016-11-07T15:30:00Z,-2.183,2.331,0.504,-1.021,-0.369
2016-11-07T15:45:00Z,-2.183,2.331,0.504,-1.021,-0.369
2016-11-07T16:00:00Z,-2.578,3.121,0.504,-1.005,0.042
2016-11-07T16:15:00Z,-2.578,3.121,0.504,-1.005,0.042
2016-11-07T16:30:00Z,-2.578,3.121,0.504,-1.005,0.042
2016-11-07T16:45:00Z,-2.578,3.121,0.504,-1.005,0.042
2016-11-07T17:00:00Z,-2.832,2.746,0.504,-0.997,-0.579
2016-11-07T17:15:00Z,-2.832,2.746,0.504,-0.997,-0.579
2016-11-07T17:30:00Z,-2.832,2.746,0.504,-0.997,-0.579
2016-11-07T17:45:00Z,-2.832,2.746,0.504,-0.997,-0.579
2016-11-07T18:00:00Z,-3.012,2.554,0.504,-1.006,-0.96
2016-11-07T18:15:00Z,-3.012,2.554,0.504,-1.006,-0.96
2016-11-07T18:30:00Z,-3.012,2.554,0.504,-1.006,-0.96
2016-11-07T18:45:00Z,-3.012,2.554,0.504,-1.006,-0.96
2016-11-07T19:00:00Z,-3.338,2.62,0.487,-1.027,-1.257
2016-11-07T19:15:00Z,-3.338,2.62,0.487,-1.027,-1.257
2016-11-07T19:30:00Z,-3.338,2.62,0.487,-1.027,-1.257
2016-11-07T19:45:00Z,-3.338,2.62,0.487,-1.027,-1.257
2016-11-07T20:00:00Z,-2.522,2.622,0.018,-1.017,-0.899
2016-11-07T20:15:00Z,-2.522,2.622,0.018,-1.017,-0.899
2016-11-07T20:30:00Z,-2.522,2.622,0.018,-1.017,-0.899
2016-11-07T20:45:00Z,-2.522,2.622,0.018,-1.017,-0.899
2016-11-07T21:00:00Z,-3.071,2.758,-0.064,-1.026,-1.403
2016-11-07T21:15:00Z,-3.071,2.758,-0.064,-1.026,-1.403
2016-11-07T21:30:00Z,-3.071,2.758,-0.064,-1.026,-1.403
2016-11-07T21:45:00Z,-3.071,2.758,-0.064,-1.026,-1.403
2016-11-07T22:00:00Z,-3.19,3.357,-0.591,-1.029,-1.454
2016-11-07T22:15:00Z,-3.19,3.357,-0.591,-1.029,-1.454
2016-11-07T22:30:00Z,-3.19,3.357,-0.591,-1.029,-1.454
2016-11-07T22:45:00Z,-3.19,3.357,-0.591,-1.029,-1.454
2016-11-07T23:00:00Z,-3.176,2.456,-0.066,-1.031,-1.816
2016-11-07T23:15:00Z,-3.176,2.456,-0.066,-1.031,-1.816
2016-11-07T23:30:00Z,-3.176,2.456,-0.066,-1.031,-1.816
2016-11-07T23:45:00Z,-3.176,2.456,-0.066,-1.031,-1.816
2016-11-08T00:00:00Z,-3.408,2.08,-0.05,-1.049,-2.428
2016-11-08T00:15:00Z,-3.408,2.08,-0.05,-1.049,-2.428
2016-11-08T00:30:00Z,-3.408,2.08,-0.05,-1.049,-2.428
2016-11-08T00:45:00Z,-3.408,2.08,-0.05,-1.049,-2.428
2016-11-08T01:00:00Z,-3.459,2.033,0,-1.025,-2.451
2016-11-08T01:15:00Z,-3.459,2.033,0,-1.025,-2.451
2016-11-08T01:30:00Z,-3.459,2.033,0,-1.025,-2.451
2016-11-08T01:45:00Z,-3.459,2.033,0,-1.025,-2.451
2016-11-08T02:00:00Z,-3.14,1.832,0,-1.022,-2.329
2016-11-08T02:15:00Z,-3.14,1.832,0,-1.022,-2.329
2016-11-08T02:30:00Z,-3.14,1.832,0,-1.022,-2.329
2016-11-08T02:45:00Z,-3.14,1.832,0,-1.022,-2.329
2016-11-08T03:00:00Z,-3.105,1.865,-0.058,-1.022,-2.32
2016-11-08T03:15:00Z,-3.105,1.865,-0.058,-1.022,-2.32
2016-11-08T03:30:00Z,-3.105,1.865,-0.058,-1.022,-2.32
2016-11-08T03:45:00Z,-3.105,1.865,-0.058,-1.022,-2.32
2016-11-08T04:00:00Z,-2.575,2.099,-0.617,-1.022,-2.115
2016-11-08T04:15:00Z,-2.575,2.099,-0.617,-1.022,-2.115
2016-11-08T04:30:00Z,-2.575,2.099,-0.617,-1.022,-2.115
2016-11-08T04:45:00Z,-2.575,2.099,-0.617,-1.022,-2.115
2016-11-08T05:00:00Z,-2.615,2.237,-0.598,-1.022,-1.997
2016-11-08T05:15:00Z,-2.615,2.237,-0.598,-1.022,-1.997
2016-11-08T05:30:00Z,-2.615,2.237,-0.598,-1.022,-1.997
2016-11-08T05:45:00Z,-2.615,2.237,-0.598,-1.022,-1.997
2016-11-08T06:00:00Z,-3.16,3.076,-0.01,-1.025,-1.119
2016-11-08T06:15:00Z,-3.16,3.076,-0.01,-1.025,-1.119
2016-11-08T06:30:00Z,-3.16,3.076,-0.01,-1.025,-1.119
2016-11-08T06:45:00Z,-3.16,3.076,-0.01,-1.025,-1.119
2016-11-08T07:00:00Z,-2.653,2.519,0.486,-0.966,-0.614
2016-11-08T07:15:00Z,-2.653,2.519,0.486,-0.966,-0.614
2016-11-08T07:30:00Z,-2.653,2.519,0.486,-0.966,-0.614
2016-11-08T07:45:00Z,-2.653,2.519,0.486,-0.966,-0.614
2016-11-08T08:00:00Z,-2.878,2.746,0.504,-0.848,-0.476
2016-11-08T08:15:00Z,-2.878,2.746,0.504,-0.848,-0.476
2016-11-08T08:30:00Z,-2.878,2.746,0.504,-0.848,-0.476
2016-11-08T08:45:00Z,-2.878,2.746,0.504,-0.848,-0.476
2016-11-08T09:00:00Z,-2.575,2.32,0.504,-0.863,-0.614
2016-11-08T09:15:00Z,-2.575,2.32,0.504,-0.863,-0.614
2016-11-08T09:30:00Z,-2.575,2.32,0.504,-0.863,-0.614
2016-11-08T09:45:00Z,-2.575,2.32,0.504,-0.863,-0.614
2016-11-08T10:00:00Z,-2.339,1.996,0.504,-0.817,-0.656
2016-11-08T10:15:00Z,-2.339,1.996,0.504,-0.817,-0.656
2016-11-08T10:30:00Z,-2.339,1.996,0.504,-0.817,-0.656
2016-11-08T10:45:00Z,-2.339,1.996,0.504,-0.817,-0.656
2016-11-08T11:00:00Z,-2.395,2.061,0.504,-0.863,-0.693
2016-11-08T11:15:00Z,-2.395,2.061,0.504,-0.863,-0.693
2016-11-08T11:30:00Z,-2.395,2.061,0.504,-0.863,-0.693
2016-11-08T11:45:00Z,-2.395,2.061,0.504,-0.863,-0.693
2016-11-08T12:00:00Z,-2.325,1.909,0.504,-0.876,-0.788
2016-11-08T12:15:00Z,-2.325,1.909,0.504,-0.876,-0.788
2016-11-08T12:30:00Z,-2.325,1.909,0.504,-0.876,-0.788
2016-11-08T12:45:00Z,-2.325,1.909,0.504,-0.876,-0.788
2016-11-08T13:00:00Z,-2.521,2.072,0.504,-0.859,-0.804
2016-11-08T13:15:00Z,-2.521,2.072,0.504,-0.859,-0.804
2016-11-08T13:30:00Z,-2.521,2.072,0.504,-0.859,-0.804
2016-11-08T13:45:00Z,-2.521,2.072,0.504,-0.859,-0.804
2016-11-08T14:00:00Z,-2.859,2.437,0.504,-0.785,-0.704
2016-11-08T14:15:00Z,-2.859,2.437,0.504,-0.785,-0.704
2016-11-08T14:30:00Z,-2.859,2.437,0.504,-0.785,-0.704
2016-11-08T14:45:00Z,-2.859,2.437,0.504,-0.785,-0.704
2016-11-08T15:00:00Z,-2.929,2.937,0.504,-0.989,-0.477
2016-11-08T15:15:00Z,-2.929,2.937,0.504,-0.989,-0.477
2016-11-08T15:30:00Z,-2.929,2.937,0.504,-0.989,-0.477
2016-11-08T15:45:00Z,-2.929,2.937,0.504,-0.989,-0.477
2016-11-08T16:00:00Z,-3.055,3.044,0.504,-0.996,-0.503
2016-11-08T16:15:00Z,-3.055,3.044,0.504,-0.996,-0.503
2016-11-08T16:30:00Z,-3.055,3.044,0.504,-0.996,-0.503
2016-11-08T16:45:00Z,-3.055,3.044,0.504,-0.996,-0.503
2016-11-08T17:00:00Z,-3.036,2.518,0.504,-0.989,-1.003
2016-11-08T17:15:00Z,-3.036,2.518,0.504,-0.989,-1.003
2016-11-08T17:30:00Z,-3.036,2.518,0.504,-0.989,-1.003
2016-11-08T17:45:00Z,-3.036,2.518,0.504,-0.989,-1.003
2016-11-08T18:00:00Z,-3.05,2.477,0.493,-1.01,-1.09
2016-11-08T18:15:00Z,-3.05,2.477,0.493,-1.01,-1.09
2016-11-08T18:30:00Z,-3.05,2.477,0.493,-1.01,-1.09
2016-11-08T18:45:00Z,-3.05,2.477,0.493,-1.01,-1.09
2016-11-08T19:00:00Z,-3.119,2.581,0.11,-1.02,-1.448
2016-11-08T19:15:00Z,-3.119,2.581,0.11,-1.02,-1.448
2016-11-08T19:30:00Z,-3.119,2.581,0.11,-1.02,-1.448
2016-11-08T19:45:00Z,-3.119,2.581,0.11,-1.02,-1.448
2016-11-08T20:00:00Z,-2.879,2.908,-0.229,-1.009,-1.209
2016-11-08T20:15:00Z,-2.879,2.908,-0.229,-1.009,-1.209
2016-11-08T20:30:00Z,-2.879,2.908,-0.229,-1.009,-1.209
2016-11-08T20:45:00Z,-2.879,2.908,-0.229,-1.009,-1.209
2016-11-08T21:00:00Z,-2.54,2.36,-0.005,-1.012,-1.197
2016-11-08T21:15:00Z,-2.54,2.36,-0.005,-1.012,-1.197
2016-11-08T21:30:00Z,-2.54,2.36,-0.005,-1.012,-1.197
2016-11-08T21:45:00Z,-2.54,2.36,-0.005,-1.012,-1.197
2016-11-08T22:00:00Z,-2.288,2.574,-0.569,-1.019,-1.302
2016-11-08T22:15:00Z,-2.288,2.574,-0.569,-1.019,-1.302
2016-11-08T22:30:00Z,-2.288,2.574,-0.569,-1.019,-1.302
2016-11-08T22:45:00Z,-2.288,2.574,-0.569,-1.019,-1.302
2016-11-08T23:00:00Z,-2.03,2.103,-0.703,-1.024,-1.654
2016-11-08T23:15:00Z,-2.03,2.103,-0.703,-1.024,-1.654
2016-11-08T23:30:00Z,-2.03,2.103,-0.703,-1.024,-1.654
2016-11-08T23:45:00Z,-2.03,2.103,-0.703,-1.024,-1.654
2016-11-09T00:00:00Z,-2.04,1.285,-0.275,-1.022,-2.052
2016-11-09T00:15:00Z,-2.04,1.285,-0.275,-1.022,-2.052
2016-11-09T00:30:00Z,-2.04,1.285,-0.275,-1.022,-2.052
2016-11-09T00:45:00Z,-2.04,1.285,-0.275,-1.022,-2.052
2016-11-09T01:00:00Z,-1.677,0.628,-0.498,-1.022,-2.569
2016-11-09T01:15:00Z,-1.677,0.628,-0.498,-1.022,-2.569
2016-11-09T01:30:00Z,-1.677,0.628,-0.498,-1.022,-2.569
2016-11-09T01:45:00Z,-1.677,0.628,-0.498,-1.022,-2.569
2016-11-09T02:00:00Z,-1.445,0.425,-0.487,-1.022,-2.53
2016-11-09T02:15:00Z,-1.445,0.425,-0.487,-1.022,-2.53
2016-11-09T02:30:00Z,-1.445,0.425,-0.487,-1.022,-2.53
2016-11-09T02:45:00Z,-1.445,0.425,-0.487,-1.022,-2.53
2016-11-09T03:00:00Z,-1.686,0.271,-0.724,-0.582,-2.721
2016-11-09T03:15:00Z,-1.686,0.271,-0.724,-0.582,-2.721
2016-11-09T03:30:00Z,-1.686,0.271,-0.724,-0.582,-2.721
2016-11-09T03:45:00Z,-1.686,0.271,-0.724,-0.582,-2.721
2016-11-09T04:00:00Z,-1.372,0.134,-0.4,-1.021,-2.658
2016-11-09T04:15:00Z,-1.372,0.134,-0.4,-1.021,-2.658
2016-11-09T04:30:00Z,-1.372,0.134,-0.4,-1.021,-2.658
2016-11-09T04:45:00Z,-1.372,0.134,-0.4,-1.021,-2.658
2016-11-09T05:00:00Z,-1.459,0.967,-0.312,-1.022,-1.825
2016-11-09T05:15:00Z,-1.459,0.967,-0.312,-1.022,-1.825
2016-11-09T05:30:00Z,-1.459,0.967,-0.312,-1.022,-1.825
2016-11-09T05:45:00Z,-1.459,0.967,-0.312,-1.022,-1.825
2016-11-09T06:00:00Z,-2.131,1.266,0.278,-1.044,-1.632
2016-11-09T06:15:00Z,-2.131,1.266,0.278,-1.044,-1.632
2016-11-09T06:30:00Z,-2.131,1.266,0.278,-1.044,-1.632
2016-11-09T06:45:00Z,-2.131,1.266,0.278,-1.044,-1.632
2016-11-09T07:00:00Z,-1.855,1.546,0.5,-1.041,-0.849
2016-11-09T07:15:00Z,-1.855,1.546,0.5,-1.041,-0.849
2016-11-09T07:30:00Z,-1.855,1.546,0.5,-1.041,-0.849
2016-11-09T07:45:00Z,-1.855,1.546,0.5,-1.041,-0.849
2016-11-09T08:00:00Z,-2.09,2.09,0.505,-1.046,-0.541
2016-11-09T08:15:00Z,-2.09,2.09,0.505,-1.046,-0.541
2016-11-09T08:30:00Z,-2.09,2.09,0.505,-1.046,-0.541
2016-11-09T08:45:00Z,-2.09,2.09,0.505,-1.046,-0.541
2016-11-09T09:00:00Z,-1.711,1.908,0.505,-1.037,-0.335
2016-11-09T09:15:00Z,-1.711,1.908,0.505,-1.037,-0.335
2016-11-09T09:30:00Z,-1.711,1.908,0.505,-1.037,-0.335
2016-11-09T09:45:00Z,-1.711,1.908,0.505,-1.037,-0.335
2016-11-09T10:00:00Z,-2.269,2.267,0.505,-1.039,-0.536
2016-11-09T10:15:00Z,-2.269,2.267,0.505,-1.039,-0.536
2016-11-09T10:30:00Z,-2.269,2.267,0.505,-1.039,-0.536
2016-11-09T10:45:00Z,-2.269,2.267,0.505,-1.039,-0.536
2016-11-09T11:00:00Z,-2.358,2.349,0.505,-0.997,-0.501
2016-11-09T11:15:00Z,-2.358,2.349,0.505,-0.997,-0.501
2016-11-09T11:30:00Z,-2.358,2.349,0.505,-0.997,-0.501
2016-11-09T11:45:00Z,-2.358,2.349,0.505,-0.997,-0.501
2016-11-09T12:00:00Z,-1.911,2.101,0.505,-0.997,-0.303
2016-11-09T12:15:00Z,-1.911,2.101,0.505,-0.997,-0.303
2016-11-09T12:30:00Z,-1.911,2.101,0.505,-0.997,-0.303
2016-11-09T12:45:00Z,-1.911,2.101,0.505,-0.997,-0.303
2016-11-09T13:00:00Z,-1.895,1.913,0.505,-0.994,-0.472
2016-11-09T13:15:00Z,-1.895,1.913,0.505,-0.994,-0.472
2016-11-09T13:30:00Z,-1.895,1.913,0.505,-0.994,-0.472
2016-11-09T13:45:00Z,-1.895,1.913,0.505,-0.994,-0.472
2016-11-09T14:00:00Z,-1.678,1.786,0.505,-1.005,-0.392
2016-11-09T14:15:00Z,-1.678,1.786,0.505,-1.005,-0.392
2016-11-09T14:30:00Z,-1.678,1.786,0.505,-1.005,-0.392
2016-11-09T14:45:00Z,-1.678,1.786,0.505,-1.005,-0.392
2016-11-09T15:00:00Z,-1.637,1.974,0.505,-1.011,-0.169
2016-11-09T15:15:00Z,-1.637,1.974,0.505,-1.011,-0.169
2016-11-09T15:30:00Z,-1.637,1.974,0.505,-1.011,-0.169
2016-11-09T15:45:00Z,-1.637,1.974,0.505,-1.011,-0.169
2016-11-09T16:00:00Z,-1.965,2.416,0.505,-1.012,-0.056
2016-11-09T16:15:00Z,-1.965,2.416,0.505,-1.012,-0.056
2016-11-09T16:30:00Z,-1.965,2.416,0.505,-1.012,-0.056
2016-11-09T16:45:00Z,-1.965,2.416,0.505,-1.012,-0.056
2016-11-09T17:00:00Z,-2.485,2.206,0.505,-1.031,-0.805
2016-11-09T17:15:00Z,-2.485,2.206,0.505,-1.031,-0.805
2016-11-09T17:30:00Z,-2.485,2.206,0.505,-1.031,-0.805
2016-11-09T17:45:00Z,-2.485,2.206,0.505,-1.031,-0.805
2016-11-09T18:00:00Z,-2.589,1.807,0.45,-1.026,-1.358
2016-11-09T18:15:00Z,-2.589,1.807,0.45,-1.026,-1.358
2016-11-09T18:30:00Z,-2.589,1.807,0.45,-1.026,-1.358
2016-11-09T18:45:00Z,-2.589,1.807,0.45,-1.026,-1.358
2016-11-09T19:00:00Z,-2.768,2.47,-0.121,-1.016,-1.435
2016-11-09T19:15:00Z,-2.768,2.47,-0.121,-1.016,-1.435
2016-11-09T19:30:00Z,-2.768,2.47,-0.121,-1.016,-1.435
2016-11-09T19:45:00Z,-2.768,2.47,-0.121,-1.016,-1.435
2016-11-09T20:00:00Z,-2.519,1.854,0.036,-1.034,-1.664
2016-11-09T20:15:00Z,-2.519,1.854,0.036,-1.034,-1.664
2016-11-09T20:30:00Z,-2.519,1.854,0.036,-1.034,-1.664
2016-11-09T20:45:00Z,-2.519,1.854,0.036,-1.034,-1.664
2016-11-09T21:00:00Z,-2.242,2.015,0.002,-1.036,-1.26
2016-11-09T21:15:00Z,-2.242,2.015,0.002,-1.036,-1.26
2016-11-09T21:30:00Z,-2.242,2.015,0.002,-1.036,-1.26
2016-11-09T21:45:00Z,-2.242,2.015,0.002,-1.036,-1.26
2016-11-09T22:00:00Z,-1.847,1.705,-0.127,-1.019,-1.288
2016-11-09T22:15:00Z,-1.847,1.705,-0.127,-1.019,-1.288
2016-11-09T22:30:00Z,-1.847,1.705,-0.127,-1.019,-1.288
2016-11-09T22:45:00Z,-1.847,1.705,-0.127,-1.019,-1.288
2016-11-09T23:00:00Z,-1.355,1.579,-0.702,-0.999,-1.478
2016-11-09T23:15:00Z,-1.355,1.579,-0.702,-0.999,-1.478
2016-11-09T23:30:00Z,-1.355,1.579,-0.702,-0.999,-1.478
2016-11-09T23:45:00Z,-1.355,1.579,-0.702,-0.999,-1.478
2016-11-10T00:00:00Z,-1.341,1.331,-0.73,-1.029,-1.769
2016-11-10T00:15:00Z,-1.341,1.331,-0.73,-1.029,-1.769
2016-11-10T00:30:00Z,-1.341,1.331,-0.73,-1.029,-1.769
2016-11-10T00:45:00Z,-1.341,1.331,-0.73,-1.029,-1.769
2016-11-10T01:00:00Z,-1.031,1.379,-0.731,-1.013,-1.395
2016-11-10T01:15:00Z,-1.031,1.379,-0.731,-1.013,-1.395
2016-11-10T01:30:00Z,-1.031,1.379,-0.731,-1.013,-1.395
2016-11-10T01:45:00Z,-1.031,1.379,-0.731,-1.013,-1.395
2016-11-10T02:00:00Z,-1.435,1.188,-0.731,-1.013,-1.991
2016-11-10T02:15:00Z,-1.435,1.188,-0.731,-1.013,-1.991
2016-11-10T02:30:00Z,-1.435,1.188,-0.731,-1.013,-1.991
2016-11-10T02:45:00Z,-1.435,1.188,-0.731,-1.013,-1.991
2016-11-10T03:00:00Z,-1.079,0.549,-0.683,-1.019,-2.232
2016-11-10T03:15:00Z,-1.079,0.549,-0.683,-1.019,-2.232
2016-11-10T03:30:00Z,-1.079,0.549,-0.683,-1.019,-2.232
2016-11-10T03:45:00Z,-1.079,0.549,-0.683,-1.019,-2.232
2016-11-10T04:00:00Z,-1.321,0.187,-0.199,-1.035,-2.368
2016-11-10T04:15:00Z,-1.321,0.187,-0.199,-1.035,-2.368
2016-11-10T04:30:00Z,-1.321,0.187,-0.199,-1.035,-2.368
2016-11-10T04:45:00Z,-1.321,0.187,-0.199,-1.035,-2.368
2016-11-10T05:00:00Z,-2.079,-0.324,0.376,-0.545,-2.572
2016-11-10T05:15:00Z,-2.079,-0.324,0.376,-0.545,-2.572
2016-11-10T05:30:00Z,-2.079,-0.324,0.376,-0.545,-2.572
2016-11-10T05:45:00Z,-2.079,-0.324,0.376,-0.545,-2.572
2016-11-10T06:00:00Z,-2.355,0.468,0.404,0.129,-1.353
2016-11-10T06:15:00Z,-2.355,0.468,0.404,0.129,-1.353
2016-11-10T06:30:00Z,-2.355,0.468,0.404,0.129,-1.353
2016-11-10T06:45:00Z,-2.355,0.468,0.404,0.129,-1.353
2016-11-10T07:00:00Z,-1.921,1.382,0.404,-0.366,-0.501
2016-11-10T07:15:00Z,-1.921,1.382,0.404,-0.366,-0.501
2016-11-10T07:30:00Z,-1.921,1.382,0.404,-0.366,-0.501
2016-11-10T07:45:00Z,-1.921,1.382,0.404,-0.366,-0.501
2016-11-10T08:00:00Z,-1.679,2.098,0.404,-0.9,-0.077
2016-11-10T08:15:00Z,-1.679,2.098,0.404,-0.9,-0.077
2016-11-10T08:30:00Z,-1.679,2.098,0.404,-0.9,-0.077
2016-11-10T08:45:00Z,-1.679,2.098,0.404,-0.9,-0.077
2016-11-10T09:00:00Z,-1.807,2.068,0.404,-0.716,-0.051
2016-11-10T09:15:00Z,-1.807,2.068,0.404,-0.716,-0.051
2016-11-10T09:30:00Z,-1.807,2.068,0.404,-0.716,-0.051
2016-11-10T09:45:00Z,-1.807,2.068,0.404,-0.716,-0.051
2016-11-10T10:00:00Z,-2.129,1.688,0.404,-0.14,-0.177
2016-11-10T10:15:00Z,-2.129,1.688,0.404,-0.14,-0.177
2016-11-10T10:30:00Z,-2.129,1.688,0.404,-0.14,-0.177
2016-11-10T10:45:00Z,-2.129,1.688,0.404,-0.14,-0.177
2016-11-10T11:00:00Z,-1.822,1.357,0.404,-0.276,-0.337
2016-11-10T11:15:00Z,-1.822,1.357,0.404,-0.276,-0.337
2016-11-10T11:30:00Z,-1.822,1.357,0.404,-0.276,-0.337
2016-11-10T11:45:00Z,-1.822,1.357,0.404,-0.276,-0.337
2016-11-10T12:00:00Z,-1.844,1.317,0.404,-0.105,-0.227
2016-11-10T12:15:00Z,-1.844,1.317,0.404,-0.105,-0.227
2016-11-10T12:30:00Z,-1.844,1.317,0.404,-0.105,-0.227
2016-11-10T12:45:00Z,-1.844,1.317,0.404,-0.105,-0.227
2016-11-10T13:00:00Z,-1.29,1.173,0.404,-0.23,0.056
2016-11-10T13:15:00Z,-1.29,1.173,0.404,-0.23,0.056
2016-11-10T13:30:00Z,-1.29,1.173,0.404,-0.23,0.056
2016-11-10T13:45:00Z,-1.29,1.173,0.404,-0.23,0.056
2016-11-10T14:00:00Z,-1.237,1.285,0.404,-0.396,0.056
2016-11-10T14:15:00Z,-1.237,1.285,0.404,-0.396,0.056
2016-11-10T14:30:00Z,-1.237,1.285,0.404,-0.396,0.056
2016-11-10T14:45:00Z,-1.237,1.285,0.404,-0.396,0.056
2016-11-10T15:00:00Z,-1.417,1.646,0.404,-0.367,0.266
2016-11-10T15:15:00Z,-1.417,1.646,0.404,-0.367,0.266
2016-11-10T15:30:00Z,-1.417,1.646,0.404,-0.367,0.266
2016-11-10T15:45:00Z,-1.417,1.646,0.404,-0.367,0.266
2016-11-10T16:00:00Z,-2.384,2.625,0.404,-0.389,0.256
2016-11-10T16:15:00Z,-2.384,2.625,0.404,-0.389,0.256
2016-11-10T16:30:00Z,-2.384,2.625,0.404,-0.389,0.256
2016-11-10T16:45:00Z,-2.384,2.625,0.404,-0.389,0.256
2016-11-10T17:00:00Z,-2.328,2.153,0.404,-1.021,-0.792
2016-11-10T17:15:00Z,-2.328,2.153,0.404,-1.021,-0.792
2016-11-10T17:30:00Z,-2.328,2.153,0.404,-1.021,-0.792
2016-11-10T17:45:00Z,-2.328,2.153,0.404,-1.021,-0.792
2016-11-10T18:00:00Z,-2.237,1.547,0.404,-1.021,-1.307
2016-11-10T18:15:00Z,-2.237,1.547,0.404,-1.021,-1.307
2016-11-10T18:30:00Z,-2.237,1.547,0.404,-1.021,-1.307
2016-11-10T18:45:00Z,-2.237,1.547,0.404,-1.021,-1.307
2016-11-10T19:00:00Z,-2.508,1.777,0.404,-1.021,-1.348
2016-11-10T19:15:00Z,-2.508,1.777,0.404,-1.021,-1.348
2016-11-10T19:30:00Z,-2.508,1.777,0.404,-1.021,-1.348
2016-11-10T19:45:00Z,-2.508,1.777,0.404,-1.021,-1.348
2016-11-10T20:00:00Z,-2.333,1.335,0.289,-1.021,-1.729
2016-11-10T20:15:00Z,-2.333,1.335,0.289,-1.021,-1.729
2016-11-10T20:30:00Z,-2.333,1.335,0.289,-1.021,-1.729
2016-11-10T20:45:00Z,-2.333,1.335,0.289,-1.021,-1.729
2016-11-10T21:00:00Z,-2.25,0.911,0.361,-0.973,-1.951
2016-11-10T21:15:00Z,-2.25,0.911,0.361,-0.973,-1.951
2016-11-10T21:30:00Z,-2.25,0.911,0.361,-0.973,-1.951
2016-11-10T21:45:00Z,-2.25,0.911,0.361,-0.973,-1.951
2016-11-10T22:00:00Z,-2.131,1.333,-0.223,-1.022,-2.043
2016-11-10T22:15:00Z,-2.131,1.333,-0.223,-1.022,-2.043
2016-11-10T22:30:00Z,-2.131,1.333,-0.223,-1.022,-2.043
2016-11-10T22:45:00Z,-2.131,1.333,-0.223,-1.022,-2.043
2016-11-10T23:00:00Z,-2.027,1.483,-0.713,-1.022,-2.279
2016-11-10T23:15:00Z,-2.027,1.483,-0.713,-1.022,-2.279
2016-11-10T23:30:00Z,-2.027,1.483,-0.713,-1.022,-2.279
2016-11-10T23:45:00Z,-2.027,1.483,-0.713,-1.022,-2.279
2016-11-11T00:00:00Z,-2.028,1.044,-0.731,-1.022,-2.737
2016-11-11T00:15:00Z,-2.028,1.044,-0.731,-1.022,-2.737
2016-11-11T00:30:00Z,-2.028,1.044,-0.731,-1.022,-2.737
2016-11-11T00:45:00Z,-2.028,1.044,-0.731,-1.022,-2.737
2016-11-11T01:00:00Z,-2.155,0.738,-0.731,-1.022,-3.17
2016-11-11T01:15:00Z,-2.155,0.738,-0.731,-1.022,-3.17
2016-11-11T01:30:00Z,-2.155,0.738,-0.731,-1.022,-3.17
2016-11-11T01:45:00Z,-2.155,0.738,-0.731,-1.022,-3.17
2016-11-11T02:00:00Z,-2.081,0.56,-0.731,-1.022,-3.273
2016-11-11T02:15:00Z,-2.081,0.56,-0.731,-1.022,-3.273
2016-11-11T02:30:00Z,-2.081,0.56,-0.731,-1.022,-3.273
2016-11-11T02:45:00Z,-2.081,0.56,-0.731,-1.022,-3.273
2016-11-11T03:00:00Z,-2.06,0.523,-0.718,-1.022,-3.277
2016-11-11T03:15:00Z,-2.06,0.523,-0.718,-1.022,-3.277
2016-11-11T03:30:00Z,-2.06,0.523,-0.718,-1.022,-3.277
2016-11-11T03:45:00Z,-2.06,0.523,-0.718,-1.022,-3.277
2016-11-11T04:00:00Z,-1.458,0.026,-0.599,-1.022,-3.053
2016-11-11T04:15:00Z,-1.458,0.026,-0.599,-1.022,-3.053
2016-11-11T04:30:00Z,-1.458,0.026,-0.599,-1.022,-3.053
2016-11-11T04:45:00Z,-1.458,0.026,-0.599,-1.022,-3.053
2016-11-11T05:00:00Z,-0.9,0.13,-0.044,-1.012,-1.826
2016-11-11T05:15:00Z,-0.9,0.13,-0.044,-1.012,-1.826
2016-11-11T05:30:00Z,-0.9,0.13,-0.044,-1.012,-1.826
2016-11-11T05:45:00Z,-0.9,0.13,-0.044,-1.012,-1.826
2016-11-11T06:00:00Z,-0.852,0.324,0.479,-1.037,-1.087
2016-11-11T06:15:00Z,-0.852,0.324,0.479,-1.037,-1.087
2016-11-11T06:30:00Z,-0.852,0.324,0.479,-1.037,-1.087
2016-11-11T06:45:00Z,-0.852,0.324,0.479,-1.037,-1.087
2016-11-11T07:00:00Z,-0.663,0.977,0.505,-1.03,-0.211
2016-11-11T07:15:00Z,-0.663,0.977,0.505,-1.03,-0.211
2016-11-11T07:30:00Z,-0.663,0.977,0.505,-1.03,-0.211
2016-11-11T07:45:00Z,-0.663,0.977,0.505,-1.03,-0.211
2016-11-11T08:00:00Z,-0.961,1.646,0.505,-1.018,0.172
2016-11-11T08:15:00Z,-0.961,1.646,0.505,-1.018,0.172
2016-11-11T08:30:00Z,-0.961,1.646,0.505,-1.018,0.172
2016-11-11T08:45:00Z,-0.961,1.646,0.505,-1.018,0.172
2016-11-11T09:00:00Z,-0.924,1.426,0.505,-0.933,0.074
2016-11-11T09:15:00Z,-0.924,1.426,0.505,-0.933,0.074
2016-11-11T09:30:00Z,-0.924,1.426,0.505,-0.933,0.074
2016-11-11T09:45:00Z,-0.924,1.426,0.505,-0.933,0.074
2016-11-11T10:00:00Z,-0.931,1.125,0.505,-0.925,-0.226
2016-11-11T10:15:00Z,-0.931,1.125,0.505,-0.925,-0.226
2016-11-11T10:30:00Z,-0.931,1.125,0.505,-0.925,-0.226
2016-11-11T10:45:00Z,-0.931,1.125,0.505,-0.925,-0.226
2016-11-11T11:00:00Z,-1.292,1.442,0.504,-0.912,-0.258
2016-11-11T11:15:00Z,-1.292,1.442,0.504,-0.912,-0.258
2016-11-11T11:30:00Z,-1.292,1.442,0.504,-0.912,-0.258
2016-11-11T11:45:00Z,-1.292,1.442,0.504,-0.912,-0.258
2016-11-11T12:00:00Z,-1.162,1.56,0.504,-1.032,-0.13
2016-11-11T12:15:00Z,-1.162,1.56,0.504,-1.032,-0.13
2016-11-11T12:30:00Z,-1.162,1.56,0.504,-1.032,-0.13
2016-11-11T12:45:00Z,-1.162,1.56,0.504,-1.032,-0.13
2016-11-11T13:00:00Z,-0.356,0.702,0.504,-1.037,-0.187
2016-11-11T13:15:00Z,-0.356,0.702,0.504,-1.037,-0.187
2016-11-11T13:30:00Z,-0.356,0.702,0.504,-1.037,-0.187
2016-11-11T13:45:00Z,-0.356,0.702,0.504,-1.037,-0.187
2016-11-11T14:00:00Z,-0.295,0.844,0.504,-1.023,0.029
2016-11-11T14:15:00Z,-0.295,0.844,0.504,-1.023,0.029
2016-11-11T14:30:00Z,-0.295,0.844,0.504,-1.023,0.029
2016-11-11T14:45:00Z,-0.295,0.844,0.504,-1.023,0.029
2016-11-11T15:00:00Z,-0.42,1.289,0.504,-1.023,0.35
2016-11-11T15:15:00Z,-0.42,1.289,0.504,-1.023,0.35
2016-11-11T15:30:00Z,-0.42,1.289,0.504,-1.023,0.35
2016-11-11T15:45:00Z,-0.42,1.289,0.504,-1.023,0.35
2016-11-11T16:00:00Z,-1.033,2.265,0.504,-1.023,0.713
2016-11-11T16:15:00Z,-1.033,2.265,0.504,-1.023,0.713
2016-11-11T16:30:00Z,-1.033,2.265,0.504,-1.023,0.713
2016-11-11T16:45:00Z,-1.033,2.265,0.504,-1.023,0.713
2016-11-11T17:00:00Z,-1.828,2.551,0.504,-1.023,0.205
2016-11-11T17:15:00Z,-1.828,2.551,0.504,-1.023,0.205
2016-11-11T17:30:00Z,-1.828,2.551,0.504,-1.023,0.205
2016-11-11T17:45:00Z,-1.828,2.551,0.504,-1.023,0.205
2016-11-11T18:00:00Z,-2.073,2.322,0.504,-1.023,-0.27
2016-11-11T18:15:00Z,-2.073,2.322,0.504,-1.023,-0.27
2016-11-11T18:30:00Z,-2.073,2.322,0.504,-1.023,-0.27
2016-11-11T18:45:00Z,-2.073,2.322,0.504,-1.023,-0.27
2016-11-11T19:00:00Z,-2.108,2.111,0.495,-1.023,-0.525
2016-11-11T19:15:00Z,-2.108,2.111,0.495,-1.023,-0.525
2016-11-11T19:30:00Z,-2.108,2.111,0.495,-1.023,-0.525
2016-11-11T19:45:00Z,-2.108,2.111,0.495,-1.023,-0.525
2016-11-11T20:00:00Z,-1.983,2.039,0.142,-1.023,-0.825
2016-11-11T20:15:00Z,-1.983,2.039,0.142,-1.023,-0.825
2016-11-11T20:30:00Z,-1.983,2.039,0.142,-1.023,-0.825
2016-11-11T20:45:00Z,-1.983,2.039,0.142,-1.023,-0.825
2016-11-11T21:00:00Z,-2.375,2.227,-0.051,-0.975,-1.175
2016-11-11T21:15:00Z,-2.375,2.227,-0.051,-0.975,-1.175
2016-11-11T21:30:00Z,-2.375,2.227,-0.051,-0.975,-1.175
2016-11-11T21:45:00Z,-2.375,2.227,-0.051,-0.975,-1.175
2016-11-11T22:00:00Z,-2.771,2.979,-0.455,-0.974,-1.221
2016-11-11T22:15:00Z,-2.771,2.979,-0.455,-0.974,-1.221
2016-11-11T22:30:00Z,-2.771,2.979,-0.455,-0.974,-1.221
2016-11-11T22:45:00Z,-2.771,2.979,-0.455,-0.974,-1.221
2016-11-11T23:00:00Z,-2.645,2.493,0.098,-1.029,-1.083
2016-11-11T23:15:00Z,-2.645,2.493,0.098,-1.029,-1.083
2016-11-11T23:30:00Z,-2.645,2.493,0.098,-1.029,-1.083
2016-11-11T23:45:00Z,-2.645,2.493,0.098,-1.029,-1.083
2016-11-12T00:00:00Z,-2.526,2.393,0.101,-1.039,-1.071
2016-11-12T00:15:00Z,-2.526,2.393,0.101,-1.039,-1.071
2016-11-12T00:30:00Z,-2.526,2.393,0.101,-1.039,-1.071
2016-11-12T00:45:00Z,-2.526,2.393,0.101,-1.039,-1.071
2016-11-12T01:00:00Z,-2.286,2.327,-0.358,-1.018,-1.335
2016-11-12T01:15:00Z,-2.286,2.327,-0.358,-1.018,-1.335
2016-11-12T01:30:00Z,-2.286,2.327,-0.358,-1.018,-1.335
2016-11-12T01:45:00Z,-2.286,2.327,-0.358,-1.018,-1.335
2016-11-12T02:00:00Z,-2.205,1.85,-0.456,-0.476,-1.287
2016-11-12T02:15:00Z,-2.205,1.85,-0.456,-0.476,-1.287
2016-11-12T02:30:00Z,-2.205,1.85,-0.456,-0.476,-1.287
2016-11-12T02:45:00Z,-2.205,1.85,-0.456,-0.476,-1.287
2016-11-12T03:00:00Z,-2.211,1.696,-0.724,-0.277,-1.517
2016-11-12T03:15:00Z,-2.211,1.696,-0.724,-0.277,-1.517
2016-11-12T03:30:00Z,-2.211,1.696,-0.724,-0.277,-1.517
2016-11-12T03:45:00Z,-2.211,1.696,-0.724,-0.277,-1.517
2016-11-12T04:00:00Z,-2.354,1.877,-0.73,-0.277,-1.485
2016-11-12T04:15:00Z,-2.354,1.877,-0.73,-0.277,-1.485
2016-11-12T04:30:00Z,-2.354,1.877,-0.73,-0.277,-1.485
2016-11-12T04:45:00Z,-2.354,1.877,-0.73,-0.277,-1.485
2016-11-12T05:00:00Z,-2.17,1.938,-0.536,-0.426,-1.194
2016-11-12T05:15:00Z,-2.17,1.938,-0.536,-0.426,-1.194
2016-11-12T05:30:00Z,-2.17,1.938,-0.536,-0.426,-1.194
2016-11-12T05:45:00Z,-2.17,1.938,-0.536,-0.426,-1.194
2016-11-12T06:00:00Z,-2.22,2.391,-0.347,-1.055,-1.231
2016-11-12T06:15:00Z,-2.22,2.391,-0.347,-1.055,-1.231
2016-11-12T06:30:00Z,-2.22,2.391,-0.347,-1.055,-1.231
2016-11-12T06:45:00Z,-2.22,2.391,-0.347,-1.055,-1.231
2016-11-12T07:00:00Z,-2.291,2.05,0.247,-1.039,-1.033
2016-11-12T07:15:00Z,-2.291,2.05,0.247,-1.039,-1.033
2016-11-12T07:30:00Z,-2.291,2.05,0.247,-1.039,-1.033
2016-11-12T07:45:00Z,-2.291,2.05,0.247,-1.039,-1.033
2016-11-12T08:00:00Z,-2.638,2.45,0.499,-1.041,-0.729
2016-11-12T08:15:00Z,-2.638,2.45,0.499,-1.041,-0.729
2016-11-12T08:30:00Z,-2.638,2.45,0.499,-1.041,-0.729
2016-11-12T08:45:00Z,-2.638,2.45,0.499,-1.041,-0.729
2016-11-12T09:00:00Z,-2.799,2.658,0.504,-1.023,-0.66
2016-11-12T09:15:00Z,-2.799,2.658,0.504,-1.023,-0.66
2016-11-12T09:30:00Z,-2.799,2.658,0.504,-1.023,-0.66
2016-11-12T09:45:00Z,-2.799,2.658,0.504,-1.023,-0.66
2016-11-12T10:00:00Z,-2.71,2.694,0.504,-1.034,-0.546
2016-11-12T10:15:00Z,-2.71,2.694,0.504,-1.034,-0.546
2016-11-12T10:30:00Z,-2.71,2.694,0.504,-1.034,-0.546
2016-11-12T10:45:00Z,-2.71,2.694,0.504,-1.034,-0.546
2016-11-12T11:00:00Z,-2.862,2.872,0.504,-1.017,-0.503
2016-11-12T11:15:00Z,-2.862,2.872,0.504,-1.017,-0.503
2016-11-12T11:30:00Z,-2.862,2.872,0.504,-1.017,-0.503
2016-11-12T11:45:00Z,-2.862,2.872,0.504,-1.017,-0.503
2016-11-12T12:00:00Z,-2.909,3.196,0.172,-0.992,-0.533
2016-11-12T12:15:00Z,-2.909,3.196,0.172,-0.992,-0.533
2016-11-12T12:30:00Z,-2.909,3.196,0.172,-0.992,-0.533
2016-11-12T12:45:00Z,-2.909,3.196,0.172,-0.992,-0.533
2016-11-12T13:00:00Z,-2.277,2.644,0.036,-1.023,-0.62
2016-11-12T13:15:00Z,-2.277,2.644,0.036,-1.023,-0.62
2016-11-12T13:30:00Z,-2.277,2.644,0.036,-1.023,-0.62
2016-11-12T13:45:00Z,-2.277,2.644,0.036,-1.023,-0.62
2016-11-12T14:00:00Z,-2.187,2.285,0.18,-1.039,-0.761
2016-11-12T14:15:00Z,-2.187,2.285,0.18,-1.039,-0.761
2016-11-12T14:30:00Z,-2.187,2.285,0.18,-1.039,-0.761
2016-11-12T14:45:00Z,-2.187,2.285,0.18,-1.039,-0.761
2016-11-12T15:00:00Z,-2.161,2.157,0.497,-1.019,-0.526
2016-11-12T15:15:00Z,-2.161,2.157,0.497,-1.019,-0.526
2016-11-12T15:30:00Z,-2.161,2.157,0.497,-1.019,-0.526
2016-11-12T15:45:00Z,-2.161,2.157,0.497,-1.019,-0.526
2016-11-12T16:00:00Z,-2.351,2.797,0.505,-1.028,-0.077
2016-11-12T16:15:00Z,-2.351,2.797,0.505,-1.028,-0.077
2016-11-12T16:30:00Z,-2.351,2.797,0.505,-1.028,-0.077
2016-11-12T16:45:00Z,-2.351,2.797,0.505,-1.028,-0.077
2016-11-12T17:00:00Z,-2.553,2.518,0.505,-1.014,-0.544
2016-11-12T17:15:00Z,-2.553,2.518,0.505,-1.014,-0.544
2016-11-12T17:30:00Z,-2.553,2.518,0.505,-1.014,-0.544
2016-11-12T17:45:00Z,-2.553,2.518,0.505,-1.014,-0.544
2016-11-12T18:00:00Z,-2.39,2.617,0.431,-1.026,-0.367
2016-11-12T18:15:00Z,-2.39,2.617,0.431,-1.026,-0.367
2016-11-12T18:30:00Z,-2.39,2.617,0.431,-1.026,-0.367
2016-11-12T18:45:00Z,-2.39,2.617,0.431,-1.026,-0.367
2016-11-12T19:00:00Z,-2.507,3.046,0.252,-1.041,-0.251
2016-11-12T19:15:00Z,-2.507,3.046,0.252,-1.041,-0.251
2016-11-12T19:30:00Z,-2.507,3.046,0.252,-1.041,-0.251
2016-11-12T19:45:00Z,-2.507,3.046,0.252,-1.041,-0.251
2016-11-12T20:00:00Z,-2.209,3.199,0.19,-1.029,0.151
2016-11-12T20:15:00Z,-2.209,3.199,0.19,-1.029,0.151
2016-11-12T20:30:00Z,-2.209,3.199,0.19,-1.029,0.151
2016-11-12T20:45:00Z,-2.209,3.199,0.19,-1.029,0.151
2016-11-12T21:00:00Z,-2.558,3.572,0.084,-1.023,0.075
2016-11-12T21:15:00Z,-2.558,3.572,0.084,-1.023,0.075
2016-11-12T21:30:00Z,-2.558,3.572,0.084,-1.023,0.075
2016-11-12T21:45:00Z,-2.558,3.572,0.084,-1.023,0.075
2016-11-12T22:00:00Z,-2.886,3.63,0.088,-1.032,-0.2
2016-11-12T22:15:00Z,-2.886,3.63,0.088,-1.032,-0.2
2016-11-12T22:30:00Z,-2.886,3.63,0.088,-1.032,-0.2
2016-11-12T22:45:00Z,-2.886,3.63,0.088,-1.032,-0.2
2016-11-12T23:00:00Z,-3.074,3.41,0.345,-1.037,-0.356
2016-11-12T23:15:00Z,-3.074,3.41,0.345,-1.037,-0.356
2016-11-12T23:30:00Z,-3.074,3.41,0.345,-1.037,-0.356
2016-11-12T23:45:00Z,-3.074,3.41,0.345,-1.037,-0.356
2016-11-13T00:00:00Z,-2.929,3.262,0.083,-1.02,-0.604
2016-11-13T00:15:00Z,-2.929,3.262,0.083,-1.02,-0.604
2016-11-13T00:30:00Z,-2.929,3.262,0.083,-1.02,-0.604
2016-11-13T00:45:00Z,-2.929,3.262,0.083,-1.02,-0.604
2016-11-13T01:00:00Z,-2.644,2.787,0.156,-1.023,-0.724
2016-11-13T01:15:00Z,-2.644,2.787,0.156,-1.023,-0.724
2016-11-13T01:30:00Z,-2.644,2.787,0.156,-1.023,-0.724
2016-11-13T01:45:00Z,-2.644,2.787,0.156,-1.023,-0.724
2016-11-13T02:00:00Z,-2.813,2.659,0.162,-1.023,-1.016
2016-11-13T02:15:00Z,-2.813,2.659,0.162,-1.023,-1.016
2016-11-13T02:30:00Z,-2.813,2.659,0.162,-1.023,-1.016
2016-11-13T02:45:00Z,-2.813,2.659,0.162,-1.023,-1.016
2016-11-13T03:00:00Z,-2.786,2.589,0.19,-1.023,-1.03
2016-11-13T03:15:00Z,-2.786,2.589,0.19,-1.023,-1.03
2016-11-13T03:30:00Z,-2.786,2.589,0.19,-1.023,-1.03
2016-11-13T03:45:00Z,-2.786,2.589,0.19,-1.023,-1.03
2016-11-13T04:00:00Z,-2.701,2.475,0.238,-1.004,-0.992
2016-11-13T04:15:00Z,-2.701,2.475,0.238,-1.004,-0.992
2016-11-13T04:30:00Z,-2.701,2.475,0.238,-1.004,-0.992
2016-11-13T04:45:00Z,-2.701,2.475,0.238,-1.004,-0.992
2016-11-13T05:00:00Z,-2.597,2.445,0.486,-1.023,-0.69
2016-11-13T05:15:00Z,-2.597,2.445,0.486,-1.023,-0.69
2016-11-13T05:30:00Z,-2.597,2.445,0.486,-1.023,-0.69
2016-11-13T05:45:00Z,-2.597,2.445,0.486,-1.023,-0.69
2016-11-13T06:00:00Z,-2.137,2.803,0.147,-1.023,-0.21
2016-11-13T06:15:00Z,-2.137,2.803,0.147,-1.023,-0.21
2016-11-13T06:30:00Z,-2.137,2.803,0.147,-1.023,-0.21
2016-11-13T06:45:00Z,-2.137,2.803,0.147,-1.023,-0.21
2016-11-13T07:00:00Z,-2.324,2.678,0.494,-1.023,-0.175
2016-11-13T07:15:00Z,-2.324,2.678,0.494,-1.023,-0.175
2016-11-13T07:30:00Z,-2.324,2.678,0.494,-1.023,-0.175
2016-11-13T07:45:00Z,-2.324,2.678,0.494,-1.023,-0.175
2016-11-13T08:00:00Z,-2.199,2.835,0.5,-1.023,0.112
2016-11-13T08:15:00Z,-2.199,2.835,0.5,-1.023,0.112
2016-11-13T08:30:00Z,-2.199,2.835,0.5,-1.023,0.112
2016-11-13T08:45:00Z,-2.199,2.835,0.5,-1.023,0.112
2016-11-13T09:00:00Z,-2.009,3.126,0.262,-1.023,0.357
2016-11-13T09:15:00Z,-2.009,3.126,0.262,-1.023,0.357
2016-11-13T09:30:00Z,-2.009,3.126,0.262,-1.023,0.357
2016-11-13T09:45:00Z,-2.009,3.126,0.262,-1.023,0.357
2016-11-13T10:00:00Z,-2.063,3.186,0.461,-1.023,0.561
2016-11-13T10:15:00Z,-2.063,3.186,0.461,-1.023,0.561
2016-11-13T10:30:00Z,-2.063,3.186,0.461,-1.023,0.561
2016-11-13T10:45:00Z,-2.063,3.186,0.461,-1.023,0.561
2016-11-13T11:00:00Z,-1.938,3.106,0.503,-1.019,0.652
2016-11-13T11:15:00Z,-1.938,3.106,0.503,-1.019,0.652
2016-11-13T11:30:00Z,-1.938,3.106,0.503,-1.019,0.652
2016-11-13T11:45:00Z,-1.938,3.106,0.503,-1.019,0.652
2016-11-13T12:00:00Z,-1.908,3.032,0.451,-1.062,0.513
2016-11-13T12:15:00Z,-1.908,3.032,0.451,-1.062,0.513
2016-11-13T12:30:00Z,-1.908,3.032,0.451,-1.062,0.513
2016-11-13T12:45:00Z,-1.908,3.032,0.451,-1.062,0.513
2016-11-13T13:00:00Z,-1.773,2.838,0.14,-1.031,0.175
2016-11-13T13:15:00Z,-1.773,2.838,0.14,-1.031,0.175
2016-11-13T13:30:00Z,-1.773,2.838,0.14,-1.031,0.175
2016-11-13T13:45:00Z,-1.773,2.838,0.14,-1.031,0.175
2016-11-13T14:00:00Z,-1.853,2.664,0.178,-1.023,-0.034
2016-11-13T14:15:00Z,-1.853,2.664,0.178,-1.023,-0.034
2016-11-13T14:30:00Z,-1.853,2.664,0.178,-1.023,-0.034
2016-11-13T14:45:00Z,-1.853,2.664,0.178,-1.023,-0.034
2016-11-13T15:00:00Z,-2.006,2.504,0.497,-1.023,-0.029
2016-11-13T15:15:00Z,-2.006,2.504,0.497,-1.023,-0.029
2016-11-13T15:30:00Z,-2.006,2.504,0.497,-1.023,-0.029
2016-11-13T15:45:00Z,-2.006,2.504,0.497,-1.023,-0.029
2016-11-13T16:00:00Z,-2.256,2.637,0.505,-0.547,0.338
2016-11-13T16:15:00Z,-2.256,2.637,0.505,-0.547,0.338
2016-11-13T16:30:00Z,-2.256,2.637,0.505,-0.547,0.338
2016-11-13T16:45:00Z,-2.256,2.637,0.505,-0.547,0.338
2016-11-13T17:00:00Z,-2.299,2.658,0.505,-0.996,-0.132
2016-11-13T17:15:00Z,-2.299,2.658,0.505,-0.996,-0.132
2016-11-13T17:30:00Z,-2.299,2.658,0.505,-0.996,-0.132
2016-11-13T17:45:00Z,-2.299,2.658,0.505,-0.996,-0.132
2016-11-13T18:00:00Z,-2.338,2.712,0.505,-1.001,-0.123
2016-11-13T18:15:00Z,-2.338,2.712,0.505,-1.001,-0.123
2016-11-13T18:30:00Z,-2.338,2.712,0.505,-1.001,-0.123
2016-11-13T18:45:00Z,-2.338,2.712,0.505,-1.001,-0.123
2016-11-13T19:00:00Z,-2.327,2.395,0.505,-1.019,-0.447
2016-11-13T19:15:00Z,-2.327,2.395,0.505,-1.019,-0.447
2016-11-13T19:30:00Z,-2.327,2.395,0.505,-1.019,-0.447
2016-11-13T19:45:00Z,-2.327,2.395,0.505,-1.019,-0.447
2016-11-13T20:00:00Z,-2.338,2.231,0.38,-1.038,-0.764
2016-11-13T20:15:00Z,-2.338,2.231,0.38,-1.038,-0.764
2016-11-13T20:30:00Z,-2.338,2.231,0.38,-1.038,-0.764
2016-11-13T20:45:00Z,-2.338,2.231,0.38,-1.038,-0.764
2016-11-13T21:00:00Z,-2.544,2.617,0.263,-1.022,-0.686
2016-11-13T21:15:00Z,-2.544,2.617,0.263,-1.022,-0.686
2016-11-13T21:30:00Z,-2.544,2.617,0.263,-1.022,-0.686
2016-11-13T21:45:00Z,-2.544,2.617,0.263,-1.022,-0.686
2016-11-13T22:00:00Z,-2.729,2.927,0.342,-1.023,-0.482
2016-11-13T22:15:00Z,-2.729,2.927,0.342,-1.023,-0.482
2016-11-13T22:30:00Z,-2.729,2.927,0.342,-1.023,-0.482
2016-11-13T22:45:00Z,-2.729,2.927,0.342,-1.023,-0.482
2016-11-13T23:00:00Z,-2.532,2.746,-0.016,-1.023,-0.825
2016-11-13T23:15:00Z,-2.532,2.746,-0.016,-1.023,-0.825
2016-11-13T23:30:00Z,-2.532,2.746,-0.016,-1.023,-0.825
2016-11-13T23:45:00Z,-2.532,2.746,-0.016,-1.023,-0.825
2016-11-14T00:00:00Z,-2.119,2.935,-0.595,-1.023,-0.802
2016-11-14T00:15:00Z,-2.119,2.935,-0.595,-1.023,-0.802
2016-11-14T00:30:00Z,-2.119,2.935,-0.595,-1.023,-0.802
2016-11-14T00:45:00Z,-2.119,2.935,-0.595,-1.023,-0.802
2016-11-14T01:00:00Z,-2.469,3.267,-0.562,-1.023,-0.787
2016-11-14T01:15:00Z,-2.469,3.267,-0.562,-1.023,-0.787
2016-11-14T01:30:00Z,-2.469,3.267,-0.562,-1.023,-0.787
2016-11-14T01:45:00Z,-2.469,3.267,-0.562,-1.023,-0.787
2016-11-14T02:00:00Z,-2.678,3.121,-0.327,-1.023,-0.907
2016-11-14T02:15:00Z,-2.678,3.121,-0.327,-1.023,-0.907
2016-11-14T02:30:00Z,-2.678,3.121,-0.327,-1.023,-0.907
2016-11-14T02:45:00Z,-2.678,3.121,-0.327,-1.023,-0.907
2016-11-14T03:00:00Z,-2.441,2.567,-0.352,-1.023,-1.249
2016-11-14T03:15:00Z,-2.441,2.567,-0.352,-1.023,-1.249
2016-11-14T03:30:00Z,-2.441,2.567,-0.352,-1.023,-1.249
2016-11-14T03:45:00Z,-2.441,2.567,-0.352,-1.023,-1.249
2016-11-14T04:00:00Z,-2.537,2.179,-0.054,-1.024,-1.437
2016-11-14T04:15:00Z,-2.537,2.179,-0.054,-1.024,-1.437
2016-11-14T04:30:00Z,-2.537,2.179,-0.054,-1.024,-1.437
2016-11-14T04:45:00Z,-2.537,2.179,-0.054,-1.024,-1.437
2016-11-14T05:00:00Z,-2.757,2.077,0.48,-0.942,-1.142
2016-11-14T05:15:00Z,-2.757,2.077,0.48,-0.942,-1.142
2016-11-14T05:30:00Z,-2.757,2.077,0.48,-0.942,-1.142
2016-11-14T05:45:00Z,-2.757,2.077,0.48,-0.942,-1.142
2016-11-14T06:00:00Z,-2.841,2.369,0.504,0,0.033
2016-11-14T06:15:00Z,-2.841,2.369,0.504,0,0.033
2016-11-14T06:30:00Z,-2.841,2.369,0.504,0,0.033
2016-11-14T06:45:00Z,-2.841,2.369,0.504,0,0.033
2016-11-14T07:00:00Z,-2.785,3.015,0.504,0.335,1.069
2016-11-14T07:15:00Z,-2.785,3.015,0.504,0.335,1.069
2016-11-14T07:30:00Z,-2.785,3.015,0.504,0.335,1.069
2016-11-14T07:45:00Z,-2.785,3.015,0.504,0.335,1.069
2016-11-14T08:00:00Z,-2.856,3.34,0.504,-0.104,0.884
2016-11-14T08:15:00Z,-2.856,3.34,0.504,-0.104,0.884
2016-11-14T08:30:00Z,-2.856,3.34,0.504,-0.104,0.884
2016-11-14T08:45:00Z,-2.856,3.34,0.504,-0.104,0.884
2016-11-14T09:00:00Z,-2.735,3.227,0.504,-0.276,0.72
2016-11-14T09:15:00Z,-2.735,3.227,0.504,-0.276,0.72
2016-11-14T09:30:00Z,-2.735,3.227,0.504,-0.276,0.72
2016-11-14T09:45:00Z,-2.735,3.227,0.504,-0.276,0.72
2016-11-14T10:00:00Z,-3.001,3.056,0.504,-0.127,0.431
2016-11-14T10:15:00Z,-3.001,3.056,0.504,-0.127,0.431
2016-11-14T10:30:00Z,-3.001,3.056,0.504,-0.127,0.431
2016-11-14T10:45:00Z,-3.001,3.056,0.504,-0.127,0.431
2016-11-14T11:00:00Z,-2.88,2.892,0.504,-0.415,0.1
2016-11-14T11:15:00Z,-2.88,2.892,0.504,-0.415,0.1
2016-11-14T11:30:00Z,-2.88,2.892,0.504,-0.415,0.1
2016-11-14T11:45:00Z,-2.88,2.892,0.504,-0.415,0.1
2016-11-14T12:00:00Z,-2.588,3.112,0.504,-0.577,0.451
2016-11-14T12:15:00Z,-2.588,3.112,0.504,-0.577,0.451
2016-11-14T12:30:00Z,-2.588,3.112,0.504,-0.577,0.451
2016-11-14T12:45:00Z,-2.588,3.112,0.504,-0.577,0.451
2016-11-14T13:00:00Z,-1.869,2.943,0.504,-1.016,0.562
2016-11-14T13:15:00Z,-1.869,2.943,0.504,-1.016,0.562
2016-11-14T13:30:00Z,-1.869,2.943,0.504,-1.016,0.562
2016-11-14T13:45:00Z,-1.869,2.943,0.504,-1.016,0.562
2016-11-14T14:00:00Z,-1.537,2.945,0.504,-1.011,0.901
2016-11-14T14:15:00Z,-1.537,2.945,0.504,-1.011,0.901
2016-11-14T14:30:00Z,-1.537,2.945,0.504,-1.011,0.901
2016-11-14T14:45:00Z,-1.537,2.945,0.504,-1.011,0.901
2016-11-14T15:00:00Z,-1.649,2.953,0.504,-1.002,0.806
2016-11-14T15:15:00Z,-1.649,2.953,0.504,-1.002,0.806
2016-11-14T15:30:00Z,-1.649,2.953,0.504,-1.002,0.806
2016-11-14T15:45:00Z,-1.649,2.953,0.504,-1.002,0.806
2016-11-14T16:00:00Z,-2.083,2.948,0.504,-1.003,0.365
2016-11-14T16:15:00Z,-2.083,2.948,0.504,-1.003,0.365
2016-11-14T16:30:00Z,-2.083,2.948,0.504,-1.003,0.365
2016-11-14T16:45:00Z,-2.083,2.948,0.504,-1.003,0.365
2016-11-14T17:00:00Z,-2.58,1.905,0.504,-0.573,-0.744
2016-11-14T17:15:00Z,-2.58,1.905,0.504,-0.573,-0.744
2016-11-14T17:30:00Z,-2.58,1.905,0.504,-0.573,-0.744
2016-11-14T17:45:00Z,-2.58,1.905,0.504,-0.573,-0.744
2016-11-14T18:00:00Z,-2.529,1.784,0.504,-0.794,-1.035
2016-11-14T18:15:00Z,-2.529,1.784,0.504,-0.794,-1.035
2016-11-14T18:30:00Z,-2.529,1.784,0.504,-0.794,-1.035
2016-11-14T18:45:00Z,-2.529,1.784,0.504,-0.794,-1.035
2016-11-14T19:00:00Z,-2.355,1.557,0.504,-0.836,-1.13
2016-11-14T19:15:00Z,-2.355,1.557,0.504,-0.836,-1.13
2016-11-14T19:30:00Z,-2.355,1.557,0.504,-0.836,-1.13
2016-11-14T19:45:00Z,-2.355,1.557,0.504,-0.836,-1.13
2016-11-14T20:00:00Z,-1.938,1.339,0.48,-0.812,-0.931
2016-11-14T20:15:00Z,-1.938,1.339,0.48,-0.812,-0.931
2016-11-14T20:30:00Z,-1.938,1.339,0.48,-0.812,-0.931
2016-11-14T20:45:00Z,-1.938,1.339,0.48,-0.812,-0.931
2016-11-14T21:00:00Z,-2.225,1.329,-0.089,-0.718,-1.703
2016-11-14T21:15:00Z,-2.225,1.329,-0.089,-0.718,-1.703
2016-11-14T21:30:00Z,-2.225,1.329,-0.089,-0.718,-1.703
2016-11-14T21:45:00Z,-2.225,1.329,-0.089,-0.718,-1.703
2016-11-14T22:00:00Z,-2.143,2.442,-0.089,-0.941,-0.731
2016-11-14T22:15:00Z,-2.143,2.442,-0.089,-0.941,-0.731
2016-11-14T22:30:00Z,-2.143,2.442,-0.089,-0.941,-0.731
2016-11-14T22:45:00Z,-2.143,2.442,-0.089,-0.941,-0.731
2016-11-14T23:00:00Z,-1.661,1.799,-0.531,-0.873,-1.266
2016-11-14T23:15:00Z,-1.661,1.799,-0.531,-0.873,-1.266
2016-11-14T23:30:00Z,-1.661,1.799,-0.531,-0.873,-1.266
2016-11-14T23:45:00Z,-1.661,1.799,-0.531,-0.873,-1.266
2016-11-15T00:00:00Z,-1.442,1.58,-0.545,-0.973,-1.38
2016-11-15T00:15:00Z,-1.442,1.58,-0.545,-0.973,-1.38
2016-11-15T00:30:00Z,-1.442,1.58,-0.545,-0.973,-1.38
2016-11-15T00:45:00Z,-1.442,1.58,-0.545,-0.973,-1.38
2016-11-15T01:00:00Z,-1.392,1.424,-0.571,-0.974,-1.513
2016-11-15T01:15:00Z,-1.392,1.424,-0.571,-0.974,-1.513
2016-11-15T01:30:00Z,-1.392,1.424,-0.571,-0.974,-1.513
2016-11-15T01:45:00Z,-1.392,1.424,-0.571,-0.974,-1.513
2016-11-15T02:00:00Z,-1.044,1.099,-0.55,-0.96,-1.455
2016-11-15T02:15:00Z,-1.044,1.099,-0.55,-0.96,-1.455
2016-11-15T02:30:00Z,-1.044,1.099,-0.55,-0.96,-1.455
2016-11-15T02:45:00Z,-1.044,1.099,-0.55,-0.96,-1.455
2016-11-15T03:00:00Z,-1.285,0.601,-0.725,-0.122,-1.531
2016-11-15T03:15:00Z,-1.285,0.601,-0.725,-0.122,-1.531
2016-11-15T03:30:00Z,-1.285,0.601,-0.725,-0.122,-1.531
2016-11-15T03:45:00Z,-1.285,0.601,-0.725,-0.122,-1.531
2016-11-15T04:00:00Z,-1.347,0.593,-0.628,0.099,-1.283
2016-11-15T04:15:00Z,-1.347,0.593,-0.628,0.099,-1.283
2016-11-15T04:30:00Z,-1.347,0.593,-0.628,0.099,-1.283
2016-11-15T04:45:00Z,-1.347,0.593,-0.628,0.099,-1.283
2016-11-15T05:00:00Z,-1.33,0.866,-0.017,-0.357,-0.838
2016-11-15T05:15:00Z,-1.33,0.866,-0.017,-0.357,-0.838
2016-11-15T05:30:00Z,-1.33,0.866,-0.017,-0.357,-0.838
2016-11-15T05:45:00Z,-1.33,0.866,-0.017,-0.357,-0.838
2016-11-15T06:00:00Z,-1.718,1.6,0.484,-0.616,-0.25
2016-11-15T06:15:00Z,-1.718,1.6,0.484,-0.616,-0.25
2016-11-15T06:30:00Z,-1.718,1.6,0.484,-0.616,-0.25
2016-11-15T06:45:00Z,-1.718,1.6,0.484,-0.616,-0.25
2016-11-15T07:00:00Z,-1.66,1.625,0.505,-0.435,0.035
2016-11-15T07:15:00Z,-1.66,1.625,0.505,-0.435,0.035
2016-11-15T07:30:00Z,-1.66,1.625,0.505,-0.435,0.035
2016-11-15T07:45:00Z,-1.66,1.625,0.505,-0.435,0.035
2016-11-15T08:00:00Z,-1.644,1.971,0.505,-0.523,0.31
2016-11-15T08:15:00Z,-1.644,1.971,0.505,-0.523,0.31
2016-11-15T08:30:00Z,-1.644,1.971,0.505,-0.523,0.31
2016-11-15T08:45:00Z,-1.644,1.971,0.505,-0.523,0.31
2016-11-15T09:00:00Z,-1.659,2.215,0.505,-0.587,0.474
2016-11-15T09:15:00Z,-1.659,2.215,0.505,-0.587,0.474
2016-11-15T09:30:00Z,-1.659,2.215,0.505,-0.587,0.474
2016-11-15T09:45:00Z,-1.659,2.215,0.505,-0.587,0.474
2016-11-15T10:00:00Z,-1.645,2.296,0.505,-0.57,0.586
2016-11-15T10:15:00Z,-1.645,2.296,0.505,-0.57,0.586
2016-11-15T10:30:00Z,-1.645,2.296,0.505,-0.57,0.586
2016-11-15T10:45:00Z,-1.645,2.296,0.505,-0.57,0.586
2016-11-15T11:00:00Z,-1.66,2.108,0.505,-0.615,0.337
2016-11-15T11:15:00Z,-1.66,2.108,0.505,-0.615,0.337
2016-11-15T11:30:00Z,-1.66,2.108,0.505,-0.615,0.337
2016-11-15T11:45:00Z,-1.66,2.108,0.505,-0.615,0.337
2016-11-15T12:00:00Z,-1.603,2.208,0.505,-0.626,0.484
2016-11-15T12:15:00Z,-1.603,2.208,0.505,-0.626,0.484
2016-11-15T12:30:00Z,-1.603,2.208,0.505,-0.626,0.484
2016-11-15T12:45:00Z,-1.603,2.208,0.505,-0.626,0.484
2016-11-15T13:00:00Z,-1.27,2.156,0.505,-0.753,0.638
2016-11-15T13:15:00Z,-1.27,2.156,0.505,-0.753,0.638
2016-11-15T13:30:00Z,-1.27,2.156,0.505,-0.753,0.638
2016-11-15T13:45:00Z,-1.27,2.156,0.505,-0.753,0.638
2016-11-15T14:00:00Z,-1.109,2.075,0.505,-0.822,0.649
2016-11-15T14:15:00Z,-1.109,2.075,0.505,-0.822,0.649
2016-11-15T14:30:00Z,-1.109,2.075,0.505,-0.822,0.649
2016-11-15T14:45:00Z,-1.109,2.075,0.505,-0.822,0.649
2016-11-15T15:00:00Z,-1.147,2.189,0.505,-1.061,0.486
2016-11-15T15:15:00Z,-1.147,2.189,0.505,-1.061,0.486
2016-11-15T15:30:00Z,-1.147,2.189,0.505,-1.061,0.486
2016-11-15T15:45:00Z,-1.147,2.189,0.505,-1.061,0.486
2016-11-15T16:00:00Z,-1.821,2.688,0.505,-0.805,0.567
2016-11-15T16:15:00Z,-1.821,2.688,0.505,-0.805,0.567
2016-11-15T16:30:00Z,-1.821,2.688,0.505,-0.805,0.567
2016-11-15T16:45:00Z,-1.821,2.688,0.505,-0.805,0.567
2016-11-15T17:00:00Z,-2.166,2.579,0.505,-1.025,-0.107
2016-11-15T17:15:00Z,-2.166,2.579,0.505,-1.025,-0.107
2016-11-15T17:30:00Z,-2.166,2.579,0.505,-1.025,-0.107
2016-11-15T17:45:00Z,-2.166,2.579,0.505,-1.025,-0.107
2016-11-15T18:00:00Z,-1.814,2.174,0.505,-1.01,-0.145
2016-11-15T18:15:00Z,-1.814,2.174,0.505,-1.01,-0.145
2016-11-15T18:30:00Z,-1.814,2.174,0.505,-1.01,-0.145
2016-11-15T18:45:00Z,-1.814,2.174,0.505,-1.01,-0.145
2016-11-15T19:00:00Z,-1.412,1.668,0.505,-1.03,-0.269
2016-11-15T19:15:00Z,-1.412,1.668,0.505,-1.03,-0.269
2016-11-15T19:30:00Z,-1.412,1.668,0.505,-1.03,-0.269
2016-11-15T19:45:00Z,-1.412,1.668,0.505,-1.03,-0.269
2016-11-15T20:00:00Z,-0.954,1.256,0.505,-1.036,-0.229
2016-11-15T20:15:00Z,-0.954,1.256,0.505,-1.036,-0.229
2016-11-15T20:30:00Z,-0.954,1.256,0.505,-1.036,-0.229
2016-11-15T20:45:00Z,-0.954,1.256,0.505,-1.036,-0.229
2016-11-15T21:00:00Z,-1.237,2.008,0.277,-1.032,0.017
2016-11-15T21:15:00Z,-1.237,2.008,0.277,-1.032,0.017
2016-11-15T21:30:00Z,-1.237,2.008,0.277,-1.032,0.017
2016-11-15T21:45:00Z,-1.237,2.008,0.277,-1.032,0.017
2016-11-15T22:00:00Z,-1.757,2.16,0.157,-1.024,-0.464
2016-11-15T22:15:00Z,-1.757,2.16,0.157,-1.024,-0.464
2016-11-15T22:30:00Z,-1.757,2.16,0.157,-1.024,-0.464
2016-11-15T22:45:00Z,-1.757,2.16,0.157,-1.024,-0.464
2016-11-15T23:00:00Z,-2.018,1.802,0.003,-0.95,-1.163
2016-11-15T23:15:00Z,-2.018,1.802,0.003,-0.95,-1.163
2016-11-15T23:30:00Z,-2.018,1.802,0.003,-0.95,-1.163
2016-11-15T23:45:00Z,-2.018,1.802,0.003,-0.95,-1.163
2016-11-16T00:00:00Z,-2.386,1.655,0.037,-0.949,-1.643
2016-11-16T00:15:00Z,-2.386,1.655,0.037,-0.949,-1.643
2016-11-16T00:30:00Z,-2.386,1.655,0.037,-0.949,-1.643
2016-11-16T00:45:00Z,-2.386,1.655,0.037,-0.949,-1.643
2016-11-16T01:00:00Z,-2.19,1.789,-0.49,-0.943,-1.834
2016-11-16T01:15:00Z,-2.19,1.789,-0.49,-0.943,-1.834
2016-11-16T01:30:00Z,-2.19,1.789,-0.49,-0.943,-1.834
2016-11-16T01:45:00Z,-2.19,1.789,-0.49,-0.943,-1.834
2016-11-16T02:00:00Z,-2.245,1.364,-0.725,-0.395,-2.001
2016-11-16T02:15:00Z,-2.245,1.364,-0.725,-0.395,-2.001
2016-11-16T02:30:00Z,-2.245,1.364,-0.725,-0.395,-2.001
2016-11-16T02:45:00Z,-2.245,1.364,-0.725,-0.395,-2.001
2016-11-16T03:00:00Z,-1.56,0.353,-0.706,-0.288,-2.201
2016-11-16T03:15:00Z,-1.56,0.353,-0.706,-0.288,-2.201
2016-11-16T03:30:00Z,-1.56,0.353,-0.706,-0.288,-2.201
2016-11-16T03:45:00Z,-1.56,0.353,-0.706,-0.288,-2.201
2016-11-16T04:00:00Z,-1.567,-0.084,-0.122,-0.226,-1.998
2016-11-16T04:15:00Z,-1.567,-0.084,-0.122,-0.226,-1.998
2016-11-16T04:30:00Z,-1.567,-0.084,-0.122,-0.226,-1.998
2016-11-16T04:45:00Z,-1.567,-0.084,-0.122,-0.226,-1.998
2016-11-16T05:00:00Z,-1.135,-0.889,0.419,-0.236,-1.841
2016-11-16T05:15:00Z,-1.135,-0.889,0.419,-0.236,-1.841
2016-11-16T05:30:00Z,-1.135,-0.889,0.419,-0.236,-1.841
2016-11-16T05:45:00Z,-1.135,-0.889,0.419,-0.236,-1.841
2016-11-16T06:00:00Z,-1.003,-0.457,0.503,-0.187,-1.144
2016-11-16T06:15:00Z,-1.003,-0.457,0.503,-0.187,-1.144
2016-11-16T06:30:00Z,-1.003,-0.457,0.503,-0.187,-1.144
2016-11-16T06:45:00Z,-1.003,-0.457,0.503,-0.187,-1.144
2016-11-16T07:00:00Z,-0.8,0.082,0.505,-0.149,-0.362
2016-11-16T07:15:00Z,-0.8,0.082,0.505,-0.149,-0.362
2016-11-16T07:30:00Z,-0.8,0.082,0.505,-0.149,-0.362
2016-11-16T07:45:00Z,-0.8,0.082,0.505,-0.149,-0.362
2016-11-16T08:00:00Z,-1.127,0.463,0.505,-0.194,-0.353
2016-11-16T08:15:00Z,-1.127,0.463,0.505,-0.194,-0.353
2016-11-16T08:30:00Z,-1.127,0.463,0.505,-0.194,-0.353
2016-11-16T08:45:00Z,-1.127,0.463,0.505,-0.194,-0.353
2016-11-16T09:00:00Z,-1.136,-0.155,0.505,0.102,-0.684
2016-11-16T09:15:00Z,-1.136,-0.155,0.505,0.102,-0.684
2016-11-16T09:30:00Z,-1.136,-0.155,0.505,0.102,-0.684
2016-11-16T09:45:00Z,-1.136,-0.155,0.505,0.102,-0.684
2016-11-16T10:00:00Z,-1.328,-0.129,0.505,0.137,-0.815
2016-11-16T10:15:00Z,-1.328,-0.129,0.505,0.137,-0.815
2016-11-16T10:30:00Z,-1.328,-0.129,0.505,0.137,-0.815
2016-11-16T10:45:00Z,-1.328,-0.129,0.505,0.137,-0.815
2016-11-16T11:00:00Z,-1.371,0.371,0.505,-0.369,-0.864
2016-11-16T11:15:00Z,-1.371,0.371,0.505,-0.369,-0.864
2016-11-16T11:30:00Z,-1.371,0.371,0.505,-0.369,-0.864
2016-11-16T11:45:00Z,-1.371,0.371,0.505,-0.369,-0.864
2016-11-16T12:00:00Z,-1.293,0.41,0.505,-0.783,-1.161
2016-11-16T12:15:00Z,-1.293,0.41,0.505,-0.783,-1.161
2016-11-16T12:30:00Z,-1.293,0.41,0.505,-0.783,-1.161
2016-11-16T12:45:00Z,-1.293,0.41,0.505,-0.783,-1.161
2016-11-16T13:00:00Z,-1.213,0.732,0.505,-1.035,-1.011
2016-11-16T13:15:00Z,-1.213,0.732,0.505,-1.035,-1.011
2016-11-16T13:30:00Z,-1.213,0.732,0.505,-1.035,-1.011
2016-11-16T13:45:00Z,-1.213,0.732,0.505,-1.035,-1.011
2016-11-16T14:00:00Z,-1.172,0.772,0.504,-1.028,-0.924
2016-11-16T14:15:00Z,-1.172,0.772,0.504,-1.028,-0.924
2016-11-16T14:30:00Z,-1.172,0.772,0.504,-1.028,-0.924
2016-11-16T14:45:00Z,-1.172,0.772,0.504,-1.028,-0.924
2016-11-16T15:00:00Z,-1.181,0.733,0.504,-0.418,-0.362
2016-11-16T15:15:00Z,-1.181,0.733,0.504,-0.418,-0.362
2016-11-16T15:30:00Z,-1.181,0.733,0.504,-0.418,-0.362
2016-11-16T15:45:00Z,-1.181,0.733,0.504,-0.418,-0.362
2016-11-16T16:00:00Z,-1.14,1.644,0.504,-1.023,-0.015
2016-11-16T16:15:00Z,-1.14,1.644,0.504,-1.023,-0.015
2016-11-16T16:30:00Z,-1.14,1.644,0.504,-1.023,-0.015
2016-11-16T16:45:00Z,-1.14,1.644,0.504,-1.023,-0.015
2016-11-16T17:00:00Z,-1.625,1.409,0.504,-0.919,-0.632
2016-11-16T17:15:00Z,-1.625,1.409,0.504,-0.919,-0.632
2016-11-16T17:30:00Z,-1.625,1.409,0.504,-0.919,-0.632
2016-11-16T17:45:00Z,-1.625,1.409,0.504,-0.919,-0.632
2016-11-16T18:00:00Z,-1.509,0.966,0.504,-0.981,-1.02
2016-11-16T18:15:00Z,-1.509,0.966,0.504,-0.981,-1.02
2016-11-16T18:30:00Z,-1.509,0.966,0.504,-0.981,-1.02
2016-11-16T18:45:00Z,-1.509,0.966,0.504,-0.981,-1.02
2016-11-16T19:00:00Z,-1.146,0.59,0.504,-1.005,-1.057
2016-11-16T19:15:00Z,-1.146,0.59,0.504,-1.005,-1.057
2016-11-16T19:30:00Z,-1.146,0.59,0.504,-1.005,-1.057
2016-11-16T19:45:00Z,-1.146,0.59,0.504,-1.005,-1.057
2016-11-16T20:00:00Z,-0.938,0.921,0.504,-1.029,-0.543
2016-11-16T20:15:00Z,-0.938,0.921,0.504,-1.029,-0.543
2016-11-16T20:30:00Z,-0.938,0.921,0.504,-1.029,-0.543
2016-11-16T20:45:00Z,-0.938,0.921,0.504,-1.029,-0.543
2016-11-16T21:00:00Z,-1.228,1.548,0.347,-0.883,-0.215
2016-11-16T21:15:00Z,-1.228,1.548,0.347,-0.883,-0.215
2016-11-16T21:30:00Z,-1.228,1.548,0.347,-0.883,-0.215
2016-11-16T21:45:00Z,-1.228,1.548,0.347,-0.883,-0.215
2016-11-16T22:00:00Z,-1.318,1.988,-0.138,-1.037,-0.506
2016-11-16T22:15:00Z,-1.318,1.988,-0.138,-1.037,-0.506
2016-11-16T22:30:00Z,-1.318,1.988,-0.138,-1.037,-0.506
2016-11-16T22:45:00Z,-1.318,1.988,-0.138,-1.037,-0.506
2016-11-16T23:00:00Z,-0.41,2.408,-0.634,-1.023,0.341
2016-11-16T23:15:00Z,-0.41,2.408,-0.634,-1.023,0.341
2016-11-16T23:30:00Z,-0.41,2.408,-0.634,-1.023,0.341
2016-11-16T23:45:00Z,-0.41,2.408,-0.634,-1.023,0.341
2016-11-17T00:00:00Z,-0.398,2.238,-0.408,-1.023,0.41
2016-11-17T00:15:00Z,-0.398,2.238,-0.408,-1.023,0.41
2016-11-17T00:30:00Z,-0.398,2.238,-0.408,-1.023,0.41
2016-11-17T00:45:00Z,-0.398,2.238,-0.408,-1.023,0.41
2016-11-17T01:00:00Z,-0.227,2.056,-0.321,-1.023,0.485
2016-11-17T01:15:00Z,-0.227,2.056,-0.321,-1.023,0.485
2016-11-17T01:30:00Z,-0.227,2.056,-0.321,-1.023,0.485
2016-11-17T01:45:00Z,-0.227,2.056,-0.321,-1.023,0.485
2016-11-17T02:00:00Z,-0.839,2.102,-0.129,-0.779,0.355
2016-11-17T02:15:00Z,-0.839,2.102,-0.129,-0.779,0.355
2016-11-17T02:30:00Z,-0.839,2.102,-0.129,-0.779,0.355
2016-11-17T02:45:00Z,-0.839,2.102,-0.129,-0.779,0.355
2016-11-17T03:00:00Z,-0.758,2.1,-0.614,-0.71,0.018
2016-11-17T03:15:00Z,-0.758,2.1,-0.614,-0.71,0.018
2016-11-17T03:30:00Z,-0.758,2.1,-0.614,-0.71,0.018
2016-11-17T03:45:00Z,-0.758,2.1,-0.614,-0.71,0.018
2016-11-17T04:00:00Z,-1.09,1.765,-0.302,-0.428,-0.055
2016-11-17T04:15:00Z,-1.09,1.765,-0.302,-0.428,-0.055
2016-11-17T04:30:00Z,-1.09,1.765,-0.302,-0.428,-0.055
2016-11-17T04:45:00Z,-1.09,1.765,-0.302,-0.428,-0.055
2016-11-17T05:00:00Z,-1.105,1.039,0.269,-0.452,-0.249
2016-11-17T05:15:00Z,-1.105,1.039,0.269,-0.452,-0.249
2016-11-17T05:30:00Z,-1.105,1.039,0.269,-0.452,-0.249
2016-11-17T05:45:00Z,-1.105,1.039,0.269,-0.452,-0.249
2016-11-17T06:00:00Z,-0.805,0.895,0.5,-1.015,-0.425
2016-11-17T06:15:00Z,-0.805,0.895,0.5,-1.015,-0.425
2016-11-17T06:30:00Z,-0.805,0.895,0.5,-1.015,-0.425
2016-11-17T06:45:00Z,-0.805,0.895,0.5,-1.015,-0.425
2016-11-17T07:00:00Z,-1.081,1.501,0.505,-0.865,0.06
2016-11-17T07:15:00Z,-1.081,1.501,0.505,-0.865,0.06
2016-11-17T07:30:00Z,-1.081,1.501,0.505,-0.865,0.06
2016-11-17T07:45:00Z,-1.081,1.501,0.505,-0.865,0.06
2016-11-17T08:00:00Z,-0.866,1.582,0.505,-0.812,0.409
2016-11-17T08:15:00Z,-0.866,1.582,0.505,-0.812,0.409
2016-11-17T08:30:00Z,-0.866,1.582,0.505,-0.812,0.409
2016-11-17T08:45:00Z,-0.866,1.582,0.505,-0.812,0.409
2016-11-17T09:00:00Z,-0.991,1.734,0.505,-0.924,0.324
2016-11-17T09:15:00Z,-0.991,1.734,0.505,-0.924,0.324
2016-11-17T09:30:00Z,-0.991,1.734,0.505,-0.924,0.324
2016-11-17T09:45:00Z,-0.991,1.734,0.505,-0.924,0.324
2016-11-17T10:00:00Z,-1.092,1.527,0.505,-0.943,-0.003
2016-11-17T10:15:00Z,-1.092,1.527,0.505,-0.943,-0.003
2016-11-17T10:30:00Z,-1.092,1.527,0.505,-0.943,-0.003
2016-11-17T10:45:00Z,-1.092,1.527,0.505,-0.943,-0.003
2016-11-17T11:00:00Z,-1.117,1.2,0.505,-0.942,-0.354
2016-11-17T11:15:00Z,-1.117,1.2,0.505,-0.942,-0.354
2016-11-17T11:30:00Z,-1.117,1.2,0.505,-0.942,-0.354
2016-11-17T11:45:00Z,-1.117,1.2,0.505,-0.942,-0.354
2016-11-17T12:00:00Z,-0.955,1.046,0.505,-0.917,-0.321
2016-11-17T12:15:00Z,-0.955,1.046,0.505,-0.917,-0.321
2016-11-17T12:30:00Z,-0.955,1.046,0.505,-0.917,-0.321
2016-11-17T12:45:00Z,-0.955,1.046,0.505,-0.917,-0.321
2016-11-17T13:00:00Z,-0.752,0.88,0.505,-0.896,-0.263
2016-11-17T13:15:00Z,-0.752,0.88,0.505,-0.896,-0.263
2016-11-17T13:30:00Z,-0.752,0.88,0.505,-0.896,-0.263
2016-11-17T13:45:00Z,-0.752,0.88,0.505,-0.896,-0.263
2016-11-17T14:00:00Z,-0.417,0.586,0.505,-0.925,-0.252
2016-11-17T14:15:00Z,-0.417,0.586,0.505,-0.925,-0.252
2016-11-17T14:30:00Z,-0.417,0.586,0.505,-0.925,-0.252
2016-11-17T14:45:00Z,-0.417,0.586,0.505,-0.925,-0.252
2016-11-17T15:00:00Z,-0.314,0.567,0.505,-1.033,-0.275
2016-11-17T15:15:00Z,-0.314,0.567,0.505,-1.033,-0.275
2016-11-17T15:30:00Z,-0.314,0.567,0.505,-1.033,-0.275
2016-11-17T15:45:00Z,-0.314,0.567,0.505,-1.033,-0.275
2016-11-17T16:00:00Z,-0.764,1.236,0.505,-1.026,-0.049
2016-11-17T16:15:00Z,-0.764,1.236,0.505,-1.026,-0.049
2016-11-17T16:30:00Z,-0.764,1.236,0.505,-1.026,-0.049
2016-11-17T16:45:00Z,-0.764,1.236,0.505,-1.026,-0.049
2016-11-17T17:00:00Z,-1.098,1.087,0.502,-1.027,-0.537
2016-11-17T17:15:00Z,-1.098,1.087,0.502,-1.027,-0.537
2016-11-17T17:30:00Z,-1.098,1.087,0.502,-1.027,-0.537
2016-11-17T17:45:00Z,-1.098,1.087,0.502,-1.027,-0.537
2016-11-17T18:00:00Z,-0.98,1.083,0.374,-1.039,-0.562
2016-11-17T18:15:00Z,-0.98,1.083,0.374,-1.039,-0.562
2016-11-17T18:30:00Z,-0.98,1.083,0.374,-1.039,-0.562
2016-11-17T18:45:00Z,-0.98,1.083,0.374,-1.039,-0.562
2016-11-17T19:00:00Z,-0.896,1.401,0.211,-1.022,-0.306
2016-11-17T19:15:00Z,-0.896,1.401,0.211,-1.022,-0.306
2016-11-17T19:30:00Z,-0.896,1.401,0.211,-1.022,-0.306
2016-11-17T19:45:00Z,-0.896,1.401,0.211,-1.022,-0.306
2016-11-17T20:00:00Z,-0.705,1.294,0.478,-1.027,0.04
2016-11-17T20:15:00Z,-0.705,1.294,0.478,-1.027,0.04
2016-11-17T20:30:00Z,-0.705,1.294,0.478,-1.027,0.04
2016-11-17T20:45:00Z,-0.705,1.294,0.478,-1.027,0.04
2016-11-17T21:00:00Z,-0.72,1.463,0.017,-1.019,-0.259
2016-11-17T21:15:00Z,-0.72,1.463,0.017,-1.019,-0.259
2016-11-17T21:30:00Z,-0.72,1.463,0.017,-1.019,-0.259
2016-11-17T21:45:00Z,-0.72,1.463,0.017,-1.019,-0.259
2016-11-17T22:00:00Z,-0.906,1.407,-0.079,-1.022,-0.6
2016-11-17T22:15:00Z,-0.906,1.407,-0.079,-1.022,-0.6
2016-11-17T22:30:00Z,-0.906,1.407,-0.079,-1.022,-0.6
2016-11-17T22:45:00Z,-0.906,1.407,-0.079,-1.022,-0.6
2016-11-17T23:00:00Z,-0.425,1.117,-0.001,-1.023,-0.332
2016-11-17T23:15:00Z,-0.425,1.117,-0.001,-1.023,-0.332
2016-11-17T23:30:00Z,-0.425,1.117,-0.001,-1.023,-0.332
2016-11-17T23:45:00Z,-0.425,1.117,-0.001,-1.023,-0.332
2016-11-18T00:00:00Z,-0.831,1.202,-0.08,-1.023,-0.731
2016-11-18T00:15:00Z,-0.831,1.202,-0.08,-1.023,-0.731
2016-11-18T00:30:00Z,-0.831,1.202,-0.08,-1.023,-0.731
2016-11-18T00:45:00Z,-0.831,1.202,-0.08,-1.023,-0.731
2016-11-18T01:00:00Z,-0.549,1.361,-0.331,-1.023,-0.542
2016-11-18T01:15:00Z,-0.549,1.361,-0.331,-1.023,-0.542
2016-11-18T01:30:00Z,-0.549,1.361,-0.331,-1.023,-0.542
2016-11-18T01:45:00Z,-0.549,1.361,-0.331,-1.023,-0.542
2016-11-18T02:00:00Z,-0.346,1.388,-0.349,-1.023,-0.33
2016-11-18T02:15:00Z,-0.346,1.388,-0.349,-1.023,-0.33
2016-11-18T02:30:00Z,-0.346,1.388,-0.349,-1.023,-0.33
2016-11-18T02:45:00Z,-0.346,1.388,-0.349,-1.023,-0.33
2016-11-18T03:00:00Z,-0.447,1.471,-0.579,-1.005,-0.56
2016-11-18T03:15:00Z,-0.447,1.471,-0.579,-1.005,-0.56
2016-11-18T03:30:00Z,-0.447,1.471,-0.579,-1.005,-0.56
2016-11-18T03:45:00Z,-0.447,1.471,-0.579,-1.005,-0.56
2016-11-18T04:00:00Z,-0.681,1.35,-0.545,-1.023,-0.899
2016-11-18T04:15:00Z,-0.681,1.35,-0.545,-1.023,-0.899
2016-11-18T04:30:00Z,-0.681,1.35,-0.545,-1.023,-0.899
2016-11-18T04:45:00Z,-0.681,1.35,-0.545,-1.023,-0.899
2016-11-18T05:00:00Z,-0.52,0.835,0.04,-1.022,-0.667
2016-11-18T05:15:00Z,-0.52,0.835,0.04,-1.022,-0.667
2016-11-18T05:30:00Z,-0.52,0.835,0.04,-1.022,-0.667
2016-11-18T05:45:00Z,-0.52,0.835,0.04,-1.022,-0.667
2016-11-18T06:00:00Z,-0.616,0.939,0.489,-1.022,-0.209
2016-11-18T06:15:00Z,-0.616,0.939,0.489,-1.022,-0.209
2016-11-18T06:30:00Z,-0.616,0.939,0.489,-1.022,-0.209
2016-11-18T06:45:00Z,-0.616,0.939,0.489,-1.022,-0.209
2016-11-18T07:00:00Z,-0.532,1.376,0.505,-1.022,0.326
2016-11-18T07:15:00Z,-0.532,1.376,0.505,-1.022,0.326
2016-11-18T07:30:00Z,-0.532,1.376,0.505,-1.022,0.326
2016-11-18T07:45:00Z,-0.532,1.376,0.505,-1.022,0.326
2016-11-18T08:00:00Z,-0.38,1.417,0.504,-1.022,0.519
2016-11-18T08:15:00Z,-0.38,1.417,0.504,-1.022,0.519
2016-11-18T08:30:00Z,-0.38,1.417,0.504,-1.022,0.519
2016-11-18T08:45:00Z,-0.38,1.417,0.504,-1.022,0.519
2016-11-18T09:00:00Z,-0.412,1.466,0.504,-1.022,0.536
2016-11-18T09:15:00Z,-0.412,1.466,0.504,-1.022,0.536
2016-11-18T09:30:00Z,-0.412,1.466,0.504,-1.022,0.536
2016-11-18T09:45:00Z,-0.412,1.466,0.504,-1.022,0.536
2016-11-18T10:00:00Z,-0.599,1.548,0.504,-1.022,0.431
2016-11-18T10:15:00Z,-0.599,1.548,0.504,-1.022,0.431
2016-11-18T10:30:00Z,-0.599,1.548,0.504,-1.022,0.431
2016-11-18T10:45:00Z,-0.599,1.548,0.504,-1.022,0.431
2016-11-18T11:00:00Z,-0.965,1.651,0.504,-1.031,0.159
2016-11-18T11:15:00Z,-0.965,1.651,0.504,-1.031,0.159
2016-11-18T11:30:00Z,-0.965,1.651,0.504,-1.031,0.159
2016-11-18T11:45:00Z,-0.965,1.651,0.504,-1.031,0.159
2016-11-18T12:00:00Z,-0.732,1.399,0.504,-1.014,0.157
2016-11-18T12:15:00Z,-0.732,1.399,0.504,-1.014,0.157
2016-11-18T12:30:00Z,-0.732,1.399,0.504,-1.014,0.157
2016-11-18T12:45:00Z,-0.732,1.399,0.504,-1.014,0.157
2016-11-18T13:00:00Z,-0.454,1.146,0.504,-1.041,0.156
2016-11-18T13:15:00Z,-0.454,1.146,0.504,-1.041,0.156
2016-11-18T13:30:00Z,-0.454,1.146,0.504,-1.041,0.156
2016-11-18T13:45:00Z,-0.454,1.146,0.504,-1.041,0.156
2016-11-18T14:00:00Z,-0.434,1.327,0.504,-1.062,0.335
2016-11-18T14:15:00Z,-0.434,1.327,0.504,-1.062,0.335
2016-11-18T14:30:00Z,-0.434,1.327,0.504,-1.062,0.335
2016-11-18T14:45:00Z,-0.434,1.327,0.504,-1.062,0.335
2016-11-18T15:00:00Z,-0.587,1.438,0.504,-1.056,0.299
2016-11-18T15:15:00Z,-0.587,1.438,0.504,-1.056,0.299
2016-11-18T15:30:00Z,-0.587,1.438,0.504,-1.056,0.299
2016-11-18T15:45:00Z,-0.587,1.438,0.504,-1.056,0.299
2016-11-18T16:00:00Z,-0.754,1.906,0.504,-1.021,0.635
2016-11-18T16:15:00Z,-0.754,1.906,0.504,-1.021,0.635
2016-11-18T16:30:00Z,-0.754,1.906,0.504,-1.021,0.635
2016-11-18T16:45:00Z,-0.754,1.906,0.504,-1.021,0.635
2016-11-18T17:00:00Z,-1.343,2.225,0.504,-0.988,0.398
2016-11-18T17:15:00Z,-1.343,2.225,0.504,-0.988,0.398
2016-11-18T17:30:00Z,-1.343,2.225,0.504,-0.988,0.398
2016-11-18T17:45:00Z,-1.343,2.225,0.504,-0.988,0.398
2016-11-18T18:00:00Z,-1.373,2.031,0.505,-1.003,0.16
2016-11-18T18:15:00Z,-1.373,2.031,0.505,-1.003,0.16
2016-11-18T18:30:00Z,-1.373,2.031,0.505,-1.003,0.16
2016-11-18T18:45:00Z,-1.373,2.031,0.505,-1.003,0.16
2016-11-18T19:00:00Z,-1.631,2.202,0.505,-1.017,0.059
2016-11-18T19:15:00Z,-1.631,2.202,0.505,-1.017,0.059
2016-11-18T19:30:00Z,-1.631,2.202,0.505,-1.017,0.059
2016-11-18T19:45:00Z,-1.631,2.202,0.505,-1.017,0.059
2016-11-18T20:00:00Z,-1.093,1.668,0.505,-1.024,0.057
2016-11-18T20:15:00Z,-1.093,1.668,0.505,-1.024,0.057
2016-11-18T20:30:00Z,-1.093,1.668,0.505,-1.024,0.057
2016-11-18T20:45:00Z,-1.093,1.668,0.505,-1.024,0.057
2016-11-18T21:00:00Z,-1.316,2.191,0.282,-1.026,0.13
2016-11-18T21:15:00Z,-1.316,2.191,0.282,-1.026,0.13
2016-11-18T21:30:00Z,-1.316,2.191,0.282,-1.026,0.13
2016-11-18T21:45:00Z,-1.316,2.191,0.282,-1.026,0.13
2016-11-18T22:00:00Z,-1.308,2.441,-0.304,-1.033,-0.203
2016-11-18T22:15:00Z,-1.308,2.441,-0.304,-1.033,-0.203
2016-11-18T22:30:00Z,-1.308,2.441,-0.304,-1.033,-0.203
2016-11-18T22:45:00Z,-1.308,2.441,-0.304,-1.033,-0.203
2016-11-18T23:00:00Z,-1.296,1.856,-0.008,-1.02,-0.469
2016-11-18T23:15:00Z,-1.296,1.856,-0.008,-1.02,-0.469
2016-11-18T23:30:00Z,-1.296,1.856,-0.008,-1.02,-0.469
2016-11-18T23:45:00Z,-1.296,1.856,-0.008,-1.02,-0.469
2016-11-19T00:00:00Z,-0.964,1.611,-0.33,-1.038,-0.721
2016-11-19T00:15:00Z,-0.964,1.611,-0.33,-1.038,-0.721
2016-11-19T00:30:00Z,-0.964,1.611,-0.33,-1.038,-0.721
2016-11-19T00:45:00Z,-0.964,1.611,-0.33,-1.038,-0.721
2016-11-19T01:00:00Z,-0.833,1.332,-0.297,-1.024,-0.822
2016-11-19T01:15:00Z,-0.833,1.332,-0.297,-1.024,-0.822
2016-11-19T01:30:00Z,-0.833,1.332,-0.297,-1.024,-0.822
2016-11-19T01:45:00Z,-0.833,1.332,-0.297,-1.024,-0.822
2016-11-19T02:00:00Z,-0.515,1.076,-0.453,-1.023,-0.916
2016-11-19T02:15:00Z,-0.515,1.076,-0.453,-1.023,-0.916
2016-11-19T02:30:00Z,-0.515,1.076,-0.453,-1.023,-0.916
2016-11-19T02:45:00Z,-0.515,1.076,-0.453,-1.023,-0.916
2016-11-19T03:00:00Z,-0.54,1.137,-0.487,-1.023,-0.912
2016-11-19T03:15:00Z,-0.54,1.137,-0.487,-1.023,-0.912
2016-11-19T03:30:00Z,-0.54,1.137,-0.487,-1.023,-0.912
2016-11-19T03:45:00Z,-0.54,1.137,-0.487,-1.023,-0.912
2016-11-19T04:00:00Z,-0.668,1.156,-0.313,-1.023,-0.848
2016-11-19T04:15:00Z,-0.668,1.156,-0.313,-1.023,-0.848
2016-11-19T04:30:00Z,-0.668,1.156,-0.313,-1.023,-0.848
2016-11-19T04:45:00Z,-0.668,1.156,-0.313,-1.023,-0.848
2016-11-19T05:00:00Z,-0.973,1.667,0.105,-1.022,-0.223
2016-11-19T05:15:00Z,-0.973,1.667,0.105,-1.022,-0.223
2016-11-19T05:30:00Z,-0.973,1.667,0.105,-1.022,-0.223
2016-11-19T05:45:00Z,-0.973,1.667,0.105,-1.022,-0.223
2016-11-19T06:00:00Z,-1.309,1.613,0.492,-0.995,-0.199
2016-11-19T06:15:00Z,-1.309,1.613,0.492,-0.995,-0.199
2016-11-19T06:30:00Z,-1.309,1.613,0.492,-0.995,-0.199
2016-11-19T06:45:00Z,-1.309,1.613,0.492,-0.995,-0.199
2016-11-19T07:00:00Z,-0.9,1.51,0.504,-1.028,0.086
2016-11-19T07:15:00Z,-0.9,1.51,0.504,-1.028,0.086
2016-11-19T07:30:00Z,-0.9,1.51,0.504,-1.028,0.086
2016-11-19T07:45:00Z,-0.9,1.51,0.504,-1.028,0.086
2016-11-19T08:00:00Z,-1.093,1.766,0.504,-1.022,0.155
2016-11-19T08:15:00Z,-1.093,1.766,0.504,-1.022,0.155
2016-11-19T08:30:00Z,-1.093,1.766,0.504,-1.022,0.155
2016-11-19T08:45:00Z,-1.093,1.766,0.504,-1.022,0.155
2016-11-19T09:00:00Z,-1.193,2.046,0.504,-1.022,0.335
2016-11-19T09:15:00Z,-1.193,2.046,0.504,-1.022,0.335
2016-11-19T09:30:00Z,-1.193,2.046,0.504,-1.022,0.335
2016-11-19T09:45:00Z,-1.193,2.046,0.504,-1.022,0.335
2016-11-19T10:00:00Z,-1.163,1.836,0.504,-1.022,0.156
2016-11-19T10:15:00Z,-1.163,1.836,0.504,-1.022,0.156
2016-11-19T10:30:00Z,-1.163,1.836,0.504,-1.022,0.156
2016-11-19T10:45:00Z,-1.163,1.836,0.504,-1.022,0.156
2016-11-19T11:00:00Z,-1.53,2.268,0.504,-1.022,0.22
2016-11-19T11:15:00Z,-1.53,2.268,0.504,-1.022,0.22
2016-11-19T11:30:00Z,-1.53,2.268,0.504,-1.022,0.22
2016-11-19T11:45:00Z,-1.53,2.268,0.504,-1.022,0.22
2016-11-19T12:00:00Z,-1.402,2.115,0.504,-1.023,0.194
2016-11-19T12:15:00Z,-1.402,2.115,0.504,-1.023,0.194
2016-11-19T12:30:00Z,-1.402,2.115,0.504,-1.023,0.194
2016-11-19T12:45:00Z,-1.402,2.115,0.504,-1.023,0.194
2016-11-19T13:00:00Z,-1.266,1.969,0.502,-1.023,0.182
2016-11-19T13:15:00Z,-1.266,1.969,0.502,-1.023,0.182
2016-11-19T13:30:00Z,-1.266,1.969,0.502,-1.023,0.182
2016-11-19T13:45:00Z,-1.266,1.969,0.502,-1.023,0.182
2016-11-19T14:00:00Z,-0.981,1.57,0.504,-1.02,0.073
2016-11-19T14:15:00Z,-0.981,1.57,0.504,-1.02,0.073
2016-11-19T14:30:00Z,-0.981,1.57,0.504,-1.02,0.073
2016-11-19T14:45:00Z,-0.981,1.57,0.504,-1.02,0.073
2016-11-19T15:00:00Z,-0.836,1.36,0.504,-0.876,0.152
2016-11-19T15:15:00Z,-0.836,1.36,0.504,-0.876,0.152
2016-11-19T15:30:00Z,-0.836,1.36,0.504,-0.876,0.152
2016-11-19T15:45:00Z,-0.836,1.36,0.504,-0.876,0.152
2016-11-19T16:00:00Z,-0.94,1.864,0.504,-1.022,0.406
2016-11-19T16:15:00Z,-0.94,1.864,0.504,-1.022,0.406
2016-11-19T16:30:00Z,-0.94,1.864,0.504,-1.022,0.406
2016-11-19T16:45:00Z,-0.94,1.864,0.504,-1.022,0.406
2016-11-19T17:00:00Z,-1.298,1.981,0.504,-1.027,0.16
2016-11-19T17:15:00Z,-1.298,1.981,0.504,-1.027,0.16
2016-11-19T17:30:00Z,-1.298,1.981,0.504,-1.027,0.16
2016-11-19T17:45:00Z,-1.298,1.981,0.504,-1.027,0.16
2016-11-19T18:00:00Z,-1.291,2.015,0.504,-1.036,0.192
2016-11-19T18:15:00Z,-1.291,2.015,0.504,-1.036,0.192
2016-11-19T18:30:00Z,-1.291,2.015,0.504,-1.036,0.192
2016-11-19T18:45:00Z,-1.291,2.015,0.504,-1.036,0.192
2016-11-19T19:00:00Z,-1.19,1.935,0.504,-1.022,0.227
2016-11-19T19:15:00Z,-1.19,1.935,0.504,-1.022,0.227
2016-11-19T19:30:00Z,-1.19,1.935,0.504,-1.022,0.227
2016-11-19T19:45:00Z,-1.19,1.935,0.504,-1.022,0.227
2016-11-19T20:00:00Z,-1.175,1.789,0.504,-1.022,0.096
2016-11-19T20:15:00Z,-1.175,1.789,0.504,-1.022,0.096
2016-11-19T20:30:00Z,-1.175,1.789,0.504,-1.022,0.096
2016-11-19T20:45:00Z,-1.175,1.789,0.504,-1.022,0.096
2016-11-19T21:00:00Z,-0.8,1.781,0.218,-1.022,0.177
2016-11-19T21:15:00Z,-0.8,1.781,0.218,-1.022,0.177
2016-11-19T21:30:00Z,-0.8,1.781,0.218,-1.022,0.177
2016-11-19T21:45:00Z,-0.8,1.781,0.218,-1.022,0.177
2016-11-19T22:00:00Z,-0.872,2.124,-0.232,-1.023,-0.004
2016-11-19T22:15:00Z,-0.872,2.124,-0.232,-1.023,-0.004
2016-11-19T22:30:00Z,-0.872,2.124,-0.232,-1.023,-0.004
2016-11-19T22:45:00Z,-0.872,2.124,-0.232,-1.023,-0.004
2016-11-19T23:00:00Z,-0.621,2.065,-0.631,-1.023,-0.21
2016-11-19T23:15:00Z,-0.621,2.065,-0.631,-1.023,-0.21
2016-11-19T23:30:00Z,-0.621,2.065,-0.631,-1.023,-0.21
2016-11-19T23:45:00Z,-0.621,2.065,-0.631,-1.023,-0.21
2016-11-20T00:00:00Z,-0.661,2.172,-0.729,-1.023,-0.241
2016-11-20T00:15:00Z,-0.661,2.172,-0.729,-1.023,-0.241
2016-11-20T00:30:00Z,-0.661,2.172,-0.729,-1.023,-0.241
2016-11-20T00:45:00Z,-0.661,2.172,-0.729,-1.023,-0.241
2016-11-20T01:00:00Z,-0.67,2.249,-0.731,-1.023,-0.175
2016-11-20T01:15:00Z,-0.67,2.249,-0.731,-1.023,-0.175
2016-11-20T01:30:00Z,-0.67,2.249,-0.731,-1.023,-0.175
2016-11-20T01:45:00Z,-0.67,2.249,-0.731,-1.023,-0.175
2016-11-20T02:00:00Z,-0.209,2.172,-0.731,-1.023,0.209
2016-11-20T02:15:00Z,-0.209,2.172,-0.731,-1.023,0.209
2016-11-20T02:30:00Z,-0.209,2.172,-0.731,-1.023,0.209
2016-11-20T02:45:00Z,-0.209,2.172,-0.731,-1.023,0.209
2016-11-20T03:00:00Z,-0.203,2.25,-0.731,-1.022,0.295
2016-11-20T03:15:00Z,-0.203,2.25,-0.731,-1.022,0.295
2016-11-20T03:30:00Z,-0.203,2.25,-0.731,-1.022,0.295
2016-11-20T03:45:00Z,-0.203,2.25,-0.731,-1.022,0.295
2016-11-20T04:00:00Z,-0.123,1.978,-0.731,-1.022,0.102
2016-11-20T04:15:00Z,-0.123,1.978,-0.731,-1.022,0.102
2016-11-20T04:30:00Z,-0.123,1.978,-0.731,-1.022,0.102
2016-11-20T04:45:00Z,-0.123,1.978,-0.731,-1.022,0.102
2016-11-20T05:00:00Z,-0.394,1.982,-0.731,-0.826,0.031
2016-11-20T05:15:00Z,-0.394,1.982,-0.731,-0.826,0.031
2016-11-20T05:30:00Z,-0.394,1.982,-0.731,-0.826,0.031
2016-11-20T05:45:00Z,-0.394,1.982,-0.731,-0.826,0.031
2016-11-20T06:00:00Z,-0.397,1.885,-0.731,-1.022,-0.264
2016-11-20T06:15:00Z,-0.397,1.885,-0.731,-1.022,-0.264
2016-11-20T06:30:00Z,-0.397,1.885,-0.731,-1.022,-0.264
2016-11-20T06:45:00Z,-0.397,1.885,-0.731,-1.022,-0.264
2016-11-20T07:00:00Z,-0.505,1.88,-0.727,-1.039,-0.391
2016-11-20T07:15:00Z,-0.505,1.88,-0.727,-1.039,-0.391
2016-11-20T07:30:00Z,-0.505,1.88,-0.727,-1.039,-0.391
2016-11-20T07:45:00Z,-0.505,1.88,-0.727,-1.039,-0.391
2016-11-20T08:00:00Z,-0.615,1.537,-0.497,-1.035,-0.611
2016-11-20T08:15:00Z,-0.615,1.537,-0.497,-1.035,-0.611
2016-11-20T08:30:00Z,-0.615,1.537,-0.497,-1.035,-0.611
2016-11-20T08:45:00Z,-0.615,1.537,-0.497,-1.035,-0.611
2016-11-20T09:00:00Z,-0.707,1.418,0.079,-1.027,-0.237
2016-11-20T09:15:00Z,-0.707,1.418,0.079,-1.027,-0.237
2016-11-20T09:30:00Z,-0.707,1.418,0.079,-1.027,-0.237
2016-11-20T09:45:00Z,-0.707,1.418,0.079,-1.027,-0.237
2016-11-20T10:00:00Z,-0.505,1.731,0.259,-1.038,0.447
2016-11-20T10:15:00Z,-0.505,1.731,0.259,-1.038,0.447
2016-11-20T10:30:00Z,-0.505,1.731,0.259,-1.038,0.447
2016-11-20T10:45:00Z,-0.505,1.731,0.259,-1.038,0.447
2016-11-20T11:00:00Z,-0.438,1.24,0.499,-1.022,0.28
2016-11-20T11:15:00Z,-0.438,1.24,0.499,-1.022,0.28
2016-11-20T11:30:00Z,-0.438,1.24,0.499,-1.022,0.28
2016-11-20T11:45:00Z,-0.438,1.24,0.499,-1.022,0.28
2016-11-20T12:00:00Z,-0.222,1.268,0.504,-1.023,0.527
2016-11-20T12:15:00Z,-0.222,1.268,0.504,-1.023,0.527
2016-11-20T12:30:00Z,-0.222,1.268,0.504,-1.023,0.527
2016-11-20T12:45:00Z,-0.222,1.268,0.504,-1.023,0.527
2016-11-20T13:00:00Z,-0.167,1.283,0.499,-1.018,0.597
2016-11-20T13:15:00Z,-0.167,1.283,0.499,-1.018,0.597
2016-11-20T13:30:00Z,-0.167,1.283,0.499,-1.018,0.597
2016-11-20T13:45:00Z,-0.167,1.283,0.499,-1.018,0.597
2016-11-20T14:00:00Z,-0.195,1.7,0.018,-1.012,0.511
2016-11-20T14:15:00Z,-0.195,1.7,0.018,-1.012,0.511
2016-11-20T14:30:00Z,-0.195,1.7,0.018,-1.012,0.511
2016-11-20T14:45:00Z,-0.195,1.7,0.018,-1.012,0.511
2016-11-20T15:00:00Z,-0.137,1.715,0.035,-1.022,0.591
2016-11-20T15:15:00Z,-0.137,1.715,0.035,-1.022,0.591
2016-11-20T15:30:00Z,-0.137,1.715,0.035,-1.022,0.591
2016-11-20T15:45:00Z,-0.137,1.715,0.035,-1.022,0.591
2016-11-20T16:00:00Z,-0.185,1.679,0.488,-1.022,0.96
2016-11-20T16:15:00Z,-0.185,1.679,0.488,-1.022,0.96
2016-11-20T16:30:00Z,-0.185,1.679,0.488,-1.022,0.96
2016-11-20T16:45:00Z,-0.185,1.679,0.488,-1.022,0.96
2016-11-20T17:00:00Z,-0.328,1.381,0.504,-1.005,0.552
2016-11-20T17:15:00Z,-0.328,1.381,0.504,-1.005,0.552
2016-11-20T17:30:00Z,-0.328,1.381,0.504,-1.005,0.552
2016-11-20T17:45:00Z,-0.328,1.381,0.504,-1.005,0.552
2016-11-20T18:00:00Z,-0.416,1.347,0.504,-1.027,0.408
2016-11-20T18:15:00Z,-0.416,1.347,0.504,-1.027,0.408
2016-11-20T18:30:00Z,-0.416,1.347,0.504,-1.027,0.408
2016-11-20T18:45:00Z,-0.416,1.347,0.504,-1.027,0.408
2016-11-20T19:00:00Z,-0.371,1.469,0.504,-1.023,0.579
2016-11-20T19:15:00Z,-0.371,1.469,0.504,-1.023,0.579
2016-11-20T19:30:00Z,-0.371,1.469,0.504,-1.023,0.579
2016-11-20T19:45:00Z,-0.371,1.469,0.504,-1.023,0.579
2016-11-20T20:00:00Z,-0.082,1.362,0.505,-1.023,0.762
2016-11-20T20:15:00Z,-0.082,1.362,0.505,-1.023,0.762
2016-11-20T20:30:00Z,-0.082,1.362,0.505,-1.023,0.762
2016-11-20T20:45:00Z,-0.082,1.362,0.505,-1.023,0.762
2016-11-20T21:00:00Z,-0.369,1.437,0.504,-1.023,0.549
2016-11-20T21:15:00Z,-0.369,1.437,0.504,-1.023,0.549
2016-11-20T21:30:00Z,-0.369,1.437,0.504,-1.023,0.549
2016-11-20T21:45:00Z,-0.369,1.437,0.504,-1.023,0.549
2016-11-20T22:00:00Z,-0.473,1.365,0.473,-1.023,0.343
2016-11-20T22:15:00Z,-0.473,1.365,0.473,-1.023,0.343
2016-11-20T22:30:00Z,-0.473,1.365,0.473,-1.023,0.343
2016-11-20T22:45:00Z,-0.473,1.365,0.473,-1.023,0.343
2016-11-20T23:00:00Z,-1.233,1.984,0.374,-1.023,0.102
2016-11-20T23:15:00Z,-1.233,1.984,0.374,-1.023,0.102
2016-11-20T23:30:00Z,-1.233,1.984,0.374,-1.023,0.102
2016-11-20T23:45:00Z,-1.233,1.984,0.374,-1.023,0.102
2016-11-21T00:00:00Z,-0.342,1.927,-0.052,-1.023,0.51
2016-11-21T00:15:00Z,-0.342,1.927,-0.052,-1.023,0.51
2016-11-21T00:30:00Z,-0.342,1.927,-0.052,-1.023,0.51
2016-11-21T00:45:00Z,-0.342,1.927,-0.052,-1.023,0.51
2016-11-21T01:00:00Z,0.248,1.596,-0.118,-1.023,0.703
2016-11-21T01:15:00Z,0.248,1.596,-0.118,-1.023,0.703
2016-11-21T01:30:00Z,0.248,1.596,-0.118,-1.023,0.703
2016-11-21T01:45:00Z,0.248,1.596,-0.118,-1.023,0.703
2016-11-21T02:00:00Z,1.117,1.437,-0.691,-1.023,0.84
2016-11-21T02:15:00Z,1.117,1.437,-0.691,-1.023,0.84
2016-11-21T02:30:00Z,1.117,1.437,-0.691,-1.023,0.84
2016-11-21T02:45:00Z,1.117,1.437,-0.691,-1.023,0.84
2016-11-21T03:00:00Z,1.408,1.61,-0.73,-1.023,1.265
2016-11-21T03:15:00Z,1.408,1.61,-0.73,-1.023,1.265
2016-11-21T03:30:00Z,1.408,1.61,-0.73,-1.023,1.265
2016-11-21T03:45:00Z,1.408,1.61,-0.73,-1.023,1.265
2016-11-21T04:00:00Z,1.053,1.389,-0.704,-1.023,0.715
2016-11-21T04:15:00Z,1.053,1.389,-0.704,-1.023,0.715
2016-11-21T04:30:00Z,1.053,1.389,-0.704,-1.023,0.715
2016-11-21T04:45:00Z,1.053,1.389,-0.704,-1.023,0.715
2016-11-21T05:00:00Z,0.219,-0.26,-0.109,-1.023,-1.173
2016-11-21T05:15:00Z,0.219,-0.26,-0.109,-1.023,-1.173
2016-11-21T05:30:00Z,0.219,-0.26,-0.109,-1.023,-1.173
2016-11-21T05:45:00Z,0.219,-0.26,-0.109,-1.023,-1.173
2016-11-21T06:00:00Z,-0.71,-0.015,0.474,-0.476,-0.727
2016-11-21T06:15:00Z,-0.71,-0.015,0.474,-0.476,-0.727
2016-11-21T06:30:00Z,-0.71,-0.015,0.474,-0.476,-0.727
2016-11-21T06:45:00Z,-0.71,-0.015,0.474,-0.476,-0.727
2016-11-21T07:00:00Z,-0.99,1.213,0.504,-1.008,-0.281
2016-11-21T07:15:00Z,-0.99,1.213,0.504,-1.008,-0.281
2016-11-21T07:30:00Z,-0.99,1.213,0.504,-1.008,-0.281
2016-11-21T07:45:00Z,-0.99,1.213,0.504,-1.008,-0.281
2016-11-21T08:00:00Z,-1.655,2.232,0.504,-1.035,0.046
2016-11-21T08:15:00Z,-1.655,2.232,0.504,-1.035,0.046
2016-11-21T08:30:00Z,-1.655,2.232,0.504,-1.035,0.046
2016-11-21T08:45:00Z,-1.655,2.232,0.504,-1.035,0.046
2016-11-21T09:00:00Z,-1.966,2.479,0.504,-1.028,-0.011
2016-11-21T09:15:00Z,-1.966,2.479,0.504,-1.028,-0.011
2016-11-21T09:30:00Z,-1.966,2.479,0.504,-1.028,-0.011
2016-11-21T09:45:00Z,-1.966,2.479,0.504,-1.028,-0.011
2016-11-21T10:00:00Z,-1.853,2.216,0.504,-1.034,-0.166
2016-11-21T10:15:00Z,-1.853,2.216,0.504,-1.034,-0.166
2016-11-21T10:30:00Z,-1.853,2.216,0.504,-1.034,-0.166
2016-11-21T10:45:00Z,-1.853,2.216,0.504,-1.034,-0.166
2016-11-21T11:00:00Z,-1.718,1.866,0.504,-1.019,-0.367
2016-11-21T11:15:00Z,-1.718,1.866,0.504,-1.019,-0.367
2016-11-21T11:30:00Z,-1.718,1.866,0.504,-1.019,-0.367
2016-11-21T11:45:00Z,-1.718,1.866,0.504,-1.019,-0.367
2016-11-21T12:00:00Z,-1.558,1.618,0.505,-1.007,-0.442
2016-11-21T12:15:00Z,-1.558,1.618,0.505,-1.007,-0.442
2016-11-21T12:30:00Z,-1.558,1.618,0.505,-1.007,-0.442
2016-11-21T12:45:00Z,-1.558,1.618,0.505,-1.007,-0.442
2016-11-21T13:00:00Z,-1.436,1.305,0.505,-0.99,-0.616
2016-11-21T13:15:00Z,-1.436,1.305,0.505,-0.99,-0.616
2016-11-21T13:30:00Z,-1.436,1.305,0.505,-0.99,-0.616
2016-11-21T13:45:00Z,-1.436,1.305,0.505,-0.99,-0.616
2016-11-21T14:00:00Z,-1.517,1.27,0.505,-0.997,-0.739
2016-11-21T14:15:00Z,-1.517,1.27,0.505,-0.997,-0.739
2016-11-21T14:30:00Z,-1.517,1.27,0.505,-0.997,-0.739
2016-11-21T14:45:00Z,-1.517,1.27,0.505,-0.997,-0.739
2016-11-21T15:00:00Z,-1.628,1.654,0.505,-0.997,-0.466
2016-11-21T15:15:00Z,-1.628,1.654,0.505,-0.997,-0.466
2016-11-21T15:30:00Z,-1.628,1.654,0.505,-0.997,-0.466
2016-11-21T15:45:00Z,-1.628,1.654,0.505,-0.997,-0.466
2016-11-21T16:00:00Z,-2.31,2.052,0.505,-1.026,-0.779
2016-11-21T16:15:00Z,-2.31,2.052,0.505,-1.026,-0.779
2016-11-21T16:30:00Z,-2.31,2.052,0.505,-1.026,-0.779
2016-11-21T16:45:00Z,-2.31,2.052,0.505,-1.026,-0.779
2016-11-21T17:00:00Z,-2.847,2.403,0.492,-1.011,-0.963
2016-11-21T17:15:00Z,-2.847,2.403,0.492,-1.011,-0.963
2016-11-21T17:30:00Z,-2.847,2.403,0.492,-1.011,-0.963
2016-11-21T17:45:00Z,-2.847,2.403,0.492,-1.011,-0.963
2016-11-21T18:00:00Z,-2.711,2.499,0.093,-1.016,-1.135
2016-11-21T18:15:00Z,-2.711,2.499,0.093,-1.016,-1.135
2016-11-21T18:30:00Z,-2.711,2.499,0.093,-1.016,-1.135
2016-11-21T18:45:00Z,-2.711,2.499,0.093,-1.016,-1.135
2016-11-21T19:00:00Z,-2.511,2.289,0.483,-1.006,-0.745
2016-11-21T19:15:00Z,-2.511,2.289,0.483,-1.006,-0.745
2016-11-21T19:30:00Z,-2.511,2.289,0.483,-1.006,-0.745
2016-11-21T19:45:00Z,-2.511,2.289,0.483,-1.006,-0.745
2016-11-21T20:00:00Z,-2.167,2.173,0.14,-1.017,-0.87
2016-11-21T20:15:00Z,-2.167,2.173,0.14,-1.017,-0.87
2016-11-21T20:30:00Z,-2.167,2.173,0.14,-1.017,-0.87
2016-11-21T20:45:00Z,-2.167,2.173,0.14,-1.017,-0.87
2016-11-21T21:00:00Z,-2.637,2.403,-0.159,-1.022,-1.415
2016-11-21T21:15:00Z,-2.637,2.403,-0.159,-1.022,-1.415
2016-11-21T21:30:00Z,-2.637,2.403,-0.159,-1.022,-1.415
2016-11-21T21:45:00Z,-2.637,2.403,-0.159,-1.022,-1.415
2016-11-21T22:00:00Z,-2.773,2.091,-0.002,-1.027,-1.71
2016-11-21T22:15:00Z,-2.773,2.091,-0.002,-1.027,-1.71
2016-11-21T22:30:00Z,-2.773,2.091,-0.002,-1.027,-1.71
2016-11-21T22:45:00Z,-2.773,2.091,-0.002,-1.027,-1.71
2016-11-21T23:00:00Z,-2.248,2.053,0.111,-1.013,-1.097
2016-11-21T23:15:00Z,-2.248,2.053,0.111,-1.013,-1.097
2016-11-21T23:30:00Z,-2.248,2.053,0.111,-1.013,-1.097
2016-11-21T23:45:00Z,-2.248,2.053,0.111,-1.013,-1.097
2016-11-22T00:00:00Z,-1.803,2.279,-0.424,-1.053,-1.001
2016-11-22T00:15:00Z,-1.803,2.279,-0.424,-1.053,-1.001
2016-11-22T00:30:00Z,-1.803,2.279,-0.424,-1.053,-1.001
2016-11-22T00:45:00Z,-1.803,2.279,-0.424,-1.053,-1.001
2016-11-22T01:00:00Z,-1.356,2.431,-0.724,-1.04,-0.689
2016-11-22T01:15:00Z,-1.356,2.431,-0.724,-1.04,-0.689
2016-11-22T01:30:00Z,-1.356,2.431,-0.724,-1.04,-0.689
2016-11-22T01:45:00Z,-1.356,2.431,-0.724,-1.04,-0.689
2016-11-22T02:00:00Z,-1.204,2.053,-0.731,-0.552,-0.434
2016-11-22T02:15:00Z,-1.204,2.053,-0.731,-0.552,-0.434
2016-11-22T02:30:00Z,-1.204,2.053,-0.731,-0.552,-0.434
2016-11-22T02:45:00Z,-1.204,2.053,-0.731,-0.552,-0.434
2016-11-22T03:00:00Z,-0.927,1.626,-0.731,-0.533,-0.565
2016-11-22T03:15:00Z,-0.927,1.626,-0.731,-0.533,-0.565
2016-11-22T03:30:00Z,-0.927,1.626,-0.731,-0.533,-0.565
2016-11-22T03:45:00Z,-0.927,1.626,-0.731,-0.533,-0.565
2016-11-22T04:00:00Z,-1.322,1.497,-0.73,-0.175,-0.73
2016-11-22T04:15:00Z,-1.322,1.497,-0.73,-0.175,-0.73
2016-11-22T04:30:00Z,-1.322,1.497,-0.73,-0.175,-0.73
2016-11-22T04:45:00Z,-1.322,1.497,-0.73,-0.175,-0.73
2016-11-22T05:00:00Z,-1.466,1.108,-0.133,-0.311,-0.802
2016-11-22T05:15:00Z,-1.466,1.108,-0.133,-0.311,-0.802
2016-11-22T05:30:00Z,-1.466,1.108,-0.133,-0.311,-0.802
2016-11-22T05:45:00Z,-1.466,1.108,-0.133,-0.311,-0.802
2016-11-22T06:00:00Z,-1.993,0.967,0.475,-0.324,-0.875
2016-11-22T06:15:00Z,-1.993,0.967,0.475,-0.324,-0.875
2016-11-22T06:30:00Z,-1.993,0.967,0.475,-0.324,-0.875
2016-11-22T06:45:00Z,-1.993,0.967,0.475,-0.324,-0.875
2016-11-22T07:00:00Z,-2.038,1.609,0.322,-1.026,-1.133
2016-11-22T07:15:00Z,-2.038,1.609,0.322,-1.026,-1.133
2016-11-22T07:30:00Z,-2.038,1.609,0.322,-1.026,-1.133
2016-11-22T07:45:00Z,-2.038,1.609,0.322,-1.026,-1.133
2016-11-22T08:00:00Z,-2.102,2.124,0.007,-1.026,-0.996
2016-11-22T08:15:00Z,-2.102,2.124,0.007,-1.026,-0.996
2016-11-22T08:30:00Z,-2.102,2.124,0.007,-1.026,-0.996
2016-11-22T08:45:00Z,-2.102,2.124,0.007,-1.026,-0.996
2016-11-22T09:00:00Z,-2.055,2.252,0.001,-1.013,-0.815
2016-11-22T09:15:00Z,-2.055,2.252,0.001,-1.013,-0.815
2016-11-22T09:30:00Z,-2.055,2.252,0.001,-1.013,-0.815
2016-11-22T09:45:00Z,-2.055,2.252,0.001,-1.013,-0.815
2016-11-22T10:00:00Z,-2.179,1.962,0.106,-1.021,-1.132
2016-11-22T10:15:00Z,-2.179,1.962,0.106,-1.021,-1.132
2016-11-22T10:30:00Z,-2.179,1.962,0.106,-1.021,-1.132
2016-11-22T10:45:00Z,-2.179,1.962,0.106,-1.021,-1.132
2016-11-22T11:00:00Z,-2.161,1.8,0.192,-1.045,-1.215
2016-11-22T11:15:00Z,-2.161,1.8,0.192,-1.045,-1.215
2016-11-22T11:30:00Z,-2.161,1.8,0.192,-1.045,-1.215
2016-11-22T11:45:00Z,-2.161,1.8,0.192,-1.045,-1.215
2016-11-22T12:00:00Z,-2.007,1.637,0.429,-1.036,-0.977
2016-11-22T12:15:00Z,-2.007,1.637,0.429,-1.036,-0.977
2016-11-22T12:30:00Z,-2.007,1.637,0.429,-1.036,-0.977
2016-11-22T12:45:00Z,-2.007,1.637,0.429,-1.036,-0.977
2016-11-22T13:00:00Z,-2.097,1.787,0.502,-1.042,-0.85
2016-11-22T13:15:00Z,-2.097,1.787,0.502,-1.042,-0.85
2016-11-22T13:30:00Z,-2.097,1.787,0.502,-1.042,-0.85
2016-11-22T13:45:00Z,-2.097,1.787,0.502,-1.042,-0.85
2016-11-22T14:00:00Z,-2.321,2.323,0.504,-1.034,-0.528
2016-11-22T14:15:00Z,-2.321,2.323,0.504,-1.034,-0.528
2016-11-22T14:30:00Z,-2.321,2.323,0.504,-1.034,-0.528
2016-11-22T14:45:00Z,-2.321,2.323,0.504,-1.034,-0.528
2016-11-22T15:00:00Z,-2.296,2.391,0.504,-0.545,0.054
2016-11-22T15:15:00Z,-2.296,2.391,0.504,-0.545,0.054
2016-11-22T15:30:00Z,-2.296,2.391,0.504,-0.545,0.054
2016-11-22T15:45:00Z,-2.296,2.391,0.504,-0.545,0.054
2016-11-22T16:00:00Z,-2.88,3.413,0.505,-0.937,0.101
2016-11-22T16:15:00Z,-2.88,3.413,0.505,-0.937,0.101
2016-11-22T16:30:00Z,-2.88,3.413,0.505,-0.937,0.101
2016-11-22T16:45:00Z,-2.88,3.413,0.505,-0.937,0.101
2016-11-22T17:00:00Z,-3.533,3.56,0.505,-1.041,-0.509
2016-11-22T17:15:00Z,-3.533,3.56,0.505,-1.041,-0.509
2016-11-22T17:30:00Z,-3.533,3.56,0.505,-1.041,-0.509
2016-11-22T17:45:00Z,-3.533,3.56,0.505,-1.041,-0.509
2016-11-22T18:00:00Z,-3.445,3.258,0.505,-1.027,-0.709
2016-11-22T18:15:00Z,-3.445,3.258,0.505,-1.027,-0.709
2016-11-22T18:30:00Z,-3.445,3.258,0.505,-1.027,-0.709
2016-11-22T18:45:00Z,-3.445,3.258,0.505,-1.027,-0.709
2016-11-22T19:00:00Z,-3.419,3.022,0.505,-1.026,-0.918
2016-11-22T19:15:00Z,-3.419,3.022,0.505,-1.026,-0.918
2016-11-22T19:30:00Z,-3.419,3.022,0.505,-1.026,-0.918
2016-11-22T19:45:00Z,-3.419,3.022,0.505,-1.026,-0.918
2016-11-22T20:00:00Z,-3.298,2.687,0.468,-1.015,-1.157
2016-11-22T20:15:00Z,-3.298,2.687,0.468,-1.015,-1.157
2016-11-22T20:30:00Z,-3.298,2.687,0.468,-1.015,-1.157
2016-11-22T20:45:00Z,-3.298,2.687,0.468,-1.015,-1.157
2016-11-22T21:00:00Z,-3.579,2.55,0.504,-1.034,-1.559
2016-11-22T21:15:00Z,-3.579,2.55,0.504,-1.034,-1.559
2016-11-22T21:30:00Z,-3.579,2.55,0.504,-1.034,-1.559
2016-11-22T21:45:00Z,-3.579,2.55,0.504,-1.034,-1.559
2016-11-22T22:00:00Z,-3.832,2.147,0.503,-1.039,-2.221
2016-11-22T22:15:00Z,-3.832,2.147,0.503,-1.039,-2.221
2016-11-22T22:30:00Z,-3.832,2.147,0.503,-1.039,-2.221
2016-11-22T22:45:00Z,-3.832,2.147,0.503,-1.039,-2.221
2016-11-22T23:00:00Z,-3.787,2.341,0.439,-1.03,-2.037
2016-11-22T23:15:00Z,-3.787,2.341,0.439,-1.03,-2.037
2016-11-22T23:30:00Z,-3.787,2.341,0.439,-1.03,-2.037
2016-11-22T23:45:00Z,-3.787,2.341,0.439,-1.03,-2.037
2016-11-23T00:00:00Z,-3.614,2.378,0.158,-1.043,-2.121
2016-11-23T00:15:00Z,-3.614,2.378,0.158,-1.043,-2.121
2016-11-23T00:30:00Z,-3.614,2.378,0.158,-1.043,-2.121
2016-11-23T00:45:00Z,-3.614,2.378,0.158,-1.043,-2.121
2016-11-23T01:00:00Z,-3.196,1.953,0.256,-1.049,-2.036
2016-11-23T01:15:00Z,-3.196,1.953,0.256,-1.049,-2.036
2016-11-23T01:30:00Z,-3.196,1.953,0.256,-1.049,-2.036
2016-11-23T01:45:00Z,-3.196,1.953,0.256,-1.049,-2.036
2016-11-23T02:00:00Z,-2.439,1.587,0.092,-1.049,-1.809
2016-11-23T02:15:00Z,-2.439,1.587,0.092,-1.049,-1.809
2016-11-23T02:30:00Z,-2.439,1.587,0.092,-1.049,-1.809
2016-11-23T02:45:00Z,-2.439,1.587,0.092,-1.049,-1.809
2016-11-23T03:00:00Z,-2.238,1.4,0.098,-1.024,-1.764
2016-11-23T03:15:00Z,-2.238,1.4,0.098,-1.024,-1.764
2016-11-23T03:30:00Z,-2.238,1.4,0.098,-1.024,-1.764
2016-11-23T03:45:00Z,-2.238,1.4,0.098,-1.024,-1.764
2016-11-23T04:00:00Z,-2.735,1.793,0.132,-1.017,-1.827
2016-11-23T04:15:00Z,-2.735,1.793,0.132,-1.017,-1.827
2016-11-23T04:30:00Z,-2.735,1.793,0.132,-1.017,-1.827
2016-11-23T04:45:00Z,-2.735,1.793,0.132,-1.017,-1.827
2016-11-23T05:00:00Z,-2.794,1.296,0.49,-0.738,-1.746
2016-11-23T05:15:00Z,-2.794,1.296,0.49,-0.738,-1.746
2016-11-23T05:30:00Z,-2.794,1.296,0.49,-0.738,-1.746
2016-11-23T05:45:00Z,-2.794,1.296,0.49,-0.738,-1.746
2016-11-23T06:00:00Z,-1.9,2.233,0.502,-1.052,-0.217
2016-11-23T06:15:00Z,-1.9,2.233,0.502,-1.052,-0.217
2016-11-23T06:30:00Z,-1.9,2.233,0.502,-1.052,-0.217
2016-11-23T06:45:00Z,-1.9,2.233,0.502,-1.052,-0.217
2016-11-23T07:00:00Z,-1.661,3.042,0.406,-1.047,0.74
2016-11-23T07:15:00Z,-1.661,3.042,0.406,-1.047,0.74
2016-11-23T07:30:00Z,-1.661,3.042,0.406,-1.047,0.74
2016-11-23T07:45:00Z,-1.661,3.042,0.406,-1.047,0.74
2016-11-23T08:00:00Z,-1.789,3.006,0.404,-0.997,0.624
2016-11-23T08:15:00Z,-1.789,3.006,0.404,-0.997,0.624
2016-11-23T08:30:00Z,-1.789,3.006,0.404,-0.997,0.624
2016-11-23T08:45:00Z,-1.789,3.006,0.404,-0.997,0.624
2016-11-23T09:00:00Z,-1.746,2.948,0.404,-1.034,0.571
2016-11-23T09:15:00Z,-1.746,2.948,0.404,-1.034,0.571
2016-11-23T09:30:00Z,-1.746,2.948,0.404,-1.034,0.571
2016-11-23T09:45:00Z,-1.746,2.948,0.404,-1.034,0.571
2016-11-23T10:00:00Z,-1.896,3,0.404,-1.023,0.485
2016-11-23T10:15:00Z,-1.896,3,0.404,-1.023,0.485
2016-11-23T10:30:00Z,-1.896,3,0.404,-1.023,0.485
2016-11-23T10:45:00Z,-1.896,3,0.404,-1.023,0.485
2016-11-23T11:00:00Z,-2.103,3.218,0.404,-1.022,0.496
2016-11-23T11:15:00Z,-2.103,3.218,0.404,-1.022,0.496
2016-11-23T11:30:00Z,-2.103,3.218,0.404,-1.022,0.496
2016-11-23T11:45:00Z,-2.103,3.218,0.404,-1.022,0.496
2016-11-23T12:00:00Z,-1.908,3.06,0.404,-1.022,0.534
2016-11-23T12:15:00Z,-1.908,3.06,0.404,-1.022,0.534
2016-11-23T12:30:00Z,-1.908,3.06,0.404,-1.022,0.534
2016-11-23T12:45:00Z,-1.908,3.06,0.404,-1.022,0.534
2016-11-23T13:00:00Z,-1.521,2.67,0.404,-1.022,0.531
2016-11-23T13:15:00Z,-1.521,2.67,0.404,-1.022,0.531
2016-11-23T13:30:00Z,-1.521,2.67,0.404,-1.022,0.531
2016-11-23T13:45:00Z,-1.521,2.67,0.404,-1.022,0.531
2016-11-23T14:00:00Z,-1.362,2.026,0.404,-0.747,0.321
2016-11-23T14:15:00Z,-1.362,2.026,0.404,-0.747,0.321
2016-11-23T14:30:00Z,-1.362,2.026,0.404,-0.747,0.321
2016-11-23T14:45:00Z,-1.362,2.026,0.404,-0.747,0.321
2016-11-23T15:00:00Z,-0.961,1.997,0.404,-1.022,0.418
2016-11-23T15:15:00Z,-0.961,1.997,0.404,-1.022,0.418
2016-11-23T15:30:00Z,-0.961,1.997,0.404,-1.022,0.418
2016-11-23T15:45:00Z,-0.961,1.997,0.404,-1.022,0.418
2016-11-23T16:00:00Z,-1.355,2.485,0.404,-1.015,0.52
2016-11-23T16:15:00Z,-1.355,2.485,0.404,-1.015,0.52
2016-11-23T16:30:00Z,-1.355,2.485,0.404,-1.015,0.52
2016-11-23T16:45:00Z,-1.355,2.485,0.404,-1.015,0.52
2016-11-23T17:00:00Z,-1.843,2.19,0.404,-0.991,-0.24
2016-11-23T17:15:00Z,-1.843,2.19,0.404,-0.991,-0.24
2016-11-23T17:30:00Z,-1.843,2.19,0.404,-0.991,-0.24
2016-11-23T17:45:00Z,-1.843,2.19,0.404,-0.991,-0.24
2016-11-23T18:00:00Z,-1.814,1.633,0.404,-1.033,-0.81
2016-11-23T18:15:00Z,-1.814,1.633,0.404,-1.033,-0.81
2016-11-23T18:30:00Z,-1.814,1.633,0.404,-1.033,-0.81
2016-11-23T18:45:00Z,-1.814,1.633,0.404,-1.033,-0.81
2016-11-23T19:00:00Z,-1.882,1.294,0.404,-1.025,-1.21
2016-11-23T19:15:00Z,-1.882,1.294,0.404,-1.025,-1.21
2016-11-23T19:30:00Z,-1.882,1.294,0.404,-1.025,-1.21
2016-11-23T19:45:00Z,-1.882,1.294,0.404,-1.025,-1.21
2016-11-23T20:00:00Z,-1.531,0.979,0.404,-1.022,-1.169
2016-11-23T20:15:00Z,-1.531,0.979,0.404,-1.022,-1.169
2016-11-23T20:30:00Z,-1.531,0.979,0.404,-1.022,-1.169
2016-11-23T20:45:00Z,-1.531,0.979,0.404,-1.022,-1.169
2016-11-23T21:00:00Z,-1.429,0.981,0.399,-1.009,-1.058
2016-11-23T21:15:00Z,-1.429,0.981,0.399,-1.009,-1.058
2016-11-23T21:30:00Z,-1.429,0.981,0.399,-1.009,-1.058
2016-11-23T21:45:00Z,-1.429,0.981,0.399,-1.009,-1.058
2016-11-23T22:00:00Z,-1.353,1.563,-0.08,-1.022,-0.892
2016-11-23T22:15:00Z,-1.353,1.563,-0.08,-1.022,-0.892
2016-11-23T22:30:00Z,-1.353,1.563,-0.08,-1.022,-0.892
2016-11-23T22:45:00Z,-1.353,1.563,-0.08,-1.022,-0.892
2016-11-23T23:00:00Z,-2.93,2.807,-0.001,-1.015,-1.138
2016-11-23T23:15:00Z,-2.93,2.807,-0.001,-1.015,-1.138
2016-11-23T23:30:00Z,-2.93,2.807,-0.001,-1.015,-1.138
2016-11-23T23:45:00Z,-2.93,2.807,-0.001,-1.015,-1.138
2016-11-24T00:00:00Z,-3.074,2.616,0.05,-1.023,-1.431
2016-11-24T00:15:00Z,-3.074,2.616,0.05,-1.023,-1.431
2016-11-24T00:30:00Z,-3.074,2.616,0.05,-1.023,-1.431
2016-11-24T00:45:00Z,-3.074,2.616,0.05,-1.023,-1.431
2016-11-24T01:00:00Z,-2.342,1.91,0.03,-1.013,-1.416
2016-11-24T01:15:00Z,-2.342,1.91,0.03,-1.013,-1.416
2016-11-24T01:30:00Z,-2.342,1.91,0.03,-1.013,-1.416
2016-11-24T01:45:00Z,-2.342,1.91,0.03,-1.013,-1.416
2016-11-24T02:00:00Z,-1.345,1.303,-0.181,-1.032,-1.255
2016-11-24T02:15:00Z,-1.345,1.303,-0.181,-1.032,-1.255
2016-11-24T02:30:00Z,-1.345,1.303,-0.181,-1.032,-1.255
2016-11-24T02:45:00Z,-1.345,1.303,-0.181,-1.032,-1.255
2016-11-24T03:00:00Z,-0.876,1.19,-0.705,-1.03,-1.422
2016-11-24T03:15:00Z,-0.876,1.19,-0.705,-1.03,-1.422
2016-11-24T03:30:00Z,-0.876,1.19,-0.705,-1.03,-1.422
2016-11-24T03:45:00Z,-0.876,1.19,-0.705,-1.03,-1.422
2016-11-24T04:00:00Z,-1.367,1.194,-0.601,-1.039,-1.812
2016-11-24T04:15:00Z,-1.367,1.194,-0.601,-1.039,-1.812
2016-11-24T04:30:00Z,-1.367,1.194,-0.601,-1.039,-1.812
2016-11-24T04:45:00Z,-1.367,1.194,-0.601,-1.039,-1.812
2016-11-24T05:00:00Z,-0.868,-0.007,-0.016,-1.035,-1.926
2016-11-24T05:15:00Z,-0.868,-0.007,-0.016,-1.035,-1.926
2016-11-24T05:30:00Z,-0.868,-0.007,-0.016,-1.035,-1.926
2016-11-24T05:45:00Z,-0.868,-0.007,-0.016,-1.035,-1.926
2016-11-24T06:00:00Z,-1.285,0.1,0.392,-1.013,-1.806
2016-11-24T06:15:00Z,-1.285,0.1,0.392,-1.013,-1.806
2016-11-24T06:30:00Z,-1.285,0.1,0.392,-1.013,-1.806
2016-11-24T06:45:00Z,-1.285,0.1,0.392,-1.013,-1.806
2016-11-24T07:00:00Z,-1.426,0.724,0.404,-1.021,-1.319
2016-11-24T07:15:00Z,-1.426,0.724,0.404,-1.021,-1.319
2016-11-24T07:30:00Z,-1.426,0.724,0.404,-1.021,-1.319
2016-11-24T07:45:00Z,-1.426,0.724,0.404,-1.021,-1.319
2016-11-24T08:00:00Z,-1.595,0.816,0.404,-1.031,-1.406
2016-11-24T08:15:00Z,-1.595,0.816,0.404,-1.031,-1.406
2016-11-24T08:30:00Z,-1.595,0.816,0.404,-1.031,-1.406
2016-11-24T08:45:00Z,-1.595,0.816,0.404,-1.031,-1.406
2016-11-24T09:00:00Z,-1.507,0.631,0.404,-0.979,-1.451
2016-11-24T09:15:00Z,-1.507,0.631,0.404,-0.979,-1.451
2016-11-24T09:30:00Z,-1.507,0.631,0.404,-0.979,-1.451
2016-11-24T09:45:00Z,-1.507,0.631,0.404,-0.979,-1.451
2016-11-24T10:00:00Z,-1.518,0.655,0.404,-1.02,-1.479
2016-11-24T10:15:00Z,-1.518,0.655,0.404,-1.02,-1.479
2016-11-24T10:30:00Z,-1.518,0.655,0.404,-1.02,-1.479
2016-11-24T10:45:00Z,-1.518,0.655,0.404,-1.02,-1.479
2016-11-24T11:00:00Z,-1.629,0.388,0.404,-1.027,-1.864
2016-11-24T11:15:00Z,-1.629,0.388,0.404,-1.027,-1.864
2016-11-24T11:30:00Z,-1.629,0.388,0.404,-1.027,-1.864
2016-11-24T11:45:00Z,-1.629,0.388,0.404,-1.027,-1.864
2016-11-24T12:00:00Z,-1.529,0.334,0.404,-1.022,-1.813
2016-11-24T12:15:00Z,-1.529,0.334,0.404,-1.022,-1.813
2016-11-24T12:30:00Z,-1.529,0.334,0.404,-1.022,-1.813
2016-11-24T12:45:00Z,-1.529,0.334,0.404,-1.022,-1.813
2016-11-24T13:00:00Z,-1.387,0.183,0.404,-1.022,-1.822
2016-11-24T13:15:00Z,-1.387,0.183,0.404,-1.022,-1.822
2016-11-24T13:30:00Z,-1.387,0.183,0.404,-1.022,-1.822
2016-11-24T13:45:00Z,-1.387,0.183,0.404,-1.022,-1.822
2016-11-24T14:00:00Z,-1.152,0.212,0.404,-1.022,-1.558
2016-11-24T14:15:00Z,-1.152,0.212,0.404,-1.022,-1.558
2016-11-24T14:30:00Z,-1.152,0.212,0.404,-1.022,-1.558
2016-11-24T14:45:00Z,-1.152,0.212,0.404,-1.022,-1.558
2016-11-24T15:00:00Z,-1.146,0.457,0.406,-0.796,-1.079
2016-11-24T15:15:00Z,-1.146,0.457,0.406,-0.796,-1.079
2016-11-24T15:30:00Z,-1.146,0.457,0.406,-0.796,-1.079
2016-11-24T15:45:00Z,-1.146,0.457,0.406,-0.796,-1.079
2016-11-24T16:00:00Z,-1.571,1.317,0.502,-1.022,-0.774
2016-11-24T16:15:00Z,-1.571,1.317,0.502,-1.022,-0.774
2016-11-24T16:30:00Z,-1.571,1.317,0.502,-1.022,-0.774
2016-11-24T16:45:00Z,-1.571,1.317,0.502,-1.022,-0.774
2016-11-24T17:00:00Z,-2.002,1.402,0.504,-1.022,-1.118
2016-11-24T17:15:00Z,-2.002,1.402,0.504,-1.022,-1.118
2016-11-24T17:30:00Z,-2.002,1.402,0.504,-1.022,-1.118
2016-11-24T17:45:00Z,-2.002,1.402,0.504,-1.022,-1.118
2016-11-24T18:00:00Z,-2.135,1.148,0.504,-1.022,-1.505
2016-11-24T18:15:00Z,-2.135,1.148,0.504,-1.022,-1.505
2016-11-24T18:30:00Z,-2.135,1.148,0.504,-1.022,-1.505
2016-11-24T18:45:00Z,-2.135,1.148,0.504,-1.022,-1.505
2016-11-24T19:00:00Z,-1.819,1.065,0.503,-1.021,-1.272
2016-11-24T19:15:00Z,-1.819,1.065,0.503,-1.021,-1.272
2016-11-24T19:30:00Z,-1.819,1.065,0.503,-1.021,-1.272
2016-11-24T19:45:00Z,-1.819,1.065,0.503,-1.021,-1.272
2016-11-24T20:00:00Z,-1.105,0.629,0.414,-1.013,-1.075
2016-11-24T20:15:00Z,-1.105,0.629,0.414,-1.013,-1.075
2016-11-24T20:30:00Z,-1.105,0.629,0.414,-1.013,-1.075
2016-11-24T20:45:00Z,-1.105,0.629,0.414,-1.013,-1.075
2016-11-24T21:00:00Z,-1.431,0.596,0.349,-1.028,-1.514
2016-11-24T21:15:00Z,-1.431,0.596,0.349,-1.028,-1.514
2016-11-24T21:30:00Z,-1.431,0.596,0.349,-1.028,-1.514
2016-11-24T21:45:00Z,-1.431,0.596,0.349,-1.028,-1.514
2016-11-24T22:00:00Z,-1.337,1.036,-0.184,-1.026,-1.511
2016-11-24T22:15:00Z,-1.337,1.036,-0.184,-1.026,-1.511
2016-11-24T22:30:00Z,-1.337,1.036,-0.184,-1.026,-1.511
2016-11-24T22:45:00Z,-1.337,1.036,-0.184,-1.026,-1.511
2016-11-24T23:00:00Z,-2.717,1.669,-0.007,-1.034,-2.089
2016-11-24T23:15:00Z,-2.717,1.669,-0.007,-1.034,-2.089
2016-11-24T23:30:00Z,-2.717,1.669,-0.007,-1.034,-2.089
2016-11-24T23:45:00Z,-2.717,1.669,-0.007,-1.034,-2.089
2016-11-25T00:00:00Z,-2.414,1.333,-0.05,-1.01,-2.141
2016-11-25T00:15:00Z,-2.414,1.333,-0.05,-1.01,-2.141
2016-11-25T00:30:00Z,-2.414,1.333,-0.05,-1.01,-2.141
2016-11-25T00:45:00Z,-2.414,1.333,-0.05,-1.01,-2.141
2016-11-25T01:00:00Z,-1.839,0.817,-0.241,-1.012,-2.275
2016-11-25T01:15:00Z,-1.839,0.817,-0.241,-1.012,-2.275
2016-11-25T01:30:00Z,-1.839,0.817,-0.241,-1.012,-2.275
2016-11-25T01:45:00Z,-1.839,0.817,-0.241,-1.012,-2.275
2016-11-25T02:00:00Z,-1.063,0.542,-0.712,-1.022,-2.255
2016-11-25T02:15:00Z,-1.063,0.542,-0.712,-1.022,-2.255
2016-11-25T02:30:00Z,-1.063,0.542,-0.712,-1.022,-2.255
2016-11-25T02:45:00Z,-1.063,0.542,-0.712,-1.022,-2.255
2016-11-25T03:00:00Z,-0.905,0.457,-0.705,-1.023,-2.176
2016-11-25T03:15:00Z,-0.905,0.457,-0.705,-1.023,-2.176
2016-11-25T03:30:00Z,-0.905,0.457,-0.705,-1.023,-2.176
2016-11-25T03:45:00Z,-0.905,0.457,-0.705,-1.023,-2.176
2016-11-25T04:00:00Z,-1.396,0.173,-0.13,-1.023,-2.376
2016-11-25T04:15:00Z,-1.396,0.173,-0.13,-1.023,-2.376
2016-11-25T04:30:00Z,-1.396,0.173,-0.13,-1.023,-2.376
2016-11-25T04:45:00Z,-1.396,0.173,-0.13,-1.023,-2.376
2016-11-25T05:00:00Z,-0.881,-0.633,0.015,-1.019,-2.518
2016-11-25T05:15:00Z,-0.881,-0.633,0.015,-1.019,-2.518
2016-11-25T05:30:00Z,-0.881,-0.633,0.015,-1.019,-2.518
2016-11-25T05:45:00Z,-0.881,-0.633,0.015,-1.019,-2.518
2016-11-25T06:00:00Z,-1.197,-0.073,0.486,-1.02,-1.804
2016-11-25T06:15:00Z,-1.197,-0.073,0.486,-1.02,-1.804
2016-11-25T06:30:00Z,-1.197,-0.073,0.486,-1.02,-1.804
2016-11-25T06:45:00Z,-1.197,-0.073,0.486,-1.02,-1.804
2016-11-25T07:00:00Z,-1.022,0.533,0.505,-1.03,-1.015
2016-11-25T07:15:00Z,-1.022,0.533,0.505,-1.03,-1.015
2016-11-25T07:30:00Z,-1.022,0.533,0.505,-1.03,-1.015
2016-11-25T07:45:00Z,-1.022,0.533,0.505,-1.03,-1.015
2016-11-25T08:00:00Z,-1.034,0.674,0.505,-1.021,-0.875
2016-11-25T08:15:00Z,-1.034,0.674,0.505,-1.021,-0.875
2016-11-25T08:30:00Z,-1.034,0.674,0.505,-1.021,-0.875
2016-11-25T08:45:00Z,-1.034,0.674,0.505,-1.021,-0.875
2016-11-25T09:00:00Z,-1.19,0.869,0.505,-1,-0.816
2016-11-25T09:15:00Z,-1.19,0.869,0.505,-1,-0.816
2016-11-25T09:30:00Z,-1.19,0.869,0.505,-1,-0.816
2016-11-25T09:45:00Z,-1.19,0.869,0.505,-1,-0.816
2016-11-25T10:00:00Z,-1.202,0.586,0.505,-0.903,-1.013
2016-11-25T10:15:00Z,-1.202,0.586,0.505,-0.903,-1.013
2016-11-25T10:30:00Z,-1.202,0.586,0.505,-0.903,-1.013
2016-11-25T10:45:00Z,-1.202,0.586,0.505,-0.903,-1.013
2016-11-25T11:00:00Z,-1.379,0.505,0.505,-0.901,-1.27
2016-11-25T11:15:00Z,-1.379,0.505,0.505,-0.901,-1.27
2016-11-25T11:30:00Z,-1.379,0.505,0.505,-0.901,-1.27
2016-11-25T11:45:00Z,-1.379,0.505,0.505,-0.901,-1.27
2016-11-25T12:00:00Z,-1.273,0.496,0.505,-1.022,-1.294
2016-11-25T12:15:00Z,-1.273,0.496,0.505,-1.022,-1.294
2016-11-25T12:30:00Z,-1.273,0.496,0.505,-1.022,-1.294
2016-11-25T12:45:00Z,-1.273,0.496,0.505,-1.022,-1.294
2016-11-25T13:00:00Z,-1.162,0.489,0.505,-1.022,-1.19
2016-11-25T13:15:00Z,-1.162,0.489,0.505,-1.022,-1.19
2016-11-25T13:30:00Z,-1.162,0.489,0.505,-1.022,-1.19
2016-11-25T13:45:00Z,-1.162,0.489,0.505,-1.022,-1.19
2016-11-25T14:00:00Z,-1.103,0.162,0.505,-0.793,-1.23
2016-11-25T14:15:00Z,-1.103,0.162,0.505,-0.793,-1.23
2016-11-25T14:30:00Z,-1.103,0.162,0.505,-0.793,-1.23
2016-11-25T14:45:00Z,-1.103,0.162,0.505,-0.793,-1.23
2016-11-25T15:00:00Z,-0.882,0.088,0.505,-0.576,-0.865
2016-11-25T15:15:00Z,-0.882,0.088,0.505,-0.576,-0.865
2016-11-25T15:30:00Z,-0.882,0.088,0.505,-0.576,-0.865
2016-11-25T15:45:00Z,-0.882,0.088,0.505,-0.576,-0.865
2016-11-25T16:00:00Z,-0.999,1.252,0.505,-1.023,-0.266
2016-11-25T16:15:00Z,-0.999,1.252,0.505,-1.023,-0.266
2016-11-25T16:30:00Z,-0.999,1.252,0.505,-1.023,-0.266
2016-11-25T16:45:00Z,-0.999,1.252,0.505,-1.023,-0.266
2016-11-25T17:00:00Z,-1.315,1.013,0.505,-1.023,-0.82
2016-11-25T17:15:00Z,-1.315,1.013,0.505,-1.023,-0.82
2016-11-25T17:30:00Z,-1.315,1.013,0.505,-1.023,-0.82
2016-11-25T17:45:00Z,-1.315,1.013,0.505,-1.023,-0.82
2016-11-25T18:00:00Z,-1.514,0.621,0.505,-1.023,-1.411
2016-11-25T18:15:00Z,-1.514,0.621,0.505,-1.023,-1.411
2016-11-25T18:30:00Z,-1.514,0.621,0.505,-1.023,-1.411
2016-11-25T18:45:00Z,-1.514,0.621,0.505,-1.023,-1.411
2016-11-25T19:00:00Z,-1.747,0.417,0.505,-0.874,-1.699
2016-11-25T19:15:00Z,-1.747,0.417,0.505,-0.874,-1.699
2016-11-25T19:30:00Z,-1.747,0.417,0.505,-0.874,-1.699
2016-11-25T19:45:00Z,-1.747,0.417,0.505,-0.874,-1.699
2016-11-25T20:00:00Z,-1.671,0.274,0.505,-0.871,-1.764
2016-11-25T20:15:00Z,-1.671,0.274,0.505,-0.871,-1.764
2016-11-25T20:30:00Z,-1.671,0.274,0.505,-0.871,-1.764
2016-11-25T20:45:00Z,-1.671,0.274,0.505,-0.871,-1.764
2016-11-25T21:00:00Z,-1.984,0.755,0.505,-1.023,-1.747
2016-11-25T21:15:00Z,-1.984,0.755,0.505,-1.023,-1.747
2016-11-25T21:30:00Z,-1.984,0.755,0.505,-1.023,-1.747
2016-11-25T21:45:00Z,-1.984,0.755,0.505,-1.023,-1.747
2016-11-25T22:00:00Z,-2.257,1.076,0.505,-1.023,-1.699
2016-11-25T22:15:00Z,-2.257,1.076,0.505,-1.023,-1.699
2016-11-25T22:30:00Z,-2.257,1.076,0.505,-1.023,-1.699
2016-11-25T22:45:00Z,-2.257,1.076,0.505,-1.023,-1.699
2016-11-25T23:00:00Z,-3.197,1.655,0.505,-1.023,-2.06
2016-11-25T23:15:00Z,-3.197,1.655,0.505,-1.023,-2.06
2016-11-25T23:30:00Z,-3.197,1.655,0.505,-1.023,-2.06
2016-11-25T23:45:00Z,-3.197,1.655,0.505,-1.023,-2.06
2016-11-26T00:00:00Z,-3.201,1.419,0.505,-1.023,-2.3
2016-11-26T00:15:00Z,-3.201,1.419,0.505,-1.023,-2.3
2016-11-26T00:30:00Z,-3.201,1.419,0.505,-1.023,-2.3
2016-11-26T00:45:00Z,-3.201,1.419,0.505,-1.023,-2.3
2016-11-26T01:00:00Z,-2.931,1.244,0.505,-1.024,-2.206
2016-11-26T01:15:00Z,-2.931,1.244,0.505,-1.024,-2.206
2016-11-26T01:30:00Z,-2.931,1.244,0.505,-1.024,-2.206
2016-11-26T01:45:00Z,-2.931,1.244,0.505,-1.024,-2.206
2016-11-26T02:00:00Z,-2.862,1.358,0.505,-1.024,-2.023
2016-11-26T02:15:00Z,-2.862,1.358,0.505,-1.024,-2.023
2016-11-26T02:30:00Z,-2.862,1.358,0.505,-1.024,-2.023
2016-11-26T02:45:00Z,-2.862,1.358,0.505,-1.024,-2.023
2016-11-26T03:00:00Z,-2.679,1.467,0.505,-1.024,-1.731
2016-11-26T03:15:00Z,-2.679,1.467,0.505,-1.024,-1.731
2016-11-26T03:30:00Z,-2.679,1.467,0.505,-1.024,-1.731
2016-11-26T03:45:00Z,-2.679,1.467,0.505,-1.024,-1.731
2016-11-26T04:00:00Z,-2.688,1.295,0.505,-1.023,-1.911
2016-11-26T04:15:00Z,-2.688,1.295,0.505,-1.023,-1.911
2016-11-26T04:30:00Z,-2.688,1.295,0.505,-1.023,-1.911
2016-11-26T04:45:00Z,-2.688,1.295,0.505,-1.023,-1.911
2016-11-26T05:00:00Z,-2.735,1.235,0.505,-1.024,-2.019
2016-11-26T05:15:00Z,-2.735,1.235,0.505,-1.024,-2.019
2016-11-26T05:30:00Z,-2.735,1.235,0.505,-1.024,-2.019
2016-11-26T05:45:00Z,-2.735,1.235,0.505,-1.024,-2.019
2016-11-26T06:00:00Z,-2.959,1.193,0.505,-1.023,-2.284
2016-11-26T06:15:00Z,-2.959,1.193,0.505,-1.023,-2.284
2016-11-26T06:30:00Z,-2.959,1.193,0.505,-1.023,-2.284
2016-11-26T06:45:00Z,-2.959,1.193,0.505,-1.023,-2.284
2016-11-26T07:00:00Z,-2.376,1.176,0.505,-1.023,-1.718
2016-11-26T07:15:00Z,-2.376,1.176,0.505,-1.023,-1.718
2016-11-26T07:30:00Z,-2.376,1.176,0.505,-1.023,-1.718
2016-11-26T07:45:00Z,-2.376,1.176,0.505,-1.023,-1.718
2016-11-26T08:00:00Z,-2.248,1.559,0.505,-1.036,-1.22
2016-11-26T08:15:00Z,-2.248,1.559,0.505,-1.036,-1.22
2016-11-26T08:30:00Z,-2.248,1.559,0.505,-1.036,-1.22
2016-11-26T08:45:00Z,-2.248,1.559,0.505,-1.036,-1.22
2016-11-26T09:00:00Z,-2.298,1.799,0.505,-1.04,-1.034
2016-11-26T09:15:00Z,-2.298,1.799,0.505,-1.04,-1.034
2016-11-26T09:30:00Z,-2.298,1.799,0.505,-1.04,-1.034
2016-11-26T09:45:00Z,-2.298,1.799,0.505,-1.04,-1.034
2016-11-26T10:00:00Z,-2.452,1.869,0.505,-1.02,-1.099
2016-11-26T10:15:00Z,-2.452,1.869,0.505,-1.02,-1.099
2016-11-26T10:30:00Z,-2.452,1.869,0.505,-1.02,-1.099
2016-11-26T10:45:00Z,-2.452,1.869,0.505,-1.02,-1.099
2016-11-26T11:00:00Z,-2.798,2.095,0.505,-1.02,-1.218
2016-11-26T11:15:00Z,-2.798,2.095,0.505,-1.02,-1.218
2016-11-26T11:30:00Z,-2.798,2.095,0.505,-1.02,-1.218
2016-11-26T11:45:00Z,-2.798,2.095,0.505,-1.02,-1.218
2016-11-26T12:00:00Z,-2.565,1.757,0.505,-1.023,-1.326
2016-11-26T12:15:00Z,-2.565,1.757,0.505,-1.023,-1.326
2016-11-26T12:30:00Z,-2.565,1.757,0.505,-1.023,-1.326
2016-11-26T12:45:00Z,-2.565,1.757,0.505,-1.023,-1.326
2016-11-26T13:00:00Z,-2.42,1.363,0.505,-1.023,-1.574
2016-11-26T13:15:00Z,-2.42,1.363,0.505,-1.023,-1.574
2016-11-26T13:30:00Z,-2.42,1.363,0.505,-1.023,-1.574
2016-11-26T13:45:00Z,-2.42,1.363,0.505,-1.023,-1.574
2016-11-26T14:00:00Z,-2.542,1.341,0.505,-1.023,-1.719
2016-11-26T14:15:00Z,-2.542,1.341,0.505,-1.023,-1.719
2016-11-26T14:30:00Z,-2.542,1.341,0.505,-1.023,-1.719
2016-11-26T14:45:00Z,-2.542,1.341,0.505,-1.023,-1.719
2016-11-26T15:00:00Z,-2.377,1.172,0.505,-1.02,-1.721
2016-11-26T15:15:00Z,-2.377,1.172,0.505,-1.02,-1.721
2016-11-26T15:30:00Z,-2.377,1.172,0.505,-1.02,-1.721
2016-11-26T15:45:00Z,-2.377,1.172,0.505,-1.02,-1.721
2016-11-26T16:00:00Z,-2.699,1.909,0.505,-1.016,-1.301
2016-11-26T16:15:00Z,-2.699,1.909,0.505,-1.016,-1.301
2016-11-26T16:30:00Z,-2.699,1.909,0.505,-1.016,-1.301
2016-11-26T16:45:00Z,-2.699,1.909,0.505,-1.016,-1.301
2016-11-26T17:00:00Z,-2.857,1.642,0.505,-1.002,-1.711
2016-11-26T17:15:00Z,-2.857,1.642,0.505,-1.002,-1.711
2016-11-26T17:30:00Z,-2.857,1.642,0.505,-1.002,-1.711
2016-11-26T17:45:00Z,-2.857,1.642,0.505,-1.002,-1.711
2016-11-26T18:00:00Z,-2.744,1.667,0.505,-1.018,-1.59
2016-11-26T18:15:00Z,-2.744,1.667,0.505,-1.018,-1.59
2016-11-26T18:30:00Z,-2.744,1.667,0.505,-1.018,-1.59
2016-11-26T18:45:00Z,-2.744,1.667,0.505,-1.018,-1.59
2016-11-26T19:00:00Z,-2.312,2.015,0.269,-1.015,-1.044
2016-11-26T19:15:00Z,-2.312,2.015,0.269,-1.015,-1.044
2016-11-26T19:30:00Z,-2.312,2.015,0.269,-1.015,-1.044
2016-11-26T19:45:00Z,-2.312,2.015,0.269,-1.015,-1.044
2016-11-26T20:00:00Z,-2.332,1.715,0.499,-1.017,-1.135
2016-11-26T20:15:00Z,-2.332,1.715,0.499,-1.017,-1.135
2016-11-26T20:30:00Z,-2.332,1.715,0.499,-1.017,-1.135
2016-11-26T20:45:00Z,-2.332,1.715,0.499,-1.017,-1.135
2016-11-26T21:00:00Z,-3.041,1.7,0.505,-1.031,-1.867
2016-11-26T21:15:00Z,-3.041,1.7,0.505,-1.031,-1.867
2016-11-26T21:30:00Z,-3.041,1.7,0.505,-1.031,-1.867
2016-11-26T21:45:00Z,-3.041,1.7,0.505,-1.031,-1.867
2016-11-26T22:00:00Z,-3.366,1.993,0.504,-1.042,-1.91
2016-11-26T22:15:00Z,-3.366,1.993,0.504,-1.042,-1.91
2016-11-26T22:30:00Z,-3.366,1.993,0.504,-1.042,-1.91
2016-11-26T22:45:00Z,-3.366,1.993,0.504,-1.042,-1.91
2016-11-26T23:00:00Z,-3.174,2.535,0.454,-1.018,-1.202
2016-11-26T23:15:00Z,-3.174,2.535,0.454,-1.018,-1.202
2016-11-26T23:30:00Z,-3.174,2.535,0.454,-1.018,-1.202
2016-11-26T23:45:00Z,-3.174,2.535,0.454,-1.018,-1.202
2016-11-27T00:00:00Z,-2.95,2.636,0.501,-1.032,-0.845
2016-11-27T00:15:00Z,-2.95,2.636,0.501,-1.032,-0.845
2016-11-27T00:30:00Z,-2.95,2.636,0.501,-1.032,-0.845
2016-11-27T00:45:00Z,-2.95,2.636,0.501,-1.032,-0.845
2016-11-27T01:00:00Z,-2.748,2.547,0.372,-1.031,-0.861
2016-11-27T01:15:00Z,-2.748,2.547,0.372,-1.031,-0.861
2016-11-27T01:30:00Z,-2.748,2.547,0.372,-1.031,-0.861
2016-11-27T01:45:00Z,-2.748,2.547,0.372,-1.031,-0.861
2016-11-27T02:00:00Z,-2.503,3.146,-0.185,-1.024,-0.566
2016-11-27T02:15:00Z,-2.503,3.146,-0.185,-1.024,-0.566
2016-11-27T02:30:00Z,-2.503,3.146,-0.185,-1.024,-0.566
2016-11-27T02:45:00Z,-2.503,3.146,-0.185,-1.024,-0.566
2016-11-27T03:00:00Z,-2.221,3.23,-0.535,-1.024,-0.55
2016-11-27T03:15:00Z,-2.221,3.23,-0.535,-1.024,-0.55
2016-11-27T03:30:00Z,-2.221,3.23,-0.535,-1.024,-0.55
2016-11-27T03:45:00Z,-2.221,3.23,-0.535,-1.024,-0.55
2016-11-27T04:00:00Z,-2.037,3.168,-0.612,-1.024,-0.505
2016-11-27T04:15:00Z,-2.037,3.168,-0.612,-1.024,-0.505
2016-11-27T04:30:00Z,-2.037,3.168,-0.612,-1.024,-0.505
2016-11-27T04:45:00Z,-2.037,3.168,-0.612,-1.024,-0.505
2016-11-27T05:00:00Z,-2.686,2.61,-0.014,-0.806,-0.896
2016-11-27T05:15:00Z,-2.686,2.61,-0.014,-0.806,-0.896
2016-11-27T05:30:00Z,-2.686,2.61,-0.014,-0.806,-0.896
2016-11-27T05:45:00Z,-2.686,2.61,-0.014,-0.806,-0.896
2016-11-27T06:00:00Z,-2.817,2.046,0.486,-1.024,-1.309
2016-11-27T06:15:00Z,-2.817,2.046,0.486,-1.024,-1.309
2016-11-27T06:30:00Z,-2.817,2.046,0.486,-1.024,-1.309
2016-11-27T06:45:00Z,-2.817,2.046,0.486,-1.024,-1.309
2016-11-27T07:00:00Z,-2.626,1.77,0.505,-1.024,-1.376
2016-11-27T07:15:00Z,-2.626,1.77,0.505,-1.024,-1.376
2016-11-27T07:30:00Z,-2.626,1.77,0.505,-1.024,-1.376
2016-11-27T07:45:00Z,-2.626,1.77,0.505,-1.024,-1.376
2016-11-27T08:00:00Z,-2.746,1.702,0.505,-1.024,-1.564
2016-11-27T08:15:00Z,-2.746,1.702,0.505,-1.024,-1.564
2016-11-27T08:30:00Z,-2.746,1.702,0.505,-1.024,-1.564
2016-11-27T08:45:00Z,-2.746,1.702,0.505,-1.024,-1.564
2016-11-27T09:00:00Z,-2.727,1.918,0.505,-1.023,-1.326
2016-11-27T09:15:00Z,-2.727,1.918,0.505,-1.023,-1.326
2016-11-27T09:30:00Z,-2.727,1.918,0.505,-1.023,-1.326
2016-11-27T09:45:00Z,-2.727,1.918,0.505,-1.023,-1.326
2016-11-27T10:00:00Z,-2.703,1.972,0.505,-1.023,-1.249
2016-11-27T10:15:00Z,-2.703,1.972,0.505,-1.023,-1.249
2016-11-27T10:30:00Z,-2.703,1.972,0.505,-1.023,-1.249
2016-11-27T10:45:00Z,-2.703,1.972,0.505,-1.023,-1.249
2016-11-27T11:00:00Z,-2.853,2.336,0.505,-1.023,-1.035
2016-11-27T11:15:00Z,-2.853,2.336,0.505,-1.023,-1.035
2016-11-27T11:30:00Z,-2.853,2.336,0.505,-1.023,-1.035
2016-11-27T11:45:00Z,-2.853,2.336,0.505,-1.023,-1.035
2016-11-27T12:00:00Z,-2.132,1.836,0.505,-1.027,-0.818
2016-11-27T12:15:00Z,-2.132,1.836,0.505,-1.027,-0.818
2016-11-27T12:30:00Z,-2.132,1.836,0.505,-1.027,-0.818
2016-11-27T12:45:00Z,-2.132,1.836,0.505,-1.027,-0.818
2016-11-27T13:00:00Z,-1.993,1.893,0.502,-1.006,-0.604
2016-11-27T13:15:00Z,-1.993,1.893,0.502,-1.006,-0.604
2016-11-27T13:30:00Z,-1.993,1.893,0.502,-1.006,-0.604
2016-11-27T13:45:00Z,-1.993,1.893,0.502,-1.006,-0.604
2016-11-27T14:00:00Z,-1.708,1.406,0.388,-1.008,-0.922
2016-11-27T14:15:00Z,-1.708,1.406,0.388,-1.008,-0.922
2016-11-27T14:30:00Z,-1.708,1.406,0.388,-1.008,-0.922
2016-11-27T14:45:00Z,-1.708,1.406,0.388,-1.008,-0.922
2016-11-27T15:00:00Z,-1.664,1.447,0.502,-1.031,-0.746
2016-11-27T15:15:00Z,-1.664,1.447,0.502,-1.031,-0.746
2016-11-27T15:30:00Z,-1.664,1.447,0.502,-1.031,-0.746
2016-11-27T15:45:00Z,-1.664,1.447,0.502,-1.031,-0.746
2016-11-27T16:00:00Z,-2.093,1.999,0.505,-1.033,-0.622
2016-11-27T16:15:00Z,-2.093,1.999,0.505,-1.033,-0.622
2016-11-27T16:30:00Z,-2.093,1.999,0.505,-1.033,-0.622
2016-11-27T16:45:00Z,-2.093,1.999,0.505,-1.033,-0.622
2016-11-27T17:00:00Z,-2.695,1.745,0.505,-1.034,-1.48
2016-11-27T17:15:00Z,-2.695,1.745,0.505,-1.034,-1.48
2016-11-27T17:30:00Z,-2.695,1.745,0.505,-1.034,-1.48
2016-11-27T17:45:00Z,-2.695,1.745,0.505,-1.034,-1.48
2016-11-27T18:00:00Z,-2.898,1.582,0.505,-1.02,-1.831
2016-11-27T18:15:00Z,-2.898,1.582,0.505,-1.02,-1.831
2016-11-27T18:30:00Z,-2.898,1.582,0.505,-1.02,-1.831
2016-11-27T18:45:00Z,-2.898,1.582,0.505,-1.02,-1.831
2016-11-27T19:00:00Z,-2.982,1.464,0.503,-1.012,-2.027
2016-11-27T19:15:00Z,-2.982,1.464,0.503,-1.012,-2.027
2016-11-27T19:30:00Z,-2.982,1.464,0.503,-1.012,-2.027
2016-11-27T19:45:00Z,-2.982,1.464,0.503,-1.012,-2.027
2016-11-27T20:00:00Z,-2.636,1.024,0.449,-1.041,-2.203
2016-11-27T20:15:00Z,-2.636,1.024,0.449,-1.041,-2.203
2016-11-27T20:30:00Z,-2.636,1.024,0.449,-1.041,-2.203
2016-11-27T20:45:00Z,-2.636,1.024,0.449,-1.041,-2.203
2016-11-27T21:00:00Z,-2.891,1.506,0.502,-1.024,-1.908
2016-11-27T21:15:00Z,-2.891,1.506,0.502,-1.024,-1.908
2016-11-27T21:30:00Z,-2.891,1.506,0.502,-1.024,-1.908
2016-11-27T21:45:00Z,-2.891,1.506,0.502,-1.024,-1.908
2016-11-27T22:00:00Z,-2.872,1.817,0.382,-1.023,-1.696
2016-11-27T22:15:00Z,-2.872,1.817,0.382,-1.023,-1.696
2016-11-27T22:30:00Z,-2.872,1.817,0.382,-1.023,-1.696
2016-11-27T22:45:00Z,-2.872,1.817,0.382,-1.023,-1.696
2016-11-27T23:00:00Z,-1.82,2.916,-0.169,-1.023,-0.096
2016-11-27T23:15:00Z,-1.82,2.916,-0.169,-1.023,-0.096
2016-11-27T23:30:00Z,-1.82,2.916,-0.169,-1.023,-0.096
2016-11-27T23:45:00Z,-1.82,2.916,-0.169,-1.023,-0.096
2016-11-28T00:00:00Z,-1.651,3.818,-0.709,-1.023,0.435
2016-11-28T00:15:00Z,-1.651,3.818,-0.709,-1.023,0.435
2016-11-28T00:30:00Z,-1.651,3.818,-0.709,-1.023,0.435
2016-11-28T00:45:00Z,-1.651,3.818,-0.709,-1.023,0.435
2016-11-28T01:00:00Z,-1.02,3.615,-0.731,-1.023,0.841
2016-11-28T01:15:00Z,-1.02,3.615,-0.731,-1.023,0.841
2016-11-28T01:30:00Z,-1.02,3.615,-0.731,-1.023,0.841
2016-11-28T01:45:00Z,-1.02,3.615,-0.731,-1.023,0.841
2016-11-28T02:00:00Z,-0.99,3.484,-0.731,-1.023,0.74
2016-11-28T02:15:00Z,-0.99,3.484,-0.731,-1.023,0.74
2016-11-28T02:30:00Z,-0.99,3.484,-0.731,-1.023,0.74
2016-11-28T02:45:00Z,-0.99,3.484,-0.731,-1.023,0.74
2016-11-28T03:00:00Z,-0.917,3.093,-0.725,-1.023,0.428
2016-11-28T03:15:00Z,-0.917,3.093,-0.725,-1.023,0.428
2016-11-28T03:30:00Z,-0.917,3.093,-0.725,-1.023,0.428
2016-11-28T03:45:00Z,-0.917,3.093,-0.725,-1.023,0.428
2016-11-28T04:00:00Z,-1.188,2.368,-0.402,-1.023,-0.245
2016-11-28T04:15:00Z,-1.188,2.368,-0.402,-1.023,-0.245
2016-11-28T04:30:00Z,-1.188,2.368,-0.402,-1.023,-0.245
2016-11-28T04:45:00Z,-1.188,2.368,-0.402,-1.023,-0.245
2016-11-28T05:00:00Z,-1.183,0.757,0.176,-1.024,-1.273
2016-11-28T05:15:00Z,-1.183,0.757,0.176,-1.024,-1.273
2016-11-28T05:30:00Z,-1.183,0.757,0.176,-1.024,-1.273
2016-11-28T05:45:00Z,-1.183,0.757,0.176,-1.024,-1.273
2016-11-28T06:00:00Z,-1.515,1.183,0.498,-1.023,-0.856
2016-11-28T06:15:00Z,-1.515,1.183,0.498,-1.023,-0.856
2016-11-28T06:30:00Z,-1.515,1.183,0.498,-1.023,-0.856
2016-11-28T06:45:00Z,-1.515,1.183,0.498,-1.023,-0.856
2016-11-28T07:00:00Z,-1.294,1.564,0.505,-1.023,-0.248
2016-11-28T07:15:00Z,-1.294,1.564,0.505,-1.023,-0.248
2016-11-28T07:30:00Z,-1.294,1.564,0.505,-1.023,-0.248
2016-11-28T07:45:00Z,-1.294,1.564,0.505,-1.023,-0.248
2016-11-28T08:00:00Z,-1.593,2.05,0.505,-1.023,-0.062
2016-11-28T08:15:00Z,-1.593,2.05,0.505,-1.023,-0.062
2016-11-28T08:30:00Z,-1.593,2.05,0.505,-1.023,-0.062
2016-11-28T08:45:00Z,-1.593,2.05,0.505,-1.023,-0.062
2016-11-28T09:00:00Z,-1.424,1.936,0.505,-1.023,-0.006
2016-11-28T09:15:00Z,-1.424,1.936,0.505,-1.023,-0.006
2016-11-28T09:30:00Z,-1.424,1.936,0.505,-1.023,-0.006
2016-11-28T09:45:00Z,-1.424,1.936,0.505,-1.023,-0.006
2016-11-28T10:00:00Z,-1.714,2.037,0.505,-1.023,-0.195
2016-11-28T10:15:00Z,-1.714,2.037,0.505,-1.023,-0.195
2016-11-28T10:30:00Z,-1.714,2.037,0.505,-1.023,-0.195
2016-11-28T10:45:00Z,-1.714,2.037,0.505,-1.023,-0.195
2016-11-28T11:00:00Z,-1.251,1.545,0.381,-1.023,-0.348
2016-11-28T11:15:00Z,-1.251,1.545,0.381,-1.023,-0.348
2016-11-28T11:30:00Z,-1.251,1.545,0.381,-1.023,-0.348
2016-11-28T11:45:00Z,-1.251,1.545,0.381,-1.023,-0.348
2016-11-28T12:00:00Z,-1.148,1.248,0.502,-1.023,-0.422
2016-11-28T12:15:00Z,-1.148,1.248,0.502,-1.023,-0.422
2016-11-28T12:30:00Z,-1.148,1.248,0.502,-1.023,-0.422
2016-11-28T12:45:00Z,-1.148,1.248,0.502,-1.023,-0.422
2016-11-28T13:00:00Z,-0.804,0.75,0.505,-1.023,-0.572
2016-11-28T13:15:00Z,-0.804,0.75,0.505,-1.023,-0.572
2016-11-28T13:30:00Z,-0.804,0.75,0.505,-1.023,-0.572
2016-11-28T13:45:00Z,-0.804,0.75,0.505,-1.023,-0.572
2016-11-28T14:00:00Z,-0.701,0.717,0.505,-0.863,-0.342
2016-11-28T14:15:00Z,-0.701,0.717,0.505,-0.863,-0.342
2016-11-28T14:30:00Z,-0.701,0.717,0.505,-0.863,-0.342
2016-11-28T14:45:00Z,-0.701,0.717,0.505,-0.863,-0.342
2016-11-28T15:00:00Z,-0.568,0.984,0.505,-0.93,-0.009
2016-11-28T15:15:00Z,-0.568,0.984,0.505,-0.93,-0.009
2016-11-28T15:30:00Z,-0.568,0.984,0.505,-0.93,-0.009
2016-11-28T15:45:00Z,-0.568,0.984,0.505,-0.93,-0.009
2016-11-28T16:00:00Z,-1.016,1.934,0.505,-1.023,0.4
2016-11-28T16:15:00Z,-1.016,1.934,0.505,-1.023,0.4
2016-11-28T16:30:00Z,-1.016,1.934,0.505,-1.023,0.4
2016-11-28T16:45:00Z,-1.016,1.934,0.505,-1.023,0.4
2016-11-28T17:00:00Z,-1.564,1.786,0.505,-1.023,-0.295
2016-11-28T17:15:00Z,-1.564,1.786,0.505,-1.023,-0.295
2016-11-28T17:30:00Z,-1.564,1.786,0.505,-1.023,-0.295
2016-11-28T17:45:00Z,-1.564,1.786,0.505,-1.023,-0.295
2016-11-28T18:00:00Z,-1.83,1.779,0.505,-1.023,-0.569
2016-11-28T18:15:00Z,-1.83,1.779,0.505,-1.023,-0.569
2016-11-28T18:30:00Z,-1.83,1.779,0.505,-1.023,-0.569
2016-11-28T18:45:00Z,-1.83,1.779,0.505,-1.023,-0.569
2016-11-28T19:00:00Z,-1.925,1.414,0.505,-1.023,-1.029
2016-11-28T19:15:00Z,-1.925,1.414,0.505,-1.023,-1.029
2016-11-28T19:30:00Z,-1.925,1.414,0.505,-1.023,-1.029
2016-11-28T19:45:00Z,-1.925,1.414,0.505,-1.023,-1.029
2016-11-28T20:00:00Z,-1.399,0.813,0.505,-1.019,-1.1
2016-11-28T20:15:00Z,-1.399,0.813,0.505,-1.019,-1.1
2016-11-28T20:30:00Z,-1.399,0.813,0.505,-1.019,-1.1
2016-11-28T20:45:00Z,-1.399,0.813,0.505,-1.019,-1.1
2016-11-28T21:00:00Z,-1.543,0.948,0.505,-1.029,-1.119
2016-11-28T21:15:00Z,-1.543,0.948,0.505,-1.029,-1.119
2016-11-28T21:30:00Z,-1.543,0.948,0.505,-1.029,-1.119
2016-11-28T21:45:00Z,-1.543,0.948,0.505,-1.029,-1.119
2016-11-28T22:00:00Z,-2.373,1.721,0.248,-1.011,-1.415
2016-11-28T22:15:00Z,-2.373,1.721,0.248,-1.011,-1.415
2016-11-28T22:30:00Z,-2.373,1.721,0.248,-1.011,-1.415
2016-11-28T22:45:00Z,-2.373,1.721,0.248,-1.011,-1.415
2016-11-28T23:00:00Z,-3.22,1.869,0.4,-1.028,-1.979
2016-11-28T23:15:00Z,-3.22,1.869,0.4,-1.028,-1.979
2016-11-28T23:30:00Z,-3.22,1.869,0.4,-1.028,-1.979
2016-11-28T23:45:00Z,-3.22,1.869,0.4,-1.028,-1.979
2016-11-29T00:00:00Z,-3.434,1.627,0.419,-1.031,-2.419
2016-11-29T00:15:00Z,-3.434,1.627,0.419,-1.031,-2.419
2016-11-29T00:30:00Z,-3.434,1.627,0.419,-1.031,-2.419
2016-11-29T00:45:00Z,-3.434,1.627,0.419,-1.031,-2.419
2016-11-29T01:00:00Z,-3.439,1.675,0.309,-1.024,-2.479
2016-11-29T01:15:00Z,-3.439,1.675,0.309,-1.024,-2.479
2016-11-29T01:30:00Z,-3.439,1.675,0.309,-1.024,-2.479
2016-11-29T01:45:00Z,-3.439,1.675,0.309,-1.024,-2.479
2016-11-29T02:00:00Z,-3.083,1.34,0.302,-1.024,-2.466
2016-11-29T02:15:00Z,-3.083,1.34,0.302,-1.024,-2.466
2016-11-29T02:30:00Z,-3.083,1.34,0.302,-1.024,-2.466
2016-11-29T02:45:00Z,-3.083,1.34,0.302,-1.024,-2.466
2016-11-29T03:00:00Z,-2.797,1.165,0.362,-1.023,-2.293
2016-11-29T03:15:00Z,-2.797,1.165,0.362,-1.023,-2.293
2016-11-29T03:30:00Z,-2.797,1.165,0.362,-1.023,-2.293
2016-11-29T03:45:00Z,-2.797,1.165,0.362,-1.023,-2.293
2016-11-29T04:00:00Z,-2.984,1.531,0.174,-1.023,-2.302
2016-11-29T04:15:00Z,-2.984,1.531,0.174,-1.023,-2.302
2016-11-29T04:30:00Z,-2.984,1.531,0.174,-1.023,-2.302
2016-11-29T04:45:00Z,-2.984,1.531,0.174,-1.023,-2.302
2016-11-29T05:00:00Z,-2.843,1.836,0.017,-1.023,-2.013
2016-11-29T05:15:00Z,-2.843,1.836,0.017,-1.023,-2.013
2016-11-29T05:30:00Z,-2.843,1.836,0.017,-1.023,-2.013
2016-11-29T05:45:00Z,-2.843,1.836,0.017,-1.023,-2.013
2016-11-29T06:00:00Z,-3.019,2.649,0.45,-0.897,-0.817
2016-11-29T06:15:00Z,-3.019,2.649,0.45,-0.897,-0.817
2016-11-29T06:30:00Z,-3.019,2.649,0.45,-0.897,-0.817
2016-11-29T06:45:00Z,-3.019,2.649,0.45,-0.897,-0.817
2016-11-29T07:00:00Z,-2.988,2.656,0.504,-0.588,-0.416
2016-11-29T07:15:00Z,-2.988,2.656,0.504,-0.588,-0.416
2016-11-29T07:30:00Z,-2.988,2.656,0.504,-0.588,-0.416
2016-11-29T07:45:00Z,-2.988,2.656,0.504,-0.588,-0.416
2016-11-29T08:00:00Z,-2.992,3.344,0.505,-1.022,-0.165
2016-11-29T08:15:00Z,-2.992,3.344,0.505,-1.022,-0.165
2016-11-29T08:30:00Z,-2.992,3.344,0.505,-1.022,-0.165
2016-11-29T08:45:00Z,-2.992,3.344,0.505,-1.022,-0.165
2016-11-29T09:00:00Z,-3.108,3.476,0.505,-1.023,-0.15
2016-11-29T09:15:00Z,-3.108,3.476,0.505,-1.023,-0.15
2016-11-29T09:30:00Z,-3.108,3.476,0.505,-1.023,-0.15
2016-11-29T09:45:00Z,-3.108,3.476,0.505,-1.023,-0.15
2016-11-29T10:00:00Z,-3.054,3.227,0.505,-1.023,-0.345
2016-11-29T10:15:00Z,-3.054,3.227,0.505,-1.023,-0.345
2016-11-29T10:30:00Z,-3.054,3.227,0.505,-1.023,-0.345
2016-11-29T10:45:00Z,-3.054,3.227,0.505,-1.023,-0.345
2016-11-29T11:00:00Z,-2.899,2.828,0.505,-0.995,-0.561
2016-11-29T11:15:00Z,-2.899,2.828,0.505,-0.995,-0.561
2016-11-29T11:30:00Z,-2.899,2.828,0.505,-0.995,-0.561
2016-11-29T11:45:00Z,-2.899,2.828,0.505,-0.995,-0.561
2016-11-29T12:00:00Z,-2.578,2.552,0.505,-1.026,-0.547
2016-11-29T12:15:00Z,-2.578,2.552,0.505,-1.026,-0.547
2016-11-29T12:30:00Z,-2.578,2.552,0.505,-1.026,-0.547
2016-11-29T12:45:00Z,-2.578,2.552,0.505,-1.026,-0.547
2016-11-29T13:00:00Z,-1.996,1.86,0.505,-1.023,-0.655
2016-11-29T13:15:00Z,-1.996,1.86,0.505,-1.023,-0.655
2016-11-29T13:30:00Z,-1.996,1.86,0.505,-1.023,-0.655
2016-11-29T13:45:00Z,-1.996,1.86,0.505,-1.023,-0.655
2016-11-29T14:00:00Z,-1.81,1.847,0.505,-1.023,-0.481
2016-11-29T14:15:00Z,-1.81,1.847,0.505,-1.023,-0.481
2016-11-29T14:30:00Z,-1.81,1.847,0.505,-1.023,-0.481
2016-11-29T14:45:00Z,-1.81,1.847,0.505,-1.023,-0.481
2016-11-29T15:00:00Z,-1.843,2.305,0.505,-1.034,-0.067
2016-11-29T15:15:00Z,-1.843,2.305,0.505,-1.034,-0.067
2016-11-29T15:30:00Z,-1.843,2.305,0.505,-1.034,-0.067
2016-11-29T15:45:00Z,-1.843,2.305,0.505,-1.034,-0.067
2016-11-29T16:00:00Z,-2.424,3.029,0.505,-1.023,0.086
2016-11-29T16:15:00Z,-2.424,3.029,0.505,-1.023,0.086
2016-11-29T16:30:00Z,-2.424,3.029,0.505,-1.023,0.086
2016-11-29T16:45:00Z,-2.424,3.029,0.505,-1.023,0.086
2016-11-29T17:00:00Z,-2.732,2.372,0.505,-1.024,-0.879
2016-11-29T17:15:00Z,-2.732,2.372,0.505,-1.024,-0.879
2016-11-29T17:30:00Z,-2.732,2.372,0.505,-1.024,-0.879
2016-11-29T17:45:00Z,-2.732,2.372,0.505,-1.024,-0.879
2016-11-29T18:00:00Z,-2.993,1.97,0.505,-1.041,-1.559
2016-11-29T18:15:00Z,-2.993,1.97,0.505,-1.041,-1.559
2016-11-29T18:30:00Z,-2.993,1.97,0.505,-1.041,-1.559
2016-11-29T18:45:00Z,-2.993,1.97,0.505,-1.041,-1.559
2016-11-29T19:00:00Z,-3.012,1.607,0.505,-0.923,-1.823
2016-11-29T19:15:00Z,-3.012,1.607,0.505,-0.923,-1.823
2016-11-29T19:30:00Z,-3.012,1.607,0.505,-0.923,-1.823
2016-11-29T19:45:00Z,-3.012,1.607,0.505,-0.923,-1.823
2016-11-29T20:00:00Z,-2.78,1.611,0.505,-1.023,-1.688
2016-11-29T20:15:00Z,-2.78,1.611,0.505,-1.023,-1.688
2016-11-29T20:30:00Z,-2.78,1.611,0.505,-1.023,-1.688
2016-11-29T20:45:00Z,-2.78,1.611,0.505,-1.023,-1.688
2016-11-29T21:00:00Z,-2.661,1.388,0.5,-1.023,-1.797
2016-11-29T21:15:00Z,-2.661,1.388,0.5,-1.023,-1.797
2016-11-29T21:30:00Z,-2.661,1.388,0.5,-1.023,-1.797
2016-11-29T21:45:00Z,-2.661,1.388,0.5,-1.023,-1.797
2016-11-29T22:00:00Z,-2.794,1.89,0.023,-1.023,-1.904
2016-11-29T22:15:00Z,-2.794,1.89,0.023,-1.023,-1.904
2016-11-29T22:30:00Z,-2.794,1.89,0.023,-1.023,-1.904
2016-11-29T22:45:00Z,-2.794,1.89,0.023,-1.023,-1.904
2016-11-29T23:00:00Z,-2.417,1.798,0.255,-1.023,-1.388
2016-11-29T23:15:00Z,-2.417,1.798,0.255,-1.023,-1.388
2016-11-29T23:30:00Z,-2.417,1.798,0.255,-1.023,-1.388
2016-11-29T23:45:00Z,-2.417,1.798,0.255,-1.023,-1.388
2016-11-30T00:00:00Z,-2.253,2.387,0.006,-1.023,-0.883
2016-11-30T00:15:00Z,-2.253,2.387,0.006,-1.023,-0.883
2016-11-30T00:30:00Z,-2.253,2.387,0.006,-1.023,-0.883
2016-11-30T00:45:00Z,-2.253,2.387,0.006,-1.023,-0.883
2016-11-30T01:00:00Z,-2.234,2.033,0.054,-1.024,-1.171
2016-11-30T01:15:00Z,-2.234,2.033,0.054,-1.024,-1.171
2016-11-30T01:30:00Z,-2.234,2.033,0.054,-1.024,-1.171
2016-11-30T01:45:00Z,-2.234,2.033,0.054,-1.024,-1.171
2016-11-30T02:00:00Z,-2.071,1.987,-0.046,-1.023,-1.153
2016-11-30T02:15:00Z,-2.071,1.987,-0.046,-1.023,-1.153
2016-11-30T02:30:00Z,-2.071,1.987,-0.046,-1.023,-1.153
2016-11-30T02:45:00Z,-2.071,1.987,-0.046,-1.023,-1.153
2016-11-30T03:00:00Z,-1.96,1.802,-0.102,-1.024,-1.284
2016-11-30T03:15:00Z,-1.96,1.802,-0.102,-1.024,-1.284
2016-11-30T03:30:00Z,-1.96,1.802,-0.102,-1.024,-1.284
2016-11-30T03:45:00Z,-1.96,1.802,-0.102,-1.024,-1.284
2016-11-30T04:00:00Z,-2.075,2.394,0.047,-1.023,-0.656
2016-11-30T04:15:00Z,-2.075,2.394,0.047,-1.023,-0.656
2016-11-30T04:30:00Z,-2.075,2.394,0.047,-1.023,-0.656
2016-11-30T04:45:00Z,-2.075,2.394,0.047,-1.023,-0.656
2016-11-30T05:00:00Z,-2.524,2.32,0.489,-0.874,-0.59
2016-11-30T05:15:00Z,-2.524,2.32,0.489,-0.874,-0.59
2016-11-30T05:30:00Z,-2.524,2.32,0.489,-0.874,-0.59
2016-11-30T05:45:00Z,-2.524,2.32,0.489,-0.874,-0.59
2016-11-30T06:00:00Z,-2.617,2.642,0.503,-0.67,-0.142
2016-11-30T06:15:00Z,-2.617,2.642,0.503,-0.67,-0.142
2016-11-30T06:30:00Z,-2.617,2.642,0.503,-0.67,-0.142
2016-11-30T06:45:00Z,-2.617,2.642,0.503,-0.67,-0.142
2016-11-30T07:00:00Z,-2.506,2.591,0.407,-0.774,-0.282
2016-11-30T07:15:00Z,-2.506,2.591,0.407,-0.774,-0.282
2016-11-30T07:30:00Z,-2.506,2.591,0.407,-0.774,-0.282
2016-11-30T07:45:00Z,-2.506,2.591,0.407,-0.774,-0.282
2016-11-30T08:00:00Z,-2.413,2.413,0.404,-0.8,-0.397
2016-11-30T08:15:00Z,-2.413,2.413,0.404,-0.8,-0.397
2016-11-30T08:30:00Z,-2.413,2.413,0.404,-0.8,-0.397
2016-11-30T08:45:00Z,-2.413,2.413,0.404,-0.8,-0.397
2016-11-30T09:00:00Z,-2.453,2.338,0.404,-0.643,-0.355
2016-11-30T09:15:00Z,-2.453,2.338,0.404,-0.643,-0.355
2016-11-30T09:30:00Z,-2.453,2.338,0.404,-0.643,-0.355
2016-11-30T09:45:00Z,-2.453,2.338,0.404,-0.643,-0.355
2016-11-30T10:00:00Z,-2.476,2.544,0.404,-0.708,-0.236
2016-11-30T10:15:00Z,-2.476,2.544,0.404,-0.708,-0.236
2016-11-30T10:30:00Z,-2.476,2.544,0.404,-0.708,-0.236
2016-11-30T10:45:00Z,-2.476,2.544,0.404,-0.708,-0.236
2016-11-30T11:00:00Z,-2.448,2.042,0.404,-0.718,-0.72
2016-11-30T11:15:00Z,-2.448,2.042,0.404,-0.718,-0.72
2016-11-30T11:30:00Z,-2.448,2.042,0.404,-0.718,-0.72
2016-11-30T11:45:00Z,-2.448,2.042,0.404,-0.718,-0.72
2016-11-30T12:00:00Z,-2.342,1.786,0.404,-0.665,-0.817
2016-11-30T12:15:00Z,-2.342,1.786,0.404,-0.665,-0.817
2016-11-30T12:30:00Z,-2.342,1.786,0.404,-0.665,-0.817
2016-11-30T12:45:00Z,-2.342,1.786,0.404,-0.665,-0.817
2016-11-30T13:00:00Z,-2.325,1.198,0.404,-0.25,-0.973
2016-11-30T13:15:00Z,-2.325,1.198,0.404,-0.25,-0.973
2016-11-30T13:30:00Z,-2.325,1.198,0.404,-0.25,-0.973
2016-11-30T13:45:00Z,-2.325,1.198,0.404,-0.25,-0.973
2016-11-30T14:00:00Z,-1.959,1.397,0.404,-0.589,-0.748
2016-11-30T14:15:00Z,-1.959,1.397,0.404,-0.589,-0.748
2016-11-30T14:30:00Z,-1.959,1.397,0.404,-0.589,-0.748
2016-11-30T14:45:00Z,-1.959,1.397,0.404,-0.589,-0.748
2016-11-30T15:00:00Z,-2.302,1.774,0.404,-0.489,-0.612
2016-11-30T15:15:00Z,-2.302,1.774,0.404,-0.489,-0.612
2016-11-30T15:30:00Z,-2.302,1.774,0.404,-0.489,-0.612
2016-11-30T15:45:00Z,-2.302,1.774,0.404,-0.489,-0.612
2016-11-30T16:00:00Z,-2.71,2.542,0.404,-0.617,-0.381
2016-11-30T16:15:00Z,-2.71,2.542,0.404,-0.617,-0.381
2016-11-30T16:30:00Z,-2.71,2.542,0.404,-0.617,-0.381
2016-11-30T16:45:00Z,-2.71,2.542,0.404,-0.617,-0.381
2016-11-30T17:00:00Z,-2.977,2.285,0.404,-0.619,-0.907
2016-11-30T17:15:00Z,-2.977,2.285,0.404,-0.619,-0.907
2016-11-30T17:30:00Z,-2.977,2.285,0.404,-0.619,-0.907
2016-11-30T17:45:00Z,-2.977,2.285,0.404,-0.619,-0.907
2016-11-30T18:00:00Z,-2.943,1.882,0.404,-0.819,-1.476
2016-11-30T18:15:00Z,-2.943,1.882,0.404,-0.819,-1.476
2016-11-30T18:30:00Z,-2.943,1.882,0.404,-0.819,-1.476
2016-11-30T18:45:00Z,-2.943,1.882,0.404,-0.819,-1.476
2016-11-30T19:00:00Z,-2.834,1.962,0.404,-0.72,-1.187
2016-11-30T19:15:00Z,-2.834,1.962,0.404,-0.72,-1.187
2016-11-30T19:30:00Z,-2.834,1.962,0.404,-0.72,-1.187
2016-11-30T19:45:00Z,-2.834,1.962,0.404,-0.72,-1.187
2016-11-30T20:00:00Z,-2.091,1.832,0.398,-0.719,-0.58
2016-11-30T20:15:00Z,-2.091,1.832,0.398,-0.719,-0.58
2016-11-30T20:30:00Z,-2.091,1.832,0.398,-0.719,-0.58
2016-11-30T20:45:00Z,-2.091,1.832,0.398,-0.719,-0.58
2016-11-30T21:00:00Z,-2.221,2.138,0.12,-0.588,-0.552
2016-11-30T21:15:00Z,-2.221,2.138,0.12,-0.588,-0.552
2016-11-30T21:30:00Z,-2.221,2.138,0.12,-0.588,-0.552
2016-11-30T21:45:00Z,-2.221,2.138,0.12,-0.588,-0.552
2016-11-30T22:00:00Z,-2.014,2.245,-0.238,-0.871,-0.879
2016-11-30T22:15:00Z,-2.014,2.245,-0.238,-0.871,-0.879
2016-11-30T22:30:00Z,-2.014,2.245,-0.238,-0.871,-0.879
2016-11-30T22:45:00Z,-2.014,2.245,-0.238,-0.871,-0.879
2016-11-30T23:00:00Z,-2.126,2.257,-0.007,-1.023,-0.899
2016-11-30T23:15:00Z,-2.126,2.257,-0.007,-1.023,-0.899
2016-11-30T23:30:00Z,-2.126,2.257,-0.007,-1.023,-0.899
2016-11-30T23:45:00Z,-2.126,2.257,-0.007,-1.023,-0.899
