tijdstip_utc,belgium,germany,norway,united_kingdom,sum
2017-03-01T00:00:00Z,-2.222,3.494,0.703,-1.028,0.947
2017-03-01T00:15:00Z,-2.222,3.494,0.703,-1.028,0.947
2017-03-01T00:30:00Z,-2.222,3.494,0.703,-1.028,0.947
2017-03-01T00:45:00Z,-2.222,3.494,0.703,-1.028,0.947
2017-03-01T01:00:00Z,-1.905,3.516,0.162,-1.01,0.763
2017-03-01T01:15:00Z,-1.905,3.516,0.162,-1.01,0.763
2017-03-01T01:30:00Z,-1.905,3.516,0.162,-1.01,0.763
2017-03-01T01:45:00Z,-1.905,3.516,0.162,-1.01,0.763
2017-03-01T02:00:00Z,-1.539,2.937,0.408,-1.023,0.784
2017-03-01T02:15:00Z,-1.539,2.937,0.408,-1.023,0.784
2017-03-01T02:30:00Z,-1.539,2.937,0.408,-1.023,0.784
2017-03-01T02:45:00Z,-1.539,2.937,0.408,-1.023,0.784
2017-03-01T03:00:00Z,-1.44,2.995,0.06,-1.023,0.592
2017-03-01T03:15:00Z,-1.44,2.995,0.06,-1.023,0.592
2017-03-01T03:30:00Z,-1.44,2.995,0.06,-1.023,0.592
2017-03-01T03:45:00Z,-1.44,2.995,0.06,-1.023,0.592
2017-03-01T04:00:00Z,-1.244,2.758,0.154,-1.023,0.645
2017-03-01T04:15:00Z,-1.244,2.758,0.154,-1.023,0.645
2017-03-01T04:30:00Z,-1.244,2.758,0.154,-1.023,0.645
2017-03-01T04:45:00Z,-1.244,2.758,0.154,-1.023,0.645
2017-03-01T05:00:00Z,-1.061,2.381,0.68,-1.023,0.977
2017-03-01T05:15:00Z,-1.061,2.381,0.68,-1.023,0.977
2017-03-01T05:30:00Z,-1.061,2.381,0.68,-1.023,0.977
2017-03-01T05:45:00Z,-1.061,2.381,0.68,-1.023,0.977
2017-03-01T06:00:00Z,-1.47,2.263,0.703,-1.037,0.459
2017-03-01T06:15:00Z,-1.47,2.263,0.703,-1.037,0.459
2017-03-01T06:30:00Z,-1.47,2.263,0.703,-1.037,0.459
2017-03-01T06:45:00Z,-1.47,2.263,0.703,-1.037,0.459
2017-03-01T07:00:00Z,-1.098,1.959,0.703,-1.036,0.529
2017-03-01T07:15:00Z,-1.098,1.959,0.703,-1.036,0.529
2017-03-01T07:30:00Z,-1.098,1.959,0.703,-1.036,0.529
2017-03-01T07:45:00Z,-1.098,1.959,0.703,-1.036,0.529
2017-03-01T08:00:00Z,-1.226,2.301,0.703,-1.022,0.756
2017-03-01T08:15:00Z,-1.226,2.301,0.703,-1.022,0.756
2017-03-01T08:30:00Z,-1.226,2.301,0.703,-1.022,0.756
2017-03-01T08:45:00Z,-1.226,2.301,0.703,-1.022,0.756
2017-03-01T09:00:00Z,-1.368,2.191,0.703,-1.01,0.516
2017-03-01T09:15:00Z,-1.368,2.191,0.703,-1.01,0.516
2017-03-01T09:30:00Z,-1.368,2.191,0.703,-1.01,0.516
2017-03-01T09:45:00Z,-1.368,2.191,0.703,-1.01,0.516
2017-03-01T10:00:00Z,-1.593,2.176,0.703,-1.022,0.264
2017-03-01T10:15:00Z,-1.593,2.176,0.703,-1.022,0.264
2017-03-01T10:30:00Z,-1.593,2.176,0.703,-1.022,0.264
2017-03-01T10:45:00Z,-1.593,2.176,0.703,-1.022,0.264
2017-03-01T11:00:00Z,-1.726,2.321,0.703,-1.022,0.276
2017-03-01T11:15:00Z,-1.726,2.321,0.703,-1.022,0.276
2017-03-01T11:30:00Z,-1.726,2.321,0.703,-1.022,0.276
2017-03-01T11:45:00Z,-1.726,2.321,0.703,-1.022,0.276
2017-03-01T12:00:00Z,-1.864,2.502,0.703,-1.022,0.319
2017-03-01T12:15:00Z,-1.864,2.502,0.703,-1.022,0.319
2017-03-01T12:30:00Z,-1.864,2.502,0.703,-1.022,0.319
2017-03-01T12:45:00Z,-1.864,2.502,0.703,-1.022,0.319
2017-03-01T13:00:00Z,-1.573,2.237,0.703,-1.023,0.344
2017-03-01T13:15:00Z,-1.573,2.237,0.703,-1.023,0.344
2017-03-01T13:30:00Z,-1.573,2.237,0.703,-1.023,0.344
2017-03-01T13:45:00Z,-1.573,2.237,0.703,-1.023,0.344
2017-03-01T14:00:00Z,-1.424,2.014,0.703,-1.014,0.279
2017-03-01T14:15:00Z,-1.424,2.014,0.703,-1.014,0.279
2017-03-01T14:30:00Z,-1.424,2.014,0.703,-1.014,0.279
2017-03-01T14:45:00Z,-1.424,2.014,0.703,-1.014,0.279
2017-03-01T15:00:00Z,-1.239,1.947,0.703,-1.022,0.389
2017-03-01T15:15:00Z,-1.239,1.947,0.703,-1.022,0.389
2017-03-01T15:30:00Z,-1.239,1.947,0.703,-1.022,0.389
2017-03-01T15:45:00Z,-1.239,1.947,0.703,-1.022,0.389
2017-03-01T16:00:00Z,-0.738,1.454,0.704,-1.023,0.397
2017-03-01T16:15:00Z,-0.738,1.454,0.704,-1.023,0.397
2017-03-01T16:30:00Z,-0.738,1.454,0.704,-1.023,0.397
2017-03-01T16:45:00Z,-0.738,1.454,0.704,-1.023,0.397
2017-03-01T17:00:00Z,-0.658,0.839,0.704,-1.023,-0.138
2017-03-01T17:15:00Z,-0.658,0.839,0.704,-1.023,-0.138
2017-03-01T17:30:00Z,-0.658,0.839,0.704,-1.023,-0.138
2017-03-01T17:45:00Z,-0.658,0.839,0.704,-1.023,-0.138
2017-03-01T18:00:00Z,-0.893,1.198,0.703,-1.023,-0.015
2017-03-01T18:15:00Z,-0.893,1.198,0.703,-1.023,-0.015
2017-03-01T18:30:00Z,-0.893,1.198,0.703,-1.023,-0.015
2017-03-01T18:45:00Z,-0.893,1.198,0.703,-1.023,-0.015
2017-03-01T19:00:00Z,-0.955,1.41,0.703,-1.023,0.136
2017-03-01T19:15:00Z,-0.955,1.41,0.703,-1.023,0.136
2017-03-01T19:30:00Z,-0.955,1.41,0.703,-1.023,0.136
2017-03-01T19:45:00Z,-0.955,1.41,0.703,-1.023,0.136
2017-03-01T20:00:00Z,-0.618,1.512,0.703,-1.023,0.573
2017-03-01T20:15:00Z,-0.618,1.512,0.703,-1.023,0.573
2017-03-01T20:30:00Z,-0.618,1.512,0.703,-1.023,0.573
2017-03-01T20:45:00Z,-0.618,1.512,0.703,-1.023,0.573
2017-03-01T21:00:00Z,-0.632,2.311,0.704,-1.023,1.36
2017-03-01T21:15:00Z,-0.632,2.311,0.704,-1.023,1.36
2017-03-01T21:30:00Z,-0.632,2.311,0.704,-1.023,1.36
2017-03-01T21:45:00Z,-0.632,2.311,0.704,-1.023,1.36
2017-03-01T22:00:00Z,-0.539,2.28,0.694,-1.023,1.412
2017-03-01T22:15:00Z,-0.539,2.28,0.694,-1.023,1.412
2017-03-01T22:30:00Z,-0.539,2.28,0.694,-1.023,1.412
2017-03-01T22:45:00Z,-0.539,2.28,0.694,-1.023,1.412
2017-03-01T23:00:00Z,-0.984,3.017,0.319,-0.974,1.379
2017-03-01T23:15:00Z,-0.984,3.017,0.319,-0.974,1.379
2017-03-01T23:30:00Z,-0.984,3.017,0.319,-0.974,1.379
2017-03-01T23:45:00Z,-0.984,3.017,0.319,-0.974,1.379
2017-03-02T00:00:00Z,-1.075,3.105,-0.017,-0.973,1.041
2017-03-02T00:15:00Z,-1.075,3.105,-0.017,-0.973,1.041
2017-03-02T00:30:00Z,-1.075,3.105,-0.017,-0.973,1.041
2017-03-02T00:45:00Z,-1.075,3.105,-0.017,-0.973,1.041
2017-03-02T01:00:00Z,-0.261,2.929,-0.597,-0.973,1.098
2017-03-02T01:15:00Z,-0.261,2.929,-0.597,-0.973,1.098
2017-03-02T01:30:00Z,-0.261,2.929,-0.597,-0.973,1.098
2017-03-02T01:45:00Z,-0.261,2.929,-0.597,-0.973,1.098
2017-03-02T02:00:00Z,0.07,2.63,-0.728,-0.973,0.999
2017-03-02T02:15:00Z,0.07,2.63,-0.728,-0.973,0.999
2017-03-02T02:30:00Z,0.07,2.63,-0.728,-0.973,0.999
2017-03-02T02:45:00Z,0.07,2.63,-0.728,-0.973,0.999
2017-03-02T03:00:00Z,0.232,1.569,-0.674,-0.973,0.154
2017-03-02T03:15:00Z,0.232,1.569,-0.674,-0.973,0.154
2017-03-02T03:30:00Z,0.232,1.569,-0.674,-0.973,0.154
2017-03-02T03:45:00Z,0.232,1.569,-0.674,-0.973,0.154
2017-03-02T04:00:00Z,-0.086,0.891,-0.085,-0.973,-0.253
2017-03-02T04:15:00Z,-0.086,0.891,-0.085,-0.973,-0.253
2017-03-02T04:30:00Z,-0.086,0.891,-0.085,-0.973,-0.253
2017-03-02T04:45:00Z,-0.086,0.891,-0.085,-0.973,-0.253
2017-03-02T05:00:00Z,-0.399,0.868,0.424,-0.973,-0.08
2017-03-02T05:15:00Z,-0.399,0.868,0.424,-0.973,-0.08
2017-03-02T05:30:00Z,-0.399,0.868,0.424,-0.973,-0.08
2017-03-02T05:45:00Z,-0.399,0.868,0.424,-0.973,-0.08
2017-03-02T06:00:00Z,-0.979,1.206,0.698,-0.973,-0.047
2017-03-02T06:15:00Z,-0.979,1.206,0.698,-0.973,-0.047
2017-03-02T06:30:00Z,-0.979,1.206,0.698,-0.973,-0.047
2017-03-02T06:45:00Z,-0.979,1.206,0.698,-0.973,-0.047
2017-03-02T07:00:00Z,-1.156,1.914,0.395,-1.023,0.129
2017-03-02T07:15:00Z,-1.156,1.914,0.395,-1.023,0.129
2017-03-02T07:30:00Z,-1.156,1.914,0.395,-1.023,0.129
2017-03-02T07:45:00Z,-1.156,1.914,0.395,-1.023,0.129
2017-03-02T08:00:00Z,-1.071,1.863,0.704,-1.022,0.474
2017-03-02T08:15:00Z,-1.071,1.863,0.704,-1.022,0.474
2017-03-02T08:30:00Z,-1.071,1.863,0.704,-1.022,0.474
2017-03-02T08:45:00Z,-1.071,1.863,0.704,-1.022,0.474
2017-03-02T09:00:00Z,-0.779,1.719,0.704,-1.022,0.622
2017-03-02T09:15:00Z,-0.779,1.719,0.704,-1.022,0.622
2017-03-02T09:30:00Z,-0.779,1.719,0.704,-1.022,0.622
2017-03-02T09:45:00Z,-0.779,1.719,0.704,-1.022,0.622
2017-03-02T10:00:00Z,-0.535,1.597,0.704,-1.023,0.743
2017-03-02T10:15:00Z,-0.535,1.597,0.704,-1.023,0.743
2017-03-02T10:30:00Z,-0.535,1.597,0.704,-1.023,0.743
2017-03-02T10:45:00Z,-0.535,1.597,0.704,-1.023,0.743
2017-03-02T11:00:00Z,-0.639,1.731,0.704,-1.023,0.773
2017-03-02T11:15:00Z,-0.639,1.731,0.704,-1.023,0.773
2017-03-02T11:30:00Z,-0.639,1.731,0.704,-1.023,0.773
2017-03-02T11:45:00Z,-0.639,1.731,0.704,-1.023,0.773
2017-03-02T12:00:00Z,-0.727,1.738,0.704,-1.023,0.691
2017-03-02T12:15:00Z,-0.727,1.738,0.704,-1.023,0.691
2017-03-02T12:30:00Z,-0.727,1.738,0.704,-1.023,0.691
2017-03-02T12:45:00Z,-0.727,1.738,0.704,-1.023,0.691
2017-03-02T13:00:00Z,-0.615,1.794,0.703,-1.023,0.859
2017-03-02T13:15:00Z,-0.615,1.794,0.703,-1.023,0.859
2017-03-02T13:30:00Z,-0.615,1.794,0.703,-1.023,0.859
2017-03-02T13:45:00Z,-0.615,1.794,0.703,-1.023,0.859
2017-03-02T14:00:00Z,-0.674,1.605,0.703,-1.023,0.611
2017-03-02T14:15:00Z,-0.674,1.605,0.703,-1.023,0.611
2017-03-02T14:30:00Z,-0.674,1.605,0.703,-1.023,0.611
2017-03-02T14:45:00Z,-0.674,1.605,0.703,-1.023,0.611
2017-03-02T15:00:00Z,-0.911,1.517,0.703,-1.023,0.286
2017-03-02T15:15:00Z,-0.911,1.517,0.703,-1.023,0.286
2017-03-02T15:30:00Z,-0.911,1.517,0.703,-1.023,0.286
2017-03-02T15:45:00Z,-0.911,1.517,0.703,-1.023,0.286
2017-03-02T16:00:00Z,-1.302,1.949,0.703,-1.023,0.328
2017-03-02T16:15:00Z,-1.302,1.949,0.703,-1.023,0.328
2017-03-02T16:30:00Z,-1.302,1.949,0.703,-1.023,0.328
2017-03-02T16:45:00Z,-1.302,1.949,0.703,-1.023,0.328
2017-03-02T17:00:00Z,-1.631,2.232,0.703,-1.024,0.281
2017-03-02T17:15:00Z,-1.631,2.232,0.703,-1.024,0.281
2017-03-02T17:30:00Z,-1.631,2.232,0.703,-1.024,0.281
2017-03-02T17:45:00Z,-1.631,2.232,0.703,-1.024,0.281
2017-03-02T18:00:00Z,-1.806,2.385,0.704,-1.059,0.225
2017-03-02T18:15:00Z,-1.806,2.385,0.704,-1.059,0.225
2017-03-02T18:30:00Z,-1.806,2.385,0.704,-1.059,0.225
2017-03-02T18:45:00Z,-1.806,2.385,0.704,-1.059,0.225
2017-03-02T19:00:00Z,-1.97,2.589,0.704,-1.024,0.299
2017-03-02T19:15:00Z,-1.97,2.589,0.704,-1.024,0.299
2017-03-02T19:30:00Z,-1.97,2.589,0.704,-1.024,0.299
2017-03-02T19:45:00Z,-1.97,2.589,0.704,-1.024,0.299
2017-03-02T20:00:00Z,-1.682,2.257,0.704,-1.058,0.221
2017-03-02T20:15:00Z,-1.682,2.257,0.704,-1.058,0.221
2017-03-02T20:30:00Z,-1.682,2.257,0.704,-1.058,0.221
2017-03-02T20:45:00Z,-1.682,2.257,0.704,-1.058,0.221
2017-03-02T21:00:00Z,-1.735,2.276,0.704,-1.038,0.207
2017-03-02T21:15:00Z,-1.735,2.276,0.704,-1.038,0.207
2017-03-02T21:30:00Z,-1.735,2.276,0.704,-1.038,0.207
2017-03-02T21:45:00Z,-1.735,2.276,0.704,-1.038,0.207
2017-03-02T22:00:00Z,-1.828,2.327,0.702,-1.027,0.173
2017-03-02T22:15:00Z,-1.828,2.327,0.702,-1.027,0.173
2017-03-02T22:30:00Z,-1.828,2.327,0.702,-1.027,0.173
2017-03-02T22:45:00Z,-1.828,2.327,0.702,-1.027,0.173
2017-03-02T23:00:00Z,-1.671,2.176,0.605,-1.023,0.087
2017-03-02T23:15:00Z,-1.671,2.176,0.605,-1.023,0.087
2017-03-02T23:30:00Z,-1.671,2.176,0.605,-1.023,0.087
2017-03-02T23:45:00Z,-1.671,2.176,0.605,-1.023,0.087
2017-03-03T00:00:00Z,-1.46,1.97,0.702,-1.023,0.189
2017-03-03T00:15:00Z,-1.46,1.97,0.702,-1.023,0.189
2017-03-03T00:30:00Z,-1.46,1.97,0.702,-1.023,0.189
2017-03-03T00:45:00Z,-1.46,1.97,0.702,-1.023,0.189
2017-03-03T01:00:00Z,-1.299,1.865,0.683,-1.023,0.227
2017-03-03T01:15:00Z,-1.299,1.865,0.683,-1.023,0.227
2017-03-03T01:30:00Z,-1.299,1.865,0.683,-1.023,0.227
2017-03-03T01:45:00Z,-1.299,1.865,0.683,-1.023,0.227
2017-03-03T02:00:00Z,-1.317,2.968,0.167,-1.023,0.795
2017-03-03T02:15:00Z,-1.317,2.968,0.167,-1.023,0.795
2017-03-03T02:30:00Z,-1.317,2.968,0.167,-1.023,0.795
2017-03-03T02:45:00Z,-1.317,2.968,0.167,-1.023,0.795
2017-03-03T03:00:00Z,-1.084,2.468,0.39,-1.023,0.751
2017-03-03T03:15:00Z,-1.084,2.468,0.39,-1.023,0.751
2017-03-03T03:30:00Z,-1.084,2.468,0.39,-1.023,0.751
2017-03-03T03:45:00Z,-1.084,2.468,0.39,-1.023,0.751
2017-03-03T04:00:00Z,-1.369,1.644,0.697,-1.023,-0.051
2017-03-03T04:15:00Z,-1.369,1.644,0.697,-1.023,-0.051
2017-03-03T04:30:00Z,-1.369,1.644,0.697,-1.023,-0.051
2017-03-03T04:45:00Z,-1.369,1.644,0.697,-1.023,-0.051
2017-03-03T05:00:00Z,-1.855,0.467,0.704,-0.721,-1.405
2017-03-03T05:15:00Z,-1.855,0.467,0.704,-0.721,-1.405
2017-03-03T05:30:00Z,-1.855,0.467,0.704,-0.721,-1.405
2017-03-03T05:45:00Z,-1.855,0.467,0.704,-0.721,-1.405
2017-03-03T06:00:00Z,-1.897,0.735,0.703,-1.031,-1.49
2017-03-03T06:15:00Z,-1.897,0.735,0.703,-1.031,-1.49
2017-03-03T06:30:00Z,-1.897,0.735,0.703,-1.031,-1.49
2017-03-03T06:45:00Z,-1.897,0.735,0.703,-1.031,-1.49
2017-03-03T07:00:00Z,-1.817,1.328,0.703,-0.627,-0.413
2017-03-03T07:15:00Z,-1.817,1.328,0.703,-0.627,-0.413
2017-03-03T07:30:00Z,-1.817,1.328,0.703,-0.627,-0.413
2017-03-03T07:45:00Z,-1.817,1.328,0.703,-0.627,-0.413
2017-03-03T08:00:00Z,-1.952,2.25,0.703,-1.032,-0.031
2017-03-03T08:15:00Z,-1.952,2.25,0.703,-1.032,-0.031
2017-03-03T08:30:00Z,-1.952,2.25,0.703,-1.032,-0.031
2017-03-03T08:45:00Z,-1.952,2.25,0.703,-1.032,-0.031
2017-03-03T09:00:00Z,-2.037,2.599,0.704,-1.06,0.206
2017-03-03T09:15:00Z,-2.037,2.599,0.704,-1.06,0.206
2017-03-03T09:30:00Z,-2.037,2.599,0.704,-1.06,0.206
2017-03-03T09:45:00Z,-2.037,2.599,0.704,-1.06,0.206
2017-03-03T10:00:00Z,-1.808,2.4,0.704,-1.037,0.258
2017-03-03T10:15:00Z,-1.808,2.4,0.704,-1.037,0.258
2017-03-03T10:30:00Z,-1.808,2.4,0.704,-1.037,0.258
2017-03-03T10:45:00Z,-1.808,2.4,0.704,-1.037,0.258
2017-03-03T11:00:00Z,-1.331,2.131,0.703,-1.046,0.457
2017-03-03T11:15:00Z,-1.331,2.131,0.703,-1.046,0.457
2017-03-03T11:30:00Z,-1.331,2.131,0.703,-1.046,0.457
2017-03-03T11:45:00Z,-1.331,2.131,0.703,-1.046,0.457
2017-03-03T12:00:00Z,-1.165,1.881,0.703,-1.041,0.377
2017-03-03T12:15:00Z,-1.165,1.881,0.703,-1.041,0.377
2017-03-03T12:30:00Z,-1.165,1.881,0.703,-1.041,0.377
2017-03-03T12:45:00Z,-1.165,1.881,0.703,-1.041,0.377
2017-03-03T13:00:00Z,-0.42,0.996,0.703,-0.999,0.28
2017-03-03T13:15:00Z,-0.42,0.996,0.703,-0.999,0.28
2017-03-03T13:30:00Z,-0.42,0.996,0.703,-0.999,0.28
2017-03-03T13:45:00Z,-0.42,0.996,0.703,-0.999,0.28
2017-03-03T14:00:00Z,-0.044,0.217,0.703,-1.005,-0.13
2017-03-03T14:15:00Z,-0.044,0.217,0.703,-1.005,-0.13
2017-03-03T14:30:00Z,-0.044,0.217,0.703,-1.005,-0.13
2017-03-03T14:45:00Z,-0.044,0.217,0.703,-1.005,-0.13
2017-03-03T15:00:00Z,0.244,-0.261,0.703,-1.022,-0.336
2017-03-03T15:15:00Z,0.244,-0.261,0.703,-1.022,-0.336
2017-03-03T15:30:00Z,0.244,-0.261,0.703,-1.022,-0.336
2017-03-03T15:45:00Z,0.244,-0.261,0.703,-1.022,-0.336
2017-03-03T16:00:00Z,0.241,-0.077,0.704,-1.023,-0.155
2017-03-03T16:15:00Z,0.241,-0.077,0.704,-1.023,-0.155
2017-03-03T16:30:00Z,0.241,-0.077,0.704,-1.023,-0.155
2017-03-03T16:45:00Z,0.241,-0.077,0.704,-1.023,-0.155
2017-03-03T17:00:00Z,-0.194,-0.184,0.704,-1.005,-0.679
2017-03-03T17:15:00Z,-0.194,-0.184,0.704,-1.005,-0.679
2017-03-03T17:30:00Z,-0.194,-0.184,0.704,-1.005,-0.679
2017-03-03T17:45:00Z,-0.194,-0.184,0.704,-1.005,-0.679
2017-03-03T18:00:00Z,-1.022,0.154,0.704,-0.998,-1.162
2017-03-03T18:15:00Z,-1.022,0.154,0.704,-0.998,-1.162
2017-03-03T18:30:00Z,-1.022,0.154,0.704,-0.998,-1.162
2017-03-03T18:45:00Z,-1.022,0.154,0.704,-0.998,-1.162
2017-03-03T19:00:00Z,-1.568,0.784,0.704,-1.025,-1.104
2017-03-03T19:15:00Z,-1.568,0.784,0.704,-1.025,-1.104
2017-03-03T19:30:00Z,-1.568,0.784,0.704,-1.025,-1.104
2017-03-03T19:45:00Z,-1.568,0.784,0.704,-1.025,-1.104
2017-03-03T20:00:00Z,-1.617,1.135,0.704,-1.023,-0.801
2017-03-03T20:15:00Z,-1.617,1.135,0.704,-1.023,-0.801
2017-03-03T20:30:00Z,-1.617,1.135,0.704,-1.023,-0.801
2017-03-03T20:45:00Z,-1.617,1.135,0.704,-1.023,-0.801
2017-03-03T21:00:00Z,-1.904,1.655,0.704,-1.007,-0.552
2017-03-03T21:15:00Z,-1.904,1.655,0.704,-1.007,-0.552
2017-03-03T21:30:00Z,-1.904,1.655,0.704,-1.007,-0.552
2017-03-03T21:45:00Z,-1.904,1.655,0.704,-1.007,-0.552
2017-03-03T22:00:00Z,-1.892,1.864,0.68,-1.024,-0.371
2017-03-03T22:15:00Z,-1.892,1.864,0.68,-1.024,-0.371
2017-03-03T22:30:00Z,-1.892,1.864,0.68,-1.024,-0.371
2017-03-03T22:45:00Z,-1.892,1.864,0.68,-1.024,-0.371
2017-03-03T23:00:00Z,-0.671,2.336,0.128,-0.951,0.842
2017-03-03T23:15:00Z,-0.671,2.336,0.128,-0.951,0.842
2017-03-03T23:30:00Z,-0.671,2.336,0.128,-0.951,0.842
2017-03-03T23:45:00Z,-0.671,2.336,0.128,-0.951,0.842
2017-03-04T00:00:00Z,-0.04,2.572,0.002,-0.948,1.586
2017-03-04T00:15:00Z,-0.04,2.572,0.002,-0.948,1.586
2017-03-04T00:30:00Z,-0.04,2.572,0.002,-0.948,1.586
2017-03-04T00:45:00Z,-0.04,2.572,0.002,-0.948,1.586
2017-03-04T01:00:00Z,0.177,2.366,-0.009,-0.949,1.585
2017-03-04T01:15:00Z,0.177,2.366,-0.009,-0.949,1.585
2017-03-04T01:30:00Z,0.177,2.366,-0.009,-0.949,1.585
2017-03-04T01:45:00Z,0.177,2.366,-0.009,-0.949,1.585
2017-03-04T02:00:00Z,0.704,2.205,-0.37,-0.914,1.625
2017-03-04T02:15:00Z,0.704,2.205,-0.37,-0.914,1.625
2017-03-04T02:30:00Z,0.704,2.205,-0.37,-0.914,1.625
2017-03-04T02:45:00Z,0.704,2.205,-0.37,-0.914,1.625
2017-03-04T03:00:00Z,1.008,2.038,-0.575,-0.974,1.497
2017-03-04T03:15:00Z,1.008,2.038,-0.575,-0.974,1.497
2017-03-04T03:30:00Z,1.008,2.038,-0.575,-0.974,1.497
2017-03-04T03:45:00Z,1.008,2.038,-0.575,-0.974,1.497
2017-03-04T04:00:00Z,0.654,1.739,-0.025,-0.957,1.411
2017-03-04T04:15:00Z,0.654,1.739,-0.025,-0.957,1.411
2017-03-04T04:30:00Z,0.654,1.739,-0.025,-0.957,1.411
2017-03-04T04:45:00Z,0.654,1.739,-0.025,-0.957,1.411
2017-03-04T05:00:00Z,0.384,2.26,-0.418,-0.948,1.278
2017-03-04T05:15:00Z,0.384,2.26,-0.418,-0.948,1.278
2017-03-04T05:30:00Z,0.384,2.26,-0.418,-0.948,1.278
2017-03-04T05:45:00Z,0.384,2.26,-0.418,-0.948,1.278
2017-03-04T06:00:00Z,0.032,1.997,0.133,-0.947,1.214
2017-03-04T06:15:00Z,0.032,1.997,0.133,-0.947,1.214
2017-03-04T06:30:00Z,0.032,1.997,0.133,-0.947,1.214
2017-03-04T06:45:00Z,0.032,1.997,0.133,-0.947,1.214
2017-03-04T07:00:00Z,-0.924,2.172,0.683,-1.026,0.905
2017-03-04T07:15:00Z,-0.924,2.172,0.683,-1.026,0.905
2017-03-04T07:30:00Z,-0.924,2.172,0.683,-1.026,0.905
2017-03-04T07:45:00Z,-0.924,2.172,0.683,-1.026,0.905
2017-03-04T08:00:00Z,-1.353,2.677,0.705,-1.012,1.017
2017-03-04T08:15:00Z,-1.353,2.677,0.705,-1.012,1.017
2017-03-04T08:30:00Z,-1.353,2.677,0.705,-1.012,1.017
2017-03-04T08:45:00Z,-1.353,2.677,0.705,-1.012,1.017
2017-03-04T09:00:00Z,-1.574,3.235,0.704,-1.032,1.333
2017-03-04T09:15:00Z,-1.574,3.235,0.704,-1.032,1.333
2017-03-04T09:30:00Z,-1.574,3.235,0.704,-1.032,1.333
2017-03-04T09:45:00Z,-1.574,3.235,0.704,-1.032,1.333
2017-03-04T10:00:00Z,-1.52,2.996,0.704,-1.034,1.146
2017-03-04T10:15:00Z,-1.52,2.996,0.704,-1.034,1.146
2017-03-04T10:30:00Z,-1.52,2.996,0.704,-1.034,1.146
2017-03-04T10:45:00Z,-1.52,2.996,0.704,-1.034,1.146
2017-03-04T11:00:00Z,-1.778,2.955,0.705,-1.048,0.834
2017-03-04T11:15:00Z,-1.778,2.955,0.705,-1.048,0.834
2017-03-04T11:30:00Z,-1.778,2.955,0.705,-1.048,0.834
2017-03-04T11:45:00Z,-1.778,2.955,0.705,-1.048,0.834
2017-03-04T12:00:00Z,-1.551,3.069,0.705,-1.058,1.165
2017-03-04T12:15:00Z,-1.551,3.069,0.705,-1.058,1.165
2017-03-04T12:30:00Z,-1.551,3.069,0.705,-1.058,1.165
2017-03-04T12:45:00Z,-1.551,3.069,0.705,-1.058,1.165
2017-03-04T13:00:00Z,-1.169,3.078,0.705,-1.021,1.593
2017-03-04T13:15:00Z,-1.169,3.078,0.705,-1.021,1.593
2017-03-04T13:30:00Z,-1.169,3.078,0.705,-1.021,1.593
2017-03-04T13:45:00Z,-1.169,3.078,0.705,-1.021,1.593
2017-03-04T14:00:00Z,-0.762,2.398,0.705,-1.025,1.316
2017-03-04T14:15:00Z,-0.762,2.398,0.705,-1.025,1.316
2017-03-04T14:30:00Z,-0.762,2.398,0.705,-1.025,1.316
2017-03-04T14:45:00Z,-0.762,2.398,0.705,-1.025,1.316
2017-03-04T15:00:00Z,-0.627,1.825,0.705,-0.726,1.177
2017-03-04T15:15:00Z,-0.627,1.825,0.705,-0.726,1.177
2017-03-04T15:30:00Z,-0.627,1.825,0.705,-0.726,1.177
2017-03-04T15:45:00Z,-0.627,1.825,0.705,-0.726,1.177
2017-03-04T16:00:00Z,-0.504,1.718,0.705,-0.687,1.232
2017-03-04T16:15:00Z,-0.504,1.718,0.705,-0.687,1.232
2017-03-04T16:30:00Z,-0.504,1.718,0.705,-0.687,1.232
2017-03-04T16:45:00Z,-0.504,1.718,0.705,-0.687,1.232
2017-03-04T17:00:00Z,-0.54,1.924,0.705,-1.022,1.067
2017-03-04T17:15:00Z,-0.54,1.924,0.705,-1.022,1.067
2017-03-04T17:30:00Z,-0.54,1.924,0.705,-1.022,1.067
2017-03-04T17:45:00Z,-0.54,1.924,0.705,-1.022,1.067
2017-03-04T18:00:00Z,-1.083,2.651,0.705,-1.022,1.251
2017-03-04T18:15:00Z,-1.083,2.651,0.705,-1.022,1.251
2017-03-04T18:30:00Z,-1.083,2.651,0.705,-1.022,1.251
2017-03-04T18:45:00Z,-1.083,2.651,0.705,-1.022,1.251
2017-03-04T19:00:00Z,-1.226,2.776,0.705,-1.022,1.234
2017-03-04T19:15:00Z,-1.226,2.776,0.705,-1.022,1.234
2017-03-04T19:30:00Z,-1.226,2.776,0.705,-1.022,1.234
2017-03-04T19:45:00Z,-1.226,2.776,0.705,-1.022,1.234
2017-03-04T20:00:00Z,-1.254,2.578,0.705,-1.023,1.006
2017-03-04T20:15:00Z,-1.254,2.578,0.705,-1.023,1.006
2017-03-04T20:30:00Z,-1.254,2.578,0.705,-1.023,1.006
2017-03-04T20:45:00Z,-1.254,2.578,0.705,-1.023,1.006
2017-03-04T21:00:00Z,-1.47,2.337,0.705,-1.023,0.548
2017-03-04T21:15:00Z,-1.47,2.337,0.705,-1.023,0.548
2017-03-04T21:30:00Z,-1.47,2.337,0.705,-1.023,0.548
2017-03-04T21:45:00Z,-1.47,2.337,0.705,-1.023,0.548
2017-03-04T22:00:00Z,-1.582,1.932,0.705,-1.014,0.041
2017-03-04T22:15:00Z,-1.582,1.932,0.705,-1.014,0.041
2017-03-04T22:30:00Z,-1.582,1.932,0.705,-1.014,0.041
2017-03-04T22:45:00Z,-1.582,1.932,0.705,-1.014,0.041
2017-03-04T23:00:00Z,-1.648,2.213,0.695,-0.939,0.321
2017-03-04T23:15:00Z,-1.648,2.213,0.695,-0.939,0.321
2017-03-04T23:30:00Z,-1.648,2.213,0.695,-0.939,0.321
2017-03-04T23:45:00Z,-1.648,2.213,0.695,-0.939,0.321
2017-03-05T00:00:00Z,-1.284,2.938,0.326,-0.94,1.04
2017-03-05T00:15:00Z,-1.284,2.938,0.326,-0.94,1.04
2017-03-05T00:30:00Z,-1.284,2.938,0.326,-0.94,1.04
2017-03-05T00:45:00Z,-1.284,2.938,0.326,-0.94,1.04
2017-03-05T01:00:00Z,-1.147,2.724,0.275,-0.95,0.902
2017-03-05T01:15:00Z,-1.147,2.724,0.275,-0.95,0.902
2017-03-05T01:30:00Z,-1.147,2.724,0.275,-0.95,0.902
2017-03-05T01:45:00Z,-1.147,2.724,0.275,-0.95,0.902
2017-03-05T02:00:00Z,-0.811,2.316,-0.009,-0.933,0.563
2017-03-05T02:15:00Z,-0.811,2.316,-0.009,-0.933,0.563
2017-03-05T02:30:00Z,-0.811,2.316,-0.009,-0.933,0.563
2017-03-05T02:45:00Z,-0.811,2.316,-0.009,-0.933,0.563
2017-03-05T03:00:00Z,-0.252,2.278,-0.443,-0.951,0.632
2017-03-05T03:15:00Z,-0.252,2.278,-0.443,-0.951,0.632
2017-03-05T03:30:00Z,-0.252,2.278,-0.443,-0.951,0.632
2017-03-05T03:45:00Z,-0.252,2.278,-0.443,-0.951,0.632
2017-03-05T04:00:00Z,-0.046,2.468,-0.561,-0.969,0.891
2017-03-05T04:15:00Z,-0.046,2.468,-0.561,-0.969,0.891
2017-03-05T04:30:00Z,-0.046,2.468,-0.561,-0.969,0.891
2017-03-05T04:45:00Z,-0.046,2.468,-0.561,-0.969,0.891
2017-03-05T05:00:00Z,-0.378,2.568,-0.339,-0.963,0.888
2017-03-05T05:15:00Z,-0.378,2.568,-0.339,-0.963,0.888
2017-03-05T05:30:00Z,-0.378,2.568,-0.339,-0.963,0.888
2017-03-05T05:45:00Z,-0.378,2.568,-0.339,-0.963,0.888
2017-03-05T06:00:00Z,-0.317,2.555,-0.535,-0.935,0.767
2017-03-05T06:15:00Z,-0.317,2.555,-0.535,-0.935,0.767
2017-03-05T06:30:00Z,-0.317,2.555,-0.535,-0.935,0.767
2017-03-05T06:45:00Z,-0.317,2.555,-0.535,-0.935,0.767
2017-03-05T07:00:00Z,-0.081,2.353,-0.374,-0.931,0.966
2017-03-05T07:15:00Z,-0.081,2.353,-0.374,-0.931,0.966
2017-03-05T07:30:00Z,-0.081,2.353,-0.374,-0.931,0.966
2017-03-05T07:45:00Z,-0.081,2.353,-0.374,-0.931,0.966
2017-03-05T08:00:00Z,-0.431,2.334,0.035,-1.025,0.912
2017-03-05T08:15:00Z,-0.431,2.334,0.035,-1.025,0.912
2017-03-05T08:30:00Z,-0.431,2.334,0.035,-1.025,0.912
2017-03-05T08:45:00Z,-0.431,2.334,0.035,-1.025,0.912
2017-03-05T09:00:00Z,-0.555,2.35,0.156,-1.024,0.927
2017-03-05T09:15:00Z,-0.555,2.35,0.156,-1.024,0.927
2017-03-05T09:30:00Z,-0.555,2.35,0.156,-1.024,0.927
2017-03-05T09:45:00Z,-0.555,2.35,0.156,-1.024,0.927
2017-03-05T10:00:00Z,-0.82,2.335,0.179,-1.031,0.663
2017-03-05T10:15:00Z,-0.82,2.335,0.179,-1.031,0.663
2017-03-05T10:30:00Z,-0.82,2.335,0.179,-1.031,0.663
2017-03-05T10:45:00Z,-0.82,2.335,0.179,-1.031,0.663
2017-03-05T11:00:00Z,-1.486,2.55,0.677,-1.027,0.715
2017-03-05T11:15:00Z,-1.486,2.55,0.677,-1.027,0.715
2017-03-05T11:30:00Z,-1.486,2.55,0.677,-1.027,0.715
2017-03-05T11:45:00Z,-1.486,2.55,0.677,-1.027,0.715
2017-03-05T12:00:00Z,-0.691,2.603,0.178,-1.034,1.056
2017-03-05T12:15:00Z,-0.691,2.603,0.178,-1.034,1.056
2017-03-05T12:30:00Z,-0.691,2.603,0.178,-1.034,1.056
2017-03-05T12:45:00Z,-0.691,2.603,0.178,-1.034,1.056
2017-03-05T13:00:00Z,0.343,2.835,-0.407,-1.028,1.743
2017-03-05T13:15:00Z,0.343,2.835,-0.407,-1.028,1.743
2017-03-05T13:30:00Z,0.343,2.835,-0.407,-1.028,1.743
2017-03-05T13:45:00Z,0.343,2.835,-0.407,-1.028,1.743
2017-03-05T14:00:00Z,0.97,3.108,-0.668,-1.051,2.359
2017-03-05T14:15:00Z,0.97,3.108,-0.668,-1.051,2.359
2017-03-05T14:30:00Z,0.97,3.108,-0.668,-1.051,2.359
2017-03-05T14:45:00Z,0.97,3.108,-0.668,-1.051,2.359
2017-03-05T15:00:00Z,1.578,2.907,-0.72,-1.01,2.755
2017-03-05T15:15:00Z,1.578,2.907,-0.72,-1.01,2.755
2017-03-05T15:30:00Z,1.578,2.907,-0.72,-1.01,2.755
2017-03-05T15:45:00Z,1.578,2.907,-0.72,-1.01,2.755
2017-03-05T16:00:00Z,1.109,2.745,-0.353,-1.054,2.447
2017-03-05T16:15:00Z,1.109,2.745,-0.353,-1.054,2.447
2017-03-05T16:30:00Z,1.109,2.745,-0.353,-1.054,2.447
2017-03-05T16:45:00Z,1.109,2.745,-0.353,-1.054,2.447
2017-03-05T17:00:00Z,0.216,2.469,0.234,-1.031,1.888
2017-03-05T17:15:00Z,0.216,2.469,0.234,-1.031,1.888
2017-03-05T17:30:00Z,0.216,2.469,0.234,-1.031,1.888
2017-03-05T17:45:00Z,0.216,2.469,0.234,-1.031,1.888
2017-03-05T18:00:00Z,-0.914,2.887,0.69,-1.028,1.635
2017-03-05T18:15:00Z,-0.914,2.887,0.69,-1.028,1.635
2017-03-05T18:30:00Z,-0.914,2.887,0.69,-1.028,1.635
2017-03-05T18:45:00Z,-0.914,2.887,0.69,-1.028,1.635
2017-03-05T19:00:00Z,-1.182,3.028,0.705,-1.013,1.538
2017-03-05T19:15:00Z,-1.182,3.028,0.705,-1.013,1.538
2017-03-05T19:30:00Z,-1.182,3.028,0.705,-1.013,1.538
2017-03-05T19:45:00Z,-1.182,3.028,0.705,-1.013,1.538
2017-03-05T20:00:00Z,-1.08,2.818,0.705,-1.023,1.42
2017-03-05T20:15:00Z,-1.08,2.818,0.705,-1.023,1.42
2017-03-05T20:30:00Z,-1.08,2.818,0.705,-1.023,1.42
2017-03-05T20:45:00Z,-1.08,2.818,0.705,-1.023,1.42
2017-03-05T21:00:00Z,-1.294,2.994,0.705,-1.023,1.382
2017-03-05T21:15:00Z,-1.294,2.994,0.705,-1.023,1.382
2017-03-05T21:30:00Z,-1.294,2.994,0.705,-1.023,1.382
2017-03-05T21:45:00Z,-1.294,2.994,0.705,-1.023,1.382
2017-03-05T22:00:00Z,-1.386,3.194,0.619,-1.023,1.404
2017-03-05T22:15:00Z,-1.386,3.194,0.619,-1.023,1.404
2017-03-05T22:30:00Z,-1.386,3.194,0.619,-1.023,1.404
2017-03-05T22:45:00Z,-1.386,3.194,0.619,-1.023,1.404
2017-03-05T23:00:00Z,-1.065,3.519,0.063,-1.023,1.495
2017-03-05T23:15:00Z,-1.065,3.519,0.063,-1.023,1.495
2017-03-05T23:30:00Z,-1.065,3.519,0.063,-1.023,1.495
2017-03-05T23:45:00Z,-1.065,3.519,0.063,-1.023,1.495
2017-03-06T00:00:00Z,-0.258,3.528,-0.123,-1.023,2.124
2017-03-06T00:15:00Z,-0.258,3.528,-0.123,-1.023,2.124
2017-03-06T00:30:00Z,-0.258,3.528,-0.123,-1.023,2.124
2017-03-06T00:45:00Z,-0.258,3.528,-0.123,-1.023,2.124
2017-03-06T01:00:00Z,0.387,3.661,-0.669,-1.023,2.356
2017-03-06T01:15:00Z,0.387,3.661,-0.669,-1.023,2.356
2017-03-06T01:30:00Z,0.387,3.661,-0.669,-1.023,2.356
2017-03-06T01:45:00Z,0.387,3.661,-0.669,-1.023,2.356
2017-03-06T02:00:00Z,0.963,3.346,-0.729,-1.023,2.557
2017-03-06T02:15:00Z,0.963,3.346,-0.729,-1.023,2.557
2017-03-06T02:30:00Z,0.963,3.346,-0.729,-1.023,2.557
2017-03-06T02:45:00Z,0.963,3.346,-0.729,-1.023,2.557
2017-03-06T03:00:00Z,0.793,3.207,-0.704,-1.023,2.273
2017-03-06T03:15:00Z,0.793,3.207,-0.704,-1.023,2.273
2017-03-06T03:30:00Z,0.793,3.207,-0.704,-1.023,2.273
2017-03-06T03:45:00Z,0.793,3.207,-0.704,-1.023,2.273
2017-03-06T04:00:00Z,-0.114,2.701,-0.108,-1.023,1.456
2017-03-06T04:15:00Z,-0.114,2.701,-0.108,-1.023,1.456
2017-03-06T04:30:00Z,-0.114,2.701,-0.108,-1.023,1.456
2017-03-06T04:45:00Z,-0.114,2.701,-0.108,-1.023,1.456
2017-03-06T05:00:00Z,-1.19,2.035,0.481,-1.023,0.302
2017-03-06T05:15:00Z,-1.19,2.035,0.481,-1.023,0.302
2017-03-06T05:30:00Z,-1.19,2.035,0.481,-1.023,0.302
2017-03-06T05:45:00Z,-1.19,2.035,0.481,-1.023,0.302
2017-03-06T06:00:00Z,-1.62,2.005,0.7,-1.023,0.061
2017-03-06T06:15:00Z,-1.62,2.005,0.7,-1.023,0.061
2017-03-06T06:30:00Z,-1.62,2.005,0.7,-1.023,0.061
2017-03-06T06:45:00Z,-1.62,2.005,0.7,-1.023,0.061
2017-03-06T07:00:00Z,-1.841,2.286,0.705,-0.874,0.275
2017-03-06T07:15:00Z,-1.841,2.286,0.705,-0.874,0.275
2017-03-06T07:30:00Z,-1.841,2.286,0.705,-0.874,0.275
2017-03-06T07:45:00Z,-1.841,2.286,0.705,-0.874,0.275
2017-03-06T08:00:00Z,-2.185,2.795,0.704,-1.023,0.291
2017-03-06T08:15:00Z,-2.185,2.795,0.704,-1.023,0.291
2017-03-06T08:30:00Z,-2.185,2.795,0.704,-1.023,0.291
2017-03-06T08:45:00Z,-2.185,2.795,0.704,-1.023,0.291
2017-03-06T09:00:00Z,-2.388,2.759,0.704,-1.023,0.052
2017-03-06T09:15:00Z,-2.388,2.759,0.704,-1.023,0.052
2017-03-06T09:30:00Z,-2.388,2.759,0.704,-1.023,0.052
2017-03-06T09:45:00Z,-2.388,2.759,0.704,-1.023,0.052
2017-03-06T10:00:00Z,-2.678,2.772,0.704,-1.023,-0.224
2017-03-06T10:15:00Z,-2.678,2.772,0.704,-1.023,-0.224
2017-03-06T10:30:00Z,-2.678,2.772,0.704,-1.023,-0.224
2017-03-06T10:45:00Z,-2.678,2.772,0.704,-1.023,-0.224
2017-03-06T11:00:00Z,-2.741,2.587,0.705,-1.023,-0.472
2017-03-06T11:15:00Z,-2.741,2.587,0.705,-1.023,-0.472
2017-03-06T11:30:00Z,-2.741,2.587,0.705,-1.023,-0.472
2017-03-06T11:45:00Z,-2.741,2.587,0.705,-1.023,-0.472
2017-03-06T12:00:00Z,-2.43,2.434,0.705,-1.023,-0.314
2017-03-06T12:15:00Z,-2.43,2.434,0.705,-1.023,-0.314
2017-03-06T12:30:00Z,-2.43,2.434,0.705,-1.023,-0.314
2017-03-06T12:45:00Z,-2.43,2.434,0.705,-1.023,-0.314
2017-03-06T13:00:00Z,-1.953,1.821,0.705,-1.023,-0.45
2017-03-06T13:15:00Z,-1.953,1.821,0.705,-1.023,-0.45
2017-03-06T13:30:00Z,-1.953,1.821,0.705,-1.023,-0.45
2017-03-06T13:45:00Z,-1.953,1.821,0.705,-1.023,-0.45
2017-03-06T14:00:00Z,-1.739,1.485,0.705,-1.023,-0.573
2017-03-06T14:15:00Z,-1.739,1.485,0.705,-1.023,-0.573
2017-03-06T14:30:00Z,-1.739,1.485,0.705,-1.023,-0.573
2017-03-06T14:45:00Z,-1.739,1.485,0.705,-1.023,-0.573
2017-03-06T15:00:00Z,-1.901,1.598,0.705,-0.865,-0.463
2017-03-06T15:15:00Z,-1.901,1.598,0.705,-0.865,-0.463
2017-03-06T15:30:00Z,-1.901,1.598,0.705,-0.865,-0.463
2017-03-06T15:45:00Z,-1.901,1.598,0.705,-0.865,-0.463
2017-03-06T16:00:00Z,-1.517,1.339,0.705,-1.007,-0.48
2017-03-06T16:15:00Z,-1.517,1.339,0.705,-1.007,-0.48
2017-03-06T16:30:00Z,-1.517,1.339,0.705,-1.007,-0.48
2017-03-06T16:45:00Z,-1.517,1.339,0.705,-1.007,-0.48
2017-03-06T17:00:00Z,-2.102,1.559,0.705,-1.025,-0.864
2017-03-06T17:15:00Z,-2.102,1.559,0.705,-1.025,-0.864
2017-03-06T17:30:00Z,-2.102,1.559,0.705,-1.025,-0.864
2017-03-06T17:45:00Z,-2.102,1.559,0.705,-1.025,-0.864
2017-03-06T18:00:00Z,-2.415,1.744,0.705,-1.02,-0.986
2017-03-06T18:15:00Z,-2.415,1.744,0.705,-1.02,-0.986
2017-03-06T18:30:00Z,-2.415,1.744,0.705,-1.02,-0.986
2017-03-06T18:45:00Z,-2.415,1.744,0.705,-1.02,-0.986
2017-03-06T19:00:00Z,-2.562,1.545,0.705,-1.002,-1.314
2017-03-06T19:15:00Z,-2.562,1.545,0.705,-1.002,-1.314
2017-03-06T19:30:00Z,-2.562,1.545,0.705,-1.002,-1.314
2017-03-06T19:45:00Z,-2.562,1.545,0.705,-1.002,-1.314
2017-03-06T20:00:00Z,-2.792,2.152,0.705,-1.017,-0.952
2017-03-06T20:15:00Z,-2.792,2.152,0.705,-1.017,-0.952
2017-03-06T20:30:00Z,-2.792,2.152,0.705,-1.017,-0.952
2017-03-06T20:45:00Z,-2.792,2.152,0.705,-1.017,-0.952
2017-03-06T21:00:00Z,-3.084,3.309,0.704,-1.015,-0.086
2017-03-06T21:15:00Z,-3.084,3.309,0.704,-1.015,-0.086
2017-03-06T21:30:00Z,-3.084,3.309,0.704,-1.015,-0.086
2017-03-06T21:45:00Z,-3.084,3.309,0.704,-1.015,-0.086
2017-03-06T22:00:00Z,-2.802,3.484,0.69,-1.023,0.349
2017-03-06T22:15:00Z,-2.802,3.484,0.69,-1.023,0.349
2017-03-06T22:30:00Z,-2.802,3.484,0.69,-1.023,0.349
2017-03-06T22:45:00Z,-2.802,3.484,0.69,-1.023,0.349
2017-03-06T23:00:00Z,-2.315,3.433,0.254,-1.023,0.349
2017-03-06T23:15:00Z,-2.315,3.433,0.254,-1.023,0.349
2017-03-06T23:30:00Z,-2.315,3.433,0.254,-1.023,0.349
2017-03-06T23:45:00Z,-2.315,3.433,0.254,-1.023,0.349
2017-03-07T00:00:00Z,-2.113,3.267,0.005,-1.023,0.136
2017-03-07T00:15:00Z,-2.113,3.267,0.005,-1.023,0.136
2017-03-07T00:30:00Z,-2.113,3.267,0.005,-1.023,0.136
2017-03-07T00:45:00Z,-2.113,3.267,0.005,-1.023,0.136
2017-03-07T01:00:00Z,-1.831,2.821,0,-1.023,-0.033
2017-03-07T01:15:00Z,-1.831,2.821,0,-1.023,-0.033
2017-03-07T01:30:00Z,-1.831,2.821,0,-1.023,-0.033
2017-03-07T01:45:00Z,-1.831,2.821,0,-1.023,-0.033
2017-03-07T02:00:00Z,-1.496,2.441,-0.051,-1.023,-0.129
2017-03-07T02:15:00Z,-1.496,2.441,-0.051,-1.023,-0.129
2017-03-07T02:30:00Z,-1.496,2.441,-0.051,-1.023,-0.129
2017-03-07T02:45:00Z,-1.496,2.441,-0.051,-1.023,-0.129
2017-03-07T03:00:00Z,-1.505,2.402,0,-1.023,-0.126
2017-03-07T03:15:00Z,-1.505,2.402,0,-1.023,-0.126
2017-03-07T03:30:00Z,-1.505,2.402,0,-1.023,-0.126
2017-03-07T03:45:00Z,-1.505,2.402,0,-1.023,-0.126
2017-03-07T04:00:00Z,-2.08,2.177,0.211,-1.023,-0.715
2017-03-07T04:15:00Z,-2.08,2.177,0.211,-1.023,-0.715
2017-03-07T04:30:00Z,-2.08,2.177,0.211,-1.023,-0.715
2017-03-07T04:45:00Z,-2.08,2.177,0.211,-1.023,-0.715
2017-03-07T05:00:00Z,-2.208,1.217,0.652,-1.023,-1.362
2017-03-07T05:15:00Z,-2.208,1.217,0.652,-1.023,-1.362
2017-03-07T05:30:00Z,-2.208,1.217,0.652,-1.023,-1.362
2017-03-07T05:45:00Z,-2.208,1.217,0.652,-1.023,-1.362
2017-03-07T06:00:00Z,-2.552,1.889,0.443,-1.023,-1.243
2017-03-07T06:15:00Z,-2.552,1.889,0.443,-1.023,-1.243
2017-03-07T06:30:00Z,-2.552,1.889,0.443,-1.023,-1.243
2017-03-07T06:45:00Z,-2.552,1.889,0.443,-1.023,-1.243
2017-03-07T07:00:00Z,-2.061,2.288,0.151,-0.829,-0.451
2017-03-07T07:15:00Z,-2.061,2.288,0.151,-0.829,-0.451
2017-03-07T07:30:00Z,-2.061,2.288,0.151,-0.829,-0.451
2017-03-07T07:45:00Z,-2.061,2.288,0.151,-0.829,-0.451
2017-03-07T08:00:00Z,-2.262,2.228,0.68,-0.77,-0.124
2017-03-07T08:15:00Z,-2.262,2.228,0.68,-0.77,-0.124
2017-03-07T08:30:00Z,-2.262,2.228,0.68,-0.77,-0.124
2017-03-07T08:45:00Z,-2.262,2.228,0.68,-0.77,-0.124
2017-03-07T09:00:00Z,-2.116,1.774,0.705,-0.565,-0.202
2017-03-07T09:15:00Z,-2.116,1.774,0.705,-0.565,-0.202
2017-03-07T09:30:00Z,-2.116,1.774,0.705,-0.565,-0.202
2017-03-07T09:45:00Z,-2.116,1.774,0.705,-0.565,-0.202
2017-03-07T10:00:00Z,-1.867,1.605,0.704,-0.718,-0.276
2017-03-07T10:15:00Z,-1.867,1.605,0.704,-0.718,-0.276
2017-03-07T10:30:00Z,-1.867,1.605,0.704,-0.718,-0.276
2017-03-07T10:45:00Z,-1.867,1.605,0.704,-0.718,-0.276
2017-03-07T11:00:00Z,-2.299,1.136,0.704,0,-0.459
2017-03-07T11:15:00Z,-2.299,1.136,0.704,0,-0.459
2017-03-07T11:30:00Z,-2.299,1.136,0.704,0,-0.459
2017-03-07T11:45:00Z,-2.299,1.136,0.704,0,-0.459
2017-03-07T12:00:00Z,-2.272,0.775,0.704,0.101,-0.692
2017-03-07T12:15:00Z,-2.272,0.775,0.704,0.101,-0.692
2017-03-07T12:30:00Z,-2.272,0.775,0.704,0.101,-0.692
2017-03-07T12:45:00Z,-2.272,0.775,0.704,0.101,-0.692
2017-03-07T13:00:00Z,-2.331,0.817,0.682,0.102,-0.73
2017-03-07T13:15:00Z,-2.331,0.817,0.682,0.102,-0.73
2017-03-07T13:30:00Z,-2.331,0.817,0.682,0.102,-0.73
2017-03-07T13:45:00Z,-2.331,0.817,0.682,0.102,-0.73
2017-03-07T14:00:00Z,-2.26,0.578,0.704,0.101,-0.877
2017-03-07T14:15:00Z,-2.26,0.578,0.704,0.101,-0.877
2017-03-07T14:30:00Z,-2.26,0.578,0.704,0.101,-0.877
2017-03-07T14:45:00Z,-2.26,0.578,0.704,0.101,-0.877
2017-03-07T15:00:00Z,-2.445,1.18,0.704,-0.125,-0.686
2017-03-07T15:15:00Z,-2.445,1.18,0.704,-0.125,-0.686
2017-03-07T15:30:00Z,-2.445,1.18,0.704,-0.125,-0.686
2017-03-07T15:45:00Z,-2.445,1.18,0.704,-0.125,-0.686
2017-03-07T16:00:00Z,-2.445,1.257,0.704,-0.126,-0.61
2017-03-07T16:15:00Z,-2.445,1.257,0.704,-0.126,-0.61
2017-03-07T16:30:00Z,-2.445,1.257,0.704,-0.126,-0.61
2017-03-07T16:45:00Z,-2.445,1.257,0.704,-0.126,-0.61
2017-03-07T17:00:00Z,-2.182,1.447,0.705,-0.852,-0.881
2017-03-07T17:15:00Z,-2.182,1.447,0.705,-0.852,-0.881
2017-03-07T17:30:00Z,-2.182,1.447,0.705,-0.852,-0.881
2017-03-07T17:45:00Z,-2.182,1.447,0.705,-0.852,-0.881
2017-03-07T18:00:00Z,-2.473,1.731,0.704,-1.006,-1.044
2017-03-07T18:15:00Z,-2.473,1.731,0.704,-1.006,-1.044
2017-03-07T18:30:00Z,-2.473,1.731,0.704,-1.006,-1.044
2017-03-07T18:45:00Z,-2.473,1.731,0.704,-1.006,-1.044
2017-03-07T19:00:00Z,-2.946,1.95,0.704,-0.999,-1.292
2017-03-07T19:15:00Z,-2.946,1.95,0.704,-0.999,-1.292
2017-03-07T19:30:00Z,-2.946,1.95,0.704,-0.999,-1.292
2017-03-07T19:45:00Z,-2.946,1.95,0.704,-0.999,-1.292
2017-03-07T20:00:00Z,-2.75,1.339,0.704,-1.025,-1.732
2017-03-07T20:15:00Z,-2.75,1.339,0.704,-1.025,-1.732
2017-03-07T20:30:00Z,-2.75,1.339,0.704,-1.025,-1.732
2017-03-07T20:45:00Z,-2.75,1.339,0.704,-1.025,-1.732
2017-03-07T21:00:00Z,-3.266,1.614,0.704,-1.024,-1.972
2017-03-07T21:15:00Z,-3.266,1.614,0.704,-1.024,-1.972
2017-03-07T21:30:00Z,-3.266,1.614,0.704,-1.024,-1.972
2017-03-07T21:45:00Z,-3.266,1.614,0.704,-1.024,-1.972
2017-03-07T22:00:00Z,-2.622,1.546,0.705,-1.023,-1.395
2017-03-07T22:15:00Z,-2.622,1.546,0.705,-1.023,-1.395
2017-03-07T22:30:00Z,-2.622,1.546,0.705,-1.023,-1.395
2017-03-07T22:45:00Z,-2.622,1.546,0.705,-1.023,-1.395
2017-03-07T23:00:00Z,-2.848,1.372,0.681,-0.999,-1.794
2017-03-07T23:15:00Z,-2.848,1.372,0.681,-0.999,-1.794
2017-03-07T23:30:00Z,-2.848,1.372,0.681,-0.999,-1.794
2017-03-07T23:45:00Z,-2.848,1.372,0.681,-0.999,-1.794
2017-03-08T00:00:00Z,-2.228,1.501,0.129,-0.999,-1.597
2017-03-08T00:15:00Z,-2.228,1.501,0.129,-0.999,-1.597
2017-03-08T00:30:00Z,-2.228,1.501,0.129,-0.999,-1.597
2017-03-08T00:45:00Z,-2.228,1.501,0.129,-0.999,-1.597
2017-03-08T01:00:00Z,-1.879,1.35,0.1,-0.999,-1.429
2017-03-08T01:15:00Z,-1.879,1.35,0.1,-0.999,-1.429
2017-03-08T01:30:00Z,-1.879,1.35,0.1,-0.999,-1.429
2017-03-08T01:45:00Z,-1.879,1.35,0.1,-0.999,-1.429
2017-03-08T02:00:00Z,-1.247,0.692,-0.124,-0.999,-1.678
2017-03-08T02:15:00Z,-1.247,0.692,-0.124,-0.999,-1.678
2017-03-08T02:30:00Z,-1.247,0.692,-0.124,-0.999,-1.678
2017-03-08T02:45:00Z,-1.247,0.692,-0.124,-0.999,-1.678
2017-03-08T03:00:00Z,-0.946,-0.076,-0.098,-0.996,-2.115
2017-03-08T03:15:00Z,-0.946,-0.076,-0.098,-0.996,-2.115
2017-03-08T03:30:00Z,-0.946,-0.076,-0.098,-0.996,-2.115
2017-03-08T03:45:00Z,-0.946,-0.076,-0.098,-0.996,-2.115
2017-03-08T04:00:00Z,-1.406,-0.638,0.123,-0.614,-2.534
2017-03-08T04:15:00Z,-1.406,-0.638,0.123,-0.614,-2.534
2017-03-08T04:30:00Z,-1.406,-0.638,0.123,-0.614,-2.534
2017-03-08T04:45:00Z,-1.406,-0.638,0.123,-0.614,-2.534
2017-03-08T05:00:00Z,-2.042,-0.732,0.679,-0.787,-2.882
2017-03-08T05:15:00Z,-2.042,-0.732,0.679,-0.787,-2.882
2017-03-08T05:30:00Z,-2.042,-0.732,0.679,-0.787,-2.882
2017-03-08T05:45:00Z,-2.042,-0.732,0.679,-0.787,-2.882
2017-03-08T06:00:00Z,-1.871,0.162,0.705,-0.996,-2
2017-03-08T06:15:00Z,-1.871,0.162,0.705,-0.996,-2
2017-03-08T06:30:00Z,-1.871,0.162,0.705,-0.996,-2
2017-03-08T06:45:00Z,-1.871,0.162,0.705,-0.996,-2
2017-03-08T07:00:00Z,-1.677,0.725,0.704,-0.919,-1.167
2017-03-08T07:15:00Z,-1.677,0.725,0.704,-0.919,-1.167
2017-03-08T07:30:00Z,-1.677,0.725,0.704,-0.919,-1.167
2017-03-08T07:45:00Z,-1.677,0.725,0.704,-0.919,-1.167
2017-03-08T08:00:00Z,-1.902,1.512,0.674,-1.019,-0.735
2017-03-08T08:15:00Z,-1.902,1.512,0.674,-1.019,-0.735
2017-03-08T08:30:00Z,-1.902,1.512,0.674,-1.019,-0.735
2017-03-08T08:45:00Z,-1.902,1.512,0.674,-1.019,-0.735
2017-03-08T09:00:00Z,-1.646,1.349,0.704,-0.994,-0.587
2017-03-08T09:15:00Z,-1.646,1.349,0.704,-0.994,-0.587
2017-03-08T09:30:00Z,-1.646,1.349,0.704,-0.994,-0.587
2017-03-08T09:45:00Z,-1.646,1.349,0.704,-0.994,-0.587
2017-03-08T10:00:00Z,-1.707,1.48,0.687,-1.004,-0.544
2017-03-08T10:15:00Z,-1.707,1.48,0.687,-1.004,-0.544
2017-03-08T10:30:00Z,-1.707,1.48,0.687,-1.004,-0.544
2017-03-08T10:45:00Z,-1.707,1.48,0.687,-1.004,-0.544
2017-03-08T11:00:00Z,-1.508,2.029,0.203,-1.023,-0.298
2017-03-08T11:15:00Z,-1.508,2.029,0.203,-1.023,-0.298
2017-03-08T11:30:00Z,-1.508,2.029,0.203,-1.023,-0.298
2017-03-08T11:45:00Z,-1.508,2.029,0.203,-1.023,-0.298
2017-03-08T12:00:00Z,-1.616,2.256,0.274,-1.023,-0.11
2017-03-08T12:15:00Z,-1.616,2.256,0.274,-1.023,-0.11
2017-03-08T12:30:00Z,-1.616,2.256,0.274,-1.023,-0.11
2017-03-08T12:45:00Z,-1.616,2.256,0.274,-1.023,-0.11
2017-03-08T13:00:00Z,-1.499,1.696,0.691,-1.023,-0.135
2017-03-08T13:15:00Z,-1.499,1.696,0.691,-1.023,-0.135
2017-03-08T13:30:00Z,-1.499,1.696,0.691,-1.023,-0.135
2017-03-08T13:45:00Z,-1.499,1.696,0.691,-1.023,-0.135
2017-03-08T14:00:00Z,-1.383,1.988,0.704,-1.023,0.286
2017-03-08T14:15:00Z,-1.383,1.988,0.704,-1.023,0.286
2017-03-08T14:30:00Z,-1.383,1.988,0.704,-1.023,0.286
2017-03-08T14:45:00Z,-1.383,1.988,0.704,-1.023,0.286
2017-03-08T15:00:00Z,-1.288,1.988,0.705,-1.023,0.382
2017-03-08T15:15:00Z,-1.288,1.988,0.705,-1.023,0.382
2017-03-08T15:30:00Z,-1.288,1.988,0.705,-1.023,0.382
2017-03-08T15:45:00Z,-1.288,1.988,0.705,-1.023,0.382
2017-03-08T16:00:00Z,-1.195,1.851,0.705,-1.023,0.338
2017-03-08T16:15:00Z,-1.195,1.851,0.705,-1.023,0.338
2017-03-08T16:30:00Z,-1.195,1.851,0.705,-1.023,0.338
2017-03-08T16:45:00Z,-1.195,1.851,0.705,-1.023,0.338
2017-03-08T17:00:00Z,-1.124,1.537,0.705,-1.011,0.108
2017-03-08T17:15:00Z,-1.124,1.537,0.705,-1.011,0.108
2017-03-08T17:30:00Z,-1.124,1.537,0.705,-1.011,0.108
2017-03-08T17:45:00Z,-1.124,1.537,0.705,-1.011,0.108
2017-03-08T18:00:00Z,-1.053,1.534,0.705,-1.045,0.14
2017-03-08T18:15:00Z,-1.053,1.534,0.705,-1.045,0.14
2017-03-08T18:30:00Z,-1.053,1.534,0.705,-1.045,0.14
2017-03-08T18:45:00Z,-1.053,1.534,0.705,-1.045,0.14
2017-03-08T19:00:00Z,-0.991,1.481,0.705,-1.028,0.167
2017-03-08T19:15:00Z,-0.991,1.481,0.705,-1.028,0.167
2017-03-08T19:30:00Z,-0.991,1.481,0.705,-1.028,0.167
2017-03-08T19:45:00Z,-0.991,1.481,0.705,-1.028,0.167
2017-03-08T20:00:00Z,-0.548,1.025,0.705,-1.037,0.146
2017-03-08T20:15:00Z,-0.548,1.025,0.705,-1.037,0.146
2017-03-08T20:30:00Z,-0.548,1.025,0.705,-1.037,0.146
2017-03-08T20:45:00Z,-0.548,1.025,0.705,-1.037,0.146
2017-03-08T21:00:00Z,-0.74,1.063,0.704,-1.041,-0.014
2017-03-08T21:15:00Z,-0.74,1.063,0.704,-1.041,-0.014
2017-03-08T21:30:00Z,-0.74,1.063,0.704,-1.041,-0.014
2017-03-08T21:45:00Z,-0.74,1.063,0.704,-1.041,-0.014
2017-03-08T22:00:00Z,-0.926,1.286,0.609,-1.027,-0.058
2017-03-08T22:15:00Z,-0.926,1.286,0.609,-1.027,-0.058
2017-03-08T22:30:00Z,-0.926,1.286,0.609,-1.027,-0.058
2017-03-08T22:45:00Z,-0.926,1.286,0.609,-1.027,-0.058
2017-03-08T23:00:00Z,-1.2,1.487,0.031,-1.024,-0.706
2017-03-08T23:15:00Z,-1.2,1.487,0.031,-1.024,-0.706
2017-03-08T23:30:00Z,-1.2,1.487,0.031,-1.024,-0.706
2017-03-08T23:45:00Z,-1.2,1.487,0.031,-1.024,-0.706
2017-03-09T00:00:00Z,-1.072,1.714,0,-1.024,-0.382
2017-03-09T00:15:00Z,-1.072,1.714,0,-1.024,-0.382
2017-03-09T00:30:00Z,-1.072,1.714,0,-1.024,-0.382
2017-03-09T00:45:00Z,-1.072,1.714,0,-1.024,-0.382
2017-03-09T01:00:00Z,-0.872,1.419,0,-0.923,-0.375
2017-03-09T01:15:00Z,-0.872,1.419,0,-0.923,-0.375
2017-03-09T01:30:00Z,-0.872,1.419,0,-0.923,-0.375
2017-03-09T01:45:00Z,-0.872,1.419,0,-0.923,-0.375
2017-03-09T02:00:00Z,-0.543,1.288,0,-0.922,-0.177
2017-03-09T02:15:00Z,-0.543,1.288,0,-0.922,-0.177
2017-03-09T02:30:00Z,-0.543,1.288,0,-0.922,-0.177
2017-03-09T02:45:00Z,-0.543,1.288,0,-0.922,-0.177
2017-03-09T03:00:00Z,0.038,0.474,0.002,-0.922,-0.409
2017-03-09T03:15:00Z,0.038,0.474,0.002,-0.922,-0.409
2017-03-09T03:30:00Z,0.038,0.474,0.002,-0.922,-0.409
2017-03-09T03:45:00Z,0.038,0.474,0.002,-0.922,-0.409
2017-03-09T04:00:00Z,-0.259,0.082,0.128,-0.892,-0.941
2017-03-09T04:15:00Z,-0.259,0.082,0.128,-0.892,-0.941
2017-03-09T04:30:00Z,-0.259,0.082,0.128,-0.892,-0.941
2017-03-09T04:45:00Z,-0.259,0.082,0.128,-0.892,-0.941
2017-03-09T05:00:00Z,-0.717,-1.044,0.541,-0.178,-1.397
2017-03-09T05:15:00Z,-0.717,-1.044,0.541,-0.178,-1.397
2017-03-09T05:30:00Z,-0.717,-1.044,0.541,-0.178,-1.397
2017-03-09T05:45:00Z,-0.717,-1.044,0.541,-0.178,-1.397
2017-03-09T06:00:00Z,-0.98,0.053,0.555,-0.487,-0.859
2017-03-09T06:15:00Z,-0.98,0.053,0.555,-0.487,-0.859
2017-03-09T06:30:00Z,-0.98,0.053,0.555,-0.487,-0.859
2017-03-09T06:45:00Z,-0.98,0.053,0.555,-0.487,-0.859
2017-03-09T07:00:00Z,-0.743,-0.037,0.555,-0.174,-0.4
2017-03-09T07:15:00Z,-0.743,-0.037,0.555,-0.174,-0.4
2017-03-09T07:30:00Z,-0.743,-0.037,0.555,-0.174,-0.4
2017-03-09T07:45:00Z,-0.743,-0.037,0.555,-0.174,-0.4
2017-03-09T08:00:00Z,-0.993,0.195,0.555,-0.17,-0.413
2017-03-09T08:15:00Z,-0.993,0.195,0.555,-0.17,-0.413
2017-03-09T08:30:00Z,-0.993,0.195,0.555,-0.17,-0.413
2017-03-09T08:45:00Z,-0.993,0.195,0.555,-0.17,-0.413
2017-03-09T09:00:00Z,-1.492,0.118,0.555,-0.171,-0.99
2017-03-09T09:15:00Z,-1.492,0.118,0.555,-0.171,-0.99
2017-03-09T09:30:00Z,-1.492,0.118,0.555,-0.171,-0.99
2017-03-09T09:45:00Z,-1.492,0.118,0.555,-0.171,-0.99
2017-03-09T10:00:00Z,-1.487,0.027,0.555,-0.271,-1.175
2017-03-09T10:15:00Z,-1.487,0.027,0.555,-0.271,-1.175
2017-03-09T10:30:00Z,-1.487,0.027,0.555,-0.271,-1.175
2017-03-09T10:45:00Z,-1.487,0.027,0.555,-0.271,-1.175
2017-03-09T11:00:00Z,-1.429,-0.02,0.552,-0.505,-1.402
2017-03-09T11:15:00Z,-1.429,-0.02,0.552,-0.505,-1.402
2017-03-09T11:30:00Z,-1.429,-0.02,0.552,-0.505,-1.402
2017-03-09T11:45:00Z,-1.429,-0.02,0.552,-0.505,-1.402
2017-03-09T12:00:00Z,-1.257,0.017,0.383,-1.023,-1.88
2017-03-09T12:15:00Z,-1.257,0.017,0.383,-1.023,-1.88
2017-03-09T12:30:00Z,-1.257,0.017,0.383,-1.023,-1.88
2017-03-09T12:45:00Z,-1.257,0.017,0.383,-1.023,-1.88
2017-03-09T13:00:00Z,-1.403,0.062,0.29,-1.023,-2.074
2017-03-09T13:15:00Z,-1.403,0.062,0.29,-1.023,-2.074
2017-03-09T13:30:00Z,-1.403,0.062,0.29,-1.023,-2.074
2017-03-09T13:45:00Z,-1.403,0.062,0.29,-1.023,-2.074
2017-03-09T14:00:00Z,-1.578,0.043,0.186,-1.023,-2.372
2017-03-09T14:15:00Z,-1.578,0.043,0.186,-1.023,-2.372
2017-03-09T14:30:00Z,-1.578,0.043,0.186,-1.023,-2.372
2017-03-09T14:45:00Z,-1.578,0.043,0.186,-1.023,-2.372
2017-03-09T15:00:00Z,-1.714,0.019,0.394,-1.023,-2.324
2017-03-09T15:15:00Z,-1.714,0.019,0.394,-1.023,-2.324
2017-03-09T15:30:00Z,-1.714,0.019,0.394,-1.023,-2.324
2017-03-09T15:45:00Z,-1.714,0.019,0.394,-1.023,-2.324
2017-03-09T16:00:00Z,-1.923,0.616,0.367,-1.028,-1.967
2017-03-09T16:15:00Z,-1.923,0.616,0.367,-1.028,-1.967
2017-03-09T16:30:00Z,-1.923,0.616,0.367,-1.028,-1.967
2017-03-09T16:45:00Z,-1.923,0.616,0.367,-1.028,-1.967
2017-03-09T17:00:00Z,-2.036,0.683,0.518,-1.037,-1.872
2017-03-09T17:15:00Z,-2.036,0.683,0.518,-1.037,-1.872
2017-03-09T17:30:00Z,-2.036,0.683,0.518,-1.037,-1.872
2017-03-09T17:45:00Z,-2.036,0.683,0.518,-1.037,-1.872
2017-03-09T18:00:00Z,-2.321,2.164,0.309,-1.02,-0.868
2017-03-09T18:15:00Z,-2.321,2.164,0.309,-1.02,-0.868
2017-03-09T18:30:00Z,-2.321,2.164,0.309,-1.02,-0.868
2017-03-09T18:45:00Z,-2.321,2.164,0.309,-1.02,-0.868
2017-03-09T19:00:00Z,-1.879,2.393,0.382,-1.036,-0.14
2017-03-09T19:15:00Z,-1.879,2.393,0.382,-1.036,-0.14
2017-03-09T19:30:00Z,-1.879,2.393,0.382,-1.036,-0.14
2017-03-09T19:45:00Z,-1.879,2.393,0.382,-1.036,-0.14
2017-03-09T20:00:00Z,-1.355,1.956,0.549,-1.043,0.108
2017-03-09T20:15:00Z,-1.355,1.956,0.549,-1.043,0.108
2017-03-09T20:30:00Z,-1.355,1.956,0.549,-1.043,0.108
2017-03-09T20:45:00Z,-1.355,1.956,0.549,-1.043,0.108
2017-03-09T21:00:00Z,-1.307,1.927,0.449,-1.033,0.037
2017-03-09T21:15:00Z,-1.307,1.927,0.449,-1.033,0.037
2017-03-09T21:30:00Z,-1.307,1.927,0.449,-1.033,0.037
2017-03-09T21:45:00Z,-1.307,1.927,0.449,-1.033,0.037
2017-03-09T22:00:00Z,-1.7,2.359,0.528,-1.024,0.163
2017-03-09T22:15:00Z,-1.7,2.359,0.528,-1.024,0.163
2017-03-09T22:30:00Z,-1.7,2.359,0.528,-1.024,0.163
2017-03-09T22:45:00Z,-1.7,2.359,0.528,-1.024,0.163
2017-03-09T23:00:00Z,-1.563,2.068,0.022,-1.024,-0.497
2017-03-09T23:15:00Z,-1.563,2.068,0.022,-1.024,-0.497
2017-03-09T23:30:00Z,-1.563,2.068,0.022,-1.024,-0.497
2017-03-09T23:45:00Z,-1.563,2.068,0.022,-1.024,-0.497
2017-03-10T00:00:00Z,-1.586,2.231,-0.028,-1.024,-0.406
2017-03-10T00:15:00Z,-1.586,2.231,-0.028,-1.024,-0.406
2017-03-10T00:30:00Z,-1.586,2.231,-0.028,-1.024,-0.406
2017-03-10T00:45:00Z,-1.586,2.231,-0.028,-1.024,-0.406
2017-03-10T01:00:00Z,-1.391,2.034,0.132,-1.024,-0.249
2017-03-10T01:15:00Z,-1.391,2.034,0.132,-1.024,-0.249
2017-03-10T01:30:00Z,-1.391,2.034,0.132,-1.024,-0.249
2017-03-10T01:45:00Z,-1.391,2.034,0.132,-1.024,-0.249
2017-03-10T02:00:00Z,-1.384,2.127,0.124,-1.024,-0.157
2017-03-10T02:15:00Z,-1.384,2.127,0.124,-1.024,-0.157
2017-03-10T02:30:00Z,-1.384,2.127,0.124,-1.024,-0.157
2017-03-10T02:45:00Z,-1.384,2.127,0.124,-1.024,-0.157
2017-03-10T03:00:00Z,-1.156,2.599,-0.032,-1.024,0.387
2017-03-10T03:15:00Z,-1.156,2.599,-0.032,-1.024,0.387
2017-03-10T03:30:00Z,-1.156,2.599,-0.032,-1.024,0.387
2017-03-10T03:45:00Z,-1.156,2.599,-0.032,-1.024,0.387
2017-03-10T04:00:00Z,-0.972,2.216,0.096,-1.024,0.316
2017-03-10T04:15:00Z,-0.972,2.216,0.096,-1.024,0.316
2017-03-10T04:30:00Z,-0.972,2.216,0.096,-1.024,0.316
2017-03-10T04:45:00Z,-0.972,2.216,0.096,-1.024,0.316
2017-03-10T05:00:00Z,-1.387,1.868,0.54,-1.024,-0.002
2017-03-10T05:15:00Z,-1.387,1.868,0.54,-1.024,-0.002
2017-03-10T05:30:00Z,-1.387,1.868,0.54,-1.024,-0.002
2017-03-10T05:45:00Z,-1.387,1.868,0.54,-1.024,-0.002
2017-03-10T06:00:00Z,-1.344,1.983,0.555,-1.019,0.176
2017-03-10T06:15:00Z,-1.344,1.983,0.555,-1.019,0.176
2017-03-10T06:30:00Z,-1.344,1.983,0.555,-1.019,0.176
2017-03-10T06:45:00Z,-1.344,1.983,0.555,-1.019,0.176
2017-03-10T07:00:00Z,-1.475,2.233,0.555,-1.024,0.289
2017-03-10T07:15:00Z,-1.475,2.233,0.555,-1.024,0.289
2017-03-10T07:30:00Z,-1.475,2.233,0.555,-1.024,0.289
2017-03-10T07:45:00Z,-1.475,2.233,0.555,-1.024,0.289
2017-03-10T08:00:00Z,-1.556,2.269,0.555,-1.024,0.244
2017-03-10T08:15:00Z,-1.556,2.269,0.555,-1.024,0.244
2017-03-10T08:30:00Z,-1.556,2.269,0.555,-1.024,0.244
2017-03-10T08:45:00Z,-1.556,2.269,0.555,-1.024,0.244
2017-03-10T09:00:00Z,-1.534,2.052,0.525,-1.024,0.019
2017-03-10T09:15:00Z,-1.534,2.052,0.525,-1.024,0.019
2017-03-10T09:30:00Z,-1.534,2.052,0.525,-1.024,0.019
2017-03-10T09:45:00Z,-1.534,2.052,0.525,-1.024,0.019
2017-03-10T10:00:00Z,-1.263,2.065,0.525,-1.024,0.303
2017-03-10T10:15:00Z,-1.263,2.065,0.525,-1.024,0.303
2017-03-10T10:30:00Z,-1.263,2.065,0.525,-1.024,0.303
2017-03-10T10:45:00Z,-1.263,2.065,0.525,-1.024,0.303
2017-03-10T11:00:00Z,-0.946,1.843,0.549,-1.024,0.423
2017-03-10T11:15:00Z,-0.946,1.843,0.549,-1.024,0.423
2017-03-10T11:30:00Z,-0.946,1.843,0.549,-1.024,0.423
2017-03-10T11:45:00Z,-0.946,1.843,0.549,-1.024,0.423
2017-03-10T12:00:00Z,-0.61,1.979,0.269,-1.024,0.614
2017-03-10T12:15:00Z,-0.61,1.979,0.269,-1.024,0.614
2017-03-10T12:30:00Z,-0.61,1.979,0.269,-1.024,0.614
2017-03-10T12:45:00Z,-0.61,1.979,0.269,-1.024,0.614
2017-03-10T13:00:00Z,-0.424,1.897,0.251,-1.025,0.698
2017-03-10T13:15:00Z,-0.424,1.897,0.251,-1.025,0.698
2017-03-10T13:30:00Z,-0.424,1.897,0.251,-1.025,0.698
2017-03-10T13:45:00Z,-0.424,1.897,0.251,-1.025,0.698
2017-03-10T14:00:00Z,-0.491,1.873,0.302,-1.024,0.66
2017-03-10T14:15:00Z,-0.491,1.873,0.302,-1.024,0.66
2017-03-10T14:30:00Z,-0.491,1.873,0.302,-1.024,0.66
2017-03-10T14:45:00Z,-0.491,1.873,0.302,-1.024,0.66
2017-03-10T15:00:00Z,-0.564,1.666,0.55,-1.025,0.627
2017-03-10T15:15:00Z,-0.564,1.666,0.55,-1.025,0.627
2017-03-10T15:30:00Z,-0.564,1.666,0.55,-1.025,0.627
2017-03-10T15:45:00Z,-0.564,1.666,0.55,-1.025,0.627
2017-03-10T16:00:00Z,-0.37,1.487,0.555,-1.059,0.612
2017-03-10T16:15:00Z,-0.37,1.487,0.555,-1.059,0.612
2017-03-10T16:30:00Z,-0.37,1.487,0.555,-1.059,0.612
2017-03-10T16:45:00Z,-0.37,1.487,0.555,-1.059,0.612
2017-03-10T17:00:00Z,-0.122,1.263,0.555,-1.019,0.677
2017-03-10T17:15:00Z,-0.122,1.263,0.555,-1.019,0.677
2017-03-10T17:30:00Z,-0.122,1.263,0.555,-1.019,0.677
2017-03-10T17:45:00Z,-0.122,1.263,0.555,-1.019,0.677
2017-03-10T18:00:00Z,-0.49,1.669,0.555,-1.012,0.722
2017-03-10T18:15:00Z,-0.49,1.669,0.555,-1.012,0.722
2017-03-10T18:30:00Z,-0.49,1.669,0.555,-1.012,0.722
2017-03-10T18:45:00Z,-0.49,1.669,0.555,-1.012,0.722
2017-03-10T19:00:00Z,-0.582,1.46,0.555,-1.016,0.417
2017-03-10T19:15:00Z,-0.582,1.46,0.555,-1.016,0.417
2017-03-10T19:30:00Z,-0.582,1.46,0.555,-1.016,0.417
2017-03-10T19:45:00Z,-0.582,1.46,0.555,-1.016,0.417
2017-03-10T20:00:00Z,-0.949,0.971,0.555,-0.64,-0.063
2017-03-10T20:15:00Z,-0.949,0.971,0.555,-0.64,-0.063
2017-03-10T20:30:00Z,-0.949,0.971,0.555,-0.64,-0.063
2017-03-10T20:45:00Z,-0.949,0.971,0.555,-0.64,-0.063
2017-03-10T21:00:00Z,-1.314,1.435,0.555,-1.028,-0.352
2017-03-10T21:15:00Z,-1.314,1.435,0.555,-1.028,-0.352
2017-03-10T21:30:00Z,-1.314,1.435,0.555,-1.028,-0.352
2017-03-10T21:45:00Z,-1.314,1.435,0.555,-1.028,-0.352
2017-03-10T22:00:00Z,-1.855,2.164,0.558,-1.018,-0.151
2017-03-10T22:15:00Z,-1.855,2.164,0.558,-1.018,-0.151
2017-03-10T22:30:00Z,-1.855,2.164,0.558,-1.018,-0.151
2017-03-10T22:45:00Z,-1.855,2.164,0.558,-1.018,-0.151
2017-03-10T23:00:00Z,-1.815,2.876,0.699,-0.979,0.781
2017-03-10T23:15:00Z,-1.815,2.876,0.699,-0.979,0.781
2017-03-10T23:30:00Z,-1.815,2.876,0.699,-0.979,0.781
2017-03-10T23:45:00Z,-1.815,2.876,0.699,-0.979,0.781
2017-03-11T00:00:00Z,-1.337,3.112,0.57,-0.966,1.379
2017-03-11T00:15:00Z,-1.337,3.112,0.57,-0.966,1.379
2017-03-11T00:30:00Z,-1.337,3.112,0.57,-0.966,1.379
2017-03-11T00:45:00Z,-1.337,3.112,0.57,-0.966,1.379
2017-03-11T01:00:00Z,-1.07,3.331,0.026,-0.96,1.327
2017-03-11T01:15:00Z,-1.07,3.331,0.026,-0.96,1.327
2017-03-11T01:30:00Z,-1.07,3.331,0.026,-0.96,1.327
2017-03-11T01:45:00Z,-1.07,3.331,0.026,-0.96,1.327
2017-03-11T02:00:00Z,-0.421,2.797,0.125,-0.974,1.526
2017-03-11T02:15:00Z,-0.421,2.797,0.125,-0.974,1.526
2017-03-11T02:30:00Z,-0.421,2.797,0.125,-0.974,1.526
2017-03-11T02:45:00Z,-0.421,2.797,0.125,-0.974,1.526
2017-03-11T03:00:00Z,-0.059,2.792,0.003,-0.974,1.762
2017-03-11T03:15:00Z,-0.059,2.792,0.003,-0.974,1.762
2017-03-11T03:30:00Z,-0.059,2.792,0.003,-0.974,1.762
2017-03-11T03:45:00Z,-0.059,2.792,0.003,-0.974,1.762
2017-03-11T04:00:00Z,-0.556,3.061,0,-0.974,1.531
2017-03-11T04:15:00Z,-0.556,3.061,0,-0.974,1.531
2017-03-11T04:30:00Z,-0.556,3.061,0,-0.974,1.531
2017-03-11T04:45:00Z,-0.556,3.061,0,-0.974,1.531
2017-03-11T05:00:00Z,-1.099,3.712,0.052,-0.974,1.69
2017-03-11T05:15:00Z,-1.099,3.712,0.052,-0.974,1.69
2017-03-11T05:30:00Z,-1.099,3.712,0.052,-0.974,1.69
2017-03-11T05:45:00Z,-1.099,3.712,0.052,-0.974,1.69
2017-03-11T06:00:00Z,-1.266,3.324,0.61,-0.974,1.694
2017-03-11T06:15:00Z,-1.266,3.324,0.61,-0.974,1.694
2017-03-11T06:30:00Z,-1.266,3.324,0.61,-0.974,1.694
2017-03-11T06:45:00Z,-1.266,3.324,0.61,-0.974,1.694
2017-03-11T07:00:00Z,-1.148,3.297,0.703,-0.974,1.878
2017-03-11T07:15:00Z,-1.148,3.297,0.703,-0.974,1.878
2017-03-11T07:30:00Z,-1.148,3.297,0.703,-0.974,1.878
2017-03-11T07:45:00Z,-1.148,3.297,0.703,-0.974,1.878
2017-03-11T08:00:00Z,-1.246,3.843,0.705,-1.042,2.26
2017-03-11T08:15:00Z,-1.246,3.843,0.705,-1.042,2.26
2017-03-11T08:30:00Z,-1.246,3.843,0.705,-1.042,2.26
2017-03-11T08:45:00Z,-1.246,3.843,0.705,-1.042,2.26
2017-03-11T09:00:00Z,-1.152,3.785,0.698,-1.044,2.287
2017-03-11T09:15:00Z,-1.152,3.785,0.698,-1.044,2.287
2017-03-11T09:30:00Z,-1.152,3.785,0.698,-1.044,2.287
2017-03-11T09:45:00Z,-1.152,3.785,0.698,-1.044,2.287
2017-03-11T10:00:00Z,-0.827,3.871,0.386,-1.021,2.409
2017-03-11T10:15:00Z,-0.827,3.871,0.386,-1.021,2.409
2017-03-11T10:30:00Z,-0.827,3.871,0.386,-1.021,2.409
2017-03-11T10:45:00Z,-0.827,3.871,0.386,-1.021,2.409
2017-03-11T11:00:00Z,-0.745,4.049,0.012,-1.033,2.283
2017-03-11T11:15:00Z,-0.745,4.049,0.012,-1.033,2.283
2017-03-11T11:30:00Z,-0.745,4.049,0.012,-1.033,2.283
2017-03-11T11:45:00Z,-0.745,4.049,0.012,-1.033,2.283
2017-03-11T12:00:00Z,-0.164,3.666,0,-1.019,2.483
2017-03-11T12:15:00Z,-0.164,3.666,0,-1.019,2.483
2017-03-11T12:30:00Z,-0.164,3.666,0,-1.019,2.483
2017-03-11T12:45:00Z,-0.164,3.666,0,-1.019,2.483
2017-03-11T13:00:00Z,0.066,3.137,0.205,-1.024,2.383
2017-03-11T13:15:00Z,0.066,3.137,0.205,-1.024,2.383
2017-03-11T13:30:00Z,0.066,3.137,0.205,-1.024,2.383
2017-03-11T13:45:00Z,0.066,3.137,0.205,-1.024,2.383
2017-03-11T14:00:00Z,0.335,3.093,0.009,-1.024,2.413
2017-03-11T14:15:00Z,0.335,3.093,0.009,-1.024,2.413
2017-03-11T14:30:00Z,0.335,3.093,0.009,-1.024,2.413
2017-03-11T14:45:00Z,0.335,3.093,0.009,-1.024,2.413
2017-03-11T15:00:00Z,0.24,2.904,0.199,-1.024,2.319
2017-03-11T15:15:00Z,0.24,2.904,0.199,-1.024,2.319
2017-03-11T15:30:00Z,0.24,2.904,0.199,-1.024,2.319
2017-03-11T15:45:00Z,0.24,2.904,0.199,-1.024,2.319
2017-03-11T16:00:00Z,-0.175,2.459,0.686,-1.023,1.946
2017-03-11T16:15:00Z,-0.175,2.459,0.686,-1.023,1.946
2017-03-11T16:30:00Z,-0.175,2.459,0.686,-1.023,1.946
2017-03-11T16:45:00Z,-0.175,2.459,0.686,-1.023,1.946
2017-03-11T17:00:00Z,-0.29,2.052,0.704,-1.005,1.461
2017-03-11T17:15:00Z,-0.29,2.052,0.704,-1.005,1.461
2017-03-11T17:30:00Z,-0.29,2.052,0.704,-1.005,1.461
2017-03-11T17:45:00Z,-0.29,2.052,0.704,-1.005,1.461
2017-03-11T18:00:00Z,-1.498,3.17,0.705,-1.042,1.335
2017-03-11T18:15:00Z,-1.498,3.17,0.705,-1.042,1.335
2017-03-11T18:30:00Z,-1.498,3.17,0.705,-1.042,1.335
2017-03-11T18:45:00Z,-1.498,3.17,0.705,-1.042,1.335
2017-03-11T19:00:00Z,-1.801,3.38,0.697,-1.019,1.257
2017-03-11T19:15:00Z,-1.801,3.38,0.697,-1.019,1.257
2017-03-11T19:30:00Z,-1.801,3.38,0.697,-1.019,1.257
2017-03-11T19:45:00Z,-1.801,3.38,0.697,-1.019,1.257
2017-03-11T20:00:00Z,-1.626,3.42,0.377,-1.022,1.149
2017-03-11T20:15:00Z,-1.626,3.42,0.377,-1.022,1.149
2017-03-11T20:30:00Z,-1.626,3.42,0.377,-1.022,1.149
2017-03-11T20:45:00Z,-1.626,3.42,0.377,-1.022,1.149
2017-03-11T21:00:00Z,-2.451,3.366,0.696,-1.023,0.587
2017-03-11T21:15:00Z,-2.451,3.366,0.696,-1.023,0.587
2017-03-11T21:30:00Z,-2.451,3.366,0.696,-1.023,0.587
2017-03-11T21:45:00Z,-2.451,3.366,0.696,-1.023,0.587
2017-03-11T22:00:00Z,-2.783,3.254,0.703,-1.023,0.151
2017-03-11T22:15:00Z,-2.783,3.254,0.703,-1.023,0.151
2017-03-11T22:30:00Z,-2.783,3.254,0.703,-1.023,0.151
2017-03-11T22:45:00Z,-2.783,3.254,0.703,-1.023,0.151
2017-03-11T23:00:00Z,-2.297,3.801,0.584,-0.977,1.111
2017-03-11T23:15:00Z,-2.297,3.801,0.584,-0.977,1.111
2017-03-11T23:30:00Z,-2.297,3.801,0.584,-0.977,1.111
2017-03-11T23:45:00Z,-2.297,3.801,0.584,-0.977,1.111
2017-03-12T00:00:00Z,-1.347,3.88,0.029,-0.964,1.597
2017-03-12T00:15:00Z,-1.347,3.88,0.029,-0.964,1.597
2017-03-12T00:30:00Z,-1.347,3.88,0.029,-0.964,1.597
2017-03-12T00:45:00Z,-1.347,3.88,0.029,-0.964,1.597
2017-03-12T01:00:00Z,-1.096,3.421,0.157,-0.964,1.517
2017-03-12T01:15:00Z,-1.096,3.421,0.157,-0.964,1.517
2017-03-12T01:30:00Z,-1.096,3.421,0.157,-0.964,1.517
2017-03-12T01:45:00Z,-1.096,3.421,0.157,-0.964,1.517
2017-03-12T02:00:00Z,-1.018,3.631,-0.164,-0.974,1.475
2017-03-12T02:15:00Z,-1.018,3.631,-0.164,-0.974,1.475
2017-03-12T02:30:00Z,-1.018,3.631,-0.164,-0.974,1.475
2017-03-12T02:45:00Z,-1.018,3.631,-0.164,-0.974,1.475
2017-03-12T03:00:00Z,-1.062,3.378,0.042,-0.974,1.384
2017-03-12T03:15:00Z,-1.062,3.378,0.042,-0.974,1.384
2017-03-12T03:30:00Z,-1.062,3.378,0.042,-0.974,1.384
2017-03-12T03:45:00Z,-1.062,3.378,0.042,-0.974,1.384
2017-03-12T04:00:00Z,-1.096,2.977,0.46,-0.974,1.367
2017-03-12T04:15:00Z,-1.096,2.977,0.46,-0.974,1.367
2017-03-12T04:30:00Z,-1.096,2.977,0.46,-0.974,1.367
2017-03-12T04:45:00Z,-1.096,2.977,0.46,-0.974,1.367
2017-03-12T05:00:00Z,-1.381,2.966,0.595,-0.974,1.206
2017-03-12T05:15:00Z,-1.381,2.966,0.595,-0.974,1.206
2017-03-12T05:30:00Z,-1.381,2.966,0.595,-0.974,1.206
2017-03-12T05:45:00Z,-1.381,2.966,0.595,-0.974,1.206
2017-03-12T06:00:00Z,-1.12,2.78,0.588,-0.974,1.274
2017-03-12T06:15:00Z,-1.12,2.78,0.588,-0.974,1.274
2017-03-12T06:30:00Z,-1.12,2.78,0.588,-0.974,1.274
2017-03-12T06:45:00Z,-1.12,2.78,0.588,-0.974,1.274
2017-03-12T07:00:00Z,-1.098,2.827,0.702,-0.974,1.457
2017-03-12T07:15:00Z,-1.098,2.827,0.702,-0.974,1.457
2017-03-12T07:30:00Z,-1.098,2.827,0.702,-0.974,1.457
2017-03-12T07:45:00Z,-1.098,2.827,0.702,-0.974,1.457
2017-03-12T08:00:00Z,-1.309,3.229,0.704,-1.023,1.601
2017-03-12T08:15:00Z,-1.309,3.229,0.704,-1.023,1.601
2017-03-12T08:30:00Z,-1.309,3.229,0.704,-1.023,1.601
2017-03-12T08:45:00Z,-1.309,3.229,0.704,-1.023,1.601
2017-03-12T09:00:00Z,-1.37,3.214,0.692,-1.023,1.513
2017-03-12T09:15:00Z,-1.37,3.214,0.692,-1.023,1.513
2017-03-12T09:30:00Z,-1.37,3.214,0.692,-1.023,1.513
2017-03-12T09:45:00Z,-1.37,3.214,0.692,-1.023,1.513
2017-03-12T10:00:00Z,-1.163,3.314,0.28,-1.024,1.407
2017-03-12T10:15:00Z,-1.163,3.314,0.28,-1.024,1.407
2017-03-12T10:30:00Z,-1.163,3.314,0.28,-1.024,1.407
2017-03-12T10:45:00Z,-1.163,3.314,0.28,-1.024,1.407
2017-03-12T11:00:00Z,-1.159,2.767,0.564,-1.024,1.147
2017-03-12T11:15:00Z,-1.159,2.767,0.564,-1.024,1.147
2017-03-12T11:30:00Z,-1.159,2.767,0.564,-1.024,1.147
2017-03-12T11:45:00Z,-1.159,2.767,0.564,-1.024,1.147
2017-03-12T12:00:00Z,-0.478,3.374,0.023,-1.024,1.895
2017-03-12T12:15:00Z,-0.478,3.374,0.023,-1.024,1.895
2017-03-12T12:30:00Z,-0.478,3.374,0.023,-1.024,1.895
2017-03-12T12:45:00Z,-0.478,3.374,0.023,-1.024,1.895
2017-03-12T13:00:00Z,-0.199,2.802,0,-1.024,1.579
2017-03-12T13:15:00Z,-0.199,2.802,0,-1.024,1.579
2017-03-12T13:30:00Z,-0.199,2.802,0,-1.024,1.579
2017-03-12T13:45:00Z,-0.199,2.802,0,-1.024,1.579
2017-03-12T14:00:00Z,0.5,2.282,-0.074,-1.024,1.684
2017-03-12T14:15:00Z,0.5,2.282,-0.074,-1.024,1.684
2017-03-12T14:30:00Z,0.5,2.282,-0.074,-1.024,1.684
2017-03-12T14:45:00Z,0.5,2.282,-0.074,-1.024,1.684
2017-03-12T15:00:00Z,0.838,2.107,0.001,-1.024,1.922
2017-03-12T15:15:00Z,0.838,2.107,0.001,-1.024,1.922
2017-03-12T15:30:00Z,0.838,2.107,0.001,-1.024,1.922
2017-03-12T15:45:00Z,0.838,2.107,0.001,-1.024,1.922
2017-03-12T16:00:00Z,1.077,2.17,0.125,-1.023,2.349
2017-03-12T16:15:00Z,1.077,2.17,0.125,-1.023,2.349
2017-03-12T16:30:00Z,1.077,2.17,0.125,-1.023,2.349
2017-03-12T16:45:00Z,1.077,2.17,0.125,-1.023,2.349
2017-03-12T17:00:00Z,0.192,2.275,0.679,-1.023,2.123
2017-03-12T17:15:00Z,0.192,2.275,0.679,-1.023,2.123
2017-03-12T17:30:00Z,0.192,2.275,0.679,-1.023,2.123
2017-03-12T17:45:00Z,0.192,2.275,0.679,-1.023,2.123
2017-03-12T18:00:00Z,-0.754,2.675,0.705,-1.023,1.603
2017-03-12T18:15:00Z,-0.754,2.675,0.705,-1.023,1.603
2017-03-12T18:30:00Z,-0.754,2.675,0.705,-1.023,1.603
2017-03-12T18:45:00Z,-0.754,2.675,0.705,-1.023,1.603
2017-03-12T19:00:00Z,-0.937,2.56,0.705,-1.023,1.305
2017-03-12T19:15:00Z,-0.937,2.56,0.705,-1.023,1.305
2017-03-12T19:30:00Z,-0.937,2.56,0.705,-1.023,1.305
2017-03-12T19:45:00Z,-0.937,2.56,0.705,-1.023,1.305
2017-03-12T20:00:00Z,-0.951,2.524,0.705,-1.023,1.255
2017-03-12T20:15:00Z,-0.951,2.524,0.705,-1.023,1.255
2017-03-12T20:30:00Z,-0.951,2.524,0.705,-1.023,1.255
2017-03-12T20:45:00Z,-0.951,2.524,0.705,-1.023,1.255
2017-03-12T21:00:00Z,-1.26,2.49,0.705,-1.023,0.911
2017-03-12T21:15:00Z,-1.26,2.49,0.705,-1.023,0.911
2017-03-12T21:30:00Z,-1.26,2.49,0.705,-1.023,0.911
2017-03-12T21:45:00Z,-1.26,2.49,0.705,-1.023,0.911
2017-03-12T22:00:00Z,-1.173,2.599,0.681,-1.023,1.084
2017-03-12T22:15:00Z,-1.173,2.599,0.681,-1.023,1.084
2017-03-12T22:30:00Z,-1.173,2.599,0.681,-1.023,1.084
2017-03-12T22:45:00Z,-1.173,2.599,0.681,-1.023,1.084
2017-03-12T23:00:00Z,-0.377,3.466,0.114,-0.974,2.228
2017-03-12T23:15:00Z,-0.377,3.466,0.114,-0.974,2.228
2017-03-12T23:30:00Z,-0.377,3.466,0.114,-0.974,2.228
2017-03-12T23:45:00Z,-0.377,3.466,0.114,-0.974,2.228
2017-03-13T00:00:00Z,-0.058,4.127,-0.379,-0.973,2.717
2017-03-13T00:15:00Z,-0.058,4.127,-0.379,-0.973,2.717
2017-03-13T00:30:00Z,-0.058,4.127,-0.379,-0.973,2.717
2017-03-13T00:45:00Z,-0.058,4.127,-0.379,-0.973,2.717
2017-03-13T01:00:00Z,0.737,3.493,-0.218,-0.976,3.036
2017-03-13T01:15:00Z,0.737,3.493,-0.218,-0.976,3.036
2017-03-13T01:30:00Z,0.737,3.493,-0.218,-0.976,3.036
2017-03-13T01:45:00Z,0.737,3.493,-0.218,-0.976,3.036
2017-03-13T02:00:00Z,1.245,2.994,-0.213,-0.938,3.088
2017-03-13T02:15:00Z,1.245,2.994,-0.213,-0.938,3.088
2017-03-13T02:30:00Z,1.245,2.994,-0.213,-0.938,3.088
2017-03-13T02:45:00Z,1.245,2.994,-0.213,-0.938,3.088
2017-03-13T03:00:00Z,1.394,2.727,-0.344,-0.736,3.041
2017-03-13T03:15:00Z,1.394,2.727,-0.344,-0.736,3.041
2017-03-13T03:30:00Z,1.394,2.727,-0.344,-0.736,3.041
2017-03-13T03:45:00Z,1.394,2.727,-0.344,-0.736,3.041
2017-03-13T04:00:00Z,1.109,1.532,0.015,-0.76,1.896
2017-03-13T04:15:00Z,1.109,1.532,0.015,-0.76,1.896
2017-03-13T04:30:00Z,1.109,1.532,0.015,-0.76,1.896
2017-03-13T04:45:00Z,1.109,1.532,0.015,-0.76,1.896
2017-03-13T05:00:00Z,-0.073,0.372,0.58,-0.725,0.154
2017-03-13T05:15:00Z,-0.073,0.372,0.58,-0.725,0.154
2017-03-13T05:30:00Z,-0.073,0.372,0.58,-0.725,0.154
2017-03-13T05:45:00Z,-0.073,0.372,0.58,-0.725,0.154
2017-03-13T06:00:00Z,-0.461,0.308,0.702,-1.016,-0.466
2017-03-13T06:15:00Z,-0.461,0.308,0.702,-1.016,-0.466
2017-03-13T06:30:00Z,-0.461,0.308,0.702,-1.016,-0.466
2017-03-13T06:45:00Z,-0.461,0.308,0.702,-1.016,-0.466
2017-03-13T07:00:00Z,-0.655,1.277,0.704,-1.005,0.321
2017-03-13T07:15:00Z,-0.655,1.277,0.704,-1.005,0.321
2017-03-13T07:30:00Z,-0.655,1.277,0.704,-1.005,0.321
2017-03-13T07:45:00Z,-0.655,1.277,0.704,-1.005,0.321
2017-03-13T08:00:00Z,-1.321,1.881,0.704,-1.017,0.247
2017-03-13T08:15:00Z,-1.321,1.881,0.704,-1.017,0.247
2017-03-13T08:30:00Z,-1.321,1.881,0.704,-1.017,0.247
2017-03-13T08:45:00Z,-1.321,1.881,0.704,-1.017,0.247
2017-03-13T09:00:00Z,-1.649,1.999,0.584,-1.025,-0.091
2017-03-13T09:15:00Z,-1.649,1.999,0.584,-1.025,-0.091
2017-03-13T09:30:00Z,-1.649,1.999,0.584,-1.025,-0.091
2017-03-13T09:45:00Z,-1.649,1.999,0.584,-1.025,-0.091
2017-03-13T10:00:00Z,-1.262,1.912,0.027,-1.019,-0.342
2017-03-13T10:15:00Z,-1.262,1.912,0.027,-1.019,-0.342
2017-03-13T10:30:00Z,-1.262,1.912,0.027,-1.019,-0.342
2017-03-13T10:45:00Z,-1.262,1.912,0.027,-1.019,-0.342
2017-03-13T11:00:00Z,-0.861,1.504,0,-1.044,-0.401
2017-03-13T11:15:00Z,-0.861,1.504,0,-1.044,-0.401
2017-03-13T11:30:00Z,-0.861,1.504,0,-1.044,-0.401
2017-03-13T11:45:00Z,-0.861,1.504,0,-1.044,-0.401
2017-03-13T12:00:00Z,-0.455,1.138,0,-1.06,-0.377
2017-03-13T12:15:00Z,-0.455,1.138,0,-1.06,-0.377
2017-03-13T12:30:00Z,-0.455,1.138,0,-1.06,-0.377
2017-03-13T12:45:00Z,-0.455,1.138,0,-1.06,-0.377
2017-03-13T13:00:00Z,-0.198,1.026,0.012,-1.064,-0.224
2017-03-13T13:15:00Z,-0.198,1.026,0.012,-1.064,-0.224
2017-03-13T13:30:00Z,-0.198,1.026,0.012,-1.064,-0.224
2017-03-13T13:45:00Z,-0.198,1.026,0.012,-1.064,-0.224
2017-03-13T14:00:00Z,-0.028,0.052,0.425,-1.039,-0.59
2017-03-13T14:15:00Z,-0.028,0.052,0.425,-1.039,-0.59
2017-03-13T14:30:00Z,-0.028,0.052,0.425,-1.039,-0.59
2017-03-13T14:45:00Z,-0.028,0.052,0.425,-1.039,-0.59
2017-03-13T15:00:00Z,-0.023,-0.297,0.699,-1.029,-0.65
2017-03-13T15:15:00Z,-0.023,-0.297,0.699,-1.029,-0.65
2017-03-13T15:30:00Z,-0.023,-0.297,0.699,-1.029,-0.65
2017-03-13T15:45:00Z,-0.023,-0.297,0.699,-1.029,-0.65
2017-03-13T16:00:00Z,0.315,-0.332,0.705,-1.017,-0.329
2017-03-13T16:15:00Z,0.315,-0.332,0.705,-1.017,-0.329
2017-03-13T16:30:00Z,0.315,-0.332,0.705,-1.017,-0.329
2017-03-13T16:45:00Z,0.315,-0.332,0.705,-1.017,-0.329
2017-03-13T17:00:00Z,0.381,-0.521,0.705,-1.02,-0.455
2017-03-13T17:15:00Z,0.381,-0.521,0.705,-1.02,-0.455
2017-03-13T17:30:00Z,0.381,-0.521,0.705,-1.02,-0.455
2017-03-13T17:45:00Z,0.381,-0.521,0.705,-1.02,-0.455
2017-03-13T18:00:00Z,-0.388,0.617,0.705,-1.009,-0.075
2017-03-13T18:15:00Z,-0.388,0.617,0.705,-1.009,-0.075
2017-03-13T18:30:00Z,-0.388,0.617,0.705,-1.009,-0.075
2017-03-13T18:45:00Z,-0.388,0.617,0.705,-1.009,-0.075
2017-03-13T19:00:00Z,-0.627,0.495,0.705,-1.017,-0.444
2017-03-13T19:15:00Z,-0.627,0.495,0.705,-1.017,-0.444
2017-03-13T19:30:00Z,-0.627,0.495,0.705,-1.017,-0.444
2017-03-13T19:45:00Z,-0.627,0.495,0.705,-1.017,-0.444
2017-03-13T20:00:00Z,-1.122,0.479,0.705,-1.016,-0.955
2017-03-13T20:15:00Z,-1.122,0.479,0.705,-1.016,-0.955
2017-03-13T20:30:00Z,-1.122,0.479,0.705,-1.016,-0.955
2017-03-13T20:45:00Z,-1.122,0.479,0.705,-1.016,-0.955
2017-03-13T21:00:00Z,-1.874,0.716,0.705,-0.973,-1.426
2017-03-13T21:15:00Z,-1.874,0.716,0.705,-0.973,-1.426
2017-03-13T21:30:00Z,-1.874,0.716,0.705,-0.973,-1.426
2017-03-13T21:45:00Z,-1.874,0.716,0.705,-0.973,-1.426
2017-03-13T22:00:00Z,-1.808,1.106,0.681,-0.864,-0.885
2017-03-13T22:15:00Z,-1.808,1.106,0.681,-0.864,-0.885
2017-03-13T22:30:00Z,-1.808,1.106,0.681,-0.864,-0.885
2017-03-13T22:45:00Z,-1.808,1.106,0.681,-0.864,-0.885
2017-03-13T23:00:00Z,-1.234,1.907,0.128,-0.792,0.009
2017-03-13T23:15:00Z,-1.234,1.907,0.128,-0.792,0.009
2017-03-13T23:30:00Z,-1.234,1.907,0.128,-0.792,0.009
2017-03-13T23:45:00Z,-1.234,1.907,0.128,-0.792,0.009
2017-03-14T00:00:00Z,-1.209,1.917,-0.023,-0.803,-0.118
2017-03-14T00:15:00Z,-1.209,1.917,-0.023,-0.803,-0.118
2017-03-14T00:30:00Z,-1.209,1.917,-0.023,-0.803,-0.118
2017-03-14T00:45:00Z,-1.209,1.917,-0.023,-0.803,-0.118
2017-03-14T01:00:00Z,-0.723,2.27,-0.594,-0.793,0.161
2017-03-14T01:15:00Z,-0.723,2.27,-0.594,-0.793,0.161
2017-03-14T01:30:00Z,-0.723,2.27,-0.594,-0.793,0.161
2017-03-14T01:45:00Z,-0.723,2.27,-0.594,-0.793,0.161
2017-03-14T02:00:00Z,-0.365,1.816,-0.654,-0.797,-0
2017-03-14T02:15:00Z,-0.365,1.816,-0.654,-0.797,-0
2017-03-14T02:30:00Z,-0.365,1.816,-0.654,-0.797,-0
2017-03-14T02:45:00Z,-0.365,1.816,-0.654,-0.797,-0
2017-03-14T03:00:00Z,-0.491,0.933,-0.135,-0.793,-0.486
2017-03-14T03:15:00Z,-0.491,0.933,-0.135,-0.793,-0.486
2017-03-14T03:30:00Z,-0.491,0.933,-0.135,-0.793,-0.486
2017-03-14T03:45:00Z,-0.491,0.933,-0.135,-0.793,-0.486
2017-03-14T04:00:00Z,-0.761,0.085,0.122,-0.451,-1.006
2017-03-14T04:15:00Z,-0.761,0.085,0.122,-0.451,-1.006
2017-03-14T04:30:00Z,-0.761,0.085,0.122,-0.451,-1.006
2017-03-14T04:45:00Z,-0.761,0.085,0.122,-0.451,-1.006
2017-03-14T05:00:00Z,-1.699,-0.383,0.679,-0.224,-1.628
2017-03-14T05:15:00Z,-1.699,-0.383,0.679,-0.224,-1.628
2017-03-14T05:30:00Z,-1.699,-0.383,0.679,-0.224,-1.628
2017-03-14T05:45:00Z,-1.699,-0.383,0.679,-0.224,-1.628
2017-03-14T06:00:00Z,-1.914,0.322,0.705,-0.138,-1.025
2017-03-14T06:15:00Z,-1.914,0.322,0.705,-0.138,-1.025
2017-03-14T06:30:00Z,-1.914,0.322,0.705,-0.138,-1.025
2017-03-14T06:45:00Z,-1.914,0.322,0.705,-0.138,-1.025
2017-03-14T07:00:00Z,-1.835,0.942,0.705,-0.163,-0.351
2017-03-14T07:15:00Z,-1.835,0.942,0.705,-0.163,-0.351
2017-03-14T07:30:00Z,-1.835,0.942,0.705,-0.163,-0.351
2017-03-14T07:45:00Z,-1.835,0.942,0.705,-0.163,-0.351
2017-03-14T08:00:00Z,-1.847,1.645,0.705,-0.992,-0.489
2017-03-14T08:15:00Z,-1.847,1.645,0.705,-0.992,-0.489
2017-03-14T08:30:00Z,-1.847,1.645,0.705,-0.992,-0.489
2017-03-14T08:45:00Z,-1.847,1.645,0.705,-0.992,-0.489
2017-03-14T09:00:00Z,-2.05,1.574,0.705,-1.017,-0.788
2017-03-14T09:15:00Z,-2.05,1.574,0.705,-1.017,-0.788
2017-03-14T09:30:00Z,-2.05,1.574,0.705,-1.017,-0.788
2017-03-14T09:45:00Z,-2.05,1.574,0.705,-1.017,-0.788
2017-03-14T10:00:00Z,-1.978,1.474,0.404,-1.007,-1.107
2017-03-14T10:15:00Z,-1.978,1.474,0.404,-1.007,-1.107
2017-03-14T10:30:00Z,-1.978,1.474,0.404,-1.007,-1.107
2017-03-14T10:45:00Z,-1.978,1.474,0.404,-1.007,-1.107
2017-03-14T11:00:00Z,-1.525,1.574,0.066,-1.03,-0.915
2017-03-14T11:15:00Z,-1.525,1.574,0.066,-1.03,-0.915
2017-03-14T11:30:00Z,-1.525,1.574,0.066,-1.03,-0.915
2017-03-14T11:45:00Z,-1.525,1.574,0.066,-1.03,-0.915
2017-03-14T12:00:00Z,-1.066,1.723,-0.126,-1.015,-0.484
2017-03-14T12:15:00Z,-1.066,1.723,-0.126,-1.015,-0.484
2017-03-14T12:30:00Z,-1.066,1.723,-0.126,-1.015,-0.484
2017-03-14T12:45:00Z,-1.066,1.723,-0.126,-1.015,-0.484
2017-03-14T13:00:00Z,-0.935,1.654,-0.111,-1.02,-0.412
2017-03-14T13:15:00Z,-0.935,1.654,-0.111,-1.02,-0.412
2017-03-14T13:30:00Z,-0.935,1.654,-0.111,-1.02,-0.412
2017-03-14T13:45:00Z,-0.935,1.654,-0.111,-1.02,-0.412
2017-03-14T14:00:00Z,-1.054,1.517,0.11,-1.016,-0.443
2017-03-14T14:15:00Z,-1.054,1.517,0.11,-1.016,-0.443
2017-03-14T14:30:00Z,-1.054,1.517,0.11,-1.016,-0.443
2017-03-14T14:45:00Z,-1.054,1.517,0.11,-1.016,-0.443
2017-03-14T15:00:00Z,-1.555,1.381,0.679,-0.979,-0.473
2017-03-14T15:15:00Z,-1.555,1.381,0.679,-0.979,-0.473
2017-03-14T15:30:00Z,-1.555,1.381,0.679,-0.979,-0.473
2017-03-14T15:45:00Z,-1.555,1.381,0.679,-0.979,-0.473
2017-03-14T16:00:00Z,-1.526,1.422,0.705,-0.897,-0.296
2017-03-14T16:15:00Z,-1.526,1.422,0.705,-0.897,-0.296
2017-03-14T16:30:00Z,-1.526,1.422,0.705,-0.897,-0.296
2017-03-14T16:45:00Z,-1.526,1.422,0.705,-0.897,-0.296
2017-03-14T17:00:00Z,-1.801,1.39,0.705,-1.036,-0.742
2017-03-14T17:15:00Z,-1.801,1.39,0.705,-1.036,-0.742
2017-03-14T17:30:00Z,-1.801,1.39,0.705,-1.036,-0.742
2017-03-14T17:45:00Z,-1.801,1.39,0.705,-1.036,-0.742
2017-03-14T18:00:00Z,-1.712,1.58,0.705,-1.031,-0.458
2017-03-14T18:15:00Z,-1.712,1.58,0.705,-1.031,-0.458
2017-03-14T18:30:00Z,-1.712,1.58,0.705,-1.031,-0.458
2017-03-14T18:45:00Z,-1.712,1.58,0.705,-1.031,-0.458
2017-03-14T19:00:00Z,-1.558,1.382,0.705,-1.036,-0.507
2017-03-14T19:15:00Z,-1.558,1.382,0.705,-1.036,-0.507
2017-03-14T19:30:00Z,-1.558,1.382,0.705,-1.036,-0.507
2017-03-14T19:45:00Z,-1.558,1.382,0.705,-1.036,-0.507
2017-03-14T20:00:00Z,-1.265,1.463,0.705,-1.025,-0.122
2017-03-14T20:15:00Z,-1.265,1.463,0.705,-1.025,-0.122
2017-03-14T20:30:00Z,-1.265,1.463,0.705,-1.025,-0.122
2017-03-14T20:45:00Z,-1.265,1.463,0.705,-1.025,-0.122
2017-03-14T21:00:00Z,-1.229,1.53,0.694,-1.037,-0.043
2017-03-14T21:15:00Z,-1.229,1.53,0.694,-1.037,-0.043
2017-03-14T21:30:00Z,-1.229,1.53,0.694,-1.037,-0.043
2017-03-14T21:45:00Z,-1.229,1.53,0.694,-1.037,-0.043
2017-03-14T22:00:00Z,-1.069,1.287,0.283,-1.029,-0.529
2017-03-14T22:15:00Z,-1.069,1.287,0.283,-1.029,-0.529
2017-03-14T22:30:00Z,-1.069,1.287,0.283,-1.029,-0.529
2017-03-14T22:45:00Z,-1.069,1.287,0.283,-1.029,-0.529
2017-03-14T23:00:00Z,-1.007,1.993,-0.296,-0.961,-0.27
2017-03-14T23:15:00Z,-1.007,1.993,-0.296,-0.961,-0.27
2017-03-14T23:30:00Z,-1.007,1.993,-0.296,-0.961,-0.27
2017-03-14T23:45:00Z,-1.007,1.993,-0.296,-0.961,-0.27
2017-03-15T00:00:00Z,-0.735,2.032,-0.521,-0.885,-0.11
2017-03-15T00:15:00Z,-0.735,2.032,-0.521,-0.885,-0.11
2017-03-15T00:30:00Z,-0.735,2.032,-0.521,-0.885,-0.11
2017-03-15T00:45:00Z,-0.735,2.032,-0.521,-0.885,-0.11
2017-03-15T01:00:00Z,-0.863,1.906,-0.437,-0.894,-0.288
2017-03-15T01:15:00Z,-0.863,1.906,-0.437,-0.894,-0.288
2017-03-15T01:30:00Z,-0.863,1.906,-0.437,-0.894,-0.288
2017-03-15T01:45:00Z,-0.863,1.906,-0.437,-0.894,-0.288
2017-03-15T02:00:00Z,-0.806,1.767,-0.012,-0.896,0.053
2017-03-15T02:15:00Z,-0.806,1.767,-0.012,-0.896,0.053
2017-03-15T02:30:00Z,-0.806,1.767,-0.012,-0.896,0.053
2017-03-15T02:45:00Z,-0.806,1.767,-0.012,-0.896,0.053
2017-03-15T03:00:00Z,-0.892,1.806,0.151,-0.901,0.163
2017-03-15T03:15:00Z,-0.892,1.806,0.151,-0.901,0.163
2017-03-15T03:30:00Z,-0.892,1.806,0.151,-0.901,0.163
2017-03-15T03:45:00Z,-0.892,1.806,0.151,-0.901,0.163
2017-03-15T04:00:00Z,-0.956,1.563,0.113,-0.907,-0.188
2017-03-15T04:15:00Z,-0.956,1.563,0.113,-0.907,-0.188
2017-03-15T04:30:00Z,-0.956,1.563,0.113,-0.907,-0.188
2017-03-15T04:45:00Z,-0.956,1.563,0.113,-0.907,-0.188
2017-03-15T05:00:00Z,-1.649,1.093,0.633,-0.898,-0.821
2017-03-15T05:15:00Z,-1.649,1.093,0.633,-0.898,-0.821
2017-03-15T05:30:00Z,-1.649,1.093,0.633,-0.898,-0.821
2017-03-15T05:45:00Z,-1.649,1.093,0.633,-0.898,-0.821
2017-03-15T06:00:00Z,-1.396,1.48,0.704,-0.878,-0.09
2017-03-15T06:15:00Z,-1.396,1.48,0.704,-0.878,-0.09
2017-03-15T06:30:00Z,-1.396,1.48,0.704,-0.878,-0.09
2017-03-15T06:45:00Z,-1.396,1.48,0.704,-0.878,-0.09
2017-03-15T07:00:00Z,-1.464,2.231,0.705,-1.04,0.432
2017-03-15T07:15:00Z,-1.464,2.231,0.705,-1.04,0.432
2017-03-15T07:30:00Z,-1.464,2.231,0.705,-1.04,0.432
2017-03-15T07:45:00Z,-1.464,2.231,0.705,-1.04,0.432
2017-03-15T08:00:00Z,-1.725,2.506,0.705,-1.04,0.446
2017-03-15T08:15:00Z,-1.725,2.506,0.705,-1.04,0.446
2017-03-15T08:30:00Z,-1.725,2.506,0.705,-1.04,0.446
2017-03-15T08:45:00Z,-1.725,2.506,0.705,-1.04,0.446
2017-03-15T09:00:00Z,-1.563,1.945,0.705,-1.028,0.058
2017-03-15T09:15:00Z,-1.563,1.945,0.705,-1.028,0.058
2017-03-15T09:30:00Z,-1.563,1.945,0.705,-1.028,0.058
2017-03-15T09:45:00Z,-1.563,1.945,0.705,-1.028,0.058
2017-03-15T10:00:00Z,-1.574,1.973,0.705,-1.016,0.087
2017-03-15T10:15:00Z,-1.574,1.973,0.705,-1.016,0.087
2017-03-15T10:30:00Z,-1.574,1.973,0.705,-1.016,0.087
2017-03-15T10:45:00Z,-1.574,1.973,0.705,-1.016,0.087
2017-03-15T11:00:00Z,-1.193,1.744,0.705,-1.025,0.231
2017-03-15T11:15:00Z,-1.193,1.744,0.705,-1.025,0.231
2017-03-15T11:30:00Z,-1.193,1.744,0.705,-1.025,0.231
2017-03-15T11:45:00Z,-1.193,1.744,0.705,-1.025,0.231
2017-03-15T12:00:00Z,-1.038,1.765,0.686,-1.025,0.388
2017-03-15T12:15:00Z,-1.038,1.765,0.686,-1.025,0.388
2017-03-15T12:30:00Z,-1.038,1.765,0.686,-1.025,0.388
2017-03-15T12:45:00Z,-1.038,1.765,0.686,-1.025,0.388
2017-03-15T13:00:00Z,-0.95,1.752,0.672,-1.025,0.449
2017-03-15T13:15:00Z,-0.95,1.752,0.672,-1.025,0.449
2017-03-15T13:30:00Z,-0.95,1.752,0.672,-1.025,0.449
2017-03-15T13:45:00Z,-0.95,1.752,0.672,-1.025,0.449
2017-03-15T14:00:00Z,-0.834,1.448,0.704,-1.025,0.293
2017-03-15T14:15:00Z,-0.834,1.448,0.704,-1.025,0.293
2017-03-15T14:30:00Z,-0.834,1.448,0.704,-1.025,0.293
2017-03-15T14:45:00Z,-0.834,1.448,0.704,-1.025,0.293
2017-03-15T15:00:00Z,-0.894,1.476,0.704,-1.024,0.262
2017-03-15T15:15:00Z,-0.894,1.476,0.704,-1.024,0.262
2017-03-15T15:30:00Z,-0.894,1.476,0.704,-1.024,0.262
2017-03-15T15:45:00Z,-0.894,1.476,0.704,-1.024,0.262
2017-03-15T16:00:00Z,-0.723,1.554,0.704,-1.025,0.51
2017-03-15T16:15:00Z,-0.723,1.554,0.704,-1.025,0.51
2017-03-15T16:30:00Z,-0.723,1.554,0.704,-1.025,0.51
2017-03-15T16:45:00Z,-0.723,1.554,0.704,-1.025,0.51
2017-03-15T17:00:00Z,-0.886,1.281,0.705,-1.041,0.059
2017-03-15T17:15:00Z,-0.886,1.281,0.705,-1.041,0.059
2017-03-15T17:30:00Z,-0.886,1.281,0.705,-1.041,0.059
2017-03-15T17:45:00Z,-0.886,1.281,0.705,-1.041,0.059
2017-03-15T18:00:00Z,-0.981,1.727,0.705,-1.031,0.42
2017-03-15T18:15:00Z,-0.981,1.727,0.705,-1.031,0.42
2017-03-15T18:30:00Z,-0.981,1.727,0.705,-1.031,0.42
2017-03-15T18:45:00Z,-0.981,1.727,0.705,-1.031,0.42
2017-03-15T19:00:00Z,-1.264,1.753,0.705,-1.023,0.171
2017-03-15T19:15:00Z,-1.264,1.753,0.705,-1.023,0.171
2017-03-15T19:30:00Z,-1.264,1.753,0.705,-1.023,0.171
2017-03-15T19:45:00Z,-1.264,1.753,0.705,-1.023,0.171
2017-03-15T20:00:00Z,-1.447,1.377,0.705,-1.029,-0.394
2017-03-15T20:15:00Z,-1.447,1.377,0.705,-1.029,-0.394
2017-03-15T20:30:00Z,-1.447,1.377,0.705,-1.029,-0.394
2017-03-15T20:45:00Z,-1.447,1.377,0.705,-1.029,-0.394
2017-03-15T21:00:00Z,-1.999,1.413,0.705,-1.027,-0.907
2017-03-15T21:15:00Z,-1.999,1.413,0.705,-1.027,-0.907
2017-03-15T21:30:00Z,-1.999,1.413,0.705,-1.027,-0.907
2017-03-15T21:45:00Z,-1.999,1.413,0.705,-1.027,-0.907
2017-03-15T22:00:00Z,-2.26,1.494,0.683,-1.022,-1.104
2017-03-15T22:15:00Z,-2.26,1.494,0.683,-1.022,-1.104
2017-03-15T22:30:00Z,-2.26,1.494,0.683,-1.022,-1.104
2017-03-15T22:45:00Z,-2.26,1.494,0.683,-1.022,-1.104
2017-03-15T23:00:00Z,-1.711,2.1,0.533,-0.928,-0.006
2017-03-15T23:15:00Z,-1.711,2.1,0.533,-0.928,-0.006
2017-03-15T23:30:00Z,-1.711,2.1,0.533,-0.928,-0.006
2017-03-15T23:45:00Z,-1.711,2.1,0.533,-0.928,-0.006
2017-03-16T00:00:00Z,-1.429,2.177,0.701,-0.939,0.51
2017-03-16T00:15:00Z,-1.429,2.177,0.701,-0.939,0.51
2017-03-16T00:30:00Z,-1.429,2.177,0.701,-0.939,0.51
2017-03-16T00:45:00Z,-1.429,2.177,0.701,-0.939,0.51
2017-03-16T01:00:00Z,-1.476,2.239,0.693,-0.922,0.534
2017-03-16T01:15:00Z,-1.476,2.239,0.693,-0.922,0.534
2017-03-16T01:30:00Z,-1.476,2.239,0.693,-0.922,0.534
2017-03-16T01:45:00Z,-1.476,2.239,0.693,-0.922,0.534
2017-03-16T02:00:00Z,-0.927,2.43,0.285,-0.938,0.85
2017-03-16T02:15:00Z,-0.927,2.43,0.285,-0.938,0.85
2017-03-16T02:30:00Z,-0.927,2.43,0.285,-0.938,0.85
2017-03-16T02:45:00Z,-0.927,2.43,0.285,-0.938,0.85
2017-03-16T03:00:00Z,-0.783,2.117,0.069,-0.922,0.481
2017-03-16T03:15:00Z,-0.783,2.117,0.069,-0.922,0.481
2017-03-16T03:30:00Z,-0.783,2.117,0.069,-0.922,0.481
2017-03-16T03:45:00Z,-0.783,2.117,0.069,-0.922,0.481
2017-03-16T04:00:00Z,-0.88,1.509,0.454,-0.905,0.177
2017-03-16T04:15:00Z,-0.88,1.509,0.454,-0.905,0.177
2017-03-16T04:30:00Z,-0.88,1.509,0.454,-0.905,0.177
2017-03-16T04:45:00Z,-0.88,1.509,0.454,-0.905,0.177
2017-03-16T05:00:00Z,-1.453,0.114,0.7,-0.338,-0.977
2017-03-16T05:15:00Z,-1.453,0.114,0.7,-0.338,-0.977
2017-03-16T05:30:00Z,-1.453,0.114,0.7,-0.338,-0.977
2017-03-16T05:45:00Z,-1.453,0.114,0.7,-0.338,-0.977
2017-03-16T06:00:00Z,-1.238,1.214,0.705,-0.902,-0.22
2017-03-16T06:15:00Z,-1.238,1.214,0.705,-0.902,-0.22
2017-03-16T06:30:00Z,-1.238,1.214,0.705,-0.902,-0.22
2017-03-16T06:45:00Z,-1.238,1.214,0.705,-0.902,-0.22
2017-03-16T07:00:00Z,-1.051,1.869,0.705,-1.039,0.485
2017-03-16T07:15:00Z,-1.051,1.869,0.705,-1.039,0.485
2017-03-16T07:30:00Z,-1.051,1.869,0.705,-1.039,0.485
2017-03-16T07:45:00Z,-1.051,1.869,0.705,-1.039,0.485
2017-03-16T08:00:00Z,-1.087,1.587,0.704,-1.031,0.173
2017-03-16T08:15:00Z,-1.087,1.587,0.704,-1.031,0.173
2017-03-16T08:30:00Z,-1.087,1.587,0.704,-1.031,0.173
2017-03-16T08:45:00Z,-1.087,1.587,0.704,-1.031,0.173
2017-03-16T09:00:00Z,-0.994,1.454,0.663,-1.024,0.099
2017-03-16T09:15:00Z,-0.994,1.454,0.663,-1.024,0.099
2017-03-16T09:30:00Z,-0.994,1.454,0.663,-1.024,0.099
2017-03-16T09:45:00Z,-0.994,1.454,0.663,-1.024,0.099
2017-03-16T10:00:00Z,-0.912,0.986,0.689,-1.024,-0.261
2017-03-16T10:15:00Z,-0.912,0.986,0.689,-1.024,-0.261
2017-03-16T10:30:00Z,-0.912,0.986,0.689,-1.024,-0.261
2017-03-16T10:45:00Z,-0.912,0.986,0.689,-1.024,-0.261
2017-03-16T11:00:00Z,-0.624,1.117,0.287,-1.024,-0.243
2017-03-16T11:15:00Z,-0.624,1.117,0.287,-1.024,-0.243
2017-03-16T11:30:00Z,-0.624,1.117,0.287,-1.024,-0.243
2017-03-16T11:45:00Z,-0.624,1.117,0.287,-1.024,-0.243
2017-03-16T12:00:00Z,-0.36,0.818,0.085,-1.024,-0.481
2017-03-16T12:15:00Z,-0.36,0.818,0.085,-1.024,-0.481
2017-03-16T12:30:00Z,-0.36,0.818,0.085,-1.024,-0.481
2017-03-16T12:45:00Z,-0.36,0.818,0.085,-1.024,-0.481
2017-03-16T13:00:00Z,-0.524,0.629,0.104,-1.024,-0.815
2017-03-16T13:15:00Z,-0.524,0.629,0.104,-1.024,-0.815
2017-03-16T13:30:00Z,-0.524,0.629,0.104,-1.024,-0.815
2017-03-16T13:45:00Z,-0.524,0.629,0.104,-1.024,-0.815
2017-03-16T14:00:00Z,-0.351,0.306,0.176,-1.024,-0.893
2017-03-16T14:15:00Z,-0.351,0.306,0.176,-1.024,-0.893
2017-03-16T14:30:00Z,-0.351,0.306,0.176,-1.024,-0.893
2017-03-16T14:45:00Z,-0.351,0.306,0.176,-1.024,-0.893
2017-03-16T15:00:00Z,-0.225,-0.323,0.683,-1.024,-0.889
2017-03-16T15:15:00Z,-0.225,-0.323,0.683,-1.024,-0.889
2017-03-16T15:30:00Z,-0.225,-0.323,0.683,-1.024,-0.889
2017-03-16T15:45:00Z,-0.225,-0.323,0.683,-1.024,-0.889
2017-03-16T16:00:00Z,-0.231,-0.036,0.705,-1.024,-0.586
2017-03-16T16:15:00Z,-0.231,-0.036,0.705,-1.024,-0.586
2017-03-16T16:30:00Z,-0.231,-0.036,0.705,-1.024,-0.586
2017-03-16T16:45:00Z,-0.231,-0.036,0.705,-1.024,-0.586
2017-03-16T17:00:00Z,-0.239,-0.245,0.705,-1.024,-0.804
2017-03-16T17:15:00Z,-0.239,-0.245,0.705,-1.024,-0.804
2017-03-16T17:30:00Z,-0.239,-0.245,0.705,-1.024,-0.804
2017-03-16T17:45:00Z,-0.239,-0.245,0.705,-1.024,-0.804
2017-03-16T18:00:00Z,-0.633,0.456,0.705,-1.024,-0.496
2017-03-16T18:15:00Z,-0.633,0.456,0.705,-1.024,-0.496
2017-03-16T18:30:00Z,-0.633,0.456,0.705,-1.024,-0.496
2017-03-16T18:45:00Z,-0.633,0.456,0.705,-1.024,-0.496
2017-03-16T19:00:00Z,-1.178,0.843,0.705,-1.024,-0.654
2017-03-16T19:15:00Z,-1.178,0.843,0.705,-1.024,-0.654
2017-03-16T19:30:00Z,-1.178,0.843,0.705,-1.024,-0.654
2017-03-16T19:45:00Z,-1.178,0.843,0.705,-1.024,-0.654
2017-03-16T20:00:00Z,-1.028,1.249,0.705,-1.024,-0.098
2017-03-16T20:15:00Z,-1.028,1.249,0.705,-1.024,-0.098
2017-03-16T20:30:00Z,-1.028,1.249,0.705,-1.024,-0.098
2017-03-16T20:45:00Z,-1.028,1.249,0.705,-1.024,-0.098
2017-03-16T21:00:00Z,-1.031,1.727,0.705,-1.033,0.369
2017-03-16T21:15:00Z,-1.031,1.727,0.705,-1.033,0.369
2017-03-16T21:30:00Z,-1.031,1.727,0.705,-1.033,0.369
2017-03-16T21:45:00Z,-1.031,1.727,0.705,-1.033,0.369
2017-03-16T22:00:00Z,-1.008,1.781,0.703,-1.03,0.445
2017-03-16T22:15:00Z,-1.008,1.781,0.703,-1.03,0.445
2017-03-16T22:30:00Z,-1.008,1.781,0.703,-1.03,0.445
2017-03-16T22:45:00Z,-1.008,1.781,0.703,-1.03,0.445
2017-03-16T23:00:00Z,-1.404,2.25,0.606,-0.806,0.646
2017-03-16T23:15:00Z,-1.404,2.25,0.606,-0.806,0.646
2017-03-16T23:30:00Z,-1.404,2.25,0.606,-0.806,0.646
2017-03-16T23:45:00Z,-1.404,2.25,0.606,-0.806,0.646
2017-03-17T00:00:00Z,-1.25,2.479,0.308,-0.817,0.72
2017-03-17T00:15:00Z,-1.25,2.479,0.308,-0.817,0.72
2017-03-17T00:30:00Z,-1.25,2.479,0.308,-0.817,0.72
2017-03-17T00:45:00Z,-1.25,2.479,0.308,-0.817,0.72
2017-03-17T01:00:00Z,-1.191,2.43,0.331,-0.832,0.738
2017-03-17T01:15:00Z,-1.191,2.43,0.331,-0.832,0.738
2017-03-17T01:30:00Z,-1.191,2.43,0.331,-0.832,0.738
2017-03-17T01:45:00Z,-1.191,2.43,0.331,-0.832,0.738
2017-03-17T02:00:00Z,-0.84,2.135,0.407,-0.823,0.879
2017-03-17T02:15:00Z,-0.84,2.135,0.407,-0.823,0.879
2017-03-17T02:30:00Z,-0.84,2.135,0.407,-0.823,0.879
2017-03-17T02:45:00Z,-0.84,2.135,0.407,-0.823,0.879
2017-03-17T03:00:00Z,-0.66,2.117,0.295,-0.841,0.911
2017-03-17T03:15:00Z,-0.66,2.117,0.295,-0.841,0.911
2017-03-17T03:30:00Z,-0.66,2.117,0.295,-0.841,0.911
2017-03-17T03:45:00Z,-0.66,2.117,0.295,-0.841,0.911
2017-03-17T04:00:00Z,-0.961,1.754,0.665,-0.834,0.624
2017-03-17T04:15:00Z,-0.961,1.754,0.665,-0.834,0.624
2017-03-17T04:30:00Z,-0.961,1.754,0.665,-0.834,0.624
2017-03-17T04:45:00Z,-0.961,1.754,0.665,-0.834,0.624
2017-03-17T05:00:00Z,-1.514,1.161,0.704,-0.568,-0.217
2017-03-17T05:15:00Z,-1.514,1.161,0.704,-0.568,-0.217
2017-03-17T05:30:00Z,-1.514,1.161,0.704,-0.568,-0.217
2017-03-17T05:45:00Z,-1.514,1.161,0.704,-0.568,-0.217
2017-03-17T06:00:00Z,-1.119,1.967,0.705,-1.034,0.519
2017-03-17T06:15:00Z,-1.119,1.967,0.705,-1.034,0.519
2017-03-17T06:30:00Z,-1.119,1.967,0.705,-1.034,0.519
2017-03-17T06:45:00Z,-1.119,1.967,0.705,-1.034,0.519
2017-03-17T07:00:00Z,-1.122,2.33,0.705,-0.913,1
2017-03-17T07:15:00Z,-1.122,2.33,0.705,-0.913,1
2017-03-17T07:30:00Z,-1.122,2.33,0.705,-0.913,1
2017-03-17T07:45:00Z,-1.122,2.33,0.705,-0.913,1
2017-03-17T08:00:00Z,-1.146,2.064,0.705,-1.017,0.606
2017-03-17T08:15:00Z,-1.146,2.064,0.705,-1.017,0.606
2017-03-17T08:30:00Z,-1.146,2.064,0.705,-1.017,0.606
2017-03-17T08:45:00Z,-1.146,2.064,0.705,-1.017,0.606
2017-03-17T09:00:00Z,-1.168,2.022,0.705,-1.021,0.538
2017-03-17T09:15:00Z,-1.168,2.022,0.705,-1.021,0.538
2017-03-17T09:30:00Z,-1.168,2.022,0.705,-1.021,0.538
2017-03-17T09:45:00Z,-1.168,2.022,0.705,-1.021,0.538
2017-03-17T10:00:00Z,-1.086,2.174,0.705,-1.037,0.756
2017-03-17T10:15:00Z,-1.086,2.174,0.705,-1.037,0.756
2017-03-17T10:30:00Z,-1.086,2.174,0.705,-1.037,0.756
2017-03-17T10:45:00Z,-1.086,2.174,0.705,-1.037,0.756
2017-03-17T11:00:00Z,-0.922,2.079,0.705,-1.035,0.827
2017-03-17T11:15:00Z,-0.922,2.079,0.705,-1.035,0.827
2017-03-17T11:30:00Z,-0.922,2.079,0.705,-1.035,0.827
2017-03-17T11:45:00Z,-0.922,2.079,0.705,-1.035,0.827
2017-03-17T12:00:00Z,-0.908,1.88,0.705,-1.018,0.66
2017-03-17T12:15:00Z,-0.908,1.88,0.705,-1.018,0.66
2017-03-17T12:30:00Z,-0.908,1.88,0.705,-1.018,0.66
2017-03-17T12:45:00Z,-0.908,1.88,0.705,-1.018,0.66
2017-03-17T13:00:00Z,-0.706,1.812,0.705,-1.019,0.791
2017-03-17T13:15:00Z,-0.706,1.812,0.705,-1.019,0.791
2017-03-17T13:30:00Z,-0.706,1.812,0.705,-1.019,0.791
2017-03-17T13:45:00Z,-0.706,1.812,0.705,-1.019,0.791
2017-03-17T14:00:00Z,-0.856,2.085,0.702,-1.023,0.908
2017-03-17T14:15:00Z,-0.856,2.085,0.702,-1.023,0.908
2017-03-17T14:30:00Z,-0.856,2.085,0.702,-1.023,0.908
2017-03-17T14:45:00Z,-0.856,2.085,0.702,-1.023,0.908
2017-03-17T15:00:00Z,-0.608,2.079,0.542,-1.02,0.993
2017-03-17T15:15:00Z,-0.608,2.079,0.542,-1.02,0.993
2017-03-17T15:30:00Z,-0.608,2.079,0.542,-1.02,0.993
2017-03-17T15:45:00Z,-0.608,2.079,0.542,-1.02,0.993
2017-03-17T16:00:00Z,-0.718,2.029,0.701,-1.009,1.003
2017-03-17T16:15:00Z,-0.718,2.029,0.701,-1.009,1.003
2017-03-17T16:30:00Z,-0.718,2.029,0.701,-1.009,1.003
2017-03-17T16:45:00Z,-0.718,2.029,0.701,-1.009,1.003
2017-03-17T17:00:00Z,-1.066,1.813,0.705,-1.031,0.421
2017-03-17T17:15:00Z,-1.066,1.813,0.705,-1.031,0.421
2017-03-17T17:30:00Z,-1.066,1.813,0.705,-1.031,0.421
2017-03-17T17:45:00Z,-1.066,1.813,0.705,-1.031,0.421
2017-03-17T18:00:00Z,-1.168,1.76,0.705,-1.017,0.28
2017-03-17T18:15:00Z,-1.168,1.76,0.705,-1.017,0.28
2017-03-17T18:30:00Z,-1.168,1.76,0.705,-1.017,0.28
2017-03-17T18:45:00Z,-1.168,1.76,0.705,-1.017,0.28
2017-03-17T19:00:00Z,-0.813,1.552,0.705,-1.009,0.436
2017-03-17T19:15:00Z,-0.813,1.552,0.705,-1.009,0.436
2017-03-17T19:30:00Z,-0.813,1.552,0.705,-1.009,0.436
2017-03-17T19:45:00Z,-0.813,1.552,0.705,-1.009,0.436
2017-03-17T20:00:00Z,-0.299,1.758,0.705,-1.016,1.148
2017-03-17T20:15:00Z,-0.299,1.758,0.705,-1.016,1.148
2017-03-17T20:30:00Z,-0.299,1.758,0.705,-1.016,1.148
2017-03-17T20:45:00Z,-0.299,1.758,0.705,-1.016,1.148
2017-03-17T21:00:00Z,-0.626,1.908,0.681,-1.011,0.951
2017-03-17T21:15:00Z,-0.626,1.908,0.681,-1.011,0.951
2017-03-17T21:30:00Z,-0.626,1.908,0.681,-1.011,0.951
2017-03-17T21:45:00Z,-0.626,1.908,0.681,-1.011,0.951
2017-03-17T22:00:00Z,-0.599,2.212,0.127,-0.98,0.76
2017-03-17T22:15:00Z,-0.599,2.212,0.127,-0.98,0.76
2017-03-17T22:30:00Z,-0.599,2.212,0.127,-0.98,0.76
2017-03-17T22:45:00Z,-0.599,2.212,0.127,-0.98,0.76
2017-03-17T23:00:00Z,-0.501,1.829,-0.009,-0.753,0.566
2017-03-17T23:15:00Z,-0.501,1.829,-0.009,-0.753,0.566
2017-03-17T23:30:00Z,-0.501,1.829,-0.009,-0.753,0.566
2017-03-17T23:45:00Z,-0.501,1.829,-0.009,-0.753,0.566
2017-03-18T00:00:00Z,-0.142,2.016,-0.405,-0.756,0.714
2017-03-18T00:15:00Z,-0.142,2.016,-0.405,-0.756,0.714
2017-03-18T00:30:00Z,-0.142,2.016,-0.405,-0.756,0.714
2017-03-18T00:45:00Z,-0.142,2.016,-0.405,-0.756,0.714
2017-03-18T01:00:00Z,0.335,1.675,-0.72,-0.76,0.53
2017-03-18T01:15:00Z,0.335,1.675,-0.72,-0.76,0.53
2017-03-18T01:30:00Z,0.335,1.675,-0.72,-0.76,0.53
2017-03-18T01:45:00Z,0.335,1.675,-0.72,-0.76,0.53
2017-03-18T02:00:00Z,-0.001,1.928,-0.727,-0.766,0.434
2017-03-18T02:15:00Z,-0.001,1.928,-0.727,-0.766,0.434
2017-03-18T02:30:00Z,-0.001,1.928,-0.727,-0.766,0.434
2017-03-18T02:45:00Z,-0.001,1.928,-0.727,-0.766,0.434
2017-03-18T03:00:00Z,-0.191,2.144,-0.728,-0.761,0.465
2017-03-18T03:15:00Z,-0.191,2.144,-0.728,-0.761,0.465
2017-03-18T03:30:00Z,-0.191,2.144,-0.728,-0.761,0.465
2017-03-18T03:45:00Z,-0.191,2.144,-0.728,-0.761,0.465
2017-03-18T04:00:00Z,-0.267,2.303,-0.726,-0.786,0.524
2017-03-18T04:15:00Z,-0.267,2.303,-0.726,-0.786,0.524
2017-03-18T04:30:00Z,-0.267,2.303,-0.726,-0.786,0.524
2017-03-18T04:45:00Z,-0.267,2.303,-0.726,-0.786,0.524
2017-03-18T05:00:00Z,-0.373,2.504,-0.626,-0.776,0.729
2017-03-18T05:15:00Z,-0.373,2.504,-0.626,-0.776,0.729
2017-03-18T05:30:00Z,-0.373,2.504,-0.626,-0.776,0.729
2017-03-18T05:45:00Z,-0.373,2.504,-0.626,-0.776,0.729
2017-03-18T06:00:00Z,-0.244,2.64,-0.544,-0.768,1.084
2017-03-18T06:15:00Z,-0.244,2.64,-0.544,-0.768,1.084
2017-03-18T06:30:00Z,-0.244,2.64,-0.544,-0.768,1.084
2017-03-18T06:45:00Z,-0.244,2.64,-0.544,-0.768,1.084
2017-03-18T07:00:00Z,-0.478,2.528,-0.024,-0.766,1.261
2017-03-18T07:15:00Z,-0.478,2.528,-0.024,-0.766,1.261
2017-03-18T07:30:00Z,-0.478,2.528,-0.024,-0.766,1.261
2017-03-18T07:45:00Z,-0.478,2.528,-0.024,-0.766,1.261
2017-03-18T08:00:00Z,-0.536,3.326,-0.122,-1.019,1.649
2017-03-18T08:15:00Z,-0.536,3.326,-0.122,-1.019,1.649
2017-03-18T08:30:00Z,-0.536,3.326,-0.122,-1.019,1.649
2017-03-18T08:45:00Z,-0.536,3.326,-0.122,-1.019,1.649
2017-03-18T09:00:00Z,-0.406,3.083,0.227,-1.023,1.88
2017-03-18T09:15:00Z,-0.406,3.083,0.227,-1.023,1.88
2017-03-18T09:30:00Z,-0.406,3.083,0.227,-1.023,1.88
2017-03-18T09:45:00Z,-0.406,3.083,0.227,-1.023,1.88
2017-03-18T10:00:00Z,-0.566,2.989,0.689,-1.024,2.088
2017-03-18T10:15:00Z,-0.566,2.989,0.689,-1.024,2.088
2017-03-18T10:30:00Z,-0.566,2.989,0.689,-1.024,2.088
2017-03-18T10:45:00Z,-0.566,2.989,0.689,-1.024,2.088
2017-03-18T11:00:00Z,-0.888,3.393,0.704,-1.024,2.185
2017-03-18T11:15:00Z,-0.888,3.393,0.704,-1.024,2.185
2017-03-18T11:30:00Z,-0.888,3.393,0.704,-1.024,2.185
2017-03-18T11:45:00Z,-0.888,3.393,0.704,-1.024,2.185
2017-03-18T12:00:00Z,-0.7,3.616,0.323,-1.024,2.216
2017-03-18T12:15:00Z,-0.7,3.616,0.323,-1.024,2.216
2017-03-18T12:30:00Z,-0.7,3.616,0.323,-1.024,2.216
2017-03-18T12:45:00Z,-0.7,3.616,0.323,-1.024,2.216
2017-03-18T13:00:00Z,-0.555,3.62,0.252,-1.024,2.293
2017-03-18T13:15:00Z,-0.555,3.62,0.252,-1.024,2.293
2017-03-18T13:30:00Z,-0.555,3.62,0.252,-1.024,2.293
2017-03-18T13:45:00Z,-0.555,3.62,0.252,-1.024,2.293
2017-03-18T14:00:00Z,-0.105,3.708,0.177,-1.024,2.756
2017-03-18T14:15:00Z,-0.105,3.708,0.177,-1.024,2.756
2017-03-18T14:30:00Z,-0.105,3.708,0.177,-1.024,2.756
2017-03-18T14:45:00Z,-0.105,3.708,0.177,-1.024,2.756
2017-03-18T15:00:00Z,0.287,2.74,0.682,-1.024,2.685
2017-03-18T15:15:00Z,0.287,2.74,0.682,-1.024,2.685
2017-03-18T15:30:00Z,0.287,2.74,0.682,-1.024,2.685
2017-03-18T15:45:00Z,0.287,2.74,0.682,-1.024,2.685
2017-03-18T16:00:00Z,0.863,2.944,0.656,-1.023,3.44
2017-03-18T16:15:00Z,0.863,2.944,0.656,-1.023,3.44
2017-03-18T16:30:00Z,0.863,2.944,0.656,-1.023,3.44
2017-03-18T16:45:00Z,0.863,2.944,0.656,-1.023,3.44
2017-03-18T17:00:00Z,0.752,2.759,0.704,-1.019,3.196
2017-03-18T17:15:00Z,0.752,2.759,0.704,-1.019,3.196
2017-03-18T17:30:00Z,0.752,2.759,0.704,-1.019,3.196
2017-03-18T17:45:00Z,0.752,2.759,0.704,-1.019,3.196
2017-03-18T18:00:00Z,0.499,2.908,0.705,-1.031,3.081
2017-03-18T18:15:00Z,0.499,2.908,0.705,-1.031,3.081
2017-03-18T18:30:00Z,0.499,2.908,0.705,-1.031,3.081
2017-03-18T18:45:00Z,0.499,2.908,0.705,-1.031,3.081
2017-03-18T19:00:00Z,0.312,2.779,0.705,-1.012,2.784
2017-03-18T19:15:00Z,0.312,2.779,0.705,-1.012,2.784
2017-03-18T19:30:00Z,0.312,2.779,0.705,-1.012,2.784
2017-03-18T19:45:00Z,0.312,2.779,0.705,-1.012,2.784
2017-03-18T20:00:00Z,0.358,2.538,0.705,-0.935,2.666
2017-03-18T20:15:00Z,0.358,2.538,0.705,-0.935,2.666
2017-03-18T20:30:00Z,0.358,2.538,0.705,-0.935,2.666
2017-03-18T20:45:00Z,0.358,2.538,0.705,-0.935,2.666
2017-03-18T21:00:00Z,-0.043,2.286,0.705,-0.937,2.011
2017-03-18T21:15:00Z,-0.043,2.286,0.705,-0.937,2.011
2017-03-18T21:30:00Z,-0.043,2.286,0.705,-0.937,2.011
2017-03-18T21:45:00Z,-0.043,2.286,0.705,-0.937,2.011
2017-03-18T22:00:00Z,-0.531,2.104,0.681,-0.365,1.889
2017-03-18T22:15:00Z,-0.531,2.104,0.681,-0.365,1.889
2017-03-18T22:30:00Z,-0.531,2.104,0.681,-0.365,1.889
2017-03-18T22:45:00Z,-0.531,2.104,0.681,-0.365,1.889
2017-03-18T23:00:00Z,0.406,1.829,0.106,0.586,2.927
2017-03-18T23:15:00Z,0.406,1.829,0.106,0.586,2.927
2017-03-18T23:30:00Z,0.406,1.829,0.106,0.586,2.927
2017-03-18T23:45:00Z,0.406,1.829,0.106,0.586,2.927
2017-03-19T00:00:00Z,1.016,1.864,-0.493,0.621,3.008
2017-03-19T00:15:00Z,1.016,1.864,-0.493,0.621,3.008
2017-03-19T00:30:00Z,1.016,1.864,-0.493,0.621,3.008
2017-03-19T00:45:00Z,1.016,1.864,-0.493,0.621,3.008
2017-03-19T01:00:00Z,1.64,1.324,-0.724,0.621,2.861
2017-03-19T01:15:00Z,1.64,1.324,-0.724,0.621,2.861
2017-03-19T01:30:00Z,1.64,1.324,-0.724,0.621,2.861
2017-03-19T01:45:00Z,1.64,1.324,-0.724,0.621,2.861
2017-03-19T02:00:00Z,1.799,0.686,-0.73,0.621,2.376
2017-03-19T02:15:00Z,1.799,0.686,-0.73,0.621,2.376
2017-03-19T02:30:00Z,1.799,0.686,-0.73,0.621,2.376
2017-03-19T02:45:00Z,1.799,0.686,-0.73,0.621,2.376
2017-03-19T03:00:00Z,1.705,0.347,-0.73,0.621,1.943
2017-03-19T03:15:00Z,1.705,0.347,-0.73,0.621,1.943
2017-03-19T03:30:00Z,1.705,0.347,-0.73,0.621,1.943
2017-03-19T03:45:00Z,1.705,0.347,-0.73,0.621,1.943
2017-03-19T04:00:00Z,1.28,0.474,-0.73,0.621,1.645
2017-03-19T04:15:00Z,1.28,0.474,-0.73,0.621,1.645
2017-03-19T04:30:00Z,1.28,0.474,-0.73,0.621,1.645
2017-03-19T04:45:00Z,1.28,0.474,-0.73,0.621,1.645
2017-03-19T05:00:00Z,1.038,0.601,-0.73,0.621,1.53
2017-03-19T05:15:00Z,1.038,0.601,-0.73,0.621,1.53
2017-03-19T05:30:00Z,1.038,0.601,-0.73,0.621,1.53
2017-03-19T05:45:00Z,1.038,0.601,-0.73,0.621,1.53
2017-03-19T06:00:00Z,1.185,0.386,-0.73,0.621,1.462
2017-03-19T06:15:00Z,1.185,0.386,-0.73,0.621,1.462
2017-03-19T06:30:00Z,1.185,0.386,-0.73,0.621,1.462
2017-03-19T06:45:00Z,1.185,0.386,-0.73,0.621,1.462
2017-03-19T07:00:00Z,0.903,0.579,-0.73,0.858,1.61
2017-03-19T07:15:00Z,0.903,0.579,-0.73,0.858,1.61
2017-03-19T07:30:00Z,0.903,0.579,-0.73,0.858,1.61
2017-03-19T07:45:00Z,0.903,0.579,-0.73,0.858,1.61
2017-03-19T08:00:00Z,0.842,1.46,-0.73,0.592,2.164
2017-03-19T08:15:00Z,0.842,1.46,-0.73,0.592,2.164
2017-03-19T08:30:00Z,0.842,1.46,-0.73,0.592,2.164
2017-03-19T08:45:00Z,0.842,1.46,-0.73,0.592,2.164
2017-03-19T09:00:00Z,1.265,2.434,-0.721,-0.878,2.1
2017-03-19T09:15:00Z,1.265,2.434,-0.721,-0.878,2.1
2017-03-19T09:30:00Z,1.265,2.434,-0.721,-0.878,2.1
2017-03-19T09:45:00Z,1.265,2.434,-0.721,-0.878,2.1
2017-03-19T10:00:00Z,0.993,2.184,-0.343,-0.948,1.886
2017-03-19T10:15:00Z,0.993,2.184,-0.343,-0.948,1.886
2017-03-19T10:30:00Z,0.993,2.184,-0.343,-0.948,1.886
2017-03-19T10:45:00Z,0.993,2.184,-0.343,-0.948,1.886
2017-03-19T11:00:00Z,0.565,1.846,-0.047,-0.957,1.407
2017-03-19T11:15:00Z,0.565,1.846,-0.047,-0.957,1.407
2017-03-19T11:30:00Z,0.565,1.846,-0.047,-0.957,1.407
2017-03-19T11:45:00Z,0.565,1.846,-0.047,-0.957,1.407
2017-03-19T12:00:00Z,0.143,1.798,0.053,-0.96,1.034
2017-03-19T12:15:00Z,0.143,1.798,0.053,-0.96,1.034
2017-03-19T12:30:00Z,0.143,1.798,0.053,-0.96,1.034
2017-03-19T12:45:00Z,0.143,1.798,0.053,-0.96,1.034
2017-03-19T13:00:00Z,0.488,1.539,-0.207,-0.943,0.877
2017-03-19T13:15:00Z,0.488,1.539,-0.207,-0.943,0.877
2017-03-19T13:30:00Z,0.488,1.539,-0.207,-0.943,0.877
2017-03-19T13:45:00Z,0.488,1.539,-0.207,-0.943,0.877
2017-03-19T14:00:00Z,0.727,1.583,-0.552,-0.984,0.774
2017-03-19T14:15:00Z,0.727,1.583,-0.552,-0.984,0.774
2017-03-19T14:30:00Z,0.727,1.583,-0.552,-0.984,0.774
2017-03-19T14:45:00Z,0.727,1.583,-0.552,-0.984,0.774
2017-03-19T15:00:00Z,0.397,1.859,-0.499,-0.959,0.798
2017-03-19T15:15:00Z,0.397,1.859,-0.499,-0.959,0.798
2017-03-19T15:30:00Z,0.397,1.859,-0.499,-0.959,0.798
2017-03-19T15:45:00Z,0.397,1.859,-0.499,-0.959,0.798
2017-03-19T16:00:00Z,0.084,2.091,-0.139,-0.969,1.067
2017-03-19T16:15:00Z,0.084,2.091,-0.139,-0.969,1.067
2017-03-19T16:30:00Z,0.084,2.091,-0.139,-0.969,1.067
2017-03-19T16:45:00Z,0.084,2.091,-0.139,-0.969,1.067
2017-03-19T17:00:00Z,-0.234,1.918,0.409,-1.033,1.06
2017-03-19T17:15:00Z,-0.234,1.918,0.409,-1.033,1.06
2017-03-19T17:30:00Z,-0.234,1.918,0.409,-1.033,1.06
2017-03-19T17:45:00Z,-0.234,1.918,0.409,-1.033,1.06
2017-03-19T18:00:00Z,0.052,1.613,0.699,-1.03,1.335
2017-03-19T18:15:00Z,0.052,1.613,0.699,-1.03,1.335
2017-03-19T18:30:00Z,0.052,1.613,0.699,-1.03,1.335
2017-03-19T18:45:00Z,0.052,1.613,0.699,-1.03,1.335
2017-03-19T19:00:00Z,-0.032,1.661,0.705,-0.989,1.344
2017-03-19T19:15:00Z,-0.032,1.661,0.705,-0.989,1.344
2017-03-19T19:30:00Z,-0.032,1.661,0.705,-0.989,1.344
2017-03-19T19:45:00Z,-0.032,1.661,0.705,-0.989,1.344
2017-03-19T20:00:00Z,-0.039,1.618,0.343,-1.036,0.886
2017-03-19T20:15:00Z,-0.039,1.618,0.343,-1.036,0.886
2017-03-19T20:30:00Z,-0.039,1.618,0.343,-1.036,0.886
2017-03-19T20:45:00Z,-0.039,1.618,0.343,-1.036,0.886
2017-03-19T21:00:00Z,0.104,1.493,0.06,-1.024,0.633
2017-03-19T21:15:00Z,0.104,1.493,0.06,-1.024,0.633
2017-03-19T21:30:00Z,0.104,1.493,0.06,-1.024,0.633
2017-03-19T21:45:00Z,0.104,1.493,0.06,-1.024,0.633
2017-03-19T22:00:00Z,0.024,1.992,-0.512,-1.024,0.48
2017-03-19T22:15:00Z,0.024,1.992,-0.512,-1.024,0.48
2017-03-19T22:30:00Z,0.024,1.992,-0.512,-1.024,0.48
2017-03-19T22:45:00Z,0.024,1.992,-0.512,-1.024,0.48
2017-03-19T23:00:00Z,-0.174,2.37,-0.707,-0.829,0.66
2017-03-19T23:15:00Z,-0.174,2.37,-0.707,-0.829,0.66
2017-03-19T23:30:00Z,-0.174,2.37,-0.707,-0.829,0.66
2017-03-19T23:45:00Z,-0.174,2.37,-0.707,-0.829,0.66
2017-03-20T00:00:00Z,-0.442,2.233,-0.216,-0.812,0.763
2017-03-20T00:15:00Z,-0.442,2.233,-0.216,-0.812,0.763
2017-03-20T00:30:00Z,-0.442,2.233,-0.216,-0.812,0.763
2017-03-20T00:45:00Z,-0.442,2.233,-0.216,-0.812,0.763
2017-03-20T01:00:00Z,-0.419,2.201,-0.07,-0.797,0.915
2017-03-20T01:15:00Z,-0.419,2.201,-0.07,-0.797,0.915
2017-03-20T01:30:00Z,-0.419,2.201,-0.07,-0.797,0.915
2017-03-20T01:45:00Z,-0.419,2.201,-0.07,-0.797,0.915
2017-03-20T02:00:00Z,0.377,2.441,-0.637,-0.824,1.357
2017-03-20T02:15:00Z,0.377,2.441,-0.637,-0.824,1.357
2017-03-20T02:30:00Z,0.377,2.441,-0.637,-0.824,1.357
2017-03-20T02:45:00Z,0.377,2.441,-0.637,-0.824,1.357
2017-03-20T03:00:00Z,0.692,2.287,-0.703,-0.606,1.67
2017-03-20T03:15:00Z,0.692,2.287,-0.703,-0.606,1.67
2017-03-20T03:30:00Z,0.692,2.287,-0.703,-0.606,1.67
2017-03-20T03:45:00Z,0.692,2.287,-0.703,-0.606,1.67
2017-03-20T04:00:00Z,0.287,1.183,-0.108,-0.104,1.258
2017-03-20T04:15:00Z,0.287,1.183,-0.108,-0.104,1.258
2017-03-20T04:30:00Z,0.287,1.183,-0.108,-0.104,1.258
2017-03-20T04:45:00Z,0.287,1.183,-0.108,-0.104,1.258
2017-03-20T05:00:00Z,-0.481,0.65,0.481,-0.001,0.649
2017-03-20T05:15:00Z,-0.481,0.65,0.481,-0.001,0.649
2017-03-20T05:30:00Z,-0.481,0.65,0.481,-0.001,0.649
2017-03-20T05:45:00Z,-0.481,0.65,0.481,-0.001,0.649
2017-03-20T06:00:00Z,-0.443,0.866,0.7,-0.764,0.359
2017-03-20T06:15:00Z,-0.443,0.866,0.7,-0.764,0.359
2017-03-20T06:30:00Z,-0.443,0.866,0.7,-0.764,0.359
2017-03-20T06:45:00Z,-0.443,0.866,0.7,-0.764,0.359
2017-03-20T07:00:00Z,-0.612,1.639,0.705,-1.019,0.713
2017-03-20T07:15:00Z,-0.612,1.639,0.705,-1.019,0.713
2017-03-20T07:30:00Z,-0.612,1.639,0.705,-1.019,0.713
2017-03-20T07:45:00Z,-0.612,1.639,0.705,-1.019,0.713
2017-03-20T08:00:00Z,-0.665,2.169,0.705,-1.049,1.16
2017-03-20T08:15:00Z,-0.665,2.169,0.705,-1.049,1.16
2017-03-20T08:30:00Z,-0.665,2.169,0.705,-1.049,1.16
2017-03-20T08:45:00Z,-0.665,2.169,0.705,-1.049,1.16
2017-03-20T09:00:00Z,-0.629,1.915,0.705,-1.057,0.933
2017-03-20T09:15:00Z,-0.629,1.915,0.705,-1.057,0.933
2017-03-20T09:30:00Z,-0.629,1.915,0.705,-1.057,0.933
2017-03-20T09:45:00Z,-0.629,1.915,0.705,-1.057,0.933
2017-03-20T10:00:00Z,-0.93,2.105,0.705,-1.04,0.84
2017-03-20T10:15:00Z,-0.93,2.105,0.705,-1.04,0.84
2017-03-20T10:30:00Z,-0.93,2.105,0.705,-1.04,0.84
2017-03-20T10:45:00Z,-0.93,2.105,0.705,-1.04,0.84
2017-03-20T11:00:00Z,-0.883,1.96,0.705,-1.033,0.749
2017-03-20T11:15:00Z,-0.883,1.96,0.705,-1.033,0.749
2017-03-20T11:30:00Z,-0.883,1.96,0.705,-1.033,0.749
2017-03-20T11:45:00Z,-0.883,1.96,0.705,-1.033,0.749
2017-03-20T12:00:00Z,-0.821,2.055,0.705,-1.026,0.913
2017-03-20T12:15:00Z,-0.821,2.055,0.705,-1.026,0.913
2017-03-20T12:30:00Z,-0.821,2.055,0.705,-1.026,0.913
2017-03-20T12:45:00Z,-0.821,2.055,0.705,-1.026,0.913
2017-03-20T13:00:00Z,-0.821,2.069,0.543,-0.994,0.797
2017-03-20T13:15:00Z,-0.821,2.069,0.543,-0.994,0.797
2017-03-20T13:30:00Z,-0.821,2.069,0.543,-0.994,0.797
2017-03-20T13:45:00Z,-0.821,2.069,0.543,-0.994,0.797
2017-03-20T14:00:00Z,-0.632,2.13,0.282,-0.996,0.784
2017-03-20T14:15:00Z,-0.632,2.13,0.282,-0.996,0.784
2017-03-20T14:30:00Z,-0.632,2.13,0.282,-0.996,0.784
2017-03-20T14:45:00Z,-0.632,2.13,0.282,-0.996,0.784
2017-03-20T15:00:00Z,-0.692,1.982,0.6,-1.008,0.882
2017-03-20T15:15:00Z,-0.692,1.982,0.6,-1.008,0.882
2017-03-20T15:30:00Z,-0.692,1.982,0.6,-1.008,0.882
2017-03-20T15:45:00Z,-0.692,1.982,0.6,-1.008,0.882
2017-03-20T16:00:00Z,-0.991,2.037,0.703,-1.026,0.723
2017-03-20T16:15:00Z,-0.991,2.037,0.703,-1.026,0.723
2017-03-20T16:30:00Z,-0.991,2.037,0.703,-1.026,0.723
2017-03-20T16:45:00Z,-0.991,2.037,0.703,-1.026,0.723
2017-03-20T17:00:00Z,-1.539,1.845,0.705,-1.036,-0.025
2017-03-20T17:15:00Z,-1.539,1.845,0.705,-1.036,-0.025
2017-03-20T17:30:00Z,-1.539,1.845,0.705,-1.036,-0.025
2017-03-20T17:45:00Z,-1.539,1.845,0.705,-1.036,-0.025
2017-03-20T18:00:00Z,-1.388,1.986,0.705,-1.041,0.263
2017-03-20T18:15:00Z,-1.388,1.986,0.705,-1.041,0.263
2017-03-20T18:30:00Z,-1.388,1.986,0.705,-1.041,0.263
2017-03-20T18:45:00Z,-1.388,1.986,0.705,-1.041,0.263
2017-03-20T19:00:00Z,-1.183,1.895,0.705,-1.016,0.402
2017-03-20T19:15:00Z,-1.183,1.895,0.705,-1.016,0.402
2017-03-20T19:30:00Z,-1.183,1.895,0.705,-1.016,0.402
2017-03-20T19:45:00Z,-1.183,1.895,0.705,-1.016,0.402
2017-03-20T20:00:00Z,-0.745,1.964,0.705,-1.018,0.906
2017-03-20T20:15:00Z,-0.745,1.964,0.705,-1.018,0.906
2017-03-20T20:30:00Z,-0.745,1.964,0.705,-1.018,0.906
2017-03-20T20:45:00Z,-0.745,1.964,0.705,-1.018,0.906
2017-03-20T21:00:00Z,-0.88,2.199,0.693,-1.012,1
2017-03-20T21:15:00Z,-0.88,2.199,0.693,-1.012,1
2017-03-20T21:30:00Z,-0.88,2.199,0.693,-1.012,1
2017-03-20T21:45:00Z,-0.88,2.199,0.693,-1.012,1
2017-03-20T22:00:00Z,-1.105,2.417,0.293,-1,0.605
2017-03-20T22:15:00Z,-1.105,2.417,0.293,-1,0.605
2017-03-20T22:30:00Z,-1.105,2.417,0.293,-1,0.605
2017-03-20T22:45:00Z,-1.105,2.417,0.293,-1,0.605
2017-03-20T23:00:00Z,-1.673,2.441,0.006,-0.834,-0.06
2017-03-20T23:15:00Z,-1.673,2.441,0.006,-0.834,-0.06
2017-03-20T23:30:00Z,-1.673,2.441,0.006,-0.834,-0.06
2017-03-20T23:45:00Z,-1.673,2.441,0.006,-0.834,-0.06
2017-03-21T00:00:00Z,-1.798,2.398,-0.003,-0.848,-0.251
2017-03-21T00:15:00Z,-1.798,2.398,-0.003,-0.848,-0.251
2017-03-21T00:30:00Z,-1.798,2.398,-0.003,-0.848,-0.251
2017-03-21T00:45:00Z,-1.798,2.398,-0.003,-0.848,-0.251
2017-03-21T01:00:00Z,-1.442,2.693,-0.186,-0.862,0.203
2017-03-21T01:15:00Z,-1.442,2.693,-0.186,-0.862,0.203
2017-03-21T01:30:00Z,-1.442,2.693,-0.186,-0.862,0.203
2017-03-21T01:45:00Z,-1.442,2.693,-0.186,-0.862,0.203
2017-03-21T02:00:00Z,-0.863,2.743,-0.708,-0.828,0.344
2017-03-21T02:15:00Z,-0.863,2.743,-0.708,-0.828,0.344
2017-03-21T02:30:00Z,-0.863,2.743,-0.708,-0.828,0.344
2017-03-21T02:45:00Z,-0.863,2.743,-0.708,-0.828,0.344
2017-03-21T03:00:00Z,-0.693,2.695,-0.716,-0.842,0.444
2017-03-21T03:15:00Z,-0.693,2.695,-0.716,-0.842,0.444
2017-03-21T03:30:00Z,-0.693,2.695,-0.716,-0.842,0.444
2017-03-21T03:45:00Z,-0.693,2.695,-0.716,-0.842,0.444
2017-03-21T04:00:00Z,-0.522,1.686,-0.257,-0.628,0.28
2017-03-21T04:15:00Z,-0.522,1.686,-0.257,-0.628,0.28
2017-03-21T04:30:00Z,-0.522,1.686,-0.257,-0.628,0.28
2017-03-21T04:45:00Z,-0.522,1.686,-0.257,-0.628,0.28
2017-03-21T05:00:00Z,-0.918,1.609,0.327,-0.861,0.158
2017-03-21T05:15:00Z,-0.918,1.609,0.327,-0.861,0.158
2017-03-21T05:30:00Z,-0.918,1.609,0.327,-0.861,0.158
2017-03-21T05:45:00Z,-0.918,1.609,0.327,-0.861,0.158
2017-03-21T06:00:00Z,-0.93,1.561,0.695,-0.968,0.358
2017-03-21T06:15:00Z,-0.93,1.561,0.695,-0.968,0.358
2017-03-21T06:30:00Z,-0.93,1.561,0.695,-0.968,0.358
2017-03-21T06:45:00Z,-0.93,1.561,0.695,-0.968,0.358
2017-03-21T07:00:00Z,-0.976,1.5,0.705,-1.021,0.207
2017-03-21T07:15:00Z,-0.976,1.5,0.705,-1.021,0.207
2017-03-21T07:30:00Z,-0.976,1.5,0.705,-1.021,0.207
2017-03-21T07:45:00Z,-0.976,1.5,0.705,-1.021,0.207
2017-03-21T08:00:00Z,-1.114,1.703,0.705,-1.016,0.277
2017-03-21T08:15:00Z,-1.114,1.703,0.705,-1.016,0.277
2017-03-21T08:30:00Z,-1.114,1.703,0.705,-1.016,0.277
2017-03-21T08:45:00Z,-1.114,1.703,0.705,-1.016,0.277
2017-03-21T09:00:00Z,-1.002,1.181,0.704,-1.051,-0.169
2017-03-21T09:15:00Z,-1.002,1.181,0.704,-1.051,-0.169
2017-03-21T09:30:00Z,-1.002,1.181,0.704,-1.051,-0.169
2017-03-21T09:45:00Z,-1.002,1.181,0.704,-1.051,-0.169
2017-03-21T10:00:00Z,-0.973,0.931,0.648,-1.052,-0.446
2017-03-21T10:15:00Z,-0.973,0.931,0.648,-1.052,-0.446
2017-03-21T10:30:00Z,-0.973,0.931,0.648,-1.052,-0.446
2017-03-21T10:45:00Z,-0.973,0.931,0.648,-1.052,-0.446
2017-03-21T11:00:00Z,-0.968,0.862,0.564,-1.05,-0.592
2017-03-21T11:15:00Z,-0.968,0.862,0.564,-1.05,-0.592
2017-03-21T11:30:00Z,-0.968,0.862,0.564,-1.05,-0.592
2017-03-21T11:45:00Z,-0.968,0.862,0.564,-1.05,-0.592
2017-03-21T12:00:00Z,-0.864,0.939,0.604,-1.025,-0.345
2017-03-21T12:15:00Z,-0.864,0.939,0.604,-1.025,-0.345
2017-03-21T12:30:00Z,-0.864,0.939,0.604,-1.025,-0.345
2017-03-21T12:45:00Z,-0.864,0.939,0.604,-1.025,-0.345
2017-03-21T13:00:00Z,-0.714,0.738,0.703,-1.04,-0.313
2017-03-21T13:15:00Z,-0.714,0.738,0.703,-1.04,-0.313
2017-03-21T13:30:00Z,-0.714,0.738,0.703,-1.04,-0.313
2017-03-21T13:45:00Z,-0.714,0.738,0.703,-1.04,-0.313
2017-03-21T14:00:00Z,-0.699,0.813,0.705,-1.064,-0.245
2017-03-21T14:15:00Z,-0.699,0.813,0.705,-1.064,-0.245
2017-03-21T14:30:00Z,-0.699,0.813,0.705,-1.064,-0.245
2017-03-21T14:45:00Z,-0.699,0.813,0.705,-1.064,-0.245
2017-03-21T15:00:00Z,-0.672,1.141,0.705,-1.07,0.104
2017-03-21T15:15:00Z,-0.672,1.141,0.705,-1.07,0.104
2017-03-21T15:30:00Z,-0.672,1.141,0.705,-1.07,0.104
2017-03-21T15:45:00Z,-0.672,1.141,0.705,-1.07,0.104
2017-03-21T16:00:00Z,-0.695,1.348,0.705,-1.023,0.335
2017-03-21T16:15:00Z,-0.695,1.348,0.705,-1.023,0.335
2017-03-21T16:30:00Z,-0.695,1.348,0.705,-1.023,0.335
2017-03-21T16:45:00Z,-0.695,1.348,0.705,-1.023,0.335
2017-03-21T17:00:00Z,-1.046,1.64,0.705,-1.058,0.241
2017-03-21T17:15:00Z,-1.046,1.64,0.705,-1.058,0.241
2017-03-21T17:30:00Z,-1.046,1.64,0.705,-1.058,0.241
2017-03-21T17:45:00Z,-1.046,1.64,0.705,-1.058,0.241
2017-03-21T18:00:00Z,-1.396,2.213,0.705,-1.022,0.499
2017-03-21T18:15:00Z,-1.396,2.213,0.705,-1.022,0.499
2017-03-21T18:30:00Z,-1.396,2.213,0.705,-1.022,0.499
2017-03-21T18:45:00Z,-1.396,2.213,0.705,-1.022,0.499
2017-03-21T19:00:00Z,-1.627,2.341,0.705,-0.998,0.421
2017-03-21T19:15:00Z,-1.627,2.341,0.705,-0.998,0.421
2017-03-21T19:30:00Z,-1.627,2.341,0.705,-0.998,0.421
2017-03-21T19:45:00Z,-1.627,2.341,0.705,-0.998,0.421
2017-03-21T20:00:00Z,-1.908,2.098,0.705,-1.039,-0.144
2017-03-21T20:15:00Z,-1.908,2.098,0.705,-1.039,-0.144
2017-03-21T20:30:00Z,-1.908,2.098,0.705,-1.039,-0.144
2017-03-21T20:45:00Z,-1.908,2.098,0.705,-1.039,-0.144
2017-03-21T21:00:00Z,-2.084,2.171,0.705,-1.04,-0.249
2017-03-21T21:15:00Z,-2.084,2.171,0.705,-1.04,-0.249
2017-03-21T21:30:00Z,-2.084,2.171,0.705,-1.04,-0.249
2017-03-21T21:45:00Z,-2.084,2.171,0.705,-1.04,-0.249
2017-03-21T22:00:00Z,-2.58,2.478,0.701,-1.02,-0.421
2017-03-21T22:15:00Z,-2.58,2.478,0.701,-1.02,-0.421
2017-03-21T22:30:00Z,-2.58,2.478,0.701,-1.02,-0.421
2017-03-21T22:45:00Z,-2.58,2.478,0.701,-1.02,-0.421
2017-03-21T23:00:00Z,-2.232,2.113,0.49,-1.029,-0.658
2017-03-21T23:15:00Z,-2.232,2.113,0.49,-1.029,-0.658
2017-03-21T23:30:00Z,-2.232,2.113,0.49,-1.029,-0.658
2017-03-21T23:45:00Z,-2.232,2.113,0.49,-1.029,-0.658
2017-03-22T00:00:00Z,-1.834,2.697,0.018,-1.008,-0.127
2017-03-22T00:15:00Z,-1.834,2.697,0.018,-1.008,-0.127
2017-03-22T00:30:00Z,-1.834,2.697,0.018,-1.008,-0.127
2017-03-22T00:45:00Z,-1.834,2.697,0.018,-1.008,-0.127
2017-03-22T01:00:00Z,-1.426,2.465,0,-1.022,0.016
2017-03-22T01:15:00Z,-1.426,2.465,0,-1.022,0.016
2017-03-22T01:30:00Z,-1.426,2.465,0,-1.022,0.016
2017-03-22T01:45:00Z,-1.426,2.465,0,-1.022,0.016
2017-03-22T02:00:00Z,-1.202,2.484,0,-1.04,0.242
2017-03-22T02:15:00Z,-1.202,2.484,0,-1.04,0.242
2017-03-22T02:30:00Z,-1.202,2.484,0,-1.04,0.242
2017-03-22T02:45:00Z,-1.202,2.484,0,-1.04,0.242
2017-03-22T03:00:00Z,-1.412,1.863,0.005,-1.002,-0.545
2017-03-22T03:15:00Z,-1.412,1.863,0.005,-1.002,-0.545
2017-03-22T03:30:00Z,-1.412,1.863,0.005,-1.002,-0.545
2017-03-22T03:45:00Z,-1.412,1.863,0.005,-1.002,-0.545
2017-03-22T04:00:00Z,-1.808,0.972,0.257,-0.471,-1.05
2017-03-22T04:15:00Z,-1.808,0.972,0.257,-0.471,-1.05
2017-03-22T04:30:00Z,-1.808,0.972,0.257,-0.471,-1.05
2017-03-22T04:45:00Z,-1.808,0.972,0.257,-0.471,-1.05
2017-03-22T05:00:00Z,-1.908,0.54,0.689,-0.891,-1.57
2017-03-22T05:15:00Z,-1.908,0.54,0.689,-0.891,-1.57
2017-03-22T05:30:00Z,-1.908,0.54,0.689,-0.891,-1.57
2017-03-22T05:45:00Z,-1.908,0.54,0.689,-0.891,-1.57
2017-03-22T06:00:00Z,-1.709,1.111,0.705,-1.012,-0.905
2017-03-22T06:15:00Z,-1.709,1.111,0.705,-1.012,-0.905
2017-03-22T06:30:00Z,-1.709,1.111,0.705,-1.012,-0.905
2017-03-22T06:45:00Z,-1.709,1.111,0.705,-1.012,-0.905
2017-03-22T07:00:00Z,-1.901,1.81,0.705,-1.04,-0.426
2017-03-22T07:15:00Z,-1.901,1.81,0.705,-1.04,-0.426
2017-03-22T07:30:00Z,-1.901,1.81,0.705,-1.04,-0.426
2017-03-22T07:45:00Z,-1.901,1.81,0.705,-1.04,-0.426
2017-03-22T08:00:00Z,-1.977,1.672,0.705,-1.035,-0.635
2017-03-22T08:15:00Z,-1.977,1.672,0.705,-1.035,-0.635
2017-03-22T08:30:00Z,-1.977,1.672,0.705,-1.035,-0.635
2017-03-22T08:45:00Z,-1.977,1.672,0.705,-1.035,-0.635
2017-03-22T09:00:00Z,-2.068,1.116,0.705,-0.971,-1.218
2017-03-22T09:15:00Z,-2.068,1.116,0.705,-0.971,-1.218
2017-03-22T09:30:00Z,-2.068,1.116,0.705,-0.971,-1.218
2017-03-22T09:45:00Z,-2.068,1.116,0.705,-0.971,-1.218
2017-03-22T10:00:00Z,-1.926,0.794,0.705,-1.04,-1.467
2017-03-22T10:15:00Z,-1.926,0.794,0.705,-1.04,-1.467
2017-03-22T10:30:00Z,-1.926,0.794,0.705,-1.04,-1.467
2017-03-22T10:45:00Z,-1.926,0.794,0.705,-1.04,-1.467
2017-03-22T11:00:00Z,-1.765,0.207,0.705,-1.015,-1.867
2017-03-22T11:15:00Z,-1.765,0.207,0.705,-1.015,-1.867
2017-03-22T11:30:00Z,-1.765,0.207,0.705,-1.015,-1.867
2017-03-22T11:45:00Z,-1.765,0.207,0.705,-1.015,-1.867
2017-03-22T12:00:00Z,-1.262,-0.136,0.705,-1.035,-1.728
2017-03-22T12:15:00Z,-1.262,-0.136,0.705,-1.035,-1.728
2017-03-22T12:30:00Z,-1.262,-0.136,0.705,-1.035,-1.728
2017-03-22T12:45:00Z,-1.262,-0.136,0.705,-1.035,-1.728
2017-03-22T13:00:00Z,-1.026,-0.303,0.705,-1.01,-1.634
2017-03-22T13:15:00Z,-1.026,-0.303,0.705,-1.01,-1.634
2017-03-22T13:30:00Z,-1.026,-0.303,0.705,-1.01,-1.634
2017-03-22T13:45:00Z,-1.026,-0.303,0.705,-1.01,-1.634
2017-03-22T14:00:00Z,-0.802,-0.32,0.705,-0.997,-1.414
2017-03-22T14:15:00Z,-0.802,-0.32,0.705,-0.997,-1.414
2017-03-22T14:30:00Z,-0.802,-0.32,0.705,-0.997,-1.414
2017-03-22T14:45:00Z,-0.802,-0.32,0.705,-0.997,-1.414
2017-03-22T15:00:00Z,-0.905,0.082,0.705,-0.886,-1.004
2017-03-22T15:15:00Z,-0.905,0.082,0.705,-0.886,-1.004
2017-03-22T15:30:00Z,-0.905,0.082,0.705,-0.886,-1.004
2017-03-22T15:45:00Z,-0.905,0.082,0.705,-0.886,-1.004
2017-03-22T16:00:00Z,-0.716,0.292,0.705,-0.869,-0.588
2017-03-22T16:15:00Z,-0.716,0.292,0.705,-0.869,-0.588
2017-03-22T16:30:00Z,-0.716,0.292,0.705,-0.869,-0.588
2017-03-22T16:45:00Z,-0.716,0.292,0.705,-0.869,-0.588
2017-03-22T17:00:00Z,-1.09,0.568,0.705,-1.039,-0.856
2017-03-22T17:15:00Z,-1.09,0.568,0.705,-1.039,-0.856
2017-03-22T17:30:00Z,-1.09,0.568,0.705,-1.039,-0.856
2017-03-22T17:45:00Z,-1.09,0.568,0.705,-1.039,-0.856
2017-03-22T18:00:00Z,-1.281,1.12,0.705,-1.039,-0.495
2017-03-22T18:15:00Z,-1.281,1.12,0.705,-1.039,-0.495
2017-03-22T18:30:00Z,-1.281,1.12,0.705,-1.039,-0.495
2017-03-22T18:45:00Z,-1.281,1.12,0.705,-1.039,-0.495
2017-03-22T19:00:00Z,-1.527,1.16,0.705,-1.023,-0.686
2017-03-22T19:15:00Z,-1.527,1.16,0.705,-1.023,-0.686
2017-03-22T19:30:00Z,-1.527,1.16,0.705,-1.023,-0.686
2017-03-22T19:45:00Z,-1.527,1.16,0.705,-1.023,-0.686
2017-03-22T20:00:00Z,-1.391,1.41,0.704,-1.042,-0.319
2017-03-22T20:15:00Z,-1.391,1.41,0.704,-1.042,-0.319
2017-03-22T20:30:00Z,-1.391,1.41,0.704,-1.042,-0.319
2017-03-22T20:45:00Z,-1.391,1.41,0.704,-1.042,-0.319
2017-03-22T21:00:00Z,-1.621,1.556,0.626,-1.027,-0.466
2017-03-22T21:15:00Z,-1.621,1.556,0.626,-1.027,-0.466
2017-03-22T21:30:00Z,-1.621,1.556,0.626,-1.027,-0.466
2017-03-22T21:45:00Z,-1.621,1.556,0.626,-1.027,-0.466
2017-03-22T22:00:00Z,-1.476,1.943,0.136,-1.031,-0.428
2017-03-22T22:15:00Z,-1.476,1.943,0.136,-1.031,-0.428
2017-03-22T22:30:00Z,-1.476,1.943,0.136,-1.031,-0.428
2017-03-22T22:45:00Z,-1.476,1.943,0.136,-1.031,-0.428
2017-03-22T23:00:00Z,-2.467,2.694,-0.074,-0.874,-0.721
2017-03-22T23:15:00Z,-2.467,2.694,-0.074,-0.874,-0.721
2017-03-22T23:30:00Z,-2.467,2.694,-0.074,-0.874,-0.721
2017-03-22T23:45:00Z,-2.467,2.694,-0.074,-0.874,-0.721
2017-03-23T00:00:00Z,-2.543,2.768,0.108,-0.877,-0.544
2017-03-23T00:15:00Z,-2.543,2.768,0.108,-0.877,-0.544
2017-03-23T00:30:00Z,-2.543,2.768,0.108,-0.877,-0.544
2017-03-23T00:45:00Z,-2.543,2.768,0.108,-0.877,-0.544
2017-03-23T01:00:00Z,-2.225,2.707,0.105,-0.891,-0.304
2017-03-23T01:15:00Z,-2.225,2.707,0.105,-0.891,-0.304
2017-03-23T01:30:00Z,-2.225,2.707,0.105,-0.891,-0.304
2017-03-23T01:45:00Z,-2.225,2.707,0.105,-0.891,-0.304
2017-03-23T02:00:00Z,-1.875,2.661,0.078,-0.887,-0.022
2017-03-23T02:15:00Z,-1.875,2.661,0.078,-0.887,-0.022
2017-03-23T02:30:00Z,-1.875,2.661,0.078,-0.887,-0.022
2017-03-23T02:45:00Z,-1.875,2.661,0.078,-0.887,-0.022
2017-03-23T03:00:00Z,-1.68,2.274,0.001,-0.864,-0.269
2017-03-23T03:15:00Z,-1.68,2.274,0.001,-0.864,-0.269
2017-03-23T03:30:00Z,-1.68,2.274,0.001,-0.864,-0.269
2017-03-23T03:45:00Z,-1.68,2.274,0.001,-0.864,-0.269
2017-03-23T04:00:00Z,-2.082,1.926,0.101,-1.005,-1.06
2017-03-23T04:15:00Z,-2.082,1.926,0.101,-1.005,-1.06
2017-03-23T04:30:00Z,-2.082,1.926,0.101,-1.005,-1.06
2017-03-23T04:45:00Z,-2.082,1.926,0.101,-1.005,-1.06
2017-03-23T05:00:00Z,-2.542,1.251,0.655,-0.893,-1.529
2017-03-23T05:15:00Z,-2.542,1.251,0.655,-0.893,-1.529
2017-03-23T05:30:00Z,-2.542,1.251,0.655,-0.893,-1.529
2017-03-23T05:45:00Z,-2.542,1.251,0.655,-0.893,-1.529
2017-03-23T06:00:00Z,-2.324,1.536,0.704,-1.005,-1.089
2017-03-23T06:15:00Z,-2.324,1.536,0.704,-1.005,-1.089
2017-03-23T06:30:00Z,-2.324,1.536,0.704,-1.005,-1.089
2017-03-23T06:45:00Z,-2.324,1.536,0.704,-1.005,-1.089
2017-03-23T07:00:00Z,-2.303,2.182,0.705,-1.058,-0.474
2017-03-23T07:15:00Z,-2.303,2.182,0.705,-1.058,-0.474
2017-03-23T07:30:00Z,-2.303,2.182,0.705,-1.058,-0.474
2017-03-23T07:45:00Z,-2.303,2.182,0.705,-1.058,-0.474
2017-03-23T08:00:00Z,-2.265,2.041,0.705,-1.011,-0.53
2017-03-23T08:15:00Z,-2.265,2.041,0.705,-1.011,-0.53
2017-03-23T08:30:00Z,-2.265,2.041,0.705,-1.011,-0.53
2017-03-23T08:45:00Z,-2.265,2.041,0.705,-1.011,-0.53
2017-03-23T09:00:00Z,-2.336,1.815,0.705,-0.996,-0.812
2017-03-23T09:15:00Z,-2.336,1.815,0.705,-0.996,-0.812
2017-03-23T09:30:00Z,-2.336,1.815,0.705,-0.996,-0.812
2017-03-23T09:45:00Z,-2.336,1.815,0.705,-0.996,-0.812
2017-03-23T10:00:00Z,-2.404,1.641,0.704,-1.006,-1.064
2017-03-23T10:15:00Z,-2.404,1.641,0.704,-1.006,-1.064
2017-03-23T10:30:00Z,-2.404,1.641,0.704,-1.006,-1.064
2017-03-23T10:45:00Z,-2.404,1.641,0.704,-1.006,-1.064
2017-03-23T11:00:00Z,-2.054,1.43,0.328,-1.018,-1.314
2017-03-23T11:15:00Z,-2.054,1.43,0.328,-1.018,-1.314
2017-03-23T11:30:00Z,-2.054,1.43,0.328,-1.018,-1.314
2017-03-23T11:45:00Z,-2.054,1.43,0.328,-1.018,-1.314
2017-03-23T12:00:00Z,-1.969,1.376,0.189,-1.023,-1.428
2017-03-23T12:15:00Z,-1.969,1.376,0.189,-1.023,-1.428
2017-03-23T12:30:00Z,-1.969,1.376,0.189,-1.023,-1.428
2017-03-23T12:45:00Z,-1.969,1.376,0.189,-1.023,-1.428
2017-03-23T13:00:00Z,-2.047,1.693,0.044,-1.035,-1.344
2017-03-23T13:15:00Z,-2.047,1.693,0.044,-1.035,-1.344
2017-03-23T13:30:00Z,-2.047,1.693,0.044,-1.035,-1.344
2017-03-23T13:45:00Z,-2.047,1.693,0.044,-1.035,-1.344
2017-03-23T14:00:00Z,-2.061,1.187,0.385,-1.03,-1.52
2017-03-23T14:15:00Z,-2.061,1.187,0.385,-1.03,-1.52
2017-03-23T14:30:00Z,-2.061,1.187,0.385,-1.03,-1.52
2017-03-23T14:45:00Z,-2.061,1.187,0.385,-1.03,-1.52
2017-03-23T15:00:00Z,-1.798,1.012,0.691,-1.023,-1.117
2017-03-23T15:15:00Z,-1.798,1.012,0.691,-1.023,-1.117
2017-03-23T15:30:00Z,-1.798,1.012,0.691,-1.023,-1.117
2017-03-23T15:45:00Z,-1.798,1.012,0.691,-1.023,-1.117
2017-03-23T16:00:00Z,-1.878,0.833,0.705,-0.996,-1.336
2017-03-23T16:15:00Z,-1.878,0.833,0.705,-0.996,-1.336
2017-03-23T16:30:00Z,-1.878,0.833,0.705,-0.996,-1.336
2017-03-23T16:45:00Z,-1.878,0.833,0.705,-0.996,-1.336
2017-03-23T17:00:00Z,-2.407,1.139,0.705,-0.993,-1.556
2017-03-23T17:15:00Z,-2.407,1.139,0.705,-0.993,-1.556
2017-03-23T17:30:00Z,-2.407,1.139,0.705,-0.993,-1.556
2017-03-23T17:45:00Z,-2.407,1.139,0.705,-0.993,-1.556
2017-03-23T18:00:00Z,-2.41,1.696,0.705,-1.025,-1.033
2017-03-23T18:15:00Z,-2.41,1.696,0.705,-1.025,-1.033
2017-03-23T18:30:00Z,-2.41,1.696,0.705,-1.025,-1.033
2017-03-23T18:45:00Z,-2.41,1.696,0.705,-1.025,-1.033
2017-03-23T19:00:00Z,-2.43,1.678,0.705,-1.039,-1.087
2017-03-23T19:15:00Z,-2.43,1.678,0.705,-1.039,-1.087
2017-03-23T19:30:00Z,-2.43,1.678,0.705,-1.039,-1.087
2017-03-23T19:45:00Z,-2.43,1.678,0.705,-1.039,-1.087
2017-03-23T20:00:00Z,-2.273,1.45,0.705,-1.034,-1.152
2017-03-23T20:15:00Z,-2.273,1.45,0.705,-1.034,-1.152
2017-03-23T20:30:00Z,-2.273,1.45,0.705,-1.034,-1.152
2017-03-23T20:45:00Z,-2.273,1.45,0.705,-1.034,-1.152
2017-03-23T21:00:00Z,-2.484,1.805,0.683,-1.033,-1.029
2017-03-23T21:15:00Z,-2.484,1.805,0.683,-1.033,-1.029
2017-03-23T21:30:00Z,-2.484,1.805,0.683,-1.033,-1.029
2017-03-23T21:45:00Z,-2.484,1.805,0.683,-1.033,-1.029
2017-03-23T22:00:00Z,-2.641,2.213,0.152,-1.039,-1.315
2017-03-23T22:15:00Z,-2.641,2.213,0.152,-1.039,-1.315
2017-03-23T22:30:00Z,-2.641,2.213,0.152,-1.039,-1.315
2017-03-23T22:45:00Z,-2.641,2.213,0.152,-1.039,-1.315
2017-03-23T23:00:00Z,-2.076,1.594,0.003,-0.916,-1.396
2017-03-23T23:15:00Z,-2.076,1.594,0.003,-0.916,-1.396
2017-03-23T23:30:00Z,-2.076,1.594,0.003,-0.916,-1.396
2017-03-23T23:45:00Z,-2.076,1.594,0.003,-0.916,-1.396
2017-03-24T00:00:00Z,-1.819,1.281,0,-0.908,-1.446
2017-03-24T00:15:00Z,-1.819,1.281,0,-0.908,-1.446
2017-03-24T00:30:00Z,-1.819,1.281,0,-0.908,-1.446
2017-03-24T00:45:00Z,-1.819,1.281,0,-0.908,-1.446
2017-03-24T01:00:00Z,-1.603,0.998,-0.091,-0.932,-1.629
2017-03-24T01:15:00Z,-1.603,0.998,-0.091,-0.932,-1.629
2017-03-24T01:30:00Z,-1.603,0.998,-0.091,-0.932,-1.629
2017-03-24T01:45:00Z,-1.603,0.998,-0.091,-0.932,-1.629
2017-03-24T02:00:00Z,-1.123,0.385,-0.001,-0.918,-1.657
2017-03-24T02:15:00Z,-1.123,0.385,-0.001,-0.918,-1.657
2017-03-24T02:30:00Z,-1.123,0.385,-0.001,-0.918,-1.657
2017-03-24T02:45:00Z,-1.123,0.385,-0.001,-0.918,-1.657
2017-03-24T03:00:00Z,-0.691,-0.052,0,-0.885,-1.628
2017-03-24T03:15:00Z,-0.691,-0.052,0,-0.885,-1.628
2017-03-24T03:30:00Z,-0.691,-0.052,0,-0.885,-1.628
2017-03-24T03:45:00Z,-0.691,-0.052,0,-0.885,-1.628
2017-03-24T04:00:00Z,-1.13,0.098,0.124,-0.892,-1.8
2017-03-24T04:15:00Z,-1.13,0.098,0.124,-0.892,-1.8
2017-03-24T04:30:00Z,-1.13,0.098,0.124,-0.892,-1.8
2017-03-24T04:45:00Z,-1.13,0.098,0.124,-0.892,-1.8
2017-03-24T05:00:00Z,-2.09,0.731,0.679,-0.92,-1.6
2017-03-24T05:15:00Z,-2.09,0.731,0.679,-0.92,-1.6
2017-03-24T05:30:00Z,-2.09,0.731,0.679,-0.92,-1.6
2017-03-24T05:45:00Z,-2.09,0.731,0.679,-0.92,-1.6
2017-03-24T06:00:00Z,-1.965,1.785,0.705,-0.937,-0.413
2017-03-24T06:15:00Z,-1.965,1.785,0.705,-0.937,-0.413
2017-03-24T06:30:00Z,-1.965,1.785,0.705,-0.937,-0.413
2017-03-24T06:45:00Z,-1.965,1.785,0.705,-0.937,-0.413
2017-03-24T07:00:00Z,-2.078,2.339,0.705,-1.044,-0.078
2017-03-24T07:15:00Z,-2.078,2.339,0.705,-1.044,-0.078
2017-03-24T07:30:00Z,-2.078,2.339,0.705,-1.044,-0.078
2017-03-24T07:45:00Z,-2.078,2.339,0.705,-1.044,-0.078
2017-03-24T08:00:00Z,-2.402,2.451,0.704,-1.052,-0.299
2017-03-24T08:15:00Z,-2.402,2.451,0.704,-1.052,-0.299
2017-03-24T08:30:00Z,-2.402,2.451,0.704,-1.052,-0.299
2017-03-24T08:45:00Z,-2.402,2.451,0.704,-1.052,-0.299
2017-03-24T09:00:00Z,-2.399,2.334,0.705,-1.03,-0.39
2017-03-24T09:15:00Z,-2.399,2.334,0.705,-1.03,-0.39
2017-03-24T09:30:00Z,-2.399,2.334,0.705,-1.03,-0.39
2017-03-24T09:45:00Z,-2.399,2.334,0.705,-1.03,-0.39
2017-03-24T10:00:00Z,-2.46,2.344,0.702,-1.053,-0.467
2017-03-24T10:15:00Z,-2.46,2.344,0.702,-1.053,-0.467
2017-03-24T10:30:00Z,-2.46,2.344,0.702,-1.053,-0.467
2017-03-24T10:45:00Z,-2.46,2.344,0.702,-1.053,-0.467
2017-03-24T11:00:00Z,-2.085,2.229,0.548,-1.036,-0.343
2017-03-24T11:15:00Z,-2.085,2.229,0.548,-1.036,-0.343
2017-03-24T11:30:00Z,-2.085,2.229,0.548,-1.036,-0.343
2017-03-24T11:45:00Z,-2.085,2.229,0.548,-1.036,-0.343
2017-03-24T12:00:00Z,-1.225,1.626,0.269,-1.033,-0.363
2017-03-24T12:15:00Z,-1.225,1.626,0.269,-1.033,-0.363
2017-03-24T12:30:00Z,-1.225,1.626,0.269,-1.033,-0.363
2017-03-24T12:45:00Z,-1.225,1.626,0.269,-1.033,-0.363
2017-03-24T13:00:00Z,-0.87,1.599,0.137,-1.026,-0.159
2017-03-24T13:15:00Z,-0.87,1.599,0.137,-1.026,-0.159
2017-03-24T13:30:00Z,-0.87,1.599,0.137,-1.026,-0.159
2017-03-24T13:45:00Z,-0.87,1.599,0.137,-1.026,-0.159
2017-03-24T14:00:00Z,-0.912,1.283,0.106,-1.013,-0.536
2017-03-24T14:15:00Z,-0.912,1.283,0.106,-1.013,-0.536
2017-03-24T14:30:00Z,-0.912,1.283,0.106,-1.013,-0.536
2017-03-24T14:45:00Z,-0.912,1.283,0.106,-1.013,-0.536
2017-03-24T15:00:00Z,-0.923,0.473,0.67,-1.01,-0.79
2017-03-24T15:15:00Z,-0.923,0.473,0.67,-1.01,-0.79
2017-03-24T15:30:00Z,-0.923,0.473,0.67,-1.01,-0.79
2017-03-24T15:45:00Z,-0.923,0.473,0.67,-1.01,-0.79
2017-03-24T16:00:00Z,-0.889,1.215,0.705,-1.049,-0.018
2017-03-24T16:15:00Z,-0.889,1.215,0.705,-1.049,-0.018
2017-03-24T16:30:00Z,-0.889,1.215,0.705,-1.049,-0.018
2017-03-24T16:45:00Z,-0.889,1.215,0.705,-1.049,-0.018
2017-03-24T17:00:00Z,-0.788,1.228,0.705,-1.032,0.113
2017-03-24T17:15:00Z,-0.788,1.228,0.705,-1.032,0.113
2017-03-24T17:30:00Z,-0.788,1.228,0.705,-1.032,0.113
2017-03-24T17:45:00Z,-0.788,1.228,0.705,-1.032,0.113
2017-03-24T18:00:00Z,-1.026,1.774,0.705,-1.018,0.436
2017-03-24T18:15:00Z,-1.026,1.774,0.705,-1.018,0.436
2017-03-24T18:30:00Z,-1.026,1.774,0.705,-1.018,0.436
2017-03-24T18:45:00Z,-1.026,1.774,0.705,-1.018,0.436
2017-03-24T19:00:00Z,-1.276,2.164,0.705,-1.029,0.564
2017-03-24T19:15:00Z,-1.276,2.164,0.705,-1.029,0.564
2017-03-24T19:30:00Z,-1.276,2.164,0.705,-1.029,0.564
2017-03-24T19:45:00Z,-1.276,2.164,0.705,-1.029,0.564
2017-03-24T20:00:00Z,-0.814,2.058,0.705,-1.05,0.899
2017-03-24T20:15:00Z,-0.814,2.058,0.705,-1.05,0.899
2017-03-24T20:30:00Z,-0.814,2.058,0.705,-1.05,0.899
2017-03-24T20:45:00Z,-0.814,2.058,0.705,-1.05,0.899
2017-03-24T21:00:00Z,-1.087,2.164,0.705,-1.039,0.744
2017-03-24T21:15:00Z,-1.087,2.164,0.705,-1.039,0.744
2017-03-24T21:30:00Z,-1.087,2.164,0.705,-1.039,0.744
2017-03-24T21:45:00Z,-1.087,2.164,0.705,-1.039,0.744
2017-03-24T22:00:00Z,-1.279,2.067,0.705,-1.042,0.45
2017-03-24T22:15:00Z,-1.279,2.067,0.705,-1.042,0.45
2017-03-24T22:30:00Z,-1.279,2.067,0.705,-1.042,0.45
2017-03-24T22:45:00Z,-1.279,2.067,0.705,-1.042,0.45
2017-03-24T23:00:00Z,-1.138,2.299,0.7,-0.931,0.93
2017-03-24T23:15:00Z,-1.138,2.299,0.7,-0.931,0.93
2017-03-24T23:30:00Z,-1.138,2.299,0.7,-0.931,0.93
2017-03-24T23:45:00Z,-1.138,2.299,0.7,-0.931,0.93
2017-03-25T00:00:00Z,-0.767,2.975,0.421,-0.935,1.694
2017-03-25T00:15:00Z,-0.767,2.975,0.421,-0.935,1.694
2017-03-25T00:30:00Z,-0.767,2.975,0.421,-0.935,1.694
2017-03-25T00:45:00Z,-0.767,2.975,0.421,-0.935,1.694
2017-03-25T01:00:00Z,-0.224,3.16,0.099,-0.922,2.114
2017-03-25T01:15:00Z,-0.224,3.16,0.099,-0.922,2.114
2017-03-25T01:30:00Z,-0.224,3.16,0.099,-0.922,2.114
2017-03-25T01:45:00Z,-0.224,3.16,0.099,-0.922,2.114
2017-03-25T02:00:00Z,0.19,3.31,-0.123,-0.928,2.449
2017-03-25T02:15:00Z,0.19,3.31,-0.123,-0.928,2.449
2017-03-25T02:30:00Z,0.19,3.31,-0.123,-0.928,2.449
2017-03-25T02:45:00Z,0.19,3.31,-0.123,-0.928,2.449
2017-03-25T03:00:00Z,0.756,3.047,-0.345,-0.944,2.514
2017-03-25T03:15:00Z,0.756,3.047,-0.345,-0.944,2.514
2017-03-25T03:30:00Z,0.756,3.047,-0.345,-0.944,2.514
2017-03-25T03:45:00Z,0.756,3.047,-0.345,-0.944,2.514
2017-03-25T04:00:00Z,0.399,2.988,0.07,-0.948,2.509
2017-03-25T04:15:00Z,0.399,2.988,0.07,-0.948,2.509
2017-03-25T04:30:00Z,0.399,2.988,0.07,-0.948,2.509
2017-03-25T04:45:00Z,0.399,2.988,0.07,-0.948,2.509
2017-03-25T05:00:00Z,0.134,3.175,0.024,-0.939,2.394
2017-03-25T05:15:00Z,0.134,3.175,0.024,-0.939,2.394
2017-03-25T05:30:00Z,0.134,3.175,0.024,-0.939,2.394
2017-03-25T05:45:00Z,0.134,3.175,0.024,-0.939,2.394
2017-03-25T06:00:00Z,0.18,2.821,0.558,-0.938,2.621
2017-03-25T06:15:00Z,0.18,2.821,0.558,-0.938,2.621
2017-03-25T06:30:00Z,0.18,2.821,0.558,-0.938,2.621
2017-03-25T06:45:00Z,0.18,2.821,0.558,-0.938,2.621
2017-03-25T07:00:00Z,0.1,3.155,0.702,-1.015,2.942
2017-03-25T07:15:00Z,0.1,3.155,0.702,-1.015,2.942
2017-03-25T07:30:00Z,0.1,3.155,0.702,-1.015,2.942
2017-03-25T07:45:00Z,0.1,3.155,0.702,-1.015,2.942
2017-03-25T08:00:00Z,-0.139,2.915,0.692,-1.017,2.451
2017-03-25T08:15:00Z,-0.139,2.915,0.692,-1.017,2.451
2017-03-25T08:30:00Z,-0.139,2.915,0.692,-1.017,2.451
2017-03-25T08:45:00Z,-0.139,2.915,0.692,-1.017,2.451
2017-03-25T09:00:00Z,0.405,3.104,0.278,-1.025,2.762
2017-03-25T09:15:00Z,0.405,3.104,0.278,-1.025,2.762
2017-03-25T09:30:00Z,0.405,3.104,0.278,-1.025,2.762
2017-03-25T09:45:00Z,0.405,3.104,0.278,-1.025,2.762
2017-03-25T10:00:00Z,0.611,2.868,0.184,-1.025,2.638
2017-03-25T10:15:00Z,0.611,2.868,0.184,-1.025,2.638
2017-03-25T10:30:00Z,0.611,2.868,0.184,-1.025,2.638
2017-03-25T10:45:00Z,0.611,2.868,0.184,-1.025,2.638
2017-03-25T11:00:00Z,0.662,2.846,-0.011,-1.025,2.472
2017-03-25T11:15:00Z,0.662,2.846,-0.011,-1.025,2.472
2017-03-25T11:30:00Z,0.662,2.846,-0.011,-1.025,2.472
2017-03-25T11:45:00Z,0.662,2.846,-0.011,-1.025,2.472
2017-03-25T12:00:00Z,1.009,3.19,-0.486,-1.025,2.688
2017-03-25T12:15:00Z,1.009,3.19,-0.486,-1.025,2.688
2017-03-25T12:30:00Z,1.009,3.19,-0.486,-1.025,2.688
2017-03-25T12:45:00Z,1.009,3.19,-0.486,-1.025,2.688
2017-03-25T13:00:00Z,1.244,3.256,-0.724,-1.025,2.751
2017-03-25T13:15:00Z,1.244,3.256,-0.724,-1.025,2.751
2017-03-25T13:30:00Z,1.244,3.256,-0.724,-1.025,2.751
2017-03-25T13:45:00Z,1.244,3.256,-0.724,-1.025,2.751
2017-03-25T14:00:00Z,1.42,2.562,-0.729,-1.024,2.229
2017-03-25T14:15:00Z,1.42,2.562,-0.729,-1.024,2.229
2017-03-25T14:30:00Z,1.42,2.562,-0.729,-1.024,2.229
2017-03-25T14:45:00Z,1.42,2.562,-0.729,-1.024,2.229
2017-03-25T15:00:00Z,1.754,1.925,-0.438,-1.024,2.217
2017-03-25T15:15:00Z,1.754,1.925,-0.438,-1.024,2.217
2017-03-25T15:30:00Z,1.754,1.925,-0.438,-1.024,2.217
2017-03-25T15:45:00Z,1.754,1.925,-0.438,-1.024,2.217
2017-03-25T16:00:00Z,1.699,2.045,0.106,-1.033,2.817
2017-03-25T16:15:00Z,1.699,2.045,0.106,-1.033,2.817
2017-03-25T16:30:00Z,1.699,2.045,0.106,-1.033,2.817
2017-03-25T16:45:00Z,1.699,2.045,0.106,-1.033,2.817
2017-03-25T17:00:00Z,1.114,1.906,0.679,-1.027,2.672
2017-03-25T17:15:00Z,1.114,1.906,0.679,-1.027,2.672
2017-03-25T17:30:00Z,1.114,1.906,0.679,-1.027,2.672
2017-03-25T17:45:00Z,1.114,1.906,0.679,-1.027,2.672
2017-03-25T18:00:00Z,0.785,2.582,0.705,-1.009,3.063
2017-03-25T18:15:00Z,0.785,2.582,0.705,-1.009,3.063
2017-03-25T18:30:00Z,0.785,2.582,0.705,-1.009,3.063
2017-03-25T18:45:00Z,0.785,2.582,0.705,-1.009,3.063
2017-03-25T19:00:00Z,0.4,2.916,0.705,-1.028,2.993
2017-03-25T19:15:00Z,0.4,2.916,0.705,-1.028,2.993
2017-03-25T19:30:00Z,0.4,2.916,0.705,-1.028,2.993
2017-03-25T19:45:00Z,0.4,2.916,0.705,-1.028,2.993
2017-03-25T20:00:00Z,0.124,2.817,0.705,-1.027,2.619
2017-03-25T20:15:00Z,0.124,2.817,0.705,-1.027,2.619
2017-03-25T20:30:00Z,0.124,2.817,0.705,-1.027,2.619
2017-03-25T20:45:00Z,0.124,2.817,0.705,-1.027,2.619
2017-03-25T21:00:00Z,-0.667,3.195,0.705,-1.033,2.2
2017-03-25T21:15:00Z,-0.667,3.195,0.705,-1.033,2.2
2017-03-25T21:30:00Z,-0.667,3.195,0.705,-1.033,2.2
2017-03-25T21:45:00Z,-0.667,3.195,0.705,-1.033,2.2
2017-03-25T22:00:00Z,-1.03,3.327,0.704,-1.028,1.973
2017-03-25T22:15:00Z,-1.03,3.327,0.704,-1.028,1.973
2017-03-25T22:30:00Z,-1.03,3.327,0.704,-1.028,1.973
2017-03-25T22:45:00Z,-1.03,3.327,0.704,-1.028,1.973
2017-03-25T23:00:00Z,-0.971,2.965,0.652,-1.02,1.626
2017-03-25T23:15:00Z,-0.971,2.965,0.652,-1.02,1.626
2017-03-25T23:30:00Z,-0.971,2.965,0.652,-1.02,1.626
2017-03-25T23:45:00Z,-0.971,2.965,0.652,-1.02,1.626
2017-03-26T00:00:00Z,-0.236,2.465,0.095,-1.024,1.299
2017-03-26T00:15:00Z,-0.236,2.465,0.095,-1.024,1.299
2017-03-26T00:30:00Z,-0.236,2.465,0.095,-1.024,1.299
2017-03-26T00:45:00Z,-0.236,2.465,0.095,-1.024,1.299
2017-03-26T01:00:00Z,0.32,3.082,-0.183,-1.022,2.197
2017-03-26T01:15:00Z,0.32,3.082,-0.183,-1.022,2.197
2017-03-26T01:30:00Z,0.32,3.082,-0.183,-1.022,2.197
2017-03-26T01:45:00Z,0.32,3.082,-0.183,-1.022,2.197
2017-03-26T02:00:00Z,0.847,3.158,-0.686,-1.032,2.287
2017-03-26T02:15:00Z,0.847,3.158,-0.686,-1.032,2.287
2017-03-26T02:30:00Z,0.847,3.158,-0.686,-1.032,2.287
2017-03-26T02:45:00Z,0.847,3.158,-0.686,-1.032,2.287
2017-03-26T03:00:00Z,1.22,2.772,-0.724,-1.023,2.245
2017-03-26T03:15:00Z,1.22,2.772,-0.724,-1.023,2.245
2017-03-26T03:30:00Z,1.22,2.772,-0.724,-1.023,2.245
2017-03-26T03:45:00Z,1.22,2.772,-0.724,-1.023,2.245
2017-03-26T04:00:00Z,1.147,2.802,-0.465,-1.003,2.481
2017-03-26T04:15:00Z,1.147,2.802,-0.465,-1.003,2.481
2017-03-26T04:30:00Z,1.147,2.802,-0.465,-1.003,2.481
2017-03-26T04:45:00Z,1.147,2.802,-0.465,-1.003,2.481
2017-03-26T05:00:00Z,1.016,2.696,-0.015,-1.009,2.688
2017-03-26T05:15:00Z,1.016,2.696,-0.015,-1.009,2.688
2017-03-26T05:30:00Z,1.016,2.696,-0.015,-1.009,2.688
2017-03-26T05:45:00Z,1.016,2.696,-0.015,-1.009,2.688
2017-03-26T06:00:00Z,0.937,2.521,0.123,-1.032,2.549
2017-03-26T06:15:00Z,0.937,2.521,0.123,-1.032,2.549
2017-03-26T06:30:00Z,0.937,2.521,0.123,-1.032,2.549
2017-03-26T06:45:00Z,0.937,2.521,0.123,-1.032,2.549
2017-03-26T07:00:00Z,0.544,2.175,0.677,-1.009,2.387
2017-03-26T07:15:00Z,0.544,2.175,0.677,-1.009,2.387
2017-03-26T07:30:00Z,0.544,2.175,0.677,-1.009,2.387
2017-03-26T07:45:00Z,0.544,2.175,0.677,-1.009,2.387
2017-03-26T08:00:00Z,0.306,2.101,0.703,-1.029,2.081
2017-03-26T08:15:00Z,0.306,2.101,0.703,-1.029,2.081
2017-03-26T08:30:00Z,0.306,2.101,0.703,-1.029,2.081
2017-03-26T08:45:00Z,0.306,2.101,0.703,-1.029,2.081
2017-03-26T09:00:00Z,0.139,2.656,0.636,-1.029,2.402
2017-03-26T09:15:00Z,0.139,2.656,0.636,-1.029,2.402
2017-03-26T09:30:00Z,0.139,2.656,0.636,-1.029,2.402
2017-03-26T09:45:00Z,0.139,2.656,0.636,-1.029,2.402
2017-03-26T10:00:00Z,0.072,3.39,0.114,-1,2.577
2017-03-26T10:15:00Z,0.072,3.39,0.114,-1,2.577
2017-03-26T10:30:00Z,0.072,3.39,0.114,-1,2.577
2017-03-26T10:45:00Z,0.072,3.39,0.114,-1,2.577
2017-03-26T11:00:00Z,0.387,3.591,-0.239,-1.027,2.712
2017-03-26T11:15:00Z,0.387,3.591,-0.239,-1.027,2.712
2017-03-26T11:30:00Z,0.387,3.591,-0.239,-1.027,2.712
2017-03-26T11:45:00Z,0.387,3.591,-0.239,-1.027,2.712
2017-03-26T12:00:00Z,0.27,3.568,-0.173,-1.024,2.641
2017-03-26T12:15:00Z,0.27,3.568,-0.173,-1.024,2.641
2017-03-26T12:30:00Z,0.27,3.568,-0.173,-1.024,2.641
2017-03-26T12:45:00Z,0.27,3.568,-0.173,-1.024,2.641
2017-03-26T13:00:00Z,0.71,3.435,-0.587,-1.024,2.534
2017-03-26T13:15:00Z,0.71,3.435,-0.587,-1.024,2.534
2017-03-26T13:30:00Z,0.71,3.435,-0.587,-1.024,2.534
2017-03-26T13:45:00Z,0.71,3.435,-0.587,-1.024,2.534
2017-03-26T14:00:00Z,0.92,3.116,-0.494,-1.024,2.518
2017-03-26T14:15:00Z,0.92,3.116,-0.494,-1.024,2.518
2017-03-26T14:30:00Z,0.92,3.116,-0.494,-1.024,2.518
2017-03-26T14:45:00Z,0.92,3.116,-0.494,-1.024,2.518
2017-03-26T15:00:00Z,1.401,2.588,0.088,-1.021,3.056
2017-03-26T15:15:00Z,1.401,2.588,0.088,-1.021,3.056
2017-03-26T15:30:00Z,1.401,2.588,0.088,-1.021,3.056
2017-03-26T15:45:00Z,1.401,2.588,0.088,-1.021,3.056
2017-03-26T16:00:00Z,0.562,2.527,0.679,-1.035,2.733
2017-03-26T16:15:00Z,0.562,2.527,0.679,-1.035,2.733
2017-03-26T16:30:00Z,0.562,2.527,0.679,-1.035,2.733
2017-03-26T16:45:00Z,0.562,2.527,0.679,-1.035,2.733
2017-03-26T17:00:00Z,0.412,2.383,0.704,-1.042,2.457
2017-03-26T17:15:00Z,0.412,2.383,0.704,-1.042,2.457
2017-03-26T17:30:00Z,0.412,2.383,0.704,-1.042,2.457
2017-03-26T17:45:00Z,0.412,2.383,0.704,-1.042,2.457
2017-03-26T18:00:00Z,-0.248,3.27,0.705,-1.044,2.683
2017-03-26T18:15:00Z,-0.248,3.27,0.705,-1.044,2.683
2017-03-26T18:30:00Z,-0.248,3.27,0.705,-1.044,2.683
2017-03-26T18:45:00Z,-0.248,3.27,0.705,-1.044,2.683
2017-03-26T19:00:00Z,-0.433,3.146,0.705,-1.024,2.395
2017-03-26T19:15:00Z,-0.433,3.146,0.705,-1.024,2.395
2017-03-26T19:30:00Z,-0.433,3.146,0.705,-1.024,2.395
2017-03-26T19:45:00Z,-0.433,3.146,0.705,-1.024,2.395
2017-03-26T20:00:00Z,-0.662,2.906,0.705,-1.019,1.93
2017-03-26T20:15:00Z,-0.662,2.906,0.705,-1.019,1.93
2017-03-26T20:30:00Z,-0.662,2.906,0.705,-1.019,1.93
2017-03-26T20:45:00Z,-0.662,2.906,0.705,-1.019,1.93
2017-03-26T21:00:00Z,-1.398,3.164,0.705,-1.027,1.444
2017-03-26T21:15:00Z,-1.398,3.164,0.705,-1.027,1.444
2017-03-26T21:30:00Z,-1.398,3.164,0.705,-1.027,1.444
2017-03-26T21:45:00Z,-1.398,3.164,0.705,-1.027,1.444
2017-03-26T22:00:00Z,-1.526,3.101,0.686,-1.029,1.232
2017-03-26T22:15:00Z,-1.526,3.101,0.686,-1.029,1.232
2017-03-26T22:30:00Z,-1.526,3.101,0.686,-1.029,1.232
2017-03-26T22:45:00Z,-1.526,3.101,0.686,-1.029,1.232
2017-03-26T23:00:00Z,-1.31,3.139,0.197,-0.644,1.382
2017-03-26T23:15:00Z,-1.31,3.139,0.197,-0.644,1.382
2017-03-26T23:30:00Z,-1.31,3.139,0.197,-0.644,1.382
2017-03-26T23:45:00Z,-1.31,3.139,0.197,-0.644,1.382
2017-03-27T00:00:00Z,-0.963,2.818,0.518,-1.011,1.363
2017-03-27T00:15:00Z,-0.963,2.818,0.518,-1.011,1.363
2017-03-27T00:30:00Z,-0.963,2.818,0.518,-1.011,1.363
2017-03-27T00:45:00Z,-0.963,2.818,0.518,-1.011,1.363
2017-03-27T01:00:00Z,-0.211,2.769,0.022,-1.037,1.544
2017-03-27T01:15:00Z,-0.211,2.769,0.022,-1.037,1.544
2017-03-27T01:30:00Z,-0.211,2.769,0.022,-1.037,1.544
2017-03-27T01:45:00Z,-0.211,2.769,0.022,-1.037,1.544
2017-03-27T02:00:00Z,-0.222,2.711,0.015,-1.028,1.476
2017-03-27T02:15:00Z,-0.222,2.711,0.015,-1.028,1.476
2017-03-27T02:30:00Z,-0.222,2.711,0.015,-1.028,1.476
2017-03-27T02:45:00Z,-0.222,2.711,0.015,-1.028,1.476
2017-03-27T03:00:00Z,-0.24,1.492,0.464,-1.024,0.692
2017-03-27T03:15:00Z,-0.24,1.492,0.464,-1.024,0.692
2017-03-27T03:30:00Z,-0.24,1.492,0.464,-1.024,0.692
2017-03-27T03:45:00Z,-0.24,1.492,0.464,-1.024,0.692
2017-03-27T04:00:00Z,-0.266,0.035,0.7,-0.579,-0.11
2017-03-27T04:15:00Z,-0.266,0.035,0.7,-0.579,-0.11
2017-03-27T04:30:00Z,-0.266,0.035,0.7,-0.579,-0.11
2017-03-27T04:45:00Z,-0.266,0.035,0.7,-0.579,-0.11
2017-03-27T05:00:00Z,-0.145,0.792,0.705,-1.048,0.305
2017-03-27T05:15:00Z,-0.145,0.792,0.705,-1.048,0.305
2017-03-27T05:30:00Z,-0.145,0.792,0.705,-1.048,0.305
2017-03-27T05:45:00Z,-0.145,0.792,0.705,-1.048,0.305
2017-03-27T06:00:00Z,-0.505,1.549,0.705,-0.958,0.792
2017-03-27T06:15:00Z,-0.505,1.549,0.705,-0.958,0.792
2017-03-27T06:30:00Z,-0.505,1.549,0.705,-0.958,0.792
2017-03-27T06:45:00Z,-0.505,1.549,0.705,-0.958,0.792
2017-03-27T07:00:00Z,-1.283,2.149,0.705,-1.03,0.542
2017-03-27T07:15:00Z,-1.283,2.149,0.705,-1.03,0.542
2017-03-27T07:30:00Z,-1.283,2.149,0.705,-1.03,0.542
2017-03-27T07:45:00Z,-1.283,2.149,0.705,-1.03,0.542
2017-03-27T08:00:00Z,-1.469,1.826,0.705,-1.026,0.036
2017-03-27T08:15:00Z,-1.469,1.826,0.705,-1.026,0.036
2017-03-27T08:30:00Z,-1.469,1.826,0.705,-1.026,0.036
2017-03-27T08:45:00Z,-1.469,1.826,0.705,-1.026,0.036
2017-03-27T09:00:00Z,-1.157,1.769,0.693,-1.02,0.284
2017-03-27T09:15:00Z,-1.157,1.769,0.693,-1.02,0.284
2017-03-27T09:30:00Z,-1.157,1.769,0.693,-1.02,0.284
2017-03-27T09:45:00Z,-1.157,1.769,0.693,-1.02,0.284
2017-03-27T10:00:00Z,-0.913,1.94,0.127,-1.032,0.123
2017-03-27T10:15:00Z,-0.913,1.94,0.127,-1.032,0.123
2017-03-27T10:30:00Z,-0.913,1.94,0.127,-1.032,0.123
2017-03-27T10:45:00Z,-0.913,1.94,0.127,-1.032,0.123
2017-03-27T11:00:00Z,-0.573,2.006,0.002,-1.019,0.416
2017-03-27T11:15:00Z,-0.573,2.006,0.002,-1.019,0.416
2017-03-27T11:30:00Z,-0.573,2.006,0.002,-1.019,0.416
2017-03-27T11:45:00Z,-0.573,2.006,0.002,-1.019,0.416
2017-03-27T12:00:00Z,-0.332,1.651,0,-1.016,0.303
2017-03-27T12:15:00Z,-0.332,1.651,0,-1.016,0.303
2017-03-27T12:30:00Z,-0.332,1.651,0,-1.016,0.303
2017-03-27T12:45:00Z,-0.332,1.651,0,-1.016,0.303
2017-03-27T13:00:00Z,-0.521,1.591,0,-1.022,0.047
2017-03-27T13:15:00Z,-0.521,1.591,0,-1.022,0.047
2017-03-27T13:30:00Z,-0.521,1.591,0,-1.022,0.047
2017-03-27T13:45:00Z,-0.521,1.591,0,-1.022,0.047
2017-03-27T14:00:00Z,-0.298,1.232,0.124,-1.022,0.037
2017-03-27T14:15:00Z,-0.298,1.232,0.124,-1.022,0.037
2017-03-27T14:30:00Z,-0.298,1.232,0.124,-1.022,0.037
2017-03-27T14:45:00Z,-0.298,1.232,0.124,-1.022,0.037
2017-03-27T15:00:00Z,-0.161,0.744,0.679,-1.022,0.24
2017-03-27T15:15:00Z,-0.161,0.744,0.679,-1.022,0.24
2017-03-27T15:30:00Z,-0.161,0.744,0.679,-1.022,0.24
2017-03-27T15:45:00Z,-0.161,0.744,0.679,-1.022,0.24
2017-03-27T16:00:00Z,-0.082,0.035,0.705,-1.023,-0.365
2017-03-27T16:15:00Z,-0.082,0.035,0.705,-1.023,-0.365
2017-03-27T16:30:00Z,-0.082,0.035,0.705,-1.023,-0.365
2017-03-27T16:45:00Z,-0.082,0.035,0.705,-1.023,-0.365
2017-03-27T17:00:00Z,0.319,-0.391,0.705,-1.037,-0.404
2017-03-27T17:15:00Z,0.319,-0.391,0.705,-1.037,-0.404
2017-03-27T17:30:00Z,0.319,-0.391,0.705,-1.037,-0.404
2017-03-27T17:45:00Z,0.319,-0.391,0.705,-1.037,-0.404
2017-03-27T18:00:00Z,0.063,0.185,0.705,-1.023,-0.07
2017-03-27T18:15:00Z,0.063,0.185,0.705,-1.023,-0.07
2017-03-27T18:30:00Z,0.063,0.185,0.705,-1.023,-0.07
2017-03-27T18:45:00Z,0.063,0.185,0.705,-1.023,-0.07
2017-03-27T19:00:00Z,-0.336,0.493,0.705,-1.015,-0.153
2017-03-27T19:15:00Z,-0.336,0.493,0.705,-1.015,-0.153
2017-03-27T19:30:00Z,-0.336,0.493,0.705,-1.015,-0.153
2017-03-27T19:45:00Z,-0.336,0.493,0.705,-1.015,-0.153
2017-03-27T20:00:00Z,-0.872,0.862,0.705,-0.992,-0.297
2017-03-27T20:15:00Z,-0.872,0.862,0.705,-0.992,-0.297
2017-03-27T20:30:00Z,-0.872,0.862,0.705,-0.992,-0.297
2017-03-27T20:45:00Z,-0.872,0.862,0.705,-0.992,-0.297
2017-03-27T21:00:00Z,-1.764,1.475,0.681,-1.005,-0.613
2017-03-27T21:15:00Z,-1.764,1.475,0.681,-1.005,-0.613
2017-03-27T21:30:00Z,-1.764,1.475,0.681,-1.005,-0.613
2017-03-27T21:45:00Z,-1.764,1.475,0.681,-1.005,-0.613
2017-03-27T22:00:00Z,-1.526,2.018,0.127,-0.887,-0.268
2017-03-27T22:15:00Z,-1.526,2.018,0.127,-0.887,-0.268
2017-03-27T22:30:00Z,-1.526,2.018,0.127,-0.887,-0.268
2017-03-27T22:45:00Z,-1.526,2.018,0.127,-0.887,-0.268
2017-03-27T23:00:00Z,-1.094,1.875,0.002,-0.908,-0.125
2017-03-27T23:15:00Z,-1.094,1.875,0.002,-0.908,-0.125
2017-03-27T23:30:00Z,-1.094,1.875,0.002,-0.908,-0.125
2017-03-27T23:45:00Z,-1.094,1.875,0.002,-0.908,-0.125
2017-03-28T00:00:00Z,-1.104,1.749,0,-0.896,-0.252
2017-03-28T00:15:00Z,-1.104,1.749,0,-0.896,-0.252
2017-03-28T00:30:00Z,-1.104,1.749,0,-0.896,-0.252
2017-03-28T00:45:00Z,-1.104,1.749,0,-0.896,-0.252
2017-03-28T01:00:00Z,-0.526,1.144,0,-0.894,-0.276
2017-03-28T01:15:00Z,-0.526,1.144,0,-0.894,-0.276
2017-03-28T01:30:00Z,-0.526,1.144,0,-0.894,-0.276
2017-03-28T01:45:00Z,-0.526,1.144,0,-0.894,-0.276
2017-03-28T02:00:00Z,-0.32,0.819,0,-0.889,-0.39
2017-03-28T02:15:00Z,-0.32,0.819,0,-0.889,-0.39
2017-03-28T02:30:00Z,-0.32,0.819,0,-0.889,-0.39
2017-03-28T02:45:00Z,-0.32,0.819,0,-0.889,-0.39
2017-03-28T03:00:00Z,-0.246,0.091,0.125,-0.897,-0.927
2017-03-28T03:15:00Z,-0.246,0.091,0.125,-0.897,-0.927
2017-03-28T03:30:00Z,-0.246,0.091,0.125,-0.897,-0.927
2017-03-28T03:45:00Z,-0.246,0.091,0.125,-0.897,-0.927
2017-03-28T04:00:00Z,-0.537,-0.219,0.679,-0.736,-0.813
2017-03-28T04:15:00Z,-0.537,-0.219,0.679,-0.736,-0.813
2017-03-28T04:30:00Z,-0.537,-0.219,0.679,-0.736,-0.813
2017-03-28T04:45:00Z,-0.537,-0.219,0.679,-0.736,-0.813
2017-03-28T05:00:00Z,-0.788,0.344,0.705,-0.412,-0.152
2017-03-28T05:15:00Z,-0.788,0.344,0.705,-0.412,-0.152
2017-03-28T05:30:00Z,-0.788,0.344,0.705,-0.412,-0.152
2017-03-28T05:45:00Z,-0.788,0.344,0.705,-0.412,-0.152
2017-03-28T06:00:00Z,-0.556,1.579,0.705,-1.047,0.681
2017-03-28T06:15:00Z,-0.556,1.579,0.705,-1.047,0.681
2017-03-28T06:30:00Z,-0.556,1.579,0.705,-1.047,0.681
2017-03-28T06:45:00Z,-0.556,1.579,0.705,-1.047,0.681
2017-03-28T07:00:00Z,-0.864,1.685,0.705,-0.999,0.528
2017-03-28T07:15:00Z,-0.864,1.685,0.705,-0.999,0.528
2017-03-28T07:30:00Z,-0.864,1.685,0.705,-0.999,0.528
2017-03-28T07:45:00Z,-0.864,1.685,0.705,-0.999,0.528
2017-03-28T08:00:00Z,-1.183,1.348,0.705,-1.011,-0.142
2017-03-28T08:15:00Z,-1.183,1.348,0.705,-1.011,-0.142
2017-03-28T08:30:00Z,-1.183,1.348,0.705,-1.011,-0.142
2017-03-28T08:45:00Z,-1.183,1.348,0.705,-1.011,-0.142
2017-03-28T09:00:00Z,-1.202,1.182,0.705,-1.025,-0.34
2017-03-28T09:15:00Z,-1.202,1.182,0.705,-1.025,-0.34
2017-03-28T09:30:00Z,-1.202,1.182,0.705,-1.025,-0.34
2017-03-28T09:45:00Z,-1.202,1.182,0.705,-1.025,-0.34
2017-03-28T10:00:00Z,-1.054,1.237,0.532,-1.019,-0.304
2017-03-28T10:15:00Z,-1.054,1.237,0.532,-1.019,-0.304
2017-03-28T10:30:00Z,-1.054,1.237,0.532,-1.019,-0.304
2017-03-28T10:45:00Z,-1.054,1.237,0.532,-1.019,-0.304
2017-03-28T11:00:00Z,-0.746,1.633,0.022,-1.025,-0.116
2017-03-28T11:15:00Z,-0.746,1.633,0.022,-1.025,-0.116
2017-03-28T11:30:00Z,-0.746,1.633,0.022,-1.025,-0.116
2017-03-28T11:45:00Z,-0.746,1.633,0.022,-1.025,-0.116
2017-03-28T12:00:00Z,-0.416,1.176,0,-1.031,-0.271
2017-03-28T12:15:00Z,-0.416,1.176,0,-1.031,-0.271
2017-03-28T12:30:00Z,-0.416,1.176,0,-1.031,-0.271
2017-03-28T12:45:00Z,-0.416,1.176,0,-1.031,-0.271
2017-03-28T13:00:00Z,0.132,0.738,0.095,-1.035,-0.07
2017-03-28T13:15:00Z,0.132,0.738,0.095,-1.035,-0.07
2017-03-28T13:30:00Z,0.132,0.738,0.095,-1.035,-0.07
2017-03-28T13:45:00Z,0.132,0.738,0.095,-1.035,-0.07
2017-03-28T14:00:00Z,0.243,0.695,0.024,-1.044,-0.082
2017-03-28T14:15:00Z,0.243,0.695,0.024,-1.044,-0.082
2017-03-28T14:30:00Z,0.243,0.695,0.024,-1.044,-0.082
2017-03-28T14:45:00Z,0.243,0.695,0.024,-1.044,-0.082
2017-03-28T15:00:00Z,0.245,0.074,0.531,-1.032,-0.182
2017-03-28T15:15:00Z,0.245,0.074,0.531,-1.032,-0.182
2017-03-28T15:30:00Z,0.245,0.074,0.531,-1.032,-0.182
2017-03-28T15:45:00Z,0.245,0.074,0.531,-1.032,-0.182
2017-03-28T16:00:00Z,-0.202,-0.561,0.701,-1.008,-1.07
2017-03-28T16:15:00Z,-0.202,-0.561,0.701,-1.008,-1.07
2017-03-28T16:30:00Z,-0.202,-0.561,0.701,-1.008,-1.07
2017-03-28T16:45:00Z,-0.202,-0.561,0.701,-1.008,-1.07
2017-03-28T17:00:00Z,-0.181,-0.872,0.705,-1.001,-1.35
2017-03-28T17:15:00Z,-0.181,-0.872,0.705,-1.001,-1.35
2017-03-28T17:30:00Z,-0.181,-0.872,0.705,-1.001,-1.35
2017-03-28T17:45:00Z,-0.181,-0.872,0.705,-1.001,-1.35
2017-03-28T18:00:00Z,-0.476,-0.301,0.705,-1.021,-1.093
2017-03-28T18:15:00Z,-0.476,-0.301,0.705,-1.021,-1.093
2017-03-28T18:30:00Z,-0.476,-0.301,0.705,-1.021,-1.093
2017-03-28T18:45:00Z,-0.476,-0.301,0.705,-1.021,-1.093
2017-03-28T19:00:00Z,-1.126,0.064,0.705,-1.013,-1.37
2017-03-28T19:15:00Z,-1.126,0.064,0.705,-1.013,-1.37
2017-03-28T19:30:00Z,-1.126,0.064,0.705,-1.013,-1.37
2017-03-28T19:45:00Z,-1.126,0.064,0.705,-1.013,-1.37
2017-03-28T20:00:00Z,-2.018,0.468,0.681,-1.019,-1.888
2017-03-28T20:15:00Z,-2.018,0.468,0.681,-1.019,-1.888
2017-03-28T20:30:00Z,-2.018,0.468,0.681,-1.019,-1.888
2017-03-28T20:45:00Z,-2.018,0.468,0.681,-1.019,-1.888
2017-03-28T21:00:00Z,-1.621,0.536,0.128,-1.022,-1.979
2017-03-28T21:15:00Z,-1.621,0.536,0.128,-1.022,-1.979
2017-03-28T21:30:00Z,-1.621,0.536,0.128,-1.022,-1.979
2017-03-28T21:45:00Z,-1.621,0.536,0.128,-1.022,-1.979
2017-03-28T22:00:00Z,-1.423,0.354,0.002,-0.906,-1.972
2017-03-28T22:15:00Z,-1.423,0.354,0.002,-0.906,-1.972
2017-03-28T22:30:00Z,-1.423,0.354,0.002,-0.906,-1.972
2017-03-28T22:45:00Z,-1.423,0.354,0.002,-0.906,-1.972
2017-03-28T23:00:00Z,-1.364,1.007,0,-0.916,-1.273
2017-03-28T23:15:00Z,-1.364,1.007,0,-0.916,-1.273
2017-03-28T23:30:00Z,-1.364,1.007,0,-0.916,-1.273
2017-03-28T23:45:00Z,-1.364,1.007,0,-0.916,-1.273
2017-03-29T00:00:00Z,-1.175,0.836,0.048,-0.903,-1.194
2017-03-29T00:15:00Z,-1.175,0.836,0.048,-0.903,-1.194
2017-03-29T00:30:00Z,-1.175,0.836,0.048,-0.903,-1.194
2017-03-29T00:45:00Z,-1.175,0.836,0.048,-0.903,-1.194
2017-03-29T01:00:00Z,-0.758,0.626,-0.118,-0.878,-1.128
2017-03-29T01:15:00Z,-0.758,0.626,-0.118,-0.878,-1.128
2017-03-29T01:30:00Z,-0.758,0.626,-0.118,-0.878,-1.128
2017-03-29T01:45:00Z,-0.758,0.626,-0.118,-0.878,-1.128
2017-03-29T02:00:00Z,-0.951,1.191,-0.576,-0.895,-1.232
2017-03-29T02:15:00Z,-0.951,1.191,-0.576,-0.895,-1.232
2017-03-29T02:30:00Z,-0.951,1.191,-0.576,-0.895,-1.232
2017-03-29T02:45:00Z,-0.951,1.191,-0.576,-0.895,-1.232
2017-03-29T03:00:00Z,-1.473,0.901,-0.002,-0.876,-1.45
2017-03-29T03:15:00Z,-1.473,0.901,-0.002,-0.876,-1.45
2017-03-29T03:30:00Z,-1.473,0.901,-0.002,-0.876,-1.45
2017-03-29T03:45:00Z,-1.473,0.901,-0.002,-0.876,-1.45
2017-03-29T04:00:00Z,-1.624,0.541,0.58,-0.87,-1.373
2017-03-29T04:15:00Z,-1.624,0.541,0.58,-0.87,-1.373
2017-03-29T04:30:00Z,-1.624,0.541,0.58,-0.87,-1.373
2017-03-29T04:45:00Z,-1.624,0.541,0.58,-0.87,-1.373
2017-03-29T05:00:00Z,-1.58,1.364,0.703,-1.033,-0.547
2017-03-29T05:15:00Z,-1.58,1.364,0.703,-1.033,-0.547
2017-03-29T05:30:00Z,-1.58,1.364,0.703,-1.033,-0.547
2017-03-29T05:45:00Z,-1.58,1.364,0.703,-1.033,-0.547
2017-03-29T06:00:00Z,-1.29,1.786,0.705,-1.037,0.164
2017-03-29T06:15:00Z,-1.29,1.786,0.705,-1.037,0.164
2017-03-29T06:30:00Z,-1.29,1.786,0.705,-1.037,0.164
2017-03-29T06:45:00Z,-1.29,1.786,0.705,-1.037,0.164
2017-03-29T07:00:00Z,-1.283,2.194,0.705,-1.012,0.604
2017-03-29T07:15:00Z,-1.283,2.194,0.705,-1.012,0.604
2017-03-29T07:30:00Z,-1.283,2.194,0.705,-1.012,0.604
2017-03-29T07:45:00Z,-1.283,2.194,0.705,-1.012,0.604
2017-03-29T08:00:00Z,-1.509,2.016,0.705,-1.042,0.17
2017-03-29T08:15:00Z,-1.509,2.016,0.705,-1.042,0.17
2017-03-29T08:30:00Z,-1.509,2.016,0.705,-1.042,0.17
2017-03-29T08:45:00Z,-1.509,2.016,0.705,-1.042,0.17
2017-03-29T09:00:00Z,-1.399,1.977,0.705,-1.012,0.271
2017-03-29T09:15:00Z,-1.399,1.977,0.705,-1.012,0.271
2017-03-29T09:30:00Z,-1.399,1.977,0.705,-1.012,0.271
2017-03-29T09:45:00Z,-1.399,1.977,0.705,-1.012,0.271
2017-03-29T10:00:00Z,-1.305,1.993,0.705,-1.056,0.338
2017-03-29T10:15:00Z,-1.305,1.993,0.705,-1.056,0.338
2017-03-29T10:30:00Z,-1.305,1.993,0.705,-1.056,0.338
2017-03-29T10:45:00Z,-1.305,1.993,0.705,-1.056,0.338
2017-03-29T11:00:00Z,-1.101,1.914,0.705,-1.017,0.501
2017-03-29T11:15:00Z,-1.101,1.914,0.705,-1.017,0.501
2017-03-29T11:30:00Z,-1.101,1.914,0.705,-1.017,0.501
2017-03-29T11:45:00Z,-1.101,1.914,0.705,-1.017,0.501
2017-03-29T12:00:00Z,-0.739,1.572,0.593,-1.032,0.395
2017-03-29T12:15:00Z,-0.739,1.572,0.593,-1.032,0.395
2017-03-29T12:30:00Z,-0.739,1.572,0.593,-1.032,0.395
2017-03-29T12:45:00Z,-0.739,1.572,0.593,-1.032,0.395
2017-03-29T13:00:00Z,-0.502,1.586,0.381,-1.048,0.417
2017-03-29T13:15:00Z,-0.502,1.586,0.381,-1.048,0.417
2017-03-29T13:30:00Z,-0.502,1.586,0.381,-1.048,0.417
2017-03-29T13:45:00Z,-0.502,1.586,0.381,-1.048,0.417
2017-03-29T14:00:00Z,-0.278,1.034,0.696,-1.02,0.433
2017-03-29T14:15:00Z,-0.278,1.034,0.696,-1.02,0.433
2017-03-29T14:30:00Z,-0.278,1.034,0.696,-1.02,0.433
2017-03-29T14:45:00Z,-0.278,1.034,0.696,-1.02,0.433
2017-03-29T15:00:00Z,0.116,0.717,0.705,-1.017,0.521
2017-03-29T15:15:00Z,0.116,0.717,0.705,-1.017,0.521
2017-03-29T15:30:00Z,0.116,0.717,0.705,-1.017,0.521
2017-03-29T15:45:00Z,0.116,0.717,0.705,-1.017,0.521
2017-03-29T16:00:00Z,-0.219,0.516,0.705,-1.032,-0.03
2017-03-29T16:15:00Z,-0.219,0.516,0.705,-1.032,-0.03
2017-03-29T16:30:00Z,-0.219,0.516,0.705,-1.032,-0.03
2017-03-29T16:45:00Z,-0.219,0.516,0.705,-1.032,-0.03
2017-03-29T17:00:00Z,-0.018,0.108,0.705,-1.027,-0.232
2017-03-29T17:15:00Z,-0.018,0.108,0.705,-1.027,-0.232
2017-03-29T17:30:00Z,-0.018,0.108,0.705,-1.027,-0.232
2017-03-29T17:45:00Z,-0.018,0.108,0.705,-1.027,-0.232
2017-03-29T18:00:00Z,-0.254,0.622,0.705,-1.023,0.05
2017-03-29T18:15:00Z,-0.254,0.622,0.705,-1.023,0.05
2017-03-29T18:30:00Z,-0.254,0.622,0.705,-1.023,0.05
2017-03-29T18:45:00Z,-0.254,0.622,0.705,-1.023,0.05
2017-03-29T19:00:00Z,-0.346,0.451,0.705,-1.014,-0.204
2017-03-29T19:15:00Z,-0.346,0.451,0.705,-1.014,-0.204
2017-03-29T19:30:00Z,-0.346,0.451,0.705,-1.014,-0.204
2017-03-29T19:45:00Z,-0.346,0.451,0.705,-1.014,-0.204
2017-03-29T20:00:00Z,-0.865,0.5,0.703,-1.045,-0.706
2017-03-29T20:15:00Z,-0.865,0.5,0.703,-1.045,-0.706
2017-03-29T20:30:00Z,-0.865,0.5,0.703,-1.045,-0.706
2017-03-29T20:45:00Z,-0.865,0.5,0.703,-1.045,-0.706
2017-03-29T21:00:00Z,-1.089,0.764,0.583,-0.998,-0.74
2017-03-29T21:15:00Z,-1.089,0.764,0.583,-0.998,-0.74
2017-03-29T21:30:00Z,-1.089,0.764,0.583,-0.998,-0.74
2017-03-29T21:45:00Z,-1.089,0.764,0.583,-0.998,-0.74
2017-03-29T22:00:00Z,-0.915,1.27,0.027,-0.771,-0.388
2017-03-29T22:15:00Z,-0.915,1.27,0.027,-0.771,-0.388
2017-03-29T22:30:00Z,-0.915,1.27,0.027,-0.771,-0.388
2017-03-29T22:45:00Z,-0.915,1.27,0.027,-0.771,-0.388
2017-03-29T23:00:00Z,-0.371,1.15,0,-0.762,0.017
2017-03-29T23:15:00Z,-0.371,1.15,0,-0.762,0.017
2017-03-29T23:30:00Z,-0.371,1.15,0,-0.762,0.017
2017-03-29T23:45:00Z,-0.371,1.15,0,-0.762,0.017
2017-03-30T00:00:00Z,-0.128,0.729,0,-0.72,-0.118
2017-03-30T00:15:00Z,-0.128,0.729,0,-0.72,-0.118
2017-03-30T00:30:00Z,-0.128,0.729,0,-0.72,-0.118
2017-03-30T00:45:00Z,-0.128,0.729,0,-0.72,-0.118
2017-03-30T01:00:00Z,0.299,0.605,-0.066,-0.729,0.109
2017-03-30T01:15:00Z,0.299,0.605,-0.066,-0.729,0.109
2017-03-30T01:30:00Z,0.299,0.605,-0.066,-0.729,0.109
2017-03-30T01:45:00Z,0.299,0.605,-0.066,-0.729,0.109
2017-03-30T02:00:00Z,0.544,0.438,-0.476,-0.777,-0.271
2017-03-30T02:15:00Z,0.544,0.438,-0.476,-0.777,-0.271
2017-03-30T02:30:00Z,0.544,0.438,-0.476,-0.777,-0.271
2017-03-30T02:45:00Z,0.544,0.438,-0.476,-0.777,-0.271
2017-03-30T03:00:00Z,0.557,-0.577,0.1,-0.771,-0.691
2017-03-30T03:15:00Z,0.557,-0.577,0.1,-0.771,-0.691
2017-03-30T03:30:00Z,0.557,-0.577,0.1,-0.771,-0.691
2017-03-30T03:45:00Z,0.557,-0.577,0.1,-0.771,-0.691
2017-03-30T04:00:00Z,-0.047,-1.433,0.679,-0.746,-1.546
2017-03-30T04:15:00Z,-0.047,-1.433,0.679,-0.746,-1.546
2017-03-30T04:30:00Z,-0.047,-1.433,0.679,-0.746,-1.546
2017-03-30T04:45:00Z,-0.047,-1.433,0.679,-0.746,-1.546
2017-03-30T05:00:00Z,0.318,-1.333,0.705,-0.746,-1.056
2017-03-30T05:15:00Z,0.318,-1.333,0.705,-0.746,-1.056
2017-03-30T05:30:00Z,0.318,-1.333,0.705,-0.746,-1.056
2017-03-30T05:45:00Z,0.318,-1.333,0.705,-0.746,-1.056
2017-03-30T06:00:00Z,0.494,-0.688,0.705,-0.989,-0.478
2017-03-30T06:15:00Z,0.494,-0.688,0.705,-0.989,-0.478
2017-03-30T06:30:00Z,0.494,-0.688,0.705,-0.989,-0.478
2017-03-30T06:45:00Z,0.494,-0.688,0.705,-0.989,-0.478
2017-03-30T07:00:00Z,0.064,-0.139,0.705,-1.023,-0.393
2017-03-30T07:15:00Z,0.064,-0.139,0.705,-1.023,-0.393
2017-03-30T07:30:00Z,0.064,-0.139,0.705,-1.023,-0.393
2017-03-30T07:45:00Z,0.064,-0.139,0.705,-1.023,-0.393
2017-03-30T08:00:00Z,-0.191,-0.201,0.705,-1.032,-0.719
2017-03-30T08:15:00Z,-0.191,-0.201,0.705,-1.032,-0.719
2017-03-30T08:30:00Z,-0.191,-0.201,0.705,-1.032,-0.719
2017-03-30T08:45:00Z,-0.191,-0.201,0.705,-1.032,-0.719
2017-03-30T09:00:00Z,-0.479,-0.174,0.705,-1.023,-0.971
2017-03-30T09:15:00Z,-0.479,-0.174,0.705,-1.023,-0.971
2017-03-30T09:30:00Z,-0.479,-0.174,0.705,-1.023,-0.971
2017-03-30T09:45:00Z,-0.479,-0.174,0.705,-1.023,-0.971
2017-03-30T10:00:00Z,-0.568,0.224,0.7,-1.023,-0.666
2017-03-30T10:15:00Z,-0.568,0.224,0.7,-1.023,-0.666
2017-03-30T10:30:00Z,-0.568,0.224,0.7,-1.023,-0.666
2017-03-30T10:45:00Z,-0.568,0.224,0.7,-1.023,-0.666
2017-03-30T11:00:00Z,-0.504,0.818,0.43,-1.024,-0.28
2017-03-30T11:15:00Z,-0.504,0.818,0.43,-1.024,-0.28
2017-03-30T11:30:00Z,-0.504,0.818,0.43,-1.024,-0.28
2017-03-30T11:45:00Z,-0.504,0.818,0.43,-1.024,-0.28
2017-03-30T12:00:00Z,-0.238,1.22,-0.037,-1.025,-0.08
2017-03-30T12:15:00Z,-0.238,1.22,-0.037,-1.025,-0.08
2017-03-30T12:30:00Z,-0.238,1.22,-0.037,-1.025,-0.08
2017-03-30T12:45:00Z,-0.238,1.22,-0.037,-1.025,-0.08
2017-03-30T13:00:00Z,0.042,1.221,-0.142,-1.025,0.096
2017-03-30T13:15:00Z,0.042,1.221,-0.142,-1.025,0.096
2017-03-30T13:30:00Z,0.042,1.221,-0.142,-1.025,0.096
2017-03-30T13:45:00Z,0.042,1.221,-0.142,-1.025,0.096
2017-03-30T14:00:00Z,0.152,1.05,0.012,-1.024,0.19
2017-03-30T14:15:00Z,0.152,1.05,0.012,-1.024,0.19
2017-03-30T14:30:00Z,0.152,1.05,0.012,-1.024,0.19
2017-03-30T14:45:00Z,0.152,1.05,0.012,-1.024,0.19
2017-03-30T15:00:00Z,0.425,0.152,0.472,-1.036,0.013
2017-03-30T15:15:00Z,0.425,0.152,0.472,-1.036,0.013
2017-03-30T15:30:00Z,0.425,0.152,0.472,-1.036,0.013
2017-03-30T15:45:00Z,0.425,0.152,0.472,-1.036,0.013
2017-03-30T16:00:00Z,0.493,-0.6,0.7,-1.032,-0.439
2017-03-30T16:15:00Z,0.493,-0.6,0.7,-1.032,-0.439
2017-03-30T16:30:00Z,0.493,-0.6,0.7,-1.032,-0.439
2017-03-30T16:45:00Z,0.493,-0.6,0.7,-1.032,-0.439
2017-03-30T17:00:00Z,0.483,-0.466,0.704,-1.029,-0.308
2017-03-30T17:15:00Z,0.483,-0.466,0.704,-1.029,-0.308
2017-03-30T17:30:00Z,0.483,-0.466,0.704,-1.029,-0.308
2017-03-30T17:45:00Z,0.483,-0.466,0.704,-1.029,-0.308
2017-03-30T18:00:00Z,0.279,-0.011,0.704,-1.034,-0.062
2017-03-30T18:15:00Z,0.279,-0.011,0.704,-1.034,-0.062
2017-03-30T18:30:00Z,0.279,-0.011,0.704,-1.034,-0.062
2017-03-30T18:45:00Z,0.279,-0.011,0.704,-1.034,-0.062
2017-03-30T19:00:00Z,-0.379,0.396,0.705,-1.016,-0.293
2017-03-30T19:15:00Z,-0.379,0.396,0.705,-1.016,-0.293
2017-03-30T19:30:00Z,-0.379,0.396,0.705,-1.016,-0.293
2017-03-30T19:45:00Z,-0.379,0.396,0.705,-1.016,-0.293
2017-03-30T20:00:00Z,-1.008,0.757,0.705,-1.024,-0.57
2017-03-30T20:15:00Z,-1.008,0.757,0.705,-1.024,-0.57
2017-03-30T20:30:00Z,-1.008,0.757,0.705,-1.024,-0.57
2017-03-30T20:45:00Z,-1.008,0.757,0.705,-1.024,-0.57
2017-03-30T21:00:00Z,-1.253,1.167,0.548,-0.997,-0.535
2017-03-30T21:15:00Z,-1.253,1.167,0.548,-0.997,-0.535
2017-03-30T21:30:00Z,-1.253,1.167,0.548,-0.997,-0.535
2017-03-30T21:45:00Z,-1.253,1.167,0.548,-0.997,-0.535
2017-03-30T22:00:00Z,-1.047,1.729,0.018,-0.66,0.04
2017-03-30T22:15:00Z,-1.047,1.729,0.018,-0.66,0.04
2017-03-30T22:30:00Z,-1.047,1.729,0.018,-0.66,0.04
2017-03-30T22:45:00Z,-1.047,1.729,0.018,-0.66,0.04
2017-03-30T23:00:00Z,-0.25,2.221,-0.288,-0.674,1.009
2017-03-30T23:15:00Z,-0.25,2.221,-0.288,-0.674,1.009
2017-03-30T23:30:00Z,-0.25,2.221,-0.288,-0.674,1.009
2017-03-30T23:45:00Z,-0.25,2.221,-0.288,-0.674,1.009
2017-03-31T00:00:00Z,0.246,2.596,-0.715,-0.669,1.458
2017-03-31T00:15:00Z,0.246,2.596,-0.715,-0.669,1.458
2017-03-31T00:30:00Z,0.246,2.596,-0.715,-0.669,1.458
2017-03-31T00:45:00Z,0.246,2.596,-0.715,-0.669,1.458
2017-03-31T01:00:00Z,0.485,2.523,-0.728,-0.835,1.445
2017-03-31T01:15:00Z,0.485,2.523,-0.728,-0.835,1.445
2017-03-31T01:30:00Z,0.485,2.523,-0.728,-0.835,1.445
2017-03-31T01:45:00Z,0.485,2.523,-0.728,-0.835,1.445
2017-03-31T02:00:00Z,0.818,1.386,-0.599,-0.694,0.911
2017-03-31T02:15:00Z,0.818,1.386,-0.599,-0.694,0.911
2017-03-31T02:30:00Z,0.818,1.386,-0.599,-0.694,0.911
2017-03-31T02:45:00Z,0.818,1.386,-0.599,-0.694,0.911
2017-03-31T03:00:00Z,0.307,0.807,-0.003,-0.693,0.418
2017-03-31T03:15:00Z,0.307,0.807,-0.003,-0.693,0.418
2017-03-31T03:30:00Z,0.307,0.807,-0.003,-0.693,0.418
2017-03-31T03:45:00Z,0.307,0.807,-0.003,-0.693,0.418
2017-03-31T04:00:00Z,-0.242,0.012,0.578,-0.693,-0.345
2017-03-31T04:15:00Z,-0.242,0.012,0.578,-0.693,-0.345
2017-03-31T04:30:00Z,-0.242,0.012,0.578,-0.693,-0.345
2017-03-31T04:45:00Z,-0.242,0.012,0.578,-0.693,-0.345
2017-03-31T05:00:00Z,-0.923,0.373,0.703,-0.856,-0.703
2017-03-31T05:15:00Z,-0.923,0.373,0.703,-0.856,-0.703
2017-03-31T05:30:00Z,-0.923,0.373,0.703,-0.856,-0.703
2017-03-31T05:45:00Z,-0.923,0.373,0.703,-0.856,-0.703
2017-03-31T06:00:00Z,-1.029,1.491,0.705,-1.028,0.139
2017-03-31T06:15:00Z,-1.029,1.491,0.705,-1.028,0.139
2017-03-31T06:30:00Z,-1.029,1.491,0.705,-1.028,0.139
2017-03-31T06:45:00Z,-1.029,1.491,0.705,-1.028,0.139
2017-03-31T07:00:00Z,-1.432,1.792,0.705,-1.007,0.058
2017-03-31T07:15:00Z,-1.432,1.792,0.705,-1.007,0.058
2017-03-31T07:30:00Z,-1.432,1.792,0.705,-1.007,0.058
2017-03-31T07:45:00Z,-1.432,1.792,0.705,-1.007,0.058
2017-03-31T08:00:00Z,-1.503,1.634,0.705,-1.023,-0.186
2017-03-31T08:15:00Z,-1.503,1.634,0.705,-1.023,-0.186
2017-03-31T08:30:00Z,-1.503,1.634,0.705,-1.023,-0.186
2017-03-31T08:45:00Z,-1.503,1.634,0.705,-1.023,-0.186
2017-03-31T09:00:00Z,-1.611,1.657,0.705,-0.997,-0.246
2017-03-31T09:15:00Z,-1.611,1.657,0.705,-0.997,-0.246
2017-03-31T09:30:00Z,-1.611,1.657,0.705,-0.997,-0.246
2017-03-31T09:45:00Z,-1.611,1.657,0.705,-0.997,-0.246
2017-03-31T10:00:00Z,-1.678,1.7,0.704,-1.015,-0.289
2017-03-31T10:15:00Z,-1.678,1.7,0.704,-1.015,-0.289
2017-03-31T10:30:00Z,-1.678,1.7,0.704,-1.015,-0.289
2017-03-31T10:45:00Z,-1.678,1.7,0.704,-1.015,-0.289
2017-03-31T11:00:00Z,-1.533,1.585,0.668,-1.003,-0.283
2017-03-31T11:15:00Z,-1.533,1.585,0.668,-1.003,-0.283
2017-03-31T11:30:00Z,-1.533,1.585,0.668,-1.003,-0.283
2017-03-31T11:45:00Z,-1.533,1.585,0.668,-1.003,-0.283
2017-03-31T12:00:00Z,-1.535,1.87,0.446,-1.042,-0.261
2017-03-31T12:15:00Z,-1.535,1.87,0.446,-1.042,-0.261
2017-03-31T12:30:00Z,-1.535,1.87,0.446,-1.042,-0.261
2017-03-31T12:45:00Z,-1.535,1.87,0.446,-1.042,-0.261
2017-03-31T13:00:00Z,-1.366,2.054,0.051,-1.026,-0.286
2017-03-31T13:15:00Z,-1.366,2.054,0.051,-1.026,-0.286
2017-03-31T13:30:00Z,-1.366,2.054,0.051,-1.026,-0.286
2017-03-31T13:45:00Z,-1.366,2.054,0.051,-1.026,-0.286
2017-03-31T14:00:00Z,-1.197,2.488,0.025,-1.042,0.274
2017-03-31T14:15:00Z,-1.197,2.488,0.025,-1.042,0.274
2017-03-31T14:30:00Z,-1.197,2.488,0.025,-1.042,0.274
2017-03-31T14:45:00Z,-1.197,2.488,0.025,-1.042,0.274
2017-03-31T15:00:00Z,-1.35,1.918,0.586,-1.036,0.118
2017-03-31T15:15:00Z,-1.35,1.918,0.586,-1.036,0.118
2017-03-31T15:30:00Z,-1.35,1.918,0.586,-1.036,0.118
2017-03-31T15:45:00Z,-1.35,1.918,0.586,-1.036,0.118
2017-03-31T16:00:00Z,-1.183,1.927,0.703,-1.039,0.408
2017-03-31T16:15:00Z,-1.183,1.927,0.703,-1.039,0.408
2017-03-31T16:30:00Z,-1.183,1.927,0.703,-1.039,0.408
2017-03-31T16:45:00Z,-1.183,1.927,0.703,-1.039,0.408
2017-03-31T17:00:00Z,-1.268,1.919,0.705,-1.057,0.3
2017-03-31T17:15:00Z,-1.268,1.919,0.705,-1.057,0.3
2017-03-31T17:30:00Z,-1.268,1.919,0.705,-1.057,0.3
2017-03-31T17:45:00Z,-1.268,1.919,0.705,-1.057,0.3
2017-03-31T18:00:00Z,-1.47,2.339,0.705,-1.042,0.531
2017-03-31T18:15:00Z,-1.47,2.339,0.705,-1.042,0.531
2017-03-31T18:30:00Z,-1.47,2.339,0.705,-1.042,0.531
2017-03-31T18:45:00Z,-1.47,2.339,0.705,-1.042,0.531
2017-03-31T19:00:00Z,-1.853,2.516,0.704,-1.04,0.327
2017-03-31T19:15:00Z,-1.853,2.516,0.704,-1.04,0.327
2017-03-31T19:30:00Z,-1.853,2.516,0.704,-1.04,0.327
2017-03-31T19:45:00Z,-1.853,2.516,0.704,-1.04,0.327
2017-03-31T20:00:00Z,-2.523,2.575,0.705,-1.05,-0.293
2017-03-31T20:15:00Z,-2.523,2.575,0.705,-1.05,-0.293
2017-03-31T20:30:00Z,-2.523,2.575,0.705,-1.05,-0.293
2017-03-31T20:45:00Z,-2.523,2.575,0.705,-1.05,-0.293
2017-03-31T21:00:00Z,-2.559,2.984,0.705,-1.04,0.09
2017-03-31T21:15:00Z,-2.559,2.984,0.705,-1.04,0.09
2017-03-31T21:30:00Z,-2.559,2.984,0.705,-1.04,0.09
2017-03-31T21:45:00Z,-2.559,2.984,0.705,-1.04,0.09
2017-03-31T22:00:00Z,-2.163,2.227,0.705,-0.894,-0.125
2017-03-31T22:15:00Z,-2.163,2.227,0.705,-0.894,-0.125
2017-03-31T22:30:00Z,-2.163,2.227,0.705,-0.894,-0.125
2017-03-31T22:45:00Z,-2.163,2.227,0.705,-0.894,-0.125
2017-03-31T23:00:00Z,-1.978,2.533,0.687,-0.909,0.334
2017-03-31T23:15:00Z,-1.978,2.533,0.687,-0.909,0.334
2017-03-31T23:30:00Z,-1.978,2.533,0.687,-0.909,0.334
2017-03-31T23:45:00Z,-1.978,2.533,0.687,-0.909,0.334
