tijdstip_utc,belgium,germany,norway,united_kingdom,sum
2018-05-01T00:00:00Z,-1.067,3.692,-0.018,-0.923,1.684
2018-05-01T00:15:00Z,-1.067,3.692,-0.018,-0.923,1.684
2018-05-01T00:30:00Z,-1.067,3.692,-0.018,-0.923,1.684
2018-05-01T00:45:00Z,-1.067,3.692,-0.018,-0.923,1.684
2018-05-01T01:00:00Z,-1.312,4.109,-0.169,-0.923,1.706
2018-05-01T01:15:00Z,-1.312,4.109,-0.169,-0.923,1.706
2018-05-01T01:30:00Z,-1.312,4.109,-0.169,-0.923,1.706
2018-05-01T01:45:00Z,-1.312,4.109,-0.169,-0.923,1.706
2018-05-01T02:00:00Z,-1.042,3.765,-0.126,-0.923,1.674
2018-05-01T02:15:00Z,-1.042,3.765,-0.126,-0.923,1.674
2018-05-01T02:30:00Z,-1.042,3.765,-0.126,-0.923,1.674
2018-05-01T02:45:00Z,-1.042,3.765,-0.126,-0.923,1.674
2018-05-01T03:00:00Z,-1.226,3.938,0.01,-0.948,1.775
2018-05-01T03:15:00Z,-1.226,3.938,0.01,-0.948,1.775
2018-05-01T03:30:00Z,-1.226,3.938,0.01,-0.948,1.775
2018-05-01T03:45:00Z,-1.226,3.938,0.01,-0.948,1.775
2018-05-01T04:00:00Z,-1.586,4.052,0.445,-0.948,1.963
2018-05-01T04:15:00Z,-1.586,4.052,0.445,-0.948,1.963
2018-05-01T04:30:00Z,-1.586,4.052,0.445,-0.948,1.963
2018-05-01T04:45:00Z,-1.586,4.052,0.445,-0.948,1.963
2018-05-01T05:00:00Z,-1.719,4.013,0.502,-1.023,1.773
2018-05-01T05:15:00Z,-1.719,4.013,0.502,-1.023,1.773
2018-05-01T05:30:00Z,-1.719,4.013,0.502,-1.023,1.773
2018-05-01T05:45:00Z,-1.719,4.013,0.502,-1.023,1.773
2018-05-01T06:00:00Z,-1.23,4.04,0.394,-1.024,2.18
2018-05-01T06:15:00Z,-1.23,4.04,0.394,-1.024,2.18
2018-05-01T06:30:00Z,-1.23,4.04,0.394,-1.024,2.18
2018-05-01T06:45:00Z,-1.23,4.04,0.394,-1.024,2.18
2018-05-01T07:00:00Z,-1.449,3.833,0.503,-0.974,1.913
2018-05-01T07:15:00Z,-1.449,3.833,0.503,-0.974,1.913
2018-05-01T07:30:00Z,-1.449,3.833,0.503,-0.974,1.913
2018-05-01T07:45:00Z,-1.449,3.833,0.503,-0.974,1.913
2018-05-01T08:00:00Z,-1.556,3.566,0.506,-0.871,1.645
2018-05-01T08:15:00Z,-1.556,3.566,0.506,-0.871,1.645
2018-05-01T08:30:00Z,-1.556,3.566,0.506,-0.871,1.645
2018-05-01T08:45:00Z,-1.556,3.566,0.506,-0.871,1.645
2018-05-01T09:00:00Z,-1.646,3.306,0.506,-0.932,1.234
2018-05-01T09:15:00Z,-1.646,3.306,0.506,-0.932,1.234
2018-05-01T09:30:00Z,-1.646,3.306,0.506,-0.932,1.234
2018-05-01T09:45:00Z,-1.646,3.306,0.506,-0.932,1.234
2018-05-01T10:00:00Z,-1.755,2.387,0.503,-0.215,0.92
2018-05-01T10:15:00Z,-1.755,2.387,0.503,-0.215,0.92
2018-05-01T10:30:00Z,-1.755,2.387,0.503,-0.215,0.92
2018-05-01T10:45:00Z,-1.755,2.387,0.503,-0.215,0.92
2018-05-01T11:00:00Z,-1.973,1.997,0.361,0.599,0.983
2018-05-01T11:15:00Z,-1.973,1.997,0.361,0.599,0.983
2018-05-01T11:30:00Z,-1.973,1.997,0.361,0.599,0.983
2018-05-01T11:45:00Z,-1.973,1.997,0.361,0.599,0.983
2018-05-01T12:00:00Z,-1.924,1.932,0.305,0.532,0.846
2018-05-01T12:15:00Z,-1.924,1.932,0.305,0.532,0.846
2018-05-01T12:30:00Z,-1.924,1.932,0.305,0.532,0.846
2018-05-01T12:45:00Z,-1.924,1.932,0.305,0.532,0.846
2018-05-01T13:00:00Z,-1.687,2.1,0.388,0.199,1
2018-05-01T13:15:00Z,-1.687,2.1,0.388,0.199,1
2018-05-01T13:30:00Z,-1.687,2.1,0.388,0.199,1
2018-05-01T13:45:00Z,-1.687,2.1,0.388,0.199,1
2018-05-01T14:00:00Z,-1.473,2.751,0.503,-0.496,1.285
2018-05-01T14:15:00Z,-1.473,2.751,0.503,-0.496,1.285
2018-05-01T14:30:00Z,-1.473,2.751,0.503,-0.496,1.285
2018-05-01T14:45:00Z,-1.473,2.751,0.503,-0.496,1.285
2018-05-01T15:00:00Z,-1.047,3.113,0.505,-0.768,1.803
2018-05-01T15:15:00Z,-1.047,3.113,0.505,-0.768,1.803
2018-05-01T15:30:00Z,-1.047,3.113,0.505,-0.768,1.803
2018-05-01T15:45:00Z,-1.047,3.113,0.505,-0.768,1.803
2018-05-01T16:00:00Z,-0.238,2.841,0.505,-1.022,2.086
2018-05-01T16:15:00Z,-0.238,2.841,0.505,-1.022,2.086
2018-05-01T16:30:00Z,-0.238,2.841,0.505,-1.022,2.086
2018-05-01T16:45:00Z,-0.238,2.841,0.505,-1.022,2.086
2018-05-01T17:00:00Z,0.213,2.654,0.505,-1.024,2.348
2018-05-01T17:15:00Z,0.213,2.654,0.505,-1.024,2.348
2018-05-01T17:30:00Z,0.213,2.654,0.505,-1.024,2.348
2018-05-01T17:45:00Z,0.213,2.654,0.505,-1.024,2.348
2018-05-01T18:00:00Z,0.94,2.219,0.505,-0.999,2.665
2018-05-01T18:15:00Z,0.94,2.219,0.505,-0.999,2.665
2018-05-01T18:30:00Z,0.94,2.219,0.505,-0.999,2.665
2018-05-01T18:45:00Z,0.94,2.219,0.505,-0.999,2.665
2018-05-01T19:00:00Z,1.016,2.489,0.505,-0.976,3.034
2018-05-01T19:15:00Z,1.016,2.489,0.505,-0.976,3.034
2018-05-01T19:30:00Z,1.016,2.489,0.505,-0.976,3.034
2018-05-01T19:45:00Z,1.016,2.489,0.505,-0.976,3.034
2018-05-01T20:00:00Z,0.292,3.311,0.505,-0.923,3.185
2018-05-01T20:15:00Z,0.292,3.311,0.505,-0.923,3.185
2018-05-01T20:30:00Z,0.292,3.311,0.505,-0.923,3.185
2018-05-01T20:45:00Z,0.292,3.311,0.505,-0.923,3.185
2018-05-01T21:00:00Z,-0.336,3.672,0.505,-0.973,2.868
2018-05-01T21:15:00Z,-0.336,3.672,0.505,-0.973,2.868
2018-05-01T21:30:00Z,-0.336,3.672,0.505,-0.973,2.868
2018-05-01T21:45:00Z,-0.336,3.672,0.505,-0.973,2.868
2018-05-01T22:00:00Z,-0.254,3.469,0.436,-0.774,2.877
2018-05-01T22:15:00Z,-0.254,3.469,0.436,-0.774,2.877
2018-05-01T22:30:00Z,-0.254,3.469,0.436,-0.774,2.877
2018-05-01T22:45:00Z,-0.254,3.469,0.436,-0.774,2.877
2018-05-01T23:00:00Z,-0.133,3.835,-0.099,-0.774,2.83
2018-05-01T23:15:00Z,-0.133,3.835,-0.099,-0.774,2.83
2018-05-01T23:30:00Z,-0.133,3.835,-0.099,-0.774,2.83
2018-05-01T23:45:00Z,-0.133,3.835,-0.099,-0.774,2.83
2018-05-02T00:00:00Z,0.434,3.676,-0.621,-0.725,2.764
2018-05-02T00:15:00Z,0.434,3.676,-0.621,-0.725,2.764
2018-05-02T00:30:00Z,0.434,3.676,-0.621,-0.725,2.764
2018-05-02T00:45:00Z,0.434,3.676,-0.621,-0.725,2.764
2018-05-02T01:00:00Z,0.805,3.476,-0.726,-0.724,2.831
2018-05-02T01:15:00Z,0.805,3.476,-0.726,-0.724,2.831
2018-05-02T01:30:00Z,0.805,3.476,-0.726,-0.724,2.831
2018-05-02T01:45:00Z,0.805,3.476,-0.726,-0.724,2.831
2018-05-02T02:00:00Z,0.738,3.293,-0.645,-0.724,2.662
2018-05-02T02:15:00Z,0.738,3.293,-0.645,-0.724,2.662
2018-05-02T02:30:00Z,0.738,3.293,-0.645,-0.724,2.662
2018-05-02T02:45:00Z,0.738,3.293,-0.645,-0.724,2.662
2018-05-02T03:00:00Z,0.386,3.285,-0.183,-0.724,2.764
2018-05-02T03:15:00Z,0.386,3.285,-0.183,-0.724,2.764
2018-05-02T03:30:00Z,0.386,3.285,-0.183,-0.724,2.764
2018-05-02T03:45:00Z,0.386,3.285,-0.183,-0.724,2.764
2018-05-02T04:00:00Z,-0.069,2.773,0.396,-0.823,2.276
2018-05-02T04:15:00Z,-0.069,2.773,0.396,-0.823,2.276
2018-05-02T04:30:00Z,-0.069,2.773,0.396,-0.823,2.276
2018-05-02T04:45:00Z,-0.069,2.773,0.396,-0.823,2.276
2018-05-02T05:00:00Z,-0.702,2.924,0.503,-0.643,2.082
2018-05-02T05:15:00Z,-0.702,2.924,0.503,-0.643,2.082
2018-05-02T05:30:00Z,-0.702,2.924,0.503,-0.643,2.082
2018-05-02T05:45:00Z,-0.702,2.924,0.503,-0.643,2.082
2018-05-02T06:00:00Z,-0.388,3.481,0.505,-1.02,2.578
2018-05-02T06:15:00Z,-0.388,3.481,0.505,-1.02,2.578
2018-05-02T06:30:00Z,-0.388,3.481,0.505,-1.02,2.578
2018-05-02T06:45:00Z,-0.388,3.481,0.505,-1.02,2.578
2018-05-02T07:00:00Z,-0.547,3.328,0.504,-1.024,2.261
2018-05-02T07:15:00Z,-0.547,3.328,0.504,-1.024,2.261
2018-05-02T07:30:00Z,-0.547,3.328,0.504,-1.024,2.261
2018-05-02T07:45:00Z,-0.547,3.328,0.504,-1.024,2.261
2018-05-02T08:00:00Z,-0.727,3.242,0.504,-1.024,1.995
2018-05-02T08:15:00Z,-0.727,3.242,0.504,-1.024,1.995
2018-05-02T08:30:00Z,-0.727,3.242,0.504,-1.024,1.995
2018-05-02T08:45:00Z,-0.727,3.242,0.504,-1.024,1.995
2018-05-02T09:00:00Z,-0.867,3.364,0.505,-1.024,1.978
2018-05-02T09:15:00Z,-0.867,3.364,0.505,-1.024,1.978
2018-05-02T09:30:00Z,-0.867,3.364,0.505,-1.024,1.978
2018-05-02T09:45:00Z,-0.867,3.364,0.505,-1.024,1.978
2018-05-02T10:00:00Z,-0.712,2.917,0.258,-1.024,1.438
2018-05-02T10:15:00Z,-0.712,2.917,0.258,-1.024,1.438
2018-05-02T10:30:00Z,-0.712,2.917,0.258,-1.024,1.438
2018-05-02T10:45:00Z,-0.712,2.917,0.258,-1.024,1.438
2018-05-02T11:00:00Z,-0.234,2.645,-0.027,-1.024,1.36
2018-05-02T11:15:00Z,-0.234,2.645,-0.027,-1.024,1.36
2018-05-02T11:30:00Z,-0.234,2.645,-0.027,-1.024,1.36
2018-05-02T11:45:00Z,-0.234,2.645,-0.027,-1.024,1.36
2018-05-02T12:00:00Z,0.179,2.521,-0.349,-1.024,1.327
2018-05-02T12:15:00Z,0.179,2.521,-0.349,-1.024,1.327
2018-05-02T12:30:00Z,0.179,2.521,-0.349,-1.024,1.327
2018-05-02T12:45:00Z,0.179,2.521,-0.349,-1.024,1.327
2018-05-02T13:00:00Z,0.452,2.104,-0.131,-1.024,1.401
2018-05-02T13:15:00Z,0.452,2.104,-0.131,-1.024,1.401
2018-05-02T13:30:00Z,0.452,2.104,-0.131,-1.024,1.401
2018-05-02T13:45:00Z,0.452,2.104,-0.131,-1.024,1.401
2018-05-02T14:00:00Z,0.584,1.98,0.192,-1.024,1.732
2018-05-02T14:15:00Z,0.584,1.98,0.192,-1.024,1.732
2018-05-02T14:30:00Z,0.584,1.98,0.192,-1.024,1.732
2018-05-02T14:45:00Z,0.584,1.98,0.192,-1.024,1.732
2018-05-02T15:00:00Z,0.611,2.392,0.497,-1.024,2.476
2018-05-02T15:15:00Z,0.611,2.392,0.497,-1.024,2.476
2018-05-02T15:30:00Z,0.611,2.392,0.497,-1.024,2.476
2018-05-02T15:45:00Z,0.611,2.392,0.497,-1.024,2.476
2018-05-02T16:00:00Z,0.187,2.91,0.505,-1.024,2.578
2018-05-02T16:15:00Z,0.187,2.91,0.505,-1.024,2.578
2018-05-02T16:30:00Z,0.187,2.91,0.505,-1.024,2.578
2018-05-02T16:45:00Z,0.187,2.91,0.505,-1.024,2.578
2018-05-02T17:00:00Z,0.007,3.168,0.505,-1.024,2.656
2018-05-02T17:15:00Z,0.007,3.168,0.505,-1.024,2.656
2018-05-02T17:30:00Z,0.007,3.168,0.505,-1.024,2.656
2018-05-02T17:45:00Z,0.007,3.168,0.505,-1.024,2.656
2018-05-02T18:00:00Z,0.044,2.824,0.505,-1.024,2.349
2018-05-02T18:15:00Z,0.044,2.824,0.505,-1.024,2.349
2018-05-02T18:30:00Z,0.044,2.824,0.505,-1.024,2.349
2018-05-02T18:45:00Z,0.044,2.824,0.505,-1.024,2.349
2018-05-02T19:00:00Z,-0.46,3.788,0.505,-1.024,2.809
2018-05-02T19:15:00Z,-0.46,3.788,0.505,-1.024,2.809
2018-05-02T19:30:00Z,-0.46,3.788,0.505,-1.024,2.809
2018-05-02T19:45:00Z,-0.46,3.788,0.505,-1.024,2.809
2018-05-02T20:00:00Z,-1.499,4.368,0.505,-1.022,2.352
2018-05-02T20:15:00Z,-1.499,4.368,0.505,-1.022,2.352
2018-05-02T20:30:00Z,-1.499,4.368,0.505,-1.022,2.352
2018-05-02T20:45:00Z,-1.499,4.368,0.505,-1.022,2.352
2018-05-02T21:00:00Z,-1.885,4.34,0.505,-0.726,2.234
2018-05-02T21:15:00Z,-1.885,4.34,0.505,-0.726,2.234
2018-05-02T21:30:00Z,-1.885,4.34,0.505,-0.726,2.234
2018-05-02T21:45:00Z,-1.885,4.34,0.505,-0.726,2.234
2018-05-02T22:00:00Z,-1.175,3.976,0.489,-0.971,2.319
2018-05-02T22:15:00Z,-1.175,3.976,0.489,-0.971,2.319
2018-05-02T22:30:00Z,-1.175,3.976,0.489,-0.971,2.319
2018-05-02T22:45:00Z,-1.175,3.976,0.489,-0.971,2.319
2018-05-02T23:00:00Z,-0.723,4.169,0.023,-0.875,2.594
2018-05-02T23:15:00Z,-0.723,4.169,0.023,-0.875,2.594
2018-05-02T23:30:00Z,-0.723,4.169,0.023,-0.875,2.594
2018-05-02T23:45:00Z,-0.723,4.169,0.023,-0.875,2.594
2018-05-03T00:00:00Z,-0.344,3.585,0.24,-0.874,2.607
2018-05-03T00:15:00Z,-0.344,3.585,0.24,-0.874,2.607
2018-05-03T00:30:00Z,-0.344,3.585,0.24,-0.874,2.607
2018-05-03T00:45:00Z,-0.344,3.585,0.24,-0.874,2.607
2018-05-03T01:00:00Z,0.115,2.526,0.484,-0.874,2.251
2018-05-03T01:15:00Z,0.115,2.526,0.484,-0.874,2.251
2018-05-03T01:30:00Z,0.115,2.526,0.484,-0.874,2.251
2018-05-03T01:45:00Z,0.115,2.526,0.484,-0.874,2.251
2018-05-03T02:00:00Z,0.06,2.409,0.505,-0.875,2.099
2018-05-03T02:15:00Z,0.06,2.409,0.505,-0.875,2.099
2018-05-03T02:30:00Z,0.06,2.409,0.505,-0.875,2.099
2018-05-03T02:45:00Z,0.06,2.409,0.505,-0.875,2.099
2018-05-03T03:00:00Z,0.146,2.432,0.505,-0.923,2.16
2018-05-03T03:15:00Z,0.146,2.432,0.505,-0.923,2.16
2018-05-03T03:30:00Z,0.146,2.432,0.505,-0.923,2.16
2018-05-03T03:45:00Z,0.146,2.432,0.505,-0.923,2.16
2018-05-03T04:00:00Z,-0.236,2.787,0.505,-0.973,2.083
2018-05-03T04:15:00Z,-0.236,2.787,0.505,-0.973,2.083
2018-05-03T04:30:00Z,-0.236,2.787,0.505,-0.973,2.083
2018-05-03T04:45:00Z,-0.236,2.787,0.505,-0.973,2.083
2018-05-03T05:00:00Z,-0.432,2.942,0.505,-1.024,1.991
2018-05-03T05:15:00Z,-0.432,2.942,0.505,-1.024,1.991
2018-05-03T05:30:00Z,-0.432,2.942,0.505,-1.024,1.991
2018-05-03T05:45:00Z,-0.432,2.942,0.505,-1.024,1.991
2018-05-03T06:00:00Z,-0.523,3.022,0.505,-0.975,2.028
2018-05-03T06:15:00Z,-0.523,3.022,0.505,-0.975,2.028
2018-05-03T06:30:00Z,-0.523,3.022,0.505,-0.975,2.028
2018-05-03T06:45:00Z,-0.523,3.022,0.505,-0.975,2.028
2018-05-03T07:00:00Z,-0.521,2.955,0.505,-1.024,1.916
2018-05-03T07:15:00Z,-0.521,2.955,0.505,-1.024,1.916
2018-05-03T07:30:00Z,-0.521,2.955,0.505,-1.024,1.916
2018-05-03T07:45:00Z,-0.521,2.955,0.505,-1.024,1.916
2018-05-03T08:00:00Z,-0.63,2.825,0.505,-0.843,1.857
2018-05-03T08:15:00Z,-0.63,2.825,0.505,-0.843,1.857
2018-05-03T08:30:00Z,-0.63,2.825,0.505,-0.843,1.857
2018-05-03T08:45:00Z,-0.63,2.825,0.505,-0.843,1.857
2018-05-03T09:00:00Z,-0.999,2.765,0.505,-0.892,1.378
2018-05-03T09:15:00Z,-0.999,2.765,0.505,-0.892,1.378
2018-05-03T09:30:00Z,-0.999,2.765,0.505,-0.892,1.378
2018-05-03T09:45:00Z,-0.999,2.765,0.505,-0.892,1.378
2018-05-03T10:00:00Z,-1.224,3.193,0.503,-0.805,1.667
2018-05-03T10:15:00Z,-1.224,3.193,0.503,-0.805,1.667
2018-05-03T10:30:00Z,-1.224,3.193,0.503,-0.805,1.667
2018-05-03T10:45:00Z,-1.224,3.193,0.503,-0.805,1.667
2018-05-03T11:00:00Z,-1.029,3.554,0.372,-0.804,2.092
2018-05-03T11:15:00Z,-1.029,3.554,0.372,-0.804,2.092
2018-05-03T11:30:00Z,-1.029,3.554,0.372,-0.804,2.092
2018-05-03T11:45:00Z,-1.029,3.554,0.372,-0.804,2.092
2018-05-03T12:00:00Z,-0.916,3.533,0.246,-0.805,2.058
2018-05-03T12:15:00Z,-0.916,3.533,0.246,-0.805,2.058
2018-05-03T12:30:00Z,-0.916,3.533,0.246,-0.805,2.058
2018-05-03T12:45:00Z,-0.916,3.533,0.246,-0.805,2.058
2018-05-03T13:00:00Z,-0.696,3.536,0.061,-0.805,2.096
2018-05-03T13:15:00Z,-0.696,3.536,0.061,-0.805,2.096
2018-05-03T13:30:00Z,-0.696,3.536,0.061,-0.805,2.096
2018-05-03T13:45:00Z,-0.696,3.536,0.061,-0.805,2.096
2018-05-03T14:00:00Z,-0.289,3.641,0.017,-1.023,2.346
2018-05-03T14:15:00Z,-0.289,3.641,0.017,-1.023,2.346
2018-05-03T14:30:00Z,-0.289,3.641,0.017,-1.023,2.346
2018-05-03T14:45:00Z,-0.289,3.641,0.017,-1.023,2.346
2018-05-03T15:00:00Z,-0.151,3.192,0.486,-1.025,2.503
2018-05-03T15:15:00Z,-0.151,3.192,0.486,-1.025,2.503
2018-05-03T15:30:00Z,-0.151,3.192,0.486,-1.025,2.503
2018-05-03T15:45:00Z,-0.151,3.192,0.486,-1.025,2.503
2018-05-03T16:00:00Z,0.137,2.636,0.506,-1.025,2.254
2018-05-03T16:15:00Z,0.137,2.636,0.506,-1.025,2.254
2018-05-03T16:30:00Z,0.137,2.636,0.506,-1.025,2.254
2018-05-03T16:45:00Z,0.137,2.636,0.506,-1.025,2.254
2018-05-03T17:00:00Z,0.202,2.614,0.506,-1.025,2.296
2018-05-03T17:15:00Z,0.202,2.614,0.506,-1.025,2.296
2018-05-03T17:30:00Z,0.202,2.614,0.506,-1.025,2.296
2018-05-03T17:45:00Z,0.202,2.614,0.506,-1.025,2.296
2018-05-03T18:00:00Z,0.249,2.734,0.506,-1.025,2.464
2018-05-03T18:15:00Z,0.249,2.734,0.506,-1.025,2.464
2018-05-03T18:30:00Z,0.249,2.734,0.506,-1.025,2.464
2018-05-03T18:45:00Z,0.249,2.734,0.506,-1.025,2.464
2018-05-03T19:00:00Z,0.123,3.028,0.506,-1.025,2.632
2018-05-03T19:15:00Z,0.123,3.028,0.506,-1.025,2.632
2018-05-03T19:30:00Z,0.123,3.028,0.506,-1.025,2.632
2018-05-03T19:45:00Z,0.123,3.028,0.506,-1.025,2.632
2018-05-03T20:00:00Z,-0.393,3.146,0.506,-0.885,2.373
2018-05-03T20:15:00Z,-0.393,3.146,0.506,-0.885,2.373
2018-05-03T20:30:00Z,-0.393,3.146,0.506,-0.885,2.373
2018-05-03T20:45:00Z,-0.393,3.146,0.506,-0.885,2.373
2018-05-03T21:00:00Z,-0.66,2.72,0.506,-0.649,1.917
2018-05-03T21:15:00Z,-0.66,2.72,0.506,-0.649,1.917
2018-05-03T21:30:00Z,-0.66,2.72,0.506,-0.649,1.917
2018-05-03T21:45:00Z,-0.66,2.72,0.506,-0.649,1.917
2018-05-03T22:00:00Z,-0.122,2.847,0.505,-0.971,2.26
2018-05-03T22:15:00Z,-0.122,2.847,0.505,-0.971,2.26
2018-05-03T22:30:00Z,-0.122,2.847,0.505,-0.971,2.26
2018-05-03T22:45:00Z,-0.122,2.847,0.505,-0.971,2.26
2018-05-03T23:00:00Z,0.364,2.626,0.506,-0.974,2.522
2018-05-03T23:15:00Z,0.364,2.626,0.506,-0.974,2.522
2018-05-03T23:30:00Z,0.364,2.626,0.506,-0.974,2.522
2018-05-03T23:45:00Z,0.364,2.626,0.506,-0.974,2.522
2018-05-04T00:00:00Z,0.17,2.733,0.506,-0.976,2.433
2018-05-04T00:15:00Z,0.17,2.733,0.506,-0.976,2.433
2018-05-04T00:30:00Z,0.17,2.733,0.506,-0.976,2.433
2018-05-04T00:45:00Z,0.17,2.733,0.506,-0.976,2.433
2018-05-04T01:00:00Z,0.285,2.326,0.506,-0.976,2.141
2018-05-04T01:15:00Z,0.285,2.326,0.506,-0.976,2.141
2018-05-04T01:30:00Z,0.285,2.326,0.506,-0.976,2.141
2018-05-04T01:45:00Z,0.285,2.326,0.506,-0.976,2.141
2018-05-04T02:00:00Z,0.432,1.823,0.506,-0.974,1.787
2018-05-04T02:15:00Z,0.432,1.823,0.506,-0.974,1.787
2018-05-04T02:30:00Z,0.432,1.823,0.506,-0.974,1.787
2018-05-04T02:45:00Z,0.432,1.823,0.506,-0.974,1.787
2018-05-04T03:00:00Z,0.489,2.11,0.506,-0.974,2.131
2018-05-04T03:15:00Z,0.489,2.11,0.506,-0.974,2.131
2018-05-04T03:30:00Z,0.489,2.11,0.506,-0.974,2.131
2018-05-04T03:45:00Z,0.489,2.11,0.506,-0.974,2.131
2018-05-04T04:00:00Z,0.269,2.123,0.506,-0.877,2.021
2018-05-04T04:15:00Z,0.269,2.123,0.506,-0.877,2.021
2018-05-04T04:30:00Z,0.269,2.123,0.506,-0.877,2.021
2018-05-04T04:45:00Z,0.269,2.123,0.506,-0.877,2.021
2018-05-04T05:00:00Z,0.486,2.4,0.505,-1.024,2.367
2018-05-04T05:15:00Z,0.486,2.4,0.505,-1.024,2.367
2018-05-04T05:30:00Z,0.486,2.4,0.505,-1.024,2.367
2018-05-04T05:45:00Z,0.486,2.4,0.505,-1.024,2.367
2018-05-04T06:00:00Z,0.915,2.202,0.505,-0.953,2.669
2018-05-04T06:15:00Z,0.915,2.202,0.505,-0.953,2.669
2018-05-04T06:30:00Z,0.915,2.202,0.505,-0.953,2.669
2018-05-04T06:45:00Z,0.915,2.202,0.505,-0.953,2.669
2018-05-04T07:00:00Z,0.271,2.991,0.505,-1.102,2.665
2018-05-04T07:15:00Z,0.271,2.991,0.505,-1.102,2.665
2018-05-04T07:30:00Z,0.271,2.991,0.505,-1.102,2.665
2018-05-04T07:45:00Z,0.271,2.991,0.505,-1.102,2.665
2018-05-04T08:00:00Z,0.141,3.134,0.505,-1.103,2.677
2018-05-04T08:15:00Z,0.141,3.134,0.505,-1.103,2.677
2018-05-04T08:30:00Z,0.141,3.134,0.505,-1.103,2.677
2018-05-04T08:45:00Z,0.141,3.134,0.505,-1.103,2.677
2018-05-04T09:00:00Z,0.014,3.167,0.505,-1.025,2.661
2018-05-04T09:15:00Z,0.014,3.167,0.505,-1.025,2.661
2018-05-04T09:30:00Z,0.014,3.167,0.505,-1.025,2.661
2018-05-04T09:45:00Z,0.014,3.167,0.505,-1.025,2.661
2018-05-04T10:00:00Z,-0.032,3.458,0.317,-1.025,2.718
2018-05-04T10:15:00Z,-0.032,3.458,0.317,-1.025,2.718
2018-05-04T10:30:00Z,-0.032,3.458,0.317,-1.025,2.718
2018-05-04T10:45:00Z,-0.032,3.458,0.317,-1.025,2.718
2018-05-04T11:00:00Z,0.389,3.576,0.079,-1.025,3.019
2018-05-04T11:15:00Z,0.389,3.576,0.079,-1.025,3.019
2018-05-04T11:30:00Z,0.389,3.576,0.079,-1.025,3.019
2018-05-04T11:45:00Z,0.389,3.576,0.079,-1.025,3.019
2018-05-04T12:00:00Z,0.895,3.196,0.042,-1.102,3.031
2018-05-04T12:15:00Z,0.895,3.196,0.042,-1.102,3.031
2018-05-04T12:30:00Z,0.895,3.196,0.042,-1.102,3.031
2018-05-04T12:45:00Z,0.895,3.196,0.042,-1.102,3.031
2018-05-04T13:00:00Z,1.299,3.165,-0.219,-1.102,3.143
2018-05-04T13:15:00Z,1.299,3.165,-0.219,-1.102,3.143
2018-05-04T13:30:00Z,1.299,3.165,-0.219,-1.102,3.143
2018-05-04T13:45:00Z,1.299,3.165,-0.219,-1.102,3.143
2018-05-04T14:00:00Z,1.043,2.718,0.311,-1.025,3.047
2018-05-04T14:15:00Z,1.043,2.718,0.311,-1.025,3.047
2018-05-04T14:30:00Z,1.043,2.718,0.311,-1.025,3.047
2018-05-04T14:45:00Z,1.043,2.718,0.311,-1.025,3.047
2018-05-04T15:00:00Z,1.06,2.501,0.501,-1.025,3.037
2018-05-04T15:15:00Z,1.06,2.501,0.501,-1.025,3.037
2018-05-04T15:30:00Z,1.06,2.501,0.501,-1.025,3.037
2018-05-04T15:45:00Z,1.06,2.501,0.501,-1.025,3.037
2018-05-04T16:00:00Z,0.99,2.455,0.505,-1.025,2.925
2018-05-04T16:15:00Z,0.99,2.455,0.505,-1.025,2.925
2018-05-04T16:30:00Z,0.99,2.455,0.505,-1.025,2.925
2018-05-04T16:45:00Z,0.99,2.455,0.505,-1.025,2.925
2018-05-04T17:00:00Z,1.109,2.495,0.505,-1.025,3.084
2018-05-04T17:15:00Z,1.109,2.495,0.505,-1.025,3.084
2018-05-04T17:30:00Z,1.109,2.495,0.505,-1.025,3.084
2018-05-04T17:45:00Z,1.109,2.495,0.505,-1.025,3.084
2018-05-04T18:00:00Z,0.984,2.56,0.505,-1.102,2.947
2018-05-04T18:15:00Z,0.984,2.56,0.505,-1.102,2.947
2018-05-04T18:30:00Z,0.984,2.56,0.505,-1.102,2.947
2018-05-04T18:45:00Z,0.984,2.56,0.505,-1.102,2.947
2018-05-04T19:00:00Z,0.728,3.013,0.505,-1.102,3.144
2018-05-04T19:15:00Z,0.728,3.013,0.505,-1.102,3.144
2018-05-04T19:30:00Z,0.728,3.013,0.505,-1.102,3.144
2018-05-04T19:45:00Z,0.728,3.013,0.505,-1.102,3.144
2018-05-04T20:00:00Z,-0.064,3.521,0.505,-1.025,2.937
2018-05-04T20:15:00Z,-0.064,3.521,0.505,-1.025,2.937
2018-05-04T20:30:00Z,-0.064,3.521,0.505,-1.025,2.937
2018-05-04T20:45:00Z,-0.064,3.521,0.505,-1.025,2.937
2018-05-04T21:00:00Z,-0.589,3.429,0.505,-0.945,2.399
2018-05-04T21:15:00Z,-0.589,3.429,0.505,-0.945,2.399
2018-05-04T21:30:00Z,-0.589,3.429,0.505,-0.945,2.399
2018-05-04T21:45:00Z,-0.589,3.429,0.505,-0.945,2.399
2018-05-04T22:00:00Z,-0.129,3.242,0.496,-0.974,2.635
2018-05-04T22:15:00Z,-0.129,3.242,0.496,-0.974,2.635
2018-05-04T22:30:00Z,-0.129,3.242,0.496,-0.974,2.635
2018-05-04T22:45:00Z,-0.129,3.242,0.496,-0.974,2.635
2018-05-04T23:00:00Z,0.46,2.961,0.484,-0.923,2.982
2018-05-04T23:15:00Z,0.46,2.961,0.484,-0.923,2.982
2018-05-04T23:30:00Z,0.46,2.961,0.484,-0.923,2.982
2018-05-04T23:45:00Z,0.46,2.961,0.484,-0.923,2.982
2018-05-05T00:00:00Z,0.889,2.82,0.4,-0.923,3.186
2018-05-05T00:15:00Z,0.889,2.82,0.4,-0.923,3.186
2018-05-05T00:30:00Z,0.889,2.82,0.4,-0.923,3.186
2018-05-05T00:45:00Z,0.889,2.82,0.4,-0.923,3.186
2018-05-05T01:00:00Z,1.232,2.423,0.448,-0.923,3.18
2018-05-05T01:15:00Z,1.232,2.423,0.448,-0.923,3.18
2018-05-05T01:30:00Z,1.232,2.423,0.448,-0.923,3.18
2018-05-05T01:45:00Z,1.232,2.423,0.448,-0.923,3.18
2018-05-05T02:00:00Z,1.307,2.186,0.501,-0.874,3.12
2018-05-05T02:15:00Z,1.307,2.186,0.501,-0.874,3.12
2018-05-05T02:30:00Z,1.307,2.186,0.501,-0.874,3.12
2018-05-05T02:45:00Z,1.307,2.186,0.501,-0.874,3.12
2018-05-05T03:00:00Z,1.293,2.131,0.461,-0.873,3.012
2018-05-05T03:15:00Z,1.293,2.131,0.461,-0.873,3.012
2018-05-05T03:30:00Z,1.293,2.131,0.461,-0.873,3.012
2018-05-05T03:45:00Z,1.293,2.131,0.461,-0.873,3.012
2018-05-05T04:00:00Z,1.666,1.579,0.44,-0.873,2.812
2018-05-05T04:15:00Z,1.666,1.579,0.44,-0.873,2.812
2018-05-05T04:30:00Z,1.666,1.579,0.44,-0.873,2.812
2018-05-05T04:45:00Z,1.666,1.579,0.44,-0.873,2.812
2018-05-05T05:00:00Z,1.629,1.467,0.47,-0.905,2.661
2018-05-05T05:15:00Z,1.629,1.467,0.47,-0.905,2.661
2018-05-05T05:30:00Z,1.629,1.467,0.47,-0.905,2.661
2018-05-05T05:45:00Z,1.629,1.467,0.47,-0.905,2.661
2018-05-05T06:00:00Z,1.41,1.791,0.504,-0.973,2.732
2018-05-05T06:15:00Z,1.41,1.791,0.504,-0.973,2.732
2018-05-05T06:30:00Z,1.41,1.791,0.504,-0.973,2.732
2018-05-05T06:45:00Z,1.41,1.791,0.504,-0.973,2.732
2018-05-05T07:00:00Z,0.914,2.532,0.493,-0.974,2.965
2018-05-05T07:15:00Z,0.914,2.532,0.493,-0.974,2.965
2018-05-05T07:30:00Z,0.914,2.532,0.493,-0.974,2.965
2018-05-05T07:45:00Z,0.914,2.532,0.493,-0.974,2.965
2018-05-05T08:00:00Z,0.93,3.187,0.085,-0.974,3.228
2018-05-05T08:15:00Z,0.93,3.187,0.085,-0.974,3.228
2018-05-05T08:30:00Z,0.93,3.187,0.085,-0.974,3.228
2018-05-05T08:45:00Z,0.93,3.187,0.085,-0.974,3.228
2018-05-05T09:00:00Z,0.717,3.486,-0.274,-0.974,2.955
2018-05-05T09:15:00Z,0.717,3.486,-0.274,-0.974,2.955
2018-05-05T09:30:00Z,0.717,3.486,-0.274,-0.974,2.955
2018-05-05T09:45:00Z,0.717,3.486,-0.274,-0.974,2.955
2018-05-05T10:00:00Z,0.394,3.477,-0.234,-0.924,2.713
2018-05-05T10:15:00Z,0.394,3.477,-0.234,-0.924,2.713
2018-05-05T10:30:00Z,0.394,3.477,-0.234,-0.924,2.713
2018-05-05T10:45:00Z,0.394,3.477,-0.234,-0.924,2.713
2018-05-05T11:00:00Z,0.503,3.704,-0.469,-0.922,2.816
2018-05-05T11:15:00Z,0.503,3.704,-0.469,-0.922,2.816
2018-05-05T11:30:00Z,0.503,3.704,-0.469,-0.922,2.816
2018-05-05T11:45:00Z,0.503,3.704,-0.469,-0.922,2.816
2018-05-05T12:00:00Z,0.788,3.285,-0.724,-0.627,2.722
2018-05-05T12:15:00Z,0.788,3.285,-0.724,-0.627,2.722
2018-05-05T12:30:00Z,0.788,3.285,-0.724,-0.627,2.722
2018-05-05T12:45:00Z,0.788,3.285,-0.724,-0.627,2.722
2018-05-05T13:00:00Z,1.253,2.661,-0.724,-0.624,2.566
2018-05-05T13:15:00Z,1.253,2.661,-0.724,-0.624,2.566
2018-05-05T13:30:00Z,1.253,2.661,-0.724,-0.624,2.566
2018-05-05T13:45:00Z,1.253,2.661,-0.724,-0.624,2.566
2018-05-05T14:00:00Z,1.368,2.33,-0.407,-0.624,2.667
2018-05-05T14:15:00Z,1.368,2.33,-0.407,-0.624,2.667
2018-05-05T14:30:00Z,1.368,2.33,-0.407,-0.624,2.667
2018-05-05T14:45:00Z,1.368,2.33,-0.407,-0.624,2.667
2018-05-05T15:00:00Z,1.564,2.105,-0.089,-0.626,2.954
2018-05-05T15:15:00Z,1.564,2.105,-0.089,-0.626,2.954
2018-05-05T15:30:00Z,1.564,2.105,-0.089,-0.626,2.954
2018-05-05T15:45:00Z,1.564,2.105,-0.089,-0.626,2.954
2018-05-05T16:00:00Z,1.303,2.216,0.47,-0.971,3.018
2018-05-05T16:15:00Z,1.303,2.216,0.47,-0.971,3.018
2018-05-05T16:30:00Z,1.303,2.216,0.47,-0.971,3.018
2018-05-05T16:45:00Z,1.303,2.216,0.47,-0.971,3.018
2018-05-05T17:00:00Z,1.282,2.514,0.464,-1.024,3.236
2018-05-05T17:15:00Z,1.282,2.514,0.464,-1.024,3.236
2018-05-05T17:30:00Z,1.282,2.514,0.464,-1.024,3.236
2018-05-05T17:45:00Z,1.282,2.514,0.464,-1.024,3.236
2018-05-05T18:00:00Z,1.576,2.664,0.462,-1.024,3.678
2018-05-05T18:15:00Z,1.576,2.664,0.462,-1.024,3.678
2018-05-05T18:30:00Z,1.576,2.664,0.462,-1.024,3.678
2018-05-05T18:45:00Z,1.576,2.664,0.462,-1.024,3.678
2018-05-05T19:00:00Z,1.249,3.007,0.504,-1.024,3.736
2018-05-05T19:15:00Z,1.249,3.007,0.504,-1.024,3.736
2018-05-05T19:30:00Z,1.249,3.007,0.504,-1.024,3.736
2018-05-05T19:45:00Z,1.249,3.007,0.504,-1.024,3.736
2018-05-05T20:00:00Z,0.483,3.367,0.505,-1.024,3.331
2018-05-05T20:15:00Z,0.483,3.367,0.505,-1.024,3.331
2018-05-05T20:30:00Z,0.483,3.367,0.505,-1.024,3.331
2018-05-05T20:45:00Z,0.483,3.367,0.505,-1.024,3.331
2018-05-05T21:00:00Z,0.151,2.913,0.505,-0.957,2.612
2018-05-05T21:15:00Z,0.151,2.913,0.505,-0.957,2.612
2018-05-05T21:30:00Z,0.151,2.913,0.505,-0.957,2.612
2018-05-05T21:45:00Z,0.151,2.913,0.505,-0.957,2.612
2018-05-05T22:00:00Z,-0.26,3.415,0.489,-0.954,2.689
2018-05-05T22:15:00Z,-0.26,3.415,0.489,-0.954,2.689
2018-05-05T22:30:00Z,-0.26,3.415,0.489,-0.954,2.689
2018-05-05T22:45:00Z,-0.26,3.415,0.489,-0.954,2.689
2018-05-05T23:00:00Z,-0.615,4.196,0.034,-0.845,2.77
2018-05-05T23:15:00Z,-0.615,4.196,0.034,-0.845,2.77
2018-05-05T23:30:00Z,-0.615,4.196,0.034,-0.845,2.77
2018-05-05T23:45:00Z,-0.615,4.196,0.034,-0.845,2.77
2018-05-06T00:00:00Z,-0.48,3.779,0.443,-0.846,2.896
2018-05-06T00:15:00Z,-0.48,3.779,0.443,-0.846,2.896
2018-05-06T00:30:00Z,-0.48,3.779,0.443,-0.846,2.896
2018-05-06T00:45:00Z,-0.48,3.779,0.443,-0.846,2.896
2018-05-06T01:00:00Z,-0.166,3.527,0.421,-0.846,2.936
2018-05-06T01:15:00Z,-0.166,3.527,0.421,-0.846,2.936
2018-05-06T01:30:00Z,-0.166,3.527,0.421,-0.846,2.936
2018-05-06T01:45:00Z,-0.166,3.527,0.421,-0.846,2.936
2018-05-06T02:00:00Z,0.455,3.244,0.046,-0.844,2.901
2018-05-06T02:15:00Z,0.455,3.244,0.046,-0.844,2.901
2018-05-06T02:30:00Z,0.455,3.244,0.046,-0.844,2.901
2018-05-06T02:45:00Z,0.455,3.244,0.046,-0.844,2.901
2018-05-06T03:00:00Z,0.71,3.272,0.175,-0.844,3.313
2018-05-06T03:15:00Z,0.71,3.272,0.175,-0.844,3.313
2018-05-06T03:30:00Z,0.71,3.272,0.175,-0.844,3.313
2018-05-06T03:45:00Z,0.71,3.272,0.175,-0.844,3.313
2018-05-06T04:00:00Z,0.892,3.221,0.122,-0.863,3.372
2018-05-06T04:15:00Z,0.892,3.221,0.122,-0.863,3.372
2018-05-06T04:30:00Z,0.892,3.221,0.122,-0.863,3.372
2018-05-06T04:45:00Z,0.892,3.221,0.122,-0.863,3.372
2018-05-06T05:00:00Z,1.249,2.39,0.494,-0.863,3.27
2018-05-06T05:15:00Z,1.249,2.39,0.494,-0.863,3.27
2018-05-06T05:30:00Z,1.249,2.39,0.494,-0.863,3.27
2018-05-06T05:45:00Z,1.249,2.39,0.494,-0.863,3.27
2018-05-06T06:00:00Z,1.171,2.419,0.483,-0.904,3.169
2018-05-06T06:15:00Z,1.171,2.419,0.483,-0.904,3.169
2018-05-06T06:30:00Z,1.171,2.419,0.483,-0.904,3.169
2018-05-06T06:45:00Z,1.171,2.419,0.483,-0.904,3.169
2018-05-06T07:00:00Z,1.005,2.982,0.09,-0.907,3.17
2018-05-06T07:15:00Z,1.005,2.982,0.09,-0.907,3.17
2018-05-06T07:30:00Z,1.005,2.982,0.09,-0.907,3.17
2018-05-06T07:45:00Z,1.005,2.982,0.09,-0.907,3.17
2018-05-06T08:00:00Z,0.739,3.609,-0.106,-0.926,3.316
2018-05-06T08:15:00Z,0.739,3.609,-0.106,-0.926,3.316
2018-05-06T08:30:00Z,0.739,3.609,-0.106,-0.926,3.316
2018-05-06T08:45:00Z,0.739,3.609,-0.106,-0.926,3.316
2018-05-06T09:00:00Z,0.366,3.744,0.151,-0.924,3.337
2018-05-06T09:15:00Z,0.366,3.744,0.151,-0.924,3.337
2018-05-06T09:30:00Z,0.366,3.744,0.151,-0.924,3.337
2018-05-06T09:45:00Z,0.366,3.744,0.151,-0.924,3.337
2018-05-06T10:00:00Z,0.233,3.449,0.387,-0.924,3.145
2018-05-06T10:15:00Z,0.233,3.449,0.387,-0.924,3.145
2018-05-06T10:30:00Z,0.233,3.449,0.387,-0.924,3.145
2018-05-06T10:45:00Z,0.233,3.449,0.387,-0.924,3.145
2018-05-06T11:00:00Z,0.411,3.194,0.292,-0.875,3.022
2018-05-06T11:15:00Z,0.411,3.194,0.292,-0.875,3.022
2018-05-06T11:30:00Z,0.411,3.194,0.292,-0.875,3.022
2018-05-06T11:45:00Z,0.411,3.194,0.292,-0.875,3.022
2018-05-06T12:00:00Z,0.267,3.445,0.284,-0.824,3.172
2018-05-06T12:15:00Z,0.267,3.445,0.284,-0.824,3.172
2018-05-06T12:30:00Z,0.267,3.445,0.284,-0.824,3.172
2018-05-06T12:45:00Z,0.267,3.445,0.284,-0.824,3.172
2018-05-06T13:00:00Z,0.676,3.367,0.195,-0.824,3.414
2018-05-06T13:15:00Z,0.676,3.367,0.195,-0.824,3.414
2018-05-06T13:30:00Z,0.676,3.367,0.195,-0.824,3.414
2018-05-06T13:45:00Z,0.676,3.367,0.195,-0.824,3.414
2018-05-06T14:00:00Z,0.682,2.859,-0.117,0.16,3.584
2018-05-06T14:15:00Z,0.682,2.859,-0.117,0.16,3.584
2018-05-06T14:30:00Z,0.682,2.859,-0.117,0.16,3.584
2018-05-06T14:45:00Z,0.682,2.859,-0.117,0.16,3.584
2018-05-06T15:00:00Z,0.847,2.539,0.328,0.138,3.852
2018-05-06T15:15:00Z,0.847,2.539,0.328,0.138,3.852
2018-05-06T15:30:00Z,0.847,2.539,0.328,0.138,3.852
2018-05-06T15:45:00Z,0.847,2.539,0.328,0.138,3.852
2018-05-06T16:00:00Z,0.768,2.721,0.469,-0.226,3.732
2018-05-06T16:15:00Z,0.768,2.721,0.469,-0.226,3.732
2018-05-06T16:30:00Z,0.768,2.721,0.469,-0.226,3.732
2018-05-06T16:45:00Z,0.768,2.721,0.469,-0.226,3.732
2018-05-06T17:00:00Z,1.313,2.905,0.504,-1.009,3.713
2018-05-06T17:15:00Z,1.313,2.905,0.504,-1.009,3.713
2018-05-06T17:30:00Z,1.313,2.905,0.504,-1.009,3.713
2018-05-06T17:45:00Z,1.313,2.905,0.504,-1.009,3.713
2018-05-06T18:00:00Z,1.205,3.009,0.505,-1.101,3.618
2018-05-06T18:15:00Z,1.205,3.009,0.505,-1.101,3.618
2018-05-06T18:30:00Z,1.205,3.009,0.505,-1.101,3.618
2018-05-06T18:45:00Z,1.205,3.009,0.505,-1.101,3.618
2018-05-06T19:00:00Z,0.843,3.433,0.505,-1.101,3.68
2018-05-06T19:15:00Z,0.843,3.433,0.505,-1.101,3.68
2018-05-06T19:30:00Z,0.843,3.433,0.505,-1.101,3.68
2018-05-06T19:45:00Z,0.843,3.433,0.505,-1.101,3.68
2018-05-06T20:00:00Z,0.376,3.648,0.505,-1.025,3.504
2018-05-06T20:15:00Z,0.376,3.648,0.505,-1.025,3.504
2018-05-06T20:30:00Z,0.376,3.648,0.505,-1.025,3.504
2018-05-06T20:45:00Z,0.376,3.648,0.505,-1.025,3.504
2018-05-06T21:00:00Z,-0.373,3.848,0.505,-1.023,2.957
2018-05-06T21:15:00Z,-0.373,3.848,0.505,-1.023,2.957
2018-05-06T21:30:00Z,-0.373,3.848,0.505,-1.023,2.957
2018-05-06T21:45:00Z,-0.373,3.848,0.505,-1.023,2.957
2018-05-06T22:00:00Z,-0.766,3.216,0.505,-0.797,2.158
2018-05-06T22:15:00Z,-0.766,3.216,0.505,-0.797,2.158
2018-05-06T22:30:00Z,-0.766,3.216,0.505,-0.797,2.158
2018-05-06T22:45:00Z,-0.766,3.216,0.505,-0.797,2.158
2018-05-06T23:00:00Z,-0.775,3.35,0.505,-0.873,2.208
2018-05-06T23:15:00Z,-0.775,3.35,0.505,-0.873,2.208
2018-05-06T23:30:00Z,-0.775,3.35,0.505,-0.873,2.208
2018-05-06T23:45:00Z,-0.775,3.35,0.505,-0.873,2.208
2018-05-07T00:00:00Z,-0.743,3.432,0.505,-0.874,2.32
2018-05-07T00:15:00Z,-0.743,3.432,0.505,-0.874,2.32
2018-05-07T00:30:00Z,-0.743,3.432,0.505,-0.874,2.32
2018-05-07T00:45:00Z,-0.743,3.432,0.505,-0.874,2.32
2018-05-07T01:00:00Z,-0.406,3.638,0.505,-0.874,2.863
2018-05-07T01:15:00Z,-0.406,3.638,0.505,-0.874,2.863
2018-05-07T01:30:00Z,-0.406,3.638,0.505,-0.874,2.863
2018-05-07T01:45:00Z,-0.406,3.638,0.505,-0.874,2.863
2018-05-07T02:00:00Z,-0.294,3.606,0.49,-0.874,2.928
2018-05-07T02:15:00Z,-0.294,3.606,0.49,-0.874,2.928
2018-05-07T02:30:00Z,-0.294,3.606,0.49,-0.874,2.928
2018-05-07T02:45:00Z,-0.294,3.606,0.49,-0.874,2.928
2018-05-07T03:00:00Z,-0.443,4.131,0.037,-0.873,2.852
2018-05-07T03:15:00Z,-0.443,4.131,0.037,-0.873,2.852
2018-05-07T03:30:00Z,-0.443,4.131,0.037,-0.873,2.852
2018-05-07T03:45:00Z,-0.443,4.131,0.037,-0.873,2.852
2018-05-07T04:00:00Z,-0.039,3.234,0.488,-0.795,2.887
2018-05-07T04:15:00Z,-0.039,3.234,0.488,-0.795,2.887
2018-05-07T04:30:00Z,-0.039,3.234,0.488,-0.795,2.887
2018-05-07T04:45:00Z,-0.039,3.234,0.488,-0.795,2.887
2018-05-07T05:00:00Z,-0.141,3.228,0.263,-0.795,2.554
2018-05-07T05:15:00Z,-0.141,3.228,0.263,-0.795,2.554
2018-05-07T05:30:00Z,-0.141,3.228,0.263,-0.795,2.554
2018-05-07T05:45:00Z,-0.141,3.228,0.263,-0.795,2.554
2018-05-07T06:00:00Z,-0.16,3.189,0.505,-0.795,2.739
2018-05-07T06:15:00Z,-0.16,3.189,0.505,-0.795,2.739
2018-05-07T06:30:00Z,-0.16,3.189,0.505,-0.795,2.739
2018-05-07T06:45:00Z,-0.16,3.189,0.505,-0.795,2.739
2018-05-07T07:00:00Z,-0.234,3.324,0.505,-0.954,2.641
2018-05-07T07:15:00Z,-0.234,3.324,0.505,-0.954,2.641
2018-05-07T07:30:00Z,-0.234,3.324,0.505,-0.954,2.641
2018-05-07T07:45:00Z,-0.234,3.324,0.505,-0.954,2.641
2018-05-07T08:00:00Z,-0.48,3.501,0.505,-0.905,2.621
2018-05-07T08:15:00Z,-0.48,3.501,0.505,-0.905,2.621
2018-05-07T08:30:00Z,-0.48,3.501,0.505,-0.905,2.621
2018-05-07T08:45:00Z,-0.48,3.501,0.505,-0.905,2.621
2018-05-07T09:00:00Z,-0.716,3.384,0.505,-0.905,2.268
2018-05-07T09:15:00Z,-0.716,3.384,0.505,-0.905,2.268
2018-05-07T09:30:00Z,-0.716,3.384,0.505,-0.905,2.268
2018-05-07T09:45:00Z,-0.716,3.384,0.505,-0.905,2.268
2018-05-07T10:00:00Z,-0.534,3.21,0.506,-0.875,2.307
2018-05-07T10:15:00Z,-0.534,3.21,0.506,-0.875,2.307
2018-05-07T10:30:00Z,-0.534,3.21,0.506,-0.875,2.307
2018-05-07T10:45:00Z,-0.534,3.21,0.506,-0.875,2.307
2018-05-07T11:00:00Z,-0.523,3.27,0.506,-0.82,2.433
2018-05-07T11:15:00Z,-0.523,3.27,0.506,-0.82,2.433
2018-05-07T11:30:00Z,-0.523,3.27,0.506,-0.82,2.433
2018-05-07T11:45:00Z,-0.523,3.27,0.506,-0.82,2.433
2018-05-07T12:00:00Z,-0.475,3.308,0.505,-0.627,2.71
2018-05-07T12:15:00Z,-0.475,3.308,0.505,-0.627,2.71
2018-05-07T12:30:00Z,-0.475,3.308,0.505,-0.627,2.71
2018-05-07T12:45:00Z,-0.475,3.308,0.505,-0.627,2.71
2018-05-07T13:00:00Z,-0.254,3.246,0.505,-0.626,2.871
2018-05-07T13:15:00Z,-0.254,3.246,0.505,-0.626,2.871
2018-05-07T13:30:00Z,-0.254,3.246,0.505,-0.626,2.871
2018-05-07T13:45:00Z,-0.254,3.246,0.505,-0.626,2.871
2018-05-07T14:00:00Z,-0.185,3.38,0.505,-0.627,3.074
2018-05-07T14:15:00Z,-0.185,3.38,0.505,-0.627,3.074
2018-05-07T14:30:00Z,-0.185,3.38,0.505,-0.627,3.074
2018-05-07T14:45:00Z,-0.185,3.38,0.505,-0.627,3.074
2018-05-07T15:00:00Z,-0.117,3.658,0.505,-0.725,3.321
2018-05-07T15:15:00Z,-0.117,3.658,0.505,-0.725,3.321
2018-05-07T15:30:00Z,-0.117,3.658,0.505,-0.725,3.321
2018-05-07T15:45:00Z,-0.117,3.658,0.505,-0.725,3.321
2018-05-07T16:00:00Z,-0.039,3.434,0.505,-0.776,3.124
2018-05-07T16:15:00Z,-0.039,3.434,0.505,-0.776,3.124
2018-05-07T16:30:00Z,-0.039,3.434,0.505,-0.776,3.124
2018-05-07T16:45:00Z,-0.039,3.434,0.505,-0.776,3.124
2018-05-07T17:00:00Z,0.268,3.315,0.505,-1.023,3.065
2018-05-07T17:15:00Z,0.268,3.315,0.505,-1.023,3.065
2018-05-07T17:30:00Z,0.268,3.315,0.505,-1.023,3.065
2018-05-07T17:45:00Z,0.268,3.315,0.505,-1.023,3.065
2018-05-07T18:00:00Z,0.381,3.382,0.505,-1.025,3.243
2018-05-07T18:15:00Z,0.381,3.382,0.505,-1.025,3.243
2018-05-07T18:30:00Z,0.381,3.382,0.505,-1.025,3.243
2018-05-07T18:45:00Z,0.381,3.382,0.505,-1.025,3.243
2018-05-07T19:00:00Z,-0.073,3.842,0.505,-1.025,3.249
2018-05-07T19:15:00Z,-0.073,3.842,0.505,-1.025,3.249
2018-05-07T19:30:00Z,-0.073,3.842,0.505,-1.025,3.249
2018-05-07T19:45:00Z,-0.073,3.842,0.505,-1.025,3.249
2018-05-07T20:00:00Z,-0.758,3.535,0.506,-0.996,2.287
2018-05-07T20:15:00Z,-0.758,3.535,0.506,-0.996,2.287
2018-05-07T20:30:00Z,-0.758,3.535,0.506,-0.996,2.287
2018-05-07T20:45:00Z,-0.758,3.535,0.506,-0.996,2.287
2018-05-07T21:00:00Z,-1.489,3.265,0.506,-0.361,1.921
2018-05-07T21:15:00Z,-1.489,3.265,0.506,-0.361,1.921
2018-05-07T21:30:00Z,-1.489,3.265,0.506,-0.361,1.921
2018-05-07T21:45:00Z,-1.489,3.265,0.506,-0.361,1.921
2018-05-07T22:00:00Z,-1.591,3.077,0.506,-0.597,1.395
2018-05-07T22:15:00Z,-1.591,3.077,0.506,-0.597,1.395
2018-05-07T22:30:00Z,-1.591,3.077,0.506,-0.597,1.395
2018-05-07T22:45:00Z,-1.591,3.077,0.506,-0.597,1.395
2018-05-07T23:00:00Z,-1.874,3.217,0.506,-0.902,0.947
2018-05-07T23:15:00Z,-1.874,3.217,0.506,-0.902,0.947
2018-05-07T23:30:00Z,-1.874,3.217,0.506,-0.902,0.947
2018-05-07T23:45:00Z,-1.874,3.217,0.506,-0.902,0.947
2018-05-08T00:00:00Z,-1.518,2.877,0.505,-0.905,0.96
2018-05-08T00:15:00Z,-1.518,2.877,0.505,-0.905,0.96
2018-05-08T00:30:00Z,-1.518,2.877,0.505,-0.905,0.96
2018-05-08T00:45:00Z,-1.518,2.877,0.505,-0.905,0.96
2018-05-08T01:00:00Z,-1.209,2.761,0.505,-0.905,1.152
2018-05-08T01:15:00Z,-1.209,2.761,0.505,-0.905,1.152
2018-05-08T01:30:00Z,-1.209,2.761,0.505,-0.905,1.152
2018-05-08T01:45:00Z,-1.209,2.761,0.505,-0.905,1.152
2018-05-08T02:00:00Z,-0.946,2.81,0.505,-0.905,1.464
2018-05-08T02:15:00Z,-0.946,2.81,0.505,-0.905,1.464
2018-05-08T02:30:00Z,-0.946,2.81,0.505,-0.905,1.464
2018-05-08T02:45:00Z,-0.946,2.81,0.505,-0.905,1.464
2018-05-08T03:00:00Z,-1.414,3.478,0.496,-0.904,1.657
2018-05-08T03:15:00Z,-1.414,3.478,0.496,-0.904,1.657
2018-05-08T03:30:00Z,-1.414,3.478,0.496,-0.904,1.657
2018-05-08T03:45:00Z,-1.414,3.478,0.496,-0.904,1.657
2018-05-08T04:00:00Z,-0.819,2.742,0.505,-0.772,1.656
2018-05-08T04:15:00Z,-0.819,2.742,0.505,-0.772,1.656
2018-05-08T04:30:00Z,-0.819,2.742,0.505,-0.772,1.656
2018-05-08T04:45:00Z,-0.819,2.742,0.505,-0.772,1.656
2018-05-08T05:00:00Z,-0.527,3.138,0.505,-0.913,2.204
2018-05-08T05:15:00Z,-0.527,3.138,0.505,-0.913,2.204
2018-05-08T05:30:00Z,-0.527,3.138,0.505,-0.913,2.204
2018-05-08T05:45:00Z,-0.527,3.138,0.505,-0.913,2.204
2018-05-08T06:00:00Z,-0.409,3.171,0.505,-1.024,2.243
2018-05-08T06:15:00Z,-0.409,3.171,0.505,-1.024,2.243
2018-05-08T06:30:00Z,-0.409,3.171,0.505,-1.024,2.243
2018-05-08T06:45:00Z,-0.409,3.171,0.505,-1.024,2.243
2018-05-08T07:00:00Z,-0.404,3.283,0.505,-1.025,2.359
2018-05-08T07:15:00Z,-0.404,3.283,0.505,-1.025,2.359
2018-05-08T07:30:00Z,-0.404,3.283,0.505,-1.025,2.359
2018-05-08T07:45:00Z,-0.404,3.283,0.505,-1.025,2.359
2018-05-08T08:00:00Z,-0.771,3.715,0.505,-1.025,2.424
2018-05-08T08:15:00Z,-0.771,3.715,0.505,-1.025,2.424
2018-05-08T08:30:00Z,-0.771,3.715,0.505,-1.025,2.424
2018-05-08T08:45:00Z,-0.771,3.715,0.505,-1.025,2.424
2018-05-08T09:00:00Z,-1.17,3.735,0.506,-1.025,2.046
2018-05-08T09:15:00Z,-1.17,3.735,0.506,-1.025,2.046
2018-05-08T09:30:00Z,-1.17,3.735,0.506,-1.025,2.046
2018-05-08T09:45:00Z,-1.17,3.735,0.506,-1.025,2.046
2018-05-08T10:00:00Z,-1.495,3.799,0.506,-0.975,1.834
2018-05-08T10:15:00Z,-1.495,3.799,0.506,-0.975,1.834
2018-05-08T10:30:00Z,-1.495,3.799,0.506,-0.975,1.834
2018-05-08T10:45:00Z,-1.495,3.799,0.506,-0.975,1.834
2018-05-08T11:00:00Z,-1.23,3.596,0.505,-0.978,1.893
2018-05-08T11:15:00Z,-1.23,3.596,0.505,-0.978,1.893
2018-05-08T11:30:00Z,-1.23,3.596,0.505,-0.978,1.893
2018-05-08T11:45:00Z,-1.23,3.596,0.505,-0.978,1.893
2018-05-08T12:00:00Z,-0.978,3.685,0.506,-1.025,2.189
2018-05-08T12:15:00Z,-0.978,3.685,0.506,-1.025,2.189
2018-05-08T12:30:00Z,-0.978,3.685,0.506,-1.025,2.189
2018-05-08T12:45:00Z,-0.978,3.685,0.506,-1.025,2.189
2018-05-08T13:00:00Z,-0.822,3.535,0.505,-1.026,2.192
2018-05-08T13:15:00Z,-0.822,3.535,0.505,-1.026,2.192
2018-05-08T13:30:00Z,-0.822,3.535,0.505,-1.026,2.192
2018-05-08T13:45:00Z,-0.822,3.535,0.505,-1.026,2.192
2018-05-08T14:00:00Z,-0.89,3.369,0.506,-0.563,2.423
2018-05-08T14:15:00Z,-0.89,3.369,0.506,-0.563,2.423
2018-05-08T14:30:00Z,-0.89,3.369,0.506,-0.563,2.423
2018-05-08T14:45:00Z,-0.89,3.369,0.506,-0.563,2.423
2018-05-08T15:00:00Z,-0.74,3.578,0.506,-0.583,2.761
2018-05-08T15:15:00Z,-0.74,3.578,0.506,-0.583,2.761
2018-05-08T15:30:00Z,-0.74,3.578,0.506,-0.583,2.761
2018-05-08T15:45:00Z,-0.74,3.578,0.506,-0.583,2.761
2018-05-08T16:00:00Z,-0.367,3.727,0.506,-1.02,2.846
2018-05-08T16:15:00Z,-0.367,3.727,0.506,-1.02,2.846
2018-05-08T16:30:00Z,-0.367,3.727,0.506,-1.02,2.846
2018-05-08T16:45:00Z,-0.367,3.727,0.506,-1.02,2.846
2018-05-08T17:00:00Z,-0.054,3.412,0.506,-1.025,2.84
2018-05-08T17:15:00Z,-0.054,3.412,0.506,-1.025,2.84
2018-05-08T17:30:00Z,-0.054,3.412,0.506,-1.025,2.84
2018-05-08T17:45:00Z,-0.054,3.412,0.506,-1.025,2.84
2018-05-08T18:00:00Z,0.036,3.299,0.506,-0.999,2.842
2018-05-08T18:15:00Z,0.036,3.299,0.506,-0.999,2.842
2018-05-08T18:30:00Z,0.036,3.299,0.506,-0.999,2.842
2018-05-08T18:45:00Z,0.036,3.299,0.506,-0.999,2.842
2018-05-08T19:00:00Z,-0.447,3.648,0.505,-0.998,2.708
2018-05-08T19:15:00Z,-0.447,3.648,0.505,-0.998,2.708
2018-05-08T19:30:00Z,-0.447,3.648,0.505,-0.998,2.708
2018-05-08T19:45:00Z,-0.447,3.648,0.505,-0.998,2.708
2018-05-08T20:00:00Z,-1.253,3.492,0.506,-0.771,1.974
2018-05-08T20:15:00Z,-1.253,3.492,0.506,-0.771,1.974
2018-05-08T20:30:00Z,-1.253,3.492,0.506,-0.771,1.974
2018-05-08T20:45:00Z,-1.253,3.492,0.506,-0.771,1.974
2018-05-08T21:00:00Z,-1.577,4.246,0.506,-0.977,2.198
2018-05-08T21:15:00Z,-1.577,4.246,0.506,-0.977,2.198
2018-05-08T21:30:00Z,-1.577,4.246,0.506,-0.977,2.198
2018-05-08T21:45:00Z,-1.577,4.246,0.506,-0.977,2.198
2018-05-08T22:00:00Z,-1.268,3.699,0.506,-1.024,1.913
2018-05-08T22:15:00Z,-1.268,3.699,0.506,-1.024,1.913
2018-05-08T22:30:00Z,-1.268,3.699,0.506,-1.024,1.913
2018-05-08T22:45:00Z,-1.268,3.699,0.506,-1.024,1.913
2018-05-08T23:00:00Z,-1.357,4.275,0.506,-0.924,2.5
2018-05-08T23:15:00Z,-1.357,4.275,0.506,-0.924,2.5
2018-05-08T23:30:00Z,-1.357,4.275,0.506,-0.924,2.5
2018-05-08T23:45:00Z,-1.357,4.275,0.506,-0.924,2.5
2018-05-09T00:00:00Z,-1.011,4.572,0.505,-0.923,3.143
2018-05-09T00:15:00Z,-1.011,4.572,0.505,-0.923,3.143
2018-05-09T00:30:00Z,-1.011,4.572,0.505,-0.923,3.143
2018-05-09T00:45:00Z,-1.011,4.572,0.505,-0.923,3.143
2018-05-09T01:00:00Z,-0.565,4.384,0.505,-0.923,3.401
2018-05-09T01:15:00Z,-0.565,4.384,0.505,-0.923,3.401
2018-05-09T01:30:00Z,-0.565,4.384,0.505,-0.923,3.401
2018-05-09T01:45:00Z,-0.565,4.384,0.505,-0.923,3.401
2018-05-09T02:00:00Z,-0.276,3.857,0.506,-0.923,3.164
2018-05-09T02:15:00Z,-0.276,3.857,0.506,-0.923,3.164
2018-05-09T02:30:00Z,-0.276,3.857,0.506,-0.923,3.164
2018-05-09T02:45:00Z,-0.276,3.857,0.506,-0.923,3.164
2018-05-09T03:00:00Z,-0.306,3.578,0.505,-0.923,2.854
2018-05-09T03:15:00Z,-0.306,3.578,0.505,-0.923,2.854
2018-05-09T03:30:00Z,-0.306,3.578,0.505,-0.923,2.854
2018-05-09T03:45:00Z,-0.306,3.578,0.505,-0.923,2.854
2018-05-09T04:00:00Z,0.123,2.365,0.505,-0.924,2.07
2018-05-09T04:15:00Z,0.123,2.365,0.505,-0.924,2.07
2018-05-09T04:30:00Z,0.123,2.365,0.505,-0.924,2.07
2018-05-09T04:45:00Z,0.123,2.365,0.505,-0.924,2.07
2018-05-09T05:00:00Z,0.217,1.816,0.505,-1.024,1.514
2018-05-09T05:15:00Z,0.217,1.816,0.505,-1.024,1.514
2018-05-09T05:30:00Z,0.217,1.816,0.505,-1.024,1.514
2018-05-09T05:45:00Z,0.217,1.816,0.505,-1.024,1.514
2018-05-09T06:00:00Z,0.19,2.161,0.506,-1.025,1.832
2018-05-09T06:15:00Z,0.19,2.161,0.506,-1.025,1.832
2018-05-09T06:30:00Z,0.19,2.161,0.506,-1.025,1.832
2018-05-09T06:45:00Z,0.19,2.161,0.506,-1.025,1.832
2018-05-09T07:00:00Z,-0.146,2.528,0.506,-1.025,1.863
2018-05-09T07:15:00Z,-0.146,2.528,0.506,-1.025,1.863
2018-05-09T07:30:00Z,-0.146,2.528,0.506,-1.025,1.863
2018-05-09T07:45:00Z,-0.146,2.528,0.506,-1.025,1.863
2018-05-09T08:00:00Z,-0.356,2.098,0.506,-0.439,1.809
2018-05-09T08:15:00Z,-0.356,2.098,0.506,-0.439,1.809
2018-05-09T08:30:00Z,-0.356,2.098,0.506,-0.439,1.809
2018-05-09T08:45:00Z,-0.356,2.098,0.506,-0.439,1.809
2018-05-09T09:00:00Z,-0.539,2.519,0.506,-0.444,2.042
2018-05-09T09:15:00Z,-0.539,2.519,0.506,-0.444,2.042
2018-05-09T09:30:00Z,-0.539,2.519,0.506,-0.444,2.042
2018-05-09T09:45:00Z,-0.539,2.519,0.506,-0.444,2.042
2018-05-09T10:00:00Z,-0.858,3.319,0.506,-0.917,2.05
2018-05-09T10:15:00Z,-0.858,3.319,0.506,-0.917,2.05
2018-05-09T10:30:00Z,-0.858,3.319,0.506,-0.917,2.05
2018-05-09T10:45:00Z,-0.858,3.319,0.506,-0.917,2.05
2018-05-09T11:00:00Z,-0.911,3.366,0.506,-0.923,2.037
2018-05-09T11:15:00Z,-0.911,3.366,0.506,-0.923,2.037
2018-05-09T11:30:00Z,-0.911,3.366,0.506,-0.923,2.037
2018-05-09T11:45:00Z,-0.911,3.366,0.506,-0.923,2.037
2018-05-09T12:00:00Z,-0.871,3.211,0.506,-1.025,1.822
2018-05-09T12:15:00Z,-0.871,3.211,0.506,-1.025,1.822
2018-05-09T12:30:00Z,-0.871,3.211,0.506,-1.025,1.822
2018-05-09T12:45:00Z,-0.871,3.211,0.506,-1.025,1.822
2018-05-09T13:00:00Z,-0.669,2.96,0.506,-1.025,1.772
2018-05-09T13:15:00Z,-0.669,2.96,0.506,-1.025,1.772
2018-05-09T13:30:00Z,-0.669,2.96,0.506,-1.025,1.772
2018-05-09T13:45:00Z,-0.669,2.96,0.506,-1.025,1.772
2018-05-09T14:00:00Z,-0.126,3.179,0.506,-0.873,2.686
2018-05-09T14:15:00Z,-0.126,3.179,0.506,-0.873,2.686
2018-05-09T14:30:00Z,-0.126,3.179,0.506,-0.873,2.686
2018-05-09T14:45:00Z,-0.126,3.179,0.506,-0.873,2.686
2018-05-09T15:00:00Z,0.287,2.794,0.505,-0.773,2.813
2018-05-09T15:15:00Z,0.287,2.794,0.505,-0.773,2.813
2018-05-09T15:30:00Z,0.287,2.794,0.505,-0.773,2.813
2018-05-09T15:45:00Z,0.287,2.794,0.505,-0.773,2.813
2018-05-09T16:00:00Z,0.383,2.641,0.505,-0.898,2.631
2018-05-09T16:15:00Z,0.383,2.641,0.505,-0.898,2.631
2018-05-09T16:30:00Z,0.383,2.641,0.505,-0.898,2.631
2018-05-09T16:45:00Z,0.383,2.641,0.505,-0.898,2.631
2018-05-09T17:00:00Z,0.803,2.202,0.505,-1.024,2.486
2018-05-09T17:15:00Z,0.803,2.202,0.505,-1.024,2.486
2018-05-09T17:30:00Z,0.803,2.202,0.505,-1.024,2.486
2018-05-09T17:45:00Z,0.803,2.202,0.505,-1.024,2.486
2018-05-09T18:00:00Z,0.809,2.137,0.506,-1.005,2.447
2018-05-09T18:15:00Z,0.809,2.137,0.506,-1.005,2.447
2018-05-09T18:30:00Z,0.809,2.137,0.506,-1.005,2.447
2018-05-09T18:45:00Z,0.809,2.137,0.506,-1.005,2.447
2018-05-09T19:00:00Z,0.6,2.54,0.506,-1.004,2.642
2018-05-09T19:15:00Z,0.6,2.54,0.506,-1.004,2.642
2018-05-09T19:30:00Z,0.6,2.54,0.506,-1.004,2.642
2018-05-09T19:45:00Z,0.6,2.54,0.506,-1.004,2.642
2018-05-09T20:00:00Z,-0.157,2.783,0.506,-1.004,2.129
2018-05-09T20:15:00Z,-0.157,2.783,0.506,-1.004,2.129
2018-05-09T20:30:00Z,-0.157,2.783,0.506,-1.004,2.129
2018-05-09T20:45:00Z,-0.157,2.783,0.506,-1.004,2.129
2018-05-09T21:00:00Z,-0.562,2.638,0.506,-0.849,1.733
2018-05-09T21:15:00Z,-0.562,2.638,0.506,-0.849,1.733
2018-05-09T21:30:00Z,-0.562,2.638,0.506,-0.849,1.733
2018-05-09T21:45:00Z,-0.562,2.638,0.506,-0.849,1.733
2018-05-09T22:00:00Z,-0.035,3.395,0.506,-0.923,2.942
2018-05-09T22:15:00Z,-0.035,3.395,0.506,-0.923,2.942
2018-05-09T22:30:00Z,-0.035,3.395,0.506,-0.923,2.942
2018-05-09T22:45:00Z,-0.035,3.395,0.506,-0.923,2.942
2018-05-09T23:00:00Z,0.261,3.797,0.506,-0.726,3.838
2018-05-09T23:15:00Z,0.261,3.797,0.506,-0.726,3.838
2018-05-09T23:30:00Z,0.261,3.797,0.506,-0.726,3.838
2018-05-09T23:45:00Z,0.261,3.797,0.506,-0.726,3.838
2018-05-10T00:00:00Z,0.542,3.683,0.505,-0.724,4.006
2018-05-10T00:15:00Z,0.542,3.683,0.505,-0.724,4.006
2018-05-10T00:30:00Z,0.542,3.683,0.505,-0.724,4.006
2018-05-10T00:45:00Z,0.542,3.683,0.505,-0.724,4.006
2018-05-10T01:00:00Z,1.023,3.16,0.505,-0.723,3.965
2018-05-10T01:15:00Z,1.023,3.16,0.505,-0.723,3.965
2018-05-10T01:30:00Z,1.023,3.16,0.505,-0.723,3.965
2018-05-10T01:45:00Z,1.023,3.16,0.505,-0.723,3.965
2018-05-10T02:00:00Z,0.831,2.996,0.505,-0.429,3.903
2018-05-10T02:15:00Z,0.831,2.996,0.505,-0.429,3.903
2018-05-10T02:30:00Z,0.831,2.996,0.505,-0.429,3.903
2018-05-10T02:45:00Z,0.831,2.996,0.505,-0.429,3.903
2018-05-10T03:00:00Z,0.834,3.151,0.505,-0.428,4.062
2018-05-10T03:15:00Z,0.834,3.151,0.505,-0.428,4.062
2018-05-10T03:30:00Z,0.834,3.151,0.505,-0.428,4.062
2018-05-10T03:45:00Z,0.834,3.151,0.505,-0.428,4.062
2018-05-10T04:00:00Z,1.047,3.076,0.505,-0.722,3.906
2018-05-10T04:15:00Z,1.047,3.076,0.505,-0.722,3.906
2018-05-10T04:30:00Z,1.047,3.076,0.505,-0.722,3.906
2018-05-10T04:45:00Z,1.047,3.076,0.505,-0.722,3.906
2018-05-10T05:00:00Z,1.003,3.07,0.505,-0.922,3.656
2018-05-10T05:15:00Z,1.003,3.07,0.505,-0.922,3.656
2018-05-10T05:30:00Z,1.003,3.07,0.505,-0.922,3.656
2018-05-10T05:45:00Z,1.003,3.07,0.505,-0.922,3.656
2018-05-10T06:00:00Z,1.186,2.812,0.506,-1.023,3.481
2018-05-10T06:15:00Z,1.186,2.812,0.506,-1.023,3.481
2018-05-10T06:30:00Z,1.186,2.812,0.506,-1.023,3.481
2018-05-10T06:45:00Z,1.186,2.812,0.506,-1.023,3.481
2018-05-10T07:00:00Z,1.363,2.672,0.505,-1.024,3.516
2018-05-10T07:15:00Z,1.363,2.672,0.505,-1.024,3.516
2018-05-10T07:30:00Z,1.363,2.672,0.505,-1.024,3.516
2018-05-10T07:45:00Z,1.363,2.672,0.505,-1.024,3.516
2018-05-10T08:00:00Z,1.239,2.802,0.505,-1.024,3.522
2018-05-10T08:15:00Z,1.239,2.802,0.505,-1.024,3.522
2018-05-10T08:30:00Z,1.239,2.802,0.505,-1.024,3.522
2018-05-10T08:45:00Z,1.239,2.802,0.505,-1.024,3.522
2018-05-10T09:00:00Z,1.102,3.017,0.506,-0.923,3.702
2018-05-10T09:15:00Z,1.102,3.017,0.506,-0.923,3.702
2018-05-10T09:30:00Z,1.102,3.017,0.506,-0.923,3.702
2018-05-10T09:45:00Z,1.102,3.017,0.506,-0.923,3.702
2018-05-10T10:00:00Z,0.485,3.344,0.506,-0.822,3.512
2018-05-10T10:15:00Z,0.485,3.344,0.506,-0.822,3.512
2018-05-10T10:30:00Z,0.485,3.344,0.506,-0.822,3.512
2018-05-10T10:45:00Z,0.485,3.344,0.506,-0.822,3.512
2018-05-10T11:00:00Z,0.322,3.111,0.505,-0.822,3.116
2018-05-10T11:15:00Z,0.322,3.111,0.505,-0.822,3.116
2018-05-10T11:30:00Z,0.322,3.111,0.505,-0.822,3.116
2018-05-10T11:45:00Z,0.322,3.111,0.505,-0.822,3.116
2018-05-10T12:00:00Z,0.347,2.97,0.506,-0.821,3.002
2018-05-10T12:15:00Z,0.347,2.97,0.506,-0.821,3.002
2018-05-10T12:30:00Z,0.347,2.97,0.506,-0.821,3.002
2018-05-10T12:45:00Z,0.347,2.97,0.506,-0.821,3.002
2018-05-10T13:00:00Z,0.425,2.623,0.506,-0.821,2.733
2018-05-10T13:15:00Z,0.425,2.623,0.506,-0.821,2.733
2018-05-10T13:30:00Z,0.425,2.623,0.506,-0.821,2.733
2018-05-10T13:45:00Z,0.425,2.623,0.506,-0.821,2.733
2018-05-10T14:00:00Z,0.382,2.614,0.505,-1.023,2.478
2018-05-10T14:15:00Z,0.382,2.614,0.505,-1.023,2.478
2018-05-10T14:30:00Z,0.382,2.614,0.505,-1.023,2.478
2018-05-10T14:45:00Z,0.382,2.614,0.505,-1.023,2.478
2018-05-10T15:00:00Z,0.665,3.486,0.505,-1.024,3.632
2018-05-10T15:15:00Z,0.665,3.486,0.505,-1.024,3.632
2018-05-10T15:30:00Z,0.665,3.486,0.505,-1.024,3.632
2018-05-10T15:45:00Z,0.665,3.486,0.505,-1.024,3.632
2018-05-10T16:00:00Z,0.642,3.101,0.506,-1.024,3.225
2018-05-10T16:15:00Z,0.642,3.101,0.506,-1.024,3.225
2018-05-10T16:30:00Z,0.642,3.101,0.506,-1.024,3.225
2018-05-10T16:45:00Z,0.642,3.101,0.506,-1.024,3.225
2018-05-10T17:00:00Z,0.101,2.66,0.505,-1.024,2.242
2018-05-10T17:15:00Z,0.101,2.66,0.505,-1.024,2.242
2018-05-10T17:30:00Z,0.101,2.66,0.505,-1.024,2.242
2018-05-10T17:45:00Z,0.101,2.66,0.505,-1.024,2.242
2018-05-10T18:00:00Z,0.198,2.248,0.505,-1.024,1.927
2018-05-10T18:15:00Z,0.198,2.248,0.505,-1.024,1.927
2018-05-10T18:30:00Z,0.198,2.248,0.505,-1.024,1.927
2018-05-10T18:45:00Z,0.198,2.248,0.505,-1.024,1.927
2018-05-10T19:00:00Z,0.567,2.19,0.506,-0.961,2.302
2018-05-10T19:15:00Z,0.567,2.19,0.506,-0.961,2.302
2018-05-10T19:30:00Z,0.567,2.19,0.506,-0.961,2.302
2018-05-10T19:45:00Z,0.567,2.19,0.506,-0.961,2.302
2018-05-10T20:00:00Z,0.231,2.677,0.506,-0.843,2.571
2018-05-10T20:15:00Z,0.231,2.677,0.506,-0.843,2.571
2018-05-10T20:30:00Z,0.231,2.677,0.506,-0.843,2.571
2018-05-10T20:45:00Z,0.231,2.677,0.506,-0.843,2.571
2018-05-10T21:00:00Z,-0.441,2.573,0.505,-0.19,2.447
2018-05-10T21:15:00Z,-0.441,2.573,0.505,-0.19,2.447
2018-05-10T21:30:00Z,-0.441,2.573,0.505,-0.19,2.447
2018-05-10T21:45:00Z,-0.441,2.573,0.505,-0.19,2.447
2018-05-10T22:00:00Z,-0.368,3.471,0.505,-1.004,2.604
2018-05-10T22:15:00Z,-0.368,3.471,0.505,-1.004,2.604
2018-05-10T22:30:00Z,-0.368,3.471,0.505,-1.004,2.604
2018-05-10T22:45:00Z,-0.368,3.471,0.505,-1.004,2.604
2018-05-10T23:00:00Z,-0.258,3.542,0.505,-0.875,2.914
2018-05-10T23:15:00Z,-0.258,3.542,0.505,-0.875,2.914
2018-05-10T23:30:00Z,-0.258,3.542,0.505,-0.875,2.914
2018-05-10T23:45:00Z,-0.258,3.542,0.505,-0.875,2.914
2018-05-11T00:00:00Z,-0.19,3.397,0.506,-0.824,2.889
2018-05-11T00:15:00Z,-0.19,3.397,0.506,-0.824,2.889
2018-05-11T00:30:00Z,-0.19,3.397,0.506,-0.824,2.889
2018-05-11T00:45:00Z,-0.19,3.397,0.506,-0.824,2.889
2018-05-11T01:00:00Z,0.078,3.288,0.505,-0.822,3.049
2018-05-11T01:15:00Z,0.078,3.288,0.505,-0.822,3.049
2018-05-11T01:30:00Z,0.078,3.288,0.505,-0.822,3.049
2018-05-11T01:45:00Z,0.078,3.288,0.505,-0.822,3.049
2018-05-11T02:00:00Z,0.256,2.747,0.505,-0.479,3.029
2018-05-11T02:15:00Z,0.256,2.747,0.505,-0.479,3.029
2018-05-11T02:30:00Z,0.256,2.747,0.505,-0.479,3.029
2018-05-11T02:45:00Z,0.256,2.747,0.505,-0.479,3.029
2018-05-11T03:00:00Z,0.2,2.637,0.506,-0.476,2.867
2018-05-11T03:15:00Z,0.2,2.637,0.506,-0.476,2.867
2018-05-11T03:30:00Z,0.2,2.637,0.506,-0.476,2.867
2018-05-11T03:45:00Z,0.2,2.637,0.506,-0.476,2.867
2018-05-11T04:00:00Z,0.647,1.714,0.505,0.165,3.031
2018-05-11T04:15:00Z,0.647,1.714,0.505,0.165,3.031
2018-05-11T04:30:00Z,0.647,1.714,0.505,0.165,3.031
2018-05-11T04:45:00Z,0.647,1.714,0.505,0.165,3.031
2018-05-11T05:00:00Z,0.847,1.928,0.505,-0.321,2.959
2018-05-11T05:15:00Z,0.847,1.928,0.505,-0.321,2.959
2018-05-11T05:30:00Z,0.847,1.928,0.505,-0.321,2.959
2018-05-11T05:45:00Z,0.847,1.928,0.505,-0.321,2.959
2018-05-11T06:00:00Z,1.102,2.756,0.506,-1.012,3.352
2018-05-11T06:15:00Z,1.102,2.756,0.506,-1.012,3.352
2018-05-11T06:30:00Z,1.102,2.756,0.506,-1.012,3.352
2018-05-11T06:45:00Z,1.102,2.756,0.506,-1.012,3.352
2018-05-11T07:00:00Z,1.088,2.572,0.506,-1.023,3.143
2018-05-11T07:15:00Z,1.088,2.572,0.506,-1.023,3.143
2018-05-11T07:30:00Z,1.088,2.572,0.506,-1.023,3.143
2018-05-11T07:45:00Z,1.088,2.572,0.506,-1.023,3.143
2018-05-11T08:00:00Z,1.033,2.23,0.505,-0.803,2.965
2018-05-11T08:15:00Z,1.033,2.23,0.505,-0.803,2.965
2018-05-11T08:30:00Z,1.033,2.23,0.505,-0.803,2.965
2018-05-11T08:45:00Z,1.033,2.23,0.505,-0.803,2.965
2018-05-11T09:00:00Z,1.065,2.329,0.506,-0.972,2.928
2018-05-11T09:15:00Z,1.065,2.329,0.506,-0.972,2.928
2018-05-11T09:30:00Z,1.065,2.329,0.506,-0.972,2.928
2018-05-11T09:45:00Z,1.065,2.329,0.506,-0.972,2.928
2018-05-11T10:00:00Z,0.989,2.439,0.505,-0.974,2.959
2018-05-11T10:15:00Z,0.989,2.439,0.505,-0.974,2.959
2018-05-11T10:30:00Z,0.989,2.439,0.505,-0.974,2.959
2018-05-11T10:45:00Z,0.989,2.439,0.505,-0.974,2.959
2018-05-11T11:00:00Z,0.903,2.562,0.506,-0.974,2.997
2018-05-11T11:15:00Z,0.903,2.562,0.506,-0.974,2.997
2018-05-11T11:30:00Z,0.903,2.562,0.506,-0.974,2.997
2018-05-11T11:45:00Z,0.903,2.562,0.506,-0.974,2.997
2018-05-11T12:00:00Z,0.999,2.735,0.506,-0.974,3.267
2018-05-11T12:15:00Z,0.999,2.735,0.506,-0.974,3.267
2018-05-11T12:30:00Z,0.999,2.735,0.506,-0.974,3.267
2018-05-11T12:45:00Z,0.999,2.735,0.506,-0.974,3.267
2018-05-11T13:00:00Z,1.126,2.619,0.506,-0.974,3.277
2018-05-11T13:15:00Z,1.126,2.619,0.506,-0.974,3.277
2018-05-11T13:30:00Z,1.126,2.619,0.506,-0.974,3.277
2018-05-11T13:45:00Z,1.126,2.619,0.506,-0.974,3.277
2018-05-11T14:00:00Z,1.309,2.418,0.506,-0.968,3.265
2018-05-11T14:15:00Z,1.309,2.418,0.506,-0.968,3.265
2018-05-11T14:30:00Z,1.309,2.418,0.506,-0.968,3.265
2018-05-11T14:45:00Z,1.309,2.418,0.506,-0.968,3.265
2018-05-11T15:00:00Z,1.323,1.861,0.506,-0.43,3.26
2018-05-11T15:15:00Z,1.323,1.861,0.506,-0.43,3.26
2018-05-11T15:30:00Z,1.323,1.861,0.506,-0.43,3.26
2018-05-11T15:45:00Z,1.323,1.861,0.506,-0.43,3.26
2018-05-11T16:00:00Z,1.476,1.924,0.506,-1.016,2.89
2018-05-11T16:15:00Z,1.476,1.924,0.506,-1.016,2.89
2018-05-11T16:30:00Z,1.476,1.924,0.506,-1.016,2.89
2018-05-11T16:45:00Z,1.476,1.924,0.506,-1.016,2.89
2018-05-11T17:00:00Z,1.654,1.705,0.505,-1.024,2.84
2018-05-11T17:15:00Z,1.654,1.705,0.505,-1.024,2.84
2018-05-11T17:30:00Z,1.654,1.705,0.505,-1.024,2.84
2018-05-11T17:45:00Z,1.654,1.705,0.505,-1.024,2.84
2018-05-11T18:00:00Z,1.614,1.609,0.505,-1.024,2.704
2018-05-11T18:15:00Z,1.614,1.609,0.505,-1.024,2.704
2018-05-11T18:30:00Z,1.614,1.609,0.505,-1.024,2.704
2018-05-11T18:45:00Z,1.614,1.609,0.505,-1.024,2.704
2018-05-11T19:00:00Z,0.998,2.223,0.505,-1.024,2.702
2018-05-11T19:15:00Z,0.998,2.223,0.505,-1.024,2.702
2018-05-11T19:30:00Z,0.998,2.223,0.505,-1.024,2.702
2018-05-11T19:45:00Z,0.998,2.223,0.505,-1.024,2.702
2018-05-11T20:00:00Z,0.482,2.397,0.505,-1.024,2.36
2018-05-11T20:15:00Z,0.482,2.397,0.505,-1.024,2.36
2018-05-11T20:30:00Z,0.482,2.397,0.505,-1.024,2.36
2018-05-11T20:45:00Z,0.482,2.397,0.505,-1.024,2.36
2018-05-11T21:00:00Z,-0.285,2.504,0.505,-0.93,1.794
2018-05-11T21:15:00Z,-0.285,2.504,0.505,-0.93,1.794
2018-05-11T21:30:00Z,-0.285,2.504,0.505,-0.93,1.794
2018-05-11T21:45:00Z,-0.285,2.504,0.505,-0.93,1.794
2018-05-11T22:00:00Z,0.033,2.895,0.505,-0.875,2.558
2018-05-11T22:15:00Z,0.033,2.895,0.505,-0.875,2.558
2018-05-11T22:30:00Z,0.033,2.895,0.505,-0.875,2.558
2018-05-11T22:45:00Z,0.033,2.895,0.505,-0.875,2.558
2018-05-11T23:00:00Z,0.448,3.173,0.506,-0.876,3.251
2018-05-11T23:15:00Z,0.448,3.173,0.506,-0.876,3.251
2018-05-11T23:30:00Z,0.448,3.173,0.506,-0.876,3.251
2018-05-11T23:45:00Z,0.448,3.173,0.506,-0.876,3.251
2018-05-12T00:00:00Z,1.011,2.911,0.505,-0.877,3.55
2018-05-12T00:15:00Z,1.011,2.911,0.505,-0.877,3.55
2018-05-12T00:30:00Z,1.011,2.911,0.505,-0.877,3.55
2018-05-12T00:45:00Z,1.011,2.911,0.505,-0.877,3.55
2018-05-12T01:00:00Z,1.424,2.512,0.486,-0.875,3.547
2018-05-12T01:15:00Z,1.424,2.512,0.486,-0.875,3.547
2018-05-12T01:30:00Z,1.424,2.512,0.486,-0.875,3.547
2018-05-12T01:45:00Z,1.424,2.512,0.486,-0.875,3.547
2018-05-12T02:00:00Z,1.6,2.391,0.486,-0.875,3.602
2018-05-12T02:15:00Z,1.6,2.391,0.486,-0.875,3.602
2018-05-12T02:30:00Z,1.6,2.391,0.486,-0.875,3.602
2018-05-12T02:45:00Z,1.6,2.391,0.486,-0.875,3.602
2018-05-12T03:00:00Z,1.515,2.405,0.505,-0.874,3.551
2018-05-12T03:15:00Z,1.515,2.405,0.505,-0.874,3.551
2018-05-12T03:30:00Z,1.515,2.405,0.505,-0.874,3.551
2018-05-12T03:45:00Z,1.515,2.405,0.505,-0.874,3.551
2018-05-12T04:00:00Z,1.462,2.297,0.48,-0.875,3.364
2018-05-12T04:15:00Z,1.462,2.297,0.48,-0.875,3.364
2018-05-12T04:30:00Z,1.462,2.297,0.48,-0.875,3.364
2018-05-12T04:45:00Z,1.462,2.297,0.48,-0.875,3.364
2018-05-12T05:00:00Z,1.401,2.119,0.505,-0.924,3.101
2018-05-12T05:15:00Z,1.401,2.119,0.505,-0.924,3.101
2018-05-12T05:30:00Z,1.401,2.119,0.505,-0.924,3.101
2018-05-12T05:45:00Z,1.401,2.119,0.505,-0.924,3.101
2018-05-12T06:00:00Z,1.275,2.116,0.506,-1.024,2.873
2018-05-12T06:15:00Z,1.275,2.116,0.506,-1.024,2.873
2018-05-12T06:30:00Z,1.275,2.116,0.506,-1.024,2.873
2018-05-12T06:45:00Z,1.275,2.116,0.506,-1.024,2.873
2018-05-12T07:00:00Z,1.016,2.558,0.506,-1.101,2.979
2018-05-12T07:15:00Z,1.016,2.558,0.506,-1.101,2.979
2018-05-12T07:30:00Z,1.016,2.558,0.506,-1.101,2.979
2018-05-12T07:45:00Z,1.016,2.558,0.506,-1.101,2.979
2018-05-12T08:00:00Z,1.016,2.863,0.506,-1.102,3.283
2018-05-12T08:15:00Z,1.016,2.863,0.506,-1.102,3.283
2018-05-12T08:30:00Z,1.016,2.863,0.506,-1.102,3.283
2018-05-12T08:45:00Z,1.016,2.863,0.506,-1.102,3.283
2018-05-12T09:00:00Z,0.756,2.951,0.506,-1.075,3.138
2018-05-12T09:15:00Z,0.756,2.951,0.506,-1.075,3.138
2018-05-12T09:30:00Z,0.756,2.951,0.506,-1.075,3.138
2018-05-12T09:45:00Z,0.756,2.951,0.506,-1.075,3.138
2018-05-12T10:00:00Z,0.254,3.306,0.488,-1.025,3.023
2018-05-12T10:15:00Z,0.254,3.306,0.488,-1.025,3.023
2018-05-12T10:30:00Z,0.254,3.306,0.488,-1.025,3.023
2018-05-12T10:45:00Z,0.254,3.306,0.488,-1.025,3.023
2018-05-12T11:00:00Z,0.09,3.758,0.38,-1.025,3.203
2018-05-12T11:15:00Z,0.09,3.758,0.38,-1.025,3.203
2018-05-12T11:30:00Z,0.09,3.758,0.38,-1.025,3.203
2018-05-12T11:45:00Z,0.09,3.758,0.38,-1.025,3.203
2018-05-12T12:00:00Z,0.233,3.765,0.502,-1.025,3.475
2018-05-12T12:15:00Z,0.233,3.765,0.502,-1.025,3.475
2018-05-12T12:30:00Z,0.233,3.765,0.502,-1.025,3.475
2018-05-12T12:45:00Z,0.233,3.765,0.502,-1.025,3.475
2018-05-12T13:00:00Z,0.518,3.558,0.505,-1.025,3.556
2018-05-12T13:15:00Z,0.518,3.558,0.505,-1.025,3.556
2018-05-12T13:30:00Z,0.518,3.558,0.505,-1.025,3.556
2018-05-12T13:45:00Z,0.518,3.558,0.505,-1.025,3.556
2018-05-12T14:00:00Z,1.01,3.232,0.505,-1.025,3.722
2018-05-12T14:15:00Z,1.01,3.232,0.505,-1.025,3.722
2018-05-12T14:30:00Z,1.01,3.232,0.505,-1.025,3.722
2018-05-12T14:45:00Z,1.01,3.232,0.505,-1.025,3.722
2018-05-12T15:00:00Z,1.259,3.029,0.505,-1.024,3.769
2018-05-12T15:15:00Z,1.259,3.029,0.505,-1.024,3.769
2018-05-12T15:30:00Z,1.259,3.029,0.505,-1.024,3.769
2018-05-12T15:45:00Z,1.259,3.029,0.505,-1.024,3.769
2018-05-12T16:00:00Z,1.197,3.079,0.485,-1.024,3.737
2018-05-12T16:15:00Z,1.197,3.079,0.485,-1.024,3.737
2018-05-12T16:30:00Z,1.197,3.079,0.485,-1.024,3.737
2018-05-12T16:45:00Z,1.197,3.079,0.485,-1.024,3.737
2018-05-12T17:00:00Z,0.643,3.478,0.505,-1.024,3.602
2018-05-12T17:15:00Z,0.643,3.478,0.505,-1.024,3.602
2018-05-12T17:30:00Z,0.643,3.478,0.505,-1.024,3.602
2018-05-12T17:45:00Z,0.643,3.478,0.505,-1.024,3.602
2018-05-12T18:00:00Z,0.832,3.408,0.506,-1.101,3.645
2018-05-12T18:15:00Z,0.832,3.408,0.506,-1.101,3.645
2018-05-12T18:30:00Z,0.832,3.408,0.506,-1.101,3.645
2018-05-12T18:45:00Z,0.832,3.408,0.506,-1.101,3.645
2018-05-12T19:00:00Z,0.357,3.541,0.505,-1.101,3.302
2018-05-12T19:15:00Z,0.357,3.541,0.505,-1.101,3.302
2018-05-12T19:30:00Z,0.357,3.541,0.505,-1.101,3.302
2018-05-12T19:45:00Z,0.357,3.541,0.505,-1.101,3.302
2018-05-12T20:00:00Z,-0.463,4.167,0.505,-1.073,3.136
2018-05-12T20:15:00Z,-0.463,4.167,0.505,-1.073,3.136
2018-05-12T20:30:00Z,-0.463,4.167,0.505,-1.073,3.136
2018-05-12T20:45:00Z,-0.463,4.167,0.505,-1.073,3.136
2018-05-12T21:00:00Z,-1.023,3.934,0.506,-1.007,2.41
2018-05-12T21:15:00Z,-1.023,3.934,0.506,-1.007,2.41
2018-05-12T21:30:00Z,-1.023,3.934,0.506,-1.007,2.41
2018-05-12T21:45:00Z,-1.023,3.934,0.506,-1.007,2.41
2018-05-12T22:00:00Z,-0.696,3.865,0.503,-0.923,2.75
2018-05-12T22:15:00Z,-0.696,3.865,0.503,-0.923,2.75
2018-05-12T22:30:00Z,-0.696,3.865,0.503,-0.923,2.75
2018-05-12T22:45:00Z,-0.696,3.865,0.503,-0.923,2.75
2018-05-12T23:00:00Z,-0.201,3.893,0.348,-0.923,3.117
2018-05-12T23:15:00Z,-0.201,3.893,0.348,-0.923,3.117
2018-05-12T23:30:00Z,-0.201,3.893,0.348,-0.923,3.117
2018-05-12T23:45:00Z,-0.201,3.893,0.348,-0.923,3.117
2018-05-13T00:00:00Z,-0.031,3.887,0.158,-0.826,3.188
2018-05-13T00:15:00Z,-0.031,3.887,0.158,-0.826,3.188
2018-05-13T00:30:00Z,-0.031,3.887,0.158,-0.826,3.188
2018-05-13T00:45:00Z,-0.031,3.887,0.158,-0.826,3.188
2018-05-13T01:00:00Z,0.636,3.247,0.112,-0.826,3.169
2018-05-13T01:15:00Z,0.636,3.247,0.112,-0.826,3.169
2018-05-13T01:30:00Z,0.636,3.247,0.112,-0.826,3.169
2018-05-13T01:45:00Z,0.636,3.247,0.112,-0.826,3.169
2018-05-13T02:00:00Z,0.871,2.647,0.494,-0.825,3.187
2018-05-13T02:15:00Z,0.871,2.647,0.494,-0.825,3.187
2018-05-13T02:30:00Z,0.871,2.647,0.494,-0.825,3.187
2018-05-13T02:45:00Z,0.871,2.647,0.494,-0.825,3.187
2018-05-13T03:00:00Z,0.794,2.637,0.505,-0.824,3.112
2018-05-13T03:15:00Z,0.794,2.637,0.505,-0.824,3.112
2018-05-13T03:30:00Z,0.794,2.637,0.505,-0.824,3.112
2018-05-13T03:45:00Z,0.794,2.637,0.505,-0.824,3.112
2018-05-13T04:00:00Z,1.017,2.15,0.506,-0.824,2.849
2018-05-13T04:15:00Z,1.017,2.15,0.506,-0.824,2.849
2018-05-13T04:30:00Z,1.017,2.15,0.506,-0.824,2.849
2018-05-13T04:45:00Z,1.017,2.15,0.506,-0.824,2.849
2018-05-13T05:00:00Z,1.261,1.887,0.506,-0.824,2.83
2018-05-13T05:15:00Z,1.261,1.887,0.506,-0.824,2.83
2018-05-13T05:30:00Z,1.261,1.887,0.506,-0.824,2.83
2018-05-13T05:45:00Z,1.261,1.887,0.506,-0.824,2.83
2018-05-13T06:00:00Z,1.501,1.862,0.506,-0.873,2.996
2018-05-13T06:15:00Z,1.501,1.862,0.506,-0.873,2.996
2018-05-13T06:30:00Z,1.501,1.862,0.506,-0.873,2.996
2018-05-13T06:45:00Z,1.501,1.862,0.506,-0.873,2.996
2018-05-13T07:00:00Z,0.975,1.991,0.506,-0.876,2.596
2018-05-13T07:15:00Z,0.975,1.991,0.506,-0.876,2.596
2018-05-13T07:30:00Z,0.975,1.991,0.506,-0.876,2.596
2018-05-13T07:45:00Z,0.975,1.991,0.506,-0.876,2.596
2018-05-13T08:00:00Z,0.403,2.302,0.505,-1.025,2.185
2018-05-13T08:15:00Z,0.403,2.302,0.505,-1.025,2.185
2018-05-13T08:30:00Z,0.403,2.302,0.505,-1.025,2.185
2018-05-13T08:45:00Z,0.403,2.302,0.505,-1.025,2.185
2018-05-13T09:00:00Z,-0.123,2.723,0.505,-1.023,2.082
2018-05-13T09:15:00Z,-0.123,2.723,0.505,-1.023,2.082
2018-05-13T09:30:00Z,-0.123,2.723,0.505,-1.023,2.082
2018-05-13T09:45:00Z,-0.123,2.723,0.505,-1.023,2.082
2018-05-13T10:00:00Z,-0.753,3.058,0.505,-1.024,1.787
2018-05-13T10:15:00Z,-0.753,3.058,0.505,-1.024,1.787
2018-05-13T10:30:00Z,-0.753,3.058,0.505,-1.024,1.787
2018-05-13T10:45:00Z,-0.753,3.058,0.505,-1.024,1.787
2018-05-13T11:00:00Z,-0.542,3.006,0.505,-1.024,1.945
2018-05-13T11:15:00Z,-0.542,3.006,0.505,-1.024,1.945
2018-05-13T11:30:00Z,-0.542,3.006,0.505,-1.024,1.945
2018-05-13T11:45:00Z,-0.542,3.006,0.505,-1.024,1.945
2018-05-13T12:00:00Z,-0.653,3.029,0.505,-1.024,1.857
2018-05-13T12:15:00Z,-0.653,3.029,0.505,-1.024,1.857
2018-05-13T12:30:00Z,-0.653,3.029,0.505,-1.024,1.857
2018-05-13T12:45:00Z,-0.653,3.029,0.505,-1.024,1.857
2018-05-13T13:00:00Z,-0.17,3.022,0.505,-1.024,2.333
2018-05-13T13:15:00Z,-0.17,3.022,0.505,-1.024,2.333
2018-05-13T13:30:00Z,-0.17,3.022,0.505,-1.024,2.333
2018-05-13T13:45:00Z,-0.17,3.022,0.505,-1.024,2.333
2018-05-13T14:00:00Z,-0.046,2.835,0.505,-1.024,2.269
2018-05-13T14:15:00Z,-0.046,2.835,0.505,-1.024,2.269
2018-05-13T14:30:00Z,-0.046,2.835,0.505,-1.024,2.269
2018-05-13T14:45:00Z,-0.046,2.835,0.505,-1.024,2.269
2018-05-13T15:00:00Z,0.574,3.219,0.505,-1.002,3.296
2018-05-13T15:15:00Z,0.574,3.219,0.505,-1.002,3.296
2018-05-13T15:30:00Z,0.574,3.219,0.505,-1.002,3.296
2018-05-13T15:45:00Z,0.574,3.219,0.505,-1.002,3.296
2018-05-13T16:00:00Z,0.39,3.106,0.506,-1.002,3
2018-05-13T16:15:00Z,0.39,3.106,0.506,-1.002,3
2018-05-13T16:30:00Z,0.39,3.106,0.506,-1.002,3
2018-05-13T16:45:00Z,0.39,3.106,0.506,-1.002,3
2018-05-13T17:00:00Z,0.527,2.994,0.506,-1.002,3.025
2018-05-13T17:15:00Z,0.527,2.994,0.506,-1.002,3.025
2018-05-13T17:30:00Z,0.527,2.994,0.506,-1.002,3.025
2018-05-13T17:45:00Z,0.527,2.994,0.506,-1.002,3.025
2018-05-13T18:00:00Z,0.67,2.977,0.505,-1.101,3.051
2018-05-13T18:15:00Z,0.67,2.977,0.505,-1.101,3.051
2018-05-13T18:30:00Z,0.67,2.977,0.505,-1.101,3.051
2018-05-13T18:45:00Z,0.67,2.977,0.505,-1.101,3.051
2018-05-13T19:00:00Z,0.838,2.934,0.505,-1.101,3.176
2018-05-13T19:15:00Z,0.838,2.934,0.505,-1.101,3.176
2018-05-13T19:30:00Z,0.838,2.934,0.505,-1.101,3.176
2018-05-13T19:45:00Z,0.838,2.934,0.505,-1.101,3.176
2018-05-13T20:00:00Z,0.546,3.066,0.505,-1.043,3.074
2018-05-13T20:15:00Z,0.546,3.066,0.505,-1.043,3.074
2018-05-13T20:30:00Z,0.546,3.066,0.505,-1.043,3.074
2018-05-13T20:45:00Z,0.546,3.066,0.505,-1.043,3.074
2018-05-13T21:00:00Z,0.126,3.285,0.505,-1.022,2.893
2018-05-13T21:15:00Z,0.126,3.285,0.505,-1.022,2.893
2018-05-13T21:30:00Z,0.126,3.285,0.505,-1.022,2.893
2018-05-13T21:45:00Z,0.126,3.285,0.505,-1.022,2.893
2018-05-13T22:00:00Z,-0.195,2.603,0.505,-0.671,2.242
2018-05-13T22:15:00Z,-0.195,2.603,0.505,-0.671,2.242
2018-05-13T22:30:00Z,-0.195,2.603,0.505,-0.671,2.242
2018-05-13T22:45:00Z,-0.195,2.603,0.505,-0.671,2.242
2018-05-13T23:00:00Z,-0.211,2.691,0.505,-0.872,2.112
2018-05-13T23:15:00Z,-0.211,2.691,0.505,-0.872,2.112
2018-05-13T23:30:00Z,-0.211,2.691,0.505,-0.872,2.112
2018-05-13T23:45:00Z,-0.211,2.691,0.505,-0.872,2.112
2018-05-14T00:00:00Z,0.462,2.436,0.506,-0.87,2.534
2018-05-14T00:15:00Z,0.462,2.436,0.506,-0.87,2.534
2018-05-14T00:30:00Z,0.462,2.436,0.506,-0.87,2.534
2018-05-14T00:45:00Z,0.462,2.436,0.506,-0.87,2.534
2018-05-14T01:00:00Z,1.142,1.836,0.505,-0.48,3.003
2018-05-14T01:15:00Z,1.142,1.836,0.505,-0.48,3.003
2018-05-14T01:30:00Z,1.142,1.836,0.505,-0.48,3.003
2018-05-14T01:45:00Z,1.142,1.836,0.505,-0.48,3.003
2018-05-14T02:00:00Z,1.312,2.038,0.505,-0.476,3.379
2018-05-14T02:15:00Z,1.312,2.038,0.505,-0.476,3.379
2018-05-14T02:30:00Z,1.312,2.038,0.505,-0.476,3.379
2018-05-14T02:45:00Z,1.312,2.038,0.505,-0.476,3.379
2018-05-14T03:00:00Z,0.948,2.456,0.484,-0.476,3.412
2018-05-14T03:15:00Z,0.948,2.456,0.484,-0.476,3.412
2018-05-14T03:30:00Z,0.948,2.456,0.484,-0.476,3.412
2018-05-14T03:45:00Z,0.948,2.456,0.484,-0.476,3.412
2018-05-14T04:00:00Z,1.421,1.62,0.505,-0.458,3.088
2018-05-14T04:15:00Z,1.421,1.62,0.505,-0.458,3.088
2018-05-14T04:30:00Z,1.421,1.62,0.505,-0.458,3.088
2018-05-14T04:45:00Z,1.421,1.62,0.505,-0.458,3.088
2018-05-14T05:00:00Z,1.266,1.385,0.506,0,3.157
2018-05-14T05:15:00Z,1.266,1.385,0.506,0,3.157
2018-05-14T05:30:00Z,1.266,1.385,0.506,0,3.157
2018-05-14T05:45:00Z,1.266,1.385,0.506,0,3.157
2018-05-14T06:00:00Z,1.269,1.74,0.506,0,3.515
2018-05-14T06:15:00Z,1.269,1.74,0.506,0,3.515
2018-05-14T06:30:00Z,1.269,1.74,0.506,0,3.515
2018-05-14T06:45:00Z,1.269,1.74,0.506,0,3.515
2018-05-14T07:00:00Z,0.77,2.204,0.506,0,3.48
2018-05-14T07:15:00Z,0.77,2.204,0.506,0,3.48
2018-05-14T07:30:00Z,0.77,2.204,0.506,0,3.48
2018-05-14T07:45:00Z,0.77,2.204,0.506,0,3.48
2018-05-14T08:00:00Z,0.368,2.27,0.506,0,3.144
2018-05-14T08:15:00Z,0.368,2.27,0.506,0,3.144
2018-05-14T08:30:00Z,0.368,2.27,0.506,0,3.144
2018-05-14T08:45:00Z,0.368,2.27,0.506,0,3.144
2018-05-14T09:00:00Z,-0.206,2.719,0.506,0,3.02
2018-05-14T09:15:00Z,-0.206,2.719,0.506,0,3.02
2018-05-14T09:30:00Z,-0.206,2.719,0.506,0,3.02
2018-05-14T09:45:00Z,-0.206,2.719,0.506,0,3.02
2018-05-14T10:00:00Z,-0.637,2.582,0.506,0,2.451
2018-05-14T10:15:00Z,-0.637,2.582,0.506,0,2.451
2018-05-14T10:30:00Z,-0.637,2.582,0.506,0,2.451
2018-05-14T10:45:00Z,-0.637,2.582,0.506,0,2.451
2018-05-14T11:00:00Z,-0.851,2.73,0.507,0,2.386
2018-05-14T11:15:00Z,-0.851,2.73,0.507,0,2.386
2018-05-14T11:30:00Z,-0.851,2.73,0.507,0,2.386
2018-05-14T11:45:00Z,-0.851,2.73,0.507,0,2.386
2018-05-14T12:00:00Z,-0.689,2.704,0.506,0,2.522
2018-05-14T12:15:00Z,-0.689,2.704,0.506,0,2.522
2018-05-14T12:30:00Z,-0.689,2.704,0.506,0,2.522
2018-05-14T12:45:00Z,-0.689,2.704,0.506,0,2.522
2018-05-14T13:00:00Z,-0.186,2.648,0.506,0,2.969
2018-05-14T13:15:00Z,-0.186,2.648,0.506,0,2.969
2018-05-14T13:30:00Z,-0.186,2.648,0.506,0,2.969
2018-05-14T13:45:00Z,-0.186,2.648,0.506,0,2.969
2018-05-14T14:00:00Z,0.029,2.857,0.505,0,3.391
2018-05-14T14:15:00Z,0.029,2.857,0.505,0,3.391
2018-05-14T14:30:00Z,0.029,2.857,0.505,0,3.391
2018-05-14T14:45:00Z,0.029,2.857,0.505,0,3.391
2018-05-14T15:00:00Z,0.36,2.966,0.451,0,3.778
2018-05-14T15:15:00Z,0.36,2.966,0.451,0,3.778
2018-05-14T15:30:00Z,0.36,2.966,0.451,0,3.778
2018-05-14T15:45:00Z,0.36,2.966,0.451,0,3.778
2018-05-14T16:00:00Z,0.037,2.59,0.446,0,3.073
2018-05-14T16:15:00Z,0.037,2.59,0.446,0,3.073
2018-05-14T16:30:00Z,0.037,2.59,0.446,0,3.073
2018-05-14T16:45:00Z,0.037,2.59,0.446,0,3.073
2018-05-14T17:00:00Z,0.121,2.593,0.48,0,3.194
2018-05-14T17:15:00Z,0.121,2.593,0.48,0,3.194
2018-05-14T17:30:00Z,0.121,2.593,0.48,0,3.194
2018-05-14T17:45:00Z,0.121,2.593,0.48,0,3.194
2018-05-14T18:00:00Z,0.328,2.32,0.506,0,3.155
2018-05-14T18:15:00Z,0.328,2.32,0.506,0,3.155
2018-05-14T18:30:00Z,0.328,2.32,0.506,0,3.155
2018-05-14T18:45:00Z,0.328,2.32,0.506,0,3.155
2018-05-14T19:00:00Z,0.309,2.825,0.506,0,3.64
2018-05-14T19:15:00Z,0.309,2.825,0.506,0,3.64
2018-05-14T19:30:00Z,0.309,2.825,0.506,0,3.64
2018-05-14T19:45:00Z,0.309,2.825,0.506,0,3.64
2018-05-14T20:00:00Z,-0.172,3.124,0.505,0,3.456
2018-05-14T20:15:00Z,-0.172,3.124,0.505,0,3.456
2018-05-14T20:30:00Z,-0.172,3.124,0.505,0,3.456
2018-05-14T20:45:00Z,-0.172,3.124,0.505,0,3.456
2018-05-14T21:00:00Z,-0.726,3.076,0.506,0,2.856
2018-05-14T21:15:00Z,-0.726,3.076,0.506,0,2.856
2018-05-14T21:30:00Z,-0.726,3.076,0.506,0,2.856
2018-05-14T21:45:00Z,-0.726,3.076,0.506,0,2.856
2018-05-14T22:00:00Z,-0.019,2.706,0.506,0,3.193
2018-05-14T22:15:00Z,-0.019,2.706,0.506,0,3.193
2018-05-14T22:30:00Z,-0.019,2.706,0.506,0,3.193
2018-05-14T22:45:00Z,-0.019,2.706,0.506,0,3.193
2018-05-14T23:00:00Z,0.395,2.467,0.504,0,3.366
2018-05-14T23:15:00Z,0.395,2.467,0.504,0,3.366
2018-05-14T23:30:00Z,0.395,2.467,0.504,0,3.366
2018-05-14T23:45:00Z,0.395,2.467,0.504,0,3.366
2018-05-15T00:00:00Z,0.899,2.482,0.382,0,3.763
2018-05-15T00:15:00Z,0.899,2.482,0.382,0,3.763
2018-05-15T00:30:00Z,0.899,2.482,0.382,0,3.763
2018-05-15T00:45:00Z,0.899,2.482,0.382,0,3.763
2018-05-15T01:00:00Z,1.275,2.732,-0.165,0,3.842
2018-05-15T01:15:00Z,1.275,2.732,-0.165,0,3.842
2018-05-15T01:30:00Z,1.275,2.732,-0.165,0,3.842
2018-05-15T01:45:00Z,1.275,2.732,-0.165,0,3.842
2018-05-15T02:00:00Z,1.212,2.441,0.098,0,3.751
2018-05-15T02:15:00Z,1.212,2.441,0.098,0,3.751
2018-05-15T02:30:00Z,1.212,2.441,0.098,0,3.751
2018-05-15T02:45:00Z,1.212,2.441,0.098,0,3.751
2018-05-15T03:00:00Z,1.1,2.135,0.227,0,3.462
2018-05-15T03:15:00Z,1.1,2.135,0.227,0,3.462
2018-05-15T03:30:00Z,1.1,2.135,0.227,0,3.462
2018-05-15T03:45:00Z,1.1,2.135,0.227,0,3.462
2018-05-15T04:00:00Z,0.858,1.825,0.499,0,3.182
2018-05-15T04:15:00Z,0.858,1.825,0.499,0,3.182
2018-05-15T04:30:00Z,0.858,1.825,0.499,0,3.182
2018-05-15T04:45:00Z,0.858,1.825,0.499,0,3.182
2018-05-15T05:00:00Z,0.935,2.048,0.506,0,3.489
2018-05-15T05:15:00Z,0.935,2.048,0.506,0,3.489
2018-05-15T05:30:00Z,0.935,2.048,0.506,0,3.489
2018-05-15T05:45:00Z,0.935,2.048,0.506,0,3.489
2018-05-15T06:00:00Z,0.776,2.459,0.506,0,3.741
2018-05-15T06:15:00Z,0.776,2.459,0.506,0,3.741
2018-05-15T06:30:00Z,0.776,2.459,0.506,0,3.741
2018-05-15T06:45:00Z,0.776,2.459,0.506,0,3.741
2018-05-15T07:00:00Z,-0.081,3.09,0.506,0,3.515
2018-05-15T07:15:00Z,-0.081,3.09,0.506,0,3.515
2018-05-15T07:30:00Z,-0.081,3.09,0.506,0,3.515
2018-05-15T07:45:00Z,-0.081,3.09,0.506,0,3.515
2018-05-15T08:00:00Z,-0.627,3.548,0.506,0,3.427
2018-05-15T08:15:00Z,-0.627,3.548,0.506,0,3.427
2018-05-15T08:30:00Z,-0.627,3.548,0.506,0,3.427
2018-05-15T08:45:00Z,-0.627,3.548,0.506,0,3.427
2018-05-15T09:00:00Z,-0.643,3.502,0.506,0,3.364
2018-05-15T09:15:00Z,-0.643,3.502,0.506,0,3.364
2018-05-15T09:30:00Z,-0.643,3.502,0.506,0,3.364
2018-05-15T09:45:00Z,-0.643,3.502,0.506,0,3.364
2018-05-15T10:00:00Z,-0.389,3.555,0.506,0,3.672
2018-05-15T10:15:00Z,-0.389,3.555,0.506,0,3.672
2018-05-15T10:30:00Z,-0.389,3.555,0.506,0,3.672
2018-05-15T10:45:00Z,-0.389,3.555,0.506,0,3.672
2018-05-15T11:00:00Z,-0.014,3.558,0.506,0,4.05
2018-05-15T11:15:00Z,-0.014,3.558,0.506,0,4.05
2018-05-15T11:30:00Z,-0.014,3.558,0.506,0,4.05
2018-05-15T11:45:00Z,-0.014,3.558,0.506,0,4.05
2018-05-15T12:00:00Z,0.037,3.598,0.506,0,4.141
2018-05-15T12:15:00Z,0.037,3.598,0.506,0,4.141
2018-05-15T12:30:00Z,0.037,3.598,0.506,0,4.141
2018-05-15T12:45:00Z,0.037,3.598,0.506,0,4.141
2018-05-15T13:00:00Z,0.238,3.541,0.506,0,4.285
2018-05-15T13:15:00Z,0.238,3.541,0.506,0,4.285
2018-05-15T13:30:00Z,0.238,3.541,0.506,0,4.285
2018-05-15T13:45:00Z,0.238,3.541,0.506,0,4.285
2018-05-15T14:00:00Z,0.484,3.449,0.506,0,4.439
2018-05-15T14:15:00Z,0.484,3.449,0.506,0,4.439
2018-05-15T14:30:00Z,0.484,3.449,0.506,0,4.439
2018-05-15T14:45:00Z,0.484,3.449,0.506,0,4.439
2018-05-15T15:00:00Z,0.766,3.36,0.506,0,4.632
2018-05-15T15:15:00Z,0.766,3.36,0.506,0,4.632
2018-05-15T15:30:00Z,0.766,3.36,0.506,0,4.632
2018-05-15T15:45:00Z,0.766,3.36,0.506,0,4.632
2018-05-15T16:00:00Z,0.573,3.178,0.506,0,4.257
2018-05-15T16:15:00Z,0.573,3.178,0.506,0,4.257
2018-05-15T16:30:00Z,0.573,3.178,0.506,0,4.257
2018-05-15T16:45:00Z,0.573,3.178,0.506,0,4.257
2018-05-15T17:00:00Z,0.492,3.341,0.505,0,4.338
2018-05-15T17:15:00Z,0.492,3.341,0.505,0,4.338
2018-05-15T17:30:00Z,0.492,3.341,0.505,0,4.338
2018-05-15T17:45:00Z,0.492,3.341,0.505,0,4.338
2018-05-15T18:00:00Z,0.487,3.282,0.505,0,4.274
2018-05-15T18:15:00Z,0.487,3.282,0.505,0,4.274
2018-05-15T18:30:00Z,0.487,3.282,0.505,0,4.274
2018-05-15T18:45:00Z,0.487,3.282,0.505,0,4.274
2018-05-15T19:00:00Z,0.285,3.69,0.505,0,4.48
2018-05-15T19:15:00Z,0.285,3.69,0.505,0,4.48
2018-05-15T19:30:00Z,0.285,3.69,0.505,0,4.48
2018-05-15T19:45:00Z,0.285,3.69,0.505,0,4.48
2018-05-15T20:00:00Z,-0.202,3.654,0.505,0,3.957
2018-05-15T20:15:00Z,-0.202,3.654,0.505,0,3.957
2018-05-15T20:30:00Z,-0.202,3.654,0.505,0,3.957
2018-05-15T20:45:00Z,-0.202,3.654,0.505,0,3.957
2018-05-15T21:00:00Z,-0.741,3.859,0.505,0,3.622
2018-05-15T21:15:00Z,-0.741,3.859,0.505,0,3.622
2018-05-15T21:30:00Z,-0.741,3.859,0.505,0,3.622
2018-05-15T21:45:00Z,-0.741,3.859,0.505,0,3.622
2018-05-15T22:00:00Z,-0.748,3.64,0.504,0,3.395
2018-05-15T22:15:00Z,-0.748,3.64,0.504,0,3.395
2018-05-15T22:30:00Z,-0.748,3.64,0.504,0,3.395
2018-05-15T22:45:00Z,-0.748,3.64,0.504,0,3.395
2018-05-15T23:00:00Z,-0.184,2.832,0.505,0,3.152
2018-05-15T23:15:00Z,-0.184,2.832,0.505,0,3.152
2018-05-15T23:30:00Z,-0.184,2.832,0.505,0,3.152
2018-05-15T23:45:00Z,-0.184,2.832,0.505,0,3.152
2018-05-16T00:00:00Z,0.204,2.568,0.505,0,3.277
2018-05-16T00:15:00Z,0.204,2.568,0.505,0,3.277
2018-05-16T00:30:00Z,0.204,2.568,0.505,0,3.277
2018-05-16T00:45:00Z,0.204,2.568,0.505,0,3.277
2018-05-16T01:00:00Z,0.602,2.315,0.504,0,3.421
2018-05-16T01:15:00Z,0.602,2.315,0.504,0,3.421
2018-05-16T01:30:00Z,0.602,2.315,0.504,0,3.421
2018-05-16T01:45:00Z,0.602,2.315,0.504,0,3.421
2018-05-16T02:00:00Z,0.699,1.971,0.504,0,3.174
2018-05-16T02:15:00Z,0.699,1.971,0.504,0,3.174
2018-05-16T02:30:00Z,0.699,1.971,0.504,0,3.174
2018-05-16T02:45:00Z,0.699,1.971,0.504,0,3.174
2018-05-16T03:00:00Z,0.43,1.981,0.505,0,2.916
2018-05-16T03:15:00Z,0.43,1.981,0.505,0,2.916
2018-05-16T03:30:00Z,0.43,1.981,0.505,0,2.916
2018-05-16T03:45:00Z,0.43,1.981,0.505,0,2.916
2018-05-16T04:00:00Z,0.353,1.954,0.504,0,2.811
2018-05-16T04:15:00Z,0.353,1.954,0.504,0,2.811
2018-05-16T04:30:00Z,0.353,1.954,0.504,0,2.811
2018-05-16T04:45:00Z,0.353,1.954,0.504,0,2.811
2018-05-16T05:00:00Z,0.184,1.855,0.504,0,2.543
2018-05-16T05:15:00Z,0.184,1.855,0.504,0,2.543
2018-05-16T05:30:00Z,0.184,1.855,0.504,0,2.543
2018-05-16T05:45:00Z,0.184,1.855,0.504,0,2.543
2018-05-16T06:00:00Z,0.257,1.865,0.504,0,2.626
2018-05-16T06:15:00Z,0.257,1.865,0.504,0,2.626
2018-05-16T06:30:00Z,0.257,1.865,0.504,0,2.626
2018-05-16T06:45:00Z,0.257,1.865,0.504,0,2.626
2018-05-16T07:00:00Z,-0.262,2.461,0.504,0,2.703
2018-05-16T07:15:00Z,-0.262,2.461,0.504,0,2.703
2018-05-16T07:30:00Z,-0.262,2.461,0.504,0,2.703
2018-05-16T07:45:00Z,-0.262,2.461,0.504,0,2.703
2018-05-16T08:00:00Z,-0.51,2.528,0.504,0,2.521
2018-05-16T08:15:00Z,-0.51,2.528,0.504,0,2.521
2018-05-16T08:30:00Z,-0.51,2.528,0.504,0,2.521
2018-05-16T08:45:00Z,-0.51,2.528,0.504,0,2.521
2018-05-16T09:00:00Z,-0.287,2.172,0.504,0,2.389
2018-05-16T09:15:00Z,-0.287,2.172,0.504,0,2.389
2018-05-16T09:30:00Z,-0.287,2.172,0.504,0,2.389
2018-05-16T09:45:00Z,-0.287,2.172,0.504,0,2.389
2018-05-16T10:00:00Z,-0.781,2.563,0.504,0,2.287
2018-05-16T10:15:00Z,-0.781,2.563,0.504,0,2.287
2018-05-16T10:30:00Z,-0.781,2.563,0.504,0,2.287
2018-05-16T10:45:00Z,-0.781,2.563,0.504,0,2.287
2018-05-16T11:00:00Z,-1.084,2.66,0.504,0,2.08
2018-05-16T11:15:00Z,-1.084,2.66,0.504,0,2.08
2018-05-16T11:30:00Z,-1.084,2.66,0.504,0,2.08
2018-05-16T11:45:00Z,-1.084,2.66,0.504,0,2.08
2018-05-16T12:00:00Z,-0.506,2.364,0.505,0,2.362
2018-05-16T12:15:00Z,-0.506,2.364,0.505,0,2.362
2018-05-16T12:30:00Z,-0.506,2.364,0.505,0,2.362
2018-05-16T12:45:00Z,-0.506,2.364,0.505,0,2.362
2018-05-16T13:00:00Z,-0.075,2.026,0.495,0,2.446
2018-05-16T13:15:00Z,-0.075,2.026,0.495,0,2.446
2018-05-16T13:30:00Z,-0.075,2.026,0.495,0,2.446
2018-05-16T13:45:00Z,-0.075,2.026,0.495,0,2.446
2018-05-16T14:00:00Z,-0.284,2.105,0.504,0,2.325
2018-05-16T14:15:00Z,-0.284,2.105,0.504,0,2.325
2018-05-16T14:30:00Z,-0.284,2.105,0.504,0,2.325
2018-05-16T14:45:00Z,-0.284,2.105,0.504,0,2.325
2018-05-16T15:00:00Z,-0.459,2.532,0.508,0,2.58
2018-05-16T15:15:00Z,-0.459,2.532,0.508,0,2.58
2018-05-16T15:30:00Z,-0.459,2.532,0.508,0,2.58
2018-05-16T15:45:00Z,-0.459,2.532,0.508,0,2.58
2018-05-16T16:00:00Z,-0.486,1.766,0.701,0,1.981
2018-05-16T16:15:00Z,-0.486,1.766,0.701,0,1.981
2018-05-16T16:30:00Z,-0.486,1.766,0.701,0,1.981
2018-05-16T16:45:00Z,-0.486,1.766,0.701,0,1.981
2018-05-16T17:00:00Z,-0.389,1.712,0.706,0,2.029
2018-05-16T17:15:00Z,-0.389,1.712,0.706,0,2.029
2018-05-16T17:30:00Z,-0.389,1.712,0.706,0,2.029
2018-05-16T17:45:00Z,-0.389,1.712,0.706,0,2.029
2018-05-16T18:00:00Z,-0.381,1.913,0.706,0,2.238
2018-05-16T18:15:00Z,-0.381,1.913,0.706,0,2.238
2018-05-16T18:30:00Z,-0.381,1.913,0.706,0,2.238
2018-05-16T18:45:00Z,-0.381,1.913,0.706,0,2.238
2018-05-16T19:00:00Z,-0.553,2.349,0.706,0,2.502
2018-05-16T19:15:00Z,-0.553,2.349,0.706,0,2.502
2018-05-16T19:30:00Z,-0.553,2.349,0.706,0,2.502
2018-05-16T19:45:00Z,-0.553,2.349,0.706,0,2.502
2018-05-16T20:00:00Z,-0.823,2.885,0.706,-0.015,2.753
2018-05-16T20:15:00Z,-0.823,2.885,0.706,-0.015,2.753
2018-05-16T20:30:00Z,-0.823,2.885,0.706,-0.015,2.753
2018-05-16T20:45:00Z,-0.823,2.885,0.706,-0.015,2.753
2018-05-16T21:00:00Z,-1.305,3.377,0.706,-0.495,2.283
2018-05-16T21:15:00Z,-1.305,3.377,0.706,-0.495,2.283
2018-05-16T21:30:00Z,-1.305,3.377,0.706,-0.495,2.283
2018-05-16T21:45:00Z,-1.305,3.377,0.706,-0.495,2.283
2018-05-16T22:00:00Z,-0.806,3.154,0.706,-0.515,2.539
2018-05-16T22:15:00Z,-0.806,3.154,0.706,-0.515,2.539
2018-05-16T22:30:00Z,-0.806,3.154,0.706,-0.515,2.539
2018-05-16T22:45:00Z,-0.806,3.154,0.706,-0.515,2.539
2018-05-16T23:00:00Z,-0.137,2.753,0.706,-0.516,2.807
2018-05-16T23:15:00Z,-0.137,2.753,0.706,-0.516,2.807
2018-05-16T23:30:00Z,-0.137,2.753,0.706,-0.516,2.807
2018-05-16T23:45:00Z,-0.137,2.753,0.706,-0.516,2.807
2018-05-17T00:00:00Z,-0.011,2.492,0.706,-0.515,2.672
2018-05-17T00:15:00Z,-0.011,2.492,0.706,-0.515,2.672
2018-05-17T00:30:00Z,-0.011,2.492,0.706,-0.515,2.672
2018-05-17T00:45:00Z,-0.011,2.492,0.706,-0.515,2.672
2018-05-17T01:00:00Z,-0.078,2.397,0.706,-0.516,2.509
2018-05-17T01:15:00Z,-0.078,2.397,0.706,-0.516,2.509
2018-05-17T01:30:00Z,-0.078,2.397,0.706,-0.516,2.509
2018-05-17T01:45:00Z,-0.078,2.397,0.706,-0.516,2.509
2018-05-17T02:00:00Z,-0.101,2.573,0.706,-0.296,2.882
2018-05-17T02:15:00Z,-0.101,2.573,0.706,-0.296,2.882
2018-05-17T02:30:00Z,-0.101,2.573,0.706,-0.296,2.882
2018-05-17T02:45:00Z,-0.101,2.573,0.706,-0.296,2.882
2018-05-17T03:00:00Z,-0.181,2.763,0.706,-0.815,2.473
2018-05-17T03:15:00Z,-0.181,2.763,0.706,-0.815,2.473
2018-05-17T03:30:00Z,-0.181,2.763,0.706,-0.815,2.473
2018-05-17T03:45:00Z,-0.181,2.763,0.706,-0.815,2.473
2018-05-17T04:00:00Z,-0.476,2.828,0.706,-0.824,2.234
2018-05-17T04:15:00Z,-0.476,2.828,0.706,-0.824,2.234
2018-05-17T04:30:00Z,-0.476,2.828,0.706,-0.824,2.234
2018-05-17T04:45:00Z,-0.476,2.828,0.706,-0.824,2.234
2018-05-17T05:00:00Z,-1.17,2.85,0.706,-0.622,1.765
2018-05-17T05:15:00Z,-1.17,2.85,0.706,-0.622,1.765
2018-05-17T05:30:00Z,-1.17,2.85,0.706,-0.622,1.765
2018-05-17T05:45:00Z,-1.17,2.85,0.706,-0.622,1.765
2018-05-17T06:00:00Z,-1.292,3.094,0.706,-0.633,1.875
2018-05-17T06:15:00Z,-1.292,3.094,0.706,-0.633,1.875
2018-05-17T06:30:00Z,-1.292,3.094,0.706,-0.633,1.875
2018-05-17T06:45:00Z,-1.292,3.094,0.706,-0.633,1.875
2018-05-17T07:00:00Z,-1.484,3.51,0.706,-0.704,2.029
2018-05-17T07:15:00Z,-1.484,3.51,0.706,-0.704,2.029
2018-05-17T07:30:00Z,-1.484,3.51,0.706,-0.704,2.029
2018-05-17T07:45:00Z,-1.484,3.51,0.706,-0.704,2.029
2018-05-17T08:00:00Z,-1.467,3.094,0.706,-0.746,1.587
2018-05-17T08:15:00Z,-1.467,3.094,0.706,-0.746,1.587
2018-05-17T08:30:00Z,-1.467,3.094,0.706,-0.746,1.587
2018-05-17T08:45:00Z,-1.467,3.094,0.706,-0.746,1.587
2018-05-17T09:00:00Z,-1.774,3,0.706,-0.699,1.233
2018-05-17T09:15:00Z,-1.774,3,0.706,-0.699,1.233
2018-05-17T09:30:00Z,-1.774,3,0.706,-0.699,1.233
2018-05-17T09:45:00Z,-1.774,3,0.706,-0.699,1.233
2018-05-17T10:00:00Z,-1.523,3.075,0.706,-1.022,1.235
2018-05-17T10:15:00Z,-1.523,3.075,0.706,-1.022,1.235
2018-05-17T10:30:00Z,-1.523,3.075,0.706,-1.022,1.235
2018-05-17T10:45:00Z,-1.523,3.075,0.706,-1.022,1.235
2018-05-17T11:00:00Z,-1.315,2.947,0.706,-1.025,1.312
2018-05-17T11:15:00Z,-1.315,2.947,0.706,-1.025,1.312
2018-05-17T11:30:00Z,-1.315,2.947,0.706,-1.025,1.312
2018-05-17T11:45:00Z,-1.315,2.947,0.706,-1.025,1.312
2018-05-17T12:00:00Z,-1.017,2.594,0.704,-1.025,1.256
2018-05-17T12:15:00Z,-1.017,2.594,0.704,-1.025,1.256
2018-05-17T12:30:00Z,-1.017,2.594,0.704,-1.025,1.256
2018-05-17T12:45:00Z,-1.017,2.594,0.704,-1.025,1.256
2018-05-17T13:00:00Z,-0.805,2.537,0.612,-1.025,1.319
2018-05-17T13:15:00Z,-0.805,2.537,0.612,-1.025,1.319
2018-05-17T13:30:00Z,-0.805,2.537,0.612,-1.025,1.319
2018-05-17T13:45:00Z,-0.805,2.537,0.612,-1.025,1.319
2018-05-17T14:00:00Z,-0.649,2.503,0.704,-0.994,1.564
2018-05-17T14:15:00Z,-0.649,2.503,0.704,-0.994,1.564
2018-05-17T14:30:00Z,-0.649,2.503,0.704,-0.994,1.564
2018-05-17T14:45:00Z,-0.649,2.503,0.704,-0.994,1.564
2018-05-17T15:00:00Z,-0.591,3.038,0.706,-1.025,2.128
2018-05-17T15:15:00Z,-0.591,3.038,0.706,-1.025,2.128
2018-05-17T15:30:00Z,-0.591,3.038,0.706,-1.025,2.128
2018-05-17T15:45:00Z,-0.591,3.038,0.706,-1.025,2.128
2018-05-17T16:00:00Z,-0.949,3.529,0.706,-1.025,2.261
2018-05-17T16:15:00Z,-0.949,3.529,0.706,-1.025,2.261
2018-05-17T16:30:00Z,-0.949,3.529,0.706,-1.025,2.261
2018-05-17T16:45:00Z,-0.949,3.529,0.706,-1.025,2.261
2018-05-17T17:00:00Z,-0.629,3.288,0.706,-1.025,2.341
2018-05-17T17:15:00Z,-0.629,3.288,0.706,-1.025,2.341
2018-05-17T17:30:00Z,-0.629,3.288,0.706,-1.025,2.341
2018-05-17T17:45:00Z,-0.629,3.288,0.706,-1.025,2.341
2018-05-17T18:00:00Z,-0.508,3.268,0.706,-1.025,2.441
2018-05-17T18:15:00Z,-0.508,3.268,0.706,-1.025,2.441
2018-05-17T18:30:00Z,-0.508,3.268,0.706,-1.025,2.441
2018-05-17T18:45:00Z,-0.508,3.268,0.706,-1.025,2.441
2018-05-17T19:00:00Z,-0.402,3.47,0.706,-1.025,2.749
2018-05-17T19:15:00Z,-0.402,3.47,0.706,-1.025,2.749
2018-05-17T19:30:00Z,-0.402,3.47,0.706,-1.025,2.749
2018-05-17T19:45:00Z,-0.402,3.47,0.706,-1.025,2.749
2018-05-17T20:00:00Z,-1.054,4.05,0.706,-1.025,2.677
2018-05-17T20:15:00Z,-1.054,4.05,0.706,-1.025,2.677
2018-05-17T20:30:00Z,-1.054,4.05,0.706,-1.025,2.677
2018-05-17T20:45:00Z,-1.054,4.05,0.706,-1.025,2.677
2018-05-17T21:00:00Z,-1.178,4.083,0.706,-1.025,2.585
2018-05-17T21:15:00Z,-1.178,4.083,0.706,-1.025,2.585
2018-05-17T21:30:00Z,-1.178,4.083,0.706,-1.025,2.585
2018-05-17T21:45:00Z,-1.178,4.083,0.706,-1.025,2.585
2018-05-17T22:00:00Z,-0.475,3.984,0.706,-1.025,3.19
2018-05-17T22:15:00Z,-0.475,3.984,0.706,-1.025,3.19
2018-05-17T22:30:00Z,-0.475,3.984,0.706,-1.025,3.19
2018-05-17T22:45:00Z,-0.475,3.984,0.706,-1.025,3.19
2018-05-17T23:00:00Z,-0.169,3.117,0.706,-0.924,2.73
2018-05-17T23:15:00Z,-0.169,3.117,0.706,-0.924,2.73
2018-05-17T23:30:00Z,-0.169,3.117,0.706,-0.924,2.73
2018-05-17T23:45:00Z,-0.169,3.117,0.706,-0.924,2.73
2018-05-18T00:00:00Z,0.301,2.817,0.706,-0.974,2.85
2018-05-18T00:15:00Z,0.301,2.817,0.706,-0.974,2.85
2018-05-18T00:30:00Z,0.301,2.817,0.706,-0.974,2.85
2018-05-18T00:45:00Z,0.301,2.817,0.706,-0.974,2.85
2018-05-18T01:00:00Z,0.766,2.789,0.706,-0.974,3.287
2018-05-18T01:15:00Z,0.766,2.789,0.706,-0.974,3.287
2018-05-18T01:30:00Z,0.766,2.789,0.706,-0.974,3.287
2018-05-18T01:45:00Z,0.766,2.789,0.706,-0.974,3.287
2018-05-18T02:00:00Z,0.965,2.679,0.706,-0.972,3.378
2018-05-18T02:15:00Z,0.965,2.679,0.706,-0.972,3.378
2018-05-18T02:30:00Z,0.965,2.679,0.706,-0.972,3.378
2018-05-18T02:45:00Z,0.965,2.679,0.706,-0.972,3.378
2018-05-18T03:00:00Z,0.717,2.364,0.706,-0.629,3.158
2018-05-18T03:15:00Z,0.717,2.364,0.706,-0.629,3.158
2018-05-18T03:30:00Z,0.717,2.364,0.706,-0.629,3.158
2018-05-18T03:45:00Z,0.717,2.364,0.706,-0.629,3.158
2018-05-18T04:00:00Z,0.674,2.479,0.706,-0.527,3.332
2018-05-18T04:15:00Z,0.674,2.479,0.706,-0.527,3.332
2018-05-18T04:30:00Z,0.674,2.479,0.706,-0.527,3.332
2018-05-18T04:45:00Z,0.674,2.479,0.706,-0.527,3.332
2018-05-18T05:00:00Z,0.648,2.992,0.706,-0.889,3.457
2018-05-18T05:15:00Z,0.648,2.992,0.706,-0.889,3.457
2018-05-18T05:30:00Z,0.648,2.992,0.706,-0.889,3.457
2018-05-18T05:45:00Z,0.648,2.992,0.706,-0.889,3.457
2018-05-18T06:00:00Z,0.43,2.97,0.706,-0.732,3.374
2018-05-18T06:15:00Z,0.43,2.97,0.706,-0.732,3.374
2018-05-18T06:30:00Z,0.43,2.97,0.706,-0.732,3.374
2018-05-18T06:45:00Z,0.43,2.97,0.706,-0.732,3.374
2018-05-18T07:00:00Z,0.19,3.119,0.706,-0.884,3.131
2018-05-18T07:15:00Z,0.19,3.119,0.706,-0.884,3.131
2018-05-18T07:30:00Z,0.19,3.119,0.706,-0.884,3.131
2018-05-18T07:45:00Z,0.19,3.119,0.706,-0.884,3.131
2018-05-18T08:00:00Z,0.497,2.505,0.706,-0.61,3.098
2018-05-18T08:15:00Z,0.497,2.505,0.706,-0.61,3.098
2018-05-18T08:30:00Z,0.497,2.505,0.706,-0.61,3.098
2018-05-18T08:45:00Z,0.497,2.505,0.706,-0.61,3.098
2018-05-18T09:00:00Z,0.221,2.727,0.706,-0.58,3.074
2018-05-18T09:15:00Z,0.221,2.727,0.706,-0.58,3.074
2018-05-18T09:30:00Z,0.221,2.727,0.706,-0.58,3.074
2018-05-18T09:45:00Z,0.221,2.727,0.706,-0.58,3.074
2018-05-18T10:00:00Z,0.374,3.216,0.706,-0.935,3.361
2018-05-18T10:15:00Z,0.374,3.216,0.706,-0.935,3.361
2018-05-18T10:30:00Z,0.374,3.216,0.706,-0.935,3.361
2018-05-18T10:45:00Z,0.374,3.216,0.706,-0.935,3.361
2018-05-18T11:00:00Z,0.771,3.156,0.706,-0.918,3.715
2018-05-18T11:15:00Z,0.771,3.156,0.706,-0.918,3.715
2018-05-18T11:30:00Z,0.771,3.156,0.706,-0.918,3.715
2018-05-18T11:45:00Z,0.771,3.156,0.706,-0.918,3.715
2018-05-18T12:00:00Z,1.127,2.931,0.706,-0.994,3.77
2018-05-18T12:15:00Z,1.127,2.931,0.706,-0.994,3.77
2018-05-18T12:30:00Z,1.127,2.931,0.706,-0.994,3.77
2018-05-18T12:45:00Z,1.127,2.931,0.706,-0.994,3.77
2018-05-18T13:00:00Z,1.199,2.951,0.706,-0.994,3.862
2018-05-18T13:15:00Z,1.199,2.951,0.706,-0.994,3.862
2018-05-18T13:30:00Z,1.199,2.951,0.706,-0.994,3.862
2018-05-18T13:45:00Z,1.199,2.951,0.706,-0.994,3.862
2018-05-18T14:00:00Z,1.648,2.779,0.647,-1.025,4.049
2018-05-18T14:15:00Z,1.648,2.779,0.647,-1.025,4.049
2018-05-18T14:30:00Z,1.648,2.779,0.647,-1.025,4.049
2018-05-18T14:45:00Z,1.648,2.779,0.647,-1.025,4.049
2018-05-18T15:00:00Z,1.832,2.433,0.701,-1.025,3.941
2018-05-18T15:15:00Z,1.832,2.433,0.701,-1.025,3.941
2018-05-18T15:30:00Z,1.832,2.433,0.701,-1.025,3.941
2018-05-18T15:45:00Z,1.832,2.433,0.701,-1.025,3.941
2018-05-18T16:00:00Z,1.676,2.329,0.704,-1.025,3.684
2018-05-18T16:15:00Z,1.676,2.329,0.704,-1.025,3.684
2018-05-18T16:30:00Z,1.676,2.329,0.704,-1.025,3.684
2018-05-18T16:45:00Z,1.676,2.329,0.704,-1.025,3.684
2018-05-18T17:00:00Z,1.521,2.462,0.705,-1.025,3.663
2018-05-18T17:15:00Z,1.521,2.462,0.705,-1.025,3.663
2018-05-18T17:30:00Z,1.521,2.462,0.705,-1.025,3.663
2018-05-18T17:45:00Z,1.521,2.462,0.705,-1.025,3.663
2018-05-18T18:00:00Z,1.689,2.33,0.704,-1.025,3.698
2018-05-18T18:15:00Z,1.689,2.33,0.704,-1.025,3.698
2018-05-18T18:30:00Z,1.689,2.33,0.704,-1.025,3.698
2018-05-18T18:45:00Z,1.689,2.33,0.704,-1.025,3.698
2018-05-18T19:00:00Z,1.603,2.739,0.705,-1.025,4.022
2018-05-18T19:15:00Z,1.603,2.739,0.705,-1.025,4.022
2018-05-18T19:30:00Z,1.603,2.739,0.705,-1.025,4.022
2018-05-18T19:45:00Z,1.603,2.739,0.705,-1.025,4.022
2018-05-18T20:00:00Z,1.27,3.015,0.705,-1.025,3.965
2018-05-18T20:15:00Z,1.27,3.015,0.705,-1.025,3.965
2018-05-18T20:30:00Z,1.27,3.015,0.705,-1.025,3.965
2018-05-18T20:45:00Z,1.27,3.015,0.705,-1.025,3.965
2018-05-18T21:00:00Z,1.164,2.884,0.705,-0.921,3.832
2018-05-18T21:15:00Z,1.164,2.884,0.705,-0.921,3.832
2018-05-18T21:30:00Z,1.164,2.884,0.705,-0.921,3.832
2018-05-18T21:45:00Z,1.164,2.884,0.705,-0.921,3.832
2018-05-18T22:00:00Z,0.869,2.468,0.704,-0.347,3.694
2018-05-18T22:15:00Z,0.869,2.468,0.704,-0.347,3.694
2018-05-18T22:30:00Z,0.869,2.468,0.704,-0.347,3.694
2018-05-18T22:45:00Z,0.869,2.468,0.704,-0.347,3.694
2018-05-18T23:00:00Z,1.516,2.59,0.705,-0.819,3.992
2018-05-18T23:15:00Z,1.516,2.59,0.705,-0.819,3.992
2018-05-18T23:30:00Z,1.516,2.59,0.705,-0.819,3.992
2018-05-18T23:45:00Z,1.516,2.59,0.705,-0.819,3.992
2018-05-19T00:00:00Z,1.556,2.684,0.704,-0.825,4.119
2018-05-19T00:15:00Z,1.556,2.684,0.704,-0.825,4.119
2018-05-19T00:30:00Z,1.556,2.684,0.704,-0.825,4.119
2018-05-19T00:45:00Z,1.556,2.684,0.704,-0.825,4.119
2018-05-19T01:00:00Z,1.431,2.791,0.704,-0.825,4.101
2018-05-19T01:15:00Z,1.431,2.791,0.704,-0.825,4.101
2018-05-19T01:30:00Z,1.431,2.791,0.704,-0.825,4.101
2018-05-19T01:45:00Z,1.431,2.791,0.704,-0.825,4.101
2018-05-19T02:00:00Z,1.432,2.707,0.704,-0.825,4.018
2018-05-19T02:15:00Z,1.432,2.707,0.704,-0.825,4.018
2018-05-19T02:30:00Z,1.432,2.707,0.704,-0.825,4.018
2018-05-19T02:45:00Z,1.432,2.707,0.704,-0.825,4.018
2018-05-19T03:00:00Z,1.31,2.831,0.704,-0.825,4.02
2018-05-19T03:15:00Z,1.31,2.831,0.704,-0.825,4.02
2018-05-19T03:30:00Z,1.31,2.831,0.704,-0.825,4.02
2018-05-19T03:45:00Z,1.31,2.831,0.704,-0.825,4.02
2018-05-19T04:00:00Z,1.296,2.869,0.705,-0.825,4.045
2018-05-19T04:15:00Z,1.296,2.869,0.705,-0.825,4.045
2018-05-19T04:30:00Z,1.296,2.869,0.705,-0.825,4.045
2018-05-19T04:45:00Z,1.296,2.869,0.705,-0.825,4.045
2018-05-19T05:00:00Z,1.263,2.683,0.704,-0.924,3.726
2018-05-19T05:15:00Z,1.263,2.683,0.704,-0.924,3.726
2018-05-19T05:30:00Z,1.263,2.683,0.704,-0.924,3.726
2018-05-19T05:45:00Z,1.263,2.683,0.704,-0.924,3.726
2018-05-19T06:00:00Z,1.35,2.686,0.685,-0.943,3.778
2018-05-19T06:15:00Z,1.35,2.686,0.685,-0.943,3.778
2018-05-19T06:30:00Z,1.35,2.686,0.685,-0.943,3.778
2018-05-19T06:45:00Z,1.35,2.686,0.685,-0.943,3.778
2018-05-19T07:00:00Z,1.401,2.838,0.197,-0.001,4.435
2018-05-19T07:15:00Z,1.401,2.838,0.197,-0.001,4.435
2018-05-19T07:30:00Z,1.401,2.838,0.197,-0.001,4.435
2018-05-19T07:45:00Z,1.401,2.838,0.197,-0.001,4.435
2018-05-19T08:00:00Z,1.76,2.33,0.568,-0.001,4.657
2018-05-19T08:15:00Z,1.76,2.33,0.568,-0.001,4.657
2018-05-19T08:30:00Z,1.76,2.33,0.568,-0.001,4.657
2018-05-19T08:45:00Z,1.76,2.33,0.568,-0.001,4.657
2018-05-19T09:00:00Z,1.722,2.411,0.533,0.381,5.047
2018-05-19T09:15:00Z,1.722,2.411,0.533,0.381,5.047
2018-05-19T09:30:00Z,1.722,2.411,0.533,0.381,5.047
2018-05-19T09:45:00Z,1.722,2.411,0.533,0.381,5.047
2018-05-19T10:00:00Z,1.585,2.674,0.405,0.432,5.096
2018-05-19T10:15:00Z,1.585,2.674,0.405,0.432,5.096
2018-05-19T10:30:00Z,1.585,2.674,0.405,0.432,5.096
2018-05-19T10:45:00Z,1.585,2.674,0.405,0.432,5.096
2018-05-19T11:00:00Z,1.662,2.577,0.412,0.334,4.985
2018-05-19T11:15:00Z,1.662,2.577,0.412,0.334,4.985
2018-05-19T11:30:00Z,1.662,2.577,0.412,0.334,4.985
2018-05-19T11:45:00Z,1.662,2.577,0.412,0.334,4.985
2018-05-19T12:00:00Z,1.693,2.457,0.468,0.376,4.994
2018-05-19T12:15:00Z,1.693,2.457,0.468,0.376,4.994
2018-05-19T12:30:00Z,1.693,2.457,0.468,0.376,4.994
2018-05-19T12:45:00Z,1.693,2.457,0.468,0.376,4.994
2018-05-19T13:00:00Z,1.737,2.423,0.43,0.376,4.966
2018-05-19T13:15:00Z,1.737,2.423,0.43,0.376,4.966
2018-05-19T13:30:00Z,1.737,2.423,0.43,0.376,4.966
2018-05-19T13:45:00Z,1.737,2.423,0.43,0.376,4.966
2018-05-19T14:00:00Z,1.442,2.329,0.48,0.448,4.699
2018-05-19T14:15:00Z,1.442,2.329,0.48,0.448,4.699
2018-05-19T14:30:00Z,1.442,2.329,0.48,0.448,4.699
2018-05-19T14:45:00Z,1.442,2.329,0.48,0.448,4.699
2018-05-19T15:00:00Z,1.354,2.135,0.623,0.591,4.703
2018-05-19T15:15:00Z,1.354,2.135,0.623,0.591,4.703
2018-05-19T15:30:00Z,1.354,2.135,0.623,0.591,4.703
2018-05-19T15:45:00Z,1.354,2.135,0.623,0.591,4.703
2018-05-19T16:00:00Z,1.535,2.634,0.705,-0.684,4.19
2018-05-19T16:15:00Z,1.535,2.634,0.705,-0.684,4.19
2018-05-19T16:30:00Z,1.535,2.634,0.705,-0.684,4.19
2018-05-19T16:45:00Z,1.535,2.634,0.705,-0.684,4.19
2018-05-19T17:00:00Z,1.509,2.612,0.706,-1.022,3.805
2018-05-19T17:15:00Z,1.509,2.612,0.706,-1.022,3.805
2018-05-19T17:30:00Z,1.509,2.612,0.706,-1.022,3.805
2018-05-19T17:45:00Z,1.509,2.612,0.706,-1.022,3.805
2018-05-19T18:00:00Z,1.456,2.514,0.706,-1.025,3.651
2018-05-19T18:15:00Z,1.456,2.514,0.706,-1.025,3.651
2018-05-19T18:30:00Z,1.456,2.514,0.706,-1.025,3.651
2018-05-19T18:45:00Z,1.456,2.514,0.706,-1.025,3.651
2018-05-19T19:00:00Z,1.654,2.394,0.706,-0.881,3.873
2018-05-19T19:15:00Z,1.654,2.394,0.706,-0.881,3.873
2018-05-19T19:30:00Z,1.654,2.394,0.706,-0.881,3.873
2018-05-19T19:45:00Z,1.654,2.394,0.706,-0.881,3.873
2018-05-19T20:00:00Z,0.961,2.84,0.706,-0.517,3.99
2018-05-19T20:15:00Z,0.961,2.84,0.706,-0.517,3.99
2018-05-19T20:30:00Z,0.961,2.84,0.706,-0.517,3.99
2018-05-19T20:45:00Z,0.961,2.84,0.706,-0.517,3.99
2018-05-19T21:00:00Z,0.626,3.065,0.705,-0.517,3.879
2018-05-19T21:15:00Z,0.626,3.065,0.705,-0.517,3.879
2018-05-19T21:30:00Z,0.626,3.065,0.705,-0.517,3.879
2018-05-19T21:45:00Z,0.626,3.065,0.705,-0.517,3.879
2018-05-19T22:00:00Z,0.606,3.143,0.689,-0.517,3.921
2018-05-19T22:15:00Z,0.606,3.143,0.689,-0.517,3.921
2018-05-19T22:30:00Z,0.606,3.143,0.689,-0.517,3.921
2018-05-19T22:45:00Z,0.606,3.143,0.689,-0.517,3.921
2018-05-19T23:00:00Z,1.304,2.823,0.704,-0.517,4.314
2018-05-19T23:15:00Z,1.304,2.823,0.704,-0.517,4.314
2018-05-19T23:30:00Z,1.304,2.823,0.704,-0.517,4.314
2018-05-19T23:45:00Z,1.304,2.823,0.704,-0.517,4.314
2018-05-20T00:00:00Z,1.57,2.65,0.704,-0.517,4.407
2018-05-20T00:15:00Z,1.57,2.65,0.704,-0.517,4.407
2018-05-20T00:30:00Z,1.57,2.65,0.704,-0.517,4.407
2018-05-20T00:45:00Z,1.57,2.65,0.704,-0.517,4.407
2018-05-20T01:00:00Z,1.418,2.816,0.67,-0.517,4.387
2018-05-20T01:15:00Z,1.418,2.816,0.67,-0.517,4.387
2018-05-20T01:30:00Z,1.418,2.816,0.67,-0.517,4.387
2018-05-20T01:45:00Z,1.418,2.816,0.67,-0.517,4.387
2018-05-20T02:00:00Z,1.374,2.715,0.705,-0.267,4.527
2018-05-20T02:15:00Z,1.374,2.715,0.705,-0.267,4.527
2018-05-20T02:30:00Z,1.374,2.715,0.705,-0.267,4.527
2018-05-20T02:45:00Z,1.374,2.715,0.705,-0.267,4.527
2018-05-20T03:00:00Z,1.939,2.24,0.705,-0.671,4.213
2018-05-20T03:15:00Z,1.939,2.24,0.705,-0.671,4.213
2018-05-20T03:30:00Z,1.939,2.24,0.705,-0.671,4.213
2018-05-20T03:45:00Z,1.939,2.24,0.705,-0.671,4.213
2018-05-20T04:00:00Z,1.896,2.041,0.662,-0.675,3.924
2018-05-20T04:15:00Z,1.896,2.041,0.662,-0.675,3.924
2018-05-20T04:30:00Z,1.896,2.041,0.662,-0.675,3.924
2018-05-20T04:45:00Z,1.896,2.041,0.662,-0.675,3.924
2018-05-20T05:00:00Z,1.696,2.042,0.667,-0.675,3.73
2018-05-20T05:15:00Z,1.696,2.042,0.667,-0.675,3.73
2018-05-20T05:30:00Z,1.696,2.042,0.667,-0.675,3.73
2018-05-20T05:45:00Z,1.696,2.042,0.667,-0.675,3.73
2018-05-20T06:00:00Z,1.438,2.055,0.67,-0.675,3.488
2018-05-20T06:15:00Z,1.438,2.055,0.67,-0.675,3.488
2018-05-20T06:30:00Z,1.438,2.055,0.67,-0.675,3.488
2018-05-20T06:45:00Z,1.438,2.055,0.67,-0.675,3.488
2018-05-20T07:00:00Z,1.172,2.433,0.686,-0.774,3.517
2018-05-20T07:15:00Z,1.172,2.433,0.686,-0.774,3.517
2018-05-20T07:30:00Z,1.172,2.433,0.686,-0.774,3.517
2018-05-20T07:45:00Z,1.172,2.433,0.686,-0.774,3.517
2018-05-20T08:00:00Z,1.045,3.052,0.563,-0.824,3.836
2018-05-20T08:15:00Z,1.045,3.052,0.563,-0.824,3.836
2018-05-20T08:30:00Z,1.045,3.052,0.563,-0.824,3.836
2018-05-20T08:45:00Z,1.045,3.052,0.563,-0.824,3.836
2018-05-20T09:00:00Z,0.93,3.308,0.383,-0.624,3.997
2018-05-20T09:15:00Z,0.93,3.308,0.383,-0.624,3.997
2018-05-20T09:30:00Z,0.93,3.308,0.383,-0.624,3.997
2018-05-20T09:45:00Z,0.93,3.308,0.383,-0.624,3.997
2018-05-20T10:00:00Z,0.471,3.713,0.312,-0.623,3.873
2018-05-20T10:15:00Z,0.471,3.713,0.312,-0.623,3.873
2018-05-20T10:30:00Z,0.471,3.713,0.312,-0.623,3.873
2018-05-20T10:45:00Z,0.471,3.713,0.312,-0.623,3.873
2018-05-20T11:00:00Z,0.435,3.688,0.207,-0.623,3.707
2018-05-20T11:15:00Z,0.435,3.688,0.207,-0.623,3.707
2018-05-20T11:30:00Z,0.435,3.688,0.207,-0.623,3.707
2018-05-20T11:45:00Z,0.435,3.688,0.207,-0.623,3.707
2018-05-20T12:00:00Z,0.493,3.579,0.325,-0.623,3.774
2018-05-20T12:15:00Z,0.493,3.579,0.325,-0.623,3.774
2018-05-20T12:30:00Z,0.493,3.579,0.325,-0.623,3.774
2018-05-20T12:45:00Z,0.493,3.579,0.325,-0.623,3.774
2018-05-20T13:00:00Z,0.596,3.387,0.175,-0.429,3.729
2018-05-20T13:15:00Z,0.596,3.387,0.175,-0.429,3.729
2018-05-20T13:30:00Z,0.596,3.387,0.175,-0.429,3.729
2018-05-20T13:45:00Z,0.596,3.387,0.175,-0.429,3.729
2018-05-20T14:00:00Z,0.838,3.319,0.067,-0.428,3.796
2018-05-20T14:15:00Z,0.838,3.319,0.067,-0.428,3.796
2018-05-20T14:30:00Z,0.838,3.319,0.067,-0.428,3.796
2018-05-20T14:45:00Z,0.838,3.319,0.067,-0.428,3.796
2018-05-20T15:00:00Z,1.132,2.94,0.504,-0.525,4.051
2018-05-20T15:15:00Z,1.132,2.94,0.504,-0.525,4.051
2018-05-20T15:30:00Z,1.132,2.94,0.504,-0.525,4.051
2018-05-20T15:45:00Z,1.132,2.94,0.504,-0.525,4.051
2018-05-20T16:00:00Z,1.091,3.095,0.476,-0.53,4.132
2018-05-20T16:15:00Z,1.091,3.095,0.476,-0.53,4.132
2018-05-20T16:30:00Z,1.091,3.095,0.476,-0.53,4.132
2018-05-20T16:45:00Z,1.091,3.095,0.476,-0.53,4.132
2018-05-20T17:00:00Z,0.737,3.497,0.701,-1.019,3.916
2018-05-20T17:15:00Z,0.737,3.497,0.701,-1.019,3.916
2018-05-20T17:30:00Z,0.737,3.497,0.701,-1.019,3.916
2018-05-20T17:45:00Z,0.737,3.497,0.701,-1.019,3.916
2018-05-20T18:00:00Z,0.83,3.435,0.706,-1.025,3.946
2018-05-20T18:15:00Z,0.83,3.435,0.706,-1.025,3.946
2018-05-20T18:30:00Z,0.83,3.435,0.706,-1.025,3.946
2018-05-20T18:45:00Z,0.83,3.435,0.706,-1.025,3.946
2018-05-20T19:00:00Z,0.468,3.83,0.706,-1.025,3.979
2018-05-20T19:15:00Z,0.468,3.83,0.706,-1.025,3.979
2018-05-20T19:30:00Z,0.468,3.83,0.706,-1.025,3.979
2018-05-20T19:45:00Z,0.468,3.83,0.706,-1.025,3.979
2018-05-20T20:00:00Z,0.231,3.996,0.706,-1.025,3.908
2018-05-20T20:15:00Z,0.231,3.996,0.706,-1.025,3.908
2018-05-20T20:30:00Z,0.231,3.996,0.706,-1.025,3.908
2018-05-20T20:45:00Z,0.231,3.996,0.706,-1.025,3.908
2018-05-20T21:00:00Z,-0.611,4.044,0.706,-0.997,3.142
2018-05-20T21:15:00Z,-0.611,4.044,0.706,-0.997,3.142
2018-05-20T21:30:00Z,-0.611,4.044,0.706,-0.997,3.142
2018-05-20T21:45:00Z,-0.611,4.044,0.706,-0.997,3.142
2018-05-20T22:00:00Z,-0.16,3.999,0.706,-0.917,3.628
2018-05-20T22:15:00Z,-0.16,3.999,0.706,-0.917,3.628
2018-05-20T22:30:00Z,-0.16,3.999,0.706,-0.917,3.628
2018-05-20T22:45:00Z,-0.16,3.999,0.706,-0.917,3.628
2018-05-20T23:00:00Z,-0.142,3.421,0.706,-0.288,3.698
2018-05-20T23:15:00Z,-0.142,3.421,0.706,-0.288,3.698
2018-05-20T23:30:00Z,-0.142,3.421,0.706,-0.288,3.698
2018-05-20T23:45:00Z,-0.142,3.421,0.706,-0.288,3.698
2018-05-21T00:00:00Z,-0.292,3.333,0.706,-0.178,3.569
2018-05-21T00:15:00Z,-0.292,3.333,0.706,-0.178,3.569
2018-05-21T00:30:00Z,-0.292,3.333,0.706,-0.178,3.569
2018-05-21T00:45:00Z,-0.292,3.333,0.706,-0.178,3.569
2018-05-21T01:00:00Z,-0.366,3.268,0.706,-0.178,3.43
2018-05-21T01:15:00Z,-0.366,3.268,0.706,-0.178,3.43
2018-05-21T01:30:00Z,-0.366,3.268,0.706,-0.178,3.43
2018-05-21T01:45:00Z,-0.366,3.268,0.706,-0.178,3.43
2018-05-21T02:00:00Z,-0.255,3.006,0.699,-0.175,3.275
2018-05-21T02:15:00Z,-0.255,3.006,0.699,-0.175,3.275
2018-05-21T02:30:00Z,-0.255,3.006,0.699,-0.175,3.275
2018-05-21T02:45:00Z,-0.255,3.006,0.699,-0.175,3.275
2018-05-21T03:00:00Z,-0.216,3.162,0.395,-0.178,3.163
2018-05-21T03:15:00Z,-0.216,3.162,0.395,-0.178,3.163
2018-05-21T03:30:00Z,-0.216,3.162,0.395,-0.178,3.163
2018-05-21T03:45:00Z,-0.216,3.162,0.395,-0.178,3.163
2018-05-21T04:00:00Z,0.098,2.83,0.409,-0.374,2.963
2018-05-21T04:15:00Z,0.098,2.83,0.409,-0.374,2.963
2018-05-21T04:30:00Z,0.098,2.83,0.409,-0.374,2.963
2018-05-21T04:45:00Z,0.098,2.83,0.409,-0.374,2.963
2018-05-21T05:00:00Z,0.684,3.319,0.168,-1.014,3.157
2018-05-21T05:15:00Z,0.684,3.319,0.168,-1.014,3.157
2018-05-21T05:30:00Z,0.684,3.319,0.168,-1.014,3.157
2018-05-21T05:45:00Z,0.684,3.319,0.168,-1.014,3.157
2018-05-21T06:00:00Z,0.805,3.252,-0.27,-1.025,2.762
2018-05-21T06:15:00Z,0.805,3.252,-0.27,-1.025,2.762
2018-05-21T06:30:00Z,0.805,3.252,-0.27,-1.025,2.762
2018-05-21T06:45:00Z,0.805,3.252,-0.27,-1.025,2.762
2018-05-21T07:00:00Z,0.489,3.431,-0.051,-1.025,2.844
2018-05-21T07:15:00Z,0.489,3.431,-0.051,-1.025,2.844
2018-05-21T07:30:00Z,0.489,3.431,-0.051,-1.025,2.844
2018-05-21T07:45:00Z,0.489,3.431,-0.051,-1.025,2.844
2018-05-21T08:00:00Z,-0.523,3.698,0.429,-1.024,2.581
2018-05-21T08:15:00Z,-0.523,3.698,0.429,-1.024,2.581
2018-05-21T08:30:00Z,-0.523,3.698,0.429,-1.024,2.581
2018-05-21T08:45:00Z,-0.523,3.698,0.429,-1.024,2.581
2018-05-21T09:00:00Z,-0.594,3.128,0.7,-0.783,2.452
2018-05-21T09:15:00Z,-0.594,3.128,0.7,-0.783,2.452
2018-05-21T09:30:00Z,-0.594,3.128,0.7,-0.783,2.452
2018-05-21T09:45:00Z,-0.594,3.128,0.7,-0.783,2.452
2018-05-21T10:00:00Z,-0.945,3.091,0.706,-0.781,2.071
2018-05-21T10:15:00Z,-0.945,3.091,0.706,-0.781,2.071
2018-05-21T10:30:00Z,-0.945,3.091,0.706,-0.781,2.071
2018-05-21T10:45:00Z,-0.945,3.091,0.706,-0.781,2.071
2018-05-21T11:00:00Z,-1.141,2.674,0.706,-0.574,1.664
2018-05-21T11:15:00Z,-1.141,2.674,0.706,-0.574,1.664
2018-05-21T11:30:00Z,-1.141,2.674,0.706,-0.574,1.664
2018-05-21T11:45:00Z,-1.141,2.674,0.706,-0.574,1.664
2018-05-21T12:00:00Z,-1.318,2.867,0.706,-0.536,1.719
2018-05-21T12:15:00Z,-1.318,2.867,0.706,-0.536,1.719
2018-05-21T12:30:00Z,-1.318,2.867,0.706,-0.536,1.719
2018-05-21T12:45:00Z,-1.318,2.867,0.706,-0.536,1.719
2018-05-21T13:00:00Z,-0.677,2.937,0.706,-0.78,2.187
2018-05-21T13:15:00Z,-0.677,2.937,0.706,-0.78,2.187
2018-05-21T13:30:00Z,-0.677,2.937,0.706,-0.78,2.187
2018-05-21T13:45:00Z,-0.677,2.937,0.706,-0.78,2.187
2018-05-21T14:00:00Z,0.125,2.921,0.706,-1.023,2.729
2018-05-21T14:15:00Z,0.125,2.921,0.706,-1.023,2.729
2018-05-21T14:30:00Z,0.125,2.921,0.706,-1.023,2.729
2018-05-21T14:45:00Z,0.125,2.921,0.706,-1.023,2.729
2018-05-21T15:00:00Z,0.577,2.741,0.706,-1.025,2.999
2018-05-21T15:15:00Z,0.577,2.741,0.706,-1.025,2.999
2018-05-21T15:30:00Z,0.577,2.741,0.706,-1.025,2.999
2018-05-21T15:45:00Z,0.577,2.741,0.706,-1.025,2.999
2018-05-21T16:00:00Z,0.055,3.369,0.706,-1.025,3.105
2018-05-21T16:15:00Z,0.055,3.369,0.706,-1.025,3.105
2018-05-21T16:30:00Z,0.055,3.369,0.706,-1.025,3.105
2018-05-21T16:45:00Z,0.055,3.369,0.706,-1.025,3.105
2018-05-21T17:00:00Z,0.315,3.337,0.706,-1.025,3.333
2018-05-21T17:15:00Z,0.315,3.337,0.706,-1.025,3.333
2018-05-21T17:30:00Z,0.315,3.337,0.706,-1.025,3.333
2018-05-21T17:45:00Z,0.315,3.337,0.706,-1.025,3.333
2018-05-21T18:00:00Z,0.558,3.292,0.706,-1.025,3.531
2018-05-21T18:15:00Z,0.558,3.292,0.706,-1.025,3.531
2018-05-21T18:30:00Z,0.558,3.292,0.706,-1.025,3.531
2018-05-21T18:45:00Z,0.558,3.292,0.706,-1.025,3.531
2018-05-21T19:00:00Z,0.39,3.306,0.706,-1.025,3.377
2018-05-21T19:15:00Z,0.39,3.306,0.706,-1.025,3.377
2018-05-21T19:30:00Z,0.39,3.306,0.706,-1.025,3.377
2018-05-21T19:45:00Z,0.39,3.306,0.706,-1.025,3.377
2018-05-21T20:00:00Z,0.271,3.636,0.706,-1.025,3.588
2018-05-21T20:15:00Z,0.271,3.636,0.706,-1.025,3.588
2018-05-21T20:30:00Z,0.271,3.636,0.706,-1.025,3.588
2018-05-21T20:45:00Z,0.271,3.636,0.706,-1.025,3.588
2018-05-21T21:00:00Z,-0.444,3.65,0.706,-0.859,3.053
2018-05-21T21:15:00Z,-0.444,3.65,0.706,-0.859,3.053
2018-05-21T21:30:00Z,-0.444,3.65,0.706,-0.859,3.053
2018-05-21T21:45:00Z,-0.444,3.65,0.706,-0.859,3.053
2018-05-21T22:00:00Z,-0.234,3.477,0.706,-0.923,3.025
2018-05-21T22:15:00Z,-0.234,3.477,0.706,-0.923,3.025
2018-05-21T22:30:00Z,-0.234,3.477,0.706,-0.923,3.025
2018-05-21T22:45:00Z,-0.234,3.477,0.706,-0.923,3.025
2018-05-21T23:00:00Z,0.234,2.932,0.706,-0.754,3.118
2018-05-21T23:15:00Z,0.234,2.932,0.706,-0.754,3.118
2018-05-21T23:30:00Z,0.234,2.932,0.706,-0.754,3.118
2018-05-21T23:45:00Z,0.234,2.932,0.706,-0.754,3.118
2018-05-22T00:00:00Z,0.485,2.615,0.706,-0.641,3.165
2018-05-22T00:15:00Z,0.485,2.615,0.706,-0.641,3.165
2018-05-22T00:30:00Z,0.485,2.615,0.706,-0.641,3.165
2018-05-22T00:45:00Z,0.485,2.615,0.706,-0.641,3.165
2018-05-22T01:00:00Z,0.708,3.267,0.706,-0.872,3.809
2018-05-22T01:15:00Z,0.708,3.267,0.706,-0.872,3.809
2018-05-22T01:30:00Z,0.708,3.267,0.706,-0.872,3.809
2018-05-22T01:45:00Z,0.708,3.267,0.706,-0.872,3.809
2018-05-22T02:00:00Z,0.669,3.472,0.706,-0.824,4.023
2018-05-22T02:15:00Z,0.669,3.472,0.706,-0.824,4.023
2018-05-22T02:30:00Z,0.669,3.472,0.706,-0.824,4.023
2018-05-22T02:45:00Z,0.669,3.472,0.706,-0.824,4.023
2018-05-22T03:00:00Z,0.787,3.423,0.706,-0.771,4.145
2018-05-22T03:15:00Z,0.787,3.423,0.706,-0.771,4.145
2018-05-22T03:30:00Z,0.787,3.423,0.706,-0.771,4.145
2018-05-22T03:45:00Z,0.787,3.423,0.706,-0.771,4.145
2018-05-22T04:00:00Z,0.664,2.68,0.706,0,4.05
2018-05-22T04:15:00Z,0.664,2.68,0.706,0,4.05
2018-05-22T04:30:00Z,0.664,2.68,0.706,0,4.05
2018-05-22T04:45:00Z,0.664,2.68,0.706,0,4.05
2018-05-22T05:00:00Z,0.461,2.547,0.706,0.1,3.814
2018-05-22T05:15:00Z,0.461,2.547,0.706,0.1,3.814
2018-05-22T05:30:00Z,0.461,2.547,0.706,0.1,3.814
2018-05-22T05:45:00Z,0.461,2.547,0.706,0.1,3.814
2018-05-22T06:00:00Z,0.229,2.674,0.706,0.29,3.899
2018-05-22T06:15:00Z,0.229,2.674,0.706,0.29,3.899
2018-05-22T06:30:00Z,0.229,2.674,0.706,0.29,3.899
2018-05-22T06:45:00Z,0.229,2.674,0.706,0.29,3.899
2018-05-22T07:00:00Z,0.491,3.39,0.706,-0.623,3.964
2018-05-22T07:15:00Z,0.491,3.39,0.706,-0.623,3.964
2018-05-22T07:30:00Z,0.491,3.39,0.706,-0.623,3.964
2018-05-22T07:45:00Z,0.491,3.39,0.706,-0.623,3.964
2018-05-22T08:00:00Z,0.004,3.557,0.706,-0.224,4.042
2018-05-22T08:15:00Z,0.004,3.557,0.706,-0.224,4.042
2018-05-22T08:30:00Z,0.004,3.557,0.706,-0.224,4.042
2018-05-22T08:45:00Z,0.004,3.557,0.706,-0.224,4.042
2018-05-22T09:00:00Z,-0.318,3.648,0.706,0.1,4.136
2018-05-22T09:15:00Z,-0.318,3.648,0.706,0.1,4.136
2018-05-22T09:30:00Z,-0.318,3.648,0.706,0.1,4.136
2018-05-22T09:45:00Z,-0.318,3.648,0.706,0.1,4.136
2018-05-22T10:00:00Z,-0.627,3.218,0.706,0.163,3.46
2018-05-22T10:15:00Z,-0.627,3.218,0.706,0.163,3.46
2018-05-22T10:30:00Z,-0.627,3.218,0.706,0.163,3.46
2018-05-22T10:45:00Z,-0.627,3.218,0.706,0.163,3.46
2018-05-22T11:00:00Z,-0.578,2.902,0.706,0.272,3.302
2018-05-22T11:15:00Z,-0.578,2.902,0.706,0.272,3.302
2018-05-22T11:30:00Z,-0.578,2.902,0.706,0.272,3.302
2018-05-22T11:45:00Z,-0.578,2.902,0.706,0.272,3.302
2018-05-22T12:00:00Z,-0.293,2.971,0.706,-0.001,3.384
2018-05-22T12:15:00Z,-0.293,2.971,0.706,-0.001,3.384
2018-05-22T12:30:00Z,-0.293,2.971,0.706,-0.001,3.384
2018-05-22T12:45:00Z,-0.293,2.971,0.706,-0.001,3.384
2018-05-22T13:00:00Z,0.051,2.771,0.706,-0.001,3.526
2018-05-22T13:15:00Z,0.051,2.771,0.706,-0.001,3.526
2018-05-22T13:30:00Z,0.051,2.771,0.706,-0.001,3.526
2018-05-22T13:45:00Z,0.051,2.771,0.706,-0.001,3.526
2018-05-22T14:00:00Z,-0.059,2.954,0.706,-0.001,3.6
2018-05-22T14:15:00Z,-0.059,2.954,0.706,-0.001,3.6
2018-05-22T14:30:00Z,-0.059,2.954,0.706,-0.001,3.6
2018-05-22T14:45:00Z,-0.059,2.954,0.706,-0.001,3.6
2018-05-22T15:00:00Z,0.474,2.954,0.706,-0.539,3.595
2018-05-22T15:15:00Z,0.474,2.954,0.706,-0.539,3.595
2018-05-22T15:30:00Z,0.474,2.954,0.706,-0.539,3.595
2018-05-22T15:45:00Z,0.474,2.954,0.706,-0.539,3.595
2018-05-22T16:00:00Z,-0.045,2.989,0.706,-0.559,3.091
2018-05-22T16:15:00Z,-0.045,2.989,0.706,-0.559,3.091
2018-05-22T16:30:00Z,-0.045,2.989,0.706,-0.559,3.091
2018-05-22T16:45:00Z,-0.045,2.989,0.706,-0.559,3.091
2018-05-22T17:00:00Z,-0.067,3.08,0.706,-0.61,3.109
2018-05-22T17:15:00Z,-0.067,3.08,0.706,-0.61,3.109
2018-05-22T17:30:00Z,-0.067,3.08,0.706,-0.61,3.109
2018-05-22T17:45:00Z,-0.067,3.08,0.706,-0.61,3.109
2018-05-22T18:00:00Z,0.056,3.188,0.706,-0.719,3.231
2018-05-22T18:15:00Z,0.056,3.188,0.706,-0.719,3.231
2018-05-22T18:30:00Z,0.056,3.188,0.706,-0.719,3.231
2018-05-22T18:45:00Z,0.056,3.188,0.706,-0.719,3.231
2018-05-22T19:00:00Z,0.097,3.406,0.706,-1.021,3.188
2018-05-22T19:15:00Z,0.097,3.406,0.706,-1.021,3.188
2018-05-22T19:30:00Z,0.097,3.406,0.706,-1.021,3.188
2018-05-22T19:45:00Z,0.097,3.406,0.706,-1.021,3.188
2018-05-22T20:00:00Z,-0.201,2.969,0.706,-0.819,2.655
2018-05-22T20:15:00Z,-0.201,2.969,0.706,-0.819,2.655
2018-05-22T20:30:00Z,-0.201,2.969,0.706,-0.819,2.655
2018-05-22T20:45:00Z,-0.201,2.969,0.706,-0.819,2.655
2018-05-22T21:00:00Z,-0.848,2.985,0.706,-0.369,2.473
2018-05-22T21:15:00Z,-0.848,2.985,0.706,-0.369,2.473
2018-05-22T21:30:00Z,-0.848,2.985,0.706,-0.369,2.473
2018-05-22T21:45:00Z,-0.848,2.985,0.706,-0.369,2.473
2018-05-22T22:00:00Z,-0.388,3.311,0.706,-0.722,2.907
2018-05-22T22:15:00Z,-0.388,3.311,0.706,-0.722,2.907
2018-05-22T22:30:00Z,-0.388,3.311,0.706,-0.722,2.907
2018-05-22T22:45:00Z,-0.388,3.311,0.706,-0.722,2.907
2018-05-22T23:00:00Z,-0.056,3.226,0.69,-0.725,3.134
2018-05-22T23:15:00Z,-0.056,3.226,0.69,-0.725,3.134
2018-05-22T23:30:00Z,-0.056,3.226,0.69,-0.725,3.134
2018-05-22T23:45:00Z,-0.056,3.226,0.69,-0.725,3.134
2018-05-23T00:00:00Z,0.03,3.364,0.681,-0.725,3.351
2018-05-23T00:15:00Z,0.03,3.364,0.681,-0.725,3.351
2018-05-23T00:30:00Z,0.03,3.364,0.681,-0.725,3.351
2018-05-23T00:45:00Z,0.03,3.364,0.681,-0.725,3.351
2018-05-23T01:00:00Z,0.518,2.939,0.704,-0.724,3.437
2018-05-23T01:15:00Z,0.518,2.939,0.704,-0.724,3.437
2018-05-23T01:30:00Z,0.518,2.939,0.704,-0.724,3.437
2018-05-23T01:45:00Z,0.518,2.939,0.704,-0.724,3.437
2018-05-23T02:00:00Z,0.808,2.368,0.657,-0.724,3.109
2018-05-23T02:15:00Z,0.808,2.368,0.657,-0.724,3.109
2018-05-23T02:30:00Z,0.808,2.368,0.657,-0.724,3.109
2018-05-23T02:45:00Z,0.808,2.368,0.657,-0.724,3.109
2018-05-23T03:00:00Z,0.294,2.797,0.705,-0.724,3.072
2018-05-23T03:15:00Z,0.294,2.797,0.705,-0.724,3.072
2018-05-23T03:30:00Z,0.294,2.797,0.705,-0.724,3.072
2018-05-23T03:45:00Z,0.294,2.797,0.705,-0.724,3.072
2018-05-23T04:00:00Z,0.439,2.435,0.706,-0.727,2.853
2018-05-23T04:15:00Z,0.439,2.435,0.706,-0.727,2.853
2018-05-23T04:30:00Z,0.439,2.435,0.706,-0.727,2.853
2018-05-23T04:45:00Z,0.439,2.435,0.706,-0.727,2.853
2018-05-23T05:00:00Z,0.446,2.618,0.706,-1.022,2.748
2018-05-23T05:15:00Z,0.446,2.618,0.706,-1.022,2.748
2018-05-23T05:30:00Z,0.446,2.618,0.706,-1.022,2.748
2018-05-23T05:45:00Z,0.446,2.618,0.706,-1.022,2.748
2018-05-23T06:00:00Z,0.356,2.697,0.706,-1.022,2.737
2018-05-23T06:15:00Z,0.356,2.697,0.706,-1.022,2.737
2018-05-23T06:30:00Z,0.356,2.697,0.706,-1.022,2.737
2018-05-23T06:45:00Z,0.356,2.697,0.706,-1.022,2.737
2018-05-23T07:00:00Z,-0.182,2.544,0.706,-0.625,2.443
2018-05-23T07:15:00Z,-0.182,2.544,0.706,-0.625,2.443
2018-05-23T07:30:00Z,-0.182,2.544,0.706,-0.625,2.443
2018-05-23T07:45:00Z,-0.182,2.544,0.706,-0.625,2.443
2018-05-23T08:00:00Z,-0.109,2.556,0.706,-0.678,2.475
2018-05-23T08:15:00Z,-0.109,2.556,0.706,-0.678,2.475
2018-05-23T08:30:00Z,-0.109,2.556,0.706,-0.678,2.475
2018-05-23T08:45:00Z,-0.109,2.556,0.706,-0.678,2.475
2018-05-23T09:00:00Z,-0.282,2.594,0.706,-0.505,2.514
2018-05-23T09:15:00Z,-0.282,2.594,0.706,-0.505,2.514
2018-05-23T09:30:00Z,-0.282,2.594,0.706,-0.505,2.514
2018-05-23T09:45:00Z,-0.282,2.594,0.706,-0.505,2.514
2018-05-23T10:00:00Z,-0.656,2.564,0.706,-0.421,2.193
2018-05-23T10:15:00Z,-0.656,2.564,0.706,-0.421,2.193
2018-05-23T10:30:00Z,-0.656,2.564,0.706,-0.421,2.193
2018-05-23T10:45:00Z,-0.656,2.564,0.706,-0.421,2.193
2018-05-23T11:00:00Z,-0.712,2.415,0.706,-0.418,1.991
2018-05-23T11:15:00Z,-0.712,2.415,0.706,-0.418,1.991
2018-05-23T11:30:00Z,-0.712,2.415,0.706,-0.418,1.991
2018-05-23T11:45:00Z,-0.712,2.415,0.706,-0.418,1.991
2018-05-23T12:00:00Z,-0.533,2.682,0.706,-0.89,1.965
2018-05-23T12:15:00Z,-0.533,2.682,0.706,-0.89,1.965
2018-05-23T12:30:00Z,-0.533,2.682,0.706,-0.89,1.965
2018-05-23T12:45:00Z,-0.533,2.682,0.706,-0.89,1.965
2018-05-23T13:00:00Z,-0.328,2.775,0.706,-1.024,2.129
2018-05-23T13:15:00Z,-0.328,2.775,0.706,-1.024,2.129
2018-05-23T13:30:00Z,-0.328,2.775,0.706,-1.024,2.129
2018-05-23T13:45:00Z,-0.328,2.775,0.706,-1.024,2.129
2018-05-23T14:00:00Z,-0.285,2.591,0.706,-1.004,2.008
2018-05-23T14:15:00Z,-0.285,2.591,0.706,-1.004,2.008
2018-05-23T14:30:00Z,-0.285,2.591,0.706,-1.004,2.008
2018-05-23T14:45:00Z,-0.285,2.591,0.706,-1.004,2.008
2018-05-23T15:00:00Z,-0.274,2.749,0.706,-1.004,2.177
2018-05-23T15:15:00Z,-0.274,2.749,0.706,-1.004,2.177
2018-05-23T15:30:00Z,-0.274,2.749,0.706,-1.004,2.177
2018-05-23T15:45:00Z,-0.274,2.749,0.706,-1.004,2.177
2018-05-23T16:00:00Z,-0.777,2.795,0.706,-1.025,1.699
2018-05-23T16:15:00Z,-0.777,2.795,0.706,-1.025,1.699
2018-05-23T16:30:00Z,-0.777,2.795,0.706,-1.025,1.699
2018-05-23T16:45:00Z,-0.777,2.795,0.706,-1.025,1.699
2018-05-23T17:00:00Z,-0.588,2.854,0.706,-1.025,1.947
2018-05-23T17:15:00Z,-0.588,2.854,0.706,-1.025,1.947
2018-05-23T17:30:00Z,-0.588,2.854,0.706,-1.025,1.947
2018-05-23T17:45:00Z,-0.588,2.854,0.706,-1.025,1.947
2018-05-23T18:00:00Z,-0.407,2.451,0.706,-0.975,1.774
2018-05-23T18:15:00Z,-0.407,2.451,0.706,-0.975,1.774
2018-05-23T18:30:00Z,-0.407,2.451,0.706,-0.975,1.774
2018-05-23T18:45:00Z,-0.407,2.451,0.706,-0.975,1.774
2018-05-23T19:00:00Z,-0.549,2.661,0.706,-0.974,1.843
2018-05-23T19:15:00Z,-0.549,2.661,0.706,-0.974,1.843
2018-05-23T19:30:00Z,-0.549,2.661,0.706,-0.974,1.843
2018-05-23T19:45:00Z,-0.549,2.661,0.706,-0.974,1.843
2018-05-23T20:00:00Z,-1.305,3.073,0.706,-1.024,1.451
2018-05-23T20:15:00Z,-1.305,3.073,0.706,-1.024,1.451
2018-05-23T20:30:00Z,-1.305,3.073,0.706,-1.024,1.451
2018-05-23T20:45:00Z,-1.305,3.073,0.706,-1.024,1.451
2018-05-23T21:00:00Z,-1.422,2.95,0.706,-1.024,1.21
2018-05-23T21:15:00Z,-1.422,2.95,0.706,-1.024,1.21
2018-05-23T21:30:00Z,-1.422,2.95,0.706,-1.024,1.21
2018-05-23T21:45:00Z,-1.422,2.95,0.706,-1.024,1.21
2018-05-23T22:00:00Z,-0.727,3.026,0.706,-0.927,2.078
2018-05-23T22:15:00Z,-0.727,3.026,0.706,-0.927,2.078
2018-05-23T22:30:00Z,-0.727,3.026,0.706,-0.927,2.078
2018-05-23T22:45:00Z,-0.727,3.026,0.706,-0.927,2.078
2018-05-23T23:00:00Z,-0.286,2.871,0.703,-0.801,2.487
2018-05-23T23:15:00Z,-0.286,2.871,0.703,-0.801,2.487
2018-05-23T23:30:00Z,-0.286,2.871,0.703,-0.801,2.487
2018-05-23T23:45:00Z,-0.286,2.871,0.703,-0.801,2.487
2018-05-24T00:00:00Z,0.102,3.07,0.546,-0.824,2.894
2018-05-24T00:15:00Z,0.102,3.07,0.546,-0.824,2.894
2018-05-24T00:30:00Z,0.102,3.07,0.546,-0.824,2.894
2018-05-24T00:45:00Z,0.102,3.07,0.546,-0.824,2.894
2018-05-24T01:00:00Z,0.298,3.207,0.334,-0.8,3.039
2018-05-24T01:15:00Z,0.298,3.207,0.334,-0.8,3.039
2018-05-24T01:30:00Z,0.298,3.207,0.334,-0.8,3.039
2018-05-24T01:45:00Z,0.298,3.207,0.334,-0.8,3.039
2018-05-24T02:00:00Z,0.356,2.782,0.692,-0.8,3.03
2018-05-24T02:15:00Z,0.356,2.782,0.692,-0.8,3.03
2018-05-24T02:30:00Z,0.356,2.782,0.692,-0.8,3.03
2018-05-24T02:45:00Z,0.356,2.782,0.692,-0.8,3.03
2018-05-24T03:00:00Z,0.23,2.818,0.538,-0.799,2.787
2018-05-24T03:15:00Z,0.23,2.818,0.538,-0.799,2.787
2018-05-24T03:30:00Z,0.23,2.818,0.538,-0.799,2.787
2018-05-24T03:45:00Z,0.23,2.818,0.538,-0.799,2.787
2018-05-24T04:00:00Z,0.269,2.696,0.483,-0.824,2.624
2018-05-24T04:15:00Z,0.269,2.696,0.483,-0.824,2.624
2018-05-24T04:30:00Z,0.269,2.696,0.483,-0.824,2.624
2018-05-24T04:45:00Z,0.269,2.696,0.483,-0.824,2.624
2018-05-24T05:00:00Z,-0.427,2.808,0.701,-0.923,2.159
2018-05-24T05:15:00Z,-0.427,2.808,0.701,-0.923,2.159
2018-05-24T05:30:00Z,-0.427,2.808,0.701,-0.923,2.159
2018-05-24T05:45:00Z,-0.427,2.808,0.701,-0.923,2.159
2018-05-24T06:00:00Z,-0.597,2.706,0.706,-1.024,1.79
2018-05-24T06:15:00Z,-0.597,2.706,0.706,-1.024,1.79
2018-05-24T06:30:00Z,-0.597,2.706,0.706,-1.024,1.79
2018-05-24T06:45:00Z,-0.597,2.706,0.706,-1.024,1.79
2018-05-24T07:00:00Z,-0.848,2.864,0.706,-1.101,1.621
2018-05-24T07:15:00Z,-0.848,2.864,0.706,-1.101,1.621
2018-05-24T07:30:00Z,-0.848,2.864,0.706,-1.101,1.621
2018-05-24T07:45:00Z,-0.848,2.864,0.706,-1.101,1.621
2018-05-24T08:00:00Z,-1.014,2.858,0.706,-1.101,1.448
2018-05-24T08:15:00Z,-1.014,2.858,0.706,-1.101,1.448
2018-05-24T08:30:00Z,-1.014,2.858,0.706,-1.101,1.448
2018-05-24T08:45:00Z,-1.014,2.858,0.706,-1.101,1.448
2018-05-24T09:00:00Z,-1.346,3.146,0.706,-1.076,1.43
2018-05-24T09:15:00Z,-1.346,3.146,0.706,-1.076,1.43
2018-05-24T09:30:00Z,-1.346,3.146,0.706,-1.076,1.43
2018-05-24T09:45:00Z,-1.346,3.146,0.706,-1.076,1.43
2018-05-24T10:00:00Z,-1.341,3.016,0.706,-1.076,1.305
2018-05-24T10:15:00Z,-1.341,3.016,0.706,-1.076,1.305
2018-05-24T10:30:00Z,-1.341,3.016,0.706,-1.076,1.305
2018-05-24T10:45:00Z,-1.341,3.016,0.706,-1.076,1.305
2018-05-24T11:00:00Z,-1.172,2.647,0.706,-1.075,1.106
2018-05-24T11:15:00Z,-1.172,2.647,0.706,-1.075,1.106
2018-05-24T11:30:00Z,-1.172,2.647,0.706,-1.075,1.106
2018-05-24T11:45:00Z,-1.172,2.647,0.706,-1.075,1.106
2018-05-24T12:00:00Z,-1.309,2.78,0.706,-1.025,1.152
2018-05-24T12:15:00Z,-1.309,2.78,0.706,-1.025,1.152
2018-05-24T12:30:00Z,-1.309,2.78,0.706,-1.025,1.152
2018-05-24T12:45:00Z,-1.309,2.78,0.706,-1.025,1.152
2018-05-24T13:00:00Z,-1.166,2.688,0.706,-0.923,1.305
2018-05-24T13:15:00Z,-1.166,2.688,0.706,-0.923,1.305
2018-05-24T13:30:00Z,-1.166,2.688,0.706,-0.923,1.305
2018-05-24T13:45:00Z,-1.166,2.688,0.706,-0.923,1.305
2018-05-24T14:00:00Z,-1.017,2.523,0.706,-0.655,1.557
2018-05-24T14:15:00Z,-1.017,2.523,0.706,-0.655,1.557
2018-05-24T14:30:00Z,-1.017,2.523,0.706,-0.655,1.557
2018-05-24T14:45:00Z,-1.017,2.523,0.706,-0.655,1.557
2018-05-24T15:00:00Z,-0.783,2.868,0.706,-0.795,1.996
2018-05-24T15:15:00Z,-0.783,2.868,0.706,-0.795,1.996
2018-05-24T15:30:00Z,-0.783,2.868,0.706,-0.795,1.996
2018-05-24T15:45:00Z,-0.783,2.868,0.706,-0.795,1.996
2018-05-24T16:00:00Z,-0.74,2.802,0.706,-1.099,1.669
2018-05-24T16:15:00Z,-0.74,2.802,0.706,-1.099,1.669
2018-05-24T16:30:00Z,-0.74,2.802,0.706,-1.099,1.669
2018-05-24T16:45:00Z,-0.74,2.802,0.706,-1.099,1.669
2018-05-24T17:00:00Z,-0.683,2.722,0.706,-1.071,1.673
2018-05-24T17:15:00Z,-0.683,2.722,0.706,-1.071,1.673
2018-05-24T17:30:00Z,-0.683,2.722,0.706,-1.071,1.673
2018-05-24T17:45:00Z,-0.683,2.722,0.706,-1.071,1.673
2018-05-24T18:00:00Z,-0.572,2.82,0.706,-1.075,1.878
2018-05-24T18:15:00Z,-0.572,2.82,0.706,-1.075,1.878
2018-05-24T18:30:00Z,-0.572,2.82,0.706,-1.075,1.878
2018-05-24T18:45:00Z,-0.572,2.82,0.706,-1.075,1.878
2018-05-24T19:00:00Z,-0.694,3.158,0.706,-0.999,2.171
2018-05-24T19:15:00Z,-0.694,3.158,0.706,-0.999,2.171
2018-05-24T19:30:00Z,-0.694,3.158,0.706,-0.999,2.171
2018-05-24T19:45:00Z,-0.694,3.158,0.706,-0.999,2.171
2018-05-24T20:00:00Z,-1.312,3.077,0.706,-0.974,1.497
2018-05-24T20:15:00Z,-1.312,3.077,0.706,-0.974,1.497
2018-05-24T20:30:00Z,-1.312,3.077,0.706,-0.974,1.497
2018-05-24T20:45:00Z,-1.312,3.077,0.706,-0.974,1.497
2018-05-24T21:00:00Z,-1.57,2.809,0.706,-0.5,1.445
2018-05-24T21:15:00Z,-1.57,2.809,0.706,-0.5,1.445
2018-05-24T21:30:00Z,-1.57,2.809,0.706,-0.5,1.445
2018-05-24T21:45:00Z,-1.57,2.809,0.706,-0.5,1.445
2018-05-24T22:00:00Z,-1.578,3.14,0.706,-0.968,1.3
2018-05-24T22:15:00Z,-1.578,3.14,0.706,-0.968,1.3
2018-05-24T22:30:00Z,-1.578,3.14,0.706,-0.968,1.3
2018-05-24T22:45:00Z,-1.578,3.14,0.706,-0.968,1.3
2018-05-24T23:00:00Z,-1.129,3.159,0.706,-0.83,1.905
2018-05-24T23:15:00Z,-1.129,3.159,0.706,-0.83,1.905
2018-05-24T23:30:00Z,-1.129,3.159,0.706,-0.83,1.905
2018-05-24T23:45:00Z,-1.129,3.159,0.706,-0.83,1.905
2018-05-25T00:00:00Z,-0.681,2.998,0.706,-0.829,2.194
2018-05-25T00:15:00Z,-0.681,2.998,0.706,-0.829,2.194
2018-05-25T00:30:00Z,-0.681,2.998,0.706,-0.829,2.194
2018-05-25T00:45:00Z,-0.681,2.998,0.706,-0.829,2.194
2018-05-25T01:00:00Z,-0.294,2.631,0.706,-0.829,2.213
2018-05-25T01:15:00Z,-0.294,2.631,0.706,-0.829,2.213
2018-05-25T01:30:00Z,-0.294,2.631,0.706,-0.829,2.213
2018-05-25T01:45:00Z,-0.294,2.631,0.706,-0.829,2.213
2018-05-25T02:00:00Z,-0.204,2.557,0.706,-0.834,2.226
2018-05-25T02:15:00Z,-0.204,2.557,0.706,-0.834,2.226
2018-05-25T02:30:00Z,-0.204,2.557,0.706,-0.834,2.226
2018-05-25T02:45:00Z,-0.204,2.557,0.706,-0.834,2.226
2018-05-25T03:00:00Z,-0.388,2.62,0.706,-0.834,2.103
2018-05-25T03:15:00Z,-0.388,2.62,0.706,-0.834,2.103
2018-05-25T03:30:00Z,-0.388,2.62,0.706,-0.834,2.103
2018-05-25T03:45:00Z,-0.388,2.62,0.706,-0.834,2.103
2018-05-25T04:00:00Z,-0.808,2.419,0.706,-0.883,1.434
2018-05-25T04:15:00Z,-0.808,2.419,0.706,-0.883,1.434
2018-05-25T04:30:00Z,-0.808,2.419,0.706,-0.883,1.434
2018-05-25T04:45:00Z,-0.808,2.419,0.706,-0.883,1.434
2018-05-25T05:00:00Z,-0.718,2.573,0.706,-0.953,1.608
2018-05-25T05:15:00Z,-0.718,2.573,0.706,-0.953,1.608
2018-05-25T05:30:00Z,-0.718,2.573,0.706,-0.953,1.608
2018-05-25T05:45:00Z,-0.718,2.573,0.706,-0.953,1.608
2018-05-25T06:00:00Z,-0.72,2.506,0.706,-1.014,1.478
2018-05-25T06:15:00Z,-0.72,2.506,0.706,-1.014,1.478
2018-05-25T06:30:00Z,-0.72,2.506,0.706,-1.014,1.478
2018-05-25T06:45:00Z,-0.72,2.506,0.706,-1.014,1.478
2018-05-25T07:00:00Z,-0.803,2.587,0.706,-1.004,1.486
2018-05-25T07:15:00Z,-0.803,2.587,0.706,-1.004,1.486
2018-05-25T07:30:00Z,-0.803,2.587,0.706,-1.004,1.486
2018-05-25T07:45:00Z,-0.803,2.587,0.706,-1.004,1.486
2018-05-25T08:00:00Z,-0.908,2.783,0.706,-1.025,1.555
2018-05-25T08:15:00Z,-0.908,2.783,0.706,-1.025,1.555
2018-05-25T08:30:00Z,-0.908,2.783,0.706,-1.025,1.555
2018-05-25T08:45:00Z,-0.908,2.783,0.706,-1.025,1.555
2018-05-25T09:00:00Z,-1.28,3.113,0.706,-0.975,1.564
2018-05-25T09:15:00Z,-1.28,3.113,0.706,-0.975,1.564
2018-05-25T09:30:00Z,-1.28,3.113,0.706,-0.975,1.564
2018-05-25T09:45:00Z,-1.28,3.113,0.706,-0.975,1.564
2018-05-25T10:00:00Z,-1.724,2.674,0.706,-0.377,1.279
2018-05-25T10:15:00Z,-1.724,2.674,0.706,-0.377,1.279
2018-05-25T10:30:00Z,-1.724,2.674,0.706,-0.377,1.279
2018-05-25T10:45:00Z,-1.724,2.674,0.706,-0.377,1.279
2018-05-25T11:00:00Z,-1.395,2.951,0.706,-0.795,1.467
2018-05-25T11:15:00Z,-1.395,2.951,0.706,-0.795,1.467
2018-05-25T11:30:00Z,-1.395,2.951,0.706,-0.795,1.467
2018-05-25T11:45:00Z,-1.395,2.951,0.706,-0.795,1.467
2018-05-25T12:00:00Z,-1.543,2.945,0.706,-0.728,1.38
2018-05-25T12:15:00Z,-1.543,2.945,0.706,-0.728,1.38
2018-05-25T12:30:00Z,-1.543,2.945,0.706,-0.728,1.38
2018-05-25T12:45:00Z,-1.543,2.945,0.706,-0.728,1.38
2018-05-25T13:00:00Z,-1.536,2.69,0.706,-0.795,1.065
2018-05-25T13:15:00Z,-1.536,2.69,0.706,-0.795,1.065
2018-05-25T13:30:00Z,-1.536,2.69,0.706,-0.795,1.065
2018-05-25T13:45:00Z,-1.536,2.69,0.706,-0.795,1.065
2018-05-25T14:00:00Z,-1.168,2.717,0.706,-0.669,1.586
2018-05-25T14:15:00Z,-1.168,2.717,0.706,-0.669,1.586
2018-05-25T14:30:00Z,-1.168,2.717,0.706,-0.669,1.586
2018-05-25T14:45:00Z,-1.168,2.717,0.706,-0.669,1.586
2018-05-25T15:00:00Z,-0.831,2.999,0.706,-0.646,2.229
2018-05-25T15:15:00Z,-0.831,2.999,0.706,-0.646,2.229
2018-05-25T15:30:00Z,-0.831,2.999,0.706,-0.646,2.229
2018-05-25T15:45:00Z,-0.831,2.999,0.706,-0.646,2.229
2018-05-25T16:00:00Z,-0.446,2.731,0.706,-0.97,2.02
2018-05-25T16:15:00Z,-0.446,2.731,0.706,-0.97,2.02
2018-05-25T16:30:00Z,-0.446,2.731,0.706,-0.97,2.02
2018-05-25T16:45:00Z,-0.446,2.731,0.706,-0.97,2.02
2018-05-25T17:00:00Z,-0.489,2.629,0.706,-0.973,1.873
2018-05-25T17:15:00Z,-0.489,2.629,0.706,-0.973,1.873
2018-05-25T17:30:00Z,-0.489,2.629,0.706,-0.973,1.873
2018-05-25T17:45:00Z,-0.489,2.629,0.706,-0.973,1.873
2018-05-25T18:00:00Z,-0.402,2.696,0.706,-1.024,1.976
2018-05-25T18:15:00Z,-0.402,2.696,0.706,-1.024,1.976
2018-05-25T18:30:00Z,-0.402,2.696,0.706,-1.024,1.976
2018-05-25T18:45:00Z,-0.402,2.696,0.706,-1.024,1.976
2018-05-25T19:00:00Z,-0.278,2.649,0.706,-1.025,2.052
2018-05-25T19:15:00Z,-0.278,2.649,0.706,-1.025,2.052
2018-05-25T19:30:00Z,-0.278,2.649,0.706,-1.025,2.052
2018-05-25T19:45:00Z,-0.278,2.649,0.706,-1.025,2.052
2018-05-25T20:00:00Z,-0.447,2.774,0.706,-1.024,2.009
2018-05-25T20:15:00Z,-0.447,2.774,0.706,-1.024,2.009
2018-05-25T20:30:00Z,-0.447,2.774,0.706,-1.024,2.009
2018-05-25T20:45:00Z,-0.447,2.774,0.706,-1.024,2.009
2018-05-25T21:00:00Z,-0.683,2.838,0.699,-0.994,1.86
2018-05-25T21:15:00Z,-0.683,2.838,0.699,-0.994,1.86
2018-05-25T21:30:00Z,-0.683,2.838,0.699,-0.994,1.86
2018-05-25T21:45:00Z,-0.683,2.838,0.699,-0.994,1.86
2018-05-25T22:00:00Z,-0.231,3.752,0.377,-0.973,2.924
2018-05-25T22:15:00Z,-0.231,3.752,0.377,-0.973,2.924
2018-05-25T22:30:00Z,-0.231,3.752,0.377,-0.973,2.924
2018-05-25T22:45:00Z,-0.231,3.752,0.377,-0.973,2.924
2018-05-25T23:00:00Z,0.264,2.941,0.695,-0.726,3.174
2018-05-25T23:15:00Z,0.264,2.941,0.695,-0.726,3.174
2018-05-25T23:30:00Z,0.264,2.941,0.695,-0.726,3.174
2018-05-25T23:45:00Z,0.264,2.941,0.695,-0.726,3.174
2018-05-26T00:00:00Z,0.454,2.674,0.622,-0.724,3.026
2018-05-26T00:15:00Z,0.454,2.674,0.622,-0.724,3.026
2018-05-26T00:30:00Z,0.454,2.674,0.622,-0.724,3.026
2018-05-26T00:45:00Z,0.454,2.674,0.622,-0.724,3.026
2018-05-26T01:00:00Z,0.611,2.502,0.649,-0.723,3.039
2018-05-26T01:15:00Z,0.611,2.502,0.649,-0.723,3.039
2018-05-26T01:30:00Z,0.611,2.502,0.649,-0.723,3.039
2018-05-26T01:45:00Z,0.611,2.502,0.649,-0.723,3.039
2018-05-26T02:00:00Z,0.732,2.427,0.621,-0.723,3.057
2018-05-26T02:15:00Z,0.732,2.427,0.621,-0.723,3.057
2018-05-26T02:30:00Z,0.732,2.427,0.621,-0.723,3.057
2018-05-26T02:45:00Z,0.732,2.427,0.621,-0.723,3.057
2018-05-26T03:00:00Z,0.908,2.423,0.551,-0.723,3.159
2018-05-26T03:15:00Z,0.908,2.423,0.551,-0.723,3.159
2018-05-26T03:30:00Z,0.908,2.423,0.551,-0.723,3.159
2018-05-26T03:45:00Z,0.908,2.423,0.551,-0.723,3.159
2018-05-26T04:00:00Z,1.114,2.551,0.353,-0.722,3.296
2018-05-26T04:15:00Z,1.114,2.551,0.353,-0.722,3.296
2018-05-26T04:30:00Z,1.114,2.551,0.353,-0.722,3.296
2018-05-26T04:45:00Z,1.114,2.551,0.353,-0.722,3.296
2018-05-26T05:00:00Z,1.12,2.35,0.533,-0.721,3.282
2018-05-26T05:15:00Z,1.12,2.35,0.533,-0.721,3.282
2018-05-26T05:30:00Z,1.12,2.35,0.533,-0.721,3.282
2018-05-26T05:45:00Z,1.12,2.35,0.533,-0.721,3.282
2018-05-26T06:00:00Z,0.85,2.517,0.699,-0.724,3.342
2018-05-26T06:15:00Z,0.85,2.517,0.699,-0.724,3.342
2018-05-26T06:30:00Z,0.85,2.517,0.699,-0.724,3.342
2018-05-26T06:45:00Z,0.85,2.517,0.699,-0.724,3.342
2018-05-26T07:00:00Z,0.655,3.073,0.015,-0.724,3.019
2018-05-26T07:15:00Z,0.655,3.073,0.015,-0.724,3.019
2018-05-26T07:30:00Z,0.655,3.073,0.015,-0.724,3.019
2018-05-26T07:45:00Z,0.655,3.073,0.015,-0.724,3.019
2018-05-26T08:00:00Z,0.694,3.301,0,-0.724,3.271
2018-05-26T08:15:00Z,0.694,3.301,0,-0.724,3.271
2018-05-26T08:30:00Z,0.694,3.301,0,-0.724,3.271
2018-05-26T08:45:00Z,0.694,3.301,0,-0.724,3.271
2018-05-26T09:00:00Z,0.281,3.87,0,-0.724,3.427
2018-05-26T09:15:00Z,0.281,3.87,0,-0.724,3.427
2018-05-26T09:30:00Z,0.281,3.87,0,-0.724,3.427
2018-05-26T09:45:00Z,0.281,3.87,0,-0.724,3.427
2018-05-26T10:00:00Z,-0.059,4.041,0,-0.724,3.257
2018-05-26T10:15:00Z,-0.059,4.041,0,-0.724,3.257
2018-05-26T10:30:00Z,-0.059,4.041,0,-0.724,3.257
2018-05-26T10:45:00Z,-0.059,4.041,0,-0.724,3.257
2018-05-26T11:00:00Z,0.215,3.789,0,-0.724,3.28
2018-05-26T11:15:00Z,0.215,3.789,0,-0.724,3.28
2018-05-26T11:30:00Z,0.215,3.789,0,-0.724,3.28
2018-05-26T11:45:00Z,0.215,3.789,0,-0.724,3.28
2018-05-26T12:00:00Z,0.605,3.523,0,-0.722,3.406
2018-05-26T12:15:00Z,0.605,3.523,0,-0.722,3.406
2018-05-26T12:30:00Z,0.605,3.523,0,-0.722,3.406
2018-05-26T12:45:00Z,0.605,3.523,0,-0.722,3.406
2018-05-26T13:00:00Z,0.526,3.39,0,-0.379,3.537
2018-05-26T13:15:00Z,0.526,3.39,0,-0.379,3.537
2018-05-26T13:30:00Z,0.526,3.39,0,-0.379,3.537
2018-05-26T13:45:00Z,0.526,3.39,0,-0.379,3.537
2018-05-26T14:00:00Z,0.664,3.033,0,-0.231,3.466
2018-05-26T14:15:00Z,0.664,3.033,0,-0.231,3.466
2018-05-26T14:30:00Z,0.664,3.033,0,-0.231,3.466
2018-05-26T14:45:00Z,0.664,3.033,0,-0.231,3.466
2018-05-26T15:00:00Z,0.805,3.083,0,-0.23,3.658
2018-05-26T15:15:00Z,0.805,3.083,0,-0.23,3.658
2018-05-26T15:30:00Z,0.805,3.083,0,-0.23,3.658
2018-05-26T15:45:00Z,0.805,3.083,0,-0.23,3.658
2018-05-26T16:00:00Z,0.5,3.585,0,-0.815,3.27
2018-05-26T16:15:00Z,0.5,3.585,0,-0.815,3.27
2018-05-26T16:30:00Z,0.5,3.585,0,-0.815,3.27
2018-05-26T16:45:00Z,0.5,3.585,0,-0.815,3.27
2018-05-26T17:00:00Z,0.448,3.715,0,-0.824,3.339
2018-05-26T17:15:00Z,0.448,3.715,0,-0.824,3.339
2018-05-26T17:30:00Z,0.448,3.715,0,-0.824,3.339
2018-05-26T17:45:00Z,0.448,3.715,0,-0.824,3.339
2018-05-26T18:00:00Z,0.55,3.686,0,-0.793,3.443
2018-05-26T18:15:00Z,0.55,3.686,0,-0.793,3.443
2018-05-26T18:30:00Z,0.55,3.686,0,-0.793,3.443
2018-05-26T18:45:00Z,0.55,3.686,0,-0.793,3.443
2018-05-26T19:00:00Z,0.302,3.906,0,-0.792,3.416
2018-05-26T19:15:00Z,0.302,3.906,0,-0.792,3.416
2018-05-26T19:30:00Z,0.302,3.906,0,-0.792,3.416
2018-05-26T19:45:00Z,0.302,3.906,0,-0.792,3.416
2018-05-26T20:00:00Z,-0.268,4.193,0,-0.787,3.138
2018-05-26T20:15:00Z,-0.268,4.193,0,-0.787,3.138
2018-05-26T20:30:00Z,-0.268,4.193,0,-0.787,3.138
2018-05-26T20:45:00Z,-0.268,4.193,0,-0.787,3.138
2018-05-26T21:00:00Z,-0.422,4.033,0,-0.768,2.842
2018-05-26T21:15:00Z,-0.422,4.033,0,-0.768,2.842
2018-05-26T21:30:00Z,-0.422,4.033,0,-0.768,2.842
2018-05-26T21:45:00Z,-0.422,4.033,0,-0.768,2.842
2018-05-26T22:00:00Z,-0.073,3.865,-0.001,-0.702,3.09
2018-05-26T22:15:00Z,-0.073,3.865,-0.001,-0.702,3.09
2018-05-26T22:30:00Z,-0.073,3.865,-0.001,-0.702,3.09
2018-05-26T22:45:00Z,-0.073,3.865,-0.001,-0.702,3.09
2018-05-26T23:00:00Z,0.499,3.569,-0.136,-0.652,3.28
2018-05-26T23:15:00Z,0.499,3.569,-0.136,-0.652,3.28
2018-05-26T23:30:00Z,0.499,3.569,-0.136,-0.652,3.28
2018-05-26T23:45:00Z,0.499,3.569,-0.136,-0.652,3.28
2018-05-27T00:00:00Z,0.931,3.331,-0.177,-0.674,3.411
2018-05-27T00:15:00Z,0.931,3.331,-0.177,-0.674,3.411
2018-05-27T00:30:00Z,0.931,3.331,-0.177,-0.674,3.411
2018-05-27T00:45:00Z,0.931,3.331,-0.177,-0.674,3.411
2018-05-27T01:00:00Z,0.982,3.263,-0.223,-0.388,3.634
2018-05-27T01:15:00Z,0.982,3.263,-0.223,-0.388,3.634
2018-05-27T01:30:00Z,0.982,3.263,-0.223,-0.388,3.634
2018-05-27T01:45:00Z,0.982,3.263,-0.223,-0.388,3.634
2018-05-27T02:00:00Z,0.819,2.957,-0.296,0.215,3.695
2018-05-27T02:15:00Z,0.819,2.957,-0.296,0.215,3.695
2018-05-27T02:30:00Z,0.819,2.957,-0.296,0.215,3.695
2018-05-27T02:45:00Z,0.819,2.957,-0.296,0.215,3.695
2018-05-27T03:00:00Z,0.758,2.812,-0.291,0.275,3.554
2018-05-27T03:15:00Z,0.758,2.812,-0.291,0.275,3.554
2018-05-27T03:30:00Z,0.758,2.812,-0.291,0.275,3.554
2018-05-27T03:45:00Z,0.758,2.812,-0.291,0.275,3.554
2018-05-27T04:00:00Z,0.937,2.549,-0.522,0.627,3.591
2018-05-27T04:15:00Z,0.937,2.549,-0.522,0.627,3.591
2018-05-27T04:30:00Z,0.937,2.549,-0.522,0.627,3.591
2018-05-27T04:45:00Z,0.937,2.549,-0.522,0.627,3.591
2018-05-27T05:00:00Z,0.989,2.823,-0.66,0.6,3.752
2018-05-27T05:15:00Z,0.989,2.823,-0.66,0.6,3.752
2018-05-27T05:30:00Z,0.989,2.823,-0.66,0.6,3.752
2018-05-27T05:45:00Z,0.989,2.823,-0.66,0.6,3.752
2018-05-27T06:00:00Z,1.022,3.409,-0.236,-0.443,3.752
2018-05-27T06:15:00Z,1.022,3.409,-0.236,-0.443,3.752
2018-05-27T06:30:00Z,1.022,3.409,-0.236,-0.443,3.752
2018-05-27T06:45:00Z,1.022,3.409,-0.236,-0.443,3.752
2018-05-27T07:00:00Z,0.541,3.802,-0.156,-0.616,3.571
2018-05-27T07:15:00Z,0.541,3.802,-0.156,-0.616,3.571
2018-05-27T07:30:00Z,0.541,3.802,-0.156,-0.616,3.571
2018-05-27T07:45:00Z,0.541,3.802,-0.156,-0.616,3.571
2018-05-27T08:00:00Z,0.22,4.063,-0.417,-0.439,3.427
2018-05-27T08:15:00Z,0.22,4.063,-0.417,-0.439,3.427
2018-05-27T08:30:00Z,0.22,4.063,-0.417,-0.439,3.427
2018-05-27T08:45:00Z,0.22,4.063,-0.417,-0.439,3.427
2018-05-27T09:00:00Z,-0.064,4.342,-0.54,-0.412,3.326
2018-05-27T09:15:00Z,-0.064,4.342,-0.54,-0.412,3.326
2018-05-27T09:30:00Z,-0.064,4.342,-0.54,-0.412,3.326
2018-05-27T09:45:00Z,-0.064,4.342,-0.54,-0.412,3.326
2018-05-27T10:00:00Z,0.17,4.138,-0.498,-0.412,3.398
2018-05-27T10:15:00Z,0.17,4.138,-0.498,-0.412,3.398
2018-05-27T10:30:00Z,0.17,4.138,-0.498,-0.412,3.398
2018-05-27T10:45:00Z,0.17,4.138,-0.498,-0.412,3.398
2018-05-27T11:00:00Z,0.383,3.958,-0.417,-0.412,3.512
2018-05-27T11:15:00Z,0.383,3.958,-0.417,-0.412,3.512
2018-05-27T11:30:00Z,0.383,3.958,-0.417,-0.412,3.512
2018-05-27T11:45:00Z,0.383,3.958,-0.417,-0.412,3.512
2018-05-27T12:00:00Z,0.566,3.791,-0.356,-0.362,3.639
2018-05-27T12:15:00Z,0.566,3.791,-0.356,-0.362,3.639
2018-05-27T12:30:00Z,0.566,3.791,-0.356,-0.362,3.639
2018-05-27T12:45:00Z,0.566,3.791,-0.356,-0.362,3.639
2018-05-27T13:00:00Z,0.907,3.581,-0.142,-0.361,3.985
2018-05-27T13:15:00Z,0.907,3.581,-0.142,-0.361,3.985
2018-05-27T13:30:00Z,0.907,3.581,-0.142,-0.361,3.985
2018-05-27T13:45:00Z,0.907,3.581,-0.142,-0.361,3.985
2018-05-27T14:00:00Z,0.552,3.673,0.06,-0.366,3.919
2018-05-27T14:15:00Z,0.552,3.673,0.06,-0.366,3.919
2018-05-27T14:30:00Z,0.552,3.673,0.06,-0.366,3.919
2018-05-27T14:45:00Z,0.552,3.673,0.06,-0.366,3.919
2018-05-27T15:00:00Z,0.754,3.531,0.472,-0.799,3.958
2018-05-27T15:15:00Z,0.754,3.531,0.472,-0.799,3.958
2018-05-27T15:30:00Z,0.754,3.531,0.472,-0.799,3.958
2018-05-27T15:45:00Z,0.754,3.531,0.472,-0.799,3.958
2018-05-27T16:00:00Z,0.624,3.342,0.545,-0.919,3.592
2018-05-27T16:15:00Z,0.624,3.342,0.545,-0.919,3.592
2018-05-27T16:30:00Z,0.624,3.342,0.545,-0.919,3.592
2018-05-27T16:45:00Z,0.624,3.342,0.545,-0.919,3.592
2018-05-27T17:00:00Z,0.363,3.898,0.425,-0.902,3.784
2018-05-27T17:15:00Z,0.363,3.898,0.425,-0.902,3.784
2018-05-27T17:30:00Z,0.363,3.898,0.425,-0.902,3.784
2018-05-27T17:45:00Z,0.363,3.898,0.425,-0.902,3.784
2018-05-27T18:00:00Z,0.115,4.029,0.304,-0.934,3.514
2018-05-27T18:15:00Z,0.115,4.029,0.304,-0.934,3.514
2018-05-27T18:30:00Z,0.115,4.029,0.304,-0.934,3.514
2018-05-27T18:45:00Z,0.115,4.029,0.304,-0.934,3.514
2018-05-27T19:00:00Z,0.331,3.638,0.525,-0.935,3.559
2018-05-27T19:15:00Z,0.331,3.638,0.525,-0.935,3.559
2018-05-27T19:30:00Z,0.331,3.638,0.525,-0.935,3.559
2018-05-27T19:45:00Z,0.331,3.638,0.525,-0.935,3.559
2018-05-27T20:00:00Z,0.182,3.5,0.702,-0.935,3.449
2018-05-27T20:15:00Z,0.182,3.5,0.702,-0.935,3.449
2018-05-27T20:30:00Z,0.182,3.5,0.702,-0.935,3.449
2018-05-27T20:45:00Z,0.182,3.5,0.702,-0.935,3.449
2018-05-27T21:00:00Z,-0.083,3.253,0.706,-0.933,2.943
2018-05-27T21:15:00Z,-0.083,3.253,0.706,-0.933,2.943
2018-05-27T21:30:00Z,-0.083,3.253,0.706,-0.933,2.943
2018-05-27T21:45:00Z,-0.083,3.253,0.706,-0.933,2.943
2018-05-27T22:00:00Z,-0.139,3.021,0.706,-0.898,2.69
2018-05-27T22:15:00Z,-0.139,3.021,0.706,-0.898,2.69
2018-05-27T22:30:00Z,-0.139,3.021,0.706,-0.898,2.69
2018-05-27T22:45:00Z,-0.139,3.021,0.706,-0.898,2.69
2018-05-27T23:00:00Z,0.056,3.01,0.706,-0.824,2.948
2018-05-27T23:15:00Z,0.056,3.01,0.706,-0.824,2.948
2018-05-27T23:30:00Z,0.056,3.01,0.706,-0.824,2.948
2018-05-27T23:45:00Z,0.056,3.01,0.706,-0.824,2.948
2018-05-28T00:00:00Z,0.341,2.625,0.705,-0.823,2.848
2018-05-28T00:15:00Z,0.341,2.625,0.705,-0.823,2.848
2018-05-28T00:30:00Z,0.341,2.625,0.705,-0.823,2.848
2018-05-28T00:45:00Z,0.341,2.625,0.705,-0.823,2.848
2018-05-28T01:00:00Z,0.373,2.348,0.667,-0.823,2.565
2018-05-28T01:15:00Z,0.373,2.348,0.667,-0.823,2.565
2018-05-28T01:30:00Z,0.373,2.348,0.667,-0.823,2.565
2018-05-28T01:45:00Z,0.373,2.348,0.667,-0.823,2.565
2018-05-28T02:00:00Z,0.252,2.528,0.704,-0.823,2.661
2018-05-28T02:15:00Z,0.252,2.528,0.704,-0.823,2.661
2018-05-28T02:30:00Z,0.252,2.528,0.704,-0.823,2.661
2018-05-28T02:45:00Z,0.252,2.528,0.704,-0.823,2.661
2018-05-28T03:00:00Z,0.023,2.828,0.658,-0.772,2.737
2018-05-28T03:15:00Z,0.023,2.828,0.658,-0.772,2.737
2018-05-28T03:30:00Z,0.023,2.828,0.658,-0.772,2.737
2018-05-28T03:45:00Z,0.023,2.828,0.658,-0.772,2.737
2018-05-28T04:00:00Z,0.158,2.23,0.694,-0.681,2.401
2018-05-28T04:15:00Z,0.158,2.23,0.694,-0.681,2.401
2018-05-28T04:30:00Z,0.158,2.23,0.694,-0.681,2.401
2018-05-28T04:45:00Z,0.158,2.23,0.694,-0.681,2.401
2018-05-28T05:00:00Z,-0.303,1.907,0.705,0.172,2.481
2018-05-28T05:15:00Z,-0.303,1.907,0.705,0.172,2.481
2018-05-28T05:30:00Z,-0.303,1.907,0.705,0.172,2.481
2018-05-28T05:45:00Z,-0.303,1.907,0.705,0.172,2.481
2018-05-28T06:00:00Z,-0.821,1.789,0.706,0.977,2.65
2018-05-28T06:15:00Z,-0.821,1.789,0.706,0.977,2.65
2018-05-28T06:30:00Z,-0.821,1.789,0.706,0.977,2.65
2018-05-28T06:45:00Z,-0.821,1.789,0.706,0.977,2.65
2018-05-28T07:00:00Z,-1.018,1.687,0.706,0.995,2.37
2018-05-28T07:15:00Z,-1.018,1.687,0.706,0.995,2.37
2018-05-28T07:30:00Z,-1.018,1.687,0.706,0.995,2.37
2018-05-28T07:45:00Z,-1.018,1.687,0.706,0.995,2.37
2018-05-28T08:00:00Z,-0.919,1.872,0.706,0.753,2.413
2018-05-28T08:15:00Z,-0.919,1.872,0.706,0.753,2.413
2018-05-28T08:30:00Z,-0.919,1.872,0.706,0.753,2.413
2018-05-28T08:45:00Z,-0.919,1.872,0.706,0.753,2.413
2018-05-28T09:00:00Z,-0.819,2.13,0.706,0.557,2.575
2018-05-28T09:15:00Z,-0.819,2.13,0.706,0.557,2.575
2018-05-28T09:30:00Z,-0.819,2.13,0.706,0.557,2.575
2018-05-28T09:45:00Z,-0.819,2.13,0.706,0.557,2.575
2018-05-28T10:00:00Z,-0.81,2.285,0.706,0.507,2.688
2018-05-28T10:15:00Z,-0.81,2.285,0.706,0.507,2.688
2018-05-28T10:30:00Z,-0.81,2.285,0.706,0.507,2.688
2018-05-28T10:45:00Z,-0.81,2.285,0.706,0.507,2.688
2018-05-28T11:00:00Z,-0.665,2.267,0.707,0.675,2.984
2018-05-28T11:15:00Z,-0.665,2.267,0.707,0.675,2.984
2018-05-28T11:30:00Z,-0.665,2.267,0.707,0.675,2.984
2018-05-28T11:45:00Z,-0.665,2.267,0.707,0.675,2.984
2018-05-28T12:00:00Z,-0.77,2.088,0.706,0.992,3.016
2018-05-28T12:15:00Z,-0.77,2.088,0.706,0.992,3.016
2018-05-28T12:30:00Z,-0.77,2.088,0.706,0.992,3.016
2018-05-28T12:45:00Z,-0.77,2.088,0.706,0.992,3.016
2018-05-28T13:00:00Z,-0.713,2.011,0.706,0.995,2.999
2018-05-28T13:15:00Z,-0.713,2.011,0.706,0.995,2.999
2018-05-28T13:30:00Z,-0.713,2.011,0.706,0.995,2.999
2018-05-28T13:45:00Z,-0.713,2.011,0.706,0.995,2.999
2018-05-28T14:00:00Z,-0.586,2.014,0.706,0.894,3.028
2018-05-28T14:15:00Z,-0.586,2.014,0.706,0.894,3.028
2018-05-28T14:30:00Z,-0.586,2.014,0.706,0.894,3.028
2018-05-28T14:45:00Z,-0.586,2.014,0.706,0.894,3.028
2018-05-28T15:00:00Z,-0.055,2.111,0.706,0.425,3.188
2018-05-28T15:15:00Z,-0.055,2.111,0.706,0.425,3.188
2018-05-28T15:30:00Z,-0.055,2.111,0.706,0.425,3.188
2018-05-28T15:45:00Z,-0.055,2.111,0.706,0.425,3.188
2018-05-28T16:00:00Z,0.208,2.388,0.706,-0.432,2.87
2018-05-28T16:15:00Z,0.208,2.388,0.706,-0.432,2.87
2018-05-28T16:30:00Z,0.208,2.388,0.706,-0.432,2.87
2018-05-28T16:45:00Z,0.208,2.388,0.706,-0.432,2.87
2018-05-28T17:00:00Z,-0.052,2.347,0.706,-0.546,2.455
2018-05-28T17:15:00Z,-0.052,2.347,0.706,-0.546,2.455
2018-05-28T17:30:00Z,-0.052,2.347,0.706,-0.546,2.455
2018-05-28T17:45:00Z,-0.052,2.347,0.706,-0.546,2.455
2018-05-28T18:00:00Z,-0.087,2.392,0.706,-0.289,2.722
2018-05-28T18:15:00Z,-0.087,2.392,0.706,-0.289,2.722
2018-05-28T18:30:00Z,-0.087,2.392,0.706,-0.289,2.722
2018-05-28T18:45:00Z,-0.087,2.392,0.706,-0.289,2.722
2018-05-28T19:00:00Z,-0.217,2.478,0.706,-0.226,2.741
2018-05-28T19:15:00Z,-0.217,2.478,0.706,-0.226,2.741
2018-05-28T19:30:00Z,-0.217,2.478,0.706,-0.226,2.741
2018-05-28T19:45:00Z,-0.217,2.478,0.706,-0.226,2.741
2018-05-28T20:00:00Z,-0.628,2.567,0.706,-0.139,2.506
2018-05-28T20:15:00Z,-0.628,2.567,0.706,-0.139,2.506
2018-05-28T20:30:00Z,-0.628,2.567,0.706,-0.139,2.506
2018-05-28T20:45:00Z,-0.628,2.567,0.706,-0.139,2.506
2018-05-28T21:00:00Z,-0.477,2.538,0.706,-0.32,2.448
2018-05-28T21:15:00Z,-0.477,2.538,0.706,-0.32,2.448
2018-05-28T21:30:00Z,-0.477,2.538,0.706,-0.32,2.448
2018-05-28T21:45:00Z,-0.477,2.538,0.706,-0.32,2.448
2018-05-28T22:00:00Z,-0.46,2.499,0.683,-0.866,1.855
2018-05-28T22:15:00Z,-0.46,2.499,0.683,-0.866,1.855
2018-05-28T22:30:00Z,-0.46,2.499,0.683,-0.866,1.855
2018-05-28T22:45:00Z,-0.46,2.499,0.683,-0.866,1.855
2018-05-28T23:00:00Z,-0.065,1.946,0.604,-0.825,1.659
2018-05-28T23:15:00Z,-0.065,1.946,0.604,-0.825,1.659
2018-05-28T23:30:00Z,-0.065,1.946,0.604,-0.825,1.659
2018-05-28T23:45:00Z,-0.065,1.946,0.604,-0.825,1.659
2018-05-29T00:00:00Z,0.305,1.839,0.646,-0.773,2.017
2018-05-29T00:15:00Z,0.305,1.839,0.646,-0.773,2.017
2018-05-29T00:30:00Z,0.305,1.839,0.646,-0.773,2.017
2018-05-29T00:45:00Z,0.305,1.839,0.646,-0.773,2.017
2018-05-29T01:00:00Z,0.265,1.583,0.705,-0.771,1.782
2018-05-29T01:15:00Z,0.265,1.583,0.705,-0.771,1.782
2018-05-29T01:30:00Z,0.265,1.583,0.705,-0.771,1.782
2018-05-29T01:45:00Z,0.265,1.583,0.705,-0.771,1.782
2018-05-29T02:00:00Z,0.271,0.856,0.704,-0.467,1.364
2018-05-29T02:15:00Z,0.271,0.856,0.704,-0.467,1.364
2018-05-29T02:30:00Z,0.271,0.856,0.704,-0.467,1.364
2018-05-29T02:45:00Z,0.271,0.856,0.704,-0.467,1.364
2018-05-29T03:00:00Z,0.095,0.852,0.6,-0.105,1.442
2018-05-29T03:15:00Z,0.095,0.852,0.6,-0.105,1.442
2018-05-29T03:30:00Z,0.095,0.852,0.6,-0.105,1.442
2018-05-29T03:45:00Z,0.095,0.852,0.6,-0.105,1.442
2018-05-29T04:00:00Z,-0.072,1.143,0.691,-0.105,1.657
2018-05-29T04:15:00Z,-0.072,1.143,0.691,-0.105,1.657
2018-05-29T04:30:00Z,-0.072,1.143,0.691,-0.105,1.657
2018-05-29T04:45:00Z,-0.072,1.143,0.691,-0.105,1.657
2018-05-29T05:00:00Z,0.198,1.453,0.705,-0.463,1.893
2018-05-29T05:15:00Z,0.198,1.453,0.705,-0.463,1.893
2018-05-29T05:30:00Z,0.198,1.453,0.705,-0.463,1.893
2018-05-29T05:45:00Z,0.198,1.453,0.705,-0.463,1.893
2018-05-29T06:00:00Z,-0.111,1.613,0.705,-0.001,2.206
2018-05-29T06:15:00Z,-0.111,1.613,0.705,-0.001,2.206
2018-05-29T06:30:00Z,-0.111,1.613,0.705,-0.001,2.206
2018-05-29T06:45:00Z,-0.111,1.613,0.705,-0.001,2.206
2018-05-29T07:00:00Z,-0.198,1.978,0.704,-0.244,2.24
2018-05-29T07:15:00Z,-0.198,1.978,0.704,-0.244,2.24
2018-05-29T07:30:00Z,-0.198,1.978,0.704,-0.244,2.24
2018-05-29T07:45:00Z,-0.198,1.978,0.704,-0.244,2.24
2018-05-29T08:00:00Z,-0.224,2.052,0.704,-0.001,2.532
2018-05-29T08:15:00Z,-0.224,2.052,0.704,-0.001,2.532
2018-05-29T08:30:00Z,-0.224,2.052,0.704,-0.001,2.532
2018-05-29T08:45:00Z,-0.224,2.052,0.704,-0.001,2.532
2018-05-29T09:00:00Z,-0.353,2.357,0.704,0.1,2.808
2018-05-29T09:15:00Z,-0.353,2.357,0.704,0.1,2.808
2018-05-29T09:30:00Z,-0.353,2.357,0.704,0.1,2.808
2018-05-29T09:45:00Z,-0.353,2.357,0.704,0.1,2.808
2018-05-29T10:00:00Z,-0.808,2.485,0.704,0.3,2.681
2018-05-29T10:15:00Z,-0.808,2.485,0.704,0.3,2.681
2018-05-29T10:30:00Z,-0.808,2.485,0.704,0.3,2.681
2018-05-29T10:45:00Z,-0.808,2.485,0.704,0.3,2.681
2018-05-29T11:00:00Z,-0.838,2.415,0.704,0.405,2.687
2018-05-29T11:15:00Z,-0.838,2.415,0.704,0.405,2.687
2018-05-29T11:30:00Z,-0.838,2.415,0.704,0.405,2.687
2018-05-29T11:45:00Z,-0.838,2.415,0.704,0.405,2.687
2018-05-29T12:00:00Z,-0.797,2.337,0.704,0.734,2.977
2018-05-29T12:15:00Z,-0.797,2.337,0.704,0.734,2.977
2018-05-29T12:30:00Z,-0.797,2.337,0.704,0.734,2.977
2018-05-29T12:45:00Z,-0.797,2.337,0.704,0.734,2.977
2018-05-29T13:00:00Z,-0.656,2.221,0.705,0.736,3.006
2018-05-29T13:15:00Z,-0.656,2.221,0.705,0.736,3.006
2018-05-29T13:30:00Z,-0.656,2.221,0.705,0.736,3.006
2018-05-29T13:45:00Z,-0.656,2.221,0.705,0.736,3.006
2018-05-29T14:00:00Z,-0.506,2.215,0.705,0.994,3.408
2018-05-29T14:15:00Z,-0.506,2.215,0.705,0.994,3.408
2018-05-29T14:30:00Z,-0.506,2.215,0.705,0.994,3.408
2018-05-29T14:45:00Z,-0.506,2.215,0.705,0.994,3.408
2018-05-29T15:00:00Z,-0.356,2.566,0.705,0.693,3.608
2018-05-29T15:15:00Z,-0.356,2.566,0.705,0.693,3.608
2018-05-29T15:30:00Z,-0.356,2.566,0.705,0.693,3.608
2018-05-29T15:45:00Z,-0.356,2.566,0.705,0.693,3.608
2018-05-29T16:00:00Z,-0.204,2.61,0.705,0.553,3.663
2018-05-29T16:15:00Z,-0.204,2.61,0.705,0.553,3.663
2018-05-29T16:30:00Z,-0.204,2.61,0.705,0.553,3.663
2018-05-29T16:45:00Z,-0.204,2.61,0.705,0.553,3.663
2018-05-29T17:00:00Z,-0.465,2.485,0.705,0.593,3.318
2018-05-29T17:15:00Z,-0.465,2.485,0.705,0.593,3.318
2018-05-29T17:30:00Z,-0.465,2.485,0.705,0.593,3.318
2018-05-29T17:45:00Z,-0.465,2.485,0.705,0.593,3.318
2018-05-29T18:00:00Z,-0.409,2.084,0.705,0.725,3.104
2018-05-29T18:15:00Z,-0.409,2.084,0.705,0.725,3.104
2018-05-29T18:30:00Z,-0.409,2.084,0.705,0.725,3.104
2018-05-29T18:45:00Z,-0.409,2.084,0.705,0.725,3.104
2018-05-29T19:00:00Z,-0.521,2.28,0.705,0.706,3.17
2018-05-29T19:15:00Z,-0.521,2.28,0.705,0.706,3.17
2018-05-29T19:30:00Z,-0.521,2.28,0.705,0.706,3.17
2018-05-29T19:45:00Z,-0.521,2.28,0.705,0.706,3.17
2018-05-29T20:00:00Z,-0.994,2.192,0.704,0.916,2.817
2018-05-29T20:15:00Z,-0.994,2.192,0.704,0.916,2.817
2018-05-29T20:30:00Z,-0.994,2.192,0.704,0.916,2.817
2018-05-29T20:45:00Z,-0.994,2.192,0.704,0.916,2.817
2018-05-29T21:00:00Z,-0.855,1.922,0.704,0.683,2.454
2018-05-29T21:15:00Z,-0.855,1.922,0.704,0.683,2.454
2018-05-29T21:30:00Z,-0.855,1.922,0.704,0.683,2.454
2018-05-29T21:45:00Z,-0.855,1.922,0.704,0.683,2.454
2018-05-29T22:00:00Z,-0.149,2.592,0.704,-0.934,2.212
2018-05-29T22:15:00Z,-0.149,2.592,0.704,-0.934,2.212
2018-05-29T22:30:00Z,-0.149,2.592,0.704,-0.934,2.212
2018-05-29T22:45:00Z,-0.149,2.592,0.704,-0.934,2.212
2018-05-29T23:00:00Z,0.169,2.313,0.667,-0.824,2.325
2018-05-29T23:15:00Z,0.169,2.313,0.667,-0.824,2.325
2018-05-29T23:30:00Z,0.169,2.313,0.667,-0.824,2.325
2018-05-29T23:45:00Z,0.169,2.313,0.667,-0.824,2.325
2018-05-30T00:00:00Z,0.484,1.904,0.705,-0.823,2.27
2018-05-30T00:15:00Z,0.484,1.904,0.705,-0.823,2.27
2018-05-30T00:30:00Z,0.484,1.904,0.705,-0.823,2.27
2018-05-30T00:45:00Z,0.484,1.904,0.705,-0.823,2.27
2018-05-30T01:00:00Z,0.707,1.823,0.706,-0.823,2.413
2018-05-30T01:15:00Z,0.707,1.823,0.706,-0.823,2.413
2018-05-30T01:30:00Z,0.707,1.823,0.706,-0.823,2.413
2018-05-30T01:45:00Z,0.707,1.823,0.706,-0.823,2.413
2018-05-30T02:00:00Z,0.719,1.59,0.706,-0.823,2.192
2018-05-30T02:15:00Z,0.719,1.59,0.706,-0.823,2.192
2018-05-30T02:30:00Z,0.719,1.59,0.706,-0.823,2.192
2018-05-30T02:45:00Z,0.719,1.59,0.706,-0.823,2.192
2018-05-30T03:00:00Z,0.815,1.232,0.706,-0.735,2.018
2018-05-30T03:15:00Z,0.815,1.232,0.706,-0.735,2.018
2018-05-30T03:30:00Z,0.815,1.232,0.706,-0.735,2.018
2018-05-30T03:45:00Z,0.815,1.232,0.706,-0.735,2.018
2018-05-30T04:00:00Z,0.828,0.426,0.706,0,1.96
2018-05-30T04:15:00Z,0.828,0.426,0.706,0,1.96
2018-05-30T04:30:00Z,0.828,0.426,0.706,0,1.96
2018-05-30T04:45:00Z,0.828,0.426,0.706,0,1.96
2018-05-30T05:00:00Z,0.601,1.092,0.706,-0.001,2.398
2018-05-30T05:15:00Z,0.601,1.092,0.706,-0.001,2.398
2018-05-30T05:30:00Z,0.601,1.092,0.706,-0.001,2.398
2018-05-30T05:45:00Z,0.601,1.092,0.706,-0.001,2.398
2018-05-30T06:00:00Z,0.131,1.079,0.706,0.907,2.823
2018-05-30T06:15:00Z,0.131,1.079,0.706,0.907,2.823
2018-05-30T06:30:00Z,0.131,1.079,0.706,0.907,2.823
2018-05-30T06:45:00Z,0.131,1.079,0.706,0.907,2.823
2018-05-30T07:00:00Z,-0.029,1.492,0.706,0.797,2.966
2018-05-30T07:15:00Z,-0.029,1.492,0.706,0.797,2.966
2018-05-30T07:30:00Z,-0.029,1.492,0.706,0.797,2.966
2018-05-30T07:45:00Z,-0.029,1.492,0.706,0.797,2.966
2018-05-30T08:00:00Z,0.271,1.874,0.706,-0.001,2.85
2018-05-30T08:15:00Z,0.271,1.874,0.706,-0.001,2.85
2018-05-30T08:30:00Z,0.271,1.874,0.706,-0.001,2.85
2018-05-30T08:45:00Z,0.271,1.874,0.706,-0.001,2.85
2018-05-30T09:00:00Z,-0.136,1.631,0.706,0.47,2.671
2018-05-30T09:15:00Z,-0.136,1.631,0.706,0.47,2.671
2018-05-30T09:30:00Z,-0.136,1.631,0.706,0.47,2.671
2018-05-30T09:45:00Z,-0.136,1.631,0.706,0.47,2.671
2018-05-30T10:00:00Z,-0.334,2.276,0.706,-0.001,2.648
2018-05-30T10:15:00Z,-0.334,2.276,0.706,-0.001,2.648
2018-05-30T10:30:00Z,-0.334,2.276,0.706,-0.001,2.648
2018-05-30T10:45:00Z,-0.334,2.276,0.706,-0.001,2.648
2018-05-30T11:00:00Z,-0.327,2.384,0.706,0.101,2.864
2018-05-30T11:15:00Z,-0.327,2.384,0.706,0.101,2.864
2018-05-30T11:30:00Z,-0.327,2.384,0.706,0.101,2.864
2018-05-30T11:45:00Z,-0.327,2.384,0.706,0.101,2.864
2018-05-30T12:00:00Z,-0.411,1.975,0.706,0.501,2.771
2018-05-30T12:15:00Z,-0.411,1.975,0.706,0.501,2.771
2018-05-30T12:30:00Z,-0.411,1.975,0.706,0.501,2.771
2018-05-30T12:45:00Z,-0.411,1.975,0.706,0.501,2.771
2018-05-30T13:00:00Z,-0.386,1.853,0.706,0.824,2.997
2018-05-30T13:15:00Z,-0.386,1.853,0.706,0.824,2.997
2018-05-30T13:30:00Z,-0.386,1.853,0.706,0.824,2.997
2018-05-30T13:45:00Z,-0.386,1.853,0.706,0.824,2.997
2018-05-30T14:00:00Z,-0.057,2.143,0.706,0.259,3.051
2018-05-30T14:15:00Z,-0.057,2.143,0.706,0.259,3.051
2018-05-30T14:30:00Z,-0.057,2.143,0.706,0.259,3.051
2018-05-30T14:45:00Z,-0.057,2.143,0.706,0.259,3.051
2018-05-30T15:00:00Z,0.24,1.691,0.706,0.392,3.029
2018-05-30T15:15:00Z,0.24,1.691,0.706,0.392,3.029
2018-05-30T15:30:00Z,0.24,1.691,0.706,0.392,3.029
2018-05-30T15:45:00Z,0.24,1.691,0.706,0.392,3.029
2018-05-30T16:00:00Z,0.487,1.565,0.706,-0.105,2.653
2018-05-30T16:15:00Z,0.487,1.565,0.706,-0.105,2.653
2018-05-30T16:30:00Z,0.487,1.565,0.706,-0.105,2.653
2018-05-30T16:45:00Z,0.487,1.565,0.706,-0.105,2.653
2018-05-30T17:00:00Z,0.634,1.391,0.706,-0.106,2.625
2018-05-30T17:15:00Z,0.634,1.391,0.706,-0.106,2.625
2018-05-30T17:30:00Z,0.634,1.391,0.706,-0.106,2.625
2018-05-30T17:45:00Z,0.634,1.391,0.706,-0.106,2.625
2018-05-30T18:00:00Z,0.718,1.468,0.706,-0.241,2.651
2018-05-30T18:15:00Z,0.718,1.468,0.706,-0.241,2.651
2018-05-30T18:30:00Z,0.718,1.468,0.706,-0.241,2.651
2018-05-30T18:45:00Z,0.718,1.468,0.706,-0.241,2.651
2018-05-30T19:00:00Z,0.445,1.556,0.706,-0.115,2.592
2018-05-30T19:15:00Z,0.445,1.556,0.706,-0.115,2.592
2018-05-30T19:30:00Z,0.445,1.556,0.706,-0.115,2.592
2018-05-30T19:45:00Z,0.445,1.556,0.706,-0.115,2.592
2018-05-30T20:00:00Z,-0.165,1.753,0.706,-0.001,2.293
2018-05-30T20:15:00Z,-0.165,1.753,0.706,-0.001,2.293
2018-05-30T20:30:00Z,-0.165,1.753,0.706,-0.001,2.293
2018-05-30T20:45:00Z,-0.165,1.753,0.706,-0.001,2.293
2018-05-30T21:00:00Z,-0.305,1.553,0.706,0.212,2.167
2018-05-30T21:15:00Z,-0.305,1.553,0.706,0.212,2.167
2018-05-30T21:30:00Z,-0.305,1.553,0.706,0.212,2.167
2018-05-30T21:45:00Z,-0.305,1.553,0.706,0.212,2.167
2018-05-30T22:00:00Z,0.468,1.502,0.706,-0.894,1.782
2018-05-30T22:15:00Z,0.468,1.502,0.706,-0.894,1.782
2018-05-30T22:30:00Z,0.468,1.502,0.706,-0.894,1.782
2018-05-30T22:45:00Z,0.468,1.502,0.706,-0.894,1.782
2018-05-30T23:00:00Z,0.878,1.15,0.693,-0.926,1.795
2018-05-30T23:15:00Z,0.878,1.15,0.693,-0.926,1.795
2018-05-30T23:30:00Z,0.878,1.15,0.693,-0.926,1.795
2018-05-30T23:45:00Z,0.878,1.15,0.693,-0.926,1.795
2018-05-31T00:00:00Z,1.05,1.569,0.291,-0.926,1.984
2018-05-31T00:15:00Z,1.05,1.569,0.291,-0.926,1.984
2018-05-31T00:30:00Z,1.05,1.569,0.291,-0.926,1.984
2018-05-31T00:45:00Z,1.05,1.569,0.291,-0.926,1.984
2018-05-31T01:00:00Z,1.134,0.641,0.688,-0.926,1.537
2018-05-31T01:15:00Z,1.134,0.641,0.688,-0.926,1.537
2018-05-31T01:30:00Z,1.134,0.641,0.688,-0.926,1.537
2018-05-31T01:45:00Z,1.134,0.641,0.688,-0.926,1.537
2018-05-31T02:00:00Z,1.241,0.472,0.544,-0.727,1.53
2018-05-31T02:15:00Z,1.241,0.472,0.544,-0.727,1.53
2018-05-31T02:30:00Z,1.241,0.472,0.544,-0.727,1.53
2018-05-31T02:45:00Z,1.241,0.472,0.544,-0.727,1.53
2018-05-31T03:00:00Z,0.993,0.525,0.642,-0.723,1.437
2018-05-31T03:15:00Z,0.993,0.525,0.642,-0.723,1.437
2018-05-31T03:30:00Z,0.993,0.525,0.642,-0.723,1.437
2018-05-31T03:45:00Z,0.993,0.525,0.642,-0.723,1.437
2018-05-31T04:00:00Z,0.287,1.311,0.646,-0.72,1.524
2018-05-31T04:15:00Z,0.287,1.311,0.646,-0.72,1.524
2018-05-31T04:30:00Z,0.287,1.311,0.646,-0.72,1.524
2018-05-31T04:45:00Z,0.287,1.311,0.646,-0.72,1.524
2018-05-31T05:00:00Z,0.156,1.704,0.705,-0.341,2.224
2018-05-31T05:15:00Z,0.156,1.704,0.705,-0.341,2.224
2018-05-31T05:30:00Z,0.156,1.704,0.705,-0.341,2.224
2018-05-31T05:45:00Z,0.156,1.704,0.705,-0.341,2.224
2018-05-31T06:00:00Z,-0.237,1.818,0.706,0.65,2.937
2018-05-31T06:15:00Z,-0.237,1.818,0.706,0.65,2.937
2018-05-31T06:30:00Z,-0.237,1.818,0.706,0.65,2.937
2018-05-31T06:45:00Z,-0.237,1.818,0.706,0.65,2.937
2018-05-31T07:00:00Z,-0.517,1.703,0.706,1.044,2.936
2018-05-31T07:15:00Z,-0.517,1.703,0.706,1.044,2.936
2018-05-31T07:30:00Z,-0.517,1.703,0.706,1.044,2.936
2018-05-31T07:45:00Z,-0.517,1.703,0.706,1.044,2.936
2018-05-31T08:00:00Z,-0.224,1.539,0.705,0.674,2.694
2018-05-31T08:15:00Z,-0.224,1.539,0.705,0.674,2.694
2018-05-31T08:30:00Z,-0.224,1.539,0.705,0.674,2.694
2018-05-31T08:45:00Z,-0.224,1.539,0.705,0.674,2.694
2018-05-31T09:00:00Z,-0.709,1.596,0.704,0.993,2.584
2018-05-31T09:15:00Z,-0.709,1.596,0.704,0.993,2.584
2018-05-31T09:30:00Z,-0.709,1.596,0.704,0.993,2.584
2018-05-31T09:45:00Z,-0.709,1.596,0.704,0.993,2.584
2018-05-31T10:00:00Z,-0.498,1.52,0.705,0.85,2.577
2018-05-31T10:15:00Z,-0.498,1.52,0.705,0.85,2.577
2018-05-31T10:30:00Z,-0.498,1.52,0.705,0.85,2.577
2018-05-31T10:45:00Z,-0.498,1.52,0.705,0.85,2.577
2018-05-31T11:00:00Z,-0.441,1.493,0.703,0.849,2.603
2018-05-31T11:15:00Z,-0.441,1.493,0.703,0.849,2.603
2018-05-31T11:30:00Z,-0.441,1.493,0.703,0.849,2.603
2018-05-31T11:45:00Z,-0.441,1.493,0.703,0.849,2.603
2018-05-31T12:00:00Z,-0.24,1.329,0.706,0.775,2.57
2018-05-31T12:15:00Z,-0.24,1.329,0.706,0.775,2.57
2018-05-31T12:30:00Z,-0.24,1.329,0.706,0.775,2.57
2018-05-31T12:45:00Z,-0.24,1.329,0.706,0.775,2.57
2018-05-31T13:00:00Z,-0.197,1.364,0.706,0.775,2.649
2018-05-31T13:15:00Z,-0.197,1.364,0.706,0.775,2.649
2018-05-31T13:30:00Z,-0.197,1.364,0.706,0.775,2.649
2018-05-31T13:45:00Z,-0.197,1.364,0.706,0.775,2.649
2018-05-31T14:00:00Z,-0.124,1.668,0.706,0.663,2.913
2018-05-31T14:15:00Z,-0.124,1.668,0.706,0.663,2.913
2018-05-31T14:30:00Z,-0.124,1.668,0.706,0.663,2.913
2018-05-31T14:45:00Z,-0.124,1.668,0.706,0.663,2.913
2018-05-31T15:00:00Z,-0.356,2.023,0.706,0.687,3.06
2018-05-31T15:15:00Z,-0.356,2.023,0.706,0.687,3.06
2018-05-31T15:30:00Z,-0.356,2.023,0.706,0.687,3.06
2018-05-31T15:45:00Z,-0.356,2.023,0.706,0.687,3.06
2018-05-31T16:00:00Z,-0.404,2.016,0.706,0.264,2.582
2018-05-31T16:15:00Z,-0.404,2.016,0.706,0.264,2.582
2018-05-31T16:30:00Z,-0.404,2.016,0.706,0.264,2.582
2018-05-31T16:45:00Z,-0.404,2.016,0.706,0.264,2.582
2018-05-31T17:00:00Z,-0.238,1.99,0.706,-0.001,2.457
2018-05-31T17:15:00Z,-0.238,1.99,0.706,-0.001,2.457
2018-05-31T17:30:00Z,-0.238,1.99,0.706,-0.001,2.457
2018-05-31T17:45:00Z,-0.238,1.99,0.706,-0.001,2.457
2018-05-31T18:00:00Z,0.055,1.526,0.706,0.384,2.671
2018-05-31T18:15:00Z,0.055,1.526,0.706,0.384,2.671
2018-05-31T18:30:00Z,0.055,1.526,0.706,0.384,2.671
2018-05-31T18:45:00Z,0.055,1.526,0.706,0.384,2.671
2018-05-31T19:00:00Z,0.216,1.514,0.706,0.229,2.665
2018-05-31T19:15:00Z,0.216,1.514,0.706,0.229,2.665
2018-05-31T19:30:00Z,0.216,1.514,0.706,0.229,2.665
2018-05-31T19:45:00Z,0.216,1.514,0.706,0.229,2.665
2018-05-31T20:00:00Z,-0.2,1.926,0.706,-0.001,2.431
2018-05-31T20:15:00Z,-0.2,1.926,0.706,-0.001,2.431
2018-05-31T20:30:00Z,-0.2,1.926,0.706,-0.001,2.431
2018-05-31T20:45:00Z,-0.2,1.926,0.706,-0.001,2.431
2018-05-31T21:00:00Z,-0.535,2.045,0.706,-0.188,2.027
2018-05-31T21:15:00Z,-0.535,2.045,0.706,-0.188,2.027
2018-05-31T21:30:00Z,-0.535,2.045,0.706,-0.188,2.027
2018-05-31T21:45:00Z,-0.535,2.045,0.706,-0.188,2.027
2018-05-31T22:00:00Z,-0.364,2.405,0.706,-0.675,2.072
2018-05-31T22:15:00Z,-0.364,2.405,0.706,-0.675,2.072
2018-05-31T22:30:00Z,-0.364,2.405,0.706,-0.675,2.072
2018-05-31T22:45:00Z,-0.364,2.405,0.706,-0.675,2.072
2018-05-31T23:00:00Z,0.161,1.596,0.706,-0.851,1.612
2018-05-31T23:15:00Z,0.161,1.596,0.706,-0.851,1.612
2018-05-31T23:30:00Z,0.161,1.596,0.706,-0.851,1.612
2018-05-31T23:45:00Z,0.161,1.596,0.706,-0.851,1.612
