tijdstip_utc,belgium,germany,norway,united_kingdom,sum
2019-03-01T00:00:00Z,0.289,1.699,-0.73,-1.001,0.257
2019-03-01T00:15:00Z,0.289,1.699,-0.73,-1.001,0.257
2019-03-01T00:30:00Z,0.289,1.699,-0.73,-1.001,0.257
2019-03-01T00:45:00Z,0.289,1.699,-0.73,-1.001,0.257
2019-03-01T01:00:00Z,0.593,1.414,-0.729,-1,0.277
2019-03-01T01:15:00Z,0.593,1.414,-0.729,-1,0.277
2019-03-01T01:30:00Z,0.593,1.414,-0.729,-1,0.277
2019-03-01T01:45:00Z,0.593,1.414,-0.729,-1,0.277
2019-03-01T02:00:00Z,1.05,0.838,-0.729,-1.001,0.157
2019-03-01T02:15:00Z,1.05,0.838,-0.729,-1.001,0.157
2019-03-01T02:30:00Z,1.05,0.838,-0.729,-1.001,0.157
2019-03-01T02:45:00Z,1.05,0.838,-0.729,-1.001,0.157
2019-03-01T03:00:00Z,0.918,0.506,-0.724,-1,-0.301
2019-03-01T03:15:00Z,0.918,0.506,-0.724,-1,-0.301
2019-03-01T03:30:00Z,0.918,0.506,-0.724,-1,-0.301
2019-03-01T03:45:00Z,0.918,0.506,-0.724,-1,-0.301
2019-03-01T04:00:00Z,0.511,0.058,-0.584,-0.999,-1.014
2019-03-01T04:15:00Z,0.511,0.058,-0.584,-0.999,-1.014
2019-03-01T04:30:00Z,0.511,0.058,-0.584,-0.999,-1.014
2019-03-01T04:45:00Z,0.511,0.058,-0.584,-0.999,-1.014
2019-03-01T05:00:00Z,-0.182,-0.046,0.015,-0.999,-1.212
2019-03-01T05:15:00Z,-0.182,-0.046,0.015,-0.999,-1.212
2019-03-01T05:30:00Z,-0.182,-0.046,0.015,-0.999,-1.212
2019-03-01T05:45:00Z,-0.182,-0.046,0.015,-0.999,-1.212
2019-03-01T06:00:00Z,-0.498,0.204,0.499,-1.024,-0.819
2019-03-01T06:15:00Z,-0.498,0.204,0.499,-1.024,-0.819
2019-03-01T06:30:00Z,-0.498,0.204,0.499,-1.024,-0.819
2019-03-01T06:45:00Z,-0.498,0.204,0.499,-1.024,-0.819
2019-03-01T07:00:00Z,-0.746,0.563,0.704,-1.028,-0.507
2019-03-01T07:15:00Z,-0.746,0.563,0.704,-1.028,-0.507
2019-03-01T07:30:00Z,-0.746,0.563,0.704,-1.028,-0.507
2019-03-01T07:45:00Z,-0.746,0.563,0.704,-1.028,-0.507
2019-03-01T08:00:00Z,-0.97,1.04,0.704,-1.087,-0.313
2019-03-01T08:15:00Z,-0.97,1.04,0.704,-1.087,-0.313
2019-03-01T08:30:00Z,-0.97,1.04,0.704,-1.087,-0.313
2019-03-01T08:45:00Z,-0.97,1.04,0.704,-1.087,-0.313
2019-03-01T09:00:00Z,-1.285,1.378,0.704,-1.086,-0.289
2019-03-01T09:15:00Z,-1.285,1.378,0.704,-1.086,-0.289
2019-03-01T09:30:00Z,-1.285,1.378,0.704,-1.086,-0.289
2019-03-01T09:45:00Z,-1.285,1.378,0.704,-1.086,-0.289
2019-03-01T10:00:00Z,-1.595,1.583,0.704,-1.086,-0.394
2019-03-01T10:15:00Z,-1.595,1.583,0.704,-1.086,-0.394
2019-03-01T10:30:00Z,-1.595,1.583,0.704,-1.086,-0.394
2019-03-01T10:45:00Z,-1.595,1.583,0.704,-1.086,-0.394
2019-03-01T11:00:00Z,-2.035,1.58,0.704,-1.084,-0.835
2019-03-01T11:15:00Z,-2.035,1.58,0.704,-1.084,-0.835
2019-03-01T11:30:00Z,-2.035,1.58,0.704,-1.084,-0.835
2019-03-01T11:45:00Z,-2.035,1.58,0.704,-1.084,-0.835
2019-03-01T12:00:00Z,-2.001,1.625,0.704,-1.026,-0.698
2019-03-01T12:15:00Z,-2.001,1.625,0.704,-1.026,-0.698
2019-03-01T12:30:00Z,-2.001,1.625,0.704,-1.026,-0.698
2019-03-01T12:45:00Z,-2.001,1.625,0.704,-1.026,-0.698
2019-03-01T13:00:00Z,-2.124,1.744,0.704,-1.026,-0.701
2019-03-01T13:15:00Z,-2.124,1.744,0.704,-1.026,-0.701
2019-03-01T13:30:00Z,-2.124,1.744,0.704,-1.026,-0.701
2019-03-01T13:45:00Z,-2.124,1.744,0.704,-1.026,-0.701
2019-03-01T14:00:00Z,-1.593,1.399,0.704,-1.026,-0.515
2019-03-01T14:15:00Z,-1.593,1.399,0.704,-1.026,-0.515
2019-03-01T14:30:00Z,-1.593,1.399,0.704,-1.026,-0.515
2019-03-01T14:45:00Z,-1.593,1.399,0.704,-1.026,-0.515
2019-03-01T15:00:00Z,-1.198,1.299,0.704,-1.025,-0.22
2019-03-01T15:15:00Z,-1.198,1.299,0.704,-1.025,-0.22
2019-03-01T15:30:00Z,-1.198,1.299,0.704,-1.025,-0.22
2019-03-01T15:45:00Z,-1.198,1.299,0.704,-1.025,-0.22
2019-03-01T16:00:00Z,-1.215,1.405,0.704,-1.028,-0.134
2019-03-01T16:15:00Z,-1.215,1.405,0.704,-1.028,-0.134
2019-03-01T16:30:00Z,-1.215,1.405,0.704,-1.028,-0.134
2019-03-01T16:45:00Z,-1.215,1.405,0.704,-1.028,-0.134
2019-03-01T17:00:00Z,-1.687,1.503,0.704,-1.087,-0.567
2019-03-01T17:15:00Z,-1.687,1.503,0.704,-1.087,-0.567
2019-03-01T17:30:00Z,-1.687,1.503,0.704,-1.087,-0.567
2019-03-01T17:45:00Z,-1.687,1.503,0.704,-1.087,-0.567
2019-03-01T18:00:00Z,-2.127,1.662,0.704,-1.086,-0.847
2019-03-01T18:15:00Z,-2.127,1.662,0.704,-1.086,-0.847
2019-03-01T18:30:00Z,-2.127,1.662,0.704,-1.086,-0.847
2019-03-01T18:45:00Z,-2.127,1.662,0.704,-1.086,-0.847
2019-03-01T19:00:00Z,-2.079,1.266,0.704,-1.087,-1.195
2019-03-01T19:15:00Z,-2.079,1.266,0.704,-1.087,-1.195
2019-03-01T19:30:00Z,-2.079,1.266,0.704,-1.087,-1.195
2019-03-01T19:45:00Z,-2.079,1.266,0.704,-1.087,-1.195
2019-03-01T20:00:00Z,-1.825,0.932,0.704,-1.084,-1.272
2019-03-01T20:15:00Z,-1.825,0.932,0.704,-1.084,-1.272
2019-03-01T20:30:00Z,-1.825,0.932,0.704,-1.084,-1.272
2019-03-01T20:45:00Z,-1.825,0.932,0.704,-1.084,-1.272
2019-03-01T21:00:00Z,-2.46,1.397,0.679,-1.026,-1.41
2019-03-01T21:15:00Z,-2.46,1.397,0.679,-1.026,-1.41
2019-03-01T21:30:00Z,-2.46,1.397,0.679,-1.026,-1.41
2019-03-01T21:45:00Z,-2.46,1.397,0.679,-1.026,-1.41
2019-03-01T22:00:00Z,-2.37,2.049,0.241,-1.023,-1.104
2019-03-01T22:15:00Z,-2.37,2.049,0.241,-1.023,-1.104
2019-03-01T22:30:00Z,-2.37,2.049,0.241,-1.023,-1.104
2019-03-01T22:45:00Z,-2.37,2.049,0.241,-1.023,-1.104
2019-03-01T23:00:00Z,-1.906,2.699,-0.143,-0.973,-0.323
2019-03-01T23:15:00Z,-1.906,2.699,-0.143,-0.973,-0.323
2019-03-01T23:30:00Z,-1.906,2.699,-0.143,-0.973,-0.323
2019-03-01T23:45:00Z,-1.906,2.699,-0.143,-0.973,-0.323
2019-03-02T00:00:00Z,-1.266,2.759,-0.198,-0.926,0.37
2019-03-02T00:15:00Z,-1.266,2.759,-0.198,-0.926,0.37
2019-03-02T00:30:00Z,-1.266,2.759,-0.198,-0.926,0.37
2019-03-02T00:45:00Z,-1.266,2.759,-0.198,-0.926,0.37
2019-03-02T01:00:00Z,-0.545,2.061,-0.185,-0.923,0.408
2019-03-02T01:15:00Z,-0.545,2.061,-0.185,-0.923,0.408
2019-03-02T01:30:00Z,-0.545,2.061,-0.185,-0.923,0.408
2019-03-02T01:45:00Z,-0.545,2.061,-0.185,-0.923,0.408
2019-03-02T02:00:00Z,-0.014,1.887,-0.709,-0.876,0.288
2019-03-02T02:15:00Z,-0.014,1.887,-0.709,-0.876,0.288
2019-03-02T02:30:00Z,-0.014,1.887,-0.709,-0.876,0.288
2019-03-02T02:45:00Z,-0.014,1.887,-0.709,-0.876,0.288
2019-03-02T03:00:00Z,0.272,1.49,-0.532,-0.876,0.354
2019-03-02T03:15:00Z,0.272,1.49,-0.532,-0.876,0.354
2019-03-02T03:30:00Z,0.272,1.49,-0.532,-0.876,0.354
2019-03-02T03:45:00Z,0.272,1.49,-0.532,-0.876,0.354
2019-03-02T04:00:00Z,0.262,1.591,-0.72,-0.875,0.258
2019-03-02T04:15:00Z,0.262,1.591,-0.72,-0.875,0.258
2019-03-02T04:30:00Z,0.262,1.591,-0.72,-0.875,0.258
2019-03-02T04:45:00Z,0.262,1.591,-0.72,-0.875,0.258
2019-03-02T05:00:00Z,-0.125,1.674,-0.479,-0.875,0.195
2019-03-02T05:15:00Z,-0.125,1.674,-0.479,-0.875,0.195
2019-03-02T05:30:00Z,-0.125,1.674,-0.479,-0.875,0.195
2019-03-02T05:45:00Z,-0.125,1.674,-0.479,-0.875,0.195
2019-03-02T06:00:00Z,-0.261,1.449,0.126,-0.877,0.437
2019-03-02T06:15:00Z,-0.261,1.449,0.126,-0.877,0.437
2019-03-02T06:30:00Z,-0.261,1.449,0.126,-0.877,0.437
2019-03-02T06:45:00Z,-0.261,1.449,0.126,-0.877,0.437
2019-03-02T07:00:00Z,-0.533,1.549,0.687,-0.928,0.775
2019-03-02T07:15:00Z,-0.533,1.549,0.687,-0.928,0.775
2019-03-02T07:30:00Z,-0.533,1.549,0.687,-0.928,0.775
2019-03-02T07:45:00Z,-0.533,1.549,0.687,-0.928,0.775
2019-03-02T08:00:00Z,-0.609,2.028,0.703,-0.976,1.148
2019-03-02T08:15:00Z,-0.609,2.028,0.703,-0.976,1.148
2019-03-02T08:30:00Z,-0.609,2.028,0.703,-0.976,1.148
2019-03-02T08:45:00Z,-0.609,2.028,0.703,-0.976,1.148
2019-03-02T09:00:00Z,-0.53,1.963,0.698,-0.978,1.152
2019-03-02T09:15:00Z,-0.53,1.963,0.698,-0.978,1.152
2019-03-02T09:30:00Z,-0.53,1.963,0.698,-0.978,1.152
2019-03-02T09:45:00Z,-0.53,1.963,0.698,-0.978,1.152
2019-03-02T10:00:00Z,-0.708,1.543,0.527,-1.025,0.337
2019-03-02T10:15:00Z,-0.708,1.543,0.527,-1.025,0.337
2019-03-02T10:30:00Z,-0.708,1.543,0.527,-1.025,0.337
2019-03-02T10:45:00Z,-0.708,1.543,0.527,-1.025,0.337
2019-03-02T11:00:00Z,-1.047,1.944,-0.027,-0.975,-0.104
2019-03-02T11:15:00Z,-1.047,1.944,-0.027,-0.975,-0.104
2019-03-02T11:30:00Z,-1.047,1.944,-0.027,-0.975,-0.104
2019-03-02T11:45:00Z,-1.047,1.944,-0.027,-0.975,-0.104
2019-03-02T12:00:00Z,-0.382,1.659,-0.601,-0.946,-0.27
2019-03-02T12:15:00Z,-0.382,1.659,-0.601,-0.946,-0.27
2019-03-02T12:30:00Z,-0.382,1.659,-0.601,-0.946,-0.27
2019-03-02T12:45:00Z,-0.382,1.659,-0.601,-0.946,-0.27
2019-03-02T13:00:00Z,0.331,1.579,-0.705,-0.943,0.262
2019-03-02T13:15:00Z,0.331,1.579,-0.705,-0.943,0.262
2019-03-02T13:30:00Z,0.331,1.579,-0.705,-0.943,0.262
2019-03-02T13:45:00Z,0.331,1.579,-0.705,-0.943,0.262
2019-03-02T14:00:00Z,0.599,0.933,-0.281,-0.93,0.321
2019-03-02T14:15:00Z,0.599,0.933,-0.281,-0.93,0.321
2019-03-02T14:30:00Z,0.599,0.933,-0.281,-0.93,0.321
2019-03-02T14:45:00Z,0.599,0.933,-0.281,-0.93,0.321
2019-03-02T15:00:00Z,-0.112,1.024,0.013,-0.579,0.346
2019-03-02T15:15:00Z,-0.112,1.024,0.013,-0.579,0.346
2019-03-02T15:30:00Z,-0.112,1.024,0.013,-0.579,0.346
2019-03-02T15:45:00Z,-0.112,1.024,0.013,-0.579,0.346
2019-03-02T16:00:00Z,-0.254,1.22,0.363,-0.787,0.541
2019-03-02T16:15:00Z,-0.254,1.22,0.363,-0.787,0.541
2019-03-02T16:30:00Z,-0.254,1.22,0.363,-0.787,0.541
2019-03-02T16:45:00Z,-0.254,1.22,0.363,-0.787,0.541
2019-03-02T17:00:00Z,-0.99,1.485,0.67,-1.086,0.078
2019-03-02T17:15:00Z,-0.99,1.485,0.67,-1.086,0.078
2019-03-02T17:30:00Z,-0.99,1.485,0.67,-1.086,0.078
2019-03-02T17:45:00Z,-0.99,1.485,0.67,-1.086,0.078
2019-03-02T18:00:00Z,-1.558,2.206,0.174,-1.086,-0.265
2019-03-02T18:15:00Z,-1.558,2.206,0.174,-1.086,-0.265
2019-03-02T18:30:00Z,-1.558,2.206,0.174,-1.086,-0.265
2019-03-02T18:45:00Z,-1.558,2.206,0.174,-1.086,-0.265
2019-03-02T19:00:00Z,-1.115,2.567,-0.406,-1.081,-0.035
2019-03-02T19:15:00Z,-1.115,2.567,-0.406,-1.081,-0.035
2019-03-02T19:30:00Z,-1.115,2.567,-0.406,-1.081,-0.035
2019-03-02T19:45:00Z,-1.115,2.567,-0.406,-1.081,-0.035
2019-03-02T20:00:00Z,-0.498,2.26,-0.729,-0.974,0.059
2019-03-02T20:15:00Z,-0.498,2.26,-0.729,-0.974,0.059
2019-03-02T20:30:00Z,-0.498,2.26,-0.729,-0.974,0.059
2019-03-02T20:45:00Z,-0.498,2.26,-0.729,-0.974,0.059
2019-03-02T21:00:00Z,-0.785,2.341,-0.73,-0.897,-0.071
2019-03-02T21:15:00Z,-0.785,2.341,-0.73,-0.897,-0.071
2019-03-02T21:30:00Z,-0.785,2.341,-0.73,-0.897,-0.071
2019-03-02T21:45:00Z,-0.785,2.341,-0.73,-0.897,-0.071
2019-03-02T22:00:00Z,-1.514,2.39,-0.73,-0.238,-0.091
2019-03-02T22:15:00Z,-1.514,2.39,-0.73,-0.238,-0.091
2019-03-02T22:30:00Z,-1.514,2.39,-0.73,-0.238,-0.091
2019-03-02T22:45:00Z,-1.514,2.39,-0.73,-0.238,-0.091
2019-03-02T23:00:00Z,-1.324,2.348,-0.726,-0.197,0.101
2019-03-02T23:15:00Z,-1.324,2.348,-0.726,-0.197,0.101
2019-03-02T23:30:00Z,-1.324,2.348,-0.726,-0.197,0.101
2019-03-02T23:45:00Z,-1.324,2.348,-0.726,-0.197,0.101
2019-03-03T00:00:00Z,-1.529,2.257,-0.653,-0.097,-0.022
2019-03-03T00:15:00Z,-1.529,2.257,-0.653,-0.097,-0.022
2019-03-03T00:30:00Z,-1.529,2.257,-0.653,-0.097,-0.022
2019-03-03T00:45:00Z,-1.529,2.257,-0.653,-0.097,-0.022
2019-03-03T01:00:00Z,-1.428,2.195,-0.73,0.12,0.158
2019-03-03T01:15:00Z,-1.428,2.195,-0.73,0.12,0.158
2019-03-03T01:30:00Z,-1.428,2.195,-0.73,0.12,0.158
2019-03-03T01:45:00Z,-1.428,2.195,-0.73,0.12,0.158
2019-03-03T02:00:00Z,-1.742,2.293,-0.73,0.405,0.226
2019-03-03T02:15:00Z,-1.742,2.293,-0.73,0.405,0.226
2019-03-03T02:30:00Z,-1.742,2.293,-0.73,0.405,0.226
2019-03-03T02:45:00Z,-1.742,2.293,-0.73,0.405,0.226
2019-03-03T03:00:00Z,-1.796,2.317,-0.73,0.522,0.312
2019-03-03T03:15:00Z,-1.796,2.317,-0.73,0.522,0.312
2019-03-03T03:30:00Z,-1.796,2.317,-0.73,0.522,0.312
2019-03-03T03:45:00Z,-1.796,2.317,-0.73,0.522,0.312
2019-03-03T04:00:00Z,-1.847,2.383,-0.73,0.438,0.244
2019-03-03T04:15:00Z,-1.847,2.383,-0.73,0.438,0.244
2019-03-03T04:30:00Z,-1.847,2.383,-0.73,0.438,0.244
2019-03-03T04:45:00Z,-1.847,2.383,-0.73,0.438,0.244
2019-03-03T05:00:00Z,-1.926,2.626,-0.711,-0.001,-0.012
2019-03-03T05:15:00Z,-1.926,2.626,-0.711,-0.001,-0.012
2019-03-03T05:30:00Z,-1.926,2.626,-0.711,-0.001,-0.012
2019-03-03T05:45:00Z,-1.926,2.626,-0.711,-0.001,-0.012
2019-03-03T06:00:00Z,-1.792,2.399,-0.342,-0.106,0.159
2019-03-03T06:15:00Z,-1.792,2.399,-0.342,-0.106,0.159
2019-03-03T06:30:00Z,-1.792,2.399,-0.342,-0.106,0.159
2019-03-03T06:45:00Z,-1.792,2.399,-0.342,-0.106,0.159
2019-03-03T07:00:00Z,-1.318,2.273,-0.165,-0.397,0.393
2019-03-03T07:15:00Z,-1.318,2.273,-0.165,-0.397,0.393
2019-03-03T07:30:00Z,-1.318,2.273,-0.165,-0.397,0.393
2019-03-03T07:45:00Z,-1.318,2.273,-0.165,-0.397,0.393
2019-03-03T08:00:00Z,-1.189,2.269,0.308,-0.875,0.513
2019-03-03T08:15:00Z,-1.189,2.269,0.308,-0.875,0.513
2019-03-03T08:30:00Z,-1.189,2.269,0.308,-0.875,0.513
2019-03-03T08:45:00Z,-1.189,2.269,0.308,-0.875,0.513
2019-03-03T09:00:00Z,-1.254,2.272,0.51,-0.882,0.647
2019-03-03T09:15:00Z,-1.254,2.272,0.51,-0.882,0.647
2019-03-03T09:30:00Z,-1.254,2.272,0.51,-0.882,0.647
2019-03-03T09:45:00Z,-1.254,2.272,0.51,-0.882,0.647
2019-03-03T10:00:00Z,-1.364,2.345,0.703,-0.879,0.805
2019-03-03T10:15:00Z,-1.364,2.345,0.703,-0.879,0.805
2019-03-03T10:30:00Z,-1.364,2.345,0.703,-0.879,0.805
2019-03-03T10:45:00Z,-1.364,2.345,0.703,-0.879,0.805
2019-03-03T11:00:00Z,-1.614,2.481,0.695,-0.847,0.716
2019-03-03T11:15:00Z,-1.614,2.481,0.695,-0.847,0.716
2019-03-03T11:30:00Z,-1.614,2.481,0.695,-0.847,0.716
2019-03-03T11:45:00Z,-1.614,2.481,0.695,-0.847,0.716
2019-03-03T12:00:00Z,-1.169,2.374,0.46,-0.971,0.694
2019-03-03T12:15:00Z,-1.169,2.374,0.46,-0.971,0.694
2019-03-03T12:30:00Z,-1.169,2.374,0.46,-0.971,0.694
2019-03-03T12:45:00Z,-1.169,2.374,0.46,-0.971,0.694
2019-03-03T13:00:00Z,-0.56,2.557,-0.111,-0.993,0.893
2019-03-03T13:15:00Z,-0.56,2.557,-0.111,-0.993,0.893
2019-03-03T13:30:00Z,-0.56,2.557,-0.111,-0.993,0.893
2019-03-03T13:45:00Z,-0.56,2.557,-0.111,-0.993,0.893
2019-03-03T14:00:00Z,0.098,2.812,-0.695,-0.995,1.219
2019-03-03T14:15:00Z,0.098,2.812,-0.695,-0.995,1.219
2019-03-03T14:30:00Z,0.098,2.812,-0.695,-0.995,1.219
2019-03-03T14:45:00Z,0.098,2.812,-0.695,-0.995,1.219
2019-03-03T15:00:00Z,0.898,2.754,-0.73,-0.994,1.929
2019-03-03T15:15:00Z,0.898,2.754,-0.73,-0.994,1.929
2019-03-03T15:30:00Z,0.898,2.754,-0.73,-0.994,1.929
2019-03-03T15:45:00Z,0.898,2.754,-0.73,-0.994,1.929
2019-03-03T16:00:00Z,0.755,2.462,-0.73,-1.027,1.46
2019-03-03T16:15:00Z,0.755,2.462,-0.73,-1.027,1.46
2019-03-03T16:30:00Z,0.755,2.462,-0.73,-1.027,1.46
2019-03-03T16:45:00Z,0.755,2.462,-0.73,-1.027,1.46
2019-03-03T17:00:00Z,0.181,2.516,-0.712,-1.086,0.899
2019-03-03T17:15:00Z,0.181,2.516,-0.712,-1.086,0.899
2019-03-03T17:30:00Z,0.181,2.516,-0.712,-1.086,0.899
2019-03-03T17:45:00Z,0.181,2.516,-0.712,-1.086,0.899
2019-03-03T18:00:00Z,-0.773,2.775,-0.359,-1.086,0.558
2019-03-03T18:15:00Z,-0.773,2.775,-0.359,-1.086,0.558
2019-03-03T18:30:00Z,-0.773,2.775,-0.359,-1.086,0.558
2019-03-03T18:45:00Z,-0.773,2.775,-0.359,-1.086,0.558
2019-03-03T19:00:00Z,-0.968,2.304,-0.118,-1.086,0.132
2019-03-03T19:15:00Z,-0.968,2.304,-0.118,-1.086,0.132
2019-03-03T19:30:00Z,-0.968,2.304,-0.118,-1.086,0.132
2019-03-03T19:45:00Z,-0.968,2.304,-0.118,-1.086,0.132
2019-03-03T20:00:00Z,-1.062,2.16,-0.103,-1.079,-0.084
2019-03-03T20:15:00Z,-1.062,2.16,-0.103,-1.079,-0.084
2019-03-03T20:30:00Z,-1.062,2.16,-0.103,-1.079,-0.084
2019-03-03T20:45:00Z,-1.062,2.16,-0.103,-1.079,-0.084
2019-03-03T21:00:00Z,-0.944,1.916,0,-0.92,0.053
2019-03-03T21:15:00Z,-0.944,1.916,0,-0.92,0.053
2019-03-03T21:30:00Z,-0.944,1.916,0,-0.92,0.053
2019-03-03T21:45:00Z,-0.944,1.916,0,-0.92,0.053
2019-03-03T22:00:00Z,-1.453,2.094,-0.092,-0.726,-0.177
2019-03-03T22:15:00Z,-1.453,2.094,-0.092,-0.726,-0.177
2019-03-03T22:30:00Z,-1.453,2.094,-0.092,-0.726,-0.177
2019-03-03T22:45:00Z,-1.453,2.094,-0.092,-0.726,-0.177
2019-03-03T23:00:00Z,-0.7,1.612,-0.249,-0.001,0.662
2019-03-03T23:15:00Z,-0.7,1.612,-0.249,-0.001,0.662
2019-03-03T23:30:00Z,-0.7,1.612,-0.249,-0.001,0.662
2019-03-03T23:45:00Z,-0.7,1.612,-0.249,-0.001,0.662
2019-03-04T00:00:00Z,-0.948,1.936,-0.072,-0.001,0.915
2019-03-04T00:15:00Z,-0.948,1.936,-0.072,-0.001,0.915
2019-03-04T00:30:00Z,-0.948,1.936,-0.072,-0.001,0.915
2019-03-04T00:45:00Z,-0.948,1.936,-0.072,-0.001,0.915
2019-03-04T01:00:00Z,-0.824,1.797,-0.459,-0.001,0.513
2019-03-04T01:15:00Z,-0.824,1.797,-0.459,-0.001,0.513
2019-03-04T01:30:00Z,-0.824,1.797,-0.459,-0.001,0.513
2019-03-04T01:45:00Z,-0.824,1.797,-0.459,-0.001,0.513
2019-03-04T02:00:00Z,-0.682,1.585,-0.337,-0.001,0.564
2019-03-04T02:15:00Z,-0.682,1.585,-0.337,-0.001,0.564
2019-03-04T02:30:00Z,-0.682,1.585,-0.337,-0.001,0.564
2019-03-04T02:45:00Z,-0.682,1.585,-0.337,-0.001,0.564
2019-03-04T03:00:00Z,-0.2,1.709,-0.725,-0.001,0.783
2019-03-04T03:15:00Z,-0.2,1.709,-0.725,-0.001,0.783
2019-03-04T03:30:00Z,-0.2,1.709,-0.725,-0.001,0.783
2019-03-04T03:45:00Z,-0.2,1.709,-0.725,-0.001,0.783
2019-03-04T04:00:00Z,-0.376,1.895,-0.729,-0.001,0.789
2019-03-04T04:15:00Z,-0.376,1.895,-0.729,-0.001,0.789
2019-03-04T04:30:00Z,-0.376,1.895,-0.729,-0.001,0.789
2019-03-04T04:45:00Z,-0.376,1.895,-0.729,-0.001,0.789
2019-03-04T05:00:00Z,-0.115,1.779,-0.709,-0.644,0.311
2019-03-04T05:15:00Z,-0.115,1.779,-0.709,-0.644,0.311
2019-03-04T05:30:00Z,-0.115,1.779,-0.709,-0.644,0.311
2019-03-04T05:45:00Z,-0.115,1.779,-0.709,-0.644,0.311
2019-03-04T06:00:00Z,-0.655,2.114,-0.309,-0.784,0.365
2019-03-04T06:15:00Z,-0.655,2.114,-0.309,-0.784,0.365
2019-03-04T06:30:00Z,-0.655,2.114,-0.309,-0.784,0.365
2019-03-04T06:45:00Z,-0.655,2.114,-0.309,-0.784,0.365
2019-03-04T07:00:00Z,-1.309,2.315,0.18,-1.019,0.166
2019-03-04T07:15:00Z,-1.309,2.315,0.18,-1.019,0.166
2019-03-04T07:30:00Z,-1.309,2.315,0.18,-1.019,0.166
2019-03-04T07:45:00Z,-1.309,2.315,0.18,-1.019,0.166
2019-03-04T08:00:00Z,-1.466,1.744,0.694,-0.904,0.069
2019-03-04T08:15:00Z,-1.466,1.744,0.694,-0.904,0.069
2019-03-04T08:30:00Z,-1.466,1.744,0.694,-0.904,0.069
2019-03-04T08:45:00Z,-1.466,1.744,0.694,-0.904,0.069
2019-03-04T09:00:00Z,-1.138,1.435,0.666,-1.087,-0.123
2019-03-04T09:15:00Z,-1.138,1.435,0.666,-1.087,-0.123
2019-03-04T09:30:00Z,-1.138,1.435,0.666,-1.087,-0.123
2019-03-04T09:45:00Z,-1.138,1.435,0.666,-1.087,-0.123
2019-03-04T10:00:00Z,-0.589,1.33,0.079,-1.086,-0.266
2019-03-04T10:15:00Z,-0.589,1.33,0.079,-1.086,-0.266
2019-03-04T10:30:00Z,-0.589,1.33,0.079,-1.086,-0.266
2019-03-04T10:45:00Z,-0.589,1.33,0.079,-1.086,-0.266
2019-03-04T11:00:00Z,-0.648,1.492,-0.502,-1.084,-0.741
2019-03-04T11:15:00Z,-0.648,1.492,-0.502,-1.084,-0.741
2019-03-04T11:30:00Z,-0.648,1.492,-0.502,-1.084,-0.741
2019-03-04T11:45:00Z,-0.648,1.492,-0.502,-1.084,-0.741
2019-03-04T12:00:00Z,-0.961,1.499,-0.509,-1.025,-0.996
2019-03-04T12:15:00Z,-0.961,1.499,-0.509,-1.025,-0.996
2019-03-04T12:30:00Z,-0.961,1.499,-0.509,-1.025,-0.996
2019-03-04T12:45:00Z,-0.961,1.499,-0.509,-1.025,-0.996
2019-03-04T13:00:00Z,-0.808,1.548,-0.049,-1.026,-0.334
2019-03-04T13:15:00Z,-0.808,1.548,-0.049,-1.026,-0.334
2019-03-04T13:30:00Z,-0.808,1.548,-0.049,-1.026,-0.334
2019-03-04T13:45:00Z,-0.808,1.548,-0.049,-1.026,-0.334
2019-03-04T14:00:00Z,-1.171,1.358,-0.026,-1.011,-0.851
2019-03-04T14:15:00Z,-1.171,1.358,-0.026,-1.011,-0.851
2019-03-04T14:30:00Z,-1.171,1.358,-0.026,-1.011,-0.851
2019-03-04T14:45:00Z,-1.171,1.358,-0.026,-1.011,-0.851
2019-03-04T15:00:00Z,-1.232,1.753,-0.428,-0.702,-0.609
2019-03-04T15:15:00Z,-1.232,1.753,-0.428,-0.702,-0.609
2019-03-04T15:30:00Z,-1.232,1.753,-0.428,-0.702,-0.609
2019-03-04T15:45:00Z,-1.232,1.753,-0.428,-0.702,-0.609
2019-03-04T16:00:00Z,-1.345,2.234,0.005,-0.999,-0.104
2019-03-04T16:15:00Z,-1.345,2.234,0.005,-0.999,-0.104
2019-03-04T16:30:00Z,-1.345,2.234,0.005,-0.999,-0.104
2019-03-04T16:45:00Z,-1.345,2.234,0.005,-0.999,-0.104
2019-03-04T17:00:00Z,-1.797,2.478,0.273,-1.086,-0.132
2019-03-04T17:15:00Z,-1.797,2.478,0.273,-1.086,-0.132
2019-03-04T17:30:00Z,-1.797,2.478,0.273,-1.086,-0.132
2019-03-04T17:45:00Z,-1.797,2.478,0.273,-1.086,-0.132
2019-03-04T18:00:00Z,-1.972,2.322,0.597,-1.087,-0.139
2019-03-04T18:15:00Z,-1.972,2.322,0.597,-1.087,-0.139
2019-03-04T18:30:00Z,-1.972,2.322,0.597,-1.087,-0.139
2019-03-04T18:45:00Z,-1.972,2.322,0.597,-1.087,-0.139
2019-03-04T19:00:00Z,-1.69,1.952,0.211,-1.087,-0.613
2019-03-04T19:15:00Z,-1.69,1.952,0.211,-1.087,-0.613
2019-03-04T19:30:00Z,-1.69,1.952,0.211,-1.087,-0.613
2019-03-04T19:45:00Z,-1.69,1.952,0.211,-1.087,-0.613
2019-03-04T20:00:00Z,-1.5,2.034,0.036,-1.084,-0.513
2019-03-04T20:15:00Z,-1.5,2.034,0.036,-1.084,-0.513
2019-03-04T20:30:00Z,-1.5,2.034,0.036,-1.084,-0.513
2019-03-04T20:45:00Z,-1.5,2.034,0.036,-1.084,-0.513
2019-03-04T21:00:00Z,-1.136,1.841,-0.247,-1.026,-0.567
2019-03-04T21:15:00Z,-1.136,1.841,-0.247,-1.026,-0.567
2019-03-04T21:30:00Z,-1.136,1.841,-0.247,-1.026,-0.567
2019-03-04T21:45:00Z,-1.136,1.841,-0.247,-1.026,-0.567
2019-03-04T22:00:00Z,-1.31,1.877,-0.358,-1.017,-0.807
2019-03-04T22:15:00Z,-1.31,1.877,-0.358,-1.017,-0.807
2019-03-04T22:30:00Z,-1.31,1.877,-0.358,-1.017,-0.807
2019-03-04T22:45:00Z,-1.31,1.877,-0.358,-1.017,-0.807
2019-03-04T23:00:00Z,-1.183,1.804,-0.727,-0.825,-0.931
2019-03-04T23:15:00Z,-1.183,1.804,-0.727,-0.825,-0.931
2019-03-04T23:30:00Z,-1.183,1.804,-0.727,-0.825,-0.931
2019-03-04T23:45:00Z,-1.183,1.804,-0.727,-0.825,-0.931
2019-03-05T00:00:00Z,-1.376,2.105,-0.73,-0.825,-0.827
2019-03-05T00:15:00Z,-1.376,2.105,-0.73,-0.825,-0.827
2019-03-05T00:30:00Z,-1.376,2.105,-0.73,-0.825,-0.827
2019-03-05T00:45:00Z,-1.376,2.105,-0.73,-0.825,-0.827
2019-03-05T01:00:00Z,-1.382,1.877,-0.73,-0.825,-1.06
2019-03-05T01:15:00Z,-1.382,1.877,-0.73,-0.825,-1.06
2019-03-05T01:30:00Z,-1.382,1.877,-0.73,-0.825,-1.06
2019-03-05T01:45:00Z,-1.382,1.877,-0.73,-0.825,-1.06
2019-03-05T02:00:00Z,-1.325,2.094,-0.73,-0.825,-0.786
2019-03-05T02:15:00Z,-1.325,2.094,-0.73,-0.825,-0.786
2019-03-05T02:30:00Z,-1.325,2.094,-0.73,-0.825,-0.786
2019-03-05T02:45:00Z,-1.325,2.094,-0.73,-0.825,-0.786
2019-03-05T03:00:00Z,-1.245,1.927,-0.73,-0.825,-0.873
2019-03-05T03:15:00Z,-1.245,1.927,-0.73,-0.825,-0.873
2019-03-05T03:30:00Z,-1.245,1.927,-0.73,-0.825,-0.873
2019-03-05T03:45:00Z,-1.245,1.927,-0.73,-0.825,-0.873
2019-03-05T04:00:00Z,-1.687,2.094,-0.717,-0.824,-1.134
2019-03-05T04:15:00Z,-1.687,2.094,-0.717,-0.824,-1.134
2019-03-05T04:30:00Z,-1.687,2.094,-0.717,-0.824,-1.134
2019-03-05T04:45:00Z,-1.687,2.094,-0.717,-0.824,-1.134
2019-03-05T05:00:00Z,-1.634,2.132,-0.378,-0.832,-0.711
2019-03-05T05:15:00Z,-1.634,2.132,-0.378,-0.832,-0.711
2019-03-05T05:30:00Z,-1.634,2.132,-0.378,-0.832,-0.711
2019-03-05T05:45:00Z,-1.634,2.132,-0.378,-0.832,-0.711
2019-03-05T06:00:00Z,-2.272,2.271,0.215,-0.976,-0.762
2019-03-05T06:15:00Z,-2.272,2.271,0.215,-0.976,-0.762
2019-03-05T06:30:00Z,-2.272,2.271,0.215,-0.976,-0.762
2019-03-05T06:45:00Z,-2.272,2.271,0.215,-0.976,-0.762
2019-03-05T07:00:00Z,-2.089,1.719,0.693,-1.004,-0.681
2019-03-05T07:15:00Z,-2.089,1.719,0.693,-1.004,-0.681
2019-03-05T07:30:00Z,-2.089,1.719,0.693,-1.004,-0.681
2019-03-05T07:45:00Z,-2.089,1.719,0.693,-1.004,-0.681
2019-03-05T08:00:00Z,-1.88,1.614,0.649,-0.997,-0.614
2019-03-05T08:15:00Z,-1.88,1.614,0.649,-0.997,-0.614
2019-03-05T08:30:00Z,-1.88,1.614,0.649,-0.997,-0.614
2019-03-05T08:45:00Z,-1.88,1.614,0.649,-0.997,-0.614
2019-03-05T09:00:00Z,-1.792,1.369,0.619,-1.085,-0.889
2019-03-05T09:15:00Z,-1.792,1.369,0.619,-1.085,-0.889
2019-03-05T09:30:00Z,-1.792,1.369,0.619,-1.085,-0.889
2019-03-05T09:45:00Z,-1.792,1.369,0.619,-1.085,-0.889
2019-03-05T10:00:00Z,-1.923,1.286,0.13,-1.056,-1.563
2019-03-05T10:15:00Z,-1.923,1.286,0.13,-1.056,-1.563
2019-03-05T10:30:00Z,-1.923,1.286,0.13,-1.056,-1.563
2019-03-05T10:45:00Z,-1.923,1.286,0.13,-1.056,-1.563
2019-03-05T11:00:00Z,-1.739,1.287,-0.453,-1.084,-1.989
2019-03-05T11:15:00Z,-1.739,1.287,-0.453,-1.084,-1.989
2019-03-05T11:30:00Z,-1.739,1.287,-0.453,-1.084,-1.989
2019-03-05T11:45:00Z,-1.739,1.287,-0.453,-1.084,-1.989
2019-03-05T12:00:00Z,-1.554,1.529,-0.729,-1.025,-1.779
2019-03-05T12:15:00Z,-1.554,1.529,-0.729,-1.025,-1.779
2019-03-05T12:30:00Z,-1.554,1.529,-0.729,-1.025,-1.779
2019-03-05T12:45:00Z,-1.554,1.529,-0.729,-1.025,-1.779
2019-03-05T13:00:00Z,-1.397,1.632,-0.727,-1.025,-1.517
2019-03-05T13:15:00Z,-1.397,1.632,-0.727,-1.025,-1.517
2019-03-05T13:30:00Z,-1.397,1.632,-0.727,-1.025,-1.517
2019-03-05T13:45:00Z,-1.397,1.632,-0.727,-1.025,-1.517
2019-03-05T14:00:00Z,-1.399,1.869,-0.66,-1.025,-1.215
2019-03-05T14:15:00Z,-1.399,1.869,-0.66,-1.025,-1.215
2019-03-05T14:30:00Z,-1.399,1.869,-0.66,-1.025,-1.215
2019-03-05T14:45:00Z,-1.399,1.869,-0.66,-1.025,-1.215
2019-03-05T15:00:00Z,-1.165,1.486,-0.126,-1.024,-0.828
2019-03-05T15:15:00Z,-1.165,1.486,-0.126,-1.024,-0.828
2019-03-05T15:30:00Z,-1.165,1.486,-0.126,-1.024,-0.828
2019-03-05T15:45:00Z,-1.165,1.486,-0.126,-1.024,-0.828
2019-03-05T16:00:00Z,-1.169,1.863,0.2,-0.991,-0.097
2019-03-05T16:15:00Z,-1.169,1.863,0.2,-0.991,-0.097
2019-03-05T16:30:00Z,-1.169,1.863,0.2,-0.991,-0.097
2019-03-05T16:45:00Z,-1.169,1.863,0.2,-0.991,-0.097
2019-03-05T17:00:00Z,-1.193,1.532,0.662,-1.086,-0.085
2019-03-05T17:15:00Z,-1.193,1.532,0.662,-1.086,-0.085
2019-03-05T17:30:00Z,-1.193,1.532,0.662,-1.086,-0.085
2019-03-05T17:45:00Z,-1.193,1.532,0.662,-1.086,-0.085
2019-03-05T18:00:00Z,-1.253,1.354,0.683,-1.087,-0.302
2019-03-05T18:15:00Z,-1.253,1.354,0.683,-1.087,-0.302
2019-03-05T18:30:00Z,-1.253,1.354,0.683,-1.087,-0.302
2019-03-05T18:45:00Z,-1.253,1.354,0.683,-1.087,-0.302
2019-03-05T19:00:00Z,-1.527,1.21,0.475,-1.087,-0.928
2019-03-05T19:15:00Z,-1.527,1.21,0.475,-1.087,-0.928
2019-03-05T19:30:00Z,-1.527,1.21,0.475,-1.087,-0.928
2019-03-05T19:45:00Z,-1.527,1.21,0.475,-1.087,-0.928
2019-03-05T20:00:00Z,-1.214,1.364,-0.122,-1.084,-1.057
2019-03-05T20:15:00Z,-1.214,1.364,-0.122,-1.084,-1.057
2019-03-05T20:30:00Z,-1.214,1.364,-0.122,-1.084,-1.057
2019-03-05T20:45:00Z,-1.214,1.364,-0.122,-1.084,-1.057
2019-03-05T21:00:00Z,-1.185,1.853,-0.707,-1.025,-1.065
2019-03-05T21:15:00Z,-1.185,1.853,-0.707,-1.025,-1.065
2019-03-05T21:30:00Z,-1.185,1.853,-0.707,-1.025,-1.065
2019-03-05T21:45:00Z,-1.185,1.853,-0.707,-1.025,-1.065
2019-03-05T22:00:00Z,-0.858,1.858,-0.728,-1.021,-0.749
2019-03-05T22:15:00Z,-0.858,1.858,-0.728,-1.021,-0.749
2019-03-05T22:30:00Z,-0.858,1.858,-0.728,-1.021,-0.749
2019-03-05T22:45:00Z,-0.858,1.858,-0.728,-1.021,-0.749
2019-03-05T23:00:00Z,-0.581,2.455,-0.685,-0.922,0.266
2019-03-05T23:15:00Z,-0.581,2.455,-0.685,-0.922,0.266
2019-03-05T23:30:00Z,-0.581,2.455,-0.685,-0.922,0.266
2019-03-05T23:45:00Z,-0.581,2.455,-0.685,-0.922,0.266
2019-03-06T00:00:00Z,0.012,2.118,-0.73,-0.85,0.55
2019-03-06T00:15:00Z,0.012,2.118,-0.73,-0.85,0.55
2019-03-06T00:30:00Z,0.012,2.118,-0.73,-0.85,0.55
2019-03-06T00:45:00Z,0.012,2.118,-0.73,-0.85,0.55
2019-03-06T01:00:00Z,0.662,1.654,-0.73,-0.826,0.761
2019-03-06T01:15:00Z,0.662,1.654,-0.73,-0.826,0.761
2019-03-06T01:30:00Z,0.662,1.654,-0.73,-0.826,0.761
2019-03-06T01:45:00Z,0.662,1.654,-0.73,-0.826,0.761
2019-03-06T02:00:00Z,0.748,1.371,-0.73,-0.826,0.564
2019-03-06T02:15:00Z,0.748,1.371,-0.73,-0.826,0.564
2019-03-06T02:30:00Z,0.748,1.371,-0.73,-0.826,0.564
2019-03-06T02:45:00Z,0.748,1.371,-0.73,-0.826,0.564
2019-03-06T03:00:00Z,0.754,1.465,-0.73,-0.824,0.664
2019-03-06T03:15:00Z,0.754,1.465,-0.73,-0.824,0.664
2019-03-06T03:30:00Z,0.754,1.465,-0.73,-0.824,0.664
2019-03-06T03:45:00Z,0.754,1.465,-0.73,-0.824,0.664
2019-03-06T04:00:00Z,0.529,1.335,-0.728,-0.77,0.365
2019-03-06T04:15:00Z,0.529,1.335,-0.728,-0.77,0.365
2019-03-06T04:30:00Z,0.529,1.335,-0.728,-0.77,0.365
2019-03-06T04:45:00Z,0.529,1.335,-0.728,-0.77,0.365
2019-03-06T05:00:00Z,0.309,0.683,-0.674,-0.676,-0.358
2019-03-06T05:15:00Z,0.309,0.683,-0.674,-0.676,-0.358
2019-03-06T05:30:00Z,0.309,0.683,-0.674,-0.676,-0.358
2019-03-06T05:45:00Z,0.309,0.683,-0.674,-0.676,-0.358
2019-03-06T06:00:00Z,-0.296,1.418,-0.248,-0.891,-0.018
2019-03-06T06:15:00Z,-0.296,1.418,-0.248,-0.891,-0.018
2019-03-06T06:30:00Z,-0.296,1.418,-0.248,-0.891,-0.018
2019-03-06T06:45:00Z,-0.296,1.418,-0.248,-0.891,-0.018
2019-03-06T07:00:00Z,-0.926,2.234,0.13,-0.952,0.486
2019-03-06T07:15:00Z,-0.926,2.234,0.13,-0.952,0.486
2019-03-06T07:30:00Z,-0.926,2.234,0.13,-0.952,0.486
2019-03-06T07:45:00Z,-0.926,2.234,0.13,-0.952,0.486
2019-03-06T08:00:00Z,-1.194,1.9,0.603,-0.879,0.431
2019-03-06T08:15:00Z,-1.194,1.9,0.603,-0.879,0.431
2019-03-06T08:30:00Z,-1.194,1.9,0.603,-0.879,0.431
2019-03-06T08:45:00Z,-1.194,1.9,0.603,-0.879,0.431
2019-03-06T09:00:00Z,-1.261,1.998,0.487,-1.052,0.172
2019-03-06T09:15:00Z,-1.261,1.998,0.487,-1.052,0.172
2019-03-06T09:30:00Z,-1.261,1.998,0.487,-1.052,0.172
2019-03-06T09:45:00Z,-1.261,1.998,0.487,-1.052,0.172
2019-03-06T10:00:00Z,-1.708,2.117,0.634,-0.978,0.065
2019-03-06T10:15:00Z,-1.708,2.117,0.634,-0.978,0.065
2019-03-06T10:30:00Z,-1.708,2.117,0.634,-0.978,0.065
2019-03-06T10:45:00Z,-1.708,2.117,0.634,-0.978,0.065
2019-03-06T11:00:00Z,-1.697,2.439,0.419,-1.054,0.108
2019-03-06T11:15:00Z,-1.697,2.439,0.419,-1.054,0.108
2019-03-06T11:30:00Z,-1.697,2.439,0.419,-1.054,0.108
2019-03-06T11:45:00Z,-1.697,2.439,0.419,-1.054,0.108
2019-03-06T12:00:00Z,-1.8,2.368,0.565,-1.025,0.107
2019-03-06T12:15:00Z,-1.8,2.368,0.565,-1.025,0.107
2019-03-06T12:30:00Z,-1.8,2.368,0.565,-1.025,0.107
2019-03-06T12:45:00Z,-1.8,2.368,0.565,-1.025,0.107
2019-03-06T13:00:00Z,-1.59,2.434,0.618,-1.025,0.437
2019-03-06T13:15:00Z,-1.59,2.434,0.618,-1.025,0.437
2019-03-06T13:30:00Z,-1.59,2.434,0.618,-1.025,0.437
2019-03-06T13:45:00Z,-1.59,2.434,0.618,-1.025,0.437
2019-03-06T14:00:00Z,-1.209,2.532,0.339,-1.025,0.636
2019-03-06T14:15:00Z,-1.209,2.532,0.339,-1.025,0.636
2019-03-06T14:30:00Z,-1.209,2.532,0.339,-1.025,0.636
2019-03-06T14:45:00Z,-1.209,2.532,0.339,-1.025,0.636
2019-03-06T15:00:00Z,-1.135,2.644,0.514,-1.025,0.999
2019-03-06T15:15:00Z,-1.135,2.644,0.514,-1.025,0.999
2019-03-06T15:30:00Z,-1.135,2.644,0.514,-1.025,0.999
2019-03-06T15:45:00Z,-1.135,2.644,0.514,-1.025,0.999
2019-03-06T16:00:00Z,-1.165,2.718,0.645,-1.027,1.17
2019-03-06T16:15:00Z,-1.165,2.718,0.645,-1.027,1.17
2019-03-06T16:30:00Z,-1.165,2.718,0.645,-1.027,1.17
2019-03-06T16:45:00Z,-1.165,2.718,0.645,-1.027,1.17
2019-03-06T17:00:00Z,-1.773,2.569,0.704,-1.086,0.414
2019-03-06T17:15:00Z,-1.773,2.569,0.704,-1.086,0.414
2019-03-06T17:30:00Z,-1.773,2.569,0.704,-1.086,0.414
2019-03-06T17:45:00Z,-1.773,2.569,0.704,-1.086,0.414
2019-03-06T18:00:00Z,-1.957,2.451,0.704,-1.086,0.112
2019-03-06T18:15:00Z,-1.957,2.451,0.704,-1.086,0.112
2019-03-06T18:30:00Z,-1.957,2.451,0.704,-1.086,0.112
2019-03-06T18:45:00Z,-1.957,2.451,0.704,-1.086,0.112
2019-03-06T19:00:00Z,-2.003,2.245,0.658,-1.086,-0.186
2019-03-06T19:15:00Z,-2.003,2.245,0.658,-1.086,-0.186
2019-03-06T19:30:00Z,-2.003,2.245,0.658,-1.086,-0.186
2019-03-06T19:45:00Z,-2.003,2.245,0.658,-1.086,-0.186
2019-03-06T20:00:00Z,-1.469,2.289,0.108,-1.084,-0.157
2019-03-06T20:15:00Z,-1.469,2.289,0.108,-1.084,-0.157
2019-03-06T20:30:00Z,-1.469,2.289,0.108,-1.084,-0.157
2019-03-06T20:45:00Z,-1.469,2.289,0.108,-1.084,-0.157
2019-03-06T21:00:00Z,-1.824,2.339,0.104,-1.025,-0.407
2019-03-06T21:15:00Z,-1.824,2.339,0.104,-1.025,-0.407
2019-03-06T21:30:00Z,-1.824,2.339,0.104,-1.025,-0.407
2019-03-06T21:45:00Z,-1.824,2.339,0.104,-1.025,-0.407
2019-03-06T22:00:00Z,-1.81,2.394,-0.143,-1.017,-0.576
2019-03-06T22:15:00Z,-1.81,2.394,-0.143,-1.017,-0.576
2019-03-06T22:30:00Z,-1.81,2.394,-0.143,-1.017,-0.576
2019-03-06T22:45:00Z,-1.81,2.394,-0.143,-1.017,-0.576
2019-03-06T23:00:00Z,-1.453,2.174,-0.716,-0.827,-0.823
2019-03-06T23:15:00Z,-1.453,2.174,-0.716,-0.827,-0.823
2019-03-06T23:30:00Z,-1.453,2.174,-0.716,-0.827,-0.823
2019-03-06T23:45:00Z,-1.453,2.174,-0.716,-0.827,-0.823
2019-03-07T00:00:00Z,-0.965,2.131,-0.73,-0.825,-0.389
2019-03-07T00:15:00Z,-0.965,2.131,-0.73,-0.825,-0.389
2019-03-07T00:30:00Z,-0.965,2.131,-0.73,-0.825,-0.389
2019-03-07T00:45:00Z,-0.965,2.131,-0.73,-0.825,-0.389
2019-03-07T01:00:00Z,-0.517,2.126,-0.73,-0.777,0.103
2019-03-07T01:15:00Z,-0.517,2.126,-0.73,-0.777,0.103
2019-03-07T01:30:00Z,-0.517,2.126,-0.73,-0.777,0.103
2019-03-07T01:45:00Z,-0.517,2.126,-0.73,-0.777,0.103
2019-03-07T02:00:00Z,-0.34,2.092,-0.73,-0.777,0.245
2019-03-07T02:15:00Z,-0.34,2.092,-0.73,-0.777,0.245
2019-03-07T02:30:00Z,-0.34,2.092,-0.73,-0.777,0.245
2019-03-07T02:45:00Z,-0.34,2.092,-0.73,-0.777,0.245
2019-03-07T03:00:00Z,-0.098,1.976,-0.73,-0.776,0.372
2019-03-07T03:15:00Z,-0.098,1.976,-0.73,-0.776,0.372
2019-03-07T03:30:00Z,-0.098,1.976,-0.73,-0.776,0.372
2019-03-07T03:45:00Z,-0.098,1.976,-0.73,-0.776,0.372
2019-03-07T04:00:00Z,-0.01,1.756,-0.726,-0.758,0.262
2019-03-07T04:15:00Z,-0.01,1.756,-0.726,-0.758,0.262
2019-03-07T04:30:00Z,-0.01,1.756,-0.726,-0.758,0.262
2019-03-07T04:45:00Z,-0.01,1.756,-0.726,-0.758,0.262
2019-03-07T05:00:00Z,-0.615,1.813,-0.602,-0.777,-0.181
2019-03-07T05:15:00Z,-0.615,1.813,-0.602,-0.777,-0.181
2019-03-07T05:30:00Z,-0.615,1.813,-0.602,-0.777,-0.181
2019-03-07T05:45:00Z,-0.615,1.813,-0.602,-0.777,-0.181
2019-03-07T06:00:00Z,-1.413,2.193,0.019,-0.834,-0.034
2019-03-07T06:15:00Z,-1.413,2.193,0.019,-0.834,-0.034
2019-03-07T06:30:00Z,-1.413,2.193,0.019,-0.834,-0.034
2019-03-07T06:45:00Z,-1.413,2.193,0.019,-0.834,-0.034
2019-03-07T07:00:00Z,-1.775,2.589,0.534,-1.028,0.32
2019-03-07T07:15:00Z,-1.775,2.589,0.534,-1.028,0.32
2019-03-07T07:30:00Z,-1.775,2.589,0.534,-1.028,0.32
2019-03-07T07:45:00Z,-1.775,2.589,0.534,-1.028,0.32
2019-03-07T08:00:00Z,-1.767,2.875,-0.001,-1.086,0.022
2019-03-07T08:15:00Z,-1.767,2.875,-0.001,-1.086,0.022
2019-03-07T08:30:00Z,-1.767,2.875,-0.001,-1.086,0.022
2019-03-07T08:45:00Z,-1.767,2.875,-0.001,-1.086,0.022
2019-03-07T09:00:00Z,-1.513,2.402,-0.325,-1.086,-0.522
2019-03-07T09:15:00Z,-1.513,2.402,-0.325,-1.086,-0.522
2019-03-07T09:30:00Z,-1.513,2.402,-0.325,-1.086,-0.522
2019-03-07T09:45:00Z,-1.513,2.402,-0.325,-1.086,-0.522
2019-03-07T10:00:00Z,-1.344,1.97,-0.724,-1.086,-1.185
2019-03-07T10:15:00Z,-1.344,1.97,-0.724,-1.086,-1.185
2019-03-07T10:30:00Z,-1.344,1.97,-0.724,-1.086,-1.185
2019-03-07T10:45:00Z,-1.344,1.97,-0.724,-1.086,-1.185
2019-03-07T11:00:00Z,-1.219,1.821,-0.729,-1.084,-1.211
2019-03-07T11:15:00Z,-1.219,1.821,-0.729,-1.084,-1.211
2019-03-07T11:30:00Z,-1.219,1.821,-0.729,-1.084,-1.211
2019-03-07T11:45:00Z,-1.219,1.821,-0.729,-1.084,-1.211
2019-03-07T12:00:00Z,-1.167,1.772,-0.73,-1.025,-1.15
2019-03-07T12:15:00Z,-1.167,1.772,-0.73,-1.025,-1.15
2019-03-07T12:30:00Z,-1.167,1.772,-0.73,-1.025,-1.15
2019-03-07T12:45:00Z,-1.167,1.772,-0.73,-1.025,-1.15
2019-03-07T13:00:00Z,-0.807,1.763,-0.73,-1.025,-0.8
2019-03-07T13:15:00Z,-0.807,1.763,-0.73,-1.025,-0.8
2019-03-07T13:30:00Z,-0.807,1.763,-0.73,-1.025,-0.8
2019-03-07T13:45:00Z,-0.807,1.763,-0.73,-1.025,-0.8
2019-03-07T14:00:00Z,-0.712,1.911,-0.73,-1.025,-0.556
2019-03-07T14:15:00Z,-0.712,1.911,-0.73,-1.025,-0.556
2019-03-07T14:30:00Z,-0.712,1.911,-0.73,-1.025,-0.556
2019-03-07T14:45:00Z,-0.712,1.911,-0.73,-1.025,-0.556
2019-03-07T15:00:00Z,-0.664,2.034,-0.694,-1.025,-0.349
2019-03-07T15:15:00Z,-0.664,2.034,-0.694,-1.025,-0.349
2019-03-07T15:30:00Z,-0.664,2.034,-0.694,-1.025,-0.349
2019-03-07T15:45:00Z,-0.664,2.034,-0.694,-1.025,-0.349
2019-03-07T16:00:00Z,-0.935,2.108,-0.151,-1.028,-0.007
2019-03-07T16:15:00Z,-0.935,2.108,-0.151,-1.028,-0.007
2019-03-07T16:30:00Z,-0.935,2.108,-0.151,-1.028,-0.007
2019-03-07T16:45:00Z,-0.935,2.108,-0.151,-1.028,-0.007
2019-03-07T17:00:00Z,-1.673,2.248,0.016,-1.086,-0.495
2019-03-07T17:15:00Z,-1.673,2.248,0.016,-1.086,-0.495
2019-03-07T17:30:00Z,-1.673,2.248,0.016,-1.086,-0.495
2019-03-07T17:45:00Z,-1.673,2.248,0.016,-1.086,-0.495
2019-03-07T18:00:00Z,-2.116,2.112,0.349,-1.086,-0.74
2019-03-07T18:15:00Z,-2.116,2.112,0.349,-1.086,-0.74
2019-03-07T18:30:00Z,-2.116,2.112,0.349,-1.086,-0.74
2019-03-07T18:45:00Z,-2.116,2.112,0.349,-1.086,-0.74
2019-03-07T19:00:00Z,-2.057,2.219,-0.157,-1.086,-1.081
2019-03-07T19:15:00Z,-2.057,2.219,-0.157,-1.086,-1.081
2019-03-07T19:30:00Z,-2.057,2.219,-0.157,-1.086,-1.081
2019-03-07T19:45:00Z,-2.057,2.219,-0.157,-1.086,-1.081
2019-03-07T20:00:00Z,-1.726,2.283,-0.654,-1.083,-1.181
2019-03-07T20:15:00Z,-1.726,2.283,-0.654,-1.083,-1.181
2019-03-07T20:30:00Z,-1.726,2.283,-0.654,-1.083,-1.181
2019-03-07T20:45:00Z,-1.726,2.283,-0.654,-1.083,-1.181
2019-03-07T21:00:00Z,-1.906,2.355,-0.567,-1.025,-1.143
2019-03-07T21:15:00Z,-1.906,2.355,-0.567,-1.025,-1.143
2019-03-07T21:30:00Z,-1.906,2.355,-0.567,-1.025,-1.143
2019-03-07T21:45:00Z,-1.906,2.355,-0.567,-1.025,-1.143
2019-03-07T22:00:00Z,-1.565,2.397,-0.643,-0.988,-0.798
2019-03-07T22:15:00Z,-1.565,2.397,-0.643,-0.988,-0.798
2019-03-07T22:30:00Z,-1.565,2.397,-0.643,-0.988,-0.798
2019-03-07T22:45:00Z,-1.565,2.397,-0.643,-0.988,-0.798
2019-03-07T23:00:00Z,-1.897,2.122,-0.73,-0.174,-0.68
2019-03-07T23:15:00Z,-1.897,2.122,-0.73,-0.174,-0.68
2019-03-07T23:30:00Z,-1.897,2.122,-0.73,-0.174,-0.68
2019-03-07T23:45:00Z,-1.897,2.122,-0.73,-0.174,-0.68
2019-03-08T00:00:00Z,-1.615,2.221,-0.73,-0.907,-1.031
2019-03-08T00:15:00Z,-1.615,2.221,-0.73,-0.907,-1.031
2019-03-08T00:30:00Z,-1.615,2.221,-0.73,-0.907,-1.031
2019-03-08T00:45:00Z,-1.615,2.221,-0.73,-0.907,-1.031
2019-03-08T01:00:00Z,-1.938,2.293,-0.726,-0.907,-1.278
2019-03-08T01:15:00Z,-1.938,2.293,-0.726,-0.907,-1.278
2019-03-08T01:30:00Z,-1.938,2.293,-0.726,-0.907,-1.278
2019-03-08T01:45:00Z,-1.938,2.293,-0.726,-0.907,-1.278
2019-03-08T02:00:00Z,-1.998,2.267,-0.647,-0.907,-1.286
2019-03-08T02:15:00Z,-1.998,2.267,-0.647,-0.907,-1.286
2019-03-08T02:30:00Z,-1.998,2.267,-0.647,-0.907,-1.286
2019-03-08T02:45:00Z,-1.998,2.267,-0.647,-0.907,-1.286
2019-03-08T03:00:00Z,-2.043,2.328,-0.719,-0.907,-1.341
2019-03-08T03:15:00Z,-2.043,2.328,-0.719,-0.907,-1.341
2019-03-08T03:30:00Z,-2.043,2.328,-0.719,-0.907,-1.341
2019-03-08T03:45:00Z,-2.043,2.328,-0.719,-0.907,-1.341
2019-03-08T04:00:00Z,-2.026,2.39,-0.646,-0.911,-1.193
2019-03-08T04:15:00Z,-2.026,2.39,-0.646,-0.911,-1.193
2019-03-08T04:30:00Z,-2.026,2.39,-0.646,-0.911,-1.193
2019-03-08T04:45:00Z,-2.026,2.39,-0.646,-0.911,-1.193
2019-03-08T05:00:00Z,-2.881,2.278,-0.085,-1.025,-1.713
2019-03-08T05:15:00Z,-2.881,2.278,-0.085,-1.025,-1.713
2019-03-08T05:30:00Z,-2.881,2.278,-0.085,-1.025,-1.713
2019-03-08T05:45:00Z,-2.881,2.278,-0.085,-1.025,-1.713
2019-03-08T06:00:00Z,-3.133,2.091,0.491,-1.025,-1.576
2019-03-08T06:15:00Z,-3.133,2.091,0.491,-1.025,-1.576
2019-03-08T06:30:00Z,-3.133,2.091,0.491,-1.025,-1.576
2019-03-08T06:45:00Z,-3.133,2.091,0.491,-1.025,-1.576
2019-03-08T07:00:00Z,-2.452,1.558,0.704,-1.028,-1.217
2019-03-08T07:15:00Z,-2.452,1.558,0.704,-1.028,-1.217
2019-03-08T07:30:00Z,-2.452,1.558,0.704,-1.028,-1.217
2019-03-08T07:45:00Z,-2.452,1.558,0.704,-1.028,-1.217
2019-03-08T08:00:00Z,-2.255,1.706,0.704,-1.074,-0.919
2019-03-08T08:15:00Z,-2.255,1.706,0.704,-1.074,-0.919
2019-03-08T08:30:00Z,-2.255,1.706,0.704,-1.074,-0.919
2019-03-08T08:45:00Z,-2.255,1.706,0.704,-1.074,-0.919
2019-03-08T09:00:00Z,-2.2,1.485,0.692,-0.793,-0.815
2019-03-08T09:15:00Z,-2.2,1.485,0.692,-0.793,-0.815
2019-03-08T09:30:00Z,-2.2,1.485,0.692,-0.793,-0.815
2019-03-08T09:45:00Z,-2.2,1.485,0.692,-0.793,-0.815
2019-03-08T10:00:00Z,-2.096,1.621,0.39,-0.965,-1.05
2019-03-08T10:15:00Z,-2.096,1.621,0.39,-0.965,-1.05
2019-03-08T10:30:00Z,-2.096,1.621,0.39,-0.965,-1.05
2019-03-08T10:45:00Z,-2.096,1.621,0.39,-0.965,-1.05
2019-03-08T11:00:00Z,-2.21,1.997,-0.191,-1.084,-1.488
2019-03-08T11:15:00Z,-2.21,1.997,-0.191,-1.084,-1.488
2019-03-08T11:30:00Z,-2.21,1.997,-0.191,-1.084,-1.488
2019-03-08T11:45:00Z,-2.21,1.997,-0.191,-1.084,-1.488
2019-03-08T12:00:00Z,-1.494,1.732,-0.654,-1.026,-1.441
2019-03-08T12:15:00Z,-1.494,1.732,-0.654,-1.026,-1.441
2019-03-08T12:30:00Z,-1.494,1.732,-0.654,-1.026,-1.441
2019-03-08T12:45:00Z,-1.494,1.732,-0.654,-1.026,-1.441
2019-03-08T13:00:00Z,-1.408,1.714,-0.657,-1.026,-1.377
2019-03-08T13:15:00Z,-1.408,1.714,-0.657,-1.026,-1.377
2019-03-08T13:30:00Z,-1.408,1.714,-0.657,-1.026,-1.377
2019-03-08T13:45:00Z,-1.408,1.714,-0.657,-1.026,-1.377
2019-03-08T14:00:00Z,-1.077,1.614,-0.674,-1.026,-1.164
2019-03-08T14:15:00Z,-1.077,1.614,-0.674,-1.026,-1.164
2019-03-08T14:30:00Z,-1.077,1.614,-0.674,-1.026,-1.164
2019-03-08T14:45:00Z,-1.077,1.614,-0.674,-1.026,-1.164
2019-03-08T15:00:00Z,-0.843,1.859,-0.489,-1.025,-0.498
2019-03-08T15:15:00Z,-0.843,1.859,-0.489,-1.025,-0.498
2019-03-08T15:30:00Z,-0.843,1.859,-0.489,-1.025,-0.498
2019-03-08T15:45:00Z,-0.843,1.859,-0.489,-1.025,-0.498
2019-03-08T16:00:00Z,-0.695,1.307,0.118,-1.028,-0.298
2019-03-08T16:15:00Z,-0.695,1.307,0.118,-1.028,-0.298
2019-03-08T16:30:00Z,-0.695,1.307,0.118,-1.028,-0.298
2019-03-08T16:45:00Z,-0.695,1.307,0.118,-1.028,-0.298
2019-03-08T17:00:00Z,-0.711,0.503,0.683,-1.086,-0.611
2019-03-08T17:15:00Z,-0.711,0.503,0.683,-1.086,-0.611
2019-03-08T17:30:00Z,-0.711,0.503,0.683,-1.086,-0.611
2019-03-08T17:45:00Z,-0.711,0.503,0.683,-1.086,-0.611
2019-03-08T18:00:00Z,-1.089,0.524,0.679,-1.086,-0.973
2019-03-08T18:15:00Z,-1.089,0.524,0.679,-1.086,-0.973
2019-03-08T18:30:00Z,-1.089,0.524,0.679,-1.086,-0.973
2019-03-08T18:45:00Z,-1.089,0.524,0.679,-1.086,-0.973
2019-03-08T19:00:00Z,-1.288,0.926,0.227,-1.086,-1.22
2019-03-08T19:15:00Z,-1.288,0.926,0.227,-1.086,-1.22
2019-03-08T19:30:00Z,-1.288,0.926,0.227,-1.086,-1.22
2019-03-08T19:45:00Z,-1.288,0.926,0.227,-1.086,-1.22
2019-03-08T20:00:00Z,-1.079,1.678,-0.358,-1.083,-0.844
2019-03-08T20:15:00Z,-1.079,1.678,-0.358,-1.083,-0.844
2019-03-08T20:30:00Z,-1.079,1.678,-0.358,-1.083,-0.844
2019-03-08T20:45:00Z,-1.079,1.678,-0.358,-1.083,-0.844
2019-03-08T21:00:00Z,-1.31,2.504,-0.728,-1.02,-0.553
2019-03-08T21:15:00Z,-1.31,2.504,-0.728,-1.02,-0.553
2019-03-08T21:30:00Z,-1.31,2.504,-0.728,-1.02,-0.553
2019-03-08T21:45:00Z,-1.31,2.504,-0.728,-1.02,-0.553
2019-03-08T22:00:00Z,-1.224,2.479,-0.73,-0.887,-0.362
2019-03-08T22:15:00Z,-1.224,2.479,-0.73,-0.887,-0.362
2019-03-08T22:30:00Z,-1.224,2.479,-0.73,-0.887,-0.362
2019-03-08T22:45:00Z,-1.224,2.479,-0.73,-0.887,-0.362
2019-03-08T23:00:00Z,-0.999,2.144,-0.728,-0.593,-0.175
2019-03-08T23:15:00Z,-0.999,2.144,-0.728,-0.593,-0.175
2019-03-08T23:30:00Z,-0.999,2.144,-0.728,-0.593,-0.175
2019-03-08T23:45:00Z,-0.999,2.144,-0.728,-0.593,-0.175
2019-03-09T00:00:00Z,-0.569,2.154,-0.662,-0.823,0.1
2019-03-09T00:15:00Z,-0.569,2.154,-0.662,-0.823,0.1
2019-03-09T00:30:00Z,-0.569,2.154,-0.662,-0.823,0.1
2019-03-09T00:45:00Z,-0.569,2.154,-0.662,-0.823,0.1
2019-03-09T01:00:00Z,-0.523,2.174,-0.725,-0.76,0.165
2019-03-09T01:15:00Z,-0.523,2.174,-0.725,-0.76,0.165
2019-03-09T01:30:00Z,-0.523,2.174,-0.725,-0.76,0.165
2019-03-09T01:45:00Z,-0.523,2.174,-0.725,-0.76,0.165
2019-03-09T02:00:00Z,-0.749,2.3,-0.73,-0.425,0.397
2019-03-09T02:15:00Z,-0.749,2.3,-0.73,-0.425,0.397
2019-03-09T02:30:00Z,-0.749,2.3,-0.73,-0.425,0.397
2019-03-09T02:45:00Z,-0.749,2.3,-0.73,-0.425,0.397
2019-03-09T03:00:00Z,-0.787,2.401,-0.729,-0.175,0.71
2019-03-09T03:15:00Z,-0.787,2.401,-0.729,-0.175,0.71
2019-03-09T03:30:00Z,-0.787,2.401,-0.729,-0.175,0.71
2019-03-09T03:45:00Z,-0.787,2.401,-0.729,-0.175,0.71
2019-03-09T04:00:00Z,-1.085,2.372,-0.72,0.416,0.983
2019-03-09T04:15:00Z,-1.085,2.372,-0.72,0.416,0.983
2019-03-09T04:30:00Z,-1.085,2.372,-0.72,0.416,0.983
2019-03-09T04:45:00Z,-1.085,2.372,-0.72,0.416,0.983
2019-03-09T05:00:00Z,-1.318,2.422,-0.73,0.585,0.959
2019-03-09T05:15:00Z,-1.318,2.422,-0.73,0.585,0.959
2019-03-09T05:30:00Z,-1.318,2.422,-0.73,0.585,0.959
2019-03-09T05:45:00Z,-1.318,2.422,-0.73,0.585,0.959
2019-03-09T06:00:00Z,-0.846,3.179,-0.724,-0.54,1.067
2019-03-09T06:15:00Z,-0.846,3.179,-0.724,-0.54,1.067
2019-03-09T06:30:00Z,-0.846,3.179,-0.724,-0.54,1.067
2019-03-09T06:45:00Z,-0.846,3.179,-0.724,-0.54,1.067
2019-03-09T07:00:00Z,-0.905,3.476,-0.564,-0.762,1.245
2019-03-09T07:15:00Z,-0.905,3.476,-0.564,-0.762,1.245
2019-03-09T07:30:00Z,-0.905,3.476,-0.564,-0.762,1.245
2019-03-09T07:45:00Z,-0.905,3.476,-0.564,-0.762,1.245
2019-03-09T08:00:00Z,-1.38,2.323,0.008,-0.288,0.662
2019-03-09T08:15:00Z,-1.38,2.323,0.008,-0.288,0.662
2019-03-09T08:30:00Z,-1.38,2.323,0.008,-0.288,0.662
2019-03-09T08:45:00Z,-1.38,2.323,0.008,-0.288,0.662
2019-03-09T09:00:00Z,-1.356,2.134,0.363,-0.829,0.311
2019-03-09T09:15:00Z,-1.356,2.134,0.363,-0.829,0.311
2019-03-09T09:30:00Z,-1.356,2.134,0.363,-0.829,0.311
2019-03-09T09:45:00Z,-1.356,2.134,0.363,-0.829,0.311
2019-03-09T10:00:00Z,-1.235,2.114,-0.035,-0.876,-0.031
2019-03-09T10:15:00Z,-1.235,2.114,-0.035,-0.876,-0.031
2019-03-09T10:30:00Z,-1.235,2.114,-0.035,-0.876,-0.031
2019-03-09T10:45:00Z,-1.235,2.114,-0.035,-0.876,-0.031
2019-03-09T11:00:00Z,-0.946,2.316,-0.601,-0.868,-0.098
2019-03-09T11:15:00Z,-0.946,2.316,-0.601,-0.868,-0.098
2019-03-09T11:30:00Z,-0.946,2.316,-0.601,-0.868,-0.098
2019-03-09T11:45:00Z,-0.946,2.316,-0.601,-0.868,-0.098
2019-03-09T12:00:00Z,-1.123,2.232,-0.643,-0.807,-0.342
2019-03-09T12:15:00Z,-1.123,2.232,-0.643,-0.807,-0.342
2019-03-09T12:30:00Z,-1.123,2.232,-0.643,-0.807,-0.342
2019-03-09T12:45:00Z,-1.123,2.232,-0.643,-0.807,-0.342
2019-03-09T13:00:00Z,-0.507,1.979,-0.728,-0.854,-0.111
2019-03-09T13:15:00Z,-0.507,1.979,-0.728,-0.854,-0.111
2019-03-09T13:30:00Z,-0.507,1.979,-0.728,-0.854,-0.111
2019-03-09T13:45:00Z,-0.507,1.979,-0.728,-0.854,-0.111
2019-03-09T14:00:00Z,-0.058,1.923,-0.692,-0.906,0.267
2019-03-09T14:15:00Z,-0.058,1.923,-0.692,-0.906,0.267
2019-03-09T14:30:00Z,-0.058,1.923,-0.692,-0.906,0.267
2019-03-09T14:45:00Z,-0.058,1.923,-0.692,-0.906,0.267
2019-03-09T15:00:00Z,-0.402,1.702,-0.595,-0.908,-0.202
2019-03-09T15:15:00Z,-0.402,1.702,-0.595,-0.908,-0.202
2019-03-09T15:30:00Z,-0.402,1.702,-0.595,-0.908,-0.202
2019-03-09T15:45:00Z,-0.402,1.702,-0.595,-0.908,-0.202
2019-03-09T16:00:00Z,-0.579,2.191,-0.352,-1.026,0.233
2019-03-09T16:15:00Z,-0.579,2.191,-0.352,-1.026,0.233
2019-03-09T16:30:00Z,-0.579,2.191,-0.352,-1.026,0.233
2019-03-09T16:45:00Z,-0.579,2.191,-0.352,-1.026,0.233
2019-03-09T17:00:00Z,-0.965,2.493,0.004,-1.085,0.447
2019-03-09T17:15:00Z,-0.965,2.493,0.004,-1.085,0.447
2019-03-09T17:30:00Z,-0.965,2.493,0.004,-1.085,0.447
2019-03-09T17:45:00Z,-0.965,2.493,0.004,-1.085,0.447
2019-03-09T18:00:00Z,-1.588,2.375,0.543,-1.085,0.246
2019-03-09T18:15:00Z,-1.588,2.375,0.543,-1.085,0.246
2019-03-09T18:30:00Z,-1.588,2.375,0.543,-1.085,0.246
2019-03-09T18:45:00Z,-1.588,2.375,0.543,-1.085,0.246
2019-03-09T19:00:00Z,-1.542,2.608,0.239,-1.084,0.221
2019-03-09T19:15:00Z,-1.542,2.608,0.239,-1.084,0.221
2019-03-09T19:30:00Z,-1.542,2.608,0.239,-1.084,0.221
2019-03-09T19:45:00Z,-1.542,2.608,0.239,-1.084,0.221
2019-03-09T20:00:00Z,-1.856,2.167,0.696,-1.05,-0.044
2019-03-09T20:15:00Z,-1.856,2.167,0.696,-1.05,-0.044
2019-03-09T20:30:00Z,-1.856,2.167,0.696,-1.05,-0.044
2019-03-09T20:45:00Z,-1.856,2.167,0.696,-1.05,-0.044
2019-03-09T21:00:00Z,-2.039,2.104,0.689,-0.939,-0.184
2019-03-09T21:15:00Z,-2.039,2.104,0.689,-0.939,-0.184
2019-03-09T21:30:00Z,-2.039,2.104,0.689,-0.939,-0.184
2019-03-09T21:45:00Z,-2.039,2.104,0.689,-0.939,-0.184
2019-03-09T22:00:00Z,-1.915,2.012,0.646,-0.955,-0.212
2019-03-09T22:15:00Z,-1.915,2.012,0.646,-0.955,-0.212
2019-03-09T22:30:00Z,-1.915,2.012,0.646,-0.955,-0.212
2019-03-09T22:45:00Z,-1.915,2.012,0.646,-0.955,-0.212
2019-03-09T23:00:00Z,-2.452,2.191,0.681,-0.997,-0.578
2019-03-09T23:15:00Z,-2.452,2.191,0.681,-0.997,-0.578
2019-03-09T23:30:00Z,-2.452,2.191,0.681,-0.997,-0.578
2019-03-09T23:45:00Z,-2.452,2.191,0.681,-0.997,-0.578
2019-03-10T00:00:00Z,-2.488,2.062,0.683,-0.972,-0.715
2019-03-10T00:15:00Z,-2.488,2.062,0.683,-0.972,-0.715
2019-03-10T00:30:00Z,-2.488,2.062,0.683,-0.972,-0.715
2019-03-10T00:45:00Z,-2.488,2.062,0.683,-0.972,-0.715
2019-03-10T01:00:00Z,-1.951,1.839,0.688,-0.921,-0.345
2019-03-10T01:15:00Z,-1.951,1.839,0.688,-0.921,-0.345
2019-03-10T01:30:00Z,-1.951,1.839,0.688,-0.921,-0.345
2019-03-10T01:45:00Z,-1.951,1.839,0.688,-0.921,-0.345
2019-03-10T02:00:00Z,-1.712,1.853,0.704,-0.871,-0.026
2019-03-10T02:15:00Z,-1.712,1.853,0.704,-0.871,-0.026
2019-03-10T02:30:00Z,-1.712,1.853,0.704,-0.871,-0.026
2019-03-10T02:45:00Z,-1.712,1.853,0.704,-0.871,-0.026
2019-03-10T03:00:00Z,-1.219,1.8,0.677,-0.824,0.434
2019-03-10T03:15:00Z,-1.219,1.8,0.677,-0.824,0.434
2019-03-10T03:30:00Z,-1.219,1.8,0.677,-0.824,0.434
2019-03-10T03:45:00Z,-1.219,1.8,0.677,-0.824,0.434
2019-03-10T04:00:00Z,-0.755,1.944,0.269,-0.804,0.653
2019-03-10T04:15:00Z,-0.755,1.944,0.269,-0.804,0.653
2019-03-10T04:30:00Z,-0.755,1.944,0.269,-0.804,0.653
2019-03-10T04:45:00Z,-0.755,1.944,0.269,-0.804,0.653
2019-03-10T05:00:00Z,-0.02,2.412,-0.308,-0.805,1.279
2019-03-10T05:15:00Z,-0.02,2.412,-0.308,-0.805,1.279
2019-03-10T05:30:00Z,-0.02,2.412,-0.308,-0.805,1.279
2019-03-10T05:45:00Z,-0.02,2.412,-0.308,-0.805,1.279
2019-03-10T06:00:00Z,1.123,2.791,-0.722,-0.823,2.368
2019-03-10T06:15:00Z,1.123,2.791,-0.722,-0.823,2.368
2019-03-10T06:30:00Z,1.123,2.791,-0.722,-0.823,2.368
2019-03-10T06:45:00Z,1.123,2.791,-0.722,-0.823,2.368
2019-03-10T07:00:00Z,1.809,2.004,-0.652,-0.825,2.336
2019-03-10T07:15:00Z,1.809,2.004,-0.652,-0.825,2.336
2019-03-10T07:30:00Z,1.809,2.004,-0.652,-0.825,2.336
2019-03-10T07:45:00Z,1.809,2.004,-0.652,-0.825,2.336
2019-03-10T08:00:00Z,1.743,1.615,-0.34,-0.826,2.191
2019-03-10T08:15:00Z,1.743,1.615,-0.34,-0.826,2.191
2019-03-10T08:30:00Z,1.743,1.615,-0.34,-0.826,2.191
2019-03-10T08:45:00Z,1.743,1.615,-0.34,-0.826,2.191
2019-03-10T09:00:00Z,1.864,1.649,-0.636,-0.877,2.001
2019-03-10T09:15:00Z,1.864,1.649,-0.636,-0.877,2.001
2019-03-10T09:30:00Z,1.864,1.649,-0.636,-0.877,2.001
2019-03-10T09:45:00Z,1.864,1.649,-0.636,-0.877,2.001
2019-03-10T10:00:00Z,1.641,1.467,-0.297,-0.923,1.889
2019-03-10T10:15:00Z,1.641,1.467,-0.297,-0.923,1.889
2019-03-10T10:30:00Z,1.641,1.467,-0.297,-0.923,1.889
2019-03-10T10:45:00Z,1.641,1.467,-0.297,-0.923,1.889
2019-03-10T11:00:00Z,1.29,1.784,-0.471,-0.906,1.697
2019-03-10T11:15:00Z,1.29,1.784,-0.471,-0.906,1.697
2019-03-10T11:30:00Z,1.29,1.784,-0.471,-0.906,1.697
2019-03-10T11:45:00Z,1.29,1.784,-0.471,-0.906,1.697
2019-03-10T12:00:00Z,1.444,2.261,-0.73,-0.897,2.078
2019-03-10T12:15:00Z,1.444,2.261,-0.73,-0.897,2.078
2019-03-10T12:30:00Z,1.444,2.261,-0.73,-0.897,2.078
2019-03-10T12:45:00Z,1.444,2.261,-0.73,-0.897,2.078
2019-03-10T13:00:00Z,1.802,1.908,-0.73,-0.704,2.276
2019-03-10T13:15:00Z,1.802,1.908,-0.73,-0.704,2.276
2019-03-10T13:30:00Z,1.802,1.908,-0.73,-0.704,2.276
2019-03-10T13:45:00Z,1.802,1.908,-0.73,-0.704,2.276
2019-03-10T14:00:00Z,1.579,2.077,-0.73,-0.532,2.394
2019-03-10T14:15:00Z,1.579,2.077,-0.73,-0.532,2.394
2019-03-10T14:30:00Z,1.579,2.077,-0.73,-0.532,2.394
2019-03-10T14:45:00Z,1.579,2.077,-0.73,-0.532,2.394
2019-03-10T15:00:00Z,1.39,2.262,-0.73,-0.448,2.475
2019-03-10T15:15:00Z,1.39,2.262,-0.73,-0.448,2.475
2019-03-10T15:30:00Z,1.39,2.262,-0.73,-0.448,2.475
2019-03-10T15:45:00Z,1.39,2.262,-0.73,-0.448,2.475
2019-03-10T16:00:00Z,1.177,2.489,-0.73,-0.802,2.134
2019-03-10T16:15:00Z,1.177,2.489,-0.73,-0.802,2.134
2019-03-10T16:30:00Z,1.177,2.489,-0.73,-0.802,2.134
2019-03-10T16:45:00Z,1.177,2.489,-0.73,-0.802,2.134
2019-03-10T17:00:00Z,0.804,2.34,-0.73,-1.085,1.329
2019-03-10T17:15:00Z,0.804,2.34,-0.73,-1.085,1.329
2019-03-10T17:30:00Z,0.804,2.34,-0.73,-1.085,1.329
2019-03-10T17:45:00Z,0.804,2.34,-0.73,-1.085,1.329
2019-03-10T18:00:00Z,-0.091,2.835,-0.73,-1.085,0.929
2019-03-10T18:15:00Z,-0.091,2.835,-0.73,-1.085,0.929
2019-03-10T18:30:00Z,-0.091,2.835,-0.73,-1.085,0.929
2019-03-10T18:45:00Z,-0.091,2.835,-0.73,-1.085,0.929
2019-03-10T19:00:00Z,-0.038,2.831,-0.73,-1.083,0.98
2019-03-10T19:15:00Z,-0.038,2.831,-0.73,-1.083,0.98
2019-03-10T19:30:00Z,-0.038,2.831,-0.73,-1.083,0.98
2019-03-10T19:45:00Z,-0.038,2.831,-0.73,-1.083,0.98
2019-03-10T20:00:00Z,-0.017,2.807,-0.73,-1.041,1.019
2019-03-10T20:15:00Z,-0.017,2.807,-0.73,-1.041,1.019
2019-03-10T20:30:00Z,-0.017,2.807,-0.73,-1.041,1.019
2019-03-10T20:45:00Z,-0.017,2.807,-0.73,-1.041,1.019
2019-03-10T21:00:00Z,-0.121,2.388,-0.73,-0.94,0.598
2019-03-10T21:15:00Z,-0.121,2.388,-0.73,-0.94,0.598
2019-03-10T21:30:00Z,-0.121,2.388,-0.73,-0.94,0.598
2019-03-10T21:45:00Z,-0.121,2.388,-0.73,-0.94,0.598
2019-03-10T22:00:00Z,-0.293,1.981,-0.724,-0.421,0.543
2019-03-10T22:15:00Z,-0.293,1.981,-0.724,-0.421,0.543
2019-03-10T22:30:00Z,-0.293,1.981,-0.724,-0.421,0.543
2019-03-10T22:45:00Z,-0.293,1.981,-0.724,-0.421,0.543
2019-03-10T23:00:00Z,-0.592,1.936,-0.606,-0.476,0.262
2019-03-10T23:15:00Z,-0.592,1.936,-0.606,-0.476,0.262
2019-03-10T23:30:00Z,-0.592,1.936,-0.606,-0.476,0.262
2019-03-10T23:45:00Z,-0.592,1.936,-0.606,-0.476,0.262
2019-03-11T00:00:00Z,-0.741,1.988,-0.705,-0.508,0.035
2019-03-11T00:15:00Z,-0.741,1.988,-0.705,-0.508,0.035
2019-03-11T00:30:00Z,-0.741,1.988,-0.705,-0.508,0.035
2019-03-11T00:45:00Z,-0.741,1.988,-0.705,-0.508,0.035
2019-03-11T01:00:00Z,-0.649,1.723,-0.699,-0.502,-0.127
2019-03-11T01:15:00Z,-0.649,1.723,-0.699,-0.502,-0.127
2019-03-11T01:30:00Z,-0.649,1.723,-0.699,-0.502,-0.127
2019-03-11T01:45:00Z,-0.649,1.723,-0.699,-0.502,-0.127
2019-03-11T02:00:00Z,-0.339,1.791,-0.73,-0.387,0.336
2019-03-11T02:15:00Z,-0.339,1.791,-0.73,-0.387,0.336
2019-03-11T02:30:00Z,-0.339,1.791,-0.73,-0.387,0.336
2019-03-11T02:45:00Z,-0.339,1.791,-0.73,-0.387,0.336
2019-03-11T03:00:00Z,-0.129,1.73,-0.73,-0.325,0.546
2019-03-11T03:15:00Z,-0.129,1.73,-0.73,-0.325,0.546
2019-03-11T03:30:00Z,-0.129,1.73,-0.73,-0.325,0.546
2019-03-11T03:45:00Z,-0.129,1.73,-0.73,-0.325,0.546
2019-03-11T04:00:00Z,0.046,1.614,-0.73,-0.302,0.628
2019-03-11T04:15:00Z,0.046,1.614,-0.73,-0.302,0.628
2019-03-11T04:30:00Z,0.046,1.614,-0.73,-0.302,0.628
2019-03-11T04:45:00Z,0.046,1.614,-0.73,-0.302,0.628
2019-03-11T05:00:00Z,-0.024,1.847,-0.704,-0.61,0.509
2019-03-11T05:15:00Z,-0.024,1.847,-0.704,-0.61,0.509
2019-03-11T05:30:00Z,-0.024,1.847,-0.704,-0.61,0.509
2019-03-11T05:45:00Z,-0.024,1.847,-0.704,-0.61,0.509
2019-03-11T06:00:00Z,-0.564,2.292,-0.27,-0.999,0.459
2019-03-11T06:15:00Z,-0.564,2.292,-0.27,-0.999,0.459
2019-03-11T06:30:00Z,-0.564,2.292,-0.27,-0.999,0.459
2019-03-11T06:45:00Z,-0.564,2.292,-0.27,-0.999,0.459
2019-03-11T07:00:00Z,-0.634,2.496,-0.071,-1.026,0.765
2019-03-11T07:15:00Z,-0.634,2.496,-0.071,-1.026,0.765
2019-03-11T07:30:00Z,-0.634,2.496,-0.071,-1.026,0.765
2019-03-11T07:45:00Z,-0.634,2.496,-0.071,-1.026,0.765
2019-03-11T08:00:00Z,-0.568,2.5,0.004,-1.085,0.851
2019-03-11T08:15:00Z,-0.568,2.5,0.004,-1.085,0.851
2019-03-11T08:30:00Z,-0.568,2.5,0.004,-1.085,0.851
2019-03-11T08:45:00Z,-0.568,2.5,0.004,-1.085,0.851
2019-03-11T09:00:00Z,-0.332,1.745,0.066,-1.085,0.394
2019-03-11T09:15:00Z,-0.332,1.745,0.066,-1.085,0.394
2019-03-11T09:30:00Z,-0.332,1.745,0.066,-1.085,0.394
2019-03-11T09:45:00Z,-0.332,1.745,0.066,-1.085,0.394
2019-03-11T10:00:00Z,-0.2,1.548,-0.465,-1.086,-0.203
2019-03-11T10:15:00Z,-0.2,1.548,-0.465,-1.086,-0.203
2019-03-11T10:30:00Z,-0.2,1.548,-0.465,-1.086,-0.203
2019-03-11T10:45:00Z,-0.2,1.548,-0.465,-1.086,-0.203
2019-03-11T11:00:00Z,0.044,1.42,-0.708,-1.083,-0.328
2019-03-11T11:15:00Z,0.044,1.42,-0.708,-1.083,-0.328
2019-03-11T11:30:00Z,0.044,1.42,-0.708,-1.083,-0.328
2019-03-11T11:45:00Z,0.044,1.42,-0.708,-1.083,-0.328
2019-03-11T12:00:00Z,0.403,1.178,-0.73,-1.025,-0.174
2019-03-11T12:15:00Z,0.403,1.178,-0.73,-1.025,-0.174
2019-03-11T12:30:00Z,0.403,1.178,-0.73,-1.025,-0.174
2019-03-11T12:45:00Z,0.403,1.178,-0.73,-1.025,-0.174
2019-03-11T13:00:00Z,0.41,1.299,-0.73,-1.025,-0.046
2019-03-11T13:15:00Z,0.41,1.299,-0.73,-1.025,-0.046
2019-03-11T13:30:00Z,0.41,1.299,-0.73,-1.025,-0.046
2019-03-11T13:45:00Z,0.41,1.299,-0.73,-1.025,-0.046
2019-03-11T14:00:00Z,0.386,1.426,-0.709,-1.024,0.079
2019-03-11T14:15:00Z,0.386,1.426,-0.709,-1.024,0.079
2019-03-11T14:30:00Z,0.386,1.426,-0.709,-1.024,0.079
2019-03-11T14:45:00Z,0.386,1.426,-0.709,-1.024,0.079
2019-03-11T15:00:00Z,0.188,1.314,-0.282,-1.025,0.195
2019-03-11T15:15:00Z,0.188,1.314,-0.282,-1.025,0.195
2019-03-11T15:30:00Z,0.188,1.314,-0.282,-1.025,0.195
2019-03-11T15:45:00Z,0.188,1.314,-0.282,-1.025,0.195
2019-03-11T16:00:00Z,-0.177,1.494,0.301,-1.026,0.591
2019-03-11T16:15:00Z,-0.177,1.494,0.301,-1.026,0.591
2019-03-11T16:30:00Z,-0.177,1.494,0.301,-1.026,0.591
2019-03-11T16:45:00Z,-0.177,1.494,0.301,-1.026,0.591
2019-03-11T17:00:00Z,-0.71,1.354,0.7,-1.085,0.259
2019-03-11T17:15:00Z,-0.71,1.354,0.7,-1.085,0.259
2019-03-11T17:30:00Z,-0.71,1.354,0.7,-1.085,0.259
2019-03-11T17:45:00Z,-0.71,1.354,0.7,-1.085,0.259
2019-03-11T18:00:00Z,-1.122,2.377,0.703,-1.086,0.873
2019-03-11T18:15:00Z,-1.122,2.377,0.703,-1.086,0.873
2019-03-11T18:30:00Z,-1.122,2.377,0.703,-1.086,0.873
2019-03-11T18:45:00Z,-1.122,2.377,0.703,-1.086,0.873
2019-03-11T19:00:00Z,-1.179,2.576,0.703,-1.085,1.016
2019-03-11T19:15:00Z,-1.179,2.576,0.703,-1.085,1.016
2019-03-11T19:30:00Z,-1.179,2.576,0.703,-1.085,1.016
2019-03-11T19:45:00Z,-1.179,2.576,0.703,-1.085,1.016
2019-03-11T20:00:00Z,-1.069,2.25,0.699,-1.071,0.809
2019-03-11T20:15:00Z,-1.069,2.25,0.699,-1.071,0.809
2019-03-11T20:30:00Z,-1.069,2.25,0.699,-1.071,0.809
2019-03-11T20:45:00Z,-1.069,2.25,0.699,-1.071,0.809
2019-03-11T21:00:00Z,-1.359,1.896,0.572,-0.732,0.377
2019-03-11T21:15:00Z,-1.359,1.896,0.572,-0.732,0.377
2019-03-11T21:30:00Z,-1.359,1.896,0.572,-0.732,0.377
2019-03-11T21:45:00Z,-1.359,1.896,0.572,-0.732,0.377
2019-03-11T22:00:00Z,-1.32,1.559,0.036,-0.468,-0.195
2019-03-11T22:15:00Z,-1.32,1.559,0.036,-0.468,-0.195
2019-03-11T22:30:00Z,-1.32,1.559,0.036,-0.468,-0.195
2019-03-11T22:45:00Z,-1.32,1.559,0.036,-0.468,-0.195
2019-03-11T23:00:00Z,-0.908,1.294,-0.551,-0.364,-0.53
2019-03-11T23:15:00Z,-0.908,1.294,-0.551,-0.364,-0.53
2019-03-11T23:30:00Z,-0.908,1.294,-0.551,-0.364,-0.53
2019-03-11T23:45:00Z,-0.908,1.294,-0.551,-0.364,-0.53
2019-03-12T00:00:00Z,-0.539,1.584,-0.73,-0.74,-0.424
2019-03-12T00:15:00Z,-0.539,1.584,-0.73,-0.74,-0.424
2019-03-12T00:30:00Z,-0.539,1.584,-0.73,-0.74,-0.424
2019-03-12T00:45:00Z,-0.539,1.584,-0.73,-0.74,-0.424
2019-03-12T01:00:00Z,-0.122,1.32,-0.73,-0.719,-0.251
2019-03-12T01:15:00Z,-0.122,1.32,-0.73,-0.719,-0.251
2019-03-12T01:30:00Z,-0.122,1.32,-0.73,-0.719,-0.251
2019-03-12T01:45:00Z,-0.122,1.32,-0.73,-0.719,-0.251
2019-03-12T02:00:00Z,0.462,1.049,-0.73,-0.685,0.096
2019-03-12T02:15:00Z,0.462,1.049,-0.73,-0.685,0.096
2019-03-12T02:30:00Z,0.462,1.049,-0.73,-0.685,0.096
2019-03-12T02:45:00Z,0.462,1.049,-0.73,-0.685,0.096
2019-03-12T03:00:00Z,0.66,0.337,-0.73,-0.351,-0.084
2019-03-12T03:15:00Z,0.66,0.337,-0.73,-0.351,-0.084
2019-03-12T03:30:00Z,0.66,0.337,-0.73,-0.351,-0.084
2019-03-12T03:45:00Z,0.66,0.337,-0.73,-0.351,-0.084
2019-03-12T04:00:00Z,0.307,-0.647,-0.72,0.143,-0.918
2019-03-12T04:15:00Z,0.307,-0.647,-0.72,0.143,-0.918
2019-03-12T04:30:00Z,0.307,-0.647,-0.72,0.143,-0.918
2019-03-12T04:45:00Z,0.307,-0.647,-0.72,0.143,-0.918
2019-03-12T05:00:00Z,-0.222,-0.844,-0.487,0.093,-1.46
2019-03-12T05:15:00Z,-0.222,-0.844,-0.487,0.093,-1.46
2019-03-12T05:30:00Z,-0.222,-0.844,-0.487,0.093,-1.46
2019-03-12T05:45:00Z,-0.222,-0.844,-0.487,0.093,-1.46
2019-03-12T06:00:00Z,-0.574,1.043,-0.062,-0.823,-0.416
2019-03-12T06:15:00Z,-0.574,1.043,-0.062,-0.823,-0.416
2019-03-12T06:30:00Z,-0.574,1.043,-0.062,-0.823,-0.416
2019-03-12T06:45:00Z,-0.574,1.043,-0.062,-0.823,-0.416
2019-03-12T07:00:00Z,-0.627,1.455,0.305,-1.027,0.105
2019-03-12T07:15:00Z,-0.627,1.455,0.305,-1.027,0.105
2019-03-12T07:30:00Z,-0.627,1.455,0.305,-1.027,0.105
2019-03-12T07:45:00Z,-0.627,1.455,0.305,-1.027,0.105
2019-03-12T08:00:00Z,-0.755,2.325,-0.182,-1.085,0.303
2019-03-12T08:15:00Z,-0.755,2.325,-0.182,-1.085,0.303
2019-03-12T08:30:00Z,-0.755,2.325,-0.182,-1.085,0.303
2019-03-12T08:45:00Z,-0.755,2.325,-0.182,-1.085,0.303
2019-03-12T09:00:00Z,-0.934,1.981,-0.158,-1.085,-0.195
2019-03-12T09:15:00Z,-0.934,1.981,-0.158,-1.085,-0.195
2019-03-12T09:30:00Z,-0.934,1.981,-0.158,-1.085,-0.195
2019-03-12T09:45:00Z,-0.934,1.981,-0.158,-1.085,-0.195
2019-03-12T10:00:00Z,-0.942,1.613,-0.172,-1.086,-0.587
2019-03-12T10:15:00Z,-0.942,1.613,-0.172,-1.086,-0.587
2019-03-12T10:30:00Z,-0.942,1.613,-0.172,-1.086,-0.587
2019-03-12T10:45:00Z,-0.942,1.613,-0.172,-1.086,-0.587
2019-03-12T11:00:00Z,-0.941,1.526,-0.481,-1.083,-0.979
2019-03-12T11:15:00Z,-0.941,1.526,-0.481,-1.083,-0.979
2019-03-12T11:30:00Z,-0.941,1.526,-0.481,-1.083,-0.979
2019-03-12T11:45:00Z,-0.941,1.526,-0.481,-1.083,-0.979
2019-03-12T12:00:00Z,-0.922,1.433,-0.346,-1.025,-0.86
2019-03-12T12:15:00Z,-0.922,1.433,-0.346,-1.025,-0.86
2019-03-12T12:30:00Z,-0.922,1.433,-0.346,-1.025,-0.86
2019-03-12T12:45:00Z,-0.922,1.433,-0.346,-1.025,-0.86
2019-03-12T13:00:00Z,-0.784,1.468,-0.405,-1.025,-0.746
2019-03-12T13:15:00Z,-0.784,1.468,-0.405,-1.025,-0.746
2019-03-12T13:30:00Z,-0.784,1.468,-0.405,-1.025,-0.746
2019-03-12T13:45:00Z,-0.784,1.468,-0.405,-1.025,-0.746
2019-03-12T14:00:00Z,-0.67,1.567,-0.418,-1.025,-0.547
2019-03-12T14:15:00Z,-0.67,1.567,-0.418,-1.025,-0.547
2019-03-12T14:30:00Z,-0.67,1.567,-0.418,-1.025,-0.547
2019-03-12T14:45:00Z,-0.67,1.567,-0.418,-1.025,-0.547
2019-03-12T15:00:00Z,-0.53,1.731,-0.386,-1.024,-0.21
2019-03-12T15:15:00Z,-0.53,1.731,-0.386,-1.024,-0.21
2019-03-12T15:30:00Z,-0.53,1.731,-0.386,-1.024,-0.21
2019-03-12T15:45:00Z,-0.53,1.731,-0.386,-1.024,-0.21
2019-03-12T16:00:00Z,-0.702,2.008,-0.349,-1.027,-0.07
2019-03-12T16:15:00Z,-0.702,2.008,-0.349,-1.027,-0.07
2019-03-12T16:30:00Z,-0.702,2.008,-0.349,-1.027,-0.07
2019-03-12T16:45:00Z,-0.702,2.008,-0.349,-1.027,-0.07
2019-03-12T17:00:00Z,-1.214,1.588,0.038,-1.085,-0.674
2019-03-12T17:15:00Z,-1.214,1.588,0.038,-1.085,-0.674
2019-03-12T17:30:00Z,-1.214,1.588,0.038,-1.085,-0.674
2019-03-12T17:45:00Z,-1.214,1.588,0.038,-1.085,-0.674
2019-03-12T18:00:00Z,-2.128,1.513,0.566,-1.085,-1.135
2019-03-12T18:15:00Z,-2.128,1.513,0.566,-1.085,-1.135
2019-03-12T18:30:00Z,-2.128,1.513,0.566,-1.085,-1.135
2019-03-12T18:45:00Z,-2.128,1.513,0.566,-1.085,-1.135
2019-03-12T19:00:00Z,-1.836,1.181,0.117,-1.085,-1.624
2019-03-12T19:15:00Z,-1.836,1.181,0.117,-1.085,-1.624
2019-03-12T19:30:00Z,-1.836,1.181,0.117,-1.085,-1.624
2019-03-12T19:45:00Z,-1.836,1.181,0.117,-1.085,-1.624
2019-03-12T20:00:00Z,-1.595,1.635,-0.455,-1.083,-1.498
2019-03-12T20:15:00Z,-1.595,1.635,-0.455,-1.083,-1.498
2019-03-12T20:30:00Z,-1.595,1.635,-0.455,-1.083,-1.498
2019-03-12T20:45:00Z,-1.595,1.635,-0.455,-1.083,-1.498
2019-03-12T21:00:00Z,-1.475,1.834,-0.728,-1.023,-1.392
2019-03-12T21:15:00Z,-1.475,1.834,-0.728,-1.023,-1.392
2019-03-12T21:30:00Z,-1.475,1.834,-0.728,-1.023,-1.392
2019-03-12T21:45:00Z,-1.475,1.834,-0.728,-1.023,-1.392
2019-03-12T22:00:00Z,-0.845,1.676,-0.698,-0.966,-0.833
2019-03-12T22:15:00Z,-0.845,1.676,-0.698,-0.966,-0.833
2019-03-12T22:30:00Z,-0.845,1.676,-0.698,-0.966,-0.833
2019-03-12T22:45:00Z,-0.845,1.676,-0.698,-0.966,-0.833
2019-03-12T23:00:00Z,-0.709,1.495,-0.719,-0.784,-0.718
2019-03-12T23:15:00Z,-0.709,1.495,-0.719,-0.784,-0.718
2019-03-12T23:30:00Z,-0.709,1.495,-0.719,-0.784,-0.718
2019-03-12T23:45:00Z,-0.709,1.495,-0.719,-0.784,-0.718
2019-03-13T00:00:00Z,-0.863,1.725,-0.73,-0.768,-0.636
2019-03-13T00:15:00Z,-0.863,1.725,-0.73,-0.768,-0.636
2019-03-13T00:30:00Z,-0.863,1.725,-0.73,-0.768,-0.636
2019-03-13T00:45:00Z,-0.863,1.725,-0.73,-0.768,-0.636
2019-03-13T01:00:00Z,-0.733,1.655,-0.73,-0.766,-0.574
2019-03-13T01:15:00Z,-0.733,1.655,-0.73,-0.766,-0.574
2019-03-13T01:30:00Z,-0.733,1.655,-0.73,-0.766,-0.574
2019-03-13T01:45:00Z,-0.733,1.655,-0.73,-0.766,-0.574
2019-03-13T02:00:00Z,-0.787,1.515,-0.73,-0.724,-0.726
2019-03-13T02:15:00Z,-0.787,1.515,-0.73,-0.724,-0.726
2019-03-13T02:30:00Z,-0.787,1.515,-0.73,-0.724,-0.726
2019-03-13T02:45:00Z,-0.787,1.515,-0.73,-0.724,-0.726
2019-03-13T03:00:00Z,-0.595,1.58,-0.729,-0.687,-0.43
2019-03-13T03:15:00Z,-0.595,1.58,-0.729,-0.687,-0.43
2019-03-13T03:30:00Z,-0.595,1.58,-0.729,-0.687,-0.43
2019-03-13T03:45:00Z,-0.595,1.58,-0.729,-0.687,-0.43
2019-03-13T04:00:00Z,-0.482,1.555,-0.7,-0.677,-0.305
2019-03-13T04:15:00Z,-0.482,1.555,-0.7,-0.677,-0.305
2019-03-13T04:30:00Z,-0.482,1.555,-0.7,-0.677,-0.305
2019-03-13T04:45:00Z,-0.482,1.555,-0.7,-0.677,-0.305
2019-03-13T05:00:00Z,-0.77,1.44,-0.479,-0.732,-0.541
2019-03-13T05:15:00Z,-0.77,1.44,-0.479,-0.732,-0.541
2019-03-13T05:30:00Z,-0.77,1.44,-0.479,-0.732,-0.541
2019-03-13T05:45:00Z,-0.77,1.44,-0.479,-0.732,-0.541
2019-03-13T06:00:00Z,-1.407,1.424,0.127,-0.89,-0.746
2019-03-13T06:15:00Z,-1.407,1.424,0.127,-0.89,-0.746
2019-03-13T06:30:00Z,-1.407,1.424,0.127,-0.89,-0.746
2019-03-13T06:45:00Z,-1.407,1.424,0.127,-0.89,-0.746
2019-03-13T07:00:00Z,-1.368,1.155,0.69,-1.024,-0.546
2019-03-13T07:15:00Z,-1.368,1.155,0.69,-1.024,-0.546
2019-03-13T07:30:00Z,-1.368,1.155,0.69,-1.024,-0.546
2019-03-13T07:45:00Z,-1.368,1.155,0.69,-1.024,-0.546
2019-03-13T08:00:00Z,-1.208,0.978,0.676,-1.012,-0.567
2019-03-13T08:15:00Z,-1.208,0.978,0.676,-1.012,-0.567
2019-03-13T08:30:00Z,-1.208,0.978,0.676,-1.012,-0.567
2019-03-13T08:45:00Z,-1.208,0.978,0.676,-1.012,-0.567
2019-03-13T09:00:00Z,-1.183,1.174,0.552,-1.012,-0.469
2019-03-13T09:15:00Z,-1.183,1.174,0.552,-1.012,-0.469
2019-03-13T09:30:00Z,-1.183,1.174,0.552,-1.012,-0.469
2019-03-13T09:45:00Z,-1.183,1.174,0.552,-1.012,-0.469
2019-03-13T10:00:00Z,-1.271,1.244,0.694,-1.012,-0.345
2019-03-13T10:15:00Z,-1.271,1.244,0.694,-1.012,-0.345
2019-03-13T10:30:00Z,-1.271,1.244,0.694,-1.012,-0.345
2019-03-13T10:45:00Z,-1.271,1.244,0.694,-1.012,-0.345
2019-03-13T11:00:00Z,-1.144,1.228,0.466,-1.012,-0.462
2019-03-13T11:15:00Z,-1.144,1.228,0.466,-1.012,-0.462
2019-03-13T11:30:00Z,-1.144,1.228,0.466,-1.012,-0.462
2019-03-13T11:45:00Z,-1.144,1.228,0.466,-1.012,-0.462
2019-03-13T12:00:00Z,-1.034,1.105,0.474,-1.023,-0.478
2019-03-13T12:15:00Z,-1.034,1.105,0.474,-1.023,-0.478
2019-03-13T12:30:00Z,-1.034,1.105,0.474,-1.023,-0.478
2019-03-13T12:45:00Z,-1.034,1.105,0.474,-1.023,-0.478
2019-03-13T13:00:00Z,-1.023,1.281,0.15,-0.988,-0.58
2019-03-13T13:15:00Z,-1.023,1.281,0.15,-0.988,-0.58
2019-03-13T13:30:00Z,-1.023,1.281,0.15,-0.988,-0.58
2019-03-13T13:45:00Z,-1.023,1.281,0.15,-0.988,-0.58
2019-03-13T14:00:00Z,-1.019,1.395,0.065,-1.024,-0.583
2019-03-13T14:15:00Z,-1.019,1.395,0.065,-1.024,-0.583
2019-03-13T14:30:00Z,-1.019,1.395,0.065,-1.024,-0.583
2019-03-13T14:45:00Z,-1.019,1.395,0.065,-1.024,-0.583
2019-03-13T15:00:00Z,-1.012,1.523,-0.176,-1.024,-0.69
2019-03-13T15:15:00Z,-1.012,1.523,-0.176,-1.024,-0.69
2019-03-13T15:30:00Z,-1.012,1.523,-0.176,-1.024,-0.69
2019-03-13T15:45:00Z,-1.012,1.523,-0.176,-1.024,-0.69
2019-03-13T16:00:00Z,-0.998,1.43,-0.159,-1.027,-0.754
2019-03-13T16:15:00Z,-0.998,1.43,-0.159,-1.027,-0.754
2019-03-13T16:30:00Z,-0.998,1.43,-0.159,-1.027,-0.754
2019-03-13T16:45:00Z,-0.998,1.43,-0.159,-1.027,-0.754
2019-03-13T17:00:00Z,-1.536,1.548,-0.134,-1.086,-1.207
2019-03-13T17:15:00Z,-1.536,1.548,-0.134,-1.086,-1.207
2019-03-13T17:30:00Z,-1.536,1.548,-0.134,-1.086,-1.207
2019-03-13T17:45:00Z,-1.536,1.548,-0.134,-1.086,-1.207
2019-03-13T18:00:00Z,-1.898,1.11,0.384,-1.085,-1.489
2019-03-13T18:15:00Z,-1.898,1.11,0.384,-1.085,-1.489
2019-03-13T18:30:00Z,-1.898,1.11,0.384,-1.085,-1.489
2019-03-13T18:45:00Z,-1.898,1.11,0.384,-1.085,-1.489
2019-03-13T19:00:00Z,-2.02,1.541,-0.167,-1.086,-1.731
2019-03-13T19:15:00Z,-2.02,1.541,-0.167,-1.086,-1.731
2019-03-13T19:30:00Z,-2.02,1.541,-0.167,-1.086,-1.731
2019-03-13T19:45:00Z,-2.02,1.541,-0.167,-1.086,-1.731
2019-03-13T20:00:00Z,-1.634,1.826,-0.41,-1.083,-1.301
2019-03-13T20:15:00Z,-1.634,1.826,-0.41,-1.083,-1.301
2019-03-13T20:30:00Z,-1.634,1.826,-0.41,-1.083,-1.301
2019-03-13T20:45:00Z,-1.634,1.826,-0.41,-1.083,-1.301
2019-03-13T21:00:00Z,-1.729,1.744,-0.493,-1.02,-1.499
2019-03-13T21:15:00Z,-1.729,1.744,-0.493,-1.02,-1.499
2019-03-13T21:30:00Z,-1.729,1.744,-0.493,-1.02,-1.499
2019-03-13T21:45:00Z,-1.729,1.744,-0.493,-1.02,-1.499
2019-03-13T22:00:00Z,-1.607,1.895,-0.691,-0.92,-1.324
2019-03-13T22:15:00Z,-1.607,1.895,-0.691,-0.92,-1.324
2019-03-13T22:30:00Z,-1.607,1.895,-0.691,-0.92,-1.324
2019-03-13T22:45:00Z,-1.607,1.895,-0.691,-0.92,-1.324
2019-03-13T23:00:00Z,-1.114,1.197,-0.654,-0.804,-1.375
2019-03-13T23:15:00Z,-1.114,1.197,-0.654,-0.804,-1.375
2019-03-13T23:30:00Z,-1.114,1.197,-0.654,-0.804,-1.375
2019-03-13T23:45:00Z,-1.114,1.197,-0.654,-0.804,-1.375
2019-03-14T00:00:00Z,-0.688,1.2,-0.706,-0.585,-0.779
2019-03-14T00:15:00Z,-0.688,1.2,-0.706,-0.585,-0.779
2019-03-14T00:30:00Z,-0.688,1.2,-0.706,-0.585,-0.779
2019-03-14T00:45:00Z,-0.688,1.2,-0.706,-0.585,-0.779
2019-03-14T01:00:00Z,-0.463,1.217,-0.714,-0.443,-0.403
2019-03-14T01:15:00Z,-0.463,1.217,-0.714,-0.443,-0.403
2019-03-14T01:30:00Z,-0.463,1.217,-0.714,-0.443,-0.403
2019-03-14T01:45:00Z,-0.463,1.217,-0.714,-0.443,-0.403
2019-03-14T02:00:00Z,-0.16,1.334,-0.73,-0.096,0.348
2019-03-14T02:15:00Z,-0.16,1.334,-0.73,-0.096,0.348
2019-03-14T02:30:00Z,-0.16,1.334,-0.73,-0.096,0.348
2019-03-14T02:45:00Z,-0.16,1.334,-0.73,-0.096,0.348
2019-03-14T03:00:00Z,0.279,1.323,-0.73,-0.001,0.871
2019-03-14T03:15:00Z,0.279,1.323,-0.73,-0.001,0.871
2019-03-14T03:30:00Z,0.279,1.323,-0.73,-0.001,0.871
2019-03-14T03:45:00Z,0.279,1.323,-0.73,-0.001,0.871
2019-03-14T04:00:00Z,0.429,1.163,-0.725,-0,0.866
2019-03-14T04:15:00Z,0.429,1.163,-0.725,-0,0.866
2019-03-14T04:30:00Z,0.429,1.163,-0.725,-0,0.866
2019-03-14T04:45:00Z,0.429,1.163,-0.725,-0,0.866
2019-03-14T05:00:00Z,-0.053,1.193,-0.583,-0.001,0.556
2019-03-14T05:15:00Z,-0.053,1.193,-0.583,-0.001,0.556
2019-03-14T05:30:00Z,-0.053,1.193,-0.583,-0.001,0.556
2019-03-14T05:45:00Z,-0.053,1.193,-0.583,-0.001,0.556
2019-03-14T06:00:00Z,-0.468,1.322,0.025,-0.876,0.004
2019-03-14T06:15:00Z,-0.468,1.322,0.025,-0.876,0.004
2019-03-14T06:30:00Z,-0.468,1.322,0.025,-0.876,0.004
2019-03-14T06:45:00Z,-0.468,1.322,0.025,-0.876,0.004
2019-03-14T07:00:00Z,-0.772,1.134,0.596,-0.647,0.312
2019-03-14T07:15:00Z,-0.772,1.134,0.596,-0.647,0.312
2019-03-14T07:30:00Z,-0.772,1.134,0.596,-0.647,0.312
2019-03-14T07:45:00Z,-0.772,1.134,0.596,-0.647,0.312
2019-03-14T08:00:00Z,-0.853,1.353,0.697,-0.78,0.418
2019-03-14T08:15:00Z,-0.853,1.353,0.697,-0.78,0.418
2019-03-14T08:30:00Z,-0.853,1.353,0.697,-0.78,0.418
2019-03-14T08:45:00Z,-0.853,1.353,0.697,-0.78,0.418
2019-03-14T09:00:00Z,-0.738,1.519,0.536,-1.085,0.232
2019-03-14T09:15:00Z,-0.738,1.519,0.536,-1.085,0.232
2019-03-14T09:30:00Z,-0.738,1.519,0.536,-1.085,0.232
2019-03-14T09:45:00Z,-0.738,1.519,0.536,-1.085,0.232
2019-03-14T10:00:00Z,-0.696,1.519,0.357,-1.083,0.098
2019-03-14T10:15:00Z,-0.696,1.519,0.357,-1.083,0.098
2019-03-14T10:30:00Z,-0.696,1.519,0.357,-1.083,0.098
2019-03-14T10:45:00Z,-0.696,1.519,0.357,-1.083,0.098
2019-03-14T11:00:00Z,-0.585,1.288,0.115,-1.025,-0.208
2019-03-14T11:15:00Z,-0.585,1.288,0.115,-1.025,-0.208
2019-03-14T11:30:00Z,-0.585,1.288,0.115,-1.025,-0.208
2019-03-14T11:45:00Z,-0.585,1.288,0.115,-1.025,-0.208
2019-03-14T12:00:00Z,-0.321,1.243,-0.462,-1.024,-0.565
2019-03-14T12:15:00Z,-0.321,1.243,-0.462,-1.024,-0.565
2019-03-14T12:30:00Z,-0.321,1.243,-0.462,-1.024,-0.565
2019-03-14T12:45:00Z,-0.321,1.243,-0.462,-1.024,-0.565
2019-03-14T13:00:00Z,-0.143,1.051,-0.73,-1.025,-0.846
2019-03-14T13:15:00Z,-0.143,1.051,-0.73,-1.025,-0.846
2019-03-14T13:30:00Z,-0.143,1.051,-0.73,-1.025,-0.846
2019-03-14T13:45:00Z,-0.143,1.051,-0.73,-1.025,-0.846
2019-03-14T14:00:00Z,-0.046,1.124,-0.73,-1.025,-0.676
2019-03-14T14:15:00Z,-0.046,1.124,-0.73,-1.025,-0.676
2019-03-14T14:30:00Z,-0.046,1.124,-0.73,-1.025,-0.676
2019-03-14T14:45:00Z,-0.046,1.124,-0.73,-1.025,-0.676
2019-03-14T15:00:00Z,-0.093,1.381,-0.712,-1.025,-0.449
2019-03-14T15:15:00Z,-0.093,1.381,-0.712,-1.025,-0.449
2019-03-14T15:30:00Z,-0.093,1.381,-0.712,-1.025,-0.449
2019-03-14T15:45:00Z,-0.093,1.381,-0.712,-1.025,-0.449
2019-03-14T16:00:00Z,-0.175,1.307,-0.342,-1.027,-0.237
2019-03-14T16:15:00Z,-0.175,1.307,-0.342,-1.027,-0.237
2019-03-14T16:30:00Z,-0.175,1.307,-0.342,-1.027,-0.237
2019-03-14T16:45:00Z,-0.175,1.307,-0.342,-1.027,-0.237
2019-03-14T17:00:00Z,-0.757,1.168,0.076,-1.085,-0.598
2019-03-14T17:15:00Z,-0.757,1.168,0.076,-1.085,-0.598
2019-03-14T17:30:00Z,-0.757,1.168,0.076,-1.085,-0.598
2019-03-14T17:45:00Z,-0.757,1.168,0.076,-1.085,-0.598
2019-03-14T18:00:00Z,-1.007,1.078,0.595,-1.085,-0.42
2019-03-14T18:15:00Z,-1.007,1.078,0.595,-1.085,-0.42
2019-03-14T18:30:00Z,-1.007,1.078,0.595,-1.085,-0.42
2019-03-14T18:45:00Z,-1.007,1.078,0.595,-1.085,-0.42
2019-03-14T19:00:00Z,-1.091,1.052,0.072,-1.086,-1.053
2019-03-14T19:15:00Z,-1.091,1.052,0.072,-1.086,-1.053
2019-03-14T19:30:00Z,-1.091,1.052,0.072,-1.086,-1.053
2019-03-14T19:45:00Z,-1.091,1.052,0.072,-1.086,-1.053
2019-03-14T20:00:00Z,-0.994,1.173,-0.348,-1.083,-1.252
2019-03-14T20:15:00Z,-0.994,1.173,-0.348,-1.083,-1.252
2019-03-14T20:30:00Z,-0.994,1.173,-0.348,-1.083,-1.252
2019-03-14T20:45:00Z,-0.994,1.173,-0.348,-1.083,-1.252
2019-03-14T21:00:00Z,-1.309,1.05,-0.43,-1.02,-1.71
2019-03-14T21:15:00Z,-1.309,1.05,-0.43,-1.02,-1.71
2019-03-14T21:30:00Z,-1.309,1.05,-0.43,-1.02,-1.71
2019-03-14T21:45:00Z,-1.309,1.05,-0.43,-1.02,-1.71
2019-03-14T22:00:00Z,-1.378,1.259,-0.34,-0.922,-1.382
2019-03-14T22:15:00Z,-1.378,1.259,-0.34,-0.922,-1.382
2019-03-14T22:30:00Z,-1.378,1.259,-0.34,-0.922,-1.382
2019-03-14T22:45:00Z,-1.378,1.259,-0.34,-0.922,-1.382
2019-03-14T23:00:00Z,-0.868,1.806,-0.726,-0.863,-0.65
2019-03-14T23:15:00Z,-0.868,1.806,-0.726,-0.863,-0.65
2019-03-14T23:30:00Z,-0.868,1.806,-0.726,-0.863,-0.65
2019-03-14T23:45:00Z,-0.868,1.806,-0.726,-0.863,-0.65
2019-03-15T00:00:00Z,-1.325,1.875,-0.73,-0.825,-1.005
2019-03-15T00:15:00Z,-1.325,1.875,-0.73,-0.825,-1.005
2019-03-15T00:30:00Z,-1.325,1.875,-0.73,-0.825,-1.005
2019-03-15T00:45:00Z,-1.325,1.875,-0.73,-0.825,-1.005
2019-03-15T01:00:00Z,-1.12,1.692,-0.73,-0.774,-0.932
2019-03-15T01:15:00Z,-1.12,1.692,-0.73,-0.774,-0.932
2019-03-15T01:30:00Z,-1.12,1.692,-0.73,-0.774,-0.932
2019-03-15T01:45:00Z,-1.12,1.692,-0.73,-0.774,-0.932
2019-03-15T02:00:00Z,-0.733,1.726,-0.73,-0.718,-0.454
2019-03-15T02:15:00Z,-0.733,1.726,-0.73,-0.718,-0.454
2019-03-15T02:30:00Z,-0.733,1.726,-0.73,-0.718,-0.454
2019-03-15T02:45:00Z,-0.733,1.726,-0.73,-0.718,-0.454
2019-03-15T03:00:00Z,-0.266,1.638,-0.73,-0.504,0.138
2019-03-15T03:15:00Z,-0.266,1.638,-0.73,-0.504,0.138
2019-03-15T03:30:00Z,-0.266,1.638,-0.73,-0.504,0.138
2019-03-15T03:45:00Z,-0.266,1.638,-0.73,-0.504,0.138
2019-03-15T04:00:00Z,-0.205,1.753,-0.73,0.308,1.127
2019-03-15T04:15:00Z,-0.205,1.753,-0.73,0.308,1.127
2019-03-15T04:30:00Z,-0.205,1.753,-0.73,0.308,1.127
2019-03-15T04:45:00Z,-0.205,1.753,-0.73,0.308,1.127
2019-03-15T05:00:00Z,0.127,1.625,-0.692,0.342,1.401
2019-03-15T05:15:00Z,0.127,1.625,-0.692,0.342,1.401
2019-03-15T05:30:00Z,0.127,1.625,-0.692,0.342,1.401
2019-03-15T05:45:00Z,0.127,1.625,-0.692,0.342,1.401
2019-03-15T06:00:00Z,-0.008,2.498,-0.144,-0.635,1.712
2019-03-15T06:15:00Z,-0.008,2.498,-0.144,-0.635,1.712
2019-03-15T06:30:00Z,-0.008,2.498,-0.144,-0.635,1.712
2019-03-15T06:45:00Z,-0.008,2.498,-0.144,-0.635,1.712
2019-03-15T07:00:00Z,0.105,3.07,-0.156,-0.975,2.044
2019-03-15T07:15:00Z,0.105,3.07,-0.156,-0.975,2.044
2019-03-15T07:30:00Z,0.105,3.07,-0.156,-0.975,2.044
2019-03-15T07:45:00Z,0.105,3.07,-0.156,-0.975,2.044
2019-03-15T08:00:00Z,0.237,3.229,-0.717,-1.025,1.724
2019-03-15T08:15:00Z,0.237,3.229,-0.717,-1.025,1.724
2019-03-15T08:30:00Z,0.237,3.229,-0.717,-1.025,1.724
2019-03-15T08:45:00Z,0.237,3.229,-0.717,-1.025,1.724
2019-03-15T09:00:00Z,-0.048,3.089,-0.73,-1.025,1.286
2019-03-15T09:15:00Z,-0.048,3.089,-0.73,-1.025,1.286
2019-03-15T09:30:00Z,-0.048,3.089,-0.73,-1.025,1.286
2019-03-15T09:45:00Z,-0.048,3.089,-0.73,-1.025,1.286
2019-03-15T10:00:00Z,-0.428,3.05,-0.73,-1.024,0.867
2019-03-15T10:15:00Z,-0.428,3.05,-0.73,-1.024,0.867
2019-03-15T10:30:00Z,-0.428,3.05,-0.73,-1.024,0.867
2019-03-15T10:45:00Z,-0.428,3.05,-0.73,-1.024,0.867
2019-03-15T11:00:00Z,-0.874,3.094,-0.73,-1.005,0.484
2019-03-15T11:15:00Z,-0.874,3.094,-0.73,-1.005,0.484
2019-03-15T11:30:00Z,-0.874,3.094,-0.73,-1.005,0.484
2019-03-15T11:45:00Z,-0.874,3.094,-0.73,-1.005,0.484
2019-03-15T12:00:00Z,-0.718,2.932,-0.73,-1.005,0.479
2019-03-15T12:15:00Z,-0.718,2.932,-0.73,-1.005,0.479
2019-03-15T12:30:00Z,-0.718,2.932,-0.73,-1.005,0.479
2019-03-15T12:45:00Z,-0.718,2.932,-0.73,-1.005,0.479
2019-03-15T13:00:00Z,-0.769,2.521,-0.729,-1.002,0.021
2019-03-15T13:15:00Z,-0.769,2.521,-0.729,-1.002,0.021
2019-03-15T13:30:00Z,-0.769,2.521,-0.729,-1.002,0.021
2019-03-15T13:45:00Z,-0.769,2.521,-0.729,-1.002,0.021
2019-03-15T14:00:00Z,-0.83,2.432,-0.677,-1.005,-0.08
2019-03-15T14:15:00Z,-0.83,2.432,-0.677,-1.005,-0.08
2019-03-15T14:30:00Z,-0.83,2.432,-0.677,-1.005,-0.08
2019-03-15T14:45:00Z,-0.83,2.432,-0.677,-1.005,-0.08
2019-03-15T15:00:00Z,-0.812,2.38,-0.206,-1.024,0.338
2019-03-15T15:15:00Z,-0.812,2.38,-0.206,-1.024,0.338
2019-03-15T15:30:00Z,-0.812,2.38,-0.206,-1.024,0.338
2019-03-15T15:45:00Z,-0.812,2.38,-0.206,-1.024,0.338
2019-03-15T16:00:00Z,-0.867,2.442,0.17,-1.027,0.718
2019-03-15T16:15:00Z,-0.867,2.442,0.17,-1.027,0.718
2019-03-15T16:30:00Z,-0.867,2.442,0.17,-1.027,0.718
2019-03-15T16:45:00Z,-0.867,2.442,0.17,-1.027,0.718
2019-03-15T17:00:00Z,-1.308,2.557,0.075,-1.085,0.24
2019-03-15T17:15:00Z,-1.308,2.557,0.075,-1.085,0.24
2019-03-15T17:30:00Z,-1.308,2.557,0.075,-1.085,0.24
2019-03-15T17:45:00Z,-1.308,2.557,0.075,-1.085,0.24
2019-03-15T18:00:00Z,-1.778,2.327,0.619,-1.086,0.081
2019-03-15T18:15:00Z,-1.778,2.327,0.619,-1.086,0.081
2019-03-15T18:30:00Z,-1.778,2.327,0.619,-1.086,0.081
2019-03-15T18:45:00Z,-1.778,2.327,0.619,-1.086,0.081
2019-03-15T19:00:00Z,-1.99,2.201,0.418,-1.085,-0.455
2019-03-15T19:15:00Z,-1.99,2.201,0.418,-1.085,-0.455
2019-03-15T19:30:00Z,-1.99,2.201,0.418,-1.085,-0.455
2019-03-15T19:45:00Z,-1.99,2.201,0.418,-1.085,-0.455
2019-03-15T20:00:00Z,-1.944,2.146,-0.176,-1.083,-1.057
2019-03-15T20:15:00Z,-1.944,2.146,-0.176,-1.083,-1.057
2019-03-15T20:30:00Z,-1.944,2.146,-0.176,-1.083,-1.057
2019-03-15T20:45:00Z,-1.944,2.146,-0.176,-1.083,-1.057
2019-03-15T21:00:00Z,-1.886,2.225,-0.714,-1.022,-1.397
2019-03-15T21:15:00Z,-1.886,2.225,-0.714,-1.022,-1.397
2019-03-15T21:30:00Z,-1.886,2.225,-0.714,-1.022,-1.397
2019-03-15T21:45:00Z,-1.886,2.225,-0.714,-1.022,-1.397
2019-03-15T22:00:00Z,-2.451,2.458,-0.614,-0.97,-1.576
2019-03-15T22:15:00Z,-2.451,2.458,-0.614,-0.97,-1.576
2019-03-15T22:30:00Z,-2.451,2.458,-0.614,-0.97,-1.576
2019-03-15T22:45:00Z,-2.451,2.458,-0.614,-0.97,-1.576
2019-03-15T23:00:00Z,-1.978,2.242,-0.326,-0.875,-0.937
2019-03-15T23:15:00Z,-1.978,2.242,-0.326,-0.875,-0.937
2019-03-15T23:30:00Z,-1.978,2.242,-0.326,-0.875,-0.937
2019-03-15T23:45:00Z,-1.978,2.242,-0.326,-0.875,-0.937
2019-03-16T00:00:00Z,-1.663,2.219,-0.353,-0.873,-0.671
2019-03-16T00:15:00Z,-1.663,2.219,-0.353,-0.873,-0.671
2019-03-16T00:30:00Z,-1.663,2.219,-0.353,-0.873,-0.671
2019-03-16T00:45:00Z,-1.663,2.219,-0.353,-0.873,-0.671
2019-03-16T01:00:00Z,-1.639,2.251,-0.354,-0.826,-0.569
2019-03-16T01:15:00Z,-1.639,2.251,-0.354,-0.826,-0.569
2019-03-16T01:30:00Z,-1.639,2.251,-0.354,-0.826,-0.569
2019-03-16T01:45:00Z,-1.639,2.251,-0.354,-0.826,-0.569
2019-03-16T02:00:00Z,-1.06,2.214,-0.725,-0.825,-0.396
2019-03-16T02:15:00Z,-1.06,2.214,-0.725,-0.825,-0.396
2019-03-16T02:30:00Z,-1.06,2.214,-0.725,-0.825,-0.396
2019-03-16T02:45:00Z,-1.06,2.214,-0.725,-0.825,-0.396
2019-03-16T03:00:00Z,-0.447,1.912,-0.687,-0.826,-0.048
2019-03-16T03:15:00Z,-0.447,1.912,-0.687,-0.826,-0.048
2019-03-16T03:30:00Z,-0.447,1.912,-0.687,-0.826,-0.048
2019-03-16T03:45:00Z,-0.447,1.912,-0.687,-0.826,-0.048
2019-03-16T04:00:00Z,0.127,1.814,-0.718,-0.825,0.397
2019-03-16T04:15:00Z,0.127,1.814,-0.718,-0.825,0.397
2019-03-16T04:30:00Z,0.127,1.814,-0.718,-0.825,0.397
2019-03-16T04:45:00Z,0.127,1.814,-0.718,-0.825,0.397
2019-03-16T05:00:00Z,0.598,2.014,-0.73,-0.825,1.058
2019-03-16T05:15:00Z,0.598,2.014,-0.73,-0.825,1.058
2019-03-16T05:30:00Z,0.598,2.014,-0.73,-0.825,1.058
2019-03-16T05:45:00Z,0.598,2.014,-0.73,-0.825,1.058
2019-03-16T06:00:00Z,1.529,2.528,-0.73,-0.818,2.509
2019-03-16T06:15:00Z,1.529,2.528,-0.73,-0.818,2.509
2019-03-16T06:30:00Z,1.529,2.528,-0.73,-0.818,2.509
2019-03-16T06:45:00Z,1.529,2.528,-0.73,-0.818,2.509
2019-03-16T07:00:00Z,1.53,2.782,-0.73,-0.849,2.734
2019-03-16T07:15:00Z,1.53,2.782,-0.73,-0.849,2.734
2019-03-16T07:30:00Z,1.53,2.782,-0.73,-0.849,2.734
2019-03-16T07:45:00Z,1.53,2.782,-0.73,-0.849,2.734
2019-03-16T08:00:00Z,1.235,3.027,-0.73,-0.977,2.555
2019-03-16T08:15:00Z,1.235,3.027,-0.73,-0.977,2.555
2019-03-16T08:30:00Z,1.235,3.027,-0.73,-0.977,2.555
2019-03-16T08:45:00Z,1.235,3.027,-0.73,-0.977,2.555
2019-03-16T09:00:00Z,1.209,2.871,-0.73,-1.025,2.325
2019-03-16T09:15:00Z,1.209,2.871,-0.73,-1.025,2.325
2019-03-16T09:30:00Z,1.209,2.871,-0.73,-1.025,2.325
2019-03-16T09:45:00Z,1.209,2.871,-0.73,-1.025,2.325
2019-03-16T10:00:00Z,0.958,2.73,-0.73,-1.025,1.932
2019-03-16T10:15:00Z,0.958,2.73,-0.73,-1.025,1.932
2019-03-16T10:30:00Z,0.958,2.73,-0.73,-1.025,1.932
2019-03-16T10:45:00Z,0.958,2.73,-0.73,-1.025,1.932
2019-03-16T11:00:00Z,0.875,3.01,-0.73,-1.026,2.13
2019-03-16T11:15:00Z,0.875,3.01,-0.73,-1.026,2.13
2019-03-16T11:30:00Z,0.875,3.01,-0.73,-1.026,2.13
2019-03-16T11:45:00Z,0.875,3.01,-0.73,-1.026,2.13
2019-03-16T12:00:00Z,0.997,3.308,-0.731,-1.025,2.55
2019-03-16T12:15:00Z,0.997,3.308,-0.731,-1.025,2.55
2019-03-16T12:30:00Z,0.997,3.308,-0.731,-1.025,2.55
2019-03-16T12:45:00Z,0.997,3.308,-0.731,-1.025,2.55
2019-03-16T13:00:00Z,0.868,2.858,-0.731,-1.02,1.974
2019-03-16T13:15:00Z,0.868,2.858,-0.731,-1.02,1.974
2019-03-16T13:30:00Z,0.868,2.858,-0.731,-1.02,1.974
2019-03-16T13:45:00Z,0.868,2.858,-0.731,-1.02,1.974
2019-03-16T14:00:00Z,0.714,2.794,-0.723,-0.981,1.804
2019-03-16T14:15:00Z,0.714,2.794,-0.723,-0.981,1.804
2019-03-16T14:30:00Z,0.714,2.794,-0.723,-0.981,1.804
2019-03-16T14:45:00Z,0.714,2.794,-0.723,-0.981,1.804
2019-03-16T15:00:00Z,0.694,2.81,-0.567,-1.024,1.912
2019-03-16T15:15:00Z,0.694,2.81,-0.567,-1.024,1.912
2019-03-16T15:30:00Z,0.694,2.81,-0.567,-1.024,1.912
2019-03-16T15:45:00Z,0.694,2.81,-0.567,-1.024,1.912
2019-03-16T16:00:00Z,0.425,2.938,-0.729,-1.027,1.607
2019-03-16T16:15:00Z,0.425,2.938,-0.729,-1.027,1.607
2019-03-16T16:30:00Z,0.425,2.938,-0.729,-1.027,1.607
2019-03-16T16:45:00Z,0.425,2.938,-0.729,-1.027,1.607
2019-03-16T17:00:00Z,-0.069,2.795,-0.712,-1.085,0.928
2019-03-16T17:15:00Z,-0.069,2.795,-0.712,-1.085,0.928
2019-03-16T17:30:00Z,-0.069,2.795,-0.712,-1.085,0.928
2019-03-16T17:45:00Z,-0.069,2.795,-0.712,-1.085,0.928
2019-03-16T18:00:00Z,-0.608,2.862,-0.375,-1.086,0.793
2019-03-16T18:15:00Z,-0.608,2.862,-0.375,-1.086,0.793
2019-03-16T18:30:00Z,-0.608,2.862,-0.375,-1.086,0.793
2019-03-16T18:45:00Z,-0.608,2.862,-0.375,-1.086,0.793
2019-03-16T19:00:00Z,-0.443,2.894,-0.553,-1.081,0.816
2019-03-16T19:15:00Z,-0.443,2.894,-0.553,-1.081,0.816
2019-03-16T19:30:00Z,-0.443,2.894,-0.553,-1.081,0.816
2019-03-16T19:45:00Z,-0.443,2.894,-0.553,-1.081,0.816
2019-03-16T20:00:00Z,-0.151,2.693,-0.719,-0.994,0.828
2019-03-16T20:15:00Z,-0.151,2.693,-0.719,-0.994,0.828
2019-03-16T20:30:00Z,-0.151,2.693,-0.719,-0.994,0.828
2019-03-16T20:45:00Z,-0.151,2.693,-0.719,-0.994,0.828
2019-03-16T21:00:00Z,-0.111,2.332,-0.513,-0.871,0.836
2019-03-16T21:15:00Z,-0.111,2.332,-0.513,-0.871,0.836
2019-03-16T21:30:00Z,-0.111,2.332,-0.513,-0.871,0.836
2019-03-16T21:45:00Z,-0.111,2.332,-0.513,-0.871,0.836
2019-03-16T22:00:00Z,-0.245,1.892,-0.694,-0.819,0.134
2019-03-16T22:15:00Z,-0.245,1.892,-0.694,-0.819,0.134
2019-03-16T22:30:00Z,-0.245,1.892,-0.694,-0.819,0.134
2019-03-16T22:45:00Z,-0.245,1.892,-0.694,-0.819,0.134
2019-03-16T23:00:00Z,-0.18,1.529,-0.73,-0.725,-0.106
2019-03-16T23:15:00Z,-0.18,1.529,-0.73,-0.725,-0.106
2019-03-16T23:30:00Z,-0.18,1.529,-0.73,-0.725,-0.106
2019-03-16T23:45:00Z,-0.18,1.529,-0.73,-0.725,-0.106
2019-03-17T00:00:00Z,-0.046,1.604,-0.73,-0.725,0.104
2019-03-17T00:15:00Z,-0.046,1.604,-0.73,-0.725,0.104
2019-03-17T00:30:00Z,-0.046,1.604,-0.73,-0.725,0.104
2019-03-17T00:45:00Z,-0.046,1.604,-0.73,-0.725,0.104
2019-03-17T01:00:00Z,0.236,1.317,-0.73,-0.725,0.098
2019-03-17T01:15:00Z,0.236,1.317,-0.73,-0.725,0.098
2019-03-17T01:30:00Z,0.236,1.317,-0.73,-0.725,0.098
2019-03-17T01:45:00Z,0.236,1.317,-0.73,-0.725,0.098
2019-03-17T02:00:00Z,0.304,1.327,-0.729,-0.725,0.177
2019-03-17T02:15:00Z,0.304,1.327,-0.729,-0.725,0.177
2019-03-17T02:30:00Z,0.304,1.327,-0.729,-0.725,0.177
2019-03-17T02:45:00Z,0.304,1.327,-0.729,-0.725,0.177
2019-03-17T03:00:00Z,0.21,1.598,-0.713,-0.725,0.37
2019-03-17T03:15:00Z,0.21,1.598,-0.713,-0.725,0.37
2019-03-17T03:30:00Z,0.21,1.598,-0.713,-0.725,0.37
2019-03-17T03:45:00Z,0.21,1.598,-0.713,-0.725,0.37
2019-03-17T04:00:00Z,-0.058,1.421,-0.63,-0.724,0.008
2019-03-17T04:15:00Z,-0.058,1.421,-0.63,-0.724,0.008
2019-03-17T04:30:00Z,-0.058,1.421,-0.63,-0.724,0.008
2019-03-17T04:45:00Z,-0.058,1.421,-0.63,-0.724,0.008
2019-03-17T05:00:00Z,-0.176,1.352,-0.637,-0.706,-0.167
2019-03-17T05:15:00Z,-0.176,1.352,-0.637,-0.706,-0.167
2019-03-17T05:30:00Z,-0.176,1.352,-0.637,-0.706,-0.167
2019-03-17T05:45:00Z,-0.176,1.352,-0.637,-0.706,-0.167
2019-03-17T06:00:00Z,-0.015,1.193,-0.642,-0.723,-0.187
2019-03-17T06:15:00Z,-0.015,1.193,-0.642,-0.723,-0.187
2019-03-17T06:30:00Z,-0.015,1.193,-0.642,-0.723,-0.187
2019-03-17T06:45:00Z,-0.015,1.193,-0.642,-0.723,-0.187
2019-03-17T07:00:00Z,-0.255,1.195,-0.508,-0.732,-0.299
2019-03-17T07:15:00Z,-0.255,1.195,-0.508,-0.732,-0.299
2019-03-17T07:30:00Z,-0.255,1.195,-0.508,-0.732,-0.299
2019-03-17T07:45:00Z,-0.255,1.195,-0.508,-0.732,-0.299
2019-03-17T08:00:00Z,-0.685,1.405,-0.459,-0.89,-0.629
2019-03-17T08:15:00Z,-0.685,1.405,-0.459,-0.89,-0.629
2019-03-17T08:30:00Z,-0.685,1.405,-0.459,-0.89,-0.629
2019-03-17T08:45:00Z,-0.685,1.405,-0.459,-0.89,-0.629
2019-03-17T09:00:00Z,-0.656,1.21,-0.408,-0.974,-0.829
2019-03-17T09:15:00Z,-0.656,1.21,-0.408,-0.974,-0.829
2019-03-17T09:30:00Z,-0.656,1.21,-0.408,-0.974,-0.829
2019-03-17T09:45:00Z,-0.656,1.21,-0.408,-0.974,-0.829
2019-03-17T10:00:00Z,-0.523,1.146,-0.59,-0.964,-0.932
2019-03-17T10:15:00Z,-0.523,1.146,-0.59,-0.964,-0.932
2019-03-17T10:30:00Z,-0.523,1.146,-0.59,-0.964,-0.932
2019-03-17T10:45:00Z,-0.523,1.146,-0.59,-0.964,-0.932
2019-03-17T11:00:00Z,-0.514,1.314,-0.729,-0.944,-0.873
2019-03-17T11:15:00Z,-0.514,1.314,-0.729,-0.944,-0.873
2019-03-17T11:30:00Z,-0.514,1.314,-0.729,-0.944,-0.873
2019-03-17T11:45:00Z,-0.514,1.314,-0.729,-0.944,-0.873
2019-03-17T12:00:00Z,-0.192,1.02,-0.729,-0.906,-0.806
2019-03-17T12:15:00Z,-0.192,1.02,-0.729,-0.906,-0.806
2019-03-17T12:30:00Z,-0.192,1.02,-0.729,-0.906,-0.806
2019-03-17T12:45:00Z,-0.192,1.02,-0.729,-0.906,-0.806
2019-03-17T13:00:00Z,-0.083,0.974,-0.729,-0.903,-0.741
2019-03-17T13:15:00Z,-0.083,0.974,-0.729,-0.903,-0.741
2019-03-17T13:30:00Z,-0.083,0.974,-0.729,-0.903,-0.741
2019-03-17T13:45:00Z,-0.083,0.974,-0.729,-0.903,-0.741
2019-03-17T14:00:00Z,-0.126,1.073,-0.729,-0.91,-0.693
2019-03-17T14:15:00Z,-0.126,1.073,-0.729,-0.91,-0.693
2019-03-17T14:30:00Z,-0.126,1.073,-0.729,-0.91,-0.693
2019-03-17T14:45:00Z,-0.126,1.073,-0.729,-0.91,-0.693
2019-03-17T15:00:00Z,-0.16,1.425,-0.699,-0.996,-0.43
2019-03-17T15:15:00Z,-0.16,1.425,-0.699,-0.996,-0.43
2019-03-17T15:30:00Z,-0.16,1.425,-0.699,-0.996,-0.43
2019-03-17T15:45:00Z,-0.16,1.425,-0.699,-0.996,-0.43
2019-03-17T16:00:00Z,-0.045,1.441,-0.213,-1.027,0.156
2019-03-17T16:15:00Z,-0.045,1.441,-0.213,-1.027,0.156
2019-03-17T16:30:00Z,-0.045,1.441,-0.213,-1.027,0.156
2019-03-17T16:45:00Z,-0.045,1.441,-0.213,-1.027,0.156
2019-03-17T17:00:00Z,-0.535,1.69,0.038,-1.085,0.109
2019-03-17T17:15:00Z,-0.535,1.69,0.038,-1.085,0.109
2019-03-17T17:30:00Z,-0.535,1.69,0.038,-1.085,0.109
2019-03-17T17:45:00Z,-0.535,1.69,0.038,-1.085,0.109
2019-03-17T18:00:00Z,-1.58,1.977,0.611,-1.085,-0.076
2019-03-17T18:15:00Z,-1.58,1.977,0.611,-1.085,-0.076
2019-03-17T18:30:00Z,-1.58,1.977,0.611,-1.085,-0.076
2019-03-17T18:45:00Z,-1.58,1.977,0.611,-1.085,-0.076
2019-03-17T19:00:00Z,-1.734,2.051,0.47,-1.085,-0.299
2019-03-17T19:15:00Z,-1.734,2.051,0.47,-1.085,-0.299
2019-03-17T19:30:00Z,-1.734,2.051,0.47,-1.085,-0.299
2019-03-17T19:45:00Z,-1.734,2.051,0.47,-1.085,-0.299
2019-03-17T20:00:00Z,-1.391,2.058,-0.071,-1.082,-0.486
2019-03-17T20:15:00Z,-1.391,2.058,-0.071,-1.082,-0.486
2019-03-17T20:30:00Z,-1.391,2.058,-0.071,-1.082,-0.486
2019-03-17T20:45:00Z,-1.391,2.058,-0.071,-1.082,-0.486
2019-03-17T21:00:00Z,-1.686,1.96,-0.347,-1.02,-1.093
2019-03-17T21:15:00Z,-1.686,1.96,-0.347,-1.02,-1.093
2019-03-17T21:30:00Z,-1.686,1.96,-0.347,-1.02,-1.093
2019-03-17T21:45:00Z,-1.686,1.96,-0.347,-1.02,-1.093
2019-03-17T22:00:00Z,-2.181,1.969,-0.21,-0.921,-1.343
2019-03-17T22:15:00Z,-2.181,1.969,-0.21,-0.921,-1.343
2019-03-17T22:30:00Z,-2.181,1.969,-0.21,-0.921,-1.343
2019-03-17T22:45:00Z,-2.181,1.969,-0.21,-0.921,-1.343
2019-03-17T23:00:00Z,-1.887,1.925,-0.718,-0.863,-1.543
2019-03-17T23:15:00Z,-1.887,1.925,-0.718,-0.863,-1.543
2019-03-17T23:30:00Z,-1.887,1.925,-0.718,-0.863,-1.543
2019-03-17T23:45:00Z,-1.887,1.925,-0.718,-0.863,-1.543
2019-03-18T00:00:00Z,-1.705,1.944,-0.729,-0.865,-1.354
2019-03-18T00:15:00Z,-1.705,1.944,-0.729,-0.865,-1.354
2019-03-18T00:30:00Z,-1.705,1.944,-0.729,-0.865,-1.354
2019-03-18T00:45:00Z,-1.705,1.944,-0.729,-0.865,-1.354
2019-03-18T01:00:00Z,-1.648,1.847,-0.73,-0.864,-1.395
2019-03-18T01:15:00Z,-1.648,1.847,-0.73,-0.864,-1.395
2019-03-18T01:30:00Z,-1.648,1.847,-0.73,-0.864,-1.395
2019-03-18T01:45:00Z,-1.648,1.847,-0.73,-0.864,-1.395
2019-03-18T02:00:00Z,-1.621,1.72,-0.73,-0.865,-1.496
2019-03-18T02:15:00Z,-1.621,1.72,-0.73,-0.865,-1.496
2019-03-18T02:30:00Z,-1.621,1.72,-0.73,-0.865,-1.496
2019-03-18T02:45:00Z,-1.621,1.72,-0.73,-0.865,-1.496
2019-03-18T03:00:00Z,-1.719,1.742,-0.705,-0.87,-1.551
2019-03-18T03:15:00Z,-1.719,1.742,-0.705,-0.87,-1.551
2019-03-18T03:30:00Z,-1.719,1.742,-0.705,-0.87,-1.551
2019-03-18T03:45:00Z,-1.719,1.742,-0.705,-0.87,-1.551
2019-03-18T04:00:00Z,-1.607,1.58,-0.437,-0.967,-1.432
2019-03-18T04:15:00Z,-1.607,1.58,-0.437,-0.967,-1.432
2019-03-18T04:30:00Z,-1.607,1.58,-0.437,-0.967,-1.432
2019-03-18T04:45:00Z,-1.607,1.58,-0.437,-0.967,-1.432
2019-03-18T05:00:00Z,-1.98,1.603,0.164,-1.024,-1.237
2019-03-18T05:15:00Z,-1.98,1.603,0.164,-1.024,-1.237
2019-03-18T05:30:00Z,-1.98,1.603,0.164,-1.024,-1.237
2019-03-18T05:45:00Z,-1.98,1.603,0.164,-1.024,-1.237
2019-03-18T06:00:00Z,-2.327,1.801,0.694,-1.023,-0.855
2019-03-18T06:15:00Z,-2.327,1.801,0.694,-1.023,-0.855
2019-03-18T06:30:00Z,-2.327,1.801,0.694,-1.023,-0.855
2019-03-18T06:45:00Z,-2.327,1.801,0.694,-1.023,-0.855
2019-03-18T07:00:00Z,-2.287,1.873,0.7,-0.996,-0.71
2019-03-18T07:15:00Z,-2.287,1.873,0.7,-0.996,-0.71
2019-03-18T07:30:00Z,-2.287,1.873,0.7,-0.996,-0.71
2019-03-18T07:45:00Z,-2.287,1.873,0.7,-0.996,-0.71
2019-03-18T08:00:00Z,-2.16,1.676,0.572,-1.055,-0.968
2019-03-18T08:15:00Z,-2.16,1.676,0.572,-1.055,-0.968
2019-03-18T08:30:00Z,-2.16,1.676,0.572,-1.055,-0.968
2019-03-18T08:45:00Z,-2.16,1.676,0.572,-1.055,-0.968
2019-03-18T09:00:00Z,-2.145,1.625,-0.006,-1.085,-1.611
2019-03-18T09:15:00Z,-2.145,1.625,-0.006,-1.085,-1.611
2019-03-18T09:30:00Z,-2.145,1.625,-0.006,-1.085,-1.611
2019-03-18T09:45:00Z,-2.145,1.625,-0.006,-1.085,-1.611
2019-03-18T10:00:00Z,-2.092,1.419,-0.407,-1.085,-2.166
2019-03-18T10:15:00Z,-2.092,1.419,-0.407,-1.085,-2.166
2019-03-18T10:30:00Z,-2.092,1.419,-0.407,-1.085,-2.166
2019-03-18T10:45:00Z,-2.092,1.419,-0.407,-1.085,-2.166
2019-03-18T11:00:00Z,-1.702,1.399,-0.406,-1.083,-1.791
2019-03-18T11:15:00Z,-1.702,1.399,-0.406,-1.083,-1.791
2019-03-18T11:30:00Z,-1.702,1.399,-0.406,-1.083,-1.791
2019-03-18T11:45:00Z,-1.702,1.399,-0.406,-1.083,-1.791
2019-03-18T12:00:00Z,-1.663,1.252,-0.239,-1.025,-1.675
2019-03-18T12:15:00Z,-1.663,1.252,-0.239,-1.025,-1.675
2019-03-18T12:30:00Z,-1.663,1.252,-0.239,-1.025,-1.675
2019-03-18T12:45:00Z,-1.663,1.252,-0.239,-1.025,-1.675
2019-03-18T13:00:00Z,-1.604,1.167,-0.173,-1.025,-1.635
2019-03-18T13:15:00Z,-1.604,1.167,-0.173,-1.025,-1.635
2019-03-18T13:30:00Z,-1.604,1.167,-0.173,-1.025,-1.635
2019-03-18T13:45:00Z,-1.604,1.167,-0.173,-1.025,-1.635
2019-03-18T14:00:00Z,-1.533,0.939,0.14,-1.025,-1.479
2019-03-18T14:15:00Z,-1.533,0.939,0.14,-1.025,-1.479
2019-03-18T14:30:00Z,-1.533,0.939,0.14,-1.025,-1.479
2019-03-18T14:45:00Z,-1.533,0.939,0.14,-1.025,-1.479
2019-03-18T15:00:00Z,-1.466,1.79,0.035,-1.024,-0.666
2019-03-18T15:15:00Z,-1.466,1.79,0.035,-1.024,-0.666
2019-03-18T15:30:00Z,-1.466,1.79,0.035,-1.024,-0.666
2019-03-18T15:45:00Z,-1.466,1.79,0.035,-1.024,-0.666
2019-03-18T16:00:00Z,-1.485,1.881,0.586,-1.027,-0.044
2019-03-18T16:15:00Z,-1.485,1.881,0.586,-1.027,-0.044
2019-03-18T16:30:00Z,-1.485,1.881,0.586,-1.027,-0.044
2019-03-18T16:45:00Z,-1.485,1.881,0.586,-1.027,-0.044
2019-03-18T17:00:00Z,-1.592,2.114,0.386,-1.086,-0.178
2019-03-18T17:15:00Z,-1.592,2.114,0.386,-1.086,-0.178
2019-03-18T17:30:00Z,-1.592,2.114,0.386,-1.086,-0.178
2019-03-18T17:45:00Z,-1.592,2.114,0.386,-1.086,-0.178
2019-03-18T18:00:00Z,-1.91,2.543,0.704,-1.085,0.252
2019-03-18T18:15:00Z,-1.91,2.543,0.704,-1.085,0.252
2019-03-18T18:30:00Z,-1.91,2.543,0.704,-1.085,0.252
2019-03-18T18:45:00Z,-1.91,2.543,0.704,-1.085,0.252
2019-03-18T19:00:00Z,-1.859,2.216,0.696,-1.086,-0.032
2019-03-18T19:15:00Z,-1.859,2.216,0.696,-1.086,-0.032
2019-03-18T19:30:00Z,-1.859,2.216,0.696,-1.086,-0.032
2019-03-18T19:45:00Z,-1.859,2.216,0.696,-1.086,-0.032
2019-03-18T20:00:00Z,-1.967,2.195,0.495,-1.083,-0.361
2019-03-18T20:15:00Z,-1.967,2.195,0.495,-1.083,-0.361
2019-03-18T20:30:00Z,-1.967,2.195,0.495,-1.083,-0.361
2019-03-18T20:45:00Z,-1.967,2.195,0.495,-1.083,-0.361
2019-03-18T21:00:00Z,-2.444,2.138,0.194,-1.025,-1.137
2019-03-18T21:15:00Z,-2.444,2.138,0.194,-1.025,-1.137
2019-03-18T21:30:00Z,-2.444,2.138,0.194,-1.025,-1.137
2019-03-18T21:45:00Z,-2.444,2.138,0.194,-1.025,-1.137
2019-03-18T22:00:00Z,-2.627,2.028,-0.142,-1.025,-1.766
2019-03-18T22:15:00Z,-2.627,2.028,-0.142,-1.025,-1.766
2019-03-18T22:30:00Z,-2.627,2.028,-0.142,-1.025,-1.766
2019-03-18T22:45:00Z,-2.627,2.028,-0.142,-1.025,-1.766
2019-03-18T23:00:00Z,-2.265,1.76,-0.399,-1.025,-1.93
2019-03-18T23:15:00Z,-2.265,1.76,-0.399,-1.025,-1.93
2019-03-18T23:30:00Z,-2.265,1.76,-0.399,-1.025,-1.93
2019-03-18T23:45:00Z,-2.265,1.76,-0.399,-1.025,-1.93
2019-03-19T00:00:00Z,-1.867,1.374,-0.353,-1.026,-1.872
2019-03-19T00:15:00Z,-1.867,1.374,-0.353,-1.026,-1.872
2019-03-19T00:30:00Z,-1.867,1.374,-0.353,-1.026,-1.872
2019-03-19T00:45:00Z,-1.867,1.374,-0.353,-1.026,-1.872
2019-03-19T01:00:00Z,-1.587,1.405,-0.339,-1.026,-1.547
2019-03-19T01:15:00Z,-1.587,1.405,-0.339,-1.026,-1.547
2019-03-19T01:30:00Z,-1.587,1.405,-0.339,-1.026,-1.547
2019-03-19T01:45:00Z,-1.587,1.405,-0.339,-1.026,-1.547
2019-03-19T02:00:00Z,-1.276,0.867,-0.41,-1.026,-1.845
2019-03-19T02:15:00Z,-1.276,0.867,-0.41,-1.026,-1.845
2019-03-19T02:30:00Z,-1.276,0.867,-0.41,-1.026,-1.845
2019-03-19T02:45:00Z,-1.276,0.867,-0.41,-1.026,-1.845
2019-03-19T03:00:00Z,-0.857,0.229,-0.413,-1.011,-2.052
2019-03-19T03:15:00Z,-0.857,0.229,-0.413,-1.011,-2.052
2019-03-19T03:30:00Z,-0.857,0.229,-0.413,-1.011,-2.052
2019-03-19T03:45:00Z,-0.857,0.229,-0.413,-1.011,-2.052
2019-03-19T04:00:00Z,-1.312,-0.129,-0.374,-0.655,-2.47
2019-03-19T04:15:00Z,-1.312,-0.129,-0.374,-0.655,-2.47
2019-03-19T04:30:00Z,-1.312,-0.129,-0.374,-0.655,-2.47
2019-03-19T04:45:00Z,-1.312,-0.129,-0.374,-0.655,-2.47
2019-03-19T05:00:00Z,-1.456,-0.578,0.18,-0.271,-2.126
2019-03-19T05:15:00Z,-1.456,-0.578,0.18,-0.271,-2.126
2019-03-19T05:30:00Z,-1.456,-0.578,0.18,-0.271,-2.126
2019-03-19T05:45:00Z,-1.456,-0.578,0.18,-0.271,-2.126
2019-03-19T06:00:00Z,-1.791,0.924,0,-0.181,-1.048
2019-03-19T06:15:00Z,-1.791,0.924,0,-0.181,-1.048
2019-03-19T06:30:00Z,-1.791,0.924,0,-0.181,-1.048
2019-03-19T06:45:00Z,-1.791,0.924,0,-0.181,-1.048
2019-03-19T07:00:00Z,-1.468,1.976,0,-1.027,-0.519
2019-03-19T07:15:00Z,-1.468,1.976,0,-1.027,-0.519
2019-03-19T07:30:00Z,-1.468,1.976,0,-1.027,-0.519
2019-03-19T07:45:00Z,-1.468,1.976,0,-1.027,-0.519
2019-03-19T08:00:00Z,-1.446,1.761,-0.009,-1.085,-0.779
2019-03-19T08:15:00Z,-1.446,1.761,-0.009,-1.085,-0.779
2019-03-19T08:30:00Z,-1.446,1.761,-0.009,-1.085,-0.779
2019-03-19T08:45:00Z,-1.446,1.761,-0.009,-1.085,-0.779
2019-03-19T09:00:00Z,-1.059,0.903,-0.229,-1.086,-1.471
2019-03-19T09:15:00Z,-1.059,0.903,-0.229,-1.086,-1.471
2019-03-19T09:30:00Z,-1.059,0.903,-0.229,-1.086,-1.471
2019-03-19T09:45:00Z,-1.059,0.903,-0.229,-1.086,-1.471
2019-03-19T10:00:00Z,-0.96,0.127,-0.394,-1.085,-2.311
2019-03-19T10:15:00Z,-0.96,0.127,-0.394,-1.085,-2.311
2019-03-19T10:30:00Z,-0.96,0.127,-0.394,-1.085,-2.311
2019-03-19T10:45:00Z,-0.96,0.127,-0.394,-1.085,-2.311
2019-03-19T11:00:00Z,-0.979,-0.359,-0.413,-1.059,-2.811
2019-03-19T11:15:00Z,-0.979,-0.359,-0.413,-1.059,-2.811
2019-03-19T11:30:00Z,-0.979,-0.359,-0.413,-1.059,-2.811
2019-03-19T11:45:00Z,-0.979,-0.359,-0.413,-1.059,-2.811
2019-03-19T12:00:00Z,-1.144,-0.268,-0.402,-1.028,-2.842
2019-03-19T12:15:00Z,-1.144,-0.268,-0.402,-1.028,-2.842
2019-03-19T12:30:00Z,-1.144,-0.268,-0.402,-1.028,-2.842
2019-03-19T12:45:00Z,-1.144,-0.268,-0.402,-1.028,-2.842
2019-03-19T13:00:00Z,-1.019,-0.169,-0.389,-0.952,-2.529
2019-03-19T13:15:00Z,-1.019,-0.169,-0.389,-0.952,-2.529
2019-03-19T13:30:00Z,-1.019,-0.169,-0.389,-0.952,-2.529
2019-03-19T13:45:00Z,-1.019,-0.169,-0.389,-0.952,-2.529
2019-03-19T14:00:00Z,-1.025,-0.32,-0.384,-0.308,-2.038
2019-03-19T14:15:00Z,-1.025,-0.32,-0.384,-0.308,-2.038
2019-03-19T14:30:00Z,-1.025,-0.32,-0.384,-0.308,-2.038
2019-03-19T14:45:00Z,-1.025,-0.32,-0.384,-0.308,-2.038
2019-03-19T15:00:00Z,-0.735,-0.328,-0.098,-0,-1.162
2019-03-19T15:15:00Z,-0.735,-0.328,-0.098,-0,-1.162
2019-03-19T15:30:00Z,-0.735,-0.328,-0.098,-0,-1.162
2019-03-19T15:45:00Z,-0.735,-0.328,-0.098,-0,-1.162
2019-03-19T16:00:00Z,-0.393,0.47,0.165,-0.857,-0.615
2019-03-19T16:15:00Z,-0.393,0.47,0.165,-0.857,-0.615
2019-03-19T16:30:00Z,-0.393,0.47,0.165,-0.857,-0.615
2019-03-19T16:45:00Z,-0.393,0.47,0.165,-0.857,-0.615
2019-03-19T17:00:00Z,-0.086,0.109,-0.013,-1.085,-1.076
2019-03-19T17:15:00Z,-0.086,0.109,-0.013,-1.085,-1.076
2019-03-19T17:30:00Z,-0.086,0.109,-0.013,-1.085,-1.076
2019-03-19T17:45:00Z,-0.086,0.109,-0.013,-1.085,-1.076
2019-03-19T18:00:00Z,-0.248,0.01,0.516,-1.085,-0.809
2019-03-19T18:15:00Z,-0.248,0.01,0.516,-1.085,-0.809
2019-03-19T18:30:00Z,-0.248,0.01,0.516,-1.085,-0.809
2019-03-19T18:45:00Z,-0.248,0.01,0.516,-1.085,-0.809
2019-03-19T19:00:00Z,-0.764,0.231,0.413,-1.085,-1.206
2019-03-19T19:15:00Z,-0.764,0.231,0.413,-1.085,-1.206
2019-03-19T19:30:00Z,-0.764,0.231,0.413,-1.085,-1.206
2019-03-19T19:45:00Z,-0.764,0.231,0.413,-1.085,-1.206
2019-03-19T20:00:00Z,-0.531,-0.303,0.016,-1.083,-1.9
2019-03-19T20:15:00Z,-0.531,-0.303,0.016,-1.083,-1.9
2019-03-19T20:30:00Z,-0.531,-0.303,0.016,-1.083,-1.9
2019-03-19T20:45:00Z,-0.531,-0.303,0.016,-1.083,-1.9
2019-03-19T21:00:00Z,-1.153,-0.852,0.236,-1.017,-2.785
2019-03-19T21:15:00Z,-1.153,-0.852,0.236,-1.017,-2.785
2019-03-19T21:30:00Z,-1.153,-0.852,0.236,-1.017,-2.785
2019-03-19T21:45:00Z,-1.153,-0.852,0.236,-1.017,-2.785
2019-03-19T22:00:00Z,-1.731,-1.126,0.054,-0.857,-3.661
2019-03-19T22:15:00Z,-1.731,-1.126,0.054,-0.857,-3.661
2019-03-19T22:30:00Z,-1.731,-1.126,0.054,-0.857,-3.661
2019-03-19T22:45:00Z,-1.731,-1.126,0.054,-0.857,-3.661
2019-03-19T23:00:00Z,-1.716,-0.689,-0.405,-0.949,-3.758
2019-03-19T23:15:00Z,-1.716,-0.689,-0.405,-0.949,-3.758
2019-03-19T23:30:00Z,-1.716,-0.689,-0.405,-0.949,-3.758
2019-03-19T23:45:00Z,-1.716,-0.689,-0.405,-0.949,-3.758
2019-03-20T00:00:00Z,-1.616,0.058,-0.412,-0.95,-2.921
2019-03-20T00:15:00Z,-1.616,0.058,-0.412,-0.95,-2.921
2019-03-20T00:30:00Z,-1.616,0.058,-0.412,-0.95,-2.921
2019-03-20T00:45:00Z,-1.616,0.058,-0.412,-0.95,-2.921
2019-03-20T01:00:00Z,-1.377,0.345,-0.414,-0.947,-2.393
2019-03-20T01:15:00Z,-1.377,0.345,-0.414,-0.947,-2.393
2019-03-20T01:30:00Z,-1.377,0.345,-0.414,-0.947,-2.393
2019-03-20T01:45:00Z,-1.377,0.345,-0.414,-0.947,-2.393
2019-03-20T02:00:00Z,-1.409,0.316,-0.413,-0.925,-2.43
2019-03-20T02:15:00Z,-1.409,0.316,-0.413,-0.925,-2.43
2019-03-20T02:30:00Z,-1.409,0.316,-0.413,-0.925,-2.43
2019-03-20T02:45:00Z,-1.409,0.316,-0.413,-0.925,-2.43
2019-03-20T03:00:00Z,-1.304,0.115,-0.393,-0.925,-2.507
2019-03-20T03:15:00Z,-1.304,0.115,-0.393,-0.925,-2.507
2019-03-20T03:30:00Z,-1.304,0.115,-0.393,-0.925,-2.507
2019-03-20T03:45:00Z,-1.304,0.115,-0.393,-0.925,-2.507
2019-03-20T04:00:00Z,-1.641,0.429,-0.406,-0.925,-2.544
2019-03-20T04:15:00Z,-1.641,0.429,-0.406,-0.925,-2.544
2019-03-20T04:30:00Z,-1.641,0.429,-0.406,-0.925,-2.544
2019-03-20T04:45:00Z,-1.641,0.429,-0.406,-0.925,-2.544
2019-03-20T05:00:00Z,-2.104,0.615,-0.21,-0.976,-2.676
2019-03-20T05:15:00Z,-2.104,0.615,-0.21,-0.976,-2.676
2019-03-20T05:30:00Z,-2.104,0.615,-0.21,-0.976,-2.676
2019-03-20T05:45:00Z,-2.104,0.615,-0.21,-0.976,-2.676
2019-03-20T06:00:00Z,-2.165,1.843,0.206,-1.024,-1.141
2019-03-20T06:15:00Z,-2.165,1.843,0.206,-1.024,-1.141
2019-03-20T06:30:00Z,-2.165,1.843,0.206,-1.024,-1.141
2019-03-20T06:45:00Z,-2.165,1.843,0.206,-1.024,-1.141
2019-03-20T07:00:00Z,-2.051,2.055,0.687,-1.027,-0.337
2019-03-20T07:15:00Z,-2.051,2.055,0.687,-1.027,-0.337
2019-03-20T07:30:00Z,-2.051,2.055,0.687,-1.027,-0.337
2019-03-20T07:45:00Z,-2.051,2.055,0.687,-1.027,-0.337
2019-03-20T08:00:00Z,-1.961,2.297,0.495,-1.085,-0.255
2019-03-20T08:15:00Z,-1.961,2.297,0.495,-1.085,-0.255
2019-03-20T08:30:00Z,-1.961,2.297,0.495,-1.085,-0.255
2019-03-20T08:45:00Z,-1.961,2.297,0.495,-1.085,-0.255
2019-03-20T09:00:00Z,-1.789,1.879,0.359,-1.086,-0.636
2019-03-20T09:15:00Z,-1.789,1.879,0.359,-1.086,-0.636
2019-03-20T09:30:00Z,-1.789,1.879,0.359,-1.086,-0.636
2019-03-20T09:45:00Z,-1.789,1.879,0.359,-1.086,-0.636
2019-03-20T10:00:00Z,-1.597,2.581,-0.21,-1.086,-0.311
2019-03-20T10:15:00Z,-1.597,2.581,-0.21,-1.086,-0.311
2019-03-20T10:30:00Z,-1.597,2.581,-0.21,-1.086,-0.311
2019-03-20T10:45:00Z,-1.597,2.581,-0.21,-1.086,-0.311
2019-03-20T11:00:00Z,-1.361,2.438,-0.413,-1.083,-0.419
2019-03-20T11:15:00Z,-1.361,2.438,-0.413,-1.083,-0.419
2019-03-20T11:30:00Z,-1.361,2.438,-0.413,-1.083,-0.419
2019-03-20T11:45:00Z,-1.361,2.438,-0.413,-1.083,-0.419
2019-03-20T12:00:00Z,-1.208,2.471,-0.414,-1.025,-0.175
2019-03-20T12:15:00Z,-1.208,2.471,-0.414,-1.025,-0.175
2019-03-20T12:30:00Z,-1.208,2.471,-0.414,-1.025,-0.175
2019-03-20T12:45:00Z,-1.208,2.471,-0.414,-1.025,-0.175
2019-03-20T13:00:00Z,-0.894,1.881,-0.413,-1.024,-0.45
2019-03-20T13:15:00Z,-0.894,1.881,-0.413,-1.024,-0.45
2019-03-20T13:30:00Z,-0.894,1.881,-0.413,-1.024,-0.45
2019-03-20T13:45:00Z,-0.894,1.881,-0.413,-1.024,-0.45
2019-03-20T14:00:00Z,-0.967,1.913,-0.393,-1.025,-0.473
2019-03-20T14:15:00Z,-0.967,1.913,-0.393,-1.025,-0.473
2019-03-20T14:30:00Z,-0.967,1.913,-0.393,-1.025,-0.473
2019-03-20T14:45:00Z,-0.967,1.913,-0.393,-1.025,-0.473
2019-03-20T15:00:00Z,-0.656,1.394,0.024,-1.025,-0.263
2019-03-20T15:15:00Z,-0.656,1.394,0.024,-1.025,-0.263
2019-03-20T15:30:00Z,-0.656,1.394,0.024,-1.025,-0.263
2019-03-20T15:45:00Z,-0.656,1.394,0.024,-1.025,-0.263
2019-03-20T16:00:00Z,-0.695,1.005,0.525,-1.027,-0.192
2019-03-20T16:15:00Z,-0.695,1.005,0.525,-1.027,-0.192
2019-03-20T16:30:00Z,-0.695,1.005,0.525,-1.027,-0.192
2019-03-20T16:45:00Z,-0.695,1.005,0.525,-1.027,-0.192
2019-03-20T17:00:00Z,-1.034,0.435,0.705,-1.086,-0.979
2019-03-20T17:15:00Z,-1.034,0.435,0.705,-1.086,-0.979
2019-03-20T17:30:00Z,-1.034,0.435,0.705,-1.086,-0.979
2019-03-20T17:45:00Z,-1.034,0.435,0.705,-1.086,-0.979
2019-03-20T18:00:00Z,-1.247,0.679,0.706,-1.086,-0.949
2019-03-20T18:15:00Z,-1.247,0.679,0.706,-1.086,-0.949
2019-03-20T18:30:00Z,-1.247,0.679,0.706,-1.086,-0.949
2019-03-20T18:45:00Z,-1.247,0.679,0.706,-1.086,-0.949
2019-03-20T19:00:00Z,-1.602,0.774,0.696,-1.086,-1.218
2019-03-20T19:15:00Z,-1.602,0.774,0.696,-1.086,-1.218
2019-03-20T19:30:00Z,-1.602,0.774,0.696,-1.086,-1.218
2019-03-20T19:45:00Z,-1.602,0.774,0.696,-1.086,-1.218
2019-03-20T20:00:00Z,-1.611,0.414,0.472,-1.083,-1.808
2019-03-20T20:15:00Z,-1.611,0.414,0.472,-1.083,-1.808
2019-03-20T20:30:00Z,-1.611,0.414,0.472,-1.083,-1.808
2019-03-20T20:45:00Z,-1.611,0.414,0.472,-1.083,-1.808
2019-03-20T21:00:00Z,-2.088,0.453,0.097,-1.025,-2.563
2019-03-20T21:15:00Z,-2.088,0.453,0.097,-1.025,-2.563
2019-03-20T21:30:00Z,-2.088,0.453,0.097,-1.025,-2.563
2019-03-20T21:45:00Z,-2.088,0.453,0.097,-1.025,-2.563
2019-03-20T22:00:00Z,-2.286,0.604,-0.402,-1.018,-3.103
2019-03-20T22:15:00Z,-2.286,0.604,-0.402,-1.018,-3.103
2019-03-20T22:30:00Z,-2.286,0.604,-0.402,-1.018,-3.103
2019-03-20T22:45:00Z,-2.286,0.604,-0.402,-1.018,-3.103
2019-03-20T23:00:00Z,-2.016,0.208,-0.412,-0.875,-3.096
2019-03-20T23:15:00Z,-2.016,0.208,-0.412,-0.875,-3.096
2019-03-20T23:30:00Z,-2.016,0.208,-0.412,-0.875,-3.096
2019-03-20T23:45:00Z,-2.016,0.208,-0.412,-0.875,-3.096
2019-03-21T00:00:00Z,-1.595,0.346,-0.392,-0.874,-2.515
2019-03-21T00:15:00Z,-1.595,0.346,-0.392,-0.874,-2.515
2019-03-21T00:30:00Z,-1.595,0.346,-0.392,-0.874,-2.515
2019-03-21T00:45:00Z,-1.595,0.346,-0.392,-0.874,-2.515
2019-03-21T01:00:00Z,-1.334,0.361,-0.407,-0.826,-2.206
2019-03-21T01:15:00Z,-1.334,0.361,-0.407,-0.826,-2.206
2019-03-21T01:30:00Z,-1.334,0.361,-0.407,-0.826,-2.206
2019-03-21T01:45:00Z,-1.334,0.361,-0.407,-0.826,-2.206
2019-03-21T02:00:00Z,-1.227,0.4,-0.413,-0.826,-2.066
2019-03-21T02:15:00Z,-1.227,0.4,-0.413,-0.826,-2.066
2019-03-21T02:30:00Z,-1.227,0.4,-0.413,-0.826,-2.066
2019-03-21T02:45:00Z,-1.227,0.4,-0.413,-0.826,-2.066
2019-03-21T03:00:00Z,-1.352,0.33,-0.403,-0.826,-2.252
2019-03-21T03:15:00Z,-1.352,0.33,-0.403,-0.826,-2.252
2019-03-21T03:30:00Z,-1.352,0.33,-0.403,-0.826,-2.252
2019-03-21T03:45:00Z,-1.352,0.33,-0.403,-0.826,-2.252
2019-03-21T04:00:00Z,-1.621,0.224,-0.374,-0.825,-2.596
2019-03-21T04:15:00Z,-1.621,0.224,-0.374,-0.825,-2.596
2019-03-21T04:30:00Z,-1.621,0.224,-0.374,-0.825,-2.596
2019-03-21T04:45:00Z,-1.621,0.224,-0.374,-0.825,-2.596
2019-03-21T05:00:00Z,-1.883,0.015,0.179,-0.837,-2.526
2019-03-21T05:15:00Z,-1.883,0.015,0.179,-0.837,-2.526
2019-03-21T05:30:00Z,-1.883,0.015,0.179,-0.837,-2.526
2019-03-21T05:45:00Z,-1.883,0.015,0.179,-0.837,-2.526
2019-03-21T06:00:00Z,-1.921,1.616,0.038,-0.924,-1.192
2019-03-21T06:15:00Z,-1.921,1.616,0.038,-0.924,-1.192
2019-03-21T06:30:00Z,-1.921,1.616,0.038,-0.924,-1.192
2019-03-21T06:45:00Z,-1.921,1.616,0.038,-0.924,-1.192
2019-03-21T07:00:00Z,-2.049,1.624,0.584,-0.8,-0.641
2019-03-21T07:15:00Z,-2.049,1.624,0.584,-0.8,-0.641
2019-03-21T07:30:00Z,-2.049,1.624,0.584,-0.8,-0.641
2019-03-21T07:45:00Z,-2.049,1.624,0.584,-0.8,-0.641
2019-03-21T08:00:00Z,-2.25,2.128,0.402,-1.085,-0.805
2019-03-21T08:15:00Z,-2.25,2.128,0.402,-1.085,-0.805
2019-03-21T08:30:00Z,-2.25,2.128,0.402,-1.085,-0.805
2019-03-21T08:45:00Z,-2.25,2.128,0.402,-1.085,-0.805
2019-03-21T09:00:00Z,-1.896,2.186,-0.166,-1.085,-0.96
2019-03-21T09:15:00Z,-1.896,2.186,-0.166,-1.085,-0.96
2019-03-21T09:30:00Z,-1.896,2.186,-0.166,-1.085,-0.96
2019-03-21T09:45:00Z,-1.896,2.186,-0.166,-1.085,-0.96
2019-03-21T10:00:00Z,-1.597,2.808,-0.413,-1.085,-0.287
2019-03-21T10:15:00Z,-1.597,2.808,-0.413,-1.085,-0.287
2019-03-21T10:30:00Z,-1.597,2.808,-0.413,-1.085,-0.287
2019-03-21T10:45:00Z,-1.597,2.808,-0.413,-1.085,-0.287
2019-03-21T11:00:00Z,-1.344,2.536,-0.4,-1.083,-0.291
2019-03-21T11:15:00Z,-1.344,2.536,-0.4,-1.083,-0.291
2019-03-21T11:30:00Z,-1.344,2.536,-0.4,-1.083,-0.291
2019-03-21T11:45:00Z,-1.344,2.536,-0.4,-1.083,-0.291
2019-03-21T12:00:00Z,-1.013,2.417,-0.414,-1.025,-0.035
2019-03-21T12:15:00Z,-1.013,2.417,-0.414,-1.025,-0.035
2019-03-21T12:30:00Z,-1.013,2.417,-0.414,-1.025,-0.035
2019-03-21T12:45:00Z,-1.013,2.417,-0.414,-1.025,-0.035
2019-03-21T13:00:00Z,-0.729,1.996,-0.414,-1.025,-0.172
2019-03-21T13:15:00Z,-0.729,1.996,-0.414,-1.025,-0.172
2019-03-21T13:30:00Z,-0.729,1.996,-0.414,-1.025,-0.172
2019-03-21T13:45:00Z,-0.729,1.996,-0.414,-1.025,-0.172
2019-03-21T14:00:00Z,-0.559,1.574,-0.388,-1.025,-0.398
2019-03-21T14:15:00Z,-0.559,1.574,-0.388,-1.025,-0.398
2019-03-21T14:30:00Z,-0.559,1.574,-0.388,-1.025,-0.398
2019-03-21T14:45:00Z,-0.559,1.574,-0.388,-1.025,-0.398
2019-03-21T15:00:00Z,-0.623,1.131,0.083,-1.025,-0.434
2019-03-21T15:15:00Z,-0.623,1.131,0.083,-1.025,-0.434
2019-03-21T15:30:00Z,-0.623,1.131,0.083,-1.025,-0.434
2019-03-21T15:45:00Z,-0.623,1.131,0.083,-1.025,-0.434
2019-03-21T16:00:00Z,-0.807,0.964,0.68,-1.027,-0.19
2019-03-21T16:15:00Z,-0.807,0.964,0.68,-1.027,-0.19
2019-03-21T16:30:00Z,-0.807,0.964,0.68,-1.027,-0.19
2019-03-21T16:45:00Z,-0.807,0.964,0.68,-1.027,-0.19
2019-03-21T17:00:00Z,-0.811,0.749,0.705,-1.086,-0.442
2019-03-21T17:15:00Z,-0.811,0.749,0.705,-1.086,-0.442
2019-03-21T17:30:00Z,-0.811,0.749,0.705,-1.086,-0.442
2019-03-21T17:45:00Z,-0.811,0.749,0.705,-1.086,-0.442
2019-03-21T18:00:00Z,-0.902,1.208,0.705,-1.085,-0.075
2019-03-21T18:15:00Z,-0.902,1.208,0.705,-1.085,-0.075
2019-03-21T18:30:00Z,-0.902,1.208,0.705,-1.085,-0.075
2019-03-21T18:45:00Z,-0.902,1.208,0.705,-1.085,-0.075
2019-03-21T19:00:00Z,-0.918,0.919,0.706,-1.086,-0.379
2019-03-21T19:15:00Z,-0.918,0.919,0.706,-1.086,-0.379
2019-03-21T19:30:00Z,-0.918,0.919,0.706,-1.086,-0.379
2019-03-21T19:45:00Z,-0.918,0.919,0.706,-1.086,-0.379
2019-03-21T20:00:00Z,-1.124,0.392,0.687,-1.083,-1.128
2019-03-21T20:15:00Z,-1.124,0.392,0.687,-1.083,-1.128
2019-03-21T20:30:00Z,-1.124,0.392,0.687,-1.083,-1.128
2019-03-21T20:45:00Z,-1.124,0.392,0.687,-1.083,-1.128
2019-03-21T21:00:00Z,-1.498,0.399,0.32,-1.025,-1.805
2019-03-21T21:15:00Z,-1.498,0.399,0.32,-1.025,-1.805
2019-03-21T21:30:00Z,-1.498,0.399,0.32,-1.025,-1.805
2019-03-21T21:45:00Z,-1.498,0.399,0.32,-1.025,-1.805
2019-03-21T22:00:00Z,-1.713,0.47,-0.111,-1.021,-2.373
2019-03-21T22:15:00Z,-1.713,0.47,-0.111,-1.021,-2.373
2019-03-21T22:30:00Z,-1.713,0.47,-0.111,-1.021,-2.373
2019-03-21T22:45:00Z,-1.713,0.47,-0.111,-1.021,-2.373
2019-03-21T23:00:00Z,-1.635,0.012,0.068,-0.92,-2.475
2019-03-21T23:15:00Z,-1.635,0.012,0.068,-0.92,-2.475
2019-03-21T23:30:00Z,-1.635,0.012,0.068,-0.92,-2.475
2019-03-21T23:45:00Z,-1.635,0.012,0.068,-0.92,-2.475
2019-03-22T00:00:00Z,-1.32,0.31,-0.297,-0.826,-2.132
2019-03-22T00:15:00Z,-1.32,0.31,-0.297,-0.826,-2.132
2019-03-22T00:30:00Z,-1.32,0.31,-0.297,-0.826,-2.132
2019-03-22T00:45:00Z,-1.32,0.31,-0.297,-0.826,-2.132
2019-03-22T01:00:00Z,-0.988,0.243,-0.364,-0.804,-1.913
2019-03-22T01:15:00Z,-0.988,0.243,-0.364,-0.804,-1.913
2019-03-22T01:30:00Z,-0.988,0.243,-0.364,-0.804,-1.913
2019-03-22T01:45:00Z,-0.988,0.243,-0.364,-0.804,-1.913
2019-03-22T02:00:00Z,-0.745,-0.603,-0.297,-0.303,-1.947
2019-03-22T02:15:00Z,-0.745,-0.603,-0.297,-0.303,-1.947
2019-03-22T02:30:00Z,-0.745,-0.603,-0.297,-0.303,-1.947
2019-03-22T02:45:00Z,-0.745,-0.603,-0.297,-0.303,-1.947
2019-03-22T03:00:00Z,-0.355,-1.432,-0.35,-0.256,-2.393
2019-03-22T03:15:00Z,-0.355,-1.432,-0.35,-0.256,-2.393
2019-03-22T03:30:00Z,-0.355,-1.432,-0.35,-0.256,-2.393
2019-03-22T03:45:00Z,-0.355,-1.432,-0.35,-0.256,-2.393
2019-03-22T04:00:00Z,-0.801,-1.902,0.098,-0.27,-2.875
2019-03-22T04:15:00Z,-0.801,-1.902,0.098,-0.27,-2.875
2019-03-22T04:30:00Z,-0.801,-1.902,0.098,-0.27,-2.875
2019-03-22T04:45:00Z,-0.801,-1.902,0.098,-0.27,-2.875
2019-03-22T05:00:00Z,-1.288,-0.87,0.656,-0.582,-2.084
2019-03-22T05:15:00Z,-1.288,-0.87,0.656,-0.582,-2.084
2019-03-22T05:30:00Z,-1.288,-0.87,0.656,-0.582,-2.084
2019-03-22T05:45:00Z,-1.288,-0.87,0.656,-0.582,-2.084
2019-03-22T06:00:00Z,-1.241,0.39,0.698,-0.531,-0.683
2019-03-22T06:15:00Z,-1.241,0.39,0.698,-0.531,-0.683
2019-03-22T06:30:00Z,-1.241,0.39,0.698,-0.531,-0.683
2019-03-22T06:45:00Z,-1.241,0.39,0.698,-0.531,-0.683
2019-03-22T07:00:00Z,-1.807,2.335,0.529,-0.988,0.069
2019-03-22T07:15:00Z,-1.807,2.335,0.529,-0.988,0.069
2019-03-22T07:30:00Z,-1.807,2.335,0.529,-0.988,0.069
2019-03-22T07:45:00Z,-1.807,2.335,0.529,-0.988,0.069
2019-03-22T08:00:00Z,-1.635,2.462,0.253,-1.085,-0.006
2019-03-22T08:15:00Z,-1.635,2.462,0.253,-1.085,-0.006
2019-03-22T08:30:00Z,-1.635,2.462,0.253,-1.085,-0.006
2019-03-22T08:45:00Z,-1.635,2.462,0.253,-1.085,-0.006
2019-03-22T09:00:00Z,-1.487,1.779,0.166,-1.086,-0.628
2019-03-22T09:15:00Z,-1.487,1.779,0.166,-1.086,-0.628
2019-03-22T09:30:00Z,-1.487,1.779,0.166,-1.086,-0.628
2019-03-22T09:45:00Z,-1.487,1.779,0.166,-1.086,-0.628
2019-03-22T10:00:00Z,-1.169,1.252,-0.399,-1.086,-1.401
2019-03-22T10:15:00Z,-1.169,1.252,-0.399,-1.086,-1.401
2019-03-22T10:30:00Z,-1.169,1.252,-0.399,-1.086,-1.401
2019-03-22T10:45:00Z,-1.169,1.252,-0.399,-1.086,-1.401
2019-03-22T11:00:00Z,-0.632,0.691,-0.413,-1.084,-1.437
2019-03-22T11:15:00Z,-0.632,0.691,-0.413,-1.084,-1.437
2019-03-22T11:30:00Z,-0.632,0.691,-0.413,-1.084,-1.437
2019-03-22T11:45:00Z,-0.632,0.691,-0.413,-1.084,-1.437
2019-03-22T12:00:00Z,-0.353,0.559,-0.413,-1.026,-1.233
2019-03-22T12:15:00Z,-0.353,0.559,-0.413,-1.026,-1.233
2019-03-22T12:30:00Z,-0.353,0.559,-0.413,-1.026,-1.233
2019-03-22T12:45:00Z,-0.353,0.559,-0.413,-1.026,-1.233
2019-03-22T13:00:00Z,-0.123,0.085,-0.413,-1.025,-1.477
2019-03-22T13:15:00Z,-0.123,0.085,-0.413,-1.025,-1.477
2019-03-22T13:30:00Z,-0.123,0.085,-0.413,-1.025,-1.477
2019-03-22T13:45:00Z,-0.123,0.085,-0.413,-1.025,-1.477
2019-03-22T14:00:00Z,-0.061,-0.136,-0.392,-1.025,-1.614
2019-03-22T14:15:00Z,-0.061,-0.136,-0.392,-1.025,-1.614
2019-03-22T14:30:00Z,-0.061,-0.136,-0.392,-1.025,-1.614
2019-03-22T14:45:00Z,-0.061,-0.136,-0.392,-1.025,-1.614
2019-03-22T15:00:00Z,-0.044,-0.403,0.033,-1.025,-1.438
2019-03-22T15:15:00Z,-0.044,-0.403,0.033,-1.025,-1.438
2019-03-22T15:30:00Z,-0.044,-0.403,0.033,-1.025,-1.438
2019-03-22T15:45:00Z,-0.044,-0.403,0.033,-1.025,-1.438
2019-03-22T16:00:00Z,-0.386,-0.271,0.595,-1.028,-1.089
2019-03-22T16:15:00Z,-0.386,-0.271,0.595,-1.028,-1.089
2019-03-22T16:30:00Z,-0.386,-0.271,0.595,-1.028,-1.089
2019-03-22T16:45:00Z,-0.386,-0.271,0.595,-1.028,-1.089
2019-03-22T17:00:00Z,-0.701,-0.023,0.706,-1.086,-1.104
2019-03-22T17:15:00Z,-0.701,-0.023,0.706,-1.086,-1.104
2019-03-22T17:30:00Z,-0.701,-0.023,0.706,-1.086,-1.104
2019-03-22T17:45:00Z,-0.701,-0.023,0.706,-1.086,-1.104
2019-03-22T18:00:00Z,-1.254,0.902,0.706,-1.086,-0.731
2019-03-22T18:15:00Z,-1.254,0.902,0.706,-1.086,-0.731
2019-03-22T18:30:00Z,-1.254,0.902,0.706,-1.086,-0.731
2019-03-22T18:45:00Z,-1.254,0.902,0.706,-1.086,-0.731
2019-03-22T19:00:00Z,-1.528,0.784,0.669,-1.086,-1.16
2019-03-22T19:15:00Z,-1.528,0.784,0.669,-1.086,-1.16
2019-03-22T19:30:00Z,-1.528,0.784,0.669,-1.086,-1.16
2019-03-22T19:45:00Z,-1.528,0.784,0.669,-1.086,-1.16
2019-03-22T20:00:00Z,-1.826,1.239,0.131,-1.084,-1.539
2019-03-22T20:15:00Z,-1.826,1.239,0.131,-1.084,-1.539
2019-03-22T20:30:00Z,-1.826,1.239,0.131,-1.084,-1.539
2019-03-22T20:45:00Z,-1.826,1.239,0.131,-1.084,-1.539
2019-03-22T21:00:00Z,-2.396,1.316,0.143,-1.018,-1.955
2019-03-22T21:15:00Z,-2.396,1.316,0.143,-1.018,-1.955
2019-03-22T21:30:00Z,-2.396,1.316,0.143,-1.018,-1.955
2019-03-22T21:45:00Z,-2.396,1.316,0.143,-1.018,-1.955
2019-03-22T22:00:00Z,-2.638,1.977,-0.006,-0.87,-1.536
2019-03-22T22:15:00Z,-2.638,1.977,-0.006,-0.87,-1.536
2019-03-22T22:30:00Z,-2.638,1.977,-0.006,-0.87,-1.536
2019-03-22T22:45:00Z,-2.638,1.977,-0.006,-0.87,-1.536
2019-03-22T23:00:00Z,-2.544,2.437,-0.148,-0.773,-1.029
2019-03-22T23:15:00Z,-2.544,2.437,-0.148,-0.773,-1.029
2019-03-22T23:30:00Z,-2.544,2.437,-0.148,-0.773,-1.029
2019-03-22T23:45:00Z,-2.544,2.437,-0.148,-0.773,-1.029
2019-03-23T00:00:00Z,-2.253,2.903,-0.208,-0.77,-0.329
2019-03-23T00:15:00Z,-2.253,2.903,-0.208,-0.77,-0.329
2019-03-23T00:30:00Z,-2.253,2.903,-0.208,-0.77,-0.329
2019-03-23T00:45:00Z,-2.253,2.903,-0.208,-0.77,-0.329
2019-03-23T01:00:00Z,-1.673,3.222,-0.206,-0.705,0.638
2019-03-23T01:15:00Z,-1.673,3.222,-0.206,-0.705,0.638
2019-03-23T01:30:00Z,-1.673,3.222,-0.206,-0.705,0.638
2019-03-23T01:45:00Z,-1.673,3.222,-0.206,-0.705,0.638
2019-03-23T02:00:00Z,-1.174,3.247,-0.163,-0.705,1.205
2019-03-23T02:15:00Z,-1.174,3.247,-0.163,-0.705,1.205
2019-03-23T02:30:00Z,-1.174,3.247,-0.163,-0.705,1.205
2019-03-23T02:45:00Z,-1.174,3.247,-0.163,-0.705,1.205
2019-03-23T03:00:00Z,-1.009,3.036,-0.303,-0.705,1.02
2019-03-23T03:15:00Z,-1.009,3.036,-0.303,-0.705,1.02
2019-03-23T03:30:00Z,-1.009,3.036,-0.303,-0.705,1.02
2019-03-23T03:45:00Z,-1.009,3.036,-0.303,-0.705,1.02
2019-03-23T04:00:00Z,-1.319,2.567,-0.272,-0.704,0.273
2019-03-23T04:15:00Z,-1.319,2.567,-0.272,-0.704,0.273
2019-03-23T04:30:00Z,-1.319,2.567,-0.272,-0.704,0.273
2019-03-23T04:45:00Z,-1.319,2.567,-0.272,-0.704,0.273
2019-03-23T05:00:00Z,-1.545,2.461,-0.124,-0.707,0.086
2019-03-23T05:15:00Z,-1.545,2.461,-0.124,-0.707,0.086
2019-03-23T05:30:00Z,-1.545,2.461,-0.124,-0.707,0.086
2019-03-23T05:45:00Z,-1.545,2.461,-0.124,-0.707,0.086
2019-03-23T06:00:00Z,-1.568,2.665,0.075,-0.758,0.414
2019-03-23T06:15:00Z,-1.568,2.665,0.075,-0.758,0.414
2019-03-23T06:30:00Z,-1.568,2.665,0.075,-0.758,0.414
2019-03-23T06:45:00Z,-1.568,2.665,0.075,-0.758,0.414
2019-03-23T07:00:00Z,-1.735,3.069,0.253,-0.429,1.158
2019-03-23T07:15:00Z,-1.735,3.069,0.253,-0.429,1.158
2019-03-23T07:30:00Z,-1.735,3.069,0.253,-0.429,1.158
2019-03-23T07:45:00Z,-1.735,3.069,0.253,-0.429,1.158
2019-03-23T08:00:00Z,-1.938,3.773,0.688,-0.966,1.556
2019-03-23T08:15:00Z,-1.938,3.773,0.688,-0.966,1.556
2019-03-23T08:30:00Z,-1.938,3.773,0.688,-0.966,1.556
2019-03-23T08:45:00Z,-1.938,3.773,0.688,-0.966,1.556
2019-03-23T09:00:00Z,-1.708,3.724,0.487,-0.966,1.536
2019-03-23T09:15:00Z,-1.708,3.724,0.487,-0.966,1.536
2019-03-23T09:30:00Z,-1.708,3.724,0.487,-0.966,1.536
2019-03-23T09:45:00Z,-1.708,3.724,0.487,-0.966,1.536
2019-03-23T10:00:00Z,-1.59,3.874,0.016,-0.967,1.334
2019-03-23T10:15:00Z,-1.59,3.874,0.016,-0.967,1.334
2019-03-23T10:30:00Z,-1.59,3.874,0.016,-0.967,1.334
2019-03-23T10:45:00Z,-1.59,3.874,0.016,-0.967,1.334
2019-03-23T11:00:00Z,-1.849,3.892,0.219,-0.997,1.266
2019-03-23T11:15:00Z,-1.849,3.892,0.219,-0.997,1.266
2019-03-23T11:30:00Z,-1.849,3.892,0.219,-0.997,1.266
2019-03-23T11:45:00Z,-1.849,3.892,0.219,-0.997,1.266
2019-03-23T12:00:00Z,-1.624,4.045,0.251,-1.005,1.666
2019-03-23T12:15:00Z,-1.624,4.045,0.251,-1.005,1.666
2019-03-23T12:30:00Z,-1.624,4.045,0.251,-1.005,1.666
2019-03-23T12:45:00Z,-1.624,4.045,0.251,-1.005,1.666
2019-03-23T13:00:00Z,-1.241,3.723,0.338,-1.003,1.817
2019-03-23T13:15:00Z,-1.241,3.723,0.338,-1.003,1.817
2019-03-23T13:30:00Z,-1.241,3.723,0.338,-1.003,1.817
2019-03-23T13:45:00Z,-1.241,3.723,0.338,-1.003,1.817
2019-03-23T14:00:00Z,-0.969,3.357,0.084,-1.006,1.466
2019-03-23T14:15:00Z,-0.969,3.357,0.084,-1.006,1.466
2019-03-23T14:30:00Z,-0.969,3.357,0.084,-1.006,1.466
2019-03-23T14:45:00Z,-0.969,3.357,0.084,-1.006,1.466
2019-03-23T15:00:00Z,-0.712,3.196,-0.25,-1.025,1.208
2019-03-23T15:15:00Z,-0.712,3.196,-0.25,-1.025,1.208
2019-03-23T15:30:00Z,-0.712,3.196,-0.25,-1.025,1.208
2019-03-23T15:45:00Z,-0.712,3.196,-0.25,-1.025,1.208
2019-03-23T16:00:00Z,-0.613,2.464,0.119,-1.028,0.942
2019-03-23T16:15:00Z,-0.613,2.464,0.119,-1.028,0.942
2019-03-23T16:30:00Z,-0.613,2.464,0.119,-1.028,0.942
2019-03-23T16:45:00Z,-0.613,2.464,0.119,-1.028,0.942
2019-03-23T17:00:00Z,-0.719,1.753,0.669,-1.085,0.618
2019-03-23T17:15:00Z,-0.719,1.753,0.669,-1.085,0.618
2019-03-23T17:30:00Z,-0.719,1.753,0.669,-1.085,0.618
2019-03-23T17:45:00Z,-0.719,1.753,0.669,-1.085,0.618
2019-03-23T18:00:00Z,-1.144,2.547,0.705,-1.085,1.024
2019-03-23T18:15:00Z,-1.144,2.547,0.705,-1.085,1.024
2019-03-23T18:30:00Z,-1.144,2.547,0.705,-1.085,1.024
2019-03-23T18:45:00Z,-1.144,2.547,0.705,-1.085,1.024
2019-03-23T19:00:00Z,-1.049,2.349,0.674,-1.085,0.889
2019-03-23T19:15:00Z,-1.049,2.349,0.674,-1.085,0.889
2019-03-23T19:30:00Z,-1.049,2.349,0.674,-1.085,0.889
2019-03-23T19:45:00Z,-1.049,2.349,0.674,-1.085,0.889
2019-03-23T20:00:00Z,-0.942,2.204,0.204,-1.083,0.383
2019-03-23T20:15:00Z,-0.942,2.204,0.204,-1.083,0.383
2019-03-23T20:30:00Z,-0.942,2.204,0.204,-1.083,0.383
2019-03-23T20:45:00Z,-0.942,2.204,0.204,-1.083,0.383
2019-03-23T21:00:00Z,-1.362,1.819,0.456,-1.025,-0.113
2019-03-23T21:15:00Z,-1.362,1.819,0.456,-1.025,-0.113
2019-03-23T21:30:00Z,-1.362,1.819,0.456,-1.025,-0.113
2019-03-23T21:45:00Z,-1.362,1.819,0.456,-1.025,-0.113
2019-03-23T22:00:00Z,-1.588,2.033,0.073,-1.025,-0.507
2019-03-23T22:15:00Z,-1.588,2.033,0.073,-1.025,-0.507
2019-03-23T22:30:00Z,-1.588,2.033,0.073,-1.025,-0.507
2019-03-23T22:45:00Z,-1.588,2.033,0.073,-1.025,-0.507
2019-03-23T23:00:00Z,-1.533,2.579,-0.271,-1.022,-0.248
2019-03-23T23:15:00Z,-1.533,2.579,-0.271,-1.022,-0.248
2019-03-23T23:30:00Z,-1.533,2.579,-0.271,-1.022,-0.248
2019-03-23T23:45:00Z,-1.533,2.579,-0.271,-1.022,-0.248
2019-03-24T00:00:00Z,-0.887,3.187,-0.413,-0.973,0.914
2019-03-24T00:15:00Z,-0.887,3.187,-0.413,-0.973,0.914
2019-03-24T00:30:00Z,-0.887,3.187,-0.413,-0.973,0.914
2019-03-24T00:45:00Z,-0.887,3.187,-0.413,-0.973,0.914
2019-03-24T01:00:00Z,-0.329,3.255,-0.413,-0.919,1.593
2019-03-24T01:15:00Z,-0.329,3.255,-0.413,-0.919,1.593
2019-03-24T01:30:00Z,-0.329,3.255,-0.413,-0.919,1.593
2019-03-24T01:45:00Z,-0.329,3.255,-0.413,-0.919,1.593
2019-03-24T02:00:00Z,0.048,3.199,-0.413,-0.821,2.013
2019-03-24T02:15:00Z,0.048,3.199,-0.413,-0.821,2.013
2019-03-24T02:30:00Z,0.048,3.199,-0.413,-0.821,2.013
2019-03-24T02:45:00Z,0.048,3.199,-0.413,-0.821,2.013
2019-03-24T03:00:00Z,0.237,3.039,-0.413,-0.82,2.042
2019-03-24T03:15:00Z,0.237,3.039,-0.413,-0.82,2.042
2019-03-24T03:30:00Z,0.237,3.039,-0.413,-0.82,2.042
2019-03-24T03:45:00Z,0.237,3.039,-0.413,-0.82,2.042
2019-03-24T04:00:00Z,0.105,3.045,-0.413,-0.82,1.918
2019-03-24T04:15:00Z,0.105,3.045,-0.413,-0.82,1.918
2019-03-24T04:30:00Z,0.105,3.045,-0.413,-0.82,1.918
2019-03-24T04:45:00Z,0.105,3.045,-0.413,-0.82,1.918
2019-03-24T05:00:00Z,-0.073,3.142,-0.393,-0.819,1.857
2019-03-24T05:15:00Z,-0.073,3.142,-0.393,-0.819,1.857
2019-03-24T05:30:00Z,-0.073,3.142,-0.393,-0.819,1.857
2019-03-24T05:45:00Z,-0.073,3.142,-0.393,-0.819,1.857
2019-03-24T06:00:00Z,-0.006,2.717,-0.395,-0.819,1.497
2019-03-24T06:15:00Z,-0.006,2.717,-0.395,-0.819,1.497
2019-03-24T06:30:00Z,-0.006,2.717,-0.395,-0.819,1.497
2019-03-24T06:45:00Z,-0.006,2.717,-0.395,-0.819,1.497
2019-03-24T07:00:00Z,-0.033,2.442,-0.414,-0.821,1.174
2019-03-24T07:15:00Z,-0.033,2.442,-0.414,-0.821,1.174
2019-03-24T07:30:00Z,-0.033,2.442,-0.414,-0.821,1.174
2019-03-24T07:45:00Z,-0.033,2.442,-0.414,-0.821,1.174
2019-03-24T08:00:00Z,-0.078,2.634,-0.413,-0.874,1.27
2019-03-24T08:15:00Z,-0.078,2.634,-0.413,-0.874,1.27
2019-03-24T08:30:00Z,-0.078,2.634,-0.413,-0.874,1.27
2019-03-24T08:45:00Z,-0.078,2.634,-0.413,-0.874,1.27
2019-03-24T09:00:00Z,0.223,2.321,-0.414,-0.822,1.309
2019-03-24T09:15:00Z,0.223,2.321,-0.414,-0.822,1.309
2019-03-24T09:30:00Z,0.223,2.321,-0.414,-0.822,1.309
2019-03-24T09:45:00Z,0.223,2.321,-0.414,-0.822,1.309
2019-03-24T10:00:00Z,0.123,1.955,-0.414,-0.872,0.792
2019-03-24T10:15:00Z,0.123,1.955,-0.414,-0.872,0.792
2019-03-24T10:30:00Z,0.123,1.955,-0.414,-0.872,0.792
2019-03-24T10:45:00Z,0.123,1.955,-0.414,-0.872,0.792
2019-03-24T11:00:00Z,-0.053,2.13,-0.414,-0.916,0.747
2019-03-24T11:15:00Z,-0.053,2.13,-0.414,-0.916,0.747
2019-03-24T11:30:00Z,-0.053,2.13,-0.414,-0.916,0.747
2019-03-24T11:45:00Z,-0.053,2.13,-0.414,-0.916,0.747
2019-03-24T12:00:00Z,0.367,2.059,-0.414,-0.945,1.066
2019-03-24T12:15:00Z,0.367,2.059,-0.414,-0.945,1.066
2019-03-24T12:30:00Z,0.367,2.059,-0.414,-0.945,1.066
2019-03-24T12:45:00Z,0.367,2.059,-0.414,-0.945,1.066
2019-03-24T13:00:00Z,0.642,1.837,-0.414,-0.92,1.145
2019-03-24T13:15:00Z,0.642,1.837,-0.414,-0.92,1.145
2019-03-24T13:30:00Z,0.642,1.837,-0.414,-0.92,1.145
2019-03-24T13:45:00Z,0.642,1.837,-0.414,-0.92,1.145
2019-03-24T14:00:00Z,0.671,1.765,-0.414,-0.914,1.108
2019-03-24T14:15:00Z,0.671,1.765,-0.414,-0.914,1.108
2019-03-24T14:30:00Z,0.671,1.765,-0.414,-0.914,1.108
2019-03-24T14:45:00Z,0.671,1.765,-0.414,-0.914,1.108
2019-03-24T15:00:00Z,0.917,1.883,-0.414,-0.887,1.5
2019-03-24T15:15:00Z,0.917,1.883,-0.414,-0.887,1.5
2019-03-24T15:30:00Z,0.917,1.883,-0.414,-0.887,1.5
2019-03-24T15:45:00Z,0.917,1.883,-0.414,-0.887,1.5
2019-03-24T16:00:00Z,0.631,2.092,-0.375,-0.93,1.417
2019-03-24T16:15:00Z,0.631,2.092,-0.375,-0.93,1.417
2019-03-24T16:30:00Z,0.631,2.092,-0.375,-0.93,1.417
2019-03-24T16:45:00Z,0.631,2.092,-0.375,-0.93,1.417
2019-03-24T17:00:00Z,-0.183,2.272,0.213,-1.085,1.218
2019-03-24T17:15:00Z,-0.183,2.272,0.213,-1.085,1.218
2019-03-24T17:30:00Z,-0.183,2.272,0.213,-1.085,1.218
2019-03-24T17:45:00Z,-0.183,2.272,0.213,-1.085,1.218
2019-03-24T18:00:00Z,-1.329,3.155,0.685,-1.085,1.425
2019-03-24T18:15:00Z,-1.329,3.155,0.685,-1.085,1.425
2019-03-24T18:30:00Z,-1.329,3.155,0.685,-1.085,1.425
2019-03-24T18:45:00Z,-1.329,3.155,0.685,-1.085,1.425
2019-03-24T19:00:00Z,-1.046,2.819,0.402,-1.085,1.09
2019-03-24T19:15:00Z,-1.046,2.819,0.402,-1.085,1.09
2019-03-24T19:30:00Z,-1.046,2.819,0.402,-1.085,1.09
2019-03-24T19:45:00Z,-1.046,2.819,0.402,-1.085,1.09
2019-03-24T20:00:00Z,-1.325,3.002,0.004,-1.083,0.599
2019-03-24T20:15:00Z,-1.325,3.002,0.004,-1.083,0.599
2019-03-24T20:30:00Z,-1.325,3.002,0.004,-1.083,0.599
2019-03-24T20:45:00Z,-1.325,3.002,0.004,-1.083,0.599
2019-03-24T21:00:00Z,-1.6,2.466,0.076,-1.021,-0.078
2019-03-24T21:15:00Z,-1.6,2.466,0.076,-1.021,-0.078
2019-03-24T21:30:00Z,-1.6,2.466,0.076,-1.021,-0.078
2019-03-24T21:45:00Z,-1.6,2.466,0.076,-1.021,-0.078
2019-03-24T22:00:00Z,-1.883,2.381,0.035,-0.934,-0.401
2019-03-24T22:15:00Z,-1.883,2.381,0.035,-0.934,-0.401
2019-03-24T22:30:00Z,-1.883,2.381,0.035,-0.934,-0.401
2019-03-24T22:45:00Z,-1.883,2.381,0.035,-0.934,-0.401
2019-03-24T23:00:00Z,-1.269,2.347,-0.405,-0.723,-0.05
2019-03-24T23:15:00Z,-1.269,2.347,-0.405,-0.723,-0.05
2019-03-24T23:30:00Z,-1.269,2.347,-0.405,-0.723,-0.05
2019-03-24T23:45:00Z,-1.269,2.347,-0.405,-0.723,-0.05
2019-03-25T00:00:00Z,-0.92,2.052,-0.412,-0.724,-0.004
2019-03-25T00:15:00Z,-0.92,2.052,-0.412,-0.724,-0.004
2019-03-25T00:30:00Z,-0.92,2.052,-0.412,-0.724,-0.004
2019-03-25T00:45:00Z,-0.92,2.052,-0.412,-0.724,-0.004
2019-03-25T01:00:00Z,-0.568,1.778,-0.38,-0.724,0.107
2019-03-25T01:15:00Z,-0.568,1.778,-0.38,-0.724,0.107
2019-03-25T01:30:00Z,-0.568,1.778,-0.38,-0.724,0.107
2019-03-25T01:45:00Z,-0.568,1.778,-0.38,-0.724,0.107
2019-03-25T02:00:00Z,-0.405,1.782,-0.413,-0.701,0.262
2019-03-25T02:15:00Z,-0.405,1.782,-0.413,-0.701,0.262
2019-03-25T02:30:00Z,-0.405,1.782,-0.413,-0.701,0.262
2019-03-25T02:45:00Z,-0.405,1.782,-0.413,-0.701,0.262
2019-03-25T03:00:00Z,-0.304,1.618,-0.413,-0.634,0.267
2019-03-25T03:15:00Z,-0.304,1.618,-0.413,-0.634,0.267
2019-03-25T03:30:00Z,-0.304,1.618,-0.413,-0.634,0.267
2019-03-25T03:45:00Z,-0.304,1.618,-0.413,-0.634,0.267
2019-03-25T04:00:00Z,-0.661,1.83,-0.413,-0.632,0.124
2019-03-25T04:15:00Z,-0.661,1.83,-0.413,-0.632,0.124
2019-03-25T04:30:00Z,-0.661,1.83,-0.413,-0.632,0.124
2019-03-25T04:45:00Z,-0.661,1.83,-0.413,-0.632,0.124
2019-03-25T05:00:00Z,-0.935,1.772,-0.392,-0.709,-0.264
2019-03-25T05:15:00Z,-0.935,1.772,-0.392,-0.709,-0.264
2019-03-25T05:30:00Z,-0.935,1.772,-0.392,-0.709,-0.264
2019-03-25T05:45:00Z,-0.935,1.772,-0.392,-0.709,-0.264
2019-03-25T06:00:00Z,-1.152,1.774,-0.005,-0.832,-0.215
2019-03-25T06:15:00Z,-1.152,1.774,-0.005,-0.832,-0.215
2019-03-25T06:30:00Z,-1.152,1.774,-0.005,-0.832,-0.215
2019-03-25T06:45:00Z,-1.152,1.774,-0.005,-0.832,-0.215
2019-03-25T07:00:00Z,-1.154,1.687,0.06,-1.027,-0.434
2019-03-25T07:15:00Z,-1.154,1.687,0.06,-1.027,-0.434
2019-03-25T07:30:00Z,-1.154,1.687,0.06,-1.027,-0.434
2019-03-25T07:45:00Z,-1.154,1.687,0.06,-1.027,-0.434
2019-03-25T08:00:00Z,-1.116,1.889,-0.263,-1.085,-0.575
2019-03-25T08:15:00Z,-1.116,1.889,-0.263,-1.085,-0.575
2019-03-25T08:30:00Z,-1.116,1.889,-0.263,-1.085,-0.575
2019-03-25T08:45:00Z,-1.116,1.889,-0.263,-1.085,-0.575
2019-03-25T09:00:00Z,-1.146,1.843,-0.722,-1.085,-1.111
2019-03-25T09:15:00Z,-1.146,1.843,-0.722,-1.085,-1.111
2019-03-25T09:30:00Z,-1.146,1.843,-0.722,-1.085,-1.111
2019-03-25T09:45:00Z,-1.146,1.843,-0.722,-1.085,-1.111
2019-03-25T10:00:00Z,-0.986,1.481,-0.73,-1.086,-1.321
2019-03-25T10:15:00Z,-0.986,1.481,-0.73,-1.086,-1.321
2019-03-25T10:30:00Z,-0.986,1.481,-0.73,-1.086,-1.321
2019-03-25T10:45:00Z,-0.986,1.481,-0.73,-1.086,-1.321
2019-03-25T11:00:00Z,-0.569,1.26,-0.73,-1.083,-1.123
2019-03-25T11:15:00Z,-0.569,1.26,-0.73,-1.083,-1.123
2019-03-25T11:30:00Z,-0.569,1.26,-0.73,-1.083,-1.123
2019-03-25T11:45:00Z,-0.569,1.26,-0.73,-1.083,-1.123
2019-03-25T12:00:00Z,-0.327,1.292,-0.729,-1.025,-0.789
2019-03-25T12:15:00Z,-0.327,1.292,-0.729,-1.025,-0.789
2019-03-25T12:30:00Z,-0.327,1.292,-0.729,-1.025,-0.789
2019-03-25T12:45:00Z,-0.327,1.292,-0.729,-1.025,-0.789
2019-03-25T13:00:00Z,0.021,1.24,-0.693,-1.025,-0.457
2019-03-25T13:15:00Z,0.021,1.24,-0.693,-1.025,-0.457
2019-03-25T13:30:00Z,0.021,1.24,-0.693,-1.025,-0.457
2019-03-25T13:45:00Z,0.021,1.24,-0.693,-1.025,-0.457
2019-03-25T14:00:00Z,0.183,1.228,-0.73,-1.025,-0.345
2019-03-25T14:15:00Z,0.183,1.228,-0.73,-1.025,-0.345
2019-03-25T14:30:00Z,0.183,1.228,-0.73,-1.025,-0.345
2019-03-25T14:45:00Z,0.183,1.228,-0.73,-1.025,-0.345
2019-03-25T15:00:00Z,0,1.186,-0.72,-1.025,-0.558
2019-03-25T15:15:00Z,0,1.186,-0.72,-1.025,-0.558
2019-03-25T15:30:00Z,0,1.186,-0.72,-1.025,-0.558
2019-03-25T15:45:00Z,0,1.186,-0.72,-1.025,-0.558
2019-03-25T16:00:00Z,-0.269,1.352,-0.442,-1.027,-0.386
2019-03-25T16:15:00Z,-0.269,1.352,-0.442,-1.027,-0.386
2019-03-25T16:30:00Z,-0.269,1.352,-0.442,-1.027,-0.386
2019-03-25T16:45:00Z,-0.269,1.352,-0.442,-1.027,-0.386
2019-03-25T17:00:00Z,-0.836,0.94,0.16,-1.086,-0.822
2019-03-25T17:15:00Z,-0.836,0.94,0.16,-1.086,-0.822
2019-03-25T17:30:00Z,-0.836,0.94,0.16,-1.086,-0.822
2019-03-25T17:45:00Z,-0.836,0.94,0.16,-1.086,-0.822
2019-03-25T18:00:00Z,-1.073,1.284,0.693,-1.085,-0.181
2019-03-25T18:15:00Z,-1.073,1.284,0.693,-1.085,-0.181
2019-03-25T18:30:00Z,-1.073,1.284,0.693,-1.085,-0.181
2019-03-25T18:45:00Z,-1.073,1.284,0.693,-1.085,-0.181
2019-03-25T19:00:00Z,-1.197,1.342,0.655,-1.085,-0.286
2019-03-25T19:15:00Z,-1.197,1.342,0.655,-1.085,-0.286
2019-03-25T19:30:00Z,-1.197,1.342,0.655,-1.085,-0.286
2019-03-25T19:45:00Z,-1.197,1.342,0.655,-1.085,-0.286
2019-03-25T20:00:00Z,-1.148,1.555,0.098,-1.083,-0.578
2019-03-25T20:15:00Z,-1.148,1.555,0.098,-1.083,-0.578
2019-03-25T20:30:00Z,-1.148,1.555,0.098,-1.083,-0.578
2019-03-25T20:45:00Z,-1.148,1.555,0.098,-1.083,-0.578
2019-03-25T21:00:00Z,-1.443,2.116,-0.038,-1.025,-0.389
2019-03-25T21:15:00Z,-1.443,2.116,-0.038,-1.025,-0.389
2019-03-25T21:30:00Z,-1.443,2.116,-0.038,-1.025,-0.389
2019-03-25T21:45:00Z,-1.443,2.116,-0.038,-1.025,-0.389
2019-03-25T22:00:00Z,-1.633,2.659,-0.63,-1.022,-0.627
2019-03-25T22:15:00Z,-1.633,2.659,-0.63,-1.022,-0.627
2019-03-25T22:30:00Z,-1.633,2.659,-0.63,-1.022,-0.627
2019-03-25T22:45:00Z,-1.633,2.659,-0.63,-1.022,-0.627
2019-03-25T23:00:00Z,-1.853,3.252,-0.729,-0.971,-0.301
2019-03-25T23:15:00Z,-1.853,3.252,-0.729,-0.971,-0.301
2019-03-25T23:30:00Z,-1.853,3.252,-0.729,-0.971,-0.301
2019-03-25T23:45:00Z,-1.853,3.252,-0.729,-0.971,-0.301
2019-03-26T00:00:00Z,-1.742,3.601,-0.73,-0.901,0.228
2019-03-26T00:15:00Z,-1.742,3.601,-0.73,-0.901,0.228
2019-03-26T00:30:00Z,-1.742,3.601,-0.73,-0.901,0.228
2019-03-26T00:45:00Z,-1.742,3.601,-0.73,-0.901,0.228
2019-03-26T01:00:00Z,-1.301,3.588,-0.73,-0.901,0.655
2019-03-26T01:15:00Z,-1.301,3.588,-0.73,-0.901,0.655
2019-03-26T01:30:00Z,-1.301,3.588,-0.73,-0.901,0.655
2019-03-26T01:45:00Z,-1.301,3.588,-0.73,-0.901,0.655
2019-03-26T02:00:00Z,-1.158,3.483,-0.73,-0.901,0.694
2019-03-26T02:15:00Z,-1.158,3.483,-0.73,-0.901,0.694
2019-03-26T02:30:00Z,-1.158,3.483,-0.73,-0.901,0.694
2019-03-26T02:45:00Z,-1.158,3.483,-0.73,-0.901,0.694
2019-03-26T03:00:00Z,-1.354,3.623,-0.73,-0.901,0.637
2019-03-26T03:15:00Z,-1.354,3.623,-0.73,-0.901,0.637
2019-03-26T03:30:00Z,-1.354,3.623,-0.73,-0.901,0.637
2019-03-26T03:45:00Z,-1.354,3.623,-0.73,-0.901,0.637
2019-03-26T04:00:00Z,-1.784,3.332,-0.711,-0.9,-0.063
2019-03-26T04:15:00Z,-1.784,3.332,-0.711,-0.9,-0.063
2019-03-26T04:30:00Z,-1.784,3.332,-0.711,-0.9,-0.063
2019-03-26T04:45:00Z,-1.784,3.332,-0.711,-0.9,-0.063
2019-03-26T05:00:00Z,-2.341,2.491,-0.325,-0.905,-1.081
2019-03-26T05:15:00Z,-2.341,2.491,-0.325,-0.905,-1.081
2019-03-26T05:30:00Z,-2.341,2.491,-0.325,-0.905,-1.081
2019-03-26T05:45:00Z,-2.341,2.491,-0.325,-0.905,-1.081
2019-03-26T06:00:00Z,-2.568,2.692,0.117,-1.024,-0.783
2019-03-26T06:15:00Z,-2.568,2.692,0.117,-1.024,-0.783
2019-03-26T06:30:00Z,-2.568,2.692,0.117,-1.024,-0.783
2019-03-26T06:45:00Z,-2.568,2.692,0.117,-1.024,-0.783
2019-03-26T07:00:00Z,-2.505,2.602,0.615,-1.027,-0.315
2019-03-26T07:15:00Z,-2.505,2.602,0.615,-1.027,-0.315
2019-03-26T07:30:00Z,-2.505,2.602,0.615,-1.027,-0.315
2019-03-26T07:45:00Z,-2.505,2.602,0.615,-1.027,-0.315
2019-03-26T08:00:00Z,-2.087,2.735,0.131,-1.086,-0.307
2019-03-26T08:15:00Z,-2.087,2.735,0.131,-1.086,-0.307
2019-03-26T08:30:00Z,-2.087,2.735,0.131,-1.086,-0.307
2019-03-26T08:45:00Z,-2.087,2.735,0.131,-1.086,-0.307
2019-03-26T09:00:00Z,-1.864,2.389,0.105,-1.086,-0.456
2019-03-26T09:15:00Z,-1.864,2.389,0.105,-1.086,-0.456
2019-03-26T09:30:00Z,-1.864,2.389,0.105,-1.086,-0.456
2019-03-26T09:45:00Z,-1.864,2.389,0.105,-1.086,-0.456
2019-03-26T10:00:00Z,-1.98,2.612,-0.303,-1.086,-0.757
2019-03-26T10:15:00Z,-1.98,2.612,-0.303,-1.086,-0.757
2019-03-26T10:30:00Z,-1.98,2.612,-0.303,-1.086,-0.757
2019-03-26T10:45:00Z,-1.98,2.612,-0.303,-1.086,-0.757
2019-03-26T11:00:00Z,-1.829,2.535,-0.569,-1.083,-0.947
2019-03-26T11:15:00Z,-1.829,2.535,-0.569,-1.083,-0.947
2019-03-26T11:30:00Z,-1.829,2.535,-0.569,-1.083,-0.947
2019-03-26T11:45:00Z,-1.829,2.535,-0.569,-1.083,-0.947
2019-03-26T12:00:00Z,-1.317,2.333,-0.73,-1.025,-0.739
2019-03-26T12:15:00Z,-1.317,2.333,-0.73,-1.025,-0.739
2019-03-26T12:30:00Z,-1.317,2.333,-0.73,-1.025,-0.739
2019-03-26T12:45:00Z,-1.317,2.333,-0.73,-1.025,-0.739
2019-03-26T13:00:00Z,-1.061,2.38,-0.73,-1.025,-0.437
2019-03-26T13:15:00Z,-1.061,2.38,-0.73,-1.025,-0.437
2019-03-26T13:30:00Z,-1.061,2.38,-0.73,-1.025,-0.437
2019-03-26T13:45:00Z,-1.061,2.38,-0.73,-1.025,-0.437
2019-03-26T14:00:00Z,-0.663,2.51,-0.73,-1.025,0.091
2019-03-26T14:15:00Z,-0.663,2.51,-0.73,-1.025,0.091
2019-03-26T14:30:00Z,-0.663,2.51,-0.73,-1.025,0.091
2019-03-26T14:45:00Z,-0.663,2.51,-0.73,-1.025,0.091
2019-03-26T15:00:00Z,-0.437,2.756,-0.696,-1.025,0.598
2019-03-26T15:15:00Z,-0.437,2.756,-0.696,-1.025,0.598
2019-03-26T15:30:00Z,-0.437,2.756,-0.696,-1.025,0.598
2019-03-26T15:45:00Z,-0.437,2.756,-0.696,-1.025,0.598
2019-03-26T16:00:00Z,-0.41,1.688,-0.163,-1.027,0.089
2019-03-26T16:15:00Z,-0.41,1.688,-0.163,-1.027,0.089
2019-03-26T16:30:00Z,-0.41,1.688,-0.163,-1.027,0.089
2019-03-26T16:45:00Z,-0.41,1.688,-0.163,-1.027,0.089
2019-03-26T17:00:00Z,-0.579,1.051,0.242,-1.086,-0.372
2019-03-26T17:15:00Z,-0.579,1.051,0.242,-1.086,-0.372
2019-03-26T17:30:00Z,-0.579,1.051,0.242,-1.086,-0.372
2019-03-26T17:45:00Z,-0.579,1.051,0.242,-1.086,-0.372
2019-03-26T18:00:00Z,-1.016,1.312,0.605,-1.086,-0.184
2019-03-26T18:15:00Z,-1.016,1.312,0.605,-1.086,-0.184
2019-03-26T18:30:00Z,-1.016,1.312,0.605,-1.086,-0.184
2019-03-26T18:45:00Z,-1.016,1.312,0.605,-1.086,-0.184
2019-03-26T19:00:00Z,-1.186,1.293,0.553,-1.086,-0.426
2019-03-26T19:15:00Z,-1.186,1.293,0.553,-1.086,-0.426
2019-03-26T19:30:00Z,-1.186,1.293,0.553,-1.086,-0.426
2019-03-26T19:45:00Z,-1.186,1.293,0.553,-1.086,-0.426
2019-03-26T20:00:00Z,-1.197,0.874,0.449,-1.083,-0.957
2019-03-26T20:15:00Z,-1.197,0.874,0.449,-1.083,-0.957
2019-03-26T20:30:00Z,-1.197,0.874,0.449,-1.083,-0.957
2019-03-26T20:45:00Z,-1.197,0.874,0.449,-1.083,-0.957
2019-03-26T21:00:00Z,-1.676,1.011,-0.031,-1.025,-1.721
2019-03-26T21:15:00Z,-1.676,1.011,-0.031,-1.025,-1.721
2019-03-26T21:30:00Z,-1.676,1.011,-0.031,-1.025,-1.721
2019-03-26T21:45:00Z,-1.676,1.011,-0.031,-1.025,-1.721
2019-03-26T22:00:00Z,-1.922,1.22,-0.613,-1.022,-2.338
2019-03-26T22:15:00Z,-1.922,1.22,-0.613,-1.022,-2.338
2019-03-26T22:30:00Z,-1.922,1.22,-0.613,-1.022,-2.338
2019-03-26T22:45:00Z,-1.922,1.22,-0.613,-1.022,-2.338
2019-03-26T23:00:00Z,-1.616,0.891,-0.73,-0.973,-2.429
2019-03-26T23:15:00Z,-1.616,0.891,-0.73,-0.973,-2.429
2019-03-26T23:30:00Z,-1.616,0.891,-0.73,-0.973,-2.429
2019-03-26T23:45:00Z,-1.616,0.891,-0.73,-0.973,-2.429
2019-03-27T00:00:00Z,-1.207,0.948,-0.73,-0.952,-1.941
2019-03-27T00:15:00Z,-1.207,0.948,-0.73,-0.952,-1.941
2019-03-27T00:30:00Z,-1.207,0.948,-0.73,-0.952,-1.941
2019-03-27T00:45:00Z,-1.207,0.948,-0.73,-0.952,-1.941
2019-03-27T01:00:00Z,-0.897,0.966,-0.73,-0.952,-1.613
2019-03-27T01:15:00Z,-0.897,0.966,-0.73,-0.952,-1.613
2019-03-27T01:30:00Z,-0.897,0.966,-0.73,-0.952,-1.613
2019-03-27T01:45:00Z,-0.897,0.966,-0.73,-0.952,-1.613
2019-03-27T02:00:00Z,-0.551,0.874,-0.73,-0.952,-1.359
2019-03-27T02:15:00Z,-0.551,0.874,-0.73,-0.952,-1.359
2019-03-27T02:30:00Z,-0.551,0.874,-0.73,-0.952,-1.359
2019-03-27T02:45:00Z,-0.551,0.874,-0.73,-0.952,-1.359
2019-03-27T03:00:00Z,-0.463,0.48,-0.725,-0.952,-1.66
2019-03-27T03:15:00Z,-0.463,0.48,-0.725,-0.952,-1.66
2019-03-27T03:30:00Z,-0.463,0.48,-0.725,-0.952,-1.66
2019-03-27T03:45:00Z,-0.463,0.48,-0.725,-0.952,-1.66
2019-03-27T04:00:00Z,-0.965,0.381,-0.578,-0.947,-2.109
2019-03-27T04:15:00Z,-0.965,0.381,-0.578,-0.947,-2.109
2019-03-27T04:30:00Z,-0.965,0.381,-0.578,-0.947,-2.109
2019-03-27T04:45:00Z,-0.965,0.381,-0.578,-0.947,-2.109
2019-03-27T05:00:00Z,-1.525,0.322,0.026,-0.899,-2.076
2019-03-27T05:15:00Z,-1.525,0.322,0.026,-0.899,-2.076
2019-03-27T05:30:00Z,-1.525,0.322,0.026,-0.899,-2.076
2019-03-27T05:45:00Z,-1.525,0.322,0.026,-0.899,-2.076
2019-03-27T06:00:00Z,-1.539,0.682,0.601,-1.024,-1.281
2019-03-27T06:15:00Z,-1.539,0.682,0.601,-1.024,-1.281
2019-03-27T06:30:00Z,-1.539,0.682,0.601,-1.024,-1.281
2019-03-27T06:45:00Z,-1.539,0.682,0.601,-1.024,-1.281
2019-03-27T07:00:00Z,-1.508,1.135,0.703,-1.027,-0.696
2019-03-27T07:15:00Z,-1.508,1.135,0.703,-1.027,-0.696
2019-03-27T07:30:00Z,-1.508,1.135,0.703,-1.027,-0.696
2019-03-27T07:45:00Z,-1.508,1.135,0.703,-1.027,-0.696
2019-03-27T08:00:00Z,-1.353,0.91,0.694,-1.086,-0.834
2019-03-27T08:15:00Z,-1.353,0.91,0.694,-1.086,-0.834
2019-03-27T08:30:00Z,-1.353,0.91,0.694,-1.086,-0.834
2019-03-27T08:45:00Z,-1.353,0.91,0.694,-1.086,-0.834
2019-03-27T09:00:00Z,-1.137,0.371,0.476,-1.085,-1.375
2019-03-27T09:15:00Z,-1.137,0.371,0.476,-1.085,-1.375
2019-03-27T09:30:00Z,-1.137,0.371,0.476,-1.085,-1.375
2019-03-27T09:45:00Z,-1.137,0.371,0.476,-1.085,-1.375
2019-03-27T10:00:00Z,-1.182,0.324,0.16,-1.085,-1.784
2019-03-27T10:15:00Z,-1.182,0.324,0.16,-1.085,-1.784
2019-03-27T10:30:00Z,-1.182,0.324,0.16,-1.085,-1.784
2019-03-27T10:45:00Z,-1.182,0.324,0.16,-1.085,-1.784
2019-03-27T11:00:00Z,-1.164,0.254,0,-1.083,-1.992
2019-03-27T11:15:00Z,-1.164,0.254,0,-1.083,-1.992
2019-03-27T11:30:00Z,-1.164,0.254,0,-1.083,-1.992
2019-03-27T11:45:00Z,-1.164,0.254,0,-1.083,-1.992
2019-03-27T12:00:00Z,-1.246,0.401,-0.036,-1.025,-1.905
2019-03-27T12:15:00Z,-1.246,0.401,-0.036,-1.025,-1.905
2019-03-27T12:30:00Z,-1.246,0.401,-0.036,-1.025,-1.905
2019-03-27T12:45:00Z,-1.246,0.401,-0.036,-1.025,-1.905
2019-03-27T13:00:00Z,-1.017,0.985,-0.2,-1.025,-1.256
2019-03-27T13:15:00Z,-1.017,0.985,-0.2,-1.025,-1.256
2019-03-27T13:30:00Z,-1.017,0.985,-0.2,-1.025,-1.256
2019-03-27T13:45:00Z,-1.017,0.985,-0.2,-1.025,-1.256
2019-03-27T14:00:00Z,-0.589,1.025,-0.46,-1.025,-1.049
2019-03-27T14:15:00Z,-0.589,1.025,-0.46,-1.025,-1.049
2019-03-27T14:30:00Z,-0.589,1.025,-0.46,-1.025,-1.049
2019-03-27T14:45:00Z,-0.589,1.025,-0.46,-1.025,-1.049
2019-03-27T15:00:00Z,-0.75,0.686,0.024,-1.025,-1.065
2019-03-27T15:15:00Z,-0.75,0.686,0.024,-1.025,-1.065
2019-03-27T15:30:00Z,-0.75,0.686,0.024,-1.025,-1.065
2019-03-27T15:45:00Z,-0.75,0.686,0.024,-1.025,-1.065
2019-03-27T16:00:00Z,-0.759,0.562,0.53,-1.027,-0.694
2019-03-27T16:15:00Z,-0.759,0.562,0.53,-1.027,-0.694
2019-03-27T16:30:00Z,-0.759,0.562,0.53,-1.027,-0.694
2019-03-27T16:45:00Z,-0.759,0.562,0.53,-1.027,-0.694
2019-03-27T17:00:00Z,-1.038,0.342,0.704,-1.085,-1.077
2019-03-27T17:15:00Z,-1.038,0.342,0.704,-1.085,-1.077
2019-03-27T17:30:00Z,-1.038,0.342,0.704,-1.085,-1.077
2019-03-27T17:45:00Z,-1.038,0.342,0.704,-1.085,-1.077
2019-03-27T18:00:00Z,-1.337,0.769,0.7,-1.085,-0.954
2019-03-27T18:15:00Z,-1.337,0.769,0.7,-1.085,-0.954
2019-03-27T18:30:00Z,-1.337,0.769,0.7,-1.085,-0.954
2019-03-27T18:45:00Z,-1.337,0.769,0.7,-1.085,-0.954
2019-03-27T19:00:00Z,-1.322,0.673,0.597,-1.086,-1.137
2019-03-27T19:15:00Z,-1.322,0.673,0.597,-1.086,-1.137
2019-03-27T19:30:00Z,-1.322,0.673,0.597,-1.086,-1.137
2019-03-27T19:45:00Z,-1.322,0.673,0.597,-1.086,-1.137
2019-03-27T20:00:00Z,-1.077,0.374,0.228,-1.083,-1.558
2019-03-27T20:15:00Z,-1.077,0.374,0.228,-1.083,-1.558
2019-03-27T20:30:00Z,-1.077,0.374,0.228,-1.083,-1.558
2019-03-27T20:45:00Z,-1.077,0.374,0.228,-1.083,-1.558
2019-03-27T21:00:00Z,-1.786,0.55,-0.031,-1.025,-2.292
2019-03-27T21:15:00Z,-1.786,0.55,-0.031,-1.025,-2.292
2019-03-27T21:30:00Z,-1.786,0.55,-0.031,-1.025,-2.292
2019-03-27T21:45:00Z,-1.786,0.55,-0.031,-1.025,-2.292
2019-03-27T22:00:00Z,-1.869,0.824,-0.587,-1.025,-2.657
2019-03-27T22:15:00Z,-1.869,0.824,-0.587,-1.025,-2.657
2019-03-27T22:30:00Z,-1.869,0.824,-0.587,-1.025,-2.657
2019-03-27T22:45:00Z,-1.869,0.824,-0.587,-1.025,-2.657
2019-03-27T23:00:00Z,-1.352,1.155,-0.554,-1.025,-1.777
2019-03-27T23:15:00Z,-1.352,1.155,-0.554,-1.025,-1.777
2019-03-27T23:30:00Z,-1.352,1.155,-0.554,-1.025,-1.777
2019-03-27T23:45:00Z,-1.352,1.155,-0.554,-1.025,-1.777
2019-03-28T00:00:00Z,-0.916,1.056,-0.664,-1.026,-1.549
2019-03-28T00:15:00Z,-0.916,1.056,-0.664,-1.026,-1.549
2019-03-28T00:30:00Z,-0.916,1.056,-0.664,-1.026,-1.549
2019-03-28T00:45:00Z,-0.916,1.056,-0.664,-1.026,-1.549
2019-03-28T01:00:00Z,-0.795,1.071,-0.73,-1.026,-1.48
2019-03-28T01:15:00Z,-0.795,1.071,-0.73,-1.026,-1.48
2019-03-28T01:30:00Z,-0.795,1.071,-0.73,-1.026,-1.48
2019-03-28T01:45:00Z,-0.795,1.071,-0.73,-1.026,-1.48
2019-03-28T02:00:00Z,-0.495,0.838,-0.73,-1.025,-1.414
2019-03-28T02:15:00Z,-0.495,0.838,-0.73,-1.025,-1.414
2019-03-28T02:30:00Z,-0.495,0.838,-0.73,-1.025,-1.414
2019-03-28T02:45:00Z,-0.495,0.838,-0.73,-1.025,-1.414
2019-03-28T03:00:00Z,-0.44,0.08,-0.721,-1.026,-2.107
2019-03-28T03:15:00Z,-0.44,0.08,-0.721,-1.026,-2.107
2019-03-28T03:30:00Z,-0.44,0.08,-0.721,-1.026,-2.107
2019-03-28T03:45:00Z,-0.44,0.08,-0.721,-1.026,-2.107
2019-03-28T04:00:00Z,-0.749,0.188,-0.477,-1.014,-2.052
2019-03-28T04:15:00Z,-0.749,0.188,-0.477,-1.014,-2.052
2019-03-28T04:30:00Z,-0.749,0.188,-0.477,-1.014,-2.052
2019-03-28T04:45:00Z,-0.749,0.188,-0.477,-1.014,-2.052
2019-03-28T05:00:00Z,-1.084,-0.457,0.127,-0.776,-2.191
2019-03-28T05:15:00Z,-1.084,-0.457,0.127,-0.776,-2.191
2019-03-28T05:30:00Z,-1.084,-0.457,0.127,-0.776,-2.191
2019-03-28T05:45:00Z,-1.084,-0.457,0.127,-0.776,-2.191
2019-03-28T06:00:00Z,-1.192,0.294,0.691,-1.024,-1.231
2019-03-28T06:15:00Z,-1.192,0.294,0.691,-1.024,-1.231
2019-03-28T06:30:00Z,-1.192,0.294,0.691,-1.024,-1.231
2019-03-28T06:45:00Z,-1.192,0.294,0.691,-1.024,-1.231
2019-03-28T07:00:00Z,-1.008,0.859,0.703,-1.027,-0.473
2019-03-28T07:15:00Z,-1.008,0.859,0.703,-1.027,-0.473
2019-03-28T07:30:00Z,-1.008,0.859,0.703,-1.027,-0.473
2019-03-28T07:45:00Z,-1.008,0.859,0.703,-1.027,-0.473
2019-03-28T08:00:00Z,-0.95,0.893,0.703,-1.085,-0.439
2019-03-28T08:15:00Z,-0.95,0.893,0.703,-1.085,-0.439
2019-03-28T08:30:00Z,-0.95,0.893,0.703,-1.085,-0.439
2019-03-28T08:45:00Z,-0.95,0.893,0.703,-1.085,-0.439
2019-03-28T09:00:00Z,-0.809,0.288,0.702,-1.069,-0.887
2019-03-28T09:15:00Z,-0.809,0.288,0.702,-1.069,-0.887
2019-03-28T09:30:00Z,-0.809,0.288,0.702,-1.069,-0.887
2019-03-28T09:45:00Z,-0.809,0.288,0.702,-1.069,-0.887
2019-03-28T10:00:00Z,-0.704,-0.252,0.663,-0.688,-0.981
2019-03-28T10:15:00Z,-0.704,-0.252,0.663,-0.688,-0.981
2019-03-28T10:30:00Z,-0.704,-0.252,0.663,-0.688,-0.981
2019-03-28T10:45:00Z,-0.704,-0.252,0.663,-0.688,-0.981
2019-03-28T11:00:00Z,-0.328,-0.681,0.346,-0.54,-1.203
2019-03-28T11:15:00Z,-0.328,-0.681,0.346,-0.54,-1.203
2019-03-28T11:30:00Z,-0.328,-0.681,0.346,-0.54,-1.203
2019-03-28T11:45:00Z,-0.328,-0.681,0.346,-0.54,-1.203
2019-03-28T12:00:00Z,0.19,-0.671,0.004,-0.403,-0.88
2019-03-28T12:15:00Z,0.19,-0.671,0.004,-0.403,-0.88
2019-03-28T12:30:00Z,0.19,-0.671,0.004,-0.403,-0.88
2019-03-28T12:45:00Z,0.19,-0.671,0.004,-0.403,-0.88
2019-03-28T13:00:00Z,0.222,-1.07,0.149,-0.403,-1.102
2019-03-28T13:15:00Z,0.222,-1.07,0.149,-0.403,-1.102
2019-03-28T13:30:00Z,0.222,-1.07,0.149,-0.403,-1.102
2019-03-28T13:45:00Z,0.222,-1.07,0.149,-0.403,-1.102
2019-03-28T14:00:00Z,0.204,-1.152,0.351,-0.393,-0.99
2019-03-28T14:15:00Z,0.204,-1.152,0.351,-0.393,-0.99
2019-03-28T14:30:00Z,0.204,-1.152,0.351,-0.393,-0.99
2019-03-28T14:45:00Z,0.204,-1.152,0.351,-0.393,-0.99
2019-03-28T15:00:00Z,0.087,-1.268,0.649,-0.192,-0.725
2019-03-28T15:15:00Z,0.087,-1.268,0.649,-0.192,-0.725
2019-03-28T15:30:00Z,0.087,-1.268,0.649,-0.192,-0.725
2019-03-28T15:45:00Z,0.087,-1.268,0.649,-0.192,-0.725
2019-03-28T16:00:00Z,0.022,-0.535,0.704,-0.515,-0.324
2019-03-28T16:15:00Z,0.022,-0.535,0.704,-0.515,-0.324
2019-03-28T16:30:00Z,0.022,-0.535,0.704,-0.515,-0.324
2019-03-28T16:45:00Z,0.022,-0.535,0.704,-0.515,-0.324
2019-03-28T17:00:00Z,-0.128,-0.198,0.704,-1.085,-0.707
2019-03-28T17:15:00Z,-0.128,-0.198,0.704,-1.085,-0.707
2019-03-28T17:30:00Z,-0.128,-0.198,0.704,-1.085,-0.707
2019-03-28T17:45:00Z,-0.128,-0.198,0.704,-1.085,-0.707
2019-03-28T18:00:00Z,-0.086,-0.041,0.704,-1.085,-0.509
2019-03-28T18:15:00Z,-0.086,-0.041,0.704,-1.085,-0.509
2019-03-28T18:30:00Z,-0.086,-0.041,0.704,-1.085,-0.509
2019-03-28T18:45:00Z,-0.086,-0.041,0.704,-1.085,-0.509
2019-03-28T19:00:00Z,-0.327,-0.172,0.704,-1.085,-0.88
2019-03-28T19:15:00Z,-0.327,-0.172,0.704,-1.085,-0.88
2019-03-28T19:30:00Z,-0.327,-0.172,0.704,-1.085,-0.88
2019-03-28T19:45:00Z,-0.327,-0.172,0.704,-1.085,-0.88
2019-03-28T20:00:00Z,-0.232,-0.816,0.694,-1.083,-1.436
2019-03-28T20:15:00Z,-0.232,-0.816,0.694,-1.083,-1.436
2019-03-28T20:30:00Z,-0.232,-0.816,0.694,-1.083,-1.436
2019-03-28T20:45:00Z,-0.232,-0.816,0.694,-1.083,-1.436
2019-03-28T21:00:00Z,-0.739,-0.923,0.459,-1.02,-2.224
2019-03-28T21:15:00Z,-0.739,-0.923,0.459,-1.02,-2.224
2019-03-28T21:30:00Z,-0.739,-0.923,0.459,-1.02,-2.224
2019-03-28T21:45:00Z,-0.739,-0.923,0.459,-1.02,-2.224
2019-03-28T22:00:00Z,-1.137,-0.722,0.201,-0.922,-2.58
2019-03-28T22:15:00Z,-1.137,-0.722,0.201,-0.922,-2.58
2019-03-28T22:30:00Z,-1.137,-0.722,0.201,-0.922,-2.58
2019-03-28T22:45:00Z,-1.137,-0.722,0.201,-0.922,-2.58
2019-03-28T23:00:00Z,-1.228,-0.468,0.018,-0.924,-2.602
2019-03-28T23:15:00Z,-1.228,-0.468,0.018,-0.924,-2.602
2019-03-28T23:30:00Z,-1.228,-0.468,0.018,-0.924,-2.602
2019-03-28T23:45:00Z,-1.228,-0.468,0.018,-0.924,-2.602
2019-03-29T00:00:00Z,-1.087,0.186,-0.552,-0.896,-2.349
2019-03-29T00:15:00Z,-1.087,0.186,-0.552,-0.896,-2.349
2019-03-29T00:30:00Z,-1.087,0.186,-0.552,-0.896,-2.349
2019-03-29T00:45:00Z,-1.087,0.186,-0.552,-0.896,-2.349
2019-03-29T01:00:00Z,-0.955,0.062,-0.568,-0.896,-2.357
2019-03-29T01:15:00Z,-0.955,0.062,-0.568,-0.896,-2.357
2019-03-29T01:30:00Z,-0.955,0.062,-0.568,-0.896,-2.357
2019-03-29T01:45:00Z,-0.955,0.062,-0.568,-0.896,-2.357
2019-03-29T02:00:00Z,-0.665,-0.148,-0.575,-0.896,-2.283
2019-03-29T02:15:00Z,-0.665,-0.148,-0.575,-0.896,-2.283
2019-03-29T02:30:00Z,-0.665,-0.148,-0.575,-0.896,-2.283
2019-03-29T02:45:00Z,-0.665,-0.148,-0.575,-0.896,-2.283
2019-03-29T03:00:00Z,-0.562,-0.69,-0.4,-0.896,-2.547
2019-03-29T03:15:00Z,-0.562,-0.69,-0.4,-0.896,-2.547
2019-03-29T03:30:00Z,-0.562,-0.69,-0.4,-0.896,-2.547
2019-03-29T03:45:00Z,-0.562,-0.69,-0.4,-0.896,-2.547
2019-03-29T04:00:00Z,-1.017,-0.845,0.132,-0.879,-2.609
2019-03-29T04:15:00Z,-1.017,-0.845,0.132,-0.879,-2.609
2019-03-29T04:30:00Z,-1.017,-0.845,0.132,-0.879,-2.609
2019-03-29T04:45:00Z,-1.017,-0.845,0.132,-0.879,-2.609
2019-03-29T05:00:00Z,-1.433,-0.995,0.692,-0.542,-2.278
2019-03-29T05:15:00Z,-1.433,-0.995,0.692,-0.542,-2.278
2019-03-29T05:30:00Z,-1.433,-0.995,0.692,-0.542,-2.278
2019-03-29T05:45:00Z,-1.433,-0.995,0.692,-0.542,-2.278
2019-03-29T06:00:00Z,-1.294,0.251,0.704,-1.024,-1.364
2019-03-29T06:15:00Z,-1.294,0.251,0.704,-1.024,-1.364
2019-03-29T06:30:00Z,-1.294,0.251,0.704,-1.024,-1.364
2019-03-29T06:45:00Z,-1.294,0.251,0.704,-1.024,-1.364
2019-03-29T07:00:00Z,-1.324,0.504,0.704,-1.027,-1.143
2019-03-29T07:15:00Z,-1.324,0.504,0.704,-1.027,-1.143
2019-03-29T07:30:00Z,-1.324,0.504,0.704,-1.027,-1.143
2019-03-29T07:45:00Z,-1.324,0.504,0.704,-1.027,-1.143
2019-03-29T08:00:00Z,-1.244,-0.052,0.666,-1.085,-1.715
2019-03-29T08:15:00Z,-1.244,-0.052,0.666,-1.085,-1.715
2019-03-29T08:30:00Z,-1.244,-0.052,0.666,-1.085,-1.715
2019-03-29T08:45:00Z,-1.244,-0.052,0.666,-1.085,-1.715
2019-03-29T09:00:00Z,-0.919,-0.179,0.078,-1.086,-2.105
2019-03-29T09:15:00Z,-0.919,-0.179,0.078,-1.086,-2.105
2019-03-29T09:30:00Z,-0.919,-0.179,0.078,-1.086,-2.105
2019-03-29T09:45:00Z,-0.919,-0.179,0.078,-1.086,-2.105
2019-03-29T10:00:00Z,-0.674,0.416,-0.511,-1.086,-1.854
2019-03-29T10:15:00Z,-0.674,0.416,-0.511,-1.086,-1.854
2019-03-29T10:30:00Z,-0.674,0.416,-0.511,-1.086,-1.854
2019-03-29T10:45:00Z,-0.674,0.416,-0.511,-1.086,-1.854
2019-03-29T11:00:00Z,-0.363,0.708,-0.73,-1.084,-1.468
2019-03-29T11:15:00Z,-0.363,0.708,-0.73,-1.084,-1.468
2019-03-29T11:30:00Z,-0.363,0.708,-0.73,-1.084,-1.468
2019-03-29T11:45:00Z,-0.363,0.708,-0.73,-1.084,-1.468
2019-03-29T12:00:00Z,-0.272,0.921,-0.73,-1.025,-1.106
2019-03-29T12:15:00Z,-0.272,0.921,-0.73,-1.025,-1.106
2019-03-29T12:30:00Z,-0.272,0.921,-0.73,-1.025,-1.106
2019-03-29T12:45:00Z,-0.272,0.921,-0.73,-1.025,-1.106
2019-03-29T13:00:00Z,-0.094,0.771,-0.726,-1.025,-1.074
2019-03-29T13:15:00Z,-0.094,0.771,-0.726,-1.025,-1.074
2019-03-29T13:30:00Z,-0.094,0.771,-0.726,-1.025,-1.074
2019-03-29T13:45:00Z,-0.094,0.771,-0.726,-1.025,-1.074
2019-03-29T14:00:00Z,-0.071,0.342,-0.562,-1.025,-1.316
2019-03-29T14:15:00Z,-0.071,0.342,-0.562,-1.025,-1.316
2019-03-29T14:30:00Z,-0.071,0.342,-0.562,-1.025,-1.316
2019-03-29T14:45:00Z,-0.071,0.342,-0.562,-1.025,-1.316
2019-03-29T15:00:00Z,-0.066,-0.564,0,-1.025,-1.655
2019-03-29T15:15:00Z,-0.066,-0.564,0,-1.025,-1.655
2019-03-29T15:30:00Z,-0.066,-0.564,0,-1.025,-1.655
2019-03-29T15:45:00Z,-0.066,-0.564,0,-1.025,-1.655
2019-03-29T16:00:00Z,-0.172,-0.555,0,-1.027,-1.754
2019-03-29T16:15:00Z,-0.172,-0.555,0,-1.027,-1.754
2019-03-29T16:30:00Z,-0.172,-0.555,0,-1.027,-1.754
2019-03-29T16:45:00Z,-0.172,-0.555,0,-1.027,-1.754
2019-03-29T17:00:00Z,-0.193,-0.819,0,-1.086,-2.097
2019-03-29T17:15:00Z,-0.193,-0.819,0,-1.086,-2.097
2019-03-29T17:30:00Z,-0.193,-0.819,0,-1.086,-2.097
2019-03-29T17:45:00Z,-0.193,-0.819,0,-1.086,-2.097
2019-03-29T18:00:00Z,-0.01,0.04,0.021,-1.085,-1.034
2019-03-29T18:15:00Z,-0.01,0.04,0.021,-1.085,-1.034
2019-03-29T18:30:00Z,-0.01,0.04,0.021,-1.085,-1.034
2019-03-29T18:45:00Z,-0.01,0.04,0.021,-1.085,-1.034
2019-03-29T19:00:00Z,-0.118,0.299,0.054,-1.086,-0.85
2019-03-29T19:15:00Z,-0.118,0.299,0.054,-1.086,-0.85
2019-03-29T19:30:00Z,-0.118,0.299,0.054,-1.086,-0.85
2019-03-29T19:45:00Z,-0.118,0.299,0.054,-1.086,-0.85
2019-03-29T20:00:00Z,-0.23,-0.614,0.395,-1.087,-1.535
2019-03-29T20:15:00Z,-0.23,-0.614,0.395,-1.087,-1.535
2019-03-29T20:30:00Z,-0.23,-0.614,0.395,-1.087,-1.535
2019-03-29T20:45:00Z,-0.23,-0.614,0.395,-1.087,-1.535
2019-03-29T21:00:00Z,-0.506,-0.04,0.425,-1.025,-1.147
2019-03-29T21:15:00Z,-0.506,-0.04,0.425,-1.025,-1.147
2019-03-29T21:30:00Z,-0.506,-0.04,0.425,-1.025,-1.147
2019-03-29T21:45:00Z,-0.506,-0.04,0.425,-1.025,-1.147
2019-03-29T22:00:00Z,-1.011,0.597,0.393,-1.023,-1.044
2019-03-29T22:15:00Z,-1.011,0.597,0.393,-1.023,-1.044
2019-03-29T22:30:00Z,-1.011,0.597,0.393,-1.023,-1.044
2019-03-29T22:45:00Z,-1.011,0.597,0.393,-1.023,-1.044
2019-03-29T23:00:00Z,-0.755,1.497,-0.133,-0.974,-0.365
2019-03-29T23:15:00Z,-0.755,1.497,-0.133,-0.974,-0.365
2019-03-29T23:30:00Z,-0.755,1.497,-0.133,-0.974,-0.365
2019-03-29T23:45:00Z,-0.755,1.497,-0.133,-0.974,-0.365
2019-03-30T00:00:00Z,-0.527,2.124,-0.435,-0.951,0.211
2019-03-30T00:15:00Z,-0.527,2.124,-0.435,-0.951,0.211
2019-03-30T00:30:00Z,-0.527,2.124,-0.435,-0.951,0.211
2019-03-30T00:45:00Z,-0.527,2.124,-0.435,-0.951,0.211
2019-03-30T01:00:00Z,-0.045,2.533,-0.435,-0.95,1.103
2019-03-30T01:15:00Z,-0.045,2.533,-0.435,-0.95,1.103
2019-03-30T01:30:00Z,-0.045,2.533,-0.435,-0.95,1.103
2019-03-30T01:45:00Z,-0.045,2.533,-0.435,-0.95,1.103
2019-03-30T02:00:00Z,0.47,2.272,-0.435,-0.927,1.38
2019-03-30T02:15:00Z,0.47,2.272,-0.435,-0.927,1.38
2019-03-30T02:30:00Z,0.47,2.272,-0.435,-0.927,1.38
2019-03-30T02:45:00Z,0.47,2.272,-0.435,-0.927,1.38
2019-03-30T03:00:00Z,0.593,1.858,-0.435,-0.926,1.09
2019-03-30T03:15:00Z,0.593,1.858,-0.435,-0.926,1.09
2019-03-30T03:30:00Z,0.593,1.858,-0.435,-0.926,1.09
2019-03-30T03:45:00Z,0.593,1.858,-0.435,-0.926,1.09
2019-03-30T04:00:00Z,0.337,2.146,-0.435,-0.927,1.122
2019-03-30T04:15:00Z,0.337,2.146,-0.435,-0.927,1.122
2019-03-30T04:30:00Z,0.337,2.146,-0.435,-0.927,1.122
2019-03-30T04:45:00Z,0.337,2.146,-0.435,-0.927,1.122
2019-03-30T05:00:00Z,0.052,2.358,-0.435,-0.951,1.025
2019-03-30T05:15:00Z,0.052,2.358,-0.435,-0.951,1.025
2019-03-30T05:30:00Z,0.052,2.358,-0.435,-0.951,1.025
2019-03-30T05:45:00Z,0.052,2.358,-0.435,-0.951,1.025
2019-03-30T06:00:00Z,-0.014,2.484,-0.435,-0.956,1.079
2019-03-30T06:15:00Z,-0.014,2.484,-0.435,-0.956,1.079
2019-03-30T06:30:00Z,-0.014,2.484,-0.435,-0.956,1.079
2019-03-30T06:45:00Z,-0.014,2.484,-0.435,-0.956,1.079
2019-03-30T07:00:00Z,-0.051,2.596,-0.435,-0.976,1.134
2019-03-30T07:15:00Z,-0.051,2.596,-0.435,-0.976,1.134
2019-03-30T07:30:00Z,-0.051,2.596,-0.435,-0.976,1.134
2019-03-30T07:45:00Z,-0.051,2.596,-0.435,-0.976,1.134
2019-03-30T08:00:00Z,0.1,2.674,-0.435,-1.001,1.339
2019-03-30T08:15:00Z,0.1,2.674,-0.435,-1.001,1.339
2019-03-30T08:30:00Z,0.1,2.674,-0.435,-1.001,1.339
2019-03-30T08:45:00Z,0.1,2.674,-0.435,-1.001,1.339
2019-03-30T09:00:00Z,0.188,2.492,-0.435,-1.001,1.244
2019-03-30T09:15:00Z,0.188,2.492,-0.435,-1.001,1.244
2019-03-30T09:30:00Z,0.188,2.492,-0.435,-1.001,1.244
2019-03-30T09:45:00Z,0.188,2.492,-0.435,-1.001,1.244
2019-03-30T10:00:00Z,0.196,2.016,-0.435,-1,0.777
2019-03-30T10:15:00Z,0.196,2.016,-0.435,-1,0.777
2019-03-30T10:30:00Z,0.196,2.016,-0.435,-1,0.777
2019-03-30T10:45:00Z,0.196,2.016,-0.435,-1,0.777
2019-03-30T11:00:00Z,-0.027,1.863,-0.435,-0.976,0.425
2019-03-30T11:15:00Z,-0.027,1.863,-0.435,-0.976,0.425
2019-03-30T11:30:00Z,-0.027,1.863,-0.435,-0.976,0.425
2019-03-30T11:45:00Z,-0.027,1.863,-0.435,-0.976,0.425
2019-03-30T12:00:00Z,0.161,1.932,-0.435,-0.977,0.681
2019-03-30T12:15:00Z,0.161,1.932,-0.435,-0.977,0.681
2019-03-30T12:30:00Z,0.161,1.932,-0.435,-0.977,0.681
2019-03-30T12:45:00Z,0.161,1.932,-0.435,-0.977,0.681
2019-03-30T13:00:00Z,0.235,1.83,-0.435,-1,0.63
2019-03-30T13:15:00Z,0.235,1.83,-0.435,-1,0.63
2019-03-30T13:30:00Z,0.235,1.83,-0.435,-1,0.63
2019-03-30T13:45:00Z,0.235,1.83,-0.435,-1,0.63
2019-03-30T14:00:00Z,0.488,2.021,-0.435,-1,1.074
2019-03-30T14:15:00Z,0.488,2.021,-0.435,-1,1.074
2019-03-30T14:30:00Z,0.488,2.021,-0.435,-1,1.074
2019-03-30T14:45:00Z,0.488,2.021,-0.435,-1,1.074
2019-03-30T15:00:00Z,0.391,2.236,-0.403,-1,1.224
2019-03-30T15:15:00Z,0.391,2.236,-0.403,-1,1.224
2019-03-30T15:30:00Z,0.391,2.236,-0.403,-1,1.224
2019-03-30T15:45:00Z,0.391,2.236,-0.403,-1,1.224
2019-03-30T16:00:00Z,0.377,1.9,0.101,-1.004,1.374
2019-03-30T16:15:00Z,0.377,1.9,0.101,-1.004,1.374
2019-03-30T16:30:00Z,0.377,1.9,0.101,-1.004,1.374
2019-03-30T16:45:00Z,0.377,1.9,0.101,-1.004,1.374
2019-03-30T17:00:00Z,0.347,1.721,0.424,-1.087,1.405
2019-03-30T17:15:00Z,0.347,1.721,0.424,-1.087,1.405
2019-03-30T17:30:00Z,0.347,1.721,0.424,-1.087,1.405
2019-03-30T17:45:00Z,0.347,1.721,0.424,-1.087,1.405
2019-03-30T18:00:00Z,-0.126,2.616,0.425,-1.087,1.827
2019-03-30T18:15:00Z,-0.126,2.616,0.425,-1.087,1.827
2019-03-30T18:30:00Z,-0.126,2.616,0.425,-1.087,1.827
2019-03-30T18:45:00Z,-0.126,2.616,0.425,-1.087,1.827
2019-03-30T19:00:00Z,-0.874,3.28,0.425,-1.087,1.744
2019-03-30T19:15:00Z,-0.874,3.28,0.425,-1.087,1.744
2019-03-30T19:30:00Z,-0.874,3.28,0.425,-1.087,1.744
2019-03-30T19:45:00Z,-0.874,3.28,0.425,-1.087,1.744
2019-03-30T20:00:00Z,-0.933,3.184,0.421,-1.084,1.589
2019-03-30T20:15:00Z,-0.933,3.184,0.421,-1.084,1.589
2019-03-30T20:30:00Z,-0.933,3.184,0.421,-1.084,1.589
2019-03-30T20:45:00Z,-0.933,3.184,0.421,-1.084,1.589
2019-03-30T21:00:00Z,-1.357,3.163,0.315,-1.026,1.095
2019-03-30T21:15:00Z,-1.357,3.163,0.315,-1.026,1.095
2019-03-30T21:30:00Z,-1.357,3.163,0.315,-1.026,1.095
2019-03-30T21:45:00Z,-1.357,3.163,0.315,-1.026,1.095
2019-03-30T22:00:00Z,-1.711,4.306,-0.217,-1.024,1.355
2019-03-30T22:15:00Z,-1.711,4.306,-0.217,-1.024,1.355
2019-03-30T22:30:00Z,-1.711,4.306,-0.217,-1.024,1.355
2019-03-30T22:45:00Z,-1.711,4.306,-0.217,-1.024,1.355
2019-03-30T23:00:00Z,-1.483,4.237,0.023,-0.973,1.805
2019-03-30T23:15:00Z,-1.483,4.237,0.023,-0.973,1.805
2019-03-30T23:30:00Z,-1.483,4.237,0.023,-0.973,1.805
2019-03-30T23:45:00Z,-1.483,4.237,0.023,-0.973,1.805
2019-03-31T00:00:00Z,-1.163,3.492,-0.382,-0.925,1.021
2019-03-31T00:15:00Z,-1.163,3.492,-0.382,-0.925,1.021
2019-03-31T00:30:00Z,-1.163,3.492,-0.382,-0.925,1.021
2019-03-31T00:45:00Z,-1.163,3.492,-0.382,-0.925,1.021
2019-03-31T01:00:00Z,-0.802,3.592,-0.157,-0.925,1.709
2019-03-31T01:15:00Z,-0.802,3.592,-0.157,-0.925,1.709
2019-03-31T01:30:00Z,-0.802,3.592,-0.157,-0.925,1.709
2019-03-31T01:45:00Z,-0.802,3.592,-0.157,-0.925,1.709
2019-03-31T02:00:00Z,-0.374,3.703,0.081,-0.922,2.487
2019-03-31T02:15:00Z,-0.374,3.703,0.081,-0.922,2.487
2019-03-31T02:30:00Z,-0.374,3.703,0.081,-0.922,2.487
2019-03-31T02:45:00Z,-0.374,3.703,0.081,-0.922,2.487
2019-03-31T03:00:00Z,-0.081,3.492,-0.301,-0.841,2.269
2019-03-31T03:15:00Z,-0.081,3.492,-0.301,-0.841,2.269
2019-03-31T03:30:00Z,-0.081,3.492,-0.301,-0.841,2.269
2019-03-31T03:45:00Z,-0.081,3.492,-0.301,-0.841,2.269
2019-03-31T04:00:00Z,-0.165,3.285,-0.431,-0.718,1.971
2019-03-31T04:15:00Z,-0.165,3.285,-0.431,-0.718,1.971
2019-03-31T04:30:00Z,-0.165,3.285,-0.431,-0.718,1.971
2019-03-31T04:45:00Z,-0.165,3.285,-0.431,-0.718,1.971
2019-03-31T05:00:00Z,-0.01,3.058,-0.381,-0.423,2.243
2019-03-31T05:15:00Z,-0.01,3.058,-0.381,-0.423,2.243
2019-03-31T05:30:00Z,-0.01,3.058,-0.381,-0.423,2.243
2019-03-31T05:45:00Z,-0.01,3.058,-0.381,-0.423,2.243
2019-03-31T06:00:00Z,0.155,2.957,-0.375,-0.613,2.124
2019-03-31T06:15:00Z,0.155,2.957,-0.375,-0.613,2.124
2019-03-31T06:30:00Z,0.155,2.957,-0.375,-0.613,2.124
2019-03-31T06:45:00Z,0.155,2.957,-0.375,-0.613,2.124
2019-03-31T07:00:00Z,0.322,2.872,-0.077,-0.531,2.587
2019-03-31T07:15:00Z,0.322,2.872,-0.077,-0.531,2.587
2019-03-31T07:30:00Z,0.322,2.872,-0.077,-0.531,2.587
2019-03-31T07:45:00Z,0.322,2.872,-0.077,-0.531,2.587
2019-03-31T08:00:00Z,0.462,2.884,-0.107,-0.869,2.37
2019-03-31T08:15:00Z,0.462,2.884,-0.107,-0.869,2.37
2019-03-31T08:30:00Z,0.462,2.884,-0.107,-0.869,2.37
2019-03-31T08:45:00Z,0.462,2.884,-0.107,-0.869,2.37
2019-03-31T09:00:00Z,0.543,2.491,-0.433,-0.975,1.626
2019-03-31T09:15:00Z,0.543,2.491,-0.433,-0.975,1.626
2019-03-31T09:30:00Z,0.543,2.491,-0.433,-0.975,1.626
2019-03-31T09:45:00Z,0.543,2.491,-0.433,-0.975,1.626
2019-03-31T10:00:00Z,0.555,2.84,-0.434,-0.974,1.987
2019-03-31T10:15:00Z,0.555,2.84,-0.434,-0.974,1.987
2019-03-31T10:30:00Z,0.555,2.84,-0.434,-0.974,1.987
2019-03-31T10:45:00Z,0.555,2.84,-0.434,-0.974,1.987
2019-03-31T11:00:00Z,0.274,2.424,-0.434,-0.946,1.317
2019-03-31T11:15:00Z,0.274,2.424,-0.434,-0.946,1.317
2019-03-31T11:30:00Z,0.274,2.424,-0.434,-0.946,1.317
2019-03-31T11:45:00Z,0.274,2.424,-0.434,-0.946,1.317
2019-03-31T12:00:00Z,0.496,2.267,-0.434,-0.945,1.384
2019-03-31T12:15:00Z,0.496,2.267,-0.434,-0.945,1.384
2019-03-31T12:30:00Z,0.496,2.267,-0.434,-0.945,1.384
2019-03-31T12:45:00Z,0.496,2.267,-0.434,-0.945,1.384
2019-03-31T13:00:00Z,0.605,2.46,-0.434,-0.946,1.685
2019-03-31T13:15:00Z,0.605,2.46,-0.434,-0.946,1.685
2019-03-31T13:30:00Z,0.605,2.46,-0.434,-0.946,1.685
2019-03-31T13:45:00Z,0.605,2.46,-0.434,-0.946,1.685
2019-03-31T14:00:00Z,1.036,1.793,-0.434,-0.977,1.419
2019-03-31T14:15:00Z,1.036,1.793,-0.434,-0.977,1.419
2019-03-31T14:30:00Z,1.036,1.793,-0.434,-0.977,1.419
2019-03-31T14:45:00Z,1.036,1.793,-0.434,-0.977,1.419
2019-03-31T15:00:00Z,1.678,2.464,-0.434,-1.025,2.683
2019-03-31T15:15:00Z,1.678,2.464,-0.434,-1.025,2.683
2019-03-31T15:30:00Z,1.678,2.464,-0.434,-1.025,2.683
2019-03-31T15:45:00Z,1.678,2.464,-0.434,-1.025,2.683
2019-03-31T16:00:00Z,1.804,3.066,-0.429,-1.028,3.413
2019-03-31T16:15:00Z,1.804,3.066,-0.429,-1.028,3.413
2019-03-31T16:30:00Z,1.804,3.066,-0.429,-1.028,3.413
2019-03-31T16:45:00Z,1.804,3.066,-0.429,-1.028,3.413
2019-03-31T17:00:00Z,1.294,2.802,-0.269,-1.086,2.741
2019-03-31T17:15:00Z,1.294,2.802,-0.269,-1.086,2.741
2019-03-31T17:30:00Z,1.294,2.802,-0.269,-1.086,2.741
2019-03-31T17:45:00Z,1.294,2.802,-0.269,-1.086,2.741
2019-03-31T18:00:00Z,0.822,3.59,0.298,-1.086,3.624
2019-03-31T18:15:00Z,0.822,3.59,0.298,-1.086,3.624
2019-03-31T18:30:00Z,0.822,3.59,0.298,-1.086,3.624
2019-03-31T18:45:00Z,0.822,3.59,0.298,-1.086,3.624
2019-03-31T19:00:00Z,0.208,3.404,0.421,-1.086,2.946
2019-03-31T19:15:00Z,0.208,3.404,0.421,-1.086,2.946
2019-03-31T19:30:00Z,0.208,3.404,0.421,-1.086,2.946
2019-03-31T19:45:00Z,0.208,3.404,0.421,-1.086,2.946
2019-03-31T20:00:00Z,0.223,3.455,0.324,-1.084,2.919
2019-03-31T20:15:00Z,0.223,3.455,0.324,-1.084,2.919
2019-03-31T20:30:00Z,0.223,3.455,0.324,-1.084,2.919
2019-03-31T20:45:00Z,0.223,3.455,0.324,-1.084,2.919
2019-03-31T21:00:00Z,0.043,3.228,0.13,-1.023,2.377
2019-03-31T21:15:00Z,0.043,3.228,0.13,-1.023,2.377
2019-03-31T21:30:00Z,0.043,3.228,0.13,-1.023,2.377
2019-03-31T21:45:00Z,0.043,3.228,0.13,-1.023,2.377
2019-03-31T22:00:00Z,0.921,2.719,-0.426,-0.871,2.342
2019-03-31T22:15:00Z,0.921,2.719,-0.426,-0.871,2.342
2019-03-31T22:30:00Z,0.921,2.719,-0.426,-0.871,2.342
2019-03-31T22:45:00Z,0.921,2.719,-0.426,-0.871,2.342
2019-03-31T23:00:00Z,1.381,2.236,-0.434,-0.8,2.383
2019-03-31T23:15:00Z,1.381,2.236,-0.434,-0.8,2.383
2019-03-31T23:30:00Z,1.381,2.236,-0.434,-0.8,2.383
2019-03-31T23:45:00Z,1.381,2.236,-0.434,-0.8,2.383
