tijdstip_utc,belgium,denmark,germany,norway,united_kingdom,sum
2020-11-01T00:00:00Z,-0.183,0,1.453,0.494,0.663,2.427
2020-11-01T00:15:00Z,-0.183,0,1.453,0.494,0.663,2.427
2020-11-01T00:30:00Z,-0.183,0,1.453,0.494,0.663,2.427
2020-11-01T00:45:00Z,-0.183,0,1.453,0.494,0.663,2.427
2020-11-01T01:00:00Z,0.64,0,1.493,0.494,0.093,2.72
2020-11-01T01:15:00Z,0.64,0,1.493,0.494,0.093,2.72
2020-11-01T01:30:00Z,0.64,0,1.493,0.494,0.093,2.72
2020-11-01T01:45:00Z,0.64,0,1.493,0.494,0.093,2.72
2020-11-01T02:00:00Z,1.714,0,0.577,0.494,-0.001,2.785
2020-11-01T02:15:00Z,1.714,0,0.577,0.494,-0.001,2.785
2020-11-01T02:30:00Z,1.714,0,0.577,0.494,-0.001,2.785
2020-11-01T02:45:00Z,1.714,0,0.577,0.494,-0.001,2.785
2020-11-01T03:00:00Z,1.826,0,-0.453,0.494,0.382,2.25
2020-11-01T03:15:00Z,1.826,0,-0.453,0.494,0.382,2.25
2020-11-01T03:30:00Z,1.826,0,-0.453,0.494,0.382,2.25
2020-11-01T03:45:00Z,1.826,0,-0.453,0.494,0.382,2.25
2020-11-01T04:00:00Z,2.158,0,-0.893,0.48,0.441,2.186
2020-11-01T04:15:00Z,2.158,0,-0.893,0.48,0.441,2.186
2020-11-01T04:30:00Z,2.158,0,-0.893,0.48,0.441,2.186
2020-11-01T04:45:00Z,2.158,0,-0.893,0.48,0.441,2.186
2020-11-01T05:00:00Z,2.244,0,-0.757,0.463,0.577,2.527
2020-11-01T05:15:00Z,2.244,0,-0.757,0.463,0.577,2.527
2020-11-01T05:30:00Z,2.244,0,-0.757,0.463,0.577,2.527
2020-11-01T05:45:00Z,2.244,0,-0.757,0.463,0.577,2.527
2020-11-01T06:00:00Z,2.252,0,-0.576,0.495,0.647,2.818
2020-11-01T06:15:00Z,2.252,0,-0.576,0.495,0.647,2.818
2020-11-01T06:30:00Z,2.252,0,-0.576,0.495,0.647,2.818
2020-11-01T06:45:00Z,2.252,0,-0.576,0.495,0.647,2.818
2020-11-01T07:00:00Z,2.368,0,-0.397,0.495,0.628,3.094
2020-11-01T07:15:00Z,2.368,0,-0.397,0.495,0.628,3.094
2020-11-01T07:30:00Z,2.368,0,-0.397,0.495,0.628,3.094
2020-11-01T07:45:00Z,2.368,0,-0.397,0.495,0.628,3.094
2020-11-01T08:00:00Z,2.452,0,-0.158,0.494,0.18,2.969
2020-11-01T08:15:00Z,2.452,0,-0.158,0.494,0.18,2.969
2020-11-01T08:30:00Z,2.452,0,-0.158,0.494,0.18,2.969
2020-11-01T08:45:00Z,2.452,0,-0.158,0.494,0.18,2.969
2020-11-01T09:00:00Z,1.826,0,-0.593,0.494,0.673,2.4
2020-11-01T09:15:00Z,1.826,0,-0.593,0.494,0.673,2.4
2020-11-01T09:30:00Z,1.826,0,-0.593,0.494,0.673,2.4
2020-11-01T09:45:00Z,1.826,0,-0.593,0.494,0.673,2.4
2020-11-01T10:00:00Z,1.526,0,-0.156,0.494,0.338,2.203
2020-11-01T10:15:00Z,1.526,0,-0.156,0.494,0.338,2.203
2020-11-01T10:30:00Z,1.526,0,-0.156,0.494,0.338,2.203
2020-11-01T10:45:00Z,1.526,0,-0.156,0.494,0.338,2.203
2020-11-01T11:00:00Z,1.313,0,0.523,0.494,-0.155,2.176
2020-11-01T11:15:00Z,1.313,0,0.523,0.494,-0.155,2.176
2020-11-01T11:30:00Z,1.313,0,0.523,0.494,-0.155,2.176
2020-11-01T11:45:00Z,1.313,0,0.523,0.494,-0.155,2.176
2020-11-01T12:00:00Z,1.322,0,0.896,0.494,-0.768,1.945
2020-11-01T12:15:00Z,1.322,0,0.896,0.494,-0.768,1.945
2020-11-01T12:30:00Z,1.322,0,0.896,0.494,-0.768,1.945
2020-11-01T12:45:00Z,1.322,0,0.896,0.494,-0.768,1.945
2020-11-01T13:00:00Z,1.335,0,0.847,0.494,-0.762,1.913
2020-11-01T13:15:00Z,1.335,0,0.847,0.494,-0.762,1.913
2020-11-01T13:30:00Z,1.335,0,0.847,0.494,-0.762,1.913
2020-11-01T13:45:00Z,1.335,0,0.847,0.494,-0.762,1.913
2020-11-01T14:00:00Z,1.068,0,0.935,0.494,-0.544,1.953
2020-11-01T14:15:00Z,1.068,0,0.935,0.494,-0.544,1.953
2020-11-01T14:30:00Z,1.068,0,0.935,0.494,-0.544,1.953
2020-11-01T14:45:00Z,1.068,0,0.935,0.494,-0.544,1.953
2020-11-01T15:00:00Z,0.851,0,1.119,0.494,-0.778,1.687
2020-11-01T15:15:00Z,0.851,0,1.119,0.494,-0.778,1.687
2020-11-01T15:30:00Z,0.851,0,1.119,0.494,-0.778,1.687
2020-11-01T15:45:00Z,0.851,0,1.119,0.494,-0.778,1.687
2020-11-01T16:00:00Z,0.421,0,1.515,0.494,-0.639,1.791
2020-11-01T16:15:00Z,0.421,0,1.515,0.494,-0.639,1.791
2020-11-01T16:30:00Z,0.421,0,1.515,0.494,-0.639,1.791
2020-11-01T16:45:00Z,0.421,0,1.515,0.494,-0.639,1.791
2020-11-01T17:00:00Z,-0.04,0,1.796,0.494,-1.012,1.238
2020-11-01T17:15:00Z,-0.04,0,1.796,0.494,-1.012,1.238
2020-11-01T17:30:00Z,-0.04,0,1.796,0.494,-1.012,1.238
2020-11-01T17:45:00Z,-0.04,0,1.796,0.494,-1.012,1.238
2020-11-01T18:00:00Z,-0.101,0,1.703,0.494,-0.879,1.218
2020-11-01T18:15:00Z,-0.101,0,1.703,0.494,-0.879,1.218
2020-11-01T18:30:00Z,-0.101,0,1.703,0.494,-0.879,1.218
2020-11-01T18:45:00Z,-0.101,0,1.703,0.494,-0.879,1.218
2020-11-01T19:00:00Z,-0.178,0,1.429,0.494,-0.742,1.004
2020-11-01T19:15:00Z,-0.178,0,1.429,0.494,-0.742,1.004
2020-11-01T19:30:00Z,-0.178,0,1.429,0.494,-0.742,1.004
2020-11-01T19:45:00Z,-0.178,0,1.429,0.494,-0.742,1.004
2020-11-01T20:00:00Z,0.188,0,1.052,0.494,-0.749,0.984
2020-11-01T20:15:00Z,0.188,0,1.052,0.494,-0.749,0.984
2020-11-01T20:30:00Z,0.188,0,1.052,0.494,-0.749,0.984
2020-11-01T20:45:00Z,0.188,0,1.052,0.494,-0.749,0.984
2020-11-01T21:00:00Z,0.075,0,0.944,0.494,-0.643,0.87
2020-11-01T21:15:00Z,0.075,0,0.944,0.494,-0.643,0.87
2020-11-01T21:30:00Z,0.075,0,0.944,0.494,-0.643,0.87
2020-11-01T21:45:00Z,0.075,0,0.944,0.494,-0.643,0.87
2020-11-01T22:00:00Z,-0.947,0,1.243,0.494,0.114,0.904
2020-11-01T22:15:00Z,-0.947,0,1.243,0.494,0.114,0.904
2020-11-01T22:30:00Z,-0.947,0,1.243,0.494,0.114,0.904
2020-11-01T22:45:00Z,-0.947,0,1.243,0.494,0.114,0.904
2020-11-01T23:00:00Z,-0.68,0,1.045,0.479,0.264,1.108
2020-11-01T23:15:00Z,-0.68,0,1.045,0.479,0.264,1.108
2020-11-01T23:30:00Z,-0.68,0,1.045,0.479,0.264,1.108
2020-11-01T23:45:00Z,-0.68,0,1.045,0.479,0.264,1.108
2020-11-02T00:00:00Z,0.096,0,1.164,0.158,-0.394,1.025
2020-11-02T00:15:00Z,0.096,0,1.164,0.158,-0.394,1.025
2020-11-02T00:30:00Z,0.096,0,1.164,0.158,-0.394,1.025
2020-11-02T00:45:00Z,0.096,0,1.164,0.158,-0.394,1.025
2020-11-02T01:00:00Z,0.281,0,1.039,-0.114,-0.141,1.066
2020-11-02T01:15:00Z,0.281,0,1.039,-0.114,-0.141,1.066
2020-11-02T01:30:00Z,0.281,0,1.039,-0.114,-0.141,1.066
2020-11-02T01:45:00Z,0.281,0,1.039,-0.114,-0.141,1.066
2020-11-02T02:00:00Z,1.161,0,0.14,-0.685,0.597,1.212
2020-11-02T02:15:00Z,1.161,0,0.14,-0.685,0.597,1.212
2020-11-02T02:30:00Z,1.161,0,0.14,-0.685,0.597,1.212
2020-11-02T02:45:00Z,1.161,0,0.14,-0.685,0.597,1.212
2020-11-02T03:00:00Z,1.018,0,0.51,-0.692,0.534,1.37
2020-11-02T03:15:00Z,1.018,0,0.51,-0.692,0.534,1.37
2020-11-02T03:30:00Z,1.018,0,0.51,-0.692,0.534,1.37
2020-11-02T03:45:00Z,1.018,0,0.51,-0.692,0.534,1.37
2020-11-02T04:00:00Z,0.934,0,0.308,-0.089,0.503,1.656
2020-11-02T04:15:00Z,0.934,0,0.308,-0.089,0.503,1.656
2020-11-02T04:30:00Z,0.934,0,0.308,-0.089,0.503,1.656
2020-11-02T04:45:00Z,0.934,0,0.308,-0.089,0.503,1.656
2020-11-02T05:00:00Z,1.037,0,0.141,0.482,0.329,1.988
2020-11-02T05:15:00Z,1.037,0,0.141,0.482,0.329,1.988
2020-11-02T05:30:00Z,1.037,0,0.141,0.482,0.329,1.988
2020-11-02T05:45:00Z,1.037,0,0.141,0.482,0.329,1.988
2020-11-02T06:00:00Z,0.363,0,1.068,0.494,-0.2,1.724
2020-11-02T06:15:00Z,0.363,0,1.068,0.494,-0.2,1.724
2020-11-02T06:30:00Z,0.363,0,1.068,0.494,-0.2,1.724
2020-11-02T06:45:00Z,0.363,0,1.068,0.494,-0.2,1.724
2020-11-02T07:00:00Z,-0.148,0,1.63,0.494,-0.493,1.483
2020-11-02T07:15:00Z,-0.148,0,1.63,0.494,-0.493,1.483
2020-11-02T07:30:00Z,-0.148,0,1.63,0.494,-0.493,1.483
2020-11-02T07:45:00Z,-0.148,0,1.63,0.494,-0.493,1.483
2020-11-02T08:00:00Z,-0.271,0,1.939,0.493,-0.892,1.269
2020-11-02T08:15:00Z,-0.271,0,1.939,0.493,-0.892,1.269
2020-11-02T08:30:00Z,-0.271,0,1.939,0.493,-0.892,1.269
2020-11-02T08:45:00Z,-0.271,0,1.939,0.493,-0.892,1.269
2020-11-02T09:00:00Z,-0.172,0,1.798,0.494,-1.018,1.102
2020-11-02T09:15:00Z,-0.172,0,1.798,0.494,-1.018,1.102
2020-11-02T09:30:00Z,-0.172,0,1.798,0.494,-1.018,1.102
2020-11-02T09:45:00Z,-0.172,0,1.798,0.494,-1.018,1.102
2020-11-02T10:00:00Z,-0.269,0,1.73,0.494,-1.017,0.937
2020-11-02T10:15:00Z,-0.269,0,1.73,0.494,-1.017,0.937
2020-11-02T10:30:00Z,-0.269,0,1.73,0.494,-1.017,0.937
2020-11-02T10:45:00Z,-0.269,0,1.73,0.494,-1.017,0.937
2020-11-02T11:00:00Z,-0.337,0,1.658,0.494,-0.997,0.817
2020-11-02T11:15:00Z,-0.337,0,1.658,0.494,-0.997,0.817
2020-11-02T11:30:00Z,-0.337,0,1.658,0.494,-0.997,0.817
2020-11-02T11:45:00Z,-0.337,0,1.658,0.494,-0.997,0.817
2020-11-02T12:00:00Z,-0.377,0,1.73,0.494,-1.009,0.838
2020-11-02T12:15:00Z,-0.377,0,1.73,0.494,-1.009,0.838
2020-11-02T12:30:00Z,-0.377,0,1.73,0.494,-1.009,0.838
2020-11-02T12:45:00Z,-0.377,0,1.73,0.494,-1.009,0.838
2020-11-02T13:00:00Z,-0.223,0,1.55,0.494,-0.798,1.023
2020-11-02T13:15:00Z,-0.223,0,1.55,0.494,-0.798,1.023
2020-11-02T13:30:00Z,-0.223,0,1.55,0.494,-0.798,1.023
2020-11-02T13:45:00Z,-0.223,0,1.55,0.494,-0.798,1.023
2020-11-02T14:00:00Z,-0.379,0,1.708,0.494,-0.98,0.843
2020-11-02T14:15:00Z,-0.379,0,1.708,0.494,-0.98,0.843
2020-11-02T14:30:00Z,-0.379,0,1.708,0.494,-0.98,0.843
2020-11-02T14:45:00Z,-0.379,0,1.708,0.494,-0.98,0.843
2020-11-02T15:00:00Z,-0.563,0,1.64,0.494,-0.152,1.419
2020-11-02T15:15:00Z,-0.563,0,1.64,0.494,-0.152,1.419
2020-11-02T15:30:00Z,-0.563,0,1.64,0.494,-0.152,1.419
2020-11-02T15:45:00Z,-0.563,0,1.64,0.494,-0.152,1.419
2020-11-02T16:00:00Z,-1.243,0,2.84,0.494,-0.2,1.891
2020-11-02T16:15:00Z,-1.243,0,2.84,0.494,-0.2,1.891
2020-11-02T16:30:00Z,-1.243,0,2.84,0.494,-0.2,1.891
2020-11-02T16:45:00Z,-1.243,0,2.84,0.494,-0.2,1.891
2020-11-02T17:00:00Z,-1.784,0,3.024,0.495,-1.018,0.717
2020-11-02T17:15:00Z,-1.784,0,3.024,0.495,-1.018,0.717
2020-11-02T17:30:00Z,-1.784,0,3.024,0.495,-1.018,0.717
2020-11-02T17:45:00Z,-1.784,0,3.024,0.495,-1.018,0.717
2020-11-02T18:00:00Z,-2.054,0,2.877,0.494,-1.017,0.3
2020-11-02T18:15:00Z,-2.054,0,2.877,0.494,-1.017,0.3
2020-11-02T18:30:00Z,-2.054,0,2.877,0.494,-1.017,0.3
2020-11-02T18:45:00Z,-2.054,0,2.877,0.494,-1.017,0.3
2020-11-02T19:00:00Z,-1.832,0,2.63,0.494,-1.002,0.29
2020-11-02T19:15:00Z,-1.832,0,2.63,0.494,-1.002,0.29
2020-11-02T19:30:00Z,-1.832,0,2.63,0.494,-1.002,0.29
2020-11-02T19:45:00Z,-1.832,0,2.63,0.494,-1.002,0.29
2020-11-02T20:00:00Z,-1.805,0,2.578,0.494,-1.011,0.255
2020-11-02T20:15:00Z,-1.805,0,2.578,0.494,-1.011,0.255
2020-11-02T20:30:00Z,-1.805,0,2.578,0.494,-1.011,0.255
2020-11-02T20:45:00Z,-1.805,0,2.578,0.494,-1.011,0.255
2020-11-02T21:00:00Z,-2.08,0,2.227,0.492,-0.831,-0.192
2020-11-02T21:15:00Z,-2.08,0,2.227,0.492,-0.831,-0.192
2020-11-02T21:30:00Z,-2.08,0,2.227,0.492,-0.831,-0.192
2020-11-02T21:45:00Z,-2.08,0,2.227,0.492,-0.831,-0.192
2020-11-02T22:00:00Z,-2.155,0,2.168,0.455,-0.32,0.149
2020-11-02T22:15:00Z,-2.155,0,2.168,0.455,-0.32,0.149
2020-11-02T22:30:00Z,-2.155,0,2.168,0.455,-0.32,0.149
2020-11-02T22:45:00Z,-2.155,0,2.168,0.455,-0.32,0.149
2020-11-02T23:00:00Z,-1.279,0,1.201,0.494,-0,0.415
2020-11-02T23:15:00Z,-1.279,0,1.201,0.494,-0,0.415
2020-11-02T23:30:00Z,-1.279,0,1.201,0.494,-0,0.415
2020-11-02T23:45:00Z,-1.279,0,1.201,0.494,-0,0.415
2020-11-03T00:00:00Z,-0.92,0,0.94,0.494,0.243,0.758
2020-11-03T00:15:00Z,-0.92,0,0.94,0.494,0.243,0.758
2020-11-03T00:30:00Z,-0.92,0,0.94,0.494,0.243,0.758
2020-11-03T00:45:00Z,-0.92,0,0.94,0.494,0.243,0.758
2020-11-03T01:00:00Z,-0.396,0,0.738,0.494,0.271,1.108
2020-11-03T01:15:00Z,-0.396,0,0.738,0.494,0.271,1.108
2020-11-03T01:30:00Z,-0.396,0,0.738,0.494,0.271,1.108
2020-11-03T01:45:00Z,-0.396,0,0.738,0.494,0.271,1.108
2020-11-03T02:00:00Z,-0.037,0,0.693,0.494,0.276,1.426
2020-11-03T02:15:00Z,-0.037,0,0.693,0.494,0.276,1.426
2020-11-03T02:30:00Z,-0.037,0,0.693,0.494,0.276,1.426
2020-11-03T02:45:00Z,-0.037,0,0.693,0.494,0.276,1.426
2020-11-03T03:00:00Z,-0.08,0,0.974,0.494,0.257,1.646
2020-11-03T03:15:00Z,-0.08,0,0.974,0.494,0.257,1.646
2020-11-03T03:30:00Z,-0.08,0,0.974,0.494,0.257,1.646
2020-11-03T03:45:00Z,-0.08,0,0.974,0.494,0.257,1.646
2020-11-03T04:00:00Z,-0.616,0,1.679,0.494,0.142,1.7
2020-11-03T04:15:00Z,-0.616,0,1.679,0.494,0.142,1.7
2020-11-03T04:30:00Z,-0.616,0,1.679,0.494,0.142,1.7
2020-11-03T04:45:00Z,-0.616,0,1.679,0.494,0.142,1.7
2020-11-03T05:00:00Z,-0.691,0,1.38,0.495,-0.576,0.607
2020-11-03T05:15:00Z,-0.691,0,1.38,0.495,-0.576,0.607
2020-11-03T05:30:00Z,-0.691,0,1.38,0.495,-0.576,0.607
2020-11-03T05:45:00Z,-0.691,0,1.38,0.495,-0.576,0.607
2020-11-03T06:00:00Z,-1.027,0,1.534,0.494,-1.007,-0.005
2020-11-03T06:15:00Z,-1.027,0,1.534,0.494,-1.007,-0.005
2020-11-03T06:30:00Z,-1.027,0,1.534,0.494,-1.007,-0.005
2020-11-03T06:45:00Z,-1.027,0,1.534,0.494,-1.007,-0.005
2020-11-03T07:00:00Z,-1.283,0,1.706,0.493,-0.749,0.167
2020-11-03T07:15:00Z,-1.283,0,1.706,0.493,-0.749,0.167
2020-11-03T07:30:00Z,-1.283,0,1.706,0.493,-0.749,0.167
2020-11-03T07:45:00Z,-1.283,0,1.706,0.493,-0.749,0.167
2020-11-03T08:00:00Z,-1.14,0,0.84,0.493,-1.018,-0.824
2020-11-03T08:15:00Z,-1.14,0,0.84,0.493,-1.018,-0.824
2020-11-03T08:30:00Z,-1.14,0,0.84,0.493,-1.018,-0.824
2020-11-03T08:45:00Z,-1.14,0,0.84,0.493,-1.018,-0.824
2020-11-03T09:00:00Z,-1.003,0,-0.409,0.493,-1.018,-1.936
2020-11-03T09:15:00Z,-1.003,0,-0.409,0.493,-1.018,-1.936
2020-11-03T09:30:00Z,-1.003,0,-0.409,0.493,-1.018,-1.936
2020-11-03T09:45:00Z,-1.003,0,-0.409,0.493,-1.018,-1.936
2020-11-03T10:00:00Z,-0.989,0,-1.298,0.493,-1.018,-2.812
2020-11-03T10:15:00Z,-0.989,0,-1.298,0.493,-1.018,-2.812
2020-11-03T10:30:00Z,-0.989,0,-1.298,0.493,-1.018,-2.812
2020-11-03T10:45:00Z,-0.989,0,-1.298,0.493,-1.018,-2.812
2020-11-03T11:00:00Z,-0.934,0,-1.694,0.493,-1.018,-3.153
2020-11-03T11:15:00Z,-0.934,0,-1.694,0.493,-1.018,-3.153
2020-11-03T11:30:00Z,-0.934,0,-1.694,0.493,-1.018,-3.153
2020-11-03T11:45:00Z,-0.934,0,-1.694,0.493,-1.018,-3.153
2020-11-03T12:00:00Z,-0.649,0,-1.66,0.493,-1.018,-2.834
2020-11-03T12:15:00Z,-0.649,0,-1.66,0.493,-1.018,-2.834
2020-11-03T12:30:00Z,-0.649,0,-1.66,0.493,-1.018,-2.834
2020-11-03T12:45:00Z,-0.649,0,-1.66,0.493,-1.018,-2.834
2020-11-03T13:00:00Z,-0.332,0,-1.629,0.493,-0.985,-2.453
2020-11-03T13:15:00Z,-0.332,0,-1.629,0.493,-0.985,-2.453
2020-11-03T13:30:00Z,-0.332,0,-1.629,0.493,-0.985,-2.453
2020-11-03T13:45:00Z,-0.332,0,-1.629,0.493,-0.985,-2.453
2020-11-03T14:00:00Z,-0.245,0,-2.306,0.494,-0.215,-2.272
2020-11-03T14:15:00Z,-0.245,0,-2.306,0.494,-0.215,-2.272
2020-11-03T14:30:00Z,-0.245,0,-2.306,0.494,-0.215,-2.272
2020-11-03T14:45:00Z,-0.245,0,-2.306,0.494,-0.215,-2.272
2020-11-03T15:00:00Z,-0.128,0,-1.628,0.494,-0,-1.262
2020-11-03T15:15:00Z,-0.128,0,-1.628,0.494,-0,-1.262
2020-11-03T15:30:00Z,-0.128,0,-1.628,0.494,-0,-1.262
2020-11-03T15:45:00Z,-0.128,0,-1.628,0.494,-0,-1.262
2020-11-03T16:00:00Z,-0.455,0,0.362,0.493,-0.972,-0.573
2020-11-03T16:15:00Z,-0.455,0,0.362,0.493,-0.972,-0.573
2020-11-03T16:30:00Z,-0.455,0,0.362,0.493,-0.972,-0.573
2020-11-03T16:45:00Z,-0.455,0,0.362,0.493,-0.972,-0.573
2020-11-03T17:00:00Z,-1.072,0,0.722,0.494,-1.018,-0.875
2020-11-03T17:15:00Z,-1.072,0,0.722,0.494,-1.018,-0.875
2020-11-03T17:30:00Z,-1.072,0,0.722,0.494,-1.018,-0.875
2020-11-03T17:45:00Z,-1.072,0,0.722,0.494,-1.018,-0.875
2020-11-03T18:00:00Z,-1.628,0,0.845,0.493,-1.018,-1.308
2020-11-03T18:15:00Z,-1.628,0,0.845,0.493,-1.018,-1.308
2020-11-03T18:30:00Z,-1.628,0,0.845,0.493,-1.018,-1.308
2020-11-03T18:45:00Z,-1.628,0,0.845,0.493,-1.018,-1.308
2020-11-03T19:00:00Z,-1.985,0,1.462,0.493,-1.018,-1.049
2020-11-03T19:15:00Z,-1.985,0,1.462,0.493,-1.018,-1.049
2020-11-03T19:30:00Z,-1.985,0,1.462,0.493,-1.018,-1.049
2020-11-03T19:45:00Z,-1.985,0,1.462,0.493,-1.018,-1.049
2020-11-03T20:00:00Z,-1.658,0,1.449,0.493,-1.018,-0.734
2020-11-03T20:15:00Z,-1.658,0,1.449,0.493,-1.018,-0.734
2020-11-03T20:30:00Z,-1.658,0,1.449,0.493,-1.018,-0.734
2020-11-03T20:45:00Z,-1.658,0,1.449,0.493,-1.018,-0.734
2020-11-03T21:00:00Z,-1.793,0,1.741,0.494,-1.018,-0.576
2020-11-03T21:15:00Z,-1.793,0,1.741,0.494,-1.018,-0.576
2020-11-03T21:30:00Z,-1.793,0,1.741,0.494,-1.018,-0.576
2020-11-03T21:45:00Z,-1.793,0,1.741,0.494,-1.018,-0.576
2020-11-03T22:00:00Z,-2.027,0,1.763,0.494,-1.012,-0.782
2020-11-03T22:15:00Z,-2.027,0,1.763,0.494,-1.012,-0.782
2020-11-03T22:30:00Z,-2.027,0,1.763,0.494,-1.012,-0.782
2020-11-03T22:45:00Z,-2.027,0,1.763,0.494,-1.012,-0.782
2020-11-03T23:00:00Z,-2.086,0,1.869,0.494,-0.874,-0.597
2020-11-03T23:15:00Z,-2.086,0,1.869,0.494,-0.874,-0.597
2020-11-03T23:30:00Z,-2.086,0,1.869,0.494,-0.874,-0.597
2020-11-03T23:45:00Z,-2.086,0,1.869,0.494,-0.874,-0.597
2020-11-04T00:00:00Z,-2.033,0,1.615,0.493,-0.873,-0.798
2020-11-04T00:15:00Z,-2.033,0,1.615,0.493,-0.873,-0.798
2020-11-04T00:30:00Z,-2.033,0,1.615,0.493,-0.873,-0.798
2020-11-04T00:45:00Z,-2.033,0,1.615,0.493,-0.873,-0.798
2020-11-04T01:00:00Z,-1.875,0,1.507,0.494,-0.873,-0.747
2020-11-04T01:15:00Z,-1.875,0,1.507,0.494,-0.873,-0.747
2020-11-04T01:30:00Z,-1.875,0,1.507,0.494,-0.873,-0.747
2020-11-04T01:45:00Z,-1.875,0,1.507,0.494,-0.873,-0.747
2020-11-04T02:00:00Z,-1.844,0,1.454,0.494,-0.873,-0.77
2020-11-04T02:15:00Z,-1.844,0,1.454,0.494,-0.873,-0.77
2020-11-04T02:30:00Z,-1.844,0,1.454,0.494,-0.873,-0.77
2020-11-04T02:45:00Z,-1.844,0,1.454,0.494,-0.873,-0.77
2020-11-04T03:00:00Z,-1.839,0,1.48,0.494,-0.873,-0.738
2020-11-04T03:15:00Z,-1.839,0,1.48,0.494,-0.873,-0.738
2020-11-04T03:30:00Z,-1.839,0,1.48,0.494,-0.873,-0.738
2020-11-04T03:45:00Z,-1.839,0,1.48,0.494,-0.873,-0.738
2020-11-04T04:00:00Z,-1.865,0,1.977,0.494,-0.865,-0.259
2020-11-04T04:15:00Z,-1.865,0,1.977,0.494,-0.865,-0.259
2020-11-04T04:30:00Z,-1.865,0,1.977,0.494,-0.865,-0.259
2020-11-04T04:45:00Z,-1.865,0,1.977,0.494,-0.865,-0.259
2020-11-04T05:00:00Z,-1.912,0,1.707,0.493,-0.688,-0.399
2020-11-04T05:15:00Z,-1.912,0,1.707,0.493,-0.688,-0.399
2020-11-04T05:30:00Z,-1.912,0,1.707,0.493,-0.688,-0.399
2020-11-04T05:45:00Z,-1.912,0,1.707,0.493,-0.688,-0.399
2020-11-04T06:00:00Z,-1.879,0,2.128,0.493,-0.727,0.015
2020-11-04T06:15:00Z,-1.879,0,2.128,0.493,-0.727,0.015
2020-11-04T06:30:00Z,-1.879,0,2.128,0.493,-0.727,0.015
2020-11-04T06:45:00Z,-1.879,0,2.128,0.493,-0.727,0.015
2020-11-04T07:00:00Z,-1.739,0,1.568,0.493,-0.001,0.321
2020-11-04T07:15:00Z,-1.739,0,1.568,0.493,-0.001,0.321
2020-11-04T07:30:00Z,-1.739,0,1.568,0.493,-0.001,0.321
2020-11-04T07:45:00Z,-1.739,0,1.568,0.493,-0.001,0.321
2020-11-04T08:00:00Z,-1.608,0,2.049,0.494,-0.973,-0.038
2020-11-04T08:15:00Z,-1.608,0,2.049,0.494,-0.973,-0.038
2020-11-04T08:30:00Z,-1.608,0,2.049,0.494,-0.973,-0.038
2020-11-04T08:45:00Z,-1.608,0,2.049,0.494,-0.973,-0.038
2020-11-04T09:00:00Z,-1.631,0,1.347,0.494,-1.018,-0.808
2020-11-04T09:15:00Z,-1.631,0,1.347,0.494,-1.018,-0.808
2020-11-04T09:30:00Z,-1.631,0,1.347,0.494,-1.018,-0.808
2020-11-04T09:45:00Z,-1.631,0,1.347,0.494,-1.018,-0.808
2020-11-04T10:00:00Z,-1.458,0,1.011,0.493,-1.018,-0.972
2020-11-04T10:15:00Z,-1.458,0,1.011,0.493,-1.018,-0.972
2020-11-04T10:30:00Z,-1.458,0,1.011,0.493,-1.018,-0.972
2020-11-04T10:45:00Z,-1.458,0,1.011,0.493,-1.018,-0.972
2020-11-04T11:00:00Z,-1.304,0,0.75,0.494,-1.018,-1.079
2020-11-04T11:15:00Z,-1.304,0,0.75,0.494,-1.018,-1.079
2020-11-04T11:30:00Z,-1.304,0,0.75,0.494,-1.018,-1.079
2020-11-04T11:45:00Z,-1.304,0,0.75,0.494,-1.018,-1.079
2020-11-04T12:00:00Z,-1.015,0,0.279,0.494,-1.012,-1.254
2020-11-04T12:15:00Z,-1.015,0,0.279,0.494,-1.012,-1.254
2020-11-04T12:30:00Z,-1.015,0,0.279,0.494,-1.012,-1.254
2020-11-04T12:45:00Z,-1.015,0,0.279,0.494,-1.012,-1.254
2020-11-04T13:00:00Z,-0.753,0,-0.241,0.493,-0.873,-1.374
2020-11-04T13:15:00Z,-0.753,0,-0.241,0.493,-0.873,-1.374
2020-11-04T13:30:00Z,-0.753,0,-0.241,0.493,-0.873,-1.374
2020-11-04T13:45:00Z,-0.753,0,-0.241,0.493,-0.873,-1.374
2020-11-04T14:00:00Z,-0.175,0,0.327,0.494,-1.013,-0.368
2020-11-04T14:15:00Z,-0.175,0,0.327,0.494,-1.013,-0.368
2020-11-04T14:30:00Z,-0.175,0,0.327,0.494,-1.013,-0.368
2020-11-04T14:45:00Z,-0.175,0,0.327,0.494,-1.013,-0.368
2020-11-04T15:00:00Z,-0.011,0,1.203,0.494,-0.918,0.767
2020-11-04T15:15:00Z,-0.011,0,1.203,0.494,-0.918,0.767
2020-11-04T15:30:00Z,-0.011,0,1.203,0.494,-0.918,0.767
2020-11-04T15:45:00Z,-0.011,0,1.203,0.494,-0.918,0.767
2020-11-04T16:00:00Z,-0.263,0,2.6,0.493,-1.013,1.816
2020-11-04T16:15:00Z,-0.263,0,2.6,0.493,-1.013,1.816
2020-11-04T16:30:00Z,-0.263,0,2.6,0.493,-1.013,1.816
2020-11-04T16:45:00Z,-0.263,0,2.6,0.493,-1.013,1.816
2020-11-04T17:00:00Z,-1.207,0,2.921,0.494,-1.018,1.19
2020-11-04T17:15:00Z,-1.207,0,2.921,0.494,-1.018,1.19
2020-11-04T17:30:00Z,-1.207,0,2.921,0.494,-1.018,1.19
2020-11-04T17:45:00Z,-1.207,0,2.921,0.494,-1.018,1.19
2020-11-04T18:00:00Z,-1.645,0,2.95,0.494,-1.018,0.78
2020-11-04T18:15:00Z,-1.645,0,2.95,0.494,-1.018,0.78
2020-11-04T18:30:00Z,-1.645,0,2.95,0.494,-1.018,0.78
2020-11-04T18:45:00Z,-1.645,0,2.95,0.494,-1.018,0.78
2020-11-04T19:00:00Z,-1.753,-0,2.411,0.494,-1.019,0.133
2020-11-04T19:15:00Z,-1.753,-0,2.411,0.494,-1.019,0.133
2020-11-04T19:30:00Z,-1.753,-0,2.411,0.494,-1.019,0.133
2020-11-04T19:45:00Z,-1.753,-0,2.411,0.494,-1.019,0.133
2020-11-04T20:00:00Z,-1.647,-0,2.569,0.494,-1.018,0.398
2020-11-04T20:15:00Z,-1.647,-0,2.569,0.494,-1.018,0.398
2020-11-04T20:30:00Z,-1.647,-0,2.569,0.494,-1.018,0.398
2020-11-04T20:45:00Z,-1.647,-0,2.569,0.494,-1.018,0.398
2020-11-04T21:00:00Z,-2.045,0,3.197,0.493,-1.019,0.626
2020-11-04T21:15:00Z,-2.045,0,3.197,0.493,-1.019,0.626
2020-11-04T21:30:00Z,-2.045,0,3.197,0.493,-1.019,0.626
2020-11-04T21:45:00Z,-2.045,0,3.197,0.493,-1.019,0.626
2020-11-04T22:00:00Z,-2.182,0,3.425,0.494,-1.019,0.718
2020-11-04T22:15:00Z,-2.182,0,3.425,0.494,-1.019,0.718
2020-11-04T22:30:00Z,-2.182,0,3.425,0.494,-1.019,0.718
2020-11-04T22:45:00Z,-2.182,0,3.425,0.494,-1.019,0.718
2020-11-04T23:00:00Z,-2.115,0,3.137,0.494,-1.017,0.498
2020-11-04T23:15:00Z,-2.115,0,3.137,0.494,-1.017,0.498
2020-11-04T23:30:00Z,-2.115,0,3.137,0.494,-1.017,0.498
2020-11-04T23:45:00Z,-2.115,0,3.137,0.494,-1.017,0.498
2020-11-05T00:00:00Z,-2.061,-0,3.094,0.493,-0.962,0.565
2020-11-05T00:15:00Z,-2.061,-0,3.094,0.493,-0.962,0.565
2020-11-05T00:30:00Z,-2.061,-0,3.094,0.493,-0.962,0.565
2020-11-05T00:45:00Z,-2.061,-0,3.094,0.493,-0.962,0.565
2020-11-05T01:00:00Z,-1.771,0,3.266,0.494,-0.738,1.252
2020-11-05T01:15:00Z,-1.771,0,3.266,0.494,-0.738,1.252
2020-11-05T01:30:00Z,-1.771,0,3.266,0.494,-0.738,1.252
2020-11-05T01:45:00Z,-1.771,0,3.266,0.494,-0.738,1.252
2020-11-05T02:00:00Z,-1.292,0,3.052,0.494,-0.623,1.63
2020-11-05T02:15:00Z,-1.292,0,3.052,0.494,-0.623,1.63
2020-11-05T02:30:00Z,-1.292,0,3.052,0.494,-0.623,1.63
2020-11-05T02:45:00Z,-1.292,0,3.052,0.494,-0.623,1.63
2020-11-05T03:00:00Z,-1.184,0,2.414,0.494,-0.001,1.723
2020-11-05T03:15:00Z,-1.184,0,2.414,0.494,-0.001,1.723
2020-11-05T03:30:00Z,-1.184,0,2.414,0.494,-0.001,1.723
2020-11-05T03:45:00Z,-1.184,0,2.414,0.494,-0.001,1.723
2020-11-05T04:00:00Z,-1.84,0,1.649,0.493,0.092,0.395
2020-11-05T04:15:00Z,-1.84,0,1.649,0.493,0.092,0.395
2020-11-05T04:30:00Z,-1.84,0,1.649,0.493,0.092,0.395
2020-11-05T04:45:00Z,-1.84,0,1.649,0.493,0.092,0.395
2020-11-05T05:00:00Z,-1.845,0,2.059,0.494,-0.524,0.184
2020-11-05T05:15:00Z,-1.845,0,2.059,0.494,-0.524,0.184
2020-11-05T05:30:00Z,-1.845,0,2.059,0.494,-0.524,0.184
2020-11-05T05:45:00Z,-1.845,0,2.059,0.494,-0.524,0.184
2020-11-05T06:00:00Z,-1.714,0,2.426,0.493,-0.336,0.869
2020-11-05T06:15:00Z,-1.714,0,2.426,0.493,-0.336,0.869
2020-11-05T06:30:00Z,-1.714,0,2.426,0.493,-0.336,0.869
2020-11-05T06:45:00Z,-1.714,0,2.426,0.493,-0.336,0.869
2020-11-05T07:00:00Z,-2.231,0,2.922,0.494,-0.326,0.859
2020-11-05T07:15:00Z,-2.231,0,2.922,0.494,-0.326,0.859
2020-11-05T07:30:00Z,-2.231,0,2.922,0.494,-0.326,0.859
2020-11-05T07:45:00Z,-2.231,0,2.922,0.494,-0.326,0.859
2020-11-05T08:00:00Z,-2.055,0,2.576,0.494,-0.873,0.143
2020-11-05T08:15:00Z,-2.055,0,2.576,0.494,-0.873,0.143
2020-11-05T08:30:00Z,-2.055,0,2.576,0.494,-0.873,0.143
2020-11-05T08:45:00Z,-2.055,0,2.576,0.494,-0.873,0.143
2020-11-05T09:00:00Z,-1.904,0,2.063,0.494,-1.012,-0.358
2020-11-05T09:15:00Z,-1.904,0,2.063,0.494,-1.012,-0.358
2020-11-05T09:30:00Z,-1.904,0,2.063,0.494,-1.012,-0.358
2020-11-05T09:45:00Z,-1.904,0,2.063,0.494,-1.012,-0.358
2020-11-05T10:00:00Z,-1.735,0,1.283,0.494,-0.86,-0.818
2020-11-05T10:15:00Z,-1.735,0,1.283,0.494,-0.86,-0.818
2020-11-05T10:30:00Z,-1.735,0,1.283,0.494,-0.86,-0.818
2020-11-05T10:45:00Z,-1.735,0,1.283,0.494,-0.86,-0.818
2020-11-05T11:00:00Z,-1.609,0,1.162,0.494,-0.726,-0.679
2020-11-05T11:15:00Z,-1.609,0,1.162,0.494,-0.726,-0.679
2020-11-05T11:30:00Z,-1.609,0,1.162,0.494,-0.726,-0.679
2020-11-05T11:45:00Z,-1.609,0,1.162,0.494,-0.726,-0.679
2020-11-05T12:00:00Z,-1.014,0,1.655,0.494,-0.896,0.239
2020-11-05T12:15:00Z,-1.014,0,1.655,0.494,-0.896,0.239
2020-11-05T12:30:00Z,-1.014,0,1.655,0.494,-0.896,0.239
2020-11-05T12:45:00Z,-1.014,0,1.655,0.494,-0.896,0.239
2020-11-05T13:00:00Z,-0.607,0,1.639,0.494,-1.012,0.514
2020-11-05T13:15:00Z,-0.607,0,1.639,0.494,-1.012,0.514
2020-11-05T13:30:00Z,-0.607,0,1.639,0.494,-1.012,0.514
2020-11-05T13:45:00Z,-0.607,0,1.639,0.494,-1.012,0.514
2020-11-05T14:00:00Z,0.126,0,1.603,0.494,-0.87,1.353
2020-11-05T14:15:00Z,0.126,0,1.603,0.494,-0.87,1.353
2020-11-05T14:30:00Z,0.126,0,1.603,0.494,-0.87,1.353
2020-11-05T14:45:00Z,0.126,0,1.603,0.494,-0.87,1.353
2020-11-05T15:00:00Z,0.523,0,1.858,0.494,-0.942,1.934
2020-11-05T15:15:00Z,0.523,0,1.858,0.494,-0.942,1.934
2020-11-05T15:30:00Z,0.523,0,1.858,0.494,-0.942,1.934
2020-11-05T15:45:00Z,0.523,0,1.858,0.494,-0.942,1.934
2020-11-05T16:00:00Z,0.202,0,2.755,0.494,-0.74,2.711
2020-11-05T16:15:00Z,0.202,0,2.755,0.494,-0.74,2.711
2020-11-05T16:30:00Z,0.202,0,2.755,0.494,-0.74,2.711
2020-11-05T16:45:00Z,0.202,0,2.755,0.494,-0.74,2.711
2020-11-05T17:00:00Z,-0.796,-0,2.591,0.494,-0.76,1.529
2020-11-05T17:15:00Z,-0.796,-0,2.591,0.494,-0.76,1.529
2020-11-05T17:30:00Z,-0.796,-0,2.591,0.494,-0.76,1.529
2020-11-05T17:45:00Z,-0.796,-0,2.591,0.494,-0.76,1.529
2020-11-05T18:00:00Z,-0.942,0,2.646,0.495,-1.018,1.181
2020-11-05T18:15:00Z,-0.942,0,2.646,0.495,-1.018,1.181
2020-11-05T18:30:00Z,-0.942,0,2.646,0.495,-1.018,1.181
2020-11-05T18:45:00Z,-0.942,0,2.646,0.495,-1.018,1.181
2020-11-05T19:00:00Z,-0.546,0,2.109,0.495,-1.018,1.039
2020-11-05T19:15:00Z,-0.546,0,2.109,0.495,-1.018,1.039
2020-11-05T19:30:00Z,-0.546,0,2.109,0.495,-1.018,1.039
2020-11-05T19:45:00Z,-0.546,0,2.109,0.495,-1.018,1.039
2020-11-05T20:00:00Z,-0.651,0,2.043,0.495,-1.019,0.869
2020-11-05T20:15:00Z,-0.651,0,2.043,0.495,-1.019,0.869
2020-11-05T20:30:00Z,-0.651,0,2.043,0.495,-1.019,0.869
2020-11-05T20:45:00Z,-0.651,0,2.043,0.495,-1.019,0.869
2020-11-05T21:00:00Z,-1.239,0,2.356,0.494,-1.019,0.592
2020-11-05T21:15:00Z,-1.239,0,2.356,0.494,-1.019,0.592
2020-11-05T21:30:00Z,-1.239,0,2.356,0.494,-1.019,0.592
2020-11-05T21:45:00Z,-1.239,0,2.356,0.494,-1.019,0.592
2020-11-05T22:00:00Z,-1.768,-0,2.407,0.494,-1.019,0.115
2020-11-05T22:15:00Z,-1.768,-0,2.407,0.494,-1.019,0.115
2020-11-05T22:30:00Z,-1.768,-0,2.407,0.494,-1.019,0.115
2020-11-05T22:45:00Z,-1.768,-0,2.407,0.494,-1.019,0.115
2020-11-05T23:00:00Z,-1.619,-0,2.571,0.494,-1.018,0.428
2020-11-05T23:15:00Z,-1.619,-0,2.571,0.494,-1.018,0.428
2020-11-05T23:30:00Z,-1.619,-0,2.571,0.494,-1.018,0.428
2020-11-05T23:45:00Z,-1.619,-0,2.571,0.494,-1.018,0.428
2020-11-06T00:00:00Z,-1.069,-0,2.091,0.494,-0.998,0.518
2020-11-06T00:15:00Z,-1.069,-0,2.091,0.494,-0.998,0.518
2020-11-06T00:30:00Z,-1.069,-0,2.091,0.494,-0.998,0.518
2020-11-06T00:45:00Z,-1.069,-0,2.091,0.494,-0.998,0.518
2020-11-06T01:00:00Z,-0.874,-0,2.271,0.495,-0.998,0.894
2020-11-06T01:15:00Z,-0.874,-0,2.271,0.495,-0.998,0.894
2020-11-06T01:30:00Z,-0.874,-0,2.271,0.495,-0.998,0.894
2020-11-06T01:45:00Z,-0.874,-0,2.271,0.495,-0.998,0.894
2020-11-06T02:00:00Z,-0.317,-0,2.087,0.495,-0.999,1.266
2020-11-06T02:15:00Z,-0.317,-0,2.087,0.495,-0.999,1.266
2020-11-06T02:30:00Z,-0.317,-0,2.087,0.495,-0.999,1.266
2020-11-06T02:45:00Z,-0.317,-0,2.087,0.495,-0.999,1.266
2020-11-06T03:00:00Z,-0.468,-0,1.844,0.494,-0.998,0.873
2020-11-06T03:15:00Z,-0.468,-0,1.844,0.494,-0.998,0.873
2020-11-06T03:30:00Z,-0.468,-0,1.844,0.494,-0.998,0.873
2020-11-06T03:45:00Z,-0.468,-0,1.844,0.494,-0.998,0.873
2020-11-06T04:00:00Z,-0.232,-0,0.91,0.494,-0.875,0.297
2020-11-06T04:15:00Z,-0.232,-0,0.91,0.494,-0.875,0.297
2020-11-06T04:30:00Z,-0.232,-0,0.91,0.494,-0.875,0.297
2020-11-06T04:45:00Z,-0.232,-0,0.91,0.494,-0.875,0.297
2020-11-06T05:00:00Z,-0.29,-0,-0.194,0.494,-0.001,0.01
2020-11-06T05:15:00Z,-0.29,-0,-0.194,0.494,-0.001,0.01
2020-11-06T05:30:00Z,-0.29,-0,-0.194,0.494,-0.001,0.01
2020-11-06T05:45:00Z,-0.29,-0,-0.194,0.494,-0.001,0.01
2020-11-06T06:00:00Z,0.229,-0,0.833,0.494,-0.566,0.991
2020-11-06T06:15:00Z,0.229,-0,0.833,0.494,-0.566,0.991
2020-11-06T06:30:00Z,0.229,-0,0.833,0.494,-0.566,0.991
2020-11-06T06:45:00Z,0.229,-0,0.833,0.494,-0.566,0.991
2020-11-06T07:00:00Z,0.615,-0,1.417,0.494,-1.018,1.508
2020-11-06T07:15:00Z,0.615,-0,1.417,0.494,-1.018,1.508
2020-11-06T07:30:00Z,0.615,-0,1.417,0.494,-1.018,1.508
2020-11-06T07:45:00Z,0.615,-0,1.417,0.494,-1.018,1.508
2020-11-06T08:00:00Z,0.597,-0,1.34,0.494,-1.018,1.413
2020-11-06T08:15:00Z,0.597,-0,1.34,0.494,-1.018,1.413
2020-11-06T08:30:00Z,0.597,-0,1.34,0.494,-1.018,1.413
2020-11-06T08:45:00Z,0.597,-0,1.34,0.494,-1.018,1.413
2020-11-06T09:00:00Z,0.795,0,0.266,0.495,-1.018,0.538
2020-11-06T09:15:00Z,0.795,0,0.266,0.495,-1.018,0.538
2020-11-06T09:30:00Z,0.795,0,0.266,0.495,-1.018,0.538
2020-11-06T09:45:00Z,0.795,0,0.266,0.495,-1.018,0.538
2020-11-06T10:00:00Z,0.777,-0,-0.44,0.495,-1.016,-0.185
2020-11-06T10:15:00Z,0.777,-0,-0.44,0.495,-1.016,-0.185
2020-11-06T10:30:00Z,0.777,-0,-0.44,0.495,-1.016,-0.185
2020-11-06T10:45:00Z,0.777,-0,-0.44,0.495,-1.016,-0.185
2020-11-06T11:00:00Z,0.828,-0,-1.094,0.494,-0.951,-0.722
2020-11-06T11:15:00Z,0.828,-0,-1.094,0.494,-0.951,-0.722
2020-11-06T11:30:00Z,0.828,-0,-1.094,0.494,-0.951,-0.722
2020-11-06T11:45:00Z,0.828,-0,-1.094,0.494,-0.951,-0.722
2020-11-06T12:00:00Z,1.263,0,-1.355,0.494,-1.016,-0.615
2020-11-06T12:15:00Z,1.263,0,-1.355,0.494,-1.016,-0.615
2020-11-06T12:30:00Z,1.263,0,-1.355,0.494,-1.016,-0.615
2020-11-06T12:45:00Z,1.263,0,-1.355,0.494,-1.016,-0.615
2020-11-06T13:00:00Z,0.367,0,-0.133,0.494,-0.968,-0.24
2020-11-06T13:15:00Z,0.367,0,-0.133,0.494,-0.968,-0.24
2020-11-06T13:30:00Z,0.367,0,-0.133,0.494,-0.968,-0.24
2020-11-06T13:45:00Z,0.367,0,-0.133,0.494,-0.968,-0.24
2020-11-06T14:00:00Z,0.876,0,-0.116,0.494,-0.941,0.313
2020-11-06T14:15:00Z,0.876,0,-0.116,0.494,-0.941,0.313
2020-11-06T14:30:00Z,0.876,0,-0.116,0.494,-0.941,0.313
2020-11-06T14:45:00Z,0.876,0,-0.116,0.494,-0.941,0.313
2020-11-06T15:00:00Z,1.065,0,-0.11,0.494,-0.428,1.021
2020-11-06T15:15:00Z,1.065,0,-0.11,0.494,-0.428,1.021
2020-11-06T15:30:00Z,1.065,0,-0.11,0.494,-0.428,1.021
2020-11-06T15:45:00Z,1.065,0,-0.11,0.494,-0.428,1.021
2020-11-06T16:00:00Z,0.915,0,0.829,0.494,-0.844,1.393
2020-11-06T16:15:00Z,0.915,0,0.829,0.494,-0.844,1.393
2020-11-06T16:30:00Z,0.915,0,0.829,0.494,-0.844,1.393
2020-11-06T16:45:00Z,0.915,0,0.829,0.494,-0.844,1.393
2020-11-06T17:00:00Z,0.507,0,0.306,0.494,-1.016,0.291
2020-11-06T17:15:00Z,0.507,0,0.306,0.494,-1.016,0.291
2020-11-06T17:30:00Z,0.507,0,0.306,0.494,-1.016,0.291
2020-11-06T17:45:00Z,0.507,0,0.306,0.494,-1.016,0.291
2020-11-06T18:00:00Z,-0.005,0,-0.033,0.494,-0.969,-0.512
2020-11-06T18:15:00Z,-0.005,0,-0.033,0.494,-0.969,-0.512
2020-11-06T18:30:00Z,-0.005,0,-0.033,0.494,-0.969,-0.512
2020-11-06T18:45:00Z,-0.005,0,-0.033,0.494,-0.969,-0.512
2020-11-06T19:00:00Z,-0.005,0,-0.658,0.494,-1.018,-1.187
2020-11-06T19:15:00Z,-0.005,0,-0.658,0.494,-1.018,-1.187
2020-11-06T19:30:00Z,-0.005,0,-0.658,0.494,-1.018,-1.187
2020-11-06T19:45:00Z,-0.005,0,-0.658,0.494,-1.018,-1.187
2020-11-06T20:00:00Z,0.065,0,-0.118,0.494,-1.018,-0.578
2020-11-06T20:15:00Z,0.065,0,-0.118,0.494,-1.018,-0.578
2020-11-06T20:30:00Z,0.065,0,-0.118,0.494,-1.018,-0.578
2020-11-06T20:45:00Z,0.065,0,-0.118,0.494,-1.018,-0.578
2020-11-06T21:00:00Z,-0.589,-0.001,1.073,0.494,-1.014,-0.036
2020-11-06T21:15:00Z,-0.589,-0.001,1.073,0.494,-1.014,-0.036
2020-11-06T21:30:00Z,-0.589,-0.001,1.073,0.494,-1.014,-0.036
2020-11-06T21:45:00Z,-0.589,-0.001,1.073,0.494,-1.014,-0.036
2020-11-06T22:00:00Z,-1.362,0,2.352,0.494,-0.919,0.565
2020-11-06T22:15:00Z,-1.362,0,2.352,0.494,-0.919,0.565
2020-11-06T22:30:00Z,-1.362,0,2.352,0.494,-0.919,0.565
2020-11-06T22:45:00Z,-1.362,0,2.352,0.494,-0.919,0.565
2020-11-06T23:00:00Z,-0.745,0,2.833,0.494,-0.975,1.607
2020-11-06T23:15:00Z,-0.745,0,2.833,0.494,-0.975,1.607
2020-11-06T23:30:00Z,-0.745,0,2.833,0.494,-0.975,1.607
2020-11-06T23:45:00Z,-0.745,0,2.833,0.494,-0.975,1.607
2020-11-07T00:00:00Z,-0.085,0,3.191,0.494,-0.973,2.627
2020-11-07T00:15:00Z,-0.085,0,3.191,0.494,-0.973,2.627
2020-11-07T00:30:00Z,-0.085,0,3.191,0.494,-0.973,2.627
2020-11-07T00:45:00Z,-0.085,0,3.191,0.494,-0.973,2.627
2020-11-07T01:00:00Z,0.262,0,2.566,0.494,-0.925,2.397
2020-11-07T01:15:00Z,0.262,0,2.566,0.494,-0.925,2.397
2020-11-07T01:30:00Z,0.262,0,2.566,0.494,-0.925,2.397
2020-11-07T01:45:00Z,0.262,0,2.566,0.494,-0.925,2.397
2020-11-07T02:00:00Z,0.555,0,2.376,0.494,-0.924,2.501
2020-11-07T02:15:00Z,0.555,0,2.376,0.494,-0.924,2.501
2020-11-07T02:30:00Z,0.555,0,2.376,0.494,-0.924,2.501
2020-11-07T02:45:00Z,0.555,0,2.376,0.494,-0.924,2.501
2020-11-07T03:00:00Z,0.654,0,2.204,0.494,-0.919,2.432
2020-11-07T03:15:00Z,0.654,0,2.204,0.494,-0.919,2.432
2020-11-07T03:30:00Z,0.654,0,2.204,0.494,-0.919,2.432
2020-11-07T03:45:00Z,0.654,0,2.204,0.494,-0.919,2.432
2020-11-07T04:00:00Z,0.651,0,1.847,0.494,-0.812,2.179
2020-11-07T04:15:00Z,0.651,0,1.847,0.494,-0.812,2.179
2020-11-07T04:30:00Z,0.651,0,1.847,0.494,-0.812,2.179
2020-11-07T04:45:00Z,0.651,0,1.847,0.494,-0.812,2.179
2020-11-07T05:00:00Z,0.547,0,2.483,0.494,-0.821,2.703
2020-11-07T05:15:00Z,0.547,0,2.483,0.494,-0.821,2.703
2020-11-07T05:30:00Z,0.547,0,2.483,0.494,-0.821,2.703
2020-11-07T05:45:00Z,0.547,0,2.483,0.494,-0.821,2.703
2020-11-07T06:00:00Z,0.45,0,2.734,0.494,-0.745,2.933
2020-11-07T06:15:00Z,0.45,0,2.734,0.494,-0.745,2.933
2020-11-07T06:30:00Z,0.45,0,2.734,0.494,-0.745,2.933
2020-11-07T06:45:00Z,0.45,0,2.734,0.494,-0.745,2.933
2020-11-07T07:00:00Z,0.625,0,3.352,0.494,-1.025,3.446
2020-11-07T07:15:00Z,0.625,0,3.352,0.494,-1.025,3.446
2020-11-07T07:30:00Z,0.625,0,3.352,0.494,-1.025,3.446
2020-11-07T07:45:00Z,0.625,0,3.352,0.494,-1.025,3.446
2020-11-07T08:00:00Z,0.329,0,3.581,0.494,-1.027,3.376
2020-11-07T08:15:00Z,0.329,0,3.581,0.494,-1.027,3.376
2020-11-07T08:30:00Z,0.329,0,3.581,0.494,-1.027,3.376
2020-11-07T08:45:00Z,0.329,0,3.581,0.494,-1.027,3.376
2020-11-07T09:00:00Z,0.116,-0,3.485,0.494,-1.086,3.009
2020-11-07T09:15:00Z,0.116,-0,3.485,0.494,-1.086,3.009
2020-11-07T09:30:00Z,0.116,-0,3.485,0.494,-1.086,3.009
2020-11-07T09:45:00Z,0.116,-0,3.485,0.494,-1.086,3.009
2020-11-07T10:00:00Z,-0.062,-0,2.655,0.494,-1.087,2
2020-11-07T10:15:00Z,-0.062,-0,2.655,0.494,-1.087,2
2020-11-07T10:30:00Z,-0.062,-0,2.655,0.494,-1.087,2
2020-11-07T10:45:00Z,-0.062,-0,2.655,0.494,-1.087,2
2020-11-07T11:00:00Z,-0.23,0,2.86,0.494,-1.087,2.037
2020-11-07T11:15:00Z,-0.23,0,2.86,0.494,-1.087,2.037
2020-11-07T11:30:00Z,-0.23,0,2.86,0.494,-1.087,2.037
2020-11-07T11:45:00Z,-0.23,0,2.86,0.494,-1.087,2.037
2020-11-07T12:00:00Z,0.101,-0,2.775,0.494,-1.087,2.284
2020-11-07T12:15:00Z,0.101,-0,2.775,0.494,-1.087,2.284
2020-11-07T12:30:00Z,0.101,-0,2.775,0.494,-1.087,2.284
2020-11-07T12:45:00Z,0.101,-0,2.775,0.494,-1.087,2.284
2020-11-07T13:00:00Z,0.702,0,2.188,0.494,-1.073,2.311
2020-11-07T13:15:00Z,0.702,0,2.188,0.494,-1.073,2.311
2020-11-07T13:30:00Z,0.702,0,2.188,0.494,-1.073,2.311
2020-11-07T13:45:00Z,0.702,0,2.188,0.494,-1.073,2.311
2020-11-07T14:00:00Z,0.983,-0,1.153,0.494,-0.752,1.878
2020-11-07T14:15:00Z,0.983,-0,1.153,0.494,-0.752,1.878
2020-11-07T14:30:00Z,0.983,-0,1.153,0.494,-0.752,1.878
2020-11-07T14:45:00Z,0.983,-0,1.153,0.494,-0.752,1.878
2020-11-07T15:00:00Z,1.041,0,0.729,0.494,-0.692,1.572
2020-11-07T15:15:00Z,1.041,0,0.729,0.494,-0.692,1.572
2020-11-07T15:30:00Z,1.041,0,0.729,0.494,-0.692,1.572
2020-11-07T15:45:00Z,1.041,0,0.729,0.494,-0.692,1.572
2020-11-07T16:00:00Z,0.858,0,1.485,0.494,-0.769,2.068
2020-11-07T16:15:00Z,0.858,0,1.485,0.494,-0.769,2.068
2020-11-07T16:30:00Z,0.858,0,1.485,0.494,-0.769,2.068
2020-11-07T16:45:00Z,0.858,0,1.485,0.494,-0.769,2.068
2020-11-07T17:00:00Z,0.489,0,1.588,0.494,-1.086,1.484
2020-11-07T17:15:00Z,0.489,0,1.588,0.494,-1.086,1.484
2020-11-07T17:30:00Z,0.489,0,1.588,0.494,-1.086,1.484
2020-11-07T17:45:00Z,0.489,0,1.588,0.494,-1.086,1.484
2020-11-07T18:00:00Z,0.227,0,1.176,0.494,-1.086,0.811
2020-11-07T18:15:00Z,0.227,0,1.176,0.494,-1.086,0.811
2020-11-07T18:30:00Z,0.227,0,1.176,0.494,-1.086,0.811
2020-11-07T18:45:00Z,0.227,0,1.176,0.494,-1.086,0.811
2020-11-07T19:00:00Z,-0.248,0,1.327,0.494,-1.086,0.486
2020-11-07T19:15:00Z,-0.248,0,1.327,0.494,-1.086,0.486
2020-11-07T19:30:00Z,-0.248,0,1.327,0.494,-1.086,0.486
2020-11-07T19:45:00Z,-0.248,0,1.327,0.494,-1.086,0.486
2020-11-07T20:00:00Z,0.062,0,1.612,0.494,-1.083,1.085
2020-11-07T20:15:00Z,0.062,0,1.612,0.494,-1.083,1.085
2020-11-07T20:30:00Z,0.062,0,1.612,0.494,-1.083,1.085
2020-11-07T20:45:00Z,0.062,0,1.612,0.494,-1.083,1.085
2020-11-07T21:00:00Z,-0.066,0,1.89,0.494,-1.024,1.294
2020-11-07T21:15:00Z,-0.066,0,1.89,0.494,-1.024,1.294
2020-11-07T21:30:00Z,-0.066,0,1.89,0.494,-1.024,1.294
2020-11-07T21:45:00Z,-0.066,0,1.89,0.494,-1.024,1.294
2020-11-07T22:00:00Z,-0.274,0,2.655,0.494,-0.995,1.88
2020-11-07T22:15:00Z,-0.274,0,2.655,0.494,-0.995,1.88
2020-11-07T22:30:00Z,-0.274,0,2.655,0.494,-0.995,1.88
2020-11-07T22:45:00Z,-0.274,0,2.655,0.494,-0.995,1.88
2020-11-07T23:00:00Z,0.392,0,3.137,0.494,-0.922,3.1
2020-11-07T23:15:00Z,0.392,0,3.137,0.494,-0.922,3.1
2020-11-07T23:30:00Z,0.392,0,3.137,0.494,-0.922,3.1
2020-11-07T23:45:00Z,0.392,0,3.137,0.494,-0.922,3.1
2020-11-08T00:00:00Z,0.999,0,3.11,0.493,-0.871,3.732
2020-11-08T00:15:00Z,0.999,0,3.11,0.493,-0.871,3.732
2020-11-08T00:30:00Z,0.999,0,3.11,0.493,-0.871,3.732
2020-11-08T00:45:00Z,0.999,0,3.11,0.493,-0.871,3.732
2020-11-08T01:00:00Z,1.444,0,2.544,0.494,-0.774,3.708
2020-11-08T01:15:00Z,1.444,0,2.544,0.494,-0.774,3.708
2020-11-08T01:30:00Z,1.444,0,2.544,0.494,-0.774,3.708
2020-11-08T01:45:00Z,1.444,0,2.544,0.494,-0.774,3.708
2020-11-08T02:00:00Z,1.703,-0,2.236,0.494,-0.762,3.67
2020-11-08T02:15:00Z,1.703,-0,2.236,0.494,-0.762,3.67
2020-11-08T02:30:00Z,1.703,-0,2.236,0.494,-0.762,3.67
2020-11-08T02:45:00Z,1.703,-0,2.236,0.494,-0.762,3.67
2020-11-08T03:00:00Z,1.634,0,2.034,0.494,-0.521,3.641
2020-11-08T03:15:00Z,1.634,0,2.034,0.494,-0.521,3.641
2020-11-08T03:30:00Z,1.634,0,2.034,0.494,-0.521,3.641
2020-11-08T03:45:00Z,1.634,0,2.034,0.494,-0.521,3.641
2020-11-08T04:00:00Z,1.69,0,1.78,0.494,-0.481,3.483
2020-11-08T04:15:00Z,1.69,0,1.78,0.494,-0.481,3.483
2020-11-08T04:30:00Z,1.69,0,1.78,0.494,-0.481,3.483
2020-11-08T04:45:00Z,1.69,0,1.78,0.494,-0.481,3.483
2020-11-08T05:00:00Z,1.704,0,1.779,0.494,-0.513,3.464
2020-11-08T05:15:00Z,1.704,0,1.779,0.494,-0.513,3.464
2020-11-08T05:30:00Z,1.704,0,1.779,0.494,-0.513,3.464
2020-11-08T05:45:00Z,1.704,0,1.779,0.494,-0.513,3.464
2020-11-08T06:00:00Z,1.754,0,2.166,0.494,-0.754,3.66
2020-11-08T06:15:00Z,1.754,0,2.166,0.494,-0.754,3.66
2020-11-08T06:30:00Z,1.754,0,2.166,0.494,-0.754,3.66
2020-11-08T06:45:00Z,1.754,0,2.166,0.494,-0.754,3.66
2020-11-08T07:00:00Z,1.456,0,2.395,0.494,-0.456,3.888
2020-11-08T07:15:00Z,1.456,0,2.395,0.494,-0.456,3.888
2020-11-08T07:30:00Z,1.456,0,2.395,0.494,-0.456,3.888
2020-11-08T07:45:00Z,1.456,0,2.395,0.494,-0.456,3.888
2020-11-08T08:00:00Z,0.996,0,3.189,0.494,-0.974,3.704
2020-11-08T08:15:00Z,0.996,0,3.189,0.494,-0.974,3.704
2020-11-08T08:30:00Z,0.996,0,3.189,0.494,-0.974,3.704
2020-11-08T08:45:00Z,0.996,0,3.189,0.494,-0.974,3.704
2020-11-08T09:00:00Z,0.84,0,2.798,0.494,-1.023,3.109
2020-11-08T09:15:00Z,0.84,0,2.798,0.494,-1.023,3.109
2020-11-08T09:30:00Z,0.84,0,2.798,0.494,-1.023,3.109
2020-11-08T09:45:00Z,0.84,0,2.798,0.494,-1.023,3.109
2020-11-08T10:00:00Z,0.681,0,2.351,0.494,-1.036,2.49
2020-11-08T10:15:00Z,0.681,0,2.351,0.494,-1.036,2.49
2020-11-08T10:30:00Z,0.681,0,2.351,0.494,-1.036,2.49
2020-11-08T10:45:00Z,0.681,0,2.351,0.494,-1.036,2.49
2020-11-08T11:00:00Z,0.388,0,2.512,0.494,-1.086,2.308
2020-11-08T11:15:00Z,0.388,0,2.512,0.494,-1.086,2.308
2020-11-08T11:30:00Z,0.388,0,2.512,0.494,-1.086,2.308
2020-11-08T11:45:00Z,0.388,0,2.512,0.494,-1.086,2.308
2020-11-08T12:00:00Z,0.852,0,2.558,0.494,-1.085,2.819
2020-11-08T12:15:00Z,0.852,0,2.558,0.494,-1.085,2.819
2020-11-08T12:30:00Z,0.852,0,2.558,0.494,-1.085,2.819
2020-11-08T12:45:00Z,0.852,0,2.558,0.494,-1.085,2.819
2020-11-08T13:00:00Z,1.298,0,2.113,0.494,-1.085,2.82
2020-11-08T13:15:00Z,1.298,0,2.113,0.494,-1.085,2.82
2020-11-08T13:30:00Z,1.298,0,2.113,0.494,-1.085,2.82
2020-11-08T13:45:00Z,1.298,0,2.113,0.494,-1.085,2.82
2020-11-08T14:00:00Z,1.37,-0,1.279,0.493,-1.082,2.06
2020-11-08T14:15:00Z,1.37,-0,1.279,0.493,-1.082,2.06
2020-11-08T14:30:00Z,1.37,-0,1.279,0.493,-1.082,2.06
2020-11-08T14:45:00Z,1.37,-0,1.279,0.493,-1.082,2.06
2020-11-08T15:00:00Z,1.032,0,0.469,0.494,-1.024,0.97
2020-11-08T15:15:00Z,1.032,0,0.469,0.494,-1.024,0.97
2020-11-08T15:30:00Z,1.032,0,0.469,0.494,-1.024,0.97
2020-11-08T15:45:00Z,1.032,0,0.469,0.494,-1.024,0.97
2020-11-08T16:00:00Z,1.037,-0,0.878,0.494,-1.027,1.383
2020-11-08T16:15:00Z,1.037,-0,0.878,0.494,-1.027,1.383
2020-11-08T16:30:00Z,1.037,-0,0.878,0.494,-1.027,1.383
2020-11-08T16:45:00Z,1.037,-0,0.878,0.494,-1.027,1.383
2020-11-08T17:00:00Z,-0.164,0,1.324,0.494,-1.086,0.569
2020-11-08T17:15:00Z,-0.164,0,1.324,0.494,-1.086,0.569
2020-11-08T17:30:00Z,-0.164,0,1.324,0.494,-1.086,0.569
2020-11-08T17:45:00Z,-0.164,0,1.324,0.494,-1.086,0.569
2020-11-08T18:00:00Z,-0.894,0,1.644,0.494,-1.086,0.159
2020-11-08T18:15:00Z,-0.894,0,1.644,0.494,-1.086,0.159
2020-11-08T18:30:00Z,-0.894,0,1.644,0.494,-1.086,0.159
2020-11-08T18:45:00Z,-0.894,0,1.644,0.494,-1.086,0.159
2020-11-08T19:00:00Z,-1.323,-0,1.826,0.494,-1.085,-0.088
2020-11-08T19:15:00Z,-1.323,-0,1.826,0.494,-1.085,-0.088
2020-11-08T19:30:00Z,-1.323,-0,1.826,0.494,-1.085,-0.088
2020-11-08T19:45:00Z,-1.323,-0,1.826,0.494,-1.085,-0.088
2020-11-08T20:00:00Z,-1.046,0,1.67,0.494,-1.083,0.035
2020-11-08T20:15:00Z,-1.046,0,1.67,0.494,-1.083,0.035
2020-11-08T20:30:00Z,-1.046,0,1.67,0.494,-1.083,0.035
2020-11-08T20:45:00Z,-1.046,0,1.67,0.494,-1.083,0.035
2020-11-08T21:00:00Z,-1.194,0,1.434,0.494,-1.024,-0.29
2020-11-08T21:15:00Z,-1.194,0,1.434,0.494,-1.024,-0.29
2020-11-08T21:30:00Z,-1.194,0,1.434,0.494,-1.024,-0.29
2020-11-08T21:45:00Z,-1.194,0,1.434,0.494,-1.024,-0.29
2020-11-08T22:00:00Z,-1.592,0,2.115,0.494,-0.995,0.022
2020-11-08T22:15:00Z,-1.592,0,2.115,0.494,-0.995,0.022
2020-11-08T22:30:00Z,-1.592,0,2.115,0.494,-0.995,0.022
2020-11-08T22:45:00Z,-1.592,0,2.115,0.494,-0.995,0.022
2020-11-08T23:00:00Z,-1.199,-0,1.823,0.494,-0.9,0.218
2020-11-08T23:15:00Z,-1.199,-0,1.823,0.494,-0.9,0.218
2020-11-08T23:30:00Z,-1.199,-0,1.823,0.494,-0.9,0.218
2020-11-08T23:45:00Z,-1.199,-0,1.823,0.494,-0.9,0.218
2020-11-09T00:00:00Z,-0.849,-0,1.472,0.494,-0.901,0.215
2020-11-09T00:15:00Z,-0.849,-0,1.472,0.494,-0.901,0.215
2020-11-09T00:30:00Z,-0.849,-0,1.472,0.494,-0.901,0.215
2020-11-09T00:45:00Z,-0.849,-0,1.472,0.494,-0.901,0.215
2020-11-09T01:00:00Z,-0.368,-0,1.078,0.494,-0.901,0.303
2020-11-09T01:15:00Z,-0.368,-0,1.078,0.494,-0.901,0.303
2020-11-09T01:30:00Z,-0.368,-0,1.078,0.494,-0.901,0.303
2020-11-09T01:45:00Z,-0.368,-0,1.078,0.494,-0.901,0.303
2020-11-09T02:00:00Z,0.12,-0,0.864,0.494,-0.9,0.578
2020-11-09T02:15:00Z,0.12,-0,0.864,0.494,-0.9,0.578
2020-11-09T02:30:00Z,0.12,-0,0.864,0.494,-0.9,0.578
2020-11-09T02:45:00Z,0.12,-0,0.864,0.494,-0.9,0.578
2020-11-09T03:00:00Z,0.514,-0.001,0.563,0.494,-0.9,0.67
2020-11-09T03:15:00Z,0.514,-0.001,0.563,0.494,-0.9,0.67
2020-11-09T03:30:00Z,0.514,-0.001,0.563,0.494,-0.9,0.67
2020-11-09T03:45:00Z,0.514,-0.001,0.563,0.494,-0.9,0.67
2020-11-09T04:00:00Z,0.34,-0.001,-0.19,0.494,-0.893,-0.251
2020-11-09T04:15:00Z,0.34,-0.001,-0.19,0.494,-0.893,-0.251
2020-11-09T04:30:00Z,0.34,-0.001,-0.19,0.494,-0.893,-0.251
2020-11-09T04:45:00Z,0.34,-0.001,-0.19,0.494,-0.893,-0.251
2020-11-09T05:00:00Z,0.183,0,-0.899,0.494,-0.752,-0.975
2020-11-09T05:15:00Z,0.183,0,-0.899,0.494,-0.752,-0.975
2020-11-09T05:30:00Z,0.183,0,-0.899,0.494,-0.752,-0.975
2020-11-09T05:45:00Z,0.183,0,-0.899,0.494,-0.752,-0.975
2020-11-09T06:00:00Z,0.175,0,0.039,0.494,-0.937,-0.229
2020-11-09T06:15:00Z,0.175,0,0.039,0.494,-0.937,-0.229
2020-11-09T06:30:00Z,0.175,0,0.039,0.494,-0.937,-0.229
2020-11-09T06:45:00Z,0.175,0,0.039,0.494,-0.937,-0.229
2020-11-09T07:00:00Z,-0.044,0,0.278,0.494,-0.334,0.394
2020-11-09T07:15:00Z,-0.044,0,0.278,0.494,-0.334,0.394
2020-11-09T07:30:00Z,-0.044,0,0.278,0.494,-0.334,0.394
2020-11-09T07:45:00Z,-0.044,0,0.278,0.494,-0.334,0.394
2020-11-09T08:00:00Z,0.186,0,0.296,0.494,-0.939,0.037
2020-11-09T08:15:00Z,0.186,0,0.296,0.494,-0.939,0.037
2020-11-09T08:30:00Z,0.186,0,0.296,0.494,-0.939,0.037
2020-11-09T08:45:00Z,0.186,0,0.296,0.494,-0.939,0.037
2020-11-09T09:00:00Z,0.221,-0,-0.142,0.494,-1.087,-0.515
2020-11-09T09:15:00Z,0.221,-0,-0.142,0.494,-1.087,-0.515
2020-11-09T09:30:00Z,0.221,-0,-0.142,0.494,-1.087,-0.515
2020-11-09T09:45:00Z,0.221,-0,-0.142,0.494,-1.087,-0.515
2020-11-09T10:00:00Z,0.28,-0.001,-0.517,0.494,-1.086,-0.83
2020-11-09T10:15:00Z,0.28,-0.001,-0.517,0.494,-1.086,-0.83
2020-11-09T10:30:00Z,0.28,-0.001,-0.517,0.494,-1.086,-0.83
2020-11-09T10:45:00Z,0.28,-0.001,-0.517,0.494,-1.086,-0.83
2020-11-09T11:00:00Z,0.07,0,-0.431,0.493,-1.087,-0.954
2020-11-09T11:15:00Z,0.07,0,-0.431,0.493,-1.087,-0.954
2020-11-09T11:30:00Z,0.07,0,-0.431,0.493,-1.087,-0.954
2020-11-09T11:45:00Z,0.07,0,-0.431,0.493,-1.087,-0.954
2020-11-09T12:00:00Z,0.29,0,-0.315,0.494,-1.084,-0.616
2020-11-09T12:15:00Z,0.29,0,-0.315,0.494,-1.084,-0.616
2020-11-09T12:30:00Z,0.29,0,-0.315,0.494,-1.084,-0.616
2020-11-09T12:45:00Z,0.29,0,-0.315,0.494,-1.084,-0.616
2020-11-09T13:00:00Z,0.67,0,-0.162,0.494,-1.025,-0.024
2020-11-09T13:15:00Z,0.67,0,-0.162,0.494,-1.025,-0.024
2020-11-09T13:30:00Z,0.67,0,-0.162,0.494,-1.025,-0.024
2020-11-09T13:45:00Z,0.67,0,-0.162,0.494,-1.025,-0.024
2020-11-09T14:00:00Z,0.986,0,-0.033,0.494,-1.019,0.429
2020-11-09T14:15:00Z,0.986,0,-0.033,0.494,-1.019,0.429
2020-11-09T14:30:00Z,0.986,0,-0.033,0.494,-1.019,0.429
2020-11-09T14:45:00Z,0.986,0,-0.033,0.494,-1.019,0.429
2020-11-09T15:00:00Z,0.821,0,0.5,0.494,-0.879,0.936
2020-11-09T15:15:00Z,0.821,0,0.5,0.494,-0.879,0.936
2020-11-09T15:30:00Z,0.821,0,0.5,0.494,-0.879,0.936
2020-11-09T15:45:00Z,0.821,0,0.5,0.494,-0.879,0.936
2020-11-09T16:00:00Z,1.089,0,0.642,0.494,-1.028,1.197
2020-11-09T16:15:00Z,1.089,0,0.642,0.494,-1.028,1.197
2020-11-09T16:30:00Z,1.089,0,0.642,0.494,-1.028,1.197
2020-11-09T16:45:00Z,1.089,0,0.642,0.494,-1.028,1.197
2020-11-09T17:00:00Z,0.113,0,0.708,0.494,-1.086,0.228
2020-11-09T17:15:00Z,0.113,0,0.708,0.494,-1.086,0.228
2020-11-09T17:30:00Z,0.113,0,0.708,0.494,-1.086,0.228
2020-11-09T17:45:00Z,0.113,0,0.708,0.494,-1.086,0.228
2020-11-09T18:00:00Z,-0.718,-0,0.931,0.494,-1.087,-0.38
2020-11-09T18:15:00Z,-0.718,-0,0.931,0.494,-1.087,-0.38
2020-11-09T18:30:00Z,-0.718,-0,0.931,0.494,-1.087,-0.38
2020-11-09T18:45:00Z,-0.718,-0,0.931,0.494,-1.087,-0.38
2020-11-09T19:00:00Z,-0.642,0,0.13,0.494,-1.087,-1.105
2020-11-09T19:15:00Z,-0.642,0,0.13,0.494,-1.087,-1.105
2020-11-09T19:30:00Z,-0.642,0,0.13,0.494,-1.087,-1.105
2020-11-09T19:45:00Z,-0.642,0,0.13,0.494,-1.087,-1.105
2020-11-09T20:00:00Z,-0.368,0,-0.57,0.494,-1.084,-1.528
2020-11-09T20:15:00Z,-0.368,0,-0.57,0.494,-1.084,-1.528
2020-11-09T20:30:00Z,-0.368,0,-0.57,0.494,-1.084,-1.528
2020-11-09T20:45:00Z,-0.368,0,-0.57,0.494,-1.084,-1.528
2020-11-09T21:00:00Z,-1.245,-0.001,-0.323,0.494,-1.025,-2.1
2020-11-09T21:15:00Z,-1.245,-0.001,-0.323,0.494,-1.025,-2.1
2020-11-09T21:30:00Z,-1.245,-0.001,-0.323,0.494,-1.025,-2.1
2020-11-09T21:45:00Z,-1.245,-0.001,-0.323,0.494,-1.025,-2.1
2020-11-09T22:00:00Z,-1.717,0,-0.183,0.494,-1.022,-2.429
2020-11-09T22:15:00Z,-1.717,0,-0.183,0.494,-1.022,-2.429
2020-11-09T22:30:00Z,-1.717,0,-0.183,0.494,-1.022,-2.429
2020-11-09T22:45:00Z,-1.717,0,-0.183,0.494,-1.022,-2.429
2020-11-09T23:00:00Z,-1.597,0,-0.083,0.493,-0.951,-2.138
2020-11-09T23:15:00Z,-1.597,0,-0.083,0.493,-0.951,-2.138
2020-11-09T23:30:00Z,-1.597,0,-0.083,0.493,-0.951,-2.138
2020-11-09T23:45:00Z,-1.597,0,-0.083,0.493,-0.951,-2.138
2020-11-10T00:00:00Z,-1.463,-0,-0.445,0.494,-0.951,-2.365
2020-11-10T00:15:00Z,-1.463,-0,-0.445,0.494,-0.951,-2.365
2020-11-10T00:30:00Z,-1.463,-0,-0.445,0.494,-0.951,-2.365
2020-11-10T00:45:00Z,-1.463,-0,-0.445,0.494,-0.951,-2.365
2020-11-10T01:00:00Z,-1.198,-0,-0.636,0.494,-0.951,-2.292
2020-11-10T01:15:00Z,-1.198,-0,-0.636,0.494,-0.951,-2.292
2020-11-10T01:30:00Z,-1.198,-0,-0.636,0.494,-0.951,-2.292
2020-11-10T01:45:00Z,-1.198,-0,-0.636,0.494,-0.951,-2.292
2020-11-10T02:00:00Z,-0.834,-0,-0.883,0.494,-0.949,-2.173
2020-11-10T02:15:00Z,-0.834,-0,-0.883,0.494,-0.949,-2.173
2020-11-10T02:30:00Z,-0.834,-0,-0.883,0.494,-0.949,-2.173
2020-11-10T02:45:00Z,-0.834,-0,-0.883,0.494,-0.949,-2.173
2020-11-10T03:00:00Z,-0.671,0,-1.331,0.493,-0.95,-2.458
2020-11-10T03:15:00Z,-0.671,0,-1.331,0.493,-0.95,-2.458
2020-11-10T03:30:00Z,-0.671,0,-1.331,0.493,-0.95,-2.458
2020-11-10T03:45:00Z,-0.671,0,-1.331,0.493,-0.95,-2.458
2020-11-10T04:00:00Z,-0.339,-0.001,-1.609,0.494,-0.918,-2.372
2020-11-10T04:15:00Z,-0.339,-0.001,-1.609,0.494,-0.918,-2.372
2020-11-10T04:30:00Z,-0.339,-0.001,-1.609,0.494,-0.918,-2.372
2020-11-10T04:45:00Z,-0.339,-0.001,-1.609,0.494,-0.918,-2.372
2020-11-10T05:00:00Z,0.106,0,-1.792,0.494,-0.18,-1.372
2020-11-10T05:15:00Z,0.106,0,-1.792,0.494,-0.18,-1.372
2020-11-10T05:30:00Z,0.106,0,-1.792,0.494,-0.18,-1.372
2020-11-10T05:45:00Z,0.106,0,-1.792,0.494,-0.18,-1.372
2020-11-10T06:00:00Z,0.303,-0,-0.499,0.494,-0.219,0.078
2020-11-10T06:15:00Z,0.303,-0,-0.499,0.494,-0.219,0.078
2020-11-10T06:30:00Z,0.303,-0,-0.499,0.494,-0.219,0.078
2020-11-10T06:45:00Z,0.303,-0,-0.499,0.494,-0.219,0.078
2020-11-10T07:00:00Z,0.431,-0,0.184,0.494,-0.648,0.46
2020-11-10T07:15:00Z,0.431,-0,0.184,0.494,-0.648,0.46
2020-11-10T07:30:00Z,0.431,-0,0.184,0.494,-0.648,0.46
2020-11-10T07:45:00Z,0.431,-0,0.184,0.494,-0.648,0.46
2020-11-10T08:00:00Z,0.131,0,0.338,0.494,-0.499,0.465
2020-11-10T08:15:00Z,0.131,0,0.338,0.494,-0.499,0.465
2020-11-10T08:30:00Z,0.131,0,0.338,0.494,-0.499,0.465
2020-11-10T08:45:00Z,0.131,0,0.338,0.494,-0.499,0.465
2020-11-10T09:00:00Z,0.627,-0,-0.154,0.494,-0.772,0.194
2020-11-10T09:15:00Z,0.627,-0,-0.154,0.494,-0.772,0.194
2020-11-10T09:30:00Z,0.627,-0,-0.154,0.494,-0.772,0.194
2020-11-10T09:45:00Z,0.627,-0,-0.154,0.494,-0.772,0.194
2020-11-10T10:00:00Z,0.158,-0,-1.423,0.494,0.316,-0.455
2020-11-10T10:15:00Z,0.158,-0,-1.423,0.494,0.316,-0.455
2020-11-10T10:30:00Z,0.158,-0,-1.423,0.494,0.316,-0.455
2020-11-10T10:45:00Z,0.158,-0,-1.423,0.494,0.316,-0.455
2020-11-10T11:00:00Z,0.675,-0,-1.876,0.494,0.165,-0.543
2020-11-10T11:15:00Z,0.675,-0,-1.876,0.494,0.165,-0.543
2020-11-10T11:30:00Z,0.675,-0,-1.876,0.494,0.165,-0.543
2020-11-10T11:45:00Z,0.675,-0,-1.876,0.494,0.165,-0.543
2020-11-10T12:00:00Z,0.685,-0,-1.787,0.494,0.114,-0.494
2020-11-10T12:15:00Z,0.685,-0,-1.787,0.494,0.114,-0.494
2020-11-10T12:30:00Z,0.685,-0,-1.787,0.494,0.114,-0.494
2020-11-10T12:45:00Z,0.685,-0,-1.787,0.494,0.114,-0.494
2020-11-10T13:00:00Z,1.029,-0.001,-1.199,0.494,-0.11,0.213
2020-11-10T13:15:00Z,1.029,-0.001,-1.199,0.494,-0.11,0.213
2020-11-10T13:30:00Z,1.029,-0.001,-1.199,0.494,-0.11,0.213
2020-11-10T13:45:00Z,1.029,-0.001,-1.199,0.494,-0.11,0.213
2020-11-10T14:00:00Z,0.966,-0.001,-1.004,0.494,0.366,0.82
2020-11-10T14:15:00Z,0.966,-0.001,-1.004,0.494,0.366,0.82
2020-11-10T14:30:00Z,0.966,-0.001,-1.004,0.494,0.366,0.82
2020-11-10T14:45:00Z,0.966,-0.001,-1.004,0.494,0.366,0.82
2020-11-10T15:00:00Z,1.192,-0.001,-0.196,0.494,0.138,1.627
2020-11-10T15:15:00Z,1.192,-0.001,-0.196,0.494,0.138,1.627
2020-11-10T15:30:00Z,1.192,-0.001,-0.196,0.494,0.138,1.627
2020-11-10T15:45:00Z,1.192,-0.001,-0.196,0.494,0.138,1.627
2020-11-10T16:00:00Z,1.293,-0.001,0.717,0.494,-0.712,1.79
2020-11-10T16:15:00Z,1.293,-0.001,0.717,0.494,-0.712,1.79
2020-11-10T16:30:00Z,1.293,-0.001,0.717,0.494,-0.712,1.79
2020-11-10T16:45:00Z,1.293,-0.001,0.717,0.494,-0.712,1.79
2020-11-10T17:00:00Z,0.752,-0.002,0.728,0.494,-1.084,0.888
2020-11-10T17:15:00Z,0.752,-0.002,0.728,0.494,-1.084,0.888
2020-11-10T17:30:00Z,0.752,-0.002,0.728,0.494,-1.084,0.888
2020-11-10T17:45:00Z,0.752,-0.002,0.728,0.494,-1.084,0.888
2020-11-10T18:00:00Z,0.503,-0.002,0.409,0.494,-1.041,0.364
2020-11-10T18:15:00Z,0.503,-0.002,0.409,0.494,-1.041,0.364
2020-11-10T18:30:00Z,0.503,-0.002,0.409,0.494,-1.041,0.364
2020-11-10T18:45:00Z,0.503,-0.002,0.409,0.494,-1.041,0.364
2020-11-10T19:00:00Z,0.067,-0.002,0.279,0.494,-1.086,-0.248
2020-11-10T19:15:00Z,0.067,-0.002,0.279,0.494,-1.086,-0.248
2020-11-10T19:30:00Z,0.067,-0.002,0.279,0.494,-1.086,-0.248
2020-11-10T19:45:00Z,0.067,-0.002,0.279,0.494,-1.086,-0.248
2020-11-10T20:00:00Z,0.017,-0.002,-0.302,0.494,-1.083,-0.876
2020-11-10T20:15:00Z,0.017,-0.002,-0.302,0.494,-1.083,-0.876
2020-11-10T20:30:00Z,0.017,-0.002,-0.302,0.494,-1.083,-0.876
2020-11-10T20:45:00Z,0.017,-0.002,-0.302,0.494,-1.083,-0.876
2020-11-10T21:00:00Z,-0.806,-0.002,-0.339,0.494,-0.898,-1.551
2020-11-10T21:15:00Z,-0.806,-0.002,-0.339,0.494,-0.898,-1.551
2020-11-10T21:30:00Z,-0.806,-0.002,-0.339,0.494,-0.898,-1.551
2020-11-10T21:45:00Z,-0.806,-0.002,-0.339,0.494,-0.898,-1.551
2020-11-10T22:00:00Z,-1.564,-0.002,-1.055,0.494,-0.001,-2.129
2020-11-10T22:15:00Z,-1.564,-0.002,-1.055,0.494,-0.001,-2.129
2020-11-10T22:30:00Z,-1.564,-0.002,-1.055,0.494,-0.001,-2.129
2020-11-10T22:45:00Z,-1.564,-0.002,-1.055,0.494,-0.001,-2.129
2020-11-10T23:00:00Z,-1.043,-0.002,-0.661,0.494,-0.733,-1.944
2020-11-10T23:15:00Z,-1.043,-0.002,-0.661,0.494,-0.733,-1.944
2020-11-10T23:30:00Z,-1.043,-0.002,-0.661,0.494,-0.733,-1.944
2020-11-10T23:45:00Z,-1.043,-0.002,-0.661,0.494,-0.733,-1.944
2020-11-11T00:00:00Z,-0.993,-0.002,-1.1,0.494,-0.604,-2.205
2020-11-11T00:15:00Z,-0.993,-0.002,-1.1,0.494,-0.604,-2.205
2020-11-11T00:30:00Z,-0.993,-0.002,-1.1,0.494,-0.604,-2.205
2020-11-11T00:45:00Z,-0.993,-0.002,-1.1,0.494,-0.604,-2.205
2020-11-11T01:00:00Z,-0.738,-0.002,-1.091,0.494,-0.732,-2.069
2020-11-11T01:15:00Z,-0.738,-0.002,-1.091,0.494,-0.732,-2.069
2020-11-11T01:30:00Z,-0.738,-0.002,-1.091,0.494,-0.732,-2.069
2020-11-11T01:45:00Z,-0.738,-0.002,-1.091,0.494,-0.732,-2.069
2020-11-11T02:00:00Z,-0.343,-0.002,-1.804,0.494,-0.171,-1.825
2020-11-11T02:15:00Z,-0.343,-0.002,-1.804,0.494,-0.171,-1.825
2020-11-11T02:30:00Z,-0.343,-0.002,-1.804,0.494,-0.171,-1.825
2020-11-11T02:45:00Z,-0.343,-0.002,-1.804,0.494,-0.171,-1.825
2020-11-11T03:00:00Z,0.452,-0.002,-2.542,0.494,0.1,-1.498
2020-11-11T03:15:00Z,0.452,-0.002,-2.542,0.494,0.1,-1.498
2020-11-11T03:30:00Z,0.452,-0.002,-2.542,0.494,0.1,-1.498
2020-11-11T03:45:00Z,0.452,-0.002,-2.542,0.494,0.1,-1.498
2020-11-11T04:00:00Z,0.862,-0.002,-2.892,0.494,0.12,-1.418
2020-11-11T04:15:00Z,0.862,-0.002,-2.892,0.494,0.12,-1.418
2020-11-11T04:30:00Z,0.862,-0.002,-2.892,0.494,0.12,-1.418
2020-11-11T04:45:00Z,0.862,-0.002,-2.892,0.494,0.12,-1.418
2020-11-11T05:00:00Z,1.233,-0.002,-2.854,0.494,0.211,-0.918
2020-11-11T05:15:00Z,1.233,-0.002,-2.854,0.494,0.211,-0.918
2020-11-11T05:30:00Z,1.233,-0.002,-2.854,0.494,0.211,-0.918
2020-11-11T05:45:00Z,1.233,-0.002,-2.854,0.494,0.211,-0.918
2020-11-11T06:00:00Z,1.349,-0.002,-1.931,0.494,0.181,0.091
2020-11-11T06:15:00Z,1.349,-0.002,-1.931,0.494,0.181,0.091
2020-11-11T06:30:00Z,1.349,-0.002,-1.931,0.494,0.181,0.091
2020-11-11T06:45:00Z,1.349,-0.002,-1.931,0.494,0.181,0.091
2020-11-11T07:00:00Z,1.686,-0.002,-1.53,0.494,0.12,0.769
2020-11-11T07:15:00Z,1.686,-0.002,-1.53,0.494,0.12,0.769
2020-11-11T07:30:00Z,1.686,-0.002,-1.53,0.494,0.12,0.769
2020-11-11T07:45:00Z,1.686,-0.002,-1.53,0.494,0.12,0.769
2020-11-11T08:00:00Z,1.729,-0.002,-1.524,0.494,0.208,0.905
2020-11-11T08:15:00Z,1.729,-0.002,-1.524,0.494,0.208,0.905
2020-11-11T08:30:00Z,1.729,-0.002,-1.524,0.494,0.208,0.905
2020-11-11T08:45:00Z,1.729,-0.002,-1.524,0.494,0.208,0.905
2020-11-11T09:00:00Z,1.779,-0.002,-1.983,0.494,0.371,0.658
2020-11-11T09:15:00Z,1.779,-0.002,-1.983,0.494,0.371,0.658
2020-11-11T09:30:00Z,1.779,-0.002,-1.983,0.494,0.371,0.658
2020-11-11T09:45:00Z,1.779,-0.002,-1.983,0.494,0.371,0.658
2020-11-11T10:00:00Z,1.706,-0.002,-2.792,0.494,0.754,0.16
2020-11-11T10:15:00Z,1.706,-0.002,-2.792,0.494,0.754,0.16
2020-11-11T10:30:00Z,1.706,-0.002,-2.792,0.494,0.754,0.16
2020-11-11T10:45:00Z,1.706,-0.002,-2.792,0.494,0.754,0.16
2020-11-11T11:00:00Z,1.63,-0.002,-2.913,0.494,0.688,-0.103
2020-11-11T11:15:00Z,1.63,-0.002,-2.913,0.494,0.688,-0.103
2020-11-11T11:30:00Z,1.63,-0.002,-2.913,0.494,0.688,-0.103
2020-11-11T11:45:00Z,1.63,-0.002,-2.913,0.494,0.688,-0.103
2020-11-11T12:00:00Z,2.057,-0.001,-2.616,0.494,0.2,0.133
2020-11-11T12:15:00Z,2.057,-0.001,-2.616,0.494,0.2,0.133
2020-11-11T12:30:00Z,2.057,-0.001,-2.616,0.494,0.2,0.133
2020-11-11T12:45:00Z,2.057,-0.001,-2.616,0.494,0.2,0.133
2020-11-11T13:00:00Z,2.136,-0.001,-2.512,0.494,-0,0.116
2020-11-11T13:15:00Z,2.136,-0.001,-2.512,0.494,-0,0.116
2020-11-11T13:30:00Z,2.136,-0.001,-2.512,0.494,-0,0.116
2020-11-11T13:45:00Z,2.136,-0.001,-2.512,0.494,-0,0.116
2020-11-11T14:00:00Z,1.756,-0.002,-2.086,0.494,0.132,0.293
2020-11-11T14:15:00Z,1.756,-0.002,-2.086,0.494,0.132,0.293
2020-11-11T14:30:00Z,1.756,-0.002,-2.086,0.494,0.132,0.293
2020-11-11T14:45:00Z,1.756,-0.002,-2.086,0.494,0.132,0.293
2020-11-11T15:00:00Z,1.518,-0.002,-1.627,0.494,0.093,0.476
2020-11-11T15:15:00Z,1.518,-0.002,-1.627,0.494,0.093,0.476
2020-11-11T15:30:00Z,1.518,-0.002,-1.627,0.494,0.093,0.476
2020-11-11T15:45:00Z,1.518,-0.002,-1.627,0.494,0.093,0.476
2020-11-11T16:00:00Z,1.581,-0.002,-0.999,0.494,-0.601,0.472
2020-11-11T16:15:00Z,1.581,-0.002,-0.999,0.494,-0.601,0.472
2020-11-11T16:30:00Z,1.581,-0.002,-0.999,0.494,-0.601,0.472
2020-11-11T16:45:00Z,1.581,-0.002,-0.999,0.494,-0.601,0.472
2020-11-11T17:00:00Z,1.302,-0.002,-1.411,0.494,-1.085,-0.702
2020-11-11T17:15:00Z,1.302,-0.002,-1.411,0.494,-1.085,-0.702
2020-11-11T17:30:00Z,1.302,-0.002,-1.411,0.494,-1.085,-0.702
2020-11-11T17:45:00Z,1.302,-0.002,-1.411,0.494,-1.085,-0.702
2020-11-11T18:00:00Z,0.807,-0.001,-1.639,0.494,-1.086,-1.426
2020-11-11T18:15:00Z,0.807,-0.001,-1.639,0.494,-1.086,-1.426
2020-11-11T18:30:00Z,0.807,-0.001,-1.639,0.494,-1.086,-1.426
2020-11-11T18:45:00Z,0.807,-0.001,-1.639,0.494,-1.086,-1.426
2020-11-11T19:00:00Z,0.774,-0.001,-2.024,0.494,-1.082,-1.839
2020-11-11T19:15:00Z,0.774,-0.001,-2.024,0.494,-1.082,-1.839
2020-11-11T19:30:00Z,0.774,-0.001,-2.024,0.494,-1.082,-1.839
2020-11-11T19:45:00Z,0.774,-0.001,-2.024,0.494,-1.082,-1.839
2020-11-11T20:00:00Z,1.018,-0.001,-2.194,0.494,-0.965,-1.649
2020-11-11T20:15:00Z,1.018,-0.001,-2.194,0.494,-0.965,-1.649
2020-11-11T20:30:00Z,1.018,-0.001,-2.194,0.494,-0.965,-1.649
2020-11-11T20:45:00Z,1.018,-0.001,-2.194,0.494,-0.965,-1.649
2020-11-11T21:00:00Z,0.036,-0.001,-1.744,0.494,-0.501,-1.717
2020-11-11T21:15:00Z,0.036,-0.001,-1.744,0.494,-0.501,-1.717
2020-11-11T21:30:00Z,0.036,-0.001,-1.744,0.494,-0.501,-1.717
2020-11-11T21:45:00Z,0.036,-0.001,-1.744,0.494,-0.501,-1.717
2020-11-11T22:00:00Z,-0.498,-0.001,-1.488,0.494,-0.196,-1.69
2020-11-11T22:15:00Z,-0.498,-0.001,-1.488,0.494,-0.196,-1.69
2020-11-11T22:30:00Z,-0.498,-0.001,-1.488,0.494,-0.196,-1.69
2020-11-11T22:45:00Z,-0.498,-0.001,-1.488,0.494,-0.196,-1.69
2020-11-11T23:00:00Z,0.662,-0.001,-2.392,0.494,-0.291,-1.528
2020-11-11T23:15:00Z,0.662,-0.001,-2.392,0.494,-0.291,-1.528
2020-11-11T23:30:00Z,0.662,-0.001,-2.392,0.494,-0.291,-1.528
2020-11-11T23:45:00Z,0.662,-0.001,-2.392,0.494,-0.291,-1.528
2020-11-12T00:00:00Z,1.145,-0.001,-2.408,0.494,-0.245,-1.015
2020-11-12T00:15:00Z,1.145,-0.001,-2.408,0.494,-0.245,-1.015
2020-11-12T00:30:00Z,1.145,-0.001,-2.408,0.494,-0.245,-1.015
2020-11-12T00:45:00Z,1.145,-0.001,-2.408,0.494,-0.245,-1.015
2020-11-12T01:00:00Z,1.353,-0.001,-2.517,0.493,-0,-0.673
2020-11-12T01:15:00Z,1.353,-0.001,-2.517,0.493,-0,-0.673
2020-11-12T01:30:00Z,1.353,-0.001,-2.517,0.493,-0,-0.673
2020-11-12T01:45:00Z,1.353,-0.001,-2.517,0.493,-0,-0.673
2020-11-12T02:00:00Z,1.65,-0.001,-2.604,0.494,0.133,-0.329
2020-11-12T02:15:00Z,1.65,-0.001,-2.604,0.494,0.133,-0.329
2020-11-12T02:30:00Z,1.65,-0.001,-2.604,0.494,0.133,-0.329
2020-11-12T02:45:00Z,1.65,-0.001,-2.604,0.494,0.133,-0.329
2020-11-12T03:00:00Z,1.476,-0.001,-2.453,0.494,0.101,-0.384
2020-11-12T03:15:00Z,1.476,-0.001,-2.453,0.494,0.101,-0.384
2020-11-12T03:30:00Z,1.476,-0.001,-2.453,0.494,0.101,-0.384
2020-11-12T03:45:00Z,1.476,-0.001,-2.453,0.494,0.101,-0.384
2020-11-12T04:00:00Z,0.803,-0.001,-2.35,0.494,0.378,-0.677
2020-11-12T04:15:00Z,0.803,-0.001,-2.35,0.494,0.378,-0.677
2020-11-12T04:30:00Z,0.803,-0.001,-2.35,0.494,0.378,-0.677
2020-11-12T04:45:00Z,0.803,-0.001,-2.35,0.494,0.378,-0.677
2020-11-12T05:00:00Z,-0.087,-0.001,-2.192,0.494,0.26,-1.526
2020-11-12T05:15:00Z,-0.087,-0.001,-2.192,0.494,0.26,-1.526
2020-11-12T05:30:00Z,-0.087,-0.001,-2.192,0.494,0.26,-1.526
2020-11-12T05:45:00Z,-0.087,-0.001,-2.192,0.494,0.26,-1.526
2020-11-12T06:00:00Z,-1.071,-0.001,-1.301,0.494,-0.26,-2.139
2020-11-12T06:15:00Z,-1.071,-0.001,-1.301,0.494,-0.26,-2.139
2020-11-12T06:30:00Z,-1.071,-0.001,-1.301,0.494,-0.26,-2.139
2020-11-12T06:45:00Z,-1.071,-0.001,-1.301,0.494,-0.26,-2.139
2020-11-12T07:00:00Z,-1.21,-0,-0.195,0.494,-0.776,-1.688
2020-11-12T07:15:00Z,-1.21,-0,-0.195,0.494,-0.776,-1.688
2020-11-12T07:30:00Z,-1.21,-0,-0.195,0.494,-0.776,-1.688
2020-11-12T07:45:00Z,-1.21,-0,-0.195,0.494,-0.776,-1.688
2020-11-12T08:00:00Z,-1.278,-0,0.19,0.494,-1.018,-1.613
2020-11-12T08:15:00Z,-1.278,-0,0.19,0.494,-1.018,-1.613
2020-11-12T08:30:00Z,-1.278,-0,0.19,0.494,-1.018,-1.613
2020-11-12T08:45:00Z,-1.278,-0,0.19,0.494,-1.018,-1.613
2020-11-12T09:00:00Z,-1.045,-0,-0.43,0.494,-0.88,-1.861
2020-11-12T09:15:00Z,-1.045,-0,-0.43,0.494,-0.88,-1.861
2020-11-12T09:30:00Z,-1.045,-0,-0.43,0.494,-0.88,-1.861
2020-11-12T09:45:00Z,-1.045,-0,-0.43,0.494,-0.88,-1.861
2020-11-12T10:00:00Z,-0.836,-0.001,-0.73,0.494,-1.026,-2.098
2020-11-12T10:15:00Z,-0.836,-0.001,-0.73,0.494,-1.026,-2.098
2020-11-12T10:30:00Z,-0.836,-0.001,-0.73,0.494,-1.026,-2.098
2020-11-12T10:45:00Z,-0.836,-0.001,-0.73,0.494,-1.026,-2.098
2020-11-12T11:00:00Z,-0.895,-0.001,-0.571,0.494,-1.029,-2.002
2020-11-12T11:15:00Z,-0.895,-0.001,-0.571,0.494,-1.029,-2.002
2020-11-12T11:30:00Z,-0.895,-0.001,-0.571,0.494,-1.029,-2.002
2020-11-12T11:45:00Z,-0.895,-0.001,-0.571,0.494,-1.029,-2.002
2020-11-12T12:00:00Z,-1.134,-0.001,-0.414,0.494,-1.082,-2.138
2020-11-12T12:15:00Z,-1.134,-0.001,-0.414,0.494,-1.082,-2.138
2020-11-12T12:30:00Z,-1.134,-0.001,-0.414,0.494,-1.082,-2.138
2020-11-12T12:45:00Z,-1.134,-0.001,-0.414,0.494,-1.082,-2.138
2020-11-12T13:00:00Z,-1.028,-0.001,-0.123,0.494,-0.984,-1.643
2020-11-12T13:15:00Z,-1.028,-0.001,-0.123,0.494,-0.984,-1.643
2020-11-12T13:30:00Z,-1.028,-0.001,-0.123,0.494,-0.984,-1.643
2020-11-12T13:45:00Z,-1.028,-0.001,-0.123,0.494,-0.984,-1.643
2020-11-12T14:00:00Z,-0.489,-0.001,-0.082,0.493,-0.671,-0.749
2020-11-12T14:15:00Z,-0.489,-0.001,-0.082,0.493,-0.671,-0.749
2020-11-12T14:30:00Z,-0.489,-0.001,-0.082,0.493,-0.671,-0.749
2020-11-12T14:45:00Z,-0.489,-0.001,-0.082,0.493,-0.671,-0.749
2020-11-12T15:00:00Z,-0.426,-0.001,0.311,0.493,-0.426,-0.049
2020-11-12T15:15:00Z,-0.426,-0.001,0.311,0.493,-0.426,-0.049
2020-11-12T15:30:00Z,-0.426,-0.001,0.311,0.493,-0.426,-0.049
2020-11-12T15:45:00Z,-0.426,-0.001,0.311,0.493,-0.426,-0.049
2020-11-12T16:00:00Z,-0.387,-0.001,1.493,0.494,-1.028,0.571
2020-11-12T16:15:00Z,-0.387,-0.001,1.493,0.494,-1.028,0.571
2020-11-12T16:30:00Z,-0.387,-0.001,1.493,0.494,-1.028,0.571
2020-11-12T16:45:00Z,-0.387,-0.001,1.493,0.494,-1.028,0.571
2020-11-12T17:00:00Z,-1.371,-0.001,1.713,0.494,-1.086,-0.251
2020-11-12T17:15:00Z,-1.371,-0.001,1.713,0.494,-1.086,-0.251
2020-11-12T17:30:00Z,-1.371,-0.001,1.713,0.494,-1.086,-0.251
2020-11-12T17:45:00Z,-1.371,-0.001,1.713,0.494,-1.086,-0.251
2020-11-12T18:00:00Z,-1.93,-0.001,1.644,0.494,-1.086,-0.88
2020-11-12T18:15:00Z,-1.93,-0.001,1.644,0.494,-1.086,-0.88
2020-11-12T18:30:00Z,-1.93,-0.001,1.644,0.494,-1.086,-0.88
2020-11-12T18:45:00Z,-1.93,-0.001,1.644,0.494,-1.086,-0.88
2020-11-12T19:00:00Z,-2.064,-0.002,1.307,0.494,-1.082,-1.347
2020-11-12T19:15:00Z,-2.064,-0.002,1.307,0.494,-1.082,-1.347
2020-11-12T19:30:00Z,-2.064,-0.002,1.307,0.494,-1.082,-1.347
2020-11-12T19:45:00Z,-2.064,-0.002,1.307,0.494,-1.082,-1.347
2020-11-12T20:00:00Z,-2.201,-0.001,1.06,0.494,-0.996,-1.645
2020-11-12T20:15:00Z,-2.201,-0.001,1.06,0.494,-0.996,-1.645
2020-11-12T20:30:00Z,-2.201,-0.001,1.06,0.494,-0.996,-1.645
2020-11-12T20:45:00Z,-2.201,-0.001,1.06,0.494,-0.996,-1.645
2020-11-12T21:00:00Z,-2.173,-0.001,1.426,0.494,-0.772,-1.027
2020-11-12T21:15:00Z,-2.173,-0.001,1.426,0.494,-0.772,-1.027
2020-11-12T21:30:00Z,-2.173,-0.001,1.426,0.494,-0.772,-1.027
2020-11-12T21:45:00Z,-2.173,-0.001,1.426,0.494,-0.772,-1.027
2020-11-12T22:00:00Z,-2.241,-0.001,0.563,0.494,0.1,-1.086
2020-11-12T22:15:00Z,-2.241,-0.001,0.563,0.494,0.1,-1.086
2020-11-12T22:30:00Z,-2.241,-0.001,0.563,0.494,0.1,-1.086
2020-11-12T22:45:00Z,-2.241,-0.001,0.563,0.494,0.1,-1.086
2020-11-12T23:00:00Z,-1.332,-0.001,0.129,0.493,0.114,-0.596
2020-11-12T23:15:00Z,-1.332,-0.001,0.129,0.493,0.114,-0.596
2020-11-12T23:30:00Z,-1.332,-0.001,0.129,0.493,0.114,-0.596
2020-11-12T23:45:00Z,-1.332,-0.001,0.129,0.493,0.114,-0.596
2020-11-13T00:00:00Z,-0.574,-0.002,0.556,0.493,0.101,0.574
2020-11-13T00:15:00Z,-0.574,-0.002,0.556,0.493,0.101,0.574
2020-11-13T00:30:00Z,-0.574,-0.002,0.556,0.493,0.101,0.574
2020-11-13T00:45:00Z,-0.574,-0.002,0.556,0.493,0.101,0.574
2020-11-13T01:00:00Z,0.033,-0.002,0.163,0.493,0.095,0.783
2020-11-13T01:15:00Z,0.033,-0.002,0.163,0.493,0.095,0.783
2020-11-13T01:30:00Z,0.033,-0.002,0.163,0.493,0.095,0.783
2020-11-13T01:45:00Z,0.033,-0.002,0.163,0.493,0.095,0.783
2020-11-13T02:00:00Z,0.808,-0.001,-0.505,0.494,-0.001,0.795
2020-11-13T02:15:00Z,0.808,-0.001,-0.505,0.494,-0.001,0.795
2020-11-13T02:30:00Z,0.808,-0.001,-0.505,0.494,-0.001,0.795
2020-11-13T02:45:00Z,0.808,-0.001,-0.505,0.494,-0.001,0.795
2020-11-13T03:00:00Z,0.786,-0.001,-0.963,0.494,0.103,0.419
2020-11-13T03:15:00Z,0.786,-0.001,-0.963,0.494,0.103,0.419
2020-11-13T03:30:00Z,0.786,-0.001,-0.963,0.494,0.103,0.419
2020-11-13T03:45:00Z,0.786,-0.001,-0.963,0.494,0.103,0.419
2020-11-13T04:00:00Z,0.73,-0.001,-1.516,0.494,0.146,-0.147
2020-11-13T04:15:00Z,0.73,-0.001,-1.516,0.494,0.146,-0.147
2020-11-13T04:30:00Z,0.73,-0.001,-1.516,0.494,0.146,-0.147
2020-11-13T04:45:00Z,0.73,-0.001,-1.516,0.494,0.146,-0.147
2020-11-13T05:00:00Z,0.678,-0.001,-2.734,0.494,0.48,-1.084
2020-11-13T05:15:00Z,0.678,-0.001,-2.734,0.494,0.48,-1.084
2020-11-13T05:30:00Z,0.678,-0.001,-2.734,0.494,0.48,-1.084
2020-11-13T05:45:00Z,0.678,-0.001,-2.734,0.494,0.48,-1.084
2020-11-13T06:00:00Z,0.365,-0.002,-1.988,0.494,-0.001,-1.132
2020-11-13T06:15:00Z,0.365,-0.002,-1.988,0.494,-0.001,-1.132
2020-11-13T06:30:00Z,0.365,-0.002,-1.988,0.494,-0.001,-1.132
2020-11-13T06:45:00Z,0.365,-0.002,-1.988,0.494,-0.001,-1.132
2020-11-13T07:00:00Z,-0.07,-0.001,-1.568,0.494,0.146,-0.999
2020-11-13T07:15:00Z,-0.07,-0.001,-1.568,0.494,0.146,-0.999
2020-11-13T07:30:00Z,-0.07,-0.001,-1.568,0.494,0.146,-0.999
2020-11-13T07:45:00Z,-0.07,-0.001,-1.568,0.494,0.146,-0.999
2020-11-13T08:00:00Z,-0.072,-0.001,-0.538,0.493,-0.975,-1.092
2020-11-13T08:15:00Z,-0.072,-0.001,-0.538,0.493,-0.975,-1.092
2020-11-13T08:30:00Z,-0.072,-0.001,-0.538,0.493,-0.975,-1.092
2020-11-13T08:45:00Z,-0.072,-0.001,-0.538,0.493,-0.975,-1.092
2020-11-13T09:00:00Z,-0.312,-0,-1.061,0.494,-0.973,-1.853
2020-11-13T09:15:00Z,-0.312,-0,-1.061,0.494,-0.973,-1.853
2020-11-13T09:30:00Z,-0.312,-0,-1.061,0.494,-0.973,-1.853
2020-11-13T09:45:00Z,-0.312,-0,-1.061,0.494,-0.973,-1.853
2020-11-13T10:00:00Z,-0.938,-0,-0.956,0.494,-0.59,-1.991
2020-11-13T10:15:00Z,-0.938,-0,-0.956,0.494,-0.59,-1.991
2020-11-13T10:30:00Z,-0.938,-0,-0.956,0.494,-0.59,-1.991
2020-11-13T10:45:00Z,-0.938,-0,-0.956,0.494,-0.59,-1.991
2020-11-13T11:00:00Z,-0.854,-0,-0.312,0.493,-1.018,-1.691
2020-11-13T11:15:00Z,-0.854,-0,-0.312,0.493,-1.018,-1.691
2020-11-13T11:30:00Z,-0.854,-0,-0.312,0.493,-1.018,-1.691
2020-11-13T11:45:00Z,-0.854,-0,-0.312,0.493,-1.018,-1.691
2020-11-13T12:00:00Z,-0.855,-0,-0.215,0.493,-0.938,-1.515
2020-11-13T12:15:00Z,-0.855,-0,-0.215,0.493,-0.938,-1.515
2020-11-13T12:30:00Z,-0.855,-0,-0.215,0.493,-0.938,-1.515
2020-11-13T12:45:00Z,-0.855,-0,-0.215,0.493,-0.938,-1.515
2020-11-13T13:00:00Z,-0.677,-0,0.203,0.493,-1.025,-1.005
2020-11-13T13:15:00Z,-0.677,-0,0.203,0.493,-1.025,-1.005
2020-11-13T13:30:00Z,-0.677,-0,0.203,0.493,-1.025,-1.005
2020-11-13T13:45:00Z,-0.677,-0,0.203,0.493,-1.025,-1.005
2020-11-13T14:00:00Z,-0.628,-0,0.289,0.494,-1.009,-0.855
2020-11-13T14:15:00Z,-0.628,-0,0.289,0.494,-1.009,-0.855
2020-11-13T14:30:00Z,-0.628,-0,0.289,0.494,-1.009,-0.855
2020-11-13T14:45:00Z,-0.628,-0,0.289,0.494,-1.009,-0.855
2020-11-13T15:00:00Z,-1.02,-0,0.86,0.493,-0.668,-0.335
2020-11-13T15:15:00Z,-1.02,-0,0.86,0.493,-0.668,-0.335
2020-11-13T15:30:00Z,-1.02,-0,0.86,0.493,-0.668,-0.335
2020-11-13T15:45:00Z,-1.02,-0,0.86,0.493,-0.668,-0.335
2020-11-13T16:00:00Z,-1.112,-0,2.132,0.494,-1.015,0.5
2020-11-13T16:15:00Z,-1.112,-0,2.132,0.494,-1.015,0.5
2020-11-13T16:30:00Z,-1.112,-0,2.132,0.494,-1.015,0.5
2020-11-13T16:45:00Z,-1.112,-0,2.132,0.494,-1.015,0.5
2020-11-13T17:00:00Z,-2.073,-0,2.52,0.494,-1.086,-0.145
2020-11-13T17:15:00Z,-2.073,-0,2.52,0.494,-1.086,-0.145
2020-11-13T17:30:00Z,-2.073,-0,2.52,0.494,-1.086,-0.145
2020-11-13T17:45:00Z,-2.073,-0,2.52,0.494,-1.086,-0.145
2020-11-13T18:00:00Z,-2.807,-0.001,3.123,0.494,-1.086,-0.278
2020-11-13T18:15:00Z,-2.807,-0.001,3.123,0.494,-1.086,-0.278
2020-11-13T18:30:00Z,-2.807,-0.001,3.123,0.494,-1.086,-0.278
2020-11-13T18:45:00Z,-2.807,-0.001,3.123,0.494,-1.086,-0.278
2020-11-13T19:00:00Z,-2.252,-0.001,2.704,0.494,-1.076,-0.133
2020-11-13T19:15:00Z,-2.252,-0.001,2.704,0.494,-1.076,-0.133
2020-11-13T19:30:00Z,-2.252,-0.001,2.704,0.494,-1.076,-0.133
2020-11-13T19:45:00Z,-2.252,-0.001,2.704,0.494,-1.076,-0.133
2020-11-13T20:00:00Z,-1.841,-0.002,2.391,0.494,-0.855,0.187
2020-11-13T20:15:00Z,-1.841,-0.002,2.391,0.494,-0.855,0.187
2020-11-13T20:30:00Z,-1.841,-0.002,2.391,0.494,-0.855,0.187
2020-11-13T20:45:00Z,-1.841,-0.002,2.391,0.494,-0.855,0.187
2020-11-13T21:00:00Z,-1.839,-0.002,2.659,0.494,-0.901,0.411
2020-11-13T21:15:00Z,-1.839,-0.002,2.659,0.494,-0.901,0.411
2020-11-13T21:30:00Z,-1.839,-0.002,2.659,0.494,-0.901,0.411
2020-11-13T21:45:00Z,-1.839,-0.002,2.659,0.494,-0.901,0.411
2020-11-13T22:00:00Z,-2.024,-0.002,2.311,0.494,-0.461,0.319
2020-11-13T22:15:00Z,-2.024,-0.002,2.311,0.494,-0.461,0.319
2020-11-13T22:30:00Z,-2.024,-0.002,2.311,0.494,-0.461,0.319
2020-11-13T22:45:00Z,-2.024,-0.002,2.311,0.494,-0.461,0.319
2020-11-13T23:00:00Z,-1.158,-0.002,2.597,0.493,-0.813,1.117
2020-11-13T23:15:00Z,-1.158,-0.002,2.597,0.493,-0.813,1.117
2020-11-13T23:30:00Z,-1.158,-0.002,2.597,0.493,-0.813,1.117
2020-11-13T23:45:00Z,-1.158,-0.002,2.597,0.493,-0.813,1.117
2020-11-14T00:00:00Z,-0.73,-0.002,3.002,0.494,-0.754,2.011
2020-11-14T00:15:00Z,-0.73,-0.002,3.002,0.494,-0.754,2.011
2020-11-14T00:30:00Z,-0.73,-0.002,3.002,0.494,-0.754,2.011
2020-11-14T00:45:00Z,-0.73,-0.002,3.002,0.494,-0.754,2.011
2020-11-14T01:00:00Z,-0.159,-0.002,2.745,0.493,-0.692,2.386
2020-11-14T01:15:00Z,-0.159,-0.002,2.745,0.493,-0.692,2.386
2020-11-14T01:30:00Z,-0.159,-0.002,2.745,0.493,-0.692,2.386
2020-11-14T01:45:00Z,-0.159,-0.002,2.745,0.493,-0.692,2.386
2020-11-14T02:00:00Z,0.594,-0.002,1.73,0.493,-0.259,2.557
2020-11-14T02:15:00Z,0.594,-0.002,1.73,0.493,-0.259,2.557
2020-11-14T02:30:00Z,0.594,-0.002,1.73,0.493,-0.259,2.557
2020-11-14T02:45:00Z,0.594,-0.002,1.73,0.493,-0.259,2.557
2020-11-14T03:00:00Z,1.024,-0.002,0.717,0.494,-0.001,2.232
2020-11-14T03:15:00Z,1.024,-0.002,0.717,0.494,-0.001,2.232
2020-11-14T03:30:00Z,1.024,-0.002,0.717,0.494,-0.001,2.232
2020-11-14T03:45:00Z,1.024,-0.002,0.717,0.494,-0.001,2.232
2020-11-14T04:00:00Z,1.352,-0.002,0.439,0.494,-0.001,2.282
2020-11-14T04:15:00Z,1.352,-0.002,0.439,0.494,-0.001,2.282
2020-11-14T04:30:00Z,1.352,-0.002,0.439,0.494,-0.001,2.282
2020-11-14T04:45:00Z,1.352,-0.002,0.439,0.494,-0.001,2.282
2020-11-14T05:00:00Z,1.181,-0.002,0.286,0.494,0.167,2.126
2020-11-14T05:15:00Z,1.181,-0.002,0.286,0.494,0.167,2.126
2020-11-14T05:30:00Z,1.181,-0.002,0.286,0.494,0.167,2.126
2020-11-14T05:45:00Z,1.181,-0.002,0.286,0.494,0.167,2.126
2020-11-14T06:00:00Z,1.542,-0.002,0.018,0.494,0.1,2.152
2020-11-14T06:15:00Z,1.542,-0.002,0.018,0.494,0.1,2.152
2020-11-14T06:30:00Z,1.542,-0.002,0.018,0.494,0.1,2.152
2020-11-14T06:45:00Z,1.542,-0.002,0.018,0.494,0.1,2.152
2020-11-14T07:00:00Z,1.426,-0.002,-0.062,0.494,0.418,2.274
2020-11-14T07:15:00Z,1.426,-0.002,-0.062,0.494,0.418,2.274
2020-11-14T07:30:00Z,1.426,-0.002,-0.062,0.494,0.418,2.274
2020-11-14T07:45:00Z,1.426,-0.002,-0.062,0.494,0.418,2.274
2020-11-14T08:00:00Z,1.61,-0.002,1.101,0.494,-0.688,2.515
2020-11-14T08:15:00Z,1.61,-0.002,1.101,0.494,-0.688,2.515
2020-11-14T08:30:00Z,1.61,-0.002,1.101,0.494,-0.688,2.515
2020-11-14T08:45:00Z,1.61,-0.002,1.101,0.494,-0.688,2.515
2020-11-14T09:00:00Z,1.532,-0.002,0.999,0.494,-0.827,2.196
2020-11-14T09:15:00Z,1.532,-0.002,0.999,0.494,-0.827,2.196
2020-11-14T09:30:00Z,1.532,-0.002,0.999,0.494,-0.827,2.196
2020-11-14T09:45:00Z,1.532,-0.002,0.999,0.494,-0.827,2.196
2020-11-14T10:00:00Z,1.29,-0.002,0.719,0.494,-0.851,1.651
2020-11-14T10:15:00Z,1.29,-0.002,0.719,0.494,-0.851,1.651
2020-11-14T10:30:00Z,1.29,-0.002,0.719,0.494,-0.851,1.651
2020-11-14T10:45:00Z,1.29,-0.002,0.719,0.494,-0.851,1.651
2020-11-14T11:00:00Z,0.737,-0.002,0.84,0.494,-0.851,1.218
2020-11-14T11:15:00Z,0.737,-0.002,0.84,0.494,-0.851,1.218
2020-11-14T11:30:00Z,0.737,-0.002,0.84,0.494,-0.851,1.218
2020-11-14T11:45:00Z,0.737,-0.002,0.84,0.494,-0.851,1.218
2020-11-14T12:00:00Z,1.166,-0.002,0.34,0.494,-0.851,1.147
2020-11-14T12:15:00Z,1.166,-0.002,0.34,0.494,-0.851,1.147
2020-11-14T12:30:00Z,1.166,-0.002,0.34,0.494,-0.851,1.147
2020-11-14T12:45:00Z,1.166,-0.002,0.34,0.494,-0.851,1.147
2020-11-14T13:00:00Z,1.078,-0.002,0.117,0.494,-0.851,0.836
2020-11-14T13:15:00Z,1.078,-0.002,0.117,0.494,-0.851,0.836
2020-11-14T13:30:00Z,1.078,-0.002,0.117,0.494,-0.851,0.836
2020-11-14T13:45:00Z,1.078,-0.002,0.117,0.494,-0.851,0.836
2020-11-14T14:00:00Z,1.283,-0.002,0.082,0.494,-0.841,1.016
2020-11-14T14:15:00Z,1.283,-0.002,0.082,0.494,-0.841,1.016
2020-11-14T14:30:00Z,1.283,-0.002,0.082,0.494,-0.841,1.016
2020-11-14T14:45:00Z,1.283,-0.002,0.082,0.494,-0.841,1.016
2020-11-14T15:00:00Z,1.119,-0.002,0.064,0.494,-0.661,1.014
2020-11-14T15:15:00Z,1.119,-0.002,0.064,0.494,-0.661,1.014
2020-11-14T15:30:00Z,1.119,-0.002,0.064,0.494,-0.661,1.014
2020-11-14T15:45:00Z,1.119,-0.002,0.064,0.494,-0.661,1.014
2020-11-14T16:00:00Z,1.262,-0.002,0.847,0.494,-1.013,1.589
2020-11-14T16:15:00Z,1.262,-0.002,0.847,0.494,-1.013,1.589
2020-11-14T16:30:00Z,1.262,-0.002,0.847,0.494,-1.013,1.589
2020-11-14T16:45:00Z,1.262,-0.002,0.847,0.494,-1.013,1.589
2020-11-14T17:00:00Z,0.589,-0.002,0.649,0.494,-1.022,0.708
2020-11-14T17:15:00Z,0.589,-0.002,0.649,0.494,-1.022,0.708
2020-11-14T17:30:00Z,0.589,-0.002,0.649,0.494,-1.022,0.708
2020-11-14T17:45:00Z,0.589,-0.002,0.649,0.494,-1.022,0.708
2020-11-14T18:00:00Z,-0.263,-0.001,1.005,0.494,-0.92,0.315
2020-11-14T18:15:00Z,-0.263,-0.001,1.005,0.494,-0.92,0.315
2020-11-14T18:30:00Z,-0.263,-0.001,1.005,0.494,-0.92,0.315
2020-11-14T18:45:00Z,-0.263,-0.001,1.005,0.494,-0.92,0.315
2020-11-14T19:00:00Z,0.119,-0.001,1.129,0.494,-0.767,0.974
2020-11-14T19:15:00Z,0.119,-0.001,1.129,0.494,-0.767,0.974
2020-11-14T19:30:00Z,0.119,-0.001,1.129,0.494,-0.767,0.974
2020-11-14T19:45:00Z,0.119,-0.001,1.129,0.494,-0.767,0.974
2020-11-14T20:00:00Z,0.628,-0.001,1.1,0.494,-0.536,1.685
2020-11-14T20:15:00Z,0.628,-0.001,1.1,0.494,-0.536,1.685
2020-11-14T20:30:00Z,0.628,-0.001,1.1,0.494,-0.536,1.685
2020-11-14T20:45:00Z,0.628,-0.001,1.1,0.494,-0.536,1.685
2020-11-14T21:00:00Z,0.28,-0.001,0.434,0.494,0.483,1.69
2020-11-14T21:15:00Z,0.28,-0.001,0.434,0.494,0.483,1.69
2020-11-14T21:30:00Z,0.28,-0.001,0.434,0.494,0.483,1.69
2020-11-14T21:45:00Z,0.28,-0.001,0.434,0.494,0.483,1.69
2020-11-14T22:00:00Z,0.009,-0.001,0.227,0.494,0.85,1.579
2020-11-14T22:15:00Z,0.009,-0.001,0.227,0.494,0.85,1.579
2020-11-14T22:30:00Z,0.009,-0.001,0.227,0.494,0.85,1.579
2020-11-14T22:45:00Z,0.009,-0.001,0.227,0.494,0.85,1.579
2020-11-14T23:00:00Z,0.611,-0.001,0.4,0.494,0.256,1.759
2020-11-14T23:15:00Z,0.611,-0.001,0.4,0.494,0.256,1.759
2020-11-14T23:30:00Z,0.611,-0.001,0.4,0.494,0.256,1.759
2020-11-14T23:45:00Z,0.611,-0.001,0.4,0.494,0.256,1.759
2020-11-15T00:00:00Z,0.002,-0.001,0.391,0.482,0.807,1.68
2020-11-15T00:15:00Z,0.002,-0.001,0.391,0.482,0.807,1.68
2020-11-15T00:30:00Z,0.002,-0.001,0.391,0.482,0.807,1.68
2020-11-15T00:45:00Z,0.002,-0.001,0.391,0.482,0.807,1.68
2020-11-15T01:00:00Z,0.386,-0.001,0.405,0.479,0.431,1.7
2020-11-15T01:15:00Z,0.386,-0.001,0.405,0.479,0.431,1.7
2020-11-15T01:30:00Z,0.386,-0.001,0.405,0.479,0.431,1.7
2020-11-15T01:45:00Z,0.386,-0.001,0.405,0.479,0.431,1.7
2020-11-15T02:00:00Z,1.152,-0.001,0.154,0.159,0.188,1.651
2020-11-15T02:15:00Z,1.152,-0.001,0.154,0.159,0.188,1.651
2020-11-15T02:30:00Z,1.152,-0.001,0.154,0.159,0.188,1.651
2020-11-15T02:45:00Z,1.152,-0.001,0.154,0.159,0.188,1.651
2020-11-15T03:00:00Z,1.58,-0.001,0.105,-0.176,0.101,1.61
2020-11-15T03:15:00Z,1.58,-0.001,0.105,-0.176,0.101,1.61
2020-11-15T03:30:00Z,1.58,-0.001,0.105,-0.176,0.101,1.61
2020-11-15T03:45:00Z,1.58,-0.001,0.105,-0.176,0.101,1.61
2020-11-15T04:00:00Z,1.881,-0.001,0.098,-0.59,0.275,1.662
2020-11-15T04:15:00Z,1.881,-0.001,0.098,-0.59,0.275,1.662
2020-11-15T04:30:00Z,1.881,-0.001,0.098,-0.59,0.275,1.662
2020-11-15T04:45:00Z,1.881,-0.001,0.098,-0.59,0.275,1.662
2020-11-15T05:00:00Z,1.486,-0.001,0.044,-0.085,0.229,1.673
2020-11-15T05:15:00Z,1.486,-0.001,0.044,-0.085,0.229,1.673
2020-11-15T05:30:00Z,1.486,-0.001,0.044,-0.085,0.229,1.673
2020-11-15T05:45:00Z,1.486,-0.001,0.044,-0.085,0.229,1.673
2020-11-15T06:00:00Z,1.165,-0.001,-0.064,0.481,0.346,1.927
2020-11-15T06:15:00Z,1.165,-0.001,-0.064,0.481,0.346,1.927
2020-11-15T06:30:00Z,1.165,-0.001,-0.064,0.481,0.346,1.927
2020-11-15T06:45:00Z,1.165,-0.001,-0.064,0.481,0.346,1.927
2020-11-15T07:00:00Z,1.264,-0.001,-0.014,0.494,0.093,1.835
2020-11-15T07:15:00Z,1.264,-0.001,-0.014,0.494,0.093,1.835
2020-11-15T07:30:00Z,1.264,-0.001,-0.014,0.494,0.093,1.835
2020-11-15T07:45:00Z,1.264,-0.001,-0.014,0.494,0.093,1.835
2020-11-15T08:00:00Z,1.247,-0.001,0.524,0.494,-0.537,1.726
2020-11-15T08:15:00Z,1.247,-0.001,0.524,0.494,-0.537,1.726
2020-11-15T08:30:00Z,1.247,-0.001,0.524,0.494,-0.537,1.726
2020-11-15T08:45:00Z,1.247,-0.001,0.524,0.494,-0.537,1.726
2020-11-15T09:00:00Z,0.789,-0,0.691,0.494,-0.772,1.202
2020-11-15T09:15:00Z,0.789,-0,0.691,0.494,-0.772,1.202
2020-11-15T09:30:00Z,0.789,-0,0.691,0.494,-0.772,1.202
2020-11-15T09:45:00Z,0.789,-0,0.691,0.494,-0.772,1.202
2020-11-15T10:00:00Z,0.324,-0,0.948,0.494,-0.776,0.99
2020-11-15T10:15:00Z,0.324,-0,0.948,0.494,-0.776,0.99
2020-11-15T10:30:00Z,0.324,-0,0.948,0.494,-0.776,0.99
2020-11-15T10:45:00Z,0.324,-0,0.948,0.494,-0.776,0.99
2020-11-15T11:00:00Z,-0.029,-0,1.323,0.494,-0.855,0.933
2020-11-15T11:15:00Z,-0.029,-0,1.323,0.494,-0.855,0.933
2020-11-15T11:30:00Z,-0.029,-0,1.323,0.494,-0.855,0.933
2020-11-15T11:45:00Z,-0.029,-0,1.323,0.494,-0.855,0.933
2020-11-15T12:00:00Z,0.237,-0,1.069,0.495,-0.794,1.007
2020-11-15T12:15:00Z,0.237,-0,1.069,0.495,-0.794,1.007
2020-11-15T12:30:00Z,0.237,-0,1.069,0.495,-0.794,1.007
2020-11-15T12:45:00Z,0.237,-0,1.069,0.495,-0.794,1.007
2020-11-15T13:00:00Z,0.353,0,0.981,0.494,-0.677,1.151
2020-11-15T13:15:00Z,0.353,0,0.981,0.494,-0.677,1.151
2020-11-15T13:30:00Z,0.353,0,0.981,0.494,-0.677,1.151
2020-11-15T13:45:00Z,0.353,0,0.981,0.494,-0.677,1.151
2020-11-15T14:00:00Z,0.398,0,1.343,0.494,-0.864,1.372
2020-11-15T14:15:00Z,0.398,0,1.343,0.494,-0.864,1.372
2020-11-15T14:30:00Z,0.398,0,1.343,0.494,-0.864,1.372
2020-11-15T14:45:00Z,0.398,0,1.343,0.494,-0.864,1.372
2020-11-15T15:00:00Z,0.126,0,1.636,0.494,-0.721,1.535
2020-11-15T15:15:00Z,0.126,0,1.636,0.494,-0.721,1.535
2020-11-15T15:30:00Z,0.126,0,1.636,0.494,-0.721,1.535
2020-11-15T15:45:00Z,0.126,0,1.636,0.494,-0.721,1.535
2020-11-15T16:00:00Z,0.079,0,2.005,0.494,-0.929,1.65
2020-11-15T16:15:00Z,0.079,0,2.005,0.494,-0.929,1.65
2020-11-15T16:30:00Z,0.079,0,2.005,0.494,-0.929,1.65
2020-11-15T16:45:00Z,0.079,0,2.005,0.494,-0.929,1.65
2020-11-15T17:00:00Z,-0.559,0,1.95,0.494,-1.074,0.811
2020-11-15T17:15:00Z,-0.559,0,1.95,0.494,-1.074,0.811
2020-11-15T17:30:00Z,-0.559,0,1.95,0.494,-1.074,0.811
2020-11-15T17:45:00Z,-0.559,0,1.95,0.494,-1.074,0.811
2020-11-15T18:00:00Z,-0.933,0,1.843,0.494,-0.882,0.522
2020-11-15T18:15:00Z,-0.933,0,1.843,0.494,-0.882,0.522
2020-11-15T18:30:00Z,-0.933,0,1.843,0.494,-0.882,0.522
2020-11-15T18:45:00Z,-0.933,0,1.843,0.494,-0.882,0.522
2020-11-15T19:00:00Z,-0.762,0,1.556,0.494,-1.067,0.221
2020-11-15T19:15:00Z,-0.762,0,1.556,0.494,-1.067,0.221
2020-11-15T19:30:00Z,-0.762,0,1.556,0.494,-1.067,0.221
2020-11-15T19:45:00Z,-0.762,0,1.556,0.494,-1.067,0.221
2020-11-15T20:00:00Z,-0.364,0,1.202,0.494,-0.875,0.457
2020-11-15T20:15:00Z,-0.364,0,1.202,0.494,-0.875,0.457
2020-11-15T20:30:00Z,-0.364,0,1.202,0.494,-0.875,0.457
2020-11-15T20:45:00Z,-0.364,0,1.202,0.494,-0.875,0.457
2020-11-15T21:00:00Z,-0.178,0,0.782,0.494,-0.144,0.954
2020-11-15T21:15:00Z,-0.178,0,0.782,0.494,-0.144,0.954
2020-11-15T21:30:00Z,-0.178,0,0.782,0.494,-0.144,0.954
2020-11-15T21:45:00Z,-0.178,0,0.782,0.494,-0.144,0.954
2020-11-15T22:00:00Z,-0.552,0,0.833,0.494,0.318,1.092
2020-11-15T22:15:00Z,-0.552,0,0.833,0.494,0.318,1.092
2020-11-15T22:30:00Z,-0.552,0,0.833,0.494,0.318,1.092
2020-11-15T22:45:00Z,-0.552,0,0.833,0.494,0.318,1.092
2020-11-15T23:00:00Z,-0.557,-0,0.967,0.494,0.51,1.414
2020-11-15T23:15:00Z,-0.557,-0,0.967,0.494,0.51,1.414
2020-11-15T23:30:00Z,-0.557,-0,0.967,0.494,0.51,1.414
2020-11-15T23:45:00Z,-0.557,-0,0.967,0.494,0.51,1.414
2020-11-16T00:00:00Z,-0.598,0,0.835,0.494,0.661,1.392
2020-11-16T00:15:00Z,-0.598,0,0.835,0.494,0.661,1.392
2020-11-16T00:30:00Z,-0.598,0,0.835,0.494,0.661,1.392
2020-11-16T00:45:00Z,-0.598,0,0.835,0.494,0.661,1.392
2020-11-16T01:00:00Z,-0.506,0,0.621,0.491,0.664,1.269
2020-11-16T01:15:00Z,-0.506,0,0.621,0.491,0.664,1.269
2020-11-16T01:30:00Z,-0.506,0,0.621,0.491,0.664,1.269
2020-11-16T01:45:00Z,-0.506,0,0.621,0.491,0.664,1.269
2020-11-16T02:00:00Z,0.248,0,0.144,0.385,0.67,1.447
2020-11-16T02:15:00Z,0.248,0,0.144,0.385,0.67,1.447
2020-11-16T02:30:00Z,0.248,0,0.144,0.385,0.67,1.447
2020-11-16T02:45:00Z,0.248,0,0.144,0.385,0.67,1.447
2020-11-16T03:00:00Z,0.5,-0,0.456,-0.068,0.645,1.533
2020-11-16T03:15:00Z,0.5,-0,0.456,-0.068,0.645,1.533
2020-11-16T03:30:00Z,0.5,-0,0.456,-0.068,0.645,1.533
2020-11-16T03:45:00Z,0.5,-0,0.456,-0.068,0.645,1.533
2020-11-16T04:00:00Z,0.916,-0,-0.277,0.481,0.265,1.386
2020-11-16T04:15:00Z,0.916,-0,-0.277,0.481,0.265,1.386
2020-11-16T04:30:00Z,0.916,-0,-0.277,0.481,0.265,1.386
2020-11-16T04:45:00Z,0.916,-0,-0.277,0.481,0.265,1.386
2020-11-16T05:00:00Z,0.059,-0,0.276,0.494,0.092,0.92
2020-11-16T05:15:00Z,0.059,-0,0.276,0.494,0.092,0.92
2020-11-16T05:30:00Z,0.059,-0,0.276,0.494,0.092,0.92
2020-11-16T05:45:00Z,0.059,-0,0.276,0.494,0.092,0.92
2020-11-16T06:00:00Z,-0.237,-0,0.329,0.494,-0.544,0.043
2020-11-16T06:15:00Z,-0.237,-0,0.329,0.494,-0.544,0.043
2020-11-16T06:30:00Z,-0.237,-0,0.329,0.494,-0.544,0.043
2020-11-16T06:45:00Z,-0.237,-0,0.329,0.494,-0.544,0.043
2020-11-16T07:00:00Z,-0.658,0,0.747,0.494,-0.93,-0.347
2020-11-16T07:15:00Z,-0.658,0,0.747,0.494,-0.93,-0.347
2020-11-16T07:30:00Z,-0.658,0,0.747,0.494,-0.93,-0.347
2020-11-16T07:45:00Z,-0.658,0,0.747,0.494,-0.93,-0.347
2020-11-16T08:00:00Z,-0.676,-0,0.551,0.494,-0.505,-0.136
2020-11-16T08:15:00Z,-0.676,-0,0.551,0.494,-0.505,-0.136
2020-11-16T08:30:00Z,-0.676,-0,0.551,0.494,-0.505,-0.136
2020-11-16T08:45:00Z,-0.676,-0,0.551,0.494,-0.505,-0.136
2020-11-16T09:00:00Z,-0.663,-0,1.124,0.494,-1.018,-0.063
2020-11-16T09:15:00Z,-0.663,-0,1.124,0.494,-1.018,-0.063
2020-11-16T09:30:00Z,-0.663,-0,1.124,0.494,-1.018,-0.063
2020-11-16T09:45:00Z,-0.663,-0,1.124,0.494,-1.018,-0.063
2020-11-16T10:00:00Z,-0.608,0,0.681,0.494,-0.845,-0.278
2020-11-16T10:15:00Z,-0.608,0,0.681,0.494,-0.845,-0.278
2020-11-16T10:30:00Z,-0.608,0,0.681,0.494,-0.845,-0.278
2020-11-16T10:45:00Z,-0.608,0,0.681,0.494,-0.845,-0.278
2020-11-16T11:00:00Z,-0.467,-0,0.4,0.494,-0.793,-0.366
2020-11-16T11:15:00Z,-0.467,-0,0.4,0.494,-0.793,-0.366
2020-11-16T11:30:00Z,-0.467,-0,0.4,0.494,-0.793,-0.366
2020-11-16T11:45:00Z,-0.467,-0,0.4,0.494,-0.793,-0.366
2020-11-16T12:00:00Z,-0.62,-0.001,0.542,0.494,-0.453,-0.037
2020-11-16T12:15:00Z,-0.62,-0.001,0.542,0.494,-0.453,-0.037
2020-11-16T12:30:00Z,-0.62,-0.001,0.542,0.494,-0.453,-0.037
2020-11-16T12:45:00Z,-0.62,-0.001,0.542,0.494,-0.453,-0.037
2020-11-16T13:00:00Z,-0.07,-0.001,0.879,0.494,-1.021,0.281
2020-11-16T13:15:00Z,-0.07,-0.001,0.879,0.494,-1.021,0.281
2020-11-16T13:30:00Z,-0.07,-0.001,0.879,0.494,-1.021,0.281
2020-11-16T13:45:00Z,-0.07,-0.001,0.879,0.494,-1.021,0.281
2020-11-16T14:00:00Z,0.131,-0.001,1.141,0.494,-0.929,0.836
2020-11-16T14:15:00Z,0.131,-0.001,1.141,0.494,-0.929,0.836
2020-11-16T14:30:00Z,0.131,-0.001,1.141,0.494,-0.929,0.836
2020-11-16T14:45:00Z,0.131,-0.001,1.141,0.494,-0.929,0.836
2020-11-16T15:00:00Z,0.21,-0.001,1.109,0.493,-0.578,1.233
2020-11-16T15:15:00Z,0.21,-0.001,1.109,0.493,-0.578,1.233
2020-11-16T15:30:00Z,0.21,-0.001,1.109,0.493,-0.578,1.233
2020-11-16T15:45:00Z,0.21,-0.001,1.109,0.493,-0.578,1.233
2020-11-16T16:00:00Z,0.259,-0.001,1.467,0.493,-0.693,1.527
2020-11-16T16:15:00Z,0.259,-0.001,1.467,0.493,-0.693,1.527
2020-11-16T16:30:00Z,0.259,-0.001,1.467,0.493,-0.693,1.527
2020-11-16T16:45:00Z,0.259,-0.001,1.467,0.493,-0.693,1.527
2020-11-16T17:00:00Z,-0.767,-0.001,1.503,0.494,-0.779,0.45
2020-11-16T17:15:00Z,-0.767,-0.001,1.503,0.494,-0.779,0.45
2020-11-16T17:30:00Z,-0.767,-0.001,1.503,0.494,-0.779,0.45
2020-11-16T17:45:00Z,-0.767,-0.001,1.503,0.494,-0.779,0.45
2020-11-16T18:00:00Z,-1.446,-0.001,1.749,0.494,-0.664,0.132
2020-11-16T18:15:00Z,-1.446,-0.001,1.749,0.494,-0.664,0.132
2020-11-16T18:30:00Z,-1.446,-0.001,1.749,0.494,-0.664,0.132
2020-11-16T18:45:00Z,-1.446,-0.001,1.749,0.494,-0.664,0.132
2020-11-16T19:00:00Z,-1.191,-0.001,0.819,0.494,-0.69,-0.569
2020-11-16T19:15:00Z,-1.191,-0.001,0.819,0.494,-0.69,-0.569
2020-11-16T19:30:00Z,-1.191,-0.001,0.819,0.494,-0.69,-0.569
2020-11-16T19:45:00Z,-1.191,-0.001,0.819,0.494,-0.69,-0.569
2020-11-16T20:00:00Z,-1.382,-0.001,1.255,0.494,-0.747,-0.38
2020-11-16T20:15:00Z,-1.382,-0.001,1.255,0.494,-0.747,-0.38
2020-11-16T20:30:00Z,-1.382,-0.001,1.255,0.494,-0.747,-0.38
2020-11-16T20:45:00Z,-1.382,-0.001,1.255,0.494,-0.747,-0.38
2020-11-16T21:00:00Z,-2.129,-0.001,1.661,0.494,-0.867,-0.842
2020-11-16T21:15:00Z,-2.129,-0.001,1.661,0.494,-0.867,-0.842
2020-11-16T21:30:00Z,-2.129,-0.001,1.661,0.494,-0.867,-0.842
2020-11-16T21:45:00Z,-2.129,-0.001,1.661,0.494,-0.867,-0.842
2020-11-16T22:00:00Z,-2.471,-0.001,1.508,0.494,-0.633,-1.103
2020-11-16T22:15:00Z,-2.471,-0.001,1.508,0.494,-0.633,-1.103
2020-11-16T22:30:00Z,-2.471,-0.001,1.508,0.494,-0.633,-1.103
2020-11-16T22:45:00Z,-2.471,-0.001,1.508,0.494,-0.633,-1.103
2020-11-16T23:00:00Z,-0.846,-0.001,-0.211,0.494,-0,-0.564
2020-11-16T23:15:00Z,-0.846,-0.001,-0.211,0.494,-0,-0.564
2020-11-16T23:30:00Z,-0.846,-0.001,-0.211,0.494,-0,-0.564
2020-11-16T23:45:00Z,-0.846,-0.001,-0.211,0.494,-0,-0.564
2020-11-17T00:00:00Z,-0.497,-0.001,0.013,0.494,-0,0.009
2020-11-17T00:15:00Z,-0.497,-0.001,0.013,0.494,-0,0.009
2020-11-17T00:30:00Z,-0.497,-0.001,0.013,0.494,-0,0.009
2020-11-17T00:45:00Z,-0.497,-0.001,0.013,0.494,-0,0.009
2020-11-17T01:00:00Z,0.056,-0.001,-0.183,0.494,-0.378,-0.013
2020-11-17T01:15:00Z,0.056,-0.001,-0.183,0.494,-0.378,-0.013
2020-11-17T01:30:00Z,0.056,-0.001,-0.183,0.494,-0.378,-0.013
2020-11-17T01:45:00Z,0.056,-0.001,-0.183,0.494,-0.378,-0.013
2020-11-17T02:00:00Z,0.269,-0.001,-0.645,0.494,-0.279,-0.162
2020-11-17T02:15:00Z,0.269,-0.001,-0.645,0.494,-0.279,-0.162
2020-11-17T02:30:00Z,0.269,-0.001,-0.645,0.494,-0.279,-0.162
2020-11-17T02:45:00Z,0.269,-0.001,-0.645,0.494,-0.279,-0.162
2020-11-17T03:00:00Z,0.62,-0.002,-1.204,0.494,-0.185,-0.277
2020-11-17T03:15:00Z,0.62,-0.002,-1.204,0.494,-0.185,-0.277
2020-11-17T03:30:00Z,0.62,-0.002,-1.204,0.494,-0.185,-0.277
2020-11-17T03:45:00Z,0.62,-0.002,-1.204,0.494,-0.185,-0.277
2020-11-17T04:00:00Z,0.476,-0.001,-1.379,0.494,0.241,-0.169
2020-11-17T04:15:00Z,0.476,-0.001,-1.379,0.494,0.241,-0.169
2020-11-17T04:30:00Z,0.476,-0.001,-1.379,0.494,0.241,-0.169
2020-11-17T04:45:00Z,0.476,-0.001,-1.379,0.494,0.241,-0.169
2020-11-17T05:00:00Z,-0.472,-0.001,-1.001,0.494,0.239,-0.741
2020-11-17T05:15:00Z,-0.472,-0.001,-1.001,0.494,0.239,-0.741
2020-11-17T05:30:00Z,-0.472,-0.001,-1.001,0.494,0.239,-0.741
2020-11-17T05:45:00Z,-0.472,-0.001,-1.001,0.494,0.239,-0.741
2020-11-17T06:00:00Z,-1.551,-0,-0.455,0.494,0,-1.512
2020-11-17T06:15:00Z,-1.551,-0,-0.455,0.494,0,-1.512
2020-11-17T06:30:00Z,-1.551,-0,-0.455,0.494,0,-1.512
2020-11-17T06:45:00Z,-1.551,-0,-0.455,0.494,0,-1.512
2020-11-17T07:00:00Z,-1.749,-0,0.46,0.493,-0.553,-1.349
2020-11-17T07:15:00Z,-1.749,-0,0.46,0.493,-0.553,-1.349
2020-11-17T07:30:00Z,-1.749,-0,0.46,0.493,-0.553,-1.349
2020-11-17T07:45:00Z,-1.749,-0,0.46,0.493,-0.553,-1.349
2020-11-17T08:00:00Z,-1.671,-0.001,1.287,0.494,-0.92,-0.811
2020-11-17T08:15:00Z,-1.671,-0.001,1.287,0.494,-0.92,-0.811
2020-11-17T08:30:00Z,-1.671,-0.001,1.287,0.494,-0.92,-0.811
2020-11-17T08:45:00Z,-1.671,-0.001,1.287,0.494,-0.92,-0.811
2020-11-17T09:00:00Z,-1.65,-0,0.913,0.494,-0.929,-1.173
2020-11-17T09:15:00Z,-1.65,-0,0.913,0.494,-0.929,-1.173
2020-11-17T09:30:00Z,-1.65,-0,0.913,0.494,-0.929,-1.173
2020-11-17T09:45:00Z,-1.65,-0,0.913,0.494,-0.929,-1.173
2020-11-17T10:00:00Z,-1.423,-0,0.993,0.494,-1.025,-0.962
2020-11-17T10:15:00Z,-1.423,-0,0.993,0.494,-1.025,-0.962
2020-11-17T10:30:00Z,-1.423,-0,0.993,0.494,-1.025,-0.962
2020-11-17T10:45:00Z,-1.423,-0,0.993,0.494,-1.025,-0.962
2020-11-17T11:00:00Z,-1.272,-0,1.075,0.494,-1.025,-0.728
2020-11-17T11:15:00Z,-1.272,-0,1.075,0.494,-1.025,-0.728
2020-11-17T11:30:00Z,-1.272,-0,1.075,0.494,-1.025,-0.728
2020-11-17T11:45:00Z,-1.272,-0,1.075,0.494,-1.025,-0.728
2020-11-17T12:00:00Z,-1.405,-0,1.305,0.494,-1.025,-0.632
2020-11-17T12:15:00Z,-1.405,-0,1.305,0.494,-1.025,-0.632
2020-11-17T12:30:00Z,-1.405,-0,1.305,0.494,-1.025,-0.632
2020-11-17T12:45:00Z,-1.405,-0,1.305,0.494,-1.025,-0.632
2020-11-17T13:00:00Z,-1.3,-0.001,0.938,0.494,-1.024,-0.893
2020-11-17T13:15:00Z,-1.3,-0.001,0.938,0.494,-1.024,-0.893
2020-11-17T13:30:00Z,-1.3,-0.001,0.938,0.494,-1.024,-0.893
2020-11-17T13:45:00Z,-1.3,-0.001,0.938,0.494,-1.024,-0.893
2020-11-17T14:00:00Z,-1.049,-0.001,0.767,0.494,-1.006,-0.794
2020-11-17T14:15:00Z,-1.049,-0.001,0.767,0.494,-1.006,-0.794
2020-11-17T14:30:00Z,-1.049,-0.001,0.767,0.494,-1.006,-0.794
2020-11-17T14:45:00Z,-1.049,-0.001,0.767,0.494,-1.006,-0.794
2020-11-17T15:00:00Z,-1.402,-0.001,0.702,0.494,-0.589,-0.795
2020-11-17T15:15:00Z,-1.402,-0.001,0.702,0.494,-0.589,-0.795
2020-11-17T15:30:00Z,-1.402,-0.001,0.702,0.494,-0.589,-0.795
2020-11-17T15:45:00Z,-1.402,-0.001,0.702,0.494,-0.589,-0.795
2020-11-17T16:00:00Z,-1.58,-0.001,1.732,0.494,-1.027,-0.381
2020-11-17T16:15:00Z,-1.58,-0.001,1.732,0.494,-1.027,-0.381
2020-11-17T16:30:00Z,-1.58,-0.001,1.732,0.494,-1.027,-0.381
2020-11-17T16:45:00Z,-1.58,-0.001,1.732,0.494,-1.027,-0.381
2020-11-17T17:00:00Z,-2.537,-0,1.893,0.494,-1.086,-1.236
2020-11-17T17:15:00Z,-2.537,-0,1.893,0.494,-1.086,-1.236
2020-11-17T17:30:00Z,-2.537,-0,1.893,0.494,-1.086,-1.236
2020-11-17T17:45:00Z,-2.537,-0,1.893,0.494,-1.086,-1.236
2020-11-17T18:00:00Z,-3.026,-0,1.925,0.494,-1.084,-1.691
2020-11-17T18:15:00Z,-3.026,-0,1.925,0.494,-1.084,-1.691
2020-11-17T18:30:00Z,-3.026,-0,1.925,0.494,-1.084,-1.691
2020-11-17T18:45:00Z,-3.026,-0,1.925,0.494,-1.084,-1.691
2020-11-17T19:00:00Z,-2.73,-0,1.251,0.494,-1.045,-2.03
2020-11-17T19:15:00Z,-2.73,-0,1.251,0.494,-1.045,-2.03
2020-11-17T19:30:00Z,-2.73,-0,1.251,0.494,-1.045,-2.03
2020-11-17T19:45:00Z,-2.73,-0,1.251,0.494,-1.045,-2.03
2020-11-17T20:00:00Z,-2.655,-0,1.546,0.494,-0.945,-1.559
2020-11-17T20:15:00Z,-2.655,-0,1.546,0.494,-0.945,-1.559
2020-11-17T20:30:00Z,-2.655,-0,1.546,0.494,-0.945,-1.559
2020-11-17T20:45:00Z,-2.655,-0,1.546,0.494,-0.945,-1.559
2020-11-17T21:00:00Z,-2.607,-0.001,1.812,0.494,-0.844,-1.146
2020-11-17T21:15:00Z,-2.607,-0.001,1.812,0.494,-0.844,-1.146
2020-11-17T21:30:00Z,-2.607,-0.001,1.812,0.494,-0.844,-1.146
2020-11-17T21:45:00Z,-2.607,-0.001,1.812,0.494,-0.844,-1.146
2020-11-17T22:00:00Z,-2.387,-0.001,1.49,0.494,-0.762,-1.165
2020-11-17T22:15:00Z,-2.387,-0.001,1.49,0.494,-0.762,-1.165
2020-11-17T22:30:00Z,-2.387,-0.001,1.49,0.494,-0.762,-1.165
2020-11-17T22:45:00Z,-2.387,-0.001,1.49,0.494,-0.762,-1.165
2020-11-17T23:00:00Z,-1.276,-0.001,1.184,0.494,-0.748,-0.347
2020-11-17T23:15:00Z,-1.276,-0.001,1.184,0.494,-0.748,-0.347
2020-11-17T23:30:00Z,-1.276,-0.001,1.184,0.494,-0.748,-0.347
2020-11-17T23:45:00Z,-1.276,-0.001,1.184,0.494,-0.748,-0.347
2020-11-18T00:00:00Z,-0.739,-0.001,0.817,0.495,-0.286,0.287
2020-11-18T00:15:00Z,-0.739,-0.001,0.817,0.495,-0.286,0.287
2020-11-18T00:30:00Z,-0.739,-0.001,0.817,0.495,-0.286,0.287
2020-11-18T00:45:00Z,-0.739,-0.001,0.817,0.495,-0.286,0.287
2020-11-18T01:00:00Z,-0.444,-0,0.469,0.495,-0.001,0.519
2020-11-18T01:15:00Z,-0.444,-0,0.469,0.495,-0.001,0.519
2020-11-18T01:30:00Z,-0.444,-0,0.469,0.495,-0.001,0.519
2020-11-18T01:45:00Z,-0.444,-0,0.469,0.495,-0.001,0.519
2020-11-18T02:00:00Z,0.211,0,0.279,0.494,-0.228,0.756
2020-11-18T02:15:00Z,0.211,0,0.279,0.494,-0.228,0.756
2020-11-18T02:30:00Z,0.211,0,0.279,0.494,-0.228,0.756
2020-11-18T02:45:00Z,0.211,0,0.279,0.494,-0.228,0.756
2020-11-18T03:00:00Z,0.688,-0,-0.887,0.495,0.523,0.818
2020-11-18T03:15:00Z,0.688,-0,-0.887,0.495,0.523,0.818
2020-11-18T03:30:00Z,0.688,-0,-0.887,0.495,0.523,0.818
2020-11-18T03:45:00Z,0.688,-0,-0.887,0.495,0.523,0.818
2020-11-18T04:00:00Z,0.566,0,-1.305,0.494,0.652,0.407
2020-11-18T04:15:00Z,0.566,0,-1.305,0.494,0.652,0.407
2020-11-18T04:30:00Z,0.566,0,-1.305,0.494,0.652,0.407
2020-11-18T04:45:00Z,0.566,0,-1.305,0.494,0.652,0.407
2020-11-18T05:00:00Z,0.162,0,-0.949,0.494,0.42,0.127
2020-11-18T05:15:00Z,0.162,0,-0.949,0.494,0.42,0.127
2020-11-18T05:30:00Z,0.162,0,-0.949,0.494,0.42,0.127
2020-11-18T05:45:00Z,0.162,0,-0.949,0.494,0.42,0.127
2020-11-18T06:00:00Z,0.234,-0,-0.229,0.494,0.103,0.604
2020-11-18T06:15:00Z,0.234,-0,-0.229,0.494,0.103,0.604
2020-11-18T06:30:00Z,0.234,-0,-0.229,0.494,0.103,0.604
2020-11-18T06:45:00Z,0.234,-0,-0.229,0.494,0.103,0.604
2020-11-18T07:00:00Z,0.608,-0,0.57,0.494,-0.552,1.12
2020-11-18T07:15:00Z,0.608,-0,0.57,0.494,-0.552,1.12
2020-11-18T07:30:00Z,0.608,-0,0.57,0.494,-0.552,1.12
2020-11-18T07:45:00Z,0.608,-0,0.57,0.494,-0.552,1.12
2020-11-18T08:00:00Z,-0.101,-0,0.521,0.494,-0.216,0.698
2020-11-18T08:15:00Z,-0.101,-0,0.521,0.494,-0.216,0.698
2020-11-18T08:30:00Z,-0.101,-0,0.521,0.494,-0.216,0.698
2020-11-18T08:45:00Z,-0.101,-0,0.521,0.494,-0.216,0.698
2020-11-18T09:00:00Z,-0.122,-0,-0.085,0.494,-0.748,-0.461
2020-11-18T09:15:00Z,-0.122,-0,-0.085,0.494,-0.748,-0.461
2020-11-18T09:30:00Z,-0.122,-0,-0.085,0.494,-0.748,-0.461
2020-11-18T09:45:00Z,-0.122,-0,-0.085,0.494,-0.748,-0.461
2020-11-18T10:00:00Z,-0.286,-0,-0.79,0.494,-0.818,-1.4
2020-11-18T10:15:00Z,-0.286,-0,-0.79,0.494,-0.818,-1.4
2020-11-18T10:30:00Z,-0.286,-0,-0.79,0.494,-0.818,-1.4
2020-11-18T10:45:00Z,-0.286,-0,-0.79,0.494,-0.818,-1.4
2020-11-18T11:00:00Z,-0.462,-0,-0.83,0.494,-0.877,-1.675
2020-11-18T11:15:00Z,-0.462,-0,-0.83,0.494,-0.877,-1.675
2020-11-18T11:30:00Z,-0.462,-0,-0.83,0.494,-0.877,-1.675
2020-11-18T11:45:00Z,-0.462,-0,-0.83,0.494,-0.877,-1.675
2020-11-18T12:00:00Z,-0.477,-0,-0.794,0.494,-0.973,-1.75
2020-11-18T12:15:00Z,-0.477,-0,-0.794,0.494,-0.973,-1.75
2020-11-18T12:30:00Z,-0.477,-0,-0.794,0.494,-0.973,-1.75
2020-11-18T12:45:00Z,-0.477,-0,-0.794,0.494,-0.973,-1.75
2020-11-18T13:00:00Z,-0.253,-0,-0.635,0.494,-0.973,-1.368
2020-11-18T13:15:00Z,-0.253,-0,-0.635,0.494,-0.973,-1.368
2020-11-18T13:30:00Z,-0.253,-0,-0.635,0.494,-0.973,-1.368
2020-11-18T13:45:00Z,-0.253,-0,-0.635,0.494,-0.973,-1.368
2020-11-18T14:00:00Z,0.502,-0,-0.45,0.494,-0.961,-0.415
2020-11-18T14:15:00Z,0.502,-0,-0.45,0.494,-0.961,-0.415
2020-11-18T14:30:00Z,0.502,-0,-0.45,0.494,-0.961,-0.415
2020-11-18T14:45:00Z,0.502,-0,-0.45,0.494,-0.961,-0.415
2020-11-18T15:00:00Z,0.116,0,-0.147,0.494,-0.174,0.288
2020-11-18T15:15:00Z,0.116,0,-0.147,0.494,-0.174,0.288
2020-11-18T15:30:00Z,0.116,0,-0.147,0.494,-0.174,0.288
2020-11-18T15:45:00Z,0.116,0,-0.147,0.494,-0.174,0.288
2020-11-18T16:00:00Z,-0.386,-0,1.556,0.494,-0.702,0.962
2020-11-18T16:15:00Z,-0.386,-0,1.556,0.494,-0.702,0.962
2020-11-18T16:30:00Z,-0.386,-0,1.556,0.494,-0.702,0.962
2020-11-18T16:45:00Z,-0.386,-0,1.556,0.494,-0.702,0.962
2020-11-18T17:00:00Z,-1.818,-0,1.905,0.495,-1.033,-0.452
2020-11-18T17:15:00Z,-1.818,-0,1.905,0.495,-1.033,-0.452
2020-11-18T17:30:00Z,-1.818,-0,1.905,0.495,-1.033,-0.452
2020-11-18T17:45:00Z,-1.818,-0,1.905,0.495,-1.033,-0.452
2020-11-18T18:00:00Z,-2.303,-0,1.881,0.494,-0.971,-0.9
2020-11-18T18:15:00Z,-2.303,-0,1.881,0.494,-0.971,-0.9
2020-11-18T18:30:00Z,-2.303,-0,1.881,0.494,-0.971,-0.9
2020-11-18T18:45:00Z,-2.303,-0,1.881,0.494,-0.971,-0.9
2020-11-18T19:00:00Z,-2.043,-0,1.838,0.494,-1.045,-0.755
2020-11-18T19:15:00Z,-2.043,-0,1.838,0.494,-1.045,-0.755
2020-11-18T19:30:00Z,-2.043,-0,1.838,0.494,-1.045,-0.755
2020-11-18T19:45:00Z,-2.043,-0,1.838,0.494,-1.045,-0.755
2020-11-18T20:00:00Z,-1.608,-0,1.547,0.494,-0.962,-0.529
2020-11-18T20:15:00Z,-1.608,-0,1.547,0.494,-0.962,-0.529
2020-11-18T20:30:00Z,-1.608,-0,1.547,0.494,-0.962,-0.529
2020-11-18T20:45:00Z,-1.608,-0,1.547,0.494,-0.962,-0.529
2020-11-18T21:00:00Z,-1.99,-0.001,1.468,0.494,-0.777,-0.807
2020-11-18T21:15:00Z,-1.99,-0.001,1.468,0.494,-0.777,-0.807
2020-11-18T21:30:00Z,-1.99,-0.001,1.468,0.494,-0.777,-0.807
2020-11-18T21:45:00Z,-1.99,-0.001,1.468,0.494,-0.777,-0.807
2020-11-18T22:00:00Z,-1.827,-0,1.474,0.494,-0.167,-0.025
2020-11-18T22:15:00Z,-1.827,-0,1.474,0.494,-0.167,-0.025
2020-11-18T22:30:00Z,-1.827,-0,1.474,0.494,-0.167,-0.025
2020-11-18T22:45:00Z,-1.827,-0,1.474,0.494,-0.167,-0.025
2020-11-18T23:00:00Z,-1.456,0,1.064,0.495,0.649,0.752
2020-11-18T23:15:00Z,-1.456,0,1.064,0.495,0.649,0.752
2020-11-18T23:30:00Z,-1.456,0,1.064,0.495,0.649,0.752
2020-11-18T23:45:00Z,-1.456,0,1.064,0.495,0.649,0.752
2020-11-19T00:00:00Z,-1.417,0,1.286,0.494,0.66,1.024
2020-11-19T00:15:00Z,-1.417,0,1.286,0.494,0.66,1.024
2020-11-19T00:30:00Z,-1.417,0,1.286,0.494,0.66,1.024
2020-11-19T00:45:00Z,-1.417,0,1.286,0.494,0.66,1.024
2020-11-19T01:00:00Z,-1.273,0,1.15,0.494,0.612,0.983
2020-11-19T01:15:00Z,-1.273,0,1.15,0.494,0.612,0.983
2020-11-19T01:30:00Z,-1.273,0,1.15,0.494,0.612,0.983
2020-11-19T01:45:00Z,-1.273,0,1.15,0.494,0.612,0.983
2020-11-19T02:00:00Z,-0.539,0,0.911,0.494,0.092,0.958
2020-11-19T02:15:00Z,-0.539,0,0.911,0.494,0.092,0.958
2020-11-19T02:30:00Z,-0.539,0,0.911,0.494,0.092,0.958
2020-11-19T02:45:00Z,-0.539,0,0.911,0.494,0.092,0.958
2020-11-19T03:00:00Z,-0.025,0,0.572,0.494,-0.001,1.039
2020-11-19T03:15:00Z,-0.025,0,0.572,0.494,-0.001,1.039
2020-11-19T03:30:00Z,-0.025,0,0.572,0.494,-0.001,1.039
2020-11-19T03:45:00Z,-0.025,0,0.572,0.494,-0.001,1.039
2020-11-19T04:00:00Z,-0.579,0,0.952,0.494,0.395,1.262
2020-11-19T04:15:00Z,-0.579,0,0.952,0.494,0.395,1.262
2020-11-19T04:30:00Z,-0.579,0,0.952,0.494,0.395,1.262
2020-11-19T04:45:00Z,-0.579,0,0.952,0.494,0.395,1.262
2020-11-19T05:00:00Z,0.004,0,1.404,0.494,-0.345,1.556
2020-11-19T05:15:00Z,0.004,0,1.404,0.494,-0.345,1.556
2020-11-19T05:30:00Z,0.004,0,1.404,0.494,-0.345,1.556
2020-11-19T05:45:00Z,0.004,0,1.404,0.494,-0.345,1.556
2020-11-19T06:00:00Z,-1.219,0,1.381,0.494,0.101,0.757
2020-11-19T06:15:00Z,-1.219,0,1.381,0.494,0.101,0.757
2020-11-19T06:30:00Z,-1.219,0,1.381,0.494,0.101,0.757
2020-11-19T06:45:00Z,-1.219,0,1.381,0.494,0.101,0.757
2020-11-19T07:00:00Z,-1.813,-0,1.882,0.494,0.242,0.805
2020-11-19T07:15:00Z,-1.813,-0,1.882,0.494,0.242,0.805
2020-11-19T07:30:00Z,-1.813,-0,1.882,0.494,0.242,0.805
2020-11-19T07:45:00Z,-1.813,-0,1.882,0.494,0.242,0.805
2020-11-19T08:00:00Z,-1.398,0,2.214,0.494,-0.683,0.626
2020-11-19T08:15:00Z,-1.398,0,2.214,0.494,-0.683,0.626
2020-11-19T08:30:00Z,-1.398,0,2.214,0.494,-0.683,0.626
2020-11-19T08:45:00Z,-1.398,0,2.214,0.494,-0.683,0.626
2020-11-19T09:00:00Z,-1.087,0,2.108,0.494,-0.728,0.787
2020-11-19T09:15:00Z,-1.087,0,2.108,0.494,-0.728,0.787
2020-11-19T09:30:00Z,-1.087,0,2.108,0.494,-0.728,0.787
2020-11-19T09:45:00Z,-1.087,0,2.108,0.494,-0.728,0.787
2020-11-19T10:00:00Z,-1.052,-0,2.106,0.494,-0.879,0.668
2020-11-19T10:15:00Z,-1.052,-0,2.106,0.494,-0.879,0.668
2020-11-19T10:30:00Z,-1.052,-0,2.106,0.494,-0.879,0.668
2020-11-19T10:45:00Z,-1.052,-0,2.106,0.494,-0.879,0.668
2020-11-19T11:00:00Z,-0.922,0,2.049,0.494,-1.073,0.547
2020-11-19T11:15:00Z,-0.922,0,2.049,0.494,-1.073,0.547
2020-11-19T11:30:00Z,-0.922,0,2.049,0.494,-1.073,0.547
2020-11-19T11:45:00Z,-0.922,0,2.049,0.494,-1.073,0.547
2020-11-19T12:00:00Z,-0.377,0,1.744,0.494,-1.024,0.837
2020-11-19T12:15:00Z,-0.377,0,1.744,0.494,-1.024,0.837
2020-11-19T12:30:00Z,-0.377,0,1.744,0.494,-1.024,0.837
2020-11-19T12:45:00Z,-0.377,0,1.744,0.494,-1.024,0.837
2020-11-19T13:00:00Z,-0.123,-0,1.256,0.494,-0.693,0.934
2020-11-19T13:15:00Z,-0.123,-0,1.256,0.494,-0.693,0.934
2020-11-19T13:30:00Z,-0.123,-0,1.256,0.494,-0.693,0.934
2020-11-19T13:45:00Z,-0.123,-0,1.256,0.494,-0.693,0.934
2020-11-19T14:00:00Z,-0.078,-0,0.684,0.494,0.164,1.264
2020-11-19T14:15:00Z,-0.078,-0,0.684,0.494,0.164,1.264
2020-11-19T14:30:00Z,-0.078,-0,0.684,0.494,0.164,1.264
2020-11-19T14:45:00Z,-0.078,-0,0.684,0.494,0.164,1.264
2020-11-19T15:00:00Z,-0.246,-0,0.274,0.494,0.415,0.937
2020-11-19T15:15:00Z,-0.246,-0,0.274,0.494,0.415,0.937
2020-11-19T15:30:00Z,-0.246,-0,0.274,0.494,0.415,0.937
2020-11-19T15:45:00Z,-0.246,-0,0.274,0.494,0.415,0.937
2020-11-19T16:00:00Z,-0.509,-0.001,1.556,0.494,-0.481,1.059
2020-11-19T16:15:00Z,-0.509,-0.001,1.556,0.494,-0.481,1.059
2020-11-19T16:30:00Z,-0.509,-0.001,1.556,0.494,-0.481,1.059
2020-11-19T16:45:00Z,-0.509,-0.001,1.556,0.494,-0.481,1.059
2020-11-19T17:00:00Z,-1.23,-0.001,1.88,0.494,-1.085,0.057
2020-11-19T17:15:00Z,-1.23,-0.001,1.88,0.494,-1.085,0.057
2020-11-19T17:30:00Z,-1.23,-0.001,1.88,0.494,-1.085,0.057
2020-11-19T17:45:00Z,-1.23,-0.001,1.88,0.494,-1.085,0.057
2020-11-19T18:00:00Z,-1.537,-0.001,2.13,0.494,-1.073,0.013
2020-11-19T18:15:00Z,-1.537,-0.001,2.13,0.494,-1.073,0.013
2020-11-19T18:30:00Z,-1.537,-0.001,2.13,0.494,-1.073,0.013
2020-11-19T18:45:00Z,-1.537,-0.001,2.13,0.494,-1.073,0.013
2020-11-19T19:00:00Z,-1.417,-0.001,1.606,0.494,-0.782,-0.101
2020-11-19T19:15:00Z,-1.417,-0.001,1.606,0.494,-0.782,-0.101
2020-11-19T19:30:00Z,-1.417,-0.001,1.606,0.494,-0.782,-0.101
2020-11-19T19:45:00Z,-1.417,-0.001,1.606,0.494,-0.782,-0.101
2020-11-19T20:00:00Z,-1.559,-0.001,1.485,0.494,-0.817,-0.399
2020-11-19T20:15:00Z,-1.559,-0.001,1.485,0.494,-0.817,-0.399
2020-11-19T20:30:00Z,-1.559,-0.001,1.485,0.494,-0.817,-0.399
2020-11-19T20:45:00Z,-1.559,-0.001,1.485,0.494,-0.817,-0.399
2020-11-19T21:00:00Z,-2.014,-0.001,1.679,0.494,-0.687,-0.529
2020-11-19T21:15:00Z,-2.014,-0.001,1.679,0.494,-0.687,-0.529
2020-11-19T21:30:00Z,-2.014,-0.001,1.679,0.494,-0.687,-0.529
2020-11-19T21:45:00Z,-2.014,-0.001,1.679,0.494,-0.687,-0.529
2020-11-19T22:00:00Z,-2.476,-0.001,2.219,0.494,-0.877,-0.642
2020-11-19T22:15:00Z,-2.476,-0.001,2.219,0.494,-0.877,-0.642
2020-11-19T22:30:00Z,-2.476,-0.001,2.219,0.494,-0.877,-0.642
2020-11-19T22:45:00Z,-2.476,-0.001,2.219,0.494,-0.877,-0.642
2020-11-19T23:00:00Z,-2.311,-0,1.875,0.494,-0.924,-0.866
2020-11-19T23:15:00Z,-2.311,-0,1.875,0.494,-0.924,-0.866
2020-11-19T23:30:00Z,-2.311,-0,1.875,0.494,-0.924,-0.866
2020-11-19T23:45:00Z,-2.311,-0,1.875,0.494,-0.924,-0.866
2020-11-20T00:00:00Z,-1.965,0,1.956,0.494,-0.898,-0.412
2020-11-20T00:15:00Z,-1.965,0,1.956,0.494,-0.898,-0.412
2020-11-20T00:30:00Z,-1.965,0,1.956,0.494,-0.898,-0.412
2020-11-20T00:45:00Z,-1.965,0,1.956,0.494,-0.898,-0.412
2020-11-20T01:00:00Z,-1.639,-0,1.662,0.494,-0.826,-0.31
2020-11-20T01:15:00Z,-1.639,-0,1.662,0.494,-0.826,-0.31
2020-11-20T01:30:00Z,-1.639,-0,1.662,0.494,-0.826,-0.31
2020-11-20T01:45:00Z,-1.639,-0,1.662,0.494,-0.826,-0.31
2020-11-20T02:00:00Z,-1.429,-0,1.607,0.494,-0.823,-0.151
2020-11-20T02:15:00Z,-1.429,-0,1.607,0.494,-0.823,-0.151
2020-11-20T02:30:00Z,-1.429,-0,1.607,0.494,-0.823,-0.151
2020-11-20T02:45:00Z,-1.429,-0,1.607,0.494,-0.823,-0.151
2020-11-20T03:00:00Z,-1.235,-0.001,0.894,0.494,-0.74,-0.587
2020-11-20T03:15:00Z,-1.235,-0.001,0.894,0.494,-0.74,-0.587
2020-11-20T03:30:00Z,-1.235,-0.001,0.894,0.494,-0.74,-0.587
2020-11-20T03:45:00Z,-1.235,-0.001,0.894,0.494,-0.74,-0.587
2020-11-20T04:00:00Z,-0.971,-0,0.108,0.494,-0.403,-0.772
2020-11-20T04:15:00Z,-0.971,-0,0.108,0.494,-0.403,-0.772
2020-11-20T04:30:00Z,-0.971,-0,0.108,0.494,-0.403,-0.772
2020-11-20T04:45:00Z,-0.971,-0,0.108,0.494,-0.403,-0.772
2020-11-20T05:00:00Z,-1.323,-0,0.073,0.494,-0.661,-1.417
2020-11-20T05:15:00Z,-1.323,-0,0.073,0.494,-0.661,-1.417
2020-11-20T05:30:00Z,-1.323,-0,0.073,0.494,-0.661,-1.417
2020-11-20T05:45:00Z,-1.323,-0,0.073,0.494,-0.661,-1.417
2020-11-20T06:00:00Z,-2.055,-0,1.578,0.494,-0.459,-0.442
2020-11-20T06:15:00Z,-2.055,-0,1.578,0.494,-0.459,-0.442
2020-11-20T06:30:00Z,-2.055,-0,1.578,0.494,-0.459,-0.442
2020-11-20T06:45:00Z,-2.055,-0,1.578,0.494,-0.459,-0.442
2020-11-20T07:00:00Z,-1.98,-0.001,1.817,0.494,-0,0.329
2020-11-20T07:15:00Z,-1.98,-0.001,1.817,0.494,-0,0.329
2020-11-20T07:30:00Z,-1.98,-0.001,1.817,0.494,-0,0.329
2020-11-20T07:45:00Z,-1.98,-0.001,1.817,0.494,-0,0.329
2020-11-20T08:00:00Z,-1.39,-0.003,2.571,0.494,-1.03,0.642
2020-11-20T08:15:00Z,-1.39,-0.003,2.571,0.494,-1.03,0.642
2020-11-20T08:30:00Z,-1.39,-0.003,2.571,0.494,-1.03,0.642
2020-11-20T08:45:00Z,-1.39,-0.003,2.571,0.494,-1.03,0.642
2020-11-20T09:00:00Z,-0.705,-0.001,1.765,0.494,-1.086,0.466
2020-11-20T09:15:00Z,-0.705,-0.001,1.765,0.494,-1.086,0.466
2020-11-20T09:30:00Z,-0.705,-0.001,1.765,0.494,-1.086,0.466
2020-11-20T09:45:00Z,-0.705,-0.001,1.765,0.494,-1.086,0.466
2020-11-20T10:00:00Z,-0.401,-0.001,0.982,0.494,-1.075,-0
2020-11-20T10:15:00Z,-0.401,-0.001,0.982,0.494,-1.075,-0
2020-11-20T10:30:00Z,-0.401,-0.001,0.982,0.494,-1.075,-0
2020-11-20T10:45:00Z,-0.401,-0.001,0.982,0.494,-1.075,-0
2020-11-20T11:00:00Z,-0.351,-0.001,0.256,0.494,-0.824,-0.426
2020-11-20T11:15:00Z,-0.351,-0.001,0.256,0.494,-0.824,-0.426
2020-11-20T11:30:00Z,-0.351,-0.001,0.256,0.494,-0.824,-0.426
2020-11-20T11:45:00Z,-0.351,-0.001,0.256,0.494,-0.824,-0.426
2020-11-20T12:00:00Z,0.231,-0.001,-0.541,0.494,-0.573,-0.39
2020-11-20T12:15:00Z,0.231,-0.001,-0.541,0.494,-0.573,-0.39
2020-11-20T12:30:00Z,0.231,-0.001,-0.541,0.494,-0.573,-0.39
2020-11-20T12:45:00Z,0.231,-0.001,-0.541,0.494,-0.573,-0.39
2020-11-20T13:00:00Z,0.687,-0.001,-1.653,0.494,0.102,-0.372
2020-11-20T13:15:00Z,0.687,-0.001,-1.653,0.494,0.102,-0.372
2020-11-20T13:30:00Z,0.687,-0.001,-1.653,0.494,0.102,-0.372
2020-11-20T13:45:00Z,0.687,-0.001,-1.653,0.494,0.102,-0.372
2020-11-20T14:00:00Z,1.012,-0.002,-1.827,0.494,0.132,-0.19
2020-11-20T14:15:00Z,1.012,-0.002,-1.827,0.494,0.132,-0.19
2020-11-20T14:30:00Z,1.012,-0.002,-1.827,0.494,0.132,-0.19
2020-11-20T14:45:00Z,1.012,-0.002,-1.827,0.494,0.132,-0.19
2020-11-20T15:00:00Z,1.076,-0.001,-1.674,0.494,-0.001,-0.106
2020-11-20T15:15:00Z,1.076,-0.001,-1.674,0.494,-0.001,-0.106
2020-11-20T15:30:00Z,1.076,-0.001,-1.674,0.494,-0.001,-0.106
2020-11-20T15:45:00Z,1.076,-0.001,-1.674,0.494,-0.001,-0.106
2020-11-20T16:00:00Z,0.951,-0.001,-1.261,0.494,-0.307,-0.124
2020-11-20T16:15:00Z,0.951,-0.001,-1.261,0.494,-0.307,-0.124
2020-11-20T16:30:00Z,0.951,-0.001,-1.261,0.494,-0.307,-0.124
2020-11-20T16:45:00Z,0.951,-0.001,-1.261,0.494,-0.307,-0.124
2020-11-20T17:00:00Z,-0.56,-0,-1.253,0.494,-0.37,-1.689
2020-11-20T17:15:00Z,-0.56,-0,-1.253,0.494,-0.37,-1.689
2020-11-20T17:30:00Z,-0.56,-0,-1.253,0.494,-0.37,-1.689
2020-11-20T17:45:00Z,-0.56,-0,-1.253,0.494,-0.37,-1.689
2020-11-20T18:00:00Z,-0.814,0,-0.98,0.493,-1.082,-2.382
2020-11-20T18:15:00Z,-0.814,0,-0.98,0.493,-1.082,-2.382
2020-11-20T18:30:00Z,-0.814,0,-0.98,0.493,-1.082,-2.382
2020-11-20T18:45:00Z,-0.814,0,-0.98,0.493,-1.082,-2.382
2020-11-20T19:00:00Z,-1.643,0,-0.367,0.494,-0.995,-2.511
2020-11-20T19:15:00Z,-1.643,0,-0.367,0.494,-0.995,-2.511
2020-11-20T19:30:00Z,-1.643,0,-0.367,0.494,-0.995,-2.511
2020-11-20T19:45:00Z,-1.643,0,-0.367,0.494,-0.995,-2.511
2020-11-20T20:00:00Z,-1.804,0,-0.088,0.494,-0.896,-2.294
2020-11-20T20:15:00Z,-1.804,0,-0.088,0.494,-0.896,-2.294
2020-11-20T20:30:00Z,-1.804,0,-0.088,0.494,-0.896,-2.294
2020-11-20T20:45:00Z,-1.804,0,-0.088,0.494,-0.896,-2.294
2020-11-20T21:00:00Z,-1.394,0,0.352,0.494,-0.823,-1.37
2020-11-20T21:15:00Z,-1.394,0,0.352,0.494,-0.823,-1.37
2020-11-20T21:30:00Z,-1.394,0,0.352,0.494,-0.823,-1.37
2020-11-20T21:45:00Z,-1.394,0,0.352,0.494,-0.823,-1.37
2020-11-20T22:00:00Z,-1.559,-0,0.784,0.494,-0.749,-1.029
2020-11-20T22:15:00Z,-1.559,-0,0.784,0.494,-0.749,-1.029
2020-11-20T22:30:00Z,-1.559,-0,0.784,0.494,-0.749,-1.029
2020-11-20T22:45:00Z,-1.559,-0,0.784,0.494,-0.749,-1.029
2020-11-20T23:00:00Z,-1.624,0,0.44,0.495,-0.17,-0.86
2020-11-20T23:15:00Z,-1.624,0,0.44,0.495,-0.17,-0.86
2020-11-20T23:30:00Z,-1.624,0,0.44,0.495,-0.17,-0.86
2020-11-20T23:45:00Z,-1.624,0,0.44,0.495,-0.17,-0.86
2020-11-21T00:00:00Z,-0.962,-0,0.09,0.495,0.121,-0.257
2020-11-21T00:15:00Z,-0.962,-0,0.09,0.495,0.121,-0.257
2020-11-21T00:30:00Z,-0.962,-0,0.09,0.495,0.121,-0.257
2020-11-21T00:45:00Z,-0.962,-0,0.09,0.495,0.121,-0.257
2020-11-21T01:00:00Z,-0.593,-0,-0.084,0.494,0.131,-0.051
2020-11-21T01:15:00Z,-0.593,-0,-0.084,0.494,0.131,-0.051
2020-11-21T01:30:00Z,-0.593,-0,-0.084,0.494,0.131,-0.051
2020-11-21T01:45:00Z,-0.593,-0,-0.084,0.494,0.131,-0.051
2020-11-21T02:00:00Z,-0.682,-0,0.037,0.495,0.407,0.256
2020-11-21T02:15:00Z,-0.682,-0,0.037,0.495,0.407,0.256
2020-11-21T02:30:00Z,-0.682,-0,0.037,0.495,0.407,0.256
2020-11-21T02:45:00Z,-0.682,-0,0.037,0.495,0.407,0.256
2020-11-21T03:00:00Z,-0.823,-0,-0.229,0.494,0.712,0.154
2020-11-21T03:15:00Z,-0.823,-0,-0.229,0.494,0.712,0.154
2020-11-21T03:30:00Z,-0.823,-0,-0.229,0.494,0.712,0.154
2020-11-21T03:45:00Z,-0.823,-0,-0.229,0.494,0.712,0.154
2020-11-21T04:00:00Z,-0.997,-0,-0.143,0.493,0.708,0.062
2020-11-21T04:15:00Z,-0.997,-0,-0.143,0.493,0.708,0.062
2020-11-21T04:30:00Z,-0.997,-0,-0.143,0.493,0.708,0.062
2020-11-21T04:45:00Z,-0.997,-0,-0.143,0.493,0.708,0.062
2020-11-21T05:00:00Z,-1.242,-0,0.817,0.494,0.458,0.526
2020-11-21T05:15:00Z,-1.242,-0,0.817,0.494,0.458,0.526
2020-11-21T05:30:00Z,-1.242,-0,0.817,0.494,0.458,0.526
2020-11-21T05:45:00Z,-1.242,-0,0.817,0.494,0.458,0.526
2020-11-21T06:00:00Z,-1.286,-0,1.067,0.493,0.239,0.514
2020-11-21T06:15:00Z,-1.286,-0,1.067,0.493,0.239,0.514
2020-11-21T06:30:00Z,-1.286,-0,1.067,0.493,0.239,0.514
2020-11-21T06:45:00Z,-1.286,-0,1.067,0.493,0.239,0.514
2020-11-21T07:00:00Z,-1.191,-0,0.907,0.494,-0.249,-0.039
2020-11-21T07:15:00Z,-1.191,-0,0.907,0.494,-0.249,-0.039
2020-11-21T07:30:00Z,-1.191,-0,0.907,0.494,-0.249,-0.039
2020-11-21T07:45:00Z,-1.191,-0,0.907,0.494,-0.249,-0.039
2020-11-21T08:00:00Z,-1.22,0,1.032,0.494,-0.515,-0.21
2020-11-21T08:15:00Z,-1.22,0,1.032,0.494,-0.515,-0.21
2020-11-21T08:30:00Z,-1.22,0,1.032,0.494,-0.515,-0.21
2020-11-21T08:45:00Z,-1.22,0,1.032,0.494,-0.515,-0.21
2020-11-21T09:00:00Z,-1.257,-0,1.071,0.494,-0.698,-0.391
2020-11-21T09:15:00Z,-1.257,-0,1.071,0.494,-0.698,-0.391
2020-11-21T09:30:00Z,-1.257,-0,1.071,0.494,-0.698,-0.391
2020-11-21T09:45:00Z,-1.257,-0,1.071,0.494,-0.698,-0.391
2020-11-21T10:00:00Z,-1.122,-0,0.896,0.494,-0.702,-0.434
2020-11-21T10:15:00Z,-1.122,-0,0.896,0.494,-0.702,-0.434
2020-11-21T10:30:00Z,-1.122,-0,0.896,0.494,-0.702,-0.434
2020-11-21T10:45:00Z,-1.122,-0,0.896,0.494,-0.702,-0.434
2020-11-21T11:00:00Z,-1.268,-0,1.068,0.494,-0.924,-0.631
2020-11-21T11:15:00Z,-1.268,-0,1.068,0.494,-0.924,-0.631
2020-11-21T11:30:00Z,-1.268,-0,1.068,0.494,-0.924,-0.631
2020-11-21T11:45:00Z,-1.268,-0,1.068,0.494,-0.924,-0.631
2020-11-21T12:00:00Z,-0.99,-0,0.837,0.494,-0.921,-0.58
2020-11-21T12:15:00Z,-0.99,-0,0.837,0.494,-0.921,-0.58
2020-11-21T12:30:00Z,-0.99,-0,0.837,0.494,-0.921,-0.58
2020-11-21T12:45:00Z,-0.99,-0,0.837,0.494,-0.921,-0.58
2020-11-21T13:00:00Z,-1.034,0,1.082,0.494,-0.844,-0.302
2020-11-21T13:15:00Z,-1.034,0,1.082,0.494,-0.844,-0.302
2020-11-21T13:30:00Z,-1.034,0,1.082,0.494,-0.844,-0.302
2020-11-21T13:45:00Z,-1.034,0,1.082,0.494,-0.844,-0.302
2020-11-21T14:00:00Z,-0.927,-0,1.068,0.494,-0.8,-0.166
2020-11-21T14:15:00Z,-0.927,-0,1.068,0.494,-0.8,-0.166
2020-11-21T14:30:00Z,-0.927,-0,1.068,0.494,-0.8,-0.166
2020-11-21T14:45:00Z,-0.927,-0,1.068,0.494,-0.8,-0.166
2020-11-21T15:00:00Z,-0.693,0,1.065,0.494,-0.849,0.017
2020-11-21T15:15:00Z,-0.693,0,1.065,0.494,-0.849,0.017
2020-11-21T15:30:00Z,-0.693,0,1.065,0.494,-0.849,0.017
2020-11-21T15:45:00Z,-0.693,0,1.065,0.494,-0.849,0.017
2020-11-21T16:00:00Z,-0.832,0,1.429,0.494,-0.714,0.377
2020-11-21T16:15:00Z,-0.832,0,1.429,0.494,-0.714,0.377
2020-11-21T16:30:00Z,-0.832,0,1.429,0.494,-0.714,0.377
2020-11-21T16:45:00Z,-0.832,0,1.429,0.494,-0.714,0.377
2020-11-21T17:00:00Z,-1.65,-0,1.507,0.494,-1,-0.649
2020-11-21T17:15:00Z,-1.65,-0,1.507,0.494,-1,-0.649
2020-11-21T17:30:00Z,-1.65,-0,1.507,0.494,-1,-0.649
2020-11-21T17:45:00Z,-1.65,-0,1.507,0.494,-1,-0.649
2020-11-21T18:00:00Z,-1.944,0,1.668,0.494,-0.922,-0.704
2020-11-21T18:15:00Z,-1.944,0,1.668,0.494,-0.922,-0.704
2020-11-21T18:30:00Z,-1.944,0,1.668,0.494,-0.922,-0.704
2020-11-21T18:45:00Z,-1.944,0,1.668,0.494,-0.922,-0.704
2020-11-21T19:00:00Z,-1.822,0,1.53,0.494,-0.967,-0.764
2020-11-21T19:15:00Z,-1.822,0,1.53,0.494,-0.967,-0.764
2020-11-21T19:30:00Z,-1.822,0,1.53,0.494,-0.967,-0.764
2020-11-21T19:45:00Z,-1.822,0,1.53,0.494,-0.967,-0.764
2020-11-21T20:00:00Z,-1.641,-0.001,1.362,0.494,-0.874,-0.659
2020-11-21T20:15:00Z,-1.641,-0.001,1.362,0.494,-0.874,-0.659
2020-11-21T20:30:00Z,-1.641,-0.001,1.362,0.494,-0.874,-0.659
2020-11-21T20:45:00Z,-1.641,-0.001,1.362,0.494,-0.874,-0.659
2020-11-21T21:00:00Z,-1.738,-0,1.361,0.494,-0.824,-0.708
2020-11-21T21:15:00Z,-1.738,-0,1.361,0.494,-0.824,-0.708
2020-11-21T21:30:00Z,-1.738,-0,1.361,0.494,-0.824,-0.708
2020-11-21T21:45:00Z,-1.738,-0,1.361,0.494,-0.824,-0.708
2020-11-21T22:00:00Z,-1.801,-0,1.369,0.494,-0.772,-0.71
2020-11-21T22:15:00Z,-1.801,-0,1.369,0.494,-0.772,-0.71
2020-11-21T22:30:00Z,-1.801,-0,1.369,0.494,-0.772,-0.71
2020-11-21T22:45:00Z,-1.801,-0,1.369,0.494,-0.772,-0.71
2020-11-21T23:00:00Z,-2.08,-0,1.553,0.494,-0.694,-0.728
2020-11-21T23:15:00Z,-2.08,-0,1.553,0.494,-0.694,-0.728
2020-11-21T23:30:00Z,-2.08,-0,1.553,0.494,-0.694,-0.728
2020-11-21T23:45:00Z,-2.08,-0,1.553,0.494,-0.694,-0.728
2020-11-22T00:00:00Z,-2.149,-0,1.556,0.494,-0.583,-0.682
2020-11-22T00:15:00Z,-2.149,-0,1.556,0.494,-0.583,-0.682
2020-11-22T00:30:00Z,-2.149,-0,1.556,0.494,-0.583,-0.682
2020-11-22T00:45:00Z,-2.149,-0,1.556,0.494,-0.583,-0.682
2020-11-22T01:00:00Z,-1.713,-0,1.166,0.494,-0.56,-0.613
2020-11-22T01:15:00Z,-1.713,-0,1.166,0.494,-0.56,-0.613
2020-11-22T01:30:00Z,-1.713,-0,1.166,0.494,-0.56,-0.613
2020-11-22T01:45:00Z,-1.713,-0,1.166,0.494,-0.56,-0.613
2020-11-22T02:00:00Z,-1.397,-0,1.223,0.494,-0.522,-0.202
2020-11-22T02:15:00Z,-1.397,-0,1.223,0.494,-0.522,-0.202
2020-11-22T02:30:00Z,-1.397,-0,1.223,0.494,-0.522,-0.202
2020-11-22T02:45:00Z,-1.397,-0,1.223,0.494,-0.522,-0.202
2020-11-22T03:00:00Z,-1.217,-0,1.091,0.494,-0.286,0.081
2020-11-22T03:15:00Z,-1.217,-0,1.091,0.494,-0.286,0.081
2020-11-22T03:30:00Z,-1.217,-0,1.091,0.494,-0.286,0.081
2020-11-22T03:45:00Z,-1.217,-0,1.091,0.494,-0.286,0.081
2020-11-22T04:00:00Z,-1.462,-0,1.11,0.494,0.102,0.244
2020-11-22T04:15:00Z,-1.462,-0,1.11,0.494,0.102,0.244
2020-11-22T04:30:00Z,-1.462,-0,1.11,0.494,0.102,0.244
2020-11-22T04:45:00Z,-1.462,-0,1.11,0.494,0.102,0.244
2020-11-22T05:00:00Z,-2.349,-0,1.499,0.494,0.607,0.25
2020-11-22T05:15:00Z,-2.349,-0,1.499,0.494,0.607,0.25
2020-11-22T05:30:00Z,-2.349,-0,1.499,0.494,0.607,0.25
2020-11-22T05:45:00Z,-2.349,-0,1.499,0.494,0.607,0.25
2020-11-22T06:00:00Z,-2.493,-0,1.325,0.494,0.658,-0.016
2020-11-22T06:15:00Z,-2.493,-0,1.325,0.494,0.658,-0.016
2020-11-22T06:30:00Z,-2.493,-0,1.325,0.494,0.658,-0.016
2020-11-22T06:45:00Z,-2.493,-0,1.325,0.494,0.658,-0.016
2020-11-22T07:00:00Z,-1.852,-0,0.768,0.494,0.459,-0.131
2020-11-22T07:15:00Z,-1.852,-0,0.768,0.494,0.459,-0.131
2020-11-22T07:30:00Z,-1.852,-0,0.768,0.494,0.459,-0.131
2020-11-22T07:45:00Z,-1.852,-0,0.768,0.494,0.459,-0.131
2020-11-22T08:00:00Z,-1.338,-0,0.742,0.494,-0.752,-0.855
2020-11-22T08:15:00Z,-1.338,-0,0.742,0.494,-0.752,-0.855
2020-11-22T08:30:00Z,-1.338,-0,0.742,0.494,-0.752,-0.855
2020-11-22T08:45:00Z,-1.338,-0,0.742,0.494,-0.752,-0.855
2020-11-22T09:00:00Z,-1.196,-0,0.745,0.494,-0.829,-0.785
2020-11-22T09:15:00Z,-1.196,-0,0.745,0.494,-0.829,-0.785
2020-11-22T09:30:00Z,-1.196,-0,0.745,0.494,-0.829,-0.785
2020-11-22T09:45:00Z,-1.196,-0,0.745,0.494,-0.829,-0.785
2020-11-22T10:00:00Z,-1.206,0,1.077,0.494,-0.928,-0.563
2020-11-22T10:15:00Z,-1.206,0,1.077,0.494,-0.928,-0.563
2020-11-22T10:30:00Z,-1.206,0,1.077,0.494,-0.928,-0.563
2020-11-22T10:45:00Z,-1.206,0,1.077,0.494,-0.928,-0.563
2020-11-22T11:00:00Z,-1.187,0,1.119,0.494,-1.023,-0.597
2020-11-22T11:15:00Z,-1.187,0,1.119,0.494,-1.023,-0.597
2020-11-22T11:30:00Z,-1.187,0,1.119,0.494,-1.023,-0.597
2020-11-22T11:45:00Z,-1.187,0,1.119,0.494,-1.023,-0.597
2020-11-22T12:00:00Z,-1.611,0,1.233,0.494,-0.973,-0.858
2020-11-22T12:15:00Z,-1.611,0,1.233,0.494,-0.973,-0.858
2020-11-22T12:30:00Z,-1.611,0,1.233,0.494,-0.973,-0.858
2020-11-22T12:45:00Z,-1.611,0,1.233,0.494,-0.973,-0.858
2020-11-22T13:00:00Z,-1.087,0,1.336,0.494,-1.067,-0.324
2020-11-22T13:15:00Z,-1.087,0,1.336,0.494,-1.067,-0.324
2020-11-22T13:30:00Z,-1.087,0,1.336,0.494,-1.067,-0.324
2020-11-22T13:45:00Z,-1.087,0,1.336,0.494,-1.067,-0.324
2020-11-22T14:00:00Z,-0.898,-0.001,1.185,0.493,-0.854,-0.075
2020-11-22T14:15:00Z,-0.898,-0.001,1.185,0.493,-0.854,-0.075
2020-11-22T14:30:00Z,-0.898,-0.001,1.185,0.493,-0.854,-0.075
2020-11-22T14:45:00Z,-0.898,-0.001,1.185,0.493,-0.854,-0.075
2020-11-22T15:00:00Z,-0.974,-0.001,1.006,0.494,-0.182,0.342
2020-11-22T15:15:00Z,-0.974,-0.001,1.006,0.494,-0.182,0.342
2020-11-22T15:30:00Z,-0.974,-0.001,1.006,0.494,-0.182,0.342
2020-11-22T15:45:00Z,-0.974,-0.001,1.006,0.494,-0.182,0.342
2020-11-22T16:00:00Z,-0.864,-0.001,2.259,0.494,-1.016,0.872
2020-11-22T16:15:00Z,-0.864,-0.001,2.259,0.494,-1.016,0.872
2020-11-22T16:30:00Z,-0.864,-0.001,2.259,0.494,-1.016,0.872
2020-11-22T16:45:00Z,-0.864,-0.001,2.259,0.494,-1.016,0.872
2020-11-22T17:00:00Z,-1.871,-0,2.532,0.494,-1.085,0.069
2020-11-22T17:15:00Z,-1.871,-0,2.532,0.494,-1.085,0.069
2020-11-22T17:30:00Z,-1.871,-0,2.532,0.494,-1.085,0.069
2020-11-22T17:45:00Z,-1.871,-0,2.532,0.494,-1.085,0.069
2020-11-22T18:00:00Z,-2.702,-0,2.939,0.494,-1.085,-0.355
2020-11-22T18:15:00Z,-2.702,-0,2.939,0.494,-1.085,-0.355
2020-11-22T18:30:00Z,-2.702,-0,2.939,0.494,-1.085,-0.355
2020-11-22T18:45:00Z,-2.702,-0,2.939,0.494,-1.085,-0.355
2020-11-22T19:00:00Z,-2.872,-0,2.607,0.494,-1.085,-0.857
2020-11-22T19:15:00Z,-2.872,-0,2.607,0.494,-1.085,-0.857
2020-11-22T19:30:00Z,-2.872,-0,2.607,0.494,-1.085,-0.857
2020-11-22T19:45:00Z,-2.872,-0,2.607,0.494,-1.085,-0.857
2020-11-22T20:00:00Z,-2.637,-0,1.957,0.494,-1.078,-1.265
2020-11-22T20:15:00Z,-2.637,-0,1.957,0.494,-1.078,-1.265
2020-11-22T20:30:00Z,-2.637,-0,1.957,0.494,-1.078,-1.265
2020-11-22T20:45:00Z,-2.637,-0,1.957,0.494,-1.078,-1.265
2020-11-22T21:00:00Z,-3.006,-0,1.547,0.494,-0.913,-1.878
2020-11-22T21:15:00Z,-3.006,-0,1.547,0.494,-0.913,-1.878
2020-11-22T21:30:00Z,-3.006,-0,1.547,0.494,-0.913,-1.878
2020-11-22T21:45:00Z,-3.006,-0,1.547,0.494,-0.913,-1.878
2020-11-22T22:00:00Z,-2.912,-0,0.956,0.494,-0.867,-2.328
2020-11-22T22:15:00Z,-2.912,-0,0.956,0.494,-0.867,-2.328
2020-11-22T22:30:00Z,-2.912,-0,0.956,0.494,-0.867,-2.328
2020-11-22T22:45:00Z,-2.912,-0,0.956,0.494,-0.867,-2.328
2020-11-22T23:00:00Z,-2.363,-0,1.225,0.494,-0.703,-1.349
2020-11-22T23:15:00Z,-2.363,-0,1.225,0.494,-0.703,-1.349
2020-11-22T23:30:00Z,-2.363,-0,1.225,0.494,-0.703,-1.349
2020-11-22T23:45:00Z,-2.363,-0,1.225,0.494,-0.703,-1.349
2020-11-23T00:00:00Z,-2.756,-0.001,1.404,0.494,-0.618,-1.477
2020-11-23T00:15:00Z,-2.756,-0.001,1.404,0.494,-0.618,-1.477
2020-11-23T00:30:00Z,-2.756,-0.001,1.404,0.494,-0.618,-1.477
2020-11-23T00:45:00Z,-2.756,-0.001,1.404,0.494,-0.618,-1.477
2020-11-23T01:00:00Z,-2.853,-0.001,1.446,0.494,-0.704,-1.618
2020-11-23T01:15:00Z,-2.853,-0.001,1.446,0.494,-0.704,-1.618
2020-11-23T01:30:00Z,-2.853,-0.001,1.446,0.494,-0.704,-1.618
2020-11-23T01:45:00Z,-2.853,-0.001,1.446,0.494,-0.704,-1.618
2020-11-23T02:00:00Z,-2.616,-0.001,1.25,0.494,-0.705,-1.577
2020-11-23T02:15:00Z,-2.616,-0.001,1.25,0.494,-0.705,-1.577
2020-11-23T02:30:00Z,-2.616,-0.001,1.25,0.494,-0.705,-1.577
2020-11-23T02:45:00Z,-2.616,-0.001,1.25,0.494,-0.705,-1.577
2020-11-23T03:00:00Z,-2.546,-0.001,0.826,0.494,-0.706,-1.932
2020-11-23T03:15:00Z,-2.546,-0.001,0.826,0.494,-0.706,-1.932
2020-11-23T03:30:00Z,-2.546,-0.001,0.826,0.494,-0.706,-1.932
2020-11-23T03:45:00Z,-2.546,-0.001,0.826,0.494,-0.706,-1.932
2020-11-23T04:00:00Z,-2.524,-0,0.864,0.494,-0.729,-1.895
2020-11-23T04:15:00Z,-2.524,-0,0.864,0.494,-0.729,-1.895
2020-11-23T04:30:00Z,-2.524,-0,0.864,0.494,-0.729,-1.895
2020-11-23T04:45:00Z,-2.524,-0,0.864,0.494,-0.729,-1.895
2020-11-23T05:00:00Z,-2.847,-0,1.446,0.494,-0.795,-1.702
2020-11-23T05:15:00Z,-2.847,-0,1.446,0.494,-0.795,-1.702
2020-11-23T05:30:00Z,-2.847,-0,1.446,0.494,-0.795,-1.702
2020-11-23T05:45:00Z,-2.847,-0,1.446,0.494,-0.795,-1.702
2020-11-23T06:00:00Z,-2.855,-0,2.014,0.494,-0.209,-0.557
2020-11-23T06:15:00Z,-2.855,-0,2.014,0.494,-0.209,-0.557
2020-11-23T06:30:00Z,-2.855,-0,2.014,0.494,-0.209,-0.557
2020-11-23T06:45:00Z,-2.855,-0,2.014,0.494,-0.209,-0.557
2020-11-23T07:00:00Z,-2.442,-0,2.251,0.494,-0.001,0.302
2020-11-23T07:15:00Z,-2.442,-0,2.251,0.494,-0.001,0.302
2020-11-23T07:30:00Z,-2.442,-0,2.251,0.494,-0.001,0.302
2020-11-23T07:45:00Z,-2.442,-0,2.251,0.494,-0.001,0.302
2020-11-23T08:00:00Z,-2.586,-0,2.127,0.494,0.211,0.246
2020-11-23T08:15:00Z,-2.586,-0,2.127,0.494,0.211,0.246
2020-11-23T08:30:00Z,-2.586,-0,2.127,0.494,0.211,0.246
2020-11-23T08:45:00Z,-2.586,-0,2.127,0.494,0.211,0.246
2020-11-23T09:00:00Z,-1.82,-0,1.821,0.494,-0.757,-0.262
2020-11-23T09:15:00Z,-1.82,-0,1.821,0.494,-0.757,-0.262
2020-11-23T09:30:00Z,-1.82,-0,1.821,0.494,-0.757,-0.262
2020-11-23T09:45:00Z,-1.82,-0,1.821,0.494,-0.757,-0.262
2020-11-23T10:00:00Z,-1.759,-0.001,1.473,0.494,-0.876,-0.67
2020-11-23T10:15:00Z,-1.759,-0.001,1.473,0.494,-0.876,-0.67
2020-11-23T10:30:00Z,-1.759,-0.001,1.473,0.494,-0.876,-0.67
2020-11-23T10:45:00Z,-1.759,-0.001,1.473,0.494,-0.876,-0.67
2020-11-23T11:00:00Z,-1.892,-0.001,1.215,0.494,-1.086,-1.27
2020-11-23T11:15:00Z,-1.892,-0.001,1.215,0.494,-1.086,-1.27
2020-11-23T11:30:00Z,-1.892,-0.001,1.215,0.494,-1.086,-1.27
2020-11-23T11:45:00Z,-1.892,-0.001,1.215,0.494,-1.086,-1.27
2020-11-23T12:00:00Z,-1.323,-0.001,0.815,0.494,-1.047,-1.062
2020-11-23T12:15:00Z,-1.323,-0.001,0.815,0.494,-1.047,-1.062
2020-11-23T12:30:00Z,-1.323,-0.001,0.815,0.494,-1.047,-1.062
2020-11-23T12:45:00Z,-1.323,-0.001,0.815,0.494,-1.047,-1.062
2020-11-23T13:00:00Z,-1.002,-0.001,-0.127,0.494,-0.14,-0.775
2020-11-23T13:15:00Z,-1.002,-0.001,-0.127,0.494,-0.14,-0.775
2020-11-23T13:30:00Z,-1.002,-0.001,-0.127,0.494,-0.14,-0.775
2020-11-23T13:45:00Z,-1.002,-0.001,-0.127,0.494,-0.14,-0.775
2020-11-23T14:00:00Z,-0.814,-0,0.155,0.494,-0,-0.166
2020-11-23T14:15:00Z,-0.814,-0,0.155,0.494,-0,-0.166
2020-11-23T14:30:00Z,-0.814,-0,0.155,0.494,-0,-0.166
2020-11-23T14:45:00Z,-0.814,-0,0.155,0.494,-0,-0.166
2020-11-23T15:00:00Z,-0.882,0,1.214,0.494,-0.341,0.485
2020-11-23T15:15:00Z,-0.882,0,1.214,0.494,-0.341,0.485
2020-11-23T15:30:00Z,-0.882,0,1.214,0.494,-0.341,0.485
2020-11-23T15:45:00Z,-0.882,0,1.214,0.494,-0.341,0.485
2020-11-23T16:00:00Z,-1.573,0,2.677,0.494,-0.743,0.854
2020-11-23T16:15:00Z,-1.573,0,2.677,0.494,-0.743,0.854
2020-11-23T16:30:00Z,-1.573,0,2.677,0.494,-0.743,0.854
2020-11-23T16:45:00Z,-1.573,0,2.677,0.494,-0.743,0.854
2020-11-23T17:00:00Z,-2.72,0,2.889,0.494,-1.08,-0.417
2020-11-23T17:15:00Z,-2.72,0,2.889,0.494,-1.08,-0.417
2020-11-23T17:30:00Z,-2.72,0,2.889,0.494,-1.08,-0.417
2020-11-23T17:45:00Z,-2.72,0,2.889,0.494,-1.08,-0.417
2020-11-23T18:00:00Z,-3.122,0,2.691,0.494,-0.956,-0.894
2020-11-23T18:15:00Z,-3.122,0,2.691,0.494,-0.956,-0.894
2020-11-23T18:30:00Z,-3.122,0,2.691,0.494,-0.956,-0.894
2020-11-23T18:45:00Z,-3.122,0,2.691,0.494,-0.956,-0.894
2020-11-23T19:00:00Z,-2.98,0,1.89,0.494,-1.05,-1.646
2020-11-23T19:15:00Z,-2.98,0,1.89,0.494,-1.05,-1.646
2020-11-23T19:30:00Z,-2.98,0,1.89,0.494,-1.05,-1.646
2020-11-23T19:45:00Z,-2.98,0,1.89,0.494,-1.05,-1.646
2020-11-23T20:00:00Z,-2.704,0,1.602,0.494,-1.041,-1.65
2020-11-23T20:15:00Z,-2.704,0,1.602,0.494,-1.041,-1.65
2020-11-23T20:30:00Z,-2.704,0,1.602,0.494,-1.041,-1.65
2020-11-23T20:45:00Z,-2.704,0,1.602,0.494,-1.041,-1.65
2020-11-23T21:00:00Z,-2.587,-0.001,1.425,0.494,-0.856,-1.524
2020-11-23T21:15:00Z,-2.587,-0.001,1.425,0.494,-0.856,-1.524
2020-11-23T21:30:00Z,-2.587,-0.001,1.425,0.494,-0.856,-1.524
2020-11-23T21:45:00Z,-2.587,-0.001,1.425,0.494,-0.856,-1.524
2020-11-23T22:00:00Z,-1.415,-0.001,1.134,0.494,-0.802,-0.59
2020-11-23T22:15:00Z,-1.415,-0.001,1.134,0.494,-0.802,-0.59
2020-11-23T22:30:00Z,-1.415,-0.001,1.134,0.494,-0.802,-0.59
2020-11-23T22:45:00Z,-1.415,-0.001,1.134,0.494,-0.802,-0.59
2020-11-23T23:00:00Z,-2.315,-0.001,0.659,0.494,-0.685,-1.847
2020-11-23T23:15:00Z,-2.315,-0.001,0.659,0.494,-0.685,-1.847
2020-11-23T23:30:00Z,-2.315,-0.001,0.659,0.494,-0.685,-1.847
2020-11-23T23:45:00Z,-2.315,-0.001,0.659,0.494,-0.685,-1.847
2020-11-24T00:00:00Z,-2.476,-0.001,0.668,0.494,-0.506,-1.821
2020-11-24T00:15:00Z,-2.476,-0.001,0.668,0.494,-0.506,-1.821
2020-11-24T00:30:00Z,-2.476,-0.001,0.668,0.494,-0.506,-1.821
2020-11-24T00:45:00Z,-2.476,-0.001,0.668,0.494,-0.506,-1.821
2020-11-24T01:00:00Z,-1.924,-0,0.456,0.494,-0.498,-1.473
2020-11-24T01:15:00Z,-1.924,-0,0.456,0.494,-0.498,-1.473
2020-11-24T01:30:00Z,-1.924,-0,0.456,0.494,-0.498,-1.473
2020-11-24T01:45:00Z,-1.924,-0,0.456,0.494,-0.498,-1.473
2020-11-24T02:00:00Z,-1.24,-0,0.395,0.494,-0.553,-0.905
2020-11-24T02:15:00Z,-1.24,-0,0.395,0.494,-0.553,-0.905
2020-11-24T02:30:00Z,-1.24,-0,0.395,0.494,-0.553,-0.905
2020-11-24T02:45:00Z,-1.24,-0,0.395,0.494,-0.553,-0.905
2020-11-24T03:00:00Z,-1.407,-0.001,-0.248,0.494,-0.211,-1.374
2020-11-24T03:15:00Z,-1.407,-0.001,-0.248,0.494,-0.211,-1.374
2020-11-24T03:30:00Z,-1.407,-0.001,-0.248,0.494,-0.211,-1.374
2020-11-24T03:45:00Z,-1.407,-0.001,-0.248,0.494,-0.211,-1.374
2020-11-24T04:00:00Z,-1.113,-0.001,-0.633,0.494,-0.386,-1.639
2020-11-24T04:15:00Z,-1.113,-0.001,-0.633,0.494,-0.386,-1.639
2020-11-24T04:30:00Z,-1.113,-0.001,-0.633,0.494,-0.386,-1.639
2020-11-24T04:45:00Z,-1.113,-0.001,-0.633,0.494,-0.386,-1.639
2020-11-24T05:00:00Z,-1.696,-0.001,-0.188,0.494,-0.579,-1.97
2020-11-24T05:15:00Z,-1.696,-0.001,-0.188,0.494,-0.579,-1.97
2020-11-24T05:30:00Z,-1.696,-0.001,-0.188,0.494,-0.579,-1.97
2020-11-24T05:45:00Z,-1.696,-0.001,-0.188,0.494,-0.579,-1.97
2020-11-24T06:00:00Z,-2.388,0,0.684,0.494,-0,-1.21
2020-11-24T06:15:00Z,-2.388,0,0.684,0.494,-0,-1.21
2020-11-24T06:30:00Z,-2.388,0,0.684,0.494,-0,-1.21
2020-11-24T06:45:00Z,-2.388,0,0.684,0.494,-0,-1.21
2020-11-24T07:00:00Z,-2.546,0,1.18,0.494,-0,-0.872
2020-11-24T07:15:00Z,-2.546,0,1.18,0.494,-0,-0.872
2020-11-24T07:30:00Z,-2.546,0,1.18,0.494,-0,-0.872
2020-11-24T07:45:00Z,-2.546,0,1.18,0.494,-0,-0.872
2020-11-24T08:00:00Z,-2.175,0,1.288,0.494,-0.417,-0.81
2020-11-24T08:15:00Z,-2.175,0,1.288,0.494,-0.417,-0.81
2020-11-24T08:30:00Z,-2.175,0,1.288,0.494,-0.417,-0.81
2020-11-24T08:45:00Z,-2.175,0,1.288,0.494,-0.417,-0.81
2020-11-24T09:00:00Z,-1.609,0,0.878,0.494,-0.596,-0.834
2020-11-24T09:15:00Z,-1.609,0,0.878,0.494,-0.596,-0.834
2020-11-24T09:30:00Z,-1.609,0,0.878,0.494,-0.596,-0.834
2020-11-24T09:45:00Z,-1.609,0,0.878,0.494,-0.596,-0.834
2020-11-24T10:00:00Z,-1.389,0,0.374,0.494,-0.75,-1.271
2020-11-24T10:15:00Z,-1.389,0,0.374,0.494,-0.75,-1.271
2020-11-24T10:30:00Z,-1.389,0,0.374,0.494,-0.75,-1.271
2020-11-24T10:45:00Z,-1.389,0,0.374,0.494,-0.75,-1.271
2020-11-24T11:00:00Z,-1.535,0,0.328,0.494,-0.977,-1.691
2020-11-24T11:15:00Z,-1.535,0,0.328,0.494,-0.977,-1.691
2020-11-24T11:30:00Z,-1.535,0,0.328,0.494,-0.977,-1.691
2020-11-24T11:45:00Z,-1.535,0,0.328,0.494,-0.977,-1.691
2020-11-24T12:00:00Z,-1.199,0,-0.049,0.494,-0.56,-1.314
2020-11-24T12:15:00Z,-1.199,0,-0.049,0.494,-0.56,-1.314
2020-11-24T12:30:00Z,-1.199,0,-0.049,0.494,-0.56,-1.314
2020-11-24T12:45:00Z,-1.199,0,-0.049,0.494,-0.56,-1.314
2020-11-24T13:00:00Z,-0.298,0,-0.906,0.494,-0.332,-1.043
2020-11-24T13:15:00Z,-0.298,0,-0.906,0.494,-0.332,-1.043
2020-11-24T13:30:00Z,-0.298,0,-0.906,0.494,-0.332,-1.043
2020-11-24T13:45:00Z,-0.298,0,-0.906,0.494,-0.332,-1.043
2020-11-24T14:00:00Z,-0.005,0,-0.955,0.494,-0.14,-0.606
2020-11-24T14:15:00Z,-0.005,0,-0.955,0.494,-0.14,-0.606
2020-11-24T14:30:00Z,-0.005,0,-0.955,0.494,-0.14,-0.606
2020-11-24T14:45:00Z,-0.005,0,-0.955,0.494,-0.14,-0.606
2020-11-24T15:00:00Z,0.149,0,-0.076,0.493,-0.386,0.18
2020-11-24T15:15:00Z,0.149,0,-0.076,0.493,-0.386,0.18
2020-11-24T15:30:00Z,0.149,0,-0.076,0.493,-0.386,0.18
2020-11-24T15:45:00Z,0.149,0,-0.076,0.493,-0.386,0.18
2020-11-24T16:00:00Z,-0.709,0,0.444,0.494,0.093,0.323
2020-11-24T16:15:00Z,-0.709,0,0.444,0.494,0.093,0.323
2020-11-24T16:30:00Z,-0.709,0,0.444,0.494,0.093,0.323
2020-11-24T16:45:00Z,-0.709,0,0.444,0.494,0.093,0.323
2020-11-24T17:00:00Z,-1.51,0,0.554,0.494,-0.539,-1.001
2020-11-24T17:15:00Z,-1.51,0,0.554,0.494,-0.539,-1.001
2020-11-24T17:30:00Z,-1.51,0,0.554,0.494,-0.539,-1.001
2020-11-24T17:45:00Z,-1.51,0,0.554,0.494,-0.539,-1.001
2020-11-24T18:00:00Z,-2.301,0,0.847,0.494,-0.437,-1.397
2020-11-24T18:15:00Z,-2.301,0,0.847,0.494,-0.437,-1.397
2020-11-24T18:30:00Z,-2.301,0,0.847,0.494,-0.437,-1.397
2020-11-24T18:45:00Z,-2.301,0,0.847,0.494,-0.437,-1.397
2020-11-24T19:00:00Z,-2.256,0,0.564,0.494,-0.864,-2.062
2020-11-24T19:15:00Z,-2.256,0,0.564,0.494,-0.864,-2.062
2020-11-24T19:30:00Z,-2.256,0,0.564,0.494,-0.864,-2.062
2020-11-24T19:45:00Z,-2.256,0,0.564,0.494,-0.864,-2.062
2020-11-24T20:00:00Z,-2.513,0,0.787,0.494,-0.885,-2.117
2020-11-24T20:15:00Z,-2.513,0,0.787,0.494,-0.885,-2.117
2020-11-24T20:30:00Z,-2.513,0,0.787,0.494,-0.885,-2.117
2020-11-24T20:45:00Z,-2.513,0,0.787,0.494,-0.885,-2.117
2020-11-24T21:00:00Z,-2.709,0,0.945,0.494,-1.022,-2.291
2020-11-24T21:15:00Z,-2.709,0,0.945,0.494,-1.022,-2.291
2020-11-24T21:30:00Z,-2.709,0,0.945,0.494,-1.022,-2.291
2020-11-24T21:45:00Z,-2.709,0,0.945,0.494,-1.022,-2.291
2020-11-24T22:00:00Z,-2.588,0,0.93,0.494,-0.928,-2.092
2020-11-24T22:15:00Z,-2.588,0,0.93,0.494,-0.928,-2.092
2020-11-24T22:30:00Z,-2.588,0,0.93,0.494,-0.928,-2.092
2020-11-24T22:45:00Z,-2.588,0,0.93,0.494,-0.928,-2.092
2020-11-24T23:00:00Z,-2.651,0,0.14,0.494,-0.775,-2.792
2020-11-24T23:15:00Z,-2.651,0,0.14,0.494,-0.775,-2.792
2020-11-24T23:30:00Z,-2.651,0,0.14,0.494,-0.775,-2.792
2020-11-24T23:45:00Z,-2.651,0,0.14,0.494,-0.775,-2.792
2020-11-25T00:00:00Z,-2.533,0,-0.113,0.494,-0.773,-2.926
2020-11-25T00:15:00Z,-2.533,0,-0.113,0.494,-0.773,-2.926
2020-11-25T00:30:00Z,-2.533,0,-0.113,0.494,-0.773,-2.926
2020-11-25T00:45:00Z,-2.533,0,-0.113,0.494,-0.773,-2.926
2020-11-25T01:00:00Z,-2.365,0,-0.292,0.494,-0.773,-2.937
2020-11-25T01:15:00Z,-2.365,0,-0.292,0.494,-0.773,-2.937
2020-11-25T01:30:00Z,-2.365,0,-0.292,0.494,-0.773,-2.937
2020-11-25T01:45:00Z,-2.365,0,-0.292,0.494,-0.773,-2.937
2020-11-25T02:00:00Z,-1.667,0,-0.817,0.494,-0.772,-2.762
2020-11-25T02:15:00Z,-1.667,0,-0.817,0.494,-0.772,-2.762
2020-11-25T02:30:00Z,-1.667,0,-0.817,0.494,-0.772,-2.762
2020-11-25T02:45:00Z,-1.667,0,-0.817,0.494,-0.772,-2.762
2020-11-25T03:00:00Z,-1.711,0,-0.941,0.494,-0.766,-2.926
2020-11-25T03:15:00Z,-1.711,0,-0.941,0.494,-0.766,-2.926
2020-11-25T03:30:00Z,-1.711,0,-0.941,0.494,-0.766,-2.926
2020-11-25T03:45:00Z,-1.711,0,-0.941,0.494,-0.766,-2.926
2020-11-25T04:00:00Z,-1.961,0,-1.107,0.494,-0.623,-3.198
2020-11-25T04:15:00Z,-1.961,0,-1.107,0.494,-0.623,-3.198
2020-11-25T04:30:00Z,-1.961,0,-1.107,0.494,-0.623,-3.198
2020-11-25T04:45:00Z,-1.961,0,-1.107,0.494,-0.623,-3.198
2020-11-25T05:00:00Z,-1.286,0,-0.795,0.494,-0.677,-2.264
2020-11-25T05:15:00Z,-1.286,0,-0.795,0.494,-0.677,-2.264
2020-11-25T05:30:00Z,-1.286,0,-0.795,0.494,-0.677,-2.264
2020-11-25T05:45:00Z,-1.286,0,-0.795,0.494,-0.677,-2.264
2020-11-25T06:00:00Z,-0.94,0,-0.108,0.494,-0.305,-0.86
2020-11-25T06:15:00Z,-0.94,0,-0.108,0.494,-0.305,-0.86
2020-11-25T06:30:00Z,-0.94,0,-0.108,0.494,-0.305,-0.86
2020-11-25T06:45:00Z,-0.94,0,-0.108,0.494,-0.305,-0.86
2020-11-25T07:00:00Z,-0.587,0,-0.097,0.494,-0.105,-0.295
2020-11-25T07:15:00Z,-0.587,0,-0.097,0.494,-0.105,-0.295
2020-11-25T07:30:00Z,-0.587,0,-0.097,0.494,-0.105,-0.295
2020-11-25T07:45:00Z,-0.587,0,-0.097,0.494,-0.105,-0.295
2020-11-25T08:00:00Z,-1.259,0,0.474,0.494,0.102,-0.188
2020-11-25T08:15:00Z,-1.259,0,0.474,0.494,0.102,-0.188
2020-11-25T08:30:00Z,-1.259,0,0.474,0.494,0.102,-0.188
2020-11-25T08:45:00Z,-1.259,0,0.474,0.494,0.102,-0.188
2020-11-25T09:00:00Z,-1.168,0,-0.277,0.494,0.15,-0.801
2020-11-25T09:15:00Z,-1.168,0,-0.277,0.494,0.15,-0.801
2020-11-25T09:30:00Z,-1.168,0,-0.277,0.494,0.15,-0.801
2020-11-25T09:45:00Z,-1.168,0,-0.277,0.494,0.15,-0.801
2020-11-25T10:00:00Z,-0.9,0,-1.041,0.494,-0,-1.448
2020-11-25T10:15:00Z,-0.9,0,-1.041,0.494,-0,-1.448
2020-11-25T10:30:00Z,-0.9,0,-1.041,0.494,-0,-1.448
2020-11-25T10:45:00Z,-0.9,0,-1.041,0.494,-0,-1.448
2020-11-25T11:00:00Z,-1.72,0,-0.522,0.493,0.377,-1.372
2020-11-25T11:15:00Z,-1.72,0,-0.522,0.493,0.377,-1.372
2020-11-25T11:30:00Z,-1.72,0,-0.522,0.493,0.377,-1.372
2020-11-25T11:45:00Z,-1.72,0,-0.522,0.493,0.377,-1.372
2020-11-25T12:00:00Z,-1.093,0,-0.795,0.494,0.185,-1.21
2020-11-25T12:15:00Z,-1.093,0,-0.795,0.494,0.185,-1.21
2020-11-25T12:30:00Z,-1.093,0,-0.795,0.494,0.185,-1.21
2020-11-25T12:45:00Z,-1.093,0,-0.795,0.494,0.185,-1.21
2020-11-25T13:00:00Z,-0.462,0,-1.031,0.494,0.38,-0.62
2020-11-25T13:15:00Z,-0.462,0,-1.031,0.494,0.38,-0.62
2020-11-25T13:30:00Z,-0.462,0,-1.031,0.494,0.38,-0.62
2020-11-25T13:45:00Z,-0.462,0,-1.031,0.494,0.38,-0.62
2020-11-25T14:00:00Z,0.179,0,-0.738,0.493,0.235,0.169
2020-11-25T14:15:00Z,0.179,0,-0.738,0.493,0.235,0.169
2020-11-25T14:30:00Z,0.179,0,-0.738,0.493,0.235,0.169
2020-11-25T14:45:00Z,0.179,0,-0.738,0.493,0.235,0.169
2020-11-25T15:00:00Z,0.091,0,0.28,0.494,-0,0.865
2020-11-25T15:15:00Z,0.091,0,0.28,0.494,-0,0.865
2020-11-25T15:30:00Z,0.091,0,0.28,0.494,-0,0.865
2020-11-25T15:45:00Z,0.091,0,0.28,0.494,-0,0.865
2020-11-25T16:00:00Z,-0.317,0,1.712,0.493,-0.932,0.957
2020-11-25T16:15:00Z,-0.317,0,1.712,0.493,-0.932,0.957
2020-11-25T16:30:00Z,-0.317,0,1.712,0.493,-0.932,0.957
2020-11-25T16:45:00Z,-0.317,0,1.712,0.493,-0.932,0.957
2020-11-25T17:00:00Z,-1.456,0,1.77,0.493,-1.085,-0.278
2020-11-25T17:15:00Z,-1.456,0,1.77,0.493,-1.085,-0.278
2020-11-25T17:30:00Z,-1.456,0,1.77,0.493,-1.085,-0.278
2020-11-25T17:45:00Z,-1.456,0,1.77,0.493,-1.085,-0.278
2020-11-25T18:00:00Z,-2.214,0,1.797,0.494,-1.073,-0.996
2020-11-25T18:15:00Z,-2.214,0,1.797,0.494,-1.073,-0.996
2020-11-25T18:30:00Z,-2.214,0,1.797,0.494,-1.073,-0.996
2020-11-25T18:45:00Z,-2.214,0,1.797,0.494,-1.073,-0.996
2020-11-25T19:00:00Z,-2.904,0,1.641,0.494,-0.781,-1.551
2020-11-25T19:15:00Z,-2.904,0,1.641,0.494,-0.781,-1.551
2020-11-25T19:30:00Z,-2.904,0,1.641,0.494,-0.781,-1.551
2020-11-25T19:45:00Z,-2.904,0,1.641,0.494,-0.781,-1.551
2020-11-25T20:00:00Z,-2.947,0,0.928,0.494,-0.642,-2.168
2020-11-25T20:15:00Z,-2.947,0,0.928,0.494,-0.642,-2.168
2020-11-25T20:30:00Z,-2.947,0,0.928,0.494,-0.642,-2.168
2020-11-25T20:45:00Z,-2.947,0,0.928,0.494,-0.642,-2.168
2020-11-25T21:00:00Z,-2.988,0,0.609,0.494,-0.493,-2.378
2020-11-25T21:15:00Z,-2.988,0,0.609,0.494,-0.493,-2.378
2020-11-25T21:30:00Z,-2.988,0,0.609,0.494,-0.493,-2.378
2020-11-25T21:45:00Z,-2.988,0,0.609,0.494,-0.493,-2.378
2020-11-25T22:00:00Z,-3.046,0,0.922,0.494,-0.734,-2.365
2020-11-25T22:15:00Z,-3.046,0,0.922,0.494,-0.734,-2.365
2020-11-25T22:30:00Z,-3.046,0,0.922,0.494,-0.734,-2.365
2020-11-25T22:45:00Z,-3.046,0,0.922,0.494,-0.734,-2.365
2020-11-25T23:00:00Z,-2.534,0,0.49,0.494,-0.905,-2.456
2020-11-25T23:15:00Z,-2.534,0,0.49,0.494,-0.905,-2.456
2020-11-25T23:30:00Z,-2.534,0,0.49,0.494,-0.905,-2.456
2020-11-25T23:45:00Z,-2.534,0,0.49,0.494,-0.905,-2.456
2020-11-26T00:00:00Z,-2.733,0,0.448,0.494,-1.035,-2.827
2020-11-26T00:15:00Z,-2.733,0,0.448,0.494,-1.035,-2.827
2020-11-26T00:30:00Z,-2.733,0,0.448,0.494,-1.035,-2.827
2020-11-26T00:45:00Z,-2.733,0,0.448,0.494,-1.035,-2.827
2020-11-26T01:00:00Z,-3.05,0,0.683,0.494,-1.065,-2.938
2020-11-26T01:15:00Z,-3.05,0,0.683,0.494,-1.065,-2.938
2020-11-26T01:30:00Z,-3.05,0,0.683,0.494,-1.065,-2.938
2020-11-26T01:45:00Z,-3.05,0,0.683,0.494,-1.065,-2.938
2020-11-26T02:00:00Z,-2.63,0,0.268,0.494,-0.996,-2.864
2020-11-26T02:15:00Z,-2.63,0,0.268,0.494,-0.996,-2.864
2020-11-26T02:30:00Z,-2.63,0,0.268,0.494,-0.996,-2.864
2020-11-26T02:45:00Z,-2.63,0,0.268,0.494,-0.996,-2.864
2020-11-26T03:00:00Z,-2.363,0,0.314,0.494,-0.976,-2.531
2020-11-26T03:15:00Z,-2.363,0,0.314,0.494,-0.976,-2.531
2020-11-26T03:30:00Z,-2.363,0,0.314,0.494,-0.976,-2.531
2020-11-26T03:45:00Z,-2.363,0,0.314,0.494,-0.976,-2.531
2020-11-26T04:00:00Z,-1.82,0,0.169,0.494,-0.796,-1.953
2020-11-26T04:15:00Z,-1.82,0,0.169,0.494,-0.796,-1.953
2020-11-26T04:30:00Z,-1.82,0,0.169,0.494,-0.796,-1.953
2020-11-26T04:45:00Z,-1.82,0,0.169,0.494,-0.796,-1.953
2020-11-26T05:00:00Z,-1.467,0,0.197,0.494,0.102,-0.674
2020-11-26T05:15:00Z,-1.467,0,0.197,0.494,0.102,-0.674
2020-11-26T05:30:00Z,-1.467,0,0.197,0.494,0.102,-0.674
2020-11-26T05:45:00Z,-1.467,0,0.197,0.494,0.102,-0.674
2020-11-26T06:00:00Z,-0.933,0,0.67,0.494,0.542,0.772
2020-11-26T06:15:00Z,-0.933,0,0.67,0.494,0.542,0.772
2020-11-26T06:30:00Z,-0.933,0,0.67,0.494,0.542,0.772
2020-11-26T06:45:00Z,-0.933,0,0.67,0.494,0.542,0.772
2020-11-26T07:00:00Z,-0.348,0,1.814,0.494,-0.282,1.678
2020-11-26T07:15:00Z,-0.348,0,1.814,0.494,-0.282,1.678
2020-11-26T07:30:00Z,-0.348,0,1.814,0.494,-0.282,1.678
2020-11-26T07:45:00Z,-0.348,0,1.814,0.494,-0.282,1.678
2020-11-26T08:00:00Z,-0.94,0,1.839,0.494,0.539,1.931
2020-11-26T08:15:00Z,-0.94,0,1.839,0.494,0.539,1.931
2020-11-26T08:30:00Z,-0.94,0,1.839,0.494,0.539,1.931
2020-11-26T08:45:00Z,-0.94,0,1.839,0.494,0.539,1.931
2020-11-26T09:00:00Z,-0.853,0,2.035,0.494,0.307,1.983
2020-11-26T09:15:00Z,-0.853,0,2.035,0.494,0.307,1.983
2020-11-26T09:30:00Z,-0.853,0,2.035,0.494,0.307,1.983
2020-11-26T09:45:00Z,-0.853,0,2.035,0.494,0.307,1.983
2020-11-26T10:00:00Z,-0.579,0,1.359,0.494,0.616,1.891
2020-11-26T10:15:00Z,-0.579,0,1.359,0.494,0.616,1.891
2020-11-26T10:30:00Z,-0.579,0,1.359,0.494,0.616,1.891
2020-11-26T10:45:00Z,-0.579,0,1.359,0.494,0.616,1.891
2020-11-26T11:00:00Z,-0.342,0,0.622,0.494,0.577,1.351
2020-11-26T11:15:00Z,-0.342,0,0.622,0.494,0.577,1.351
2020-11-26T11:30:00Z,-0.342,0,0.622,0.494,0.577,1.351
2020-11-26T11:45:00Z,-0.342,0,0.622,0.494,0.577,1.351
2020-11-26T12:00:00Z,0.207,0,0.304,0.494,0.63,1.635
2020-11-26T12:15:00Z,0.207,0,0.304,0.494,0.63,1.635
2020-11-26T12:30:00Z,0.207,0,0.304,0.494,0.63,1.635
2020-11-26T12:45:00Z,0.207,0,0.304,0.494,0.63,1.635
2020-11-26T13:00:00Z,0.388,0,0.582,0.494,0.324,1.788
2020-11-26T13:15:00Z,0.388,0,0.582,0.494,0.324,1.788
2020-11-26T13:30:00Z,0.388,0,0.582,0.494,0.324,1.788
2020-11-26T13:45:00Z,0.388,0,0.582,0.494,0.324,1.788
2020-11-26T14:00:00Z,0.519,-0.001,0.546,0.494,0.354,1.912
2020-11-26T14:15:00Z,0.519,-0.001,0.546,0.494,0.354,1.912
2020-11-26T14:30:00Z,0.519,-0.001,0.546,0.494,0.354,1.912
2020-11-26T14:45:00Z,0.519,-0.001,0.546,0.494,0.354,1.912
2020-11-26T15:00:00Z,0.1,-0.001,0.809,0.494,0.691,2.093
2020-11-26T15:15:00Z,0.1,-0.001,0.809,0.494,0.691,2.093
2020-11-26T15:30:00Z,0.1,-0.001,0.809,0.494,0.691,2.093
2020-11-26T15:45:00Z,0.1,-0.001,0.809,0.494,0.691,2.093
2020-11-26T16:00:00Z,-0.182,-0,1.976,0.494,-0.418,1.869
2020-11-26T16:15:00Z,-0.182,-0,1.976,0.494,-0.418,1.869
2020-11-26T16:30:00Z,-0.182,-0,1.976,0.494,-0.418,1.869
2020-11-26T16:45:00Z,-0.182,-0,1.976,0.494,-0.418,1.869
2020-11-26T17:00:00Z,-0.815,-0,2.08,0.494,-0.574,1.184
2020-11-26T17:15:00Z,-0.815,-0,2.08,0.494,-0.574,1.184
2020-11-26T17:30:00Z,-0.815,-0,2.08,0.494,-0.574,1.184
2020-11-26T17:45:00Z,-0.815,-0,2.08,0.494,-0.574,1.184
2020-11-26T18:00:00Z,-0.46,-0,1.668,0.494,-0.987,0.715
2020-11-26T18:15:00Z,-0.46,-0,1.668,0.494,-0.987,0.715
2020-11-26T18:30:00Z,-0.46,-0,1.668,0.494,-0.987,0.715
2020-11-26T18:45:00Z,-0.46,-0,1.668,0.494,-0.987,0.715
2020-11-26T19:00:00Z,-0.395,-0,1.29,0.494,-1.083,0.306
2020-11-26T19:15:00Z,-0.395,-0,1.29,0.494,-1.083,0.306
2020-11-26T19:30:00Z,-0.395,-0,1.29,0.494,-1.083,0.306
2020-11-26T19:45:00Z,-0.395,-0,1.29,0.494,-1.083,0.306
2020-11-26T20:00:00Z,-0.593,0,0.864,0.494,-1.034,-0.268
2020-11-26T20:15:00Z,-0.593,0,0.864,0.494,-1.034,-0.268
2020-11-26T20:30:00Z,-0.593,0,0.864,0.494,-1.034,-0.268
2020-11-26T20:45:00Z,-0.593,0,0.864,0.494,-1.034,-0.268
2020-11-26T21:00:00Z,-0.992,0,0.433,0.494,-0.892,-0.957
2020-11-26T21:15:00Z,-0.992,0,0.433,0.494,-0.892,-0.957
2020-11-26T21:30:00Z,-0.992,0,0.433,0.494,-0.892,-0.957
2020-11-26T21:45:00Z,-0.992,0,0.433,0.494,-0.892,-0.957
2020-11-26T22:00:00Z,-1.481,0,-0.495,0.494,-0,-1.482
2020-11-26T22:15:00Z,-1.481,0,-0.495,0.494,-0,-1.482
2020-11-26T22:30:00Z,-1.481,0,-0.495,0.494,-0,-1.482
2020-11-26T22:45:00Z,-1.481,0,-0.495,0.494,-0,-1.482
2020-11-26T23:00:00Z,-1.637,0,-0.904,0.494,-0,-2.048
2020-11-26T23:15:00Z,-1.637,0,-0.904,0.494,-0,-2.048
2020-11-26T23:30:00Z,-1.637,0,-0.904,0.494,-0,-2.048
2020-11-26T23:45:00Z,-1.637,0,-0.904,0.494,-0,-2.048
2020-11-27T00:00:00Z,-1.392,0,-1.115,0.494,-0.304,-2.317
2020-11-27T00:15:00Z,-1.392,0,-1.115,0.494,-0.304,-2.317
2020-11-27T00:30:00Z,-1.392,0,-1.115,0.494,-0.304,-2.317
2020-11-27T00:45:00Z,-1.392,0,-1.115,0.494,-0.304,-2.317
2020-11-27T01:00:00Z,-1.29,0,-1.018,0.494,-0.745,-2.559
2020-11-27T01:15:00Z,-1.29,0,-1.018,0.494,-0.745,-2.559
2020-11-27T01:30:00Z,-1.29,0,-1.018,0.494,-0.745,-2.559
2020-11-27T01:45:00Z,-1.29,0,-1.018,0.494,-0.745,-2.559
2020-11-27T02:00:00Z,-0.971,0,-1.458,0.494,-0.629,-2.564
2020-11-27T02:15:00Z,-0.971,0,-1.458,0.494,-0.629,-2.564
2020-11-27T02:30:00Z,-0.971,0,-1.458,0.494,-0.629,-2.564
2020-11-27T02:45:00Z,-0.971,0,-1.458,0.494,-0.629,-2.564
2020-11-27T03:00:00Z,-0.718,0,-2.265,0.494,-0,-2.49
2020-11-27T03:15:00Z,-0.718,0,-2.265,0.494,-0,-2.49
2020-11-27T03:30:00Z,-0.718,0,-2.265,0.494,-0,-2.49
2020-11-27T03:45:00Z,-0.718,0,-2.265,0.494,-0,-2.49
2020-11-27T04:00:00Z,0.241,0,-2.584,0.493,-0.147,-1.996
2020-11-27T04:15:00Z,0.241,0,-2.584,0.493,-0.147,-1.996
2020-11-27T04:30:00Z,0.241,0,-2.584,0.493,-0.147,-1.996
2020-11-27T04:45:00Z,0.241,0,-2.584,0.493,-0.147,-1.996
2020-11-27T05:00:00Z,1.354,-0,-2.443,0.493,-0.129,-0.724
2020-11-27T05:15:00Z,1.354,-0,-2.443,0.493,-0.129,-0.724
2020-11-27T05:30:00Z,1.354,-0,-2.443,0.493,-0.129,-0.724
2020-11-27T05:45:00Z,1.354,-0,-2.443,0.493,-0.129,-0.724
2020-11-27T06:00:00Z,1.215,-0,-1.646,0.493,0.68,0.742
2020-11-27T06:15:00Z,1.215,-0,-1.646,0.493,0.68,0.742
2020-11-27T06:30:00Z,1.215,-0,-1.646,0.493,0.68,0.742
2020-11-27T06:45:00Z,1.215,-0,-1.646,0.493,0.68,0.742
2020-11-27T07:00:00Z,1.702,-0,-0.595,0.494,0.202,1.802
2020-11-27T07:15:00Z,1.702,-0,-0.595,0.494,0.202,1.802
2020-11-27T07:30:00Z,1.702,-0,-0.595,0.494,0.202,1.802
2020-11-27T07:45:00Z,1.702,-0,-0.595,0.494,0.202,1.802
2020-11-27T08:00:00Z,1.686,-0.001,0.212,0.493,-0.242,2.148
2020-11-27T08:15:00Z,1.686,-0.001,0.212,0.493,-0.242,2.148
2020-11-27T08:30:00Z,1.686,-0.001,0.212,0.493,-0.242,2.148
2020-11-27T08:45:00Z,1.686,-0.001,0.212,0.493,-0.242,2.148
2020-11-27T09:00:00Z,1.131,-0.001,0.264,0.493,-0,1.887
2020-11-27T09:15:00Z,1.131,-0.001,0.264,0.493,-0,1.887
2020-11-27T09:30:00Z,1.131,-0.001,0.264,0.493,-0,1.887
2020-11-27T09:45:00Z,1.131,-0.001,0.264,0.493,-0,1.887
2020-11-27T10:00:00Z,0.998,-0.001,0.357,0.493,-0.143,1.704
2020-11-27T10:15:00Z,0.998,-0.001,0.357,0.493,-0.143,1.704
2020-11-27T10:30:00Z,0.998,-0.001,0.357,0.493,-0.143,1.704
2020-11-27T10:45:00Z,0.998,-0.001,0.357,0.493,-0.143,1.704
2020-11-27T11:00:00Z,0.624,-0,0.207,0.493,0.173,1.498
2020-11-27T11:15:00Z,0.624,-0,0.207,0.493,0.173,1.498
2020-11-27T11:30:00Z,0.624,-0,0.207,0.493,0.173,1.498
2020-11-27T11:45:00Z,0.624,-0,0.207,0.493,0.173,1.498
2020-11-27T12:00:00Z,0.511,0,0.444,0.493,-0,1.449
2020-11-27T12:15:00Z,0.511,0,0.444,0.493,-0,1.449
2020-11-27T12:30:00Z,0.511,0,0.444,0.493,-0,1.449
2020-11-27T12:45:00Z,0.511,0,0.444,0.493,-0,1.449
2020-11-27T13:00:00Z,0.963,0,0.627,0.494,-0.702,1.381
2020-11-27T13:15:00Z,0.963,0,0.627,0.494,-0.702,1.381
2020-11-27T13:30:00Z,0.963,0,0.627,0.494,-0.702,1.381
2020-11-27T13:45:00Z,0.963,0,0.627,0.494,-0.702,1.381
2020-11-27T14:00:00Z,0.899,0,0.502,0.493,-0.223,1.672
2020-11-27T14:15:00Z,0.899,0,0.502,0.493,-0.223,1.672
2020-11-27T14:30:00Z,0.899,0,0.502,0.493,-0.223,1.672
2020-11-27T14:45:00Z,0.899,0,0.502,0.493,-0.223,1.672
2020-11-27T15:00:00Z,0.971,0,0.185,0.494,0.365,2.014
2020-11-27T15:15:00Z,0.971,0,0.185,0.494,0.365,2.014
2020-11-27T15:30:00Z,0.971,0,0.185,0.494,0.365,2.014
2020-11-27T15:45:00Z,0.971,0,0.185,0.494,0.365,2.014
2020-11-27T16:00:00Z,0.567,0,0.879,0.494,-0.455,1.485
2020-11-27T16:15:00Z,0.567,0,0.879,0.494,-0.455,1.485
2020-11-27T16:30:00Z,0.567,0,0.879,0.494,-0.455,1.485
2020-11-27T16:45:00Z,0.567,0,0.879,0.494,-0.455,1.485
2020-11-27T17:00:00Z,0.116,0,1.232,0.493,-1.085,0.756
2020-11-27T17:15:00Z,0.116,0,1.232,0.493,-1.085,0.756
2020-11-27T17:30:00Z,0.116,0,1.232,0.493,-1.085,0.756
2020-11-27T17:45:00Z,0.116,0,1.232,0.493,-1.085,0.756
2020-11-27T18:00:00Z,-0.587,0,1.19,0.494,-1.077,0.019
2020-11-27T18:15:00Z,-0.587,0,1.19,0.494,-1.077,0.019
2020-11-27T18:30:00Z,-0.587,0,1.19,0.494,-1.077,0.019
2020-11-27T18:45:00Z,-0.587,0,1.19,0.494,-1.077,0.019
2020-11-27T19:00:00Z,-1.463,0,1.411,0.493,-0.894,-0.452
2020-11-27T19:15:00Z,-1.463,0,1.411,0.493,-0.894,-0.452
2020-11-27T19:30:00Z,-1.463,0,1.411,0.493,-0.894,-0.452
2020-11-27T19:45:00Z,-1.463,0,1.411,0.493,-0.894,-0.452
2020-11-27T20:00:00Z,-1.562,0,0.864,0.493,-0.93,-1.134
2020-11-27T20:15:00Z,-1.562,0,0.864,0.493,-0.93,-1.134
2020-11-27T20:30:00Z,-1.562,0,0.864,0.493,-0.93,-1.134
2020-11-27T20:45:00Z,-1.562,0,0.864,0.493,-0.93,-1.134
2020-11-27T21:00:00Z,-1.914,0,0.352,0.493,-0.92,-1.989
2020-11-27T21:15:00Z,-1.914,0,0.352,0.493,-0.92,-1.989
2020-11-27T21:30:00Z,-1.914,0,0.352,0.493,-0.92,-1.989
2020-11-27T21:45:00Z,-1.914,0,0.352,0.493,-0.92,-1.989
2020-11-27T22:00:00Z,-2.228,0,0.3,0.494,-1.021,-2.456
2020-11-27T22:15:00Z,-2.228,0,0.3,0.494,-1.021,-2.456
2020-11-27T22:30:00Z,-2.228,0,0.3,0.494,-1.021,-2.456
2020-11-27T22:45:00Z,-2.228,0,0.3,0.494,-1.021,-2.456
2020-11-27T23:00:00Z,-2.342,0,0.577,0.493,-1.026,-2.298
2020-11-27T23:15:00Z,-2.342,0,0.577,0.493,-1.026,-2.298
2020-11-27T23:30:00Z,-2.342,0,0.577,0.493,-1.026,-2.298
2020-11-27T23:45:00Z,-2.342,0,0.577,0.493,-1.026,-2.298
2020-11-28T00:00:00Z,-2.247,0,0.149,0.494,-1.026,-2.63
2020-11-28T00:15:00Z,-2.247,0,0.149,0.494,-1.026,-2.63
2020-11-28T00:30:00Z,-2.247,0,0.149,0.494,-1.026,-2.63
2020-11-28T00:45:00Z,-2.247,0,0.149,0.494,-1.026,-2.63
2020-11-28T01:00:00Z,-1.992,0,-0.471,0.494,-1.024,-2.993
2020-11-28T01:15:00Z,-1.992,0,-0.471,0.494,-1.024,-2.993
2020-11-28T01:30:00Z,-1.992,0,-0.471,0.494,-1.024,-2.993
2020-11-28T01:45:00Z,-1.992,0,-0.471,0.494,-1.024,-2.993
2020-11-28T02:00:00Z,-1.432,-0,-1.036,0.494,-0.974,-2.948
2020-11-28T02:15:00Z,-1.432,-0,-1.036,0.494,-0.974,-2.948
2020-11-28T02:30:00Z,-1.432,-0,-1.036,0.494,-0.974,-2.948
2020-11-28T02:45:00Z,-1.432,-0,-1.036,0.494,-0.974,-2.948
2020-11-28T03:00:00Z,-1.226,-0,-1.363,0.494,-0.946,-3.04
2020-11-28T03:15:00Z,-1.226,-0,-1.363,0.494,-0.946,-3.04
2020-11-28T03:30:00Z,-1.226,-0,-1.363,0.494,-0.946,-3.04
2020-11-28T03:45:00Z,-1.226,-0,-1.363,0.494,-0.946,-3.04
2020-11-28T04:00:00Z,-1.65,-0.001,-1.498,0.494,-0.305,-2.96
2020-11-28T04:15:00Z,-1.65,-0.001,-1.498,0.494,-0.305,-2.96
2020-11-28T04:30:00Z,-1.65,-0.001,-1.498,0.494,-0.305,-2.96
2020-11-28T04:45:00Z,-1.65,-0.001,-1.498,0.494,-0.305,-2.96
2020-11-28T05:00:00Z,-1.715,0,-0.887,0.494,-0.214,-2.322
2020-11-28T05:15:00Z,-1.715,0,-0.887,0.494,-0.214,-2.322
2020-11-28T05:30:00Z,-1.715,0,-0.887,0.494,-0.214,-2.322
2020-11-28T05:45:00Z,-1.715,0,-0.887,0.494,-0.214,-2.322
2020-11-28T06:00:00Z,-1.467,0,-0.064,0.494,-0.423,-1.46
2020-11-28T06:15:00Z,-1.467,0,-0.064,0.494,-0.423,-1.46
2020-11-28T06:30:00Z,-1.467,0,-0.064,0.494,-0.423,-1.46
2020-11-28T06:45:00Z,-1.467,0,-0.064,0.494,-0.423,-1.46
2020-11-28T07:00:00Z,-0.82,0,-0.41,0.493,-0,-0.737
2020-11-28T07:15:00Z,-0.82,0,-0.41,0.493,-0,-0.737
2020-11-28T07:30:00Z,-0.82,0,-0.41,0.493,-0,-0.737
2020-11-28T07:45:00Z,-0.82,0,-0.41,0.493,-0,-0.737
2020-11-28T08:00:00Z,-0.624,0,0.099,0.494,-0.365,-0.396
2020-11-28T08:15:00Z,-0.624,0,0.099,0.494,-0.365,-0.396
2020-11-28T08:30:00Z,-0.624,0,0.099,0.494,-0.365,-0.396
2020-11-28T08:45:00Z,-0.624,0,0.099,0.494,-0.365,-0.396
2020-11-28T09:00:00Z,-0.675,0,-0.153,0.494,-0.233,-0.568
2020-11-28T09:15:00Z,-0.675,0,-0.153,0.494,-0.233,-0.568
2020-11-28T09:30:00Z,-0.675,0,-0.153,0.494,-0.233,-0.568
2020-11-28T09:45:00Z,-0.675,0,-0.153,0.494,-0.233,-0.568
2020-11-28T10:00:00Z,-0.303,0,0.035,0.494,-1.037,-0.811
2020-11-28T10:15:00Z,-0.303,0,0.035,0.494,-1.037,-0.811
2020-11-28T10:30:00Z,-0.303,0,0.035,0.494,-1.037,-0.811
2020-11-28T10:45:00Z,-0.303,0,0.035,0.494,-1.037,-0.811
2020-11-28T11:00:00Z,-0.571,0,-0.014,0.494,-1.086,-1.177
2020-11-28T11:15:00Z,-0.571,0,-0.014,0.494,-1.086,-1.177
2020-11-28T11:30:00Z,-0.571,0,-0.014,0.494,-1.086,-1.177
2020-11-28T11:45:00Z,-0.571,0,-0.014,0.494,-1.086,-1.177
2020-11-28T12:00:00Z,-0.429,0,-0.044,0.495,-1.086,-1.064
2020-11-28T12:15:00Z,-0.429,0,-0.044,0.495,-1.086,-1.064
2020-11-28T12:30:00Z,-0.429,0,-0.044,0.495,-1.086,-1.064
2020-11-28T12:45:00Z,-0.429,0,-0.044,0.495,-1.086,-1.064
2020-11-28T13:00:00Z,-0.039,0,-0.16,0.495,-1.083,-0.788
2020-11-28T13:15:00Z,-0.039,0,-0.16,0.495,-1.083,-0.788
2020-11-28T13:30:00Z,-0.039,0,-0.16,0.495,-1.083,-0.788
2020-11-28T13:45:00Z,-0.039,0,-0.16,0.495,-1.083,-0.788
2020-11-28T14:00:00Z,0.382,-0,-0.26,0.494,-1.025,-0.409
2020-11-28T14:15:00Z,0.382,-0,-0.26,0.494,-1.025,-0.409
2020-11-28T14:30:00Z,0.382,-0,-0.26,0.494,-1.025,-0.409
2020-11-28T14:45:00Z,0.382,-0,-0.26,0.494,-1.025,-0.409
2020-11-28T15:00:00Z,0.683,0,-0.121,0.494,-1.025,0.032
2020-11-28T15:15:00Z,0.683,0,-0.121,0.494,-1.025,0.032
2020-11-28T15:30:00Z,0.683,0,-0.121,0.494,-1.025,0.032
2020-11-28T15:45:00Z,0.683,0,-0.121,0.494,-1.025,0.032
2020-11-28T16:00:00Z,0.675,0,0.2,0.494,-1.027,0.342
2020-11-28T16:15:00Z,0.675,0,0.2,0.494,-1.027,0.342
2020-11-28T16:30:00Z,0.675,0,0.2,0.494,-1.027,0.342
2020-11-28T16:45:00Z,0.675,0,0.2,0.494,-1.027,0.342
2020-11-28T17:00:00Z,-0.115,0,0.077,0.494,-1.086,-0.629
2020-11-28T17:15:00Z,-0.115,0,0.077,0.494,-1.086,-0.629
2020-11-28T17:30:00Z,-0.115,0,0.077,0.494,-1.086,-0.629
2020-11-28T17:45:00Z,-0.115,0,0.077,0.494,-1.086,-0.629
2020-11-28T18:00:00Z,-1.167,0,0.371,0.495,-1.086,-1.387
2020-11-28T18:15:00Z,-1.167,0,0.371,0.495,-1.086,-1.387
2020-11-28T18:30:00Z,-1.167,0,0.371,0.495,-1.086,-1.387
2020-11-28T18:45:00Z,-1.167,0,0.371,0.495,-1.086,-1.387
2020-11-28T19:00:00Z,-1.392,0,0.069,0.495,-1.086,-1.914
2020-11-28T19:15:00Z,-1.392,0,0.069,0.495,-1.086,-1.914
2020-11-28T19:30:00Z,-1.392,0,0.069,0.495,-1.086,-1.914
2020-11-28T19:45:00Z,-1.392,0,0.069,0.495,-1.086,-1.914
2020-11-28T20:00:00Z,-1.277,0,-0.39,0.495,-1.086,-2.259
2020-11-28T20:15:00Z,-1.277,0,-0.39,0.495,-1.086,-2.259
2020-11-28T20:30:00Z,-1.277,0,-0.39,0.495,-1.086,-2.259
2020-11-28T20:45:00Z,-1.277,0,-0.39,0.495,-1.086,-2.259
2020-11-28T21:00:00Z,-1.612,0,0.086,0.495,-1.083,-2.114
2020-11-28T21:15:00Z,-1.612,0,0.086,0.495,-1.083,-2.114
2020-11-28T21:30:00Z,-1.612,0,0.086,0.495,-1.083,-2.114
2020-11-28T21:45:00Z,-1.612,0,0.086,0.495,-1.083,-2.114
2020-11-28T22:00:00Z,-1.919,0,0.56,0.494,-1.023,-1.888
2020-11-28T22:15:00Z,-1.919,0,0.56,0.494,-1.023,-1.888
2020-11-28T22:30:00Z,-1.919,0,0.56,0.494,-1.023,-1.888
2020-11-28T22:45:00Z,-1.919,0,0.56,0.494,-1.023,-1.888
2020-11-28T23:00:00Z,-2.143,0,-0.048,0.494,-0.98,-2.676
2020-11-28T23:15:00Z,-2.143,0,-0.048,0.494,-0.98,-2.676
2020-11-28T23:30:00Z,-2.143,0,-0.048,0.494,-0.98,-2.676
2020-11-28T23:45:00Z,-2.143,0,-0.048,0.494,-0.98,-2.676
2020-11-29T00:00:00Z,-1.938,-0.001,-0.339,0.494,-0.979,-2.762
2020-11-29T00:15:00Z,-1.938,-0.001,-0.339,0.494,-0.979,-2.762
2020-11-29T00:30:00Z,-1.938,-0.001,-0.339,0.494,-0.979,-2.762
2020-11-29T00:45:00Z,-1.938,-0.001,-0.339,0.494,-0.979,-2.762
2020-11-29T01:00:00Z,-1.923,0,-0.979,0.494,-0.959,-3.366
2020-11-29T01:15:00Z,-1.923,0,-0.979,0.494,-0.959,-3.366
2020-11-29T01:30:00Z,-1.923,0,-0.979,0.494,-0.959,-3.366
2020-11-29T01:45:00Z,-1.923,0,-0.979,0.494,-0.959,-3.366
2020-11-29T02:00:00Z,-1.583,0,-1.214,0.494,-0.93,-3.233
2020-11-29T02:15:00Z,-1.583,0,-1.214,0.494,-0.93,-3.233
2020-11-29T02:30:00Z,-1.583,0,-1.214,0.494,-0.93,-3.233
2020-11-29T02:45:00Z,-1.583,0,-1.214,0.494,-0.93,-3.233
2020-11-29T03:00:00Z,-1.474,0,-1.353,0.494,-0.93,-3.263
2020-11-29T03:15:00Z,-1.474,0,-1.353,0.494,-0.93,-3.263
2020-11-29T03:30:00Z,-1.474,0,-1.353,0.494,-0.93,-3.263
2020-11-29T03:45:00Z,-1.474,0,-1.353,0.494,-0.93,-3.263
2020-11-29T04:00:00Z,-1.403,0,-1.388,0.494,-0.932,-3.228
2020-11-29T04:15:00Z,-1.403,0,-1.388,0.494,-0.932,-3.228
2020-11-29T04:30:00Z,-1.403,0,-1.388,0.494,-0.932,-3.228
2020-11-29T04:45:00Z,-1.403,0,-1.388,0.494,-0.932,-3.228
2020-11-29T05:00:00Z,-1.488,0,-1.162,0.494,-0.975,-3.131
2020-11-29T05:15:00Z,-1.488,0,-1.162,0.494,-0.975,-3.131
2020-11-29T05:30:00Z,-1.488,0,-1.162,0.494,-0.975,-3.131
2020-11-29T05:45:00Z,-1.488,0,-1.162,0.494,-0.975,-3.131
2020-11-29T06:00:00Z,-1.452,0,-0.701,0.494,-0.998,-2.657
2020-11-29T06:15:00Z,-1.452,0,-0.701,0.494,-0.998,-2.657
2020-11-29T06:30:00Z,-1.452,0,-0.701,0.494,-0.998,-2.657
2020-11-29T06:45:00Z,-1.452,0,-0.701,0.494,-0.998,-2.657
2020-11-29T07:00:00Z,-1.374,0,-0.447,0.494,-0.873,-2.2
2020-11-29T07:15:00Z,-1.374,0,-0.447,0.494,-0.873,-2.2
2020-11-29T07:30:00Z,-1.374,0,-0.447,0.494,-0.873,-2.2
2020-11-29T07:45:00Z,-1.374,0,-0.447,0.494,-0.873,-2.2
2020-11-29T08:00:00Z,-1.127,0,-0.288,0.494,-0.985,-1.905
2020-11-29T08:15:00Z,-1.127,0,-0.288,0.494,-0.985,-1.905
2020-11-29T08:30:00Z,-1.127,0,-0.288,0.494,-0.985,-1.905
2020-11-29T08:45:00Z,-1.127,0,-0.288,0.494,-0.985,-1.905
2020-11-29T09:00:00Z,-1.073,0,-0.609,0.494,-1.027,-2.214
2020-11-29T09:15:00Z,-1.073,0,-0.609,0.494,-1.027,-2.214
2020-11-29T09:30:00Z,-1.073,0,-0.609,0.494,-1.027,-2.214
2020-11-29T09:45:00Z,-1.073,0,-0.609,0.494,-1.027,-2.214
2020-11-29T10:00:00Z,-1.221,-0,-0.713,0.494,-1.085,-2.524
2020-11-29T10:15:00Z,-1.221,-0,-0.713,0.494,-1.085,-2.524
2020-11-29T10:30:00Z,-1.221,-0,-0.713,0.494,-1.085,-2.524
2020-11-29T10:45:00Z,-1.221,-0,-0.713,0.494,-1.085,-2.524
2020-11-29T11:00:00Z,-1.399,-0.001,-0.603,0.495,-1.086,-2.594
2020-11-29T11:15:00Z,-1.399,-0.001,-0.603,0.495,-1.086,-2.594
2020-11-29T11:30:00Z,-1.399,-0.001,-0.603,0.495,-1.086,-2.594
2020-11-29T11:45:00Z,-1.399,-0.001,-0.603,0.495,-1.086,-2.594
2020-11-29T12:00:00Z,-1.14,-0,-0.54,0.494,-1.086,-2.271
2020-11-29T12:15:00Z,-1.14,-0,-0.54,0.494,-1.086,-2.271
2020-11-29T12:30:00Z,-1.14,-0,-0.54,0.494,-1.086,-2.271
2020-11-29T12:45:00Z,-1.14,-0,-0.54,0.494,-1.086,-2.271
2020-11-29T13:00:00Z,-0.585,0,-0.553,0.494,-1.086,-1.729
2020-11-29T13:15:00Z,-0.585,0,-0.553,0.494,-1.086,-1.729
2020-11-29T13:30:00Z,-0.585,0,-0.553,0.494,-1.086,-1.729
2020-11-29T13:45:00Z,-0.585,0,-0.553,0.494,-1.086,-1.729
2020-11-29T14:00:00Z,0.085,0,-0.458,0.494,-1.083,-0.961
2020-11-29T14:15:00Z,0.085,0,-0.458,0.494,-1.083,-0.961
2020-11-29T14:30:00Z,0.085,0,-0.458,0.494,-1.083,-0.961
2020-11-29T14:45:00Z,0.085,0,-0.458,0.494,-1.083,-0.961
2020-11-29T15:00:00Z,0.876,-0,-0.469,0.494,-1.025,-0.124
2020-11-29T15:15:00Z,0.876,-0,-0.469,0.494,-1.025,-0.124
2020-11-29T15:30:00Z,0.876,-0,-0.469,0.494,-1.025,-0.124
2020-11-29T15:45:00Z,0.876,-0,-0.469,0.494,-1.025,-0.124
2020-11-29T16:00:00Z,0.503,-0,0.602,0.495,-1.027,0.571
2020-11-29T16:15:00Z,0.503,-0,0.602,0.495,-1.027,0.571
2020-11-29T16:30:00Z,0.503,-0,0.602,0.495,-1.027,0.571
2020-11-29T16:45:00Z,0.503,-0,0.602,0.495,-1.027,0.571
2020-11-29T17:00:00Z,0.163,-0,0.478,0.495,-1.086,0.049
2020-11-29T17:15:00Z,0.163,-0,0.478,0.495,-1.086,0.049
2020-11-29T17:30:00Z,0.163,-0,0.478,0.495,-1.086,0.049
2020-11-29T17:45:00Z,0.163,-0,0.478,0.495,-1.086,0.049
2020-11-29T18:00:00Z,-0.317,-0,0.36,0.495,-1.08,-0.543
2020-11-29T18:15:00Z,-0.317,-0,0.36,0.495,-1.08,-0.543
2020-11-29T18:30:00Z,-0.317,-0,0.36,0.495,-1.08,-0.543
2020-11-29T18:45:00Z,-0.317,-0,0.36,0.495,-1.08,-0.543
2020-11-29T19:00:00Z,-0.624,-0,0.264,0.495,-0.955,-0.82
2020-11-29T19:15:00Z,-0.624,-0,0.264,0.495,-0.955,-0.82
2020-11-29T19:30:00Z,-0.624,-0,0.264,0.495,-0.955,-0.82
2020-11-29T19:45:00Z,-0.624,-0,0.264,0.495,-0.955,-0.82
2020-11-29T20:00:00Z,-0.785,0,-0.17,0.495,-0.835,-1.295
2020-11-29T20:15:00Z,-0.785,0,-0.17,0.495,-0.835,-1.295
2020-11-29T20:30:00Z,-0.785,0,-0.17,0.495,-0.835,-1.295
2020-11-29T20:45:00Z,-0.785,0,-0.17,0.495,-0.835,-1.295
2020-11-29T21:00:00Z,-1.488,0,-0.237,0.495,-0.608,-1.837
2020-11-29T21:15:00Z,-1.488,0,-0.237,0.495,-0.608,-1.837
2020-11-29T21:30:00Z,-1.488,0,-0.237,0.495,-0.608,-1.837
2020-11-29T21:45:00Z,-1.488,0,-0.237,0.495,-0.608,-1.837
2020-11-29T22:00:00Z,-2.578,0,-0.205,0.495,-0.171,-2.459
2020-11-29T22:15:00Z,-2.578,0,-0.205,0.495,-0.171,-2.459
2020-11-29T22:30:00Z,-2.578,0,-0.205,0.495,-0.171,-2.459
2020-11-29T22:45:00Z,-2.578,0,-0.205,0.495,-0.171,-2.459
2020-11-29T23:00:00Z,-2.186,0,0.151,0.495,-0.97,-2.511
2020-11-29T23:15:00Z,-2.186,0,0.151,0.495,-0.97,-2.511
2020-11-29T23:30:00Z,-2.186,0,0.151,0.495,-0.97,-2.511
2020-11-29T23:45:00Z,-2.186,0,0.151,0.495,-0.97,-2.511
2020-11-30T00:00:00Z,-2.204,0,-0.106,0.495,-0.97,-2.785
2020-11-30T00:15:00Z,-2.204,0,-0.106,0.495,-0.97,-2.785
2020-11-30T00:30:00Z,-2.204,0,-0.106,0.495,-0.97,-2.785
2020-11-30T00:45:00Z,-2.204,0,-0.106,0.495,-0.97,-2.785
2020-11-30T01:00:00Z,-2.151,0,-0.634,0.495,-0.785,-3.076
2020-11-30T01:15:00Z,-2.151,0,-0.634,0.495,-0.785,-3.076
2020-11-30T01:30:00Z,-2.151,0,-0.634,0.495,-0.785,-3.076
2020-11-30T01:45:00Z,-2.151,0,-0.634,0.495,-0.785,-3.076
2020-11-30T02:00:00Z,-2.533,0,-1.135,0.495,0.102,-3.072
2020-11-30T02:15:00Z,-2.533,0,-1.135,0.495,0.102,-3.072
2020-11-30T02:30:00Z,-2.533,0,-1.135,0.495,0.102,-3.072
2020-11-30T02:45:00Z,-2.533,0,-1.135,0.495,0.102,-3.072
2020-11-30T03:00:00Z,-2.117,0,-1.756,0.495,0.296,-3.082
2020-11-30T03:15:00Z,-2.117,0,-1.756,0.495,0.296,-3.082
2020-11-30T03:30:00Z,-2.117,0,-1.756,0.495,0.296,-3.082
2020-11-30T03:45:00Z,-2.117,0,-1.756,0.495,0.296,-3.082
2020-11-30T04:00:00Z,-1.709,0,-1.826,0.495,0.355,-2.685
2020-11-30T04:15:00Z,-1.709,0,-1.826,0.495,0.355,-2.685
2020-11-30T04:30:00Z,-1.709,0,-1.826,0.495,0.355,-2.685
2020-11-30T04:45:00Z,-1.709,0,-1.826,0.495,0.355,-2.685
2020-11-30T05:00:00Z,-1.087,0,-1.777,0.494,0.743,-1.627
2020-11-30T05:15:00Z,-1.087,0,-1.777,0.494,0.743,-1.627
2020-11-30T05:30:00Z,-1.087,0,-1.777,0.494,0.743,-1.627
2020-11-30T05:45:00Z,-1.087,0,-1.777,0.494,0.743,-1.627
2020-11-30T06:00:00Z,-0.85,0,-0.215,0.495,0.559,-0.011
2020-11-30T06:15:00Z,-0.85,0,-0.215,0.495,0.559,-0.011
2020-11-30T06:30:00Z,-0.85,0,-0.215,0.495,0.559,-0.011
2020-11-30T06:45:00Z,-0.85,0,-0.215,0.495,0.559,-0.011
2020-11-30T07:00:00Z,-1.038,0,0.839,0.495,0.499,0.794
2020-11-30T07:15:00Z,-1.038,0,0.839,0.495,0.499,0.794
2020-11-30T07:30:00Z,-1.038,0,0.839,0.495,0.499,0.794
2020-11-30T07:45:00Z,-1.038,0,0.839,0.495,0.499,0.794
2020-11-30T08:00:00Z,-1.207,0,2.074,0.495,-0.257,1.104
2020-11-30T08:15:00Z,-1.207,0,2.074,0.495,-0.257,1.104
2020-11-30T08:30:00Z,-1.207,0,2.074,0.495,-0.257,1.104
2020-11-30T08:45:00Z,-1.207,0,2.074,0.495,-0.257,1.104
2020-11-30T09:00:00Z,-1.356,0,2.247,0.494,-0.308,1.077
2020-11-30T09:15:00Z,-1.356,0,2.247,0.494,-0.308,1.077
2020-11-30T09:30:00Z,-1.356,0,2.247,0.494,-0.308,1.077
2020-11-30T09:45:00Z,-1.356,0,2.247,0.494,-0.308,1.077
2020-11-30T10:00:00Z,-1.74,0,2.186,0.494,-0.348,0.592
2020-11-30T10:15:00Z,-1.74,0,2.186,0.494,-0.348,0.592
2020-11-30T10:30:00Z,-1.74,0,2.186,0.494,-0.348,0.592
2020-11-30T10:45:00Z,-1.74,0,2.186,0.494,-0.348,0.592
2020-11-30T11:00:00Z,-1.758,0,1.997,0.494,-0.251,0.481
2020-11-30T11:15:00Z,-1.758,0,1.997,0.494,-0.251,0.481
2020-11-30T11:30:00Z,-1.758,0,1.997,0.494,-0.251,0.481
2020-11-30T11:45:00Z,-1.758,0,1.997,0.494,-0.251,0.481
2020-11-30T12:00:00Z,-1.318,0,1.524,0.494,-0.375,0.324
2020-11-30T12:15:00Z,-1.318,0,1.524,0.494,-0.375,0.324
2020-11-30T12:30:00Z,-1.318,0,1.524,0.494,-0.375,0.324
2020-11-30T12:45:00Z,-1.318,0,1.524,0.494,-0.375,0.324
2020-11-30T13:00:00Z,-1.09,0,1.03,0.494,-0.28,0.154
2020-11-30T13:15:00Z,-1.09,0,1.03,0.494,-0.28,0.154
2020-11-30T13:30:00Z,-1.09,0,1.03,0.494,-0.28,0.154
2020-11-30T13:45:00Z,-1.09,0,1.03,0.494,-0.28,0.154
2020-11-30T14:00:00Z,-1.241,0,0.765,0.494,-0.341,-0.323
2020-11-30T14:15:00Z,-1.241,0,0.765,0.494,-0.341,-0.323
2020-11-30T14:30:00Z,-1.241,0,0.765,0.494,-0.341,-0.323
2020-11-30T14:45:00Z,-1.241,0,0.765,0.494,-0.341,-0.323
2020-11-30T15:00:00Z,-1.359,0,1.364,0.494,-0.683,-0.184
2020-11-30T15:15:00Z,-1.359,0,1.364,0.494,-0.683,-0.184
2020-11-30T15:30:00Z,-1.359,0,1.364,0.494,-0.683,-0.184
2020-11-30T15:45:00Z,-1.359,0,1.364,0.494,-0.683,-0.184
2020-11-30T16:00:00Z,-2.068,0,1.881,0.494,-0.782,-0.475
2020-11-30T16:15:00Z,-2.068,0,1.881,0.494,-0.782,-0.475
2020-11-30T16:30:00Z,-2.068,0,1.881,0.494,-0.782,-0.475
2020-11-30T16:45:00Z,-2.068,0,1.881,0.494,-0.782,-0.475
2020-11-30T17:00:00Z,-3.246,0,2.088,0.495,-1.085,-1.748
2020-11-30T17:15:00Z,-3.246,0,2.088,0.495,-1.085,-1.748
2020-11-30T17:30:00Z,-3.246,0,2.088,0.495,-1.085,-1.748
2020-11-30T17:45:00Z,-3.246,0,2.088,0.495,-1.085,-1.748
2020-11-30T18:00:00Z,-2.964,0,1.313,0.495,-1.085,-2.241
2020-11-30T18:15:00Z,-2.964,0,1.313,0.495,-1.085,-2.241
2020-11-30T18:30:00Z,-2.964,0,1.313,0.495,-1.085,-2.241
2020-11-30T18:45:00Z,-2.964,0,1.313,0.495,-1.085,-2.241
2020-11-30T19:00:00Z,-2.999,0,1.006,0.495,-1.086,-2.583
2020-11-30T19:15:00Z,-2.999,0,1.006,0.495,-1.086,-2.583
2020-11-30T19:30:00Z,-2.999,0,1.006,0.495,-1.086,-2.583
2020-11-30T19:45:00Z,-2.999,0,1.006,0.495,-1.086,-2.583
2020-11-30T20:00:00Z,-2.966,0,0.872,0.495,-1.086,-2.685
2020-11-30T20:15:00Z,-2.966,0,0.872,0.495,-1.086,-2.685
2020-11-30T20:30:00Z,-2.966,0,0.872,0.495,-1.086,-2.685
2020-11-30T20:45:00Z,-2.966,0,0.872,0.495,-1.086,-2.685
2020-11-30T21:00:00Z,-2.985,0,1.258,0.495,-1.081,-2.313
2020-11-30T21:15:00Z,-2.985,0,1.258,0.495,-1.081,-2.313
2020-11-30T21:30:00Z,-2.985,0,1.258,0.495,-1.081,-2.313
2020-11-30T21:45:00Z,-2.985,0,1.258,0.495,-1.081,-2.313
2020-11-30T22:00:00Z,-2.041,0,0.259,0.495,-0.968,-2.255
2020-11-30T22:15:00Z,-2.041,0,0.259,0.495,-0.968,-2.255
2020-11-30T22:30:00Z,-2.041,0,0.259,0.495,-0.968,-2.255
2020-11-30T22:45:00Z,-2.041,0,0.259,0.495,-0.968,-2.255
2020-11-30T23:00:00Z,-1.689,0,0.203,0.495,-0.825,-1.816
2020-11-30T23:15:00Z,-1.689,0,0.203,0.495,-0.825,-1.816
2020-11-30T23:30:00Z,-1.689,0,0.203,0.495,-0.825,-1.816
2020-11-30T23:45:00Z,-1.689,0,0.203,0.495,-0.825,-1.816
