tijdstip_utc,belgium,denmark,germany,norway,united_kingdom,sum
2022-10-01T00:00:00Z,0.656,0.149,-1.108,0,0.175,-0.127
2022-10-01T00:15:00Z,0.656,0.149,-1.21,0,0.175,-0.229
2022-10-01T00:30:00Z,0.656,0.149,-1.24,0,0.176,-0.258
2022-10-01T00:45:00Z,0.656,0.149,-1.27,0,0.117,-0.348
2022-10-01T01:00:00Z,1.081,-0.423,-1.095,0,-0.001,-0.437
2022-10-01T01:15:00Z,1.081,-0.423,-1.086,0,-0.001,-0.428
2022-10-01T01:30:00Z,1.081,-0.423,-1.061,0,-0.001,-0.403
2022-10-01T01:45:00Z,1.081,-0.423,-1.01,0,-0.001,-0.353
2022-10-01T02:00:00Z,0.979,-0.441,-1.231,0,0.528,-0.164
2022-10-01T02:15:00Z,0.979,-0.441,-1.158,0,0.545,-0.076
2022-10-01T02:30:00Z,0.979,-0.441,-1.157,0,0.545,-0.075
2022-10-01T02:45:00Z,0.979,-0.441,-1.113,0,0.497,-0.078
2022-10-01T03:00:00Z,0.892,0.111,-0.816,0,0.402,0.589
2022-10-01T03:15:00Z,0.892,0.111,-0.826,0,0.402,0.579
2022-10-01T03:30:00Z,0.892,0.111,-0.733,0,0.402,0.672
2022-10-01T03:45:00Z,0.892,0.111,-0.592,0,0.477,0.888
2022-10-01T04:00:00Z,1.144,0.342,-0.513,0,0.627,1.6
2022-10-01T04:15:00Z,1.144,0.342,-0.418,0,0.626,1.695
2022-10-01T04:30:00Z,1.144,0.342,-0.312,0,0.626,1.8
2022-10-01T04:45:00Z,1.144,0.342,-0.252,0,0.625,1.859
2022-10-01T05:00:00Z,1.213,0.6,0.139,0,0.546,2.498
2022-10-01T05:15:00Z,1.213,0.6,0.212,0,0.546,2.571
2022-10-01T05:30:00Z,1.213,0.6,0.347,0,0.546,2.705
2022-10-01T05:45:00Z,1.213,0.6,0.342,0,0.397,2.551
2022-10-01T06:00:00Z,1.527,0.697,0.46,0,0.1,2.785
2022-10-01T06:15:00Z,1.527,0.697,0.347,0,0.101,2.673
2022-10-01T06:30:00Z,1.527,0.697,0.233,0,0.102,2.559
2022-10-01T06:45:00Z,1.527,0.697,0.016,0,0.067,2.307
2022-10-01T07:00:00Z,1.42,0.7,0.449,0,-0.53,2.039
2022-10-01T07:15:00Z,1.42,0.7,0.251,0,-0.544,1.827
2022-10-01T07:30:00Z,1.42,0.7,0.268,0,-0.543,1.844
2022-10-01T07:45:00Z,1.42,0.7,0.198,0,-0.718,1.6
2022-10-01T08:00:00Z,1.398,0.688,0.162,0,-1.024,1.224
2022-10-01T08:15:00Z,1.398,0.688,-0.058,0,-1.025,1.003
2022-10-01T08:30:00Z,1.398,0.688,-0.289,0,-1.025,0.771
2022-10-01T08:45:00Z,1.398,0.688,-0.454,0,-1.045,0.587
2022-10-01T09:00:00Z,1.265,0.174,-0.449,0,-1.085,-0.096
2022-10-01T09:15:00Z,1.265,0.174,-0.541,0,-1.085,-0.187
2022-10-01T09:30:00Z,1.265,0.174,-0.534,0,-1.085,-0.181
2022-10-01T09:45:00Z,1.265,0.174,-0.481,0,-1.085,-0.128
2022-10-01T10:00:00Z,0.966,-0.027,-1.002,0,-1.086,-1.15
2022-10-01T10:15:00Z,0.966,-0.027,-1.053,0,-1.086,-1.201
2022-10-01T10:30:00Z,0.966,-0.027,-1.183,0,-1.086,-1.33
2022-10-01T10:45:00Z,0.966,-0.027,-1.368,0,-1.077,-1.507
2022-10-01T11:00:00Z,1.144,-0.674,-1.487,0,-1.035,-2.051
2022-10-01T11:15:00Z,1.144,-0.674,-1.949,0,-1.035,-2.514
2022-10-01T11:30:00Z,1.144,-0.674,-1.908,0,-1.035,-2.473
2022-10-01T11:45:00Z,1.144,-0.674,-1.929,0,-1.013,-2.472
2022-10-01T12:00:00Z,1.149,-0.674,-1.959,0,-0.97,-2.454
2022-10-01T12:15:00Z,1.149,-0.674,-2.028,0,-0.97,-2.524
2022-10-01T12:30:00Z,1.149,-0.674,-2.026,0,-0.97,-2.521
2022-10-01T12:45:00Z,1.149,-0.674,-2.233,0,-0.907,-2.666
2022-10-01T13:00:00Z,1.254,-0.154,-2.68,0,-0.607,-2.186
2022-10-01T13:15:00Z,1.254,-0.154,-2.535,0,-0.607,-2.042
2022-10-01T13:30:00Z,1.254,-0.154,-2.39,0,-0.607,-1.896
2022-10-01T13:45:00Z,1.254,-0.154,-2.35,0,-0.516,-1.766
2022-10-01T14:00:00Z,1.872,-0.441,-1.954,0,-0.336,-0.859
2022-10-01T14:15:00Z,1.872,-0.441,-1.835,0,-0.337,-0.74
2022-10-01T14:30:00Z,1.872,-0.441,-1.61,0,-0.337,-0.515
2022-10-01T14:45:00Z,1.872,-0.441,-1.424,0,-0.455,-0.447
2022-10-01T15:00:00Z,2.05,0.092,-0.589,0,-1.043,0.511
2022-10-01T15:15:00Z,2.05,0.092,-0.154,0,-1.042,0.947
2022-10-01T15:30:00Z,2.05,0.092,0.051,0,-1.042,1.151
2022-10-01T15:45:00Z,2.05,0.092,0.201,0,-0.898,1.446
2022-10-01T16:00:00Z,2.334,0.684,-0.722,0,-0.181,2.115
2022-10-01T16:15:00Z,2.334,0.684,-0.453,0,-0.182,2.383
2022-10-01T16:30:00Z,2.334,0.684,-0.375,0,-0.181,2.461
2022-10-01T16:45:00Z,2.334,0.684,-0.451,0,-0.181,2.385
2022-10-01T17:00:00Z,2.033,0.7,-0.527,0,0.162,2.368
2022-10-01T17:15:00Z,2.033,0.7,-0.369,0,0.161,2.526
2022-10-01T17:30:00Z,2.033,0.7,-0.271,0,0.161,2.624
2022-10-01T17:45:00Z,2.033,0.7,-0.184,0,0.142,2.691
2022-10-01T18:00:00Z,1.522,0.7,0.074,0,0.101,2.398
2022-10-01T18:15:00Z,1.522,0.7,0.142,0,0.102,2.467
2022-10-01T18:30:00Z,1.522,0.7,0.073,0,0.101,2.397
2022-10-01T18:45:00Z,1.522,0.7,0.084,0,0.101,2.407
2022-10-01T19:00:00Z,1.276,0.7,-0.186,0,0.27,2.06
2022-10-01T19:15:00Z,1.276,0.7,-0.358,0,0.27,1.888
2022-10-01T19:30:00Z,1.276,0.7,-0.505,0,0.269,1.74
2022-10-01T19:45:00Z,1.276,0.7,-0.179,0,0.18,1.977
2022-10-01T20:00:00Z,0.752,0.7,-0.162,0,-0,1.29
2022-10-01T20:15:00Z,0.752,0.7,-0.029,0,-0,1.423
2022-10-01T20:30:00Z,0.752,0.7,-0.009,0,-0,1.442
2022-10-01T20:45:00Z,0.752,0.7,-0.16,0,-0.001,1.291
2022-10-01T21:00:00Z,0.456,0.7,-0.292,0,-0.105,0.759
2022-10-01T21:15:00Z,0.456,0.7,-0.347,0,-0.106,0.704
2022-10-01T21:30:00Z,0.456,0.7,-0.273,0,-0.105,0.779
2022-10-01T21:45:00Z,0.456,0.7,-0.222,0,-0.106,0.829
2022-10-01T22:00:00Z,-0.079,0.699,-0.233,0,-0.217,0.17
2022-10-01T22:15:00Z,-0.079,0.699,-0.334,0,-0.218,0.068
2022-10-01T22:30:00Z,-0.079,0.699,-0.288,0,-0.218,0.114
2022-10-01T22:45:00Z,-0.079,0.699,-0.124,0,-0.334,0.161
2022-10-01T23:00:00Z,-0.105,0.675,0.157,0,-0.565,0.163
2022-10-01T23:15:00Z,-0.105,0.675,0.422,0,-0.566,0.427
2022-10-01T23:30:00Z,-0.105,0.675,0.438,0,-0.565,0.443
2022-10-01T23:45:00Z,-0.105,0.675,0.233,0,-0.357,0.446
2022-10-02T00:00:00Z,0.504,0.398,-0.42,0,0.329,0.811
2022-10-02T00:15:00Z,0.504,0.398,-0.525,0,0.328,0.705
2022-10-02T00:30:00Z,0.504,0.398,-0.588,0,0.329,0.642
2022-10-02T00:45:00Z,0.504,0.398,-0.521,0,0.33,0.71
2022-10-02T01:00:00Z,-0.176,0.566,-0.188,0,0.63,0.832
2022-10-02T01:15:00Z,-0.176,0.566,-0.105,0,0.629,0.914
2022-10-02T01:30:00Z,-0.176,0.566,-0.082,0,0.63,0.938
2022-10-02T01:45:00Z,-0.176,0.566,-0.144,0,0.596,0.841
2022-10-02T02:00:00Z,0.242,0.335,0.027,0,0.446,1.05
2022-10-02T02:15:00Z,0.242,0.335,0.04,0,0.445,1.062
2022-10-02T02:30:00Z,0.242,0.335,0.041,0,0.446,1.063
2022-10-02T02:45:00Z,0.242,0.335,0.056,0,0.483,1.115
2022-10-02T03:00:00Z,0.299,0.19,-0.077,0,0.555,0.967
2022-10-02T03:15:00Z,0.299,0.19,-0.012,0,0.555,1.032
2022-10-02T03:30:00Z,0.299,0.19,-0.056,0,0.555,0.988
2022-10-02T03:45:00Z,0.299,0.19,0.044,0,0.35,0.883
2022-10-02T04:00:00Z,0.53,0.634,-0.037,0,-0.111,1.016
2022-10-02T04:15:00Z,0.53,0.634,-0.143,0,-0.112,0.91
2022-10-02T04:30:00Z,0.53,0.634,-0.128,0,-0.111,0.925
2022-10-02T04:45:00Z,0.53,0.634,-0.138,0,-0.074,0.952
2022-10-02T05:00:00Z,0.328,0.587,-0.031,0,0.467,1.351
2022-10-02T05:15:00Z,0.328,0.587,-0.108,0,0.467,1.273
2022-10-02T05:30:00Z,0.328,0.587,-0.186,0,0.466,1.194
2022-10-02T05:45:00Z,0.328,0.587,-0.196,0,0.31,1.029
2022-10-02T06:00:00Z,-0.572,0.697,0.831,0,-0.106,0.851
2022-10-02T06:15:00Z,-0.572,0.697,0.884,0,-0.105,0.905
2022-10-02T06:30:00Z,-0.572,0.697,0.921,0,-0.105,0.942
2022-10-02T06:45:00Z,-0.572,0.697,0.861,0,-0.108,0.879
2022-10-02T07:00:00Z,-1.736,0.7,1.458,0,-0.374,0.047
2022-10-02T07:15:00Z,-1.736,0.7,1.497,0,-0.372,0.088
2022-10-02T07:30:00Z,-1.736,0.7,1.584,0,-0.374,0.173
2022-10-02T07:45:00Z,-1.736,0.7,1.727,0,-0.481,0.209
2022-10-02T08:00:00Z,-1.957,0.7,2.231,0,-1.025,-0.051
2022-10-02T08:15:00Z,-1.957,0.7,2.158,0,-1.024,-0.124
2022-10-02T08:30:00Z,-1.957,0.7,1.992,0,-1.024,-0.29
2022-10-02T08:45:00Z,-1.957,0.7,1.793,0,-1.038,-0.503
2022-10-02T09:00:00Z,-1.904,0.7,1.494,0,-1.085,-0.796
2022-10-02T09:15:00Z,-1.904,0.7,1.371,0,-1.086,-0.92
2022-10-02T09:30:00Z,-1.904,0.7,1.422,0,-1.086,-0.868
2022-10-02T09:45:00Z,-1.904,0.7,1.601,0,-1.086,-0.689
2022-10-02T10:00:00Z,-2.176,0.699,1.371,0,-1.085,-1.191
2022-10-02T10:15:00Z,-2.176,0.699,1.304,0,-1.086,-1.259
2022-10-02T10:30:00Z,-2.176,0.699,1.499,0,-1.086,-1.064
2022-10-02T10:45:00Z,-2.176,0.699,1.426,0,-1.01,-1.06
2022-10-02T11:00:00Z,-2.062,0.64,1.106,0,-0.858,-1.174
2022-10-02T11:15:00Z,-2.062,0.64,0.896,0,-0.859,-1.385
2022-10-02T11:30:00Z,-2.062,0.64,0.856,0,-0.858,-1.423
2022-10-02T11:45:00Z,-2.062,0.64,0.709,0,-0.783,-1.496
2022-10-02T12:00:00Z,-1.871,0.67,0.679,0,-0.635,-1.158
2022-10-02T12:15:00Z,-1.871,0.67,0.647,0,-0.634,-1.188
2022-10-02T12:30:00Z,-1.871,0.67,0.517,0,-0.635,-1.32
2022-10-02T12:45:00Z,-1.871,0.67,0.636,0,-0.678,-1.244
2022-10-02T13:00:00Z,-1.864,0.628,1.106,0,-0.888,-1.017
2022-10-02T13:15:00Z,-1.864,0.628,1.092,0,-0.888,-1.031
2022-10-02T13:30:00Z,-1.864,0.628,0.997,0,-0.888,-1.127
2022-10-02T13:45:00Z,-1.864,0.628,0.828,0,-0.886,-1.294
2022-10-02T14:00:00Z,-1.13,0.697,0.75,0,-0.688,-0.371
2022-10-02T14:15:00Z,-1.13,0.697,0.835,0,-0.688,-0.286
2022-10-02T14:30:00Z,-1.13,0.697,0.872,0,-0.687,-0.249
2022-10-02T14:45:00Z,-1.13,0.697,1.05,0,-0.601,0.016
2022-10-02T15:00:00Z,-0.335,0.664,1.275,0,-0.427,1.177
2022-10-02T15:15:00Z,-0.335,0.664,1.746,0,-0.427,1.648
2022-10-02T15:30:00Z,-0.335,0.664,1.791,0,-0.427,1.693
2022-10-02T15:45:00Z,-0.335,0.664,1.94,0,-0.285,1.984
2022-10-02T16:00:00Z,-0.418,0.579,1.939,0,0.224,2.325
2022-10-02T16:15:00Z,-0.418,0.579,2.106,0,0.224,2.491
2022-10-02T16:30:00Z,-0.418,0.579,2.269,0,0.224,2.654
2022-10-02T16:45:00Z,-0.418,0.579,2.226,0,0.224,2.611
2022-10-02T17:00:00Z,0.519,0.696,1.682,0,-0.191,2.707
2022-10-02T17:15:00Z,0.519,0.696,1.599,0,-0.19,2.625
2022-10-02T17:30:00Z,0.519,0.696,1.698,0,-0.19,2.724
2022-10-02T17:45:00Z,0.519,0.696,1.774,0,-0.128,2.863
2022-10-02T18:00:00Z,0.068,0.7,1.803,0,-0.001,2.569
2022-10-02T18:15:00Z,0.068,0.7,1.773,0,-0.001,2.539
2022-10-02T18:30:00Z,0.068,0.7,1.793,0,-0.002,2.559
2022-10-02T18:45:00Z,0.068,0.7,1.691,0,-0.001,2.457
2022-10-02T19:00:00Z,0.664,0.7,1.81,0,-0.191,2.983
2022-10-02T19:15:00Z,0.664,0.7,1.719,0,-0.191,2.893
2022-10-02T19:30:00Z,0.664,0.7,1.638,0,-0.19,2.812
2022-10-02T19:45:00Z,0.664,0.7,1.602,0,-0.127,2.838
2022-10-02T20:00:00Z,0.291,0.7,1.576,0,0.101,2.667
2022-10-02T20:15:00Z,0.291,0.7,1.574,0,0.102,2.667
2022-10-02T20:30:00Z,0.291,0.7,1.768,0,0.101,2.86
2022-10-02T20:45:00Z,0.291,0.7,1.796,0,0.067,2.854
2022-10-02T21:00:00Z,-0.252,0.7,2.181,0,-0.278,2.351
2022-10-02T21:15:00Z,-0.252,0.7,2.171,0,-0.277,2.341
2022-10-02T21:30:00Z,-0.252,0.7,2.248,0,-0.277,2.418
2022-10-02T21:45:00Z,-0.252,0.7,2.261,0,-0.185,2.524
2022-10-02T22:00:00Z,-0.335,0.7,1.874,0,0.252,2.491
2022-10-02T22:15:00Z,-0.335,0.7,1.749,0,0.252,2.366
2022-10-02T22:30:00Z,-0.335,0.7,1.801,0,0.251,2.418
2022-10-02T22:45:00Z,-0.335,0.7,1.63,0,0.336,2.332
2022-10-02T23:00:00Z,-0.661,0.7,1.471,0,0.762,2.272
2022-10-02T23:15:00Z,-0.661,0.7,1.616,0,0.762,2.417
2022-10-02T23:30:00Z,-0.661,0.7,1.616,0,0.762,2.416
2022-10-02T23:45:00Z,-0.661,0.7,1.544,0,0.664,2.246
2022-10-03T00:00:00Z,-0.221,0.7,1.434,0,0.468,2.381
2022-10-03T00:15:00Z,-0.221,0.7,1.28,0,0.469,2.228
2022-10-03T00:30:00Z,-0.221,0.7,1.109,0,0.468,2.056
2022-10-03T00:45:00Z,-0.221,0.7,1.083,0,0.478,2.04
2022-10-03T01:00:00Z,-0.016,0.7,0.986,0,0.525,2.194
2022-10-03T01:15:00Z,-0.016,0.7,0.979,0,0.523,2.186
2022-10-03T01:30:00Z,-0.016,0.7,0.971,0,0.525,2.18
2022-10-03T01:45:00Z,-0.016,0.7,0.96,0,0.48,2.124
2022-10-03T02:00:00Z,0.313,0.7,1.16,0,0.395,2.568
2022-10-03T02:15:00Z,0.313,0.7,1.091,0,0.395,2.499
2022-10-03T02:30:00Z,0.313,0.7,1.012,0,0.395,2.419
2022-10-03T02:45:00Z,0.313,0.7,1.137,0,0.483,2.633
2022-10-03T03:00:00Z,0.486,0.7,0.984,0,0.658,2.828
2022-10-03T03:15:00Z,0.486,0.7,1.015,0,0.659,2.859
2022-10-03T03:30:00Z,0.486,0.7,0.926,0,0.659,2.77
2022-10-03T03:45:00Z,0.486,0.7,1.016,0,0.45,2.651
2022-10-03T04:00:00Z,0.871,0.7,1.802,0,0.101,3.474
2022-10-03T04:15:00Z,0.871,0.7,1.941,0,0.101,3.613
2022-10-03T04:30:00Z,0.871,0.7,2.039,0,0.101,3.711
2022-10-03T04:45:00Z,0.871,0.7,1.905,0,0.103,3.578
2022-10-03T05:00:00Z,0.433,0.7,2.475,0,0.264,3.873
2022-10-03T05:15:00Z,0.433,0.7,2.745,0,0.263,4.141
2022-10-03T05:30:00Z,0.433,0.7,2.686,0,0.265,4.083
2022-10-03T05:45:00Z,0.433,0.7,2.671,0,0.262,4.067
2022-10-03T06:00:00Z,-0.096,0.7,2.908,0,0.163,3.675
2022-10-03T06:15:00Z,-0.096,0.7,3.15,0,0.164,3.918
2022-10-03T06:30:00Z,-0.096,0.7,3.266,0,0.164,4.034
2022-10-03T06:45:00Z,-0.096,0.7,2.899,0,0.108,3.612
2022-10-03T07:00:00Z,-0.03,0.7,2.03,0,-0.001,2.699
2022-10-03T07:15:00Z,-0.03,0.7,1.489,0,0,2.159
2022-10-03T07:30:00Z,-0.03,0.7,1.317,0,-0,1.987
2022-10-03T07:45:00Z,-0.03,0.7,1.221,0,-0,1.89
2022-10-03T08:00:00Z,-0.493,0.7,1.121,0,0,1.329
2022-10-03T08:15:00Z,-0.493,0.7,1.149,0,-0.001,1.355
2022-10-03T08:30:00Z,-0.493,0.7,1.187,0,-0,1.394
2022-10-03T08:45:00Z,-0.493,0.7,1.218,0,-0.001,1.424
2022-10-03T09:00:00Z,-0.301,0.7,0.147,0,0.181,0.727
2022-10-03T09:15:00Z,-0.301,0.7,-0.056,0,0.18,0.523
2022-10-03T09:30:00Z,-0.301,0.7,0.019,0,0.18,0.598
2022-10-03T09:45:00Z,-0.301,0.7,0.007,0,0.119,0.525
2022-10-03T10:00:00Z,0.382,0.7,0.563,0,-0.636,1.009
2022-10-03T10:15:00Z,0.382,0.7,0.631,0,-0.702,1.01
2022-10-03T10:30:00Z,0.382,0.7,0.652,0,-0.703,1.031
2022-10-03T10:45:00Z,0.382,0.7,0.47,0,-0.403,1.149
2022-10-03T11:00:00Z,0.153,0.7,0.403,0,0.297,1.552
2022-10-03T11:15:00Z,0.153,0.7,0.354,0,0.296,1.503
2022-10-03T11:30:00Z,0.153,0.7,0.276,0,0.295,1.425
2022-10-03T11:45:00Z,0.153,0.7,0.46,0,0.197,1.51
2022-10-03T12:00:00Z,1.026,0.7,0.615,0,0.001,2.342
2022-10-03T12:15:00Z,1.026,0.7,0.79,0,0,2.515
2022-10-03T12:30:00Z,1.026,0.7,0.774,0,0,2.499
2022-10-03T12:45:00Z,1.026,0.7,0.722,0,0.001,2.448
2022-10-03T13:00:00Z,1.135,0.7,0.937,0,0.344,3.116
2022-10-03T13:15:00Z,1.135,0.7,1.105,0,0.344,3.283
2022-10-03T13:30:00Z,1.135,0.7,1.103,0,0.344,3.282
2022-10-03T13:45:00Z,1.135,0.7,1.166,0,0.448,3.448
2022-10-03T14:00:00Z,1.257,0.7,1.112,0,0.971,4.04
2022-10-03T14:15:00Z,1.257,0.7,1.48,0,0.97,4.407
2022-10-03T14:30:00Z,1.257,0.7,1.498,0,0.97,4.424
2022-10-03T14:45:00Z,1.257,0.7,1.447,0,0.967,4.371
2022-10-03T15:00:00Z,1.508,0.7,1.692,0,0.632,4.532
2022-10-03T15:15:00Z,1.508,0.7,1.734,0,0.632,4.574
2022-10-03T15:30:00Z,1.508,0.7,1.612,0,0.632,4.451
2022-10-03T15:45:00Z,1.508,0.7,1.662,0,0.63,4.499
2022-10-03T16:00:00Z,0.981,0.7,1.854,0,0.32,3.854
2022-10-03T16:15:00Z,0.981,0.7,1.699,0,0.32,3.7
2022-10-03T16:30:00Z,0.981,0.7,1.581,0,0.32,3.582
2022-10-03T16:45:00Z,0.981,0.7,1.664,0,0.375,3.719
2022-10-03T17:00:00Z,0.336,0.7,1.478,0,0.481,2.994
2022-10-03T17:15:00Z,0.336,0.7,1.425,0,0.481,2.942
2022-10-03T17:30:00Z,0.336,0.7,1.482,0,0.481,2.998
2022-10-03T17:45:00Z,0.336,0.7,1.522,0,0.48,3.037
2022-10-03T18:00:00Z,0.374,0.7,1.567,0,0.147,2.788
2022-10-03T18:15:00Z,0.374,0.7,1.499,0,0.148,2.721
2022-10-03T18:30:00Z,0.374,0.7,1.426,0,0.148,2.647
2022-10-03T18:45:00Z,0.374,0.7,1.576,0,0.171,2.82
2022-10-03T19:00:00Z,0.182,0.7,1.812,0,0.215,2.909
2022-10-03T19:15:00Z,0.182,0.7,1.742,0,0.214,2.838
2022-10-03T19:30:00Z,0.182,0.7,1.753,0,0.214,2.849
2022-10-03T19:45:00Z,0.182,0.7,1.603,0,0.299,2.784
2022-10-03T20:00:00Z,0.331,0.7,1.331,0,0.467,2.829
2022-10-03T20:15:00Z,0.331,0.7,1.425,0,0.467,2.922
2022-10-03T20:30:00Z,0.331,0.7,1.527,0,0.467,3.025
2022-10-03T20:45:00Z,0.331,0.7,1.483,0,0.564,3.078
2022-10-03T21:00:00Z,0.36,0.7,1.028,0,1.054,3.142
2022-10-03T21:15:00Z,0.36,0.7,0.965,0,1.054,3.079
2022-10-03T21:30:00Z,0.36,0.7,0.96,0,1.054,3.074
2022-10-03T21:45:00Z,0.36,0.7,0.918,0,1.045,3.022
2022-10-03T22:00:00Z,0.788,0.7,0.958,0,1.027,3.472
2022-10-03T22:15:00Z,0.788,0.7,0.866,0,1.027,3.38
2022-10-03T22:30:00Z,0.788,0.7,0.838,0,1.027,3.352
2022-10-03T22:45:00Z,0.788,0.7,0.761,0,1.026,3.275
2022-10-03T23:00:00Z,0.905,0.7,0.418,0,1.026,3.05
2022-10-03T23:15:00Z,0.905,0.7,0.211,0,1.026,2.842
2022-10-03T23:30:00Z,0.905,0.7,0.149,0,1.027,2.781
2022-10-03T23:45:00Z,0.905,0.7,0.205,0,1.026,2.836
2022-10-04T00:00:00Z,0.779,0.7,0.041,0,1.027,2.547
2022-10-04T00:15:00Z,0.779,0.7,-0.112,0,1.026,2.393
2022-10-04T00:30:00Z,0.779,0.7,-0.079,0,1.026,2.426
2022-10-04T00:45:00Z,0.779,0.7,-0.051,0,1.01,2.438
2022-10-04T01:00:00Z,0.275,0.7,0.343,0,0.929,2.247
2022-10-04T01:15:00Z,0.275,0.7,0.244,0,0.928,2.147
2022-10-04T01:30:00Z,0.275,0.7,0.216,0,0.929,2.121
2022-10-04T01:45:00Z,0.275,0.7,0.16,0,0.954,2.089
2022-10-04T02:00:00Z,0.175,0.684,0.031,0,1.003,1.893
2022-10-04T02:15:00Z,0.175,0.684,-0.06,0,1.002,1.801
2022-10-04T02:30:00Z,0.175,0.684,-0.041,0,1.002,1.82
2022-10-04T02:45:00Z,0.175,0.684,-0.057,0,1.011,1.813
2022-10-04T03:00:00Z,1.005,0.023,-0.218,0,1.026,1.837
2022-10-04T03:15:00Z,1.005,0.023,-0.319,0,1.025,1.734
2022-10-04T03:30:00Z,1.005,0.023,-0.411,0,1.026,1.643
2022-10-04T03:45:00Z,1.005,0.023,-0.757,0,1.027,1.298
2022-10-04T04:00:00Z,0.555,-0.038,-1.214,0,1.026,0.329
2022-10-04T04:15:00Z,0.555,-0.038,-1.471,0,1.026,0.072
2022-10-04T04:30:00Z,0.555,-0.038,-1.633,0,1.026,-0.091
2022-10-04T04:45:00Z,0.555,-0.038,-1.822,0,1.025,-0.28
2022-10-04T05:00:00Z,0.682,-0.05,-1.96,0,0.678,-0.65
2022-10-04T05:15:00Z,0.682,-0.05,-1.752,0,0.679,-0.441
2022-10-04T05:30:00Z,0.682,-0.05,-1.656,0,0.679,-0.344
2022-10-04T05:45:00Z,0.682,-0.05,-1.497,0,0.677,-0.188
2022-10-04T06:00:00Z,0.278,-0.058,-1.201,0,0.579,-0.402
2022-10-04T06:15:00Z,0.278,-0.058,-1.248,0,0.579,-0.449
2022-10-04T06:30:00Z,0.278,-0.058,-1.403,0,0.579,-0.603
2022-10-04T06:45:00Z,0.278,-0.058,-1.426,0,0.581,-0.625
2022-10-04T07:00:00Z,-0.214,-0.69,-0.137,0,0.584,-0.458
2022-10-04T07:15:00Z,-0.214,-0.69,-0.123,0,0.585,-0.443
2022-10-04T07:30:00Z,-0.214,-0.69,-0.141,0,0.584,-0.462
2022-10-04T07:45:00Z,-0.214,-0.69,-0.13,0,0.73,-0.305
2022-10-04T08:00:00Z,-0.515,-0.698,0.336,0,1.003,0.126
2022-10-04T08:15:00Z,-0.515,-0.698,-0.051,0,1.002,-0.262
2022-10-04T08:30:00Z,-0.515,-0.698,-0.094,0,1.003,-0.304
2022-10-04T08:45:00Z,-0.515,-0.698,-0.013,0,1.001,-0.225
2022-10-04T09:00:00Z,-1.466,-0.696,0.073,0,0.723,-1.366
2022-10-04T09:15:00Z,-1.466,-0.696,0.036,0,0.723,-1.404
2022-10-04T09:30:00Z,-1.466,-0.696,0.077,0,0.724,-1.362
2022-10-04T09:45:00Z,-1.466,-0.696,0.202,0,0.622,-1.339
2022-10-04T10:00:00Z,-1.028,-0.66,-0.507,0,0.133,-2.062
2022-10-04T10:15:00Z,-1.028,-0.66,-0.757,0,0.133,-2.311
2022-10-04T10:30:00Z,-1.028,-0.66,-0.599,0,0.133,-2.154
2022-10-04T10:45:00Z,-1.028,-0.66,-0.6,0,0.089,-2.199
2022-10-04T11:00:00Z,-0.698,-0.613,-0.556,0,-0.105,-1.972
2022-10-04T11:15:00Z,-0.698,-0.613,-0.713,0,-0.106,-2.13
2022-10-04T11:30:00Z,-0.698,-0.613,-0.788,0,-0.106,-2.205
2022-10-04T11:45:00Z,-0.698,-0.613,-0.798,0,-0.141,-2.251
2022-10-04T12:00:00Z,-0.615,0.052,-0.494,0,-0.804,-1.861
2022-10-04T12:15:00Z,-0.615,0.052,-0.693,0,-0.849,-2.105
2022-10-04T12:30:00Z,-0.615,0.052,-0.67,0,-0.849,-2.082
2022-10-04T12:45:00Z,-0.615,0.052,-0.74,0,-0.85,-2.153
2022-10-04T13:00:00Z,-0.278,0.123,-0.166,0,-1.029,-1.35
2022-10-04T13:15:00Z,-0.278,0.123,-0.011,0,-1.03,-1.195
2022-10-04T13:30:00Z,-0.278,0.123,0.175,0,-1.029,-1.009
2022-10-04T13:45:00Z,-0.278,0.123,0.288,0,-1.029,-0.895
2022-10-04T14:00:00Z,-0.278,0.685,-0.027,0,-0.694,-0.314
2022-10-04T14:15:00Z,-0.278,0.685,-0.005,0,-0.694,-0.292
2022-10-04T14:30:00Z,-0.278,0.685,0.001,0,-0.695,-0.287
2022-10-04T14:45:00Z,-0.278,0.685,0.089,0,-0.4,0.095
2022-10-04T15:00:00Z,0.36,0.7,-0.057,0,-0,1.002
2022-10-04T15:15:00Z,0.36,0.7,0.37,0,-0,1.43
2022-10-04T15:30:00Z,0.36,0.7,0.303,0,-0,1.363
2022-10-04T15:45:00Z,0.36,0.7,0.075,0,-0.001,1.134
2022-10-04T16:00:00Z,0.969,0.7,-0.389,0,-0.673,0.607
2022-10-04T16:15:00Z,0.969,0.7,-0.579,0,-0.755,0.334
2022-10-04T16:30:00Z,0.969,0.7,-0.61,0,-0.755,0.303
2022-10-04T16:45:00Z,0.969,0.7,-0.661,0,-0.42,0.588
2022-10-04T17:00:00Z,-0.618,0.7,-0.202,0,0.139,0.019
2022-10-04T17:15:00Z,-0.618,0.7,-0.157,0,0.139,0.064
2022-10-04T17:30:00Z,-0.618,0.7,0.033,0,0.139,0.254
2022-10-04T17:45:00Z,-0.618,0.7,0.359,0,0.138,0.579
2022-10-04T18:00:00Z,-0.182,0.7,0.261,0,-0.119,0.661
2022-10-04T18:15:00Z,-0.182,0.7,0.112,0,-0.12,0.511
2022-10-04T18:30:00Z,-0.182,0.7,0.13,0,-0.12,0.529
2022-10-04T18:45:00Z,-0.182,0.7,0.519,0,-0.08,0.957
2022-10-04T19:00:00Z,-0.375,0.7,0.637,0,0.105,1.068
2022-10-04T19:15:00Z,-0.375,0.7,0.724,0,0.105,1.154
2022-10-04T19:30:00Z,-0.375,0.7,0.589,0,0.105,1.02
2022-10-04T19:45:00Z,-0.375,0.7,0.668,0,0.105,1.098
2022-10-04T20:00:00Z,-1.038,0.7,1.417,0,-0.363,0.716
2022-10-04T20:15:00Z,-1.038,0.7,1.539,0,-0.39,0.811
2022-10-04T20:30:00Z,-1.038,0.7,1.542,0,-0.39,0.815
2022-10-04T20:45:00Z,-1.038,0.7,1.372,0,-0.389,0.644
2022-10-04T21:00:00Z,-1.12,0.7,1.511,0,-0.421,0.67
2022-10-04T21:15:00Z,-1.12,0.7,1.498,0,-0.421,0.658
2022-10-04T21:30:00Z,-1.12,0.7,1.696,0,-0.421,0.856
2022-10-04T21:45:00Z,-1.12,0.7,1.633,0,-0.327,0.886
2022-10-04T22:00:00Z,-0.831,0.7,0.947,0,-0.142,0.674
2022-10-04T22:15:00Z,-0.831,0.7,0.91,0,-0.143,0.636
2022-10-04T22:30:00Z,-0.831,0.7,1.111,0,-0.143,0.837
2022-10-04T22:45:00Z,-0.831,0.7,0.968,0,-0.096,0.741
2022-10-04T23:00:00Z,-0.534,0.7,0.398,0,0.426,0.989
2022-10-04T23:15:00Z,-0.534,0.7,0.338,0,0.425,0.93
2022-10-04T23:30:00Z,-0.534,0.7,0.278,0,0.425,0.869
2022-10-04T23:45:00Z,-0.534,0.7,0.271,0,0.454,0.891
2022-10-05T00:00:00Z,-0.355,0.7,0.127,0,0.595,1.067
2022-10-05T00:15:00Z,-0.355,0.7,-0.011,0,0.595,0.929
2022-10-05T00:30:00Z,-0.355,0.7,-0.073,0,0.594,0.867
2022-10-05T00:45:00Z,-0.355,0.7,-0.104,0,0.694,0.934
2022-10-05T01:00:00Z,-0.146,0.7,-0.25,0,0.888,1.192
2022-10-05T01:15:00Z,-0.146,0.7,-0.363,0,0.889,1.081
2022-10-05T01:30:00Z,-0.146,0.7,-0.393,0,0.889,1.051
2022-10-05T01:45:00Z,-0.146,0.7,-0.422,0,0.891,1.024
2022-10-05T02:00:00Z,-0.134,0.7,-0.346,0,0.907,1.128
2022-10-05T02:15:00Z,-0.134,0.7,-0.405,0,0.907,1.069
2022-10-05T02:30:00Z,-0.134,0.7,-0.456,0,0.907,1.018
2022-10-05T02:45:00Z,-0.134,0.7,-0.543,0,0.906,0.929
2022-10-05T03:00:00Z,0.406,0.7,-0.612,0,0.743,1.238
2022-10-05T03:15:00Z,0.406,0.7,-0.684,0,0.744,1.167
2022-10-05T03:30:00Z,0.406,0.7,-0.722,0,0.744,1.129
2022-10-05T03:45:00Z,0.406,0.7,-0.694,0,0.745,1.158
2022-10-05T04:00:00Z,0.303,0.7,-0.66,0,0.872,1.216
2022-10-05T04:15:00Z,0.303,0.7,-0.687,0,0.872,1.189
2022-10-05T04:30:00Z,0.303,0.7,-0.572,0,0.872,1.304
2022-10-05T04:45:00Z,0.303,0.7,-0.593,0,0.933,1.344
2022-10-05T05:00:00Z,0.097,0.7,-0.519,0,1.053,1.331
2022-10-05T05:15:00Z,0.097,0.7,-0.427,0,1.054,1.423
2022-10-05T05:30:00Z,0.097,0.7,-0.545,0,1.053,1.305
2022-10-05T05:45:00Z,0.097,0.7,-0.33,0,1.052,1.519
2022-10-05T06:00:00Z,-0.053,0.7,0.16,0,0.588,1.395
2022-10-05T06:15:00Z,-0.053,0.7,0.261,0,0.588,1.496
2022-10-05T06:30:00Z,-0.053,0.7,0.317,0,0.588,1.553
2022-10-05T06:45:00Z,-0.053,0.7,0.439,0,0.36,1.446
2022-10-05T07:00:00Z,0.13,0.7,1.263,0,-0.716,1.377
2022-10-05T07:15:00Z,0.13,0.7,0.705,0,-0.82,0.715
2022-10-05T07:30:00Z,0.13,0.7,0.77,0,-0.82,0.78
2022-10-05T07:45:00Z,0.13,0.7,0.525,0,-0.868,0.487
2022-10-05T08:00:00Z,0.388,0.7,0.505,0,-0.963,0.63
2022-10-05T08:15:00Z,0.388,0.7,0.033,0,-0.962,0.158
2022-10-05T08:30:00Z,0.388,0.7,0.049,0,-0.963,0.174
2022-10-05T08:45:00Z,0.388,0.7,-0.303,0,-0.964,-0.179
2022-10-05T09:00:00Z,0.895,0.7,-0.552,0,-1.024,0.019
2022-10-05T09:15:00Z,0.895,0.7,-0.739,0,-1.024,-0.168
2022-10-05T09:30:00Z,0.895,0.7,-0.638,0,-1.024,-0.068
2022-10-05T09:45:00Z,0.895,0.7,-0.792,0,-1.024,-0.221
2022-10-05T10:00:00Z,0.873,0.7,-0.669,0,-1.082,-0.178
2022-10-05T10:15:00Z,0.873,0.7,-0.976,0,-1.083,-0.486
2022-10-05T10:30:00Z,0.873,0.7,-0.601,0,-1.082,-0.11
2022-10-05T10:45:00Z,0.873,0.7,-0.723,0,-1.083,-0.232
2022-10-05T11:00:00Z,0.847,0.7,-0.631,0,-1.085,-0.169
2022-10-05T11:15:00Z,0.847,0.7,-0.785,0,-1.084,-0.322
2022-10-05T11:30:00Z,0.847,0.7,-0.556,0,-1.085,-0.095
2022-10-05T11:45:00Z,0.847,0.7,-0.671,0,-1.085,-0.209
2022-10-05T12:00:00Z,0.948,0.7,-0.807,0,-1.025,-0.184
2022-10-05T12:15:00Z,0.948,0.7,-0.964,0,-1.024,-0.339
2022-10-05T12:30:00Z,0.948,0.7,-0.899,0,-1.025,-0.275
2022-10-05T12:45:00Z,0.948,0.7,-0.928,0,-0.885,-0.165
2022-10-05T13:00:00Z,0.884,0.7,-0.696,0,-0.196,0.692
2022-10-05T13:15:00Z,0.884,0.7,-0.564,0,-0.197,0.823
2022-10-05T13:30:00Z,0.884,0.7,-0.437,0,-0.196,0.951
2022-10-05T13:45:00Z,0.884,0.7,-0.514,0,-0.209,0.861
2022-10-05T14:00:00Z,0.8,0.7,-0.253,0,-0.234,1.012
2022-10-05T14:15:00Z,0.8,0.7,-0.02,0,-0.234,1.246
2022-10-05T14:30:00Z,0.8,0.7,0.073,0,-0.235,1.338
2022-10-05T14:45:00Z,0.8,0.7,-0.016,0,-0.157,1.326
2022-10-05T15:00:00Z,0.936,0.7,-0.225,0,0.335,1.747
2022-10-05T15:15:00Z,0.936,0.7,-0.067,0,0.335,1.905
2022-10-05T15:30:00Z,0.936,0.7,0.004,0,0.334,1.975
2022-10-05T15:45:00Z,0.936,0.7,-0.149,0,0.452,1.94
2022-10-05T16:00:00Z,0.832,0.7,-0.449,0,0.685,1.77
2022-10-05T16:15:00Z,0.832,0.7,-0.192,0,0.686,2.027
2022-10-05T16:30:00Z,0.832,0.7,-0.182,0,0.686,2.037
2022-10-05T16:45:00Z,0.832,0.7,0.015,0,0.724,2.272
2022-10-05T17:00:00Z,-0.716,0.7,0.701,0,0.799,1.485
2022-10-05T17:15:00Z,-0.716,0.7,1,0,0.798,1.782
2022-10-05T17:30:00Z,-0.716,0.7,1.028,0,0.799,1.811
2022-10-05T17:45:00Z,-0.716,0.7,1.119,0,0.797,1.9
2022-10-05T18:00:00Z,0.148,0.7,0.709,0,0.623,2.18
2022-10-05T18:15:00Z,0.148,0.7,0.465,0,0.623,1.936
2022-10-05T18:30:00Z,0.148,0.7,0.339,0,0.623,1.81
2022-10-05T18:45:00Z,0.148,0.7,0.278,0,0.623,1.749
2022-10-05T19:00:00Z,0.221,0.7,0.39,0,0.486,1.797
2022-10-05T19:15:00Z,0.221,0.7,0.305,0,0.486,1.712
2022-10-05T19:30:00Z,0.221,0.7,0.416,0,0.486,1.823
2022-10-05T19:45:00Z,0.221,0.7,0.404,0,0.487,1.811
2022-10-05T20:00:00Z,0.328,0.7,0.01,0,0.64,1.678
2022-10-05T20:15:00Z,0.328,0.7,-0.063,0,0.64,1.605
2022-10-05T20:30:00Z,0.328,0.7,-0.013,0,0.641,1.656
2022-10-05T20:45:00Z,0.328,0.7,-0.028,0,0.64,1.64
2022-10-05T21:00:00Z,0.284,0.7,0.224,0,0.191,1.4
2022-10-05T21:15:00Z,0.284,0.7,0.419,0,0.193,1.595
2022-10-05T21:30:00Z,0.284,0.7,0.394,0,0.192,1.57
2022-10-05T21:45:00Z,0.284,0.7,0.547,0,0.128,1.659
2022-10-05T22:00:00Z,-0.52,0.7,0.995,0,-0.104,1.07
2022-10-05T22:15:00Z,-0.52,0.7,0.907,0,-0.105,0.981
2022-10-05T22:30:00Z,-0.52,0.7,0.669,0,-0.105,0.745
2022-10-05T22:45:00Z,-0.52,0.7,0.701,0,-0.071,0.809
2022-10-05T23:00:00Z,-0.902,0.7,0.613,0,0.61,1.021
2022-10-05T23:15:00Z,-0.902,0.7,0.507,0,0.666,0.971
2022-10-05T23:30:00Z,-0.902,0.7,0.374,0,0.667,0.839
2022-10-05T23:45:00Z,-0.902,0.7,0.268,0,0.667,0.732
2022-10-06T00:00:00Z,-1.166,0.7,0.231,0,0.653,0.419
2022-10-06T00:15:00Z,-1.166,0.7,0.104,0,0.652,0.29
2022-10-06T00:30:00Z,-1.166,0.7,0.159,0,0.652,0.346
2022-10-06T00:45:00Z,-1.166,0.7,0.118,0,0.692,0.344
2022-10-06T01:00:00Z,-1.204,0.7,0.228,0,0.768,0.493
2022-10-06T01:15:00Z,-1.204,0.7,0.227,0,0.768,0.492
2022-10-06T01:30:00Z,-1.204,0.7,0.21,0,0.768,0.475
2022-10-06T01:45:00Z,-1.204,0.7,0.297,0,0.775,0.568
2022-10-06T02:00:00Z,-0.884,0.7,0.151,0,0.787,0.755
2022-10-06T02:15:00Z,-0.884,0.7,0.219,0,0.787,0.823
2022-10-06T02:30:00Z,-0.884,0.7,0.273,0,0.787,0.877
2022-10-06T02:45:00Z,-0.884,0.7,0.295,0,0.861,0.973
2022-10-06T03:00:00Z,-1.632,0.7,0.829,0,1.007,0.904
2022-10-06T03:15:00Z,-1.632,0.7,1.085,0,1.007,1.161
2022-10-06T03:30:00Z,-1.632,0.7,1.115,0,1.007,1.19
2022-10-06T03:45:00Z,-1.632,0.7,1.289,0,1.014,1.372
2022-10-06T04:00:00Z,-1.368,0.7,1.479,0,1.026,1.838
2022-10-06T04:15:00Z,-1.368,0.7,1.761,0,1.025,2.119
2022-10-06T04:30:00Z,-1.368,0.7,1.831,0,1.025,2.188
2022-10-06T04:45:00Z,-1.368,0.7,1.883,0,1.025,2.24
2022-10-06T05:00:00Z,-1.265,0.7,1.731,0,1.025,2.191
2022-10-06T05:15:00Z,-1.265,0.7,1.715,0,1.026,2.176
2022-10-06T05:30:00Z,-1.265,0.7,1.776,0,1.026,2.236
2022-10-06T05:45:00Z,-1.265,0.7,1.72,0,1.025,2.18
2022-10-06T06:00:00Z,-1.009,0.7,1.738,0,0.752,2.182
2022-10-06T06:15:00Z,-1.009,0.7,1.617,0,0.752,2.061
2022-10-06T06:30:00Z,-1.009,0.7,1.516,0,0.752,1.96
2022-10-06T06:45:00Z,-1.009,0.7,1.597,0,0.415,1.704
2022-10-06T07:00:00Z,-1.355,0.7,2.355,0,-0.387,1.314
2022-10-06T07:15:00Z,-1.355,0.7,2.317,0,-0.387,1.276
2022-10-06T07:30:00Z,-1.355,0.7,2.531,0,-0.387,1.489
2022-10-06T07:45:00Z,-1.355,0.7,2.245,0,-0.388,1.202
2022-10-06T08:00:00Z,-1.562,0.7,2.464,0,-0.853,0.748
2022-10-06T08:15:00Z,-1.562,0.7,2.227,0,-0.853,0.511
2022-10-06T08:30:00Z,-1.562,0.7,1.752,0,-0.854,0.036
2022-10-06T08:45:00Z,-1.562,0.7,1.537,0,-0.916,-0.242
2022-10-06T09:00:00Z,-1.708,0.7,1.417,0,-1.042,-0.633
2022-10-06T09:15:00Z,-1.708,0.7,1.158,0,-1.043,-0.892
2022-10-06T09:30:00Z,-1.708,0.7,1.073,0,-1.042,-0.977
2022-10-06T09:45:00Z,-1.708,0.7,1.109,0,-1.047,-0.946
2022-10-06T10:00:00Z,-2.024,0.7,1.4,0,-1.057,-0.981
2022-10-06T10:15:00Z,-2.024,0.7,1.214,0,-1.057,-1.167
2022-10-06T10:30:00Z,-2.024,0.7,1.014,0,-1.056,-1.366
2022-10-06T10:45:00Z,-2.024,0.7,0.812,0,-1.057,-1.569
2022-10-06T11:00:00Z,-1.747,0.7,0.72,0,-1.057,-1.384
2022-10-06T11:15:00Z,-1.747,0.7,0.512,0,-1.056,-1.592
2022-10-06T11:30:00Z,-1.747,0.7,0.445,0,-1.057,-1.658
2022-10-06T11:45:00Z,-1.747,0.7,0.372,0,-1.056,-1.731
2022-10-06T12:00:00Z,-1.359,0.7,0.195,0,-0.956,-1.42
2022-10-06T12:15:00Z,-1.359,0.7,0.202,0,-0.957,-1.414
2022-10-06T12:30:00Z,-1.359,0.7,0.198,0,-0.956,-1.418
2022-10-06T12:45:00Z,-1.359,0.7,0.159,0,-0.966,-1.466
2022-10-06T13:00:00Z,-1.175,0.7,0.166,0,-1.012,-1.321
2022-10-06T13:15:00Z,-1.175,0.7,0.377,0,-1.011,-1.109
2022-10-06T13:30:00Z,-1.175,0.7,0.457,0,-1.011,-1.029
2022-10-06T13:45:00Z,-1.175,0.7,0.545,0,-0.506,-0.437
2022-10-06T14:00:00Z,-1.11,0.7,0.509,0,0.102,0.2
2022-10-06T14:15:00Z,-1.11,0.7,0.513,0,0.101,0.204
2022-10-06T14:30:00Z,-1.11,0.7,0.608,0,0.102,0.299
2022-10-06T14:45:00Z,-1.11,0.7,0.778,0,0.164,0.532
2022-10-06T15:00:00Z,-1.094,0.7,0.514,0,0.846,0.965
2022-10-06T15:15:00Z,-1.094,0.7,0.543,0,0.877,1.026
2022-10-06T15:30:00Z,-1.094,0.7,0.543,0,0.877,1.026
2022-10-06T15:45:00Z,-1.094,0.7,0.571,0,0.875,1.052
2022-10-06T16:00:00Z,-1.297,0.7,-0.225,0,0.752,-0.069
2022-10-06T16:15:00Z,-1.297,0.7,-0.658,0,0.754,-0.501
2022-10-06T16:30:00Z,-1.297,0.7,-0.924,0,0.752,-0.768
2022-10-06T16:45:00Z,-1.297,0.7,-0.951,0,0.795,-0.753
2022-10-06T17:00:00Z,-1.763,0.7,-0.786,0,0.878,-0.97
2022-10-06T17:15:00Z,-1.763,0.7,-0.575,0,0.878,-0.76
2022-10-06T17:30:00Z,-1.763,0.7,-0.648,0,0.875,-0.837
2022-10-06T17:45:00Z,-1.763,0.7,-0.495,0,0.892,-0.666
2022-10-06T18:00:00Z,-1.522,0.7,-0.239,0,0.922,-0.139
2022-10-06T18:15:00Z,-1.522,0.7,-0.208,0,0.922,-0.107
2022-10-06T18:30:00Z,-1.522,0.7,-0.15,0,0.922,-0.05
2022-10-06T18:45:00Z,-1.522,0.7,0.033,0,0.958,0.169
2022-10-06T19:00:00Z,-1.249,0.7,0.072,0,1.026,0.55
2022-10-06T19:15:00Z,-1.249,0.7,0.192,0,1.027,0.67
2022-10-06T19:30:00Z,-1.249,0.7,0.137,0,1.026,0.614
2022-10-06T19:45:00Z,-1.249,0.7,0.18,0,1.026,0.657
2022-10-06T20:00:00Z,-1.204,0.7,0.128,0,1.026,0.65
2022-10-06T20:15:00Z,-1.204,0.7,0.005,0,1.026,0.527
2022-10-06T20:30:00Z,-1.204,0.7,0.059,0,1.026,0.58
2022-10-06T20:45:00Z,-1.204,0.7,0.143,0,1.025,0.664
2022-10-06T21:00:00Z,-2.199,0.7,0.898,0,1.026,0.426
2022-10-06T21:15:00Z,-2.199,0.7,0.937,0,1.026,0.464
2022-10-06T21:30:00Z,-2.199,0.7,0.865,0,1.026,0.392
2022-10-06T21:45:00Z,-2.199,0.7,0.603,0,1.026,0.13
2022-10-06T22:00:00Z,-1.734,0.7,0.733,0,1.005,0.705
2022-10-06T22:15:00Z,-1.734,0.7,0.539,0,1.005,0.51
2022-10-06T22:30:00Z,-1.734,0.7,0.421,0,1.005,0.392
2022-10-06T22:45:00Z,-1.734,0.7,0.464,0,1.011,0.441
2022-10-06T23:00:00Z,-0.653,0.7,-0.08,0,1.025,0.992
2022-10-06T23:15:00Z,-0.653,0.7,-0.335,0,1.025,0.737
2022-10-06T23:30:00Z,-0.653,0.7,-0.348,0,1.024,0.724
2022-10-06T23:45:00Z,-0.653,0.7,-0.393,0,1.025,0.679
2022-10-07T00:00:00Z,-0.804,0.7,-0.035,0,1.025,0.886
2022-10-07T00:15:00Z,-0.804,0.7,0.001,0,1.024,0.922
2022-10-07T00:30:00Z,-0.804,0.7,-0.011,0,1.025,0.909
2022-10-07T00:45:00Z,-0.804,0.7,-0.107,0,1.025,0.814
2022-10-07T01:00:00Z,-0.662,0.7,-0.512,0,1.025,0.55
2022-10-07T01:15:00Z,-0.662,0.7,-0.64,0,1.025,0.422
2022-10-07T01:30:00Z,-0.662,0.7,-0.687,0,1.025,0.375
2022-10-07T01:45:00Z,-0.662,0.7,-0.688,0,1.025,0.374
2022-10-07T02:00:00Z,-0.97,0.7,-0.589,0,1.025,0.165
2022-10-07T02:15:00Z,-0.97,0.7,-0.58,0,1.024,0.173
2022-10-07T02:30:00Z,-0.97,0.7,-0.594,0,1.026,0.161
2022-10-07T02:45:00Z,-0.97,0.7,-0.785,0,1.025,-0.03
2022-10-07T03:00:00Z,-0.138,0.7,-1.059,0,1.025,0.527
2022-10-07T03:15:00Z,-0.138,0.7,-1.021,0,1.025,0.566
2022-10-07T03:30:00Z,-0.138,0.7,-1.012,0,1.025,0.575
2022-10-07T03:45:00Z,-0.138,0.7,-0.949,0,1.025,0.638
2022-10-07T04:00:00Z,-0.942,0.7,-0.288,0,1.025,0.496
2022-10-07T04:15:00Z,-0.942,0.7,-0.415,0,1.025,0.369
2022-10-07T04:30:00Z,-0.942,0.7,-0.592,0,1.025,0.192
2022-10-07T04:45:00Z,-0.942,0.7,-0.683,0,1.025,0.1
2022-10-07T05:00:00Z,-1.354,0.7,-0.215,0,1.005,0.136
2022-10-07T05:15:00Z,-1.354,0.7,-0.048,0,1.005,0.303
2022-10-07T05:30:00Z,-1.354,0.7,-0.031,0,1.006,0.321
2022-10-07T05:45:00Z,-1.354,0.7,0.118,0,1.012,0.476
2022-10-07T06:00:00Z,-1.511,0.7,0.243,0,1.026,0.457
2022-10-07T06:15:00Z,-1.511,0.7,0.23,0,1.025,0.443
2022-10-07T06:30:00Z,-1.511,0.7,0.344,0,1.025,0.558
2022-10-07T06:45:00Z,-1.511,0.7,0.645,0,0.497,0.33
2022-10-07T07:00:00Z,-1.203,0.7,1.604,0,-0.561,0.541
2022-10-07T07:15:00Z,-1.203,0.7,1.728,0,-0.589,0.635
2022-10-07T07:30:00Z,-1.203,0.7,1.76,0,-0.589,0.669
2022-10-07T07:45:00Z,-1.203,0.7,1.663,0,-0.699,0.462
2022-10-07T08:00:00Z,-1.956,0.7,2.609,0,-0.917,0.437
2022-10-07T08:15:00Z,-1.956,0.7,2.388,0,-0.917,0.216
2022-10-07T08:30:00Z,-1.956,0.7,2.343,0,-0.917,0.17
2022-10-07T08:45:00Z,-1.956,0.7,2.136,0,-0.964,-0.083
2022-10-07T09:00:00Z,-2.208,0.7,2.179,0,-1.055,-0.384
2022-10-07T09:15:00Z,-2.208,0.7,2.22,0,-1.055,-0.343
2022-10-07T09:30:00Z,-2.208,0.7,2.282,0,-1.056,-0.282
2022-10-07T09:45:00Z,-2.208,0.7,2.256,0,-1.055,-0.307
2022-10-07T10:00:00Z,-2.34,0.7,2.359,0,-1.055,-0.336
2022-10-07T10:15:00Z,-2.34,0.7,2.125,0,-1.055,-0.569
2022-10-07T10:30:00Z,-2.34,0.7,2.034,0,-1.055,-0.661
2022-10-07T10:45:00Z,-2.34,0.7,1.879,0,-1.054,-0.814
2022-10-07T11:00:00Z,-1.564,0.7,1.007,0,-0.96,-0.816
2022-10-07T11:15:00Z,-1.564,0.7,0.698,0,-0.96,-1.125
2022-10-07T11:30:00Z,-1.564,0.7,0.586,0,-0.959,-1.237
2022-10-07T11:45:00Z,-1.564,0.7,0.457,0,-0.96,-1.366
2022-10-07T12:00:00Z,-1.371,0.7,0.345,0,-0.868,-1.194
2022-10-07T12:15:00Z,-1.371,0.7,0.452,0,-0.868,-1.087
2022-10-07T12:30:00Z,-1.371,0.7,0.264,0,-0.868,-1.275
2022-10-07T12:45:00Z,-1.371,0.7,0.313,0,-0.868,-1.226
2022-10-07T13:00:00Z,-1.06,0.7,0.705,0,-0.92,-0.575
2022-10-07T13:15:00Z,-1.06,0.7,0.849,0,-0.92,-0.431
2022-10-07T13:30:00Z,-1.06,0.7,1.075,0,-0.92,-0.205
2022-10-07T13:45:00Z,-1.06,0.7,0.996,0,-0.832,-0.196
2022-10-07T14:00:00Z,-0.998,0.7,1.225,0,-0.401,0.526
2022-10-07T14:15:00Z,-0.998,0.7,1.418,0,-0.402,0.719
2022-10-07T14:30:00Z,-0.998,0.7,1.359,0,-0.402,0.66
2022-10-07T14:45:00Z,-0.998,0.7,1.107,0,-0.268,0.542
2022-10-07T15:00:00Z,-0.186,0.7,0.018,0,0.833,1.365
2022-10-07T15:15:00Z,-0.186,0.7,0.005,0,1.025,1.544
2022-10-07T15:30:00Z,-0.186,0.7,-0.17,0,1.026,1.37
2022-10-07T15:45:00Z,-0.186,0.7,-0.256,0,1.026,1.284
2022-10-07T16:00:00Z,0.239,0.7,-0.899,0,1.026,1.066
2022-10-07T16:15:00Z,0.239,0.7,-0.96,0,1.026,1.005
2022-10-07T16:30:00Z,0.239,0.7,-1.021,0,1.025,0.944
2022-10-07T16:45:00Z,0.239,0.7,-1.074,0,1.025,0.891
2022-10-07T17:00:00Z,-0.584,0.7,-0.804,0,1.025,0.338
2022-10-07T17:15:00Z,-0.584,0.7,-0.481,0,1.025,0.66
2022-10-07T17:30:00Z,-0.584,0.7,-0.522,0,1.025,0.619
2022-10-07T17:45:00Z,-0.584,0.7,-0.429,0,0.879,0.566
2022-10-07T18:00:00Z,-1.107,0.7,0.349,0,0.152,0.094
2022-10-07T18:15:00Z,-1.107,0.7,0.63,0,0.154,0.377
2022-10-07T18:30:00Z,-1.107,0.7,0.487,0,0.154,0.233
2022-10-07T18:45:00Z,-1.107,0.7,0.511,0,0.154,0.258
2022-10-07T19:00:00Z,-0.681,0.7,0.509,0,-0.191,0.337
2022-10-07T19:15:00Z,-0.681,0.7,0.365,0,-0.19,0.194
2022-10-07T19:30:00Z,-0.681,0.7,0.33,0,-0.19,0.159
2022-10-07T19:45:00Z,-0.681,0.7,0.177,0,-0.127,0.069
2022-10-07T20:00:00Z,-1.345,0.7,0.476,0,0.102,-0.068
2022-10-07T20:15:00Z,-1.345,0.7,0.608,0,0.101,0.063
2022-10-07T20:30:00Z,-1.345,0.7,0.665,0,0.102,0.121
2022-10-07T20:45:00Z,-1.345,0.7,0.702,0,0.102,0.159
2022-10-07T21:00:00Z,-0.934,0.7,0.147,0,0.13,0.042
2022-10-07T21:15:00Z,-0.934,0.7,0.036,0,0.129,-0.069
2022-10-07T21:30:00Z,-0.934,0.7,0.09,0,0.13,-0.014
2022-10-07T21:45:00Z,-0.934,0.7,0.141,0,0.086,-0.007
2022-10-07T22:00:00Z,-0.978,0.7,0.556,0,-0.376,-0.097
2022-10-07T22:15:00Z,-0.978,0.7,0.444,0,-0.376,-0.209
2022-10-07T22:30:00Z,-0.978,0.7,0.714,0,-0.376,0.06
2022-10-07T22:45:00Z,-0.978,0.7,0.733,0,-0.375,0.08
2022-10-07T23:00:00Z,-1.64,0.7,1.013,0,-0.191,-0.118
2022-10-07T23:15:00Z,-1.64,0.7,1.093,0,-0.191,-0.038
2022-10-07T23:30:00Z,-1.64,0.7,0.911,0,-0.192,-0.221
2022-10-07T23:45:00Z,-1.64,0.7,0.944,0,-0.128,-0.124
2022-10-08T00:00:00Z,-0.97,0.7,0.791,0,-0,0.522
2022-10-08T00:15:00Z,-0.97,0.7,0.917,0,-0,0.647
2022-10-08T00:30:00Z,-0.97,0.7,0.798,0,-0,0.528
2022-10-08T00:45:00Z,-0.97,0.7,0.703,0,0,0.433
2022-10-08T01:00:00Z,-1.582,0.7,1.234,0,0.138,0.491
2022-10-08T01:15:00Z,-1.582,0.7,1.261,0,0.139,0.518
2022-10-08T01:30:00Z,-1.582,0.7,1.311,0,0.138,0.567
2022-10-08T01:45:00Z,-1.582,0.7,1.215,0,0.276,0.609
2022-10-08T02:00:00Z,-1.2,0.7,0.567,0,0.546,0.614
2022-10-08T02:15:00Z,-1.2,0.7,0.444,0,0.547,0.491
2022-10-08T02:30:00Z,-1.2,0.7,0.429,0,0.547,0.475
2022-10-08T02:45:00Z,-1.2,0.7,0.262,0,0.522,0.285
2022-10-08T03:00:00Z,-1.047,0.7,0.363,0,0.408,0.423
2022-10-08T03:15:00Z,-1.047,0.7,0.222,0,0.408,0.282
2022-10-08T03:30:00Z,-1.047,0.7,0.161,0,0.408,0.222
2022-10-08T03:45:00Z,-1.047,0.7,0.172,0,0.407,0.232
2022-10-08T04:00:00Z,-0.903,0.699,0.288,0,0.256,0.34
2022-10-08T04:15:00Z,-0.903,0.699,0.347,0,0.256,0.399
2022-10-08T04:30:00Z,-0.903,0.699,0.28,0,0.256,0.332
2022-10-08T04:45:00Z,-0.903,0.699,0.405,0,0.233,0.434
2022-10-08T05:00:00Z,-1.042,0.65,0.776,0,0.117,0.501
2022-10-08T05:15:00Z,-1.042,0.65,0.811,0,0.116,0.535
2022-10-08T05:30:00Z,-1.042,0.65,0.685,0,0.117,0.41
2022-10-08T05:45:00Z,-1.042,0.65,0.819,0,0.15,0.577
2022-10-08T06:00:00Z,-1.086,0.649,0.747,0,0.217,0.527
2022-10-08T06:15:00Z,-1.086,0.649,0.707,0,0.217,0.487
2022-10-08T06:30:00Z,-1.086,0.649,0.683,0,0.217,0.463
2022-10-08T06:45:00Z,-1.086,0.649,0.61,0,0.143,0.317
2022-10-08T07:00:00Z,-1.655,0.688,1.854,0,-0.848,0.038
2022-10-08T07:15:00Z,-1.655,0.688,1.593,0,-1.024,-0.398
2022-10-08T07:30:00Z,-1.655,0.688,1.653,0,-1.025,-0.339
2022-10-08T07:45:00Z,-1.655,0.688,1.647,0,-1.045,-0.365
2022-10-08T08:00:00Z,-1.989,0.692,1.551,0,-1.085,-0.831
2022-10-08T08:15:00Z,-1.989,0.692,1.039,0,-1.085,-1.343
2022-10-08T08:30:00Z,-1.989,0.692,0.988,0,-1.085,-1.394
2022-10-08T08:45:00Z,-1.989,0.692,0.834,0,-1.086,-1.549
2022-10-08T09:00:00Z,-2.526,0.402,1.429,0,-1.085,-1.781
2022-10-08T09:15:00Z,-2.526,0.402,1.557,0,-1.086,-1.654
2022-10-08T09:30:00Z,-2.526,0.402,1.534,0,-1.086,-1.676
2022-10-08T09:45:00Z,-2.526,0.402,1.595,0,-1.085,-1.615
2022-10-08T10:00:00Z,-2.89,0.554,1.232,0,-1.086,-2.19
2022-10-08T10:15:00Z,-2.89,0.554,0.859,0,-1.086,-2.563
2022-10-08T10:30:00Z,-2.89,0.554,0.993,0,-1.087,-2.429
2022-10-08T10:45:00Z,-2.89,0.554,0.914,0,-1.075,-2.497
2022-10-08T11:00:00Z,-2.438,0.635,0.466,0,-1.025,-2.362
2022-10-08T11:15:00Z,-2.438,0.635,0.262,0,-1.026,-2.567
2022-10-08T11:30:00Z,-2.438,0.635,0.324,0,-1.026,-2.505
2022-10-08T11:45:00Z,-2.438,0.635,0.374,0,-1.025,-2.454
2022-10-08T12:00:00Z,-2.329,0.698,0.201,0,-1.025,-2.455
2022-10-08T12:15:00Z,-2.329,0.698,0.194,0,-1.026,-2.463
2022-10-08T12:30:00Z,-2.329,0.698,0.21,0,-1.026,-2.446
2022-10-08T12:45:00Z,-2.329,0.698,0.435,0,-1.023,-2.219
2022-10-08T13:00:00Z,-1.924,0.7,0.173,0,-0.901,-1.951
2022-10-08T13:15:00Z,-1.924,0.7,0.217,0,-0.901,-1.907
2022-10-08T13:30:00Z,-1.924,0.7,0.367,0,-0.901,-1.757
2022-10-08T13:45:00Z,-1.924,0.7,0.74,0,-0.9,-1.384
2022-10-08T14:00:00Z,-1.268,0.7,0.958,0,-0.705,-0.315
2022-10-08T14:15:00Z,-1.268,0.7,1.122,0,-0.704,-0.151
2022-10-08T14:30:00Z,-1.268,0.7,1.084,0,-0.704,-0.189
2022-10-08T14:45:00Z,-1.268,0.7,0.894,0,-0.404,-0.079
2022-10-08T15:00:00Z,-0.153,0.7,0.665,0,0.1,1.313
2022-10-08T15:15:00Z,-0.153,0.7,0.746,0,0.102,1.395
2022-10-08T15:30:00Z,-0.153,0.7,0.89,0,0.101,1.538
2022-10-08T15:45:00Z,-0.153,0.7,0.971,0,0.101,1.619
2022-10-08T16:00:00Z,0.195,0.7,0.426,0,0.184,1.506
2022-10-08T16:15:00Z,0.195,0.7,0.74,0,0.184,1.82
2022-10-08T16:30:00Z,0.195,0.7,0.797,0,0.184,1.877
2022-10-08T16:45:00Z,0.195,0.7,0.933,0,0.221,2.05
2022-10-08T17:00:00Z,0.049,0.7,1.065,0,0.294,2.108
2022-10-08T17:15:00Z,0.049,0.7,1.357,0,0.294,2.4
2022-10-08T17:30:00Z,0.049,0.7,1.364,0,0.294,2.407
2022-10-08T17:45:00Z,0.049,0.7,1.508,0,0.195,2.452
2022-10-08T18:00:00Z,0.154,0.7,1.73,0,-0.252,2.332
2022-10-08T18:15:00Z,0.154,0.7,1.715,0,-0.252,2.317
2022-10-08T18:30:00Z,0.154,0.7,1.646,0,-0.252,2.249
2022-10-08T18:45:00Z,0.154,0.7,1.623,0,-0.168,2.31
2022-10-08T19:00:00Z,-0.141,0.7,1.331,0,0.361,2.252
2022-10-08T19:15:00Z,-0.141,0.7,1.331,0,0.36,2.251
2022-10-08T19:30:00Z,-0.141,0.7,1.302,0,0.36,2.221
2022-10-08T19:45:00Z,-0.141,0.7,1.438,0,0.375,2.373
2022-10-08T20:00:00Z,-0.027,0.7,1.216,0,0.405,2.294
2022-10-08T20:15:00Z,-0.027,0.7,1.08,0,0.406,2.158
2022-10-08T20:30:00Z,-0.027,0.7,1.116,0,0.406,2.195
2022-10-08T20:45:00Z,-0.027,0.7,0.976,0,0.464,2.112
2022-10-08T21:00:00Z,-0.148,0.7,1.081,0,0.578,2.211
2022-10-08T21:15:00Z,-0.148,0.7,1.095,0,0.577,2.225
2022-10-08T21:30:00Z,-0.148,0.7,0.996,0,0.577,2.125
2022-10-08T21:45:00Z,-0.148,0.7,1.11,0,0.358,2.02
2022-10-08T22:00:00Z,-0.265,0.7,1.86,0,-0.289,2.005
2022-10-08T22:15:00Z,-0.265,0.7,1.976,0,-0.288,2.123
2022-10-08T22:30:00Z,-0.265,0.7,1.877,0,-0.288,2.024
2022-10-08T22:45:00Z,-0.265,0.7,1.851,0,-0.271,2.015
2022-10-08T23:00:00Z,-0.161,0.7,1.727,0,-0.191,2.075
2022-10-08T23:15:00Z,-0.161,0.7,1.52,0,-0.191,1.869
2022-10-08T23:30:00Z,-0.161,0.7,1.293,0,-0.191,1.642
2022-10-08T23:45:00Z,-0.161,0.7,1.217,0,-0.274,1.482
2022-10-09T00:00:00Z,-0.037,0.7,1.334,0,-0.441,1.557
2022-10-09T00:15:00Z,-0.037,0.7,1.207,0,-0.441,1.43
2022-10-09T00:30:00Z,-0.037,0.7,1.225,0,-0.44,1.448
2022-10-09T00:45:00Z,-0.037,0.7,1.22,0,-0.499,1.385
2022-10-09T01:00:00Z,0.506,0.7,1.134,0,-0.615,1.726
2022-10-09T01:15:00Z,0.506,0.7,1.055,0,-0.616,1.646
2022-10-09T01:30:00Z,0.506,0.7,0.995,0,-0.615,1.586
2022-10-09T01:45:00Z,0.506,0.7,0.859,0,-0.374,1.692
2022-10-09T02:00:00Z,0.68,0.7,0.154,0,0.159,1.693
2022-10-09T02:15:00Z,0.68,0.7,0.16,0,0.159,1.698
2022-10-09T02:30:00Z,0.68,0.7,0.12,0,0.159,1.658
2022-10-09T02:45:00Z,0.68,0.7,0.046,0,0.158,1.584
2022-10-09T03:00:00Z,0.387,0.682,-0.012,0,0.569,1.625
2022-10-09T03:15:00Z,0.387,0.682,-0.068,0,0.568,1.568
2022-10-09T03:30:00Z,0.387,0.682,-0.064,0,0.568,1.572
2022-10-09T03:45:00Z,0.387,0.682,-0.1,0,0.681,1.649
2022-10-09T04:00:00Z,0.5,0.649,-0.409,0,0.902,1.641
2022-10-09T04:15:00Z,0.5,0.649,-0.523,0,0.902,1.527
2022-10-09T04:30:00Z,0.5,0.649,-0.544,0,0.902,1.506
2022-10-09T04:45:00Z,0.5,0.649,-0.556,0,0.814,1.407
2022-10-09T05:00:00Z,0.838,0.664,-0.6,0,0.379,1.281
2022-10-09T05:15:00Z,0.838,0.664,-0.654,0,0.38,1.228
2022-10-09T05:30:00Z,0.838,0.664,-0.644,0,0.379,1.237
2022-10-09T05:45:00Z,0.838,0.664,-0.642,0,0.474,1.334
2022-10-09T06:00:00Z,0.205,0.33,-0.52,0,0.936,0.952
2022-10-09T06:15:00Z,0.205,0.33,-0.563,0,0.936,0.909
2022-10-09T06:30:00Z,0.205,0.33,-0.652,0,0.936,0.819
2022-10-09T06:45:00Z,0.205,0.33,-0.575,0,0.466,0.426
2022-10-09T07:00:00Z,-0.034,0.509,-0.459,0,-0.105,-0.089
2022-10-09T07:15:00Z,-0.034,0.509,-0.562,0,-0.105,-0.192
2022-10-09T07:30:00Z,-0.034,0.509,-0.672,0,-0.105,-0.302
2022-10-09T07:45:00Z,-0.034,0.509,-0.775,0,-0.07,-0.37
2022-10-09T08:00:00Z,-0.89,0.424,-0.33,0,-0.001,-0.797
2022-10-09T08:15:00Z,-0.89,0.424,-0.425,0,-0.001,-0.891
2022-10-09T08:30:00Z,-0.89,0.424,-0.432,0,-0.001,-0.898
2022-10-09T08:45:00Z,-0.89,0.424,-0.63,0,-0.001,-1.097
2022-10-09T09:00:00Z,-1.558,0.621,-0.375,0,-0.435,-1.748
2022-10-09T09:15:00Z,-1.558,0.621,-0.728,0,-0.434,-2.1
2022-10-09T09:30:00Z,-1.558,0.621,-0.827,0,-0.435,-2.199
2022-10-09T09:45:00Z,-1.558,0.621,-0.813,0,-0.291,-2.041
2022-10-09T10:00:00Z,-2.376,0.495,-1.225,0,0.323,-2.782
2022-10-09T10:15:00Z,-2.376,0.495,-1.268,0,0.324,-2.825
2022-10-09T10:30:00Z,-2.376,0.495,-1.161,0,0.323,-2.719
2022-10-09T10:45:00Z,-2.376,0.495,-1.227,0,0.216,-2.892
2022-10-09T11:00:00Z,-2.113,0.303,-1.13,0,-0.001,-2.94
2022-10-09T11:15:00Z,-2.113,0.303,-1.191,0,-0.001,-3.002
2022-10-09T11:30:00Z,-2.113,0.303,-1.136,0,-0.001,-2.946
2022-10-09T11:45:00Z,-2.113,0.303,-1.141,0,-0.001,-2.951
2022-10-09T12:00:00Z,-2.132,0.542,-1.151,0,-0.105,-2.846
2022-10-09T12:15:00Z,-2.132,0.542,-1.199,0,-0.105,-2.894
2022-10-09T12:30:00Z,-2.132,0.542,-1.282,0,-0.105,-2.977
2022-10-09T12:45:00Z,-2.132,0.542,-1.181,0,-0.105,-2.876
2022-10-09T13:00:00Z,-1.658,0.694,-0.794,0,-0.532,-2.29
2022-10-09T13:15:00Z,-1.658,0.694,-0.565,0,-0.532,-2.061
2022-10-09T13:30:00Z,-1.658,0.694,-0.544,0,-0.531,-2.04
2022-10-09T13:45:00Z,-1.658,0.694,-0.621,0,-0.347,-1.932
2022-10-09T14:00:00Z,-0.599,0.618,-1.399,0,0.248,-1.131
2022-10-09T14:15:00Z,-0.599,0.618,-1.538,0,0.248,-1.271
2022-10-09T14:30:00Z,-0.599,0.618,-1.556,0,0.248,-1.289
2022-10-09T14:45:00Z,-0.599,0.618,-1.53,0,0.199,-1.311
2022-10-09T15:00:00Z,0.583,0.268,-1.553,0,0.101,-0.6
2022-10-09T15:15:00Z,0.583,0.268,-1.758,0,0.101,-0.805
2022-10-09T15:30:00Z,0.583,0.268,-1.779,0,0.101,-0.827
2022-10-09T15:45:00Z,0.583,0.268,-1.524,0,0.067,-0.606
2022-10-09T16:00:00Z,0.608,0.531,-0.739,0,-0.801,-0.401
2022-10-09T16:15:00Z,0.608,0.531,-0.433,0,-0.949,-0.243
2022-10-09T16:30:00Z,0.608,0.531,-0.39,0,-0.948,-0.199
2022-10-09T16:45:00Z,0.608,0.531,-0.359,0,-0.746,0.034
2022-10-09T17:00:00Z,-0.462,0.503,-0.733,0,-0.106,-0.798
2022-10-09T17:15:00Z,-0.462,0.503,-0.594,0,-0.106,-0.659
2022-10-09T17:30:00Z,-0.462,0.503,-0.532,0,-0.106,-0.597
2022-10-09T17:45:00Z,-0.462,0.503,-0.629,0,-0.105,-0.693
2022-10-09T18:00:00Z,-1.27,0.635,0.131,0,-0.499,-1.003
2022-10-09T18:15:00Z,-1.27,0.635,0.297,0,-0.499,-0.838
2022-10-09T18:30:00Z,-1.27,0.635,0.274,0,-0.498,-0.86
2022-10-09T18:45:00Z,-1.27,0.635,0.397,0,-0.467,-0.705
2022-10-09T19:00:00Z,-0.992,0.698,0.036,0,-0.307,-0.565
2022-10-09T19:15:00Z,-0.992,0.698,0.029,0,-0.306,-0.571
2022-10-09T19:30:00Z,-0.992,0.698,0.059,0,-0.307,-0.542
2022-10-09T19:45:00Z,-0.992,0.698,0.104,0,-0.263,-0.453
2022-10-09T20:00:00Z,-0.4,0.7,-0.19,0,-0.179,-0.07
2022-10-09T20:15:00Z,-0.4,0.7,-0.034,0,-0.18,0.086
2022-10-09T20:30:00Z,-0.4,0.7,0.109,0,-0.179,0.229
2022-10-09T20:45:00Z,-0.4,0.7,0.074,0,-0.23,0.144
2022-10-09T21:00:00Z,0.001,0.7,0.415,0,-0.331,0.785
2022-10-09T21:15:00Z,0.001,0.7,0.461,0,-0.332,0.83
2022-10-09T21:30:00Z,0.001,0.7,0.629,0,-0.331,0.998
2022-10-09T21:45:00Z,0.001,0.7,0.504,0,-0.314,0.892
2022-10-09T22:00:00Z,-0.062,0.7,0.521,0,-0.231,0.929
2022-10-09T22:15:00Z,-0.062,0.7,0.643,0,-0.231,1.051
2022-10-09T22:30:00Z,-0.062,0.7,0.498,0,-0.231,0.906
2022-10-09T22:45:00Z,-0.062,0.7,0.611,0,-0.065,1.185
2022-10-09T23:00:00Z,-0.223,0.7,0.791,0,0.239,1.507
2022-10-09T23:15:00Z,-0.223,0.7,0.65,0,0.239,1.366
2022-10-09T23:30:00Z,-0.223,0.7,0.678,0,0.239,1.394
2022-10-09T23:45:00Z,-0.223,0.7,0.635,0,0.192,1.305
2022-10-10T00:00:00Z,-0.19,0.7,0.757,0,0.101,1.368
2022-10-10T00:15:00Z,-0.19,0.7,0.671,0,0.101,1.282
2022-10-10T00:30:00Z,-0.19,0.7,0.623,0,0.101,1.234
2022-10-10T00:45:00Z,-0.19,0.7,0.639,0,0.068,1.216
2022-10-10T01:00:00Z,-0.103,0.7,0.849,0,-0.142,1.305
2022-10-10T01:15:00Z,-0.103,0.7,0.865,0,-0.143,1.319
2022-10-10T01:30:00Z,-0.103,0.7,0.887,0,-0.143,1.341
2022-10-10T01:45:00Z,-0.103,0.7,0.951,0,-0.145,1.404
2022-10-10T02:00:00Z,0.029,0.7,0.633,0,-0.153,1.209
2022-10-10T02:15:00Z,0.029,0.7,0.574,0,-0.153,1.15
2022-10-10T02:30:00Z,0.029,0.7,0.484,0,-0.153,1.06
2022-10-10T02:45:00Z,0.029,0.7,0.398,0,-0.102,1.025
2022-10-10T03:00:00Z,0.015,0.7,-0.572,0,0.366,0.509
2022-10-10T03:15:00Z,0.015,0.7,-0.513,0,0.367,0.569
2022-10-10T03:30:00Z,0.015,0.7,-0.723,0,0.366,0.358
2022-10-10T03:45:00Z,0.015,0.7,-0.812,0,0.278,0.182
2022-10-10T04:00:00Z,-0.095,0.695,-1.038,0,0.101,-0.337
2022-10-10T04:15:00Z,-0.095,0.695,-1.561,0,0.101,-0.859
2022-10-10T04:30:00Z,-0.095,0.695,-1.633,0,0.101,-0.932
2022-10-10T04:45:00Z,-0.095,0.695,-1.488,0,0.102,-0.786
2022-10-10T05:00:00Z,-0.727,0.485,-1.218,0,0.455,-1.005
2022-10-10T05:15:00Z,-0.727,0.485,-1.075,0,0.454,-0.863
2022-10-10T05:30:00Z,-0.727,0.485,-0.772,0,0.454,-0.56
2022-10-10T05:45:00Z,-0.727,0.485,-0.649,0,0.301,-0.59
2022-10-10T06:00:00Z,-0.421,0.692,-0.111,0,-0.705,-0.545
2022-10-10T06:15:00Z,-0.421,0.692,0.211,0,-0.804,-0.322
2022-10-10T06:30:00Z,-0.421,0.692,0.135,0,-0.804,-0.398
2022-10-10T06:45:00Z,-0.421,0.692,-0.01,0,-0.786,-0.525
2022-10-10T07:00:00Z,-1.003,0.698,-0.003,0,-0.751,-1.058
2022-10-10T07:15:00Z,-1.003,0.698,-0.257,0,-0.751,-1.313
2022-10-10T07:30:00Z,-1.003,0.698,-0.265,0,-0.752,-1.321
2022-10-10T07:45:00Z,-1.003,0.698,-0.187,0,-0.751,-1.242
2022-10-10T08:00:00Z,-0.724,0.696,-0.188,0,-0.705,-0.921
2022-10-10T08:15:00Z,-0.724,0.696,-0.348,0,-0.705,-1.082
2022-10-10T08:30:00Z,-0.724,0.696,-0.254,0,-0.705,-0.988
2022-10-10T08:45:00Z,-0.724,0.696,-0.09,0,-0.662,-0.781
2022-10-10T09:00:00Z,-1.71,0.569,0.772,0,-0.47,-0.839
2022-10-10T09:15:00Z,-1.71,0.569,0.917,0,-0.47,-0.694
2022-10-10T09:30:00Z,-1.71,0.569,0.838,0,-0.469,-0.772
2022-10-10T09:45:00Z,-1.71,0.569,1.051,0,-0.374,-0.464
2022-10-10T10:00:00Z,-1.156,0.696,0.772,0,-0.184,0.128
2022-10-10T10:15:00Z,-1.156,0.696,0.818,0,-0.185,0.174
2022-10-10T10:30:00Z,-1.156,0.696,0.72,0,-0.183,0.077
2022-10-10T10:45:00Z,-1.156,0.696,0.648,0,-0.123,0.066
2022-10-10T11:00:00Z,-0.73,0.7,0.567,0,0.101,0.638
2022-10-10T11:15:00Z,-0.73,0.7,0.403,0,0.102,0.475
2022-10-10T11:30:00Z,-0.73,0.7,0.471,0,0.101,0.542
2022-10-10T11:45:00Z,-0.73,0.7,0.614,0,0.103,0.687
2022-10-10T12:00:00Z,-1.147,0.7,0.339,0,0.547,0.439
2022-10-10T12:15:00Z,-1.147,0.7,0.255,0,0.546,0.354
2022-10-10T12:30:00Z,-1.147,0.7,0.383,0,0.546,0.482
2022-10-10T12:45:00Z,-1.147,0.7,0.487,0,0.581,0.621
2022-10-10T13:00:00Z,-0.883,0.7,0.06,0,0.648,0.524
2022-10-10T13:15:00Z,-0.883,0.7,-0.079,0,0.647,0.385
2022-10-10T13:30:00Z,-0.883,0.7,-0.161,0,0.648,0.303
2022-10-10T13:45:00Z,-0.883,0.7,-0.301,0,0.775,0.291
2022-10-10T14:00:00Z,-0.824,0.693,-0.361,0,1.028,0.537
2022-10-10T14:15:00Z,-0.824,0.693,-0.437,0,1.028,0.461
2022-10-10T14:30:00Z,-0.824,0.693,-0.42,0,1.028,0.478
2022-10-10T14:45:00Z,-0.824,0.693,-0.324,0,1.025,0.571
2022-10-10T15:00:00Z,-0.316,0.44,-0.656,0,0.73,0.199
2022-10-10T15:15:00Z,-0.316,0.44,-0.963,0,0.732,-0.107
2022-10-10T15:30:00Z,-0.316,0.44,-1.02,0,0.731,-0.165
2022-10-10T15:45:00Z,-0.316,0.44,-1.021,0,0.731,-0.166
2022-10-10T16:00:00Z,-0.305,0.449,-1.336,0,0.25,-0.941
2022-10-10T16:15:00Z,-0.305,0.449,-1.245,0,0.251,-0.85
2022-10-10T16:30:00Z,-0.305,0.449,-1.381,0,0.251,-0.985
2022-10-10T16:45:00Z,-0.305,0.449,-1.478,0,0.249,-1.084
2022-10-10T17:00:00Z,-0.973,0.438,-0.748,0,0.174,-1.109
2022-10-10T17:15:00Z,-0.973,0.438,-0.359,0,0.173,-0.721
2022-10-10T17:30:00Z,-0.973,0.438,-0.249,0,0.173,-0.611
2022-10-10T17:45:00Z,-0.973,0.438,-0.178,0,0.15,-0.564
2022-10-10T18:00:00Z,-1.403,0.693,-0.265,0,0.101,-0.874
2022-10-10T18:15:00Z,-1.403,0.693,-0.336,0,0.101,-0.944
2022-10-10T18:30:00Z,-1.403,0.693,-0.363,0,0.101,-0.971
2022-10-10T18:45:00Z,-1.403,0.693,-0.39,0,0.102,-0.998
2022-10-10T19:00:00Z,-1.341,0.697,-0.244,0,0.203,-0.685
2022-10-10T19:15:00Z,-1.341,0.697,-0.312,0,0.203,-0.753
2022-10-10T19:30:00Z,-1.341,0.697,-0.206,0,0.203,-0.647
2022-10-10T19:45:00Z,-1.341,0.697,-0.227,0,0.302,-0.569
2022-10-10T20:00:00Z,-0.77,0.7,-0.206,0,0.496,0.22
2022-10-10T20:15:00Z,-0.77,0.7,-0.05,0,0.495,0.376
2022-10-10T20:30:00Z,-0.77,0.7,0.07,0,0.496,0.496
2022-10-10T20:45:00Z,-0.77,0.7,0.018,0,0.495,0.443
2022-10-10T21:00:00Z,-0.645,0.7,0.558,0,0.203,0.817
2022-10-10T21:15:00Z,-0.645,0.7,0.567,0,0.203,0.826
2022-10-10T21:30:00Z,-0.645,0.7,0.657,0,0.203,0.916
2022-10-10T21:45:00Z,-0.645,0.7,0.65,0,0.312,1.018
2022-10-10T22:00:00Z,-0.061,0.7,0.334,0,0.525,1.498
2022-10-10T22:15:00Z,-0.061,0.7,0.189,0,0.525,1.353
2022-10-10T22:30:00Z,-0.061,0.7,0.272,0,0.526,1.437
2022-10-10T22:45:00Z,-0.061,0.7,0.35,0,0.539,1.529
2022-10-10T23:00:00Z,-0.224,0.7,0.523,0,0.566,1.566
2022-10-10T23:15:00Z,-0.224,0.7,0.457,0,0.567,1.501
2022-10-10T23:30:00Z,-0.224,0.7,0.429,0,0.566,1.472
2022-10-10T23:45:00Z,-0.224,0.7,0.386,0,0.566,1.428
2022-10-11T00:00:00Z,-0.12,0.7,0.367,0,0.543,1.49
2022-10-11T00:15:00Z,-0.12,0.7,0.342,0,0.543,1.465
2022-10-11T00:30:00Z,-0.12,0.7,0.412,0,0.544,1.537
2022-10-11T00:45:00Z,-0.12,0.7,0.356,0,0.591,1.527
2022-10-11T01:00:00Z,-0.009,0.7,0.408,0,0.685,1.784
2022-10-11T01:15:00Z,-0.009,0.7,0.407,0,0.685,1.783
2022-10-11T01:30:00Z,-0.009,0.7,0.378,0,0.685,1.754
2022-10-11T01:45:00Z,-0.009,0.7,0.239,0,0.685,1.615
2022-10-11T02:00:00Z,0.553,0.7,-0.351,0,0.686,1.588
2022-10-11T02:15:00Z,0.553,0.7,-0.448,0,0.687,1.491
2022-10-11T02:30:00Z,0.553,0.7,-0.519,0,0.686,1.42
2022-10-11T02:45:00Z,0.553,0.7,-0.566,0,0.756,1.442
2022-10-11T03:00:00Z,0.956,0.688,-0.984,0,0.891,1.552
2022-10-11T03:15:00Z,0.956,0.688,-0.965,0,0.892,1.571
2022-10-11T03:30:00Z,0.956,0.688,-1.16,0,0.891,1.375
2022-10-11T03:45:00Z,0.956,0.688,-1.505,0,0.915,1.054
2022-10-11T04:00:00Z,0.417,0.619,-2.096,0,1.027,-0.033
2022-10-11T04:15:00Z,0.417,0.619,-2.333,0,1.027,-0.271
2022-10-11T04:30:00Z,0.417,0.619,-2.382,0,1.027,-0.32
2022-10-11T04:45:00Z,0.417,0.619,-2.556,0,1.026,-0.495
2022-10-11T05:00:00Z,-0.282,0.313,-2.07,0,0.873,-1.166
2022-10-11T05:15:00Z,-0.282,0.313,-1.861,0,0.874,-0.956
2022-10-11T05:30:00Z,-0.282,0.313,-1.634,0,0.873,-0.73
2022-10-11T05:45:00Z,-0.282,0.313,-1.446,0,0.874,-0.541
2022-10-11T06:00:00Z,-0.551,0.592,-1.312,0,0.476,-0.796
2022-10-11T06:15:00Z,-0.551,0.592,-1.3,0,0.477,-0.783
2022-10-11T06:30:00Z,-0.551,0.592,-1.359,0,0.477,-0.841
2022-10-11T06:45:00Z,-0.551,0.592,-1.363,0,0.316,-1.006
2022-10-11T07:00:00Z,-1.211,0.15,-0.599,0,-0.255,-1.915
2022-10-11T07:15:00Z,-1.211,0.15,-0.733,0,-0.254,-2.049
2022-10-11T07:30:00Z,-1.211,0.15,-0.952,0,-0.256,-2.269
2022-10-11T07:45:00Z,-1.211,0.15,-1.235,0,-0.17,-2.467
2022-10-11T08:00:00Z,-1.525,-0.134,-1.45,0,-0.001,-3.111
2022-10-11T08:15:00Z,-1.525,-0.134,-1.697,0,-0.001,-3.357
2022-10-11T08:30:00Z,-1.525,-0.134,-1.596,0,-0.001,-3.256
2022-10-11T08:45:00Z,-1.525,-0.134,-1.594,0,-0,-3.254
2022-10-11T09:00:00Z,-1.35,-0.552,-1.088,0,-0.001,-2.99
2022-10-11T09:15:00Z,-1.35,-0.552,-1.062,0,-0.001,-2.965
2022-10-11T09:30:00Z,-1.35,-0.552,-0.984,0,-0.001,-2.886
2022-10-11T09:45:00Z,-1.35,-0.552,-0.878,0,-0.001,-2.78
2022-10-11T10:00:00Z,-2.153,-0.177,-0.75,0,0.175,-2.905
2022-10-11T10:15:00Z,-2.153,-0.177,-0.784,0,0.175,-2.938
2022-10-11T10:30:00Z,-2.153,-0.177,-0.792,0,0.175,-2.947
2022-10-11T10:45:00Z,-2.153,-0.177,-0.831,0,0.175,-2.985
2022-10-11T11:00:00Z,-1.488,-0.462,-1.091,0,0.167,-2.875
2022-10-11T11:15:00Z,-1.488,-0.462,-1.375,0,0.166,-3.16
2022-10-11T11:30:00Z,-1.488,-0.462,-1.316,0,0.166,-3.101
2022-10-11T11:45:00Z,-1.488,-0.462,-1.118,0,0.222,-2.846
2022-10-11T12:00:00Z,-1.135,-0.561,-1.435,0,0.486,-2.646
2022-10-11T12:15:00Z,-1.135,-0.561,-1.499,0,0.486,-2.71
2022-10-11T12:30:00Z,-1.135,-0.561,-1.501,0,0.486,-2.711
2022-10-11T12:45:00Z,-1.135,-0.561,-1.499,0,0.529,-2.667
2022-10-11T13:00:00Z,-0.246,-0.344,-2.369,0,0.735,-2.225
2022-10-11T13:15:00Z,-0.246,-0.344,-2.331,0,0.735,-2.187
2022-10-11T13:30:00Z,-0.246,-0.344,-2.467,0,0.735,-2.323
2022-10-11T13:45:00Z,-0.246,-0.344,-2.437,0,0.735,-2.292
2022-10-11T14:00:00Z,-0.208,-0.516,-2.251,0,0.845,-2.131
2022-10-11T14:15:00Z,-0.208,-0.516,-2.17,0,0.845,-2.05
2022-10-11T14:30:00Z,-0.208,-0.516,-2.503,0,0.845,-2.383
2022-10-11T14:45:00Z,-0.208,-0.516,-2.482,0,0.822,-2.385
2022-10-11T15:00:00Z,0.321,-0.539,-2.393,0,0.719,-1.892
2022-10-11T15:15:00Z,0.321,-0.539,-2.152,0,0.719,-1.651
2022-10-11T15:30:00Z,0.321,-0.539,-2.312,0,0.719,-1.811
2022-10-11T15:45:00Z,0.321,-0.539,-2.342,0,0.604,-1.956
2022-10-11T16:00:00Z,0.896,-0.223,-2.378,0,0.124,-1.58
2022-10-11T16:15:00Z,0.896,-0.223,-2.044,0,0.124,-1.247
2022-10-11T16:30:00Z,0.896,-0.223,-2.084,0,0.124,-1.287
2022-10-11T16:45:00Z,0.896,-0.223,-2.15,0,0.125,-1.352
2022-10-11T17:00:00Z,0.953,-0.407,-1.387,0,-0.33,-1.17
2022-10-11T17:15:00Z,0.953,-0.407,-1.347,0,-0.34,-1.141
2022-10-11T17:30:00Z,0.953,-0.407,-1.453,0,-0.341,-1.248
2022-10-11T17:45:00Z,0.953,-0.407,-1.43,0,-0.293,-1.177
2022-10-11T18:00:00Z,-0.026,-0.255,-1.275,0,-0.201,-1.758
2022-10-11T18:15:00Z,-0.026,-0.255,-1.238,0,-0.2,-1.719
2022-10-11T18:30:00Z,-0.026,-0.255,-1.162,0,-0.199,-1.643
2022-10-11T18:45:00Z,-0.026,-0.255,-1.246,0,-0.134,-1.662
2022-10-11T19:00:00Z,-0.124,-0.666,-1.54,0,0.101,-2.23
2022-10-11T19:15:00Z,-0.124,-0.666,-1.732,0,0.101,-2.422
2022-10-11T19:30:00Z,-0.124,-0.666,-1.778,0,0.101,-2.467
2022-10-11T19:45:00Z,-0.124,-0.666,-1.875,0,0.067,-2.599
2022-10-11T20:00:00Z,-0.295,-0.047,-2.562,0,-0.001,-2.905
2022-10-11T20:15:00Z,-0.295,-0.047,-2.631,0,-0.001,-2.973
2022-10-11T20:30:00Z,-0.295,-0.047,-2.513,0,-0.002,-2.856
2022-10-11T20:45:00Z,-0.295,-0.047,-2.362,0,-0.001,-2.705
2022-10-11T21:00:00Z,-0.374,-0.353,-2.197,0,0.584,-2.34
2022-10-11T21:15:00Z,-0.374,-0.353,-1.867,0,0.63,-1.964
2022-10-11T21:30:00Z,-0.374,-0.353,-1.804,0,0.63,-1.901
2022-10-11T21:45:00Z,-0.374,-0.353,-1.766,0,0.688,-1.805
2022-10-11T22:00:00Z,-0.401,-0.026,-1.657,0,0.801,-1.284
2022-10-11T22:15:00Z,-0.401,-0.026,-1.666,0,0.802,-1.291
2022-10-11T22:30:00Z,-0.401,-0.026,-1.781,0,0.801,-1.407
2022-10-11T22:45:00Z,-0.401,-0.026,-1.677,0,0.84,-1.264
2022-10-11T23:00:00Z,-0.333,-0.255,-1.687,0,1.028,-1.248
2022-10-11T23:15:00Z,-0.333,-0.255,-1.846,0,1.028,-1.406
2022-10-11T23:30:00Z,-0.333,-0.255,-1.855,0,1.028,-1.416
2022-10-11T23:45:00Z,-0.333,-0.255,-1.919,0,1.028,-1.479
2022-10-12T00:00:00Z,0.435,-0.669,-2.022,0,1.028,-1.229
2022-10-12T00:15:00Z,0.435,-0.669,-2.113,0,1.027,-1.32
2022-10-12T00:30:00Z,0.435,-0.669,-2.106,0,1.028,-1.313
2022-10-12T00:45:00Z,0.435,-0.669,-2.1,0,1.027,-1.307
2022-10-12T01:00:00Z,-0.001,-0.43,-1.86,0,1.028,-1.263
2022-10-12T01:15:00Z,-0.001,-0.43,-1.907,0,1.029,-1.31
2022-10-12T01:30:00Z,-0.001,-0.43,-1.908,0,1.028,-1.311
2022-10-12T01:45:00Z,-0.001,-0.43,-1.953,0,1.028,-1.356
2022-10-12T02:00:00Z,0.143,-0.699,-1.93,0,1.028,-1.458
2022-10-12T02:15:00Z,0.143,-0.699,-2.017,0,1.028,-1.545
2022-10-12T02:30:00Z,0.143,-0.699,-2.053,0,1.028,-1.582
2022-10-12T02:45:00Z,0.143,-0.699,-2.097,0,1.028,-1.626
2022-10-12T03:00:00Z,-0.117,-0.699,-1.982,0,1.028,-1.769
2022-10-12T03:15:00Z,-0.117,-0.699,-1.995,0,1.028,-1.783
2022-10-12T03:30:00Z,-0.117,-0.699,-2.069,0,1.028,-1.857
2022-10-12T03:45:00Z,-0.117,-0.699,-2.193,0,1.028,-1.981
2022-10-12T04:00:00Z,-0.257,-0.699,-2.029,0,1.028,-1.957
2022-10-12T04:15:00Z,-0.257,-0.699,-2.064,0,1.028,-1.992
2022-10-12T04:30:00Z,-0.257,-0.699,-2.246,0,1.028,-2.173
2022-10-12T04:45:00Z,-0.257,-0.699,-2.189,0,1.028,-2.117
2022-10-12T05:00:00Z,-0.592,-0.699,-1.989,0,1.028,-2.252
2022-10-12T05:15:00Z,-0.592,-0.699,-1.709,0,1.028,-1.972
2022-10-12T05:30:00Z,-0.592,-0.699,-1.85,0,1.027,-2.113
2022-10-12T05:45:00Z,-0.592,-0.699,-1.837,0,1.027,-2.101
2022-10-12T06:00:00Z,-0.685,-0.698,-1.826,0,1.028,-2.181
2022-10-12T06:15:00Z,-0.685,-0.698,-1.713,0,1.027,-2.069
2022-10-12T06:30:00Z,-0.685,-0.698,-1.388,0,1.028,-1.743
2022-10-12T06:45:00Z,-0.685,-0.698,-1.321,0,1.027,-1.676
2022-10-12T07:00:00Z,-0.873,-0.699,-1.355,0,1.003,-1.923
2022-10-12T07:15:00Z,-0.873,-0.699,-1.35,0,1.003,-1.919
2022-10-12T07:30:00Z,-0.873,-0.699,-1.43,0,1.002,-1.999
2022-10-12T07:45:00Z,-0.873,-0.699,-1.299,0,1.003,-1.868
2022-10-12T08:00:00Z,-1.165,-0.698,-1.04,0,0.768,-2.135
2022-10-12T08:15:00Z,-1.165,-0.698,-1.198,0,0.768,-2.294
2022-10-12T08:30:00Z,-1.165,-0.698,-1.346,0,0.768,-2.441
2022-10-12T08:45:00Z,-1.165,-0.698,-1.325,0,0.746,-2.443
2022-10-12T09:00:00Z,-1.436,-0.698,-0.754,0,0.637,-2.251
2022-10-12T09:15:00Z,-1.436,-0.698,-0.757,0,0.637,-2.254
2022-10-12T09:30:00Z,-1.436,-0.698,-1.011,0,0.638,-2.507
2022-10-12T09:45:00Z,-1.436,-0.698,-0.913,0,0.636,-2.411
2022-10-12T10:00:00Z,-1.83,-0.698,-0.633,0,0.455,-2.706
2022-10-12T10:15:00Z,-1.83,-0.698,-0.648,0,0.456,-2.721
2022-10-12T10:30:00Z,-1.83,-0.698,-0.523,0,0.456,-2.596
2022-10-12T10:45:00Z,-1.83,-0.698,-0.562,0,0.451,-2.64
2022-10-12T11:00:00Z,-1.567,-0.698,-0.655,0,0.429,-2.492
2022-10-12T11:15:00Z,-1.567,-0.698,-0.916,0,0.429,-2.753
2022-10-12T11:30:00Z,-1.567,-0.698,-0.922,0,0.428,-2.759
2022-10-12T11:45:00Z,-1.567,-0.698,-0.916,0,0.517,-2.664
2022-10-12T12:00:00Z,-1.184,-0.689,-0.923,0,0.69,-2.106
2022-10-12T12:15:00Z,-1.184,-0.689,-0.974,0,0.69,-2.157
2022-10-12T12:30:00Z,-1.184,-0.689,-0.95,0,0.69,-2.132
2022-10-12T12:45:00Z,-1.184,-0.689,-0.957,0,0.726,-2.104
2022-10-12T13:00:00Z,-0.557,-0.475,-1.466,0,0.795,-1.703
2022-10-12T13:15:00Z,-0.557,-0.475,-1.49,0,0.796,-1.726
2022-10-12T13:30:00Z,-0.557,-0.475,-1.535,0,0.795,-1.772
2022-10-12T13:45:00Z,-0.557,-0.475,-1.61,0,0.794,-1.848
2022-10-12T14:00:00Z,-0.212,-0.442,-1.534,0,0.632,-1.556
2022-10-12T14:15:00Z,-0.212,-0.442,-1.652,0,0.632,-1.674
2022-10-12T14:30:00Z,-0.212,-0.442,-1.596,0,0.632,-1.618
2022-10-12T14:45:00Z,-0.212,-0.442,-1.548,0,0.375,-1.827
2022-10-12T15:00:00Z,0.275,-0.678,-1.868,0,-0.001,-2.272
2022-10-12T15:15:00Z,0.275,-0.678,-2.098,0,-0.001,-2.502
2022-10-12T15:30:00Z,0.275,-0.678,-1.919,0,-0.001,-2.323
2022-10-12T15:45:00Z,0.275,-0.678,-1.902,0,-0.001,-2.306
2022-10-12T16:00:00Z,0.175,-0.202,-2.395,0,0.101,-2.322
2022-10-12T16:15:00Z,0.175,-0.202,-2.484,0,0.101,-2.411
2022-10-12T16:30:00Z,0.175,-0.202,-2.434,0,0.101,-2.36
2022-10-12T16:45:00Z,0.175,-0.202,-2.263,0,0.103,-2.188
2022-10-12T17:00:00Z,-0.746,-0.27,-1.864,0.004,0.401,-2.476
2022-10-12T17:15:00Z,-0.746,-0.27,-1.569,0.004,0.4,-2.181
2022-10-12T17:30:00Z,-0.746,-0.27,-1.489,0.004,0.401,-2.101
2022-10-12T17:45:00Z,-0.746,-0.27,-1.369,0.004,0.267,-2.115
2022-10-12T18:00:00Z,-0.832,-0.67,-0.675,0,-0.399,-2.576
2022-10-12T18:15:00Z,-0.832,-0.67,-0.692,0,-0.398,-2.592
2022-10-12T18:30:00Z,-0.832,-0.67,-0.728,0,-0.398,-2.628
2022-10-12T18:45:00Z,-0.832,-0.67,-0.849,0,-0.266,-2.617
2022-10-12T19:00:00Z,-0.918,-0.317,-1.731,0,-0.001,-2.967
2022-10-12T19:15:00Z,-0.918,-0.317,-2.054,0,-0.001,-3.291
2022-10-12T19:30:00Z,-0.918,-0.317,-2.073,0,-0.001,-3.309
2022-10-12T19:45:00Z,-0.918,-0.317,-2.009,0,-0.001,-3.246
2022-10-12T20:00:00Z,-1.43,-0.661,-1.369,0,0.366,-3.093
2022-10-12T20:15:00Z,-1.43,-0.661,-1.371,0,0.365,-3.096
2022-10-12T20:30:00Z,-1.43,-0.661,-1.222,0,0.366,-2.947
2022-10-12T20:45:00Z,-1.43,-0.661,-1.326,0,0.505,-2.912
2022-10-12T21:00:00Z,-1.275,-0.627,-0.865,0,0.772,-1.995
2022-10-12T21:15:00Z,-1.275,-0.627,-0.69,0,0.773,-1.819
2022-10-12T21:30:00Z,-1.275,-0.627,-0.503,0,0.772,-1.632
2022-10-12T21:45:00Z,-1.275,-0.627,-0.57,0,0.844,-1.627
2022-10-12T22:00:00Z,-0.392,-0.293,-1.154,0,0.986,-0.854
2022-10-12T22:15:00Z,-0.392,-0.293,-1.206,0,0.986,-0.905
2022-10-12T22:30:00Z,-0.392,-0.293,-1.218,0,0.986,-0.917
2022-10-12T22:45:00Z,-0.392,-0.293,-1.047,0,0.986,-0.747
2022-10-12T23:00:00Z,-0.372,-0.359,-0.592,0,0.986,-0.338
2022-10-12T23:15:00Z,-0.372,-0.359,-0.725,0,0.987,-0.47
2022-10-12T23:30:00Z,-0.372,-0.359,-0.568,0,0.987,-0.312
2022-10-12T23:45:00Z,-0.372,-0.359,-0.605,0,0.985,-0.351
2022-10-13T00:00:00Z,0.265,-0.458,-0.662,0,0.806,-0.049
2022-10-13T00:15:00Z,0.265,-0.458,-0.664,0,0.805,-0.051
2022-10-13T00:30:00Z,0.265,-0.458,-0.669,0,0.805,-0.056
2022-10-13T00:45:00Z,0.265,-0.458,-0.77,0,0.796,-0.167
2022-10-13T01:00:00Z,0.463,-0.174,-0.994,0,0.751,0.046
2022-10-13T01:15:00Z,0.463,-0.174,-1.051,0,0.753,-0.01
2022-10-13T01:30:00Z,0.463,-0.174,-1.051,0,0.752,-0.01
2022-10-13T01:45:00Z,0.463,-0.174,-1.077,0,0.786,-0.002
2022-10-13T02:00:00Z,0.461,-0.578,-1.189,0,0.947,-0.359
2022-10-13T02:15:00Z,0.461,-0.578,-1.431,0,0.947,-0.601
2022-10-13T02:30:00Z,0.461,-0.578,-1.637,0,0.947,-0.807
2022-10-13T02:45:00Z,0.461,-0.578,-1.685,0,0.96,-0.841
2022-10-13T03:00:00Z,0.473,-0.414,-2.093,0,0.986,-1.048
2022-10-13T03:15:00Z,0.473,-0.414,-2.251,0,0.986,-1.205
2022-10-13T03:30:00Z,0.473,-0.414,-2.181,0,0.986,-1.137
2022-10-13T03:45:00Z,0.473,-0.414,-2.435,0,0.986,-1.39
2022-10-13T04:00:00Z,-0.53,-0.699,-2.729,0,0.988,-2.971
2022-10-13T04:15:00Z,-0.53,-0.699,-2.705,0,0.988,-2.946
2022-10-13T04:30:00Z,-0.53,-0.699,-2.547,0,0.988,-2.788
2022-10-13T04:45:00Z,-0.53,-0.699,-2.627,0,0.835,-3.021
2022-10-13T05:00:00Z,-0.002,-0.698,-2.373,0,0.101,-2.972
2022-10-13T05:15:00Z,-0.002,-0.698,-2.242,0,0.101,-2.841
2022-10-13T05:30:00Z,-0.002,-0.698,-1.964,0,0.101,-2.563
2022-10-13T05:45:00Z,-0.002,-0.698,-1.762,0,0.101,-2.36
2022-10-13T06:00:00Z,-0.407,-0.654,-1.704,0,0.189,-2.576
2022-10-13T06:15:00Z,-0.407,-0.654,-1.62,0,0.189,-2.491
2022-10-13T06:30:00Z,-0.407,-0.654,-1.539,0,0.189,-2.411
2022-10-13T06:45:00Z,-0.407,-0.654,-1.514,0,0.126,-2.45
2022-10-13T07:00:00Z,-0.789,-0.038,-1.105,0,-0.565,-2.497
2022-10-13T07:15:00Z,-0.789,-0.038,-1.046,0,-0.593,-2.466
2022-10-13T07:30:00Z,-0.789,-0.038,-1.083,0,-0.594,-2.503
2022-10-13T07:45:00Z,-0.789,-0.038,-1.082,0,-0.526,-2.436
2022-10-13T08:00:00Z,-1.356,-0.698,-0.051,0,-0.389,-2.494
2022-10-13T08:15:00Z,-1.356,-0.698,0.035,0,-0.388,-2.408
2022-10-13T08:30:00Z,-1.356,-0.698,-0.044,0,-0.389,-2.487
2022-10-13T08:45:00Z,-1.356,-0.698,-0.017,0,-0.26,-2.331
2022-10-13T09:00:00Z,-1.423,-0.698,-0.298,0,-0.001,-2.419
2022-10-13T09:15:00Z,-1.423,-0.698,-0.351,0,-0.001,-2.472
2022-10-13T09:30:00Z,-1.423,-0.698,-0.342,0,-0.001,-2.463
2022-10-13T09:45:00Z,-1.423,-0.698,-0.365,0,-0.001,-2.486
2022-10-13T10:00:00Z,-1.393,-0.694,-0.316,0,-0.001,-2.404
2022-10-13T10:15:00Z,-1.393,-0.694,-0.304,0,-0.001,-2.392
2022-10-13T10:30:00Z,-1.393,-0.694,-0.338,0,-0.001,-2.427
2022-10-13T10:45:00Z,-1.393,-0.694,-0.207,0,-0.001,-2.295
2022-10-13T11:00:00Z,-1.124,-0.591,-0.494,0,-0,-2.21
2022-10-13T11:15:00Z,-1.124,-0.591,-0.57,0,-0.001,-2.286
2022-10-13T11:30:00Z,-1.124,-0.591,-0.54,0,-0.001,-2.256
2022-10-13T11:45:00Z,-1.124,-0.591,-0.577,0,-0.001,-2.293
2022-10-13T12:00:00Z,-0.835,-0.117,-1.075,0,-0.001,-2.027
2022-10-13T12:15:00Z,-0.835,-0.117,-1.337,0,-0.001,-2.29
2022-10-13T12:30:00Z,-0.835,-0.117,-1.373,0,-0.001,-2.325
2022-10-13T12:45:00Z,-0.835,-0.117,-1.424,0,-0.001,-2.377
2022-10-13T13:00:00Z,-0.391,-0.26,-1.706,0,0.405,-1.951
2022-10-13T13:15:00Z,-0.391,-0.26,-1.712,0,0.404,-1.959
2022-10-13T13:30:00Z,-0.391,-0.26,-1.831,0,0.405,-2.077
2022-10-13T13:45:00Z,-0.391,-0.26,-1.852,0,0.27,-2.234
2022-10-13T14:00:00Z,0.716,-0.651,-1.479,0,-0.329,-1.743
2022-10-13T14:15:00Z,0.716,-0.651,-1.32,0,-0.328,-1.583
2022-10-13T14:30:00Z,0.716,-0.651,-1.322,0,-0.328,-1.585
2022-10-13T14:45:00Z,0.716,-0.651,-1.285,0,-0.33,-1.55
2022-10-13T15:00:00Z,0.992,0.002,-1.433,0,-0.593,-1.032
2022-10-13T15:15:00Z,0.992,0.002,-1.37,0,-0.593,-0.968
2022-10-13T15:30:00Z,0.992,0.002,-1.381,0,-0.593,-0.978
2022-10-13T15:45:00Z,0.992,0.002,-1.431,0,-0.594,-1.031
2022-10-13T16:00:00Z,0.857,-0.196,-1.206,0,-0.786,-1.331
2022-10-13T16:15:00Z,0.857,-0.196,-1.069,0,-0.787,-1.195
2022-10-13T16:30:00Z,0.857,-0.196,-1.229,0,-0.786,-1.354
2022-10-13T16:45:00Z,0.857,-0.196,-1.334,0,-0.433,-1.105
2022-10-13T17:00:00Z,0.578,0.241,-2.483,0,0.326,-1.338
2022-10-13T17:15:00Z,0.578,0.241,-2.392,0,0.326,-1.247
2022-10-13T17:30:00Z,0.578,0.241,-2.34,0,0.325,-1.195
2022-10-13T17:45:00Z,0.578,0.241,-2.298,0,0.326,-1.153
2022-10-13T18:00:00Z,-0.194,-0.349,-1.486,0,0.307,-1.721
2022-10-13T18:15:00Z,-0.194,-0.349,-1.493,0,0.307,-1.729
2022-10-13T18:30:00Z,-0.194,-0.349,-1.673,0,0.307,-1.909
2022-10-13T18:45:00Z,-0.194,-0.349,-1.693,0,0.373,-1.863
2022-10-13T19:00:00Z,-0.471,-0.662,-1.392,0,0.501,-2.024
2022-10-13T19:15:00Z,-0.471,-0.662,-1.474,0,0.501,-2.107
2022-10-13T19:30:00Z,-0.471,-0.662,-1.516,0,0.501,-2.148
2022-10-13T19:45:00Z,-0.471,-0.662,-1.398,0,0.5,-2.031
2022-10-13T20:00:00Z,-0.321,-0.671,-1.408,0,0.419,-1.981
2022-10-13T20:15:00Z,-0.321,-0.671,-1.452,0,0.42,-2.023
2022-10-13T20:30:00Z,-0.321,-0.671,-1.477,0,0.42,-2.049
2022-10-13T20:45:00Z,-0.321,-0.671,-1.325,0,0.463,-1.854
2022-10-13T21:00:00Z,0.054,-0.663,-1.091,0,0.548,-1.152
2022-10-13T21:15:00Z,0.054,-0.663,-1.029,0,0.549,-1.089
2022-10-13T21:30:00Z,0.054,-0.663,-0.873,0,0.549,-0.933
2022-10-13T21:45:00Z,0.054,-0.663,-0.869,0,0.725,-0.753
2022-10-13T22:00:00Z,-0.209,0.005,-1.418,0,1.029,-0.592
2022-10-13T22:15:00Z,-0.209,0.005,-1.646,0,1.028,-0.822
2022-10-13T22:30:00Z,-0.209,0.005,-1.804,0,1.028,-0.98
2022-10-13T22:45:00Z,-0.209,0.005,-1.76,0,1.028,-0.936
2022-10-13T23:00:00Z,-0.014,-0.051,-1.735,0,1.027,-0.772
2022-10-13T23:15:00Z,-0.014,-0.051,-1.939,0,1.028,-0.976
2022-10-13T23:30:00Z,-0.014,-0.051,-2.035,0,1.028,-1.071
2022-10-13T23:45:00Z,-0.014,-0.051,-2.038,0,1.028,-1.075
2022-10-14T00:00:00Z,0.165,-0.092,-1.86,0,1.028,-0.759
2022-10-14T00:15:00Z,0.165,-0.092,-2.066,0,1.028,-0.965
2022-10-14T00:30:00Z,0.165,-0.092,-2.109,0,1.027,-1.009
2022-10-14T00:45:00Z,0.165,-0.092,-2.162,0,1.028,-1.062
2022-10-14T01:00:00Z,0.503,-0.284,-2.114,0,1.028,-0.868
2022-10-14T01:15:00Z,0.503,-0.284,-2.111,0,1.028,-0.864
2022-10-14T01:30:00Z,0.503,-0.284,-2.202,0,1.028,-0.955
2022-10-14T01:45:00Z,0.503,-0.284,-2.235,0,1.028,-0.988
2022-10-14T02:00:00Z,0.518,-0.381,-2.242,0,1.029,-1.077
2022-10-14T02:15:00Z,0.518,-0.381,-2.366,0,1.028,-1.201
2022-10-14T02:30:00Z,0.518,-0.381,-2.593,0,1.028,-1.429
2022-10-14T02:45:00Z,0.518,-0.381,-2.488,0,1.028,-1.324
2022-10-14T03:00:00Z,0.348,-0.444,-2.879,0,1.027,-1.949
2022-10-14T03:15:00Z,0.348,-0.444,-2.984,0,1.028,-2.053
2022-10-14T03:30:00Z,0.348,-0.444,-3.162,0,1.028,-2.231
2022-10-14T03:45:00Z,0.348,-0.444,-3.317,0,1.028,-2.386
2022-10-14T04:00:00Z,0.284,-0.699,-3.151,0,1.028,-2.537
2022-10-14T04:15:00Z,0.284,-0.699,-3.228,0,1.028,-2.614
2022-10-14T04:30:00Z,0.284,-0.699,-3.274,0,1.028,-2.661
2022-10-14T04:45:00Z,0.284,-0.699,-3.166,0,1.028,-2.553
2022-10-14T05:00:00Z,0.16,-0.699,-2.812,0,1.028,-2.323
2022-10-14T05:15:00Z,0.16,-0.699,-2.621,0,1.028,-2.132
2022-10-14T05:30:00Z,0.16,-0.699,-2.363,0,1.027,-1.874
2022-10-14T05:45:00Z,0.16,-0.699,-2.1,0,0.495,-2.144
2022-10-14T06:00:00Z,0.967,-0.671,-1.59,0,-0.33,-1.625
2022-10-14T06:15:00Z,0.967,-0.671,-1.444,0,-0.33,-1.478
2022-10-14T06:30:00Z,0.967,-0.671,-1.314,0,-0.33,-1.348
2022-10-14T06:45:00Z,0.967,-0.671,-1.303,0,-0.158,-1.165
2022-10-14T07:00:00Z,0.799,-0.061,-1.903,0,0.157,-1.008
2022-10-14T07:15:00Z,0.799,-0.061,-1.911,0,0.157,-1.016
2022-10-14T07:30:00Z,0.799,-0.061,-1.843,0,0.157,-0.948
2022-10-14T07:45:00Z,0.799,-0.061,-1.878,0,0.191,-0.949
2022-10-14T08:00:00Z,-0.218,-0.075,-1.809,0,0.346,-1.756
2022-10-14T08:15:00Z,-0.218,-0.075,-1.778,0,0.346,-1.726
2022-10-14T08:30:00Z,-0.218,-0.075,-1.64,0,0.346,-1.587
2022-10-14T08:45:00Z,-0.218,-0.075,-1.523,0,0.23,-1.585
2022-10-14T09:00:00Z,0.011,-0.669,-0.387,0,-0.368,-1.413
2022-10-14T09:15:00Z,0.011,-0.669,-0.196,0,-0.368,-1.222
2022-10-14T09:30:00Z,0.011,-0.669,-0.187,0,-0.367,-1.213
2022-10-14T09:45:00Z,0.011,-0.669,-0.186,0,-0.368,-1.213
2022-10-14T10:00:00Z,-0.054,-0.212,-0.691,0,-0.41,-1.367
2022-10-14T10:15:00Z,-0.054,-0.212,-0.898,0,-0.41,-1.574
2022-10-14T10:30:00Z,-0.054,-0.212,-0.844,0,-0.41,-1.52
2022-10-14T10:45:00Z,-0.054,-0.212,-0.82,0,-0.274,-1.36
2022-10-14T11:00:00Z,-0.112,-0.2,-1.169,0,0.154,-1.326
2022-10-14T11:15:00Z,-0.112,-0.2,-1.367,0,0.154,-1.525
2022-10-14T11:30:00Z,-0.112,-0.2,-1.413,0,0.154,-1.57
2022-10-14T11:45:00Z,-0.112,-0.2,-1.506,0,0.253,-1.564
2022-10-14T12:00:00Z,-0.03,-0.106,-1.919,0,0.449,-1.606
2022-10-14T12:15:00Z,-0.03,-0.106,-1.974,0,0.449,-1.661
2022-10-14T12:30:00Z,-0.03,-0.106,-2.067,0,0.448,-1.754
2022-10-14T12:45:00Z,-0.03,-0.106,-2.031,0,0.514,-1.653
2022-10-14T13:00:00Z,-0.219,-0.53,-1.737,0,0.647,-1.838
2022-10-14T13:15:00Z,-0.219,-0.53,-1.904,0,0.647,-2.005
2022-10-14T13:30:00Z,-0.219,-0.53,-2.034,0,0.646,-2.137
2022-10-14T13:45:00Z,-0.219,-0.53,-2.145,0,0.645,-2.249
2022-10-14T14:00:00Z,0.436,-0.395,-2.681,0,0.541,-2.098
2022-10-14T14:15:00Z,0.436,-0.395,-2.726,0,0.542,-2.144
2022-10-14T14:30:00Z,0.436,-0.395,-2.654,0,0.542,-2.072
2022-10-14T14:45:00Z,0.436,-0.395,-2.431,0,0.345,-2.046
2022-10-14T15:00:00Z,0.8,-0.118,-1.956,0,-0.461,-1.735
2022-10-14T15:15:00Z,0.8,-0.118,-1.931,0,-0.462,-1.71
2022-10-14T15:30:00Z,0.8,-0.118,-1.942,0,-0.461,-1.722
2022-10-14T15:45:00Z,0.8,-0.118,-1.723,0,-0.442,-1.483
2022-10-14T16:00:00Z,0.119,-0.153,-1.602,0,-0.404,-2.04
2022-10-14T16:15:00Z,0.119,-0.153,-1.516,0,-0.404,-1.954
2022-10-14T16:30:00Z,0.119,-0.153,-1.519,0,-0.404,-1.957
2022-10-14T16:45:00Z,0.119,-0.153,-1.481,0,-0.404,-1.919
2022-10-14T17:00:00Z,0.283,-0.446,-1.677,0,-0.424,-2.264
2022-10-14T17:15:00Z,0.283,-0.446,-1.523,0,-0.423,-2.109
2022-10-14T17:30:00Z,0.283,-0.446,-1.595,0,-0.425,-2.182
2022-10-14T17:45:00Z,0.283,-0.446,-1.562,0,-0.425,-2.15
2022-10-14T18:00:00Z,-0.589,0.085,-1.277,0,-0.626,-2.407
2022-10-14T18:15:00Z,-0.589,0.085,-1.383,0,-0.626,-2.512
2022-10-14T18:30:00Z,-0.589,0.085,-1.426,0,-0.625,-2.555
2022-10-14T18:45:00Z,-0.589,0.085,-1.358,0,-0.628,-2.49
2022-10-14T19:00:00Z,0.263,0.02,-1.037,0,-0.744,-1.497
2022-10-14T19:15:00Z,0.263,0.02,-1.002,0,-0.743,-1.462
2022-10-14T19:30:00Z,0.263,0.02,-0.943,0,-0.744,-1.403
2022-10-14T19:45:00Z,0.263,0.02,-0.825,0,-0.647,-1.189
2022-10-14T20:00:00Z,0.314,0.557,-1.241,0,-0.176,-0.546
2022-10-14T20:15:00Z,0.314,0.557,-0.845,0,-0.177,-0.151
2022-10-14T20:30:00Z,0.314,0.557,-0.47,0,-0.177,0.223
2022-10-14T20:45:00Z,0.314,0.557,-0.222,0,-0.119,0.53
2022-10-14T21:00:00Z,0.368,0.221,-0.413,0,0.597,0.774
2022-10-14T21:15:00Z,0.368,0.221,-0.395,0,0.646,0.84
2022-10-14T21:30:00Z,0.368,0.221,-0.415,0,0.646,0.82
2022-10-14T21:45:00Z,0.368,0.221,-0.581,0,0.38,0.388
2022-10-14T22:00:00Z,0.054,0.271,-0.031,0,-0.001,0.293
2022-10-14T22:15:00Z,0.054,0.271,-0.114,0,-0.001,0.211
2022-10-14T22:30:00Z,0.054,0.271,-0.157,0,-0.001,0.168
2022-10-14T22:45:00Z,0.054,0.271,-0.204,0,-0,0.121
2022-10-14T23:00:00Z,0.464,0.234,-0.242,0,-0.001,0.454
2022-10-14T23:15:00Z,0.464,0.234,-0.226,0,-0.001,0.47
2022-10-14T23:30:00Z,0.464,0.234,-0.254,0,-0.001,0.443
2022-10-14T23:45:00Z,0.464,0.234,-0.1,0,-0.001,0.596
2022-10-15T00:00:00Z,1.087,0.275,0.057,0,-0.185,1.234
2022-10-15T00:15:00Z,1.087,0.275,0.001,0,-0.186,1.177
2022-10-15T00:30:00Z,1.087,0.275,-0.036,0,-0.185,1.14
2022-10-15T00:45:00Z,1.087,0.275,-0.069,0,-0.124,1.168
2022-10-15T01:00:00Z,1.442,0.148,-0.037,0,0.101,1.654
2022-10-15T01:15:00Z,1.442,0.148,-0.238,0,0.101,1.453
2022-10-15T01:30:00Z,1.442,0.148,-0.304,0,0.101,1.387
2022-10-15T01:45:00Z,1.442,0.148,-0.289,0,0.102,1.402
2022-10-15T02:00:00Z,1.687,-0.1,-0.382,0,0.506,1.711
2022-10-15T02:15:00Z,1.687,-0.1,-0.465,0,0.504,1.627
2022-10-15T02:30:00Z,1.687,-0.1,-0.521,0,0.506,1.571
2022-10-15T02:45:00Z,1.687,-0.1,-0.619,0,0.626,1.595
2022-10-15T03:00:00Z,1.948,-0.076,-1.381,0,0.863,1.354
2022-10-15T03:15:00Z,1.948,-0.076,-1.503,0,0.862,1.231
2022-10-15T03:30:00Z,1.948,-0.076,-1.546,0,0.863,1.189
2022-10-15T03:45:00Z,1.948,-0.076,-1.554,0,0.861,1.179
2022-10-15T04:00:00Z,2.248,-0.071,-1.756,0,0.77,1.191
2022-10-15T04:15:00Z,2.248,-0.071,-1.853,0,0.77,1.093
2022-10-15T04:30:00Z,2.248,-0.071,-1.976,0,0.771,0.971
2022-10-15T04:45:00Z,2.248,-0.071,-2.044,0,0.845,0.979
2022-10-15T05:00:00Z,2.587,0.557,-3.36,0,0.994,0.779
2022-10-15T05:15:00Z,2.587,0.557,-3.509,0,0.995,0.63
2022-10-15T05:30:00Z,2.587,0.557,-3.575,0,0.994,0.563
2022-10-15T05:45:00Z,2.587,0.557,-3.455,0,0.984,0.673
2022-10-15T06:00:00Z,2.377,0.63,-3.262,0,0.931,0.676
2022-10-15T06:15:00Z,2.377,0.63,-3.406,0,0.931,0.531
2022-10-15T06:30:00Z,2.377,0.63,-3.449,0,0.931,0.488
2022-10-15T06:45:00Z,2.377,0.63,-3.476,0,0.93,0.461
2022-10-15T07:00:00Z,2.029,-0.058,-2.581,0,0.751,0.14
2022-10-15T07:15:00Z,2.029,-0.058,-2.575,0,0.751,0.147
2022-10-15T07:30:00Z,2.029,-0.058,-2.69,0,0.752,0.032
2022-10-15T07:45:00Z,2.029,-0.058,-2.65,0,0.751,0.072
2022-10-15T08:00:00Z,1.568,-0.556,-2.345,0,0.882,-0.452
2022-10-15T08:15:00Z,1.568,-0.556,-2.35,0,0.882,-0.457
2022-10-15T08:30:00Z,1.568,-0.556,-2.394,0,0.882,-0.501
2022-10-15T08:45:00Z,1.568,-0.556,-2.356,0,0.886,-0.459
2022-10-15T09:00:00Z,1.38,-0.698,-1.977,0,0.896,-0.399
2022-10-15T09:15:00Z,1.38,-0.698,-2.014,0,0.896,-0.435
2022-10-15T09:30:00Z,1.38,-0.698,-1.775,0,0.896,-0.197
2022-10-15T09:45:00Z,1.38,-0.698,-1.709,0,0.866,-0.159
2022-10-15T10:00:00Z,0.925,-0.654,-0.958,0,0.731,0.044
2022-10-15T10:15:00Z,0.925,-0.654,-0.623,0,0.731,0.378
2022-10-15T10:30:00Z,0.925,-0.654,-0.349,0,0.731,0.652
2022-10-15T10:45:00Z,0.925,-0.654,-0.344,0,0.645,0.571
2022-10-15T11:00:00Z,1.13,0,-0.75,0,0.221,0.601
2022-10-15T11:15:00Z,1.13,0,-0.742,0,0.221,0.61
2022-10-15T11:30:00Z,1.13,0,-0.562,0,0.221,0.789
2022-10-15T11:45:00Z,1.13,0,-0.67,0,0.244,0.704
2022-10-15T12:00:00Z,1.262,-0.019,-0.474,0,0.287,1.057
2022-10-15T12:15:00Z,1.262,-0.019,-0.48,0,0.287,1.051
2022-10-15T12:30:00Z,1.262,-0.019,-0.67,0,0.287,0.86
2022-10-15T12:45:00Z,1.262,-0.019,-0.729,0,0.376,0.891
2022-10-15T13:00:00Z,0.471,-0.613,-0.363,0,0.827,0.322
2022-10-15T13:15:00Z,0.471,-0.613,-0.144,0,0.827,0.541
2022-10-15T13:30:00Z,0.471,-0.613,-0.08,0,0.827,0.605
2022-10-15T13:45:00Z,0.471,-0.613,-0.177,0,0.83,0.511
2022-10-15T14:00:00Z,0.295,-0.548,-0.546,0,0.836,0.038
2022-10-15T14:15:00Z,0.295,-0.548,-0.702,0,0.836,-0.118
2022-10-15T14:30:00Z,0.295,-0.548,-0.866,0,0.836,-0.283
2022-10-15T14:45:00Z,0.295,-0.548,-1.099,0,0.856,-0.495
2022-10-15T15:00:00Z,-0.175,0.124,-1.828,0,0.897,-0.982
2022-10-15T15:15:00Z,-0.175,0.124,-1.701,0,0.897,-0.856
2022-10-15T15:30:00Z,-0.175,0.124,-1.539,0,0.897,-0.694
2022-10-15T15:45:00Z,-0.175,0.124,-1.239,0,0.897,-0.394
2022-10-15T16:00:00Z,0.465,0.638,-2.013,0,0.75,-0.16
2022-10-15T16:15:00Z,0.465,0.638,-2.216,0,0.75,-0.364
2022-10-15T16:30:00Z,0.465,0.638,-2.311,0,0.75,-0.458
2022-10-15T16:45:00Z,0.465,0.638,-2.029,0,0.414,-0.513
2022-10-15T17:00:00Z,0.661,0.699,-1.297,0,-0.582,-0.52
2022-10-15T17:15:00Z,0.661,0.699,-1.091,0,-0.618,-0.35
2022-10-15T17:30:00Z,0.661,0.699,-1.177,0,-0.618,-0.436
2022-10-15T17:45:00Z,0.661,0.699,-1.192,0,-0.619,-0.452
2022-10-15T18:00:00Z,0.387,0.7,-0.805,0,-0.684,-0.402
2022-10-15T18:15:00Z,0.387,0.7,-0.745,0,-0.685,-0.343
2022-10-15T18:30:00Z,0.387,0.7,-0.814,0,-0.684,-0.412
2022-10-15T18:45:00Z,0.387,0.7,-0.783,0,-0.658,-0.354
2022-10-15T19:00:00Z,-0.562,0.7,-0.168,0,-0.536,-0.566
2022-10-15T19:15:00Z,-0.562,0.7,-0.269,0,-0.536,-0.667
2022-10-15T19:30:00Z,-0.562,0.7,-0.273,0,-0.536,-0.67
2022-10-15T19:45:00Z,-0.562,0.7,-0.325,0,-0.586,-0.772
2022-10-15T20:00:00Z,-0.487,0.7,-0.328,0,-0.83,-0.946
2022-10-15T20:15:00Z,-0.487,0.7,-0.187,0,-0.83,-0.805
2022-10-15T20:30:00Z,-0.487,0.7,-0.027,0,-0.83,-0.644
2022-10-15T20:45:00Z,-0.487,0.7,0.035,0,-0.819,-0.572
2022-10-15T21:00:00Z,-0.945,0.699,0.325,0,-0.769,-0.69
2022-10-15T21:15:00Z,-0.945,0.699,0.41,0,-0.769,-0.605
2022-10-15T21:30:00Z,-0.945,0.699,0.452,0,-0.77,-0.563
2022-10-15T21:45:00Z,-0.945,0.699,0.378,0,-0.692,-0.56
2022-10-15T22:00:00Z,-0.666,0.671,-0.27,0,-0.31,-0.574
2022-10-15T22:15:00Z,-0.666,0.671,-0.376,0,-0.31,-0.681
2022-10-15T22:30:00Z,-0.666,0.671,-0.347,0,-0.309,-0.651
2022-10-15T22:45:00Z,-0.666,0.671,-0.451,0,-0.206,-0.652
2022-10-15T23:00:00Z,-0.786,0.261,-0.675,0,0.41,-0.791
2022-10-15T23:15:00Z,-0.786,0.261,-0.731,0,0.409,-0.847
2022-10-15T23:30:00Z,-0.786,0.261,-0.691,0,0.41,-0.807
2022-10-15T23:45:00Z,-0.786,0.261,-0.742,0,0.386,-0.882
2022-10-16T00:00:00Z,-1.135,0.307,-0.465,0,0.277,-1.016
2022-10-16T00:15:00Z,-1.135,0.307,-0.504,0,0.276,-1.056
2022-10-16T00:30:00Z,-1.135,0.307,-0.425,0,0.277,-0.976
2022-10-16T00:45:00Z,-1.135,0.307,-0.489,0,0.352,-0.965
2022-10-16T01:00:00Z,-0.847,-0.387,-0.445,0,0.721,-0.958
2022-10-16T01:15:00Z,-0.847,-0.387,-0.431,0,0.72,-0.945
2022-10-16T01:30:00Z,-0.847,-0.387,-0.461,0,0.721,-0.974
2022-10-16T01:45:00Z,-0.847,-0.387,-0.421,0,0.74,-0.915
2022-10-16T02:00:00Z,-0.938,-0.698,-0.166,0,0.832,-0.97
2022-10-16T02:15:00Z,-0.938,-0.698,-0.182,0,0.832,-0.986
2022-10-16T02:30:00Z,-0.938,-0.698,-0.03,0,0.832,-0.834
2022-10-16T02:45:00Z,-0.938,-0.698,0.064,0,0.826,-0.746
2022-10-16T03:00:00Z,-0.996,-0.669,0.128,0,0.801,-0.736
2022-10-16T03:15:00Z,-0.996,-0.669,0.179,0,0.801,-0.685
2022-10-16T03:30:00Z,-0.996,-0.669,0.247,0,0.801,-0.616
2022-10-16T03:45:00Z,-0.996,-0.669,0.146,0,0.764,-0.755
2022-10-16T04:00:00Z,-1.124,0.016,-0.155,0,0.58,-0.683
2022-10-16T04:15:00Z,-1.124,0.016,-0.146,0,0.581,-0.673
2022-10-16T04:30:00Z,-1.124,0.016,-0.039,0,0.581,-0.566
2022-10-16T04:45:00Z,-1.124,0.016,-0.002,0,0.56,-0.551
2022-10-16T05:00:00Z,-0.948,0.682,-0.295,0,0.455,-0.107
2022-10-16T05:15:00Z,-0.948,0.682,-0.137,0,0.454,0.05
2022-10-16T05:30:00Z,-0.948,0.682,-0.121,0,0.454,0.067
2022-10-16T05:45:00Z,-0.948,0.682,-0.048,0,0.454,0.139
2022-10-16T06:00:00Z,-1.66,0.7,0.489,0,0.225,-0.245
2022-10-16T06:15:00Z,-1.66,0.7,0.499,0,0.226,-0.235
2022-10-16T06:30:00Z,-1.66,0.7,0.619,0,0.226,-0.115
2022-10-16T06:45:00Z,-1.66,0.7,0.471,0,0.15,-0.339
2022-10-16T07:00:00Z,-1.393,0.7,0.451,0,-0.42,-0.663
2022-10-16T07:15:00Z,-1.393,0.7,0.271,0,-0.42,-0.843
2022-10-16T07:30:00Z,-1.393,0.7,0.139,0,-0.42,-0.975
2022-10-16T07:45:00Z,-1.393,0.7,0.016,0,-0.482,-1.16
2022-10-16T08:00:00Z,-1.823,0.694,0.076,0,-0.792,-1.846
2022-10-16T08:15:00Z,-1.823,0.694,0.085,0,-0.793,-1.837
2022-10-16T08:30:00Z,-1.823,0.694,0.018,0,-0.793,-1.904
2022-10-16T08:45:00Z,-1.823,0.694,-0.04,0,-0.882,-2.051
2022-10-16T09:00:00Z,-1.94,0.415,-0.255,0,-1.059,-2.839
2022-10-16T09:15:00Z,-1.94,0.415,-0.472,0,-1.059,-3.055
2022-10-16T09:30:00Z,-1.94,0.415,-0.508,0,-1.059,-3.092
2022-10-16T09:45:00Z,-1.94,0.415,-0.59,0,-1.058,-3.173
2022-10-16T10:00:00Z,-1.895,-0.268,-0.3,0,-1.059,-3.522
2022-10-16T10:15:00Z,-1.895,-0.268,-0.163,0,-1.059,-3.386
2022-10-16T10:30:00Z,-1.895,-0.268,-0.388,0,-1.059,-3.61
2022-10-16T10:45:00Z,-1.895,-0.268,-0.36,0,-1.059,-3.583
2022-10-16T11:00:00Z,-1.509,-0.115,-0.394,0,-1.059,-3.077
2022-10-16T11:15:00Z,-1.509,-0.115,-0.513,0,-1.059,-3.196
2022-10-16T11:30:00Z,-1.509,-0.115,-0.441,0,-1.06,-3.125
2022-10-16T11:45:00Z,-1.509,-0.115,-0.264,0,-1.059,-2.947
2022-10-16T12:00:00Z,-1.297,0.536,-0.253,0,-1.059,-2.073
2022-10-16T12:15:00Z,-1.297,0.536,-0.181,0,-1.06,-2.002
2022-10-16T12:30:00Z,-1.297,0.536,-0.067,0,-1.059,-1.888
2022-10-16T12:45:00Z,-1.297,0.536,0.132,0,-1.059,-1.689
2022-10-16T13:00:00Z,-0.714,0.696,0.061,0,-1.039,-0.996
2022-10-16T13:15:00Z,-0.714,0.696,0.116,0,-1.04,-0.942
2022-10-16T13:30:00Z,-0.714,0.696,0.206,0,-1.039,-0.851
2022-10-16T13:45:00Z,-0.714,0.696,0.225,0,-1.037,-0.831
2022-10-16T14:00:00Z,0.005,0.7,-0.058,0,-0.666,-0.019
2022-10-16T14:15:00Z,0.005,0.7,0.135,0,-0.665,0.175
2022-10-16T14:30:00Z,0.005,0.7,0.306,0,-0.665,0.346
2022-10-16T14:45:00Z,0.005,0.7,-0.074,0,-0.392,0.239
2022-10-16T15:00:00Z,0.759,0.7,-0.928,0,-0,0.531
2022-10-16T15:15:00Z,0.759,0.7,-1.198,0,-0.001,0.261
2022-10-16T15:30:00Z,0.759,0.7,-1.181,0,-0,0.278
2022-10-16T15:45:00Z,0.759,0.7,-1.179,0,-0.001,0.28
2022-10-16T16:00:00Z,1.092,0.7,-1.868,0,0.101,0.026
2022-10-16T16:15:00Z,1.092,0.7,-1.913,0,0.101,-0.02
2022-10-16T16:30:00Z,1.092,0.7,-1.933,0,0.102,-0.04
2022-10-16T16:45:00Z,1.092,0.7,-1.951,0,0.067,-0.092
2022-10-16T17:00:00Z,1.047,0.698,-1.996,0,-0.001,-0.252
2022-10-16T17:15:00Z,1.047,0.698,-1.999,0,-0.001,-0.255
2022-10-16T17:30:00Z,1.047,0.698,-2.007,0,-0.001,-0.263
2022-10-16T17:45:00Z,1.047,0.698,-1.978,0,0,-0.232
2022-10-16T18:00:00Z,1.115,0.594,-1.907,0,-0,-0.198
2022-10-16T18:15:00Z,1.115,0.594,-1.918,0,-0.001,-0.209
2022-10-16T18:30:00Z,1.115,0.594,-2.026,0,-0,-0.317
2022-10-16T18:45:00Z,1.115,0.594,-2.185,0,-0,-0.476
2022-10-16T19:00:00Z,1.207,-0.036,-2.164,0,0.571,-0.423
2022-10-16T19:15:00Z,1.207,-0.036,-2.492,0,0.608,-0.713
2022-10-16T19:30:00Z,1.207,-0.036,-2.761,0,0.609,-0.982
2022-10-16T19:45:00Z,1.207,-0.036,-2.728,0,0.673,-0.884
2022-10-16T20:00:00Z,1.352,0.127,-2.607,0,0.804,-0.324
2022-10-16T20:15:00Z,1.352,0.127,-2.351,0,0.803,-0.068
2022-10-16T20:30:00Z,1.352,0.127,-2.273,0,0.804,0.01
2022-10-16T20:45:00Z,1.352,0.127,-2.173,0,0.812,0.118
2022-10-16T21:00:00Z,1.581,0.028,-2.49,0,0.83,-0.051
2022-10-16T21:15:00Z,1.581,0.028,-2.484,0,0.83,-0.044
2022-10-16T21:30:00Z,1.581,0.028,-2.319,0,0.83,0.12
2022-10-16T21:45:00Z,1.581,0.028,-2.439,0,0.766,-0.063
2022-10-16T22:00:00Z,1.71,0.17,-1.855,0,0.459,0.484
2022-10-16T22:15:00Z,1.71,0.17,-1.734,0,0.459,0.605
2022-10-16T22:30:00Z,1.71,0.17,-1.624,0,0.459,0.715
2022-10-16T22:45:00Z,1.71,0.17,-1.641,0,0.473,0.713
2022-10-16T23:00:00Z,1.37,-0.085,-0.968,0,0.539,0.855
2022-10-16T23:15:00Z,1.37,-0.085,-0.871,0,0.54,0.953
2022-10-16T23:30:00Z,1.37,-0.085,-0.934,0,0.54,0.89
2022-10-16T23:45:00Z,1.37,-0.085,-0.961,0,0.539,0.862
2022-10-17T00:00:00Z,1.174,-0.188,-0.693,0,0.403,0.696
2022-10-17T00:15:00Z,1.174,-0.188,-1.008,0,0.404,0.382
2022-10-17T00:30:00Z,1.174,-0.188,-0.889,0,0.404,0.501
2022-10-17T00:45:00Z,1.174,-0.188,-0.889,0,0.44,0.537
2022-10-17T01:00:00Z,0.954,-0.191,-0.963,0,0.617,0.417
2022-10-17T01:15:00Z,0.954,-0.191,-0.956,0,0.618,0.425
2022-10-17T01:30:00Z,0.954,-0.191,-0.892,0,0.618,0.489
2022-10-17T01:45:00Z,0.954,-0.191,-0.746,0,0.639,0.656
2022-10-17T02:00:00Z,0.526,-0.665,-0.354,0,0.733,0.24
2022-10-17T02:15:00Z,0.526,-0.665,-0.355,0,0.733,0.239
2022-10-17T02:30:00Z,0.526,-0.665,-0.454,0,0.733,0.14
2022-10-17T02:45:00Z,0.526,-0.665,-0.448,0,0.673,0.086
2022-10-17T03:00:00Z,0.784,-0.309,-0.911,0,0.375,-0.061
2022-10-17T03:15:00Z,0.784,-0.309,-0.685,0,0.375,0.165
2022-10-17T03:30:00Z,0.784,-0.309,-0.945,0,0.375,-0.096
2022-10-17T03:45:00Z,0.784,-0.309,-0.76,0,0.452,0.167
2022-10-17T04:00:00Z,0.76,-0.521,-0.912,0,0.602,-0.071
2022-10-17T04:15:00Z,0.76,-0.521,-1.062,0,0.601,-0.222
2022-10-17T04:30:00Z,0.76,-0.521,-1.08,0,0.602,-0.239
2022-10-17T04:45:00Z,0.76,-0.521,-1.135,0,0.602,-0.294
2022-10-17T05:00:00Z,0.766,-0.347,-0.854,0,0.403,-0.033
2022-10-17T05:15:00Z,0.766,-0.347,-0.796,0,0.401,0.023
2022-10-17T05:30:00Z,0.766,-0.347,-0.637,0,0.403,0.184
2022-10-17T05:45:00Z,0.766,-0.347,-0.599,0,0.451,0.27
2022-10-17T06:00:00Z,-0.272,0.265,-0.321,0.013,0.547,0.234
2022-10-17T06:15:00Z,-0.272,0.265,-0.3,0.013,0.548,0.255
2022-10-17T06:30:00Z,-0.272,0.265,0.026,0.013,0.547,0.58
2022-10-17T06:45:00Z,-0.272,0.265,0.147,0.013,0.546,0.699
2022-10-17T07:00:00Z,0.022,0.688,-0.282,0.325,0.385,1.138
2022-10-17T07:15:00Z,0.022,0.688,-0.403,0.325,0.385,1.017
2022-10-17T07:30:00Z,0.022,0.688,-0.191,0.325,0.385,1.23
2022-10-17T07:45:00Z,0.022,0.688,-0.103,0.325,0.386,1.317
2022-10-17T08:00:00Z,0.25,0.668,-0.278,0.616,0.376,1.633
2022-10-17T08:15:00Z,0.25,0.668,-0.38,0.616,0.376,1.53
2022-10-17T08:30:00Z,0.25,0.668,-0.355,0.616,0.376,1.556
2022-10-17T08:45:00Z,0.25,0.668,-0.023,0.616,0.377,1.888
2022-10-17T09:00:00Z,-0.045,0.699,0.26,0.62,0.367,1.901
2022-10-17T09:15:00Z,-0.045,0.699,0.225,0.62,0.366,1.865
2022-10-17T09:30:00Z,-0.045,0.699,0.333,0.62,0.366,1.973
2022-10-17T09:45:00Z,-0.045,0.699,0.095,0.62,0.385,1.755
2022-10-17T10:00:00Z,0.287,0.7,0.222,0.62,0.423,2.253
2022-10-17T10:15:00Z,0.287,0.7,0.065,0.62,0.423,2.096
2022-10-17T10:30:00Z,0.287,0.7,0.171,0.62,0.423,2.201
2022-10-17T10:45:00Z,0.287,0.7,0.162,0.62,0.427,2.197
2022-10-17T11:00:00Z,-0.054,0.7,0.612,0.62,0.436,2.314
2022-10-17T11:15:00Z,-0.054,0.7,0.664,0.62,0.435,2.365
2022-10-17T11:30:00Z,-0.054,0.7,0.454,0.62,0.435,2.155
2022-10-17T11:45:00Z,-0.054,0.7,0.37,0.62,0.434,2.07
2022-10-17T12:00:00Z,-0.031,0.7,0.542,0.62,0.297,2.129
2022-10-17T12:15:00Z,-0.031,0.7,0.563,0.62,0.297,2.15
2022-10-17T12:30:00Z,-0.031,0.7,0.484,0.62,0.298,2.071
2022-10-17T12:45:00Z,-0.031,0.7,0.313,0.62,0.297,1.9
2022-10-17T13:00:00Z,-0.096,0.693,-0.08,0.62,0.262,1.4
2022-10-17T13:15:00Z,-0.096,0.693,-0.446,0.62,0.262,1.033
2022-10-17T13:30:00Z,-0.096,0.693,-0.572,0.62,0.263,0.908
2022-10-17T13:45:00Z,-0.096,0.693,-0.359,0.62,0.174,1.033
2022-10-17T14:00:00Z,-1.021,0.432,-0.072,0.619,-0,-0.042
2022-10-17T14:15:00Z,-1.021,0.432,0.039,0.619,-0,0.069
2022-10-17T14:30:00Z,-1.021,0.432,0.064,0.619,-0,0.094
2022-10-17T14:45:00Z,-1.021,0.432,-0.216,0.619,-0.001,-0.186
2022-10-17T15:00:00Z,-0.506,0.5,-1.212,0.62,-0.351,-0.949
2022-10-17T15:15:00Z,-0.506,0.5,-1.477,0.62,-0.351,-1.214
2022-10-17T15:30:00Z,-0.506,0.5,-1.494,0.62,-0.351,-1.231
2022-10-17T15:45:00Z,-0.506,0.5,-1.488,0.62,-0.298,-1.172
2022-10-17T16:00:00Z,-1.486,0.693,-1.35,0.62,-0.192,-1.716
2022-10-17T16:15:00Z,-1.486,0.693,-1.409,0.62,-0.193,-1.774
2022-10-17T16:30:00Z,-1.486,0.693,-1.453,0.62,-0.192,-1.818
2022-10-17T16:45:00Z,-1.486,0.693,-1.427,0.62,-0.129,-1.729
2022-10-17T17:00:00Z,-2.126,0.644,-1.202,0.62,0,-2.065
2022-10-17T17:15:00Z,-2.126,0.644,-1.23,0.62,-0.001,-2.093
2022-10-17T17:30:00Z,-2.126,0.644,-1.3,0.62,-0.001,-2.163
2022-10-17T17:45:00Z,-2.126,0.644,-1.103,0.62,-0.001,-1.966
2022-10-17T18:00:00Z,-2.163,0.482,-1.063,0.6,0.22,-1.924
2022-10-17T18:15:00Z,-2.163,0.482,-1.178,0.6,0.22,-2.04
2022-10-17T18:30:00Z,-2.163,0.482,-1.109,0.6,0.22,-1.971
2022-10-17T18:45:00Z,-2.163,0.482,-1.03,0.6,0.219,-1.892
2022-10-17T19:00:00Z,-1.568,0.213,-1.123,0.469,0.158,-1.851
2022-10-17T19:15:00Z,-1.568,0.213,-1.132,0.469,0.158,-1.859
2022-10-17T19:30:00Z,-1.568,0.213,-1.069,0.469,0.159,-1.796
2022-10-17T19:45:00Z,-1.568,0.213,-1.151,0.469,0.264,-1.773
2022-10-17T20:00:00Z,-1.285,0.335,-1.564,0.286,0.472,-1.757
2022-10-17T20:15:00Z,-1.285,0.335,-1.576,0.286,0.471,-1.769
2022-10-17T20:30:00Z,-1.285,0.335,-1.544,0.286,0.471,-1.737
2022-10-17T20:45:00Z,-1.285,0.335,-1.424,0.286,0.575,-1.513
2022-10-17T21:00:00Z,-1.83,0.294,-0.73,0.308,0.782,-1.176
2022-10-17T21:15:00Z,-1.83,0.294,-0.579,0.308,0.782,-1.025
2022-10-17T21:30:00Z,-1.83,0.294,-0.435,0.308,0.781,-0.882
2022-10-17T21:45:00Z,-1.83,0.294,-0.411,0.308,0.865,-0.774
2022-10-17T22:00:00Z,-1.099,0.638,-1.828,0.604,1.028,-0.656
2022-10-17T22:15:00Z,-1.099,0.638,-2.208,0.604,1.029,-1.036
2022-10-17T22:30:00Z,-1.099,0.638,-2.293,0.604,1.028,-1.122
2022-10-17T22:45:00Z,-1.099,0.638,-2.354,0.604,1.027,-1.183
2022-10-17T23:00:00Z,-0.888,0.66,-2.528,0.62,1.028,-1.107
2022-10-17T23:15:00Z,-0.888,0.66,-2.504,0.62,1.027,-1.084
2022-10-17T23:30:00Z,-0.888,0.66,-2.554,0.62,1.028,-1.132
2022-10-17T23:45:00Z,-0.888,0.66,-2.73,0.62,1.028,-1.309
2022-10-18T00:00:00Z,-0.882,0.699,-2.623,0.62,1.028,-1.158
2022-10-18T00:15:00Z,-0.882,0.699,-2.665,0.62,1.029,-1.2
2022-10-18T00:30:00Z,-0.882,0.699,-2.701,0.62,1.028,-1.237
2022-10-18T00:45:00Z,-0.882,0.699,-2.707,0.62,1.029,-1.241
2022-10-18T01:00:00Z,-0.514,0.7,-3.012,0.621,1.029,-1.177
2022-10-18T01:15:00Z,-0.514,0.7,-3.035,0.621,1.028,-1.2
2022-10-18T01:30:00Z,-0.514,0.7,-3.052,0.621,1.028,-1.218
2022-10-18T01:45:00Z,-0.514,0.7,-3.17,0.621,1.028,-1.335
2022-10-18T02:00:00Z,-0.172,0.696,-3.235,0.618,1.028,-1.065
2022-10-18T02:15:00Z,-0.172,0.696,-3.283,0.618,1.028,-1.112
2022-10-18T02:30:00Z,-0.172,0.696,-3.361,0.618,1.029,-1.19
2022-10-18T02:45:00Z,-0.172,0.696,-3.445,0.618,1.027,-1.275
2022-10-18T03:00:00Z,0.28,0.544,-3.545,0.56,1.028,-1.133
2022-10-18T03:15:00Z,0.28,0.544,-3.754,0.56,1.028,-1.342
2022-10-18T03:30:00Z,0.28,0.544,-3.844,0.56,1.028,-1.432
2022-10-18T03:45:00Z,0.28,0.544,-3.672,0.56,0.498,-1.791
2022-10-18T04:00:00Z,0.289,0.642,-3.716,0.62,-0.136,-2.3
2022-10-18T04:15:00Z,0.289,0.642,-3.934,0.62,-0.136,-2.518
2022-10-18T04:30:00Z,0.289,0.642,-3.683,0.62,-0.135,-2.266
2022-10-18T04:45:00Z,0.289,0.642,-3.553,0.62,-0.138,-2.139
2022-10-18T05:00:00Z,0.063,0.617,-3.215,0.62,-0.33,-2.244
2022-10-18T05:15:00Z,0.063,0.617,-3.051,0.62,-0.33,-2.081
2022-10-18T05:30:00Z,0.063,0.617,-3.112,0.62,-0.329,-2.141
2022-10-18T05:45:00Z,0.063,0.617,-2.896,0.62,-0.282,-1.877
2022-10-18T06:00:00Z,-0.041,0.685,-2.99,0.617,-0.189,-1.918
2022-10-18T06:15:00Z,-0.041,0.685,-3.126,0.617,-0.19,-2.054
2022-10-18T06:30:00Z,-0.041,0.685,-2.887,0.617,-0.189,-1.815
2022-10-18T06:45:00Z,-0.041,0.685,-2.88,0.617,-0.193,-1.811
2022-10-18T07:00:00Z,-0.477,0.154,-2.088,0.543,-0.556,-2.423
2022-10-18T07:15:00Z,-0.477,0.154,-2.177,0.543,-0.557,-2.513
2022-10-18T07:30:00Z,-0.477,0.154,-2.297,0.543,-0.556,-2.633
2022-10-18T07:45:00Z,-0.477,0.154,-2.366,0.543,-0.554,-2.7
2022-10-18T08:00:00Z,-0.938,-0.241,-2.15,0.3,-0.388,-3.417
2022-10-18T08:15:00Z,-0.938,-0.241,-2.449,0.3,-0.387,-3.715
2022-10-18T08:30:00Z,-0.938,-0.241,-2.613,0.3,-0.387,-3.879
2022-10-18T08:45:00Z,-0.938,-0.241,-2.573,0.3,-0.355,-3.808
2022-10-18T09:00:00Z,-1.221,-0.69,-1.999,-0.013,-0.294,-4.217
2022-10-18T09:15:00Z,-1.221,-0.69,-2.101,-0.013,-0.294,-4.319
2022-10-18T09:30:00Z,-1.221,-0.69,-2.196,-0.013,-0.295,-4.415
2022-10-18T09:45:00Z,-1.221,-0.69,-2.002,-0.013,-0.248,-4.174
2022-10-18T10:00:00Z,-1.425,-0.477,-1.073,-0.308,-0.157,-3.439
2022-10-18T10:15:00Z,-1.425,-0.477,-1.094,-0.308,-0.156,-3.46
2022-10-18T10:30:00Z,-1.425,-0.477,-0.864,-0.308,-0.156,-3.231
2022-10-18T10:45:00Z,-1.425,-0.477,-0.867,-0.308,-0.159,-3.236
2022-10-18T11:00:00Z,-1.683,-0.143,-1.308,-0.079,-0.175,-3.389
2022-10-18T11:15:00Z,-1.683,-0.143,-1.405,-0.079,-0.177,-3.488
2022-10-18T11:30:00Z,-1.683,-0.143,-1.191,-0.079,-0.176,-3.273
2022-10-18T11:45:00Z,-1.683,-0.143,-1.108,-0.079,-0.159,-3.173
2022-10-18T12:00:00Z,-1.323,-0.375,-1.283,0.013,-0.126,-3.094
2022-10-18T12:15:00Z,-1.323,-0.375,-1.185,0.013,-0.126,-2.995
2022-10-18T12:30:00Z,-1.323,-0.375,-1.204,0.013,-0.127,-3.015
2022-10-18T12:45:00Z,-1.323,-0.375,-1.157,0.013,-0.084,-2.925
2022-10-18T13:00:00Z,-1.584,-0.131,-1.081,0.299,-0,-2.497
2022-10-18T13:15:00Z,-1.584,-0.131,-1.124,0.299,-0,-2.54
2022-10-18T13:30:00Z,-1.584,-0.131,-1.152,0.299,-0,-2.568
2022-10-18T13:45:00Z,-1.584,-0.131,-1.108,0.299,-0,-2.525
2022-10-18T14:00:00Z,-1.191,-0.669,-0.623,0.013,-0.001,-2.471
2022-10-18T14:15:00Z,-1.191,-0.669,-0.397,0.013,-0.001,-2.245
2022-10-18T14:30:00Z,-1.191,-0.669,-0.321,0.013,-0,-2.169
2022-10-18T14:45:00Z,-1.191,-0.669,-0.297,0.013,-0,-2.144
2022-10-18T15:00:00Z,-1.279,0.002,-1.187,0.328,-0.382,-2.518
2022-10-18T15:15:00Z,-1.279,0.002,-1.064,0.328,-0.381,-2.394
2022-10-18T15:30:00Z,-1.279,0.002,-1.057,0.328,-0.381,-2.387
2022-10-18T15:45:00Z,-1.279,0.002,-1.157,0.328,-0.35,-2.455
2022-10-18T16:00:00Z,-1.189,0.279,-1.475,0.62,-0.294,-2.059
2022-10-18T16:15:00Z,-1.189,0.279,-1.537,0.62,-0.296,-2.123
2022-10-18T16:30:00Z,-1.189,0.279,-1.678,0.62,-0.296,-2.263
2022-10-18T16:45:00Z,-1.189,0.279,-1.478,0.62,-0.295,-2.063
2022-10-18T17:00:00Z,-0.985,0.216,-1.499,0.617,-0.407,-2.058
2022-10-18T17:15:00Z,-0.985,0.216,-1.458,0.617,-0.407,-2.017
2022-10-18T17:30:00Z,-0.985,0.216,-1.517,0.617,-0.407,-2.077
2022-10-18T17:45:00Z,-0.985,0.216,-1.561,0.617,-0.369,-2.083
2022-10-18T18:00:00Z,-0.587,0.148,-1.97,0.513,-0.294,-2.19
2022-10-18T18:15:00Z,-0.587,0.148,-2.079,0.513,-0.294,-2.299
2022-10-18T18:30:00Z,-0.587,0.148,-2.087,0.513,-0.294,-2.308
2022-10-18T18:45:00Z,-0.587,0.148,-2.209,0.513,-0.196,-2.332
2022-10-18T19:00:00Z,-0.353,-0.418,-2.003,0.212,-0,-2.562
2022-10-18T19:15:00Z,-0.353,-0.418,-2.144,0.212,-0,-2.703
2022-10-18T19:30:00Z,-0.353,-0.418,-2.268,0.212,-0,-2.827
2022-10-18T19:45:00Z,-0.353,-0.418,-2.205,0.212,-0.001,-2.764
2022-10-18T20:00:00Z,-0.183,-0.68,-1.755,-0.094,0.504,-2.208
2022-10-18T20:15:00Z,-0.183,-0.68,-1.746,-0.094,0.51,-2.193
2022-10-18T20:30:00Z,-0.183,-0.68,-1.742,-0.094,0.51,-2.189
2022-10-18T20:45:00Z,-0.183,-0.68,-1.87,-0.094,0.616,-2.211
2022-10-18T21:00:00Z,0.292,-0.487,-2.472,-0.238,0.828,-2.077
2022-10-18T21:15:00Z,0.292,-0.487,-2.714,-0.238,0.829,-2.319
2022-10-18T21:30:00Z,0.292,-0.487,-2.898,-0.238,0.828,-2.503
2022-10-18T21:45:00Z,0.292,-0.487,-2.942,-0.238,0.896,-2.48
2022-10-18T22:00:00Z,1.191,-0.666,-2.566,-0.365,1.028,-1.379
2022-10-18T22:15:00Z,1.191,-0.666,-2.744,-0.365,1.028,-1.556
2022-10-18T22:30:00Z,1.191,-0.666,-2.83,-0.365,1.028,-1.642
2022-10-18T22:45:00Z,1.191,-0.666,-2.944,-0.365,1.028,-1.757
2022-10-18T23:00:00Z,1.552,-0.331,-2.79,-0.118,1.028,-0.659
2022-10-18T23:15:00Z,1.552,-0.331,-2.878,-0.118,1.028,-0.748
2022-10-18T23:30:00Z,1.552,-0.331,-2.733,-0.118,1.028,-0.603
2022-10-18T23:45:00Z,1.552,-0.331,-2.751,-0.118,1.028,-0.621
2022-10-19T00:00:00Z,1.887,-0.612,-2.397,-0.195,1.028,-0.288
2022-10-19T00:15:00Z,1.887,-0.612,-2.39,-0.195,1.028,-0.281
2022-10-19T00:30:00Z,1.887,-0.612,-2.351,-0.195,1.028,-0.242
2022-10-19T00:45:00Z,1.887,-0.612,-2.335,-0.195,1.028,-0.226
2022-10-19T01:00:00Z,2.227,-0.678,-2.375,-0.511,1.028,-0.309
2022-10-19T01:15:00Z,2.227,-0.678,-2.393,-0.511,1.028,-0.327
2022-10-19T01:30:00Z,2.227,-0.678,-2.451,-0.511,1.029,-0.384
2022-10-19T01:45:00Z,2.227,-0.678,-2.421,-0.511,1.028,-0.355
2022-10-19T02:00:00Z,2.507,-0.657,-2.263,-0.648,1.028,-0.033
2022-10-19T02:15:00Z,2.507,-0.657,-2.253,-0.648,1.028,-0.023
2022-10-19T02:30:00Z,2.507,-0.657,-2.372,-0.648,1.028,-0.142
2022-10-19T02:45:00Z,2.507,-0.657,-2.386,-0.648,1.029,-0.155
2022-10-19T03:00:00Z,1.928,-0.698,-2.527,-0.648,1.029,-0.917
2022-10-19T03:15:00Z,1.928,-0.698,-2.627,-0.648,1.028,-1.018
2022-10-19T03:30:00Z,1.928,-0.698,-2.591,-0.648,1.028,-0.981
2022-10-19T03:45:00Z,1.928,-0.698,-2.62,-0.648,1.028,-1.01
2022-10-19T04:00:00Z,1.51,-0.698,-2.58,-0.645,1.028,-1.384
2022-10-19T04:15:00Z,1.51,-0.698,-2.626,-0.645,1.028,-1.43
2022-10-19T04:30:00Z,1.51,-0.698,-2.66,-0.645,1.029,-1.464
2022-10-19T04:45:00Z,1.51,-0.698,-2.665,-0.645,1.029,-1.468
2022-10-19T05:00:00Z,1.188,-0.698,-2.796,-0.552,1.029,-1.829
2022-10-19T05:15:00Z,1.188,-0.698,-2.657,-0.552,1.029,-1.69
2022-10-19T05:30:00Z,1.188,-0.698,-2.651,-0.552,1.029,-1.683
2022-10-19T05:45:00Z,1.188,-0.698,-2.485,-0.552,1.029,-1.518
2022-10-19T06:00:00Z,1.397,-0.698,-2.382,-0.648,1.029,-1.302
2022-10-19T06:15:00Z,1.397,-0.698,-2.352,-0.648,1.03,-1.272
2022-10-19T06:30:00Z,1.397,-0.698,-2.351,-0.648,1.029,-1.271
2022-10-19T06:45:00Z,1.397,-0.698,-2.352,-0.648,1.029,-1.273
2022-10-19T07:00:00Z,1.51,-0.698,-2.529,-0.648,1.029,-1.337
2022-10-19T07:15:00Z,1.51,-0.698,-2.687,-0.648,1.029,-1.495
2022-10-19T07:30:00Z,1.51,-0.698,-2.646,-0.648,1.028,-1.454
2022-10-19T07:45:00Z,1.51,-0.698,-2.709,-0.648,1.029,-1.517
2022-10-19T08:00:00Z,1.558,-0.698,-2.354,-0.648,1.028,-1.114
2022-10-19T08:15:00Z,1.558,-0.698,-2.384,-0.648,1.029,-1.143
2022-10-19T08:30:00Z,1.558,-0.698,-2.235,-0.648,1.03,-0.994
2022-10-19T08:45:00Z,1.558,-0.698,-2.342,-0.648,1.029,-1.101
2022-10-19T09:00:00Z,1.076,-0.698,-2.437,-0.648,1.029,-1.679
2022-10-19T09:15:00Z,1.076,-0.698,-2.718,-0.648,1.029,-1.959
2022-10-19T09:30:00Z,1.076,-0.698,-2.686,-0.648,1.029,-1.928
2022-10-19T09:45:00Z,1.076,-0.698,-2.666,-0.648,1.029,-1.908
2022-10-19T10:00:00Z,1.055,-0.698,-3.23,-0.648,1.029,-2.491
2022-10-19T10:15:00Z,1.055,-0.698,-3.402,-0.648,1.028,-2.664
2022-10-19T10:30:00Z,1.055,-0.698,-3.246,-0.648,1.028,-2.509
2022-10-19T10:45:00Z,1.055,-0.698,-3.201,-0.648,1.029,-2.463
2022-10-19T11:00:00Z,0.993,-0.698,-2.414,-0.648,0.857,-1.911
2022-10-19T11:15:00Z,0.993,-0.698,-2.472,-0.648,0.857,-1.969
2022-10-19T11:30:00Z,0.993,-0.698,-2.395,-0.648,0.857,-1.891
2022-10-19T11:45:00Z,0.993,-0.698,-2.35,-0.648,0.886,-1.816
2022-10-19T12:00:00Z,0.836,-0.698,-2.508,-0.648,0.945,-2.072
2022-10-19T12:15:00Z,0.836,-0.698,-2.598,-0.648,0.945,-2.163
2022-10-19T12:30:00Z,0.836,-0.698,-2.586,-0.648,0.944,-2.151
2022-10-19T12:45:00Z,0.836,-0.698,-2.559,-0.648,0.959,-2.11
2022-10-19T13:00:00Z,1.21,-0.698,-2.333,-0.649,1.029,-1.441
2022-10-19T13:15:00Z,1.21,-0.698,-2.275,-0.649,1.029,-1.383
2022-10-19T13:30:00Z,1.21,-0.698,-2.193,-0.649,1.029,-1.301
2022-10-19T13:45:00Z,1.21,-0.698,-2.17,-0.649,1.029,-1.278
2022-10-19T14:00:00Z,1.306,-0.698,-2.09,-0.634,1.004,-1.112
2022-10-19T14:15:00Z,1.306,-0.698,-1.886,-0.634,1.005,-0.908
2022-10-19T14:30:00Z,1.306,-0.698,-1.766,-0.634,1.005,-0.787
2022-10-19T14:45:00Z,1.306,-0.698,-2.293,-0.634,1.013,-1.306
2022-10-19T15:00:00Z,1.69,-0.698,-2.673,-0.324,1.029,-0.977
2022-10-19T15:15:00Z,1.69,-0.698,-2.74,-0.324,1.029,-1.044
2022-10-19T15:30:00Z,1.69,-0.698,-2.827,-0.324,1.029,-1.131
2022-10-19T15:45:00Z,1.69,-0.698,-2.547,-0.324,1.029,-0.851
2022-10-19T16:00:00Z,1.133,-0.698,-2.093,-0.195,1.029,-0.825
2022-10-19T16:15:00Z,1.133,-0.698,-2.083,-0.195,1.029,-0.814
2022-10-19T16:30:00Z,1.133,-0.698,-2.037,-0.195,1.029,-0.769
2022-10-19T16:45:00Z,1.133,-0.698,-1.886,-0.195,1.029,-0.618
2022-10-19T17:00:00Z,0.316,-0.698,-1.4,-0.141,1.029,-0.895
2022-10-19T17:15:00Z,0.316,-0.698,-1.459,-0.141,1.028,-0.954
2022-10-19T17:30:00Z,0.316,-0.698,-1.314,-0.141,1.028,-0.809
2022-10-19T17:45:00Z,0.316,-0.698,-1.323,-0.141,1.029,-0.817
2022-10-19T18:00:00Z,0.356,-0.694,-1.359,-0.401,1.028,-1.069
2022-10-19T18:15:00Z,0.356,-0.694,-1.558,-0.401,1.028,-1.269
2022-10-19T18:30:00Z,0.356,-0.694,-1.527,-0.401,1.028,-1.237
2022-10-19T18:45:00Z,0.356,-0.694,-1.495,-0.401,1.029,-1.205
2022-10-19T19:00:00Z,0.712,-0.698,-1.676,-0.648,1.028,-1.282
2022-10-19T19:15:00Z,0.712,-0.698,-1.748,-0.648,1.028,-1.355
2022-10-19T19:30:00Z,0.712,-0.698,-1.649,-0.648,1.029,-1.255
2022-10-19T19:45:00Z,0.712,-0.698,-1.498,-0.648,1.028,-1.104
2022-10-19T20:00:00Z,0.865,-0.698,-1.819,-0.648,1.028,-1.272
2022-10-19T20:15:00Z,0.865,-0.698,-1.748,-0.648,1.028,-1.201
2022-10-19T20:30:00Z,0.865,-0.698,-1.567,-0.648,1.029,-1.019
2022-10-19T20:45:00Z,0.865,-0.698,-1.539,-0.648,1.028,-0.991
2022-10-19T21:00:00Z,0.92,-0.685,-1.761,-0.648,1.029,-1.145
2022-10-19T21:15:00Z,0.92,-0.685,-1.836,-0.648,1.029,-1.22
2022-10-19T21:30:00Z,0.92,-0.685,-1.763,-0.648,1.028,-1.147
2022-10-19T21:45:00Z,0.92,-0.685,-1.789,-0.648,1.028,-1.175
2022-10-19T22:00:00Z,1.05,-0.698,-1.328,-0.648,0.938,-0.686
2022-10-19T22:15:00Z,1.05,-0.698,-1.229,-0.648,0.938,-0.588
2022-10-19T22:30:00Z,1.05,-0.698,-1.134,-0.648,0.937,-0.492
2022-10-19T22:45:00Z,1.05,-0.698,-0.939,-0.648,0.948,-0.287
2022-10-19T23:00:00Z,1.198,-0.693,-0.982,-0.648,0.968,-0.157
2022-10-19T23:15:00Z,1.198,-0.693,-0.897,-0.648,0.969,-0.072
2022-10-19T23:30:00Z,1.198,-0.693,-0.886,-0.648,0.969,-0.061
2022-10-19T23:45:00Z,1.198,-0.693,-0.929,-0.648,0.968,-0.105
2022-10-20T00:00:00Z,1.266,-0.584,-0.911,-0.648,0.93,0.053
2022-10-20T00:15:00Z,1.266,-0.584,-0.965,-0.648,0.93,-0.001
2022-10-20T00:30:00Z,1.266,-0.584,-1.038,-0.648,0.931,-0.073
2022-10-20T00:45:00Z,1.266,-0.584,-1.049,-0.648,0.93,-0.085
2022-10-20T01:00:00Z,1.483,-0.519,-1.121,-0.648,0.816,0.01
2022-10-20T01:15:00Z,1.483,-0.519,-1.141,-0.648,0.816,-0.009
2022-10-20T01:30:00Z,1.483,-0.519,-1.148,-0.648,0.817,-0.016
2022-10-20T01:45:00Z,1.483,-0.519,-1.08,-0.648,0.801,0.037
2022-10-20T02:00:00Z,1.569,-0.61,-0.946,-0.647,0.73,0.097
2022-10-20T02:15:00Z,1.569,-0.61,-0.949,-0.647,0.73,0.094
2022-10-20T02:30:00Z,1.569,-0.61,-0.974,-0.647,0.73,0.069
2022-10-20T02:45:00Z,1.569,-0.61,-0.965,-0.647,0.78,0.128
2022-10-20T03:00:00Z,1.465,-0.682,-0.796,-0.644,1.026,0.369
2022-10-20T03:15:00Z,1.465,-0.682,-0.803,-0.644,1.025,0.361
2022-10-20T03:30:00Z,1.465,-0.682,-0.695,-0.644,1.026,0.47
2022-10-20T03:45:00Z,1.465,-0.682,-0.592,-0.644,1.026,0.574
2022-10-20T04:00:00Z,1.776,-0.602,-0.977,-0.532,1.028,0.692
2022-10-20T04:15:00Z,1.776,-0.602,-0.949,-0.532,1.028,0.721
2022-10-20T04:30:00Z,1.776,-0.602,-0.735,-0.532,1.028,0.935
2022-10-20T04:45:00Z,1.776,-0.602,-0.838,-0.532,0.937,0.741
2022-10-20T05:00:00Z,1.433,-0.405,-0.536,-0.211,0.48,0.76
2022-10-20T05:15:00Z,1.433,-0.405,-0.369,-0.211,0.479,0.927
2022-10-20T05:30:00Z,1.433,-0.405,-0.177,-0.211,0.48,1.119
2022-10-20T05:45:00Z,1.433,-0.405,0.146,-0.211,0.48,1.442
2022-10-20T06:00:00Z,0.872,0.114,0.141,0,0.231,1.359
2022-10-20T06:15:00Z,0.872,0.114,0.253,0,0.232,1.471
2022-10-20T06:30:00Z,0.872,0.114,0.309,0,0.231,1.526
2022-10-20T06:45:00Z,0.872,0.114,0.522,0,0.154,1.662
2022-10-20T07:00:00Z,0.307,0.685,0.64,0,-0.106,1.526
2022-10-20T07:15:00Z,0.307,0.685,0.65,0,-0.104,1.538
2022-10-20T07:30:00Z,0.307,0.685,0.561,0,-0.105,1.449
2022-10-20T07:45:00Z,0.307,0.685,0.456,0,-0.105,1.343
2022-10-20T08:00:00Z,0.214,0.7,0.2,0,-0.111,1.003
2022-10-20T08:15:00Z,0.214,0.7,0.213,0,-0.111,1.016
2022-10-20T08:30:00Z,0.214,0.7,0.17,0,-0.111,0.973
2022-10-20T08:45:00Z,0.214,0.7,0.165,0,-0.112,0.966
2022-10-20T09:00:00Z,-0.302,0.7,0.924,0,-0.22,1.102
2022-10-20T09:15:00Z,-0.302,0.7,1.05,0,-0.221,1.226
2022-10-20T09:30:00Z,-0.302,0.7,1.155,0,-0.221,1.332
2022-10-20T09:45:00Z,-0.302,0.7,1.007,0,-0.147,1.258
2022-10-20T10:00:00Z,0.247,0.7,0.733,0,-0.001,1.68
2022-10-20T10:15:00Z,0.247,0.7,0.515,0,-0.001,1.462
2022-10-20T10:30:00Z,0.247,0.7,0.651,0,-0.001,1.598
2022-10-20T10:45:00Z,0.247,0.7,0.721,0,0,1.668
2022-10-20T11:00:00Z,0.531,0.699,0.608,0,-0.147,1.691
2022-10-20T11:15:00Z,0.531,0.699,0.333,0,-0.147,1.416
2022-10-20T11:30:00Z,0.531,0.699,0.269,0,-0.147,1.352
2022-10-20T11:45:00Z,0.531,0.699,0.366,0,-0.133,1.462
2022-10-20T12:00:00Z,0.759,0.629,0.211,0,-0.107,1.493
2022-10-20T12:15:00Z,0.759,0.629,0.22,0,-0.105,1.503
2022-10-20T12:30:00Z,0.759,0.629,0.035,0,-0.106,1.317
2022-10-20T12:45:00Z,0.759,0.629,-0.12,0,-0.106,1.163
2022-10-20T13:00:00Z,1.059,0.298,-0.265,0,-0.234,0.856
2022-10-20T13:15:00Z,1.059,0.298,-0.371,0,-0.234,0.751
2022-10-20T13:30:00Z,1.059,0.298,-0.515,0,-0.234,0.607
2022-10-20T13:45:00Z,1.059,0.298,-0.539,0,-0.156,0.661
2022-10-20T14:00:00Z,1.147,0.005,-0.9,0,0.367,0.619
2022-10-20T14:15:00Z,1.147,0.005,-1.139,0,0.366,0.379
2022-10-20T14:30:00Z,1.147,0.005,-1.333,0,0.366,0.184
2022-10-20T14:45:00Z,1.147,0.005,-1.235,0,0.244,0.161
2022-10-20T15:00:00Z,0.946,-0.163,-0.646,0.013,-0.001,0.149
2022-10-20T15:15:00Z,0.946,-0.163,-0.276,0.013,-0.001,0.519
2022-10-20T15:30:00Z,0.946,-0.163,-0.187,0.013,-0.001,0.608
2022-10-20T15:45:00Z,0.946,-0.163,-0.145,0.013,-0.001,0.65
2022-10-20T16:00:00Z,1.195,0.331,-0.538,0.325,-0.683,0.631
2022-10-20T16:15:00Z,1.195,0.331,-0.48,0.325,-0.768,0.604
2022-10-20T16:30:00Z,1.195,0.331,-0.445,0.325,-0.768,0.638
2022-10-20T16:45:00Z,1.195,0.331,-0.317,0.325,-0.789,0.745
2022-10-20T17:00:00Z,0.644,0.547,-0.233,0.62,-0.891,0.687
2022-10-20T17:15:00Z,0.644,0.547,-0.268,0.62,-0.891,0.652
2022-10-20T17:30:00Z,0.644,0.547,-0.492,0.62,-0.891,0.428
2022-10-20T17:45:00Z,0.644,0.547,-0.556,0.62,-0.89,0.365
2022-10-20T18:00:00Z,0.667,0.41,-0.5,0.62,-0.907,0.288
2022-10-20T18:15:00Z,0.667,0.41,-0.557,0.62,-0.908,0.231
2022-10-20T18:30:00Z,0.667,0.41,-0.519,0.62,-0.908,0.269
2022-10-20T18:45:00Z,0.667,0.41,-0.604,0.62,-0.82,0.272
2022-10-20T19:00:00Z,0.853,0.386,-0.609,0.618,-0.393,0.854
2022-10-20T19:15:00Z,0.853,0.386,-0.792,0.618,-0.394,0.671
2022-10-20T19:30:00Z,0.853,0.386,-0.868,0.618,-0.394,0.596
2022-10-20T19:45:00Z,0.853,0.386,-0.953,0.618,-0.263,0.642
2022-10-20T20:00:00Z,0.807,0.235,-0.957,0.605,0.101,0.792
2022-10-20T20:15:00Z,0.807,0.235,-1.03,0.605,0.101,0.718
2022-10-20T20:30:00Z,0.807,0.235,-0.834,0.605,0.101,0.914
2022-10-20T20:45:00Z,0.807,0.235,-0.65,0.605,0.102,1.099
2022-10-20T21:00:00Z,1.09,0.538,-0.965,0.349,0.337,1.348
2022-10-20T21:15:00Z,1.09,0.538,-0.97,0.349,0.337,1.344
2022-10-20T21:30:00Z,1.09,0.538,-0.929,0.349,0.337,1.384
2022-10-20T21:45:00Z,1.09,0.538,-0.958,0.349,0.341,1.358
2022-10-20T22:00:00Z,1.845,0.088,-0.588,0.072,0.364,1.781
2022-10-20T22:15:00Z,1.845,0.088,-0.706,0.072,0.364,1.663
2022-10-20T22:30:00Z,1.845,0.088,-0.602,0.072,0.364,1.767
2022-10-20T22:45:00Z,1.845,0.088,-0.61,0.072,0.277,1.673
2022-10-20T23:00:00Z,1.915,0.595,-0.496,0.179,0.101,2.294
2022-10-20T23:15:00Z,1.915,0.595,-0.486,0.179,0.101,2.304
2022-10-20T23:30:00Z,1.915,0.595,-0.498,0.179,0.101,2.292
2022-10-20T23:45:00Z,1.915,0.595,-0.491,0.179,0.101,2.299
2022-10-21T00:00:00Z,2.057,0.124,-0.548,0.133,0.297,2.062
2022-10-21T00:15:00Z,2.057,0.124,-0.679,0.133,0.296,1.931
2022-10-21T00:30:00Z,2.057,0.124,-0.809,0.133,0.297,1.802
2022-10-21T00:45:00Z,2.057,0.124,-0.869,0.133,0.339,1.784
2022-10-21T01:00:00Z,2.205,-0.036,-0.982,0.047,0.546,1.78
2022-10-21T01:15:00Z,2.205,-0.036,-1.054,0.047,0.546,1.708
2022-10-21T01:30:00Z,2.205,-0.036,-1.028,0.047,0.546,1.734
2022-10-21T01:45:00Z,2.205,-0.036,-1.121,0.047,0.58,1.676
2022-10-21T02:00:00Z,2.529,0.44,-1.901,0,0.748,1.817
2022-10-21T02:15:00Z,2.529,0.44,-2.106,0,0.748,1.611
2022-10-21T02:30:00Z,2.529,0.44,-2.098,0,0.748,1.62
2022-10-21T02:45:00Z,2.529,0.44,-2.08,0,0.796,1.686
2022-10-21T03:00:00Z,2.377,-0.246,-2.165,-0.013,1.028,0.981
2022-10-21T03:15:00Z,2.377,-0.246,-2.236,-0.013,1.028,0.91
2022-10-21T03:30:00Z,2.377,-0.246,-2.243,-0.013,1.028,0.903
2022-10-21T03:45:00Z,2.377,-0.246,-2.376,-0.013,1.028,0.77
2022-10-21T04:00:00Z,1.75,-0.698,-1.935,-0.304,1.028,-0.159
2022-10-21T04:15:00Z,1.75,-0.698,-2.139,-0.304,1.028,-0.362
2022-10-21T04:30:00Z,1.75,-0.698,-2.331,-0.304,1.028,-0.555
2022-10-21T04:45:00Z,1.75,-0.698,-2.405,-0.304,0.963,-0.694
2022-10-21T05:00:00Z,1.221,-0.698,-2.732,0.011,0.634,-1.563
2022-10-21T05:15:00Z,1.221,-0.698,-2.899,0.011,0.634,-1.731
2022-10-21T05:30:00Z,1.221,-0.698,-2.736,0.011,0.635,-1.567
2022-10-21T05:45:00Z,1.221,-0.698,-2.434,0.011,0.444,-1.456
2022-10-21T06:00:00Z,1.721,-0.697,-2.541,0.263,0.101,-1.153
2022-10-21T06:15:00Z,1.721,-0.697,-2.514,0.263,0.102,-1.126
2022-10-21T06:30:00Z,1.721,-0.697,-2.292,0.263,0.101,-0.905
2022-10-21T06:45:00Z,1.721,-0.697,-2.22,0.263,0.068,-0.866
2022-10-21T07:00:00Z,1.975,-0.665,-1.933,0.122,-0.448,-0.949
2022-10-21T07:15:00Z,1.975,-0.665,-2.329,0.122,-0.446,-1.344
2022-10-21T07:30:00Z,1.975,-0.665,-2.512,0.122,-0.447,-1.527
2022-10-21T07:45:00Z,1.975,-0.665,-2.487,0.122,-0.45,-1.505
2022-10-21T08:00:00Z,1.633,-0.698,-2.307,0.198,-0.466,-1.642
2022-10-21T08:15:00Z,1.633,-0.698,-2.543,0.198,-0.466,-1.877
2022-10-21T08:30:00Z,1.633,-0.698,-2.844,0.198,-0.466,-2.178
2022-10-21T08:45:00Z,1.633,-0.698,-2.924,0.198,-0.413,-2.205
2022-10-21T09:00:00Z,1.519,-0.699,-2.837,0,-0.163,-2.18
2022-10-21T09:15:00Z,1.519,-0.699,-3.115,0,-0.164,-2.459
2022-10-21T09:30:00Z,1.519,-0.699,-3.326,0,-0.163,-2.669
2022-10-21T09:45:00Z,1.519,-0.699,-3.419,0,-0.162,-2.761
2022-10-21T10:00:00Z,1.977,-0.699,-3.576,-0.121,-0.161,-2.579
2022-10-21T10:15:00Z,1.977,-0.699,-3.893,-0.121,-0.16,-2.896
2022-10-21T10:30:00Z,1.977,-0.699,-3.888,-0.121,-0.16,-2.892
2022-10-21T10:45:00Z,1.977,-0.699,-3.871,-0.121,-0.161,-2.875
2022-10-21T11:00:00Z,2.065,-0.698,-3.614,-0.153,-0.402,-2.803
2022-10-21T11:15:00Z,2.065,-0.698,-3.657,-0.153,-0.402,-2.846
2022-10-21T11:30:00Z,2.065,-0.698,-3.616,-0.153,-0.402,-2.805
2022-10-21T11:45:00Z,2.065,-0.698,-3.576,-0.153,-0.268,-2.63
2022-10-21T12:00:00Z,2.009,-0.698,-3.166,-0.457,0.493,-1.82
2022-10-21T12:15:00Z,2.009,-0.698,-3.247,-0.457,0.494,-1.9
2022-10-21T12:30:00Z,2.009,-0.698,-3.353,-0.457,0.493,-2.006
2022-10-21T12:45:00Z,2.009,-0.698,-3.34,-0.457,0.527,-1.96
2022-10-21T13:00:00Z,2.151,-0.699,-3.834,-0.304,0.682,-2.003
2022-10-21T13:15:00Z,2.151,-0.699,-3.737,-0.304,0.682,-1.906
2022-10-21T13:30:00Z,2.151,-0.699,-3.715,-0.304,0.682,-1.885
2022-10-21T13:45:00Z,2.151,-0.699,-3.528,-0.304,0.681,-1.698
2022-10-21T14:00:00Z,2.602,-0.699,-3.951,0.013,0.576,-1.458
2022-10-21T14:15:00Z,2.602,-0.699,-3.889,0.013,0.576,-1.396
2022-10-21T14:30:00Z,2.602,-0.699,-3.869,0.013,0.576,-1.376
2022-10-21T14:45:00Z,2.602,-0.699,-3.744,0.013,0.577,-1.249
2022-10-21T15:00:00Z,2.287,-0.697,-3.687,0.325,0.658,-1.114
2022-10-21T15:15:00Z,2.287,-0.697,-3.289,0.325,0.657,-0.717
2022-10-21T15:30:00Z,2.287,-0.697,-3.126,0.325,0.658,-0.554
2022-10-21T15:45:00Z,2.287,-0.697,-3.162,0.325,0.629,-0.619
2022-10-21T16:00:00Z,1.754,-0.662,-2.873,0.606,0.502,-0.674
2022-10-21T16:15:00Z,1.754,-0.662,-2.775,0.606,0.501,-0.576
2022-10-21T16:30:00Z,1.754,-0.662,-2.782,0.606,0.502,-0.583
2022-10-21T16:45:00Z,1.754,-0.662,-2.612,0.606,0.5,-0.414
2022-10-21T17:00:00Z,1.726,-0.697,-2.256,0.299,0.214,-0.713
2022-10-21T17:15:00Z,1.726,-0.697,-2.205,0.299,0.215,-0.662
2022-10-21T17:30:00Z,1.726,-0.697,-2.541,0.299,0.215,-0.999
2022-10-21T17:45:00Z,1.726,-0.697,-2.585,0.299,0.214,-1.043
2022-10-21T18:00:00Z,2.152,-0.697,-2.801,-0.008,0.211,-1.144
2022-10-21T18:15:00Z,2.152,-0.697,-2.855,-0.008,0.211,-1.198
2022-10-21T18:30:00Z,2.152,-0.697,-2.901,-0.008,0.211,-1.243
2022-10-21T18:45:00Z,2.152,-0.697,-2.897,-0.008,0.216,-1.235
2022-10-21T19:00:00Z,2.157,-0.699,-3.168,-0.206,0.24,-1.675
2022-10-21T19:15:00Z,2.157,-0.699,-3.567,-0.206,0.24,-2.074
2022-10-21T19:30:00Z,2.157,-0.699,-3.582,-0.206,0.241,-2.088
2022-10-21T19:45:00Z,2.157,-0.699,-3.596,-0.206,0.4,-1.943
2022-10-21T20:00:00Z,2.205,-0.699,-4.096,-0.36,0.687,-2.263
2022-10-21T20:15:00Z,2.205,-0.699,-4.145,-0.36,0.687,-2.312
2022-10-21T20:30:00Z,2.205,-0.699,-3.891,-0.36,0.687,-2.058
2022-10-21T20:45:00Z,2.205,-0.699,-3.818,-0.36,0.786,-1.886
2022-10-21T21:00:00Z,2.046,-0.696,-3.993,-0.325,0.982,-1.985
2022-10-21T21:15:00Z,2.046,-0.696,-4.012,-0.325,0.982,-2.004
2022-10-21T21:30:00Z,2.046,-0.696,-3.873,-0.325,0.981,-1.867
2022-10-21T21:45:00Z,2.046,-0.696,-4.073,-0.325,0.98,-2.067
2022-10-21T22:00:00Z,2.419,-0.625,-4.049,-0.169,0.753,-1.672
2022-10-21T22:15:00Z,2.419,-0.625,-3.816,-0.169,0.753,-1.437
2022-10-21T22:30:00Z,2.419,-0.625,-3.799,-0.169,0.754,-1.421
2022-10-21T22:45:00Z,2.419,-0.625,-3.738,-0.169,0.828,-1.285
2022-10-21T23:00:00Z,2.272,-0.698,-3.331,-0.484,0.975,-1.265
2022-10-21T23:15:00Z,2.272,-0.698,-3.09,-0.484,0.975,-1.024
2022-10-21T23:30:00Z,2.272,-0.698,-2.836,-0.484,0.974,-0.771
2022-10-21T23:45:00Z,2.272,-0.698,-2.916,-0.484,0.974,-0.852
2022-10-22T00:00:00Z,2.067,-0.69,-2.632,-0.648,0.737,-1.165
2022-10-22T00:15:00Z,2.067,-0.69,-2.613,-0.648,0.737,-1.147
2022-10-22T00:30:00Z,2.067,-0.69,-2.719,-0.648,0.739,-1.251
2022-10-22T00:45:00Z,2.067,-0.69,-2.822,-0.648,0.726,-1.367
2022-10-22T01:00:00Z,2.17,-0.698,-2.603,-0.648,0.669,-1.111
2022-10-22T01:15:00Z,2.17,-0.698,-2.709,-0.648,0.669,-1.217
2022-10-22T01:30:00Z,2.17,-0.698,-2.707,-0.648,0.668,-1.215
2022-10-22T01:45:00Z,2.17,-0.698,-2.687,-0.648,0.695,-1.168
2022-10-22T02:00:00Z,1.986,-0.698,-2.737,-0.648,0.746,-1.352
2022-10-22T02:15:00Z,1.986,-0.698,-2.898,-0.648,0.745,-1.514
2022-10-22T02:30:00Z,1.986,-0.698,-2.93,-0.648,0.745,-1.546
2022-10-22T02:45:00Z,1.986,-0.698,-2.992,-0.648,0.717,-1.635
2022-10-22T03:00:00Z,1.889,-0.698,-2.842,-0.648,0.58,-1.721
2022-10-22T03:15:00Z,1.889,-0.698,-2.786,-0.648,0.58,-1.664
2022-10-22T03:30:00Z,1.889,-0.698,-2.761,-0.648,0.579,-1.64
2022-10-22T03:45:00Z,1.889,-0.698,-2.82,-0.648,0.595,-1.683
2022-10-22T04:00:00Z,1.663,-0.698,-2.949,-0.648,0.674,-1.959
2022-10-22T04:15:00Z,1.663,-0.698,-2.99,-0.648,0.674,-2
2022-10-22T04:30:00Z,1.663,-0.698,-2.943,-0.648,0.675,-1.952
2022-10-22T04:45:00Z,1.663,-0.698,-2.997,-0.648,0.781,-1.899
2022-10-22T05:00:00Z,1.616,-0.698,-3.131,-0.648,0.993,-1.868
2022-10-22T05:15:00Z,1.616,-0.698,-3.209,-0.648,0.993,-1.945
2022-10-22T05:30:00Z,1.616,-0.698,-3.164,-0.648,0.993,-1.901
2022-10-22T05:45:00Z,1.616,-0.698,-2.996,-0.648,0.902,-1.824
2022-10-22T06:00:00Z,1.774,-0.698,-2.768,-0.648,0.643,-1.698
2022-10-22T06:15:00Z,1.774,-0.698,-2.818,-0.648,0.643,-1.748
2022-10-22T06:30:00Z,1.774,-0.698,-2.706,-0.648,0.642,-1.637
2022-10-22T06:45:00Z,1.774,-0.698,-2.76,-0.648,0.642,-1.69
2022-10-22T07:00:00Z,1.655,-0.698,-2.554,-0.646,0.325,-1.917
2022-10-22T07:15:00Z,1.655,-0.698,-2.675,-0.646,0.325,-2.039
2022-10-22T07:30:00Z,1.655,-0.698,-2.765,-0.646,0.326,-2.127
2022-10-22T07:45:00Z,1.655,-0.698,-2.755,-0.646,0.372,-2.071
2022-10-22T08:00:00Z,1.456,-0.691,-2.732,-0.65,0.465,-2.153
2022-10-22T08:15:00Z,1.456,-0.691,-2.87,-0.65,0.465,-2.291
2022-10-22T08:30:00Z,1.456,-0.691,-2.806,-0.65,0.465,-2.226
2022-10-22T08:45:00Z,1.456,-0.691,-3.159,-0.65,0.587,-2.457
2022-10-22T09:00:00Z,1.699,-0.698,-3.497,-0.647,0.828,-2.314
2022-10-22T09:15:00Z,1.699,-0.698,-3.815,-0.647,0.828,-2.632
2022-10-22T09:30:00Z,1.699,-0.698,-3.619,-0.647,0.828,-2.436
2022-10-22T09:45:00Z,1.699,-0.698,-3.572,-0.647,0.779,-2.438
2022-10-22T10:00:00Z,1.396,-0.697,-3.165,-0.593,0.552,-2.506
2022-10-22T10:15:00Z,1.396,-0.697,-3.081,-0.593,0.551,-2.424
2022-10-22T10:30:00Z,1.396,-0.697,-3.095,-0.593,0.552,-2.437
2022-10-22T10:45:00Z,1.396,-0.697,-3.213,-0.593,0.538,-2.569
2022-10-22T11:00:00Z,1.196,-0.688,-2.915,-0.648,0.513,-2.543
2022-10-22T11:15:00Z,1.196,-0.688,-2.922,-0.648,0.512,-2.551
2022-10-22T11:30:00Z,1.196,-0.688,-2.956,-0.648,0.513,-2.584
2022-10-22T11:45:00Z,1.196,-0.688,-2.89,-0.648,0.43,-2.601
2022-10-22T12:00:00Z,1.687,-0.698,-2.502,-0.648,0.109,-2.052
2022-10-22T12:15:00Z,1.687,-0.698,-2.624,-0.648,0.108,-2.176
2022-10-22T12:30:00Z,1.687,-0.698,-2.7,-0.648,0.109,-2.25
2022-10-22T12:45:00Z,1.687,-0.698,-2.604,-0.648,0.125,-2.139
2022-10-22T13:00:00Z,2.034,-0.698,-3.004,-0.649,0.193,-2.124
2022-10-22T13:15:00Z,2.034,-0.698,-3.137,-0.649,0.193,-2.258
2022-10-22T13:30:00Z,2.034,-0.698,-3.232,-0.649,0.193,-2.353
2022-10-22T13:45:00Z,2.034,-0.698,-3.169,-0.649,0.344,-2.138
2022-10-22T14:00:00Z,1.898,-0.698,-3.061,-0.645,0.624,-1.883
2022-10-22T14:15:00Z,1.898,-0.698,-3.04,-0.645,0.624,-1.862
2022-10-22T14:30:00Z,1.898,-0.698,-3.155,-0.645,0.625,-1.976
2022-10-22T14:45:00Z,1.898,-0.698,-3.313,-0.645,0.68,-2.079
2022-10-22T15:00:00Z,1.883,-0.698,-3.603,-0.55,0.79,-2.179
2022-10-22T15:15:00Z,1.883,-0.698,-3.348,-0.55,0.79,-1.924
2022-10-22T15:30:00Z,1.883,-0.698,-3.426,-0.55,0.79,-2.002
2022-10-22T15:45:00Z,1.883,-0.698,-3.217,-0.55,0.691,-1.892
2022-10-22T16:00:00Z,2.11,-0.69,-3.301,-0.391,0.195,-2.077
2022-10-22T16:15:00Z,2.11,-0.69,-3.156,-0.391,0.195,-1.932
2022-10-22T16:30:00Z,2.11,-0.69,-2.988,-0.391,0.195,-1.764
2022-10-22T16:45:00Z,2.11,-0.69,-2.667,-0.391,0.209,-1.429
2022-10-22T17:00:00Z,1.41,-0.698,-2.519,-0.305,0.277,-1.835
2022-10-22T17:15:00Z,1.41,-0.698,-2.44,-0.305,0.276,-1.758
2022-10-22T17:30:00Z,1.41,-0.698,-2.411,-0.305,0.277,-1.728
2022-10-22T17:45:00Z,1.41,-0.698,-2.373,-0.305,0.252,-1.715
2022-10-22T18:00:00Z,1.435,-0.671,-2.397,0,0.136,-1.498
2022-10-22T18:15:00Z,1.435,-0.671,-2.53,0,0.136,-1.63
2022-10-22T18:30:00Z,1.435,-0.671,-2.612,0,0.137,-1.711
2022-10-22T18:45:00Z,1.435,-0.671,-2.661,0,0.136,-1.761
2022-10-22T19:00:00Z,1.276,-0.072,-2.972,0,0.16,-1.609
2022-10-22T19:15:00Z,1.276,-0.072,-3.117,0,0.159,-1.754
2022-10-22T19:30:00Z,1.276,-0.072,-3.117,0,0.159,-1.755
2022-10-22T19:45:00Z,1.276,-0.072,-3.185,0,0.26,-1.722
2022-10-22T20:00:00Z,1.338,-0.661,-2.789,0,0.46,-1.653
2022-10-22T20:15:00Z,1.338,-0.661,-2.872,0,0.46,-1.735
2022-10-22T20:30:00Z,1.338,-0.661,-2.798,0,0.459,-1.661
2022-10-22T20:45:00Z,1.338,-0.661,-2.818,0,0.472,-1.668
2022-10-22T21:00:00Z,1.575,-0.699,-2.559,-0.013,0.498,-1.198
2022-10-22T21:15:00Z,1.575,-0.699,-2.522,-0.013,0.498,-1.161
2022-10-22T21:30:00Z,1.575,-0.699,-2.313,-0.013,0.498,-0.952
2022-10-22T21:45:00Z,1.575,-0.699,-2.137,-0.013,0.496,-0.777
2022-10-22T22:00:00Z,1.807,-0.693,-1.305,-0.332,0.225,-0.299
2022-10-22T22:15:00Z,1.807,-0.693,-1.319,-0.332,0.225,-0.312
2022-10-22T22:30:00Z,1.807,-0.693,-1.332,-0.332,0.224,-0.326
2022-10-22T22:45:00Z,1.807,-0.693,-1.337,-0.332,0.183,-0.372
2022-10-22T23:00:00Z,2.139,-0.698,-0.919,-0.648,0.1,-0.025
2022-10-22T23:15:00Z,2.139,-0.698,-0.873,-0.648,0.101,0.021
2022-10-22T23:30:00Z,2.139,-0.698,-0.92,-0.648,0.101,-0.026
2022-10-22T23:45:00Z,2.139,-0.698,-0.935,-0.648,0.1,-0.042
2022-10-23T00:00:00Z,1.999,-0.679,-1.079,-0.648,0.398,-0.009
2022-10-23T00:15:00Z,1.999,-0.679,-1.036,-0.648,0.399,0.035
2022-10-23T00:30:00Z,1.999,-0.679,-1.076,-0.648,0.398,-0.005
2022-10-23T00:45:00Z,1.999,-0.679,-1.181,-0.648,0.413,-0.096
2022-10-23T01:00:00Z,2.013,-0.195,-1.727,-0.648,0.483,-0.074
2022-10-23T01:15:00Z,2.013,-0.195,-1.836,-0.648,0.482,-0.184
2022-10-23T01:30:00Z,2.013,-0.195,-1.9,-0.648,0.482,-0.248
2022-10-23T01:45:00Z,2.013,-0.195,-2.071,-0.648,0.552,-0.349
2022-10-23T02:00:00Z,2.206,0.315,-2.993,-0.648,0.894,-0.226
2022-10-23T02:15:00Z,2.206,0.315,-3.144,-0.648,0.894,-0.377
2022-10-23T02:30:00Z,2.206,0.315,-3.188,-0.648,0.894,-0.421
2022-10-23T02:45:00Z,2.206,0.315,-3.361,-0.648,0.903,-0.586
2022-10-23T03:00:00Z,2.293,0.571,-3.541,-0.648,0.92,-0.405
2022-10-23T03:15:00Z,2.293,0.571,-3.548,-0.648,0.921,-0.412
2022-10-23T03:30:00Z,2.293,0.571,-3.635,-0.648,0.921,-0.498
2022-10-23T03:45:00Z,2.293,0.571,-3.578,-0.648,0.964,-0.398
2022-10-23T04:00:00Z,2.447,0.088,-3.492,-0.649,1.049,-0.556
2022-10-23T04:15:00Z,2.447,0.088,-3.597,-0.649,1.049,-0.661
2022-10-23T04:30:00Z,2.447,0.088,-3.491,-0.649,1.051,-0.554
2022-10-23T04:45:00Z,2.447,0.088,-3.455,-0.649,1.051,-0.518
2022-10-23T05:00:00Z,2.561,-0.559,-2.981,-0.648,1.054,-0.574
2022-10-23T05:15:00Z,2.561,-0.559,-2.949,-0.648,1.053,-0.542
2022-10-23T05:30:00Z,2.561,-0.559,-2.782,-0.648,1.053,-0.376
2022-10-23T05:45:00Z,2.561,-0.559,-2.813,-0.648,1.052,-0.407
2022-10-23T06:00:00Z,2.408,-0.697,-2.737,-0.647,1.053,-0.62
2022-10-23T06:15:00Z,2.408,-0.697,-2.775,-0.647,1.053,-0.658
2022-10-23T06:30:00Z,2.408,-0.697,-2.676,-0.647,1.052,-0.559
2022-10-23T06:45:00Z,2.408,-0.697,-2.52,-0.647,0.952,-0.504
2022-10-23T07:00:00Z,1.981,-0.692,-1.887,-0.61,0.344,-0.864
2022-10-23T07:15:00Z,1.981,-0.692,-1.921,-0.61,0.345,-0.897
2022-10-23T07:30:00Z,1.981,-0.692,-1.936,-0.61,0.345,-0.911
2022-10-23T07:45:00Z,1.981,-0.692,-2.059,-0.61,0.304,-1.076
2022-10-23T08:00:00Z,1.589,-0.574,-1.781,-0.64,0.105,-1.301
2022-10-23T08:15:00Z,1.589,-0.574,-1.81,-0.64,0.106,-1.33
2022-10-23T08:30:00Z,1.589,-0.574,-1.895,-0.64,0.106,-1.415
2022-10-23T08:45:00Z,1.589,-0.574,-1.786,-0.64,0.149,-1.263
2022-10-23T09:00:00Z,1.163,-0.683,-1.494,-0.644,0.236,-1.422
2022-10-23T09:15:00Z,1.163,-0.683,-1.766,-0.644,0.236,-1.694
2022-10-23T09:30:00Z,1.163,-0.683,-1.732,-0.644,0.236,-1.659
2022-10-23T09:45:00Z,1.163,-0.683,-1.446,-0.644,0.157,-1.453
2022-10-23T10:00:00Z,1.405,-0.609,-1.472,-0.604,-0.001,-1.281
2022-10-23T10:15:00Z,1.405,-0.609,-1.508,-0.604,-0.001,-1.317
2022-10-23T10:30:00Z,1.405,-0.609,-1.313,-0.604,-0.001,-1.122
2022-10-23T10:45:00Z,1.405,-0.609,-1.342,-0.604,-0.001,-1.151
2022-10-23T11:00:00Z,1.231,-0.276,-1.92,-0.359,0.329,-0.997
2022-10-23T11:15:00Z,1.231,-0.276,-2.104,-0.359,0.329,-1.18
2022-10-23T11:30:00Z,1.231,-0.276,-2.236,-0.359,0.329,-1.312
2022-10-23T11:45:00Z,1.231,-0.276,-2.159,-0.359,0.219,-1.346
2022-10-23T12:00:00Z,1.97,-0.575,-1.828,-0.593,-0.001,-1.027
2022-10-23T12:15:00Z,1.97,-0.575,-1.932,-0.593,-0.001,-1.131
2022-10-23T12:30:00Z,1.97,-0.575,-2.023,-0.593,-0.002,-1.223
2022-10-23T12:45:00Z,1.97,-0.575,-2.047,-0.593,-0.001,-1.247
2022-10-23T13:00:00Z,2.016,-0.653,-1.453,-0.648,-0.313,-1.05
2022-10-23T13:15:00Z,2.016,-0.653,-1.57,-0.648,-0.311,-1.165
2022-10-23T13:30:00Z,2.016,-0.653,-1.671,-0.648,-0.312,-1.267
2022-10-23T13:45:00Z,2.016,-0.653,-1.606,-0.648,-0.208,-1.099
2022-10-23T14:00:00Z,2.092,-0.698,-1.634,-0.649,-0.001,-0.89
2022-10-23T14:15:00Z,2.092,-0.698,-1.601,-0.649,-0.001,-0.857
2022-10-23T14:30:00Z,2.092,-0.698,-1.512,-0.649,-0.001,-0.767
2022-10-23T14:45:00Z,2.092,-0.698,-1.063,-0.649,-0.001,-0.318
2022-10-23T15:00:00Z,1.377,-0.698,-0.551,-0.649,-0.143,-0.664
2022-10-23T15:15:00Z,1.377,-0.698,-0.654,-0.649,-0.142,-0.766
2022-10-23T15:30:00Z,1.377,-0.698,-0.563,-0.649,-0.143,-0.675
2022-10-23T15:45:00Z,1.377,-0.698,-0.321,-0.649,-0.145,-0.435
2022-10-23T16:00:00Z,1.233,-0.698,-0.139,-0.649,-0.477,-0.731
2022-10-23T16:15:00Z,1.233,-0.698,-0.081,-0.649,-0.477,-0.673
2022-10-23T16:30:00Z,1.233,-0.698,-0.05,-0.649,-0.478,-0.641
2022-10-23T16:45:00Z,1.233,-0.698,0.006,-0.649,-0.479,-0.587
2022-10-23T17:00:00Z,0.789,-0.688,-0.18,-0.649,-0.688,-1.415
2022-10-23T17:15:00Z,0.789,-0.688,-0.203,-0.649,-0.688,-1.439
2022-10-23T17:30:00Z,0.789,-0.688,-0.052,-0.649,-0.687,-1.288
2022-10-23T17:45:00Z,0.789,-0.688,-0.026,-0.649,-0.736,-1.31
2022-10-23T18:00:00Z,0.522,-0.572,0.123,-0.649,-0.978,-1.553
2022-10-23T18:15:00Z,0.522,-0.572,-0.055,-0.649,-0.978,-1.731
2022-10-23T18:30:00Z,0.522,-0.572,-0.153,-0.649,-0.977,-1.829
2022-10-23T18:45:00Z,0.522,-0.572,-0.005,-0.649,-0.919,-1.623
2022-10-23T19:00:00Z,0.874,-0.574,-0.184,-0.649,-0.628,-1.161
2022-10-23T19:15:00Z,0.874,-0.574,-0.159,-0.649,-0.628,-1.136
2022-10-23T19:30:00Z,0.874,-0.574,-0.076,-0.649,-0.628,-1.053
2022-10-23T19:45:00Z,0.874,-0.574,-0.125,-0.649,-0.59,-1.064
2022-10-23T20:00:00Z,1.138,-0.686,-0.376,-0.649,-0.421,-0.994
2022-10-23T20:15:00Z,1.138,-0.686,-0.655,-0.649,-0.42,-1.272
2022-10-23T20:30:00Z,1.138,-0.686,-0.545,-0.649,-0.42,-1.162
2022-10-23T20:45:00Z,1.138,-0.686,-0.643,-0.649,-0.396,-1.236
2022-10-23T21:00:00Z,1.188,-0.581,-0.988,-0.637,-0.349,-1.368
2022-10-23T21:15:00Z,1.188,-0.581,-0.899,-0.637,-0.349,-1.279
2022-10-23T21:30:00Z,1.188,-0.581,-0.77,-0.637,-0.349,-1.15
2022-10-23T21:45:00Z,1.188,-0.581,-0.807,-0.637,-0.351,-1.189
2022-10-23T22:00:00Z,1.781,-0.657,-0.611,-0.613,-0.648,-0.749
2022-10-23T22:15:00Z,1.781,-0.657,-0.659,-0.613,-0.647,-0.796
2022-10-23T22:30:00Z,1.781,-0.657,-0.587,-0.613,-0.648,-0.725
2022-10-23T22:45:00Z,1.781,-0.657,-0.897,-0.613,-0.641,-1.028
2022-10-23T23:00:00Z,1.697,-0.692,-1.009,-0.565,-0.611,-1.18
2022-10-23T23:15:00Z,1.697,-0.692,-0.967,-0.565,-0.611,-1.138
2022-10-23T23:30:00Z,1.697,-0.692,-0.897,-0.565,-0.611,-1.068
2022-10-23T23:45:00Z,1.697,-0.692,-0.788,-0.565,-0.652,-1
2022-10-24T00:00:00Z,1.307,-0.569,-0.79,-0.319,-0.733,-1.104
2022-10-24T00:15:00Z,1.307,-0.569,-0.824,-0.319,-0.733,-1.138
2022-10-24T00:30:00Z,1.307,-0.569,-0.918,-0.319,-0.733,-1.232
2022-10-24T00:45:00Z,1.307,-0.569,-0.808,-0.319,-0.739,-1.128
2022-10-24T01:00:00Z,1.27,-0.698,-0.531,-0.59,-0.766,-1.316
2022-10-24T01:15:00Z,1.27,-0.698,-0.652,-0.59,-0.767,-1.437
2022-10-24T01:30:00Z,1.27,-0.698,-0.659,-0.59,-0.766,-1.443
2022-10-24T01:45:00Z,1.27,-0.698,-0.688,-0.59,-0.749,-1.454
2022-10-24T02:00:00Z,1.136,-0.697,-0.813,-0.649,-0.667,-1.689
2022-10-24T02:15:00Z,1.136,-0.697,-0.822,-0.649,-0.667,-1.699
2022-10-24T02:30:00Z,1.136,-0.697,-1.054,-0.649,-0.667,-1.931
2022-10-24T02:45:00Z,1.136,-0.697,-1.035,-0.649,-0.68,-1.926
2022-10-24T03:00:00Z,1.361,-0.674,-0.955,-0.65,-0.746,-1.665
2022-10-24T03:15:00Z,1.361,-0.674,-0.937,-0.65,-0.747,-1.648
2022-10-24T03:30:00Z,1.361,-0.674,-1.028,-0.65,-0.747,-1.739
2022-10-24T03:45:00Z,1.361,-0.674,-0.993,-0.65,-0.711,-1.667
2022-10-24T04:00:00Z,1.45,-0.698,-0.993,-0.65,-0.548,-1.438
2022-10-24T04:15:00Z,1.45,-0.698,-1.004,-0.65,-0.548,-1.45
2022-10-24T04:30:00Z,1.45,-0.698,-0.987,-0.65,-0.547,-1.432
2022-10-24T04:45:00Z,1.45,-0.698,-0.857,-0.65,-0.43,-1.185
2022-10-24T05:00:00Z,1.294,-0.697,-1.044,-0.65,-0.195,-1.291
2022-10-24T05:15:00Z,1.294,-0.697,-0.722,-0.65,-0.194,-0.969
2022-10-24T05:30:00Z,1.294,-0.697,-0.579,-0.65,-0.195,-0.827
2022-10-24T05:45:00Z,1.294,-0.697,-0.324,-0.65,-0.281,-0.658
2022-10-24T06:00:00Z,0.939,-0.692,0.264,-0.65,-0.725,-0.863
2022-10-24T06:15:00Z,0.939,-0.692,0.415,-0.65,-0.725,-0.712
2022-10-24T06:30:00Z,0.939,-0.692,0.512,-0.65,-0.725,-0.615
2022-10-24T06:45:00Z,0.939,-0.692,0.551,-0.65,-0.686,-0.538
2022-10-24T07:00:00Z,0.713,-0.697,0.313,-0.65,-0.61,-0.931
2022-10-24T07:15:00Z,0.713,-0.697,0.174,-0.65,-0.61,-1.07
2022-10-24T07:30:00Z,0.713,-0.697,0.071,-0.65,-0.61,-1.173
2022-10-24T07:45:00Z,0.713,-0.697,0.021,-0.65,-0.614,-1.227
2022-10-24T08:00:00Z,0.676,-0.692,-0.049,-0.65,-0.763,-1.477
2022-10-24T08:15:00Z,0.676,-0.692,-0.178,-0.65,-0.762,-1.605
2022-10-24T08:30:00Z,0.676,-0.692,-0.287,-0.65,-0.763,-1.715
2022-10-24T08:45:00Z,0.676,-0.692,-0.386,-0.65,-0.742,-1.794
2022-10-24T09:00:00Z,0.604,-0.685,-0.326,-0.65,-0.643,-1.7
2022-10-24T09:15:00Z,0.604,-0.685,-0.418,-0.65,-0.643,-1.793
2022-10-24T09:30:00Z,0.604,-0.685,-0.334,-0.65,-0.644,-1.709
2022-10-24T09:45:00Z,0.604,-0.685,-0.338,-0.65,-0.645,-1.715
2022-10-24T10:00:00Z,0.865,-0.599,-0.238,-0.645,-0.792,-1.409
2022-10-24T10:15:00Z,0.865,-0.599,-0.436,-0.645,-0.793,-1.608
2022-10-24T10:30:00Z,0.865,-0.599,-0.434,-0.645,-0.793,-1.606
2022-10-24T10:45:00Z,0.865,-0.599,-0.583,-0.645,-0.763,-1.725
2022-10-24T11:00:00Z,0.999,-0.683,-0.447,-0.65,-0.704,-1.485
2022-10-24T11:15:00Z,0.999,-0.683,-0.395,-0.65,-0.704,-1.433
2022-10-24T11:30:00Z,0.999,-0.683,-0.392,-0.65,-0.704,-1.429
2022-10-24T11:45:00Z,0.999,-0.683,-0.341,-0.65,-0.682,-1.357
2022-10-24T12:00:00Z,0.904,-0.691,-0.362,-0.646,-0.58,-1.374
2022-10-24T12:15:00Z,0.904,-0.691,-0.626,-0.646,-0.579,-1.638
2022-10-24T12:30:00Z,0.904,-0.691,-0.467,-0.646,-0.58,-1.48
2022-10-24T12:45:00Z,0.904,-0.691,-0.395,-0.646,-0.423,-1.251
2022-10-24T13:00:00Z,0.775,-0.544,-0.439,-0.545,-0.105,-0.858
2022-10-24T13:15:00Z,0.775,-0.544,-0.27,-0.545,-0.106,-0.69
2022-10-24T13:30:00Z,0.775,-0.544,-0.08,-0.545,-0.106,-0.5
2022-10-24T13:45:00Z,0.775,-0.544,-0.411,-0.545,-0.071,-0.795
2022-10-24T14:00:00Z,1.009,-0.26,-0.751,-0.328,0.108,-0.223
2022-10-24T14:15:00Z,1.009,-0.26,-0.634,-0.328,0.108,-0.106
2022-10-24T14:30:00Z,1.009,-0.26,-0.797,-0.328,0.107,-0.269
2022-10-24T14:45:00Z,1.009,-0.26,-0.391,-0.328,0.072,0.101
2022-10-24T15:00:00Z,1.175,-0.408,-0.09,-0.534,-0.135,0.008
2022-10-24T15:15:00Z,1.175,-0.408,0.036,-0.534,-0.134,0.136
2022-10-24T15:30:00Z,1.175,-0.408,-0.141,-0.534,-0.135,-0.043
2022-10-24T15:45:00Z,1.175,-0.408,-0.111,-0.534,-0.199,-0.077
2022-10-24T16:00:00Z,0.923,0.12,-0.574,-0.213,-0.513,-0.256
2022-10-24T16:15:00Z,0.923,0.12,-0.444,-0.213,-0.513,-0.126
2022-10-24T16:30:00Z,0.923,0.12,-0.45,-0.213,-0.513,-0.132
2022-10-24T16:45:00Z,0.923,0.12,-0.44,-0.213,-0.514,-0.123
2022-10-24T17:00:00Z,0.885,0.529,-0.42,0,-0.86,0.134
2022-10-24T17:15:00Z,0.885,0.529,-0.447,0,-0.86,0.107
2022-10-24T17:30:00Z,0.885,0.529,-0.723,0,-0.86,-0.169
2022-10-24T17:45:00Z,0.885,0.529,-0.815,0,-0.813,-0.214
2022-10-24T18:00:00Z,0.509,0.347,-0.583,0,-0.594,-0.321
2022-10-24T18:15:00Z,0.509,0.347,-0.546,0,-0.594,-0.284
2022-10-24T18:30:00Z,0.509,0.347,-0.569,0,-0.594,-0.307
2022-10-24T18:45:00Z,0.509,0.347,-0.668,0,-0.367,-0.179
2022-10-24T19:00:00Z,1.036,-0.152,-0.715,0,-0.001,0.167
2022-10-24T19:15:00Z,1.036,-0.152,-0.91,0,-0.001,-0.028
2022-10-24T19:30:00Z,1.036,-0.152,-0.875,0,-0.002,0.007
2022-10-24T19:45:00Z,1.036,-0.152,-0.845,0,-0.001,0.037
2022-10-24T20:00:00Z,0.813,-0.104,-0.609,-0.008,-0.127,-0.036
2022-10-24T20:15:00Z,0.813,-0.104,-0.435,-0.008,-0.127,0.139
2022-10-24T20:30:00Z,0.813,-0.104,-0.256,-0.008,-0.127,0.318
2022-10-24T20:45:00Z,0.813,-0.104,-0.193,-0.008,-0.085,0.423
2022-10-24T21:00:00Z,0.773,-0.1,-0.654,-0.204,0.359,0.174
2022-10-24T21:15:00Z,0.773,-0.1,-0.691,-0.204,0.359,0.136
2022-10-24T21:30:00Z,0.773,-0.1,-0.557,-0.204,0.359,0.271
2022-10-24T21:45:00Z,0.773,-0.1,-0.481,-0.204,0.238,0.226
2022-10-24T22:00:00Z,0.07,0.535,0.196,-0.237,-0.184,0.381
2022-10-24T22:15:00Z,0.07,0.535,0.024,-0.237,-0.184,0.209
2022-10-24T22:30:00Z,0.07,0.535,0.127,-0.237,-0.184,0.311
2022-10-24T22:45:00Z,0.07,0.535,0.067,-0.237,-0.158,0.277
2022-10-24T23:00:00Z,0.268,0.078,0.131,-0.191,-0.106,0.179
2022-10-24T23:15:00Z,0.268,0.078,-0.013,-0.191,-0.106,0.035
2022-10-24T23:30:00Z,0.268,0.078,-0.001,-0.191,-0.106,0.046
2022-10-24T23:45:00Z,0.268,0.078,-0.064,-0.191,-0.105,-0.015
2022-10-25T00:00:00Z,0.551,-0.429,-0.081,0,-0.106,-0.066
2022-10-25T00:15:00Z,0.551,-0.429,-0.231,0,-0.106,-0.214
2022-10-25T00:30:00Z,0.551,-0.429,-0.307,0,-0.106,-0.291
2022-10-25T00:45:00Z,0.551,-0.429,-0.325,0,-0.106,-0.309
2022-10-25T01:00:00Z,0.755,-0.232,-0.419,0,-0.105,-0.001
2022-10-25T01:15:00Z,0.755,-0.232,-0.408,0,-0.106,0.009
2022-10-25T01:30:00Z,0.755,-0.232,-0.538,0,-0.106,-0.121
2022-10-25T01:45:00Z,0.755,-0.232,-0.616,0,-0.071,-0.163
2022-10-25T02:00:00Z,0.9,-0.209,-0.734,-0.013,0.101,0.045
2022-10-25T02:15:00Z,0.9,-0.209,-0.746,-0.013,0.101,0.033
2022-10-25T02:30:00Z,0.9,-0.209,-0.773,-0.013,0.101,0.006
2022-10-25T02:45:00Z,0.9,-0.209,-0.794,-0.013,0.102,-0.014
2022-10-25T03:00:00Z,1.155,-0.625,-0.61,-0.331,0.383,-0.028
2022-10-25T03:15:00Z,1.155,-0.625,-0.551,-0.331,0.383,0.03
2022-10-25T03:30:00Z,1.155,-0.625,-0.594,-0.331,0.382,-0.013
2022-10-25T03:45:00Z,1.155,-0.625,-0.762,-0.331,0.542,-0.021
2022-10-25T04:00:00Z,1.179,-0.606,-0.996,-0.642,0.827,-0.238
2022-10-25T04:15:00Z,1.179,-0.606,-1.121,-0.642,0.827,-0.363
2022-10-25T04:30:00Z,1.179,-0.606,-1.288,-0.642,0.827,-0.53
2022-10-25T04:45:00Z,1.179,-0.606,-1.302,-0.642,0.825,-0.546
2022-10-25T05:00:00Z,0.97,-0.63,-1.708,-0.634,0.757,-1.245
2022-10-25T05:15:00Z,0.97,-0.63,-1.837,-0.634,0.757,-1.374
2022-10-25T05:30:00Z,0.97,-0.63,-1.655,-0.634,0.757,-1.192
2022-10-25T05:45:00Z,0.97,-0.63,-1.42,-0.634,0.416,-1.298
2022-10-25T06:00:00Z,0.581,-0.334,-1.553,-0.319,-0.001,-1.626
2022-10-25T06:15:00Z,0.581,-0.334,-1.706,-0.319,-0.002,-1.78
2022-10-25T06:30:00Z,0.581,-0.334,-1.677,-0.319,-0.001,-1.75
2022-10-25T06:45:00Z,0.581,-0.334,-1.628,-0.319,-0.001,-1.701
2022-10-25T07:00:00Z,0.194,-0.698,-1.448,-0.337,-0.107,-2.397
2022-10-25T07:15:00Z,0.194,-0.698,-1.768,-0.337,-0.106,-2.716
2022-10-25T07:30:00Z,0.194,-0.698,-1.757,-0.337,-0.107,-2.705
2022-10-25T07:45:00Z,0.194,-0.698,-1.711,-0.337,-0.108,-2.661
2022-10-25T08:00:00Z,-0.046,-0.693,-1.367,-0.64,-0.501,-3.248
2022-10-25T08:15:00Z,-0.046,-0.693,-1.564,-0.64,-0.5,-3.443
2022-10-25T08:30:00Z,-0.046,-0.693,-1.532,-0.64,-0.5,-3.412
2022-10-25T08:45:00Z,-0.046,-0.693,-1.547,-0.64,-0.588,-3.515
2022-10-25T09:00:00Z,-0.192,-0.583,-1.313,-0.445,-1.026,-3.559
2022-10-25T09:15:00Z,-0.192,-0.583,-1.415,-0.445,-1.025,-3.661
2022-10-25T09:30:00Z,-0.192,-0.583,-1.413,-0.445,-1.026,-3.659
2022-10-25T09:45:00Z,-0.192,-0.583,-1.375,-0.445,-0.981,-3.577
2022-10-25T10:00:00Z,0.257,-0.698,-1.517,-0.644,-0.896,-3.498
2022-10-25T10:15:00Z,0.257,-0.698,-1.895,-0.644,-0.896,-3.876
2022-10-25T10:30:00Z,0.257,-0.698,-2.013,-0.644,-0.895,-3.994
2022-10-25T10:45:00Z,0.257,-0.698,-1.829,-0.644,-0.886,-3.8
2022-10-25T11:00:00Z,-0.281,-0.698,-1.071,-0.649,-0.84,-3.539
2022-10-25T11:15:00Z,-0.281,-0.698,-1.032,-0.649,-0.84,-3.5
2022-10-25T11:30:00Z,-0.281,-0.698,-0.908,-0.649,-0.84,-3.377
2022-10-25T11:45:00Z,-0.281,-0.698,-0.89,-0.649,-0.853,-3.371
2022-10-25T12:00:00Z,0.165,-0.693,-1.055,-0.649,-0.917,-3.149
2022-10-25T12:15:00Z,0.165,-0.693,-1.203,-0.649,-0.917,-3.298
2022-10-25T12:30:00Z,0.165,-0.693,-1.516,-0.649,-0.917,-3.61
2022-10-25T12:45:00Z,0.165,-0.693,-1.494,-0.649,-0.915,-3.585
2022-10-25T13:00:00Z,0.48,-0.575,-2.342,-0.642,-0.466,-3.545
2022-10-25T13:15:00Z,0.48,-0.575,-2.408,-0.642,-0.467,-3.612
2022-10-25T13:30:00Z,0.48,-0.575,-2.554,-0.642,-0.467,-3.757
2022-10-25T13:45:00Z,0.48,-0.575,-2.716,-0.642,-0.312,-3.765
2022-10-25T14:00:00Z,1.107,-0.614,-3.064,-0.478,0.102,-2.947
2022-10-25T14:15:00Z,1.107,-0.614,-3.201,-0.478,0.102,-3.084
2022-10-25T14:30:00Z,1.107,-0.614,-3.337,-0.478,0.102,-3.22
2022-10-25T14:45:00Z,1.107,-0.614,-3.158,-0.478,0.103,-3.039
2022-10-25T15:00:00Z,1.885,-0.661,-3.568,-0.242,0.284,-2.302
2022-10-25T15:15:00Z,1.885,-0.661,-3.604,-0.242,0.284,-2.337
2022-10-25T15:30:00Z,1.885,-0.661,-3.413,-0.242,0.283,-2.148
2022-10-25T15:45:00Z,1.885,-0.661,-3.25,-0.242,0.284,-1.984
2022-10-25T16:00:00Z,1.31,-0.163,-3.471,0.026,0.252,-2.046
2022-10-25T16:15:00Z,1.31,-0.163,-3.381,0.026,0.253,-1.955
2022-10-25T16:30:00Z,1.31,-0.163,-3.398,0.026,0.254,-1.971
2022-10-25T16:45:00Z,1.31,-0.163,-3.528,0.026,0.252,-2.103
2022-10-25T17:00:00Z,1.126,-0.013,-3.691,0.299,0.175,-2.104
2022-10-25T17:15:00Z,1.126,-0.013,-3.584,0.299,0.175,-1.997
2022-10-25T17:30:00Z,1.126,-0.013,-3.684,0.299,0.175,-2.097
2022-10-25T17:45:00Z,1.126,-0.013,-3.855,0.299,0.175,-2.268
2022-10-25T18:00:00Z,1.488,-0.612,-3.505,-0.013,0.145,-2.497
2022-10-25T18:15:00Z,1.488,-0.612,-3.562,-0.013,0.146,-2.554
2022-10-25T18:30:00Z,1.488,-0.612,-3.706,-0.013,0.146,-2.697
2022-10-25T18:45:00Z,1.488,-0.612,-3.885,-0.013,0.259,-2.763
2022-10-25T19:00:00Z,1.522,-0.676,-3.981,-0.332,0.483,-2.985
2022-10-25T19:15:00Z,1.522,-0.676,-4.084,-0.332,0.483,-3.087
2022-10-25T19:30:00Z,1.522,-0.676,-4.186,-0.332,0.482,-3.19
2022-10-25T19:45:00Z,1.522,-0.676,-4.11,-0.332,0.483,-3.114
2022-10-25T20:00:00Z,1.026,-0.689,-3.713,-0.646,0.482,-3.54
2022-10-25T20:15:00Z,1.026,-0.689,-3.747,-0.646,0.482,-3.575
2022-10-25T20:30:00Z,1.026,-0.689,-3.554,-0.646,0.481,-3.383
2022-10-25T20:45:00Z,1.026,-0.689,-3.659,-0.646,0.482,-3.486
2022-10-25T21:00:00Z,0.669,-0.489,-3.117,-0.608,0.328,-3.217
2022-10-25T21:15:00Z,0.669,-0.489,-3.116,-0.608,0.329,-3.214
2022-10-25T21:30:00Z,0.669,-0.489,-3.266,-0.608,0.328,-3.365
2022-10-25T21:45:00Z,0.669,-0.489,-3.482,-0.608,0.436,-3.474
2022-10-25T22:00:00Z,0.521,-0.698,-2.961,-0.649,0.648,-3.139
2022-10-25T22:15:00Z,0.521,-0.698,-3.038,-0.649,0.649,-3.215
2022-10-25T22:30:00Z,0.521,-0.698,-3.109,-0.649,0.649,-3.286
2022-10-25T22:45:00Z,0.521,-0.698,-3.061,-0.649,0.649,-3.238
2022-10-25T23:00:00Z,1.152,-0.676,-3.319,-0.648,0.634,-2.857
2022-10-25T23:15:00Z,1.152,-0.676,-3.434,-0.648,0.634,-2.972
2022-10-25T23:30:00Z,1.152,-0.676,-3.339,-0.648,0.633,-2.878
2022-10-25T23:45:00Z,1.152,-0.676,-3.534,-0.648,0.634,-3.073
2022-10-26T00:00:00Z,1.654,-0.694,-3.774,-0.648,0.6,-2.862
2022-10-26T00:15:00Z,1.654,-0.694,-3.932,-0.648,0.6,-3.021
2022-10-26T00:30:00Z,1.654,-0.694,-3.893,-0.648,0.6,-2.981
2022-10-26T00:45:00Z,1.654,-0.694,-3.91,-0.648,0.693,-2.906
2022-10-26T01:00:00Z,1.782,-0.699,-3.978,-0.65,0.874,-2.67
2022-10-26T01:15:00Z,1.782,-0.699,-4.03,-0.65,0.874,-2.722
2022-10-26T01:30:00Z,1.782,-0.699,-3.934,-0.65,0.875,-2.626
2022-10-26T01:45:00Z,1.782,-0.699,-4.006,-0.65,0.892,-2.681
2022-10-26T02:00:00Z,1.812,-0.698,-4.052,-0.649,0.925,-2.662
2022-10-26T02:15:00Z,1.812,-0.698,-4.18,-0.649,0.925,-2.791
2022-10-26T02:30:00Z,1.812,-0.698,-4.374,-0.649,0.925,-2.984
2022-10-26T02:45:00Z,1.812,-0.698,-4.274,-0.649,0.96,-2.849
2022-10-26T03:00:00Z,1.543,-0.688,-4.069,-0.629,1.028,-2.815
2022-10-26T03:15:00Z,1.543,-0.688,-3.986,-0.629,1.028,-2.732
2022-10-26T03:30:00Z,1.543,-0.688,-3.873,-0.629,1.028,-2.619
2022-10-26T03:45:00Z,1.543,-0.688,-3.578,-0.629,1.028,-2.323
2022-10-26T04:00:00Z,1.849,-0.698,-4.096,-0.65,1.028,-2.567
2022-10-26T04:15:00Z,1.849,-0.698,-3.979,-0.65,1.027,-2.451
2022-10-26T04:30:00Z,1.849,-0.698,-4.217,-0.65,1.027,-2.688
2022-10-26T04:45:00Z,1.849,-0.698,-4.111,-0.65,1.028,-2.581
2022-10-26T05:00:00Z,1.722,-0.684,-3.828,-0.649,1.028,-2.412
2022-10-26T05:15:00Z,1.722,-0.684,-3.718,-0.649,1.028,-2.302
2022-10-26T05:30:00Z,1.722,-0.684,-3.528,-0.649,1.027,-2.112
2022-10-26T05:45:00Z,1.722,-0.684,-3.186,-0.649,1.028,-1.77
2022-10-26T06:00:00Z,1.484,-0.653,-3.035,-0.636,1.027,-1.812
2022-10-26T06:15:00Z,1.484,-0.653,-2.996,-0.636,1.028,-1.773
2022-10-26T06:30:00Z,1.484,-0.653,-3.006,-0.636,1.027,-1.783
2022-10-26T06:45:00Z,1.484,-0.653,-3.054,-0.636,1.025,-1.833
2022-10-26T07:00:00Z,2.145,-0.698,-3.401,-0.65,0.598,-2.006
2022-10-26T07:15:00Z,2.145,-0.698,-3.507,-0.65,0.6,-2.11
2022-10-26T07:30:00Z,2.145,-0.698,-3.573,-0.65,0.599,-2.176
2022-10-26T07:45:00Z,2.145,-0.698,-3.443,-0.65,0.598,-2.047
2022-10-26T08:00:00Z,1.695,-0.698,-3.781,-0.649,0.466,-2.967
2022-10-26T08:15:00Z,1.695,-0.698,-4.053,-0.649,0.465,-3.239
2022-10-26T08:30:00Z,1.695,-0.698,-4.11,-0.649,0.465,-3.297
2022-10-26T08:45:00Z,1.695,-0.698,-4.083,-0.649,0.466,-3.269
2022-10-26T09:00:00Z,1.74,-0.698,-4.256,-0.649,0.45,-3.413
2022-10-26T09:15:00Z,1.74,-0.698,-4.355,-0.649,0.451,-3.511
2022-10-26T09:30:00Z,1.74,-0.698,-4.246,-0.649,0.451,-3.402
2022-10-26T09:45:00Z,1.74,-0.698,-4.151,-0.649,0.385,-3.374
2022-10-26T10:00:00Z,1.788,-0.698,-4,-0.649,0.255,-3.304
2022-10-26T10:15:00Z,1.788,-0.698,-3.939,-0.649,0.255,-3.243
2022-10-26T10:30:00Z,1.788,-0.698,-3.941,-0.649,0.255,-3.246
2022-10-26T10:45:00Z,1.788,-0.698,-3.933,-0.649,0.269,-3.223
2022-10-26T11:00:00Z,1.506,-0.698,-3.875,-0.649,0.34,-3.375
2022-10-26T11:15:00Z,1.506,-0.698,-3.941,-0.649,0.34,-3.442
2022-10-26T11:30:00Z,1.506,-0.698,-3.864,-0.649,0.34,-3.365
2022-10-26T11:45:00Z,1.506,-0.698,-3.837,-0.649,0.315,-3.363
2022-10-26T12:00:00Z,1.527,-0.698,-3.524,-0.649,0.199,-3.145
2022-10-26T12:15:00Z,1.527,-0.698,-3.469,-0.649,0.2,-3.089
2022-10-26T12:30:00Z,1.527,-0.698,-3.987,-0.649,0.2,-3.607
2022-10-26T12:45:00Z,1.527,-0.698,-4.056,-0.649,0.292,-3.584
2022-10-26T13:00:00Z,1.435,-0.698,-4.196,-0.649,0.744,-3.363
2022-10-26T13:15:00Z,1.435,-0.698,-4.11,-0.649,0.744,-3.278
2022-10-26T13:30:00Z,1.435,-0.698,-4.145,-0.649,0.745,-3.312
2022-10-26T13:45:00Z,1.435,-0.698,-3.772,-0.649,0.725,-2.959
2022-10-26T14:00:00Z,1.528,-0.694,-2.666,-0.65,0.686,-1.796
2022-10-26T14:15:00Z,1.528,-0.694,-2.099,-0.65,0.685,-1.23
2022-10-26T14:30:00Z,1.528,-0.694,-2.38,-0.65,0.686,-1.51
2022-10-26T14:45:00Z,1.528,-0.694,-2.362,-0.65,0.8,-1.378
2022-10-26T15:00:00Z,1.293,-0.591,-3.475,-0.645,1.028,-2.39
2022-10-26T15:15:00Z,1.293,-0.591,-3.375,-0.645,1.027,-2.291
2022-10-26T15:30:00Z,1.293,-0.591,-3.147,-0.645,1.027,-2.062
2022-10-26T15:45:00Z,1.293,-0.591,-3.032,-0.645,1.028,-1.947
2022-10-26T16:00:00Z,0.512,-0.325,-2.799,-0.547,0.781,-2.377
2022-10-26T16:15:00Z,0.512,-0.325,-2.603,-0.547,0.782,-2.18
2022-10-26T16:30:00Z,0.512,-0.325,-2.369,-0.547,0.781,-1.948
2022-10-26T16:45:00Z,0.512,-0.325,-2.212,-0.547,0.782,-1.79
2022-10-26T17:00:00Z,-0.665,-0.234,-1.666,-0.645,0.703,-2.507
2022-10-26T17:15:00Z,-0.665,-0.234,-1.533,-0.645,0.703,-2.374
2022-10-26T17:30:00Z,-0.665,-0.234,-1.533,-0.645,0.703,-2.374
2022-10-26T17:45:00Z,-0.665,-0.234,-1.549,-0.645,0.702,-2.391
2022-10-26T18:00:00Z,-0.655,-0.548,-1.185,-0.649,0.528,-2.509
2022-10-26T18:15:00Z,-0.655,-0.548,-1.172,-0.649,0.527,-2.497
2022-10-26T18:30:00Z,-0.655,-0.548,-1.115,-0.649,0.527,-2.44
2022-10-26T18:45:00Z,-0.655,-0.548,-1.246,-0.649,0.611,-2.487
2022-10-26T19:00:00Z,-0.08,-0.366,-1.814,-0.638,1.027,-1.872
2022-10-26T19:15:00Z,-0.08,-0.366,-1.647,-0.638,1.027,-1.705
2022-10-26T19:30:00Z,-0.08,-0.366,-1.562,-0.638,1.027,-1.62
2022-10-26T19:45:00Z,-0.08,-0.366,-1.35,-0.638,1.027,-1.408
2022-10-26T20:00:00Z,-0.187,-0.423,-1.312,-0.63,1.027,-1.525
2022-10-26T20:15:00Z,-0.187,-0.423,-1.317,-0.63,1.027,-1.529
2022-10-26T20:30:00Z,-0.187,-0.423,-1.018,-0.63,1.028,-1.23
2022-10-26T20:45:00Z,-0.187,-0.423,-0.883,-0.63,1.027,-1.095
2022-10-26T21:00:00Z,-0.471,-0.512,-0.743,-0.303,0.979,-1.049
2022-10-26T21:15:00Z,-0.471,-0.512,-0.81,-0.303,0.978,-1.118
2022-10-26T21:30:00Z,-0.471,-0.512,-0.646,-0.303,0.977,-0.954
2022-10-26T21:45:00Z,-0.471,-0.512,-0.771,-0.303,0.986,-1.07
2022-10-26T22:00:00Z,0.45,-0.144,-1.182,0.013,1.027,0.164
2022-10-26T22:15:00Z,0.45,-0.144,-1.107,0.013,1.027,0.239
2022-10-26T22:30:00Z,0.45,-0.144,-1.191,0.013,1.027,0.155
2022-10-26T22:45:00Z,0.45,-0.144,-1.227,0.013,1.027,0.12
2022-10-26T23:00:00Z,0.697,-0.355,-0.563,0.29,0.599,0.668
2022-10-26T23:15:00Z,0.697,-0.355,-0.695,0.29,0.6,0.537
2022-10-26T23:30:00Z,0.697,-0.355,-0.632,0.29,0.6,0.6
2022-10-26T23:45:00Z,0.697,-0.355,-0.872,0.29,0.711,0.471
2022-10-27T00:00:00Z,1.288,-0.671,-0.842,0,0.927,0.701
2022-10-27T00:15:00Z,1.288,-0.671,-1.004,0,0.927,0.54
2022-10-27T00:30:00Z,1.288,-0.671,-1.128,0,0.927,0.415
2022-10-27T00:45:00Z,1.288,-0.671,-1.14,0,0.928,0.405
2022-10-27T01:00:00Z,1.094,-0.667,-0.907,0,0.938,0.458
2022-10-27T01:15:00Z,1.094,-0.667,-0.917,0,0.938,0.447
2022-10-27T01:30:00Z,1.094,-0.667,-1.005,0,0.938,0.359
2022-10-27T01:45:00Z,1.094,-0.667,-1.013,0,0.937,0.35
2022-10-27T02:00:00Z,1.005,-0.413,-1.12,0.125,0.879,0.475
2022-10-27T02:15:00Z,1.005,-0.413,-1.215,0.125,0.879,0.381
2022-10-27T02:30:00Z,1.005,-0.413,-1.285,0.125,0.879,0.311
2022-10-27T02:45:00Z,1.005,-0.413,-1.209,0.125,0.895,0.403
2022-10-27T03:00:00Z,0.806,-0.413,-1.69,0.326,0.928,-0.043
2022-10-27T03:15:00Z,0.806,-0.413,-1.821,0.326,0.928,-0.174
2022-10-27T03:30:00Z,0.806,-0.413,-2.019,0.326,0.928,-0.372
2022-10-27T03:45:00Z,0.806,-0.413,-2.155,0.326,0.961,-0.475
2022-10-27T04:00:00Z,1.209,-0.616,-2.301,0.605,1.027,-0.076
2022-10-27T04:15:00Z,1.209,-0.616,-2.502,0.605,1.027,-0.276
2022-10-27T04:30:00Z,1.209,-0.616,-2.546,0.605,1.028,-0.32
2022-10-27T04:45:00Z,1.209,-0.616,-2.56,0.605,1.028,-0.335
2022-10-27T05:00:00Z,1.199,-0.698,-2.106,0.357,1.028,-0.22
2022-10-27T05:15:00Z,1.199,-0.698,-2.018,0.357,1.027,-0.133
2022-10-27T05:30:00Z,1.199,-0.698,-1.918,0.357,1.028,-0.032
2022-10-27T05:45:00Z,1.199,-0.698,-1.983,0.357,1.027,-0.098
2022-10-27T06:00:00Z,1.615,-0.698,-2.098,0.561,0.698,0.078
2022-10-27T06:15:00Z,1.615,-0.698,-2.041,0.561,0.7,0.137
2022-10-27T06:30:00Z,1.615,-0.698,-1.97,0.561,0.699,0.207
2022-10-27T06:45:00Z,1.615,-0.698,-1.901,0.561,0.699,0.277
2022-10-27T07:00:00Z,1.672,-0.698,-2.225,0.441,0.365,-0.445
2022-10-27T07:15:00Z,1.672,-0.698,-2.483,0.441,0.365,-0.703
2022-10-27T07:30:00Z,1.672,-0.698,-2.454,0.441,0.366,-0.674
2022-10-27T07:45:00Z,1.672,-0.698,-2.334,0.441,0.366,-0.553
2022-10-27T08:00:00Z,1.026,-0.698,-2.125,0.138,0.291,-1.368
2022-10-27T08:15:00Z,1.026,-0.698,-2.354,0.138,0.292,-1.596
2022-10-27T08:30:00Z,1.026,-0.698,-2.152,0.138,0.291,-1.395
2022-10-27T08:45:00Z,1.026,-0.698,-1.964,0.138,0.243,-1.256
2022-10-27T09:00:00Z,0.953,-0.698,-1.697,0,0.146,-1.297
2022-10-27T09:15:00Z,0.953,-0.698,-1.646,0,0.146,-1.244
2022-10-27T09:30:00Z,0.953,-0.698,-1.513,0,0.145,-1.112
2022-10-27T09:45:00Z,0.953,-0.698,-1.247,0,0.194,-0.798
2022-10-27T10:00:00Z,0.953,-0.698,-1.257,0,0.287,-0.715
2022-10-27T10:15:00Z,0.953,-0.698,-1.259,0,0.288,-0.716
2022-10-27T10:30:00Z,0.953,-0.698,-1.082,0,0.287,-0.54
2022-10-27T10:45:00Z,0.953,-0.698,-0.964,0,0.288,-0.421
2022-10-27T11:00:00Z,1.085,-0.683,-0.689,0,0.139,-0.148
2022-10-27T11:15:00Z,1.085,-0.683,-0.489,0,0.139,0.052
2022-10-27T11:30:00Z,1.085,-0.683,-0.224,0,0.139,0.317
2022-10-27T11:45:00Z,1.085,-0.683,-0.053,0,0.228,0.577
2022-10-27T12:00:00Z,0.93,-0.673,-0.206,0.016,0.665,0.732
2022-10-27T12:15:00Z,0.93,-0.673,-0.327,0.016,0.666,0.612
2022-10-27T12:30:00Z,0.93,-0.673,-0.455,0.016,0.666,0.485
2022-10-27T12:45:00Z,0.93,-0.673,-0.618,0.016,0.691,0.345
2022-10-27T13:00:00Z,1.084,-0.649,-1.024,0.328,0.739,0.478
2022-10-27T13:15:00Z,1.084,-0.649,-1.169,0.328,0.739,0.333
2022-10-27T13:30:00Z,1.084,-0.649,-1.143,0.328,0.739,0.359
2022-10-27T13:45:00Z,1.084,-0.649,-1.1,0.328,0.746,0.409
2022-10-27T14:00:00Z,1.081,-0.676,-0.884,0.622,0.781,0.924
2022-10-27T14:15:00Z,1.081,-0.676,-0.921,0.622,0.781,0.887
2022-10-27T14:30:00Z,1.081,-0.676,-1.09,0.622,0.78,0.718
2022-10-27T14:45:00Z,1.081,-0.676,-1.034,0.622,0.831,0.824
2022-10-27T15:00:00Z,1.166,-0.145,-1.718,0.622,0.929,0.854
2022-10-27T15:15:00Z,1.166,-0.145,-1.473,0.622,0.929,1.099
2022-10-27T15:30:00Z,1.166,-0.145,-1.452,0.622,0.929,1.12
2022-10-27T15:45:00Z,1.166,-0.145,-1.363,0.622,0.929,1.21
2022-10-27T16:00:00Z,0.954,0.452,-1.651,0.622,0.56,0.937
2022-10-27T16:15:00Z,0.954,0.452,-1.589,0.622,0.561,1
2022-10-27T16:30:00Z,0.954,0.452,-1.632,0.622,0.56,0.956
2022-10-27T16:45:00Z,0.954,0.452,-1.605,0.622,0.35,0.772
2022-10-27T17:00:00Z,0.494,0.694,-1.136,0.623,-0.121,0.554
2022-10-27T17:15:00Z,0.494,0.694,-1.101,0.623,-0.121,0.589
2022-10-27T17:30:00Z,0.494,0.694,-1.083,0.623,-0.121,0.607
2022-10-27T17:45:00Z,0.494,0.694,-0.969,0.623,-0.081,0.76
2022-10-27T18:00:00Z,0.449,0.681,-0.961,0.623,0.1,0.892
2022-10-27T18:15:00Z,0.449,0.681,-0.811,0.623,0.1,1.042
2022-10-27T18:30:00Z,0.449,0.681,-0.799,0.623,0.1,1.054
2022-10-27T18:45:00Z,0.449,0.681,-0.947,0.623,0.1,0.906
2022-10-27T19:00:00Z,0.507,0.206,-0.517,0.623,0.176,0.995
2022-10-27T19:15:00Z,0.507,0.206,-0.433,0.623,0.176,1.079
2022-10-27T19:30:00Z,0.507,0.206,-0.411,0.623,0.176,1.102
2022-10-27T19:45:00Z,0.507,0.206,-0.266,0.623,0.243,1.314
2022-10-27T20:00:00Z,-0.033,0.062,-0.266,0.61,0.567,0.94
2022-10-27T20:15:00Z,-0.033,0.062,-0.269,0.61,0.567,0.938
2022-10-27T20:30:00Z,-0.033,0.062,-0.048,0.61,0.567,1.159
2022-10-27T20:45:00Z,-0.033,0.062,-0.034,0.61,0.565,1.17
2022-10-27T21:00:00Z,0.662,0.127,0.176,0.324,0.465,1.755
2022-10-27T21:15:00Z,0.662,0.127,0.269,0.324,0.465,1.848
2022-10-27T21:30:00Z,0.662,0.127,0.28,0.324,0.465,1.859
2022-10-27T21:45:00Z,0.662,0.127,0.536,0.324,0.307,1.957
2022-10-27T22:00:00Z,1.346,-0.472,1.208,0.059,-0.001,2.14
2022-10-27T22:15:00Z,1.346,-0.472,0.895,0.059,-0,1.827
2022-10-27T22:30:00Z,1.346,-0.472,0.96,0.059,-0.002,1.891
2022-10-27T22:45:00Z,1.346,-0.472,1.073,0.059,-0.001,2.005
2022-10-27T23:00:00Z,1.56,-0.459,0.808,0,0.218,2.127
2022-10-27T23:15:00Z,1.56,-0.459,0.721,0,0.218,2.039
2022-10-27T23:30:00Z,1.56,-0.459,0.447,0,0.219,1.766
2022-10-27T23:45:00Z,1.56,-0.459,0.466,0,0.231,1.798
2022-10-28T00:00:00Z,1.466,-0.556,0.675,0,0.294,1.878
2022-10-28T00:15:00Z,1.466,-0.556,0.674,0,0.294,1.877
2022-10-28T00:30:00Z,1.466,-0.556,0.547,0,0.294,1.75
2022-10-28T00:45:00Z,1.466,-0.556,0.487,0,0.196,1.592
2022-10-28T01:00:00Z,1.642,-0.691,0.665,0,-0.105,1.511
2022-10-28T01:15:00Z,1.642,-0.691,0.448,0,-0.106,1.294
2022-10-28T01:30:00Z,1.642,-0.691,0.372,0,-0.106,1.217
2022-10-28T01:45:00Z,1.642,-0.691,0.336,0,-0.071,1.216
2022-10-28T02:00:00Z,1.608,-0.699,0.072,0,0.139,1.12
2022-10-28T02:15:00Z,1.608,-0.699,-0.063,0,0.139,0.985
2022-10-28T02:30:00Z,1.608,-0.699,-0.252,0,0.14,0.797
2022-10-28T02:45:00Z,1.608,-0.699,-0.202,0,0.228,0.935
2022-10-28T03:00:00Z,1.227,-0.699,-0.271,0.013,0.664,0.935
2022-10-28T03:15:00Z,1.227,-0.699,-0.324,0.013,0.663,0.881
2022-10-28T03:30:00Z,1.227,-0.699,-0.41,0.013,0.663,0.795
2022-10-28T03:45:00Z,1.227,-0.699,-0.632,0.013,0.735,0.644
2022-10-28T04:00:00Z,0.863,-0.699,-1.51,0.323,0.877,-0.145
2022-10-28T04:15:00Z,0.863,-0.699,-1.893,0.323,0.877,-0.528
2022-10-28T04:30:00Z,0.863,-0.699,-1.989,0.323,0.877,-0.624
2022-10-28T04:45:00Z,0.863,-0.699,-1.822,0.323,0.894,-0.441
2022-10-28T05:00:00Z,0.724,-0.699,-2.508,0.531,0.979,-0.973
2022-10-28T05:15:00Z,0.724,-0.699,-2.664,0.531,0.979,-1.128
2022-10-28T05:30:00Z,0.724,-0.699,-2.426,0.531,0.979,-0.89
2022-10-28T05:45:00Z,0.724,-0.699,-2.408,0.531,0.979,-0.873
2022-10-28T06:00:00Z,1.155,-0.697,-2.526,0.566,0.958,-0.545
2022-10-28T06:15:00Z,1.155,-0.697,-2.586,0.566,0.957,-0.605
2022-10-28T06:30:00Z,1.155,-0.697,-2.722,0.566,0.958,-0.74
2022-10-28T06:45:00Z,1.155,-0.697,-2.671,0.566,0.908,-0.739
2022-10-28T07:00:00Z,0.89,-0.672,-2.323,0.301,0.659,-1.144
2022-10-28T07:15:00Z,0.89,-0.672,-2.405,0.301,0.659,-1.226
2022-10-28T07:30:00Z,0.89,-0.672,-2.548,0.301,0.659,-1.37
2022-10-28T07:45:00Z,0.89,-0.672,-2.444,0.301,0.611,-1.314
2022-10-28T08:00:00Z,0.535,-0.691,-2.046,-0.013,0.377,-1.838
2022-10-28T08:15:00Z,0.535,-0.691,-2.164,-0.013,0.378,-1.956
2022-10-28T08:30:00Z,0.535,-0.691,-2.127,-0.013,0.378,-1.918
2022-10-28T08:45:00Z,0.535,-0.691,-2.068,-0.013,0.479,-1.758
2022-10-28T09:00:00Z,0.787,-0.676,-1.98,-0.33,0.679,-1.52
2022-10-28T09:15:00Z,0.787,-0.676,-2.183,-0.33,0.68,-1.722
2022-10-28T09:30:00Z,0.787,-0.676,-2.574,-0.33,0.678,-2.115
2022-10-28T09:45:00Z,0.787,-0.676,-2.554,-0.33,0.704,-2.07
2022-10-28T10:00:00Z,0.568,-0.697,-2.078,-0.585,0.753,-2.038
2022-10-28T10:15:00Z,0.568,-0.697,-2.149,-0.585,0.753,-2.109
2022-10-28T10:30:00Z,0.568,-0.697,-1.89,-0.585,0.753,-1.851
2022-10-28T10:45:00Z,0.568,-0.697,-1.899,-0.585,0.677,-1.936
2022-10-28T11:00:00Z,1.088,-0.672,-2.021,-0.516,0.308,-1.813
2022-10-28T11:15:00Z,1.088,-0.672,-1.937,-0.516,0.309,-1.729
2022-10-28T11:30:00Z,1.088,-0.672,-1.88,-0.516,0.309,-1.671
2022-10-28T11:45:00Z,1.088,-0.672,-1.596,-0.516,0.337,-1.36
2022-10-28T12:00:00Z,1.028,-0.665,-1.638,-0.595,0.476,-1.394
2022-10-28T12:15:00Z,1.028,-0.665,-2.017,-0.595,0.475,-1.774
2022-10-28T12:30:00Z,1.028,-0.665,-2.079,-0.595,0.475,-1.836
2022-10-28T12:45:00Z,1.028,-0.665,-2.211,-0.595,0.488,-1.954
2022-10-28T13:00:00Z,1.095,-0.694,-2,-0.548,0.551,-1.597
2022-10-28T13:15:00Z,1.095,-0.694,-1.868,-0.548,0.551,-1.464
2022-10-28T13:30:00Z,1.095,-0.694,-1.813,-0.548,0.551,-1.409
2022-10-28T13:45:00Z,1.095,-0.694,-1.743,-0.548,0.659,-1.231
2022-10-28T14:00:00Z,0.921,-0.673,-2.038,-0.223,0.876,-1.137
2022-10-28T14:15:00Z,0.921,-0.673,-1.757,-0.223,0.875,-0.856
2022-10-28T14:30:00Z,0.921,-0.673,-1.745,-0.223,0.875,-0.844
2022-10-28T14:45:00Z,0.921,-0.673,-1.475,-0.223,0.875,-0.575
2022-10-28T15:00:00Z,0.516,-0.431,-1.679,0.09,0.616,-0.889
2022-10-28T15:15:00Z,0.516,-0.431,-1.667,0.09,0.617,-0.875
2022-10-28T15:30:00Z,0.516,-0.431,-1.655,0.09,0.616,-0.864
2022-10-28T15:45:00Z,0.516,-0.431,-1.7,0.09,0.614,-0.911
2022-10-28T16:00:00Z,0.258,0.066,-2.402,0.404,0.358,-1.315
2022-10-28T16:15:00Z,0.258,0.066,-2.335,0.404,0.358,-1.248
2022-10-28T16:30:00Z,0.258,0.066,-2.162,0.404,0.358,-1.076
2022-10-28T16:45:00Z,0.258,0.066,-1.934,0.404,0.238,-0.967
2022-10-28T17:00:00Z,-0.947,0.271,-0.834,0.623,-0.474,-1.36
2022-10-28T17:15:00Z,-0.947,0.271,-0.577,0.623,-0.473,-1.103
2022-10-28T17:30:00Z,-0.947,0.271,-0.508,0.623,-0.474,-1.035
2022-10-28T17:45:00Z,-0.947,0.271,-0.237,0.623,-0.561,-0.851
2022-10-28T18:00:00Z,-1.04,0.565,-0.165,0.622,-0.735,-0.752
2022-10-28T18:15:00Z,-1.04,0.565,-0.033,0.622,-0.736,-0.621
2022-10-28T18:30:00Z,-1.04,0.565,-0.037,0.622,-0.735,-0.625
2022-10-28T18:45:00Z,-1.04,0.565,0.095,0.622,-0.693,-0.45
2022-10-28T19:00:00Z,-0.16,0.696,-0.417,0.622,-0.491,0.252
2022-10-28T19:15:00Z,-0.16,0.696,-0.132,0.622,-0.49,0.536
2022-10-28T19:30:00Z,-0.16,0.696,0.075,0.622,-0.49,0.744
2022-10-28T19:45:00Z,-0.16,0.696,0.028,0.622,-0.326,0.861
2022-10-28T20:00:00Z,0.225,0.7,-0.064,0.622,0.105,1.589
2022-10-28T20:15:00Z,0.225,0.7,0.136,0.622,0.104,1.788
2022-10-28T20:30:00Z,0.225,0.7,0.139,0.622,0.104,1.791
2022-10-28T20:45:00Z,0.225,0.7,0.083,0.622,0.21,1.842
2022-10-28T21:00:00Z,0.141,0.7,0.085,0.623,0.419,1.968
2022-10-28T21:15:00Z,0.141,0.7,0.183,0.623,0.419,2.066
2022-10-28T21:30:00Z,0.141,0.7,0.27,0.623,0.418,2.153
2022-10-28T21:45:00Z,0.141,0.7,0.199,0.623,0.374,2.037
2022-10-28T22:00:00Z,0.106,0.7,0.302,0.611,0.157,1.876
2022-10-28T22:15:00Z,0.106,0.7,0.142,0.611,0.157,1.715
2022-10-28T22:30:00Z,0.106,0.7,-0.135,0.611,0.157,1.439
2022-10-28T22:45:00Z,0.106,0.7,-0.189,0.611,0.204,1.431
2022-10-28T23:00:00Z,0.011,0.7,0.095,0.322,0.296,1.425
2022-10-28T23:15:00Z,0.011,0.7,-0.121,0.322,0.296,1.208
2022-10-28T23:30:00Z,0.011,0.7,-0.178,0.322,0.295,1.151
2022-10-28T23:45:00Z,0.011,0.7,-0.225,0.322,0.296,1.105
2022-10-29T00:00:00Z,0.646,0.7,-0.309,0.007,0.243,1.287
2022-10-29T00:15:00Z,0.646,0.7,-0.584,0.007,0.243,1.012
2022-10-29T00:30:00Z,0.646,0.7,-0.553,0.007,0.243,1.043
2022-10-29T00:45:00Z,0.646,0.7,-0.553,0.007,0.247,1.047
2022-10-29T01:00:00Z,0.787,0.692,-0.801,0.141,0.266,1.085
2022-10-29T01:15:00Z,0.787,0.692,-0.776,0.141,0.267,1.11
2022-10-29T01:30:00Z,0.787,0.692,-0.824,0.141,0.267,1.062
2022-10-29T01:45:00Z,0.787,0.692,-0.922,0.141,0.27,0.967
2022-10-29T02:00:00Z,1.186,0.342,-0.823,0,0.281,0.986
2022-10-29T02:15:00Z,1.186,0.342,-0.963,0,0.281,0.846
2022-10-29T02:30:00Z,1.186,0.342,-1.287,0,0.28,0.522
2022-10-29T02:45:00Z,1.186,0.342,-1.311,0,0.317,0.534
2022-10-29T03:00:00Z,1.526,0.433,-1.852,0,0.386,0.492
2022-10-29T03:15:00Z,1.526,0.433,-2.047,0,0.386,0.297
2022-10-29T03:30:00Z,1.526,0.433,-2.074,0,0.386,0.27
2022-10-29T03:45:00Z,1.526,0.433,-2.107,0,0.413,0.264
2022-10-29T04:00:00Z,1.974,0.063,-2.648,0,0.466,-0.145
2022-10-29T04:15:00Z,1.974,0.063,-2.876,0,0.466,-0.374
2022-10-29T04:30:00Z,1.974,0.063,-2.959,0,0.466,-0.456
2022-10-29T04:45:00Z,1.974,0.063,-2.956,0,0.487,-0.433
2022-10-29T05:00:00Z,1.616,0.072,-3.438,0.013,0.586,-1.151
2022-10-29T05:15:00Z,1.616,0.072,-3.563,0.013,0.586,-1.275
2022-10-29T05:30:00Z,1.616,0.072,-3.62,0.013,0.586,-1.332
2022-10-29T05:45:00Z,1.616,0.072,-3.597,0.013,0.597,-1.298
2022-10-29T06:00:00Z,1.096,-0.045,-3.515,0.293,0.617,-1.554
2022-10-29T06:15:00Z,1.096,-0.045,-3.426,0.293,0.617,-1.465
2022-10-29T06:30:00Z,1.096,-0.045,-3.389,0.293,0.618,-1.426
2022-10-29T06:45:00Z,1.096,-0.045,-3.301,0.293,0.618,-1.339
2022-10-29T07:00:00Z,1.198,0.003,-2.872,0,0.273,-1.398
2022-10-29T07:15:00Z,1.198,0.003,-2.868,0,0.273,-1.394
2022-10-29T07:30:00Z,1.198,0.003,-2.97,0,0.273,-1.495
2022-10-29T07:45:00Z,1.198,0.003,-3.007,0,0.234,-1.572
2022-10-29T08:00:00Z,1.178,-0.064,-2.97,0,0.155,-1.701
2022-10-29T08:15:00Z,1.178,-0.064,-3.188,0,0.155,-1.918
2022-10-29T08:30:00Z,1.178,-0.064,-3.275,0,0.155,-2.005
2022-10-29T08:45:00Z,1.178,-0.064,-3.171,0,0.192,-1.864
2022-10-29T09:00:00Z,1.623,-0.102,-3.619,0,0.265,-1.833
2022-10-29T09:15:00Z,1.623,-0.102,-3.699,0,0.264,-1.914
2022-10-29T09:30:00Z,1.623,-0.102,-3.786,0,0.265,-2.001
2022-10-29T09:45:00Z,1.623,-0.102,-3.844,0,0.263,-2.061
2022-10-29T10:00:00Z,0.837,-0.662,-3.018,-0.174,0.141,-2.876
2022-10-29T10:15:00Z,0.837,-0.662,-3.114,-0.174,0.142,-2.972
2022-10-29T10:30:00Z,0.837,-0.662,-3.123,-0.174,0.142,-2.981
2022-10-29T10:45:00Z,0.837,-0.662,-3.144,-0.174,0.162,-2.981
2022-10-29T11:00:00Z,0.925,-0.694,-3.356,-0.294,0.258,-3.161
2022-10-29T11:15:00Z,0.925,-0.694,-3.262,-0.294,0.258,-3.067
2022-10-29T11:30:00Z,0.925,-0.694,-3.36,-0.294,0.258,-3.164
2022-10-29T11:45:00Z,0.925,-0.694,-3.378,-0.294,0.262,-3.179
2022-10-29T12:00:00Z,1.234,-0.666,-3.444,-0.603,0.287,-3.192
2022-10-29T12:15:00Z,1.234,-0.666,-3.512,-0.603,0.287,-3.26
2022-10-29T12:30:00Z,1.234,-0.666,-3.519,-0.603,0.288,-3.266
2022-10-29T12:45:00Z,1.234,-0.666,-3.474,-0.603,0.26,-3.249
2022-10-29T13:00:00Z,1.607,-0.69,-3.154,-0.605,0.143,-2.699
2022-10-29T13:15:00Z,1.607,-0.69,-3.063,-0.605,0.144,-2.607
2022-10-29T13:30:00Z,1.607,-0.69,-3.178,-0.605,0.142,-2.723
2022-10-29T13:45:00Z,1.607,-0.69,-3.237,-0.605,0.178,-2.746
2022-10-29T14:00:00Z,2.156,-0.698,-3.688,-0.538,0.352,-2.416
2022-10-29T14:15:00Z,2.156,-0.698,-3.823,-0.538,0.352,-2.552
2022-10-29T14:30:00Z,2.156,-0.698,-3.97,-0.538,0.352,-2.699
2022-10-29T14:45:00Z,2.156,-0.698,-3.807,-0.538,0.421,-2.467
2022-10-29T15:00:00Z,2.014,-0.699,-4.04,-0.231,0.557,-2.399
2022-10-29T15:15:00Z,2.014,-0.699,-4.051,-0.231,0.558,-2.409
2022-10-29T15:30:00Z,2.014,-0.699,-3.912,-0.231,0.557,-2.271
2022-10-29T15:45:00Z,2.014,-0.699,-3.852,-0.231,0.557,-2.212
2022-10-29T16:00:00Z,1.613,-0.698,-3.726,-0.315,0.424,-2.702
2022-10-29T16:15:00Z,1.613,-0.698,-3.558,-0.315,0.425,-2.534
2022-10-29T16:30:00Z,1.613,-0.698,-3.682,-0.315,0.424,-2.658
2022-10-29T16:45:00Z,1.613,-0.698,-3.464,-0.315,0.379,-2.485
2022-10-29T17:00:00Z,0.789,-0.698,-3.168,-0.166,0.162,-3.081
2022-10-29T17:15:00Z,0.789,-0.698,-3.158,-0.166,0.163,-3.071
2022-10-29T17:30:00Z,0.789,-0.698,-2.982,-0.166,0.163,-2.895
2022-10-29T17:45:00Z,0.789,-0.698,-3.066,-0.166,0.214,-2.928
2022-10-29T18:00:00Z,0.064,-0.682,-3.277,-0.011,0.313,-3.594
2022-10-29T18:15:00Z,0.064,-0.682,-3.331,-0.011,0.313,-3.648
2022-10-29T18:30:00Z,0.064,-0.682,-3.405,-0.011,0.312,-3.723
2022-10-29T18:45:00Z,0.064,-0.682,-3.611,-0.011,0.345,-3.897
2022-10-29T19:00:00Z,-0.048,-0.324,-4.074,-0.262,0.41,-4.299
2022-10-29T19:15:00Z,-0.048,-0.324,-4.292,-0.262,0.409,-4.517
2022-10-29T19:30:00Z,-0.048,-0.324,-4.287,-0.262,0.409,-4.512
2022-10-29T19:45:00Z,-0.048,-0.324,-4.126,-0.262,0.424,-4.337
2022-10-29T20:00:00Z,-0.374,-0.681,-3.594,0,0.453,-4.196
2022-10-29T20:15:00Z,-0.374,-0.681,-3.502,0,0.453,-4.103
2022-10-29T20:30:00Z,-0.374,-0.681,-3.347,0,0.453,-3.948
2022-10-29T20:45:00Z,-0.374,-0.681,-3.301,0,0.453,-3.902
2022-10-29T21:00:00Z,-0.858,-0.586,-2.862,0,0.339,-3.967
2022-10-29T21:15:00Z,-0.858,-0.586,-2.737,0,0.339,-3.842
2022-10-29T21:30:00Z,-0.858,-0.586,-2.567,0,0.339,-3.673
2022-10-29T21:45:00Z,-0.858,-0.586,-2.392,0,0.351,-3.485
2022-10-29T22:00:00Z,-1.258,-0.122,-1.946,0,0.418,-2.907
2022-10-29T22:15:00Z,-1.258,-0.122,-1.681,0,0.418,-2.643
2022-10-29T22:30:00Z,-1.258,-0.122,-1.166,0,0.418,-2.128
2022-10-29T22:45:00Z,-1.258,-0.122,-0.992,0,0.433,-1.939
2022-10-29T23:00:00Z,-1.256,0.24,-1.229,0,0.46,-1.785
2022-10-29T23:15:00Z,-1.256,0.24,-1.3,0,0.461,-1.856
2022-10-29T23:30:00Z,-1.256,0.24,-1.18,0,0.461,-1.736
2022-10-29T23:45:00Z,-1.256,0.24,-1.204,0,0.462,-1.759
2022-10-30T00:00:00Z,-0.162,0.233,-2.23,0,0.606,-1.553
2022-10-30T00:15:00Z,-0.162,0.233,-2.343,0,0.605,-1.666
2022-10-30T00:30:00Z,-0.162,0.233,-2.253,0,0.606,-1.576
2022-10-30T00:45:00Z,-0.162,0.233,-2.101,0,0.606,-1.424
2022-10-30T01:00:00Z,-0.687,0.095,-1.305,0,0.604,-1.293
2022-10-30T01:15:00Z,-0.687,0.095,-1.149,0,0.604,-1.137
2022-10-30T01:30:00Z,-0.687,0.095,-1.128,0,0.604,-1.117
2022-10-30T01:45:00Z,-0.687,0.095,-1.296,0,0.577,-1.311
2022-10-30T02:00:00Z,0.367,0.415,-2.338,0,0.444,-1.113
2022-10-30T02:15:00Z,0.367,0.415,-2.486,0,0.445,-1.26
2022-10-30T02:30:00Z,0.367,0.415,-2.593,0,0.444,-1.368
2022-10-30T02:45:00Z,0.367,0.415,-2.547,0,0.422,-1.343
2022-10-30T03:00:00Z,0.837,0.399,-2.584,0,0.318,-1.031
2022-10-30T03:15:00Z,0.837,0.399,-2.746,0,0.317,-1.193
2022-10-30T03:30:00Z,0.837,0.399,-2.748,0,0.318,-1.195
2022-10-30T03:45:00Z,0.837,0.399,-2.511,0,0.324,-0.952
2022-10-30T04:00:00Z,0.222,0.031,-1.416,0,0.355,-0.808
2022-10-30T04:15:00Z,0.222,0.031,-1.238,0,0.355,-0.63
2022-10-30T04:30:00Z,0.222,0.031,-1.311,0,0.355,-0.703
2022-10-30T04:45:00Z,0.222,0.031,-1.311,0,0.401,-0.656
2022-10-30T05:00:00Z,0.234,-0.07,-1.367,0,0.628,-0.574
2022-10-30T05:15:00Z,0.234,-0.07,-1.434,0,0.628,-0.642
2022-10-30T05:30:00Z,0.234,-0.07,-1.53,0,0.628,-0.738
2022-10-30T05:45:00Z,0.234,-0.07,-1.602,0,0.627,-0.81
2022-10-30T06:00:00Z,1.075,0.314,-2.42,0,0.543,-0.488
2022-10-30T06:15:00Z,1.075,0.314,-2.467,0,0.544,-0.535
2022-10-30T06:30:00Z,1.075,0.314,-2.535,0,0.544,-0.603
2022-10-30T06:45:00Z,1.075,0.314,-2.434,0,0.345,-0.7
2022-10-30T07:00:00Z,0.522,-0.127,-1.311,0.072,-0.002,-0.846
2022-10-30T07:15:00Z,0.522,-0.127,-1.179,0.072,-0.002,-0.714
2022-10-30T07:30:00Z,0.522,-0.127,-1.184,0.072,-0.001,-0.718
2022-10-30T07:45:00Z,0.522,-0.127,-1.308,0.072,-0.001,-0.843
2022-10-30T08:00:00Z,0.696,0.489,-2.014,0,-0.153,-0.982
2022-10-30T08:15:00Z,0.696,0.489,-2.168,0,-0.153,-1.136
2022-10-30T08:30:00Z,0.696,0.489,-2.163,0,-0.153,-1.132
2022-10-30T08:45:00Z,0.696,0.489,-2.236,0,-0.154,-1.205
2022-10-30T09:00:00Z,-0.131,-0.151,-1.033,0,-0.268,-1.582
2022-10-30T09:15:00Z,-0.131,-0.151,-1.077,0,-0.267,-1.627
2022-10-30T09:30:00Z,-0.131,-0.151,-1.404,0,-0.268,-1.954
2022-10-30T09:45:00Z,-0.131,-0.151,-1.54,0,-0.286,-2.108
2022-10-30T10:00:00Z,-0.301,-0.463,-1.381,0,-0.369,-2.514
2022-10-30T10:15:00Z,-0.301,-0.463,-1.542,0,-0.369,-2.676
2022-10-30T10:30:00Z,-0.301,-0.463,-1.519,0,-0.369,-2.652
2022-10-30T10:45:00Z,-0.301,-0.463,-1.571,0,-0.409,-2.745
2022-10-30T11:00:00Z,-0.2,-0.541,-1.119,0,-0.613,-2.473
2022-10-30T11:15:00Z,-0.2,-0.541,-0.938,0,-0.613,-2.292
2022-10-30T11:30:00Z,-0.2,-0.541,-0.839,0,-0.613,-2.194
2022-10-30T11:45:00Z,-0.2,-0.541,-0.938,0,-0.574,-2.254
2022-10-30T12:00:00Z,0.243,-0.351,-1.197,0.013,-0.404,-1.697
2022-10-30T12:15:00Z,0.243,-0.351,-1.082,0.013,-0.404,-1.582
2022-10-30T12:30:00Z,0.243,-0.351,-1.265,0.013,-0.404,-1.764
2022-10-30T12:45:00Z,0.243,-0.351,-1.101,0.013,-0.389,-1.586
2022-10-30T13:00:00Z,0.577,-0.061,-1.973,0.304,-0.316,-1.469
2022-10-30T13:15:00Z,0.577,-0.061,-2.112,0.304,-0.316,-1.609
2022-10-30T13:30:00Z,0.577,-0.061,-2.173,0.304,-0.317,-1.67
2022-10-30T13:45:00Z,0.577,-0.061,-2.326,0.304,-0.247,-1.753
2022-10-30T14:00:00Z,0.736,-0.038,-2.637,0.073,-0.106,-1.972
2022-10-30T14:15:00Z,0.736,-0.038,-2.91,0.073,-0.106,-2.245
2022-10-30T14:30:00Z,0.736,-0.038,-2.945,0.073,-0.106,-2.281
2022-10-30T14:45:00Z,0.736,-0.038,-3.022,0.073,-0.071,-2.322
2022-10-30T15:00:00Z,1.536,-0.688,-3.851,0.164,0.478,-2.361
2022-10-30T15:15:00Z,1.536,-0.688,-4.148,0.164,0.477,-2.66
2022-10-30T15:30:00Z,1.536,-0.688,-4.328,0.164,0.478,-2.838
2022-10-30T15:45:00Z,1.536,-0.688,-4.274,0.164,0.476,-2.787
2022-10-30T16:00:00Z,1.063,-0.483,-4.06,0.052,0.365,-3.064
2022-10-30T16:15:00Z,1.063,-0.483,-3.861,0.052,0.364,-2.865
2022-10-30T16:30:00Z,1.063,-0.483,-3.845,0.052,0.364,-2.849
2022-10-30T16:45:00Z,1.063,-0.483,-3.64,0.052,0.277,-2.731
2022-10-30T17:00:00Z,0.636,-0.699,-3.192,0.081,0.101,-3.073
2022-10-30T17:15:00Z,0.636,-0.699,-3.023,0.081,0.1,-2.904
2022-10-30T17:30:00Z,0.636,-0.699,-2.877,0.081,0.1,-2.758
2022-10-30T17:45:00Z,0.636,-0.699,-2.683,0.081,0.101,-2.564
2022-10-30T18:00:00Z,-0.384,-0.699,-2.409,0.221,0.112,-3.159
2022-10-30T18:15:00Z,-0.384,-0.699,-2.565,0.221,0.112,-3.315
2022-10-30T18:30:00Z,-0.384,-0.699,-2.738,0.221,0.112,-3.488
2022-10-30T18:45:00Z,-0.384,-0.699,-2.713,0.221,0.074,-3.5
2022-10-30T19:00:00Z,-0.49,-0.699,-2.345,0,-0.001,-3.535
2022-10-30T19:15:00Z,-0.49,-0.699,-2.261,0,-0.002,-3.452
2022-10-30T19:30:00Z,-0.49,-0.699,-2.365,0,-0.001,-3.555
2022-10-30T19:45:00Z,-0.49,-0.699,-2.362,0,-0.001,-3.553
2022-10-30T20:00:00Z,-0.572,-0.679,-2.788,0,0.201,-3.838
2022-10-30T20:15:00Z,-0.572,-0.679,-2.777,0,0.2,-3.829
2022-10-30T20:30:00Z,-0.572,-0.679,-2.693,0,0.2,-3.744
2022-10-30T20:45:00Z,-0.572,-0.679,-2.703,0,0.133,-3.821
2022-10-30T21:00:00Z,-1.371,-0.223,-2.662,0,-0.106,-4.361
2022-10-30T21:15:00Z,-1.371,-0.223,-2.591,0,-0.107,-4.292
2022-10-30T21:30:00Z,-1.371,-0.223,-2.289,0,-0.106,-3.989
2022-10-30T21:45:00Z,-1.371,-0.223,-2.17,0,-0.072,-3.836
2022-10-30T22:00:00Z,-1.2,-0.103,-2.334,0,0.282,-3.354
2022-10-30T22:15:00Z,-1.2,-0.103,-2.297,0,0.282,-3.317
2022-10-30T22:30:00Z,-1.2,-0.103,-2.276,0,0.282,-3.297
2022-10-30T22:45:00Z,-1.2,-0.103,-2.01,0,0.322,-2.99
2022-10-30T23:00:00Z,-1.319,-0.676,-0.866,0,0.404,-2.457
2022-10-30T23:15:00Z,-1.319,-0.676,-0.421,0,0.403,-2.013
2022-10-30T23:30:00Z,-1.319,-0.676,-0.413,0,0.403,-2.006
2022-10-30T23:45:00Z,-1.319,-0.676,-0.619,0,0.388,-2.226
2022-10-31T00:00:00Z,-0.887,-0.156,-1.069,0,0.317,-1.796
2022-10-31T00:15:00Z,-0.887,-0.156,-1.203,0,0.316,-1.93
2022-10-31T00:30:00Z,-0.887,-0.156,-1.078,0,0.316,-1.805
2022-10-31T00:45:00Z,-0.887,-0.156,-0.994,0,0.317,-1.721
2022-10-31T01:00:00Z,-0.729,-0.183,-1.084,0,0.318,-1.677
2022-10-31T01:15:00Z,-0.729,-0.183,-1.087,0,0.319,-1.68
2022-10-31T01:30:00Z,-0.729,-0.183,-1.164,0,0.318,-1.758
2022-10-31T01:45:00Z,-0.729,-0.183,-1.122,0,0.318,-1.716
2022-10-31T02:00:00Z,-0.114,-0.176,-1.252,0,0.231,-1.311
2022-10-31T02:15:00Z,-0.114,-0.176,-1.189,0,0.231,-1.249
2022-10-31T02:30:00Z,-0.114,-0.176,-1.131,0,0.231,-1.19
2022-10-31T02:45:00Z,-0.114,-0.176,-1.064,0,0.309,-1.045
2022-10-31T03:00:00Z,0.534,-0.002,-1.674,0.01,0.466,-0.666
2022-10-31T03:15:00Z,0.534,-0.002,-1.936,0.01,0.465,-0.929
2022-10-31T03:30:00Z,0.534,-0.002,-2.086,0.01,0.464,-1.079
2022-10-31T03:45:00Z,0.534,-0.002,-2.329,0.01,0.49,-1.296
2022-10-31T04:00:00Z,1.056,0.5,-3.402,0.235,0.601,-1.01
2022-10-31T04:15:00Z,1.056,0.5,-3.234,0.235,0.6,-0.842
2022-10-31T04:30:00Z,1.056,0.5,-3.188,0.235,0.601,-0.796
2022-10-31T04:45:00Z,1.056,0.5,-3.13,0.235,0.657,-0.682
2022-10-31T05:00:00Z,1.718,0.008,-3.472,0.52,0.931,-0.295
2022-10-31T05:15:00Z,1.718,0.008,-3.419,0.52,0.93,-0.243
2022-10-31T05:30:00Z,1.718,0.008,-3.397,0.52,0.93,-0.22
2022-10-31T05:45:00Z,1.718,0.008,-3.206,0.52,0.934,-0.025
2022-10-31T06:00:00Z,2.069,-0,-2.653,0.266,0.956,0.638
2022-10-31T06:15:00Z,2.069,-0,-2.548,0.266,0.955,0.741
2022-10-31T06:30:00Z,2.069,-0,-2.418,0.266,0.955,0.873
2022-10-31T06:45:00Z,2.069,-0,-2.371,0.266,0.952,0.916
2022-10-31T07:00:00Z,1.626,0,-2.146,0.343,0.867,0.691
2022-10-31T07:15:00Z,1.626,0,-2.518,0.343,0.868,0.319
2022-10-31T07:30:00Z,1.626,0,-2.417,0.343,0.868,0.42
2022-10-31T07:45:00Z,1.626,0,-2.298,0.343,0.455,0.126
2022-10-31T08:00:00Z,1.368,-0,-1.787,0.142,-0.001,-0.278
2022-10-31T08:15:00Z,1.368,-0,-1.822,0.142,-0.001,-0.313
2022-10-31T08:30:00Z,1.368,-0,-2.087,0.142,-0.001,-0.578
2022-10-31T08:45:00Z,1.368,-0,-2.184,0.142,-0.001,-0.675
2022-10-31T09:00:00Z,0.886,-0,-2.256,0.312,0.133,-0.926
2022-10-31T09:15:00Z,0.886,-0,-2.374,0.312,0.132,-1.044
2022-10-31T09:30:00Z,0.886,-0,-2.385,0.312,0.132,-1.056
2022-10-31T09:45:00Z,0.886,-0,-2.365,0.312,0.088,-1.08
2022-10-31T10:00:00Z,0.92,-0,-2.014,0,-0.106,-1.2
2022-10-31T10:15:00Z,0.92,-0,-1.939,0,-0.106,-1.125
2022-10-31T10:30:00Z,0.92,-0,-2.005,0,-0.106,-1.191
2022-10-31T10:45:00Z,0.92,-0,-1.909,0,-0.071,-1.061
2022-10-31T11:00:00Z,0.818,0,-2.05,0,0.101,-1.131
2022-10-31T11:15:00Z,0.818,0,-2.112,0,0.1,-1.194
2022-10-31T11:30:00Z,0.818,0,-2.053,0,0.1,-1.136
2022-10-31T11:45:00Z,0.818,0,-2.17,0,0.101,-1.251
2022-10-31T12:00:00Z,1.151,-0,-2.262,0.084,0.114,-0.914
2022-10-31T12:15:00Z,1.151,-0,-2.432,0.084,0.113,-1.085
2022-10-31T12:30:00Z,1.151,-0,-2.36,0.084,0.114,-1.011
2022-10-31T12:45:00Z,1.151,-0,-2.212,0.084,0.159,-0.818
2022-10-31T13:00:00Z,1.529,-0,-2.549,0.214,0.386,-0.42
2022-10-31T13:15:00Z,1.529,-0,-2.6,0.214,0.386,-0.472
2022-10-31T13:30:00Z,1.529,-0,-2.789,0.214,0.386,-0.661
2022-10-31T13:45:00Z,1.529,-0,-2.711,0.214,0.5,-0.468
2022-10-31T14:00:00Z,1.917,-0,-3.153,0.122,0.728,-0.387
2022-10-31T14:15:00Z,1.917,-0,-3.283,0.122,0.729,-0.516
2022-10-31T14:30:00Z,1.917,-0,-3.303,0.122,0.729,-0.536
2022-10-31T14:45:00Z,1.917,-0,-3.157,0.122,0.731,-0.386
2022-10-31T15:00:00Z,1.761,-0,-2.917,0.239,0.747,-0.169
2022-10-31T15:15:00Z,1.761,-0,-2.791,0.239,0.747,-0.044
2022-10-31T15:30:00Z,1.761,-0,-2.708,0.239,0.747,0.039
2022-10-31T15:45:00Z,1.761,-0,-2.354,0.239,0.415,0.061
2022-10-31T16:00:00Z,1.832,-0,-2.134,0.528,-0.12,0.107
2022-10-31T16:15:00Z,1.832,-0,-2.164,0.528,-0.121,0.076
2022-10-31T16:30:00Z,1.832,-0,-2.123,0.528,-0.12,0.117
2022-10-31T16:45:00Z,1.832,-0,-2.18,0.528,-0.115,0.065
2022-10-31T17:00:00Z,1.242,-0,-2.456,0.335,-0.106,-0.985
2022-10-31T17:15:00Z,1.242,-0,-2.506,0.335,-0.106,-1.035
2022-10-31T17:30:00Z,1.242,-0,-2.544,0.335,-0.106,-1.073
2022-10-31T17:45:00Z,1.242,-0,-2.517,0.335,-0.106,-1.046
2022-10-31T18:00:00Z,1.119,0,-2.854,0.034,-0.167,-1.868
2022-10-31T18:15:00Z,1.119,0,-3.255,0.034,-0.166,-2.268
2022-10-31T18:30:00Z,1.119,0,-3.521,0.034,-0.166,-2.534
2022-10-31T18:45:00Z,1.119,0,-3.448,0.034,-0.168,-2.463
2022-10-31T19:00:00Z,1.101,0,-3.024,0,-0.554,-2.477
2022-10-31T19:15:00Z,1.101,0,-2.816,0,-0.554,-2.268
2022-10-31T19:30:00Z,1.101,0,-2.739,0,-0.553,-2.19
2022-10-31T19:45:00Z,1.101,0,-2.652,0,-0.586,-2.137
2022-10-31T20:00:00Z,0.86,0,-2.033,0,-0.653,-1.825
2022-10-31T20:15:00Z,0.86,0,-2.013,0,-0.652,-1.804
2022-10-31T20:30:00Z,0.86,0,-1.896,0,-0.652,-1.687
2022-10-31T20:45:00Z,0.86,0,-1.92,0,-0.617,-1.677
2022-10-31T21:00:00Z,1.029,0,-2.156,0,-0.452,-1.578
2022-10-31T21:15:00Z,1.029,0,-2.103,0,-0.452,-1.526
2022-10-31T21:30:00Z,1.029,0,-2.011,0,-0.453,-1.434
2022-10-31T21:45:00Z,1.029,0,-1.952,0,-0.517,-1.439
2022-10-31T22:00:00Z,0.551,0,-1.624,-0.013,-0.838,-1.924
2022-10-31T22:15:00Z,0.551,0,-1.929,-0.013,-0.837,-2.229
2022-10-31T22:30:00Z,0.551,0,-1.953,-0.013,-0.838,-2.253
2022-10-31T22:45:00Z,0.551,0,-1.912,-0.013,-0.794,-2.168
2022-10-31T23:00:00Z,1.067,0,-1.575,-0.334,-0.579,-1.42
2022-10-31T23:15:00Z,1.067,0,-1.344,-0.334,-0.578,-1.188
2022-10-31T23:30:00Z,1.067,0,-1.245,-0.334,-0.579,-1.09
2022-10-31T23:45:00Z,1.067,0,-1.259,-0.334,-0.508,-1.033
