tijdstip_utc,belgium,denmark,germany,norway,united_kingdom,sum
2022-08-01T00:00:00Z,0.354,0.69,0.23,0,0.508,1.782
2022-08-01T00:15:00Z,0.354,0.69,0.141,0,0.507,1.692
2022-08-01T00:30:00Z,0.354,0.69,0.107,0,0.507,1.658
2022-08-01T00:45:00Z,0.354,0.69,0.125,0,0.516,1.686
2022-08-01T01:00:00Z,0.616,0.645,-0.009,0,0.559,1.811
2022-08-01T01:15:00Z,0.616,0.645,-0.069,0,0.559,1.751
2022-08-01T01:30:00Z,0.616,0.645,-0.052,0,0.559,1.768
2022-08-01T01:45:00Z,0.616,0.645,-0.032,0,0.437,1.666
2022-08-01T02:00:00Z,0.312,0.69,0.179,0,0.196,1.378
2022-08-01T02:15:00Z,0.312,0.69,0.182,0,0.196,1.381
2022-08-01T02:30:00Z,0.312,0.69,0.183,0,0.196,1.382
2022-08-01T02:45:00Z,0.312,0.69,0.137,0,0.332,1.471
2022-08-01T03:00:00Z,0.312,0.394,-0.185,0,0.598,1.12
2022-08-01T03:15:00Z,0.312,0.394,-0.359,0,0.598,0.946
2022-08-01T03:30:00Z,0.312,0.394,-0.461,0,0.598,0.844
2022-08-01T03:45:00Z,0.312,0.394,-0.55,0,0.597,0.754
2022-08-01T04:00:00Z,0.058,0.692,-1.159,0,0.557,0.147
2022-08-01T04:15:00Z,0.058,0.692,-1.517,0,0.557,-0.21
2022-08-01T04:30:00Z,0.058,0.692,-1.638,0,0.557,-0.331
2022-08-01T04:45:00Z,0.058,0.692,-1.724,0,0.556,-0.418
2022-08-01T05:00:00Z,-0.008,0.698,-1.606,0,0.322,-0.592
2022-08-01T05:15:00Z,-0.008,0.698,-1.695,0,0.323,-0.682
2022-08-01T05:30:00Z,-0.008,0.698,-1.716,0,0.323,-0.702
2022-08-01T05:45:00Z,-0.008,0.698,-1.692,0,0.215,-0.787
2022-08-01T06:00:00Z,0.092,0.625,-1.005,0,-0.547,-0.835
2022-08-01T06:15:00Z,0.092,0.625,-1.181,0,-0.57,-1.033
2022-08-01T06:30:00Z,0.092,0.625,-1.383,0,-0.569,-1.235
2022-08-01T06:45:00Z,0.092,0.625,-1.323,0,-0.571,-1.177
2022-08-01T07:00:00Z,-0.91,0.698,-0.498,0,-0.814,-1.524
2022-08-01T07:15:00Z,-0.91,0.698,-0.519,0,-0.814,-1.545
2022-08-01T07:30:00Z,-0.91,0.698,-0.706,0,-0.814,-1.732
2022-08-01T07:45:00Z,-0.91,0.698,-0.766,0,-0.885,-1.862
2022-08-01T08:00:00Z,-0.824,0.7,-0.759,0,-1.024,-1.908
2022-08-01T08:15:00Z,-0.824,0.7,-0.814,0,-1.025,-1.963
2022-08-01T08:30:00Z,-0.824,0.7,-0.902,0,-1.025,-2.051
2022-08-01T08:45:00Z,-0.824,0.7,-0.95,0,-1.025,-2.099
2022-08-01T09:00:00Z,-0.814,0.7,-0.653,0,-1.025,-1.792
2022-08-01T09:15:00Z,-0.814,0.7,-0.725,0,-1.025,-1.864
2022-08-01T09:30:00Z,-0.814,0.7,-0.802,0,-1.025,-1.941
2022-08-01T09:45:00Z,-0.814,0.7,-0.619,0,-0.942,-1.676
2022-08-01T10:00:00Z,-0.812,0.7,-0.474,0,-0.778,-1.363
2022-08-01T10:15:00Z,-0.812,0.7,-0.485,0,-0.778,-1.374
2022-08-01T10:30:00Z,-0.812,0.7,-0.37,0,-0.777,-1.259
2022-08-01T10:45:00Z,-0.812,0.7,-0.418,0,-0.821,-1.351
2022-08-01T11:00:00Z,-0.607,0.7,-0.508,0,-0.907,-1.322
2022-08-01T11:15:00Z,-0.607,0.7,-0.584,0,-0.908,-1.398
2022-08-01T11:30:00Z,-0.607,0.7,-0.589,0,-0.906,-1.403
2022-08-01T11:45:00Z,-0.607,0.7,-0.572,0,-0.801,-1.28
2022-08-01T12:00:00Z,-0.536,0.697,-0.784,0,-0.593,-1.216
2022-08-01T12:15:00Z,-0.536,0.697,-0.928,0,-0.593,-1.36
2022-08-01T12:30:00Z,-0.536,0.697,-0.916,0,-0.593,-1.348
2022-08-01T12:45:00Z,-0.536,0.697,-0.959,0,-0.621,-1.418
2022-08-01T13:00:00Z,-0.323,0.573,-0.933,0,-0.745,-1.428
2022-08-01T13:15:00Z,-0.323,0.573,-1.018,0,-0.745,-1.514
2022-08-01T13:30:00Z,-0.323,0.573,-1.108,0,-0.746,-1.604
2022-08-01T13:45:00Z,-0.323,0.573,-1.09,0,-0.744,-1.584
2022-08-01T14:00:00Z,-0.709,0.697,-1.187,0,-0.457,-1.656
2022-08-01T14:15:00Z,-0.709,0.697,-1.079,0,-0.458,-1.548
2022-08-01T14:30:00Z,-0.709,0.697,-1.134,0,-0.458,-1.604
2022-08-01T14:45:00Z,-0.709,0.697,-1.095,0,-0.305,-1.412
2022-08-01T15:00:00Z,-1.025,0.696,-1.73,0,0.137,-1.922
2022-08-01T15:15:00Z,-1.025,0.696,-1.866,0,0.137,-2.058
2022-08-01T15:30:00Z,-1.025,0.696,-1.835,0,0.137,-2.027
2022-08-01T15:45:00Z,-1.025,0.696,-1.926,0,0.136,-2.119
2022-08-01T16:00:00Z,-1.166,0.516,-2.205,0,-0.12,-2.974
2022-08-01T16:15:00Z,-1.166,0.516,-2.124,0,-0.12,-2.894
2022-08-01T16:30:00Z,-1.166,0.516,-2.13,0,-0.12,-2.9
2022-08-01T16:45:00Z,-1.166,0.516,-1.965,0,-0.081,-2.696
2022-08-01T17:00:00Z,-1.089,0.514,-2.246,0,0.102,-2.719
2022-08-01T17:15:00Z,-1.089,0.514,-2.129,0,0.101,-2.603
2022-08-01T17:30:00Z,-1.089,0.514,-2.03,0,0.101,-2.503
2022-08-01T17:45:00Z,-1.089,0.514,-1.956,0,0.067,-2.463
2022-08-01T18:00:00Z,-0.699,0.494,-1.756,0,-0.105,-2.066
2022-08-01T18:15:00Z,-0.699,0.494,-1.606,0,-0.106,-1.917
2022-08-01T18:30:00Z,-0.699,0.494,-1.557,0,-0.106,-1.868
2022-08-01T18:45:00Z,-0.699,0.494,-1.538,0,-0.07,-1.813
2022-08-01T19:00:00Z,-0.942,0.359,-1.534,0,0.324,-1.792
2022-08-01T19:15:00Z,-0.942,0.359,-1.457,0,0.325,-1.715
2022-08-01T19:30:00Z,-0.942,0.359,-1.425,0,0.324,-1.683
2022-08-01T19:45:00Z,-0.942,0.359,-1.373,0,0.45,-1.505
2022-08-01T20:00:00Z,-1.028,0.093,-1.428,0,0.697,-1.665
2022-08-01T20:15:00Z,-1.028,0.093,-1.414,0,0.698,-1.65
2022-08-01T20:30:00Z,-1.028,0.093,-1.345,0,0.698,-1.581
2022-08-01T20:45:00Z,-1.028,0.093,-1.468,0,0.714,-1.687
2022-08-01T21:00:00Z,-1.297,-0.223,-0.921,0,0.748,-1.693
2022-08-01T21:15:00Z,-1.297,-0.223,-1.052,0,0.749,-1.823
2022-08-01T21:30:00Z,-1.297,-0.223,-0.983,0,0.748,-1.756
2022-08-01T21:45:00Z,-1.297,-0.223,-0.984,0,0.781,-1.723
2022-08-01T22:00:00Z,-1.072,0.017,-1.115,0,0.845,-1.325
2022-08-01T22:15:00Z,-1.072,0.017,-1.149,0,0.845,-1.359
2022-08-01T22:30:00Z,-1.072,0.017,-1.194,0,0.845,-1.404
2022-08-01T22:45:00Z,-1.072,0.017,-1.105,0,0.896,-1.265
2022-08-01T23:00:00Z,-0.239,-0.064,-1.213,0,0.996,-0.52
2022-08-01T23:15:00Z,-0.239,-0.064,-1.071,0,0.995,-0.379
2022-08-01T23:30:00Z,-0.239,-0.064,-0.975,0,0.995,-0.283
2022-08-01T23:45:00Z,-0.239,-0.064,-0.879,0,0.996,-0.187
2022-08-02T00:00:00Z,0.036,-0.087,-1.02,0,0.995,-0.076
2022-08-02T00:15:00Z,0.036,-0.087,-1.097,0,0.996,-0.152
2022-08-02T00:30:00Z,0.036,-0.087,-1.155,0,0.995,-0.211
2022-08-02T00:45:00Z,0.036,-0.087,-1.24,0,0.996,-0.295
2022-08-02T01:00:00Z,0.388,-0.036,-1.357,0,0.995,-0.011
2022-08-02T01:15:00Z,0.388,-0.036,-1.495,0,0.995,-0.148
2022-08-02T01:30:00Z,0.388,-0.036,-1.509,0,0.996,-0.162
2022-08-02T01:45:00Z,0.388,-0.036,-1.585,0,0.995,-0.237
2022-08-02T02:00:00Z,0.416,-0.002,-1.617,0,0.995,-0.208
2022-08-02T02:15:00Z,0.416,-0.002,-1.76,0,0.995,-0.351
2022-08-02T02:30:00Z,0.416,-0.002,-1.81,0,0.995,-0.401
2022-08-02T02:45:00Z,0.416,-0.002,-1.817,0,0.996,-0.407
2022-08-02T03:00:00Z,-0.174,-0.323,-1.851,0,0.995,-1.352
2022-08-02T03:15:00Z,-0.174,-0.323,-1.781,0,0.995,-1.282
2022-08-02T03:30:00Z,-0.174,-0.323,-1.843,0,0.996,-1.344
2022-08-02T03:45:00Z,-0.174,-0.323,-1.827,0,0.995,-1.329
2022-08-02T04:00:00Z,-0.272,-0.326,-2.004,0,0.995,-1.607
2022-08-02T04:15:00Z,-0.272,-0.326,-2.022,0,0.996,-1.624
2022-08-02T04:30:00Z,-0.272,-0.326,-2.049,0,0.996,-1.651
2022-08-02T04:45:00Z,-0.272,-0.326,-2.065,0,0.995,-1.667
2022-08-02T05:00:00Z,-0.744,-0.642,-1.597,0,0.995,-1.987
2022-08-02T05:15:00Z,-0.744,-0.642,-1.677,0,0.996,-2.067
2022-08-02T05:30:00Z,-0.744,-0.642,-1.649,0,0.996,-2.039
2022-08-02T05:45:00Z,-0.744,-0.642,-1.558,0,0.994,-1.949
2022-08-02T06:00:00Z,-1.381,-0.285,-1.518,0,0.747,-2.438
2022-08-02T06:15:00Z,-1.381,-0.285,-1.616,0,0.747,-2.535
2022-08-02T06:30:00Z,-1.381,-0.285,-1.69,0,0.746,-2.61
2022-08-02T06:45:00Z,-1.381,-0.285,-1.517,0,0.62,-2.563
2022-08-02T07:00:00Z,-1.34,-0.376,-0.833,0,0.123,-2.426
2022-08-02T07:15:00Z,-1.34,-0.376,-0.895,0,0.124,-2.488
2022-08-02T07:30:00Z,-1.34,-0.376,-0.8,0,0.124,-2.392
2022-08-02T07:45:00Z,-1.34,-0.376,-0.811,0,0.083,-2.444
2022-08-02T08:00:00Z,-1.133,-0.196,-0.68,0,-0.586,-2.595
2022-08-02T08:15:00Z,-1.133,-0.196,-0.763,0,-0.627,-2.719
2022-08-02T08:30:00Z,-1.133,-0.196,-0.666,0,-0.627,-2.622
2022-08-02T08:45:00Z,-1.133,-0.196,-0.676,0,-0.76,-2.765
2022-08-02T09:00:00Z,-1.047,-0.457,-0.808,0,-1.024,-3.337
2022-08-02T09:15:00Z,-1.047,-0.457,-0.897,0,-1.024,-3.425
2022-08-02T09:30:00Z,-1.047,-0.457,-0.911,0,-1.024,-3.439
2022-08-02T09:45:00Z,-1.047,-0.457,-0.851,0,-1.024,-3.38
2022-08-02T10:00:00Z,-1.032,-0.698,-0.538,0,-1.024,-3.292
2022-08-02T10:15:00Z,-1.032,-0.698,-0.548,0,-1.025,-3.303
2022-08-02T10:30:00Z,-1.032,-0.698,-0.499,0,-1.024,-3.254
2022-08-02T10:45:00Z,-1.032,-0.698,-0.469,0,-1.025,-3.223
2022-08-02T11:00:00Z,-0.855,-0.698,-0.151,0,-1.025,-2.729
2022-08-02T11:15:00Z,-0.855,-0.698,-0.273,0,-1.025,-2.851
2022-08-02T11:30:00Z,-0.855,-0.698,-0.273,0,-1.025,-2.851
2022-08-02T11:45:00Z,-0.855,-0.698,-0.2,0,-1.024,-2.777
2022-08-02T12:00:00Z,-0.855,-0.698,0.194,0,-1.025,-2.384
2022-08-02T12:15:00Z,-0.855,-0.698,-0.033,0,-1.025,-2.611
2022-08-02T12:30:00Z,-0.855,-0.698,-0.079,0,-1.025,-2.657
2022-08-02T12:45:00Z,-0.855,-0.698,0.054,0,-1.025,-2.524
2022-08-02T13:00:00Z,-0.867,-0.669,-0.226,0,-1.025,-2.787
2022-08-02T13:15:00Z,-0.867,-0.669,-0.287,0,-1.026,-2.849
2022-08-02T13:30:00Z,-0.867,-0.669,-0.275,0,-1.025,-2.836
2022-08-02T13:45:00Z,-0.867,-0.669,-0.475,0,-1.023,-3.034
2022-08-02T14:00:00Z,-0.337,0.002,-1.708,0,-0.822,-2.864
2022-08-02T14:15:00Z,-0.337,0.002,-1.845,0,-0.822,-3.002
2022-08-02T14:30:00Z,-0.337,0.002,-1.799,0,-0.822,-2.956
2022-08-02T14:45:00Z,-0.337,0.002,-1.839,0,-0.443,-2.616
2022-08-02T15:00:00Z,-0.217,0.08,-2.059,0,0.227,-1.969
2022-08-02T15:15:00Z,-0.217,0.08,-1.979,0,0.226,-1.89
2022-08-02T15:30:00Z,-0.217,0.08,-2.113,0,0.226,-2.023
2022-08-02T15:45:00Z,-0.217,0.08,-2.072,0,0.316,-1.893
2022-08-02T16:00:00Z,-0.37,0.525,-2.404,0,0.767,-1.483
2022-08-02T16:15:00Z,-0.37,0.525,-2.228,0,0.766,-1.307
2022-08-02T16:30:00Z,-0.37,0.525,-2.251,0,0.766,-1.329
2022-08-02T16:45:00Z,-0.37,0.525,-2.184,0,0.765,-1.264
2022-08-02T17:00:00Z,-0.192,0.576,-1.883,0,0.763,-0.736
2022-08-02T17:15:00Z,-0.192,0.576,-1.586,0,0.762,-0.44
2022-08-02T17:30:00Z,-0.192,0.576,-1.52,0,0.763,-0.373
2022-08-02T17:45:00Z,-0.192,0.576,-1.467,0,0.762,-0.32
2022-08-02T18:00:00Z,-0.222,0.43,-0.845,0,0.809,0.172
2022-08-02T18:15:00Z,-0.222,0.43,-0.607,0,0.809,0.409
2022-08-02T18:30:00Z,-0.222,0.43,-0.63,0,0.809,0.387
2022-08-02T18:45:00Z,-0.222,0.43,-0.582,0,0.853,0.48
2022-08-02T19:00:00Z,0.082,0.512,-0.631,0,0.94,0.904
2022-08-02T19:15:00Z,0.082,0.512,-0.543,0,0.942,0.993
2022-08-02T19:30:00Z,0.082,0.512,-0.399,0,0.941,1.136
2022-08-02T19:45:00Z,0.082,0.512,-0.256,0,0.96,1.298
2022-08-02T20:00:00Z,-0.524,0.664,-0.183,0,0.996,0.953
2022-08-02T20:15:00Z,-0.524,0.664,-0.218,0,0.996,0.917
2022-08-02T20:30:00Z,-0.524,0.664,-0.108,0,0.995,1.027
2022-08-02T20:45:00Z,-0.524,0.664,-0.076,0,0.996,1.06
2022-08-02T21:00:00Z,-0.949,0.699,0.011,0,0.995,0.756
2022-08-02T21:15:00Z,-0.949,0.699,-0.101,0,0.996,0.645
2022-08-02T21:30:00Z,-0.949,0.699,-0.003,0,0.996,0.743
2022-08-02T21:45:00Z,-0.949,0.699,0.085,0,0.995,0.831
2022-08-02T22:00:00Z,-0.319,0.7,0.257,0,0.996,1.632
2022-08-02T22:15:00Z,-0.319,0.7,-0.117,0,0.996,1.259
2022-08-02T22:30:00Z,-0.319,0.7,-0.139,0,0.996,1.238
2022-08-02T22:45:00Z,-0.319,0.7,-0.038,0,1.015,1.357
2022-08-02T23:00:00Z,-0.669,0.7,0.143,0,1.054,1.228
2022-08-02T23:15:00Z,-0.669,0.7,0.06,0,1.054,1.145
2022-08-02T23:30:00Z,-0.669,0.7,0.217,0,1.054,1.303
2022-08-02T23:45:00Z,-0.669,0.7,0.188,0,1.053,1.273
2022-08-03T00:00:00Z,-0.65,0.7,0.17,0,1.054,1.273
2022-08-03T00:15:00Z,-0.65,0.7,0.14,0,1.054,1.243
2022-08-03T00:30:00Z,-0.65,0.7,0.047,0,1.054,1.151
2022-08-03T00:45:00Z,-0.65,0.7,0.022,0,1.054,1.125
2022-08-03T01:00:00Z,-0.092,0.7,-0.433,0,0.995,1.17
2022-08-03T01:15:00Z,-0.092,0.7,-0.482,0,0.995,1.12
2022-08-03T01:30:00Z,-0.092,0.7,-0.461,0,0.996,1.142
2022-08-03T01:45:00Z,-0.092,0.7,-0.518,0,0.996,1.085
2022-08-03T02:00:00Z,0.486,0.7,-0.957,0,0.996,1.224
2022-08-03T02:15:00Z,0.486,0.7,-1.141,0,0.995,1.04
2022-08-03T02:30:00Z,0.486,0.7,-1.126,0,0.995,1.054
2022-08-03T02:45:00Z,0.486,0.7,-1.094,0,0.995,1.086
2022-08-03T03:00:00Z,-0.038,0.7,-0.76,0,0.996,0.897
2022-08-03T03:15:00Z,-0.038,0.7,-0.705,0,0.995,0.951
2022-08-03T03:30:00Z,-0.038,0.7,-0.947,0,0.995,0.71
2022-08-03T03:45:00Z,-0.038,0.7,-0.98,0,1.015,0.696
2022-08-03T04:00:00Z,0.158,0.7,-1.692,0,1.054,0.22
2022-08-03T04:15:00Z,0.158,0.7,-1.968,0,1.054,-0.056
2022-08-03T04:30:00Z,0.158,0.7,-1.837,0,1.054,0.075
2022-08-03T04:45:00Z,0.158,0.7,-1.896,0,1.054,0.017
2022-08-03T05:00:00Z,-0.377,0.699,-1.662,0,1.054,-0.286
2022-08-03T05:15:00Z,-0.377,0.699,-1.695,0,1.054,-0.319
2022-08-03T05:30:00Z,-0.377,0.699,-1.657,0,1.054,-0.281
2022-08-03T05:45:00Z,-0.377,0.699,-1.737,0,1.054,-0.361
2022-08-03T06:00:00Z,-0.598,0.699,-1.42,0,0.595,-0.724
2022-08-03T06:15:00Z,-0.598,0.699,-1.518,0,0.597,-0.82
2022-08-03T06:30:00Z,-0.598,0.699,-1.584,0,0.597,-0.887
2022-08-03T06:45:00Z,-0.598,0.699,-1.471,0,0.363,-1.007
2022-08-03T07:00:00Z,-0.962,0.69,-0.672,0,-0.001,-0.945
2022-08-03T07:15:00Z,-0.962,0.69,-0.58,0,-0.001,-0.853
2022-08-03T07:30:00Z,-0.962,0.69,-0.553,0,-0.001,-0.825
2022-08-03T07:45:00Z,-0.962,0.69,-0.569,0,-0,-0.84
2022-08-03T08:00:00Z,-0.906,0.277,0.358,0,-0.642,-0.914
2022-08-03T08:15:00Z,-0.906,0.277,0.218,0,-0.71,-1.121
2022-08-03T08:30:00Z,-0.906,0.277,0.142,0,-0.71,-1.197
2022-08-03T08:45:00Z,-0.906,0.277,0.287,0,-0.816,-1.157
2022-08-03T09:00:00Z,-1.055,-0.231,0.838,0,-1.023,-1.471
2022-08-03T09:15:00Z,-1.055,-0.231,0.69,0,-1.025,-1.621
2022-08-03T09:30:00Z,-1.055,-0.231,0.605,0,-1.024,-1.705
2022-08-03T09:45:00Z,-1.055,-0.231,0.554,0,-1.025,-1.756
2022-08-03T10:00:00Z,-1.448,-0.258,0.641,0,-1.024,-2.089
2022-08-03T10:15:00Z,-1.448,-0.258,0.57,0,-1.024,-2.161
2022-08-03T10:30:00Z,-1.448,-0.258,0.591,0,-1.024,-2.139
2022-08-03T10:45:00Z,-1.448,-0.258,0.473,0,-1.045,-2.278
2022-08-03T11:00:00Z,-0.884,-0.161,0.467,0,-1.086,-1.664
2022-08-03T11:15:00Z,-0.884,-0.161,0.226,0,-1.085,-1.904
2022-08-03T11:30:00Z,-0.884,-0.161,0.153,0,-1.085,-1.977
2022-08-03T11:45:00Z,-0.884,-0.161,0.29,0,-1.086,-1.841
2022-08-03T12:00:00Z,-0.869,0.132,-0.211,0,-1.086,-2.034
2022-08-03T12:15:00Z,-0.869,0.132,-0.27,0,-1.086,-2.093
2022-08-03T12:30:00Z,-0.869,0.132,-0.189,0,-1.086,-2.013
2022-08-03T12:45:00Z,-0.869,0.132,-0.113,0,-1.086,-1.936
2022-08-03T13:00:00Z,-0.753,0.216,0.097,0,-1.025,-1.465
2022-08-03T13:15:00Z,-0.753,0.216,0.008,0,-1.025,-1.554
2022-08-03T13:30:00Z,-0.753,0.216,-0.016,0,-1.025,-1.578
2022-08-03T13:45:00Z,-0.753,0.216,-0.002,0,-0.914,-1.454
2022-08-03T14:00:00Z,-0.371,0.681,-0.636,0,-0.362,-0.688
2022-08-03T14:15:00Z,-0.371,0.681,-0.389,0,-0.362,-0.441
2022-08-03T14:30:00Z,-0.371,0.681,-0.53,0,-0.362,-0.583
2022-08-03T14:45:00Z,-0.371,0.681,-0.354,0,-0.362,-0.407
2022-08-03T15:00:00Z,0.25,0.455,-0.2,0,-0.683,-0.179
2022-08-03T15:15:00Z,0.25,0.455,-0.194,0,-0.684,-0.173
2022-08-03T15:30:00Z,0.25,0.455,0.047,0,-0.685,0.068
2022-08-03T15:45:00Z,0.25,0.455,0.291,0,-0.684,0.312
2022-08-03T16:00:00Z,0.066,0.635,-0.082,0,-0.694,-0.076
2022-08-03T16:15:00Z,0.066,0.635,-0.286,0,-0.695,-0.28
2022-08-03T16:30:00Z,0.066,0.635,-0.193,0,-0.694,-0.186
2022-08-03T16:45:00Z,0.066,0.635,-0.271,0,-0.4,0.03
2022-08-03T17:00:00Z,-0.325,0.022,-0.288,0,0.101,-0.49
2022-08-03T17:15:00Z,-0.325,0.022,-0.455,0,0.102,-0.656
2022-08-03T17:30:00Z,-0.325,0.022,-0.452,0,0.101,-0.654
2022-08-03T17:45:00Z,-0.325,0.022,-0.502,0,0.067,-0.737
2022-08-03T18:00:00Z,0.124,0.271,-0.78,0,-0.247,-0.632
2022-08-03T18:15:00Z,0.124,0.271,-1.02,0,-0.247,-0.873
2022-08-03T18:30:00Z,0.124,0.271,-0.855,0,-0.248,-0.708
2022-08-03T18:45:00Z,0.124,0.271,-0.799,0,-0.247,-0.652
2022-08-03T19:00:00Z,-0.089,-0.202,-0.171,0,-0.258,-0.72
2022-08-03T19:15:00Z,-0.089,-0.202,-0.026,0,-0.258,-0.575
2022-08-03T19:30:00Z,-0.089,-0.202,0.06,0,-0.257,-0.488
2022-08-03T19:45:00Z,-0.089,-0.202,0.138,0,-0.259,-0.412
2022-08-03T20:00:00Z,-0.518,0.451,-0.119,0,-0.429,-0.615
2022-08-03T20:15:00Z,-0.518,0.451,-0.012,0,-0.429,-0.508
2022-08-03T20:30:00Z,-0.518,0.451,0.217,0,-0.43,-0.28
2022-08-03T20:45:00Z,-0.518,0.451,0.083,0,-0.431,-0.416
2022-08-03T21:00:00Z,-0.766,0.564,0.241,0,-0.648,-0.609
2022-08-03T21:15:00Z,-0.766,0.564,0.129,0,-0.649,-0.722
2022-08-03T21:30:00Z,-0.766,0.564,0.198,0,-0.65,-0.654
2022-08-03T21:45:00Z,-0.766,0.564,0.197,0,-0.385,-0.39
2022-08-03T22:00:00Z,-0.007,-0.103,-0.315,0,0.824,0.4
2022-08-03T22:15:00Z,-0.007,-0.103,-0.56,0,0.996,0.326
2022-08-03T22:30:00Z,-0.007,-0.103,-0.525,0,0.996,0.36
2022-08-03T22:45:00Z,-0.007,-0.103,-0.459,0,0.996,0.427
2022-08-03T23:00:00Z,0.492,-0.006,-0.062,0,1.055,1.479
2022-08-03T23:15:00Z,0.492,-0.006,0.149,0,1.054,1.688
2022-08-03T23:30:00Z,0.492,-0.006,0.186,0,1.055,1.726
2022-08-03T23:45:00Z,0.492,-0.006,0.156,0,1.054,1.695
2022-08-04T00:00:00Z,0.514,0.036,0.418,0,1.054,2.022
2022-08-04T00:15:00Z,0.514,0.036,0.422,0,1.054,2.026
2022-08-04T00:30:00Z,0.514,0.036,0.447,0,1.054,2.051
2022-08-04T00:45:00Z,0.514,0.036,0.402,0,1.053,2.005
2022-08-04T01:00:00Z,0.83,-0.005,0.364,0,0.995,2.184
2022-08-04T01:15:00Z,0.83,-0.005,0.332,0,0.995,2.152
2022-08-04T01:30:00Z,0.83,-0.005,0.297,0,0.996,2.117
2022-08-04T01:45:00Z,0.83,-0.005,0.308,0,0.996,2.128
2022-08-04T02:00:00Z,0.807,0.001,0.312,0,0.996,2.116
2022-08-04T02:15:00Z,0.807,0.001,0.332,0,0.996,2.136
2022-08-04T02:30:00Z,0.807,0.001,0.338,0,0.995,2.142
2022-08-04T02:45:00Z,0.807,0.001,0.345,0,0.995,2.149
2022-08-04T03:00:00Z,0.495,0.038,0.312,0,0.995,1.84
2022-08-04T03:15:00Z,0.495,0.038,0.239,0,0.996,1.768
2022-08-04T03:30:00Z,0.495,0.038,0.154,0,0.995,1.683
2022-08-04T03:45:00Z,0.495,0.038,0.135,0,1.014,1.683
2022-08-04T04:00:00Z,0.249,-0.002,-0.114,0,1.054,1.188
2022-08-04T04:15:00Z,0.249,-0.002,-0.315,0,1.053,0.986
2022-08-04T04:30:00Z,0.249,-0.002,-0.454,0,1.054,0.847
2022-08-04T04:45:00Z,0.249,-0.002,-0.438,0,1.054,0.863
2022-08-04T05:00:00Z,0.177,0.158,-0.446,0,1.054,0.944
2022-08-04T05:15:00Z,0.177,0.158,-0.417,0,1.054,0.972
2022-08-04T05:30:00Z,0.177,0.158,-0.449,0,1.054,0.939
2022-08-04T05:45:00Z,0.177,0.158,-0.483,0,1.055,0.906
2022-08-04T06:00:00Z,-0.441,0.637,-0.678,0,0.995,0.512
2022-08-04T06:15:00Z,-0.441,0.637,-0.832,0,0.996,0.359
2022-08-04T06:30:00Z,-0.441,0.637,-1.049,0,0.995,0.141
2022-08-04T06:45:00Z,-0.441,0.637,-0.844,0,0.877,0.229
2022-08-04T07:00:00Z,-0.319,0.699,-0.292,0,0.276,0.364
2022-08-04T07:15:00Z,-0.319,0.699,-0.323,0,0.277,0.333
2022-08-04T07:30:00Z,-0.319,0.699,-0.401,0,0.277,0.255
2022-08-04T07:45:00Z,-0.319,0.699,-0.369,0,0.183,0.194
2022-08-04T08:00:00Z,-0.725,0.698,-0.024,0,-0.408,-0.459
2022-08-04T08:15:00Z,-0.725,0.698,-0.224,0,-0.408,-0.66
2022-08-04T08:30:00Z,-0.725,0.698,-0.224,0,-0.408,-0.66
2022-08-04T08:45:00Z,-0.725,0.698,-0.418,0,-0.434,-0.878
2022-08-04T09:00:00Z,-0.714,0.588,0.305,0,-0.484,-0.305
2022-08-04T09:15:00Z,-0.714,0.588,0.496,0,-0.485,-0.114
2022-08-04T09:30:00Z,-0.714,0.588,0.443,0,-0.484,-0.166
2022-08-04T09:45:00Z,-0.714,0.588,0.369,0,-0.323,-0.079
2022-08-04T10:00:00Z,-0.607,-0.046,0.286,0,-0,-0.367
2022-08-04T10:15:00Z,-0.607,-0.046,0.172,0,-0.001,-0.482
2022-08-04T10:30:00Z,-0.607,-0.046,0.184,0,-0.001,-0.47
2022-08-04T10:45:00Z,-0.607,-0.046,0.043,0,-0.001,-0.611
2022-08-04T11:00:00Z,-0.368,-0.169,-0.03,0,-0.001,-0.567
2022-08-04T11:15:00Z,-0.368,-0.169,-0.36,0,-0.001,-0.897
2022-08-04T11:30:00Z,-0.368,-0.169,-0.067,0,-0.001,-0.604
2022-08-04T11:45:00Z,-0.368,-0.169,-0.079,0,-0.001,-0.616
2022-08-04T12:00:00Z,-0.564,-0.186,0.097,0,-0.223,-0.875
2022-08-04T12:15:00Z,-0.564,-0.186,0.085,0,-0.223,-0.887
2022-08-04T12:30:00Z,-0.564,-0.186,0.047,0,-0.223,-0.926
2022-08-04T12:45:00Z,-0.564,-0.186,0.025,0,-0.149,-0.873
2022-08-04T13:00:00Z,-0.175,0.162,-0.559,0,-0,-0.572
2022-08-04T13:15:00Z,-0.175,0.162,-0.736,0,-0,-0.749
2022-08-04T13:30:00Z,-0.175,0.162,-0.804,0,-0.001,-0.818
2022-08-04T13:45:00Z,-0.175,0.162,-0.877,0,-0.001,-0.891
2022-08-04T14:00:00Z,0.325,0.685,-1.492,0,0.142,-0.338
2022-08-04T14:15:00Z,0.325,0.685,-1.502,0,0.142,-0.349
2022-08-04T14:30:00Z,0.325,0.685,-1.506,0,0.142,-0.353
2022-08-04T14:45:00Z,0.325,0.685,-1.434,0,0.181,-0.242
2022-08-04T15:00:00Z,0.275,0.677,-1.49,0,0.258,-0.279
2022-08-04T15:15:00Z,0.275,0.677,-1.407,0,0.259,-0.195
2022-08-04T15:30:00Z,0.275,0.677,-1.454,0,0.259,-0.242
2022-08-04T15:45:00Z,0.275,0.677,-1.502,0,0.258,-0.291
2022-08-04T16:00:00Z,0.195,0.507,-1.702,0,0.241,-0.759
2022-08-04T16:15:00Z,0.195,0.507,-1.759,0,0.241,-0.816
2022-08-04T16:30:00Z,0.195,0.507,-1.785,0,0.241,-0.842
2022-08-04T16:45:00Z,0.195,0.507,-1.851,0,0.3,-0.848
2022-08-04T17:00:00Z,-0.075,0.304,-2.025,0,0.418,-1.378
2022-08-04T17:15:00Z,-0.075,0.304,-1.735,0,0.418,-1.088
2022-08-04T17:30:00Z,-0.075,0.304,-1.508,0,0.418,-0.861
2022-08-04T17:45:00Z,-0.075,0.304,-1.329,0,0.418,-0.682
2022-08-04T18:00:00Z,0.295,0.273,-1.522,0,0.359,-0.594
2022-08-04T18:15:00Z,0.295,0.273,-1.391,0,0.359,-0.464
2022-08-04T18:30:00Z,0.295,0.273,-1.201,0,0.359,-0.273
2022-08-04T18:45:00Z,0.295,0.273,-1.115,0,0.365,-0.182
2022-08-04T19:00:00Z,-0.002,0.235,-0.895,0,0.375,-0.287
2022-08-04T19:15:00Z,-0.002,0.235,-0.935,0,0.375,-0.327
2022-08-04T19:30:00Z,-0.002,0.235,-0.749,0,0.375,-0.141
2022-08-04T19:45:00Z,-0.002,0.235,-0.582,0,0.457,0.108
2022-08-04T20:00:00Z,-0.849,0.264,-0.396,0,0.618,-0.363
2022-08-04T20:15:00Z,-0.849,0.264,-0.184,0,0.618,-0.151
2022-08-04T20:30:00Z,-0.849,0.264,-0.023,0,0.618,0.01
2022-08-04T20:45:00Z,-0.849,0.264,0.069,0,0.649,0.133
2022-08-04T21:00:00Z,-1.079,0.562,-0.019,0,0.711,0.176
2022-08-04T21:15:00Z,-1.079,0.562,-0.064,0,0.711,0.13
2022-08-04T21:30:00Z,-1.079,0.562,0.179,0,0.711,0.373
2022-08-04T21:45:00Z,-1.079,0.562,0.307,0,0.712,0.503
2022-08-04T22:00:00Z,0.52,0.636,-0.414,0,0.996,1.738
2022-08-04T22:15:00Z,0.52,0.636,-0.791,0,0.996,1.361
2022-08-04T22:30:00Z,0.52,0.636,-0.851,0,0.996,1.301
2022-08-04T22:45:00Z,0.52,0.636,-0.731,0,1.005,1.43
2022-08-04T23:00:00Z,0.709,0.686,-0.156,0,1.054,2.293
2022-08-04T23:15:00Z,0.709,0.686,0.056,0,1.055,2.505
2022-08-04T23:30:00Z,0.709,0.686,0.071,0,1.054,2.52
2022-08-04T23:45:00Z,0.709,0.686,0.069,0,1.055,2.518
2022-08-05T00:00:00Z,0.883,0.697,0.068,0,1.054,2.702
2022-08-05T00:15:00Z,0.883,0.697,-0.085,0,1.054,2.549
2022-08-05T00:30:00Z,0.883,0.697,-0.288,0,1.053,2.345
2022-08-05T00:45:00Z,0.883,0.697,-0.305,0,1.054,2.329
2022-08-05T01:00:00Z,0.884,0.684,-0.181,0,0.995,2.383
2022-08-05T01:15:00Z,0.884,0.684,-0.134,0,0.995,2.43
2022-08-05T01:30:00Z,0.884,0.684,-0.207,0,0.995,2.356
2022-08-05T01:45:00Z,0.884,0.684,-0.219,0,0.995,2.345
2022-08-05T02:00:00Z,1.141,0.116,-0.127,0,0.995,2.125
2022-08-05T02:15:00Z,1.141,0.116,-0.18,0,0.995,2.073
2022-08-05T02:30:00Z,1.141,0.116,-0.166,0,0.997,2.088
2022-08-05T02:45:00Z,1.141,0.116,-0.171,0,0.995,2.082
2022-08-05T03:00:00Z,1.737,0.08,-0.636,0,0.995,2.176
2022-08-05T03:15:00Z,1.737,0.08,-0.709,0,0.995,2.102
2022-08-05T03:30:00Z,1.737,0.08,-0.79,0,0.995,2.021
2022-08-05T03:45:00Z,1.737,0.08,-0.86,0,1.015,1.971
2022-08-05T04:00:00Z,1.328,-0.082,-0.535,0,1.054,1.765
2022-08-05T04:15:00Z,1.328,-0.082,-0.473,0,1.054,1.828
2022-08-05T04:30:00Z,1.328,-0.082,-0.54,0,1.054,1.76
2022-08-05T04:45:00Z,1.328,-0.082,-0.574,0,1.053,1.725
2022-08-05T05:00:00Z,1.832,0.003,-1.117,0,1.054,1.773
2022-08-05T05:15:00Z,1.832,0.003,-1.322,0,1.054,1.568
2022-08-05T05:30:00Z,1.832,0.003,-1.352,0,1.055,1.538
2022-08-05T05:45:00Z,1.832,0.003,-1.355,0,1.054,1.534
2022-08-05T06:00:00Z,0.753,0.205,-0.916,0,0.995,1.037
2022-08-05T06:15:00Z,0.753,0.205,-0.982,0,0.995,0.97
2022-08-05T06:30:00Z,0.753,0.205,-0.853,0,0.995,1.1
2022-08-05T06:45:00Z,0.753,0.205,-0.65,0,0.498,0.806
2022-08-05T07:00:00Z,0.52,-0.3,0.107,0,-0.001,0.326
2022-08-05T07:15:00Z,0.52,-0.3,-0.383,0,-0.001,-0.163
2022-08-05T07:30:00Z,0.52,-0.3,-0.385,0,-0.001,-0.165
2022-08-05T07:45:00Z,0.52,-0.3,-0.419,0,-0.001,-0.199
2022-08-05T08:00:00Z,0.322,-0.215,-0.705,0,-0.001,-0.599
2022-08-05T08:15:00Z,0.322,-0.215,-1.077,0,-0.001,-0.972
2022-08-05T08:30:00Z,0.322,-0.215,-0.922,0,-0.001,-0.816
2022-08-05T08:45:00Z,0.322,-0.215,-0.786,0,-0.001,-0.68
2022-08-05T09:00:00Z,0.474,-0.576,-0.551,0,-0.001,-0.654
2022-08-05T09:15:00Z,0.474,-0.576,-0.807,0,-0.001,-0.91
2022-08-05T09:30:00Z,0.474,-0.576,-0.974,0,-0.001,-1.077
2022-08-05T09:45:00Z,0.474,-0.576,-1.223,0,-0,-1.325
2022-08-05T10:00:00Z,0.57,-0.698,-1.295,0,-0.001,-1.424
2022-08-05T10:15:00Z,0.57,-0.698,-1.359,0,-0.001,-1.487
2022-08-05T10:30:00Z,0.57,-0.698,-1.3,0,-0,-1.427
2022-08-05T10:45:00Z,0.57,-0.698,-1.403,0,-0,-1.531
2022-08-05T11:00:00Z,0.239,-0.699,-1.385,0,0,-1.845
2022-08-05T11:15:00Z,0.239,-0.699,-1.497,0,-0.001,-1.958
2022-08-05T11:30:00Z,0.239,-0.699,-1.632,0,-0.001,-2.094
2022-08-05T11:45:00Z,0.239,-0.699,-1.61,0,-0.001,-2.071
2022-08-05T12:00:00Z,0.635,-0.699,-2.122,0,-0.292,-2.478
2022-08-05T12:15:00Z,0.635,-0.699,-2.244,0,-0.292,-2.6
2022-08-05T12:30:00Z,0.635,-0.699,-2.074,0,-0.292,-2.43
2022-08-05T12:45:00Z,0.635,-0.699,-1.996,0,-0.399,-2.459
2022-08-05T13:00:00Z,0.148,-0.69,-1.446,0,-0.937,-2.924
2022-08-05T13:15:00Z,0.148,-0.69,-1.275,0,-0.937,-2.754
2022-08-05T13:30:00Z,0.148,-0.69,-1.214,0,-0.937,-2.693
2022-08-05T13:45:00Z,0.148,-0.69,-1.158,0,-0.966,-2.665
2022-08-05T14:00:00Z,0.41,-0.448,-1.557,0,-1.024,-2.619
2022-08-05T14:15:00Z,0.41,-0.448,-1.601,0,-1.024,-2.663
2022-08-05T14:30:00Z,0.41,-0.448,-1.539,0,-1.025,-2.601
2022-08-05T14:45:00Z,0.41,-0.448,-1.383,0,-1.022,-2.443
2022-08-05T15:00:00Z,0.452,0.054,-1.686,0,-0.947,-2.126
2022-08-05T15:15:00Z,0.452,0.054,-1.508,0,-0.948,-1.95
2022-08-05T15:30:00Z,0.452,0.054,-1.41,0,-0.948,-1.851
2022-08-05T15:45:00Z,0.452,0.054,-1.199,0,-0.487,-1.18
2022-08-05T16:00:00Z,-0.015,0.217,-0.861,0,-0,-0.659
2022-08-05T16:15:00Z,-0.015,0.217,-0.769,0,-0.001,-0.567
2022-08-05T16:30:00Z,-0.015,0.217,-0.62,0,-0.001,-0.418
2022-08-05T16:45:00Z,-0.015,0.217,-0.56,0,-0.001,-0.358
2022-08-05T17:00:00Z,0.589,0.124,-0.921,0,0.573,0.365
2022-08-05T17:15:00Z,0.589,0.124,-0.883,0,0.612,0.441
2022-08-05T17:30:00Z,0.589,0.124,-0.726,0,0.612,0.598
2022-08-05T17:45:00Z,0.589,0.124,-0.588,0,0.611,0.735
2022-08-05T18:00:00Z,1.115,0.439,-0.764,0,0.55,1.34
2022-08-05T18:15:00Z,1.115,0.439,-0.684,0,0.55,1.419
2022-08-05T18:30:00Z,1.115,0.439,-0.462,0,0.551,1.642
2022-08-05T18:45:00Z,1.115,0.439,-0.207,0,0.548,1.894
2022-08-05T19:00:00Z,1.53,0.649,-0.39,0,0.487,2.276
2022-08-05T19:15:00Z,1.53,0.649,-0.363,0,0.486,2.303
2022-08-05T19:30:00Z,1.53,0.649,-0.305,0,0.486,2.36
2022-08-05T19:45:00Z,1.53,0.649,-0.092,0,0.486,2.573
2022-08-05T20:00:00Z,0.938,0.677,-0.009,0,0.671,2.278
2022-08-05T20:15:00Z,0.938,0.677,0.133,0,0.671,2.42
2022-08-05T20:30:00Z,0.938,0.677,0.26,0,0.672,2.547
2022-08-05T20:45:00Z,0.938,0.677,0.279,0,0.672,2.567
2022-08-05T21:00:00Z,0.653,0.672,0.422,0,0.675,2.422
2022-08-05T21:15:00Z,0.653,0.672,0.38,0,0.674,2.379
2022-08-05T21:30:00Z,0.653,0.672,0.42,0,0.674,2.419
2022-08-05T21:45:00Z,0.653,0.672,0.291,0,0.649,2.265
2022-08-05T22:00:00Z,0.467,0.699,0.563,0,0.598,2.328
2022-08-05T22:15:00Z,0.467,0.699,0.548,0,0.599,2.313
2022-08-05T22:30:00Z,0.467,0.699,0.581,0,0.598,2.346
2022-08-05T22:45:00Z,0.467,0.699,0.482,0,0.622,2.271
2022-08-05T23:00:00Z,0.496,0.691,0.565,0,0.667,2.418
2022-08-05T23:15:00Z,0.496,0.691,0.703,0,0.668,2.559
2022-08-05T23:30:00Z,0.496,0.691,0.906,0,0.667,2.76
2022-08-05T23:45:00Z,0.496,0.691,1.02,0,0.651,2.857
2022-08-06T00:00:00Z,-0.193,0.7,1.465,0,0.564,2.535
2022-08-06T00:15:00Z,-0.193,0.7,1.55,0,0.564,2.62
2022-08-06T00:30:00Z,-0.193,0.7,1.476,0,0.564,2.547
2022-08-06T00:45:00Z,-0.193,0.7,1.402,0,0.564,2.472
2022-08-06T01:00:00Z,-0.239,0.678,1.404,0,0.52,2.364
2022-08-06T01:15:00Z,-0.239,0.678,1.482,0,0.52,2.441
2022-08-06T01:30:00Z,-0.239,0.678,1.534,0,0.52,2.493
2022-08-06T01:45:00Z,-0.239,0.678,1.538,0,0.533,2.511
2022-08-06T02:00:00Z,-0.34,0.682,1.509,0,0.56,2.411
2022-08-06T02:15:00Z,-0.34,0.682,1.535,0,0.559,2.436
2022-08-06T02:30:00Z,-0.34,0.682,1.455,0,0.559,2.356
2022-08-06T02:45:00Z,-0.34,0.682,1.38,0,0.534,2.256
2022-08-06T03:00:00Z,0.2,0.696,1.089,0,0.422,2.407
2022-08-06T03:15:00Z,0.2,0.696,1.112,0,0.423,2.43
2022-08-06T03:30:00Z,0.2,0.696,1.085,0,0.421,2.402
2022-08-06T03:45:00Z,0.2,0.696,1.105,0,0.417,2.417
2022-08-06T04:00:00Z,0.261,0.7,1.093,0,0.393,2.447
2022-08-06T04:15:00Z,0.261,0.7,0.972,0,0.392,2.326
2022-08-06T04:30:00Z,0.261,0.7,0.934,0,0.393,2.288
2022-08-06T04:45:00Z,0.261,0.7,0.974,0,0.262,2.197
2022-08-06T05:00:00Z,0.193,0.7,1.143,0,-0.106,1.93
2022-08-06T05:15:00Z,0.193,0.7,0.976,0,-0.105,1.763
2022-08-06T05:30:00Z,0.193,0.7,0.697,0,-0.106,1.484
2022-08-06T05:45:00Z,0.193,0.7,0.42,0,-0.107,1.206
2022-08-06T06:00:00Z,-0.171,0.7,0.302,0,-0.47,0.362
2022-08-06T06:15:00Z,-0.171,0.7,0.223,0,-0.47,0.283
2022-08-06T06:30:00Z,-0.171,0.7,0.272,0,-0.47,0.332
2022-08-06T06:45:00Z,-0.171,0.7,0.37,0,-0.565,0.335
2022-08-06T07:00:00Z,-0.528,0.696,0.521,0,-1.025,-0.335
2022-08-06T07:15:00Z,-0.528,0.696,0.224,0,-1.024,-0.633
2022-08-06T07:30:00Z,-0.528,0.696,-0.098,0,-1.024,-0.954
2022-08-06T07:45:00Z,-0.528,0.696,-0.134,0,-1.024,-0.991
2022-08-06T08:00:00Z,-1.175,0.519,-0.068,0,-1.024,-1.748
2022-08-06T08:15:00Z,-1.175,0.519,-0.424,0,-1.025,-2.104
2022-08-06T08:30:00Z,-1.175,0.519,-0.473,0,-1.024,-2.153
2022-08-06T08:45:00Z,-1.175,0.519,-0.609,0,-1.025,-2.29
2022-08-06T09:00:00Z,-1.418,0.087,-0.261,0,-1.025,-2.618
2022-08-06T09:15:00Z,-1.418,0.087,-0.472,0,-1.025,-2.828
2022-08-06T09:30:00Z,-1.418,0.087,-0.383,0,-1.025,-2.739
2022-08-06T09:45:00Z,-1.418,0.087,-0.29,0,-1.025,-2.646
2022-08-06T10:00:00Z,-1.434,-0.377,0.144,0,-1.025,-2.691
2022-08-06T10:15:00Z,-1.434,-0.377,0.267,0,-1.024,-2.569
2022-08-06T10:30:00Z,-1.434,-0.377,0.226,0,-1.025,-2.61
2022-08-06T10:45:00Z,-1.434,-0.377,0.219,0,-1.046,-2.638
2022-08-06T11:00:00Z,-1.448,0.181,-0.194,0,-1.086,-2.547
2022-08-06T11:15:00Z,-1.448,0.181,-0.433,0,-1.086,-2.786
2022-08-06T11:30:00Z,-1.448,0.181,-0.531,0,-1.085,-2.884
2022-08-06T11:45:00Z,-1.448,0.181,-0.559,0,-1.086,-2.911
2022-08-06T12:00:00Z,-1.081,0.36,-0.763,0,-1.086,-2.571
2022-08-06T12:15:00Z,-1.081,0.36,-0.845,0,-1.086,-2.652
2022-08-06T12:30:00Z,-1.081,0.36,-0.81,0,-1.086,-2.618
2022-08-06T12:45:00Z,-1.081,0.36,-0.845,0,-1.086,-2.652
2022-08-06T13:00:00Z,-0.687,0.462,-1,0,-1.026,-2.25
2022-08-06T13:15:00Z,-0.687,0.462,-0.853,0,-1.025,-2.102
2022-08-06T13:30:00Z,-0.687,0.462,-0.826,0,-1.024,-2.075
2022-08-06T13:45:00Z,-0.687,0.462,-0.696,0,-1.024,-1.945
2022-08-06T14:00:00Z,-0.586,0.056,0.088,0,-1.025,-1.467
2022-08-06T14:15:00Z,-0.586,0.056,-0.033,0,-1.025,-1.588
2022-08-06T14:30:00Z,-0.586,0.056,0.023,0,-1.025,-1.532
2022-08-06T14:45:00Z,-0.586,0.056,0.013,0,-1.022,-1.539
2022-08-06T15:00:00Z,0.426,0.016,-0.548,0,-0.708,-0.814
2022-08-06T15:15:00Z,0.426,0.016,-0.466,0,-0.708,-0.732
2022-08-06T15:30:00Z,0.426,0.016,-0.502,0,-0.708,-0.767
2022-08-06T15:45:00Z,0.426,0.016,-0.414,0,-0.475,-0.447
2022-08-06T16:00:00Z,1.443,0.304,-1.279,0,-0.106,0.362
2022-08-06T16:15:00Z,1.443,0.304,-1.217,0,-0.106,0.424
2022-08-06T16:30:00Z,1.443,0.304,-1.121,0,-0.106,0.52
2022-08-06T16:45:00Z,1.443,0.304,-0.992,0,-0.071,0.684
2022-08-06T17:00:00Z,2.144,0.226,-1.004,0,0.213,1.579
2022-08-06T17:15:00Z,2.144,0.226,-0.742,0,0.212,1.84
2022-08-06T17:30:00Z,2.144,0.226,-0.71,0,0.212,1.872
2022-08-06T17:45:00Z,2.144,0.226,-0.637,0,0.329,2.061
2022-08-06T18:00:00Z,2.304,0.022,-0.356,0,0.56,2.531
2022-08-06T18:15:00Z,2.304,0.022,-0.194,0,0.56,2.693
2022-08-06T18:30:00Z,2.304,0.022,-0.042,0,0.56,2.845
2022-08-06T18:45:00Z,2.304,0.022,0.172,0,0.56,3.059
2022-08-06T19:00:00Z,2.253,0.225,0.175,0,0.453,3.105
2022-08-06T19:15:00Z,2.253,0.225,0.241,0,0.452,3.171
2022-08-06T19:30:00Z,2.253,0.225,0.402,0,0.452,3.331
2022-08-06T19:45:00Z,2.253,0.225,0.479,0,0.453,3.409
2022-08-06T20:00:00Z,1.538,0.659,0.602,0,0.452,3.25
2022-08-06T20:15:00Z,1.538,0.659,0.748,0,0.452,3.396
2022-08-06T20:30:00Z,1.538,0.659,0.927,0,0.452,3.575
2022-08-06T20:45:00Z,1.538,0.659,0.948,0,0.486,3.63
2022-08-06T21:00:00Z,1.001,0.67,1.017,0,0.555,3.243
2022-08-06T21:15:00Z,1.001,0.67,1.063,0,0.555,3.289
2022-08-06T21:30:00Z,1.001,0.67,1.17,0,0.555,3.396
2022-08-06T21:45:00Z,1.001,0.67,1.037,0,0.555,3.263
2022-08-06T22:00:00Z,0.9,0.635,1.514,0,0.118,3.167
2022-08-06T22:15:00Z,0.9,0.635,1.286,0,0.12,2.941
2022-08-06T22:30:00Z,0.9,0.635,1.302,0,0.119,2.957
2022-08-06T22:45:00Z,0.9,0.635,1.435,0,0.08,3.049
2022-08-06T23:00:00Z,0.775,0.645,1.395,0,-0.105,2.71
2022-08-06T23:15:00Z,0.775,0.645,1.25,0,-0.105,2.565
2022-08-06T23:30:00Z,0.775,0.645,1.293,0,-0.105,2.608
2022-08-06T23:45:00Z,0.775,0.645,1.227,0,-0.108,2.54
2022-08-07T00:00:00Z,0.937,0.69,1.177,0,-0.434,2.37
2022-08-07T00:15:00Z,0.937,0.69,1.084,0,-0.434,2.277
2022-08-07T00:30:00Z,0.937,0.69,1.124,0,-0.433,2.318
2022-08-07T00:45:00Z,0.937,0.69,1.186,0,-0.441,2.373
2022-08-07T01:00:00Z,0.893,0.516,1.392,0,-0.472,2.329
2022-08-07T01:15:00Z,0.893,0.516,1.266,0,-0.472,2.203
2022-08-07T01:30:00Z,0.893,0.516,1.234,0,-0.473,2.17
2022-08-07T01:45:00Z,0.893,0.516,1.299,0,-0.462,2.245
2022-08-07T02:00:00Z,0.685,0.126,1.785,0,-0.418,2.177
2022-08-07T02:15:00Z,0.685,0.126,1.749,0,-0.418,2.141
2022-08-07T02:30:00Z,0.685,0.126,1.675,0,-0.418,2.067
2022-08-07T02:45:00Z,0.685,0.126,1.739,0,-0.379,2.17
2022-08-07T03:00:00Z,0.588,0.16,1.577,0,-0.301,2.024
2022-08-07T03:15:00Z,0.588,0.16,1.646,0,-0.302,2.092
2022-08-07T03:30:00Z,0.588,0.16,1.691,0,-0.302,2.137
2022-08-07T03:45:00Z,0.588,0.16,1.689,0,-0.248,2.189
2022-08-07T04:00:00Z,0.492,0.265,1.316,0,-0.139,1.934
2022-08-07T04:15:00Z,0.492,0.265,1.143,0,-0.14,1.761
2022-08-07T04:30:00Z,0.492,0.265,1.008,0,-0.14,1.625
2022-08-07T04:45:00Z,0.492,0.265,0.967,0,-0.142,1.582
2022-08-07T05:00:00Z,0.149,0.043,1.275,0,-0.3,1.167
2022-08-07T05:15:00Z,0.149,0.043,0.989,0,-0.299,0.882
2022-08-07T05:30:00Z,0.149,0.043,0.861,0,-0.299,0.753
2022-08-07T05:45:00Z,0.149,0.043,0.773,0,-0.341,0.624
2022-08-07T06:00:00Z,-0.186,0.215,0.82,0,-0.551,0.299
2022-08-07T06:15:00Z,-0.186,0.215,0.669,0,-0.55,0.148
2022-08-07T06:30:00Z,-0.186,0.215,0.528,0,-0.55,0.006
2022-08-07T06:45:00Z,-0.186,0.215,0.501,0,-0.72,-0.19
2022-08-07T07:00:00Z,-0.24,0.26,0.611,0,-1.024,-0.393
2022-08-07T07:15:00Z,-0.24,0.26,0.292,0,-1.025,-0.713
2022-08-07T07:30:00Z,-0.24,0.26,0.189,0,-1.024,-0.815
2022-08-07T07:45:00Z,-0.24,0.26,-0.134,0,-1.024,-1.138
2022-08-07T08:00:00Z,-0.186,-0.022,-0.629,0,-1.024,-1.861
2022-08-07T08:15:00Z,-0.186,-0.022,-0.941,0,-1.024,-2.173
2022-08-07T08:30:00Z,-0.186,-0.022,-0.959,0,-1.025,-2.193
2022-08-07T08:45:00Z,-0.186,-0.022,-1.056,0,-1.025,-2.289
2022-08-07T09:00:00Z,-0.43,-0.698,-0.87,0,-1.024,-3.022
2022-08-07T09:15:00Z,-0.43,-0.698,-1.262,0,-1.024,-3.414
2022-08-07T09:30:00Z,-0.43,-0.698,-1.274,0,-1.024,-3.427
2022-08-07T09:45:00Z,-0.43,-0.698,-1.234,0,-1.025,-3.387
2022-08-07T10:00:00Z,-0.957,-0.698,-1.378,0,-1.025,-4.057
2022-08-07T10:15:00Z,-0.957,-0.698,-1.368,0,-1.025,-4.048
2022-08-07T10:30:00Z,-0.957,-0.698,-1.285,0,-1.025,-3.965
2022-08-07T10:45:00Z,-0.957,-0.698,-1.352,0,-1.071,-4.078
2022-08-07T11:00:00Z,-0.703,-0.698,-1.671,0,-1.07,-4.142
2022-08-07T11:15:00Z,-0.703,-0.698,-1.702,0,-1.071,-4.173
2022-08-07T11:30:00Z,-0.703,-0.698,-1.642,0,-1.06,-4.103
2022-08-07T11:45:00Z,-0.703,-0.698,-1.562,0,-1.065,-4.028
2022-08-07T12:00:00Z,-1.068,-0.698,-1.474,0,-1.065,-4.305
2022-08-07T12:15:00Z,-1.068,-0.698,-1.489,0,-1.051,-4.306
2022-08-07T12:30:00Z,-1.068,-0.698,-1.356,0,-1.052,-4.174
2022-08-07T12:45:00Z,-1.068,-0.698,-1.449,0,-1.047,-4.262
2022-08-07T13:00:00Z,-0.726,-0.698,-1.295,0,-1.025,-3.744
2022-08-07T13:15:00Z,-0.726,-0.698,-1.274,0,-1.025,-3.722
2022-08-07T13:30:00Z,-0.726,-0.698,-1.319,0,-1.025,-3.768
2022-08-07T13:45:00Z,-0.726,-0.698,-1.135,0,-1.025,-3.584
2022-08-07T14:00:00Z,-0.167,-0.129,-1.369,0,-1.025,-2.69
2022-08-07T14:15:00Z,-0.167,-0.129,-1.341,0,-1.025,-2.662
2022-08-07T14:30:00Z,-0.167,-0.129,-1.312,0,-1.025,-2.632
2022-08-07T14:45:00Z,-0.167,-0.129,-1.312,0,-1.022,-2.631
2022-08-07T15:00:00Z,1.073,-0.24,-1.345,0,-0.936,-1.448
2022-08-07T15:15:00Z,1.073,-0.24,-1.186,0,-0.935,-1.289
2022-08-07T15:30:00Z,1.073,-0.24,-1.178,0,-0.936,-1.281
2022-08-07T15:45:00Z,1.073,-0.24,-1.355,0,-0.483,-1.005
2022-08-07T16:00:00Z,1.71,-0.031,-1.608,0,0.131,0.202
2022-08-07T16:15:00Z,1.71,-0.031,-1.439,0,0.131,0.371
2022-08-07T16:30:00Z,1.71,-0.031,-1.537,0,0.131,0.274
2022-08-07T16:45:00Z,1.71,-0.031,-1.429,0,0.234,0.484
2022-08-07T17:00:00Z,2.061,0.013,-1.41,0,0.44,1.104
2022-08-07T17:15:00Z,2.061,0.013,-1.241,0,0.441,1.274
2022-08-07T17:30:00Z,2.061,0.013,-1.115,0,0.441,1.4
2022-08-07T17:45:00Z,2.061,0.013,-0.917,0,0.441,1.598
2022-08-07T18:00:00Z,2.618,0.433,-1.134,0,0.44,2.358
2022-08-07T18:15:00Z,2.618,0.433,-0.915,0,0.44,2.577
2022-08-07T18:30:00Z,2.618,0.433,-0.799,0,0.44,2.692
2022-08-07T18:45:00Z,2.618,0.433,-0.788,0,0.44,2.703
2022-08-07T19:00:00Z,2.426,0.693,-0.709,0,0.441,2.85
2022-08-07T19:15:00Z,2.426,0.693,-0.502,0,0.441,3.058
2022-08-07T19:30:00Z,2.426,0.693,-0.357,0,0.441,3.203
2022-08-07T19:45:00Z,2.426,0.693,-0.379,0,0.441,3.182
2022-08-07T20:00:00Z,1.838,0.7,-0.04,0,0.44,2.937
2022-08-07T20:15:00Z,1.838,0.7,0.165,0,0.441,3.143
2022-08-07T20:30:00Z,1.838,0.7,0.417,0,0.441,3.396
2022-08-07T20:45:00Z,1.838,0.7,0.328,0,0.441,3.306
2022-08-07T21:00:00Z,2.089,0.69,-0.034,0,0.441,3.186
2022-08-07T21:15:00Z,2.089,0.69,-0.219,0,0.44,3.001
2022-08-07T21:30:00Z,2.089,0.69,-0.128,0,0.441,3.092
2022-08-07T21:45:00Z,2.089,0.69,-0.146,0,0.341,2.975
2022-08-07T22:00:00Z,2.267,0.68,0.225,0,0.141,3.312
2022-08-07T22:15:00Z,2.267,0.68,0.172,0,0.14,3.258
2022-08-07T22:30:00Z,2.267,0.68,0.201,0,0.14,3.287
2022-08-07T22:45:00Z,2.267,0.68,0.101,0,0.184,3.231
2022-08-07T23:00:00Z,2.384,0.671,-0.44,0,0.408,3.023
2022-08-07T23:15:00Z,2.384,0.671,-0.639,0,0.408,2.824
2022-08-07T23:30:00Z,2.384,0.671,-0.741,0,0.408,2.721
2022-08-07T23:45:00Z,2.384,0.671,-0.697,0,0.438,2.796
2022-08-08T00:00:00Z,2.488,0.683,-1.08,0,0.582,2.673
2022-08-08T00:15:00Z,2.488,0.683,-1.095,0,0.582,2.657
2022-08-08T00:30:00Z,2.488,0.683,-0.903,0,0.582,2.85
2022-08-08T00:45:00Z,2.488,0.683,-0.945,0,0.605,2.831
2022-08-08T01:00:00Z,2.289,0.671,-0.966,0,0.714,2.708
2022-08-08T01:15:00Z,2.289,0.671,-1.017,0,0.714,2.657
2022-08-08T01:30:00Z,2.289,0.671,-1.041,0,0.714,2.633
2022-08-08T01:45:00Z,2.289,0.671,-1.025,0,0.734,2.669
2022-08-08T02:00:00Z,2.464,0.693,-1.253,0,0.774,2.678
2022-08-08T02:15:00Z,2.464,0.693,-1.37,0,0.774,2.561
2022-08-08T02:30:00Z,2.464,0.693,-1.365,0,0.774,2.566
2022-08-08T02:45:00Z,2.464,0.693,-1.282,0,0.808,2.683
2022-08-08T03:00:00Z,2.714,0.495,-1.307,0,0.878,2.781
2022-08-08T03:15:00Z,2.714,0.495,-1.289,0,0.878,2.799
2022-08-08T03:30:00Z,2.714,0.495,-1.324,0,0.878,2.763
2022-08-08T03:45:00Z,2.714,0.495,-1.423,0,0.886,2.673
2022-08-08T04:00:00Z,2.874,0.687,-2.104,0,0.904,2.361
2022-08-08T04:15:00Z,2.874,0.687,-2.178,0,0.904,2.286
2022-08-08T04:30:00Z,2.874,0.687,-2.059,0,0.904,2.405
2022-08-08T04:45:00Z,2.874,0.687,-2.131,0,0.903,2.332
2022-08-08T05:00:00Z,2.808,0.652,-2.176,0,0.78,2.063
2022-08-08T05:15:00Z,2.808,0.652,-2.285,0,0.78,1.954
2022-08-08T05:30:00Z,2.808,0.652,-2.276,0,0.78,1.964
2022-08-08T05:45:00Z,2.808,0.652,-2.279,0,0.779,1.959
2022-08-08T06:00:00Z,2.461,-0.021,-1.504,0,0.607,1.542
2022-08-08T06:15:00Z,2.461,-0.021,-1.587,0,0.607,1.46
2022-08-08T06:30:00Z,2.461,-0.021,-1.937,0,0.607,1.109
2022-08-08T06:45:00Z,2.461,-0.021,-2.114,0,0.368,0.692
2022-08-08T07:00:00Z,1.893,-0.121,-1.25,0,-0.144,0.379
2022-08-08T07:15:00Z,1.893,-0.121,-1.487,0,-0.144,0.141
2022-08-08T07:30:00Z,1.893,-0.121,-1.695,0,-0.144,-0.067
2022-08-08T07:45:00Z,1.893,-0.121,-1.703,0,-0.145,-0.076
2022-08-08T08:00:00Z,1.664,-0.359,-1.201,0,-0.569,-0.464
2022-08-08T08:15:00Z,1.664,-0.359,-1.204,0,-0.567,-0.465
2022-08-08T08:30:00Z,1.664,-0.359,-1.278,0,-0.567,-0.54
2022-08-08T08:45:00Z,1.664,-0.359,-1.286,0,-0.577,-0.557
2022-08-08T09:00:00Z,1.445,-0.697,-0.837,0,-0.622,-0.71
2022-08-08T09:15:00Z,1.445,-0.697,-0.848,0,-0.622,-0.722
2022-08-08T09:30:00Z,1.445,-0.697,-0.93,0,-0.622,-0.805
2022-08-08T09:45:00Z,1.445,-0.697,-0.895,0,-0.641,-0.789
2022-08-08T10:00:00Z,1.389,-0.645,-0.678,0,-0.679,-0.613
2022-08-08T10:15:00Z,1.389,-0.645,-0.78,0,-0.679,-0.715
2022-08-08T10:30:00Z,1.389,-0.645,-0.812,0,-0.68,-0.748
2022-08-08T10:45:00Z,1.389,-0.645,-0.84,0,-0.693,-0.789
2022-08-08T11:00:00Z,1.844,-0.695,-0.995,0,-0.754,-0.601
2022-08-08T11:15:00Z,1.844,-0.695,-1.056,0,-0.754,-0.661
2022-08-08T11:30:00Z,1.844,-0.695,-1.082,0,-0.754,-0.688
2022-08-08T11:45:00Z,1.844,-0.695,-1.031,0,-0.74,-0.622
2022-08-08T12:00:00Z,1.732,-0.687,-1.113,0,-0.668,-0.737
2022-08-08T12:15:00Z,1.732,-0.687,-1.17,0,-0.668,-0.793
2022-08-08T12:30:00Z,1.732,-0.687,-1.22,0,-0.669,-0.844
2022-08-08T12:45:00Z,1.732,-0.687,-1.252,0,-0.667,-0.874
2022-08-08T13:00:00Z,1.562,-0.637,-1.255,0,-0.657,-0.987
2022-08-08T13:15:00Z,1.562,-0.637,-1.273,0,-0.656,-1.004
2022-08-08T13:30:00Z,1.562,-0.637,-1.228,0,-0.656,-0.959
2022-08-08T13:45:00Z,1.562,-0.637,-1.264,0,-0.655,-0.993
2022-08-08T14:00:00Z,1.801,-0.673,-1.71,0,-0.355,-0.937
2022-08-08T14:15:00Z,1.801,-0.673,-1.642,0,-0.354,-0.868
2022-08-08T14:30:00Z,1.801,-0.673,-1.534,0,-0.354,-0.76
2022-08-08T14:45:00Z,1.801,-0.673,-1.571,0,-0.354,-0.796
2022-08-08T15:00:00Z,1.885,-0.039,-2.199,0,-0.279,-0.632
2022-08-08T15:15:00Z,1.885,-0.039,-2.191,0,-0.279,-0.625
2022-08-08T15:30:00Z,1.885,-0.039,-2.25,0,-0.278,-0.682
2022-08-08T15:45:00Z,1.885,-0.039,-2.552,0,-0.345,-1.052
2022-08-08T16:00:00Z,2.064,0.549,-2.926,0,-0.48,-0.792
2022-08-08T16:15:00Z,2.064,0.549,-3.046,0,-0.479,-0.911
2022-08-08T16:30:00Z,2.064,0.549,-3.092,0,-0.48,-0.958
2022-08-08T16:45:00Z,2.064,0.549,-2.992,0,-0.44,-0.818
2022-08-08T17:00:00Z,2.289,0.006,-2.74,0,-0.361,-0.806
2022-08-08T17:15:00Z,2.289,0.006,-2.56,0,-0.361,-0.626
2022-08-08T17:30:00Z,2.289,0.006,-2.355,0,-0.362,-0.422
2022-08-08T17:45:00Z,2.289,0.006,-2.305,0,-0.352,-0.362
2022-08-08T18:00:00Z,2.379,0.572,-2.598,0,-0.332,0.022
2022-08-08T18:15:00Z,2.379,0.572,-2.462,0,-0.332,0.157
2022-08-08T18:30:00Z,2.379,0.572,-2.313,0,-0.332,0.307
2022-08-08T18:45:00Z,2.379,0.572,-2.122,0,-0.279,0.551
2022-08-08T19:00:00Z,2.21,-0.041,-1.565,0,-0.174,0.43
2022-08-08T19:15:00Z,2.21,-0.041,-1.411,0,-0.175,0.583
2022-08-08T19:30:00Z,2.21,-0.041,-1.137,0,-0.174,0.857
2022-08-08T19:45:00Z,2.21,-0.041,-0.981,0,-0.175,1.013
2022-08-08T20:00:00Z,1.961,-0.053,-0.346,0,-0.256,1.307
2022-08-08T20:15:00Z,1.961,-0.053,-0.232,0,-0.255,1.422
2022-08-08T20:30:00Z,1.961,-0.053,0.095,0,-0.256,1.748
2022-08-08T20:45:00Z,1.961,-0.053,-0.044,0,-0.257,1.607
2022-08-08T21:00:00Z,2.189,-0.016,-0.047,0,-0.307,1.819
2022-08-08T21:15:00Z,2.189,-0.016,0.133,0,-0.307,2
2022-08-08T21:30:00Z,2.189,-0.016,0.239,0,-0.307,2.105
2022-08-08T21:45:00Z,2.189,-0.016,0.192,0,-0.205,2.16
2022-08-08T22:00:00Z,2.082,0.422,-0.693,0,0.694,2.505
2022-08-08T22:15:00Z,2.082,0.422,-0.9,0,0.792,2.395
2022-08-08T22:30:00Z,2.082,0.422,-0.929,0,0.792,2.367
2022-08-08T22:45:00Z,2.082,0.422,-0.955,0,0.861,2.41
2022-08-08T23:00:00Z,1.976,-0.011,-0.575,0,0.996,2.386
2022-08-08T23:15:00Z,1.976,-0.011,-0.557,0,0.995,2.404
2022-08-08T23:30:00Z,1.976,-0.011,-0.568,0,0.996,2.393
2022-08-08T23:45:00Z,1.976,-0.011,-0.645,0,0.995,2.315
2022-08-09T00:00:00Z,2.228,0,-0.949,0,0.996,2.274
2022-08-09T00:15:00Z,2.228,0,-1.057,0,0.996,2.167
2022-08-09T00:30:00Z,2.228,0,-1.12,0,0.996,2.104
2022-08-09T00:45:00Z,2.228,0,-1.203,0,0.995,2.02
2022-08-09T01:00:00Z,2.055,0.003,-1.257,0,0.996,1.797
2022-08-09T01:15:00Z,2.055,0.003,-0.845,0,0.995,2.208
2022-08-09T01:30:00Z,2.055,0.003,-0.907,0,0.996,2.147
2022-08-09T01:45:00Z,2.055,0.003,-0.931,0,0.995,2.122
2022-08-09T02:00:00Z,1.994,0.011,-0.94,0,0.995,2.06
2022-08-09T02:15:00Z,1.994,0.011,-0.995,0,0.996,2.006
2022-08-09T02:30:00Z,1.994,0.011,-0.903,0,0.995,2.097
2022-08-09T02:45:00Z,1.994,0.011,-0.821,0,0.995,2.179
2022-08-09T03:00:00Z,2.174,0.034,-0.91,0,0.995,2.294
2022-08-09T03:15:00Z,2.174,0.034,-0.825,0,0.995,2.379
2022-08-09T03:30:00Z,2.174,0.034,-0.912,0,0.996,2.292
2022-08-09T03:45:00Z,2.174,0.034,-0.873,0,0.995,2.331
2022-08-09T04:00:00Z,2.268,0.011,-1.275,0,0.995,2
2022-08-09T04:15:00Z,2.268,0.011,-1.716,0,0.995,1.558
2022-08-09T04:30:00Z,2.268,0.011,-1.88,0,0.995,1.394
2022-08-09T04:45:00Z,2.268,0.011,-1.974,0,0.909,1.214
2022-08-09T05:00:00Z,2.017,0.535,-2.004,0,0.477,1.025
2022-08-09T05:15:00Z,2.017,0.535,-2.089,0,0.478,0.94
2022-08-09T05:30:00Z,2.017,0.535,-2.114,0,0.477,0.915
2022-08-09T05:45:00Z,2.017,0.535,-2.132,0,0.478,0.897
2022-08-09T06:00:00Z,1.306,0.034,-1.232,0,0.124,0.232
2022-08-09T06:15:00Z,1.306,0.034,-1.353,0,0.125,0.112
2022-08-09T06:30:00Z,1.306,0.034,-1.48,0,0.125,-0.015
2022-08-09T06:45:00Z,1.306,0.034,-1.654,0,0.084,-0.231
2022-08-09T07:00:00Z,0.584,-0.013,-0.867,0,-0.611,-0.907
2022-08-09T07:15:00Z,0.584,-0.013,-0.998,0,-0.663,-1.09
2022-08-09T07:30:00Z,0.584,-0.013,-1.132,0,-0.663,-1.224
2022-08-09T07:45:00Z,0.584,-0.013,-1.111,0,-0.77,-1.31
2022-08-09T08:00:00Z,0.412,-0.105,-1.094,0,-0.983,-1.77
2022-08-09T08:15:00Z,0.412,-0.105,-1.34,0,-0.983,-2.015
2022-08-09T08:30:00Z,0.412,-0.105,-1.54,0,-0.982,-2.215
2022-08-09T08:45:00Z,0.412,-0.105,-1.503,0,-0.997,-2.193
2022-08-09T09:00:00Z,-0.12,-0.699,-0.852,0,-1.024,-2.696
2022-08-09T09:15:00Z,-0.12,-0.699,-1.089,0,-1.025,-2.933
2022-08-09T09:30:00Z,-0.12,-0.699,-1.187,0,-1.025,-3.032
2022-08-09T09:45:00Z,-0.12,-0.699,-1.01,0,-1.025,-2.855
2022-08-09T10:00:00Z,-0.575,-0.699,-1.261,0,-1.025,-3.56
2022-08-09T10:15:00Z,-0.575,-0.699,-1.538,0,-1.025,-3.837
2022-08-09T10:30:00Z,-0.575,-0.699,-1.498,0,-1.025,-3.797
2022-08-09T10:45:00Z,-0.575,-0.699,-1.614,0,-1.024,-3.912
2022-08-09T11:00:00Z,-0.331,-0.699,-1.908,0,-1.025,-3.964
2022-08-09T11:15:00Z,-0.331,-0.699,-2.089,0,-1.025,-4.144
2022-08-09T11:30:00Z,-0.331,-0.699,-2.088,0,-1.025,-4.143
2022-08-09T11:45:00Z,-0.331,-0.699,-2.03,0,-1.025,-4.085
2022-08-09T12:00:00Z,-0.541,-0.699,-1.934,0,-1.025,-4.199
2022-08-09T12:15:00Z,-0.541,-0.699,-1.926,0,-1.025,-4.191
2022-08-09T12:30:00Z,-0.541,-0.699,-1.926,0,-1.025,-4.191
2022-08-09T12:45:00Z,-0.541,-0.699,-1.915,0,-1.025,-4.18
2022-08-09T13:00:00Z,-0.458,-0.699,-1.91,0,-0.975,-4.042
2022-08-09T13:15:00Z,-0.458,-0.699,-1.927,0,-0.975,-4.059
2022-08-09T13:30:00Z,-0.458,-0.699,-1.932,0,-0.974,-4.064
2022-08-09T13:45:00Z,-0.458,-0.699,-1.838,0,-0.975,-3.97
2022-08-09T14:00:00Z,0.634,-0.699,-2.104,0,-0.962,-3.132
2022-08-09T14:15:00Z,0.634,-0.699,-2.107,0,-0.962,-3.134
2022-08-09T14:30:00Z,0.634,-0.699,-2.044,0,-0.962,-3.071
2022-08-09T14:45:00Z,0.634,-0.699,-1.88,0,-0.861,-2.807
2022-08-09T15:00:00Z,1.533,-0.675,-2.372,0,-0.661,-2.175
2022-08-09T15:15:00Z,1.533,-0.675,-2.258,0,-0.661,-2.06
2022-08-09T15:30:00Z,1.533,-0.675,-2.223,0,-0.661,-2.026
2022-08-09T15:45:00Z,1.533,-0.675,-2.193,0,-0.659,-1.994
2022-08-09T16:00:00Z,1.173,-0.466,-2.397,0,-0.289,-1.979
2022-08-09T16:15:00Z,1.173,-0.466,-2.247,0,-0.289,-1.83
2022-08-09T16:30:00Z,1.173,-0.466,-2.208,0,-0.289,-1.789
2022-08-09T16:45:00Z,1.173,-0.466,-2.038,0,-0.193,-1.524
2022-08-09T17:00:00Z,1.237,-0.678,-1.733,0,0.248,-0.926
2022-08-09T17:15:00Z,1.237,-0.678,-1.517,0,0.248,-0.71
2022-08-09T17:30:00Z,1.237,-0.678,-1.34,0,0.248,-0.532
2022-08-09T17:45:00Z,1.237,-0.678,-1.074,0,0.266,-0.249
2022-08-09T18:00:00Z,1.523,-0.636,-0.982,0,0.354,0.259
2022-08-09T18:15:00Z,1.523,-0.636,-0.792,0,0.354,0.449
2022-08-09T18:30:00Z,1.523,-0.636,-0.626,0,0.354,0.615
2022-08-09T18:45:00Z,1.523,-0.636,-0.354,0,0.304,0.837
2022-08-09T19:00:00Z,1.423,-0.175,-0.546,0,0.208,0.91
2022-08-09T19:15:00Z,1.423,-0.175,-0.486,0,0.208,0.97
2022-08-09T19:30:00Z,1.423,-0.175,-0.348,0,0.208,1.109
2022-08-09T19:45:00Z,1.423,-0.175,-0.351,0,0.208,1.106
2022-08-09T20:00:00Z,1.015,0.014,0.044,0,-0.242,0.831
2022-08-09T20:15:00Z,1.015,0.014,0.185,0,-0.26,0.954
2022-08-09T20:30:00Z,1.015,0.014,0.272,0,-0.26,1.041
2022-08-09T20:45:00Z,1.015,0.014,0.374,0,-0.216,1.188
2022-08-09T21:00:00Z,1.145,0.637,-0.026,0,-0.128,1.628
2022-08-09T21:15:00Z,1.145,0.637,0.022,0,-0.128,1.676
2022-08-09T21:30:00Z,1.145,0.637,0.238,0,-0.128,1.892
2022-08-09T21:45:00Z,1.145,0.637,0.274,0,-0.085,1.97
2022-08-09T22:00:00Z,1.417,0.088,0.046,0,0.249,1.801
2022-08-09T22:15:00Z,1.417,0.088,-0.092,0,0.248,1.661
2022-08-09T22:30:00Z,1.417,0.088,-0.165,0,0.248,1.589
2022-08-09T22:45:00Z,1.417,0.088,-0.184,0,0.281,1.603
2022-08-09T23:00:00Z,1.672,0.064,-0.497,0,0.432,1.671
2022-08-09T23:15:00Z,1.672,0.064,-0.545,0,0.431,1.622
2022-08-09T23:30:00Z,1.672,0.064,-0.497,0,0.431,1.67
2022-08-09T23:45:00Z,1.672,0.064,-0.519,0,0.441,1.658
2022-08-10T00:00:00Z,1.634,-0.019,-0.524,0,0.489,1.58
2022-08-10T00:15:00Z,1.634,-0.019,-0.6,0,0.488,1.503
2022-08-10T00:30:00Z,1.634,-0.019,-0.711,0,0.489,1.393
2022-08-10T00:45:00Z,1.634,-0.019,-0.823,0,0.653,1.444
2022-08-10T01:00:00Z,1.781,0.013,-1.252,0,0.947,1.489
2022-08-10T01:15:00Z,1.781,0.013,-1.269,0,0.947,1.471
2022-08-10T01:30:00Z,1.781,0.013,-1.319,0,0.947,1.421
2022-08-10T01:45:00Z,1.781,0.013,-1.349,0,0.955,1.399
2022-08-10T02:00:00Z,1.962,0.354,-1.76,0,0.994,1.55
2022-08-10T02:15:00Z,1.962,0.354,-1.66,0,0.995,1.65
2022-08-10T02:30:00Z,1.962,0.354,-1.736,0,0.994,1.573
2022-08-10T02:45:00Z,1.962,0.354,-1.916,0,0.995,1.395
2022-08-10T03:00:00Z,2.498,0.691,-2.457,0,0.996,1.728
2022-08-10T03:15:00Z,2.498,0.691,-2.402,0,0.995,1.782
2022-08-10T03:30:00Z,2.498,0.691,-2.439,0,0.995,1.745
2022-08-10T03:45:00Z,2.498,0.691,-2.502,0,0.994,1.681
2022-08-10T04:00:00Z,2.571,0.7,-2.699,0,0.895,1.468
2022-08-10T04:15:00Z,2.571,0.7,-2.926,0,0.895,1.24
2022-08-10T04:30:00Z,2.571,0.7,-2.958,0,0.894,1.208
2022-08-10T04:45:00Z,2.571,0.7,-2.969,0,0.893,1.195
2022-08-10T05:00:00Z,2.094,0.684,-2.723,0,0.769,0.824
2022-08-10T05:15:00Z,2.094,0.684,-2.574,0,0.471,0.675
2022-08-10T05:30:00Z,2.094,0.684,-2.638,0,0.472,0.612
2022-08-10T05:45:00Z,2.094,0.684,-2.604,0,0.348,0.523
2022-08-10T06:00:00Z,1.744,0.017,-1.641,0,-0.001,0.119
2022-08-10T06:15:00Z,1.744,0.017,-1.473,0,-0.42,-0.133
2022-08-10T06:30:00Z,1.744,0.017,-1.385,0,-0.57,-0.195
2022-08-10T06:45:00Z,1.744,0.017,-1.362,0,-0.73,-0.332
2022-08-10T07:00:00Z,0.908,0.041,-0.905,0,-1.025,-0.981
2022-08-10T07:15:00Z,0.908,0.041,-1.097,0,-1.024,-1.172
2022-08-10T07:30:00Z,0.908,0.041,-1.139,0,-1.024,-1.214
2022-08-10T07:45:00Z,0.908,0.041,-1.194,0,-1.023,-1.268
2022-08-10T08:00:00Z,0.332,0.005,-1.306,0,-0.886,-1.855
2022-08-10T08:15:00Z,0.332,0.005,-1.356,0,-0.887,-1.906
2022-08-10T08:30:00Z,0.332,0.005,-1.41,0,-0.886,-1.96
2022-08-10T08:45:00Z,0.332,0.005,-1.502,0,-0.871,-2.036
2022-08-10T09:00:00Z,-0.56,-0.472,-0.94,0,-0.842,-2.815
2022-08-10T09:15:00Z,-0.56,-0.472,-1.053,0,-0.842,-2.927
2022-08-10T09:30:00Z,-0.56,-0.472,-1.136,0,-0.842,-3.01
2022-08-10T09:45:00Z,-0.56,-0.472,-1.297,0,-0.826,-3.155
2022-08-10T10:00:00Z,-0.794,-0.681,-1.234,0,-0.751,-3.461
2022-08-10T10:15:00Z,-0.794,-0.681,-1.448,0,-0.751,-3.675
2022-08-10T10:30:00Z,-0.794,-0.681,-1.547,0,-0.75,-3.773
2022-08-10T10:45:00Z,-0.794,-0.681,-1.686,0,-0.75,-3.911
2022-08-10T11:00:00Z,-0.61,-0.642,-1.809,0,-0.748,-3.808
2022-08-10T11:15:00Z,-0.61,-0.642,-1.954,0,-0.747,-3.952
2022-08-10T11:30:00Z,-0.61,-0.642,-2.038,0,-0.746,-4.035
2022-08-10T11:45:00Z,-0.61,-0.642,-2.031,0,-0.746,-4.029
2022-08-10T12:00:00Z,0.044,-0.691,-2.544,0,-0.697,-3.888
2022-08-10T12:15:00Z,0.044,-0.691,-2.578,0,-0.696,-3.922
2022-08-10T12:30:00Z,0.044,-0.691,-2.512,0,-0.696,-3.856
2022-08-10T12:45:00Z,0.044,-0.691,-2.421,0,-0.695,-3.763
2022-08-10T13:00:00Z,-0.439,-0.675,-1.818,0,-0.523,-3.455
2022-08-10T13:15:00Z,-0.439,-0.675,-1.658,0,-0.522,-3.294
2022-08-10T13:30:00Z,-0.439,-0.675,-1.649,0,-0.523,-3.287
2022-08-10T13:45:00Z,-0.439,-0.675,-1.554,0,-0.522,-3.19
2022-08-10T14:00:00Z,0.129,-0.126,-2.233,0,-0.324,-2.554
2022-08-10T14:15:00Z,0.129,-0.126,-2.026,0,-0.324,-2.348
2022-08-10T14:30:00Z,0.129,-0.126,-1.876,0,-0.325,-2.198
2022-08-10T14:45:00Z,0.129,-0.126,-1.67,0,-0.373,-2.04
2022-08-10T15:00:00Z,0.858,-0.145,-1.59,0,-0.468,-1.346
2022-08-10T15:15:00Z,0.858,-0.145,-1.481,0,-0.468,-1.237
2022-08-10T15:30:00Z,0.858,-0.145,-1.54,0,-0.468,-1.295
2022-08-10T15:45:00Z,0.858,-0.145,-1.544,0,-0.469,-1.301
2022-08-10T16:00:00Z,0.821,0.021,-1.528,0,-0.486,-1.172
2022-08-10T16:15:00Z,0.821,0.021,-1.491,0,-0.485,-1.135
2022-08-10T16:30:00Z,0.821,0.021,-1.447,0,-0.485,-1.091
2022-08-10T16:45:00Z,0.821,0.021,-1.384,0,-0.486,-1.027
2022-08-10T17:00:00Z,1.903,0.664,-2.74,0,-0.219,-0.391
2022-08-10T17:15:00Z,1.903,0.664,-2.576,0,-0.219,-0.227
2022-08-10T17:30:00Z,1.903,0.664,-2.413,0,-0.219,-0.064
2022-08-10T17:45:00Z,1.903,0.664,-2.307,0,-0.146,0.114
2022-08-10T18:00:00Z,1.836,0.586,-2.064,0,-0.001,0.357
2022-08-10T18:15:00Z,1.836,0.586,-1.877,0,-0.001,0.545
2022-08-10T18:30:00Z,1.836,0.586,-1.724,0,-0.001,0.697
2022-08-10T18:45:00Z,1.836,0.586,-1.577,0,-0.001,0.845
2022-08-10T19:00:00Z,1.575,0.645,-1.518,0,-0.123,0.579
2022-08-10T19:15:00Z,1.575,0.645,-1.431,0,-0.123,0.666
2022-08-10T19:30:00Z,1.575,0.645,-1.164,0,-0.124,0.931
2022-08-10T19:45:00Z,1.575,0.645,-0.917,0,-0.159,1.144
2022-08-10T20:00:00Z,0.536,0.69,-0.317,0,-0.227,0.682
2022-08-10T20:15:00Z,0.536,0.69,-0.197,0,-0.227,0.802
2022-08-10T20:30:00Z,0.536,0.69,0.01,0,-0.228,1.009
2022-08-10T20:45:00Z,0.536,0.69,0.007,0,-0.213,1.02
2022-08-10T21:00:00Z,1.007,0.341,0.163,0,-0.152,1.359
2022-08-10T21:15:00Z,1.007,0.341,0.162,0,-0.152,1.358
2022-08-10T21:30:00Z,1.007,0.341,0.411,0,-0.152,1.606
2022-08-10T21:45:00Z,1.007,0.341,0.284,0,-0.102,1.53
2022-08-10T22:00:00Z,1.054,0.027,0.068,0,0.576,1.725
2022-08-10T22:15:00Z,1.054,0.027,-0.052,0,0.617,1.646
2022-08-10T22:30:00Z,1.054,0.027,0.024,0,0.617,1.722
2022-08-10T22:45:00Z,1.054,0.027,-0.016,0,0.628,1.693
2022-08-10T23:00:00Z,1.011,-0.012,-0.021,0,0.678,1.657
2022-08-10T23:15:00Z,1.011,-0.012,-0.104,0,0.679,1.574
2022-08-10T23:30:00Z,1.011,-0.012,-0.068,0,0.679,1.61
2022-08-10T23:45:00Z,1.011,-0.012,-0.087,0,0.654,1.567
2022-08-11T00:00:00Z,1.107,0.02,-0.019,0,0.604,1.712
2022-08-11T00:15:00Z,1.107,0.02,-0.083,0,0.604,1.648
2022-08-11T00:30:00Z,1.107,0.02,-0.13,0,0.604,1.601
2022-08-11T00:45:00Z,1.107,0.02,-0.213,0,0.619,1.533
2022-08-11T01:00:00Z,1.486,0.007,-0.557,0,0.691,1.627
2022-08-11T01:15:00Z,1.486,0.007,-0.594,0,0.691,1.59
2022-08-11T01:30:00Z,1.486,0.007,-0.611,0,0.691,1.573
2022-08-11T01:45:00Z,1.486,0.007,-0.557,0,0.721,1.657
2022-08-11T02:00:00Z,1.468,-0.001,-0.608,0,0.862,1.72
2022-08-11T02:15:00Z,1.468,-0.001,-0.568,0,0.862,1.761
2022-08-11T02:30:00Z,1.468,-0.001,-0.697,0,0.861,1.631
2022-08-11T02:45:00Z,1.468,-0.001,-0.665,0,0.867,1.669
2022-08-11T03:00:00Z,1.748,-0.029,-0.92,0,0.897,1.696
2022-08-11T03:15:00Z,1.748,-0.029,-0.907,0,0.897,1.709
2022-08-11T03:30:00Z,1.748,-0.029,-0.833,0,0.897,1.783
2022-08-11T03:45:00Z,1.748,-0.029,-0.934,0,0.913,1.698
2022-08-11T04:00:00Z,1.86,0.225,-1.144,0,0.945,1.886
2022-08-11T04:15:00Z,1.86,0.225,-1.187,0,0.945,1.843
2022-08-11T04:30:00Z,1.86,0.225,-1.289,0,0.946,1.742
2022-08-11T04:45:00Z,1.86,0.225,-1.238,0,0.946,1.793
2022-08-11T05:00:00Z,2.057,-0.369,-0.929,0,0.789,1.548
2022-08-11T05:15:00Z,2.057,-0.369,-0.9,0,0.789,1.576
2022-08-11T05:30:00Z,2.057,-0.369,-0.863,0,0.788,1.612
2022-08-11T05:45:00Z,2.057,-0.369,-0.862,0,0.428,1.253
2022-08-11T06:00:00Z,1.742,0.28,-0.947,0,-0.441,0.635
2022-08-11T06:15:00Z,1.742,0.28,-0.999,0,-0.441,0.583
2022-08-11T06:30:00Z,1.742,0.28,-0.92,0,-0.441,0.661
2022-08-11T06:45:00Z,1.742,0.28,-0.971,0,-0.526,0.525
2022-08-11T07:00:00Z,0.504,0.623,-0.553,0,-0.949,-0.375
2022-08-11T07:15:00Z,0.504,0.623,-0.63,0,-0.949,-0.453
2022-08-11T07:30:00Z,0.504,0.623,-0.718,0,-0.949,-0.54
2022-08-11T07:45:00Z,0.504,0.623,-0.798,0,-0.948,-0.619
2022-08-11T08:00:00Z,-0.501,0.698,-0.802,0,-0.773,-1.379
2022-08-11T08:15:00Z,-0.501,0.698,-0.946,0,-0.774,-1.523
2022-08-11T08:30:00Z,-0.501,0.698,-0.976,0,-0.774,-1.553
2022-08-11T08:45:00Z,-0.501,0.698,-0.973,0,-0.857,-1.634
2022-08-11T09:00:00Z,-0.955,0.684,-0.89,0,-1.024,-2.185
2022-08-11T09:15:00Z,-0.955,0.684,-0.963,0,-1.024,-2.258
2022-08-11T09:30:00Z,-0.955,0.684,-1.047,0,-1.024,-2.342
2022-08-11T09:45:00Z,-0.955,0.684,-1.141,0,-1.024,-2.437
2022-08-11T10:00:00Z,-1.178,0.509,-1.317,0,-0.965,-2.951
2022-08-11T10:15:00Z,-1.178,0.509,-1.461,0,-0.965,-3.095
2022-08-11T10:30:00Z,-1.178,0.509,-1.479,0,-0.965,-3.112
2022-08-11T10:45:00Z,-1.178,0.509,-1.625,0,-0.978,-3.271
2022-08-11T11:00:00Z,-0.643,0.186,-1.794,0,-1.003,-3.254
2022-08-11T11:15:00Z,-0.643,0.186,-1.852,0,-1.004,-3.313
2022-08-11T11:30:00Z,-0.643,0.186,-1.878,0,-1.003,-3.338
2022-08-11T11:45:00Z,-0.643,0.186,-1.847,0,-1.004,-3.307
2022-08-11T12:00:00Z,-0.835,0.594,-1.927,0,-0.995,-3.163
2022-08-11T12:15:00Z,-0.835,0.594,-1.937,0,-0.996,-3.174
2022-08-11T12:30:00Z,-0.835,0.594,-1.969,0,-0.996,-3.206
2022-08-11T12:45:00Z,-0.835,0.594,-1.963,0,-1,-3.204
2022-08-11T13:00:00Z,-0.756,-0.07,-1.282,0,-1.017,-3.124
2022-08-11T13:15:00Z,-0.756,-0.07,-1.066,0,-1.017,-2.909
2022-08-11T13:30:00Z,-0.756,-0.07,-1.002,0,-1.016,-2.845
2022-08-11T13:45:00Z,-0.756,-0.07,-1.317,0,-0.509,-2.652
2022-08-11T14:00:00Z,-0.461,-0.534,-1.662,0,-0,-2.658
2022-08-11T14:15:00Z,-0.461,-0.534,-1.545,0,0,-2.54
2022-08-11T14:30:00Z,-0.461,-0.534,-1.532,0,-0,-2.528
2022-08-11T14:45:00Z,-0.461,-0.534,-1.338,0,-0,-2.334
2022-08-11T15:00:00Z,-0.646,-0.264,-1.677,0,-0.001,-2.588
2022-08-11T15:15:00Z,-0.646,-0.264,-1.532,0,-0,-2.443
2022-08-11T15:30:00Z,-0.646,-0.264,-1.494,0,-0.001,-2.405
2022-08-11T15:45:00Z,-0.646,-0.264,-1.508,0,-0.001,-2.419
2022-08-11T16:00:00Z,0.398,-0.473,-2.125,0,-0.418,-2.618
2022-08-11T16:15:00Z,0.398,-0.473,-2.203,0,-0.417,-2.696
2022-08-11T16:30:00Z,0.398,-0.473,-2.097,0,-0.417,-2.59
2022-08-11T16:45:00Z,0.398,-0.473,-2.064,0,-0.417,-2.557
2022-08-11T17:00:00Z,0.461,-0.257,-2.256,0,-0.327,-2.379
2022-08-11T17:15:00Z,0.461,-0.257,-1.935,0,-0.327,-2.058
2022-08-11T17:30:00Z,0.461,-0.257,-1.823,0,-0.327,-1.947
2022-08-11T17:45:00Z,0.461,-0.257,-1.753,0,-0.327,-1.876
2022-08-11T18:00:00Z,0.705,-0.049,-1.736,0,-0.385,-1.466
2022-08-11T18:15:00Z,0.705,-0.049,-1.491,0,-0.385,-1.221
2022-08-11T18:30:00Z,0.705,-0.049,-1.288,0,-0.385,-1.017
2022-08-11T18:45:00Z,0.705,-0.049,-1.039,0,-0.526,-0.91
2022-08-11T19:00:00Z,0.685,0.043,-0.656,0,-0.797,-0.725
2022-08-11T19:15:00Z,0.685,0.043,-0.515,0,-0.798,-0.585
2022-08-11T19:30:00Z,0.685,0.043,-0.325,0,-0.798,-0.395
2022-08-11T19:45:00Z,0.685,0.043,-0.35,0,-0.716,-0.338
2022-08-11T20:00:00Z,-0.264,0.678,-0.582,0,-0.318,-0.487
2022-08-11T20:15:00Z,-0.264,0.678,-0.355,0,-0.317,-0.258
2022-08-11T20:30:00Z,-0.264,0.678,-0.45,0,-0.318,-0.353
2022-08-11T20:45:00Z,-0.264,0.678,-0.357,0,-0.438,-0.381
2022-08-11T21:00:00Z,0.062,0.492,0.15,0,-0.675,0.029
2022-08-11T21:15:00Z,0.062,0.492,0.205,0,-0.676,0.084
2022-08-11T21:30:00Z,0.062,0.492,0.331,0,-0.675,0.21
2022-08-11T21:45:00Z,0.062,0.492,0.394,0,-0.394,0.554
2022-08-11T22:00:00Z,0.102,0.599,-0.505,0,0.6,0.796
2022-08-11T22:15:00Z,0.102,0.599,-0.606,0,0.651,0.745
2022-08-11T22:30:00Z,0.102,0.599,-0.463,0,0.651,0.889
2022-08-11T22:45:00Z,0.102,0.599,-0.453,0,0.666,0.913
2022-08-11T23:00:00Z,0.885,0.007,-0.726,0,0.694,0.86
2022-08-11T23:15:00Z,0.885,0.007,-0.742,0,0.694,0.845
2022-08-11T23:30:00Z,0.885,0.007,-0.819,0,0.694,0.767
2022-08-11T23:45:00Z,0.885,0.007,-0.856,0,0.715,0.751
2022-08-12T00:00:00Z,0.548,0.618,-1.299,0,0.756,0.624
2022-08-12T00:15:00Z,0.548,0.618,-1.322,0,0.756,0.601
2022-08-12T00:30:00Z,0.548,0.618,-1.409,0,0.756,0.513
2022-08-12T00:45:00Z,0.548,0.618,-1.305,0,0.771,0.633
2022-08-12T01:00:00Z,0.843,0.038,-1.025,0,0.852,0.707
2022-08-12T01:15:00Z,0.843,0.038,-1.052,0,0.852,0.681
2022-08-12T01:30:00Z,0.843,0.038,-1.039,0,0.852,0.693
2022-08-12T01:45:00Z,0.843,0.038,-1.111,0,0.851,0.62
2022-08-12T02:00:00Z,1.05,0.666,-1.588,0,0.725,0.853
2022-08-12T02:15:00Z,1.05,0.666,-1.651,0,0.725,0.791
2022-08-12T02:30:00Z,1.05,0.666,-1.714,0,0.725,0.727
2022-08-12T02:45:00Z,1.05,0.666,-1.746,0,0.777,0.748
2022-08-12T03:00:00Z,1.333,0.638,-1.648,0,0.881,1.204
2022-08-12T03:15:00Z,1.333,0.638,-1.738,0,0.881,1.116
2022-08-12T03:30:00Z,1.333,0.638,-1.837,0,0.88,1.015
2022-08-12T03:45:00Z,1.333,0.638,-1.879,0,0.88,0.973
2022-08-12T04:00:00Z,1.732,0.668,-2.261,0,0.781,0.921
2022-08-12T04:15:00Z,1.732,0.668,-2.4,0,0.781,0.781
2022-08-12T04:30:00Z,1.732,0.668,-2.31,0,0.782,0.872
2022-08-12T04:45:00Z,1.732,0.668,-2.251,0,0.781,0.931
2022-08-12T05:00:00Z,1.438,0.011,-1.464,0,0.64,0.625
2022-08-12T05:15:00Z,1.438,0.011,-1.368,0,0.64,0.721
2022-08-12T05:30:00Z,1.438,0.011,-1.323,0,0.64,0.766
2022-08-12T05:45:00Z,1.438,0.011,-1.311,0,0.379,0.517
2022-08-12T06:00:00Z,1.24,0.248,-1.357,0,-0.001,0.131
2022-08-12T06:15:00Z,1.24,0.248,-1.384,0,-0.001,0.103
2022-08-12T06:30:00Z,1.24,0.248,-1.356,0,-0.001,0.132
2022-08-12T06:45:00Z,1.24,0.248,-1.447,0,-0,0.041
2022-08-12T07:00:00Z,0.506,0.505,-1.313,0,-0.403,-0.705
2022-08-12T07:15:00Z,0.506,0.505,-1.604,0,-0.403,-0.995
2022-08-12T07:30:00Z,0.506,0.505,-1.71,0,-0.402,-1.1
2022-08-12T07:45:00Z,0.506,0.505,-1.61,0,-0.438,-1.037
2022-08-12T08:00:00Z,0.154,-0.187,-1.007,0,-0.508,-1.549
2022-08-12T08:15:00Z,0.154,-0.187,-1.081,0,-0.508,-1.622
2022-08-12T08:30:00Z,0.154,-0.187,-1.064,0,-0.508,-1.606
2022-08-12T08:45:00Z,0.154,-0.187,-1.109,0,-0.561,-1.703
2022-08-12T09:00:00Z,-0.477,-0.693,-0.442,0,-0.666,-2.278
2022-08-12T09:15:00Z,-0.477,-0.693,-0.484,0,-0.666,-2.321
2022-08-12T09:30:00Z,-0.477,-0.693,-0.577,0,-0.667,-2.413
2022-08-12T09:45:00Z,-0.477,-0.693,-0.685,0,-0.728,-2.584
2022-08-12T10:00:00Z,-0.748,-0.56,-0.64,0,-0.851,-2.799
2022-08-12T10:15:00Z,-0.748,-0.56,-0.773,0,-0.851,-2.933
2022-08-12T10:30:00Z,-0.748,-0.56,-0.816,0,-0.851,-2.976
2022-08-12T10:45:00Z,-0.748,-0.56,-0.898,0,-0.882,-3.089
2022-08-12T11:00:00Z,-0.605,-0.628,-0.836,0,-1.025,-3.094
2022-08-12T11:15:00Z,-0.605,-0.628,-0.879,0,-1.025,-3.138
2022-08-12T11:30:00Z,-0.605,-0.628,-0.903,0,-1.025,-3.161
2022-08-12T11:45:00Z,-0.605,-0.628,-0.859,0,-1.022,-3.115
2022-08-12T12:00:00Z,-0.617,-0.672,-1.017,0,-0.938,-3.244
2022-08-12T12:15:00Z,-0.617,-0.672,-1.02,0,-0.938,-3.247
2022-08-12T12:30:00Z,-0.617,-0.672,-1.021,0,-0.938,-3.247
2022-08-12T12:45:00Z,-0.617,-0.672,-1.021,0,-0.864,-3.173
2022-08-12T13:00:00Z,-0.553,-0.69,-1.145,0,-0.714,-3.102
2022-08-12T13:15:00Z,-0.553,-0.69,-1.199,0,-0.714,-3.156
2022-08-12T13:30:00Z,-0.553,-0.69,-1.206,0,-0.714,-3.164
2022-08-12T13:45:00Z,-0.553,-0.69,-1.071,0,-0.714,-3.028
2022-08-12T14:00:00Z,-0.333,-0.692,-0.919,0,-0.74,-2.684
2022-08-12T14:15:00Z,-0.333,-0.692,-0.837,0,-0.74,-2.601
2022-08-12T14:30:00Z,-0.333,-0.692,-0.858,0,-0.74,-2.623
2022-08-12T14:45:00Z,-0.333,-0.692,-0.888,0,-0.739,-2.652
2022-08-12T15:00:00Z,0.596,-0.531,-1.63,0,-0.6,-2.165
2022-08-12T15:15:00Z,0.596,-0.531,-1.705,0,-0.6,-2.24
2022-08-12T15:30:00Z,0.596,-0.531,-1.877,0,-0.601,-2.413
2022-08-12T15:45:00Z,0.596,-0.531,-1.885,0,-0.599,-2.419
2022-08-12T16:00:00Z,0.188,-0.392,-1.672,0,-0.427,-2.304
2022-08-12T16:15:00Z,0.188,-0.392,-1.535,0,-0.428,-2.167
2022-08-12T16:30:00Z,0.188,-0.392,-1.428,0,-0.427,-2.06
2022-08-12T16:45:00Z,0.188,-0.392,-1.36,0,-0.411,-1.976
2022-08-12T17:00:00Z,0.304,-0.004,-1.708,0,-0.378,-1.787
2022-08-12T17:15:00Z,0.304,-0.004,-1.587,0,-0.379,-1.666
2022-08-12T17:30:00Z,0.304,-0.004,-1.626,0,-0.379,-1.706
2022-08-12T17:45:00Z,0.304,-0.004,-1.65,0,-0.378,-1.729
2022-08-12T18:00:00Z,0.38,-0.018,-1.519,0,-0.394,-1.551
2022-08-12T18:15:00Z,0.38,-0.018,-1.399,0,-0.394,-1.43
2022-08-12T18:30:00Z,0.38,-0.018,-1.355,0,-0.393,-1.386
2022-08-12T18:45:00Z,0.38,-0.018,-1.319,0,-0.263,-1.219
2022-08-12T19:00:00Z,-0.118,-0.162,-1.418,0,-0.001,-1.699
2022-08-12T19:15:00Z,-0.118,-0.162,-1.257,0,-0.001,-1.537
2022-08-12T19:30:00Z,-0.118,-0.162,-1.095,0,-0.001,-1.375
2022-08-12T19:45:00Z,-0.118,-0.162,-1.022,0,-0.001,-1.302
2022-08-12T20:00:00Z,-0.489,-0.556,-0.783,0,-0.105,-1.932
2022-08-12T20:15:00Z,-0.489,-0.556,-0.788,0,-0.105,-1.937
2022-08-12T20:30:00Z,-0.489,-0.556,-0.812,0,-0.105,-1.961
2022-08-12T20:45:00Z,-0.489,-0.556,-0.894,0,-0.109,-2.046
2022-08-12T21:00:00Z,0.176,-0.246,-1.315,0,-0.168,-1.553
2022-08-12T21:15:00Z,0.176,-0.246,-1.555,0,-0.168,-1.793
2022-08-12T21:30:00Z,0.176,-0.246,-1.293,0,-0.168,-1.531
2022-08-12T21:45:00Z,0.176,-0.246,-1.23,0,-0.113,-1.413
2022-08-12T22:00:00Z,0.662,-0.027,-1.223,0,0.1,-0.489
2022-08-12T22:15:00Z,0.662,-0.027,-1.37,0,0.101,-0.635
2022-08-12T22:30:00Z,0.662,-0.027,-0.958,0,0.101,-0.223
2022-08-12T22:45:00Z,0.662,-0.027,-0.842,0,0.102,-0.106
2022-08-12T23:00:00Z,1.48,0.006,-1.391,0,0.691,0.787
2022-08-12T23:15:00Z,1.48,0.006,-1.318,0,0.736,0.905
2022-08-12T23:30:00Z,1.48,0.006,-1.19,0,0.736,1.033
2022-08-12T23:45:00Z,1.48,0.006,-1.274,0,0.786,0.999
2022-08-13T00:00:00Z,1.678,0.042,-1.355,0,0.884,1.248
2022-08-13T00:15:00Z,1.678,0.042,-1.335,0,0.884,1.268
2022-08-13T00:30:00Z,1.678,0.042,-1.351,0,0.884,1.253
2022-08-13T00:45:00Z,1.678,0.042,-1.345,0,0.884,1.258
2022-08-13T01:00:00Z,2.042,0.044,-1.525,0,0.825,1.386
2022-08-13T01:15:00Z,2.042,0.044,-1.731,0,0.825,1.18
2022-08-13T01:30:00Z,2.042,0.044,-1.828,0,0.825,1.082
2022-08-13T01:45:00Z,2.042,0.044,-1.926,0,0.862,1.021
2022-08-13T02:00:00Z,2.196,0.022,-1.966,0,0.934,1.185
2022-08-13T02:15:00Z,2.196,0.022,-1.881,0,0.934,1.27
2022-08-13T02:30:00Z,2.196,0.022,-1.859,0,0.934,1.293
2022-08-13T02:45:00Z,2.196,0.022,-1.806,0,0.933,1.345
2022-08-13T03:00:00Z,2.351,-0.005,-1.829,0,0.825,1.342
2022-08-13T03:15:00Z,2.351,-0.005,-1.879,0,0.825,1.292
2022-08-13T03:30:00Z,2.351,-0.005,-1.872,0,0.825,1.299
2022-08-13T03:45:00Z,2.351,-0.005,-1.973,0,0.844,1.217
2022-08-13T04:00:00Z,2.485,-0.036,-2.033,0,0.882,1.298
2022-08-13T04:15:00Z,2.485,-0.036,-2.192,0,0.882,1.14
2022-08-13T04:30:00Z,2.485,-0.036,-2.171,0,0.882,1.16
2022-08-13T04:45:00Z,2.485,-0.036,-2.163,0,0.791,1.077
2022-08-13T05:00:00Z,2.429,-0.007,-2.045,0,0.341,0.718
2022-08-13T05:15:00Z,2.429,-0.007,-2.285,0,0.341,0.477
2022-08-13T05:30:00Z,2.429,-0.007,-2.312,0,0.341,0.451
2022-08-13T05:45:00Z,2.429,-0.007,-2.308,0,0.228,0.342
2022-08-13T06:00:00Z,1.795,-0.01,-2.03,0,-0,-0.246
2022-08-13T06:15:00Z,1.795,-0.01,-2.275,0,-0.001,-0.492
2022-08-13T06:30:00Z,1.795,-0.01,-2.369,0,-0.001,-0.585
2022-08-13T06:45:00Z,1.795,-0.01,-2.501,0,-0.001,-0.717
2022-08-13T07:00:00Z,1.539,0.144,-2.526,0,-0.531,-1.372
2022-08-13T07:15:00Z,1.539,0.144,-2.756,0,-0.542,-1.614
2022-08-13T07:30:00Z,1.539,0.144,-2.72,0,-0.543,-1.579
2022-08-13T07:45:00Z,1.539,0.144,-2.733,0,-0.544,-1.594
2022-08-13T08:00:00Z,0.385,-0.521,-1.527,0,-1.02,-2.683
2022-08-13T08:15:00Z,0.385,-0.521,-1.532,0,-1.021,-2.688
2022-08-13T08:30:00Z,0.385,-0.521,-1.721,0,-1.02,-2.876
2022-08-13T08:45:00Z,0.385,-0.521,-1.886,0,-0.991,-3.012
2022-08-13T09:00:00Z,-0.216,-0.65,-1.772,0,-0.933,-3.571
2022-08-13T09:15:00Z,-0.216,-0.65,-1.926,0,-0.933,-3.725
2022-08-13T09:30:00Z,-0.216,-0.65,-1.969,0,-0.933,-3.768
2022-08-13T09:45:00Z,-0.216,-0.65,-1.949,0,-0.964,-3.78
2022-08-13T10:00:00Z,-0.66,-0.699,-1.613,0,-1.025,-3.997
2022-08-13T10:15:00Z,-0.66,-0.699,-1.639,0,-1.025,-4.023
2022-08-13T10:30:00Z,-0.66,-0.699,-1.36,0,-1.024,-3.743
2022-08-13T10:45:00Z,-0.66,-0.699,-1.375,0,-1.045,-3.779
2022-08-13T11:00:00Z,-0.613,-0.699,-1.381,0,-1.086,-3.779
2022-08-13T11:15:00Z,-0.613,-0.699,-1.454,0,-1.086,-3.852
2022-08-13T11:30:00Z,-0.613,-0.699,-1.411,0,-1.086,-3.808
2022-08-13T11:45:00Z,-0.613,-0.699,-1.272,0,-1.086,-3.67
2022-08-13T12:00:00Z,-0.912,-0.699,-1.043,0,-1.085,-3.74
2022-08-13T12:15:00Z,-0.912,-0.699,-1.034,0,-1.086,-3.732
2022-08-13T12:30:00Z,-0.912,-0.699,-1.019,0,-1.086,-3.716
2022-08-13T12:45:00Z,-0.912,-0.699,-1.007,0,-1.086,-3.704
2022-08-13T13:00:00Z,-0.832,-0.698,-1.18,0,-1.025,-3.735
2022-08-13T13:15:00Z,-0.832,-0.698,-1.162,0,-1.025,-3.717
2022-08-13T13:30:00Z,-0.832,-0.698,-1.126,0,-1.025,-3.682
2022-08-13T13:45:00Z,-0.832,-0.698,-1.266,0,-1.024,-3.82
2022-08-13T14:00:00Z,-0.443,-0.655,-1.202,0,-0.954,-3.254
2022-08-13T14:15:00Z,-0.443,-0.655,-1.03,0,-0.954,-3.082
2022-08-13T14:30:00Z,-0.443,-0.655,-0.726,0,-0.954,-2.777
2022-08-13T14:45:00Z,-0.443,-0.655,-0.771,0,-0.951,-2.82
2022-08-13T15:00:00Z,0.096,-0.035,-1.754,0,-0.509,-2.202
2022-08-13T15:15:00Z,0.096,-0.035,-1.669,0,-0.51,-2.118
2022-08-13T15:30:00Z,0.096,-0.035,-1.552,0,-0.51,-2.001
2022-08-13T15:45:00Z,0.096,-0.035,-1.321,0,-0.521,-1.78
2022-08-13T16:00:00Z,-0.604,-0.651,0.014,0,-0.573,-1.814
2022-08-13T16:15:00Z,-0.604,-0.651,0.064,0,-0.574,-1.764
2022-08-13T16:30:00Z,-0.604,-0.651,0.168,0,-0.573,-1.66
2022-08-13T16:45:00Z,-0.604,-0.651,0.225,0,-0.572,-1.602
2022-08-13T17:00:00Z,0.188,0.033,-0.728,0,-0.384,-0.89
2022-08-13T17:15:00Z,0.188,0.033,-0.611,0,-0.385,-0.774
2022-08-13T17:30:00Z,0.188,0.033,-0.48,0,-0.385,-0.643
2022-08-13T17:45:00Z,0.188,0.033,-0.567,0,-0.299,-0.645
2022-08-13T18:00:00Z,0.272,0.68,-0.903,0,-0.132,-0.083
2022-08-13T18:15:00Z,0.272,0.68,-0.707,0,-0.132,0.113
2022-08-13T18:30:00Z,0.272,0.68,-0.66,0,-0.132,0.16
2022-08-13T18:45:00Z,0.272,0.68,-0.631,0,-0.142,0.179
2022-08-13T19:00:00Z,0.246,0.565,-0.606,0,-0.188,0.018
2022-08-13T19:15:00Z,0.246,0.565,-0.444,0,-0.188,0.179
2022-08-13T19:30:00Z,0.246,0.565,-0.329,0,-0.188,0.295
2022-08-13T19:45:00Z,0.246,0.565,-0.359,0,-0.126,0.326
2022-08-13T20:00:00Z,-0.204,-0.005,-0.034,0,-0,-0.243
2022-08-13T20:15:00Z,-0.204,-0.005,0.018,0,-0.001,-0.192
2022-08-13T20:30:00Z,-0.204,-0.005,0.184,0,-0.001,-0.025
2022-08-13T20:45:00Z,-0.204,-0.005,0.087,0,-0.001,-0.123
2022-08-13T21:00:00Z,-0.085,0.006,-0.514,0,0.304,-0.289
2022-08-13T21:15:00Z,-0.085,0.006,-0.794,0,0.303,-0.57
2022-08-13T21:30:00Z,-0.085,0.006,-0.598,0,0.303,-0.374
2022-08-13T21:45:00Z,-0.085,0.006,-0.684,0,0.317,-0.447
2022-08-13T22:00:00Z,0.521,0.307,-0.862,0,0.341,0.306
2022-08-13T22:15:00Z,0.521,0.307,-0.778,0,0.34,0.39
2022-08-13T22:30:00Z,0.521,0.307,-0.622,0,0.341,0.547
2022-08-13T22:45:00Z,0.521,0.307,-0.58,0,0.341,0.588
2022-08-13T23:00:00Z,1.129,0.672,-0.616,0,-0.117,1.067
2022-08-13T23:15:00Z,1.129,0.672,-0.638,0,-0.123,1.04
2022-08-13T23:30:00Z,1.129,0.672,-0.751,0,-0.123,0.927
2022-08-13T23:45:00Z,1.129,0.672,-0.802,0,-0.082,0.917
2022-08-14T00:00:00Z,1.27,0.316,-0.703,0,-0.001,0.882
2022-08-14T00:15:00Z,1.27,0.316,-0.794,0,-0.001,0.792
2022-08-14T00:30:00Z,1.27,0.316,-0.86,0,-0.001,0.725
2022-08-14T00:45:00Z,1.27,0.316,-0.899,0,-0.001,0.686
2022-08-14T01:00:00Z,1.293,0.256,-0.696,0,-0.001,0.853
2022-08-14T01:15:00Z,1.293,0.256,-0.737,0,-0.001,0.812
2022-08-14T01:30:00Z,1.293,0.256,-0.727,0,-0.001,0.822
2022-08-14T01:45:00Z,1.293,0.256,-0.742,0,-0.001,0.807
2022-08-14T02:00:00Z,1.726,0.054,-0.593,0,-0.261,0.926
2022-08-14T02:15:00Z,1.726,0.054,-0.518,0,-0.261,1.002
2022-08-14T02:30:00Z,1.726,0.054,-0.54,0,-0.26,0.98
2022-08-14T02:45:00Z,1.726,0.054,-0.574,0,-0.174,1.033
2022-08-14T03:00:00Z,1.574,0.148,-0.789,0,-0.001,0.933
2022-08-14T03:15:00Z,1.574,0.148,-0.738,0,-0.001,0.983
2022-08-14T03:30:00Z,1.574,0.148,-0.638,0,-0.001,1.084
2022-08-14T03:45:00Z,1.574,0.148,-0.618,0,-0.001,1.103
2022-08-14T04:00:00Z,1.438,0.102,-0.606,0,0.101,1.035
2022-08-14T04:15:00Z,1.438,0.102,-0.565,0,0.101,1.076
2022-08-14T04:30:00Z,1.438,0.102,-0.512,0,0.101,1.13
2022-08-14T04:45:00Z,1.438,0.102,-0.563,0,0.067,1.044
2022-08-14T05:00:00Z,1.639,-0.051,-0.574,0,-0.128,0.886
2022-08-14T05:15:00Z,1.639,-0.051,-0.829,0,-0.128,0.631
2022-08-14T05:30:00Z,1.639,-0.051,-1.06,0,-0.127,0.4
2022-08-14T05:45:00Z,1.639,-0.051,-1.262,0,-0.13,0.195
2022-08-14T06:00:00Z,1.396,-0.431,-0.764,0,-0.523,-0.321
2022-08-14T06:15:00Z,1.396,-0.431,-0.897,0,-0.522,-0.454
2022-08-14T06:30:00Z,1.396,-0.431,-1.008,0,-0.522,-0.565
2022-08-14T06:45:00Z,1.396,-0.431,-1.243,0,-0.525,-0.804
2022-08-14T07:00:00Z,0.915,0.198,-1.78,0,-0.965,-1.632
2022-08-14T07:15:00Z,0.915,0.198,-1.921,0,-0.964,-1.772
2022-08-14T07:30:00Z,0.915,0.198,-1.945,0,-0.964,-1.796
2022-08-14T07:45:00Z,0.915,0.198,-2.018,0,-0.984,-1.889
2022-08-14T08:00:00Z,-0.719,-0.006,-1.212,0,-1.023,-2.959
2022-08-14T08:15:00Z,-0.719,-0.006,-1.125,0,-1.023,-2.872
2022-08-14T08:30:00Z,-0.719,-0.006,-1.157,0,-1.023,-2.905
2022-08-14T08:45:00Z,-0.719,-0.006,-0.994,0,-1.024,-2.742
2022-08-14T09:00:00Z,-1.364,-0.699,-0.413,0,-1.025,-3.501
2022-08-14T09:15:00Z,-1.364,-0.699,-0.41,0,-1.025,-3.498
2022-08-14T09:30:00Z,-1.364,-0.699,-0.383,0,-1.025,-3.471
2022-08-14T09:45:00Z,-1.364,-0.699,-0.206,0,-1.024,-3.293
2022-08-14T10:00:00Z,-1.592,-0.696,-0.056,0,-1.025,-3.368
2022-08-14T10:15:00Z,-1.592,-0.696,-0.113,0,-1.025,-3.426
2022-08-14T10:30:00Z,-1.592,-0.696,-0.145,0,-1.025,-3.459
2022-08-14T10:45:00Z,-1.592,-0.696,-0.237,0,-1.046,-3.572
2022-08-14T11:00:00Z,-1.34,-0.628,-0.287,0,-1.086,-3.341
2022-08-14T11:15:00Z,-1.34,-0.628,-0.359,0,-1.085,-3.411
2022-08-14T11:30:00Z,-1.34,-0.628,-0.285,0,-1.086,-3.339
2022-08-14T11:45:00Z,-1.34,-0.628,-0.278,0,-1.087,-3.332
2022-08-14T12:00:00Z,-1.209,-0.697,-0.148,0,-1.087,-3.141
2022-08-14T12:15:00Z,-1.209,-0.697,-0.123,0,-1.087,-3.116
2022-08-14T12:30:00Z,-1.209,-0.697,-0.125,0,-1.086,-3.117
2022-08-14T12:45:00Z,-1.209,-0.697,-0.076,0,-1.085,-3.068
2022-08-14T13:00:00Z,-1.038,-0.62,-0.046,0,-1.025,-2.729
2022-08-14T13:15:00Z,-1.038,-0.62,-0.038,0,-1.025,-2.721
2022-08-14T13:30:00Z,-1.038,-0.62,-0.005,0,-1.025,-2.688
2022-08-14T13:45:00Z,-1.038,-0.62,0.044,0,-1.025,-2.639
2022-08-14T14:00:00Z,-0.683,0.031,-0.174,0,-0.991,-1.818
2022-08-14T14:15:00Z,-0.683,0.031,0.008,0,-0.989,-1.634
2022-08-14T14:30:00Z,-0.683,0.031,-0.101,0,-0.99,-1.744
2022-08-14T14:45:00Z,-0.683,0.031,-0.257,0,-0.917,-1.827
2022-08-14T15:00:00Z,1.116,0.075,-0.779,0,-0.77,-0.358
2022-08-14T15:15:00Z,1.116,0.075,-0.38,0,-0.771,0.04
2022-08-14T15:30:00Z,1.116,0.075,-0.396,0,-0.77,0.025
2022-08-14T15:45:00Z,1.116,0.075,-0.377,0,-0.606,0.208
2022-08-14T16:00:00Z,1.749,0.684,-1.108,0,-0.31,1.015
2022-08-14T16:15:00Z,1.749,0.684,-0.739,0,-0.309,1.384
2022-08-14T16:30:00Z,1.749,0.684,-0.63,0,-0.309,1.493
2022-08-14T16:45:00Z,1.749,0.684,-0.453,0,-0.207,1.772
2022-08-14T17:00:00Z,1.52,0.7,-0.282,0,0.229,2.167
2022-08-14T17:15:00Z,1.52,0.7,0.099,0,0.229,2.548
2022-08-14T17:30:00Z,1.52,0.7,0.227,0,0.229,2.676
2022-08-14T17:45:00Z,1.52,0.7,0.231,0,0.235,2.685
2022-08-14T18:00:00Z,1.548,0.7,0.485,0,0.248,2.981
2022-08-14T18:15:00Z,1.548,0.7,0.692,0,0.248,3.188
2022-08-14T18:30:00Z,1.548,0.7,0.846,0,0.248,3.341
2022-08-14T18:45:00Z,1.548,0.7,0.924,0,0.165,3.336
2022-08-14T19:00:00Z,1.189,0.694,1.093,0,-0.001,2.976
2022-08-14T19:15:00Z,1.189,0.694,1.134,0,-0.001,3.017
2022-08-14T19:30:00Z,1.189,0.694,1.244,0,-0.001,3.126
2022-08-14T19:45:00Z,1.189,0.694,1.299,0,-0.001,3.182
2022-08-14T20:00:00Z,0.517,0.7,1.624,0,-0.273,2.568
2022-08-14T20:15:00Z,0.517,0.7,1.731,0,-0.273,2.674
2022-08-14T20:30:00Z,0.517,0.7,1.982,0,-0.273,2.926
2022-08-14T20:45:00Z,0.517,0.7,2.015,0,-0.283,2.949
2022-08-14T21:00:00Z,0.9,0.691,1.457,0,-0.335,2.713
2022-08-14T21:15:00Z,0.9,0.691,1.301,0,-0.334,2.558
2022-08-14T21:30:00Z,0.9,0.691,1.147,0,-0.335,2.404
2022-08-14T21:45:00Z,0.9,0.691,1.041,0,-0.223,2.409
2022-08-14T22:00:00Z,0.347,0.7,1.412,0,0.101,2.56
2022-08-14T22:15:00Z,0.347,0.7,1.247,0,0.101,2.395
2022-08-14T22:30:00Z,0.347,0.7,1.298,0,0.101,2.446
2022-08-14T22:45:00Z,0.347,0.7,1.312,0,0.101,2.46
2022-08-14T23:00:00Z,0.526,0.7,1.183,0,0.101,2.51
2022-08-14T23:15:00Z,0.526,0.7,1.129,0,0.101,2.456
2022-08-14T23:30:00Z,0.526,0.7,1.075,0,0.101,2.402
2022-08-14T23:45:00Z,0.526,0.7,0.972,0,0.067,2.265
2022-08-15T00:00:00Z,1.096,0.693,0.764,0,-0.001,2.552
2022-08-15T00:15:00Z,1.096,0.693,0.712,0,-0.001,2.5
2022-08-15T00:30:00Z,1.096,0.693,0.591,0,-0.001,2.379
2022-08-15T00:45:00Z,1.096,0.693,0.596,0,-0.001,2.384
2022-08-15T01:00:00Z,1.166,0.682,0.553,0,0.101,2.502
2022-08-15T01:15:00Z,1.166,0.682,0.429,0,0.101,2.379
2022-08-15T01:30:00Z,1.166,0.682,0.325,0,0.101,2.274
2022-08-15T01:45:00Z,1.166,0.682,0.274,0,0.101,2.223
2022-08-15T02:00:00Z,1.498,0.69,0.085,0,0.196,2.469
2022-08-15T02:15:00Z,1.498,0.69,-0.078,0,0.196,2.307
2022-08-15T02:30:00Z,1.498,0.69,-0.066,0,0.196,2.319
2022-08-15T02:45:00Z,1.498,0.69,-0.021,0,0.198,2.366
2022-08-15T03:00:00Z,1.854,0.324,0.128,0,0.205,2.511
2022-08-15T03:15:00Z,1.854,0.324,0.037,0,0.205,2.42
2022-08-15T03:30:00Z,1.854,0.324,-0.025,0,0.205,2.357
2022-08-15T03:45:00Z,1.854,0.324,-0.189,0,0.323,2.311
2022-08-15T04:00:00Z,2.432,0.688,-1.243,0,0.553,2.43
2022-08-15T04:15:00Z,2.432,0.688,-1.432,0,0.553,2.241
2022-08-15T04:30:00Z,2.432,0.688,-1.484,0,0.554,2.19
2022-08-15T04:45:00Z,2.432,0.688,-1.664,0,0.592,2.048
2022-08-15T05:00:00Z,2.662,0.669,-2.253,0,0.666,1.743
2022-08-15T05:15:00Z,2.662,0.669,-2.784,0,0.665,1.212
2022-08-15T05:30:00Z,2.662,0.669,-2.758,0,0.666,1.239
2022-08-15T05:45:00Z,2.662,0.669,-2.749,0,0.576,1.158
2022-08-15T06:00:00Z,2.471,0.259,-1.992,0,0.132,0.87
2022-08-15T06:15:00Z,2.471,0.259,-1.991,0,0.133,0.872
2022-08-15T06:30:00Z,2.471,0.259,-2.083,0,0.133,0.78
2022-08-15T06:45:00Z,2.471,0.259,-2.26,0,0.132,0.601
2022-08-15T07:00:00Z,1.953,0.186,-1.51,0,-0.303,0.327
2022-08-15T07:15:00Z,1.953,0.186,-1.6,0,-0.302,0.237
2022-08-15T07:30:00Z,1.953,0.186,-1.745,0,-0.303,0.091
2022-08-15T07:45:00Z,1.953,0.186,-1.709,0,-0.426,0.004
2022-08-15T08:00:00Z,1.609,-0.359,-0.923,0,-0.672,-0.346
2022-08-15T08:15:00Z,1.609,-0.359,-1,0,-0.672,-0.422
2022-08-15T08:30:00Z,1.609,-0.359,-1.171,0,-0.672,-0.594
2022-08-15T08:45:00Z,1.609,-0.359,-1.373,0,-0.745,-0.868
2022-08-15T09:00:00Z,1.376,-0.687,-0.948,0,-0.891,-1.149
2022-08-15T09:15:00Z,1.376,-0.687,-1.118,0,-0.891,-1.32
2022-08-15T09:30:00Z,1.376,-0.687,-1.171,0,-0.891,-1.372
2022-08-15T09:45:00Z,1.376,-0.687,-0.947,0,-0.935,-1.193
2022-08-15T10:00:00Z,1.356,-0.37,-0.904,0,-1.022,-0.941
2022-08-15T10:15:00Z,1.356,-0.37,-0.931,0,-1.022,-0.967
2022-08-15T10:30:00Z,1.356,-0.37,-0.901,0,-1.022,-0.938
2022-08-15T10:45:00Z,1.356,-0.37,-0.909,0,-1.033,-0.956
2022-08-15T11:00:00Z,1.449,0.118,-1.13,0,-1.079,-0.642
2022-08-15T11:15:00Z,1.449,0.118,-1.334,0,-1.08,-0.846
2022-08-15T11:30:00Z,1.449,0.118,-1.322,0,-1.08,-0.834
2022-08-15T11:45:00Z,1.449,0.118,-1.178,0,-1.056,-0.666
2022-08-15T12:00:00Z,1.335,0.064,-1.07,0,-1.008,-0.679
2022-08-15T12:15:00Z,1.335,0.064,-0.794,0,-1.008,-0.403
2022-08-15T12:30:00Z,1.335,0.064,-0.833,0,-1.009,-0.442
2022-08-15T12:45:00Z,1.335,0.064,-0.859,0,-1.009,-0.469
2022-08-15T13:00:00Z,1.412,0.652,-1.295,0,-0.982,-0.214
2022-08-15T13:15:00Z,1.412,0.652,-1.475,0,-0.982,-0.394
2022-08-15T13:30:00Z,1.412,0.652,-1.538,0,-0.983,-0.458
2022-08-15T13:45:00Z,1.412,0.652,-1.563,0,-0.975,-0.475
2022-08-15T14:00:00Z,1.661,0.276,-1.341,0,-0.942,-0.345
2022-08-15T14:15:00Z,1.661,0.276,-1.42,0,-0.942,-0.424
2022-08-15T14:30:00Z,1.661,0.276,-1.529,0,-0.942,-0.534
2022-08-15T14:45:00Z,1.661,0.276,-1.572,0,-0.827,-0.461
2022-08-15T15:00:00Z,1.221,0.05,-1.725,0,-0.6,-1.055
2022-08-15T15:15:00Z,1.221,0.05,-1.748,0,-0.601,-1.078
2022-08-15T15:30:00Z,1.221,0.05,-1.839,0,-0.6,-1.168
2022-08-15T15:45:00Z,1.221,0.05,-1.81,0,-0.583,-1.122
2022-08-15T16:00:00Z,0.888,0.05,-1.592,0,-0.547,-1.202
2022-08-15T16:15:00Z,0.888,0.05,-1.425,0,-0.548,-1.036
2022-08-15T16:30:00Z,0.888,0.05,-1.341,0,-0.548,-0.951
2022-08-15T16:45:00Z,0.888,0.05,-1.244,0,-0.493,-0.8
2022-08-15T17:00:00Z,1.052,0.004,-1.356,0,-0.214,-0.514
2022-08-15T17:15:00Z,1.052,0.004,-1.148,0,-0.214,-0.306
2022-08-15T17:30:00Z,1.052,0.004,-1.004,0,-0.214,-0.162
2022-08-15T17:45:00Z,1.052,0.004,-1.001,0,-0.143,-0.088
2022-08-15T18:00:00Z,1.093,0.042,-1.188,0,-0,-0.054
2022-08-15T18:15:00Z,1.093,0.042,-1.072,0,-0,0.063
2022-08-15T18:30:00Z,1.093,0.042,-1.076,0,0,0.059
2022-08-15T18:45:00Z,1.093,0.042,-1.066,0,0,0.069
2022-08-15T19:00:00Z,0.702,-0.044,-0.837,0,0.119,-0.06
2022-08-15T19:15:00Z,0.702,-0.044,-0.67,0,0.119,0.106
2022-08-15T19:30:00Z,0.702,-0.044,-0.573,0,0.119,0.204
2022-08-15T19:45:00Z,0.702,-0.044,-0.465,0,0.079,0.271
2022-08-15T20:00:00Z,0.367,-0.005,-0.462,0,-0.001,-0.101
2022-08-15T20:15:00Z,0.367,-0.005,-0.465,0,-0,-0.103
2022-08-15T20:30:00Z,0.367,-0.005,-0.278,0,-0,0.083
2022-08-15T20:45:00Z,0.367,-0.005,-0.142,0,-0.001,0.219
2022-08-15T21:00:00Z,-0.055,-0.208,0.144,0,0.343,0.223
2022-08-15T21:15:00Z,-0.055,-0.208,0.169,0,0.342,0.247
2022-08-15T21:30:00Z,-0.055,-0.208,0.193,0,0.343,0.273
2022-08-15T21:45:00Z,-0.055,-0.208,0.103,0,0.343,0.182
2022-08-15T22:00:00Z,0.078,-0.667,0.473,0,0.16,0.044
2022-08-15T22:15:00Z,0.078,-0.667,0.3,0,0.16,-0.129
2022-08-15T22:30:00Z,0.078,-0.667,0.189,0,0.161,-0.24
2022-08-15T22:45:00Z,0.078,-0.667,0.097,0,0.289,-0.202
2022-08-15T23:00:00Z,0.142,-0.7,-0.098,0,0.55,-0.106
2022-08-15T23:15:00Z,0.142,-0.7,-0.116,0,0.549,-0.124
2022-08-15T23:30:00Z,0.142,-0.7,-0.052,0,0.55,-0.059
2022-08-15T23:45:00Z,0.142,-0.7,-0.062,0,0.634,0.015
2022-08-16T00:00:00Z,0.101,-0.7,-0.217,0,1.054,0.238
2022-08-16T00:15:00Z,0.101,-0.7,-0.235,0,1.054,0.22
2022-08-16T00:30:00Z,0.101,-0.7,-0.245,0,1.054,0.211
2022-08-16T00:45:00Z,0.101,-0.7,-0.254,0,1.054,0.201
2022-08-16T01:00:00Z,0.35,-0.7,-0.376,0,0.996,0.27
2022-08-16T01:15:00Z,0.35,-0.7,-0.431,0,0.996,0.215
2022-08-16T01:30:00Z,0.35,-0.7,-0.513,0,0.995,0.133
2022-08-16T01:45:00Z,0.35,-0.7,-0.48,0,0.988,0.158
2022-08-16T02:00:00Z,0.464,-0.7,-0.444,0,0.971,0.291
2022-08-16T02:15:00Z,0.464,-0.7,-0.49,0,0.971,0.245
2022-08-16T02:30:00Z,0.464,-0.7,-0.62,0,0.97,0.114
2022-08-16T02:45:00Z,0.464,-0.7,-0.811,0,0.971,-0.076
2022-08-16T03:00:00Z,0.647,-0.7,-0.942,0,0.937,-0.059
2022-08-16T03:15:00Z,0.647,-0.7,-0.986,0,0.937,-0.102
2022-08-16T03:30:00Z,0.647,-0.7,-0.982,0,0.937,-0.098
2022-08-16T03:45:00Z,0.647,-0.7,-1.038,0,0.937,-0.154
2022-08-16T04:00:00Z,0.91,-0.7,-1.111,0,0.909,0.008
2022-08-16T04:15:00Z,0.91,-0.7,-1.145,0,0.909,-0.026
2022-08-16T04:30:00Z,0.91,-0.7,-1.196,0,0.909,-0.078
2022-08-16T04:45:00Z,0.91,-0.7,-1.127,0,0.907,-0.01
2022-08-16T05:00:00Z,1.106,-0.698,-0.786,0,0.507,0.129
2022-08-16T05:15:00Z,1.106,-0.698,-0.885,0,0.507,0.031
2022-08-16T05:30:00Z,1.106,-0.698,-1.008,0,0.507,-0.093
2022-08-16T05:45:00Z,1.106,-0.698,-1.049,0,0.333,-0.308
2022-08-16T06:00:00Z,0.659,-0.69,-0.35,0,-0.316,-0.696
2022-08-16T06:15:00Z,0.659,-0.69,-0.488,0,-0.316,-0.835
2022-08-16T06:30:00Z,0.659,-0.69,-0.377,0,-0.316,-0.723
2022-08-16T06:45:00Z,0.659,-0.69,-0.264,0,-0.418,-0.712
2022-08-16T07:00:00Z,-0.379,-0.639,0.236,0,-0.619,-1.4
2022-08-16T07:15:00Z,-0.379,-0.639,0.097,0,-0.619,-1.539
2022-08-16T07:30:00Z,-0.379,-0.639,-0.008,0,-0.619,-1.644
2022-08-16T07:45:00Z,-0.379,-0.639,0.041,0,-0.745,-1.722
2022-08-16T08:00:00Z,-0.449,-0.64,0.152,0,-0.995,-1.932
2022-08-16T08:15:00Z,-0.449,-0.64,-0.14,0,-0.995,-2.225
2022-08-16T08:30:00Z,-0.449,-0.64,-0.167,0,-0.995,-2.251
2022-08-16T08:45:00Z,-0.449,-0.64,-0.141,0,-1.006,-2.235
2022-08-16T09:00:00Z,-0.241,-0.622,-0.086,0,-1.025,-1.973
2022-08-16T09:15:00Z,-0.241,-0.622,-0.06,0,-1.025,-1.947
2022-08-16T09:30:00Z,-0.241,-0.622,-0.155,0,-1.024,-2.042
2022-08-16T09:45:00Z,-0.241,-0.622,-0.134,0,-1.025,-2.022
2022-08-16T10:00:00Z,-0.736,-0.688,0.099,0,-1.025,-2.351
2022-08-16T10:15:00Z,-0.736,-0.688,0.057,0,-1.025,-2.392
2022-08-16T10:30:00Z,-0.736,-0.688,0.193,0,-1.024,-2.256
2022-08-16T10:45:00Z,-0.736,-0.688,0.247,0,-1.045,-2.223
2022-08-16T11:00:00Z,-0.74,-0.624,0.313,0,-1.087,-2.137
2022-08-16T11:15:00Z,-0.74,-0.624,0.337,0,-1.087,-2.114
2022-08-16T11:30:00Z,-0.74,-0.624,0.343,0,-1.086,-2.106
2022-08-16T11:45:00Z,-0.74,-0.624,0.437,0,-1.086,-2.013
2022-08-16T12:00:00Z,-0.792,-0.413,0.437,0,-1.086,-1.853
2022-08-16T12:15:00Z,-0.792,-0.413,0.511,0,-1.086,-1.78
2022-08-16T12:30:00Z,-0.792,-0.413,0.372,0,-1.085,-1.918
2022-08-16T12:45:00Z,-0.792,-0.413,0.365,0,-1.065,-1.905
2022-08-16T13:00:00Z,-0.571,-0.28,0.297,0,-1.023,-1.577
2022-08-16T13:15:00Z,-0.571,-0.28,0.489,0,-1.023,-1.385
2022-08-16T13:30:00Z,-0.571,-0.28,0.568,0,-1.023,-1.305
2022-08-16T13:45:00Z,-0.571,-0.28,0.493,0,-0.981,-1.339
2022-08-16T14:00:00Z,-0.445,-0.017,0.315,0,-0.898,-1.046
2022-08-16T14:15:00Z,-0.445,-0.017,0.462,0,-0.898,-0.898
2022-08-16T14:30:00Z,-0.445,-0.017,0.192,0,-0.898,-1.167
2022-08-16T14:45:00Z,-0.445,-0.017,0.273,0,-0.869,-1.058
2022-08-16T15:00:00Z,-0.183,-0.643,0.389,0,-0.813,-1.251
2022-08-16T15:15:00Z,-0.183,-0.643,0.361,0,-0.813,-1.278
2022-08-16T15:30:00Z,-0.183,-0.643,0.262,0,-0.812,-1.377
2022-08-16T15:45:00Z,-0.183,-0.643,0.199,0,-0.805,-1.433
2022-08-16T16:00:00Z,0.286,-0.608,-0.209,0,-0.769,-1.3
2022-08-16T16:15:00Z,0.286,-0.608,-0.218,0,-0.77,-1.31
2022-08-16T16:30:00Z,0.286,-0.608,-0.293,0,-0.769,-1.384
2022-08-16T16:45:00Z,0.286,-0.608,-0.369,0,-0.684,-1.374
2022-08-16T17:00:00Z,0.667,-0.697,-0.598,0,-0.261,-0.889
2022-08-16T17:15:00Z,0.667,-0.697,-0.607,0,-0.262,-0.898
2022-08-16T17:30:00Z,0.667,-0.697,-0.608,0,-0.261,-0.899
2022-08-16T17:45:00Z,0.667,-0.697,-0.625,0,-0.13,-0.784
2022-08-16T18:00:00Z,0.953,-0.697,-0.932,0,0.127,-0.549
2022-08-16T18:15:00Z,0.953,-0.697,-0.932,0,0.127,-0.549
2022-08-16T18:30:00Z,0.953,-0.697,-0.942,0,0.127,-0.559
2022-08-16T18:45:00Z,0.953,-0.697,-0.938,0,0.127,-0.555
2022-08-16T19:00:00Z,0.724,-0.689,-0.676,0,-0.191,-0.832
2022-08-16T19:15:00Z,0.724,-0.689,-0.561,0,-0.191,-0.717
2022-08-16T19:30:00Z,0.724,-0.689,-0.546,0,-0.191,-0.702
2022-08-16T19:45:00Z,0.724,-0.689,-0.382,0,-0.056,-0.403
2022-08-16T20:00:00Z,0.199,-0.623,-0.377,0,0.208,-0.593
2022-08-16T20:15:00Z,0.199,-0.623,-0.375,0,0.209,-0.591
2022-08-16T20:30:00Z,0.199,-0.623,-0.38,0,0.208,-0.596
2022-08-16T20:45:00Z,0.199,-0.623,-0.539,0,0.139,-0.825
2022-08-16T21:00:00Z,0.442,-0.125,-0.747,0,-0.001,-0.431
2022-08-16T21:15:00Z,0.442,-0.125,-0.756,0,-0,-0.44
2022-08-16T21:30:00Z,0.442,-0.125,-0.738,0,-0,-0.423
2022-08-16T21:45:00Z,0.442,-0.125,-0.756,0,-0.001,-0.44
2022-08-16T22:00:00Z,0.414,-0.005,-1.305,0,0.353,-0.542
2022-08-16T22:15:00Z,0.414,-0.005,-1.555,0,0.353,-0.792
2022-08-16T22:30:00Z,0.414,-0.005,-1.582,0,0.352,-0.82
2022-08-16T22:45:00Z,0.414,-0.005,-1.618,0,0.478,-0.73
2022-08-16T23:00:00Z,0.237,0.028,-1.984,0,0.726,-0.993
2022-08-16T23:15:00Z,0.237,0.028,-2.201,0,0.725,-1.211
2022-08-16T23:30:00Z,0.237,0.028,-2.204,0,0.726,-1.213
2022-08-16T23:45:00Z,0.237,0.028,-2.273,0,0.835,-1.173
2022-08-17T00:00:00Z,0.273,-0.171,-2.581,0,1.054,-1.424
2022-08-17T00:15:00Z,0.273,-0.171,-2.777,0,1.054,-1.62
2022-08-17T00:30:00Z,0.273,-0.171,-2.643,0,1.055,-1.485
2022-08-17T00:45:00Z,0.273,-0.171,-2.731,0,1.054,-1.574
2022-08-17T01:00:00Z,0.624,-0.7,-2.53,0,0.996,-1.61
2022-08-17T01:15:00Z,0.624,-0.7,-2.604,0,0.996,-1.684
2022-08-17T01:30:00Z,0.624,-0.7,-2.651,0,0.996,-1.731
2022-08-17T01:45:00Z,0.624,-0.7,-2.582,0,0.995,-1.663
2022-08-17T02:00:00Z,0.864,-0.7,-2.448,0,0.995,-1.289
2022-08-17T02:15:00Z,0.864,-0.7,-2.386,0,0.996,-1.227
2022-08-17T02:30:00Z,0.864,-0.7,-2.43,0,0.996,-1.27
2022-08-17T02:45:00Z,0.864,-0.7,-2.444,0,0.992,-1.288
2022-08-17T03:00:00Z,0.663,-0.7,-2.45,0,0.821,-1.665
2022-08-17T03:15:00Z,0.663,-0.7,-2.496,0,0.822,-1.711
2022-08-17T03:30:00Z,0.663,-0.7,-2.503,0,0.822,-1.718
2022-08-17T03:45:00Z,0.663,-0.7,-2.572,0,0.831,-1.778
2022-08-17T04:00:00Z,0.793,-0.7,-3.082,0,0.849,-2.141
2022-08-17T04:15:00Z,0.793,-0.7,-3.459,0,0.848,-2.518
2022-08-17T04:30:00Z,0.793,-0.7,-3.472,0,0.849,-2.531
2022-08-17T04:45:00Z,0.793,-0.7,-3.534,0,0.877,-2.564
2022-08-17T05:00:00Z,0.764,-0.696,-3.494,0,0.933,-2.492
2022-08-17T05:15:00Z,0.764,-0.696,-3.539,0,0.935,-2.535
2022-08-17T05:30:00Z,0.764,-0.696,-3.41,0,0.936,-2.405
2022-08-17T05:45:00Z,0.764,-0.696,-3.251,0,0.831,-2.352
2022-08-17T06:00:00Z,0.574,-0.601,-2.808,0,0.302,-2.533
2022-08-17T06:15:00Z,0.574,-0.601,-2.706,0,0.303,-2.429
2022-08-17T06:30:00Z,0.574,-0.601,-2.62,0,0.302,-2.344
2022-08-17T06:45:00Z,0.574,-0.601,-2.373,0,0.202,-2.197
2022-08-17T07:00:00Z,-0.145,-0.49,-1.179,0,-0.625,-2.438
2022-08-17T07:15:00Z,-0.145,-0.49,-0.968,0,-0.686,-2.288
2022-08-17T07:30:00Z,-0.145,-0.49,-0.897,0,-0.687,-2.219
2022-08-17T07:45:00Z,-0.145,-0.49,-0.788,0,-0.616,-2.039
2022-08-17T08:00:00Z,-0.955,0.149,-1.286,0,-0.474,-2.566
2022-08-17T08:15:00Z,-0.955,0.149,-1.409,0,-0.475,-2.691
2022-08-17T08:30:00Z,-0.955,0.149,-1.444,0,-0.474,-2.725
2022-08-17T08:45:00Z,-0.955,0.149,-1.453,0,-0.452,-2.712
2022-08-17T09:00:00Z,-0.951,-0.454,-1.208,0,-0.407,-3.02
2022-08-17T09:15:00Z,-0.951,-0.454,-1.238,0,-0.407,-3.05
2022-08-17T09:30:00Z,-0.951,-0.454,-1.247,0,-0.407,-3.059
2022-08-17T09:45:00Z,-0.951,-0.454,-1.168,0,-0.406,-2.979
2022-08-17T10:00:00Z,-0.707,-0.334,-1.226,0,-0.349,-2.616
2022-08-17T10:15:00Z,-0.707,-0.334,-1.535,0,-0.349,-2.926
2022-08-17T10:30:00Z,-0.707,-0.334,-1.619,0,-0.349,-3.009
2022-08-17T10:45:00Z,-0.707,-0.334,-1.737,0,-0.233,-3.011
2022-08-17T11:00:00Z,-0.728,-0.699,-1.775,0,0.244,-2.959
2022-08-17T11:15:00Z,-0.728,-0.699,-1.963,0,0.244,-3.147
2022-08-17T11:30:00Z,-0.728,-0.699,-1.747,0,0.244,-2.931
2022-08-17T11:45:00Z,-0.728,-0.699,-1.637,0,0.266,-2.799
2022-08-17T12:00:00Z,-0.585,-0.697,-1.598,0,0.31,-2.57
2022-08-17T12:15:00Z,-0.585,-0.697,-1.727,0,0.31,-2.699
2022-08-17T12:30:00Z,-0.585,-0.697,-1.761,0,0.31,-2.732
2022-08-17T12:45:00Z,-0.585,-0.697,-1.713,0,0.207,-2.788
2022-08-17T13:00:00Z,-0.284,-0.621,-1.455,0,-0.324,-2.684
2022-08-17T13:15:00Z,-0.284,-0.621,-1.432,0,-0.325,-2.662
2022-08-17T13:30:00Z,-0.284,-0.621,-1.324,0,-0.325,-2.554
2022-08-17T13:45:00Z,-0.284,-0.621,-1.493,0,-0.216,-2.614
2022-08-17T14:00:00Z,-0.498,-0.324,-2.202,0,0.178,-2.847
2022-08-17T14:15:00Z,-0.498,-0.324,-2.52,0,0.178,-3.164
2022-08-17T14:30:00Z,-0.498,-0.324,-2.66,0,0.178,-3.305
2022-08-17T14:45:00Z,-0.498,-0.324,-2.547,0,0.119,-3.25
2022-08-17T15:00:00Z,-0.244,-0.699,-1.97,0,-0.105,-3.018
2022-08-17T15:15:00Z,-0.244,-0.699,-1.842,0,-0.105,-2.89
2022-08-17T15:30:00Z,-0.244,-0.699,-1.869,0,-0.106,-2.918
2022-08-17T15:45:00Z,-0.244,-0.699,-1.945,0,-0.106,-2.994
2022-08-17T16:00:00Z,-0.091,-0.7,-2.043,0,-0.305,-3.139
2022-08-17T16:15:00Z,-0.091,-0.7,-2.107,0,-0.305,-3.203
2022-08-17T16:30:00Z,-0.091,-0.7,-2.092,0,-0.305,-3.188
2022-08-17T16:45:00Z,-0.091,-0.7,-2.053,0,-0.204,-3.048
2022-08-17T17:00:00Z,0.258,-0.698,-2.369,0,-0.001,-2.81
2022-08-17T17:15:00Z,0.258,-0.698,-2.32,0,-0.001,-2.761
2022-08-17T17:30:00Z,0.258,-0.698,-2.293,0,-0.001,-2.734
2022-08-17T17:45:00Z,0.258,-0.698,-2.332,0,0,-2.772
2022-08-17T18:00:00Z,0.109,-0.651,-2.016,0,-0,-2.558
2022-08-17T18:15:00Z,0.109,-0.651,-1.875,0,-0,-2.417
2022-08-17T18:30:00Z,0.109,-0.651,-1.814,0,-0,-2.356
2022-08-17T18:45:00Z,0.109,-0.651,-1.783,0,-0,-2.325
2022-08-17T19:00:00Z,-0.082,-0.4,-1.909,0,-0.105,-2.497
2022-08-17T19:15:00Z,-0.082,-0.4,-1.877,0,-0.105,-2.465
2022-08-17T19:30:00Z,-0.082,-0.4,-1.85,0,-0.106,-2.439
2022-08-17T19:45:00Z,-0.082,-0.4,-1.695,0,-0.106,-2.283
2022-08-17T20:00:00Z,-0.323,-0.614,-1.448,0,-0.105,-2.49
2022-08-17T20:15:00Z,-0.323,-0.614,-1.333,0,-0.106,-2.376
2022-08-17T20:30:00Z,-0.323,-0.614,-1.093,0,-0.105,-2.136
2022-08-17T20:45:00Z,-0.323,-0.614,-1.069,0,-0.07,-2.076
2022-08-17T21:00:00Z,-1.315,-0.647,-0.532,0,0.187,-2.308
2022-08-17T21:15:00Z,-1.315,-0.647,-0.861,0,0.186,-2.638
2022-08-17T21:30:00Z,-1.315,-0.647,-0.811,0,0.186,-2.587
2022-08-17T21:45:00Z,-1.315,-0.647,-0.705,0,0.186,-2.481
2022-08-17T22:00:00Z,-0.161,0.02,-1.434,0,-0.211,-1.786
2022-08-17T22:15:00Z,-0.161,0.02,-1.6,0,-0.211,-1.952
2022-08-17T22:30:00Z,-0.161,0.02,-1.393,0,-0.211,-1.745
2022-08-17T22:45:00Z,-0.161,0.02,-1.446,0,-0.05,-1.637
2022-08-17T23:00:00Z,0.197,0.154,-1.66,0,0.261,-1.048
2022-08-17T23:15:00Z,0.197,0.154,-1.647,0,0.261,-1.036
2022-08-17T23:30:00Z,0.197,0.154,-1.664,0,0.26,-1.053
2022-08-17T23:45:00Z,0.197,0.154,-1.631,0,0.348,-0.932
2022-08-18T00:00:00Z,-0.16,-0.039,-1.611,0,0.779,-1.031
2022-08-18T00:15:00Z,-0.16,-0.039,-1.791,0,0.778,-1.211
2022-08-18T00:30:00Z,-0.16,-0.039,-1.759,0,0.778,-1.18
2022-08-18T00:45:00Z,-0.16,-0.039,-1.653,0,0.778,-1.073
2022-08-18T01:00:00Z,0.193,-0.655,-1.14,0,0.45,-1.151
2022-08-18T01:15:00Z,0.193,-0.655,-1.146,0,0.45,-1.157
2022-08-18T01:30:00Z,0.193,-0.655,-1.194,0,0.45,-1.204
2022-08-18T01:45:00Z,0.193,-0.655,-1.186,0,0.517,-1.129
2022-08-18T02:00:00Z,0.209,-0.655,-1.264,0,0.652,-1.058
2022-08-18T02:15:00Z,0.209,-0.655,-1.309,0,0.651,-1.103
2022-08-18T02:30:00Z,0.209,-0.655,-1.329,0,0.652,-1.122
2022-08-18T02:45:00Z,0.209,-0.655,-1.312,0,0.65,-1.107
2022-08-18T03:00:00Z,0.565,-0.643,-1.483,0,0.623,-0.938
2022-08-18T03:15:00Z,0.565,-0.643,-1.8,0,0.623,-1.256
2022-08-18T03:30:00Z,0.565,-0.643,-1.906,0,0.623,-1.361
2022-08-18T03:45:00Z,0.565,-0.643,-1.939,0,0.65,-1.367
2022-08-18T04:00:00Z,0.563,-0.395,-2.568,0,0.708,-1.692
2022-08-18T04:15:00Z,0.563,-0.395,-2.921,0,0.707,-2.046
2022-08-18T04:30:00Z,0.563,-0.395,-3.062,0,0.708,-2.186
2022-08-18T04:45:00Z,0.563,-0.395,-2.897,0,0.4,-2.329
2022-08-18T05:00:00Z,0.608,-0.647,-2.59,0,-0.106,-2.735
2022-08-18T05:15:00Z,0.608,-0.647,-2.962,0,-0.105,-3.106
2022-08-18T05:30:00Z,0.608,-0.647,-2.974,0,-0.105,-3.118
2022-08-18T05:45:00Z,0.608,-0.647,-2.933,0,-0.106,-3.078
2022-08-18T06:00:00Z,0.445,-0.654,-2.324,0,-0.511,-3.045
2022-08-18T06:15:00Z,0.445,-0.654,-2.336,0,-0.511,-3.056
2022-08-18T06:30:00Z,0.445,-0.654,-2.449,0,-0.512,-3.171
2022-08-18T06:45:00Z,0.445,-0.654,-2.519,0,-0.513,-3.242
2022-08-18T07:00:00Z,0.17,-0.7,-2.239,0,-0.846,-3.615
2022-08-18T07:15:00Z,0.17,-0.7,-2.613,0,-0.846,-3.988
2022-08-18T07:30:00Z,0.17,-0.7,-2.946,0,-0.846,-4.322
2022-08-18T07:45:00Z,0.17,-0.7,-3.018,0,-0.848,-4.394
2022-08-18T08:00:00Z,-0.151,-0.7,-2.897,0,-0.921,-4.669
2022-08-18T08:15:00Z,-0.151,-0.7,-3.099,0,-0.922,-4.871
2022-08-18T08:30:00Z,-0.151,-0.7,-3.14,0,-0.922,-4.912
2022-08-18T08:45:00Z,-0.151,-0.7,-3.2,0,-0.921,-4.971
2022-08-18T09:00:00Z,-0.52,-0.699,-3.68,0,-0.527,-5.426
2022-08-18T09:15:00Z,-0.52,-0.699,-3.864,0,-0.528,-5.612
2022-08-18T09:30:00Z,-0.52,-0.699,-3.794,0,-0.527,-5.541
2022-08-18T09:45:00Z,-0.52,-0.699,-3.789,0,-0.528,-5.537
2022-08-18T10:00:00Z,-0.394,-0.699,-3.798,0,-0.535,-5.426
2022-08-18T10:15:00Z,-0.394,-0.699,-3.922,0,-0.536,-5.55
2022-08-18T10:30:00Z,-0.394,-0.699,-3.644,0,-0.535,-5.271
2022-08-18T10:45:00Z,-0.394,-0.699,-3.545,0,-0.535,-5.173
2022-08-18T11:00:00Z,-0.478,-0.699,-2.065,0,-0.543,-3.785
2022-08-18T11:15:00Z,-0.478,-0.699,-1.998,0,-0.543,-3.719
2022-08-18T11:30:00Z,-0.478,-0.699,-2.817,0,-0.543,-4.537
2022-08-18T11:45:00Z,-0.478,-0.699,-2.745,0,-0.468,-4.389
2022-08-18T12:00:00Z,-0.392,-0.699,-3.218,0,-0.315,-4.625
2022-08-18T12:15:00Z,-0.392,-0.699,-3.491,0,-0.315,-4.898
2022-08-18T12:30:00Z,-0.392,-0.699,-3.591,0,-0.316,-4.999
2022-08-18T12:45:00Z,-0.392,-0.699,-3.429,0,-0.316,-4.836
2022-08-18T13:00:00Z,0.226,-0.699,-3.907,0,-0.385,-4.764
2022-08-18T13:15:00Z,0.226,-0.699,-3.889,0,-0.384,-4.745
2022-08-18T13:30:00Z,0.226,-0.699,-3.805,0,-0.384,-4.661
2022-08-18T13:45:00Z,0.226,-0.699,-3.953,0,-0.468,-4.894
2022-08-18T14:00:00Z,0.47,-0.699,-2.78,0,-0.875,-3.884
2022-08-18T14:15:00Z,0.47,-0.699,-2.628,0,-0.875,-3.732
2022-08-18T14:30:00Z,0.47,-0.699,-2.438,0,-0.875,-3.541
2022-08-18T14:45:00Z,0.47,-0.699,-2.6,0,-0.721,-3.551
2022-08-18T15:00:00Z,0.691,-0.699,-2.882,0,-0.432,-3.321
2022-08-18T15:15:00Z,0.691,-0.699,-2.914,0,-0.433,-3.355
2022-08-18T15:30:00Z,0.691,-0.699,-2.943,0,-0.433,-3.384
2022-08-18T15:45:00Z,0.691,-0.699,-2.881,0,-0.422,-3.311
2022-08-18T16:00:00Z,0.651,-0.699,-3.123,0,-0.404,-3.576
2022-08-18T16:15:00Z,0.651,-0.699,-3.127,0,-0.404,-3.58
2022-08-18T16:30:00Z,0.651,-0.699,-3.062,0,-0.405,-3.516
2022-08-18T16:45:00Z,0.651,-0.699,-3,0,-0.305,-3.354
2022-08-18T17:00:00Z,0.565,-0.7,-3.228,0,-0.105,-3.467
2022-08-18T17:15:00Z,0.565,-0.7,-2.998,0,-0.106,-3.238
2022-08-18T17:30:00Z,0.565,-0.7,-2.953,0,-0.105,-3.192
2022-08-18T17:45:00Z,0.565,-0.7,-3.01,0,-0.07,-3.215
2022-08-18T18:00:00Z,0.4,-0.7,-3.124,0,0.553,-2.871
2022-08-18T18:15:00Z,0.4,-0.7,-2.995,0,0.58,-2.715
2022-08-18T18:30:00Z,0.4,-0.7,-2.931,0,0.579,-2.652
2022-08-18T18:45:00Z,0.4,-0.7,-2.875,0,0.579,-2.595
2022-08-18T19:00:00Z,0.553,-0.7,-2.77,0,0.365,-2.552
2022-08-18T19:15:00Z,0.553,-0.7,-2.715,0,0.365,-2.497
2022-08-18T19:30:00Z,0.553,-0.7,-2.663,0,0.366,-2.444
2022-08-18T19:45:00Z,0.553,-0.7,-2.593,0,0.425,-2.316
2022-08-18T20:00:00Z,-0.155,-0.678,-1.937,0,0.542,-2.228
2022-08-18T20:15:00Z,-0.155,-0.678,-2.008,0,0.542,-2.3
2022-08-18T20:30:00Z,-0.155,-0.678,-1.974,0,0.542,-2.265
2022-08-18T20:45:00Z,-0.155,-0.678,-2.116,0,0.542,-2.408
2022-08-18T21:00:00Z,-0.154,-0.159,-2.471,0,0.268,-2.516
2022-08-18T21:15:00Z,-0.154,-0.159,-2.675,0,0.268,-2.72
2022-08-18T21:30:00Z,-0.154,-0.159,-2.558,0,0.267,-2.603
2022-08-18T21:45:00Z,-0.154,-0.159,-2.65,0,0.284,-2.679
2022-08-18T22:00:00Z,0.749,0.357,-2.828,0,0.315,-1.406
2022-08-18T22:15:00Z,0.749,0.357,-2.738,0,0.315,-1.316
2022-08-18T22:30:00Z,0.749,0.357,-2.723,0,0.315,-1.302
2022-08-18T22:45:00Z,0.749,0.357,-2.597,0,0.388,-1.103
2022-08-18T23:00:00Z,1.176,0.241,-2.35,0,0.53,-0.403
2022-08-18T23:15:00Z,1.176,0.241,-2.275,0,0.531,-0.327
2022-08-18T23:30:00Z,1.176,0.241,-2.238,0,0.53,-0.291
2022-08-18T23:45:00Z,1.176,0.241,-2.129,0,0.624,-0.088
2022-08-19T00:00:00Z,1.309,-0.019,-2.246,0,0.811,-0.144
2022-08-19T00:15:00Z,1.309,-0.019,-2.41,0,0.811,-0.308
2022-08-19T00:30:00Z,1.309,-0.019,-2.357,0,0.81,-0.256
2022-08-19T00:45:00Z,1.309,-0.019,-2.201,0,0.811,-0.1
2022-08-19T01:00:00Z,2.076,-0.521,-2.283,0,0.751,0.023
2022-08-19T01:15:00Z,2.076,-0.521,-2.314,0,0.752,-0.008
2022-08-19T01:30:00Z,2.076,-0.521,-2.38,0,0.751,-0.074
2022-08-19T01:45:00Z,2.076,-0.521,-2.429,0,0.765,-0.109
2022-08-19T02:00:00Z,1.687,-0.068,-2.619,0,0.791,-0.21
2022-08-19T02:15:00Z,1.687,-0.068,-2.702,0,0.79,-0.293
2022-08-19T02:30:00Z,1.687,-0.068,-2.755,0,0.79,-0.346
2022-08-19T02:45:00Z,1.687,-0.068,-2.746,0,0.82,-0.308
2022-08-19T03:00:00Z,1.564,-0.383,-2.627,0,0.88,-0.567
2022-08-19T03:15:00Z,1.564,-0.383,-2.618,0,0.88,-0.558
2022-08-19T03:30:00Z,1.564,-0.383,-2.638,0,0.879,-0.578
2022-08-19T03:45:00Z,1.564,-0.383,-2.653,0,0.878,-0.594
2022-08-19T04:00:00Z,1.645,-0.591,-2.907,0,0.768,-1.086
2022-08-19T04:15:00Z,1.645,-0.591,-2.951,0,0.768,-1.129
2022-08-19T04:30:00Z,1.645,-0.591,-3.104,0,0.768,-1.282
2022-08-19T04:45:00Z,1.645,-0.591,-3.162,0,0.768,-1.34
2022-08-19T05:00:00Z,1.352,-0.478,-2.896,0,0.3,-1.722
2022-08-19T05:15:00Z,1.352,-0.478,-3.071,0,0.301,-1.897
2022-08-19T05:30:00Z,1.352,-0.478,-3.164,0,0.301,-1.99
2022-08-19T05:45:00Z,1.352,-0.478,-3.168,0,0.3,-1.994
2022-08-19T06:00:00Z,0.78,-0.695,-2.572,0,0.234,-2.254
2022-08-19T06:15:00Z,0.78,-0.695,-2.522,0,0.234,-2.203
2022-08-19T06:30:00Z,0.78,-0.695,-2.744,0,0.233,-2.426
2022-08-19T06:45:00Z,0.78,-0.695,-2.779,0,0.155,-2.539
2022-08-19T07:00:00Z,0.461,-0.569,-2.556,0,-0.105,-2.769
2022-08-19T07:15:00Z,0.461,-0.569,-2.868,0,-0.106,-3.082
2022-08-19T07:30:00Z,0.461,-0.569,-2.926,0,-0.105,-3.14
2022-08-19T07:45:00Z,0.461,-0.569,-2.987,0,-0.106,-3.201
2022-08-19T08:00:00Z,0.004,-0.434,-2.739,0,-0.47,-3.638
2022-08-19T08:15:00Z,0.004,-0.434,-2.871,0,-0.469,-3.77
2022-08-19T08:30:00Z,0.004,-0.434,-2.922,0,-0.469,-3.821
2022-08-19T08:45:00Z,0.004,-0.434,-2.916,0,-0.437,-3.784
2022-08-19T09:00:00Z,-0.176,-0.685,-3.037,0,-0.375,-4.274
2022-08-19T09:15:00Z,-0.176,-0.685,-3.099,0,-0.375,-4.336
2022-08-19T09:30:00Z,-0.176,-0.685,-3.125,0,-0.375,-4.362
2022-08-19T09:45:00Z,-0.176,-0.685,-3.174,0,-0.298,-4.333
2022-08-19T10:00:00Z,-0.415,-0.659,-2.958,0,-0.144,-4.176
2022-08-19T10:15:00Z,-0.415,-0.659,-2.858,0,-0.143,-4.074
2022-08-19T10:30:00Z,-0.415,-0.659,-2.677,0,-0.144,-3.896
2022-08-19T10:45:00Z,-0.415,-0.659,-2.619,0,-0.145,-3.838
2022-08-19T11:00:00Z,-0.578,-0.617,-2.735,0,-0.215,-4.145
2022-08-19T11:15:00Z,-0.578,-0.617,-2.801,0,-0.216,-4.212
2022-08-19T11:30:00Z,-0.578,-0.617,-2.803,0,-0.216,-4.214
2022-08-19T11:45:00Z,-0.578,-0.617,-2.684,0,-0.217,-4.096
2022-08-19T12:00:00Z,-0.855,-0.699,-2.234,0,-0.369,-4.157
2022-08-19T12:15:00Z,-0.855,-0.699,-2.233,0,-0.369,-4.156
2022-08-19T12:30:00Z,-0.855,-0.699,-2.177,0,-0.369,-4.1
2022-08-19T12:45:00Z,-0.855,-0.699,-2.261,0,-0.246,-4.061
2022-08-19T13:00:00Z,0.02,-0.698,-2.446,0,-0.001,-3.125
2022-08-19T13:15:00Z,0.02,-0.698,-2.521,0,-0.001,-3.199
2022-08-19T13:30:00Z,0.02,-0.698,-2.53,0,-0,-3.208
2022-08-19T13:45:00Z,0.02,-0.698,-2.278,0,0,-2.956
2022-08-19T14:00:00Z,0.37,-0.659,-2.862,0,0.449,-2.702
2022-08-19T14:15:00Z,0.37,-0.659,-3.134,0,0.448,-2.975
2022-08-19T14:30:00Z,0.37,-0.659,-3.132,0,0.449,-2.973
2022-08-19T14:45:00Z,0.37,-0.659,-3.008,0,0.333,-2.965
2022-08-19T15:00:00Z,0.947,-0.624,-2.957,0,0.102,-2.532
2022-08-19T15:15:00Z,0.947,-0.624,-2.863,0,0.102,-2.439
2022-08-19T15:30:00Z,0.947,-0.624,-2.851,0,0.102,-2.427
2022-08-19T15:45:00Z,0.947,-0.624,-2.759,0,0.067,-2.369
2022-08-19T16:00:00Z,1.319,-0.671,-2.501,0,-0.49,-2.344
2022-08-19T16:15:00Z,1.319,-0.671,-2.662,0,-0.489,-2.503
2022-08-19T16:30:00Z,1.319,-0.671,-2.848,0,-0.489,-2.689
2022-08-19T16:45:00Z,1.319,-0.671,-2.711,0,-0.463,-2.525
2022-08-19T17:00:00Z,0.993,0.002,-3.443,0,-0.41,-2.858
2022-08-19T17:15:00Z,0.993,0.002,-3.453,0,-0.41,-2.868
2022-08-19T17:30:00Z,0.993,0.002,-3.185,0,-0.41,-2.6
2022-08-19T17:45:00Z,0.993,0.002,-2.899,0,-0.321,-2.225
2022-08-19T18:00:00Z,0.653,0.442,-3.222,0,-0.143,-2.27
2022-08-19T18:15:00Z,0.653,0.442,-3.14,0,-0.142,-2.187
2022-08-19T18:30:00Z,0.653,0.442,-3.247,0,-0.143,-2.296
2022-08-19T18:45:00Z,0.653,0.442,-3.233,0,-0.13,-2.268
2022-08-19T19:00:00Z,0.35,0.253,-2.791,0,-0.106,-2.294
2022-08-19T19:15:00Z,0.35,0.253,-2.689,0,-0.105,-2.192
2022-08-19T19:30:00Z,0.35,0.253,-2.725,0,-0.106,-2.227
2022-08-19T19:45:00Z,0.35,0.253,-2.681,0,-0.107,-2.184
2022-08-19T20:00:00Z,0.168,-0.029,-2.424,0,-0.188,-2.473
2022-08-19T20:15:00Z,0.168,-0.029,-2.319,0,-0.187,-2.368
2022-08-19T20:30:00Z,0.168,-0.029,-2.111,0,-0.188,-2.161
2022-08-19T20:45:00Z,0.168,-0.029,-2.053,0,-0.043,-1.958
2022-08-19T21:00:00Z,0.357,0.1,-2.441,0,0.245,-1.739
2022-08-19T21:15:00Z,0.357,0.1,-2.29,0,0.245,-1.589
2022-08-19T21:30:00Z,0.357,0.1,-2.127,0,0.245,-1.426
2022-08-19T21:45:00Z,0.357,0.1,-2.016,0,0.243,-1.316
2022-08-19T22:00:00Z,0.852,0.032,-1.048,0,-0.107,-0.27
2022-08-19T22:15:00Z,0.852,0.032,-1.112,0,-0.107,-0.334
2022-08-19T22:30:00Z,0.852,0.032,-0.985,0,-0.107,-0.207
2022-08-19T22:45:00Z,0.852,0.032,-1.085,0,-0.015,-0.216
2022-08-19T23:00:00Z,1.737,0.012,-0.484,0,0.168,1.433
2022-08-19T23:15:00Z,1.737,0.012,-0.228,0,0.168,1.688
2022-08-19T23:30:00Z,1.737,0.012,-0.059,0,0.168,1.858
2022-08-19T23:45:00Z,1.737,0.012,0.122,0,0.259,2.13
2022-08-20T00:00:00Z,1.794,0.219,-0.4,0,0.704,2.317
2022-08-20T00:15:00Z,1.794,0.219,-0.503,0,0.704,2.213
2022-08-20T00:30:00Z,1.794,0.219,-0.535,0,0.704,2.181
2022-08-20T00:45:00Z,1.794,0.219,-0.505,0,0.704,2.212
2022-08-20T01:00:00Z,1.965,-0.004,-0.337,0,0.56,2.185
2022-08-20T01:15:00Z,1.965,-0.004,-0.323,0,0.561,2.199
2022-08-20T01:30:00Z,1.965,-0.004,-0.267,0,0.561,2.255
2022-08-20T01:45:00Z,1.965,-0.004,-0.258,0,0.609,2.312
2022-08-20T02:00:00Z,1.927,0.041,-0.505,0,0.703,2.166
2022-08-20T02:15:00Z,1.927,0.041,-0.557,0,0.703,2.114
2022-08-20T02:30:00Z,1.927,0.041,-0.529,0,0.702,2.141
2022-08-20T02:45:00Z,1.927,0.041,-0.504,0,0.738,2.202
2022-08-20T03:00:00Z,1.806,-0.025,-0.403,0,0.806,2.184
2022-08-20T03:15:00Z,1.806,-0.025,-0.423,0,0.805,2.163
2022-08-20T03:30:00Z,1.806,-0.025,-0.422,0,0.806,2.164
2022-08-20T03:45:00Z,1.806,-0.025,-0.459,0,0.842,2.163
2022-08-20T04:00:00Z,1.705,-0.031,-0.402,0,0.915,2.187
2022-08-20T04:15:00Z,1.705,-0.031,-0.405,0,0.915,2.184
2022-08-20T04:30:00Z,1.705,-0.031,-0.389,0,0.915,2.2
2022-08-20T04:45:00Z,1.705,-0.031,-0.431,0,0.915,2.158
2022-08-20T05:00:00Z,1.744,-0.017,-0.657,0,0.891,1.961
2022-08-20T05:15:00Z,1.744,-0.017,-0.924,0,0.891,1.695
2022-08-20T05:30:00Z,1.744,-0.017,-1.023,0,0.892,1.596
2022-08-20T05:45:00Z,1.744,-0.017,-1.121,0,0.927,1.533
2022-08-20T06:00:00Z,1.665,-0.009,-1.601,0,0.995,1.05
2022-08-20T06:15:00Z,1.665,-0.009,-1.812,0,0.995,0.839
2022-08-20T06:30:00Z,1.665,-0.009,-1.986,0,0.995,0.665
2022-08-20T06:45:00Z,1.665,-0.009,-2.078,0,0.994,0.573
2022-08-20T07:00:00Z,1.412,-0.083,-2.352,0,0.932,-0.09
2022-08-20T07:15:00Z,1.412,-0.083,-2.609,0,0.932,-0.348
2022-08-20T07:30:00Z,1.412,-0.083,-2.744,0,0.932,-0.483
2022-08-20T07:45:00Z,1.412,-0.083,-2.757,0,0.933,-0.495
2022-08-20T08:00:00Z,0.837,-0.075,-2.986,0,0.905,-1.318
2022-08-20T08:15:00Z,0.837,-0.075,-3.484,0,0.906,-1.816
2022-08-20T08:30:00Z,0.837,-0.075,-3.56,0,0.906,-1.892
2022-08-20T08:45:00Z,0.837,-0.075,-3.573,0,0.903,-1.908
2022-08-20T09:00:00Z,0.302,-0.242,-3.425,0,0.652,-2.713
2022-08-20T09:15:00Z,0.302,-0.242,-3.56,0,0.653,-2.847
2022-08-20T09:30:00Z,0.302,-0.242,-3.539,0,0.652,-2.827
2022-08-20T09:45:00Z,0.302,-0.242,-3.47,0,0.382,-3.029
2022-08-20T10:00:00Z,-0.059,-0.63,-2.648,0,-0.001,-3.338
2022-08-20T10:15:00Z,-0.059,-0.63,-2.566,0,-0.001,-3.256
2022-08-20T10:30:00Z,-0.059,-0.63,-2.499,0,-0.001,-3.188
2022-08-20T10:45:00Z,-0.059,-0.63,-2.574,0,-0.001,-3.263
2022-08-20T11:00:00Z,-0.195,-0.01,-2.884,0,-0.001,-3.091
2022-08-20T11:15:00Z,-0.195,-0.01,-2.943,0,-0.001,-3.149
2022-08-20T11:30:00Z,-0.195,-0.01,-2.97,0,-0.001,-3.176
2022-08-20T11:45:00Z,-0.195,-0.01,-2.895,0,-0.001,-3.101
2022-08-20T12:00:00Z,-0.103,-0.677,-2.439,0,-0.001,-3.22
2022-08-20T12:15:00Z,-0.103,-0.677,-2.518,0,-0.001,-3.299
2022-08-20T12:30:00Z,-0.103,-0.677,-2.503,0,-0.001,-3.285
2022-08-20T12:45:00Z,-0.103,-0.677,-2.301,0,-0.001,-3.082
2022-08-20T13:00:00Z,0.098,-0.699,-2.398,0,0.226,-2.773
2022-08-20T13:15:00Z,0.098,-0.699,-2.352,0,0.226,-2.726
2022-08-20T13:30:00Z,0.098,-0.699,-2.347,0,0.227,-2.721
2022-08-20T13:45:00Z,0.098,-0.699,-2.434,0,0.366,-2.669
2022-08-20T14:00:00Z,0.449,-0.657,-2.634,0,0.639,-2.203
2022-08-20T14:15:00Z,0.449,-0.657,-2.658,0,0.639,-2.227
2022-08-20T14:30:00Z,0.449,-0.657,-2.379,0,0.639,-1.948
2022-08-20T14:45:00Z,0.449,-0.657,-2.308,0,0.639,-1.877
2022-08-20T15:00:00Z,0.982,0.012,-2.769,0,0.564,-1.211
2022-08-20T15:15:00Z,0.982,0.012,-2.535,0,0.564,-0.978
2022-08-20T15:30:00Z,0.982,0.012,-2.373,0,0.564,-0.816
2022-08-20T15:45:00Z,0.982,0.012,-2.313,0,0.563,-0.756
2022-08-20T16:00:00Z,1.04,-0.021,-1.881,0,0.46,-0.403
2022-08-20T16:15:00Z,1.04,-0.021,-1.687,0,0.46,-0.208
2022-08-20T16:30:00Z,1.04,-0.021,-1.717,0,0.461,-0.237
2022-08-20T16:45:00Z,1.04,-0.021,-1.586,0,0.306,-0.262
2022-08-20T17:00:00Z,1.917,0.225,-1.593,0,-0.287,0.262
2022-08-20T17:15:00Z,1.917,0.225,-1.482,0,-0.288,0.373
2022-08-20T17:30:00Z,1.917,0.225,-1.409,0,-0.288,0.446
2022-08-20T17:45:00Z,1.917,0.225,-1.348,0,-0.192,0.603
2022-08-20T18:00:00Z,1.357,0.404,-1.324,0,0.593,1.031
2022-08-20T18:15:00Z,1.357,0.404,-1.134,0,0.642,1.269
2022-08-20T18:30:00Z,1.357,0.404,-1.036,0,0.643,1.368
2022-08-20T18:45:00Z,1.357,0.404,-0.963,0,0.659,1.457
2022-08-20T19:00:00Z,1.251,0.676,-1.019,0,0.692,1.6
2022-08-20T19:15:00Z,1.251,0.676,-0.898,0,0.692,1.72
2022-08-20T19:30:00Z,1.251,0.676,-0.835,0,0.692,1.783
2022-08-20T19:45:00Z,1.251,0.676,-0.704,0,0.691,1.914
2022-08-20T20:00:00Z,0.605,-0.012,-0.168,0,0.582,1.007
2022-08-20T20:15:00Z,0.605,-0.012,-0.055,0,0.583,1.121
2022-08-20T20:30:00Z,0.605,-0.012,0.113,0,0.583,1.289
2022-08-20T20:45:00Z,0.605,-0.012,0.122,0,0.674,1.388
2022-08-20T21:00:00Z,0.473,-0.661,0.813,0,0.853,1.477
2022-08-20T21:15:00Z,0.473,-0.661,0.931,0,0.852,1.595
2022-08-20T21:30:00Z,0.473,-0.661,1.054,0,0.852,1.718
2022-08-20T21:45:00Z,0.473,-0.661,0.968,0,0.85,1.63
2022-08-20T22:00:00Z,0.886,0.019,0.361,0,0.502,1.768
2022-08-20T22:15:00Z,0.886,0.019,0.44,0,0.503,1.848
2022-08-20T22:30:00Z,0.886,0.019,0.508,0,0.503,1.915
2022-08-20T22:45:00Z,0.886,0.019,0.535,0,0.532,1.971
2022-08-20T23:00:00Z,0.834,0.53,0.032,0,0.588,1.984
2022-08-20T23:15:00Z,0.834,0.53,-0.04,0,0.588,1.912
2022-08-20T23:30:00Z,0.834,0.53,-0.026,0,0.587,1.926
2022-08-20T23:45:00Z,0.834,0.53,-0.011,0,0.588,1.941
2022-08-21T00:00:00Z,0.592,0.693,-0.074,0,0.674,1.885
2022-08-21T00:15:00Z,0.592,0.693,-0.165,0,0.673,1.793
2022-08-21T00:30:00Z,0.592,0.693,-0.117,0,0.673,1.841
2022-08-21T00:45:00Z,0.592,0.693,-0.108,0,0.615,1.792
2022-08-21T01:00:00Z,0.626,0.693,-0.093,0,0.502,1.728
2022-08-21T01:15:00Z,0.626,0.693,-0.252,0,0.502,1.569
2022-08-21T01:30:00Z,0.626,0.693,-0.231,0,0.502,1.59
2022-08-21T01:45:00Z,0.626,0.693,-0.288,0,0.554,1.585
2022-08-21T02:00:00Z,0.55,0.437,-0.144,0,0.657,1.499
2022-08-21T02:15:00Z,0.55,0.437,-0.145,0,0.656,1.499
2022-08-21T02:30:00Z,0.55,0.437,-0.116,0,0.658,1.528
2022-08-21T02:45:00Z,0.55,0.437,-0.154,0,0.561,1.393
2022-08-21T03:00:00Z,0.338,0.688,-0.106,0,0.37,1.29
2022-08-21T03:15:00Z,0.338,0.688,-0.139,0,0.369,1.256
2022-08-21T03:30:00Z,0.338,0.688,-0.075,0,0.37,1.32
2022-08-21T03:45:00Z,0.338,0.688,-0.178,0,0.416,1.265
2022-08-21T04:00:00Z,0.215,0.621,-0.147,0,0.509,1.198
2022-08-21T04:15:00Z,0.215,0.621,-0.154,0,0.509,1.192
2022-08-21T04:30:00Z,0.215,0.621,-0.197,0,0.508,1.148
2022-08-21T04:45:00Z,0.215,0.621,-0.297,0,0.513,1.052
2022-08-21T05:00:00Z,0.236,0.485,-0.424,0,0.52,0.817
2022-08-21T05:15:00Z,0.236,0.485,-0.651,0,0.519,0.589
2022-08-21T05:30:00Z,0.236,0.485,-0.748,0,0.52,0.493
2022-08-21T05:45:00Z,0.236,0.485,-0.786,0,0.336,0.271
2022-08-21T06:00:00Z,0.055,0.671,-0.699,0,-0.115,-0.089
2022-08-21T06:15:00Z,0.055,0.671,-0.821,0,-0.115,-0.21
2022-08-21T06:30:00Z,0.055,0.671,-0.862,0,-0.115,-0.251
2022-08-21T06:45:00Z,0.055,0.671,-1.075,0,-0.249,-0.598
2022-08-21T07:00:00Z,-0.418,0.419,-0.472,0,-1.005,-1.476
2022-08-21T07:15:00Z,-0.418,0.419,-0.696,0,-1.005,-1.701
2022-08-21T07:30:00Z,-0.418,0.419,-0.586,0,-1.004,-1.59
2022-08-21T07:45:00Z,-0.418,0.419,-0.678,0,-1.011,-1.688
2022-08-21T08:00:00Z,-1.155,0.018,-0.248,0,-1.025,-2.409
2022-08-21T08:15:00Z,-1.155,0.018,-0.335,0,-1.025,-2.497
2022-08-21T08:30:00Z,-1.155,0.018,-0.349,0,-1.025,-2.51
2022-08-21T08:45:00Z,-1.155,0.018,-0.246,0,-1.025,-2.408
2022-08-21T09:00:00Z,-1.646,-0.667,0.641,0,-1.025,-2.697
2022-08-21T09:15:00Z,-1.646,-0.667,0.584,0,-1.025,-2.753
2022-08-21T09:30:00Z,-1.646,-0.667,0.483,0,-1.026,-2.856
2022-08-21T09:45:00Z,-1.646,-0.667,0.547,0,-1.025,-2.791
2022-08-21T10:00:00Z,-1.66,-0.667,0.562,0,-1.026,-2.791
2022-08-21T10:15:00Z,-1.66,-0.667,0.521,0,-1.026,-2.831
2022-08-21T10:30:00Z,-1.66,-0.667,0.558,0,-1.026,-2.795
2022-08-21T10:45:00Z,-1.66,-0.667,0.622,0,-1.046,-2.75
2022-08-21T11:00:00Z,-1.69,-0.689,0.893,0,-1.086,-2.571
2022-08-21T11:15:00Z,-1.69,-0.689,0.968,0,-1.087,-2.497
2022-08-21T11:30:00Z,-1.69,-0.689,0.923,0,-1.086,-2.541
2022-08-21T11:45:00Z,-1.69,-0.689,0.958,0,-1.086,-2.507
2022-08-21T12:00:00Z,-1.796,-0.699,1.148,0,-1.087,-2.433
2022-08-21T12:15:00Z,-1.796,-0.699,1.337,0,-1.087,-2.245
2022-08-21T12:30:00Z,-1.796,-0.699,1.382,0,-1.087,-2.2
2022-08-21T12:45:00Z,-1.796,-0.699,1.434,0,-1.087,-2.148
2022-08-21T13:00:00Z,-2.088,-0.67,1.915,0,-1.026,-1.869
2022-08-21T13:15:00Z,-2.088,-0.67,1.996,0,-1.025,-1.787
2022-08-21T13:30:00Z,-2.088,-0.67,1.974,0,-1.026,-1.81
2022-08-21T13:45:00Z,-2.088,-0.67,1.753,0,-1.026,-2.031
2022-08-21T14:00:00Z,-0.911,0.016,0.775,0,-1.026,-1.145
2022-08-21T14:15:00Z,-0.911,0.016,0.772,0,-1.025,-1.148
2022-08-21T14:30:00Z,-0.911,0.016,0.869,0,-1.025,-1.051
2022-08-21T14:45:00Z,-0.911,0.016,0.762,0,-1.025,-1.157
2022-08-21T15:00:00Z,-0.313,0.681,0.373,0,-1.026,-0.284
2022-08-21T15:15:00Z,-0.313,0.681,0.531,0,-1.026,-0.126
2022-08-21T15:30:00Z,-0.313,0.681,0.547,0,-1.027,-0.111
2022-08-21T15:45:00Z,-0.313,0.681,0.571,0,-1.01,-0.07
2022-08-21T16:00:00Z,0.545,0.674,0.034,0,-0.977,0.277
2022-08-21T16:15:00Z,0.545,0.674,0.009,0,-0.977,0.251
2022-08-21T16:30:00Z,0.545,0.674,-0.255,0,-0.977,-0.013
2022-08-21T16:45:00Z,0.545,0.674,-0.126,0,-0.977,0.116
2022-08-21T17:00:00Z,0.102,0.698,-0.589,0,-0.519,-0.308
2022-08-21T17:15:00Z,0.102,0.698,-0.629,0,-0.52,-0.35
2022-08-21T17:30:00Z,0.102,0.698,-0.762,0,-0.52,-0.481
2022-08-21T17:45:00Z,0.102,0.698,-0.497,0,-0.522,-0.219
2022-08-21T18:00:00Z,0.304,0.651,0.113,0,-0.956,0.111
2022-08-21T18:15:00Z,0.304,0.651,0.219,0,-0.956,0.217
2022-08-21T18:30:00Z,0.304,0.651,0.257,0,-0.956,0.255
2022-08-21T18:45:00Z,0.304,0.651,0.277,0,-0.832,0.399
2022-08-21T19:00:00Z,0.089,0.228,0.709,0,-0.587,0.44
2022-08-21T19:15:00Z,0.089,0.228,0.849,0,-0.586,0.58
2022-08-21T19:30:00Z,0.089,0.228,0.832,0,-0.586,0.563
2022-08-21T19:45:00Z,0.089,0.228,0.905,0,-0.738,0.484
2022-08-21T20:00:00Z,-0.027,0.373,1.036,0,-1.026,0.356
2022-08-21T20:15:00Z,-0.027,0.373,0.975,0,-1.025,0.296
2022-08-21T20:30:00Z,-0.027,0.373,1.086,0,-1.025,0.407
2022-08-21T20:45:00Z,-0.027,0.373,1.094,0,-0.934,0.506
2022-08-21T21:00:00Z,-0.356,0.179,1.543,0,-0.482,0.883
2022-08-21T21:15:00Z,-0.356,0.179,1.564,0,-0.483,0.904
2022-08-21T21:30:00Z,-0.356,0.179,1.764,0,-0.482,1.104
2022-08-21T21:45:00Z,-0.356,0.179,1.562,0,-0.32,1.064
2022-08-21T22:00:00Z,0.786,0.402,0.476,0,0.117,1.781
2022-08-21T22:15:00Z,0.786,0.402,0.155,0,0.118,1.461
2022-08-21T22:30:00Z,0.786,0.402,0.316,0,0.118,1.623
2022-08-21T22:45:00Z,0.786,0.402,0.591,0,0.118,1.897
2022-08-21T23:00:00Z,0.971,0.002,1.184,0,-0.158,1.999
2022-08-21T23:15:00Z,0.971,0.002,1.208,0,-0.158,2.024
2022-08-21T23:30:00Z,0.971,0.002,1.256,0,-0.158,2.071
2022-08-21T23:45:00Z,0.971,0.002,1.3,0,-0.105,2.168
2022-08-22T00:00:00Z,-0.449,-0.673,2.544,0,0.425,1.847
2022-08-22T00:15:00Z,-0.449,-0.673,2.595,0,0.424,1.897
2022-08-22T00:30:00Z,-0.449,-0.673,2.656,0,0.425,1.958
2022-08-22T00:45:00Z,-0.449,-0.673,2.583,0,0.424,1.885
2022-08-22T01:00:00Z,-0.125,-0.637,2.427,0,0.382,2.047
2022-08-22T01:15:00Z,-0.125,-0.637,2.406,0,0.383,2.027
2022-08-22T01:30:00Z,-0.125,-0.637,2.38,0,0.383,2.002
2022-08-22T01:45:00Z,-0.125,-0.637,2.19,0,0.454,1.882
2022-08-22T02:00:00Z,0.672,0.022,0.733,0,0.594,2.021
2022-08-22T02:15:00Z,0.672,0.022,0.541,0,0.594,1.829
2022-08-22T02:30:00Z,0.672,0.022,0.526,0,0.594,1.814
2022-08-22T02:45:00Z,0.672,0.022,0.457,0,0.599,1.749
2022-08-22T03:00:00Z,0.969,-0.032,0.053,0,0.607,1.597
2022-08-22T03:15:00Z,0.969,-0.032,-0.181,0,0.607,1.363
2022-08-22T03:30:00Z,0.969,-0.032,-0.38,0,0.607,1.164
2022-08-22T03:45:00Z,0.969,-0.032,-0.489,0,0.604,1.052
2022-08-22T04:00:00Z,1.018,-0.672,-0.236,0,0.136,0.246
2022-08-22T04:15:00Z,1.018,-0.672,-0.55,0,0.137,-0.066
2022-08-22T04:30:00Z,1.018,-0.672,-0.878,0,0.137,-0.395
2022-08-22T04:45:00Z,1.018,-0.672,-1.014,0,0.173,-0.495
2022-08-22T05:00:00Z,0.604,-0.031,-1.859,0,0.243,-1.043
2022-08-22T05:15:00Z,0.604,-0.031,-1.963,0,0.243,-1.147
2022-08-22T05:30:00Z,0.604,-0.031,-1.972,0,0.243,-1.156
2022-08-22T05:45:00Z,0.604,-0.031,-1.911,0,0.162,-1.176
2022-08-22T06:00:00Z,-0.122,0.012,-1.065,0,-0.373,-1.547
2022-08-22T06:15:00Z,-0.122,0.012,-1.045,0,-0.373,-1.527
2022-08-22T06:30:00Z,-0.122,0.012,-1.069,0,-0.373,-1.552
2022-08-22T06:45:00Z,-0.122,0.012,-0.984,0,-0.373,-1.466
2022-08-22T07:00:00Z,-0.89,-0.66,-0.171,0,-0.392,-2.113
2022-08-22T07:15:00Z,-0.89,-0.66,-0.217,0,-0.392,-2.159
2022-08-22T07:30:00Z,-0.89,-0.66,-0.392,0,-0.392,-2.334
2022-08-22T07:45:00Z,-0.89,-0.66,-0.447,0,-0.404,-2.401
2022-08-22T08:00:00Z,-1.261,-0.629,-0.307,0,-0.459,-2.657
2022-08-22T08:15:00Z,-1.261,-0.629,-0.585,0,-0.459,-2.934
2022-08-22T08:30:00Z,-1.261,-0.629,-0.871,0,-0.46,-3.22
2022-08-22T08:45:00Z,-1.261,-0.629,-0.823,0,-0.507,-3.22
2022-08-22T09:00:00Z,-1.908,-0.7,-0.132,0,-0.741,-3.48
2022-08-22T09:15:00Z,-1.908,-0.7,-0.337,0,-0.741,-3.686
2022-08-22T09:30:00Z,-1.908,-0.7,-0.531,0,-0.741,-3.88
2022-08-22T09:45:00Z,-1.908,-0.7,-0.593,0,-0.772,-3.972
2022-08-22T10:00:00Z,-1.419,-0.699,-0.429,0,-0.923,-3.471
2022-08-22T10:15:00Z,-1.419,-0.699,-0.561,0,-0.924,-3.604
2022-08-22T10:30:00Z,-1.419,-0.699,-0.398,0,-0.924,-3.439
2022-08-22T10:45:00Z,-1.419,-0.699,-0.46,0,-0.851,-3.43
2022-08-22T11:00:00Z,-1.665,-0.694,-0.621,0,-0.499,-3.479
2022-08-22T11:15:00Z,-1.665,-0.694,-0.57,0,-0.499,-3.428
2022-08-22T11:30:00Z,-1.665,-0.694,-0.544,0,-0.499,-3.402
2022-08-22T11:45:00Z,-1.665,-0.694,-0.519,0,-0.488,-3.366
2022-08-22T12:00:00Z,-1.408,-0.696,-0.607,0,-0.467,-3.177
2022-08-22T12:15:00Z,-1.408,-0.696,-0.64,0,-0.467,-3.211
2022-08-22T12:30:00Z,-1.408,-0.696,-0.692,0,-0.467,-3.262
2022-08-22T12:45:00Z,-1.408,-0.696,-0.794,0,-0.394,-3.292
2022-08-22T13:00:00Z,-0.9,-0.65,-1.561,0,-0.249,-3.36
2022-08-22T13:15:00Z,-0.9,-0.65,-1.535,0,-0.249,-3.334
2022-08-22T13:30:00Z,-0.9,-0.65,-1.504,0,-0.249,-3.303
2022-08-22T13:45:00Z,-0.9,-0.65,-1.322,0,-0.249,-3.121
2022-08-22T14:00:00Z,-0.331,-0.496,-2.093,0,-0.251,-3.171
2022-08-22T14:15:00Z,-0.331,-0.496,-2.131,0,-0.251,-3.209
2022-08-22T14:30:00Z,-0.331,-0.496,-2.077,0,-0.251,-3.154
2022-08-22T14:45:00Z,-0.331,-0.496,-1.916,0,-0.218,-2.96
2022-08-22T15:00:00Z,-0.208,-0.27,-2.051,0,-0.152,-2.682
2022-08-22T15:15:00Z,-0.208,-0.27,-1.787,0,-0.152,-2.417
2022-08-22T15:30:00Z,-0.208,-0.27,-1.629,0,-0.152,-2.259
2022-08-22T15:45:00Z,-0.208,-0.27,-1.513,0,-0.259,-2.25
2022-08-22T16:00:00Z,0.01,-0.7,-0.92,0,-0.473,-2.083
2022-08-22T16:15:00Z,0.01,-0.7,-0.852,0,-0.473,-2.014
2022-08-22T16:30:00Z,0.01,-0.7,-0.842,0,-0.473,-2.004
2022-08-22T16:45:00Z,0.01,-0.7,-0.721,0,-0.47,-1.88
2022-08-22T17:00:00Z,0.121,-0.684,-0.706,0,-0.348,-1.617
2022-08-22T17:15:00Z,0.121,-0.684,-0.606,0,-0.349,-1.518
2022-08-22T17:30:00Z,0.121,-0.684,-0.575,0,-0.349,-1.487
2022-08-22T17:45:00Z,0.121,-0.684,-0.505,0,-0.269,-1.337
2022-08-22T18:00:00Z,0.146,-0.336,-1.11,0,-0.106,-1.406
2022-08-22T18:15:00Z,0.146,-0.336,-1.052,0,-0.106,-1.348
2022-08-22T18:30:00Z,0.146,-0.336,-0.978,0,-0.106,-1.274
2022-08-22T18:45:00Z,0.146,-0.336,-0.826,0,-0.106,-1.121
2022-08-22T19:00:00Z,-0.71,-0.489,0.047,0,-0.107,-1.258
2022-08-22T19:15:00Z,-0.71,-0.489,0.152,0,-0.106,-1.153
2022-08-22T19:30:00Z,-0.71,-0.489,0.24,0,-0.106,-1.065
2022-08-22T19:45:00Z,-0.71,-0.489,0.227,0,-0.107,-1.079
2022-08-22T20:00:00Z,-1.047,0.009,0.012,0,-0.106,-1.131
2022-08-22T20:15:00Z,-1.047,0.009,-0.138,0,-0.106,-1.281
2022-08-22T20:30:00Z,-1.047,0.009,-0.141,0,-0.106,-1.286
2022-08-22T20:45:00Z,-1.047,0.009,-0.057,0,-0.106,-1.201
2022-08-22T21:00:00Z,-0.925,0.392,-0.122,0,-0.106,-0.761
2022-08-22T21:15:00Z,-0.925,0.392,-0.069,0,-0.105,-0.707
2022-08-22T21:30:00Z,-0.925,0.392,-0.011,0,-0.106,-0.65
2022-08-22T21:45:00Z,-0.925,0.392,-0.096,0,-0.106,-0.734
2022-08-22T22:00:00Z,0.153,0.073,-0.208,0,-0.106,-0.089
2022-08-22T22:15:00Z,0.153,0.073,-0.303,0,-0.106,-0.183
2022-08-22T22:30:00Z,0.153,0.073,-0.131,0,-0.106,-0.012
2022-08-22T22:45:00Z,0.153,0.073,-0.011,0,-0.071,0.143
2022-08-22T23:00:00Z,0.336,0.048,-0.254,0,0.369,0.5
2022-08-22T23:15:00Z,0.336,0.048,-0.398,0,0.369,0.355
2022-08-22T23:30:00Z,0.336,0.048,-0.395,0,0.369,0.358
2022-08-22T23:45:00Z,0.336,0.048,-0.402,0,0.442,0.424
2022-08-23T00:00:00Z,0.274,0.091,-0.436,0,0.585,0.513
2022-08-23T00:15:00Z,0.274,0.091,-0.558,0,0.584,0.39
2022-08-23T00:30:00Z,0.274,0.091,-0.601,0,0.584,0.348
2022-08-23T00:45:00Z,0.274,0.091,-0.665,0,0.639,0.339
2022-08-23T01:00:00Z,0.531,0.009,-1.04,0,0.745,0.245
2022-08-23T01:15:00Z,0.531,0.009,-1.154,0,0.744,0.13
2022-08-23T01:30:00Z,0.531,0.009,-1.135,0,0.744,0.148
2022-08-23T01:45:00Z,0.531,0.009,-1.197,0,0.742,0.086
2022-08-23T02:00:00Z,0.675,0.033,-1.252,0,0.646,0.101
2022-08-23T02:15:00Z,0.675,0.033,-1.354,0,0.645,-0.002
2022-08-23T02:30:00Z,0.675,0.033,-1.327,0,0.645,0.025
2022-08-23T02:45:00Z,0.675,0.033,-1.37,0,0.654,-0.008
2022-08-23T03:00:00Z,0.841,0.004,-1.324,0,0.671,0.193
2022-08-23T03:15:00Z,0.841,0.004,-1.327,0,0.671,0.191
2022-08-23T03:30:00Z,0.841,0.004,-1.375,0,0.671,0.142
2022-08-23T03:45:00Z,0.841,0.004,-1.455,0,0.67,0.06
2022-08-23T04:00:00Z,0.676,-0.004,-1.159,0,0.588,0.1
2022-08-23T04:15:00Z,0.676,-0.004,-1.515,0,0.588,-0.255
2022-08-23T04:30:00Z,0.676,-0.004,-1.696,0,0.588,-0.435
2022-08-23T04:45:00Z,0.676,-0.004,-1.662,0,0.564,-0.426
2022-08-23T05:00:00Z,0.475,-0.083,-1.56,0,0.103,-1.065
2022-08-23T05:15:00Z,0.475,-0.083,-1.645,0,0.104,-1.149
2022-08-23T05:30:00Z,0.475,-0.083,-1.514,0,0.104,-1.018
2022-08-23T05:45:00Z,0.475,-0.083,-1.417,0,0.069,-0.956
2022-08-23T06:00:00Z,0.111,0.042,-0.901,0,-0.511,-1.259
2022-08-23T06:15:00Z,0.111,0.042,-1.059,0,-0.513,-1.42
2022-08-23T06:30:00Z,0.111,0.042,-1.123,0,-0.514,-1.485
2022-08-23T06:45:00Z,0.111,0.042,-1.27,0,-0.596,-1.714
2022-08-23T07:00:00Z,-0.498,0.362,-0.875,0,-1.026,-2.038
2022-08-23T07:15:00Z,-0.498,0.362,-1.036,0,-1.025,-2.198
2022-08-23T07:30:00Z,-0.498,0.362,-1.072,0,-1.026,-2.234
2022-08-23T07:45:00Z,-0.498,0.362,-0.954,0,-1.026,-2.116
2022-08-23T08:00:00Z,-1.015,-0.211,-0.008,0,-1.025,-2.259
2022-08-23T08:15:00Z,-1.015,-0.211,-0.098,0,-1.025,-2.349
2022-08-23T08:30:00Z,-1.015,-0.211,0.066,0,-1.026,-2.187
2022-08-23T08:45:00Z,-1.015,-0.211,0.065,0,-1.026,-2.187
2022-08-23T09:00:00Z,-1.537,-0.435,0.811,0,-1.025,-2.186
2022-08-23T09:15:00Z,-1.537,-0.435,1.012,0,-1.026,-1.986
2022-08-23T09:30:00Z,-1.537,-0.435,1.074,0,-1.025,-1.923
2022-08-23T09:45:00Z,-1.537,-0.435,1.061,0,-1.025,-1.935
2022-08-23T10:00:00Z,-1.344,0.07,0.72,0,-1.025,-1.579
2022-08-23T10:15:00Z,-1.344,0.07,0.85,0,-1.026,-1.45
2022-08-23T10:30:00Z,-1.344,0.07,0.892,0,-1.026,-1.407
2022-08-23T10:45:00Z,-1.344,0.07,0.885,0,-1.046,-1.434
2022-08-23T11:00:00Z,-1.265,-0.247,1.216,0,-1.087,-1.382
2022-08-23T11:15:00Z,-1.265,-0.247,1.236,0,-1.087,-1.362
2022-08-23T11:30:00Z,-1.265,-0.247,1.368,0,-1.086,-1.23
2022-08-23T11:45:00Z,-1.265,-0.247,1.408,0,-1.087,-1.19
2022-08-23T12:00:00Z,-0.891,-0.409,1.257,0,-1.087,-1.13
2022-08-23T12:15:00Z,-0.891,-0.409,1.202,0,-1.087,-1.186
2022-08-23T12:30:00Z,-0.891,-0.409,1.179,0,-1.087,-1.208
2022-08-23T12:45:00Z,-0.891,-0.409,0.953,0,-1.087,-1.435
2022-08-23T13:00:00Z,-0.162,-0.332,0.745,0,-1.026,-0.774
2022-08-23T13:15:00Z,-0.162,-0.332,0.569,0,-1.025,-0.95
2022-08-23T13:30:00Z,-0.162,-0.332,0.306,0,-1.025,-1.213
2022-08-23T13:45:00Z,-0.162,-0.332,0.194,0,-1.025,-1.325
2022-08-23T14:00:00Z,-0.101,0.195,-0.154,0,-1.025,-1.085
2022-08-23T14:15:00Z,-0.101,0.195,-0.154,0,-1.026,-1.086
2022-08-23T14:30:00Z,-0.101,0.195,-0.31,0,-1.026,-1.242
2022-08-23T14:45:00Z,-0.101,0.195,-0.549,0,-0.927,-1.382
2022-08-23T15:00:00Z,-0.143,0.041,-0.673,0,-0.729,-1.505
2022-08-23T15:15:00Z,-0.143,0.041,-0.717,0,-0.729,-1.549
2022-08-23T15:30:00Z,-0.143,0.041,-0.563,0,-0.729,-1.394
2022-08-23T15:45:00Z,-0.143,0.041,-0.41,0,-0.731,-1.244
2022-08-23T16:00:00Z,0.093,0.422,-0.813,0,-0.74,-1.038
2022-08-23T16:15:00Z,0.093,0.422,-0.893,0,-0.741,-1.118
2022-08-23T16:30:00Z,0.093,0.422,-0.925,0,-0.74,-1.149
2022-08-23T16:45:00Z,0.093,0.422,-0.938,0,-0.74,-1.163
2022-08-23T17:00:00Z,0.772,0.693,-1.343,0,-0.918,-0.796
2022-08-23T17:15:00Z,0.772,0.693,-1.313,0,-0.919,-0.767
2022-08-23T17:30:00Z,0.772,0.693,-1.246,0,-0.918,-0.7
2022-08-23T17:45:00Z,0.772,0.693,-1.051,0,-0.894,-0.48
2022-08-23T18:00:00Z,0.762,0.699,-0.724,0,-0.846,-0.108
2022-08-23T18:15:00Z,0.762,0.699,-0.462,0,-0.845,0.154
2022-08-23T18:30:00Z,0.762,0.699,-0.504,0,-0.846,0.111
2022-08-23T18:45:00Z,0.762,0.699,-0.429,0,-0.587,0.446
2022-08-23T19:00:00Z,-0.355,0.681,0.17,0,-0.106,0.39
2022-08-23T19:15:00Z,-0.355,0.681,0.388,0,-0.107,0.607
2022-08-23T19:30:00Z,-0.355,0.681,0.609,0,-0.106,0.828
2022-08-23T19:45:00Z,-0.355,0.681,0.709,0,-0.106,0.929
2022-08-23T20:00:00Z,-0.794,0.699,0.669,0,-0.228,0.346
2022-08-23T20:15:00Z,-0.794,0.699,0.672,0,-0.228,0.349
2022-08-23T20:30:00Z,-0.794,0.699,0.849,0,-0.228,0.526
2022-08-23T20:45:00Z,-0.794,0.699,0.883,0,-0.352,0.436
2022-08-23T21:00:00Z,-0.896,0.666,1.464,0,-0.963,0.271
2022-08-23T21:15:00Z,-0.896,0.666,1.453,0,-0.962,0.261
2022-08-23T21:30:00Z,-0.896,0.666,1.577,0,-0.963,0.384
2022-08-23T21:45:00Z,-0.896,0.666,1.672,0,-0.869,0.572
2022-08-23T22:00:00Z,-0.908,0.253,1.54,0,-0.418,0.468
2022-08-23T22:15:00Z,-0.908,0.253,1.524,0,-0.418,0.451
2022-08-23T22:30:00Z,-0.908,0.253,1.623,0,-0.419,0.55
2022-08-23T22:45:00Z,-0.908,0.253,1.565,0,-0.353,0.558
2022-08-23T23:00:00Z,0.19,0.549,0.396,0,-0.221,0.914
2022-08-23T23:15:00Z,0.19,0.549,0.156,0,-0.222,0.673
2022-08-23T23:30:00Z,0.19,0.549,0.168,0,-0.222,0.685
2022-08-23T23:45:00Z,0.19,0.549,0.166,0,-0.148,0.757
2022-08-24T00:00:00Z,-0.489,-0.117,0.284,0,0.514,0.192
2022-08-24T00:15:00Z,-0.489,-0.117,0.204,0,0.525,0.122
2022-08-24T00:30:00Z,-0.489,-0.117,0.199,0,0.524,0.117
2022-08-24T00:45:00Z,-0.489,-0.117,0.182,0,0.526,0.102
2022-08-24T01:00:00Z,0.332,-0.107,-0.747,0,0.578,0.056
2022-08-24T01:15:00Z,0.332,-0.107,-0.925,0,0.579,-0.122
2022-08-24T01:30:00Z,0.332,-0.107,-0.931,0,0.578,-0.129
2022-08-24T01:45:00Z,0.332,-0.107,-0.959,0,0.591,-0.144
2022-08-24T02:00:00Z,0.282,-0.184,-0.759,0,0.617,-0.044
2022-08-24T02:15:00Z,0.282,-0.184,-0.882,0,0.618,-0.167
2022-08-24T02:30:00Z,0.282,-0.184,-1.004,0,0.617,-0.29
2022-08-24T02:45:00Z,0.282,-0.184,-1.051,0,0.618,-0.336
2022-08-24T03:00:00Z,0.453,-0.013,-1.13,0,0.547,-0.144
2022-08-24T03:15:00Z,0.453,-0.013,-1.106,0,0.547,-0.12
2022-08-24T03:30:00Z,0.453,-0.013,-1.099,0,0.547,-0.113
2022-08-24T03:45:00Z,0.453,-0.013,-1.176,0,0.566,-0.171
2022-08-24T04:00:00Z,0.469,-0.001,-1.373,0,0.604,-0.3
2022-08-24T04:15:00Z,0.469,-0.001,-1.635,0,0.605,-0.562
2022-08-24T04:30:00Z,0.469,-0.001,-1.913,0,0.604,-0.84
2022-08-24T04:45:00Z,0.469,-0.001,-2.082,0,0.605,-1.009
2022-08-24T05:00:00Z,0.474,-0,-1.818,0,0.157,-1.187
2022-08-24T05:15:00Z,0.474,-0,-1.793,0,0.158,-1.161
2022-08-24T05:30:00Z,0.474,-0,-1.736,0,0.158,-1.104
2022-08-24T05:45:00Z,0.474,-0,-1.759,0,0.158,-1.128
2022-08-24T06:00:00Z,0.148,-0,-1.515,0,-0.209,-1.577
2022-08-24T06:15:00Z,0.148,-0,-1.742,0,-0.208,-1.803
2022-08-24T06:30:00Z,0.148,-0,-1.773,0,-0.208,-1.834
2022-08-24T06:45:00Z,0.148,-0,-1.728,0,-0.139,-1.72
2022-08-24T07:00:00Z,-1.307,-0,-1.058,0,-0.001,-2.366
2022-08-24T07:15:00Z,-1.307,-0,-1.164,0,-0.001,-2.472
2022-08-24T07:30:00Z,-1.307,-0,-1.226,0,-0.001,-2.534
2022-08-24T07:45:00Z,-1.307,-0,-0.996,0,-0.001,-2.303
2022-08-24T08:00:00Z,-1.591,-0,0.044,0,-0.578,-2.125
2022-08-24T08:15:00Z,-1.591,-0,-0.201,0,-0.611,-2.402
2022-08-24T08:30:00Z,-1.591,-0,-0.176,0,-0.611,-2.377
2022-08-24T08:45:00Z,-1.591,-0,0.067,0,-0.535,-2.059
2022-08-24T09:00:00Z,-1.44,-0,0.048,0,-0.388,-1.78
2022-08-24T09:15:00Z,-1.44,-0,0.03,0,-0.388,-1.799
2022-08-24T09:30:00Z,-1.44,-0,-0.169,0,-0.388,-1.997
2022-08-24T09:45:00Z,-1.44,-0,-0.126,0,-0.493,-2.059
2022-08-24T10:00:00Z,-1.375,-0,0.279,0,-1.025,-2.121
2022-08-24T10:15:00Z,-1.375,-0,0.353,0,-1.025,-2.048
2022-08-24T10:30:00Z,-1.375,-0,0.354,0,-1.026,-2.047
2022-08-24T10:45:00Z,-1.375,-0,0.247,0,-0.985,-2.113
2022-08-24T11:00:00Z,-1.613,-0,0.251,0,-0.908,-2.269
2022-08-24T11:15:00Z,-1.613,-0,0.238,0,-0.907,-2.282
2022-08-24T11:30:00Z,-1.613,-0,0.446,0,-0.908,-2.075
2022-08-24T11:45:00Z,-1.613,-0,0.383,0,-0.92,-2.15
2022-08-24T12:00:00Z,-1.215,-0,0.037,0,-0.98,-2.158
2022-08-24T12:15:00Z,-1.215,-0,0.203,0,-0.98,-1.992
2022-08-24T12:30:00Z,-1.215,-0,0.224,0,-0.981,-1.972
2022-08-24T12:45:00Z,-1.215,-0,0.212,0,-0.96,-1.964
2022-08-24T13:00:00Z,-1.454,-0,0.915,0,-0.94,-1.479
2022-08-24T13:15:00Z,-1.454,-0,1.045,0,-0.94,-1.349
2022-08-24T13:30:00Z,-1.454,-0,1.124,0,-0.94,-1.27
2022-08-24T13:45:00Z,-1.454,-0,0.87,0,-0.829,-1.413
2022-08-24T14:00:00Z,-1.665,-0,0.486,0,-0.274,-1.454
2022-08-24T14:15:00Z,-1.665,-0,0.521,0,-0.274,-1.419
2022-08-24T14:30:00Z,-1.665,-0,0.458,0,-0.274,-1.482
2022-08-24T14:45:00Z,-1.665,-0,0.324,0,-0.236,-1.578
2022-08-24T15:00:00Z,-0.597,-0.001,-0.479,0,-0.159,-1.235
2022-08-24T15:15:00Z,-0.597,-0.001,-0.412,0,-0.159,-1.168
2022-08-24T15:30:00Z,-0.597,-0.001,-0.382,0,-0.159,-1.139
2022-08-24T15:45:00Z,-0.597,-0.001,-0.157,0,-0.16,-0.914
2022-08-24T16:00:00Z,-0.436,0,-0.275,0,-0.437,-1.149
2022-08-24T16:15:00Z,-0.436,0,-0.369,0,-0.437,-1.242
2022-08-24T16:30:00Z,-0.436,0,-0.496,0,-0.437,-1.369
2022-08-24T16:45:00Z,-0.436,0,-0.521,0,-0.411,-1.368
2022-08-24T17:00:00Z,0.428,-0,-0.743,0,-0.36,-0.675
2022-08-24T17:15:00Z,0.428,-0,-0.624,0,-0.361,-0.557
2022-08-24T17:30:00Z,0.428,-0,-0.645,0,-0.36,-0.577
2022-08-24T17:45:00Z,0.428,-0,-0.471,0,-0.342,-0.386
2022-08-24T18:00:00Z,0.437,-0,-0.273,0,-0.306,-0.142
2022-08-24T18:15:00Z,0.437,-0,-0.042,0,-0.306,0.088
2022-08-24T18:30:00Z,0.437,-0,0.041,0,-0.306,0.172
2022-08-24T18:45:00Z,0.437,-0,0.2,0,-0.307,0.33
2022-08-24T19:00:00Z,-0.845,-0,1.041,0,-0.653,-0.457
2022-08-24T19:15:00Z,-0.845,-0,1.1,0,-0.652,-0.397
2022-08-24T19:30:00Z,-0.845,-0,1.253,0,-0.652,-0.245
2022-08-24T19:45:00Z,-0.845,-0,1.192,0,-0.458,-0.112
2022-08-24T20:00:00Z,-1.179,-0,0.255,0,-0.106,-1.03
2022-08-24T20:15:00Z,-1.179,-0,0.129,0,-0.106,-1.156
2022-08-24T20:30:00Z,-1.179,-0,0.269,0,-0.106,-1.016
2022-08-24T20:45:00Z,-1.179,-0,0.333,0,-0.106,-0.952
2022-08-24T21:00:00Z,-2.035,-0,1.056,0,-0.195,-1.174
2022-08-24T21:15:00Z,-2.035,-0,1.166,0,-0.196,-1.065
2022-08-24T21:30:00Z,-2.035,-0,1.182,0,-0.195,-1.048
2022-08-24T21:45:00Z,-2.035,-0,1.339,0,-0.313,-1.009
2022-08-24T22:00:00Z,-1.202,-0,1.17,0,-0.547,-0.578
2022-08-24T22:15:00Z,-1.202,-0,1.111,0,-0.547,-0.638
2022-08-24T22:30:00Z,-1.202,-0,1.286,0,-0.547,-0.463
2022-08-24T22:45:00Z,-1.202,-0,1.254,0,-0.352,-0.299
2022-08-24T23:00:00Z,-0.612,-0,1.031,0,-0.001,0.418
2022-08-24T23:15:00Z,-0.612,-0,1.202,0,-0.002,0.588
2022-08-24T23:30:00Z,-0.612,-0,1.172,0,-0.001,0.558
2022-08-24T23:45:00Z,-0.612,-0,1.125,0,-0.001,0.512
2022-08-25T00:00:00Z,-0.593,-0,1.357,0,-0.001,0.762
2022-08-25T00:15:00Z,-0.593,-0,1.35,0,-0.001,0.755
2022-08-25T00:30:00Z,-0.593,-0,1.293,0,-0.001,0.698
2022-08-25T00:45:00Z,-0.593,-0,1.192,0,-0.001,0.598
2022-08-25T01:00:00Z,0.593,-0.001,0.422,0,-0.001,1.013
2022-08-25T01:15:00Z,0.593,-0.001,0.302,0,-0.001,0.894
2022-08-25T01:30:00Z,0.593,-0.001,0.167,0,-0.001,0.759
2022-08-25T01:45:00Z,0.593,-0.001,0.182,0,-0,0.774
2022-08-25T02:00:00Z,0.805,0,0.209,0,-0.172,0.842
2022-08-25T02:15:00Z,0.805,0,0.213,0,-0.172,0.847
2022-08-25T02:30:00Z,0.805,0,0.204,0,-0.171,0.838
2022-08-25T02:45:00Z,0.805,0,0.175,0,0.011,0.992
2022-08-25T03:00:00Z,0.689,0,-0.087,0,0.31,0.912
2022-08-25T03:15:00Z,0.689,0,-0.185,0,0.309,0.814
2022-08-25T03:30:00Z,0.689,0,-0.267,0,0.31,0.732
2022-08-25T03:45:00Z,0.689,0,-0.462,0,0.206,0.434
2022-08-25T04:00:00Z,0.841,-0,-0.592,0,-0.001,0.248
2022-08-25T04:15:00Z,0.841,-0,-0.794,0,-0.001,0.047
2022-08-25T04:30:00Z,0.841,-0,-1.156,0,-0.001,-0.315
2022-08-25T04:45:00Z,0.841,-0,-1.3,0,-0.001,-0.46
2022-08-25T05:00:00Z,0.097,-0,-0.527,0,-0.554,-0.984
2022-08-25T05:15:00Z,0.097,-0,-0.514,0,-0.579,-0.997
2022-08-25T05:30:00Z,0.097,-0,-0.554,0,-0.579,-1.036
2022-08-25T05:45:00Z,0.097,-0,-0.62,0,-0.362,-0.885
2022-08-25T06:00:00Z,-1.173,-0,-0.15,0,-0.001,-1.324
2022-08-25T06:15:00Z,-1.173,-0,-0.361,0,-0.001,-1.535
2022-08-25T06:30:00Z,-1.173,-0,-0.416,0,-0.001,-1.59
2022-08-25T06:45:00Z,-1.173,-0,-0.526,0,-0.001,-1.7
2022-08-25T07:00:00Z,-1.425,-0,-0.272,0,-0.707,-2.404
2022-08-25T07:15:00Z,-1.425,-0,-0.355,0,-0.805,-2.585
2022-08-25T07:30:00Z,-1.425,-0,-0.347,0,-0.806,-2.577
2022-08-25T07:45:00Z,-1.425,-0,0.01,0,-0.879,-2.294
2022-08-25T08:00:00Z,-1.316,-0,0.468,0,-1.025,-1.873
2022-08-25T08:15:00Z,-1.316,-0,0.464,0,-1.026,-1.878
2022-08-25T08:30:00Z,-1.316,-0,0.484,0,-1.026,-1.857
2022-08-25T08:45:00Z,-1.316,-0,0.433,0,-1.026,-1.908
2022-08-25T09:00:00Z,-0.93,-0,0.44,0,-1.026,-1.516
2022-08-25T09:15:00Z,-0.93,-0,0.387,0,-1.026,-1.57
2022-08-25T09:30:00Z,-0.93,-0,0.349,0,-1.026,-1.607
2022-08-25T09:45:00Z,-0.93,-0,0.42,0,-1.026,-1.536
2022-08-25T10:00:00Z,-1.264,-0,0.551,0,-1.025,-1.739
2022-08-25T10:15:00Z,-1.264,-0,0.311,0,-1.026,-1.979
2022-08-25T10:30:00Z,-1.264,-0,0.349,0,-1.026,-1.941
2022-08-25T10:45:00Z,-1.264,-0,0.453,0,-1.026,-1.837
2022-08-25T11:00:00Z,-1.422,-0,0.16,0,-1.011,-2.274
2022-08-25T11:15:00Z,-1.422,-0,-0.074,0,-1.011,-2.508
2022-08-25T11:30:00Z,-1.422,-0,0.046,0,-1.012,-2.388
2022-08-25T11:45:00Z,-1.422,-0,0.182,0,-1.029,-2.269
2022-08-25T12:00:00Z,-1.462,-0,0.665,0,-1.064,-1.861
2022-08-25T12:15:00Z,-1.462,-0,0.927,0,-1.064,-1.6
2022-08-25T12:30:00Z,-1.462,-0,0.885,0,-1.064,-1.642
2022-08-25T12:45:00Z,-1.462,-0,0.883,0,-1.063,-1.643
2022-08-25T13:00:00Z,-1.307,-0,0.769,0,-1.026,-1.564
2022-08-25T13:15:00Z,-1.307,-0,0.811,0,-1.026,-1.522
2022-08-25T13:30:00Z,-1.307,-0,1.085,0,-1.025,-1.247
2022-08-25T13:45:00Z,-1.307,-0,1.293,0,-1.026,-1.039
2022-08-25T14:00:00Z,-1.507,-0.225,1.612,0,-1.026,-1.146
2022-08-25T14:15:00Z,-1.507,-0.225,1.757,0,-1.025,-1
2022-08-25T14:30:00Z,-1.507,-0.225,1.631,0,-1.025,-1.127
2022-08-25T14:45:00Z,-1.507,-0.225,1.66,0,-1.025,-1.098
2022-08-25T15:00:00Z,-1.719,0.015,0.961,0,-0.973,-1.716
2022-08-25T15:15:00Z,-1.719,0.015,0.533,0,-0.973,-2.144
2022-08-25T15:30:00Z,-1.719,0.015,0.631,0,-0.973,-2.046
2022-08-25T15:45:00Z,-1.719,0.015,0.569,0,-0.952,-2.087
2022-08-25T16:00:00Z,-0.228,0.102,-0.646,0,-0.911,-1.683
2022-08-25T16:15:00Z,-0.228,0.102,-0.561,0,-0.911,-1.599
2022-08-25T16:30:00Z,-0.228,0.102,-0.592,0,-0.912,-1.63
2022-08-25T16:45:00Z,-0.228,0.102,-0.525,0,-0.831,-1.482
2022-08-25T17:00:00Z,0.156,0.668,-1.097,0,-0.671,-0.944
2022-08-25T17:15:00Z,0.156,0.668,-0.972,0,-0.671,-0.819
2022-08-25T17:30:00Z,0.156,0.668,-1.067,0,-0.67,-0.914
2022-08-25T17:45:00Z,0.156,0.668,-1.028,0,-0.586,-0.79
2022-08-25T18:00:00Z,0.242,0.123,-0.429,0,-0.418,-0.482
2022-08-25T18:15:00Z,0.242,0.123,-0.255,0,-0.418,-0.308
2022-08-25T18:30:00Z,0.242,0.123,-0.252,0,-0.417,-0.304
2022-08-25T18:45:00Z,0.242,0.123,-0.234,0,-0.364,-0.233
2022-08-25T19:00:00Z,-0.377,0.632,-0.555,0,-0.257,-0.557
2022-08-25T19:15:00Z,-0.377,0.632,-0.579,0,-0.257,-0.581
2022-08-25T19:30:00Z,-0.377,0.632,-0.47,0,-0.257,-0.472
2022-08-25T19:45:00Z,-0.377,0.632,-0.329,0,-0.26,-0.333
2022-08-25T20:00:00Z,-0.732,0.57,-0.52,0,-0.7,-1.382
2022-08-25T20:15:00Z,-0.732,0.57,-0.876,0,-0.699,-1.737
2022-08-25T20:30:00Z,-0.732,0.57,-0.386,0,-0.699,-1.248
2022-08-25T20:45:00Z,-0.732,0.57,-0.301,0,-0.748,-1.211
2022-08-25T21:00:00Z,-1.226,-0.028,0.537,0,-0.844,-1.562
2022-08-25T21:15:00Z,-1.226,-0.028,0.662,0,-0.844,-1.436
2022-08-25T21:30:00Z,-1.226,-0.028,0.835,0,-0.843,-1.263
2022-08-25T21:45:00Z,-1.226,-0.028,0.979,0,-0.709,-0.985
2022-08-25T22:00:00Z,-0.968,-0.462,0.848,0,-0.433,-1.015
2022-08-25T22:15:00Z,-0.968,-0.462,0.557,0,-0.433,-1.306
2022-08-25T22:30:00Z,-0.968,-0.462,0.651,0,-0.433,-1.213
2022-08-25T22:45:00Z,-0.968,-0.462,0.507,0,-0.289,-1.212
2022-08-25T23:00:00Z,0.178,-0.256,-0.92,0,0.196,-0.802
2022-08-25T23:15:00Z,0.178,-0.256,-1.384,0,0.196,-1.266
2022-08-25T23:30:00Z,0.178,-0.256,-1.376,0,0.195,-1.258
2022-08-25T23:45:00Z,0.178,-0.256,-1.395,0,0.244,-1.228
2022-08-26T00:00:00Z,0.398,-0.173,-1.652,0,0.341,-1.086
2022-08-26T00:15:00Z,0.398,-0.173,-1.935,0,0.341,-1.37
2022-08-26T00:30:00Z,0.398,-0.173,-1.958,0,0.341,-1.393
2022-08-26T00:45:00Z,0.398,-0.173,-1.992,0,0.26,-1.507
2022-08-26T01:00:00Z,0.674,-0.026,-2.145,0,0.101,-1.396
2022-08-26T01:15:00Z,0.674,-0.026,-2.244,0,0.101,-1.494
2022-08-26T01:30:00Z,0.674,-0.026,-2.139,0,0.101,-1.39
2022-08-26T01:45:00Z,0.674,-0.026,-2.157,0,0.1,-1.408
2022-08-26T02:00:00Z,0.626,-0.003,-2.06,0,0.173,-1.263
2022-08-26T02:15:00Z,0.626,-0.003,-2.121,0,0.173,-1.324
2022-08-26T02:30:00Z,0.626,-0.003,-2.398,0,0.173,-1.601
2022-08-26T02:45:00Z,0.626,-0.003,-2.433,0,0.186,-1.624
2022-08-26T03:00:00Z,0.79,-0.15,-2.491,0,0.211,-1.64
2022-08-26T03:15:00Z,0.79,-0.15,-2.586,0,0.212,-1.734
2022-08-26T03:30:00Z,0.79,-0.15,-2.757,0,0.221,-1.896
2022-08-26T03:45:00Z,0.79,-0.15,-2.912,0,0.23,-2.042
2022-08-26T04:00:00Z,0.283,-0.49,-2.53,0,0.267,-2.47
2022-08-26T04:15:00Z,0.283,-0.49,-2.753,0,0.266,-2.694
2022-08-26T04:30:00Z,0.283,-0.49,-2.755,0,0.267,-2.695
2022-08-26T04:45:00Z,0.283,-0.49,-2.764,0,0.306,-2.665
2022-08-26T05:00:00Z,-0.051,-0.472,-2.705,0,0.384,-2.845
2022-08-26T05:15:00Z,-0.051,-0.472,-2.716,0,0.384,-2.856
2022-08-26T05:30:00Z,-0.051,-0.472,-2.679,0,0.384,-2.819
2022-08-26T05:45:00Z,-0.051,-0.472,-2.54,0,0.255,-2.808
2022-08-26T06:00:00Z,-0.529,-0.64,-1.24,0,-0.56,-2.97
2022-08-26T06:15:00Z,-0.529,-0.64,-1.014,0,-0.584,-2.769
2022-08-26T06:30:00Z,-0.529,-0.64,-0.906,0,-0.585,-2.66
2022-08-26T06:45:00Z,-0.529,-0.64,-0.978,0,-0.586,-2.734
2022-08-26T07:00:00Z,-0.784,-0.031,-1.027,0,-0.86,-2.702
2022-08-26T07:15:00Z,-0.784,-0.031,-1.387,0,-0.861,-3.062
2022-08-26T07:30:00Z,-0.784,-0.031,-1.428,0,-0.861,-3.103
2022-08-26T07:45:00Z,-0.784,-0.031,-1.434,0,-0.916,-3.165
2022-08-26T08:00:00Z,-1.385,-0.589,-0.193,0,-1.025,-3.191
2022-08-26T08:15:00Z,-1.385,-0.589,-0.281,0,-1.025,-3.28
2022-08-26T08:30:00Z,-1.385,-0.589,-0.243,0,-1.025,-3.242
2022-08-26T08:45:00Z,-1.385,-0.589,-0.197,0,-1.018,-3.189
2022-08-26T09:00:00Z,-1.388,-0.687,-0.294,0,-0.985,-3.354
2022-08-26T09:15:00Z,-1.388,-0.687,-1.957,0,-0.985,-5.018
2022-08-26T09:30:00Z,-1.388,-0.687,-0.465,0,-0.985,-3.526
2022-08-26T09:45:00Z,-1.388,-0.687,-0.491,0,-0.942,-3.508
2022-08-26T10:00:00Z,-1.27,-0.41,-0.483,0,-0.857,-3.02
2022-08-26T10:15:00Z,-1.27,-0.41,-0.616,0,-0.858,-3.155
2022-08-26T10:30:00Z,-1.27,-0.41,-0.658,0,-0.858,-3.197
2022-08-26T10:45:00Z,-1.27,-0.41,-0.683,0,-0.858,-3.222
2022-08-26T11:00:00Z,-1.332,-0.143,-0.855,0,-0.818,-3.148
2022-08-26T11:15:00Z,-1.332,-0.143,-0.779,0,-0.818,-3.072
2022-08-26T11:30:00Z,-1.332,-0.143,-0.525,0,-0.818,-2.818
2022-08-26T11:45:00Z,-1.332,-0.143,-0.447,0,-0.855,-2.777
2022-08-26T12:00:00Z,-1.011,-0.319,-0.452,0,-1.033,-2.816
2022-08-26T12:15:00Z,-1.011,-0.319,-0.537,0,-1.033,-2.9
2022-08-26T12:30:00Z,-1.011,-0.319,-0.544,0,-1.034,-2.908
2022-08-26T12:45:00Z,-1.011,-0.319,-0.465,0,-1.033,-2.828
2022-08-26T13:00:00Z,-1.282,-0.651,-0.166,0,-0.983,-3.083
2022-08-26T13:15:00Z,-1.282,-0.651,-0.094,0,-0.984,-3.011
2022-08-26T13:30:00Z,-1.282,-0.651,-0.151,0,-0.983,-3.067
2022-08-26T13:45:00Z,-1.282,-0.651,-0.381,0,-0.984,-3.298
2022-08-26T14:00:00Z,-1.119,-0.64,-0.68,0,-0.817,-3.255
2022-08-26T14:15:00Z,-1.119,-0.64,-0.78,0,-0.816,-3.355
2022-08-26T14:30:00Z,-1.119,-0.64,-0.791,0,-0.816,-3.366
2022-08-26T14:45:00Z,-1.119,-0.64,-0.641,0,-0.873,-3.273
2022-08-26T15:00:00Z,-0.636,-0.629,-0.841,0,-0.985,-3.09
2022-08-26T15:15:00Z,-0.636,-0.629,-0.827,0,-0.984,-3.076
2022-08-26T15:30:00Z,-0.636,-0.629,-0.704,0,-0.985,-2.953
2022-08-26T15:45:00Z,-0.636,-0.629,-0.685,0,-0.967,-2.917
2022-08-26T16:00:00Z,-0.595,-0.026,-1.215,0,-0.879,-2.714
2022-08-26T16:15:00Z,-0.595,-0.026,-1.22,0,-0.879,-2.719
2022-08-26T16:30:00Z,-0.595,-0.026,-1.213,0,-0.879,-2.712
2022-08-26T16:45:00Z,-0.595,-0.026,-1.136,0,-0.864,-2.621
2022-08-26T17:00:00Z,-0.032,-0.668,-0.875,0,-0.79,-2.364
2022-08-26T17:15:00Z,-0.032,-0.668,-0.816,0,-0.79,-2.305
2022-08-26T17:30:00Z,-0.032,-0.668,-0.748,0,-0.79,-2.238
2022-08-26T17:45:00Z,-0.032,-0.668,-0.656,0,-0.664,-2.02
2022-08-26T18:00:00Z,-0.452,-0.66,-0.52,0,-0.415,-2.047
2022-08-26T18:15:00Z,-0.452,-0.66,-0.549,0,-0.416,-2.076
2022-08-26T18:30:00Z,-0.452,-0.66,-0.563,0,-0.415,-2.09
2022-08-26T18:45:00Z,-0.452,-0.66,-0.482,0,-0.401,-1.995
2022-08-26T19:00:00Z,-0.65,-0.044,-0.806,0,-0.372,-1.873
2022-08-26T19:15:00Z,-0.65,-0.044,-0.93,0,-0.373,-1.998
2022-08-26T19:30:00Z,-0.65,-0.044,-0.845,0,-0.373,-1.913
2022-08-26T19:45:00Z,-0.65,-0.044,-0.809,0,-0.373,-1.877
2022-08-26T20:00:00Z,-0.825,0.017,-0.589,0,-0.86,-2.257
2022-08-26T20:15:00Z,-0.825,0.017,-0.582,0,-0.859,-2.249
2022-08-26T20:30:00Z,-0.825,0.017,-0.346,0,-0.859,-2.014
2022-08-26T20:45:00Z,-0.825,0.017,-0.343,0,-0.86,-2.011
2022-08-26T21:00:00Z,-1.116,0.339,-0.279,0,-0.899,-1.955
2022-08-26T21:15:00Z,-1.116,0.339,-0.227,0,-0.899,-1.902
2022-08-26T21:30:00Z,-1.116,0.339,-0.165,0,-0.899,-1.841
2022-08-26T21:45:00Z,-1.116,0.339,-0.235,0,-0.47,-1.481
2022-08-26T22:00:00Z,-0.298,-0.017,-0.249,0,-0.001,-0.565
2022-08-26T22:15:00Z,-0.298,-0.017,-0.378,0,-0.001,-0.694
2022-08-26T22:30:00Z,-0.298,-0.017,-0.273,0,-0.001,-0.589
2022-08-26T22:45:00Z,-0.298,-0.017,-0.414,0,-0.001,-0.73
2022-08-26T23:00:00Z,0.219,0.594,-0.467,0,0.121,0.466
2022-08-26T23:15:00Z,0.219,0.594,-0.358,0,0.12,0.575
2022-08-26T23:30:00Z,0.219,0.594,-0.324,0,0.121,0.61
2022-08-26T23:45:00Z,0.219,0.594,-0.413,0,0.226,0.626
2022-08-27T00:00:00Z,0.843,0.227,-0.327,0,0.436,1.177
2022-08-27T00:15:00Z,0.843,0.227,-0.13,0,0.436,1.375
2022-08-27T00:30:00Z,0.843,0.227,-0.136,0,0.436,1.368
2022-08-27T00:45:00Z,0.843,0.227,-0.057,0,0.532,1.544
2022-08-27T01:00:00Z,0.985,0.166,-0.273,0,0.722,1.601
2022-08-27T01:15:00Z,0.985,0.166,-0.37,0,0.722,1.503
2022-08-27T01:30:00Z,0.985,0.166,-0.38,0,0.723,1.494
2022-08-27T01:45:00Z,0.985,0.166,-0.324,0,0.721,1.548
2022-08-27T02:00:00Z,1.013,0.007,-0.358,0,0.616,1.279
2022-08-27T02:15:00Z,1.013,0.007,-0.449,0,0.616,1.187
2022-08-27T02:30:00Z,1.013,0.007,-0.451,0,0.616,1.186
2022-08-27T02:45:00Z,1.013,0.007,-0.49,0,0.688,1.218
2022-08-27T03:00:00Z,1.027,-0.016,-0.607,0,0.83,1.235
2022-08-27T03:15:00Z,1.027,-0.016,-0.752,0,0.831,1.09
2022-08-27T03:30:00Z,1.027,-0.016,-0.804,0,0.831,1.038
2022-08-27T03:45:00Z,1.027,-0.016,-0.9,0,0.832,0.943
2022-08-27T04:00:00Z,1.16,0.001,-1.111,0,0.83,0.88
2022-08-27T04:15:00Z,1.16,0.001,-1.242,0,0.83,0.75
2022-08-27T04:30:00Z,1.16,0.001,-1.222,0,0.83,0.77
2022-08-27T04:45:00Z,1.16,0.001,-1.296,0,0.839,0.705
2022-08-27T05:00:00Z,0.812,0.01,-1.183,0,0.857,0.496
2022-08-27T05:15:00Z,0.812,0.01,-1.239,0,0.858,0.441
2022-08-27T05:30:00Z,0.812,0.01,-1.336,0,0.858,0.344
2022-08-27T05:45:00Z,0.812,0.01,-1.415,0,0.713,0.12
2022-08-27T06:00:00Z,0.789,-0,-1.08,0,0.133,-0.159
2022-08-27T06:15:00Z,0.789,-0,-1.238,0,0.133,-0.316
2022-08-27T06:30:00Z,0.789,-0,-1.404,0,0.132,-0.483
2022-08-27T06:45:00Z,0.789,-0,-1.561,0,0.088,-0.684
2022-08-27T07:00:00Z,0.584,-0.061,-1.276,0,-0.507,-1.261
2022-08-27T07:15:00Z,0.584,-0.061,-1.54,0,-0.51,-1.528
2022-08-27T07:30:00Z,0.584,-0.061,-1.617,0,-0.51,-1.605
2022-08-27T07:45:00Z,0.584,-0.061,-1.663,0,-0.511,-1.652
2022-08-27T08:00:00Z,0.339,-0.04,-1.79,0,-0.621,-2.112
2022-08-27T08:15:00Z,0.339,-0.04,-2.141,0,-0.621,-2.463
2022-08-27T08:30:00Z,0.339,-0.04,-2.115,0,-0.621,-2.437
2022-08-27T08:45:00Z,0.339,-0.04,-2.022,0,-0.6,-2.324
2022-08-27T09:00:00Z,-0.002,-0.685,-1.284,0,-0.56,-2.531
2022-08-27T09:15:00Z,-0.002,-0.685,-1.493,0,-0.56,-2.739
2022-08-27T09:30:00Z,-0.002,-0.685,-1.416,0,-0.559,-2.661
2022-08-27T09:45:00Z,-0.002,-0.685,-1.352,0,-0.41,-2.45
2022-08-27T10:00:00Z,-0.753,-0.698,-0.953,0,-0.106,-2.51
2022-08-27T10:15:00Z,-0.753,-0.698,-1.008,0,-0.106,-2.565
2022-08-27T10:30:00Z,-0.753,-0.698,-0.899,0,-0.106,-2.455
2022-08-27T10:45:00Z,-0.753,-0.698,-1.072,0,-0.106,-2.629
2022-08-27T11:00:00Z,0.047,-0.698,-1.842,0,-0.22,-2.714
2022-08-27T11:15:00Z,0.047,-0.698,-2.066,0,-0.22,-2.938
2022-08-27T11:30:00Z,0.047,-0.698,-2.103,0,-0.22,-2.975
2022-08-27T11:45:00Z,0.047,-0.698,-1.993,0,-0.222,-2.866
2022-08-27T12:00:00Z,-0.497,-0.698,-1.606,0,-0.331,-3.133
2022-08-27T12:15:00Z,-0.497,-0.698,-1.643,0,-0.33,-3.169
2022-08-27T12:30:00Z,-0.497,-0.698,-1.588,0,-0.33,-3.114
2022-08-27T12:45:00Z,-0.497,-0.698,-1.665,0,-0.351,-3.212
2022-08-27T13:00:00Z,-0.726,-0.698,-1.203,0,-0.46,-3.088
2022-08-27T13:15:00Z,-0.726,-0.698,-1.212,0,-0.46,-3.097
2022-08-27T13:30:00Z,-0.726,-0.698,-1.071,0,-0.46,-2.956
2022-08-27T13:45:00Z,-0.726,-0.698,-0.957,0,-0.343,-2.725
2022-08-27T14:00:00Z,-0.456,-0.693,-1.126,0,-0.106,-2.382
2022-08-27T14:15:00Z,-0.456,-0.693,-0.988,0,-0.106,-2.244
2022-08-27T14:30:00Z,-0.456,-0.693,-1.028,0,-0.107,-2.284
2022-08-27T14:45:00Z,-0.456,-0.693,-0.815,0,-0.071,-2.035
2022-08-27T15:00:00Z,-0.663,-0.569,-0.352,0,-0.001,-1.585
2022-08-27T15:15:00Z,-0.663,-0.569,0.078,0,-0.002,-1.156
2022-08-27T15:30:00Z,-0.663,-0.569,-0.112,0,-0.001,-1.346
2022-08-27T15:45:00Z,-0.663,-0.569,-0.151,0,-0.001,-1.385
2022-08-27T16:00:00Z,-0.338,-0.453,-0.339,0,-0.189,-1.32
2022-08-27T16:15:00Z,-0.338,-0.453,-0.381,0,-0.189,-1.362
2022-08-27T16:30:00Z,-0.338,-0.453,-0.253,0,-0.189,-1.234
2022-08-27T16:45:00Z,-0.338,-0.453,-0.127,0,-0.185,-1.103
2022-08-27T17:00:00Z,-0.876,-0.084,0.326,0,-0.178,-0.813
2022-08-27T17:15:00Z,-0.876,-0.084,0.608,0,-0.178,-0.53
2022-08-27T17:30:00Z,-0.876,-0.084,0.589,0,-0.178,-0.549
2022-08-27T17:45:00Z,-0.876,-0.084,0.751,0,-0.178,-0.387
2022-08-27T18:00:00Z,-0.601,-0.237,0.904,0,-0.177,-0.11
2022-08-27T18:15:00Z,-0.601,-0.237,0.984,0,-0.177,-0.031
2022-08-27T18:30:00Z,-0.601,-0.237,0.928,0,-0.178,-0.087
2022-08-27T18:45:00Z,-0.601,-0.237,0.967,0,-0.178,-0.049
2022-08-27T19:00:00Z,0.356,-0.12,0.541,0,-0.517,0.259
2022-08-27T19:15:00Z,0.356,-0.12,0.467,0,-0.517,0.185
2022-08-27T19:30:00Z,0.356,-0.12,0.426,0,-0.516,0.145
2022-08-27T19:45:00Z,0.356,-0.12,0.373,0,-0.382,0.227
2022-08-27T20:00:00Z,-0.08,-0.147,0.457,0,-0.106,0.123
2022-08-27T20:15:00Z,-0.08,-0.147,0.384,0,-0.107,0.049
2022-08-27T20:30:00Z,-0.08,-0.147,0.599,0,-0.106,0.266
2022-08-27T20:45:00Z,-0.08,-0.147,0.775,0,-0.106,0.442
2022-08-27T21:00:00Z,-0.054,-0.067,0.908,0,-0.212,0.575
2022-08-27T21:15:00Z,-0.054,-0.067,0.854,0,-0.211,0.521
2022-08-27T21:30:00Z,-0.054,-0.067,0.977,0,-0.211,0.644
2022-08-27T21:45:00Z,-0.054,-0.067,0.794,0,-0.213,0.46
2022-08-27T22:00:00Z,0.486,0.514,-0.116,0,-0.363,0.521
2022-08-27T22:15:00Z,0.486,0.514,-0.304,0,-0.363,0.333
2022-08-27T22:30:00Z,0.486,0.514,-0.287,0,-0.364,0.35
2022-08-27T22:45:00Z,0.486,0.514,-0.403,0,-0.297,0.3
2022-08-27T23:00:00Z,0.303,0.637,-0.403,0,-0.168,0.369
2022-08-27T23:15:00Z,0.303,0.637,-0.39,0,-0.167,0.383
2022-08-27T23:30:00Z,0.303,0.637,-0.292,0,-0.167,0.481
2022-08-27T23:45:00Z,0.303,0.637,-0.373,0,-0.112,0.456
2022-08-28T00:00:00Z,0.322,0.398,-0.33,0,0.1,0.491
2022-08-28T00:15:00Z,0.322,0.398,-0.357,0,0.101,0.464
2022-08-28T00:30:00Z,0.322,0.398,-0.345,0,0.1,0.476
2022-08-28T00:45:00Z,0.322,0.398,-0.309,0,0.067,0.478
2022-08-28T01:00:00Z,0.473,0.322,0.35,0,-0.349,0.796
2022-08-28T01:15:00Z,0.473,0.322,0.328,0,-0.348,0.774
2022-08-28T01:30:00Z,0.473,0.322,0.387,0,-0.349,0.833
2022-08-28T01:45:00Z,0.473,0.322,0.401,0,-0.373,0.823
2022-08-28T02:00:00Z,0.422,0.309,0.374,0,-0.421,0.684
2022-08-28T02:15:00Z,0.422,0.309,0.287,0,-0.421,0.597
2022-08-28T02:30:00Z,0.422,0.309,0.31,0,-0.42,0.62
2022-08-28T02:45:00Z,0.422,0.309,0.317,0,-0.491,0.557
2022-08-28T03:00:00Z,0.488,0.461,0.622,0,-0.834,0.737
2022-08-28T03:15:00Z,0.488,0.461,0.595,0,-0.834,0.71
2022-08-28T03:30:00Z,0.488,0.461,0.611,0,-0.834,0.725
2022-08-28T03:45:00Z,0.488,0.461,0.609,0,-0.836,0.722
2022-08-28T04:00:00Z,0.544,0.587,0.517,0,-0.961,0.687
2022-08-28T04:15:00Z,0.544,0.587,0.409,0,-0.961,0.58
2022-08-28T04:30:00Z,0.544,0.587,0.419,0,-0.961,0.589
2022-08-28T04:45:00Z,0.544,0.587,0.458,0,-0.842,0.748
2022-08-28T05:00:00Z,0.42,0.204,0.324,0,-0.606,0.342
2022-08-28T05:15:00Z,0.42,0.204,0.236,0,-0.606,0.254
2022-08-28T05:30:00Z,0.42,0.204,0.099,0,-0.606,0.117
2022-08-28T05:45:00Z,0.42,0.204,-0.129,0,-0.688,-0.192
2022-08-28T06:00:00Z,0.333,-0.432,0.176,0,-0.848,-0.771
2022-08-28T06:15:00Z,0.333,-0.432,-0.249,0,-0.849,-1.197
2022-08-28T06:30:00Z,0.333,-0.432,-0.313,0,-0.849,-1.261
2022-08-28T06:45:00Z,0.333,-0.432,-0.473,0,-0.848,-1.419
2022-08-28T07:00:00Z,-0.159,-0.519,-0.86,0,-0.781,-2.319
2022-08-28T07:15:00Z,-0.159,-0.519,-1.212,0,-0.781,-2.671
2022-08-28T07:30:00Z,-0.159,-0.519,-1.38,0,-0.78,-2.839
2022-08-28T07:45:00Z,-0.159,-0.519,-1.29,0,-0.782,-2.75
2022-08-28T08:00:00Z,-0.407,-0.698,-1.286,0,-0.933,-3.324
2022-08-28T08:15:00Z,-0.407,-0.698,-1.357,0,-0.933,-3.394
2022-08-28T08:30:00Z,-0.407,-0.698,-1.418,0,-0.933,-3.456
2022-08-28T08:45:00Z,-0.407,-0.698,-1.383,0,-0.965,-3.453
2022-08-28T09:00:00Z,-0.994,-0.697,-1.096,0,-1.026,-3.812
2022-08-28T09:15:00Z,-0.994,-0.697,-1.059,0,-1.026,-3.776
2022-08-28T09:30:00Z,-0.994,-0.697,-1.041,0,-1.026,-3.758
2022-08-28T09:45:00Z,-0.994,-0.697,-0.925,0,-1.025,-3.642
2022-08-28T10:00:00Z,-0.595,-0.697,-1.184,0,-1.026,-3.502
2022-08-28T10:15:00Z,-0.595,-0.697,-1.127,0,-1.026,-3.445
2022-08-28T10:30:00Z,-0.595,-0.697,-1.235,0,-1.025,-3.553
2022-08-28T10:45:00Z,-0.595,-0.697,-1.26,0,-1.046,-3.599
2022-08-28T11:00:00Z,-0.567,-0.697,-0.714,0,-1.086,-3.064
2022-08-28T11:15:00Z,-0.567,-0.697,-0.821,0,-1.087,-3.171
2022-08-28T11:30:00Z,-0.567,-0.697,-0.801,0,-1.087,-3.152
2022-08-28T11:45:00Z,-0.567,-0.697,-0.897,0,-1.087,-3.249
2022-08-28T12:00:00Z,-0.596,-0.696,-0.341,0,-1.087,-2.721
2022-08-28T12:15:00Z,-0.596,-0.696,-0.257,0,-1.086,-2.636
2022-08-28T12:30:00Z,-0.596,-0.696,-0.191,0,-1.087,-2.57
2022-08-28T12:45:00Z,-0.596,-0.696,-0.222,0,-1.085,-2.6
2022-08-28T13:00:00Z,0.103,-0.672,-0.527,0,-1.026,-2.122
2022-08-28T13:15:00Z,0.103,-0.672,-0.641,0,-1.025,-2.236
2022-08-28T13:30:00Z,0.103,-0.672,-0.643,0,-1.026,-2.238
2022-08-28T13:45:00Z,0.103,-0.672,-0.524,0,-1.027,-2.12
2022-08-28T14:00:00Z,-0.16,-0.649,-0.557,0,-1.026,-2.392
2022-08-28T14:15:00Z,-0.16,-0.649,-0.314,0,-1.025,-2.149
2022-08-28T14:30:00Z,-0.16,-0.649,-0.054,0,-1.025,-1.889
2022-08-28T14:45:00Z,-0.16,-0.649,0.176,0,-1.025,-1.659
2022-08-28T15:00:00Z,-0.353,-0.056,0.08,0,-1.026,-1.355
2022-08-28T15:15:00Z,-0.353,-0.056,0.186,0,-1.026,-1.249
2022-08-28T15:30:00Z,-0.353,-0.056,0.337,0,-1.025,-1.097
2022-08-28T15:45:00Z,-0.353,-0.056,0.169,0,-1.025,-1.266
2022-08-28T16:00:00Z,-0.267,-0.665,-0.033,0,-1.026,-1.989
2022-08-28T16:15:00Z,-0.267,-0.665,-0.141,0,-1.026,-2.098
2022-08-28T16:30:00Z,-0.267,-0.665,-0.255,0,-1.026,-2.212
2022-08-28T16:45:00Z,-0.267,-0.665,-0.197,0,-0.875,-2.003
2022-08-28T17:00:00Z,-0.779,-0.671,-0.184,0,-0.591,-2.225
2022-08-28T17:15:00Z,-0.779,-0.671,0.11,0,-0.591,-1.931
2022-08-28T17:30:00Z,-0.779,-0.671,0.006,0,-0.591,-2.034
2022-08-28T17:45:00Z,-0.779,-0.671,0.028,0,-0.583,-2.004
2022-08-28T18:00:00Z,0.376,-0.491,-0.629,0,-0.567,-1.311
2022-08-28T18:15:00Z,0.376,-0.491,-0.742,0,-0.567,-1.424
2022-08-28T18:30:00Z,0.376,-0.491,-0.73,0,-0.566,-1.412
2022-08-28T18:45:00Z,0.376,-0.491,-0.69,0,-0.442,-1.248
2022-08-28T19:00:00Z,0.594,-0.639,-0.646,0,-0.194,-0.885
2022-08-28T19:15:00Z,0.594,-0.639,-0.533,0,-0.194,-0.772
2022-08-28T19:30:00Z,0.594,-0.639,-0.439,0,-0.194,-0.679
2022-08-28T19:45:00Z,0.594,-0.639,-0.367,0,-0.129,-0.542
2022-08-28T20:00:00Z,0.145,-0.102,-0.674,0,-0.001,-0.632
2022-08-28T20:15:00Z,0.145,-0.102,-0.809,0,-0.001,-0.767
2022-08-28T20:30:00Z,0.145,-0.102,-0.529,0,-0.001,-0.487
2022-08-28T20:45:00Z,0.145,-0.102,-0.504,0,-0.001,-0.462
2022-08-28T21:00:00Z,-0.586,0.489,-0.47,0,0.229,-0.338
2022-08-28T21:15:00Z,-0.586,0.489,-0.431,0,0.229,-0.299
2022-08-28T21:30:00Z,-0.586,0.489,-0.212,0,0.229,-0.08
2022-08-28T21:45:00Z,-0.586,0.489,-0.433,0,0.327,-0.202
2022-08-28T22:00:00Z,0.761,0.662,-1.329,0,0.524,0.618
2022-08-28T22:15:00Z,0.761,0.662,-1.449,0,0.524,0.497
2022-08-28T22:30:00Z,0.761,0.662,-1.297,0,0.524,0.649
2022-08-28T22:45:00Z,0.761,0.662,-1.21,0,0.523,0.736
2022-08-28T23:00:00Z,1.325,0.014,0.038,0,0.196,1.573
2022-08-28T23:15:00Z,1.325,0.014,0.188,0,0.196,1.723
2022-08-28T23:30:00Z,1.325,0.014,0.183,0,0.197,1.719
2022-08-28T23:45:00Z,1.325,0.014,0.132,0,0.229,1.7
2022-08-29T00:00:00Z,1.453,0.009,-0.402,0,0.386,1.446
2022-08-29T00:15:00Z,1.453,0.009,-0.661,0,0.385,1.187
2022-08-29T00:30:00Z,1.453,0.009,-0.68,0,0.386,1.168
2022-08-29T00:45:00Z,1.453,0.009,-0.587,0,0.386,1.262
2022-08-29T01:00:00Z,2.017,-0.649,-0.41,0,0.389,1.347
2022-08-29T01:15:00Z,2.017,-0.649,-0.433,0,0.389,1.324
2022-08-29T01:30:00Z,2.017,-0.649,-0.461,0,0.389,1.295
2022-08-29T01:45:00Z,2.017,-0.649,-0.559,0,0.507,1.316
2022-08-29T02:00:00Z,1.835,-0.6,-0.73,0,0.741,1.245
2022-08-29T02:15:00Z,1.835,-0.6,-0.755,0,0.74,1.22
2022-08-29T02:30:00Z,1.835,-0.6,-0.847,0,0.74,1.128
2022-08-29T02:45:00Z,1.835,-0.6,-0.878,0,0.74,1.097
2022-08-29T03:00:00Z,1.463,-0.656,-1.584,0,0.839,0.062
2022-08-29T03:15:00Z,1.463,-0.656,-1.855,0,0.839,-0.209
2022-08-29T03:30:00Z,1.463,-0.656,-1.986,0,0.839,-0.339
2022-08-29T03:45:00Z,1.463,-0.656,-2.138,0,0.878,-0.453
2022-08-29T04:00:00Z,0.42,-0.518,-2.57,0,0.953,-1.715
2022-08-29T04:15:00Z,0.42,-0.518,-2.737,0,0.953,-1.881
2022-08-29T04:30:00Z,0.42,-0.518,-2.714,0,0.953,-1.858
2022-08-29T04:45:00Z,0.42,-0.518,-2.692,0,0.987,-1.803
2022-08-29T05:00:00Z,0.201,-0.49,-2.658,0,1.054,-1.893
2022-08-29T05:15:00Z,0.201,-0.49,-2.528,0,1.054,-1.763
2022-08-29T05:30:00Z,0.201,-0.49,-2.447,0,1.053,-1.683
2022-08-29T05:45:00Z,0.201,-0.49,-2.393,0,1.053,-1.629
2022-08-29T06:00:00Z,0.295,-0.697,-2.299,0,0.995,-1.706
2022-08-29T06:15:00Z,0.295,-0.697,-2.387,0,0.995,-1.794
2022-08-29T06:30:00Z,0.295,-0.697,-2.45,0,0.995,-1.857
2022-08-29T06:45:00Z,0.295,-0.697,-2.366,0,0.994,-1.774
2022-08-29T07:00:00Z,-0.61,-0.669,-1.586,0,0.725,-2.14
2022-08-29T07:15:00Z,-0.61,-0.669,-1.665,0,0.726,-2.218
2022-08-29T07:30:00Z,-0.61,-0.669,-1.653,0,0.726,-2.206
2022-08-29T07:45:00Z,-0.61,-0.669,-1.536,0,0.407,-2.408
2022-08-29T08:00:00Z,-0.489,-0.647,-1.147,0,-0.13,-2.412
2022-08-29T08:15:00Z,-0.489,-0.647,-1.227,0,-0.13,-2.492
2022-08-29T08:30:00Z,-0.489,-0.647,-1.334,0,-0.13,-2.599
2022-08-29T08:45:00Z,-0.489,-0.647,-1.2,0,-0.226,-2.561
2022-08-29T09:00:00Z,1.005,-0.674,-1.589,0,-0.414,-1.672
2022-08-29T09:15:00Z,1.005,-0.674,-1.633,0,-0.414,-1.715
2022-08-29T09:30:00Z,1.005,-0.674,-1.626,0,-0.414,-1.708
2022-08-29T09:45:00Z,1.005,-0.674,-1.773,0,-0.324,-1.765
2022-08-29T10:00:00Z,0.244,-0.611,-0.981,0,-0.146,-1.494
2022-08-29T10:15:00Z,0.244,-0.611,-0.962,0,-0.146,-1.476
2022-08-29T10:30:00Z,0.244,-0.611,-0.985,0,-0.146,-1.499
2022-08-29T10:45:00Z,0.244,-0.611,-0.971,0,-0.147,-1.485
2022-08-29T11:00:00Z,0.861,-0.668,-1.504,0,-0.119,-1.43
2022-08-29T11:15:00Z,0.861,-0.668,-1.601,0,-0.119,-1.527
2022-08-29T11:30:00Z,0.861,-0.668,-1.458,0,-0.119,-1.385
2022-08-29T11:45:00Z,0.861,-0.668,-1.448,0,-0.247,-1.502
2022-08-29T12:00:00Z,0.871,-0.39,-1.547,0,-0.501,-1.567
2022-08-29T12:15:00Z,0.871,-0.39,-1.592,0,-0.501,-1.612
2022-08-29T12:30:00Z,0.871,-0.39,-1.642,0,-0.501,-1.663
2022-08-29T12:45:00Z,0.871,-0.39,-1.534,0,-0.588,-1.641
2022-08-29T13:00:00Z,0.833,-0.669,-0.868,0,-1.025,-1.73
2022-08-29T13:15:00Z,0.833,-0.669,-0.788,0,-1.025,-1.649
2022-08-29T13:30:00Z,0.833,-0.669,-0.793,0,-1.024,-1.653
2022-08-29T13:45:00Z,0.833,-0.669,-0.901,0,-0.512,-1.249
2022-08-29T14:00:00Z,-0.689,-0.029,-1.533,0,-0.001,-2.252
2022-08-29T14:15:00Z,-0.689,-0.029,-1.806,0,-0.001,-2.525
2022-08-29T14:30:00Z,-0.689,-0.029,-1.927,0,-0.001,-2.646
2022-08-29T14:45:00Z,-0.689,-0.029,-1.91,0,-0.001,-2.629
2022-08-29T15:00:00Z,-0.897,-0.699,-2.152,0,0.629,-3.118
2022-08-29T15:15:00Z,-0.897,-0.699,-2.275,0,0.694,-3.177
2022-08-29T15:30:00Z,-0.897,-0.699,-2.296,0,0.693,-3.198
2022-08-29T15:45:00Z,-0.897,-0.699,-2.251,0,0.608,-3.239
2022-08-29T16:00:00Z,-0.598,-0.672,-2.624,0,0.438,-3.457
2022-08-29T16:15:00Z,-0.598,-0.672,-2.454,0,0.438,-3.288
2022-08-29T16:30:00Z,-0.598,-0.672,-2.358,0,0.438,-3.191
2022-08-29T16:45:00Z,-0.598,-0.672,-2.238,0,0.326,-3.183
2022-08-29T17:00:00Z,-0.549,-0.074,-2.436,0,0.101,-2.957
2022-08-29T17:15:00Z,-0.549,-0.074,-2.366,0,0.101,-2.888
2022-08-29T17:30:00Z,-0.549,-0.074,-2.289,0,0.101,-2.811
2022-08-29T17:45:00Z,-0.549,-0.074,-2.357,0,0.1,-2.88
2022-08-29T18:00:00Z,-0.25,-0.05,-2.972,0,0.523,-2.749
2022-08-29T18:15:00Z,-0.25,-0.05,-3.064,0,0.522,-2.842
2022-08-29T18:30:00Z,-0.25,-0.05,-2.954,0,0.522,-2.731
2022-08-29T18:45:00Z,-0.25,-0.05,-2.806,0,0.339,-2.767
2022-08-29T19:00:00Z,0.61,-0.398,-2.825,0,-0.156,-2.77
2022-08-29T19:15:00Z,0.61,-0.398,-3.024,0,-0.156,-2.968
2022-08-29T19:30:00Z,0.61,-0.398,-3.025,0,-0.155,-2.969
2022-08-29T19:45:00Z,0.61,-0.398,-3.054,0,-0.104,-2.947
2022-08-29T20:00:00Z,-0.175,-0.698,-2.544,0,0.37,-3.047
2022-08-29T20:15:00Z,-0.175,-0.698,-2.628,0,0.369,-3.133
2022-08-29T20:30:00Z,-0.175,-0.698,-2.409,0,0.371,-2.912
2022-08-29T20:45:00Z,-0.175,-0.698,-2.352,0,0.408,-2.817
2022-08-29T21:00:00Z,-0.459,-0.68,-1.579,0,0.485,-2.234
2022-08-29T21:15:00Z,-0.459,-0.68,-1.512,0,0.484,-2.168
2022-08-29T21:30:00Z,-0.459,-0.68,-1.475,0,0.484,-2.13
2022-08-29T21:45:00Z,-0.459,-0.68,-1.646,0,0.571,-2.214
2022-08-29T22:00:00Z,-0.068,-0.267,-2.936,0,0.995,-2.275
2022-08-29T22:15:00Z,-0.068,-0.267,-3.432,0,0.996,-2.771
2022-08-29T22:30:00Z,-0.068,-0.267,-3.506,0,0.995,-2.846
2022-08-29T22:45:00Z,-0.068,-0.267,-3.525,0,1.014,-2.846
2022-08-29T23:00:00Z,0.224,-0.447,-3.479,0,1.054,-2.647
2022-08-29T23:15:00Z,0.224,-0.447,-3.444,0,1.054,-2.613
2022-08-29T23:30:00Z,0.224,-0.447,-3.422,0,1.053,-2.591
2022-08-29T23:45:00Z,0.224,-0.447,-3.472,0,1.054,-2.641
2022-08-30T00:00:00Z,0.313,-0.699,-3.288,0,1.033,-2.641
2022-08-30T00:15:00Z,0.313,-0.699,-3.321,0,1.033,-2.673
2022-08-30T00:30:00Z,0.313,-0.699,-3.382,0,1.033,-2.734
2022-08-30T00:45:00Z,0.313,-0.699,-3.397,0,1.034,-2.749
2022-08-30T01:00:00Z,0.435,-0.699,-3.287,0,0.995,-2.556
2022-08-30T01:15:00Z,0.435,-0.699,-3.277,0,0.996,-2.544
2022-08-30T01:30:00Z,0.435,-0.699,-3.391,0,0.995,-2.66
2022-08-30T01:45:00Z,0.435,-0.699,-3.41,0,0.995,-2.679
2022-08-30T02:00:00Z,0.509,-0.688,-3.19,0,0.995,-2.374
2022-08-30T02:15:00Z,0.509,-0.688,-3.134,0,0.995,-2.318
2022-08-30T02:30:00Z,0.509,-0.688,-3.144,0,0.995,-2.328
2022-08-30T02:45:00Z,0.509,-0.688,-3.2,0,0.995,-2.383
2022-08-30T03:00:00Z,0.265,-0.445,-3.741,0,0.995,-2.926
2022-08-30T03:15:00Z,0.265,-0.445,-3.887,0,0.994,-3.073
2022-08-30T03:30:00Z,0.265,-0.445,-4.016,0,0.995,-3.201
2022-08-30T03:45:00Z,0.265,-0.445,-4.061,0,1.014,-3.227
2022-08-30T04:00:00Z,-0.321,-0.699,-3.778,0,1.053,-3.744
2022-08-30T04:15:00Z,-0.321,-0.699,-3.646,0,1.054,-3.612
2022-08-30T04:30:00Z,-0.321,-0.699,-3.63,0,1.053,-3.596
2022-08-30T04:45:00Z,-0.321,-0.699,-3.545,0,1.053,-3.512
2022-08-30T05:00:00Z,-0.675,-0.699,-3.545,0,1.054,-3.865
2022-08-30T05:15:00Z,-0.675,-0.699,-3.494,0,1.053,-3.814
2022-08-30T05:30:00Z,-0.675,-0.699,-3.49,0,1.053,-3.811
2022-08-30T05:45:00Z,-0.675,-0.699,-3.507,0,0.952,-3.929
2022-08-30T06:00:00Z,-0.696,-0.699,-3.283,0,0.433,-4.244
2022-08-30T06:15:00Z,-0.696,-0.699,-3.375,0,0.433,-4.336
2022-08-30T06:30:00Z,-0.696,-0.699,-3.489,0,0.433,-4.45
2022-08-30T06:45:00Z,-0.696,-0.699,-3.537,0,0.288,-4.643
2022-08-30T07:00:00Z,-1.64,-0.699,-2.51,0,-0.428,-5.277
2022-08-30T07:15:00Z,-1.64,-0.699,-2.631,0,-0.428,-5.397
2022-08-30T07:30:00Z,-1.64,-0.699,-2.59,0,-0.427,-5.356
2022-08-30T07:45:00Z,-1.64,-0.699,-2.565,0,-0.428,-5.332
2022-08-30T08:00:00Z,-1.797,-0.699,-2.473,0,-0.812,-5.78
2022-08-30T08:15:00Z,-1.797,-0.699,-2.64,0,-0.811,-5.947
2022-08-30T08:30:00Z,-1.797,-0.699,-2.553,0,-0.812,-5.861
2022-08-30T08:45:00Z,-1.797,-0.699,-2.609,0,-0.884,-5.988
2022-08-30T09:00:00Z,-1.349,-0.698,-2.845,0,-1.025,-5.918
2022-08-30T09:15:00Z,-1.349,-0.698,-2.871,0,-1.025,-5.943
2022-08-30T09:30:00Z,-1.349,-0.698,-2.801,0,-1.024,-5.872
2022-08-30T09:45:00Z,-1.349,-0.698,-2.882,0,-0.991,-5.919
2022-08-30T10:00:00Z,-1.823,-0.698,-2.695,0,-0.922,-6.139
2022-08-30T10:15:00Z,-1.823,-0.698,-2.651,0,-0.922,-6.095
2022-08-30T10:30:00Z,-1.823,-0.698,-2.576,0,-0.922,-6.019
2022-08-30T10:45:00Z,-1.823,-0.698,-2.581,0,-0.917,-6.02
2022-08-30T11:00:00Z,-1.727,-0.698,-2.247,0,-0.907,-5.579
2022-08-30T11:15:00Z,-1.727,-0.698,-2.245,0,-0.907,-5.577
2022-08-30T11:30:00Z,-1.727,-0.698,-2.238,0,-0.907,-5.57
2022-08-30T11:45:00Z,-1.727,-0.698,-2.571,0,-0.911,-5.907
2022-08-30T12:00:00Z,-0.973,-0.687,-3.286,0,-0.934,-5.88
2022-08-30T12:15:00Z,-0.973,-0.687,-3.56,0,-0.934,-6.155
2022-08-30T12:30:00Z,-0.973,-0.687,-3.55,0,-0.934,-6.144
2022-08-30T12:45:00Z,-0.973,-0.687,-3.404,0,-0.95,-6.014
2022-08-30T13:00:00Z,-1.605,-0.688,-2.415,0,-1.025,-5.732
2022-08-30T13:15:00Z,-1.605,-0.688,-2.132,0,-1.025,-5.45
2022-08-30T13:30:00Z,-1.605,-0.688,-2.169,0,-1.025,-5.486
2022-08-30T13:45:00Z,-1.605,-0.688,-2.13,0,-1.024,-5.447
2022-08-30T14:00:00Z,-1.456,-0.698,-2.23,0,-1.025,-5.409
2022-08-30T14:15:00Z,-1.456,-0.698,-2.183,0,-1.024,-5.362
2022-08-30T14:30:00Z,-1.456,-0.698,-2.228,0,-1.025,-5.407
2022-08-30T14:45:00Z,-1.456,-0.698,-2.193,0,-0.931,-5.278
2022-08-30T15:00:00Z,-1.285,-0.698,-2.606,0,-0.462,-5.052
2022-08-30T15:15:00Z,-1.285,-0.698,-2.513,0,-0.461,-4.958
2022-08-30T15:30:00Z,-1.285,-0.698,-2.498,0,-0.461,-4.944
2022-08-30T15:45:00Z,-1.285,-0.698,-2.413,0,-0.463,-4.86
2022-08-30T16:00:00Z,-0.457,-0.698,-2.51,0,-0.617,-4.282
2022-08-30T16:15:00Z,-0.457,-0.698,-2.381,0,-0.616,-4.152
2022-08-30T16:30:00Z,-0.457,-0.698,-2.385,0,-0.616,-4.156
2022-08-30T16:45:00Z,-0.457,-0.698,-2.304,0,-0.618,-4.077
2022-08-30T17:00:00Z,0.301,-0.698,-2.201,0,-0.818,-3.416
2022-08-30T17:15:00Z,0.301,-0.698,-2.145,0,-0.818,-3.361
2022-08-30T17:30:00Z,0.301,-0.698,-2.102,0,-0.818,-3.318
2022-08-30T17:45:00Z,0.301,-0.698,-2.029,0,-0.78,-3.206
2022-08-30T18:00:00Z,-0.127,-0.698,-1.725,0,-0.705,-3.256
2022-08-30T18:15:00Z,-0.127,-0.698,-1.625,0,-0.705,-3.154
2022-08-30T18:30:00Z,-0.127,-0.698,-1.63,0,-0.705,-3.16
2022-08-30T18:45:00Z,-0.127,-0.698,-1.438,0,-0.669,-2.932
2022-08-30T19:00:00Z,0.101,-0.697,-1.068,0,-0.601,-2.265
2022-08-30T19:15:00Z,0.101,-0.697,-1.062,0,-0.601,-2.259
2022-08-30T19:30:00Z,0.101,-0.697,-1.054,0,-0.601,-2.252
2022-08-30T19:45:00Z,0.101,-0.697,-1.175,0,-0.6,-2.372
2022-08-30T20:00:00Z,-0.255,-0.666,-1.973,0,-0.186,-3.08
2022-08-30T20:15:00Z,-0.255,-0.666,-2.184,0,-0.186,-3.292
2022-08-30T20:30:00Z,-0.255,-0.666,-1.973,0,-0.187,-3.081
2022-08-30T20:45:00Z,-0.255,-0.666,-1.886,0,-0.124,-2.931
2022-08-30T21:00:00Z,-0.34,-0.689,-1.434,0,-0.001,-2.464
2022-08-30T21:15:00Z,-0.34,-0.689,-1.429,0,-0.001,-2.459
2022-08-30T21:30:00Z,-0.34,-0.689,-1.403,0,-0.001,-2.433
2022-08-30T21:45:00Z,-0.34,-0.689,-1.49,0,-0.001,-2.52
2022-08-30T22:00:00Z,0.006,-0.685,-1.625,0,0.762,-1.542
2022-08-30T22:15:00Z,0.006,-0.685,-1.79,0,0.895,-1.574
2022-08-30T22:30:00Z,0.006,-0.685,-2.047,0,0.895,-1.83
2022-08-30T22:45:00Z,0.006,-0.685,-2.141,0,0.896,-1.924
2022-08-30T23:00:00Z,0.178,-0.601,-2.42,0,0.898,-1.945
2022-08-30T23:15:00Z,0.178,-0.601,-2.402,0,0.898,-1.927
2022-08-30T23:30:00Z,0.178,-0.601,-2.437,0,0.898,-1.961
2022-08-30T23:45:00Z,0.178,-0.601,-2.43,0,0.949,-1.904
2022-08-31T00:00:00Z,0.359,-0.698,-2.605,0,1.054,-1.89
2022-08-31T00:15:00Z,0.359,-0.698,-2.612,0,1.054,-1.897
2022-08-31T00:30:00Z,0.359,-0.698,-2.605,0,1.053,-1.891
2022-08-31T00:45:00Z,0.359,-0.698,-2.612,0,1.055,-1.896
2022-08-31T01:00:00Z,0.319,-0.696,-2.529,0,0.995,-1.911
2022-08-31T01:15:00Z,0.319,-0.696,-2.542,0,0.995,-1.924
2022-08-31T01:30:00Z,0.319,-0.696,-2.506,0,0.995,-1.888
2022-08-31T01:45:00Z,0.319,-0.696,-2.51,0,0.995,-1.893
2022-08-31T02:00:00Z,0.671,-0.653,-2.967,0,0.995,-1.954
2022-08-31T02:15:00Z,0.671,-0.653,-3.071,0,0.995,-2.059
2022-08-31T02:30:00Z,0.671,-0.653,-3.101,0,0.996,-2.088
2022-08-31T02:45:00Z,0.671,-0.653,-3.202,0,0.996,-2.189
2022-08-31T03:00:00Z,0.945,-0.698,-3.551,0,0.995,-2.308
2022-08-31T03:15:00Z,0.945,-0.698,-3.473,0,0.996,-2.23
2022-08-31T03:30:00Z,0.945,-0.698,-3.219,0,0.995,-1.976
2022-08-31T03:45:00Z,0.945,-0.698,-3.062,0,0.994,-1.82
2022-08-31T04:00:00Z,0.071,-0.68,-3.1,0,0.897,-2.812
2022-08-31T04:15:00Z,0.071,-0.68,-3.196,0,0.898,-2.908
2022-08-31T04:30:00Z,0.071,-0.68,-3.177,0,0.898,-2.889
2022-08-31T04:45:00Z,0.071,-0.68,-3.11,0,0.947,-2.773
2022-08-31T05:00:00Z,-0.474,-0.699,-2.227,0,1.045,-2.355
2022-08-31T05:15:00Z,-0.474,-0.699,-1.791,0,1.043,-1.921
2022-08-31T05:30:00Z,-0.474,-0.699,-1.84,0,1.044,-1.969
2022-08-31T05:45:00Z,-0.474,-0.699,-1.856,0,1.042,-1.986
2022-08-31T06:00:00Z,-0.841,-0.699,-1.639,0,0.701,-2.477
2022-08-31T06:15:00Z,-0.841,-0.699,-1.787,0,0.702,-2.625
2022-08-31T06:30:00Z,-0.841,-0.699,-1.713,0,0.703,-2.55
2022-08-31T06:45:00Z,-0.841,-0.699,-1.593,0,0.399,-2.734
2022-08-31T07:00:00Z,-1.036,-0.698,-1.818,0,-0.519,-4.072
2022-08-31T07:15:00Z,-1.036,-0.698,-2.286,0,-0.526,-4.546
2022-08-31T07:30:00Z,-1.036,-0.698,-2.296,0,-0.526,-4.557
2022-08-31T07:45:00Z,-1.036,-0.698,-2.157,0,-0.525,-4.417
2022-08-31T08:00:00Z,-1.513,-0.698,-1.886,0,-0.36,-4.456
2022-08-31T08:15:00Z,-1.513,-0.698,-2.063,0,-0.359,-4.632
2022-08-31T08:30:00Z,-1.513,-0.698,-1.94,0,-0.36,-4.51
2022-08-31T08:45:00Z,-1.513,-0.698,-2.026,0,-0.359,-4.596
2022-08-31T09:00:00Z,-1.369,-0.698,-2.826,0,-0.283,-5.176
2022-08-31T09:15:00Z,-1.369,-0.698,-2.873,0,-0.283,-5.223
2022-08-31T09:30:00Z,-1.369,-0.698,-2.856,0,-0.283,-5.206
2022-08-31T09:45:00Z,-1.369,-0.698,-2.813,0,-0.356,-5.237
2022-08-31T10:00:00Z,-1.789,-0.698,-2.868,0,-0.502,-5.857
2022-08-31T10:15:00Z,-1.789,-0.698,-3.096,0,-0.502,-6.086
2022-08-31T10:30:00Z,-1.789,-0.698,-2.999,0,-0.502,-5.988
2022-08-31T10:45:00Z,-1.789,-0.698,-3.04,0,-0.598,-6.126
2022-08-31T11:00:00Z,-1.297,-0.698,-2.621,0,-1.086,-5.701
2022-08-31T11:15:00Z,-1.297,-0.698,-2.708,0,-1.085,-5.788
2022-08-31T11:30:00Z,-1.297,-0.698,-2.738,0,-1.086,-5.819
2022-08-31T11:45:00Z,-1.297,-0.698,-2.678,0,-1.086,-5.76
2022-08-31T12:00:00Z,-1.195,-0.698,-2.584,0,-1.086,-5.562
2022-08-31T12:15:00Z,-1.195,-0.698,-2.613,0,-1.086,-5.592
2022-08-31T12:30:00Z,-1.195,-0.698,-2.53,0,-1.087,-5.509
2022-08-31T12:45:00Z,-1.195,-0.698,-2.386,0,-1.085,-5.363
2022-08-31T13:00:00Z,-1.016,-0.698,-2.319,0,-0.906,-4.94
2022-08-31T13:15:00Z,-1.016,-0.698,-2.186,0,-0.907,-4.807
2022-08-31T13:30:00Z,-1.016,-0.698,-2.234,0,-0.906,-4.854
2022-08-31T13:45:00Z,-1.016,-0.698,-2.207,0,-0.818,-4.739
2022-08-31T14:00:00Z,-0.952,-0.698,-2.402,0,-0.381,-4.433
2022-08-31T14:15:00Z,-0.952,-0.698,-2.221,0,-0.381,-4.253
2022-08-31T14:30:00Z,-0.952,-0.698,-2.133,0,-0.38,-4.163
2022-08-31T14:45:00Z,-0.952,-0.698,-2.096,0,-0.254,-3.999
2022-08-31T15:00:00Z,-1.332,-0.698,-2.287,0,-0,-4.318
2022-08-31T15:15:00Z,-1.332,-0.698,-2.192,0,-0.001,-4.224
2022-08-31T15:30:00Z,-1.332,-0.698,-2.26,0,-0.001,-4.291
2022-08-31T15:45:00Z,-1.332,-0.698,-2.21,0,-0.001,-4.242
2022-08-31T16:00:00Z,-1.463,-0.698,-2.528,0,-0.106,-4.795
2022-08-31T16:15:00Z,-1.463,-0.698,-2.685,0,-0.106,-4.952
2022-08-31T16:30:00Z,-1.463,-0.698,-2.618,0,-0.107,-4.886
2022-08-31T16:45:00Z,-1.463,-0.698,-2.566,0,-0.106,-4.833
2022-08-31T17:00:00Z,-1.425,-0.698,-2.146,0,-0.174,-4.444
2022-08-31T17:15:00Z,-1.425,-0.698,-1.93,0,-0.175,-4.228
2022-08-31T17:30:00Z,-1.425,-0.698,-1.969,0,-0.174,-4.267
2022-08-31T17:45:00Z,-1.425,-0.698,-2.092,0,-0.117,-4.332
2022-08-31T18:00:00Z,-1.203,-0.698,-2.195,0,-0.001,-4.096
2022-08-31T18:15:00Z,-1.203,-0.698,-2.283,0,-0.001,-4.185
2022-08-31T18:30:00Z,-1.203,-0.698,-2.178,0,-0.001,-4.08
2022-08-31T18:45:00Z,-1.203,-0.698,-1.895,0,-0.001,-3.797
2022-08-31T19:00:00Z,-1.511,-0.698,-1.648,0,0.19,-3.666
2022-08-31T19:15:00Z,-1.511,-0.698,-1.565,0,0.19,-3.584
2022-08-31T19:30:00Z,-1.511,-0.698,-1.568,0,0.19,-3.586
2022-08-31T19:45:00Z,-1.511,-0.698,-1.323,0,0.269,-3.263
2022-08-31T20:00:00Z,-1.167,-0.698,-0.353,0,0.664,-1.554
2022-08-31T20:15:00Z,-1.167,-0.698,-0.081,0,0.662,-1.283
2022-08-31T20:30:00Z,-1.167,-0.698,0.126,0,0.663,-1.075
2022-08-31T20:45:00Z,-1.167,-0.698,0.027,0,0.775,-1.063
2022-08-31T21:00:00Z,-1.034,-0.698,-0.3,0,0.995,-1.037
2022-08-31T21:15:00Z,-1.034,-0.698,-0.45,0,0.996,-1.187
2022-08-31T21:30:00Z,-1.034,-0.698,-0.469,0,0.995,-1.206
2022-08-31T21:45:00Z,-1.034,-0.698,-0.382,0,0.995,-1.119
2022-08-31T22:00:00Z,-0.705,-0.698,-0.49,0,0.996,-0.897
2022-08-31T22:15:00Z,-0.705,-0.698,-0.746,0,0.995,-1.153
2022-08-31T22:30:00Z,-0.705,-0.698,-0.659,0,0.995,-1.067
2022-08-31T22:45:00Z,-0.705,-0.698,-0.722,0,1.005,-1.12
2022-08-31T23:00:00Z,-0.058,-0.698,-1.135,0,1.054,-0.837
2022-08-31T23:15:00Z,-0.058,-0.698,-1.192,0,1.054,-0.895
2022-08-31T23:30:00Z,-0.058,-0.698,-1.186,0,1.054,-0.888
2022-08-31T23:45:00Z,-0.058,-0.698,-1.212,0,1.054,-0.914
