tijdstip_utc,belgium,denmark,germany,norway,united_kingdom,sum
2023-07-01T00:00:00Z,-0.015,-0.698,-0.051,-0.249,0.78,-0.234
2023-07-01T00:15:00Z,-0.015,-0.698,-0.14,-0.249,0.78,-0.322
2023-07-01T00:30:00Z,-0.015,-0.698,-0.016,-0.249,0.78,-0.199
2023-07-01T00:45:00Z,-0.015,-0.698,-0.032,-0.249,0.781,-0.214
2023-07-01T01:00:00Z,0.029,-0.698,0.071,-0.566,0.996,-0.168
2023-07-01T01:15:00Z,0.029,-0.698,0.073,-0.566,0.996,-0.167
2023-07-01T01:30:00Z,0.029,-0.698,0.006,-0.566,0.995,-0.234
2023-07-01T01:45:00Z,0.029,-0.698,0.057,-0.566,0.995,-0.183
2023-07-01T02:00:00Z,-0.101,-0.698,0.264,-0.64,0.995,-0.18
2023-07-01T02:15:00Z,-0.101,-0.698,0.154,-0.64,0.995,-0.289
2023-07-01T02:30:00Z,-0.101,-0.698,0.199,-0.64,0.995,-0.245
2023-07-01T02:45:00Z,-0.101,-0.698,0.283,-0.64,1.005,-0.151
2023-07-01T03:00:00Z,-0.383,-0.67,0.063,-0.449,1.054,-0.385
2023-07-01T03:15:00Z,-0.383,-0.67,0.119,-0.449,1.054,-0.329
2023-07-01T03:30:00Z,-0.383,-0.67,0.179,-0.449,1.054,-0.269
2023-07-01T03:45:00Z,-0.383,-0.67,0.242,-0.449,1.054,-0.207
2023-07-01T04:00:00Z,-0.226,-0.03,-0.484,-0.161,1.054,0.152
2023-07-01T04:15:00Z,-0.226,-0.03,-0.437,-0.161,1.054,0.199
2023-07-01T04:30:00Z,-0.226,-0.03,-0.349,-0.161,1.054,0.287
2023-07-01T04:45:00Z,-0.226,-0.03,-0.42,-0.161,1.041,0.203
2023-07-01T05:00:00Z,-0.042,-0.202,-0.056,-0.112,0.98,0.57
2023-07-01T05:15:00Z,-0.042,-0.202,0.034,-0.112,0.981,0.66
2023-07-01T05:30:00Z,-0.042,-0.202,0.071,-0.112,0.98,0.697
2023-07-01T05:45:00Z,-0.042,-0.202,-0.013,-0.112,0.982,0.614
2023-07-01T06:00:00Z,0.062,0.114,-0.12,0,0.995,1.051
2023-07-01T06:15:00Z,0.062,0.114,0.019,0,0.995,1.191
2023-07-01T06:30:00Z,0.062,0.114,0.267,0,0.995,1.439
2023-07-01T06:45:00Z,0.062,0.114,0.372,0,0.994,1.543
2023-07-01T07:00:00Z,0.673,0.685,0.263,0,0.539,2.16
2023-07-01T07:15:00Z,0.673,0.685,0.233,0,0.54,2.13
2023-07-01T07:30:00Z,0.673,0.685,0.255,0,0.54,2.153
2023-07-01T07:45:00Z,0.673,0.685,0.307,0,0.539,2.204
2023-07-01T08:00:00Z,0.901,0.7,0.224,0,0.474,2.3
2023-07-01T08:15:00Z,0.901,0.7,0.258,0,0.474,2.333
2023-07-01T08:30:00Z,0.901,0.7,0.139,0,0.474,2.214
2023-07-01T08:45:00Z,0.901,0.7,0.15,0,0.491,2.242
2023-07-01T09:00:00Z,0.6,0.699,0.298,0,0.577,2.174
2023-07-01T09:15:00Z,0.6,0.699,0.242,0,0.577,2.118
2023-07-01T09:30:00Z,0.6,0.699,0.302,0,0.577,2.178
2023-07-01T09:45:00Z,0.6,0.699,0.346,0,0.577,2.222
2023-07-01T10:00:00Z,0.805,0.647,0.069,0,0.595,2.116
2023-07-01T10:15:00Z,0.805,0.647,-0.065,0,0.595,1.982
2023-07-01T10:30:00Z,0.805,0.647,-0.037,0,0.594,2.009
2023-07-01T10:45:00Z,0.805,0.647,-0.122,0,0.591,1.921
2023-07-01T11:00:00Z,1.124,-0.006,-0.154,-0.014,0.57,1.521
2023-07-01T11:15:00Z,1.124,-0.006,-0.347,-0.014,0.571,1.328
2023-07-01T11:30:00Z,1.124,-0.006,-0.168,-0.014,0.571,1.507
2023-07-01T11:45:00Z,1.124,-0.006,-0.344,-0.014,0.706,1.467
2023-07-01T12:00:00Z,1.956,-0.688,-0.696,-0.341,0.991,1.223
2023-07-01T12:15:00Z,1.956,-0.688,-1.133,-0.341,0.991,0.786
2023-07-01T12:30:00Z,1.956,-0.688,-1.271,-0.341,0.992,0.648
2023-07-01T12:45:00Z,1.956,-0.688,-1.157,-0.341,0.992,0.763
2023-07-01T13:00:00Z,1.35,-0.596,-1.104,-0.525,0.996,0.121
2023-07-01T13:15:00Z,1.35,-0.596,-1.079,-0.525,0.996,0.146
2023-07-01T13:30:00Z,1.35,-0.596,-1.319,-0.525,0.995,-0.095
2023-07-01T13:45:00Z,1.35,-0.596,-1.333,-0.525,0.996,-0.108
2023-07-01T14:00:00Z,0.848,-0.605,-1.212,-0.323,0.995,-0.297
2023-07-01T14:15:00Z,0.848,-0.605,-1.109,-0.323,0.996,-0.194
2023-07-01T14:30:00Z,0.848,-0.605,-1.07,-0.323,0.996,-0.155
2023-07-01T14:45:00Z,0.848,-0.605,-1.069,-0.323,1.015,-0.134
2023-07-01T15:00:00Z,0.997,-0.515,-1.146,0.011,1.054,0.401
2023-07-01T15:15:00Z,0.997,-0.515,-1,0.011,1.054,0.547
2023-07-01T15:30:00Z,0.997,-0.515,-0.831,0.011,1.054,0.715
2023-07-01T15:45:00Z,0.997,-0.515,-0.765,0.011,1.054,0.782
2023-07-01T16:00:00Z,0.547,0.155,-1.017,0.303,1.054,1.041
2023-07-01T16:15:00Z,0.547,0.155,-0.953,0.303,1.054,1.105
2023-07-01T16:30:00Z,0.547,0.155,-0.836,0.303,1.054,1.223
2023-07-01T16:45:00Z,0.547,0.155,-0.737,0.303,1.053,1.32
2023-07-01T17:00:00Z,0.183,0.686,-0.552,0.6,0.996,1.914
2023-07-01T17:15:00Z,0.183,0.686,-0.25,0.6,0.995,2.215
2023-07-01T17:30:00Z,0.183,0.686,-0.185,0.6,0.995,2.279
2023-07-01T17:45:00Z,0.183,0.686,-0.083,0.6,0.995,2.382
2023-07-01T18:00:00Z,0.74,0.7,-0.106,0.623,0.995,2.952
2023-07-01T18:15:00Z,0.74,0.7,-0.01,0.623,0.995,3.048
2023-07-01T18:30:00Z,0.74,0.7,0.046,0.623,0.995,3.104
2023-07-01T18:45:00Z,0.74,0.7,0.114,0.623,0.994,3.171
2023-07-01T19:00:00Z,0.598,0.7,0.404,0.623,0.879,3.203
2023-07-01T19:15:00Z,0.598,0.7,0.478,0.623,0.879,3.278
2023-07-01T19:30:00Z,0.598,0.7,0.555,0.623,0.879,3.354
2023-07-01T19:45:00Z,0.598,0.7,0.544,0.623,0.878,3.343
2023-07-01T20:00:00Z,0.302,0.7,0.696,0.623,0.559,2.88
2023-07-01T20:15:00Z,0.302,0.7,0.887,0.623,0.56,3.072
2023-07-01T20:30:00Z,0.302,0.7,1.093,0.623,0.56,3.278
2023-07-01T20:45:00Z,0.302,0.7,1.034,0.623,0.559,3.219
2023-07-01T21:00:00Z,0.723,0.7,0.619,0.623,0.403,3.068
2023-07-01T21:15:00Z,0.723,0.7,0.582,0.623,0.403,3.031
2023-07-01T21:30:00Z,0.723,0.7,0.591,0.623,0.402,3.039
2023-07-01T21:45:00Z,0.723,0.7,0.688,0.623,0.405,3.139
2023-07-01T22:00:00Z,0.714,0.699,0.49,0.623,0.409,2.935
2023-07-01T22:15:00Z,0.714,0.699,0.501,0.623,0.409,2.946
2023-07-01T22:30:00Z,0.714,0.699,0.311,0.623,0.409,2.756
2023-07-01T22:45:00Z,0.714,0.699,0.347,0.623,0.43,2.813
2023-07-01T23:00:00Z,0.524,0.663,0.121,0.609,0.471,2.389
2023-07-01T23:15:00Z,0.524,0.663,0.111,0.609,0.471,2.379
2023-07-01T23:30:00Z,0.524,0.663,0.095,0.609,0.472,2.363
2023-07-01T23:45:00Z,0.524,0.663,0.153,0.609,0.611,2.561
2023-07-02T00:00:00Z,0.056,0.694,0.241,0.309,0.876,2.175
2023-07-02T00:15:00Z,0.056,0.694,0.016,0.309,0.877,1.951
2023-07-02T00:30:00Z,0.056,0.694,-0.034,0.309,0.877,1.901
2023-07-02T00:45:00Z,0.056,0.694,0.062,0.309,0.75,1.87
2023-07-02T01:00:00Z,0.526,0.624,-0.026,-0.01,0.499,1.613
2023-07-02T01:15:00Z,0.526,0.624,-0.083,-0.01,0.5,1.557
2023-07-02T01:30:00Z,0.526,0.624,-0.141,-0.01,0.499,1.498
2023-07-02T01:45:00Z,0.526,0.624,-0.007,-0.01,0.568,1.701
2023-07-02T02:00:00Z,0.68,0.107,-0.146,-0.31,0.904,1.235
2023-07-02T02:15:00Z,0.68,0.107,-0.193,-0.31,0.904,1.187
2023-07-02T02:30:00Z,0.68,0.107,-0.137,-0.31,0.904,1.243
2023-07-02T02:45:00Z,0.68,0.107,-0.231,-0.31,0.917,1.163
2023-07-02T03:00:00Z,0.272,0.292,-0.372,-0.387,0.975,0.781
2023-07-02T03:15:00Z,0.272,0.292,-0.381,-0.387,0.975,0.772
2023-07-02T03:30:00Z,0.272,0.292,-0.131,-0.387,0.975,1.022
2023-07-02T03:45:00Z,0.272,0.292,-0.135,-0.387,0.979,1.022
2023-07-02T04:00:00Z,-0.048,0.147,0.114,-0.614,0.995,0.594
2023-07-02T04:15:00Z,-0.048,0.147,0.05,-0.614,0.995,0.529
2023-07-02T04:30:00Z,-0.048,0.147,-0.055,-0.614,0.995,0.424
2023-07-02T04:45:00Z,-0.048,0.147,-0.201,-0.614,0.995,0.279
2023-07-02T05:00:00Z,-0.435,-0.011,-0.373,-0.648,0.887,-0.58
2023-07-02T05:15:00Z,-0.435,-0.011,-0.697,-0.648,0.886,-0.905
2023-07-02T05:30:00Z,-0.435,-0.011,-0.745,-0.648,0.886,-0.953
2023-07-02T05:45:00Z,-0.435,-0.011,-0.695,-0.648,0.461,-1.328
2023-07-02T06:00:00Z,-0.281,-0.556,-1.079,-0.648,-0.147,-2.711
2023-07-02T06:15:00Z,-0.281,-0.556,-1.393,-0.648,-0.146,-3.025
2023-07-02T06:30:00Z,-0.281,-0.556,-1.479,-0.648,-0.147,-3.11
2023-07-02T06:45:00Z,-0.281,-0.556,-1.458,-0.648,-0.171,-3.114
2023-07-02T07:00:00Z,-0.783,-0.697,-1.073,-0.649,-0.288,-3.49
2023-07-02T07:15:00Z,-0.783,-0.697,-1.18,-0.649,-0.287,-3.596
2023-07-02T07:30:00Z,-0.783,-0.697,-1.133,-0.649,-0.287,-3.549
2023-07-02T07:45:00Z,-0.783,-0.697,-1.121,-0.649,-0.294,-3.544
2023-07-02T08:00:00Z,-1.623,-0.697,-0.902,-0.649,-0.309,-4.18
2023-07-02T08:15:00Z,-1.623,-0.697,-0.893,-0.649,-0.309,-4.172
2023-07-02T08:30:00Z,-1.623,-0.697,-1.091,-0.649,-0.31,-4.37
2023-07-02T08:45:00Z,-1.623,-0.697,-1.128,-0.649,-0.42,-4.518
2023-07-02T09:00:00Z,-1.521,-0.694,-0.89,-0.65,-0.983,-4.739
2023-07-02T09:15:00Z,-1.521,-0.694,-0.932,-0.65,-0.982,-4.78
2023-07-02T09:30:00Z,-1.521,-0.694,-1.159,-0.65,-0.983,-5.007
2023-07-02T09:45:00Z,-1.521,-0.694,-1.263,-0.65,-0.983,-5.111
2023-07-02T10:00:00Z,-1.583,-0.697,-1.454,-0.65,-0.978,-5.362
2023-07-02T10:15:00Z,-1.583,-0.697,-1.6,-0.65,-0.977,-5.507
2023-07-02T10:30:00Z,-1.583,-0.697,-1.474,-0.65,-0.977,-5.382
2023-07-02T10:45:00Z,-1.583,-0.697,-1.647,-0.65,-0.986,-5.562
2023-07-02T11:00:00Z,-0.92,-0.696,-1.85,-0.65,-1.025,-5.141
2023-07-02T11:15:00Z,-0.92,-0.696,-2.138,-0.65,-1.025,-5.428
2023-07-02T11:30:00Z,-0.92,-0.696,-2.286,-0.65,-1.025,-5.577
2023-07-02T11:45:00Z,-0.92,-0.696,-2.28,-0.65,-1.045,-5.592
2023-07-02T12:00:00Z,-0.924,-0.666,-1.952,-0.65,-1.086,-5.277
2023-07-02T12:15:00Z,-0.924,-0.666,-1.809,-0.65,-1.086,-5.134
2023-07-02T12:30:00Z,-0.924,-0.666,-1.81,-0.65,-1.086,-5.135
2023-07-02T12:45:00Z,-0.924,-0.666,-1.876,-0.65,-1.086,-5.201
2023-07-02T13:00:00Z,-0.825,-0.697,-1.512,-0.65,-1.086,-4.771
2023-07-02T13:15:00Z,-0.825,-0.697,-1.369,-0.65,-1.085,-4.627
2023-07-02T13:30:00Z,-0.825,-0.697,-1.114,-0.65,-1.086,-4.373
2023-07-02T13:45:00Z,-0.825,-0.697,-1.246,-0.65,-1.041,-4.46
2023-07-02T14:00:00Z,-0.658,-0.697,-1.386,-0.65,-0.627,-4.018
2023-07-02T14:15:00Z,-0.658,-0.697,-1.364,-0.65,-0.626,-3.995
2023-07-02T14:30:00Z,-0.658,-0.697,-1.433,-0.65,-0.626,-4.064
2023-07-02T14:45:00Z,-0.658,-0.697,-1.49,-0.65,-0.622,-4.118
2023-07-02T15:00:00Z,-0.235,-0.668,-0.56,-0.634,-0.615,-2.711
2023-07-02T15:15:00Z,-0.235,-0.668,-0.507,-0.634,-0.616,-2.659
2023-07-02T15:30:00Z,-0.235,-0.668,-0.444,-0.634,-0.615,-2.595
2023-07-02T15:45:00Z,-0.235,-0.668,-0.39,-0.634,-0.706,-2.633
2023-07-02T16:00:00Z,0.075,0.017,-0.588,-0.306,-0.888,-1.691
2023-07-02T16:15:00Z,0.075,0.017,-0.307,-0.306,-0.889,-1.411
2023-07-02T16:30:00Z,0.075,0.017,-0.302,-0.306,-0.889,-1.406
2023-07-02T16:45:00Z,0.075,0.017,-0.275,-0.306,-0.88,-1.369
2023-07-02T17:00:00Z,-0.349,0.682,-0.304,0.013,-0.837,-0.795
2023-07-02T17:15:00Z,-0.349,0.682,-0.147,0.013,-0.836,-0.637
2023-07-02T17:30:00Z,-0.349,0.682,-0.26,0.013,-0.836,-0.75
2023-07-02T17:45:00Z,-0.349,0.682,-0.293,0.013,-0.573,-0.52
2023-07-02T18:00:00Z,0.134,0.7,-0.341,0.327,-0.105,0.716
2023-07-02T18:15:00Z,0.134,0.7,-0.47,0.327,-0.106,0.586
2023-07-02T18:30:00Z,0.134,0.7,-0.48,0.327,-0.105,0.577
2023-07-02T18:45:00Z,0.134,0.7,-0.503,0.327,-0.07,0.588
2023-07-02T19:00:00Z,0.184,0.7,-0.462,0.623,0.101,1.146
2023-07-02T19:15:00Z,0.184,0.7,-0.541,0.623,0.101,1.067
2023-07-02T19:30:00Z,0.184,0.7,-0.397,0.623,0.101,1.211
2023-07-02T19:45:00Z,0.184,0.7,-0.348,0.623,0.068,1.226
2023-07-02T20:00:00Z,0.139,0.7,-0.183,0.623,-0.287,0.992
2023-07-02T20:15:00Z,0.139,0.7,-0.017,0.623,-0.286,1.159
2023-07-02T20:30:00Z,0.139,0.7,0.228,0.623,-0.287,1.403
2023-07-02T20:45:00Z,0.139,0.7,0.152,0.623,-0.192,1.422
2023-07-02T21:00:00Z,-0.414,0.7,0.213,0.623,-0.001,1.121
2023-07-02T21:15:00Z,-0.414,0.7,0.187,0.623,-0.001,1.095
2023-07-02T21:30:00Z,-0.414,0.7,0.202,0.623,-0.001,1.11
2023-07-02T21:45:00Z,-0.414,0.7,0.143,0.623,-0.001,1.051
2023-07-02T22:00:00Z,0.4,0.699,-0.671,0.622,0.463,1.513
2023-07-02T22:15:00Z,0.4,0.699,-0.908,0.622,0.463,1.276
2023-07-02T22:30:00Z,0.4,0.699,-1.15,0.622,0.463,1.034
2023-07-02T22:45:00Z,0.4,0.699,-1.061,0.622,0.478,1.138
2023-07-02T23:00:00Z,0.541,0.647,-0.976,0.602,0.507,1.321
2023-07-02T23:15:00Z,0.541,0.647,-1.004,0.602,0.507,1.294
2023-07-02T23:30:00Z,0.541,0.647,-0.868,0.602,0.508,1.43
2023-07-02T23:45:00Z,0.541,0.647,-0.816,0.602,0.466,1.439
2023-07-03T00:00:00Z,0.373,0.676,-0.648,0.529,0.25,1.18
2023-07-03T00:15:00Z,0.373,0.676,-0.666,0.529,0.25,1.162
2023-07-03T00:30:00Z,0.373,0.676,-0.767,0.529,0.25,1.061
2023-07-03T00:45:00Z,0.373,0.676,-0.706,0.529,0.405,1.276
2023-07-03T01:00:00Z,0.482,0.26,-0.542,0.277,0.686,1.164
2023-07-03T01:15:00Z,0.482,0.26,-0.666,0.277,0.686,1.04
2023-07-03T01:30:00Z,0.482,0.26,-0.683,0.277,0.686,1.022
2023-07-03T01:45:00Z,0.482,0.26,-0.709,0.277,0.701,1.011
2023-07-03T02:00:00Z,0.41,0.542,-0.783,0.327,0.77,1.267
2023-07-03T02:15:00Z,0.41,0.542,-0.674,0.327,0.77,1.376
2023-07-03T02:30:00Z,0.41,0.542,-0.635,0.327,0.77,1.414
2023-07-03T02:45:00Z,0.41,0.542,-0.802,0.327,0.846,1.323
2023-07-03T03:00:00Z,0.489,0.637,-1.323,0.612,0.995,1.41
2023-07-03T03:15:00Z,0.489,0.637,-1.285,0.612,0.995,1.448
2023-07-03T03:30:00Z,0.489,0.637,-1.322,0.612,0.995,1.411
2023-07-03T03:45:00Z,0.489,0.637,-1.376,0.612,0.995,1.357
2023-07-03T04:00:00Z,0.502,0.698,-1.534,0.623,0.994,1.283
2023-07-03T04:15:00Z,0.502,0.698,-1.599,0.623,0.996,1.219
2023-07-03T04:30:00Z,0.502,0.698,-1.59,0.623,0.996,1.229
2023-07-03T04:45:00Z,0.502,0.698,-1.579,0.623,0.846,1.09
2023-07-03T05:00:00Z,0.5,0.7,-1.047,0.603,0.101,0.856
2023-07-03T05:15:00Z,0.5,0.7,-1.044,0.603,0.101,0.859
2023-07-03T05:30:00Z,0.5,0.7,-1.192,0.603,0.101,0.712
2023-07-03T05:45:00Z,0.5,0.7,-1.049,0.603,0.068,0.821
2023-07-03T06:00:00Z,-0.504,0.7,-0.216,0.32,-0.565,-0.265
2023-07-03T06:15:00Z,-0.504,0.7,-0.214,0.32,-0.594,-0.293
2023-07-03T06:30:00Z,-0.504,0.7,-0.175,0.32,-0.594,-0.253
2023-07-03T06:45:00Z,-0.504,0.7,-0.194,0.32,-0.587,-0.266
2023-07-03T07:00:00Z,-1.16,0.7,0.401,0.058,-0.575,-0.576
2023-07-03T07:15:00Z,-1.16,0.7,0.403,0.058,-0.576,-0.575
2023-07-03T07:30:00Z,-1.16,0.7,0.214,0.058,-0.576,-0.764
2023-07-03T07:45:00Z,-1.16,0.7,0.327,0.058,-0.577,-0.652
2023-07-03T08:00:00Z,-1.118,0.69,0.272,-0.193,-0.993,-1.342
2023-07-03T08:15:00Z,-1.118,0.69,0.191,-0.193,-0.992,-1.421
2023-07-03T08:30:00Z,-1.118,0.69,-0.212,-0.193,-0.991,-1.824
2023-07-03T08:45:00Z,-1.118,0.69,-0.299,-0.193,-0.992,-1.911
2023-07-03T09:00:00Z,-0.477,0.269,-0.236,-0.415,-0.977,-1.835
2023-07-03T09:15:00Z,-0.477,0.269,-0.519,-0.415,-0.977,-2.119
2023-07-03T09:30:00Z,-0.477,0.269,-0.673,-0.415,-0.977,-2.272
2023-07-03T09:45:00Z,-0.477,0.269,-0.5,-0.415,-0.978,-2.1
2023-07-03T10:00:00Z,-0.416,0.02,-0.511,-0.472,-1.086,-2.464
2023-07-03T10:15:00Z,-0.416,0.02,-0.436,-0.472,-1.087,-2.391
2023-07-03T10:30:00Z,-0.416,0.02,-0.518,-0.472,-1.086,-2.472
2023-07-03T10:45:00Z,-0.416,0.02,-0.536,-0.472,-1.049,-2.453
2023-07-03T11:00:00Z,-0.304,-0.014,-0.879,-0.506,-0.878,-2.581
2023-07-03T11:15:00Z,-0.304,-0.014,-0.791,-0.506,-0.878,-2.493
2023-07-03T11:30:00Z,-0.304,-0.014,-0.823,-0.506,-0.879,-2.526
2023-07-03T11:45:00Z,-0.304,-0.014,-0.628,-0.506,-0.858,-2.309
2023-07-03T12:00:00Z,0.178,-0.671,-0.47,-0.648,-0.762,-2.373
2023-07-03T12:15:00Z,0.178,-0.671,-0.615,-0.648,-0.763,-2.519
2023-07-03T12:30:00Z,0.178,-0.671,-0.602,-0.648,-0.763,-2.505
2023-07-03T12:45:00Z,0.178,-0.671,-0.778,-0.648,-0.734,-2.653
2023-07-03T13:00:00Z,0.338,-0.337,-0.49,-0.635,-0.602,-1.725
2023-07-03T13:15:00Z,0.338,-0.337,-0.323,-0.635,-0.602,-1.559
2023-07-03T13:30:00Z,0.338,-0.337,-0.618,-0.635,-0.602,-1.854
2023-07-03T13:45:00Z,0.338,-0.337,-0.619,-0.635,-0.606,-1.858
2023-07-03T14:00:00Z,0.329,0.322,-0.919,-0.319,-0.623,-1.21
2023-07-03T14:15:00Z,0.329,0.322,-0.96,-0.319,-0.622,-1.25
2023-07-03T14:30:00Z,0.329,0.322,-1.068,-0.319,-0.623,-1.359
2023-07-03T14:45:00Z,0.329,0.322,-1.01,-0.319,-0.648,-1.326
2023-07-03T15:00:00Z,0.233,0.624,-1.649,0.011,-0.765,-1.546
2023-07-03T15:15:00Z,0.233,0.624,-1.425,0.011,-0.765,-1.322
2023-07-03T15:30:00Z,0.233,0.624,-1.424,0.011,-0.765,-1.322
2023-07-03T15:45:00Z,0.233,0.624,-1.542,0.011,-0.809,-1.484
2023-07-03T16:00:00Z,0.392,0.698,-1.566,0.313,-1.024,-1.187
2023-07-03T16:15:00Z,0.392,0.698,-1.564,0.313,-1.025,-1.185
2023-07-03T16:30:00Z,0.392,0.698,-1.656,0.313,-1.025,-1.278
2023-07-03T16:45:00Z,0.392,0.698,-1.455,0.313,-1.024,-1.076
2023-07-03T17:00:00Z,0.419,0.7,-1.775,0.611,-1.022,-1.068
2023-07-03T17:15:00Z,0.419,0.7,-1.872,0.611,-1.023,-1.166
2023-07-03T17:30:00Z,0.419,0.7,-2.109,0.611,-1.022,-1.401
2023-07-03T17:45:00Z,0.419,0.7,-2.507,0.611,-0.907,-1.685
2023-07-03T18:00:00Z,0.604,0.7,-2.563,0.623,-0.331,-0.967
2023-07-03T18:15:00Z,0.604,0.7,-2.428,0.623,-0.332,-0.833
2023-07-03T18:30:00Z,0.604,0.7,-2.494,0.623,-0.331,-0.898
2023-07-03T18:45:00Z,0.604,0.7,-2.484,0.623,-0.331,-0.888
2023-07-03T19:00:00Z,0.754,0.7,-2.172,0.623,-0.254,-0.349
2023-07-03T19:15:00Z,0.754,0.7,-2.2,0.623,-0.254,-0.377
2023-07-03T19:30:00Z,0.754,0.7,-2.097,0.623,-0.253,-0.274
2023-07-03T19:45:00Z,0.754,0.7,-1.943,0.623,-0.266,-0.133
2023-07-03T20:00:00Z,0.464,0.7,-1.97,0.623,-0.326,-0.508
2023-07-03T20:15:00Z,0.464,0.7,-1.9,0.623,-0.326,-0.439
2023-07-03T20:30:00Z,0.464,0.7,-1.916,0.623,-0.326,-0.454
2023-07-03T20:45:00Z,0.464,0.7,-1.758,0.623,-0.326,-0.296
2023-07-03T21:00:00Z,-0.506,0.7,-1.396,0.623,-0.293,-0.873
2023-07-03T21:15:00Z,-0.506,0.7,-1.245,0.623,-0.294,-0.722
2023-07-03T21:30:00Z,-0.506,0.7,-1.015,0.623,-0.294,-0.492
2023-07-03T21:45:00Z,-0.506,0.7,-0.869,0.623,-0.196,-0.248
2023-07-03T22:00:00Z,-0.284,0.697,-1.279,0.623,0.442,0.2
2023-07-03T22:15:00Z,-0.284,0.697,-1.241,0.623,0.441,0.237
2023-07-03T22:30:00Z,-0.284,0.697,-1.172,0.623,0.442,0.307
2023-07-03T22:45:00Z,-0.284,0.697,-1.078,0.623,0.542,0.502
2023-07-03T23:00:00Z,0.044,0.583,-0.857,0.613,0.742,1.125
2023-07-03T23:15:00Z,0.044,0.583,-0.752,0.613,0.742,1.229
2023-07-03T23:30:00Z,0.044,0.583,-0.699,0.613,0.742,1.282
2023-07-03T23:45:00Z,0.044,0.583,-0.6,0.613,0.78,1.419
2023-07-04T00:00:00Z,0.214,0.515,-0.516,0.377,0.855,1.445
2023-07-04T00:15:00Z,0.214,0.515,-0.66,0.377,0.855,1.301
2023-07-04T00:30:00Z,0.214,0.515,-0.719,0.377,0.854,1.241
2023-07-04T00:45:00Z,0.214,0.515,-0.658,0.377,0.873,1.321
2023-07-04T01:00:00Z,0.167,0.464,-0.498,0.348,0.907,1.388
2023-07-04T01:15:00Z,0.167,0.464,-0.498,0.348,0.907,1.388
2023-07-04T01:30:00Z,0.167,0.464,-0.507,0.348,0.907,1.379
2023-07-04T01:45:00Z,0.167,0.464,-0.546,0.348,0.923,1.356
2023-07-04T02:00:00Z,0.151,0.693,-0.625,0.43,0.952,1.601
2023-07-04T02:15:00Z,0.151,0.693,-0.629,0.43,0.952,1.597
2023-07-04T02:30:00Z,0.151,0.693,-0.549,0.43,0.952,1.678
2023-07-04T02:45:00Z,0.151,0.693,-0.596,0.43,0.953,1.631
2023-07-04T03:00:00Z,0.42,0.7,-1.103,0.623,0.91,1.549
2023-07-04T03:15:00Z,0.42,0.7,-1.22,0.623,0.909,1.431
2023-07-04T03:30:00Z,0.42,0.7,-1.255,0.623,0.908,1.395
2023-07-04T03:45:00Z,0.42,0.7,-1.373,0.623,0.909,1.278
2023-07-04T04:00:00Z,1.213,0.7,-1.688,0.623,0.857,1.705
2023-07-04T04:15:00Z,1.213,0.7,-2.079,0.623,0.856,1.314
2023-07-04T04:30:00Z,1.213,0.7,-2.145,0.623,0.857,1.247
2023-07-04T04:45:00Z,1.213,0.7,-1.967,0.623,0.62,1.189
2023-07-04T05:00:00Z,0.206,0.7,-0.742,0.611,0.102,0.876
2023-07-04T05:15:00Z,0.206,0.7,-0.632,0.611,0.102,0.986
2023-07-04T05:30:00Z,0.206,0.7,-0.593,0.611,0.101,1.025
2023-07-04T05:45:00Z,0.206,0.7,-0.477,0.611,0.067,1.107
2023-07-04T06:00:00Z,-0.399,0.7,0.214,0.331,-0.602,0.243
2023-07-04T06:15:00Z,-0.399,0.7,0.286,0.331,-0.649,0.268
2023-07-04T06:30:00Z,-0.399,0.7,0.205,0.331,-0.65,0.186
2023-07-04T06:45:00Z,-0.399,0.7,0.383,0.331,-0.775,0.239
2023-07-04T07:00:00Z,-1.3,0.7,0.877,0.214,-1.025,-0.534
2023-07-04T07:15:00Z,-1.3,0.7,0.826,0.214,-1.025,-0.585
2023-07-04T07:30:00Z,-1.3,0.7,0.787,0.214,-1.025,-0.624
2023-07-04T07:45:00Z,-1.3,0.7,0.817,0.214,-0.854,-0.423
2023-07-04T08:00:00Z,-1.78,0.7,0.57,-0.012,-0.51,-1.032
2023-07-04T08:15:00Z,-1.78,0.7,0.675,-0.012,-0.51,-0.926
2023-07-04T08:30:00Z,-1.78,0.7,0.502,-0.012,-0.511,-1.101
2023-07-04T08:45:00Z,-1.78,0.7,0.4,-0.012,-0.51,-1.202
2023-07-04T09:00:00Z,-2.168,0.7,0.569,-0.284,-0.51,-1.693
2023-07-04T09:15:00Z,-2.168,0.7,0.375,-0.284,-0.51,-1.887
2023-07-04T09:30:00Z,-2.168,0.7,0.278,-0.284,-0.51,-1.984
2023-07-04T09:45:00Z,-2.168,0.7,0.274,-0.284,-0.512,-1.99
2023-07-04T10:00:00Z,-2.112,0.691,0.195,-0.461,-1.022,-2.709
2023-07-04T10:15:00Z,-2.112,0.691,0.267,-0.461,-1.025,-2.639
2023-07-04T10:30:00Z,-2.112,0.691,0.073,-0.461,-1.025,-2.834
2023-07-04T10:45:00Z,-2.112,0.691,0.04,-0.461,-1.025,-2.867
2023-07-04T11:00:00Z,-2.138,0.345,-0.027,-0.602,-1.025,-3.447
2023-07-04T11:15:00Z,-2.138,0.345,-0.027,-0.602,-1.025,-3.447
2023-07-04T11:30:00Z,-2.138,0.345,0.023,-0.602,-1.025,-3.396
2023-07-04T11:45:00Z,-2.138,0.345,0.035,-0.602,-1.025,-3.384
2023-07-04T12:00:00Z,-1.925,0.38,0.199,-0.276,-1.025,-2.647
2023-07-04T12:15:00Z,-1.925,0.38,0.116,-0.276,-1.025,-2.73
2023-07-04T12:30:00Z,-1.925,0.38,-0,-0.276,-1.025,-2.847
2023-07-04T12:45:00Z,-1.925,0.38,0.161,-0.276,-1.025,-2.684
2023-07-04T13:00:00Z,-1.642,0.578,0.254,0.013,-1.025,-1.822
2023-07-04T13:15:00Z,-1.642,0.578,0.389,0.013,-1.025,-1.687
2023-07-04T13:30:00Z,-1.642,0.578,0.388,0.013,-1.025,-1.688
2023-07-04T13:45:00Z,-1.642,0.578,0.442,0.013,-1.025,-1.634
2023-07-04T14:00:00Z,-1.132,0.608,0.618,0.336,-1.025,-0.594
2023-07-04T14:15:00Z,-1.132,0.608,0.596,0.336,-1.026,-0.617
2023-07-04T14:30:00Z,-1.132,0.608,0.765,0.336,-1.026,-0.449
2023-07-04T14:45:00Z,-1.132,0.608,1.057,0.336,-0.932,-0.063
2023-07-04T15:00:00Z,-0.755,0.698,0.933,0.623,-0.472,1.027
2023-07-04T15:15:00Z,-0.755,0.698,1.01,0.623,-0.472,1.104
2023-07-04T15:30:00Z,-0.755,0.698,1.05,0.623,-0.473,1.144
2023-07-04T15:45:00Z,-0.755,0.698,1.026,0.623,-0.474,1.119
2023-07-04T16:00:00Z,-0.423,0.7,1.389,0.623,-0.58,1.709
2023-07-04T16:15:00Z,-0.423,0.7,1.416,0.623,-0.58,1.737
2023-07-04T16:30:00Z,-0.423,0.7,1.262,0.623,-0.58,1.582
2023-07-04T16:45:00Z,-0.423,0.7,1.081,0.623,-0.362,1.619
2023-07-04T17:00:00Z,0.513,0.7,-0.087,0.623,0.765,2.514
2023-07-04T17:15:00Z,0.513,0.7,-0.123,0.623,0.897,2.61
2023-07-04T17:30:00Z,0.513,0.7,-0.236,0.623,0.897,2.497
2023-07-04T17:45:00Z,0.513,0.7,-0.245,0.623,0.929,2.521
2023-07-04T18:00:00Z,1.067,0.7,-0.411,0.623,0.996,2.975
2023-07-04T18:15:00Z,1.067,0.7,-0.4,0.623,0.996,2.986
2023-07-04T18:30:00Z,1.067,0.7,-0.376,0.623,0.995,3.009
2023-07-04T18:45:00Z,1.067,0.7,-0.443,0.623,0.995,2.942
2023-07-04T19:00:00Z,1.433,0.693,-0.844,0.623,0.995,2.901
2023-07-04T19:15:00Z,1.433,0.693,-0.934,0.623,0.996,2.811
2023-07-04T19:30:00Z,1.433,0.693,-0.948,0.623,0.995,2.797
2023-07-04T19:45:00Z,1.433,0.693,-0.936,0.623,0.996,2.81
2023-07-04T20:00:00Z,0.996,0.417,-0.474,0.624,0.837,2.399
2023-07-04T20:15:00Z,0.996,0.417,-0.655,0.624,0.837,2.219
2023-07-04T20:30:00Z,0.996,0.417,-0.64,0.624,0.837,2.234
2023-07-04T20:45:00Z,0.996,0.417,-0.721,0.624,0.657,1.972
2023-07-04T21:00:00Z,1.508,0.376,-1.124,0.622,0.101,1.483
2023-07-04T21:15:00Z,1.508,0.376,-1.378,0.622,0.102,1.23
2023-07-04T21:30:00Z,1.508,0.376,-1.391,0.622,0.101,1.217
2023-07-04T21:45:00Z,1.508,0.376,-1.457,0.622,0.068,1.117
2023-07-04T22:00:00Z,0.472,0.472,-0.14,0.599,-0.427,0.975
2023-07-04T22:15:00Z,0.472,0.472,-0.521,0.599,-0.427,0.594
2023-07-04T22:30:00Z,0.472,0.472,-0.54,0.599,-0.426,0.576
2023-07-04T22:45:00Z,0.472,0.472,-0.243,0.599,-0.45,0.849
2023-07-04T23:00:00Z,0.215,-0.058,-0.371,0.598,-0.496,-0.112
2023-07-04T23:15:00Z,0.215,-0.058,-0.717,0.598,-0.497,-0.459
2023-07-04T23:30:00Z,0.215,-0.058,-0.495,0.598,-0.496,-0.236
2023-07-04T23:45:00Z,0.215,-0.058,-0.38,0.598,-0.368,0.007
2023-07-05T00:00:00Z,0.357,-0.699,0.016,0.29,-0.105,-0.141
2023-07-05T00:15:00Z,0.357,-0.699,0.144,0.29,-0.105,-0.012
2023-07-05T00:30:00Z,0.357,-0.699,0.155,0.29,-0.104,-0.001
2023-07-05T00:45:00Z,0.357,-0.699,0.191,0.29,-0.106,0.033
2023-07-05T01:00:00Z,0.482,-0.673,0.113,0,-0.105,-0.183
2023-07-05T01:15:00Z,0.482,-0.673,0.059,0,-0.106,-0.237
2023-07-05T01:30:00Z,0.482,-0.673,0.006,0,-0.106,-0.29
2023-07-05T01:45:00Z,0.482,-0.673,-0.19,0,-0.105,-0.486
2023-07-05T02:00:00Z,0.704,-0.074,-0.498,0.007,-0.61,-0.471
2023-07-05T02:15:00Z,0.704,-0.074,-0.581,0.007,-0.614,-0.557
2023-07-05T02:30:00Z,0.704,-0.074,-0.442,0.007,-0.614,-0.418
2023-07-05T02:45:00Z,0.704,-0.074,-0.322,0.007,-0.591,-0.276
2023-07-05T03:00:00Z,0.834,0.532,-1.731,0.157,-0.476,-0.684
2023-07-05T03:15:00Z,0.834,0.532,-1.73,0.157,-0.475,-0.683
2023-07-05T03:30:00Z,0.834,0.532,-1.733,0.157,-0.476,-0.686
2023-07-05T03:45:00Z,0.834,0.532,-1.664,0.157,-0.394,-0.535
2023-07-05T04:00:00Z,-0.037,-0.129,-0.586,0.209,-0.232,-0.775
2023-07-05T04:15:00Z,-0.037,-0.129,-0.571,0.209,-0.232,-0.759
2023-07-05T04:30:00Z,-0.037,-0.129,-0.578,0.209,-0.232,-0.766
2023-07-05T04:45:00Z,-0.037,-0.129,-0.26,0.209,-0.306,-0.521
2023-07-05T05:00:00Z,-0.106,-0.191,-0.434,0.508,-0.669,-0.892
2023-07-05T05:15:00Z,-0.106,-0.191,-0.324,0.508,-0.669,-0.782
2023-07-05T05:30:00Z,-0.106,-0.191,-0.227,0.508,-0.67,-0.685
2023-07-05T05:45:00Z,-0.106,-0.191,-0.113,0.508,-0.669,-0.571
2023-07-05T06:00:00Z,-0.785,-0.006,0.237,0.61,-0.877,-0.821
2023-07-05T06:15:00Z,-0.785,-0.006,0.597,0.61,-0.876,-0.46
2023-07-05T06:30:00Z,-0.785,-0.006,0.8,0.61,-0.876,-0.257
2023-07-05T06:45:00Z,-0.785,-0.006,0.972,0.61,-0.91,-0.119
2023-07-05T07:00:00Z,-0.872,0.652,1.129,0.301,-0.974,0.236
2023-07-05T07:15:00Z,-0.872,0.652,1.2,0.301,-0.975,0.306
2023-07-05T07:30:00Z,-0.872,0.652,1.275,0.301,-0.974,0.382
2023-07-05T07:45:00Z,-0.872,0.652,1.125,0.301,-0.991,0.215
2023-07-05T08:00:00Z,-0.613,0.538,0.997,-0.013,-1.025,-0.117
2023-07-05T08:15:00Z,-0.613,0.538,0.678,-0.013,-1.025,-0.435
2023-07-05T08:30:00Z,-0.613,0.538,0.578,-0.013,-1.025,-0.535
2023-07-05T08:45:00Z,-0.613,0.538,0.693,-0.013,-1.025,-0.421
2023-07-05T09:00:00Z,-0.36,0.04,0.653,-0.334,-1.025,-1.026
2023-07-05T09:15:00Z,-0.36,0.04,0.281,-0.334,-1.025,-1.398
2023-07-05T09:30:00Z,-0.36,0.04,0.366,-0.334,-1.025,-1.314
2023-07-05T09:45:00Z,-0.36,0.04,0.208,-0.334,-1.025,-1.471
2023-07-05T10:00:00Z,-1.049,-0.474,0.639,-0.648,-1.025,-2.558
2023-07-05T10:15:00Z,-1.049,-0.474,0.558,-0.648,-1.025,-2.639
2023-07-05T10:30:00Z,-1.049,-0.474,0.738,-0.648,-1.025,-2.458
2023-07-05T10:45:00Z,-1.049,-0.474,0.566,-0.648,-1.025,-2.631
2023-07-05T11:00:00Z,-0.908,-0.613,0.352,-0.65,-1.025,-2.844
2023-07-05T11:15:00Z,-0.908,-0.613,0.213,-0.65,-1.025,-2.982
2023-07-05T11:30:00Z,-0.908,-0.613,0.046,-0.65,-1.025,-3.15
2023-07-05T11:45:00Z,-0.908,-0.613,-0.05,-0.65,-1.025,-3.245
2023-07-05T12:00:00Z,-0.763,-0.685,0.556,-0.65,-1.025,-2.568
2023-07-05T12:15:00Z,-0.763,-0.685,0.63,-0.65,-1.025,-2.492
2023-07-05T12:30:00Z,-0.763,-0.685,0.583,-0.65,-1.025,-2.54
2023-07-05T12:45:00Z,-0.763,-0.685,0.282,-0.65,-1.025,-2.841
2023-07-05T13:00:00Z,-0.576,-0.392,-0.048,-0.649,-1.025,-2.69
2023-07-05T13:15:00Z,-0.576,-0.392,-0.081,-0.649,-1.025,-2.723
2023-07-05T13:30:00Z,-0.576,-0.392,0.128,-0.649,-1.024,-2.513
2023-07-05T13:45:00Z,-0.576,-0.392,0.087,-0.649,-1.024,-2.554
2023-07-05T14:00:00Z,-0.684,0.044,0.232,-0.609,-1.025,-2.043
2023-07-05T14:15:00Z,-0.684,0.044,0.144,-0.609,-1.025,-2.131
2023-07-05T14:30:00Z,-0.684,0.044,0.115,-0.609,-1.025,-2.159
2023-07-05T14:45:00Z,-0.684,0.044,0.237,-0.609,-1.025,-2.038
2023-07-05T15:00:00Z,-1.469,0.652,0.346,-0.287,-1.025,-1.783
2023-07-05T15:15:00Z,-1.469,0.652,0.621,-0.287,-1.024,-1.507
2023-07-05T15:30:00Z,-1.469,0.652,0.563,-0.287,-1.025,-1.565
2023-07-05T15:45:00Z,-1.469,0.652,0.666,-0.287,-1.025,-1.463
2023-07-05T16:00:00Z,-1.319,0.458,0.572,0.013,-1.025,-1.3
2023-07-05T16:15:00Z,-1.319,0.458,0.735,0.013,-1.025,-1.138
2023-07-05T16:30:00Z,-1.319,0.458,0.567,0.013,-1.025,-1.305
2023-07-05T16:45:00Z,-1.319,0.458,0.698,0.013,-0.964,-1.112
2023-07-05T17:00:00Z,-1.254,0.683,0.443,0.328,-0.839,-0.639
2023-07-05T17:15:00Z,-1.254,0.683,0.664,0.328,-0.839,-0.417
2023-07-05T17:30:00Z,-1.254,0.683,0.356,0.328,-0.84,-0.726
2023-07-05T17:45:00Z,-1.254,0.683,0.39,0.328,-0.854,-0.707
2023-07-05T18:00:00Z,-0.506,0.7,0.151,0.623,-0.922,0.045
2023-07-05T18:15:00Z,-0.506,0.7,-0.046,0.623,-0.922,-0.152
2023-07-05T18:30:00Z,-0.506,0.7,-0.021,0.623,-0.922,-0.126
2023-07-05T18:45:00Z,-0.506,0.7,0.374,0.623,-0.925,0.266
2023-07-05T19:00:00Z,0.542,0.699,0.431,0.623,-1.022,1.273
2023-07-05T19:15:00Z,0.542,0.699,0.534,0.623,-1.023,1.375
2023-07-05T19:30:00Z,0.542,0.699,0.53,0.623,-1.022,1.371
2023-07-05T19:45:00Z,0.542,0.699,0.459,0.623,-1.002,1.32
2023-07-05T20:00:00Z,0.084,0.645,0.706,0.623,-0.898,1.16
2023-07-05T20:15:00Z,0.084,0.645,0.959,0.623,-0.899,1.412
2023-07-05T20:30:00Z,0.084,0.645,1.12,0.623,-0.898,1.574
2023-07-05T20:45:00Z,0.084,0.645,0.999,0.623,-0.841,1.51
2023-07-05T21:00:00Z,-0.137,0.637,0.747,0.623,-0.558,1.312
2023-07-05T21:15:00Z,-0.137,0.637,0.729,0.623,-0.559,1.293
2023-07-05T21:30:00Z,-0.137,0.637,0.669,0.623,-0.558,1.234
2023-07-05T21:45:00Z,-0.137,0.637,0.862,0.623,-0.477,1.508
2023-07-05T22:00:00Z,-0.681,0.698,0.72,0.623,-0.316,1.044
2023-07-05T22:15:00Z,-0.681,0.698,0.814,0.623,-0.315,1.138
2023-07-05T22:30:00Z,-0.681,0.698,0.737,0.623,-0.316,1.062
2023-07-05T22:45:00Z,-0.681,0.698,0.55,0.623,-0.28,0.909
2023-07-05T23:00:00Z,-0.392,0.7,0.017,0.623,-0.113,0.835
2023-07-05T23:15:00Z,-0.392,0.7,0.039,0.623,-0.113,0.857
2023-07-05T23:30:00Z,-0.392,0.7,0.167,0.623,-0.113,0.985
2023-07-05T23:45:00Z,-0.392,0.7,0.152,0.623,-0.076,1.006
2023-07-06T00:00:00Z,-0.196,0.7,-0.049,0.623,-0.001,1.076
2023-07-06T00:15:00Z,-0.196,0.7,-0.06,0.623,-0.001,1.066
2023-07-06T00:30:00Z,-0.196,0.7,-0.105,0.623,-0.001,1.021
2023-07-06T00:45:00Z,-0.196,0.7,-0.283,0.623,-0.001,0.842
2023-07-06T01:00:00Z,-0.211,0.7,-0.288,0.623,0.231,1.054
2023-07-06T01:15:00Z,-0.211,0.7,-0.326,0.623,0.231,1.016
2023-07-06T01:30:00Z,-0.211,0.7,-0.329,0.623,0.231,1.014
2023-07-06T01:45:00Z,-0.211,0.7,-0.317,0.623,0.26,1.055
2023-07-06T02:00:00Z,-0.071,0.7,-0.368,0.623,0.408,1.292
2023-07-06T02:15:00Z,-0.071,0.7,-0.545,0.623,0.409,1.116
2023-07-06T02:30:00Z,-0.071,0.7,-0.698,0.623,0.408,0.963
2023-07-06T02:45:00Z,-0.071,0.7,-0.728,0.623,0.448,0.971
2023-07-06T03:00:00Z,0.363,0.7,-1.462,0.623,0.637,0.861
2023-07-06T03:15:00Z,0.363,0.7,-1.55,0.623,0.636,0.773
2023-07-06T03:30:00Z,0.363,0.7,-1.749,0.623,0.637,0.574
2023-07-06T03:45:00Z,0.363,0.7,-1.883,0.623,0.637,0.441
2023-07-06T04:00:00Z,0.562,0.7,-2.073,0.623,0.635,0.447
2023-07-06T04:15:00Z,0.562,0.7,-2.078,0.623,0.635,0.442
2023-07-06T04:30:00Z,0.562,0.7,-2.029,0.623,0.635,0.491
2023-07-06T04:45:00Z,0.562,0.7,-1.942,0.623,0.634,0.578
2023-07-06T05:00:00Z,0.808,0.7,-2.053,0.623,0.209,0.288
2023-07-06T05:15:00Z,0.808,0.7,-2.159,0.623,0.21,0.182
2023-07-06T05:30:00Z,0.808,0.7,-2.236,0.623,0.211,0.105
2023-07-06T05:45:00Z,0.808,0.7,-2.186,0.623,0.14,0.085
2023-07-06T06:00:00Z,0.171,0.7,-1.708,0.623,-0.556,-0.77
2023-07-06T06:15:00Z,0.171,0.7,-1.686,0.623,-0.58,-0.773
2023-07-06T06:30:00Z,0.171,0.7,-1.719,0.623,-0.58,-0.805
2023-07-06T06:45:00Z,0.171,0.7,-1.577,0.623,-0.765,-0.848
2023-07-06T07:00:00Z,-1.261,0.699,-0.804,0.62,-1.085,-1.831
2023-07-06T07:15:00Z,-1.261,0.699,-0.885,0.62,-1.086,-1.913
2023-07-06T07:30:00Z,-1.261,0.699,-0.875,0.62,-1.086,-1.903
2023-07-06T07:45:00Z,-1.261,0.699,-0.726,0.62,-1.076,-1.744
2023-07-06T08:00:00Z,-1.446,0.663,-0.227,0.545,-1.025,-1.49
2023-07-06T08:15:00Z,-1.446,0.663,-0.154,0.545,-1.025,-1.417
2023-07-06T08:30:00Z,-1.446,0.663,-0.788,0.545,-1.025,-2.051
2023-07-06T08:45:00Z,-1.446,0.663,-0.906,0.545,-1.026,-2.17
2023-07-06T09:00:00Z,-1.379,0.699,-0.863,0.324,-1.025,-2.244
2023-07-06T09:15:00Z,-1.379,0.699,-0.985,0.324,-1.025,-2.365
2023-07-06T09:30:00Z,-1.379,0.699,-1.095,0.324,-1.025,-2.476
2023-07-06T09:45:00Z,-1.379,0.699,-1.181,0.324,-1.026,-2.563
2023-07-06T10:00:00Z,-0.943,0.7,-1.322,0.003,-1.025,-2.587
2023-07-06T10:15:00Z,-0.943,0.7,-1.2,0.003,-1.025,-2.465
2023-07-06T10:30:00Z,-0.943,0.7,-1.33,0.003,-1.026,-2.597
2023-07-06T10:45:00Z,-0.943,0.7,-1.355,0.003,-1.027,-2.622
2023-07-06T11:00:00Z,-0.818,0.7,-1.508,0,-1.036,-2.662
2023-07-06T11:15:00Z,-0.818,0.7,-1.607,0,-1.036,-2.76
2023-07-06T11:30:00Z,-0.818,0.7,-1.727,0,-1.036,-2.881
2023-07-06T11:45:00Z,-0.818,0.7,-1.58,0,-1.045,-2.742
2023-07-06T12:00:00Z,-0.585,0.7,-1.82,0.01,-1.087,-2.781
2023-07-06T12:15:00Z,-0.585,0.7,-1.973,0.01,-1.086,-2.934
2023-07-06T12:30:00Z,-0.585,0.7,-1.991,0.01,-1.087,-2.952
2023-07-06T12:45:00Z,-0.585,0.7,-1.983,0.01,-1.085,-2.942
2023-07-06T13:00:00Z,-0.653,0.7,-1.958,0.292,-0.979,-2.597
2023-07-06T13:15:00Z,-0.653,0.7,-1.989,0.292,-0.978,-2.627
2023-07-06T13:30:00Z,-0.653,0.7,-2.069,0.292,-0.979,-2.708
2023-07-06T13:45:00Z,-0.653,0.7,-2.113,0.292,-0.892,-2.665
2023-07-06T14:00:00Z,-0.516,0.699,-2.372,0.588,-0.464,-2.066
2023-07-06T14:15:00Z,-0.516,0.699,-2.462,0.588,-0.464,-2.155
2023-07-06T14:30:00Z,-0.516,0.699,-2.616,0.588,-0.463,-2.309
2023-07-06T14:45:00Z,-0.516,0.699,-2.592,0.588,-0.463,-2.284
2023-07-06T15:00:00Z,0.832,0.632,-2.799,0.623,-0.168,-0.88
2023-07-06T15:15:00Z,0.832,0.632,-2.948,0.623,-0.168,-1.029
2023-07-06T15:30:00Z,0.832,0.632,-2.925,0.623,-0.168,-1.006
2023-07-06T15:45:00Z,0.832,0.632,-2.867,0.623,-0.197,-0.977
2023-07-06T16:00:00Z,0.801,0.09,-1.932,0.623,-0.326,-0.744
2023-07-06T16:15:00Z,0.801,0.09,-1.824,0.623,-0.327,-0.637
2023-07-06T16:30:00Z,0.801,0.09,-1.862,0.623,-0.327,-0.676
2023-07-06T16:45:00Z,0.801,0.09,-1.745,0.623,-0.218,-0.449
2023-07-06T17:00:00Z,1.251,0.083,-1.726,0.624,0.296,0.528
2023-07-06T17:15:00Z,1.251,0.083,-1.599,0.624,0.295,0.654
2023-07-06T17:30:00Z,1.251,0.083,-1.498,0.624,0.296,0.756
2023-07-06T17:45:00Z,1.251,0.083,-1.425,0.624,0.356,0.889
2023-07-06T18:00:00Z,1.65,0.361,-1.601,0.623,0.476,1.507
2023-07-06T18:15:00Z,1.65,0.361,-1.54,0.623,0.475,1.568
2023-07-06T18:30:00Z,1.65,0.361,-1.532,0.623,0.476,1.576
2023-07-06T18:45:00Z,1.65,0.361,-1.379,0.623,0.474,1.728
2023-07-06T19:00:00Z,1.802,0.337,-1.141,0.623,0.3,1.921
2023-07-06T19:15:00Z,1.802,0.337,-1.099,0.623,0.3,1.963
2023-07-06T19:30:00Z,1.802,0.337,-1.094,0.623,0.299,1.967
2023-07-06T19:45:00Z,1.802,0.337,-1.076,0.623,0.2,1.886
2023-07-06T20:00:00Z,2.006,0.68,-1.269,0.623,-0.001,2.039
2023-07-06T20:15:00Z,2.006,0.68,-1.262,0.623,-0.001,2.046
2023-07-06T20:30:00Z,2.006,0.68,-1.257,0.623,-0.001,2.051
2023-07-06T20:45:00Z,2.006,0.68,-1.157,0.623,-0.001,2.151
2023-07-06T21:00:00Z,1.983,0.257,-0.868,0.623,-0.001,1.994
2023-07-06T21:15:00Z,1.983,0.257,-0.985,0.623,-0.001,1.877
2023-07-06T21:30:00Z,1.983,0.257,-0.927,0.623,-0.001,1.936
2023-07-06T21:45:00Z,1.983,0.257,-1.112,0.623,-0.001,1.75
2023-07-06T22:00:00Z,1.794,0.336,-1.664,0.623,0.727,1.816
2023-07-06T22:15:00Z,1.794,0.336,-1.863,0.623,0.844,1.734
2023-07-06T22:30:00Z,1.794,0.336,-1.954,0.623,0.845,1.644
2023-07-06T22:45:00Z,1.794,0.336,-1.98,0.623,0.866,1.638
2023-07-06T23:00:00Z,1.728,0.017,-1.694,0.623,0.907,1.581
2023-07-06T23:15:00Z,1.728,0.017,-1.841,0.623,0.907,1.434
2023-07-06T23:30:00Z,1.728,0.017,-1.817,0.623,0.907,1.458
2023-07-06T23:45:00Z,1.728,0.017,-1.919,0.623,0.906,1.354
2023-07-07T00:00:00Z,1.596,0.239,-1.765,0.622,0.807,1.5
2023-07-07T00:15:00Z,1.596,0.239,-1.784,0.622,0.808,1.481
2023-07-07T00:30:00Z,1.596,0.239,-1.808,0.622,0.808,1.457
2023-07-07T00:45:00Z,1.596,0.239,-1.905,0.622,0.667,1.219
2023-07-07T01:00:00Z,2.256,0.033,-1.704,0.622,0.398,1.605
2023-07-07T01:15:00Z,2.256,0.033,-1.702,0.622,0.398,1.607
2023-07-07T01:30:00Z,2.256,0.033,-1.729,0.622,0.398,1.58
2023-07-07T01:45:00Z,2.256,0.033,-1.802,0.622,0.407,1.516
2023-07-07T02:00:00Z,2.092,0.072,-1.79,0.622,0.452,1.449
2023-07-07T02:15:00Z,2.092,0.072,-1.742,0.622,0.452,1.497
2023-07-07T02:30:00Z,2.092,0.072,-1.723,0.622,0.452,1.515
2023-07-07T02:45:00Z,2.092,0.072,-1.687,0.622,0.525,1.625
2023-07-07T03:00:00Z,1.939,-0.201,-1.564,0.621,0.669,1.464
2023-07-07T03:15:00Z,1.939,-0.201,-1.621,0.621,0.668,1.407
2023-07-07T03:30:00Z,1.939,-0.201,-1.822,0.621,0.669,1.206
2023-07-07T03:45:00Z,1.939,-0.201,-1.862,0.621,0.684,1.18
2023-07-07T04:00:00Z,1.668,-0.367,-1.928,0.603,0.755,0.73
2023-07-07T04:15:00Z,1.668,-0.367,-1.98,0.603,0.754,0.678
2023-07-07T04:30:00Z,1.668,-0.367,-2.078,0.603,0.754,0.581
2023-07-07T04:45:00Z,1.668,-0.367,-1.921,0.603,0.595,0.578
2023-07-07T05:00:00Z,0.994,-0.539,-1.908,0.615,0.111,-0.728
2023-07-07T05:15:00Z,0.994,-0.539,-2.016,0.615,0.11,-0.837
2023-07-07T05:30:00Z,0.994,-0.539,-2.099,0.615,0.111,-0.919
2023-07-07T05:45:00Z,0.994,-0.539,-2.084,0.615,0.11,-0.904
2023-07-07T06:00:00Z,0.223,-0.637,-1.3,0.444,-0.314,-1.585
2023-07-07T06:15:00Z,0.223,-0.637,-1.404,0.444,-0.321,-1.696
2023-07-07T06:30:00Z,0.223,-0.637,-1.427,0.444,-0.321,-1.718
2023-07-07T06:45:00Z,0.223,-0.637,-1.364,0.444,-0.25,-1.584
2023-07-07T07:00:00Z,0.077,-0.377,-1.889,0.21,-0.106,-2.085
2023-07-07T07:15:00Z,0.077,-0.377,-1.893,0.21,-0.106,-2.088
2023-07-07T07:30:00Z,0.077,-0.377,-1.909,0.21,-0.107,-2.106
2023-07-07T07:45:00Z,0.077,-0.377,-1.76,0.21,-0.106,-1.955
2023-07-07T08:00:00Z,-0.475,-0.272,-1.373,0.042,-0.426,-2.504
2023-07-07T08:15:00Z,-0.475,-0.272,-1.54,0.042,-0.426,-2.671
2023-07-07T08:30:00Z,-0.475,-0.272,-1.767,0.042,-0.425,-2.898
2023-07-07T08:45:00Z,-0.475,-0.272,-1.869,0.042,-0.512,-3.085
2023-07-07T09:00:00Z,-0.792,-0.023,-2.471,0.18,-0.682,-3.788
2023-07-07T09:15:00Z,-0.792,-0.023,-2.85,0.18,-0.683,-4.168
2023-07-07T09:30:00Z,-0.792,-0.023,-3.074,0.18,-0.683,-4.392
2023-07-07T09:45:00Z,-0.792,-0.023,-2.953,0.18,-0.797,-4.385
2023-07-07T10:00:00Z,-1.194,0.097,-2.815,0,-1.024,-4.936
2023-07-07T10:15:00Z,-1.194,0.097,-2.839,0,-1.023,-4.959
2023-07-07T10:30:00Z,-1.194,0.097,-2.834,0,-1.023,-4.953
2023-07-07T10:45:00Z,-1.194,0.097,-2.803,0,-0.998,-4.897
2023-07-07T11:00:00Z,-0.845,-0.323,-2.987,0,-0.946,-5.101
2023-07-07T11:15:00Z,-0.845,-0.323,-3.108,0,-0.946,-5.222
2023-07-07T11:30:00Z,-0.845,-0.323,-3.033,0,-0.946,-5.148
2023-07-07T11:45:00Z,-0.845,-0.323,-2.971,0,-0.946,-5.085
2023-07-07T12:00:00Z,-0.466,-0.452,-2.969,-0.013,-0.934,-4.834
2023-07-07T12:15:00Z,-0.466,-0.452,-3.024,-0.013,-0.934,-4.89
2023-07-07T12:30:00Z,-0.466,-0.452,-3.05,-0.013,-0.934,-4.915
2023-07-07T12:45:00Z,-0.466,-0.452,-2.905,-0.013,-0.933,-4.769
2023-07-07T13:00:00Z,-0.373,0.162,-2.848,-0.307,-0.873,-4.239
2023-07-07T13:15:00Z,-0.373,0.162,-2.733,-0.307,-0.873,-4.124
2023-07-07T13:30:00Z,-0.373,0.162,-2.746,-0.307,-0.873,-4.137
2023-07-07T13:45:00Z,-0.373,0.162,-2.569,-0.307,-0.872,-3.959
2023-07-07T14:00:00Z,0.511,-0.223,-2.51,-0.038,-0.8,-3.059
2023-07-07T14:15:00Z,0.511,-0.223,-2.53,-0.038,-0.8,-3.079
2023-07-07T14:30:00Z,0.511,-0.223,-2.383,-0.038,-0.799,-2.932
2023-07-07T14:45:00Z,0.511,-0.223,-2.266,-0.038,-0.437,-2.452
2023-07-07T15:00:00Z,0.639,-0.355,-2.413,0.277,-0.001,-1.853
2023-07-07T15:15:00Z,0.639,-0.355,-2.126,0.277,-0,-1.566
2023-07-07T15:30:00Z,0.639,-0.355,-2.013,0.277,-0,-1.452
2023-07-07T15:45:00Z,0.639,-0.355,-2.016,0.277,-0.001,-1.457
2023-07-07T16:00:00Z,0.741,-0.698,-1.791,0.572,-0.182,-1.359
2023-07-07T16:15:00Z,0.741,-0.698,-1.616,0.572,-0.181,-1.183
2023-07-07T16:30:00Z,0.741,-0.698,-1.676,0.572,-0.181,-1.243
2023-07-07T16:45:00Z,0.741,-0.698,-1.471,0.572,-0.121,-0.979
2023-07-07T17:00:00Z,0.61,-0.698,-2.116,0.624,0.827,-0.753
2023-07-07T17:15:00Z,0.61,-0.698,-1.891,0.624,1.005,-0.35
2023-07-07T17:30:00Z,0.61,-0.698,-1.759,0.624,1.005,-0.219
2023-07-07T17:45:00Z,0.61,-0.698,-1.668,0.624,1.013,-0.119
2023-07-07T18:00:00Z,0.8,-0.698,-1.343,0.623,1.029,0.412
2023-07-07T18:15:00Z,0.8,-0.698,-1.106,0.623,1.029,0.648
2023-07-07T18:30:00Z,0.8,-0.698,-1.045,0.623,1.029,0.709
2023-07-07T18:45:00Z,0.8,-0.698,-0.842,0.623,1.029,0.912
2023-07-07T19:00:00Z,0.805,-0.681,-0.891,0.623,0.97,0.827
2023-07-07T19:15:00Z,0.805,-0.681,-0.988,0.623,0.97,0.73
2023-07-07T19:30:00Z,0.805,-0.681,-0.891,0.623,0.97,0.826
2023-07-07T19:45:00Z,0.805,-0.681,-0.981,0.623,0.949,0.716
2023-07-07T20:00:00Z,0.349,-0.263,-1.309,0.623,0.853,0.253
2023-07-07T20:15:00Z,0.349,-0.263,-1.414,0.623,0.854,0.149
2023-07-07T20:30:00Z,0.349,-0.263,-1.286,0.623,0.853,0.276
2023-07-07T20:45:00Z,0.349,-0.263,-1.293,0.623,0.81,0.225
2023-07-07T21:00:00Z,-0.212,-0.189,-1.265,0.623,0.6,-0.443
2023-07-07T21:15:00Z,-0.212,-0.189,-1.415,0.623,0.6,-0.594
2023-07-07T21:30:00Z,-0.212,-0.189,-1.324,0.623,0.6,-0.503
2023-07-07T21:45:00Z,-0.212,-0.189,-1.385,0.623,0.658,-0.505
2023-07-07T22:00:00Z,-0.123,0.034,-2.015,0.614,0.935,-0.555
2023-07-07T22:15:00Z,-0.123,0.034,-2.064,0.614,0.935,-0.604
2023-07-07T22:30:00Z,-0.123,0.034,-2.047,0.614,0.935,-0.587
2023-07-07T22:45:00Z,-0.123,0.034,-1.985,0.614,0.946,-0.513
2023-07-07T23:00:00Z,0.229,-0.616,-0.935,0.611,1,0.29
2023-07-07T23:15:00Z,0.229,-0.616,-1.015,0.611,1,0.209
2023-07-07T23:30:00Z,0.229,-0.616,-1.025,0.611,1,0.199
2023-07-07T23:45:00Z,0.229,-0.616,-1.11,0.611,0.988,0.103
2023-07-08T00:00:00Z,0.397,-0.076,-1.13,0.427,0.931,0.549
2023-07-08T00:15:00Z,0.397,-0.076,-1.134,0.427,0.931,0.545
2023-07-08T00:30:00Z,0.397,-0.076,-1.154,0.427,0.932,0.526
2023-07-08T00:45:00Z,0.397,-0.076,-1.147,0.427,0.931,0.533
2023-07-08T01:00:00Z,0.629,-0.683,-0.846,0.618,0.921,0.639
2023-07-08T01:15:00Z,0.629,-0.683,-0.812,0.618,0.921,0.673
2023-07-08T01:30:00Z,0.629,-0.683,-0.728,0.618,0.921,0.756
2023-07-08T01:45:00Z,0.629,-0.683,-0.758,0.618,0.925,0.731
2023-07-08T02:00:00Z,0.791,-0.648,-0.711,0.616,0.945,0.993
2023-07-08T02:15:00Z,0.791,-0.648,-0.631,0.616,0.945,1.073
2023-07-08T02:30:00Z,0.791,-0.648,-0.59,0.616,0.945,1.114
2023-07-08T02:45:00Z,0.791,-0.648,-0.545,0.616,0.945,1.159
2023-07-08T03:00:00Z,0.67,-0.006,-1.018,0.621,0.897,1.164
2023-07-08T03:15:00Z,0.67,-0.006,-1.177,0.621,0.896,1.005
2023-07-08T03:30:00Z,0.67,-0.006,-1.133,0.621,0.896,1.049
2023-07-08T03:45:00Z,0.67,-0.006,-1.042,0.621,0.831,1.075
2023-07-08T04:00:00Z,0.856,-0.656,-0.232,0.585,0.498,1.05
2023-07-08T04:15:00Z,0.856,-0.656,-0.128,0.585,0.498,1.154
2023-07-08T04:30:00Z,0.856,-0.656,-0.069,0.585,0.498,1.214
2023-07-08T04:45:00Z,0.856,-0.656,-0.195,0.585,0.644,1.233
2023-07-08T05:00:00Z,0.294,-0.482,-0.719,0.613,0.916,0.621
2023-07-08T05:15:00Z,0.294,-0.482,-0.78,0.613,0.916,0.56
2023-07-08T05:30:00Z,0.294,-0.482,-0.897,0.613,0.916,0.444
2023-07-08T05:45:00Z,0.294,-0.482,-1.088,0.613,0.793,0.13
2023-07-08T06:00:00Z,-0.049,-0.541,-0.854,0.359,0.55,-0.535
2023-07-08T06:15:00Z,-0.049,-0.541,-0.964,0.359,0.55,-0.645
2023-07-08T06:30:00Z,-0.049,-0.541,-0.875,0.359,0.549,-0.556
2023-07-08T06:45:00Z,-0.049,-0.541,-1.011,0.359,0.346,-0.896
2023-07-08T07:00:00Z,-0.151,0.028,-0.709,0.067,-0.748,-1.513
2023-07-08T07:15:00Z,-0.151,0.028,-0.815,0.067,-0.866,-1.737
2023-07-08T07:30:00Z,-0.151,0.028,-1.037,0.067,-0.865,-1.959
2023-07-08T07:45:00Z,-0.151,0.028,-0.907,0.067,-0.868,-1.832
2023-07-08T08:00:00Z,-0.817,-0.001,-0.549,-0.231,-1.025,-2.623
2023-07-08T08:15:00Z,-0.817,-0.001,-0.77,-0.231,-1.026,-2.845
2023-07-08T08:30:00Z,-0.817,-0.001,-0.988,-0.231,-1.026,-3.063
2023-07-08T08:45:00Z,-0.817,-0.001,-1.319,-0.231,-1.026,-3.394
2023-07-08T09:00:00Z,-1.371,0.08,-1.205,-0.534,-1.036,-4.067
2023-07-08T09:15:00Z,-1.371,0.08,-1.41,-0.534,-1.036,-4.272
2023-07-08T09:30:00Z,-1.371,0.08,-1.533,-0.534,-1.037,-4.395
2023-07-08T09:45:00Z,-1.371,0.08,-1.569,-0.534,-1.053,-4.447
2023-07-08T10:00:00Z,-2.097,-0.261,-0.746,-0.61,-1.087,-4.802
2023-07-08T10:15:00Z,-2.097,-0.261,-0.894,-0.61,-1.088,-4.951
2023-07-08T10:30:00Z,-2.097,-0.261,-0.925,-0.61,-1.087,-4.981
2023-07-08T10:45:00Z,-2.097,-0.261,-1.148,-0.61,-1.077,-5.193
2023-07-08T11:00:00Z,-1.571,-0.243,-1.114,-0.646,-1.026,-4.599
2023-07-08T11:15:00Z,-1.571,-0.243,-1.251,-0.646,-1.026,-4.736
2023-07-08T11:30:00Z,-1.571,-0.243,-1.295,-0.646,-1.026,-4.78
2023-07-08T11:45:00Z,-1.571,-0.243,-1.153,-0.646,-1.027,-4.64
2023-07-08T12:00:00Z,-1.797,-0.557,-0.845,-0.611,-1.027,-4.836
2023-07-08T12:15:00Z,-1.797,-0.557,-0.676,-0.611,-1.026,-4.667
2023-07-08T12:30:00Z,-1.797,-0.557,-0.805,-0.611,-1.026,-4.795
2023-07-08T12:45:00Z,-1.797,-0.557,-0.632,-0.611,-1.026,-4.623
2023-07-08T13:00:00Z,-1.411,-0.348,-0.788,-0.499,-1.026,-4.072
2023-07-08T13:15:00Z,-1.411,-0.348,-0.53,-0.499,-1.026,-3.814
2023-07-08T13:30:00Z,-1.411,-0.348,-0.454,-0.499,-1.026,-3.738
2023-07-08T13:45:00Z,-1.411,-0.348,-0.198,-0.499,-1.037,-3.493
2023-07-08T14:00:00Z,-0.839,0.185,-0.415,-0.175,-1.087,-2.332
2023-07-08T14:15:00Z,-0.839,0.185,-0.24,-0.175,-1.087,-2.157
2023-07-08T14:30:00Z,-0.839,0.185,0.152,-0.175,-1.087,-1.765
2023-07-08T14:45:00Z,-0.839,0.185,0.138,-0.175,-0.997,-1.688
2023-07-08T15:00:00Z,-0.578,0.686,-0.2,0.143,-0.548,-0.497
2023-07-08T15:15:00Z,-0.578,0.686,0.178,0.143,-0.549,-0.12
2023-07-08T15:30:00Z,-0.578,0.686,0.181,0.143,-0.549,-0.117
2023-07-08T15:45:00Z,-0.578,0.686,0.252,0.143,-0.549,-0.046
2023-07-08T16:00:00Z,-0.096,0.658,0.057,0.438,-0.512,0.546
2023-07-08T16:15:00Z,-0.096,0.658,-0.013,0.438,-0.513,0.475
2023-07-08T16:30:00Z,-0.096,0.658,0.053,0.438,-0.513,0.54
2023-07-08T16:45:00Z,-0.096,0.658,0.056,0.438,-0.339,0.718
2023-07-08T17:00:00Z,-0.211,0.673,-0.4,0.603,0.39,1.056
2023-07-08T17:15:00Z,-0.211,0.673,-0.139,0.603,0.39,1.316
2023-07-08T17:30:00Z,-0.211,0.673,-0.037,0.603,0.39,1.419
2023-07-08T17:45:00Z,-0.211,0.673,0.153,0.603,0.418,1.636
2023-07-08T18:00:00Z,0.201,0.699,0.145,0.603,0.555,2.204
2023-07-08T18:15:00Z,0.201,0.699,0.287,0.603,0.554,2.345
2023-07-08T18:30:00Z,0.201,0.699,0.473,0.603,0.554,2.53
2023-07-08T18:45:00Z,0.201,0.699,0.701,0.603,0.555,2.759
2023-07-08T19:00:00Z,-0.668,0.699,1.738,0.603,0.335,2.707
2023-07-08T19:15:00Z,-0.668,0.699,2.115,0.603,0.335,3.085
2023-07-08T19:30:00Z,-0.668,0.699,2.249,0.603,0.335,3.218
2023-07-08T19:45:00Z,-0.668,0.699,2.339,0.603,0.222,3.196
2023-07-08T20:00:00Z,-0.939,0.679,2.476,0.596,-0.001,2.811
2023-07-08T20:15:00Z,-0.939,0.679,2.738,0.596,-0.001,3.072
2023-07-08T20:30:00Z,-0.939,0.679,2.868,0.596,-0.001,3.202
2023-07-08T20:45:00Z,-0.939,0.679,2.799,0.596,-0.001,3.134
2023-07-08T21:00:00Z,-1.03,0.699,2.12,0.425,0.249,2.463
2023-07-08T21:15:00Z,-1.03,0.699,2.007,0.425,0.249,2.35
2023-07-08T21:30:00Z,-1.03,0.699,2.004,0.425,0.249,2.347
2023-07-08T21:45:00Z,-1.03,0.699,1.882,0.425,0.166,2.142
2023-07-08T22:00:00Z,-1.06,0.7,2.207,0.425,-0.001,2.271
2023-07-08T22:15:00Z,-1.06,0.7,2.145,0.425,-0.002,2.208
2023-07-08T22:30:00Z,-1.06,0.7,2.17,0.425,-0.001,2.234
2023-07-08T22:45:00Z,-1.06,0.7,2.032,0.425,-0.001,2.096
2023-07-08T23:00:00Z,-1.008,0.7,1.796,0.425,0.313,2.225
2023-07-08T23:15:00Z,-1.008,0.7,1.587,0.425,0.312,2.016
2023-07-08T23:30:00Z,-1.008,0.7,1.64,0.425,0.312,2.069
2023-07-08T23:45:00Z,-1.008,0.7,1.497,0.425,0.208,1.821
2023-07-09T00:00:00Z,-0.159,0.7,1.688,0.425,-0.24,2.413
2023-07-09T00:15:00Z,-0.159,0.7,1.649,0.425,-0.24,2.374
2023-07-09T00:30:00Z,-0.159,0.7,1.502,0.425,-0.24,2.227
2023-07-09T00:45:00Z,-0.159,0.7,1.48,0.425,-0.232,2.214
2023-07-09T01:00:00Z,1.317,0.7,0.937,0.424,-0.198,3.181
2023-07-09T01:15:00Z,1.317,0.7,0.805,0.424,-0.198,3.047
2023-07-09T01:30:00Z,1.317,0.7,0.751,0.424,-0.198,2.994
2023-07-09T01:45:00Z,1.317,0.7,0.718,0.424,-0.133,3.027
2023-07-09T02:00:00Z,1.537,0.697,0.462,0.424,0.101,3.22
2023-07-09T02:15:00Z,1.537,0.697,0.522,0.424,0.1,3.281
2023-07-09T02:30:00Z,1.537,0.697,0.581,0.424,0.101,3.34
2023-07-09T02:45:00Z,1.537,0.697,0.626,0.424,0.066,3.35
2023-07-09T03:00:00Z,1.175,0.559,1.08,0.424,-0.001,3.237
2023-07-09T03:15:00Z,1.175,0.559,1.155,0.424,-0.001,3.312
2023-07-09T03:30:00Z,1.175,0.559,1.169,0.424,-0.001,3.326
2023-07-09T03:45:00Z,1.175,0.559,1.07,0.424,-0.001,3.227
2023-07-09T04:00:00Z,1.125,0.686,0.847,0.423,-0.106,2.975
2023-07-09T04:15:00Z,1.125,0.686,0.78,0.423,-0.106,2.907
2023-07-09T04:30:00Z,1.125,0.686,0.737,0.423,-0.106,2.864
2023-07-09T04:45:00Z,1.125,0.686,0.637,0.423,-0.105,2.765
2023-07-09T05:00:00Z,0.677,0.644,0.489,0.375,-0.283,1.902
2023-07-09T05:15:00Z,0.677,0.644,0.216,0.375,-0.283,1.629
2023-07-09T05:30:00Z,0.677,0.644,-0.066,0.375,-0.283,1.347
2023-07-09T05:45:00Z,0.677,0.644,-0.042,0.375,-0.284,1.37
2023-07-09T06:00:00Z,-0.892,0.11,1.589,0.112,-0.435,0.484
2023-07-09T06:15:00Z,-0.892,0.11,1.597,0.112,-0.435,0.493
2023-07-09T06:30:00Z,-0.892,0.11,1.473,0.112,-0.435,0.369
2023-07-09T06:45:00Z,-0.892,0.11,1.411,0.112,-0.535,0.207
2023-07-09T07:00:00Z,-1.514,-0.412,2.164,-0.013,-1.031,-0.806
2023-07-09T07:15:00Z,-1.514,-0.412,1.941,-0.013,-1.03,-1.028
2023-07-09T07:30:00Z,-1.514,-0.412,1.812,-0.013,-1.03,-1.157
2023-07-09T07:45:00Z,-1.514,-0.412,1.672,-0.013,-1.029,-1.297
2023-07-09T08:00:00Z,-1.802,-0.217,1.452,-0.297,-1.025,-1.888
2023-07-09T08:15:00Z,-1.802,-0.217,1.118,-0.297,-1.024,-2.222
2023-07-09T08:30:00Z,-1.802,-0.217,1.023,-0.297,-1.025,-2.318
2023-07-09T08:45:00Z,-1.802,-0.217,0.81,-0.297,-1.025,-2.53
2023-07-09T09:00:00Z,-2.204,-0.346,0.547,0,-1.025,-3.027
2023-07-09T09:15:00Z,-2.204,-0.346,0.305,0,-1.025,-3.27
2023-07-09T09:30:00Z,-2.204,-0.346,0.253,0,-1.025,-3.321
2023-07-09T09:45:00Z,-2.204,-0.346,0.187,0,-1.025,-3.387
2023-07-09T10:00:00Z,-1.883,-0.039,-0.409,0,-1.025,-3.355
2023-07-09T10:15:00Z,-1.883,-0.039,-0.57,0,-1.025,-3.517
2023-07-09T10:30:00Z,-1.883,-0.039,-0.503,0,-1.026,-3.45
2023-07-09T10:45:00Z,-1.883,-0.039,-0.505,0,-1.045,-3.471
2023-07-09T11:00:00Z,-1.696,0.134,-0.626,-0.008,-1.086,-3.282
2023-07-09T11:15:00Z,-1.696,0.134,-0.497,-0.008,-1.085,-3.153
2023-07-09T11:30:00Z,-1.696,0.134,-0.362,-0.008,-1.086,-3.018
2023-07-09T11:45:00Z,-1.696,0.134,-0.1,-0.008,-1.086,-2.756
2023-07-09T12:00:00Z,-0.631,0.286,-0.306,-0.179,-1.086,-1.917
2023-07-09T12:15:00Z,-0.631,0.286,0.006,-0.179,-1.086,-1.605
2023-07-09T12:30:00Z,-0.631,0.286,0.363,-0.179,-1.086,-1.247
2023-07-09T12:45:00Z,-0.631,0.286,0.522,-0.179,-1.086,-1.089
2023-07-09T13:00:00Z,-0.232,0.689,0.621,-0.145,-1.026,-0.093
2023-07-09T13:15:00Z,-0.232,0.689,0.876,-0.145,-1.025,0.162
2023-07-09T13:30:00Z,-0.232,0.689,0.777,-0.145,-1.026,0.063
2023-07-09T13:45:00Z,-0.232,0.689,0.764,-0.145,-0.884,0.192
2023-07-09T14:00:00Z,0.377,0.67,0.992,0.012,-0.185,1.866
2023-07-09T14:15:00Z,0.377,0.67,1.04,0.012,-0.186,1.913
2023-07-09T14:30:00Z,0.377,0.67,1.209,0.012,-0.186,2.083
2023-07-09T14:45:00Z,0.377,0.67,1.291,0.012,-0.184,2.166
2023-07-09T15:00:00Z,1.235,0.057,0.982,0.304,-0.176,2.404
2023-07-09T15:15:00Z,1.235,0.057,0.831,0.304,-0.176,2.253
2023-07-09T15:30:00Z,1.235,0.057,0.509,0.304,-0.175,1.93
2023-07-09T15:45:00Z,1.235,0.057,0.346,0.304,-0.315,1.628
2023-07-09T16:00:00Z,0.887,-0.63,1.247,0.425,-1.036,0.894
2023-07-09T16:15:00Z,0.887,-0.63,1.004,0.425,-1.035,0.651
2023-07-09T16:30:00Z,0.887,-0.63,0.933,0.425,-1.035,0.581
2023-07-09T16:45:00Z,0.887,-0.63,1.034,0.425,-0.977,0.739
2023-07-09T17:00:00Z,0.787,-0.695,0.628,0.425,-0.699,0.446
2023-07-09T17:15:00Z,0.787,-0.695,0.626,0.425,-0.699,0.444
2023-07-09T17:30:00Z,0.787,-0.695,0.596,0.425,-0.699,0.413
2023-07-09T17:45:00Z,0.787,-0.695,0.583,0.425,-0.4,0.699
2023-07-09T18:00:00Z,0.757,-0.592,0.204,0.425,0.219,1.013
2023-07-09T18:15:00Z,0.757,-0.592,0.172,0.425,0.219,0.981
2023-07-09T18:30:00Z,0.757,-0.592,0.103,0.425,0.219,0.912
2023-07-09T18:45:00Z,0.757,-0.592,0.075,0.425,0.313,0.977
2023-07-09T19:00:00Z,1.127,-0.05,-0.635,0.425,0.499,1.366
2023-07-09T19:15:00Z,1.127,-0.05,-0.358,0.425,0.499,1.643
2023-07-09T19:30:00Z,1.127,-0.05,-0.174,0.425,0.499,1.827
2023-07-09T19:45:00Z,1.127,-0.05,-0.008,0.425,0.499,1.993
2023-07-09T20:00:00Z,0.776,0.489,-0.098,0.425,0.461,2.053
2023-07-09T20:15:00Z,0.776,0.489,-0.133,0.425,0.46,2.017
2023-07-09T20:30:00Z,0.776,0.489,-0.306,0.425,0.461,1.845
2023-07-09T20:45:00Z,0.776,0.489,-0.314,0.425,0.428,1.805
2023-07-09T21:00:00Z,0.888,0.332,-0.236,0.425,0.274,1.681
2023-07-09T21:15:00Z,0.888,0.332,-0.468,0.425,0.274,1.45
2023-07-09T21:30:00Z,0.888,0.332,-0.527,0.425,0.274,1.391
2023-07-09T21:45:00Z,0.888,0.332,-0.529,0.425,0.274,1.39
2023-07-09T22:00:00Z,1.257,-0.011,-0.369,0.424,0.278,1.58
2023-07-09T22:15:00Z,1.257,-0.011,-0.471,0.424,0.278,1.478
2023-07-09T22:30:00Z,1.257,-0.011,-0.633,0.424,0.278,1.316
2023-07-09T22:45:00Z,1.257,-0.011,-0.651,0.424,0.289,1.308
2023-07-09T23:00:00Z,1.19,-0.001,-0.824,0.421,0.34,1.127
2023-07-09T23:15:00Z,1.19,-0.001,-0.87,0.421,0.34,1.081
2023-07-09T23:30:00Z,1.19,-0.001,-0.943,0.421,0.339,1.007
2023-07-09T23:45:00Z,1.19,-0.001,-1.041,0.421,0.374,0.944
2023-07-10T00:00:00Z,0.971,-0.141,-1.085,0.425,0.539,0.709
2023-07-10T00:15:00Z,0.971,-0.141,-1.092,0.425,0.539,0.701
2023-07-10T00:30:00Z,0.971,-0.141,-1.204,0.425,0.539,0.59
2023-07-10T00:45:00Z,0.971,-0.141,-1.366,0.425,0.512,0.401
2023-07-10T01:00:00Z,1.13,-0.019,-1.669,0.425,0.38,0.247
2023-07-10T01:15:00Z,1.13,-0.019,-1.711,0.425,0.381,0.205
2023-07-10T01:30:00Z,1.13,-0.019,-1.722,0.425,0.381,0.194
2023-07-10T01:45:00Z,1.13,-0.019,-1.763,0.425,0.484,0.256
2023-07-10T02:00:00Z,0.964,-0.098,-1.893,0.425,0.689,0.088
2023-07-10T02:15:00Z,0.964,-0.098,-1.947,0.425,0.689,0.033
2023-07-10T02:30:00Z,0.964,-0.098,-2.037,0.425,0.689,-0.057
2023-07-10T02:45:00Z,0.964,-0.098,-1.983,0.425,0.787,0.095
2023-07-10T03:00:00Z,0.894,-0.699,-1.757,0.423,0.98,-0.159
2023-07-10T03:15:00Z,0.894,-0.699,-1.778,0.423,0.981,-0.18
2023-07-10T03:30:00Z,0.894,-0.699,-1.83,0.423,0.981,-0.231
2023-07-10T03:45:00Z,0.894,-0.699,-1.808,0.423,1.007,-0.184
2023-07-10T04:00:00Z,1.634,-0.698,-2.244,0.379,1.053,0.123
2023-07-10T04:15:00Z,1.634,-0.698,-2.549,0.379,1.054,-0.181
2023-07-10T04:30:00Z,1.634,-0.698,-2.794,0.379,1.054,-0.426
2023-07-10T04:45:00Z,1.634,-0.698,-2.804,0.379,1.054,-0.435
2023-07-10T05:00:00Z,1.349,-0.698,-2.522,0.421,0.756,-0.695
2023-07-10T05:15:00Z,1.349,-0.698,-2.675,0.421,0.756,-0.847
2023-07-10T05:30:00Z,1.349,-0.698,-2.68,0.421,0.756,-0.852
2023-07-10T05:45:00Z,1.349,-0.698,-2.682,0.421,0.754,-0.857
2023-07-10T06:00:00Z,0.565,-0.696,-2.646,0.424,0.55,-1.802
2023-07-10T06:15:00Z,0.565,-0.696,-2.861,0.424,0.55,-2.017
2023-07-10T06:30:00Z,0.565,-0.696,-2.967,0.424,0.551,-2.122
2023-07-10T06:45:00Z,0.565,-0.696,-3.173,0.424,0.349,-2.531
2023-07-10T07:00:00Z,-0.256,-0.638,-2.733,0.422,-0.45,-3.656
2023-07-10T07:15:00Z,-0.256,-0.638,-3.154,0.422,-0.45,-4.077
2023-07-10T07:30:00Z,-0.256,-0.638,-3.358,0.422,-0.45,-4.281
2023-07-10T07:45:00Z,-0.256,-0.638,-3.386,0.422,-0.543,-4.401
2023-07-10T08:00:00Z,-1.108,-0.698,-2.807,0.342,-1.005,-5.277
2023-07-10T08:15:00Z,-1.108,-0.698,-2.952,0.342,-1.005,-5.422
2023-07-10T08:30:00Z,-1.108,-0.698,-2.885,0.342,-1.004,-5.354
2023-07-10T08:45:00Z,-1.108,-0.698,-2.71,0.342,-1.011,-5.185
2023-07-10T09:00:00Z,-1.493,-0.698,-2.144,0.033,-1.026,-5.328
2023-07-10T09:15:00Z,-1.493,-0.698,-2.166,0.033,-1.025,-5.35
2023-07-10T09:30:00Z,-1.493,-0.698,-2.087,0.033,-1.025,-5.27
2023-07-10T09:45:00Z,-1.493,-0.698,-1.947,0.033,-1.026,-5.131
2023-07-10T10:00:00Z,-2.487,-0.698,-1.273,-0.28,-1.025,-5.763
2023-07-10T10:15:00Z,-2.487,-0.698,-1.047,-0.28,-1.026,-5.538
2023-07-10T10:30:00Z,-2.487,-0.698,-0.834,-0.28,-1.026,-5.326
2023-07-10T10:45:00Z,-2.487,-0.698,-0.903,-0.28,-1.036,-5.404
2023-07-10T11:00:00Z,-2.185,-0.698,-0.751,-0.431,-1.087,-5.152
2023-07-10T11:15:00Z,-2.185,-0.698,-0.6,-0.431,-1.086,-5.001
2023-07-10T11:30:00Z,-2.185,-0.698,-0.558,-0.431,-1.087,-4.959
2023-07-10T11:45:00Z,-2.185,-0.698,-0.287,-0.431,-1.088,-4.689
2023-07-10T12:00:00Z,-2.031,-0.664,-0.516,-0.349,-1.087,-4.647
2023-07-10T12:15:00Z,-2.031,-0.664,-0.683,-0.349,-1.087,-4.815
2023-07-10T12:30:00Z,-2.031,-0.664,-0.631,-0.349,-1.087,-4.762
2023-07-10T12:45:00Z,-2.031,-0.664,-0.467,-0.349,-1.086,-4.597
2023-07-10T13:00:00Z,-1.154,0.013,-1.017,-0.407,-1.026,-3.591
2023-07-10T13:15:00Z,-1.154,0.013,-1.163,-0.407,-1.026,-3.737
2023-07-10T13:30:00Z,-1.154,0.013,-1.086,-0.407,-1.026,-3.66
2023-07-10T13:45:00Z,-1.154,0.013,-1.018,-0.407,-1.027,-3.592
2023-07-10T14:00:00Z,-0.879,0.54,-1.334,-0.091,-1.026,-2.79
2023-07-10T14:15:00Z,-0.879,0.54,-1.32,-0.091,-1.026,-2.776
2023-07-10T14:30:00Z,-0.879,0.54,-1.227,-0.091,-1.026,-2.683
2023-07-10T14:45:00Z,-0.879,0.54,-1.239,-0.091,-1.025,-2.694
2023-07-10T15:00:00Z,-0.079,0.047,-1.701,0.206,-0.621,-2.148
2023-07-10T15:15:00Z,-0.079,0.047,-1.75,0.206,-0.621,-2.197
2023-07-10T15:30:00Z,-0.079,0.047,-1.706,0.206,-0.621,-2.152
2023-07-10T15:45:00Z,-0.079,0.047,-1.673,0.206,-0.62,-2.118
2023-07-10T16:00:00Z,0.124,-0.375,-1.736,0.433,-0.195,-1.749
2023-07-10T16:15:00Z,0.124,-0.375,-1.532,0.433,-0.195,-1.545
2023-07-10T16:30:00Z,0.124,-0.375,-1.263,0.433,-0.196,-1.277
2023-07-10T16:45:00Z,0.124,-0.375,-1.276,0.433,-0.13,-1.225
2023-07-10T17:00:00Z,0.861,-0.533,-1.839,0.623,0.584,-0.304
2023-07-10T17:15:00Z,0.861,-0.533,-1.589,0.623,0.628,-0.01
2023-07-10T17:30:00Z,0.861,-0.533,-1.433,0.623,0.628,0.146
2023-07-10T17:45:00Z,0.861,-0.533,-1.158,0.623,0.723,0.515
2023-07-10T18:00:00Z,1.067,-0.668,-0.708,0.623,0.91,1.225
2023-07-10T18:15:00Z,1.067,-0.668,-0.464,0.623,0.911,1.469
2023-07-10T18:30:00Z,1.067,-0.668,-0.269,0.623,0.911,1.665
2023-07-10T18:45:00Z,1.067,-0.668,-0.188,0.623,0.939,1.773
2023-07-10T19:00:00Z,1.43,-0.484,-0.232,0.623,0.996,2.334
2023-07-10T19:15:00Z,1.43,-0.484,-0.147,0.623,0.995,2.418
2023-07-10T19:30:00Z,1.43,-0.484,-0.063,0.623,0.996,2.502
2023-07-10T19:45:00Z,1.43,-0.484,-0.05,0.623,0.995,2.515
2023-07-10T20:00:00Z,1.391,-0.627,-0.004,0.624,0.994,2.378
2023-07-10T20:15:00Z,1.391,-0.627,-0.058,0.624,0.994,2.323
2023-07-10T20:30:00Z,1.391,-0.627,0.05,0.624,0.995,2.432
2023-07-10T20:45:00Z,1.391,-0.627,-0.013,0.624,0.994,2.368
2023-07-10T21:00:00Z,1.137,-0.626,0.013,0.624,0.962,2.111
2023-07-10T21:15:00Z,1.137,-0.626,-0.085,0.624,0.963,2.013
2023-07-10T21:30:00Z,1.137,-0.626,-0.098,0.624,0.963,2
2023-07-10T21:45:00Z,1.137,-0.626,-0.358,0.624,0.973,1.751
2023-07-10T22:00:00Z,1.485,-0.099,-1.272,0.624,0.995,1.733
2023-07-10T22:15:00Z,1.485,-0.099,-1.618,0.624,0.995,1.387
2023-07-10T22:30:00Z,1.485,-0.099,-1.698,0.624,0.995,1.307
2023-07-10T22:45:00Z,1.485,-0.099,-1.756,0.624,0.995,1.249
2023-07-10T23:00:00Z,1.619,-0.699,-1.449,0.624,0.995,1.09
2023-07-10T23:15:00Z,1.619,-0.699,-1.528,0.624,0.996,1.012
2023-07-10T23:30:00Z,1.619,-0.699,-1.471,0.624,0.995,1.068
2023-07-10T23:45:00Z,1.619,-0.699,-1.545,0.624,0.995,0.994
2023-07-11T00:00:00Z,1.345,-0.694,-1.435,0.623,0.995,0.834
2023-07-11T00:15:00Z,1.345,-0.694,-1.498,0.623,0.995,0.77
2023-07-11T00:30:00Z,1.345,-0.694,-1.528,0.623,0.995,0.741
2023-07-11T00:45:00Z,1.345,-0.694,-1.56,0.623,1.015,0.729
2023-07-11T01:00:00Z,1.337,-0.686,-1.784,0.623,1.054,0.544
2023-07-11T01:15:00Z,1.337,-0.686,-1.863,0.623,1.053,0.465
2023-07-11T01:30:00Z,1.337,-0.686,-1.839,0.623,1.054,0.489
2023-07-11T01:45:00Z,1.337,-0.686,-1.855,0.623,1.054,0.474
2023-07-11T02:00:00Z,0.945,-0.691,-1.799,0.623,1.054,0.133
2023-07-11T02:15:00Z,0.945,-0.691,-1.906,0.623,1.054,0.026
2023-07-11T02:30:00Z,0.945,-0.691,-1.942,0.623,1.054,-0.011
2023-07-11T02:45:00Z,0.945,-0.691,-2.003,0.623,1.054,-0.071
2023-07-11T03:00:00Z,0.08,-0.676,-1.67,0.621,0.994,-0.651
2023-07-11T03:15:00Z,0.08,-0.676,-1.725,0.621,0.995,-0.705
2023-07-11T03:30:00Z,0.08,-0.676,-1.868,0.621,0.995,-0.848
2023-07-11T03:45:00Z,0.08,-0.676,-1.905,0.621,0.996,-0.885
2023-07-11T04:00:00Z,-0.042,-0.698,-2.033,0.566,0.995,-1.212
2023-07-11T04:15:00Z,-0.042,-0.698,-2.162,0.566,0.996,-1.34
2023-07-11T04:30:00Z,-0.042,-0.698,-2.461,0.566,0.995,-1.64
2023-07-11T04:45:00Z,-0.042,-0.698,-2.468,0.566,0.846,-1.796
2023-07-11T05:00:00Z,0.098,-0.698,-2.538,0.54,0.101,-2.498
2023-07-11T05:15:00Z,0.098,-0.698,-2.594,0.54,0.101,-2.553
2023-07-11T05:30:00Z,0.098,-0.698,-2.432,0.54,0.102,-2.391
2023-07-11T05:45:00Z,0.098,-0.698,-2.261,0.54,0.102,-2.22
2023-07-11T06:00:00Z,-1.313,-0.672,-2.142,0.612,0.118,-3.397
2023-07-11T06:15:00Z,-1.313,-0.672,-2.477,0.612,0.117,-3.732
2023-07-11T06:30:00Z,-1.313,-0.672,-2.381,0.612,0.118,-3.636
2023-07-11T06:45:00Z,-1.313,-0.672,-2.424,0.612,0.079,-3.718
2023-07-11T07:00:00Z,-1.93,-0.05,-1.974,0.464,-0.86,-4.35
2023-07-11T07:15:00Z,-1.93,-0.05,-2.283,0.464,-1.066,-4.865
2023-07-11T07:30:00Z,-1.93,-0.05,-2.271,0.464,-1.067,-4.853
2023-07-11T07:45:00Z,-1.93,-0.05,-2.147,0.464,-1.067,-4.729
2023-07-11T08:00:00Z,-1.967,0.484,-1.59,0.19,-1.087,-3.969
2023-07-11T08:15:00Z,-1.967,0.484,-1.622,0.19,-1.086,-4.001
2023-07-11T08:30:00Z,-1.967,0.484,-1.684,0.19,-1.086,-4.062
2023-07-11T08:45:00Z,-1.967,0.484,-1.73,0.19,-1.077,-4.099
2023-07-11T09:00:00Z,-1.45,-0.019,-1.867,-0.125,-1.026,-4.488
2023-07-11T09:15:00Z,-1.45,-0.019,-2.2,-0.125,-1.026,-4.821
2023-07-11T09:30:00Z,-1.45,-0.019,-2.325,-0.125,-1.026,-4.946
2023-07-11T09:45:00Z,-1.45,-0.019,-2.296,-0.125,-1.026,-4.917
2023-07-11T10:00:00Z,-1.374,-0.698,-1.868,-0.443,-1.025,-5.407
2023-07-11T10:15:00Z,-1.374,-0.698,-1.715,-0.443,-1.025,-5.254
2023-07-11T10:30:00Z,-1.374,-0.698,-1.777,-0.443,-1.026,-5.317
2023-07-11T10:45:00Z,-1.374,-0.698,-1.903,-0.443,-1.026,-5.443
2023-07-11T11:00:00Z,-1.12,-0.697,-1.836,-0.644,-1.026,-5.322
2023-07-11T11:15:00Z,-1.12,-0.697,-1.956,-0.644,-1.025,-5.442
2023-07-11T11:30:00Z,-1.12,-0.697,-1.952,-0.644,-1.025,-5.438
2023-07-11T11:45:00Z,-1.12,-0.697,-1.956,-0.644,-1.046,-5.463
2023-07-11T12:00:00Z,-0.982,-0.667,-2.141,-0.517,-1.087,-5.395
2023-07-11T12:15:00Z,-0.982,-0.667,-2.15,-0.517,-1.087,-5.404
2023-07-11T12:30:00Z,-0.982,-0.667,-2.062,-0.517,-1.087,-5.316
2023-07-11T12:45:00Z,-0.982,-0.667,-2.098,-0.517,-1.086,-5.351
2023-07-11T13:00:00Z,-0.867,0.016,-2.438,-0.193,-1.087,-4.569
2023-07-11T13:15:00Z,-0.867,0.016,-2.408,-0.193,-1.087,-4.539
2023-07-11T13:30:00Z,-0.867,0.016,-2.217,-0.193,-1.087,-4.348
2023-07-11T13:45:00Z,-0.867,0.016,-2.107,-0.193,-1.086,-4.237
2023-07-11T14:00:00Z,-0.353,0.682,-2.617,0.122,-1.025,-3.19
2023-07-11T14:15:00Z,-0.353,0.682,-2.491,0.122,-1.025,-3.064
2023-07-11T14:30:00Z,-0.353,0.682,-2.293,0.122,-1.025,-2.867
2023-07-11T14:45:00Z,-0.353,0.682,-2.183,0.122,-1.007,-2.739
2023-07-11T15:00:00Z,0.28,0.7,-2.764,0.429,-0.918,-2.274
2023-07-11T15:15:00Z,0.28,0.7,-2.654,0.429,-0.918,-2.163
2023-07-11T15:30:00Z,0.28,0.7,-2.491,0.429,-0.918,-2.001
2023-07-11T15:45:00Z,0.28,0.7,-2.439,0.429,-0.691,-1.722
2023-07-11T16:00:00Z,0.329,0.682,-3.702,0.623,-0.105,-2.173
2023-07-11T16:15:00Z,0.329,0.682,-3.812,0.623,-0.105,-2.283
2023-07-11T16:30:00Z,0.329,0.682,-3.845,0.623,-0.106,-2.317
2023-07-11T16:45:00Z,0.329,0.682,-3.708,0.623,-0.071,-2.145
2023-07-11T17:00:00Z,0.944,0.524,-3.861,0.623,0.622,-1.148
2023-07-11T17:15:00Z,0.944,0.524,-3.926,0.623,0.684,-1.152
2023-07-11T17:30:00Z,0.944,0.524,-3.806,0.623,0.684,-1.032
2023-07-11T17:45:00Z,0.944,0.524,-3.821,0.623,0.684,-1.047
2023-07-11T18:00:00Z,1.235,0.059,-3.247,0.623,0.926,-0.403
2023-07-11T18:15:00Z,1.235,0.059,-3.173,0.623,0.927,-0.329
2023-07-11T18:30:00Z,1.235,0.059,-3.085,0.623,0.926,-0.242
2023-07-11T18:45:00Z,1.235,0.059,-3.139,0.623,0.897,-0.325
2023-07-11T19:00:00Z,1.545,0.143,-3.056,0.623,0.761,0.016
2023-07-11T19:15:00Z,1.545,0.143,-2.999,0.623,0.761,0.074
2023-07-11T19:30:00Z,1.545,0.143,-2.897,0.623,0.761,0.176
2023-07-11T19:45:00Z,1.545,0.143,-2.847,0.623,0.761,0.225
2023-07-11T20:00:00Z,1.353,0.026,-2.662,0.623,0.777,0.117
2023-07-11T20:15:00Z,1.353,0.026,-2.347,0.623,0.777,0.432
2023-07-11T20:30:00Z,1.353,0.026,-1.812,0.623,0.777,0.967
2023-07-11T20:45:00Z,1.353,0.026,-1.69,0.623,0.778,1.09
2023-07-11T21:00:00Z,0.666,-0.142,-1.453,0.623,0.785,0.479
2023-07-11T21:15:00Z,0.666,-0.142,-1.845,0.623,0.785,0.086
2023-07-11T21:30:00Z,0.666,-0.142,-1.626,0.623,0.785,0.306
2023-07-11T21:45:00Z,0.666,-0.142,-1.616,0.623,0.709,0.24
2023-07-11T22:00:00Z,0.443,-0.335,-0.985,0.623,0.333,0.078
2023-07-11T22:15:00Z,0.443,-0.335,-0.726,0.623,0.333,0.337
2023-07-11T22:30:00Z,0.443,-0.335,-0.735,0.623,0.332,0.327
2023-07-11T22:45:00Z,0.443,-0.335,-0.727,0.623,0.356,0.359
2023-07-11T23:00:00Z,-0.133,-0.406,-0.589,0.623,0.466,-0.039
2023-07-11T23:15:00Z,-0.133,-0.406,-0.461,0.623,0.467,0.09
2023-07-11T23:30:00Z,-0.133,-0.406,-0.371,0.623,0.466,0.179
2023-07-11T23:45:00Z,-0.133,-0.406,-0.335,0.623,0.519,0.268
2023-07-12T00:00:00Z,-0.317,-0.112,-0.376,0.623,0.781,0.6
2023-07-12T00:15:00Z,-0.317,-0.112,-0.555,0.623,0.782,0.421
2023-07-12T00:30:00Z,-0.317,-0.112,-0.643,0.623,0.781,0.333
2023-07-12T00:45:00Z,-0.317,-0.112,-0.753,0.623,0.78,0.221
2023-07-12T01:00:00Z,0.143,-0.141,-0.754,0.623,0.639,0.51
2023-07-12T01:15:00Z,0.143,-0.141,-0.784,0.623,0.639,0.479
2023-07-12T01:30:00Z,0.143,-0.141,-0.877,0.623,0.638,0.386
2023-07-12T01:45:00Z,0.143,-0.141,-0.787,0.623,0.663,0.501
2023-07-12T02:00:00Z,0.214,-0.309,-0.558,0.623,0.777,0.746
2023-07-12T02:15:00Z,0.214,-0.309,-0.554,0.623,0.777,0.751
2023-07-12T02:30:00Z,0.214,-0.309,-0.543,0.623,0.777,0.761
2023-07-12T02:45:00Z,0.214,-0.309,-0.585,0.623,0.784,0.727
2023-07-12T03:00:00Z,0.356,-0.391,-0.826,0.623,0.817,0.579
2023-07-12T03:15:00Z,0.356,-0.391,-1.156,0.623,0.817,0.249
2023-07-12T03:30:00Z,0.356,-0.391,-1.246,0.623,0.817,0.159
2023-07-12T03:45:00Z,0.356,-0.391,-1.235,0.623,0.8,0.152
2023-07-12T04:00:00Z,0.88,-0.593,-1.389,0.624,0.717,0.239
2023-07-12T04:15:00Z,0.88,-0.593,-1.616,0.624,0.717,0.012
2023-07-12T04:30:00Z,0.88,-0.593,-1.767,0.624,0.718,-0.138
2023-07-12T04:45:00Z,0.88,-0.593,-1.844,0.624,0.717,-0.216
2023-07-12T05:00:00Z,0.777,-0.194,-2.245,0.624,0.628,-0.41
2023-07-12T05:15:00Z,0.777,-0.194,-2.331,0.624,0.628,-0.497
2023-07-12T05:30:00Z,0.777,-0.194,-2.213,0.624,0.628,-0.379
2023-07-12T05:45:00Z,0.777,-0.194,-2.118,0.624,0.373,-0.539
2023-07-12T06:00:00Z,0.299,-0.088,-2.12,0.623,-0.001,-1.287
2023-07-12T06:15:00Z,0.299,-0.088,-2.254,0.623,-0.001,-1.421
2023-07-12T06:30:00Z,0.299,-0.088,-2.287,0.623,-0.001,-1.454
2023-07-12T06:45:00Z,0.299,-0.088,-1.955,0.623,-0.001,-1.122
2023-07-12T07:00:00Z,-0.628,0.16,-0.928,0.61,-0.717,-1.504
2023-07-12T07:15:00Z,-0.628,0.16,-0.929,0.61,-0.822,-1.61
2023-07-12T07:30:00Z,-0.628,0.16,-1.027,0.61,-0.822,-1.708
2023-07-12T07:45:00Z,-0.628,0.16,-0.986,0.61,-0.825,-1.669
2023-07-12T08:00:00Z,-1.191,0.448,-0.738,0.301,-1.025,-2.204
2023-07-12T08:15:00Z,-1.191,0.448,-0.922,0.301,-1.025,-2.388
2023-07-12T08:30:00Z,-1.191,0.448,-0.903,0.301,-1.025,-2.369
2023-07-12T08:45:00Z,-1.191,0.448,-0.739,0.301,-1.035,-2.216
2023-07-12T09:00:00Z,-1.05,0.677,-0.758,-0.013,-1.086,-2.229
2023-07-12T09:15:00Z,-1.05,0.677,-0.765,-0.013,-1.086,-2.237
2023-07-12T09:30:00Z,-1.05,0.677,-0.965,-0.013,-1.086,-2.436
2023-07-12T09:45:00Z,-1.05,0.677,-1.062,-0.013,-1.086,-2.534
2023-07-12T10:00:00Z,-0.65,0.008,-0.839,-0.333,-1.085,-2.9
2023-07-12T10:15:00Z,-0.65,0.008,-1.028,-0.333,-1.086,-3.089
2023-07-12T10:30:00Z,-0.65,0.008,-1.103,-0.333,-1.086,-3.165
2023-07-12T10:45:00Z,-0.65,0.008,-1.153,-0.333,-1.075,-3.203
2023-07-12T11:00:00Z,-0.454,-0.233,-1.13,-0.637,-1.025,-3.479
2023-07-12T11:15:00Z,-0.454,-0.233,-1.187,-0.637,-1.025,-3.535
2023-07-12T11:30:00Z,-0.454,-0.233,-1.083,-0.637,-1.025,-3.432
2023-07-12T11:45:00Z,-0.454,-0.233,-0.999,-0.637,-1.025,-3.348
2023-07-12T12:00:00Z,-0.408,-0.607,-0.887,-0.605,-1.025,-3.531
2023-07-12T12:15:00Z,-0.408,-0.607,-1.121,-0.605,-1.025,-3.765
2023-07-12T12:30:00Z,-0.408,-0.607,-1.048,-0.605,-1.025,-3.692
2023-07-12T12:45:00Z,-0.408,-0.607,-1.118,-0.605,-1.025,-3.763
2023-07-12T13:00:00Z,-0.5,-0.667,-0.883,-0.618,-1.026,-3.694
2023-07-12T13:15:00Z,-0.5,-0.667,-0.946,-0.618,-1.025,-3.757
2023-07-12T13:30:00Z,-0.5,-0.667,-1.045,-0.618,-1.026,-3.856
2023-07-12T13:45:00Z,-0.5,-0.667,-1.105,-0.618,-1.037,-3.928
2023-07-12T14:00:00Z,-0.445,0.011,-1.701,-0.292,-1.086,-3.512
2023-07-12T14:15:00Z,-0.445,0.011,-1.821,-0.292,-1.086,-3.632
2023-07-12T14:30:00Z,-0.445,0.011,-1.653,-0.292,-1.086,-3.466
2023-07-12T14:45:00Z,-0.445,0.011,-1.564,-0.292,-1.086,-3.376
2023-07-12T15:00:00Z,0.405,0.473,-2.424,0.013,-1.087,-2.619
2023-07-12T15:15:00Z,0.405,0.473,-2.395,0.013,-1.086,-2.59
2023-07-12T15:30:00Z,0.405,0.473,-2.417,0.013,-1.087,-2.612
2023-07-12T15:45:00Z,0.405,0.473,-2.473,0.013,-0.981,-2.563
2023-07-12T16:00:00Z,-0.036,0.65,-3.014,0.328,-0.418,-2.49
2023-07-12T16:15:00Z,-0.036,0.65,-3.133,0.328,-0.419,-2.609
2023-07-12T16:30:00Z,-0.036,0.65,-3.246,0.328,-0.418,-2.723
2023-07-12T16:45:00Z,-0.036,0.65,-3.348,0.328,-0.279,-2.685
2023-07-12T17:00:00Z,0.128,-0.037,-3.103,0.623,0.101,-2.288
2023-07-12T17:15:00Z,0.128,-0.037,-3.186,0.623,0.101,-2.371
2023-07-12T17:30:00Z,0.128,-0.037,-3.106,0.623,0.101,-2.292
2023-07-12T17:45:00Z,0.128,-0.037,-2.911,0.623,0.105,-2.093
2023-07-12T18:00:00Z,0.483,-0.685,-3.036,0.616,0.715,-1.908
2023-07-12T18:15:00Z,0.483,-0.685,-2.912,0.616,0.77,-1.729
2023-07-12T18:30:00Z,0.483,-0.685,-2.884,0.616,0.77,-1.7
2023-07-12T18:45:00Z,0.483,-0.685,-2.679,0.616,0.746,-1.519
2023-07-12T19:00:00Z,0.233,-0.693,-2.319,0.622,0.626,-1.531
2023-07-12T19:15:00Z,0.233,-0.693,-2.449,0.622,0.626,-1.661
2023-07-12T19:30:00Z,0.233,-0.693,-2.426,0.622,0.626,-1.638
2023-07-12T19:45:00Z,0.233,-0.693,-2.338,0.622,0.562,-1.614
2023-07-12T20:00:00Z,0.026,-0.552,-1.83,0.623,0.252,-1.481
2023-07-12T20:15:00Z,0.026,-0.552,-1.635,0.623,0.252,-1.286
2023-07-12T20:30:00Z,0.026,-0.552,-1.317,0.623,0.252,-0.968
2023-07-12T20:45:00Z,0.026,-0.552,-1.435,0.623,0.251,-1.087
2023-07-12T21:00:00Z,0.499,0.07,-2.352,0.62,0.246,-0.918
2023-07-12T21:15:00Z,0.499,0.07,-2.322,0.62,0.246,-0.887
2023-07-12T21:30:00Z,0.499,0.07,-2.276,0.62,0.246,-0.842
2023-07-12T21:45:00Z,0.499,0.07,-2.374,0.62,0.306,-0.879
2023-07-12T22:00:00Z,0.275,-0.41,-2.183,0.623,0.601,-1.094
2023-07-12T22:15:00Z,0.275,-0.41,-2.28,0.623,0.601,-1.191
2023-07-12T22:30:00Z,0.275,-0.41,-2.916,0.623,0.601,-1.827
2023-07-12T22:45:00Z,0.275,-0.41,-2.774,0.623,0.716,-1.571
2023-07-12T23:00:00Z,0.447,-0.442,-3.22,0.618,0.942,-1.655
2023-07-12T23:15:00Z,0.447,-0.442,-3.261,0.618,0.942,-1.695
2023-07-12T23:30:00Z,0.447,-0.442,-3.206,0.618,0.941,-1.641
2023-07-12T23:45:00Z,0.447,-0.442,-3.247,0.618,0.96,-1.664
2023-07-13T00:00:00Z,-0.216,-0.233,-2.882,0.518,0.995,-1.818
2023-07-13T00:15:00Z,-0.216,-0.233,-2.836,0.518,0.996,-1.771
2023-07-13T00:30:00Z,-0.216,-0.233,-2.812,0.518,0.996,-1.748
2023-07-13T00:45:00Z,-0.216,-0.233,-2.645,0.518,0.996,-1.58
2023-07-13T01:00:00Z,-0.186,-0.197,-2.801,0.623,0.996,-1.565
2023-07-13T01:15:00Z,-0.186,-0.197,-2.821,0.623,0.995,-1.585
2023-07-13T01:30:00Z,-0.186,-0.197,-2.722,0.623,0.996,-1.486
2023-07-13T01:45:00Z,-0.186,-0.197,-2.694,0.623,0.996,-1.458
2023-07-13T02:00:00Z,-0.17,-0.259,-2.798,0.622,0.996,-1.61
2023-07-13T02:15:00Z,-0.17,-0.259,-2.757,0.622,0.995,-1.57
2023-07-13T02:30:00Z,-0.17,-0.259,-2.781,0.622,0.995,-1.593
2023-07-13T02:45:00Z,-0.17,-0.259,-2.804,0.622,0.996,-1.616
2023-07-13T03:00:00Z,-0.012,-0.146,-2.802,0.623,0.995,-1.342
2023-07-13T03:15:00Z,-0.012,-0.146,-2.705,0.623,0.995,-1.245
2023-07-13T03:30:00Z,-0.012,-0.146,-2.732,0.623,0.996,-1.272
2023-07-13T03:45:00Z,-0.012,-0.146,-2.783,0.623,0.995,-1.324
2023-07-13T04:00:00Z,0.202,-0.252,-2.933,0.623,0.93,-1.431
2023-07-13T04:15:00Z,0.202,-0.252,-2.82,0.623,0.931,-1.317
2023-07-13T04:30:00Z,0.202,-0.252,-2.751,0.623,0.931,-1.248
2023-07-13T04:45:00Z,0.202,-0.252,-2.815,0.623,0.478,-1.765
2023-07-13T05:00:00Z,0.228,-0.03,-2.473,0.623,-0.001,-1.652
2023-07-13T05:15:00Z,0.228,-0.03,-2.455,0.623,-0.001,-1.634
2023-07-13T05:30:00Z,0.228,-0.03,-2.416,0.623,-0.001,-1.595
2023-07-13T05:45:00Z,0.228,-0.03,-2.455,0.623,-0.001,-1.634
2023-07-13T06:00:00Z,-0.658,0.621,-2.457,0.623,-0.209,-2.081
2023-07-13T06:15:00Z,-0.658,0.621,-2.666,0.623,-0.209,-2.289
2023-07-13T06:30:00Z,-0.658,0.621,-2.74,0.623,-0.208,-2.363
2023-07-13T06:45:00Z,-0.658,0.621,-2.62,0.623,-0.344,-2.379
2023-07-13T07:00:00Z,-1.784,0.698,-1.404,0.623,-1.035,-2.903
2023-07-13T07:15:00Z,-1.784,0.698,-1.542,0.623,-1.035,-3.04
2023-07-13T07:30:00Z,-1.784,0.698,-1.707,0.623,-1.036,-3.207
2023-07-13T07:45:00Z,-1.784,0.698,-1.409,0.623,-1.024,-2.897
2023-07-13T08:00:00Z,-1.609,0.7,-1.292,0.623,-0.968,-2.546
2023-07-13T08:15:00Z,-1.609,0.7,-1.355,0.623,-0.969,-2.609
2023-07-13T08:30:00Z,-1.609,0.7,-1.381,0.623,-0.968,-2.635
2023-07-13T08:45:00Z,-1.609,0.7,-1.352,0.623,-0.978,-2.616
2023-07-13T09:00:00Z,-1.835,0.7,-0.619,0.61,-1.026,-2.17
2023-07-13T09:15:00Z,-1.835,0.7,-0.55,0.61,-1.025,-2.1
2023-07-13T09:30:00Z,-1.835,0.7,-0.556,0.61,-1.026,-2.107
2023-07-13T09:45:00Z,-1.835,0.7,-0.648,0.61,-1.025,-2.198
2023-07-13T10:00:00Z,-1.889,0.686,-0.904,0.302,-1.026,-2.832
2023-07-13T10:15:00Z,-1.889,0.686,-0.95,0.302,-1.026,-2.878
2023-07-13T10:30:00Z,-1.889,0.686,-0.962,0.302,-1.026,-2.89
2023-07-13T10:45:00Z,-1.889,0.686,-0.935,0.302,-1.026,-2.863
2023-07-13T11:00:00Z,-1.808,0.113,-0.238,-0.013,-1.025,-2.972
2023-07-13T11:15:00Z,-1.808,0.113,-0.293,-0.013,-1.026,-3.028
2023-07-13T11:30:00Z,-1.808,0.113,-0.292,-0.013,-1.026,-3.026
2023-07-13T11:45:00Z,-1.808,0.113,-0.172,-0.013,-1.037,-2.917
2023-07-13T12:00:00Z,-1.629,-0.321,-0.568,-0.306,-1.087,-3.91
2023-07-13T12:15:00Z,-1.629,-0.321,-0.679,-0.306,-1.087,-4.022
2023-07-13T12:30:00Z,-1.629,-0.321,-0.813,-0.306,-1.087,-4.156
2023-07-13T12:45:00Z,-1.629,-0.321,-0.877,-0.306,-1.087,-4.22
2023-07-13T13:00:00Z,-1.122,-0.13,-1.158,-0.021,-1.087,-3.519
2023-07-13T13:15:00Z,-1.122,-0.13,-1.245,-0.021,-1.087,-3.606
2023-07-13T13:30:00Z,-1.122,-0.13,-1.139,-0.021,-1.087,-3.499
2023-07-13T13:45:00Z,-1.122,-0.13,-1.428,-0.021,-1.087,-3.788
2023-07-13T14:00:00Z,-0.637,0.521,-2.026,0.289,-1.027,-2.879
2023-07-13T14:15:00Z,-0.637,0.521,-2.233,0.289,-1.026,-3.085
2023-07-13T14:30:00Z,-0.637,0.521,-2.099,0.289,-1.026,-2.951
2023-07-13T14:45:00Z,-0.637,0.521,-2.249,0.289,-1.026,-3.101
2023-07-13T15:00:00Z,0.288,0.696,-2.88,0.536,-1.026,-2.387
2023-07-13T15:15:00Z,0.288,0.696,-3.191,0.536,-1.026,-2.698
2023-07-13T15:30:00Z,0.288,0.696,-3.199,0.536,-1.027,-2.706
2023-07-13T15:45:00Z,0.288,0.696,-3.429,0.536,-0.907,-2.817
2023-07-13T16:00:00Z,0.149,0.69,-4.29,0.623,-0.67,-3.498
2023-07-13T16:15:00Z,0.149,0.69,-4.043,0.623,-0.67,-3.25
2023-07-13T16:30:00Z,0.149,0.69,-3.929,0.623,-0.67,-3.137
2023-07-13T16:45:00Z,0.149,0.69,-3.897,0.623,-0.631,-3.066
2023-07-13T17:00:00Z,0.759,0.299,-3.965,0.622,-0.439,-2.725
2023-07-13T17:15:00Z,0.759,0.299,-3.881,0.622,-0.439,-2.641
2023-07-13T17:30:00Z,0.759,0.299,-3.707,0.622,-0.439,-2.467
2023-07-13T17:45:00Z,0.759,0.299,-3.741,0.622,-0.293,-2.355
2023-07-13T18:00:00Z,0.86,-0.407,-3.521,0.589,0.631,-1.848
2023-07-13T18:15:00Z,0.86,-0.407,-3.336,0.589,0.697,-1.597
2023-07-13T18:30:00Z,0.86,-0.407,-3.276,0.589,0.698,-1.537
2023-07-13T18:45:00Z,0.86,-0.407,-3.129,0.589,0.688,-1.399
2023-07-13T19:00:00Z,1.229,-0.698,-2.768,0.623,0.454,-1.159
2023-07-13T19:15:00Z,1.229,-0.698,-2.505,0.623,0.454,-0.896
2023-07-13T19:30:00Z,1.229,-0.698,-2.359,0.623,0.454,-0.75
2023-07-13T19:45:00Z,1.229,-0.698,-2.133,0.623,0.303,-0.676
2023-07-13T20:00:00Z,0.994,-0.693,-1.711,0.624,-0.106,-0.892
2023-07-13T20:15:00Z,0.994,-0.693,-1.697,0.624,-0.105,-0.878
2023-07-13T20:30:00Z,0.994,-0.693,-1.499,0.624,-0.106,-0.68
2023-07-13T20:45:00Z,0.994,-0.693,-1.394,0.624,-0.07,-0.539
2023-07-13T21:00:00Z,0.151,-0.543,-1.565,0.623,0.112,-1.222
2023-07-13T21:15:00Z,0.151,-0.543,-1.634,0.623,0.113,-1.29
2023-07-13T21:30:00Z,0.151,-0.543,-1.518,0.623,0.112,-1.175
2023-07-13T21:45:00Z,0.151,-0.543,-1.46,0.623,0.217,-1.012
2023-07-13T22:00:00Z,0.641,-0.08,-2.467,0.623,0.932,-0.352
2023-07-13T22:15:00Z,0.641,-0.08,-2.719,0.623,0.944,-0.591
2023-07-13T22:30:00Z,0.641,-0.08,-2.872,0.623,0.943,-0.745
2023-07-13T22:45:00Z,0.641,-0.08,-2.849,0.623,0.981,-0.684
2023-07-13T23:00:00Z,0.484,-0.28,-2.526,0.623,1.054,-0.645
2023-07-13T23:15:00Z,0.484,-0.28,-2.408,0.623,1.054,-0.527
2023-07-13T23:30:00Z,0.484,-0.28,-2.414,0.623,1.054,-0.533
2023-07-13T23:45:00Z,0.484,-0.28,-2.447,0.623,1.053,-0.567
2023-07-14T00:00:00Z,0.34,-0.554,-2.101,0.619,0.937,-0.759
2023-07-14T00:15:00Z,0.34,-0.554,-2.072,0.619,0.937,-0.729
2023-07-14T00:30:00Z,0.34,-0.554,-2.157,0.619,0.936,-0.815
2023-07-14T00:45:00Z,0.34,-0.554,-2.242,0.619,0.956,-0.88
2023-07-14T01:00:00Z,0.127,-0.632,-1.98,0.623,0.994,-0.866
2023-07-14T01:15:00Z,0.127,-0.632,-2.008,0.623,0.994,-0.895
2023-07-14T01:30:00Z,0.127,-0.632,-1.951,0.623,0.994,-0.839
2023-07-14T01:45:00Z,0.127,-0.632,-1.923,0.623,0.994,-0.809
2023-07-14T02:00:00Z,0.298,-0.634,-1.894,0.616,0.994,-0.62
2023-07-14T02:15:00Z,0.298,-0.634,-1.99,0.616,0.995,-0.715
2023-07-14T02:30:00Z,0.298,-0.634,-2.058,0.616,0.995,-0.783
2023-07-14T02:45:00Z,0.298,-0.634,-2.062,0.616,0.994,-0.788
2023-07-14T03:00:00Z,1.005,-0.681,-2.09,0.535,0.993,-0.238
2023-07-14T03:15:00Z,1.005,-0.681,-2.191,0.535,0.993,-0.339
2023-07-14T03:30:00Z,1.005,-0.681,-2.259,0.535,0.993,-0.407
2023-07-14T03:45:00Z,1.005,-0.681,-2.395,0.535,0.992,-0.544
2023-07-14T04:00:00Z,1.773,-0.699,-2.702,0.621,0.878,-0.129
2023-07-14T04:15:00Z,1.773,-0.699,-2.847,0.621,0.878,-0.273
2023-07-14T04:30:00Z,1.773,-0.699,-2.941,0.621,0.878,-0.367
2023-07-14T04:45:00Z,1.773,-0.699,-3.003,0.621,0.878,-0.429
2023-07-14T05:00:00Z,2.024,-0.698,-3.057,0.57,0.424,-0.737
2023-07-14T05:15:00Z,2.024,-0.698,-3.125,0.57,0.425,-0.804
2023-07-14T05:30:00Z,2.024,-0.698,-3.137,0.57,0.425,-0.816
2023-07-14T05:45:00Z,2.024,-0.698,-2.962,0.57,0.282,-0.783
2023-07-14T06:00:00Z,0.894,-0.698,-2.29,0.264,-0.596,-2.427
2023-07-14T06:15:00Z,0.894,-0.698,-2.378,0.264,-0.639,-2.558
2023-07-14T06:30:00Z,0.894,-0.698,-2.304,0.264,-0.639,-2.484
2023-07-14T06:45:00Z,0.894,-0.698,-2.24,0.264,-0.626,-2.407
2023-07-14T07:00:00Z,-0.469,-0.698,-1.822,0,-0.566,-3.555
2023-07-14T07:15:00Z,-0.469,-0.698,-1.625,0,-0.566,-3.357
2023-07-14T07:30:00Z,-0.469,-0.698,-1.352,0,-0.566,-3.085
2023-07-14T07:45:00Z,-0.469,-0.698,-1.207,0,-0.574,-2.947
2023-07-14T08:00:00Z,-0.632,-0.698,-0.804,-0.013,-0.589,-2.736
2023-07-14T08:15:00Z,-0.632,-0.698,-0.693,-0.013,-0.589,-2.625
2023-07-14T08:30:00Z,-0.632,-0.698,-0.297,-0.013,-0.59,-2.229
2023-07-14T08:45:00Z,-0.632,-0.698,-0.431,-0.013,-0.574,-2.348
2023-07-14T09:00:00Z,-0.602,-0.669,-0.389,-0.305,-0.5,-2.464
2023-07-14T09:15:00Z,-0.602,-0.669,-0.615,-0.305,-0.501,-2.691
2023-07-14T09:30:00Z,-0.602,-0.669,-0.697,-0.305,-0.501,-2.772
2023-07-14T09:45:00Z,-0.602,-0.669,-0.672,-0.305,-0.421,-2.668
2023-07-14T10:00:00Z,-0.728,0.003,-0.903,0,-0.262,-1.891
2023-07-14T10:15:00Z,-0.728,0.003,-0.863,0,-0.262,-1.85
2023-07-14T10:30:00Z,-0.728,0.003,-0.651,0,-0.262,-1.638
2023-07-14T10:45:00Z,-0.728,0.003,-0.677,0,-0.263,-1.665
2023-07-14T11:00:00Z,-0.214,0.128,-0.431,0,-0.555,-1.072
2023-07-14T11:15:00Z,-0.214,0.128,-0.489,0,-0.554,-1.129
2023-07-14T11:30:00Z,-0.214,0.128,-0.619,0,-0.555,-1.26
2023-07-14T11:45:00Z,-0.214,0.128,-0.469,0,-0.566,-1.121
2023-07-14T12:00:00Z,-0.11,-0.122,-0.044,0,-0.624,-0.9
2023-07-14T12:15:00Z,-0.11,-0.122,-0.111,0,-0.624,-0.968
2023-07-14T12:30:00Z,-0.11,-0.122,-0.161,0,-0.624,-1.018
2023-07-14T12:45:00Z,-0.11,-0.122,-0.17,0,-0.622,-1.025
2023-07-14T13:00:00Z,0.232,-0.4,-0.137,0.013,-0.323,-0.614
2023-07-14T13:15:00Z,0.232,-0.4,-0.216,0.013,-0.322,-0.692
2023-07-14T13:30:00Z,0.232,-0.4,-0.234,0.013,-0.323,-0.711
2023-07-14T13:45:00Z,0.232,-0.4,-0.366,0.013,-0.215,-0.736
2023-07-14T14:00:00Z,0.012,0.126,-1.071,0.328,0.679,0.073
2023-07-14T14:15:00Z,0.012,0.126,-1.089,0.328,0.768,0.144
2023-07-14T14:30:00Z,0.012,0.126,-0.982,0.328,0.768,0.251
2023-07-14T14:45:00Z,0.012,0.126,-0.909,0.328,0.845,0.401
2023-07-14T15:00:00Z,0.866,-0.516,-0.645,0.622,0.995,1.323
2023-07-14T15:15:00Z,0.866,-0.516,-0.373,0.622,0.996,1.595
2023-07-14T15:30:00Z,0.866,-0.516,-0.453,0.622,0.995,1.515
2023-07-14T15:45:00Z,0.866,-0.516,-0.475,0.622,0.995,1.492
2023-07-14T16:00:00Z,1.063,0.085,-2.043,0.623,0.995,0.723
2023-07-14T16:15:00Z,1.063,0.085,-2.408,0.623,0.995,0.359
2023-07-14T16:30:00Z,1.063,0.085,-2.817,0.623,0.995,-0.05
2023-07-14T16:45:00Z,1.063,0.085,-2.754,0.623,0.995,0.013
2023-07-14T17:00:00Z,1.982,-0.575,-2.286,0.624,0.759,0.504
2023-07-14T17:15:00Z,1.982,-0.575,-2.375,0.624,0.759,0.415
2023-07-14T17:30:00Z,1.982,-0.575,-2.409,0.624,0.759,0.381
2023-07-14T17:45:00Z,1.982,-0.575,-2.459,0.624,0.857,0.429
2023-07-14T18:00:00Z,2.243,-0.625,-2.691,0.623,1.053,0.603
2023-07-14T18:15:00Z,2.243,-0.625,-2.811,0.623,1.054,0.483
2023-07-14T18:30:00Z,2.243,-0.625,-2.787,0.623,1.054,0.507
2023-07-14T18:45:00Z,2.243,-0.625,-2.852,0.623,1.054,0.443
2023-07-14T19:00:00Z,2.638,-0.573,-3.488,0.623,0.995,0.195
2023-07-14T19:15:00Z,2.638,-0.573,-3.545,0.623,0.995,0.138
2023-07-14T19:30:00Z,2.638,-0.573,-3.577,0.623,0.996,0.107
2023-07-14T19:45:00Z,2.638,-0.573,-3.516,0.623,0.994,0.166
2023-07-14T20:00:00Z,1.74,-0.602,-3.094,0.618,0.941,-0.396
2023-07-14T20:15:00Z,1.74,-0.602,-3.1,0.618,0.942,-0.402
2023-07-14T20:30:00Z,1.74,-0.602,-3.075,0.618,0.941,-0.378
2023-07-14T20:45:00Z,1.74,-0.602,-3.032,0.618,0.942,-0.333
2023-07-14T21:00:00Z,0.189,-0.439,-2.21,0.497,0.917,-1.045
2023-07-14T21:15:00Z,0.189,-0.439,-1.827,0.497,0.917,-0.663
2023-07-14T21:30:00Z,0.189,-0.439,-1.239,0.497,0.917,-0.074
2023-07-14T21:45:00Z,0.189,-0.439,-0.944,0.497,0.838,0.142
2023-07-14T22:00:00Z,0.077,0.227,-0.254,0.572,0.453,1.075
2023-07-14T22:15:00Z,0.077,0.227,-0.777,0.572,0.452,0.552
2023-07-14T22:30:00Z,0.077,0.227,-0.445,0.572,0.453,0.884
2023-07-14T22:45:00Z,0.077,0.227,-0.352,0.572,0.482,1.007
2023-07-14T23:00:00Z,0.166,0.672,-0.095,0.272,0.627,1.642
2023-07-14T23:15:00Z,0.166,0.672,0.221,0.272,0.626,1.957
2023-07-14T23:30:00Z,0.166,0.672,0.258,0.272,0.627,1.995
2023-07-14T23:45:00Z,0.166,0.672,0.096,0.272,0.588,1.793
2023-07-15T00:00:00Z,0.367,0.263,0.285,0.071,0.4,1.386
2023-07-15T00:15:00Z,0.367,0.263,0.232,0.071,0.4,1.333
2023-07-15T00:30:00Z,0.367,0.263,0.264,0.071,0.401,1.366
2023-07-15T00:45:00Z,0.367,0.263,0.435,0.071,0.476,1.612
2023-07-15T01:00:00Z,0.259,-0.13,0.567,0.012,0.626,1.334
2023-07-15T01:15:00Z,0.259,-0.13,0.49,0.012,0.626,1.257
2023-07-15T01:30:00Z,0.259,-0.13,0.561,0.012,0.627,1.329
2023-07-15T01:45:00Z,0.259,-0.13,0.639,0.012,0.687,1.468
2023-07-15T02:00:00Z,0.055,-0.36,0.768,0.29,0.806,1.559
2023-07-15T02:15:00Z,0.055,-0.36,0.819,0.29,0.805,1.609
2023-07-15T02:30:00Z,0.055,-0.36,0.889,0.29,0.805,1.679
2023-07-15T02:45:00Z,0.055,-0.36,0.994,0.29,0.817,1.795
2023-07-15T03:00:00Z,0.258,0.039,0.648,0,0.839,1.784
2023-07-15T03:15:00Z,0.258,0.039,0.604,0,0.839,1.74
2023-07-15T03:30:00Z,0.258,0.039,0.543,0,0.839,1.679
2023-07-15T03:45:00Z,0.258,0.039,0.461,0,0.827,1.585
2023-07-15T04:00:00Z,0.148,0.683,0.251,0.119,0.767,1.968
2023-07-15T04:15:00Z,0.148,0.683,0.077,0.119,0.766,1.793
2023-07-15T04:30:00Z,0.148,0.683,0.058,0.119,0.766,1.774
2023-07-15T04:45:00Z,0.148,0.683,-0.065,0.119,0.766,1.651
2023-07-15T05:00:00Z,-0.143,0.7,0.078,0.42,0.685,1.741
2023-07-15T05:15:00Z,-0.143,0.7,-0.273,0.42,0.686,1.39
2023-07-15T05:30:00Z,-0.143,0.7,-0.448,0.42,0.684,1.214
2023-07-15T05:45:00Z,-0.143,0.7,-0.378,0.42,0.392,0.991
2023-07-15T06:00:00Z,-0.114,0.694,-0.258,0.471,-0,0.793
2023-07-15T06:15:00Z,-0.114,0.694,-0.475,0.471,0,0.575
2023-07-15T06:30:00Z,-0.114,0.694,-0.544,0.471,0,0.507
2023-07-15T06:45:00Z,-0.114,0.694,-0.599,0.471,-0.001,0.451
2023-07-15T07:00:00Z,-0.045,0.414,-0.504,0.243,-0.404,-0.296
2023-07-15T07:15:00Z,-0.045,0.414,-1.035,0.243,-0.403,-0.826
2023-07-15T07:30:00Z,-0.045,0.414,-1.071,0.243,-0.404,-0.862
2023-07-15T07:45:00Z,-0.045,0.414,-1.093,0.243,-0.404,-0.885
2023-07-15T08:00:00Z,0.466,-0.293,-1.108,-0.013,-0.68,-1.628
2023-07-15T08:15:00Z,0.466,-0.293,-1.43,-0.013,-0.681,-1.951
2023-07-15T08:30:00Z,0.466,-0.293,-1.478,-0.013,-0.68,-1.998
2023-07-15T08:45:00Z,0.466,-0.293,-1.465,-0.013,-0.597,-1.902
2023-07-15T09:00:00Z,0.401,-0.668,-1.326,-0.319,-0.43,-2.34
2023-07-15T09:15:00Z,0.401,-0.668,-1.401,-0.319,-0.43,-2.416
2023-07-15T09:30:00Z,0.401,-0.668,-1.354,-0.319,-0.429,-2.368
2023-07-15T09:45:00Z,0.401,-0.668,-1.236,-0.319,-0.431,-2.251
2023-07-15T10:00:00Z,-0.271,-0.017,-1.249,-0.321,-0.852,-2.709
2023-07-15T10:15:00Z,-0.271,-0.017,-1.53,-0.321,-0.851,-2.989
2023-07-15T10:30:00Z,-0.271,-0.017,-1.552,-0.321,-0.852,-3.011
2023-07-15T10:45:00Z,-0.271,-0.017,-1.529,-0.321,-0.775,-2.911
2023-07-15T11:00:00Z,-0.678,-0.376,-1.238,-0.59,-0.623,-3.504
2023-07-15T11:15:00Z,-0.678,-0.376,-0.99,-0.59,-0.622,-3.255
2023-07-15T11:30:00Z,-0.678,-0.376,-1.174,-0.59,-0.624,-3.441
2023-07-15T11:45:00Z,-0.678,-0.376,-1.353,-0.59,-0.628,-3.624
2023-07-15T12:00:00Z,-0.157,0.276,-2.807,-0.273,-0.64,-3.601
2023-07-15T12:15:00Z,-0.157,0.276,-3.005,-0.273,-0.641,-3.8
2023-07-15T12:30:00Z,-0.157,0.276,-3.352,-0.273,-0.641,-4.148
2023-07-15T12:45:00Z,-0.157,0.276,-3.44,-0.273,-0.64,-4.235
2023-07-15T13:00:00Z,0.074,0.253,-3.207,-0.162,-0.434,-3.476
2023-07-15T13:15:00Z,0.074,0.253,-3.056,-0.162,-0.435,-3.325
2023-07-15T13:30:00Z,0.074,0.253,-3.264,-0.162,-0.434,-3.532
2023-07-15T13:45:00Z,0.074,0.253,-3.28,-0.162,-0.435,-3.55
2023-07-15T14:00:00Z,0.07,-0.101,-2.689,-0.013,-0.361,-3.095
2023-07-15T14:15:00Z,0.07,-0.101,-2.802,-0.013,-0.361,-3.208
2023-07-15T14:30:00Z,0.07,-0.101,-2.61,-0.013,-0.361,-3.016
2023-07-15T14:45:00Z,0.07,-0.101,-2.705,-0.013,-0.241,-2.99
2023-07-15T15:00:00Z,1.009,-0.62,-1.456,-0.305,-0.001,-1.373
2023-07-15T15:15:00Z,1.009,-0.62,-1.694,-0.305,-0.001,-1.611
2023-07-15T15:30:00Z,1.009,-0.62,-1.63,-0.305,-0,-1.546
2023-07-15T15:45:00Z,1.009,-0.62,-1.442,-0.305,-0.001,-1.358
2023-07-15T16:00:00Z,0.289,-0.099,-2.51,0.014,0.661,-1.645
2023-07-15T16:15:00Z,0.289,-0.099,-2.336,0.014,0.746,-1.386
2023-07-15T16:30:00Z,0.289,-0.099,-2.337,0.014,0.745,-1.388
2023-07-15T16:45:00Z,0.289,-0.099,-2.228,0.014,0.712,-1.312
2023-07-15T17:00:00Z,0.279,0.193,-2.145,0.327,0.553,-0.792
2023-07-15T17:15:00Z,0.279,0.193,-2.041,0.327,0.554,-0.689
2023-07-15T17:30:00Z,0.279,0.193,-1.869,0.327,0.553,-0.518
2023-07-15T17:45:00Z,0.279,0.193,-1.625,0.327,0.553,-0.273
2023-07-15T18:00:00Z,0.957,0.525,-2.066,0.617,0.205,0.238
2023-07-15T18:15:00Z,0.957,0.525,-2.064,0.617,0.205,0.24
2023-07-15T18:30:00Z,0.957,0.525,-1.915,0.617,0.205,0.389
2023-07-15T18:45:00Z,0.957,0.525,-1.663,0.617,0.196,0.632
2023-07-15T19:00:00Z,0.71,0.693,-1.425,0.623,0.148,0.749
2023-07-15T19:15:00Z,0.71,0.693,-1.406,0.623,0.148,0.768
2023-07-15T19:30:00Z,0.71,0.693,-1.267,0.623,0.149,0.907
2023-07-15T19:45:00Z,0.71,0.693,-1.159,0.623,0.187,1.054
2023-07-15T20:00:00Z,0.295,0.699,-1.154,0.623,0.36,0.823
2023-07-15T20:15:00Z,0.295,0.699,-1.036,0.623,0.359,0.94
2023-07-15T20:30:00Z,0.295,0.699,-0.868,0.623,0.359,1.109
2023-07-15T20:45:00Z,0.295,0.699,-0.875,0.623,0.274,1.016
2023-07-15T21:00:00Z,0.335,0.652,-0.696,0.61,0.102,1.003
2023-07-15T21:15:00Z,0.335,0.652,-0.858,0.61,0.101,0.84
2023-07-15T21:30:00Z,0.335,0.652,-0.988,0.61,0.101,0.71
2023-07-15T21:45:00Z,0.335,0.652,-1.171,0.61,0.101,0.527
2023-07-15T22:00:00Z,0.848,0.699,-1.512,0.305,0.668,1.008
2023-07-15T22:15:00Z,0.848,0.699,-1.55,0.305,0.703,1.005
2023-07-15T22:30:00Z,0.848,0.699,-1.552,0.305,0.703,1.003
2023-07-15T22:45:00Z,0.848,0.699,-1.339,0.305,0.4,0.913
2023-07-15T23:00:00Z,0.306,0.687,0.037,0,-0.565,0.465
2023-07-15T23:15:00Z,0.306,0.687,0.167,0,-0.593,0.566
2023-07-15T23:30:00Z,0.306,0.687,0.287,0,-0.593,0.686
2023-07-15T23:45:00Z,0.306,0.687,0.087,0,-0.366,0.713
2023-07-16T00:00:00Z,0.196,0.131,-0.325,-0.12,0.101,-0.016
2023-07-16T00:15:00Z,0.196,0.131,-0.49,-0.12,0.101,-0.181
2023-07-16T00:30:00Z,0.196,0.131,-0.322,-0.12,0.102,-0.013
2023-07-16T00:45:00Z,0.196,0.131,-0.203,-0.12,0.102,0.106
2023-07-16T01:00:00Z,0.21,0.476,-0.319,-0.152,0.143,0.358
2023-07-16T01:15:00Z,0.21,0.476,-0.395,-0.152,0.144,0.283
2023-07-16T01:30:00Z,0.21,0.476,-0.283,-0.152,0.144,0.395
2023-07-16T01:45:00Z,0.21,0.476,-0.188,-0.152,0.249,0.595
2023-07-16T02:00:00Z,-0.025,0.248,-0.031,-0.437,0.849,0.604
2023-07-16T02:15:00Z,-0.025,0.248,-0.093,-0.437,0.848,0.541
2023-07-16T02:30:00Z,-0.025,0.248,-0.138,-0.437,0.849,0.496
2023-07-16T02:45:00Z,-0.025,0.248,-0.195,-0.437,0.83,0.422
2023-07-16T03:00:00Z,-0.092,0.006,-0.226,-0.278,0.751,0.161
2023-07-16T03:15:00Z,-0.092,0.006,-0.175,-0.278,0.751,0.212
2023-07-16T03:30:00Z,-0.092,0.006,-0.179,-0.278,0.751,0.209
2023-07-16T03:45:00Z,-0.092,0.006,-0.26,-0.278,0.679,0.055
2023-07-16T04:00:00Z,0.181,-0.109,-0.369,-0.515,0.522,-0.29
2023-07-16T04:15:00Z,0.181,-0.109,-0.598,-0.515,0.523,-0.519
2023-07-16T04:30:00Z,0.181,-0.109,-0.643,-0.515,0.522,-0.564
2023-07-16T04:45:00Z,0.181,-0.109,-0.922,-0.515,0.493,-0.873
2023-07-16T05:00:00Z,-0.315,-0.248,-0.777,-0.535,0.347,-1.527
2023-07-16T05:15:00Z,-0.315,-0.248,-1.013,-0.535,0.348,-1.764
2023-07-16T05:30:00Z,-0.315,-0.248,-1.062,-0.535,0.347,-1.813
2023-07-16T05:45:00Z,-0.315,-0.248,-1.035,-0.535,0.232,-1.901
2023-07-16T06:00:00Z,-0.699,0.093,-1.387,-0.617,-0.406,-3.016
2023-07-16T06:15:00Z,-0.699,0.093,-1.52,-0.617,-0.406,-3.149
2023-07-16T06:30:00Z,-0.699,0.093,-1.38,-0.617,-0.406,-3.009
2023-07-16T06:45:00Z,-0.699,0.093,-1.229,-0.617,-0.494,-2.946
2023-07-16T07:00:00Z,-0.957,-0.551,-1.529,-0.626,-0.672,-4.333
2023-07-16T07:15:00Z,-0.957,-0.551,-1.65,-0.626,-0.671,-4.454
2023-07-16T07:30:00Z,-0.957,-0.551,-1.764,-0.626,-0.671,-4.568
2023-07-16T07:45:00Z,-0.957,-0.551,-1.78,-0.626,-0.73,-4.643
2023-07-16T08:00:00Z,-0.621,-0.689,-1.227,-0.593,-1.011,-4.141
2023-07-16T08:15:00Z,-0.621,-0.689,-1.291,-0.593,-1.01,-4.204
2023-07-16T08:30:00Z,-0.621,-0.689,-1.342,-0.593,-1.011,-4.256
2023-07-16T08:45:00Z,-0.621,-0.689,-1.38,-0.593,-1.001,-4.284
2023-07-16T09:00:00Z,-1.063,-0.676,-1.099,-0.649,-0.952,-4.439
2023-07-16T09:15:00Z,-1.063,-0.676,-1.197,-0.649,-0.951,-4.536
2023-07-16T09:30:00Z,-1.063,-0.676,-1.114,-0.649,-0.951,-4.454
2023-07-16T09:45:00Z,-1.063,-0.676,-1.11,-0.649,-0.976,-4.474
2023-07-16T10:00:00Z,-1.351,-0.517,-1.121,-0.646,-1.023,-4.659
2023-07-16T10:15:00Z,-1.351,-0.517,-0.764,-0.646,-1.024,-4.302
2023-07-16T10:30:00Z,-1.351,-0.517,-0.908,-0.646,-1.023,-4.446
2023-07-16T10:45:00Z,-1.351,-0.517,-0.897,-0.646,-1.021,-4.433
2023-07-16T11:00:00Z,-0.964,-0.586,-1.207,-0.649,-0.951,-4.357
2023-07-16T11:15:00Z,-0.964,-0.586,-1.346,-0.649,-0.951,-4.496
2023-07-16T11:30:00Z,-0.964,-0.586,-1.381,-0.649,-0.95,-4.53
2023-07-16T11:45:00Z,-0.964,-0.586,-1.191,-0.649,-0.912,-4.302
2023-07-16T12:00:00Z,-0.902,-0.692,-1.446,-0.649,-0.73,-4.42
2023-07-16T12:15:00Z,-0.902,-0.692,-1.704,-0.649,-0.729,-4.676
2023-07-16T12:30:00Z,-0.902,-0.692,-1.828,-0.649,-0.73,-4.801
2023-07-16T12:45:00Z,-0.902,-0.692,-1.81,-0.649,-0.71,-4.763
2023-07-16T13:00:00Z,-0.427,-0.571,-2.176,-0.624,-0.621,-4.419
2023-07-16T13:15:00Z,-0.427,-0.571,-2.092,-0.624,-0.62,-4.334
2023-07-16T13:30:00Z,-0.427,-0.571,-1.982,-0.624,-0.621,-4.225
2023-07-16T13:45:00Z,-0.427,-0.571,-2.367,-0.624,-0.676,-4.664
2023-07-16T14:00:00Z,0.493,-0.465,-2.256,-0.297,-0.953,-3.478
2023-07-16T14:15:00Z,0.493,-0.465,-2.198,-0.297,-0.952,-3.419
2023-07-16T14:30:00Z,0.493,-0.465,-1.934,-0.297,-0.953,-3.157
2023-07-16T14:45:00Z,0.493,-0.465,-1.773,-0.297,-0.951,-2.993
2023-07-16T15:00:00Z,-0.382,0.11,-2.105,0.013,-0.867,-3.231
2023-07-16T15:15:00Z,-0.382,0.11,-1.947,0.013,-0.867,-3.073
2023-07-16T15:30:00Z,-0.382,0.11,-2.209,0.013,-0.867,-3.335
2023-07-16T15:45:00Z,-0.382,0.11,-2.123,0.013,-0.867,-3.25
2023-07-16T16:00:00Z,-0.772,0.684,-1.897,0.327,-0.955,-2.612
2023-07-16T16:15:00Z,-0.772,0.684,-1.424,0.327,-0.955,-2.139
2023-07-16T16:30:00Z,-0.772,0.684,-1.627,0.327,-0.955,-2.342
2023-07-16T16:45:00Z,-0.772,0.684,-1.427,0.327,-0.925,-2.112
2023-07-16T17:00:00Z,-0.163,0.7,-2.267,0.623,-0.242,-1.349
2023-07-16T17:15:00Z,-0.163,0.7,-2.349,0.623,-0.18,-1.369
2023-07-16T17:30:00Z,-0.163,0.7,-2.326,0.623,-0.179,-1.344
2023-07-16T17:45:00Z,-0.163,0.7,-2.411,0.623,-0.12,-1.371
2023-07-16T18:00:00Z,0.355,0.7,-2.63,0.624,0.263,-0.688
2023-07-16T18:15:00Z,0.355,0.7,-2.577,0.624,0.263,-0.635
2023-07-16T18:30:00Z,0.355,0.7,-2.646,0.624,0.263,-0.704
2023-07-16T18:45:00Z,0.355,0.7,-2.58,0.624,0.263,-0.638
2023-07-16T19:00:00Z,0.765,0.7,-2.895,0.623,0.223,-0.583
2023-07-16T19:15:00Z,0.765,0.7,-2.846,0.623,0.223,-0.534
2023-07-16T19:30:00Z,0.765,0.7,-2.498,0.623,0.223,-0.186
2023-07-16T19:45:00Z,0.765,0.7,-2.506,0.623,0.149,-0.268
2023-07-16T20:00:00Z,0.875,0.7,-2.487,0.624,-0.001,-0.288
2023-07-16T20:15:00Z,0.875,0.7,-2.485,0.624,-0,-0.286
2023-07-16T20:30:00Z,0.875,0.7,-2.239,0.624,-0,-0.04
2023-07-16T20:45:00Z,0.875,0.7,-2.307,0.624,-0,-0.108
2023-07-16T21:00:00Z,0.774,0.7,-2.161,0.623,-0.105,-0.168
2023-07-16T21:15:00Z,0.774,0.7,-2.102,0.623,-0.105,-0.109
2023-07-16T21:30:00Z,0.774,0.7,-2.108,0.623,-0.106,-0.116
2023-07-16T21:45:00Z,0.774,0.7,-2.062,0.623,-0.07,-0.035
2023-07-16T22:00:00Z,0.115,0.7,-1.481,0.623,0.273,0.231
2023-07-16T22:15:00Z,0.115,0.7,-1.256,0.623,0.273,0.456
2023-07-16T22:30:00Z,0.115,0.7,-1.383,0.623,0.273,0.329
2023-07-16T22:45:00Z,0.115,0.7,-1.522,0.623,0.384,0.301
2023-07-16T23:00:00Z,0.265,0.7,-1.252,0.623,0.605,0.942
2023-07-16T23:15:00Z,0.265,0.7,-1.328,0.623,0.605,0.865
2023-07-16T23:30:00Z,0.265,0.7,-1.423,0.623,0.605,0.77
2023-07-16T23:45:00Z,0.265,0.7,-1.898,0.623,0.496,0.187
2023-07-17T00:00:00Z,0.731,0.7,-1.729,0.623,0.28,0.605
2023-07-17T00:15:00Z,0.731,0.7,-1.708,0.623,0.28,0.627
2023-07-17T00:30:00Z,0.731,0.7,-1.773,0.623,0.28,0.561
2023-07-17T00:45:00Z,0.731,0.7,-1.707,0.623,0.244,0.592
2023-07-17T01:00:00Z,0.508,0.7,-1.697,0.623,0.174,0.308
2023-07-17T01:15:00Z,0.508,0.7,-1.722,0.623,0.174,0.283
2023-07-17T01:30:00Z,0.508,0.7,-1.611,0.623,0.174,0.395
2023-07-17T01:45:00Z,0.508,0.7,-1.632,0.623,0.15,0.349
2023-07-17T02:00:00Z,0.486,0.7,-1.609,0.623,0.101,0.301
2023-07-17T02:15:00Z,0.486,0.7,-1.612,0.623,0.101,0.298
2023-07-17T02:30:00Z,0.486,0.7,-1.631,0.623,0.102,0.279
2023-07-17T02:45:00Z,0.486,0.7,-1.521,0.623,0.101,0.389
2023-07-17T03:00:00Z,0.69,0.7,-1.536,0.623,0.2,0.677
2023-07-17T03:15:00Z,0.69,0.7,-1.412,0.623,0.2,0.801
2023-07-17T03:30:00Z,0.69,0.7,-1.301,0.623,0.2,0.913
2023-07-17T03:45:00Z,0.69,0.7,-1.451,0.623,0.298,0.86
2023-07-17T04:00:00Z,0.835,0.7,-1.897,0.623,0.493,0.754
2023-07-17T04:15:00Z,0.835,0.7,-2.041,0.623,0.493,0.611
2023-07-17T04:30:00Z,0.835,0.7,-2.208,0.623,0.492,0.443
2023-07-17T04:45:00Z,0.835,0.7,-2.368,0.623,0.327,0.118
2023-07-17T05:00:00Z,1.119,0.7,-2.308,0.623,-0.107,0.026
2023-07-17T05:15:00Z,1.119,0.7,-2.471,0.623,-0.109,-0.137
2023-07-17T05:30:00Z,1.119,0.7,-2.47,0.623,-0.109,-0.137
2023-07-17T05:45:00Z,1.119,0.7,-2.404,0.623,-0.111,-0.073
2023-07-17T06:00:00Z,-0.01,0.7,-2.227,0.623,-0.431,-1.345
2023-07-17T06:15:00Z,-0.01,0.7,-2.216,0.623,-0.431,-1.334
2023-07-17T06:30:00Z,-0.01,0.7,-1.948,0.623,-0.431,-1.066
2023-07-17T06:45:00Z,-0.01,0.7,-2.15,0.623,-0.532,-1.369
2023-07-17T07:00:00Z,-0.361,0.7,-2.283,0.61,-1.025,-2.358
2023-07-17T07:15:00Z,-0.361,0.7,-2.501,0.61,-1.024,-2.576
2023-07-17T07:30:00Z,-0.361,0.7,-2.658,0.61,-1.025,-2.734
2023-07-17T07:45:00Z,-0.361,0.7,-2.388,0.61,-1.025,-2.464
2023-07-17T08:00:00Z,-1.911,0.691,-1.387,0.301,-1.025,-3.33
2023-07-17T08:15:00Z,-1.911,0.691,-1.172,0.301,-1.025,-3.116
2023-07-17T08:30:00Z,-1.911,0.691,-1.146,0.301,-1.025,-3.09
2023-07-17T08:45:00Z,-1.911,0.691,-1.133,0.301,-1.026,-3.077
2023-07-17T09:00:00Z,-2.377,0.295,-0.458,-0.013,-1.025,-3.578
2023-07-17T09:15:00Z,-2.377,0.295,-0.578,-0.013,-1.024,-3.697
2023-07-17T09:30:00Z,-2.377,0.295,-0.77,-0.013,-1.026,-3.891
2023-07-17T09:45:00Z,-2.377,0.295,-0.778,-0.013,-1.026,-3.899
2023-07-17T10:00:00Z,0.246,-0.229,-0.412,-0.332,-1.026,-1.753
2023-07-17T10:15:00Z,0.246,-0.229,-0.951,-0.332,-1.025,-2.292
2023-07-17T10:30:00Z,0.246,-0.229,-1.012,-0.332,-1.026,-2.353
2023-07-17T10:45:00Z,0.246,-0.229,-0.769,-0.332,-1.025,-2.11
2023-07-17T11:00:00Z,-2.054,0.334,-0.111,-0.606,-1.025,-3.463
2023-07-17T11:15:00Z,-2.054,0.334,0.194,-0.606,-1.025,-3.158
2023-07-17T11:30:00Z,-2.054,0.334,0.37,-0.606,-1.025,-2.982
2023-07-17T11:45:00Z,-2.054,0.334,0.473,-0.606,-1.025,-2.879
2023-07-17T12:00:00Z,-1.487,-0.228,0.29,-0.365,-1.025,-2.815
2023-07-17T12:15:00Z,-1.487,-0.228,0.033,-0.365,-1.026,-3.073
2023-07-17T12:30:00Z,-1.487,-0.228,0.327,-0.365,-1.025,-2.778
2023-07-17T12:45:00Z,-1.487,-0.228,0.437,-0.365,-1.026,-2.669
2023-07-17T13:00:00Z,-2.383,0.362,0.335,-0.117,-1.026,-2.83
2023-07-17T13:15:00Z,-2.383,0.362,0.466,-0.117,-1.026,-2.698
2023-07-17T13:30:00Z,-2.383,0.362,0.385,-0.117,-1.026,-2.779
2023-07-17T13:45:00Z,-2.383,0.362,0.205,-0.117,-1.026,-2.959
2023-07-17T14:00:00Z,-1.454,0.529,-0.467,0.202,-1.026,-2.216
2023-07-17T14:15:00Z,-1.454,0.529,-0.553,0.202,-1.025,-2.301
2023-07-17T14:30:00Z,-1.454,0.529,-0.672,0.202,-1.025,-2.42
2023-07-17T14:45:00Z,-1.454,0.529,-0.734,0.202,-1.013,-2.47
2023-07-17T15:00:00Z,-0.5,0.695,-1.592,0.505,-0.954,-1.846
2023-07-17T15:15:00Z,-0.5,0.695,-1.855,0.505,-0.953,-2.109
2023-07-17T15:30:00Z,-0.5,0.695,-2.044,0.505,-0.954,-2.298
2023-07-17T15:45:00Z,-0.5,0.695,-2.122,0.505,-0.966,-2.388
2023-07-17T16:00:00Z,-0.344,0.7,-2.444,0.623,-1.022,-2.487
2023-07-17T16:15:00Z,-0.344,0.7,-2.45,0.623,-1.023,-2.494
2023-07-17T16:30:00Z,-0.344,0.7,-2.647,0.623,-1.023,-2.691
2023-07-17T16:45:00Z,-0.344,0.7,-2.656,0.623,-1.022,-2.699
2023-07-17T17:00:00Z,-0.204,0.7,-2.846,0.623,-0.823,-2.55
2023-07-17T17:15:00Z,-0.204,0.7,-3.093,0.623,-0.823,-2.797
2023-07-17T17:30:00Z,-0.204,0.7,-3.134,0.623,-0.823,-2.838
2023-07-17T17:45:00Z,-0.204,0.7,-2.887,0.623,-0.713,-2.481
2023-07-17T18:00:00Z,0.648,0.7,-2.839,0.623,-0.167,-1.035
2023-07-17T18:15:00Z,0.648,0.7,-3.043,0.623,-0.169,-1.241
2023-07-17T18:30:00Z,0.648,0.7,-3.101,0.623,-0.168,-1.298
2023-07-17T18:45:00Z,0.648,0.7,-3.133,0.623,-0.184,-1.346
2023-07-17T19:00:00Z,0.927,0.7,-2.934,0.623,-0.257,-0.94
2023-07-17T19:15:00Z,0.927,0.7,-2.698,0.623,-0.257,-0.704
2023-07-17T19:30:00Z,0.927,0.7,-2.512,0.623,-0.257,-0.518
2023-07-17T19:45:00Z,0.927,0.7,-2.314,0.623,-0.221,-0.285
2023-07-17T20:00:00Z,0.719,0.7,-2.125,0.623,-0.151,-0.235
2023-07-17T20:15:00Z,0.719,0.7,-1.909,0.623,-0.152,-0.019
2023-07-17T20:30:00Z,0.719,0.7,-1.819,0.623,-0.152,0.071
2023-07-17T20:45:00Z,0.719,0.7,-1.877,0.623,-0.101,0.064
2023-07-17T21:00:00Z,0.365,0.7,-1.928,0.622,0.273,0.032
2023-07-17T21:15:00Z,0.365,0.7,-2.141,0.622,0.273,-0.181
2023-07-17T21:30:00Z,0.365,0.7,-2.135,0.622,0.273,-0.175
2023-07-17T21:45:00Z,0.365,0.7,-2.14,0.622,0.335,-0.118
2023-07-17T22:00:00Z,0.187,0.7,-2.086,0.623,0.455,-0.12
2023-07-17T22:15:00Z,0.187,0.7,-2.326,0.623,0.456,-0.36
2023-07-17T22:30:00Z,0.187,0.7,-2.414,0.623,0.456,-0.448
2023-07-17T22:45:00Z,0.187,0.7,-2.338,0.623,0.494,-0.333
2023-07-17T23:00:00Z,0.193,0.7,-1.876,0.623,0.568,0.209
2023-07-17T23:15:00Z,0.193,0.7,-1.691,0.623,0.568,0.393
2023-07-17T23:30:00Z,0.193,0.7,-1.67,0.623,0.568,0.414
2023-07-17T23:45:00Z,0.193,0.7,-1.647,0.623,0.598,0.467
2023-07-18T00:00:00Z,0.388,0.7,-1.714,0.623,0.657,0.655
2023-07-18T00:15:00Z,0.388,0.7,-1.789,0.623,0.656,0.579
2023-07-18T00:30:00Z,0.388,0.7,-1.712,0.623,0.656,0.656
2023-07-18T00:45:00Z,0.388,0.7,-1.681,0.623,0.656,0.687
2023-07-18T01:00:00Z,0.11,0.7,-1.478,0.623,0.639,0.595
2023-07-18T01:15:00Z,0.11,0.7,-1.525,0.623,0.639,0.548
2023-07-18T01:30:00Z,0.11,0.7,-1.512,0.623,0.639,0.561
2023-07-18T01:45:00Z,0.11,0.7,-1.502,0.623,0.645,0.576
2023-07-18T02:00:00Z,0.342,0.7,-1.757,0.624,0.656,0.565
2023-07-18T02:15:00Z,0.342,0.7,-1.741,0.624,0.657,0.582
2023-07-18T02:30:00Z,0.342,0.7,-1.72,0.624,0.656,0.603
2023-07-18T02:45:00Z,0.342,0.7,-1.827,0.624,0.723,0.562
2023-07-18T03:00:00Z,0.474,0.7,-2.202,0.623,0.852,0.447
2023-07-18T03:15:00Z,0.474,0.7,-2.186,0.623,0.852,0.463
2023-07-18T03:30:00Z,0.474,0.7,-2.395,0.623,0.852,0.254
2023-07-18T03:45:00Z,0.474,0.7,-2.526,0.623,0.868,0.14
2023-07-18T04:00:00Z,0.75,0.692,-2.841,0.623,0.901,0.125
2023-07-18T04:15:00Z,0.75,0.692,-2.886,0.623,0.901,0.08
2023-07-18T04:30:00Z,0.75,0.692,-2.997,0.623,0.9,-0.032
2023-07-18T04:45:00Z,0.75,0.692,-3.062,0.623,0.901,-0.096
2023-07-18T05:00:00Z,0.518,0.671,-3.002,0.623,0.494,-0.696
2023-07-18T05:15:00Z,0.518,0.671,-2.957,0.623,0.494,-0.651
2023-07-18T05:30:00Z,0.518,0.671,-2.994,0.623,0.494,-0.687
2023-07-18T05:45:00Z,0.518,0.671,-2.97,0.623,0.328,-0.829
2023-07-18T06:00:00Z,-0.161,0.696,-2.436,0.623,-0.441,-1.719
2023-07-18T06:15:00Z,-0.161,0.696,-2.69,0.623,-0.441,-1.973
2023-07-18T06:30:00Z,-0.161,0.696,-2.687,0.623,-0.441,-1.97
2023-07-18T06:45:00Z,-0.161,0.696,-2.766,0.623,-0.442,-2.051
2023-07-18T07:00:00Z,-1.413,0.7,-1.74,0.623,-0.866,-2.696
2023-07-18T07:15:00Z,-1.413,0.7,-1.65,0.623,-0.865,-2.605
2023-07-18T07:30:00Z,-1.413,0.7,-1.783,0.623,-0.865,-2.738
2023-07-18T07:45:00Z,-1.413,0.7,-1.846,0.623,-0.894,-2.829
2023-07-18T08:00:00Z,-2.185,0.7,-2.101,0.623,-1.026,-3.989
2023-07-18T08:15:00Z,-2.185,0.7,-2.423,0.623,-1.025,-4.31
2023-07-18T08:30:00Z,-2.185,0.7,-2.281,0.623,-1.026,-4.168
2023-07-18T08:45:00Z,-2.185,0.7,-2.333,0.623,-1.026,-4.22
2023-07-18T09:00:00Z,-2.678,0.7,-2.268,0.624,-1.026,-4.649
2023-07-18T09:15:00Z,-2.678,0.7,-2.188,0.624,-1.026,-4.569
2023-07-18T09:30:00Z,-2.678,0.7,-2.175,0.624,-1.026,-4.556
2023-07-18T09:45:00Z,-2.678,0.7,-2.297,0.624,-1.026,-4.678
2023-07-18T10:00:00Z,-2.384,0.7,-2.822,0.623,-1.026,-4.909
2023-07-18T10:15:00Z,-2.384,0.7,-3.193,0.623,-1.026,-5.28
2023-07-18T10:30:00Z,-2.384,0.7,-3.524,0.623,-1.026,-5.611
2023-07-18T10:45:00Z,-2.384,0.7,-3.791,0.623,-0.903,-5.755
2023-07-18T11:00:00Z,-2.002,0.7,-3.663,0.623,-0.658,-5.001
2023-07-18T11:15:00Z,-2.002,0.7,-3.841,0.623,-0.659,-5.179
2023-07-18T11:30:00Z,-2.002,0.7,-3.72,0.623,-0.658,-5.057
2023-07-18T11:45:00Z,-2.002,0.7,-3.758,0.623,-0.718,-5.155
2023-07-18T12:00:00Z,-1.793,0.7,-3.557,0.623,-1.004,-5.031
2023-07-18T12:15:00Z,-1.793,0.7,-3.584,0.623,-1.004,-5.058
2023-07-18T12:30:00Z,-1.793,0.7,-3.855,0.623,-1.005,-5.33
2023-07-18T12:45:00Z,-1.793,0.7,-3.827,0.623,-1.007,-5.305
2023-07-18T13:00:00Z,-1.218,0.7,-3.381,0.623,-1.021,-4.297
2023-07-18T13:15:00Z,-1.218,0.7,-3.403,0.623,-1.021,-4.318
2023-07-18T13:30:00Z,-1.218,0.7,-3.271,0.623,-1.021,-4.187
2023-07-18T13:45:00Z,-1.218,0.7,-3.045,0.623,-1.022,-3.962
2023-07-18T14:00:00Z,-1.228,0.696,-2.757,0.624,-1.026,-3.691
2023-07-18T14:15:00Z,-1.228,0.696,-2.794,0.624,-1.026,-3.729
2023-07-18T14:30:00Z,-1.228,0.696,-2.8,0.624,-1.025,-3.734
2023-07-18T14:45:00Z,-1.228,0.696,-2.799,0.624,-1.026,-3.734
2023-07-18T15:00:00Z,-0.722,0.523,-2.481,0.624,-1.026,-3.084
2023-07-18T15:15:00Z,-0.722,0.523,-2.529,0.624,-1.026,-3.131
2023-07-18T15:30:00Z,-0.722,0.523,-2.472,0.624,-1.026,-3.074
2023-07-18T15:45:00Z,-0.722,0.523,-2.387,0.624,-1.017,-2.981
2023-07-18T16:00:00Z,-0.106,0.686,-2.628,0.623,-0.969,-2.393
2023-07-18T16:15:00Z,-0.106,0.686,-2.679,0.623,-0.969,-2.444
2023-07-18T16:30:00Z,-0.106,0.686,-2.428,0.623,-0.969,-2.193
2023-07-18T16:45:00Z,-0.106,0.686,-2.162,0.623,-0.781,-1.739
2023-07-18T17:00:00Z,0.367,0.374,-2.398,0.624,-0.138,-1.172
2023-07-18T17:15:00Z,0.367,0.374,-2.03,0.624,-0.138,-0.803
2023-07-18T17:30:00Z,0.367,0.374,-1.655,0.624,-0.138,-0.429
2023-07-18T17:45:00Z,0.367,0.374,-1.548,0.624,-0.093,-0.277
2023-07-18T18:00:00Z,0.772,0.462,-1.72,0.624,0.456,0.594
2023-07-18T18:15:00Z,0.772,0.462,-1.585,0.624,0.455,0.728
2023-07-18T18:30:00Z,0.772,0.462,-1.536,0.624,0.456,0.778
2023-07-18T18:45:00Z,0.772,0.462,-1.44,0.624,0.534,0.952
2023-07-18T19:00:00Z,1.106,0.675,-1.822,0.624,0.693,1.275
2023-07-18T19:15:00Z,1.106,0.675,-1.772,0.624,0.693,1.326
2023-07-18T19:30:00Z,1.106,0.675,-1.782,0.624,0.694,1.316
2023-07-18T19:45:00Z,1.106,0.675,-1.671,0.624,0.691,1.425
2023-07-18T20:00:00Z,0.884,0.097,-0.856,0.624,0.316,1.065
2023-07-18T20:15:00Z,0.884,0.097,-0.598,0.624,0.317,1.324
2023-07-18T20:30:00Z,0.884,0.097,-0.381,0.624,0.318,1.541
2023-07-18T20:45:00Z,0.884,0.097,-0.654,0.624,0.329,1.28
2023-07-18T21:00:00Z,1.129,0.508,-1.633,0.623,0.385,1.011
2023-07-18T21:15:00Z,1.129,0.508,-1.894,0.623,0.385,0.751
2023-07-18T21:30:00Z,1.129,0.508,-1.88,0.623,0.385,0.765
2023-07-18T21:45:00Z,1.129,0.508,-1.913,0.623,0.29,0.637
2023-07-18T22:00:00Z,0.848,0.163,-1.205,0.623,0.1,0.53
2023-07-18T22:15:00Z,0.848,0.163,-1.374,0.623,0.101,0.361
2023-07-18T22:30:00Z,0.848,0.163,-1.464,0.623,0.101,0.271
2023-07-18T22:45:00Z,0.848,0.163,-1.698,0.623,0.249,0.185
2023-07-18T23:00:00Z,1.347,0.557,-3.287,0.623,0.995,0.235
2023-07-18T23:15:00Z,1.347,0.557,-3.541,0.623,0.994,-0.02
2023-07-18T23:30:00Z,1.347,0.557,-3.627,0.623,0.994,-0.106
2023-07-18T23:45:00Z,1.347,0.557,-3.618,0.623,0.988,-0.103
2023-07-19T00:00:00Z,0.733,-0.061,-2.58,0.623,0.959,-0.325
2023-07-19T00:15:00Z,0.733,-0.061,-2.593,0.623,0.959,-0.338
2023-07-19T00:30:00Z,0.733,-0.061,-2.658,0.623,0.96,-0.402
2023-07-19T00:45:00Z,0.733,-0.061,-2.626,0.623,0.951,-0.379
2023-07-19T01:00:00Z,0.556,-0.566,-2.27,0.624,0.912,-0.745
2023-07-19T01:15:00Z,0.556,-0.566,-2.28,0.624,0.912,-0.755
2023-07-19T01:30:00Z,0.556,-0.566,-2.322,0.624,0.912,-0.797
2023-07-19T01:45:00Z,0.556,-0.566,-2.307,0.624,0.927,-0.767
2023-07-19T02:00:00Z,0.615,-0.698,-2.246,0.623,0.995,-0.711
2023-07-19T02:15:00Z,0.615,-0.698,-2.29,0.623,0.995,-0.755
2023-07-19T02:30:00Z,0.615,-0.698,-2.265,0.623,0.995,-0.73
2023-07-19T02:45:00Z,0.615,-0.698,-2.335,0.623,0.988,-0.807
2023-07-19T03:00:00Z,0.865,-0.699,-2.471,0.623,0.952,-0.73
2023-07-19T03:15:00Z,0.865,-0.699,-2.395,0.623,0.952,-0.654
2023-07-19T03:30:00Z,0.865,-0.699,-2.359,0.623,0.952,-0.617
2023-07-19T03:45:00Z,0.865,-0.699,-2.375,0.623,0.955,-0.631
2023-07-19T04:00:00Z,0.696,-0.698,-2.278,0.623,0.966,-0.691
2023-07-19T04:15:00Z,0.696,-0.698,-2.21,0.623,0.966,-0.624
2023-07-19T04:30:00Z,0.696,-0.698,-2.128,0.623,0.966,-0.541
2023-07-19T04:45:00Z,0.696,-0.698,-2.071,0.623,0.966,-0.485
2023-07-19T05:00:00Z,0.54,-0.698,-2.122,0.623,0.876,-0.781
2023-07-19T05:15:00Z,0.54,-0.698,-2.268,0.623,0.876,-0.927
2023-07-19T05:30:00Z,0.54,-0.698,-2.31,0.623,0.875,-0.971
2023-07-19T05:45:00Z,0.54,-0.698,-2.05,0.623,0.458,-1.128
2023-07-19T06:00:00Z,0.169,-0.661,-1.245,0.623,-0.107,-1.221
2023-07-19T06:15:00Z,0.169,-0.661,-1.523,0.623,-0.106,-1.499
2023-07-19T06:30:00Z,0.169,-0.661,-1.699,0.623,-0.106,-1.675
2023-07-19T06:45:00Z,0.169,-0.661,-1.886,0.623,-0.106,-1.862
2023-07-19T07:00:00Z,-0.065,0.006,-2.132,0.623,-0.709,-2.278
2023-07-19T07:15:00Z,-0.065,0.006,-2.487,0.623,-0.759,-2.683
2023-07-19T07:30:00Z,-0.065,0.006,-2.789,0.623,-0.758,-2.983
2023-07-19T07:45:00Z,-0.065,0.006,-3.104,0.623,-0.797,-3.338
2023-07-19T08:00:00Z,-0.658,0.515,-2.875,0.623,-0.98,-3.375
2023-07-19T08:15:00Z,-0.658,0.515,-2.911,0.623,-0.98,-3.411
2023-07-19T08:30:00Z,-0.658,0.515,-2.966,0.623,-0.98,-3.466
2023-07-19T08:45:00Z,-0.658,0.515,-2.777,0.623,-0.988,-3.286
2023-07-19T09:00:00Z,-0.361,0.642,-2.975,0.623,-1.026,-3.097
2023-07-19T09:15:00Z,-0.361,0.642,-2.99,0.623,-1.026,-3.112
2023-07-19T09:30:00Z,-0.361,0.642,-2.895,0.623,-1.026,-3.016
2023-07-19T09:45:00Z,-0.361,0.642,-2.955,0.623,-1.026,-3.077
2023-07-19T10:00:00Z,0.342,0.643,-3.463,0.623,-1.025,-2.88
2023-07-19T10:15:00Z,0.342,0.643,-3.491,0.623,-1.025,-2.908
2023-07-19T10:30:00Z,0.342,0.643,-3.579,0.623,-1.025,-2.997
2023-07-19T10:45:00Z,0.342,0.643,-3.418,0.623,-1.025,-2.835
2023-07-19T11:00:00Z,0.452,0.558,-3.015,0.621,-1.025,-2.409
2023-07-19T11:15:00Z,0.452,0.558,-3.072,0.621,-1.025,-2.466
2023-07-19T11:30:00Z,0.452,0.558,-3.187,0.621,-1.025,-2.581
2023-07-19T11:45:00Z,0.452,0.558,-2.998,0.621,-1.021,-2.387
2023-07-19T12:00:00Z,0.679,0.502,-3.151,0.558,-0.994,-2.406
2023-07-19T12:15:00Z,0.679,0.502,-3.17,0.558,-0.993,-2.424
2023-07-19T12:30:00Z,0.679,0.502,-2.978,0.558,-0.993,-2.232
2023-07-19T12:45:00Z,0.679,0.502,-2.924,0.558,-0.916,-2.1
2023-07-19T13:00:00Z,0.677,0.351,-3.095,0.455,-0.537,-2.149
2023-07-19T13:15:00Z,0.677,0.351,-3.258,0.455,-0.537,-2.313
2023-07-19T13:30:00Z,0.677,0.351,-3.112,0.455,-0.537,-2.166
2023-07-19T13:45:00Z,0.677,0.351,-2.966,0.455,-0.537,-2.021
2023-07-19T14:00:00Z,0.881,0.589,-3.168,0.623,-0.568,-1.642
2023-07-19T14:15:00Z,0.881,0.589,-3.181,0.623,-0.568,-1.655
2023-07-19T14:30:00Z,0.881,0.589,-3.221,0.623,-0.568,-1.695
2023-07-19T14:45:00Z,0.881,0.589,-3.139,0.623,-0.541,-1.586
2023-07-19T15:00:00Z,1.379,0.318,-3.134,0.623,-0.418,-1.233
2023-07-19T15:15:00Z,1.379,0.318,-3.09,0.623,-0.417,-1.188
2023-07-19T15:30:00Z,1.379,0.318,-2.959,0.623,-0.417,-1.056
2023-07-19T15:45:00Z,1.379,0.318,-2.811,0.623,-0.393,-0.885
2023-07-19T16:00:00Z,0.546,-0.038,-2.527,0.623,-0.345,-1.741
2023-07-19T16:15:00Z,0.546,-0.038,-2.553,0.623,-0.345,-1.767
2023-07-19T16:30:00Z,0.546,-0.038,-2.532,0.623,-0.346,-1.746
2023-07-19T16:45:00Z,0.546,-0.038,-2.245,0.623,-0.231,-1.344
2023-07-19T17:00:00Z,0.377,-0.69,-1.971,0.623,0.306,-1.355
2023-07-19T17:15:00Z,0.377,-0.69,-1.625,0.623,0.306,-1.008
2023-07-19T17:30:00Z,0.377,-0.69,-1.592,0.623,0.307,-0.975
2023-07-19T17:45:00Z,0.377,-0.69,-1.606,0.623,0.407,-0.889
2023-07-19T18:00:00Z,0.66,-0.692,-2.099,0.623,0.911,-0.597
2023-07-19T18:15:00Z,0.66,-0.692,-1.957,0.623,0.911,-0.455
2023-07-19T18:30:00Z,0.66,-0.692,-1.84,0.623,0.91,-0.339
2023-07-19T18:45:00Z,0.66,-0.692,-1.77,0.623,0.873,-0.305
2023-07-19T19:00:00Z,0.513,-0.607,-1.453,0.623,0.695,-0.229
2023-07-19T19:15:00Z,0.513,-0.607,-1.392,0.623,0.694,-0.169
2023-07-19T19:30:00Z,0.513,-0.607,-1.319,0.623,0.695,-0.094
2023-07-19T19:45:00Z,0.513,-0.607,-1.263,0.623,0.397,-0.337
2023-07-19T20:00:00Z,0.942,0.014,-1.479,0.623,-0.262,-0.161
2023-07-19T20:15:00Z,0.942,0.014,-1.57,0.623,-0.263,-0.253
2023-07-19T20:30:00Z,0.942,0.014,-1.47,0.623,-0.262,-0.152
2023-07-19T20:45:00Z,0.942,0.014,-1.57,0.623,-0.21,-0.201
2023-07-19T21:00:00Z,0.727,0.537,-2.339,0.623,-0.105,-0.557
2023-07-19T21:15:00Z,0.727,0.537,-2.423,0.623,-0.106,-0.642
2023-07-19T21:30:00Z,0.727,0.537,-2.385,0.623,-0.106,-0.603
2023-07-19T21:45:00Z,0.727,0.537,-2.385,0.623,-0.071,-0.568
2023-07-19T22:00:00Z,1.036,0.471,-2.764,0.623,0.354,-0.28
2023-07-19T22:15:00Z,1.036,0.471,-2.971,0.623,0.354,-0.486
2023-07-19T22:30:00Z,1.036,0.471,-3.171,0.623,0.354,-0.686
2023-07-19T22:45:00Z,1.036,0.471,-3.324,0.623,0.496,-0.697
2023-07-19T23:00:00Z,0.264,0.485,-2.911,0.622,0.768,-0.771
2023-07-19T23:15:00Z,0.264,0.485,-2.887,0.622,0.768,-0.748
2023-07-19T23:30:00Z,0.264,0.485,-2.966,0.622,0.767,-0.827
2023-07-19T23:45:00Z,0.264,0.485,-3.006,0.622,0.831,-0.803
2023-07-20T00:00:00Z,0.263,0.151,-2.721,0.609,0.955,-0.742
2023-07-20T00:15:00Z,0.263,0.151,-2.678,0.609,0.956,-0.699
2023-07-20T00:30:00Z,0.263,0.151,-2.611,0.609,0.956,-0.632
2023-07-20T00:45:00Z,0.263,0.151,-2.605,0.609,0.946,-0.636
2023-07-20T01:00:00Z,-0.16,0.361,-2.235,0.604,0.896,-0.533
2023-07-20T01:15:00Z,-0.16,0.361,-2.23,0.604,0.897,-0.527
2023-07-20T01:30:00Z,-0.16,0.361,-2.162,0.604,0.897,-0.459
2023-07-20T01:45:00Z,-0.16,0.361,-2.163,0.604,0.895,-0.462
2023-07-20T02:00:00Z,-0.14,0.53,-2.384,0.612,0.887,-0.495
2023-07-20T02:15:00Z,-0.14,0.53,-2.36,0.612,0.887,-0.471
2023-07-20T02:30:00Z,-0.14,0.53,-2.349,0.612,0.887,-0.459
2023-07-20T02:45:00Z,-0.14,0.53,-2.34,0.612,0.87,-0.467
2023-07-20T03:00:00Z,0.203,0.557,-2.921,0.614,0.793,-0.754
2023-07-20T03:15:00Z,0.203,0.557,-2.956,0.614,0.793,-0.789
2023-07-20T03:30:00Z,0.203,0.557,-2.838,0.614,0.793,-0.671
2023-07-20T03:45:00Z,0.203,0.557,-2.774,0.614,0.811,-0.589
2023-07-20T04:00:00Z,0.137,0.446,-2.964,0.623,0.901,-0.857
2023-07-20T04:15:00Z,0.137,0.446,-2.998,0.623,0.9,-0.892
2023-07-20T04:30:00Z,0.137,0.446,-3.047,0.623,0.901,-0.94
2023-07-20T04:45:00Z,0.137,0.446,-3.099,0.623,0.857,-1.036
2023-07-20T05:00:00Z,-0.085,0.168,-2.63,0.617,0.644,-1.287
2023-07-20T05:15:00Z,-0.085,0.168,-2.799,0.617,0.644,-1.456
2023-07-20T05:30:00Z,-0.085,0.168,-2.899,0.617,0.645,-1.556
2023-07-20T05:45:00Z,-0.085,0.168,-2.797,0.617,0.381,-1.717
2023-07-20T06:00:00Z,-0.426,0.597,-2.804,0.623,-0.402,-2.412
2023-07-20T06:15:00Z,-0.426,0.597,-3.083,0.623,-0.401,-2.69
2023-07-20T06:30:00Z,-0.426,0.597,-3.137,0.623,-0.402,-2.744
2023-07-20T06:45:00Z,-0.426,0.597,-3.097,0.623,-0.503,-2.806
2023-07-20T07:00:00Z,-1.373,0.697,-2.499,0.622,-1.026,-3.578
2023-07-20T07:15:00Z,-1.373,0.697,-2.677,0.622,-1.026,-3.756
2023-07-20T07:30:00Z,-1.373,0.697,-2.764,0.622,-1.025,-3.842
2023-07-20T07:45:00Z,-1.373,0.697,-2.614,0.622,-1.026,-3.692
2023-07-20T08:00:00Z,-1.578,0.7,-2.116,0.605,-1.026,-3.415
2023-07-20T08:15:00Z,-1.578,0.7,-2.119,0.605,-1.026,-3.418
2023-07-20T08:30:00Z,-1.578,0.7,-2.078,0.605,-1.025,-3.377
2023-07-20T08:45:00Z,-1.578,0.7,-1.798,0.605,-1.025,-3.096
2023-07-20T09:00:00Z,-2.194,0.7,-1.403,0.623,-1.026,-3.299
2023-07-20T09:15:00Z,-2.194,0.7,-1.313,0.623,-1.026,-3.209
2023-07-20T09:30:00Z,-2.194,0.7,-1.266,0.623,-1.026,-3.162
2023-07-20T09:45:00Z,-2.194,0.7,-1.147,0.623,-1.014,-3.032
2023-07-20T10:00:00Z,-2.187,0.7,-0.761,0.623,-0.954,-2.579
2023-07-20T10:15:00Z,-2.187,0.7,-0.887,0.623,-0.954,-2.705
2023-07-20T10:30:00Z,-2.187,0.7,-0.807,0.623,-0.954,-2.625
2023-07-20T10:45:00Z,-2.187,0.7,-0.724,0.623,-0.978,-2.566
2023-07-20T11:00:00Z,-1.845,0.7,-0.904,0.624,-1.087,-2.512
2023-07-20T11:15:00Z,-1.845,0.7,-0.985,0.624,-1.087,-2.592
2023-07-20T11:30:00Z,-1.845,0.7,-1.011,0.624,-1.087,-2.618
2023-07-20T11:45:00Z,-1.845,0.7,-0.879,0.624,-1.087,-2.487
2023-07-20T12:00:00Z,-1.506,0.7,-0.553,0.623,-1.087,-1.823
2023-07-20T12:15:00Z,-1.506,0.7,-0.27,0.623,-1.087,-1.541
2023-07-20T12:30:00Z,-1.506,0.7,-0.244,0.623,-1.087,-1.514
2023-07-20T12:45:00Z,-1.506,0.7,-0.261,0.623,-1.076,-1.52
2023-07-20T13:00:00Z,-0.891,0.7,-0.902,0.623,-1.026,-1.496
2023-07-20T13:15:00Z,-0.891,0.7,-1.44,0.623,-1.026,-2.034
2023-07-20T13:30:00Z,-0.891,0.7,-1.456,0.623,-1.026,-2.05
2023-07-20T13:45:00Z,-0.891,0.7,-1.496,0.623,-0.96,-2.024
2023-07-20T14:00:00Z,-0.318,0.7,-1.562,0.623,-0.628,-1.185
2023-07-20T14:15:00Z,-0.318,0.7,-1.846,0.623,-0.628,-1.47
2023-07-20T14:30:00Z,-0.318,0.7,-1.865,0.623,-0.628,-1.487
2023-07-20T14:45:00Z,-0.318,0.7,-1.543,0.623,-0.686,-1.223
2023-07-20T15:00:00Z,-0.051,0.7,-1.472,0.623,-0.974,-1.173
2023-07-20T15:15:00Z,-0.051,0.7,-1.564,0.623,-0.974,-1.266
2023-07-20T15:30:00Z,-0.051,0.7,-1.707,0.623,-0.974,-1.408
2023-07-20T15:45:00Z,-0.051,0.7,-1.542,0.623,-0.965,-1.234
2023-07-20T16:00:00Z,-0.344,0.7,-1.361,0.624,-0.913,-1.295
2023-07-20T16:15:00Z,-0.344,0.7,-1.428,0.624,-0.913,-1.362
2023-07-20T16:30:00Z,-0.344,0.7,-1.457,0.624,-0.913,-1.391
2023-07-20T16:45:00Z,-0.344,0.7,-1.521,0.624,-0.306,-0.847
2023-07-20T17:00:00Z,0.758,0.7,-2.571,0.623,0.264,-0.226
2023-07-20T17:15:00Z,0.758,0.7,-2.592,0.623,0.263,-0.247
2023-07-20T17:30:00Z,0.758,0.7,-2.772,0.623,0.264,-0.427
2023-07-20T17:45:00Z,0.758,0.7,-2.571,0.623,0.31,-0.18
2023-07-20T18:00:00Z,1.019,0.7,-2.703,0.623,0.545,0.184
2023-07-20T18:15:00Z,1.019,0.7,-2.565,0.623,0.545,0.323
2023-07-20T18:30:00Z,1.019,0.7,-2.583,0.623,0.545,0.304
2023-07-20T18:45:00Z,1.019,0.7,-2.445,0.623,0.561,0.459
2023-07-20T19:00:00Z,0.705,0.699,-2.066,0.623,0.594,0.555
2023-07-20T19:15:00Z,0.705,0.699,-1.98,0.623,0.594,0.641
2023-07-20T19:30:00Z,0.705,0.699,-1.831,0.623,0.594,0.79
2023-07-20T19:45:00Z,0.705,0.699,-1.771,0.623,0.523,0.779
2023-07-20T20:00:00Z,1.041,0.64,-1.783,0.623,0.163,0.684
2023-07-20T20:15:00Z,1.041,0.64,-1.763,0.623,0.162,0.703
2023-07-20T20:30:00Z,1.041,0.64,-1.684,0.623,0.162,0.782
2023-07-20T20:45:00Z,1.041,0.64,-1.988,0.623,0.213,0.529
2023-07-20T21:00:00Z,1.106,0.676,-2.381,0.624,0.462,0.487
2023-07-20T21:15:00Z,1.106,0.676,-2.628,0.624,0.462,0.239
2023-07-20T21:30:00Z,1.106,0.676,-2.591,0.624,0.462,0.277
2023-07-20T21:45:00Z,1.106,0.676,-2.554,0.624,0.464,0.315
2023-07-20T22:00:00Z,0.391,0.539,-1.819,0.623,0.473,0.207
2023-07-20T22:15:00Z,0.391,0.539,-1.888,0.623,0.472,0.138
2023-07-20T22:30:00Z,0.391,0.539,-1.789,0.623,0.473,0.237
2023-07-20T22:45:00Z,0.391,0.539,-1.763,0.623,0.56,0.351
2023-07-20T23:00:00Z,0.565,0.38,-1.987,0.623,0.996,0.578
2023-07-20T23:15:00Z,0.565,0.38,-1.961,0.623,0.996,0.603
2023-07-20T23:30:00Z,0.565,0.38,-2.018,0.623,0.995,0.545
2023-07-20T23:45:00Z,0.565,0.38,-2.114,0.623,0.995,0.449
2023-07-21T00:00:00Z,0.463,0.58,-2.181,0.624,0.996,0.481
2023-07-21T00:15:00Z,0.463,0.58,-2.269,0.624,0.996,0.393
2023-07-21T00:30:00Z,0.463,0.58,-2.287,0.624,0.996,0.376
2023-07-21T00:45:00Z,0.463,0.58,-2.332,0.624,0.995,0.329
2023-07-21T01:00:00Z,0.577,0.579,-2.476,0.623,0.995,0.299
2023-07-21T01:15:00Z,0.577,0.579,-2.517,0.623,0.995,0.258
2023-07-21T01:30:00Z,0.577,0.579,-2.547,0.623,0.995,0.228
2023-07-21T01:45:00Z,0.577,0.579,-2.545,0.623,0.995,0.23
2023-07-21T02:00:00Z,0.556,0.311,-2.216,0.623,0.996,0.269
2023-07-21T02:15:00Z,0.556,0.311,-2.193,0.623,0.996,0.292
2023-07-21T02:30:00Z,0.556,0.311,-2.251,0.623,0.995,0.234
2023-07-21T02:45:00Z,0.556,0.311,-2.324,0.623,1.01,0.176
2023-07-21T03:00:00Z,0.959,0.261,-2.525,0.623,1.039,0.358
2023-07-21T03:15:00Z,0.959,0.261,-2.554,0.623,1.039,0.329
2023-07-21T03:30:00Z,0.959,0.261,-2.61,0.623,1.039,0.272
2023-07-21T03:45:00Z,0.959,0.261,-2.63,0.623,1.043,0.257
2023-07-21T04:00:00Z,1.373,-0.167,-2.483,0.623,1.052,0.398
2023-07-21T04:15:00Z,1.373,-0.167,-2.49,0.623,1.052,0.391
2023-07-21T04:30:00Z,1.373,-0.167,-2.557,0.623,1.052,0.324
2023-07-21T04:45:00Z,1.373,-0.167,-2.545,0.623,1.052,0.336
2023-07-21T05:00:00Z,1.128,-0.278,-2.166,0.623,0.665,-0.029
2023-07-21T05:15:00Z,1.128,-0.278,-2.223,0.623,0.665,-0.085
2023-07-21T05:30:00Z,1.128,-0.278,-2.327,0.623,0.665,-0.189
2023-07-21T05:45:00Z,1.128,-0.278,-2.177,0.623,0.386,-0.318
2023-07-21T06:00:00Z,0.99,-0.466,-2.005,0.623,-0.106,-0.964
2023-07-21T06:15:00Z,0.99,-0.466,-2.102,0.623,-0.106,-1.061
2023-07-21T06:30:00Z,0.99,-0.466,-2.306,0.623,-0.106,-1.265
2023-07-21T06:45:00Z,0.99,-0.466,-2.295,0.623,-0.107,-1.256
2023-07-21T07:00:00Z,0.193,-0.076,-2.346,0.624,-0.443,-2.048
2023-07-21T07:15:00Z,0.193,-0.076,-2.679,0.624,-0.444,-2.382
2023-07-21T07:30:00Z,0.193,-0.076,-2.897,0.624,-0.443,-2.6
2023-07-21T07:45:00Z,0.193,-0.076,-2.952,0.624,-0.447,-2.659
2023-07-21T08:00:00Z,-0.021,0.05,-2.999,0.623,-0.474,-2.821
2023-07-21T08:15:00Z,-0.021,0.05,-3.122,0.623,-0.474,-2.944
2023-07-21T08:30:00Z,-0.021,0.05,-3.333,0.623,-0.474,-3.155
2023-07-21T08:45:00Z,-0.021,0.05,-3.267,0.623,-0.474,-3.089
2023-07-21T09:00:00Z,0.079,0.682,-3.943,0.623,-0.504,-3.062
2023-07-21T09:15:00Z,0.079,0.682,-3.95,0.623,-0.503,-3.069
2023-07-21T09:30:00Z,0.079,0.682,-4.204,0.623,-0.504,-3.323
2023-07-21T09:45:00Z,0.079,0.682,-4.195,0.623,-0.505,-3.316
2023-07-21T10:00:00Z,0.132,0.663,-4.215,0.622,-0.77,-3.568
2023-07-21T10:15:00Z,0.132,0.663,-4.235,0.622,-0.77,-3.588
2023-07-21T10:30:00Z,0.132,0.663,-4.141,0.622,-0.77,-3.495
2023-07-21T10:45:00Z,0.132,0.663,-4.192,0.622,-0.757,-3.532
2023-07-21T11:00:00Z,-0.09,0.441,-3.644,0.614,-0.692,-3.372
2023-07-21T11:15:00Z,-0.09,0.441,-3.779,0.614,-0.692,-3.506
2023-07-21T11:30:00Z,-0.09,0.441,-3.573,0.614,-0.691,-3.301
2023-07-21T11:45:00Z,-0.09,0.441,-3.102,0.614,-0.586,-2.723
2023-07-21T12:00:00Z,0.077,0.356,-3.164,0.424,-0.375,-2.682
2023-07-21T12:15:00Z,0.077,0.356,-3.377,0.424,-0.376,-2.897
2023-07-21T12:30:00Z,0.077,0.356,-3.332,0.424,-0.376,-2.852
2023-07-21T12:45:00Z,0.077,0.356,-3.308,0.424,-0.454,-2.905
2023-07-21T13:00:00Z,0.481,0.314,-3.262,0.416,-0.832,-2.883
2023-07-21T13:15:00Z,0.481,0.314,-3.401,0.416,-0.833,-3.022
2023-07-21T13:30:00Z,0.481,0.314,-3.51,0.416,-0.833,-3.131
2023-07-21T13:45:00Z,0.481,0.314,-3.629,0.416,-0.727,-3.144
2023-07-21T14:00:00Z,0.774,-0.056,-3.162,0.549,-0.2,-2.095
2023-07-21T14:15:00Z,0.774,-0.056,-3.227,0.549,-0.2,-2.161
2023-07-21T14:30:00Z,0.774,-0.056,-3.273,0.549,-0.2,-2.207
2023-07-21T14:45:00Z,0.774,-0.056,-3.014,0.549,-0.233,-1.981
2023-07-21T15:00:00Z,0.719,-0.605,-2.757,0.616,-0.38,-2.407
2023-07-21T15:15:00Z,0.719,-0.605,-2.682,0.616,-0.381,-2.333
2023-07-21T15:30:00Z,0.719,-0.605,-2.714,0.616,-0.38,-2.364
2023-07-21T15:45:00Z,0.719,-0.605,-2.737,0.616,-0.409,-2.416
2023-07-21T16:00:00Z,0.733,-0.698,-2.529,0.575,-0.553,-2.473
2023-07-21T16:15:00Z,0.733,-0.698,-2.622,0.575,-0.554,-2.567
2023-07-21T16:30:00Z,0.733,-0.698,-2.519,0.575,-0.553,-2.463
2023-07-21T16:45:00Z,0.733,-0.698,-2.614,0.575,-0.443,-2.448
2023-07-21T17:00:00Z,0.756,-0.698,-3.08,0.615,-0.107,-2.514
2023-07-21T17:15:00Z,0.756,-0.698,-3.068,0.615,-0.108,-2.503
2023-07-21T17:30:00Z,0.756,-0.698,-2.762,0.615,-0.108,-2.197
2023-07-21T17:45:00Z,0.756,-0.698,-2.275,0.615,-0.072,-1.674
2023-07-21T18:00:00Z,0.335,-0.698,-2.076,0.425,0.582,-1.432
2023-07-21T18:15:00Z,0.335,-0.698,-1.889,0.425,0.626,-1.201
2023-07-21T18:30:00Z,0.335,-0.698,-1.642,0.425,0.626,-0.954
2023-07-21T18:45:00Z,0.335,-0.698,-1.499,0.425,0.619,-0.818
2023-07-21T19:00:00Z,0.299,-0.695,-1.254,0.425,0.582,-0.643
2023-07-21T19:15:00Z,0.299,-0.695,-1.129,0.425,0.583,-0.518
2023-07-21T19:30:00Z,0.299,-0.695,-1.082,0.425,0.582,-0.471
2023-07-21T19:45:00Z,0.299,-0.695,-0.897,0.425,0.58,-0.288
2023-07-21T20:00:00Z,0.162,-0.698,-0.612,0.425,0.369,-0.355
2023-07-21T20:15:00Z,0.162,-0.698,-0.45,0.425,0.369,-0.192
2023-07-21T20:30:00Z,0.162,-0.698,-0.243,0.425,0.369,0.014
2023-07-21T20:45:00Z,0.162,-0.698,-0.259,0.425,0.401,0.03
2023-07-21T21:00:00Z,0.808,-0.671,-1.306,0.424,0.546,-0.198
2023-07-21T21:15:00Z,0.808,-0.671,-1.377,0.424,0.547,-0.269
2023-07-21T21:30:00Z,0.808,-0.671,-1.108,0.424,0.546,-0
2023-07-21T21:45:00Z,0.808,-0.671,-1.179,0.424,0.346,-0.271
2023-07-21T22:00:00Z,-0.085,-0.034,-0.484,0.425,-0.107,-0.285
2023-07-21T22:15:00Z,-0.085,-0.034,-0.436,0.425,-0.106,-0.236
2023-07-21T22:30:00Z,-0.085,-0.034,-0.472,0.425,-0.106,-0.271
2023-07-21T22:45:00Z,-0.085,-0.034,-0.59,0.425,-0.07,-0.354
2023-07-21T23:00:00Z,-0.025,0.312,-1.099,0.425,0.28,-0.108
2023-07-21T23:15:00Z,-0.025,0.312,-1.164,0.425,0.279,-0.174
2023-07-21T23:30:00Z,-0.025,0.312,-1.154,0.425,0.28,-0.163
2023-07-21T23:45:00Z,-0.025,0.312,-1.078,0.425,0.22,-0.147
2023-07-22T00:00:00Z,0.317,0.602,-1.001,0.425,0.101,0.444
2023-07-22T00:15:00Z,0.317,0.602,-1.081,0.425,0.101,0.364
2023-07-22T00:30:00Z,0.317,0.602,-1.055,0.425,0.101,0.389
2023-07-22T00:45:00Z,0.317,0.602,-0.961,0.425,0.067,0.449
2023-07-22T01:00:00Z,0.676,0.575,-0.032,0.424,-0.106,1.537
2023-07-22T01:15:00Z,0.676,0.575,0.337,0.424,-0.105,1.907
2023-07-22T01:30:00Z,0.676,0.575,0.469,0.424,-0.106,2.038
2023-07-22T01:45:00Z,0.676,0.575,0.485,0.424,-0.071,2.09
2023-07-22T02:00:00Z,0.779,0.697,0.19,0.425,0.101,2.191
2023-07-22T02:15:00Z,0.779,0.697,0.185,0.425,0.101,2.186
2023-07-22T02:30:00Z,0.779,0.697,0.124,0.425,0.101,2.125
2023-07-22T02:45:00Z,0.779,0.697,0.199,0.425,0.101,2.201
2023-07-22T03:00:00Z,0.969,0.7,0.095,0.424,0.185,2.373
2023-07-22T03:15:00Z,0.969,0.7,0.274,0.424,0.185,2.552
2023-07-22T03:30:00Z,0.969,0.7,0.313,0.424,0.185,2.59
2023-07-22T03:45:00Z,0.969,0.7,0.285,0.424,0.29,2.668
2023-07-22T04:00:00Z,0.975,0.7,0.098,0.425,0.501,2.699
2023-07-22T04:15:00Z,0.975,0.7,0.017,0.425,0.501,2.618
2023-07-22T04:30:00Z,0.975,0.7,0.016,0.425,0.502,2.617
2023-07-22T04:45:00Z,0.975,0.7,-0.081,0.425,0.331,2.349
2023-07-22T05:00:00Z,1.229,0.7,0.137,0.425,-0.479,2.011
2023-07-22T05:15:00Z,1.229,0.7,0.057,0.425,-0.478,1.933
2023-07-22T05:30:00Z,1.229,0.7,-0.003,0.425,-0.478,1.873
2023-07-22T05:45:00Z,1.229,0.7,0.129,0.425,-0.469,2.014
2023-07-22T06:00:00Z,0.421,0.698,0.321,0.424,-0.45,1.415
2023-07-22T06:15:00Z,0.421,0.698,0.235,0.424,-0.449,1.329
2023-07-22T06:30:00Z,0.421,0.698,0.296,0.424,-0.449,1.391
2023-07-22T06:45:00Z,0.421,0.698,0.343,0.424,-0.542,1.345
2023-07-22T07:00:00Z,0.149,0.645,0.78,0.425,-1.005,0.994
2023-07-22T07:15:00Z,0.149,0.645,0.747,0.425,-1.004,0.962
2023-07-22T07:30:00Z,0.149,0.645,0.656,0.425,-1.005,0.87
2023-07-22T07:45:00Z,0.149,0.645,0.565,0.425,-1.011,0.772
2023-07-22T08:00:00Z,0.297,0.698,0.06,0.421,-1.024,0.451
2023-07-22T08:15:00Z,0.297,0.698,-0.053,0.421,-1.024,0.338
2023-07-22T08:30:00Z,0.297,0.698,-0.147,0.421,-1.024,0.245
2023-07-22T08:45:00Z,0.297,0.698,-0.308,0.421,-1.024,0.084
2023-07-22T09:00:00Z,0.057,0.658,0.05,0.34,-1.024,0.08
2023-07-22T09:15:00Z,0.057,0.658,-0.121,0.34,-1.024,-0.091
2023-07-22T09:30:00Z,0.057,0.658,-0.122,0.34,-1.024,-0.092
2023-07-22T09:45:00Z,0.057,0.658,0.063,0.34,-1.045,0.073
2023-07-22T10:00:00Z,0.425,0.006,-0.312,0.229,-1.085,-0.737
2023-07-22T10:15:00Z,0.425,0.006,-0.404,0.229,-1.085,-0.829
2023-07-22T10:30:00Z,0.425,0.006,-0.432,0.229,-1.086,-0.857
2023-07-22T10:45:00Z,0.425,0.006,-0.447,0.229,-1.086,-0.873
2023-07-22T11:00:00Z,0.576,-0.184,-0.204,0.307,-1.086,-0.591
2023-07-22T11:15:00Z,0.576,-0.184,-0.244,0.307,-1.086,-0.631
2023-07-22T11:30:00Z,0.576,-0.184,-0.279,0.307,-1.086,-0.666
2023-07-22T11:45:00Z,0.576,-0.184,-0.454,0.307,-1.085,-0.84
2023-07-22T12:00:00Z,0.909,0.124,-0.841,0.219,-1.026,-0.615
2023-07-22T12:15:00Z,0.909,0.124,-0.834,0.219,-1.025,-0.606
2023-07-22T12:30:00Z,0.909,0.124,-0.843,0.219,-1.025,-0.616
2023-07-22T12:45:00Z,0.909,0.124,-0.913,0.219,-1.025,-0.686
2023-07-22T13:00:00Z,0.911,0.241,-1.016,0,-1.025,-0.89
2023-07-22T13:15:00Z,0.911,0.241,-1.158,0,-1.025,-1.032
2023-07-22T13:30:00Z,0.911,0.241,-1.266,0,-1.025,-1.14
2023-07-22T13:45:00Z,0.911,0.241,-1.273,0,-1.025,-1.147
2023-07-22T14:00:00Z,1.228,0.617,-1.635,0.011,-1.025,-0.803
2023-07-22T14:15:00Z,1.228,0.617,-1.51,0.011,-1.024,-0.678
2023-07-22T14:30:00Z,1.228,0.617,-1.314,0.011,-1.025,-0.483
2023-07-22T14:45:00Z,1.228,0.617,-1.409,0.011,-1.035,-0.588
2023-07-22T15:00:00Z,1.69,0.314,-1.419,0.275,-1.086,-0.226
2023-07-22T15:15:00Z,1.69,0.314,-1.131,0.275,-1.086,0.062
2023-07-22T15:30:00Z,1.69,0.314,-1.059,0.275,-1.086,0.133
2023-07-22T15:45:00Z,1.69,0.314,-1.246,0.275,-0.513,0.52
2023-07-22T16:00:00Z,1.193,-0.07,-1.57,0.425,0.211,0.189
2023-07-22T16:15:00Z,1.193,-0.07,-1.766,0.425,0.211,-0.006
2023-07-22T16:30:00Z,1.193,-0.07,-1.77,0.425,0.211,-0.011
2023-07-22T16:45:00Z,1.193,-0.07,-1.83,0.425,0.307,0.025
2023-07-22T17:00:00Z,1.417,-0.547,-2.329,0.425,0.789,-0.245
2023-07-22T17:15:00Z,1.417,-0.547,-2.341,0.425,0.789,-0.258
2023-07-22T17:30:00Z,1.417,-0.547,-2.511,0.425,0.789,-0.427
2023-07-22T17:45:00Z,1.417,-0.547,-2.574,0.425,0.824,-0.455
2023-07-22T18:00:00Z,1.695,-0.583,-2.883,0.425,0.894,-0.452
2023-07-22T18:15:00Z,1.695,-0.583,-2.643,0.425,0.894,-0.212
2023-07-22T18:30:00Z,1.695,-0.583,-2.786,0.425,0.893,-0.356
2023-07-22T18:45:00Z,1.695,-0.583,-2.809,0.425,0.894,-0.378
2023-07-22T19:00:00Z,1.334,-0.566,-2.997,0.425,0.867,-0.938
2023-07-22T19:15:00Z,1.334,-0.566,-2.983,0.425,0.867,-0.923
2023-07-22T19:30:00Z,1.334,-0.566,-2.866,0.425,0.867,-0.806
2023-07-22T19:45:00Z,1.334,-0.566,-2.698,0.425,0.81,-0.696
2023-07-22T20:00:00Z,1.318,-0.698,-2.426,0.425,0.528,-0.853
2023-07-22T20:15:00Z,1.318,-0.698,-2.345,0.425,0.529,-0.771
2023-07-22T20:30:00Z,1.318,-0.698,-2.176,0.425,0.528,-0.603
2023-07-22T20:45:00Z,1.318,-0.698,-2.155,0.425,0.464,-0.646
2023-07-22T21:00:00Z,1.197,-0.668,-2.228,0.424,0.34,-0.935
2023-07-22T21:15:00Z,1.197,-0.668,-2.261,0.424,0.34,-0.968
2023-07-22T21:30:00Z,1.197,-0.668,-2.18,0.424,0.34,-0.888
2023-07-22T21:45:00Z,1.197,-0.668,-2.09,0.424,0.261,-0.876
2023-07-22T22:00:00Z,0.599,0.017,-1.285,0.425,0.101,-0.143
2023-07-22T22:15:00Z,0.599,0.017,-1.184,0.425,0.102,-0.041
2023-07-22T22:30:00Z,0.599,0.017,-1.213,0.425,0.102,-0.07
2023-07-22T22:45:00Z,0.599,0.017,-1.187,0.425,0.102,-0.045
2023-07-22T23:00:00Z,0.773,0.673,-1.661,0.423,0.402,0.611
2023-07-22T23:15:00Z,0.773,0.673,-1.726,0.423,0.401,0.545
2023-07-22T23:30:00Z,0.773,0.673,-1.684,0.423,0.402,0.588
2023-07-22T23:45:00Z,0.773,0.673,-1.694,0.423,0.475,0.651
2023-07-23T00:00:00Z,0.647,0.341,-1.18,0.365,0.623,0.796
2023-07-23T00:15:00Z,0.647,0.341,-1.232,0.365,0.623,0.744
2023-07-23T00:30:00Z,0.647,0.341,-1.237,0.365,0.623,0.739
2023-07-23T00:45:00Z,0.647,0.341,-1.298,0.365,0.621,0.677
2023-07-23T01:00:00Z,1.14,-0.029,-1.045,0.066,0.507,0.639
2023-07-23T01:15:00Z,1.14,-0.029,-1.069,0.066,0.508,0.616
2023-07-23T01:30:00Z,1.14,-0.029,-1.028,0.066,0.507,0.656
2023-07-23T01:45:00Z,1.14,-0.029,-0.933,0.066,0.507,0.751
2023-07-23T02:00:00Z,1.101,-0.63,-0.288,0,0.399,0.582
2023-07-23T02:15:00Z,1.101,-0.63,-0.271,0,0.398,0.598
2023-07-23T02:30:00Z,1.101,-0.63,-0.248,0,0.399,0.622
2023-07-23T02:45:00Z,1.101,-0.63,-0.164,0,0.482,0.789
2023-07-23T03:00:00Z,0.783,-0.698,-0.458,0,0.891,0.518
2023-07-23T03:15:00Z,0.783,-0.698,-0.431,0,0.891,0.544
2023-07-23T03:30:00Z,0.783,-0.698,-0.452,0,0.89,0.523
2023-07-23T03:45:00Z,0.783,-0.698,-0.477,0,0.889,0.497
2023-07-23T04:00:00Z,0.342,-0.698,-0.306,0,0.744,0.083
2023-07-23T04:15:00Z,0.342,-0.698,-0.377,0,0.744,0.012
2023-07-23T04:30:00Z,0.342,-0.698,-0.338,0,0.745,0.052
2023-07-23T04:45:00Z,0.342,-0.698,-0.33,0,0.757,0.072
2023-07-23T05:00:00Z,0.514,-0.698,-0.661,-0.013,0.783,-0.075
2023-07-23T05:15:00Z,0.514,-0.698,-0.711,-0.013,0.783,-0.124
2023-07-23T05:30:00Z,0.514,-0.698,-0.822,-0.013,0.783,-0.236
2023-07-23T05:45:00Z,0.514,-0.698,-0.913,-0.013,0.862,-0.248
2023-07-23T06:00:00Z,0.591,-0.698,-0.722,-0.324,1.019,-0.134
2023-07-23T06:15:00Z,0.591,-0.698,-1.047,-0.324,1.018,-0.459
2023-07-23T06:30:00Z,0.591,-0.698,-0.908,-0.324,1.019,-0.319
2023-07-23T06:45:00Z,0.591,-0.698,-0.785,-0.324,1.017,-0.199
2023-07-23T07:00:00Z,0.709,-0.698,-0.7,-0.434,0.781,-0.342
2023-07-23T07:15:00Z,0.709,-0.698,-0.791,-0.434,0.781,-0.433
2023-07-23T07:30:00Z,0.709,-0.698,-0.815,-0.434,0.782,-0.456
2023-07-23T07:45:00Z,0.709,-0.698,-0.831,-0.434,0.781,-0.472
2023-07-23T08:00:00Z,0.94,-0.698,-0.386,-0.436,0.49,-0.09
2023-07-23T08:15:00Z,0.94,-0.698,-0.287,-0.436,0.49,0.01
2023-07-23T08:30:00Z,0.94,-0.698,-0.129,-0.436,0.491,0.168
2023-07-23T08:45:00Z,0.94,-0.698,0.229,-0.436,0.408,0.444
2023-07-23T09:00:00Z,0.424,-0.698,0.19,-0.436,0.244,-0.276
2023-07-23T09:15:00Z,0.424,-0.698,0.147,-0.436,0.243,-0.319
2023-07-23T09:30:00Z,0.424,-0.698,0.212,-0.436,0.244,-0.254
2023-07-23T09:45:00Z,0.424,-0.698,0.296,-0.436,0.162,-0.251
2023-07-23T10:00:00Z,-0.733,-0.698,0.597,-0.436,-0.001,-1.27
2023-07-23T10:15:00Z,-0.733,-0.698,0.619,-0.436,-0.001,-1.248
2023-07-23T10:30:00Z,-0.733,-0.698,0.598,-0.436,-0.001,-1.27
2023-07-23T10:45:00Z,-0.733,-0.698,0.405,-0.436,-0.001,-1.462
2023-07-23T11:00:00Z,-1.421,-0.697,0.885,-0.436,0.364,-1.305
2023-07-23T11:15:00Z,-1.421,-0.697,0.882,-0.436,0.363,-1.308
2023-07-23T11:30:00Z,-1.421,-0.697,0.823,-0.436,0.363,-1.367
2023-07-23T11:45:00Z,-1.421,-0.697,0.58,-0.436,0.363,-1.611
2023-07-23T12:00:00Z,-1.107,-0.697,-0.15,-0.436,0.363,-2.027
2023-07-23T12:15:00Z,-1.107,-0.697,-0.602,-0.436,0.361,-2.48
2023-07-23T12:30:00Z,-1.107,-0.697,-0.659,-0.436,0.362,-2.537
2023-07-23T12:45:00Z,-1.107,-0.697,-0.67,-0.436,0.396,-2.515
2023-07-23T13:00:00Z,-1.723,-0.698,-0.781,-0.436,0.554,-3.084
2023-07-23T13:15:00Z,-1.723,-0.698,-0.564,-0.436,0.554,-2.866
2023-07-23T13:30:00Z,-1.723,-0.698,-0.687,-0.436,0.553,-2.99
2023-07-23T13:45:00Z,-1.723,-0.698,-0.687,-0.436,0.348,-3.195
2023-07-23T14:00:00Z,-1.321,-0.698,-0.378,-0.436,-0.848,-3.681
2023-07-23T14:15:00Z,-1.321,-0.698,-0.286,-0.436,-1.024,-3.765
2023-07-23T14:30:00Z,-1.321,-0.698,-0.235,-0.436,-1.025,-3.714
2023-07-23T14:45:00Z,-1.321,-0.698,-0.115,-0.436,-1.045,-3.615
2023-07-23T15:00:00Z,-0.543,-0.69,-0.576,-0.423,-1.086,-3.318
2023-07-23T15:15:00Z,-0.543,-0.69,-0.338,-0.423,-1.086,-3.08
2023-07-23T15:30:00Z,-0.543,-0.69,-0.37,-0.423,-1.086,-3.112
2023-07-23T15:45:00Z,-0.543,-0.69,-0.1,-0.423,-1.087,-2.843
2023-07-23T16:00:00Z,-0.238,-0.482,-0.231,-0.131,-1.086,-2.168
2023-07-23T16:15:00Z,-0.238,-0.482,-0.16,-0.131,-1.086,-2.096
2023-07-23T16:30:00Z,-0.238,-0.482,0.093,-0.131,-1.086,-1.844
2023-07-23T16:45:00Z,-0.238,-0.482,-0.013,-0.131,-1.066,-1.93
2023-07-23T17:00:00Z,-0.364,0.186,-0.447,0.14,-1.025,-1.511
2023-07-23T17:15:00Z,-0.364,0.186,-0.261,0.14,-1.025,-1.324
2023-07-23T17:30:00Z,-0.364,0.186,-0.085,0.14,-1.025,-1.148
2023-07-23T17:45:00Z,-0.364,0.186,-0.066,0.14,-1.025,-1.129
2023-07-23T18:00:00Z,-0.303,0.687,-0.299,0.425,-1.026,-0.516
2023-07-23T18:15:00Z,-0.303,0.687,-0.345,0.425,-1.025,-0.561
2023-07-23T18:30:00Z,-0.303,0.687,-0.272,0.425,-1.025,-0.488
2023-07-23T18:45:00Z,-0.303,0.687,-0.208,0.425,-0.956,-0.355
2023-07-23T19:00:00Z,0.035,0.7,-0.413,0.425,-0.816,-0.069
2023-07-23T19:15:00Z,0.035,0.7,-0.303,0.425,-0.815,0.042
2023-07-23T19:30:00Z,0.035,0.7,-0.229,0.425,-0.816,0.114
2023-07-23T19:45:00Z,0.035,0.7,-0.046,0.425,-0.779,0.334
2023-07-23T20:00:00Z,0.053,0.7,-0.162,0.425,-0.707,0.31
2023-07-23T20:15:00Z,0.053,0.7,-0.043,0.425,-0.706,0.429
2023-07-23T20:30:00Z,0.053,0.7,-0.082,0.425,-0.707,0.39
2023-07-23T20:45:00Z,0.053,0.7,0.1,0.425,-0.719,0.56
2023-07-23T21:00:00Z,-0.667,0.7,0.406,0.425,-0.774,0.091
2023-07-23T21:15:00Z,-0.667,0.7,0.559,0.425,-0.774,0.244
2023-07-23T21:30:00Z,-0.667,0.7,0.674,0.425,-0.773,0.36
2023-07-23T21:45:00Z,-0.667,0.7,0.504,0.425,-0.643,0.32
2023-07-23T22:00:00Z,-0.269,0.7,0.188,0.425,-0.384,0.66
2023-07-23T22:15:00Z,-0.269,0.7,0.095,0.425,-0.384,0.568
2023-07-23T22:30:00Z,-0.269,0.7,0.069,0.425,-0.383,0.542
2023-07-23T22:45:00Z,-0.269,0.7,0.103,0.425,-0.309,0.65
2023-07-23T23:00:00Z,-0.081,0.7,-0.077,0.425,-0.159,0.807
2023-07-23T23:15:00Z,-0.081,0.7,-0.012,0.425,-0.16,0.872
2023-07-23T23:30:00Z,-0.081,0.7,0.011,0.425,-0.16,0.895
2023-07-23T23:45:00Z,-0.081,0.7,0.074,0.425,-0.04,1.077
2023-07-24T00:00:00Z,0.087,0.7,0.053,0.424,0.199,1.463
2023-07-24T00:15:00Z,0.087,0.7,0.01,0.424,0.199,1.42
2023-07-24T00:30:00Z,0.087,0.7,-0.024,0.424,0.199,1.386
2023-07-24T00:45:00Z,0.087,0.7,0.107,0.424,0.297,1.615
2023-07-24T01:00:00Z,0.236,0.7,-0.154,0.424,0.777,1.984
2023-07-24T01:15:00Z,0.236,0.7,-0.183,0.424,0.776,1.954
2023-07-24T01:30:00Z,0.236,0.7,-0.123,0.424,0.777,2.014
2023-07-24T01:45:00Z,0.236,0.7,0.012,0.424,0.831,2.203
2023-07-24T02:00:00Z,0.361,0.698,-0.061,0.424,0.938,2.36
2023-07-24T02:15:00Z,0.361,0.698,-0.096,0.424,0.938,2.324
2023-07-24T02:30:00Z,0.361,0.698,-0.154,0.424,0.937,2.267
2023-07-24T02:45:00Z,0.361,0.698,-0.361,0.424,0.937,2.059
2023-07-24T03:00:00Z,0.248,0.611,-0.45,0.425,0.896,1.73
2023-07-24T03:15:00Z,0.248,0.611,-0.589,0.425,0.896,1.591
2023-07-24T03:30:00Z,0.248,0.611,-0.623,0.425,0.896,1.557
2023-07-24T03:45:00Z,0.248,0.611,-0.842,0.425,0.95,1.39
2023-07-24T04:00:00Z,0.609,0.403,-1.324,0.425,1.049,1.162
2023-07-24T04:15:00Z,0.609,0.403,-1.433,0.425,1.049,1.054
2023-07-24T04:30:00Z,0.609,0.403,-1.263,0.425,1.049,1.224
2023-07-24T04:45:00Z,0.609,0.403,-1.283,0.425,1.049,1.203
2023-07-24T05:00:00Z,0.707,0.615,-1.279,0.424,1.029,1.496
2023-07-24T05:15:00Z,0.707,0.615,-1.134,0.424,1.029,1.641
2023-07-24T05:30:00Z,0.707,0.615,-1.102,0.424,1.029,1.673
2023-07-24T05:45:00Z,0.707,0.615,-1.168,0.424,1.029,1.607
2023-07-24T06:00:00Z,0.41,0.698,-1.129,0.424,0.995,1.399
2023-07-24T06:15:00Z,0.41,0.698,-1.18,0.424,0.996,1.349
2023-07-24T06:30:00Z,0.41,0.698,-1.188,0.424,0.995,1.339
2023-07-24T06:45:00Z,0.41,0.698,-1.008,0.424,0.496,1.021
2023-07-24T07:00:00Z,0.245,0.698,-0.467,0.424,-0.474,0.427
2023-07-24T07:15:00Z,0.245,0.698,-0.705,0.424,-0.474,0.19
2023-07-24T07:30:00Z,0.245,0.698,-0.684,0.424,-0.474,0.211
2023-07-24T07:45:00Z,0.245,0.698,-0.861,0.424,-0.564,-0.057
2023-07-24T08:00:00Z,-0.552,0.623,-0.314,0.425,-1.024,-0.842
2023-07-24T08:15:00Z,-0.552,0.623,-0.49,0.425,-1.025,-1.019
2023-07-24T08:30:00Z,-0.552,0.623,-0.676,0.425,-1.024,-1.204
2023-07-24T08:45:00Z,-0.552,0.623,-0.708,0.425,-1.025,-1.237
2023-07-24T09:00:00Z,-0.895,0.639,-1.266,0.424,-1.025,-2.122
2023-07-24T09:15:00Z,-0.895,0.639,-1.266,0.424,-1.024,-2.121
2023-07-24T09:30:00Z,-0.895,0.639,-1.325,0.424,-1.024,-2.18
2023-07-24T09:45:00Z,-0.895,0.639,-1.376,0.424,-1.021,-2.228
2023-07-24T10:00:00Z,-0.607,0.699,-1.714,0.425,-1.003,-2.201
2023-07-24T10:15:00Z,-0.607,0.699,-1.709,0.425,-1.003,-2.196
2023-07-24T10:30:00Z,-0.607,0.699,-1.667,0.425,-1.003,-2.154
2023-07-24T10:45:00Z,-0.607,0.699,-1.782,0.425,-1.018,-2.284
2023-07-24T11:00:00Z,-0.512,0.698,-1.518,0.425,-1.086,-1.993
2023-07-24T11:15:00Z,-0.512,0.698,-1.448,0.425,-1.086,-1.923
2023-07-24T11:30:00Z,-0.512,0.698,-1.438,0.425,-1.086,-1.914
2023-07-24T11:45:00Z,-0.512,0.698,-1.581,0.425,-1.053,-2.023
2023-07-24T12:00:00Z,-0.434,0.595,-1.934,0.425,-0.876,-2.223
2023-07-24T12:15:00Z,-0.434,0.595,-2.056,0.425,-0.876,-2.346
2023-07-24T12:30:00Z,-0.434,0.595,-2.024,0.425,-0.876,-2.314
2023-07-24T12:45:00Z,-0.434,0.595,-2.109,0.425,-0.865,-2.388
2023-07-24T13:00:00Z,-0.847,0.164,-1.458,0.412,-0.815,-2.545
2023-07-24T13:15:00Z,-0.847,0.164,-1.394,0.412,-0.815,-2.48
2023-07-24T13:30:00Z,-0.847,0.164,-1.26,0.412,-0.815,-2.346
2023-07-24T13:45:00Z,-0.847,0.164,-1.015,0.412,-0.814,-2.1
2023-07-24T14:00:00Z,-0.362,-0.119,-0.997,0.138,-0.81,-2.15
2023-07-24T14:15:00Z,-0.362,-0.119,-1.207,0.138,-0.81,-2.36
2023-07-24T14:30:00Z,-0.362,-0.119,-1.408,0.138,-0.81,-2.561
2023-07-24T14:45:00Z,-0.362,-0.119,-1.195,0.138,-0.789,-2.327
2023-07-24T15:00:00Z,0.028,-0.362,-0.936,0.425,-0.688,-1.534
2023-07-24T15:15:00Z,0.028,-0.362,-0.687,0.425,-0.69,-1.286
2023-07-24T15:30:00Z,0.028,-0.362,-0.878,0.425,-0.689,-1.477
2023-07-24T15:45:00Z,0.028,-0.362,-0.848,0.425,-0.687,-1.444
2023-07-24T16:00:00Z,-0.155,-0.683,-0.639,0.425,-0.67,-1.723
2023-07-24T16:15:00Z,-0.155,-0.683,-0.645,0.425,-0.669,-1.728
2023-07-24T16:30:00Z,-0.155,-0.683,-0.554,0.425,-0.67,-1.638
2023-07-24T16:45:00Z,-0.155,-0.683,-0.384,0.425,-0.597,-1.395
2023-07-24T17:00:00Z,-0.426,-0.339,-0.69,0.425,-0.235,-1.265
2023-07-24T17:15:00Z,-0.426,-0.339,-0.622,0.425,-0.235,-1.197
2023-07-24T17:30:00Z,-0.426,-0.339,-0.668,0.425,-0.234,-1.243
2023-07-24T17:45:00Z,-0.426,-0.339,-0.504,0.425,-0.157,-1.001
2023-07-24T18:00:00Z,-0.456,-0.18,-0.806,0.425,0.541,-0.476
2023-07-24T18:15:00Z,-0.456,-0.18,-0.572,0.425,0.564,-0.219
2023-07-24T18:30:00Z,-0.456,-0.18,-0.341,0.425,0.564,0.011
2023-07-24T18:45:00Z,-0.456,-0.18,-0.186,0.425,0.598,0.201
2023-07-24T19:00:00Z,-0.715,0.187,-0.246,0.424,0.771,0.421
2023-07-24T19:15:00Z,-0.715,0.187,-0.225,0.424,0.77,0.442
2023-07-24T19:30:00Z,-0.715,0.187,-0.182,0.424,0.771,0.486
2023-07-24T19:45:00Z,-0.715,0.187,-0.182,0.424,0.71,0.424
2023-07-24T20:00:00Z,-0.377,0.687,-0.334,0.425,0.41,0.81
2023-07-24T20:15:00Z,-0.377,0.687,-0.395,0.425,0.41,0.749
2023-07-24T20:30:00Z,-0.377,0.687,-0.132,0.425,0.41,1.012
2023-07-24T20:45:00Z,-0.377,0.687,0.011,0.425,0.273,1.018
2023-07-24T21:00:00Z,0.001,0.699,-0.678,0.425,-0.001,0.446
2023-07-24T21:15:00Z,0.001,0.699,-0.859,0.425,-0.001,0.264
2023-07-24T21:30:00Z,0.001,0.699,-0.887,0.425,-0.001,0.237
2023-07-24T21:45:00Z,0.001,0.699,-0.887,0.425,-0.001,0.237
2023-07-24T22:00:00Z,0.121,0.666,-0.361,0.425,-0.3,0.551
2023-07-24T22:15:00Z,0.121,0.666,-0.308,0.425,-0.299,0.605
2023-07-24T22:30:00Z,0.121,0.666,-0.273,0.425,-0.3,0.639
2023-07-24T22:45:00Z,0.121,0.666,-0.317,0.425,-0.235,0.66
2023-07-24T23:00:00Z,-0.011,0.699,-0.185,0.425,-0.106,0.822
2023-07-24T23:15:00Z,-0.011,0.699,-0.021,0.425,-0.106,0.986
2023-07-24T23:30:00Z,-0.011,0.699,-0.055,0.425,-0.106,0.951
2023-07-24T23:45:00Z,-0.011,0.699,-0.125,0.425,-0.071,0.916
2023-07-25T00:00:00Z,0.037,0.7,-0.424,0.425,0.399,1.137
2023-07-25T00:15:00Z,0.037,0.7,-0.522,0.425,0.398,1.038
2023-07-25T00:30:00Z,0.037,0.7,-0.662,0.425,0.399,0.898
2023-07-25T00:45:00Z,0.037,0.7,-0.823,0.425,0.418,0.756
2023-07-25T01:00:00Z,0.223,0.701,-1.013,0.425,0.511,0.846
2023-07-25T01:15:00Z,0.223,0.701,-1.079,0.425,0.51,0.779
2023-07-25T01:30:00Z,0.223,0.701,-1.099,0.425,0.51,0.759
2023-07-25T01:45:00Z,0.223,0.701,-1.129,0.425,0.542,0.762
2023-07-25T02:00:00Z,0.313,0.7,-1.149,0.425,0.701,0.99
2023-07-25T02:15:00Z,0.313,0.7,-1.203,0.425,0.701,0.936
2023-07-25T02:30:00Z,0.313,0.7,-1.252,0.425,0.701,0.887
2023-07-25T02:45:00Z,0.313,0.7,-1.357,0.425,0.711,0.792
2023-07-25T03:00:00Z,0.272,0.7,-1.428,0.425,0.73,0.698
2023-07-25T03:15:00Z,0.272,0.7,-1.422,0.425,0.73,0.704
2023-07-25T03:30:00Z,0.272,0.7,-1.459,0.425,0.73,0.667
2023-07-25T03:45:00Z,0.272,0.7,-1.428,0.425,0.753,0.721
2023-07-25T04:00:00Z,0.268,0.696,-1.482,0.425,0.854,0.76
2023-07-25T04:15:00Z,0.268,0.696,-1.65,0.425,0.854,0.592
2023-07-25T04:30:00Z,0.268,0.696,-1.695,0.425,0.854,0.547
2023-07-25T04:45:00Z,0.268,0.696,-1.655,0.425,0.815,0.548
2023-07-25T05:00:00Z,0.195,0.536,-1.524,0.425,0.621,0.252
2023-07-25T05:15:00Z,0.195,0.536,-1.451,0.425,0.621,0.326
2023-07-25T05:30:00Z,0.195,0.536,-1.505,0.425,0.621,0.272
2023-07-25T05:45:00Z,0.195,0.536,-1.588,0.425,0.372,-0.06
2023-07-25T06:00:00Z,0.026,0.568,-1.219,0.425,-0.599,-0.799
2023-07-25T06:15:00Z,0.026,0.568,-1.399,0.425,-0.645,-1.025
2023-07-25T06:30:00Z,0.026,0.568,-1.536,0.425,-0.644,-1.162
2023-07-25T06:45:00Z,0.026,0.568,-1.431,0.425,-0.646,-1.059
2023-07-25T07:00:00Z,-0.841,0.697,-1.521,0.425,-0.883,-2.123
2023-07-25T07:15:00Z,-0.841,0.697,-1.804,0.425,-0.882,-2.406
2023-07-25T07:30:00Z,-0.841,0.697,-1.866,0.425,-0.883,-2.468
2023-07-25T07:45:00Z,-0.841,0.697,-1.922,0.425,-0.93,-2.572
2023-07-25T08:00:00Z,-0.817,0.696,-2.202,0.423,-1.025,-2.925
2023-07-25T08:15:00Z,-0.817,0.696,-2.228,0.423,-1.026,-2.952
2023-07-25T08:30:00Z,-0.817,0.696,-2.216,0.423,-1.026,-2.94
2023-07-25T08:45:00Z,-0.817,0.696,-2.4,0.423,-1.025,-3.124
2023-07-25T09:00:00Z,-0.292,0.521,-2.601,0.372,-1.025,-3.026
2023-07-25T09:15:00Z,-0.292,0.521,-2.753,0.372,-1.025,-3.178
2023-07-25T09:30:00Z,-0.292,0.521,-2.491,0.372,-1.025,-2.916
2023-07-25T09:45:00Z,-0.292,0.521,-2.544,0.372,-1.025,-2.969
2023-07-25T10:00:00Z,-0.183,0.394,-2.862,0.303,-1.025,-3.374
2023-07-25T10:15:00Z,-0.183,0.394,-3.051,0.303,-1.025,-3.563
2023-07-25T10:30:00Z,-0.183,0.394,-3.042,0.303,-1.026,-3.555
2023-07-25T10:45:00Z,-0.183,0.394,-3.003,0.303,-1.046,-3.535
2023-07-25T11:00:00Z,-0.98,0.644,-2.571,0.415,-1.087,-3.579
2023-07-25T11:15:00Z,-0.98,0.644,-2.473,0.415,-1.086,-3.48
2023-07-25T11:30:00Z,-0.98,0.644,-2.355,0.415,-1.086,-3.363
2023-07-25T11:45:00Z,-0.98,0.644,-2.213,0.415,-1.086,-3.221
2023-07-25T12:00:00Z,-1.254,0.193,-2.079,0.195,-1.086,-4.031
2023-07-25T12:15:00Z,-1.254,0.193,-2.099,0.195,-1.086,-4.051
2023-07-25T12:30:00Z,-1.254,0.193,-1.98,0.195,-1.087,-3.933
2023-07-25T12:45:00Z,-1.254,0.193,-2.08,0.195,-1.086,-4.032
2023-07-25T13:00:00Z,-1.161,0.238,-1.994,0.213,-1.026,-3.729
2023-07-25T13:15:00Z,-1.161,0.238,-1.934,0.213,-1.026,-3.669
2023-07-25T13:30:00Z,-1.161,0.238,-1.978,0.213,-1.026,-3.713
2023-07-25T13:45:00Z,-1.161,0.238,-1.939,0.213,-1.026,-3.674
2023-07-25T14:00:00Z,-0.893,0.593,-1.969,0.132,-1.025,-3.163
2023-07-25T14:15:00Z,-0.893,0.593,-2.076,0.132,-1.026,-3.271
2023-07-25T14:30:00Z,-0.893,0.593,-1.91,0.132,-1.026,-3.104
2023-07-25T14:45:00Z,-0.893,0.593,-1.863,0.132,-1.026,-3.058
2023-07-25T15:00:00Z,-0.598,0.695,-1.858,0.424,-1.026,-2.362
2023-07-25T15:15:00Z,-0.598,0.695,-1.783,0.424,-1.025,-2.287
2023-07-25T15:30:00Z,-0.598,0.695,-1.903,0.424,-1.026,-2.407
2023-07-25T15:45:00Z,-0.598,0.695,-1.907,0.424,-1.024,-2.41
2023-07-25T16:00:00Z,-0.663,0.7,-1.515,0.425,-1.017,-2.07
2023-07-25T16:15:00Z,-0.663,0.7,-1.487,0.425,-1.016,-2.041
2023-07-25T16:30:00Z,-0.663,0.7,-1.509,0.425,-1.017,-2.064
2023-07-25T16:45:00Z,-0.663,0.7,-1.416,0.425,-1.016,-1.97
2023-07-25T17:00:00Z,-0.604,0.7,-1.45,0.425,-0.693,-1.622
2023-07-25T17:15:00Z,-0.604,0.7,-1.396,0.425,-0.693,-1.568
2023-07-25T17:30:00Z,-0.604,0.7,-1.19,0.425,-0.694,-1.363
2023-07-25T17:45:00Z,-0.604,0.7,-1.074,0.425,-0.717,-1.27
2023-07-25T18:00:00Z,-0.237,0.698,-1.009,0.425,-0.828,-0.952
2023-07-25T18:15:00Z,-0.237,0.698,-0.952,0.425,-0.828,-0.895
2023-07-25T18:30:00Z,-0.237,0.698,-0.933,0.425,-0.828,-0.876
2023-07-25T18:45:00Z,-0.237,0.698,-0.751,0.425,-0.8,-0.666
2023-07-25T19:00:00Z,-0.41,0.591,-0.386,0.425,-0.746,-0.525
2023-07-25T19:15:00Z,-0.41,0.591,-0.328,0.425,-0.746,-0.468
2023-07-25T19:30:00Z,-0.41,0.591,-0.141,0.425,-0.746,-0.281
2023-07-25T19:45:00Z,-0.41,0.591,0.114,0.425,-0.764,-0.044
2023-07-25T20:00:00Z,-0.579,0.632,0.518,0.425,-0.849,0.147
2023-07-25T20:15:00Z,-0.579,0.632,0.563,0.425,-0.848,0.193
2023-07-25T20:30:00Z,-0.579,0.632,0.664,0.425,-0.849,0.293
2023-07-25T20:45:00Z,-0.579,0.632,0.686,0.425,-0.819,0.345
2023-07-25T21:00:00Z,-0.737,0.607,0.463,0.425,-0.681,0.078
2023-07-25T21:15:00Z,-0.737,0.607,0.497,0.425,-0.681,0.111
2023-07-25T21:30:00Z,-0.737,0.607,0.646,0.425,-0.681,0.261
2023-07-25T21:45:00Z,-0.737,0.607,0.583,0.425,-0.395,0.483
2023-07-25T22:00:00Z,-0.955,0.698,0.179,0.425,0.161,0.507
2023-07-25T22:15:00Z,-0.955,0.698,-0.09,0.425,0.16,0.237
2023-07-25T22:30:00Z,-0.955,0.698,-0.151,0.425,0.16,0.176
2023-07-25T22:45:00Z,-0.955,0.698,-0.106,0.425,0.155,0.215
2023-07-25T23:00:00Z,-0.622,0.7,-0.039,0.425,0.146,0.61
2023-07-25T23:15:00Z,-0.622,0.7,0.224,0.425,0.146,0.872
2023-07-25T23:30:00Z,-0.622,0.7,0.246,0.425,0.146,0.895
2023-07-25T23:45:00Z,-0.622,0.7,0.33,0.425,0.199,1.031
2023-07-26T00:00:00Z,-0.363,0.7,0.17,0.424,0.461,1.393
2023-07-26T00:15:00Z,-0.363,0.7,0.099,0.424,0.462,1.322
2023-07-26T00:30:00Z,-0.363,0.7,0.002,0.424,0.461,1.225
2023-07-26T00:45:00Z,-0.363,0.7,-0.108,0.424,0.476,1.13
2023-07-26T01:00:00Z,-0.092,0.7,-0.21,0.425,0.549,1.373
2023-07-26T01:15:00Z,-0.092,0.7,-0.154,0.425,0.55,1.428
2023-07-26T01:30:00Z,-0.092,0.7,-0.145,0.425,0.55,1.438
2023-07-26T01:45:00Z,-0.092,0.7,-0.15,0.425,0.665,1.548
2023-07-26T02:00:00Z,-0.026,0.7,-0.293,0.425,0.892,1.699
2023-07-26T02:15:00Z,-0.026,0.7,-0.237,0.425,0.892,1.755
2023-07-26T02:30:00Z,-0.026,0.7,-0.299,0.425,0.892,1.692
2023-07-26T02:45:00Z,-0.026,0.7,-0.395,0.425,0.91,1.615
2023-07-26T03:00:00Z,0.018,0.7,-0.745,0.424,0.995,1.393
2023-07-26T03:15:00Z,0.018,0.7,-0.795,0.424,0.996,1.344
2023-07-26T03:30:00Z,0.018,0.7,-1.052,0.424,0.995,1.086
2023-07-26T03:45:00Z,0.018,0.7,-1.326,0.424,0.976,0.793
2023-07-26T04:00:00Z,-0.198,0.697,-1.547,0.424,0.881,0.257
2023-07-26T04:15:00Z,-0.198,0.697,-1.915,0.424,0.881,-0.111
2023-07-26T04:30:00Z,-0.198,0.697,-2.071,0.424,0.881,-0.267
2023-07-26T04:45:00Z,-0.198,0.697,-2.114,0.424,0.845,-0.346
2023-07-26T05:00:00Z,-0.496,0.561,-1.949,0.424,0.665,-0.794
2023-07-26T05:15:00Z,-0.496,0.561,-1.967,0.424,0.665,-0.812
2023-07-26T05:30:00Z,-0.496,0.561,-2.061,0.424,0.665,-0.906
2023-07-26T05:45:00Z,-0.496,0.561,-1.89,0.424,0.385,-1.015
2023-07-26T06:00:00Z,-0.671,0.66,-1.29,0.425,-0.481,-1.357
2023-07-26T06:15:00Z,-0.671,0.66,-1.248,0.425,-0.48,-1.314
2023-07-26T06:30:00Z,-0.671,0.66,-1.176,0.425,-0.48,-1.241
2023-07-26T06:45:00Z,-0.671,0.66,-1.182,0.425,-0.642,-1.41
2023-07-26T07:00:00Z,-0.937,0.699,-1.601,0.424,-0.936,-2.35
2023-07-26T07:15:00Z,-0.937,0.699,-1.892,0.424,-0.937,-2.642
2023-07-26T07:30:00Z,-0.937,0.699,-1.9,0.424,-0.937,-2.651
2023-07-26T07:45:00Z,-0.937,0.699,-2.004,0.424,-0.948,-2.766
2023-07-26T08:00:00Z,-1.043,0.7,-1.622,0.421,-1.006,-2.549
2023-07-26T08:15:00Z,-1.043,0.7,-1.738,0.421,-1.006,-2.665
2023-07-26T08:30:00Z,-1.043,0.7,-1.787,0.421,-1.006,-2.714
2023-07-26T08:45:00Z,-1.043,0.7,-1.809,0.421,-1.008,-2.739
2023-07-26T09:00:00Z,-1.36,0.7,-1.599,0.351,-1.015,-2.922
2023-07-26T09:15:00Z,-1.36,0.7,-1.493,0.351,-1.016,-2.817
2023-07-26T09:30:00Z,-1.36,0.7,-1.518,0.351,-1.015,-2.842
2023-07-26T09:45:00Z,-1.36,0.7,-1.343,0.351,-1.019,-2.671
2023-07-26T10:00:00Z,-2.569,0.7,-0.788,0.408,-1.026,-3.275
2023-07-26T10:15:00Z,-2.569,0.7,-0.668,0.408,-1.026,-3.155
2023-07-26T10:30:00Z,-2.569,0.7,-0.582,0.408,-1.026,-3.069
2023-07-26T10:45:00Z,-2.569,0.7,-0.605,0.408,-1.026,-3.092
2023-07-26T11:00:00Z,-2.703,0.699,-0.392,0.422,-1.025,-2.999
2023-07-26T11:15:00Z,-2.703,0.699,-0.411,0.422,-1.026,-3.02
2023-07-26T11:30:00Z,-2.703,0.699,-0.353,0.422,-1.025,-2.96
2023-07-26T11:45:00Z,-2.703,0.699,-0.372,0.422,-1.036,-2.99
2023-07-26T12:00:00Z,-2.715,0.647,-0.356,0.356,-1.087,-3.155
2023-07-26T12:15:00Z,-2.715,0.647,-0.488,0.356,-1.086,-3.286
2023-07-26T12:30:00Z,-2.715,0.647,-0.66,0.356,-1.087,-3.459
2023-07-26T12:45:00Z,-2.715,0.647,-0.657,0.356,-1.087,-3.456
2023-07-26T13:00:00Z,-2.062,0.666,-1.152,0.424,-1.087,-3.21
2023-07-26T13:15:00Z,-2.062,0.666,-1.248,0.424,-1.087,-3.307
2023-07-26T13:30:00Z,-2.062,0.666,-1.357,0.424,-1.087,-3.415
2023-07-26T13:45:00Z,-2.062,0.666,-1.509,0.424,-1.087,-3.568
2023-07-26T14:00:00Z,-1.636,0.657,-1.146,0.41,-1.027,-2.743
2023-07-26T14:15:00Z,-1.636,0.657,-1.308,0.41,-1.026,-2.904
2023-07-26T14:30:00Z,-1.636,0.657,-1.198,0.41,-1.026,-2.794
2023-07-26T14:45:00Z,-1.636,0.657,-1.152,0.41,-1.025,-2.747
2023-07-26T15:00:00Z,-0.322,0.699,-1.99,0.425,-0.944,-2.133
2023-07-26T15:15:00Z,-0.322,0.699,-2.173,0.425,-0.944,-2.316
2023-07-26T15:30:00Z,-0.322,0.699,-2.292,0.425,-0.943,-2.435
2023-07-26T15:45:00Z,-0.322,0.699,-2.401,0.425,-0.942,-2.542
2023-07-26T16:00:00Z,-0.702,0.7,-2.144,0.425,-0.852,-2.573
2023-07-26T16:15:00Z,-0.702,0.7,-2.347,0.425,-0.852,-2.776
2023-07-26T16:30:00Z,-0.702,0.7,-2.489,0.425,-0.852,-2.918
2023-07-26T16:45:00Z,-0.702,0.7,-2.421,0.425,-0.788,-2.786
2023-07-26T17:00:00Z,-0.012,0.696,-3.221,0.424,-0.475,-2.589
2023-07-26T17:15:00Z,-0.012,0.696,-3.125,0.424,-0.476,-2.493
2023-07-26T17:30:00Z,-0.012,0.696,-3.055,0.424,-0.475,-2.423
2023-07-26T17:45:00Z,-0.012,0.696,-2.981,0.424,-0.315,-2.188
2023-07-26T18:00:00Z,-0.149,0.522,-2.627,0.425,0.425,-1.404
2023-07-26T18:15:00Z,-0.149,0.522,-2.319,0.425,0.424,-1.097
2023-07-26T18:30:00Z,-0.149,0.522,-2.14,0.425,0.424,-0.917
2023-07-26T18:45:00Z,-0.149,0.522,-1.973,0.425,0.441,-0.735
2023-07-26T19:00:00Z,-0.201,0.659,-1.942,0.425,0.472,-0.587
2023-07-26T19:15:00Z,-0.201,0.659,-1.921,0.425,0.472,-0.566
2023-07-26T19:30:00Z,-0.201,0.659,-1.93,0.425,0.473,-0.574
2023-07-26T19:45:00Z,-0.201,0.659,-1.785,0.425,0.475,-0.428
2023-07-26T20:00:00Z,-0.183,0.591,-1.938,0.425,0.48,-0.625
2023-07-26T20:15:00Z,-0.183,0.591,-1.941,0.425,0.479,-0.628
2023-07-26T20:30:00Z,-0.183,0.591,-1.685,0.425,0.48,-0.372
2023-07-26T20:45:00Z,-0.183,0.591,-1.724,0.425,0.46,-0.431
2023-07-26T21:00:00Z,0.189,0.618,-1.461,0.424,0.36,0.129
2023-07-26T21:15:00Z,0.189,0.618,-1.507,0.424,0.359,0.083
2023-07-26T21:30:00Z,0.189,0.618,-1.389,0.424,0.36,0.201
2023-07-26T21:45:00Z,0.189,0.618,-1.28,0.424,0.323,0.274
2023-07-26T22:00:00Z,-0.283,0.698,-0.061,0.424,0.148,0.927
2023-07-26T22:15:00Z,-0.283,0.698,0.264,0.424,0.149,1.252
2023-07-26T22:30:00Z,-0.283,0.698,0.194,0.424,0.149,1.183
2023-07-26T22:45:00Z,-0.283,0.698,0.029,0.424,0.162,1.029
2023-07-26T23:00:00Z,0.775,0.7,0.216,0.424,0.22,2.335
2023-07-26T23:15:00Z,0.775,0.7,0.315,0.424,0.22,2.434
2023-07-26T23:30:00Z,0.775,0.7,0.292,0.424,0.22,2.411
2023-07-26T23:45:00Z,0.775,0.7,0.389,0.424,0.18,2.469
2023-07-27T00:00:00Z,0.98,0.7,0.366,0.408,0.101,2.555
2023-07-27T00:15:00Z,0.98,0.7,0.43,0.408,0.1,2.618
2023-07-27T00:30:00Z,0.98,0.7,0.438,0.408,0.1,2.626
2023-07-27T00:45:00Z,0.98,0.7,0.397,0.408,0.102,2.587
2023-07-27T01:00:00Z,0.511,0.695,0.227,0.295,0.392,2.12
2023-07-27T01:15:00Z,0.511,0.695,0.074,0.295,0.392,1.967
2023-07-27T01:30:00Z,0.511,0.695,-0.074,0.295,0.391,1.819
2023-07-27T01:45:00Z,0.511,0.695,-0.206,0.295,0.467,1.762
2023-07-27T02:00:00Z,0.439,0.698,-0.461,0.12,0.831,1.627
2023-07-27T02:15:00Z,0.439,0.698,-0.607,0.12,0.831,1.481
2023-07-27T02:30:00Z,0.439,0.698,-0.813,0.12,0.831,1.275
2023-07-27T02:45:00Z,0.439,0.698,-0.932,0.12,0.835,1.161
2023-07-27T03:00:00Z,0.339,0.658,-1.28,0.294,0.841,0.852
2023-07-27T03:15:00Z,0.339,0.658,-1.43,0.294,0.841,0.702
2023-07-27T03:30:00Z,0.339,0.658,-1.663,0.294,0.842,0.47
2023-07-27T03:45:00Z,0.339,0.658,-1.911,0.294,0.868,0.249
2023-07-27T04:00:00Z,0.181,0.509,-1.826,0.147,0.987,-0.001
2023-07-27T04:15:00Z,0.181,0.509,-2.126,0.147,0.987,-0.301
2023-07-27T04:30:00Z,0.181,0.509,-2.232,0.147,0.987,-0.407
2023-07-27T04:45:00Z,0.181,0.509,-2.337,0.147,1.002,-0.498
2023-07-27T05:00:00Z,0.533,0.684,-2.841,0.26,1.031,-0.334
2023-07-27T05:15:00Z,0.533,0.684,-2.855,0.26,1.03,-0.349
2023-07-27T05:30:00Z,0.533,0.684,-2.889,0.26,1.029,-0.383
2023-07-27T05:45:00Z,0.533,0.684,-2.83,0.26,1.028,-0.326
2023-07-27T06:00:00Z,0.819,0.471,-2.509,0.415,0.739,-0.066
2023-07-27T06:15:00Z,0.819,0.471,-2.49,0.415,0.739,-0.046
2023-07-27T06:30:00Z,0.819,0.471,-2.461,0.415,0.739,-0.018
2023-07-27T06:45:00Z,0.819,0.471,-2.419,0.415,0.412,-0.302
2023-07-27T07:00:00Z,1.283,0.694,-1.65,0.194,-0.166,0.355
2023-07-27T07:15:00Z,1.283,0.694,-1.599,0.194,-0.166,0.406
2023-07-27T07:30:00Z,1.283,0.694,-1.463,0.194,-0.166,0.542
2023-07-27T07:45:00Z,1.283,0.694,-1.395,0.194,-0.204,0.573
2023-07-27T08:00:00Z,0.993,0.7,-0.834,0.255,-0.376,0.738
2023-07-27T08:15:00Z,0.993,0.7,-0.765,0.255,-0.377,0.806
2023-07-27T08:30:00Z,0.993,0.7,-0.877,0.255,-0.376,0.694
2023-07-27T08:45:00Z,0.993,0.7,-0.936,0.255,-0.415,0.597
2023-07-27T09:00:00Z,0.509,0.7,-0.503,0.294,-0.598,0.402
2023-07-27T09:15:00Z,0.509,0.7,-0.618,0.294,-0.598,0.287
2023-07-27T09:30:00Z,0.509,0.7,-0.641,0.294,-0.598,0.263
2023-07-27T09:45:00Z,0.509,0.7,-0.713,0.294,-0.659,0.13
2023-07-27T10:00:00Z,0.912,0.7,-0.529,0.295,-0.956,0.421
2023-07-27T10:15:00Z,0.912,0.7,-0.665,0.295,-0.956,0.286
2023-07-27T10:30:00Z,0.912,0.7,-0.734,0.295,-0.955,0.217
2023-07-27T10:45:00Z,0.912,0.7,-0.863,0.295,-0.957,0.087
2023-07-27T11:00:00Z,1.154,0.7,-1.173,0.108,-0.965,-0.176
2023-07-27T11:15:00Z,1.154,0.7,-1.306,0.108,-0.966,-0.31
2023-07-27T11:30:00Z,1.154,0.7,-1.22,0.108,-0.966,-0.223
2023-07-27T11:45:00Z,1.154,0.7,-1.165,0.108,-0.948,-0.151
2023-07-27T12:00:00Z,1.168,0.694,-1.092,0.008,-0.863,-0.085
2023-07-27T12:15:00Z,1.168,0.694,-1.033,0.008,-0.863,-0.027
2023-07-27T12:30:00Z,1.168,0.694,-1.14,0.008,-0.863,-0.134
2023-07-27T12:45:00Z,1.168,0.694,-1.135,0.008,-0.836,-0.102
2023-07-27T13:00:00Z,0.896,0.439,-0.949,0.193,-0.71,-0.131
2023-07-27T13:15:00Z,0.896,0.439,-0.923,0.193,-0.71,-0.105
2023-07-27T13:30:00Z,0.896,0.439,-0.995,0.193,-0.71,-0.177
2023-07-27T13:45:00Z,0.896,0.439,-1.008,0.193,-0.675,-0.155
2023-07-27T14:00:00Z,0.86,-0.243,-0.918,0.401,-0.507,-0.408
2023-07-27T14:15:00Z,0.86,-0.243,-1.06,0.401,-0.507,-0.549
2023-07-27T14:30:00Z,0.86,-0.243,-1.059,0.401,-0.506,-0.548
2023-07-27T14:45:00Z,0.86,-0.243,-0.986,0.401,-0.506,-0.474
2023-07-27T15:00:00Z,0.805,-0.698,-0.741,0.356,-0.504,-0.781
2023-07-27T15:15:00Z,0.805,-0.698,-0.756,0.356,-0.503,-0.796
2023-07-27T15:30:00Z,0.805,-0.698,-0.793,0.356,-0.504,-0.833
2023-07-27T15:45:00Z,0.805,-0.698,-0.855,0.356,-0.549,-0.941
2023-07-27T16:00:00Z,0.36,-0.691,-0.922,0.423,-0.772,-1.603
2023-07-27T16:15:00Z,0.36,-0.691,-1.196,0.423,-0.771,-1.876
2023-07-27T16:30:00Z,0.36,-0.691,-1.175,0.423,-0.772,-1.856
2023-07-27T16:45:00Z,0.36,-0.691,-1.055,0.423,-0.791,-1.755
2023-07-27T17:00:00Z,0.102,-0.698,-0.827,0.422,-0.883,-1.884
2023-07-27T17:15:00Z,0.102,-0.698,-0.801,0.422,-0.883,-1.858
2023-07-27T17:30:00Z,0.102,-0.698,-0.878,0.422,-0.883,-1.934
2023-07-27T17:45:00Z,0.102,-0.698,-0.88,0.422,-0.753,-1.808
2023-07-27T18:00:00Z,-0.165,-0.67,-0.774,0.423,-0.495,-1.682
2023-07-27T18:15:00Z,-0.165,-0.67,-0.815,0.423,-0.494,-1.722
2023-07-27T18:30:00Z,-0.165,-0.67,-0.758,0.423,-0.495,-1.666
2023-07-27T18:45:00Z,-0.165,-0.67,-0.746,0.423,-0.496,-1.655
2023-07-27T19:00:00Z,0.103,-0.019,-1.558,0.423,-0.585,-1.637
2023-07-27T19:15:00Z,0.103,-0.019,-1.688,0.423,-0.585,-1.766
2023-07-27T19:30:00Z,0.103,-0.019,-1.637,0.423,-0.584,-1.715
2023-07-27T19:45:00Z,0.103,-0.019,-1.569,0.423,-0.612,-1.674
2023-07-27T20:00:00Z,0.302,0.546,-2.199,0.424,-0.74,-1.666
2023-07-27T20:15:00Z,0.302,0.546,-2.241,0.424,-0.739,-1.708
2023-07-27T20:30:00Z,0.302,0.546,-2.214,0.424,-0.739,-1.681
2023-07-27T20:45:00Z,0.302,0.546,-2.163,0.424,-0.64,-1.531
2023-07-27T21:00:00Z,-0.218,0.68,-2.168,0.425,-0.157,-1.439
2023-07-27T21:15:00Z,-0.218,0.68,-2.081,0.425,-0.158,-1.352
2023-07-27T21:30:00Z,-0.218,0.68,-1.794,0.425,-0.158,-1.065
2023-07-27T21:45:00Z,-0.218,0.68,-1.536,0.425,-0.106,-0.755
2023-07-27T22:00:00Z,-0.146,0.006,-0.634,0.423,-0.001,-0.353
2023-07-27T22:15:00Z,-0.146,0.006,-0.556,0.423,-0.001,-0.274
2023-07-27T22:30:00Z,-0.146,0.006,-0.696,0.423,-0.001,-0.415
2023-07-27T22:45:00Z,-0.146,0.006,-0.702,0.423,-0,-0.42
2023-07-27T23:00:00Z,0.028,-0.223,-0.672,0.424,0.218,-0.225
2023-07-27T23:15:00Z,0.028,-0.223,-0.59,0.424,0.217,-0.143
2023-07-27T23:30:00Z,0.028,-0.223,-0.57,0.424,0.218,-0.123
2023-07-27T23:45:00Z,0.028,-0.223,-0.647,0.424,0.222,-0.195
2023-07-28T00:00:00Z,0.368,-0.134,-0.751,0.421,0.241,0.145
2023-07-28T00:15:00Z,0.368,-0.134,-0.658,0.421,0.241,0.238
2023-07-28T00:30:00Z,0.368,-0.134,-0.599,0.421,0.241,0.297
2023-07-28T00:45:00Z,0.368,-0.134,-0.517,0.421,0.268,0.405
2023-07-28T01:00:00Z,0.573,-0.099,-0.577,0.425,0.32,0.642
2023-07-28T01:15:00Z,0.573,-0.099,-0.568,0.425,0.32,0.651
2023-07-28T01:30:00Z,0.573,-0.099,-0.527,0.425,0.32,0.692
2023-07-28T01:45:00Z,0.573,-0.099,-0.516,0.425,0.415,0.798
2023-07-28T02:00:00Z,0.366,-0.183,-0.573,0.425,0.882,0.917
2023-07-28T02:15:00Z,0.366,-0.183,-0.557,0.425,0.881,0.933
2023-07-28T02:30:00Z,0.366,-0.183,-0.659,0.425,0.882,0.83
2023-07-28T02:45:00Z,0.366,-0.183,-0.779,0.425,0.889,0.718
2023-07-28T03:00:00Z,0.58,-0.342,-0.959,0.425,0.922,0.625
2023-07-28T03:15:00Z,0.58,-0.342,-0.932,0.425,0.921,0.652
2023-07-28T03:30:00Z,0.58,-0.342,-0.976,0.425,0.922,0.608
2023-07-28T03:45:00Z,0.58,-0.342,-1.104,0.425,0.908,0.466
2023-07-28T04:00:00Z,0.499,-0.689,-1.313,0.425,0.844,-0.234
2023-07-28T04:15:00Z,0.499,-0.689,-1.535,0.425,0.845,-0.456
2023-07-28T04:30:00Z,0.499,-0.689,-1.511,0.425,0.844,-0.432
2023-07-28T04:45:00Z,0.499,-0.689,-1.545,0.425,0.842,-0.468
2023-07-28T05:00:00Z,0.356,-0.664,-1.233,0.424,0.651,-0.466
2023-07-28T05:15:00Z,0.356,-0.664,-1.075,0.424,0.651,-0.308
2023-07-28T05:30:00Z,0.356,-0.664,-1.037,0.424,0.65,-0.271
2023-07-28T05:45:00Z,0.356,-0.664,-1.019,0.424,0.649,-0.254
2023-07-28T06:00:00Z,0.191,-0.256,-0.881,0.425,0.195,-0.326
2023-07-28T06:15:00Z,0.191,-0.256,-0.854,0.425,0.196,-0.297
2023-07-28T06:30:00Z,0.191,-0.256,-0.858,0.425,0.196,-0.302
2023-07-28T06:45:00Z,0.191,-0.256,-1.018,0.425,0.13,-0.526
2023-07-28T07:00:00Z,-0.156,0.388,-1.218,0.424,-0.425,-0.987
2023-07-28T07:15:00Z,-0.156,0.388,-1.313,0.424,-0.425,-1.082
2023-07-28T07:30:00Z,-0.156,0.388,-1.41,0.424,-0.424,-1.178
2023-07-28T07:45:00Z,-0.156,0.388,-1.357,0.424,-0.515,-1.216
2023-07-28T08:00:00Z,-0.866,0.09,-0.596,0.425,-0.969,-1.916
2023-07-28T08:15:00Z,-0.866,0.09,-0.463,0.425,-0.968,-1.782
2023-07-28T08:30:00Z,-0.866,0.09,-0.512,0.425,-0.969,-1.833
2023-07-28T08:45:00Z,-0.866,0.09,-0.563,0.425,-0.968,-1.883
2023-07-28T09:00:00Z,-1.146,0.431,-1.137,0.425,-0.97,-2.397
2023-07-28T09:15:00Z,-1.146,0.431,-1.246,0.425,-0.97,-2.506
2023-07-28T09:30:00Z,-1.146,0.431,-1.329,0.425,-0.97,-2.588
2023-07-28T09:45:00Z,-1.146,0.431,-1.253,0.425,-0.979,-2.522
2023-07-28T10:00:00Z,-1.383,-0.002,-1.191,0.425,-1.026,-3.176
2023-07-28T10:15:00Z,-1.383,-0.002,-1.345,0.425,-1.025,-3.33
2023-07-28T10:30:00Z,-1.383,-0.002,-1.27,0.425,-1.025,-3.255
2023-07-28T10:45:00Z,-1.383,-0.002,-1.187,0.425,-1.036,-3.183
2023-07-28T11:00:00Z,-1.428,0.549,-1.821,0.415,-1.087,-3.371
2023-07-28T11:15:00Z,-1.428,0.549,-1.894,0.415,-1.087,-3.444
2023-07-28T11:30:00Z,-1.428,0.549,-1.871,0.415,-1.087,-3.421
2023-07-28T11:45:00Z,-1.428,0.549,-1.854,0.415,-1.062,-3.38
2023-07-28T12:00:00Z,-1.381,-0.003,-1.906,0.189,-0.952,-4.054
2023-07-28T12:15:00Z,-1.381,-0.003,-2.05,0.189,-0.952,-4.197
2023-07-28T12:30:00Z,-1.381,-0.003,-2.076,0.189,-0.952,-4.223
2023-07-28T12:45:00Z,-1.381,-0.003,-1.999,0.189,-0.915,-4.109
2023-07-28T13:00:00Z,-1.228,0.144,-2.323,0.425,-0.742,-3.723
2023-07-28T13:15:00Z,-1.228,0.144,-2.293,0.425,-0.743,-3.695
2023-07-28T13:30:00Z,-1.228,0.144,-2.261,0.425,-0.743,-3.663
2023-07-28T13:45:00Z,-1.228,0.144,-2.267,0.425,-0.418,-3.343
2023-07-28T14:00:00Z,-0.456,-0.349,-2.467,0.425,0.101,-2.746
2023-07-28T14:15:00Z,-0.456,-0.349,-2.722,0.425,0.101,-3.001
2023-07-28T14:30:00Z,-0.456,-0.349,-2.737,0.425,0.101,-3.016
2023-07-28T14:45:00Z,-0.456,-0.349,-2.762,0.425,0.102,-3.039
2023-07-28T15:00:00Z,0.155,-0.698,-2.839,0.425,0.441,-2.516
2023-07-28T15:15:00Z,0.155,-0.698,-2.768,0.425,0.441,-2.445
2023-07-28T15:30:00Z,0.155,-0.698,-2.92,0.425,0.44,-2.598
2023-07-28T15:45:00Z,0.155,-0.698,-2.778,0.425,0.466,-2.431
2023-07-28T16:00:00Z,0.069,-0.698,-2.985,0.425,0.515,-2.675
2023-07-28T16:15:00Z,0.069,-0.698,-3.095,0.425,0.515,-2.785
2023-07-28T16:30:00Z,0.069,-0.698,-2.919,0.425,0.515,-2.609
2023-07-28T16:45:00Z,0.069,-0.698,-2.813,0.425,0.573,-2.444
2023-07-28T17:00:00Z,0.52,-0.697,-2.934,0.425,0.857,-1.829
2023-07-28T17:15:00Z,0.52,-0.697,-2.734,0.425,0.857,-1.631
2023-07-28T17:30:00Z,0.52,-0.697,-2.587,0.425,0.857,-1.482
2023-07-28T17:45:00Z,0.52,-0.697,-2.492,0.425,0.894,-1.35
2023-07-28T18:00:00Z,0.669,-0.67,-2.064,0.425,0.965,-0.675
2023-07-28T18:15:00Z,0.669,-0.67,-2.121,0.425,0.965,-0.732
2023-07-28T18:30:00Z,0.669,-0.67,-2.136,0.425,0.965,-0.748
2023-07-28T18:45:00Z,0.669,-0.67,-2.025,0.425,0.965,-0.637
2023-07-28T19:00:00Z,0.881,-0.643,-2.046,0.425,0.926,-0.458
2023-07-28T19:15:00Z,0.881,-0.643,-2.1,0.425,0.926,-0.512
2023-07-28T19:30:00Z,0.881,-0.643,-1.978,0.425,0.926,-0.39
2023-07-28T19:45:00Z,0.881,-0.643,-1.953,0.425,0.925,-0.366
2023-07-28T20:00:00Z,0.195,-0.009,-2.19,0.425,0.791,-0.788
2023-07-28T20:15:00Z,0.195,-0.009,-2.071,0.425,0.791,-0.67
2023-07-28T20:30:00Z,0.195,-0.009,-1.966,0.425,0.792,-0.564
2023-07-28T20:45:00Z,0.195,-0.009,-2.017,0.425,0.741,-0.666
2023-07-28T21:00:00Z,0.482,0.621,-2.775,0.425,0.492,-0.755
2023-07-28T21:15:00Z,0.482,0.621,-2.849,0.425,0.492,-0.829
2023-07-28T21:30:00Z,0.482,0.621,-2.729,0.425,0.493,-0.708
2023-07-28T21:45:00Z,0.482,0.621,-2.667,0.425,0.492,-0.647
2023-07-28T22:00:00Z,0.105,0.004,-1.794,0.425,0.156,-1.104
2023-07-28T22:15:00Z,0.105,0.004,-2.184,0.425,0.156,-1.494
2023-07-28T22:30:00Z,0.105,0.004,-2.229,0.425,0.156,-1.539
2023-07-28T22:45:00Z,0.105,0.004,-2.271,0.425,0.224,-1.513
2023-07-28T23:00:00Z,0.22,-0.603,-2.099,0.425,0.555,-1.502
2023-07-28T23:15:00Z,0.22,-0.603,-2.105,0.425,0.555,-1.507
2023-07-28T23:30:00Z,0.22,-0.603,-1.924,0.425,0.555,-1.326
2023-07-28T23:45:00Z,0.22,-0.603,-1.985,0.425,0.603,-1.339
2023-07-29T00:00:00Z,0.21,-0.058,-2.811,0.425,0.699,-1.535
2023-07-29T00:15:00Z,0.21,-0.058,-2.724,0.425,0.699,-1.448
2023-07-29T00:30:00Z,0.21,-0.058,-2.838,0.425,0.7,-1.561
2023-07-29T00:45:00Z,0.21,-0.058,-2.821,0.425,0.734,-1.51
2023-07-29T01:00:00Z,0.392,-0.392,-2.078,0.425,0.899,-0.754
2023-07-29T01:15:00Z,0.392,-0.392,-1.839,0.425,0.899,-0.514
2023-07-29T01:30:00Z,0.392,-0.392,-1.735,0.425,0.898,-0.412
2023-07-29T01:45:00Z,0.392,-0.392,-1.806,0.425,0.899,-0.482
2023-07-29T02:00:00Z,0.475,0.038,-1.926,0.425,0.895,-0.094
2023-07-29T02:15:00Z,0.475,0.038,-1.889,0.425,0.895,-0.056
2023-07-29T02:30:00Z,0.475,0.038,-1.896,0.425,0.895,-0.063
2023-07-29T02:45:00Z,0.475,0.038,-1.964,0.425,0.897,-0.129
2023-07-29T03:00:00Z,0.226,-0.056,-1.923,0.425,0.909,-0.419
2023-07-29T03:15:00Z,0.226,-0.056,-1.847,0.425,0.909,-0.343
2023-07-29T03:30:00Z,0.226,-0.056,-1.755,0.425,0.908,-0.252
2023-07-29T03:45:00Z,0.226,-0.056,-1.719,0.425,0.89,-0.235
2023-07-29T04:00:00Z,0.258,-0.422,-1.493,0.425,0.798,-0.434
2023-07-29T04:15:00Z,0.258,-0.422,-1.46,0.425,0.798,-0.4
2023-07-29T04:30:00Z,0.258,-0.422,-1.544,0.425,0.797,-0.485
2023-07-29T04:45:00Z,0.258,-0.422,-1.563,0.425,0.766,-0.536
2023-07-29T05:00:00Z,0.002,-0.261,-1.731,0.424,0.618,-0.947
2023-07-29T05:15:00Z,0.002,-0.261,-1.767,0.424,0.617,-0.984
2023-07-29T05:30:00Z,0.002,-0.261,-1.914,0.424,0.618,-1.13
2023-07-29T05:45:00Z,0.002,-0.261,-1.908,0.424,0.37,-1.372
2023-07-29T06:00:00Z,-0.12,-0.194,-1.641,0.425,-0.261,-1.791
2023-07-29T06:15:00Z,-0.12,-0.194,-1.776,0.425,-0.261,-1.927
2023-07-29T06:30:00Z,-0.12,-0.194,-1.832,0.425,-0.262,-1.984
2023-07-29T06:45:00Z,-0.12,-0.194,-1.745,0.425,-0.33,-1.965
2023-07-29T07:00:00Z,-0.259,-0.375,-1.46,0.42,-0.665,-2.339
2023-07-29T07:15:00Z,-0.259,-0.375,-1.388,0.42,-0.665,-2.267
2023-07-29T07:30:00Z,-0.259,-0.375,-1.293,0.42,-0.665,-2.172
2023-07-29T07:45:00Z,-0.259,-0.375,-1.286,0.42,-0.637,-2.138
2023-07-29T08:00:00Z,-0.4,-0.26,-1.347,0.291,-0.582,-2.298
2023-07-29T08:15:00Z,-0.4,-0.26,-1.288,0.291,-0.582,-2.239
2023-07-29T08:30:00Z,-0.4,-0.26,-1.112,0.291,-0.582,-2.063
2023-07-29T08:45:00Z,-0.4,-0.26,-0.992,0.291,-0.575,-1.936
2023-07-29T09:00:00Z,-0.271,-0.225,-0.958,0,-0.534,-1.988
2023-07-29T09:15:00Z,-0.271,-0.225,-1.077,0,-0.534,-2.108
2023-07-29T09:30:00Z,-0.271,-0.225,-1.16,0,-0.534,-2.191
2023-07-29T09:45:00Z,-0.271,-0.225,-0.966,0,-0.536,-1.998
2023-07-29T10:00:00Z,-0.96,-0.638,0.017,-0.125,-0.687,-2.394
2023-07-29T10:15:00Z,-0.96,-0.638,0.138,-0.125,-0.687,-2.273
2023-07-29T10:30:00Z,-0.96,-0.638,0.378,-0.125,-0.687,-2.033
2023-07-29T10:45:00Z,-0.96,-0.638,0.516,-0.125,-0.745,-1.953
2023-07-29T11:00:00Z,-0.644,-0.556,-0.009,-0.315,-1.023,-2.546
2023-07-29T11:15:00Z,-0.644,-0.556,-0.413,-0.315,-1.024,-2.952
2023-07-29T11:30:00Z,-0.644,-0.556,-0.48,-0.315,-1.024,-3.019
2023-07-29T11:45:00Z,-0.644,-0.556,-0.516,-0.315,-1.025,-3.055
2023-07-29T12:00:00Z,0.12,-0.645,-0.832,-0.436,-1.024,-2.817
2023-07-29T12:15:00Z,0.12,-0.645,-1.214,-0.436,-1.024,-3.198
2023-07-29T12:30:00Z,0.12,-0.645,-1.231,-0.436,-1.025,-3.217
2023-07-29T12:45:00Z,0.12,-0.645,-1.373,-0.436,-1.037,-3.37
2023-07-29T13:00:00Z,0.474,-0.393,-1.809,-0.436,-1.086,-3.249
2023-07-29T13:15:00Z,0.474,-0.393,-1.982,-0.436,-1.085,-3.421
2023-07-29T13:30:00Z,0.474,-0.393,-2.227,-0.436,-1.086,-3.667
2023-07-29T13:45:00Z,0.474,-0.393,-2.154,-0.436,-1.086,-3.593
2023-07-29T14:00:00Z,-0.035,-0.681,-1.553,-0.43,-1.086,-3.785
2023-07-29T14:15:00Z,-0.035,-0.681,-1.762,-0.43,-1.086,-3.994
2023-07-29T14:30:00Z,-0.035,-0.681,-1.527,-0.43,-1.086,-3.759
2023-07-29T14:45:00Z,-0.035,-0.681,-1.274,-0.43,-1.082,-3.502
2023-07-29T15:00:00Z,-0.34,-0.592,-1.096,-0.297,-0.697,-3.022
2023-07-29T15:15:00Z,-0.34,-0.592,-1.189,-0.297,-0.697,-3.116
2023-07-29T15:30:00Z,-0.34,-0.592,-1.198,-0.297,-0.697,-3.124
2023-07-29T15:45:00Z,-0.34,-0.592,-1.252,-0.297,-0.695,-3.176
2023-07-29T16:00:00Z,-0.001,-0.598,-1.726,0.014,-0.297,-2.608
2023-07-29T16:15:00Z,-0.001,-0.598,-1.543,0.014,-0.298,-2.426
2023-07-29T16:30:00Z,-0.001,-0.598,-1.854,0.014,-0.298,-2.736
2023-07-29T16:45:00Z,-0.001,-0.598,-1.952,0.014,-0.199,-2.736
2023-07-29T17:00:00Z,0.232,-0.576,-2.228,0.328,0.224,-2.02
2023-07-29T17:15:00Z,0.232,-0.576,-2.182,0.328,0.224,-1.974
2023-07-29T17:30:00Z,0.232,-0.576,-1.793,0.328,0.224,-1.585
2023-07-29T17:45:00Z,0.232,-0.576,-1.729,0.328,0.36,-1.385
2023-07-29T18:00:00Z,0.823,0.036,-2.399,0.425,0.625,-0.492
2023-07-29T18:15:00Z,0.823,0.036,-2.173,0.425,0.625,-0.265
2023-07-29T18:30:00Z,0.823,0.036,-2.071,0.425,0.624,-0.164
2023-07-29T18:45:00Z,0.823,0.036,-1.982,0.425,0.651,-0.048
2023-07-29T19:00:00Z,0.909,0.663,-2.515,0.425,0.702,0.184
2023-07-29T19:15:00Z,0.909,0.663,-2.45,0.425,0.702,0.248
2023-07-29T19:30:00Z,0.909,0.663,-2.249,0.425,0.702,0.449
2023-07-29T19:45:00Z,0.909,0.663,-2.171,0.425,0.701,0.527
2023-07-29T20:00:00Z,0.718,0.679,-1.56,0.425,0.304,0.564
2023-07-29T20:15:00Z,0.718,0.679,-1.543,0.425,0.304,0.581
2023-07-29T20:30:00Z,0.718,0.679,-1.744,0.425,0.305,0.381
2023-07-29T20:45:00Z,0.718,0.679,-1.832,0.425,0.27,0.258
2023-07-29T21:00:00Z,0.921,0.01,-1.369,0.425,0.109,0.095
2023-07-29T21:15:00Z,0.921,0.01,-1.441,0.425,0.109,0.024
2023-07-29T21:30:00Z,0.921,0.01,-1.592,0.425,0.109,-0.127
2023-07-29T21:45:00Z,0.921,0.01,-1.688,0.425,0.109,-0.224
2023-07-29T22:00:00Z,1.115,-0.099,-0.92,0.425,-0.247,0.273
2023-07-29T22:15:00Z,1.115,-0.099,-0.912,0.425,-0.247,0.282
2023-07-29T22:30:00Z,1.115,-0.099,-0.884,0.425,-0.246,0.311
2023-07-29T22:45:00Z,1.115,-0.099,-0.738,0.425,-0.165,0.537
2023-07-29T23:00:00Z,1.119,0.149,-1.173,0.42,0.191,0.707
2023-07-29T23:15:00Z,1.119,0.149,-1,0.42,0.191,0.879
2023-07-29T23:30:00Z,1.119,0.149,-0.994,0.42,0.191,0.885
2023-07-29T23:45:00Z,1.119,0.149,-1.129,0.42,0.255,0.815
2023-07-30T00:00:00Z,1.231,0.239,-1.283,0.301,0.565,1.052
2023-07-30T00:15:00Z,1.231,0.239,-1.254,0.301,0.565,1.081
2023-07-30T00:30:00Z,1.231,0.239,-1.21,0.301,0.566,1.126
2023-07-30T00:45:00Z,1.231,0.239,-1.138,0.301,0.581,1.213
2023-07-30T01:00:00Z,1.445,0.224,-0.902,0,0.656,1.423
2023-07-30T01:15:00Z,1.445,0.224,-0.675,0,0.657,1.651
2023-07-30T01:30:00Z,1.445,0.224,-0.559,0,0.656,1.766
2023-07-30T01:45:00Z,1.445,0.224,-0.571,0,0.716,1.814
2023-07-30T02:00:00Z,1.457,0.476,-1.122,0,0.832,1.642
2023-07-30T02:15:00Z,1.457,0.476,-1.277,0,0.833,1.488
2023-07-30T02:30:00Z,1.457,0.476,-1.348,0,0.833,1.417
2023-07-30T02:45:00Z,1.457,0.476,-1.154,0,0.782,1.56
2023-07-30T03:00:00Z,0.842,0.021,-0.114,0.146,0.535,1.431
2023-07-30T03:15:00Z,0.842,0.021,0.007,0.146,0.535,1.551
2023-07-30T03:30:00Z,0.842,0.021,0.033,0.146,0.535,1.577
2023-07-30T03:45:00Z,0.842,0.021,-0.077,0.146,0.573,1.505
2023-07-30T04:00:00Z,0.977,0.009,-0.719,0.211,0.749,1.228
2023-07-30T04:15:00Z,0.977,0.009,-0.924,0.211,0.749,1.022
2023-07-30T04:30:00Z,0.977,0.009,-0.995,0.211,0.749,0.951
2023-07-30T04:45:00Z,0.977,0.009,-1.148,0.211,0.677,0.727
2023-07-30T05:00:00Z,0.464,-0.372,-0.837,0.371,0.32,-0.053
2023-07-30T05:15:00Z,0.464,-0.372,-0.99,0.371,0.321,-0.206
2023-07-30T05:30:00Z,0.464,-0.372,-1.12,0.371,0.32,-0.337
2023-07-30T05:45:00Z,0.464,-0.372,-1.189,0.371,0.214,-0.512
2023-07-30T06:00:00Z,0.195,-0.211,-1.184,0.083,-0.106,-1.223
2023-07-30T06:15:00Z,0.195,-0.211,-1.335,0.083,-0.106,-1.374
2023-07-30T06:30:00Z,0.195,-0.211,-1.556,0.083,-0.106,-1.596
2023-07-30T06:45:00Z,0.195,-0.211,-1.786,0.083,-0.106,-1.825
2023-07-30T07:00:00Z,0.205,-0.549,-1.717,-0.173,-0.533,-2.766
2023-07-30T07:15:00Z,0.205,-0.549,-1.945,-0.173,-0.533,-2.994
2023-07-30T07:30:00Z,0.205,-0.549,-2.066,-0.173,-0.533,-3.115
2023-07-30T07:45:00Z,0.205,-0.549,-2.27,-0.173,-0.533,-3.319
2023-07-30T08:00:00Z,0.297,-0.607,-2.158,-0.419,-0.571,-3.458
2023-07-30T08:15:00Z,0.297,-0.607,-2.467,-0.419,-0.571,-3.767
2023-07-30T08:30:00Z,0.297,-0.607,-2.536,-0.419,-0.571,-3.835
2023-07-30T08:45:00Z,0.297,-0.607,-2.367,-0.419,-0.573,-3.669
2023-07-30T09:00:00Z,-0.438,-0.692,-1.974,-0.424,-0.741,-4.269
2023-07-30T09:15:00Z,-0.438,-0.692,-1.907,-0.424,-0.742,-4.202
2023-07-30T09:30:00Z,-0.438,-0.692,-1.94,-0.424,-0.741,-4.235
2023-07-30T09:45:00Z,-0.438,-0.692,-1.819,-0.424,-0.777,-4.149
2023-07-30T10:00:00Z,-0.084,-0.692,-2.037,-0.435,-0.944,-4.192
2023-07-30T10:15:00Z,-0.084,-0.692,-2.078,-0.435,-0.943,-4.232
2023-07-30T10:30:00Z,-0.084,-0.692,-2.081,-0.435,-0.944,-4.235
2023-07-30T10:45:00Z,-0.084,-0.692,-2.146,-0.435,-0.957,-4.314
2023-07-30T11:00:00Z,0.421,-0.697,-2.738,-0.435,-1.024,-4.473
2023-07-30T11:15:00Z,0.421,-0.697,-2.887,-0.435,-1.024,-4.621
2023-07-30T11:30:00Z,0.421,-0.697,-2.958,-0.435,-1.024,-4.692
2023-07-30T11:45:00Z,0.421,-0.697,-2.761,-0.435,-1.045,-4.516
2023-07-30T12:00:00Z,-0.553,-0.697,-1.815,-0.435,-1.085,-4.586
2023-07-30T12:15:00Z,-0.553,-0.697,-1.798,-0.435,-1.085,-4.569
2023-07-30T12:30:00Z,-0.553,-0.697,-1.822,-0.435,-1.085,-4.593
2023-07-30T12:45:00Z,-0.553,-0.697,-1.745,-0.435,-1.086,-4.516
2023-07-30T13:00:00Z,-1.251,-0.697,-0.985,-0.435,-1.086,-4.454
2023-07-30T13:15:00Z,-1.251,-0.697,-1.149,-0.435,-1.085,-4.617
2023-07-30T13:30:00Z,-1.251,-0.697,-0.89,-0.435,-1.085,-4.358
2023-07-30T13:45:00Z,-1.251,-0.697,-1.049,-0.435,-1.085,-4.516
2023-07-30T14:00:00Z,-1.122,-0.698,-0.263,-0.435,-1.025,-3.543
2023-07-30T14:15:00Z,-1.122,-0.698,-0.298,-0.435,-1.024,-3.577
2023-07-30T14:30:00Z,-1.122,-0.698,-0.253,-0.435,-1.024,-3.532
2023-07-30T14:45:00Z,-1.122,-0.698,-0.242,-0.435,-1.022,-3.519
2023-07-30T15:00:00Z,-0.297,-0.675,-0.198,-0.423,-0.948,-2.542
2023-07-30T15:15:00Z,-0.297,-0.675,-0.125,-0.423,-0.949,-2.469
2023-07-30T15:30:00Z,-0.297,-0.675,0.167,-0.423,-0.949,-2.177
2023-07-30T15:45:00Z,-0.297,-0.675,0.713,-0.423,-0.962,-1.644
2023-07-30T16:00:00Z,-1.126,-0.134,0.45,-0.134,-1.024,-1.969
2023-07-30T16:15:00Z,-1.126,-0.134,0.757,-0.134,-1.023,-1.661
2023-07-30T16:30:00Z,-1.126,-0.134,0.624,-0.134,-1.024,-1.794
2023-07-30T16:45:00Z,-1.126,-0.134,0.562,-0.134,-1.034,-1.867
2023-07-30T17:00:00Z,-0.777,0.517,0.474,0.158,-1.085,-0.713
2023-07-30T17:15:00Z,-0.777,0.517,0.667,0.158,-1.085,-0.52
2023-07-30T17:30:00Z,-0.777,0.517,0.548,0.158,-1.085,-0.639
2023-07-30T17:45:00Z,-0.777,0.517,0.5,0.158,-1.068,-0.671
2023-07-30T18:00:00Z,-0.527,0.696,0.498,0.425,-1.034,0.058
2023-07-30T18:15:00Z,-0.527,0.696,0.465,0.425,-1.034,0.025
2023-07-30T18:30:00Z,-0.527,0.696,0.405,0.425,-1.034,-0.034
2023-07-30T18:45:00Z,-0.527,0.696,0.474,0.425,-1.016,0.052
2023-07-30T19:00:00Z,-0.648,0.7,0.571,0.425,-0.934,0.115
2023-07-30T19:15:00Z,-0.648,0.7,0.574,0.425,-0.934,0.118
2023-07-30T19:30:00Z,-0.648,0.7,0.764,0.425,-0.933,0.308
2023-07-30T19:45:00Z,-0.648,0.7,0.831,0.425,-0.881,0.428
2023-07-30T20:00:00Z,-0.689,0.7,0.574,0.425,-0.775,0.235
2023-07-30T20:15:00Z,-0.689,0.7,0.621,0.425,-0.775,0.282
2023-07-30T20:30:00Z,-0.689,0.7,0.76,0.425,-0.774,0.421
2023-07-30T20:45:00Z,-0.689,0.7,0.696,0.425,-0.796,0.336
2023-07-30T21:00:00Z,-0.376,0.699,0.581,0.415,-0.837,0.482
2023-07-30T21:15:00Z,-0.376,0.699,0.415,0.415,-0.836,0.317
2023-07-30T21:30:00Z,-0.376,0.699,0.409,0.415,-0.837,0.31
2023-07-30T21:45:00Z,-0.376,0.699,0.373,0.415,-0.45,0.661
2023-07-30T22:00:00Z,-0.312,0.648,-0.063,0.211,0.406,0.889
2023-07-30T22:15:00Z,-0.312,0.648,-0.315,0.211,0.405,0.636
2023-07-30T22:30:00Z,-0.312,0.648,-0.265,0.211,0.405,0.686
2023-07-30T22:45:00Z,-0.312,0.648,-0.515,0.211,0.27,0.301
2023-07-30T23:00:00Z,-0.185,0.382,0.091,0.295,-0.332,0.251
2023-07-30T23:15:00Z,-0.185,0.382,-0.073,0.295,-0.332,0.086
2023-07-30T23:30:00Z,-0.185,0.382,-0.11,0.295,-0.332,0.05
2023-07-30T23:45:00Z,-0.185,0.382,-0.078,0.295,-0.222,0.192
2023-07-31T00:00:00Z,-0.294,-0.208,-0.014,0,0.57,0.054
2023-07-31T00:15:00Z,-0.294,-0.208,-0.042,0,0.605,0.061
2023-07-31T00:30:00Z,-0.294,-0.208,-0.031,0,0.605,0.072
2023-07-31T00:45:00Z,-0.294,-0.208,-0.088,0,0.366,-0.224
2023-07-31T01:00:00Z,0.051,0.406,-0.546,0,-0.15,-0.239
2023-07-31T01:15:00Z,0.051,0.406,-0.532,0,-0.15,-0.225
2023-07-31T01:30:00Z,0.051,0.406,-0.603,0,-0.15,-0.296
2023-07-31T01:45:00Z,0.051,0.406,-0.641,0,-0.1,-0.284
2023-07-31T02:00:00Z,-0.066,0.014,-0.391,0,0.107,-0.336
2023-07-31T02:15:00Z,-0.066,0.014,-0.285,0,0.107,-0.231
2023-07-31T02:30:00Z,-0.066,0.014,-0.368,0,0.107,-0.313
2023-07-31T02:45:00Z,-0.066,0.014,-0.448,0,0.154,-0.345
2023-07-31T03:00:00Z,-0.163,0.512,-1.008,0.014,0.601,-0.044
2023-07-31T03:15:00Z,-0.163,0.512,-0.987,0.014,0.601,-0.023
2023-07-31T03:30:00Z,-0.163,0.512,-1.013,0.014,0.601,-0.049
2023-07-31T03:45:00Z,-0.163,0.512,-1.048,0.014,0.731,0.046
2023-07-31T04:00:00Z,0.32,0.064,-1.433,0.293,0.993,0.237
2023-07-31T04:15:00Z,0.32,0.064,-1.521,0.293,0.995,0.15
2023-07-31T04:30:00Z,0.32,0.064,-1.537,0.293,0.994,0.134
2023-07-31T04:45:00Z,0.32,0.064,-1.469,0.293,0.992,0.201
2023-07-31T05:00:00Z,1.159,0.281,-2.026,0.386,0.77,0.569
2023-07-31T05:15:00Z,1.159,0.281,-2.324,0.386,0.77,0.271
2023-07-31T05:30:00Z,1.159,0.281,-2.224,0.386,0.77,0.371
2023-07-31T05:45:00Z,1.159,0.281,-2.128,0.386,0.423,0.12
2023-07-31T06:00:00Z,1.33,0.689,-1.528,0.425,-0.105,0.81
2023-07-31T06:15:00Z,1.33,0.689,-1.291,0.425,-0.105,1.047
2023-07-31T06:30:00Z,1.33,0.689,-1.187,0.425,-0.105,1.152
2023-07-31T06:45:00Z,1.33,0.689,-1.122,0.425,-0.132,1.189
2023-07-31T07:00:00Z,0.932,0.7,-0.429,0.425,-0.661,0.967
2023-07-31T07:15:00Z,0.932,0.7,-0.367,0.425,-0.661,1.029
2023-07-31T07:30:00Z,0.932,0.7,-0.628,0.425,-0.661,0.768
2023-07-31T07:45:00Z,0.932,0.7,-0.845,0.425,-0.662,0.55
2023-07-31T08:00:00Z,0.797,0.7,-0.271,0.409,-0.738,0.897
2023-07-31T08:15:00Z,0.797,0.7,-0.537,0.409,-0.738,0.631
2023-07-31T08:30:00Z,0.797,0.7,-0.498,0.409,-0.738,0.67
2023-07-31T08:45:00Z,0.797,0.7,-0.589,0.409,-0.786,0.531
2023-07-31T09:00:00Z,0.847,0.673,-0.389,0.108,-1.024,0.214
2023-07-31T09:15:00Z,0.847,0.673,-0.321,0.108,-1.025,0.282
2023-07-31T09:30:00Z,0.847,0.673,-0.483,0.108,-1.024,0.12
2023-07-31T09:45:00Z,0.847,0.673,-0.642,0.108,-1.024,-0.039
2023-07-31T10:00:00Z,0.572,0.5,-0.591,0,-1.024,-0.543
2023-07-31T10:15:00Z,0.572,0.5,-0.655,0,-1.024,-0.607
2023-07-31T10:30:00Z,0.572,0.5,-0.551,0,-1.025,-0.503
2023-07-31T10:45:00Z,0.572,0.5,-0.573,0,-1.046,-0.547
2023-07-31T11:00:00Z,0.468,0.343,0.009,0,-1.086,-0.265
2023-07-31T11:15:00Z,0.468,0.343,0.061,0,-1.086,-0.213
2023-07-31T11:30:00Z,0.468,0.343,0.022,0,-1.085,-0.252
2023-07-31T11:45:00Z,0.468,0.343,0.083,0,-1.086,-0.192
2023-07-31T12:00:00Z,0.975,0.469,-0.292,0.013,-1.086,0.08
2023-07-31T12:15:00Z,0.975,0.469,-0.41,0.013,-1.086,-0.038
2023-07-31T12:30:00Z,0.975,0.469,-0.398,0.013,-1.086,-0.027
2023-07-31T12:45:00Z,0.975,0.469,-0.586,0.013,-1.076,-0.204
2023-07-31T13:00:00Z,0.819,0.694,-0.873,0.319,-1.025,-0.065
2023-07-31T13:15:00Z,0.819,0.694,-0.786,0.319,-1.025,0.022
2023-07-31T13:30:00Z,0.819,0.694,-0.752,0.319,-1.025,0.055
2023-07-31T13:45:00Z,0.819,0.694,-0.709,0.319,-1.024,0.1
2023-07-31T14:00:00Z,0.945,0.683,-0.692,0.412,-0.635,0.713
2023-07-31T14:15:00Z,0.945,0.683,-0.511,0.412,-0.635,0.894
2023-07-31T14:30:00Z,0.945,0.683,-0.646,0.412,-0.635,0.759
2023-07-31T14:45:00Z,0.945,0.683,-0.642,0.412,-0.381,1.016
2023-07-31T15:00:00Z,1.295,0.341,-0.538,0.425,-0,1.523
2023-07-31T15:15:00Z,1.295,0.341,-0.414,0.425,0,1.647
2023-07-31T15:30:00Z,1.295,0.341,-0.44,0.425,-0.001,1.62
2023-07-31T15:45:00Z,1.295,0.341,-0.93,0.425,0,1.132
2023-07-31T16:00:00Z,1.302,0.075,-1.404,0.425,-0.105,0.294
2023-07-31T16:15:00Z,1.302,0.075,-1.723,0.425,-0.106,-0.027
2023-07-31T16:30:00Z,1.302,0.075,-1.847,0.425,-0.106,-0.151
2023-07-31T16:45:00Z,1.302,0.075,-1.715,0.425,-0.07,0.017
2023-07-31T17:00:00Z,1.131,-0.444,-1.634,0.425,0.499,-0.023
2023-07-31T17:15:00Z,1.131,-0.444,-1.509,0.425,0.502,0.105
2023-07-31T17:30:00Z,1.131,-0.444,-1.479,0.425,0.502,0.135
2023-07-31T17:45:00Z,1.131,-0.444,-1.378,0.425,0.502,0.236
2023-07-31T18:00:00Z,1.052,-0.515,-1.193,0.425,0.428,0.196
2023-07-31T18:15:00Z,1.052,-0.515,-1.231,0.425,0.428,0.158
2023-07-31T18:30:00Z,1.052,-0.515,-1.263,0.425,0.428,0.127
2023-07-31T18:45:00Z,1.052,-0.515,-1.009,0.425,0.427,0.379
2023-07-31T19:00:00Z,1.127,-0.461,-1.154,0.425,0.226,0.162
2023-07-31T19:15:00Z,1.127,-0.461,-0.94,0.425,0.226,0.376
2023-07-31T19:30:00Z,1.127,-0.461,-0.648,0.425,0.226,0.669
2023-07-31T19:45:00Z,1.127,-0.461,-0.515,0.425,0.151,0.726
2023-07-31T20:00:00Z,0.827,0.1,-0.875,0.423,0,0.476
2023-07-31T20:15:00Z,0.827,0.1,-0.856,0.423,-0,0.495
2023-07-31T20:30:00Z,0.827,0.1,-0.598,0.423,-0.001,0.753
2023-07-31T20:45:00Z,0.827,0.1,-0.488,0.423,-0,0.863
2023-07-31T21:00:00Z,0.914,0.522,-1.126,0.39,-0,0.7
2023-07-31T21:15:00Z,0.914,0.522,-1.052,0.39,-0,0.774
2023-07-31T21:30:00Z,0.914,0.522,-0.938,0.39,-0,0.888
2023-07-31T21:45:00Z,0.914,0.522,-1.039,0.39,-0.001,0.787
2023-07-31T22:00:00Z,2.067,0.507,-1.131,0.178,0.101,1.722
2023-07-31T22:15:00Z,2.067,0.507,-0.965,0.178,0.102,1.888
2023-07-31T22:30:00Z,2.067,0.507,-1.054,0.178,0.102,1.799
2023-07-31T22:45:00Z,2.067,0.507,-1.042,0.178,0.102,1.811
2023-07-31T23:00:00Z,2.057,0.523,-1.157,0,0.447,1.87
2023-07-31T23:15:00Z,2.057,0.523,-1.169,0,0.447,1.859
2023-07-31T23:30:00Z,2.057,0.523,-1.207,0,0.447,1.82
2023-07-31T23:45:00Z,2.057,0.523,-1.224,0,0.604,1.96
