tijdstip_utc,belgium,denmark,germany,norway,united_kingdom,sum
2026-04-01T00:00:00Z,-2.008,-0.116,-1.844,0.422,0.995,-2.551
2026-04-01T00:15:00Z,-2.008,-0.696,-1.323,0.422,0.996,-2.61
2026-04-01T00:30:00Z,-2.008,-0.669,-1.381,0.422,0.995,-2.642
2026-04-01T00:45:00Z,-2.008,-0.428,-1.663,0.422,0.994,-2.683
2026-04-01T01:00:00Z,-1.831,0.113,-2.522,0.422,0.991,-2.826
2026-04-01T01:15:00Z,-1.831,0.587,-2.997,0.422,0.991,-2.828
2026-04-01T01:30:00Z,-1.831,0.622,-3.17,0.422,0.991,-2.966
2026-04-01T01:45:00Z,-1.831,0.559,-3.22,0.422,0.992,-3.078
2026-04-01T02:00:00Z,-1.45,-0.033,-2.716,0.422,0.995,-2.782
2026-04-01T02:15:00Z,-1.45,-0.496,-2.176,0.422,0.995,-2.704
2026-04-01T02:30:00Z,-1.45,-0.59,-2.126,0.422,0.996,-2.748
2026-04-01T02:45:00Z,-1.45,-0.502,-2.279,0.422,0.995,-2.814
2026-04-01T03:00:00Z,-1.017,-0.493,-2.313,0.422,0.995,-2.407
2026-04-01T03:15:00Z,-1.017,-0.52,-2.453,0.422,0.995,-2.574
2026-04-01T03:30:00Z,-1.017,-0.587,-2.454,0.422,0.996,-2.641
2026-04-01T03:45:00Z,-1.017,-0.571,-2.541,0.422,0.995,-2.711
2026-04-01T04:00:00Z,-0.318,-0.599,-2.371,0.422,0.996,-1.87
2026-04-01T04:15:00Z,-0.318,-0.617,-2.101,0.422,0.995,-1.618
2026-04-01T04:30:00Z,-0.318,-0.648,-1.8,0.422,0.995,-1.348
2026-04-01T04:45:00Z,-0.318,-0.631,-1.58,0.422,0.996,-1.111
2026-04-01T05:00:00Z,0.619,-0.576,-1.84,0.422,0.995,-0.379
2026-04-01T05:15:00Z,0.619,-0.583,-1.914,0.422,0.996,-0.46
2026-04-01T05:30:00Z,0.619,-0.576,-1.668,0.422,0.996,-0.207
2026-04-01T05:45:00Z,0.619,-0.499,-1.543,0.422,0.979,-0.022
2026-04-01T06:00:00Z,-0.312,-0.193,-1.373,0.422,0.901,-0.555
2026-04-01T06:15:00Z,-0.312,-0.3,-1.138,0.422,0.901,-0.426
2026-04-01T06:30:00Z,-0.312,-0.383,-1.08,0.422,0.901,-0.451
2026-04-01T06:45:00Z,-0.312,-0.385,-0.648,0.422,0.465,-0.457
2026-04-01T07:00:00Z,-1.649,-0.315,-0.015,0.36,-0.398,-2.016
2026-04-01T07:15:00Z,-1.649,-0.376,-0.311,0.36,-0.397,-2.373
2026-04-01T07:30:00Z,-1.649,-0.672,-0.175,0.36,-0.398,-2.533
2026-04-01T07:45:00Z,-1.649,-0.578,-0.242,0.36,-0.5,-2.609
2026-04-01T08:00:00Z,-1.512,-0.676,-0.108,0.409,-1.02,-2.908
2026-04-01T08:15:00Z,-1.512,-0.676,-0.304,0.409,-1.02,-3.103
2026-04-01T08:30:00Z,-1.512,-0.541,-0.446,0.409,-1.023,-3.113
2026-04-01T08:45:00Z,-1.512,-0.698,0.322,0.409,-1.024,-2.503
2026-04-01T09:00:00Z,-2.974,-0.698,1.016,0.021,-1.024,-3.659
2026-04-01T09:15:00Z,-2.974,-0.698,1.23,0.021,-1.023,-3.445
2026-04-01T09:30:00Z,-2.974,-0.698,1.233,0.021,-1.025,-3.443
2026-04-01T09:45:00Z,-2.974,-0.698,1.2,0.021,-1.024,-3.475
2026-04-01T10:00:00Z,-2.733,-0.699,1.591,0,-1.021,-2.862
2026-04-01T10:15:00Z,-2.733,-0.698,1.069,0,-1.021,-3.384
2026-04-01T10:30:00Z,-2.733,-0.698,1.006,0,-1.021,-3.446
2026-04-01T10:45:00Z,-2.733,-0.697,0.68,0,-1.022,-3.772
2026-04-01T11:00:00Z,-2.357,-0.698,0.237,-0.204,-1.024,-4.046
2026-04-01T11:15:00Z,-2.357,-0.698,-0.013,-0.204,-1.025,-4.298
2026-04-01T11:30:00Z,-2.357,-0.698,-0.199,-0.204,-1.025,-4.483
2026-04-01T11:45:00Z,-2.357,-0.697,-0.165,-0.204,-1.025,-4.448
2026-04-01T12:00:00Z,-2.464,-0.697,-0.243,-0.434,-1.024,-4.864
2026-04-01T12:15:00Z,-2.464,-0.698,-0.098,-0.434,-1.025,-4.72
2026-04-01T12:30:00Z,-2.464,-0.698,-0.065,-0.434,-1.024,-4.687
2026-04-01T12:45:00Z,-2.464,-0.698,-0.156,-0.434,-1.025,-4.777
2026-04-01T13:00:00Z,-2.306,-0.698,-0.494,-0.427,-1.024,-4.947
2026-04-01T13:15:00Z,-2.306,-0.697,-0.497,-0.427,-1.024,-4.95
2026-04-01T13:30:00Z,-2.306,-0.697,-0.321,-0.427,-1.024,-4.775
2026-04-01T13:45:00Z,-2.306,-0.68,-0.417,-0.427,-1.024,-4.854
2026-04-01T14:00:00Z,-1.987,-0.577,-0.691,0.116,-1.024,-4.163
2026-04-01T14:15:00Z,-1.987,-0.486,-0.599,0.116,-1.024,-3.98
2026-04-01T14:30:00Z,-1.987,-0.353,-0.634,0.116,-1.024,-3.882
2026-04-01T14:45:00Z,-1.987,-0.278,-0.586,0.116,-0.509,-3.245
2026-04-01T15:00:00Z,-1.999,-0.138,-1.389,0.293,0.35,-2.882
2026-04-01T15:15:00Z,-1.999,-0.055,-1.347,0.293,0.35,-2.757
2026-04-01T15:30:00Z,-1.999,-0.05,-1.56,0.293,0.35,-2.966
2026-04-01T15:45:00Z,-1.999,-0.201,-2.328,0.293,0.39,-3.845
2026-04-01T16:00:00Z,-1.766,0.185,-2.247,0.389,0.59,-2.85
2026-04-01T16:15:00Z,-1.766,-0.248,-1.837,0.389,0.59,-2.871
2026-04-01T16:30:00Z,-1.766,-0.322,-1.427,0.389,0.59,-2.536
2026-04-01T16:45:00Z,-1.766,-0.149,-1.346,0.389,0.656,-2.216
2026-04-01T17:00:00Z,-0.805,0.336,-1.522,0.422,0.995,-0.573
2026-04-01T17:15:00Z,-0.805,0.424,-1.349,0.422,0.995,-0.312
2026-04-01T17:30:00Z,-0.805,0.44,-1.1,0.422,0.995,-0.048
2026-04-01T17:45:00Z,-0.805,0.375,-1.044,0.422,0.994,-0.056
2026-04-01T18:00:00Z,-0.652,0.154,-0.648,0.422,0.946,0.222
2026-04-01T18:15:00Z,-0.652,0.114,-0.586,0.422,0.946,0.244
2026-04-01T18:30:00Z,-0.652,0.097,-0.922,0.422,0.946,-0.109
2026-04-01T18:45:00Z,-0.652,0.11,-0.574,0.422,0.939,0.245
2026-04-01T19:00:00Z,-0.936,-0.007,-0.319,0.422,0.902,0.063
2026-04-01T19:15:00Z,-0.936,-0.018,-0.262,0.422,0.903,0.11
2026-04-01T19:30:00Z,-0.936,-0.048,-0.561,0.422,0.903,-0.219
2026-04-01T19:45:00Z,-0.936,0.026,-0.498,0.422,0.916,-0.069
2026-04-01T20:00:00Z,-1.772,0.276,-0.963,0.422,0.984,-1.052
2026-04-01T20:15:00Z,-1.772,0.057,-0.651,0.422,0.984,-0.96
2026-04-01T20:30:00Z,-1.772,0.118,-0.603,0.422,0.984,-0.851
2026-04-01T20:45:00Z,-1.772,0.256,-0.74,0.422,0.971,-0.863
2026-04-01T21:00:00Z,-2.35,0.151,-0.408,0.422,0.909,-1.276
2026-04-01T21:15:00Z,-2.35,0.151,-0.583,0.422,0.909,-1.451
2026-04-01T21:30:00Z,-2.35,0.177,-1.07,0.422,0.908,-1.913
2026-04-01T21:45:00Z,-2.35,0.297,-1.227,0.422,0.906,-1.951
2026-04-01T22:00:00Z,-2.38,0.013,-0.543,0.422,0.892,-1.596
2026-04-01T22:15:00Z,-2.38,0.019,-0.591,0.422,0.892,-1.638
2026-04-01T22:30:00Z,-2.38,0.233,-0.914,0.422,0.892,-1.748
2026-04-01T22:45:00Z,-2.38,0.546,-0.733,0.422,0.866,-1.279
2026-04-01T23:00:00Z,-2.07,0.626,-0.528,0.422,0.746,-0.805
2026-04-01T23:15:00Z,-2.07,0.614,-0.545,0.422,0.746,-0.832
2026-04-01T23:30:00Z,-2.07,0.628,-0.572,0.422,0.747,-0.845
2026-04-01T23:45:00Z,-2.07,0.582,-0.597,0.422,0.724,-0.939
2026-04-02T00:00:00Z,-2.196,0.531,-0.487,0.419,0.618,-1.115
2026-04-02T00:15:00Z,-2.196,0.516,-0.668,0.419,0.618,-1.31
2026-04-02T00:30:00Z,-2.196,0.502,-0.535,0.419,0.619,-1.191
2026-04-02T00:45:00Z,-2.196,0.298,-0.241,0.419,0.629,-1.091
2026-04-02T01:00:00Z,-2.97,-0.007,0.794,0.394,0.672,-1.118
2026-04-02T01:15:00Z,-2.97,-0.189,1.068,0.394,0.672,-1.026
2026-04-02T01:30:00Z,-2.97,-0.407,1.046,0.394,0.672,-1.265
2026-04-02T01:45:00Z,-2.97,-0.408,1.044,0.394,0.657,-1.284
2026-04-02T02:00:00Z,-2.976,0.01,0.973,0.402,0.583,-1.007
2026-04-02T02:15:00Z,-2.976,-0.104,1.039,0.402,0.584,-1.054
2026-04-02T02:30:00Z,-2.976,0.018,0.831,0.402,0.584,-1.14
2026-04-02T02:45:00Z,-2.976,0.086,0.524,0.402,0.653,-1.311
2026-04-02T03:00:00Z,-2.35,0.448,-0.697,0.419,0.995,-1.184
2026-04-02T03:15:00Z,-2.35,0.621,-1.171,0.419,0.994,-1.485
2026-04-02T03:30:00Z,-2.35,0.546,-1.542,0.419,0.995,-1.931
2026-04-02T03:45:00Z,-2.35,0.381,-1.598,0.419,0.995,-2.152
2026-04-02T04:00:00Z,-2.092,0.192,-1.837,0.422,0.995,-2.319
2026-04-02T04:15:00Z,-2.092,0.184,-2.178,0.422,0.995,-2.668
2026-04-02T04:30:00Z,-2.092,0.196,-1.981,0.422,0.995,-2.459
2026-04-02T04:45:00Z,-2.092,0.237,-1.621,0.422,0.896,-2.158
2026-04-02T05:00:00Z,-1.318,0.59,-2.197,0.422,0.695,-1.808
2026-04-02T05:15:00Z,-1.318,0.605,-2.065,0.422,0.695,-1.661
2026-04-02T05:30:00Z,-1.318,0.612,-1.826,0.422,0.695,-1.415
2026-04-02T05:45:00Z,-1.318,0.601,-1.29,0.422,0.397,-1.188
2026-04-02T06:00:00Z,-1.726,0.32,0.26,0.422,-0.16,-0.884
2026-04-02T06:15:00Z,-1.726,0.371,0.296,0.422,-0.161,-0.798
2026-04-02T06:30:00Z,-1.726,0.168,0.49,0.422,-0.16,-0.806
2026-04-02T06:45:00Z,-1.726,-0.322,1.071,0.422,-0.23,-0.785
2026-04-02T07:00:00Z,-3.317,-0.107,2.434,0.415,-0.57,-1.146
2026-04-02T07:15:00Z,-3.317,-0.065,2.518,0.415,-0.569,-1.019
2026-04-02T07:30:00Z,-3.317,-0,2.636,0.415,-0.569,-0.836
2026-04-02T07:45:00Z,-3.317,-0.042,2.693,0.415,-0.357,-0.609
2026-04-02T08:00:00Z,-3.191,-0.249,3.038,0.297,0.178,0.073
2026-04-02T08:15:00Z,-3.191,-0.227,2.885,0.297,0.178,-0.058
2026-04-02T08:30:00Z,-3.191,-0.035,2.773,0.297,0.178,0.022
2026-04-02T08:45:00Z,-3.191,-0.029,2.996,0.297,0.118,0.191
2026-04-02T09:00:00Z,-2.994,-0.024,3.103,0.388,-0.597,-0.124
2026-04-02T09:15:00Z,-2.994,-0.007,3.123,0.388,-0.642,-0.132
2026-04-02T09:30:00Z,-2.994,-0,3.042,0.388,-0.642,-0.207
2026-04-02T09:45:00Z,-2.994,-0.01,3.02,0.388,-0.649,-0.246
2026-04-02T10:00:00Z,-2.944,-0.048,2.841,0.401,-0.677,-0.427
2026-04-02T10:15:00Z,-2.944,-0,2.59,0.401,-0.677,-0.631
2026-04-02T10:30:00Z,-2.944,-0,2.629,0.401,-0.677,-0.592
2026-04-02T10:45:00Z,-2.944,-0,2.572,0.401,-0.659,-0.631
2026-04-02T11:00:00Z,-2.558,0,2.388,0.317,-0.578,-0.431
2026-04-02T11:15:00Z,-2.558,-0,2.43,0.317,-0.579,-0.39
2026-04-02T11:30:00Z,-2.558,-0.003,2.351,0.317,-0.579,-0.472
2026-04-02T11:45:00Z,-2.558,-0.015,2.374,0.317,-0.588,-0.469
2026-04-02T12:00:00Z,-2.523,0,2.305,0.022,-0.629,-0.825
2026-04-02T12:15:00Z,-2.523,-0.005,1.999,0.022,-0.63,-1.137
2026-04-02T12:30:00Z,-2.523,-0.05,1.94,0.022,-0.63,-1.242
2026-04-02T12:45:00Z,-2.523,-0.16,1.952,0.022,-0.651,-1.36
2026-04-02T13:00:00Z,-1.807,-0.232,2.083,0.193,-1.024,-0.787
2026-04-02T13:15:00Z,-1.807,-0.22,2.123,0.193,-1.023,-0.734
2026-04-02T13:30:00Z,-1.807,-0.061,1.977,0.193,-1.023,-0.721
2026-04-02T13:45:00Z,-1.807,-0,1.995,0.193,-0.947,-0.567
2026-04-02T14:00:00Z,-1.831,-0.005,2.012,0.403,-0.577,0.001
2026-04-02T14:15:00Z,-1.831,-0.001,1.819,0.403,-0.577,-0.187
2026-04-02T14:30:00Z,-1.831,-0,1.739,0.403,-0.577,-0.267
2026-04-02T14:45:00Z,-1.831,-0,1.737,0.403,-0.36,-0.051
2026-04-02T15:00:00Z,-3.084,-0.001,2.28,0.386,0.343,-0.075
2026-04-02T15:15:00Z,-3.084,-0,2.482,0.386,0.341,0.125
2026-04-02T15:30:00Z,-3.084,-0,2.591,0.386,0.342,0.234
2026-04-02T15:45:00Z,-3.084,0.012,2.661,0.386,0.389,0.364
2026-04-02T16:00:00Z,-2.981,0.131,2.056,0.327,0.609,0.143
2026-04-02T16:15:00Z,-2.981,0.199,1.46,0.327,0.609,-0.386
2026-04-02T16:30:00Z,-2.981,0.198,1.356,0.327,0.608,-0.492
2026-04-02T16:45:00Z,-2.981,0.174,1.161,0.327,0.649,-0.67
2026-04-02T17:00:00Z,-2.458,-0.112,0.914,0.422,0.848,-0.387
2026-04-02T17:15:00Z,-2.458,0.017,0.803,0.422,0.847,-0.369
2026-04-02T17:30:00Z,-2.458,0.031,1.053,0.422,0.847,-0.104
2026-04-02T17:45:00Z,-2.458,0.047,1.157,0.422,0.848,0.016
2026-04-02T18:00:00Z,-2.429,0.095,1.226,0.422,0.85,0.165
2026-04-02T18:15:00Z,-2.429,0.14,1.404,0.422,0.85,0.387
2026-04-02T18:30:00Z,-2.429,0.182,1.358,0.422,0.85,0.384
2026-04-02T18:45:00Z,-2.429,0.186,1.38,0.422,0.865,0.424
2026-04-02T19:00:00Z,-2.135,0.254,1.738,0.422,0.892,1.171
2026-04-02T19:15:00Z,-2.135,0.29,1.725,0.422,0.894,1.196
2026-04-02T19:30:00Z,-2.135,0.326,0.7,0.422,0.893,0.206
2026-04-02T19:45:00Z,-2.135,0.331,0.5,0.422,0.888,0.007
2026-04-02T20:00:00Z,-2.325,0.131,1.638,0.422,0.868,0.735
2026-04-02T20:15:00Z,-2.325,0.138,1.659,0.422,0.868,0.762
2026-04-02T20:30:00Z,-2.325,0.141,0.651,0.422,0.868,-0.242
2026-04-02T20:45:00Z,-2.325,0.098,1.008,0.422,0.89,0.094
2026-04-02T21:00:00Z,-2.06,0.629,0.403,0.422,0.993,0.387
2026-04-02T21:15:00Z,-2.06,0.655,1.404,0.422,0.993,1.414
2026-04-02T21:30:00Z,-2.06,0.694,0.606,0.422,0.993,0.656
2026-04-02T21:45:00Z,-2.06,0.7,0.199,0.422,0.99,0.251
2026-04-02T22:00:00Z,-1.662,0.7,1.135,0.422,0.971,1.566
2026-04-02T22:15:00Z,-1.662,0.7,1.002,0.422,0.971,1.433
2026-04-02T22:30:00Z,-1.662,0.7,1.314,0.422,0.97,1.745
2026-04-02T22:45:00Z,-1.662,0.7,0.628,0.422,0.974,1.062
2026-04-02T23:00:00Z,-1.381,0.7,0.886,0.423,0.995,1.622
2026-04-02T23:15:00Z,-1.381,0.7,0.912,0.423,0.996,1.649
2026-04-02T23:30:00Z,-1.381,0.7,1.17,0.423,0.996,1.907
2026-04-02T23:45:00Z,-1.381,0.7,1.535,0.423,0.995,2.272
2026-04-03T00:00:00Z,-1.629,0.7,0.574,0.422,0.995,1.062
2026-04-03T00:15:00Z,-1.629,0.7,0.497,0.422,0.995,0.986
2026-04-03T00:30:00Z,-1.629,0.7,1.233,0.422,0.996,1.721
2026-04-03T00:45:00Z,-1.629,0.7,1.246,0.422,0.995,1.735
2026-04-03T01:00:00Z,-1.602,0.7,0.584,0.422,0.995,1.1
2026-04-03T01:15:00Z,-1.602,0.7,0.428,0.422,0.996,0.945
2026-04-03T01:30:00Z,-1.602,0.698,0.928,0.422,0.996,1.443
2026-04-03T01:45:00Z,-1.602,0.686,0.872,0.422,0.996,1.375
2026-04-03T02:00:00Z,-1.883,0.675,0.634,0.422,0.995,0.844
2026-04-03T02:15:00Z,-1.883,0.697,0.536,0.422,0.996,0.769
2026-04-03T02:30:00Z,-1.883,0.7,0.396,0.422,0.996,0.631
2026-04-03T02:45:00Z,-1.883,0.7,0.233,0.422,0.996,0.468
2026-04-03T03:00:00Z,-2.235,0.7,0.042,0.422,0.996,-0.075
2026-04-03T03:15:00Z,-2.235,0.7,-0.049,0.422,0.996,-0.165
2026-04-03T03:30:00Z,-2.235,0.7,-0.292,0.422,0.996,-0.408
2026-04-03T03:45:00Z,-2.235,0.697,-0.468,0.422,0.996,-0.588
2026-04-03T04:00:00Z,-2.133,0.668,-0.494,0.419,0.994,-0.546
2026-04-03T04:15:00Z,-2.133,0.696,-0.652,0.419,0.994,-0.676
2026-04-03T04:30:00Z,-2.133,0.7,-1.128,0.419,0.995,-1.147
2026-04-03T04:45:00Z,-2.133,0.687,-0.619,0.419,0.944,-0.702
2026-04-03T05:00:00Z,-1.193,0.563,-1.195,0.404,0.7,-0.721
2026-04-03T05:15:00Z,-1.193,0.544,-1.233,0.404,0.701,-0.777
2026-04-03T05:30:00Z,-1.193,0.559,-1.071,0.404,0.7,-0.601
2026-04-03T05:45:00Z,-1.193,0.491,-0.359,0.404,0.609,-0.047
2026-04-03T06:00:00Z,-1.913,0.361,0.057,0.355,0.165,-0.975
2026-04-03T06:15:00Z,-1.913,0.148,0.175,0.355,0.164,-1.071
2026-04-03T06:30:00Z,-1.913,-0.209,0.27,0.355,0.164,-1.334
2026-04-03T06:45:00Z,-1.913,-0.144,0.026,0.355,0.166,-1.511
2026-04-03T07:00:00Z,-2.199,-0.415,1.059,0.378,0.175,-1.002
2026-04-03T07:15:00Z,-2.199,-0.117,1.183,0.378,0.176,-0.58
2026-04-03T07:30:00Z,-2.199,-0.115,1.225,0.378,0.176,-0.536
2026-04-03T07:45:00Z,-2.199,-0.085,1.071,0.378,0.117,-0.718
2026-04-03T08:00:00Z,-1.729,-0,0.842,0.114,-0.724,-1.497
2026-04-03T08:15:00Z,-1.729,-0,0.548,0.114,-0.833,-1.901
2026-04-03T08:30:00Z,-1.729,0,0.304,0.114,-0.834,-2.146
2026-04-03T08:45:00Z,-1.729,0,-0.01,0.114,-0.856,-2.482
2026-04-03T09:00:00Z,-1.283,-0,-0.672,-0.24,-0.952,-3.147
2026-04-03T09:15:00Z,-1.283,-0,-1.314,-0.24,-0.953,-3.789
2026-04-03T09:30:00Z,-1.283,-0.022,-1.681,-0.24,-0.952,-4.178
2026-04-03T09:45:00Z,-1.283,-0.197,-1.835,-0.24,-0.976,-4.53
2026-04-03T10:00:00Z,-1.344,-0.569,-1.491,-0.435,-1.024,-4.863
2026-04-03T10:15:00Z,-1.344,-0.697,-1.465,-0.435,-1.025,-4.966
2026-04-03T10:30:00Z,-1.344,-0.697,-1.538,-0.435,-1.024,-5.038
2026-04-03T10:45:00Z,-1.344,-0.697,-1.524,-0.435,-1.024,-5.024
2026-04-03T11:00:00Z,-1.251,-0.697,-1.302,-0.435,-1.024,-4.708
2026-04-03T11:15:00Z,-1.251,-0.698,-1.24,-0.435,-1.024,-4.647
2026-04-03T11:30:00Z,-1.251,-0.698,-0.899,-0.435,-1.024,-4.307
2026-04-03T11:45:00Z,-1.251,-0.697,-1.028,-0.435,-1.024,-4.435
2026-04-03T12:00:00Z,-1.327,-0.696,-0.386,-0.435,-1.024,-3.868
2026-04-03T12:15:00Z,-1.327,-0.688,-0.122,-0.435,-1.024,-3.596
2026-04-03T12:30:00Z,-1.327,-0.694,-0.059,-0.435,-1.024,-3.539
2026-04-03T12:45:00Z,-1.327,-0.684,0.013,-0.435,-1.024,-3.457
2026-04-03T13:00:00Z,-1.241,-0.649,0.466,-0.435,-1.022,-2.882
2026-04-03T13:15:00Z,-1.241,-0.687,0.517,-0.435,-1.022,-2.868
2026-04-03T13:30:00Z,-1.241,-0.694,0.712,-0.435,-1.021,-2.679
2026-04-03T13:45:00Z,-1.241,-0.624,0.658,-0.435,-0.869,-2.511
2026-04-03T14:00:00Z,-1.713,-0.278,0.847,-0.434,-0.105,-1.682
2026-04-03T14:15:00Z,-1.713,-0.289,0.996,-0.434,-0.104,-1.544
2026-04-03T14:30:00Z,-1.713,-0.449,2.369,-0.434,-0.104,-0.33
2026-04-03T14:45:00Z,-1.713,-0.268,2.593,-0.434,-0.07,0.108
2026-04-03T15:00:00Z,-2.267,-0.439,2.304,-0.118,0.826,0.306
2026-04-03T15:15:00Z,-2.267,-0.163,2.349,-0.118,0.996,0.796
2026-04-03T15:30:00Z,-2.267,-0.024,2.299,-0.118,0.997,0.886
2026-04-03T15:45:00Z,-2.267,-0.184,2.238,-0.118,0.992,0.661
2026-04-03T16:00:00Z,-1.919,-0.378,2.041,0.239,0.971,0.955
2026-04-03T16:15:00Z,-1.919,-0.248,1.9,0.239,0.971,0.944
2026-04-03T16:30:00Z,-1.919,0.009,1.949,0.239,0.971,1.25
2026-04-03T16:45:00Z,-1.919,0.198,1.815,0.239,0.962,1.296
2026-04-03T17:00:00Z,-1.297,0.463,1.586,0,0.918,1.67
2026-04-03T17:15:00Z,-1.297,0.39,1.465,0,0.918,1.476
2026-04-03T17:30:00Z,-1.297,0.335,1.236,0,0.918,1.193
2026-04-03T17:45:00Z,-1.297,0.301,1.083,0,0.83,0.918
2026-04-03T18:00:00Z,-0.669,0.275,1.068,0,0.386,1.059
2026-04-03T18:15:00Z,-0.669,0.303,0.728,0,0.386,0.747
2026-04-03T18:30:00Z,-0.669,0.321,0.679,0,0.386,0.717
2026-04-03T18:45:00Z,-0.669,0.253,0.582,0,0.292,0.458
2026-04-03T19:00:00Z,-0.533,-0.036,0.688,0,0.102,0.221
2026-04-03T19:15:00Z,-0.533,-0.007,0.706,0,0.101,0.268
2026-04-03T19:30:00Z,-0.533,-0.046,0.888,0,0.102,0.412
2026-04-03T19:45:00Z,-0.533,0.048,0.997,0,0.102,0.614
2026-04-03T20:00:00Z,-1.301,0.254,0.695,0,0.172,-0.18
2026-04-03T20:15:00Z,-1.301,-0.026,0.964,0,0.172,-0.192
2026-04-03T20:30:00Z,-1.301,-0.215,1.187,0,0.172,-0.157
2026-04-03T20:45:00Z,-1.301,-0.186,1.243,0,0.115,-0.129
2026-04-03T21:00:00Z,-1.211,0.163,1.187,-0.063,-0.584,-0.509
2026-04-03T21:15:00Z,-1.211,0.128,1.098,-0.063,-0.62,-0.668
2026-04-03T21:30:00Z,-1.211,0.122,1.091,-0.063,-0.62,-0.681
2026-04-03T21:45:00Z,-1.211,0.153,1.305,-0.063,-0.557,-0.374
2026-04-03T22:00:00Z,-2.278,0.64,1.352,-0.405,-0.249,-0.94
2026-04-03T22:15:00Z,-2.278,0.686,1.188,-0.405,-0.248,-1.058
2026-04-03T22:30:00Z,-2.278,0.532,1.177,-0.405,-0.248,-1.221
2026-04-03T22:45:00Z,-2.278,0.261,1.228,-0.405,-0.281,-1.475
2026-04-03T23:00:00Z,-2.611,0.05,1.424,-0.085,-0.428,-1.65
2026-04-03T23:15:00Z,-2.611,0.021,1.507,-0.085,-0.428,-1.595
2026-04-03T23:30:00Z,-2.611,0.038,1.459,-0.085,-0.427,-1.626
2026-04-03T23:45:00Z,-2.611,0.104,1.458,-0.085,-0.482,-1.616
2026-04-04T00:00:00Z,-3.154,0.23,2.078,0.272,-0.744,-1.319
2026-04-04T00:15:00Z,-3.154,0.509,2.109,0.272,-0.744,-1.009
2026-04-04T00:30:00Z,-3.154,0.682,2.205,0.272,-0.745,-0.74
2026-04-04T00:45:00Z,-3.154,0.7,2.258,0.272,-0.65,-0.574
2026-04-04T01:00:00Z,-2.714,0.7,1.55,0.41,-0.196,-0.249
2026-04-04T01:15:00Z,-2.714,0.7,1.49,0.41,-0.196,-0.309
2026-04-04T01:30:00Z,-2.714,0.7,1.647,0.41,-0.196,-0.152
2026-04-04T01:45:00Z,-2.714,0.7,1.666,0.41,-0.131,-0.068
2026-04-04T02:00:00Z,-2.208,0.7,1.698,0.422,0.133,0.746
2026-04-04T02:15:00Z,-2.208,0.7,1.723,0.422,0.133,0.771
2026-04-04T02:30:00Z,-2.208,0.7,1.747,0.422,0.133,0.794
2026-04-04T02:45:00Z,-2.208,0.7,1.771,0.422,0.269,0.955
2026-04-04T03:00:00Z,-2.285,0.7,2.026,0.422,0.997,1.86
2026-04-04T03:15:00Z,-2.285,0.7,1.993,0.422,0.995,1.825
2026-04-04T03:30:00Z,-2.285,0.7,2.069,0.422,0.996,1.902
2026-04-04T03:45:00Z,-2.285,0.7,2.271,0.422,0.965,2.073
2026-04-04T04:00:00Z,-1.885,0.7,2.501,0.422,0.825,2.563
2026-04-04T04:15:00Z,-1.885,0.7,2.374,0.422,0.826,2.436
2026-04-04T04:30:00Z,-1.885,0.7,2.628,0.422,0.825,2.69
2026-04-04T04:45:00Z,-1.885,0.7,2.59,0.422,0.828,2.655
2026-04-04T05:00:00Z,-1.767,0.7,2.518,0.422,0.846,2.718
2026-04-04T05:15:00Z,-1.767,0.7,2.35,0.422,0.845,2.55
2026-04-04T05:30:00Z,-1.767,0.7,2.589,0.422,0.845,2.788
2026-04-04T05:45:00Z,-1.767,0.7,2.814,0.422,0.843,3.011
2026-04-04T06:00:00Z,-2.491,0.7,2.925,0.416,0.435,1.985
2026-04-04T06:15:00Z,-2.491,0.7,3.054,0.416,0.435,2.114
2026-04-04T06:30:00Z,-2.491,0.7,3.108,0.416,0.435,2.167
2026-04-04T06:45:00Z,-2.491,0.639,3.232,0.416,0.29,2.086
2026-04-04T07:00:00Z,-2.858,0.067,3.213,0.319,-0.569,0.172
2026-04-04T07:15:00Z,-2.858,-0.002,3.293,0.319,-0.601,0.151
2026-04-04T07:30:00Z,-2.858,-0.002,3.415,0.319,-0.601,0.273
2026-04-04T07:45:00Z,-2.858,-0.002,3.635,0.319,-0.748,0.347
2026-04-04T08:00:00Z,-2.784,-0.002,3.311,0.048,-1.023,-0.451
2026-04-04T08:15:00Z,-2.784,-0.002,2.924,0.048,-1.024,-0.838
2026-04-04T08:30:00Z,-2.784,-0.01,3.247,0.048,-1.023,-0.523
2026-04-04T08:45:00Z,-2.784,-0.096,3.529,0.048,-1.023,-0.326
2026-04-04T09:00:00Z,-3.722,-0.309,3.707,-0.35,-1.024,-1.697
2026-04-04T09:15:00Z,-3.722,-0.293,3.741,-0.35,-1.024,-1.648
2026-04-04T09:30:00Z,-3.722,-0.439,3.481,-0.35,-1.024,-2.053
2026-04-04T09:45:00Z,-3.722,-0.698,3.51,-0.35,-1.024,-2.284
2026-04-04T10:00:00Z,-3.733,-0.697,3.196,-0.435,-1.024,-2.693
2026-04-04T10:15:00Z,-3.733,-0.696,3.311,-0.435,-1.024,-2.578
2026-04-04T10:30:00Z,-3.733,-0.697,3.447,-0.435,-1.023,-2.441
2026-04-04T10:45:00Z,-3.733,-0.695,3.461,-0.435,-1.024,-2.426
2026-04-04T11:00:00Z,-3.9,-0.671,3.364,-0.435,-1.024,-2.667
2026-04-04T11:15:00Z,-3.9,-0.579,3.011,-0.435,-1.025,-2.928
2026-04-04T11:30:00Z,-3.9,-0.466,2.965,-0.435,-1.025,-2.861
2026-04-04T11:45:00Z,-3.9,-0.225,2.922,-0.435,-1.024,-2.662
2026-04-04T12:00:00Z,-3.906,-0.001,3.189,-0.435,-1.019,-2.172
2026-04-04T12:15:00Z,-3.906,-0,3.11,-0.435,-1.02,-2.25
2026-04-04T12:30:00Z,-3.906,-0,2.618,-0.435,-1.02,-2.744
2026-04-04T12:45:00Z,-3.906,-0.004,2.509,-0.435,-1.012,-2.849
2026-04-04T13:00:00Z,-4.075,-0.024,3.367,-0.435,-0.972,-2.139
2026-04-04T13:15:00Z,-4.075,-0.016,3.478,-0.435,-0.972,-2.02
2026-04-04T13:30:00Z,-4.075,-0.052,3.015,-0.435,-0.972,-2.519
2026-04-04T13:45:00Z,-4.075,-0.133,2.535,-0.435,-0.888,-2.996
2026-04-04T14:00:00Z,-3.417,-0.304,2.261,-0.431,-0.457,-2.347
2026-04-04T14:15:00Z,-3.417,-0.142,1.893,-0.431,-0.456,-2.553
2026-04-04T14:30:00Z,-3.417,-0.007,2.294,-0.431,-0.456,-2.015
2026-04-04T14:45:00Z,-3.417,-0.015,2.245,-0.431,-0.303,-1.92
2026-04-04T15:00:00Z,-2.391,-0.079,1.088,-0.397,0.825,-0.953
2026-04-04T15:15:00Z,-2.391,-0.018,1.098,-0.397,0.996,-0.712
2026-04-04T15:30:00Z,-2.391,-0.095,1.105,-0.397,0.995,-0.782
2026-04-04T15:45:00Z,-2.391,0.03,0.9,-0.397,0.995,-0.863
2026-04-04T16:00:00Z,-1.464,0.436,0.058,-0.022,0.995,0.002
2026-04-04T16:15:00Z,-1.464,0.525,-0.093,-0.022,0.995,-0.059
2026-04-04T16:30:00Z,-1.464,0.512,-0.407,-0.022,0.995,-0.386
2026-04-04T16:45:00Z,-1.464,0.444,-1.14,-0.022,0.996,-1.186
2026-04-04T17:00:00Z,-0.481,0.518,-1.693,0.338,0.995,-0.324
2026-04-04T17:15:00Z,-0.481,0.545,-2.185,0.338,0.995,-0.787
2026-04-04T17:30:00Z,-0.481,0.525,-2.598,0.338,0.995,-1.221
2026-04-04T17:45:00Z,-0.481,0.57,-2.604,0.338,0.968,-1.21
2026-04-04T18:00:00Z,-0.642,0.667,-2.4,0.243,0.842,-1.29
2026-04-04T18:15:00Z,-0.642,0.526,-2.393,0.243,0.841,-1.424
2026-04-04T18:30:00Z,-0.642,0.367,-2.514,0.243,0.842,-1.705
2026-04-04T18:45:00Z,-0.642,0.227,-1.854,0.243,0.735,-1.292
2026-04-04T19:00:00Z,-0.862,0.573,-1.791,-0.128,0.205,-2.002
2026-04-04T19:15:00Z,-0.862,0.573,-1.5,-0.128,0.206,-1.711
2026-04-04T19:30:00Z,-0.862,0.583,-1.203,-0.128,0.206,-1.403
2026-04-04T19:45:00Z,-0.862,0.459,-1.089,-0.128,0.261,-1.358
2026-04-04T20:00:00Z,-1.505,-0.077,-0.641,-0.434,0.532,-2.125
2026-04-04T20:15:00Z,-1.505,-0.35,-0.389,-0.434,0.532,-2.145
2026-04-04T20:30:00Z,-1.505,-0.219,-0.326,-0.434,0.532,-1.953
2026-04-04T20:45:00Z,-1.505,-0.099,-0.373,-0.434,0.579,-1.832
2026-04-04T21:00:00Z,-1.14,-0.423,-0.375,-0.333,0.821,-1.449
2026-04-04T21:15:00Z,-1.14,-0.292,-0.334,-0.333,0.821,-1.278
2026-04-04T21:30:00Z,-1.14,0.167,-1.922,-0.333,0.82,-2.408
2026-04-04T21:45:00Z,-1.14,0.101,-1.325,-0.333,0.774,-1.922
2026-04-04T22:00:00Z,-0.389,-0.388,-0.829,-0.435,0.555,-1.486
2026-04-04T22:15:00Z,-0.389,-0.507,-0.792,-0.435,0.555,-1.568
2026-04-04T22:30:00Z,-0.389,-0.648,-0.633,-0.435,0.555,-1.55
2026-04-04T22:45:00Z,-0.389,-0.656,-0.674,-0.435,0.492,-1.661
2026-04-04T23:00:00Z,-0.421,-0.639,-0.183,-0.435,0.194,-1.484
2026-04-04T23:15:00Z,-0.421,-0.55,-0.271,-0.435,0.194,-1.482
2026-04-04T23:30:00Z,-0.421,-0.535,-0.332,-0.435,0.195,-1.528
2026-04-04T23:45:00Z,-0.421,-0.419,-0.437,-0.435,0.129,-1.583
2026-04-05T00:00:00Z,-0.356,0.03,-0.601,-0.435,-0.452,-1.815
2026-04-05T00:15:00Z,-0.356,0.058,-0.714,-0.435,-0.452,-1.899
2026-04-05T00:30:00Z,-0.356,0.017,-0.666,-0.435,-0.452,-1.891
2026-04-05T00:45:00Z,-0.356,0.188,-0.605,-0.435,-0.453,-1.66
2026-04-05T01:00:00Z,-0.712,0.022,-0.347,-0.435,-0.458,-1.93
2026-04-05T01:15:00Z,-0.712,0.022,-0.435,-0.435,-0.458,-2.017
2026-04-05T01:30:00Z,-0.712,0.047,-0.479,-0.435,-0.457,-2.036
2026-04-05T01:45:00Z,-0.712,0.063,-0.565,-0.435,-0.444,-2.092
2026-04-05T02:00:00Z,-0.697,0.377,-0.762,-0.435,-0.38,-1.896
2026-04-05T02:15:00Z,-0.697,0.111,-0.544,-0.435,-0.38,-1.944
2026-04-05T02:30:00Z,-0.697,0.39,-0.751,-0.435,-0.38,-1.873
2026-04-05T02:45:00Z,-0.697,0.531,-0.929,-0.435,-0.424,-1.953
2026-04-05T03:00:00Z,-0.491,0.626,-1.134,-0.355,-0.631,-1.985
2026-04-05T03:15:00Z,-0.491,0.532,-1.073,-0.355,-0.632,-2.018
2026-04-05T03:30:00Z,-0.491,-0.053,-0.497,-0.355,-0.631,-2.027
2026-04-05T03:45:00Z,-0.491,-0.229,-0.401,-0.355,-0.381,-1.856
2026-04-05T04:00:00Z,-1.478,0.009,-0.257,0.189,0.102,-1.436
2026-04-05T04:15:00Z,-1.478,0.013,-0.329,0.189,0.101,-1.504
2026-04-05T04:30:00Z,-1.478,0.013,-0.155,0.189,0.101,-1.33
2026-04-05T04:45:00Z,-1.478,-0.04,0.042,0.189,0.067,-1.22
2026-04-05T05:00:00Z,-1.84,-0.395,0.333,0.124,-0.198,-1.977
2026-04-05T05:15:00Z,-1.84,-0.649,0.898,0.124,-0.199,-1.666
2026-04-05T05:30:00Z,-1.84,-0.684,1.247,0.124,-0.199,-1.352
2026-04-05T05:45:00Z,-1.84,-0.586,1.078,0.124,-0.232,-1.456
2026-04-05T06:00:00Z,-2.622,0.013,1.536,0.25,-0.39,-1.213
2026-04-05T06:15:00Z,-2.622,0.175,1.559,0.25,-0.39,-1.028
2026-04-05T06:30:00Z,-2.622,-0.042,1.483,0.25,-0.389,-1.321
2026-04-05T06:45:00Z,-2.622,-0.099,1.4,0.25,-0.411,-1.483
2026-04-05T07:00:00Z,-3.039,-0.339,1.685,0.419,-0.513,-1.786
2026-04-05T07:15:00Z,-3.039,-0.415,1.712,0.419,-0.513,-1.837
2026-04-05T07:30:00Z,-3.039,-0.501,1.743,0.419,-0.513,-1.891
2026-04-05T07:45:00Z,-3.039,-0.526,1.691,0.419,-0.546,-2.002
2026-04-05T08:00:00Z,-2.252,-0.521,1.142,0.363,-0.719,-1.987
2026-04-05T08:15:00Z,-2.252,-0.556,1.061,0.363,-0.719,-2.103
2026-04-05T08:30:00Z,-2.252,-0.607,0.948,0.363,-0.718,-2.265
2026-04-05T08:45:00Z,-2.252,-0.672,0.857,0.363,-0.738,-2.442
2026-04-05T09:00:00Z,-2.189,-0.566,1.387,0.302,-0.828,-1.895
2026-04-05T09:15:00Z,-2.189,-0.618,1.242,0.302,-0.829,-2.093
2026-04-05T09:30:00Z,-2.189,-0.546,1.287,0.302,-0.829,-1.975
2026-04-05T09:45:00Z,-2.189,-0.622,1.37,0.302,-0.855,-1.994
2026-04-05T10:00:00Z,-1.712,-0.62,1.225,0.037,-0.972,-2.043
2026-04-05T10:15:00Z,-1.712,-0.617,1.128,0.037,-0.972,-2.137
2026-04-05T10:30:00Z,-1.712,-0.628,1.35,0.037,-0.973,-1.926
2026-04-05T10:45:00Z,-1.712,-0.519,1.372,0.037,-0.88,-1.702
2026-04-05T11:00:00Z,-1.551,-0.279,1.06,-0.391,-0.425,-1.585
2026-04-05T11:15:00Z,-1.551,-0.267,1.127,-0.391,-0.425,-1.505
2026-04-05T11:30:00Z,-1.551,-0.398,0.644,-0.391,-0.425,-2.12
2026-04-05T11:45:00Z,-1.551,-0.324,0.645,-0.391,-0.52,-2.14
2026-04-05T12:00:00Z,-0.802,-0.12,0.932,-0.436,-0.992,-1.416
2026-04-05T12:15:00Z,-0.802,-0.163,0.889,-0.436,-0.992,-1.504
2026-04-05T12:30:00Z,-0.802,-0.168,0.971,-0.436,-0.992,-1.427
2026-04-05T12:45:00Z,-0.802,-0.149,1.052,-0.436,-0.898,-1.232
2026-04-05T13:00:00Z,-0.207,-0.14,0.445,-0.435,-0.433,-0.77
2026-04-05T13:15:00Z,-0.207,-0.204,0.366,-0.435,-0.433,-0.912
2026-04-05T13:30:00Z,-0.207,-0.273,0.146,-0.435,-0.433,-1.202
2026-04-05T13:45:00Z,-0.207,-0.209,-0.068,-0.435,-0.463,-1.381
2026-04-05T14:00:00Z,0.384,-0.222,-0.694,-0.404,-0.597,-1.533
2026-04-05T14:15:00Z,0.384,-0.186,-0.665,-0.404,-0.597,-1.468
2026-04-05T14:30:00Z,0.384,-0.231,-0.014,-0.404,-0.597,-0.863
2026-04-05T14:45:00Z,0.384,-0.139,0.182,-0.404,-0.433,-0.411
2026-04-05T15:00:00Z,-0.478,-0.035,0.117,0.162,-0.105,-0.339
2026-04-05T15:15:00Z,-0.478,-0.073,0.539,0.162,-0.104,0.046
2026-04-05T15:30:00Z,-0.478,-0,0.372,0.162,-0.105,-0.049
2026-04-05T15:45:00Z,-0.478,0.017,-0.009,0.162,-0.069,-0.377
2026-04-05T16:00:00Z,-0.981,0.157,-0.514,0.282,0.102,-0.955
2026-04-05T16:15:00Z,-0.981,0.094,-1.02,0.282,0.102,-1.523
2026-04-05T16:30:00Z,-0.981,0.266,-0.389,0.282,0.102,-0.72
2026-04-05T16:45:00Z,-0.981,0.18,0.652,0.282,0.102,0.234
2026-04-05T17:00:00Z,-2.07,-0.251,1.843,0.395,0.69,0.605
2026-04-05T17:15:00Z,-2.07,0.212,1.928,0.395,0.738,1.202
2026-04-05T17:30:00Z,-2.07,0.624,2.107,0.395,0.738,1.793
2026-04-05T17:45:00Z,-2.07,0.696,2.542,0.395,0.775,2.337
2026-04-05T18:00:00Z,-2.499,0.7,2.44,0.422,0.846,1.91
2026-04-05T18:15:00Z,-2.499,0.7,2.635,0.422,0.846,2.104
2026-04-05T18:30:00Z,-2.499,0.7,2.743,0.422,0.846,2.211
2026-04-05T18:45:00Z,-2.499,0.7,2.777,0.422,0.852,2.251
2026-04-05T19:00:00Z,-2.687,0.7,2.436,0.422,0.881,1.752
2026-04-05T19:15:00Z,-2.687,0.7,2.492,0.422,0.882,1.809
2026-04-05T19:30:00Z,-2.687,0.7,2.412,0.422,0.881,1.729
2026-04-05T19:45:00Z,-2.687,0.7,2.28,0.422,0.87,1.585
2026-04-05T20:00:00Z,-2.587,0.7,2.244,0.422,0.815,1.594
2026-04-05T20:15:00Z,-2.587,0.701,2.366,0.422,0.815,1.716
2026-04-05T20:30:00Z,-2.587,0.701,2.377,0.422,0.815,1.727
2026-04-05T20:45:00Z,-2.587,0.701,2.321,0.422,0.831,1.687
2026-04-05T21:00:00Z,-3.352,0.701,2.249,0.422,0.862,0.882
2026-04-05T21:15:00Z,-3.352,0.7,2.11,0.422,0.862,0.742
2026-04-05T21:30:00Z,-3.352,0.7,2.128,0.422,0.863,0.76
2026-04-05T21:45:00Z,-3.352,0.7,2.134,0.422,0.904,0.808
2026-04-05T22:00:00Z,-3.301,0.7,1.997,0.422,0.985,0.803
2026-04-05T22:15:00Z,-3.301,0.7,2.053,0.422,0.985,0.859
2026-04-05T22:30:00Z,-3.301,0.7,2.194,0.422,0.984,0.999
2026-04-05T22:45:00Z,-3.301,0.7,2.084,0.422,0.875,0.78
2026-04-05T23:00:00Z,-3.16,0.7,2.561,0.422,0.318,0.842
2026-04-05T23:15:00Z,-3.16,0.7,2.651,0.422,0.318,0.932
2026-04-05T23:30:00Z,-3.16,0.7,2.837,0.422,0.318,1.118
2026-04-05T23:45:00Z,-3.16,0.7,2.865,0.422,0.246,1.074
2026-04-06T00:00:00Z,-2.907,0.7,2.834,0.422,0.1,1.149
2026-04-06T00:15:00Z,-2.907,0.7,2.875,0.422,0.101,1.191
2026-04-06T00:30:00Z,-2.907,0.7,2.892,0.422,0.101,1.208
2026-04-06T00:45:00Z,-2.907,0.7,2.883,0.422,0.1,1.198
2026-04-06T01:00:00Z,-3.018,0.7,2.873,0.422,0.594,1.571
2026-04-06T01:15:00Z,-3.018,0.7,2.884,0.422,0.598,1.587
2026-04-06T01:30:00Z,-3.018,0.7,2.887,0.422,0.597,1.589
2026-04-06T01:45:00Z,-3.018,0.7,2.868,0.422,0.612,1.584
2026-04-06T02:00:00Z,-2.828,0.7,2.741,0.422,0.676,1.711
2026-04-06T02:15:00Z,-2.828,0.7,2.659,0.422,0.675,1.628
2026-04-06T02:30:00Z,-2.828,0.7,2.707,0.422,0.676,1.677
2026-04-06T02:45:00Z,-2.828,0.7,2.567,0.422,0.693,1.555
2026-04-06T03:00:00Z,-3.071,0.7,3.039,0.422,0.78,1.87
2026-04-06T03:15:00Z,-3.071,0.7,2.969,0.422,0.779,1.798
2026-04-06T03:30:00Z,-3.071,0.7,2.977,0.422,0.779,1.807
2026-04-06T03:45:00Z,-3.071,0.7,2.961,0.422,0.782,1.793
2026-04-06T04:00:00Z,-3.251,0.7,3.288,0.422,0.793,1.952
2026-04-06T04:15:00Z,-3.251,0.7,3.163,0.422,0.793,1.827
2026-04-06T04:30:00Z,-3.251,0.7,3.241,0.422,0.793,1.906
2026-04-06T04:45:00Z,-3.251,0.7,3.202,0.422,0.761,1.834
2026-04-06T05:00:00Z,-3.317,0.7,3.012,0.422,0.609,1.427
2026-04-06T05:15:00Z,-3.317,0.7,3.086,0.422,0.609,1.501
2026-04-06T05:30:00Z,-3.317,0.7,3.062,0.422,0.61,1.477
2026-04-06T05:45:00Z,-3.317,0.7,3.322,0.422,0.366,1.493
2026-04-06T06:00:00Z,-2.788,0.7,2.718,0.32,-0.627,0.323
2026-04-06T06:15:00Z,-2.788,0.7,2.917,0.32,-0.686,0.463
2026-04-06T06:30:00Z,-2.788,0.7,3.087,0.32,-0.686,0.633
2026-04-06T06:45:00Z,-2.788,0.638,3.041,0.32,-0.799,0.412
2026-04-06T07:00:00Z,-1.924,0.068,2.468,0.147,-1.024,-0.265
2026-04-06T07:15:00Z,-1.924,-0.04,2.222,0.147,-1.024,-0.618
2026-04-06T07:30:00Z,-1.924,-0.261,2.333,0.147,-1.023,-0.727
2026-04-06T07:45:00Z,-1.924,-0.432,2.497,0.147,-1.023,-0.735
2026-04-06T08:00:00Z,-2.391,-0.446,2.27,-0.153,-1.024,-1.743
2026-04-06T08:15:00Z,-2.391,-0.471,1.945,-0.153,-1.023,-2.092
2026-04-06T08:30:00Z,-2.391,-0.443,2.147,-0.153,-1.024,-1.864
2026-04-06T08:45:00Z,-2.391,-0.697,1.717,-0.153,-1.023,-2.547
2026-04-06T09:00:00Z,-1.804,-0.698,1.284,-0.245,-1.024,-2.487
2026-04-06T09:15:00Z,-1.804,-0.698,1.128,-0.245,-1.024,-2.643
2026-04-06T09:30:00Z,-1.804,-0.698,1.255,-0.245,-1.024,-2.516
2026-04-06T09:45:00Z,-1.804,-0.698,1.129,-0.245,-1.025,-2.643
2026-04-06T10:00:00Z,-1.885,-0.697,1.196,-0.435,-1.024,-2.844
2026-04-06T10:15:00Z,-1.885,-0.698,1.068,-0.435,-1.024,-2.973
2026-04-06T10:30:00Z,-1.885,-0.697,0.943,-0.435,-1.024,-3.098
2026-04-06T10:45:00Z,-1.885,-0.698,1.084,-0.435,-1.024,-2.958
2026-04-06T11:00:00Z,-1.411,-0.698,1.264,-0.435,-1.025,-2.304
2026-04-06T11:15:00Z,-1.411,-0.698,0.944,-0.435,-1.023,-2.622
2026-04-06T11:30:00Z,-1.411,-0.698,0.796,-0.435,-1.023,-2.771
2026-04-06T11:45:00Z,-1.411,-0.696,1.189,-0.435,-1.024,-2.377
2026-04-06T12:00:00Z,-1.468,-0.697,1.576,-0.435,-1.024,-2.049
2026-04-06T12:15:00Z,-1.468,-0.697,1.663,-0.435,-1.024,-1.962
2026-04-06T12:30:00Z,-1.468,-0.698,1.532,-0.435,-1.024,-2.093
2026-04-06T12:45:00Z,-1.468,-0.696,1.394,-0.435,-1.024,-2.229
2026-04-06T13:00:00Z,-1.075,-0.698,1.16,-0.435,-1.024,-2.072
2026-04-06T13:15:00Z,-1.075,-0.698,1.151,-0.435,-1.024,-2.081
2026-04-06T13:30:00Z,-1.075,-0.695,1.198,-0.435,-1.024,-2.031
2026-04-06T13:45:00Z,-1.075,-0.685,1.357,-0.435,-1.022,-1.86
2026-04-06T14:00:00Z,-1.081,-0.691,0.784,-0.317,-0.454,-1.76
2026-04-06T14:15:00Z,-1.081,-0.625,0.813,-0.317,-0.426,-1.636
2026-04-06T14:30:00Z,-1.081,-0.39,0.924,-0.317,-0.426,-1.291
2026-04-06T14:45:00Z,-1.081,-0.298,0.965,-0.317,-0.486,-1.217
2026-04-06T15:00:00Z,-0.491,-0.324,1.164,0.093,-0.77,-0.329
2026-04-06T15:15:00Z,-0.491,-0.116,1.212,0.093,-0.77,-0.073
2026-04-06T15:30:00Z,-0.491,-0.167,1.218,0.093,-0.771,-0.118
2026-04-06T15:45:00Z,-0.491,0.05,1.542,0.093,-0.771,0.424
2026-04-06T16:00:00Z,-1.444,0.523,2.212,0.35,-0.434,1.208
2026-04-06T16:15:00Z,-1.444,0.687,2.37,0.35,-0.435,1.529
2026-04-06T16:30:00Z,-1.444,0.7,2.733,0.35,-0.435,1.905
2026-04-06T16:45:00Z,-1.444,0.7,2.615,0.35,-0.291,1.931
2026-04-06T17:00:00Z,-2.3,0.7,3.573,0.386,0.583,2.942
2026-04-06T17:15:00Z,-2.3,0.7,3.652,0.386,0.625,3.063
2026-04-06T17:30:00Z,-2.3,0.7,3.775,0.386,0.626,3.187
2026-04-06T17:45:00Z,-2.3,0.7,3.851,0.386,0.681,3.318
2026-04-06T18:00:00Z,-2.617,0.7,4.224,0.423,0.946,3.676
2026-04-06T18:15:00Z,-2.617,0.7,4.431,0.423,0.946,3.884
2026-04-06T18:30:00Z,-2.617,0.7,4.374,0.423,0.946,3.826
2026-04-06T18:45:00Z,-2.617,0.7,4.282,0.423,0.907,3.695
2026-04-06T19:00:00Z,-2.964,0.7,4.48,0.422,0.699,3.337
2026-04-06T19:15:00Z,-2.964,0.7,4.654,0.422,0.699,3.513
2026-04-06T19:30:00Z,-2.964,0.7,4.499,0.422,0.699,3.357
2026-04-06T19:45:00Z,-2.964,0.7,4.486,0.422,0.467,3.112
2026-04-06T20:00:00Z,-2.956,0.7,4.591,0.423,0.101,2.86
2026-04-06T20:15:00Z,-2.956,0.7,4.475,0.423,0.1,2.743
2026-04-06T20:30:00Z,-2.956,0.7,4.333,0.423,0.101,2.601
2026-04-06T20:45:00Z,-2.956,0.7,4.33,0.423,0.101,2.598
2026-04-06T21:00:00Z,-2.775,0.7,4.404,0.353,0.127,2.809
2026-04-06T21:15:00Z,-2.775,0.7,4.373,0.353,0.127,2.777
2026-04-06T21:30:00Z,-2.775,0.7,4.393,0.353,0.127,2.798
2026-04-06T21:45:00Z,-2.775,0.648,4.4,0.353,0.166,2.792
2026-04-06T22:00:00Z,-2.071,0.153,4.711,-0.167,0.346,2.972
2026-04-06T22:15:00Z,-2.071,-0.092,4.935,-0.167,0.346,2.952
2026-04-06T22:30:00Z,-2.071,-0.08,5.092,-0.167,0.346,3.12
2026-04-06T22:45:00Z,-2.071,-0.193,5.122,-0.167,0.264,2.956
2026-04-06T23:00:00Z,-1.35,-0.584,5.156,-0.392,0.102,2.933
2026-04-06T23:15:00Z,-1.35,-0.693,5.102,-0.392,0.102,2.769
2026-04-06T23:30:00Z,-1.35,-0.698,4.982,-0.392,0.102,2.643
2026-04-06T23:45:00Z,-1.35,-0.697,5.048,-0.392,0.102,2.712
2026-04-07T00:00:00Z,-1.869,-0.684,5.023,-0.385,0.251,2.336
2026-04-07T00:15:00Z,-1.869,-0.659,4.93,-0.385,0.251,2.267
2026-04-07T00:30:00Z,-1.869,-0.697,4.949,-0.385,0.251,2.249
2026-04-07T00:45:00Z,-1.869,-0.698,4.898,-0.385,0.295,2.241
2026-04-07T01:00:00Z,-2.078,-0.689,5.014,-0.4,0.494,2.339
2026-04-07T01:15:00Z,-2.078,-0.636,5.042,-0.4,0.494,2.421
2026-04-07T01:30:00Z,-2.078,-0.581,5.064,-0.4,0.494,2.498
2026-04-07T01:45:00Z,-2.078,-0.391,4.942,-0.4,0.549,2.621
2026-04-07T02:00:00Z,-2.177,0.034,4.088,-0.4,0.811,2.357
2026-04-07T02:15:00Z,-2.177,-0.348,4.249,-0.4,0.811,2.135
2026-04-07T02:30:00Z,-2.177,-0.655,4.315,-0.4,0.811,1.895
2026-04-07T02:45:00Z,-2.177,-0.54,4.378,-0.4,0.807,2.069
2026-04-07T03:00:00Z,-2.334,-0.491,4.427,-0.26,0.791,2.133
2026-04-07T03:15:00Z,-2.334,-0.442,4.404,-0.26,0.792,2.16
2026-04-07T03:30:00Z,-2.334,-0.369,4.268,-0.26,0.791,2.096
2026-04-07T03:45:00Z,-2.334,-0.174,4.033,-0.26,0.826,2.092
2026-04-07T04:00:00Z,-2.717,0.254,3.248,0.158,0.996,1.939
2026-04-07T04:15:00Z,-2.717,0.351,3.009,0.158,0.996,1.796
2026-04-07T04:30:00Z,-2.717,0.4,3.144,0.158,0.996,1.981
2026-04-07T04:45:00Z,-2.717,0.389,3.36,0.158,0.996,2.186
2026-04-07T05:00:00Z,-2.472,0.04,3.543,0,0.996,2.107
2026-04-07T05:15:00Z,-2.472,-0.001,3.463,0,0.995,1.985
2026-04-07T05:30:00Z,-2.472,-0.008,3.543,0,0.995,2.059
2026-04-07T05:45:00Z,-2.472,-0.037,3.738,0,0.496,1.725
2026-04-07T06:00:00Z,-2.441,-0.002,3.748,0,-0.37,0.936
2026-04-07T06:15:00Z,-2.441,-0.026,3.623,0,-0.369,0.787
2026-04-07T06:30:00Z,-2.441,-0.092,3.265,0,-0.369,0.363
2026-04-07T06:45:00Z,-2.441,-0.151,2.99,0,-0.476,-0.078
2026-04-07T07:00:00Z,-1.477,0,1.842,-0.279,-1.024,-0.938
2026-04-07T07:15:00Z,-1.477,0,1.731,-0.279,-1.023,-1.048
2026-04-07T07:30:00Z,-1.477,0,1.79,-0.279,-1.023,-0.99
2026-04-07T07:45:00Z,-1.477,0,1.432,-0.279,-1.024,-1.349
2026-04-07T08:00:00Z,-1.198,0,0.653,-0.38,-1.024,-1.95
2026-04-07T08:15:00Z,-1.198,-0.083,0.318,-0.38,-1.024,-2.368
2026-04-07T08:30:00Z,-1.198,-0.502,0.698,-0.38,-1.024,-2.407
2026-04-07T08:45:00Z,-1.198,-0.472,0.558,-0.38,-1.024,-2.517
2026-04-07T09:00:00Z,-2.518,-0.322,0.358,-0.435,-1.025,-3.941
2026-04-07T09:15:00Z,-2.518,-0.447,0.278,-0.435,-1.025,-4.147
2026-04-07T09:30:00Z,-2.518,-0.542,0.015,-0.435,-1.025,-4.505
2026-04-07T09:45:00Z,-2.518,-0.696,-0.019,-0.435,-1.025,-4.693
2026-04-07T10:00:00Z,-3.07,-0.696,-0.05,-0.435,-1.025,-5.276
2026-04-07T10:15:00Z,-3.07,-0.697,-0.364,-0.435,-1.025,-5.591
2026-04-07T10:30:00Z,-3.07,-0.699,-0.398,-0.435,-1.024,-5.625
2026-04-07T10:45:00Z,-3.07,-0.699,-0.622,-0.435,-0.965,-5.79
2026-04-07T11:00:00Z,-2.377,-0.696,-0.769,-0.434,-0.683,-4.96
2026-04-07T11:15:00Z,-2.377,-0.687,-1.066,-0.434,-0.683,-5.247
2026-04-07T11:30:00Z,-2.377,-0.684,-0.843,-0.434,-0.683,-5.022
2026-04-07T11:45:00Z,-2.377,-0.699,-1.049,-0.434,-0.615,-5.174
2026-04-07T12:00:00Z,-2.749,-0.69,-1.108,-0.434,-0.296,-5.278
2026-04-07T12:15:00Z,-2.749,-0.657,-1.269,-0.434,-0.296,-5.405
2026-04-07T12:30:00Z,-2.749,-0.693,-1.347,-0.434,-0.295,-5.518
2026-04-07T12:45:00Z,-2.749,-0.622,-1.324,-0.434,-0.198,-5.327
2026-04-07T13:00:00Z,-2.254,-0.387,-2.118,-0.435,0.415,-4.779
2026-04-07T13:15:00Z,-2.254,-0.4,-2.431,-0.435,0.414,-5.106
2026-04-07T13:30:00Z,-2.254,-0.413,-2.115,-0.435,0.414,-4.803
2026-04-07T13:45:00Z,-2.254,-0.46,-2.466,-0.435,0.642,-4.973
2026-04-07T14:00:00Z,-1.637,-0.621,-1.452,-0.435,0.996,-3.149
2026-04-07T14:15:00Z,-1.637,-0.552,-1.592,-0.435,0.996,-3.22
2026-04-07T14:30:00Z,-1.637,-0.587,-1.993,-0.435,0.996,-3.656
2026-04-07T14:45:00Z,-1.637,-0.663,-1.241,-0.435,0.98,-2.996
2026-04-07T15:00:00Z,-1.839,-0.697,-0.164,-0.434,0.899,-2.235
2026-04-07T15:15:00Z,-1.839,-0.698,0.596,-0.434,0.899,-1.476
2026-04-07T15:30:00Z,-1.839,-0.698,1.229,-0.434,0.899,-0.843
2026-04-07T15:45:00Z,-1.839,-0.698,1.214,-0.434,0.869,-0.889
2026-04-07T16:00:00Z,-2.65,-0.691,1.564,-0.115,0.738,-1.155
2026-04-07T16:15:00Z,-2.65,-0.665,1.79,-0.115,0.737,-0.903
2026-04-07T16:30:00Z,-2.65,-0.698,1.641,-0.115,0.738,-1.084
2026-04-07T16:45:00Z,-2.65,-0.696,1.041,-0.115,0.783,-1.637
2026-04-07T17:00:00Z,-2.89,-0.69,1.011,0.361,0.997,-1.21
2026-04-07T17:15:00Z,-2.89,-0.643,1.077,0.361,0.997,-1.098
2026-04-07T17:30:00Z,-2.89,-0.352,0.99,0.361,0.997,-0.894
2026-04-07T17:45:00Z,-2.89,-0.321,1.09,0.361,0.997,-0.763
2026-04-07T18:00:00Z,-2.85,-0.654,1.652,0.308,0.997,-0.547
2026-04-07T18:15:00Z,-2.85,-0.633,1.687,0.308,0.997,-0.491
2026-04-07T18:30:00Z,-2.85,-0.55,1.821,0.308,0.996,-0.275
2026-04-07T18:45:00Z,-2.85,-0.536,1.827,0.308,0.87,-0.381
2026-04-07T19:00:00Z,-2.918,-0.626,2.361,0.201,0.246,-0.736
2026-04-07T19:15:00Z,-2.918,-0.692,2.238,0.201,0.245,-0.925
2026-04-07T19:30:00Z,-2.918,-0.698,2.503,0.201,0.246,-0.667
2026-04-07T19:45:00Z,-2.918,-0.698,2.737,0.201,0.227,-0.451
2026-04-07T20:00:00Z,-3.628,-0.698,3.089,0,0.14,-1.097
2026-04-07T20:15:00Z,-3.628,-0.698,3.204,0,0.139,-0.984
2026-04-07T20:30:00Z,-3.628,-0.698,3.425,0,0.139,-0.762
2026-04-07T20:45:00Z,-3.628,-0.698,3.564,0,0.143,-0.619
2026-04-07T21:00:00Z,-3.872,-0.68,3.888,0.114,0.156,-0.393
2026-04-07T21:15:00Z,-3.872,-0.585,3.694,0.114,0.157,-0.492
2026-04-07T21:30:00Z,-3.872,-0.584,3.683,0.114,0.156,-0.503
2026-04-07T21:45:00Z,-3.872,-0.648,3.558,0.114,0.267,-0.58
2026-04-07T22:00:00Z,-3.839,-0.691,3.292,-0.299,0.815,-0.722
2026-04-07T22:15:00Z,-3.839,-0.683,3.14,-0.299,0.815,-0.866
2026-04-07T22:30:00Z,-3.839,-0.698,3.134,-0.299,0.815,-0.886
2026-04-07T22:45:00Z,-3.839,-0.698,3.001,-0.299,0.728,-1.107
2026-04-07T23:00:00Z,-3.826,-0.689,3.275,-0.405,0.307,-1.339
2026-04-07T23:15:00Z,-3.826,-0.656,3.118,-0.405,0.307,-1.463
2026-04-07T23:30:00Z,-3.826,-0.698,3.115,-0.405,0.307,-1.507
2026-04-07T23:45:00Z,-3.826,-0.689,3.139,-0.405,0.204,-1.576
2026-04-08T00:00:00Z,-3.696,-0.653,3.263,-0.027,-0.385,-1.499
2026-04-08T00:15:00Z,-3.696,-0.609,3.199,-0.027,-0.385,-1.518
2026-04-08T00:30:00Z,-3.696,-0.529,3.165,-0.027,-0.385,-1.473
2026-04-08T00:45:00Z,-3.696,-0.367,3.14,-0.027,-0.408,-1.358
2026-04-08T01:00:00Z,-3.673,-0.056,3.322,-0.205,-0.513,-1.125
2026-04-08T01:15:00Z,-3.673,0.012,3.325,-0.205,-0.512,-1.054
2026-04-08T01:30:00Z,-3.673,-0.064,3.31,-0.205,-0.513,-1.146
2026-04-08T01:45:00Z,-3.673,-0.179,3.46,-0.205,-0.493,-1.091
2026-04-08T02:00:00Z,-3.366,-0.331,3.346,-0.066,-0.401,-0.817
2026-04-08T02:15:00Z,-3.366,-0.341,3.312,-0.066,-0.4,-0.861
2026-04-08T02:30:00Z,-3.366,-0.312,3.168,-0.066,-0.401,-0.976
2026-04-08T02:45:00Z,-3.366,-0.338,3.013,-0.066,-0.268,-1.024
2026-04-08T03:00:00Z,-3.241,-0.639,2.718,0,0.436,-0.727
2026-04-08T03:15:00Z,-3.241,-0.596,2.6,0,0.436,-0.802
2026-04-08T03:30:00Z,-3.241,-0.601,2.637,0,0.435,-0.77
2026-04-08T03:45:00Z,-3.241,-0.674,2.446,0,0.506,-0.963
2026-04-08T04:00:00Z,-2.63,-0.578,1.573,0.068,0.874,-0.693
2026-04-08T04:15:00Z,-2.63,-0.684,1.203,0.068,0.873,-1.169
2026-04-08T04:30:00Z,-2.63,-0.668,1.408,0.068,0.874,-0.947
2026-04-08T04:45:00Z,-2.63,-0.696,1.663,0.068,0.89,-0.704
2026-04-08T05:00:00Z,-2.381,-0.66,2.04,0.212,0.963,0.174
2026-04-08T05:15:00Z,-2.381,-0.436,2.24,0.212,0.963,0.597
2026-04-08T05:30:00Z,-2.381,-0.166,2.186,0.212,0.962,0.813
2026-04-08T05:45:00Z,-2.381,0.105,2.307,0.212,0.489,0.732
2026-04-08T06:00:00Z,-1.334,0.442,1.424,0.247,-0.836,-0.057
2026-04-08T06:15:00Z,-1.334,0.389,1.318,0.247,-0.998,-0.379
2026-04-08T06:30:00Z,-1.334,0.382,1.462,0.247,-0.998,-0.241
2026-04-08T06:45:00Z,-1.334,0.388,1.8,0.247,-1.003,0.098
2026-04-08T07:00:00Z,-1.501,0.04,1.826,-0.137,-1.024,-0.796
2026-04-08T07:15:00Z,-1.501,-0.002,1.542,-0.137,-1.024,-1.122
2026-04-08T07:30:00Z,-1.501,-0.002,1.166,-0.137,-1.025,-1.498
2026-04-08T07:45:00Z,-1.501,-0.007,1.042,-0.137,-1.025,-1.627
2026-04-08T08:00:00Z,-1.524,-0.069,0.877,-0.328,-1.025,-2.068
2026-04-08T08:15:00Z,-1.524,-0.293,0.822,-0.328,-1.025,-2.348
2026-04-08T08:30:00Z,-1.524,-0.554,0.681,-0.328,-1.025,-2.749
2026-04-08T08:45:00Z,-1.524,-0.686,0.556,-0.328,-1.025,-3.006
2026-04-08T09:00:00Z,-2.263,-0.669,1.295,-0.434,-1.025,-3.096
2026-04-08T09:15:00Z,-2.263,-0.671,1.12,-0.434,-1.025,-3.273
2026-04-08T09:30:00Z,-2.263,-0.698,0.388,-0.434,-1.025,-4.032
2026-04-08T09:45:00Z,-2.263,-0.697,0.219,-0.434,-1.025,-4.2
2026-04-08T10:00:00Z,-1.961,-0.696,-0.086,-0.434,-1.025,-4.203
2026-04-08T10:15:00Z,-1.961,-0.698,-0.378,-0.434,-1.025,-4.497
2026-04-08T10:30:00Z,-1.961,-0.697,-0.707,-0.434,-1.026,-4.825
2026-04-08T10:45:00Z,-1.961,-0.697,-0.815,-0.434,-1.025,-4.932
2026-04-08T11:00:00Z,-1.584,-0.696,-0.743,-0.434,-1.026,-4.484
2026-04-08T11:15:00Z,-1.584,-0.697,-0.871,-0.434,-1.026,-4.612
2026-04-08T11:30:00Z,-1.584,-0.696,-1.039,-0.434,-1.025,-4.779
2026-04-08T11:45:00Z,-1.584,-0.697,-1.179,-0.434,-1.026,-4.921
2026-04-08T12:00:00Z,-1.446,-0.697,-1.135,-0.435,-1.026,-4.738
2026-04-08T12:15:00Z,-1.446,-0.697,-1.051,-0.435,-1.025,-4.654
2026-04-08T12:30:00Z,-1.446,-0.698,-0.89,-0.435,-1.025,-4.494
2026-04-08T12:45:00Z,-1.446,-0.698,-1.082,-0.435,-1.026,-4.685
2026-04-08T13:00:00Z,-1.236,-0.698,-0.717,-0.435,-1.025,-4.112
2026-04-08T13:15:00Z,-1.236,-0.698,-0.73,-0.435,-1.01,-4.109
2026-04-08T13:30:00Z,-1.236,-0.698,-0.422,-0.435,-1.025,-3.817
2026-04-08T13:45:00Z,-1.236,-0.682,-0.325,-0.435,-1.025,-3.703
2026-04-08T14:00:00Z,-0.99,-0.619,0.328,-0.426,-1.025,-2.73
2026-04-08T14:15:00Z,-0.99,-0.669,0.595,-0.426,-1.025,-2.514
2026-04-08T14:30:00Z,-0.99,-0.539,0.822,-0.426,-1.024,-2.156
2026-04-08T14:45:00Z,-0.99,-0.254,1.086,-0.426,-1.024,-1.606
2026-04-08T15:00:00Z,-0.576,-0.234,0.81,-0.046,-1.025,-1.071
2026-04-08T15:15:00Z,-0.576,-0.135,0.891,-0.046,-1.025,-0.891
2026-04-08T15:30:00Z,-0.576,-0,0.922,-0.046,-1.025,-0.725
2026-04-08T15:45:00Z,-0.576,0.043,0.705,-0.046,-0.938,-0.812
2026-04-08T16:00:00Z,-1.576,0.438,0.941,0.005,-0.52,-0.712
2026-04-08T16:15:00Z,-1.576,0.444,0.936,0.005,-0.52,-0.711
2026-04-08T16:30:00Z,-1.576,0.404,0.928,0.005,-0.521,-0.76
2026-04-08T16:45:00Z,-1.576,0.372,0.604,0.005,-0.341,-0.937
2026-04-08T17:00:00Z,-2.479,0.274,1.043,0.423,0.596,-0.144
2026-04-08T17:15:00Z,-2.479,0.464,1.227,0.423,0.648,0.283
2026-04-08T17:30:00Z,-2.479,0.477,1.342,0.423,0.648,0.41
2026-04-08T17:45:00Z,-2.479,0.464,1.66,0.423,0.708,0.775
2026-04-08T18:00:00Z,-3.063,0.486,1.312,0.423,0.996,0.155
2026-04-08T18:15:00Z,-3.063,0.45,1.261,0.423,0.995,0.067
2026-04-08T18:30:00Z,-3.063,0.13,2.065,0.423,0.996,0.551
2026-04-08T18:45:00Z,-3.063,0.446,2.171,0.423,0.498,0.475
2026-04-08T19:00:00Z,-2.749,0.49,1.753,0.348,-0.117,-0.275
2026-04-08T19:15:00Z,-2.749,0.467,1.776,0.348,-0.117,-0.276
2026-04-08T19:30:00Z,-2.749,0.244,1.736,0.348,-0.116,-0.538
2026-04-08T19:45:00Z,-2.749,0.104,1.895,0.348,-0.18,-0.583
2026-04-08T20:00:00Z,-3.511,-0.26,2.829,0.249,-0.515,-1.208
2026-04-08T20:15:00Z,-3.511,-0.399,3.06,0.249,-0.514,-1.116
2026-04-08T20:30:00Z,-3.511,-0.459,2.729,0.249,-0.514,-1.506
2026-04-08T20:45:00Z,-3.511,-0.449,3.226,0.249,-0.34,-0.825
2026-04-08T21:00:00Z,-4.126,-0.695,3.681,0.017,0,-1.123
2026-04-08T21:15:00Z,-4.126,-0.673,3.616,0.017,-0,-1.166
2026-04-08T21:30:00Z,-4.126,-0.645,3.72,0.017,-0.001,-1.035
2026-04-08T21:45:00Z,-4.126,-0.631,3.711,0.017,-0.001,-1.03
2026-04-08T22:00:00Z,-3.51,-0.626,4.616,-0.391,-0.427,-0.338
2026-04-08T22:15:00Z,-3.51,-0.698,5.008,-0.391,-0.426,-0.017
2026-04-08T22:30:00Z,-3.51,-0.692,4.966,-0.391,-0.427,-0.053
2026-04-08T22:45:00Z,-3.51,-0.65,4.921,-0.391,-0.43,-0.06
2026-04-08T23:00:00Z,-3.605,-0.618,4.872,-0.422,-0.445,-0.218
2026-04-08T23:15:00Z,-3.605,-0.675,4.993,-0.422,-0.446,-0.154
2026-04-08T23:30:00Z,-3.605,-0.689,5.054,-0.422,-0.446,-0.108
2026-04-08T23:45:00Z,-3.605,-0.651,4.949,-0.422,-0.478,-0.207
2026-04-09T00:00:00Z,-3.373,-0.691,5.064,-0.436,-0.622,-0.058
2026-04-09T00:15:00Z,-3.373,-0.681,5.176,-0.436,-0.622,0.064
2026-04-09T00:30:00Z,-3.373,-0.696,5.179,-0.436,-0.623,0.051
2026-04-09T00:45:00Z,-3.373,-0.682,5.106,-0.436,-0.634,-0.02
2026-04-09T01:00:00Z,-2.966,-0.669,5.049,-0.368,-0.685,0.362
2026-04-09T01:15:00Z,-2.966,-0.634,4.991,-0.368,-0.686,0.338
2026-04-09T01:30:00Z,-2.966,-0.665,5.053,-0.368,-0.686,0.369
2026-04-09T01:45:00Z,-2.966,-0.63,5.066,-0.368,-0.625,0.477
2026-04-09T02:00:00Z,-3.064,-0.575,5.216,-0.331,-0.332,0.915
2026-04-09T02:15:00Z,-3.064,-0.526,5.325,-0.331,-0.331,1.073
2026-04-09T02:30:00Z,-3.064,-0.431,5.332,-0.331,-0.331,1.176
2026-04-09T02:45:00Z,-3.064,-0.317,5.086,-0.331,-0.221,1.153
2026-04-09T03:00:00Z,-3.307,-0.29,4.563,-0.142,0.285,1.109
2026-04-09T03:15:00Z,-3.307,-0.454,4.548,-0.142,0.285,0.93
2026-04-09T03:30:00Z,-3.307,-0.065,4.321,-0.142,0.285,1.092
2026-04-09T03:45:00Z,-3.307,0.052,3.871,-0.142,0.381,0.855
2026-04-09T04:00:00Z,-2.88,0.295,2.646,0.352,0.874,1.288
2026-04-09T04:15:00Z,-2.88,0.435,2.211,0.352,0.874,0.992
2026-04-09T04:30:00Z,-2.88,0.416,2.168,0.352,0.874,0.93
2026-04-09T04:45:00Z,-2.88,0.395,2.188,0.352,0.863,0.918
2026-04-09T05:00:00Z,-2.836,0.479,2.44,0.417,0.818,1.318
2026-04-09T05:15:00Z,-2.836,0.486,2.7,0.417,0.818,1.585
2026-04-09T05:30:00Z,-2.836,0.444,2.934,0.417,0.819,1.778
2026-04-09T05:45:00Z,-2.836,0.422,3.096,0.417,0.439,1.536
2026-04-09T06:00:00Z,-2.106,0.482,2.755,0.376,-0.461,1.046
2026-04-09T06:15:00Z,-2.106,0.478,2.677,0.376,-0.46,0.965
2026-04-09T06:30:00Z,-2.106,0.35,2.516,0.376,-0.459,0.677
2026-04-09T06:45:00Z,-2.106,0.095,2.56,0.376,-0.533,0.392
2026-04-09T07:00:00Z,-1.971,0.005,3.262,-0.056,-0.897,0.343
2026-04-09T07:15:00Z,-1.971,-0.002,3.169,-0.056,-0.896,0.243
2026-04-09T07:30:00Z,-1.971,-0.002,2.92,-0.056,-0.896,-0.006
2026-04-09T07:45:00Z,-1.971,-0.003,2.74,-0.056,-0.92,-0.211
2026-04-09T08:00:00Z,-1.631,-0.002,2.711,-0.384,-1.024,-0.33
2026-04-09T08:15:00Z,-1.631,-0.002,2.265,-0.384,-1.024,-0.775
2026-04-09T08:30:00Z,-1.631,-0.094,2.033,-0.384,-1.025,-1.1
2026-04-09T08:45:00Z,-1.631,-0.51,1.858,-0.384,-1.025,-1.691
2026-04-09T09:00:00Z,-2.232,-0.265,1.174,-0.435,-1.024,-2.783
2026-04-09T09:15:00Z,-2.232,-0.08,0.713,-0.435,-1.024,-3.058
2026-04-09T09:30:00Z,-2.232,-0.335,1.373,-0.435,-1.025,-2.654
2026-04-09T09:45:00Z,-2.232,-0.263,1.328,-0.435,-1.025,-2.626
2026-04-09T10:00:00Z,-2.351,-0.265,0.666,-0.435,-1.025,-3.409
2026-04-09T10:15:00Z,-2.351,-0.258,0.343,-0.435,-1.026,-3.727
2026-04-09T10:30:00Z,-2.351,-0.307,-0.188,-0.435,-1.025,-4.305
2026-04-09T10:45:00Z,-2.351,-0.429,-0.305,-0.435,-1.025,-4.545
2026-04-09T11:00:00Z,-1.38,-0.457,-0.774,-0.435,-1.025,-4.071
2026-04-09T11:15:00Z,-1.38,-0.517,-0.72,-0.435,-1.025,-4.078
2026-04-09T11:30:00Z,-1.38,-0.362,-0.705,-0.435,-1.025,-3.906
2026-04-09T11:45:00Z,-1.38,-0.305,-0.552,-0.435,-1.025,-3.697
2026-04-09T12:00:00Z,-1.277,-0.003,-0.412,-0.429,-1.025,-3.145
2026-04-09T12:15:00Z,-1.277,-0,-0.544,-0.429,-1.025,-3.274
2026-04-09T12:30:00Z,-1.277,0,-0.545,-0.429,-1.026,-3.275
2026-04-09T12:45:00Z,-1.277,-0.001,-0.331,-0.429,-1.025,-3.062
2026-04-09T13:00:00Z,-1.506,-0,-0.554,-0.076,-1.026,-3.163
2026-04-09T13:15:00Z,-1.506,0,-0.921,-0.076,-1.026,-3.529
2026-04-09T13:30:00Z,-1.506,-0,-0.563,-0.076,-1.025,-3.171
2026-04-09T13:45:00Z,-1.506,0,1.121,-0.076,-0.916,-1.378
2026-04-09T14:00:00Z,-1.987,-0,0.757,0,-0.374,-1.604
2026-04-09T14:15:00Z,-1.987,-0,1.091,0,-0.374,-1.27
2026-04-09T14:30:00Z,-1.987,-0,1.369,0,-0.374,-0.992
2026-04-09T14:45:00Z,-1.987,-0.001,1.631,0,-0.4,-0.756
2026-04-09T15:00:00Z,-1.788,-0.001,2.479,0,-0.516,0.174
2026-04-09T15:15:00Z,-1.788,-0.001,2.776,0,-0.517,0.47
2026-04-09T15:30:00Z,-1.788,-0,3.047,0,-0.516,0.742
2026-04-09T15:45:00Z,-1.788,0.033,2.882,0,-0.339,0.787
2026-04-09T16:00:00Z,-1.552,0.34,1.978,0.093,0.193,1.052
2026-04-09T16:15:00Z,-1.552,0.46,1.5,0.093,0.193,0.694
2026-04-09T16:30:00Z,-1.552,0.488,1.546,0.093,0.192,0.767
2026-04-09T16:45:00Z,-1.552,0.457,1.305,0.093,0.417,0.72
2026-04-09T17:00:00Z,-1.744,0.18,1.749,0.422,0.766,1.373
2026-04-09T17:15:00Z,-1.744,0.325,1.832,0.422,0.767,1.602
2026-04-09T17:30:00Z,-1.744,0.474,1.863,0.422,0.767,1.782
2026-04-09T17:45:00Z,-1.744,0.49,1.941,0.422,0.712,1.821
2026-04-09T18:00:00Z,-2.253,0.49,1.957,0.303,0.442,0.94
2026-04-09T18:15:00Z,-2.253,0.49,2.272,0.303,0.442,1.255
2026-04-09T18:30:00Z,-2.253,0.472,2.478,0.303,0.442,1.443
2026-04-09T18:45:00Z,-2.253,0.301,2.622,0.303,0.294,1.267
2026-04-09T19:00:00Z,-2.834,0.256,2.46,0.122,-0.781,-0.777
2026-04-09T19:15:00Z,-2.834,0.104,2.508,0.122,-0.917,-1.017
2026-04-09T19:30:00Z,-2.834,-0.133,2.657,0.122,-0.917,-1.104
2026-04-09T19:45:00Z,-2.834,-0.218,2.59,0.122,-0.798,-1.137
2026-04-09T20:00:00Z,-3.491,-0.224,2.779,-0.099,-0.201,-1.236
2026-04-09T20:15:00Z,-3.491,-0.235,3.033,-0.099,-0.2,-0.993
2026-04-09T20:30:00Z,-3.491,-0.309,2.875,-0.099,-0.2,-1.224
2026-04-09T20:45:00Z,-3.491,-0.257,2.686,-0.099,-0.133,-1.294
2026-04-09T21:00:00Z,-3.052,-0.328,2.006,-0.298,0.561,-1.111
2026-04-09T21:15:00Z,-3.052,-0.321,1.86,-0.298,0.59,-1.222
2026-04-09T21:30:00Z,-3.052,-0.322,1.86,-0.298,0.59,-1.223
2026-04-09T21:45:00Z,-3.052,-0.21,1.666,-0.298,0.63,-1.264
2026-04-09T22:00:00Z,-3.731,0.238,1.345,-0.356,0.832,-1.673
2026-04-09T22:15:00Z,-3.731,0.468,0.913,-0.356,0.832,-1.874
2026-04-09T22:30:00Z,-3.731,0.483,1.11,-0.356,0.832,-1.663
2026-04-09T22:45:00Z,-3.731,0.411,1.213,-0.356,0.856,-1.608
2026-04-09T23:00:00Z,-4.156,0.365,1.401,-0.428,0.963,-1.854
2026-04-09T23:15:00Z,-4.156,0.415,1.479,-0.428,0.963,-1.727
2026-04-09T23:30:00Z,-4.156,0.416,1.378,-0.428,0.963,-1.828
2026-04-09T23:45:00Z,-4.156,0.481,1.308,-0.428,0.964,-1.831
2026-04-10T00:00:00Z,-4.241,0.487,1.42,-0.396,0.96,-1.77
2026-04-10T00:15:00Z,-4.241,0.468,1.351,-0.396,0.961,-1.857
2026-04-10T00:30:00Z,-4.241,0.487,1.209,-0.396,0.96,-1.981
2026-04-10T00:45:00Z,-4.241,0.488,1.212,-0.396,0.96,-1.977
2026-04-10T01:00:00Z,-4.223,0.471,1.221,-0.427,0.96,-1.998
2026-04-10T01:15:00Z,-4.223,0.442,1.141,-0.427,0.96,-2.107
2026-04-10T01:30:00Z,-4.223,0.407,1.264,-0.427,0.96,-2.019
2026-04-10T01:45:00Z,-4.223,0.331,1.298,-0.427,0.955,-2.066
2026-04-10T02:00:00Z,-3.897,0.377,0.96,-0.436,0.929,-2.067
2026-04-10T02:15:00Z,-3.897,0.383,0.853,-0.436,0.929,-2.167
2026-04-10T02:30:00Z,-3.897,0.13,0.988,-0.436,0.929,-2.286
2026-04-10T02:45:00Z,-3.897,0.082,0.991,-0.436,0.886,-2.374
2026-04-10T03:00:00Z,-3.773,-0.29,1.317,-0.436,0.683,-2.499
2026-04-10T03:15:00Z,-3.773,-0.194,1.515,-0.436,0.683,-2.205
2026-04-10T03:30:00Z,-3.773,-0.206,1.724,-0.436,0.683,-2.008
2026-04-10T03:45:00Z,-3.773,0.002,1.737,-0.436,0.732,-1.738
2026-04-10T04:00:00Z,-4.242,0.093,1.346,-0.23,0.969,-2.065
2026-04-10T04:15:00Z,-4.242,0.32,1.082,-0.23,0.968,-2.102
2026-04-10T04:30:00Z,-4.242,0.148,1.094,-0.23,0.968,-2.263
2026-04-10T04:45:00Z,-4.242,0.046,1.31,-0.23,0.884,-2.233
2026-04-10T05:00:00Z,-4.086,0.116,1.68,0.357,0.471,-1.462
2026-04-10T05:15:00Z,-4.086,0.156,1.776,0.357,0.47,-1.327
2026-04-10T05:30:00Z,-4.086,0.261,1.902,0.357,0.47,-1.095
2026-04-10T05:45:00Z,-4.086,0.291,2.068,0.357,0.315,-1.055
2026-04-10T06:00:00Z,-3.582,0.12,2.295,0.253,-0.103,-1.017
2026-04-10T06:15:00Z,-3.582,0.266,2.138,0.253,-0.102,-1.027
2026-04-10T06:30:00Z,-3.582,0.446,1.814,0.253,-0.103,-1.172
2026-04-10T06:45:00Z,-3.582,0.444,1.42,0.253,-0.105,-1.57
2026-04-10T07:00:00Z,-2.61,0.047,1.594,0,-0.455,-1.424
2026-04-10T07:15:00Z,-2.61,-0.002,1.427,0,-0.454,-1.64
2026-04-10T07:30:00Z,-2.61,-0.002,1.29,0,-0.456,-1.778
2026-04-10T07:45:00Z,-2.61,-0.012,1.221,0,-0.501,-1.902
2026-04-10T08:00:00Z,-2.621,-0.066,1.047,0,-0.713,-2.354
2026-04-10T08:15:00Z,-2.621,-0.068,1.195,0,-0.714,-2.208
2026-04-10T08:30:00Z,-2.621,-0.077,1.053,0,-0.715,-2.36
2026-04-10T08:45:00Z,-2.621,-0.075,0.944,0,-0.768,-2.519
2026-04-10T09:00:00Z,-2.485,-0.177,0.975,-0.012,-1.024,-2.722
2026-04-10T09:15:00Z,-2.485,-0.24,1.001,-0.012,-1.024,-2.759
2026-04-10T09:30:00Z,-2.485,-0.436,1.036,-0.012,-1.023,-2.921
2026-04-10T09:45:00Z,-2.485,-0.617,1.009,-0.012,-1.024,-3.129
2026-04-10T10:00:00Z,-2.098,-0.236,0.582,-0.366,-1.023,-3.142
2026-04-10T10:15:00Z,-2.098,-0.327,0.548,-0.366,-1.024,-3.267
2026-04-10T10:30:00Z,-2.098,-0.335,0.446,-0.366,-1.023,-3.376
2026-04-10T10:45:00Z,-2.098,-0.458,0.301,-0.366,-1.023,-3.644
2026-04-10T11:00:00Z,-2.456,-0.511,0.683,-0.392,-1.023,-3.7
2026-04-10T11:15:00Z,-2.456,-0.553,0.591,-0.392,-1.023,-3.833
2026-04-10T11:30:00Z,-2.456,-0.622,0.715,-0.392,-1.023,-3.779
2026-04-10T11:45:00Z,-2.456,-0.64,0.91,-0.392,-1.023,-3.602
2026-04-10T12:00:00Z,-2.471,-0.649,0.568,-0.432,-1.023,-4.007
2026-04-10T12:15:00Z,-2.471,-0.649,0.463,-0.432,-1.023,-4.113
2026-04-10T12:30:00Z,-2.471,-0.663,0.478,-0.432,-1.024,-4.112
2026-04-10T12:45:00Z,-2.471,-0.632,0.676,-0.432,-1.024,-3.883
2026-04-10T13:00:00Z,-3.851,-0.697,2.346,-0.435,-1.023,-3.66
2026-04-10T13:15:00Z,-3.851,-0.696,2.684,-0.435,-1.023,-3.322
2026-04-10T13:30:00Z,-3.851,-0.697,2.982,-0.435,-1.024,-3.025
2026-04-10T13:45:00Z,-3.851,-0.652,3.05,-0.435,-1.012,-2.9
2026-04-10T14:00:00Z,-3.591,-0.451,2.846,-0.435,-0.961,-2.591
2026-04-10T14:15:00Z,-3.591,-0.516,2.932,-0.435,-0.962,-2.572
2026-04-10T14:30:00Z,-3.591,-0.347,2.821,-0.435,-0.962,-2.513
2026-04-10T14:45:00Z,-3.591,-0.311,2.656,-0.435,-0.493,-2.173
2026-04-10T15:00:00Z,-2.96,-0.248,2.515,-0.412,-0,-1.106
2026-04-10T15:15:00Z,-2.96,-0.262,2.521,-0.412,-0.001,-1.114
2026-04-10T15:30:00Z,-2.96,-0.259,2.28,-0.412,-0.001,-1.352
2026-04-10T15:45:00Z,-2.96,-0.206,1.812,-0.412,-0,-1.766
2026-04-10T16:00:00Z,-2.572,-0.57,0.875,0.197,0.785,-1.285
2026-04-10T16:15:00Z,-2.572,-0.656,1.039,0.197,0.927,-1.065
2026-04-10T16:30:00Z,-2.572,-0.562,1.02,0.197,0.926,-0.99
2026-04-10T16:45:00Z,-2.572,-0.27,0.593,0.197,0.938,-1.114
2026-04-10T17:00:00Z,-1.01,0.053,0.004,0.422,0.996,0.464
2026-04-10T17:15:00Z,-1.01,0.434,-0.194,0.422,0.995,0.647
2026-04-10T17:30:00Z,-1.01,0.4,-0.246,0.422,0.995,0.561
2026-04-10T17:45:00Z,-1.01,0.426,-0.206,0.422,0.995,0.627
2026-04-10T18:00:00Z,-0.802,0.355,-0.056,0.422,0.995,0.915
2026-04-10T18:15:00Z,-0.802,0.204,0.141,0.422,0.995,0.961
2026-04-10T18:30:00Z,-0.802,0.315,0.251,0.422,0.995,1.182
2026-04-10T18:45:00Z,-0.802,0.345,0.373,0.422,0.995,1.333
2026-04-10T19:00:00Z,-0.73,-0.214,0.791,0.418,0.996,1.26
2026-04-10T19:15:00Z,-0.73,-0.248,0.628,0.418,0.995,1.063
2026-04-10T19:30:00Z,-0.73,-0.187,0.783,0.418,0.995,1.279
2026-04-10T19:45:00Z,-0.73,-0.284,1.034,0.418,0.996,1.433
2026-04-10T20:00:00Z,-1.242,-0.269,0.691,0.412,0.995,0.587
2026-04-10T20:15:00Z,-1.242,-0.377,0.485,0.412,0.996,0.274
2026-04-10T20:30:00Z,-1.242,-0.396,0.616,0.412,0.996,0.386
2026-04-10T20:45:00Z,-1.242,-0.402,0.385,0.412,0.996,0.149
2026-04-10T21:00:00Z,-1.757,-0.577,-0.041,0.369,0.994,-1.012
2026-04-10T21:15:00Z,-1.757,-0.556,-0.076,0.369,0.995,-1.025
2026-04-10T21:30:00Z,-1.757,-0.566,-0.049,0.369,0.994,-1.009
2026-04-10T21:45:00Z,-1.757,-0.598,0.198,0.369,0.994,-0.794
2026-04-10T22:00:00Z,-1.803,-0.699,0.074,0.184,0.996,-1.248
2026-04-10T22:15:00Z,-1.803,-0.698,-0.074,0.184,0.995,-1.396
2026-04-10T22:30:00Z,-1.803,-0.698,0.331,0.184,0.996,-0.991
2026-04-10T22:45:00Z,-1.803,-0.698,0.685,0.184,0.996,-0.636
2026-04-10T23:00:00Z,-1.619,-0.698,1.038,-0.262,0.995,-0.546
2026-04-10T23:15:00Z,-1.619,-0.698,1.157,-0.262,0.996,-0.427
2026-04-10T23:30:00Z,-1.619,-0.698,1.3,-0.262,0.997,-0.282
2026-04-10T23:45:00Z,-1.619,-0.698,1.395,-0.262,0.996,-0.189
2026-04-11T00:00:00Z,-1.211,-0.699,1.49,-0.435,0.996,0.141
2026-04-11T00:15:00Z,-1.211,-0.699,1.47,-0.435,0.996,0.122
2026-04-11T00:30:00Z,-1.211,-0.698,1.33,-0.435,0.996,-0.018
2026-04-11T00:45:00Z,-1.211,-0.698,1.365,-0.435,0.997,0.018
2026-04-11T01:00:00Z,-1.47,-0.698,1.438,-0.434,0.996,-0.168
2026-04-11T01:15:00Z,-1.47,-0.698,1.304,-0.434,0.996,-0.303
2026-04-11T01:30:00Z,-1.47,-0.698,1.249,-0.434,0.996,-0.357
2026-04-11T01:45:00Z,-1.47,-0.691,1.065,-0.434,0.997,-0.533
2026-04-11T02:00:00Z,-1.748,-0.673,0.942,-0.414,0.996,-0.896
2026-04-11T02:15:00Z,-1.748,-0.653,0.775,-0.414,0.996,-1.044
2026-04-11T02:30:00Z,-1.748,-0.692,0.746,-0.414,0.997,-1.111
2026-04-11T02:45:00Z,-1.748,-0.619,0.675,-0.414,0.997,-1.109
2026-04-11T03:00:00Z,-2.049,-0.338,0.362,-0.242,0.997,-1.27
2026-04-11T03:15:00Z,-2.049,-0.398,0.32,-0.242,0.997,-1.373
2026-04-11T03:30:00Z,-2.049,-0.443,0.32,-0.242,0.997,-1.417
2026-04-11T03:45:00Z,-2.049,-0.494,0.338,-0.242,0.997,-1.451
2026-04-11T04:00:00Z,-2.198,-0.685,0.231,-0.39,0.997,-2.045
2026-04-11T04:15:00Z,-2.198,-0.694,0.382,-0.39,0.997,-1.903
2026-04-11T04:30:00Z,-2.198,-0.696,0.474,-0.39,0.997,-1.814
2026-04-11T04:45:00Z,-2.198,-0.677,0.533,-0.39,0.996,-1.735
2026-04-11T05:00:00Z,-2.105,-0.592,0.329,-0.368,0.997,-1.739
2026-04-11T05:15:00Z,-2.105,-0.595,0.131,-0.368,0.997,-1.94
2026-04-11T05:30:00Z,-2.105,-0.467,0.174,-0.368,0.997,-1.768
2026-04-11T05:45:00Z,-2.105,-0.433,0.475,-0.368,0.997,-1.434
2026-04-11T06:00:00Z,-1.921,-0.157,0.109,-0.435,0.996,-1.408
2026-04-11T06:15:00Z,-1.921,-0.251,-0.48,-0.435,0.997,-2.091
2026-04-11T06:30:00Z,-1.921,-0.481,-0.511,-0.435,0.996,-2.352
2026-04-11T06:45:00Z,-1.921,-0.404,-0.455,-0.435,0.886,-2.329
2026-04-11T07:00:00Z,-2.181,-0.696,0.44,-0.435,0.324,-2.548
2026-04-11T07:15:00Z,-2.181,-0.684,-0.154,-0.435,0.324,-3.13
2026-04-11T07:30:00Z,-2.181,-0.563,0.028,-0.435,0.324,-2.827
2026-04-11T07:45:00Z,-2.181,-0.206,0.663,-0.435,0.215,-1.944
2026-04-11T08:00:00Z,-2.654,-0.698,0.95,-0.435,-0.834,-3.671
2026-04-11T08:15:00Z,-2.654,-0.698,1.216,-0.435,-0.993,-3.563
2026-04-11T08:30:00Z,-2.654,-0.697,1.295,-0.435,-0.994,-3.485
2026-04-11T08:45:00Z,-2.654,-0.653,2.27,-0.435,-0.998,-2.471
2026-04-11T09:00:00Z,-3.111,-0.425,1.687,-0.256,-1.024,-3.128
2026-04-11T09:15:00Z,-3.111,-0.44,1.679,-0.256,-1.025,-3.153
2026-04-11T09:30:00Z,-3.111,-0.677,1.851,-0.256,-1.025,-3.217
2026-04-11T09:45:00Z,-3.111,-0.693,1.908,-0.256,-1.025,-3.177
2026-04-11T10:00:00Z,-3.033,-0.677,2.541,-0.434,-1.024,-2.627
2026-04-11T10:15:00Z,-3.033,-0.697,2.654,-0.434,-1.025,-2.535
2026-04-11T10:30:00Z,-3.033,-0.696,2.796,-0.434,-1.025,-2.392
2026-04-11T10:45:00Z,-3.033,-0.64,2.758,-0.434,-1.025,-2.375
2026-04-11T11:00:00Z,-2.79,-0.396,2.293,-0.433,-1.025,-2.352
2026-04-11T11:15:00Z,-2.79,-0.374,2.333,-0.433,-1.024,-2.289
2026-04-11T11:30:00Z,-2.79,-0.329,2.272,-0.433,-1.025,-2.306
2026-04-11T11:45:00Z,-2.79,-0.238,2.094,-0.433,-1.025,-2.393
2026-04-11T12:00:00Z,-2.69,-0,2.208,-0.222,-1.025,-1.729
2026-04-11T12:15:00Z,-2.69,-0,2.172,-0.222,-1.025,-1.765
2026-04-11T12:30:00Z,-2.69,-0.001,2.14,-0.222,-1.025,-1.798
2026-04-11T12:45:00Z,-2.69,-0,2.089,-0.222,-0.954,-1.777
2026-04-11T13:00:00Z,-2.912,-0,1.969,-0.05,-0.588,-1.581
2026-04-11T13:15:00Z,-2.912,-0.001,2.126,-0.05,-0.588,-1.424
2026-04-11T13:30:00Z,-2.912,-0,2.2,-0.05,-0.588,-1.35
2026-04-11T13:45:00Z,-2.912,-0,2.066,-0.05,-0.362,-1.258
2026-04-11T14:00:00Z,-2.627,0,1.848,-0.043,-0,-0.821
2026-04-11T14:15:00Z,-2.627,-0,1.729,-0.043,-0,-0.941
2026-04-11T14:30:00Z,-2.627,-0,2.185,-0.043,-0,-0.485
2026-04-11T14:45:00Z,-2.627,-0.018,2.289,-0.043,0,-0.398
2026-04-11T15:00:00Z,-1.212,-0.095,1.935,0.35,0.826,1.804
2026-04-11T15:15:00Z,-1.212,-0.019,1.335,0.35,0.997,1.451
2026-04-11T15:30:00Z,-1.212,-0.001,1.514,0.35,0.995,1.645
2026-04-11T15:45:00Z,-1.212,-0,1.702,0.35,0.995,1.835
2026-04-11T16:00:00Z,-1.924,0.062,1.915,0.397,0.996,1.446
2026-04-11T16:15:00Z,-1.924,0.632,2.716,0.397,0.995,2.816
2026-04-11T16:30:00Z,-1.924,0.7,2.431,0.397,0.996,2.599
2026-04-11T16:45:00Z,-1.924,0.7,2.284,0.397,0.996,2.453
2026-04-11T17:00:00Z,-1.878,0.7,2.945,0.389,0.995,3.151
2026-04-11T17:15:00Z,-1.878,0.7,2.825,0.389,0.995,3.032
2026-04-11T17:30:00Z,-1.878,0.7,2.969,0.389,0.995,3.175
2026-04-11T17:45:00Z,-1.878,0.7,3.144,0.389,0.995,3.35
2026-04-11T18:00:00Z,-2.389,0.7,3.422,0.385,0.996,3.113
2026-04-11T18:15:00Z,-2.389,0.7,3.543,0.385,0.996,3.235
2026-04-11T18:30:00Z,-2.389,0.7,3.679,0.385,0.996,3.371
2026-04-11T18:45:00Z,-2.389,0.7,3.775,0.385,0.996,3.466
2026-04-11T19:00:00Z,-2.907,0.7,3.596,0.406,0.997,2.791
2026-04-11T19:15:00Z,-2.907,0.7,3.589,0.406,0.996,2.784
2026-04-11T19:30:00Z,-2.907,0.7,3.604,0.406,0.996,2.799
2026-04-11T19:45:00Z,-2.907,0.7,3.563,0.406,0.997,2.758
2026-04-11T20:00:00Z,-3.197,0.7,2.929,0.422,0.997,1.851
2026-04-11T20:15:00Z,-3.197,0.7,3.021,0.422,0.997,1.943
2026-04-11T20:30:00Z,-3.197,0.7,3.185,0.422,0.996,2.107
2026-04-11T20:45:00Z,-3.197,0.7,3.036,0.422,0.996,1.957
2026-04-11T21:00:00Z,-2.36,0.7,2.254,0.278,0.996,1.868
2026-04-11T21:15:00Z,-2.36,0.7,1.821,0.278,0.996,1.435
2026-04-11T21:30:00Z,-2.36,0.7,1.799,0.278,0.997,1.414
2026-04-11T21:45:00Z,-2.36,0.676,1.862,0.278,0.996,1.451
2026-04-11T22:00:00Z,-2.472,0.474,2.513,-0.174,0.996,1.337
2026-04-11T22:15:00Z,-2.472,0.673,2.323,-0.174,0.996,1.347
2026-04-11T22:30:00Z,-2.472,0.7,2.03,-0.174,0.996,1.081
2026-04-11T22:45:00Z,-2.472,0.699,1.795,-0.174,0.996,0.845
2026-04-11T23:00:00Z,-1.924,0.691,1.286,-0.416,0.996,0.632
2026-04-11T23:15:00Z,-1.924,0.698,1.437,-0.416,0.995,0.79
2026-04-11T23:30:00Z,-1.924,0.7,1.447,-0.416,0.996,0.803
2026-04-11T23:45:00Z,-1.924,0.689,1.17,-0.416,0.995,0.514
2026-04-12T00:00:00Z,-1.683,0.582,1.109,-0.401,0.996,0.603
2026-04-12T00:15:00Z,-1.683,0.581,1.031,-0.401,0.996,0.525
2026-04-12T00:30:00Z,-1.683,0.556,0.987,-0.401,0.996,0.455
2026-04-12T00:45:00Z,-1.683,0.529,0.99,-0.401,0.996,0.431
2026-04-12T01:00:00Z,-1.741,0.482,1.006,-0.068,0.995,0.674
2026-04-12T01:15:00Z,-1.741,0.14,1.299,-0.068,0.995,0.625
2026-04-12T01:30:00Z,-1.741,-0.204,1.428,-0.068,0.996,0.412
2026-04-12T01:45:00Z,-1.741,-0.227,1.409,-0.068,0.995,0.368
2026-04-12T02:00:00Z,-1.776,-0.314,1.214,0,0.996,0.12
2026-04-12T02:15:00Z,-1.776,-0.353,1.203,0,0.996,0.07
2026-04-12T02:30:00Z,-1.776,-0.356,1.21,0,0.995,0.074
2026-04-12T02:45:00Z,-1.776,-0.368,1.096,0,0.995,-0.053
2026-04-12T03:00:00Z,-1.923,-0.387,0.887,-0.066,0.995,-0.494
2026-04-12T03:15:00Z,-1.923,-0.441,0.794,-0.066,0.996,-0.64
2026-04-12T03:30:00Z,-1.923,-0.468,0.652,-0.066,0.996,-0.81
2026-04-12T03:45:00Z,-1.923,-0.517,0.665,-0.066,0.996,-0.845
2026-04-12T04:00:00Z,-1.634,-0.696,0.565,-0.327,0.995,-1.097
2026-04-12T04:15:00Z,-1.634,-0.696,0.544,-0.327,0.995,-1.118
2026-04-12T04:30:00Z,-1.634,-0.695,0.526,-0.327,0.996,-1.134
2026-04-12T04:45:00Z,-1.634,-0.692,0.707,-0.327,0.5,-1.446
2026-04-12T05:00:00Z,-1.579,-0.697,0.866,-0.353,0.001,-1.762
2026-04-12T05:15:00Z,-1.579,-0.697,0.782,-0.353,0.001,-1.845
2026-04-12T05:30:00Z,-1.579,-0.692,0.721,-0.353,0.001,-1.902
2026-04-12T05:45:00Z,-1.579,-0.658,0.433,-0.353,0.001,-2.156
2026-04-12T06:00:00Z,-1.376,-0.521,-0.403,-0.392,0,-2.691
2026-04-12T06:15:00Z,-1.376,-0.583,-1.102,-0.392,0.001,-3.453
2026-04-12T06:30:00Z,-1.376,-0.542,-1.578,-0.392,0.001,-3.887
2026-04-12T06:45:00Z,-1.376,-0.688,-1.899,-0.392,0.001,-4.354
2026-04-12T07:00:00Z,-1.711,-0.692,-2.811,-0.434,0.001,-5.648
2026-04-12T07:15:00Z,-1.711,-0.697,-3.468,-0.434,0,-6.31
2026-04-12T07:30:00Z,-1.711,-0.69,-3.621,-0.434,0.001,-6.456
2026-04-12T07:45:00Z,-1.711,-0.698,-3.86,-0.434,0.001,-6.702
2026-04-12T08:00:00Z,-1.944,-0.698,-4.375,-0.435,-0.122,-7.574
2026-04-12T08:15:00Z,-1.944,-0.697,-4.587,-0.435,-0.123,-7.785
2026-04-12T08:30:00Z,-1.944,-0.696,-4.833,-0.435,-0.122,-8.03
2026-04-12T08:45:00Z,-1.944,-0.698,-4.818,-0.435,-0.197,-8.091
2026-04-12T09:00:00Z,-1.944,-0.696,-4.754,-0.435,-0.796,-8.624
2026-04-12T09:15:00Z,-1.944,-0.696,-4.978,-0.435,-0.795,-8.849
2026-04-12T09:30:00Z,-1.944,-0.697,-4.823,-0.435,-0.797,-8.696
2026-04-12T09:45:00Z,-1.944,-0.698,-4.62,-0.435,-0.794,-8.491
2026-04-12T10:00:00Z,-3.05,-0.697,-4.939,-0.435,-0.784,-9.904
2026-04-12T10:15:00Z,-3.05,-0.698,-4.926,-0.435,-0.784,-9.893
2026-04-12T10:30:00Z,-3.05,-0.698,-4.822,-0.435,-0.784,-9.789
2026-04-12T10:45:00Z,-3.05,-0.7,-4.839,-0.435,-0.432,-9.456
2026-04-12T11:00:00Z,-3.309,-0.695,-4.777,-0.435,-0,-9.217
2026-04-12T11:15:00Z,-3.309,-0.688,-4.612,-0.435,0,-9.044
2026-04-12T11:30:00Z,-3.309,-0.585,-4.661,-0.435,-0,-8.991
2026-04-12T11:45:00Z,-3.309,-0.453,-4.716,-0.435,0,-8.914
2026-04-12T12:00:00Z,-2.586,-0.586,-4.654,-0.435,0,-8.261
2026-04-12T12:15:00Z,-2.586,-0.024,-4.938,-0.435,-0,-7.984
2026-04-12T12:30:00Z,-2.586,-0.001,-5.122,-0.435,-0,-8.144
2026-04-12T12:45:00Z,-2.586,-0.03,-5.106,-0.435,-0.001,-8.158
2026-04-12T13:00:00Z,-1.463,-0.2,-4.77,-0.429,-0,-6.863
2026-04-12T13:15:00Z,-1.463,-0.339,-4.639,-0.429,-0,-6.87
2026-04-12T13:30:00Z,-1.463,-0.451,-4.485,-0.429,-0,-6.829
2026-04-12T13:45:00Z,-1.463,-0.588,-4.269,-0.429,-0,-6.749
2026-04-12T14:00:00Z,-0.831,-0.562,-3.373,-0.428,-0.001,-5.195
2026-04-12T14:15:00Z,-0.831,-0.551,-3.221,-0.428,-0.001,-5.031
2026-04-12T14:30:00Z,-0.831,-0.598,-2.882,-0.428,-0.001,-4.74
2026-04-12T14:45:00Z,-0.831,-0.576,-2.379,-0.428,-0.001,-4.214
2026-04-12T15:00:00Z,-1.186,-0.698,-1.419,-0.316,0.824,-2.795
2026-04-12T15:15:00Z,-1.186,-0.698,-1.283,-0.316,0.995,-2.487
2026-04-12T15:30:00Z,-1.186,-0.698,-1.061,-0.316,0.995,-2.265
2026-04-12T15:45:00Z,-1.186,-0.673,-0.924,-0.316,0.995,-2.104
2026-04-12T16:00:00Z,-1.415,-0.541,-0.692,0.305,0.996,-1.348
2026-04-12T16:15:00Z,-1.415,-0.483,-0.555,0.305,0.996,-1.152
2026-04-12T16:30:00Z,-1.415,-0.282,-0.532,0.305,0.995,-0.93
2026-04-12T16:45:00Z,-1.415,-0.215,-0.347,0.305,0.992,-0.681
2026-04-12T17:00:00Z,-1.312,-0.169,-0.067,0.422,0.969,-0.157
2026-04-12T17:15:00Z,-1.312,-0.214,0.36,0.422,0.97,0.226
2026-04-12T17:30:00Z,-1.312,-0.199,0.627,0.422,0.969,0.507
2026-04-12T17:45:00Z,-1.312,-0.244,1.121,0.422,0.928,0.916
2026-04-12T18:00:00Z,-1.629,-0.384,1.914,0.422,0.738,1.06
2026-04-12T18:15:00Z,-1.629,-0.262,2.137,0.422,0.738,1.406
2026-04-12T18:30:00Z,-1.629,-0.299,2.326,0.422,0.738,1.559
2026-04-12T18:45:00Z,-1.629,-0.22,2.439,0.422,0.654,1.666
2026-04-12T19:00:00Z,-1.501,0.194,2.361,0.422,0.238,1.714
2026-04-12T19:15:00Z,-1.501,-0.257,2.802,0.422,0.238,1.705
2026-04-12T19:30:00Z,-1.501,0.252,1.685,0.422,0.239,1.097
2026-04-12T19:45:00Z,-1.501,0.389,1.444,0.422,0.26,1.015
2026-04-12T20:00:00Z,-1.749,0.466,1.171,0.389,0.362,0.639
2026-04-12T20:15:00Z,-1.749,0.074,1.817,0.389,0.363,0.894
2026-04-12T20:30:00Z,-1.749,-0.067,2.205,0.389,0.362,1.141
2026-04-12T20:45:00Z,-1.749,-0.203,2.75,0.389,0.363,1.549
2026-04-12T21:00:00Z,-1.705,0.196,1.558,0.411,0.37,0.83
2026-04-12T21:15:00Z,-1.705,-0.029,1.738,0.411,0.369,0.784
2026-04-12T21:30:00Z,-1.705,0.453,1.363,0.411,0.369,0.892
2026-04-12T21:45:00Z,-1.705,0.485,1.248,0.411,0.368,0.807
2026-04-12T22:00:00Z,-2.079,0.239,1.838,0.274,0.358,0.63
2026-04-12T22:15:00Z,-2.079,-0.254,2.342,0.274,0.358,0.641
2026-04-12T22:30:00Z,-2.079,-0.699,3.795,0.274,0.358,1.649
2026-04-12T22:45:00Z,-2.079,-0.606,3.887,0.274,0.399,1.875
2026-04-12T23:00:00Z,-1.681,-0.017,2.117,0.343,0.593,1.355
2026-04-12T23:15:00Z,-1.681,0.46,1.518,0.343,0.593,1.234
2026-04-12T23:30:00Z,-1.681,0.522,1.436,0.343,0.593,1.214
2026-04-12T23:45:00Z,-1.681,0.461,1.8,0.343,0.591,1.515
2026-04-13T00:00:00Z,-2.59,-0.117,2.791,-0.097,0.58,0.567
2026-04-13T00:15:00Z,-2.59,-0.687,4.156,-0.097,0.58,1.363
2026-04-13T00:30:00Z,-2.59,-0.698,4.368,-0.097,0.58,1.563
2026-04-13T00:45:00Z,-2.59,-0.628,4.394,-0.097,0.581,1.66
2026-04-13T01:00:00Z,-2.723,-0.282,3.811,0,0.588,1.394
2026-04-13T01:15:00Z,-2.723,-0.292,3.756,0,0.588,1.33
2026-04-13T01:30:00Z,-2.723,-0.328,3.669,0,0.588,1.206
2026-04-13T01:45:00Z,-2.723,-0.381,3.762,0,0.56,1.218
2026-04-13T02:00:00Z,-2.65,-0.417,4.013,-0.2,0.416,1.161
2026-04-13T02:15:00Z,-2.65,-0.52,4.126,-0.2,0.416,1.171
2026-04-13T02:30:00Z,-2.65,-0.554,4.241,-0.2,0.416,1.253
2026-04-13T02:45:00Z,-2.65,-0.689,4.042,-0.2,0.452,0.955
2026-04-13T03:00:00Z,-2.192,-0.642,3.151,0.117,0.624,1.057
2026-04-13T03:15:00Z,-2.192,-0.645,3.135,0.117,0.624,1.039
2026-04-13T03:30:00Z,-2.192,-0.602,2.729,0.117,0.624,0.675
2026-04-13T03:45:00Z,-2.192,-0.446,2.131,0.117,0.678,0.287
2026-04-13T04:00:00Z,-1.407,0.035,0.884,0.377,0.944,0.834
2026-04-13T04:15:00Z,-1.407,0.314,0.343,0.377,0.944,0.571
2026-04-13T04:30:00Z,-1.407,0.222,0.413,0.377,0.944,0.55
2026-04-13T04:45:00Z,-1.407,0.08,0.212,0.377,0.938,0.2
2026-04-13T05:00:00Z,-1.146,-0.223,0.944,0.233,0.911,0.719
2026-04-13T05:15:00Z,-1.146,-0.434,1.252,0.233,0.91,0.816
2026-04-13T05:30:00Z,-1.146,-0.213,1.326,0.233,0.911,1.111
2026-04-13T05:45:00Z,-1.146,-0.415,1.52,0.233,0.909,1.101
2026-04-13T06:00:00Z,-1.006,-0.535,1.515,0.176,0.595,0.745
2026-04-13T06:15:00Z,-1.006,0.018,0.976,0.176,0.596,0.76
2026-04-13T06:30:00Z,-1.006,0.249,0.828,0.176,0.596,0.843
2026-04-13T06:45:00Z,-1.006,0.237,0.592,0.176,0.596,0.595
2026-04-13T07:00:00Z,-1.577,-0.219,1.211,0.418,0.597,0.43
2026-04-13T07:15:00Z,-1.577,-0.314,1.011,0.418,0.597,0.135
2026-04-13T07:30:00Z,-1.577,-0.275,0.528,0.418,0.596,-0.31
2026-04-13T07:45:00Z,-1.577,-0.336,0.47,0.418,0.481,-0.543
2026-04-13T08:00:00Z,-1.588,-0.613,0.319,0.337,0.106,-1.439
2026-04-13T08:15:00Z,-1.588,-0.671,0.169,0.337,0.106,-1.647
2026-04-13T08:30:00Z,-1.588,-0.665,-0.045,0.337,0.106,-1.855
2026-04-13T08:45:00Z,-1.588,-0.658,-0.039,0.337,0.106,-1.842
2026-04-13T09:00:00Z,-1.601,-0.528,-0.288,0.041,0.102,-2.274
2026-04-13T09:15:00Z,-1.601,-0.469,-0.456,0.041,0.102,-2.384
2026-04-13T09:30:00Z,-1.601,-0.583,-0.456,0.041,0.102,-2.497
2026-04-13T09:45:00Z,-1.601,-0.617,-0.573,0.041,0.067,-2.683
2026-04-13T10:00:00Z,-2.143,-0.699,-0.139,0,-0.248,-3.229
2026-04-13T10:15:00Z,-2.143,-0.683,-0.089,0,-0.248,-3.163
2026-04-13T10:30:00Z,-2.143,-0.62,-0.277,0,-0.249,-3.288
2026-04-13T10:45:00Z,-2.143,-0.698,-0.288,0,-0.289,-3.418
2026-04-13T11:00:00Z,-1.896,-0.698,0.153,0,-0.479,-2.919
2026-04-13T11:15:00Z,-1.896,-0.697,0.21,0,-0.479,-2.862
2026-04-13T11:30:00Z,-1.896,-0.691,0.304,0,-0.479,-2.762
2026-04-13T11:45:00Z,-1.896,-0.698,0.511,0,-0.459,-2.541
2026-04-13T12:00:00Z,-1.709,-0.698,0.38,0,-0.364,-2.391
2026-04-13T12:15:00Z,-1.709,-0.698,0.213,0,-0.365,-2.559
2026-04-13T12:30:00Z,-1.709,-0.698,0.371,0,-0.364,-2.4
2026-04-13T12:45:00Z,-1.709,-0.673,0.188,0,-0.244,-2.438
2026-04-13T13:00:00Z,-1.308,-0.525,0.069,0,0.101,-1.663
2026-04-13T13:15:00Z,-1.308,-0.373,-0.254,0,0.101,-1.835
2026-04-13T13:30:00Z,-1.308,-0.242,-0.226,0,0.1,-1.676
2026-04-13T13:45:00Z,-1.308,-0.405,-0.184,0,0.103,-1.793
2026-04-13T14:00:00Z,-1.022,-0.698,0.06,0,0.363,-1.298
2026-04-13T14:15:00Z,-1.022,-0.695,0.123,0,0.363,-1.232
2026-04-13T14:30:00Z,-1.022,-0.677,0.452,0,0.363,-0.884
2026-04-13T14:45:00Z,-1.022,-0.652,0.424,0,0.405,-0.846
2026-04-13T15:00:00Z,-1.53,-0.537,1.086,0.292,0.606,-0.083
2026-04-13T15:15:00Z,-1.53,-0.669,0.772,0.292,0.606,-0.529
2026-04-13T15:30:00Z,-1.53,-0.472,0.709,0.292,0.606,-0.395
2026-04-13T15:45:00Z,-1.53,-0.184,0.71,0.292,0.62,-0.092
2026-04-13T16:00:00Z,-1.851,-0.183,1.133,0.3,0.683,0.082
2026-04-13T16:15:00Z,-1.851,0.152,0.856,0.3,0.683,0.141
2026-04-13T16:30:00Z,-1.851,0.236,0.96,0.3,0.683,0.327
2026-04-13T16:45:00Z,-1.851,0.257,0.964,0.3,0.686,0.356
2026-04-13T17:00:00Z,-1.624,-0.029,1.407,0.31,0.695,0.758
2026-04-13T17:15:00Z,-1.624,0.025,1.465,0.31,0.695,0.872
2026-04-13T17:30:00Z,-1.624,0.183,1.402,0.31,0.695,0.966
2026-04-13T17:45:00Z,-1.624,0.356,1.443,0.31,0.672,1.158
2026-04-13T18:00:00Z,-1.865,0.401,1.791,0.414,0.563,1.305
2026-04-13T18:15:00Z,-1.865,0.436,1.891,0.414,0.563,1.439
2026-04-13T18:30:00Z,-1.865,0.537,1.742,0.414,0.562,1.391
2026-04-13T18:45:00Z,-1.865,0.569,1.967,0.414,0.351,1.437
2026-04-13T19:00:00Z,-2.21,0.686,2.217,0.422,-0.001,1.114
2026-04-13T19:15:00Z,-2.21,0.7,2.335,0.422,-0.001,1.246
2026-04-13T19:30:00Z,-2.21,0.696,2.478,0.422,-0.001,1.385
2026-04-13T19:45:00Z,-2.21,0.653,2.462,0.422,-0.001,1.326
2026-04-13T20:00:00Z,-2.448,0.61,2.565,0.423,-0.201,0.948
2026-04-13T20:15:00Z,-2.448,0.666,2.584,0.423,-0.201,1.024
2026-04-13T20:30:00Z,-2.448,0.693,2.732,0.423,-0.201,1.199
2026-04-13T20:45:00Z,-2.448,0.641,2.927,0.423,-0.135,1.409
2026-04-13T21:00:00Z,-2.56,0.508,2.751,0.39,0.349,1.438
2026-04-13T21:15:00Z,-2.56,0.54,2.672,0.39,0.348,1.39
2026-04-13T21:30:00Z,-2.56,0.353,2.841,0.39,0.347,1.372
2026-04-13T21:45:00Z,-2.56,0.384,2.503,0.39,0.38,1.098
2026-04-13T22:00:00Z,-2.069,-0.138,2.73,0.02,0.525,1.069
2026-04-13T22:15:00Z,-2.069,0.139,2.046,0.02,0.526,0.662
2026-04-13T22:30:00Z,-2.069,0.235,1.769,0.02,0.526,0.48
2026-04-13T22:45:00Z,-2.069,0.252,1.55,0.02,0.519,0.273
2026-04-13T23:00:00Z,-1.983,-0.105,1.794,0,0.491,0.197
2026-04-13T23:15:00Z,-1.983,-0.265,1.817,0,0.49,0.06
2026-04-13T23:30:00Z,-1.983,-0.255,1.822,0,0.491,0.074
2026-04-13T23:45:00Z,-1.983,-0.138,1.43,0,0.496,-0.196
2026-04-14T00:00:00Z,-2.299,-0.204,1.724,0,0.522,-0.257
2026-04-14T00:15:00Z,-2.299,-0.19,1.51,0,0.522,-0.457
2026-04-14T00:30:00Z,-2.299,-0.178,1.454,0,0.522,-0.501
2026-04-14T00:45:00Z,-2.299,-0.12,1.578,0,0.511,-0.33
2026-04-14T01:00:00Z,-2.47,0.001,1.567,0,0.462,-0.441
2026-04-14T01:15:00Z,-2.47,-0.371,1.732,0,0.462,-0.647
2026-04-14T01:30:00Z,-2.47,-0.141,1.6,0,0.462,-0.55
2026-04-14T01:45:00Z,-2.47,-0.159,1.672,0,0.494,-0.464
2026-04-14T02:00:00Z,-2.207,-0.212,1.438,0,0.641,-0.34
2026-04-14T02:15:00Z,-2.207,-0.283,1.231,0,0.64,-0.618
2026-04-14T02:30:00Z,-2.207,0.073,1.044,0,0.64,-0.45
2026-04-14T02:45:00Z,-2.207,0.253,0.722,0,0.673,-0.559
2026-04-14T03:00:00Z,-2.261,0.5,0.295,0.061,0.819,-0.588
2026-04-14T03:15:00Z,-2.261,0.562,0.05,0.061,0.819,-0.769
2026-04-14T03:30:00Z,-2.261,0.535,0.034,0.061,0.819,-0.812
2026-04-14T03:45:00Z,-2.261,0.218,-0.106,0.061,0.839,-1.25
2026-04-14T04:00:00Z,-1.599,0.643,-0.844,0.326,0.937,-0.537
2026-04-14T04:15:00Z,-1.599,0.684,-1.082,0.326,0.937,-0.734
2026-04-14T04:30:00Z,-1.599,0.644,-0.717,0.326,0.937,-0.41
2026-04-14T04:45:00Z,-1.599,0.55,-0.608,0.326,0.477,-0.854
2026-04-14T05:00:00Z,-0.84,0.107,0.453,0.035,-0.001,-0.247
2026-04-14T05:15:00Z,-0.84,-0.146,0.669,0.035,-0.001,-0.283
2026-04-14T05:30:00Z,-0.84,0.196,0.377,0.035,-0.001,-0.233
2026-04-14T05:45:00Z,-0.84,0.321,-0.051,0.035,0,-0.534
2026-04-14T06:00:00Z,-1.407,0.433,-0.603,0.202,0,-1.374
2026-04-14T06:15:00Z,-1.407,0.521,-0.945,0.202,-0.213,-1.843
2026-04-14T06:30:00Z,-1.407,0.247,-1.037,0.202,-0.214,-2.209
2026-04-14T06:45:00Z,-1.407,-0.305,-1.167,0.202,-0.243,-2.92
2026-04-14T07:00:00Z,-2.475,-0.559,-0.794,-0.308,-0.433,-4.569
2026-04-14T07:15:00Z,-2.475,-0.683,-1.012,-0.308,-0.433,-4.911
2026-04-14T07:30:00Z,-2.475,-0.698,-1.321,-0.308,-0.433,-5.235
2026-04-14T07:45:00Z,-2.475,-0.691,-1.102,-0.308,-0.584,-5.158
2026-04-14T08:00:00Z,-2.852,-0.638,-0.883,-0.42,-0.876,-5.669
2026-04-14T08:15:00Z,-2.852,-0.625,-1.175,-0.42,-0.876,-5.948
2026-04-14T08:30:00Z,-2.852,-0.695,-1.427,-0.42,-0.876,-6.27
2026-04-14T08:45:00Z,-2.852,-0.698,-1.19,-0.42,-0.897,-6.057
2026-04-14T09:00:00Z,-2.481,-0.69,-0.993,-0.433,-1.025,-5.622
2026-04-14T09:15:00Z,-2.481,-0.656,-0.743,-0.433,-1.024,-5.337
2026-04-14T09:30:00Z,-2.481,-0.688,-0.807,-0.433,-1.025,-5.433
2026-04-14T09:45:00Z,-2.481,-0.698,-1.013,-0.433,-1.024,-5.649
2026-04-14T10:00:00Z,-2.139,-0.697,-1.313,-0.434,-1.024,-5.608
2026-04-14T10:15:00Z,-2.139,-0.697,-1.466,-0.434,-1.024,-5.761
2026-04-14T10:30:00Z,-2.139,-0.674,-1.55,-0.434,-1.024,-5.822
2026-04-14T10:45:00Z,-2.139,-0.581,-1.681,-0.434,-1.018,-5.853
2026-04-14T11:00:00Z,-1.772,-0.504,-1.554,-0.431,-0.974,-5.235
2026-04-14T11:15:00Z,-1.772,-0.522,-1.595,-0.431,-0.974,-5.293
2026-04-14T11:30:00Z,-1.772,-0.535,-1.424,-0.431,-0.975,-5.137
2026-04-14T11:45:00Z,-1.772,-0.573,-1.61,-0.431,-0.974,-5.36
2026-04-14T12:00:00Z,-1.868,-0.671,-1.287,-0.435,-0.974,-5.235
2026-04-14T12:15:00Z,-1.868,-0.692,-1.084,-0.435,-0.975,-5.053
2026-04-14T12:30:00Z,-1.868,-0.698,-0.917,-0.435,-0.975,-4.893
2026-04-14T12:45:00Z,-1.868,-0.69,-0.845,-0.435,-0.971,-4.809
2026-04-14T13:00:00Z,-1.918,-0.65,-1.093,-0.435,-0.95,-5.047
2026-04-14T13:15:00Z,-1.918,-0.683,-0.966,-0.435,-0.95,-4.952
2026-04-14T13:30:00Z,-1.918,-0.69,-0.817,-0.435,-0.95,-4.809
2026-04-14T13:45:00Z,-1.918,-0.619,-0.544,-0.435,-0.847,-4.363
2026-04-14T14:00:00Z,-1.647,-0.486,-0.806,-0.422,-0.294,-3.654
2026-04-14T14:15:00Z,-1.647,-0.479,-0.781,-0.422,-0.294,-3.623
2026-04-14T14:30:00Z,-1.647,-0.347,-0.636,-0.422,-0.295,-3.347
2026-04-14T14:45:00Z,-1.647,-0.406,-0.553,-0.422,-0.237,-3.265
2026-04-14T15:00:00Z,-1.578,-0.693,-0.801,-0.103,-0.106,-3.282
2026-04-14T15:15:00Z,-1.578,-0.576,-1.391,-0.103,-0.106,-3.754
2026-04-14T15:30:00Z,-1.578,-0.043,-1.989,-0.103,-0.106,-3.82
2026-04-14T15:45:00Z,-1.578,-0.081,-2.315,-0.103,-0.071,-4.148
2026-04-14T16:00:00Z,-0.414,-0.365,-2.291,-0.198,-0.001,-3.269
2026-04-14T16:15:00Z,-0.414,-0.458,-2.22,-0.198,-0.001,-3.291
2026-04-14T16:30:00Z,-0.414,-0.58,-1.801,-0.198,-0.001,-2.994
2026-04-14T16:45:00Z,-0.414,-0.616,-1.856,-0.198,-0.001,-3.085
2026-04-14T17:00:00Z,0.815,-0.581,-1.44,-0.04,-0.001,-1.247
2026-04-14T17:15:00Z,0.815,-0.684,-1.29,-0.04,-0.001,-1.2
2026-04-14T17:30:00Z,0.815,-0.658,-1.23,-0.04,-0.001,-1.113
2026-04-14T17:45:00Z,0.815,-0.562,-1.084,-0.04,-0.001,-0.872
2026-04-14T18:00:00Z,0.8,-0.467,-1.064,-0.256,0.809,-0.177
2026-04-14T18:15:00Z,0.8,-0.466,-0.866,-0.256,0.996,0.208
2026-04-14T18:30:00Z,0.8,-0.562,-0.681,-0.256,0.995,0.297
2026-04-14T18:45:00Z,0.8,-0.607,-0.866,-0.256,0.995,0.067
2026-04-14T19:00:00Z,1.001,-0.621,-0.654,-0.347,0.995,0.374
2026-04-14T19:15:00Z,1.001,-0.583,-0.465,-0.347,0.995,0.601
2026-04-14T19:30:00Z,1.001,-0.578,-0.544,-0.347,0.995,0.527
2026-04-14T19:45:00Z,1.001,-0.552,-0.791,-0.347,0.995,0.307
2026-04-14T20:00:00Z,0.636,-0.397,-1.116,-0.17,0.995,-0.051
2026-04-14T20:15:00Z,0.636,-0.402,-1.068,-0.17,0.995,-0.008
2026-04-14T20:30:00Z,0.636,-0.466,-0.905,-0.17,0.995,0.091
2026-04-14T20:45:00Z,0.636,-0.548,-1.305,-0.17,0.995,-0.392
2026-04-14T21:00:00Z,0.448,-0.583,-1.666,0.112,0.995,-0.693
2026-04-14T21:15:00Z,0.448,-0.537,-1.989,0.112,0.995,-0.97
2026-04-14T21:30:00Z,0.448,-0.632,-2.013,0.112,0.995,-1.09
2026-04-14T21:45:00Z,0.448,-0.675,-2.194,0.112,0.995,-1.313
2026-04-14T22:00:00Z,0.053,-0.64,-2.421,0.237,0.995,-1.775
2026-04-14T22:15:00Z,0.053,-0.663,-2.254,0.237,0.996,-1.63
2026-04-14T22:30:00Z,0.053,-0.664,-1.669,0.237,0.995,-1.047
2026-04-14T22:45:00Z,0.053,-0.615,-1.337,0.237,0.996,-0.666
2026-04-14T23:00:00Z,0.121,-0.565,-1.56,0.066,0.996,-0.942
2026-04-14T23:15:00Z,0.121,-0.542,-1.475,0.066,0.995,-0.835
2026-04-14T23:30:00Z,0.121,-0.559,-1.226,0.066,0.996,-0.602
2026-04-14T23:45:00Z,0.121,-0.559,-1.362,0.066,0.995,-0.739
2026-04-15T00:00:00Z,0.128,-0.631,-1.645,0,0.995,-1.151
2026-04-15T00:15:00Z,0.128,-0.653,-1.59,0,0.995,-1.119
2026-04-15T00:30:00Z,0.128,-0.64,-1.634,0,0.995,-1.15
2026-04-15T00:45:00Z,0.128,-0.638,-1.413,0,0.995,-0.928
2026-04-15T01:00:00Z,0.072,-0.578,-1.386,-0.114,0.995,-1.01
2026-04-15T01:15:00Z,0.072,-0.55,-1.522,-0.114,0.996,-1.117
2026-04-15T01:30:00Z,0.072,-0.581,-1.603,-0.114,0.996,-1.229
2026-04-15T01:45:00Z,0.072,-0.558,-1.527,-0.114,0.996,-1.13
2026-04-15T02:00:00Z,-0.021,-0.612,-1.676,-0.167,0.996,-1.481
2026-04-15T02:15:00Z,-0.021,-0.619,-1.777,-0.167,0.996,-1.588
2026-04-15T02:30:00Z,-0.021,-0.594,-1.818,-0.167,0.995,-1.605
2026-04-15T02:45:00Z,-0.021,-0.584,-2.02,-0.167,0.995,-1.796
2026-04-15T03:00:00Z,0.247,-0.613,-2.366,0.122,0.996,-1.614
2026-04-15T03:15:00Z,0.247,-0.6,-2.516,0.122,0.995,-1.752
2026-04-15T03:30:00Z,0.247,-0.645,-2.797,0.122,0.995,-2.078
2026-04-15T03:45:00Z,0.247,-0.634,-2.946,0.122,0.996,-2.214
2026-04-15T04:00:00Z,0.449,-0.444,-3.072,0.051,0.996,-2.02
2026-04-15T04:15:00Z,0.449,-0.432,-3.589,0.051,0.996,-2.525
2026-04-15T04:30:00Z,0.449,-0.47,-3.451,0.051,0.996,-2.425
2026-04-15T04:45:00Z,0.449,-0.428,-3.53,0.051,0.996,-2.462
2026-04-15T05:00:00Z,0.537,-0.31,-3.454,0.009,0.996,-2.223
2026-04-15T05:15:00Z,0.537,-0.328,-3.512,0.009,0.995,-2.298
2026-04-15T05:30:00Z,0.537,-0.371,-3.3,0.009,0.996,-2.129
2026-04-15T05:45:00Z,0.537,-0.29,-3.45,0.009,0.996,-2.198
2026-04-15T06:00:00Z,-0.259,0.073,-4.392,0.226,0.996,-3.355
2026-04-15T06:15:00Z,-0.259,-0.203,-4.427,0.226,0.996,-3.666
2026-04-15T06:30:00Z,-0.259,0.072,-4.726,0.226,0.996,-3.691
2026-04-15T06:45:00Z,-0.259,-0.19,-4.165,0.226,0.506,-3.882
2026-04-15T07:00:00Z,-1.663,-0.695,-1.784,-0.195,-0,-4.338
2026-04-15T07:15:00Z,-1.663,-0.698,-1.132,-0.195,-0.001,-3.688
2026-04-15T07:30:00Z,-1.663,-0.698,-0.966,-0.195,-0,-3.522
2026-04-15T07:45:00Z,-1.663,-0.696,-0.812,-0.195,-0,-3.367
2026-04-15T08:00:00Z,-1.403,-0.69,-0.908,-0.399,-0.632,-4.032
2026-04-15T08:15:00Z,-1.403,-0.655,-1.045,-0.399,-0.704,-4.207
2026-04-15T08:30:00Z,-1.403,-0.428,-1.591,-0.399,-0.704,-4.526
2026-04-15T08:45:00Z,-1.403,-0.462,-1.998,-0.399,-0.696,-4.958
2026-04-15T09:00:00Z,-1.953,-0.641,-1.921,-0.435,-0.637,-5.587
2026-04-15T09:15:00Z,-1.953,-0.584,-2.014,-0.435,-0.638,-5.623
2026-04-15T09:30:00Z,-1.953,-0.698,-2.218,-0.435,-0.637,-5.94
2026-04-15T09:45:00Z,-1.953,-0.697,-2.336,-0.435,-0.651,-6.071
2026-04-15T10:00:00Z,-1.404,-0.697,-2.672,-0.435,-0.742,-5.951
2026-04-15T10:15:00Z,-1.404,-0.696,-3,-0.435,-0.742,-6.276
2026-04-15T10:30:00Z,-1.404,-0.697,-2.912,-0.435,-0.742,-6.19
2026-04-15T10:45:00Z,-1.404,-0.697,-3.172,-0.435,-0.723,-6.43
2026-04-15T11:00:00Z,-1.22,-0.697,-3.46,-0.435,-0.606,-6.417
2026-04-15T11:15:00Z,-1.22,-0.696,-3.691,-0.435,-0.606,-6.647
2026-04-15T11:30:00Z,-1.22,-0.697,-3.779,-0.435,-0.606,-6.736
2026-04-15T11:45:00Z,-1.22,-0.697,-3.908,-0.435,-0.378,-6.638
2026-04-15T12:00:00Z,-1.495,-0.696,-4.623,-0.435,0.418,-6.831
2026-04-15T12:15:00Z,-1.495,-0.698,-4.598,-0.435,0.419,-6.806
2026-04-15T12:30:00Z,-1.495,-0.697,-4.513,-0.435,0.42,-6.72
2026-04-15T12:45:00Z,-1.495,-0.697,-4.463,-0.435,0.495,-6.595
2026-04-15T13:00:00Z,-1.412,-0.697,-4.625,-0.435,0.912,-6.257
2026-04-15T13:15:00Z,-1.412,-0.698,-4.65,-0.435,0.912,-6.283
2026-04-15T13:30:00Z,-1.412,-0.698,-4.028,-0.435,0.912,-5.661
2026-04-15T13:45:00Z,-1.412,-0.698,-3.892,-0.435,0.924,-5.513
2026-04-15T14:00:00Z,-1.015,-0.69,-3.652,-0.435,0.996,-4.796
2026-04-15T14:15:00Z,-1.015,-0.648,-3.515,-0.435,0.996,-4.616
2026-04-15T14:30:00Z,-1.015,-0.642,-3.049,-0.435,0.996,-4.145
2026-04-15T14:45:00Z,-1.015,-0.571,-2.454,-0.435,0.994,-3.48
2026-04-15T15:00:00Z,-0.854,-0.571,-1.803,-0.139,0.977,-2.389
2026-04-15T15:15:00Z,-0.854,-0.624,-1.976,-0.139,0.977,-2.615
2026-04-15T15:30:00Z,-0.854,-0.698,-2.382,-0.139,0.977,-3.095
2026-04-15T15:45:00Z,-0.854,-0.671,-2.224,-0.139,0.979,-2.909
2026-04-15T16:00:00Z,-0.015,-0.525,-3.191,0.08,0.996,-2.655
2026-04-15T16:15:00Z,-0.015,-0.504,-3.518,0.08,0.997,-2.961
2026-04-15T16:30:00Z,-0.015,-0.518,-3.721,0.08,0.997,-3.177
2026-04-15T16:45:00Z,-0.015,-0.518,-3.909,0.08,0.997,-3.366
2026-04-15T17:00:00Z,0.605,-0.613,-3.99,0.403,0.996,-2.599
2026-04-15T17:15:00Z,0.605,-0.686,-3.633,0.403,0.996,-2.314
2026-04-15T17:30:00Z,0.605,-0.601,-3.751,0.403,0.996,-2.348
2026-04-15T17:45:00Z,0.605,-0.507,-3.853,0.403,0.996,-2.356
2026-04-15T18:00:00Z,0.662,-0.463,-3.88,0.42,0.996,-2.265
2026-04-15T18:15:00Z,0.662,-0.409,-3.686,0.42,0.996,-2.017
2026-04-15T18:30:00Z,0.662,-0.463,-3.65,0.42,0.996,-2.035
2026-04-15T18:45:00Z,0.662,-0.144,-3.902,0.42,0.996,-1.968
2026-04-15T19:00:00Z,0.424,-0.365,-3.706,0.282,0.996,-2.37
2026-04-15T19:15:00Z,0.424,-0.386,-3.593,0.282,0.996,-2.277
2026-04-15T19:30:00Z,0.424,-0.397,-3.556,0.282,0.997,-2.25
2026-04-15T19:45:00Z,0.424,-0.391,-3.441,0.282,0.997,-2.13
2026-04-15T20:00:00Z,-0.642,-0.186,-3.765,0.349,0.996,-3.248
2026-04-15T20:15:00Z,-0.642,-0.299,-3.4,0.349,0.996,-2.996
2026-04-15T20:30:00Z,-0.642,-0.219,-3.347,0.349,0.996,-2.863
2026-04-15T20:45:00Z,-0.642,-0.031,-3.36,0.349,0.995,-2.689
2026-04-15T21:00:00Z,-0.87,-0.267,-2.768,0.189,0.996,-2.72
2026-04-15T21:15:00Z,-0.87,-0.352,-2.31,0.189,0.997,-2.347
2026-04-15T21:30:00Z,-0.87,-0.586,-1.946,0.189,0.996,-2.217
2026-04-15T21:45:00Z,-0.87,-0.664,-1.96,0.189,0.99,-2.315
2026-04-15T22:00:00Z,-0.738,-0.698,-1.795,-0.028,0.946,-2.314
2026-04-15T22:15:00Z,-0.738,-0.699,-2.138,-0.028,0.945,-2.658
2026-04-15T22:30:00Z,-0.738,-0.698,-2.188,-0.028,0.945,-2.707
2026-04-15T22:45:00Z,-0.738,-0.699,-2.288,-0.028,0.946,-2.807
2026-04-15T23:00:00Z,-0.808,-0.698,-2.403,-0.069,0.947,-3.031
2026-04-15T23:15:00Z,-0.808,-0.699,-2.37,-0.069,0.948,-2.998
2026-04-15T23:30:00Z,-0.808,-0.698,-2.414,-0.069,0.947,-3.042
2026-04-15T23:45:00Z,-0.808,-0.699,-2.6,-0.069,0.954,-3.222
2026-04-16T00:00:00Z,-0.839,-0.699,-2.75,-0.08,0.992,-3.375
2026-04-16T00:15:00Z,-0.839,-0.699,-2.782,-0.08,0.992,-3.407
2026-04-16T00:30:00Z,-0.839,-0.695,-2.789,-0.08,0.992,-3.411
2026-04-16T00:45:00Z,-0.839,-0.682,-2.606,-0.08,0.994,-3.213
2026-04-16T01:00:00Z,-0.92,-0.698,-2.417,-0.084,0.996,-3.123
2026-04-16T01:15:00Z,-0.92,-0.698,-2.589,-0.084,0.997,-3.294
2026-04-16T01:30:00Z,-0.92,-0.699,-2.551,-0.084,0.995,-3.258
2026-04-16T01:45:00Z,-0.92,-0.699,-2.613,-0.084,0.993,-3.322
2026-04-16T02:00:00Z,-1.193,-0.698,-2.832,-0.047,0.975,-3.796
2026-04-16T02:15:00Z,-1.193,-0.699,-2.767,-0.047,0.975,-3.731
2026-04-16T02:30:00Z,-1.193,-0.698,-2.681,-0.047,0.975,-3.644
2026-04-16T02:45:00Z,-1.193,-0.698,-2.636,-0.047,0.978,-3.596
2026-04-16T03:00:00Z,-0.833,-0.694,-2.706,0.086,0.995,-3.152
2026-04-16T03:15:00Z,-0.833,-0.678,-2.926,0.086,0.996,-3.355
2026-04-16T03:30:00Z,-0.833,-0.568,-3.281,0.086,0.996,-3.601
2026-04-16T03:45:00Z,-0.833,-0.574,-3.436,0.086,0.996,-3.761
2026-04-16T04:00:00Z,0.486,-0.568,-4.002,0.42,0.996,-2.668
2026-04-16T04:15:00Z,0.486,-0.674,-4.235,0.42,0.996,-3.007
2026-04-16T04:30:00Z,0.486,-0.676,-4.029,0.42,0.996,-2.803
2026-04-16T04:45:00Z,0.486,-0.646,-3.77,0.42,0.996,-2.514
2026-04-16T05:00:00Z,0.722,-0.662,-3.811,0.342,0.996,-2.413
2026-04-16T05:15:00Z,0.722,-0.648,-4.038,0.342,0.996,-2.626
2026-04-16T05:30:00Z,0.722,-0.616,-3.782,0.342,0.996,-2.338
2026-04-16T05:45:00Z,0.722,-0.687,-3.604,0.342,0.949,-2.278
2026-04-16T06:00:00Z,0.019,-0.638,-3.344,0.087,0.671,-3.205
2026-04-16T06:15:00Z,0.019,-0.698,-3.395,0.087,0.671,-3.317
2026-04-16T06:30:00Z,0.019,-0.698,-3.778,0.087,0.671,-3.7
2026-04-16T06:45:00Z,0.019,-0.698,-3.846,0.087,0.397,-4.042
2026-04-16T07:00:00Z,-0.904,-0.698,-2.752,-0.151,-0.622,-5.127
2026-04-16T07:15:00Z,-0.904,-0.699,-2.722,-0.151,-0.688,-5.163
2026-04-16T07:30:00Z,-0.904,-0.698,-1.958,-0.151,-0.688,-4.399
2026-04-16T07:45:00Z,-0.904,-0.698,-1.933,-0.151,-0.72,-4.406
2026-04-16T08:00:00Z,-1.174,-0.698,-1.752,-0.349,-0.922,-4.896
2026-04-16T08:15:00Z,-1.174,-0.698,-1.684,-0.349,-0.921,-4.826
2026-04-16T08:30:00Z,-1.174,-0.698,-1.718,-0.349,-0.922,-4.861
2026-04-16T08:45:00Z,-1.174,-0.698,-1.705,-0.349,-0.936,-4.862
2026-04-16T09:00:00Z,-1.559,-0.698,-1.707,-0.435,-1.024,-5.422
2026-04-16T09:15:00Z,-1.559,-0.697,-1.51,-0.435,-1.024,-5.225
2026-04-16T09:30:00Z,-1.559,-0.697,-1.622,-0.435,-1.024,-5.337
2026-04-16T09:45:00Z,-1.559,-0.697,-1.944,-0.435,-1.024,-5.658
2026-04-16T10:00:00Z,-1.576,-0.698,-2.481,-0.435,-1.024,-6.213
2026-04-16T10:15:00Z,-1.576,-0.698,-2.708,-0.435,-1.024,-6.44
2026-04-16T10:30:00Z,-1.576,-0.697,-2.766,-0.435,-1.025,-6.498
2026-04-16T10:45:00Z,-1.576,-0.697,-2.922,-0.435,-1.025,-6.655
2026-04-16T11:00:00Z,-1.511,-0.697,-2.694,-0.435,-1.025,-6.361
2026-04-16T11:15:00Z,-1.511,-0.697,-2.462,-0.435,-1.024,-6.128
2026-04-16T11:30:00Z,-1.511,-0.698,-2.395,-0.435,-1.024,-6.063
2026-04-16T11:45:00Z,-1.511,-0.696,-2.329,-0.435,-1.024,-5.995
2026-04-16T12:00:00Z,-1.584,-0.691,-2.119,-0.435,-1.025,-5.855
2026-04-16T12:15:00Z,-1.584,-0.686,-2.224,-0.435,-1.025,-5.955
2026-04-16T12:30:00Z,-1.584,-0.681,-2.405,-0.435,-1.024,-6.13
2026-04-16T12:45:00Z,-1.584,-0.697,-2.252,-0.435,-1.025,-5.993
2026-04-16T13:00:00Z,-1.534,-0.698,-1.891,-0.435,-0.904,-5.461
2026-04-16T13:15:00Z,-1.534,-0.698,-1.895,-0.435,-0.904,-5.466
2026-04-16T13:30:00Z,-1.534,-0.693,-1.717,-0.435,-0.903,-5.283
2026-04-16T13:45:00Z,-1.534,-0.675,-1.524,-0.435,-0.874,-5.042
2026-04-16T14:00:00Z,-1.545,-0.666,-1.223,-0.43,-0.686,-4.549
2026-04-16T14:15:00Z,-1.545,-0.522,-1.468,-0.43,-0.685,-4.65
2026-04-16T14:30:00Z,-1.545,-0.601,-1.239,-0.43,-0.686,-4.5
2026-04-16T14:45:00Z,-1.545,-0.677,-0.673,-0.43,-0.632,-3.956
2026-04-16T15:00:00Z,-1.281,-0.697,-0.581,-0.244,-0.326,-3.129
2026-04-16T15:15:00Z,-1.281,-0.699,-0.513,-0.244,-0.326,-3.062
2026-04-16T15:30:00Z,-1.281,-0.698,-0.482,-0.244,-0.326,-3.031
2026-04-16T15:45:00Z,-1.281,-0.698,-1.163,-0.244,-0.258,-3.644
2026-04-16T16:00:00Z,-0.54,-0.698,-1.814,0.045,-0.105,-3.112
2026-04-16T16:15:00Z,-0.54,-0.698,-2.053,0.045,-0.106,-3.352
2026-04-16T16:30:00Z,-0.54,-0.698,-2.171,0.045,-0.106,-3.47
2026-04-16T16:45:00Z,-0.54,-0.698,-2.469,0.045,-0.07,-3.733
2026-04-16T17:00:00Z,0.887,-0.692,-3.099,0.288,0.399,-2.216
2026-04-16T17:15:00Z,0.887,-0.645,-3.645,0.288,0.4,-2.714
2026-04-16T17:30:00Z,0.887,-0.569,-3.68,0.288,0.4,-2.674
2026-04-16T17:45:00Z,0.887,-0.596,-3.061,0.288,0.472,-2.01
2026-04-16T18:00:00Z,1.356,-0.658,-3.007,0.405,0.872,-1.032
2026-04-16T18:15:00Z,1.356,-0.622,-2.934,0.405,0.872,-0.923
2026-04-16T18:30:00Z,1.356,-0.602,-2.707,0.405,0.872,-0.676
2026-04-16T18:45:00Z,1.356,-0.617,-2.461,0.405,0.888,-0.429
2026-04-16T19:00:00Z,1.127,-0.686,-2.363,0.412,0.995,-0.514
2026-04-16T19:15:00Z,1.127,-0.656,-2.38,0.412,0.995,-0.501
2026-04-16T19:30:00Z,1.127,-0.684,-2.165,0.412,0.995,-0.315
2026-04-16T19:45:00Z,1.127,-0.67,-2.332,0.412,0.99,-0.473
2026-04-16T20:00:00Z,0.81,-0.698,-2.116,0.254,0.953,-0.798
2026-04-16T20:15:00Z,0.81,-0.699,-1.736,0.254,0.953,-0.418
2026-04-16T20:30:00Z,0.81,-0.698,-1.727,0.254,0.954,-0.408
2026-04-16T20:45:00Z,0.81,-0.698,-1.668,0.254,0.933,-0.369
2026-04-16T21:00:00Z,0.495,-0.699,-1.673,0.219,0.806,-0.851
2026-04-16T21:15:00Z,0.495,-0.698,-1.658,0.219,0.806,-0.837
2026-04-16T21:30:00Z,0.495,-0.699,-1.451,0.219,0.806,-0.631
2026-04-16T21:45:00Z,0.495,-0.59,-1.286,0.219,0.801,-0.361
2026-04-16T22:00:00Z,0.008,-0.034,-1.914,0.076,0.771,-1.094
2026-04-16T22:15:00Z,0.008,-0.149,-2.133,0.076,0.771,-1.427
2026-04-16T22:30:00Z,0.008,-0.683,-1.401,0.076,0.771,-1.229
2026-04-16T22:45:00Z,0.008,-0.573,-1.331,0.076,0.777,-1.043
2026-04-16T23:00:00Z,-0.382,-0.293,-1.605,0,0.822,-1.457
2026-04-16T23:15:00Z,-0.382,-0.668,-1.319,0,0.822,-1.547
2026-04-16T23:30:00Z,-0.382,-0.596,-1.222,0,0.822,-1.377
2026-04-16T23:45:00Z,-0.382,-0.146,-1.711,0,0.812,-1.426
2026-04-17T00:00:00Z,-0.498,-0.171,-1.806,0.049,0.748,-1.678
2026-04-17T00:15:00Z,-0.498,-0.142,-1.982,0.049,0.748,-1.825
2026-04-17T00:30:00Z,-0.498,-0.193,-1.901,0.049,0.748,-1.796
2026-04-17T00:45:00Z,-0.498,-0.347,-1.871,0.049,0.748,-1.92
2026-04-17T01:00:00Z,-0.808,-0.658,-1.432,0,0.746,-2.152
2026-04-17T01:15:00Z,-0.808,-0.669,-1.462,0,0.746,-2.193
2026-04-17T01:30:00Z,-0.808,-0.669,-1.438,0,0.746,-2.17
2026-04-17T01:45:00Z,-0.808,-0.67,-1.379,0,0.781,-2.077
2026-04-17T02:00:00Z,-0.708,-0.669,-1.581,0.208,0.99,-1.76
2026-04-17T02:15:00Z,-0.708,-0.638,-1.863,0.208,0.991,-2.01
2026-04-17T02:30:00Z,-0.708,-0.673,-2.137,0.208,0.99,-2.319
2026-04-17T02:45:00Z,-0.708,-0.693,-2.367,0.208,0.991,-2.569
2026-04-17T03:00:00Z,-0.517,-0.691,-2.347,0.358,0.995,-2.202
2026-04-17T03:15:00Z,-0.517,-0.668,-2.64,0.358,0.996,-2.472
2026-04-17T03:30:00Z,-0.517,-0.675,-2.704,0.358,0.995,-2.543
2026-04-17T03:45:00Z,-0.517,-0.695,-2.729,0.358,0.995,-2.587
2026-04-17T04:00:00Z,-0.269,-0.683,-2.723,0.415,0.996,-2.264
2026-04-17T04:15:00Z,-0.269,-0.695,-2.839,0.415,0.996,-2.392
2026-04-17T04:30:00Z,-0.269,-0.682,-2.234,0.415,0.996,-1.773
2026-04-17T04:45:00Z,-0.269,-0.694,-2.017,0.415,0.995,-1.57
2026-04-17T05:00:00Z,-0.577,-0.698,-1.787,0.321,0.995,-1.746
2026-04-17T05:15:00Z,-0.577,-0.682,-1.724,0.321,0.995,-1.667
2026-04-17T05:30:00Z,-0.577,-0.638,-1.473,0.321,0.996,-1.371
2026-04-17T05:45:00Z,-0.577,-0.694,-1.217,0.321,0.961,-1.207
2026-04-17T06:00:00Z,-1.693,-0.697,-0.699,0.054,0.754,-2.281
2026-04-17T06:15:00Z,-1.693,-0.683,-1.172,0.054,0.755,-2.738
2026-04-17T06:30:00Z,-1.693,-0.614,-1.202,0.054,0.755,-2.7
2026-04-17T06:45:00Z,-1.693,-0.486,-0.512,0.054,0.72,-1.915
2026-04-17T07:00:00Z,-1.201,-0.232,0.293,-0.164,0.506,-0.798
2026-04-17T07:15:00Z,-1.201,0.056,0.893,-0.164,0.507,0.091
2026-04-17T07:30:00Z,-1.201,0.279,0.687,-0.164,0.507,0.108
2026-04-17T07:45:00Z,-1.201,0.086,0.6,-0.164,0.335,-0.344
2026-04-17T08:00:00Z,-1.089,0.156,0.683,-0.227,-0.465,-0.941
2026-04-17T08:15:00Z,-1.089,0.261,0.147,-0.227,-0.468,-1.376
2026-04-17T08:30:00Z,-1.089,0.104,0.189,-0.227,-0.468,-1.492
2026-04-17T08:45:00Z,-1.089,0.044,0.28,-0.227,-0.553,-1.546
2026-04-17T09:00:00Z,-1.173,0.181,-0.049,-0.098,-1.024,-2.163
2026-04-17T09:15:00Z,-1.173,0.141,-0.096,-0.098,-1.025,-2.249
2026-04-17T09:30:00Z,-1.173,0.028,0.071,-0.098,-1.025,-2.196
2026-04-17T09:45:00Z,-1.173,-0.416,-0.148,-0.098,-1.025,-2.859
2026-04-17T10:00:00Z,-1.326,-0.444,-0.411,-0.062,-1.025,-3.268
2026-04-17T10:15:00Z,-1.326,-0.543,-0.255,-0.062,-1.024,-3.211
2026-04-17T10:30:00Z,-1.326,-0.487,-0.039,-0.062,-1.025,-2.939
2026-04-17T10:45:00Z,-1.326,-0.579,0.046,-0.062,-1.025,-2.946
2026-04-17T11:00:00Z,-1.09,-0.548,0.031,0.138,-1.025,-2.494
2026-04-17T11:15:00Z,-1.09,-0.557,0.142,0.138,-1.025,-2.392
2026-04-17T11:30:00Z,-1.09,-0.691,0.164,0.138,-1.025,-2.503
2026-04-17T11:45:00Z,-1.09,-0.69,0.273,0.138,-1.025,-2.394
2026-04-17T12:00:00Z,-0.455,-0.616,0.286,0.044,-1.023,-1.764
2026-04-17T12:15:00Z,-0.455,-0.176,0.158,0.044,-1.024,-1.453
2026-04-17T12:30:00Z,-0.455,0.166,-0.086,0.044,-1.023,-1.354
2026-04-17T12:45:00Z,-0.455,0.448,-0.077,0.044,-0.9,-0.94
2026-04-17T13:00:00Z,-0.378,0.398,-0.442,-0.269,-0.243,-0.935
2026-04-17T13:15:00Z,-0.378,0.398,-0.21,-0.269,-0.244,-0.702
2026-04-17T13:30:00Z,-0.378,0.577,-0.326,-0.269,-0.243,-0.639
2026-04-17T13:45:00Z,-0.378,0.531,-0.116,-0.269,-0.162,-0.394
2026-04-17T14:00:00Z,-0.465,0.354,-0.177,-0.219,0.517,0.01
2026-04-17T14:15:00Z,-0.465,-0.009,-0.079,-0.219,0.538,-0.233
2026-04-17T14:30:00Z,-0.465,-0.393,0.793,-0.219,0.538,0.255
2026-04-17T14:45:00Z,-0.465,0.031,0.673,-0.219,0.585,0.606
2026-04-17T15:00:00Z,-0.914,0.437,0.467,0.077,0.865,0.933
2026-04-17T15:15:00Z,-0.914,0.067,0.804,0.077,0.864,0.898
2026-04-17T15:30:00Z,-0.914,-0.577,0.931,0.077,0.864,0.381
2026-04-17T15:45:00Z,-0.914,-0.617,0.495,0.077,0.89,-0.069
2026-04-17T16:00:00Z,-1.085,-0.202,-0.164,0.38,1.052,-0.019
2026-04-17T16:15:00Z,-1.085,-0.211,-0.759,0.38,1.052,-0.623
2026-04-17T16:30:00Z,-1.085,-0.08,-1.44,0.38,1.052,-1.173
2026-04-17T16:45:00Z,-1.085,-0.033,-2.307,0.38,1.053,-1.992
2026-04-17T17:00:00Z,-0.518,-0.324,-2.029,0.423,1.054,-1.395
2026-04-17T17:15:00Z,-0.518,-0.329,-2.301,0.423,1.054,-1.671
2026-04-17T17:30:00Z,-0.518,-0.556,-1.776,0.423,1.054,-1.374
2026-04-17T17:45:00Z,-0.518,-0.5,-1.769,0.423,1.053,-1.311
2026-04-17T18:00:00Z,-0.17,-0.364,-1.603,0.423,1.052,-0.663
2026-04-17T18:15:00Z,-0.17,-0.34,-1.479,0.423,1.053,-0.514
2026-04-17T18:30:00Z,-0.17,-0.251,-1.243,0.423,1.053,-0.189
2026-04-17T18:45:00Z,-0.17,-0.144,-1.103,0.423,1.031,0.036
2026-04-17T19:00:00Z,-1.045,-0.283,-0.578,0.403,0.895,-0.608
2026-04-17T19:15:00Z,-1.045,-0.209,-0.543,0.403,0.894,-0.499
2026-04-17T19:30:00Z,-1.045,-0.218,-0.224,0.403,0.894,-0.191
2026-04-17T19:45:00Z,-1.045,-0.192,0.131,0.403,0.788,0.085
2026-04-17T20:00:00Z,-1.348,0.005,0.041,0.306,0.217,-0.778
2026-04-17T20:15:00Z,-1.348,-0.047,0.217,0.306,0.218,-0.654
2026-04-17T20:30:00Z,-1.348,-0.019,0.433,0.306,0.218,-0.41
2026-04-17T20:45:00Z,-1.348,-0.016,0.618,0.306,0.327,-0.113
2026-04-17T21:00:00Z,-1.627,-0.077,0.639,0.356,0.921,0.212
2026-04-17T21:15:00Z,-1.627,-0.014,1.133,0.356,0.92,0.768
2026-04-17T21:30:00Z,-1.627,-0.012,1.398,0.356,0.92,1.036
2026-04-17T21:45:00Z,-1.627,-0.026,1.932,0.356,0.908,1.544
2026-04-17T22:00:00Z,-0.874,0.044,2.479,0.263,0.836,2.747
2026-04-17T22:15:00Z,-0.874,0.045,2.482,0.263,0.836,2.752
2026-04-17T22:30:00Z,-0.874,-0.04,2.612,0.263,0.836,2.796
2026-04-17T22:45:00Z,-0.874,-0.028,2.495,0.263,0.824,2.679
2026-04-17T23:00:00Z,-1.16,0.024,2.34,0.224,0.745,2.173
2026-04-17T23:15:00Z,-1.16,-0.127,2.879,0.224,0.744,2.56
2026-04-17T23:30:00Z,-1.16,-0.207,2.792,0.224,0.744,2.392
2026-04-17T23:45:00Z,-1.16,-0.113,2.565,0.224,0.739,2.255
2026-04-18T00:00:00Z,-1.161,-0.024,2.129,0.241,0.697,1.882
2026-04-18T00:15:00Z,-1.161,0.022,2.085,0.241,0.698,1.884
2026-04-18T00:30:00Z,-1.161,0.069,1.862,0.241,0.697,1.707
2026-04-18T00:45:00Z,-1.161,0.06,1.764,0.241,0.712,1.615
2026-04-18T01:00:00Z,-0.982,-0.16,2.081,0.053,0.807,1.8
2026-04-18T01:15:00Z,-0.982,-0.218,2.157,0.053,0.807,1.816
2026-04-18T01:30:00Z,-0.982,-0.315,2.2,0.053,0.807,1.763
2026-04-18T01:45:00Z,-0.982,-0.326,2.097,0.053,0.82,1.662
2026-04-18T02:00:00Z,-0.978,-0.209,1.748,0.094,0.901,1.556
2026-04-18T02:15:00Z,-0.978,-0.144,1.661,0.094,0.902,1.535
2026-04-18T02:30:00Z,-0.978,-0.104,1.492,0.094,0.902,1.405
2026-04-18T02:45:00Z,-0.978,-0.081,1.341,0.094,0.923,1.299
2026-04-18T03:00:00Z,-1.055,-0.006,1.108,0.221,1.054,1.322
2026-04-18T03:15:00Z,-1.055,-0.132,1.29,0.221,1.054,1.378
2026-04-18T03:30:00Z,-1.055,-0.103,1.297,0.221,1.054,1.414
2026-04-18T03:45:00Z,-1.055,-0.181,1.451,0.221,1.053,1.488
2026-04-18T04:00:00Z,-1.024,-0.417,1.754,0.032,1.047,1.392
2026-04-18T04:15:00Z,-1.024,-0.418,1.914,0.032,1.046,1.55
2026-04-18T04:30:00Z,-1.024,-0.434,1.689,0.032,1.047,1.31
2026-04-18T04:45:00Z,-1.024,-0.515,1.976,0.032,1.024,1.494
2026-04-18T05:00:00Z,-0.238,-0.67,1.995,0.014,0.88,1.98
2026-04-18T05:15:00Z,-0.238,-0.627,1.907,0.014,0.88,1.935
2026-04-18T05:30:00Z,-0.238,-0.223,1.456,0.014,0.879,1.888
2026-04-18T05:45:00Z,-0.238,0.217,1.042,0.014,0.84,1.874
2026-04-18T06:00:00Z,0.434,0.035,0.862,0.395,0.605,2.332
2026-04-18T06:15:00Z,0.434,0.447,0.554,0.395,0.606,2.436
2026-04-18T06:30:00Z,0.434,0.477,0.75,0.395,0.606,2.661
2026-04-18T06:45:00Z,0.434,0.494,0.891,0.395,0.569,2.783
2026-04-18T07:00:00Z,0.63,0.593,0.421,0.314,0.347,2.305
2026-04-18T07:15:00Z,0.63,0.674,-0.153,0.314,0.347,1.812
2026-04-18T07:30:00Z,0.63,0.534,0.086,0.314,0.347,1.911
2026-04-18T07:45:00Z,0.63,0.456,0.033,0.314,0.231,1.665
2026-04-18T08:00:00Z,0.799,0.529,0.448,0.279,-0.843,1.212
2026-04-18T08:15:00Z,0.799,0.422,1.058,0.279,-1.055,1.503
2026-04-18T08:30:00Z,0.799,-0.196,1.643,0.279,-1.054,1.47
2026-04-18T08:45:00Z,0.799,-0.049,2.187,0.279,-0.98,2.236
2026-04-18T09:00:00Z,-1.611,0.4,2.335,0.128,-0.564,0.688
2026-04-18T09:15:00Z,-1.611,0.583,2.29,0.128,-0.564,0.827
2026-04-18T09:30:00Z,-1.611,0.541,2.348,0.128,-0.564,0.842
2026-04-18T09:45:00Z,-1.611,0.525,2.508,0.128,-0.361,1.188
2026-04-18T10:00:00Z,-1.712,0.273,3.111,0.333,-0.001,2.004
2026-04-18T10:15:00Z,-1.712,0.223,2.937,0.333,-0.001,1.781
2026-04-18T10:30:00Z,-1.712,0.129,2.991,0.333,-0.001,1.74
2026-04-18T10:45:00Z,-1.712,0.125,3.233,0.333,-0.001,1.978
2026-04-18T11:00:00Z,-1.557,0.467,3.199,0.421,-0.477,2.053
2026-04-18T11:15:00Z,-1.557,0.399,3.265,0.421,-0.479,2.049
2026-04-18T11:30:00Z,-1.557,0.509,3.184,0.421,-0.478,2.079
2026-04-18T11:45:00Z,-1.557,0.535,2.809,0.421,-0.464,1.743
2026-04-18T12:00:00Z,-1.315,0.529,2.859,0.419,-0.378,2.114
2026-04-18T12:15:00Z,-1.315,0.376,2.776,0.419,-0.379,1.877
2026-04-18T12:30:00Z,-1.315,0.317,2.829,0.419,-0.379,1.871
2026-04-18T12:45:00Z,-1.315,0.211,2.501,0.419,-0.378,1.438
2026-04-18T13:00:00Z,-0.695,-0.174,3.475,0.422,-0.182,2.846
2026-04-18T13:15:00Z,-0.695,0.024,2.767,0.422,-0.181,2.338
2026-04-18T13:30:00Z,-0.695,0.249,1.871,0.422,-0.182,1.666
2026-04-18T13:45:00Z,-0.695,0.19,1.609,0.422,-0.121,1.406
2026-04-18T14:00:00Z,0.109,0.06,0.56,0.261,0.554,1.543
2026-04-18T14:15:00Z,0.109,0.435,-0.017,0.261,0.595,1.384
2026-04-18T14:30:00Z,0.109,0.574,-0.033,0.261,0.595,1.506
2026-04-18T14:45:00Z,0.109,0.665,-0.479,0.261,0.627,1.183
2026-04-18T15:00:00Z,-0.064,0.634,-0.137,-0.04,0.818,1.21
2026-04-18T15:15:00Z,-0.064,-0.016,0.332,-0.04,0.817,1.028
2026-04-18T15:30:00Z,-0.064,-0.626,0.466,-0.04,0.817,0.553
2026-04-18T15:45:00Z,-0.064,-0.685,0.48,-0.04,0.734,0.425
2026-04-18T16:00:00Z,-0.995,-0.635,0.042,-0.142,0.283,-1.445
2026-04-18T16:15:00Z,-0.995,-0.694,-0.137,-0.142,0.283,-1.685
2026-04-18T16:30:00Z,-0.995,-0.609,-0.257,-0.142,0.283,-1.72
2026-04-18T16:45:00Z,-0.995,-0.35,-0.386,-0.142,0.344,-1.528
2026-04-18T17:00:00Z,-0.861,-0.693,-0.682,0.334,0.695,-1.206
2026-04-18T17:15:00Z,-0.861,-0.588,-0.55,0.334,0.696,-0.968
2026-04-18T17:30:00Z,-0.861,-0.139,-0.94,0.334,0.696,-0.91
2026-04-18T17:45:00Z,-0.861,0.068,-0.937,0.334,0.727,-0.669
2026-04-18T18:00:00Z,-0.599,0.093,-1.049,0.413,0.922,-0.219
2026-04-18T18:15:00Z,-0.599,0.28,-0.84,0.413,0.922,0.176
2026-04-18T18:30:00Z,-0.599,0.418,-0.863,0.413,0.921,0.291
2026-04-18T18:45:00Z,-0.599,0.409,-0.529,0.413,0.481,0.175
2026-04-18T19:00:00Z,-0.654,-0.196,0.524,0.345,-0.207,-0.188
2026-04-18T19:15:00Z,-0.654,-0.17,0.606,0.345,-0.206,-0.079
2026-04-18T19:30:00Z,-0.654,-0.188,0.562,0.345,-0.206,-0.141
2026-04-18T19:45:00Z,-0.654,-0.295,0.783,0.345,-0.232,-0.052
2026-04-18T20:00:00Z,-1.107,-0.362,1.151,0.277,-0.391,-0.433
2026-04-18T20:15:00Z,-1.107,-0.363,1.397,0.277,-0.391,-0.187
2026-04-18T20:30:00Z,-1.107,-0.338,1.635,0.277,-0.391,0.076
2026-04-18T20:45:00Z,-1.107,-0.421,1.516,0.277,-0.392,-0.127
2026-04-18T21:00:00Z,-1.096,-0.671,1.934,0.142,-0.394,-0.085
2026-04-18T21:15:00Z,-1.096,-0.652,2.069,0.142,-0.394,0.069
2026-04-18T21:30:00Z,-1.096,-0.648,2.235,0.142,-0.394,0.239
2026-04-18T21:45:00Z,-1.096,-0.689,2.158,0.142,-0.262,0.252
2026-04-18T22:00:00Z,-0.817,-0.679,1.907,0.067,0.141,0.619
2026-04-18T22:15:00Z,-0.817,-0.654,2.036,0.067,0.141,0.773
2026-04-18T22:30:00Z,-0.817,-0.619,1.814,0.067,0.141,0.585
2026-04-18T22:45:00Z,-0.817,-0.496,1.4,0.067,0.153,0.307
2026-04-18T23:00:00Z,-0.527,-0.667,2.008,0.001,0.228,1.044
2026-04-18T23:15:00Z,-0.527,-0.645,2.079,0.001,0.228,1.137
2026-04-18T23:30:00Z,-0.527,-0.646,2.251,0.001,0.229,1.308
2026-04-18T23:45:00Z,-0.527,-0.501,2.525,0.001,0.228,1.727
2026-04-19T00:00:00Z,-0.187,-0.002,1.961,0.283,0.226,2.281
2026-04-19T00:15:00Z,-0.187,-0.431,2.169,0.283,0.227,2.061
2026-04-19T00:30:00Z,-0.187,-0.548,2.37,0.283,0.227,2.145
2026-04-19T00:45:00Z,-0.187,-0.514,2.508,0.283,0.192,2.282
2026-04-19T01:00:00Z,-0.328,-0.345,2.377,0.111,0.103,1.918
2026-04-19T01:15:00Z,-0.328,-0.447,2.52,0.111,0.102,1.957
2026-04-19T01:30:00Z,-0.328,-0.439,2.495,0.111,0.102,1.941
2026-04-19T01:45:00Z,-0.328,-0.384,2.513,0.111,0.068,1.98
2026-04-19T02:00:00Z,-0.475,0.028,2.029,0.039,0,1.621
2026-04-19T02:15:00Z,-0.475,-0.02,2.066,0.039,0,1.609
2026-04-19T02:30:00Z,-0.475,-0.024,2.101,0.039,0,1.64
2026-04-19T02:45:00Z,-0.475,-0.01,2.175,0.039,-0,1.729
2026-04-19T03:00:00Z,-0.872,-0.171,2.342,0,0.102,1.401
2026-04-19T03:15:00Z,-0.872,-0.113,2.425,0,0.102,1.542
2026-04-19T03:30:00Z,-0.872,0.387,2.541,0,0.102,2.158
2026-04-19T03:45:00Z,-0.872,0.478,2.535,0,0.068,2.208
2026-04-19T04:00:00Z,-0.918,0.672,2.781,0.012,-0.408,2.139
2026-04-19T04:15:00Z,-0.918,0.696,2.721,0.012,-0.409,2.103
2026-04-19T04:30:00Z,-0.918,0.656,2.747,0.012,-0.408,2.09
2026-04-19T04:45:00Z,-0.918,0.505,2.627,0.012,-0.464,1.763
2026-04-19T05:00:00Z,-0.484,0.091,2.926,0.343,-0.781,2.095
2026-04-19T05:15:00Z,-0.484,0.044,2.776,0.343,-0.781,1.897
2026-04-19T05:30:00Z,-0.484,0.123,2.641,0.343,-0.781,1.842
2026-04-19T05:45:00Z,-0.484,0.058,2.491,0.343,-0.822,1.585
2026-04-19T06:00:00Z,0.054,0.466,1.391,0.108,-1.074,0.945
2026-04-19T06:15:00Z,0.054,0.173,1.089,0.108,-1.074,0.35
2026-04-19T06:30:00Z,0.054,-0.525,1.45,0.108,-1.074,0.014
2026-04-19T06:45:00Z,0.054,-0.657,1.241,0.108,-1.077,-0.331
2026-04-19T07:00:00Z,-0.242,-0.472,0.997,-0.369,-1.092,-1.178
2026-04-19T07:15:00Z,-0.242,-0.595,1.074,-0.369,-1.091,-1.224
2026-04-19T07:30:00Z,-0.242,-0.676,0.663,-0.369,-1.091,-1.716
2026-04-19T07:45:00Z,-0.242,-0.684,-0.095,-0.369,-1.091,-2.481
2026-04-19T08:00:00Z,0.718,-0.627,-0.995,-0.435,-1.089,-2.428
2026-04-19T08:15:00Z,0.718,-0.672,-1.58,-0.435,-1.089,-3.058
2026-04-19T08:30:00Z,0.718,-0.697,-1.628,-0.435,-1.088,-3.131
2026-04-19T08:45:00Z,0.718,-0.698,-1.84,-0.435,-1.088,-3.344
2026-04-19T09:00:00Z,0.63,-0.698,-1.71,-0.426,-1.089,-3.293
2026-04-19T09:15:00Z,0.63,-0.699,-1.9,-0.426,-1.089,-3.484
2026-04-19T09:30:00Z,0.63,-0.698,-1.889,-0.426,-1.088,-3.472
2026-04-19T09:45:00Z,0.63,-0.682,-1.579,-0.426,-1.088,-3.146
2026-04-19T10:00:00Z,-0.985,-0.615,-1.428,-0.39,-1.089,-4.508
2026-04-19T10:15:00Z,-0.985,-0.642,-0.639,-0.39,-1.089,-3.745
2026-04-19T10:30:00Z,-0.985,-0.362,-0.46,-0.39,-1.089,-3.286
2026-04-19T10:45:00Z,-0.985,-0.42,-0.319,-0.39,-1.089,-3.203
2026-04-19T11:00:00Z,-1.065,-0.587,-0.078,-0.435,-1.088,-3.253
2026-04-19T11:15:00Z,-1.065,-0.697,-0.366,-0.435,-1.089,-3.652
2026-04-19T11:30:00Z,-1.065,-0.698,-0.484,-0.435,-1.089,-3.77
2026-04-19T11:45:00Z,-1.065,-0.698,-0.246,-0.435,-1.088,-3.532
2026-04-19T12:00:00Z,-0.909,-0.697,-0.869,-0.436,-0.946,-3.856
2026-04-19T12:15:00Z,-0.909,-0.698,-0.993,-0.436,-0.947,-3.982
2026-04-19T12:30:00Z,-0.909,-0.697,-1.14,-0.436,-0.946,-4.128
2026-04-19T12:45:00Z,-0.909,-0.698,-1.142,-0.436,-0.947,-4.132
2026-04-19T13:00:00Z,-0.603,-0.698,-1.153,-0.435,-0.896,-3.785
2026-04-19T13:15:00Z,-0.603,-0.693,-1.209,-0.435,-0.896,-3.837
2026-04-19T13:30:00Z,-0.603,-0.655,-1.36,-0.435,-0.896,-3.95
2026-04-19T13:45:00Z,-0.603,-0.571,-1.229,-0.435,-0.953,-3.791
2026-04-19T14:00:00Z,-0.615,-0.607,-0.217,-0.435,-1.084,-2.958
2026-04-19T14:15:00Z,-0.615,-0.698,0.2,-0.435,-1.083,-2.631
2026-04-19T14:30:00Z,-0.615,-0.668,0.15,-0.435,-1.083,-2.653
2026-04-19T14:45:00Z,-0.615,-0.488,0.435,-0.435,-1.084,-2.188
2026-04-19T15:00:00Z,-0.856,-0.284,0.834,-0.431,-1.084,-1.821
2026-04-19T15:15:00Z,-0.856,0.245,1.22,-0.431,-1.084,-0.906
2026-04-19T15:30:00Z,-0.856,0.473,1.575,-0.431,-1.084,-0.324
2026-04-19T15:45:00Z,-0.856,0.597,1.678,-0.431,-1.081,-0.093
2026-04-19T16:00:00Z,-1.504,0.176,2.201,-0.08,-1.063,-0.27
2026-04-19T16:15:00Z,-1.504,0.37,1.932,-0.08,-1.064,-0.346
2026-04-19T16:30:00Z,-1.504,0.581,1.771,-0.08,-1.064,-0.295
2026-04-19T16:45:00Z,-1.504,0.688,1.803,-0.08,-1.067,-0.159
2026-04-19T17:00:00Z,-1.469,0.693,2.048,0.192,-1.083,0.38
2026-04-19T17:15:00Z,-1.469,0.672,2.18,0.192,-1.084,0.49
2026-04-19T17:30:00Z,-1.469,0.619,2.092,0.192,-1.085,0.348
2026-04-19T17:45:00Z,-1.469,0.665,2.16,0.192,-1.036,0.512
2026-04-19T18:00:00Z,-1.367,0.656,2.389,0.422,-0.749,1.352
2026-04-19T18:15:00Z,-1.367,0.694,2.565,0.422,-0.749,1.565
2026-04-19T18:30:00Z,-1.367,0.7,2.525,0.422,-0.749,1.531
2026-04-19T18:45:00Z,-1.367,0.7,2.455,0.422,-0.777,1.433
2026-04-19T19:00:00Z,-1.568,0.7,3.127,0.422,-0.939,1.743
2026-04-19T19:15:00Z,-1.568,0.7,3.395,0.422,-0.937,2.012
2026-04-19T19:30:00Z,-1.568,0.7,3.529,0.422,-0.938,2.145
2026-04-19T19:45:00Z,-1.568,0.7,3.662,0.422,-0.958,2.258
2026-04-19T20:00:00Z,-2.265,0.7,4.093,0.422,-1.082,1.868
2026-04-19T20:15:00Z,-2.265,0.7,4.279,0.422,-1.083,2.053
2026-04-19T20:30:00Z,-2.265,0.7,4.039,0.422,-1.082,1.814
2026-04-19T20:45:00Z,-2.265,0.7,3.748,0.422,-1.031,1.574
2026-04-19T21:00:00Z,-2.182,0.7,3.465,0.422,-0.736,1.669
2026-04-19T21:15:00Z,-2.182,0.7,3.61,0.422,-0.736,1.815
2026-04-19T21:30:00Z,-2.182,0.7,3.526,0.422,-0.736,1.731
2026-04-19T21:45:00Z,-2.182,0.691,3.763,0.422,-0.783,1.911
2026-04-19T22:00:00Z,-1.867,0.617,4.199,0.407,-1.061,2.294
2026-04-19T22:15:00Z,-1.867,0.677,4.354,0.407,-1.061,2.51
2026-04-19T22:30:00Z,-1.867,0.587,4.343,0.407,-1.061,2.41
2026-04-19T22:45:00Z,-1.867,0.662,4.255,0.407,-1.038,2.419
2026-04-19T23:00:00Z,-1.851,0.677,4.34,0.367,-0.89,2.643
2026-04-19T23:15:00Z,-1.851,0.649,4.243,0.367,-0.89,2.518
2026-04-19T23:30:00Z,-1.851,0.605,4.402,0.367,-0.89,2.633
2026-04-19T23:45:00Z,-1.851,0.526,4.36,0.367,-0.868,2.533
2026-04-20T00:00:00Z,-1.831,0.527,4.126,0.36,-0.728,2.454
2026-04-20T00:15:00Z,-1.831,0.474,4.063,0.36,-0.729,2.337
2026-04-20T00:30:00Z,-1.831,0.506,4.152,0.36,-0.729,2.459
2026-04-20T00:45:00Z,-1.831,0.508,4.37,0.36,-0.741,2.667
2026-04-20T01:00:00Z,-1.73,0.475,4.918,0.012,-0.825,2.85
2026-04-20T01:15:00Z,-1.73,0.5,4.96,0.012,-0.826,2.916
2026-04-20T01:30:00Z,-1.73,0.524,4.89,0.012,-0.825,2.871
2026-04-20T01:45:00Z,-1.73,0.537,4.845,0.012,-0.808,2.856
2026-04-20T02:00:00Z,-1.709,0.682,4.486,0.338,-0.702,3.095
2026-04-20T02:15:00Z,-1.709,0.696,4.309,0.338,-0.702,2.932
2026-04-20T02:30:00Z,-1.709,0.656,4.358,0.338,-0.703,2.94
2026-04-20T02:45:00Z,-1.709,0.612,4.546,0.338,-0.618,3.168
2026-04-20T03:00:00Z,-2.367,0.685,4.754,0,-0.151,2.921
2026-04-20T03:15:00Z,-2.367,0.633,4.713,0,-0.15,2.829
2026-04-20T03:30:00Z,-2.367,0.42,4.793,0,-0.151,2.695
2026-04-20T03:45:00Z,-2.367,0.437,4.537,0,-0.102,2.505
2026-04-20T04:00:00Z,-1.715,0.21,3.871,0.196,0.341,2.904
2026-04-20T04:15:00Z,-1.715,0.129,3.817,0.196,0.341,2.767
2026-04-20T04:30:00Z,-1.715,0.024,3.814,0.196,0.342,2.66
2026-04-20T04:45:00Z,-1.715,0.282,3.545,0.196,0.343,2.651
2026-04-20T05:00:00Z,-1.261,0.604,2.691,0.42,0.351,2.805
2026-04-20T05:15:00Z,-1.261,0.547,2.487,0.42,0.352,2.544
2026-04-20T05:30:00Z,-1.261,0.6,2.528,0.42,0.352,2.639
2026-04-20T05:45:00Z,-1.261,0.576,2.225,0.42,0.234,2.193
2026-04-20T06:00:00Z,-1.446,0.576,2.069,0.36,-0.371,1.188
2026-04-20T06:15:00Z,-1.446,0.564,1.8,0.36,-0.37,0.907
2026-04-20T06:30:00Z,-1.446,0.554,1.271,0.36,-0.371,0.368
2026-04-20T06:45:00Z,-1.446,0.558,1.356,0.36,-0.493,0.336
2026-04-20T07:00:00Z,-1.852,0.612,2.008,0.405,-1.083,0.091
2026-04-20T07:15:00Z,-1.852,0.663,1.858,0.405,-1.083,-0.008
2026-04-20T07:30:00Z,-1.852,0.631,1.622,0.405,-1.082,-0.276
2026-04-20T07:45:00Z,-1.852,0.581,1.531,0.405,-1.082,-0.417
2026-04-20T08:00:00Z,-1.175,0.37,1.277,0.069,-1.084,-0.542
2026-04-20T08:15:00Z,-1.175,0.355,1.236,0.069,-1.084,-0.599
2026-04-20T08:30:00Z,-1.175,0.325,1.648,0.069,-1.083,-0.215
2026-04-20T08:45:00Z,-1.175,0.357,1.803,0.069,-1.084,-0.03
2026-04-20T09:00:00Z,-1.132,0.664,1.625,-0.256,-1.081,-0.18
2026-04-20T09:15:00Z,-1.132,0.7,1.853,-0.256,-1.081,0.083
2026-04-20T09:30:00Z,-1.132,0.7,1.835,-0.256,-1.082,0.065
2026-04-20T09:45:00Z,-1.132,0.701,1.857,-0.256,-1.082,0.087
2026-04-20T10:00:00Z,-1.204,0.701,1.878,-0.041,-1.085,0.249
2026-04-20T10:15:00Z,-1.204,0.701,1.831,-0.041,-1.085,0.201
2026-04-20T10:30:00Z,-1.204,0.7,1.415,-0.041,-1.085,-0.215
2026-04-20T10:45:00Z,-1.204,0.7,1.459,-0.041,-1.016,-0.102
2026-04-20T11:00:00Z,-1.301,0.7,0.93,0,-0.626,-0.297
2026-04-20T11:15:00Z,-1.301,0.7,0.847,0,-0.626,-0.379
2026-04-20T11:30:00Z,-1.301,0.7,0.903,0,-0.626,-0.324
2026-04-20T11:45:00Z,-1.301,0.7,1.151,0,-0.696,-0.146
2026-04-20T12:00:00Z,-1.419,0.7,1.454,0,-1.086,-0.35
2026-04-20T12:15:00Z,-1.419,0.7,1.594,0,-1.085,-0.21
2026-04-20T12:30:00Z,-1.419,0.7,1.328,0,-1.085,-0.476
2026-04-20T12:45:00Z,-1.419,0.7,1.252,0,-1.07,-0.537
2026-04-20T13:00:00Z,-1.575,0.7,1.436,0,-0.975,-0.414
2026-04-20T13:15:00Z,-1.575,0.7,1.716,0,-0.975,-0.134
2026-04-20T13:30:00Z,-1.575,0.7,1.774,0,-0.975,-0.076
2026-04-20T13:45:00Z,-1.575,0.685,1.823,0,-0.99,-0.057
2026-04-20T14:00:00Z,-1.322,0.482,2.304,0,-1.081,0.382
2026-04-20T14:15:00Z,-1.322,-0.127,2.707,0,-1.082,0.175
2026-04-20T14:30:00Z,-1.322,0.026,2.764,0,-1.081,0.387
2026-04-20T14:45:00Z,-1.322,0.384,2.601,0,-1.079,0.583
2026-04-20T15:00:00Z,-1.611,0.572,2.707,0.193,-1.062,0.8
2026-04-20T15:15:00Z,-1.611,0.688,2.787,0.193,-1.062,0.996
2026-04-20T15:30:00Z,-1.611,0.7,2.364,0.193,-1.062,0.584
2026-04-20T15:45:00Z,-1.611,0.7,2.167,0.193,-0.993,0.457
2026-04-20T16:00:00Z,-1.817,0.7,1.754,0.423,-0.603,0.457
2026-04-20T16:15:00Z,-1.817,0.7,1.575,0.423,-0.602,0.278
2026-04-20T16:30:00Z,-1.817,0.7,1.367,0.423,-0.602,0.071
2026-04-20T16:45:00Z,-1.817,0.7,1.412,0.423,-0.536,0.182
2026-04-20T17:00:00Z,-1.493,0.7,1.322,0.416,-0.162,0.783
2026-04-20T17:15:00Z,-1.493,0.7,1.382,0.416,-0.162,0.843
2026-04-20T17:30:00Z,-1.493,0.7,1.376,0.416,-0.161,0.838
2026-04-20T17:45:00Z,-1.493,0.672,1.495,0.416,-0.21,0.879
2026-04-20T18:00:00Z,-0.98,0.409,2.654,0.346,-0.489,1.941
2026-04-20T18:15:00Z,-0.98,0.342,2.756,0.346,-0.489,1.975
2026-04-20T18:30:00Z,-0.98,0.289,2.667,0.346,-0.489,1.832
2026-04-20T18:45:00Z,-0.98,0.423,2.628,0.346,-0.546,1.872
2026-04-20T19:00:00Z,-1.335,0.049,3.305,0.136,-0.865,1.29
2026-04-20T19:15:00Z,-1.335,0.101,3.391,0.136,-0.865,1.428
2026-04-20T19:30:00Z,-1.335,0.3,3.254,0.136,-0.865,1.489
2026-04-20T19:45:00Z,-1.335,-0.266,3.568,0.136,-0.89,1.212
2026-04-20T20:00:00Z,-1.977,-0.696,4.469,0,-1.046,0.75
2026-04-20T20:15:00Z,-1.977,-0.698,4.453,0,-1.046,0.732
2026-04-20T20:30:00Z,-1.977,-0.69,4.337,0,-1.047,0.624
2026-04-20T20:45:00Z,-1.977,-0.652,4.005,0,-1.04,0.336
2026-04-20T21:00:00Z,-1.875,-0.69,4.408,-0.292,-1.003,0.548
2026-04-20T21:15:00Z,-1.875,-0.659,4.483,-0.292,-1.002,0.656
2026-04-20T21:30:00Z,-1.875,-0.688,4.648,-0.292,-1.003,0.79
2026-04-20T21:45:00Z,-1.875,-0.559,4.764,-0.292,-0.977,1.061
2026-04-20T22:00:00Z,-2.664,-0.16,3.75,-0.091,-0.824,0.01
2026-04-20T22:15:00Z,-2.664,-0.184,3.609,-0.091,-0.824,-0.155
2026-04-20T22:30:00Z,-2.664,-0.082,3.681,-0.091,-0.824,0.019
2026-04-20T22:45:00Z,-2.664,-0.062,3.615,-0.091,-0.805,-0.007
2026-04-20T23:00:00Z,-2.698,-0.417,3.631,-0.053,-0.677,-0.215
2026-04-20T23:15:00Z,-2.698,-0.424,3.553,-0.053,-0.678,-0.299
2026-04-20T23:30:00Z,-2.698,-0.37,3.583,-0.053,-0.677,-0.215
2026-04-20T23:45:00Z,-2.698,-0.353,3.517,-0.053,-0.695,-0.282
2026-04-21T00:00:00Z,-2.572,-0.465,3.756,-0.048,-0.802,-0.131
2026-04-21T00:15:00Z,-2.572,-0.467,3.753,-0.048,-0.803,-0.137
2026-04-21T00:30:00Z,-2.572,-0.456,3.766,-0.048,-0.802,-0.112
2026-04-21T00:45:00Z,-2.572,-0.495,3.703,-0.048,-0.736,-0.149
2026-04-21T01:00:00Z,-2.425,-0.67,3.664,-0.219,-0.369,-0.019
2026-04-21T01:15:00Z,-2.425,-0.684,3.532,-0.219,-0.368,-0.165
2026-04-21T01:30:00Z,-2.425,-0.68,3.706,-0.219,-0.369,0.012
2026-04-21T01:45:00Z,-2.425,-0.667,3.257,-0.219,-0.347,-0.402
2026-04-21T02:00:00Z,-2.292,-0.698,3.404,-0.303,-0.211,-0.1
2026-04-21T02:15:00Z,-2.292,-0.698,3.371,-0.303,-0.212,-0.134
2026-04-21T02:30:00Z,-2.292,-0.698,3.258,-0.303,-0.212,-0.247
2026-04-21T02:45:00Z,-2.292,-0.698,3.023,-0.303,-0.141,-0.41
2026-04-21T03:00:00Z,-2.241,-0.698,2.999,-0.328,0.106,-0.162
2026-04-21T03:15:00Z,-2.241,-0.697,3.159,-0.328,0.107,-0.001
2026-04-21T03:30:00Z,-2.241,-0.698,3.169,-0.328,0.106,0.008
2026-04-21T03:45:00Z,-2.241,-0.618,2.822,-0.328,0.141,-0.223
2026-04-21T04:00:00Z,-1.827,-0.155,1.275,0.191,0.73,0.214
2026-04-21T04:15:00Z,-1.827,0.077,0.739,0.191,0.742,-0.077
2026-04-21T04:30:00Z,-1.827,-0.018,0.619,0.191,0.742,-0.293
2026-04-21T04:45:00Z,-1.827,-0.035,0.638,0.191,0.701,-0.332
2026-04-21T05:00:00Z,-1.681,-0.595,1.117,0.381,0.459,-0.319
2026-04-21T05:15:00Z,-1.681,-0.646,1.181,0.381,0.459,-0.305
2026-04-21T05:30:00Z,-1.681,-0.679,1.432,0.381,0.459,-0.088
2026-04-21T05:45:00Z,-1.681,-0.539,1.224,0.381,0.306,-0.309
2026-04-21T06:00:00Z,-2.094,0.039,0.377,0.422,-0.397,-1.652
2026-04-21T06:15:00Z,-2.094,0.124,0.065,0.422,-0.396,-1.879
2026-04-21T06:30:00Z,-2.094,0.079,-0.19,0.422,-0.397,-2.18
2026-04-21T06:45:00Z,-2.094,0.087,-0.186,0.422,-0.497,-2.267
2026-04-21T07:00:00Z,-3.008,0.582,-0.327,0.096,-1.051,-3.708
2026-04-21T07:15:00Z,-3.008,0.328,-0.162,0.096,-1.052,-3.798
2026-04-21T07:30:00Z,-3.008,-0.006,-0.034,0.096,-1.052,-4.004
2026-04-21T07:45:00Z,-3.008,-0.141,-0.073,0.096,-1.062,-4.189
2026-04-21T08:00:00Z,-3.264,-0.476,0.084,-0.364,-1.089,-5.109
2026-04-21T08:15:00Z,-3.264,-0.586,-0.106,-0.364,-1.088,-5.408
2026-04-21T08:30:00Z,-3.264,-0.697,-0.214,-0.364,-1.089,-5.629
2026-04-21T08:45:00Z,-3.264,-0.697,-0.351,-0.364,-1.088,-5.765
2026-04-21T09:00:00Z,-3.331,-0.697,-0.919,-0.434,-1.083,-6.465
2026-04-21T09:15:00Z,-3.331,-0.585,-1.338,-0.434,-1.085,-6.772
2026-04-21T09:30:00Z,-3.331,-0.015,-2.047,-0.434,-1.085,-6.912
2026-04-21T09:45:00Z,-3.331,-0.174,-2.18,-0.434,-1.086,-7.205
2026-04-21T10:00:00Z,-3.5,-0.693,-1.797,-0.435,-1.086,-7.511
2026-04-21T10:15:00Z,-3.5,-0.698,-1.875,-0.435,-1.086,-7.593
2026-04-21T10:30:00Z,-3.5,-0.698,-2.169,-0.435,-1.087,-7.889
2026-04-21T10:45:00Z,-3.5,-0.698,-2,-0.435,-1.086,-7.719
2026-04-21T11:00:00Z,-3.193,-0.699,-2.16,-0.435,-1.085,-7.571
2026-04-21T11:15:00Z,-3.193,-0.697,-2.048,-0.435,-1.085,-7.458
2026-04-21T11:30:00Z,-3.193,-0.697,-2.172,-0.435,-1.087,-7.584
2026-04-21T11:45:00Z,-3.193,-0.698,-2.175,-0.435,-1.086,-7.587
2026-04-21T12:00:00Z,-3.262,-0.696,-2.463,-0.435,-1.084,-7.94
2026-04-21T12:15:00Z,-3.262,-0.696,-2.415,-0.435,-1.086,-7.893
2026-04-21T12:30:00Z,-3.262,-0.698,-2.357,-0.435,-1.083,-7.835
2026-04-21T12:45:00Z,-3.262,-0.696,-2.125,-0.435,-1.086,-7.603
2026-04-21T13:00:00Z,-3.016,-0.696,-2.033,-0.435,-1.084,-7.264
2026-04-21T13:15:00Z,-3.016,-0.698,-2.425,-0.435,-1.086,-7.66
2026-04-21T13:30:00Z,-3.016,-0.699,-2.644,-0.435,-1.085,-7.878
2026-04-21T13:45:00Z,-3.016,-0.696,-2.974,-0.435,-1.083,-8.203
2026-04-21T14:00:00Z,-2.057,-0.697,-2.745,-0.435,-1.074,-7.009
2026-04-21T14:15:00Z,-2.057,-0.696,-2.991,-0.435,-1.074,-7.253
2026-04-21T14:30:00Z,-2.057,-0.697,-3.422,-0.435,-1.074,-7.685
2026-04-21T14:45:00Z,-2.057,-0.695,-2.852,-0.435,-0.966,-7.006
2026-04-21T15:00:00Z,-1.832,-0.671,-2.546,-0.435,-0.341,-5.825
2026-04-21T15:15:00Z,-1.832,-0.633,-1.934,-0.435,-0.341,-5.174
2026-04-21T15:30:00Z,-1.832,-0.601,-1.472,-0.435,-0.341,-4.681
2026-04-21T15:45:00Z,-1.832,-0.626,-0.588,-0.435,-0.353,-3.834
2026-04-21T16:00:00Z,-1.631,-0.698,-0.243,-0.235,-0.436,-3.242
2026-04-21T16:15:00Z,-1.631,-0.698,-0.08,-0.235,-0.436,-3.079
2026-04-21T16:30:00Z,-1.631,-0.698,-0.047,-0.235,-0.437,-3.047
2026-04-21T16:45:00Z,-1.631,-0.698,-0.204,-0.235,-0.412,-3.18
2026-04-21T17:00:00Z,-1.124,-0.698,0.355,0.169,-0.255,-1.554
2026-04-21T17:15:00Z,-1.124,-0.698,0.527,0.169,-0.254,-1.381
2026-04-21T17:30:00Z,-1.124,-0.698,0.323,0.169,-0.254,-1.585
2026-04-21T17:45:00Z,-1.124,-0.698,0.68,0.169,-0.17,-1.144
2026-04-21T18:00:00Z,-0.825,-0.698,0.844,0.421,0.1,-0.157
2026-04-21T18:15:00Z,-0.825,-0.698,1.24,0.421,0.099,0.239
2026-04-21T18:30:00Z,-0.825,-0.698,1.35,0.421,0.1,0.349
2026-04-21T18:45:00Z,-0.825,-0.698,1.421,0.421,0.066,0.386
2026-04-21T19:00:00Z,-0.677,-0.698,1.912,0.221,-0.579,0.179
2026-04-21T19:15:00Z,-0.677,-0.698,1.956,0.221,-0.627,0.174
2026-04-21T19:30:00Z,-0.677,-0.698,2.232,0.221,-0.627,0.451
2026-04-21T19:45:00Z,-0.677,-0.694,2.274,0.221,-0.606,0.517
2026-04-21T20:00:00Z,-1.655,-0.672,1.92,0.384,-0.479,-0.502
2026-04-21T20:15:00Z,-1.655,-0.659,1.926,0.384,-0.48,-0.484
2026-04-21T20:30:00Z,-1.655,-0.625,2.073,0.384,-0.48,-0.302
2026-04-21T20:45:00Z,-1.655,-0.632,2.002,0.384,-0.461,-0.362
2026-04-21T21:00:00Z,-1.97,-0.698,2.343,-0.058,-0.348,-0.731
2026-04-21T21:15:00Z,-1.97,-0.698,2.355,-0.058,-0.348,-0.718
2026-04-21T21:30:00Z,-1.97,-0.698,2.335,-0.058,-0.348,-0.739
2026-04-21T21:45:00Z,-1.97,-0.682,2.498,-0.058,-0.233,-0.445
2026-04-21T22:00:00Z,-1.905,-0.617,2.288,-0.107,0.145,-0.196
2026-04-21T22:15:00Z,-1.905,-0.697,2.339,-0.107,0.145,-0.225
2026-04-21T22:30:00Z,-1.905,-0.698,2.406,-0.107,0.144,-0.16
2026-04-21T22:45:00Z,-1.905,-0.698,2.477,-0.107,0.225,-0.008
2026-04-21T23:00:00Z,-1.781,-0.698,2.179,-0.057,0.668,0.311
2026-04-21T23:15:00Z,-1.781,-0.698,2.174,-0.057,0.67,0.308
2026-04-21T23:30:00Z,-1.781,-0.698,2.195,-0.057,0.669,0.328
2026-04-21T23:45:00Z,-1.781,-0.698,2.256,-0.057,0.652,0.371
2026-04-22T00:00:00Z,-1.319,-0.698,2.173,-0.069,0.539,0.627
2026-04-22T00:15:00Z,-1.319,-0.698,2.166,-0.069,0.538,0.618
2026-04-22T00:30:00Z,-1.319,-0.698,2.322,-0.069,0.538,0.775
2026-04-22T00:45:00Z,-1.319,-0.698,2.61,-0.069,0.517,1.042
2026-04-22T01:00:00Z,-0.896,-0.698,2.604,-0.088,0.373,1.296
2026-04-22T01:15:00Z,-0.896,-0.698,2.534,-0.088,0.373,1.225
2026-04-22T01:30:00Z,-0.896,-0.698,2.517,-0.088,0.373,1.209
2026-04-22T01:45:00Z,-0.896,-0.698,2.643,-0.088,0.414,1.376
2026-04-22T02:00:00Z,-0.845,-0.698,2.914,-0.221,0.658,1.808
2026-04-22T02:15:00Z,-0.845,-0.698,2.741,-0.221,0.657,1.634
2026-04-22T02:30:00Z,-0.845,-0.698,2.358,-0.221,0.657,1.251
2026-04-22T02:45:00Z,-0.845,-0.698,2.345,-0.221,0.682,1.264
2026-04-22T03:00:00Z,-0.561,-0.698,2.064,0.098,0.835,1.738
2026-04-22T03:15:00Z,-0.561,-0.698,1.546,0.098,0.834,1.219
2026-04-22T03:30:00Z,-0.561,-0.698,1.139,0.098,0.835,0.812
2026-04-22T03:45:00Z,-0.561,-0.698,0.897,0.098,0.863,0.598
2026-04-22T04:00:00Z,0.348,-0.698,-0.006,0.385,1.041,1.07
2026-04-22T04:15:00Z,0.348,-0.698,-0.142,0.385,1.04,0.933
2026-04-22T04:30:00Z,0.348,-0.698,0.06,0.385,1.041,1.135
2026-04-22T04:45:00Z,0.348,-0.698,0.02,0.385,0.988,1.042
2026-04-22T05:00:00Z,0.518,-0.698,-0.128,0.286,0.688,0.667
2026-04-22T05:15:00Z,0.518,-0.698,0.052,0.286,0.689,0.847
2026-04-22T05:30:00Z,0.518,-0.698,0.216,0.286,0.689,1.012
2026-04-22T05:45:00Z,0.518,-0.697,0.625,0.286,0.4,1.133
2026-04-22T06:00:00Z,-0.773,-0.588,0.678,0.179,-0.188,-0.693
2026-04-22T06:15:00Z,-0.773,-0.064,-0.036,0.179,-0.188,-0.882
2026-04-22T06:30:00Z,-0.773,-0.073,-0.025,0.179,-0.189,-0.882
2026-04-22T06:45:00Z,-0.773,0.08,-0.066,0.179,-0.323,-0.904
2026-04-22T07:00:00Z,-1.118,0.633,-0.084,-0.016,-1.048,-1.633
2026-04-22T07:15:00Z,-1.118,0.673,0.358,-0.016,-1.05,-1.153
2026-04-22T07:30:00Z,-1.118,0.493,0.376,-0.016,-1.05,-1.315
2026-04-22T07:45:00Z,-1.118,0.099,0.729,-0.016,-1.039,-1.345
2026-04-22T08:00:00Z,-1.232,0.145,0.218,-0.434,-0.968,-2.271
2026-04-22T08:15:00Z,-1.232,0.173,-0.176,-0.434,-0.967,-2.636
2026-04-22T08:30:00Z,-1.232,-0.176,-0.112,-0.434,-0.967,-2.922
2026-04-22T08:45:00Z,-1.232,-0.347,-0.356,-0.434,-0.973,-3.342
2026-04-22T09:00:00Z,-1.491,-0.656,-0.782,-0.435,-1.012,-4.376
2026-04-22T09:15:00Z,-1.491,-0.649,-0.642,-0.435,-1.011,-4.229
2026-04-22T09:30:00Z,-1.491,-0.683,-0.888,-0.435,-1.011,-4.509
2026-04-22T09:45:00Z,-1.491,-0.699,-0.649,-0.435,-1.022,-4.297
2026-04-22T10:00:00Z,-2.721,-0.698,-0.532,-0.386,-1.085,-5.423
2026-04-22T10:15:00Z,-2.721,-0.694,-0.614,-0.386,-1.086,-5.5
2026-04-22T10:30:00Z,-2.721,-0.67,-0.571,-0.386,-1.085,-5.433
2026-04-22T10:45:00Z,-2.721,-0.679,-0.785,-0.386,-1.086,-5.657
2026-04-22T11:00:00Z,-2.611,-0.656,-0.876,-0.435,-1.083,-5.662
2026-04-22T11:15:00Z,-2.611,-0.673,-0.757,-0.435,-1.085,-5.562
2026-04-22T11:30:00Z,-2.611,-0.697,-1.083,-0.435,-1.085,-5.912
2026-04-22T11:45:00Z,-2.611,-0.697,-1.003,-0.435,-1.082,-5.829
2026-04-22T12:00:00Z,-2.343,-0.699,-0.769,-0.435,-1.059,-5.305
2026-04-22T12:15:00Z,-2.343,-0.691,-1.431,-0.435,-1.059,-5.96
2026-04-22T12:30:00Z,-2.343,-0.694,-1.374,-0.435,-1.059,-5.905
2026-04-22T12:45:00Z,-2.343,-0.696,-1.445,-0.435,-1.055,-5.974
2026-04-22T13:00:00Z,-1.477,-0.697,-1.616,-0.434,-1.035,-5.258
2026-04-22T13:15:00Z,-1.477,-0.7,-1.386,-0.434,-1.035,-5.03
2026-04-22T13:30:00Z,-1.477,-0.684,-1.973,-0.434,-1.035,-5.602
2026-04-22T13:45:00Z,-1.477,-0.623,-2.306,-0.434,-0.942,-5.782
2026-04-22T14:00:00Z,-0.36,-0.49,-2.815,-0.428,-0.445,-4.538
2026-04-22T14:15:00Z,-0.36,-0.327,-3.255,-0.428,-0.445,-4.815
2026-04-22T14:30:00Z,-0.36,-0.133,-3.638,-0.428,-0.445,-5.005
2026-04-22T14:45:00Z,-0.36,-0.391,-3.271,-0.428,-0.432,-4.884
2026-04-22T15:00:00Z,-0.449,-0.096,-2.354,-0.435,-0.354,-3.688
2026-04-22T15:15:00Z,-0.449,-0.072,-2.111,-0.435,-0.353,-3.419
2026-04-22T15:30:00Z,-0.449,-0.173,-1.999,-0.435,-0.352,-3.407
2026-04-22T15:45:00Z,-0.449,-0.137,-1.565,-0.435,-0.376,-2.962
2026-04-22T16:00:00Z,-0.694,-0.666,-0.321,-0.354,-0.527,-2.562
2026-04-22T16:15:00Z,-0.694,-0.505,-0.432,-0.354,-0.526,-2.512
2026-04-22T16:30:00Z,-0.694,-0.391,-0.715,-0.354,-0.527,-2.681
2026-04-22T16:45:00Z,-0.694,-0.547,-0.442,-0.354,-0.348,-2.384
2026-04-22T17:00:00Z,-0.794,-0.647,-0.752,0.318,0.37,-1.506
2026-04-22T17:15:00Z,-0.794,-0.418,-1.071,0.318,0.37,-1.595
2026-04-22T17:30:00Z,-0.794,-0.225,-1.256,0.318,0.37,-1.587
2026-04-22T17:45:00Z,-0.794,-0.06,-1.299,0.318,0.464,-1.371
2026-04-22T18:00:00Z,-0.596,-0.045,-1.175,0.423,0.98,-0.413
2026-04-22T18:15:00Z,-0.596,0.036,-0.983,0.423,0.98,-0.14
2026-04-22T18:30:00Z,-0.596,0.205,-0.933,0.423,0.98,0.078
2026-04-22T18:45:00Z,-0.596,0.397,-0.433,0.423,0.499,0.289
2026-04-22T19:00:00Z,-0.194,0.401,0.742,0.371,-0.847,0.472
2026-04-22T19:15:00Z,-0.194,0.193,1.728,0.371,-1.069,1.028
2026-04-22T19:30:00Z,-0.194,0.168,2.205,0.371,-1.069,1.48
2026-04-22T19:45:00Z,-0.194,0.158,2.606,0.371,-1.036,1.905
2026-04-22T20:00:00Z,-1.326,0.066,2.734,0.381,-0.825,1.03
2026-04-22T20:15:00Z,-1.326,0.05,3.025,0.381,-0.824,1.306
2026-04-22T20:30:00Z,-1.326,0.127,3.125,0.381,-0.824,1.483
2026-04-22T20:45:00Z,-1.326,0.205,3.118,0.381,-0.793,1.585
2026-04-22T21:00:00Z,-1.759,0.144,3.523,0.32,-0.594,1.634
2026-04-22T21:15:00Z,-1.759,0.084,3.638,0.32,-0.595,1.688
2026-04-22T21:30:00Z,-1.759,0.119,3.693,0.32,-0.593,1.779
2026-04-22T21:45:00Z,-1.759,0.531,3.116,0.32,-0.372,1.836
2026-04-22T22:00:00Z,-1.792,0.272,2.612,0.364,0.133,1.589
2026-04-22T22:15:00Z,-1.792,0.313,2.364,0.364,0.134,1.382
2026-04-22T22:30:00Z,-1.792,0.296,2.451,0.364,0.133,1.452
2026-04-22T22:45:00Z,-1.792,0.334,2.52,0.364,0.088,1.514
2026-04-22T23:00:00Z,-1.874,0.495,2.75,0.329,-0.148,1.553
2026-04-22T23:15:00Z,-1.874,0.547,2.712,0.329,-0.147,1.568
2026-04-22T23:30:00Z,-1.874,0.409,2.836,0.329,-0.148,1.553
2026-04-22T23:45:00Z,-1.874,0.338,3.034,0.329,-0.099,1.729
2026-04-23T00:00:00Z,-2.266,0.276,2.783,0.336,0.099,1.227
2026-04-23T00:15:00Z,-2.266,0.306,2.776,0.336,0.098,1.249
2026-04-23T00:30:00Z,-2.266,0.266,2.718,0.336,0.098,1.151
2026-04-23T00:45:00Z,-2.266,0.185,2.818,0.336,0.099,1.173
2026-04-23T01:00:00Z,-2.231,0.028,2.961,0.353,0.195,1.306
2026-04-23T01:15:00Z,-2.231,0.009,3.024,0.353,0.195,1.35
2026-04-23T01:30:00Z,-2.231,0.082,2.846,0.353,0.194,1.244
2026-04-23T01:45:00Z,-2.231,0.09,2.782,0.353,0.258,1.252
2026-04-23T02:00:00Z,-2.354,0.102,2.494,0.393,0.624,1.259
2026-04-23T02:15:00Z,-2.354,0.222,2.425,0.393,0.623,1.309
2026-04-23T02:30:00Z,-2.354,0.411,2.481,0.393,0.624,1.555
2026-04-23T02:45:00Z,-2.354,0.521,2.405,0.393,0.638,1.602
2026-04-23T03:00:00Z,-2.441,0.621,2.419,0.401,0.73,1.729
2026-04-23T03:15:00Z,-2.441,0.587,2.358,0.401,0.73,1.635
2026-04-23T03:30:00Z,-2.441,0.557,2.428,0.401,0.73,1.675
2026-04-23T03:45:00Z,-2.441,0.673,2.255,0.401,0.772,1.661
2026-04-23T04:00:00Z,-2.383,0.589,2.171,0.422,1.021,1.819
2026-04-23T04:15:00Z,-2.383,0.512,2.102,0.422,1.021,1.674
2026-04-23T04:30:00Z,-2.383,0.578,2.339,0.422,1.02,1.976
2026-04-23T04:45:00Z,-2.383,0.523,2.218,0.422,0.99,1.77
2026-04-23T05:00:00Z,-2.243,0.456,2.308,0.422,0.798,1.741
2026-04-23T05:15:00Z,-2.243,0.472,2.558,0.422,0.798,2.008
2026-04-23T05:30:00Z,-2.243,0.472,2.672,0.422,0.799,2.122
2026-04-23T05:45:00Z,-2.243,0.304,2.919,0.422,0.437,1.838
2026-04-23T06:00:00Z,-2.146,0.654,2.937,0.423,-0.78,1.087
2026-04-23T06:15:00Z,-2.146,0.7,3.001,0.423,-0.928,1.049
2026-04-23T06:30:00Z,-2.146,0.68,3.123,0.423,-0.929,1.15
2026-04-23T06:45:00Z,-2.146,0.511,3.349,0.423,-0.952,1.184
2026-04-23T07:00:00Z,-1.949,0.663,3.083,-0.02,-1.095,0.683
2026-04-23T07:15:00Z,-1.949,0.552,3.246,-0.02,-1.094,0.736
2026-04-23T07:30:00Z,-1.949,0.437,3.323,-0.02,-1.093,0.698
2026-04-23T07:45:00Z,-1.949,0.179,3.796,-0.02,-1.093,0.913
2026-04-23T08:00:00Z,-1.487,-0.146,2.859,-0.435,-1.087,-0.296
2026-04-23T08:15:00Z,-1.487,-0.682,2.69,-0.435,-1.088,-1.003
2026-04-23T08:30:00Z,-1.487,-0.697,2.22,-0.435,-1.088,-1.488
2026-04-23T08:45:00Z,-1.487,-0.697,2.251,-0.435,-1.088,-1.457
2026-04-23T09:00:00Z,-3.227,-0.698,2.506,-0.435,-1.087,-2.942
2026-04-23T09:15:00Z,-3.227,-0.697,2.473,-0.435,-1.087,-2.973
2026-04-23T09:30:00Z,-3.227,-0.698,1.837,-0.435,-1.087,-3.611
2026-04-23T09:45:00Z,-3.227,-0.698,1.621,-0.435,-1.086,-3.826
2026-04-23T10:00:00Z,-2.707,-0.699,1.008,-0.435,-1.085,-3.918
2026-04-23T10:15:00Z,-2.707,-0.696,0.823,-0.435,-1.085,-4.101
2026-04-23T10:30:00Z,-2.707,-0.7,0.59,-0.435,-1.085,-4.337
2026-04-23T10:45:00Z,-2.707,-0.698,0.239,-0.435,-1.085,-4.687
2026-04-23T11:00:00Z,-2.091,-0.695,-0.412,-0.435,-1.085,-4.719
2026-04-23T11:15:00Z,-2.091,-0.699,-0.502,-0.435,-1.084,-4.812
2026-04-23T11:30:00Z,-2.091,-0.698,-0.273,-0.435,-1.086,-4.583
2026-04-23T11:45:00Z,-2.091,-0.697,-0.133,-0.435,-1.085,-4.441
2026-04-23T12:00:00Z,-2.356,-0.698,0.178,-0.435,-1.085,-4.396
2026-04-23T12:15:00Z,-2.356,-0.698,-0.156,-0.435,-1.085,-4.73
2026-04-23T12:30:00Z,-2.356,-0.698,-0.466,-0.435,-1.085,-5.04
2026-04-23T12:45:00Z,-2.356,-0.697,-0.656,-0.435,-1.085,-5.229
2026-04-23T13:00:00Z,-2.312,-0.698,-0.016,-0.435,-1.085,-4.548
2026-04-23T13:15:00Z,-2.312,-0.696,-0.382,-0.435,-1.085,-4.911
2026-04-23T13:30:00Z,-2.312,-0.698,-0.401,-0.435,-1.085,-4.932
2026-04-23T13:45:00Z,-2.312,-0.699,-0.289,-0.435,-1.085,-4.821
2026-04-23T14:00:00Z,-2.296,-0.698,0.6,-0.435,-1.082,-3.911
2026-04-23T14:15:00Z,-2.296,-0.697,0.443,-0.435,-1.081,-4.066
2026-04-23T14:30:00Z,-2.296,-0.687,0.174,-0.435,-1.081,-4.325
2026-04-23T14:45:00Z,-2.296,-0.648,0.636,-0.435,-1.081,-3.824
2026-04-23T15:00:00Z,-2.312,-0.382,1.378,-0.34,-1.082,-2.737
2026-04-23T15:15:00Z,-2.312,0.195,1.192,-0.34,-1.081,-2.346
2026-04-23T15:30:00Z,-2.312,0.652,1.777,-0.34,-1.081,-1.305
2026-04-23T15:45:00Z,-2.312,0.7,1.929,-0.34,-1.082,-1.105
2026-04-23T16:00:00Z,-3.054,0.7,1.898,0.183,-1.082,-1.355
2026-04-23T16:15:00Z,-3.054,0.7,2.131,0.183,-1.082,-1.122
2026-04-23T16:30:00Z,-3.054,0.691,1.858,0.183,-1.083,-1.405
2026-04-23T16:45:00Z,-3.054,0.55,1.783,0.183,-1.083,-1.62
2026-04-23T17:00:00Z,-2.381,-0.026,2.507,0.372,-0.84,-0.368
2026-04-23T17:15:00Z,-2.381,0.104,2.349,0.372,-0.839,-0.395
2026-04-23T17:30:00Z,-2.381,0.433,2.074,0.372,-0.839,-0.341
2026-04-23T17:45:00Z,-2.381,0.57,1.787,0.372,-0.457,-0.11
2026-04-23T18:00:00Z,-2.021,0.047,2.312,0.423,0.102,0.864
2026-04-23T18:15:00Z,-2.021,0.171,2.284,0.423,0.101,0.958
2026-04-23T18:30:00Z,-2.021,0.493,2.226,0.423,0.102,1.221
2026-04-23T18:45:00Z,-2.021,0.682,2.326,0.423,0.068,1.478
2026-04-23T19:00:00Z,-2.308,0.7,2.276,0.423,-0.105,0.986
2026-04-23T19:15:00Z,-2.308,0.7,2.363,0.423,-0.104,1.073
2026-04-23T19:30:00Z,-2.308,0.7,2.38,0.423,-0.105,1.09
2026-04-23T19:45:00Z,-2.308,0.7,2.448,0.423,-0.104,1.159
2026-04-23T20:00:00Z,-2.952,0.7,2.81,0.423,-0.439,0.542
2026-04-23T20:15:00Z,-2.952,0.7,2.983,0.423,-0.438,0.716
2026-04-23T20:30:00Z,-2.952,0.7,3.03,0.423,-0.439,0.763
2026-04-23T20:45:00Z,-2.952,0.7,3.185,0.423,-0.398,0.958
2026-04-23T21:00:00Z,-3.072,0.7,2.846,0.422,-0.156,0.74
2026-04-23T21:15:00Z,-3.072,0.7,2.974,0.422,-0.157,0.867
2026-04-23T21:30:00Z,-3.072,0.7,3.125,0.422,-0.156,1.019
2026-04-23T21:45:00Z,-3.072,0.7,3.156,0.422,-0.267,0.939
2026-04-23T22:00:00Z,-2.57,0.698,3.766,0.422,-0.944,1.372
2026-04-23T22:15:00Z,-2.57,0.676,3.961,0.422,-0.946,1.543
2026-04-23T22:30:00Z,-2.57,0.697,3.979,0.422,-0.946,1.581
2026-04-23T22:45:00Z,-2.57,0.7,4.173,0.422,-0.946,1.779
2026-04-23T23:00:00Z,-2.679,0.7,4.012,0.423,-0.945,1.511
2026-04-23T23:15:00Z,-2.679,0.7,3.942,0.423,-0.945,1.44
2026-04-23T23:30:00Z,-2.679,0.7,4.048,0.423,-0.945,1.546
2026-04-23T23:45:00Z,-2.679,0.683,3.971,0.423,-0.958,1.441
2026-04-24T00:00:00Z,-2.566,0.526,4.192,0.421,-1.036,1.536
2026-04-24T00:15:00Z,-2.566,0.428,4.203,0.421,-1.036,1.45
2026-04-24T00:30:00Z,-2.566,0.474,4.15,0.421,-1.036,1.443
2026-04-24T00:45:00Z,-2.566,0.465,4.146,0.421,-1.025,1.441
2026-04-24T01:00:00Z,-2.585,0.673,3.748,0.423,-0.95,1.308
2026-04-24T01:15:00Z,-2.585,0.693,3.724,0.423,-0.95,1.305
2026-04-24T01:30:00Z,-2.585,0.639,3.702,0.423,-0.949,1.229
2026-04-24T01:45:00Z,-2.585,0.591,3.593,0.423,-0.942,1.08
2026-04-24T02:00:00Z,-2.48,0.686,3.432,0.422,-0.893,1.167
2026-04-24T02:15:00Z,-2.48,0.699,3.549,0.422,-0.893,1.297
2026-04-24T02:30:00Z,-2.48,0.699,3.467,0.422,-0.893,1.215
2026-04-24T02:45:00Z,-2.48,0.699,3.124,0.422,-0.669,1.095
2026-04-24T03:00:00Z,-2.356,0.696,2.817,0.415,-0.105,1.467
2026-04-24T03:15:00Z,-2.356,0.698,2.594,0.415,-0.104,1.247
2026-04-24T03:30:00Z,-2.356,0.699,2.558,0.415,-0.105,1.211
2026-04-24T03:45:00Z,-2.356,0.686,2.641,0.415,-0.07,1.316
2026-04-24T04:00:00Z,-2.023,0.578,2.459,0.382,0.515,1.911
2026-04-24T04:15:00Z,-2.023,0.683,2.021,0.382,0.535,1.597
2026-04-24T04:30:00Z,-2.023,0.678,1.882,0.382,0.535,1.454
2026-04-24T04:45:00Z,-2.023,0.67,1.877,0.382,0.472,1.378
2026-04-24T05:00:00Z,-1.578,0.697,1.968,0.423,0.117,1.626
2026-04-24T05:15:00Z,-1.578,0.697,2.112,0.423,0.116,1.77
2026-04-24T05:30:00Z,-1.578,0.664,2.098,0.423,0.117,1.724
2026-04-24T05:45:00Z,-1.578,0.695,2.228,0.423,0.078,1.846
2026-04-24T06:00:00Z,-1.701,0.7,2.48,0.423,-0.716,1.185
2026-04-24T06:15:00Z,-1.701,0.7,2.393,0.423,-0.832,0.981
2026-04-24T06:30:00Z,-1.701,0.7,2.207,0.423,-0.831,0.796
2026-04-24T06:45:00Z,-1.701,0.7,2.141,0.423,-0.832,0.73
2026-04-24T07:00:00Z,-1.27,0.7,1.82,0.256,-1.04,0.467
2026-04-24T07:15:00Z,-1.27,0.7,1.747,0.256,-1.04,0.394
2026-04-24T07:30:00Z,-1.27,0.7,1.961,0.256,-1.04,0.608
2026-04-24T07:45:00Z,-1.27,0.682,1.955,0.256,-1.045,0.579
2026-04-24T08:00:00Z,-1.092,0.501,2.145,-0.367,-1.083,0.105
2026-04-24T08:15:00Z,-1.092,0.245,2.056,-0.367,-1.083,-0.241
2026-04-24T08:30:00Z,-1.092,-0.459,2.887,-0.367,-1.082,-0.113
2026-04-24T08:45:00Z,-1.092,-0.696,2.711,-0.367,-1.083,-0.528
2026-04-24T09:00:00Z,-2.248,-0.69,1.13,-0.435,-1.083,-3.326
2026-04-24T09:15:00Z,-2.248,-0.697,0.806,-0.435,-1.082,-3.657
2026-04-24T09:30:00Z,-2.248,-0.697,0.705,-0.435,-1.083,-3.758
2026-04-24T09:45:00Z,-2.248,-0.697,1.127,-0.435,-1.083,-3.336
2026-04-24T10:00:00Z,-2.626,-0.697,0.504,-0.435,-1.085,-4.34
2026-04-24T10:15:00Z,-2.626,-0.696,0.169,-0.435,-1.085,-4.674
2026-04-24T10:30:00Z,-2.626,-0.696,-0.21,-0.435,-1.085,-5.052
2026-04-24T10:45:00Z,-2.626,-0.696,-0.37,-0.435,-1.085,-5.213
2026-04-24T11:00:00Z,-2.116,-0.696,-0.984,-0.435,-1.084,-5.315
2026-04-24T11:15:00Z,-2.116,-0.697,-1.123,-0.435,-1.085,-5.456
2026-04-24T11:30:00Z,-2.116,-0.697,-0.943,-0.435,-1.084,-5.275
2026-04-24T11:45:00Z,-2.116,-0.689,-1.119,-0.435,-1.085,-5.444
2026-04-24T12:00:00Z,-2.406,-0.674,-0.809,-0.435,-1.085,-5.408
2026-04-24T12:15:00Z,-2.406,-0.697,-0.977,-0.435,-1.085,-5.6
2026-04-24T12:30:00Z,-2.406,-0.693,-1.301,-0.435,-1.084,-5.92
2026-04-24T12:45:00Z,-2.406,-0.666,-1.223,-0.435,-1.085,-5.814
2026-04-24T13:00:00Z,-2.38,-0.696,-0.303,-0.435,-1.085,-4.9
2026-04-24T13:15:00Z,-2.38,-0.688,-0.324,-0.435,-1.084,-4.912
2026-04-24T13:30:00Z,-2.38,-0.694,-0.579,-0.435,-1.084,-5.171
2026-04-24T13:45:00Z,-2.38,-0.685,-0.523,-0.435,-1.085,-5.108
2026-04-24T14:00:00Z,-2.353,-0.688,0.235,-0.436,-1.081,-4.323
2026-04-24T14:15:00Z,-2.353,-0.633,0.677,-0.436,-1.081,-3.825
2026-04-24T14:30:00Z,-2.353,-0.563,0.386,-0.436,-1.081,-4.046
2026-04-24T14:45:00Z,-2.353,-0.254,1.053,-0.436,-1.082,-3.072
2026-04-24T15:00:00Z,-2.731,-0.193,1.913,-0.312,-1.081,-2.404
2026-04-24T15:15:00Z,-2.731,0.351,2.065,-0.312,-1.081,-1.708
2026-04-24T15:30:00Z,-2.731,0.669,1.946,-0.312,-1.081,-1.509
2026-04-24T15:45:00Z,-2.731,0.632,2.092,-0.312,-1.082,-1.4
2026-04-24T16:00:00Z,-2.933,0.013,2.902,0.084,-1.077,-1.011
2026-04-24T16:15:00Z,-2.933,-0.442,3.406,0.084,-1.078,-0.963
2026-04-24T16:30:00Z,-2.933,-0.132,3.142,0.084,-1.078,-0.917
2026-04-24T16:45:00Z,-2.933,0.084,2.582,0.084,-0.922,-1.105
2026-04-24T17:00:00Z,-2.588,-0.126,1.872,0.42,-0.109,-0.531
2026-04-24T17:15:00Z,-2.588,-0.108,1.752,0.42,-0.104,-0.629
2026-04-24T17:30:00Z,-2.588,0.215,1.365,0.42,-0.105,-0.693
2026-04-24T17:45:00Z,-2.588,0.645,1.205,0.42,-0.069,-0.388
2026-04-24T18:00:00Z,-1.504,0.632,1.23,0.423,0.473,1.253
2026-04-24T18:15:00Z,-1.504,0.691,1.043,0.423,0.477,1.13
2026-04-24T18:30:00Z,-1.504,0.7,0.918,0.423,0.478,1.014
2026-04-24T18:45:00Z,-1.504,0.7,1.049,0.423,0.318,0.985
2026-04-24T19:00:00Z,-0.371,0.7,1.083,0.423,-0.603,1.231
2026-04-24T19:15:00Z,-0.371,0.7,1.068,0.423,-0.659,1.16
2026-04-24T19:30:00Z,-0.371,0.7,1.418,0.423,-0.659,1.51
2026-04-24T19:45:00Z,-0.371,0.7,1.72,0.423,-0.723,1.749
2026-04-24T20:00:00Z,-1.919,0.7,3.201,0.423,-1.085,1.32
2026-04-24T20:15:00Z,-1.919,0.7,3.445,0.423,-1.085,1.564
2026-04-24T20:30:00Z,-1.919,0.7,3.54,0.423,-1.086,1.657
2026-04-24T20:45:00Z,-1.919,0.7,3.532,0.423,-1.085,1.65
2026-04-24T21:00:00Z,-2.815,0.7,3.984,0.422,-1.081,1.211
2026-04-24T21:15:00Z,-2.815,0.7,3.935,0.422,-1.081,1.162
2026-04-24T21:30:00Z,-2.815,0.684,4.009,0.422,-1.081,1.22
2026-04-24T21:45:00Z,-2.815,0.552,4.33,0.422,-1.06,1.429
2026-04-24T22:00:00Z,-2.708,0.682,4.289,0.422,-0.934,1.751
2026-04-24T22:15:00Z,-2.708,0.7,4.242,0.422,-0.934,1.723
2026-04-24T22:30:00Z,-2.708,0.695,4.045,0.422,-0.934,1.521
2026-04-24T22:45:00Z,-2.708,0.651,4.074,0.422,-0.945,1.494
2026-04-24T23:00:00Z,-2.386,0.694,3.931,0.422,-1.022,1.64
2026-04-24T23:15:00Z,-2.386,0.7,4.055,0.422,-1.021,1.771
2026-04-24T23:30:00Z,-2.386,0.7,4.154,0.422,-1.021,1.87
2026-04-24T23:45:00Z,-2.386,0.7,4.139,0.422,-1.022,1.853
2026-04-25T00:00:00Z,-2.539,0.7,4.252,0.423,-1.024,1.811
2026-04-25T00:15:00Z,-2.539,0.7,4.604,0.423,-1.025,2.163
2026-04-25T00:30:00Z,-2.539,0.7,4.549,0.423,-1.024,2.108
2026-04-25T00:45:00Z,-2.539,0.7,4.509,0.423,-1.024,2.068
2026-04-25T01:00:00Z,-1.765,0.7,4.02,0.423,-1.024,2.353
2026-04-25T01:15:00Z,-1.765,0.7,4.03,0.423,-1.024,2.363
2026-04-25T01:30:00Z,-1.765,0.7,3.74,0.423,-1.024,2.073
2026-04-25T01:45:00Z,-1.765,0.7,3.703,0.423,-1.011,2.049
2026-04-25T02:00:00Z,-2.72,0.7,4.246,0.422,-0.927,1.722
2026-04-25T02:15:00Z,-2.72,0.7,4.183,0.422,-0.927,1.658
2026-04-25T02:30:00Z,-2.72,0.7,4.266,0.422,-0.928,1.74
2026-04-25T02:45:00Z,-2.72,0.7,4.554,0.422,-0.885,2.071
2026-04-25T03:00:00Z,-3.058,0.7,4.369,0.422,-0.632,1.802
2026-04-25T03:15:00Z,-3.058,0.7,4.373,0.422,-0.632,1.806
2026-04-25T03:30:00Z,-3.058,0.7,4.346,0.422,-0.632,1.779
2026-04-25T03:45:00Z,-3.058,0.7,4.361,0.422,-0.542,1.884
2026-04-25T04:00:00Z,-2.913,0.7,3.748,0.423,-0.122,1.835
2026-04-25T04:15:00Z,-2.913,0.7,3.555,0.423,-0.122,1.642
2026-04-25T04:30:00Z,-2.913,0.7,3.568,0.423,-0.122,1.655
2026-04-25T04:45:00Z,-2.913,0.7,3.125,0.423,-0.187,1.147
2026-04-25T05:00:00Z,-2.185,0.7,3.842,0.423,-0.639,2.141
2026-04-25T05:15:00Z,-2.185,0.7,3.824,0.423,-0.639,2.122
2026-04-25T05:30:00Z,-2.185,0.7,3.549,0.423,-0.639,1.848
2026-04-25T05:45:00Z,-2.185,0.7,3.541,0.423,-0.66,1.818
2026-04-25T06:00:00Z,-1.826,0.7,3.149,0.422,-0.789,1.656
2026-04-25T06:15:00Z,-1.826,0.7,3.443,0.422,-0.789,1.95
2026-04-25T06:30:00Z,-1.826,0.7,3.6,0.422,-0.789,2.108
2026-04-25T06:45:00Z,-1.826,0.7,3.51,0.422,-0.821,1.985
2026-04-25T07:00:00Z,-2.332,0.7,3.747,0.375,-1.024,1.466
2026-04-25T07:15:00Z,-2.332,0.7,3.665,0.375,-1.025,1.383
2026-04-25T07:30:00Z,-2.332,0.7,3.634,0.375,-1.024,1.353
2026-04-25T07:45:00Z,-2.332,0.7,3.424,0.375,-1.025,1.142
2026-04-25T08:00:00Z,-2.883,0.667,2.57,0.07,-1.025,-0.601
2026-04-25T08:15:00Z,-2.883,0.317,2.822,0.07,-1.025,-0.698
2026-04-25T08:30:00Z,-2.883,-0.254,2.403,0.07,-1.025,-1.688
2026-04-25T08:45:00Z,-2.883,-0.476,1.821,0.07,-1.025,-2.494
2026-04-25T09:00:00Z,-1.681,-0.621,1.804,-0.434,-1.026,-1.958
2026-04-25T09:15:00Z,-1.681,-0.697,1.594,-0.434,-1.025,-2.244
2026-04-25T09:30:00Z,-1.681,-0.699,1.438,-0.434,-1.025,-2.401
2026-04-25T09:45:00Z,-1.681,-0.698,1.02,-0.434,-1.025,-2.818
2026-04-25T10:00:00Z,-1.494,-0.7,0.976,-0.435,-1.025,-2.678
2026-04-25T10:15:00Z,-1.494,-0.698,0.912,-0.435,-1.025,-2.74
2026-04-25T10:30:00Z,-1.494,-0.698,0.637,-0.435,-1.025,-3.015
2026-04-25T10:45:00Z,-1.494,-0.698,0.63,-0.435,-1.024,-3.021
2026-04-25T11:00:00Z,-1.261,-0.699,0.563,-0.435,-1.025,-2.857
2026-04-25T11:15:00Z,-1.261,-0.698,0.416,-0.435,-1.024,-3.003
2026-04-25T11:30:00Z,-1.261,-0.697,0.36,-0.435,-1.026,-3.059
2026-04-25T11:45:00Z,-1.261,-0.699,0.406,-0.435,-1.025,-3.015
2026-04-25T12:00:00Z,-1.044,-0.698,0.578,-0.435,-1.026,-2.626
2026-04-25T12:15:00Z,-1.044,-0.697,0.57,-0.435,-1.025,-2.632
2026-04-25T12:30:00Z,-1.044,-0.696,0.699,-0.435,-1.025,-2.502
2026-04-25T12:45:00Z,-1.044,-0.698,0.508,-0.435,-1.025,-2.694
2026-04-25T13:00:00Z,-1.107,-0.698,0.425,-0.435,-1.026,-2.841
2026-04-25T13:15:00Z,-1.107,-0.699,0.378,-0.435,-1.025,-2.889
2026-04-25T13:30:00Z,-1.107,-0.698,0.327,-0.435,-1.026,-2.94
2026-04-25T13:45:00Z,-1.107,-0.699,0.376,-0.435,-1.025,-2.89
2026-04-25T14:00:00Z,-1.028,-0.697,0.862,-0.426,-1.025,-2.315
2026-04-25T14:15:00Z,-1.028,-0.698,1.087,-0.426,-1.025,-2.09
2026-04-25T14:30:00Z,-1.028,-0.697,1.367,-0.426,-1.025,-1.809
2026-04-25T14:45:00Z,-1.028,-0.696,1.801,-0.426,-1.025,-1.375
2026-04-25T15:00:00Z,-1.956,-0.655,1.965,0.061,-1.025,-1.611
2026-04-25T15:15:00Z,-1.956,-0.404,2.255,0.061,-1.025,-1.07
2026-04-25T15:30:00Z,-1.956,0.037,2.194,0.061,-1.026,-0.69
2026-04-25T15:45:00Z,-1.956,0.446,1.855,0.061,-1.025,-0.619
2026-04-25T16:00:00Z,-2.489,0.676,2.751,0.374,-1.026,0.286
2026-04-25T16:15:00Z,-2.489,0.7,2.736,0.374,-1.026,0.294
2026-04-25T16:30:00Z,-2.489,0.7,2.866,0.374,-1.026,0.425
2026-04-25T16:45:00Z,-2.489,0.7,2.662,0.374,-0.964,0.283
2026-04-25T17:00:00Z,-2.907,0.7,2.673,0.422,-0.555,0.334
2026-04-25T17:15:00Z,-2.907,0.7,2.535,0.422,-0.555,0.196
2026-04-25T17:30:00Z,-2.907,0.7,2.493,0.422,-0.555,0.154
2026-04-25T17:45:00Z,-2.907,0.7,2.598,0.422,-0.525,0.289
2026-04-25T18:00:00Z,-2.478,0.7,2.954,0.423,-0.333,1.265
2026-04-25T18:15:00Z,-2.478,0.7,2.794,0.423,-0.333,1.107
2026-04-25T18:30:00Z,-2.478,0.7,2.716,0.423,-0.333,1.028
2026-04-25T18:45:00Z,-2.478,0.7,2.64,0.423,-0.327,0.958
2026-04-25T19:00:00Z,-2.072,0.7,2.633,0.423,-0.286,1.398
2026-04-25T19:15:00Z,-2.072,0.7,2.537,0.423,-0.286,1.301
2026-04-25T19:30:00Z,-2.072,0.7,2.57,0.423,-0.286,1.335
2026-04-25T19:45:00Z,-2.072,0.7,2.54,0.423,-0.309,1.282
2026-04-25T20:00:00Z,-2.54,0.7,2.568,0.423,-0.445,0.706
2026-04-25T20:15:00Z,-2.54,0.7,2.754,0.423,-0.445,0.893
2026-04-25T20:30:00Z,-2.54,0.7,3.034,0.423,-0.444,1.173
2026-04-25T20:45:00Z,-2.54,0.7,3.011,0.423,-0.436,1.158
2026-04-25T21:00:00Z,-2.525,0.7,2.694,0.422,-0.382,0.909
2026-04-25T21:15:00Z,-2.525,0.7,2.519,0.422,-0.382,0.735
2026-04-25T21:30:00Z,-2.525,0.7,2.608,0.422,-0.382,0.823
2026-04-25T21:45:00Z,-2.525,0.7,2.326,0.422,-0.376,0.548
2026-04-25T22:00:00Z,-1.877,0.7,2.258,0.418,-0.341,1.159
2026-04-25T22:15:00Z,-1.877,0.7,2.867,0.418,-0.341,1.767
2026-04-25T22:30:00Z,-1.877,0.7,3.084,0.418,-0.341,1.985
2026-04-25T22:45:00Z,-1.877,0.7,2.928,0.418,-0.352,1.818
2026-04-25T23:00:00Z,-1.074,0.7,2.839,0.37,-0.422,2.414
2026-04-25T23:15:00Z,-1.074,0.7,2.835,0.37,-0.423,2.409
2026-04-25T23:30:00Z,-1.074,0.7,3.03,0.37,-0.422,2.605
2026-04-25T23:45:00Z,-1.074,0.7,2.857,0.37,-0.425,2.428
2026-04-26T00:00:00Z,-0.142,0.7,2.773,0.369,-0.446,3.253
2026-04-26T00:15:00Z,-0.142,0.7,2.689,0.369,-0.446,3.17
2026-04-26T00:30:00Z,-0.142,0.7,2.55,0.369,-0.446,3.032
2026-04-26T00:45:00Z,-0.142,0.7,2.265,0.369,-0.452,2.74
2026-04-26T01:00:00Z,0.337,0.7,1.506,0.421,-0.492,2.472
2026-04-26T01:15:00Z,0.337,0.7,1.376,0.421,-0.492,2.341
2026-04-26T01:30:00Z,0.337,0.7,1.323,0.421,-0.491,2.289
2026-04-26T01:45:00Z,0.337,0.7,1.265,0.421,-0.509,2.213
2026-04-26T02:00:00Z,0.791,0.7,0.969,0.414,-0.615,2.259
2026-04-26T02:15:00Z,0.791,0.7,0.898,0.414,-0.616,2.188
2026-04-26T02:30:00Z,0.791,0.7,0.858,0.414,-0.615,2.149
2026-04-26T02:45:00Z,0.791,0.7,0.946,0.414,-0.614,2.237
2026-04-26T03:00:00Z,1.019,0.7,0.993,0.422,-0.606,2.528
2026-04-26T03:15:00Z,1.019,0.7,0.885,0.422,-0.606,2.421
2026-04-26T03:30:00Z,1.019,0.7,0.953,0.422,-0.606,2.489
2026-04-26T03:45:00Z,1.019,0.7,0.883,0.422,-0.538,2.486
2026-04-26T04:00:00Z,1.21,0.7,0.329,0.422,-0.161,2.5
2026-04-26T04:15:00Z,1.21,0.7,0.072,0.422,-0.16,2.245
2026-04-26T04:30:00Z,1.21,0.7,-0.003,0.422,-0.161,2.168
2026-04-26T04:45:00Z,1.21,0.7,-0.077,0.422,-0.22,2.035
2026-04-26T05:00:00Z,1.072,0.7,0.254,0.411,-0.557,1.879
2026-04-26T05:15:00Z,1.072,0.7,0.357,0.411,-0.557,1.983
2026-04-26T05:30:00Z,1.072,0.7,0.358,0.411,-0.557,1.984
2026-04-26T05:45:00Z,1.072,0.696,0.242,0.411,-0.638,1.783
2026-04-26T06:00:00Z,0.764,0.65,0.28,0.169,-1.025,0.838
2026-04-26T06:15:00Z,0.764,0.578,0.01,0.169,-1.025,0.496
2026-04-26T06:30:00Z,0.764,0.44,0.34,0.169,-1.026,0.687
2026-04-26T06:45:00Z,0.764,-0.125,0.987,0.169,-1.024,0.771
2026-04-26T07:00:00Z,0.251,-0.676,1.574,-0.434,-1.024,-0.311
2026-04-26T07:15:00Z,0.251,-0.697,1.33,-0.434,-1.024,-0.576
2026-04-26T07:30:00Z,0.251,-0.698,1.988,-0.434,-1.025,0.081
2026-04-26T07:45:00Z,0.251,-0.697,1.463,-0.434,-1.024,-0.443
2026-04-26T08:00:00Z,-0.404,-0.699,1.204,-0.435,-1.025,-1.359
2026-04-26T08:15:00Z,-0.404,-0.698,1.094,-0.435,-1.025,-1.469
2026-04-26T08:30:00Z,-0.404,-0.698,1.066,-0.435,-1.025,-1.496
2026-04-26T08:45:00Z,-0.404,-0.698,0.872,-0.435,-1.025,-1.69
2026-04-26T09:00:00Z,-0.44,-0.698,0.86,-0.435,-1.024,-1.737
2026-04-26T09:15:00Z,-0.44,-0.697,0.444,-0.435,-1.025,-2.153
2026-04-26T09:30:00Z,-0.44,-0.696,0.248,-0.435,-1.025,-2.349
2026-04-26T09:45:00Z,-0.44,-0.698,0.262,-0.435,-1.025,-2.335
2026-04-26T10:00:00Z,-0.439,-0.698,0.628,-0.436,-1.025,-1.969
2026-04-26T10:15:00Z,-0.439,-0.697,0.349,-0.436,-1.024,-2.245
2026-04-26T10:30:00Z,-0.439,-0.698,0.098,-0.436,-1.025,-2.499
2026-04-26T10:45:00Z,-0.439,-0.698,-0.064,-0.436,-1.025,-2.661
2026-04-26T11:00:00Z,0.14,-0.698,-0.071,-0.435,-1.025,-2.088
2026-04-26T11:15:00Z,0.14,-0.697,-0.301,-0.435,-1.025,-2.317
2026-04-26T11:30:00Z,0.14,-0.701,-0.582,-0.435,-1.025,-2.603
2026-04-26T11:45:00Z,0.14,-0.699,-0.581,-0.435,-1.025,-2.6
2026-04-26T12:00:00Z,0.425,-0.697,-0.698,-0.435,-1.025,-2.43
2026-04-26T12:15:00Z,0.425,-0.698,-0.81,-0.435,-1.025,-2.543
2026-04-26T12:30:00Z,0.425,-0.699,-0.889,-0.435,-1.025,-2.623
2026-04-26T12:45:00Z,0.425,-0.698,-0.857,-0.435,-1.025,-2.591
2026-04-26T13:00:00Z,0.611,-0.698,-0.829,-0.435,-1.025,-2.376
2026-04-26T13:15:00Z,0.611,-0.699,-0.848,-0.435,-1.025,-2.397
2026-04-26T13:30:00Z,0.611,-0.699,-0.868,-0.435,-1.025,-2.416
2026-04-26T13:45:00Z,0.611,-0.698,-0.686,-0.435,-1.025,-2.233
2026-04-26T14:00:00Z,0.235,-0.697,-0.385,-0.435,-1.025,-2.307
2026-04-26T14:15:00Z,0.235,-0.69,-0.327,-0.435,-1.025,-2.243
2026-04-26T14:30:00Z,0.235,-0.67,-0.133,-0.435,-1.025,-2.028
2026-04-26T14:45:00Z,0.235,-0.657,-0.2,-0.435,-1.026,-2.083
2026-04-26T15:00:00Z,-0.336,-0.599,1.054,-0.333,-1.025,-1.24
2026-04-26T15:15:00Z,-0.336,-0.463,0.735,-0.333,-1.026,-1.424
2026-04-26T15:30:00Z,-0.336,0.037,-0.617,-0.333,-1.025,-2.275
2026-04-26T15:45:00Z,-0.336,0.54,-1.402,-0.333,-1.024,-2.557
2026-04-26T16:00:00Z,-0.094,0.6,-1.392,0.1,-1.024,-1.81
2026-04-26T16:15:00Z,-0.094,0.517,-1.938,0.1,-1.025,-2.439
2026-04-26T16:30:00Z,-0.094,0.438,-2.25,0.1,-1.025,-2.83
2026-04-26T16:45:00Z,-0.094,0.42,-2.266,0.1,-0.935,-2.774
2026-04-26T17:00:00Z,0.066,0.451,-3.372,0.407,-0.448,-2.896
2026-04-26T17:15:00Z,0.066,0.495,-3.431,0.407,-0.449,-2.911
2026-04-26T17:30:00Z,0.066,0.482,-3.39,0.407,-0.448,-2.884
2026-04-26T17:45:00Z,0.066,0.492,-3.095,0.407,-0.341,-2.47
2026-04-26T18:00:00Z,-0.725,0.593,-1.98,0.422,-0.105,-1.795
2026-04-26T18:15:00Z,-0.725,0.636,-1.694,0.422,-0.104,-1.466
2026-04-26T18:30:00Z,-0.725,0.629,-1.725,0.422,-0.105,-1.503
2026-04-26T18:45:00Z,-0.725,0.644,-1.576,0.422,-0.104,-1.34
2026-04-26T19:00:00Z,-0.171,0.652,-1.848,0.422,-0.241,-1.185
2026-04-26T19:15:00Z,-0.171,0.652,-1.719,0.422,-0.241,-1.056
2026-04-26T19:30:00Z,-0.171,0.651,-1.698,0.422,-0.241,-1.035
2026-04-26T19:45:00Z,-0.171,0.691,-1.684,0.422,-0.3,-1.041
2026-04-26T20:00:00Z,-0.254,0.699,-1.359,0.422,-0.635,-1.126
2026-04-26T20:15:00Z,-0.254,0.686,-1.33,0.422,-0.636,-1.111
2026-04-26T20:30:00Z,-0.254,0.511,-1.071,0.422,-0.636,-1.027
2026-04-26T20:45:00Z,-0.254,0.013,-0.75,0.422,-0.588,-1.156
2026-04-26T21:00:00Z,-0.587,-0.604,-0.358,0.282,-0.304,-1.572
2026-04-26T21:15:00Z,-0.587,-0.61,-0.351,0.282,-0.305,-1.571
2026-04-26T21:30:00Z,-0.587,-0.672,-0.06,0.282,-0.305,-1.341
2026-04-26T21:45:00Z,-0.587,-0.684,0.269,0.282,-0.203,-0.923
2026-04-26T22:00:00Z,-2.157,-0.613,1.05,-0.155,0.241,-1.635
2026-04-26T22:15:00Z,-2.157,-0.639,1.323,-0.155,0.24,-1.388
2026-04-26T22:30:00Z,-2.157,-0.647,1.57,-0.155,0.24,-1.149
2026-04-26T22:45:00Z,-2.157,-0.619,1.732,-0.155,0.239,-0.96
2026-04-26T23:00:00Z,-2.18,-0.671,1.709,-0.358,0.231,-1.269
2026-04-26T23:15:00Z,-2.18,-0.69,1.616,-0.358,0.231,-1.381
2026-04-26T23:30:00Z,-2.18,-0.663,1.27,-0.358,0.232,-1.699
2026-04-26T23:45:00Z,-2.18,-0.657,1.486,-0.358,0.219,-1.49
2026-04-27T00:00:00Z,-1.977,-0.656,1.322,-0.406,0.146,-1.571
2026-04-27T00:15:00Z,-1.977,-0.623,1.259,-0.406,0.146,-1.601
2026-04-27T00:30:00Z,-1.977,-0.648,1.285,-0.406,0.146,-1.6
2026-04-27T00:45:00Z,-1.977,-0.668,1.342,-0.406,0.15,-1.559
2026-04-27T01:00:00Z,-2.153,-0.661,1.534,-0.435,0.178,-1.537
2026-04-27T01:15:00Z,-2.153,-0.65,1.467,-0.435,0.178,-1.593
2026-04-27T01:30:00Z,-2.153,-0.634,1.402,-0.435,0.178,-1.642
2026-04-27T01:45:00Z,-2.153,-0.643,1.236,-0.435,0.195,-1.799
2026-04-27T02:00:00Z,-1.789,-0.585,0.685,-0.321,0.304,-1.706
2026-04-27T02:15:00Z,-1.789,-0.633,0.582,-0.321,0.304,-1.857
2026-04-27T02:30:00Z,-1.789,-0.636,0.35,-0.321,0.304,-2.093
2026-04-27T02:45:00Z,-1.789,-0.569,-0.127,-0.321,0.389,-2.418
2026-04-27T03:00:00Z,-1.682,-0.583,-0.731,0.083,0.851,-2.062
2026-04-27T03:15:00Z,-1.682,-0.662,-0.954,0.083,0.851,-2.365
2026-04-27T03:30:00Z,-1.682,-0.698,-1.413,0.083,0.85,-2.861
2026-04-27T03:45:00Z,-1.682,-0.612,-1.55,0.083,0.872,-2.89
2026-04-27T04:00:00Z,-1.308,-0.165,-2.67,0.406,0.998,-2.738
2026-04-27T04:15:00Z,-1.308,-0.188,-3.027,0.406,0.999,-3.118
2026-04-27T04:30:00Z,-1.308,-0.278,-3.136,0.406,0.999,-3.317
2026-04-27T04:45:00Z,-1.308,-0.287,-3.151,0.406,0.989,-3.351
2026-04-27T05:00:00Z,-1.996,-0.313,-2.797,0.194,0.922,-3.991
2026-04-27T05:15:00Z,-1.996,-0.372,-2.762,0.194,0.922,-4.013
2026-04-27T05:30:00Z,-1.996,-0.31,-2.569,0.194,0.922,-3.759
2026-04-27T05:45:00Z,-1.996,-0.147,-2.39,0.194,0.482,-3.857
2026-04-27T06:00:00Z,-1.149,0.03,-2.935,0.366,-0.739,-4.427
2026-04-27T06:15:00Z,-1.149,0.22,-3.073,0.366,-0.866,-4.503
2026-04-27T06:30:00Z,-1.149,0.535,-3.185,0.366,-0.866,-4.299
2026-04-27T06:45:00Z,-1.149,0.624,-3.02,0.366,-0.896,-4.076
2026-04-27T07:00:00Z,-1.384,0.692,-2.811,0.314,-1.092,-4.281
2026-04-27T07:15:00Z,-1.384,0.7,-2.671,0.314,-1.091,-4.133
2026-04-27T07:30:00Z,-1.384,0.681,-2.562,0.314,-1.091,-4.044
2026-04-27T07:45:00Z,-1.384,0.497,-2.063,0.314,-1.089,-3.727
2026-04-27T08:00:00Z,-1.027,0.412,-2.266,-0.141,-1.078,-4.1
2026-04-27T08:15:00Z,-1.027,0.39,-1.98,-0.141,-1.079,-3.836
2026-04-27T08:30:00Z,-1.027,0.169,-1.75,-0.141,-1.078,-3.827
2026-04-27T08:45:00Z,-1.027,-0.485,-1.163,-0.141,-1.078,-3.894
2026-04-27T09:00:00Z,-1.143,-0.554,-1.141,-0.435,-1.068,-4.341
2026-04-27T09:15:00Z,-1.143,-0.694,-1.423,-0.435,-1.068,-4.764
2026-04-27T09:30:00Z,-1.143,-0.696,-1.296,-0.435,-1.069,-4.638
2026-04-27T09:45:00Z,-1.143,-0.693,-1.806,-0.435,-1.073,-5.15
2026-04-27T10:00:00Z,-1.168,-0.696,-2.201,-0.435,-1.084,-5.584
2026-04-27T10:15:00Z,-1.168,-0.694,-2.932,-0.435,-1.084,-6.312
2026-04-27T10:30:00Z,-1.168,-0.695,-2.491,-0.435,-1.084,-5.873
2026-04-27T10:45:00Z,-1.168,-0.694,-2.534,-0.435,-1.084,-5.914
2026-04-27T11:00:00Z,-1.518,-0.676,-2.562,-0.435,-1.084,-6.274
2026-04-27T11:15:00Z,-1.518,-0.7,-2.72,-0.435,-1.084,-6.456
2026-04-27T11:30:00Z,-1.518,-0.698,-2.361,-0.435,-1.084,-6.096
2026-04-27T11:45:00Z,-1.518,-0.694,-2.274,-0.435,-1.083,-6.005
2026-04-27T12:00:00Z,-1.242,-0.676,-1.973,-0.435,-1.084,-5.411
2026-04-27T12:15:00Z,-1.242,-0.68,-2.147,-0.435,-1.084,-5.588
2026-04-27T12:30:00Z,-1.242,-0.578,-2.09,-0.435,-1.084,-5.429
2026-04-27T12:45:00Z,-1.242,-0.445,-2.236,-0.435,-1.083,-5.441
2026-04-27T13:00:00Z,-1.107,-0.056,-2.092,-0.435,-1.034,-4.724
2026-04-27T13:15:00Z,-1.107,-0.095,-2.089,-0.435,-1.034,-4.76
2026-04-27T13:30:00Z,-1.107,-0.184,-1.529,-0.435,-1.033,-4.288
2026-04-27T13:45:00Z,-1.107,-0.127,-1.41,-0.435,-1.048,-4.128
2026-04-27T14:00:00Z,-1.14,-0.529,-1.006,-0.435,-1.08,-4.19
2026-04-27T14:15:00Z,-1.14,-0.474,-0.937,-0.435,-1.081,-4.068
2026-04-27T14:30:00Z,-1.14,-0.419,-0.837,-0.435,-1.08,-3.912
2026-04-27T14:45:00Z,-1.14,-0.546,-0.54,-0.435,-1.047,-3.707
2026-04-27T15:00:00Z,-1.104,-0.5,-0.319,-0.426,-0.83,-3.18
2026-04-27T15:15:00Z,-1.104,-0.499,-0.278,-0.426,-0.83,-3.137
2026-04-27T15:30:00Z,-1.104,-0.514,-0.511,-0.426,-0.83,-3.386
2026-04-27T15:45:00Z,-1.104,-0.475,-1.024,-0.426,-0.771,-3.8
2026-04-27T16:00:00Z,-1.354,-0.393,-1.656,0.195,-0.439,-3.647
2026-04-27T16:15:00Z,-1.354,-0.361,-2.205,0.195,-0.439,-4.164
2026-04-27T16:30:00Z,-1.354,-0.408,-2.549,0.195,-0.439,-4.556
2026-04-27T16:45:00Z,-1.354,-0.407,-3.02,0.195,-0.293,-4.879
2026-04-27T17:00:00Z,-1.309,-0.395,-3.454,0.249,0.516,-4.394
2026-04-27T17:15:00Z,-1.309,-0.407,-3.433,0.249,0.536,-4.365
2026-04-27T17:30:00Z,-1.309,-0.414,-3.461,0.249,0.537,-4.398
2026-04-27T17:45:00Z,-1.309,-0.263,-3.323,0.249,0.505,-4.141
2026-04-27T18:00:00Z,-0.916,-0.447,-2.876,0,0.31,-3.93
2026-04-27T18:15:00Z,-0.916,-0.491,-2.789,0,0.311,-3.885
2026-04-27T18:30:00Z,-0.916,-0.458,-2.745,0,0.31,-3.809
2026-04-27T18:45:00Z,-0.916,-0.368,-2.817,0,0.207,-3.894
2026-04-27T19:00:00Z,-0.84,-0.098,-3.284,0.064,-0.263,-4.421
2026-04-27T19:15:00Z,-0.84,-0.561,-2.682,0.064,-0.263,-4.281
2026-04-27T19:30:00Z,-0.84,-0.587,-2.516,0.064,-0.263,-4.142
2026-04-27T19:45:00Z,-0.84,-0.592,-2.41,0.064,-0.325,-4.103
2026-04-27T20:00:00Z,-1.845,-0.666,-1.588,-0.013,-0.68,-4.791
2026-04-27T20:15:00Z,-1.845,-0.661,-1.648,-0.013,-0.68,-4.846
2026-04-27T20:30:00Z,-1.845,-0.678,-1.481,-0.013,-0.679,-4.696
2026-04-27T20:45:00Z,-1.845,-0.654,-0.716,-0.013,-0.683,-3.91
2026-04-27T21:00:00Z,-3.117,-0.621,0.769,-0.331,-0.701,-4
2026-04-27T21:15:00Z,-3.117,-0.557,1.515,-0.331,-0.7,-3.189
2026-04-27T21:30:00Z,-3.117,-0.585,1.616,-0.331,-0.7,-3.117
2026-04-27T21:45:00Z,-3.117,-0.518,1.748,-0.331,-0.743,-2.96
2026-04-27T22:00:00Z,-2.887,-0.23,2.47,-0.296,-0.993,-1.935
2026-04-27T22:15:00Z,-2.887,-0.286,2.867,-0.296,-0.993,-1.595
2026-04-27T22:30:00Z,-2.887,-0.107,3.29,-0.296,-0.993,-0.993
2026-04-27T22:45:00Z,-2.887,-0.028,3.472,-0.296,-1.002,-0.741
2026-04-27T23:00:00Z,-3.163,-0.313,3.485,-0.204,-1.059,-1.255
2026-04-27T23:15:00Z,-3.163,-0.368,3.602,-0.204,-1.058,-1.192
2026-04-27T23:30:00Z,-3.163,-0.516,3.61,-0.204,-1.058,-1.332
2026-04-27T23:45:00Z,-3.163,-0.614,3.71,-0.204,-1.062,-1.333
2026-04-28T00:00:00Z,-3.025,-0.68,3.769,-0.431,-1.077,-1.444
2026-04-28T00:15:00Z,-3.025,-0.697,3.839,-0.431,-1.076,-1.391
2026-04-28T00:30:00Z,-3.025,-0.698,3.845,-0.431,-1.076,-1.386
2026-04-28T00:45:00Z,-3.025,-0.691,3.903,-0.431,-1.051,-1.296
2026-04-28T01:00:00Z,-3.121,-0.665,3.794,-0.288,-0.903,-1.183
2026-04-28T01:15:00Z,-3.121,-0.697,3.799,-0.288,-0.902,-1.209
2026-04-28T01:30:00Z,-3.121,-0.671,3.737,-0.288,-0.903,-1.246
2026-04-28T01:45:00Z,-3.121,-0.561,3.726,-0.288,-0.885,-1.129
2026-04-28T02:00:00Z,-3.043,-0.693,4.028,-0.346,-0.777,-0.831
2026-04-28T02:15:00Z,-3.043,-0.69,3.973,-0.346,-0.777,-0.883
2026-04-28T02:30:00Z,-3.043,-0.697,3.994,-0.346,-0.777,-0.869
2026-04-28T02:45:00Z,-3.043,-0.698,3.831,-0.346,-0.435,-0.691
2026-04-28T03:00:00Z,-3.315,-0.698,3.726,-0.364,0.001,-0.65
2026-04-28T03:15:00Z,-3.315,-0.698,3.509,-0.364,0.001,-0.867
2026-04-28T03:30:00Z,-3.315,-0.698,3.364,-0.364,0.001,-1.012
2026-04-28T03:45:00Z,-3.315,-0.698,3.27,-0.364,0.001,-1.106
2026-04-28T04:00:00Z,-3.395,-0.698,2.711,-0.282,0.445,-1.218
2026-04-28T04:15:00Z,-3.395,-0.697,2.69,-0.282,0.447,-1.236
2026-04-28T04:30:00Z,-3.395,-0.691,2.553,-0.282,0.447,-1.368
2026-04-28T04:45:00Z,-3.395,-0.698,2.364,-0.282,0.299,-1.712
2026-04-28T05:00:00Z,-1.605,-0.698,1.574,-0.203,-0.666,-1.598
2026-04-28T05:15:00Z,-1.605,-0.698,1.548,-0.203,-0.757,-1.715
2026-04-28T05:30:00Z,-1.605,-0.698,1.474,-0.203,-0.757,-1.789
2026-04-28T05:45:00Z,-1.605,-0.698,1.252,-0.203,-0.799,-2.053
2026-04-28T06:00:00Z,-2.314,-0.698,1.172,-0.435,-1.06,-3.334
2026-04-28T06:15:00Z,-2.314,-0.697,0.908,-0.435,-1.06,-3.598
2026-04-28T06:30:00Z,-2.314,-0.698,0.8,-0.435,-1.059,-3.706
2026-04-28T06:45:00Z,-2.314,-0.698,0.72,-0.435,-1.068,-3.794
2026-04-28T07:00:00Z,-2.653,-0.698,0.225,-0.435,-1.086,-4.647
2026-04-28T07:15:00Z,-2.653,-0.697,0.099,-0.435,-1.085,-4.772
2026-04-28T07:30:00Z,-2.653,-0.697,-0.251,-0.435,-1.087,-5.124
2026-04-28T07:45:00Z,-2.653,-0.699,-0.522,-0.435,-1.087,-5.396
2026-04-28T08:00:00Z,-1.56,-0.698,-1.724,-0.435,-1.081,-5.497
2026-04-28T08:15:00Z,-1.56,-0.698,-1.939,-0.435,-1.082,-5.714
2026-04-28T08:30:00Z,-1.56,-0.697,-3.116,-0.435,-1.083,-6.89
2026-04-28T08:45:00Z,-1.56,-0.697,-1.987,-0.435,-1.083,-5.762
2026-04-28T09:00:00Z,-2.47,-0.699,-1.735,-0.435,-1.08,-6.419
2026-04-28T09:15:00Z,-2.47,-0.699,-1.378,-0.435,-1.081,-6.063
2026-04-28T09:30:00Z,-2.47,-0.698,-1.666,-0.435,-1.08,-6.349
2026-04-28T09:45:00Z,-2.47,-0.7,-1.78,-0.435,-1.082,-6.467
2026-04-28T10:00:00Z,-1.722,-0.698,-2.155,-0.435,-1.085,-6.094
2026-04-28T10:15:00Z,-1.722,-0.698,-2.146,-0.435,-1.084,-6.085
2026-04-28T10:30:00Z,-1.722,-0.698,-1.959,-0.435,-1.084,-5.899
2026-04-28T10:45:00Z,-1.722,-0.696,-2.009,-0.435,-1.084,-5.946
2026-04-28T11:00:00Z,-2.105,-0.697,-1.794,-0.435,-1.084,-6.115
2026-04-28T11:15:00Z,-2.105,-0.698,-1.762,-0.435,-1.084,-6.086
2026-04-28T11:30:00Z,-2.105,-0.696,-1.795,-0.435,-1.084,-6.116
2026-04-28T11:45:00Z,-2.105,-0.685,-2.114,-0.435,-1.085,-6.424
2026-04-28T12:00:00Z,-1.427,-0.691,-2.567,-0.435,-1.083,-6.204
2026-04-28T12:15:00Z,-1.427,-0.697,-2.724,-0.435,-1.082,-6.366
2026-04-28T12:30:00Z,-1.427,-0.697,-2.675,-0.435,-1.083,-6.318
2026-04-28T12:45:00Z,-1.427,-0.69,-2.669,-0.435,-1.084,-6.305
2026-04-28T13:00:00Z,-1.457,-0.685,-1.886,-0.435,-1.084,-5.547
2026-04-28T13:15:00Z,-1.457,-0.695,-1.859,-0.435,-1.083,-5.529
2026-04-28T13:30:00Z,-1.457,-0.69,-2.39,-0.435,-1.082,-6.054
2026-04-28T13:45:00Z,-1.457,-0.697,-2.535,-0.435,-1.082,-6.206
2026-04-28T14:00:00Z,-1.384,-0.683,-2.36,-0.435,-1.081,-5.944
2026-04-28T14:15:00Z,-1.384,-0.686,-2.68,-0.435,-1.081,-6.266
2026-04-28T14:30:00Z,-1.384,-0.696,-2.593,-0.435,-1.081,-6.189
2026-04-28T14:45:00Z,-1.384,-0.697,-2.101,-0.435,-1.081,-5.698
2026-04-28T15:00:00Z,-1.408,-0.698,-2.184,-0.435,-1.079,-5.805
2026-04-28T15:15:00Z,-1.408,-0.679,-2.728,-0.435,-1.079,-6.329
2026-04-28T15:30:00Z,-1.408,-0.583,-2.863,-0.435,-1.079,-6.368
2026-04-28T15:45:00Z,-1.408,-0.604,-2.64,-0.435,-1.079,-6.166
2026-04-28T16:00:00Z,-1.338,-0.697,-1.876,-0.435,-1.077,-5.423
2026-04-28T16:15:00Z,-1.338,-0.697,-1.678,-0.435,-1.077,-5.226
2026-04-28T16:30:00Z,-1.338,-0.697,-1.324,-0.435,-1.076,-4.871
2026-04-28T16:45:00Z,-1.338,-0.697,-1.129,-0.435,-1.077,-4.677
2026-04-28T17:00:00Z,-1.454,-0.697,-0.541,-0.273,-1.076,-4.04
2026-04-28T17:15:00Z,-1.454,-0.693,-0.32,-0.273,-1.076,-3.815
2026-04-28T17:30:00Z,-1.454,-0.627,-0.395,-0.273,-1.076,-3.825
2026-04-28T17:45:00Z,-1.454,-0.432,-0.319,-0.273,-1.076,-3.554
2026-04-28T18:00:00Z,-1.241,-0.462,0.364,-0.028,-1.067,-2.434
2026-04-28T18:15:00Z,-1.241,-0.412,0.989,-0.028,-1.067,-1.759
2026-04-28T18:30:00Z,-1.241,-0.359,1.411,-0.028,-1.067,-1.285
2026-04-28T18:45:00Z,-1.241,-0.329,1.479,-0.028,-1.068,-1.188
2026-04-28T19:00:00Z,-1.691,0.083,0.975,0,-1.078,-1.711
2026-04-28T19:15:00Z,-1.691,0.15,1.14,0,-1.077,-1.478
2026-04-28T19:30:00Z,-1.691,0.124,1.315,0,-1.077,-1.33
2026-04-28T19:45:00Z,-1.691,0.116,1.437,0,-1.078,-1.215
2026-04-28T20:00:00Z,-1.645,0.001,1.09,-0.02,-1.078,-1.651
2026-04-28T20:15:00Z,-1.645,-0.036,1.097,-0.02,-1.078,-1.682
2026-04-28T20:30:00Z,-1.645,-0.076,1.079,-0.02,-1.078,-1.739
2026-04-28T20:45:00Z,-1.645,-0.19,0.956,-0.02,-1.078,-1.977
2026-04-28T21:00:00Z,-1.62,-0.438,1.282,-0.127,-1.078,-1.98
2026-04-28T21:15:00Z,-1.62,-0.433,1.214,-0.127,-1.077,-2.043
2026-04-28T21:30:00Z,-1.62,-0.484,1.281,-0.127,-1.078,-2.027
2026-04-28T21:45:00Z,-1.62,-0.416,1.283,-0.127,-1.064,-1.944
2026-04-28T22:00:00Z,-1.598,-0.615,1.643,-0.378,-0.983,-1.931
2026-04-28T22:15:00Z,-1.598,-0.646,1.632,-0.378,-0.983,-1.972
2026-04-28T22:30:00Z,-1.598,-0.662,1.505,-0.378,-0.983,-2.116
2026-04-28T22:45:00Z,-1.598,-0.652,1.373,-0.378,-0.989,-2.243
2026-04-28T23:00:00Z,-1.354,-0.643,1.391,-0.435,-1.023,-2.063
2026-04-28T23:15:00Z,-1.354,-0.643,1.297,-0.435,-1.024,-2.159
2026-04-28T23:30:00Z,-1.354,-0.645,1.251,-0.435,-1.024,-2.206
2026-04-28T23:45:00Z,-1.354,-0.63,1.103,-0.435,-1.013,-2.329
2026-04-29T00:00:00Z,-1.168,-0.638,0.994,-0.431,-0.953,-2.196
2026-04-29T00:15:00Z,-1.168,-0.66,0.94,-0.431,-0.952,-2.271
2026-04-29T00:30:00Z,-1.168,-0.679,1.007,-0.431,-0.952,-2.223
2026-04-29T00:45:00Z,-1.168,-0.651,0.924,-0.431,-0.953,-2.278
2026-04-29T01:00:00Z,-1.175,-0.609,0.829,-0.422,-0.952,-2.33
2026-04-29T01:15:00Z,-1.175,-0.62,0.821,-0.422,-0.952,-2.348
2026-04-29T01:30:00Z,-1.175,-0.618,0.814,-0.422,-0.952,-2.352
2026-04-29T01:45:00Z,-1.175,-0.676,0.787,-0.422,-0.944,-2.429
2026-04-29T02:00:00Z,-1.071,-0.681,0.911,-0.427,-0.894,-2.162
2026-04-29T02:15:00Z,-1.071,-0.666,0.838,-0.427,-0.893,-2.219
2026-04-29T02:30:00Z,-1.071,-0.698,0.921,-0.427,-0.893,-2.168
2026-04-29T02:45:00Z,-1.071,-0.698,1.056,-0.427,-0.843,-1.984
2026-04-29T03:00:00Z,-0.691,-0.698,1.081,-0.372,-0.551,-1.231
2026-04-29T03:15:00Z,-0.691,-0.698,1.188,-0.372,-0.551,-1.123
2026-04-29T03:30:00Z,-0.691,-0.698,1.335,-0.372,-0.55,-0.977
2026-04-29T03:45:00Z,-0.691,-0.682,1.082,-0.372,-0.355,-1.018
2026-04-29T04:00:00Z,-0.629,-0.603,-0.403,0.221,0.344,-1.07
2026-04-29T04:15:00Z,-0.629,-0.618,-0.95,0.221,0.344,-1.632
2026-04-29T04:30:00Z,-0.629,-0.655,-1.135,0.221,0.343,-1.854
2026-04-29T04:45:00Z,-0.629,-0.697,-1.098,0.221,0.23,-1.974
2026-04-29T05:00:00Z,-0.299,-0.698,-0.382,-0.31,-0.531,-2.22
2026-04-29T05:15:00Z,-0.299,-0.698,-0.21,-0.31,-0.554,-2.071
2026-04-29T05:30:00Z,-0.299,-0.698,-0.059,-0.31,-0.554,-1.921
2026-04-29T05:45:00Z,-0.299,-0.698,-0.062,-0.31,-0.735,-2.103
2026-04-29T06:00:00Z,-0.825,-0.693,-0.708,-0.429,-1.065,-3.721
2026-04-29T06:15:00Z,-0.825,-0.675,-0.832,-0.429,-1.063,-3.825
2026-04-29T06:30:00Z,-0.825,-0.698,-1.187,-0.429,-1.063,-4.203
2026-04-29T06:45:00Z,-0.825,-0.693,-1.228,-0.429,-1.07,-4.246
2026-04-29T07:00:00Z,-1.239,-0.664,-1.581,-0.433,-1.085,-5.002
2026-04-29T07:15:00Z,-1.239,-0.634,-1.929,-0.433,-1.084,-5.319
2026-04-29T07:30:00Z,-1.239,-0.698,-2.199,-0.433,-1.085,-5.653
2026-04-29T07:45:00Z,-1.239,-0.698,-2.453,-0.433,-1.085,-5.908
2026-04-29T08:00:00Z,-1.274,-0.698,-3.328,-0.435,-1.069,-6.805
2026-04-29T08:15:00Z,-1.274,-0.699,-4.015,-0.435,-1.07,-7.493
2026-04-29T08:30:00Z,-1.274,-0.698,-3.133,-0.435,-1.069,-6.609
2026-04-29T08:45:00Z,-1.274,-0.699,-3.296,-0.435,-0.594,-6.298
2026-04-29T09:00:00Z,-1.045,-0.696,-3.245,-0.435,-0.548,-5.97
2026-04-29T09:15:00Z,-1.045,-0.697,-3.405,-0.435,-0.548,-6.129
2026-04-29T09:30:00Z,-1.045,-0.698,-3.018,-0.435,-0.094,-5.291
2026-04-29T09:45:00Z,-1.045,-0.699,-2.792,-0.435,-0,-4.971
2026-04-29T10:00:00Z,-1.044,-0.697,-1.851,-0.435,0,-4.028
2026-04-29T10:15:00Z,-1.044,-0.697,-2.127,-0.435,-0.001,-4.304
2026-04-29T10:30:00Z,-1.044,-0.698,-2.119,-0.435,-0.062,-4.359
2026-04-29T10:45:00Z,-1.044,-0.697,-2.096,-0.435,-0.955,-5.227
2026-04-29T11:00:00Z,-0.363,-0.698,-1.892,-0.436,-1.082,-4.471
2026-04-29T11:15:00Z,-0.363,-0.699,-2.438,-0.436,-1.082,-5.018
2026-04-29T11:30:00Z,-0.363,-0.697,-2.401,-0.436,-1.082,-4.979
2026-04-29T11:45:00Z,-0.363,-0.697,-2.426,-0.436,-1.082,-5.004
2026-04-29T12:00:00Z,-0.215,-0.698,-2.589,-0.435,-1.081,-5.019
2026-04-29T12:15:00Z,-0.215,-0.699,-2.602,-0.435,-1.081,-5.033
2026-04-29T12:30:00Z,-0.215,-0.696,-2.616,-0.435,-1.081,-5.045
2026-04-29T12:45:00Z,-0.215,-0.698,-2.768,-0.435,-1.082,-5.199
2026-04-29T13:00:00Z,0.123,-0.698,-2.706,-0.425,-1.082,-4.788
2026-04-29T13:15:00Z,0.123,-0.697,-2.915,-0.425,-1.082,-4.996
2026-04-29T13:30:00Z,0.123,-0.697,-3.162,-0.425,-1.082,-5.244
2026-04-29T13:45:00Z,0.123,-0.621,-3.449,-0.425,-1.083,-5.454
2026-04-29T14:00:00Z,-0.089,-0.214,-2.998,-0.023,-1.081,-4.405
2026-04-29T14:15:00Z,-0.089,-0.228,-3.561,-0.023,-1.08,-4.98
2026-04-29T14:30:00Z,-0.089,-0.286,-3.891,-0.023,-1.08,-5.368
2026-04-29T14:45:00Z,-0.089,-0.344,-3.78,-0.023,-1.08,-5.315
2026-04-29T15:00:00Z,-0.417,-0.432,-3.407,-0.229,-1.078,-5.563
2026-04-29T15:15:00Z,-0.417,-0.621,-3.228,-0.229,-1.078,-5.574
2026-04-29T15:30:00Z,-0.417,-0.305,-4.122,-0.229,-1.078,-6.151
2026-04-29T15:45:00Z,-0.417,-0.696,-3.306,-0.229,-1.078,-5.726
2026-04-29T16:00:00Z,-0.64,-0.688,-2.656,-0.427,-1.076,-5.487
2026-04-29T16:15:00Z,-0.64,-0.639,-2.299,-0.427,-1.076,-5.081
2026-04-29T16:30:00Z,-0.64,-0.662,-1.658,-0.427,0,-3.387
2026-04-29T16:45:00Z,-0.64,-0.471,-1.219,-0.427,-1.041,-3.798
2026-04-29T17:00:00Z,0.142,-0.256,-0.91,0.075,-0.915,-1.864
2026-04-29T17:15:00Z,0.142,-0.181,-0.773,0.075,-0.915,-1.653
2026-04-29T17:30:00Z,0.142,-0.036,-0.819,0.075,-0.915,-1.553
2026-04-29T17:45:00Z,0.142,-0.034,-0.832,0.075,-0.702,-1.352
2026-04-29T18:00:00Z,0.513,0.012,-0.999,0.422,-0.104,-0.155
2026-04-29T18:15:00Z,0.513,0.251,-0.945,0.422,-0.104,0.137
2026-04-29T18:30:00Z,0.513,0.654,-0.99,0.422,-0.104,0.496
2026-04-29T18:45:00Z,0.513,0.7,-0.843,0.422,-0.104,0.689
2026-04-29T19:00:00Z,0.47,0.7,-0.568,0.419,-0.377,0.644
2026-04-29T19:15:00Z,0.47,0.7,-0.441,0.419,-0.376,0.771
2026-04-29T19:30:00Z,0.47,0.699,-0.267,0.419,-0.377,0.945
2026-04-29T19:45:00Z,0.47,0.626,-0.189,0.419,-0.478,0.848
2026-04-29T20:00:00Z,-0.388,0.068,1.218,0.283,-1.034,0.147
2026-04-29T20:15:00Z,-0.388,0.05,1.496,0.283,-1.034,0.407
2026-04-29T20:30:00Z,-0.388,-0.06,1.508,0.283,-1.034,0.308
2026-04-29T20:45:00Z,-0.388,-0.449,1.647,0.283,-0.948,0.145
2026-04-29T21:00:00Z,-1.202,-0.62,1.616,0.008,-0.479,-0.676
2026-04-29T21:15:00Z,-1.202,-0.613,1.669,0.008,-0.479,-0.617
2026-04-29T21:30:00Z,-1.202,-0.656,1.8,0.008,-0.48,-0.529
2026-04-29T21:45:00Z,-1.202,-0.577,1.725,0.008,-0.319,-0.365
2026-04-29T22:00:00Z,-1.573,-0.492,0.763,-0.267,0.657,-0.912
2026-04-29T22:15:00Z,-1.573,-0.638,0.637,-0.267,0.749,-1.093
2026-04-29T22:30:00Z,-1.573,-0.673,0.758,-0.267,0.748,-1.008
2026-04-29T22:45:00Z,-1.573,-0.588,0.806,-0.267,0.768,-0.854
2026-04-29T23:00:00Z,-1.731,-0.422,0.673,-0.304,0.886,-0.898
2026-04-29T23:15:00Z,-1.731,-0.407,0.563,-0.304,0.886,-0.992
2026-04-29T23:30:00Z,-1.731,-0.485,0.539,-0.304,0.886,-1.095
2026-04-29T23:45:00Z,-1.731,-0.511,0.559,-0.304,0.882,-1.105
2026-04-30T00:00:00Z,-1.353,-0.488,0.104,-0.104,0.859,-0.983
2026-04-30T00:15:00Z,-1.353,-0.453,-0.039,-0.104,0.858,-1.09
2026-04-30T00:30:00Z,-1.353,-0.444,-0.057,-0.104,0.858,-1.1
2026-04-30T00:45:00Z,-1.353,-0.469,0.011,-0.104,0.884,-1.031
2026-04-30T01:00:00Z,-1.247,-0.478,0.096,-0.119,1.041,-0.708
2026-04-30T01:15:00Z,-1.247,-0.463,0.036,-0.119,1.041,-0.752
2026-04-30T01:30:00Z,-1.247,-0.397,-0.068,-0.119,1.041,-0.79
2026-04-30T01:45:00Z,-1.247,-0.396,-0.095,-0.119,1.042,-0.815
2026-04-30T02:00:00Z,-0.546,-0.694,-0.3,0.134,1.042,-0.364
2026-04-30T02:15:00Z,-0.546,-0.67,-0.455,0.134,1.042,-0.496
2026-04-30T02:30:00Z,-0.546,-0.594,-0.791,0.134,1.043,-0.754
2026-04-30T02:45:00Z,-0.546,-0.583,-0.846,0.134,1.044,-0.798
2026-04-30T03:00:00Z,-0.26,-0.698,-0.89,0.369,1.052,-0.427
2026-04-30T03:15:00Z,-0.26,-0.698,-1.215,0.369,1.052,-0.753
2026-04-30T03:30:00Z,-0.26,-0.698,-1.394,0.369,1.051,-0.932
2026-04-30T03:45:00Z,-0.26,-0.663,-1.343,0.369,1.051,-0.846
2026-04-30T04:00:00Z,-0.182,-0.481,-1.675,0.422,1.049,-0.866
2026-04-30T04:15:00Z,-0.182,-0.514,-1.844,0.422,1.049,-1.069
2026-04-30T04:30:00Z,-0.182,-0.567,-2.064,0.422,1.049,-1.341
2026-04-30T04:45:00Z,-0.182,-0.598,-2.023,0.422,1.05,-1.33
2026-04-30T05:00:00Z,0.029,-0.509,-2.142,-0.049,1.044,-1.627
2026-04-30T05:15:00Z,0.029,-0.578,-2.167,-0.049,1.044,-1.721
2026-04-30T05:30:00Z,0.029,-0.698,-2.073,-0.049,1.045,-1.747
2026-04-30T05:45:00Z,0.029,-0.687,-1.843,-0.049,0.509,-2.041
2026-04-30T06:00:00Z,-0.665,-0.631,-0.94,-0.435,-0.606,-3.276
2026-04-30T06:15:00Z,-0.665,-0.633,-0.933,-0.435,-0.668,-3.334
2026-04-30T06:30:00Z,-0.665,-0.698,-0.88,-0.435,-0.668,-3.346
2026-04-30T06:45:00Z,-0.665,-0.698,-0.89,-0.435,-0.809,-3.497
2026-04-30T07:00:00Z,-0.91,-0.698,-0.962,-0.435,-1.084,-4.089
2026-04-30T07:15:00Z,-0.91,-0.689,-1.282,-0.435,-1.084,-4.4
2026-04-30T07:30:00Z,-0.91,-0.649,-2.489,-0.435,-1.084,-5.567
2026-04-30T07:45:00Z,-0.91,-0.697,-3.026,-0.435,-1.084,-6.152
2026-04-30T08:00:00Z,-0.771,-0.697,-2.783,-0.435,-1.08,-5.765
2026-04-30T08:15:00Z,-0.771,-0.692,-3.98,-0.435,-1.081,-6.959
2026-04-30T08:30:00Z,-0.771,-0.689,-3.165,-0.435,-1.08,-6.14
2026-04-30T08:45:00Z,-0.771,-0.697,-3.029,-0.435,-1.08,-6.011
2026-04-30T09:00:00Z,-1.769,-0.692,-2.782,-0.436,-1.08,-6.759
2026-04-30T09:15:00Z,-1.769,-0.695,-2.438,-0.436,-1.08,-6.418
2026-04-30T09:30:00Z,-1.769,-0.695,-1.698,-0.436,-1.081,-5.679
2026-04-30T09:45:00Z,-1.769,-0.696,-2.007,-0.436,-1.048,-5.956
2026-04-30T10:00:00Z,-1.103,-0.694,-2.803,-0.435,-0.843,-5.879
2026-04-30T10:15:00Z,-1.103,-0.697,-2.961,-0.435,-0.842,-6.038
2026-04-30T10:30:00Z,-1.103,-0.694,-2.887,-0.435,-0.843,-5.962
2026-04-30T10:45:00Z,-1.103,-0.683,-2.981,-0.435,-0.87,-6.073
2026-04-30T11:00:00Z,-0.972,-0.623,-2.68,-0.435,-1.049,-5.758
2026-04-30T11:15:00Z,-0.972,-0.607,-2.913,-0.435,-1.05,-5.977
2026-04-30T11:30:00Z,-0.972,-0.614,-3.016,-0.435,-1.05,-6.086
2026-04-30T11:45:00Z,-0.972,-0.638,-2.861,-0.435,-1.008,-5.914
2026-04-30T12:00:00Z,-0.764,-0.668,-3.202,-0.434,-0.758,-5.826
2026-04-30T12:15:00Z,-0.764,-0.685,-3.22,-0.434,-0.759,-5.862
2026-04-30T12:30:00Z,-0.764,-0.695,-3.191,-0.434,-0.758,-5.842
2026-04-30T12:45:00Z,-0.764,-0.681,-3.173,-0.434,-0.767,-5.818
2026-04-30T13:00:00Z,-0.818,-0.643,-3.173,-0.436,-0.815,-5.884
2026-04-30T13:15:00Z,-0.818,-0.65,-3.183,-0.436,-0.816,-5.903
2026-04-30T13:30:00Z,-0.818,-0.624,-3.445,-0.436,-0.816,-6.139
2026-04-30T13:45:00Z,-0.818,-0.695,-3.683,-0.436,-0.804,-6.435
2026-04-30T14:00:00Z,-0.919,-0.683,-3.611,-0.435,-0.729,-6.377
2026-04-30T14:15:00Z,-0.919,-0.699,-3.82,-0.435,-0.729,-6.602
2026-04-30T14:30:00Z,-0.919,-0.698,-3.951,-0.435,-0.73,-6.732
2026-04-30T14:45:00Z,-0.919,-0.694,-4.414,-0.435,-0.42,-6.881
2026-04-30T15:00:00Z,-1.236,-0.693,-4.237,-0.435,0.21,-6.392
2026-04-30T15:15:00Z,-1.236,-0.631,-3.411,-0.435,0.209,-5.504
2026-04-30T15:30:00Z,-1.236,-0.48,-3.54,-0.435,0.209,-5.482
2026-04-30T15:45:00Z,-1.236,-0.692,-3.251,-0.435,0.222,-5.393
2026-04-30T16:00:00Z,-1.207,-0.698,-2.557,-0.421,0.293,-4.59
2026-04-30T16:15:00Z,-1.207,-0.694,-2.032,-0.421,0.294,-4.059
2026-04-30T16:30:00Z,-1.207,-0.662,-1.706,-0.421,0.294,-3.702
2026-04-30T16:45:00Z,-1.207,-0.645,-1.381,-0.421,0.335,-3.32
2026-04-30T17:00:00Z,-0.732,-0.657,-1.386,0.171,0.581,-2.023
2026-04-30T17:15:00Z,-0.732,-0.686,-1.691,0.171,0.581,-2.356
2026-04-30T17:30:00Z,-0.732,-0.698,-1.811,0.171,0.581,-2.488
2026-04-30T17:45:00Z,-0.732,-0.697,-1.77,0.171,0.648,-2.379
2026-04-30T18:00:00Z,-0.312,-0.686,-1.833,0.423,1.024,-1.384
2026-04-30T18:15:00Z,-0.312,-0.665,-1.591,0.423,1.024,-1.121
2026-04-30T18:30:00Z,-0.312,-0.524,-1.47,0.423,1.024,-0.86
2026-04-30T18:45:00Z,-0.312,-0.068,-1.58,0.423,0.957,-0.58
2026-04-30T19:00:00Z,-0.474,-0.633,-0.708,0.364,0.579,-0.871
2026-04-30T19:15:00Z,-0.474,-0.583,-0.572,0.364,0.578,-0.686
2026-04-30T19:30:00Z,-0.474,-0.489,-0.451,0.364,0.579,-0.47
2026-04-30T19:45:00Z,-0.474,-0.078,-0.682,0.364,0.363,-0.506
2026-04-30T20:00:00Z,-0.96,-0.663,0.15,0.16,-0.298,-1.611
2026-04-30T20:15:00Z,-0.96,-0.687,0.442,0.16,-0.298,-1.343
2026-04-30T20:30:00Z,-0.96,-0.682,0.621,0.16,-0.298,-1.159
2026-04-30T20:45:00Z,-0.96,-0.662,0.772,0.16,-0.239,-0.929
2026-04-30T21:00:00Z,-1.747,-0.563,1.368,0.35,-0.105,-0.696
2026-04-30T21:15:00Z,-1.747,-0.497,1.51,0.35,-0.104,-0.489
2026-04-30T21:30:00Z,-1.747,-0.426,1.705,0.35,-0.104,-0.222
2026-04-30T21:45:00Z,-1.747,-0.503,1.745,0.35,-0.07,-0.224
2026-04-30T22:00:00Z,-2.035,-0.534,1.644,0.417,0.287,-0.221
2026-04-30T22:15:00Z,-2.035,-0.487,1.599,0.417,0.287,-0.218
2026-04-30T22:30:00Z,-2.035,-0.489,1.653,0.417,0.287,-0.166
2026-04-30T22:45:00Z,-2.035,-0.54,1.673,0.417,0.191,-0.294
2026-04-30T23:00:00Z,-1.688,-0.565,1.828,0.321,-0.167,-0.271
2026-04-30T23:15:00Z,-1.688,-0.55,1.82,0.321,-0.168,-0.264
2026-04-30T23:30:00Z,-1.688,-0.622,1.981,0.321,-0.168,-0.175
2026-04-30T23:45:00Z,-1.688,-0.623,1.971,0.321,-0.15,-0.169
