tijdstip_utc,belgium,denmark,germany,norway,united_kingdom,sum
2026-09-01T00:00:00Z,-3.463,-0.048,2.62,0,-0.887,-1.778
2026-09-01T00:15:00Z,-3.49,-0,2.547,0,-0.886,-1.83
2026-09-01T00:30:00Z,-3.43,-0,2.461,0,-0.886,-1.856
2026-09-01T00:45:00Z,-3.417,-0,2.339,0,-0.873,-1.951
2026-09-01T01:00:00Z,-3.357,-0,2.354,0,-0.782,-1.786
2026-09-01T01:15:00Z,-3.287,-0,2.457,0,-0.782,-1.612
2026-09-01T01:30:00Z,-3.298,0,2.427,0,-0.782,-1.653
2026-09-01T01:45:00Z,-3.181,-0,2.221,0,-0.757,-1.717
2026-09-01T02:00:00Z,-2.828,-0.022,2.044,0,-0.589,-1.396
2026-09-01T02:15:00Z,-2.767,-0.115,2.124,0,-0.589,-1.347
2026-09-01T02:30:00Z,-2.841,-0.007,2.135,0,-0.589,-1.302
2026-09-01T02:45:00Z,-2.895,-0.038,1.868,0,-0.371,-1.435
2026-09-01T03:00:00Z,-2.793,-0.007,1.164,0,-0,-1.636
2026-09-01T03:15:00Z,-2.876,-0.033,0.828,0,-0,-2.081
2026-09-01T03:30:00Z,-2.681,-0.002,0.561,0,-0,-2.123
2026-09-01T03:45:00Z,-2.334,-0.008,0.169,0,0,-2.173
2026-09-01T04:00:00Z,-1.83,-0.005,-0.583,0,0.144,-2.274
2026-09-01T04:15:00Z,-1.796,-0.036,-0.695,0,0.144,-2.384
2026-09-01T04:30:00Z,-1.606,-0.048,-0.291,0,0.144,-1.802
2026-09-01T04:45:00Z,-1.732,-0.022,-0.269,0,0.14,-1.883
2026-09-01T05:00:00Z,-1.783,-0.037,0.062,0,0.112,-1.646
2026-09-01T05:15:00Z,-2.03,-0.042,0.236,0,0.112,-1.724
2026-09-01T05:30:00Z,-2.15,-0.042,0.641,0,0.113,-1.438
2026-09-01T05:45:00Z,-2.131,-0.069,1.136,0,0.075,-0.989
2026-09-01T06:00:00Z,-2.54,-0.235,1.893,0,-0.447,-1.329
2026-09-01T06:15:00Z,-3.057,-0.271,1.801,0,-0.449,-1.976
2026-09-01T06:30:00Z,-3.129,-0.298,1.799,0,-0.45,-2.079
2026-09-01T06:45:00Z,-3.253,-0.381,2.41,0,-0.501,-1.726
2026-09-01T07:00:00Z,-3.005,-0.147,2.882,0,-0.8,-1.07
2026-09-01T07:15:00Z,-3.01,-0.075,3.301,0,-0.799,-0.583
2026-09-01T07:30:00Z,-3.118,-0.063,3.527,0,-0.799,-0.454
2026-09-01T07:45:00Z,-3.349,-0.076,3.708,0,-0.726,-0.442
2026-09-01T08:00:00Z,-3.448,-0.195,3.364,0,-0.315,-0.594
2026-09-01T08:15:00Z,-3.457,-0.246,2.994,0,-0.315,-1.024
2026-09-01T08:30:00Z,-3.46,-0.199,2.826,0,-0.315,-1.148
2026-09-01T08:45:00Z,-3.399,-0.242,2.658,0,-0.349,-1.332
2026-09-01T09:00:00Z,-2.933,-0.039,2.171,0,-0.556,-1.358
2026-09-01T09:15:00Z,-3.218,-0.049,1.89,0,-0.556,-1.933
2026-09-01T09:30:00Z,-3.336,-0.087,1.689,0,-0.556,-2.29
2026-09-01T09:45:00Z,-3.38,-0.145,1.494,0,-0.591,-2.623
2026-09-01T10:00:00Z,-3.311,-0.307,1.966,0,-0.806,-2.458
2026-09-01T10:15:00Z,-3.251,-0.317,1.918,0,-0.806,-2.456
2026-09-01T10:30:00Z,-3.242,-0.396,1.643,0,-0.807,-2.802
2026-09-01T10:45:00Z,-3.228,-0.416,1.038,0,-0.842,-3.448
2026-09-01T11:00:00Z,-3.264,-0.689,1.259,0,-1.058,-3.753
2026-09-01T11:15:00Z,-3.186,-0.697,1.183,0,-1.058,-3.759
2026-09-01T11:30:00Z,-3.059,-0.697,1.024,0,-1.059,-3.791
2026-09-01T11:45:00Z,-2.854,-0.697,1.299,0,-1.06,-3.313
2026-09-01T12:00:00Z,-3.015,-0.69,1.456,0,-1.07,-3.319
2026-09-01T12:15:00Z,-3.148,-0.643,1.298,0,-1.069,-3.562
2026-09-01T12:30:00Z,-3.089,-0.614,1.319,0,-1.069,-3.454
2026-09-01T12:45:00Z,-3.106,-0.523,1.22,0,-1.056,-3.464
2026-09-01T13:00:00Z,-2.835,-0.564,0.975,0,-0.966,-3.391
2026-09-01T13:15:00Z,-2.838,-0.514,0.604,0,-0.966,-3.713
2026-09-01T13:30:00Z,-2.658,-0.697,0.853,0,-0.966,-3.469
2026-09-01T13:45:00Z,-2.697,-0.697,1.178,0,-0.96,-3.176
2026-09-01T14:00:00Z,-2.547,-0.698,1.417,0,-0.923,-2.751
2026-09-01T14:15:00Z,-2.479,-0.697,1.202,0,-0.923,-2.897
2026-09-01T14:30:00Z,-2.175,-0.698,0.919,0,-0.923,-2.877
2026-09-01T14:45:00Z,-1.93,-0.697,1.071,0,-0.861,-2.418
2026-09-01T15:00:00Z,-2.395,-0.698,1.619,0,-0.514,-1.988
2026-09-01T15:15:00Z,-2.378,-0.698,1.765,0,-0.513,-1.824
2026-09-01T15:30:00Z,-2.776,-0.639,1.387,0,-0.515,-2.542
2026-09-01T15:45:00Z,-3.046,-0.28,0.814,0,-0.342,-2.855
2026-09-01T16:00:00Z,-2.829,-0.038,0.573,0,0.12,-2.174
2026-09-01T16:15:00Z,-2.925,-0.12,0.557,0,0.121,-2.368
2026-09-01T16:30:00Z,-2.672,-0.072,0.311,0,0.12,-2.312
2026-09-01T16:45:00Z,-2.564,-0.055,0.424,0,0.292,-1.904
2026-09-01T17:00:00Z,-2.199,-0.054,0.757,0,0.716,-0.779
2026-09-01T17:15:00Z,-1.835,-0.112,0.78,0,0.715,-0.451
2026-09-01T17:30:00Z,-1.804,-0.088,1.089,0,0.716,-0.087
2026-09-01T17:45:00Z,-1.679,-0.138,1.349,0,0.733,0.265
2026-09-01T18:00:00Z,-0.946,-0.354,0.639,0,0.842,0.181
2026-09-01T18:15:00Z,-1.019,-0.259,0.429,0,0.842,-0.007
2026-09-01T18:30:00Z,-0.854,-0.267,0.327,0,0.842,0.049
2026-09-01T18:45:00Z,-0.866,-0.321,0.698,0,0.828,0.34
2026-09-01T19:00:00Z,-0.79,-0.679,1.135,0,0.74,0.406
2026-09-01T19:15:00Z,-0.797,-0.609,1.369,0,0.739,0.702
2026-09-01T19:30:00Z,-0.772,-0.685,1.492,0,0.74,0.775
2026-09-01T19:45:00Z,-0.677,-0.67,1.137,0,0.74,0.531
2026-09-01T20:00:00Z,-0.778,-0.698,1.219,0,0.175,-0.082
2026-09-01T20:15:00Z,-0.726,-0.698,0.913,0,0.102,-0.408
2026-09-01T20:30:00Z,-0.921,-0.698,0.92,0,0.101,-0.598
2026-09-01T20:45:00Z,-0.817,-0.661,1.144,0,0.102,-0.231
2026-09-01T21:00:00Z,-0.638,-0.481,0.827,0,0.19,-0.102
2026-09-01T21:15:00Z,-0.567,-0.521,0.682,0,0.19,-0.216
2026-09-01T21:30:00Z,-0.683,-0.504,0.64,0,0.19,-0.357
2026-09-01T21:45:00Z,-0.691,-0.526,0.635,0,0.243,-0.339
2026-09-01T22:00:00Z,-0.616,-0.697,0.17,0,0.551,-0.593
2026-09-01T22:15:00Z,-0.504,-0.698,-0.123,0,0.551,-0.774
2026-09-01T22:30:00Z,-0.333,-0.698,-0.344,0,0.552,-0.823
2026-09-01T22:45:00Z,-0.172,-0.699,-0.472,0,0.528,-0.815
2026-09-01T23:00:00Z,-0.376,-0.698,-0.478,0,0.372,-1.18
2026-09-01T23:15:00Z,-0.498,-0.698,-0.384,0,0.372,-1.208
2026-09-01T23:30:00Z,-0.655,-0.698,-0.38,0,0.372,-1.362
2026-09-01T23:45:00Z,-0.672,-0.698,-0.332,0,0.362,-1.339
2026-09-02T00:00:00Z,-0.804,-0.698,-0.422,0,0.304,-1.619
2026-09-02T00:15:00Z,-0.672,-0.698,-0.439,0,0.303,-1.505
2026-09-02T00:30:00Z,-0.677,-0.698,-0.596,0,0.303,-1.667
2026-09-02T00:45:00Z,-0.797,-0.698,-0.908,0,0.285,-2.118
2026-09-02T01:00:00Z,-0.736,-0.698,-0.788,0,0.172,-2.051
2026-09-02T01:15:00Z,-0.751,-0.698,-0.867,0,0.172,-2.145
2026-09-02T01:30:00Z,-0.814,-0.698,-0.731,0,0.172,-2.071
2026-09-02T01:45:00Z,-0.797,-0.698,-0.809,0,0.227,-2.077
2026-09-02T02:00:00Z,-0.551,-0.698,-1.116,0,0.538,-1.827
2026-09-02T02:15:00Z,-0.519,-0.698,-1.234,0,0.538,-1.913
2026-09-02T02:30:00Z,-0.291,-0.698,-1.478,0,0.538,-1.929
2026-09-02T02:45:00Z,-0.146,-0.698,-1.623,0,0.603,-1.864
2026-09-02T03:00:00Z,-0.039,-0.698,-2.259,0,0.974,-2.022
2026-09-02T03:15:00Z,0.06,-0.698,-2.397,0,0.973,-2.062
2026-09-02T03:30:00Z,0.297,-0.698,-2.787,0,0.973,-2.216
2026-09-02T03:45:00Z,0.322,-0.698,-2.994,0,0.97,-2.399
2026-09-02T04:00:00Z,0.753,-0.698,-2.773,0,0.955,-1.763
2026-09-02T04:15:00Z,0.751,-0.698,-2.471,0,0.955,-1.462
2026-09-02T04:30:00Z,0.616,-0.698,-2.161,0,0.956,-1.287
2026-09-02T04:45:00Z,0.151,-0.698,-1.338,0,0.955,-0.93
2026-09-02T05:00:00Z,-0.57,-0.698,-0.477,0,0.637,-1.108
2026-09-02T05:15:00Z,-0.781,-0.698,-0.203,0,0.638,-1.045
2026-09-02T05:30:00Z,-0.896,-0.698,0.027,0,0.637,-0.93
2026-09-02T05:45:00Z,-1.083,-0.698,0.407,0,0.386,-0.987
2026-09-02T06:00:00Z,-1.599,-0.698,1.176,0,-0.001,-1.122
2026-09-02T06:15:00Z,-2.034,-0.698,1.523,0,0,-1.209
2026-09-02T06:30:00Z,-2.449,-0.698,1.275,0,-0,-1.872
2026-09-02T06:45:00Z,-2.772,-0.698,1.441,0,-0,-2.03
2026-09-02T07:00:00Z,-3.036,-0.698,2.204,0,-0.839,-2.369
2026-09-02T07:15:00Z,-3.107,-0.698,2.198,0,-1.046,-2.652
2026-09-02T07:30:00Z,-3.246,-0.7,2.175,0,0,-1.771
2026-09-02T07:45:00Z,-2.815,-0.698,1.58,0,-1.045,-2.978
2026-09-02T08:00:00Z,-2.518,-0.698,1.538,0,-1.042,-2.72
2026-09-02T08:15:00Z,-2.338,-0.698,1.952,0,-1.041,-2.125
2026-09-02T08:30:00Z,-2.157,-0.697,2.059,0,-1.041,-1.836
2026-09-02T08:45:00Z,-2.243,-0.697,2.295,0,-1.042,-1.686
2026-09-02T09:00:00Z,-2.445,-0.697,1.949,0,-1.041,-2.234
2026-09-02T09:15:00Z,-2.436,-0.698,1.898,0,-1.042,-2.277
2026-09-02T09:30:00Z,-2.505,-0.698,1.978,0,-1.041,-2.266
2026-09-02T09:45:00Z,-2.318,-0.698,2.057,0,-1.041,-2.001
2026-09-02T10:00:00Z,-2.7,-0.697,2.512,0,-1.041,-1.927
2026-09-02T10:15:00Z,-2.539,-0.697,2.563,0,-1.042,-1.715
2026-09-02T10:30:00Z,-2.508,-0.698,2.854,0,-1.042,-1.393
2026-09-02T10:45:00Z,-2.345,-0.698,2.856,0,-1.042,-1.228
2026-09-02T11:00:00Z,-2.135,-0.698,2.761,0,-1.041,-1.114
2026-09-02T11:15:00Z,-1.817,-0.698,2.871,0,-1.042,-0.687
2026-09-02T11:30:00Z,-1.948,-0.698,2.848,0,-1.039,-0.838
2026-09-02T11:45:00Z,-1.738,-0.698,2.776,0,-1.041,-0.701
2026-09-02T12:00:00Z,-1.88,-0.698,2.471,0,-1.051,-1.159
2026-09-02T12:15:00Z,-1.742,-0.698,2.256,0,-1.051,-1.235
2026-09-02T12:30:00Z,-1.718,-0.699,2.21,0,-1.051,-1.258
2026-09-02T12:45:00Z,-1.711,-0.699,2.3,0,-1.037,-1.147
2026-09-02T13:00:00Z,-1.477,-0.699,2.079,0,-0.918,-1.015
2026-09-02T13:15:00Z,-1.246,-0.698,2.051,0,-0.942,-0.835
2026-09-02T13:30:00Z,-1.36,-0.698,2.174,0,-0.906,-0.791
2026-09-02T13:45:00Z,-1.428,-0.699,1.952,0,-0.965,-1.139
2026-09-02T14:00:00Z,-1.774,-0.699,2.321,0,-1.051,-1.202
2026-09-02T14:15:00Z,-1.552,-0.698,2.292,0,-1.025,-0.984
2026-09-02T14:30:00Z,-0.688,-0.698,1.389,0,-1.045,-1.041
2026-09-02T14:45:00Z,-0.77,-0.698,1.266,0,-1.006,-1.208
2026-09-02T15:00:00Z,-0.476,-0.698,0.767,0,-0.748,-1.156
2026-09-02T15:15:00Z,-0.758,-0.698,0.782,0,-0.78,-1.454
2026-09-02T15:30:00Z,-1.083,-0.698,0.797,0,-0.77,-1.754
2026-09-02T15:45:00Z,-0.411,-0.698,0.344,0,-0.434,-1.198
2026-09-02T16:00:00Z,-1.181,-0.698,-0.329,0,0.121,-2.087
2026-09-02T16:15:00Z,-1.274,-0.698,-0.79,0,0.456,-2.307
2026-09-02T16:30:00Z,-1.147,-0.698,-1.099,0,0.447,-2.497
2026-09-02T16:45:00Z,-0.926,-0.698,-1.714,0,0.476,-2.862
2026-09-02T17:00:00Z,-0.403,-0.698,-1.464,0,0.581,-1.983
2026-09-02T17:15:00Z,-0.211,-0.698,-1.715,0,0.561,-2.062
2026-09-02T17:30:00Z,-0.217,-0.698,-1.929,0,0.567,-2.278
2026-09-02T17:45:00Z,-0.445,-0.698,-1.969,0,0.589,-2.523
2026-09-02T18:00:00Z,-0.314,-0.698,-2.056,0,0.726,-2.342
2026-09-02T18:15:00Z,-0.301,-0.698,-2.202,0,0.726,-2.475
2026-09-02T18:30:00Z,-0.364,-0.698,-2.252,0,0.726,-2.588
2026-09-02T18:45:00Z,-0.584,-0.698,-2.153,0,0.693,-2.742
2026-09-02T19:00:00Z,-0.591,-0.698,-2.143,0,0.485,-2.948
2026-09-02T19:15:00Z,-0.545,-0.698,-2.442,0,0.485,-3.2
2026-09-02T19:30:00Z,-0.528,-0.698,-2.482,0,0.484,-3.223
2026-09-02T19:45:00Z,-0.52,-0.698,-2.115,0,0.486,-2.847
2026-09-02T20:00:00Z,-0.864,-0.698,-2.512,0,0.49,-3.584
2026-09-02T20:15:00Z,-1.09,-0.698,-2.357,0,0.489,-3.655
2026-09-02T20:30:00Z,-1.575,-0.698,-2.482,0,0.49,-4.265
2026-09-02T20:45:00Z,-1.738,-0.698,-2.721,0,0.533,-4.625
2026-09-02T21:00:00Z,-1.714,-0.699,-3.175,0,0.793,-4.795
2026-09-02T21:15:00Z,-1.725,-0.698,-3.019,0,0.792,-4.65
2026-09-02T21:30:00Z,-1.932,-0.699,-2.83,0,0.793,-4.668
2026-09-02T21:45:00Z,-1.9,-0.698,-2.815,0,0.775,-4.639
2026-09-02T22:00:00Z,-1.904,-0.698,-2.747,0,0.665,-4.685
2026-09-02T22:15:00Z,-1.953,-0.698,-2.543,0,0.664,-4.53
2026-09-02T22:30:00Z,-1.812,-0.638,-2.477,0,0.665,-4.263
2026-09-02T22:45:00Z,-1.665,-0.382,-2.731,0,0.666,-4.112
2026-09-02T23:00:00Z,-1.85,-0.696,-2.792,0,0.67,-4.667
2026-09-02T23:15:00Z,-1.876,-0.697,-2.579,0,0.67,-4.482
2026-09-02T23:30:00Z,-1.823,-0.697,-2.491,0,0.671,-4.34
2026-09-02T23:45:00Z,-1.734,-0.625,-2.372,0,0.696,-4.036
2026-09-03T00:00:00Z,-1.617,-0.267,-2.7,0,0.854,-3.729
2026-09-03T00:15:00Z,-1.318,-0.359,-2.784,0,0.854,-3.607
2026-09-03T00:30:00Z,-1.123,-0.446,-2.819,0,0.853,-3.535
2026-09-03T00:45:00Z,-1,-0.615,-2.679,0,0.862,-3.431
2026-09-03T01:00:00Z,-1.447,-0.203,-3.001,0,0.912,-3.738
2026-09-03T01:15:00Z,-1.511,-0.359,-2.97,0,0.913,-3.927
2026-09-03T01:30:00Z,-1.576,-0.696,-2.442,0,0.912,-3.801
2026-09-03T01:45:00Z,-1.573,-0.698,-2.232,0,0.893,-3.609
2026-09-03T02:00:00Z,-1.511,-0.698,-2.072,0,0.771,-3.51
2026-09-03T02:15:00Z,-1.368,-0.698,-2.111,0,0.771,-3.406
2026-09-03T02:30:00Z,-1.302,-0.698,-2.204,0,0.771,-3.433
2026-09-03T02:45:00Z,-1.039,-0.698,-2.293,0,0.791,-3.24
2026-09-03T03:00:00Z,-1.349,-0.698,-2.192,0,0.913,-3.326
2026-09-03T03:15:00Z,-1.292,-0.698,-2.177,0,0.912,-3.255
2026-09-03T03:30:00Z,-1.264,-0.698,-2.282,0,0.913,-3.331
2026-09-03T03:45:00Z,-1.486,-0.689,-2.303,0,0.927,-3.551
2026-09-03T04:00:00Z,-1.348,-0.637,-2.557,0,1.025,-3.517
2026-09-03T04:15:00Z,-1.393,-0.626,-2.427,0,1.025,-3.422
2026-09-03T04:30:00Z,-1.345,-0.645,-2.174,0,1.026,-3.138
2026-09-03T04:45:00Z,-1.395,-0.624,-2.003,0,1.015,-3.008
2026-09-03T05:00:00Z,-1.36,-0.624,-1.72,0,0.938,-2.767
2026-09-03T05:15:00Z,-1.245,-0.624,-1.468,0,0.937,-2.401
2026-09-03T05:30:00Z,-1.193,-0.615,-1.144,0,0.937,-2.015
2026-09-03T05:45:00Z,-1.223,-0.576,-0.815,0,0.873,-1.741
2026-09-03T06:00:00Z,-1.548,-0.611,-0.393,0,0.51,-2.041
2026-09-03T06:15:00Z,-1.684,-0.509,-0.075,0,0.51,-1.758
2026-09-03T06:30:00Z,-2.41,-0.063,0.462,0,0.509,-1.501
2026-09-03T06:45:00Z,-2.435,-0.094,0.772,0,0.337,-1.419
2026-09-03T07:00:00Z,-2.64,-0.037,2.125,0,-0.541,-1.092
2026-09-03T07:15:00Z,-2.475,-0.046,2.353,0,-0.571,-0.739
2026-09-03T07:30:00Z,-2.206,-0.126,2.304,0,-0.571,-0.599
2026-09-03T07:45:00Z,-1.906,-0.193,2.232,0,-0.553,-0.42
2026-09-03T08:00:00Z,-1.911,-0.106,2.145,0,-0.424,-0.295
2026-09-03T08:15:00Z,-1.79,-0.029,1.808,0,-0.424,-0.435
2026-09-03T08:30:00Z,-1.744,-0.173,1.546,0,-0.424,-0.794
2026-09-03T08:45:00Z,-1.737,-0.596,1.882,0,-0.475,-0.926
2026-09-03T09:00:00Z,-1.432,-0.614,1.833,0,-0.765,-0.977
2026-09-03T09:15:00Z,-1.518,-0.533,1.681,0,-0.764,-1.135
2026-09-03T09:30:00Z,-1.798,-0.003,1.076,0,-0.764,-1.489
2026-09-03T09:45:00Z,-1.797,-0.041,0.894,0,-0.804,-1.748
2026-09-03T10:00:00Z,-2.04,-0.255,1.201,0,-1.039,-2.133
2026-09-03T10:15:00Z,-2.182,-0.252,0.987,0,-1.039,-2.486
2026-09-03T10:30:00Z,-2.163,-0.357,1.072,0,-1.04,-2.488
2026-09-03T10:45:00Z,-2.449,-0.152,0.883,0,-1.041,-2.759
2026-09-03T11:00:00Z,-2.395,-0.435,1.277,0,-1.047,-2.6
2026-09-03T11:15:00Z,-2.604,-0.454,1.027,0,-1.046,-3.077
2026-09-03T11:30:00Z,-2.624,-0.544,1.187,0,-1.047,-3.027
2026-09-03T11:45:00Z,-2.811,-0.544,1.593,0,-1.045,-2.807
2026-09-03T12:00:00Z,-3.193,-0.58,1.632,0,-1.032,-3.174
2026-09-03T12:15:00Z,-3.112,-0.621,1.851,0,-1.032,-2.914
2026-09-03T12:30:00Z,-3.306,-0.612,1.641,0,-1.032,-3.309
2026-09-03T12:45:00Z,-3.086,-0.624,1.643,0,-1.009,-3.076
2026-09-03T13:00:00Z,-3.109,-0.666,1.597,0,-0.858,-3.036
2026-09-03T13:15:00Z,-2.793,-0.695,1.5,0,-0.859,-2.847
2026-09-03T13:30:00Z,-2.595,-0.68,1.621,0,-0.858,-2.512
2026-09-03T13:45:00Z,-2.593,-0.672,1.863,0,-0.834,-2.237
2026-09-03T14:00:00Z,-2.351,-0.653,1.822,0,-0.69,-1.873
2026-09-03T14:15:00Z,-2.29,-0.698,1.563,0,-0.69,-2.115
2026-09-03T14:30:00Z,-1.867,-0.651,1.403,0,-0.69,-1.805
2026-09-03T14:45:00Z,-1.764,-0.357,1.693,0,-0.735,-1.164
2026-09-03T15:00:00Z,-1.742,-0.118,1.742,0,-1.001,-1.12
2026-09-03T15:15:00Z,-1.709,-0.067,1.966,0,-1,-0.81
2026-09-03T15:30:00Z,-1.686,-0.012,2.432,0,-1,-0.267
2026-09-03T15:45:00Z,-1.86,-0.073,2.255,0,-0.975,-0.652
2026-09-03T16:00:00Z,-2.324,-0.093,2.16,0,-0.812,-1.069
2026-09-03T16:15:00Z,-2.196,-0.084,1.747,0,-0.811,-1.343
2026-09-03T16:30:00Z,-2.143,-0.126,1.481,0,-0.811,-1.599
2026-09-03T16:45:00Z,-2.349,-0.061,1.407,0,-0.83,-1.834
2026-09-03T17:00:00Z,-2.321,-0.016,1.683,0,-0.946,-1.6
2026-09-03T17:15:00Z,-2.498,-0,2.049,0,-0.946,-1.395
2026-09-03T17:30:00Z,-2.367,-0,1.86,0,-0.946,-1.453
2026-09-03T17:45:00Z,-2.324,-0.002,1.891,0,-0.957,-1.391
2026-09-03T18:00:00Z,-2.142,-0.009,1.842,0,-1.025,-1.335
2026-09-03T18:15:00Z,-2.074,-0.001,1.935,0,-1.024,-1.164
2026-09-03T18:30:00Z,-2.161,-0,1.953,0,-1.024,-1.233
2026-09-03T18:45:00Z,-2.093,-0,1.902,0,-1.037,-1.229
2026-09-03T19:00:00Z,-2.251,-0.001,2.234,0,-1.066,-1.083
2026-09-03T19:15:00Z,-2.103,-0,2.182,0,-1.066,-0.987
2026-09-03T19:30:00Z,-2.248,-0.02,2.047,0,-1.067,-1.288
2026-09-03T19:45:00Z,-2.516,-0.08,2.326,0,-1.067,-1.336
2026-09-03T20:00:00Z,-2.418,-0,1.749,0,-1.067,-1.737
2026-09-03T20:15:00Z,-2.358,-0.004,1.72,0,-1.066,-1.709
2026-09-03T20:30:00Z,-2.844,-0,1.894,0,-1.066,-2.016
2026-09-03T20:45:00Z,-3.216,-0.011,1.834,0,-1.057,-2.45
2026-09-03T21:00:00Z,-2.857,-0.054,2.008,0,-0.994,-1.898
2026-09-03T21:15:00Z,-2.74,-0,1.79,0,-0.994,-1.944
2026-09-03T21:30:00Z,-2.877,-0.002,1.756,0,-0.993,-2.116
2026-09-03T21:45:00Z,-2.632,-0.007,1.528,0,-0.9,-2.01
2026-09-03T22:00:00Z,-2.015,-0,0.507,0,-0.387,-1.896
2026-09-03T22:15:00Z,-1.985,-0.001,0.493,0,-0.387,-1.88
2026-09-03T22:30:00Z,-2.025,-0,0.508,0,-0.387,-1.904
2026-09-03T22:45:00Z,-2.122,-0,0.65,0,-0.368,-1.84
2026-09-03T23:00:00Z,-2.465,-0,0.688,0,-0.251,-2.029
2026-09-03T23:15:00Z,-2.165,0,0.313,0,-0.251,-2.103
2026-09-03T23:30:00Z,-2.084,-0.022,0.205,0,-0.252,-2.153
2026-09-03T23:45:00Z,-1.998,-0.114,0.006,0,-0.278,-2.384
2026-09-04T00:00:00Z,-2.154,-0.002,-0.2,0,-0.442,-2.798
2026-09-04T00:15:00Z,-2.123,-0.003,-0.374,0,-0.441,-2.942
2026-09-04T00:30:00Z,-2.27,-0.043,-0.527,0,-0.442,-3.282
2026-09-04T00:45:00Z,-2.211,-0.226,-0.591,0,-0.408,-3.436
2026-09-04T01:00:00Z,-2.172,-0.078,-0.861,0,-0.197,-3.307
2026-09-04T01:15:00Z,-2.182,-0.256,-0.722,0,-0.196,-3.356
2026-09-04T01:30:00Z,-2.032,-0.362,-0.754,0,-0.197,-3.345
2026-09-04T01:45:00Z,-2.168,-0.656,-0.515,0,-0.131,-3.471
2026-09-04T02:00:00Z,-1.923,-0.678,-0.794,0,0.002,-3.394
2026-09-04T02:15:00Z,-1.838,-0.697,-0.789,0,0.001,-3.323
2026-09-04T02:30:00Z,-1.855,-0.698,-0.891,0,0.001,-3.443
2026-09-04T02:45:00Z,-1.83,-0.698,-0.903,0,0.001,-3.429
2026-09-04T03:00:00Z,-1.547,-0.698,-1.017,0,-0.231,-3.493
2026-09-04T03:15:00Z,-1.461,-0.698,-1.195,0,-0.231,-3.586
2026-09-04T03:30:00Z,-1.239,-0.698,-1.325,0,-0.231,-3.493
2026-09-04T03:45:00Z,-1.052,-0.682,-1.733,0,-0.153,-3.621
2026-09-04T04:00:00Z,-1.157,-0.613,-1.884,0,0.103,-3.551
2026-09-04T04:15:00Z,-0.943,-0.682,-1.869,0,0.103,-3.391
2026-09-04T04:30:00Z,-0.889,-0.648,-1.619,0,0.103,-3.054
2026-09-04T04:45:00Z,-0.992,-0.512,-1.575,0,0.103,-2.976
2026-09-04T05:00:00Z,-1.098,-0.689,-1.537,0,0.122,-3.202
2026-09-04T05:15:00Z,-1.021,-0.676,-1.443,0,0.122,-3.018
2026-09-04T05:30:00Z,-0.924,-0.662,-1.363,0,0.121,-2.828
2026-09-04T05:45:00Z,-0.932,-0.586,-1.138,0,0.123,-2.533
2026-09-04T06:00:00Z,-1.677,-0.688,-0.292,0,0.135,-2.521
2026-09-04T06:15:00Z,-1.699,-0.589,-0.448,0,0.137,-2.6
2026-09-04T06:30:00Z,-1.667,-0.315,-0.608,0,0.136,-2.454
2026-09-04T06:45:00Z,-1.968,-0.369,-0.389,0,-0.028,-2.755
2026-09-04T07:00:00Z,-2.032,-0.377,0.024,0,-0.334,-2.72
2026-09-04T07:15:00Z,-2.141,-0.443,0.347,0,-0.334,-2.571
2026-09-04T07:30:00Z,-1.885,-0.689,0.517,0,-0.335,-2.391
2026-09-04T07:45:00Z,-1.779,-0.646,0.576,0,-0.323,-2.172
2026-09-04T08:00:00Z,-1.887,-0.39,0.806,0,-0.249,-1.72
2026-09-04T08:15:00Z,-1.407,-0.395,0.787,0,-0.248,-1.264
2026-09-04T08:30:00Z,-0.833,-0.401,1.056,0,-0.249,-0.427
2026-09-04T08:45:00Z,-0.509,-0.416,1.461,0,-0.166,0.369
2026-09-04T09:00:00Z,-0.326,-0.002,1.22,0,0.107,0.998
2026-09-04T09:15:00Z,-0.706,-0.019,1.558,0,0.106,0.939
2026-09-04T09:30:00Z,-0.427,-0.142,1.561,0,0.106,1.098
2026-09-04T09:45:00Z,-0.242,-0.293,1.605,0,0.142,1.211
2026-09-04T10:00:00Z,0.139,-0.66,1.179,0,0.482,1.14
2026-09-04T10:15:00Z,0.32,-0.615,1.035,0,0.482,1.222
2026-09-04T10:30:00Z,0.226,-0.578,1.11,0,0.483,1.241
2026-09-04T10:45:00Z,0.3,-0.545,1.216,0,0.539,1.511
2026-09-04T11:00:00Z,0.129,-0.697,1.706,0,0.867,2.005
2026-09-04T11:15:00Z,0.213,-0.698,1.324,0,0.867,1.706
2026-09-04T11:30:00Z,0.219,-0.698,1.513,0,0.866,1.9
2026-09-04T11:45:00Z,0.23,-0.698,1.336,0,0.881,1.749
2026-09-04T12:00:00Z,0.386,-0.698,0.93,0,0.973,1.591
2026-09-04T12:15:00Z,0.405,-0.698,0.997,0,0.974,1.678
2026-09-04T12:30:00Z,0.411,-0.692,0.856,0,0.973,1.548
2026-09-04T12:45:00Z,0.338,-0.667,0.58,0,0.964,1.215
2026-09-04T13:00:00Z,-0.122,-0.698,0.798,0,0.909,0.887
2026-09-04T13:15:00Z,-0.247,-0.695,0.829,0,0.909,0.795
2026-09-04T13:30:00Z,-0.445,-0.676,0.809,0,0.909,0.597
2026-09-04T13:45:00Z,-0.652,-0.647,1.212,0,0.857,0.77
2026-09-04T14:00:00Z,-0.45,-0.665,1.028,0,0.554,0.466
2026-09-04T14:15:00Z,-0.623,-0.493,1.118,0,0.554,0.556
2026-09-04T14:30:00Z,-0.564,-0.436,1.47,0,0.553,1.024
2026-09-04T14:45:00Z,-1.081,-0.272,1.635,0,0.54,0.822
2026-09-04T15:00:00Z,-1.273,-0.236,1.703,0,0.449,0.642
2026-09-04T15:15:00Z,-1.367,-0.243,1.637,0,0.449,0.476
2026-09-04T15:30:00Z,-1.785,-0.256,1.491,0,0.449,-0.1
2026-09-04T15:45:00Z,-1.857,-0.409,1.376,0,0.3,-0.59
2026-09-04T16:00:00Z,-1.658,-0.322,0.966,0,-0.174,-1.188
2026-09-04T16:15:00Z,-1.73,-0.016,0.85,0,-0.175,-1.071
2026-09-04T16:30:00Z,-1.911,0.014,0.683,0,-0.174,-1.389
2026-09-04T16:45:00Z,-1.917,0.247,0.282,0,-0.115,-1.503
2026-09-04T17:00:00Z,-1.558,-0.36,0.336,0,0.418,-1.163
2026-09-04T17:15:00Z,-1.588,-0.399,0.282,0,0.419,-1.285
2026-09-04T17:30:00Z,-1.68,0.024,0.194,0,0.42,-1.042
2026-09-04T17:45:00Z,-1.727,0.507,0.203,0,0.417,-0.601
2026-09-04T18:00:00Z,-1.841,0.517,0.552,0,0.398,-0.374
2026-09-04T18:15:00Z,-1.84,0.205,0.623,0,0.398,-0.614
2026-09-04T18:30:00Z,-1.986,0.047,0.673,0,0.398,-0.869
2026-09-04T18:45:00Z,-1.944,0.171,0.607,0,0.397,-0.768
2026-09-04T19:00:00Z,-1.984,0.352,0.365,0,0.39,-0.877
2026-09-04T19:15:00Z,-1.949,0.664,0.365,0,0.389,-0.531
2026-09-04T19:30:00Z,-1.96,0.7,0.397,0,0.389,-0.474
2026-09-04T19:45:00Z,-1.89,0.7,0.403,0,0.435,-0.351
2026-09-04T20:00:00Z,-2.171,0.7,0.117,0,0.71,-0.644
2026-09-04T20:15:00Z,-2.313,0.7,0.181,0,0.709,-0.724
2026-09-04T20:30:00Z,-2.482,0.7,0.152,0,0.71,-0.92
2026-09-04T20:45:00Z,-2.503,0.7,0.183,0,0.696,-0.924
2026-09-04T21:00:00Z,-2.33,0.697,0.261,0,0.611,-0.762
2026-09-04T21:15:00Z,-2.439,0.657,0.289,0,0.61,-0.882
2026-09-04T21:30:00Z,-2.533,0.549,0.337,0,0.611,-1.036
2026-09-04T21:45:00Z,-2.536,0.491,0.316,0,0.651,-1.078
2026-09-04T22:00:00Z,-2.591,0.297,0.225,0,0.894,-1.175
2026-09-04T22:15:00Z,-2.418,0.081,0.261,0,0.894,-1.182
2026-09-04T22:30:00Z,-2.356,0.096,0.17,0,0.893,-1.197
2026-09-04T22:45:00Z,-2.35,0.18,0.078,0,0.894,-1.199
2026-09-04T23:00:00Z,-2.336,0.183,0.269,0,0.903,-0.982
2026-09-04T23:15:00Z,-2.304,0.231,0.355,0,0.903,-0.814
2026-09-04T23:30:00Z,-2.203,0.244,0.242,0,0.903,-0.814
2026-09-04T23:45:00Z,-1.997,0.208,0.222,0,0.908,-0.658
2026-09-05T00:00:00Z,-2.073,-0.033,0.569,0,0.938,-0.599
2026-09-05T00:15:00Z,-1.949,-0.076,0.611,0,0.938,-0.476
2026-09-05T00:30:00Z,-1.895,-0.154,0.658,0,0.938,-0.454
2026-09-05T00:45:00Z,-1.82,0.033,0.707,0,0.925,-0.156
2026-09-05T01:00:00Z,-1.857,0.339,0.709,0,0.837,0.028
2026-09-05T01:15:00Z,-1.678,0.236,0.619,0,0.837,0.014
2026-09-05T01:30:00Z,-1.564,0.244,0.66,0,0.838,0.178
2026-09-05T01:45:00Z,-1.571,0.24,0.616,0,0.846,0.13
2026-09-05T02:00:00Z,-1.675,0.423,0.597,0,0.899,0.244
2026-09-05T02:15:00Z,-1.79,0.461,0.696,0,0.898,0.265
2026-09-05T02:30:00Z,-1.797,0.458,0.686,0,0.898,0.245
2026-09-05T02:45:00Z,-1.78,0.502,0.606,0,0.885,0.212
2026-09-05T03:00:00Z,-1.738,0.523,0.621,0,0.797,0.203
2026-09-05T03:15:00Z,-1.653,0.504,0.525,0,0.798,0.173
2026-09-05T03:30:00Z,-1.573,0.397,0.478,0,0.798,0.1
2026-09-05T03:45:00Z,-1.572,0.439,0.402,0,0.796,0.065
2026-09-05T04:00:00Z,-1.729,0.116,0.683,0,0.783,-0.147
2026-09-05T04:15:00Z,-1.651,0.029,0.673,0,0.783,-0.166
2026-09-05T04:30:00Z,-1.619,0.006,0.695,0,0.783,-0.135
2026-09-05T04:45:00Z,-1.61,0.088,0.685,0,0.755,-0.082
2026-09-05T05:00:00Z,-1.347,0.246,0.171,0,0.578,-0.353
2026-09-05T05:15:00Z,-1.304,0.069,0.209,0,0.578,-0.449
2026-09-05T05:30:00Z,-1.392,-0.07,0.28,0,0.578,-0.604
2026-09-05T05:45:00Z,-1.589,0.142,0.074,0,0.575,-0.798
2026-09-05T06:00:00Z,-1.779,0.596,-0.829,0,0.559,-1.453
2026-09-05T06:15:00Z,-2.011,0.694,-1.301,0,0.558,-2.059
2026-09-05T06:30:00Z,-2.426,0.654,-1.101,0,0.558,-2.315
2026-09-05T06:45:00Z,-2.62,0.197,-0.958,0,0.356,-3.025
2026-09-05T07:00:00Z,-2.296,-0.529,0.547,0,-0.777,-3.055
2026-09-05T07:15:00Z,-2.436,-0.697,0.698,0,-0.925,-3.36
2026-09-05T07:30:00Z,-2.457,-0.672,0.474,0,-0.925,-3.58
2026-09-05T07:45:00Z,-2.366,-0.57,0.198,0,-0.934,-3.673
2026-09-05T08:00:00Z,-2.947,-0.671,-0.554,0,-0.993,-5.164
2026-09-05T08:15:00Z,-2.945,-0.558,-0.467,0,-0.993,-4.963
2026-09-05T08:30:00Z,-2.66,-0.692,-0.568,0,-0.993,-4.913
2026-09-05T08:45:00Z,-2.344,-0.645,-1.013,0,-0.987,-4.989
2026-09-05T09:00:00Z,-2.43,-0.375,-1.431,0,-0.955,-5.19
2026-09-05T09:15:00Z,-2.48,-0.394,-1.763,0,-0.954,-5.591
2026-09-05T09:30:00Z,-2.467,-0.386,-1.424,0,-0.955,-5.232
2026-09-05T09:45:00Z,-2.32,-0.258,-0.971,0,-0.964,-4.514
2026-09-05T10:00:00Z,-2.083,-0.239,-0.828,0,-1.025,-4.174
2026-09-05T10:15:00Z,-2.193,-0.064,-0.841,0,-1.026,-4.124
2026-09-05T10:30:00Z,-2.042,-0.088,-0.547,0,-1.026,-3.703
2026-09-05T10:45:00Z,-1.739,-0.286,-0.16,0,-1.022,-3.208
2026-09-05T11:00:00Z,-1.595,-0.696,0.601,0,-0.994,-2.685
2026-09-05T11:15:00Z,-1.345,-0.683,0.771,0,-0.993,-2.25
2026-09-05T11:30:00Z,-2.266,-0.589,0.053,0,-0.993,-3.794
2026-09-05T11:45:00Z,-2.079,-0.441,0.54,0,-1,-2.98
2026-09-05T12:00:00Z,-1.295,-0.123,0.507,0,-1.039,-1.95
2026-09-05T12:15:00Z,-1.905,-0.016,-0.057,0,-1.039,-3.017
2026-09-05T12:30:00Z,-2.314,-0.051,-0.508,0,-1.038,-3.912
2026-09-05T12:45:00Z,-2.018,-0.035,-0.053,0,-0.887,-2.993
2026-09-05T13:00:00Z,-1.447,-0.55,-0.246,0,-0.595,-2.837
2026-09-05T13:15:00Z,-1.657,-0.502,-1.024,0,-0.595,-3.778
2026-09-05T13:30:00Z,-1.687,-0.373,-1.048,0,-0.594,-3.703
2026-09-05T13:45:00Z,-1.758,-0.335,-1.042,0,-0.627,-3.763
2026-09-05T14:00:00Z,-1.955,-0.188,0.082,0,-0.833,-2.894
2026-09-05T14:15:00Z,-2.185,0.144,-0.028,0,-0.832,-2.902
2026-09-05T14:30:00Z,-2.25,0.395,-0.084,0,-0.832,-2.77
2026-09-05T14:45:00Z,-2.35,0.573,0.17,0,-0.865,-2.473
2026-09-05T15:00:00Z,-2.832,0.415,0.946,0,-1.068,-2.539
2026-09-05T15:15:00Z,-2.75,0.241,1.064,0,-1.068,-2.512
2026-09-05T15:30:00Z,-2.736,0.65,1.297,0,-1.067,-1.857
2026-09-05T15:45:00Z,-2.996,0.7,1.376,0,-1.067,-1.988
2026-09-05T16:00:00Z,-2.499,0.699,0.995,0,-1.067,-1.872
2026-09-05T16:15:00Z,-2.351,0.7,0.832,0,-1.067,-1.886
2026-09-05T16:30:00Z,-2.544,0.7,0.798,0,-1.067,-2.113
2026-09-05T16:45:00Z,-2.501,0.7,0.756,0,-1.053,-2.098
2026-09-05T17:00:00Z,-2.765,0.7,0.642,0,-0.961,-2.384
2026-09-05T17:15:00Z,-2.686,0.7,0.57,0,-0.962,-2.379
2026-09-05T17:30:00Z,-2.712,0.7,0.687,0,-0.962,-2.286
2026-09-05T17:45:00Z,-2.917,0.685,0.616,0,-0.499,-2.115
2026-09-05T18:00:00Z,-3.027,0.54,0.467,0,0.12,-1.9
2026-09-05T18:15:00Z,-3.215,0.417,0.59,0,0.12,-2.088
2026-09-05T18:30:00Z,-3.192,0.383,0.587,0,0.119,-2.103
2026-09-05T18:45:00Z,-3.081,0.481,0.681,0,0.079,-1.84
2026-09-05T19:00:00Z,-3.129,0.677,0.863,0,-0.001,-1.59
2026-09-05T19:15:00Z,-2.899,0.7,0.78,0,-0.001,-1.42
2026-09-05T19:30:00Z,-2.978,0.7,0.968,0,-0.001,-1.311
2026-09-05T19:45:00Z,-2.841,0.682,1.125,0,-0.001,-1.035
2026-09-05T20:00:00Z,-3.057,0.521,0.878,0,0.133,-1.525
2026-09-05T20:15:00Z,-3.17,0.414,1.088,0,0.132,-1.535
2026-09-05T20:30:00Z,-3.318,0.458,1.073,0,0.132,-1.655
2026-09-05T20:45:00Z,-3.297,0.463,1.101,0,0.162,-1.571
2026-09-05T21:00:00Z,-3.073,0.2,1.039,0,0.357,-1.477
2026-09-05T21:15:00Z,-3.096,0.054,1.103,0,0.357,-1.582
2026-09-05T21:30:00Z,-3.135,0.002,1.204,0,0.358,-1.571
2026-09-05T21:45:00Z,-3.017,0.063,1.129,0,0.337,-1.487
2026-09-05T22:00:00Z,-3.171,0.631,1.828,0,0.216,-0.496
2026-09-05T22:15:00Z,-3.006,0.7,1.804,0,0.216,-0.286
2026-09-05T22:30:00Z,-3.064,0.7,2.001,0,0.216,-0.147
2026-09-05T22:45:00Z,-3.179,0.7,2.097,0,0.225,-0.157
2026-09-05T23:00:00Z,-3.497,0.7,2.462,0,0.281,-0.054
2026-09-05T23:15:00Z,-3.421,0.7,2.407,0,0.281,-0.033
2026-09-05T23:30:00Z,-3.361,0.7,2.425,0,0.28,0.043
2026-09-05T23:45:00Z,-3.148,0.7,2.397,0,0.309,0.258
2026-09-06T00:00:00Z,-3.22,0.7,2.373,0,0.482,0.335
2026-09-06T00:15:00Z,-3.122,0.7,2.402,0,0.481,0.461
2026-09-06T00:30:00Z,-3.092,0.7,2.514,0,0.481,0.603
2026-09-06T00:45:00Z,-2.989,0.7,2.545,0,0.451,0.707
2026-09-06T01:00:00Z,-2.575,0.7,2.876,0,0.258,1.259
2026-09-06T01:15:00Z,-2.509,0.7,3.006,0,0.26,1.457
2026-09-06T01:30:00Z,-2.397,0.7,3.003,0,0.259,1.565
2026-09-06T01:45:00Z,-2.173,0.7,3.052,0,0.33,1.91
2026-09-06T02:00:00Z,-1.622,0.7,2.863,0,0.722,2.662
2026-09-06T02:15:00Z,-1.474,0.7,2.871,0,0.722,2.818
2026-09-06T02:30:00Z,-1.382,0.7,2.761,0,0.722,2.801
2026-09-06T02:45:00Z,-1.287,0.7,2.591,0,0.752,2.756
2026-09-06T03:00:00Z,-0.847,0.7,2.262,0,0.944,3.059
2026-09-06T03:15:00Z,-0.728,0.7,2.175,0,0.944,3.091
2026-09-06T03:30:00Z,-0.725,0.7,2.31,0,0.944,3.228
2026-09-06T03:45:00Z,-0.736,0.699,2.179,0,0.958,3.1
2026-09-06T04:00:00Z,-0.335,0.687,1.703,0,0.996,3.051
2026-09-06T04:15:00Z,-0.275,0.683,1.523,0,0.996,2.927
2026-09-06T04:30:00Z,-0.201,0.688,1.509,0,0.995,2.991
2026-09-06T04:45:00Z,0,0.699,1.561,0,0.507,2.767
2026-09-06T05:00:00Z,0.193,0.7,1.928,0,0.001,2.822
2026-09-06T05:15:00Z,0.26,0.7,1.704,0,-0,2.664
2026-09-06T05:30:00Z,0.296,0.7,1.581,0,-0,2.576
2026-09-06T05:45:00Z,0.186,0.659,1.3,0,-0,2.145
2026-09-06T06:00:00Z,-0.258,0.285,1.673,0,-0,1.701
2026-09-06T06:15:00Z,-0.596,0.239,1.578,0,-0,1.221
2026-09-06T06:30:00Z,-0.57,0.238,1.175,0,-0,0.843
2026-09-06T06:45:00Z,-0.776,0.217,0.885,0,-0,0.325
2026-09-06T07:00:00Z,-1.901,0.156,1.605,0,-0,-0.141
2026-09-06T07:15:00Z,-2.015,-0.158,1.129,0,-0,-1.045
2026-09-06T07:30:00Z,-2.36,-0.594,1.523,0,-0,-1.431
2026-09-06T07:45:00Z,-2.66,-0.633,1.587,0,-0,-1.707
2026-09-06T08:00:00Z,-3.341,-0.386,1.476,0,-0,-2.252
2026-09-06T08:15:00Z,-3.426,-0.594,1.081,0,-0,-2.939
2026-09-06T08:30:00Z,-3.112,-0.595,0.768,0,-0,-2.939
2026-09-06T08:45:00Z,-2.655,-0.557,0.11,0,-0,-3.101
2026-09-06T09:00:00Z,-2.776,-0.679,-0.598,0,-0,-4.053
2026-09-06T09:15:00Z,-2.77,-0.69,-1.011,0,-0,-4.471
2026-09-06T09:30:00Z,-3.161,-0.688,-0.278,0,-0,-4.127
2026-09-06T09:45:00Z,-2.986,-0.683,-0.396,0,-0,-4.064
2026-09-06T10:00:00Z,-2.614,-0.696,-1.206,0,-0,-4.516
2026-09-06T10:15:00Z,-2.375,-0.697,-1.116,0,-0,-4.188
2026-09-06T10:30:00Z,-2.454,-0.699,-0.966,0,-0,-4.119
2026-09-06T10:45:00Z,-2.535,-0.698,-0.959,0,-0,-4.192
2026-09-06T11:00:00Z,-2.344,-0.696,-0.351,0,-0,-3.391
2026-09-06T11:15:00Z,-2.297,-0.699,-0.317,0,-0,-3.312
2026-09-06T11:30:00Z,-2.459,-0.695,-0.405,0,-0,-3.559
2026-09-06T11:45:00Z,-2.226,-0.699,-0.212,0,-0,-3.137
2026-09-06T12:00:00Z,-2.283,-0.697,-0.34,0,-0,-3.321
2026-09-06T12:15:00Z,-2.261,-0.697,-0.487,0,-0,-3.445
2026-09-06T12:30:00Z,-2.256,-0.696,-0.532,0,-0,-3.484
2026-09-06T12:45:00Z,-2.262,-0.694,-0.628,0,-0,-3.583
2026-09-06T13:00:00Z,-2.812,-0.671,0.322,0,-0,-3.161
2026-09-06T13:15:00Z,-2.665,-0.662,0.022,0,-0,-3.305
2026-09-06T13:30:00Z,-2.114,-0.668,-0.285,0,-0,-3.067
2026-09-06T13:45:00Z,-1.769,-0.655,-0.047,0,-0,-2.472
2026-09-06T14:00:00Z,-1.392,-0.591,0.513,0,-0,-1.471
2026-09-06T14:15:00Z,-1.385,-0.194,-0.209,0,-0,-1.788
2026-09-06T14:30:00Z,-1.048,0.282,-0.265,0,-0,-1.031
2026-09-06T14:45:00Z,-0.694,0.426,-0.644,0,-0,-0.912
2026-09-06T15:00:00Z,-0.456,0.054,-0.286,0,-0,-0.688
2026-09-06T15:15:00Z,0.017,-0.561,-0.066,0,-0,-0.61
2026-09-06T15:30:00Z,-0.563,-0.342,-0.068,0,-0,-0.972
2026-09-06T15:45:00Z,-0.916,-0.426,-0.518,0,-0,-1.86
2026-09-06T16:00:00Z,-0.826,0.04,-1.096,0,-0,-1.882
2026-09-06T16:15:00Z,-0.769,0.439,-1.567,0,-0,-1.897
2026-09-06T16:30:00Z,-0.753,-0.03,-1.422,0,-0,-2.205
2026-09-06T16:45:00Z,-1.02,-0.462,-0.89,0,-0,-2.373
2026-09-06T17:00:00Z,-0.166,0.137,-1.695,0,-0,-1.724
2026-09-06T17:15:00Z,-0.003,0.634,-2.112,0,-0,-1.481
2026-09-06T17:30:00Z,-0.054,0.64,-1.955,0,-0,-1.368
2026-09-06T17:45:00Z,-0.795,0.154,-0.698,0,-0,-1.339
2026-09-06T18:00:00Z,-0.1,0.078,-1.172,0,-0,-1.193
2026-09-06T18:15:00Z,-0.264,-0.01,-0.853,0,-0,-1.127
2026-09-06T18:30:00Z,-0.583,-0.036,-0.619,0,-0,-1.238
2026-09-06T18:45:00Z,-0.916,-0.005,-0.446,0,-0,-1.367
2026-09-06T19:00:00Z,-0.92,0.095,-0.677,0,-0,-1.502
2026-09-06T19:15:00Z,-1.138,0.15,-0.835,0,-0,-1.823
2026-09-06T19:30:00Z,-1.295,0.171,-0.918,0,-0,-2.042
2026-09-06T19:45:00Z,-1.493,0.225,-1.013,0,-0,-2.282
2026-09-06T20:00:00Z,-1.764,0.601,-1.491,0,-0,-2.654
2026-09-06T20:15:00Z,-2.118,0.462,-1.158,0,-0,-2.814
2026-09-06T20:30:00Z,-2.53,0.591,-0.978,0,-0,-2.917
2026-09-06T20:45:00Z,-2.595,0.532,-1.071,0,-0,-3.135
2026-09-06T21:00:00Z,-1.819,0.51,-1.524,0,-0,-2.834
2026-09-06T21:15:00Z,-1.728,0.658,-1.383,0,-0,-2.453
2026-09-06T21:30:00Z,-1.808,0.657,-0.953,0,-0,-2.104
2026-09-06T21:45:00Z,-1.61,0.695,-0.58,0,-0,-1.495
2026-09-06T22:00:00Z,-1.553,0.7,-0.012,0,-0,-0.865
2026-09-06T22:15:00Z,-1.435,0.7,0.02,0,-0,-0.716
2026-09-06T22:30:00Z,-1.654,0.7,0.187,0,-0,-0.767
2026-09-06T22:45:00Z,-1.625,0.7,0.308,0,-0,-0.617
2026-09-06T23:00:00Z,-1.609,0.7,0.226,0,-0,-0.683
2026-09-06T23:15:00Z,-1.429,0.7,0.273,0,-0,-0.456
2026-09-06T23:30:00Z,-1.337,0.698,0.409,0,-0,-0.23
2026-09-06T23:45:00Z,-1.086,0.682,0.312,0,-0,-0.091
2026-09-07T00:00:00Z,-1.489,0.653,0.533,0,-0,-0.303
2026-09-07T00:15:00Z,-1.471,0.671,0.65,0,-0,-0.151
2026-09-07T00:30:00Z,-1.316,0.691,0.665,0,-0,0.041
2026-09-07T00:45:00Z,-1.075,0.7,0.523,0,-0,0.147
2026-09-07T01:00:00Z,-1.241,0.7,0.45,0,-0,-0.092
2026-09-07T01:15:00Z,-1.125,0.7,0.379,0,-0,-0.046
2026-09-07T01:30:00Z,-1.05,0.7,0.501,0,-0,0.151
2026-09-07T01:45:00Z,-0.971,0.696,0.561,0,-0,0.286
2026-09-07T02:00:00Z,-0.967,0.67,0.543,0,-0,0.246
2026-09-07T02:15:00Z,-1.021,0.677,0.483,0,-0,0.139
2026-09-07T02:30:00Z,-0.933,0.614,0.295,0,-0,-0.024
2026-09-07T02:45:00Z,-0.799,0.584,0.066,0,-0,-0.149
2026-09-07T03:00:00Z,-0.587,0.552,-0.153,0,-0,-0.188
2026-09-07T03:15:00Z,-0.399,0.49,-0.542,0,-0,-0.452
2026-09-07T03:30:00Z,-0.353,0.273,-0.884,0,-0,-0.963
2026-09-07T03:45:00Z,-0.457,0.347,-1.574,0,-0,-1.683
2026-09-07T04:00:00Z,-0.787,0.543,-1.875,0,-0,-2.119
2026-09-07T04:15:00Z,-0.59,0.538,-2.139,0,-0,-2.192
2026-09-07T04:30:00Z,-0.426,0.447,-2.026,0,-0,-2.006
2026-09-07T04:45:00Z,-0.537,0.51,-2.071,0,-0,-2.098
2026-09-07T05:00:00Z,-0.442,0.534,-2.249,0,-0,-2.157
2026-09-07T05:15:00Z,-0.489,0.492,-1.937,0,-0,-1.935
2026-09-07T05:30:00Z,-0.68,0.513,-1.627,0,-0,-1.794
2026-09-07T05:45:00Z,-1,0.422,-1.204,0,-0,-1.782
2026-09-07T06:00:00Z,-2.044,0.312,-0.563,0.009,-0,-2.286
2026-09-07T06:15:00Z,-2.449,0.297,-0.499,0.009,-0,-2.642
2026-09-07T06:30:00Z,-2.382,0.197,-0.712,0.009,-0,-2.888
2026-09-07T06:45:00Z,-2.441,-0.212,-0.551,0.009,-0,-3.195
2026-09-07T07:00:00Z,-2.744,-0.684,0.102,0.055,-0,-3.27
2026-09-07T07:15:00Z,-3.098,-0.637,0.313,0.055,-0,-3.367
2026-09-07T07:30:00Z,-3.037,-0.322,-0.238,0.055,-0,-3.542
2026-09-07T07:45:00Z,-2.975,-0.348,-0.241,0.055,-0,-3.51
2026-09-07T08:00:00Z,-3.084,-0.555,-0.225,0.104,-0,-3.76
2026-09-07T08:15:00Z,-2.971,-0.698,-0.069,0.104,-0,-3.634
2026-09-07T08:30:00Z,-2.944,-0.698,-0.564,0.104,-0,-4.102
2026-09-07T08:45:00Z,-3.054,-0.698,-0.557,0.104,-0,-4.205
2026-09-07T09:00:00Z,-3.028,-0.698,-0.828,0.045,-0,-4.509
2026-09-07T09:15:00Z,-2.944,-0.699,-1.099,0.045,-0,-4.696
2026-09-07T09:30:00Z,-2.907,-0.699,-1.284,0.045,-0,-4.845
2026-09-07T09:45:00Z,-2.762,-0.697,-1.378,0.045,-0,-4.792
2026-09-07T10:00:00Z,-2.964,-0.699,-1.659,0.01,-0,-5.312
2026-09-07T10:15:00Z,-3.025,-0.692,-1.38,0.01,-0,-5.086
2026-09-07T10:30:00Z,-3.005,-0.668,-1.734,0.01,-0,-5.397
2026-09-07T10:45:00Z,-2.981,-0.7,-1.795,0.01,-0,-5.466
2026-09-07T11:00:00Z,-3.09,-0.697,-1.371,0.023,-0,-5.136
2026-09-07T11:15:00Z,-3.037,-0.698,-1.195,0.023,-0,-4.907
2026-09-07T11:30:00Z,-3.115,-0.697,-0.96,0.023,-0,-4.749
2026-09-07T11:45:00Z,-3.11,-0.695,-0.865,0.023,-0,-4.648
2026-09-07T12:00:00Z,-3.281,-0.695,-0.636,0.008,-0,-4.603
2026-09-07T12:15:00Z,-3.224,-0.697,-0.648,0.008,-0,-4.562
2026-09-07T12:30:00Z,-3.207,-0.698,-0.779,0.008,-0,-4.676
2026-09-07T12:45:00Z,-2.989,-0.699,-0.831,0.008,-0,-4.511
2026-09-07T13:00:00Z,-3.179,-0.699,-1.561,0.043,-0,-5.396
2026-09-07T13:15:00Z,-3.035,-0.651,-1.361,0.043,-0,-5.005
2026-09-07T13:30:00Z,-2.833,-0.417,-1.808,0.043,-0,-5.015
2026-09-07T13:45:00Z,-2.9,-0.436,-1.584,0.043,-0,-4.877
2026-09-07T14:00:00Z,-2.425,-0.183,-2.128,0.064,-0,-4.672
2026-09-07T14:15:00Z,-2.51,-0.043,-2.419,0.064,-0,-4.908
2026-09-07T14:30:00Z,-2.213,-0.089,-2.281,0.064,-0,-4.519
2026-09-07T14:45:00Z,-2.147,0.048,-1.871,0.064,-0,-3.906
2026-09-07T15:00:00Z,-1.971,0.484,-1.97,0,-0,-3.457
2026-09-07T15:15:00Z,-1.806,0.363,-1.829,0,-0,-3.273
2026-09-07T15:30:00Z,-1.733,-0.134,-1.529,0,-0,-3.396
2026-09-07T15:45:00Z,-1.99,0.026,-2.224,0,-0,-4.188
2026-09-07T16:00:00Z,-1.813,-0.353,-2.791,0.003,-0,-4.953
2026-09-07T16:15:00Z,-1.702,-0.583,-2.982,0.003,-0,-5.263
2026-09-07T16:30:00Z,-1.462,-0.62,-3.228,0.003,-0,-5.307
2026-09-07T16:45:00Z,-1.358,-0.657,-3.566,0.003,-0,-5.578
2026-09-07T17:00:00Z,-1.555,-0.694,-3.006,0,-0,-5.255
2026-09-07T17:15:00Z,-1.455,-0.63,-2.723,0,-0,-4.808
2026-09-07T17:30:00Z,-1.609,-0.397,-2.616,0,-0,-4.622
2026-09-07T17:45:00Z,-1.778,-0.288,-2.668,0,-0,-4.734
2026-09-07T18:00:00Z,-1.721,-0.169,-2.793,-0.001,-0,-4.684
2026-09-07T18:15:00Z,-1.428,-0.631,-2.162,-0.001,-0,-4.222
2026-09-07T18:30:00Z,-1.695,-0.6,-1.942,-0.001,-0,-4.238
2026-09-07T18:45:00Z,-1.656,-0.575,-1.89,-0.001,-0,-4.122
2026-09-07T19:00:00Z,-1.832,-0.675,-1.726,-0.036,-0,-4.269
2026-09-07T19:15:00Z,-1.999,-0.606,-2.009,-0.036,-0,-4.65
2026-09-07T19:30:00Z,-2.328,-0.181,-2.198,-0.036,-0,-4.743
2026-09-07T19:45:00Z,-2.346,-0.375,-2.1,-0.036,-0,-4.857
2026-09-07T20:00:00Z,-2.303,-0.689,-2.046,0,-0,-5.038
2026-09-07T20:15:00Z,-2.364,-0.668,-2.228,0,-0,-5.26
2026-09-07T20:30:00Z,-2.581,-0.642,-1.951,0,-0,-5.174
2026-09-07T20:45:00Z,-2.592,-0.297,-2.076,0,-0,-4.965
2026-09-07T21:00:00Z,-2.318,-0.013,-2.015,0,-0,-4.346
2026-09-07T21:15:00Z,-2.125,-0.122,-2.095,0,-0,-4.342
2026-09-07T21:30:00Z,-2.356,-0.267,-1.859,0,-0,-4.482
2026-09-07T21:45:00Z,-2.314,-0.06,-1.888,0,-0,-4.261
2026-09-07T22:00:00Z,-2.111,-0.02,-2.172,0,-0,-4.303
2026-09-07T22:15:00Z,-2.075,0.01,-2.451,0,-0,-4.516
2026-09-07T22:30:00Z,-2.022,0.105,-2.548,0,-0,-4.465
2026-09-07T22:45:00Z,-1.902,0.078,-2.393,0,-0,-4.216
2026-09-07T23:00:00Z,-1.893,0.334,-2.395,0,-0,-3.955
2026-09-07T23:15:00Z,-1.837,0.468,-2.556,0,-0,-3.924
2026-09-07T23:30:00Z,-1.821,0.58,-2.52,0,-0,-3.76
2026-09-07T23:45:00Z,-1.686,0.546,-2.503,0,-0,-3.643
2026-09-08T00:00:00Z,-1.562,0.63,-2.536,0,-0,-3.468
2026-09-08T00:15:00Z,-1.529,0.675,-2.631,0,-0,-3.485
2026-09-08T00:30:00Z,-1.569,0.675,-2.741,0,-0,-3.635
2026-09-08T00:45:00Z,-1.627,0.678,-2.759,0,-0,-3.708
2026-09-08T01:00:00Z,-1.527,0.681,-2.351,0,-0,-3.197
2026-09-08T01:15:00Z,-1.471,0.697,-2.716,0,-0,-3.489
2026-09-08T01:30:00Z,-1.399,0.693,-2.521,0,-0,-3.227
2026-09-08T01:45:00Z,-1.35,0.622,-2.393,0,-0,-3.121
2026-09-08T02:00:00Z,-1.458,0.544,-2.274,0,-0,-3.187
2026-09-08T02:15:00Z,-1.416,0.503,-2.565,0,-0,-3.478
2026-09-08T02:30:00Z,-1.527,0.408,-2.665,0,-0,-3.785
2026-09-08T02:45:00Z,-1.4,0.344,-2.455,0,-0,-3.511
2026-09-08T03:00:00Z,-1.299,0.541,-2.586,0,-0,-3.344
2026-09-08T03:15:00Z,-1.283,0.47,-2.786,0,-0,-3.598
2026-09-08T03:30:00Z,-0.886,-0.002,-2.903,0,-0,-3.79
2026-09-08T03:45:00Z,-0.697,-0.321,-2.874,0,-0,-3.892
2026-09-08T04:00:00Z,-1.187,0.048,-2.845,0,-0,-3.984
2026-09-08T04:15:00Z,-1.094,-0.25,-2.759,0,-0,-4.103
2026-09-08T04:30:00Z,-0.944,-0.626,-2.491,0,-0,-4.062
2026-09-08T04:45:00Z,-0.809,-0.463,-2.163,0,-0,-3.434
2026-09-08T05:00:00Z,-1.375,0.115,-2.054,0,-0,-3.314
2026-09-08T05:15:00Z,-1.365,0.523,-2.217,0,-0,-3.06
2026-09-08T05:30:00Z,-0.443,0.671,-2.738,0,-0,-2.511
2026-09-08T05:45:00Z,-0.495,0.657,-2.512,0,-0,-2.35
2026-09-08T06:00:00Z,-1.447,0.694,-1.58,0.175,-0,-2.157
2026-09-08T06:15:00Z,-1.716,0.69,-1.064,0.175,-0,-1.915
2026-09-08T06:30:00Z,-1.714,0.604,-1.029,0.175,-0,-1.964
2026-09-08T06:45:00Z,-1.857,0.677,-0.644,0.175,-0,-1.648
2026-09-08T07:00:00Z,-2.122,0.686,0.613,0.676,-0,-0.148
2026-09-08T07:15:00Z,-2.28,0.694,1.425,0.676,-0,0.515
2026-09-08T07:30:00Z,-2.289,0.658,1.582,0.676,-0,0.627
2026-09-08T07:45:00Z,-2.249,0.662,1.398,0.676,-0,0.486
2026-09-08T08:00:00Z,-1.971,0.695,1.366,0.619,-0,0.709
2026-09-08T08:15:00Z,-2.147,0.7,1.653,0.619,-0,0.826
2026-09-08T08:30:00Z,-2.263,0.697,1.911,0.619,-0,0.963
2026-09-08T08:45:00Z,-2.476,0.662,2.099,0.619,-0,0.904
2026-09-08T09:00:00Z,-2.813,0.623,2.464,0.62,-0,0.894
2026-09-08T09:15:00Z,-2.872,0.69,2.707,0.62,-0,1.146
2026-09-08T09:30:00Z,-2.686,0.7,2.719,0.62,-0,1.353
2026-09-08T09:45:00Z,-2.553,0.7,2.768,0.62,-0,1.536
2026-09-08T10:00:00Z,-2.241,0.7,2.521,0.065,-0,1.044
2026-09-08T10:15:00Z,-2.289,0.7,2.388,0.065,-0,0.863
2026-09-08T10:30:00Z,-2.02,0.7,2.514,0.065,-0,1.259
2026-09-08T10:45:00Z,-1.979,0.7,2.22,0.065,-0,1.005
2026-09-08T11:00:00Z,-1.805,0.7,2.456,-0.358,-0,0.992
2026-09-08T11:15:00Z,-1.495,0.7,2.471,-0.358,-0,1.318
2026-09-08T11:30:00Z,-1.494,0.7,2.64,-0.358,-0,1.488
2026-09-08T11:45:00Z,-1.27,0.7,2.757,-0.358,-0,1.829
2026-09-08T12:00:00Z,-1.293,0.701,2.907,-0.688,-0,1.627
2026-09-08T12:15:00Z,-1.306,0.7,2.852,-0.688,-0,1.559
2026-09-08T12:30:00Z,-1.222,0.7,2.92,-0.688,-0,1.711
2026-09-08T12:45:00Z,-1.223,0.7,3.163,-0.688,-0,1.952
2026-09-08T13:00:00Z,-1.537,0.7,3.275,-0.625,-0,1.812
2026-09-08T13:15:00Z,-1.493,0.7,3.09,-0.625,-0,1.671
2026-09-08T13:30:00Z,-1.459,0.7,3.045,-0.625,-0,1.661
2026-09-08T13:45:00Z,-1.282,0.7,3.001,-0.625,-0,1.794
2026-09-08T14:00:00Z,-0.678,0.7,2.65,-0.516,-0,2.155
2026-09-08T14:15:00Z,-0.195,0.7,2.574,-0.516,-0,2.562
2026-09-08T14:30:00Z,-0.401,0.7,2.658,-0.516,-0,2.44
2026-09-08T14:45:00Z,-0.704,0.7,2.358,-0.516,-0,1.837
2026-09-08T15:00:00Z,-0.266,0.7,2.004,0.003,-0,2.441
2026-09-08T15:15:00Z,0.094,0.7,1.55,0.003,-0,2.346
2026-09-08T15:30:00Z,0.436,0.7,0.676,0.003,-0,1.814
2026-09-08T15:45:00Z,0.468,0.7,0.296,0.003,-0,1.466
2026-09-08T16:00:00Z,0.069,0.7,-0.489,0,-0,0.28
2026-09-08T16:15:00Z,0.058,0.7,-1.563,0,-0,-0.804
2026-09-08T16:30:00Z,0.145,0.7,-1.9,0,-0,-1.055
2026-09-08T16:45:00Z,-0.038,0.7,-2.33,0,-0,-1.668
2026-09-08T17:00:00Z,-0.793,0.7,-2.29,0,-0,-2.382
2026-09-08T17:15:00Z,-1.162,0.7,-2.481,0,-0,-2.943
2026-09-08T17:30:00Z,-1.319,0.7,-2.301,0,-0,-2.919
2026-09-08T17:45:00Z,-1.732,0.699,-2.416,0,-0,-3.45
2026-09-08T18:00:00Z,-1.656,0.675,-2.418,0,-0,-3.4
2026-09-08T18:15:00Z,-1.758,0.606,-2.062,0,-0,-3.214
2026-09-08T18:30:00Z,-1.954,0.593,-2.462,0,-0,-3.823
2026-09-08T18:45:00Z,-2.122,0.313,-2.385,0,-0,-4.194
2026-09-08T19:00:00Z,-1.954,-0.385,-2.162,0,-0,-4.502
2026-09-08T19:15:00Z,-2.081,-0.585,-2.146,0,-0,-4.812
2026-09-08T19:30:00Z,-1.425,-0.571,-2.485,0,-0,-4.482
2026-09-08T19:45:00Z,-1.633,-0.699,-2.36,0,-0,-4.692
2026-09-08T20:00:00Z,-1.238,-0.698,-2.686,0,-0,-4.623
2026-09-08T20:15:00Z,-1.489,-0.698,-2.709,0,-0,-4.896
2026-09-08T20:30:00Z,-1.726,-0.668,-2.105,0,-0,-4.499
2026-09-08T20:45:00Z,-1.879,-0.399,-1.833,0,-0,-4.11
2026-09-08T21:00:00Z,-1.771,0.166,-2.116,0,-0,-3.721
2026-09-08T21:15:00Z,-1.383,0.447,-2.274,0,-0,-3.21
2026-09-08T21:30:00Z,-1.346,0.288,-2.133,0,-0,-3.192
2026-09-08T21:45:00Z,-1.327,0.639,-2.243,0,-0,-2.931
2026-09-08T22:00:00Z,-1.535,0.565,-0.976,0,-0,-1.946
2026-09-08T22:15:00Z,-1.526,0.531,-0.803,0,-0,-1.799
2026-09-08T22:30:00Z,-1.597,0.595,-0.374,0,-0,-1.377
2026-09-08T22:45:00Z,-1.707,0.572,-0.343,0,-0,-1.478
2026-09-08T23:00:00Z,-1.707,0.458,-0.314,0,-0,-1.564
2026-09-08T23:15:00Z,-1.554,0.663,-0.269,0,-0,-1.16
2026-09-08T23:30:00Z,-1.556,0.686,-0.258,0,-0,-1.128
2026-09-08T23:45:00Z,-1.554,0.556,-0.263,0,-0,-1.261
2026-09-09T00:00:00Z,-1.39,0.374,-0.068,0,-0,-1.084
2026-09-09T00:15:00Z,-1.405,0.419,-0.307,0,-0,-1.293
2026-09-09T00:30:00Z,-1.518,0.421,-0.528,0,-0,-1.624
2026-09-09T00:45:00Z,-1.461,0.497,-0.905,0,-0,-1.869
2026-09-09T01:00:00Z,-1.665,0.335,-0.635,0,-0,-1.965
2026-09-09T01:15:00Z,-1.605,0.369,-0.678,0,-0,-1.914
2026-09-09T01:30:00Z,-1.744,0.408,-0.75,0,-0,-2.086
2026-09-09T01:45:00Z,-1.825,0.446,-0.771,0,-0,-2.15
2026-09-09T02:00:00Z,-1.781,0.632,-1.264,0,-0,-2.412
2026-09-09T02:15:00Z,-1.675,0.671,-1.68,0,-0,-2.685
2026-09-09T02:30:00Z,-1.621,0.541,-1.632,0,-0,-2.712
2026-09-09T02:45:00Z,-1.685,0.612,-1.718,0,-0,-2.791
2026-09-09T03:00:00Z,-1.263,0.691,-2.524,0,-0,-3.096
2026-09-09T03:15:00Z,-1.248,0.7,-2.861,0,-0,-3.41
2026-09-09T03:30:00Z,-1.39,0.7,-2.687,0,-0,-3.377
2026-09-09T03:45:00Z,-1.633,0.699,-2.499,0,-0,-3.433
2026-09-09T04:00:00Z,-1.776,0.689,-2.651,0,-0,-3.739
2026-09-09T04:15:00Z,-1.569,0.638,-2.899,0,-0,-3.829
2026-09-09T04:30:00Z,-1.659,0.273,-2.345,0,-0,-3.732
2026-09-09T04:45:00Z,-1.811,-0.077,-2.301,0,-0,-4.19
2026-09-09T05:00:00Z,-2.29,-0.194,-1.307,0,-0,-3.791
2026-09-09T05:15:00Z,-1.995,0.341,-2.031,0,-0,-3.685
2026-09-09T05:30:00Z,-2.203,0.559,-2.105,0,-0,-3.748
2026-09-09T05:45:00Z,-2.272,0.242,-1.982,0,-0,-4.011
2026-09-09T06:00:00Z,-2.896,-0.473,-1.242,0,-0,-4.611
2026-09-09T06:15:00Z,-2.984,-0.697,-0.923,0,-0,-4.604
2026-09-09T06:30:00Z,-3.152,-0.644,-1.144,0,-0,-4.939
2026-09-09T06:45:00Z,-3.91,-0.414,-0.773,0,-0,-5.097
2026-09-09T07:00:00Z,-3.237,-0.688,-1.32,0,-0,-5.245
2026-09-09T07:15:00Z,-3.135,-0.661,-1.437,0,-0,-5.232
2026-09-09T07:30:00Z,-3.356,-0.678,-1.17,0,-0,-5.203
2026-09-09T07:45:00Z,-3.418,-0.698,-0.98,0,-0,-5.095
2026-09-09T08:00:00Z,-3.314,-0.697,-1.322,-0.082,-0,-5.415
2026-09-09T08:15:00Z,-3.211,-0.66,-1.547,-0.082,-0,-5.5
2026-09-09T08:30:00Z,-2.935,-0.464,-2.068,-0.082,-0,-5.549
2026-09-09T08:45:00Z,-2.851,-0.509,-2.13,-0.082,-0,-5.572
2026-09-09T09:00:00Z,-2.409,-0.674,-1.55,-0.617,-0,-5.25
2026-09-09T09:15:00Z,-2.367,-0.578,-1.652,-0.617,-0,-5.214
2026-09-09T09:30:00Z,-2.32,-0.652,-1.356,-0.617,-0,-4.945
2026-09-09T09:45:00Z,-2.467,-0.547,-1.293,-0.617,-0,-4.925
2026-09-09T10:00:00Z,-2.355,-0.52,-1.658,-0.318,-0,-4.851
2026-09-09T10:15:00Z,-2.408,-0.548,-1.468,-0.318,-0,-4.742
2026-09-09T10:30:00Z,-2.536,-0.335,-1.614,-0.318,-0,-4.803
2026-09-09T10:45:00Z,-2.406,0.081,-2.015,-0.318,-0,-4.657
2026-09-09T11:00:00Z,-2.277,0.616,-2.243,-0.282,-0,-4.186
2026-09-09T11:15:00Z,-2.052,0.502,-1.881,-0.282,-0,-3.714
2026-09-09T11:30:00Z,-2.275,0.406,-1.731,-0.282,-0,-3.881
2026-09-09T11:45:00Z,-2.504,0.334,-1.853,-0.282,-0,-4.304
2026-09-09T12:00:00Z,-2.768,-0.362,-1.588,-0.614,-0,-5.332
2026-09-09T12:15:00Z,-2.855,-0.694,-0.879,-0.614,-0,-5.042
2026-09-09T12:30:00Z,-2.86,-0.698,-0.823,-0.614,-0,-4.995
2026-09-09T12:45:00Z,-2.802,-0.621,-0.851,-0.614,-0,-4.888
2026-09-09T13:00:00Z,-3.058,-0.286,-1.303,-0.479,-0,-5.127
2026-09-09T13:15:00Z,-2.796,-0.63,-1.071,-0.479,-0,-4.976
2026-09-09T13:30:00Z,-2.742,-0.621,-0.885,-0.479,-0,-4.727
2026-09-09T13:45:00Z,-2.958,-0.589,-0.747,-0.479,-0,-4.772
2026-09-09T14:00:00Z,-3.169,-0.465,-0.359,-0.354,-0,-4.347
2026-09-09T14:15:00Z,-3.234,-0.557,-0.148,-0.354,-0,-4.292
2026-09-09T14:30:00Z,-3.146,-0.459,-0.231,-0.354,-0,-4.191
2026-09-09T14:45:00Z,-3.106,0.006,-0.201,-0.354,-0,-3.656
2026-09-09T15:00:00Z,-2.979,0.051,0.231,0.12,-0,-2.578
2026-09-09T15:15:00Z,-2.828,0.178,0.398,0.12,-0,-2.132
2026-09-09T15:30:00Z,-3.052,0.256,0.336,0.12,-0,-2.34
2026-09-09T15:45:00Z,-2.902,0.136,0.04,0.12,-0,-2.606
2026-09-09T16:00:00Z,-2.706,-0.437,0.592,0.22,-0,-2.331
2026-09-09T16:15:00Z,-2.755,-0.275,0.605,0.22,-0,-2.205
2026-09-09T16:30:00Z,-2.792,-0.116,0.632,0.22,-0,-2.055
2026-09-09T16:45:00Z,-3.002,-0.271,0.666,0.22,-0,-2.387
2026-09-09T17:00:00Z,-3.298,-0.162,0.748,0.599,-0,-2.112
2026-09-09T17:15:00Z,-3.47,-0.167,1.046,0.599,-0,-1.992
2026-09-09T17:30:00Z,-3.563,-0.136,1.313,0.599,-0,-1.787
2026-09-09T17:45:00Z,-3.577,-0.107,1.588,0.599,-0,-1.497
2026-09-09T18:00:00Z,-3.3,0.319,1.475,0.606,-0,-0.901
2026-09-09T18:15:00Z,-3.387,0.279,1.654,0.606,-0,-0.848
2026-09-09T18:30:00Z,-3.446,0.324,1.778,0.606,0,-0.739
2026-09-09T18:45:00Z,-3.485,0.422,2.01,0.606,-0,-0.447
2026-09-09T19:00:00Z,-3.46,0.443,2.059,0.599,-0,-0.359
2026-09-09T19:15:00Z,-3.364,0.494,1.962,0.599,-0,-0.309
2026-09-09T19:30:00Z,-3.494,0.539,2.235,0.599,-0,-0.121
2026-09-09T19:45:00Z,-3.703,0.678,2.406,0.599,-0,-0.02
2026-09-09T20:00:00Z,-3.97,0.652,2.102,0.601,-0,-0.616
2026-09-09T20:15:00Z,-3.892,0.653,2.099,0.601,-0,-0.54
2026-09-09T20:30:00Z,-4.016,0.49,2.394,0.601,-0,-0.531
2026-09-09T20:45:00Z,-3.863,0.488,2.434,0.601,-0,-0.34
2026-09-09T21:00:00Z,-3.676,0.677,2.25,0.601,-0,-0.148
2026-09-09T21:15:00Z,-3.667,0.7,2.432,0.601,-0,0.066
2026-09-09T21:30:00Z,-3.685,0.7,2.442,0.601,-0,0.058
2026-09-09T21:45:00Z,-3.586,0.7,2.328,0.601,-0,0.042
2026-09-09T22:00:00Z,-3.715,0.7,2.256,0.601,-0,-0.159
2026-09-09T22:15:00Z,-3.889,0.7,2.256,0.601,-0,-0.332
2026-09-09T22:30:00Z,-3.847,0.7,2.264,0.601,-0,-0.282
2026-09-09T22:45:00Z,-3.756,0.7,2.26,0.601,-0,-0.196
2026-09-09T23:00:00Z,-3.761,0.7,2.074,0.601,-0,-0.386
2026-09-09T23:15:00Z,-3.573,0.7,1.902,0.601,-0,-0.369
2026-09-09T23:30:00Z,-3.584,0.7,1.939,0.601,-0,-0.344
2026-09-09T23:45:00Z,-3.506,0.7,2.016,0.601,-0,-0.189
2026-09-10T00:00:00Z,-3.494,0.7,1.905,0.601,-0,-0.288
2026-09-10T00:15:00Z,-3.458,0.7,1.878,0.601,-0,-0.279
2026-09-10T00:30:00Z,-3.427,0.7,1.924,0.601,-0,-0.202
2026-09-10T00:45:00Z,-3.465,0.7,1.982,0.601,-0,-0.182
2026-09-10T01:00:00Z,-3.317,0.7,1.767,0.601,-0,-0.25
2026-09-10T01:15:00Z,-3.422,0.7,1.86,0.601,-0,-0.261
2026-09-10T01:30:00Z,-3.354,0.7,1.944,0.601,-0,-0.11
2026-09-10T01:45:00Z,-3.321,0.699,1.695,0.601,-0,-0.326
2026-09-10T02:00:00Z,-3.078,0.693,1.425,0.601,-0,-0.359
2026-09-10T02:15:00Z,-3.062,0.699,1.482,0.601,-0,-0.28
2026-09-10T02:30:00Z,-3.492,0.7,1.915,0.601,-0,-0.277
2026-09-10T02:45:00Z,-3.369,0.7,1.865,0.601,-0,-0.203
2026-09-10T03:00:00Z,-2.338,0.7,0.759,0.598,-0,-0.281
2026-09-10T03:15:00Z,-2.115,0.699,0.2,0.598,-0,-0.618
2026-09-10T03:30:00Z,-1.548,0.682,-0.032,0.598,-0,-0.301
2026-09-10T03:45:00Z,-1.101,0.592,-0.511,0.598,-0,-0.421
2026-09-10T04:00:00Z,-0.939,0.509,-0.732,0.601,-0,-0.561
2026-09-10T04:15:00Z,-0.803,0.441,-1.208,0.601,-0,-0.97
2026-09-10T04:30:00Z,-0.922,0.354,-0.733,0.601,-0,-0.7
2026-09-10T04:45:00Z,-0.833,0.319,-0.386,0.601,-0,-0.299
2026-09-10T05:00:00Z,-0.613,0.333,-0.473,0.601,-0,-0.153
2026-09-10T05:15:00Z,-0.776,0.337,-0.355,0.601,-0,-0.194
2026-09-10T05:30:00Z,-1.141,0.327,-0.042,0.601,-0,-0.255
2026-09-10T05:45:00Z,-1.18,0.327,0.316,0.601,-0,0.063
2026-09-10T06:00:00Z,-1.465,0.271,0.241,0.599,-0,-0.353
2026-09-10T06:15:00Z,-1.718,0.249,0.076,0.599,-0,-0.794
2026-09-10T06:30:00Z,-1.958,0.271,-0.088,0.599,-0,-1.176
2026-09-10T06:45:00Z,-2.097,0.195,-0.083,0.599,-0,-1.385
2026-09-10T07:00:00Z,-2.266,-0.417,0.341,0.376,-0,-1.966
2026-09-10T07:15:00Z,-2.372,-0.46,0.42,0.376,-0,-2.035
2026-09-10T07:30:00Z,-2.434,-0.351,0.783,0.376,-0,-1.626
2026-09-10T07:45:00Z,-2.18,-0.191,0.937,0.376,-0,-1.058
2026-09-10T08:00:00Z,-2.089,0.068,1.088,-0.18,-0,-1.114
2026-09-10T08:15:00Z,-2.311,0.06,0.962,-0.18,-0,-1.469
2026-09-10T08:30:00Z,-2.496,0.05,0.764,-0.18,-0,-1.862
2026-09-10T08:45:00Z,-2.429,0.075,0.914,-0.18,-0,-1.62
2026-09-10T09:00:00Z,-1.937,0.386,-0.641,-0.561,-0,-2.753
2026-09-10T09:15:00Z,-1.777,0.451,-0.858,-0.561,-0,-2.745
2026-09-10T09:30:00Z,-1.725,0.417,-0.648,-0.561,-0,-2.517
2026-09-10T09:45:00Z,-1.789,0.343,-0.681,-0.561,-0,-2.688
2026-09-10T10:00:00Z,-1.624,0.352,-1.056,-0.628,-0,-2.956
2026-09-10T10:15:00Z,-1.583,0.367,-1.466,-0.628,-0,-3.309
2026-09-10T10:30:00Z,-1.704,0.311,-1.747,-0.628,-0,-3.768
2026-09-10T10:45:00Z,-1.715,0.317,-1.951,-0.628,-0,-3.976
2026-09-10T11:00:00Z,-1.86,0.237,-1.878,-0.628,-0,-4.129
2026-09-10T11:15:00Z,-1.953,0.204,-1.828,-0.628,-0,-4.205
2026-09-10T11:30:00Z,-2.046,0.245,-1.591,-0.628,-0,-4.02
2026-09-10T11:45:00Z,-2.15,0.299,-1.679,-0.628,-0,-4.157
2026-09-10T12:00:00Z,-2.107,0.057,-1.463,-0.628,-0,-4.141
2026-09-10T12:15:00Z,-2.067,0.021,-1.169,-0.628,-0,-3.843
2026-09-10T12:30:00Z,-2.111,0.118,-1.227,-0.628,-0,-3.848
2026-09-10T12:45:00Z,-1.926,0.064,-1.04,-0.628,-0,-3.53
2026-09-10T13:00:00Z,-1.892,0.331,-1.063,-0.389,-0,-3.013
2026-09-10T13:15:00Z,-1.569,0.459,-1.022,-0.389,-0,-2.521
2026-09-10T13:30:00Z,-1.618,0.441,-1.065,-0.389,-0,-2.63
2026-09-10T13:45:00Z,-1.762,0.469,-1.167,-0.389,-0,-2.849
2026-09-10T14:00:00Z,-1.791,0.492,-1.287,-0.074,-0,-2.66
2026-09-10T14:15:00Z,-1.518,0.358,-1.437,-0.074,-0,-2.671
2026-09-10T14:30:00Z,-1.598,0.197,-1.324,-0.074,-0,-2.799
2026-09-10T14:45:00Z,-1.701,0.149,-1.553,-0.074,-0,-3.179
2026-09-10T15:00:00Z,-1.734,0.096,-1.328,0.294,-0,-2.672
2026-09-10T15:15:00Z,-1.811,-0.256,-1.544,0.294,-0,-3.316
2026-09-10T15:30:00Z,-1.709,-0.592,-1.785,0.294,-0,-3.792
2026-09-10T15:45:00Z,-1.55,-0.429,-2.027,0.294,-0,-3.713
2026-09-10T16:00:00Z,-1.281,-0.659,-2.423,0.6,-0,-3.763
2026-09-10T16:15:00Z,-1.591,-0.611,-2.308,0.6,-0,-3.909
2026-09-10T16:30:00Z,-1.409,-0.693,-2.382,0.6,-0,-3.883
2026-09-10T16:45:00Z,-1.552,-0.673,-2.269,0.6,-0,-3.894
2026-09-10T17:00:00Z,-1.431,-0.695,-2.386,0.601,-0,-3.911
2026-09-10T17:15:00Z,-1.586,-0.697,-2.331,0.601,-0,-4.014
2026-09-10T17:30:00Z,-1.638,-0.696,-2.12,0.601,-0,-3.854
2026-09-10T17:45:00Z,-1.47,-0.684,-2.037,0.601,-0,-3.591
2026-09-10T18:00:00Z,-1.522,-0.65,-1.922,0.601,-0,-3.493
2026-09-10T18:15:00Z,-1.652,-0.649,-1.541,0.601,-0,-3.241
2026-09-10T18:30:00Z,-1.789,-0.665,-1.431,0.601,-0,-3.284
2026-09-10T18:45:00Z,-1.779,-0.678,-1.43,0.601,-0,-3.287
2026-09-10T19:00:00Z,-1.697,-0.697,-1.797,0.601,-0,-3.59
2026-09-10T19:15:00Z,-1.945,-0.698,-1.83,0.601,-0,-3.872
2026-09-10T19:30:00Z,-1.969,-0.693,-1.901,0.601,-0,-3.962
2026-09-10T19:45:00Z,-1.981,-0.671,-2.078,0.601,-0,-4.129
2026-09-10T20:00:00Z,-2.744,-0.597,-2.052,0.601,-0,-4.793
2026-09-10T20:15:00Z,-3.191,-0.544,-1.922,0.601,-0,-5.056
2026-09-10T20:30:00Z,-2.723,-0.557,-2.624,0.601,-0,-5.304
2026-09-10T20:45:00Z,-2.807,0.07,-2.729,0.601,-0,-4.866
2026-09-10T21:00:00Z,-2.408,0.54,-3.151,0.6,-0,-4.418
2026-09-10T21:15:00Z,-2.383,0.689,-3.37,0.6,-0,-4.464
2026-09-10T21:30:00Z,-2.702,0.701,-3.081,0.6,-0,-4.483
2026-09-10T21:45:00Z,-2.533,0.649,-3.217,0.6,-0,-4.502
2026-09-10T22:00:00Z,-2.863,0.278,-2.401,0.6,-0,-4.386
2026-09-10T22:15:00Z,-2.911,0.405,-2.195,0.6,-0,-4.101
2026-09-10T22:30:00Z,-3.247,0.392,-1.72,0.6,-0,-3.975
2026-09-10T22:45:00Z,-3.165,0.371,-1.163,0.6,-0,-3.357
2026-09-10T23:00:00Z,-3.07,0.604,-1.159,0.595,-0,-3.031
2026-09-10T23:15:00Z,-2.962,0.692,-1.07,0.595,-0,-2.745
2026-09-10T23:30:00Z,-3.027,0.692,-1.034,0.595,-0,-2.775
2026-09-10T23:45:00Z,-2.987,0.628,-0.914,0.595,-0,-2.678
2026-09-11T00:00:00Z,-2.729,0.691,-1.377,0.597,-0,-2.818
2026-09-11T00:15:00Z,-2.552,0.697,-1.399,0.597,-0,-2.657
2026-09-11T00:30:00Z,-2.384,0.667,-1.45,0.597,-0,-2.571
2026-09-11T00:45:00Z,-2.288,0.666,-1.718,0.597,-0,-2.743
2026-09-11T01:00:00Z,-2.251,0.696,-1.602,0.6,-0,-2.556
2026-09-11T01:15:00Z,-2.223,0.699,-1.734,0.6,-0,-2.658
2026-09-11T01:30:00Z,-2.291,0.699,-1.999,0.6,-0,-2.991
2026-09-11T01:45:00Z,-2.272,0.699,-1.971,0.6,-0,-2.943
2026-09-11T02:00:00Z,-2.179,0.699,-1.759,0.59,-0,-2.649
2026-09-11T02:15:00Z,-2.079,0.696,-1.862,0.59,-0,-2.655
2026-09-11T02:30:00Z,-2.134,0.653,-1.927,0.59,-0,-2.818
2026-09-11T02:45:00Z,-2.076,0.551,-1.916,0.59,-0,-2.852
2026-09-11T03:00:00Z,-2.022,0.683,-2.226,0.577,-0,-2.989
2026-09-11T03:15:00Z,-1.787,0.694,-2.46,0.577,-0,-2.977
2026-09-11T03:30:00Z,-1.679,0.596,-2.448,0.577,-0,-2.953
2026-09-11T03:45:00Z,-1.917,0.252,-2.453,0.577,-0,-3.541
2026-09-11T04:00:00Z,-2.42,0.515,-2.599,0.599,-0,-3.904
2026-09-11T04:15:00Z,-2.293,0.31,-2.615,0.599,-0,-3.999
2026-09-11T04:30:00Z,-1.982,0.08,-2.431,0.599,-0,-3.734
2026-09-11T04:45:00Z,-1.905,0.025,-2.277,0.599,-0,-3.557
2026-09-11T05:00:00Z,-1.855,0.033,-2.352,0.599,-0,-3.575
2026-09-11T05:15:00Z,-1.944,0.441,-2.307,0.599,-0,-3.212
2026-09-11T05:30:00Z,-2.148,0.574,-2.32,0.599,-0,-3.295
2026-09-11T05:45:00Z,-2.243,0.647,-2.158,0.599,-0,-3.155
2026-09-11T06:00:00Z,-2.426,0.695,-1.681,0.6,-0,-2.812
2026-09-11T06:15:00Z,-2.554,0.7,-1.163,0.6,-0,-2.416
2026-09-11T06:30:00Z,-2.504,0.7,-0.917,0.6,-0,-2.121
2026-09-11T06:45:00Z,-2.588,0.634,-0.273,0.6,-0,-1.627
2026-09-11T07:00:00Z,-2.675,0.104,0.13,0.561,-0,-1.88
2026-09-11T07:15:00Z,-2.847,-0.325,0.76,0.561,-0,-1.85
2026-09-11T07:30:00Z,-2.912,-0.591,1.02,0.561,-0,-1.921
2026-09-11T07:45:00Z,-2.888,-0.087,1.138,0.561,-0,-1.276
2026-09-11T08:00:00Z,-2.86,0.351,1.129,0.451,-0,-0.93
2026-09-11T08:15:00Z,-2.597,0.519,1.69,0.451,-0,0.063
2026-09-11T08:30:00Z,-2.484,0.6,1.706,0.451,-0,0.272
2026-09-11T08:45:00Z,-2.568,0.562,1.983,0.451,-0,0.428
2026-09-11T09:00:00Z,-2.684,0.666,2.531,0.194,-0,0.708
2026-09-11T09:15:00Z,-2.6,0.682,2.59,0.194,-0,0.866
2026-09-11T09:30:00Z,-2.374,0.689,2,0.194,-0,0.509
2026-09-11T09:45:00Z,-2.292,0.699,1.753,0.194,-0,0.354
2026-09-11T10:00:00Z,-2.054,0.7,2.283,0.114,-0,1.044
2026-09-11T10:15:00Z,-1.981,0.7,2.436,0.114,-0,1.269
2026-09-11T10:30:00Z,-1.894,0.7,2.225,0.114,-0,1.145
2026-09-11T10:45:00Z,-1.952,0.7,2.052,0.114,-0,0.914
2026-09-11T11:00:00Z,-2.039,0.7,1.93,0.142,-0,0.732
2026-09-11T11:15:00Z,-2.061,0.7,1.99,0.142,-0,0.77
2026-09-11T11:30:00Z,-2.042,0.7,1.692,0.142,-0,0.492
2026-09-11T11:45:00Z,-1.867,0.7,1.917,0.142,-0,0.891
2026-09-11T12:00:00Z,-2.017,0.701,1.373,0.05,-0,0.107
2026-09-11T12:15:00Z,-1.77,0.7,1.303,0.05,-0,0.282
2026-09-11T12:30:00Z,-1.715,0.7,1.196,0.05,-0,0.231
2026-09-11T12:45:00Z,-1.737,0.7,1,0.05,-0,0.013
2026-09-11T13:00:00Z,-1.866,0.7,1.179,0.351,-0,0.364
2026-09-11T13:15:00Z,-2.009,0.7,1.125,0.351,-0,0.167
2026-09-11T13:30:00Z,-1.883,0.7,1.099,0.351,-0,0.267
2026-09-11T13:45:00Z,-1.959,0.687,1.143,0.351,-0,0.221
2026-09-11T14:00:00Z,-2.102,0.575,0.745,0.595,-0,-0.187
2026-09-11T14:15:00Z,-2.226,0.626,0.553,0.595,-0,-0.453
2026-09-11T14:30:00Z,-2.302,0.545,0.525,0.595,-0,-0.638
2026-09-11T14:45:00Z,-2.536,0.417,0.143,0.595,-0,-1.381
2026-09-11T15:00:00Z,-2.313,-0.126,-0.196,0.562,-0,-2.073
2026-09-11T15:15:00Z,-2.744,-0.303,-0.258,0.562,-0,-2.743
2026-09-11T15:30:00Z,-2.736,-0.36,-0.499,0.562,-0,-3.034
2026-09-11T15:45:00Z,-2.547,-0.479,-1.018,0.562,-0,-3.482
2026-09-11T16:00:00Z,-1.269,-0.388,-2.552,0.601,-0,-3.608
2026-09-11T16:15:00Z,-0.599,-0.296,-3.282,0.601,-0,-3.576
2026-09-11T16:30:00Z,-1.44,-0.493,-2.159,0.601,-0,-3.491
2026-09-11T16:45:00Z,-1.855,-0.534,-1.383,0.601,-0,-3.172
2026-09-11T17:00:00Z,-2.064,-0.677,-0.698,0.601,-0,-2.838
2026-09-11T17:15:00Z,-2.155,-0.689,-0.541,0.601,-0,-2.784
2026-09-11T17:30:00Z,-2.356,-0.686,-0.142,0.601,-0,-2.583
2026-09-11T17:45:00Z,-2.538,-0.698,-0.105,0.601,-0,-2.739
2026-09-11T18:00:00Z,-2.295,-0.693,-0.281,0.601,-0,-2.669
2026-09-11T18:15:00Z,-2.324,-0.663,-0.002,0.601,-0,-2.388
2026-09-11T18:30:00Z,-2.384,-0.579,0.22,0.601,-0,-2.143
2026-09-11T18:45:00Z,-2.176,-0.28,-0.105,0.601,-0,-1.96
2026-09-11T19:00:00Z,-2.473,-0.446,0.25,0.601,-0,-2.068
2026-09-11T19:15:00Z,-2.381,-0.504,-0.042,0.601,-0,-2.328
2026-09-11T19:30:00Z,-2.253,-0.532,-0.322,0.601,-0,-2.507
2026-09-11T19:45:00Z,-2.377,-0.553,0.055,0.601,-0,-2.275
2026-09-11T20:00:00Z,-1.966,-0.497,-0.394,0.601,-0,-2.256
2026-09-11T20:15:00Z,-2.084,-0.505,-0.392,0.601,-0,-2.38
2026-09-11T20:30:00Z,-2.38,-0.383,-0.166,0.601,-0,-2.328
2026-09-11T20:45:00Z,-2.38,-0.147,-0.314,0.601,-0,-2.24
2026-09-11T21:00:00Z,-1.909,0.306,-1.332,0.6,-0,-2.335
2026-09-11T21:15:00Z,-1.895,0.318,-1.358,0.6,-0,-2.335
2026-09-11T21:30:00Z,-2.084,0.361,-1.217,0.6,-0,-2.34
2026-09-11T21:45:00Z,-2.146,0.447,-1.226,0.6,-0,-2.325
2026-09-11T22:00:00Z,-1.688,0.662,-1.901,0.6,-0,-2.327
2026-09-11T22:15:00Z,-1.605,0.638,-2.233,0.6,-0,-2.6
2026-09-11T22:30:00Z,-1.478,0.572,-2.272,0.6,-0,-2.578
2026-09-11T22:45:00Z,-1.383,0.502,-2.137,0.6,-0,-2.417
2026-09-11T23:00:00Z,-1.946,-0.004,-1.19,0.6,-0,-2.54
2026-09-11T23:15:00Z,-1.994,-0.071,-0.989,0.6,-0,-2.453
2026-09-11T23:30:00Z,-2.006,-0.071,-0.933,0.6,-0,-2.409
2026-09-11T23:45:00Z,-1.88,-0.058,-0.787,0.6,-0,-2.125
2026-09-12T00:00:00Z,-1.76,-0.018,-0.42,0.6,-0,-1.597
2026-09-12T00:15:00Z,-1.69,-0.015,-0.253,0.6,-0,-1.358
2026-09-12T00:30:00Z,-1.823,-0.031,-0.225,0.6,-0,-1.478
2026-09-12T00:45:00Z,-1.874,0.065,-0.277,0.6,-0,-1.487
2026-09-12T01:00:00Z,-2.099,0.632,-0.47,0.6,-0,-1.337
2026-09-12T01:15:00Z,-2.035,0.699,-0.476,0.6,-0,-1.212
2026-09-12T01:30:00Z,-2.027,0.688,-0.468,0.6,-0,-1.206
2026-09-12T01:45:00Z,-1.949,0.683,-0.498,0.6,-0,-1.163
2026-09-12T02:00:00Z,-1.566,0.618,-0.433,0.601,-0,-0.78
2026-09-12T02:15:00Z,-1.491,0.62,-0.481,0.601,-0,-0.752
2026-09-12T02:30:00Z,-1.513,0.638,-0.439,0.601,-0,-0.713
2026-09-12T02:45:00Z,-1.553,0.629,-0.351,0.601,-0,-0.674
2026-09-12T03:00:00Z,-1.41,0.585,-0.362,0.601,-0,-0.586
2026-09-12T03:15:00Z,-1.221,0.584,-0.636,0.601,-0,-0.672
2026-09-12T03:30:00Z,-1.205,0.465,-0.634,0.601,-0,-0.774
2026-09-12T03:45:00Z,-1.381,-0.099,-0.147,0.601,-0,-1.026
2026-09-12T04:00:00Z,-0.967,0.088,-0.697,0.601,-0,-0.976
2026-09-12T04:15:00Z,-0.854,-0.49,-0.356,0.601,-0,-1.1
2026-09-12T04:30:00Z,-0.79,-0.512,-0.276,0.601,-0,-0.977
2026-09-12T04:45:00Z,-0.793,-0.503,-0.187,0.601,-0,-0.882
2026-09-12T05:00:00Z,-0.672,-0.491,-0.25,0.601,-0,-0.812
2026-09-12T05:15:00Z,-1,-0.072,-0.524,0.601,-0,-0.995
2026-09-12T05:30:00Z,-1.4,-0.076,-0.071,0.601,-0,-0.946
2026-09-12T05:45:00Z,-1.561,0.004,0.224,0.601,-0,-0.733
2026-09-12T06:00:00Z,-1.357,0.03,0.443,0.553,-0,-0.331
2026-09-12T06:15:00Z,-1.48,0.352,0.712,0.553,-0,0.136
2026-09-12T06:30:00Z,-1.36,0.52,0.579,0.553,-0,0.291
2026-09-12T06:45:00Z,-1.075,0.606,0.394,0.553,-0,0.477
2026-09-12T07:00:00Z,-1.748,0.639,0.582,0.124,-0,-0.404
2026-09-12T07:15:00Z,-1.784,0.647,0.547,0.124,-0,-0.466
2026-09-12T07:30:00Z,-1.578,0.694,0.162,0.124,-0,-0.599
2026-09-12T07:45:00Z,-1.435,0.637,-0.211,0.124,-0,-0.886
2026-09-12T08:00:00Z,-1.062,-0.022,0.408,-0.479,-0,-1.156
2026-09-12T08:15:00Z,-1.115,-0.63,0.708,-0.479,-0,-1.516
2026-09-12T08:30:00Z,-0.963,-0.697,0.908,-0.479,-0,-1.232
2026-09-12T08:45:00Z,-0.934,-0.657,0.812,-0.479,-0,-1.259
2026-09-12T09:00:00Z,-0.851,-0.448,-0.655,-0.628,-0,-2.582
2026-09-12T09:15:00Z,-1.296,-0.453,-0.563,-0.628,-0,-2.94
2026-09-12T09:30:00Z,-1.39,-0.584,-0.641,-0.628,-0,-3.243
2026-09-12T09:45:00Z,-1.446,-0.266,-0.993,-0.628,-0,-3.333
2026-09-12T10:00:00Z,-1.278,0.217,-1.791,-0.628,-0,-3.48
2026-09-12T10:15:00Z,-0.929,0.496,-2.871,-0.628,-0,-3.931
2026-09-12T10:30:00Z,-0.974,0.315,-2.835,-0.628,-0,-4.121
2026-09-12T10:45:00Z,-0.698,0.197,-2.751,-0.628,-0,-3.88
2026-09-12T11:00:00Z,-0.395,0.526,-3.56,-0.628,-0,-4.058
2026-09-12T11:15:00Z,-0.247,0.498,-3.62,-0.628,-0,-3.997
2026-09-12T11:30:00Z,-0.236,0.499,-3.218,-0.628,-0,-3.583
2026-09-12T11:45:00Z,-0.181,0.533,-2.9,-0.628,-0,-3.177
2026-09-12T12:00:00Z,-0.445,0.583,-3.048,-0.626,-0,-3.537
2026-09-12T12:15:00Z,-0.055,0.515,-2.713,-0.626,-0,-2.88
2026-09-12T12:30:00Z,-0.003,0.531,-2.72,-0.626,-0,-2.818
2026-09-12T12:45:00Z,-0.25,0.472,-3.249,-0.626,-0,-3.653
2026-09-12T13:00:00Z,-0.596,0.227,-3.479,-0.584,-0,-4.433
2026-09-12T13:15:00Z,-0.423,0.173,-3.628,-0.584,-0,-4.463
2026-09-12T13:30:00Z,-0.313,0.144,-3.684,-0.584,-0,-4.438
2026-09-12T13:45:00Z,-0.436,0.167,-3.474,-0.584,-0,-4.328
2026-09-12T14:00:00Z,-0.84,0.302,-2.77,-0.438,-0,-3.747
2026-09-12T14:15:00Z,-1.1,0.294,-2.554,-0.438,-0,-3.798
2026-09-12T14:30:00Z,-1.519,0.183,-1.991,-0.438,-0,-3.765
2026-09-12T14:45:00Z,-1.5,0.279,-1.775,-0.438,-0,-3.434
2026-09-12T15:00:00Z,-1.354,0.641,-1.958,0.408,-0,-2.263
2026-09-12T15:15:00Z,-1.455,0.695,-2.137,0.408,-0,-2.489
2026-09-12T15:30:00Z,-1.634,0.67,-2.459,0.408,-0,-3.016
2026-09-12T15:45:00Z,-1.941,0.666,-2.492,0.408,-0,-3.359
2026-09-12T16:00:00Z,-1.567,0.662,-2.916,0.532,-0,-3.29
2026-09-12T16:15:00Z,-1.729,0.634,-3.214,0.532,-0,-3.777
2026-09-12T16:30:00Z,-1.802,0.692,-3.213,0.532,-0,-3.791
2026-09-12T16:45:00Z,-1.731,0.688,-3.112,0.532,-0,-3.623
2026-09-12T17:00:00Z,-1.93,0.582,-2.472,0.6,-0,-3.219
2026-09-12T17:15:00Z,-2.095,0.639,-2.471,0.6,-0,-3.327
2026-09-12T17:30:00Z,-1.598,0.679,-2.549,0.6,-0,-2.868
2026-09-12T17:45:00Z,-1.7,0.698,-2.363,0.6,-0,-2.764
2026-09-12T18:00:00Z,-2.111,0.7,-2.274,0.601,-0,-3.085
2026-09-12T18:15:00Z,-2.537,0.7,-1.983,0.601,-0,-3.22
2026-09-12T18:30:00Z,-2.983,0.7,-1.917,0.601,-0,-3.6
2026-09-12T18:45:00Z,-3.3,0.7,-1.829,0.601,-0,-3.828
2026-09-12T19:00:00Z,-3.111,0.697,-1.764,0.601,-0,-3.577
2026-09-12T19:15:00Z,-3.15,0.698,-1.572,0.601,-0,-3.423
2026-09-12T19:30:00Z,-3.021,0.7,-1.473,0.601,-0,-3.194
2026-09-12T19:45:00Z,-3.039,0.663,-1.576,0.601,-0,-3.352
2026-09-12T20:00:00Z,-2.72,0.321,-1.563,0.599,-0,-3.363
2026-09-12T20:15:00Z,-2.706,0.177,-1.51,0.599,-0,-3.44
2026-09-12T20:30:00Z,-2.862,0.104,-1.138,0.599,-0,-3.296
2026-09-12T20:45:00Z,-3.119,-0.102,-0.639,0.599,-0,-3.261
2026-09-12T21:00:00Z,-3.106,-0.174,-0.884,0.321,-0,-3.844
2026-09-12T21:15:00Z,-3.159,-0.164,-0.842,0.321,-0,-3.845
2026-09-12T21:30:00Z,-3.356,-0.277,-0.566,0.321,-0,-3.879
2026-09-12T21:45:00Z,-3.351,-0.404,-0.085,0.321,-0,-3.52
2026-09-12T22:00:00Z,-3.534,-0.373,0.172,0.029,-0,-3.706
2026-09-12T22:15:00Z,-3.424,-0.264,0.049,0.029,-0,-3.61
2026-09-12T22:30:00Z,-3.405,-0.249,-0,0.029,-0,-3.626
2026-09-12T22:45:00Z,-3.286,-0.352,0.136,0.029,-0,-3.473
2026-09-12T23:00:00Z,-3.611,-0.659,0.959,-0.128,-0,-3.439
2026-09-12T23:15:00Z,-3.568,-0.548,1.054,-0.128,-0,-3.19
2026-09-12T23:30:00Z,-3.75,-0.698,1.256,-0.128,-0,-3.319
2026-09-12T23:45:00Z,-3.644,-0.646,1.15,-0.128,-0,-3.268
2026-09-13T00:00:00Z,-3.7,-0.403,1.167,-0.303,-0,-3.239
2026-09-13T00:15:00Z,-3.599,-0.376,0.974,-0.303,-0,-3.304
2026-09-13T00:30:00Z,-3.434,-0.399,0.914,-0.303,-0,-3.222
2026-09-13T00:45:00Z,-3.221,-0.322,0.841,-0.303,-0,-3.005
2026-09-13T01:00:00Z,-3.09,-0.366,0.412,0,-0,-3.044
2026-09-13T01:15:00Z,-2.83,-0.329,-0.006,0,-0,-3.166
2026-09-13T01:30:00Z,-2.868,-0.407,0.08,0,-0,-3.194
2026-09-13T01:45:00Z,-2.792,-0.375,0.058,0,-0,-3.109
2026-09-13T02:00:00Z,-2.658,-0.417,0.068,0,-0,-3.006
2026-09-13T02:15:00Z,-2.547,-0.388,0.134,0,-0,-2.801
2026-09-13T02:30:00Z,-2.395,-0.408,0.061,0,-0,-2.742
2026-09-13T02:45:00Z,-2.281,-0.426,0.128,0,-0,-2.579
2026-09-13T03:00:00Z,-2.158,-0.405,0.142,0.099,-0,-2.322
2026-09-13T03:15:00Z,-2.126,-0.353,0.15,0.099,-0,-2.23
2026-09-13T03:30:00Z,-2.054,-0.42,0.161,0.099,-0,-2.213
2026-09-13T03:45:00Z,-2.031,-0.291,0.018,0.099,-0,-2.206
2026-09-13T04:00:00Z,-2.077,0.194,-0.669,0.597,-0,-1.955
2026-09-13T04:15:00Z,-2.163,0.205,-0.552,0.597,-0,-1.913
2026-09-13T04:30:00Z,-2.209,0.183,-0.303,0.597,-0,-1.732
2026-09-13T04:45:00Z,-2.339,0.203,-0.114,0.597,-0,-1.653
2026-09-13T05:00:00Z,-2.209,0.214,0.115,0.377,-0,-1.502
2026-09-13T05:15:00Z,-2.081,0.201,0.389,0.377,-0,-1.113
2026-09-13T05:30:00Z,-2.039,-0.236,1.054,0.377,-0,-0.844
2026-09-13T05:45:00Z,-2.056,-0.33,1.753,0.377,-0,-0.256
2026-09-13T06:00:00Z,-2.158,0.015,1.942,0.205,-0,0.004
2026-09-13T06:15:00Z,-1.964,-0.166,1.871,0.205,-0,-0.052
2026-09-13T06:30:00Z,-1.672,-0.229,2.095,0.205,-0,0.4
2026-09-13T06:45:00Z,-1.598,0.172,1.995,0.205,-0,0.775
2026-09-13T07:00:00Z,-1.291,-0.095,2.17,0.423,-0,1.207
2026-09-13T07:15:00Z,-1.154,0.419,1.754,0.423,-0,1.442
2026-09-13T07:30:00Z,-0.866,0.642,1.043,0.423,-0,1.243
2026-09-13T07:45:00Z,-1.045,0.69,0.896,0.423,-0,0.964
2026-09-13T08:00:00Z,-0.866,0.677,1.201,0.601,-0,1.613
2026-09-13T08:15:00Z,-0.913,0.697,1.508,0.601,-0,1.893
2026-09-13T08:30:00Z,-0.917,0.7,1.456,0.601,-0,1.84
2026-09-13T08:45:00Z,-0.963,0.7,1.654,0.601,-0,1.991
2026-09-13T09:00:00Z,-0.956,0.7,1.525,0.601,-0,1.87
2026-09-13T09:15:00Z,-0.964,0.7,1.669,0.601,-0,2.006
2026-09-13T09:30:00Z,-0.776,0.7,1.475,0.601,-0,2
2026-09-13T09:45:00Z,-0.769,0.7,1.484,0.601,-0,2.015
2026-09-13T10:00:00Z,-0.433,0.7,0.851,0.601,-0,1.719
2026-09-13T10:15:00Z,-0.995,0.7,1.597,0.601,-0,1.903
2026-09-13T10:30:00Z,-1.207,0.7,2.058,0.601,-0,2.152
2026-09-13T10:45:00Z,-1.208,0.7,2.099,0.601,-0,2.192
2026-09-13T11:00:00Z,-1.162,0.7,1.962,0.565,-0,2.065
2026-09-13T11:15:00Z,-1.216,0.7,1.815,0.565,-0,1.863
2026-09-13T11:30:00Z,-1.23,0.698,1.926,0.565,-0,1.959
2026-09-13T11:45:00Z,-1.313,0.675,1.409,0.565,-0,1.336
2026-09-13T12:00:00Z,-1.335,0.689,0.856,0.229,-0,0.439
2026-09-13T12:15:00Z,-1.176,0.685,0.329,0.229,-0,0.067
2026-09-13T12:30:00Z,-1.228,0.676,0.026,0.229,-0,-0.298
2026-09-13T12:45:00Z,-1.196,0.601,0.012,0.229,-0,-0.355
2026-09-13T13:00:00Z,-1.423,0.452,0.001,-0.164,-0,-1.135
2026-09-13T13:15:00Z,-1.474,0.357,-0.155,-0.164,-0,-1.436
2026-09-13T13:30:00Z,-1.558,0.429,-0.57,-0.164,-0,-1.863
2026-09-13T13:45:00Z,-1.654,0.432,-0.554,-0.164,-0,-1.94
2026-09-13T14:00:00Z,-1.649,0.502,-0.388,0.1,-0,-1.435
2026-09-13T14:15:00Z,-1.618,0.381,0.031,0.1,-0,-1.106
2026-09-13T14:30:00Z,-1.615,-0.085,0.537,0.1,-0,-1.062
2026-09-13T14:45:00Z,-1.622,-0.197,0.34,0.1,-0,-1.378
2026-09-13T15:00:00Z,-2.05,0.273,-0.996,0.461,-0,-2.312
2026-09-13T15:15:00Z,-2.136,-0.199,-0.574,0.461,-0,-2.448
2026-09-13T15:30:00Z,-2.116,-0.547,0.174,0.461,-0,-2.028
2026-09-13T15:45:00Z,-2.321,-0.164,-0.159,0.461,-0,-2.184
2026-09-13T16:00:00Z,-2.217,-0.501,-0.274,0.576,-0,-2.416
2026-09-13T16:15:00Z,-2.02,-0.158,-0.963,0.576,-0,-2.564
2026-09-13T16:30:00Z,-2.311,-0.196,-0.63,0.576,-0,-2.561
2026-09-13T16:45:00Z,-2.262,-0.171,-0.491,0.576,-0,-2.348
2026-09-13T17:00:00Z,-2.418,-0.176,-0.454,0.601,-0,-2.447
2026-09-13T17:15:00Z,-2.403,0.009,-0.576,0.601,-0,-2.37
2026-09-13T17:30:00Z,-2.433,0.137,-0.621,0.601,-0,-2.316
2026-09-13T17:45:00Z,-2.256,0.1,-0.634,0.601,-0,-2.189
2026-09-13T18:00:00Z,-2.205,-0.069,-0.416,0.6,-0,-2.09
2026-09-13T18:15:00Z,-2.408,-0.066,-0.052,0.6,-0,-1.926
2026-09-13T18:30:00Z,-2.752,0.056,0.19,0.6,-0,-1.905
2026-09-13T18:45:00Z,-2.698,0,0.335,0.6,-0,-1.762
2026-09-13T19:00:00Z,-2.57,0.087,0.104,0.6,-0,-1.779
2026-09-13T19:15:00Z,-2.534,0.115,0.047,0.6,-0,-1.772
2026-09-13T19:30:00Z,-2.429,0.062,0.105,0.6,-0,-1.662
2026-09-13T19:45:00Z,-2.508,0.137,0.179,0.6,-0,-1.591
2026-09-13T20:00:00Z,-2.407,-0.03,0.119,0.601,-0,-1.717
2026-09-13T20:15:00Z,-2.579,0.043,0.171,0.601,-0,-1.764
2026-09-13T20:30:00Z,-2.797,0.031,0.243,0.601,-0,-1.923
2026-09-13T20:45:00Z,-2.707,0.008,0.219,0.601,-0,-1.878
2026-09-13T21:00:00Z,-2.411,0.137,-0.184,0.591,-0,-1.867
2026-09-13T21:15:00Z,-2.231,0.238,-0.264,0.591,-0,-1.666
2026-09-13T21:30:00Z,-2.383,0.181,0.11,0.591,-0,-1.501
2026-09-13T21:45:00Z,-2.484,0.233,0.132,0.591,-0,-1.527
2026-09-13T22:00:00Z,-2.374,-0.007,0.251,0.142,-0,-1.987
2026-09-13T22:15:00Z,-2.33,-0.028,0.19,0.142,-0,-2.025
2026-09-13T22:30:00Z,-2.264,-0.026,0.199,0.142,-0,-1.948
2026-09-13T22:45:00Z,-2.114,-0.008,0.414,0.142,-0,-1.566
2026-09-13T23:00:00Z,-2.244,0.03,0.196,0.04,-0,-1.979
2026-09-13T23:15:00Z,-2.3,0.019,-0.07,0.04,-0,-2.311
2026-09-13T23:30:00Z,-2.343,0.014,-0.09,0.04,-0,-2.38
2026-09-13T23:45:00Z,-2.158,0.006,0.037,0.04,-0,-2.076
2026-09-14T00:00:00Z,-2.045,-0.017,-0.169,0,-0,-2.231
2026-09-14T00:15:00Z,-2.054,-0.029,-0.192,0,-0,-2.275
2026-09-14T00:30:00Z,-2.014,-0.026,-0.238,0,-0,-2.279
2026-09-14T00:45:00Z,-1.847,-0.015,-0.373,0,-0,-2.235
2026-09-14T01:00:00Z,-1.92,-0.048,-0.443,0,-0,-2.41
2026-09-14T01:15:00Z,-1.935,-0.09,-0.605,0,-0,-2.63
2026-09-14T01:30:00Z,-1.883,-0.048,-0.75,0,-0,-2.68
2026-09-14T01:45:00Z,-1.884,-0.07,-0.749,0,-0,-2.703
2026-09-14T02:00:00Z,-1.752,-0.04,-0.756,0.02,-0,-2.528
2026-09-14T02:15:00Z,-1.784,-0.041,-0.861,0.02,-0,-2.666
2026-09-14T02:30:00Z,-1.732,-0.104,-0.949,0.02,-0,-2.764
2026-09-14T02:45:00Z,-1.633,-0.06,-1.314,0.02,-0,-2.987
2026-09-14T03:00:00Z,-1.287,-0.018,-1.751,0.25,-0,-2.806
2026-09-14T03:15:00Z,-1.195,-0.109,-2.059,0.25,-0,-3.113
2026-09-14T03:30:00Z,-1.249,-0.679,-1.71,0.25,-0,-3.389
2026-09-14T03:45:00Z,-1.118,-0.659,-2.186,0.25,-0,-3.713
2026-09-14T04:00:00Z,-1.163,-0.622,-2.167,0.581,-0,-3.371
2026-09-14T04:15:00Z,-1.132,-0.646,-2.318,0.581,-0,-3.515
2026-09-14T04:30:00Z,-1.044,-0.697,-2.364,0.581,-0,-3.525
2026-09-14T04:45:00Z,-0.994,-0.687,-2.234,0.581,-0,-3.334
2026-09-14T05:00:00Z,-1.414,-0.626,-1.92,0.596,-0,-3.363
2026-09-14T05:15:00Z,-1.601,-0.626,-1.815,0.596,-0,-3.445
2026-09-14T05:30:00Z,-1.523,-0.646,-1.72,0.596,-0,-3.293
2026-09-14T05:45:00Z,-1.784,-0.59,-1.58,0.596,-0,-3.358
2026-09-14T06:00:00Z,-1.764,-0.526,-1.575,0.49,-0,-3.375
2026-09-14T06:15:00Z,-1.812,-0.458,-1.566,0.49,-0,-3.345
2026-09-14T06:30:00Z,-1.815,-0.453,-1.592,0.49,-0,-3.371
2026-09-14T06:45:00Z,-1.794,-0.519,-1.633,0.49,-0,-3.457
2026-09-14T07:00:00Z,-2.612,-0.698,-1.258,0.403,-0,-4.166
2026-09-14T07:15:00Z,-2.826,-0.699,-1.213,0.403,-0,-4.335
2026-09-14T07:30:00Z,-2.954,-0.698,-1.17,0.403,-0,-4.42
2026-09-14T07:45:00Z,-2.954,-0.698,-1.278,0.403,-0,-4.528
2026-09-14T08:00:00Z,-3.315,-0.699,-1.504,-0.359,-0,-5.877
2026-09-14T08:15:00Z,-3.517,-0.698,-1.385,-0.359,-0,-5.96
2026-09-14T08:30:00Z,-3.604,-0.684,-0.919,-0.359,-0,-5.566
2026-09-14T08:45:00Z,-3.686,-0.609,-0.651,-0.359,-0,-5.305
2026-09-14T09:00:00Z,-3.842,-0.601,-0.642,-0.373,-0,-5.458
2026-09-14T09:15:00Z,-3.916,-0.452,-0.421,-0.373,-0,-5.162
2026-09-14T09:30:00Z,-3.887,-0.456,-0.326,-0.373,-0,-5.042
2026-09-14T09:45:00Z,-3.772,-0.236,-0.463,-0.373,-0,-4.843
2026-09-14T10:00:00Z,-3.451,-0.031,-0.524,-0.191,-0,-4.197
2026-09-14T10:15:00Z,-3.411,-0.102,-0.46,-0.191,-0,-4.164
2026-09-14T10:30:00Z,-2.885,0.095,-1.286,-0.191,-0,-4.267
2026-09-14T10:45:00Z,-2.701,0.082,-1.377,-0.191,-0,-4.187
2026-09-14T11:00:00Z,-3.223,-0.306,-0.393,-0.568,-0,-4.491
2026-09-14T11:15:00Z,-3.238,-0.322,-0.207,-0.568,-0,-4.335
2026-09-14T11:30:00Z,-3.227,-0.154,0.011,-0.568,-0,-3.938
2026-09-14T11:45:00Z,-3.237,-0.054,-0.111,-0.568,-0,-3.97
2026-09-14T12:00:00Z,-2.766,-0.044,-0.445,-0.621,-0,-3.876
2026-09-14T12:15:00Z,-2.777,-0.07,-0.828,-0.621,-0,-4.297
2026-09-14T12:30:00Z,-3.23,-0.074,-0.318,-0.621,-0,-4.243
2026-09-14T12:45:00Z,-2.779,-0.157,-0.631,-0.621,-0,-4.188
2026-09-14T13:00:00Z,-2.76,0.107,-0.878,-0.571,-0,-4.102
2026-09-14T13:15:00Z,-3.109,0.12,-0.428,-0.571,-0,-3.988
2026-09-14T13:30:00Z,-2.916,0.109,-0.195,-0.571,-0,-3.572
2026-09-14T13:45:00Z,-2.843,0.037,-0.057,-0.571,-0,-3.434
2026-09-14T14:00:00Z,-2.264,0.306,-0.168,-0.277,-0,-2.402
2026-09-14T14:15:00Z,-2.021,0.433,-0.304,-0.277,-0,-2.168
2026-09-14T14:30:00Z,-2.478,0.145,-0.441,-0.277,-0,-3.051
2026-09-14T14:45:00Z,-2.095,-0.496,-0.725,-0.277,-0,-3.592
2026-09-14T15:00:00Z,-2.309,-0.398,-0.817,0.104,-0,-3.421
2026-09-14T15:15:00Z,-1.935,-0.631,-1.118,0.104,-0,-3.581
2026-09-14T15:30:00Z,-1.683,-0.688,-1.557,0.104,-0,-3.825
2026-09-14T15:45:00Z,-1.719,-0.69,-1.928,0.104,-0,-4.233
2026-09-14T16:00:00Z,-1.614,-0.698,-1.928,0.444,-0,-3.797
2026-09-14T16:15:00Z,-1.546,-0.698,-1.863,0.444,-0,-3.664
2026-09-14T16:30:00Z,-1.533,-0.698,-1.923,0.444,-0,-3.71
2026-09-14T16:45:00Z,-1.57,-0.698,-1.829,0.444,-0,-3.653
2026-09-14T17:00:00Z,-1.435,-0.698,-1.462,0.601,-0,-2.993
2026-09-14T17:15:00Z,-1.54,-0.698,-1.393,0.601,-0,-3.03
2026-09-14T17:30:00Z,-1.635,-0.698,-1.332,0.601,-0,-3.064
2026-09-14T17:45:00Z,-1.707,-0.698,-1.207,0.601,-0,-3.011
2026-09-14T18:00:00Z,-1.583,-0.698,-1.226,0.599,-0,-2.908
2026-09-14T18:15:00Z,-1.715,-0.696,-1.054,0.599,-0,-2.865
2026-09-14T18:30:00Z,-1.766,-0.683,-1.004,0.599,-0,-2.854
2026-09-14T18:45:00Z,-1.796,-0.686,-0.921,0.599,-0,-2.803
2026-09-14T19:00:00Z,-1.602,-0.698,-1.273,0.518,-0,-3.054
2026-09-14T19:15:00Z,-1.745,-0.698,-1.25,0.518,-0,-3.176
2026-09-14T19:30:00Z,-1.68,-0.698,-1.277,0.518,-0,-3.137
2026-09-14T19:45:00Z,-2.092,-0.698,-0.887,0.518,-0,-3.16
2026-09-14T20:00:00Z,-2.264,-0.692,-1.089,0.601,-0,-3.444
2026-09-14T20:15:00Z,-2.488,-0.647,-1.113,0.601,-0,-3.647
2026-09-14T20:30:00Z,-3.068,-0.614,-0.626,0.601,-0,-3.707
2026-09-14T20:45:00Z,-3.087,-0.653,-0.643,0.601,-0,-3.783
2026-09-14T21:00:00Z,-2.729,-0.57,-1.02,0.526,-0,-3.792
2026-09-14T21:15:00Z,-2.89,-0.573,-0.903,0.526,-0,-3.84
2026-09-14T21:30:00Z,-3.197,-0.479,-0.743,0.526,-0,-3.893
2026-09-14T21:45:00Z,-3.322,-0.415,-0.657,0.526,-0,-3.868
2026-09-14T22:00:00Z,-2.293,-0.693,-0.956,0.371,-0,-3.57
2026-09-14T22:15:00Z,-2.275,-0.654,-0.966,0.371,-0,-3.524
2026-09-14T22:30:00Z,-2.185,-0.387,-1.183,0.371,-0,-3.384
2026-09-14T22:45:00Z,-2.123,-0.254,-1.161,0.371,-0,-3.167
2026-09-14T23:00:00Z,-3.234,-0.47,-0.336,0.217,-0,-3.824
2026-09-14T23:15:00Z,-2.703,-0.35,-0.662,0.217,-0,-3.498
2026-09-14T23:30:00Z,-2.637,-0.336,-0.299,0.217,-0,-3.055
2026-09-14T23:45:00Z,-2.654,-0.246,-0.502,0.217,-0,-3.184
2026-09-15T00:00:00Z,-2.882,0.152,-0.937,0.334,-0,-3.332
2026-09-15T00:15:00Z,-2.385,0.279,-1.391,0.334,-0,-3.163
2026-09-15T00:30:00Z,-2.39,0.395,-1.439,0.334,-0,-3.099
2026-09-15T00:45:00Z,-2.447,0.504,-1.443,0.334,-0,-3.052
2026-09-15T01:00:00Z,-2.98,0.68,-1.297,0.341,-0,-3.255
2026-09-15T01:15:00Z,-2.961,0.7,-1.376,0.341,-0,-3.296
2026-09-15T01:30:00Z,-3.024,0.7,-1.443,0.341,-0,-3.426
2026-09-15T01:45:00Z,-3.008,0.7,-1.535,0.341,-0,-3.501
2026-09-15T02:00:00Z,-2.82,0.7,-1.745,0.362,-0,-3.503
2026-09-15T02:15:00Z,-2.673,0.7,-1.881,0.362,-0,-3.493
2026-09-15T02:30:00Z,-2.569,0.7,-1.976,0.362,-0,-3.484
2026-09-15T02:45:00Z,-2.479,0.689,-2.052,0.362,-0,-3.48
2026-09-15T03:00:00Z,-2.386,0.601,-1.848,0.48,-0,-3.153
2026-09-15T03:15:00Z,-1.88,0.668,-2.584,0.48,-0,-3.316
2026-09-15T03:30:00Z,-1.89,0.483,-2.837,0.48,-0,-3.764
2026-09-15T03:45:00Z,-2.646,0.369,-2.072,0.48,-0,-3.87
2026-09-15T04:00:00Z,-2.599,0.118,-1.909,0.601,-0,-3.789
2026-09-15T04:15:00Z,-2.159,0.022,-2.232,0.601,-0,-3.768
2026-09-15T04:30:00Z,-1.93,0.017,-2.304,0.601,-0,-3.616
2026-09-15T04:45:00Z,-2.273,0.24,-2.024,0.601,-0,-3.455
2026-09-15T05:00:00Z,-2.895,0.511,-1.625,0.601,-0,-3.408
2026-09-15T05:15:00Z,-2.968,0.682,-1.498,0.601,-0,-3.184
2026-09-15T05:30:00Z,-3.262,0.699,-1.28,0.601,-0,-3.243
2026-09-15T05:45:00Z,-3.47,0.699,-1.098,0.601,-0,-3.268
2026-09-15T06:00:00Z,-3.109,0.699,-1.678,0.601,-0,-3.487
2026-09-15T06:15:00Z,-3.112,0.699,-1.854,0.601,-0,-3.667
2026-09-15T06:30:00Z,-3.11,0.687,-1.902,0.601,-0,-3.724
2026-09-15T06:45:00Z,-3.192,0.517,-1.661,0.601,-0,-3.735
2026-09-15T07:00:00Z,-3.182,-0.045,-0.591,0.455,-0,-3.363
2026-09-15T07:15:00Z,-3.015,0.146,-0.497,0.455,-0,-2.911
2026-09-15T07:30:00Z,-3.03,0.569,-0.334,0.455,-0,-2.341
2026-09-15T07:45:00Z,-2.731,0.588,-0.324,0.455,-0,-2.013
2026-09-15T08:00:00Z,-2.62,0.438,-0.675,-0.281,-0,-3.138
2026-09-15T08:15:00Z,-2.526,0.431,-0.622,-0.281,-0,-2.998
2026-09-15T08:30:00Z,-2.394,0.567,-0.591,-0.281,-0,-2.699
2026-09-15T08:45:00Z,-2.504,0.596,-0.358,-0.281,-0,-2.548
2026-09-15T09:00:00Z,-2.185,0.47,-0.396,-0.607,-0,-2.718
2026-09-15T09:15:00Z,-2.297,0.423,-0.635,-0.607,-0,-3.117
2026-09-15T09:30:00Z,-2.118,0.21,-0.486,-0.607,-0,-3.001
2026-09-15T09:45:00Z,-2.121,0.208,-0.914,-0.607,-0,-3.434
2026-09-15T10:00:00Z,-2.326,0.348,-1.03,-0.628,-0,-3.636
2026-09-15T10:15:00Z,-2.307,0.194,-0.858,-0.628,-0,-3.599
2026-09-15T10:30:00Z,-2.387,0.235,-1.054,-0.628,-0,-3.834
2026-09-15T10:45:00Z,-2.234,0.22,-1.053,-0.628,-0,-3.695
2026-09-15T11:00:00Z,-1.973,0.128,-0.352,-0.628,-0,-2.826
2026-09-15T11:15:00Z,-2.006,0.038,-0.479,-0.628,-0,-3.076
2026-09-15T11:30:00Z,-1.812,-0.083,-0.351,-0.628,-0,-2.874
2026-09-15T11:45:00Z,-1.815,-0.125,-0.262,-0.628,-0,-2.83
2026-09-15T12:00:00Z,-1.995,-0.086,-0.255,-0.625,-0,-2.961
2026-09-15T12:15:00Z,-1.938,-0.033,-0.227,-0.625,-0,-2.823
2026-09-15T12:30:00Z,-1.912,-0.009,-0.392,-0.625,-0,-2.938
2026-09-15T12:45:00Z,-1.876,0.167,-0.084,-0.625,-0,-2.419
2026-09-15T13:00:00Z,-2.195,0.163,0.698,-0.387,-0,-1.721
2026-09-15T13:15:00Z,-2.101,0.083,0.822,-0.387,-0,-1.584
2026-09-15T13:30:00Z,-2.092,0.63,0.803,-0.387,-0,-1.046
2026-09-15T13:45:00Z,-2.214,0.699,1.202,-0.387,-0,-0.7
2026-09-15T14:00:00Z,-2.365,0.699,1.902,0.379,-0,0.616
2026-09-15T14:15:00Z,-2.854,0.699,1.87,0.379,-0,0.095
2026-09-15T14:30:00Z,-2.897,0.7,1.691,0.379,-0,-0.126
2026-09-15T14:45:00Z,-3.126,0.699,1.703,0.379,-0,-0.345
2026-09-15T15:00:00Z,-2.502,0.699,1.197,0.601,-0,-0.005
2026-09-15T15:15:00Z,-2.67,0.699,0.782,0.601,-0,-0.589
2026-09-15T15:30:00Z,-2.621,0.699,0.132,0.601,-0,-1.19
2026-09-15T15:45:00Z,-2.785,0.699,-0.392,0.601,-0,-1.877
2026-09-15T16:00:00Z,-2.35,0.699,-1.012,0.6,-0,-2.063
2026-09-15T16:15:00Z,-2.113,0.699,-1.341,0.6,-0,-2.155
2026-09-15T16:30:00Z,-1.958,0.699,-1.399,0.6,-0,-2.057
2026-09-15T16:45:00Z,-2.064,0.699,-1.298,0.6,-0,-2.063
2026-09-15T17:00:00Z,-1.914,0.698,-1.121,0.6,-0,-1.737
2026-09-15T17:15:00Z,-1.847,0.683,-1.264,0.6,-0,-1.828
2026-09-15T17:30:00Z,-1.839,0.698,-1.238,0.6,-0,-1.779
2026-09-15T17:45:00Z,-1.917,0.701,-1.136,0.6,-0,-1.752
2026-09-15T18:00:00Z,-2.314,0.699,-0.742,0.6,-0,-1.758
2026-09-15T18:15:00Z,-2.391,0.683,-0.586,0.6,-0,-1.693
2026-09-15T18:30:00Z,-2.15,0.681,-0.305,0.6,-0,-1.174
2026-09-15T18:45:00Z,-2.121,0.689,-0.095,0.6,-0,-0.926
2026-09-15T19:00:00Z,-2.128,0.634,0.053,0.6,-0,-0.841
2026-09-15T19:15:00Z,-1.993,0.628,0.051,0.6,-0,-0.714
2026-09-15T19:30:00Z,-2.091,0.64,0.539,0.6,-0,-0.312
2026-09-15T19:45:00Z,-2.288,0.684,0.702,0.6,-0,-0.302
2026-09-15T20:00:00Z,-1.883,0.624,0.006,0.6,-0,-0.654
2026-09-15T20:15:00Z,-1.694,0.551,-0.143,0.6,-0,-0.686
2026-09-15T20:30:00Z,-1.678,0.524,0.641,0.6,-0,0.087
2026-09-15T20:45:00Z,-1.407,0.608,1.017,0.6,-0,0.817
2026-09-15T21:00:00Z,-1.358,0.687,1.638,0.558,-0,1.525
2026-09-15T21:15:00Z,-1.23,0.697,1.636,0.558,-0,1.66
2026-09-15T21:30:00Z,-1.532,0.673,1.899,0.558,-0,1.597
2026-09-15T21:45:00Z,-1.573,0.638,2.219,0.558,-0,1.842
2026-09-15T22:00:00Z,-1.958,0.634,2.251,0.443,-0,1.37
2026-09-15T22:15:00Z,-1.83,0.642,2.317,0.443,-0,1.571
2026-09-15T22:30:00Z,-1.803,0.588,2.466,0.443,-0,1.694
2026-09-15T22:45:00Z,-1.901,0.628,2.198,0.443,-0,1.369
2026-09-15T23:00:00Z,-2.139,0.692,2.229,0.345,-0,1.126
2026-09-15T23:15:00Z,-2.133,0.699,2.246,0.345,-0,1.157
2026-09-15T23:30:00Z,-1.829,0.697,2.453,0.345,-0,1.665
2026-09-15T23:45:00Z,-1.628,0.683,2.424,0.345,-0,1.824
2026-09-16T00:00:00Z,-1.709,0.681,2.019,0.587,-0,1.578
2026-09-16T00:15:00Z,-1.66,0.654,1.609,0.587,-0,1.19
2026-09-16T00:30:00Z,-1.333,0.671,1.496,0.587,-0,1.421
2026-09-16T00:45:00Z,-1.367,0.68,1.469,0.587,-0,1.37
2026-09-16T01:00:00Z,-1.313,0.693,1.481,0.381,-0,1.242
2026-09-16T01:15:00Z,-1.387,0.653,1.685,0.381,-0,1.332
2026-09-16T01:30:00Z,-1.219,0.6,1.682,0.381,-0,1.443
2026-09-16T01:45:00Z,-1.234,0.594,1.628,0.381,-0,1.369
2026-09-16T02:00:00Z,-1.662,0.518,1.824,0.284,-0,0.963
2026-09-16T02:15:00Z,-1.73,0.575,1.844,0.284,-0,0.973
2026-09-16T02:30:00Z,-1.695,0.374,1.874,0.284,-0,0.837
2026-09-16T02:45:00Z,-1.751,0.074,1.936,0.284,-0,0.542
2026-09-16T03:00:00Z,-1.552,-0.072,1.783,0.517,-0,0.676
2026-09-16T03:15:00Z,-1.893,0.078,1.434,0.517,-0,0.136
2026-09-16T03:30:00Z,-2.306,0.395,0.701,0.517,-0,-0.693
2026-09-16T03:45:00Z,-2.488,0.398,0.001,0.517,-0,-1.572
2026-09-16T04:00:00Z,-1.597,0.656,-0.986,0.601,-0,-1.326
2026-09-16T04:15:00Z,-1.769,0.583,-1.349,0.601,-0,-1.935
2026-09-16T04:30:00Z,-1.857,0.38,-1.198,0.601,-0,-2.073
2026-09-16T04:45:00Z,-1.716,0.406,-1.078,0.601,-0,-1.787
2026-09-16T05:00:00Z,-1.648,0.605,-0.688,0.601,-0,-1.13
2026-09-16T05:15:00Z,-1.539,0.662,-0.33,0.601,-0,-0.606
2026-09-16T05:30:00Z,-1.385,0.655,-0.603,0.601,-0,-0.732
2026-09-16T05:45:00Z,-1.724,0.621,-0.649,0.601,-0,-1.152
2026-09-16T06:00:00Z,-1.796,0.056,-0.668,0.597,-0,-1.811
2026-09-16T06:15:00Z,-2.009,0.123,-0.847,0.597,-0,-2.136
2026-09-16T06:30:00Z,-2.338,0.273,-1.193,0.597,-0,-2.662
2026-09-16T06:45:00Z,-3.388,0.328,-0.646,0.597,-0,-3.11
2026-09-16T07:00:00Z,-3.269,-0.196,-0.956,0.553,-0,-3.869
2026-09-16T07:15:00Z,-2.987,0.119,-1.613,0.553,-0,-3.927
2026-09-16T07:30:00Z,-2.786,0.359,-1.871,0.553,-0,-3.746
2026-09-16T07:45:00Z,-2.361,0.435,-1.777,0.553,-0,-3.149
2026-09-16T08:00:00Z,-1.901,0.583,-1.659,0.557,-0,-2.42
2026-09-16T08:15:00Z,-1.697,0.676,-1.638,0.557,-0,-2.103
2026-09-16T08:30:00Z,-1.745,0.642,-1.265,0.557,-0,-1.811
2026-09-16T08:45:00Z,-2,0.646,-0.83,0.557,-0,-1.627
2026-09-16T09:00:00Z,-2.195,0.682,-0.861,0.486,-0,-1.887
2026-09-16T09:15:00Z,-2.465,0.659,-0.832,0.486,-0,-2.152
2026-09-16T09:30:00Z,-2.391,0.63,-1.095,0.486,-0,-2.369
2026-09-16T09:45:00Z,-2.78,0.662,-1.306,0.486,-0,-2.938
2026-09-16T10:00:00Z,-2.786,0.64,-0.816,0.232,-0,-2.729
2026-09-16T10:15:00Z,-2.8,0.602,-0.563,0.232,-0,-2.528
2026-09-16T10:30:00Z,-3.094,0.659,-0.565,0.232,-0,-2.767
2026-09-16T10:45:00Z,-2.95,0.647,-0.374,0.232,-0,-2.445
2026-09-16T11:00:00Z,-2.938,0.573,-0.131,-0.57,-0,-3.065
2026-09-16T11:15:00Z,-3.371,0.488,0.83,-0.57,-0,-2.623
2026-09-16T11:30:00Z,-3.423,0.438,1.355,-0.57,-0,-2.2
2026-09-16T11:45:00Z,-3.156,0.378,1.505,-0.57,-0,-1.843
2026-09-16T12:00:00Z,-2.885,0.387,1.595,-0.627,-0,-1.53
2026-09-16T12:15:00Z,-2.745,0.372,1.184,-0.627,-0,-1.816
2026-09-16T12:30:00Z,-2.743,0.158,1.213,-0.627,-0,-1.999
2026-09-16T12:45:00Z,-3.03,0.163,1.422,-0.627,-0,-2.073
2026-09-16T13:00:00Z,-3.397,-0.091,1.121,-0.606,-0,-2.973
2026-09-16T13:15:00Z,-2.913,-0.128,1.955,-0.606,-0,-1.692
2026-09-16T13:30:00Z,-2.958,-0.096,2.016,-0.606,-0,-1.643
2026-09-16T13:45:00Z,-3.028,0.052,1.805,-0.606,-0,-1.778
2026-09-16T14:00:00Z,-2.86,0.592,1.391,0.18,-0,-0.697
2026-09-16T14:15:00Z,-2.83,0.644,1.202,0.18,-0,-0.805
2026-09-16T14:30:00Z,-2.873,0.632,0.589,0.18,-0,-1.473
2026-09-16T14:45:00Z,-3.098,0.351,0.461,0.18,-0,-2.106
2026-09-16T15:00:00Z,-2.79,0.31,0.361,0.564,-0,-1.555
2026-09-16T15:15:00Z,-2.82,0.269,0.202,0.564,-0,-1.785
2026-09-16T15:30:00Z,-2.984,0.224,-0.339,0.564,-0,-2.535
2026-09-16T15:45:00Z,-2.865,0.147,-0.574,0.564,-0,-2.729
2026-09-16T16:00:00Z,-1.658,0.112,-1.933,0.601,-0,-2.878
2026-09-16T16:15:00Z,-1.252,-0.15,-2.191,0.601,-0,-2.992
2026-09-16T16:30:00Z,-1.365,-0.122,-2.037,0.601,-0,-2.924
2026-09-16T16:45:00Z,-1.673,-0.142,-1.729,0.601,-0,-2.943
2026-09-16T17:00:00Z,-1.227,0.198,-2.059,0.6,-0,-2.487
2026-09-16T17:15:00Z,-1.378,0.215,-1.854,0.6,-0,-2.417
2026-09-16T17:30:00Z,-1.473,0.276,-1.517,0.6,-0,-2.114
2026-09-16T17:45:00Z,-1.547,0.107,-1.415,0.6,-0,-2.255
2026-09-16T18:00:00Z,-2.115,-0.243,-0.498,0.6,-0,-2.256
2026-09-16T18:15:00Z,-2.222,-0.19,-0.188,0.6,-0,-2
2026-09-16T18:30:00Z,-2.161,-0.091,-0.189,0.6,-0,-1.841
2026-09-16T18:45:00Z,-2.137,0.034,-0.059,0.6,-0,-1.562
2026-09-16T19:00:00Z,-2.025,0.432,-0.757,0.6,-0,-1.75
2026-09-16T19:15:00Z,-1.943,0.388,-0.477,0.6,-0,-1.432
2026-09-16T19:30:00Z,-2.435,0.481,0.073,0.6,-0,-1.28
2026-09-16T19:45:00Z,-2.432,0.485,0.294,0.6,-0,-1.053
2026-09-16T20:00:00Z,-2.29,0.592,0.047,0.601,-0,-1.05
2026-09-16T20:15:00Z,-2.326,0.641,0.205,0.601,-0,-0.879
2026-09-16T20:30:00Z,-2.531,0.656,0.609,0.601,-0,-0.666
2026-09-16T20:45:00Z,-2.404,0.693,1.209,0.601,-0,0.099
2026-09-16T21:00:00Z,-2.126,0.697,1.776,0.6,-0,0.947
2026-09-16T21:15:00Z,-2.018,0.7,2.043,0.6,-0,1.325
2026-09-16T21:30:00Z,-2.336,0.7,1.801,0.6,-0,0.766
2026-09-16T21:45:00Z,-1.974,0.7,1.939,0.6,-0,1.266
2026-09-16T22:00:00Z,-1.622,0.697,2.501,0.601,-0,2.177
2026-09-16T22:15:00Z,-1.505,0.699,2.617,0.601,-0,2.411
2026-09-16T22:30:00Z,-1.442,0.695,2.629,0.601,-0,2.482
2026-09-16T22:45:00Z,-1.416,0.654,2.766,0.601,-0,2.604
2026-09-16T23:00:00Z,-1.353,0.692,2.459,0.601,-0,2.398
2026-09-16T23:15:00Z,-1.458,0.669,2.421,0.601,-0,2.233
2026-09-16T23:30:00Z,-1.596,0.606,2.46,0.601,-0,2.07
2026-09-16T23:45:00Z,-1.498,0.565,2.374,0.601,-0,2.042
2026-09-17T00:00:00Z,-2.041,0.684,2.643,0.599,-0,1.885
2026-09-17T00:15:00Z,-2.103,0.7,2.303,0.599,-0,1.498
2026-09-17T00:30:00Z,-2.183,0.697,2.213,0.599,-0,1.326
2026-09-17T00:45:00Z,-2.084,0.699,2.05,0.599,-0,1.264
2026-09-17T01:00:00Z,-2.108,0.7,1.721,0.6,-0,0.914
2026-09-17T01:15:00Z,-2.177,0.7,1.395,0.6,-0,0.518
2026-09-17T01:30:00Z,-2.226,0.7,1.119,0.6,-0,0.193
2026-09-17T01:45:00Z,-2.283,0.696,0.908,0.6,-0,-0.079
2026-09-17T02:00:00Z,-2.297,0.659,0.753,0.597,-0,-0.288
2026-09-17T02:15:00Z,-2.415,0.687,0.334,0.597,-0,-0.796
2026-09-17T02:30:00Z,-2.428,0.671,-0.07,0.597,-0,-1.23
2026-09-17T02:45:00Z,-2.534,0.695,-0.333,0.597,-0,-1.576
2026-09-17T03:00:00Z,-2.641,0.682,-0.409,0.601,-0,-1.767
2026-09-17T03:15:00Z,-2.622,0.688,-0.665,0.601,-0,-1.998
2026-09-17T03:30:00Z,-2.391,0.617,-1.154,0.601,-0,-2.327
2026-09-17T03:45:00Z,-2.395,0.689,-1.62,0.601,-0,-2.725
2026-09-17T04:00:00Z,-1.925,0.7,-2.115,0.601,-0,-2.74
2026-09-17T04:15:00Z,-1.9,0.7,-2.467,0.601,-0,-3.065
2026-09-17T04:30:00Z,-1.657,0.7,-2.637,0.601,-0,-2.993
2026-09-17T04:45:00Z,-1.6,0.7,-2.693,0.601,-0,-2.993
2026-09-17T05:00:00Z,-1.674,0.7,-2.529,0.601,-0,-2.903
2026-09-17T05:15:00Z,-1.445,0.7,-2.577,0.601,-0,-2.722
2026-09-17T05:30:00Z,-1.163,0.701,-2.297,0.601,-0,-2.159
2026-09-17T05:45:00Z,-1.097,0.7,-2.179,0.601,-0,-1.976
2026-09-17T06:00:00Z,-1.771,0.689,-1.717,0.598,-0,-2.202
2026-09-17T06:15:00Z,-2.365,0.699,-0.997,0.598,-0,-2.066
2026-09-17T06:30:00Z,-2.513,0.7,-0.33,0.598,-0,-1.545
2026-09-17T06:45:00Z,-2.496,0.7,0.3,0.598,-0,-0.898
2026-09-17T07:00:00Z,-2.226,0.7,-0.186,0.593,-0,-1.119
2026-09-17T07:15:00Z,-2.368,0.7,0.106,0.593,-0,-0.969
2026-09-17T07:30:00Z,-2.525,0.7,0.183,0.593,-0,-1.05
2026-09-17T07:45:00Z,-2.029,0.7,0.086,0.593,-0,-0.651
2026-09-17T08:00:00Z,-1.932,0.689,-0.202,-0.063,-0,-1.508
2026-09-17T08:15:00Z,-2.48,0.641,0.335,-0.063,-0,-1.567
2026-09-17T08:30:00Z,-2.356,0.626,0.767,-0.063,-0,-1.026
2026-09-17T08:45:00Z,-2.015,0.691,0.309,-0.063,-0,-1.078
2026-09-17T09:00:00Z,-1.522,0.677,-0.213,-0.172,-0,-1.229
2026-09-17T09:15:00Z,-1.324,0.522,-0.664,-0.172,-0,-1.638
2026-09-17T09:30:00Z,-1.286,0.537,-0.695,-0.172,-0,-1.617
2026-09-17T09:45:00Z,-1.125,0.412,-0.374,-0.172,-0,-1.259
2026-09-17T10:00:00Z,-0.989,0.546,-0.518,-0.19,-0,-1.152
2026-09-17T10:15:00Z,-1.122,0.561,-0.254,-0.19,-0,-1.006
2026-09-17T10:30:00Z,-1.151,0.685,-0.34,-0.19,-0,-0.997
2026-09-17T10:45:00Z,-1.231,0.7,-0.15,-0.19,-0,-0.87
2026-09-17T11:00:00Z,-1.357,0.7,0.856,-0.08,-0,0.119
2026-09-17T11:15:00Z,-1.359,0.699,1.345,-0.08,-0,0.605
2026-09-17T11:30:00Z,-1.402,0.689,1.497,-0.08,-0,0.705
2026-09-17T11:45:00Z,-1.254,0.698,1.789,-0.08,-0,1.154
2026-09-17T12:00:00Z,-1.101,0.7,2.177,-0.128,-0,1.648
2026-09-17T12:15:00Z,-1.243,0.7,2.024,-0.128,-0,1.353
2026-09-17T12:30:00Z,-1.268,0.7,1.753,-0.128,-0,1.057
2026-09-17T12:45:00Z,-1.106,0.691,1.845,-0.128,-0,1.302
2026-09-17T13:00:00Z,-0.967,0.615,1.989,0.107,-0,1.745
2026-09-17T13:15:00Z,-1.125,0.677,1.687,0.107,-0,1.346
2026-09-17T13:30:00Z,-1.058,0.687,1.543,0.107,-0,1.279
2026-09-17T13:45:00Z,-0.792,0.597,1.554,0.107,-0,1.466
2026-09-17T14:00:00Z,-0.618,0.666,1.561,0.383,-0,1.991
2026-09-17T14:15:00Z,-0.604,0.518,1.281,0.383,-0,1.576
2026-09-17T14:30:00Z,-0.684,0.658,0.898,0.383,-0,1.255
2026-09-17T14:45:00Z,-0.675,0.519,0.683,0.383,-0,0.91
2026-09-17T15:00:00Z,-0.632,0.574,1.125,0.601,-0,1.667
2026-09-17T15:15:00Z,-0.375,0.616,0.869,0.601,-0,1.709
2026-09-17T15:30:00Z,-0.658,0.62,0.683,0.601,-0,1.245
2026-09-17T15:45:00Z,-1.045,0.639,0.358,0.601,-0,0.553
2026-09-17T16:00:00Z,-1.186,0.64,0.271,0.6,-0,0.325
2026-09-17T16:15:00Z,-1.27,0.693,0.301,0.6,-0,0.324
2026-09-17T16:30:00Z,-1.692,0.7,0.288,0.6,-0,-0.104
2026-09-17T16:45:00Z,-1.217,0.7,0.014,0.6,-0,0.098
2026-09-17T17:00:00Z,-1.178,0.7,-0.289,0.601,-0,-0.166
2026-09-17T17:15:00Z,-1.414,0.7,0.023,0.601,-0,-0.091
2026-09-17T17:30:00Z,-0.916,0.7,-0.701,0.601,-0,-0.317
2026-09-17T17:45:00Z,-1.054,0.7,-0.438,0.601,-0,-0.192
2026-09-17T18:00:00Z,-1.049,0.7,0.016,0.601,-0,0.267
2026-09-17T18:15:00Z,-1.212,0.7,0.223,0.601,-0,0.311
2026-09-17T18:30:00Z,-1.312,0.7,0.114,0.601,-0,0.103
2026-09-17T18:45:00Z,-1.213,0.7,0.361,0.601,-0,0.449
2026-09-17T19:00:00Z,-1.036,0.7,0.707,0.601,-0,0.971
2026-09-17T19:15:00Z,-1.133,0.697,1.124,0.601,-0,1.289
2026-09-17T19:30:00Z,-1.196,0.679,1.096,0.601,-0,1.18
2026-09-17T19:45:00Z,-1.208,0.698,1.089,0.601,-0,1.179
2026-09-17T20:00:00Z,-1.081,0.7,0.64,0.601,-0,0.859
2026-09-17T20:15:00Z,-1.164,0.7,0.797,0.601,-0,0.933
2026-09-17T20:30:00Z,-1.466,0.7,0.881,0.601,-0,0.715
2026-09-17T20:45:00Z,-1.327,0.7,1.13,0.601,-0,1.104
2026-09-17T21:00:00Z,-1.014,0.7,1.417,0.6,-0,1.703
2026-09-17T21:15:00Z,-1.154,0.7,1.293,0.6,-0,1.44
2026-09-17T21:30:00Z,-1.305,0.699,1.291,0.6,-0,1.286
2026-09-17T21:45:00Z,-1.451,0.685,1.317,0.6,-0,1.151
2026-09-17T22:00:00Z,-1.644,0.608,1.717,0.598,-0,1.279
2026-09-17T22:15:00Z,-1.549,0.675,2.127,0.598,-0,1.851
2026-09-17T22:30:00Z,-1.487,0.69,2.121,0.598,-0,1.922
2026-09-17T22:45:00Z,-1.424,0.693,1.974,0.598,-0,1.841
2026-09-17T23:00:00Z,-1.843,0.64,1.722,0.6,-0,1.12
2026-09-17T23:15:00Z,-1.908,0.692,1.408,0.6,-0,0.791
2026-09-17T23:30:00Z,-1.997,0.693,1.25,0.6,-0,0.547
2026-09-17T23:45:00Z,-1.956,0.699,1.037,0.6,-0,0.381
2026-09-18T00:00:00Z,-2.027,0.7,0.933,0.601,-0,0.206
2026-09-18T00:15:00Z,-2.199,0.7,0.929,0.601,-0,0.03
2026-09-18T00:30:00Z,-2.14,0.7,0.857,0.601,-0,0.017
2026-09-18T00:45:00Z,-2.202,0.699,0.818,0.601,-0,-0.085
2026-09-18T01:00:00Z,-1.924,0.691,0.569,0.6,-0,-0.064
2026-09-18T01:15:00Z,-2.009,0.698,0.552,0.6,-0,-0.159
2026-09-18T01:30:00Z,-2.13,0.699,0.435,0.6,-0,-0.395
2026-09-18T01:45:00Z,-2.07,0.7,0.524,0.6,-0,-0.246
2026-09-18T02:00:00Z,-1.959,0.7,0.6,0.6,-0,-0.058
2026-09-18T02:15:00Z,-1.751,0.7,0.492,0.6,-0,0.042
2026-09-18T02:30:00Z,-1.663,0.7,0.597,0.6,-0,0.235
2026-09-18T02:45:00Z,-1.741,0.7,0.465,0.6,-0,0.025
2026-09-18T03:00:00Z,-1.625,0.7,0.396,0.601,-0,0.072
2026-09-18T03:15:00Z,-1.645,0.7,0.319,0.601,-0,-0.025
2026-09-18T03:30:00Z,-1.682,0.687,-0.021,0.601,-0,-0.416
2026-09-18T03:45:00Z,-1.751,0.629,-0.693,0.601,-0,-1.214
2026-09-18T04:00:00Z,-1.816,0.672,-0.825,0.6,-0,-1.369
2026-09-18T04:15:00Z,-1.442,0.697,-1.519,0.6,-0,-1.664
2026-09-18T04:30:00Z,-1.268,0.695,-1.284,0.6,-0,-1.256
2026-09-18T04:45:00Z,-1.3,0.699,-1.208,0.6,-0,-1.209
2026-09-18T05:00:00Z,-1.276,0.7,-1.37,0.6,-0,-1.346
2026-09-18T05:15:00Z,-1.32,0.7,-1.331,0.6,-0,-1.351
2026-09-18T05:30:00Z,-1.34,0.699,-0.93,0.6,-0,-0.971
2026-09-18T05:45:00Z,-1.632,0.696,-0.61,0.6,-0,-0.945
2026-09-18T06:00:00Z,-1.92,0.699,-0.531,0.6,-0,-1.152
2026-09-18T06:15:00Z,-2.563,0.7,-0.262,0.6,-0,-1.524
2026-09-18T06:30:00Z,-2.626,0.7,-0.405,0.6,-0,-1.731
2026-09-18T06:45:00Z,-2.701,0.7,-0.355,0.6,-0,-1.756
2026-09-18T07:00:00Z,-2.994,0.697,0.03,0.6,-0,-1.666
2026-09-18T07:15:00Z,-2.913,0.673,-0.198,0.6,-0,-1.838
2026-09-18T07:30:00Z,-3.063,0.66,-0.207,0.6,-0,-2.01
2026-09-18T07:45:00Z,-2.913,0.673,-0.071,0.6,-0,-1.711
2026-09-18T08:00:00Z,-2.446,0.483,-0.712,0.227,-0,-2.447
2026-09-18T08:15:00Z,-2.242,0.348,-0.814,0.227,-0,-2.481
2026-09-18T08:30:00Z,-2.098,0.661,-1.089,0.227,-0,-2.3
2026-09-18T08:45:00Z,-2.133,0.663,-0.99,0.227,-0,-2.232
2026-09-18T09:00:00Z,-2.191,0.31,-0.526,-0.352,-0,-2.759
2026-09-18T09:15:00Z,-2.354,0.142,-0.333,-0.352,-0,-2.897
2026-09-18T09:30:00Z,-2.282,0.638,-0.913,-0.352,-0,-2.909
2026-09-18T09:45:00Z,-2.418,0.679,-0.981,-0.352,-0,-3.072
2026-09-18T10:00:00Z,-2.937,0.504,-0.51,0,-0,-2.942
2026-09-18T10:15:00Z,-2.918,0.677,-0.643,0,-0,-2.885
2026-09-18T10:30:00Z,-2.71,0.7,-0.878,0,-0,-2.889
2026-09-18T10:45:00Z,-2.49,0.7,-1.197,0,-0,-2.988
2026-09-18T11:00:00Z,-2.121,0.7,-1.173,0.008,-0,-2.586
2026-09-18T11:15:00Z,-2.091,0.682,-1,0.008,-0,-2.4
2026-09-18T11:30:00Z,-1.842,0.514,-0.8,0.008,-0,-2.119
2026-09-18T11:45:00Z,-1.748,0.451,-0.597,0.008,-0,-1.886
2026-09-18T12:00:00Z,-1.903,0.489,-0.526,0.231,-0,-1.71
2026-09-18T12:15:00Z,-1.763,0.508,-0.526,0.231,-0,-1.549
2026-09-18T12:30:00Z,-1.638,0.525,-0.331,0.231,-0,-1.213
2026-09-18T12:45:00Z,-1.664,0.569,-0.368,0.231,-0,-1.232
2026-09-18T13:00:00Z,-1.714,0.373,0.319,0.189,-0,-0.832
2026-09-18T13:15:00Z,-1.811,0.49,0.148,0.189,-0,-0.984
2026-09-18T13:30:00Z,-2.084,0.454,0.493,0.189,-0,-0.947
2026-09-18T13:45:00Z,-1.881,0.516,0.454,0.189,-0,-0.721
2026-09-18T14:00:00Z,-1.744,0.681,0.044,-0.228,-0,-1.247
2026-09-18T14:15:00Z,-1.637,0.7,-0.135,-0.228,-0,-1.3
2026-09-18T14:30:00Z,-1.589,0.7,-0.429,-0.228,-0,-1.546
2026-09-18T14:45:00Z,-1.549,0.7,-0.443,-0.228,-0,-1.521
2026-09-18T15:00:00Z,-1.966,0.687,-0.267,0.322,-0,-1.224
2026-09-18T15:15:00Z,-1.781,0.663,-0.385,0.322,-0,-1.18
2026-09-18T15:30:00Z,-1.782,0.695,0.206,0.322,-0,-0.559
2026-09-18T15:45:00Z,-1.614,0.699,0.133,0.322,-0,-0.459
2026-09-18T16:00:00Z,-1.587,0.699,-0.319,0.601,-0,-0.606
2026-09-18T16:15:00Z,-1.826,0.7,-0.773,0.601,0.001,-1.297
2026-09-18T16:30:00Z,-1.439,0.701,-1.489,0.601,0.001,-1.625
2026-09-18T16:45:00Z,-1.495,0.7,-1.558,0.601,0.001,-1.75
2026-09-18T17:00:00Z,-1.452,0.7,-1.352,0.601,0.002,-1.5
2026-09-18T17:15:00Z,-1.301,0.7,-1.206,0.601,0.002,-1.204
2026-09-18T17:30:00Z,-1.252,0.7,-1.655,0.601,0.002,-1.605
2026-09-18T17:45:00Z,-1.738,0.694,-1.44,0.601,0.002,-1.88
2026-09-18T18:00:00Z,-1.264,0.646,-2.085,0.601,0.002,-2.1
2026-09-18T18:15:00Z,-1.366,0.673,-2.183,0.601,0.002,-2.272
2026-09-18T18:30:00Z,-1.422,0.697,-2.091,0.601,0.002,-2.213
2026-09-18T18:45:00Z,-1.363,0.7,-1.978,0.601,0.002,-2.038
2026-09-18T19:00:00Z,-1.356,0.7,-2.13,0.601,0.002,-2.183
2026-09-18T19:15:00Z,-1.568,0.7,-2.264,0.601,0.002,-2.529
2026-09-18T19:30:00Z,-1.831,0.7,-1.943,0.601,0.002,-2.471
2026-09-18T19:45:00Z,-2.001,0.7,-1.52,0.601,0.002,-2.218
2026-09-18T20:00:00Z,-1.94,0.7,-1.15,0.601,0.002,-1.788
2026-09-18T20:15:00Z,-2.238,0.7,-0.71,0.601,0.002,-1.644
2026-09-18T20:30:00Z,-2.509,0.7,-0.746,0.601,0.002,-1.952
2026-09-18T20:45:00Z,-2.683,0.7,-0.651,0.601,0.002,-2.03
2026-09-18T21:00:00Z,-2.404,0.7,-0.679,0.601,0.002,-1.781
2026-09-18T21:15:00Z,-2.343,0.7,-0.684,0.601,0.002,-1.724
2026-09-18T21:30:00Z,-2.568,0.7,-0.507,0.601,0.002,-1.772
2026-09-18T21:45:00Z,-2.404,0.7,-0.66,0.601,0.001,-1.761
2026-09-18T22:00:00Z,-2.239,0.7,-0.534,0.601,0.002,-1.47
2026-09-18T22:15:00Z,-2.096,0.7,-0.35,0.601,0.001,-1.143
2026-09-18T22:30:00Z,-1.965,0.7,-0.127,0.601,0.001,-0.79
2026-09-18T22:45:00Z,-1.884,0.7,0.012,0.601,0.001,-0.569
2026-09-18T23:00:00Z,-1.722,0.7,-0.523,0.601,0.001,-0.943
2026-09-18T23:15:00Z,-1.737,0.7,-0.307,0.601,0.001,-0.742
2026-09-18T23:30:00Z,-1.835,0.7,-0.306,0.601,0.001,-0.838
2026-09-18T23:45:00Z,-1.78,0.7,-0.333,0.601,0.001,-0.811
2026-09-19T00:00:00Z,-1.43,0.7,-0.609,0.601,0.001,-0.736
2026-09-19T00:15:00Z,-1.27,0.7,-0.595,0.601,0.001,-0.563
2026-09-19T00:30:00Z,-1.08,0.7,-0.69,0.601,0.001,-0.468
2026-09-19T00:45:00Z,-0.934,0.7,-0.416,0.601,0,-0.049
2026-09-19T01:00:00Z,-0.808,0.7,-0.646,0.601,0.001,-0.152
2026-09-19T01:15:00Z,-0.72,0.7,-0.634,0.601,0.001,-0.052
2026-09-19T01:30:00Z,-0.766,0.7,-0.492,0.601,0.001,0.044
2026-09-19T01:45:00Z,-0.864,0.7,-0.396,0.601,0.001,0.042
2026-09-19T02:00:00Z,-0.854,0.7,-0.551,0.601,0.001,-0.103
2026-09-19T02:15:00Z,-0.637,0.7,-0.753,0.601,0.001,-0.088
2026-09-19T02:30:00Z,-0.66,0.7,-0.673,0.601,0.001,-0.032
2026-09-19T02:45:00Z,-0.787,0.7,-0.726,0.601,0.002,-0.211
2026-09-19T03:00:00Z,-0.713,0.7,-0.822,0.601,0.001,-0.234
2026-09-19T03:15:00Z,-0.729,0.7,-0.623,0.601,0.001,-0.051
2026-09-19T03:30:00Z,-0.677,0.7,-0.772,0.601,0.001,-0.148
2026-09-19T03:45:00Z,-0.787,0.7,-0.532,0.601,0.001,-0.018
2026-09-19T04:00:00Z,-1.096,0.7,-0.431,0.601,0.001,-0.226
2026-09-19T04:15:00Z,-1.165,0.7,-0.481,0.601,0.001,-0.345
2026-09-19T04:30:00Z,-1.079,0.7,-0.418,0.601,0.001,-0.196
2026-09-19T04:45:00Z,-1.102,0.7,-0.36,0.601,0.001,-0.16
2026-09-19T05:00:00Z,-1.008,0.7,-0.553,0.601,0.001,-0.26
2026-09-19T05:15:00Z,-1.034,0.7,-0.462,0.601,0.001,-0.194
2026-09-19T05:30:00Z,-1.208,0.7,-0.339,0.601,0.001,-0.245
2026-09-19T05:45:00Z,-1.318,0.7,-0.069,0.601,0.001,-0.085
2026-09-19T06:00:00Z,-1.441,0.7,0.092,0.601,0.001,-0.048
2026-09-19T06:15:00Z,-1.456,0.7,0.062,0.601,0.001,-0.092
2026-09-19T06:30:00Z,-1.658,0.7,0.152,0.601,0.001,-0.204
2026-09-19T06:45:00Z,-1.799,0.699,0.452,0.601,0.001,-0.047
2026-09-19T07:00:00Z,-1.979,0.693,0.747,0.135,0.001,-0.402
2026-09-19T07:15:00Z,-1.805,0.699,1.2,0.135,0.001,0.229
2026-09-19T07:30:00Z,-1.587,0.654,1.311,0.135,0.001,0.514
2026-09-19T07:45:00Z,-1.159,0.258,0.988,0.135,0.001,0.223
2026-09-19T08:00:00Z,-1.136,0.381,0.275,-0.54,0.001,-1.019
2026-09-19T08:15:00Z,-0.928,0.161,-0.065,-0.54,0.001,-1.37
2026-09-19T08:30:00Z,-0.719,-0.154,-0.516,-0.54,0.001,-1.928
2026-09-19T08:45:00Z,-0.185,-0.483,-0.211,-0.54,0.001,-1.417
2026-09-19T09:00:00Z,-0.099,-0.145,-1.132,-0.599,0.001,-1.973
2026-09-19T09:15:00Z,-0.191,-0.422,-0.491,-0.599,0.001,-1.701
2026-09-19T09:30:00Z,-0.088,-0.645,-0.515,-0.599,0.001,-1.846
2026-09-19T09:45:00Z,-0.294,-0.662,-0.28,-0.599,0.001,-1.834
2026-09-19T10:00:00Z,-0.781,-0.672,0.261,-0.628,0.001,-1.819
2026-09-19T10:15:00Z,-1.365,-0.639,0.321,-0.628,0.001,-2.311
2026-09-19T10:30:00Z,-2.029,-0.579,0.315,-0.628,0.001,-2.919
2026-09-19T10:45:00Z,-2.089,-0.606,0.446,-0.628,0.001,-2.876
2026-09-19T11:00:00Z,-1.712,-0.695,0.299,-0.626,0.001,-2.733
2026-09-19T11:15:00Z,-1.61,-0.684,0.168,-0.626,0.001,-2.751
2026-09-19T11:30:00Z,-1.638,-0.687,0.046,-0.626,0.001,-2.904
2026-09-19T11:45:00Z,-1.473,-0.57,-0.129,-0.626,0,-2.797
2026-09-19T12:00:00Z,-1.599,-0.134,0.044,-0.534,0,-2.223
2026-09-19T12:15:00Z,-1.513,-0.16,-0.009,-0.534,0.001,-2.215
2026-09-19T12:30:00Z,-1.439,-0.097,-0.078,-0.534,0,-2.148
2026-09-19T12:45:00Z,-1.289,-0.245,0.003,-0.534,0.001,-2.064
2026-09-19T13:00:00Z,-1.287,0.099,-0.429,-0.372,-0.069,-2.058
2026-09-19T13:15:00Z,-1.165,0.18,-0.581,-0.372,-0.104,-2.041
2026-09-19T13:30:00Z,-0.878,0.031,-0.612,-0.372,-0.104,-1.935
2026-09-19T13:45:00Z,-0.305,-0.312,-0.492,-0.372,-0.069,-1.55
2026-09-19T14:00:00Z,-0.884,0.004,-0.603,0.169,0.102,-1.213
2026-09-19T14:15:00Z,-1.122,0.201,-0.59,0.169,0.102,-1.24
2026-09-19T14:30:00Z,-0.499,0.046,-0.825,0.169,0.102,-1.008
2026-09-19T14:45:00Z,-0.25,0.364,-0.676,0.169,0.068,-0.325
2026-09-19T15:00:00Z,0.036,-0.16,-0.642,0.253,0.001,-0.512
2026-09-19T15:15:00Z,0.102,0.052,-0.431,0.253,0,-0.023
2026-09-19T15:30:00Z,-0.369,0.598,-0.369,0.253,0.001,0.113
2026-09-19T15:45:00Z,-1.103,0.696,0.327,0.253,0.001,0.173
2026-09-19T16:00:00Z,-1.678,0.7,0.694,0.601,0,0.316
2026-09-19T16:15:00Z,-1.231,0.7,0.086,0.601,0,0.156
2026-09-19T16:30:00Z,-1.517,0.7,0.069,0.601,0.001,-0.145
2026-09-19T16:45:00Z,-1.812,0.7,-0.015,0.601,0,-0.525
2026-09-19T17:00:00Z,-1.317,0.7,-0.325,0.601,0.001,-0.34
2026-09-19T17:15:00Z,-1.52,0.7,-0.065,0.601,0.001,-0.283
2026-09-19T17:30:00Z,-1.619,0.7,-0.185,0.601,0,-0.502
2026-09-19T17:45:00Z,-1.793,0.7,-0.02,0.601,0.001,-0.512
2026-09-19T18:00:00Z,-1.934,0.7,0.082,0.601,0.001,-0.55
2026-09-19T18:15:00Z,-1.867,0.7,0.326,0.601,0.001,-0.239
2026-09-19T18:30:00Z,-1.865,0.7,0.254,0.601,0.001,-0.308
2026-09-19T18:45:00Z,-1.814,0.7,0.321,0.601,0.001,-0.191
2026-09-19T19:00:00Z,-2.276,0.7,0.566,0.601,-0.407,-0.817
2026-09-19T19:15:00Z,-2.218,0.7,0.418,0.601,-0.408,-0.907
2026-09-19T19:30:00Z,-2.275,0.7,0.512,0.601,-0.408,-0.87
2026-09-19T19:45:00Z,-2.265,0.7,0.526,0.601,-0.272,-0.711
2026-09-19T20:00:00Z,-1.987,0.7,0.18,0.601,0.001,-0.505
2026-09-19T20:15:00Z,-2.121,0.7,0.339,0.601,0.001,-0.481
2026-09-19T20:30:00Z,-2.286,0.7,0.309,0.601,0.001,-0.676
2026-09-19T20:45:00Z,-2.392,0.7,0.436,0.601,0.001,-0.655
2026-09-19T21:00:00Z,-2.115,0.7,0.439,0.601,0.102,-0.274
2026-09-19T21:15:00Z,-1.955,0.7,0.44,0.601,0.102,-0.112
2026-09-19T21:30:00Z,-2.02,0.7,0.425,0.601,0.102,-0.192
2026-09-19T21:45:00Z,-1.905,0.7,0.465,0.601,0.102,-0.038
2026-09-19T22:00:00Z,-2.305,0.7,0.414,0.601,0.64,0.049
2026-09-19T22:15:00Z,-2.484,0.7,0.626,0.601,0.674,0.116
2026-09-19T22:30:00Z,-2.458,0.7,0.775,0.601,0.674,0.292
2026-09-19T22:45:00Z,-2.398,0.7,0.784,0.601,0.701,0.387
2026-09-19T23:00:00Z,-2.386,0.7,0.394,0.601,0.879,0.188
2026-09-19T23:15:00Z,-2.257,0.7,0.442,0.601,0.879,0.364
2026-09-19T23:30:00Z,-2.295,0.7,0.466,0.601,0.879,0.35
2026-09-19T23:45:00Z,-2.09,0.7,0.404,0.601,0.895,0.509
2026-09-20T00:00:00Z,-2.027,0.7,0.378,0.601,0.997,0.648
2026-09-20T00:15:00Z,-1.967,0.7,0.359,0.601,0.996,0.689
2026-09-20T00:30:00Z,-1.859,0.694,0.396,0.601,0.997,0.828
2026-09-20T00:45:00Z,-1.723,0.642,0.314,0.601,0.997,0.829
2026-09-20T01:00:00Z,-1.683,0.692,0.336,0.601,0.996,0.942
2026-09-20T01:15:00Z,-1.695,0.699,0.234,0.601,0.996,0.834
2026-09-20T01:30:00Z,-1.678,0.699,0.186,0.601,0.996,0.803
2026-09-20T01:45:00Z,-1.544,0.699,0.217,0.601,0.996,0.969
2026-09-20T02:00:00Z,-1.65,0.699,0.158,0.6,0.997,0.804
2026-09-20T02:15:00Z,-1.6,0.699,0.152,0.6,0.996,0.848
2026-09-20T02:30:00Z,-1.679,0.699,0.175,0.6,0.996,0.792
2026-09-20T02:45:00Z,-1.622,0.699,0.211,0.6,0.996,0.885
2026-09-20T03:00:00Z,-1.749,0.699,0.203,0.601,0.997,0.751
2026-09-20T03:15:00Z,-1.708,0.699,0.264,0.601,0.996,0.851
2026-09-20T03:30:00Z,-1.675,0.699,0.212,0.601,0.996,0.833
2026-09-20T03:45:00Z,-1.679,0.699,0.059,0.601,0.996,0.676
2026-09-20T04:00:00Z,-1.792,0.699,0.027,0.601,0.996,0.531
2026-09-20T04:15:00Z,-1.87,0.699,0.126,0.601,0.996,0.552
2026-09-20T04:30:00Z,-1.837,0.699,0.227,0.601,0.996,0.686
2026-09-20T04:45:00Z,-1.947,0.699,0.343,0.601,0.997,0.693
2026-09-20T05:00:00Z,-1.909,0.699,0.485,0.601,0.996,0.871
2026-09-20T05:15:00Z,-1.844,0.699,0.509,0.601,0.997,0.961
2026-09-20T05:30:00Z,-1.819,0.699,0.564,0.601,0.996,1.041
2026-09-20T05:45:00Z,-1.962,0.699,0.664,0.601,0.993,0.995
2026-09-20T06:00:00Z,-1.796,0.699,0.554,0.6,0.97,1.028
2026-09-20T06:15:00Z,-1.82,0.699,0.656,0.6,0.97,1.106
2026-09-20T06:30:00Z,-1.908,0.699,0.734,0.6,0.97,1.095
2026-09-20T06:45:00Z,-1.841,0.699,0.751,0.6,0.963,1.172
2026-09-20T07:00:00Z,-2.262,0.699,0.657,0.222,0.911,0.226
2026-09-20T07:15:00Z,-2.216,0.699,0.488,0.222,0.911,0.104
2026-09-20T07:30:00Z,-1.811,0.699,0.184,0.222,0.912,0.206
2026-09-20T07:45:00Z,-1.567,0.699,-0.094,0.222,0.73,-0.009
2026-09-20T08:00:00Z,-1.668,0.699,-0.129,-0.268,0.125,-1.24
2026-09-20T08:15:00Z,-1.475,0.699,-0.458,-0.268,0.125,-1.377
2026-09-20T08:30:00Z,-1.466,0.684,-0.508,-0.268,0.125,-1.432
2026-09-20T08:45:00Z,-1.569,0.5,-0.193,-0.268,0.084,-1.447
2026-09-20T09:00:00Z,-1.615,0.039,-0.556,0.079,-0.12,-2.174
2026-09-20T09:15:00Z,-2.162,-0.077,-1.03,0.079,-0.121,-3.311
2026-09-20T09:30:00Z,-2.623,-0.044,-1.189,0.079,-0.121,-3.898
2026-09-20T09:45:00Z,-2.886,0.094,-1.62,0.079,-0.081,-4.414
2026-09-20T10:00:00Z,-2.86,0.227,-1.552,0.164,0.001,-4.02
2026-09-20T10:15:00Z,-2.853,0.243,-1.328,0.164,0.001,-3.772
2026-09-20T10:30:00Z,-2.797,0.141,-1.439,0.164,0,-3.931
2026-09-20T10:45:00Z,-2.691,0.253,-1.812,0.164,0,-4.086
2026-09-20T11:00:00Z,-2.439,0.169,-1.291,-0.254,-0.105,-3.92
2026-09-20T11:15:00Z,-2.579,0.144,-1.435,-0.254,-0.103,-4.228
2026-09-20T11:30:00Z,-2.38,0.085,-1.45,-0.254,-0.104,-4.103
2026-09-20T11:45:00Z,-2.39,0.159,-1.585,-0.254,-0.108,-4.178
2026-09-20T12:00:00Z,-2.249,0.1,-1.708,-0.451,-0.132,-4.441
2026-09-20T12:15:00Z,-2.359,0.061,-1.831,-0.451,-0.132,-4.712
2026-09-20T12:30:00Z,-2.346,0.058,-1.945,-0.451,-0.132,-4.816
2026-09-20T12:45:00Z,-2.207,-0.035,-2.018,-0.451,-0.131,-4.841
2026-09-20T13:00:00Z,-2.016,0.005,-2.113,-0.396,-0.124,-4.645
2026-09-20T13:15:00Z,-1.985,-0.189,-2.242,-0.396,-0.125,-4.935
2026-09-20T13:30:00Z,-2.05,-0.127,-2.62,-0.396,-0.124,-5.318
2026-09-20T13:45:00Z,-2.181,0.079,-2.867,-0.396,-0.122,-5.487
2026-09-20T14:00:00Z,-2.352,-0.155,-2.511,-0.292,-0.106,-5.417
2026-09-20T14:15:00Z,-2.483,-0.005,-2.239,-0.292,-0.106,-5.125
2026-09-20T14:30:00Z,-2.041,0.022,-1.593,-0.292,-0.106,-4.01
2026-09-20T14:45:00Z,-2.271,0.01,-1.223,-0.292,-0.136,-3.911
2026-09-20T15:00:00Z,-3.059,0.039,0.027,0.318,-0.357,-3.032
2026-09-20T15:15:00Z,-3.087,0.487,0.25,0.318,-0.357,-2.389
2026-09-20T15:30:00Z,-3.193,0.503,0.664,0.318,-0.357,-2.065
2026-09-20T15:45:00Z,-3.102,0.676,1.369,0.318,-0.439,-1.178
2026-09-20T16:00:00Z,-3.228,0.699,2.071,0.601,-0.896,-0.753
2026-09-20T16:15:00Z,-3.193,0.699,2.03,0.601,-0.896,-0.76
2026-09-20T16:30:00Z,-3.286,0.699,2.004,0.601,-0.895,-0.878
2026-09-20T16:45:00Z,-3.174,0.699,1.765,0.601,-0.906,-1.015
2026-09-20T17:00:00Z,-2.92,0.699,1.5,0.6,-0.966,-1.087
2026-09-20T17:15:00Z,-2.854,0.699,1.479,0.6,-0.966,-1.041
2026-09-20T17:30:00Z,-2.788,0.699,1.436,0.6,-0.966,-1.018
2026-09-20T17:45:00Z,-2.832,0.699,1.368,0.6,-0.891,-1.056
2026-09-20T18:00:00Z,-3.193,0.699,1.329,0.6,-0.477,-1.042
2026-09-20T18:15:00Z,-3.316,0.699,1.25,0.6,-0.477,-1.244
2026-09-20T18:30:00Z,-3.369,0.699,1.375,0.6,-0.477,-1.171
2026-09-20T18:45:00Z,-3.254,0.699,1.321,0.6,-0.535,-1.169
2026-09-20T19:00:00Z,-3.218,0.699,1.569,0.6,-0.866,-1.215
2026-09-20T19:15:00Z,-3.223,0.699,1.584,0.6,-0.865,-1.204
2026-09-20T19:30:00Z,-3.426,0.699,1.72,0.6,-0.865,-1.272
2026-09-20T19:45:00Z,-3.493,0.699,1.796,0.6,-0.885,-1.284
2026-09-20T20:00:00Z,-3.217,0.699,1.406,0.6,-1.017,-1.528
2026-09-20T20:15:00Z,-3.192,0.699,1.404,0.6,-1.017,-1.505
2026-09-20T20:30:00Z,-3.412,0.699,1.524,0.6,-1.017,-1.606
2026-09-20T20:45:00Z,-3.572,0.699,1.717,0.6,-1.011,-1.567
2026-09-20T21:00:00Z,-3.523,0.699,1.579,0.6,-0.97,-1.615
2026-09-20T21:15:00Z,-3.44,0.699,1.631,0.6,-0.971,-1.481
2026-09-20T21:30:00Z,-3.616,0.699,1.817,0.6,-0.971,-1.47
2026-09-20T21:45:00Z,-3.682,0.699,1.96,0.6,-0.976,-1.399
2026-09-20T22:00:00Z,-2.577,0.699,2.002,0.6,-1.018,-0.294
2026-09-20T22:15:00Z,-2.458,0.699,2.046,0.6,-1.018,-0.132
2026-09-20T22:30:00Z,-2.338,0.699,2.222,0.6,-1.018,0.165
2026-09-20T22:45:00Z,-2.234,0.699,2.401,0.6,-1.013,0.454
2026-09-20T23:00:00Z,-2.254,0.699,2.3,0.6,-0.982,0.364
2026-09-20T23:15:00Z,-2.239,0.699,2.296,0.6,-0.981,0.375
2026-09-20T23:30:00Z,-2.325,0.699,2.155,0.6,-0.981,0.148
2026-09-20T23:45:00Z,-2.368,0.699,2.281,0.6,-0.982,0.232
2026-09-21T00:00:00Z,-2.677,0.699,2.308,0.6,-0.982,-0.051
2026-09-21T00:15:00Z,-2.53,0.699,2.371,0.6,-0.982,0.158
2026-09-21T00:30:00Z,-2.568,0.699,2.621,0.6,-0.982,0.37
2026-09-21T00:45:00Z,-2.461,0.699,2.533,0.6,-0.976,0.395
2026-09-21T01:00:00Z,-2.694,0.699,2.592,0.6,-0.937,0.261
2026-09-21T01:15:00Z,-2.779,0.699,2.511,0.6,-0.937,0.095
2026-09-21T01:30:00Z,-2.686,0.699,2.659,0.6,-0.937,0.336
2026-09-21T01:45:00Z,-2.673,0.699,2.734,0.6,-0.941,0.42
2026-09-21T02:00:00Z,-2.619,0.699,2.494,0.601,-0.967,0.208
2026-09-21T02:15:00Z,-2.512,0.699,2.352,0.601,-0.967,0.173
2026-09-21T02:30:00Z,-2.463,0.699,2.437,0.601,-0.967,0.307
2026-09-21T02:45:00Z,-2.455,0.699,2.105,0.601,-0.882,0.068
2026-09-21T03:00:00Z,-2.408,0.699,1.764,0.6,-0.408,0.248
2026-09-21T03:15:00Z,-2.312,0.699,1.511,0.6,-0.407,0.091
2026-09-21T03:30:00Z,-2.143,0.699,1.466,0.6,-0.407,0.214
2026-09-21T03:45:00Z,-2.088,0.699,1.132,0.6,-0.314,0.03
2026-09-21T04:00:00Z,-1.695,0.699,0.509,0.6,-0.105,0.008
2026-09-21T04:15:00Z,-1.484,0.699,0.116,0.6,-0.105,-0.173
2026-09-21T04:30:00Z,-1.322,0.699,0.2,0.6,-0.106,0.072
2026-09-21T04:45:00Z,-1.422,0.693,0.097,0.6,-0.105,-0.137
2026-09-21T05:00:00Z,-1.677,0.636,0.45,0.6,-0.212,-0.202
2026-09-21T05:15:00Z,-1.825,0.635,0.54,0.6,-0.212,-0.262
2026-09-21T05:30:00Z,-1.686,0.634,0.393,0.6,-0.212,-0.27
2026-09-21T05:45:00Z,-1.77,0.624,0.402,0.6,-0.245,-0.389
2026-09-21T06:00:00Z,-1.9,0.577,0.532,0.6,-0.453,-0.643
2026-09-21T06:15:00Z,-2.196,0.626,0.5,0.6,-0.453,-0.922
2026-09-21T06:30:00Z,-2.107,0.646,0.531,0.6,-0.452,-0.782
2026-09-21T06:45:00Z,-1.921,0.694,0.08,0.6,-0.539,-1.086
2026-09-21T07:00:00Z,-1.75,0.7,-0.274,0.599,-1.017,-1.741
2026-09-21T07:15:00Z,-1.763,0.7,-0.54,0.599,-1.017,-2.021
2026-09-21T07:30:00Z,-1.927,0.7,-0.732,0.599,-1.017,-2.377
2026-09-21T07:45:00Z,-1.98,0.691,-0.536,0.599,-1.017,-2.243
2026-09-21T08:00:00Z,-1.741,0.603,0.725,0.504,-1.017,-0.926
2026-09-21T08:15:00Z,-1.684,0.485,1.092,0.504,-1.017,-0.62
2026-09-21T08:30:00Z,-1.656,0.273,1.154,0.504,-1.017,-0.742
2026-09-21T08:45:00Z,-1.96,0.517,0.41,0.504,-1.017,-1.547
2026-09-21T09:00:00Z,-2.014,-0.013,1.687,-0.066,-1.017,-1.422
2026-09-21T09:15:00Z,-1.892,0.031,1.395,-0.066,-1.017,-1.549
2026-09-21T09:30:00Z,-1.707,-0.174,1.615,-0.066,-1.018,-1.349
2026-09-21T09:45:00Z,-1.664,0.041,1.394,-0.066,-1.017,-1.313
2026-09-21T10:00:00Z,-1.939,0.299,1.676,-0.45,-1.017,-1.431
2026-09-21T10:15:00Z,-1.961,0.496,1.645,-0.45,-1.018,-1.287
2026-09-21T10:30:00Z,-2.201,0.531,1.722,-0.45,-1.018,-1.416
2026-09-21T10:45:00Z,-1.932,0.56,1.839,-0.45,-1.018,-1.002
2026-09-21T11:00:00Z,-1.339,0.415,2.038,-0.591,-1.018,-0.496
2026-09-21T11:15:00Z,-1.109,0.326,2.165,-0.591,-1.018,-0.228
2026-09-21T11:30:00Z,-0.904,0.348,2.343,-0.591,-1.018,0.177
2026-09-21T11:45:00Z,-0.992,0.371,2.348,-0.591,-1.018,0.118
2026-09-21T12:00:00Z,-1.41,0.554,2.203,-0.58,-1.018,-0.252
2026-09-21T12:15:00Z,-1.435,0.568,2.286,-0.58,-1.018,-0.18
2026-09-21T12:30:00Z,-1.368,0.542,2.444,-0.58,-1.017,0.021
2026-09-21T12:45:00Z,-1.423,0.547,2.329,-0.58,-1.018,-0.145
2026-09-21T13:00:00Z,-1.251,0.683,2.438,-0.514,-1.018,0.339
2026-09-21T13:15:00Z,-1.261,0.696,1.965,-0.514,-1.018,-0.131
2026-09-21T13:30:00Z,-1.392,0.69,1.825,-0.514,-1.018,-0.408
2026-09-21T13:45:00Z,-1.535,0.698,2.016,-0.514,-1.018,-0.353
2026-09-21T14:00:00Z,-1.23,0.699,1.843,0.015,-1.018,0.309
2026-09-21T14:15:00Z,-1.332,0.699,2.428,0.015,-1.018,0.793
2026-09-21T14:30:00Z,-1.261,0.698,2.127,0.015,-1.018,0.561
2026-09-21T14:45:00Z,-1.087,0.676,2.215,0.015,-1.018,0.801
2026-09-21T15:00:00Z,-1.228,0.663,2.752,0.533,-1.018,1.702
2026-09-21T15:15:00Z,-1.361,0.667,2.639,0.533,-1.018,1.459
2026-09-21T15:30:00Z,-1.483,0.645,2.417,0.533,-1.018,1.094
2026-09-21T15:45:00Z,-1.557,0.666,1.997,0.533,-1.016,0.622
2026-09-21T16:00:00Z,-2.16,0.689,1.951,0.601,-1.004,0.078
2026-09-21T16:15:00Z,-1.926,0.626,2.227,0.601,-1.004,0.524
2026-09-21T16:30:00Z,-1.808,0.657,1.974,0.601,-1.004,0.42
2026-09-21T16:45:00Z,-1.877,0.69,2.006,0.601,-0.908,0.512
2026-09-21T17:00:00Z,-2.543,0.686,2.507,0.6,-0.388,0.861
2026-09-21T17:15:00Z,-2.344,0.686,2.008,0.6,-0.388,0.562
2026-09-21T17:30:00Z,-2.253,0.696,1.948,0.6,-0.388,0.603
2026-09-21T17:45:00Z,-2.095,0.668,1.782,0.6,-0.388,0.567
2026-09-21T18:00:00Z,-2.285,0.605,1.907,0.601,-0.392,0.436
2026-09-21T18:15:00Z,-2.585,0.622,2.19,0.601,-0.392,0.435
2026-09-21T18:30:00Z,-2.478,0.68,2.195,0.601,-0.392,0.605
2026-09-21T18:45:00Z,-2.198,0.67,2.093,0.601,-0.46,0.705
2026-09-21T19:00:00Z,-1.889,0.66,2.033,0.601,-0.849,0.556
2026-09-21T19:15:00Z,-1.721,0.692,1.903,0.601,-0.849,0.625
2026-09-21T19:30:00Z,-1.714,0.676,1.787,0.601,-0.849,0.5
2026-09-21T19:45:00Z,-2.019,0.654,2.211,0.601,-0.791,0.655
2026-09-21T20:00:00Z,-2.145,0.53,1.741,0.6,-0.463,0.264
2026-09-21T20:15:00Z,-2.327,0.382,1.57,0.6,-0.463,-0.238
2026-09-21T20:30:00Z,-2.587,0.309,1.73,0.6,-0.462,-0.41
2026-09-21T20:45:00Z,-2.738,0.336,1.703,0.6,-0.43,-0.529
2026-09-21T21:00:00Z,-2.534,0.223,1.392,0.6,-0.231,-0.55
2026-09-21T21:15:00Z,-2.323,0.231,1.384,0.6,-0.231,-0.339
2026-09-21T21:30:00Z,-2.5,0.237,1.365,0.6,-0.231,-0.529
2026-09-21T21:45:00Z,-2.561,0.259,1.313,0.6,-0.194,-0.583
2026-09-21T22:00:00Z,-2.148,0.208,1.125,0.6,-0.105,-0.32
2026-09-21T22:15:00Z,-1.952,0.498,0.536,0.6,-0.105,-0.423
2026-09-21T22:30:00Z,-1.864,0.513,0.366,0.6,-0.105,-0.49
2026-09-21T22:45:00Z,-1.824,0.51,0.383,0.6,-0.105,-0.436
2026-09-21T23:00:00Z,-1.973,0.405,0.415,0.6,-0.105,-0.657
2026-09-21T23:15:00Z,-2.002,0.353,0.415,0.6,-0.105,-0.739
2026-09-21T23:30:00Z,-2.086,0.285,0.445,0.6,-0.105,-0.86
2026-09-21T23:45:00Z,-2.016,0.249,0.42,0.6,-0.105,-0.853
2026-09-22T00:00:00Z,-1.752,0.354,0.173,0.6,-0.136,-0.761
2026-09-22T00:15:00Z,-1.69,0.359,0.146,0.6,-0.136,-0.72
2026-09-22T00:30:00Z,-1.467,0.289,-0.03,0.6,-0.136,-0.743
2026-09-22T00:45:00Z,-1.444,0.269,-0.11,0.6,-0.142,-0.827
2026-09-22T01:00:00Z,-1.424,0.351,-0.111,0.6,-0.177,-0.76
2026-09-22T01:15:00Z,-1.36,0.35,-0.14,0.6,-0.176,-0.726
2026-09-22T01:30:00Z,-1.352,0.28,-0.173,0.6,-0.176,-0.821
2026-09-22T01:45:00Z,-1.398,0.302,-0.225,0.6,-0.117,-0.837
2026-09-22T02:00:00Z,-1.158,0.162,-0.461,0.6,-0.001,-0.857
2026-09-22T02:15:00Z,-1.068,0.144,-0.734,0.6,-0,-1.058
2026-09-22T02:30:00Z,-1.081,0.13,-0.828,0.6,-0.001,-1.179
2026-09-22T02:45:00Z,-0.995,-0.06,-1.073,0.6,-0,-1.528
2026-09-22T03:00:00Z,-0.83,-0.513,-1.54,0.6,0.805,-1.478
2026-09-22T03:15:00Z,-0.855,-0.557,-1.852,0.6,0.982,-1.681
2026-09-22T03:30:00Z,-1.548,-0.698,-1.248,0.6,0.982,-1.911
2026-09-22T03:45:00Z,-1.975,-0.699,-1.031,0.6,0.984,-2.12
2026-09-22T04:00:00Z,-0.691,-0.698,-2.014,0.593,0.996,-1.814
2026-09-22T04:15:00Z,-0.856,-0.699,-1.655,0.593,0.996,-1.621
2026-09-22T04:30:00Z,-0.644,-0.698,-1.654,0.593,0.996,-1.407
2026-09-22T04:45:00Z,-0.715,-0.698,-1.406,0.593,0.985,-1.243
2026-09-22T05:00:00Z,-1.019,-0.698,-0.738,0.6,0.916,-0.94
2026-09-22T05:15:00Z,-1.053,-0.698,-0.608,0.6,0.916,-0.843
2026-09-22T05:30:00Z,-1.06,-0.697,-0.531,0.6,0.915,-0.772
2026-09-22T05:45:00Z,-1.125,-0.655,-0.282,0.6,0.892,-0.569
2026-09-22T06:00:00Z,-1.418,-0.453,-0.086,0.555,0.748,-0.654
2026-09-22T06:15:00Z,-1.1,-0.316,-0.316,0.555,0.748,-0.429
2026-09-22T06:30:00Z,-1.071,-0.267,-0.39,0.555,0.749,-0.425
2026-09-22T06:45:00Z,-1.163,0.035,-0.277,0.555,0.423,-0.428
2026-09-22T07:00:00Z,-1.867,0.445,0.258,0.489,-0.277,-0.951
2026-09-22T07:15:00Z,-2.061,0.357,0.711,0.489,-0.277,-0.781
2026-09-22T07:30:00Z,-2.201,0.342,0.968,0.489,-0.277,-0.678
2026-09-22T07:45:00Z,-1.818,0.351,1.504,0.489,-0.341,0.184
2026-09-22T08:00:00Z,-1.527,0.207,2.437,0.414,-0.707,0.825
2026-09-22T08:15:00Z,-1.466,0.354,2.378,0.414,-0.707,0.974
2026-09-22T08:30:00Z,-1.335,0.483,2.679,0.414,-0.706,1.535
2026-09-22T08:45:00Z,-1.501,0.578,2.522,0.414,-0.75,1.262
2026-09-22T09:00:00Z,-1.348,0.672,2.679,-0.197,-1.011,0.795
2026-09-22T09:15:00Z,-1.249,0.681,2.828,-0.197,-1.01,1.053
2026-09-22T09:30:00Z,-1.035,0.622,2.971,-0.197,-1.01,1.351
2026-09-22T09:45:00Z,-1.017,0.48,2.984,-0.197,-1.012,1.238
2026-09-22T10:00:00Z,-0.649,0.27,3.694,-0.609,-1.017,1.687
2026-09-22T10:15:00Z,-0.406,0.159,3.767,-0.609,-1.017,1.894
2026-09-22T10:30:00Z,-0.189,0.02,4.06,-0.609,-1.018,2.265
2026-09-22T10:45:00Z,-0.045,-0.129,4.007,-0.609,-1.018,2.207
2026-09-22T11:00:00Z,0.092,-0.07,4.064,-0.483,-1.018,2.584
2026-09-22T11:15:00Z,0.236,0.014,3.918,-0.483,-1.017,2.667
2026-09-22T11:30:00Z,0.211,0.131,3.866,-0.483,-1.017,2.707
2026-09-22T11:45:00Z,0.05,0.194,4.118,-0.483,-1.018,2.861
2026-09-22T12:00:00Z,-0.133,0.645,4.103,-0.063,-1.018,3.535
2026-09-22T12:15:00Z,-0.085,0.7,4.225,-0.063,-1.018,3.759
2026-09-22T12:30:00Z,-0.229,0.7,4.087,-0.063,-1.018,3.477
2026-09-22T12:45:00Z,-0.368,0.7,3.948,-0.063,-0.945,3.271
2026-09-22T13:00:00Z,-0.71,0.7,3.832,0.266,-0.541,3.547
2026-09-22T13:15:00Z,-0.535,0.7,3.657,0.266,-0.542,3.545
2026-09-22T13:30:00Z,-0.419,0.7,3.765,0.266,-0.541,3.771
2026-09-22T13:45:00Z,-0.368,0.7,3.832,0.266,-0.614,3.816
2026-09-22T14:00:00Z,-0.408,0.687,3.777,0.288,-1.018,3.326
2026-09-22T14:15:00Z,-0.235,0.541,3.264,0.288,-1.018,2.841
2026-09-22T14:30:00Z,-0.366,0.273,2.879,0.288,-1.018,2.056
2026-09-22T14:45:00Z,-0.701,-0.091,2.732,0.288,-0.952,1.277
2026-09-22T15:00:00Z,-0.77,-0.486,2.516,0.473,-0.576,1.156
2026-09-22T15:15:00Z,-0.707,-0.649,1.449,0.473,-0.576,-0.011
2026-09-22T15:30:00Z,-0.466,-0.64,0.938,0.473,-0.576,-0.272
2026-09-22T15:45:00Z,-0.316,-0.625,0.473,0.473,-0.426,-0.421
2026-09-22T16:00:00Z,0.004,-0.389,-0.331,0.601,-0.105,-0.221
2026-09-22T16:15:00Z,0.514,-0.475,-0.661,0.601,-0.105,-0.126
2026-09-22T16:30:00Z,0.538,-0.474,-0.654,0.601,-0.105,-0.095
2026-09-22T16:45:00Z,0.149,-0.513,-0.636,0.601,-0.071,-0.47
2026-09-22T17:00:00Z,-0.492,-0.577,-0.759,0.601,0.624,-0.603
2026-09-22T17:15:00Z,-0.582,-0.696,-0.643,0.601,0.7,-0.619
2026-09-22T17:30:00Z,-0.538,-0.673,-0.807,0.601,0.699,-0.718
2026-09-22T17:45:00Z,-0.708,-0.577,-0.703,0.601,0.699,-0.688
2026-09-22T18:00:00Z,-0.717,-0.587,-0.571,0.601,0.693,-0.581
2026-09-22T18:15:00Z,-0.684,-0.636,-0.229,0.601,0.692,-0.255
2026-09-22T18:30:00Z,-0.601,-0.617,-0.146,0.601,0.693,-0.071
2026-09-22T18:45:00Z,-0.556,-0.525,-0.141,0.601,0.403,-0.218
2026-09-22T19:00:00Z,-0.167,-0.371,-0.06,0.601,-0.487,-0.486
2026-09-22T19:15:00Z,-0.083,-0.434,-0.2,0.601,-0.492,-0.608
2026-09-22T19:30:00Z,-0.157,-0.485,0.128,0.601,-0.492,-0.405
2026-09-22T19:45:00Z,-0.283,-0.425,-0.009,0.601,-0.469,-0.586
2026-09-22T20:00:00Z,-0.322,-0.604,-0.197,0.601,-0.328,-0.851
2026-09-22T20:15:00Z,-0.436,-0.633,-0.149,0.601,-0.327,-0.945
2026-09-22T20:30:00Z,-0.66,-0.668,-0.011,0.601,-0.328,-1.066
2026-09-22T20:45:00Z,-0.668,-0.649,-0.243,0.601,-0.218,-1.177
2026-09-22T21:00:00Z,-0.491,-0.698,-0.704,0.597,-0.001,-1.295
2026-09-22T21:15:00Z,-0.349,-0.698,-0.776,0.597,-0.001,-1.226
2026-09-22T21:30:00Z,-0.397,-0.698,-0.943,0.597,-0.001,-1.44
2026-09-22T21:45:00Z,-0.318,-0.616,-0.985,0.597,-0.001,-1.323
2026-09-22T22:00:00Z,0.252,-0.179,-1.75,0.6,-0.425,-1.502
2026-09-22T22:15:00Z,0.061,-0.206,-1.882,0.6,-0.425,-1.852
2026-09-22T22:30:00Z,-0.081,-0.696,-1.322,0.6,-0.425,-1.924
2026-09-22T22:45:00Z,-0.213,-0.698,-1.195,0.6,-0.402,-1.907
2026-09-22T23:00:00Z,-0.909,-0.697,-0.796,0.6,-0.257,-2.058
2026-09-22T23:15:00Z,-0.894,-0.693,-0.698,0.6,-0.257,-1.941
2026-09-22T23:30:00Z,-0.741,-0.698,-0.958,0.6,-0.257,-2.054
2026-09-22T23:45:00Z,-0.794,-0.69,-1.024,0.6,-0.172,-2.079
2026-09-23T00:00:00Z,-1.125,-0.654,-0.943,0.601,0.16,-1.962
2026-09-23T00:15:00Z,-0.999,-0.689,-0.949,0.601,0.16,-1.877
2026-09-23T00:30:00Z,-1.33,-0.698,-0.746,0.601,0.159,-2.014
2026-09-23T00:45:00Z,-1.433,-0.698,-0.715,0.601,0.188,-2.057
2026-09-23T01:00:00Z,-1.534,-0.698,-0.844,0.6,0.377,-2.098
2026-09-23T01:15:00Z,-1.495,-0.698,-0.859,0.6,0.377,-2.076
2026-09-23T01:30:00Z,-1.502,-0.699,-0.787,0.6,0.378,-2.01
2026-09-23T01:45:00Z,-1.585,-0.698,-0.657,0.6,0.396,-1.943
2026-09-23T02:00:00Z,-1.546,-0.698,-0.75,0.601,0.516,-1.878
2026-09-23T02:15:00Z,-1.689,-0.698,-0.766,0.601,0.516,-2.037
2026-09-23T02:30:00Z,-1.691,-0.699,-0.894,0.601,0.516,-2.167
2026-09-23T02:45:00Z,-1.564,-0.698,-1.072,0.601,0.559,-2.174
2026-09-23T03:00:00Z,-1.303,-0.698,-1.541,0.579,0.814,-2.149
2026-09-23T03:15:00Z,-1.195,-0.698,-1.793,0.579,0.814,-2.294
2026-09-23T03:30:00Z,-1.156,-0.698,-1.918,0.579,0.814,-2.379
2026-09-23T03:45:00Z,-1.037,-0.698,-2.065,0.579,0.839,-2.382
2026-09-23T04:00:00Z,-0.763,-0.698,-2.213,0.489,0.994,-2.191
2026-09-23T04:15:00Z,-0.592,-0.698,-2.487,0.489,0.994,-2.295
2026-09-23T04:30:00Z,-0.482,-0.698,-2.453,0.489,0.995,-2.15
2026-09-23T04:45:00Z,-0.418,-0.698,-2.457,0.489,0.952,-2.132
2026-09-23T05:00:00Z,-0.416,-0.698,-2.123,0.601,0.697,-1.94
2026-09-23T05:15:00Z,-0.475,-0.698,-2.083,0.601,0.696,-1.959
2026-09-23T05:30:00Z,-0.494,-0.699,-2.065,0.601,0.696,-1.961
2026-09-23T05:45:00Z,-0.596,-0.698,-1.529,0.601,0.687,-1.536
2026-09-23T06:00:00Z,-0.866,-0.698,-0.922,0.6,0.627,-1.258
2026-09-23T06:15:00Z,-1.018,-0.698,-0.869,0.6,0.628,-1.357
2026-09-23T06:30:00Z,-1.336,-0.697,-0.553,0.6,0.627,-1.359
2026-09-23T06:45:00Z,-1.812,-0.698,-0.189,0.6,0.563,-1.536
2026-09-23T07:00:00Z,-1.99,-0.632,0.116,0.378,0.196,-1.933
2026-09-23T07:15:00Z,-1.686,-0.228,-0.077,0.378,0.196,-1.417
2026-09-23T07:30:00Z,-1.662,0.108,0.446,0.378,0.196,-0.534
2026-09-23T07:45:00Z,-1.36,0.569,0.545,0.378,0.13,0.262
2026-09-23T08:00:00Z,-0.697,0.646,0.88,-0.195,-0.827,-0.193
2026-09-23T08:15:00Z,-0.655,0.245,1.426,-0.195,-1.017,-0.197
2026-09-23T08:30:00Z,-0.569,-0.181,1.947,-0.195,-1.017,-0.016
2026-09-23T08:45:00Z,-0.375,-0.473,1.951,-0.195,-1.016,-0.108
2026-09-23T09:00:00Z,-0.921,-0.697,2.299,-0.628,-1.017,-0.963
2026-09-23T09:15:00Z,-0.59,-0.697,1.776,-0.628,-1.017,-1.157
2026-09-23T09:30:00Z,-0.669,-0.697,1.979,-0.628,-1.017,-1.032
2026-09-23T09:45:00Z,-0.794,-0.697,2.237,-0.628,-1.024,-0.906
2026-09-23T10:00:00Z,-0.743,-0.696,1.051,-0.628,-1.071,-2.086
2026-09-23T10:15:00Z,-0.743,-0.696,0.981,-0.628,-1.069,-2.155
2026-09-23T10:30:00Z,-0.625,-0.697,1.159,-0.628,-1.071,-1.862
2026-09-23T10:45:00Z,-0.616,-0.696,1.289,-0.628,-1.07,-1.721
2026-09-23T11:00:00Z,-0.508,-0.697,1.418,-0.628,-1.07,-1.484
2026-09-23T11:15:00Z,-0.339,-0.696,1.441,-0.628,-1.07,-1.291
2026-09-23T11:30:00Z,-0.238,-0.697,1.602,-0.628,-1.069,-1.03
2026-09-23T11:45:00Z,-0.277,-0.697,1.893,-0.628,-1.07,-0.778
2026-09-23T12:00:00Z,-0.521,-0.697,2.229,-0.628,-1.07,-0.686
2026-09-23T12:15:00Z,-0.425,-0.697,2.054,-0.628,-1.069,-0.766
2026-09-23T12:30:00Z,-0.434,-0.697,2.195,-0.628,-1.069,-0.633
2026-09-23T12:45:00Z,-0.341,-0.697,2.593,-0.628,-1.069,-0.141
2026-09-23T13:00:00Z,-0.439,-0.697,2.97,-0.621,-1.069,0.143
2026-09-23T13:15:00Z,-0.507,-0.697,2.957,-0.621,-1.069,0.063
2026-09-23T13:30:00Z,-0.627,-0.694,2.715,-0.621,-1.069,-0.296
2026-09-23T13:45:00Z,-0.697,-0.68,2.598,-0.621,-1.069,-0.47
2026-09-23T14:00:00Z,-0.758,-0.662,2.6,0.028,-1.067,0.141
2026-09-23T14:15:00Z,-1.014,-0.513,1.895,0.028,-1.067,-0.672
2026-09-23T14:30:00Z,-1.011,-0.657,1.362,0.028,-1.067,-1.345
2026-09-23T14:45:00Z,-1.506,-0.432,0.724,0.028,-0.52,-1.706
2026-09-23T15:00:00Z,-2.318,0.062,-0.042,0.595,0.514,-1.189
2026-09-23T15:15:00Z,-2.44,-0.167,-0.764,0.595,0.635,-2.142
2026-09-23T15:30:00Z,-2.353,-0.695,-1.194,0.595,0.635,-3.013
2026-09-23T15:45:00Z,-1.843,-0.698,-1.384,0.595,0.386,-2.944
2026-09-23T16:00:00Z,-1.061,-0.698,-1.886,0.6,-0.001,-3.045
2026-09-23T16:15:00Z,-0.861,-0.698,-2.155,0.6,0,-3.113
2026-09-23T16:30:00Z,-1.076,-0.697,-2.295,0.6,-0,-3.468
2026-09-23T16:45:00Z,-1.308,-0.698,-2.277,0.6,-0,-3.682
2026-09-23T17:00:00Z,-1.254,-0.698,-2.241,0.601,-0.447,-4.04
2026-09-23T17:15:00Z,-1.372,-0.698,-2.037,0.601,-0.45,-3.956
2026-09-23T17:30:00Z,-1.421,-0.698,-1.838,0.601,-0.45,-3.807
2026-09-23T17:45:00Z,-1.805,-0.67,-1.713,0.601,-0.446,-4.033
2026-09-23T18:00:00Z,-1.512,-0.554,-2.084,0.601,-0.423,-3.972
2026-09-23T18:15:00Z,-1.087,-0.646,-2.63,0.601,-0.423,-4.185
2026-09-23T18:30:00Z,-1.075,-0.329,-2.812,0.601,-0.423,-4.038
2026-09-23T18:45:00Z,-1.202,-0.094,-2.793,0.601,-0.479,-3.967
2026-09-23T19:00:00Z,-0.97,-0.111,-2.868,0.601,-0.801,-4.15
2026-09-23T19:15:00Z,-1.153,0.078,-3.066,0.601,-0.801,-4.342
2026-09-23T19:30:00Z,-1.147,0.366,-3.138,0.601,-0.801,-4.12
2026-09-23T19:45:00Z,-1.14,0.64,-2.977,0.601,-0.834,-3.709
2026-09-23T20:00:00Z,-1.291,0.448,-2.024,0.601,-1.041,-3.307
2026-09-23T20:15:00Z,-1.249,0.597,-2.04,0.601,-1.04,-3.131
2026-09-23T20:30:00Z,-1.498,0.667,-1.748,0.601,-1.041,-3.019
2026-09-23T20:45:00Z,-1.565,0.697,-1.864,0.601,-1.031,-3.162
2026-09-23T21:00:00Z,-1.382,0.7,-2.262,0.6,-0.96,-3.304
2026-09-23T21:15:00Z,-1.479,0.7,-2.02,0.6,-0.96,-3.159
2026-09-23T21:30:00Z,-1.911,0.7,-1.231,0.6,-0.961,-2.802
2026-09-23T21:45:00Z,-1.833,0.663,-0.956,0.6,-0.967,-2.492
2026-09-23T22:00:00Z,-2.262,0.338,0.736,0.597,-1.016,-1.607
2026-09-23T22:15:00Z,-2.156,0.459,0.93,0.597,-1.015,-1.184
2026-09-23T22:30:00Z,-2.079,0.5,0.875,0.597,-1.016,-1.122
2026-09-23T22:45:00Z,-1.965,0.515,0.942,0.597,-1.02,-0.931
2026-09-23T23:00:00Z,-2.149,0.682,0.915,0.599,-1.052,-1.006
2026-09-23T23:15:00Z,-2.066,0.697,1.161,0.599,-1.052,-0.661
2026-09-23T23:30:00Z,-2.082,0.672,1.266,0.599,-1.053,-0.597
2026-09-23T23:45:00Z,-2.099,0.696,1.331,0.599,-1.051,-0.524
2026-09-24T00:00:00Z,-2.531,0.7,1.583,0.6,-1.039,-0.686
2026-09-24T00:15:00Z,-2.556,0.7,1.598,0.6,-1.039,-0.697
2026-09-24T00:30:00Z,-2.464,0.7,1.643,0.6,-1.039,-0.56
2026-09-24T00:45:00Z,-2.39,0.7,1.757,0.6,-1.036,-0.369
2026-09-24T01:00:00Z,-2.442,0.7,1.911,0.6,-1.016,-0.246
2026-09-24T01:15:00Z,-2.449,0.7,2.063,0.6,-1.016,-0.102
2026-09-24T01:30:00Z,-2.374,0.7,2.139,0.6,-1.016,0.049
2026-09-24T01:45:00Z,-2.406,0.697,2.166,0.6,-1.017,0.04
2026-09-24T02:00:00Z,-2.321,0.673,2.179,0.6,-1.021,0.11
2026-09-24T02:15:00Z,-2.27,0.681,1.993,0.6,-1.021,-0.016
2026-09-24T02:30:00Z,-2.325,0.698,1.886,0.6,-1.02,-0.161
2026-09-24T02:45:00Z,-2.439,0.7,1.602,0.6,-1.012,-0.55
2026-09-24T03:00:00Z,-2.259,0.7,0.843,0.6,-0.966,-1.083
2026-09-24T03:15:00Z,-2.205,0.7,0.768,0.6,-0.966,-1.104
2026-09-24T03:30:00Z,-2.161,0.7,0.766,0.6,-0.966,-1.062
2026-09-24T03:45:00Z,-2.05,0.681,0.627,0.6,-0.942,-1.084
2026-09-24T04:00:00Z,-2.481,0.528,1.088,0.594,-0.789,-1.06
2026-09-24T04:15:00Z,-2.591,0.665,0.716,0.594,-0.789,-1.405
2026-09-24T04:30:00Z,-2.685,0.698,0.51,0.594,-0.789,-1.671
2026-09-24T04:45:00Z,-2.73,0.7,0.807,0.594,-0.77,-1.398
2026-09-24T05:00:00Z,-2.612,0.7,1.45,0.6,-0.652,-0.513
2026-09-24T05:15:00Z,-2.58,0.7,1.808,0.6,-0.651,-0.122
2026-09-24T05:30:00Z,-2.631,0.7,1.918,0.6,-0.651,-0.063
2026-09-24T05:45:00Z,-2.607,0.7,1.961,0.6,-0.657,-0.001
2026-09-24T06:00:00Z,-2.715,0.689,2.045,0.596,-0.693,-0.078
2026-09-24T06:15:00Z,-2.648,0.58,2.045,0.596,-0.693,-0.12
2026-09-24T06:30:00Z,-2.807,0.497,1.94,0.596,-0.693,-0.467
2026-09-24T06:45:00Z,-2.855,0.306,1.713,0.596,-0.75,-0.991
2026-09-24T07:00:00Z,-3.077,0.552,1.557,0.484,-1.07,-1.554
2026-09-24T07:15:00Z,-3.027,0.454,1.52,0.484,-1.07,-1.64
2026-09-24T07:30:00Z,-2.965,0.531,1.357,0.484,-1.071,-1.663
2026-09-24T07:45:00Z,-2.831,0.58,1.055,0.484,-1.067,-1.778
2026-09-24T08:00:00Z,-2.644,0.547,0.963,0.418,-1.039,-1.755
2026-09-24T08:15:00Z,-2.644,0.659,0.744,0.418,-1.04,-1.862
2026-09-24T08:30:00Z,-2.756,0.616,0.853,0.418,-1.04,-1.909
2026-09-24T08:45:00Z,-2.746,0.583,1.295,0.418,-1.044,-1.494
2026-09-24T09:00:00Z,-3.06,0.011,1.862,-0.366,-1.065,-2.618
2026-09-24T09:15:00Z,-2.886,-0.142,2.03,-0.366,-1.064,-2.428
2026-09-24T09:30:00Z,-2.871,-0.207,1.863,-0.366,-1.065,-2.645
2026-09-24T09:45:00Z,-2.75,-0.252,2.366,-0.366,-1.067,-2.07
2026-09-24T10:00:00Z,-2.658,-0.214,2.467,-0.526,-1.068,-1.999
2026-09-24T10:15:00Z,-2.63,-0.483,2.555,-0.526,-1.068,-2.152
2026-09-24T10:30:00Z,-2.721,-0.642,2.34,-0.526,-1.068,-2.617
2026-09-24T10:45:00Z,-2.839,-0.61,2.304,-0.526,-1.068,-2.739
2026-09-24T11:00:00Z,-2.585,-0.698,2.471,-0.628,-1.068,-2.507
2026-09-24T11:15:00Z,-2.446,-0.699,2.467,-0.628,-1.068,-2.372
2026-09-24T11:30:00Z,-2.383,-0.698,2.253,-0.628,-1.068,-2.524
2026-09-24T11:45:00Z,-2.354,-0.698,2.515,-0.628,-1.068,-2.233
2026-09-24T12:00:00Z,-2.487,-0.698,2.65,-0.389,-1.067,-1.991
2026-09-24T12:15:00Z,-2.403,-0.698,2.694,-0.389,-1.066,-1.862
2026-09-24T12:30:00Z,-2.584,-0.667,2.302,-0.389,-1.066,-2.404
2026-09-24T12:45:00Z,-2.671,-0.52,2.081,-0.389,-1.066,-2.564
2026-09-24T13:00:00Z,-2.606,-0.481,1.972,0,-1.064,-2.178
2026-09-24T13:15:00Z,-2.855,-0.56,2.345,0,-1.064,-2.135
2026-09-24T13:30:00Z,-2.848,-0.474,2.271,0,-1.064,-2.114
2026-09-24T13:45:00Z,-2.718,-0.452,2.169,0,-1.028,-2.03
2026-09-24T14:00:00Z,-2.348,-0.076,1.492,0,-0.813,-1.745
2026-09-24T14:15:00Z,-2.646,0.086,1.642,0,-0.813,-1.731
2026-09-24T14:30:00Z,-2.712,0.08,1.242,0,-0.814,-2.203
2026-09-24T14:45:00Z,-2.439,0.216,0.162,0,-0.719,-2.779
2026-09-24T15:00:00Z,-2.982,0.524,0.054,0,-0.212,-2.615
2026-09-24T15:15:00Z,-2.541,0.425,0.081,0,-0.211,-2.246
2026-09-24T15:30:00Z,-2.432,0.327,-0.426,0,-0.211,-2.743
2026-09-24T15:45:00Z,-2.375,0.139,-0.231,0,-0.009,-2.476
2026-09-24T16:00:00Z,-1.853,-0.556,0.387,0,0.305,-1.717
2026-09-24T16:15:00Z,-0.975,-0.586,-0.149,0,0.305,-1.405
2026-09-24T16:30:00Z,-0.902,-0.003,-0.835,0,0.305,-1.435
2026-09-24T16:45:00Z,-1.232,-0.009,-0.932,0,0.428,-1.744
2026-09-24T17:00:00Z,-1.033,-0.45,-0.659,0,0.698,-1.445
2026-09-24T17:15:00Z,-0.9,-0.474,-0.43,0,0.698,-1.106
2026-09-24T17:30:00Z,-1.241,-0.503,0.013,0,0.697,-1.033
2026-09-24T17:45:00Z,-1.41,-0.697,0.578,0,0.698,-0.831
2026-09-24T18:00:00Z,-1.431,-0.699,0.436,0,0.698,-0.995
2026-09-24T18:15:00Z,-1.361,-0.689,0.431,0,0.698,-0.92
2026-09-24T18:30:00Z,-1.138,-0.649,0.09,0,0.698,-0.999
2026-09-24T18:45:00Z,-0.996,-0.698,0.254,0,0.753,-0.687
2026-09-24T19:00:00Z,-0.572,-0.699,-0.099,0,0.877,-0.492
2026-09-24T19:15:00Z,-0.239,-0.699,-0.917,0,0.877,-0.978
2026-09-24T19:30:00Z,-0.457,-0.699,-0.838,0,0.877,-1.117
2026-09-24T19:45:00Z,-0.549,-0.698,-0.827,0,0.853,-1.222
2026-09-24T20:00:00Z,-0.722,-0.699,-1.007,0,0.696,-1.732
2026-09-24T20:15:00Z,-0.823,-0.699,-1.008,0,0.697,-1.833
2026-09-24T20:30:00Z,-1.127,-0.699,-0.951,0,0.696,-2.08
2026-09-24T20:45:00Z,-1.017,-0.678,-0.71,0,0.696,-1.71
2026-09-24T21:00:00Z,-1.218,-0.567,-1.047,0,0.697,-2.135
2026-09-24T21:15:00Z,-1.241,-0.548,-1.117,0,0.697,-2.209
2026-09-24T21:30:00Z,-1.281,-0.563,-1.125,0,0.697,-2.272
2026-09-24T21:45:00Z,-1.279,-0.608,-1.362,0,0.797,-2.452
2026-09-24T22:00:00Z,-1.189,-0.216,-2.156,0,1.003,-2.558
2026-09-24T22:15:00Z,-1.032,-0.277,-2.181,0,1.003,-2.488
2026-09-24T22:30:00Z,-1.153,-0.285,-1.865,0,1.003,-2.3
2026-09-24T22:45:00Z,-1.29,-0.224,-1.828,0,1.003,-2.339
2026-09-24T23:00:00Z,-1.435,-0.132,-1.987,0,1.006,-2.548
2026-09-24T23:15:00Z,-1.539,-0.237,-1.93,0,1.006,-2.699
2026-09-24T23:30:00Z,-1.536,-0.335,-1.949,0,1.005,-2.815
2026-09-24T23:45:00Z,-1.466,-0.372,-2.033,0,0.988,-2.884
2026-09-25T00:00:00Z,-1.972,-0.505,-1.641,0,0.869,-3.249
2026-09-25T00:15:00Z,-2.068,-0.503,-1.776,0,0.868,-3.479
2026-09-25T00:30:00Z,-1.998,-0.561,-1.69,0,0.869,-3.38
2026-09-25T00:45:00Z,-1.956,-0.498,-1.681,0,0.881,-3.254
2026-09-25T01:00:00Z,-1.818,-0.637,-2.24,0,0.956,-3.739
2026-09-25T01:15:00Z,-2.129,-0.636,-2.066,0,0.955,-3.876
2026-09-25T01:30:00Z,-2.144,-0.698,-2.036,0,0.955,-3.923
2026-09-25T01:45:00Z,-2.124,-0.698,-1.78,0,0.932,-3.67
2026-09-25T02:00:00Z,-2.231,-0.699,-1.764,0,0.782,-3.912
2026-09-25T02:15:00Z,-2.316,-0.699,-1.886,0,0.782,-4.119
2026-09-25T02:30:00Z,-2.175,-0.699,-1.822,0,0.782,-3.913
2026-09-25T02:45:00Z,-2.069,-0.699,-1.989,0,0.775,-3.982
2026-09-25T03:00:00Z,-1.918,-0.699,-1.846,0,0.732,-3.731
2026-09-25T03:15:00Z,-1.915,-0.699,-1.818,0,0.731,-3.701
2026-09-25T03:30:00Z,-1.908,-0.698,-2.024,0,0.732,-3.899
2026-09-25T03:45:00Z,-1.779,-0.699,-2.318,0,0.418,-4.379
2026-09-25T04:00:00Z,-1.033,-0.699,-2.835,0,-0.001,-4.567
2026-09-25T04:15:00Z,-0.597,-0.699,-3.195,0,-0,-4.49
2026-09-25T04:30:00Z,-0.552,-0.699,-3.204,0,-0,-4.455
2026-09-25T04:45:00Z,-0.6,-0.698,-3.137,0,-0.001,-4.436
2026-09-25T05:00:00Z,-0.694,-0.699,-2.856,0,0.444,-3.804
2026-09-25T05:15:00Z,-0.841,-0.699,-2.735,0,0.447,-3.828
2026-09-25T05:30:00Z,-0.898,-0.699,-2.696,0,0.448,-3.845
2026-09-25T05:45:00Z,-0.932,-0.695,-2.598,0,0.298,-3.928
2026-09-25T06:00:00Z,-0.998,-0.683,-2.386,0,-0.456,-4.521
2026-09-25T06:15:00Z,-1.278,-0.698,-2.241,0,-0.458,-4.676
2026-09-25T06:30:00Z,-1.375,-0.698,-2.345,0,-0.458,-4.877
2026-09-25T06:45:00Z,-1.588,-0.698,-1.767,0,-0.635,-4.688
2026-09-25T07:00:00Z,-1.995,-0.698,-1.069,0,-0.96,-4.721
2026-09-25T07:15:00Z,-2.237,-0.684,-0.722,0,-0.96,-4.603
2026-09-25T07:30:00Z,-2.206,-0.529,-0.667,0,-0.958,-4.361
2026-09-25T07:45:00Z,-2.447,-0.199,-0.325,0,-0.938,-3.908
2026-09-25T08:00:00Z,-2.996,-0.633,1.135,0,-0.802,-3.296
2026-09-25T08:15:00Z,-2.575,-0.291,1.003,0,-0.803,-2.665
2026-09-25T08:30:00Z,-2.667,-0.108,0.917,0,-0.802,-2.66
2026-09-25T08:45:00Z,-2.756,-0.212,1.07,0,-0.839,-2.737
2026-09-25T09:00:00Z,-2.415,-0.423,1.073,0,-1.066,-2.831
2026-09-25T09:15:00Z,-2.439,-0.161,0.594,0,-1.066,-3.072
2026-09-25T09:30:00Z,-2.555,0.049,0.228,0,-1.066,-3.345
2026-09-25T09:45:00Z,-2.625,-0.135,0.315,0,-1.067,-3.512
2026-09-25T10:00:00Z,-2.391,-0.367,0.314,0,-1.068,-3.511
2026-09-25T10:15:00Z,-2.353,-0.436,0.661,0,-1.068,-3.196
2026-09-25T10:30:00Z,-2.09,-0.536,0.367,0,-1.069,-3.327
2026-09-25T10:45:00Z,-1.675,-0.628,0.038,0,-1.068,-3.332
2026-09-25T11:00:00Z,-1.497,-0.63,-0.099,0,-1.068,-3.294
2026-09-25T11:15:00Z,-1.551,-0.642,-0.063,0,-1.068,-3.325
2026-09-25T11:30:00Z,-1.541,-0.696,-0.2,0,-1.069,-3.506
2026-09-25T11:45:00Z,-1.6,-0.687,-0.302,0,-1.068,-3.657
2026-09-25T12:00:00Z,-1.661,-0.632,-0.329,0,-1.068,-3.691
2026-09-25T12:15:00Z,-1.586,-0.526,-0.311,0,-1.069,-3.492
2026-09-25T12:30:00Z,-2.087,-0.217,0.114,0,-1.068,-3.259
2026-09-25T12:45:00Z,-1.991,-0.12,0.044,0,-1.068,-3.135
2026-09-25T13:00:00Z,-1.858,-0.182,0.055,0,-1.068,-3.053
2026-09-25T13:15:00Z,-1.995,-0.034,0.231,0,-1.068,-2.866
2026-09-25T13:30:00Z,-1.887,-0.086,0.366,0,-1.068,-2.674
2026-09-25T13:45:00Z,-1.635,-0.196,0.604,0,-1.044,-2.271
2026-09-25T14:00:00Z,-1.699,-0.176,0.493,0,-0.894,-2.276
2026-09-25T14:15:00Z,-1.757,-0.326,0.648,0,-0.893,-2.328
2026-09-25T14:30:00Z,-1.79,-0.495,0.727,0,-0.894,-2.451
2026-09-25T14:45:00Z,-2.09,-0.606,0.275,0,-0.474,-2.895
2026-09-25T15:00:00Z,-2.372,-0.577,-0.684,0,0.265,-3.368
2026-09-25T15:15:00Z,-2.108,-0.474,-1.565,0,0.265,-3.882
2026-09-25T15:30:00Z,-1.817,-0.541,-1.592,0,0.265,-3.685
2026-09-25T15:45:00Z,-1.236,-0.533,-1.905,0,0.375,-3.298
2026-09-25T16:00:00Z,-1.046,-0.01,-2.531,0,0.609,-2.978
2026-09-25T16:15:00Z,-0.863,0.112,-2.619,0,0.609,-2.762
2026-09-25T16:30:00Z,-0.913,0.105,-2.333,0,0.61,-2.533
2026-09-25T16:45:00Z,-0.966,0.495,-2.523,0,0.717,-2.277
2026-09-25T17:00:00Z,-0.898,-0.025,-1.882,0,0.944,-1.861
2026-09-25T17:15:00Z,-0.995,-0.026,-1.716,0,0.944,-1.793
2026-09-25T17:30:00Z,-0.879,-0.262,-1.309,0,0.945,-1.506
2026-09-25T17:45:00Z,-1.162,-0.308,-0.843,0,0.944,-1.368
2026-09-25T18:00:00Z,-1.202,-0.689,-0.57,0,0.902,-1.558
2026-09-25T18:15:00Z,-1.054,-0.699,-0.52,0,0.902,-1.371
2026-09-25T18:30:00Z,-0.204,-0.698,-1.461,0,0.902,-1.461
2026-09-25T18:45:00Z,0.069,-0.699,-1.686,0,0.892,-1.424
2026-09-25T19:00:00Z,0.061,-0.699,-1.724,0,0.823,-1.539
2026-09-25T19:15:00Z,0.21,-0.698,-2.041,0,0.822,-1.708
2026-09-25T19:30:00Z,0.301,-0.699,-2.141,0,0.822,-1.717
2026-09-25T19:45:00Z,0.185,-0.699,-2.077,0,0.822,-1.769
2026-09-25T20:00:00Z,0.153,-0.699,-1.864,0,0.468,-1.942
2026-09-25T20:15:00Z,0.044,-0.699,-2.144,0,0.469,-2.33
2026-09-25T20:30:00Z,-0.348,-0.656,-1.866,0,0.469,-2.401
2026-09-25T20:45:00Z,-0.573,-0.32,-2.057,0,0.473,-2.477
2026-09-25T21:00:00Z,-0.67,0.169,-2.965,0,0.496,-2.969
2026-09-25T21:15:00Z,-1.229,0.049,-2.614,0,0.496,-3.298
2026-09-25T21:30:00Z,-1.535,0.115,-2.284,0,0.496,-3.208
2026-09-25T21:45:00Z,-1.604,0.056,-2.095,0,0.502,-3.141
2026-09-25T22:00:00Z,-1.138,-0.068,-2.351,0,0.546,-3.011
2026-09-25T22:15:00Z,-1.222,0.405,-2.762,0,0.546,-3.033
2026-09-25T22:30:00Z,-1.36,0.42,-2.79,0,0.546,-3.184
2026-09-25T22:45:00Z,-1.491,0.441,-2.699,0,0.521,-3.228
2026-09-25T23:00:00Z,-1.871,0.482,-2.264,0,0.36,-3.293
2026-09-25T23:15:00Z,-1.772,0.437,-2.282,0,0.36,-3.257
2026-09-25T23:30:00Z,-1.702,0.512,-2.33,0,0.361,-3.158
2026-09-25T23:45:00Z,-1.456,0.553,-2.115,0,0.388,-2.63
2026-09-26T00:00:00Z,-1.351,0.596,-1.862,0,0.552,-2.065
2026-09-26T00:15:00Z,-1.194,0.612,-1.557,0,0.552,-1.587
2026-09-26T00:30:00Z,-1.096,0.65,-1.249,0,0.552,-1.144
2026-09-26T00:45:00Z,-1.143,0.694,-1.291,0,0.543,-1.196
2026-09-26T01:00:00Z,-1.116,0.696,-1.235,0,0.488,-1.166
2026-09-26T01:15:00Z,-1.147,0.673,-1.185,0,0.488,-1.172
2026-09-26T01:30:00Z,-1.121,0.666,-1.305,0,0.489,-1.27
2026-09-26T01:45:00Z,-1.067,0.695,-1.342,0,0.515,-1.199
2026-09-26T02:00:00Z,-1.149,0.676,-1.397,0,0.686,-1.184
2026-09-26T02:15:00Z,-1.064,0.614,-1.477,0,0.686,-1.242
2026-09-26T02:30:00Z,-1.1,0.649,-1.634,0,0.687,-1.398
2026-09-26T02:45:00Z,-1.266,0.686,-1.789,0,0.703,-1.666
2026-09-26T03:00:00Z,-1.195,0.698,-1.921,0,0.809,-1.608
2026-09-26T03:15:00Z,-1.046,0.699,-2.124,0,0.809,-1.662
2026-09-26T03:30:00Z,-1.104,0.69,-2.212,0,0.809,-1.817
2026-09-26T03:45:00Z,-1.097,0.665,-2.366,0,0.791,-2.008
2026-09-26T04:00:00Z,-0.905,0.582,-2.319,0,0.679,-1.962
2026-09-26T04:15:00Z,-0.918,0.621,-2.416,0,0.679,-2.034
2026-09-26T04:30:00Z,-0.789,0.586,-2.448,0,0.679,-1.971
2026-09-26T04:45:00Z,-0.746,0.604,-2.509,0,0.665,-1.988
2026-09-26T05:00:00Z,-0.666,0.646,-2.376,0,0.569,-1.827
2026-09-26T05:15:00Z,-0.566,0.634,-2.238,0,0.569,-1.601
2026-09-26T05:30:00Z,-0.731,0.616,-2.002,0,0.569,-1.548
2026-09-26T05:45:00Z,-1.407,0.133,-0.627,0,0.36,-1.541
2026-09-26T06:00:00Z,-1.289,0.568,-0.434,0,-0.318,-1.474
2026-09-26T06:15:00Z,-1.78,0.593,0.196,0,-0.317,-1.309
2026-09-26T06:30:00Z,-2.091,0.675,0.489,0,-0.317,-1.245
2026-09-26T06:45:00Z,-2.397,0.677,0.833,0,-0.507,-1.394
2026-09-26T07:00:00Z,-2.166,0.495,1.629,0,-0.844,-0.887
2026-09-26T07:15:00Z,-2.083,0.643,2.584,0,-0.845,0.3
2026-09-26T07:30:00Z,-1.9,0.688,2.727,0,-0.845,0.67
2026-09-26T07:45:00Z,-1.817,0.671,2.973,0,-0.867,0.96
2026-09-26T08:00:00Z,-1.901,0.696,3.233,0,-1.008,1.019
2026-09-26T08:15:00Z,-1.684,0.692,2.905,0,-1.007,0.905
2026-09-26T08:30:00Z,-1.758,0.687,3.096,0,-1.007,1.019
2026-09-26T08:45:00Z,-1.69,0.697,3.175,0,-1.016,1.166
2026-09-26T09:00:00Z,-1.246,0.679,2.525,0,-1.07,0.888
2026-09-26T09:15:00Z,-1.105,0.67,1.953,0,-1.07,0.448
2026-09-26T09:30:00Z,-1.449,0.646,2.209,0,-1.07,0.336
2026-09-26T09:45:00Z,-1.852,0.636,2.299,0,-1.069,0.014
2026-09-26T10:00:00Z,-1.798,0.678,2.035,0,-1.065,-0.15
2026-09-26T10:15:00Z,-1.928,0.698,1.965,0,-1.065,-0.331
2026-09-26T10:30:00Z,-1.943,0.698,1.947,0,-1.066,-0.363
2026-09-26T10:45:00Z,-1.98,0.682,1.888,0,-1.066,-0.476
2026-09-26T11:00:00Z,-1.552,0.697,1.83,0,-1.068,-0.093
2026-09-26T11:15:00Z,-1.195,0.692,1.689,0,-1.069,0.117
2026-09-26T11:30:00Z,-1.065,0.631,1.641,0,-1.07,0.137
2026-09-26T11:45:00Z,-0.934,0.691,1.657,0,-1.066,0.348
2026-09-26T12:00:00Z,-0.984,0.691,1.799,0,-1.045,0.46
2026-09-26T12:15:00Z,-0.923,0.608,1.822,0,-1.045,0.462
2026-09-26T12:30:00Z,-0.705,0.423,2.013,0,-1.045,0.685
2026-09-26T12:45:00Z,-0.687,0.504,1.724,0,-0.519,1.021
2026-09-26T13:00:00Z,-0.566,0.251,1.507,0,-0.001,1.191
2026-09-26T13:15:00Z,-0.21,0.285,0.725,0,-0.001,0.8
2026-09-26T13:30:00Z,0.009,0.575,0.078,0,-0.001,0.661
2026-09-26T13:45:00Z,-0.169,0.55,0.308,0,-0.001,0.689
2026-09-26T14:00:00Z,-0.613,0.082,0.763,0,0.679,0.911
2026-09-26T14:15:00Z,-0.812,-0.578,1.094,0,0.782,0.487
2026-09-26T14:30:00Z,-1.002,-0.551,1.209,0,0.782,0.438
2026-09-26T14:45:00Z,-1.566,-0.135,0.552,0,0.819,-0.329
2026-09-26T15:00:00Z,-2.155,-0.051,-0.165,0,1.044,-1.327
2026-09-26T15:15:00Z,-2.176,-0.329,-0.868,0,1.043,-2.331
2026-09-26T15:30:00Z,-1.916,-0.667,-0.909,0,1.043,-2.449
2026-09-26T15:45:00Z,-1.757,-0.538,-1.416,0,1.027,-2.685
2026-09-26T16:00:00Z,-1.112,-0.664,-1.732,0,0.923,-2.586
2026-09-26T16:15:00Z,-0.962,-0.693,-1.865,0,0.923,-2.597
2026-09-26T16:30:00Z,-0.823,-0.665,-1.69,0,0.923,-2.255
2026-09-26T16:45:00Z,-0.484,-0.498,-2.18,0,0.912,-2.25
2026-09-26T17:00:00Z,-0.318,-0.269,-1.913,0,0.838,-1.661
2026-09-26T17:15:00Z,-0.337,-0.366,-1.934,0,0.838,-1.799
2026-09-26T17:30:00Z,-0.555,-0.499,-1.71,0,0.838,-1.926
2026-09-26T17:45:00Z,-0.675,-0.522,-1.332,0,0.748,-1.781
2026-09-26T18:00:00Z,-0.731,-0.588,-1.105,0,0.256,-2.167
2026-09-26T18:15:00Z,-0.975,-0.554,-1.128,0,0.257,-2.4
2026-09-26T18:30:00Z,-0.932,-0.63,-0.868,0,0.257,-2.172
2026-09-26T18:45:00Z,-0.868,-0.596,-1.093,0,0.246,-2.312
2026-09-26T19:00:00Z,-0.815,-0.567,-1.42,0,0.175,-2.626
2026-09-26T19:15:00Z,-0.912,-0.569,-1.267,0,0.175,-2.572
2026-09-26T19:30:00Z,-1.053,-0.583,-1.326,0,0.176,-2.786
2026-09-26T19:45:00Z,-1.278,-0.616,-1.212,0,0.26,-2.847
2026-09-26T20:00:00Z,-1.461,-0.574,-1.414,0,0.72,-2.729
2026-09-26T20:15:00Z,-1.593,-0.491,-1.288,0,0.721,-2.65
2026-09-26T20:30:00Z,-1.998,-0.507,-1.08,0,0.72,-2.866
2026-09-26T20:45:00Z,-2.14,-0.481,-1.138,0,0.688,-3.071
2026-09-26T21:00:00Z,-2.205,-0.477,-1.001,0,0.479,-3.204
2026-09-26T21:15:00Z,-2.215,-0.516,-0.955,0,0.479,-3.206
2026-09-26T21:30:00Z,-2.309,-0.485,-0.936,0,0.479,-3.251
2026-09-26T21:45:00Z,-2.437,-0.351,-0.987,0,0.485,-3.291
2026-09-26T22:00:00Z,-2.279,0.033,-1.466,0,0.521,-3.192
2026-09-26T22:15:00Z,-1.928,0.48,-2.178,0,0.522,-3.104
2026-09-26T22:30:00Z,-1.749,0.614,-1.943,0,0.522,-2.555
2026-09-26T22:45:00Z,-1.518,0.637,-1.563,0,0.52,-1.924
2026-09-26T23:00:00Z,-1.766,0.551,-1.09,0,0.51,-1.795
2026-09-26T23:15:00Z,-2.09,-0.014,-0.101,0,0.51,-1.695
2026-09-26T23:30:00Z,-2.088,-0.032,0.321,0,0.51,-1.289
2026-09-26T23:45:00Z,-1.916,0.01,0.323,0,0.484,-1.099
2026-09-27T00:00:00Z,-1.806,0.325,0.11,0,0.323,-1.048
2026-09-27T00:15:00Z,-1.799,0.594,0.237,0,0.324,-0.644
2026-09-27T00:30:00Z,-1.766,0.628,0.545,0,0.325,-0.268
2026-09-27T00:45:00Z,-1.691,0.602,0.745,0,0.372,0.028
2026-09-27T01:00:00Z,-1.804,0.555,0.521,0,0.649,-0.079
2026-09-27T01:15:00Z,-1.822,0.537,0.573,0,0.649,-0.064
2026-09-27T01:30:00Z,-1.964,0.54,0.472,0,0.649,-0.302
2026-09-27T01:45:00Z,-1.931,0.515,0.367,0,0.645,-0.404
2026-09-27T02:00:00Z,-1.859,0.525,0.356,0,0.616,-0.362
2026-09-27T02:15:00Z,-1.882,0.593,0.37,0,0.617,-0.303
2026-09-27T02:30:00Z,-1.853,0.552,0.392,0,0.616,-0.292
2026-09-27T02:45:00Z,-1.892,0.554,0.476,0,0.63,-0.232
2026-09-27T03:00:00Z,-2.018,0.487,0.51,0,0.725,-0.296
2026-09-27T03:15:00Z,-2.062,0.446,0.596,0,0.726,-0.293
2026-09-27T03:30:00Z,-2.056,0.454,0.597,0,0.726,-0.279
2026-09-27T03:45:00Z,-2.072,0.469,0.729,0,0.747,-0.127
2026-09-27T04:00:00Z,-1.917,0.466,0.47,0,0.882,-0.098
2026-09-27T04:15:00Z,-1.952,0.488,0.574,0,0.884,-0.007
2026-09-27T04:30:00Z,-1.975,0.489,0.579,0,0.883,-0.024
2026-09-27T04:45:00Z,-2.012,0.475,0.63,0,0.864,-0.043
2026-09-27T05:00:00Z,-1.922,0.3,1.251,0,0.747,0.376
2026-09-27T05:15:00Z,-1.997,0.41,1.863,0,0.747,1.023
2026-09-27T05:30:00Z,-2.071,0.611,2.219,0,0.747,1.506
2026-09-27T05:45:00Z,-2.053,0.681,2.502,0,0.714,1.845
2026-09-27T06:00:00Z,-2.457,0.578,3.281,0,0.511,1.912
2026-09-27T06:15:00Z,-2.412,0.527,3.682,0,0.511,2.308
2026-09-27T06:30:00Z,-2.431,0.638,3.996,0,0.51,2.713
2026-09-27T06:45:00Z,-2.174,0.644,3.97,0,0.337,2.776
2026-09-27T07:00:00Z,-2.062,0.684,4.161,0,-0.239,2.544
2026-09-27T07:15:00Z,-1.857,0.61,3.965,0,-0.239,2.478
2026-09-27T07:30:00Z,-1.924,0.613,4.069,0,-0.24,2.518
2026-09-27T07:45:00Z,-1.962,0.625,3.918,0,-0.282,2.299
2026-09-27T08:00:00Z,-2.557,0.315,4.159,0,-0.38,1.538
2026-09-27T08:15:00Z,-2.546,0.098,3.975,0,-0.379,1.149
2026-09-27T08:30:00Z,-2.673,-0.217,4.236,0,-0.379,0.967
2026-09-27T08:45:00Z,-2.86,-0.536,4.268,0,-0.444,0.428
2026-09-27T09:00:00Z,-2.485,-0.622,3.903,0,-0.806,-0.011
2026-09-27T09:15:00Z,-2.698,-0.668,3.808,0,-0.806,-0.362
2026-09-27T09:30:00Z,-2.778,-0.687,3.394,0,-0.806,-0.878
2026-09-27T09:45:00Z,-2.585,-0.676,3.062,0,-0.807,-1.007
2026-09-27T10:00:00Z,-2.798,-0.691,2.96,0,-0.817,-1.345
2026-09-27T10:15:00Z,-2.843,-0.681,3.183,0,-0.817,-1.159
2026-09-27T10:30:00Z,-2.849,-0.695,3.078,0,-0.817,-1.283
2026-09-27T10:45:00Z,-2.817,-0.693,2.984,0,-0.839,-1.365
2026-09-27T11:00:00Z,-2.984,-0.699,3.182,0,-0.971,-1.473
2026-09-27T11:15:00Z,-3.019,-0.697,2.938,0,-0.972,-1.749
2026-09-27T11:30:00Z,-2.812,-0.696,2.979,0,-0.972,-1.502
2026-09-27T11:45:00Z,-2.389,-0.697,2.854,0,-0.987,-1.219
2026-09-27T12:00:00Z,-2.71,-0.697,2.994,0,-1.069,-1.482
2026-09-27T12:15:00Z,-2.898,-0.697,3.294,0,-1.068,-1.37
2026-09-27T12:30:00Z,-2.819,-0.697,3.236,0,-1.068,-1.349
2026-09-27T12:45:00Z,-2.597,-0.697,3.291,0,-1.069,-1.072
2026-09-27T13:00:00Z,-2.48,-0.692,3.471,0,-1.069,-0.77
2026-09-27T13:15:00Z,-1.949,-0.683,3.316,0,-1.069,-0.384
2026-09-27T13:30:00Z,-1.263,-0.693,2.809,0,-1.069,-0.216
2026-09-27T13:45:00Z,-0.83,-0.654,2.576,0,-1.052,0.04
2026-09-27T14:00:00Z,-0.995,-0.586,2.651,0,-0.945,0.126
2026-09-27T14:15:00Z,-0.531,-0.601,2.731,0,-0.944,0.655
2026-09-27T14:30:00Z,-0.486,-0.165,2.824,0,-0.944,1.229
2026-09-27T14:45:00Z,-0.412,0.043,2.836,0,-0.492,1.975
2026-09-27T15:00:00Z,-0.699,0.555,1.861,0,0.518,2.235
2026-09-27T15:15:00Z,-0.544,0.691,1.575,0,0.541,2.263
2026-09-27T15:30:00Z,-0.827,0.701,1.277,0,0.54,1.691
2026-09-27T15:45:00Z,-1.24,0.7,1.132,0,0.536,1.128
2026-09-27T16:00:00Z,-1.324,0.7,0.874,0,0.503,0.753
2026-09-27T16:15:00Z,-1.897,0.7,0.916,0,0.503,0.222
2026-09-27T16:30:00Z,-2.047,0.7,1.26,0,0.503,0.416
2026-09-27T16:45:00Z,-1.717,0.701,1.117,0,0.508,0.609
2026-09-27T17:00:00Z,-2.8,0.701,2.204,0,0.536,0.641
2026-09-27T17:15:00Z,-3.058,0.7,2.35,0,0.536,0.527
2026-09-27T17:30:00Z,-3.028,0.7,2.259,0,0.536,0.467
2026-09-27T17:45:00Z,-2.435,0.7,1.667,0,0.504,0.437
2026-09-27T18:00:00Z,-2.929,0.7,2.151,0,0.305,0.227
2026-09-27T18:15:00Z,-2.821,0.7,1.959,0,0.305,0.143
2026-09-27T18:30:00Z,-2.993,0.7,1.968,0,0.305,-0.019
2026-09-27T18:45:00Z,-3.114,0.7,2.289,0,0.246,0.122
2026-09-27T19:00:00Z,-3.38,0.7,2.395,0,0.111,-0.174
2026-09-27T19:15:00Z,-3.329,0.7,2.294,0,0.111,-0.224
2026-09-27T19:30:00Z,-3.503,0.7,2.394,0,0.111,-0.297
2026-09-27T19:45:00Z,-3.418,0.7,2.299,0,0.074,-0.345
2026-09-27T20:00:00Z,-3.369,0.7,2.169,0,-0.104,-0.605
2026-09-27T20:15:00Z,-3.43,0.699,1.972,0,-0.104,-0.863
2026-09-27T20:30:00Z,-3.82,0.692,1.836,0,-0.105,-1.396
2026-09-27T20:45:00Z,-3.733,0.69,1.687,0,-0.104,-1.46
2026-09-27T21:00:00Z,-3.448,0.616,2.404,0,-0.364,-0.791
2026-09-27T21:15:00Z,-3.151,0.633,2.015,0,-0.365,-0.867
2026-09-27T21:30:00Z,-3.184,0.516,2.337,0,-0.365,-0.697
2026-09-27T21:45:00Z,-2.988,0.471,1.761,0,-0.408,-1.165
2026-09-27T22:00:00Z,-3.206,0.669,2.06,0,-0.66,-1.137
2026-09-27T22:15:00Z,-3.21,0.699,2.072,0,-0.66,-1.099
2026-09-27T22:30:00Z,-2.96,0.7,2.015,0,-0.661,-0.906
2026-09-27T22:45:00Z,-2.69,0.7,1.886,0,-0.627,-0.731
2026-09-27T23:00:00Z,-3.355,0.699,1.948,0,-0.423,-1.131
2026-09-27T23:15:00Z,-3.138,0.694,1.506,0,-0.422,-1.36
2026-09-27T23:30:00Z,-2.968,0.699,1.418,0,-0.423,-1.274
2026-09-27T23:45:00Z,-2.971,0.699,1.503,0,-0.422,-1.192
2026-09-28T00:00:00Z,-3.065,0.673,1.593,0,-0.419,-1.217
2026-09-28T00:15:00Z,-2.902,0.601,1.511,0,-0.419,-1.209
2026-09-28T00:30:00Z,-2.71,0.567,1.519,0,-0.419,-1.043
2026-09-28T00:45:00Z,-2.474,0.538,1.498,0,-0.426,-0.865
2026-09-28T01:00:00Z,-2.54,0.497,1.488,0,-0.47,-1.026
2026-09-28T01:15:00Z,-2.601,0.479,1.356,0,-0.47,-1.237
2026-09-28T01:30:00Z,-2.525,0.492,1.341,0,-0.471,-1.162
2026-09-28T01:45:00Z,-2.526,0.452,1.444,0,-0.467,-1.097
2026-09-28T02:00:00Z,-2.333,0.54,1.234,0,-0.449,-1.008
2026-09-28T02:15:00Z,-2.197,0.603,1.257,0,-0.449,-0.787
2026-09-28T02:30:00Z,-2.11,0.54,1.067,0,-0.45,-0.953
2026-09-28T02:45:00Z,-1.892,0.429,0.799,0,-0.3,-0.964
2026-09-28T03:00:00Z,-1.58,0.144,0.403,0,0.132,-0.901
2026-09-28T03:15:00Z,-1.236,0.11,-0.038,0,0.132,-1.032
2026-09-28T03:30:00Z,-0.86,0.032,-0.56,0,0.131,-1.257
2026-09-28T03:45:00Z,-1.249,-0.289,-0.631,0,0.217,-1.952
2026-09-28T04:00:00Z,-1.268,0.122,-1.746,0,0.717,-2.176
2026-09-28T04:15:00Z,-1.421,0.092,-2.246,0,0.716,-2.858
2026-09-28T04:30:00Z,-1.036,-0.034,-2.155,0,0.716,-2.509
2026-09-28T04:45:00Z,-0.799,0.019,-2.2,0,0.722,-2.258
2026-09-28T05:00:00Z,-0.237,-0.132,-2.388,0,0.755,-2.003
2026-09-28T05:15:00Z,-0.739,0.05,-1.773,0,0.755,-1.707
2026-09-28T05:30:00Z,-0.563,0.183,-2.071,0,0.755,-1.695
2026-09-28T05:45:00Z,-0.598,0.262,-1.748,0,0.424,-1.66
2026-09-28T06:00:00Z,-1.104,0.183,-0.887,0,-0.001,-1.808
2026-09-28T06:15:00Z,-0.831,0.616,-1.263,0,-0.001,-1.478
2026-09-28T06:30:00Z,-0.837,0.687,-1.208,0,-0.001,-1.358
2026-09-28T06:45:00Z,-1.382,0.653,-1.164,0,-0.001,-1.893
2026-09-28T07:00:00Z,-1.795,0.622,-0.618,0,-0.646,-2.437
2026-09-28T07:15:00Z,-1.859,0.585,-0.31,0,-0.729,-2.313
2026-09-28T07:30:00Z,-1.917,0.514,-0.616,0,-0.729,-2.747
2026-09-28T07:45:00Z,-2.099,0.457,-0.313,0,-0.779,-2.735
2026-09-28T08:00:00Z,-2.205,0.011,0.512,0,-1.076,-2.758
2026-09-28T08:15:00Z,-2.406,0.051,1.034,0,-1.076,-2.397
2026-09-28T08:30:00Z,-2.549,-0.407,1.548,0,-1.076,-2.484
2026-09-28T08:45:00Z,-2.55,-0.159,1.576,0,-1.076,-2.209
2026-09-28T09:00:00Z,-2.331,0.253,0.685,0,-1.071,-2.465
2026-09-28T09:15:00Z,-2.413,0.31,0.822,0,-1.071,-2.352
2026-09-28T09:30:00Z,-2.475,0.137,1.111,0,-1.07,-2.298
2026-09-28T09:45:00Z,-2.563,0.293,1.238,0,-1.055,-2.087
2026-09-28T10:00:00Z,-2.563,0.252,1.666,0,-0.959,-1.603
2026-09-28T10:15:00Z,-2.54,0.069,1.862,0,-0.959,-1.569
2026-09-28T10:30:00Z,-2.438,0.144,1.653,0,-0.958,-1.599
2026-09-28T10:45:00Z,-2.315,0.188,1.597,0,-0.946,-1.476
2026-09-28T11:00:00Z,-2.251,0.293,1.789,0,-0.869,-1.038
2026-09-28T11:15:00Z,-2.174,0.291,1.655,0,-0.869,-1.097
2026-09-28T11:30:00Z,-2.028,0.367,1.666,0,-0.868,-0.863
2026-09-28T11:45:00Z,-1.881,0.359,1.697,0,-0.768,-0.593
2026-09-28T12:00:00Z,-1.733,0.528,1.643,0,-0.218,0.219
2026-09-28T12:15:00Z,-1.479,0.682,1.23,0,-0.218,0.215
2026-09-28T12:30:00Z,-1.342,0.665,1.114,0,-0.218,0.219
2026-09-28T12:45:00Z,-1.481,0.437,1.215,0,-0.145,0.026
2026-09-28T13:00:00Z,-1.375,0.085,1.205,0,0.102,0.018
2026-09-28T13:15:00Z,-1.376,-0.11,1.485,0,0.102,0.1
2026-09-28T13:30:00Z,-1.312,-0.136,1.039,0,0.102,-0.306
2026-09-28T13:45:00Z,-0.972,-0.591,0.553,0,0.122,-0.888
2026-09-28T14:00:00Z,-0.981,-0.423,0.242,0,0.454,-0.708
2026-09-28T14:15:00Z,-0.747,-0.436,-0.193,0,0.453,-0.923
2026-09-28T14:30:00Z,-0.342,-0.432,-0.61,0,0.453,-0.931
2026-09-28T14:45:00Z,-0.837,-0.591,-0.066,0,0.503,-0.991
2026-09-28T15:00:00Z,-0.064,-0.276,-1.207,0,0.617,-0.93
2026-09-28T15:15:00Z,0.052,-0.225,-1.483,0,0.618,-1.038
2026-09-28T15:30:00Z,0.196,-0.051,-1.621,0,0.618,-0.857
2026-09-28T15:45:00Z,-0.089,-0.215,-1.341,0,0.65,-0.996
2026-09-28T16:00:00Z,-0.51,-0.458,-1.378,0,0.725,-1.621
2026-09-28T16:15:00Z,-0.571,-0.541,-1.217,0,0.725,-1.605
2026-09-28T16:30:00Z,-0.772,-0.615,-1.236,0,0.725,-1.898
2026-09-28T16:45:00Z,-0.877,-0.674,-1.356,0,0.725,-2.181
2026-09-28T17:00:00Z,-0.995,-0.699,-1.358,0,0.602,-2.45
2026-09-28T17:15:00Z,-0.934,-0.699,-1.412,0,0.602,-2.443
2026-09-28T17:30:00Z,-1.179,-0.698,-1.246,0,0.602,-2.521
2026-09-28T17:45:00Z,-1.188,-0.699,-0.997,0,0.535,-2.348
2026-09-28T18:00:00Z,-1.11,-0.699,-1.001,0,0.155,-2.654
2026-09-28T18:15:00Z,-1.151,-0.699,-1.056,0,0.156,-2.75
2026-09-28T18:30:00Z,-1.092,-0.699,-1.154,0,0.155,-2.789
2026-09-28T18:45:00Z,-1.195,-0.699,-1.094,0,0.165,-2.823
2026-09-28T19:00:00Z,-0.864,-0.697,-1.528,0,0.224,-2.866
2026-09-28T19:15:00Z,-1.078,-0.691,-1.254,0,0.223,-2.799
2026-09-28T19:30:00Z,-1.074,-0.695,-1.485,0,0.223,-3.03
2026-09-28T19:45:00Z,-1.301,-0.685,-1.373,0,0.149,-3.21
2026-09-28T20:00:00Z,-1.489,-0.667,-1.171,0,-0.105,-3.432
2026-09-28T20:15:00Z,-1.431,-0.699,-1.253,0,-0.104,-3.487
2026-09-28T20:30:00Z,-1.492,-0.694,-1.299,0,-0.104,-3.589
2026-09-28T20:45:00Z,-1.514,-0.672,-1.502,0,-0.105,-3.791
2026-09-28T21:00:00Z,-1.589,-0.66,-1.422,0,-0.105,-3.775
2026-09-28T21:15:00Z,-1.711,-0.59,-1.439,0,-0.105,-3.844
2026-09-28T21:30:00Z,-1.606,-0.689,-1.717,0,-0.105,-4.117
2026-09-28T21:45:00Z,-1.618,-0.693,-1.862,0,-0.104,-4.277
2026-09-28T22:00:00Z,-1.479,-0.697,-1.719,0,-0.216,-4.111
2026-09-28T22:15:00Z,-1.536,-0.676,-1.65,0,-0.216,-4.078
2026-09-28T22:30:00Z,-1.52,-0.584,-1.782,0,-0.216,-4.103
2026-09-28T22:45:00Z,-1.257,-0.379,-1.861,0,-0.215,-3.712
2026-09-28T23:00:00Z,-1.668,-0.124,-1.743,0,-0.209,-3.744
2026-09-28T23:15:00Z,-1.809,-0.234,-1.619,0,-0.209,-3.872
2026-09-28T23:30:00Z,-2.03,-0.487,-1.623,0,-0.209,-4.349
2026-09-28T23:45:00Z,-1.865,-0.549,-1.59,0,-0.232,-4.236
2026-09-29T00:00:00Z,-1.846,-0.086,-1.811,0,-0.375,-4.117
2026-09-29T00:15:00Z,-1.711,-0.25,-1.848,0,-0.375,-4.184
2026-09-29T00:30:00Z,-1.552,-0.538,-1.826,0,-0.375,-4.292
2026-09-29T00:45:00Z,-1.372,-0.685,-1.931,0,-0.25,-4.238
2026-09-29T01:00:00Z,-1.222,-0.694,-2.235,0,-0,-4.151
2026-09-29T01:15:00Z,-1.378,-0.675,-2.262,0,0,-4.315
2026-09-29T01:30:00Z,-1.541,-0.698,-2.112,0,0,-4.351
2026-09-29T01:45:00Z,-1.626,-0.698,-2.105,0,0,-4.429
2026-09-29T02:00:00Z,-1.472,-0.698,-2.551,0,0.29,-4.432
2026-09-29T02:15:00Z,-1.547,-0.698,-2.424,0,0.29,-4.379
2026-09-29T02:30:00Z,-1.349,-0.698,-2.354,0,0.289,-4.112
2026-09-29T02:45:00Z,-1.333,-0.698,-2.541,0,0.348,-4.225
2026-09-29T03:00:00Z,-1.404,-0.698,-3.063,0,0.687,-4.479
2026-09-29T03:15:00Z,-1.279,-0.698,-3.195,0,0.686,-4.486
2026-09-29T03:30:00Z,-1.081,-0.698,-3.229,0,0.687,-4.322
2026-09-29T03:45:00Z,-1.389,-0.687,-3.095,0,0.692,-4.479
2026-09-29T04:00:00Z,-1.708,-0.632,-3.012,0,0.725,-4.627
2026-09-29T04:15:00Z,-1.675,-0.675,-3.263,0,0.726,-4.887
2026-09-29T04:30:00Z,-1.478,-0.679,-3.166,0,0.725,-4.598
2026-09-29T04:45:00Z,-1.515,-0.62,-3.139,0,0.724,-4.551
2026-09-29T05:00:00Z,-1.538,-0.466,-2.831,0,0.725,-4.11
2026-09-29T05:15:00Z,-1.627,-0.201,-2.403,0,0.725,-3.507
2026-09-29T05:30:00Z,-1.159,0.138,-2.475,0,0.725,-2.771
2026-09-29T05:45:00Z,-1.237,0.6,-2.486,0,0.705,-2.417
2026-09-29T06:00:00Z,-0.883,0.385,-2.289,0,0.587,-2.2
2026-09-29T06:15:00Z,-1.216,0.661,-2.078,0,0.586,-2.046
2026-09-29T06:30:00Z,-1.35,0.689,-1.666,0,0.587,-1.74
2026-09-29T06:45:00Z,-1.708,0.695,-1.186,0,0.366,-1.833
2026-09-29T07:00:00Z,-1.762,0.667,-0.455,0,-0.462,-2.012
2026-09-29T07:15:00Z,-1.76,0.695,0.113,0,-0.465,-1.417
2026-09-29T07:30:00Z,-1.738,0.701,0.483,0,-0.465,-1.021
2026-09-29T07:45:00Z,-1.783,0.69,0.839,0,-0.5,-0.754
2026-09-29T08:00:00Z,-1.49,0.608,0.131,0,-0.708,-1.459
2026-09-29T08:15:00Z,-1.518,0.689,0.016,0,-0.707,-1.521
2026-09-29T08:30:00Z,-1.417,0.7,0.699,0,-0.707,-0.725
2026-09-29T08:45:00Z,-1.222,0.7,1.077,0,-0.744,-0.189
2026-09-29T09:00:00Z,-1.665,0.7,1.634,0,-0.973,-0.305
2026-09-29T09:15:00Z,-1.707,0.675,1.523,0,-0.973,-0.481
2026-09-29T09:30:00Z,-2.156,0.428,2.286,0,-0.973,-0.416
2026-09-29T09:45:00Z,-2.168,0.237,2.764,0,-0.91,-0.077
2026-09-29T10:00:00Z,-2.723,0.232,2.722,0,-0.555,-0.323
2026-09-29T10:15:00Z,-2.553,-0.09,2.965,0,-0.555,-0.232
2026-09-29T10:30:00Z,-2.609,-0.171,2.789,0,-0.555,-0.545
2026-09-29T10:45:00Z,-2.375,-0.205,2.761,0,-0.664,-0.483
2026-09-29T11:00:00Z,-1.557,-0.246,2.028,0,-0.896,-0.671
2026-09-29T11:15:00Z,-1.308,-0.365,1.914,0,-0.896,-0.656
2026-09-29T11:30:00Z,-1.118,-0.395,1.781,0,-0.897,-0.63
2026-09-29T11:45:00Z,-1.196,-0.271,1.844,0,-0.89,-0.513
2026-09-29T12:00:00Z,-1.122,0.129,1.373,0,-0.85,-0.47
2026-09-29T12:15:00Z,-1.102,0.198,1.121,0,-0.851,-0.633
2026-09-29T12:30:00Z,-1.227,0.191,0.802,0,-0.85,-1.084
2026-09-29T12:45:00Z,-1.197,0.158,0.856,0,-0.851,-1.034
2026-09-29T13:00:00Z,-1.299,0.038,0.629,0,-0.347,-0.979
2026-09-29T13:15:00Z,-1.435,-0.133,0.46,0,-0.317,-1.424
2026-09-29T13:30:00Z,-1.519,-0.256,0.746,0,-0.317,-1.345
2026-09-29T13:45:00Z,-1.944,0.173,0.877,0,-0.211,-1.106
2026-09-29T14:00:00Z,-2.095,0.582,0.357,0,0.368,-0.787
2026-09-29T14:15:00Z,-1.869,0.651,0.502,0,0.367,-0.348
2026-09-29T14:30:00Z,-2.328,0.509,0.516,0,0.366,-0.936
2026-09-29T14:45:00Z,-2.422,0.651,-0.173,0,0.367,-1.577
2026-09-29T15:00:00Z,-2.181,0.69,-0.259,0,0.584,-1.165
2026-09-29T15:15:00Z,-2.002,0.639,-0.829,0,0.584,-1.608
2026-09-29T15:30:00Z,-1.534,0.606,-1.16,0,0.584,-1.505
2026-09-29T15:45:00Z,-1.555,0.689,-1.282,0,0.61,-1.538
2026-09-29T16:00:00Z,-1.347,0.7,-1.657,0,0.782,-1.521
2026-09-29T16:15:00Z,-1.436,0.7,-1.481,0,0.783,-1.434
2026-09-29T16:30:00Z,-0.898,0.7,-2.15,0,0.783,-1.565
2026-09-29T16:45:00Z,-0.999,0.7,-1.968,0,0.729,-1.538
2026-09-29T17:00:00Z,-0.843,0.694,-1.882,0,0.413,-1.617
2026-09-29T17:15:00Z,-0.978,0.635,-1.435,0,0.414,-1.365
2026-09-29T17:30:00Z,-1.251,0.637,-1.265,0,0.414,-1.464
2026-09-29T17:45:00Z,-1.201,0.62,-1.269,0,0.276,-1.573
2026-09-29T18:00:00Z,-0.938,0.691,-0.524,0,-0.675,-1.446
2026-09-29T18:15:00Z,-0.804,0.7,-0.428,0,-0.77,-1.302
2026-09-29T18:30:00Z,-0.678,0.7,-0.342,0,-0.769,-1.088
2026-09-29T18:45:00Z,-0.799,0.7,0.168,0,-0.762,-0.692
2026-09-29T19:00:00Z,-0.88,0.7,0.334,0,-0.709,-0.555
2026-09-29T19:15:00Z,-1.045,0.7,0.566,0,-0.709,-0.489
2026-09-29T19:30:00Z,-0.943,0.7,0.833,0,-0.709,-0.119
2026-09-29T19:45:00Z,-0.902,0.7,1.031,0,-0.652,0.178
2026-09-29T20:00:00Z,-0.974,0.7,1.585,0,-0.324,0.986
2026-09-29T20:15:00Z,-1.117,0.7,1.467,0,-0.325,0.725
2026-09-29T20:30:00Z,-1.244,0.69,1.751,0,-0.325,0.871
2026-09-29T20:45:00Z,-1.183,0.605,1.652,0,-0.301,0.773
2026-09-29T21:00:00Z,-1.127,0.688,1.254,0,-0.158,0.657
2026-09-29T21:15:00Z,-0.986,0.7,1.01,0,-0.158,0.565
2026-09-29T21:30:00Z,-0.98,0.7,0.887,0,-0.158,0.448
2026-09-29T21:45:00Z,-0.762,0.7,0.638,0,-0.106,0.47
2026-09-29T22:00:00Z,-0.872,0.688,0.142,0,0.66,0.617
2026-09-29T22:15:00Z,-0.808,0.557,0.225,0,0.754,0.728
2026-09-29T22:30:00Z,-1.578,0.379,1.182,0,0.754,0.737
2026-09-29T22:45:00Z,-1.679,0.1,1.729,0,0.768,0.918
2026-09-29T23:00:00Z,-1.269,0.626,0.453,0,0.858,0.668
2026-09-29T23:15:00Z,-1.957,0.694,1.051,0,0.857,0.646
2026-09-29T23:30:00Z,-1.986,0.65,1.011,0,0.858,0.534
2026-09-29T23:45:00Z,-1.91,0.62,0.892,0,0.848,0.451
2026-09-30T00:00:00Z,-1.652,0.653,0.968,0,0.794,0.763
2026-09-30T00:15:00Z,-2.047,0.587,1.338,0,0.794,0.673
2026-09-30T00:30:00Z,-2.13,0.472,1.48,0,0.794,0.616
2026-09-30T00:45:00Z,-2.129,0.554,1.38,0,0.784,0.589
2026-09-30T01:00:00Z,-2.237,0.516,1.52,0,0.722,0.522
2026-09-30T01:15:00Z,-2.266,0.548,1.458,0,0.722,0.462
2026-09-30T01:30:00Z,-2.268,0.609,1.318,0,0.722,0.381
2026-09-30T01:45:00Z,-2.266,0.691,1.222,0,0.77,0.418
2026-09-30T02:00:00Z,-2.296,0.7,1.173,0,1.045,0.622
2026-09-30T02:15:00Z,-2.329,0.7,1.245,0,1.045,0.661
2026-09-30T02:30:00Z,-2.333,0.7,1.073,0,1.045,0.485
2026-09-30T02:45:00Z,-2.304,0.7,0.911,0,1.045,0.352
2026-09-30T03:00:00Z,-2.036,0.7,0.465,0,1.043,0.173
2026-09-30T03:15:00Z,-1.92,0.7,0.089,0,1.044,-0.087
2026-09-30T03:30:00Z,-1.728,0.7,-0.322,0,1.044,-0.305
2026-09-30T03:45:00Z,-1.531,0.7,-0.734,0,1.044,-0.522
2026-09-30T04:00:00Z,-0.261,0.7,-1.987,0,1.044,-0.504
2026-09-30T04:15:00Z,-0.231,0.7,-2.35,0,1.044,-0.837
2026-09-30T04:30:00Z,-0.348,0.7,-2.159,0,1.044,-0.764
2026-09-30T04:45:00Z,-0.351,0.7,-2.15,0,1.044,-0.756
2026-09-30T05:00:00Z,-0.708,0.7,-2.073,0,0.822,-1.258
2026-09-30T05:15:00Z,-0.587,0.7,-2.031,0,0.823,-1.095
2026-09-30T05:30:00Z,-0.557,0.7,-1.822,0,0.822,-0.857
2026-09-30T05:45:00Z,-0.731,0.7,-1.593,0,0.759,-0.866
2026-09-30T06:00:00Z,-0.404,0.7,-1.464,0,0.394,-0.773
2026-09-30T06:15:00Z,-0.663,0.7,-1.298,0,0.393,-0.867
2026-09-30T06:30:00Z,-1.258,0.7,-0.735,0,0.394,-0.899
2026-09-30T06:45:00Z,-1.494,0,-0.313,0,0,-1.808
